time,lon,lat,deploy,drifter_id
2025-07-08 07:14:00,12.45476,37.87429,1,0530cnr
2025-07-08 07:24:00,12.4551935,37.874596,1,0530cnr
2025-07-08 07:34:00,12.455646,37.874897,1,0530cnr
2025-07-08 07:44:00,12.456115,37.8752,1,0530cnr
2025-07-08 07:54:00,12.456605,37.87552,1,0530cnr
2025-07-08 08:04:00,12.457117,37.875866,1,0530cnr
2025-07-08 08:14:00,12.457642,37.876225,1,0530cnr
2025-07-08 08:24:00,12.458175,37.876583,1,0530cnr
2025-07-08 08:34:00,12.458719,37.876934,1,0530cnr
2025-07-08 08:44:00,12.459277,37.877274,1,0530cnr
2025-07-08 08:54:00,12.45985,37.877605,1,0530cnr
2025-07-08 09:04:00,12.460441,37.87793,1,0530cnr
2025-07-08 09:14:00,12.460441,37.87793,1,0530cnr
2025-07-08 09:24:00,12.460441,37.87793,1,0530cnr
2025-07-08 09:34:00,12.460441,37.87793,1,0530cnr
2025-07-08 09:44:00,12.460441,37.87793,1,0530cnr
2025-07-08 09:54:00,12.460441,37.87793,1,0530cnr
2025-07-08 10:04:00,12.460441,37.87793,1,0530cnr
2025-07-08 10:14:00,12.460441,37.87793,1,0530cnr
2025-07-08 10:24:00,12.460441,37.87793,1,0530cnr
2025-07-08 10:34:00,12.460441,37.87793,1,0530cnr
2025-07-08 10:44:00,12.460441,37.87793,1,0530cnr
2025-07-08 10:54:00,12.460441,37.87793,1,0530cnr
2025-07-08 11:04:00,12.460441,37.87793,1,0530cnr
2025-07-08 11:14:00,12.460441,37.87793,1,0530cnr
2025-07-08 11:24:00,12.460441,37.87793,1,0530cnr
2025-07-08 11:34:00,12.460742,37.877937,1,0530cnr
2025-07-08 11:44:00,12.461009,37.877907,1,0530cnr
2025-07-08 11:54:00,12.461508,37.877815,1,0530cnr
2025-07-08 12:04:00,12.46196,37.877674,1,0530cnr
2025-07-08 12:14:00,12.462418,37.877502,1,0530cnr
2025-07-08 12:24:00,12.462903,37.877308,1,0530cnr
2025-07-08 12:34:00,12.463418,37.87709,1,0530cnr
2025-07-08 12:44:00,12.463964,37.87685,1,0530cnr
2025-07-08 12:54:00,12.464547,37.876583,1,0530cnr
2025-07-08 13:04:00,12.465175,37.87628,1,0530cnr
2025-07-08 13:14:00,12.465857,37.875927,1,0530cnr
2025-07-08 13:24:00,12.466589,37.87551,1,0530cnr
2025-07-08 13:34:00,12.467371,37.875042,1,0530cnr
2025-07-08 13:44:00,12.468204,37.874516,1,0530cnr
2025-07-08 13:54:00,12.4690895,37.87393,1,0530cnr
2025-07-08 14:04:00,12.470041,37.87329,1,0530cnr
2025-07-08 14:14:00,12.471049,37.872646,1,0530cnr
2025-07-08 14:24:00,12.472096,37.871998,1,0530cnr
2025-07-08 14:34:00,12.473138,37.871346,1,0530cnr
2025-07-08 14:44:00,12.474121,37.870724,1,0530cnr
2025-07-08 14:54:00,12.475102,37.87012,1,0530cnr
2025-07-08 15:04:00,12.476104,37.869564,1,0530cnr
2025-07-08 15:14:00,12.477128,37.869076,1,0530cnr
2025-07-08 15:24:00,12.478174,37.86865,1,0530cnr
2025-07-08 15:34:00,12.479224,37.86825,1,0530cnr
2025-07-08 15:44:00,12.479224,37.86825,1,0530cnr
2025-07-08 15:54:00,12.479224,37.86825,1,0530cnr
2025-07-08 16:04:00,12.479224,37.86825,1,0530cnr
2025-07-08 16:14:00,12.479224,37.86825,1,0530cnr
2025-07-08 16:24:00,12.479224,37.86825,1,0530cnr
2025-07-08 16:34:00,12.479224,37.86825,1,0530cnr
2025-07-08 16:44:00,12.479224,37.86825,1,0530cnr
2025-07-08 16:54:00,12.479224,37.86825,1,0530cnr
2025-07-08 17:04:00,12.479224,37.86825,1,0530cnr
2025-07-08 17:14:00,12.479224,37.86825,1,0530cnr
2025-07-08 17:24:00,12.479224,37.86825,1,0530cnr
2025-07-08 17:34:00,12.479224,37.86825,1,0530cnr
2025-07-08 17:44:00,12.479224,37.86825,1,0530cnr
2025-07-08 17:54:00,12.479224,37.86825,1,0530cnr
2025-07-08 18:04:00,12.479224,37.86825,1,0530cnr
2025-07-08 18:14:00,12.479224,37.86825,1,0530cnr
2025-07-08 18:24:00,12.479224,37.86825,1,0530cnr
2025-07-08 18:34:00,12.479224,37.86825,1,0530cnr
2025-07-08 18:44:00,12.479224,37.86825,1,0530cnr
2025-07-08 18:54:00,12.479224,37.86825,1,0530cnr
2025-07-08 19:04:00,12.479224,37.86825,1,0530cnr
2025-07-08 19:14:00,12.479224,37.86825,1,0530cnr
2025-07-08 19:24:00,12.479224,37.86825,1,0530cnr
2025-07-08 19:34:00,12.479224,37.86825,1,0530cnr
2025-07-08 19:44:00,12.479224,37.86825,1,0530cnr
2025-07-08 19:54:00,12.479224,37.86825,1,0530cnr
2025-07-08 20:04:00,12.479224,37.86825,1,0530cnr
2025-07-08 20:14:00,12.479224,37.86825,1,0530cnr
2025-07-08 20:24:00,12.479224,37.86825,1,0530cnr
2025-07-08 20:34:00,12.479224,37.86825,1,0530cnr
2025-07-08 20:44:00,12.479224,37.86825,1,0530cnr
2025-07-08 20:54:00,12.479224,37.86825,1,0530cnr
2025-07-08 21:04:00,12.479224,37.86825,1,0530cnr
2025-07-08 21:14:00,12.479224,37.86825,1,0530cnr
2025-07-08 21:24:00,12.479224,37.86825,1,0530cnr
2025-07-08 21:34:00,12.479224,37.86825,1,0530cnr
2025-07-08 21:44:00,12.479224,37.86825,1,0530cnr
2025-07-08 21:54:00,12.479224,37.86825,1,0530cnr
2025-07-08 22:04:00,12.479224,37.86825,1,0530cnr
2025-07-08 22:14:00,12.479224,37.86825,1,0530cnr
2025-07-08 22:24:00,12.479224,37.86825,1,0530cnr
2025-07-08 22:34:00,12.479224,37.86825,1,0530cnr
2025-07-08 22:44:00,12.479224,37.86825,1,0530cnr
2025-07-08 22:54:00,12.479224,37.86825,1,0530cnr
2025-07-08 23:04:00,12.479224,37.86825,1,0530cnr
2025-07-08 23:14:00,12.479224,37.86825,1,0530cnr
2025-07-08 23:24:00,12.479224,37.86825,1,0530cnr
2025-07-08 23:34:00,12.479224,37.86825,1,0530cnr
2025-07-08 23:44:00,12.479224,37.86825,1,0530cnr
2025-07-08 23:54:00,12.479224,37.86825,1,0530cnr
2025-07-09 00:04:00,12.479224,37.86825,1,0530cnr
2025-07-09 00:14:00,12.479224,37.86825,1,0530cnr
2025-07-09 00:24:00,12.479224,37.86825,1,0530cnr
2025-07-09 00:34:00,12.479224,37.86825,1,0530cnr
2025-07-09 00:44:00,12.479224,37.86825,1,0530cnr
2025-07-09 00:54:00,12.479224,37.86825,1,0530cnr
2025-07-09 01:04:00,12.479224,37.86825,1,0530cnr
2025-07-09 01:14:00,12.479224,37.86825,1,0530cnr
2025-07-09 01:24:00,12.479224,37.86825,1,0530cnr
2025-07-09 01:34:00,12.479224,37.86825,1,0530cnr
2025-07-09 01:44:00,12.479224,37.86825,1,0530cnr
2025-07-09 01:54:00,12.479224,37.86825,1,0530cnr
2025-07-09 02:04:00,12.479224,37.86825,1,0530cnr
2025-07-09 02:14:00,12.479224,37.86825,1,0530cnr
2025-07-09 02:24:00,12.479224,37.86825,1,0530cnr
2025-07-09 02:34:00,12.479224,37.86825,1,0530cnr
2025-07-09 02:44:00,12.479224,37.86825,1,0530cnr
2025-07-09 02:54:00,12.479224,37.86825,1,0530cnr
2025-07-09 03:04:00,12.479224,37.86825,1,0530cnr
2025-07-09 03:14:00,12.479224,37.86825,1,0530cnr
2025-07-09 03:24:00,12.479224,37.86825,1,0530cnr
2025-07-09 03:34:00,12.479224,37.86825,1,0530cnr
2025-07-09 03:44:00,12.479224,37.86825,1,0530cnr
2025-07-09 03:54:00,12.479224,37.86825,1,0530cnr
2025-07-09 04:04:00,12.479224,37.86825,1,0530cnr
2025-07-09 04:14:00,12.479224,37.86825,1,0530cnr
2025-07-09 04:24:00,12.479224,37.86825,1,0530cnr
2025-07-09 04:34:00,12.479224,37.86825,1,0530cnr
2025-07-09 04:44:00,12.479224,37.86825,1,0530cnr
2025-07-09 04:54:00,12.479224,37.86825,1,0530cnr
2025-07-09 05:04:00,12.479224,37.86825,1,0530cnr
2025-07-09 05:14:00,12.479224,37.86825,1,0530cnr
2025-07-09 05:24:00,12.479224,37.86825,1,0530cnr
2025-07-09 05:34:00,12.479224,37.86825,1,0530cnr
2025-07-09 05:44:00,12.479224,37.86825,1,0530cnr
2025-07-09 05:54:00,12.479224,37.86825,1,0530cnr
2025-07-09 06:04:00,12.479224,37.86825,1,0530cnr
2025-07-09 06:14:00,12.479224,37.86825,1,0530cnr
2025-07-09 06:24:00,12.479224,37.86825,1,0530cnr
2025-07-09 06:34:00,12.479533,37.86782,1,0530cnr
2025-07-09 06:44:00,12.479533,37.86782,1,0530cnr
2025-07-09 06:54:00,12.479533,37.86782,1,0530cnr
2025-07-09 07:04:00,12.479533,37.86782,1,0530cnr
2025-07-09 07:14:00,12.479533,37.86782,1,0530cnr
2025-07-09 07:24:00,12.479533,37.86782,1,0530cnr
2025-07-09 07:34:00,12.479533,37.86782,1,0530cnr
2025-07-09 07:44:00,12.479533,37.86782,1,0530cnr
2025-07-09 07:54:00,12.479533,37.86782,1,0530cnr
2025-07-09 08:04:00,12.479533,37.86782,1,0530cnr
2025-07-09 08:14:00,12.479533,37.86782,1,0530cnr
2025-07-09 08:24:00,12.479533,37.86782,1,0530cnr
2025-07-09 08:34:00,12.479533,37.86782,1,0530cnr
2025-07-09 08:44:00,12.479533,37.86782,1,0530cnr
2025-07-09 08:54:00,12.479533,37.86782,1,0530cnr
2025-07-09 09:04:00,12.479533,37.86782,1,0530cnr
2025-07-09 09:14:00,12.479533,37.86782,1,0530cnr
2025-07-09 09:24:00,12.479533,37.86782,1,0530cnr
2025-07-09 09:34:00,12.479533,37.86782,1,0530cnr
2025-07-09 09:44:00,12.479533,37.86782,1,0530cnr
2025-07-09 09:54:00,12.479533,37.86782,1,0530cnr
2025-07-09 10:04:00,12.479533,37.86782,1,0530cnr
2025-07-09 10:14:00,12.479533,37.86782,1,0530cnr
2025-07-09 10:24:00,12.479533,37.86782,1,0530cnr
2025-07-09 10:34:00,12.479533,37.86782,1,0530cnr
2025-07-09 10:44:00,12.479533,37.86782,1,0530cnr
2025-07-09 10:54:00,12.479533,37.86782,1,0530cnr
2025-07-09 11:04:00,12.479533,37.86782,1,0530cnr
2025-07-09 11:14:00,12.479533,37.86782,1,0530cnr
2025-07-09 11:24:00,12.479533,37.86782,1,0530cnr
2025-07-09 11:34:00,12.479533,37.86782,1,0530cnr
2025-07-09 11:44:00,12.479533,37.86782,1,0530cnr
2025-07-09 11:54:00,12.479533,37.86782,1,0530cnr
2025-07-09 12:04:00,12.479533,37.86782,1,0530cnr
2025-07-09 12:14:00,12.479533,37.86782,1,0530cnr
2025-07-09 12:24:00,12.479533,37.86782,1,0530cnr
2025-07-09 12:34:00,12.479533,37.86782,1,0530cnr
2025-07-09 12:44:00,12.479533,37.86782,1,0530cnr
2025-07-09 12:54:00,12.479533,37.86782,1,0530cnr
2025-07-09 13:04:00,12.479533,37.86782,1,0530cnr
2025-07-09 13:14:00,12.479533,37.86782,1,0530cnr
2025-07-09 13:24:00,12.479533,37.86782,1,0530cnr
2025-07-09 13:34:00,12.479533,37.86782,1,0530cnr
2025-07-09 13:44:00,12.479533,37.86782,1,0530cnr
2025-07-09 13:54:00,12.479533,37.86782,1,0530cnr
2025-07-09 14:04:00,12.479533,37.86782,1,0530cnr
2025-07-09 14:14:00,12.479533,37.86782,1,0530cnr
2025-07-09 14:24:00,12.479533,37.86782,1,0530cnr
2025-07-09 14:34:00,12.479533,37.86782,1,0530cnr
2025-07-09 14:44:00,12.479533,37.86782,1,0530cnr
2025-07-09 14:54:00,12.479533,37.86782,1,0530cnr
2025-07-09 15:04:00,12.479533,37.86782,1,0530cnr
2025-07-09 15:14:00,12.479533,37.86782,1,0530cnr
2025-07-09 15:24:00,12.479533,37.86782,1,0530cnr
2025-07-09 15:34:00,12.479533,37.86782,1,0530cnr
2025-07-09 15:44:00,12.479533,37.86782,1,0530cnr
2025-07-09 15:54:00,12.479533,37.86782,1,0530cnr
2025-07-09 16:04:00,12.479533,37.86782,1,0530cnr
2025-07-09 16:14:00,12.479533,37.86782,1,0530cnr
2025-07-09 16:24:00,12.479533,37.86782,1,0530cnr
2025-07-09 16:34:00,12.479533,37.86782,1,0530cnr
2025-07-09 16:44:00,12.479533,37.86782,1,0530cnr
2025-07-09 16:54:00,12.479533,37.86782,1,0530cnr
2025-07-09 17:04:00,12.479533,37.86782,1,0530cnr
2025-07-09 17:14:00,12.479533,37.86782,1,0530cnr
2025-07-09 17:24:00,12.479533,37.86782,1,0530cnr
2025-07-09 17:34:00,12.479533,37.86782,1,0530cnr
2025-07-09 17:44:00,12.479533,37.86782,1,0530cnr
2025-07-09 17:54:00,12.479533,37.86782,1,0530cnr
2025-07-09 18:04:00,12.479483,37.86746,1,0530cnr
2025-07-09 18:14:00,12.479483,37.86746,1,0530cnr
2025-07-09 18:24:00,12.479483,37.86746,1,0530cnr
2025-07-09 18:34:00,12.479483,37.86746,1,0530cnr
2025-07-09 18:44:00,12.479483,37.86746,1,0530cnr
2025-07-09 18:54:00,12.479483,37.86746,1,0530cnr
2025-07-09 19:04:00,12.479483,37.86746,1,0530cnr
2025-07-09 19:14:00,12.479483,37.86746,1,0530cnr
2025-07-09 19:24:00,12.479483,37.86746,1,0530cnr
2025-07-09 19:34:00,12.479483,37.86746,1,0530cnr
2025-07-09 19:44:00,12.479483,37.86746,1,0530cnr
2025-07-09 19:54:00,12.479483,37.86746,1,0530cnr
2025-07-09 20:04:00,12.479483,37.86746,1,0530cnr
2025-07-09 20:14:00,12.479483,37.86746,1,0530cnr
2025-07-09 20:24:00,12.479483,37.86746,1,0530cnr
2025-07-09 20:34:00,12.479483,37.86746,1,0530cnr
2025-07-09 20:44:00,12.479483,37.86746,1,0530cnr
2025-07-09 20:54:00,12.479483,37.86746,1,0530cnr
2025-07-09 21:04:00,12.479483,37.86746,1,0530cnr
2025-07-09 21:14:00,12.479483,37.86746,1,0530cnr
2025-07-09 21:24:00,12.479483,37.86746,1,0530cnr
2025-07-09 21:34:00,12.479483,37.86746,1,0530cnr
2025-07-09 21:44:00,12.479483,37.86746,1,0530cnr
2025-07-09 21:54:00,12.479483,37.86746,1,0530cnr
2025-07-09 22:04:00,12.479483,37.86746,1,0530cnr
2025-07-09 22:14:00,12.479483,37.86746,1,0530cnr
2025-07-09 22:24:00,12.479483,37.86746,1,0530cnr
2025-07-09 22:34:00,12.479483,37.86746,1,0530cnr
2025-07-09 22:44:00,12.479483,37.86746,1,0530cnr
2025-07-09 22:54:00,12.479483,37.86746,1,0530cnr
2025-07-09 23:04:00,12.479483,37.86746,1,0530cnr
2025-07-09 23:14:00,12.479483,37.86746,1,0530cnr
2025-07-09 23:24:00,12.479483,37.86746,1,0530cnr
2025-07-09 23:34:00,12.479483,37.86746,1,0530cnr
2025-07-09 23:44:00,12.479483,37.86746,1,0530cnr
2025-07-09 23:54:00,12.479483,37.86746,1,0530cnr
2025-07-10 00:04:00,12.479483,37.86746,1,0530cnr
2025-07-08 07:14:00,12.45468,37.87425,1,3500cnr
2025-07-08 07:24:00,12.455116,37.874557,1,3500cnr
2025-07-08 07:34:00,12.455569,37.874863,1,3500cnr
2025-07-08 07:44:00,12.45604,37.875168,1,3500cnr
2025-07-08 07:54:00,12.456532,37.875484,1,3500cnr
2025-07-08 08:04:00,12.457044,37.875828,1,3500cnr
2025-07-08 08:14:00,12.457569,37.876186,1,3500cnr
2025-07-08 08:24:00,12.458102,37.87654,1,3500cnr
2025-07-08 08:34:00,12.458647,37.87689,1,3500cnr
2025-07-08 08:44:00,12.459205,37.87723,1,3500cnr
2025-07-08 08:54:00,12.459778,37.877563,1,3500cnr
2025-07-08 09:04:00,12.460367,37.877884,1,3500cnr
2025-07-08 09:14:00,12.460367,37.877884,1,3500cnr
2025-07-08 09:24:00,12.460367,37.877884,1,3500cnr
2025-07-08 09:34:00,12.460367,37.877884,1,3500cnr
2025-07-08 09:44:00,12.460367,37.877884,1,3500cnr
2025-07-08 09:54:00,12.460367,37.877884,1,3500cnr
2025-07-08 10:04:00,12.460367,37.877884,1,3500cnr
2025-07-08 10:14:00,12.460367,37.877884,1,3500cnr
2025-07-08 10:24:00,12.460367,37.877884,1,3500cnr
2025-07-08 10:34:00,12.460367,37.877884,1,3500cnr
2025-07-08 10:44:00,12.460367,37.877884,1,3500cnr
2025-07-08 10:54:00,12.460367,37.877884,1,3500cnr
2025-07-08 11:04:00,12.46073,37.877964,1,3500cnr
2025-07-08 11:14:00,12.46073,37.877964,1,3500cnr
2025-07-08 11:24:00,12.46073,37.877964,1,3500cnr
2025-07-08 11:34:00,12.46073,37.877964,1,3500cnr
2025-07-08 11:44:00,12.46073,37.877964,1,3500cnr
2025-07-08 11:54:00,12.460976,37.877907,1,3500cnr
2025-07-08 12:04:00,12.461434,37.877758,1,3500cnr
2025-07-08 12:14:00,12.461899,37.87758,1,3500cnr
2025-07-08 12:24:00,12.462396,37.87738,1,3500cnr
2025-07-08 12:34:00,12.462921,37.877155,1,3500cnr
2025-07-08 12:44:00,12.463475,37.87691,1,3500cnr
2025-07-08 12:54:00,12.464062,37.876644,1,3500cnr
2025-07-08 13:04:00,12.464689,37.87635,1,3500cnr
2025-07-08 13:14:00,12.465371,37.876,1,3500cnr
2025-07-08 13:24:00,12.466108,37.87559,1,3500cnr
2025-07-08 13:34:00,12.466889,37.87513,1,3500cnr
2025-07-08 13:44:00,12.467718,37.874607,1,3500cnr
2025-07-08 13:54:00,12.468601,37.87403,1,3500cnr
2025-07-08 14:04:00,12.469544,37.873394,1,3500cnr
2025-07-08 14:14:00,12.470545,37.872753,1,3500cnr
2025-07-08 14:24:00,12.471585,37.872112,1,3500cnr
2025-07-08 14:34:00,12.472645,37.871456,1,3500cnr
2025-07-08 14:44:00,12.473638,37.87083,1,3500cnr
2025-07-08 14:54:00,12.474613,37.870216,1,3500cnr
2025-07-08 15:04:00,12.475605,37.86964,1,3500cnr
2025-07-08 15:14:00,12.47662,37.86913,1,3500cnr
2025-07-08 15:24:00,12.477656,37.868687,1,3500cnr
2025-07-08 15:34:00,12.478708,37.868294,1,3500cnr
2025-07-08 15:44:00,12.479232,37.868103,1,3500cnr
2025-07-08 15:54:00,12.479232,37.868103,1,3500cnr
2025-07-08 16:04:00,12.479232,37.868103,1,3500cnr
2025-07-08 16:14:00,12.479232,37.868103,1,3500cnr
2025-07-08 16:24:00,12.479232,37.868103,1,3500cnr
2025-07-08 16:34:00,12.479232,37.868103,1,3500cnr
2025-07-08 16:44:00,12.479232,37.868103,1,3500cnr
2025-07-08 16:54:00,12.479232,37.868103,1,3500cnr
2025-07-08 17:04:00,12.479232,37.868103,1,3500cnr
2025-07-08 17:14:00,12.479232,37.868103,1,3500cnr
2025-07-08 17:24:00,12.479232,37.868103,1,3500cnr
2025-07-08 17:34:00,12.479232,37.868103,1,3500cnr
2025-07-08 17:44:00,12.479232,37.868103,1,3500cnr
2025-07-08 17:54:00,12.479232,37.868103,1,3500cnr
2025-07-08 18:04:00,12.479232,37.868103,1,3500cnr
2025-07-08 18:14:00,12.479232,37.868103,1,3500cnr
2025-07-08 18:24:00,12.479232,37.868103,1,3500cnr
2025-07-08 18:34:00,12.479232,37.868103,1,3500cnr
2025-07-08 18:44:00,12.479232,37.868103,1,3500cnr
2025-07-08 18:54:00,12.479232,37.868103,1,3500cnr
2025-07-08 19:04:00,12.479232,37.868103,1,3500cnr
2025-07-08 19:14:00,12.479232,37.868103,1,3500cnr
2025-07-08 19:24:00,12.479232,37.868103,1,3500cnr
2025-07-08 19:34:00,12.479232,37.868103,1,3500cnr
2025-07-08 19:44:00,12.479232,37.868103,1,3500cnr
2025-07-08 19:54:00,12.479232,37.868103,1,3500cnr
2025-07-08 20:04:00,12.479232,37.868103,1,3500cnr
2025-07-08 20:14:00,12.479232,37.868103,1,3500cnr
2025-07-08 20:24:00,12.479232,37.868103,1,3500cnr
2025-07-08 20:34:00,12.479232,37.868103,1,3500cnr
2025-07-08 20:44:00,12.479232,37.868103,1,3500cnr
2025-07-08 20:54:00,12.479232,37.868103,1,3500cnr
2025-07-08 21:04:00,12.479232,37.868103,1,3500cnr
2025-07-08 21:14:00,12.479232,37.868103,1,3500cnr
2025-07-08 21:24:00,12.479232,37.868103,1,3500cnr
2025-07-08 21:34:00,12.479232,37.868103,1,3500cnr
2025-07-08 21:44:00,12.479232,37.868103,1,3500cnr
2025-07-08 21:54:00,12.479232,37.868103,1,3500cnr
2025-07-08 22:04:00,12.479232,37.868103,1,3500cnr
2025-07-08 22:14:00,12.479232,37.868103,1,3500cnr
2025-07-08 22:24:00,12.479232,37.868103,1,3500cnr
2025-07-08 22:34:00,12.479232,37.868103,1,3500cnr
2025-07-08 22:44:00,12.479232,37.868103,1,3500cnr
2025-07-08 22:54:00,12.479232,37.868103,1,3500cnr
2025-07-08 23:04:00,12.479232,37.868103,1,3500cnr
2025-07-08 23:14:00,12.479232,37.868103,1,3500cnr
2025-07-08 23:24:00,12.479232,37.868103,1,3500cnr
2025-07-08 23:34:00,12.479232,37.868103,1,3500cnr
2025-07-08 23:44:00,12.479232,37.868103,1,3500cnr
2025-07-08 23:54:00,12.479232,37.868103,1,3500cnr
2025-07-09 00:04:00,12.479232,37.868103,1,3500cnr
2025-07-09 00:14:00,12.479232,37.868103,1,3500cnr
2025-07-09 00:24:00,12.479232,37.868103,1,3500cnr
2025-07-09 00:34:00,12.479232,37.868103,1,3500cnr
2025-07-09 00:44:00,12.479232,37.868103,1,3500cnr
2025-07-09 00:54:00,12.479232,37.868103,1,3500cnr
2025-07-09 01:04:00,12.479232,37.868103,1,3500cnr
2025-07-09 01:14:00,12.479232,37.868103,1,3500cnr
2025-07-09 01:24:00,12.479232,37.868103,1,3500cnr
2025-07-09 01:34:00,12.479232,37.868103,1,3500cnr
2025-07-09 01:44:00,12.479232,37.868103,1,3500cnr
2025-07-09 01:54:00,12.479232,37.868103,1,3500cnr
2025-07-09 02:04:00,12.479232,37.868103,1,3500cnr
2025-07-09 02:14:00,12.479232,37.868103,1,3500cnr
2025-07-09 02:24:00,12.479232,37.868103,1,3500cnr
2025-07-09 02:34:00,12.479232,37.868103,1,3500cnr
2025-07-09 02:44:00,12.479232,37.868103,1,3500cnr
2025-07-09 02:54:00,12.479232,37.868103,1,3500cnr
2025-07-09 03:04:00,12.479232,37.868103,1,3500cnr
2025-07-09 03:14:00,12.479232,37.868103,1,3500cnr
2025-07-09 03:24:00,12.479232,37.868103,1,3500cnr
2025-07-09 03:34:00,12.479232,37.868103,1,3500cnr
2025-07-09 03:44:00,12.479232,37.868103,1,3500cnr
2025-07-09 03:54:00,12.479232,37.868103,1,3500cnr
2025-07-09 04:04:00,12.479232,37.868103,1,3500cnr
2025-07-09 04:14:00,12.479232,37.868103,1,3500cnr
2025-07-09 04:24:00,12.479232,37.868103,1,3500cnr
2025-07-09 04:34:00,12.479232,37.868103,1,3500cnr
2025-07-09 04:44:00,12.479232,37.868103,1,3500cnr
2025-07-09 04:54:00,12.479232,37.868103,1,3500cnr
2025-07-09 05:04:00,12.479232,37.868103,1,3500cnr
2025-07-09 05:14:00,12.479232,37.868103,1,3500cnr
2025-07-09 05:24:00,12.479232,37.868103,1,3500cnr
2025-07-09 05:34:00,12.479232,37.868103,1,3500cnr
2025-07-09 05:44:00,12.479232,37.868103,1,3500cnr
2025-07-09 05:54:00,12.479232,37.868103,1,3500cnr
2025-07-09 06:04:00,12.479232,37.868103,1,3500cnr
2025-07-09 06:14:00,12.479232,37.868103,1,3500cnr
2025-07-09 06:24:00,12.479232,37.868103,1,3500cnr
2025-07-09 06:34:00,12.479539,37.867672,1,3500cnr
2025-07-09 06:44:00,12.479539,37.867672,1,3500cnr
2025-07-09 06:54:00,12.479539,37.867672,1,3500cnr
2025-07-09 07:04:00,12.479539,37.867672,1,3500cnr
2025-07-09 07:14:00,12.479539,37.867672,1,3500cnr
2025-07-09 07:24:00,12.479539,37.867672,1,3500cnr
2025-07-09 07:34:00,12.479539,37.867672,1,3500cnr
2025-07-09 07:44:00,12.479539,37.867672,1,3500cnr
2025-07-09 07:54:00,12.479539,37.867672,1,3500cnr
2025-07-09 08:04:00,12.479539,37.867672,1,3500cnr
2025-07-09 08:14:00,12.479539,37.867672,1,3500cnr
2025-07-09 08:24:00,12.479539,37.867672,1,3500cnr
2025-07-09 08:34:00,12.479539,37.867672,1,3500cnr
2025-07-09 08:44:00,12.479539,37.867672,1,3500cnr
2025-07-09 08:54:00,12.479539,37.867672,1,3500cnr
2025-07-09 09:04:00,12.479539,37.867672,1,3500cnr
2025-07-09 09:14:00,12.479539,37.867672,1,3500cnr
2025-07-09 09:24:00,12.479539,37.867672,1,3500cnr
2025-07-09 09:34:00,12.479539,37.867672,1,3500cnr
2025-07-09 09:44:00,12.479539,37.867672,1,3500cnr
2025-07-09 09:54:00,12.479539,37.867672,1,3500cnr
2025-07-09 10:04:00,12.479539,37.867672,1,3500cnr
2025-07-09 10:14:00,12.479539,37.867672,1,3500cnr
2025-07-09 10:24:00,12.479539,37.867672,1,3500cnr
2025-07-09 10:34:00,12.479539,37.867672,1,3500cnr
2025-07-09 10:44:00,12.479539,37.867672,1,3500cnr
2025-07-09 10:54:00,12.479539,37.867672,1,3500cnr
2025-07-09 11:04:00,12.479539,37.867672,1,3500cnr
2025-07-09 11:14:00,12.479539,37.867672,1,3500cnr
2025-07-09 11:24:00,12.479539,37.867672,1,3500cnr
2025-07-09 11:34:00,12.479539,37.867672,1,3500cnr
2025-07-09 11:44:00,12.479539,37.867672,1,3500cnr
2025-07-09 11:54:00,12.479539,37.867672,1,3500cnr
2025-07-09 12:04:00,12.479539,37.867672,1,3500cnr
2025-07-09 12:14:00,12.479539,37.867672,1,3500cnr
2025-07-09 12:24:00,12.479539,37.867672,1,3500cnr
2025-07-09 12:34:00,12.479539,37.867672,1,3500cnr
2025-07-09 12:44:00,12.479539,37.867672,1,3500cnr
2025-07-09 12:54:00,12.479539,37.867672,1,3500cnr
2025-07-09 13:04:00,12.479539,37.867672,1,3500cnr
2025-07-09 13:14:00,12.479539,37.867672,1,3500cnr
2025-07-09 13:24:00,12.479539,37.867672,1,3500cnr
2025-07-09 13:34:00,12.479539,37.867672,1,3500cnr
2025-07-09 13:44:00,12.479539,37.867672,1,3500cnr
2025-07-09 13:54:00,12.479539,37.867672,1,3500cnr
2025-07-09 14:04:00,12.479539,37.867672,1,3500cnr
2025-07-09 14:14:00,12.479539,37.867672,1,3500cnr
2025-07-09 14:24:00,12.479539,37.867672,1,3500cnr
2025-07-09 14:34:00,12.479539,37.867672,1,3500cnr
2025-07-09 14:44:00,12.479539,37.867672,1,3500cnr
2025-07-09 14:54:00,12.479539,37.867672,1,3500cnr
2025-07-09 15:04:00,12.479539,37.867672,1,3500cnr
2025-07-09 15:14:00,12.479539,37.867672,1,3500cnr
2025-07-09 15:24:00,12.479539,37.867672,1,3500cnr
2025-07-09 15:34:00,12.479539,37.867672,1,3500cnr
2025-07-09 15:44:00,12.479539,37.867672,1,3500cnr
2025-07-09 15:54:00,12.479539,37.867672,1,3500cnr
2025-07-09 16:04:00,12.479539,37.867672,1,3500cnr
2025-07-09 16:14:00,12.479539,37.867672,1,3500cnr
2025-07-09 16:24:00,12.479539,37.867672,1,3500cnr
2025-07-09 16:34:00,12.479539,37.867672,1,3500cnr
2025-07-09 16:44:00,12.479539,37.867672,1,3500cnr
2025-07-09 16:54:00,12.479539,37.867672,1,3500cnr
2025-07-09 17:04:00,12.479539,37.867672,1,3500cnr
2025-07-09 17:14:00,12.479539,37.867672,1,3500cnr
2025-07-09 17:24:00,12.479539,37.867672,1,3500cnr
2025-07-09 17:34:00,12.479539,37.867672,1,3500cnr
2025-07-09 17:44:00,12.479539,37.867672,1,3500cnr
2025-07-09 17:54:00,12.479539,37.867672,1,3500cnr
2025-07-09 18:04:00,12.479539,37.867672,1,3500cnr
2025-07-09 18:14:00,12.479539,37.867672,1,3500cnr
2025-07-09 18:24:00,12.479539,37.867672,1,3500cnr
2025-07-09 18:34:00,12.479539,37.867672,1,3500cnr
2025-07-09 18:44:00,12.479539,37.867672,1,3500cnr
2025-07-09 18:54:00,12.479539,37.867672,1,3500cnr
2025-07-09 19:04:00,12.479539,37.867672,1,3500cnr
2025-07-09 19:14:00,12.479539,37.867672,1,3500cnr
2025-07-09 19:24:00,12.479539,37.867672,1,3500cnr
2025-07-09 19:34:00,12.479539,37.867672,1,3500cnr
2025-07-09 19:44:00,12.479539,37.867672,1,3500cnr
2025-07-09 19:54:00,12.479539,37.867672,1,3500cnr
2025-07-09 20:04:00,12.479539,37.867672,1,3500cnr
2025-07-09 20:14:00,12.479539,37.867672,1,3500cnr
2025-07-09 20:24:00,12.479539,37.867672,1,3500cnr
2025-07-09 20:34:00,12.479539,37.867672,1,3500cnr
2025-07-09 20:44:00,12.479539,37.867672,1,3500cnr
2025-07-09 20:54:00,12.479539,37.867672,1,3500cnr
2025-07-09 21:04:00,12.479539,37.867672,1,3500cnr
2025-07-09 21:14:00,12.479539,37.867672,1,3500cnr
2025-07-09 21:24:00,12.479539,37.867672,1,3500cnr
2025-07-09 21:34:00,12.479539,37.867672,1,3500cnr
2025-07-09 21:44:00,12.479539,37.867672,1,3500cnr
2025-07-09 21:54:00,12.479539,37.867672,1,3500cnr
2025-07-09 22:04:00,12.479539,37.867672,1,3500cnr
2025-07-09 22:14:00,12.479539,37.867672,1,3500cnr
2025-07-09 22:24:00,12.479539,37.867672,1,3500cnr
2025-07-09 22:34:00,12.479539,37.867672,1,3500cnr
2025-07-09 22:44:00,12.479539,37.867672,1,3500cnr
2025-07-09 22:54:00,12.479539,37.867672,1,3500cnr
2025-07-09 23:04:00,12.479539,37.867672,1,3500cnr
2025-07-09 23:14:00,12.479539,37.867672,1,3500cnr
2025-07-09 23:24:00,12.479539,37.867672,1,3500cnr
2025-07-09 23:34:00,12.479539,37.867672,1,3500cnr
2025-07-09 23:44:00,12.479539,37.867672,1,3500cnr
2025-07-09 23:54:00,12.479539,37.867672,1,3500cnr
2025-07-10 00:04:00,12.479539,37.867672,1,3500cnr
2025-07-08 07:14:00,12.45476,37.87428,1,3680cnr
2025-07-08 07:24:00,12.4551935,37.874584,1,3680cnr
2025-07-08 07:34:00,12.455645,37.874886,1,3680cnr
2025-07-08 07:44:00,12.456115,37.875187,1,3680cnr
2025-07-08 07:54:00,12.456604,37.875507,1,3680cnr
2025-07-08 08:04:00,12.457115,37.875854,1,3680cnr
2025-07-08 08:14:00,12.45764,37.876213,1,3680cnr
2025-07-08 08:24:00,12.458173,37.87657,1,3680cnr
2025-07-08 08:34:00,12.458716,37.87692,1,3680cnr
2025-07-08 08:44:00,12.459274,37.877262,1,3680cnr
2025-07-08 08:54:00,12.4598465,37.877594,1,3680cnr
2025-07-08 09:04:00,12.460437,37.877914,1,3680cnr
2025-07-08 09:14:00,12.460437,37.877914,1,3680cnr
2025-07-08 09:24:00,12.460437,37.877914,1,3680cnr
2025-07-08 09:34:00,12.460437,37.877914,1,3680cnr
2025-07-08 09:44:00,12.460437,37.877914,1,3680cnr
2025-07-08 09:54:00,12.460437,37.877914,1,3680cnr
2025-07-08 10:04:00,12.460437,37.877914,1,3680cnr
2025-07-08 10:14:00,12.460437,37.877914,1,3680cnr
2025-07-08 10:24:00,12.460437,37.877914,1,3680cnr
2025-07-08 10:34:00,12.460437,37.877914,1,3680cnr
2025-07-08 10:44:00,12.460437,37.877914,1,3680cnr
2025-07-08 10:54:00,12.460437,37.877914,1,3680cnr
2025-07-08 11:04:00,12.460437,37.877914,1,3680cnr
2025-07-08 11:14:00,12.460437,37.877914,1,3680cnr
2025-07-08 11:24:00,12.460751,37.877937,1,3680cnr
2025-07-08 11:34:00,12.460751,37.877937,1,3680cnr
2025-07-08 11:44:00,12.461018,37.877907,1,3680cnr
2025-07-08 11:54:00,12.461516,37.877815,1,3680cnr
2025-07-08 12:04:00,12.461968,37.877674,1,3680cnr
2025-07-08 12:14:00,12.462426,37.877502,1,3680cnr
2025-07-08 12:24:00,12.462912,37.877308,1,3680cnr
2025-07-08 12:34:00,12.463427,37.87709,1,3680cnr
2025-07-08 12:44:00,12.463973,37.87685,1,3680cnr
2025-07-08 12:54:00,12.464556,37.876587,1,3680cnr
2025-07-08 13:04:00,12.465183,37.87628,1,3680cnr
2025-07-08 13:14:00,12.465864,37.875927,1,3680cnr
2025-07-08 13:24:00,12.466598,37.87551,1,3680cnr
2025-07-08 13:34:00,12.467379,37.875042,1,3680cnr
2025-07-08 13:44:00,12.468212,37.874516,1,3680cnr
2025-07-08 13:54:00,12.469098,37.87393,1,3680cnr
2025-07-08 14:04:00,12.47005,37.87329,1,3680cnr
2025-07-08 14:14:00,12.471058,37.872646,1,3680cnr
2025-07-08 14:24:00,12.472104,37.871998,1,3680cnr
2025-07-08 14:34:00,12.473146,37.871346,1,3680cnr
2025-07-08 14:44:00,12.474129,37.870724,1,3680cnr
2025-07-08 14:54:00,12.47511,37.87012,1,3680cnr
2025-07-08 15:04:00,12.476111,37.869564,1,3680cnr
2025-07-08 15:14:00,12.477137,37.869076,1,3680cnr
2025-07-08 15:24:00,12.478183,37.86865,1,3680cnr
2025-07-08 15:34:00,12.479233,37.86825,1,3680cnr
2025-07-08 15:44:00,12.479233,37.86825,1,3680cnr
2025-07-08 15:54:00,12.479233,37.86825,1,3680cnr
2025-07-08 16:04:00,12.479233,37.86825,1,3680cnr
2025-07-08 16:14:00,12.479233,37.86825,1,3680cnr
2025-07-08 16:24:00,12.479233,37.86825,1,3680cnr
2025-07-08 16:34:00,12.479233,37.86825,1,3680cnr
2025-07-08 16:44:00,12.479233,37.86825,1,3680cnr
2025-07-08 16:54:00,12.479233,37.86825,1,3680cnr
2025-07-08 17:04:00,12.479233,37.86825,1,3680cnr
2025-07-08 17:14:00,12.479233,37.86825,1,3680cnr
2025-07-08 17:24:00,12.479233,37.86825,1,3680cnr
2025-07-08 17:34:00,12.479233,37.86825,1,3680cnr
2025-07-08 17:44:00,12.479233,37.86825,1,3680cnr
2025-07-08 17:54:00,12.479233,37.86825,1,3680cnr
2025-07-08 18:04:00,12.479233,37.86825,1,3680cnr
2025-07-08 18:14:00,12.479233,37.86825,1,3680cnr
2025-07-08 18:24:00,12.479233,37.86825,1,3680cnr
2025-07-08 18:34:00,12.479233,37.86825,1,3680cnr
2025-07-08 18:44:00,12.479233,37.86825,1,3680cnr
2025-07-08 18:54:00,12.479233,37.86825,1,3680cnr
2025-07-08 19:04:00,12.479233,37.86825,1,3680cnr
2025-07-08 19:14:00,12.479233,37.86825,1,3680cnr
2025-07-08 19:24:00,12.479233,37.86825,1,3680cnr
2025-07-08 19:34:00,12.479233,37.86825,1,3680cnr
2025-07-08 19:44:00,12.479233,37.86825,1,3680cnr
2025-07-08 19:54:00,12.479233,37.86825,1,3680cnr
2025-07-08 20:04:00,12.479233,37.86825,1,3680cnr
2025-07-08 20:14:00,12.479233,37.86825,1,3680cnr
2025-07-08 20:24:00,12.479233,37.86825,1,3680cnr
2025-07-08 20:34:00,12.479233,37.86825,1,3680cnr
2025-07-08 20:44:00,12.479233,37.86825,1,3680cnr
2025-07-08 20:54:00,12.479233,37.86825,1,3680cnr
2025-07-08 21:04:00,12.479233,37.86825,1,3680cnr
2025-07-08 21:14:00,12.479233,37.86825,1,3680cnr
2025-07-08 21:24:00,12.479233,37.86825,1,3680cnr
2025-07-08 21:34:00,12.479233,37.86825,1,3680cnr
2025-07-08 21:44:00,12.479233,37.86825,1,3680cnr
2025-07-08 21:54:00,12.479233,37.86825,1,3680cnr
2025-07-08 22:04:00,12.479233,37.86825,1,3680cnr
2025-07-08 22:14:00,12.479233,37.86825,1,3680cnr
2025-07-08 22:24:00,12.479233,37.86825,1,3680cnr
2025-07-08 22:34:00,12.479233,37.86825,1,3680cnr
2025-07-08 22:44:00,12.479233,37.86825,1,3680cnr
2025-07-08 22:54:00,12.479233,37.86825,1,3680cnr
2025-07-08 23:04:00,12.479233,37.86825,1,3680cnr
2025-07-08 23:14:00,12.479233,37.86825,1,3680cnr
2025-07-08 23:24:00,12.479233,37.86825,1,3680cnr
2025-07-08 23:34:00,12.479233,37.86825,1,3680cnr
2025-07-08 23:44:00,12.479233,37.86825,1,3680cnr
2025-07-08 23:54:00,12.479233,37.86825,1,3680cnr
2025-07-09 00:04:00,12.479233,37.86825,1,3680cnr
2025-07-09 00:14:00,12.479233,37.86825,1,3680cnr
2025-07-09 00:24:00,12.479233,37.86825,1,3680cnr
2025-07-09 00:34:00,12.479233,37.86825,1,3680cnr
2025-07-09 00:44:00,12.479233,37.86825,1,3680cnr
2025-07-09 00:54:00,12.479233,37.86825,1,3680cnr
2025-07-09 01:04:00,12.479233,37.86825,1,3680cnr
2025-07-09 01:14:00,12.479233,37.86825,1,3680cnr
2025-07-09 01:24:00,12.479233,37.86825,1,3680cnr
2025-07-09 01:34:00,12.479233,37.86825,1,3680cnr
2025-07-09 01:44:00,12.479233,37.86825,1,3680cnr
2025-07-09 01:54:00,12.479233,37.86825,1,3680cnr
2025-07-09 02:04:00,12.479233,37.86825,1,3680cnr
2025-07-09 02:14:00,12.479233,37.86825,1,3680cnr
2025-07-09 02:24:00,12.479233,37.86825,1,3680cnr
2025-07-09 02:34:00,12.479233,37.86825,1,3680cnr
2025-07-09 02:44:00,12.479233,37.86825,1,3680cnr
2025-07-09 02:54:00,12.479233,37.86825,1,3680cnr
2025-07-09 03:04:00,12.479233,37.86825,1,3680cnr
2025-07-09 03:14:00,12.479233,37.86825,1,3680cnr
2025-07-09 03:24:00,12.479233,37.86825,1,3680cnr
2025-07-09 03:34:00,12.479233,37.86825,1,3680cnr
2025-07-09 03:44:00,12.479233,37.86825,1,3680cnr
2025-07-09 03:54:00,12.479233,37.86825,1,3680cnr
2025-07-09 04:04:00,12.479233,37.86825,1,3680cnr
2025-07-09 04:14:00,12.479233,37.86825,1,3680cnr
2025-07-09 04:24:00,12.479233,37.86825,1,3680cnr
2025-07-09 04:34:00,12.479233,37.86825,1,3680cnr
2025-07-09 04:44:00,12.479233,37.86825,1,3680cnr
2025-07-09 04:54:00,12.479233,37.86825,1,3680cnr
2025-07-09 05:04:00,12.479233,37.86825,1,3680cnr
2025-07-09 05:14:00,12.479233,37.86825,1,3680cnr
2025-07-09 05:24:00,12.479233,37.86825,1,3680cnr
2025-07-09 05:34:00,12.479233,37.86825,1,3680cnr
2025-07-09 05:44:00,12.479233,37.86825,1,3680cnr
2025-07-09 05:54:00,12.479233,37.86825,1,3680cnr
2025-07-09 06:04:00,12.479233,37.86825,1,3680cnr
2025-07-09 06:14:00,12.479233,37.86825,1,3680cnr
2025-07-09 06:24:00,12.479233,37.86825,1,3680cnr
2025-07-09 06:34:00,12.479542,37.86782,1,3680cnr
2025-07-09 06:44:00,12.479542,37.86782,1,3680cnr
2025-07-09 06:54:00,12.479542,37.86782,1,3680cnr
2025-07-09 07:04:00,12.479542,37.86782,1,3680cnr
2025-07-09 07:14:00,12.479542,37.86782,1,3680cnr
2025-07-09 07:24:00,12.479542,37.86782,1,3680cnr
2025-07-09 07:34:00,12.479542,37.86782,1,3680cnr
2025-07-09 07:44:00,12.479542,37.86782,1,3680cnr
2025-07-09 07:54:00,12.479542,37.86782,1,3680cnr
2025-07-09 08:04:00,12.479542,37.86782,1,3680cnr
2025-07-09 08:14:00,12.479542,37.86782,1,3680cnr
2025-07-09 08:24:00,12.479542,37.86782,1,3680cnr
2025-07-09 08:34:00,12.479542,37.86782,1,3680cnr
2025-07-09 08:44:00,12.479542,37.86782,1,3680cnr
2025-07-09 08:54:00,12.479542,37.86782,1,3680cnr
2025-07-09 09:04:00,12.479542,37.86782,1,3680cnr
2025-07-09 09:14:00,12.479542,37.86782,1,3680cnr
2025-07-09 09:24:00,12.479542,37.86782,1,3680cnr
2025-07-09 09:34:00,12.479542,37.86782,1,3680cnr
2025-07-09 09:44:00,12.479542,37.86782,1,3680cnr
2025-07-09 09:54:00,12.479542,37.86782,1,3680cnr
2025-07-09 10:04:00,12.479542,37.86782,1,3680cnr
2025-07-09 10:14:00,12.479542,37.86782,1,3680cnr
2025-07-09 10:24:00,12.479542,37.86782,1,3680cnr
2025-07-09 10:34:00,12.479542,37.86782,1,3680cnr
2025-07-09 10:44:00,12.479542,37.86782,1,3680cnr
2025-07-09 10:54:00,12.479542,37.86782,1,3680cnr
2025-07-09 11:04:00,12.479542,37.86782,1,3680cnr
2025-07-09 11:14:00,12.479542,37.86782,1,3680cnr
2025-07-09 11:24:00,12.479542,37.86782,1,3680cnr
2025-07-09 11:34:00,12.479542,37.86782,1,3680cnr
2025-07-09 11:44:00,12.479542,37.86782,1,3680cnr
2025-07-09 11:54:00,12.479542,37.86782,1,3680cnr
2025-07-09 12:04:00,12.479542,37.86782,1,3680cnr
2025-07-09 12:14:00,12.479542,37.86782,1,3680cnr
2025-07-09 12:24:00,12.479542,37.86782,1,3680cnr
2025-07-09 12:34:00,12.479542,37.86782,1,3680cnr
2025-07-09 12:44:00,12.479542,37.86782,1,3680cnr
2025-07-09 12:54:00,12.479542,37.86782,1,3680cnr
2025-07-09 13:04:00,12.479542,37.86782,1,3680cnr
2025-07-09 13:14:00,12.479542,37.86782,1,3680cnr
2025-07-09 13:24:00,12.479542,37.86782,1,3680cnr
2025-07-09 13:34:00,12.479542,37.86782,1,3680cnr
2025-07-09 13:44:00,12.479542,37.86782,1,3680cnr
2025-07-09 13:54:00,12.479542,37.86782,1,3680cnr
2025-07-09 14:04:00,12.479542,37.86782,1,3680cnr
2025-07-09 14:14:00,12.479542,37.86782,1,3680cnr
2025-07-09 14:24:00,12.479542,37.86782,1,3680cnr
2025-07-09 14:34:00,12.479542,37.86782,1,3680cnr
2025-07-09 14:44:00,12.479542,37.86782,1,3680cnr
2025-07-09 14:54:00,12.479542,37.86782,1,3680cnr
2025-07-09 15:04:00,12.479542,37.86782,1,3680cnr
2025-07-09 15:14:00,12.479542,37.86782,1,3680cnr
2025-07-09 15:24:00,12.479542,37.86782,1,3680cnr
2025-07-09 15:34:00,12.479542,37.86782,1,3680cnr
2025-07-09 15:44:00,12.479542,37.86782,1,3680cnr
2025-07-09 15:54:00,12.479542,37.86782,1,3680cnr
2025-07-09 16:04:00,12.479542,37.86782,1,3680cnr
2025-07-09 16:14:00,12.479542,37.86782,1,3680cnr
2025-07-09 16:24:00,12.479542,37.86782,1,3680cnr
2025-07-09 16:34:00,12.479542,37.86782,1,3680cnr
2025-07-09 16:44:00,12.479542,37.86782,1,3680cnr
2025-07-09 16:54:00,12.479542,37.86782,1,3680cnr
2025-07-09 17:04:00,12.479542,37.86782,1,3680cnr
2025-07-09 17:14:00,12.479542,37.86782,1,3680cnr
2025-07-09 17:24:00,12.479542,37.86782,1,3680cnr
2025-07-09 17:34:00,12.479542,37.86782,1,3680cnr
2025-07-09 17:44:00,12.479542,37.86782,1,3680cnr
2025-07-09 17:54:00,12.479542,37.86782,1,3680cnr
2025-07-09 18:04:00,12.479487,37.867466,1,3680cnr
2025-07-09 18:14:00,12.479487,37.867466,1,3680cnr
2025-07-09 18:24:00,12.479487,37.867466,1,3680cnr
2025-07-09 18:34:00,12.479487,37.867466,1,3680cnr
2025-07-09 18:44:00,12.479487,37.867466,1,3680cnr
2025-07-09 18:54:00,12.479487,37.867466,1,3680cnr
2025-07-09 19:04:00,12.479487,37.867466,1,3680cnr
2025-07-09 19:14:00,12.479487,37.867466,1,3680cnr
2025-07-09 19:24:00,12.479487,37.867466,1,3680cnr
2025-07-09 19:34:00,12.479487,37.867466,1,3680cnr
2025-07-09 19:44:00,12.479487,37.867466,1,3680cnr
2025-07-09 19:54:00,12.479487,37.867466,1,3680cnr
2025-07-09 20:04:00,12.479487,37.867466,1,3680cnr
2025-07-09 20:14:00,12.479487,37.867466,1,3680cnr
2025-07-09 20:24:00,12.479487,37.867466,1,3680cnr
2025-07-09 20:34:00,12.479487,37.867466,1,3680cnr
2025-07-09 20:44:00,12.479487,37.867466,1,3680cnr
2025-07-09 20:54:00,12.479487,37.867466,1,3680cnr
2025-07-09 21:04:00,12.479487,37.867466,1,3680cnr
2025-07-09 21:14:00,12.479487,37.867466,1,3680cnr
2025-07-09 21:24:00,12.479487,37.867466,1,3680cnr
2025-07-09 21:34:00,12.479487,37.867466,1,3680cnr
2025-07-09 21:44:00,12.479487,37.867466,1,3680cnr
2025-07-09 21:54:00,12.479487,37.867466,1,3680cnr
2025-07-09 22:04:00,12.479487,37.867466,1,3680cnr
2025-07-09 22:14:00,12.479487,37.867466,1,3680cnr
2025-07-09 22:24:00,12.479487,37.867466,1,3680cnr
2025-07-09 22:34:00,12.479487,37.867466,1,3680cnr
2025-07-09 22:44:00,12.479487,37.867466,1,3680cnr
2025-07-09 22:54:00,12.479487,37.867466,1,3680cnr
2025-07-09 23:04:00,12.479487,37.867466,1,3680cnr
2025-07-09 23:14:00,12.479487,37.867466,1,3680cnr
2025-07-09 23:24:00,12.479487,37.867466,1,3680cnr
2025-07-09 23:34:00,12.479487,37.867466,1,3680cnr
2025-07-09 23:44:00,12.479487,37.867466,1,3680cnr
2025-07-09 23:54:00,12.479487,37.867466,1,3680cnr
2025-07-10 00:04:00,12.479487,37.867466,1,3680cnr
2025-07-08 07:44:00,12.45682,37.86798,2,1520
2025-07-08 07:54:00,12.457274,37.86831,2,1520
2025-07-08 08:04:00,12.457758,37.868637,2,1520
2025-07-08 08:14:00,12.458255,37.86894,2,1520
2025-07-08 08:24:00,12.458754,37.869213,2,1520
2025-07-08 08:34:00,12.459251,37.869473,2,1520
2025-07-08 08:44:00,12.459748,37.869728,2,1520
2025-07-08 08:54:00,12.460242,37.869987,2,1520
2025-07-08 09:04:00,12.460728,37.87023,2,1520
2025-07-08 09:14:00,12.461229,37.870453,2,1520
2025-07-08 09:24:00,12.461753,37.87065,2,1520
2025-07-08 09:34:00,12.462298,37.87083,2,1520
2025-07-08 09:44:00,12.462882,37.871,2,1520
2025-07-08 09:54:00,12.463508,37.871166,2,1520
2025-07-08 10:04:00,12.464177,37.871334,2,1520
2025-07-08 10:14:00,12.464849,37.871506,2,1520
2025-07-08 10:24:00,12.465508,37.871693,2,1520
2025-07-08 10:34:00,12.466154,37.87189,2,1520
2025-07-08 10:44:00,12.466804,37.872097,2,1520
2025-07-08 10:54:00,12.467464,37.87232,2,1520
2025-07-08 11:04:00,12.468125,37.87254,2,1520
2025-07-08 11:14:00,12.468751,37.87271,2,1520
2025-07-08 11:24:00,12.469337,37.87281,2,1520
2025-07-08 11:34:00,12.469889,37.872837,2,1520
2025-07-08 11:44:00,12.470416,37.8728,2,1520
2025-07-08 11:54:00,12.470917,37.872696,2,1520
2025-07-08 12:04:00,12.471394,37.872528,2,1520
2025-07-08 12:14:00,12.471905,37.872322,2,1520
2025-07-08 12:24:00,12.472474,37.87208,2,1520
2025-07-08 12:34:00,12.473088,37.871807,2,1520
2025-07-08 12:44:00,12.47373,37.871506,2,1520
2025-07-08 12:54:00,12.474403,37.87117,2,1520
2025-07-08 13:04:00,12.475111,37.870804,2,1520
2025-07-08 13:14:00,12.475859,37.870403,2,1520
2025-07-08 13:24:00,12.476653,37.869965,2,1520
2025-07-08 13:34:00,12.477495,37.86949,2,1520
2025-07-08 13:44:00,12.478389,37.868996,2,1520
2025-07-08 13:54:00,12.479335,37.868473,2,1520
2025-07-08 14:04:00,12.479335,37.868473,2,1520
2025-07-08 14:14:00,12.479335,37.868473,2,1520
2025-07-08 14:24:00,12.479335,37.868473,2,1520
2025-07-08 14:34:00,12.479335,37.868473,2,1520
2025-07-08 14:44:00,12.479335,37.868473,2,1520
2025-07-08 14:54:00,12.479335,37.868473,2,1520
2025-07-08 15:04:00,12.479335,37.868473,2,1520
2025-07-08 15:14:00,12.479335,37.868473,2,1520
2025-07-08 15:24:00,12.479335,37.868473,2,1520
2025-07-08 15:34:00,12.479335,37.868473,2,1520
2025-07-08 15:44:00,12.479335,37.868473,2,1520
2025-07-08 15:54:00,12.479335,37.868473,2,1520
2025-07-08 16:04:00,12.479335,37.868473,2,1520
2025-07-08 16:14:00,12.479335,37.868473,2,1520
2025-07-08 16:24:00,12.479335,37.868473,2,1520
2025-07-08 16:34:00,12.479335,37.868473,2,1520
2025-07-08 16:44:00,12.479335,37.868473,2,1520
2025-07-08 16:54:00,12.479335,37.868473,2,1520
2025-07-08 17:04:00,12.479335,37.868473,2,1520
2025-07-08 17:14:00,12.479335,37.868473,2,1520
2025-07-08 17:24:00,12.479335,37.868473,2,1520
2025-07-08 17:34:00,12.479335,37.868473,2,1520
2025-07-08 17:44:00,12.479335,37.868473,2,1520
2025-07-08 17:54:00,12.479753,37.86848,2,1520
2025-07-08 18:04:00,12.479753,37.86848,2,1520
2025-07-08 18:14:00,12.479753,37.86848,2,1520
2025-07-08 18:24:00,12.479753,37.86848,2,1520
2025-07-08 18:34:00,12.479753,37.86848,2,1520
2025-07-08 18:44:00,12.479753,37.86848,2,1520
2025-07-08 18:54:00,12.479753,37.86848,2,1520
2025-07-08 19:04:00,12.479753,37.86848,2,1520
2025-07-08 19:14:00,12.479753,37.86848,2,1520
2025-07-08 19:24:00,12.479753,37.86848,2,1520
2025-07-08 19:34:00,12.479753,37.86848,2,1520
2025-07-08 19:44:00,12.479753,37.86848,2,1520
2025-07-08 19:54:00,12.479753,37.86848,2,1520
2025-07-08 20:04:00,12.479753,37.86848,2,1520
2025-07-08 20:14:00,12.479753,37.86848,2,1520
2025-07-08 20:24:00,12.479753,37.86848,2,1520
2025-07-08 20:34:00,12.479753,37.86848,2,1520
2025-07-08 20:44:00,12.479753,37.86848,2,1520
2025-07-08 20:54:00,12.479753,37.86848,2,1520
2025-07-08 21:04:00,12.479753,37.86848,2,1520
2025-07-08 21:14:00,12.479753,37.86848,2,1520
2025-07-08 21:24:00,12.479753,37.86848,2,1520
2025-07-08 21:34:00,12.479753,37.86848,2,1520
2025-07-08 21:44:00,12.479753,37.86848,2,1520
2025-07-08 21:54:00,12.479753,37.86848,2,1520
2025-07-08 22:04:00,12.479753,37.86848,2,1520
2025-07-08 22:14:00,12.479753,37.86848,2,1520
2025-07-08 22:24:00,12.479753,37.86848,2,1520
2025-07-08 22:34:00,12.479753,37.86848,2,1520
2025-07-08 22:44:00,12.479753,37.86848,2,1520
2025-07-08 22:54:00,12.479753,37.86848,2,1520
2025-07-08 23:04:00,12.479753,37.86848,2,1520
2025-07-08 23:14:00,12.479753,37.86848,2,1520
2025-07-08 23:24:00,12.479753,37.86848,2,1520
2025-07-08 23:34:00,12.479753,37.86848,2,1520
2025-07-08 23:44:00,12.479753,37.86848,2,1520
2025-07-08 23:54:00,12.479753,37.86848,2,1520
2025-07-09 00:04:00,12.479753,37.86848,2,1520
2025-07-09 00:14:00,12.479753,37.86848,2,1520
2025-07-09 00:24:00,12.479753,37.86848,2,1520
2025-07-09 00:34:00,12.479753,37.86848,2,1520
2025-07-09 00:44:00,12.479753,37.86848,2,1520
2025-07-09 00:54:00,12.479753,37.86848,2,1520
2025-07-09 01:04:00,12.479753,37.86848,2,1520
2025-07-09 01:14:00,12.479753,37.86848,2,1520
2025-07-09 01:24:00,12.479753,37.86848,2,1520
2025-07-09 01:34:00,12.479753,37.86848,2,1520
2025-07-09 01:44:00,12.479753,37.86848,2,1520
2025-07-09 01:54:00,12.479753,37.86848,2,1520
2025-07-09 02:04:00,12.479753,37.86848,2,1520
2025-07-09 02:14:00,12.479753,37.86848,2,1520
2025-07-09 02:24:00,12.479753,37.86848,2,1520
2025-07-09 02:34:00,12.479753,37.86848,2,1520
2025-07-09 02:44:00,12.479753,37.86848,2,1520
2025-07-09 02:54:00,12.479753,37.86848,2,1520
2025-07-09 03:04:00,12.479753,37.86848,2,1520
2025-07-09 03:14:00,12.479753,37.86848,2,1520
2025-07-09 03:24:00,12.479753,37.86848,2,1520
2025-07-09 03:34:00,12.479753,37.86848,2,1520
2025-07-09 03:44:00,12.479753,37.86848,2,1520
2025-07-09 03:54:00,12.479753,37.86848,2,1520
2025-07-09 04:04:00,12.479753,37.86848,2,1520
2025-07-09 04:14:00,12.479753,37.86848,2,1520
2025-07-09 04:24:00,12.479753,37.86848,2,1520
2025-07-09 04:34:00,12.479753,37.86848,2,1520
2025-07-09 04:44:00,12.479753,37.86848,2,1520
2025-07-09 04:54:00,12.479753,37.86848,2,1520
2025-07-09 05:04:00,12.479753,37.86848,2,1520
2025-07-09 05:14:00,12.479753,37.86848,2,1520
2025-07-09 05:24:00,12.479753,37.86848,2,1520
2025-07-09 05:34:00,12.479753,37.86848,2,1520
2025-07-09 05:44:00,12.479753,37.86848,2,1520
2025-07-09 05:54:00,12.479753,37.86848,2,1520
2025-07-09 06:04:00,12.479753,37.86848,2,1520
2025-07-09 06:14:00,12.479753,37.86848,2,1520
2025-07-09 06:24:00,12.479753,37.86848,2,1520
2025-07-09 06:34:00,12.479753,37.86848,2,1520
2025-07-09 06:44:00,12.479753,37.86848,2,1520
2025-07-09 06:54:00,12.479753,37.86848,2,1520
2025-07-09 07:04:00,12.479753,37.86848,2,1520
2025-07-09 07:14:00,12.479753,37.86848,2,1520
2025-07-09 07:24:00,12.479753,37.86848,2,1520
2025-07-09 07:34:00,12.479753,37.86848,2,1520
2025-07-09 07:44:00,12.479753,37.86848,2,1520
2025-07-09 07:54:00,12.479753,37.86848,2,1520
2025-07-09 08:04:00,12.479753,37.86848,2,1520
2025-07-09 08:14:00,12.479753,37.86848,2,1520
2025-07-09 08:24:00,12.479753,37.86848,2,1520
2025-07-09 08:34:00,12.479753,37.86848,2,1520
2025-07-09 08:44:00,12.479753,37.86848,2,1520
2025-07-09 08:54:00,12.479753,37.86848,2,1520
2025-07-09 09:04:00,12.479753,37.86848,2,1520
2025-07-09 09:14:00,12.479753,37.86848,2,1520
2025-07-09 09:24:00,12.479753,37.86848,2,1520
2025-07-09 09:34:00,12.479753,37.86848,2,1520
2025-07-09 09:44:00,12.479753,37.86848,2,1520
2025-07-09 09:54:00,12.479753,37.86848,2,1520
2025-07-09 10:04:00,12.479753,37.86848,2,1520
2025-07-09 10:14:00,12.479753,37.86848,2,1520
2025-07-09 10:24:00,12.479753,37.86848,2,1520
2025-07-09 10:34:00,12.479753,37.86848,2,1520
2025-07-09 10:44:00,12.479753,37.86848,2,1520
2025-07-09 10:54:00,12.479753,37.86848,2,1520
2025-07-09 11:04:00,12.479753,37.86848,2,1520
2025-07-09 11:14:00,12.479753,37.86848,2,1520
2025-07-09 11:24:00,12.479753,37.86848,2,1520
2025-07-09 11:34:00,12.479753,37.86848,2,1520
2025-07-09 11:44:00,12.479753,37.86848,2,1520
2025-07-09 11:54:00,12.479753,37.86848,2,1520
2025-07-09 12:04:00,12.479753,37.86848,2,1520
2025-07-09 12:14:00,12.479753,37.86848,2,1520
2025-07-09 12:24:00,12.479753,37.86848,2,1520
2025-07-09 12:34:00,12.479753,37.86848,2,1520
2025-07-09 12:44:00,12.479753,37.86848,2,1520
2025-07-09 12:54:00,12.479753,37.86848,2,1520
2025-07-09 13:04:00,12.479753,37.86848,2,1520
2025-07-09 13:14:00,12.479753,37.86848,2,1520
2025-07-09 13:24:00,12.479753,37.86848,2,1520
2025-07-09 13:34:00,12.479753,37.86848,2,1520
2025-07-09 13:44:00,12.479753,37.86848,2,1520
2025-07-09 13:54:00,12.479753,37.86848,2,1520
2025-07-09 14:04:00,12.479753,37.86848,2,1520
2025-07-09 14:14:00,12.479753,37.86848,2,1520
2025-07-09 14:24:00,12.479753,37.86848,2,1520
2025-07-09 14:34:00,12.479753,37.86848,2,1520
2025-07-09 14:44:00,12.479753,37.86848,2,1520
2025-07-09 14:54:00,12.479753,37.86848,2,1520
2025-07-09 15:04:00,12.479753,37.86848,2,1520
2025-07-09 15:14:00,12.479753,37.86848,2,1520
2025-07-09 15:24:00,12.479753,37.86848,2,1520
2025-07-09 15:34:00,12.479753,37.86848,2,1520
2025-07-09 15:44:00,12.479753,37.86848,2,1520
2025-07-09 15:54:00,12.479753,37.86848,2,1520
2025-07-09 16:04:00,12.479753,37.86848,2,1520
2025-07-09 16:14:00,12.479753,37.86848,2,1520
2025-07-09 16:24:00,12.479753,37.86848,2,1520
2025-07-09 16:34:00,12.479753,37.86848,2,1520
2025-07-09 16:44:00,12.479753,37.86848,2,1520
2025-07-09 16:54:00,12.479753,37.86848,2,1520
2025-07-09 17:04:00,12.479753,37.86848,2,1520
2025-07-09 17:14:00,12.479753,37.86848,2,1520
2025-07-09 17:24:00,12.479753,37.86848,2,1520
2025-07-09 17:34:00,12.479753,37.86848,2,1520
2025-07-09 17:44:00,12.479753,37.86848,2,1520
2025-07-09 17:54:00,12.479753,37.86848,2,1520
2025-07-09 18:04:00,12.479753,37.86848,2,1520
2025-07-09 18:14:00,12.479753,37.86848,2,1520
2025-07-09 18:24:00,12.479753,37.86848,2,1520
2025-07-09 18:34:00,12.479753,37.86848,2,1520
2025-07-09 18:44:00,12.479753,37.86848,2,1520
2025-07-09 18:54:00,12.479753,37.86848,2,1520
2025-07-09 19:04:00,12.479753,37.86848,2,1520
2025-07-09 19:14:00,12.479753,37.86848,2,1520
2025-07-09 19:24:00,12.479753,37.86848,2,1520
2025-07-09 19:34:00,12.479753,37.86848,2,1520
2025-07-09 19:44:00,12.479753,37.86848,2,1520
2025-07-09 19:54:00,12.479753,37.86848,2,1520
2025-07-09 20:04:00,12.479753,37.86848,2,1520
2025-07-09 20:14:00,12.479753,37.86848,2,1520
2025-07-09 20:24:00,12.479753,37.86848,2,1520
2025-07-09 20:34:00,12.479753,37.86848,2,1520
2025-07-09 20:44:00,12.479753,37.86848,2,1520
2025-07-09 20:54:00,12.479753,37.86848,2,1520
2025-07-09 21:04:00,12.479753,37.86848,2,1520
2025-07-09 21:14:00,12.479753,37.86848,2,1520
2025-07-09 21:24:00,12.479753,37.86848,2,1520
2025-07-09 21:34:00,12.479753,37.86848,2,1520
2025-07-09 21:44:00,12.479753,37.86848,2,1520
2025-07-09 21:54:00,12.479753,37.86848,2,1520
2025-07-09 22:04:00,12.479753,37.86848,2,1520
2025-07-09 22:14:00,12.479753,37.86848,2,1520
2025-07-09 22:24:00,12.479753,37.86848,2,1520
2025-07-09 22:34:00,12.479753,37.86848,2,1520
2025-07-09 22:44:00,12.479753,37.86848,2,1520
2025-07-09 22:54:00,12.479753,37.86848,2,1520
2025-07-09 23:04:00,12.479753,37.86848,2,1520
2025-07-09 23:14:00,12.479753,37.86848,2,1520
2025-07-09 23:24:00,12.479753,37.86848,2,1520
2025-07-09 23:34:00,12.479753,37.86848,2,1520
2025-07-09 23:44:00,12.479753,37.86848,2,1520
2025-07-09 23:54:00,12.479753,37.86848,2,1520
2025-07-10 00:04:00,12.479753,37.86848,2,1520
2025-07-08 07:54:00,12.457201,37.868275,2,540
2025-07-08 08:04:00,12.457684,37.868607,2,540
2025-07-08 08:14:00,12.45818,37.868908,2,540
2025-07-08 08:24:00,12.458679,37.869183,2,540
2025-07-08 08:34:00,12.459179,37.869442,2,540
2025-07-08 08:44:00,12.459678,37.869694,2,540
2025-07-08 08:54:00,12.460174,37.86995,2,540
2025-07-08 09:04:00,12.460662,37.870193,2,540
2025-07-08 09:14:00,12.461164,37.870415,2,540
2025-07-08 09:24:00,12.46169,37.870617,2,540
2025-07-08 09:34:00,12.462237,37.870792,2,540
2025-07-08 09:44:00,12.462821,37.870964,2,540
2025-07-08 09:54:00,12.463447,37.871128,2,540
2025-07-08 10:04:00,12.464115,37.871292,2,540
2025-07-08 10:14:00,12.4647875,37.871464,2,540
2025-07-08 10:24:00,12.465446,37.871647,2,540
2025-07-08 10:34:00,12.466091,37.87184,2,540
2025-07-08 10:44:00,12.466739,37.872047,2,540
2025-07-08 10:54:00,12.4674,37.872265,2,540
2025-07-08 11:04:00,12.4680605,37.872486,2,540
2025-07-08 11:14:00,12.468689,37.87266,2,540
2025-07-08 11:24:00,12.469275,37.872765,2,540
2025-07-08 11:34:00,12.469829,37.872795,2,540
2025-07-08 11:44:00,12.470356,37.872757,2,540
2025-07-08 11:54:00,12.470858,37.872654,2,540
2025-07-08 12:04:00,12.471335,37.87249,2,540
2025-07-08 12:14:00,12.471847,37.872284,2,540
2025-07-08 12:24:00,12.472418,37.872044,2,540
2025-07-08 12:34:00,12.473032,37.871773,2,540
2025-07-08 12:44:00,12.473673,37.87147,2,540
2025-07-08 12:54:00,12.474347,37.871136,2,540
2025-07-08 13:04:00,12.475055,37.87077,2,540
2025-07-08 13:14:00,12.475803,37.870365,2,540
2025-07-08 13:24:00,12.476598,37.869926,2,540
2025-07-08 13:34:00,12.47744,37.869453,2,540
2025-07-08 13:44:00,12.478333,37.868954,2,540
2025-07-08 13:54:00,12.479279,37.868435,2,540
2025-07-08 14:04:00,12.479279,37.868435,2,540
2025-07-08 14:14:00,12.479279,37.868435,2,540
2025-07-08 14:24:00,12.479279,37.868435,2,540
2025-07-08 14:34:00,12.479279,37.868435,2,540
2025-07-08 14:44:00,12.479279,37.868435,2,540
2025-07-08 14:54:00,12.479279,37.868435,2,540
2025-07-08 15:04:00,12.479279,37.868435,2,540
2025-07-08 15:14:00,12.479279,37.868435,2,540
2025-07-08 15:24:00,12.479279,37.868435,2,540
2025-07-08 15:34:00,12.479279,37.868435,2,540
2025-07-08 15:44:00,12.479279,37.868435,2,540
2025-07-08 15:54:00,12.479279,37.868435,2,540
2025-07-08 16:04:00,12.479279,37.868435,2,540
2025-07-08 16:14:00,12.479279,37.868435,2,540
2025-07-08 16:24:00,12.479279,37.868435,2,540
2025-07-08 16:34:00,12.479279,37.868435,2,540
2025-07-08 16:44:00,12.479279,37.868435,2,540
2025-07-08 16:54:00,12.479279,37.868435,2,540
2025-07-08 17:04:00,12.479279,37.868435,2,540
2025-07-08 17:14:00,12.479279,37.868435,2,540
2025-07-08 17:24:00,12.479279,37.868435,2,540
2025-07-08 17:34:00,12.479279,37.868435,2,540
2025-07-08 17:44:00,12.479704,37.86843,2,540
2025-07-08 17:54:00,12.479704,37.86843,2,540
2025-07-08 18:04:00,12.479704,37.86843,2,540
2025-07-08 18:14:00,12.479704,37.86843,2,540
2025-07-08 18:24:00,12.479704,37.86843,2,540
2025-07-08 18:34:00,12.479704,37.86843,2,540
2025-07-08 18:44:00,12.479704,37.86843,2,540
2025-07-08 18:54:00,12.479704,37.86843,2,540
2025-07-08 19:04:00,12.479704,37.86843,2,540
2025-07-08 19:14:00,12.479704,37.86843,2,540
2025-07-08 19:24:00,12.479704,37.86843,2,540
2025-07-08 19:34:00,12.479704,37.86843,2,540
2025-07-08 19:44:00,12.479704,37.86843,2,540
2025-07-08 19:54:00,12.479704,37.86843,2,540
2025-07-08 20:04:00,12.479704,37.86843,2,540
2025-07-08 20:14:00,12.479704,37.86843,2,540
2025-07-08 20:24:00,12.479704,37.86843,2,540
2025-07-08 20:34:00,12.479704,37.86843,2,540
2025-07-08 20:44:00,12.479704,37.86843,2,540
2025-07-08 20:54:00,12.479704,37.86843,2,540
2025-07-08 21:04:00,12.479704,37.86843,2,540
2025-07-08 21:14:00,12.479704,37.86843,2,540
2025-07-08 21:24:00,12.479704,37.86843,2,540
2025-07-08 21:34:00,12.479704,37.86843,2,540
2025-07-08 21:44:00,12.479704,37.86843,2,540
2025-07-08 21:54:00,12.479704,37.86843,2,540
2025-07-08 22:04:00,12.479704,37.86843,2,540
2025-07-08 22:14:00,12.479704,37.86843,2,540
2025-07-08 22:24:00,12.479704,37.86843,2,540
2025-07-08 22:34:00,12.479704,37.86843,2,540
2025-07-08 22:44:00,12.479704,37.86843,2,540
2025-07-08 22:54:00,12.479704,37.86843,2,540
2025-07-08 23:04:00,12.479704,37.86843,2,540
2025-07-08 23:14:00,12.479704,37.86843,2,540
2025-07-08 23:24:00,12.479704,37.86843,2,540
2025-07-08 23:34:00,12.479704,37.86843,2,540
2025-07-08 23:44:00,12.479704,37.86843,2,540
2025-07-08 23:54:00,12.479704,37.86843,2,540
2025-07-09 00:04:00,12.479704,37.86843,2,540
2025-07-09 00:14:00,12.479704,37.86843,2,540
2025-07-09 00:24:00,12.479704,37.86843,2,540
2025-07-09 00:34:00,12.479704,37.86843,2,540
2025-07-09 00:44:00,12.479704,37.86843,2,540
2025-07-09 00:54:00,12.479704,37.86843,2,540
2025-07-09 01:04:00,12.479704,37.86843,2,540
2025-07-09 01:14:00,12.479704,37.86843,2,540
2025-07-09 01:24:00,12.479704,37.86843,2,540
2025-07-09 01:34:00,12.479704,37.86843,2,540
2025-07-09 01:44:00,12.479704,37.86843,2,540
2025-07-09 01:54:00,12.479704,37.86843,2,540
2025-07-09 02:04:00,12.479704,37.86843,2,540
2025-07-09 02:14:00,12.479704,37.86843,2,540
2025-07-09 02:24:00,12.479704,37.86843,2,540
2025-07-09 02:34:00,12.479704,37.86843,2,540
2025-07-09 02:44:00,12.479704,37.86843,2,540
2025-07-09 02:54:00,12.479704,37.86843,2,540
2025-07-09 03:04:00,12.479704,37.86843,2,540
2025-07-09 03:14:00,12.479704,37.86843,2,540
2025-07-09 03:24:00,12.479704,37.86843,2,540
2025-07-09 03:34:00,12.479704,37.86843,2,540
2025-07-09 03:44:00,12.479704,37.86843,2,540
2025-07-09 03:54:00,12.479704,37.86843,2,540
2025-07-09 04:04:00,12.479704,37.86843,2,540
2025-07-09 04:14:00,12.479704,37.86843,2,540
2025-07-09 04:24:00,12.479704,37.86843,2,540
2025-07-09 04:34:00,12.479704,37.86843,2,540
2025-07-09 04:44:00,12.479704,37.86843,2,540
2025-07-09 04:54:00,12.479704,37.86843,2,540
2025-07-09 05:04:00,12.479704,37.86843,2,540
2025-07-09 05:14:00,12.479704,37.86843,2,540
2025-07-09 05:24:00,12.479704,37.86843,2,540
2025-07-09 05:34:00,12.479704,37.86843,2,540
2025-07-09 05:44:00,12.479704,37.86843,2,540
2025-07-09 05:54:00,12.479704,37.86843,2,540
2025-07-09 06:04:00,12.479704,37.86843,2,540
2025-07-09 06:14:00,12.479704,37.86843,2,540
2025-07-09 06:24:00,12.479704,37.86843,2,540
2025-07-09 06:34:00,12.479704,37.86843,2,540
2025-07-09 06:44:00,12.479704,37.86843,2,540
2025-07-09 06:54:00,12.479704,37.86843,2,540
2025-07-09 07:04:00,12.479704,37.86843,2,540
2025-07-09 07:14:00,12.479704,37.86843,2,540
2025-07-09 07:24:00,12.479704,37.86843,2,540
2025-07-09 07:34:00,12.479704,37.86843,2,540
2025-07-09 07:44:00,12.479704,37.86843,2,540
2025-07-09 07:54:00,12.479704,37.86843,2,540
2025-07-09 08:04:00,12.479704,37.86843,2,540
2025-07-09 08:14:00,12.479704,37.86843,2,540
2025-07-09 08:24:00,12.479704,37.86843,2,540
2025-07-09 08:34:00,12.479704,37.86843,2,540
2025-07-09 08:44:00,12.479704,37.86843,2,540
2025-07-09 08:54:00,12.479704,37.86843,2,540
2025-07-09 09:04:00,12.479704,37.86843,2,540
2025-07-09 09:14:00,12.479704,37.86843,2,540
2025-07-09 09:24:00,12.479704,37.86843,2,540
2025-07-09 09:34:00,12.479704,37.86843,2,540
2025-07-09 09:44:00,12.479704,37.86843,2,540
2025-07-09 09:54:00,12.479704,37.86843,2,540
2025-07-09 10:04:00,12.479704,37.86843,2,540
2025-07-09 10:14:00,12.479704,37.86843,2,540
2025-07-09 10:24:00,12.479704,37.86843,2,540
2025-07-09 10:34:00,12.479704,37.86843,2,540
2025-07-09 10:44:00,12.479704,37.86843,2,540
2025-07-09 10:54:00,12.479704,37.86843,2,540
2025-07-09 11:04:00,12.479704,37.86843,2,540
2025-07-09 11:14:00,12.479704,37.86843,2,540
2025-07-09 11:24:00,12.479704,37.86843,2,540
2025-07-09 11:34:00,12.479704,37.86843,2,540
2025-07-09 11:44:00,12.479704,37.86843,2,540
2025-07-09 11:54:00,12.479704,37.86843,2,540
2025-07-09 12:04:00,12.479704,37.86843,2,540
2025-07-09 12:14:00,12.479704,37.86843,2,540
2025-07-09 12:24:00,12.479704,37.86843,2,540
2025-07-09 12:34:00,12.479704,37.86843,2,540
2025-07-09 12:44:00,12.479704,37.86843,2,540
2025-07-09 12:54:00,12.479704,37.86843,2,540
2025-07-09 13:04:00,12.479704,37.86843,2,540
2025-07-09 13:14:00,12.479704,37.86843,2,540
2025-07-09 13:24:00,12.479704,37.86843,2,540
2025-07-09 13:34:00,12.479704,37.86843,2,540
2025-07-09 13:44:00,12.479704,37.86843,2,540
2025-07-09 13:54:00,12.479704,37.86843,2,540
2025-07-09 14:04:00,12.479704,37.86843,2,540
2025-07-09 14:14:00,12.479704,37.86843,2,540
2025-07-09 14:24:00,12.479704,37.86843,2,540
2025-07-09 14:34:00,12.479704,37.86843,2,540
2025-07-09 14:44:00,12.479704,37.86843,2,540
2025-07-09 14:54:00,12.479704,37.86843,2,540
2025-07-09 15:04:00,12.479704,37.86843,2,540
2025-07-09 15:14:00,12.479704,37.86843,2,540
2025-07-09 15:24:00,12.479704,37.86843,2,540
2025-07-09 15:34:00,12.479704,37.86843,2,540
2025-07-09 15:44:00,12.479704,37.86843,2,540
2025-07-09 15:54:00,12.479704,37.86843,2,540
2025-07-09 16:04:00,12.479704,37.86843,2,540
2025-07-09 16:14:00,12.479704,37.86843,2,540
2025-07-09 16:24:00,12.479704,37.86843,2,540
2025-07-09 16:34:00,12.479704,37.86843,2,540
2025-07-09 16:44:00,12.479704,37.86843,2,540
2025-07-09 16:54:00,12.479704,37.86843,2,540
2025-07-09 17:04:00,12.479704,37.86843,2,540
2025-07-09 17:14:00,12.479704,37.86843,2,540
2025-07-09 17:24:00,12.479704,37.86843,2,540
2025-07-09 17:34:00,12.479704,37.86843,2,540
2025-07-09 17:44:00,12.479704,37.86843,2,540
2025-07-09 17:54:00,12.479704,37.86843,2,540
2025-07-09 18:04:00,12.479704,37.86843,2,540
2025-07-09 18:14:00,12.479704,37.86843,2,540
2025-07-09 18:24:00,12.479704,37.86843,2,540
2025-07-09 18:34:00,12.479704,37.86843,2,540
2025-07-09 18:44:00,12.479704,37.86843,2,540
2025-07-09 18:54:00,12.479704,37.86843,2,540
2025-07-09 19:04:00,12.479704,37.86843,2,540
2025-07-09 19:14:00,12.479704,37.86843,2,540
2025-07-09 19:24:00,12.479704,37.86843,2,540
2025-07-09 19:34:00,12.479704,37.86843,2,540
2025-07-09 19:44:00,12.479704,37.86843,2,540
2025-07-09 19:54:00,12.479704,37.86843,2,540
2025-07-09 20:04:00,12.479704,37.86843,2,540
2025-07-09 20:14:00,12.479704,37.86843,2,540
2025-07-09 20:24:00,12.479704,37.86843,2,540
2025-07-09 20:34:00,12.479704,37.86843,2,540
2025-07-09 20:44:00,12.479704,37.86843,2,540
2025-07-09 20:54:00,12.479704,37.86843,2,540
2025-07-09 21:04:00,12.479704,37.86843,2,540
2025-07-09 21:14:00,12.479704,37.86843,2,540
2025-07-09 21:24:00,12.479704,37.86843,2,540
2025-07-09 21:34:00,12.479704,37.86843,2,540
2025-07-09 21:44:00,12.479704,37.86843,2,540
2025-07-09 21:54:00,12.479704,37.86843,2,540
2025-07-09 22:04:00,12.479704,37.86843,2,540
2025-07-09 22:14:00,12.479704,37.86843,2,540
2025-07-09 22:24:00,12.479704,37.86843,2,540
2025-07-09 22:34:00,12.479704,37.86843,2,540
2025-07-09 22:44:00,12.479704,37.86843,2,540
2025-07-09 22:54:00,12.479704,37.86843,2,540
2025-07-09 23:04:00,12.479704,37.86843,2,540
2025-07-09 23:14:00,12.479704,37.86843,2,540
2025-07-09 23:24:00,12.479704,37.86843,2,540
2025-07-09 23:34:00,12.479704,37.86843,2,540
2025-07-09 23:44:00,12.479704,37.86843,2,540
2025-07-09 23:54:00,12.479704,37.86843,2,540
2025-07-10 00:04:00,12.479704,37.86843,2,540
2025-07-08 07:44:00,12.45682,37.86801,2,7510
2025-07-08 07:54:00,12.4572735,37.86834,2,7510
2025-07-08 08:04:00,12.457757,37.868668,2,7510
2025-07-08 08:14:00,12.458252,37.868965,2,7510
2025-07-08 08:24:00,12.458749,37.86924,2,7510
2025-07-08 08:34:00,12.459246,37.8695,2,7510
2025-07-08 08:44:00,12.459742,37.869755,2,7510
2025-07-08 08:54:00,12.460235,37.87001,2,7510
2025-07-08 09:04:00,12.46072,37.870255,2,7510
2025-07-08 09:14:00,12.461221,37.870476,2,7510
2025-07-08 09:24:00,12.461743,37.870674,2,7510
2025-07-08 09:34:00,12.46229,37.870853,2,7510
2025-07-08 09:44:00,12.4628725,37.87102,2,7510
2025-07-08 09:54:00,12.463498,37.87119,2,7510
2025-07-08 10:04:00,12.464167,37.871357,2,7510
2025-07-08 10:14:00,12.464839,37.87153,2,7510
2025-07-08 10:24:00,12.465498,37.871716,2,7510
2025-07-08 10:34:00,12.466143,37.87191,2,7510
2025-07-08 10:44:00,12.466792,37.87212,2,7510
2025-07-08 10:54:00,12.467451,37.872337,2,7510
2025-07-08 11:04:00,12.468109,37.87256,2,7510
2025-07-08 11:14:00,12.468734,37.872734,2,7510
2025-07-08 11:24:00,12.469317,37.87283,2,7510
2025-07-08 11:34:00,12.469868,37.872856,2,7510
2025-07-08 11:44:00,12.470393,37.872818,2,7510
2025-07-08 11:54:00,12.470893,37.872715,2,7510
2025-07-08 12:04:00,12.471368,37.872547,2,7510
2025-07-08 12:14:00,12.471878,37.87234,2,7510
2025-07-08 12:24:00,12.472446,37.8721,2,7510
2025-07-08 12:34:00,12.473061,37.871826,2,7510
2025-07-08 12:44:00,12.473702,37.871525,2,7510
2025-07-08 12:54:00,12.474377,37.87119,2,7510
2025-07-08 13:04:00,12.475084,37.870827,2,7510
2025-07-08 13:14:00,12.475833,37.870422,2,7510
2025-07-08 13:24:00,12.476626,37.869984,2,7510
2025-07-08 13:34:00,12.477469,37.86951,2,7510
2025-07-08 13:44:00,12.478363,37.869015,2,7510
2025-07-08 13:54:00,12.479309,37.868492,2,7510
2025-07-08 14:04:00,12.479309,37.868492,2,7510
2025-07-08 14:14:00,12.479309,37.868492,2,7510
2025-07-08 14:24:00,12.479309,37.868492,2,7510
2025-07-08 14:34:00,12.479309,37.868492,2,7510
2025-07-08 14:44:00,12.479309,37.868492,2,7510
2025-07-08 14:54:00,12.479309,37.868492,2,7510
2025-07-08 15:04:00,12.479309,37.868492,2,7510
2025-07-08 15:14:00,12.479309,37.868492,2,7510
2025-07-08 15:24:00,12.479309,37.868492,2,7510
2025-07-08 15:34:00,12.479309,37.868492,2,7510
2025-07-08 15:44:00,12.479309,37.868492,2,7510
2025-07-08 15:54:00,12.479309,37.868492,2,7510
2025-07-08 16:04:00,12.479309,37.868492,2,7510
2025-07-08 16:14:00,12.479309,37.868492,2,7510
2025-07-08 16:24:00,12.479309,37.868492,2,7510
2025-07-08 16:34:00,12.479309,37.868492,2,7510
2025-07-08 16:44:00,12.479309,37.868492,2,7510
2025-07-08 16:54:00,12.479309,37.868492,2,7510
2025-07-08 17:04:00,12.479309,37.868492,2,7510
2025-07-08 17:14:00,12.479309,37.868492,2,7510
2025-07-08 17:24:00,12.479309,37.868492,2,7510
2025-07-08 17:34:00,12.479309,37.868492,2,7510
2025-07-08 17:44:00,12.479742,37.868477,2,7510
2025-07-08 17:54:00,12.479742,37.868477,2,7510
2025-07-08 18:04:00,12.479742,37.868477,2,7510
2025-07-08 18:14:00,12.479742,37.868477,2,7510
2025-07-08 18:24:00,12.479742,37.868477,2,7510
2025-07-08 18:34:00,12.479742,37.868477,2,7510
2025-07-08 18:44:00,12.479742,37.868477,2,7510
2025-07-08 18:54:00,12.479742,37.868477,2,7510
2025-07-08 19:04:00,12.479742,37.868477,2,7510
2025-07-08 19:14:00,12.479742,37.868477,2,7510
2025-07-08 19:24:00,12.479742,37.868477,2,7510
2025-07-08 19:34:00,12.479742,37.868477,2,7510
2025-07-08 19:44:00,12.479742,37.868477,2,7510
2025-07-08 19:54:00,12.479742,37.868477,2,7510
2025-07-08 20:04:00,12.479742,37.868477,2,7510
2025-07-08 20:14:00,12.479742,37.868477,2,7510
2025-07-08 20:24:00,12.479742,37.868477,2,7510
2025-07-08 20:34:00,12.479742,37.868477,2,7510
2025-07-08 20:44:00,12.479742,37.868477,2,7510
2025-07-08 20:54:00,12.479742,37.868477,2,7510
2025-07-08 21:04:00,12.479742,37.868477,2,7510
2025-07-08 21:14:00,12.479742,37.868477,2,7510
2025-07-08 21:24:00,12.479742,37.868477,2,7510
2025-07-08 21:34:00,12.479742,37.868477,2,7510
2025-07-08 21:44:00,12.479742,37.868477,2,7510
2025-07-08 21:54:00,12.479742,37.868477,2,7510
2025-07-08 22:04:00,12.479742,37.868477,2,7510
2025-07-08 22:14:00,12.479742,37.868477,2,7510
2025-07-08 22:24:00,12.479742,37.868477,2,7510
2025-07-08 22:34:00,12.479742,37.868477,2,7510
2025-07-08 22:44:00,12.479742,37.868477,2,7510
2025-07-08 22:54:00,12.479742,37.868477,2,7510
2025-07-08 23:04:00,12.479742,37.868477,2,7510
2025-07-08 23:14:00,12.479742,37.868477,2,7510
2025-07-08 23:24:00,12.479742,37.868477,2,7510
2025-07-08 23:34:00,12.479742,37.868477,2,7510
2025-07-08 23:44:00,12.479742,37.868477,2,7510
2025-07-08 23:54:00,12.479742,37.868477,2,7510
2025-07-09 00:04:00,12.479742,37.868477,2,7510
2025-07-09 00:14:00,12.479742,37.868477,2,7510
2025-07-09 00:24:00,12.479742,37.868477,2,7510
2025-07-09 00:34:00,12.479742,37.868477,2,7510
2025-07-09 00:44:00,12.479742,37.868477,2,7510
2025-07-09 00:54:00,12.479742,37.868477,2,7510
2025-07-09 01:04:00,12.479742,37.868477,2,7510
2025-07-09 01:14:00,12.479742,37.868477,2,7510
2025-07-09 01:24:00,12.479742,37.868477,2,7510
2025-07-09 01:34:00,12.479742,37.868477,2,7510
2025-07-09 01:44:00,12.479742,37.868477,2,7510
2025-07-09 01:54:00,12.479742,37.868477,2,7510
2025-07-09 02:04:00,12.479742,37.868477,2,7510
2025-07-09 02:14:00,12.479742,37.868477,2,7510
2025-07-09 02:24:00,12.479742,37.868477,2,7510
2025-07-09 02:34:00,12.479742,37.868477,2,7510
2025-07-09 02:44:00,12.479742,37.868477,2,7510
2025-07-09 02:54:00,12.479742,37.868477,2,7510
2025-07-09 03:04:00,12.479742,37.868477,2,7510
2025-07-09 03:14:00,12.479742,37.868477,2,7510
2025-07-09 03:24:00,12.479742,37.868477,2,7510
2025-07-09 03:34:00,12.479742,37.868477,2,7510
2025-07-09 03:44:00,12.479742,37.868477,2,7510
2025-07-09 03:54:00,12.479742,37.868477,2,7510
2025-07-09 04:04:00,12.479742,37.868477,2,7510
2025-07-09 04:14:00,12.479742,37.868477,2,7510
2025-07-09 04:24:00,12.479742,37.868477,2,7510
2025-07-09 04:34:00,12.479742,37.868477,2,7510
2025-07-09 04:44:00,12.479742,37.868477,2,7510
2025-07-09 04:54:00,12.479742,37.868477,2,7510
2025-07-09 05:04:00,12.479742,37.868477,2,7510
2025-07-09 05:14:00,12.479742,37.868477,2,7510
2025-07-09 05:24:00,12.479742,37.868477,2,7510
2025-07-09 05:34:00,12.479742,37.868477,2,7510
2025-07-09 05:44:00,12.479742,37.868477,2,7510
2025-07-09 05:54:00,12.479742,37.868477,2,7510
2025-07-09 06:04:00,12.479742,37.868477,2,7510
2025-07-09 06:14:00,12.479742,37.868477,2,7510
2025-07-09 06:24:00,12.479742,37.868477,2,7510
2025-07-09 06:34:00,12.479742,37.868477,2,7510
2025-07-09 06:44:00,12.479742,37.868477,2,7510
2025-07-09 06:54:00,12.479742,37.868477,2,7510
2025-07-09 07:04:00,12.479742,37.868477,2,7510
2025-07-09 07:14:00,12.479742,37.868477,2,7510
2025-07-09 07:24:00,12.479742,37.868477,2,7510
2025-07-09 07:34:00,12.479742,37.868477,2,7510
2025-07-09 07:44:00,12.479742,37.868477,2,7510
2025-07-09 07:54:00,12.479742,37.868477,2,7510
2025-07-09 08:04:00,12.479742,37.868477,2,7510
2025-07-09 08:14:00,12.479742,37.868477,2,7510
2025-07-09 08:24:00,12.479742,37.868477,2,7510
2025-07-09 08:34:00,12.479742,37.868477,2,7510
2025-07-09 08:44:00,12.479742,37.868477,2,7510
2025-07-09 08:54:00,12.479742,37.868477,2,7510
2025-07-09 09:04:00,12.479742,37.868477,2,7510
2025-07-09 09:14:00,12.479742,37.868477,2,7510
2025-07-09 09:24:00,12.479742,37.868477,2,7510
2025-07-09 09:34:00,12.479742,37.868477,2,7510
2025-07-09 09:44:00,12.479742,37.868477,2,7510
2025-07-09 09:54:00,12.479742,37.868477,2,7510
2025-07-09 10:04:00,12.479742,37.868477,2,7510
2025-07-09 10:14:00,12.479742,37.868477,2,7510
2025-07-09 10:24:00,12.479742,37.868477,2,7510
2025-07-09 10:34:00,12.479742,37.868477,2,7510
2025-07-09 10:44:00,12.479742,37.868477,2,7510
2025-07-09 10:54:00,12.479742,37.868477,2,7510
2025-07-09 11:04:00,12.479742,37.868477,2,7510
2025-07-09 11:14:00,12.479742,37.868477,2,7510
2025-07-09 11:24:00,12.479742,37.868477,2,7510
2025-07-09 11:34:00,12.479742,37.868477,2,7510
2025-07-09 11:44:00,12.479742,37.868477,2,7510
2025-07-09 11:54:00,12.479742,37.868477,2,7510
2025-07-09 12:04:00,12.479742,37.868477,2,7510
2025-07-09 12:14:00,12.479742,37.868477,2,7510
2025-07-09 12:24:00,12.479742,37.868477,2,7510
2025-07-09 12:34:00,12.479742,37.868477,2,7510
2025-07-09 12:44:00,12.479742,37.868477,2,7510
2025-07-09 12:54:00,12.479742,37.868477,2,7510
2025-07-09 13:04:00,12.479742,37.868477,2,7510
2025-07-09 13:14:00,12.479742,37.868477,2,7510
2025-07-09 13:24:00,12.479742,37.868477,2,7510
2025-07-09 13:34:00,12.479742,37.868477,2,7510
2025-07-09 13:44:00,12.479742,37.868477,2,7510
2025-07-09 13:54:00,12.479742,37.868477,2,7510
2025-07-09 14:04:00,12.479742,37.868477,2,7510
2025-07-09 14:14:00,12.479742,37.868477,2,7510
2025-07-09 14:24:00,12.479742,37.868477,2,7510
2025-07-09 14:34:00,12.479742,37.868477,2,7510
2025-07-09 14:44:00,12.479742,37.868477,2,7510
2025-07-09 14:54:00,12.479742,37.868477,2,7510
2025-07-09 15:04:00,12.479742,37.868477,2,7510
2025-07-09 15:14:00,12.479742,37.868477,2,7510
2025-07-09 15:24:00,12.479742,37.868477,2,7510
2025-07-09 15:34:00,12.479742,37.868477,2,7510
2025-07-09 15:44:00,12.479742,37.868477,2,7510
2025-07-09 15:54:00,12.479742,37.868477,2,7510
2025-07-09 16:04:00,12.479742,37.868477,2,7510
2025-07-09 16:14:00,12.479742,37.868477,2,7510
2025-07-09 16:24:00,12.479742,37.868477,2,7510
2025-07-09 16:34:00,12.479742,37.868477,2,7510
2025-07-09 16:44:00,12.479742,37.868477,2,7510
2025-07-09 16:54:00,12.479742,37.868477,2,7510
2025-07-09 17:04:00,12.479742,37.868477,2,7510
2025-07-09 17:14:00,12.479742,37.868477,2,7510
2025-07-09 17:24:00,12.479742,37.868477,2,7510
2025-07-09 17:34:00,12.479742,37.868477,2,7510
2025-07-09 17:44:00,12.479742,37.868477,2,7510
2025-07-09 17:54:00,12.479742,37.868477,2,7510
2025-07-09 18:04:00,12.479742,37.868477,2,7510
2025-07-09 18:14:00,12.479742,37.868477,2,7510
2025-07-09 18:24:00,12.479742,37.868477,2,7510
2025-07-09 18:34:00,12.479742,37.868477,2,7510
2025-07-09 18:44:00,12.479742,37.868477,2,7510
2025-07-09 18:54:00,12.479742,37.868477,2,7510
2025-07-09 19:04:00,12.479742,37.868477,2,7510
2025-07-09 19:14:00,12.479742,37.868477,2,7510
2025-07-09 19:24:00,12.479742,37.868477,2,7510
2025-07-09 19:34:00,12.479742,37.868477,2,7510
2025-07-09 19:44:00,12.479742,37.868477,2,7510
2025-07-09 19:54:00,12.479742,37.868477,2,7510
2025-07-09 20:04:00,12.479742,37.868477,2,7510
2025-07-09 20:14:00,12.479742,37.868477,2,7510
2025-07-09 20:24:00,12.479742,37.868477,2,7510
2025-07-09 20:34:00,12.479742,37.868477,2,7510
2025-07-09 20:44:00,12.479742,37.868477,2,7510
2025-07-09 20:54:00,12.479742,37.868477,2,7510
2025-07-09 21:04:00,12.479742,37.868477,2,7510
2025-07-09 21:14:00,12.479742,37.868477,2,7510
2025-07-09 21:24:00,12.479742,37.868477,2,7510
2025-07-09 21:34:00,12.479742,37.868477,2,7510
2025-07-09 21:44:00,12.479742,37.868477,2,7510
2025-07-09 21:54:00,12.479742,37.868477,2,7510
2025-07-09 22:04:00,12.479742,37.868477,2,7510
2025-07-09 22:14:00,12.479742,37.868477,2,7510
2025-07-09 22:24:00,12.479742,37.868477,2,7510
2025-07-09 22:34:00,12.479742,37.868477,2,7510
2025-07-09 22:44:00,12.479742,37.868477,2,7510
2025-07-09 22:54:00,12.479742,37.868477,2,7510
2025-07-09 23:04:00,12.479742,37.868477,2,7510
2025-07-09 23:14:00,12.479742,37.868477,2,7510
2025-07-09 23:24:00,12.479742,37.868477,2,7510
2025-07-09 23:34:00,12.479742,37.868477,2,7510
2025-07-09 23:44:00,12.479742,37.868477,2,7510
2025-07-09 23:54:00,12.479742,37.868477,2,7510
2025-07-10 00:04:00,12.479742,37.868477,2,7510
2025-07-08 07:44:00,12.44981,37.88916,3,2520
2025-07-08 07:54:00,12.4502945,37.889565,3,2520
2025-07-08 08:04:00,12.450809,37.88998,3,2520
2025-07-08 08:14:00,12.451338,37.89038,3,2520
2025-07-08 08:24:00,12.451878,37.890766,3,2520
2025-07-08 08:34:00,12.452427,37.89114,3,2520
2025-07-08 08:44:00,12.452987,37.891514,3,2520
2025-07-08 08:54:00,12.453554,37.891884,3,2520
2025-07-08 09:04:00,12.454127,37.892246,3,2520
2025-07-08 09:14:00,12.454728,37.89259,3,2520
2025-07-08 09:24:00,12.45537,37.892902,3,2520
2025-07-08 09:34:00,12.45605,37.89319,3,2520
2025-07-08 09:44:00,12.456768,37.893448,3,2520
2025-07-08 09:54:00,12.457532,37.893673,3,2520
2025-07-08 10:04:00,12.458342,37.89387,3,2520
2025-07-08 10:14:00,12.459158,37.894054,3,2520
2025-07-08 10:24:00,12.459959,37.89423,3,2520
2025-07-08 10:34:00,12.460741,37.894398,3,2520
2025-07-08 10:44:00,12.461499,37.894547,3,2520
2025-07-08 10:54:00,12.462238,37.89468,3,2520
2025-07-08 11:04:00,12.462948,37.8948,3,2520
2025-07-08 11:14:00,12.463603,37.89487,3,2520
2025-07-08 11:24:00,12.463603,37.89487,3,2520
2025-07-08 11:34:00,12.463603,37.89487,3,2520
2025-07-08 11:44:00,12.463603,37.89487,3,2520
2025-07-08 11:54:00,12.463603,37.89487,3,2520
2025-07-08 12:04:00,12.463603,37.89487,3,2520
2025-07-08 12:14:00,12.463603,37.89487,3,2520
2025-07-08 12:24:00,12.463603,37.89487,3,2520
2025-07-08 12:34:00,12.463603,37.89487,3,2520
2025-07-08 12:44:00,12.463603,37.89487,3,2520
2025-07-08 12:54:00,12.463603,37.89487,3,2520
2025-07-08 13:04:00,12.463603,37.89487,3,2520
2025-07-08 13:14:00,12.463603,37.89487,3,2520
2025-07-08 13:24:00,12.463603,37.89487,3,2520
2025-07-08 13:34:00,12.463603,37.89487,3,2520
2025-07-08 13:44:00,12.463603,37.89487,3,2520
2025-07-08 13:54:00,12.463603,37.89487,3,2520
2025-07-08 14:04:00,12.463603,37.89487,3,2520
2025-07-08 14:14:00,12.463603,37.89487,3,2520
2025-07-08 14:24:00,12.463603,37.89487,3,2520
2025-07-08 14:34:00,12.463603,37.89487,3,2520
2025-07-08 14:44:00,12.463603,37.89487,3,2520
2025-07-08 14:54:00,12.463603,37.89487,3,2520
2025-07-08 15:04:00,12.463603,37.89487,3,2520
2025-07-08 15:14:00,12.463603,37.89487,3,2520
2025-07-08 15:24:00,12.463603,37.89487,3,2520
2025-07-08 15:34:00,12.463603,37.89487,3,2520
2025-07-08 15:44:00,12.463603,37.89487,3,2520
2025-07-08 15:54:00,12.463603,37.89487,3,2520
2025-07-08 16:04:00,12.463603,37.89487,3,2520
2025-07-08 16:14:00,12.463603,37.89487,3,2520
2025-07-08 16:24:00,12.463603,37.89487,3,2520
2025-07-08 16:34:00,12.463603,37.89487,3,2520
2025-07-08 16:44:00,12.463603,37.89487,3,2520
2025-07-08 16:54:00,12.463603,37.89487,3,2520
2025-07-08 17:04:00,12.463603,37.89487,3,2520
2025-07-08 17:14:00,12.463603,37.89487,3,2520
2025-07-08 17:24:00,12.463603,37.89487,3,2520
2025-07-08 17:34:00,12.463603,37.89487,3,2520
2025-07-08 17:44:00,12.463603,37.89487,3,2520
2025-07-08 17:54:00,12.463603,37.89487,3,2520
2025-07-08 18:04:00,12.463603,37.89487,3,2520
2025-07-08 18:14:00,12.463603,37.89487,3,2520
2025-07-08 18:24:00,12.463603,37.89487,3,2520
2025-07-08 18:34:00,12.463603,37.89487,3,2520
2025-07-08 18:44:00,12.463603,37.89487,3,2520
2025-07-08 18:54:00,12.463603,37.89487,3,2520
2025-07-08 19:04:00,12.463603,37.89487,3,2520
2025-07-08 19:14:00,12.463603,37.89487,3,2520
2025-07-08 19:24:00,12.463603,37.89487,3,2520
2025-07-08 19:34:00,12.463603,37.89487,3,2520
2025-07-08 19:44:00,12.463603,37.89487,3,2520
2025-07-08 19:54:00,12.463603,37.89487,3,2520
2025-07-08 20:04:00,12.463603,37.89487,3,2520
2025-07-08 20:14:00,12.463603,37.89487,3,2520
2025-07-08 20:24:00,12.463603,37.89487,3,2520
2025-07-08 20:34:00,12.463603,37.89487,3,2520
2025-07-08 20:44:00,12.463603,37.89487,3,2520
2025-07-08 20:54:00,12.463603,37.89487,3,2520
2025-07-08 21:04:00,12.463603,37.89487,3,2520
2025-07-08 21:14:00,12.463603,37.89487,3,2520
2025-07-08 21:24:00,12.463603,37.89487,3,2520
2025-07-08 21:34:00,12.463603,37.89487,3,2520
2025-07-08 21:44:00,12.463603,37.89487,3,2520
2025-07-08 21:54:00,12.463603,37.89487,3,2520
2025-07-08 22:04:00,12.463603,37.89487,3,2520
2025-07-08 22:14:00,12.463603,37.89487,3,2520
2025-07-08 22:24:00,12.463603,37.89487,3,2520
2025-07-08 22:34:00,12.463603,37.89487,3,2520
2025-07-08 22:44:00,12.463603,37.89487,3,2520
2025-07-08 22:54:00,12.463603,37.89487,3,2520
2025-07-08 23:04:00,12.463603,37.89487,3,2520
2025-07-08 23:14:00,12.463603,37.89487,3,2520
2025-07-08 23:24:00,12.463603,37.89487,3,2520
2025-07-08 23:34:00,12.463603,37.89487,3,2520
2025-07-08 23:44:00,12.463603,37.89487,3,2520
2025-07-08 23:54:00,12.463603,37.89487,3,2520
2025-07-09 00:04:00,12.463603,37.89487,3,2520
2025-07-09 00:14:00,12.463603,37.89487,3,2520
2025-07-09 00:24:00,12.463603,37.89487,3,2520
2025-07-09 00:34:00,12.463603,37.89487,3,2520
2025-07-09 00:44:00,12.463603,37.89487,3,2520
2025-07-09 00:54:00,12.463603,37.89487,3,2520
2025-07-09 01:04:00,12.463603,37.89487,3,2520
2025-07-09 01:14:00,12.463603,37.89487,3,2520
2025-07-09 01:24:00,12.463603,37.89487,3,2520
2025-07-09 01:34:00,12.463603,37.89487,3,2520
2025-07-09 01:44:00,12.463603,37.89487,3,2520
2025-07-09 01:54:00,12.463603,37.89487,3,2520
2025-07-09 02:04:00,12.463603,37.89487,3,2520
2025-07-09 02:14:00,12.463603,37.89487,3,2520
2025-07-09 02:24:00,12.463603,37.89487,3,2520
2025-07-09 02:34:00,12.463603,37.89487,3,2520
2025-07-09 02:44:00,12.463603,37.89487,3,2520
2025-07-09 02:54:00,12.463603,37.89487,3,2520
2025-07-09 03:04:00,12.463603,37.89487,3,2520
2025-07-09 03:14:00,12.463603,37.89487,3,2520
2025-07-09 03:24:00,12.463603,37.89487,3,2520
2025-07-09 03:34:00,12.463603,37.89487,3,2520
2025-07-09 03:44:00,12.463603,37.89487,3,2520
2025-07-09 03:54:00,12.463603,37.89487,3,2520
2025-07-09 04:04:00,12.463603,37.89487,3,2520
2025-07-09 04:14:00,12.463603,37.89487,3,2520
2025-07-09 04:24:00,12.463603,37.89487,3,2520
2025-07-09 04:34:00,12.463603,37.89487,3,2520
2025-07-09 04:44:00,12.463603,37.89487,3,2520
2025-07-09 04:54:00,12.463603,37.89487,3,2520
2025-07-09 05:04:00,12.463603,37.89487,3,2520
2025-07-09 05:14:00,12.463603,37.89487,3,2520
2025-07-09 05:24:00,12.463603,37.89487,3,2520
2025-07-09 05:34:00,12.463603,37.89487,3,2520
2025-07-09 05:44:00,12.463603,37.89487,3,2520
2025-07-09 05:54:00,12.463603,37.89487,3,2520
2025-07-09 06:04:00,12.463603,37.89487,3,2520
2025-07-09 06:14:00,12.463603,37.89487,3,2520
2025-07-09 06:24:00,12.463603,37.89487,3,2520
2025-07-09 06:34:00,12.463603,37.89487,3,2520
2025-07-09 06:44:00,12.463603,37.89487,3,2520
2025-07-09 06:54:00,12.463603,37.89487,3,2520
2025-07-09 07:04:00,12.463603,37.89487,3,2520
2025-07-09 07:14:00,12.463603,37.89487,3,2520
2025-07-09 07:24:00,12.463603,37.89487,3,2520
2025-07-09 07:34:00,12.463603,37.89487,3,2520
2025-07-09 07:44:00,12.463603,37.89487,3,2520
2025-07-09 07:54:00,12.463603,37.89487,3,2520
2025-07-09 08:04:00,12.463603,37.89487,3,2520
2025-07-09 08:14:00,12.463603,37.89487,3,2520
2025-07-09 08:24:00,12.463603,37.89487,3,2520
2025-07-09 08:34:00,12.463603,37.89487,3,2520
2025-07-09 08:44:00,12.463603,37.89487,3,2520
2025-07-09 08:54:00,12.463603,37.89487,3,2520
2025-07-09 09:04:00,12.463603,37.89487,3,2520
2025-07-09 09:14:00,12.463603,37.89487,3,2520
2025-07-09 09:24:00,12.463603,37.89487,3,2520
2025-07-09 09:34:00,12.463603,37.89487,3,2520
2025-07-09 09:44:00,12.463603,37.89487,3,2520
2025-07-09 09:54:00,12.463603,37.89487,3,2520
2025-07-09 10:04:00,12.463603,37.89487,3,2520
2025-07-09 10:14:00,12.463603,37.89487,3,2520
2025-07-09 10:24:00,12.463603,37.89487,3,2520
2025-07-09 10:34:00,12.463603,37.89487,3,2520
2025-07-09 10:44:00,12.463603,37.89487,3,2520
2025-07-09 10:54:00,12.463603,37.89487,3,2520
2025-07-09 11:04:00,12.463603,37.89487,3,2520
2025-07-09 11:14:00,12.463603,37.89487,3,2520
2025-07-09 11:24:00,12.463603,37.89487,3,2520
2025-07-09 11:34:00,12.463603,37.89487,3,2520
2025-07-09 11:44:00,12.463603,37.89487,3,2520
2025-07-09 11:54:00,12.463603,37.89487,3,2520
2025-07-09 12:04:00,12.463603,37.89487,3,2520
2025-07-09 12:14:00,12.463603,37.89487,3,2520
2025-07-09 12:24:00,12.463603,37.89487,3,2520
2025-07-09 12:34:00,12.463603,37.89487,3,2520
2025-07-09 12:44:00,12.463603,37.89487,3,2520
2025-07-09 12:54:00,12.463603,37.89487,3,2520
2025-07-09 13:04:00,12.463603,37.89487,3,2520
2025-07-09 13:14:00,12.463603,37.89487,3,2520
2025-07-09 13:24:00,12.463717,37.894352,3,2520
2025-07-09 13:34:00,12.463717,37.894352,3,2520
2025-07-09 13:44:00,12.463717,37.894352,3,2520
2025-07-09 13:54:00,12.463717,37.894352,3,2520
2025-07-09 14:04:00,12.463717,37.894352,3,2520
2025-07-09 14:14:00,12.463717,37.894352,3,2520
2025-07-09 14:24:00,12.463728,37.893757,3,2520
2025-07-09 14:34:00,12.46374,37.89253,3,2520
2025-07-09 14:44:00,12.46375,37.89124,3,2520
2025-07-09 14:54:00,12.463768,37.88992,3,2520
2025-07-09 15:04:00,12.463781,37.88857,3,2520
2025-07-09 15:14:00,12.463774,37.887215,3,2520
2025-07-09 15:24:00,12.463761,37.885883,3,2520
2025-07-09 15:34:00,12.463768,37.884563,3,2520
2025-07-09 15:44:00,12.463796,37.88327,3,2520
2025-07-09 15:54:00,12.463779,37.882114,3,2520
2025-07-09 16:04:00,12.463734,37.88107,3,2520
2025-07-09 16:14:00,12.463708,37.88056,3,2520
2025-07-09 16:24:00,12.463708,37.88056,3,2520
2025-07-09 16:34:00,12.463708,37.88056,3,2520
2025-07-09 16:44:00,12.463708,37.88056,3,2520
2025-07-09 16:54:00,12.463708,37.88056,3,2520
2025-07-09 17:04:00,12.463708,37.88056,3,2520
2025-07-09 17:14:00,12.463708,37.88056,3,2520
2025-07-09 17:24:00,12.463708,37.88056,3,2520
2025-07-09 17:34:00,12.463708,37.88056,3,2520
2025-07-09 17:44:00,12.463708,37.88056,3,2520
2025-07-09 17:54:00,12.463708,37.88056,3,2520
2025-07-09 18:04:00,12.463708,37.88056,3,2520
2025-07-09 18:14:00,12.463708,37.88056,3,2520
2025-07-09 18:24:00,12.463708,37.88056,3,2520
2025-07-09 18:34:00,12.463708,37.88056,3,2520
2025-07-09 18:44:00,12.463708,37.88056,3,2520
2025-07-09 18:54:00,12.463708,37.88056,3,2520
2025-07-09 19:04:00,12.463708,37.88056,3,2520
2025-07-09 19:14:00,12.463708,37.88056,3,2520
2025-07-09 19:24:00,12.463708,37.88056,3,2520
2025-07-09 19:34:00,12.463708,37.88056,3,2520
2025-07-09 19:44:00,12.463708,37.88056,3,2520
2025-07-09 19:54:00,12.463708,37.88056,3,2520
2025-07-09 20:04:00,12.463708,37.88056,3,2520
2025-07-09 20:14:00,12.463708,37.88056,3,2520
2025-07-09 20:24:00,12.463708,37.88056,3,2520
2025-07-09 20:34:00,12.463708,37.88056,3,2520
2025-07-09 20:44:00,12.463708,37.88056,3,2520
2025-07-09 20:54:00,12.463701,37.880245,3,2520
2025-07-09 21:04:00,12.463704,37.879936,3,2520
2025-07-09 21:14:00,12.463704,37.879936,3,2520
2025-07-09 21:24:00,12.463704,37.879936,3,2520
2025-07-09 21:34:00,12.463704,37.879936,3,2520
2025-07-09 21:44:00,12.463704,37.879936,3,2520
2025-07-09 21:54:00,12.463704,37.879936,3,2520
2025-07-09 22:04:00,12.463704,37.879936,3,2520
2025-07-09 22:14:00,12.46371,37.87961,3,2520
2025-07-09 22:24:00,12.463723,37.878956,3,2520
2025-07-09 22:34:00,12.463738,37.878304,3,2520
2025-07-09 22:44:00,12.463754,37.87765,3,2520
2025-07-09 22:54:00,12.463767,37.87699,3,2520
2025-07-09 23:04:00,12.463777,37.876324,3,2520
2025-07-09 23:14:00,12.463774,37.875656,3,2520
2025-07-09 23:24:00,12.463762,37.875008,3,2520
2025-07-09 23:34:00,12.463745,37.874382,3,2520
2025-07-09 23:44:00,12.463721,37.87378,3,2520
2025-07-09 23:54:00,12.463703,37.873188,3,2520
2025-07-10 00:04:00,12.463739,37.872673,3,2520
2025-07-08 07:44:00,12.44976,37.88919,3,7520
2025-07-08 07:54:00,12.450245,37.8896,3,7520
2025-07-08 08:04:00,12.450759,37.89001,3,7520
2025-07-08 08:14:00,12.451287,37.890415,3,7520
2025-07-08 08:24:00,12.451827,37.8908,3,7520
2025-07-08 08:34:00,12.452376,37.891174,3,7520
2025-07-08 08:44:00,12.452935,37.89155,3,7520
2025-07-08 08:54:00,12.453503,37.891922,3,7520
2025-07-08 09:04:00,12.454076,37.89228,3,7520
2025-07-08 09:14:00,12.454677,37.892624,3,7520
2025-07-08 09:24:00,12.4553175,37.892937,3,7520
2025-07-08 09:34:00,12.4559965,37.893223,3,7520
2025-07-08 09:44:00,12.456715,37.893482,3,7520
2025-07-08 09:54:00,12.457477,37.893707,3,7520
2025-07-08 10:04:00,12.458285,37.893906,3,7520
2025-07-08 10:14:00,12.459101,37.89409,3,7520
2025-07-08 10:24:00,12.459901,37.894264,3,7520
2025-07-08 10:34:00,12.460682,37.89443,3,7520
2025-07-08 10:44:00,12.461441,37.894577,3,7520
2025-07-08 10:54:00,12.462179,37.89471,3,7520
2025-07-08 11:04:00,12.462891,37.894833,3,7520
2025-07-08 11:14:00,12.463546,37.8949,3,7520
2025-07-08 11:24:00,12.463546,37.8949,3,7520
2025-07-08 11:34:00,12.463546,37.8949,3,7520
2025-07-08 11:44:00,12.463546,37.8949,3,7520
2025-07-08 11:54:00,12.463546,37.8949,3,7520
2025-07-08 12:04:00,12.463546,37.8949,3,7520
2025-07-08 12:14:00,12.463546,37.8949,3,7520
2025-07-08 12:24:00,12.463546,37.8949,3,7520
2025-07-08 12:34:00,12.463546,37.8949,3,7520
2025-07-08 12:44:00,12.463546,37.8949,3,7520
2025-07-08 12:54:00,12.463546,37.8949,3,7520
2025-07-08 13:04:00,12.463546,37.8949,3,7520
2025-07-08 13:14:00,12.463546,37.8949,3,7520
2025-07-08 13:24:00,12.463546,37.8949,3,7520
2025-07-08 13:34:00,12.463546,37.8949,3,7520
2025-07-08 13:44:00,12.463546,37.8949,3,7520
2025-07-08 13:54:00,12.463546,37.8949,3,7520
2025-07-08 14:04:00,12.463546,37.8949,3,7520
2025-07-08 14:14:00,12.463546,37.8949,3,7520
2025-07-08 14:24:00,12.463546,37.8949,3,7520
2025-07-08 14:34:00,12.463546,37.8949,3,7520
2025-07-08 14:44:00,12.463546,37.8949,3,7520
2025-07-08 14:54:00,12.463546,37.8949,3,7520
2025-07-08 15:04:00,12.463546,37.8949,3,7520
2025-07-08 15:14:00,12.463546,37.8949,3,7520
2025-07-08 15:24:00,12.463546,37.8949,3,7520
2025-07-08 15:34:00,12.463546,37.8949,3,7520
2025-07-08 15:44:00,12.463546,37.8949,3,7520
2025-07-08 15:54:00,12.463546,37.8949,3,7520
2025-07-08 16:04:00,12.463546,37.8949,3,7520
2025-07-08 16:14:00,12.463546,37.8949,3,7520
2025-07-08 16:24:00,12.463546,37.8949,3,7520
2025-07-08 16:34:00,12.463546,37.8949,3,7520
2025-07-08 16:44:00,12.463546,37.8949,3,7520
2025-07-08 16:54:00,12.463546,37.8949,3,7520
2025-07-08 17:04:00,12.463546,37.8949,3,7520
2025-07-08 17:14:00,12.463546,37.8949,3,7520
2025-07-08 17:24:00,12.463546,37.8949,3,7520
2025-07-08 17:34:00,12.463546,37.8949,3,7520
2025-07-08 17:44:00,12.463546,37.8949,3,7520
2025-07-08 17:54:00,12.463546,37.8949,3,7520
2025-07-08 18:04:00,12.463546,37.8949,3,7520
2025-07-08 18:14:00,12.463546,37.8949,3,7520
2025-07-08 18:24:00,12.463546,37.8949,3,7520
2025-07-08 18:34:00,12.463546,37.8949,3,7520
2025-07-08 18:44:00,12.463546,37.8949,3,7520
2025-07-08 18:54:00,12.463546,37.8949,3,7520
2025-07-08 19:04:00,12.463546,37.8949,3,7520
2025-07-08 19:14:00,12.463546,37.8949,3,7520
2025-07-08 19:24:00,12.463546,37.8949,3,7520
2025-07-08 19:34:00,12.463546,37.8949,3,7520
2025-07-08 19:44:00,12.463546,37.8949,3,7520
2025-07-08 19:54:00,12.463546,37.8949,3,7520
2025-07-08 20:04:00,12.463546,37.8949,3,7520
2025-07-08 20:14:00,12.463546,37.8949,3,7520
2025-07-08 20:24:00,12.463546,37.8949,3,7520
2025-07-08 20:34:00,12.463546,37.8949,3,7520
2025-07-08 20:44:00,12.463546,37.8949,3,7520
2025-07-08 20:54:00,12.463546,37.8949,3,7520
2025-07-08 21:04:00,12.463546,37.8949,3,7520
2025-07-08 21:14:00,12.463546,37.8949,3,7520
2025-07-08 21:24:00,12.463546,37.8949,3,7520
2025-07-08 21:34:00,12.463546,37.8949,3,7520
2025-07-08 21:44:00,12.463546,37.8949,3,7520
2025-07-08 21:54:00,12.463546,37.8949,3,7520
2025-07-08 22:04:00,12.463546,37.8949,3,7520
2025-07-08 22:14:00,12.463546,37.8949,3,7520
2025-07-08 22:24:00,12.463546,37.8949,3,7520
2025-07-08 22:34:00,12.463546,37.8949,3,7520
2025-07-08 22:44:00,12.463546,37.8949,3,7520
2025-07-08 22:54:00,12.463546,37.8949,3,7520
2025-07-08 23:04:00,12.463546,37.8949,3,7520
2025-07-08 23:14:00,12.463546,37.8949,3,7520
2025-07-08 23:24:00,12.463546,37.8949,3,7520
2025-07-08 23:34:00,12.463546,37.8949,3,7520
2025-07-08 23:44:00,12.463546,37.8949,3,7520
2025-07-08 23:54:00,12.463546,37.8949,3,7520
2025-07-09 00:04:00,12.463546,37.8949,3,7520
2025-07-09 00:14:00,12.463546,37.8949,3,7520
2025-07-09 00:24:00,12.463546,37.8949,3,7520
2025-07-09 00:34:00,12.463546,37.8949,3,7520
2025-07-09 00:44:00,12.463546,37.8949,3,7520
2025-07-09 00:54:00,12.463546,37.8949,3,7520
2025-07-09 01:04:00,12.463546,37.8949,3,7520
2025-07-09 01:14:00,12.463546,37.8949,3,7520
2025-07-09 01:24:00,12.463546,37.8949,3,7520
2025-07-09 01:34:00,12.463546,37.8949,3,7520
2025-07-09 01:44:00,12.463546,37.8949,3,7520
2025-07-09 01:54:00,12.463546,37.8949,3,7520
2025-07-09 02:04:00,12.463546,37.8949,3,7520
2025-07-09 02:14:00,12.463546,37.8949,3,7520
2025-07-09 02:24:00,12.463546,37.8949,3,7520
2025-07-09 02:34:00,12.463546,37.8949,3,7520
2025-07-09 02:44:00,12.463546,37.8949,3,7520
2025-07-09 02:54:00,12.463546,37.8949,3,7520
2025-07-09 03:04:00,12.463546,37.8949,3,7520
2025-07-09 03:14:00,12.463546,37.8949,3,7520
2025-07-09 03:24:00,12.463546,37.8949,3,7520
2025-07-09 03:34:00,12.463546,37.8949,3,7520
2025-07-09 03:44:00,12.463546,37.8949,3,7520
2025-07-09 03:54:00,12.463546,37.8949,3,7520
2025-07-09 04:04:00,12.463546,37.8949,3,7520
2025-07-09 04:14:00,12.463546,37.8949,3,7520
2025-07-09 04:24:00,12.463546,37.8949,3,7520
2025-07-09 04:34:00,12.463546,37.8949,3,7520
2025-07-09 04:44:00,12.463546,37.8949,3,7520
2025-07-09 04:54:00,12.463546,37.8949,3,7520
2025-07-09 05:04:00,12.463546,37.8949,3,7520
2025-07-09 05:14:00,12.463546,37.8949,3,7520
2025-07-09 05:24:00,12.463546,37.8949,3,7520
2025-07-09 05:34:00,12.463546,37.8949,3,7520
2025-07-09 05:44:00,12.463546,37.8949,3,7520
2025-07-09 05:54:00,12.463546,37.8949,3,7520
2025-07-09 06:04:00,12.463546,37.8949,3,7520
2025-07-09 06:14:00,12.463546,37.8949,3,7520
2025-07-09 06:24:00,12.463546,37.8949,3,7520
2025-07-09 06:34:00,12.463546,37.8949,3,7520
2025-07-09 06:44:00,12.463546,37.8949,3,7520
2025-07-09 06:54:00,12.463546,37.8949,3,7520
2025-07-09 07:04:00,12.463546,37.8949,3,7520
2025-07-09 07:14:00,12.463546,37.8949,3,7520
2025-07-09 07:24:00,12.463546,37.8949,3,7520
2025-07-09 07:34:00,12.463546,37.8949,3,7520
2025-07-09 07:44:00,12.463546,37.8949,3,7520
2025-07-09 07:54:00,12.463546,37.8949,3,7520
2025-07-09 08:04:00,12.463725,37.894447,3,7520
2025-07-09 08:14:00,12.463725,37.894447,3,7520
2025-07-09 08:24:00,12.463725,37.894447,3,7520
2025-07-09 08:34:00,12.463725,37.894447,3,7520
2025-07-09 08:44:00,12.463725,37.894447,3,7520
2025-07-09 08:54:00,12.463725,37.894447,3,7520
2025-07-09 09:04:00,12.463725,37.894447,3,7520
2025-07-09 09:14:00,12.463725,37.894447,3,7520
2025-07-09 09:24:00,12.463725,37.894447,3,7520
2025-07-09 09:34:00,12.463725,37.894447,3,7520
2025-07-09 09:44:00,12.463725,37.894447,3,7520
2025-07-09 09:54:00,12.463725,37.894447,3,7520
2025-07-09 10:04:00,12.463725,37.894447,3,7520
2025-07-09 10:14:00,12.463725,37.894447,3,7520
2025-07-09 10:24:00,12.463725,37.894447,3,7520
2025-07-09 10:34:00,12.463725,37.894447,3,7520
2025-07-09 10:44:00,12.463725,37.894447,3,7520
2025-07-09 10:54:00,12.463725,37.894447,3,7520
2025-07-09 11:04:00,12.463725,37.894447,3,7520
2025-07-09 11:14:00,12.463725,37.894447,3,7520
2025-07-09 11:24:00,12.463725,37.894447,3,7520
2025-07-09 11:34:00,12.463725,37.894447,3,7520
2025-07-09 11:44:00,12.463725,37.894447,3,7520
2025-07-09 11:54:00,12.463725,37.894447,3,7520
2025-07-09 12:04:00,12.463725,37.894447,3,7520
2025-07-09 12:14:00,12.463725,37.894447,3,7520
2025-07-09 12:24:00,12.463725,37.894447,3,7520
2025-07-09 12:34:00,12.463725,37.894447,3,7520
2025-07-09 12:44:00,12.463725,37.894447,3,7520
2025-07-09 12:54:00,12.463725,37.894447,3,7520
2025-07-09 13:04:00,12.463725,37.894447,3,7520
2025-07-09 13:14:00,12.463725,37.894447,3,7520
2025-07-09 13:24:00,12.463725,37.894447,3,7520
2025-07-09 13:34:00,12.463725,37.894447,3,7520
2025-07-09 13:44:00,12.463725,37.894447,3,7520
2025-07-09 13:54:00,12.463725,37.894447,3,7520
2025-07-09 14:04:00,12.463725,37.894447,3,7520
2025-07-09 14:14:00,12.463725,37.894447,3,7520
2025-07-09 14:24:00,12.463725,37.894447,3,7520
2025-07-09 14:34:00,12.463725,37.893234,3,7520
2025-07-09 14:44:00,12.463718,37.89196,3,7520
2025-07-09 14:54:00,12.463713,37.89064,3,7520
2025-07-09 15:04:00,12.463717,37.88929,3,7520
2025-07-09 15:14:00,12.463712,37.887936,3,7520
2025-07-09 15:24:00,12.463698,37.886604,3,7520
2025-07-09 15:34:00,12.463686,37.88529,3,7520
2025-07-09 15:44:00,12.463694,37.88399,3,7520
2025-07-09 15:54:00,12.463687,37.88276,3,7520
2025-07-09 16:04:00,12.463642,37.88167,3,7520
2025-07-09 16:14:00,12.463614,37.881157,3,7520
2025-07-09 16:24:00,12.463614,37.881157,3,7520
2025-07-09 16:34:00,12.463614,37.881157,3,7520
2025-07-09 16:44:00,12.463614,37.881157,3,7520
2025-07-09 16:54:00,12.463614,37.881157,3,7520
2025-07-09 17:04:00,12.463614,37.881157,3,7520
2025-07-09 17:14:00,12.463614,37.881157,3,7520
2025-07-09 17:24:00,12.463614,37.881157,3,7520
2025-07-09 17:34:00,12.463614,37.881157,3,7520
2025-07-09 17:44:00,12.463614,37.881157,3,7520
2025-07-09 17:54:00,12.463614,37.881157,3,7520
2025-07-09 18:04:00,12.463614,37.881157,3,7520
2025-07-09 18:14:00,12.463614,37.881157,3,7520
2025-07-09 18:24:00,12.463614,37.881157,3,7520
2025-07-09 18:34:00,12.463614,37.881157,3,7520
2025-07-09 18:44:00,12.463614,37.881157,3,7520
2025-07-09 18:54:00,12.463614,37.881157,3,7520
2025-07-09 19:04:00,12.463614,37.881157,3,7520
2025-07-09 19:14:00,12.463614,37.881157,3,7520
2025-07-09 19:24:00,12.463614,37.881157,3,7520
2025-07-09 19:34:00,12.463614,37.881157,3,7520
2025-07-09 19:44:00,12.463614,37.881157,3,7520
2025-07-09 19:54:00,12.463614,37.881157,3,7520
2025-07-09 20:04:00,12.463614,37.881157,3,7520
2025-07-09 20:14:00,12.463614,37.881157,3,7520
2025-07-09 20:24:00,12.463614,37.881157,3,7520
2025-07-09 20:34:00,12.463614,37.881157,3,7520
2025-07-09 20:44:00,12.463614,37.881157,3,7520
2025-07-09 20:54:00,12.463614,37.881157,3,7520
2025-07-09 21:04:00,12.463614,37.881157,3,7520
2025-07-09 21:14:00,12.463614,37.881157,3,7520
2025-07-09 21:24:00,12.463614,37.881157,3,7520
2025-07-09 21:34:00,12.463614,37.881157,3,7520
2025-07-09 21:44:00,12.463614,37.881157,3,7520
2025-07-09 21:54:00,12.463614,37.881157,3,7520
2025-07-09 22:04:00,12.463614,37.881157,3,7520
2025-07-09 22:14:00,12.463614,37.881157,3,7520
2025-07-09 22:24:00,12.463614,37.881157,3,7520
2025-07-09 22:34:00,12.463656,37.88083,3,7520
2025-07-09 22:44:00,12.463742,37.880196,3,7520
2025-07-09 22:54:00,12.463828,37.879593,3,7520
2025-07-09 23:04:00,12.463916,37.878994,3,7520
2025-07-09 23:14:00,12.463997,37.87841,3,7520
2025-07-09 23:24:00,12.464067,37.877842,3,7520
2025-07-09 23:34:00,12.464124,37.87728,3,7520
2025-07-09 23:44:00,12.464167,37.87673,3,7520
2025-07-09 23:54:00,12.464197,37.876194,3,7520
2025-07-10 00:04:00,12.464251,37.875713,3,7520
2025-07-08 07:44:00,12.44983,37.88919,3,930
2025-07-08 07:54:00,12.450315,37.889595,3,930
2025-07-08 08:04:00,12.4508295,37.890007,3,930
2025-07-08 08:14:00,12.451358,37.89041,3,930
2025-07-08 08:24:00,12.451898,37.890797,3,930
2025-07-08 08:34:00,12.452446,37.89117,3,930
2025-07-08 08:44:00,12.453006,37.891544,3,930
2025-07-08 08:54:00,12.453573,37.89192,3,930
2025-07-08 09:04:00,12.454145,37.89228,3,930
2025-07-08 09:14:00,12.454747,37.89262,3,930
2025-07-08 09:24:00,12.455389,37.892933,3,930
2025-07-08 09:34:00,12.456068,37.89322,3,930
2025-07-08 09:44:00,12.456787,37.893475,3,930
2025-07-08 09:54:00,12.457551,37.893703,3,930
2025-07-08 10:04:00,12.458361,37.893898,3,930
2025-07-08 10:14:00,12.459177,37.89408,3,930
2025-07-08 10:24:00,12.459977,37.894257,3,930
2025-07-08 10:34:00,12.460758,37.894424,3,930
2025-07-08 10:44:00,12.461516,37.894573,3,930
2025-07-08 10:54:00,12.462255,37.894707,3,930
2025-07-08 11:04:00,12.462964,37.894825,3,930
2025-07-08 11:14:00,12.463618,37.894894,3,930
2025-07-08 11:24:00,12.463618,37.894894,3,930
2025-07-08 11:34:00,12.463618,37.894894,3,930
2025-07-08 11:44:00,12.463618,37.894894,3,930
2025-07-08 11:54:00,12.463618,37.894894,3,930
2025-07-08 12:04:00,12.463618,37.894894,3,930
2025-07-08 12:14:00,12.463618,37.894894,3,930
2025-07-08 12:24:00,12.463618,37.894894,3,930
2025-07-08 12:34:00,12.463618,37.894894,3,930
2025-07-08 12:44:00,12.463618,37.894894,3,930
2025-07-08 12:54:00,12.463618,37.894894,3,930
2025-07-08 13:04:00,12.463618,37.894894,3,930
2025-07-08 13:14:00,12.463618,37.894894,3,930
2025-07-08 13:24:00,12.463618,37.894894,3,930
2025-07-08 13:34:00,12.463618,37.894894,3,930
2025-07-08 13:44:00,12.463618,37.894894,3,930
2025-07-08 13:54:00,12.463618,37.894894,3,930
2025-07-08 14:04:00,12.463618,37.894894,3,930
2025-07-08 14:14:00,12.463618,37.894894,3,930
2025-07-08 14:24:00,12.463618,37.894894,3,930
2025-07-08 14:34:00,12.463618,37.894894,3,930
2025-07-08 14:44:00,12.463618,37.894894,3,930
2025-07-08 14:54:00,12.463618,37.894894,3,930
2025-07-08 15:04:00,12.463618,37.894894,3,930
2025-07-08 15:14:00,12.463618,37.894894,3,930
2025-07-08 15:24:00,12.463618,37.894894,3,930
2025-07-08 15:34:00,12.463618,37.894894,3,930
2025-07-08 15:44:00,12.463618,37.894894,3,930
2025-07-08 15:54:00,12.463618,37.894894,3,930
2025-07-08 16:04:00,12.463618,37.894894,3,930
2025-07-08 16:14:00,12.463618,37.894894,3,930
2025-07-08 16:24:00,12.463618,37.894894,3,930
2025-07-08 16:34:00,12.463618,37.894894,3,930
2025-07-08 16:44:00,12.463618,37.894894,3,930
2025-07-08 16:54:00,12.463618,37.894894,3,930
2025-07-08 17:04:00,12.463618,37.894894,3,930
2025-07-08 17:14:00,12.463618,37.894894,3,930
2025-07-08 17:24:00,12.463618,37.894894,3,930
2025-07-08 17:34:00,12.463618,37.894894,3,930
2025-07-08 17:44:00,12.463618,37.894894,3,930
2025-07-08 17:54:00,12.463618,37.894894,3,930
2025-07-08 18:04:00,12.463618,37.894894,3,930
2025-07-08 18:14:00,12.463618,37.894894,3,930
2025-07-08 18:24:00,12.463618,37.894894,3,930
2025-07-08 18:34:00,12.463618,37.894894,3,930
2025-07-08 18:44:00,12.463618,37.894894,3,930
2025-07-08 18:54:00,12.463618,37.894894,3,930
2025-07-08 19:04:00,12.463618,37.894894,3,930
2025-07-08 19:14:00,12.463618,37.894894,3,930
2025-07-08 19:24:00,12.463618,37.894894,3,930
2025-07-08 19:34:00,12.463618,37.894894,3,930
2025-07-08 19:44:00,12.463618,37.894894,3,930
2025-07-08 19:54:00,12.463618,37.894894,3,930
2025-07-08 20:04:00,12.463618,37.894894,3,930
2025-07-08 20:14:00,12.463618,37.894894,3,930
2025-07-08 20:24:00,12.463618,37.894894,3,930
2025-07-08 20:34:00,12.463618,37.894894,3,930
2025-07-08 20:44:00,12.463618,37.894894,3,930
2025-07-08 20:54:00,12.463618,37.894894,3,930
2025-07-08 21:04:00,12.463618,37.894894,3,930
2025-07-08 21:14:00,12.463618,37.894894,3,930
2025-07-08 21:24:00,12.463618,37.894894,3,930
2025-07-08 21:34:00,12.463618,37.894894,3,930
2025-07-08 21:44:00,12.463618,37.894894,3,930
2025-07-08 21:54:00,12.463618,37.894894,3,930
2025-07-08 22:04:00,12.463618,37.894894,3,930
2025-07-08 22:14:00,12.463618,37.894894,3,930
2025-07-08 22:24:00,12.463618,37.894894,3,930
2025-07-08 22:34:00,12.463618,37.894894,3,930
2025-07-08 22:44:00,12.463618,37.894894,3,930
2025-07-08 22:54:00,12.463618,37.894894,3,930
2025-07-08 23:04:00,12.463618,37.894894,3,930
2025-07-08 23:14:00,12.463618,37.894894,3,930
2025-07-08 23:24:00,12.463618,37.894894,3,930
2025-07-08 23:34:00,12.463618,37.894894,3,930
2025-07-08 23:44:00,12.463618,37.894894,3,930
2025-07-08 23:54:00,12.463618,37.894894,3,930
2025-07-09 00:04:00,12.463618,37.894894,3,930
2025-07-09 00:14:00,12.463618,37.894894,3,930
2025-07-09 00:24:00,12.463618,37.894894,3,930
2025-07-09 00:34:00,12.463618,37.894894,3,930
2025-07-09 00:44:00,12.463618,37.894894,3,930
2025-07-09 00:54:00,12.463618,37.894894,3,930
2025-07-09 01:04:00,12.463618,37.894894,3,930
2025-07-09 01:14:00,12.463618,37.894894,3,930
2025-07-09 01:24:00,12.463618,37.894894,3,930
2025-07-09 01:34:00,12.463618,37.894894,3,930
2025-07-09 01:44:00,12.463618,37.894894,3,930
2025-07-09 01:54:00,12.463618,37.894894,3,930
2025-07-09 02:04:00,12.463618,37.894894,3,930
2025-07-09 02:14:00,12.463618,37.894894,3,930
2025-07-09 02:24:00,12.463618,37.894894,3,930
2025-07-09 02:34:00,12.463618,37.894894,3,930
2025-07-09 02:44:00,12.463618,37.894894,3,930
2025-07-09 02:54:00,12.463618,37.894894,3,930
2025-07-09 03:04:00,12.463618,37.894894,3,930
2025-07-09 03:14:00,12.463618,37.894894,3,930
2025-07-09 03:24:00,12.463618,37.894894,3,930
2025-07-09 03:34:00,12.463618,37.894894,3,930
2025-07-09 03:44:00,12.463618,37.894894,3,930
2025-07-09 03:54:00,12.463618,37.894894,3,930
2025-07-09 04:04:00,12.463618,37.894894,3,930
2025-07-09 04:14:00,12.463618,37.894894,3,930
2025-07-09 04:24:00,12.463618,37.894894,3,930
2025-07-09 04:34:00,12.463618,37.894894,3,930
2025-07-09 04:44:00,12.463618,37.894894,3,930
2025-07-09 04:54:00,12.463618,37.894894,3,930
2025-07-09 05:04:00,12.463618,37.894894,3,930
2025-07-09 05:14:00,12.463618,37.894894,3,930
2025-07-09 05:24:00,12.463618,37.894894,3,930
2025-07-09 05:34:00,12.463618,37.894894,3,930
2025-07-09 05:44:00,12.463618,37.894894,3,930
2025-07-09 05:54:00,12.463618,37.894894,3,930
2025-07-09 06:04:00,12.463618,37.894894,3,930
2025-07-09 06:14:00,12.463618,37.894894,3,930
2025-07-09 06:24:00,12.463618,37.894894,3,930
2025-07-09 06:34:00,12.463618,37.894894,3,930
2025-07-09 06:44:00,12.463618,37.894894,3,930
2025-07-09 06:54:00,12.463618,37.894894,3,930
2025-07-09 07:04:00,12.463618,37.894894,3,930
2025-07-09 07:14:00,12.463618,37.894894,3,930
2025-07-09 07:24:00,12.463618,37.894894,3,930
2025-07-09 07:34:00,12.463618,37.894894,3,930
2025-07-09 07:44:00,12.463618,37.894894,3,930
2025-07-09 07:54:00,12.463618,37.894894,3,930
2025-07-09 08:04:00,12.463618,37.894894,3,930
2025-07-09 08:14:00,12.463618,37.894894,3,930
2025-07-09 08:24:00,12.463618,37.894894,3,930
2025-07-09 08:34:00,12.463618,37.894894,3,930
2025-07-09 08:44:00,12.463618,37.894894,3,930
2025-07-09 08:54:00,12.463618,37.894894,3,930
2025-07-09 09:04:00,12.463618,37.894894,3,930
2025-07-09 09:14:00,12.463618,37.894894,3,930
2025-07-09 09:24:00,12.463618,37.894894,3,930
2025-07-09 09:34:00,12.463618,37.894894,3,930
2025-07-09 09:44:00,12.463618,37.894894,3,930
2025-07-09 09:54:00,12.463618,37.894894,3,930
2025-07-09 10:04:00,12.463618,37.894894,3,930
2025-07-09 10:14:00,12.463618,37.894894,3,930
2025-07-09 10:24:00,12.463618,37.894894,3,930
2025-07-09 10:34:00,12.463618,37.894894,3,930
2025-07-09 10:44:00,12.463618,37.894894,3,930
2025-07-09 10:54:00,12.463618,37.894894,3,930
2025-07-09 11:04:00,12.463618,37.894894,3,930
2025-07-09 11:14:00,12.463618,37.894894,3,930
2025-07-09 11:24:00,12.463618,37.894894,3,930
2025-07-09 11:34:00,12.463618,37.894894,3,930
2025-07-09 11:44:00,12.463618,37.894894,3,930
2025-07-09 11:54:00,12.463618,37.894894,3,930
2025-07-09 12:04:00,12.463618,37.894894,3,930
2025-07-09 12:14:00,12.463618,37.894894,3,930
2025-07-09 12:24:00,12.463618,37.894894,3,930
2025-07-09 12:34:00,12.463618,37.894894,3,930
2025-07-09 12:44:00,12.463618,37.894894,3,930
2025-07-09 12:54:00,12.463618,37.894894,3,930
2025-07-09 13:04:00,12.463618,37.894894,3,930
2025-07-09 13:14:00,12.463618,37.894894,3,930
2025-07-09 13:24:00,12.463618,37.894894,3,930
2025-07-09 13:34:00,12.463722,37.89437,3,930
2025-07-09 13:44:00,12.463722,37.89437,3,930
2025-07-09 13:54:00,12.463722,37.89437,3,930
2025-07-09 14:04:00,12.463722,37.89437,3,930
2025-07-09 14:14:00,12.463722,37.89437,3,930
2025-07-09 14:24:00,12.463722,37.89437,3,930
2025-07-09 14:34:00,12.463724,37.893154,3,930
2025-07-09 14:44:00,12.463719,37.89188,3,930
2025-07-09 14:54:00,12.4637165,37.89056,3,930
2025-07-09 15:04:00,12.463721,37.889206,3,930
2025-07-09 15:14:00,12.463716,37.887856,3,930
2025-07-09 15:24:00,12.463703,37.886524,3,930
2025-07-09 15:34:00,12.463692,37.88521,3,930
2025-07-09 15:44:00,12.463701,37.88391,3,930
2025-07-09 15:54:00,12.463694,37.882687,3,930
2025-07-09 16:04:00,12.463649,37.881603,3,930
2025-07-09 16:14:00,12.463621,37.881092,3,930
2025-07-09 16:24:00,12.463621,37.881092,3,930
2025-07-09 16:34:00,12.463621,37.881092,3,930
2025-07-09 16:44:00,12.463621,37.881092,3,930
2025-07-09 16:54:00,12.463621,37.881092,3,930
2025-07-09 17:04:00,12.463621,37.881092,3,930
2025-07-09 17:14:00,12.463621,37.881092,3,930
2025-07-09 17:24:00,12.463621,37.881092,3,930
2025-07-09 17:34:00,12.463621,37.881092,3,930
2025-07-09 17:44:00,12.463621,37.881092,3,930
2025-07-09 17:54:00,12.463621,37.881092,3,930
2025-07-09 18:04:00,12.463621,37.881092,3,930
2025-07-09 18:14:00,12.463621,37.881092,3,930
2025-07-09 18:24:00,12.463621,37.881092,3,930
2025-07-09 18:34:00,12.463621,37.881092,3,930
2025-07-09 18:44:00,12.463621,37.881092,3,930
2025-07-09 18:54:00,12.463621,37.881092,3,930
2025-07-09 19:04:00,12.463621,37.881092,3,930
2025-07-09 19:14:00,12.463621,37.881092,3,930
2025-07-09 19:24:00,12.463621,37.881092,3,930
2025-07-09 19:34:00,12.463621,37.881092,3,930
2025-07-09 19:44:00,12.463621,37.881092,3,930
2025-07-09 19:54:00,12.463621,37.881092,3,930
2025-07-09 20:04:00,12.463621,37.881092,3,930
2025-07-09 20:14:00,12.463621,37.881092,3,930
2025-07-09 20:24:00,12.463621,37.881092,3,930
2025-07-09 20:34:00,12.463621,37.881092,3,930
2025-07-09 20:44:00,12.463621,37.881092,3,930
2025-07-09 20:54:00,12.463621,37.881092,3,930
2025-07-09 21:04:00,12.463621,37.881092,3,930
2025-07-09 21:14:00,12.463621,37.881092,3,930
2025-07-09 21:24:00,12.463621,37.881092,3,930
2025-07-09 21:34:00,12.463621,37.881092,3,930
2025-07-09 21:44:00,12.463621,37.881092,3,930
2025-07-09 21:54:00,12.463621,37.881092,3,930
2025-07-09 22:04:00,12.463621,37.881092,3,930
2025-07-09 22:14:00,12.463621,37.881092,3,930
2025-07-09 22:24:00,12.463621,37.881092,3,930
2025-07-09 22:34:00,12.463621,37.881092,3,930
2025-07-09 22:44:00,12.463621,37.881092,3,930
2025-07-09 22:54:00,12.463621,37.881092,3,930
2025-07-09 23:04:00,12.46369,37.880787,3,930
2025-07-09 23:14:00,12.46382,37.880203,3,930
2025-07-09 23:24:00,12.463941,37.879658,3,930
2025-07-09 23:34:00,12.464052,37.87913,3,930
2025-07-09 23:44:00,12.464154,37.878616,3,930
2025-07-09 23:54:00,12.464245,37.87812,3,930
2025-07-10 00:04:00,12.464334,37.877666,3,930
2025-07-08 10:44:00,12.45028,37.88513,4,2520
2025-07-08 10:54:00,12.450985,37.88527,4,2520
2025-07-08 11:04:00,12.451708,37.88537,4,2520
2025-07-08 11:14:00,12.452424,37.885403,4,2520
2025-07-08 11:24:00,12.453084,37.885384,4,2520
2025-07-08 11:34:00,12.453084,37.885384,4,2520
2025-07-08 11:44:00,12.45337,37.88533,4,2520
2025-07-08 11:54:00,12.45337,37.88533,4,2520
2025-07-08 12:04:00,12.45337,37.88533,4,2520
2025-07-08 12:14:00,12.45337,37.88533,4,2520
2025-07-08 12:24:00,12.45337,37.88533,4,2520
2025-07-08 12:34:00,12.45337,37.88533,4,2520
2025-07-08 12:44:00,12.45337,37.88533,4,2520
2025-07-08 12:54:00,12.45337,37.88533,4,2520
2025-07-08 13:04:00,12.45337,37.88533,4,2520
2025-07-08 13:14:00,12.45337,37.88533,4,2520
2025-07-08 13:24:00,12.45337,37.88533,4,2520
2025-07-08 13:34:00,12.45337,37.88533,4,2520
2025-07-08 13:44:00,12.45337,37.88533,4,2520
2025-07-08 13:54:00,12.45337,37.88533,4,2520
2025-07-08 14:04:00,12.45337,37.88533,4,2520
2025-07-08 14:14:00,12.45337,37.88533,4,2520
2025-07-08 14:24:00,12.45337,37.88533,4,2520
2025-07-08 14:34:00,12.45337,37.88533,4,2520
2025-07-08 14:44:00,12.45337,37.88533,4,2520
2025-07-08 14:54:00,12.45337,37.88533,4,2520
2025-07-08 15:04:00,12.45337,37.88533,4,2520
2025-07-08 15:14:00,12.45337,37.88533,4,2520
2025-07-08 15:24:00,12.45337,37.88533,4,2520
2025-07-08 15:34:00,12.45337,37.88533,4,2520
2025-07-08 15:44:00,12.45337,37.88533,4,2520
2025-07-08 15:54:00,12.45337,37.88533,4,2520
2025-07-08 16:04:00,12.45337,37.88533,4,2520
2025-07-08 16:14:00,12.45337,37.88533,4,2520
2025-07-08 16:24:00,12.45337,37.88533,4,2520
2025-07-08 16:34:00,12.45337,37.88533,4,2520
2025-07-08 16:44:00,12.45337,37.88533,4,2520
2025-07-08 16:54:00,12.45337,37.88533,4,2520
2025-07-08 17:04:00,12.45337,37.88533,4,2520
2025-07-08 17:14:00,12.45337,37.88533,4,2520
2025-07-08 17:24:00,12.45337,37.88533,4,2520
2025-07-08 17:34:00,12.45337,37.88533,4,2520
2025-07-08 17:44:00,12.45337,37.88533,4,2520
2025-07-08 17:54:00,12.45337,37.88533,4,2520
2025-07-08 18:04:00,12.45337,37.88533,4,2520
2025-07-08 18:14:00,12.45337,37.88533,4,2520
2025-07-08 18:24:00,12.45337,37.88533,4,2520
2025-07-08 18:34:00,12.45337,37.88533,4,2520
2025-07-08 18:44:00,12.45337,37.88533,4,2520
2025-07-08 18:54:00,12.45337,37.88533,4,2520
2025-07-08 19:04:00,12.45337,37.88533,4,2520
2025-07-08 19:14:00,12.45337,37.88533,4,2520
2025-07-08 19:24:00,12.45337,37.88533,4,2520
2025-07-08 19:34:00,12.45337,37.88533,4,2520
2025-07-08 19:44:00,12.45337,37.88533,4,2520
2025-07-08 19:54:00,12.45337,37.88533,4,2520
2025-07-08 20:04:00,12.45337,37.88533,4,2520
2025-07-08 20:14:00,12.45337,37.88533,4,2520
2025-07-08 20:24:00,12.45337,37.88533,4,2520
2025-07-08 20:34:00,12.45337,37.88533,4,2520
2025-07-08 20:44:00,12.45337,37.88533,4,2520
2025-07-08 20:54:00,12.45337,37.88533,4,2520
2025-07-08 21:04:00,12.45337,37.88533,4,2520
2025-07-08 21:14:00,12.45337,37.88533,4,2520
2025-07-08 21:24:00,12.45337,37.88533,4,2520
2025-07-08 21:34:00,12.45337,37.88533,4,2520
2025-07-08 21:44:00,12.45337,37.88533,4,2520
2025-07-08 21:54:00,12.45337,37.88533,4,2520
2025-07-08 22:04:00,12.45337,37.88533,4,2520
2025-07-08 22:14:00,12.45337,37.88533,4,2520
2025-07-08 22:24:00,12.45337,37.88533,4,2520
2025-07-08 22:34:00,12.45337,37.88533,4,2520
2025-07-08 22:44:00,12.45337,37.88533,4,2520
2025-07-08 22:54:00,12.45337,37.88533,4,2520
2025-07-08 23:04:00,12.45337,37.88533,4,2520
2025-07-08 23:14:00,12.45337,37.88533,4,2520
2025-07-08 23:24:00,12.45337,37.88533,4,2520
2025-07-08 23:34:00,12.45337,37.88533,4,2520
2025-07-08 23:44:00,12.45337,37.88533,4,2520
2025-07-08 23:54:00,12.45337,37.88533,4,2520
2025-07-09 00:04:00,12.45337,37.88533,4,2520
2025-07-09 00:14:00,12.45337,37.88533,4,2520
2025-07-09 00:24:00,12.45337,37.88533,4,2520
2025-07-09 00:34:00,12.45337,37.88533,4,2520
2025-07-09 00:44:00,12.45337,37.88533,4,2520
2025-07-09 00:54:00,12.45337,37.88533,4,2520
2025-07-09 01:04:00,12.45337,37.88533,4,2520
2025-07-09 01:14:00,12.45337,37.88533,4,2520
2025-07-09 01:24:00,12.45337,37.88533,4,2520
2025-07-09 01:34:00,12.45337,37.88533,4,2520
2025-07-09 01:44:00,12.45337,37.88533,4,2520
2025-07-09 01:54:00,12.45337,37.88533,4,2520
2025-07-09 02:04:00,12.45337,37.88533,4,2520
2025-07-09 02:14:00,12.45337,37.88533,4,2520
2025-07-09 02:24:00,12.45337,37.88533,4,2520
2025-07-09 02:34:00,12.45337,37.88533,4,2520
2025-07-09 02:44:00,12.45337,37.88533,4,2520
2025-07-09 02:54:00,12.45337,37.88533,4,2520
2025-07-09 03:04:00,12.45337,37.88533,4,2520
2025-07-09 03:14:00,12.45337,37.88533,4,2520
2025-07-09 03:24:00,12.45337,37.88533,4,2520
2025-07-09 03:34:00,12.45337,37.88533,4,2520
2025-07-09 03:44:00,12.45337,37.88533,4,2520
2025-07-09 03:54:00,12.45337,37.88533,4,2520
2025-07-09 04:04:00,12.45337,37.88533,4,2520
2025-07-09 04:14:00,12.45337,37.88533,4,2520
2025-07-09 04:24:00,12.45337,37.88533,4,2520
2025-07-09 04:34:00,12.45337,37.88533,4,2520
2025-07-09 04:44:00,12.45337,37.88533,4,2520
2025-07-09 04:54:00,12.45337,37.88533,4,2520
2025-07-09 05:04:00,12.45337,37.88533,4,2520
2025-07-09 05:14:00,12.45337,37.88533,4,2520
2025-07-09 05:24:00,12.45337,37.88533,4,2520
2025-07-09 05:34:00,12.45337,37.88533,4,2520
2025-07-09 05:44:00,12.45337,37.88533,4,2520
2025-07-09 05:54:00,12.45337,37.88533,4,2520
2025-07-09 06:04:00,12.45337,37.88533,4,2520
2025-07-09 06:14:00,12.45337,37.88533,4,2520
2025-07-09 06:24:00,12.453733,37.884926,4,2520
2025-07-09 06:34:00,12.453733,37.884926,4,2520
2025-07-09 06:44:00,12.453733,37.884926,4,2520
2025-07-09 06:54:00,12.453733,37.884926,4,2520
2025-07-09 07:04:00,12.453733,37.884926,4,2520
2025-07-09 07:14:00,12.453733,37.884926,4,2520
2025-07-09 07:24:00,12.453733,37.884926,4,2520
2025-07-09 07:34:00,12.453733,37.884926,4,2520
2025-07-09 07:44:00,12.453733,37.884926,4,2520
2025-07-09 07:54:00,12.453733,37.884926,4,2520
2025-07-09 08:04:00,12.453733,37.884926,4,2520
2025-07-09 08:14:00,12.453733,37.884926,4,2520
2025-07-09 08:24:00,12.453733,37.884926,4,2520
2025-07-09 08:34:00,12.453733,37.884926,4,2520
2025-07-09 08:44:00,12.453733,37.884926,4,2520
2025-07-09 08:54:00,12.453733,37.884926,4,2520
2025-07-09 09:04:00,12.453733,37.884926,4,2520
2025-07-09 09:14:00,12.453733,37.884926,4,2520
2025-07-09 09:24:00,12.453733,37.884926,4,2520
2025-07-09 09:34:00,12.453733,37.884926,4,2520
2025-07-09 09:44:00,12.453733,37.884926,4,2520
2025-07-09 09:54:00,12.453733,37.884926,4,2520
2025-07-09 10:04:00,12.453733,37.884926,4,2520
2025-07-09 10:14:00,12.453733,37.884926,4,2520
2025-07-09 10:24:00,12.453733,37.884926,4,2520
2025-07-09 10:34:00,12.453733,37.884926,4,2520
2025-07-09 10:44:00,12.453733,37.884926,4,2520
2025-07-09 10:54:00,12.453733,37.884926,4,2520
2025-07-09 11:04:00,12.453733,37.884926,4,2520
2025-07-09 11:14:00,12.453733,37.884926,4,2520
2025-07-09 11:24:00,12.453733,37.884926,4,2520
2025-07-09 11:34:00,12.453733,37.884926,4,2520
2025-07-09 11:44:00,12.453733,37.884926,4,2520
2025-07-09 11:54:00,12.453733,37.884926,4,2520
2025-07-09 12:04:00,12.453733,37.884926,4,2520
2025-07-09 12:14:00,12.453733,37.884926,4,2520
2025-07-09 12:24:00,12.453733,37.884926,4,2520
2025-07-09 12:34:00,12.453733,37.884926,4,2520
2025-07-09 12:44:00,12.453733,37.884926,4,2520
2025-07-09 12:54:00,12.453733,37.884926,4,2520
2025-07-09 13:04:00,12.453733,37.884926,4,2520
2025-07-09 13:14:00,12.453733,37.884926,4,2520
2025-07-09 13:24:00,12.453733,37.884926,4,2520
2025-07-09 13:34:00,12.453733,37.884926,4,2520
2025-07-09 13:44:00,12.453733,37.884926,4,2520
2025-07-09 13:54:00,12.453733,37.884926,4,2520
2025-07-09 14:04:00,12.453733,37.884926,4,2520
2025-07-09 14:14:00,12.453733,37.884926,4,2520
2025-07-09 14:24:00,12.453733,37.884926,4,2520
2025-07-09 14:34:00,12.453733,37.884926,4,2520
2025-07-09 14:44:00,12.453735,37.884342,4,2520
2025-07-09 14:54:00,12.453735,37.884342,4,2520
2025-07-09 15:04:00,12.453693,37.88317,4,2520
2025-07-09 15:14:00,12.453624,37.882004,4,2520
2025-07-09 15:24:00,12.453532,37.88083,4,2520
2025-07-09 15:34:00,12.453428,37.87961,4,2520
2025-07-09 15:44:00,12.4532995,37.878376,4,2520
2025-07-09 15:54:00,12.453144,37.87717,4,2520
2025-07-09 16:04:00,12.452998,37.876,4,2520
2025-07-09 16:14:00,12.452881,37.874855,4,2520
2025-07-09 16:24:00,12.45279,37.87374,4,2520
2025-07-09 16:34:00,12.45269,37.872677,4,2520
2025-07-09 16:44:00,12.452558,37.87168,4,2520
2025-07-09 16:54:00,12.4524,37.870678,4,2520
2025-07-09 17:04:00,12.452205,37.869606,4,2520
2025-07-09 17:14:00,12.451991,37.86855,4,2520
2025-07-09 17:24:00,12.451787,37.867558,4,2520
2025-07-09 17:34:00,12.451611,37.866596,4,2520
2025-07-09 17:44:00,12.451463,37.865665,4,2520
2025-07-09 17:54:00,12.451303,37.864765,4,2520
2025-07-09 18:04:00,12.451111,37.863888,4,2520
2025-07-09 18:14:00,12.450909,37.86304,4,2520
2025-07-09 18:24:00,12.450719,37.86224,4,2520
2025-07-09 18:34:00,12.450534,37.861492,4,2520
2025-07-09 18:44:00,12.450329,37.86078,4,2520
2025-07-09 18:54:00,12.45011,37.860085,4,2520
2025-07-09 19:04:00,12.449895,37.859398,4,2520
2025-07-09 19:14:00,12.449702,37.858715,4,2520
2025-07-09 19:24:00,12.449538,37.858032,4,2520
2025-07-09 19:34:00,12.449397,37.857346,4,2520
2025-07-09 19:44:00,12.449274,37.856647,4,2520
2025-07-09 19:54:00,12.449171,37.85593,4,2520
2025-07-09 20:04:00,12.449093,37.855206,4,2520
2025-07-09 20:14:00,12.44904,37.854496,4,2520
2025-07-09 20:24:00,12.449022,37.854145,4,2520
2025-07-09 20:34:00,12.449022,37.854145,4,2520
2025-07-09 20:44:00,12.449022,37.854145,4,2520
2025-07-09 20:54:00,12.449022,37.854145,4,2520
2025-07-09 21:04:00,12.449022,37.854145,4,2520
2025-07-09 21:14:00,12.449022,37.854145,4,2520
2025-07-09 21:24:00,12.449022,37.854145,4,2520
2025-07-09 21:34:00,12.449022,37.854145,4,2520
2025-07-09 21:44:00,12.449022,37.854145,4,2520
2025-07-09 21:54:00,12.449022,37.854145,4,2520
2025-07-09 22:04:00,12.449022,37.854145,4,2520
2025-07-09 22:14:00,12.449022,37.854145,4,2520
2025-07-09 22:24:00,12.449022,37.854145,4,2520
2025-07-09 22:34:00,12.449022,37.854145,4,2520
2025-07-09 22:44:00,12.449022,37.854145,4,2520
2025-07-09 22:54:00,12.4490595,37.853825,4,2520
2025-07-09 23:04:00,12.4490595,37.853825,4,2520
2025-07-09 23:14:00,12.4490595,37.853825,4,2520
2025-07-09 23:24:00,12.4490595,37.853825,4,2520
2025-07-09 23:34:00,12.4490595,37.853825,4,2520
2025-07-09 23:44:00,12.4490595,37.853825,4,2520
2025-07-09 23:54:00,12.4490595,37.853825,4,2520
2025-07-10 00:04:00,12.4490595,37.853825,4,2520
2025-07-08 10:44:00,12.45017,37.8852,4,7520
2025-07-08 10:54:00,12.4508705,37.88534,4,7520
2025-07-08 11:04:00,12.45159,37.88545,4,7520
2025-07-08 11:14:00,12.452306,37.885487,4,7520
2025-07-08 11:24:00,12.452971,37.885468,4,7520
2025-07-08 11:34:00,12.453269,37.885426,4,7520
2025-07-08 11:44:00,12.453269,37.885426,4,7520
2025-07-08 11:54:00,12.453269,37.885426,4,7520
2025-07-08 12:04:00,12.453269,37.885426,4,7520
2025-07-08 12:14:00,12.453269,37.885426,4,7520
2025-07-08 12:24:00,12.453269,37.885426,4,7520
2025-07-08 12:34:00,12.453269,37.885426,4,7520
2025-07-08 12:44:00,12.453269,37.885426,4,7520
2025-07-08 12:54:00,12.453269,37.885426,4,7520
2025-07-08 13:04:00,12.453269,37.885426,4,7520
2025-07-08 13:14:00,12.453269,37.885426,4,7520
2025-07-08 13:24:00,12.453269,37.885426,4,7520
2025-07-08 13:34:00,12.453269,37.885426,4,7520
2025-07-08 13:44:00,12.453269,37.885426,4,7520
2025-07-08 13:54:00,12.453269,37.885426,4,7520
2025-07-08 14:04:00,12.453269,37.885426,4,7520
2025-07-08 14:14:00,12.453269,37.885426,4,7520
2025-07-08 14:24:00,12.453269,37.885426,4,7520
2025-07-08 14:34:00,12.453269,37.885426,4,7520
2025-07-08 14:44:00,12.453269,37.885426,4,7520
2025-07-08 14:54:00,12.453269,37.885426,4,7520
2025-07-08 15:04:00,12.453269,37.885426,4,7520
2025-07-08 15:14:00,12.453269,37.885426,4,7520
2025-07-08 15:24:00,12.453269,37.885426,4,7520
2025-07-08 15:34:00,12.453269,37.885426,4,7520
2025-07-08 15:44:00,12.453269,37.885426,4,7520
2025-07-08 15:54:00,12.453269,37.885426,4,7520
2025-07-08 16:04:00,12.453269,37.885426,4,7520
2025-07-08 16:14:00,12.453269,37.885426,4,7520
2025-07-08 16:24:00,12.453269,37.885426,4,7520
2025-07-08 16:34:00,12.453269,37.885426,4,7520
2025-07-08 16:44:00,12.453269,37.885426,4,7520
2025-07-08 16:54:00,12.453269,37.885426,4,7520
2025-07-08 17:04:00,12.453269,37.885426,4,7520
2025-07-08 17:14:00,12.453269,37.885426,4,7520
2025-07-08 17:24:00,12.453269,37.885426,4,7520
2025-07-08 17:34:00,12.453269,37.885426,4,7520
2025-07-08 17:44:00,12.453269,37.885426,4,7520
2025-07-08 17:54:00,12.453269,37.885426,4,7520
2025-07-08 18:04:00,12.453269,37.885426,4,7520
2025-07-08 18:14:00,12.453269,37.885426,4,7520
2025-07-08 18:24:00,12.453269,37.885426,4,7520
2025-07-08 18:34:00,12.453269,37.885426,4,7520
2025-07-08 18:44:00,12.453269,37.885426,4,7520
2025-07-08 18:54:00,12.453269,37.885426,4,7520
2025-07-08 19:04:00,12.453269,37.885426,4,7520
2025-07-08 19:14:00,12.453269,37.885426,4,7520
2025-07-08 19:24:00,12.453269,37.885426,4,7520
2025-07-08 19:34:00,12.453269,37.885426,4,7520
2025-07-08 19:44:00,12.453269,37.885426,4,7520
2025-07-08 19:54:00,12.453269,37.885426,4,7520
2025-07-08 20:04:00,12.453269,37.885426,4,7520
2025-07-08 20:14:00,12.453269,37.885426,4,7520
2025-07-08 20:24:00,12.453269,37.885426,4,7520
2025-07-08 20:34:00,12.453269,37.885426,4,7520
2025-07-08 20:44:00,12.453269,37.885426,4,7520
2025-07-08 20:54:00,12.453269,37.885426,4,7520
2025-07-08 21:04:00,12.453269,37.885426,4,7520
2025-07-08 21:14:00,12.453269,37.885426,4,7520
2025-07-08 21:24:00,12.453269,37.885426,4,7520
2025-07-08 21:34:00,12.453269,37.885426,4,7520
2025-07-08 21:44:00,12.453269,37.885426,4,7520
2025-07-08 21:54:00,12.453269,37.885426,4,7520
2025-07-08 22:04:00,12.453269,37.885426,4,7520
2025-07-08 22:14:00,12.453269,37.885426,4,7520
2025-07-08 22:24:00,12.453269,37.885426,4,7520
2025-07-08 22:34:00,12.453269,37.885426,4,7520
2025-07-08 22:44:00,12.453269,37.885426,4,7520
2025-07-08 22:54:00,12.453269,37.885426,4,7520
2025-07-08 23:04:00,12.453269,37.885426,4,7520
2025-07-08 23:14:00,12.453269,37.885426,4,7520
2025-07-08 23:24:00,12.453269,37.885426,4,7520
2025-07-08 23:34:00,12.453269,37.885426,4,7520
2025-07-08 23:44:00,12.453269,37.885426,4,7520
2025-07-08 23:54:00,12.453269,37.885426,4,7520
2025-07-09 00:04:00,12.453269,37.885426,4,7520
2025-07-09 00:14:00,12.453269,37.885426,4,7520
2025-07-09 00:24:00,12.453269,37.885426,4,7520
2025-07-09 00:34:00,12.453269,37.885426,4,7520
2025-07-09 00:44:00,12.453269,37.885426,4,7520
2025-07-09 00:54:00,12.453269,37.885426,4,7520
2025-07-09 01:04:00,12.453269,37.885426,4,7520
2025-07-09 01:14:00,12.453269,37.885426,4,7520
2025-07-09 01:24:00,12.453269,37.885426,4,7520
2025-07-09 01:34:00,12.453269,37.885426,4,7520
2025-07-09 01:44:00,12.453269,37.885426,4,7520
2025-07-09 01:54:00,12.453269,37.885426,4,7520
2025-07-09 02:04:00,12.453269,37.885426,4,7520
2025-07-09 02:14:00,12.453269,37.885426,4,7520
2025-07-09 02:24:00,12.453269,37.885426,4,7520
2025-07-09 02:34:00,12.453269,37.885426,4,7520
2025-07-09 02:44:00,12.453269,37.885426,4,7520
2025-07-09 02:54:00,12.453269,37.885426,4,7520
2025-07-09 03:04:00,12.453269,37.885426,4,7520
2025-07-09 03:14:00,12.453269,37.885426,4,7520
2025-07-09 03:24:00,12.453269,37.885426,4,7520
2025-07-09 03:34:00,12.453269,37.885426,4,7520
2025-07-09 03:44:00,12.453269,37.885426,4,7520
2025-07-09 03:54:00,12.453269,37.885426,4,7520
2025-07-09 04:04:00,12.453269,37.885426,4,7520
2025-07-09 04:14:00,12.453269,37.885426,4,7520
2025-07-09 04:24:00,12.453269,37.885426,4,7520
2025-07-09 04:34:00,12.453269,37.885426,4,7520
2025-07-09 04:44:00,12.453269,37.885426,4,7520
2025-07-09 04:54:00,12.453269,37.885426,4,7520
2025-07-09 05:04:00,12.453269,37.885426,4,7520
2025-07-09 05:14:00,12.453269,37.885426,4,7520
2025-07-09 05:24:00,12.453269,37.885426,4,7520
2025-07-09 05:34:00,12.453269,37.885426,4,7520
2025-07-09 05:44:00,12.453269,37.885426,4,7520
2025-07-09 05:54:00,12.453269,37.885426,4,7520
2025-07-09 06:04:00,12.453269,37.885426,4,7520
2025-07-09 06:14:00,12.453669,37.885036,4,7520
2025-07-09 06:24:00,12.453669,37.885036,4,7520
2025-07-09 06:34:00,12.453669,37.885036,4,7520
2025-07-09 06:44:00,12.453669,37.885036,4,7520
2025-07-09 06:54:00,12.453669,37.885036,4,7520
2025-07-09 07:04:00,12.453669,37.885036,4,7520
2025-07-09 07:14:00,12.453669,37.885036,4,7520
2025-07-09 07:24:00,12.453669,37.885036,4,7520
2025-07-09 07:34:00,12.453669,37.885036,4,7520
2025-07-09 07:44:00,12.453669,37.885036,4,7520
2025-07-09 07:54:00,12.453669,37.885036,4,7520
2025-07-09 08:04:00,12.453669,37.885036,4,7520
2025-07-09 08:14:00,12.453669,37.885036,4,7520
2025-07-09 08:24:00,12.453669,37.885036,4,7520
2025-07-09 08:34:00,12.453669,37.885036,4,7520
2025-07-09 08:44:00,12.453669,37.885036,4,7520
2025-07-09 08:54:00,12.453669,37.885036,4,7520
2025-07-09 09:04:00,12.453669,37.885036,4,7520
2025-07-09 09:14:00,12.453669,37.885036,4,7520
2025-07-09 09:24:00,12.453669,37.885036,4,7520
2025-07-09 09:34:00,12.453669,37.885036,4,7520
2025-07-09 09:44:00,12.453669,37.885036,4,7520
2025-07-09 09:54:00,12.453669,37.885036,4,7520
2025-07-09 10:04:00,12.453669,37.885036,4,7520
2025-07-09 10:14:00,12.453669,37.885036,4,7520
2025-07-09 10:24:00,12.453669,37.885036,4,7520
2025-07-09 10:34:00,12.453669,37.885036,4,7520
2025-07-09 10:44:00,12.453669,37.885036,4,7520
2025-07-09 10:54:00,12.453669,37.885036,4,7520
2025-07-09 11:04:00,12.453669,37.885036,4,7520
2025-07-09 11:14:00,12.453669,37.885036,4,7520
2025-07-09 11:24:00,12.453669,37.885036,4,7520
2025-07-09 11:34:00,12.453669,37.885036,4,7520
2025-07-09 11:44:00,12.453669,37.885036,4,7520
2025-07-09 11:54:00,12.453669,37.885036,4,7520
2025-07-09 12:04:00,12.453669,37.885036,4,7520
2025-07-09 12:14:00,12.453669,37.885036,4,7520
2025-07-09 12:24:00,12.453669,37.885036,4,7520
2025-07-09 12:34:00,12.453669,37.885036,4,7520
2025-07-09 12:44:00,12.453669,37.885036,4,7520
2025-07-09 12:54:00,12.453669,37.885036,4,7520
2025-07-09 13:04:00,12.453669,37.885036,4,7520
2025-07-09 13:14:00,12.453669,37.885036,4,7520
2025-07-09 13:24:00,12.453669,37.885036,4,7520
2025-07-09 13:34:00,12.453669,37.885036,4,7520
2025-07-09 13:44:00,12.453669,37.885036,4,7520
2025-07-09 13:54:00,12.453669,37.885036,4,7520
2025-07-09 14:04:00,12.453735,37.884506,4,7520
2025-07-09 14:14:00,12.453735,37.884506,4,7520
2025-07-09 14:24:00,12.453735,37.884506,4,7520
2025-07-09 14:34:00,12.453735,37.884506,4,7520
2025-07-09 14:44:00,12.453735,37.884506,4,7520
2025-07-09 14:54:00,12.453725,37.883923,4,7520
2025-07-09 15:04:00,12.453679,37.882755,4,7520
2025-07-09 15:14:00,12.453601,37.881588,4,7520
2025-07-09 15:24:00,12.453507,37.88039,4,7520
2025-07-09 15:34:00,12.453398,37.87915,4,7520
2025-07-09 15:44:00,12.4532585,37.877922,4,7520
2025-07-09 15:54:00,12.453102,37.87672,4,7520
2025-07-09 16:04:00,12.452967,37.875553,4,7520
2025-07-09 16:14:00,12.452859,37.874416,4,7520
2025-07-09 16:24:00,12.452771,37.873314,4,7520
2025-07-09 16:34:00,12.452656,37.87227,4,7520
2025-07-09 16:44:00,12.45251,37.871277,4,7520
2025-07-09 16:54:00,12.452336,37.870247,4,7520
2025-07-09 17:04:00,12.452127,37.869156,4,7520
2025-07-09 17:14:00,12.451922,37.86811,4,7520
2025-07-09 17:24:00,12.4517355,37.867123,4,7520
2025-07-09 17:34:00,12.45158,37.866165,4,7520
2025-07-09 17:44:00,12.451442,37.86524,4,7520
2025-07-09 17:54:00,12.451275,37.864334,4,7520
2025-07-09 18:04:00,12.451078,37.86346,4,7520
2025-07-09 18:14:00,12.450886,37.86262,4,7520
2025-07-09 18:24:00,12.450706,37.861835,4,7520
2025-07-09 18:34:00,12.450515,37.861095,4,7520
2025-07-09 18:44:00,12.450301,37.860386,4,7520
2025-07-09 18:54:00,12.45008,37.859688,4,7520
2025-07-09 19:04:00,12.449869,37.859,4,7520
2025-07-09 19:14:00,12.449681,37.858322,4,7520
2025-07-09 19:24:00,12.44952,37.85764,4,7520
2025-07-09 19:34:00,12.449377,37.85695,4,7520
2025-07-09 19:44:00,12.449254,37.856243,4,7520
2025-07-09 19:54:00,12.449152,37.855522,4,7520
2025-07-09 20:04:00,12.4490795,37.8548,4,7520
2025-07-09 20:14:00,12.449034,37.85409,4,7520
2025-07-09 20:24:00,12.449034,37.85409,4,7520
2025-07-09 20:34:00,12.449034,37.85409,4,7520
2025-07-09 20:44:00,12.449034,37.85409,4,7520
2025-07-09 20:54:00,12.449034,37.85409,4,7520
2025-07-09 21:04:00,12.449034,37.85409,4,7520
2025-07-09 21:14:00,12.449034,37.85409,4,7520
2025-07-09 21:24:00,12.449034,37.85409,4,7520
2025-07-09 21:34:00,12.449034,37.85409,4,7520
2025-07-09 21:44:00,12.449034,37.85409,4,7520
2025-07-09 21:54:00,12.449034,37.85409,4,7520
2025-07-09 22:04:00,12.449034,37.85409,4,7520
2025-07-09 22:14:00,12.449034,37.85409,4,7520
2025-07-09 22:24:00,12.449034,37.85409,4,7520
2025-07-09 22:34:00,12.449034,37.85409,4,7520
2025-07-09 22:44:00,12.449034,37.85409,4,7520
2025-07-09 22:54:00,12.449034,37.85409,4,7520
2025-07-09 23:04:00,12.449034,37.85409,4,7520
2025-07-09 23:14:00,12.449085,37.853794,4,7520
2025-07-09 23:24:00,12.449085,37.853794,4,7520
2025-07-09 23:34:00,12.449085,37.853794,4,7520
2025-07-09 23:44:00,12.449085,37.853794,4,7520
2025-07-09 23:54:00,12.449085,37.853794,4,7520
2025-07-10 00:04:00,12.449085,37.853794,4,7520
2025-07-08 10:44:00,12.450483,37.88543,4,930
2025-07-08 10:54:00,12.451203,37.88556,4,930
2025-07-08 11:04:00,12.451944,37.885662,4,930
2025-07-08 11:14:00,12.452671,37.885704,4,930
2025-07-08 11:24:00,12.452997,37.885693,4,930
2025-07-08 11:34:00,12.452997,37.885693,4,930
2025-07-08 11:44:00,12.452997,37.885693,4,930
2025-07-08 11:54:00,12.452997,37.885693,4,930
2025-07-08 12:04:00,12.452997,37.885693,4,930
2025-07-08 12:14:00,12.452997,37.885693,4,930
2025-07-08 12:24:00,12.452997,37.885693,4,930
2025-07-08 12:34:00,12.452997,37.885693,4,930
2025-07-08 12:44:00,12.452997,37.885693,4,930
2025-07-08 12:54:00,12.452997,37.885693,4,930
2025-07-08 13:04:00,12.452997,37.885693,4,930
2025-07-08 13:14:00,12.452997,37.885693,4,930
2025-07-08 13:24:00,12.452997,37.885693,4,930
2025-07-08 13:34:00,12.452997,37.885693,4,930
2025-07-08 13:44:00,12.452997,37.885693,4,930
2025-07-08 13:54:00,12.452997,37.885693,4,930
2025-07-08 14:04:00,12.452997,37.885693,4,930
2025-07-08 14:14:00,12.452997,37.885693,4,930
2025-07-08 14:24:00,12.452997,37.885693,4,930
2025-07-08 14:34:00,12.452997,37.885693,4,930
2025-07-08 14:44:00,12.452997,37.885693,4,930
2025-07-08 14:54:00,12.452997,37.885693,4,930
2025-07-08 15:04:00,12.452997,37.885693,4,930
2025-07-08 15:14:00,12.452997,37.885693,4,930
2025-07-08 15:24:00,12.452997,37.885693,4,930
2025-07-08 15:34:00,12.452997,37.885693,4,930
2025-07-08 15:44:00,12.452997,37.885693,4,930
2025-07-08 15:54:00,12.452997,37.885693,4,930
2025-07-08 16:04:00,12.452997,37.885693,4,930
2025-07-08 16:14:00,12.452997,37.885693,4,930
2025-07-08 16:24:00,12.452997,37.885693,4,930
2025-07-08 16:34:00,12.452997,37.885693,4,930
2025-07-08 16:44:00,12.452997,37.885693,4,930
2025-07-08 16:54:00,12.452997,37.885693,4,930
2025-07-08 17:04:00,12.452997,37.885693,4,930
2025-07-08 17:14:00,12.452997,37.885693,4,930
2025-07-08 17:24:00,12.452997,37.885693,4,930
2025-07-08 17:34:00,12.452997,37.885693,4,930
2025-07-08 17:44:00,12.452997,37.885693,4,930
2025-07-08 17:54:00,12.452997,37.885693,4,930
2025-07-08 18:04:00,12.452997,37.885693,4,930
2025-07-08 18:14:00,12.452997,37.885693,4,930
2025-07-08 18:24:00,12.452997,37.885693,4,930
2025-07-08 18:34:00,12.452997,37.885693,4,930
2025-07-08 18:44:00,12.452997,37.885693,4,930
2025-07-08 18:54:00,12.452997,37.885693,4,930
2025-07-08 19:04:00,12.452997,37.885693,4,930
2025-07-08 19:14:00,12.452997,37.885693,4,930
2025-07-08 19:24:00,12.452997,37.885693,4,930
2025-07-08 19:34:00,12.452997,37.885693,4,930
2025-07-08 19:44:00,12.452997,37.885693,4,930
2025-07-08 19:54:00,12.452997,37.885693,4,930
2025-07-08 20:04:00,12.452997,37.885693,4,930
2025-07-08 20:14:00,12.452997,37.885693,4,930
2025-07-08 20:24:00,12.452997,37.885693,4,930
2025-07-08 20:34:00,12.452997,37.885693,4,930
2025-07-08 20:44:00,12.452997,37.885693,4,930
2025-07-08 20:54:00,12.452997,37.885693,4,930
2025-07-08 21:04:00,12.452997,37.885693,4,930
2025-07-08 21:14:00,12.452997,37.885693,4,930
2025-07-08 21:24:00,12.452997,37.885693,4,930
2025-07-08 21:34:00,12.452997,37.885693,4,930
2025-07-08 21:44:00,12.452997,37.885693,4,930
2025-07-08 21:54:00,12.452997,37.885693,4,930
2025-07-08 22:04:00,12.452997,37.885693,4,930
2025-07-08 22:14:00,12.452997,37.885693,4,930
2025-07-08 22:24:00,12.452997,37.885693,4,930
2025-07-08 22:34:00,12.452997,37.885693,4,930
2025-07-08 22:44:00,12.452997,37.885693,4,930
2025-07-08 22:54:00,12.452997,37.885693,4,930
2025-07-08 23:04:00,12.452997,37.885693,4,930
2025-07-08 23:14:00,12.452997,37.885693,4,930
2025-07-08 23:24:00,12.452997,37.885693,4,930
2025-07-08 23:34:00,12.452997,37.885693,4,930
2025-07-08 23:44:00,12.452997,37.885693,4,930
2025-07-08 23:54:00,12.452997,37.885693,4,930
2025-07-09 00:04:00,12.452997,37.885693,4,930
2025-07-09 00:14:00,12.452997,37.885693,4,930
2025-07-09 00:24:00,12.452997,37.885693,4,930
2025-07-09 00:34:00,12.452997,37.885693,4,930
2025-07-09 00:44:00,12.452997,37.885693,4,930
2025-07-09 00:54:00,12.452997,37.885693,4,930
2025-07-09 01:04:00,12.452997,37.885693,4,930
2025-07-09 01:14:00,12.452997,37.885693,4,930
2025-07-09 01:24:00,12.452997,37.885693,4,930
2025-07-09 01:34:00,12.452997,37.885693,4,930
2025-07-09 01:44:00,12.452997,37.885693,4,930
2025-07-09 01:54:00,12.452997,37.885693,4,930
2025-07-09 02:04:00,12.452997,37.885693,4,930
2025-07-09 02:14:00,12.452997,37.885693,4,930
2025-07-09 02:24:00,12.452997,37.885693,4,930
2025-07-09 02:34:00,12.452997,37.885693,4,930
2025-07-09 02:44:00,12.452997,37.885693,4,930
2025-07-09 02:54:00,12.452997,37.885693,4,930
2025-07-09 03:04:00,12.452997,37.885693,4,930
2025-07-09 03:14:00,12.452997,37.885693,4,930
2025-07-09 03:24:00,12.452997,37.885693,4,930
2025-07-09 03:34:00,12.452997,37.885693,4,930
2025-07-09 03:44:00,12.452997,37.885693,4,930
2025-07-09 03:54:00,12.452997,37.885693,4,930
2025-07-09 04:04:00,12.452997,37.885693,4,930
2025-07-09 04:14:00,12.452997,37.885693,4,930
2025-07-09 04:24:00,12.452997,37.885693,4,930
2025-07-09 04:34:00,12.452997,37.885693,4,930
2025-07-09 04:44:00,12.452997,37.885693,4,930
2025-07-09 04:54:00,12.452997,37.885693,4,930
2025-07-09 05:04:00,12.452997,37.885693,4,930
2025-07-09 05:14:00,12.452997,37.885693,4,930
2025-07-09 05:24:00,12.452997,37.885693,4,930
2025-07-09 05:34:00,12.452997,37.885693,4,930
2025-07-09 05:44:00,12.452997,37.885693,4,930
2025-07-09 05:54:00,12.452997,37.885693,4,930
2025-07-09 06:04:00,12.452997,37.885693,4,930
2025-07-09 06:14:00,12.4534025,37.8853,4,930
2025-07-09 06:24:00,12.4534025,37.8853,4,930
2025-07-09 06:34:00,12.453732,37.88488,4,930
2025-07-09 06:44:00,12.453732,37.88488,4,930
2025-07-09 06:54:00,12.453732,37.88488,4,930
2025-07-09 07:04:00,12.453732,37.88488,4,930
2025-07-09 07:14:00,12.453732,37.88488,4,930
2025-07-09 07:24:00,12.453732,37.88488,4,930
2025-07-09 07:34:00,12.453732,37.88488,4,930
2025-07-09 07:44:00,12.453732,37.88488,4,930
2025-07-09 07:54:00,12.453732,37.88488,4,930
2025-07-09 08:04:00,12.453732,37.88488,4,930
2025-07-09 08:14:00,12.453732,37.88488,4,930
2025-07-09 08:24:00,12.453732,37.88488,4,930
2025-07-09 08:34:00,12.453732,37.88488,4,930
2025-07-09 08:44:00,12.453732,37.88488,4,930
2025-07-09 08:54:00,12.453732,37.88488,4,930
2025-07-09 09:04:00,12.453732,37.88488,4,930
2025-07-09 09:14:00,12.453732,37.88488,4,930
2025-07-09 09:24:00,12.453732,37.88488,4,930
2025-07-09 09:34:00,12.453732,37.88488,4,930
2025-07-09 09:44:00,12.453732,37.88488,4,930
2025-07-09 09:54:00,12.453732,37.88488,4,930
2025-07-09 10:04:00,12.453732,37.88488,4,930
2025-07-09 10:14:00,12.453732,37.88488,4,930
2025-07-09 10:24:00,12.453732,37.88488,4,930
2025-07-09 10:34:00,12.453732,37.88488,4,930
2025-07-09 10:44:00,12.453732,37.88488,4,930
2025-07-09 10:54:00,12.453732,37.88488,4,930
2025-07-09 11:04:00,12.453732,37.88488,4,930
2025-07-09 11:14:00,12.453732,37.88488,4,930
2025-07-09 11:24:00,12.453732,37.88488,4,930
2025-07-09 11:34:00,12.453732,37.88488,4,930
2025-07-09 11:44:00,12.453732,37.88488,4,930
2025-07-09 11:54:00,12.453732,37.88488,4,930
2025-07-09 12:04:00,12.453732,37.88488,4,930
2025-07-09 12:14:00,12.453732,37.88488,4,930
2025-07-09 12:24:00,12.453732,37.88488,4,930
2025-07-09 12:34:00,12.453732,37.88488,4,930
2025-07-09 12:44:00,12.453732,37.88488,4,930
2025-07-09 12:54:00,12.453732,37.88488,4,930
2025-07-09 13:04:00,12.453732,37.88488,4,930
2025-07-09 13:14:00,12.453732,37.88488,4,930
2025-07-09 13:24:00,12.453732,37.88488,4,930
2025-07-09 13:34:00,12.453732,37.88488,4,930
2025-07-09 13:44:00,12.453732,37.88488,4,930
2025-07-09 13:54:00,12.453732,37.88488,4,930
2025-07-09 14:04:00,12.453732,37.88488,4,930
2025-07-09 14:14:00,12.453732,37.88488,4,930
2025-07-09 14:24:00,12.453732,37.88488,4,930
2025-07-09 14:34:00,12.453732,37.88488,4,930
2025-07-09 14:44:00,12.453733,37.8843,4,930
2025-07-09 14:54:00,12.453733,37.8843,4,930
2025-07-09 15:04:00,12.4536915,37.88313,4,930
2025-07-09 15:14:00,12.45362,37.88196,4,930
2025-07-09 15:24:00,12.453529,37.880787,4,930
2025-07-09 15:34:00,12.453424,37.87956,4,930
2025-07-09 15:44:00,12.453295,37.87833,4,930
2025-07-09 15:54:00,12.453139,37.877125,4,930
2025-07-09 16:04:00,12.452993,37.875954,4,930
2025-07-09 16:14:00,12.452878,37.87481,4,930
2025-07-09 16:24:00,12.452788,37.8737,4,930
2025-07-09 16:34:00,12.452686,37.87264,4,930
2025-07-09 16:44:00,12.452553,37.871643,4,930
2025-07-09 16:54:00,12.452394,37.870636,4,930
2025-07-09 17:04:00,12.452195,37.86956,4,930
2025-07-09 17:14:00,12.4519825,37.868504,4,930
2025-07-09 17:24:00,12.45178,37.86751,4,930
2025-07-09 17:34:00,12.451606,37.866554,4,930
2025-07-09 17:44:00,12.45146,37.865623,4,930
2025-07-09 17:54:00,12.4513,37.86472,4,930
2025-07-09 18:04:00,12.451106,37.863846,4,930
2025-07-09 18:14:00,12.450905,37.863,4,930
2025-07-09 18:24:00,12.450716,37.862198,4,930
2025-07-09 18:34:00,12.450531,37.861454,4,930
2025-07-09 18:44:00,12.450325,37.86074,4,930
2025-07-09 18:54:00,12.450107,37.860043,4,930
2025-07-09 19:04:00,12.449891,37.859356,4,930
2025-07-09 19:14:00,12.449699,37.858673,4,930
2025-07-09 19:24:00,12.449535,37.85799,4,930
2025-07-09 19:34:00,12.449394,37.857304,4,930
2025-07-09 19:44:00,12.449271,37.856606,4,930
2025-07-09 19:54:00,12.449168,37.85589,4,930
2025-07-09 20:04:00,12.449091,37.855167,4,930
2025-07-09 20:14:00,12.449039,37.854454,4,930
2025-07-09 20:24:00,12.449021,37.854103,4,930
2025-07-09 20:34:00,12.449021,37.854103,4,930
2025-07-09 20:44:00,12.449021,37.854103,4,930
2025-07-09 20:54:00,12.449021,37.854103,4,930
2025-07-09 21:04:00,12.449021,37.854103,4,930
2025-07-09 21:14:00,12.449021,37.854103,4,930
2025-07-09 21:24:00,12.449021,37.854103,4,930
2025-07-09 21:34:00,12.449021,37.854103,4,930
2025-07-09 21:44:00,12.449021,37.854103,4,930
2025-07-09 21:54:00,12.449021,37.854103,4,930
2025-07-09 22:04:00,12.449021,37.854103,4,930
2025-07-09 22:14:00,12.449021,37.854103,4,930
2025-07-09 22:24:00,12.449021,37.854103,4,930
2025-07-09 22:34:00,12.449021,37.854103,4,930
2025-07-09 22:44:00,12.449021,37.854103,4,930
2025-07-09 22:54:00,12.449021,37.854103,4,930
2025-07-09 23:04:00,12.449021,37.854103,4,930
2025-07-09 23:14:00,12.449073,37.853806,4,930
2025-07-09 23:24:00,12.449073,37.853806,4,930
2025-07-09 23:34:00,12.449073,37.853806,4,930
2025-07-09 23:44:00,12.449073,37.853806,4,930
2025-07-09 23:54:00,12.449073,37.853806,4,930
2025-07-10 00:04:00,12.449073,37.853806,4,930
2025-07-08 11:34:00,12.453651,37.87489,5,2520
2025-07-08 11:44:00,12.454243,37.87481,5,2520
2025-07-08 11:54:00,12.454782,37.874657,5,2520
2025-07-08 12:04:00,12.455256,37.874435,5,2520
2025-07-08 12:14:00,12.455724,37.874165,5,2520
2025-07-08 12:24:00,12.45621,37.873856,5,2520
2025-07-08 12:34:00,12.456724,37.87352,5,2520
2025-07-08 12:44:00,12.457278,37.87316,5,2520
2025-07-08 12:54:00,12.457878,37.87278,5,2520
2025-07-08 13:04:00,12.458529,37.87238,5,2520
2025-07-08 13:14:00,12.459241,37.87196,5,2520
2025-07-08 13:24:00,12.460013,37.871506,5,2520
2025-07-08 13:34:00,12.460837,37.871006,5,2520
2025-07-08 13:44:00,12.461712,37.87046,5,2520
2025-07-08 13:54:00,12.462643,37.86987,5,2520
2025-07-08 14:04:00,12.463119,37.86956,5,2520
2025-07-08 14:14:00,12.463119,37.86956,5,2520
2025-07-08 14:24:00,12.463119,37.86956,5,2520
2025-07-08 14:34:00,12.463119,37.86956,5,2520
2025-07-08 14:44:00,12.463119,37.86956,5,2520
2025-07-08 14:54:00,12.463119,37.86956,5,2520
2025-07-08 15:04:00,12.463119,37.86956,5,2520
2025-07-08 15:14:00,12.463119,37.86956,5,2520
2025-07-08 15:24:00,12.463119,37.86956,5,2520
2025-07-08 15:34:00,12.463119,37.86956,5,2520
2025-07-08 15:44:00,12.463119,37.86956,5,2520
2025-07-08 15:54:00,12.463119,37.86956,5,2520
2025-07-08 16:04:00,12.463119,37.86956,5,2520
2025-07-08 16:14:00,12.463119,37.86956,5,2520
2025-07-08 16:24:00,12.463119,37.86956,5,2520
2025-07-08 16:34:00,12.463119,37.86956,5,2520
2025-07-08 16:44:00,12.463119,37.86956,5,2520
2025-07-08 16:54:00,12.463119,37.86956,5,2520
2025-07-08 17:04:00,12.463119,37.86956,5,2520
2025-07-08 17:14:00,12.463119,37.86956,5,2520
2025-07-08 17:24:00,12.463119,37.86956,5,2520
2025-07-08 17:34:00,12.463119,37.86956,5,2520
2025-07-08 17:44:00,12.463119,37.86956,5,2520
2025-07-08 17:54:00,12.463119,37.86956,5,2520
2025-07-08 18:04:00,12.463119,37.86956,5,2520
2025-07-08 18:14:00,12.463119,37.86956,5,2520
2025-07-08 18:24:00,12.463119,37.86956,5,2520
2025-07-08 18:34:00,12.463119,37.86956,5,2520
2025-07-08 18:44:00,12.463119,37.86956,5,2520
2025-07-08 18:54:00,12.463119,37.86956,5,2520
2025-07-08 19:04:00,12.463119,37.86956,5,2520
2025-07-08 19:14:00,12.463119,37.86956,5,2520
2025-07-08 19:24:00,12.463119,37.86956,5,2520
2025-07-08 19:34:00,12.463119,37.86956,5,2520
2025-07-08 19:44:00,12.463119,37.86956,5,2520
2025-07-08 19:54:00,12.463119,37.86956,5,2520
2025-07-08 20:04:00,12.463119,37.86956,5,2520
2025-07-08 20:14:00,12.463119,37.86956,5,2520
2025-07-08 20:24:00,12.463119,37.86956,5,2520
2025-07-08 20:34:00,12.463119,37.86956,5,2520
2025-07-08 20:44:00,12.463119,37.86956,5,2520
2025-07-08 20:54:00,12.463119,37.86956,5,2520
2025-07-08 21:04:00,12.463119,37.86956,5,2520
2025-07-08 21:14:00,12.463119,37.86956,5,2520
2025-07-08 21:24:00,12.463119,37.86956,5,2520
2025-07-08 21:34:00,12.463119,37.86956,5,2520
2025-07-08 21:44:00,12.463119,37.86956,5,2520
2025-07-08 21:54:00,12.463119,37.86956,5,2520
2025-07-08 22:04:00,12.463119,37.86956,5,2520
2025-07-08 22:14:00,12.463119,37.86956,5,2520
2025-07-08 22:24:00,12.463119,37.86956,5,2520
2025-07-08 22:34:00,12.463119,37.86956,5,2520
2025-07-08 22:44:00,12.463119,37.86956,5,2520
2025-07-08 22:54:00,12.463119,37.86956,5,2520
2025-07-08 23:04:00,12.463119,37.86956,5,2520
2025-07-08 23:14:00,12.463119,37.86956,5,2520
2025-07-08 23:24:00,12.463119,37.86956,5,2520
2025-07-08 23:34:00,12.463119,37.86956,5,2520
2025-07-08 23:44:00,12.463119,37.86956,5,2520
2025-07-08 23:54:00,12.463119,37.86956,5,2520
2025-07-09 00:04:00,12.463119,37.86956,5,2520
2025-07-09 00:14:00,12.463119,37.86956,5,2520
2025-07-09 00:24:00,12.463119,37.86956,5,2520
2025-07-09 00:34:00,12.463119,37.86956,5,2520
2025-07-09 00:44:00,12.463119,37.86956,5,2520
2025-07-09 00:54:00,12.463119,37.86956,5,2520
2025-07-09 01:04:00,12.463119,37.86956,5,2520
2025-07-09 01:14:00,12.463119,37.86956,5,2520
2025-07-09 01:24:00,12.463119,37.86956,5,2520
2025-07-09 01:34:00,12.463119,37.86956,5,2520
2025-07-09 01:44:00,12.463119,37.86956,5,2520
2025-07-09 01:54:00,12.463119,37.86956,5,2520
2025-07-09 02:04:00,12.463119,37.86956,5,2520
2025-07-09 02:14:00,12.463119,37.86956,5,2520
2025-07-09 02:24:00,12.463119,37.86956,5,2520
2025-07-09 02:34:00,12.463119,37.86956,5,2520
2025-07-09 02:44:00,12.463119,37.86956,5,2520
2025-07-09 02:54:00,12.463119,37.86956,5,2520
2025-07-09 03:04:00,12.463119,37.86956,5,2520
2025-07-09 03:14:00,12.463119,37.86956,5,2520
2025-07-09 03:24:00,12.463119,37.86956,5,2520
2025-07-09 03:34:00,12.463119,37.86956,5,2520
2025-07-09 03:44:00,12.463119,37.86956,5,2520
2025-07-09 03:54:00,12.463119,37.86956,5,2520
2025-07-09 04:04:00,12.463119,37.86956,5,2520
2025-07-09 04:14:00,12.463119,37.86956,5,2520
2025-07-09 04:24:00,12.463119,37.86956,5,2520
2025-07-09 04:34:00,12.463119,37.86956,5,2520
2025-07-09 04:44:00,12.463119,37.86956,5,2520
2025-07-09 04:54:00,12.463119,37.86956,5,2520
2025-07-09 05:04:00,12.463119,37.86956,5,2520
2025-07-09 05:14:00,12.463119,37.86956,5,2520
2025-07-09 05:24:00,12.463119,37.86956,5,2520
2025-07-09 05:34:00,12.463119,37.86956,5,2520
2025-07-09 05:44:00,12.463119,37.86956,5,2520
2025-07-09 05:54:00,12.463119,37.86956,5,2520
2025-07-09 06:04:00,12.463119,37.86956,5,2520
2025-07-09 06:14:00,12.463119,37.86956,5,2520
2025-07-09 06:24:00,12.463119,37.86956,5,2520
2025-07-09 06:34:00,12.463119,37.86956,5,2520
2025-07-09 06:44:00,12.463119,37.86956,5,2520
2025-07-09 06:54:00,12.463119,37.86956,5,2520
2025-07-09 07:04:00,12.463119,37.86956,5,2520
2025-07-09 07:14:00,12.463119,37.86956,5,2520
2025-07-09 07:24:00,12.463119,37.86956,5,2520
2025-07-09 07:34:00,12.463119,37.86956,5,2520
2025-07-09 07:44:00,12.463119,37.86956,5,2520
2025-07-09 07:54:00,12.463119,37.86956,5,2520
2025-07-09 08:04:00,12.463119,37.86956,5,2520
2025-07-09 08:14:00,12.463119,37.86956,5,2520
2025-07-09 08:24:00,12.463119,37.86956,5,2520
2025-07-09 08:34:00,12.463119,37.86956,5,2520
2025-07-09 08:44:00,12.463119,37.86956,5,2520
2025-07-09 08:54:00,12.463119,37.86956,5,2520
2025-07-09 09:04:00,12.463119,37.86956,5,2520
2025-07-09 09:14:00,12.463119,37.86956,5,2520
2025-07-09 09:24:00,12.463119,37.86956,5,2520
2025-07-09 09:34:00,12.463119,37.86956,5,2520
2025-07-09 09:44:00,12.463119,37.86956,5,2520
2025-07-09 09:54:00,12.463119,37.86956,5,2520
2025-07-09 10:04:00,12.463119,37.86956,5,2520
2025-07-09 10:14:00,12.463119,37.86956,5,2520
2025-07-09 10:24:00,12.463119,37.86956,5,2520
2025-07-09 10:34:00,12.463119,37.86956,5,2520
2025-07-09 10:44:00,12.463119,37.86956,5,2520
2025-07-09 10:54:00,12.463119,37.86956,5,2520
2025-07-09 11:04:00,12.463119,37.86956,5,2520
2025-07-09 11:14:00,12.463119,37.86956,5,2520
2025-07-09 11:24:00,12.463119,37.86956,5,2520
2025-07-09 11:34:00,12.463119,37.86956,5,2520
2025-07-09 11:44:00,12.463119,37.86956,5,2520
2025-07-09 11:54:00,12.463119,37.86956,5,2520
2025-07-09 12:04:00,12.463119,37.86956,5,2520
2025-07-09 12:14:00,12.463119,37.86956,5,2520
2025-07-09 12:24:00,12.463119,37.86956,5,2520
2025-07-09 12:34:00,12.463119,37.86956,5,2520
2025-07-09 12:44:00,12.463119,37.86956,5,2520
2025-07-09 12:54:00,12.463119,37.86956,5,2520
2025-07-09 13:04:00,12.463119,37.86956,5,2520
2025-07-09 13:14:00,12.463119,37.86956,5,2520
2025-07-09 13:24:00,12.463119,37.86956,5,2520
2025-07-09 13:34:00,12.463119,37.86956,5,2520
2025-07-09 13:44:00,12.463119,37.86956,5,2520
2025-07-09 13:54:00,12.463119,37.86956,5,2520
2025-07-09 14:04:00,12.463119,37.86956,5,2520
2025-07-09 14:14:00,12.463119,37.86956,5,2520
2025-07-09 14:24:00,12.463119,37.86956,5,2520
2025-07-09 14:34:00,12.463119,37.86956,5,2520
2025-07-09 14:44:00,12.463119,37.86956,5,2520
2025-07-09 14:54:00,12.463119,37.86956,5,2520
2025-07-09 15:04:00,12.463119,37.86956,5,2520
2025-07-09 15:14:00,12.463119,37.86956,5,2520
2025-07-09 15:24:00,12.463119,37.86956,5,2520
2025-07-09 15:34:00,12.463119,37.86956,5,2520
2025-07-09 15:44:00,12.463119,37.86956,5,2520
2025-07-09 15:54:00,12.463119,37.86956,5,2520
2025-07-09 16:04:00,12.463119,37.86956,5,2520
2025-07-09 16:14:00,12.463119,37.86956,5,2520
2025-07-09 16:24:00,12.463119,37.86956,5,2520
2025-07-09 16:34:00,12.463119,37.86956,5,2520
2025-07-09 16:44:00,12.463119,37.86956,5,2520
2025-07-09 16:54:00,12.463119,37.86956,5,2520
2025-07-09 17:04:00,12.463119,37.86956,5,2520
2025-07-09 17:14:00,12.463119,37.86956,5,2520
2025-07-09 17:24:00,12.463119,37.86956,5,2520
2025-07-09 17:34:00,12.463119,37.86956,5,2520
2025-07-09 17:44:00,12.463119,37.86956,5,2520
2025-07-09 17:54:00,12.463119,37.86956,5,2520
2025-07-09 18:04:00,12.463119,37.86956,5,2520
2025-07-09 18:14:00,12.463119,37.86956,5,2520
2025-07-09 18:24:00,12.463119,37.86956,5,2520
2025-07-09 18:34:00,12.463119,37.86956,5,2520
2025-07-09 18:44:00,12.463119,37.86956,5,2520
2025-07-09 18:54:00,12.463119,37.86956,5,2520
2025-07-09 19:04:00,12.463119,37.86956,5,2520
2025-07-09 19:14:00,12.463119,37.86956,5,2520
2025-07-09 19:24:00,12.463119,37.86956,5,2520
2025-07-09 19:34:00,12.463119,37.86956,5,2520
2025-07-09 19:44:00,12.463119,37.86956,5,2520
2025-07-09 19:54:00,12.463119,37.86956,5,2520
2025-07-09 20:04:00,12.463119,37.86956,5,2520
2025-07-09 20:14:00,12.463119,37.86956,5,2520
2025-07-09 20:24:00,12.463119,37.86956,5,2520
2025-07-09 20:34:00,12.463119,37.86956,5,2520
2025-07-09 20:44:00,12.463119,37.86956,5,2520
2025-07-09 20:54:00,12.463119,37.86956,5,2520
2025-07-09 21:04:00,12.463119,37.86956,5,2520
2025-07-09 21:14:00,12.463119,37.86956,5,2520
2025-07-09 21:24:00,12.463119,37.86956,5,2520
2025-07-09 21:34:00,12.463119,37.86956,5,2520
2025-07-09 21:44:00,12.463119,37.86956,5,2520
2025-07-09 21:54:00,12.463119,37.86956,5,2520
2025-07-09 22:04:00,12.463119,37.86956,5,2520
2025-07-09 22:14:00,12.463119,37.86956,5,2520
2025-07-09 22:24:00,12.463119,37.86956,5,2520
2025-07-09 22:34:00,12.463119,37.86956,5,2520
2025-07-09 22:44:00,12.463119,37.86956,5,2520
2025-07-09 22:54:00,12.463119,37.86956,5,2520
2025-07-09 23:04:00,12.463119,37.86956,5,2520
2025-07-09 23:14:00,12.463119,37.86956,5,2520
2025-07-09 23:24:00,12.463119,37.86956,5,2520
2025-07-09 23:34:00,12.463119,37.86956,5,2520
2025-07-09 23:44:00,12.463119,37.86956,5,2520
2025-07-09 23:54:00,12.463119,37.86956,5,2520
2025-07-10 00:04:00,12.463119,37.86956,5,2520
2025-07-08 11:34:00,12.45361,37.874928,5,7520
2025-07-08 11:44:00,12.454201,37.87485,5,7520
2025-07-08 11:54:00,12.4547415,37.8747,5,7520
2025-07-08 12:04:00,12.455219,37.874477,5,7520
2025-07-08 12:14:00,12.455689,37.87421,5,7520
2025-07-08 12:24:00,12.456177,37.8739,5,7520
2025-07-08 12:34:00,12.456693,37.873566,5,7520
2025-07-08 12:44:00,12.457246,37.873207,5,7520
2025-07-08 12:54:00,12.457846,37.87283,5,7520
2025-07-08 13:04:00,12.458496,37.87243,5,7520
2025-07-08 13:14:00,12.459208,37.87201,5,7520
2025-07-08 13:24:00,12.459981,37.871555,5,7520
2025-07-08 13:34:00,12.460806,37.871056,5,7520
2025-07-08 13:44:00,12.461681,37.87051,5,7520
2025-07-08 13:54:00,12.462612,37.86992,5,7520
2025-07-08 14:04:00,12.46309,37.86961,5,7520
2025-07-08 14:14:00,12.46309,37.86961,5,7520
2025-07-08 14:24:00,12.46309,37.86961,5,7520
2025-07-08 14:34:00,12.46309,37.86961,5,7520
2025-07-08 14:44:00,12.46309,37.86961,5,7520
2025-07-08 14:54:00,12.46309,37.86961,5,7520
2025-07-08 15:04:00,12.46309,37.86961,5,7520
2025-07-08 15:14:00,12.46309,37.86961,5,7520
2025-07-08 15:24:00,12.46309,37.86961,5,7520
2025-07-08 15:34:00,12.46309,37.86961,5,7520
2025-07-08 15:44:00,12.46309,37.86961,5,7520
2025-07-08 15:54:00,12.46309,37.86961,5,7520
2025-07-08 16:04:00,12.46309,37.86961,5,7520
2025-07-08 16:14:00,12.46309,37.86961,5,7520
2025-07-08 16:24:00,12.46309,37.86961,5,7520
2025-07-08 16:34:00,12.46309,37.86961,5,7520
2025-07-08 16:44:00,12.46309,37.86961,5,7520
2025-07-08 16:54:00,12.46309,37.86961,5,7520
2025-07-08 17:04:00,12.46309,37.86961,5,7520
2025-07-08 17:14:00,12.46309,37.86961,5,7520
2025-07-08 17:24:00,12.46309,37.86961,5,7520
2025-07-08 17:34:00,12.46309,37.86961,5,7520
2025-07-08 17:44:00,12.46309,37.86961,5,7520
2025-07-08 17:54:00,12.46309,37.86961,5,7520
2025-07-08 18:04:00,12.46309,37.86961,5,7520
2025-07-08 18:14:00,12.46309,37.86961,5,7520
2025-07-08 18:24:00,12.46309,37.86961,5,7520
2025-07-08 18:34:00,12.46309,37.86961,5,7520
2025-07-08 18:44:00,12.46309,37.86961,5,7520
2025-07-08 18:54:00,12.46309,37.86961,5,7520
2025-07-08 19:04:00,12.46309,37.86961,5,7520
2025-07-08 19:14:00,12.46309,37.86961,5,7520
2025-07-08 19:24:00,12.46309,37.86961,5,7520
2025-07-08 19:34:00,12.46309,37.86961,5,7520
2025-07-08 19:44:00,12.46309,37.86961,5,7520
2025-07-08 19:54:00,12.46309,37.86961,5,7520
2025-07-08 20:04:00,12.46309,37.86961,5,7520
2025-07-08 20:14:00,12.46309,37.86961,5,7520
2025-07-08 20:24:00,12.46309,37.86961,5,7520
2025-07-08 20:34:00,12.46309,37.86961,5,7520
2025-07-08 20:44:00,12.46309,37.86961,5,7520
2025-07-08 20:54:00,12.46309,37.86961,5,7520
2025-07-08 21:04:00,12.46309,37.86961,5,7520
2025-07-08 21:14:00,12.46309,37.86961,5,7520
2025-07-08 21:24:00,12.46309,37.86961,5,7520
2025-07-08 21:34:00,12.46309,37.86961,5,7520
2025-07-08 21:44:00,12.46309,37.86961,5,7520
2025-07-08 21:54:00,12.46309,37.86961,5,7520
2025-07-08 22:04:00,12.46309,37.86961,5,7520
2025-07-08 22:14:00,12.46309,37.86961,5,7520
2025-07-08 22:24:00,12.46309,37.86961,5,7520
2025-07-08 22:34:00,12.46309,37.86961,5,7520
2025-07-08 22:44:00,12.46309,37.86961,5,7520
2025-07-08 22:54:00,12.46309,37.86961,5,7520
2025-07-08 23:04:00,12.46309,37.86961,5,7520
2025-07-08 23:14:00,12.46309,37.86961,5,7520
2025-07-08 23:24:00,12.46309,37.86961,5,7520
2025-07-08 23:34:00,12.46309,37.86961,5,7520
2025-07-08 23:44:00,12.46309,37.86961,5,7520
2025-07-08 23:54:00,12.46309,37.86961,5,7520
2025-07-09 00:04:00,12.46309,37.86961,5,7520
2025-07-09 00:14:00,12.46309,37.86961,5,7520
2025-07-09 00:24:00,12.46309,37.86961,5,7520
2025-07-09 00:34:00,12.46309,37.86961,5,7520
2025-07-09 00:44:00,12.46309,37.86961,5,7520
2025-07-09 00:54:00,12.46309,37.86961,5,7520
2025-07-09 01:04:00,12.46309,37.86961,5,7520
2025-07-09 01:14:00,12.46309,37.86961,5,7520
2025-07-09 01:24:00,12.46309,37.86961,5,7520
2025-07-09 01:34:00,12.46309,37.86961,5,7520
2025-07-09 01:44:00,12.46309,37.86961,5,7520
2025-07-09 01:54:00,12.46309,37.86961,5,7520
2025-07-09 02:04:00,12.46309,37.86961,5,7520
2025-07-09 02:14:00,12.46309,37.86961,5,7520
2025-07-09 02:24:00,12.46309,37.86961,5,7520
2025-07-09 02:34:00,12.46309,37.86961,5,7520
2025-07-09 02:44:00,12.46309,37.86961,5,7520
2025-07-09 02:54:00,12.46309,37.86961,5,7520
2025-07-09 03:04:00,12.46309,37.86961,5,7520
2025-07-09 03:14:00,12.46309,37.86961,5,7520
2025-07-09 03:24:00,12.46309,37.86961,5,7520
2025-07-09 03:34:00,12.46309,37.86961,5,7520
2025-07-09 03:44:00,12.46309,37.86961,5,7520
2025-07-09 03:54:00,12.46309,37.86961,5,7520
2025-07-09 04:04:00,12.46309,37.86961,5,7520
2025-07-09 04:14:00,12.46309,37.86961,5,7520
2025-07-09 04:24:00,12.46309,37.86961,5,7520
2025-07-09 04:34:00,12.46309,37.86961,5,7520
2025-07-09 04:44:00,12.46309,37.86961,5,7520
2025-07-09 04:54:00,12.46309,37.86961,5,7520
2025-07-09 05:04:00,12.46309,37.86961,5,7520
2025-07-09 05:14:00,12.46309,37.86961,5,7520
2025-07-09 05:24:00,12.46309,37.86961,5,7520
2025-07-09 05:34:00,12.46309,37.86961,5,7520
2025-07-09 05:44:00,12.46309,37.86961,5,7520
2025-07-09 05:54:00,12.46309,37.86961,5,7520
2025-07-09 06:04:00,12.46309,37.86961,5,7520
2025-07-09 06:14:00,12.46309,37.86961,5,7520
2025-07-09 06:24:00,12.46309,37.86961,5,7520
2025-07-09 06:34:00,12.46309,37.86961,5,7520
2025-07-09 06:44:00,12.46309,37.86961,5,7520
2025-07-09 06:54:00,12.46309,37.86961,5,7520
2025-07-09 07:04:00,12.46309,37.86961,5,7520
2025-07-09 07:14:00,12.46309,37.86961,5,7520
2025-07-09 07:24:00,12.46309,37.86961,5,7520
2025-07-09 07:34:00,12.46309,37.86961,5,7520
2025-07-09 07:44:00,12.46309,37.86961,5,7520
2025-07-09 07:54:00,12.46309,37.86961,5,7520
2025-07-09 08:04:00,12.46309,37.86961,5,7520
2025-07-09 08:14:00,12.46309,37.86961,5,7520
2025-07-09 08:24:00,12.46309,37.86961,5,7520
2025-07-09 08:34:00,12.46309,37.86961,5,7520
2025-07-09 08:44:00,12.46309,37.86961,5,7520
2025-07-09 08:54:00,12.46309,37.86961,5,7520
2025-07-09 09:04:00,12.46309,37.86961,5,7520
2025-07-09 09:14:00,12.46309,37.86961,5,7520
2025-07-09 09:24:00,12.46309,37.86961,5,7520
2025-07-09 09:34:00,12.46309,37.86961,5,7520
2025-07-09 09:44:00,12.46309,37.86961,5,7520
2025-07-09 09:54:00,12.46309,37.86961,5,7520
2025-07-09 10:04:00,12.46309,37.86961,5,7520
2025-07-09 10:14:00,12.46309,37.86961,5,7520
2025-07-09 10:24:00,12.46309,37.86961,5,7520
2025-07-09 10:34:00,12.46309,37.86961,5,7520
2025-07-09 10:44:00,12.46309,37.86961,5,7520
2025-07-09 10:54:00,12.46309,37.86961,5,7520
2025-07-09 11:04:00,12.46309,37.86961,5,7520
2025-07-09 11:14:00,12.46309,37.86961,5,7520
2025-07-09 11:24:00,12.46309,37.86961,5,7520
2025-07-09 11:34:00,12.46309,37.86961,5,7520
2025-07-09 11:44:00,12.46309,37.86961,5,7520
2025-07-09 11:54:00,12.46309,37.86961,5,7520
2025-07-09 12:04:00,12.46309,37.86961,5,7520
2025-07-09 12:14:00,12.46309,37.86961,5,7520
2025-07-09 12:24:00,12.46309,37.86961,5,7520
2025-07-09 12:34:00,12.46309,37.86961,5,7520
2025-07-09 12:44:00,12.46309,37.86961,5,7520
2025-07-09 12:54:00,12.46309,37.86961,5,7520
2025-07-09 13:04:00,12.46309,37.86961,5,7520
2025-07-09 13:14:00,12.46309,37.86961,5,7520
2025-07-09 13:24:00,12.46309,37.86961,5,7520
2025-07-09 13:34:00,12.46309,37.86961,5,7520
2025-07-09 13:44:00,12.46309,37.86961,5,7520
2025-07-09 13:54:00,12.46309,37.86961,5,7520
2025-07-09 14:04:00,12.46309,37.86961,5,7520
2025-07-09 14:14:00,12.46309,37.86961,5,7520
2025-07-09 14:24:00,12.46309,37.86961,5,7520
2025-07-09 14:34:00,12.46309,37.86961,5,7520
2025-07-09 14:44:00,12.46309,37.86961,5,7520
2025-07-09 14:54:00,12.46309,37.86961,5,7520
2025-07-09 15:04:00,12.46309,37.86961,5,7520
2025-07-09 15:14:00,12.46309,37.86961,5,7520
2025-07-09 15:24:00,12.46309,37.86961,5,7520
2025-07-09 15:34:00,12.46309,37.86961,5,7520
2025-07-09 15:44:00,12.46309,37.86961,5,7520
2025-07-09 15:54:00,12.46309,37.86961,5,7520
2025-07-09 16:04:00,12.46309,37.86961,5,7520
2025-07-09 16:14:00,12.46309,37.86961,5,7520
2025-07-09 16:24:00,12.46309,37.86961,5,7520
2025-07-09 16:34:00,12.46309,37.86961,5,7520
2025-07-09 16:44:00,12.46309,37.86961,5,7520
2025-07-09 16:54:00,12.46309,37.86961,5,7520
2025-07-09 17:04:00,12.46309,37.86961,5,7520
2025-07-09 17:14:00,12.46309,37.86961,5,7520
2025-07-09 17:24:00,12.46309,37.86961,5,7520
2025-07-09 17:34:00,12.46309,37.86961,5,7520
2025-07-09 17:44:00,12.46309,37.86961,5,7520
2025-07-09 17:54:00,12.46309,37.86961,5,7520
2025-07-09 18:04:00,12.46309,37.86961,5,7520
2025-07-09 18:14:00,12.46309,37.86961,5,7520
2025-07-09 18:24:00,12.46309,37.86961,5,7520
2025-07-09 18:34:00,12.46309,37.86961,5,7520
2025-07-09 18:44:00,12.46309,37.86961,5,7520
2025-07-09 18:54:00,12.46309,37.86961,5,7520
2025-07-09 19:04:00,12.46309,37.86961,5,7520
2025-07-09 19:14:00,12.46309,37.86961,5,7520
2025-07-09 19:24:00,12.46309,37.86961,5,7520
2025-07-09 19:34:00,12.46309,37.86961,5,7520
2025-07-09 19:44:00,12.46309,37.86961,5,7520
2025-07-09 19:54:00,12.46309,37.86961,5,7520
2025-07-09 20:04:00,12.46309,37.86961,5,7520
2025-07-09 20:14:00,12.46309,37.86961,5,7520
2025-07-09 20:24:00,12.46309,37.86961,5,7520
2025-07-09 20:34:00,12.46309,37.86961,5,7520
2025-07-09 20:44:00,12.46309,37.86961,5,7520
2025-07-09 20:54:00,12.46309,37.86961,5,7520
2025-07-09 21:04:00,12.46309,37.86961,5,7520
2025-07-09 21:14:00,12.46309,37.86961,5,7520
2025-07-09 21:24:00,12.46309,37.86961,5,7520
2025-07-09 21:34:00,12.46309,37.86961,5,7520
2025-07-09 21:44:00,12.46309,37.86961,5,7520
2025-07-09 21:54:00,12.46309,37.86961,5,7520
2025-07-09 22:04:00,12.46309,37.86961,5,7520
2025-07-09 22:14:00,12.46309,37.86961,5,7520
2025-07-09 22:24:00,12.46309,37.86961,5,7520
2025-07-09 22:34:00,12.46309,37.86961,5,7520
2025-07-09 22:44:00,12.46309,37.86961,5,7520
2025-07-09 22:54:00,12.46309,37.86961,5,7520
2025-07-09 23:04:00,12.46309,37.86961,5,7520
2025-07-09 23:14:00,12.46309,37.86961,5,7520
2025-07-09 23:24:00,12.46309,37.86961,5,7520
2025-07-09 23:34:00,12.46309,37.86961,5,7520
2025-07-09 23:44:00,12.46309,37.86961,5,7520
2025-07-09 23:54:00,12.46309,37.86961,5,7520
2025-07-10 00:04:00,12.46309,37.86961,5,7520
2025-07-08 11:34:00,12.453539,37.87489,5,930
2025-07-08 11:44:00,12.454125,37.874817,5,930
2025-07-08 11:54:00,12.454668,37.87467,5,930
2025-07-08 12:04:00,12.455148,37.874447,5,930
2025-07-08 12:14:00,12.455619,37.87418,5,930
2025-07-08 12:24:00,12.456109,37.87388,5,930
2025-07-08 12:34:00,12.456625,37.873543,5,930
2025-07-08 12:44:00,12.457179,37.873184,5,930
2025-07-08 12:54:00,12.45778,37.872803,5,930
2025-07-08 13:04:00,12.458431,37.872406,5,930
2025-07-08 13:14:00,12.459144,37.871983,5,930
2025-07-08 13:24:00,12.459917,37.87153,5,930
2025-07-08 13:34:00,12.460741,37.871033,5,930
2025-07-08 13:44:00,12.4616165,37.870487,5,930
2025-07-08 13:54:00,12.462548,37.869892,5,930
2025-07-08 14:04:00,12.463027,37.869583,5,930
2025-07-08 14:14:00,12.463027,37.869583,5,930
2025-07-08 14:24:00,12.463027,37.869583,5,930
2025-07-08 14:34:00,12.463027,37.869583,5,930
2025-07-08 14:44:00,12.463027,37.869583,5,930
2025-07-08 14:54:00,12.463027,37.869583,5,930
2025-07-08 15:04:00,12.463027,37.869583,5,930
2025-07-08 15:14:00,12.463027,37.869583,5,930
2025-07-08 15:24:00,12.463027,37.869583,5,930
2025-07-08 15:34:00,12.463027,37.869583,5,930
2025-07-08 15:44:00,12.463027,37.869583,5,930
2025-07-08 15:54:00,12.463027,37.869583,5,930
2025-07-08 16:04:00,12.463027,37.869583,5,930
2025-07-08 16:14:00,12.463027,37.869583,5,930
2025-07-08 16:24:00,12.463027,37.869583,5,930
2025-07-08 16:34:00,12.463027,37.869583,5,930
2025-07-08 16:44:00,12.463027,37.869583,5,930
2025-07-08 16:54:00,12.463027,37.869583,5,930
2025-07-08 17:04:00,12.463027,37.869583,5,930
2025-07-08 17:14:00,12.463027,37.869583,5,930
2025-07-08 17:24:00,12.463027,37.869583,5,930
2025-07-08 17:34:00,12.463027,37.869583,5,930
2025-07-08 17:44:00,12.463027,37.869583,5,930
2025-07-08 17:54:00,12.463027,37.869583,5,930
2025-07-08 18:04:00,12.463027,37.869583,5,930
2025-07-08 18:14:00,12.463027,37.869583,5,930
2025-07-08 18:24:00,12.463027,37.869583,5,930
2025-07-08 18:34:00,12.463027,37.869583,5,930
2025-07-08 18:44:00,12.463027,37.869583,5,930
2025-07-08 18:54:00,12.463027,37.869583,5,930
2025-07-08 19:04:00,12.463027,37.869583,5,930
2025-07-08 19:14:00,12.463027,37.869583,5,930
2025-07-08 19:24:00,12.463027,37.869583,5,930
2025-07-08 19:34:00,12.463027,37.869583,5,930
2025-07-08 19:44:00,12.463027,37.869583,5,930
2025-07-08 19:54:00,12.463027,37.869583,5,930
2025-07-08 20:04:00,12.463027,37.869583,5,930
2025-07-08 20:14:00,12.463027,37.869583,5,930
2025-07-08 20:24:00,12.463027,37.869583,5,930
2025-07-08 20:34:00,12.463027,37.869583,5,930
2025-07-08 20:44:00,12.463027,37.869583,5,930
2025-07-08 20:54:00,12.463027,37.869583,5,930
2025-07-08 21:04:00,12.463027,37.869583,5,930
2025-07-08 21:14:00,12.463027,37.869583,5,930
2025-07-08 21:24:00,12.463027,37.869583,5,930
2025-07-08 21:34:00,12.463027,37.869583,5,930
2025-07-08 21:44:00,12.463027,37.869583,5,930
2025-07-08 21:54:00,12.463027,37.869583,5,930
2025-07-08 22:04:00,12.463027,37.869583,5,930
2025-07-08 22:14:00,12.463027,37.869583,5,930
2025-07-08 22:24:00,12.463027,37.869583,5,930
2025-07-08 22:34:00,12.463027,37.869583,5,930
2025-07-08 22:44:00,12.463027,37.869583,5,930
2025-07-08 22:54:00,12.463027,37.869583,5,930
2025-07-08 23:04:00,12.463027,37.869583,5,930
2025-07-08 23:14:00,12.463027,37.869583,5,930
2025-07-08 23:24:00,12.463027,37.869583,5,930
2025-07-08 23:34:00,12.463027,37.869583,5,930
2025-07-08 23:44:00,12.463027,37.869583,5,930
2025-07-08 23:54:00,12.463027,37.869583,5,930
2025-07-09 00:04:00,12.463027,37.869583,5,930
2025-07-09 00:14:00,12.463027,37.869583,5,930
2025-07-09 00:24:00,12.463027,37.869583,5,930
2025-07-09 00:34:00,12.463027,37.869583,5,930
2025-07-09 00:44:00,12.463027,37.869583,5,930
2025-07-09 00:54:00,12.463027,37.869583,5,930
2025-07-09 01:04:00,12.463027,37.869583,5,930
2025-07-09 01:14:00,12.463027,37.869583,5,930
2025-07-09 01:24:00,12.463027,37.869583,5,930
2025-07-09 01:34:00,12.463027,37.869583,5,930
2025-07-09 01:44:00,12.463027,37.869583,5,930
2025-07-09 01:54:00,12.463027,37.869583,5,930
2025-07-09 02:04:00,12.463027,37.869583,5,930
2025-07-09 02:14:00,12.463027,37.869583,5,930
2025-07-09 02:24:00,12.463027,37.869583,5,930
2025-07-09 02:34:00,12.463027,37.869583,5,930
2025-07-09 02:44:00,12.463027,37.869583,5,930
2025-07-09 02:54:00,12.463027,37.869583,5,930
2025-07-09 03:04:00,12.463027,37.869583,5,930
2025-07-09 03:14:00,12.463027,37.869583,5,930
2025-07-09 03:24:00,12.463027,37.869583,5,930
2025-07-09 03:34:00,12.463027,37.869583,5,930
2025-07-09 03:44:00,12.463027,37.869583,5,930
2025-07-09 03:54:00,12.463027,37.869583,5,930
2025-07-09 04:04:00,12.463027,37.869583,5,930
2025-07-09 04:14:00,12.463027,37.869583,5,930
2025-07-09 04:24:00,12.463027,37.869583,5,930
2025-07-09 04:34:00,12.463027,37.869583,5,930
2025-07-09 04:44:00,12.463027,37.869583,5,930
2025-07-09 04:54:00,12.463027,37.869583,5,930
2025-07-09 05:04:00,12.463027,37.869583,5,930
2025-07-09 05:14:00,12.463027,37.869583,5,930
2025-07-09 05:24:00,12.463027,37.869583,5,930
2025-07-09 05:34:00,12.463027,37.869583,5,930
2025-07-09 05:44:00,12.463027,37.869583,5,930
2025-07-09 05:54:00,12.463027,37.869583,5,930
2025-07-09 06:04:00,12.463027,37.869583,5,930
2025-07-09 06:14:00,12.463027,37.869583,5,930
2025-07-09 06:24:00,12.463027,37.869583,5,930
2025-07-09 06:34:00,12.463027,37.869583,5,930
2025-07-09 06:44:00,12.463027,37.869583,5,930
2025-07-09 06:54:00,12.463027,37.869583,5,930
2025-07-09 07:04:00,12.463027,37.869583,5,930
2025-07-09 07:14:00,12.463027,37.869583,5,930
2025-07-09 07:24:00,12.463027,37.869583,5,930
2025-07-09 07:34:00,12.463027,37.869583,5,930
2025-07-09 07:44:00,12.463027,37.869583,5,930
2025-07-09 07:54:00,12.463027,37.869583,5,930
2025-07-09 08:04:00,12.463027,37.869583,5,930
2025-07-09 08:14:00,12.463027,37.869583,5,930
2025-07-09 08:24:00,12.463027,37.869583,5,930
2025-07-09 08:34:00,12.463027,37.869583,5,930
2025-07-09 08:44:00,12.463027,37.869583,5,930
2025-07-09 08:54:00,12.463027,37.869583,5,930
2025-07-09 09:04:00,12.463027,37.869583,5,930
2025-07-09 09:14:00,12.463027,37.869583,5,930
2025-07-09 09:24:00,12.463027,37.869583,5,930
2025-07-09 09:34:00,12.463027,37.869583,5,930
2025-07-09 09:44:00,12.463027,37.869583,5,930
2025-07-09 09:54:00,12.463027,37.869583,5,930
2025-07-09 10:04:00,12.463027,37.869583,5,930
2025-07-09 10:14:00,12.463027,37.869583,5,930
2025-07-09 10:24:00,12.463027,37.869583,5,930
2025-07-09 10:34:00,12.463027,37.869583,5,930
2025-07-09 10:44:00,12.463027,37.869583,5,930
2025-07-09 10:54:00,12.463027,37.869583,5,930
2025-07-09 11:04:00,12.463027,37.869583,5,930
2025-07-09 11:14:00,12.463027,37.869583,5,930
2025-07-09 11:24:00,12.463027,37.869583,5,930
2025-07-09 11:34:00,12.463027,37.869583,5,930
2025-07-09 11:44:00,12.463027,37.869583,5,930
2025-07-09 11:54:00,12.463027,37.869583,5,930
2025-07-09 12:04:00,12.463027,37.869583,5,930
2025-07-09 12:14:00,12.463027,37.869583,5,930
2025-07-09 12:24:00,12.463027,37.869583,5,930
2025-07-09 12:34:00,12.463027,37.869583,5,930
2025-07-09 12:44:00,12.463027,37.869583,5,930
2025-07-09 12:54:00,12.463027,37.869583,5,930
2025-07-09 13:04:00,12.463027,37.869583,5,930
2025-07-09 13:14:00,12.463027,37.869583,5,930
2025-07-09 13:24:00,12.463027,37.869583,5,930
2025-07-09 13:34:00,12.463027,37.869583,5,930
2025-07-09 13:44:00,12.463027,37.869583,5,930
2025-07-09 13:54:00,12.463027,37.869583,5,930
2025-07-09 14:04:00,12.463027,37.869583,5,930
2025-07-09 14:14:00,12.463027,37.869583,5,930
2025-07-09 14:24:00,12.463027,37.869583,5,930
2025-07-09 14:34:00,12.463027,37.869583,5,930
2025-07-09 14:44:00,12.463027,37.869583,5,930
2025-07-09 14:54:00,12.463027,37.869583,5,930
2025-07-09 15:04:00,12.463027,37.869583,5,930
2025-07-09 15:14:00,12.463027,37.869583,5,930
2025-07-09 15:24:00,12.463027,37.869583,5,930
2025-07-09 15:34:00,12.463027,37.869583,5,930
2025-07-09 15:44:00,12.463027,37.869583,5,930
2025-07-09 15:54:00,12.463027,37.869583,5,930
2025-07-09 16:04:00,12.463027,37.869583,5,930
2025-07-09 16:14:00,12.463027,37.869583,5,930
2025-07-09 16:24:00,12.463027,37.869583,5,930
2025-07-09 16:34:00,12.463027,37.869583,5,930
2025-07-09 16:44:00,12.463027,37.869583,5,930
2025-07-09 16:54:00,12.463027,37.869583,5,930
2025-07-09 17:04:00,12.463027,37.869583,5,930
2025-07-09 17:14:00,12.463027,37.869583,5,930
2025-07-09 17:24:00,12.463027,37.869583,5,930
2025-07-09 17:34:00,12.463027,37.869583,5,930
2025-07-09 17:44:00,12.463027,37.869583,5,930
2025-07-09 17:54:00,12.463027,37.869583,5,930
2025-07-09 18:04:00,12.463027,37.869583,5,930
2025-07-09 18:14:00,12.463027,37.869583,5,930
2025-07-09 18:24:00,12.463027,37.869583,5,930
2025-07-09 18:34:00,12.463027,37.869583,5,930
2025-07-09 18:44:00,12.463027,37.869583,5,930
2025-07-09 18:54:00,12.463027,37.869583,5,930
2025-07-09 19:04:00,12.463027,37.869583,5,930
2025-07-09 19:14:00,12.463027,37.869583,5,930
2025-07-09 19:24:00,12.463027,37.869583,5,930
2025-07-09 19:34:00,12.463027,37.869583,5,930
2025-07-09 19:44:00,12.463027,37.869583,5,930
2025-07-09 19:54:00,12.463027,37.869583,5,930
2025-07-09 20:04:00,12.463027,37.869583,5,930
2025-07-09 20:14:00,12.463027,37.869583,5,930
2025-07-09 20:24:00,12.463027,37.869583,5,930
2025-07-09 20:34:00,12.463027,37.869583,5,930
2025-07-09 20:44:00,12.463027,37.869583,5,930
2025-07-09 20:54:00,12.463027,37.869583,5,930
2025-07-09 21:04:00,12.463027,37.869583,5,930
2025-07-09 21:14:00,12.463027,37.869583,5,930
2025-07-09 21:24:00,12.463027,37.869583,5,930
2025-07-09 21:34:00,12.463027,37.869583,5,930
2025-07-09 21:44:00,12.463027,37.869583,5,930
2025-07-09 21:54:00,12.463027,37.869583,5,930
2025-07-09 22:04:00,12.463027,37.869583,5,930
2025-07-09 22:14:00,12.463027,37.869583,5,930
2025-07-09 22:24:00,12.463027,37.869583,5,930
2025-07-09 22:34:00,12.463027,37.869583,5,930
2025-07-09 22:44:00,12.463027,37.869583,5,930
2025-07-09 22:54:00,12.463027,37.869583,5,930
2025-07-09 23:04:00,12.463027,37.869583,5,930
2025-07-09 23:14:00,12.463027,37.869583,5,930
2025-07-09 23:24:00,12.463027,37.869583,5,930
2025-07-09 23:34:00,12.463027,37.869583,5,930
2025-07-09 23:44:00,12.463027,37.869583,5,930
2025-07-09 23:54:00,12.463027,37.869583,5,930
2025-07-10 00:04:00,12.463027,37.869583,5,930
2025-07-08 14:24:00,12.45275,37.875698,6,0530cnr
2025-07-08 14:34:00,12.453634,37.875095,6,0530cnr
2025-07-08 14:44:00,12.454519,37.874504,6,0530cnr
2025-07-08 14:54:00,12.455437,37.87396,6,0530cnr
2025-07-08 15:04:00,12.456382,37.87349,6,0530cnr
2025-07-08 15:14:00,12.457371,37.87302,6,0530cnr
2025-07-08 15:24:00,12.458406,37.87252,6,0530cnr
2025-07-08 15:34:00,12.459482,37.87203,6,0530cnr
2025-07-08 15:44:00,12.460587,37.871532,6,0530cnr
2025-07-08 15:54:00,12.461673,37.87102,6,0530cnr
2025-07-08 16:04:00,12.462752,37.87052,6,0530cnr
2025-07-08 16:14:00,12.4632845,37.870285,6,0530cnr
2025-07-08 16:24:00,12.4632845,37.870285,6,0530cnr
2025-07-08 16:34:00,12.463805,37.870075,6,0530cnr
2025-07-08 16:44:00,12.463805,37.870075,6,0530cnr
2025-07-08 16:54:00,12.463805,37.870075,6,0530cnr
2025-07-08 17:04:00,12.463805,37.870075,6,0530cnr
2025-07-08 17:14:00,12.463805,37.870075,6,0530cnr
2025-07-08 17:24:00,12.463805,37.870075,6,0530cnr
2025-07-08 17:34:00,12.463805,37.870075,6,0530cnr
2025-07-08 17:44:00,12.463805,37.870075,6,0530cnr
2025-07-08 17:54:00,12.463805,37.870075,6,0530cnr
2025-07-08 18:04:00,12.463805,37.870075,6,0530cnr
2025-07-08 18:14:00,12.463805,37.870075,6,0530cnr
2025-07-08 18:24:00,12.463805,37.870075,6,0530cnr
2025-07-08 18:34:00,12.463805,37.870075,6,0530cnr
2025-07-08 18:44:00,12.463805,37.870075,6,0530cnr
2025-07-08 18:54:00,12.463805,37.870075,6,0530cnr
2025-07-08 19:04:00,12.463805,37.870075,6,0530cnr
2025-07-08 19:14:00,12.463805,37.870075,6,0530cnr
2025-07-08 19:24:00,12.463805,37.870075,6,0530cnr
2025-07-08 19:34:00,12.463805,37.870075,6,0530cnr
2025-07-08 19:44:00,12.463805,37.870075,6,0530cnr
2025-07-08 19:54:00,12.463805,37.870075,6,0530cnr
2025-07-08 20:04:00,12.463805,37.870075,6,0530cnr
2025-07-08 20:14:00,12.463805,37.870075,6,0530cnr
2025-07-08 20:24:00,12.463805,37.870075,6,0530cnr
2025-07-08 20:34:00,12.463805,37.870075,6,0530cnr
2025-07-08 20:44:00,12.463805,37.870075,6,0530cnr
2025-07-08 20:54:00,12.463805,37.870075,6,0530cnr
2025-07-08 21:04:00,12.463805,37.870075,6,0530cnr
2025-07-08 21:14:00,12.463805,37.870075,6,0530cnr
2025-07-08 21:24:00,12.463805,37.870075,6,0530cnr
2025-07-08 21:34:00,12.463805,37.870075,6,0530cnr
2025-07-08 21:44:00,12.463805,37.870075,6,0530cnr
2025-07-08 21:54:00,12.463805,37.870075,6,0530cnr
2025-07-08 22:04:00,12.463805,37.870075,6,0530cnr
2025-07-08 22:14:00,12.463805,37.870075,6,0530cnr
2025-07-08 22:24:00,12.463805,37.870075,6,0530cnr
2025-07-08 22:34:00,12.463805,37.870075,6,0530cnr
2025-07-08 22:44:00,12.463805,37.870075,6,0530cnr
2025-07-08 22:54:00,12.463805,37.870075,6,0530cnr
2025-07-08 23:04:00,12.463805,37.870075,6,0530cnr
2025-07-08 23:14:00,12.463805,37.870075,6,0530cnr
2025-07-08 23:24:00,12.463805,37.870075,6,0530cnr
2025-07-08 23:34:00,12.463805,37.870075,6,0530cnr
2025-07-08 23:44:00,12.463805,37.870075,6,0530cnr
2025-07-08 23:54:00,12.463805,37.870075,6,0530cnr
2025-07-09 00:04:00,12.463805,37.870075,6,0530cnr
2025-07-09 00:14:00,12.463805,37.870075,6,0530cnr
2025-07-09 00:24:00,12.463805,37.870075,6,0530cnr
2025-07-09 00:34:00,12.463805,37.870075,6,0530cnr
2025-07-09 00:44:00,12.463805,37.870075,6,0530cnr
2025-07-09 00:54:00,12.463805,37.870075,6,0530cnr
2025-07-09 01:04:00,12.463805,37.870075,6,0530cnr
2025-07-09 01:14:00,12.463805,37.870075,6,0530cnr
2025-07-09 01:24:00,12.463805,37.870075,6,0530cnr
2025-07-09 01:34:00,12.463805,37.870075,6,0530cnr
2025-07-09 01:44:00,12.463805,37.870075,6,0530cnr
2025-07-09 01:54:00,12.463805,37.870075,6,0530cnr
2025-07-09 02:04:00,12.463805,37.870075,6,0530cnr
2025-07-09 02:14:00,12.463805,37.870075,6,0530cnr
2025-07-09 02:24:00,12.463805,37.870075,6,0530cnr
2025-07-09 02:34:00,12.463805,37.870075,6,0530cnr
2025-07-09 02:44:00,12.463805,37.870075,6,0530cnr
2025-07-09 02:54:00,12.463805,37.870075,6,0530cnr
2025-07-09 03:04:00,12.463805,37.870075,6,0530cnr
2025-07-09 03:14:00,12.463805,37.870075,6,0530cnr
2025-07-09 03:24:00,12.463805,37.870075,6,0530cnr
2025-07-09 03:34:00,12.463805,37.870075,6,0530cnr
2025-07-09 03:44:00,12.463805,37.870075,6,0530cnr
2025-07-09 03:54:00,12.463805,37.870075,6,0530cnr
2025-07-09 04:04:00,12.463805,37.870075,6,0530cnr
2025-07-09 04:14:00,12.463805,37.870075,6,0530cnr
2025-07-09 04:24:00,12.463805,37.870075,6,0530cnr
2025-07-09 04:34:00,12.463805,37.870075,6,0530cnr
2025-07-09 04:44:00,12.463805,37.870075,6,0530cnr
2025-07-09 04:54:00,12.463805,37.870075,6,0530cnr
2025-07-09 05:04:00,12.463805,37.870075,6,0530cnr
2025-07-09 05:14:00,12.463805,37.870075,6,0530cnr
2025-07-09 05:24:00,12.463805,37.870075,6,0530cnr
2025-07-09 05:34:00,12.463805,37.870075,6,0530cnr
2025-07-09 05:44:00,12.463805,37.870075,6,0530cnr
2025-07-09 05:54:00,12.463805,37.870075,6,0530cnr
2025-07-09 06:04:00,12.463805,37.870075,6,0530cnr
2025-07-09 06:14:00,12.463805,37.870075,6,0530cnr
2025-07-09 06:24:00,12.463805,37.870075,6,0530cnr
2025-07-09 06:34:00,12.463805,37.870075,6,0530cnr
2025-07-09 06:44:00,12.463805,37.870075,6,0530cnr
2025-07-09 06:54:00,12.463805,37.870075,6,0530cnr
2025-07-09 07:04:00,12.463805,37.870075,6,0530cnr
2025-07-09 07:14:00,12.463805,37.870075,6,0530cnr
2025-07-09 07:24:00,12.463805,37.870075,6,0530cnr
2025-07-09 07:34:00,12.463805,37.870075,6,0530cnr
2025-07-09 07:44:00,12.463805,37.870075,6,0530cnr
2025-07-09 07:54:00,12.463805,37.870075,6,0530cnr
2025-07-09 08:04:00,12.463805,37.870075,6,0530cnr
2025-07-09 08:14:00,12.463805,37.870075,6,0530cnr
2025-07-09 08:24:00,12.463805,37.870075,6,0530cnr
2025-07-09 08:34:00,12.463805,37.870075,6,0530cnr
2025-07-09 08:44:00,12.463805,37.870075,6,0530cnr
2025-07-09 08:54:00,12.463805,37.870075,6,0530cnr
2025-07-09 09:04:00,12.463805,37.870075,6,0530cnr
2025-07-09 09:14:00,12.463805,37.870075,6,0530cnr
2025-07-09 09:24:00,12.463805,37.870075,6,0530cnr
2025-07-09 09:34:00,12.463805,37.870075,6,0530cnr
2025-07-09 09:44:00,12.463805,37.870075,6,0530cnr
2025-07-09 09:54:00,12.463805,37.870075,6,0530cnr
2025-07-09 10:04:00,12.463805,37.870075,6,0530cnr
2025-07-09 10:14:00,12.463805,37.870075,6,0530cnr
2025-07-09 10:24:00,12.463805,37.870075,6,0530cnr
2025-07-09 10:34:00,12.463805,37.870075,6,0530cnr
2025-07-09 10:44:00,12.463805,37.870075,6,0530cnr
2025-07-09 10:54:00,12.463805,37.870075,6,0530cnr
2025-07-09 11:04:00,12.463805,37.870075,6,0530cnr
2025-07-09 11:14:00,12.463805,37.870075,6,0530cnr
2025-07-09 11:24:00,12.463805,37.870075,6,0530cnr
2025-07-09 11:34:00,12.463805,37.870075,6,0530cnr
2025-07-09 11:44:00,12.463805,37.870075,6,0530cnr
2025-07-09 11:54:00,12.463805,37.870075,6,0530cnr
2025-07-09 12:04:00,12.463805,37.870075,6,0530cnr
2025-07-09 12:14:00,12.463805,37.870075,6,0530cnr
2025-07-09 12:24:00,12.463805,37.870075,6,0530cnr
2025-07-09 12:34:00,12.463805,37.870075,6,0530cnr
2025-07-09 12:44:00,12.463805,37.870075,6,0530cnr
2025-07-09 12:54:00,12.463805,37.870075,6,0530cnr
2025-07-09 13:04:00,12.463805,37.870075,6,0530cnr
2025-07-09 13:14:00,12.463805,37.870075,6,0530cnr
2025-07-09 13:24:00,12.463805,37.870075,6,0530cnr
2025-07-09 13:34:00,12.463805,37.870075,6,0530cnr
2025-07-09 13:44:00,12.463805,37.870075,6,0530cnr
2025-07-09 13:54:00,12.463805,37.870075,6,0530cnr
2025-07-09 14:04:00,12.463805,37.870075,6,0530cnr
2025-07-09 14:14:00,12.463805,37.870075,6,0530cnr
2025-07-09 14:24:00,12.463805,37.870075,6,0530cnr
2025-07-09 14:34:00,12.463805,37.870075,6,0530cnr
2025-07-09 14:44:00,12.463805,37.870075,6,0530cnr
2025-07-09 14:54:00,12.463805,37.870075,6,0530cnr
2025-07-09 15:04:00,12.463805,37.870075,6,0530cnr
2025-07-09 15:14:00,12.463805,37.870075,6,0530cnr
2025-07-09 15:24:00,12.463805,37.870075,6,0530cnr
2025-07-09 15:34:00,12.463805,37.870075,6,0530cnr
2025-07-09 15:44:00,12.463805,37.870075,6,0530cnr
2025-07-09 15:54:00,12.463805,37.870075,6,0530cnr
2025-07-09 16:04:00,12.463805,37.870075,6,0530cnr
2025-07-09 16:14:00,12.463805,37.870075,6,0530cnr
2025-07-09 16:24:00,12.463805,37.870075,6,0530cnr
2025-07-09 16:34:00,12.463805,37.870075,6,0530cnr
2025-07-09 16:44:00,12.463805,37.870075,6,0530cnr
2025-07-09 16:54:00,12.463805,37.870075,6,0530cnr
2025-07-09 17:04:00,12.463805,37.870075,6,0530cnr
2025-07-09 17:14:00,12.463805,37.870075,6,0530cnr
2025-07-09 17:24:00,12.463805,37.870075,6,0530cnr
2025-07-09 17:34:00,12.463805,37.870075,6,0530cnr
2025-07-09 17:44:00,12.463805,37.870075,6,0530cnr
2025-07-09 17:54:00,12.463805,37.870075,6,0530cnr
2025-07-09 18:04:00,12.463805,37.870075,6,0530cnr
2025-07-09 18:14:00,12.463805,37.870075,6,0530cnr
2025-07-09 18:24:00,12.463805,37.870075,6,0530cnr
2025-07-09 18:34:00,12.463805,37.870075,6,0530cnr
2025-07-09 18:44:00,12.463805,37.870075,6,0530cnr
2025-07-09 18:54:00,12.463805,37.870075,6,0530cnr
2025-07-09 19:04:00,12.463805,37.870075,6,0530cnr
2025-07-09 19:14:00,12.463805,37.870075,6,0530cnr
2025-07-09 19:24:00,12.463805,37.870075,6,0530cnr
2025-07-09 19:34:00,12.463805,37.870075,6,0530cnr
2025-07-09 19:44:00,12.463805,37.870075,6,0530cnr
2025-07-09 19:54:00,12.463805,37.870075,6,0530cnr
2025-07-09 20:04:00,12.463805,37.870075,6,0530cnr
2025-07-09 20:14:00,12.463805,37.870075,6,0530cnr
2025-07-09 20:24:00,12.463805,37.870075,6,0530cnr
2025-07-09 20:34:00,12.463805,37.870075,6,0530cnr
2025-07-09 20:44:00,12.463805,37.870075,6,0530cnr
2025-07-09 20:54:00,12.463805,37.870075,6,0530cnr
2025-07-09 21:04:00,12.463805,37.870075,6,0530cnr
2025-07-09 21:14:00,12.463805,37.870075,6,0530cnr
2025-07-09 21:24:00,12.463805,37.870075,6,0530cnr
2025-07-09 21:34:00,12.463805,37.870075,6,0530cnr
2025-07-09 21:44:00,12.463805,37.870075,6,0530cnr
2025-07-09 21:54:00,12.463805,37.870075,6,0530cnr
2025-07-09 22:04:00,12.463805,37.870075,6,0530cnr
2025-07-09 22:14:00,12.463805,37.870075,6,0530cnr
2025-07-09 22:24:00,12.463805,37.870075,6,0530cnr
2025-07-09 22:34:00,12.463805,37.870075,6,0530cnr
2025-07-09 22:44:00,12.463805,37.870075,6,0530cnr
2025-07-09 22:54:00,12.463805,37.870075,6,0530cnr
2025-07-09 23:04:00,12.463805,37.870075,6,0530cnr
2025-07-09 23:14:00,12.463805,37.870075,6,0530cnr
2025-07-09 23:24:00,12.463805,37.870075,6,0530cnr
2025-07-09 23:34:00,12.463805,37.870075,6,0530cnr
2025-07-09 23:44:00,12.463805,37.870075,6,0530cnr
2025-07-09 23:54:00,12.463805,37.870075,6,0530cnr
2025-07-10 00:04:00,12.463805,37.870075,6,0530cnr
2025-07-08 14:24:00,12.45253,37.87573,6,3500cnr
2025-07-08 14:34:00,12.453419,37.875122,6,3500cnr
2025-07-08 14:44:00,12.4543,37.874527,6,3500cnr
2025-07-08 14:54:00,12.455214,37.873966,6,3500cnr
2025-07-08 15:04:00,12.456156,37.87348,6,3500cnr
2025-07-08 15:14:00,12.457139,37.873028,6,3500cnr
2025-07-08 15:24:00,12.458169,37.872547,6,3500cnr
2025-07-08 15:34:00,12.45924,37.87206,6,3500cnr
2025-07-08 15:44:00,12.4603405,37.87157,6,3500cnr
2025-07-08 15:54:00,12.461428,37.871067,6,3500cnr
2025-07-08 16:04:00,12.462509,37.870567,6,3500cnr
2025-07-08 16:14:00,12.46357,37.870094,6,3500cnr
2025-07-08 16:24:00,12.46357,37.870094,6,3500cnr
2025-07-08 16:34:00,12.46357,37.870094,6,3500cnr
2025-07-08 16:44:00,12.46357,37.870094,6,3500cnr
2025-07-08 16:54:00,12.46357,37.870094,6,3500cnr
2025-07-08 17:04:00,12.46357,37.870094,6,3500cnr
2025-07-08 17:14:00,12.46357,37.870094,6,3500cnr
2025-07-08 17:24:00,12.46357,37.870094,6,3500cnr
2025-07-08 17:34:00,12.46357,37.870094,6,3500cnr
2025-07-08 17:44:00,12.46357,37.870094,6,3500cnr
2025-07-08 17:54:00,12.46357,37.870094,6,3500cnr
2025-07-08 18:04:00,12.46357,37.870094,6,3500cnr
2025-07-08 18:14:00,12.46357,37.870094,6,3500cnr
2025-07-08 18:24:00,12.46357,37.870094,6,3500cnr
2025-07-08 18:34:00,12.46357,37.870094,6,3500cnr
2025-07-08 18:44:00,12.46357,37.870094,6,3500cnr
2025-07-08 18:54:00,12.46357,37.870094,6,3500cnr
2025-07-08 19:04:00,12.46357,37.870094,6,3500cnr
2025-07-08 19:14:00,12.46357,37.870094,6,3500cnr
2025-07-08 19:24:00,12.46357,37.870094,6,3500cnr
2025-07-08 19:34:00,12.46357,37.870094,6,3500cnr
2025-07-08 19:44:00,12.46357,37.870094,6,3500cnr
2025-07-08 19:54:00,12.46357,37.870094,6,3500cnr
2025-07-08 20:04:00,12.46357,37.870094,6,3500cnr
2025-07-08 20:14:00,12.46357,37.870094,6,3500cnr
2025-07-08 20:24:00,12.46357,37.870094,6,3500cnr
2025-07-08 20:34:00,12.46357,37.870094,6,3500cnr
2025-07-08 20:44:00,12.46357,37.870094,6,3500cnr
2025-07-08 20:54:00,12.46357,37.870094,6,3500cnr
2025-07-08 21:04:00,12.46357,37.870094,6,3500cnr
2025-07-08 21:14:00,12.46357,37.870094,6,3500cnr
2025-07-08 21:24:00,12.46357,37.870094,6,3500cnr
2025-07-08 21:34:00,12.46357,37.870094,6,3500cnr
2025-07-08 21:44:00,12.46357,37.870094,6,3500cnr
2025-07-08 21:54:00,12.46357,37.870094,6,3500cnr
2025-07-08 22:04:00,12.46357,37.870094,6,3500cnr
2025-07-08 22:14:00,12.46357,37.870094,6,3500cnr
2025-07-08 22:24:00,12.46357,37.870094,6,3500cnr
2025-07-08 22:34:00,12.46357,37.870094,6,3500cnr
2025-07-08 22:44:00,12.46357,37.870094,6,3500cnr
2025-07-08 22:54:00,12.46357,37.870094,6,3500cnr
2025-07-08 23:04:00,12.46357,37.870094,6,3500cnr
2025-07-08 23:14:00,12.46357,37.870094,6,3500cnr
2025-07-08 23:24:00,12.46357,37.870094,6,3500cnr
2025-07-08 23:34:00,12.46357,37.870094,6,3500cnr
2025-07-08 23:44:00,12.46357,37.870094,6,3500cnr
2025-07-08 23:54:00,12.46357,37.870094,6,3500cnr
2025-07-09 00:04:00,12.46357,37.870094,6,3500cnr
2025-07-09 00:14:00,12.46357,37.870094,6,3500cnr
2025-07-09 00:24:00,12.46357,37.870094,6,3500cnr
2025-07-09 00:34:00,12.46357,37.870094,6,3500cnr
2025-07-09 00:44:00,12.46357,37.870094,6,3500cnr
2025-07-09 00:54:00,12.46357,37.870094,6,3500cnr
2025-07-09 01:04:00,12.46357,37.870094,6,3500cnr
2025-07-09 01:14:00,12.46357,37.870094,6,3500cnr
2025-07-09 01:24:00,12.46357,37.870094,6,3500cnr
2025-07-09 01:34:00,12.46357,37.870094,6,3500cnr
2025-07-09 01:44:00,12.46357,37.870094,6,3500cnr
2025-07-09 01:54:00,12.46357,37.870094,6,3500cnr
2025-07-09 02:04:00,12.46357,37.870094,6,3500cnr
2025-07-09 02:14:00,12.46357,37.870094,6,3500cnr
2025-07-09 02:24:00,12.46357,37.870094,6,3500cnr
2025-07-09 02:34:00,12.46357,37.870094,6,3500cnr
2025-07-09 02:44:00,12.46357,37.870094,6,3500cnr
2025-07-09 02:54:00,12.46357,37.870094,6,3500cnr
2025-07-09 03:04:00,12.46357,37.870094,6,3500cnr
2025-07-09 03:14:00,12.46357,37.870094,6,3500cnr
2025-07-09 03:24:00,12.46357,37.870094,6,3500cnr
2025-07-09 03:34:00,12.46357,37.870094,6,3500cnr
2025-07-09 03:44:00,12.46357,37.870094,6,3500cnr
2025-07-09 03:54:00,12.46357,37.870094,6,3500cnr
2025-07-09 04:04:00,12.46357,37.870094,6,3500cnr
2025-07-09 04:14:00,12.46357,37.870094,6,3500cnr
2025-07-09 04:24:00,12.46357,37.870094,6,3500cnr
2025-07-09 04:34:00,12.46357,37.870094,6,3500cnr
2025-07-09 04:44:00,12.46357,37.870094,6,3500cnr
2025-07-09 04:54:00,12.46357,37.870094,6,3500cnr
2025-07-09 05:04:00,12.46357,37.870094,6,3500cnr
2025-07-09 05:14:00,12.46357,37.870094,6,3500cnr
2025-07-09 05:24:00,12.46357,37.870094,6,3500cnr
2025-07-09 05:34:00,12.46357,37.870094,6,3500cnr
2025-07-09 05:44:00,12.46357,37.870094,6,3500cnr
2025-07-09 05:54:00,12.46357,37.870094,6,3500cnr
2025-07-09 06:04:00,12.46357,37.870094,6,3500cnr
2025-07-09 06:14:00,12.46357,37.870094,6,3500cnr
2025-07-09 06:24:00,12.46357,37.870094,6,3500cnr
2025-07-09 06:34:00,12.46357,37.870094,6,3500cnr
2025-07-09 06:44:00,12.46357,37.870094,6,3500cnr
2025-07-09 06:54:00,12.46357,37.870094,6,3500cnr
2025-07-09 07:04:00,12.46357,37.870094,6,3500cnr
2025-07-09 07:14:00,12.46357,37.870094,6,3500cnr
2025-07-09 07:24:00,12.46357,37.870094,6,3500cnr
2025-07-09 07:34:00,12.46357,37.870094,6,3500cnr
2025-07-09 07:44:00,12.46357,37.870094,6,3500cnr
2025-07-09 07:54:00,12.46357,37.870094,6,3500cnr
2025-07-09 08:04:00,12.46357,37.870094,6,3500cnr
2025-07-09 08:14:00,12.46357,37.870094,6,3500cnr
2025-07-09 08:24:00,12.46357,37.870094,6,3500cnr
2025-07-09 08:34:00,12.46357,37.870094,6,3500cnr
2025-07-09 08:44:00,12.46357,37.870094,6,3500cnr
2025-07-09 08:54:00,12.46357,37.870094,6,3500cnr
2025-07-09 09:04:00,12.46357,37.870094,6,3500cnr
2025-07-09 09:14:00,12.46357,37.870094,6,3500cnr
2025-07-09 09:24:00,12.46357,37.870094,6,3500cnr
2025-07-09 09:34:00,12.46357,37.870094,6,3500cnr
2025-07-09 09:44:00,12.46357,37.870094,6,3500cnr
2025-07-09 09:54:00,12.46357,37.870094,6,3500cnr
2025-07-09 10:04:00,12.46357,37.870094,6,3500cnr
2025-07-09 10:14:00,12.46357,37.870094,6,3500cnr
2025-07-09 10:24:00,12.46357,37.870094,6,3500cnr
2025-07-09 10:34:00,12.46357,37.870094,6,3500cnr
2025-07-09 10:44:00,12.46357,37.870094,6,3500cnr
2025-07-09 10:54:00,12.46357,37.870094,6,3500cnr
2025-07-09 11:04:00,12.46357,37.870094,6,3500cnr
2025-07-09 11:14:00,12.46357,37.870094,6,3500cnr
2025-07-09 11:24:00,12.46357,37.870094,6,3500cnr
2025-07-09 11:34:00,12.46357,37.870094,6,3500cnr
2025-07-09 11:44:00,12.46357,37.870094,6,3500cnr
2025-07-09 11:54:00,12.46357,37.870094,6,3500cnr
2025-07-09 12:04:00,12.46357,37.870094,6,3500cnr
2025-07-09 12:14:00,12.46357,37.870094,6,3500cnr
2025-07-09 12:24:00,12.46357,37.870094,6,3500cnr
2025-07-09 12:34:00,12.46357,37.870094,6,3500cnr
2025-07-09 12:44:00,12.46357,37.870094,6,3500cnr
2025-07-09 12:54:00,12.46357,37.870094,6,3500cnr
2025-07-09 13:04:00,12.46357,37.870094,6,3500cnr
2025-07-09 13:14:00,12.46357,37.870094,6,3500cnr
2025-07-09 13:24:00,12.46357,37.870094,6,3500cnr
2025-07-09 13:34:00,12.46357,37.870094,6,3500cnr
2025-07-09 13:44:00,12.46357,37.870094,6,3500cnr
2025-07-09 13:54:00,12.46357,37.870094,6,3500cnr
2025-07-09 14:04:00,12.46357,37.870094,6,3500cnr
2025-07-09 14:14:00,12.46357,37.870094,6,3500cnr
2025-07-09 14:24:00,12.46357,37.870094,6,3500cnr
2025-07-09 14:34:00,12.46357,37.870094,6,3500cnr
2025-07-09 14:44:00,12.46357,37.870094,6,3500cnr
2025-07-09 14:54:00,12.46357,37.870094,6,3500cnr
2025-07-09 15:04:00,12.46357,37.870094,6,3500cnr
2025-07-09 15:14:00,12.46357,37.870094,6,3500cnr
2025-07-09 15:24:00,12.46357,37.870094,6,3500cnr
2025-07-09 15:34:00,12.46357,37.870094,6,3500cnr
2025-07-09 15:44:00,12.46357,37.870094,6,3500cnr
2025-07-09 15:54:00,12.46357,37.870094,6,3500cnr
2025-07-09 16:04:00,12.46357,37.870094,6,3500cnr
2025-07-09 16:14:00,12.46357,37.870094,6,3500cnr
2025-07-09 16:24:00,12.46357,37.870094,6,3500cnr
2025-07-09 16:34:00,12.46357,37.870094,6,3500cnr
2025-07-09 16:44:00,12.46357,37.870094,6,3500cnr
2025-07-09 16:54:00,12.46357,37.870094,6,3500cnr
2025-07-09 17:04:00,12.46357,37.870094,6,3500cnr
2025-07-09 17:14:00,12.46357,37.870094,6,3500cnr
2025-07-09 17:24:00,12.46357,37.870094,6,3500cnr
2025-07-09 17:34:00,12.46357,37.870094,6,3500cnr
2025-07-09 17:44:00,12.46357,37.870094,6,3500cnr
2025-07-09 17:54:00,12.46357,37.870094,6,3500cnr
2025-07-09 18:04:00,12.46357,37.870094,6,3500cnr
2025-07-09 18:14:00,12.46357,37.870094,6,3500cnr
2025-07-09 18:24:00,12.46357,37.870094,6,3500cnr
2025-07-09 18:34:00,12.46357,37.870094,6,3500cnr
2025-07-09 18:44:00,12.46357,37.870094,6,3500cnr
2025-07-09 18:54:00,12.46357,37.870094,6,3500cnr
2025-07-09 19:04:00,12.46357,37.870094,6,3500cnr
2025-07-09 19:14:00,12.46357,37.870094,6,3500cnr
2025-07-09 19:24:00,12.46357,37.870094,6,3500cnr
2025-07-09 19:34:00,12.46357,37.870094,6,3500cnr
2025-07-09 19:44:00,12.46357,37.870094,6,3500cnr
2025-07-09 19:54:00,12.46357,37.870094,6,3500cnr
2025-07-09 20:04:00,12.46357,37.870094,6,3500cnr
2025-07-09 20:14:00,12.46357,37.870094,6,3500cnr
2025-07-09 20:24:00,12.46357,37.870094,6,3500cnr
2025-07-09 20:34:00,12.46357,37.870094,6,3500cnr
2025-07-09 20:44:00,12.46357,37.870094,6,3500cnr
2025-07-09 20:54:00,12.46357,37.870094,6,3500cnr
2025-07-09 21:04:00,12.46357,37.870094,6,3500cnr
2025-07-09 21:14:00,12.46357,37.870094,6,3500cnr
2025-07-09 21:24:00,12.46357,37.870094,6,3500cnr
2025-07-09 21:34:00,12.46357,37.870094,6,3500cnr
2025-07-09 21:44:00,12.46357,37.870094,6,3500cnr
2025-07-09 21:54:00,12.46357,37.870094,6,3500cnr
2025-07-09 22:04:00,12.46357,37.870094,6,3500cnr
2025-07-09 22:14:00,12.46357,37.870094,6,3500cnr
2025-07-09 22:24:00,12.46357,37.870094,6,3500cnr
2025-07-09 22:34:00,12.46357,37.870094,6,3500cnr
2025-07-09 22:44:00,12.46357,37.870094,6,3500cnr
2025-07-09 22:54:00,12.46357,37.870094,6,3500cnr
2025-07-09 23:04:00,12.46357,37.870094,6,3500cnr
2025-07-09 23:14:00,12.46357,37.870094,6,3500cnr
2025-07-09 23:24:00,12.46357,37.870094,6,3500cnr
2025-07-09 23:34:00,12.46357,37.870094,6,3500cnr
2025-07-09 23:44:00,12.46357,37.870094,6,3500cnr
2025-07-09 23:54:00,12.46357,37.870094,6,3500cnr
2025-07-10 00:04:00,12.46357,37.870094,6,3500cnr
2025-07-08 14:24:00,12.4530525,37.87554,6,3680cnr
2025-07-08 14:34:00,12.453933,37.874943,6,3680cnr
2025-07-08 14:44:00,12.454826,37.874363,6,3680cnr
2025-07-08 14:54:00,12.455752,37.873837,6,3680cnr
2025-07-08 15:04:00,12.456709,37.873375,6,3680cnr
2025-07-08 15:14:00,12.457713,37.872887,6,3680cnr
2025-07-08 15:24:00,12.458763,37.87238,6,3680cnr
2025-07-08 15:34:00,12.459851,37.87188,6,3680cnr
2025-07-08 15:44:00,12.460951,37.87137,6,3680cnr
2025-07-08 15:54:00,12.462033,37.870853,6,3680cnr
2025-07-08 16:04:00,12.463108,37.870354,6,3680cnr
2025-07-08 16:14:00,12.463637,37.870117,6,3680cnr
2025-07-08 16:24:00,12.463637,37.870117,6,3680cnr
2025-07-08 16:34:00,12.463637,37.870117,6,3680cnr
2025-07-08 16:44:00,12.463637,37.870117,6,3680cnr
2025-07-08 16:54:00,12.463637,37.870117,6,3680cnr
2025-07-08 17:04:00,12.463637,37.870117,6,3680cnr
2025-07-08 17:14:00,12.463637,37.870117,6,3680cnr
2025-07-08 17:24:00,12.463637,37.870117,6,3680cnr
2025-07-08 17:34:00,12.463637,37.870117,6,3680cnr
2025-07-08 17:44:00,12.463637,37.870117,6,3680cnr
2025-07-08 17:54:00,12.463637,37.870117,6,3680cnr
2025-07-08 18:04:00,12.463637,37.870117,6,3680cnr
2025-07-08 18:14:00,12.463637,37.870117,6,3680cnr
2025-07-08 18:24:00,12.463637,37.870117,6,3680cnr
2025-07-08 18:34:00,12.463637,37.870117,6,3680cnr
2025-07-08 18:44:00,12.463637,37.870117,6,3680cnr
2025-07-08 18:54:00,12.463637,37.870117,6,3680cnr
2025-07-08 19:04:00,12.463637,37.870117,6,3680cnr
2025-07-08 19:14:00,12.463637,37.870117,6,3680cnr
2025-07-08 19:24:00,12.463637,37.870117,6,3680cnr
2025-07-08 19:34:00,12.463637,37.870117,6,3680cnr
2025-07-08 19:44:00,12.463637,37.870117,6,3680cnr
2025-07-08 19:54:00,12.463637,37.870117,6,3680cnr
2025-07-08 20:04:00,12.463637,37.870117,6,3680cnr
2025-07-08 20:14:00,12.463637,37.870117,6,3680cnr
2025-07-08 20:24:00,12.463637,37.870117,6,3680cnr
2025-07-08 20:34:00,12.463637,37.870117,6,3680cnr
2025-07-08 20:44:00,12.463637,37.870117,6,3680cnr
2025-07-08 20:54:00,12.463637,37.870117,6,3680cnr
2025-07-08 21:04:00,12.463637,37.870117,6,3680cnr
2025-07-08 21:14:00,12.463637,37.870117,6,3680cnr
2025-07-08 21:24:00,12.463637,37.870117,6,3680cnr
2025-07-08 21:34:00,12.463637,37.870117,6,3680cnr
2025-07-08 21:44:00,12.463637,37.870117,6,3680cnr
2025-07-08 21:54:00,12.463637,37.870117,6,3680cnr
2025-07-08 22:04:00,12.463637,37.870117,6,3680cnr
2025-07-08 22:14:00,12.463637,37.870117,6,3680cnr
2025-07-08 22:24:00,12.463637,37.870117,6,3680cnr
2025-07-08 22:34:00,12.463637,37.870117,6,3680cnr
2025-07-08 22:44:00,12.463637,37.870117,6,3680cnr
2025-07-08 22:54:00,12.463637,37.870117,6,3680cnr
2025-07-08 23:04:00,12.463637,37.870117,6,3680cnr
2025-07-08 23:14:00,12.463637,37.870117,6,3680cnr
2025-07-08 23:24:00,12.463637,37.870117,6,3680cnr
2025-07-08 23:34:00,12.463637,37.870117,6,3680cnr
2025-07-08 23:44:00,12.463637,37.870117,6,3680cnr
2025-07-08 23:54:00,12.463637,37.870117,6,3680cnr
2025-07-09 00:04:00,12.463637,37.870117,6,3680cnr
2025-07-09 00:14:00,12.463637,37.870117,6,3680cnr
2025-07-09 00:24:00,12.463637,37.870117,6,3680cnr
2025-07-09 00:34:00,12.463637,37.870117,6,3680cnr
2025-07-09 00:44:00,12.463637,37.870117,6,3680cnr
2025-07-09 00:54:00,12.463637,37.870117,6,3680cnr
2025-07-09 01:04:00,12.463637,37.870117,6,3680cnr
2025-07-09 01:14:00,12.463637,37.870117,6,3680cnr
2025-07-09 01:24:00,12.463637,37.870117,6,3680cnr
2025-07-09 01:34:00,12.463637,37.870117,6,3680cnr
2025-07-09 01:44:00,12.463637,37.870117,6,3680cnr
2025-07-09 01:54:00,12.463637,37.870117,6,3680cnr
2025-07-09 02:04:00,12.463637,37.870117,6,3680cnr
2025-07-09 02:14:00,12.463637,37.870117,6,3680cnr
2025-07-09 02:24:00,12.463637,37.870117,6,3680cnr
2025-07-09 02:34:00,12.463637,37.870117,6,3680cnr
2025-07-09 02:44:00,12.463637,37.870117,6,3680cnr
2025-07-09 02:54:00,12.463637,37.870117,6,3680cnr
2025-07-09 03:04:00,12.463637,37.870117,6,3680cnr
2025-07-09 03:14:00,12.463637,37.870117,6,3680cnr
2025-07-09 03:24:00,12.463637,37.870117,6,3680cnr
2025-07-09 03:34:00,12.463637,37.870117,6,3680cnr
2025-07-09 03:44:00,12.463637,37.870117,6,3680cnr
2025-07-09 03:54:00,12.463637,37.870117,6,3680cnr
2025-07-09 04:04:00,12.463637,37.870117,6,3680cnr
2025-07-09 04:14:00,12.463637,37.870117,6,3680cnr
2025-07-09 04:24:00,12.463637,37.870117,6,3680cnr
2025-07-09 04:34:00,12.463637,37.870117,6,3680cnr
2025-07-09 04:44:00,12.463637,37.870117,6,3680cnr
2025-07-09 04:54:00,12.463637,37.870117,6,3680cnr
2025-07-09 05:04:00,12.463637,37.870117,6,3680cnr
2025-07-09 05:14:00,12.463637,37.870117,6,3680cnr
2025-07-09 05:24:00,12.463637,37.870117,6,3680cnr
2025-07-09 05:34:00,12.463637,37.870117,6,3680cnr
2025-07-09 05:44:00,12.463637,37.870117,6,3680cnr
2025-07-09 05:54:00,12.463637,37.870117,6,3680cnr
2025-07-09 06:04:00,12.463637,37.870117,6,3680cnr
2025-07-09 06:14:00,12.463637,37.870117,6,3680cnr
2025-07-09 06:24:00,12.463637,37.870117,6,3680cnr
2025-07-09 06:34:00,12.463637,37.870117,6,3680cnr
2025-07-09 06:44:00,12.463637,37.870117,6,3680cnr
2025-07-09 06:54:00,12.463637,37.870117,6,3680cnr
2025-07-09 07:04:00,12.463637,37.870117,6,3680cnr
2025-07-09 07:14:00,12.463637,37.870117,6,3680cnr
2025-07-09 07:24:00,12.463637,37.870117,6,3680cnr
2025-07-09 07:34:00,12.463637,37.870117,6,3680cnr
2025-07-09 07:44:00,12.463637,37.870117,6,3680cnr
2025-07-09 07:54:00,12.463637,37.870117,6,3680cnr
2025-07-09 08:04:00,12.463637,37.870117,6,3680cnr
2025-07-09 08:14:00,12.463637,37.870117,6,3680cnr
2025-07-09 08:24:00,12.463637,37.870117,6,3680cnr
2025-07-09 08:34:00,12.463637,37.870117,6,3680cnr
2025-07-09 08:44:00,12.463637,37.870117,6,3680cnr
2025-07-09 08:54:00,12.463637,37.870117,6,3680cnr
2025-07-09 09:04:00,12.463637,37.870117,6,3680cnr
2025-07-09 09:14:00,12.463637,37.870117,6,3680cnr
2025-07-09 09:24:00,12.463637,37.870117,6,3680cnr
2025-07-09 09:34:00,12.463637,37.870117,6,3680cnr
2025-07-09 09:44:00,12.463637,37.870117,6,3680cnr
2025-07-09 09:54:00,12.463637,37.870117,6,3680cnr
2025-07-09 10:04:00,12.463637,37.870117,6,3680cnr
2025-07-09 10:14:00,12.463637,37.870117,6,3680cnr
2025-07-09 10:24:00,12.463637,37.870117,6,3680cnr
2025-07-09 10:34:00,12.463637,37.870117,6,3680cnr
2025-07-09 10:44:00,12.463637,37.870117,6,3680cnr
2025-07-09 10:54:00,12.463637,37.870117,6,3680cnr
2025-07-09 11:04:00,12.463637,37.870117,6,3680cnr
2025-07-09 11:14:00,12.463637,37.870117,6,3680cnr
2025-07-09 11:24:00,12.463637,37.870117,6,3680cnr
2025-07-09 11:34:00,12.463637,37.870117,6,3680cnr
2025-07-09 11:44:00,12.463637,37.870117,6,3680cnr
2025-07-09 11:54:00,12.463637,37.870117,6,3680cnr
2025-07-09 12:04:00,12.463637,37.870117,6,3680cnr
2025-07-09 12:14:00,12.463637,37.870117,6,3680cnr
2025-07-09 12:24:00,12.463637,37.870117,6,3680cnr
2025-07-09 12:34:00,12.463637,37.870117,6,3680cnr
2025-07-09 12:44:00,12.463637,37.870117,6,3680cnr
2025-07-09 12:54:00,12.463637,37.870117,6,3680cnr
2025-07-09 13:04:00,12.463637,37.870117,6,3680cnr
2025-07-09 13:14:00,12.463637,37.870117,6,3680cnr
2025-07-09 13:24:00,12.463637,37.870117,6,3680cnr
2025-07-09 13:34:00,12.463637,37.870117,6,3680cnr
2025-07-09 13:44:00,12.463637,37.870117,6,3680cnr
2025-07-09 13:54:00,12.463637,37.870117,6,3680cnr
2025-07-09 14:04:00,12.463637,37.870117,6,3680cnr
2025-07-09 14:14:00,12.463637,37.870117,6,3680cnr
2025-07-09 14:24:00,12.463637,37.870117,6,3680cnr
2025-07-09 14:34:00,12.463637,37.870117,6,3680cnr
2025-07-09 14:44:00,12.463637,37.870117,6,3680cnr
2025-07-09 14:54:00,12.463637,37.870117,6,3680cnr
2025-07-09 15:04:00,12.463637,37.870117,6,3680cnr
2025-07-09 15:14:00,12.463637,37.870117,6,3680cnr
2025-07-09 15:24:00,12.463637,37.870117,6,3680cnr
2025-07-09 15:34:00,12.463637,37.870117,6,3680cnr
2025-07-09 15:44:00,12.463637,37.870117,6,3680cnr
2025-07-09 15:54:00,12.463637,37.870117,6,3680cnr
2025-07-09 16:04:00,12.463637,37.870117,6,3680cnr
2025-07-09 16:14:00,12.463637,37.870117,6,3680cnr
2025-07-09 16:24:00,12.463637,37.870117,6,3680cnr
2025-07-09 16:34:00,12.463637,37.870117,6,3680cnr
2025-07-09 16:44:00,12.463637,37.870117,6,3680cnr
2025-07-09 16:54:00,12.463637,37.870117,6,3680cnr
2025-07-09 17:04:00,12.463637,37.870117,6,3680cnr
2025-07-09 17:14:00,12.463637,37.870117,6,3680cnr
2025-07-09 17:24:00,12.463637,37.870117,6,3680cnr
2025-07-09 17:34:00,12.463637,37.870117,6,3680cnr
2025-07-09 17:44:00,12.463637,37.870117,6,3680cnr
2025-07-09 17:54:00,12.463637,37.870117,6,3680cnr
2025-07-09 18:04:00,12.463637,37.870117,6,3680cnr
2025-07-09 18:14:00,12.463637,37.870117,6,3680cnr
2025-07-09 18:24:00,12.463637,37.870117,6,3680cnr
2025-07-09 18:34:00,12.463637,37.870117,6,3680cnr
2025-07-09 18:44:00,12.463637,37.870117,6,3680cnr
2025-07-09 18:54:00,12.463637,37.870117,6,3680cnr
2025-07-09 19:04:00,12.463637,37.870117,6,3680cnr
2025-07-09 19:14:00,12.463637,37.870117,6,3680cnr
2025-07-09 19:24:00,12.463637,37.870117,6,3680cnr
2025-07-09 19:34:00,12.463637,37.870117,6,3680cnr
2025-07-09 19:44:00,12.463637,37.870117,6,3680cnr
2025-07-09 19:54:00,12.463637,37.870117,6,3680cnr
2025-07-09 20:04:00,12.463637,37.870117,6,3680cnr
2025-07-09 20:14:00,12.463637,37.870117,6,3680cnr
2025-07-09 20:24:00,12.463637,37.870117,6,3680cnr
2025-07-09 20:34:00,12.463637,37.870117,6,3680cnr
2025-07-09 20:44:00,12.463637,37.870117,6,3680cnr
2025-07-09 20:54:00,12.463637,37.870117,6,3680cnr
2025-07-09 21:04:00,12.463637,37.870117,6,3680cnr
2025-07-09 21:14:00,12.463637,37.870117,6,3680cnr
2025-07-09 21:24:00,12.463637,37.870117,6,3680cnr
2025-07-09 21:34:00,12.463637,37.870117,6,3680cnr
2025-07-09 21:44:00,12.463637,37.870117,6,3680cnr
2025-07-09 21:54:00,12.463637,37.870117,6,3680cnr
2025-07-09 22:04:00,12.463637,37.870117,6,3680cnr
2025-07-09 22:14:00,12.463637,37.870117,6,3680cnr
2025-07-09 22:24:00,12.463637,37.870117,6,3680cnr
2025-07-09 22:34:00,12.463637,37.870117,6,3680cnr
2025-07-09 22:44:00,12.463637,37.870117,6,3680cnr
2025-07-09 22:54:00,12.463637,37.870117,6,3680cnr
2025-07-09 23:04:00,12.463637,37.870117,6,3680cnr
2025-07-09 23:14:00,12.463637,37.870117,6,3680cnr
2025-07-09 23:24:00,12.463637,37.870117,6,3680cnr
2025-07-09 23:34:00,12.463637,37.870117,6,3680cnr
2025-07-09 23:44:00,12.463637,37.870117,6,3680cnr
2025-07-09 23:54:00,12.463637,37.870117,6,3680cnr
2025-07-10 00:04:00,12.463637,37.870117,6,3680cnr
2025-07-08 17:04:00,12.478172,37.875534,7,2520
2025-07-08 17:14:00,12.478931,37.875195,7,2520
2025-07-08 17:24:00,12.479686,37.87492,7,2520
2025-07-08 17:34:00,12.480432,37.874714,7,2520
2025-07-08 17:44:00,12.481173,37.87454,7,2520
2025-07-08 17:54:00,12.481908,37.874393,7,2520
2025-07-08 18:04:00,12.482633,37.874275,7,2520
2025-07-08 18:14:00,12.482633,37.874275,7,2520
2025-07-08 18:24:00,12.482633,37.874275,7,2520
2025-07-08 18:34:00,12.482633,37.874275,7,2520
2025-07-08 18:44:00,12.482633,37.874275,7,2520
2025-07-08 18:54:00,12.482633,37.874275,7,2520
2025-07-08 19:04:00,12.482633,37.874275,7,2520
2025-07-08 19:14:00,12.482633,37.874275,7,2520
2025-07-08 19:24:00,12.482633,37.874275,7,2520
2025-07-08 19:34:00,12.482633,37.874275,7,2520
2025-07-08 19:44:00,12.482633,37.874275,7,2520
2025-07-08 19:54:00,12.482633,37.874275,7,2520
2025-07-08 20:04:00,12.482633,37.874275,7,2520
2025-07-08 20:14:00,12.482633,37.874275,7,2520
2025-07-08 20:24:00,12.482633,37.874275,7,2520
2025-07-08 20:34:00,12.482633,37.874275,7,2520
2025-07-08 20:44:00,12.482633,37.874275,7,2520
2025-07-08 20:54:00,12.482633,37.874275,7,2520
2025-07-08 21:04:00,12.482633,37.874275,7,2520
2025-07-08 21:14:00,12.482633,37.874275,7,2520
2025-07-08 21:24:00,12.482633,37.874275,7,2520
2025-07-08 21:34:00,12.482633,37.874275,7,2520
2025-07-08 21:44:00,12.482633,37.874275,7,2520
2025-07-08 21:54:00,12.482633,37.874275,7,2520
2025-07-08 22:04:00,12.482633,37.874275,7,2520
2025-07-08 22:14:00,12.482633,37.874275,7,2520
2025-07-08 22:24:00,12.482633,37.874275,7,2520
2025-07-08 22:34:00,12.482633,37.874275,7,2520
2025-07-08 22:44:00,12.482633,37.874275,7,2520
2025-07-08 22:54:00,12.482633,37.874275,7,2520
2025-07-08 23:04:00,12.482633,37.874275,7,2520
2025-07-08 23:14:00,12.482633,37.874275,7,2520
2025-07-08 23:24:00,12.482633,37.874275,7,2520
2025-07-08 23:34:00,12.482633,37.874275,7,2520
2025-07-08 23:44:00,12.482633,37.874275,7,2520
2025-07-08 23:54:00,12.482633,37.874275,7,2520
2025-07-09 00:04:00,12.482633,37.874275,7,2520
2025-07-09 00:14:00,12.482633,37.874275,7,2520
2025-07-09 00:24:00,12.482633,37.874275,7,2520
2025-07-09 00:34:00,12.482633,37.874275,7,2520
2025-07-09 00:44:00,12.482633,37.874275,7,2520
2025-07-09 00:54:00,12.482633,37.874275,7,2520
2025-07-09 01:04:00,12.482633,37.874275,7,2520
2025-07-09 01:14:00,12.482633,37.874275,7,2520
2025-07-09 01:24:00,12.482633,37.874275,7,2520
2025-07-09 01:34:00,12.482633,37.874275,7,2520
2025-07-09 01:44:00,12.482633,37.874275,7,2520
2025-07-09 01:54:00,12.482633,37.874275,7,2520
2025-07-09 02:04:00,12.482633,37.874275,7,2520
2025-07-09 02:14:00,12.482633,37.874275,7,2520
2025-07-09 02:24:00,12.482633,37.874275,7,2520
2025-07-09 02:34:00,12.482633,37.874275,7,2520
2025-07-09 02:44:00,12.482633,37.874275,7,2520
2025-07-09 02:54:00,12.482633,37.874275,7,2520
2025-07-09 03:04:00,12.482633,37.874275,7,2520
2025-07-09 03:14:00,12.482633,37.874275,7,2520
2025-07-09 03:24:00,12.482633,37.874275,7,2520
2025-07-09 03:34:00,12.482633,37.874275,7,2520
2025-07-09 03:44:00,12.482633,37.874275,7,2520
2025-07-09 03:54:00,12.482633,37.874275,7,2520
2025-07-09 04:04:00,12.482633,37.874275,7,2520
2025-07-09 04:14:00,12.482633,37.874275,7,2520
2025-07-09 04:24:00,12.482633,37.874275,7,2520
2025-07-09 04:34:00,12.482633,37.874275,7,2520
2025-07-09 04:44:00,12.482633,37.874275,7,2520
2025-07-09 04:54:00,12.482633,37.874275,7,2520
2025-07-09 05:04:00,12.482633,37.874275,7,2520
2025-07-09 05:14:00,12.482633,37.874275,7,2520
2025-07-09 05:24:00,12.482633,37.874275,7,2520
2025-07-09 05:34:00,12.482633,37.874275,7,2520
2025-07-09 05:44:00,12.482633,37.874275,7,2520
2025-07-09 05:54:00,12.482633,37.874275,7,2520
2025-07-09 06:04:00,12.482633,37.874275,7,2520
2025-07-09 06:14:00,12.482633,37.874275,7,2520
2025-07-09 06:24:00,12.482633,37.874275,7,2520
2025-07-09 06:34:00,12.482633,37.874275,7,2520
2025-07-09 06:44:00,12.482633,37.874275,7,2520
2025-07-09 06:54:00,12.482633,37.874275,7,2520
2025-07-09 07:04:00,12.482633,37.874275,7,2520
2025-07-09 07:14:00,12.482633,37.874275,7,2520
2025-07-09 07:24:00,12.482633,37.874275,7,2520
2025-07-09 07:34:00,12.482633,37.874275,7,2520
2025-07-09 07:44:00,12.482633,37.874275,7,2520
2025-07-09 07:54:00,12.482633,37.874275,7,2520
2025-07-09 08:04:00,12.482633,37.874275,7,2520
2025-07-09 08:14:00,12.482633,37.874275,7,2520
2025-07-09 08:24:00,12.482633,37.874275,7,2520
2025-07-09 08:34:00,12.482633,37.874275,7,2520
2025-07-09 08:44:00,12.482633,37.874275,7,2520
2025-07-09 08:54:00,12.482633,37.874275,7,2520
2025-07-09 09:04:00,12.482633,37.874275,7,2520
2025-07-09 09:14:00,12.482633,37.874275,7,2520
2025-07-09 09:24:00,12.482633,37.874275,7,2520
2025-07-09 09:34:00,12.482633,37.874275,7,2520
2025-07-09 09:44:00,12.482633,37.874275,7,2520
2025-07-09 09:54:00,12.482633,37.874275,7,2520
2025-07-09 10:04:00,12.482633,37.874275,7,2520
2025-07-09 10:14:00,12.482633,37.874275,7,2520
2025-07-09 10:24:00,12.482633,37.874275,7,2520
2025-07-09 10:34:00,12.482633,37.874275,7,2520
2025-07-09 10:44:00,12.482633,37.874275,7,2520
2025-07-09 10:54:00,12.482633,37.874275,7,2520
2025-07-09 11:04:00,12.482633,37.874275,7,2520
2025-07-09 11:14:00,12.482633,37.874275,7,2520
2025-07-09 11:24:00,12.482633,37.874275,7,2520
2025-07-09 11:34:00,12.482633,37.874275,7,2520
2025-07-09 11:44:00,12.482633,37.874275,7,2520
2025-07-09 11:54:00,12.482633,37.874275,7,2520
2025-07-09 12:04:00,12.482633,37.874275,7,2520
2025-07-09 12:14:00,12.482633,37.874275,7,2520
2025-07-09 12:24:00,12.482633,37.874275,7,2520
2025-07-09 12:34:00,12.482633,37.874275,7,2520
2025-07-09 12:44:00,12.482633,37.874275,7,2520
2025-07-09 12:54:00,12.482633,37.874275,7,2520
2025-07-09 13:04:00,12.482633,37.874275,7,2520
2025-07-09 13:14:00,12.482633,37.874275,7,2520
2025-07-09 13:24:00,12.482633,37.874275,7,2520
2025-07-09 13:34:00,12.482633,37.874275,7,2520
2025-07-09 13:44:00,12.482633,37.874275,7,2520
2025-07-09 13:54:00,12.482633,37.874275,7,2520
2025-07-09 14:04:00,12.482633,37.874275,7,2520
2025-07-09 14:14:00,12.482633,37.874275,7,2520
2025-07-09 14:24:00,12.482633,37.874275,7,2520
2025-07-09 14:34:00,12.482633,37.874275,7,2520
2025-07-09 14:44:00,12.482633,37.874275,7,2520
2025-07-09 14:54:00,12.482633,37.874275,7,2520
2025-07-09 15:04:00,12.482633,37.874275,7,2520
2025-07-09 15:14:00,12.482633,37.874275,7,2520
2025-07-09 15:24:00,12.482633,37.874275,7,2520
2025-07-09 15:34:00,12.482633,37.874275,7,2520
2025-07-09 15:44:00,12.482633,37.874275,7,2520
2025-07-09 15:54:00,12.482633,37.874275,7,2520
2025-07-09 16:04:00,12.482633,37.874275,7,2520
2025-07-09 16:14:00,12.482633,37.874275,7,2520
2025-07-09 16:24:00,12.482633,37.874275,7,2520
2025-07-09 16:34:00,12.482633,37.874275,7,2520
2025-07-09 16:44:00,12.482633,37.874275,7,2520
2025-07-09 16:54:00,12.482633,37.874275,7,2520
2025-07-09 17:04:00,12.482633,37.874275,7,2520
2025-07-09 17:14:00,12.482633,37.874275,7,2520
2025-07-09 17:24:00,12.482633,37.874275,7,2520
2025-07-09 17:34:00,12.482633,37.874275,7,2520
2025-07-09 17:44:00,12.482533,37.873783,7,2520
2025-07-09 17:54:00,12.482533,37.873783,7,2520
2025-07-09 18:04:00,12.482533,37.873783,7,2520
2025-07-09 18:14:00,12.482533,37.873783,7,2520
2025-07-09 18:24:00,12.482533,37.873783,7,2520
2025-07-09 18:34:00,12.482533,37.873783,7,2520
2025-07-09 18:44:00,12.482533,37.873783,7,2520
2025-07-09 18:54:00,12.482533,37.873783,7,2520
2025-07-09 19:04:00,12.482533,37.873783,7,2520
2025-07-09 19:14:00,12.482533,37.873783,7,2520
2025-07-09 19:24:00,12.482533,37.873783,7,2520
2025-07-09 19:34:00,12.482533,37.873783,7,2520
2025-07-09 19:44:00,12.482533,37.873783,7,2520
2025-07-09 19:54:00,12.482533,37.873783,7,2520
2025-07-09 20:04:00,12.482533,37.873783,7,2520
2025-07-09 20:14:00,12.482533,37.873783,7,2520
2025-07-09 20:24:00,12.482533,37.873783,7,2520
2025-07-09 20:34:00,12.482533,37.873783,7,2520
2025-07-09 20:44:00,12.482533,37.873783,7,2520
2025-07-09 20:54:00,12.482533,37.873783,7,2520
2025-07-09 21:04:00,12.482533,37.873783,7,2520
2025-07-09 21:14:00,12.482533,37.873783,7,2520
2025-07-09 21:24:00,12.482533,37.873783,7,2520
2025-07-09 21:34:00,12.482533,37.873783,7,2520
2025-07-09 21:44:00,12.482533,37.873783,7,2520
2025-07-09 21:54:00,12.482533,37.873783,7,2520
2025-07-09 22:04:00,12.482533,37.873783,7,2520
2025-07-09 22:14:00,12.482533,37.873783,7,2520
2025-07-09 22:24:00,12.482533,37.873783,7,2520
2025-07-09 22:34:00,12.482533,37.873783,7,2520
2025-07-09 22:44:00,12.482533,37.873783,7,2520
2025-07-09 22:54:00,12.482533,37.873783,7,2520
2025-07-09 23:04:00,12.482533,37.873783,7,2520
2025-07-09 23:14:00,12.482533,37.873783,7,2520
2025-07-09 23:24:00,12.482533,37.873783,7,2520
2025-07-09 23:34:00,12.482533,37.873783,7,2520
2025-07-09 23:44:00,12.482533,37.873783,7,2520
2025-07-09 23:54:00,12.482533,37.873783,7,2520
2025-07-10 00:04:00,12.482533,37.873783,7,2520
2025-07-08 17:04:00,12.478132,37.875534,7,7520
2025-07-08 17:14:00,12.47889,37.875195,7,7520
2025-07-08 17:24:00,12.479644,37.87492,7,7520
2025-07-08 17:34:00,12.48039,37.874714,7,7520
2025-07-08 17:44:00,12.48113,37.874542,7,7520
2025-07-08 17:54:00,12.481863,37.874397,7,7520
2025-07-08 18:04:00,12.482588,37.87428,7,7520
2025-07-08 18:14:00,12.482588,37.87428,7,7520
2025-07-08 18:24:00,12.482588,37.87428,7,7520
2025-07-08 18:34:00,12.482588,37.87428,7,7520
2025-07-08 18:44:00,12.482588,37.87428,7,7520
2025-07-08 18:54:00,12.482588,37.87428,7,7520
2025-07-08 19:04:00,12.482588,37.87428,7,7520
2025-07-08 19:14:00,12.482588,37.87428,7,7520
2025-07-08 19:24:00,12.482588,37.87428,7,7520
2025-07-08 19:34:00,12.482588,37.87428,7,7520
2025-07-08 19:44:00,12.482588,37.87428,7,7520
2025-07-08 19:54:00,12.482588,37.87428,7,7520
2025-07-08 20:04:00,12.482588,37.87428,7,7520
2025-07-08 20:14:00,12.482588,37.87428,7,7520
2025-07-08 20:24:00,12.482588,37.87428,7,7520
2025-07-08 20:34:00,12.482588,37.87428,7,7520
2025-07-08 20:44:00,12.482588,37.87428,7,7520
2025-07-08 20:54:00,12.482588,37.87428,7,7520
2025-07-08 21:04:00,12.482588,37.87428,7,7520
2025-07-08 21:14:00,12.482588,37.87428,7,7520
2025-07-08 21:24:00,12.482588,37.87428,7,7520
2025-07-08 21:34:00,12.482588,37.87428,7,7520
2025-07-08 21:44:00,12.482588,37.87428,7,7520
2025-07-08 21:54:00,12.482588,37.87428,7,7520
2025-07-08 22:04:00,12.482588,37.87428,7,7520
2025-07-08 22:14:00,12.482588,37.87428,7,7520
2025-07-08 22:24:00,12.482588,37.87428,7,7520
2025-07-08 22:34:00,12.482588,37.87428,7,7520
2025-07-08 22:44:00,12.482588,37.87428,7,7520
2025-07-08 22:54:00,12.482588,37.87428,7,7520
2025-07-08 23:04:00,12.482588,37.87428,7,7520
2025-07-08 23:14:00,12.482588,37.87428,7,7520
2025-07-08 23:24:00,12.482588,37.87428,7,7520
2025-07-08 23:34:00,12.482588,37.87428,7,7520
2025-07-08 23:44:00,12.482588,37.87428,7,7520
2025-07-08 23:54:00,12.482588,37.87428,7,7520
2025-07-09 00:04:00,12.482588,37.87428,7,7520
2025-07-09 00:14:00,12.482588,37.87428,7,7520
2025-07-09 00:24:00,12.482588,37.87428,7,7520
2025-07-09 00:34:00,12.482588,37.87428,7,7520
2025-07-09 00:44:00,12.482588,37.87428,7,7520
2025-07-09 00:54:00,12.482588,37.87428,7,7520
2025-07-09 01:04:00,12.482588,37.87428,7,7520
2025-07-09 01:14:00,12.482588,37.87428,7,7520
2025-07-09 01:24:00,12.482588,37.87428,7,7520
2025-07-09 01:34:00,12.482588,37.87428,7,7520
2025-07-09 01:44:00,12.482588,37.87428,7,7520
2025-07-09 01:54:00,12.482588,37.87428,7,7520
2025-07-09 02:04:00,12.482588,37.87428,7,7520
2025-07-09 02:14:00,12.482588,37.87428,7,7520
2025-07-09 02:24:00,12.482588,37.87428,7,7520
2025-07-09 02:34:00,12.482588,37.87428,7,7520
2025-07-09 02:44:00,12.482588,37.87428,7,7520
2025-07-09 02:54:00,12.482588,37.87428,7,7520
2025-07-09 03:04:00,12.482588,37.87428,7,7520
2025-07-09 03:14:00,12.482588,37.87428,7,7520
2025-07-09 03:24:00,12.482588,37.87428,7,7520
2025-07-09 03:34:00,12.482588,37.87428,7,7520
2025-07-09 03:44:00,12.482588,37.87428,7,7520
2025-07-09 03:54:00,12.482588,37.87428,7,7520
2025-07-09 04:04:00,12.482588,37.87428,7,7520
2025-07-09 04:14:00,12.482588,37.87428,7,7520
2025-07-09 04:24:00,12.482588,37.87428,7,7520
2025-07-09 04:34:00,12.482588,37.87428,7,7520
2025-07-09 04:44:00,12.482588,37.87428,7,7520
2025-07-09 04:54:00,12.482588,37.87428,7,7520
2025-07-09 05:04:00,12.482588,37.87428,7,7520
2025-07-09 05:14:00,12.482588,37.87428,7,7520
2025-07-09 05:24:00,12.482588,37.87428,7,7520
2025-07-09 05:34:00,12.482588,37.87428,7,7520
2025-07-09 05:44:00,12.482588,37.87428,7,7520
2025-07-09 05:54:00,12.482588,37.87428,7,7520
2025-07-09 06:04:00,12.482588,37.87428,7,7520
2025-07-09 06:14:00,12.482588,37.87428,7,7520
2025-07-09 06:24:00,12.482588,37.87428,7,7520
2025-07-09 06:34:00,12.482588,37.87428,7,7520
2025-07-09 06:44:00,12.482588,37.87428,7,7520
2025-07-09 06:54:00,12.482588,37.87428,7,7520
2025-07-09 07:04:00,12.482588,37.87428,7,7520
2025-07-09 07:14:00,12.482588,37.87428,7,7520
2025-07-09 07:24:00,12.482588,37.87428,7,7520
2025-07-09 07:34:00,12.482588,37.87428,7,7520
2025-07-09 07:44:00,12.482588,37.87428,7,7520
2025-07-09 07:54:00,12.482588,37.87428,7,7520
2025-07-09 08:04:00,12.482588,37.87428,7,7520
2025-07-09 08:14:00,12.482588,37.87428,7,7520
2025-07-09 08:24:00,12.482588,37.87428,7,7520
2025-07-09 08:34:00,12.482588,37.87428,7,7520
2025-07-09 08:44:00,12.482588,37.87428,7,7520
2025-07-09 08:54:00,12.482588,37.87428,7,7520
2025-07-09 09:04:00,12.482588,37.87428,7,7520
2025-07-09 09:14:00,12.482588,37.87428,7,7520
2025-07-09 09:24:00,12.482588,37.87428,7,7520
2025-07-09 09:34:00,12.482588,37.87428,7,7520
2025-07-09 09:44:00,12.482588,37.87428,7,7520
2025-07-09 09:54:00,12.482588,37.87428,7,7520
2025-07-09 10:04:00,12.482588,37.87428,7,7520
2025-07-09 10:14:00,12.482588,37.87428,7,7520
2025-07-09 10:24:00,12.482588,37.87428,7,7520
2025-07-09 10:34:00,12.482588,37.87428,7,7520
2025-07-09 10:44:00,12.482588,37.87428,7,7520
2025-07-09 10:54:00,12.482588,37.87428,7,7520
2025-07-09 11:04:00,12.482588,37.87428,7,7520
2025-07-09 11:14:00,12.482588,37.87428,7,7520
2025-07-09 11:24:00,12.482588,37.87428,7,7520
2025-07-09 11:34:00,12.482588,37.87428,7,7520
2025-07-09 11:44:00,12.482588,37.87428,7,7520
2025-07-09 11:54:00,12.482588,37.87428,7,7520
2025-07-09 12:04:00,12.482588,37.87428,7,7520
2025-07-09 12:14:00,12.482588,37.87428,7,7520
2025-07-09 12:24:00,12.482588,37.87428,7,7520
2025-07-09 12:34:00,12.482588,37.87428,7,7520
2025-07-09 12:44:00,12.482588,37.87428,7,7520
2025-07-09 12:54:00,12.482588,37.87428,7,7520
2025-07-09 13:04:00,12.482588,37.87428,7,7520
2025-07-09 13:14:00,12.482588,37.87428,7,7520
2025-07-09 13:24:00,12.482588,37.87428,7,7520
2025-07-09 13:34:00,12.482588,37.87428,7,7520
2025-07-09 13:44:00,12.482588,37.87428,7,7520
2025-07-09 13:54:00,12.482588,37.87428,7,7520
2025-07-09 14:04:00,12.482588,37.87428,7,7520
2025-07-09 14:14:00,12.482588,37.87428,7,7520
2025-07-09 14:24:00,12.482588,37.87428,7,7520
2025-07-09 14:34:00,12.482588,37.87428,7,7520
2025-07-09 14:44:00,12.482588,37.87428,7,7520
2025-07-09 14:54:00,12.482588,37.87428,7,7520
2025-07-09 15:04:00,12.482588,37.87428,7,7520
2025-07-09 15:14:00,12.482588,37.87428,7,7520
2025-07-09 15:24:00,12.482588,37.87428,7,7520
2025-07-09 15:34:00,12.482588,37.87428,7,7520
2025-07-09 15:44:00,12.482588,37.87428,7,7520
2025-07-09 15:54:00,12.482588,37.87428,7,7520
2025-07-09 16:04:00,12.482588,37.87428,7,7520
2025-07-09 16:14:00,12.482588,37.87428,7,7520
2025-07-09 16:24:00,12.482588,37.87428,7,7520
2025-07-09 16:34:00,12.482588,37.87428,7,7520
2025-07-09 16:44:00,12.482588,37.87428,7,7520
2025-07-09 16:54:00,12.482588,37.87428,7,7520
2025-07-09 17:04:00,12.482588,37.87428,7,7520
2025-07-09 17:14:00,12.482588,37.87428,7,7520
2025-07-09 17:24:00,12.482503,37.873756,7,7520
2025-07-09 17:34:00,12.482503,37.873756,7,7520
2025-07-09 17:44:00,12.482503,37.873756,7,7520
2025-07-09 17:54:00,12.482503,37.873756,7,7520
2025-07-09 18:04:00,12.482503,37.873756,7,7520
2025-07-09 18:14:00,12.482503,37.873756,7,7520
2025-07-09 18:24:00,12.482503,37.873756,7,7520
2025-07-09 18:34:00,12.482503,37.873756,7,7520
2025-07-09 18:44:00,12.482503,37.873756,7,7520
2025-07-09 18:54:00,12.482503,37.873756,7,7520
2025-07-09 19:04:00,12.482503,37.873756,7,7520
2025-07-09 19:14:00,12.482503,37.873756,7,7520
2025-07-09 19:24:00,12.482503,37.873756,7,7520
2025-07-09 19:34:00,12.482503,37.873756,7,7520
2025-07-09 19:44:00,12.482503,37.873756,7,7520
2025-07-09 19:54:00,12.482503,37.873756,7,7520
2025-07-09 20:04:00,12.482503,37.873756,7,7520
2025-07-09 20:14:00,12.482503,37.873756,7,7520
2025-07-09 20:24:00,12.482503,37.873756,7,7520
2025-07-09 20:34:00,12.482503,37.873756,7,7520
2025-07-09 20:44:00,12.482503,37.873756,7,7520
2025-07-09 20:54:00,12.482503,37.873756,7,7520
2025-07-09 21:04:00,12.482503,37.873756,7,7520
2025-07-09 21:14:00,12.482503,37.873756,7,7520
2025-07-09 21:24:00,12.482503,37.873756,7,7520
2025-07-09 21:34:00,12.482503,37.873756,7,7520
2025-07-09 21:44:00,12.482503,37.873756,7,7520
2025-07-09 21:54:00,12.482503,37.873756,7,7520
2025-07-09 22:04:00,12.482503,37.873756,7,7520
2025-07-09 22:14:00,12.482503,37.873756,7,7520
2025-07-09 22:24:00,12.482503,37.873756,7,7520
2025-07-09 22:34:00,12.482503,37.873756,7,7520
2025-07-09 22:44:00,12.482503,37.873756,7,7520
2025-07-09 22:54:00,12.482503,37.873756,7,7520
2025-07-09 23:04:00,12.482503,37.873756,7,7520
2025-07-09 23:14:00,12.482503,37.873756,7,7520
2025-07-09 23:24:00,12.482503,37.873756,7,7520
2025-07-09 23:34:00,12.482503,37.873756,7,7520
2025-07-09 23:44:00,12.482503,37.873756,7,7520
2025-07-09 23:54:00,12.482503,37.873756,7,7520
2025-07-10 00:04:00,12.482503,37.873756,7,7520
2025-07-08 17:04:00,12.478112,37.875546,7,930
2025-07-08 17:14:00,12.478869,37.875206,7,930
2025-07-08 17:24:00,12.479623,37.87493,7,930
2025-07-08 17:34:00,12.480368,37.874725,7,930
2025-07-08 17:44:00,12.481107,37.874554,7,930
2025-07-08 17:54:00,12.481841,37.87441,7,930
2025-07-08 18:04:00,12.482565,37.874294,7,930
2025-07-08 18:14:00,12.482565,37.874294,7,930
2025-07-08 18:24:00,12.482565,37.874294,7,930
2025-07-08 18:34:00,12.482565,37.874294,7,930
2025-07-08 18:44:00,12.482565,37.874294,7,930
2025-07-08 18:54:00,12.482565,37.874294,7,930
2025-07-08 19:04:00,12.482565,37.874294,7,930
2025-07-08 19:14:00,12.482565,37.874294,7,930
2025-07-08 19:24:00,12.482565,37.874294,7,930
2025-07-08 19:34:00,12.482565,37.874294,7,930
2025-07-08 19:44:00,12.482565,37.874294,7,930
2025-07-08 19:54:00,12.482565,37.874294,7,930
2025-07-08 20:04:00,12.482565,37.874294,7,930
2025-07-08 20:14:00,12.482565,37.874294,7,930
2025-07-08 20:24:00,12.482565,37.874294,7,930
2025-07-08 20:34:00,12.482565,37.874294,7,930
2025-07-08 20:44:00,12.482565,37.874294,7,930
2025-07-08 20:54:00,12.482565,37.874294,7,930
2025-07-08 21:04:00,12.482565,37.874294,7,930
2025-07-08 21:14:00,12.482565,37.874294,7,930
2025-07-08 21:24:00,12.482565,37.874294,7,930
2025-07-08 21:34:00,12.482565,37.874294,7,930
2025-07-08 21:44:00,12.482565,37.874294,7,930
2025-07-08 21:54:00,12.482565,37.874294,7,930
2025-07-08 22:04:00,12.482565,37.874294,7,930
2025-07-08 22:14:00,12.482565,37.874294,7,930
2025-07-08 22:24:00,12.482565,37.874294,7,930
2025-07-08 22:34:00,12.482565,37.874294,7,930
2025-07-08 22:44:00,12.482565,37.874294,7,930
2025-07-08 22:54:00,12.482565,37.874294,7,930
2025-07-08 23:04:00,12.482565,37.874294,7,930
2025-07-08 23:14:00,12.482565,37.874294,7,930
2025-07-08 23:24:00,12.482565,37.874294,7,930
2025-07-08 23:34:00,12.482565,37.874294,7,930
2025-07-08 23:44:00,12.482565,37.874294,7,930
2025-07-08 23:54:00,12.482565,37.874294,7,930
2025-07-09 00:04:00,12.482565,37.874294,7,930
2025-07-09 00:14:00,12.482565,37.874294,7,930
2025-07-09 00:24:00,12.482565,37.874294,7,930
2025-07-09 00:34:00,12.482565,37.874294,7,930
2025-07-09 00:44:00,12.482565,37.874294,7,930
2025-07-09 00:54:00,12.482565,37.874294,7,930
2025-07-09 01:04:00,12.482565,37.874294,7,930
2025-07-09 01:14:00,12.482565,37.874294,7,930
2025-07-09 01:24:00,12.482565,37.874294,7,930
2025-07-09 01:34:00,12.482565,37.874294,7,930
2025-07-09 01:44:00,12.482565,37.874294,7,930
2025-07-09 01:54:00,12.482565,37.874294,7,930
2025-07-09 02:04:00,12.482565,37.874294,7,930
2025-07-09 02:14:00,12.482565,37.874294,7,930
2025-07-09 02:24:00,12.482565,37.874294,7,930
2025-07-09 02:34:00,12.482565,37.874294,7,930
2025-07-09 02:44:00,12.482565,37.874294,7,930
2025-07-09 02:54:00,12.482565,37.874294,7,930
2025-07-09 03:04:00,12.482565,37.874294,7,930
2025-07-09 03:14:00,12.482565,37.874294,7,930
2025-07-09 03:24:00,12.482565,37.874294,7,930
2025-07-09 03:34:00,12.482565,37.874294,7,930
2025-07-09 03:44:00,12.482565,37.874294,7,930
2025-07-09 03:54:00,12.482565,37.874294,7,930
2025-07-09 04:04:00,12.482565,37.874294,7,930
2025-07-09 04:14:00,12.482565,37.874294,7,930
2025-07-09 04:24:00,12.482565,37.874294,7,930
2025-07-09 04:34:00,12.482565,37.874294,7,930
2025-07-09 04:44:00,12.482565,37.874294,7,930
2025-07-09 04:54:00,12.482565,37.874294,7,930
2025-07-09 05:04:00,12.482565,37.874294,7,930
2025-07-09 05:14:00,12.482565,37.874294,7,930
2025-07-09 05:24:00,12.482565,37.874294,7,930
2025-07-09 05:34:00,12.482565,37.874294,7,930
2025-07-09 05:44:00,12.482565,37.874294,7,930
2025-07-09 05:54:00,12.482565,37.874294,7,930
2025-07-09 06:04:00,12.482565,37.874294,7,930
2025-07-09 06:14:00,12.482565,37.874294,7,930
2025-07-09 06:24:00,12.482565,37.874294,7,930
2025-07-09 06:34:00,12.482565,37.874294,7,930
2025-07-09 06:44:00,12.482565,37.874294,7,930
2025-07-09 06:54:00,12.482565,37.874294,7,930
2025-07-09 07:04:00,12.482565,37.874294,7,930
2025-07-09 07:14:00,12.482565,37.874294,7,930
2025-07-09 07:24:00,12.482565,37.874294,7,930
2025-07-09 07:34:00,12.482565,37.874294,7,930
2025-07-09 07:44:00,12.482565,37.874294,7,930
2025-07-09 07:54:00,12.482565,37.874294,7,930
2025-07-09 08:04:00,12.482565,37.874294,7,930
2025-07-09 08:14:00,12.482565,37.874294,7,930
2025-07-09 08:24:00,12.482565,37.874294,7,930
2025-07-09 08:34:00,12.482565,37.874294,7,930
2025-07-09 08:44:00,12.482565,37.874294,7,930
2025-07-09 08:54:00,12.482565,37.874294,7,930
2025-07-09 09:04:00,12.482565,37.874294,7,930
2025-07-09 09:14:00,12.482565,37.874294,7,930
2025-07-09 09:24:00,12.482565,37.874294,7,930
2025-07-09 09:34:00,12.482565,37.874294,7,930
2025-07-09 09:44:00,12.482565,37.874294,7,930
2025-07-09 09:54:00,12.482565,37.874294,7,930
2025-07-09 10:04:00,12.482565,37.874294,7,930
2025-07-09 10:14:00,12.482565,37.874294,7,930
2025-07-09 10:24:00,12.482565,37.874294,7,930
2025-07-09 10:34:00,12.482565,37.874294,7,930
2025-07-09 10:44:00,12.482565,37.874294,7,930
2025-07-09 10:54:00,12.482565,37.874294,7,930
2025-07-09 11:04:00,12.482565,37.874294,7,930
2025-07-09 11:14:00,12.482565,37.874294,7,930
2025-07-09 11:24:00,12.482565,37.874294,7,930
2025-07-09 11:34:00,12.482565,37.874294,7,930
2025-07-09 11:44:00,12.482565,37.874294,7,930
2025-07-09 11:54:00,12.482565,37.874294,7,930
2025-07-09 12:04:00,12.482565,37.874294,7,930
2025-07-09 12:14:00,12.482565,37.874294,7,930
2025-07-09 12:24:00,12.482565,37.874294,7,930
2025-07-09 12:34:00,12.482565,37.874294,7,930
2025-07-09 12:44:00,12.482565,37.874294,7,930
2025-07-09 12:54:00,12.482565,37.874294,7,930
2025-07-09 13:04:00,12.482565,37.874294,7,930
2025-07-09 13:14:00,12.482565,37.874294,7,930
2025-07-09 13:24:00,12.482565,37.874294,7,930
2025-07-09 13:34:00,12.482565,37.874294,7,930
2025-07-09 13:44:00,12.482565,37.874294,7,930
2025-07-09 13:54:00,12.482565,37.874294,7,930
2025-07-09 14:04:00,12.482565,37.874294,7,930
2025-07-09 14:14:00,12.482565,37.874294,7,930
2025-07-09 14:24:00,12.482565,37.874294,7,930
2025-07-09 14:34:00,12.482565,37.874294,7,930
2025-07-09 14:44:00,12.482565,37.874294,7,930
2025-07-09 14:54:00,12.482565,37.874294,7,930
2025-07-09 15:04:00,12.482565,37.874294,7,930
2025-07-09 15:14:00,12.482565,37.874294,7,930
2025-07-09 15:24:00,12.482565,37.874294,7,930
2025-07-09 15:34:00,12.482565,37.874294,7,930
2025-07-09 15:44:00,12.482565,37.874294,7,930
2025-07-09 15:54:00,12.482565,37.874294,7,930
2025-07-09 16:04:00,12.482565,37.874294,7,930
2025-07-09 16:14:00,12.482565,37.874294,7,930
2025-07-09 16:24:00,12.482565,37.874294,7,930
2025-07-09 16:34:00,12.482565,37.874294,7,930
2025-07-09 16:44:00,12.482565,37.874294,7,930
2025-07-09 16:54:00,12.482565,37.874294,7,930
2025-07-09 17:04:00,12.482565,37.874294,7,930
2025-07-09 17:14:00,12.4824915,37.873745,7,930
2025-07-09 17:24:00,12.4824915,37.873745,7,930
2025-07-09 17:34:00,12.4824915,37.873745,7,930
2025-07-09 17:44:00,12.4824915,37.873745,7,930
2025-07-09 17:54:00,12.4824915,37.873745,7,930
2025-07-09 18:04:00,12.4824915,37.873745,7,930
2025-07-09 18:14:00,12.4824915,37.873745,7,930
2025-07-09 18:24:00,12.4824915,37.873745,7,930
2025-07-09 18:34:00,12.4824915,37.873745,7,930
2025-07-09 18:44:00,12.4824915,37.873745,7,930
2025-07-09 18:54:00,12.4824915,37.873745,7,930
2025-07-09 19:04:00,12.4824915,37.873745,7,930
2025-07-09 19:14:00,12.4824915,37.873745,7,930
2025-07-09 19:24:00,12.4824915,37.873745,7,930
2025-07-09 19:34:00,12.4824915,37.873745,7,930
2025-07-09 19:44:00,12.4824915,37.873745,7,930
2025-07-09 19:54:00,12.4824915,37.873745,7,930
2025-07-09 20:04:00,12.4824915,37.873745,7,930
2025-07-09 20:14:00,12.4824915,37.873745,7,930
2025-07-09 20:24:00,12.4824915,37.873745,7,930
2025-07-09 20:34:00,12.4824915,37.873745,7,930
2025-07-09 20:44:00,12.4824915,37.873745,7,930
2025-07-09 20:54:00,12.4824915,37.873745,7,930
2025-07-09 21:04:00,12.4824915,37.873745,7,930
2025-07-09 21:14:00,12.4824915,37.873745,7,930
2025-07-09 21:24:00,12.4824915,37.873745,7,930
2025-07-09 21:34:00,12.4824915,37.873745,7,930
2025-07-09 21:44:00,12.4824915,37.873745,7,930
2025-07-09 21:54:00,12.4824915,37.873745,7,930
2025-07-09 22:04:00,12.4824915,37.873745,7,930
2025-07-09 22:14:00,12.4824915,37.873745,7,930
2025-07-09 22:24:00,12.4824915,37.873745,7,930
2025-07-09 22:34:00,12.4824915,37.873745,7,930
2025-07-09 22:44:00,12.4824915,37.873745,7,930
2025-07-09 22:54:00,12.4824915,37.873745,7,930
2025-07-09 23:04:00,12.4824915,37.873745,7,930
2025-07-09 23:14:00,12.4824915,37.873745,7,930
2025-07-09 23:24:00,12.4824915,37.873745,7,930
2025-07-09 23:34:00,12.4824915,37.873745,7,930
2025-07-09 23:44:00,12.4824915,37.873745,7,930
2025-07-09 23:54:00,12.4824915,37.873745,7,930
2025-07-10 00:04:00,12.4824915,37.873745,7,930
2025-07-09 07:44:00,12.45519,37.86956,8,2520
2025-07-09 07:54:00,12.455507,37.86865,8,2520
2025-07-09 08:04:00,12.455819,37.86774,8,2520
2025-07-09 08:14:00,12.456141,37.86683,8,2520
2025-07-09 08:24:00,12.456491,37.865913,8,2520
2025-07-09 08:34:00,12.456874,37.864983,8,2520
2025-07-09 08:44:00,12.457289,37.864025,8,2520
2025-07-09 08:54:00,12.4577265,37.86303,8,2520
2025-07-09 09:04:00,12.458116,37.861973,8,2520
2025-07-09 09:14:00,12.458435,37.860886,8,2520
2025-07-09 09:24:00,12.45871,37.859825,8,2520
2025-07-09 09:34:00,12.458957,37.858753,8,2520
2025-07-09 09:44:00,12.459208,37.857655,8,2520
2025-07-09 09:54:00,12.459458,37.856518,8,2520
2025-07-09 10:04:00,12.459708,37.855347,8,2520
2025-07-09 10:14:00,12.459949,37.854107,8,2520
2025-07-09 10:24:00,12.460183,37.852776,8,2520
2025-07-09 10:34:00,12.460393,37.851337,8,2520
2025-07-09 10:44:00,12.460487,37.849762,8,2520
2025-07-09 10:54:00,12.460543,37.848114,8,2520
2025-07-09 11:04:00,12.460567,37.84646,8,2520
2025-07-09 11:14:00,12.460427,37.844814,8,2520
2025-07-09 11:24:00,12.460408,37.844025,8,2520
2025-07-09 11:34:00,12.460408,37.844025,8,2520
2025-07-09 11:44:00,12.460408,37.844025,8,2520
2025-07-09 11:54:00,12.460408,37.844025,8,2520
2025-07-09 12:04:00,12.460408,37.844025,8,2520
2025-07-09 12:14:00,12.460408,37.844025,8,2520
2025-07-09 12:24:00,12.460408,37.844025,8,2520
2025-07-09 12:34:00,12.460408,37.844025,8,2520
2025-07-09 12:44:00,12.460408,37.844025,8,2520
2025-07-09 12:54:00,12.460408,37.844025,8,2520
2025-07-09 13:04:00,12.460408,37.844025,8,2520
2025-07-09 13:14:00,12.460408,37.844025,8,2520
2025-07-09 13:24:00,12.460408,37.844025,8,2520
2025-07-09 13:34:00,12.460442,37.843357,8,2520
2025-07-09 13:44:00,12.460442,37.843357,8,2520
2025-07-09 13:54:00,12.460442,37.843357,8,2520
2025-07-09 14:04:00,12.460442,37.843357,8,2520
2025-07-09 14:14:00,12.460442,37.843357,8,2520
2025-07-09 14:24:00,12.460442,37.843357,8,2520
2025-07-09 14:34:00,12.460442,37.843357,8,2520
2025-07-09 14:44:00,12.460442,37.843357,8,2520
2025-07-09 14:54:00,12.460442,37.843357,8,2520
2025-07-09 15:04:00,12.460442,37.843357,8,2520
2025-07-09 15:14:00,12.460442,37.843357,8,2520
2025-07-09 15:24:00,12.460442,37.843357,8,2520
2025-07-09 15:34:00,12.460442,37.843357,8,2520
2025-07-09 15:44:00,12.460442,37.843357,8,2520
2025-07-09 15:54:00,12.460442,37.843357,8,2520
2025-07-09 16:04:00,12.460442,37.843357,8,2520
2025-07-09 16:14:00,12.460442,37.843357,8,2520
2025-07-09 16:24:00,12.460442,37.843357,8,2520
2025-07-09 16:34:00,12.460442,37.843357,8,2520
2025-07-09 16:44:00,12.460442,37.843357,8,2520
2025-07-09 16:54:00,12.460442,37.843357,8,2520
2025-07-09 17:04:00,12.460442,37.843357,8,2520
2025-07-09 17:14:00,12.460442,37.843357,8,2520
2025-07-09 17:24:00,12.460442,37.843357,8,2520
2025-07-09 17:34:00,12.460442,37.843357,8,2520
2025-07-09 17:44:00,12.460442,37.843357,8,2520
2025-07-09 17:54:00,12.460442,37.843357,8,2520
2025-07-09 18:04:00,12.460442,37.843357,8,2520
2025-07-09 18:14:00,12.460442,37.843357,8,2520
2025-07-09 18:24:00,12.460442,37.843357,8,2520
2025-07-09 18:34:00,12.460442,37.843357,8,2520
2025-07-09 18:44:00,12.460442,37.843357,8,2520
2025-07-09 18:54:00,12.460442,37.843357,8,2520
2025-07-09 19:04:00,12.460442,37.843357,8,2520
2025-07-09 19:14:00,12.460442,37.843357,8,2520
2025-07-09 19:24:00,12.460442,37.843357,8,2520
2025-07-09 19:34:00,12.460442,37.843357,8,2520
2025-07-09 19:44:00,12.460442,37.843357,8,2520
2025-07-09 19:54:00,12.460442,37.843357,8,2520
2025-07-09 20:04:00,12.460442,37.843357,8,2520
2025-07-09 20:14:00,12.460442,37.843357,8,2520
2025-07-09 20:24:00,12.460442,37.843357,8,2520
2025-07-09 20:34:00,12.460442,37.843357,8,2520
2025-07-09 20:44:00,12.460442,37.843357,8,2520
2025-07-09 20:54:00,12.460442,37.843357,8,2520
2025-07-09 21:04:00,12.460442,37.843357,8,2520
2025-07-09 21:14:00,12.460442,37.843357,8,2520
2025-07-09 21:24:00,12.460442,37.843357,8,2520
2025-07-09 21:34:00,12.460442,37.843357,8,2520
2025-07-09 21:44:00,12.460442,37.843357,8,2520
2025-07-09 21:54:00,12.460291,37.842323,8,2520
2025-07-09 22:04:00,12.460153,37.84129,8,2520
2025-07-09 22:14:00,12.4600525,37.84028,8,2520
2025-07-09 22:24:00,12.459989,37.839294,8,2520
2025-07-09 22:34:00,12.459951,37.83836,8,2520
2025-07-09 22:44:00,12.459946,37.837494,8,2520
2025-07-09 22:54:00,12.459963,37.83667,8,2520
2025-07-09 23:04:00,12.460003,37.835884,8,2520
2025-07-09 23:14:00,12.460052,37.835136,8,2520
2025-07-09 23:24:00,12.460092,37.834415,8,2520
2025-07-09 23:34:00,12.460119,37.83372,8,2520
2025-07-09 23:44:00,12.46015,37.833057,8,2520
2025-07-09 23:54:00,12.46019,37.832424,8,2520
2025-07-10 00:04:00,12.46026,37.83189,8,2520
2025-07-09 07:44:00,12.45545,37.86926,8,7520
2025-07-09 07:54:00,12.4557705,37.868343,8,7520
2025-07-09 08:04:00,12.456083,37.86743,8,7520
2025-07-09 08:14:00,12.456412,37.86652,8,7520
2025-07-09 08:24:00,12.456772,37.865604,8,7520
2025-07-09 08:34:00,12.457163,37.864662,8,7520
2025-07-09 08:44:00,12.457592,37.863693,8,7520
2025-07-09 08:54:00,12.4580145,37.86268,8,7520
2025-07-09 09:04:00,12.458375,37.8616,8,7520
2025-07-09 09:14:00,12.458687,37.86053,8,7520
2025-07-09 09:24:00,12.45895,37.859478,8,7520
2025-07-09 09:34:00,12.459202,37.858402,8,7520
2025-07-09 09:44:00,12.459457,37.857296,8,7520
2025-07-09 09:54:00,12.459711,37.856155,8,7520
2025-07-09 10:04:00,12.459961,37.85497,8,7520
2025-07-09 10:14:00,12.4601965,37.853703,8,7520
2025-07-09 10:24:00,12.460415,37.852345,8,7520
2025-07-09 10:34:00,12.460572,37.85087,8,7520
2025-07-09 10:44:00,12.460612,37.849266,8,7520
2025-07-09 10:54:00,12.460688,37.847622,8,7520
2025-07-09 11:04:00,12.460657,37.845963,8,7520
2025-07-09 11:14:00,12.460544,37.844322,8,7520
2025-07-09 11:24:00,12.460555,37.84353,8,7520
2025-07-09 11:34:00,12.460555,37.84353,8,7520
2025-07-09 11:44:00,12.460555,37.84353,8,7520
2025-07-09 11:54:00,12.460555,37.84353,8,7520
2025-07-09 12:04:00,12.460555,37.84353,8,7520
2025-07-09 12:14:00,12.460555,37.84353,8,7520
2025-07-09 12:24:00,12.460555,37.84353,8,7520
2025-07-09 12:34:00,12.460555,37.84353,8,7520
2025-07-09 12:44:00,12.460555,37.84353,8,7520
2025-07-09 12:54:00,12.460555,37.84353,8,7520
2025-07-09 13:04:00,12.460555,37.84353,8,7520
2025-07-09 13:14:00,12.460555,37.84353,8,7520
2025-07-09 13:24:00,12.460555,37.84353,8,7520
2025-07-09 13:34:00,12.460555,37.84353,8,7520
2025-07-09 13:44:00,12.460555,37.84353,8,7520
2025-07-09 13:54:00,12.460555,37.84353,8,7520
2025-07-09 14:04:00,12.460555,37.84353,8,7520
2025-07-09 14:14:00,12.460555,37.84353,8,7520
2025-07-09 14:24:00,12.460555,37.84353,8,7520
2025-07-09 14:34:00,12.460555,37.84353,8,7520
2025-07-09 14:44:00,12.460555,37.84353,8,7520
2025-07-09 14:54:00,12.460555,37.84353,8,7520
2025-07-09 15:04:00,12.460555,37.84353,8,7520
2025-07-09 15:14:00,12.460555,37.84353,8,7520
2025-07-09 15:24:00,12.460555,37.84353,8,7520
2025-07-09 15:34:00,12.460555,37.84353,8,7520
2025-07-09 15:44:00,12.460555,37.84353,8,7520
2025-07-09 15:54:00,12.460555,37.84353,8,7520
2025-07-09 16:04:00,12.460555,37.84353,8,7520
2025-07-09 16:14:00,12.460555,37.84353,8,7520
2025-07-09 16:24:00,12.460555,37.84353,8,7520
2025-07-09 16:34:00,12.460555,37.84353,8,7520
2025-07-09 16:44:00,12.460555,37.84353,8,7520
2025-07-09 16:54:00,12.460555,37.84353,8,7520
2025-07-09 17:04:00,12.460555,37.84353,8,7520
2025-07-09 17:14:00,12.460555,37.84353,8,7520
2025-07-09 17:24:00,12.460555,37.84353,8,7520
2025-07-09 17:34:00,12.460555,37.84353,8,7520
2025-07-09 17:44:00,12.460555,37.84353,8,7520
2025-07-09 17:54:00,12.460555,37.84353,8,7520
2025-07-09 18:04:00,12.460555,37.84353,8,7520
2025-07-09 18:14:00,12.460555,37.84353,8,7520
2025-07-09 18:24:00,12.460545,37.843464,8,7520
2025-07-09 18:34:00,12.460545,37.843464,8,7520
2025-07-09 18:44:00,12.460545,37.843464,8,7520
2025-07-09 18:54:00,12.460545,37.843464,8,7520
2025-07-09 19:04:00,12.460545,37.843464,8,7520
2025-07-09 19:14:00,12.460545,37.843464,8,7520
2025-07-09 19:24:00,12.460545,37.843464,8,7520
2025-07-09 19:34:00,12.460545,37.843464,8,7520
2025-07-09 19:44:00,12.460545,37.843464,8,7520
2025-07-09 19:54:00,12.460545,37.843464,8,7520
2025-07-09 20:04:00,12.460545,37.843464,8,7520
2025-07-09 20:14:00,12.460545,37.843464,8,7520
2025-07-09 20:24:00,12.460545,37.843464,8,7520
2025-07-09 20:34:00,12.460545,37.843464,8,7520
2025-07-09 20:44:00,12.460545,37.843464,8,7520
2025-07-09 20:54:00,12.460545,37.843464,8,7520
2025-07-09 21:04:00,12.460545,37.843464,8,7520
2025-07-09 21:14:00,12.460545,37.843464,8,7520
2025-07-09 21:24:00,12.460545,37.843464,8,7520
2025-07-09 21:34:00,12.460545,37.843464,8,7520
2025-07-09 21:44:00,12.460545,37.843464,8,7520
2025-07-09 21:54:00,12.460545,37.843464,8,7520
2025-07-09 22:04:00,12.460545,37.843464,8,7520
2025-07-09 22:14:00,12.460545,37.843464,8,7520
2025-07-09 22:24:00,12.460545,37.843464,8,7520
2025-07-09 22:34:00,12.460545,37.843464,8,7520
2025-07-09 22:44:00,12.460545,37.843464,8,7520
2025-07-09 22:54:00,12.460545,37.843464,8,7520
2025-07-09 23:04:00,12.460545,37.843464,8,7520
2025-07-09 23:14:00,12.460545,37.843464,8,7520
2025-07-09 23:24:00,12.460545,37.843464,8,7520
2025-07-09 23:34:00,12.460545,37.843464,8,7520
2025-07-09 23:44:00,12.460545,37.843464,8,7520
2025-07-09 23:54:00,12.460545,37.843464,8,7520
2025-07-10 00:04:00,12.460545,37.843464,8,7520
2025-07-09 07:44:00,12.45552,37.86909,8,930
2025-07-09 07:54:00,12.45584,37.868176,8,930
2025-07-09 08:04:00,12.456155,37.867264,8,930
2025-07-09 08:14:00,12.456488,37.866352,8,930
2025-07-09 08:24:00,12.456851,37.865433,8,930
2025-07-09 08:34:00,12.457247,37.86449,8,930
2025-07-09 08:44:00,12.457679,37.863514,8,930
2025-07-09 08:54:00,12.45809,37.862488,8,930
2025-07-09 09:04:00,12.458441,37.861412,8,930
2025-07-09 09:14:00,12.458749,37.86035,8,930
2025-07-09 09:24:00,12.45901,37.8593,8,930
2025-07-09 09:34:00,12.459266,37.85822,8,930
2025-07-09 09:44:00,12.459524,37.85711,8,930
2025-07-09 09:54:00,12.45978,37.855965,8,930
2025-07-09 10:04:00,12.46003,37.854767,8,930
2025-07-09 10:14:00,12.460262,37.853485,8,930
2025-07-09 10:24:00,12.460472,37.852116,8,930
2025-07-09 10:34:00,12.460609,37.85062,8,930
2025-07-09 10:44:00,12.460642,37.84901,8,930
2025-07-09 10:54:00,12.460731,37.847363,8,930
2025-07-09 11:04:00,12.460665,37.8457,8,930
2025-07-09 11:14:00,12.46058,37.844063,8,930
2025-07-09 11:24:00,12.46058,37.844063,8,930
2025-07-09 11:34:00,12.46058,37.844063,8,930
2025-07-09 11:44:00,12.46058,37.844063,8,930
2025-07-09 11:54:00,12.46058,37.844063,8,930
2025-07-09 12:04:00,12.46058,37.844063,8,930
2025-07-09 12:14:00,12.46058,37.844063,8,930
2025-07-09 12:24:00,12.46058,37.844063,8,930
2025-07-09 12:34:00,12.46058,37.844063,8,930
2025-07-09 12:44:00,12.46058,37.844063,8,930
2025-07-09 12:54:00,12.46058,37.844063,8,930
2025-07-09 13:04:00,12.46058,37.844063,8,930
2025-07-09 13:14:00,12.46058,37.844063,8,930
2025-07-09 13:24:00,12.46058,37.844063,8,930
2025-07-09 13:34:00,12.46058,37.844063,8,930
2025-07-09 13:44:00,12.46058,37.844063,8,930
2025-07-09 13:54:00,12.46058,37.844063,8,930
2025-07-09 14:04:00,12.46058,37.844063,8,930
2025-07-09 14:14:00,12.46058,37.844063,8,930
2025-07-09 14:24:00,12.46058,37.844063,8,930
2025-07-09 14:34:00,12.46058,37.844063,8,930
2025-07-09 14:44:00,12.46058,37.844063,8,930
2025-07-09 14:54:00,12.46058,37.844063,8,930
2025-07-09 15:04:00,12.46058,37.844063,8,930
2025-07-09 15:14:00,12.460512,37.843445,8,930
2025-07-09 15:24:00,12.460512,37.843445,8,930
2025-07-09 15:34:00,12.460512,37.843445,8,930
2025-07-09 15:44:00,12.460512,37.843445,8,930
2025-07-09 15:54:00,12.460512,37.843445,8,930
2025-07-09 16:04:00,12.460512,37.843445,8,930
2025-07-09 16:14:00,12.460512,37.843445,8,930
2025-07-09 16:24:00,12.460512,37.843445,8,930
2025-07-09 16:34:00,12.460512,37.843445,8,930
2025-07-09 16:44:00,12.460512,37.843445,8,930
2025-07-09 16:54:00,12.460512,37.843445,8,930
2025-07-09 17:04:00,12.460512,37.843445,8,930
2025-07-09 17:14:00,12.460512,37.843445,8,930
2025-07-09 17:24:00,12.460512,37.843445,8,930
2025-07-09 17:34:00,12.460512,37.843445,8,930
2025-07-09 17:44:00,12.460512,37.843445,8,930
2025-07-09 17:54:00,12.460512,37.843445,8,930
2025-07-09 18:04:00,12.460512,37.843445,8,930
2025-07-09 18:14:00,12.460512,37.843445,8,930
2025-07-09 18:24:00,12.460512,37.843445,8,930
2025-07-09 18:34:00,12.460512,37.843445,8,930
2025-07-09 18:44:00,12.460512,37.843445,8,930
2025-07-09 18:54:00,12.460512,37.843445,8,930
2025-07-09 19:04:00,12.46049,37.84341,8,930
2025-07-09 19:14:00,12.46049,37.84341,8,930
2025-07-09 19:24:00,12.46049,37.84341,8,930
2025-07-09 19:34:00,12.46049,37.84341,8,930
2025-07-09 19:44:00,12.46049,37.84341,8,930
2025-07-09 19:54:00,12.46049,37.84341,8,930
2025-07-09 20:04:00,12.46049,37.84341,8,930
2025-07-09 20:14:00,12.46049,37.84341,8,930
2025-07-09 20:24:00,12.46049,37.84341,8,930
2025-07-09 20:34:00,12.46049,37.84341,8,930
2025-07-09 20:44:00,12.46049,37.84341,8,930
2025-07-09 20:54:00,12.46049,37.84341,8,930
2025-07-09 21:04:00,12.46049,37.84341,8,930
2025-07-09 21:14:00,12.46049,37.84341,8,930
2025-07-09 21:24:00,12.46049,37.84341,8,930
2025-07-09 21:34:00,12.46049,37.84341,8,930
2025-07-09 21:44:00,12.46049,37.84341,8,930
2025-07-09 21:54:00,12.46049,37.84341,8,930
2025-07-09 22:04:00,12.46049,37.84341,8,930
2025-07-09 22:14:00,12.46049,37.84341,8,930
2025-07-09 22:24:00,12.46049,37.84341,8,930
2025-07-09 22:34:00,12.46049,37.84341,8,930
2025-07-09 22:44:00,12.46049,37.84341,8,930
2025-07-09 22:54:00,12.46049,37.84341,8,930
2025-07-09 23:04:00,12.46049,37.84341,8,930
2025-07-09 23:14:00,12.46049,37.84341,8,930
2025-07-09 23:24:00,12.46049,37.84341,8,930
2025-07-09 23:34:00,12.46049,37.84341,8,930
2025-07-09 23:44:00,12.46049,37.84341,8,930
2025-07-09 23:54:00,12.46049,37.84341,8,930
2025-07-10 00:04:00,12.46049,37.84341,8,930
2025-07-09 09:04:00,12.4523,37.87978,9,0530cnr
2025-07-09 09:14:00,12.452666,37.87888,9,0530cnr
2025-07-09 09:24:00,12.452992,37.87798,9,0530cnr
2025-07-09 09:34:00,12.453308,37.877064,9,0530cnr
2025-07-09 09:44:00,12.453665,37.87612,9,0530cnr
2025-07-09 09:54:00,12.454042,37.875153,9,0530cnr
2025-07-09 10:04:00,12.454398,37.874157,9,0530cnr
2025-07-09 10:14:00,12.454713,37.873127,9,0530cnr
2025-07-09 10:24:00,12.454949,37.87205,9,0530cnr
2025-07-09 10:34:00,12.455131,37.870956,9,0530cnr
2025-07-09 10:44:00,12.455316,37.869877,9,0530cnr
2025-07-09 10:54:00,12.455507,37.86881,9,0530cnr
2025-07-09 11:04:00,12.455704,37.867733,9,0530cnr
2025-07-09 11:14:00,12.45593,37.86666,9,0530cnr
2025-07-09 11:24:00,12.4562025,37.8656,9,0530cnr
2025-07-09 11:34:00,12.456508,37.86454,9,0530cnr
2025-07-09 11:44:00,12.456673,37.864006,9,0530cnr
2025-07-09 11:54:00,12.456673,37.864006,9,0530cnr
2025-07-09 12:04:00,12.456673,37.864006,9,0530cnr
2025-07-09 12:14:00,12.456673,37.864006,9,0530cnr
2025-07-09 12:24:00,12.456673,37.864006,9,0530cnr
2025-07-09 12:34:00,12.456673,37.864006,9,0530cnr
2025-07-09 12:44:00,12.456673,37.864006,9,0530cnr
2025-07-09 12:54:00,12.456673,37.864006,9,0530cnr
2025-07-09 13:04:00,12.456673,37.864006,9,0530cnr
2025-07-09 13:14:00,12.456673,37.864006,9,0530cnr
2025-07-09 13:24:00,12.456673,37.864006,9,0530cnr
2025-07-09 13:34:00,12.456673,37.864006,9,0530cnr
2025-07-09 13:44:00,12.456673,37.864006,9,0530cnr
2025-07-09 13:54:00,12.456673,37.864006,9,0530cnr
2025-07-09 14:04:00,12.456673,37.864006,9,0530cnr
2025-07-09 14:14:00,12.456673,37.864006,9,0530cnr
2025-07-09 14:24:00,12.456673,37.864006,9,0530cnr
2025-07-09 14:34:00,12.456673,37.864006,9,0530cnr
2025-07-09 14:44:00,12.456673,37.864006,9,0530cnr
2025-07-09 14:54:00,12.456673,37.864006,9,0530cnr
2025-07-09 15:04:00,12.456673,37.864006,9,0530cnr
2025-07-09 15:14:00,12.456673,37.864006,9,0530cnr
2025-07-09 15:24:00,12.456673,37.864006,9,0530cnr
2025-07-09 15:34:00,12.456673,37.864006,9,0530cnr
2025-07-09 15:44:00,12.456673,37.864006,9,0530cnr
2025-07-09 15:54:00,12.456673,37.864006,9,0530cnr
2025-07-09 16:04:00,12.456673,37.864006,9,0530cnr
2025-07-09 16:14:00,12.456673,37.864006,9,0530cnr
2025-07-09 16:24:00,12.456673,37.864006,9,0530cnr
2025-07-09 16:34:00,12.456673,37.864006,9,0530cnr
2025-07-09 16:44:00,12.456673,37.864006,9,0530cnr
2025-07-09 16:54:00,12.456673,37.864006,9,0530cnr
2025-07-09 17:04:00,12.456673,37.864006,9,0530cnr
2025-07-09 17:14:00,12.456673,37.864006,9,0530cnr
2025-07-09 17:24:00,12.456673,37.864006,9,0530cnr
2025-07-09 17:34:00,12.456673,37.864006,9,0530cnr
2025-07-09 17:44:00,12.456673,37.864006,9,0530cnr
2025-07-09 17:54:00,12.456673,37.864006,9,0530cnr
2025-07-09 18:04:00,12.456673,37.864006,9,0530cnr
2025-07-09 18:14:00,12.456673,37.864006,9,0530cnr
2025-07-09 18:24:00,12.456673,37.864006,9,0530cnr
2025-07-09 18:34:00,12.456673,37.864006,9,0530cnr
2025-07-09 18:44:00,12.456673,37.864006,9,0530cnr
2025-07-09 18:54:00,12.456673,37.864006,9,0530cnr
2025-07-09 19:04:00,12.456673,37.864006,9,0530cnr
2025-07-09 19:14:00,12.456673,37.864006,9,0530cnr
2025-07-09 19:24:00,12.456673,37.864006,9,0530cnr
2025-07-09 19:34:00,12.456673,37.864006,9,0530cnr
2025-07-09 19:44:00,12.456673,37.864006,9,0530cnr
2025-07-09 19:54:00,12.456673,37.864006,9,0530cnr
2025-07-09 20:04:00,12.456673,37.864006,9,0530cnr
2025-07-09 20:14:00,12.456673,37.864006,9,0530cnr
2025-07-09 20:24:00,12.456673,37.864006,9,0530cnr
2025-07-09 20:34:00,12.456673,37.864006,9,0530cnr
2025-07-09 20:44:00,12.456673,37.864006,9,0530cnr
2025-07-09 20:54:00,12.456673,37.864006,9,0530cnr
2025-07-09 21:04:00,12.456673,37.864006,9,0530cnr
2025-07-09 21:14:00,12.456673,37.864006,9,0530cnr
2025-07-09 21:24:00,12.456673,37.864006,9,0530cnr
2025-07-09 21:34:00,12.456673,37.864006,9,0530cnr
2025-07-09 21:44:00,12.456673,37.864006,9,0530cnr
2025-07-09 21:54:00,12.456673,37.864006,9,0530cnr
2025-07-09 22:04:00,12.456673,37.864006,9,0530cnr
2025-07-09 22:14:00,12.456673,37.864006,9,0530cnr
2025-07-09 22:24:00,12.456673,37.864006,9,0530cnr
2025-07-09 22:34:00,12.456673,37.864006,9,0530cnr
2025-07-09 22:44:00,12.456673,37.864006,9,0530cnr
2025-07-09 22:54:00,12.456673,37.864006,9,0530cnr
2025-07-09 23:04:00,12.456673,37.864006,9,0530cnr
2025-07-09 23:14:00,12.456673,37.864006,9,0530cnr
2025-07-09 23:24:00,12.456673,37.864006,9,0530cnr
2025-07-09 23:34:00,12.456742,37.86365,9,0530cnr
2025-07-09 23:44:00,12.456742,37.86365,9,0530cnr
2025-07-09 23:54:00,12.456742,37.86365,9,0530cnr
2025-07-10 00:04:00,12.456742,37.86365,9,0530cnr
2025-07-09 09:04:00,12.45228,37.87985,9,3500cnr
2025-07-09 09:14:00,12.452648,37.87895,9,3500cnr
2025-07-09 09:24:00,12.452977,37.878044,9,3500cnr
2025-07-09 09:34:00,12.453288,37.877132,9,3500cnr
2025-07-09 09:44:00,12.453641,37.87619,9,3500cnr
2025-07-09 09:54:00,12.454017,37.875225,9,3500cnr
2025-07-09 10:04:00,12.454374,37.874226,9,3500cnr
2025-07-09 10:14:00,12.454693,37.8732,9,3500cnr
2025-07-09 10:24:00,12.454933,37.872128,9,3500cnr
2025-07-09 10:34:00,12.455116,37.87103,9,3500cnr
2025-07-09 10:44:00,12.4553,37.86995,9,3500cnr
2025-07-09 10:54:00,12.45549,37.86888,9,3500cnr
2025-07-09 11:04:00,12.455687,37.867805,9,3500cnr
2025-07-09 11:14:00,12.455911,37.866734,9,3500cnr
2025-07-09 11:24:00,12.456181,37.865673,9,3500cnr
2025-07-09 11:34:00,12.456486,37.864613,9,3500cnr
2025-07-09 11:44:00,12.45665,37.86408,9,3500cnr
2025-07-09 11:54:00,12.45665,37.86408,9,3500cnr
2025-07-09 12:04:00,12.45665,37.86408,9,3500cnr
2025-07-09 12:14:00,12.45665,37.86408,9,3500cnr
2025-07-09 12:24:00,12.45665,37.86408,9,3500cnr
2025-07-09 12:34:00,12.45665,37.86408,9,3500cnr
2025-07-09 12:44:00,12.45665,37.86408,9,3500cnr
2025-07-09 12:54:00,12.45665,37.86408,9,3500cnr
2025-07-09 13:04:00,12.45665,37.86408,9,3500cnr
2025-07-09 13:14:00,12.45665,37.86408,9,3500cnr
2025-07-09 13:24:00,12.45665,37.86408,9,3500cnr
2025-07-09 13:34:00,12.45665,37.86408,9,3500cnr
2025-07-09 13:44:00,12.45665,37.86408,9,3500cnr
2025-07-09 13:54:00,12.45665,37.86408,9,3500cnr
2025-07-09 14:04:00,12.45665,37.86408,9,3500cnr
2025-07-09 14:14:00,12.45665,37.86408,9,3500cnr
2025-07-09 14:24:00,12.45665,37.86408,9,3500cnr
2025-07-09 14:34:00,12.45665,37.86408,9,3500cnr
2025-07-09 14:44:00,12.45665,37.86408,9,3500cnr
2025-07-09 14:54:00,12.45665,37.86408,9,3500cnr
2025-07-09 15:04:00,12.45665,37.86408,9,3500cnr
2025-07-09 15:14:00,12.45665,37.86408,9,3500cnr
2025-07-09 15:24:00,12.45665,37.86408,9,3500cnr
2025-07-09 15:34:00,12.45665,37.86408,9,3500cnr
2025-07-09 15:44:00,12.45665,37.86408,9,3500cnr
2025-07-09 15:54:00,12.45665,37.86408,9,3500cnr
2025-07-09 16:04:00,12.45665,37.86408,9,3500cnr
2025-07-09 16:14:00,12.45665,37.86408,9,3500cnr
2025-07-09 16:24:00,12.45665,37.86408,9,3500cnr
2025-07-09 16:34:00,12.45665,37.86408,9,3500cnr
2025-07-09 16:44:00,12.45665,37.86408,9,3500cnr
2025-07-09 16:54:00,12.45665,37.86408,9,3500cnr
2025-07-09 17:04:00,12.45665,37.86408,9,3500cnr
2025-07-09 17:14:00,12.45665,37.86408,9,3500cnr
2025-07-09 17:24:00,12.45665,37.86408,9,3500cnr
2025-07-09 17:34:00,12.45665,37.86408,9,3500cnr
2025-07-09 17:44:00,12.45665,37.86408,9,3500cnr
2025-07-09 17:54:00,12.45665,37.86408,9,3500cnr
2025-07-09 18:04:00,12.45665,37.86408,9,3500cnr
2025-07-09 18:14:00,12.45665,37.86408,9,3500cnr
2025-07-09 18:24:00,12.45665,37.86408,9,3500cnr
2025-07-09 18:34:00,12.456443,37.86375,9,3500cnr
2025-07-09 18:44:00,12.456443,37.86375,9,3500cnr
2025-07-09 18:54:00,12.456443,37.86375,9,3500cnr
2025-07-09 19:04:00,12.456443,37.86375,9,3500cnr
2025-07-09 19:14:00,12.456443,37.86375,9,3500cnr
2025-07-09 19:24:00,12.456443,37.86375,9,3500cnr
2025-07-09 19:34:00,12.456443,37.86375,9,3500cnr
2025-07-09 19:44:00,12.456443,37.86375,9,3500cnr
2025-07-09 19:54:00,12.456443,37.86375,9,3500cnr
2025-07-09 20:04:00,12.456443,37.86375,9,3500cnr
2025-07-09 20:14:00,12.456443,37.86375,9,3500cnr
2025-07-09 20:24:00,12.456443,37.86375,9,3500cnr
2025-07-09 20:34:00,12.456443,37.86375,9,3500cnr
2025-07-09 20:44:00,12.456443,37.86375,9,3500cnr
2025-07-09 20:54:00,12.456443,37.86375,9,3500cnr
2025-07-09 21:04:00,12.456443,37.86375,9,3500cnr
2025-07-09 21:14:00,12.456443,37.86375,9,3500cnr
2025-07-09 21:24:00,12.456443,37.86375,9,3500cnr
2025-07-09 21:34:00,12.456443,37.86375,9,3500cnr
2025-07-09 21:44:00,12.456443,37.86375,9,3500cnr
2025-07-09 21:54:00,12.456443,37.86375,9,3500cnr
2025-07-09 22:04:00,12.456443,37.86375,9,3500cnr
2025-07-09 22:14:00,12.456443,37.86375,9,3500cnr
2025-07-09 22:24:00,12.456443,37.86375,9,3500cnr
2025-07-09 22:34:00,12.456443,37.86375,9,3500cnr
2025-07-09 22:44:00,12.456443,37.86375,9,3500cnr
2025-07-09 22:54:00,12.456443,37.86375,9,3500cnr
2025-07-09 23:04:00,12.456443,37.86375,9,3500cnr
2025-07-09 23:14:00,12.456443,37.86375,9,3500cnr
2025-07-09 23:24:00,12.456443,37.86375,9,3500cnr
2025-07-09 23:34:00,12.456443,37.86375,9,3500cnr
2025-07-09 23:44:00,12.456443,37.86375,9,3500cnr
2025-07-09 23:54:00,12.456443,37.86375,9,3500cnr
2025-07-10 00:04:00,12.456443,37.86375,9,3500cnr
2025-07-09 09:14:00,12.44895,37.88977,10,1520
2025-07-09 09:24:00,12.449368,37.888897,10,1520
2025-07-09 09:34:00,12.449755,37.888023,10,1520
2025-07-09 09:44:00,12.450121,37.887123,10,1520
2025-07-09 09:54:00,12.450458,37.88622,10,1520
2025-07-09 10:04:00,12.450764,37.8853,10,1520
2025-07-09 10:14:00,12.451061,37.884354,10,1520
2025-07-09 10:24:00,12.451359,37.883385,10,1520
2025-07-09 10:34:00,12.451646,37.88242,10,1520
2025-07-09 10:44:00,12.45192,37.881462,10,1520
2025-07-09 10:54:00,12.452179,37.880493,10,1520
2025-07-09 11:04:00,12.452433,37.8795,10,1520
2025-07-09 11:14:00,12.452661,37.878517,10,1520
2025-07-09 11:24:00,12.452863,37.877556,10,1520
2025-07-09 11:34:00,12.453128,37.876583,10,1520
2025-07-09 11:44:00,12.453476,37.8756,10,1520
2025-07-09 11:54:00,12.453853,37.87461,10,1520
2025-07-09 12:04:00,12.454241,37.873604,10,1520
2025-07-09 12:14:00,12.454571,37.87256,10,1520
2025-07-09 12:24:00,12.454832,37.871475,10,1520
2025-07-09 12:34:00,12.455089,37.870403,10,1520
2025-07-09 12:44:00,12.455355,37.86935,10,1520
2025-07-09 12:54:00,12.455628,37.868298,10,1520
2025-07-09 13:04:00,12.455904,37.86724,10,1520
2025-07-09 13:14:00,12.456167,37.86618,10,1520
2025-07-09 13:24:00,12.456403,37.865105,10,1520
2025-07-09 13:34:00,12.456602,37.863987,10,1520
2025-07-09 13:44:00,12.456602,37.863987,10,1520
2025-07-09 13:54:00,12.456602,37.863987,10,1520
2025-07-09 14:04:00,12.456602,37.863987,10,1520
2025-07-09 14:14:00,12.456602,37.863987,10,1520
2025-07-09 14:24:00,12.456602,37.863987,10,1520
2025-07-09 14:34:00,12.456602,37.863987,10,1520
2025-07-09 14:44:00,12.456602,37.863987,10,1520
2025-07-09 14:54:00,12.456602,37.863987,10,1520
2025-07-09 15:04:00,12.456602,37.863987,10,1520
2025-07-09 15:14:00,12.456602,37.863987,10,1520
2025-07-09 15:24:00,12.456602,37.863987,10,1520
2025-07-09 15:34:00,12.456602,37.863987,10,1520
2025-07-09 15:44:00,12.456602,37.863987,10,1520
2025-07-09 15:54:00,12.456602,37.863987,10,1520
2025-07-09 16:04:00,12.456602,37.863987,10,1520
2025-07-09 16:14:00,12.456602,37.863987,10,1520
2025-07-09 16:24:00,12.456602,37.863987,10,1520
2025-07-09 16:34:00,12.456602,37.863987,10,1520
2025-07-09 16:44:00,12.456602,37.863987,10,1520
2025-07-09 16:54:00,12.456602,37.863987,10,1520
2025-07-09 17:04:00,12.456602,37.863987,10,1520
2025-07-09 17:14:00,12.456602,37.863987,10,1520
2025-07-09 17:24:00,12.456602,37.863987,10,1520
2025-07-09 17:34:00,12.456602,37.863987,10,1520
2025-07-09 17:44:00,12.456602,37.863987,10,1520
2025-07-09 17:54:00,12.456602,37.863987,10,1520
2025-07-09 18:04:00,12.456602,37.863987,10,1520
2025-07-09 18:14:00,12.456602,37.863987,10,1520
2025-07-09 18:24:00,12.456602,37.863987,10,1520
2025-07-09 18:34:00,12.456602,37.863987,10,1520
2025-07-09 18:44:00,12.456602,37.863987,10,1520
2025-07-09 18:54:00,12.456602,37.863987,10,1520
2025-07-09 19:04:00,12.456602,37.863987,10,1520
2025-07-09 19:14:00,12.456602,37.863987,10,1520
2025-07-09 19:24:00,12.456602,37.863987,10,1520
2025-07-09 19:34:00,12.456602,37.863987,10,1520
2025-07-09 19:44:00,12.456602,37.863987,10,1520
2025-07-09 19:54:00,12.456602,37.863987,10,1520
2025-07-09 20:04:00,12.456602,37.863987,10,1520
2025-07-09 20:14:00,12.456602,37.863987,10,1520
2025-07-09 20:24:00,12.456602,37.863987,10,1520
2025-07-09 20:34:00,12.456602,37.863987,10,1520
2025-07-09 20:44:00,12.456602,37.863987,10,1520
2025-07-09 20:54:00,12.456602,37.863987,10,1520
2025-07-09 21:04:00,12.456602,37.863987,10,1520
2025-07-09 21:14:00,12.456602,37.863987,10,1520
2025-07-09 21:24:00,12.456602,37.863987,10,1520
2025-07-09 21:34:00,12.456602,37.863987,10,1520
2025-07-09 21:44:00,12.456602,37.863987,10,1520
2025-07-09 21:54:00,12.456602,37.863987,10,1520
2025-07-09 22:04:00,12.456602,37.863987,10,1520
2025-07-09 22:14:00,12.456602,37.863987,10,1520
2025-07-09 22:24:00,12.456602,37.863987,10,1520
2025-07-09 22:34:00,12.456602,37.863987,10,1520
2025-07-09 22:44:00,12.456602,37.863987,10,1520
2025-07-09 22:54:00,12.456602,37.863987,10,1520
2025-07-09 23:04:00,12.456602,37.863987,10,1520
2025-07-09 23:14:00,12.456602,37.863987,10,1520
2025-07-09 23:24:00,12.456602,37.863987,10,1520
2025-07-09 23:34:00,12.456602,37.863987,10,1520
2025-07-09 23:44:00,12.456602,37.863987,10,1520
2025-07-09 23:54:00,12.456602,37.863987,10,1520
2025-07-10 00:04:00,12.456659,37.863758,10,1520
2025-07-09 09:14:00,12.44899,37.88976,10,540
2025-07-09 09:24:00,12.449408,37.888885,10,540
2025-07-09 09:34:00,12.449796,37.88801,10,540
2025-07-09 09:44:00,12.450164,37.887108,10,540
2025-07-09 09:54:00,12.4505,37.8862,10,540
2025-07-09 10:04:00,12.450806,37.885277,10,540
2025-07-09 10:14:00,12.451104,37.88433,10,540
2025-07-09 10:24:00,12.451403,37.883358,10,540
2025-07-09 10:34:00,12.45169,37.88239,10,540
2025-07-09 10:44:00,12.451963,37.88143,10,540
2025-07-09 10:54:00,12.452225,37.88046,10,540
2025-07-09 11:04:00,12.452479,37.879467,10,540
2025-07-09 11:14:00,12.452707,37.878483,10,540
2025-07-09 11:24:00,12.452913,37.877518,10,540
2025-07-09 11:34:00,12.453184,37.87654,10,540
2025-07-09 11:44:00,12.453535,37.875553,10,540
2025-07-09 11:54:00,12.453913,37.87456,10,540
2025-07-09 12:04:00,12.4543,37.87355,10,540
2025-07-09 12:14:00,12.454626,37.872505,10,540
2025-07-09 12:24:00,12.454887,37.87142,10,540
2025-07-09 12:34:00,12.455145,37.87035,10,540
2025-07-09 12:44:00,12.455413,37.869297,10,540
2025-07-09 12:54:00,12.455687,37.868244,10,540
2025-07-09 13:04:00,12.455963,37.867188,10,540
2025-07-09 13:14:00,12.456226,37.866123,10,540
2025-07-09 13:24:00,12.456464,37.865047,10,540
2025-07-09 13:34:00,12.456663,37.86393,10,540
2025-07-09 13:44:00,12.456663,37.86393,10,540
2025-07-09 13:54:00,12.456663,37.86393,10,540
2025-07-09 14:04:00,12.456663,37.86393,10,540
2025-07-09 14:14:00,12.456663,37.86393,10,540
2025-07-09 14:24:00,12.456663,37.86393,10,540
2025-07-09 14:34:00,12.456663,37.86393,10,540
2025-07-09 14:44:00,12.456663,37.86393,10,540
2025-07-09 14:54:00,12.456663,37.86393,10,540
2025-07-09 15:04:00,12.456663,37.86393,10,540
2025-07-09 15:14:00,12.456663,37.86393,10,540
2025-07-09 15:24:00,12.456663,37.86393,10,540
2025-07-09 15:34:00,12.456663,37.86393,10,540
2025-07-09 15:44:00,12.456663,37.86393,10,540
2025-07-09 15:54:00,12.456663,37.86393,10,540
2025-07-09 16:04:00,12.456663,37.86393,10,540
2025-07-09 16:14:00,12.456663,37.86393,10,540
2025-07-09 16:24:00,12.456663,37.86393,10,540
2025-07-09 16:34:00,12.456663,37.86393,10,540
2025-07-09 16:44:00,12.456663,37.86393,10,540
2025-07-09 16:54:00,12.456663,37.86393,10,540
2025-07-09 17:04:00,12.456663,37.86393,10,540
2025-07-09 17:14:00,12.456663,37.86393,10,540
2025-07-09 17:24:00,12.456663,37.86393,10,540
2025-07-09 17:34:00,12.456663,37.86393,10,540
2025-07-09 17:44:00,12.456663,37.86393,10,540
2025-07-09 17:54:00,12.456663,37.86393,10,540
2025-07-09 18:04:00,12.456663,37.86393,10,540
2025-07-09 18:14:00,12.456663,37.86393,10,540
2025-07-09 18:24:00,12.456663,37.86393,10,540
2025-07-09 18:34:00,12.456663,37.86393,10,540
2025-07-09 18:44:00,12.456663,37.86393,10,540
2025-07-09 18:54:00,12.456663,37.86393,10,540
2025-07-09 19:04:00,12.456663,37.86393,10,540
2025-07-09 19:14:00,12.456663,37.86393,10,540
2025-07-09 19:24:00,12.456663,37.86393,10,540
2025-07-09 19:34:00,12.456663,37.86393,10,540
2025-07-09 19:44:00,12.456663,37.86393,10,540
2025-07-09 19:54:00,12.456663,37.86393,10,540
2025-07-09 20:04:00,12.456663,37.86393,10,540
2025-07-09 20:14:00,12.456663,37.86393,10,540
2025-07-09 20:24:00,12.456663,37.86393,10,540
2025-07-09 20:34:00,12.456663,37.86393,10,540
2025-07-09 20:44:00,12.456663,37.86393,10,540
2025-07-09 20:54:00,12.456663,37.86393,10,540
2025-07-09 21:04:00,12.456663,37.86393,10,540
2025-07-09 21:14:00,12.456663,37.86393,10,540
2025-07-09 21:24:00,12.456663,37.86393,10,540
2025-07-09 21:34:00,12.456663,37.86393,10,540
2025-07-09 21:44:00,12.456663,37.86393,10,540
2025-07-09 21:54:00,12.456663,37.86393,10,540
2025-07-09 22:04:00,12.456663,37.86393,10,540
2025-07-09 22:14:00,12.456663,37.86393,10,540
2025-07-09 22:24:00,12.456663,37.86393,10,540
2025-07-09 22:34:00,12.456663,37.86393,10,540
2025-07-09 22:44:00,12.456663,37.86393,10,540
2025-07-09 22:54:00,12.456663,37.86393,10,540
2025-07-09 23:04:00,12.456663,37.86393,10,540
2025-07-09 23:14:00,12.456663,37.86393,10,540
2025-07-09 23:24:00,12.456663,37.86393,10,540
2025-07-09 23:34:00,12.456663,37.86393,10,540
2025-07-09 23:44:00,12.456663,37.86393,10,540
2025-07-09 23:54:00,12.456663,37.86393,10,540
2025-07-10 00:04:00,12.45672,37.8637,10,540
2025-07-09 09:24:00,12.449268,37.88924,10,7510
2025-07-09 09:34:00,12.449661,37.888363,10,7510
2025-07-09 09:44:00,12.450029,37.887466,10,7510
2025-07-09 09:54:00,12.450372,37.88656,10,7510
2025-07-09 10:04:00,12.450682,37.88564,10,7510
2025-07-09 10:14:00,12.450978,37.8847,10,7510
2025-07-09 10:24:00,12.451274,37.883736,10,7510
2025-07-09 10:34:00,12.451563,37.882763,10,7510
2025-07-09 10:44:00,12.451839,37.8818,10,7510
2025-07-09 10:54:00,12.452102,37.880836,10,7510
2025-07-09 11:04:00,12.452355,37.87985,10,7510
2025-07-09 11:14:00,12.452599,37.87886,10,7510
2025-07-09 11:24:00,12.452815,37.87789,10,7510
2025-07-09 11:34:00,12.453055,37.876926,10,7510
2025-07-09 11:44:00,12.4533825,37.875946,10,7510
2025-07-09 11:54:00,12.453761,37.874958,10,7510
2025-07-09 12:04:00,12.454152,37.873955,10,7510
2025-07-09 12:14:00,12.454507,37.872925,10,7510
2025-07-09 12:24:00,12.454787,37.871853,10,7510
2025-07-09 12:34:00,12.455039,37.87077,10,7510
2025-07-09 12:44:00,12.455301,37.869713,10,7510
2025-07-09 12:54:00,12.455573,37.86866,10,7510
2025-07-09 13:04:00,12.455846,37.867603,10,7510
2025-07-09 13:14:00,12.456102,37.86654,10,7510
2025-07-09 13:24:00,12.456335,37.865463,10,7510
2025-07-09 13:34:00,12.4565325,37.864353,10,7510
2025-07-09 13:44:00,12.456615,37.863785,10,7510
2025-07-09 13:54:00,12.456615,37.863785,10,7510
2025-07-09 14:04:00,12.456615,37.863785,10,7510
2025-07-09 14:14:00,12.456615,37.863785,10,7510
2025-07-09 14:24:00,12.456615,37.863785,10,7510
2025-07-09 14:34:00,12.456615,37.863785,10,7510
2025-07-09 14:44:00,12.456615,37.863785,10,7510
2025-07-09 14:54:00,12.456615,37.863785,10,7510
2025-07-09 15:04:00,12.456615,37.863785,10,7510
2025-07-09 15:14:00,12.456615,37.863785,10,7510
2025-07-09 15:24:00,12.456615,37.863785,10,7510
2025-07-09 15:34:00,12.456615,37.863785,10,7510
2025-07-09 15:44:00,12.456615,37.863785,10,7510
2025-07-09 15:54:00,12.456615,37.863785,10,7510
2025-07-09 16:04:00,12.456615,37.863785,10,7510
2025-07-09 16:14:00,12.456615,37.863785,10,7510
2025-07-09 16:24:00,12.456615,37.863785,10,7510
2025-07-09 16:34:00,12.456615,37.863785,10,7510
2025-07-09 16:44:00,12.456615,37.863785,10,7510
2025-07-09 16:54:00,12.456615,37.863785,10,7510
2025-07-09 17:04:00,12.456615,37.863785,10,7510
2025-07-09 17:14:00,12.456615,37.863785,10,7510
2025-07-09 17:24:00,12.456615,37.863785,10,7510
2025-07-09 17:34:00,12.456615,37.863785,10,7510
2025-07-09 17:44:00,12.456615,37.863785,10,7510
2025-07-09 17:54:00,12.456615,37.863785,10,7510
2025-07-09 18:04:00,12.456615,37.863785,10,7510
2025-07-09 18:14:00,12.456615,37.863785,10,7510
2025-07-09 18:24:00,12.456615,37.863785,10,7510
2025-07-09 18:34:00,12.456615,37.863785,10,7510
2025-07-09 18:44:00,12.456615,37.863785,10,7510
2025-07-09 18:54:00,12.456615,37.863785,10,7510
2025-07-09 19:04:00,12.456615,37.863785,10,7510
2025-07-09 19:14:00,12.456615,37.863785,10,7510
2025-07-09 19:24:00,12.456615,37.863785,10,7510
2025-07-09 19:34:00,12.456615,37.863785,10,7510
2025-07-09 19:44:00,12.456615,37.863785,10,7510
2025-07-09 19:54:00,12.456615,37.863785,10,7510
2025-07-09 20:04:00,12.456615,37.863785,10,7510
2025-07-09 20:14:00,12.456615,37.863785,10,7510
2025-07-09 20:24:00,12.456615,37.863785,10,7510
2025-07-09 20:34:00,12.456615,37.863785,10,7510
2025-07-09 20:44:00,12.456615,37.863785,10,7510
2025-07-09 20:54:00,12.456615,37.863785,10,7510
2025-07-09 21:04:00,12.456615,37.863785,10,7510
2025-07-09 21:14:00,12.456615,37.863785,10,7510
2025-07-09 21:24:00,12.456615,37.863785,10,7510
2025-07-09 21:34:00,12.456615,37.863785,10,7510
2025-07-09 21:44:00,12.456615,37.863785,10,7510
2025-07-09 21:54:00,12.456615,37.863785,10,7510
2025-07-09 22:04:00,12.456615,37.863785,10,7510
2025-07-09 22:14:00,12.456615,37.863785,10,7510
2025-07-09 22:24:00,12.456615,37.863785,10,7510
2025-07-09 22:34:00,12.456615,37.863785,10,7510
2025-07-09 22:44:00,12.456615,37.863785,10,7510
2025-07-09 22:54:00,12.456615,37.863785,10,7510
2025-07-09 23:04:00,12.456615,37.863785,10,7510
2025-07-09 23:14:00,12.456615,37.863785,10,7510
2025-07-09 23:24:00,12.456615,37.863785,10,7510
2025-07-09 23:34:00,12.456615,37.863785,10,7510
2025-07-09 23:44:00,12.456615,37.863785,10,7510
2025-07-09 23:54:00,12.456615,37.863785,10,7510
2025-07-10 00:04:00,12.456615,37.863785,10,7510
2025-07-09 11:54:00,12.458541,37.872276,11,2520
2025-07-09 12:04:00,12.458816,37.871147,11,2520
2025-07-09 12:14:00,12.459078,37.87002,11,2520
2025-07-09 12:24:00,12.45934,37.868908,11,2520
2025-07-09 12:34:00,12.459637,37.867817,11,2520
2025-07-09 12:44:00,12.459953,37.866745,11,2520
2025-07-09 12:54:00,12.460273,37.865673,11,2520
2025-07-09 13:04:00,12.460608,37.864586,11,2520
2025-07-09 13:14:00,12.460929,37.863476,11,2520
2025-07-09 13:24:00,12.461178,37.862347,11,2520
2025-07-09 13:34:00,12.461347,37.861206,11,2520
2025-07-09 13:44:00,12.461459,37.860046,11,2520
2025-07-09 13:54:00,12.461527,37.85887,11,2520
2025-07-09 14:04:00,12.461558,37.85767,11,2520
2025-07-09 14:14:00,12.461561,37.856426,11,2520
2025-07-09 14:24:00,12.461532,37.85514,11,2520
2025-07-09 14:34:00,12.461464,37.85383,11,2520
2025-07-09 14:44:00,12.461349,37.852505,11,2520
2025-07-09 14:54:00,12.461191,37.85118,11,2520
2025-07-09 15:04:00,12.461009,37.84986,11,2520
2025-07-09 15:14:00,12.460834,37.848614,11,2520
2025-07-09 15:24:00,12.460676,37.847454,11,2520
2025-07-09 15:34:00,12.460577,37.846394,11,2520
2025-07-09 15:44:00,12.460557,37.845432,11,2520
2025-07-09 15:54:00,12.46056,37.844566,11,2520
2025-07-09 16:04:00,12.460555,37.843792,11,2520
2025-07-09 16:14:00,12.460555,37.843792,11,2520
2025-07-09 16:24:00,12.460555,37.843792,11,2520
2025-07-09 16:34:00,12.460573,37.8435,11,2520
2025-07-09 16:44:00,12.460573,37.8435,11,2520
2025-07-09 16:54:00,12.460573,37.8435,11,2520
2025-07-09 17:04:00,12.460573,37.8435,11,2520
2025-07-09 17:14:00,12.460573,37.8435,11,2520
2025-07-09 17:24:00,12.460573,37.8435,11,2520
2025-07-09 17:34:00,12.460573,37.8435,11,2520
2025-07-09 17:44:00,12.460573,37.8435,11,2520
2025-07-09 17:54:00,12.460573,37.8435,11,2520
2025-07-09 18:04:00,12.460573,37.8435,11,2520
2025-07-09 18:14:00,12.460573,37.8435,11,2520
2025-07-09 18:24:00,12.460573,37.8435,11,2520
2025-07-09 18:34:00,12.460573,37.8435,11,2520
2025-07-09 18:44:00,12.460573,37.8435,11,2520
2025-07-09 18:54:00,12.460573,37.8435,11,2520
2025-07-09 19:04:00,12.46055,37.843468,11,2520
2025-07-09 19:14:00,12.46055,37.843468,11,2520
2025-07-09 19:24:00,12.46055,37.843468,11,2520
2025-07-09 19:34:00,12.46055,37.843468,11,2520
2025-07-09 19:44:00,12.46055,37.843468,11,2520
2025-07-09 19:54:00,12.46055,37.843468,11,2520
2025-07-09 20:04:00,12.46055,37.843468,11,2520
2025-07-09 20:14:00,12.46055,37.843468,11,2520
2025-07-09 20:24:00,12.46055,37.843468,11,2520
2025-07-09 20:34:00,12.46055,37.843468,11,2520
2025-07-09 20:44:00,12.46055,37.843468,11,2520
2025-07-09 20:54:00,12.46055,37.843468,11,2520
2025-07-09 21:04:00,12.46055,37.843468,11,2520
2025-07-09 21:14:00,12.46055,37.843468,11,2520
2025-07-09 21:24:00,12.46055,37.843468,11,2520
2025-07-09 21:34:00,12.46055,37.843468,11,2520
2025-07-09 21:44:00,12.46055,37.843468,11,2520
2025-07-09 21:54:00,12.46055,37.843468,11,2520
2025-07-09 22:04:00,12.46055,37.843468,11,2520
2025-07-09 22:14:00,12.46055,37.843468,11,2520
2025-07-09 22:24:00,12.46055,37.843468,11,2520
2025-07-09 22:34:00,12.46055,37.843468,11,2520
2025-07-09 22:44:00,12.46055,37.843468,11,2520
2025-07-09 22:54:00,12.46055,37.843468,11,2520
2025-07-09 23:04:00,12.46055,37.843468,11,2520
2025-07-09 23:14:00,12.46055,37.843468,11,2520
2025-07-09 23:24:00,12.46055,37.843468,11,2520
2025-07-09 23:34:00,12.46055,37.843468,11,2520
2025-07-09 23:44:00,12.46055,37.843468,11,2520
2025-07-09 23:54:00,12.46055,37.843468,11,2520
2025-07-10 00:04:00,12.46055,37.843468,11,2520
2025-07-09 11:54:00,12.458542,37.872086,11,6250
2025-07-09 12:04:00,12.4588175,37.870953,11,6250
2025-07-09 12:14:00,12.459079,37.869827,11,6250
2025-07-09 12:24:00,12.459348,37.868717,11,6250
2025-07-09 12:34:00,12.45965,37.867634,11,6250
2025-07-09 12:44:00,12.459969,37.866558,11,6250
2025-07-09 12:54:00,12.46029,37.86549,11,6250
2025-07-09 13:04:00,12.460629,37.864403,11,6250
2025-07-09 13:14:00,12.460949,37.86329,11,6250
2025-07-09 13:24:00,12.46119,37.86216,11,6250
2025-07-09 13:34:00,12.461355,37.86102,11,6250
2025-07-09 13:44:00,12.461466,37.859863,11,6250
2025-07-09 13:54:00,12.461534,37.858685,11,6250
2025-07-09 14:04:00,12.461565,37.85748,11,6250
2025-07-09 14:14:00,12.461567,37.85623,11,6250
2025-07-09 14:24:00,12.461536,37.854942,11,6250
2025-07-09 14:34:00,12.461468,37.853634,11,6250
2025-07-09 14:44:00,12.461347,37.852306,11,6250
2025-07-09 14:54:00,12.461186,37.850983,11,6250
2025-07-09 15:04:00,12.461002,37.849663,11,6250
2025-07-09 15:14:00,12.460827,37.848415,11,6250
2025-07-09 15:24:00,12.460672,37.847256,11,6250
2025-07-09 15:34:00,12.460581,37.846195,11,6250
2025-07-09 15:44:00,12.460562,37.845238,11,6250
2025-07-09 15:54:00,12.460557,37.84437,11,6250
2025-07-09 16:04:00,12.460544,37.8436,11,6250
2025-07-09 16:14:00,12.460544,37.8436,11,6250
2025-07-09 16:24:00,12.460544,37.8436,11,6250
2025-07-09 16:34:00,12.460544,37.8436,11,6250
2025-07-09 16:44:00,12.460544,37.8436,11,6250
2025-07-09 16:54:00,12.460544,37.8436,11,6250
2025-07-09 17:04:00,12.460544,37.8436,11,6250
2025-07-09 17:14:00,12.460544,37.8436,11,6250
2025-07-09 17:24:00,12.460544,37.8436,11,6250
2025-07-09 17:34:00,12.460544,37.8436,11,6250
2025-07-09 17:44:00,12.460553,37.84347,11,6250
2025-07-09 17:54:00,12.460553,37.84347,11,6250
2025-07-09 18:04:00,12.460553,37.84347,11,6250
2025-07-09 18:14:00,12.460553,37.84347,11,6250
2025-07-09 18:24:00,12.460553,37.84347,11,6250
2025-07-09 18:34:00,12.460553,37.84347,11,6250
2025-07-09 18:44:00,12.460553,37.84347,11,6250
2025-07-09 18:54:00,12.460553,37.84347,11,6250
2025-07-09 19:04:00,12.460553,37.84347,11,6250
2025-07-09 19:14:00,12.460553,37.84347,11,6250
2025-07-09 19:24:00,12.460553,37.84347,11,6250
2025-07-09 19:34:00,12.460553,37.84347,11,6250
2025-07-09 19:44:00,12.460553,37.84347,11,6250
2025-07-09 19:54:00,12.460553,37.84347,11,6250
2025-07-09 20:04:00,12.460553,37.84347,11,6250
2025-07-09 20:14:00,12.460553,37.84347,11,6250
2025-07-09 20:24:00,12.460553,37.84347,11,6250
2025-07-09 20:34:00,12.460553,37.84347,11,6250
2025-07-09 20:44:00,12.460553,37.84347,11,6250
2025-07-09 20:54:00,12.460553,37.84347,11,6250
2025-07-09 21:04:00,12.460553,37.84347,11,6250
2025-07-09 21:14:00,12.460553,37.84347,11,6250
2025-07-09 21:24:00,12.460553,37.84347,11,6250
2025-07-09 21:34:00,12.460553,37.84347,11,6250
2025-07-09 21:44:00,12.460553,37.84347,11,6250
2025-07-09 21:54:00,12.460553,37.84347,11,6250
2025-07-09 22:04:00,12.460553,37.84347,11,6250
2025-07-09 22:14:00,12.460553,37.84347,11,6250
2025-07-09 22:24:00,12.460553,37.84347,11,6250
2025-07-09 22:34:00,12.460553,37.84347,11,6250
2025-07-09 22:44:00,12.460553,37.84347,11,6250
2025-07-09 22:54:00,12.460553,37.84347,11,6250
2025-07-09 23:04:00,12.460553,37.84347,11,6250
2025-07-09 23:14:00,12.460553,37.84347,11,6250
2025-07-09 23:24:00,12.460553,37.84347,11,6250
2025-07-09 23:34:00,12.460553,37.84347,11,6250
2025-07-09 23:44:00,12.460553,37.84347,11,6250
2025-07-09 23:54:00,12.460553,37.84347,11,6250
2025-07-10 00:04:00,12.460553,37.84347,11,6250
2025-07-09 11:54:00,12.458561,37.872147,11,930
2025-07-09 12:04:00,12.458837,37.871014,11,930
2025-07-09 12:14:00,12.459097,37.869892,11,930
2025-07-09 12:24:00,12.459364,37.86878,11,930
2025-07-09 12:34:00,12.459665,37.867695,11,930
2025-07-09 12:44:00,12.459983,37.86662,11,930
2025-07-09 12:54:00,12.460303,37.865547,11,930
2025-07-09 13:04:00,12.460641,37.86446,11,930
2025-07-09 13:14:00,12.460961,37.86335,11,930
2025-07-09 13:24:00,12.4612055,37.86222,11,930
2025-07-09 13:34:00,12.461372,37.86108,11,930
2025-07-09 13:44:00,12.461483,37.859924,11,930
2025-07-09 13:54:00,12.461551,37.858746,11,930
2025-07-09 14:04:00,12.461583,37.85754,11,930
2025-07-09 14:14:00,12.461584,37.856297,11,930
2025-07-09 14:24:00,12.461555,37.855007,11,930
2025-07-09 14:34:00,12.461485,37.8537,11,930
2025-07-09 14:44:00,12.461367,37.85237,11,930
2025-07-09 14:54:00,12.461206,37.851044,11,930
2025-07-09 15:04:00,12.461023,37.849728,11,930
2025-07-09 15:14:00,12.460847,37.84848,11,930
2025-07-09 15:24:00,12.460691,37.84732,11,930
2025-07-09 15:34:00,12.460597,37.84626,11,930
2025-07-09 15:44:00,12.460577,37.8453,11,930
2025-07-09 15:54:00,12.460574,37.844437,11,930
2025-07-09 16:04:00,12.460563,37.843666,11,930
2025-07-09 16:14:00,12.460563,37.843666,11,930
2025-07-09 16:24:00,12.460563,37.843666,11,930
2025-07-09 16:34:00,12.460563,37.843666,11,930
2025-07-09 16:44:00,12.460563,37.843666,11,930
2025-07-09 16:54:00,12.460563,37.843666,11,930
2025-07-09 17:04:00,12.460563,37.843666,11,930
2025-07-09 17:14:00,12.460563,37.843666,11,930
2025-07-09 17:24:00,12.460563,37.843666,11,930
2025-07-09 17:34:00,12.460583,37.843502,11,930
2025-07-09 17:44:00,12.460583,37.843502,11,930
2025-07-09 17:54:00,12.460583,37.843502,11,930
2025-07-09 18:04:00,12.460583,37.843502,11,930
2025-07-09 18:14:00,12.460583,37.843502,11,930
2025-07-09 18:24:00,12.460583,37.843502,11,930
2025-07-09 18:34:00,12.460583,37.843502,11,930
2025-07-09 18:44:00,12.460583,37.843502,11,930
2025-07-09 18:54:00,12.460583,37.843502,11,930
2025-07-09 19:04:00,12.460583,37.843502,11,930
2025-07-09 19:14:00,12.460583,37.843502,11,930
2025-07-09 19:24:00,12.460583,37.843502,11,930
2025-07-09 19:34:00,12.460583,37.843502,11,930
2025-07-09 19:44:00,12.460583,37.843502,11,930
2025-07-09 19:54:00,12.460583,37.843502,11,930
2025-07-09 20:04:00,12.460583,37.843502,11,930
2025-07-09 20:14:00,12.460583,37.843502,11,930
2025-07-09 20:24:00,12.460583,37.843502,11,930
2025-07-09 20:34:00,12.460583,37.843502,11,930
2025-07-09 20:44:00,12.460583,37.843502,11,930
2025-07-09 20:54:00,12.460583,37.843502,11,930
2025-07-09 21:04:00,12.460583,37.843502,11,930
2025-07-09 21:14:00,12.460583,37.843502,11,930
2025-07-09 21:24:00,12.460583,37.843502,11,930
2025-07-09 21:34:00,12.460583,37.843502,11,930
2025-07-09 21:44:00,12.460583,37.843502,11,930
2025-07-09 21:54:00,12.460583,37.843502,11,930
2025-07-09 22:04:00,12.460583,37.843502,11,930
2025-07-09 22:14:00,12.460583,37.843502,11,930
2025-07-09 22:24:00,12.460583,37.843502,11,930
2025-07-09 22:34:00,12.460583,37.843502,11,930
2025-07-09 22:44:00,12.460583,37.843502,11,930
2025-07-09 22:54:00,12.460583,37.843502,11,930
2025-07-09 23:04:00,12.460583,37.843502,11,930
2025-07-09 23:14:00,12.460583,37.843502,11,930
2025-07-09 23:24:00,12.460583,37.843502,11,930
2025-07-09 23:34:00,12.460583,37.843502,11,930
2025-07-09 23:44:00,12.460583,37.843502,11,930
2025-07-09 23:54:00,12.460583,37.843502,11,930
2025-07-10 00:04:00,12.460583,37.843502,11,930
2025-07-09 12:04:00,12.47187,37.8744,12,0530cnr
2025-07-09 12:14:00,12.472204,37.87339,12,0530cnr
2025-07-09 12:24:00,12.472594,37.872364,12,0530cnr
2025-07-09 12:34:00,12.473027,37.87132,12,0530cnr
2025-07-09 12:44:00,12.473427,37.870285,12,0530cnr
2025-07-09 12:54:00,12.4738,37.869213,12,0530cnr
2025-07-09 13:04:00,12.47411,37.86806,12,0530cnr
2025-07-09 13:14:00,12.47432,37.86686,12,0530cnr
2025-07-09 13:24:00,12.474439,37.865635,12,0530cnr
2025-07-09 13:34:00,12.474473,37.8644,12,0530cnr
2025-07-09 13:44:00,12.474441,37.863163,12,0530cnr
2025-07-09 13:54:00,12.474358,37.861904,12,0530cnr
2025-07-09 14:04:00,12.474358,37.861904,12,0530cnr
2025-07-09 14:14:00,12.474358,37.861904,12,0530cnr
2025-07-09 14:24:00,12.474358,37.861904,12,0530cnr
2025-07-09 14:34:00,12.474358,37.861904,12,0530cnr
2025-07-09 14:44:00,12.474358,37.861904,12,0530cnr
2025-07-09 14:54:00,12.474358,37.861904,12,0530cnr
2025-07-09 15:04:00,12.474358,37.861904,12,0530cnr
2025-07-09 15:14:00,12.474358,37.861904,12,0530cnr
2025-07-09 15:24:00,12.474358,37.861904,12,0530cnr
2025-07-09 15:34:00,12.474358,37.861904,12,0530cnr
2025-07-09 15:44:00,12.474358,37.861904,12,0530cnr
2025-07-09 15:54:00,12.474358,37.861904,12,0530cnr
2025-07-09 16:04:00,12.474358,37.861904,12,0530cnr
2025-07-09 16:14:00,12.474358,37.861904,12,0530cnr
2025-07-09 16:24:00,12.474358,37.861904,12,0530cnr
2025-07-09 16:34:00,12.474358,37.861904,12,0530cnr
2025-07-09 16:44:00,12.474358,37.861904,12,0530cnr
2025-07-09 16:54:00,12.474358,37.861904,12,0530cnr
2025-07-09 17:04:00,12.474358,37.861904,12,0530cnr
2025-07-09 17:14:00,12.474358,37.861904,12,0530cnr
2025-07-09 17:24:00,12.474358,37.861904,12,0530cnr
2025-07-09 17:34:00,12.474358,37.861904,12,0530cnr
2025-07-09 17:44:00,12.474358,37.861904,12,0530cnr
2025-07-09 17:54:00,12.474358,37.861904,12,0530cnr
2025-07-09 18:04:00,12.474358,37.861904,12,0530cnr
2025-07-09 18:14:00,12.474464,37.86162,12,0530cnr
2025-07-09 18:24:00,12.474464,37.86162,12,0530cnr
2025-07-09 18:34:00,12.474464,37.86162,12,0530cnr
2025-07-09 18:44:00,12.474464,37.86162,12,0530cnr
2025-07-09 18:54:00,12.474464,37.86162,12,0530cnr
2025-07-09 19:04:00,12.474464,37.86162,12,0530cnr
2025-07-09 19:14:00,12.474464,37.86162,12,0530cnr
2025-07-09 19:24:00,12.474464,37.86162,12,0530cnr
2025-07-09 19:34:00,12.474464,37.86162,12,0530cnr
2025-07-09 19:44:00,12.474464,37.86162,12,0530cnr
2025-07-09 19:54:00,12.474464,37.86162,12,0530cnr
2025-07-09 20:04:00,12.474464,37.86162,12,0530cnr
2025-07-09 20:14:00,12.474464,37.86162,12,0530cnr
2025-07-09 20:24:00,12.474464,37.86162,12,0530cnr
2025-07-09 20:34:00,12.474464,37.86162,12,0530cnr
2025-07-09 20:44:00,12.474464,37.86162,12,0530cnr
2025-07-09 20:54:00,12.474464,37.86162,12,0530cnr
2025-07-09 21:04:00,12.474464,37.86162,12,0530cnr
2025-07-09 21:14:00,12.474464,37.86162,12,0530cnr
2025-07-09 21:24:00,12.474464,37.86162,12,0530cnr
2025-07-09 21:34:00,12.474464,37.86162,12,0530cnr
2025-07-09 21:44:00,12.474464,37.86162,12,0530cnr
2025-07-09 21:54:00,12.474464,37.86162,12,0530cnr
2025-07-09 22:04:00,12.474464,37.86162,12,0530cnr
2025-07-09 22:14:00,12.474464,37.86162,12,0530cnr
2025-07-09 22:24:00,12.474464,37.86162,12,0530cnr
2025-07-09 22:34:00,12.474464,37.86162,12,0530cnr
2025-07-09 22:44:00,12.474464,37.86162,12,0530cnr
2025-07-09 22:54:00,12.474464,37.86162,12,0530cnr
2025-07-09 23:04:00,12.474464,37.86162,12,0530cnr
2025-07-09 23:14:00,12.474464,37.86162,12,0530cnr
2025-07-09 23:24:00,12.474464,37.86162,12,0530cnr
2025-07-09 23:34:00,12.474464,37.86162,12,0530cnr
2025-07-09 23:44:00,12.474464,37.86162,12,0530cnr
2025-07-09 23:54:00,12.474464,37.86162,12,0530cnr
2025-07-10 00:04:00,12.474464,37.86162,12,0530cnr
2025-07-09 12:04:00,12.47176,37.87442,12,3500cnr
2025-07-09 12:14:00,12.472092,37.87341,12,3500cnr
2025-07-09 12:24:00,12.472482,37.872383,12,3500cnr
2025-07-09 12:34:00,12.4729185,37.87134,12,3500cnr
2025-07-09 12:44:00,12.473319,37.87031,12,3500cnr
2025-07-09 12:54:00,12.47369,37.869255,12,3500cnr
2025-07-09 13:04:00,12.474002,37.868122,12,3500cnr
2025-07-09 13:14:00,12.474214,37.866917,12,3500cnr
2025-07-09 13:24:00,12.474333,37.865696,12,3500cnr
2025-07-09 13:34:00,12.474367,37.86446,12,3500cnr
2025-07-09 13:44:00,12.474331,37.863224,12,3500cnr
2025-07-09 13:54:00,12.474246,37.86197,12,3500cnr
2025-07-09 14:04:00,12.474246,37.86197,12,3500cnr
2025-07-09 14:14:00,12.474246,37.86197,12,3500cnr
2025-07-09 14:24:00,12.474246,37.86197,12,3500cnr
2025-07-09 14:34:00,12.474246,37.86197,12,3500cnr
2025-07-09 14:44:00,12.474246,37.86197,12,3500cnr
2025-07-09 14:54:00,12.474246,37.86197,12,3500cnr
2025-07-09 15:04:00,12.474246,37.86197,12,3500cnr
2025-07-09 15:14:00,12.474246,37.86197,12,3500cnr
2025-07-09 15:24:00,12.474246,37.86197,12,3500cnr
2025-07-09 15:34:00,12.474246,37.86197,12,3500cnr
2025-07-09 15:44:00,12.474246,37.86197,12,3500cnr
2025-07-09 15:54:00,12.474246,37.86197,12,3500cnr
2025-07-09 16:04:00,12.474246,37.86197,12,3500cnr
2025-07-09 16:14:00,12.474246,37.86197,12,3500cnr
2025-07-09 16:24:00,12.474246,37.86197,12,3500cnr
2025-07-09 16:34:00,12.474246,37.86197,12,3500cnr
2025-07-09 16:44:00,12.474246,37.86197,12,3500cnr
2025-07-09 16:54:00,12.474246,37.86197,12,3500cnr
2025-07-09 17:04:00,12.474372,37.861526,12,3500cnr
2025-07-09 17:14:00,12.474372,37.861526,12,3500cnr
2025-07-09 17:24:00,12.474372,37.861526,12,3500cnr
2025-07-09 17:34:00,12.474372,37.861526,12,3500cnr
2025-07-09 17:44:00,12.474372,37.861526,12,3500cnr
2025-07-09 17:54:00,12.474372,37.861526,12,3500cnr
2025-07-09 18:04:00,12.474372,37.861526,12,3500cnr
2025-07-09 18:14:00,12.474372,37.861526,12,3500cnr
2025-07-09 18:24:00,12.474372,37.861526,12,3500cnr
2025-07-09 18:34:00,12.474372,37.861526,12,3500cnr
2025-07-09 18:44:00,12.474372,37.861526,12,3500cnr
2025-07-09 18:54:00,12.474372,37.861526,12,3500cnr
2025-07-09 19:04:00,12.474372,37.861526,12,3500cnr
2025-07-09 19:14:00,12.474372,37.861526,12,3500cnr
2025-07-09 19:24:00,12.474372,37.861526,12,3500cnr
2025-07-09 19:34:00,12.474372,37.861526,12,3500cnr
2025-07-09 19:44:00,12.474372,37.861526,12,3500cnr
2025-07-09 19:54:00,12.474372,37.861526,12,3500cnr
2025-07-09 20:04:00,12.474372,37.861526,12,3500cnr
2025-07-09 20:14:00,12.474372,37.861526,12,3500cnr
2025-07-09 20:24:00,12.474372,37.861526,12,3500cnr
2025-07-09 20:34:00,12.474372,37.861526,12,3500cnr
2025-07-09 20:44:00,12.474372,37.861526,12,3500cnr
2025-07-09 20:54:00,12.474372,37.861526,12,3500cnr
2025-07-09 21:04:00,12.474372,37.861526,12,3500cnr
2025-07-09 21:14:00,12.474372,37.861526,12,3500cnr
2025-07-09 21:24:00,12.474372,37.861526,12,3500cnr
2025-07-09 21:34:00,12.474372,37.861526,12,3500cnr
2025-07-09 21:44:00,12.474372,37.861526,12,3500cnr
2025-07-09 21:54:00,12.474372,37.861526,12,3500cnr
2025-07-09 22:04:00,12.474372,37.861526,12,3500cnr
2025-07-09 22:14:00,12.474372,37.861526,12,3500cnr
2025-07-09 22:24:00,12.474372,37.861526,12,3500cnr
2025-07-09 22:34:00,12.474372,37.861526,12,3500cnr
2025-07-09 22:44:00,12.474372,37.861526,12,3500cnr
2025-07-09 22:54:00,12.474372,37.861526,12,3500cnr
2025-07-09 23:04:00,12.474372,37.861526,12,3500cnr
2025-07-09 23:14:00,12.474372,37.861526,12,3500cnr
2025-07-09 23:24:00,12.474372,37.861526,12,3500cnr
2025-07-09 23:34:00,12.474372,37.861526,12,3500cnr
2025-07-09 23:44:00,12.474372,37.861526,12,3500cnr
2025-07-09 23:54:00,12.474372,37.861526,12,3500cnr
2025-07-10 00:04:00,12.474372,37.861526,12,3500cnr
2025-07-09 12:04:00,12.47178,37.87426,12,3680cnr
2025-07-09 12:14:00,12.472117,37.87325,12,3680cnr
2025-07-09 12:24:00,12.47252,37.87222,12,3680cnr
2025-07-09 12:34:00,12.472958,37.87118,12,3680cnr
2025-07-09 12:44:00,12.473352,37.87015,12,3680cnr
2025-07-09 12:54:00,12.473719,37.86909,12,3680cnr
2025-07-09 13:04:00,12.474019,37.86795,12,3680cnr
2025-07-09 13:14:00,12.474223,37.866745,12,3680cnr
2025-07-09 13:24:00,12.474335,37.86552,12,3680cnr
2025-07-09 13:34:00,12.474363,37.86429,12,3680cnr
2025-07-09 13:44:00,12.474323,37.863052,12,3680cnr
2025-07-09 13:54:00,12.474236,37.861797,12,3680cnr
2025-07-09 14:04:00,12.474236,37.861797,12,3680cnr
2025-07-09 14:14:00,12.474236,37.861797,12,3680cnr
2025-07-09 14:24:00,12.474236,37.861797,12,3680cnr
2025-07-09 14:34:00,12.474236,37.861797,12,3680cnr
2025-07-09 14:44:00,12.474236,37.861797,12,3680cnr
2025-07-09 14:54:00,12.474236,37.861797,12,3680cnr
2025-07-09 15:04:00,12.474236,37.861797,12,3680cnr
2025-07-09 15:14:00,12.474236,37.861797,12,3680cnr
2025-07-09 15:24:00,12.474236,37.861797,12,3680cnr
2025-07-09 15:34:00,12.474236,37.861797,12,3680cnr
2025-07-09 15:44:00,12.474236,37.861797,12,3680cnr
2025-07-09 15:54:00,12.474236,37.861797,12,3680cnr
2025-07-09 16:04:00,12.474236,37.861797,12,3680cnr
2025-07-09 16:14:00,12.474236,37.861797,12,3680cnr
2025-07-09 16:24:00,12.474236,37.861797,12,3680cnr
2025-07-09 16:34:00,12.474236,37.861797,12,3680cnr
2025-07-09 16:44:00,12.474236,37.861797,12,3680cnr
2025-07-09 16:54:00,12.474236,37.861797,12,3680cnr
2025-07-09 17:04:00,12.474236,37.861797,12,3680cnr
2025-07-09 17:14:00,12.474236,37.861797,12,3680cnr
2025-07-09 17:24:00,12.474236,37.861797,12,3680cnr
2025-07-09 17:34:00,12.474236,37.861797,12,3680cnr
2025-07-09 17:44:00,12.474236,37.861797,12,3680cnr
2025-07-09 17:54:00,12.474236,37.861797,12,3680cnr
2025-07-09 18:04:00,12.474236,37.861797,12,3680cnr
2025-07-09 18:14:00,12.474344,37.861504,12,3680cnr
2025-07-09 18:24:00,12.474344,37.861504,12,3680cnr
2025-07-09 18:34:00,12.474344,37.861504,12,3680cnr
2025-07-09 18:44:00,12.474344,37.861504,12,3680cnr
2025-07-09 18:54:00,12.474344,37.861504,12,3680cnr
2025-07-09 19:04:00,12.474344,37.861504,12,3680cnr
2025-07-09 19:14:00,12.474344,37.861504,12,3680cnr
2025-07-09 19:24:00,12.474344,37.861504,12,3680cnr
2025-07-09 19:34:00,12.474344,37.861504,12,3680cnr
2025-07-09 19:44:00,12.474344,37.861504,12,3680cnr
2025-07-09 19:54:00,12.474344,37.861504,12,3680cnr
2025-07-09 20:04:00,12.474344,37.861504,12,3680cnr
2025-07-09 20:14:00,12.474344,37.861504,12,3680cnr
2025-07-09 20:24:00,12.474344,37.861504,12,3680cnr
2025-07-09 20:34:00,12.474344,37.861504,12,3680cnr
2025-07-09 20:44:00,12.474344,37.861504,12,3680cnr
2025-07-09 20:54:00,12.474344,37.861504,12,3680cnr
2025-07-09 21:04:00,12.474344,37.861504,12,3680cnr
2025-07-09 21:14:00,12.474344,37.861504,12,3680cnr
2025-07-09 21:24:00,12.474344,37.861504,12,3680cnr
2025-07-09 21:34:00,12.474344,37.861504,12,3680cnr
2025-07-09 21:44:00,12.474344,37.861504,12,3680cnr
2025-07-09 21:54:00,12.474344,37.861504,12,3680cnr
2025-07-09 22:04:00,12.474344,37.861504,12,3680cnr
2025-07-09 22:14:00,12.474344,37.861504,12,3680cnr
2025-07-09 22:24:00,12.474344,37.861504,12,3680cnr
2025-07-09 22:34:00,12.474344,37.861504,12,3680cnr
2025-07-09 22:44:00,12.474344,37.861504,12,3680cnr
2025-07-09 22:54:00,12.474344,37.861504,12,3680cnr
2025-07-09 23:04:00,12.474344,37.861504,12,3680cnr
2025-07-09 23:14:00,12.474344,37.861504,12,3680cnr
2025-07-09 23:24:00,12.474344,37.861504,12,3680cnr
2025-07-09 23:34:00,12.474344,37.861504,12,3680cnr
2025-07-09 23:44:00,12.474344,37.861504,12,3680cnr
2025-07-09 23:54:00,12.474344,37.861504,12,3680cnr
2025-07-10 00:04:00,12.474344,37.861504,12,3680cnr
