time,lon,lat,deploy,drifter_id
2025-07-08 07:14:00,12.45476,37.87429,1,0530cnr
2025-07-08 07:24:00,12.455134,37.874447,1,0530cnr
2025-07-08 07:34:00,12.455515,37.874607,1,0530cnr
2025-07-08 07:44:00,12.455896,37.874786,1,0530cnr
2025-07-08 07:54:00,12.45628,37.875,1,0530cnr
2025-07-08 08:04:00,12.456663,37.87526,1,0530cnr
2025-07-08 08:14:00,12.457044,37.87554,1,0530cnr
2025-07-08 08:24:00,12.457421,37.87583,1,0530cnr
2025-07-08 08:34:00,12.457797,37.876125,1,0530cnr
2025-07-08 08:44:00,12.458181,37.876423,1,0530cnr
2025-07-08 08:54:00,12.458589,37.876724,1,0530cnr
2025-07-08 09:04:00,12.45903,37.877033,1,0530cnr
2025-07-08 09:14:00,12.459532,37.877342,1,0530cnr
2025-07-08 09:24:00,12.460109,37.877644,1,0530cnr
2025-07-08 09:34:00,12.460428,37.877796,1,0530cnr
2025-07-08 09:44:00,12.460428,37.877796,1,0530cnr
2025-07-08 09:54:00,12.460428,37.877796,1,0530cnr
2025-07-08 10:04:00,12.460428,37.877796,1,0530cnr
2025-07-08 10:14:00,12.460831,37.87792,1,0530cnr
2025-07-08 10:24:00,12.460831,37.87792,1,0530cnr
2025-07-08 10:34:00,12.460831,37.87792,1,0530cnr
2025-07-08 10:44:00,12.460831,37.87792,1,0530cnr
2025-07-08 10:54:00,12.460831,37.87792,1,0530cnr
2025-07-08 11:04:00,12.460831,37.87792,1,0530cnr
2025-07-08 11:14:00,12.460831,37.87792,1,0530cnr
2025-07-08 11:24:00,12.460831,37.87792,1,0530cnr
2025-07-08 11:34:00,12.461171,37.877907,1,0530cnr
2025-07-08 11:44:00,12.461817,37.87787,1,0530cnr
2025-07-08 11:54:00,12.462409,37.877808,1,0530cnr
2025-07-08 12:04:00,12.462927,37.877705,1,0530cnr
2025-07-08 12:14:00,12.463428,37.877575,1,0530cnr
2025-07-08 12:24:00,12.463938,37.87743,1,0530cnr
2025-07-08 12:34:00,12.464472,37.87727,1,0530cnr
2025-07-08 12:44:00,12.465076,37.877094,1,0530cnr
2025-07-08 12:54:00,12.465748,37.876904,1,0530cnr
2025-07-08 13:04:00,12.466465,37.876698,1,0530cnr
2025-07-08 13:14:00,12.467185,37.876396,1,0530cnr
2025-07-08 13:24:00,12.4679,37.876,1,0530cnr
2025-07-08 13:34:00,12.468621,37.875515,1,0530cnr
2025-07-08 13:44:00,12.469343,37.87494,1,0530cnr
2025-07-08 13:54:00,12.470061,37.874287,1,0530cnr
2025-07-08 14:04:00,12.470792,37.87358,1,0530cnr
2025-07-08 14:14:00,12.471663,37.87287,1,0530cnr
2025-07-08 14:24:00,12.472646,37.872154,1,0530cnr
2025-07-08 14:34:00,12.47369,37.87142,1,0530cnr
2025-07-08 14:44:00,12.474739,37.870644,1,0530cnr
2025-07-08 14:54:00,12.475782,37.86989,1,0530cnr
2025-07-08 15:04:00,12.476793,37.869213,1,0530cnr
2025-07-08 15:14:00,12.477819,37.868587,1,0530cnr
2025-07-08 15:24:00,12.478846,37.868023,1,0530cnr
2025-07-08 15:34:00,12.47935,37.86772,1,0530cnr
2025-07-08 15:44:00,12.47935,37.86772,1,0530cnr
2025-07-08 15:54:00,12.47935,37.86772,1,0530cnr
2025-07-08 16:04:00,12.47935,37.86772,1,0530cnr
2025-07-08 16:14:00,12.47935,37.86772,1,0530cnr
2025-07-08 16:24:00,12.47935,37.86772,1,0530cnr
2025-07-08 16:34:00,12.47935,37.86772,1,0530cnr
2025-07-08 16:44:00,12.47935,37.86772,1,0530cnr
2025-07-08 16:54:00,12.47935,37.86772,1,0530cnr
2025-07-08 17:04:00,12.47935,37.86772,1,0530cnr
2025-07-08 17:14:00,12.47935,37.86772,1,0530cnr
2025-07-08 17:24:00,12.47935,37.86772,1,0530cnr
2025-07-08 17:34:00,12.47935,37.86772,1,0530cnr
2025-07-08 17:44:00,12.47935,37.86772,1,0530cnr
2025-07-08 17:54:00,12.47935,37.86772,1,0530cnr
2025-07-08 18:04:00,12.47935,37.86772,1,0530cnr
2025-07-08 18:14:00,12.47935,37.86772,1,0530cnr
2025-07-08 18:24:00,12.47935,37.86772,1,0530cnr
2025-07-08 18:34:00,12.47935,37.86772,1,0530cnr
2025-07-08 18:44:00,12.47935,37.86772,1,0530cnr
2025-07-08 18:54:00,12.47935,37.86772,1,0530cnr
2025-07-08 19:04:00,12.47935,37.86772,1,0530cnr
2025-07-08 19:14:00,12.47935,37.86772,1,0530cnr
2025-07-08 19:24:00,12.47935,37.86772,1,0530cnr
2025-07-08 19:34:00,12.47935,37.86772,1,0530cnr
2025-07-08 19:44:00,12.47935,37.86772,1,0530cnr
2025-07-08 19:54:00,12.47935,37.86772,1,0530cnr
2025-07-08 20:04:00,12.47935,37.86772,1,0530cnr
2025-07-08 20:14:00,12.47935,37.86772,1,0530cnr
2025-07-08 20:24:00,12.47935,37.86772,1,0530cnr
2025-07-08 20:34:00,12.47935,37.86772,1,0530cnr
2025-07-08 20:44:00,12.47935,37.86772,1,0530cnr
2025-07-08 20:54:00,12.47935,37.86772,1,0530cnr
2025-07-08 21:04:00,12.47935,37.86772,1,0530cnr
2025-07-08 21:14:00,12.47935,37.86772,1,0530cnr
2025-07-08 21:24:00,12.47935,37.86772,1,0530cnr
2025-07-08 21:34:00,12.47935,37.86772,1,0530cnr
2025-07-08 21:44:00,12.47935,37.86772,1,0530cnr
2025-07-08 21:54:00,12.47935,37.86772,1,0530cnr
2025-07-08 22:04:00,12.47935,37.86772,1,0530cnr
2025-07-08 22:14:00,12.47935,37.86772,1,0530cnr
2025-07-08 22:24:00,12.47935,37.86772,1,0530cnr
2025-07-08 22:34:00,12.47935,37.86772,1,0530cnr
2025-07-08 22:44:00,12.47935,37.86772,1,0530cnr
2025-07-08 22:54:00,12.47935,37.86772,1,0530cnr
2025-07-08 23:04:00,12.47935,37.86772,1,0530cnr
2025-07-08 23:14:00,12.47935,37.86772,1,0530cnr
2025-07-08 23:24:00,12.47935,37.86772,1,0530cnr
2025-07-08 23:34:00,12.47935,37.86772,1,0530cnr
2025-07-08 23:44:00,12.47935,37.86772,1,0530cnr
2025-07-08 23:54:00,12.47935,37.86772,1,0530cnr
2025-07-09 00:04:00,12.47935,37.86772,1,0530cnr
2025-07-09 00:14:00,12.47935,37.86772,1,0530cnr
2025-07-09 00:24:00,12.47935,37.86772,1,0530cnr
2025-07-09 00:34:00,12.47935,37.86772,1,0530cnr
2025-07-09 00:44:00,12.47935,37.86772,1,0530cnr
2025-07-09 00:54:00,12.47935,37.86772,1,0530cnr
2025-07-09 01:04:00,12.47935,37.86772,1,0530cnr
2025-07-09 01:14:00,12.47935,37.86772,1,0530cnr
2025-07-09 01:24:00,12.47935,37.86772,1,0530cnr
2025-07-09 01:34:00,12.47935,37.86772,1,0530cnr
2025-07-09 01:44:00,12.47935,37.86772,1,0530cnr
2025-07-09 01:54:00,12.47935,37.86772,1,0530cnr
2025-07-09 02:04:00,12.47935,37.86772,1,0530cnr
2025-07-09 02:14:00,12.47935,37.86772,1,0530cnr
2025-07-09 02:24:00,12.47935,37.86772,1,0530cnr
2025-07-09 02:34:00,12.47935,37.86772,1,0530cnr
2025-07-09 02:44:00,12.47935,37.86772,1,0530cnr
2025-07-09 02:54:00,12.47935,37.86772,1,0530cnr
2025-07-09 03:04:00,12.47935,37.86772,1,0530cnr
2025-07-09 03:14:00,12.47935,37.86772,1,0530cnr
2025-07-09 03:24:00,12.47935,37.86772,1,0530cnr
2025-07-09 03:34:00,12.47935,37.86772,1,0530cnr
2025-07-09 03:44:00,12.47935,37.86772,1,0530cnr
2025-07-09 03:54:00,12.47935,37.86772,1,0530cnr
2025-07-09 04:04:00,12.47935,37.86772,1,0530cnr
2025-07-09 04:14:00,12.47935,37.86772,1,0530cnr
2025-07-09 04:24:00,12.47935,37.86772,1,0530cnr
2025-07-09 04:34:00,12.47935,37.86772,1,0530cnr
2025-07-09 04:44:00,12.47935,37.86772,1,0530cnr
2025-07-09 04:54:00,12.47935,37.86772,1,0530cnr
2025-07-09 05:04:00,12.47935,37.86772,1,0530cnr
2025-07-09 05:14:00,12.47935,37.86772,1,0530cnr
2025-07-09 05:24:00,12.47935,37.86772,1,0530cnr
2025-07-09 05:34:00,12.47935,37.86772,1,0530cnr
2025-07-09 05:44:00,12.47935,37.86772,1,0530cnr
2025-07-09 05:54:00,12.47935,37.86772,1,0530cnr
2025-07-09 06:04:00,12.47935,37.86772,1,0530cnr
2025-07-09 06:14:00,12.47935,37.86772,1,0530cnr
2025-07-09 06:24:00,12.47935,37.86772,1,0530cnr
2025-07-09 06:34:00,12.47935,37.86772,1,0530cnr
2025-07-09 06:44:00,12.47935,37.86772,1,0530cnr
2025-07-09 06:54:00,12.47935,37.86772,1,0530cnr
2025-07-09 07:04:00,12.47935,37.86772,1,0530cnr
2025-07-09 07:14:00,12.47935,37.86772,1,0530cnr
2025-07-09 07:24:00,12.47935,37.86772,1,0530cnr
2025-07-09 07:34:00,12.47935,37.86772,1,0530cnr
2025-07-09 07:44:00,12.47935,37.86772,1,0530cnr
2025-07-09 07:54:00,12.47935,37.86772,1,0530cnr
2025-07-09 08:04:00,12.47935,37.86772,1,0530cnr
2025-07-09 08:14:00,12.47935,37.86772,1,0530cnr
2025-07-09 08:24:00,12.47935,37.86772,1,0530cnr
2025-07-09 08:34:00,12.47935,37.86772,1,0530cnr
2025-07-09 08:44:00,12.47935,37.86772,1,0530cnr
2025-07-09 08:54:00,12.47935,37.86772,1,0530cnr
2025-07-09 09:04:00,12.47935,37.86772,1,0530cnr
2025-07-09 09:14:00,12.47935,37.86772,1,0530cnr
2025-07-09 09:24:00,12.47935,37.86772,1,0530cnr
2025-07-09 09:34:00,12.47935,37.86772,1,0530cnr
2025-07-09 09:44:00,12.47935,37.86772,1,0530cnr
2025-07-09 09:54:00,12.47935,37.86772,1,0530cnr
2025-07-09 10:04:00,12.47935,37.86772,1,0530cnr
2025-07-09 10:14:00,12.47935,37.86772,1,0530cnr
2025-07-09 10:24:00,12.47935,37.86772,1,0530cnr
2025-07-09 10:34:00,12.47935,37.86772,1,0530cnr
2025-07-09 10:44:00,12.47935,37.86772,1,0530cnr
2025-07-09 10:54:00,12.47935,37.86772,1,0530cnr
2025-07-09 11:04:00,12.47935,37.86772,1,0530cnr
2025-07-09 11:14:00,12.47935,37.86772,1,0530cnr
2025-07-09 11:24:00,12.47935,37.86772,1,0530cnr
2025-07-09 11:34:00,12.47935,37.86772,1,0530cnr
2025-07-09 11:44:00,12.47935,37.86772,1,0530cnr
2025-07-09 11:54:00,12.47935,37.86772,1,0530cnr
2025-07-09 12:04:00,12.47935,37.86772,1,0530cnr
2025-07-09 12:14:00,12.47935,37.86772,1,0530cnr
2025-07-09 12:24:00,12.47935,37.86772,1,0530cnr
2025-07-09 12:34:00,12.47935,37.86772,1,0530cnr
2025-07-09 12:44:00,12.47935,37.86772,1,0530cnr
2025-07-09 12:54:00,12.47935,37.86772,1,0530cnr
2025-07-09 13:04:00,12.47935,37.86772,1,0530cnr
2025-07-09 13:14:00,12.47935,37.86772,1,0530cnr
2025-07-09 13:24:00,12.47935,37.86772,1,0530cnr
2025-07-09 13:34:00,12.47935,37.86772,1,0530cnr
2025-07-09 13:44:00,12.47935,37.86772,1,0530cnr
2025-07-09 13:54:00,12.47935,37.86772,1,0530cnr
2025-07-09 14:04:00,12.47935,37.86772,1,0530cnr
2025-07-09 14:14:00,12.47935,37.86772,1,0530cnr
2025-07-09 14:24:00,12.47935,37.86772,1,0530cnr
2025-07-09 14:34:00,12.47935,37.86772,1,0530cnr
2025-07-09 14:44:00,12.47935,37.86772,1,0530cnr
2025-07-09 14:54:00,12.47935,37.86772,1,0530cnr
2025-07-09 15:04:00,12.47935,37.86772,1,0530cnr
2025-07-09 15:14:00,12.47935,37.86772,1,0530cnr
2025-07-09 15:24:00,12.47935,37.86772,1,0530cnr
2025-07-09 15:34:00,12.47935,37.86772,1,0530cnr
2025-07-09 15:44:00,12.47935,37.86772,1,0530cnr
2025-07-09 15:54:00,12.47935,37.86772,1,0530cnr
2025-07-09 16:04:00,12.47935,37.86772,1,0530cnr
2025-07-09 16:14:00,12.47935,37.86772,1,0530cnr
2025-07-09 16:24:00,12.47935,37.86772,1,0530cnr
2025-07-09 16:34:00,12.47935,37.86772,1,0530cnr
2025-07-09 16:44:00,12.47935,37.86772,1,0530cnr
2025-07-09 16:54:00,12.47935,37.86772,1,0530cnr
2025-07-09 17:04:00,12.47935,37.86772,1,0530cnr
2025-07-09 17:14:00,12.47935,37.86772,1,0530cnr
2025-07-09 17:24:00,12.47935,37.86772,1,0530cnr
2025-07-09 17:34:00,12.47935,37.86772,1,0530cnr
2025-07-09 17:44:00,12.47935,37.86772,1,0530cnr
2025-07-09 17:54:00,12.47935,37.86772,1,0530cnr
2025-07-09 18:04:00,12.47935,37.86772,1,0530cnr
2025-07-09 18:14:00,12.47935,37.86772,1,0530cnr
2025-07-09 18:24:00,12.47935,37.86772,1,0530cnr
2025-07-09 18:34:00,12.47935,37.86772,1,0530cnr
2025-07-09 18:44:00,12.47919,37.86716,1,0530cnr
2025-07-09 18:54:00,12.47919,37.86716,1,0530cnr
2025-07-09 19:04:00,12.47919,37.86716,1,0530cnr
2025-07-09 19:14:00,12.47919,37.86716,1,0530cnr
2025-07-09 19:24:00,12.47919,37.86716,1,0530cnr
2025-07-09 19:34:00,12.47919,37.86716,1,0530cnr
2025-07-09 19:44:00,12.47919,37.86716,1,0530cnr
2025-07-09 19:54:00,12.47919,37.86716,1,0530cnr
2025-07-09 20:04:00,12.47919,37.86716,1,0530cnr
2025-07-09 20:14:00,12.47919,37.86716,1,0530cnr
2025-07-09 20:24:00,12.47919,37.86716,1,0530cnr
2025-07-09 20:34:00,12.47919,37.86716,1,0530cnr
2025-07-09 20:44:00,12.47919,37.86716,1,0530cnr
2025-07-09 20:54:00,12.47919,37.86716,1,0530cnr
2025-07-09 21:04:00,12.47919,37.86716,1,0530cnr
2025-07-09 21:14:00,12.47919,37.86716,1,0530cnr
2025-07-09 21:24:00,12.47919,37.86716,1,0530cnr
2025-07-09 21:34:00,12.47919,37.86716,1,0530cnr
2025-07-09 21:44:00,12.47919,37.86716,1,0530cnr
2025-07-09 21:54:00,12.47919,37.86716,1,0530cnr
2025-07-09 22:04:00,12.47919,37.86716,1,0530cnr
2025-07-09 22:14:00,12.47919,37.86716,1,0530cnr
2025-07-09 22:24:00,12.47919,37.86716,1,0530cnr
2025-07-09 22:34:00,12.47919,37.86716,1,0530cnr
2025-07-09 22:44:00,12.47919,37.86716,1,0530cnr
2025-07-09 22:54:00,12.47919,37.86716,1,0530cnr
2025-07-09 23:04:00,12.47919,37.86716,1,0530cnr
2025-07-09 23:14:00,12.47919,37.86716,1,0530cnr
2025-07-09 23:24:00,12.47919,37.86716,1,0530cnr
2025-07-09 23:34:00,12.47919,37.86716,1,0530cnr
2025-07-09 23:44:00,12.47919,37.86716,1,0530cnr
2025-07-09 23:54:00,12.47919,37.86716,1,0530cnr
2025-07-10 00:04:00,12.47919,37.86716,1,0530cnr
2025-07-08 07:14:00,12.45468,37.87425,1,3500cnr
2025-07-08 07:24:00,12.45506,37.874405,1,3500cnr
2025-07-08 07:34:00,12.455445,37.874565,1,3500cnr
2025-07-08 07:44:00,12.45583,37.87475,1,3500cnr
2025-07-08 07:54:00,12.456216,37.874958,1,3500cnr
2025-07-08 08:04:00,12.456602,37.875214,1,3500cnr
2025-07-08 08:14:00,12.456985,37.87549,1,3500cnr
2025-07-08 08:24:00,12.457364,37.87577,1,3500cnr
2025-07-08 08:34:00,12.457742,37.876064,1,3500cnr
2025-07-08 08:44:00,12.458123,37.87636,1,3500cnr
2025-07-08 08:54:00,12.458527,37.87666,1,3500cnr
2025-07-08 09:04:00,12.458962,37.87696,1,3500cnr
2025-07-08 09:14:00,12.4594555,37.877266,1,3500cnr
2025-07-08 09:24:00,12.460023,37.87757,1,3500cnr
2025-07-08 09:34:00,12.4606695,37.87787,1,3500cnr
2025-07-08 09:44:00,12.4606695,37.87787,1,3500cnr
2025-07-08 09:54:00,12.4606695,37.87787,1,3500cnr
2025-07-08 10:04:00,12.4606695,37.87787,1,3500cnr
2025-07-08 10:14:00,12.4606695,37.87787,1,3500cnr
2025-07-08 10:24:00,12.4606695,37.87787,1,3500cnr
2025-07-08 10:34:00,12.4606695,37.87787,1,3500cnr
2025-07-08 10:44:00,12.4606695,37.87787,1,3500cnr
2025-07-08 10:54:00,12.4606695,37.87787,1,3500cnr
2025-07-08 11:04:00,12.4606695,37.87787,1,3500cnr
2025-07-08 11:14:00,12.4606695,37.87787,1,3500cnr
2025-07-08 11:24:00,12.46104,37.877903,1,3500cnr
2025-07-08 11:34:00,12.461736,37.877914,1,3500cnr
2025-07-08 11:44:00,12.462387,37.8779,1,3500cnr
2025-07-08 11:54:00,12.462963,37.87785,1,3500cnr
2025-07-08 12:04:00,12.463464,37.877754,1,3500cnr
2025-07-08 12:14:00,12.463949,37.877632,1,3500cnr
2025-07-08 12:24:00,12.4644575,37.877495,1,3500cnr
2025-07-08 12:34:00,12.465043,37.877346,1,3500cnr
2025-07-08 12:44:00,12.465705,37.87719,1,3500cnr
2025-07-08 12:54:00,12.466428,37.877018,1,3500cnr
2025-07-08 13:04:00,12.467148,37.876785,1,3500cnr
2025-07-08 13:14:00,12.467859,37.87646,1,3500cnr
2025-07-08 13:24:00,12.468574,37.876034,1,3500cnr
2025-07-08 13:34:00,12.469302,37.875507,1,3500cnr
2025-07-08 13:44:00,12.470031,37.874897,1,3500cnr
2025-07-08 13:54:00,12.470756,37.874226,1,3500cnr
2025-07-08 14:04:00,12.471501,37.873528,1,3500cnr
2025-07-08 14:14:00,12.47237,37.872818,1,3500cnr
2025-07-08 14:24:00,12.473337,37.872097,1,3500cnr
2025-07-08 14:34:00,12.474364,37.871357,1,3500cnr
2025-07-08 14:44:00,12.4754,37.870605,1,3500cnr
2025-07-08 14:54:00,12.476414,37.86991,1,3500cnr
2025-07-08 15:04:00,12.477438,37.869267,1,3500cnr
2025-07-08 15:14:00,12.4784775,37.868675,1,3500cnr
2025-07-08 15:24:00,12.479502,37.86807,1,3500cnr
2025-07-08 15:34:00,12.479502,37.86807,1,3500cnr
2025-07-08 15:44:00,12.479502,37.86807,1,3500cnr
2025-07-08 15:54:00,12.479502,37.86807,1,3500cnr
2025-07-08 16:04:00,12.479502,37.86807,1,3500cnr
2025-07-08 16:14:00,12.479502,37.86807,1,3500cnr
2025-07-08 16:24:00,12.479502,37.86807,1,3500cnr
2025-07-08 16:34:00,12.479502,37.86807,1,3500cnr
2025-07-08 16:44:00,12.479502,37.86807,1,3500cnr
2025-07-08 16:54:00,12.479502,37.86807,1,3500cnr
2025-07-08 17:04:00,12.479502,37.86807,1,3500cnr
2025-07-08 17:14:00,12.479502,37.86807,1,3500cnr
2025-07-08 17:24:00,12.479502,37.86807,1,3500cnr
2025-07-08 17:34:00,12.479502,37.86807,1,3500cnr
2025-07-08 17:44:00,12.479502,37.86807,1,3500cnr
2025-07-08 17:54:00,12.479502,37.86807,1,3500cnr
2025-07-08 18:04:00,12.479502,37.86807,1,3500cnr
2025-07-08 18:14:00,12.479502,37.86807,1,3500cnr
2025-07-08 18:24:00,12.479502,37.86807,1,3500cnr
2025-07-08 18:34:00,12.479502,37.86807,1,3500cnr
2025-07-08 18:44:00,12.479502,37.86807,1,3500cnr
2025-07-08 18:54:00,12.479502,37.86807,1,3500cnr
2025-07-08 19:04:00,12.479502,37.86807,1,3500cnr
2025-07-08 19:14:00,12.479502,37.86807,1,3500cnr
2025-07-08 19:24:00,12.479502,37.86807,1,3500cnr
2025-07-08 19:34:00,12.479502,37.86807,1,3500cnr
2025-07-08 19:44:00,12.479502,37.86807,1,3500cnr
2025-07-08 19:54:00,12.479502,37.86807,1,3500cnr
2025-07-08 20:04:00,12.479502,37.86807,1,3500cnr
2025-07-08 20:14:00,12.479502,37.86807,1,3500cnr
2025-07-08 20:24:00,12.479502,37.86807,1,3500cnr
2025-07-08 20:34:00,12.479502,37.86807,1,3500cnr
2025-07-08 20:44:00,12.479502,37.86807,1,3500cnr
2025-07-08 20:54:00,12.479502,37.86807,1,3500cnr
2025-07-08 21:04:00,12.479502,37.86807,1,3500cnr
2025-07-08 21:14:00,12.479502,37.86807,1,3500cnr
2025-07-08 21:24:00,12.479502,37.86807,1,3500cnr
2025-07-08 21:34:00,12.479502,37.86807,1,3500cnr
2025-07-08 21:44:00,12.479502,37.86807,1,3500cnr
2025-07-08 21:54:00,12.479502,37.86807,1,3500cnr
2025-07-08 22:04:00,12.479502,37.86807,1,3500cnr
2025-07-08 22:14:00,12.479502,37.86807,1,3500cnr
2025-07-08 22:24:00,12.479502,37.86807,1,3500cnr
2025-07-08 22:34:00,12.479502,37.86807,1,3500cnr
2025-07-08 22:44:00,12.479502,37.86807,1,3500cnr
2025-07-08 22:54:00,12.479502,37.86807,1,3500cnr
2025-07-08 23:04:00,12.479502,37.86807,1,3500cnr
2025-07-08 23:14:00,12.479502,37.86807,1,3500cnr
2025-07-08 23:24:00,12.479502,37.86807,1,3500cnr
2025-07-08 23:34:00,12.479502,37.86807,1,3500cnr
2025-07-08 23:44:00,12.479502,37.86807,1,3500cnr
2025-07-08 23:54:00,12.479502,37.86807,1,3500cnr
2025-07-09 00:04:00,12.479502,37.86807,1,3500cnr
2025-07-09 00:14:00,12.479502,37.86807,1,3500cnr
2025-07-09 00:24:00,12.479502,37.86807,1,3500cnr
2025-07-09 00:34:00,12.479502,37.86807,1,3500cnr
2025-07-09 00:44:00,12.479502,37.86807,1,3500cnr
2025-07-09 00:54:00,12.479502,37.86807,1,3500cnr
2025-07-09 01:04:00,12.479502,37.86807,1,3500cnr
2025-07-09 01:14:00,12.479502,37.86807,1,3500cnr
2025-07-09 01:24:00,12.479502,37.86807,1,3500cnr
2025-07-09 01:34:00,12.479502,37.86807,1,3500cnr
2025-07-09 01:44:00,12.479502,37.86807,1,3500cnr
2025-07-09 01:54:00,12.479502,37.86807,1,3500cnr
2025-07-09 02:04:00,12.479502,37.86807,1,3500cnr
2025-07-09 02:14:00,12.479502,37.86807,1,3500cnr
2025-07-09 02:24:00,12.479502,37.86807,1,3500cnr
2025-07-09 02:34:00,12.479502,37.86807,1,3500cnr
2025-07-09 02:44:00,12.479502,37.86807,1,3500cnr
2025-07-09 02:54:00,12.479502,37.86807,1,3500cnr
2025-07-09 03:04:00,12.479502,37.86807,1,3500cnr
2025-07-09 03:14:00,12.479502,37.86807,1,3500cnr
2025-07-09 03:24:00,12.479502,37.86807,1,3500cnr
2025-07-09 03:34:00,12.479502,37.86807,1,3500cnr
2025-07-09 03:44:00,12.479502,37.86807,1,3500cnr
2025-07-09 03:54:00,12.479502,37.86807,1,3500cnr
2025-07-09 04:04:00,12.479502,37.86807,1,3500cnr
2025-07-09 04:14:00,12.479502,37.86807,1,3500cnr
2025-07-09 04:24:00,12.479502,37.86807,1,3500cnr
2025-07-09 04:34:00,12.479502,37.86807,1,3500cnr
2025-07-09 04:44:00,12.479502,37.86807,1,3500cnr
2025-07-09 04:54:00,12.479502,37.86807,1,3500cnr
2025-07-09 05:04:00,12.479502,37.86807,1,3500cnr
2025-07-09 05:14:00,12.479502,37.86807,1,3500cnr
2025-07-09 05:24:00,12.479502,37.86807,1,3500cnr
2025-07-09 05:34:00,12.479502,37.86807,1,3500cnr
2025-07-09 05:44:00,12.479502,37.86807,1,3500cnr
2025-07-09 05:54:00,12.479502,37.86807,1,3500cnr
2025-07-09 06:04:00,12.479502,37.86807,1,3500cnr
2025-07-09 06:14:00,12.479502,37.86807,1,3500cnr
2025-07-09 06:24:00,12.479502,37.86807,1,3500cnr
2025-07-09 06:34:00,12.479502,37.86807,1,3500cnr
2025-07-09 06:44:00,12.479502,37.86807,1,3500cnr
2025-07-09 06:54:00,12.479502,37.86807,1,3500cnr
2025-07-09 07:04:00,12.479502,37.86807,1,3500cnr
2025-07-09 07:14:00,12.479502,37.86807,1,3500cnr
2025-07-09 07:24:00,12.479502,37.86807,1,3500cnr
2025-07-09 07:34:00,12.479502,37.86807,1,3500cnr
2025-07-09 07:44:00,12.479502,37.86807,1,3500cnr
2025-07-09 07:54:00,12.479502,37.86807,1,3500cnr
2025-07-09 08:04:00,12.479502,37.86807,1,3500cnr
2025-07-09 08:14:00,12.479502,37.86807,1,3500cnr
2025-07-09 08:24:00,12.479502,37.86807,1,3500cnr
2025-07-09 08:34:00,12.479502,37.86807,1,3500cnr
2025-07-09 08:44:00,12.479502,37.86807,1,3500cnr
2025-07-09 08:54:00,12.479502,37.86807,1,3500cnr
2025-07-09 09:04:00,12.479502,37.86807,1,3500cnr
2025-07-09 09:14:00,12.479502,37.86807,1,3500cnr
2025-07-09 09:24:00,12.479502,37.86807,1,3500cnr
2025-07-09 09:34:00,12.479502,37.86807,1,3500cnr
2025-07-09 09:44:00,12.479502,37.86807,1,3500cnr
2025-07-09 09:54:00,12.479502,37.86807,1,3500cnr
2025-07-09 10:04:00,12.479502,37.86807,1,3500cnr
2025-07-09 10:14:00,12.479502,37.86807,1,3500cnr
2025-07-09 10:24:00,12.479502,37.86807,1,3500cnr
2025-07-09 10:34:00,12.479502,37.86807,1,3500cnr
2025-07-09 10:44:00,12.479502,37.86807,1,3500cnr
2025-07-09 10:54:00,12.479502,37.86807,1,3500cnr
2025-07-09 11:04:00,12.479502,37.86807,1,3500cnr
2025-07-09 11:14:00,12.479502,37.86807,1,3500cnr
2025-07-09 11:24:00,12.479502,37.86807,1,3500cnr
2025-07-09 11:34:00,12.479502,37.86807,1,3500cnr
2025-07-09 11:44:00,12.479502,37.86807,1,3500cnr
2025-07-09 11:54:00,12.479502,37.86807,1,3500cnr
2025-07-09 12:04:00,12.479502,37.86807,1,3500cnr
2025-07-09 12:14:00,12.479502,37.86807,1,3500cnr
2025-07-09 12:24:00,12.479502,37.86807,1,3500cnr
2025-07-09 12:34:00,12.479502,37.86807,1,3500cnr
2025-07-09 12:44:00,12.479502,37.86807,1,3500cnr
2025-07-09 12:54:00,12.479502,37.86807,1,3500cnr
2025-07-09 13:04:00,12.479502,37.86807,1,3500cnr
2025-07-09 13:14:00,12.479502,37.86807,1,3500cnr
2025-07-09 13:24:00,12.479502,37.86807,1,3500cnr
2025-07-09 13:34:00,12.479502,37.86807,1,3500cnr
2025-07-09 13:44:00,12.479502,37.86807,1,3500cnr
2025-07-09 13:54:00,12.479502,37.86807,1,3500cnr
2025-07-09 14:04:00,12.479502,37.86807,1,3500cnr
2025-07-09 14:14:00,12.479502,37.86807,1,3500cnr
2025-07-09 14:24:00,12.479502,37.86807,1,3500cnr
2025-07-09 14:34:00,12.479502,37.86807,1,3500cnr
2025-07-09 14:44:00,12.479502,37.86807,1,3500cnr
2025-07-09 14:54:00,12.479502,37.86807,1,3500cnr
2025-07-09 15:04:00,12.479502,37.86807,1,3500cnr
2025-07-09 15:14:00,12.479502,37.86807,1,3500cnr
2025-07-09 15:24:00,12.479404,37.867382,1,3500cnr
2025-07-09 15:34:00,12.479404,37.867382,1,3500cnr
2025-07-09 15:44:00,12.479404,37.867382,1,3500cnr
2025-07-09 15:54:00,12.479404,37.867382,1,3500cnr
2025-07-09 16:04:00,12.479404,37.867382,1,3500cnr
2025-07-09 16:14:00,12.479404,37.867382,1,3500cnr
2025-07-09 16:24:00,12.479404,37.867382,1,3500cnr
2025-07-09 16:34:00,12.479404,37.867382,1,3500cnr
2025-07-09 16:44:00,12.479404,37.867382,1,3500cnr
2025-07-09 16:54:00,12.479404,37.867382,1,3500cnr
2025-07-09 17:04:00,12.479404,37.867382,1,3500cnr
2025-07-09 17:14:00,12.479404,37.867382,1,3500cnr
2025-07-09 17:24:00,12.479404,37.867382,1,3500cnr
2025-07-09 17:34:00,12.479404,37.867382,1,3500cnr
2025-07-09 17:44:00,12.479404,37.867382,1,3500cnr
2025-07-09 17:54:00,12.479404,37.867382,1,3500cnr
2025-07-09 18:04:00,12.479404,37.867382,1,3500cnr
2025-07-09 18:14:00,12.479404,37.867382,1,3500cnr
2025-07-09 18:24:00,12.479404,37.867382,1,3500cnr
2025-07-09 18:34:00,12.479404,37.867382,1,3500cnr
2025-07-09 18:44:00,12.479404,37.867382,1,3500cnr
2025-07-09 18:54:00,12.479404,37.867382,1,3500cnr
2025-07-09 19:04:00,12.479404,37.867382,1,3500cnr
2025-07-09 19:14:00,12.479404,37.867382,1,3500cnr
2025-07-09 19:24:00,12.479404,37.867382,1,3500cnr
2025-07-09 19:34:00,12.479404,37.867382,1,3500cnr
2025-07-09 19:44:00,12.479404,37.867382,1,3500cnr
2025-07-09 19:54:00,12.479404,37.867382,1,3500cnr
2025-07-09 20:04:00,12.479404,37.867382,1,3500cnr
2025-07-09 20:14:00,12.479404,37.867382,1,3500cnr
2025-07-09 20:24:00,12.479404,37.867382,1,3500cnr
2025-07-09 20:34:00,12.479404,37.867382,1,3500cnr
2025-07-09 20:44:00,12.479404,37.867382,1,3500cnr
2025-07-09 20:54:00,12.479404,37.867382,1,3500cnr
2025-07-09 21:04:00,12.479404,37.867382,1,3500cnr
2025-07-09 21:14:00,12.479404,37.867382,1,3500cnr
2025-07-09 21:24:00,12.479404,37.867382,1,3500cnr
2025-07-09 21:34:00,12.479404,37.867382,1,3500cnr
2025-07-09 21:44:00,12.479404,37.867382,1,3500cnr
2025-07-09 21:54:00,12.479404,37.867382,1,3500cnr
2025-07-09 22:04:00,12.479404,37.867382,1,3500cnr
2025-07-09 22:14:00,12.479404,37.867382,1,3500cnr
2025-07-09 22:24:00,12.479404,37.867382,1,3500cnr
2025-07-09 22:34:00,12.479404,37.867382,1,3500cnr
2025-07-09 22:44:00,12.479404,37.867382,1,3500cnr
2025-07-09 22:54:00,12.479404,37.867382,1,3500cnr
2025-07-09 23:04:00,12.479404,37.867382,1,3500cnr
2025-07-09 23:14:00,12.479404,37.867382,1,3500cnr
2025-07-09 23:24:00,12.479404,37.867382,1,3500cnr
2025-07-09 23:34:00,12.479404,37.867382,1,3500cnr
2025-07-09 23:44:00,12.479404,37.867382,1,3500cnr
2025-07-09 23:54:00,12.479404,37.867382,1,3500cnr
2025-07-10 00:04:00,12.479404,37.867382,1,3500cnr
2025-07-08 07:14:00,12.45476,37.87428,1,3680cnr
2025-07-08 07:24:00,12.455134,37.874435,1,3680cnr
2025-07-08 07:34:00,12.455515,37.874596,1,3680cnr
2025-07-08 07:44:00,12.455896,37.874775,1,3680cnr
2025-07-08 07:54:00,12.456279,37.874985,1,3680cnr
2025-07-08 08:04:00,12.456662,37.875244,1,3680cnr
2025-07-08 08:14:00,12.457042,37.875523,1,3680cnr
2025-07-08 08:24:00,12.457418,37.875813,1,3680cnr
2025-07-08 08:34:00,12.457794,37.876106,1,3680cnr
2025-07-08 08:44:00,12.458178,37.876404,1,3680cnr
2025-07-08 08:54:00,12.458583,37.876705,1,3680cnr
2025-07-08 09:04:00,12.4590225,37.87701,1,3680cnr
2025-07-08 09:14:00,12.459521,37.87732,1,3680cnr
2025-07-08 09:24:00,12.460095,37.877625,1,3680cnr
2025-07-08 09:34:00,12.46075,37.877926,1,3680cnr
2025-07-08 09:44:00,12.46075,37.877926,1,3680cnr
2025-07-08 09:54:00,12.46075,37.877926,1,3680cnr
2025-07-08 10:04:00,12.46075,37.877926,1,3680cnr
2025-07-08 10:14:00,12.46075,37.877926,1,3680cnr
2025-07-08 10:24:00,12.46075,37.877926,1,3680cnr
2025-07-08 10:34:00,12.46075,37.877926,1,3680cnr
2025-07-08 10:44:00,12.46075,37.877926,1,3680cnr
2025-07-08 10:54:00,12.46075,37.877926,1,3680cnr
2025-07-08 11:04:00,12.46075,37.877926,1,3680cnr
2025-07-08 11:14:00,12.46075,37.877926,1,3680cnr
2025-07-08 11:24:00,12.46075,37.877926,1,3680cnr
2025-07-08 11:34:00,12.461091,37.87791,1,3680cnr
2025-07-08 11:44:00,12.461736,37.877872,1,3680cnr
2025-07-08 11:54:00,12.462329,37.877808,1,3680cnr
2025-07-08 12:04:00,12.46285,37.877705,1,3680cnr
2025-07-08 12:14:00,12.463353,37.877575,1,3680cnr
2025-07-08 12:24:00,12.463865,37.877426,1,3680cnr
2025-07-08 12:34:00,12.464397,37.877262,1,3680cnr
2025-07-08 12:44:00,12.464996,37.877087,1,3680cnr
2025-07-08 12:54:00,12.465661,37.876896,1,3680cnr
2025-07-08 13:04:00,12.466376,37.876686,1,3680cnr
2025-07-08 13:14:00,12.467096,37.876392,1,3680cnr
2025-07-08 13:24:00,12.467813,37.876,1,3680cnr
2025-07-08 13:34:00,12.4685335,37.875515,1,3680cnr
2025-07-08 13:44:00,12.4692545,37.874947,1,3680cnr
2025-07-08 13:54:00,12.469972,37.8743,1,3680cnr
2025-07-08 14:04:00,12.4707,37.87359,1,3680cnr
2025-07-08 14:14:00,12.471572,37.87288,1,3680cnr
2025-07-08 14:24:00,12.472556,37.872166,1,3680cnr
2025-07-08 14:34:00,12.473602,37.871433,1,3680cnr
2025-07-08 14:44:00,12.474652,37.87065,1,3680cnr
2025-07-08 14:54:00,12.475699,37.869892,1,3680cnr
2025-07-08 15:04:00,12.476711,37.86921,1,3680cnr
2025-07-08 15:14:00,12.4777355,37.86858,1,3680cnr
2025-07-08 15:24:00,12.478761,37.868015,1,3680cnr
2025-07-08 15:34:00,12.479266,37.867718,1,3680cnr
2025-07-08 15:44:00,12.479266,37.867718,1,3680cnr
2025-07-08 15:54:00,12.479266,37.867718,1,3680cnr
2025-07-08 16:04:00,12.479266,37.867718,1,3680cnr
2025-07-08 16:14:00,12.479266,37.867718,1,3680cnr
2025-07-08 16:24:00,12.479266,37.867718,1,3680cnr
2025-07-08 16:34:00,12.479266,37.867718,1,3680cnr
2025-07-08 16:44:00,12.479266,37.867718,1,3680cnr
2025-07-08 16:54:00,12.479266,37.867718,1,3680cnr
2025-07-08 17:04:00,12.479266,37.867718,1,3680cnr
2025-07-08 17:14:00,12.479266,37.867718,1,3680cnr
2025-07-08 17:24:00,12.479266,37.867718,1,3680cnr
2025-07-08 17:34:00,12.479266,37.867718,1,3680cnr
2025-07-08 17:44:00,12.479266,37.867718,1,3680cnr
2025-07-08 17:54:00,12.479266,37.867718,1,3680cnr
2025-07-08 18:04:00,12.479266,37.867718,1,3680cnr
2025-07-08 18:14:00,12.479266,37.867718,1,3680cnr
2025-07-08 18:24:00,12.479266,37.867718,1,3680cnr
2025-07-08 18:34:00,12.479266,37.867718,1,3680cnr
2025-07-08 18:44:00,12.479266,37.867718,1,3680cnr
2025-07-08 18:54:00,12.479266,37.867718,1,3680cnr
2025-07-08 19:04:00,12.479266,37.867718,1,3680cnr
2025-07-08 19:14:00,12.479266,37.867718,1,3680cnr
2025-07-08 19:24:00,12.479266,37.867718,1,3680cnr
2025-07-08 19:34:00,12.479266,37.867718,1,3680cnr
2025-07-08 19:44:00,12.479266,37.867718,1,3680cnr
2025-07-08 19:54:00,12.479266,37.867718,1,3680cnr
2025-07-08 20:04:00,12.479266,37.867718,1,3680cnr
2025-07-08 20:14:00,12.479266,37.867718,1,3680cnr
2025-07-08 20:24:00,12.479266,37.867718,1,3680cnr
2025-07-08 20:34:00,12.479266,37.867718,1,3680cnr
2025-07-08 20:44:00,12.479266,37.867718,1,3680cnr
2025-07-08 20:54:00,12.479266,37.867718,1,3680cnr
2025-07-08 21:04:00,12.479266,37.867718,1,3680cnr
2025-07-08 21:14:00,12.479266,37.867718,1,3680cnr
2025-07-08 21:24:00,12.479266,37.867718,1,3680cnr
2025-07-08 21:34:00,12.479266,37.867718,1,3680cnr
2025-07-08 21:44:00,12.479266,37.867718,1,3680cnr
2025-07-08 21:54:00,12.479266,37.867718,1,3680cnr
2025-07-08 22:04:00,12.479266,37.867718,1,3680cnr
2025-07-08 22:14:00,12.479266,37.867718,1,3680cnr
2025-07-08 22:24:00,12.479266,37.867718,1,3680cnr
2025-07-08 22:34:00,12.479266,37.867718,1,3680cnr
2025-07-08 22:44:00,12.479266,37.867718,1,3680cnr
2025-07-08 22:54:00,12.479266,37.867718,1,3680cnr
2025-07-08 23:04:00,12.479266,37.867718,1,3680cnr
2025-07-08 23:14:00,12.479266,37.867718,1,3680cnr
2025-07-08 23:24:00,12.479266,37.867718,1,3680cnr
2025-07-08 23:34:00,12.479266,37.867718,1,3680cnr
2025-07-08 23:44:00,12.479266,37.867718,1,3680cnr
2025-07-08 23:54:00,12.479266,37.867718,1,3680cnr
2025-07-09 00:04:00,12.479266,37.867718,1,3680cnr
2025-07-09 00:14:00,12.479266,37.867718,1,3680cnr
2025-07-09 00:24:00,12.479266,37.867718,1,3680cnr
2025-07-09 00:34:00,12.479266,37.867718,1,3680cnr
2025-07-09 00:44:00,12.479266,37.867718,1,3680cnr
2025-07-09 00:54:00,12.479266,37.867718,1,3680cnr
2025-07-09 01:04:00,12.479266,37.867718,1,3680cnr
2025-07-09 01:14:00,12.479266,37.867718,1,3680cnr
2025-07-09 01:24:00,12.479266,37.867718,1,3680cnr
2025-07-09 01:34:00,12.479266,37.867718,1,3680cnr
2025-07-09 01:44:00,12.479266,37.867718,1,3680cnr
2025-07-09 01:54:00,12.479266,37.867718,1,3680cnr
2025-07-09 02:04:00,12.479266,37.867718,1,3680cnr
2025-07-09 02:14:00,12.479266,37.867718,1,3680cnr
2025-07-09 02:24:00,12.479266,37.867718,1,3680cnr
2025-07-09 02:34:00,12.479266,37.867718,1,3680cnr
2025-07-09 02:44:00,12.479266,37.867718,1,3680cnr
2025-07-09 02:54:00,12.479266,37.867718,1,3680cnr
2025-07-09 03:04:00,12.479266,37.867718,1,3680cnr
2025-07-09 03:14:00,12.479266,37.867718,1,3680cnr
2025-07-09 03:24:00,12.479266,37.867718,1,3680cnr
2025-07-09 03:34:00,12.479266,37.867718,1,3680cnr
2025-07-09 03:44:00,12.479266,37.867718,1,3680cnr
2025-07-09 03:54:00,12.479266,37.867718,1,3680cnr
2025-07-09 04:04:00,12.479266,37.867718,1,3680cnr
2025-07-09 04:14:00,12.479266,37.867718,1,3680cnr
2025-07-09 04:24:00,12.479266,37.867718,1,3680cnr
2025-07-09 04:34:00,12.479266,37.867718,1,3680cnr
2025-07-09 04:44:00,12.479266,37.867718,1,3680cnr
2025-07-09 04:54:00,12.479266,37.867718,1,3680cnr
2025-07-09 05:04:00,12.479266,37.867718,1,3680cnr
2025-07-09 05:14:00,12.479266,37.867718,1,3680cnr
2025-07-09 05:24:00,12.479266,37.867718,1,3680cnr
2025-07-09 05:34:00,12.479266,37.867718,1,3680cnr
2025-07-09 05:44:00,12.479266,37.867718,1,3680cnr
2025-07-09 05:54:00,12.479266,37.867718,1,3680cnr
2025-07-09 06:04:00,12.479266,37.867718,1,3680cnr
2025-07-09 06:14:00,12.479266,37.867718,1,3680cnr
2025-07-09 06:24:00,12.479266,37.867718,1,3680cnr
2025-07-09 06:34:00,12.479266,37.867718,1,3680cnr
2025-07-09 06:44:00,12.479266,37.867718,1,3680cnr
2025-07-09 06:54:00,12.479266,37.867718,1,3680cnr
2025-07-09 07:04:00,12.479266,37.867718,1,3680cnr
2025-07-09 07:14:00,12.479266,37.867718,1,3680cnr
2025-07-09 07:24:00,12.479266,37.867718,1,3680cnr
2025-07-09 07:34:00,12.479266,37.867718,1,3680cnr
2025-07-09 07:44:00,12.479266,37.867718,1,3680cnr
2025-07-09 07:54:00,12.479266,37.867718,1,3680cnr
2025-07-09 08:04:00,12.479266,37.867718,1,3680cnr
2025-07-09 08:14:00,12.479266,37.867718,1,3680cnr
2025-07-09 08:24:00,12.479266,37.867718,1,3680cnr
2025-07-09 08:34:00,12.479266,37.867718,1,3680cnr
2025-07-09 08:44:00,12.479266,37.867718,1,3680cnr
2025-07-09 08:54:00,12.479266,37.867718,1,3680cnr
2025-07-09 09:04:00,12.479266,37.867718,1,3680cnr
2025-07-09 09:14:00,12.479266,37.867718,1,3680cnr
2025-07-09 09:24:00,12.479266,37.867718,1,3680cnr
2025-07-09 09:34:00,12.479266,37.867718,1,3680cnr
2025-07-09 09:44:00,12.479266,37.867718,1,3680cnr
2025-07-09 09:54:00,12.479266,37.867718,1,3680cnr
2025-07-09 10:04:00,12.479266,37.867718,1,3680cnr
2025-07-09 10:14:00,12.479266,37.867718,1,3680cnr
2025-07-09 10:24:00,12.479266,37.867718,1,3680cnr
2025-07-09 10:34:00,12.479266,37.867718,1,3680cnr
2025-07-09 10:44:00,12.479266,37.867718,1,3680cnr
2025-07-09 10:54:00,12.479266,37.867718,1,3680cnr
2025-07-09 11:04:00,12.479266,37.867718,1,3680cnr
2025-07-09 11:14:00,12.479266,37.867718,1,3680cnr
2025-07-09 11:24:00,12.479266,37.867718,1,3680cnr
2025-07-09 11:34:00,12.479266,37.867718,1,3680cnr
2025-07-09 11:44:00,12.479266,37.867718,1,3680cnr
2025-07-09 11:54:00,12.479266,37.867718,1,3680cnr
2025-07-09 12:04:00,12.479266,37.867718,1,3680cnr
2025-07-09 12:14:00,12.479266,37.867718,1,3680cnr
2025-07-09 12:24:00,12.479266,37.867718,1,3680cnr
2025-07-09 12:34:00,12.479266,37.867718,1,3680cnr
2025-07-09 12:44:00,12.479266,37.867718,1,3680cnr
2025-07-09 12:54:00,12.479266,37.867718,1,3680cnr
2025-07-09 13:04:00,12.479266,37.867718,1,3680cnr
2025-07-09 13:14:00,12.479266,37.867718,1,3680cnr
2025-07-09 13:24:00,12.479266,37.867718,1,3680cnr
2025-07-09 13:34:00,12.479266,37.867718,1,3680cnr
2025-07-09 13:44:00,12.479266,37.867718,1,3680cnr
2025-07-09 13:54:00,12.479266,37.867718,1,3680cnr
2025-07-09 14:04:00,12.479266,37.867718,1,3680cnr
2025-07-09 14:14:00,12.479266,37.867718,1,3680cnr
2025-07-09 14:24:00,12.479266,37.867718,1,3680cnr
2025-07-09 14:34:00,12.479266,37.867718,1,3680cnr
2025-07-09 14:44:00,12.479266,37.867718,1,3680cnr
2025-07-09 14:54:00,12.479266,37.867718,1,3680cnr
2025-07-09 15:04:00,12.479266,37.867718,1,3680cnr
2025-07-09 15:14:00,12.479266,37.867718,1,3680cnr
2025-07-09 15:24:00,12.479266,37.867718,1,3680cnr
2025-07-09 15:34:00,12.479266,37.867718,1,3680cnr
2025-07-09 15:44:00,12.479266,37.867718,1,3680cnr
2025-07-09 15:54:00,12.479266,37.867718,1,3680cnr
2025-07-09 16:04:00,12.479266,37.867718,1,3680cnr
2025-07-09 16:14:00,12.479266,37.867718,1,3680cnr
2025-07-09 16:24:00,12.479266,37.867718,1,3680cnr
2025-07-09 16:34:00,12.479266,37.867718,1,3680cnr
2025-07-09 16:44:00,12.479266,37.867718,1,3680cnr
2025-07-09 16:54:00,12.479266,37.867718,1,3680cnr
2025-07-09 17:04:00,12.479266,37.867718,1,3680cnr
2025-07-09 17:14:00,12.479266,37.867718,1,3680cnr
2025-07-09 17:24:00,12.479266,37.867718,1,3680cnr
2025-07-09 17:34:00,12.479266,37.867718,1,3680cnr
2025-07-09 17:44:00,12.479266,37.867718,1,3680cnr
2025-07-09 17:54:00,12.479125,37.867104,1,3680cnr
2025-07-09 18:04:00,12.479125,37.867104,1,3680cnr
2025-07-09 18:14:00,12.479125,37.867104,1,3680cnr
2025-07-09 18:24:00,12.479125,37.867104,1,3680cnr
2025-07-09 18:34:00,12.479125,37.867104,1,3680cnr
2025-07-09 18:44:00,12.479125,37.867104,1,3680cnr
2025-07-09 18:54:00,12.479125,37.867104,1,3680cnr
2025-07-09 19:04:00,12.479125,37.867104,1,3680cnr
2025-07-09 19:14:00,12.479125,37.867104,1,3680cnr
2025-07-09 19:24:00,12.479125,37.867104,1,3680cnr
2025-07-09 19:34:00,12.479125,37.867104,1,3680cnr
2025-07-09 19:44:00,12.479125,37.867104,1,3680cnr
2025-07-09 19:54:00,12.479125,37.867104,1,3680cnr
2025-07-09 20:04:00,12.479125,37.867104,1,3680cnr
2025-07-09 20:14:00,12.479125,37.867104,1,3680cnr
2025-07-09 20:24:00,12.479125,37.867104,1,3680cnr
2025-07-09 20:34:00,12.479125,37.867104,1,3680cnr
2025-07-09 20:44:00,12.479125,37.867104,1,3680cnr
2025-07-09 20:54:00,12.479125,37.867104,1,3680cnr
2025-07-09 21:04:00,12.479125,37.867104,1,3680cnr
2025-07-09 21:14:00,12.479125,37.867104,1,3680cnr
2025-07-09 21:24:00,12.479125,37.867104,1,3680cnr
2025-07-09 21:34:00,12.479125,37.867104,1,3680cnr
2025-07-09 21:44:00,12.479125,37.867104,1,3680cnr
2025-07-09 21:54:00,12.479125,37.867104,1,3680cnr
2025-07-09 22:04:00,12.479125,37.867104,1,3680cnr
2025-07-09 22:14:00,12.479125,37.867104,1,3680cnr
2025-07-09 22:24:00,12.479125,37.867104,1,3680cnr
2025-07-09 22:34:00,12.479125,37.867104,1,3680cnr
2025-07-09 22:44:00,12.479125,37.867104,1,3680cnr
2025-07-09 22:54:00,12.479125,37.867104,1,3680cnr
2025-07-09 23:04:00,12.479125,37.867104,1,3680cnr
2025-07-09 23:14:00,12.479125,37.867104,1,3680cnr
2025-07-09 23:24:00,12.479125,37.867104,1,3680cnr
2025-07-09 23:34:00,12.479125,37.867104,1,3680cnr
2025-07-09 23:44:00,12.479125,37.867104,1,3680cnr
2025-07-09 23:54:00,12.479125,37.867104,1,3680cnr
2025-07-10 00:04:00,12.479125,37.867104,1,3680cnr
2025-07-08 07:44:00,12.45682,37.86798,2,1520
2025-07-08 07:54:00,12.457255,37.868122,2,1520
2025-07-08 08:04:00,12.457708,37.868282,2,1520
2025-07-08 08:14:00,12.45817,37.86843,2,1520
2025-07-08 08:24:00,12.458633,37.868546,2,1520
2025-07-08 08:34:00,12.459098,37.868637,2,1520
2025-07-08 08:44:00,12.459564,37.868713,2,1520
2025-07-08 08:54:00,12.460033,37.86878,2,1520
2025-07-08 09:04:00,12.460506,37.86884,2,1520
2025-07-08 09:14:00,12.460998,37.86888,2,1520
2025-07-08 09:24:00,12.461514,37.8689,2,1520
2025-07-08 09:34:00,12.462058,37.868893,2,1520
2025-07-08 09:44:00,12.462058,37.868893,2,1520
2025-07-08 09:54:00,12.462058,37.868893,2,1520
2025-07-08 10:04:00,12.462058,37.868893,2,1520
2025-07-08 10:14:00,12.462058,37.868893,2,1520
2025-07-08 10:24:00,12.462058,37.868893,2,1520
2025-07-08 10:34:00,12.462058,37.868893,2,1520
2025-07-08 10:44:00,12.462058,37.868893,2,1520
2025-07-08 10:54:00,12.462058,37.868893,2,1520
2025-07-08 11:04:00,12.462058,37.868893,2,1520
2025-07-08 11:14:00,12.462058,37.868893,2,1520
2025-07-08 11:24:00,12.462058,37.868893,2,1520
2025-07-08 11:34:00,12.462058,37.868893,2,1520
2025-07-08 11:44:00,12.462058,37.868893,2,1520
2025-07-08 11:54:00,12.462058,37.868893,2,1520
2025-07-08 12:04:00,12.462058,37.868893,2,1520
2025-07-08 12:14:00,12.462058,37.868893,2,1520
2025-07-08 12:24:00,12.462058,37.868893,2,1520
2025-07-08 12:34:00,12.462058,37.868893,2,1520
2025-07-08 12:44:00,12.462058,37.868893,2,1520
2025-07-08 12:54:00,12.462058,37.868893,2,1520
2025-07-08 13:04:00,12.462058,37.868893,2,1520
2025-07-08 13:14:00,12.462058,37.868893,2,1520
2025-07-08 13:24:00,12.462058,37.868893,2,1520
2025-07-08 13:34:00,12.462058,37.868893,2,1520
2025-07-08 13:44:00,12.462058,37.868893,2,1520
2025-07-08 13:54:00,12.462058,37.868893,2,1520
2025-07-08 14:04:00,12.462058,37.868893,2,1520
2025-07-08 14:14:00,12.462058,37.868893,2,1520
2025-07-08 14:24:00,12.462058,37.868893,2,1520
2025-07-08 14:34:00,12.462058,37.868893,2,1520
2025-07-08 14:44:00,12.462058,37.868893,2,1520
2025-07-08 14:54:00,12.462058,37.868893,2,1520
2025-07-08 15:04:00,12.462058,37.868893,2,1520
2025-07-08 15:14:00,12.462058,37.868893,2,1520
2025-07-08 15:24:00,12.462058,37.868893,2,1520
2025-07-08 15:34:00,12.462058,37.868893,2,1520
2025-07-08 15:44:00,12.462058,37.868893,2,1520
2025-07-08 15:54:00,12.462058,37.868893,2,1520
2025-07-08 16:04:00,12.462058,37.868893,2,1520
2025-07-08 16:14:00,12.462058,37.868893,2,1520
2025-07-08 16:24:00,12.462058,37.868893,2,1520
2025-07-08 16:34:00,12.462058,37.868893,2,1520
2025-07-08 16:44:00,12.462058,37.868893,2,1520
2025-07-08 16:54:00,12.462058,37.868893,2,1520
2025-07-08 17:04:00,12.462058,37.868893,2,1520
2025-07-08 17:14:00,12.462058,37.868893,2,1520
2025-07-08 17:24:00,12.462058,37.868893,2,1520
2025-07-08 17:34:00,12.462058,37.868893,2,1520
2025-07-08 17:44:00,12.462058,37.868893,2,1520
2025-07-08 17:54:00,12.462058,37.868893,2,1520
2025-07-08 18:04:00,12.462058,37.868893,2,1520
2025-07-08 18:14:00,12.462058,37.868893,2,1520
2025-07-08 18:24:00,12.462058,37.868893,2,1520
2025-07-08 18:34:00,12.462058,37.868893,2,1520
2025-07-08 18:44:00,12.462058,37.868893,2,1520
2025-07-08 18:54:00,12.462058,37.868893,2,1520
2025-07-08 19:04:00,12.462058,37.868893,2,1520
2025-07-08 19:14:00,12.462058,37.868893,2,1520
2025-07-08 19:24:00,12.462058,37.868893,2,1520
2025-07-08 19:34:00,12.462058,37.868893,2,1520
2025-07-08 19:44:00,12.462058,37.868893,2,1520
2025-07-08 19:54:00,12.462058,37.868893,2,1520
2025-07-08 20:04:00,12.462058,37.868893,2,1520
2025-07-08 20:14:00,12.462058,37.868893,2,1520
2025-07-08 20:24:00,12.462058,37.868893,2,1520
2025-07-08 20:34:00,12.462058,37.868893,2,1520
2025-07-08 20:44:00,12.462058,37.868893,2,1520
2025-07-08 20:54:00,12.462058,37.868893,2,1520
2025-07-08 21:04:00,12.462058,37.868893,2,1520
2025-07-08 21:14:00,12.462058,37.868893,2,1520
2025-07-08 21:24:00,12.462058,37.868893,2,1520
2025-07-08 21:34:00,12.462058,37.868893,2,1520
2025-07-08 21:44:00,12.462058,37.868893,2,1520
2025-07-08 21:54:00,12.462058,37.868893,2,1520
2025-07-08 22:04:00,12.462058,37.868893,2,1520
2025-07-08 22:14:00,12.462058,37.868893,2,1520
2025-07-08 22:24:00,12.462058,37.868893,2,1520
2025-07-08 22:34:00,12.462058,37.868893,2,1520
2025-07-08 22:44:00,12.462058,37.868893,2,1520
2025-07-08 22:54:00,12.462058,37.868893,2,1520
2025-07-08 23:04:00,12.462058,37.868893,2,1520
2025-07-08 23:14:00,12.462058,37.868893,2,1520
2025-07-08 23:24:00,12.462058,37.868893,2,1520
2025-07-08 23:34:00,12.462058,37.868893,2,1520
2025-07-08 23:44:00,12.462058,37.868893,2,1520
2025-07-08 23:54:00,12.462058,37.868893,2,1520
2025-07-09 00:04:00,12.462058,37.868893,2,1520
2025-07-09 00:14:00,12.462058,37.868893,2,1520
2025-07-09 00:24:00,12.462058,37.868893,2,1520
2025-07-09 00:34:00,12.462058,37.868893,2,1520
2025-07-09 00:44:00,12.462058,37.868893,2,1520
2025-07-09 00:54:00,12.462058,37.868893,2,1520
2025-07-09 01:04:00,12.462058,37.868893,2,1520
2025-07-09 01:14:00,12.462058,37.868893,2,1520
2025-07-09 01:24:00,12.462058,37.868893,2,1520
2025-07-09 01:34:00,12.462058,37.868893,2,1520
2025-07-09 01:44:00,12.462058,37.868893,2,1520
2025-07-09 01:54:00,12.462058,37.868893,2,1520
2025-07-09 02:04:00,12.462058,37.868893,2,1520
2025-07-09 02:14:00,12.462058,37.868893,2,1520
2025-07-09 02:24:00,12.462058,37.868893,2,1520
2025-07-09 02:34:00,12.462058,37.868893,2,1520
2025-07-09 02:44:00,12.462058,37.868893,2,1520
2025-07-09 02:54:00,12.462058,37.868893,2,1520
2025-07-09 03:04:00,12.462058,37.868893,2,1520
2025-07-09 03:14:00,12.462058,37.868893,2,1520
2025-07-09 03:24:00,12.462058,37.868893,2,1520
2025-07-09 03:34:00,12.462058,37.868893,2,1520
2025-07-09 03:44:00,12.462058,37.868893,2,1520
2025-07-09 03:54:00,12.462058,37.868893,2,1520
2025-07-09 04:04:00,12.462058,37.868893,2,1520
2025-07-09 04:14:00,12.462058,37.868893,2,1520
2025-07-09 04:24:00,12.462058,37.868893,2,1520
2025-07-09 04:34:00,12.462058,37.868893,2,1520
2025-07-09 04:44:00,12.462058,37.868893,2,1520
2025-07-09 04:54:00,12.462058,37.868893,2,1520
2025-07-09 05:04:00,12.462058,37.868893,2,1520
2025-07-09 05:14:00,12.462058,37.868893,2,1520
2025-07-09 05:24:00,12.462058,37.868893,2,1520
2025-07-09 05:34:00,12.462058,37.868893,2,1520
2025-07-09 05:44:00,12.462058,37.868893,2,1520
2025-07-09 05:54:00,12.462058,37.868893,2,1520
2025-07-09 06:04:00,12.462058,37.868893,2,1520
2025-07-09 06:14:00,12.462058,37.868893,2,1520
2025-07-09 06:24:00,12.462058,37.868893,2,1520
2025-07-09 06:34:00,12.462058,37.868893,2,1520
2025-07-09 06:44:00,12.462058,37.868893,2,1520
2025-07-09 06:54:00,12.462058,37.868893,2,1520
2025-07-09 07:04:00,12.462058,37.868893,2,1520
2025-07-09 07:14:00,12.462058,37.868893,2,1520
2025-07-09 07:24:00,12.462058,37.868893,2,1520
2025-07-09 07:34:00,12.462058,37.868893,2,1520
2025-07-09 07:44:00,12.462058,37.868893,2,1520
2025-07-09 07:54:00,12.462058,37.868893,2,1520
2025-07-09 08:04:00,12.462058,37.868893,2,1520
2025-07-09 08:14:00,12.462058,37.868893,2,1520
2025-07-09 08:24:00,12.462058,37.868893,2,1520
2025-07-09 08:34:00,12.462058,37.868893,2,1520
2025-07-09 08:44:00,12.462058,37.868893,2,1520
2025-07-09 08:54:00,12.462058,37.868893,2,1520
2025-07-09 09:04:00,12.462058,37.868893,2,1520
2025-07-09 09:14:00,12.462058,37.868893,2,1520
2025-07-09 09:24:00,12.462058,37.868893,2,1520
2025-07-09 09:34:00,12.462058,37.868893,2,1520
2025-07-09 09:44:00,12.462058,37.868893,2,1520
2025-07-09 09:54:00,12.462058,37.868893,2,1520
2025-07-09 10:04:00,12.462058,37.868893,2,1520
2025-07-09 10:14:00,12.462058,37.868893,2,1520
2025-07-09 10:24:00,12.462058,37.868893,2,1520
2025-07-09 10:34:00,12.462058,37.868893,2,1520
2025-07-09 10:44:00,12.462058,37.868893,2,1520
2025-07-09 10:54:00,12.462058,37.868893,2,1520
2025-07-09 11:04:00,12.462058,37.868893,2,1520
2025-07-09 11:14:00,12.462058,37.868893,2,1520
2025-07-09 11:24:00,12.462058,37.868893,2,1520
2025-07-09 11:34:00,12.462058,37.868893,2,1520
2025-07-09 11:44:00,12.462058,37.868893,2,1520
2025-07-09 11:54:00,12.462058,37.868893,2,1520
2025-07-09 12:04:00,12.462058,37.868893,2,1520
2025-07-09 12:14:00,12.462058,37.868893,2,1520
2025-07-09 12:24:00,12.462058,37.868893,2,1520
2025-07-09 12:34:00,12.462058,37.868893,2,1520
2025-07-09 12:44:00,12.462058,37.868893,2,1520
2025-07-09 12:54:00,12.462058,37.868893,2,1520
2025-07-09 13:04:00,12.462058,37.868893,2,1520
2025-07-09 13:14:00,12.462058,37.868893,2,1520
2025-07-09 13:24:00,12.462058,37.868893,2,1520
2025-07-09 13:34:00,12.462058,37.868893,2,1520
2025-07-09 13:44:00,12.462058,37.868893,2,1520
2025-07-09 13:54:00,12.462058,37.868893,2,1520
2025-07-09 14:04:00,12.462058,37.868893,2,1520
2025-07-09 14:14:00,12.462058,37.868893,2,1520
2025-07-09 14:24:00,12.462058,37.868893,2,1520
2025-07-09 14:34:00,12.4620495,37.867306,2,1520
2025-07-09 14:44:00,12.461983,37.86579,2,1520
2025-07-09 14:54:00,12.461793,37.8644,2,1520
2025-07-09 15:04:00,12.46144,37.863148,2,1520
2025-07-09 15:14:00,12.461098,37.86201,2,1520
2025-07-09 15:24:00,12.46085,37.860947,2,1520
2025-07-09 15:34:00,12.460781,37.859913,2,1520
2025-07-09 15:44:00,12.460846,37.858868,2,1520
2025-07-09 15:54:00,12.460922,37.857815,2,1520
2025-07-09 16:04:00,12.460959,37.85677,2,1520
2025-07-09 16:14:00,12.460911,37.855762,2,1520
2025-07-09 16:24:00,12.460786,37.85479,2,1520
2025-07-09 16:34:00,12.460607,37.85384,2,1520
2025-07-09 16:44:00,12.4604,37.852875,2,1520
2025-07-09 16:54:00,12.460191,37.851883,2,1520
2025-07-09 17:04:00,12.459988,37.85087,2,1520
2025-07-09 17:14:00,12.459802,37.849857,2,1520
2025-07-09 17:24:00,12.459617,37.848846,2,1520
2025-07-09 17:34:00,12.459424,37.84783,2,1520
2025-07-09 17:44:00,12.459228,37.846832,2,1520
2025-07-09 17:54:00,12.459023,37.845848,2,1520
2025-07-09 18:04:00,12.458825,37.844868,2,1520
2025-07-09 18:14:00,12.45867,37.843887,2,1520
2025-07-09 18:24:00,12.458551,37.842903,2,1520
2025-07-09 18:34:00,12.458459,37.84193,2,1520
2025-07-09 18:44:00,12.458382,37.840965,2,1520
2025-07-09 18:54:00,12.458289,37.83996,2,1520
2025-07-09 19:04:00,12.458171,37.838917,2,1520
2025-07-09 19:14:00,12.457983,37.837875,2,1520
2025-07-09 19:24:00,12.457734,37.83684,2,1520
2025-07-09 19:34:00,12.457424,37.835808,2,1520
2025-07-09 19:44:00,12.457115,37.83476,2,1520
2025-07-09 19:54:00,12.456853,37.833683,2,1520
2025-07-09 20:04:00,12.456674,37.83259,2,1520
2025-07-09 20:14:00,12.456576,37.83151,2,1520
2025-07-09 20:24:00,12.4564705,37.83045,2,1520
2025-07-09 20:34:00,12.456333,37.829403,2,1520
2025-07-09 20:44:00,12.456182,37.82838,2,1520
2025-07-09 20:54:00,12.456019,37.82739,2,1520
2025-07-09 21:04:00,12.4558325,37.82647,2,1520
2025-07-09 21:14:00,12.455622,37.825607,2,1520
2025-07-09 21:24:00,12.455444,37.82479,2,1520
2025-07-09 21:34:00,12.455313,37.824013,2,1520
2025-07-09 21:44:00,12.4552,37.82325,2,1520
2025-07-09 21:54:00,12.455095,37.82245,2,1520
2025-07-09 22:04:00,12.454996,37.82161,2,1520
2025-07-09 22:14:00,12.454875,37.820763,2,1520
2025-07-09 22:24:00,12.454728,37.819935,2,1520
2025-07-09 22:34:00,12.454564,37.819145,2,1520
2025-07-09 22:44:00,12.454395,37.81839,2,1520
2025-07-09 22:54:00,12.454228,37.817654,2,1520
2025-07-09 23:04:00,12.454075,37.816925,2,1520
2025-07-09 23:14:00,12.453941,37.816216,2,1520
2025-07-09 23:24:00,12.453837,37.81553,2,1520
2025-07-09 23:34:00,12.453808,37.815216,2,1520
2025-07-09 23:44:00,12.453808,37.815216,2,1520
2025-07-09 23:54:00,12.453808,37.815216,2,1520
2025-07-10 00:04:00,12.453808,37.815216,2,1520
2025-07-08 07:54:00,12.457189,37.868183,2,540
2025-07-08 08:04:00,12.457637,37.868343,2,540
2025-07-08 08:14:00,12.458095,37.86849,2,540
2025-07-08 08:24:00,12.458554,37.868607,2,540
2025-07-08 08:34:00,12.459015,37.868694,2,540
2025-07-08 08:44:00,12.459477,37.868767,2,540
2025-07-08 08:54:00,12.459944,37.86883,2,540
2025-07-08 09:04:00,12.460413,37.868893,2,540
2025-07-08 09:14:00,12.4609,37.86893,2,540
2025-07-08 09:24:00,12.461413,37.868942,2,540
2025-07-08 09:34:00,12.461954,37.86893,2,540
2025-07-08 09:44:00,12.461954,37.86893,2,540
2025-07-08 09:54:00,12.461954,37.86893,2,540
2025-07-08 10:04:00,12.461954,37.86893,2,540
2025-07-08 10:14:00,12.461954,37.86893,2,540
2025-07-08 10:24:00,12.461954,37.86893,2,540
2025-07-08 10:34:00,12.461954,37.86893,2,540
2025-07-08 10:44:00,12.461954,37.86893,2,540
2025-07-08 10:54:00,12.461954,37.86893,2,540
2025-07-08 11:04:00,12.461954,37.86893,2,540
2025-07-08 11:14:00,12.461954,37.86893,2,540
2025-07-08 11:24:00,12.461954,37.86893,2,540
2025-07-08 11:34:00,12.461954,37.86893,2,540
2025-07-08 11:44:00,12.461954,37.86893,2,540
2025-07-08 11:54:00,12.461954,37.86893,2,540
2025-07-08 12:04:00,12.461954,37.86893,2,540
2025-07-08 12:14:00,12.461954,37.86893,2,540
2025-07-08 12:24:00,12.461954,37.86893,2,540
2025-07-08 12:34:00,12.461954,37.86893,2,540
2025-07-08 12:44:00,12.461954,37.86893,2,540
2025-07-08 12:54:00,12.461954,37.86893,2,540
2025-07-08 13:04:00,12.461954,37.86893,2,540
2025-07-08 13:14:00,12.461954,37.86893,2,540
2025-07-08 13:24:00,12.461954,37.86893,2,540
2025-07-08 13:34:00,12.461954,37.86893,2,540
2025-07-08 13:44:00,12.461954,37.86893,2,540
2025-07-08 13:54:00,12.461954,37.86893,2,540
2025-07-08 14:04:00,12.461954,37.86893,2,540
2025-07-08 14:14:00,12.461954,37.86893,2,540
2025-07-08 14:24:00,12.461954,37.86893,2,540
2025-07-08 14:34:00,12.461954,37.86893,2,540
2025-07-08 14:44:00,12.461954,37.86893,2,540
2025-07-08 14:54:00,12.461954,37.86893,2,540
2025-07-08 15:04:00,12.461954,37.86893,2,540
2025-07-08 15:14:00,12.461954,37.86893,2,540
2025-07-08 15:24:00,12.461954,37.86893,2,540
2025-07-08 15:34:00,12.461954,37.86893,2,540
2025-07-08 15:44:00,12.461954,37.86893,2,540
2025-07-08 15:54:00,12.461954,37.86893,2,540
2025-07-08 16:04:00,12.461954,37.86893,2,540
2025-07-08 16:14:00,12.461954,37.86893,2,540
2025-07-08 16:24:00,12.461954,37.86893,2,540
2025-07-08 16:34:00,12.461954,37.86893,2,540
2025-07-08 16:44:00,12.461954,37.86893,2,540
2025-07-08 16:54:00,12.461954,37.86893,2,540
2025-07-08 17:04:00,12.461954,37.86893,2,540
2025-07-08 17:14:00,12.461954,37.86893,2,540
2025-07-08 17:24:00,12.461954,37.86893,2,540
2025-07-08 17:34:00,12.461954,37.86893,2,540
2025-07-08 17:44:00,12.461954,37.86893,2,540
2025-07-08 17:54:00,12.461954,37.86893,2,540
2025-07-08 18:04:00,12.461954,37.86893,2,540
2025-07-08 18:14:00,12.461954,37.86893,2,540
2025-07-08 18:24:00,12.461954,37.86893,2,540
2025-07-08 18:34:00,12.461954,37.86893,2,540
2025-07-08 18:44:00,12.461954,37.86893,2,540
2025-07-08 18:54:00,12.461954,37.86893,2,540
2025-07-08 19:04:00,12.461954,37.86893,2,540
2025-07-08 19:14:00,12.461954,37.86893,2,540
2025-07-08 19:24:00,12.461954,37.86893,2,540
2025-07-08 19:34:00,12.461954,37.86893,2,540
2025-07-08 19:44:00,12.461954,37.86893,2,540
2025-07-08 19:54:00,12.461954,37.86893,2,540
2025-07-08 20:04:00,12.461954,37.86893,2,540
2025-07-08 20:14:00,12.461954,37.86893,2,540
2025-07-08 20:24:00,12.461954,37.86893,2,540
2025-07-08 20:34:00,12.461954,37.86893,2,540
2025-07-08 20:44:00,12.461954,37.86893,2,540
2025-07-08 20:54:00,12.461954,37.86893,2,540
2025-07-08 21:04:00,12.461954,37.86893,2,540
2025-07-08 21:14:00,12.461954,37.86893,2,540
2025-07-08 21:24:00,12.461954,37.86893,2,540
2025-07-08 21:34:00,12.461954,37.86893,2,540
2025-07-08 21:44:00,12.461954,37.86893,2,540
2025-07-08 21:54:00,12.461954,37.86893,2,540
2025-07-08 22:04:00,12.461954,37.86893,2,540
2025-07-08 22:14:00,12.461954,37.86893,2,540
2025-07-08 22:24:00,12.461954,37.86893,2,540
2025-07-08 22:34:00,12.461954,37.86893,2,540
2025-07-08 22:44:00,12.461954,37.86893,2,540
2025-07-08 22:54:00,12.461954,37.86893,2,540
2025-07-08 23:04:00,12.461954,37.86893,2,540
2025-07-08 23:14:00,12.461954,37.86893,2,540
2025-07-08 23:24:00,12.461954,37.86893,2,540
2025-07-08 23:34:00,12.461954,37.86893,2,540
2025-07-08 23:44:00,12.461954,37.86893,2,540
2025-07-08 23:54:00,12.461954,37.86893,2,540
2025-07-09 00:04:00,12.461954,37.86893,2,540
2025-07-09 00:14:00,12.461954,37.86893,2,540
2025-07-09 00:24:00,12.461954,37.86893,2,540
2025-07-09 00:34:00,12.461954,37.86893,2,540
2025-07-09 00:44:00,12.461954,37.86893,2,540
2025-07-09 00:54:00,12.461954,37.86893,2,540
2025-07-09 01:04:00,12.461954,37.86893,2,540
2025-07-09 01:14:00,12.461954,37.86893,2,540
2025-07-09 01:24:00,12.461954,37.86893,2,540
2025-07-09 01:34:00,12.461954,37.86893,2,540
2025-07-09 01:44:00,12.461954,37.86893,2,540
2025-07-09 01:54:00,12.461954,37.86893,2,540
2025-07-09 02:04:00,12.461954,37.86893,2,540
2025-07-09 02:14:00,12.461954,37.86893,2,540
2025-07-09 02:24:00,12.461954,37.86893,2,540
2025-07-09 02:34:00,12.461954,37.86893,2,540
2025-07-09 02:44:00,12.461954,37.86893,2,540
2025-07-09 02:54:00,12.461954,37.86893,2,540
2025-07-09 03:04:00,12.461954,37.86893,2,540
2025-07-09 03:14:00,12.461954,37.86893,2,540
2025-07-09 03:24:00,12.461954,37.86893,2,540
2025-07-09 03:34:00,12.461954,37.86893,2,540
2025-07-09 03:44:00,12.461954,37.86893,2,540
2025-07-09 03:54:00,12.461954,37.86893,2,540
2025-07-09 04:04:00,12.461954,37.86893,2,540
2025-07-09 04:14:00,12.461954,37.86893,2,540
2025-07-09 04:24:00,12.461954,37.86893,2,540
2025-07-09 04:34:00,12.461954,37.86893,2,540
2025-07-09 04:44:00,12.461954,37.86893,2,540
2025-07-09 04:54:00,12.461954,37.86893,2,540
2025-07-09 05:04:00,12.461954,37.86893,2,540
2025-07-09 05:14:00,12.461954,37.86893,2,540
2025-07-09 05:24:00,12.461954,37.86893,2,540
2025-07-09 05:34:00,12.461954,37.86893,2,540
2025-07-09 05:44:00,12.461954,37.86893,2,540
2025-07-09 05:54:00,12.461954,37.86893,2,540
2025-07-09 06:04:00,12.461954,37.86893,2,540
2025-07-09 06:14:00,12.461954,37.86893,2,540
2025-07-09 06:24:00,12.461954,37.86893,2,540
2025-07-09 06:34:00,12.461954,37.86893,2,540
2025-07-09 06:44:00,12.461954,37.86893,2,540
2025-07-09 06:54:00,12.461954,37.86893,2,540
2025-07-09 07:04:00,12.461954,37.86893,2,540
2025-07-09 07:14:00,12.461954,37.86893,2,540
2025-07-09 07:24:00,12.461954,37.86893,2,540
2025-07-09 07:34:00,12.461954,37.86893,2,540
2025-07-09 07:44:00,12.461954,37.86893,2,540
2025-07-09 07:54:00,12.461954,37.86893,2,540
2025-07-09 08:04:00,12.461954,37.86893,2,540
2025-07-09 08:14:00,12.461954,37.86893,2,540
2025-07-09 08:24:00,12.461954,37.86893,2,540
2025-07-09 08:34:00,12.461954,37.86893,2,540
2025-07-09 08:44:00,12.461954,37.86893,2,540
2025-07-09 08:54:00,12.461954,37.86893,2,540
2025-07-09 09:04:00,12.461954,37.86893,2,540
2025-07-09 09:14:00,12.461954,37.86893,2,540
2025-07-09 09:24:00,12.461954,37.86893,2,540
2025-07-09 09:34:00,12.461954,37.86893,2,540
2025-07-09 09:44:00,12.462066,37.86817,2,540
2025-07-09 09:54:00,12.462066,37.86817,2,540
2025-07-09 10:04:00,12.462066,37.86817,2,540
2025-07-09 10:14:00,12.462066,37.86817,2,540
2025-07-09 10:24:00,12.462066,37.86817,2,540
2025-07-09 10:34:00,12.462066,37.86817,2,540
2025-07-09 10:44:00,12.462066,37.86817,2,540
2025-07-09 10:54:00,12.462066,37.86817,2,540
2025-07-09 11:04:00,12.462066,37.86817,2,540
2025-07-09 11:14:00,12.462066,37.86817,2,540
2025-07-09 11:24:00,12.462066,37.86817,2,540
2025-07-09 11:34:00,12.462066,37.86817,2,540
2025-07-09 11:44:00,12.462066,37.86817,2,540
2025-07-09 11:54:00,12.462066,37.86817,2,540
2025-07-09 12:04:00,12.462066,37.86817,2,540
2025-07-09 12:14:00,12.462066,37.86817,2,540
2025-07-09 12:24:00,12.462066,37.86817,2,540
2025-07-09 12:34:00,12.462066,37.86817,2,540
2025-07-09 12:44:00,12.462066,37.86817,2,540
2025-07-09 12:54:00,12.462066,37.86817,2,540
2025-07-09 13:04:00,12.462066,37.86817,2,540
2025-07-09 13:14:00,12.462066,37.86817,2,540
2025-07-09 13:24:00,12.462066,37.86817,2,540
2025-07-09 13:34:00,12.462066,37.86817,2,540
2025-07-09 13:44:00,12.462066,37.86817,2,540
2025-07-09 13:54:00,12.462066,37.86817,2,540
2025-07-09 14:04:00,12.462066,37.86817,2,540
2025-07-09 14:14:00,12.462087,37.86744,2,540
2025-07-09 14:24:00,12.462081,37.866028,2,540
2025-07-09 14:34:00,12.461985,37.864716,2,540
2025-07-09 14:44:00,12.46172,37.86352,2,540
2025-07-09 14:54:00,12.461423,37.862362,2,540
2025-07-09 15:04:00,12.461163,37.861214,2,540
2025-07-09 15:14:00,12.461035,37.86008,2,540
2025-07-09 15:24:00,12.461059,37.85898,2,540
2025-07-09 15:34:00,12.461133,37.857925,2,540
2025-07-09 15:44:00,12.461202,37.856884,2,540
2025-07-09 15:54:00,12.461196,37.85586,2,540
2025-07-09 16:04:00,12.461108,37.854893,2,540
2025-07-09 16:14:00,12.460955,37.853973,2,540
2025-07-09 16:24:00,12.460763,37.853077,2,540
2025-07-09 16:34:00,12.460582,37.852173,2,540
2025-07-09 16:44:00,12.460403,37.85125,2,540
2025-07-09 16:54:00,12.460252,37.850304,2,540
2025-07-09 17:04:00,12.460124,37.849323,2,540
2025-07-09 17:14:00,12.459992,37.84834,2,540
2025-07-09 17:24:00,12.459848,37.847347,2,540
2025-07-09 17:34:00,12.459701,37.846348,2,540
2025-07-09 17:44:00,12.459552,37.84536,2,540
2025-07-09 17:54:00,12.459416,37.84438,2,540
2025-07-09 18:04:00,12.459309,37.843414,2,540
2025-07-09 18:14:00,12.459224,37.842453,2,540
2025-07-09 18:24:00,12.459161,37.84149,2,540
2025-07-09 18:34:00,12.459065,37.84052,2,540
2025-07-09 18:44:00,12.458947,37.839527,2,540
2025-07-09 18:54:00,12.458777,37.83853,2,540
2025-07-09 19:04:00,12.45854,37.837555,2,540
2025-07-09 19:14:00,12.458238,37.83658,2,540
2025-07-09 19:24:00,12.457872,37.835613,2,540
2025-07-09 19:34:00,12.457546,37.834637,2,540
2025-07-09 19:44:00,12.457282,37.83363,2,540
2025-07-09 19:54:00,12.45711,37.83259,2,540
2025-07-09 20:04:00,12.457048,37.831528,2,540
2025-07-09 20:14:00,12.456989,37.83047,2,540
2025-07-09 20:24:00,12.456901,37.829437,2,540
2025-07-09 20:34:00,12.456766,37.82842,2,540
2025-07-09 20:44:00,12.4566145,37.827427,2,540
2025-07-09 20:54:00,12.456444,37.826496,2,540
2025-07-09 21:04:00,12.456248,37.825638,2,540
2025-07-09 21:14:00,12.456087,37.824825,2,540
2025-07-09 21:24:00,12.455982,37.824043,2,540
2025-07-09 21:34:00,12.455924,37.82327,2,540
2025-07-09 21:44:00,12.455873,37.822445,2,540
2025-07-09 21:54:00,12.455815,37.821568,2,540
2025-07-09 22:04:00,12.455708,37.820675,2,540
2025-07-09 22:14:00,12.455554,37.819794,2,540
2025-07-09 22:24:00,12.455376,37.818962,2,540
2025-07-09 22:34:00,12.455188,37.818195,2,540
2025-07-09 22:44:00,12.454999,37.81746,2,540
2025-07-09 22:54:00,12.4548235,37.81673,2,540
2025-07-09 23:04:00,12.454666,37.816006,2,540
2025-07-09 23:14:00,12.454666,37.816006,2,540
2025-07-09 23:24:00,12.454666,37.816006,2,540
2025-07-09 23:34:00,12.454666,37.816006,2,540
2025-07-09 23:44:00,12.454666,37.816006,2,540
2025-07-09 23:54:00,12.454666,37.816006,2,540
2025-07-10 00:04:00,12.454666,37.816006,2,540
2025-07-08 07:44:00,12.45682,37.86801,2,7510
2025-07-08 07:54:00,12.457253,37.868153,2,7510
2025-07-08 08:04:00,12.457705,37.868313,2,7510
2025-07-08 08:14:00,12.458164,37.868458,2,7510
2025-07-08 08:24:00,12.458626,37.868576,2,7510
2025-07-08 08:34:00,12.459087,37.868664,2,7510
2025-07-08 08:44:00,12.459552,37.86874,2,7510
2025-07-08 08:54:00,12.460019,37.868805,2,7510
2025-07-08 09:04:00,12.46049,37.868866,2,7510
2025-07-08 09:14:00,12.4609785,37.868908,2,7510
2025-07-08 09:24:00,12.461493,37.868923,2,7510
2025-07-08 09:34:00,12.462034,37.868916,2,7510
2025-07-08 09:44:00,12.462034,37.868916,2,7510
2025-07-08 09:54:00,12.462034,37.868916,2,7510
2025-07-08 10:04:00,12.462034,37.868916,2,7510
2025-07-08 10:14:00,12.462034,37.868916,2,7510
2025-07-08 10:24:00,12.462034,37.868916,2,7510
2025-07-08 10:34:00,12.462034,37.868916,2,7510
2025-07-08 10:44:00,12.462034,37.868916,2,7510
2025-07-08 10:54:00,12.462034,37.868916,2,7510
2025-07-08 11:04:00,12.462034,37.868916,2,7510
2025-07-08 11:14:00,12.462034,37.868916,2,7510
2025-07-08 11:24:00,12.462034,37.868916,2,7510
2025-07-08 11:34:00,12.462034,37.868916,2,7510
2025-07-08 11:44:00,12.462034,37.868916,2,7510
2025-07-08 11:54:00,12.462034,37.868916,2,7510
2025-07-08 12:04:00,12.462034,37.868916,2,7510
2025-07-08 12:14:00,12.462034,37.868916,2,7510
2025-07-08 12:24:00,12.462034,37.868916,2,7510
2025-07-08 12:34:00,12.462034,37.868916,2,7510
2025-07-08 12:44:00,12.462034,37.868916,2,7510
2025-07-08 12:54:00,12.462034,37.868916,2,7510
2025-07-08 13:04:00,12.462034,37.868916,2,7510
2025-07-08 13:14:00,12.462034,37.868916,2,7510
2025-07-08 13:24:00,12.462034,37.868916,2,7510
2025-07-08 13:34:00,12.462034,37.868916,2,7510
2025-07-08 13:44:00,12.462034,37.868916,2,7510
2025-07-08 13:54:00,12.462034,37.868916,2,7510
2025-07-08 14:04:00,12.462034,37.868916,2,7510
2025-07-08 14:14:00,12.462034,37.868916,2,7510
2025-07-08 14:24:00,12.462034,37.868916,2,7510
2025-07-08 14:34:00,12.462034,37.868916,2,7510
2025-07-08 14:44:00,12.462034,37.868916,2,7510
2025-07-08 14:54:00,12.462034,37.868916,2,7510
2025-07-08 15:04:00,12.462034,37.868916,2,7510
2025-07-08 15:14:00,12.462034,37.868916,2,7510
2025-07-08 15:24:00,12.462034,37.868916,2,7510
2025-07-08 15:34:00,12.462034,37.868916,2,7510
2025-07-08 15:44:00,12.462034,37.868916,2,7510
2025-07-08 15:54:00,12.462034,37.868916,2,7510
2025-07-08 16:04:00,12.462034,37.868916,2,7510
2025-07-08 16:14:00,12.462034,37.868916,2,7510
2025-07-08 16:24:00,12.462034,37.868916,2,7510
2025-07-08 16:34:00,12.462034,37.868916,2,7510
2025-07-08 16:44:00,12.462034,37.868916,2,7510
2025-07-08 16:54:00,12.462034,37.868916,2,7510
2025-07-08 17:04:00,12.462034,37.868916,2,7510
2025-07-08 17:14:00,12.462034,37.868916,2,7510
2025-07-08 17:24:00,12.462034,37.868916,2,7510
2025-07-08 17:34:00,12.462034,37.868916,2,7510
2025-07-08 17:44:00,12.462034,37.868916,2,7510
2025-07-08 17:54:00,12.462034,37.868916,2,7510
2025-07-08 18:04:00,12.462034,37.868916,2,7510
2025-07-08 18:14:00,12.462034,37.868916,2,7510
2025-07-08 18:24:00,12.462034,37.868916,2,7510
2025-07-08 18:34:00,12.462034,37.868916,2,7510
2025-07-08 18:44:00,12.462034,37.868916,2,7510
2025-07-08 18:54:00,12.462034,37.868916,2,7510
2025-07-08 19:04:00,12.462034,37.868916,2,7510
2025-07-08 19:14:00,12.462034,37.868916,2,7510
2025-07-08 19:24:00,12.462034,37.868916,2,7510
2025-07-08 19:34:00,12.462034,37.868916,2,7510
2025-07-08 19:44:00,12.462034,37.868916,2,7510
2025-07-08 19:54:00,12.462034,37.868916,2,7510
2025-07-08 20:04:00,12.462034,37.868916,2,7510
2025-07-08 20:14:00,12.462034,37.868916,2,7510
2025-07-08 20:24:00,12.462034,37.868916,2,7510
2025-07-08 20:34:00,12.462034,37.868916,2,7510
2025-07-08 20:44:00,12.462034,37.868916,2,7510
2025-07-08 20:54:00,12.462034,37.868916,2,7510
2025-07-08 21:04:00,12.462034,37.868916,2,7510
2025-07-08 21:14:00,12.462034,37.868916,2,7510
2025-07-08 21:24:00,12.462034,37.868916,2,7510
2025-07-08 21:34:00,12.462034,37.868916,2,7510
2025-07-08 21:44:00,12.462034,37.868916,2,7510
2025-07-08 21:54:00,12.462034,37.868916,2,7510
2025-07-08 22:04:00,12.462034,37.868916,2,7510
2025-07-08 22:14:00,12.462034,37.868916,2,7510
2025-07-08 22:24:00,12.462034,37.868916,2,7510
2025-07-08 22:34:00,12.462034,37.868916,2,7510
2025-07-08 22:44:00,12.462034,37.868916,2,7510
2025-07-08 22:54:00,12.462034,37.868916,2,7510
2025-07-08 23:04:00,12.462034,37.868916,2,7510
2025-07-08 23:14:00,12.462034,37.868916,2,7510
2025-07-08 23:24:00,12.462034,37.868916,2,7510
2025-07-08 23:34:00,12.462034,37.868916,2,7510
2025-07-08 23:44:00,12.462034,37.868916,2,7510
2025-07-08 23:54:00,12.462034,37.868916,2,7510
2025-07-09 00:04:00,12.462034,37.868916,2,7510
2025-07-09 00:14:00,12.462034,37.868916,2,7510
2025-07-09 00:24:00,12.462034,37.868916,2,7510
2025-07-09 00:34:00,12.462034,37.868916,2,7510
2025-07-09 00:44:00,12.462034,37.868916,2,7510
2025-07-09 00:54:00,12.462034,37.868916,2,7510
2025-07-09 01:04:00,12.462034,37.868916,2,7510
2025-07-09 01:14:00,12.462034,37.868916,2,7510
2025-07-09 01:24:00,12.462034,37.868916,2,7510
2025-07-09 01:34:00,12.462034,37.868916,2,7510
2025-07-09 01:44:00,12.462034,37.868916,2,7510
2025-07-09 01:54:00,12.462034,37.868916,2,7510
2025-07-09 02:04:00,12.462034,37.868916,2,7510
2025-07-09 02:14:00,12.462034,37.868916,2,7510
2025-07-09 02:24:00,12.462034,37.868916,2,7510
2025-07-09 02:34:00,12.462034,37.868916,2,7510
2025-07-09 02:44:00,12.462034,37.868916,2,7510
2025-07-09 02:54:00,12.462034,37.868916,2,7510
2025-07-09 03:04:00,12.462034,37.868916,2,7510
2025-07-09 03:14:00,12.462034,37.868916,2,7510
2025-07-09 03:24:00,12.462034,37.868916,2,7510
2025-07-09 03:34:00,12.462034,37.868916,2,7510
2025-07-09 03:44:00,12.462034,37.868916,2,7510
2025-07-09 03:54:00,12.462034,37.868916,2,7510
2025-07-09 04:04:00,12.462034,37.868916,2,7510
2025-07-09 04:14:00,12.462034,37.868916,2,7510
2025-07-09 04:24:00,12.462034,37.868916,2,7510
2025-07-09 04:34:00,12.462034,37.868916,2,7510
2025-07-09 04:44:00,12.462034,37.868916,2,7510
2025-07-09 04:54:00,12.462034,37.868916,2,7510
2025-07-09 05:04:00,12.462034,37.868916,2,7510
2025-07-09 05:14:00,12.462034,37.868916,2,7510
2025-07-09 05:24:00,12.462034,37.868916,2,7510
2025-07-09 05:34:00,12.462034,37.868916,2,7510
2025-07-09 05:44:00,12.462034,37.868916,2,7510
2025-07-09 05:54:00,12.462034,37.868916,2,7510
2025-07-09 06:04:00,12.462034,37.868916,2,7510
2025-07-09 06:14:00,12.462034,37.868916,2,7510
2025-07-09 06:24:00,12.462034,37.868916,2,7510
2025-07-09 06:34:00,12.462034,37.868916,2,7510
2025-07-09 06:44:00,12.462034,37.868916,2,7510
2025-07-09 06:54:00,12.462034,37.868916,2,7510
2025-07-09 07:04:00,12.462034,37.868916,2,7510
2025-07-09 07:14:00,12.462034,37.868916,2,7510
2025-07-09 07:24:00,12.462034,37.868916,2,7510
2025-07-09 07:34:00,12.462034,37.868916,2,7510
2025-07-09 07:44:00,12.462034,37.868916,2,7510
2025-07-09 07:54:00,12.462034,37.868916,2,7510
2025-07-09 08:04:00,12.462034,37.868916,2,7510
2025-07-09 08:14:00,12.462034,37.868916,2,7510
2025-07-09 08:24:00,12.462034,37.868916,2,7510
2025-07-09 08:34:00,12.462034,37.868916,2,7510
2025-07-09 08:44:00,12.462034,37.868916,2,7510
2025-07-09 08:54:00,12.462034,37.868916,2,7510
2025-07-09 09:04:00,12.462034,37.868916,2,7510
2025-07-09 09:14:00,12.462034,37.868916,2,7510
2025-07-09 09:24:00,12.462034,37.868916,2,7510
2025-07-09 09:34:00,12.462034,37.868916,2,7510
2025-07-09 09:44:00,12.462034,37.868916,2,7510
2025-07-09 09:54:00,12.462034,37.868916,2,7510
2025-07-09 10:04:00,12.462034,37.868916,2,7510
2025-07-09 10:14:00,12.462034,37.868916,2,7510
2025-07-09 10:24:00,12.462034,37.868916,2,7510
2025-07-09 10:34:00,12.462034,37.868916,2,7510
2025-07-09 10:44:00,12.462034,37.868916,2,7510
2025-07-09 10:54:00,12.462034,37.868916,2,7510
2025-07-09 11:04:00,12.462034,37.868916,2,7510
2025-07-09 11:14:00,12.462034,37.868916,2,7510
2025-07-09 11:24:00,12.462034,37.868916,2,7510
2025-07-09 11:34:00,12.462034,37.868916,2,7510
2025-07-09 11:44:00,12.462034,37.868916,2,7510
2025-07-09 11:54:00,12.462034,37.868916,2,7510
2025-07-09 12:04:00,12.462034,37.868916,2,7510
2025-07-09 12:14:00,12.462034,37.868916,2,7510
2025-07-09 12:24:00,12.462034,37.868916,2,7510
2025-07-09 12:34:00,12.462034,37.868916,2,7510
2025-07-09 12:44:00,12.462034,37.868916,2,7510
2025-07-09 12:54:00,12.462034,37.868916,2,7510
2025-07-09 13:04:00,12.462034,37.868916,2,7510
2025-07-09 13:14:00,12.462034,37.868916,2,7510
2025-07-09 13:24:00,12.462034,37.868916,2,7510
2025-07-09 13:34:00,12.462034,37.868916,2,7510
2025-07-09 13:44:00,12.462034,37.868916,2,7510
2025-07-09 13:54:00,12.462034,37.868916,2,7510
2025-07-09 14:04:00,12.462034,37.868916,2,7510
2025-07-09 14:14:00,12.462061,37.86818,2,7510
2025-07-09 14:24:00,12.462075,37.866695,2,7510
2025-07-09 14:34:00,12.462023,37.865307,2,7510
2025-07-09 14:44:00,12.461819,37.864037,2,7510
2025-07-09 14:54:00,12.461495,37.862854,2,7510
2025-07-09 15:04:00,12.461198,37.861694,2,7510
2025-07-09 15:14:00,12.461001,37.860573,2,7510
2025-07-09 15:24:00,12.460981,37.859478,2,7510
2025-07-09 15:34:00,12.461043,37.85843,2,7510
2025-07-09 15:44:00,12.461125,37.857384,2,7510
2025-07-09 15:54:00,12.461149,37.85635,2,7510
2025-07-09 16:04:00,12.461089,37.85536,2,7510
2025-07-09 16:14:00,12.460959,37.854412,2,7510
2025-07-09 16:24:00,12.460773,37.853497,2,7510
2025-07-09 16:34:00,12.460584,37.852585,2,7510
2025-07-09 16:44:00,12.460395,37.85165,2,7510
2025-07-09 16:54:00,12.460222,37.850693,2,7510
2025-07-09 17:04:00,12.460078,37.849705,2,7510
2025-07-09 17:14:00,12.459936,37.84871,2,7510
2025-07-09 17:24:00,12.459783,37.847713,2,7510
2025-07-09 17:34:00,12.459622,37.84671,2,7510
2025-07-09 17:44:00,12.459459,37.84572,2,7510
2025-07-09 17:54:00,12.459305,37.844738,2,7510
2025-07-09 18:04:00,12.459177,37.84377,2,7510
2025-07-09 18:14:00,12.459078,37.842804,2,7510
2025-07-09 18:24:00,12.459003,37.84184,2,7510
2025-07-09 18:34:00,12.45892,37.840874,2,7510
2025-07-09 18:44:00,12.458811,37.83988,2,7510
2025-07-09 18:54:00,12.45867,37.838875,2,7510
2025-07-09 19:04:00,12.458461,37.837883,2,7510
2025-07-09 19:14:00,12.458187,37.8369,2,7510
2025-07-09 19:24:00,12.457849,37.835915,2,7510
2025-07-09 19:34:00,12.45751,37.83493,2,7510
2025-07-09 19:44:00,12.457235,37.83391,2,7510
2025-07-09 19:54:00,12.457034,37.832863,2,7510
2025-07-09 20:04:00,12.456944,37.83179,2,7510
2025-07-09 20:14:00,12.456881,37.830734,2,7510
2025-07-09 20:24:00,12.456789,37.82969,2,7510
2025-07-09 20:34:00,12.456654,37.828667,2,7510
2025-07-09 20:44:00,12.456502,37.827663,2,7510
2025-07-09 20:54:00,12.456333,37.826717,2,7510
2025-07-09 21:04:00,12.456138,37.825844,2,7510
2025-07-09 21:14:00,12.45596,37.82502,2,7510
2025-07-09 21:24:00,12.455837,37.824234,2,7510
2025-07-09 21:34:00,12.455761,37.823463,2,7510
2025-07-09 21:44:00,12.455695,37.82266,2,7510
2025-07-09 21:54:00,12.455629,37.821804,2,7510
2025-07-09 22:04:00,12.45553,37.82092,2,7510
2025-07-09 22:14:00,12.455387,37.820045,2,7510
2025-07-09 22:24:00,12.455217,37.819206,2,7510
2025-07-09 22:34:00,12.455035,37.81843,2,7510
2025-07-09 22:44:00,12.45485,37.81769,2,7510
2025-07-09 22:54:00,12.454676,37.81696,2,7510
2025-07-09 23:04:00,12.45452,37.816235,2,7510
2025-07-09 23:14:00,12.45445,37.815876,2,7510
2025-07-09 23:24:00,12.45445,37.815876,2,7510
2025-07-09 23:34:00,12.45445,37.815876,2,7510
2025-07-09 23:44:00,12.45445,37.815876,2,7510
2025-07-09 23:54:00,12.45445,37.815876,2,7510
2025-07-10 00:04:00,12.45445,37.815876,2,7510
2025-07-08 07:44:00,12.44981,37.88916,3,2520
2025-07-08 07:54:00,12.45028,37.889595,3,2520
2025-07-08 08:04:00,12.450772,37.890022,3,2520
2025-07-08 08:14:00,12.451279,37.89042,3,2520
2025-07-08 08:24:00,12.451805,37.890793,3,2520
2025-07-08 08:34:00,12.452347,37.89114,3,2520
2025-07-08 08:44:00,12.452927,37.891483,3,2520
2025-07-08 08:54:00,12.45355,37.89181,3,2520
2025-07-08 09:04:00,12.454217,37.89211,3,2520
2025-07-08 09:14:00,12.454943,37.892296,3,2520
2025-07-08 09:24:00,12.455745,37.89232,3,2520
2025-07-08 09:34:00,12.456659,37.89221,3,2520
2025-07-08 09:44:00,12.457811,37.89204,3,2520
2025-07-08 09:54:00,12.459183,37.891834,3,2520
2025-07-08 10:04:00,12.4605875,37.891724,3,2520
2025-07-08 10:14:00,12.461926,37.89166,3,2520
2025-07-08 10:24:00,12.463163,37.89162,3,2520
2025-07-08 10:34:00,12.463738,37.8916,3,2520
2025-07-08 10:44:00,12.463738,37.8916,3,2520
2025-07-08 10:54:00,12.463738,37.8916,3,2520
2025-07-08 11:04:00,12.463738,37.8916,3,2520
2025-07-08 11:14:00,12.463738,37.8916,3,2520
2025-07-08 11:24:00,12.463738,37.8916,3,2520
2025-07-08 11:34:00,12.463738,37.8916,3,2520
2025-07-08 11:44:00,12.463738,37.8916,3,2520
2025-07-08 11:54:00,12.463738,37.8916,3,2520
2025-07-08 12:04:00,12.463738,37.8916,3,2520
2025-07-08 12:14:00,12.463738,37.8916,3,2520
2025-07-08 12:24:00,12.463738,37.8916,3,2520
2025-07-08 12:34:00,12.463738,37.8916,3,2520
2025-07-08 12:44:00,12.463738,37.8916,3,2520
2025-07-08 12:54:00,12.463738,37.8916,3,2520
2025-07-08 13:04:00,12.463738,37.8916,3,2520
2025-07-08 13:14:00,12.463738,37.8916,3,2520
2025-07-08 13:24:00,12.463738,37.8916,3,2520
2025-07-08 13:34:00,12.463738,37.8916,3,2520
2025-07-08 13:44:00,12.463738,37.8916,3,2520
2025-07-08 13:54:00,12.463738,37.8916,3,2520
2025-07-08 14:04:00,12.463738,37.8916,3,2520
2025-07-08 14:14:00,12.463738,37.8916,3,2520
2025-07-08 14:24:00,12.463738,37.8916,3,2520
2025-07-08 14:34:00,12.463738,37.8916,3,2520
2025-07-08 14:44:00,12.463738,37.8916,3,2520
2025-07-08 14:54:00,12.463738,37.8916,3,2520
2025-07-08 15:04:00,12.463738,37.8916,3,2520
2025-07-08 15:14:00,12.463738,37.8916,3,2520
2025-07-08 15:24:00,12.463738,37.8916,3,2520
2025-07-08 15:34:00,12.463738,37.8916,3,2520
2025-07-08 15:44:00,12.463738,37.8916,3,2520
2025-07-08 15:54:00,12.463738,37.8916,3,2520
2025-07-08 16:04:00,12.463738,37.8916,3,2520
2025-07-08 16:14:00,12.463738,37.8916,3,2520
2025-07-08 16:24:00,12.463738,37.8916,3,2520
2025-07-08 16:34:00,12.463738,37.8916,3,2520
2025-07-08 16:44:00,12.463738,37.8916,3,2520
2025-07-08 16:54:00,12.463738,37.8916,3,2520
2025-07-08 17:04:00,12.463738,37.8916,3,2520
2025-07-08 17:14:00,12.463738,37.8916,3,2520
2025-07-08 17:24:00,12.463738,37.8916,3,2520
2025-07-08 17:34:00,12.463738,37.8916,3,2520
2025-07-08 17:44:00,12.463738,37.8916,3,2520
2025-07-08 17:54:00,12.463738,37.8916,3,2520
2025-07-08 18:04:00,12.463738,37.8916,3,2520
2025-07-08 18:14:00,12.463738,37.8916,3,2520
2025-07-08 18:24:00,12.463738,37.8916,3,2520
2025-07-08 18:34:00,12.463738,37.8916,3,2520
2025-07-08 18:44:00,12.463738,37.8916,3,2520
2025-07-08 18:54:00,12.463738,37.8916,3,2520
2025-07-08 19:04:00,12.463738,37.8916,3,2520
2025-07-08 19:14:00,12.463738,37.8916,3,2520
2025-07-08 19:24:00,12.463738,37.8916,3,2520
2025-07-08 19:34:00,12.463738,37.8916,3,2520
2025-07-08 19:44:00,12.463738,37.8916,3,2520
2025-07-08 19:54:00,12.463738,37.8916,3,2520
2025-07-08 20:04:00,12.463738,37.8916,3,2520
2025-07-08 20:14:00,12.463738,37.8916,3,2520
2025-07-08 20:24:00,12.463738,37.8916,3,2520
2025-07-08 20:34:00,12.463738,37.8916,3,2520
2025-07-08 20:44:00,12.463738,37.8916,3,2520
2025-07-08 20:54:00,12.463738,37.8916,3,2520
2025-07-08 21:04:00,12.463738,37.8916,3,2520
2025-07-08 21:14:00,12.463738,37.8916,3,2520
2025-07-08 21:24:00,12.463738,37.8916,3,2520
2025-07-08 21:34:00,12.463738,37.8916,3,2520
2025-07-08 21:44:00,12.463738,37.8916,3,2520
2025-07-08 21:54:00,12.463738,37.8916,3,2520
2025-07-08 22:04:00,12.463738,37.8916,3,2520
2025-07-08 22:14:00,12.463738,37.8916,3,2520
2025-07-08 22:24:00,12.463738,37.8916,3,2520
2025-07-08 22:34:00,12.463738,37.8916,3,2520
2025-07-08 22:44:00,12.463738,37.8916,3,2520
2025-07-08 22:54:00,12.463738,37.8916,3,2520
2025-07-08 23:04:00,12.463738,37.8916,3,2520
2025-07-08 23:14:00,12.463738,37.8916,3,2520
2025-07-08 23:24:00,12.463738,37.8916,3,2520
2025-07-08 23:34:00,12.463738,37.8916,3,2520
2025-07-08 23:44:00,12.463738,37.8916,3,2520
2025-07-08 23:54:00,12.463738,37.8916,3,2520
2025-07-09 00:04:00,12.463738,37.8916,3,2520
2025-07-09 00:14:00,12.463738,37.8916,3,2520
2025-07-09 00:24:00,12.463738,37.8916,3,2520
2025-07-09 00:34:00,12.463738,37.8916,3,2520
2025-07-09 00:44:00,12.463738,37.8916,3,2520
2025-07-09 00:54:00,12.463738,37.8916,3,2520
2025-07-09 01:04:00,12.463738,37.8916,3,2520
2025-07-09 01:14:00,12.463738,37.8916,3,2520
2025-07-09 01:24:00,12.463738,37.8916,3,2520
2025-07-09 01:34:00,12.463738,37.8916,3,2520
2025-07-09 01:44:00,12.463738,37.8916,3,2520
2025-07-09 01:54:00,12.463738,37.8916,3,2520
2025-07-09 02:04:00,12.463738,37.8916,3,2520
2025-07-09 02:14:00,12.463738,37.8916,3,2520
2025-07-09 02:24:00,12.463738,37.8916,3,2520
2025-07-09 02:34:00,12.463738,37.8916,3,2520
2025-07-09 02:44:00,12.463738,37.8916,3,2520
2025-07-09 02:54:00,12.463738,37.8916,3,2520
2025-07-09 03:04:00,12.463738,37.8916,3,2520
2025-07-09 03:14:00,12.463738,37.8916,3,2520
2025-07-09 03:24:00,12.463738,37.8916,3,2520
2025-07-09 03:34:00,12.463738,37.8916,3,2520
2025-07-09 03:44:00,12.463738,37.8916,3,2520
2025-07-09 03:54:00,12.463738,37.8916,3,2520
2025-07-09 04:04:00,12.463738,37.8916,3,2520
2025-07-09 04:14:00,12.463738,37.8916,3,2520
2025-07-09 04:24:00,12.463738,37.8916,3,2520
2025-07-09 04:34:00,12.463738,37.8916,3,2520
2025-07-09 04:44:00,12.463738,37.8916,3,2520
2025-07-09 04:54:00,12.463738,37.8916,3,2520
2025-07-09 05:04:00,12.463738,37.8916,3,2520
2025-07-09 05:14:00,12.463738,37.8916,3,2520
2025-07-09 05:24:00,12.463738,37.8916,3,2520
2025-07-09 05:34:00,12.463738,37.8916,3,2520
2025-07-09 05:44:00,12.463738,37.8916,3,2520
2025-07-09 05:54:00,12.463738,37.8916,3,2520
2025-07-09 06:04:00,12.463738,37.8916,3,2520
2025-07-09 06:14:00,12.463738,37.8916,3,2520
2025-07-09 06:24:00,12.464329,37.89104,3,2520
2025-07-09 06:34:00,12.465419,37.889862,3,2520
2025-07-09 06:44:00,12.466368,37.888577,3,2520
2025-07-09 06:54:00,12.467179,37.887177,3,2520
2025-07-09 07:04:00,12.467753,37.885445,3,2520
2025-07-09 07:14:00,12.468997,37.883476,3,2520
2025-07-09 07:24:00,12.470505,37.88195,3,2520
2025-07-09 07:34:00,12.472061,37.880424,3,2520
2025-07-09 07:44:00,12.473166,37.878975,3,2520
2025-07-09 07:54:00,12.473916,37.877544,3,2520
2025-07-09 08:04:00,12.474462,37.87618,3,2520
2025-07-09 08:14:00,12.474889,37.874897,3,2520
2025-07-09 08:24:00,12.4752445,37.873703,3,2520
2025-07-09 08:34:00,12.475586,37.872543,3,2520
2025-07-09 08:44:00,12.475952,37.871376,3,2520
2025-07-09 08:54:00,12.476342,37.870163,3,2520
2025-07-09 09:04:00,12.476723,37.868908,3,2520
2025-07-09 09:14:00,12.477022,37.86758,3,2520
2025-07-09 09:24:00,12.477176,37.866207,3,2520
2025-07-09 09:34:00,12.477188,37.86551,3,2520
2025-07-09 09:44:00,12.477188,37.86551,3,2520
2025-07-09 09:54:00,12.477188,37.86551,3,2520
2025-07-09 10:04:00,12.477188,37.86551,3,2520
2025-07-09 10:14:00,12.477188,37.86551,3,2520
2025-07-09 10:24:00,12.477188,37.86551,3,2520
2025-07-09 10:34:00,12.477188,37.86551,3,2520
2025-07-09 10:44:00,12.477188,37.86551,3,2520
2025-07-09 10:54:00,12.477188,37.86551,3,2520
2025-07-09 11:04:00,12.477188,37.86551,3,2520
2025-07-09 11:14:00,12.477188,37.86551,3,2520
2025-07-09 11:24:00,12.477188,37.86551,3,2520
2025-07-09 11:34:00,12.477188,37.86551,3,2520
2025-07-09 11:44:00,12.477188,37.86551,3,2520
2025-07-09 11:54:00,12.477188,37.86551,3,2520
2025-07-09 12:04:00,12.477188,37.86551,3,2520
2025-07-09 12:14:00,12.477188,37.86551,3,2520
2025-07-09 12:24:00,12.477188,37.86551,3,2520
2025-07-09 12:34:00,12.477188,37.86551,3,2520
2025-07-09 12:44:00,12.477188,37.86551,3,2520
2025-07-09 12:54:00,12.477188,37.86551,3,2520
2025-07-09 13:04:00,12.477188,37.86551,3,2520
2025-07-09 13:14:00,12.477188,37.86551,3,2520
2025-07-09 13:24:00,12.477188,37.86551,3,2520
2025-07-09 13:34:00,12.477188,37.86551,3,2520
2025-07-09 13:44:00,12.477188,37.86551,3,2520
2025-07-09 13:54:00,12.477188,37.86551,3,2520
2025-07-09 14:04:00,12.477188,37.86551,3,2520
2025-07-09 14:14:00,12.477188,37.86551,3,2520
2025-07-09 14:24:00,12.477188,37.86551,3,2520
2025-07-09 14:34:00,12.477188,37.86551,3,2520
2025-07-09 14:44:00,12.477188,37.86551,3,2520
2025-07-09 14:54:00,12.477188,37.86551,3,2520
2025-07-09 15:04:00,12.477188,37.86551,3,2520
2025-07-09 15:14:00,12.477188,37.86551,3,2520
2025-07-09 15:24:00,12.477188,37.86551,3,2520
2025-07-09 15:34:00,12.477188,37.86551,3,2520
2025-07-09 15:44:00,12.477188,37.86551,3,2520
2025-07-09 15:54:00,12.477188,37.86551,3,2520
2025-07-09 16:04:00,12.477188,37.86551,3,2520
2025-07-09 16:14:00,12.477188,37.86551,3,2520
2025-07-09 16:24:00,12.477188,37.86551,3,2520
2025-07-09 16:34:00,12.477188,37.86551,3,2520
2025-07-09 16:44:00,12.477188,37.86551,3,2520
2025-07-09 16:54:00,12.477188,37.86551,3,2520
2025-07-09 17:04:00,12.477188,37.86551,3,2520
2025-07-09 17:14:00,12.477188,37.86551,3,2520
2025-07-09 17:24:00,12.477188,37.86551,3,2520
2025-07-09 17:34:00,12.477188,37.86551,3,2520
2025-07-09 17:44:00,12.477188,37.86551,3,2520
2025-07-09 17:54:00,12.477188,37.86551,3,2520
2025-07-09 18:04:00,12.477188,37.86551,3,2520
2025-07-09 18:14:00,12.477188,37.86551,3,2520
2025-07-09 18:24:00,12.477188,37.86551,3,2520
2025-07-09 18:34:00,12.477188,37.86551,3,2520
2025-07-09 18:44:00,12.477188,37.86551,3,2520
2025-07-09 18:54:00,12.477188,37.86551,3,2520
2025-07-09 19:04:00,12.476969,37.86493,3,2520
2025-07-09 19:14:00,12.476969,37.86493,3,2520
2025-07-09 19:24:00,12.476969,37.86493,3,2520
2025-07-09 19:34:00,12.476969,37.86493,3,2520
2025-07-09 19:44:00,12.476969,37.86493,3,2520
2025-07-09 19:54:00,12.476969,37.86493,3,2520
2025-07-09 20:04:00,12.476969,37.86493,3,2520
2025-07-09 20:14:00,12.476969,37.86493,3,2520
2025-07-09 20:24:00,12.476969,37.86493,3,2520
2025-07-09 20:34:00,12.476969,37.86493,3,2520
2025-07-09 20:44:00,12.476969,37.86493,3,2520
2025-07-09 20:54:00,12.476969,37.86493,3,2520
2025-07-09 21:04:00,12.476969,37.86493,3,2520
2025-07-09 21:14:00,12.476969,37.86493,3,2520
2025-07-09 21:24:00,12.476969,37.86493,3,2520
2025-07-09 21:34:00,12.476969,37.86493,3,2520
2025-07-09 21:44:00,12.476969,37.86493,3,2520
2025-07-09 21:54:00,12.476969,37.86493,3,2520
2025-07-09 22:04:00,12.476969,37.86493,3,2520
2025-07-09 22:14:00,12.476969,37.86493,3,2520
2025-07-09 22:24:00,12.476969,37.86493,3,2520
2025-07-09 22:34:00,12.476969,37.86493,3,2520
2025-07-09 22:44:00,12.476969,37.86493,3,2520
2025-07-09 22:54:00,12.476969,37.86493,3,2520
2025-07-09 23:04:00,12.476969,37.86493,3,2520
2025-07-09 23:14:00,12.476969,37.86493,3,2520
2025-07-09 23:24:00,12.476969,37.86493,3,2520
2025-07-09 23:34:00,12.476969,37.86493,3,2520
2025-07-09 23:44:00,12.476969,37.86493,3,2520
2025-07-09 23:54:00,12.476969,37.86493,3,2520
2025-07-10 00:04:00,12.476969,37.86493,3,2520
2025-07-08 07:44:00,12.44976,37.88919,3,7520
2025-07-08 07:54:00,12.45023,37.88963,3,7520
2025-07-08 08:04:00,12.450721,37.89006,3,7520
2025-07-08 08:14:00,12.451228,37.89046,3,7520
2025-07-08 08:24:00,12.451756,37.890835,3,7520
2025-07-08 08:34:00,12.452296,37.891186,3,7520
2025-07-08 08:44:00,12.452874,37.89153,3,7520
2025-07-08 08:54:00,12.453496,37.89186,3,7520
2025-07-08 09:04:00,12.454159,37.892162,3,7520
2025-07-08 09:14:00,12.454877,37.892353,3,7520
2025-07-08 09:24:00,12.4556675,37.892376,3,7520
2025-07-08 09:34:00,12.456563,37.892258,3,7520
2025-07-08 09:44:00,12.457687,37.89209,3,7520
2025-07-08 09:54:00,12.459044,37.89188,3,7520
2025-07-08 10:04:00,12.460446,37.89176,3,7520
2025-07-08 10:14:00,12.461788,37.891697,3,7520
2025-07-08 10:24:00,12.463032,37.89166,3,7520
2025-07-08 10:34:00,12.46361,37.891644,3,7520
2025-07-08 10:44:00,12.46361,37.891644,3,7520
2025-07-08 10:54:00,12.46361,37.891644,3,7520
2025-07-08 11:04:00,12.46361,37.891644,3,7520
2025-07-08 11:14:00,12.46361,37.891644,3,7520
2025-07-08 11:24:00,12.46361,37.891644,3,7520
2025-07-08 11:34:00,12.46361,37.891644,3,7520
2025-07-08 11:44:00,12.46361,37.891644,3,7520
2025-07-08 11:54:00,12.46361,37.891644,3,7520
2025-07-08 12:04:00,12.46361,37.891644,3,7520
2025-07-08 12:14:00,12.46361,37.891644,3,7520
2025-07-08 12:24:00,12.46361,37.891644,3,7520
2025-07-08 12:34:00,12.46361,37.891644,3,7520
2025-07-08 12:44:00,12.46361,37.891644,3,7520
2025-07-08 12:54:00,12.46361,37.891644,3,7520
2025-07-08 13:04:00,12.46361,37.891644,3,7520
2025-07-08 13:14:00,12.46361,37.891644,3,7520
2025-07-08 13:24:00,12.46361,37.891644,3,7520
2025-07-08 13:34:00,12.46361,37.891644,3,7520
2025-07-08 13:44:00,12.46361,37.891644,3,7520
2025-07-08 13:54:00,12.46361,37.891644,3,7520
2025-07-08 14:04:00,12.46361,37.891644,3,7520
2025-07-08 14:14:00,12.46361,37.891644,3,7520
2025-07-08 14:24:00,12.46361,37.891644,3,7520
2025-07-08 14:34:00,12.46361,37.891644,3,7520
2025-07-08 14:44:00,12.46361,37.891644,3,7520
2025-07-08 14:54:00,12.46361,37.891644,3,7520
2025-07-08 15:04:00,12.46361,37.891644,3,7520
2025-07-08 15:14:00,12.46361,37.891644,3,7520
2025-07-08 15:24:00,12.46361,37.891644,3,7520
2025-07-08 15:34:00,12.46361,37.891644,3,7520
2025-07-08 15:44:00,12.46361,37.891644,3,7520
2025-07-08 15:54:00,12.46361,37.891644,3,7520
2025-07-08 16:04:00,12.46361,37.891644,3,7520
2025-07-08 16:14:00,12.46361,37.891644,3,7520
2025-07-08 16:24:00,12.46361,37.891644,3,7520
2025-07-08 16:34:00,12.46361,37.891644,3,7520
2025-07-08 16:44:00,12.46361,37.891644,3,7520
2025-07-08 16:54:00,12.46361,37.891644,3,7520
2025-07-08 17:04:00,12.46361,37.891644,3,7520
2025-07-08 17:14:00,12.46361,37.891644,3,7520
2025-07-08 17:24:00,12.46361,37.891644,3,7520
2025-07-08 17:34:00,12.46361,37.891644,3,7520
2025-07-08 17:44:00,12.46361,37.891644,3,7520
2025-07-08 17:54:00,12.46361,37.891644,3,7520
2025-07-08 18:04:00,12.46361,37.891644,3,7520
2025-07-08 18:14:00,12.46361,37.891644,3,7520
2025-07-08 18:24:00,12.46361,37.891644,3,7520
2025-07-08 18:34:00,12.46361,37.891644,3,7520
2025-07-08 18:44:00,12.46361,37.891644,3,7520
2025-07-08 18:54:00,12.46361,37.891644,3,7520
2025-07-08 19:04:00,12.46361,37.891644,3,7520
2025-07-08 19:14:00,12.46361,37.891644,3,7520
2025-07-08 19:24:00,12.46361,37.891644,3,7520
2025-07-08 19:34:00,12.46361,37.891644,3,7520
2025-07-08 19:44:00,12.46361,37.891644,3,7520
2025-07-08 19:54:00,12.46361,37.891644,3,7520
2025-07-08 20:04:00,12.46361,37.891644,3,7520
2025-07-08 20:14:00,12.46361,37.891644,3,7520
2025-07-08 20:24:00,12.46361,37.891644,3,7520
2025-07-08 20:34:00,12.46361,37.891644,3,7520
2025-07-08 20:44:00,12.46361,37.891644,3,7520
2025-07-08 20:54:00,12.46361,37.891644,3,7520
2025-07-08 21:04:00,12.46361,37.891644,3,7520
2025-07-08 21:14:00,12.46361,37.891644,3,7520
2025-07-08 21:24:00,12.46361,37.891644,3,7520
2025-07-08 21:34:00,12.46361,37.891644,3,7520
2025-07-08 21:44:00,12.46361,37.891644,3,7520
2025-07-08 21:54:00,12.46361,37.891644,3,7520
2025-07-08 22:04:00,12.46361,37.891644,3,7520
2025-07-08 22:14:00,12.46361,37.891644,3,7520
2025-07-08 22:24:00,12.46361,37.891644,3,7520
2025-07-08 22:34:00,12.46361,37.891644,3,7520
2025-07-08 22:44:00,12.46361,37.891644,3,7520
2025-07-08 22:54:00,12.46361,37.891644,3,7520
2025-07-08 23:04:00,12.46361,37.891644,3,7520
2025-07-08 23:14:00,12.46361,37.891644,3,7520
2025-07-08 23:24:00,12.46361,37.891644,3,7520
2025-07-08 23:34:00,12.46361,37.891644,3,7520
2025-07-08 23:44:00,12.46361,37.891644,3,7520
2025-07-08 23:54:00,12.46361,37.891644,3,7520
2025-07-09 00:04:00,12.46361,37.891644,3,7520
2025-07-09 00:14:00,12.46361,37.891644,3,7520
2025-07-09 00:24:00,12.46361,37.891644,3,7520
2025-07-09 00:34:00,12.46361,37.891644,3,7520
2025-07-09 00:44:00,12.46361,37.891644,3,7520
2025-07-09 00:54:00,12.46361,37.891644,3,7520
2025-07-09 01:04:00,12.46361,37.891644,3,7520
2025-07-09 01:14:00,12.46361,37.891644,3,7520
2025-07-09 01:24:00,12.46361,37.891644,3,7520
2025-07-09 01:34:00,12.46361,37.891644,3,7520
2025-07-09 01:44:00,12.46361,37.891644,3,7520
2025-07-09 01:54:00,12.46361,37.891644,3,7520
2025-07-09 02:04:00,12.46361,37.891644,3,7520
2025-07-09 02:14:00,12.46361,37.891644,3,7520
2025-07-09 02:24:00,12.46361,37.891644,3,7520
2025-07-09 02:34:00,12.46361,37.891644,3,7520
2025-07-09 02:44:00,12.46361,37.891644,3,7520
2025-07-09 02:54:00,12.46361,37.891644,3,7520
2025-07-09 03:04:00,12.46361,37.891644,3,7520
2025-07-09 03:14:00,12.46361,37.891644,3,7520
2025-07-09 03:24:00,12.46361,37.891644,3,7520
2025-07-09 03:34:00,12.46361,37.891644,3,7520
2025-07-09 03:44:00,12.46361,37.891644,3,7520
2025-07-09 03:54:00,12.46361,37.891644,3,7520
2025-07-09 04:04:00,12.46361,37.891644,3,7520
2025-07-09 04:14:00,12.46361,37.891644,3,7520
2025-07-09 04:24:00,12.46361,37.891644,3,7520
2025-07-09 04:34:00,12.46361,37.891644,3,7520
2025-07-09 04:44:00,12.46361,37.891644,3,7520
2025-07-09 04:54:00,12.46361,37.891644,3,7520
2025-07-09 05:04:00,12.46361,37.891644,3,7520
2025-07-09 05:14:00,12.46361,37.891644,3,7520
2025-07-09 05:24:00,12.46361,37.891644,3,7520
2025-07-09 05:34:00,12.46361,37.891644,3,7520
2025-07-09 05:44:00,12.46361,37.891644,3,7520
2025-07-09 05:54:00,12.46361,37.891644,3,7520
2025-07-09 06:04:00,12.464264,37.89111,3,7520
2025-07-09 06:14:00,12.464264,37.89111,3,7520
2025-07-09 06:24:00,12.464264,37.89111,3,7520
2025-07-09 06:34:00,12.465357,37.889935,3,7520
2025-07-09 06:44:00,12.466311,37.88865,3,7520
2025-07-09 06:54:00,12.467129,37.887257,3,7520
2025-07-09 07:04:00,12.467719,37.885544,3,7520
2025-07-09 07:14:00,12.468918,37.88357,3,7520
2025-07-09 07:24:00,12.470405,37.88204,3,7520
2025-07-09 07:34:00,12.471993,37.8805,3,7520
2025-07-09 07:44:00,12.473117,37.879055,3,7520
2025-07-09 07:54:00,12.473883,37.877625,3,7520
2025-07-09 08:04:00,12.474437,37.876255,3,7520
2025-07-09 08:14:00,12.47487,37.874966,3,7520
2025-07-09 08:24:00,12.475229,37.873768,3,7520
2025-07-09 08:34:00,12.47557,37.87261,3,7520
2025-07-09 08:44:00,12.475935,37.87144,3,7520
2025-07-09 08:54:00,12.476325,37.87023,3,7520
2025-07-09 09:04:00,12.476707,37.86898,3,7520
2025-07-09 09:14:00,12.477011,37.867653,3,7520
2025-07-09 09:24:00,12.477173,37.86628,3,7520
2025-07-09 09:34:00,12.477189,37.86558,3,7520
2025-07-09 09:44:00,12.477189,37.86558,3,7520
2025-07-09 09:54:00,12.477189,37.86558,3,7520
2025-07-09 10:04:00,12.477189,37.86558,3,7520
2025-07-09 10:14:00,12.477189,37.86558,3,7520
2025-07-09 10:24:00,12.477189,37.86558,3,7520
2025-07-09 10:34:00,12.477189,37.86558,3,7520
2025-07-09 10:44:00,12.477189,37.86558,3,7520
2025-07-09 10:54:00,12.477189,37.86558,3,7520
2025-07-09 11:04:00,12.477189,37.86558,3,7520
2025-07-09 11:14:00,12.477189,37.86558,3,7520
2025-07-09 11:24:00,12.477189,37.86558,3,7520
2025-07-09 11:34:00,12.477189,37.86558,3,7520
2025-07-09 11:44:00,12.477189,37.86558,3,7520
2025-07-09 11:54:00,12.477189,37.86558,3,7520
2025-07-09 12:04:00,12.477189,37.86558,3,7520
2025-07-09 12:14:00,12.477189,37.86558,3,7520
2025-07-09 12:24:00,12.477189,37.86558,3,7520
2025-07-09 12:34:00,12.477189,37.86558,3,7520
2025-07-09 12:44:00,12.477189,37.86558,3,7520
2025-07-09 12:54:00,12.477189,37.86558,3,7520
2025-07-09 13:04:00,12.477189,37.86558,3,7520
2025-07-09 13:14:00,12.477189,37.86558,3,7520
2025-07-09 13:24:00,12.477189,37.86558,3,7520
2025-07-09 13:34:00,12.477189,37.86558,3,7520
2025-07-09 13:44:00,12.477189,37.86558,3,7520
2025-07-09 13:54:00,12.477189,37.86558,3,7520
2025-07-09 14:04:00,12.477189,37.86558,3,7520
2025-07-09 14:14:00,12.477189,37.86558,3,7520
2025-07-09 14:24:00,12.477189,37.86558,3,7520
2025-07-09 14:34:00,12.477189,37.86558,3,7520
2025-07-09 14:44:00,12.477189,37.86558,3,7520
2025-07-09 14:54:00,12.477189,37.86558,3,7520
2025-07-09 15:04:00,12.477189,37.86558,3,7520
2025-07-09 15:14:00,12.477189,37.86558,3,7520
2025-07-09 15:24:00,12.477189,37.86558,3,7520
2025-07-09 15:34:00,12.477189,37.86558,3,7520
2025-07-09 15:44:00,12.477189,37.86558,3,7520
2025-07-09 15:54:00,12.477189,37.86558,3,7520
2025-07-09 16:04:00,12.477189,37.86558,3,7520
2025-07-09 16:14:00,12.477189,37.86558,3,7520
2025-07-09 16:24:00,12.477189,37.86558,3,7520
2025-07-09 16:34:00,12.477189,37.86558,3,7520
2025-07-09 16:44:00,12.477189,37.86558,3,7520
2025-07-09 16:54:00,12.477189,37.86558,3,7520
2025-07-09 17:04:00,12.477189,37.86558,3,7520
2025-07-09 17:14:00,12.477189,37.86558,3,7520
2025-07-09 17:24:00,12.477189,37.86558,3,7520
2025-07-09 17:34:00,12.477189,37.86558,3,7520
2025-07-09 17:44:00,12.477189,37.86558,3,7520
2025-07-09 17:54:00,12.477189,37.86558,3,7520
2025-07-09 18:04:00,12.477189,37.86558,3,7520
2025-07-09 18:14:00,12.477025,37.864986,3,7520
2025-07-09 18:24:00,12.477025,37.864986,3,7520
2025-07-09 18:34:00,12.477025,37.864986,3,7520
2025-07-09 18:44:00,12.477025,37.864986,3,7520
2025-07-09 18:54:00,12.477025,37.864986,3,7520
2025-07-09 19:04:00,12.477025,37.864986,3,7520
2025-07-09 19:14:00,12.477025,37.864986,3,7520
2025-07-09 19:24:00,12.477025,37.864986,3,7520
2025-07-09 19:34:00,12.477025,37.864986,3,7520
2025-07-09 19:44:00,12.477025,37.864986,3,7520
2025-07-09 19:54:00,12.477025,37.864986,3,7520
2025-07-09 20:04:00,12.477025,37.864986,3,7520
2025-07-09 20:14:00,12.477025,37.864986,3,7520
2025-07-09 20:24:00,12.477025,37.864986,3,7520
2025-07-09 20:34:00,12.477025,37.864986,3,7520
2025-07-09 20:44:00,12.477025,37.864986,3,7520
2025-07-09 20:54:00,12.477025,37.864986,3,7520
2025-07-09 21:04:00,12.477025,37.864986,3,7520
2025-07-09 21:14:00,12.477025,37.864986,3,7520
2025-07-09 21:24:00,12.477025,37.864986,3,7520
2025-07-09 21:34:00,12.477025,37.864986,3,7520
2025-07-09 21:44:00,12.477025,37.864986,3,7520
2025-07-09 21:54:00,12.477025,37.864986,3,7520
2025-07-09 22:04:00,12.477025,37.864986,3,7520
2025-07-09 22:14:00,12.477025,37.864986,3,7520
2025-07-09 22:24:00,12.477025,37.864986,3,7520
2025-07-09 22:34:00,12.477025,37.864986,3,7520
2025-07-09 22:44:00,12.477025,37.864986,3,7520
2025-07-09 22:54:00,12.477025,37.864986,3,7520
2025-07-09 23:04:00,12.477025,37.864986,3,7520
2025-07-09 23:14:00,12.477025,37.864986,3,7520
2025-07-09 23:24:00,12.477025,37.864986,3,7520
2025-07-09 23:34:00,12.477025,37.864986,3,7520
2025-07-09 23:44:00,12.477025,37.864986,3,7520
2025-07-09 23:54:00,12.477025,37.864986,3,7520
2025-07-10 00:04:00,12.477025,37.864986,3,7520
2025-07-08 07:44:00,12.44983,37.88919,3,930
2025-07-08 07:54:00,12.4503,37.889626,3,930
2025-07-08 08:04:00,12.450791,37.890053,3,930
2025-07-08 08:14:00,12.451299,37.89045,3,930
2025-07-08 08:24:00,12.451826,37.89082,3,930
2025-07-08 08:34:00,12.452369,37.89117,3,930
2025-07-08 08:44:00,12.4529505,37.891514,3,930
2025-07-08 08:54:00,12.453575,37.89184,3,930
2025-07-08 09:04:00,12.454242,37.89214,3,930
2025-07-08 09:14:00,12.4549675,37.89232,3,930
2025-07-08 09:24:00,12.455769,37.892334,3,930
2025-07-08 09:34:00,12.456685,37.892216,3,930
2025-07-08 09:44:00,12.457841,37.892044,3,930
2025-07-08 09:54:00,12.459213,37.891838,3,930
2025-07-08 10:04:00,12.460615,37.89173,3,930
2025-07-08 10:14:00,12.461952,37.891666,3,930
2025-07-08 10:24:00,12.463187,37.89163,3,930
2025-07-08 10:34:00,12.46376,37.891613,3,930
2025-07-08 10:44:00,12.46376,37.891613,3,930
2025-07-08 10:54:00,12.46376,37.891613,3,930
2025-07-08 11:04:00,12.46376,37.891613,3,930
2025-07-08 11:14:00,12.46376,37.891613,3,930
2025-07-08 11:24:00,12.46376,37.891613,3,930
2025-07-08 11:34:00,12.46376,37.891613,3,930
2025-07-08 11:44:00,12.46376,37.891613,3,930
2025-07-08 11:54:00,12.46376,37.891613,3,930
2025-07-08 12:04:00,12.46376,37.891613,3,930
2025-07-08 12:14:00,12.46376,37.891613,3,930
2025-07-08 12:24:00,12.46376,37.891613,3,930
2025-07-08 12:34:00,12.46376,37.891613,3,930
2025-07-08 12:44:00,12.46376,37.891613,3,930
2025-07-08 12:54:00,12.46376,37.891613,3,930
2025-07-08 13:04:00,12.46376,37.891613,3,930
2025-07-08 13:14:00,12.46376,37.891613,3,930
2025-07-08 13:24:00,12.46376,37.891613,3,930
2025-07-08 13:34:00,12.46376,37.891613,3,930
2025-07-08 13:44:00,12.46376,37.891613,3,930
2025-07-08 13:54:00,12.46376,37.891613,3,930
2025-07-08 14:04:00,12.46376,37.891613,3,930
2025-07-08 14:14:00,12.46376,37.891613,3,930
2025-07-08 14:24:00,12.46376,37.891613,3,930
2025-07-08 14:34:00,12.46376,37.891613,3,930
2025-07-08 14:44:00,12.46376,37.891613,3,930
2025-07-08 14:54:00,12.46376,37.891613,3,930
2025-07-08 15:04:00,12.46376,37.891613,3,930
2025-07-08 15:14:00,12.46376,37.891613,3,930
2025-07-08 15:24:00,12.46376,37.891613,3,930
2025-07-08 15:34:00,12.46376,37.891613,3,930
2025-07-08 15:44:00,12.46376,37.891613,3,930
2025-07-08 15:54:00,12.46376,37.891613,3,930
2025-07-08 16:04:00,12.46376,37.891613,3,930
2025-07-08 16:14:00,12.46376,37.891613,3,930
2025-07-08 16:24:00,12.46376,37.891613,3,930
2025-07-08 16:34:00,12.46376,37.891613,3,930
2025-07-08 16:44:00,12.46376,37.891613,3,930
2025-07-08 16:54:00,12.46376,37.891613,3,930
2025-07-08 17:04:00,12.46376,37.891613,3,930
2025-07-08 17:14:00,12.46376,37.891613,3,930
2025-07-08 17:24:00,12.46376,37.891613,3,930
2025-07-08 17:34:00,12.46376,37.891613,3,930
2025-07-08 17:44:00,12.46376,37.891613,3,930
2025-07-08 17:54:00,12.46376,37.891613,3,930
2025-07-08 18:04:00,12.46376,37.891613,3,930
2025-07-08 18:14:00,12.46376,37.891613,3,930
2025-07-08 18:24:00,12.46376,37.891613,3,930
2025-07-08 18:34:00,12.46376,37.891613,3,930
2025-07-08 18:44:00,12.46376,37.891613,3,930
2025-07-08 18:54:00,12.46376,37.891613,3,930
2025-07-08 19:04:00,12.46376,37.891613,3,930
2025-07-08 19:14:00,12.46376,37.891613,3,930
2025-07-08 19:24:00,12.46376,37.891613,3,930
2025-07-08 19:34:00,12.46376,37.891613,3,930
2025-07-08 19:44:00,12.46376,37.891613,3,930
2025-07-08 19:54:00,12.46376,37.891613,3,930
2025-07-08 20:04:00,12.46376,37.891613,3,930
2025-07-08 20:14:00,12.46376,37.891613,3,930
2025-07-08 20:24:00,12.46376,37.891613,3,930
2025-07-08 20:34:00,12.46376,37.891613,3,930
2025-07-08 20:44:00,12.46376,37.891613,3,930
2025-07-08 20:54:00,12.46376,37.891613,3,930
2025-07-08 21:04:00,12.46376,37.891613,3,930
2025-07-08 21:14:00,12.46376,37.891613,3,930
2025-07-08 21:24:00,12.46376,37.891613,3,930
2025-07-08 21:34:00,12.46376,37.891613,3,930
2025-07-08 21:44:00,12.46376,37.891613,3,930
2025-07-08 21:54:00,12.46376,37.891613,3,930
2025-07-08 22:04:00,12.46376,37.891613,3,930
2025-07-08 22:14:00,12.46376,37.891613,3,930
2025-07-08 22:24:00,12.46376,37.891613,3,930
2025-07-08 22:34:00,12.46376,37.891613,3,930
2025-07-08 22:44:00,12.46376,37.891613,3,930
2025-07-08 22:54:00,12.46376,37.891613,3,930
2025-07-08 23:04:00,12.46376,37.891613,3,930
2025-07-08 23:14:00,12.46376,37.891613,3,930
2025-07-08 23:24:00,12.46376,37.891613,3,930
2025-07-08 23:34:00,12.46376,37.891613,3,930
2025-07-08 23:44:00,12.46376,37.891613,3,930
2025-07-08 23:54:00,12.46376,37.891613,3,930
2025-07-09 00:04:00,12.46376,37.891613,3,930
2025-07-09 00:14:00,12.46376,37.891613,3,930
2025-07-09 00:24:00,12.46376,37.891613,3,930
2025-07-09 00:34:00,12.46376,37.891613,3,930
2025-07-09 00:44:00,12.46376,37.891613,3,930
2025-07-09 00:54:00,12.46376,37.891613,3,930
2025-07-09 01:04:00,12.46376,37.891613,3,930
2025-07-09 01:14:00,12.46376,37.891613,3,930
2025-07-09 01:24:00,12.46376,37.891613,3,930
2025-07-09 01:34:00,12.46376,37.891613,3,930
2025-07-09 01:44:00,12.46376,37.891613,3,930
2025-07-09 01:54:00,12.46376,37.891613,3,930
2025-07-09 02:04:00,12.46376,37.891613,3,930
2025-07-09 02:14:00,12.46376,37.891613,3,930
2025-07-09 02:24:00,12.46376,37.891613,3,930
2025-07-09 02:34:00,12.46376,37.891613,3,930
2025-07-09 02:44:00,12.46376,37.891613,3,930
2025-07-09 02:54:00,12.46376,37.891613,3,930
2025-07-09 03:04:00,12.46376,37.891613,3,930
2025-07-09 03:14:00,12.46376,37.891613,3,930
2025-07-09 03:24:00,12.46376,37.891613,3,930
2025-07-09 03:34:00,12.46376,37.891613,3,930
2025-07-09 03:44:00,12.46376,37.891613,3,930
2025-07-09 03:54:00,12.46376,37.891613,3,930
2025-07-09 04:04:00,12.46376,37.891613,3,930
2025-07-09 04:14:00,12.46376,37.891613,3,930
2025-07-09 04:24:00,12.46376,37.891613,3,930
2025-07-09 04:34:00,12.46376,37.891613,3,930
2025-07-09 04:44:00,12.46376,37.891613,3,930
2025-07-09 04:54:00,12.46376,37.891613,3,930
2025-07-09 05:04:00,12.46376,37.891613,3,930
2025-07-09 05:14:00,12.46376,37.891613,3,930
2025-07-09 05:24:00,12.46376,37.891613,3,930
2025-07-09 05:34:00,12.46376,37.891613,3,930
2025-07-09 05:44:00,12.46376,37.891613,3,930
2025-07-09 05:54:00,12.46376,37.891613,3,930
2025-07-09 06:04:00,12.46376,37.891613,3,930
2025-07-09 06:14:00,12.46376,37.891613,3,930
2025-07-09 06:24:00,12.4643345,37.891045,3,930
2025-07-09 06:34:00,12.4654255,37.88987,3,930
2025-07-09 06:44:00,12.466373,37.888584,3,930
2025-07-09 06:54:00,12.467185,37.887188,3,930
2025-07-09 07:04:00,12.467759,37.885456,3,930
2025-07-09 07:14:00,12.468994,37.88349,3,930
2025-07-09 07:24:00,12.470494,37.88197,3,930
2025-07-09 07:34:00,12.472055,37.88044,3,930
2025-07-09 07:44:00,12.473164,37.878994,3,930
2025-07-09 07:54:00,12.473916,37.877563,3,930
2025-07-09 08:04:00,12.474464,37.876198,3,930
2025-07-09 08:14:00,12.474893,37.874912,3,930
2025-07-09 08:24:00,12.47525,37.87372,3,930
2025-07-09 08:34:00,12.475592,37.872562,3,930
2025-07-09 08:44:00,12.475958,37.87139,3,930
2025-07-09 08:54:00,12.476347,37.87018,3,930
2025-07-09 09:04:00,12.4767275,37.868927,3,930
2025-07-09 09:14:00,12.477028,37.8676,3,930
2025-07-09 09:24:00,12.477184,37.866226,3,930
2025-07-09 09:34:00,12.477198,37.86553,3,930
2025-07-09 09:44:00,12.477198,37.86553,3,930
2025-07-09 09:54:00,12.477198,37.86553,3,930
2025-07-09 10:04:00,12.477198,37.86553,3,930
2025-07-09 10:14:00,12.477198,37.86553,3,930
2025-07-09 10:24:00,12.477198,37.86553,3,930
2025-07-09 10:34:00,12.477198,37.86553,3,930
2025-07-09 10:44:00,12.477198,37.86553,3,930
2025-07-09 10:54:00,12.477198,37.86553,3,930
2025-07-09 11:04:00,12.477198,37.86553,3,930
2025-07-09 11:14:00,12.477198,37.86553,3,930
2025-07-09 11:24:00,12.477198,37.86553,3,930
2025-07-09 11:34:00,12.477198,37.86553,3,930
2025-07-09 11:44:00,12.477198,37.86553,3,930
2025-07-09 11:54:00,12.477198,37.86553,3,930
2025-07-09 12:04:00,12.477198,37.86553,3,930
2025-07-09 12:14:00,12.477198,37.86553,3,930
2025-07-09 12:24:00,12.477198,37.86553,3,930
2025-07-09 12:34:00,12.477198,37.86553,3,930
2025-07-09 12:44:00,12.477198,37.86553,3,930
2025-07-09 12:54:00,12.477198,37.86553,3,930
2025-07-09 13:04:00,12.477198,37.86553,3,930
2025-07-09 13:14:00,12.477198,37.86553,3,930
2025-07-09 13:24:00,12.477198,37.86553,3,930
2025-07-09 13:34:00,12.477198,37.86553,3,930
2025-07-09 13:44:00,12.477198,37.86553,3,930
2025-07-09 13:54:00,12.477198,37.86553,3,930
2025-07-09 14:04:00,12.477198,37.86553,3,930
2025-07-09 14:14:00,12.477198,37.86553,3,930
2025-07-09 14:24:00,12.477198,37.86553,3,930
2025-07-09 14:34:00,12.477198,37.86553,3,930
2025-07-09 14:44:00,12.477198,37.86553,3,930
2025-07-09 14:54:00,12.477198,37.86553,3,930
2025-07-09 15:04:00,12.477198,37.86553,3,930
2025-07-09 15:14:00,12.477198,37.86553,3,930
2025-07-09 15:24:00,12.477198,37.86553,3,930
2025-07-09 15:34:00,12.477198,37.86553,3,930
2025-07-09 15:44:00,12.477198,37.86553,3,930
2025-07-09 15:54:00,12.477198,37.86553,3,930
2025-07-09 16:04:00,12.477198,37.86553,3,930
2025-07-09 16:14:00,12.477198,37.86553,3,930
2025-07-09 16:24:00,12.477198,37.86553,3,930
2025-07-09 16:34:00,12.477198,37.86553,3,930
2025-07-09 16:44:00,12.477198,37.86553,3,930
2025-07-09 16:54:00,12.477198,37.86553,3,930
2025-07-09 17:04:00,12.477198,37.86553,3,930
2025-07-09 17:14:00,12.477198,37.86553,3,930
2025-07-09 17:24:00,12.477198,37.86553,3,930
2025-07-09 17:34:00,12.477198,37.86553,3,930
2025-07-09 17:44:00,12.477198,37.86553,3,930
2025-07-09 17:54:00,12.477198,37.86553,3,930
2025-07-09 18:04:00,12.477198,37.86553,3,930
2025-07-09 18:14:00,12.477198,37.86553,3,930
2025-07-09 18:24:00,12.477198,37.86553,3,930
2025-07-09 18:34:00,12.477198,37.86553,3,930
2025-07-09 18:44:00,12.477198,37.86553,3,930
2025-07-09 18:54:00,12.476995,37.864952,3,930
2025-07-09 19:04:00,12.476995,37.864952,3,930
2025-07-09 19:14:00,12.476995,37.864952,3,930
2025-07-09 19:24:00,12.476995,37.864952,3,930
2025-07-09 19:34:00,12.476995,37.864952,3,930
2025-07-09 19:44:00,12.476995,37.864952,3,930
2025-07-09 19:54:00,12.476995,37.864952,3,930
2025-07-09 20:04:00,12.476995,37.864952,3,930
2025-07-09 20:14:00,12.476995,37.864952,3,930
2025-07-09 20:24:00,12.476995,37.864952,3,930
2025-07-09 20:34:00,12.476995,37.864952,3,930
2025-07-09 20:44:00,12.476995,37.864952,3,930
2025-07-09 20:54:00,12.476995,37.864952,3,930
2025-07-09 21:04:00,12.476995,37.864952,3,930
2025-07-09 21:14:00,12.476995,37.864952,3,930
2025-07-09 21:24:00,12.476995,37.864952,3,930
2025-07-09 21:34:00,12.476995,37.864952,3,930
2025-07-09 21:44:00,12.476995,37.864952,3,930
2025-07-09 21:54:00,12.476995,37.864952,3,930
2025-07-09 22:04:00,12.476995,37.864952,3,930
2025-07-09 22:14:00,12.476995,37.864952,3,930
2025-07-09 22:24:00,12.476995,37.864952,3,930
2025-07-09 22:34:00,12.476995,37.864952,3,930
2025-07-09 22:44:00,12.476995,37.864952,3,930
2025-07-09 22:54:00,12.476995,37.864952,3,930
2025-07-09 23:04:00,12.476995,37.864952,3,930
2025-07-09 23:14:00,12.476995,37.864952,3,930
2025-07-09 23:24:00,12.476995,37.864952,3,930
2025-07-09 23:34:00,12.476995,37.864952,3,930
2025-07-09 23:44:00,12.476995,37.864952,3,930
2025-07-09 23:54:00,12.476995,37.864952,3,930
2025-07-10 00:04:00,12.476995,37.864952,3,930
2025-07-08 10:44:00,12.45028,37.88513,4,2520
2025-07-08 10:54:00,12.450986,37.885193,4,2520
2025-07-08 11:04:00,12.451651,37.885315,4,2520
2025-07-08 11:14:00,12.452297,37.885445,4,2520
2025-07-08 11:24:00,12.452906,37.88554,4,2520
2025-07-08 11:34:00,12.452906,37.88554,4,2520
2025-07-08 11:44:00,12.45316,37.88553,4,2520
2025-07-08 11:54:00,12.45316,37.88553,4,2520
2025-07-08 12:04:00,12.45316,37.88553,4,2520
2025-07-08 12:14:00,12.45316,37.88553,4,2520
2025-07-08 12:24:00,12.45316,37.88553,4,2520
2025-07-08 12:34:00,12.45316,37.88553,4,2520
2025-07-08 12:44:00,12.45316,37.88553,4,2520
2025-07-08 12:54:00,12.45316,37.88553,4,2520
2025-07-08 13:04:00,12.45316,37.88553,4,2520
2025-07-08 13:14:00,12.45316,37.88553,4,2520
2025-07-08 13:24:00,12.45316,37.88553,4,2520
2025-07-08 13:34:00,12.45316,37.88553,4,2520
2025-07-08 13:44:00,12.45316,37.88553,4,2520
2025-07-08 13:54:00,12.45316,37.88553,4,2520
2025-07-08 14:04:00,12.45316,37.88553,4,2520
2025-07-08 14:14:00,12.45316,37.88553,4,2520
2025-07-08 14:24:00,12.45316,37.88553,4,2520
2025-07-08 14:34:00,12.45316,37.88553,4,2520
2025-07-08 14:44:00,12.45316,37.88553,4,2520
2025-07-08 14:54:00,12.45316,37.88553,4,2520
2025-07-08 15:04:00,12.45316,37.88553,4,2520
2025-07-08 15:14:00,12.45316,37.88553,4,2520
2025-07-08 15:24:00,12.45316,37.88553,4,2520
2025-07-08 15:34:00,12.45316,37.88553,4,2520
2025-07-08 15:44:00,12.45316,37.88553,4,2520
2025-07-08 15:54:00,12.45316,37.88553,4,2520
2025-07-08 16:04:00,12.45316,37.88553,4,2520
2025-07-08 16:14:00,12.45316,37.88553,4,2520
2025-07-08 16:24:00,12.45316,37.88553,4,2520
2025-07-08 16:34:00,12.45316,37.88553,4,2520
2025-07-08 16:44:00,12.45316,37.88553,4,2520
2025-07-08 16:54:00,12.45316,37.88553,4,2520
2025-07-08 17:04:00,12.45316,37.88553,4,2520
2025-07-08 17:14:00,12.45316,37.88553,4,2520
2025-07-08 17:24:00,12.45316,37.88553,4,2520
2025-07-08 17:34:00,12.45316,37.88553,4,2520
2025-07-08 17:44:00,12.45316,37.88553,4,2520
2025-07-08 17:54:00,12.45316,37.88553,4,2520
2025-07-08 18:04:00,12.45316,37.88553,4,2520
2025-07-08 18:14:00,12.45316,37.88553,4,2520
2025-07-08 18:24:00,12.45316,37.88553,4,2520
2025-07-08 18:34:00,12.45316,37.88553,4,2520
2025-07-08 18:44:00,12.45316,37.88553,4,2520
2025-07-08 18:54:00,12.45316,37.88553,4,2520
2025-07-08 19:04:00,12.45316,37.88553,4,2520
2025-07-08 19:14:00,12.45316,37.88553,4,2520
2025-07-08 19:24:00,12.45316,37.88553,4,2520
2025-07-08 19:34:00,12.45316,37.88553,4,2520
2025-07-08 19:44:00,12.45316,37.88553,4,2520
2025-07-08 19:54:00,12.45316,37.88553,4,2520
2025-07-08 20:04:00,12.45316,37.88553,4,2520
2025-07-08 20:14:00,12.45316,37.88553,4,2520
2025-07-08 20:24:00,12.45316,37.88553,4,2520
2025-07-08 20:34:00,12.45316,37.88553,4,2520
2025-07-08 20:44:00,12.45316,37.88553,4,2520
2025-07-08 20:54:00,12.45316,37.88553,4,2520
2025-07-08 21:04:00,12.45316,37.88553,4,2520
2025-07-08 21:14:00,12.45316,37.88553,4,2520
2025-07-08 21:24:00,12.45316,37.88553,4,2520
2025-07-08 21:34:00,12.45316,37.88553,4,2520
2025-07-08 21:44:00,12.45316,37.88553,4,2520
2025-07-08 21:54:00,12.45316,37.88553,4,2520
2025-07-08 22:04:00,12.45316,37.88553,4,2520
2025-07-08 22:14:00,12.45316,37.88553,4,2520
2025-07-08 22:24:00,12.45316,37.88553,4,2520
2025-07-08 22:34:00,12.45316,37.88553,4,2520
2025-07-08 22:44:00,12.45316,37.88553,4,2520
2025-07-08 22:54:00,12.45316,37.88553,4,2520
2025-07-08 23:04:00,12.45316,37.88553,4,2520
2025-07-08 23:14:00,12.45316,37.88553,4,2520
2025-07-08 23:24:00,12.45316,37.88553,4,2520
2025-07-08 23:34:00,12.45316,37.88553,4,2520
2025-07-08 23:44:00,12.45316,37.88553,4,2520
2025-07-08 23:54:00,12.45316,37.88553,4,2520
2025-07-09 00:04:00,12.45316,37.88553,4,2520
2025-07-09 00:14:00,12.45316,37.88553,4,2520
2025-07-09 00:24:00,12.45316,37.88553,4,2520
2025-07-09 00:34:00,12.45316,37.88553,4,2520
2025-07-09 00:44:00,12.45316,37.88553,4,2520
2025-07-09 00:54:00,12.45316,37.88553,4,2520
2025-07-09 01:04:00,12.45316,37.88553,4,2520
2025-07-09 01:14:00,12.45316,37.88553,4,2520
2025-07-09 01:24:00,12.45316,37.88553,4,2520
2025-07-09 01:34:00,12.45316,37.88553,4,2520
2025-07-09 01:44:00,12.45316,37.88553,4,2520
2025-07-09 01:54:00,12.45316,37.88553,4,2520
2025-07-09 02:04:00,12.45316,37.88553,4,2520
2025-07-09 02:14:00,12.45316,37.88553,4,2520
2025-07-09 02:24:00,12.45316,37.88553,4,2520
2025-07-09 02:34:00,12.45316,37.88553,4,2520
2025-07-09 02:44:00,12.45316,37.88553,4,2520
2025-07-09 02:54:00,12.45316,37.88553,4,2520
2025-07-09 03:04:00,12.45316,37.88553,4,2520
2025-07-09 03:14:00,12.45316,37.88553,4,2520
2025-07-09 03:24:00,12.45316,37.88553,4,2520
2025-07-09 03:34:00,12.45316,37.88553,4,2520
2025-07-09 03:44:00,12.45316,37.88553,4,2520
2025-07-09 03:54:00,12.45316,37.88553,4,2520
2025-07-09 04:04:00,12.45316,37.88553,4,2520
2025-07-09 04:14:00,12.45316,37.88553,4,2520
2025-07-09 04:24:00,12.45316,37.88553,4,2520
2025-07-09 04:34:00,12.45316,37.88553,4,2520
2025-07-09 04:44:00,12.45316,37.88553,4,2520
2025-07-09 04:54:00,12.45316,37.88553,4,2520
2025-07-09 05:04:00,12.45316,37.88553,4,2520
2025-07-09 05:14:00,12.45316,37.88553,4,2520
2025-07-09 05:24:00,12.45316,37.88553,4,2520
2025-07-09 05:34:00,12.45316,37.88553,4,2520
2025-07-09 05:44:00,12.45316,37.88553,4,2520
2025-07-09 05:54:00,12.45316,37.88553,4,2520
2025-07-09 06:04:00,12.45316,37.88553,4,2520
2025-07-09 06:14:00,12.45316,37.88553,4,2520
2025-07-09 06:24:00,12.45316,37.88553,4,2520
2025-07-09 06:34:00,12.453522,37.885185,4,2520
2025-07-09 06:44:00,12.453522,37.885185,4,2520
2025-07-09 06:54:00,12.453522,37.885185,4,2520
2025-07-09 07:04:00,12.453522,37.885185,4,2520
2025-07-09 07:14:00,12.453522,37.885185,4,2520
2025-07-09 07:24:00,12.453522,37.885185,4,2520
2025-07-09 07:34:00,12.453744,37.8848,4,2520
2025-07-09 07:44:00,12.453744,37.8848,4,2520
2025-07-09 07:54:00,12.453744,37.8848,4,2520
2025-07-09 08:04:00,12.453744,37.8848,4,2520
2025-07-09 08:14:00,12.453744,37.8848,4,2520
2025-07-09 08:24:00,12.453744,37.8848,4,2520
2025-07-09 08:34:00,12.453744,37.8848,4,2520
2025-07-09 08:44:00,12.453744,37.8848,4,2520
2025-07-09 08:54:00,12.453744,37.8848,4,2520
2025-07-09 09:04:00,12.453744,37.8848,4,2520
2025-07-09 09:14:00,12.453744,37.8848,4,2520
2025-07-09 09:24:00,12.453744,37.8848,4,2520
2025-07-09 09:34:00,12.453744,37.8848,4,2520
2025-07-09 09:44:00,12.453744,37.8848,4,2520
2025-07-09 09:54:00,12.453744,37.8848,4,2520
2025-07-09 10:04:00,12.453744,37.8848,4,2520
2025-07-09 10:14:00,12.453744,37.8848,4,2520
2025-07-09 10:24:00,12.453744,37.8848,4,2520
2025-07-09 10:34:00,12.453744,37.8848,4,2520
2025-07-09 10:44:00,12.453744,37.8848,4,2520
2025-07-09 10:54:00,12.453744,37.8848,4,2520
2025-07-09 11:04:00,12.453744,37.8848,4,2520
2025-07-09 11:14:00,12.453744,37.8848,4,2520
2025-07-09 11:24:00,12.453744,37.8848,4,2520
2025-07-09 11:34:00,12.453744,37.8848,4,2520
2025-07-09 11:44:00,12.453744,37.8848,4,2520
2025-07-09 11:54:00,12.453744,37.8848,4,2520
2025-07-09 12:04:00,12.453744,37.8848,4,2520
2025-07-09 12:14:00,12.453744,37.8848,4,2520
2025-07-09 12:24:00,12.453744,37.8848,4,2520
2025-07-09 12:34:00,12.453744,37.8848,4,2520
2025-07-09 12:44:00,12.453744,37.8848,4,2520
2025-07-09 12:54:00,12.453744,37.8848,4,2520
2025-07-09 13:04:00,12.453744,37.8848,4,2520
2025-07-09 13:14:00,12.453744,37.8848,4,2520
2025-07-09 13:24:00,12.453744,37.8848,4,2520
2025-07-09 13:34:00,12.453744,37.8848,4,2520
2025-07-09 13:44:00,12.453744,37.8848,4,2520
2025-07-09 13:54:00,12.453744,37.8848,4,2520
2025-07-09 14:04:00,12.453744,37.8848,4,2520
2025-07-09 14:14:00,12.453744,37.8848,4,2520
2025-07-09 14:24:00,12.453744,37.8848,4,2520
2025-07-09 14:34:00,12.453744,37.8848,4,2520
2025-07-09 14:44:00,12.453744,37.8848,4,2520
2025-07-09 14:54:00,12.453728,37.884235,4,2520
2025-07-09 15:04:00,12.453697,37.88304,4,2520
2025-07-09 15:14:00,12.453661,37.881813,4,2520
2025-07-09 15:24:00,12.453561,37.880604,4,2520
2025-07-09 15:34:00,12.453284,37.87946,4,2520
2025-07-09 15:44:00,12.453013,37.87835,4,2520
2025-07-09 15:54:00,12.45279,37.877254,4,2520
2025-07-09 16:04:00,12.4526615,37.876026,4,2520
2025-07-09 16:14:00,12.45262,37.874718,4,2520
2025-07-09 16:24:00,12.452569,37.873585,4,2520
2025-07-09 16:34:00,12.452501,37.872547,4,2520
2025-07-09 16:44:00,12.452424,37.87155,4,2520
2025-07-09 16:54:00,12.452275,37.870502,4,2520
2025-07-09 17:04:00,12.452,37.869324,4,2520
2025-07-09 17:14:00,12.4517145,37.86813,4,2520
2025-07-09 17:24:00,12.451462,37.86691,4,2520
2025-07-09 17:34:00,12.451243,37.865646,4,2520
2025-07-09 17:44:00,12.451076,37.86435,4,2520
2025-07-09 17:54:00,12.450942,37.863068,4,2520
2025-07-09 18:04:00,12.450765,37.861916,4,2520
2025-07-09 18:14:00,12.450555,37.86085,4,2520
2025-07-09 18:24:00,12.450314,37.859703,4,2520
2025-07-09 18:34:00,12.450112,37.858536,4,2520
2025-07-09 18:44:00,12.450001,37.8574,4,2520
2025-07-09 18:54:00,12.449822,37.856277,4,2520
2025-07-09 19:04:00,12.449563,37.855194,4,2520
2025-07-09 19:14:00,12.449454,37.854218,4,2520
2025-07-09 19:24:00,12.44946,37.85376,4,2520
2025-07-09 19:34:00,12.44946,37.85376,4,2520
2025-07-09 19:44:00,12.44946,37.85376,4,2520
2025-07-09 19:54:00,12.44946,37.85376,4,2520
2025-07-09 20:04:00,12.44946,37.85376,4,2520
2025-07-09 20:14:00,12.44946,37.85376,4,2520
2025-07-09 20:24:00,12.449528,37.853336,4,2520
2025-07-09 20:34:00,12.449655,37.852547,4,2520
2025-07-09 20:44:00,12.449758,37.851833,4,2520
2025-07-09 20:54:00,12.449825,37.851173,4,2520
2025-07-09 21:04:00,12.449864,37.85054,4,2520
2025-07-09 21:14:00,12.449874,37.849915,4,2520
2025-07-09 21:24:00,12.449858,37.849285,4,2520
2025-07-09 21:34:00,12.44983,37.84865,4,2520
2025-07-09 21:44:00,12.44979,37.84801,4,2520
2025-07-09 21:54:00,12.449714,37.84733,4,2520
2025-07-09 22:04:00,12.449529,37.846542,4,2520
2025-07-09 22:14:00,12.449273,37.84566,4,2520
2025-07-09 22:24:00,12.449063,37.844734,4,2520
2025-07-09 22:34:00,12.448905,37.843822,4,2520
2025-07-09 22:44:00,12.4487505,37.842888,4,2520
2025-07-09 22:54:00,12.448493,37.841877,4,2520
2025-07-09 23:04:00,12.448103,37.8409,4,2520
2025-07-09 23:14:00,12.447707,37.840088,4,2520
2025-07-09 23:24:00,12.447325,37.83936,4,2520
2025-07-09 23:34:00,12.447014,37.838642,4,2520
2025-07-09 23:44:00,12.446791,37.837963,4,2520
2025-07-09 23:54:00,12.446624,37.83735,4,2520
2025-07-10 00:04:00,12.446565,37.836845,4,2520
2025-07-08 10:44:00,12.45017,37.8852,4,7520
2025-07-08 10:54:00,12.450858,37.885254,4,7520
2025-07-08 11:04:00,12.451511,37.885365,4,7520
2025-07-08 11:14:00,12.452148,37.885487,4,7520
2025-07-08 11:24:00,12.452758,37.88558,4,7520
2025-07-08 11:34:00,12.453044,37.885605,4,7520
2025-07-08 11:44:00,12.453044,37.885605,4,7520
2025-07-08 11:54:00,12.453044,37.885605,4,7520
2025-07-08 12:04:00,12.453044,37.885605,4,7520
2025-07-08 12:14:00,12.453044,37.885605,4,7520
2025-07-08 12:24:00,12.453044,37.885605,4,7520
2025-07-08 12:34:00,12.453044,37.885605,4,7520
2025-07-08 12:44:00,12.453044,37.885605,4,7520
2025-07-08 12:54:00,12.453044,37.885605,4,7520
2025-07-08 13:04:00,12.453044,37.885605,4,7520
2025-07-08 13:14:00,12.453044,37.885605,4,7520
2025-07-08 13:24:00,12.453044,37.885605,4,7520
2025-07-08 13:34:00,12.453044,37.885605,4,7520
2025-07-08 13:44:00,12.453044,37.885605,4,7520
2025-07-08 13:54:00,12.453044,37.885605,4,7520
2025-07-08 14:04:00,12.453044,37.885605,4,7520
2025-07-08 14:14:00,12.453044,37.885605,4,7520
2025-07-08 14:24:00,12.453044,37.885605,4,7520
2025-07-08 14:34:00,12.453044,37.885605,4,7520
2025-07-08 14:44:00,12.453044,37.885605,4,7520
2025-07-08 14:54:00,12.453044,37.885605,4,7520
2025-07-08 15:04:00,12.453044,37.885605,4,7520
2025-07-08 15:14:00,12.453044,37.885605,4,7520
2025-07-08 15:24:00,12.453044,37.885605,4,7520
2025-07-08 15:34:00,12.453044,37.885605,4,7520
2025-07-08 15:44:00,12.453044,37.885605,4,7520
2025-07-08 15:54:00,12.453044,37.885605,4,7520
2025-07-08 16:04:00,12.453044,37.885605,4,7520
2025-07-08 16:14:00,12.453044,37.885605,4,7520
2025-07-08 16:24:00,12.453044,37.885605,4,7520
2025-07-08 16:34:00,12.453044,37.885605,4,7520
2025-07-08 16:44:00,12.453044,37.885605,4,7520
2025-07-08 16:54:00,12.453044,37.885605,4,7520
2025-07-08 17:04:00,12.453044,37.885605,4,7520
2025-07-08 17:14:00,12.453044,37.885605,4,7520
2025-07-08 17:24:00,12.453044,37.885605,4,7520
2025-07-08 17:34:00,12.453044,37.885605,4,7520
2025-07-08 17:44:00,12.453044,37.885605,4,7520
2025-07-08 17:54:00,12.453044,37.885605,4,7520
2025-07-08 18:04:00,12.453044,37.885605,4,7520
2025-07-08 18:14:00,12.453044,37.885605,4,7520
2025-07-08 18:24:00,12.453044,37.885605,4,7520
2025-07-08 18:34:00,12.453044,37.885605,4,7520
2025-07-08 18:44:00,12.453044,37.885605,4,7520
2025-07-08 18:54:00,12.453044,37.885605,4,7520
2025-07-08 19:04:00,12.453044,37.885605,4,7520
2025-07-08 19:14:00,12.453044,37.885605,4,7520
2025-07-08 19:24:00,12.453044,37.885605,4,7520
2025-07-08 19:34:00,12.453044,37.885605,4,7520
2025-07-08 19:44:00,12.453044,37.885605,4,7520
2025-07-08 19:54:00,12.453044,37.885605,4,7520
2025-07-08 20:04:00,12.453044,37.885605,4,7520
2025-07-08 20:14:00,12.453044,37.885605,4,7520
2025-07-08 20:24:00,12.453044,37.885605,4,7520
2025-07-08 20:34:00,12.453044,37.885605,4,7520
2025-07-08 20:44:00,12.453044,37.885605,4,7520
2025-07-08 20:54:00,12.453044,37.885605,4,7520
2025-07-08 21:04:00,12.453044,37.885605,4,7520
2025-07-08 21:14:00,12.453044,37.885605,4,7520
2025-07-08 21:24:00,12.453044,37.885605,4,7520
2025-07-08 21:34:00,12.453044,37.885605,4,7520
2025-07-08 21:44:00,12.453044,37.885605,4,7520
2025-07-08 21:54:00,12.453044,37.885605,4,7520
2025-07-08 22:04:00,12.453044,37.885605,4,7520
2025-07-08 22:14:00,12.453044,37.885605,4,7520
2025-07-08 22:24:00,12.453044,37.885605,4,7520
2025-07-08 22:34:00,12.453044,37.885605,4,7520
2025-07-08 22:44:00,12.453044,37.885605,4,7520
2025-07-08 22:54:00,12.453044,37.885605,4,7520
2025-07-08 23:04:00,12.453044,37.885605,4,7520
2025-07-08 23:14:00,12.453044,37.885605,4,7520
2025-07-08 23:24:00,12.453044,37.885605,4,7520
2025-07-08 23:34:00,12.453044,37.885605,4,7520
2025-07-08 23:44:00,12.453044,37.885605,4,7520
2025-07-08 23:54:00,12.453044,37.885605,4,7520
2025-07-09 00:04:00,12.453044,37.885605,4,7520
2025-07-09 00:14:00,12.453044,37.885605,4,7520
2025-07-09 00:24:00,12.453044,37.885605,4,7520
2025-07-09 00:34:00,12.453044,37.885605,4,7520
2025-07-09 00:44:00,12.453044,37.885605,4,7520
2025-07-09 00:54:00,12.453044,37.885605,4,7520
2025-07-09 01:04:00,12.453044,37.885605,4,7520
2025-07-09 01:14:00,12.453044,37.885605,4,7520
2025-07-09 01:24:00,12.453044,37.885605,4,7520
2025-07-09 01:34:00,12.453044,37.885605,4,7520
2025-07-09 01:44:00,12.453044,37.885605,4,7520
2025-07-09 01:54:00,12.453044,37.885605,4,7520
2025-07-09 02:04:00,12.453044,37.885605,4,7520
2025-07-09 02:14:00,12.453044,37.885605,4,7520
2025-07-09 02:24:00,12.453044,37.885605,4,7520
2025-07-09 02:34:00,12.453044,37.885605,4,7520
2025-07-09 02:44:00,12.453044,37.885605,4,7520
2025-07-09 02:54:00,12.453044,37.885605,4,7520
2025-07-09 03:04:00,12.453044,37.885605,4,7520
2025-07-09 03:14:00,12.453044,37.885605,4,7520
2025-07-09 03:24:00,12.453044,37.885605,4,7520
2025-07-09 03:34:00,12.453044,37.885605,4,7520
2025-07-09 03:44:00,12.453044,37.885605,4,7520
2025-07-09 03:54:00,12.453044,37.885605,4,7520
2025-07-09 04:04:00,12.453044,37.885605,4,7520
2025-07-09 04:14:00,12.453044,37.885605,4,7520
2025-07-09 04:24:00,12.453044,37.885605,4,7520
2025-07-09 04:34:00,12.453044,37.885605,4,7520
2025-07-09 04:44:00,12.453044,37.885605,4,7520
2025-07-09 04:54:00,12.453044,37.885605,4,7520
2025-07-09 05:04:00,12.453044,37.885605,4,7520
2025-07-09 05:14:00,12.453044,37.885605,4,7520
2025-07-09 05:24:00,12.453044,37.885605,4,7520
2025-07-09 05:34:00,12.453044,37.885605,4,7520
2025-07-09 05:44:00,12.453044,37.885605,4,7520
2025-07-09 05:54:00,12.453044,37.885605,4,7520
2025-07-09 06:04:00,12.453044,37.885605,4,7520
2025-07-09 06:14:00,12.453044,37.885605,4,7520
2025-07-09 06:24:00,12.45344,37.88527,4,7520
2025-07-09 06:34:00,12.45344,37.88527,4,7520
2025-07-09 06:44:00,12.45344,37.88527,4,7520
2025-07-09 06:54:00,12.453733,37.8849,4,7520
2025-07-09 07:04:00,12.453733,37.8849,4,7520
2025-07-09 07:14:00,12.453733,37.8849,4,7520
2025-07-09 07:24:00,12.453733,37.8849,4,7520
2025-07-09 07:34:00,12.453733,37.8849,4,7520
2025-07-09 07:44:00,12.453733,37.8849,4,7520
2025-07-09 07:54:00,12.453733,37.8849,4,7520
2025-07-09 08:04:00,12.453733,37.8849,4,7520
2025-07-09 08:14:00,12.453733,37.8849,4,7520
2025-07-09 08:24:00,12.453733,37.8849,4,7520
2025-07-09 08:34:00,12.453733,37.8849,4,7520
2025-07-09 08:44:00,12.453733,37.8849,4,7520
2025-07-09 08:54:00,12.453733,37.8849,4,7520
2025-07-09 09:04:00,12.453733,37.8849,4,7520
2025-07-09 09:14:00,12.453733,37.8849,4,7520
2025-07-09 09:24:00,12.453733,37.8849,4,7520
2025-07-09 09:34:00,12.453733,37.8849,4,7520
2025-07-09 09:44:00,12.453733,37.8849,4,7520
2025-07-09 09:54:00,12.453733,37.8849,4,7520
2025-07-09 10:04:00,12.453733,37.8849,4,7520
2025-07-09 10:14:00,12.453733,37.8849,4,7520
2025-07-09 10:24:00,12.453733,37.8849,4,7520
2025-07-09 10:34:00,12.453733,37.8849,4,7520
2025-07-09 10:44:00,12.453733,37.8849,4,7520
2025-07-09 10:54:00,12.453733,37.8849,4,7520
2025-07-09 11:04:00,12.453733,37.8849,4,7520
2025-07-09 11:14:00,12.453733,37.8849,4,7520
2025-07-09 11:24:00,12.453733,37.8849,4,7520
2025-07-09 11:34:00,12.453733,37.8849,4,7520
2025-07-09 11:44:00,12.453733,37.8849,4,7520
2025-07-09 11:54:00,12.453733,37.8849,4,7520
2025-07-09 12:04:00,12.453733,37.8849,4,7520
2025-07-09 12:14:00,12.453733,37.8849,4,7520
2025-07-09 12:24:00,12.453733,37.8849,4,7520
2025-07-09 12:34:00,12.453733,37.8849,4,7520
2025-07-09 12:44:00,12.453733,37.8849,4,7520
2025-07-09 12:54:00,12.453733,37.8849,4,7520
2025-07-09 13:04:00,12.453733,37.8849,4,7520
2025-07-09 13:14:00,12.453733,37.8849,4,7520
2025-07-09 13:24:00,12.453733,37.8849,4,7520
2025-07-09 13:34:00,12.453733,37.8849,4,7520
2025-07-09 13:44:00,12.453733,37.8849,4,7520
2025-07-09 13:54:00,12.453733,37.8849,4,7520
2025-07-09 14:04:00,12.453733,37.8849,4,7520
2025-07-09 14:14:00,12.453733,37.8849,4,7520
2025-07-09 14:24:00,12.453733,37.8849,4,7520
2025-07-09 14:34:00,12.453733,37.8849,4,7520
2025-07-09 14:44:00,12.453735,37.884342,4,7520
2025-07-09 14:54:00,12.453735,37.884342,4,7520
2025-07-09 15:04:00,12.453704,37.883152,4,7520
2025-07-09 15:14:00,12.453669,37.881927,4,7520
2025-07-09 15:24:00,12.453588,37.88071,4,7520
2025-07-09 15:34:00,12.453323,37.879562,4,7520
2025-07-09 15:44:00,12.453047,37.878452,4,7520
2025-07-09 15:54:00,12.452816,37.87736,4,7520
2025-07-09 16:04:00,12.452676,37.876152,4,7520
2025-07-09 16:14:00,12.452631,37.874836,4,7520
2025-07-09 16:24:00,12.452582,37.873688,4,7520
2025-07-09 16:34:00,12.452516,37.872643,4,7520
2025-07-09 16:44:00,12.45244,37.87164,4,7520
2025-07-09 16:54:00,12.452299,37.870598,4,7520
2025-07-09 17:04:00,12.45203,37.869427,4,7520
2025-07-09 17:14:00,12.45174,37.868237,4,7520
2025-07-09 17:24:00,12.451484,37.86702,4,7520
2025-07-09 17:34:00,12.4512615,37.86576,4,7520
2025-07-09 17:44:00,12.451086,37.864468,4,7520
2025-07-09 17:54:00,12.450952,37.863182,4,7520
2025-07-09 18:04:00,12.450776,37.86202,4,7520
2025-07-09 18:14:00,12.45057,37.860962,4,7520
2025-07-09 18:24:00,12.450331,37.85983,4,7520
2025-07-09 18:34:00,12.450119,37.85866,4,7520
2025-07-09 18:44:00,12.450007,37.857525,4,7520
2025-07-09 18:54:00,12.449841,37.856403,4,7520
2025-07-09 19:04:00,12.449578,37.855316,4,7520
2025-07-09 19:14:00,12.449453,37.85433,4,7520
2025-07-09 19:24:00,12.449473,37.85342,4,7520
2025-07-09 19:34:00,12.449473,37.85342,4,7520
2025-07-09 19:44:00,12.449473,37.85342,4,7520
2025-07-09 19:54:00,12.449473,37.85342,4,7520
2025-07-09 20:04:00,12.449473,37.85342,4,7520
2025-07-09 20:14:00,12.449473,37.85342,4,7520
2025-07-09 20:24:00,12.449473,37.85342,4,7520
2025-07-09 20:34:00,12.449473,37.85342,4,7520
2025-07-09 20:44:00,12.449473,37.85342,4,7520
2025-07-09 20:54:00,12.449473,37.85342,4,7520
2025-07-09 21:04:00,12.449473,37.85342,4,7520
2025-07-09 21:14:00,12.449473,37.85342,4,7520
2025-07-09 21:24:00,12.449473,37.85342,4,7520
2025-07-09 21:34:00,12.449473,37.85342,4,7520
2025-07-09 21:44:00,12.449473,37.85342,4,7520
2025-07-09 21:54:00,12.449473,37.85342,4,7520
2025-07-09 22:04:00,12.449473,37.85342,4,7520
2025-07-09 22:14:00,12.449473,37.85342,4,7520
2025-07-09 22:24:00,12.449473,37.85342,4,7520
2025-07-09 22:34:00,12.449473,37.85342,4,7520
2025-07-09 22:44:00,12.449559,37.853058,4,7520
2025-07-09 22:54:00,12.449734,37.85237,4,7520
2025-07-09 23:04:00,12.449898,37.851727,4,7520
2025-07-09 23:14:00,12.450034,37.851116,4,7520
2025-07-09 23:24:00,12.450146,37.850544,4,7520
2025-07-09 23:34:00,12.450243,37.850006,4,7520
2025-07-09 23:44:00,12.450332,37.8495,4,7520
2025-07-09 23:54:00,12.450415,37.84901,4,7520
2025-07-10 00:04:00,12.450503,37.848557,4,7520
2025-07-08 10:44:00,12.450471,37.885376,4,930
2025-07-08 10:54:00,12.451122,37.88547,4,930
2025-07-08 11:04:00,12.451767,37.88561,4,930
2025-07-08 11:14:00,12.452419,37.885742,4,930
2025-07-08 11:24:00,12.452731,37.88579,4,930
2025-07-08 11:34:00,12.452731,37.88579,4,930
2025-07-08 11:44:00,12.452731,37.88579,4,930
2025-07-08 11:54:00,12.452731,37.88579,4,930
2025-07-08 12:04:00,12.452952,37.88574,4,930
2025-07-08 12:14:00,12.452952,37.88574,4,930
2025-07-08 12:24:00,12.452952,37.88574,4,930
2025-07-08 12:34:00,12.452952,37.88574,4,930
2025-07-08 12:44:00,12.452952,37.88574,4,930
2025-07-08 12:54:00,12.452952,37.88574,4,930
2025-07-08 13:04:00,12.452952,37.88574,4,930
2025-07-08 13:14:00,12.452952,37.88574,4,930
2025-07-08 13:24:00,12.452952,37.88574,4,930
2025-07-08 13:34:00,12.452952,37.88574,4,930
2025-07-08 13:44:00,12.452952,37.88574,4,930
2025-07-08 13:54:00,12.452952,37.88574,4,930
2025-07-08 14:04:00,12.452952,37.88574,4,930
2025-07-08 14:14:00,12.452952,37.88574,4,930
2025-07-08 14:24:00,12.452952,37.88574,4,930
2025-07-08 14:34:00,12.452952,37.88574,4,930
2025-07-08 14:44:00,12.452952,37.88574,4,930
2025-07-08 14:54:00,12.452952,37.88574,4,930
2025-07-08 15:04:00,12.452952,37.88574,4,930
2025-07-08 15:14:00,12.452952,37.88574,4,930
2025-07-08 15:24:00,12.452952,37.88574,4,930
2025-07-08 15:34:00,12.452952,37.88574,4,930
2025-07-08 15:44:00,12.452952,37.88574,4,930
2025-07-08 15:54:00,12.452952,37.88574,4,930
2025-07-08 16:04:00,12.452952,37.88574,4,930
2025-07-08 16:14:00,12.452952,37.88574,4,930
2025-07-08 16:24:00,12.452952,37.88574,4,930
2025-07-08 16:34:00,12.452952,37.88574,4,930
2025-07-08 16:44:00,12.452952,37.88574,4,930
2025-07-08 16:54:00,12.452952,37.88574,4,930
2025-07-08 17:04:00,12.452952,37.88574,4,930
2025-07-08 17:14:00,12.452952,37.88574,4,930
2025-07-08 17:24:00,12.452952,37.88574,4,930
2025-07-08 17:34:00,12.452952,37.88574,4,930
2025-07-08 17:44:00,12.452952,37.88574,4,930
2025-07-08 17:54:00,12.452952,37.88574,4,930
2025-07-08 18:04:00,12.452952,37.88574,4,930
2025-07-08 18:14:00,12.452952,37.88574,4,930
2025-07-08 18:24:00,12.452952,37.88574,4,930
2025-07-08 18:34:00,12.452952,37.88574,4,930
2025-07-08 18:44:00,12.452952,37.88574,4,930
2025-07-08 18:54:00,12.452952,37.88574,4,930
2025-07-08 19:04:00,12.452952,37.88574,4,930
2025-07-08 19:14:00,12.452952,37.88574,4,930
2025-07-08 19:24:00,12.452952,37.88574,4,930
2025-07-08 19:34:00,12.452952,37.88574,4,930
2025-07-08 19:44:00,12.452952,37.88574,4,930
2025-07-08 19:54:00,12.452952,37.88574,4,930
2025-07-08 20:04:00,12.452952,37.88574,4,930
2025-07-08 20:14:00,12.452952,37.88574,4,930
2025-07-08 20:24:00,12.452952,37.88574,4,930
2025-07-08 20:34:00,12.452952,37.88574,4,930
2025-07-08 20:44:00,12.452952,37.88574,4,930
2025-07-08 20:54:00,12.452952,37.88574,4,930
2025-07-08 21:04:00,12.452952,37.88574,4,930
2025-07-08 21:14:00,12.452952,37.88574,4,930
2025-07-08 21:24:00,12.452952,37.88574,4,930
2025-07-08 21:34:00,12.452952,37.88574,4,930
2025-07-08 21:44:00,12.452952,37.88574,4,930
2025-07-08 21:54:00,12.452952,37.88574,4,930
2025-07-08 22:04:00,12.452952,37.88574,4,930
2025-07-08 22:14:00,12.452952,37.88574,4,930
2025-07-08 22:24:00,12.452952,37.88574,4,930
2025-07-08 22:34:00,12.452952,37.88574,4,930
2025-07-08 22:44:00,12.452952,37.88574,4,930
2025-07-08 22:54:00,12.452952,37.88574,4,930
2025-07-08 23:04:00,12.452952,37.88574,4,930
2025-07-08 23:14:00,12.452952,37.88574,4,930
2025-07-08 23:24:00,12.452952,37.88574,4,930
2025-07-08 23:34:00,12.452952,37.88574,4,930
2025-07-08 23:44:00,12.452952,37.88574,4,930
2025-07-08 23:54:00,12.452952,37.88574,4,930
2025-07-09 00:04:00,12.452952,37.88574,4,930
2025-07-09 00:14:00,12.452952,37.88574,4,930
2025-07-09 00:24:00,12.452952,37.88574,4,930
2025-07-09 00:34:00,12.452952,37.88574,4,930
2025-07-09 00:44:00,12.452952,37.88574,4,930
2025-07-09 00:54:00,12.452952,37.88574,4,930
2025-07-09 01:04:00,12.452952,37.88574,4,930
2025-07-09 01:14:00,12.452952,37.88574,4,930
2025-07-09 01:24:00,12.452952,37.88574,4,930
2025-07-09 01:34:00,12.452952,37.88574,4,930
2025-07-09 01:44:00,12.452952,37.88574,4,930
2025-07-09 01:54:00,12.452952,37.88574,4,930
2025-07-09 02:04:00,12.452952,37.88574,4,930
2025-07-09 02:14:00,12.452952,37.88574,4,930
2025-07-09 02:24:00,12.452952,37.88574,4,930
2025-07-09 02:34:00,12.452952,37.88574,4,930
2025-07-09 02:44:00,12.452952,37.88574,4,930
2025-07-09 02:54:00,12.452952,37.88574,4,930
2025-07-09 03:04:00,12.452952,37.88574,4,930
2025-07-09 03:14:00,12.452952,37.88574,4,930
2025-07-09 03:24:00,12.452952,37.88574,4,930
2025-07-09 03:34:00,12.452952,37.88574,4,930
2025-07-09 03:44:00,12.452952,37.88574,4,930
2025-07-09 03:54:00,12.452952,37.88574,4,930
2025-07-09 04:04:00,12.452952,37.88574,4,930
2025-07-09 04:14:00,12.452952,37.88574,4,930
2025-07-09 04:24:00,12.452952,37.88574,4,930
2025-07-09 04:34:00,12.452952,37.88574,4,930
2025-07-09 04:44:00,12.452952,37.88574,4,930
2025-07-09 04:54:00,12.452952,37.88574,4,930
2025-07-09 05:04:00,12.452952,37.88574,4,930
2025-07-09 05:14:00,12.452952,37.88574,4,930
2025-07-09 05:24:00,12.452952,37.88574,4,930
2025-07-09 05:34:00,12.452952,37.88574,4,930
2025-07-09 05:44:00,12.452952,37.88574,4,930
2025-07-09 05:54:00,12.452952,37.88574,4,930
2025-07-09 06:04:00,12.452952,37.88574,4,930
2025-07-09 06:14:00,12.452952,37.88574,4,930
2025-07-09 06:24:00,12.452952,37.88574,4,930
2025-07-09 06:34:00,12.453656,37.88504,4,930
2025-07-09 06:44:00,12.453656,37.88504,4,930
2025-07-09 06:54:00,12.453656,37.88504,4,930
2025-07-09 07:04:00,12.453656,37.88504,4,930
2025-07-09 07:14:00,12.453656,37.88504,4,930
2025-07-09 07:24:00,12.453656,37.88504,4,930
2025-07-09 07:34:00,12.453656,37.88504,4,930
2025-07-09 07:44:00,12.453656,37.88504,4,930
2025-07-09 07:54:00,12.453656,37.88504,4,930
2025-07-09 08:04:00,12.453656,37.88504,4,930
2025-07-09 08:14:00,12.453656,37.88504,4,930
2025-07-09 08:24:00,12.453656,37.88504,4,930
2025-07-09 08:34:00,12.453656,37.88504,4,930
2025-07-09 08:44:00,12.453656,37.88504,4,930
2025-07-09 08:54:00,12.453656,37.88504,4,930
2025-07-09 09:04:00,12.453656,37.88504,4,930
2025-07-09 09:14:00,12.453656,37.88504,4,930
2025-07-09 09:24:00,12.453656,37.88504,4,930
2025-07-09 09:34:00,12.453656,37.88504,4,930
2025-07-09 09:44:00,12.453656,37.88504,4,930
2025-07-09 09:54:00,12.453656,37.88504,4,930
2025-07-09 10:04:00,12.453656,37.88504,4,930
2025-07-09 10:14:00,12.453656,37.88504,4,930
2025-07-09 10:24:00,12.453656,37.88504,4,930
2025-07-09 10:34:00,12.453656,37.88504,4,930
2025-07-09 10:44:00,12.453656,37.88504,4,930
2025-07-09 10:54:00,12.453656,37.88504,4,930
2025-07-09 11:04:00,12.453656,37.88504,4,930
2025-07-09 11:14:00,12.453656,37.88504,4,930
2025-07-09 11:24:00,12.453656,37.88504,4,930
2025-07-09 11:34:00,12.453656,37.88504,4,930
2025-07-09 11:44:00,12.453656,37.88504,4,930
2025-07-09 11:54:00,12.453656,37.88504,4,930
2025-07-09 12:04:00,12.453656,37.88504,4,930
2025-07-09 12:14:00,12.453656,37.88504,4,930
2025-07-09 12:24:00,12.453656,37.88504,4,930
2025-07-09 12:34:00,12.453656,37.88504,4,930
2025-07-09 12:44:00,12.453656,37.88504,4,930
2025-07-09 12:54:00,12.453656,37.88504,4,930
2025-07-09 13:04:00,12.453656,37.88504,4,930
2025-07-09 13:14:00,12.453656,37.88504,4,930
2025-07-09 13:24:00,12.453656,37.88504,4,930
2025-07-09 13:34:00,12.453656,37.88504,4,930
2025-07-09 13:44:00,12.453656,37.88504,4,930
2025-07-09 13:54:00,12.453739,37.884567,4,930
2025-07-09 14:04:00,12.453739,37.884567,4,930
2025-07-09 14:14:00,12.453739,37.884567,4,930
2025-07-09 14:24:00,12.453739,37.884567,4,930
2025-07-09 14:34:00,12.453739,37.884567,4,930
2025-07-09 14:44:00,12.453739,37.884567,4,930
2025-07-09 14:54:00,12.453726,37.883995,4,930
2025-07-09 15:04:00,12.453711,37.883392,4,930
2025-07-09 15:14:00,12.453674,37.882175,4,930
2025-07-09 15:24:00,12.453625,37.880955,4,930
2025-07-09 15:34:00,12.453397,37.8798,4,930
2025-07-09 15:44:00,12.453107,37.878685,4,930
2025-07-09 15:54:00,12.452865,37.877598,4,930
2025-07-09 16:04:00,12.4527,37.876427,4,930
2025-07-09 16:14:00,12.452642,37.875114,4,930
2025-07-09 16:24:00,12.452598,37.873928,4,930
2025-07-09 16:34:00,12.452533,37.87287,4,930
2025-07-09 16:44:00,12.45246,37.871853,4,930
2025-07-09 16:54:00,12.45234,37.87083,4,930
2025-07-09 17:04:00,12.452099,37.86969,4,930
2025-07-09 17:14:00,12.451799,37.8685,4,930
2025-07-09 17:24:00,12.451533,37.867294,4,930
2025-07-09 17:34:00,12.451301,37.86605,4,930
2025-07-09 17:44:00,12.451106,37.864765,4,930
2025-07-09 17:54:00,12.450967,37.86347,4,930
2025-07-09 18:04:00,12.450799,37.862274,4,930
2025-07-09 18:14:00,12.450598,37.861217,4,930
2025-07-09 18:24:00,12.450366,37.860115,4,930
2025-07-09 18:34:00,12.450132,37.858948,4,930
2025-07-09 18:44:00,12.449998,37.85782,4,930
2025-07-09 18:54:00,12.4498625,37.8567,4,930
2025-07-09 19:04:00,12.449599,37.855602,4,930
2025-07-09 19:14:00,12.449435,37.854588,4,930
2025-07-09 19:24:00,12.449435,37.853657,4,930
2025-07-09 19:34:00,12.449435,37.853657,4,930
2025-07-09 19:44:00,12.449435,37.853657,4,930
2025-07-09 19:54:00,12.449435,37.853657,4,930
2025-07-09 20:04:00,12.449435,37.853657,4,930
2025-07-09 20:14:00,12.449435,37.853657,4,930
2025-07-09 20:24:00,12.449435,37.853657,4,930
2025-07-09 20:34:00,12.449435,37.853657,4,930
2025-07-09 20:44:00,12.449435,37.853657,4,930
2025-07-09 20:54:00,12.449435,37.853657,4,930
2025-07-09 21:04:00,12.449435,37.853657,4,930
2025-07-09 21:14:00,12.449435,37.853657,4,930
2025-07-09 21:24:00,12.449435,37.853657,4,930
2025-07-09 21:34:00,12.449435,37.853657,4,930
2025-07-09 21:44:00,12.449435,37.853657,4,930
2025-07-09 21:54:00,12.449435,37.853657,4,930
2025-07-09 22:04:00,12.449435,37.853657,4,930
2025-07-09 22:14:00,12.449435,37.853657,4,930
2025-07-09 22:24:00,12.449435,37.853657,4,930
2025-07-09 22:34:00,12.449435,37.853657,4,930
2025-07-09 22:44:00,12.449435,37.853657,4,930
2025-07-09 22:54:00,12.449435,37.853657,4,930
2025-07-09 23:04:00,12.449435,37.853657,4,930
2025-07-09 23:14:00,12.449435,37.853657,4,930
2025-07-09 23:24:00,12.449538,37.85333,4,930
2025-07-09 23:34:00,12.449737,37.852715,4,930
2025-07-09 23:44:00,12.449917,37.852154,4,930
2025-07-09 23:54:00,12.450074,37.851635,4,930
2025-07-10 00:04:00,12.450202,37.851173,4,930
2025-07-08 11:34:00,12.453629,37.874897,5,2520
2025-07-08 11:44:00,12.454155,37.87485,5,2520
2025-07-08 11:54:00,12.454623,37.874756,5,2520
2025-07-08 12:04:00,12.455027,37.874622,5,2520
2025-07-08 12:14:00,12.455426,37.87445,5,2520
2025-07-08 12:24:00,12.45585,37.87426,5,2520
2025-07-08 12:34:00,12.456301,37.874043,5,2520
2025-07-08 12:44:00,12.456793,37.873795,5,2520
2025-07-08 12:54:00,12.457334,37.873516,5,2520
2025-07-08 13:04:00,12.457924,37.873203,5,2520
2025-07-08 13:14:00,12.45857,37.872837,5,2520
2025-07-08 13:24:00,12.459272,37.872395,5,2520
2025-07-08 13:34:00,12.460038,37.871872,5,2520
2025-07-08 13:44:00,12.460872,37.87127,5,2520
2025-07-08 13:54:00,12.461768,37.87059,5,2520
2025-07-08 14:04:00,12.462745,37.86983,5,2520
2025-07-08 14:14:00,12.462745,37.86983,5,2520
2025-07-08 14:24:00,12.462745,37.86983,5,2520
2025-07-08 14:34:00,12.462745,37.86983,5,2520
2025-07-08 14:44:00,12.462745,37.86983,5,2520
2025-07-08 14:54:00,12.462745,37.86983,5,2520
2025-07-08 15:04:00,12.462745,37.86983,5,2520
2025-07-08 15:14:00,12.462745,37.86983,5,2520
2025-07-08 15:24:00,12.462745,37.86983,5,2520
2025-07-08 15:34:00,12.462745,37.86983,5,2520
2025-07-08 15:44:00,12.462745,37.86983,5,2520
2025-07-08 15:54:00,12.462745,37.86983,5,2520
2025-07-08 16:04:00,12.462745,37.86983,5,2520
2025-07-08 16:14:00,12.462745,37.86983,5,2520
2025-07-08 16:24:00,12.462745,37.86983,5,2520
2025-07-08 16:34:00,12.462745,37.86983,5,2520
2025-07-08 16:44:00,12.462745,37.86983,5,2520
2025-07-08 16:54:00,12.462745,37.86983,5,2520
2025-07-08 17:04:00,12.462745,37.86983,5,2520
2025-07-08 17:14:00,12.462745,37.86983,5,2520
2025-07-08 17:24:00,12.462745,37.86983,5,2520
2025-07-08 17:34:00,12.463178,37.869556,5,2520
2025-07-08 17:44:00,12.463178,37.869556,5,2520
2025-07-08 17:54:00,12.463178,37.869556,5,2520
2025-07-08 18:04:00,12.463178,37.869556,5,2520
2025-07-08 18:14:00,12.463178,37.869556,5,2520
2025-07-08 18:24:00,12.463178,37.869556,5,2520
2025-07-08 18:34:00,12.463178,37.869556,5,2520
2025-07-08 18:44:00,12.463178,37.869556,5,2520
2025-07-08 18:54:00,12.463178,37.869556,5,2520
2025-07-08 19:04:00,12.463178,37.869556,5,2520
2025-07-08 19:14:00,12.463178,37.869556,5,2520
2025-07-08 19:24:00,12.463178,37.869556,5,2520
2025-07-08 19:34:00,12.463178,37.869556,5,2520
2025-07-08 19:44:00,12.463178,37.869556,5,2520
2025-07-08 19:54:00,12.463178,37.869556,5,2520
2025-07-08 20:04:00,12.463178,37.869556,5,2520
2025-07-08 20:14:00,12.463178,37.869556,5,2520
2025-07-08 20:24:00,12.463178,37.869556,5,2520
2025-07-08 20:34:00,12.463178,37.869556,5,2520
2025-07-08 20:44:00,12.463178,37.869556,5,2520
2025-07-08 20:54:00,12.463178,37.869556,5,2520
2025-07-08 21:04:00,12.463178,37.869556,5,2520
2025-07-08 21:14:00,12.463178,37.869556,5,2520
2025-07-08 21:24:00,12.463178,37.869556,5,2520
2025-07-08 21:34:00,12.463178,37.869556,5,2520
2025-07-08 21:44:00,12.463178,37.869556,5,2520
2025-07-08 21:54:00,12.463178,37.869556,5,2520
2025-07-08 22:04:00,12.463178,37.869556,5,2520
2025-07-08 22:14:00,12.463178,37.869556,5,2520
2025-07-08 22:24:00,12.463178,37.869556,5,2520
2025-07-08 22:34:00,12.463178,37.869556,5,2520
2025-07-08 22:44:00,12.463178,37.869556,5,2520
2025-07-08 22:54:00,12.463178,37.869556,5,2520
2025-07-08 23:04:00,12.463178,37.869556,5,2520
2025-07-08 23:14:00,12.463178,37.869556,5,2520
2025-07-08 23:24:00,12.463178,37.869556,5,2520
2025-07-08 23:34:00,12.463178,37.869556,5,2520
2025-07-08 23:44:00,12.463178,37.869556,5,2520
2025-07-08 23:54:00,12.463178,37.869556,5,2520
2025-07-09 00:04:00,12.463178,37.869556,5,2520
2025-07-09 00:14:00,12.463178,37.869556,5,2520
2025-07-09 00:24:00,12.463178,37.869556,5,2520
2025-07-09 00:34:00,12.463178,37.869556,5,2520
2025-07-09 00:44:00,12.463178,37.869556,5,2520
2025-07-09 00:54:00,12.463178,37.869556,5,2520
2025-07-09 01:04:00,12.463178,37.869556,5,2520
2025-07-09 01:14:00,12.463178,37.869556,5,2520
2025-07-09 01:24:00,12.463178,37.869556,5,2520
2025-07-09 01:34:00,12.463178,37.869556,5,2520
2025-07-09 01:44:00,12.463178,37.869556,5,2520
2025-07-09 01:54:00,12.463178,37.869556,5,2520
2025-07-09 02:04:00,12.463178,37.869556,5,2520
2025-07-09 02:14:00,12.463178,37.869556,5,2520
2025-07-09 02:24:00,12.463178,37.869556,5,2520
2025-07-09 02:34:00,12.463178,37.869556,5,2520
2025-07-09 02:44:00,12.463178,37.869556,5,2520
2025-07-09 02:54:00,12.463178,37.869556,5,2520
2025-07-09 03:04:00,12.463178,37.869556,5,2520
2025-07-09 03:14:00,12.463178,37.869556,5,2520
2025-07-09 03:24:00,12.463178,37.869556,5,2520
2025-07-09 03:34:00,12.463178,37.869556,5,2520
2025-07-09 03:44:00,12.463178,37.869556,5,2520
2025-07-09 03:54:00,12.463178,37.869556,5,2520
2025-07-09 04:04:00,12.463178,37.869556,5,2520
2025-07-09 04:14:00,12.463178,37.869556,5,2520
2025-07-09 04:24:00,12.463178,37.869556,5,2520
2025-07-09 04:34:00,12.463178,37.869556,5,2520
2025-07-09 04:44:00,12.463178,37.869556,5,2520
2025-07-09 04:54:00,12.463178,37.869556,5,2520
2025-07-09 05:04:00,12.463178,37.869556,5,2520
2025-07-09 05:14:00,12.463178,37.869556,5,2520
2025-07-09 05:24:00,12.463178,37.869556,5,2520
2025-07-09 05:34:00,12.463178,37.869556,5,2520
2025-07-09 05:44:00,12.463178,37.869556,5,2520
2025-07-09 05:54:00,12.463178,37.869556,5,2520
2025-07-09 06:04:00,12.463178,37.869556,5,2520
2025-07-09 06:14:00,12.463178,37.869556,5,2520
2025-07-09 06:24:00,12.463178,37.869556,5,2520
2025-07-09 06:34:00,12.463178,37.869556,5,2520
2025-07-09 06:44:00,12.463178,37.869556,5,2520
2025-07-09 06:54:00,12.463178,37.869556,5,2520
2025-07-09 07:04:00,12.463178,37.869556,5,2520
2025-07-09 07:14:00,12.463178,37.869556,5,2520
2025-07-09 07:24:00,12.463178,37.869556,5,2520
2025-07-09 07:34:00,12.463178,37.869556,5,2520
2025-07-09 07:44:00,12.463178,37.869556,5,2520
2025-07-09 07:54:00,12.463178,37.869556,5,2520
2025-07-09 08:04:00,12.463178,37.869556,5,2520
2025-07-09 08:14:00,12.463178,37.869556,5,2520
2025-07-09 08:24:00,12.463178,37.869556,5,2520
2025-07-09 08:34:00,12.463178,37.869556,5,2520
2025-07-09 08:44:00,12.463178,37.869556,5,2520
2025-07-09 08:54:00,12.463178,37.869556,5,2520
2025-07-09 09:04:00,12.463178,37.869556,5,2520
2025-07-09 09:14:00,12.463178,37.869556,5,2520
2025-07-09 09:24:00,12.463178,37.869556,5,2520
2025-07-09 09:34:00,12.463178,37.869556,5,2520
2025-07-09 09:44:00,12.463178,37.869556,5,2520
2025-07-09 09:54:00,12.463178,37.869556,5,2520
2025-07-09 10:04:00,12.463178,37.869556,5,2520
2025-07-09 10:14:00,12.463178,37.869556,5,2520
2025-07-09 10:24:00,12.463178,37.869556,5,2520
2025-07-09 10:34:00,12.463178,37.869556,5,2520
2025-07-09 10:44:00,12.463178,37.869556,5,2520
2025-07-09 10:54:00,12.463178,37.869556,5,2520
2025-07-09 11:04:00,12.463178,37.869556,5,2520
2025-07-09 11:14:00,12.463178,37.869556,5,2520
2025-07-09 11:24:00,12.463178,37.869556,5,2520
2025-07-09 11:34:00,12.463178,37.869556,5,2520
2025-07-09 11:44:00,12.463178,37.869556,5,2520
2025-07-09 11:54:00,12.463178,37.869556,5,2520
2025-07-09 12:04:00,12.463178,37.869556,5,2520
2025-07-09 12:14:00,12.463178,37.869556,5,2520
2025-07-09 12:24:00,12.463178,37.869556,5,2520
2025-07-09 12:34:00,12.463178,37.869556,5,2520
2025-07-09 12:44:00,12.463178,37.869556,5,2520
2025-07-09 12:54:00,12.463178,37.869556,5,2520
2025-07-09 13:04:00,12.463178,37.869556,5,2520
2025-07-09 13:14:00,12.463178,37.869556,5,2520
2025-07-09 13:24:00,12.463178,37.869556,5,2520
2025-07-09 13:34:00,12.463178,37.869556,5,2520
2025-07-09 13:44:00,12.463178,37.869556,5,2520
2025-07-09 13:54:00,12.463178,37.869556,5,2520
2025-07-09 14:04:00,12.463178,37.869556,5,2520
2025-07-09 14:14:00,12.463178,37.869556,5,2520
2025-07-09 14:24:00,12.463178,37.869556,5,2520
2025-07-09 14:34:00,12.463178,37.869556,5,2520
2025-07-09 14:44:00,12.463178,37.869556,5,2520
2025-07-09 14:54:00,12.463178,37.869556,5,2520
2025-07-09 15:04:00,12.463178,37.869556,5,2520
2025-07-09 15:14:00,12.463178,37.869556,5,2520
2025-07-09 15:24:00,12.463178,37.869556,5,2520
2025-07-09 15:34:00,12.463178,37.869556,5,2520
2025-07-09 15:44:00,12.463178,37.869556,5,2520
2025-07-09 15:54:00,12.463178,37.869556,5,2520
2025-07-09 16:04:00,12.463178,37.869556,5,2520
2025-07-09 16:14:00,12.463178,37.869556,5,2520
2025-07-09 16:24:00,12.463178,37.869556,5,2520
2025-07-09 16:34:00,12.463178,37.869556,5,2520
2025-07-09 16:44:00,12.463178,37.869556,5,2520
2025-07-09 16:54:00,12.463178,37.869556,5,2520
2025-07-09 17:04:00,12.463178,37.869556,5,2520
2025-07-09 17:14:00,12.463178,37.869556,5,2520
2025-07-09 17:24:00,12.463178,37.869556,5,2520
2025-07-09 17:34:00,12.463178,37.869556,5,2520
2025-07-09 17:44:00,12.463178,37.869556,5,2520
2025-07-09 17:54:00,12.463178,37.869556,5,2520
2025-07-09 18:04:00,12.463178,37.869556,5,2520
2025-07-09 18:14:00,12.463178,37.869556,5,2520
2025-07-09 18:24:00,12.463178,37.869556,5,2520
2025-07-09 18:34:00,12.463178,37.869556,5,2520
2025-07-09 18:44:00,12.463178,37.869556,5,2520
2025-07-09 18:54:00,12.463178,37.869556,5,2520
2025-07-09 19:04:00,12.463178,37.869556,5,2520
2025-07-09 19:14:00,12.463178,37.869556,5,2520
2025-07-09 19:24:00,12.463178,37.869556,5,2520
2025-07-09 19:34:00,12.463178,37.869556,5,2520
2025-07-09 19:44:00,12.463178,37.869556,5,2520
2025-07-09 19:54:00,12.463178,37.869556,5,2520
2025-07-09 20:04:00,12.463178,37.869556,5,2520
2025-07-09 20:14:00,12.463178,37.869556,5,2520
2025-07-09 20:24:00,12.463178,37.869556,5,2520
2025-07-09 20:34:00,12.463178,37.869556,5,2520
2025-07-09 20:44:00,12.463178,37.869556,5,2520
2025-07-09 20:54:00,12.463178,37.869556,5,2520
2025-07-09 21:04:00,12.463178,37.869556,5,2520
2025-07-09 21:14:00,12.463178,37.869556,5,2520
2025-07-09 21:24:00,12.463178,37.869556,5,2520
2025-07-09 21:34:00,12.463178,37.869556,5,2520
2025-07-09 21:44:00,12.463178,37.869556,5,2520
2025-07-09 21:54:00,12.463178,37.869556,5,2520
2025-07-09 22:04:00,12.463178,37.869556,5,2520
2025-07-09 22:14:00,12.463178,37.869556,5,2520
2025-07-09 22:24:00,12.463178,37.869556,5,2520
2025-07-09 22:34:00,12.463178,37.869556,5,2520
2025-07-09 22:44:00,12.463178,37.869556,5,2520
2025-07-09 22:54:00,12.463178,37.869556,5,2520
2025-07-09 23:04:00,12.463178,37.869556,5,2520
2025-07-09 23:14:00,12.463178,37.869556,5,2520
2025-07-09 23:24:00,12.463178,37.869556,5,2520
2025-07-09 23:34:00,12.463178,37.869556,5,2520
2025-07-09 23:44:00,12.463178,37.869556,5,2520
2025-07-09 23:54:00,12.463178,37.869556,5,2520
2025-07-10 00:04:00,12.463178,37.869556,5,2520
2025-07-08 11:34:00,12.453588,37.87494,5,7520
2025-07-08 11:44:00,12.454113,37.874893,5,7520
2025-07-08 11:54:00,12.454582,37.8748,5,7520
2025-07-08 12:04:00,12.454987,37.874672,5,7520
2025-07-08 12:14:00,12.455387,37.874504,5,7520
2025-07-08 12:24:00,12.4558115,37.874313,5,7520
2025-07-08 12:34:00,12.4562645,37.8741,5,7520
2025-07-08 12:44:00,12.456756,37.873856,5,7520
2025-07-08 12:54:00,12.457294,37.873577,5,7520
2025-07-08 13:04:00,12.457884,37.87327,5,7520
2025-07-08 13:14:00,12.458528,37.8729,5,7520
2025-07-08 13:24:00,12.459229,37.87246,5,7520
2025-07-08 13:34:00,12.459993,37.87194,5,7520
2025-07-08 13:44:00,12.460827,37.871334,5,7520
2025-07-08 13:54:00,12.461721,37.87066,5,7520
2025-07-08 14:04:00,12.462695,37.869896,5,7520
2025-07-08 14:14:00,12.462695,37.869896,5,7520
2025-07-08 14:24:00,12.462695,37.869896,5,7520
2025-07-08 14:34:00,12.462695,37.869896,5,7520
2025-07-08 14:44:00,12.462695,37.869896,5,7520
2025-07-08 14:54:00,12.462695,37.869896,5,7520
2025-07-08 15:04:00,12.462695,37.869896,5,7520
2025-07-08 15:14:00,12.462695,37.869896,5,7520
2025-07-08 15:24:00,12.462695,37.869896,5,7520
2025-07-08 15:34:00,12.462695,37.869896,5,7520
2025-07-08 15:44:00,12.462695,37.869896,5,7520
2025-07-08 15:54:00,12.462695,37.869896,5,7520
2025-07-08 16:04:00,12.462695,37.869896,5,7520
2025-07-08 16:14:00,12.462695,37.869896,5,7520
2025-07-08 16:24:00,12.462695,37.869896,5,7520
2025-07-08 16:34:00,12.462695,37.869896,5,7520
2025-07-08 16:44:00,12.462695,37.869896,5,7520
2025-07-08 16:54:00,12.462695,37.869896,5,7520
2025-07-08 17:04:00,12.462695,37.869896,5,7520
2025-07-08 17:14:00,12.46317,37.869556,5,7520
2025-07-08 17:24:00,12.46317,37.869556,5,7520
2025-07-08 17:34:00,12.46317,37.869556,5,7520
2025-07-08 17:44:00,12.46317,37.869556,5,7520
2025-07-08 17:54:00,12.46317,37.869556,5,7520
2025-07-08 18:04:00,12.46317,37.869556,5,7520
2025-07-08 18:14:00,12.46317,37.869556,5,7520
2025-07-08 18:24:00,12.46317,37.869556,5,7520
2025-07-08 18:34:00,12.46317,37.869556,5,7520
2025-07-08 18:44:00,12.46317,37.869556,5,7520
2025-07-08 18:54:00,12.46317,37.869556,5,7520
2025-07-08 19:04:00,12.46317,37.869556,5,7520
2025-07-08 19:14:00,12.46317,37.869556,5,7520
2025-07-08 19:24:00,12.46317,37.869556,5,7520
2025-07-08 19:34:00,12.46317,37.869556,5,7520
2025-07-08 19:44:00,12.46317,37.869556,5,7520
2025-07-08 19:54:00,12.46317,37.869556,5,7520
2025-07-08 20:04:00,12.46317,37.869556,5,7520
2025-07-08 20:14:00,12.46317,37.869556,5,7520
2025-07-08 20:24:00,12.46317,37.869556,5,7520
2025-07-08 20:34:00,12.46317,37.869556,5,7520
2025-07-08 20:44:00,12.46317,37.869556,5,7520
2025-07-08 20:54:00,12.46317,37.869556,5,7520
2025-07-08 21:04:00,12.46317,37.869556,5,7520
2025-07-08 21:14:00,12.46317,37.869556,5,7520
2025-07-08 21:24:00,12.46317,37.869556,5,7520
2025-07-08 21:34:00,12.46317,37.869556,5,7520
2025-07-08 21:44:00,12.46317,37.869556,5,7520
2025-07-08 21:54:00,12.46317,37.869556,5,7520
2025-07-08 22:04:00,12.46317,37.869556,5,7520
2025-07-08 22:14:00,12.46317,37.869556,5,7520
2025-07-08 22:24:00,12.46317,37.869556,5,7520
2025-07-08 22:34:00,12.46317,37.869556,5,7520
2025-07-08 22:44:00,12.46317,37.869556,5,7520
2025-07-08 22:54:00,12.46317,37.869556,5,7520
2025-07-08 23:04:00,12.46317,37.869556,5,7520
2025-07-08 23:14:00,12.46317,37.869556,5,7520
2025-07-08 23:24:00,12.46317,37.869556,5,7520
2025-07-08 23:34:00,12.46317,37.869556,5,7520
2025-07-08 23:44:00,12.46317,37.869556,5,7520
2025-07-08 23:54:00,12.46317,37.869556,5,7520
2025-07-09 00:04:00,12.46317,37.869556,5,7520
2025-07-09 00:14:00,12.46317,37.869556,5,7520
2025-07-09 00:24:00,12.46317,37.869556,5,7520
2025-07-09 00:34:00,12.46317,37.869556,5,7520
2025-07-09 00:44:00,12.46317,37.869556,5,7520
2025-07-09 00:54:00,12.46317,37.869556,5,7520
2025-07-09 01:04:00,12.46317,37.869556,5,7520
2025-07-09 01:14:00,12.46317,37.869556,5,7520
2025-07-09 01:24:00,12.46317,37.869556,5,7520
2025-07-09 01:34:00,12.46317,37.869556,5,7520
2025-07-09 01:44:00,12.46317,37.869556,5,7520
2025-07-09 01:54:00,12.46317,37.869556,5,7520
2025-07-09 02:04:00,12.46317,37.869556,5,7520
2025-07-09 02:14:00,12.46317,37.869556,5,7520
2025-07-09 02:24:00,12.46317,37.869556,5,7520
2025-07-09 02:34:00,12.46317,37.869556,5,7520
2025-07-09 02:44:00,12.46317,37.869556,5,7520
2025-07-09 02:54:00,12.46317,37.869556,5,7520
2025-07-09 03:04:00,12.46317,37.869556,5,7520
2025-07-09 03:14:00,12.46317,37.869556,5,7520
2025-07-09 03:24:00,12.46317,37.869556,5,7520
2025-07-09 03:34:00,12.46317,37.869556,5,7520
2025-07-09 03:44:00,12.46317,37.869556,5,7520
2025-07-09 03:54:00,12.46317,37.869556,5,7520
2025-07-09 04:04:00,12.46317,37.869556,5,7520
2025-07-09 04:14:00,12.46317,37.869556,5,7520
2025-07-09 04:24:00,12.46317,37.869556,5,7520
2025-07-09 04:34:00,12.46317,37.869556,5,7520
2025-07-09 04:44:00,12.46317,37.869556,5,7520
2025-07-09 04:54:00,12.46317,37.869556,5,7520
2025-07-09 05:04:00,12.46317,37.869556,5,7520
2025-07-09 05:14:00,12.46317,37.869556,5,7520
2025-07-09 05:24:00,12.46317,37.869556,5,7520
2025-07-09 05:34:00,12.46317,37.869556,5,7520
2025-07-09 05:44:00,12.46317,37.869556,5,7520
2025-07-09 05:54:00,12.46317,37.869556,5,7520
2025-07-09 06:04:00,12.46317,37.869556,5,7520
2025-07-09 06:14:00,12.46317,37.869556,5,7520
2025-07-09 06:24:00,12.46317,37.869556,5,7520
2025-07-09 06:34:00,12.46317,37.869556,5,7520
2025-07-09 06:44:00,12.46317,37.869556,5,7520
2025-07-09 06:54:00,12.46317,37.869556,5,7520
2025-07-09 07:04:00,12.46317,37.869556,5,7520
2025-07-09 07:14:00,12.46317,37.869556,5,7520
2025-07-09 07:24:00,12.46317,37.869556,5,7520
2025-07-09 07:34:00,12.46317,37.869556,5,7520
2025-07-09 07:44:00,12.46317,37.869556,5,7520
2025-07-09 07:54:00,12.46317,37.869556,5,7520
2025-07-09 08:04:00,12.46317,37.869556,5,7520
2025-07-09 08:14:00,12.46317,37.869556,5,7520
2025-07-09 08:24:00,12.46317,37.869556,5,7520
2025-07-09 08:34:00,12.46317,37.869556,5,7520
2025-07-09 08:44:00,12.46317,37.869556,5,7520
2025-07-09 08:54:00,12.46317,37.869556,5,7520
2025-07-09 09:04:00,12.46317,37.869556,5,7520
2025-07-09 09:14:00,12.46317,37.869556,5,7520
2025-07-09 09:24:00,12.46317,37.869556,5,7520
2025-07-09 09:34:00,12.46317,37.869556,5,7520
2025-07-09 09:44:00,12.46317,37.869556,5,7520
2025-07-09 09:54:00,12.46317,37.869556,5,7520
2025-07-09 10:04:00,12.46317,37.869556,5,7520
2025-07-09 10:14:00,12.46317,37.869556,5,7520
2025-07-09 10:24:00,12.46317,37.869556,5,7520
2025-07-09 10:34:00,12.46317,37.869556,5,7520
2025-07-09 10:44:00,12.46317,37.869556,5,7520
2025-07-09 10:54:00,12.46317,37.869556,5,7520
2025-07-09 11:04:00,12.46317,37.869556,5,7520
2025-07-09 11:14:00,12.46317,37.869556,5,7520
2025-07-09 11:24:00,12.46317,37.869556,5,7520
2025-07-09 11:34:00,12.46317,37.869556,5,7520
2025-07-09 11:44:00,12.46317,37.869556,5,7520
2025-07-09 11:54:00,12.46317,37.869556,5,7520
2025-07-09 12:04:00,12.46317,37.869556,5,7520
2025-07-09 12:14:00,12.46317,37.869556,5,7520
2025-07-09 12:24:00,12.46317,37.869556,5,7520
2025-07-09 12:34:00,12.46317,37.869556,5,7520
2025-07-09 12:44:00,12.46317,37.869556,5,7520
2025-07-09 12:54:00,12.46317,37.869556,5,7520
2025-07-09 13:04:00,12.46317,37.869556,5,7520
2025-07-09 13:14:00,12.46317,37.869556,5,7520
2025-07-09 13:24:00,12.46317,37.869556,5,7520
2025-07-09 13:34:00,12.46317,37.869556,5,7520
2025-07-09 13:44:00,12.46317,37.869556,5,7520
2025-07-09 13:54:00,12.46317,37.869556,5,7520
2025-07-09 14:04:00,12.46317,37.869556,5,7520
2025-07-09 14:14:00,12.46317,37.869556,5,7520
2025-07-09 14:24:00,12.46317,37.869556,5,7520
2025-07-09 14:34:00,12.46317,37.869556,5,7520
2025-07-09 14:44:00,12.46317,37.869556,5,7520
2025-07-09 14:54:00,12.46317,37.869556,5,7520
2025-07-09 15:04:00,12.46317,37.869556,5,7520
2025-07-09 15:14:00,12.46317,37.869556,5,7520
2025-07-09 15:24:00,12.46317,37.869556,5,7520
2025-07-09 15:34:00,12.46317,37.869556,5,7520
2025-07-09 15:44:00,12.46317,37.869556,5,7520
2025-07-09 15:54:00,12.46317,37.869556,5,7520
2025-07-09 16:04:00,12.46317,37.869556,5,7520
2025-07-09 16:14:00,12.46317,37.869556,5,7520
2025-07-09 16:24:00,12.46317,37.869556,5,7520
2025-07-09 16:34:00,12.46317,37.869556,5,7520
2025-07-09 16:44:00,12.46317,37.869556,5,7520
2025-07-09 16:54:00,12.46317,37.869556,5,7520
2025-07-09 17:04:00,12.46317,37.869556,5,7520
2025-07-09 17:14:00,12.46317,37.869556,5,7520
2025-07-09 17:24:00,12.46317,37.869556,5,7520
2025-07-09 17:34:00,12.46317,37.869556,5,7520
2025-07-09 17:44:00,12.46317,37.869556,5,7520
2025-07-09 17:54:00,12.46317,37.869556,5,7520
2025-07-09 18:04:00,12.46317,37.869556,5,7520
2025-07-09 18:14:00,12.46317,37.869556,5,7520
2025-07-09 18:24:00,12.46317,37.869556,5,7520
2025-07-09 18:34:00,12.46317,37.869556,5,7520
2025-07-09 18:44:00,12.46317,37.869556,5,7520
2025-07-09 18:54:00,12.46317,37.869556,5,7520
2025-07-09 19:04:00,12.46317,37.869556,5,7520
2025-07-09 19:14:00,12.46317,37.869556,5,7520
2025-07-09 19:24:00,12.46317,37.869556,5,7520
2025-07-09 19:34:00,12.46317,37.869556,5,7520
2025-07-09 19:44:00,12.46317,37.869556,5,7520
2025-07-09 19:54:00,12.46317,37.869556,5,7520
2025-07-09 20:04:00,12.46317,37.869556,5,7520
2025-07-09 20:14:00,12.46317,37.869556,5,7520
2025-07-09 20:24:00,12.46317,37.869556,5,7520
2025-07-09 20:34:00,12.46317,37.869556,5,7520
2025-07-09 20:44:00,12.46317,37.869556,5,7520
2025-07-09 20:54:00,12.46317,37.869556,5,7520
2025-07-09 21:04:00,12.46317,37.869556,5,7520
2025-07-09 21:14:00,12.46317,37.869556,5,7520
2025-07-09 21:24:00,12.46317,37.869556,5,7520
2025-07-09 21:34:00,12.46317,37.869556,5,7520
2025-07-09 21:44:00,12.46317,37.869556,5,7520
2025-07-09 21:54:00,12.46317,37.869556,5,7520
2025-07-09 22:04:00,12.46317,37.869556,5,7520
2025-07-09 22:14:00,12.46317,37.869556,5,7520
2025-07-09 22:24:00,12.46317,37.869556,5,7520
2025-07-09 22:34:00,12.46317,37.869556,5,7520
2025-07-09 22:44:00,12.46317,37.869556,5,7520
2025-07-09 22:54:00,12.46317,37.869556,5,7520
2025-07-09 23:04:00,12.46317,37.869556,5,7520
2025-07-09 23:14:00,12.46317,37.869556,5,7520
2025-07-09 23:24:00,12.46317,37.869556,5,7520
2025-07-09 23:34:00,12.46317,37.869556,5,7520
2025-07-09 23:44:00,12.46317,37.869556,5,7520
2025-07-09 23:54:00,12.46317,37.869556,5,7520
2025-07-10 00:04:00,12.46317,37.869556,5,7520
2025-07-08 11:34:00,12.453518,37.8749,5,930
2025-07-08 11:44:00,12.4540415,37.87486,5,930
2025-07-08 11:54:00,12.4545145,37.874767,5,930
2025-07-08 12:04:00,12.454923,37.874638,5,930
2025-07-08 12:14:00,12.455325,37.874474,5,930
2025-07-08 12:24:00,12.455751,37.874283,5,930
2025-07-08 12:34:00,12.456205,37.874065,5,930
2025-07-08 12:44:00,12.456698,37.87382,5,930
2025-07-08 12:54:00,12.457239,37.873543,5,930
2025-07-08 13:04:00,12.45783,37.873234,5,930
2025-07-08 13:14:00,12.458476,37.872864,5,930
2025-07-08 13:24:00,12.45918,37.872425,5,930
2025-07-08 13:34:00,12.459947,37.871906,5,930
2025-07-08 13:44:00,12.460781,37.8713,5,930
2025-07-08 13:54:00,12.461678,37.870625,5,930
2025-07-08 14:04:00,12.462654,37.86986,5,930
2025-07-08 14:14:00,12.462654,37.86986,5,930
2025-07-08 14:24:00,12.462654,37.86986,5,930
2025-07-08 14:34:00,12.462654,37.86986,5,930
2025-07-08 14:44:00,12.462654,37.86986,5,930
2025-07-08 14:54:00,12.462654,37.86986,5,930
2025-07-08 15:04:00,12.462654,37.86986,5,930
2025-07-08 15:14:00,12.462654,37.86986,5,930
2025-07-08 15:24:00,12.462654,37.86986,5,930
2025-07-08 15:34:00,12.462654,37.86986,5,930
2025-07-08 15:44:00,12.462654,37.86986,5,930
2025-07-08 15:54:00,12.462654,37.86986,5,930
2025-07-08 16:04:00,12.462654,37.86986,5,930
2025-07-08 16:14:00,12.462654,37.86986,5,930
2025-07-08 16:24:00,12.462654,37.86986,5,930
2025-07-08 16:34:00,12.462654,37.86986,5,930
2025-07-08 16:44:00,12.462654,37.86986,5,930
2025-07-08 16:54:00,12.462654,37.86986,5,930
2025-07-08 17:04:00,12.462654,37.86986,5,930
2025-07-08 17:14:00,12.462654,37.86986,5,930
2025-07-08 17:24:00,12.463105,37.86956,5,930
2025-07-08 17:34:00,12.463105,37.86956,5,930
2025-07-08 17:44:00,12.463105,37.86956,5,930
2025-07-08 17:54:00,12.463105,37.86956,5,930
2025-07-08 18:04:00,12.463105,37.86956,5,930
2025-07-08 18:14:00,12.463105,37.86956,5,930
2025-07-08 18:24:00,12.463105,37.86956,5,930
2025-07-08 18:34:00,12.463105,37.86956,5,930
2025-07-08 18:44:00,12.463105,37.86956,5,930
2025-07-08 18:54:00,12.463105,37.86956,5,930
2025-07-08 19:04:00,12.463105,37.86956,5,930
2025-07-08 19:14:00,12.463105,37.86956,5,930
2025-07-08 19:24:00,12.463105,37.86956,5,930
2025-07-08 19:34:00,12.463105,37.86956,5,930
2025-07-08 19:44:00,12.463105,37.86956,5,930
2025-07-08 19:54:00,12.463105,37.86956,5,930
2025-07-08 20:04:00,12.463105,37.86956,5,930
2025-07-08 20:14:00,12.463105,37.86956,5,930
2025-07-08 20:24:00,12.463105,37.86956,5,930
2025-07-08 20:34:00,12.463105,37.86956,5,930
2025-07-08 20:44:00,12.463105,37.86956,5,930
2025-07-08 20:54:00,12.463105,37.86956,5,930
2025-07-08 21:04:00,12.463105,37.86956,5,930
2025-07-08 21:14:00,12.463105,37.86956,5,930
2025-07-08 21:24:00,12.463105,37.86956,5,930
2025-07-08 21:34:00,12.463105,37.86956,5,930
2025-07-08 21:44:00,12.463105,37.86956,5,930
2025-07-08 21:54:00,12.463105,37.86956,5,930
2025-07-08 22:04:00,12.463105,37.86956,5,930
2025-07-08 22:14:00,12.463105,37.86956,5,930
2025-07-08 22:24:00,12.463105,37.86956,5,930
2025-07-08 22:34:00,12.463105,37.86956,5,930
2025-07-08 22:44:00,12.463105,37.86956,5,930
2025-07-08 22:54:00,12.463105,37.86956,5,930
2025-07-08 23:04:00,12.463105,37.86956,5,930
2025-07-08 23:14:00,12.463105,37.86956,5,930
2025-07-08 23:24:00,12.463105,37.86956,5,930
2025-07-08 23:34:00,12.463105,37.86956,5,930
2025-07-08 23:44:00,12.463105,37.86956,5,930
2025-07-08 23:54:00,12.463105,37.86956,5,930
2025-07-09 00:04:00,12.463105,37.86956,5,930
2025-07-09 00:14:00,12.463105,37.86956,5,930
2025-07-09 00:24:00,12.463105,37.86956,5,930
2025-07-09 00:34:00,12.463105,37.86956,5,930
2025-07-09 00:44:00,12.463105,37.86956,5,930
2025-07-09 00:54:00,12.463105,37.86956,5,930
2025-07-09 01:04:00,12.463105,37.86956,5,930
2025-07-09 01:14:00,12.463105,37.86956,5,930
2025-07-09 01:24:00,12.463105,37.86956,5,930
2025-07-09 01:34:00,12.463105,37.86956,5,930
2025-07-09 01:44:00,12.463105,37.86956,5,930
2025-07-09 01:54:00,12.463105,37.86956,5,930
2025-07-09 02:04:00,12.463105,37.86956,5,930
2025-07-09 02:14:00,12.463105,37.86956,5,930
2025-07-09 02:24:00,12.463105,37.86956,5,930
2025-07-09 02:34:00,12.463105,37.86956,5,930
2025-07-09 02:44:00,12.463105,37.86956,5,930
2025-07-09 02:54:00,12.463105,37.86956,5,930
2025-07-09 03:04:00,12.463105,37.86956,5,930
2025-07-09 03:14:00,12.463105,37.86956,5,930
2025-07-09 03:24:00,12.463105,37.86956,5,930
2025-07-09 03:34:00,12.463105,37.86956,5,930
2025-07-09 03:44:00,12.463105,37.86956,5,930
2025-07-09 03:54:00,12.463105,37.86956,5,930
2025-07-09 04:04:00,12.463105,37.86956,5,930
2025-07-09 04:14:00,12.463105,37.86956,5,930
2025-07-09 04:24:00,12.463105,37.86956,5,930
2025-07-09 04:34:00,12.463105,37.86956,5,930
2025-07-09 04:44:00,12.463105,37.86956,5,930
2025-07-09 04:54:00,12.463105,37.86956,5,930
2025-07-09 05:04:00,12.463105,37.86956,5,930
2025-07-09 05:14:00,12.463105,37.86956,5,930
2025-07-09 05:24:00,12.463105,37.86956,5,930
2025-07-09 05:34:00,12.463105,37.86956,5,930
2025-07-09 05:44:00,12.463105,37.86956,5,930
2025-07-09 05:54:00,12.463105,37.86956,5,930
2025-07-09 06:04:00,12.463105,37.86956,5,930
2025-07-09 06:14:00,12.463105,37.86956,5,930
2025-07-09 06:24:00,12.463105,37.86956,5,930
2025-07-09 06:34:00,12.463105,37.86956,5,930
2025-07-09 06:44:00,12.463105,37.86956,5,930
2025-07-09 06:54:00,12.463105,37.86956,5,930
2025-07-09 07:04:00,12.463105,37.86956,5,930
2025-07-09 07:14:00,12.463105,37.86956,5,930
2025-07-09 07:24:00,12.463105,37.86956,5,930
2025-07-09 07:34:00,12.463105,37.86956,5,930
2025-07-09 07:44:00,12.463105,37.86956,5,930
2025-07-09 07:54:00,12.463105,37.86956,5,930
2025-07-09 08:04:00,12.463105,37.86956,5,930
2025-07-09 08:14:00,12.463105,37.86956,5,930
2025-07-09 08:24:00,12.463105,37.86956,5,930
2025-07-09 08:34:00,12.463105,37.86956,5,930
2025-07-09 08:44:00,12.463105,37.86956,5,930
2025-07-09 08:54:00,12.463105,37.86956,5,930
2025-07-09 09:04:00,12.463105,37.86956,5,930
2025-07-09 09:14:00,12.463105,37.86956,5,930
2025-07-09 09:24:00,12.463105,37.86956,5,930
2025-07-09 09:34:00,12.463105,37.86956,5,930
2025-07-09 09:44:00,12.463105,37.86956,5,930
2025-07-09 09:54:00,12.463105,37.86956,5,930
2025-07-09 10:04:00,12.463105,37.86956,5,930
2025-07-09 10:14:00,12.463105,37.86956,5,930
2025-07-09 10:24:00,12.463105,37.86956,5,930
2025-07-09 10:34:00,12.463105,37.86956,5,930
2025-07-09 10:44:00,12.463105,37.86956,5,930
2025-07-09 10:54:00,12.463105,37.86956,5,930
2025-07-09 11:04:00,12.463105,37.86956,5,930
2025-07-09 11:14:00,12.463105,37.86956,5,930
2025-07-09 11:24:00,12.463105,37.86956,5,930
2025-07-09 11:34:00,12.463105,37.86956,5,930
2025-07-09 11:44:00,12.463105,37.86956,5,930
2025-07-09 11:54:00,12.463105,37.86956,5,930
2025-07-09 12:04:00,12.463105,37.86956,5,930
2025-07-09 12:14:00,12.463105,37.86956,5,930
2025-07-09 12:24:00,12.463105,37.86956,5,930
2025-07-09 12:34:00,12.463105,37.86956,5,930
2025-07-09 12:44:00,12.463105,37.86956,5,930
2025-07-09 12:54:00,12.463105,37.86956,5,930
2025-07-09 13:04:00,12.463105,37.86956,5,930
2025-07-09 13:14:00,12.463105,37.86956,5,930
2025-07-09 13:24:00,12.463105,37.86956,5,930
2025-07-09 13:34:00,12.463105,37.86956,5,930
2025-07-09 13:44:00,12.463105,37.86956,5,930
2025-07-09 13:54:00,12.463105,37.86956,5,930
2025-07-09 14:04:00,12.463105,37.86956,5,930
2025-07-09 14:14:00,12.463105,37.86956,5,930
2025-07-09 14:24:00,12.463105,37.86956,5,930
2025-07-09 14:34:00,12.463105,37.86956,5,930
2025-07-09 14:44:00,12.463105,37.86956,5,930
2025-07-09 14:54:00,12.463105,37.86956,5,930
2025-07-09 15:04:00,12.463105,37.86956,5,930
2025-07-09 15:14:00,12.463105,37.86956,5,930
2025-07-09 15:24:00,12.463105,37.86956,5,930
2025-07-09 15:34:00,12.463105,37.86956,5,930
2025-07-09 15:44:00,12.463105,37.86956,5,930
2025-07-09 15:54:00,12.463105,37.86956,5,930
2025-07-09 16:04:00,12.463105,37.86956,5,930
2025-07-09 16:14:00,12.463105,37.86956,5,930
2025-07-09 16:24:00,12.463105,37.86956,5,930
2025-07-09 16:34:00,12.463105,37.86956,5,930
2025-07-09 16:44:00,12.463105,37.86956,5,930
2025-07-09 16:54:00,12.463105,37.86956,5,930
2025-07-09 17:04:00,12.463105,37.86956,5,930
2025-07-09 17:14:00,12.463105,37.86956,5,930
2025-07-09 17:24:00,12.463105,37.86956,5,930
2025-07-09 17:34:00,12.463105,37.86956,5,930
2025-07-09 17:44:00,12.463105,37.86956,5,930
2025-07-09 17:54:00,12.463105,37.86956,5,930
2025-07-09 18:04:00,12.463105,37.86956,5,930
2025-07-09 18:14:00,12.463105,37.86956,5,930
2025-07-09 18:24:00,12.463105,37.86956,5,930
2025-07-09 18:34:00,12.463105,37.86956,5,930
2025-07-09 18:44:00,12.463105,37.86956,5,930
2025-07-09 18:54:00,12.463105,37.86956,5,930
2025-07-09 19:04:00,12.463105,37.86956,5,930
2025-07-09 19:14:00,12.463105,37.86956,5,930
2025-07-09 19:24:00,12.463105,37.86956,5,930
2025-07-09 19:34:00,12.463105,37.86956,5,930
2025-07-09 19:44:00,12.463105,37.86956,5,930
2025-07-09 19:54:00,12.463105,37.86956,5,930
2025-07-09 20:04:00,12.463105,37.86956,5,930
2025-07-09 20:14:00,12.463105,37.86956,5,930
2025-07-09 20:24:00,12.463105,37.86956,5,930
2025-07-09 20:34:00,12.463105,37.86956,5,930
2025-07-09 20:44:00,12.463105,37.86956,5,930
2025-07-09 20:54:00,12.463105,37.86956,5,930
2025-07-09 21:04:00,12.463105,37.86956,5,930
2025-07-09 21:14:00,12.463105,37.86956,5,930
2025-07-09 21:24:00,12.463105,37.86956,5,930
2025-07-09 21:34:00,12.463105,37.86956,5,930
2025-07-09 21:44:00,12.463105,37.86956,5,930
2025-07-09 21:54:00,12.463105,37.86956,5,930
2025-07-09 22:04:00,12.463105,37.86956,5,930
2025-07-09 22:14:00,12.463105,37.86956,5,930
2025-07-09 22:24:00,12.463105,37.86956,5,930
2025-07-09 22:34:00,12.463105,37.86956,5,930
2025-07-09 22:44:00,12.463105,37.86956,5,930
2025-07-09 22:54:00,12.463105,37.86956,5,930
2025-07-09 23:04:00,12.463105,37.86956,5,930
2025-07-09 23:14:00,12.463105,37.86956,5,930
2025-07-09 23:24:00,12.463105,37.86956,5,930
2025-07-09 23:34:00,12.463105,37.86956,5,930
2025-07-09 23:44:00,12.463105,37.86956,5,930
2025-07-09 23:54:00,12.463105,37.86956,5,930
2025-07-10 00:04:00,12.463105,37.86956,5,930
2025-07-08 14:24:00,12.45275,37.875698,6,0530cnr
2025-07-08 14:34:00,12.453723,37.87508,6,0530cnr
2025-07-08 14:44:00,12.454706,37.874523,6,0530cnr
2025-07-08 14:54:00,12.455704,37.87398,6,0530cnr
2025-07-08 15:04:00,12.456698,37.873463,6,0530cnr
2025-07-08 15:14:00,12.457716,37.87288,6,0530cnr
2025-07-08 15:24:00,12.458751,37.87222,6,0530cnr
2025-07-08 15:34:00,12.459797,37.871483,6,0530cnr
2025-07-08 15:44:00,12.46083,37.870693,6,0530cnr
2025-07-08 15:54:00,12.461868,37.869884,6,0530cnr
2025-07-08 16:04:00,12.462403,37.869476,6,0530cnr
2025-07-08 16:14:00,12.462403,37.869476,6,0530cnr
2025-07-08 16:24:00,12.462403,37.869476,6,0530cnr
2025-07-08 16:34:00,12.462403,37.869476,6,0530cnr
2025-07-08 16:44:00,12.462403,37.869476,6,0530cnr
2025-07-08 16:54:00,12.462403,37.869476,6,0530cnr
2025-07-08 17:04:00,12.462403,37.869476,6,0530cnr
2025-07-08 17:14:00,12.462403,37.869476,6,0530cnr
2025-07-08 17:24:00,12.462403,37.869476,6,0530cnr
2025-07-08 17:34:00,12.462403,37.869476,6,0530cnr
2025-07-08 17:44:00,12.462403,37.869476,6,0530cnr
2025-07-08 17:54:00,12.462403,37.869476,6,0530cnr
2025-07-08 18:04:00,12.462403,37.869476,6,0530cnr
2025-07-08 18:14:00,12.462403,37.869476,6,0530cnr
2025-07-08 18:24:00,12.462403,37.869476,6,0530cnr
2025-07-08 18:34:00,12.462403,37.869476,6,0530cnr
2025-07-08 18:44:00,12.462403,37.869476,6,0530cnr
2025-07-08 18:54:00,12.462403,37.869476,6,0530cnr
2025-07-08 19:04:00,12.462403,37.869476,6,0530cnr
2025-07-08 19:14:00,12.462403,37.869476,6,0530cnr
2025-07-08 19:24:00,12.462403,37.869476,6,0530cnr
2025-07-08 19:34:00,12.462403,37.869476,6,0530cnr
2025-07-08 19:44:00,12.462403,37.869476,6,0530cnr
2025-07-08 19:54:00,12.462403,37.869476,6,0530cnr
2025-07-08 20:04:00,12.462403,37.869476,6,0530cnr
2025-07-08 20:14:00,12.462403,37.869476,6,0530cnr
2025-07-08 20:24:00,12.462403,37.869476,6,0530cnr
2025-07-08 20:34:00,12.462403,37.869476,6,0530cnr
2025-07-08 20:44:00,12.462403,37.869476,6,0530cnr
2025-07-08 20:54:00,12.462403,37.869476,6,0530cnr
2025-07-08 21:04:00,12.462403,37.869476,6,0530cnr
2025-07-08 21:14:00,12.462403,37.869476,6,0530cnr
2025-07-08 21:24:00,12.462403,37.869476,6,0530cnr
2025-07-08 21:34:00,12.462403,37.869476,6,0530cnr
2025-07-08 21:44:00,12.462403,37.869476,6,0530cnr
2025-07-08 21:54:00,12.462403,37.869476,6,0530cnr
2025-07-08 22:04:00,12.462403,37.869476,6,0530cnr
2025-07-08 22:14:00,12.462403,37.869476,6,0530cnr
2025-07-08 22:24:00,12.462403,37.869476,6,0530cnr
2025-07-08 22:34:00,12.462403,37.869476,6,0530cnr
2025-07-08 22:44:00,12.462403,37.869476,6,0530cnr
2025-07-08 22:54:00,12.462403,37.869476,6,0530cnr
2025-07-08 23:04:00,12.462403,37.869476,6,0530cnr
2025-07-08 23:14:00,12.462403,37.869476,6,0530cnr
2025-07-08 23:24:00,12.462403,37.869476,6,0530cnr
2025-07-08 23:34:00,12.462403,37.869476,6,0530cnr
2025-07-08 23:44:00,12.462403,37.869476,6,0530cnr
2025-07-08 23:54:00,12.462403,37.869476,6,0530cnr
2025-07-09 00:04:00,12.462403,37.869476,6,0530cnr
2025-07-09 00:14:00,12.462403,37.869476,6,0530cnr
2025-07-09 00:24:00,12.462403,37.869476,6,0530cnr
2025-07-09 00:34:00,12.462403,37.869476,6,0530cnr
2025-07-09 00:44:00,12.462403,37.869476,6,0530cnr
2025-07-09 00:54:00,12.462403,37.869476,6,0530cnr
2025-07-09 01:04:00,12.462403,37.869476,6,0530cnr
2025-07-09 01:14:00,12.462403,37.869476,6,0530cnr
2025-07-09 01:24:00,12.462403,37.869476,6,0530cnr
2025-07-09 01:34:00,12.462403,37.869476,6,0530cnr
2025-07-09 01:44:00,12.462403,37.869476,6,0530cnr
2025-07-09 01:54:00,12.462403,37.869476,6,0530cnr
2025-07-09 02:04:00,12.462403,37.869476,6,0530cnr
2025-07-09 02:14:00,12.462403,37.869476,6,0530cnr
2025-07-09 02:24:00,12.462403,37.869476,6,0530cnr
2025-07-09 02:34:00,12.462403,37.869476,6,0530cnr
2025-07-09 02:44:00,12.462403,37.869476,6,0530cnr
2025-07-09 02:54:00,12.462403,37.869476,6,0530cnr
2025-07-09 03:04:00,12.462403,37.869476,6,0530cnr
2025-07-09 03:14:00,12.462403,37.869476,6,0530cnr
2025-07-09 03:24:00,12.462403,37.869476,6,0530cnr
2025-07-09 03:34:00,12.462403,37.869476,6,0530cnr
2025-07-09 03:44:00,12.462403,37.869476,6,0530cnr
2025-07-09 03:54:00,12.462403,37.869476,6,0530cnr
2025-07-09 04:04:00,12.462403,37.869476,6,0530cnr
2025-07-09 04:14:00,12.462403,37.869476,6,0530cnr
2025-07-09 04:24:00,12.462403,37.869476,6,0530cnr
2025-07-09 04:34:00,12.462403,37.869476,6,0530cnr
2025-07-09 04:44:00,12.462403,37.869476,6,0530cnr
2025-07-09 04:54:00,12.462403,37.869476,6,0530cnr
2025-07-09 05:04:00,12.462403,37.869476,6,0530cnr
2025-07-09 05:14:00,12.462403,37.869476,6,0530cnr
2025-07-09 05:24:00,12.462403,37.869476,6,0530cnr
2025-07-09 05:34:00,12.462403,37.869476,6,0530cnr
2025-07-09 05:44:00,12.462403,37.869476,6,0530cnr
2025-07-09 05:54:00,12.462403,37.869476,6,0530cnr
2025-07-09 06:04:00,12.462403,37.869476,6,0530cnr
2025-07-09 06:14:00,12.462403,37.869476,6,0530cnr
2025-07-09 06:24:00,12.462403,37.869476,6,0530cnr
2025-07-09 06:34:00,12.462403,37.869476,6,0530cnr
2025-07-09 06:44:00,12.462403,37.869476,6,0530cnr
2025-07-09 06:54:00,12.462403,37.869476,6,0530cnr
2025-07-09 07:04:00,12.462403,37.869476,6,0530cnr
2025-07-09 07:14:00,12.462403,37.869476,6,0530cnr
2025-07-09 07:24:00,12.462403,37.869476,6,0530cnr
2025-07-09 07:34:00,12.462403,37.869476,6,0530cnr
2025-07-09 07:44:00,12.462403,37.869476,6,0530cnr
2025-07-09 07:54:00,12.462403,37.869476,6,0530cnr
2025-07-09 08:04:00,12.462403,37.869476,6,0530cnr
2025-07-09 08:14:00,12.462403,37.869476,6,0530cnr
2025-07-09 08:24:00,12.462403,37.869476,6,0530cnr
2025-07-09 08:34:00,12.462403,37.869476,6,0530cnr
2025-07-09 08:44:00,12.462403,37.869476,6,0530cnr
2025-07-09 08:54:00,12.462403,37.869476,6,0530cnr
2025-07-09 09:04:00,12.462403,37.869476,6,0530cnr
2025-07-09 09:14:00,12.462403,37.869476,6,0530cnr
2025-07-09 09:24:00,12.462403,37.869476,6,0530cnr
2025-07-09 09:34:00,12.462403,37.869476,6,0530cnr
2025-07-09 09:44:00,12.462403,37.869476,6,0530cnr
2025-07-09 09:54:00,12.462403,37.869476,6,0530cnr
2025-07-09 10:04:00,12.462403,37.869476,6,0530cnr
2025-07-09 10:14:00,12.462403,37.869476,6,0530cnr
2025-07-09 10:24:00,12.462403,37.869476,6,0530cnr
2025-07-09 10:34:00,12.462403,37.869476,6,0530cnr
2025-07-09 10:44:00,12.462403,37.869476,6,0530cnr
2025-07-09 10:54:00,12.462403,37.869476,6,0530cnr
2025-07-09 11:04:00,12.462403,37.869476,6,0530cnr
2025-07-09 11:14:00,12.462403,37.869476,6,0530cnr
2025-07-09 11:24:00,12.462403,37.869476,6,0530cnr
2025-07-09 11:34:00,12.462403,37.869476,6,0530cnr
2025-07-09 11:44:00,12.462403,37.869476,6,0530cnr
2025-07-09 11:54:00,12.462403,37.869476,6,0530cnr
2025-07-09 12:04:00,12.462403,37.869476,6,0530cnr
2025-07-09 12:14:00,12.462403,37.869476,6,0530cnr
2025-07-09 12:24:00,12.462403,37.869476,6,0530cnr
2025-07-09 12:34:00,12.462403,37.869476,6,0530cnr
2025-07-09 12:44:00,12.462403,37.869476,6,0530cnr
2025-07-09 12:54:00,12.462403,37.869476,6,0530cnr
2025-07-09 13:04:00,12.462403,37.869476,6,0530cnr
2025-07-09 13:14:00,12.462403,37.869476,6,0530cnr
2025-07-09 13:24:00,12.462403,37.869476,6,0530cnr
2025-07-09 13:34:00,12.462403,37.869476,6,0530cnr
2025-07-09 13:44:00,12.462403,37.869476,6,0530cnr
2025-07-09 13:54:00,12.462403,37.869476,6,0530cnr
2025-07-09 14:04:00,12.462403,37.869476,6,0530cnr
2025-07-09 14:14:00,12.462403,37.869476,6,0530cnr
2025-07-09 14:24:00,12.462403,37.869476,6,0530cnr
2025-07-09 14:34:00,12.462403,37.869476,6,0530cnr
2025-07-09 14:44:00,12.462403,37.869476,6,0530cnr
2025-07-09 14:54:00,12.462403,37.869476,6,0530cnr
2025-07-09 15:04:00,12.462403,37.869476,6,0530cnr
2025-07-09 15:14:00,12.462403,37.869476,6,0530cnr
2025-07-09 15:24:00,12.462403,37.869476,6,0530cnr
2025-07-09 15:34:00,12.462403,37.869476,6,0530cnr
2025-07-09 15:44:00,12.462403,37.869476,6,0530cnr
2025-07-09 15:54:00,12.462403,37.869476,6,0530cnr
2025-07-09 16:04:00,12.462403,37.869476,6,0530cnr
2025-07-09 16:14:00,12.462403,37.869476,6,0530cnr
2025-07-09 16:24:00,12.462403,37.869476,6,0530cnr
2025-07-09 16:34:00,12.462403,37.869476,6,0530cnr
2025-07-09 16:44:00,12.462403,37.869476,6,0530cnr
2025-07-09 16:54:00,12.462403,37.869476,6,0530cnr
2025-07-09 17:04:00,12.462403,37.869476,6,0530cnr
2025-07-09 17:14:00,12.462403,37.869476,6,0530cnr
2025-07-09 17:24:00,12.462403,37.869476,6,0530cnr
2025-07-09 17:34:00,12.462403,37.869476,6,0530cnr
2025-07-09 17:44:00,12.462403,37.869476,6,0530cnr
2025-07-09 17:54:00,12.462403,37.869476,6,0530cnr
2025-07-09 18:04:00,12.462403,37.869476,6,0530cnr
2025-07-09 18:14:00,12.462403,37.869476,6,0530cnr
2025-07-09 18:24:00,12.462403,37.869476,6,0530cnr
2025-07-09 18:34:00,12.462403,37.869476,6,0530cnr
2025-07-09 18:44:00,12.462403,37.869476,6,0530cnr
2025-07-09 18:54:00,12.462403,37.869476,6,0530cnr
2025-07-09 19:04:00,12.462403,37.869476,6,0530cnr
2025-07-09 19:14:00,12.462403,37.869476,6,0530cnr
2025-07-09 19:24:00,12.462403,37.869476,6,0530cnr
2025-07-09 19:34:00,12.462403,37.869476,6,0530cnr
2025-07-09 19:44:00,12.462403,37.869476,6,0530cnr
2025-07-09 19:54:00,12.462403,37.869476,6,0530cnr
2025-07-09 20:04:00,12.462403,37.869476,6,0530cnr
2025-07-09 20:14:00,12.462403,37.869476,6,0530cnr
2025-07-09 20:24:00,12.462403,37.869476,6,0530cnr
2025-07-09 20:34:00,12.462403,37.869476,6,0530cnr
2025-07-09 20:44:00,12.462403,37.869476,6,0530cnr
2025-07-09 20:54:00,12.462403,37.869476,6,0530cnr
2025-07-09 21:04:00,12.462403,37.869476,6,0530cnr
2025-07-09 21:14:00,12.462403,37.869476,6,0530cnr
2025-07-09 21:24:00,12.462403,37.869476,6,0530cnr
2025-07-09 21:34:00,12.462403,37.869476,6,0530cnr
2025-07-09 21:44:00,12.462403,37.869476,6,0530cnr
2025-07-09 21:54:00,12.462403,37.869476,6,0530cnr
2025-07-09 22:04:00,12.462403,37.869476,6,0530cnr
2025-07-09 22:14:00,12.462403,37.869476,6,0530cnr
2025-07-09 22:24:00,12.462403,37.869476,6,0530cnr
2025-07-09 22:34:00,12.462403,37.869476,6,0530cnr
2025-07-09 22:44:00,12.462403,37.869476,6,0530cnr
2025-07-09 22:54:00,12.462403,37.869476,6,0530cnr
2025-07-09 23:04:00,12.462403,37.869476,6,0530cnr
2025-07-09 23:14:00,12.462403,37.869476,6,0530cnr
2025-07-09 23:24:00,12.462403,37.869476,6,0530cnr
2025-07-09 23:34:00,12.462403,37.869476,6,0530cnr
2025-07-09 23:44:00,12.462403,37.869476,6,0530cnr
2025-07-09 23:54:00,12.462403,37.869476,6,0530cnr
2025-07-10 00:04:00,12.462403,37.869476,6,0530cnr
2025-07-08 14:24:00,12.45253,37.87573,6,3500cnr
2025-07-08 14:34:00,12.45351,37.87509,6,3500cnr
2025-07-08 14:44:00,12.454499,37.87452,6,3500cnr
2025-07-08 14:54:00,12.455505,37.873966,6,3500cnr
2025-07-08 15:04:00,12.456508,37.87345,6,3500cnr
2025-07-08 15:14:00,12.457527,37.87288,6,3500cnr
2025-07-08 15:24:00,12.458565,37.87223,6,3500cnr
2025-07-08 15:34:00,12.459614,37.871506,6,3500cnr
2025-07-08 15:44:00,12.460649,37.870724,6,3500cnr
2025-07-08 15:54:00,12.461685,37.869923,6,3500cnr
2025-07-08 16:04:00,12.462218,37.869514,6,3500cnr
2025-07-08 16:14:00,12.462218,37.869514,6,3500cnr
2025-07-08 16:24:00,12.462218,37.869514,6,3500cnr
2025-07-08 16:34:00,12.462218,37.869514,6,3500cnr
2025-07-08 16:44:00,12.462218,37.869514,6,3500cnr
2025-07-08 16:54:00,12.462218,37.869514,6,3500cnr
2025-07-08 17:04:00,12.462218,37.869514,6,3500cnr
2025-07-08 17:14:00,12.462218,37.869514,6,3500cnr
2025-07-08 17:24:00,12.462218,37.869514,6,3500cnr
2025-07-08 17:34:00,12.462218,37.869514,6,3500cnr
2025-07-08 17:44:00,12.462218,37.869514,6,3500cnr
2025-07-08 17:54:00,12.462218,37.869514,6,3500cnr
2025-07-08 18:04:00,12.462218,37.869514,6,3500cnr
2025-07-08 18:14:00,12.462218,37.869514,6,3500cnr
2025-07-08 18:24:00,12.462218,37.869514,6,3500cnr
2025-07-08 18:34:00,12.462218,37.869514,6,3500cnr
2025-07-08 18:44:00,12.462218,37.869514,6,3500cnr
2025-07-08 18:54:00,12.462218,37.869514,6,3500cnr
2025-07-08 19:04:00,12.462218,37.869514,6,3500cnr
2025-07-08 19:14:00,12.462218,37.869514,6,3500cnr
2025-07-08 19:24:00,12.462218,37.869514,6,3500cnr
2025-07-08 19:34:00,12.462218,37.869514,6,3500cnr
2025-07-08 19:44:00,12.462218,37.869514,6,3500cnr
2025-07-08 19:54:00,12.462218,37.869514,6,3500cnr
2025-07-08 20:04:00,12.462218,37.869514,6,3500cnr
2025-07-08 20:14:00,12.462218,37.869514,6,3500cnr
2025-07-08 20:24:00,12.462218,37.869514,6,3500cnr
2025-07-08 20:34:00,12.462218,37.869514,6,3500cnr
2025-07-08 20:44:00,12.462218,37.869514,6,3500cnr
2025-07-08 20:54:00,12.462218,37.869514,6,3500cnr
2025-07-08 21:04:00,12.462218,37.869514,6,3500cnr
2025-07-08 21:14:00,12.462218,37.869514,6,3500cnr
2025-07-08 21:24:00,12.462218,37.869514,6,3500cnr
2025-07-08 21:34:00,12.462218,37.869514,6,3500cnr
2025-07-08 21:44:00,12.462218,37.869514,6,3500cnr
2025-07-08 21:54:00,12.462218,37.869514,6,3500cnr
2025-07-08 22:04:00,12.462218,37.869514,6,3500cnr
2025-07-08 22:14:00,12.462218,37.869514,6,3500cnr
2025-07-08 22:24:00,12.462218,37.869514,6,3500cnr
2025-07-08 22:34:00,12.462218,37.869514,6,3500cnr
2025-07-08 22:44:00,12.462218,37.869514,6,3500cnr
2025-07-08 22:54:00,12.462218,37.869514,6,3500cnr
2025-07-08 23:04:00,12.462218,37.869514,6,3500cnr
2025-07-08 23:14:00,12.462218,37.869514,6,3500cnr
2025-07-08 23:24:00,12.462218,37.869514,6,3500cnr
2025-07-08 23:34:00,12.462218,37.869514,6,3500cnr
2025-07-08 23:44:00,12.462218,37.869514,6,3500cnr
2025-07-08 23:54:00,12.462218,37.869514,6,3500cnr
2025-07-09 00:04:00,12.462218,37.869514,6,3500cnr
2025-07-09 00:14:00,12.462218,37.869514,6,3500cnr
2025-07-09 00:24:00,12.462218,37.869514,6,3500cnr
2025-07-09 00:34:00,12.462218,37.869514,6,3500cnr
2025-07-09 00:44:00,12.462218,37.869514,6,3500cnr
2025-07-09 00:54:00,12.462218,37.869514,6,3500cnr
2025-07-09 01:04:00,12.462218,37.869514,6,3500cnr
2025-07-09 01:14:00,12.462218,37.869514,6,3500cnr
2025-07-09 01:24:00,12.462218,37.869514,6,3500cnr
2025-07-09 01:34:00,12.462218,37.869514,6,3500cnr
2025-07-09 01:44:00,12.462218,37.869514,6,3500cnr
2025-07-09 01:54:00,12.462218,37.869514,6,3500cnr
2025-07-09 02:04:00,12.462218,37.869514,6,3500cnr
2025-07-09 02:14:00,12.462218,37.869514,6,3500cnr
2025-07-09 02:24:00,12.462218,37.869514,6,3500cnr
2025-07-09 02:34:00,12.462218,37.869514,6,3500cnr
2025-07-09 02:44:00,12.462218,37.869514,6,3500cnr
2025-07-09 02:54:00,12.462218,37.869514,6,3500cnr
2025-07-09 03:04:00,12.462218,37.869514,6,3500cnr
2025-07-09 03:14:00,12.462218,37.869514,6,3500cnr
2025-07-09 03:24:00,12.462218,37.869514,6,3500cnr
2025-07-09 03:34:00,12.462218,37.869514,6,3500cnr
2025-07-09 03:44:00,12.462218,37.869514,6,3500cnr
2025-07-09 03:54:00,12.462218,37.869514,6,3500cnr
2025-07-09 04:04:00,12.462218,37.869514,6,3500cnr
2025-07-09 04:14:00,12.462218,37.869514,6,3500cnr
2025-07-09 04:24:00,12.462218,37.869514,6,3500cnr
2025-07-09 04:34:00,12.462218,37.869514,6,3500cnr
2025-07-09 04:44:00,12.462218,37.869514,6,3500cnr
2025-07-09 04:54:00,12.462218,37.869514,6,3500cnr
2025-07-09 05:04:00,12.462218,37.869514,6,3500cnr
2025-07-09 05:14:00,12.462218,37.869514,6,3500cnr
2025-07-09 05:24:00,12.462218,37.869514,6,3500cnr
2025-07-09 05:34:00,12.462218,37.869514,6,3500cnr
2025-07-09 05:44:00,12.462218,37.869514,6,3500cnr
2025-07-09 05:54:00,12.462218,37.869514,6,3500cnr
2025-07-09 06:04:00,12.462218,37.869514,6,3500cnr
2025-07-09 06:14:00,12.462218,37.869514,6,3500cnr
2025-07-09 06:24:00,12.462218,37.869514,6,3500cnr
2025-07-09 06:34:00,12.462218,37.869514,6,3500cnr
2025-07-09 06:44:00,12.462218,37.869514,6,3500cnr
2025-07-09 06:54:00,12.462218,37.869514,6,3500cnr
2025-07-09 07:04:00,12.462218,37.869514,6,3500cnr
2025-07-09 07:14:00,12.462218,37.869514,6,3500cnr
2025-07-09 07:24:00,12.462218,37.869514,6,3500cnr
2025-07-09 07:34:00,12.462218,37.869514,6,3500cnr
2025-07-09 07:44:00,12.462218,37.869514,6,3500cnr
2025-07-09 07:54:00,12.462218,37.869514,6,3500cnr
2025-07-09 08:04:00,12.462218,37.869514,6,3500cnr
2025-07-09 08:14:00,12.462218,37.869514,6,3500cnr
2025-07-09 08:24:00,12.462218,37.869514,6,3500cnr
2025-07-09 08:34:00,12.462218,37.869514,6,3500cnr
2025-07-09 08:44:00,12.462218,37.869514,6,3500cnr
2025-07-09 08:54:00,12.462218,37.869514,6,3500cnr
2025-07-09 09:04:00,12.462218,37.869514,6,3500cnr
2025-07-09 09:14:00,12.462218,37.869514,6,3500cnr
2025-07-09 09:24:00,12.462218,37.869514,6,3500cnr
2025-07-09 09:34:00,12.462218,37.869514,6,3500cnr
2025-07-09 09:44:00,12.462218,37.869514,6,3500cnr
2025-07-09 09:54:00,12.462218,37.869514,6,3500cnr
2025-07-09 10:04:00,12.462218,37.869514,6,3500cnr
2025-07-09 10:14:00,12.462218,37.869514,6,3500cnr
2025-07-09 10:24:00,12.462218,37.869514,6,3500cnr
2025-07-09 10:34:00,12.462218,37.869514,6,3500cnr
2025-07-09 10:44:00,12.462218,37.869514,6,3500cnr
2025-07-09 10:54:00,12.462218,37.869514,6,3500cnr
2025-07-09 11:04:00,12.462218,37.869514,6,3500cnr
2025-07-09 11:14:00,12.462218,37.869514,6,3500cnr
2025-07-09 11:24:00,12.462218,37.869514,6,3500cnr
2025-07-09 11:34:00,12.462218,37.869514,6,3500cnr
2025-07-09 11:44:00,12.462218,37.869514,6,3500cnr
2025-07-09 11:54:00,12.462218,37.869514,6,3500cnr
2025-07-09 12:04:00,12.462218,37.869514,6,3500cnr
2025-07-09 12:14:00,12.462218,37.869514,6,3500cnr
2025-07-09 12:24:00,12.462218,37.869514,6,3500cnr
2025-07-09 12:34:00,12.462218,37.869514,6,3500cnr
2025-07-09 12:44:00,12.462218,37.869514,6,3500cnr
2025-07-09 12:54:00,12.462218,37.869514,6,3500cnr
2025-07-09 13:04:00,12.462218,37.869514,6,3500cnr
2025-07-09 13:14:00,12.462218,37.869514,6,3500cnr
2025-07-09 13:24:00,12.462218,37.869514,6,3500cnr
2025-07-09 13:34:00,12.462218,37.869514,6,3500cnr
2025-07-09 13:44:00,12.462218,37.869514,6,3500cnr
2025-07-09 13:54:00,12.462218,37.869514,6,3500cnr
2025-07-09 14:04:00,12.462218,37.869514,6,3500cnr
2025-07-09 14:14:00,12.462218,37.869514,6,3500cnr
2025-07-09 14:24:00,12.462218,37.869514,6,3500cnr
2025-07-09 14:34:00,12.462218,37.869514,6,3500cnr
2025-07-09 14:44:00,12.462218,37.869514,6,3500cnr
2025-07-09 14:54:00,12.462218,37.869514,6,3500cnr
2025-07-09 15:04:00,12.462218,37.869514,6,3500cnr
2025-07-09 15:14:00,12.462218,37.869514,6,3500cnr
2025-07-09 15:24:00,12.462218,37.869514,6,3500cnr
2025-07-09 15:34:00,12.462218,37.869514,6,3500cnr
2025-07-09 15:44:00,12.462218,37.869514,6,3500cnr
2025-07-09 15:54:00,12.462218,37.869514,6,3500cnr
2025-07-09 16:04:00,12.462218,37.869514,6,3500cnr
2025-07-09 16:14:00,12.462218,37.869514,6,3500cnr
2025-07-09 16:24:00,12.462218,37.869514,6,3500cnr
2025-07-09 16:34:00,12.462218,37.869514,6,3500cnr
2025-07-09 16:44:00,12.462218,37.869514,6,3500cnr
2025-07-09 16:54:00,12.462218,37.869514,6,3500cnr
2025-07-09 17:04:00,12.462218,37.869514,6,3500cnr
2025-07-09 17:14:00,12.462218,37.869514,6,3500cnr
2025-07-09 17:24:00,12.462218,37.869514,6,3500cnr
2025-07-09 17:34:00,12.462218,37.869514,6,3500cnr
2025-07-09 17:44:00,12.462218,37.869514,6,3500cnr
2025-07-09 17:54:00,12.462218,37.869514,6,3500cnr
2025-07-09 18:04:00,12.462218,37.869514,6,3500cnr
2025-07-09 18:14:00,12.462218,37.869514,6,3500cnr
2025-07-09 18:24:00,12.462218,37.869514,6,3500cnr
2025-07-09 18:34:00,12.462218,37.869514,6,3500cnr
2025-07-09 18:44:00,12.461941,37.868156,6,3500cnr
2025-07-09 18:54:00,12.461707,37.86684,6,3500cnr
2025-07-09 19:04:00,12.461489,37.86565,6,3500cnr
2025-07-09 19:14:00,12.461256,37.864525,6,3500cnr
2025-07-09 19:24:00,12.461012,37.86344,6,3500cnr
2025-07-09 19:34:00,12.460766,37.86238,6,3500cnr
2025-07-09 19:44:00,12.460511,37.861313,6,3500cnr
2025-07-09 19:54:00,12.460305,37.86021,6,3500cnr
2025-07-09 20:04:00,12.460135,37.859077,6,3500cnr
2025-07-09 20:14:00,12.459987,37.85788,6,3500cnr
2025-07-09 20:24:00,12.459834,37.856606,6,3500cnr
2025-07-09 20:34:00,12.459661,37.855236,6,3500cnr
2025-07-09 20:44:00,12.459488,37.85383,6,3500cnr
2025-07-09 20:54:00,12.459316,37.852406,6,3500cnr
2025-07-09 21:04:00,12.45913,37.850925,6,3500cnr
2025-07-09 21:14:00,12.458862,37.849266,6,3500cnr
2025-07-09 21:24:00,12.458519,37.847443,6,3500cnr
2025-07-09 21:34:00,12.458218,37.845577,6,3500cnr
2025-07-09 21:44:00,12.457909,37.84376,6,3500cnr
2025-07-09 21:54:00,12.457621,37.842163,6,3500cnr
2025-07-09 22:04:00,12.457402,37.840767,6,3500cnr
2025-07-09 22:14:00,12.4572315,37.839333,6,3500cnr
2025-07-09 22:24:00,12.457107,37.837997,6,3500cnr
2025-07-09 22:34:00,12.456996,37.836784,6,3500cnr
2025-07-09 22:44:00,12.456904,37.83568,6,3500cnr
2025-07-09 22:54:00,12.456823,37.834637,6,3500cnr
2025-07-09 23:04:00,12.456753,37.83366,6,3500cnr
2025-07-09 23:14:00,12.456702,37.832726,6,3500cnr
2025-07-09 23:24:00,12.456667,37.831837,6,3500cnr
2025-07-09 23:34:00,12.456642,37.83099,6,3500cnr
2025-07-09 23:44:00,12.456635,37.830185,6,3500cnr
2025-07-09 23:54:00,12.456649,37.829414,6,3500cnr
2025-07-10 00:04:00,12.456714,37.828808,6,3500cnr
2025-07-08 14:24:00,12.45309,37.87553,6,3680cnr
2025-07-08 14:34:00,12.454057,37.874943,6,3680cnr
2025-07-08 14:44:00,12.455042,37.874397,6,3680cnr
2025-07-08 14:54:00,12.456034,37.873867,6,3680cnr
2025-07-08 15:04:00,12.457028,37.873337,6,3680cnr
2025-07-08 15:14:00,12.458051,37.872726,6,3680cnr
2025-07-08 15:24:00,12.459088,37.872044,6,3680cnr
2025-07-08 15:34:00,12.4601345,37.87128,6,3680cnr
2025-07-08 15:44:00,12.461163,37.870483,6,3680cnr
2025-07-08 15:54:00,12.4622135,37.869663,6,3680cnr
2025-07-08 16:04:00,12.4622135,37.869663,6,3680cnr
2025-07-08 16:14:00,12.4622135,37.869663,6,3680cnr
2025-07-08 16:24:00,12.4622135,37.869663,6,3680cnr
2025-07-08 16:34:00,12.4622135,37.869663,6,3680cnr
2025-07-08 16:44:00,12.4622135,37.869663,6,3680cnr
2025-07-08 16:54:00,12.4622135,37.869663,6,3680cnr
2025-07-08 17:04:00,12.4622135,37.869663,6,3680cnr
2025-07-08 17:14:00,12.4622135,37.869663,6,3680cnr
2025-07-08 17:24:00,12.4622135,37.869663,6,3680cnr
2025-07-08 17:34:00,12.4622135,37.869663,6,3680cnr
2025-07-08 17:44:00,12.4622135,37.869663,6,3680cnr
2025-07-08 17:54:00,12.4622135,37.869663,6,3680cnr
2025-07-08 18:04:00,12.4622135,37.869663,6,3680cnr
2025-07-08 18:14:00,12.4622135,37.869663,6,3680cnr
2025-07-08 18:24:00,12.4622135,37.869663,6,3680cnr
2025-07-08 18:34:00,12.4622135,37.869663,6,3680cnr
2025-07-08 18:44:00,12.4622135,37.869663,6,3680cnr
2025-07-08 18:54:00,12.4622135,37.869663,6,3680cnr
2025-07-08 19:04:00,12.4622135,37.869663,6,3680cnr
2025-07-08 19:14:00,12.4622135,37.869663,6,3680cnr
2025-07-08 19:24:00,12.4622135,37.869663,6,3680cnr
2025-07-08 19:34:00,12.4622135,37.869663,6,3680cnr
2025-07-08 19:44:00,12.4622135,37.869663,6,3680cnr
2025-07-08 19:54:00,12.4622135,37.869663,6,3680cnr
2025-07-08 20:04:00,12.4622135,37.869663,6,3680cnr
2025-07-08 20:14:00,12.4622135,37.869663,6,3680cnr
2025-07-08 20:24:00,12.4622135,37.869663,6,3680cnr
2025-07-08 20:34:00,12.4622135,37.869663,6,3680cnr
2025-07-08 20:44:00,12.4622135,37.869663,6,3680cnr
2025-07-08 20:54:00,12.4622135,37.869663,6,3680cnr
2025-07-08 21:04:00,12.4622135,37.869663,6,3680cnr
2025-07-08 21:14:00,12.4622135,37.869663,6,3680cnr
2025-07-08 21:24:00,12.4622135,37.869663,6,3680cnr
2025-07-08 21:34:00,12.4622135,37.869663,6,3680cnr
2025-07-08 21:44:00,12.4622135,37.869663,6,3680cnr
2025-07-08 21:54:00,12.4622135,37.869663,6,3680cnr
2025-07-08 22:04:00,12.4622135,37.869663,6,3680cnr
2025-07-08 22:14:00,12.4622135,37.869663,6,3680cnr
2025-07-08 22:24:00,12.4622135,37.869663,6,3680cnr
2025-07-08 22:34:00,12.4622135,37.869663,6,3680cnr
2025-07-08 22:44:00,12.4622135,37.869663,6,3680cnr
2025-07-08 22:54:00,12.4622135,37.869663,6,3680cnr
2025-07-08 23:04:00,12.4622135,37.869663,6,3680cnr
2025-07-08 23:14:00,12.4622135,37.869663,6,3680cnr
2025-07-08 23:24:00,12.4622135,37.869663,6,3680cnr
2025-07-08 23:34:00,12.4622135,37.869663,6,3680cnr
2025-07-08 23:44:00,12.4622135,37.869663,6,3680cnr
2025-07-08 23:54:00,12.4622135,37.869663,6,3680cnr
2025-07-09 00:04:00,12.4622135,37.869663,6,3680cnr
2025-07-09 00:14:00,12.4622135,37.869663,6,3680cnr
2025-07-09 00:24:00,12.4622135,37.869663,6,3680cnr
2025-07-09 00:34:00,12.4622135,37.869663,6,3680cnr
2025-07-09 00:44:00,12.4622135,37.869663,6,3680cnr
2025-07-09 00:54:00,12.4622135,37.869663,6,3680cnr
2025-07-09 01:04:00,12.4622135,37.869663,6,3680cnr
2025-07-09 01:14:00,12.4622135,37.869663,6,3680cnr
2025-07-09 01:24:00,12.4622135,37.869663,6,3680cnr
2025-07-09 01:34:00,12.4622135,37.869663,6,3680cnr
2025-07-09 01:44:00,12.4622135,37.869663,6,3680cnr
2025-07-09 01:54:00,12.4622135,37.869663,6,3680cnr
2025-07-09 02:04:00,12.4622135,37.869663,6,3680cnr
2025-07-09 02:14:00,12.4622135,37.869663,6,3680cnr
2025-07-09 02:24:00,12.4622135,37.869663,6,3680cnr
2025-07-09 02:34:00,12.4622135,37.869663,6,3680cnr
2025-07-09 02:44:00,12.4622135,37.869663,6,3680cnr
2025-07-09 02:54:00,12.4622135,37.869663,6,3680cnr
2025-07-09 03:04:00,12.4622135,37.869663,6,3680cnr
2025-07-09 03:14:00,12.4622135,37.869663,6,3680cnr
2025-07-09 03:24:00,12.4622135,37.869663,6,3680cnr
2025-07-09 03:34:00,12.4622135,37.869663,6,3680cnr
2025-07-09 03:44:00,12.4622135,37.869663,6,3680cnr
2025-07-09 03:54:00,12.4622135,37.869663,6,3680cnr
2025-07-09 04:04:00,12.4622135,37.869663,6,3680cnr
2025-07-09 04:14:00,12.4622135,37.869663,6,3680cnr
2025-07-09 04:24:00,12.4622135,37.869663,6,3680cnr
2025-07-09 04:34:00,12.4622135,37.869663,6,3680cnr
2025-07-09 04:44:00,12.4622135,37.869663,6,3680cnr
2025-07-09 04:54:00,12.4622135,37.869663,6,3680cnr
2025-07-09 05:04:00,12.4622135,37.869663,6,3680cnr
2025-07-09 05:14:00,12.4622135,37.869663,6,3680cnr
2025-07-09 05:24:00,12.4622135,37.869663,6,3680cnr
2025-07-09 05:34:00,12.4622135,37.869663,6,3680cnr
2025-07-09 05:44:00,12.4622135,37.869663,6,3680cnr
2025-07-09 05:54:00,12.4622135,37.869663,6,3680cnr
2025-07-09 06:04:00,12.4622135,37.869663,6,3680cnr
2025-07-09 06:14:00,12.4622135,37.869663,6,3680cnr
2025-07-09 06:24:00,12.4622135,37.869663,6,3680cnr
2025-07-09 06:34:00,12.4622135,37.869663,6,3680cnr
2025-07-09 06:44:00,12.4622135,37.869663,6,3680cnr
2025-07-09 06:54:00,12.4622135,37.869663,6,3680cnr
2025-07-09 07:04:00,12.4622135,37.869663,6,3680cnr
2025-07-09 07:14:00,12.4622135,37.869663,6,3680cnr
2025-07-09 07:24:00,12.4622135,37.869663,6,3680cnr
2025-07-09 07:34:00,12.4622135,37.869663,6,3680cnr
2025-07-09 07:44:00,12.4622135,37.869663,6,3680cnr
2025-07-09 07:54:00,12.4622135,37.869663,6,3680cnr
2025-07-09 08:04:00,12.4622135,37.869663,6,3680cnr
2025-07-09 08:14:00,12.4622135,37.869663,6,3680cnr
2025-07-09 08:24:00,12.4622135,37.869663,6,3680cnr
2025-07-09 08:34:00,12.4622135,37.869663,6,3680cnr
2025-07-09 08:44:00,12.4622135,37.869663,6,3680cnr
2025-07-09 08:54:00,12.4622135,37.869663,6,3680cnr
2025-07-09 09:04:00,12.4622135,37.869663,6,3680cnr
2025-07-09 09:14:00,12.4622135,37.869663,6,3680cnr
2025-07-09 09:24:00,12.4622135,37.869663,6,3680cnr
2025-07-09 09:34:00,12.4622135,37.869663,6,3680cnr
2025-07-09 09:44:00,12.4622135,37.869663,6,3680cnr
2025-07-09 09:54:00,12.4622135,37.869663,6,3680cnr
2025-07-09 10:04:00,12.4622135,37.869663,6,3680cnr
2025-07-09 10:14:00,12.4622135,37.869663,6,3680cnr
2025-07-09 10:24:00,12.4622135,37.869663,6,3680cnr
2025-07-09 10:34:00,12.4622135,37.869663,6,3680cnr
2025-07-09 10:44:00,12.4622135,37.869663,6,3680cnr
2025-07-09 10:54:00,12.4622135,37.869663,6,3680cnr
2025-07-09 11:04:00,12.4622135,37.869663,6,3680cnr
2025-07-09 11:14:00,12.4622135,37.869663,6,3680cnr
2025-07-09 11:24:00,12.4622135,37.869663,6,3680cnr
2025-07-09 11:34:00,12.4622135,37.869663,6,3680cnr
2025-07-09 11:44:00,12.4622135,37.869663,6,3680cnr
2025-07-09 11:54:00,12.4622135,37.869663,6,3680cnr
2025-07-09 12:04:00,12.4622135,37.869663,6,3680cnr
2025-07-09 12:14:00,12.4622135,37.869663,6,3680cnr
2025-07-09 12:24:00,12.4622135,37.869663,6,3680cnr
2025-07-09 12:34:00,12.4622135,37.869663,6,3680cnr
2025-07-09 12:44:00,12.4622135,37.869663,6,3680cnr
2025-07-09 12:54:00,12.4622135,37.869663,6,3680cnr
2025-07-09 13:04:00,12.4622135,37.869663,6,3680cnr
2025-07-09 13:14:00,12.4622135,37.869663,6,3680cnr
2025-07-09 13:24:00,12.4622135,37.869663,6,3680cnr
2025-07-09 13:34:00,12.4622135,37.869663,6,3680cnr
2025-07-09 13:44:00,12.4622135,37.869663,6,3680cnr
2025-07-09 13:54:00,12.4622135,37.869663,6,3680cnr
2025-07-09 14:04:00,12.4622135,37.869663,6,3680cnr
2025-07-09 14:14:00,12.4622135,37.869663,6,3680cnr
2025-07-09 14:24:00,12.4622135,37.869663,6,3680cnr
2025-07-09 14:34:00,12.4622135,37.869663,6,3680cnr
2025-07-09 14:44:00,12.4622135,37.869663,6,3680cnr
2025-07-09 14:54:00,12.4622135,37.869663,6,3680cnr
2025-07-09 15:04:00,12.4622135,37.869663,6,3680cnr
2025-07-09 15:14:00,12.4622135,37.869663,6,3680cnr
2025-07-09 15:24:00,12.4622135,37.869663,6,3680cnr
2025-07-09 15:34:00,12.4622135,37.869663,6,3680cnr
2025-07-09 15:44:00,12.4622135,37.869663,6,3680cnr
2025-07-09 15:54:00,12.4622135,37.869663,6,3680cnr
2025-07-09 16:04:00,12.4622135,37.869663,6,3680cnr
2025-07-09 16:14:00,12.4622135,37.869663,6,3680cnr
2025-07-09 16:24:00,12.4622135,37.869663,6,3680cnr
2025-07-09 16:34:00,12.4622135,37.869663,6,3680cnr
2025-07-09 16:44:00,12.4622135,37.869663,6,3680cnr
2025-07-09 16:54:00,12.4622135,37.869663,6,3680cnr
2025-07-09 17:04:00,12.4622135,37.869663,6,3680cnr
2025-07-09 17:14:00,12.4622135,37.869663,6,3680cnr
2025-07-09 17:24:00,12.4622135,37.869663,6,3680cnr
2025-07-09 17:34:00,12.4622135,37.869663,6,3680cnr
2025-07-09 17:44:00,12.4622135,37.869663,6,3680cnr
2025-07-09 17:54:00,12.4622135,37.869663,6,3680cnr
2025-07-09 18:04:00,12.4622135,37.869663,6,3680cnr
2025-07-09 18:14:00,12.4622135,37.869663,6,3680cnr
2025-07-09 18:24:00,12.461953,37.86824,6,3680cnr
2025-07-09 18:34:00,12.461737,37.866856,6,3680cnr
2025-07-09 18:44:00,12.461523,37.865623,6,3680cnr
2025-07-09 18:54:00,12.461242,37.8645,6,3680cnr
2025-07-09 19:04:00,12.460888,37.863457,6,3680cnr
2025-07-09 19:14:00,12.460535,37.862434,6,3680cnr
2025-07-09 19:24:00,12.460203,37.861404,6,3680cnr
2025-07-09 19:34:00,12.459956,37.86036,6,3680cnr
2025-07-09 19:44:00,12.459781,37.85928,6,3680cnr
2025-07-09 19:54:00,12.459638,37.85812,6,3680cnr
2025-07-09 20:04:00,12.459523,37.856884,6,3680cnr
2025-07-09 20:14:00,12.459377,37.85557,6,3680cnr
2025-07-09 20:24:00,12.459201,37.854183,6,3680cnr
2025-07-09 20:34:00,12.459008,37.852726,6,3680cnr
2025-07-09 20:44:00,12.458791,37.851204,6,3680cnr
2025-07-09 20:54:00,12.458512,37.849545,6,3680cnr
2025-07-09 21:04:00,12.458171,37.847782,6,3680cnr
2025-07-09 21:14:00,12.457822,37.84597,6,3680cnr
2025-07-09 21:24:00,12.4574995,37.844177,6,3680cnr
2025-07-09 21:34:00,12.457221,37.8425,6,3680cnr
2025-07-09 21:44:00,12.457007,37.84104,6,3680cnr
2025-07-09 21:54:00,12.456845,37.839603,6,3680cnr
2025-07-09 22:04:00,12.456743,37.83825,6,3680cnr
2025-07-09 22:14:00,12.456665,37.836998,6,3680cnr
2025-07-09 22:24:00,12.456546,37.835823,6,3680cnr
2025-07-09 22:34:00,12.456391,37.834717,6,3680cnr
2025-07-09 22:44:00,12.456223,37.83365,6,3680cnr
2025-07-09 22:54:00,12.456087,37.832638,6,3680cnr
2025-07-09 23:04:00,12.455994,37.831673,6,3680cnr
2025-07-09 23:14:00,12.455914,37.830746,6,3680cnr
2025-07-09 23:24:00,12.455833,37.829865,6,3680cnr
2025-07-09 23:34:00,12.455756,37.829025,6,3680cnr
2025-07-09 23:44:00,12.455708,37.82823,6,3680cnr
2025-07-09 23:54:00,12.455691,37.827477,6,3680cnr
2025-07-10 00:04:00,12.455742,37.826885,6,3680cnr
2025-07-08 17:04:00,12.478259,37.87544,7,2520
2025-07-08 17:14:00,12.479176,37.874912,7,2520
2025-07-08 17:24:00,12.480055,37.87445,7,2520
2025-07-08 17:34:00,12.480879,37.874035,7,2520
2025-07-08 17:44:00,12.48165,37.8736,7,2520
2025-07-08 17:54:00,12.482026,37.873375,7,2520
2025-07-08 18:04:00,12.482026,37.873375,7,2520
2025-07-08 18:14:00,12.482026,37.873375,7,2520
2025-07-08 18:24:00,12.482026,37.873375,7,2520
2025-07-08 18:34:00,12.482026,37.873375,7,2520
2025-07-08 18:44:00,12.482026,37.873375,7,2520
2025-07-08 18:54:00,12.482026,37.873375,7,2520
2025-07-08 19:04:00,12.482026,37.873375,7,2520
2025-07-08 19:14:00,12.482026,37.873375,7,2520
2025-07-08 19:24:00,12.482026,37.873375,7,2520
2025-07-08 19:34:00,12.482026,37.873375,7,2520
2025-07-08 19:44:00,12.482026,37.873375,7,2520
2025-07-08 19:54:00,12.482026,37.873375,7,2520
2025-07-08 20:04:00,12.482026,37.873375,7,2520
2025-07-08 20:14:00,12.482026,37.873375,7,2520
2025-07-08 20:24:00,12.482026,37.873375,7,2520
2025-07-08 20:34:00,12.482026,37.873375,7,2520
2025-07-08 20:44:00,12.482026,37.873375,7,2520
2025-07-08 20:54:00,12.482026,37.873375,7,2520
2025-07-08 21:04:00,12.482026,37.873375,7,2520
2025-07-08 21:14:00,12.482026,37.873375,7,2520
2025-07-08 21:24:00,12.482026,37.873375,7,2520
2025-07-08 21:34:00,12.482026,37.873375,7,2520
2025-07-08 21:44:00,12.482026,37.873375,7,2520
2025-07-08 21:54:00,12.482026,37.873375,7,2520
2025-07-08 22:04:00,12.482026,37.873375,7,2520
2025-07-08 22:14:00,12.482026,37.873375,7,2520
2025-07-08 22:24:00,12.482026,37.873375,7,2520
2025-07-08 22:34:00,12.482026,37.873375,7,2520
2025-07-08 22:44:00,12.482026,37.873375,7,2520
2025-07-08 22:54:00,12.482026,37.873375,7,2520
2025-07-08 23:04:00,12.482026,37.873375,7,2520
2025-07-08 23:14:00,12.482026,37.873375,7,2520
2025-07-08 23:24:00,12.482026,37.873375,7,2520
2025-07-08 23:34:00,12.482026,37.873375,7,2520
2025-07-08 23:44:00,12.482026,37.873375,7,2520
2025-07-08 23:54:00,12.482026,37.873375,7,2520
2025-07-09 00:04:00,12.482026,37.873375,7,2520
2025-07-09 00:14:00,12.482026,37.873375,7,2520
2025-07-09 00:24:00,12.482026,37.873375,7,2520
2025-07-09 00:34:00,12.482026,37.873375,7,2520
2025-07-09 00:44:00,12.482026,37.873375,7,2520
2025-07-09 00:54:00,12.482026,37.873375,7,2520
2025-07-09 01:04:00,12.482026,37.873375,7,2520
2025-07-09 01:14:00,12.482026,37.873375,7,2520
2025-07-09 01:24:00,12.482026,37.873375,7,2520
2025-07-09 01:34:00,12.482026,37.873375,7,2520
2025-07-09 01:44:00,12.482026,37.873375,7,2520
2025-07-09 01:54:00,12.482026,37.873375,7,2520
2025-07-09 02:04:00,12.482026,37.873375,7,2520
2025-07-09 02:14:00,12.482026,37.873375,7,2520
2025-07-09 02:24:00,12.482026,37.873375,7,2520
2025-07-09 02:34:00,12.482026,37.873375,7,2520
2025-07-09 02:44:00,12.482026,37.873375,7,2520
2025-07-09 02:54:00,12.482026,37.873375,7,2520
2025-07-09 03:04:00,12.482026,37.873375,7,2520
2025-07-09 03:14:00,12.482026,37.873375,7,2520
2025-07-09 03:24:00,12.482026,37.873375,7,2520
2025-07-09 03:34:00,12.482026,37.873375,7,2520
2025-07-09 03:44:00,12.482026,37.873375,7,2520
2025-07-09 03:54:00,12.482026,37.873375,7,2520
2025-07-09 04:04:00,12.482026,37.873375,7,2520
2025-07-09 04:14:00,12.482026,37.873375,7,2520
2025-07-09 04:24:00,12.482026,37.873375,7,2520
2025-07-09 04:34:00,12.482026,37.873375,7,2520
2025-07-09 04:44:00,12.482026,37.873375,7,2520
2025-07-09 04:54:00,12.482026,37.873375,7,2520
2025-07-09 05:04:00,12.482026,37.873375,7,2520
2025-07-09 05:14:00,12.482026,37.873375,7,2520
2025-07-09 05:24:00,12.482026,37.873375,7,2520
2025-07-09 05:34:00,12.482026,37.873375,7,2520
2025-07-09 05:44:00,12.482026,37.873375,7,2520
2025-07-09 05:54:00,12.482026,37.873375,7,2520
2025-07-09 06:04:00,12.482026,37.873375,7,2520
2025-07-09 06:14:00,12.482026,37.873375,7,2520
2025-07-09 06:24:00,12.482026,37.873375,7,2520
2025-07-09 06:34:00,12.482026,37.873375,7,2520
2025-07-09 06:44:00,12.482026,37.873375,7,2520
2025-07-09 06:54:00,12.482026,37.873375,7,2520
2025-07-09 07:04:00,12.482026,37.873375,7,2520
2025-07-09 07:14:00,12.482026,37.873375,7,2520
2025-07-09 07:24:00,12.482026,37.873375,7,2520
2025-07-09 07:34:00,12.482026,37.873375,7,2520
2025-07-09 07:44:00,12.482026,37.873375,7,2520
2025-07-09 07:54:00,12.482026,37.873375,7,2520
2025-07-09 08:04:00,12.482026,37.873375,7,2520
2025-07-09 08:14:00,12.482026,37.873375,7,2520
2025-07-09 08:24:00,12.482026,37.873375,7,2520
2025-07-09 08:34:00,12.482026,37.873375,7,2520
2025-07-09 08:44:00,12.482026,37.873375,7,2520
2025-07-09 08:54:00,12.482026,37.873375,7,2520
2025-07-09 09:04:00,12.482026,37.873375,7,2520
2025-07-09 09:14:00,12.482026,37.873375,7,2520
2025-07-09 09:24:00,12.482026,37.873375,7,2520
2025-07-09 09:34:00,12.482026,37.873375,7,2520
2025-07-09 09:44:00,12.482026,37.873375,7,2520
2025-07-09 09:54:00,12.482026,37.873375,7,2520
2025-07-09 10:04:00,12.482026,37.873375,7,2520
2025-07-09 10:14:00,12.482026,37.873375,7,2520
2025-07-09 10:24:00,12.482026,37.873375,7,2520
2025-07-09 10:34:00,12.482026,37.873375,7,2520
2025-07-09 10:44:00,12.482026,37.873375,7,2520
2025-07-09 10:54:00,12.482026,37.873375,7,2520
2025-07-09 11:04:00,12.482026,37.873375,7,2520
2025-07-09 11:14:00,12.482026,37.873375,7,2520
2025-07-09 11:24:00,12.482026,37.873375,7,2520
2025-07-09 11:34:00,12.482026,37.873375,7,2520
2025-07-09 11:44:00,12.482026,37.873375,7,2520
2025-07-09 11:54:00,12.482026,37.873375,7,2520
2025-07-09 12:04:00,12.482026,37.873375,7,2520
2025-07-09 12:14:00,12.482026,37.873375,7,2520
2025-07-09 12:24:00,12.482026,37.873375,7,2520
2025-07-09 12:34:00,12.482026,37.873375,7,2520
2025-07-09 12:44:00,12.482026,37.873375,7,2520
2025-07-09 12:54:00,12.482026,37.873375,7,2520
2025-07-09 13:04:00,12.482026,37.873375,7,2520
2025-07-09 13:14:00,12.482026,37.873375,7,2520
2025-07-09 13:24:00,12.482026,37.873375,7,2520
2025-07-09 13:34:00,12.482026,37.873375,7,2520
2025-07-09 13:44:00,12.482026,37.873375,7,2520
2025-07-09 13:54:00,12.482026,37.873375,7,2520
2025-07-09 14:04:00,12.482026,37.873375,7,2520
2025-07-09 14:14:00,12.482026,37.873375,7,2520
2025-07-09 14:24:00,12.482026,37.873375,7,2520
2025-07-09 14:34:00,12.482026,37.873375,7,2520
2025-07-09 14:44:00,12.482026,37.873375,7,2520
2025-07-09 14:54:00,12.482026,37.873375,7,2520
2025-07-09 15:04:00,12.482026,37.873375,7,2520
2025-07-09 15:14:00,12.482026,37.873375,7,2520
2025-07-09 15:24:00,12.482026,37.873375,7,2520
2025-07-09 15:34:00,12.482026,37.873375,7,2520
2025-07-09 15:44:00,12.482026,37.873375,7,2520
2025-07-09 15:54:00,12.482026,37.873375,7,2520
2025-07-09 16:04:00,12.482026,37.873375,7,2520
2025-07-09 16:14:00,12.482026,37.873375,7,2520
2025-07-09 16:24:00,12.482026,37.873375,7,2520
2025-07-09 16:34:00,12.482026,37.873375,7,2520
2025-07-09 16:44:00,12.482026,37.873375,7,2520
2025-07-09 16:54:00,12.482026,37.873375,7,2520
2025-07-09 17:04:00,12.482026,37.873375,7,2520
2025-07-09 17:14:00,12.482026,37.873375,7,2520
2025-07-09 17:24:00,12.482026,37.873375,7,2520
2025-07-09 17:34:00,12.482026,37.873375,7,2520
2025-07-09 17:44:00,12.482026,37.873375,7,2520
2025-07-09 17:54:00,12.482026,37.873375,7,2520
2025-07-09 18:04:00,12.482026,37.873375,7,2520
2025-07-09 18:14:00,12.482026,37.873375,7,2520
2025-07-09 18:24:00,12.482026,37.873375,7,2520
2025-07-09 18:34:00,12.482026,37.873375,7,2520
2025-07-09 18:44:00,12.482026,37.873375,7,2520
2025-07-09 18:54:00,12.482026,37.873375,7,2520
2025-07-09 19:04:00,12.482026,37.873375,7,2520
2025-07-09 19:14:00,12.482026,37.873375,7,2520
2025-07-09 19:24:00,12.482026,37.873375,7,2520
2025-07-09 19:34:00,12.482026,37.873375,7,2520
2025-07-09 19:44:00,12.482026,37.873375,7,2520
2025-07-09 19:54:00,12.482026,37.873375,7,2520
2025-07-09 20:04:00,12.482026,37.873375,7,2520
2025-07-09 20:14:00,12.482026,37.873375,7,2520
2025-07-09 20:24:00,12.482026,37.873375,7,2520
2025-07-09 20:34:00,12.482026,37.873375,7,2520
2025-07-09 20:44:00,12.482026,37.873375,7,2520
2025-07-09 20:54:00,12.482026,37.873375,7,2520
2025-07-09 21:04:00,12.482026,37.873375,7,2520
2025-07-09 21:14:00,12.482026,37.873375,7,2520
2025-07-09 21:24:00,12.482026,37.873375,7,2520
2025-07-09 21:34:00,12.482026,37.873375,7,2520
2025-07-09 21:44:00,12.482026,37.873375,7,2520
2025-07-09 21:54:00,12.482026,37.873375,7,2520
2025-07-09 22:04:00,12.482026,37.873375,7,2520
2025-07-09 22:14:00,12.482026,37.873375,7,2520
2025-07-09 22:24:00,12.482026,37.873375,7,2520
2025-07-09 22:34:00,12.482026,37.873375,7,2520
2025-07-09 22:44:00,12.482026,37.873375,7,2520
2025-07-09 22:54:00,12.482026,37.873375,7,2520
2025-07-09 23:04:00,12.482026,37.873375,7,2520
2025-07-09 23:14:00,12.482026,37.873375,7,2520
2025-07-09 23:24:00,12.482026,37.873375,7,2520
2025-07-09 23:34:00,12.482026,37.873375,7,2520
2025-07-09 23:44:00,12.482026,37.873375,7,2520
2025-07-09 23:54:00,12.482026,37.873375,7,2520
2025-07-10 00:04:00,12.482026,37.873375,7,2520
2025-07-08 17:04:00,12.478219,37.87544,7,7520
2025-07-08 17:14:00,12.479135,37.874912,7,7520
2025-07-08 17:24:00,12.480012,37.87445,7,7520
2025-07-08 17:34:00,12.480837,37.874035,7,7520
2025-07-08 17:44:00,12.481608,37.873604,7,7520
2025-07-08 17:54:00,12.481983,37.87338,7,7520
2025-07-08 18:04:00,12.481983,37.87338,7,7520
2025-07-08 18:14:00,12.481983,37.87338,7,7520
2025-07-08 18:24:00,12.481983,37.87338,7,7520
2025-07-08 18:34:00,12.481983,37.87338,7,7520
2025-07-08 18:44:00,12.481983,37.87338,7,7520
2025-07-08 18:54:00,12.481983,37.87338,7,7520
2025-07-08 19:04:00,12.481983,37.87338,7,7520
2025-07-08 19:14:00,12.481983,37.87338,7,7520
2025-07-08 19:24:00,12.481983,37.87338,7,7520
2025-07-08 19:34:00,12.481983,37.87338,7,7520
2025-07-08 19:44:00,12.481983,37.87338,7,7520
2025-07-08 19:54:00,12.481983,37.87338,7,7520
2025-07-08 20:04:00,12.481983,37.87338,7,7520
2025-07-08 20:14:00,12.481983,37.87338,7,7520
2025-07-08 20:24:00,12.481983,37.87338,7,7520
2025-07-08 20:34:00,12.481983,37.87338,7,7520
2025-07-08 20:44:00,12.481983,37.87338,7,7520
2025-07-08 20:54:00,12.481983,37.87338,7,7520
2025-07-08 21:04:00,12.481983,37.87338,7,7520
2025-07-08 21:14:00,12.481983,37.87338,7,7520
2025-07-08 21:24:00,12.481983,37.87338,7,7520
2025-07-08 21:34:00,12.481983,37.87338,7,7520
2025-07-08 21:44:00,12.481983,37.87338,7,7520
2025-07-08 21:54:00,12.481983,37.87338,7,7520
2025-07-08 22:04:00,12.481983,37.87338,7,7520
2025-07-08 22:14:00,12.481983,37.87338,7,7520
2025-07-08 22:24:00,12.481983,37.87338,7,7520
2025-07-08 22:34:00,12.481983,37.87338,7,7520
2025-07-08 22:44:00,12.481983,37.87338,7,7520
2025-07-08 22:54:00,12.481983,37.87338,7,7520
2025-07-08 23:04:00,12.481983,37.87338,7,7520
2025-07-08 23:14:00,12.481983,37.87338,7,7520
2025-07-08 23:24:00,12.481983,37.87338,7,7520
2025-07-08 23:34:00,12.481983,37.87338,7,7520
2025-07-08 23:44:00,12.481983,37.87338,7,7520
2025-07-08 23:54:00,12.481983,37.87338,7,7520
2025-07-09 00:04:00,12.481983,37.87338,7,7520
2025-07-09 00:14:00,12.481983,37.87338,7,7520
2025-07-09 00:24:00,12.481983,37.87338,7,7520
2025-07-09 00:34:00,12.481983,37.87338,7,7520
2025-07-09 00:44:00,12.481983,37.87338,7,7520
2025-07-09 00:54:00,12.481983,37.87338,7,7520
2025-07-09 01:04:00,12.481983,37.87338,7,7520
2025-07-09 01:14:00,12.481983,37.87338,7,7520
2025-07-09 01:24:00,12.481983,37.87338,7,7520
2025-07-09 01:34:00,12.481983,37.87338,7,7520
2025-07-09 01:44:00,12.481983,37.87338,7,7520
2025-07-09 01:54:00,12.481983,37.87338,7,7520
2025-07-09 02:04:00,12.481983,37.87338,7,7520
2025-07-09 02:14:00,12.481983,37.87338,7,7520
2025-07-09 02:24:00,12.481983,37.87338,7,7520
2025-07-09 02:34:00,12.481983,37.87338,7,7520
2025-07-09 02:44:00,12.481983,37.87338,7,7520
2025-07-09 02:54:00,12.481983,37.87338,7,7520
2025-07-09 03:04:00,12.481983,37.87338,7,7520
2025-07-09 03:14:00,12.481983,37.87338,7,7520
2025-07-09 03:24:00,12.481983,37.87338,7,7520
2025-07-09 03:34:00,12.481983,37.87338,7,7520
2025-07-09 03:44:00,12.481983,37.87338,7,7520
2025-07-09 03:54:00,12.481983,37.87338,7,7520
2025-07-09 04:04:00,12.481983,37.87338,7,7520
2025-07-09 04:14:00,12.481983,37.87338,7,7520
2025-07-09 04:24:00,12.481983,37.87338,7,7520
2025-07-09 04:34:00,12.481983,37.87338,7,7520
2025-07-09 04:44:00,12.481983,37.87338,7,7520
2025-07-09 04:54:00,12.481983,37.87338,7,7520
2025-07-09 05:04:00,12.481983,37.87338,7,7520
2025-07-09 05:14:00,12.481983,37.87338,7,7520
2025-07-09 05:24:00,12.481983,37.87338,7,7520
2025-07-09 05:34:00,12.481983,37.87338,7,7520
2025-07-09 05:44:00,12.481983,37.87338,7,7520
2025-07-09 05:54:00,12.481983,37.87338,7,7520
2025-07-09 06:04:00,12.481983,37.87338,7,7520
2025-07-09 06:14:00,12.481983,37.87338,7,7520
2025-07-09 06:24:00,12.481983,37.87338,7,7520
2025-07-09 06:34:00,12.481983,37.87338,7,7520
2025-07-09 06:44:00,12.481983,37.87338,7,7520
2025-07-09 06:54:00,12.481983,37.87338,7,7520
2025-07-09 07:04:00,12.481983,37.87338,7,7520
2025-07-09 07:14:00,12.481983,37.87338,7,7520
2025-07-09 07:24:00,12.481983,37.87338,7,7520
2025-07-09 07:34:00,12.481983,37.87338,7,7520
2025-07-09 07:44:00,12.481983,37.87338,7,7520
2025-07-09 07:54:00,12.481983,37.87338,7,7520
2025-07-09 08:04:00,12.481983,37.87338,7,7520
2025-07-09 08:14:00,12.481983,37.87338,7,7520
2025-07-09 08:24:00,12.481983,37.87338,7,7520
2025-07-09 08:34:00,12.481983,37.87338,7,7520
2025-07-09 08:44:00,12.481983,37.87338,7,7520
2025-07-09 08:54:00,12.481983,37.87338,7,7520
2025-07-09 09:04:00,12.481983,37.87338,7,7520
2025-07-09 09:14:00,12.481983,37.87338,7,7520
2025-07-09 09:24:00,12.481983,37.87338,7,7520
2025-07-09 09:34:00,12.481983,37.87338,7,7520
2025-07-09 09:44:00,12.481983,37.87338,7,7520
2025-07-09 09:54:00,12.481983,37.87338,7,7520
2025-07-09 10:04:00,12.481983,37.87338,7,7520
2025-07-09 10:14:00,12.481983,37.87338,7,7520
2025-07-09 10:24:00,12.481983,37.87338,7,7520
2025-07-09 10:34:00,12.481983,37.87338,7,7520
2025-07-09 10:44:00,12.481983,37.87338,7,7520
2025-07-09 10:54:00,12.481983,37.87338,7,7520
2025-07-09 11:04:00,12.481983,37.87338,7,7520
2025-07-09 11:14:00,12.481983,37.87338,7,7520
2025-07-09 11:24:00,12.481983,37.87338,7,7520
2025-07-09 11:34:00,12.481983,37.87338,7,7520
2025-07-09 11:44:00,12.481983,37.87338,7,7520
2025-07-09 11:54:00,12.481983,37.87338,7,7520
2025-07-09 12:04:00,12.481983,37.87338,7,7520
2025-07-09 12:14:00,12.481983,37.87338,7,7520
2025-07-09 12:24:00,12.481983,37.87338,7,7520
2025-07-09 12:34:00,12.481983,37.87338,7,7520
2025-07-09 12:44:00,12.481983,37.87338,7,7520
2025-07-09 12:54:00,12.481983,37.87338,7,7520
2025-07-09 13:04:00,12.481983,37.87338,7,7520
2025-07-09 13:14:00,12.481983,37.87338,7,7520
2025-07-09 13:24:00,12.481983,37.87338,7,7520
2025-07-09 13:34:00,12.481983,37.87338,7,7520
2025-07-09 13:44:00,12.481983,37.87338,7,7520
2025-07-09 13:54:00,12.481983,37.87338,7,7520
2025-07-09 14:04:00,12.481983,37.87338,7,7520
2025-07-09 14:14:00,12.481983,37.87338,7,7520
2025-07-09 14:24:00,12.481983,37.87338,7,7520
2025-07-09 14:34:00,12.481983,37.87338,7,7520
2025-07-09 14:44:00,12.481983,37.87338,7,7520
2025-07-09 14:54:00,12.481983,37.87338,7,7520
2025-07-09 15:04:00,12.481983,37.87338,7,7520
2025-07-09 15:14:00,12.481983,37.87338,7,7520
2025-07-09 15:24:00,12.481983,37.87338,7,7520
2025-07-09 15:34:00,12.481983,37.87338,7,7520
2025-07-09 15:44:00,12.481983,37.87338,7,7520
2025-07-09 15:54:00,12.481983,37.87338,7,7520
2025-07-09 16:04:00,12.481983,37.87338,7,7520
2025-07-09 16:14:00,12.481983,37.87338,7,7520
2025-07-09 16:24:00,12.481983,37.87338,7,7520
2025-07-09 16:34:00,12.481983,37.87338,7,7520
2025-07-09 16:44:00,12.481983,37.87338,7,7520
2025-07-09 16:54:00,12.481983,37.87338,7,7520
2025-07-09 17:04:00,12.481983,37.87338,7,7520
2025-07-09 17:14:00,12.481983,37.87338,7,7520
2025-07-09 17:24:00,12.481983,37.87338,7,7520
2025-07-09 17:34:00,12.481983,37.87338,7,7520
2025-07-09 17:44:00,12.481983,37.87338,7,7520
2025-07-09 17:54:00,12.481983,37.87338,7,7520
2025-07-09 18:04:00,12.481983,37.87338,7,7520
2025-07-09 18:14:00,12.481983,37.87338,7,7520
2025-07-09 18:24:00,12.481983,37.87338,7,7520
2025-07-09 18:34:00,12.481983,37.87338,7,7520
2025-07-09 18:44:00,12.481983,37.87338,7,7520
2025-07-09 18:54:00,12.481983,37.87338,7,7520
2025-07-09 19:04:00,12.481983,37.87338,7,7520
2025-07-09 19:14:00,12.481983,37.87338,7,7520
2025-07-09 19:24:00,12.481983,37.87338,7,7520
2025-07-09 19:34:00,12.481983,37.87338,7,7520
2025-07-09 19:44:00,12.481983,37.87338,7,7520
2025-07-09 19:54:00,12.481983,37.87338,7,7520
2025-07-09 20:04:00,12.481983,37.87338,7,7520
2025-07-09 20:14:00,12.481983,37.87338,7,7520
2025-07-09 20:24:00,12.481983,37.87338,7,7520
2025-07-09 20:34:00,12.481983,37.87338,7,7520
2025-07-09 20:44:00,12.481983,37.87338,7,7520
2025-07-09 20:54:00,12.481983,37.87338,7,7520
2025-07-09 21:04:00,12.481983,37.87338,7,7520
2025-07-09 21:14:00,12.481983,37.87338,7,7520
2025-07-09 21:24:00,12.481983,37.87338,7,7520
2025-07-09 21:34:00,12.481983,37.87338,7,7520
2025-07-09 21:44:00,12.481983,37.87338,7,7520
2025-07-09 21:54:00,12.481983,37.87338,7,7520
2025-07-09 22:04:00,12.481983,37.87338,7,7520
2025-07-09 22:14:00,12.481983,37.87338,7,7520
2025-07-09 22:24:00,12.481983,37.87338,7,7520
2025-07-09 22:34:00,12.481983,37.87338,7,7520
2025-07-09 22:44:00,12.481983,37.87338,7,7520
2025-07-09 22:54:00,12.481983,37.87338,7,7520
2025-07-09 23:04:00,12.481983,37.87338,7,7520
2025-07-09 23:14:00,12.481983,37.87338,7,7520
2025-07-09 23:24:00,12.481983,37.87338,7,7520
2025-07-09 23:34:00,12.481983,37.87338,7,7520
2025-07-09 23:44:00,12.481983,37.87338,7,7520
2025-07-09 23:54:00,12.481983,37.87338,7,7520
2025-07-10 00:04:00,12.481983,37.87338,7,7520
2025-07-08 17:04:00,12.478199,37.87545,7,930
2025-07-08 17:14:00,12.479115,37.874924,7,930
2025-07-08 17:24:00,12.479993,37.874462,7,930
2025-07-08 17:34:00,12.480819,37.874046,7,930
2025-07-08 17:44:00,12.48159,37.873615,7,930
2025-07-08 17:54:00,12.481965,37.873394,7,930
2025-07-08 18:04:00,12.481965,37.873394,7,930
2025-07-08 18:14:00,12.481965,37.873394,7,930
2025-07-08 18:24:00,12.481965,37.873394,7,930
2025-07-08 18:34:00,12.481965,37.873394,7,930
2025-07-08 18:44:00,12.481965,37.873394,7,930
2025-07-08 18:54:00,12.481965,37.873394,7,930
2025-07-08 19:04:00,12.481965,37.873394,7,930
2025-07-08 19:14:00,12.481965,37.873394,7,930
2025-07-08 19:24:00,12.481965,37.873394,7,930
2025-07-08 19:34:00,12.481965,37.873394,7,930
2025-07-08 19:44:00,12.481965,37.873394,7,930
2025-07-08 19:54:00,12.481965,37.873394,7,930
2025-07-08 20:04:00,12.481965,37.873394,7,930
2025-07-08 20:14:00,12.481965,37.873394,7,930
2025-07-08 20:24:00,12.481965,37.873394,7,930
2025-07-08 20:34:00,12.481965,37.873394,7,930
2025-07-08 20:44:00,12.481965,37.873394,7,930
2025-07-08 20:54:00,12.481965,37.873394,7,930
2025-07-08 21:04:00,12.481965,37.873394,7,930
2025-07-08 21:14:00,12.481965,37.873394,7,930
2025-07-08 21:24:00,12.481965,37.873394,7,930
2025-07-08 21:34:00,12.481965,37.873394,7,930
2025-07-08 21:44:00,12.481965,37.873394,7,930
2025-07-08 21:54:00,12.481965,37.873394,7,930
2025-07-08 22:04:00,12.481965,37.873394,7,930
2025-07-08 22:14:00,12.481965,37.873394,7,930
2025-07-08 22:24:00,12.481965,37.873394,7,930
2025-07-08 22:34:00,12.481965,37.873394,7,930
2025-07-08 22:44:00,12.481965,37.873394,7,930
2025-07-08 22:54:00,12.481965,37.873394,7,930
2025-07-08 23:04:00,12.481965,37.873394,7,930
2025-07-08 23:14:00,12.481965,37.873394,7,930
2025-07-08 23:24:00,12.481965,37.873394,7,930
2025-07-08 23:34:00,12.481965,37.873394,7,930
2025-07-08 23:44:00,12.481965,37.873394,7,930
2025-07-08 23:54:00,12.481965,37.873394,7,930
2025-07-09 00:04:00,12.481965,37.873394,7,930
2025-07-09 00:14:00,12.481965,37.873394,7,930
2025-07-09 00:24:00,12.481965,37.873394,7,930
2025-07-09 00:34:00,12.481965,37.873394,7,930
2025-07-09 00:44:00,12.481965,37.873394,7,930
2025-07-09 00:54:00,12.481965,37.873394,7,930
2025-07-09 01:04:00,12.481965,37.873394,7,930
2025-07-09 01:14:00,12.481965,37.873394,7,930
2025-07-09 01:24:00,12.481965,37.873394,7,930
2025-07-09 01:34:00,12.481965,37.873394,7,930
2025-07-09 01:44:00,12.481965,37.873394,7,930
2025-07-09 01:54:00,12.481965,37.873394,7,930
2025-07-09 02:04:00,12.481965,37.873394,7,930
2025-07-09 02:14:00,12.481965,37.873394,7,930
2025-07-09 02:24:00,12.481965,37.873394,7,930
2025-07-09 02:34:00,12.481965,37.873394,7,930
2025-07-09 02:44:00,12.481965,37.873394,7,930
2025-07-09 02:54:00,12.481965,37.873394,7,930
2025-07-09 03:04:00,12.481965,37.873394,7,930
2025-07-09 03:14:00,12.481965,37.873394,7,930
2025-07-09 03:24:00,12.481965,37.873394,7,930
2025-07-09 03:34:00,12.481965,37.873394,7,930
2025-07-09 03:44:00,12.481965,37.873394,7,930
2025-07-09 03:54:00,12.481965,37.873394,7,930
2025-07-09 04:04:00,12.481965,37.873394,7,930
2025-07-09 04:14:00,12.481965,37.873394,7,930
2025-07-09 04:24:00,12.481965,37.873394,7,930
2025-07-09 04:34:00,12.481965,37.873394,7,930
2025-07-09 04:44:00,12.481965,37.873394,7,930
2025-07-09 04:54:00,12.481965,37.873394,7,930
2025-07-09 05:04:00,12.481965,37.873394,7,930
2025-07-09 05:14:00,12.481965,37.873394,7,930
2025-07-09 05:24:00,12.481965,37.873394,7,930
2025-07-09 05:34:00,12.481965,37.873394,7,930
2025-07-09 05:44:00,12.481965,37.873394,7,930
2025-07-09 05:54:00,12.481965,37.873394,7,930
2025-07-09 06:04:00,12.481965,37.873394,7,930
2025-07-09 06:14:00,12.481965,37.873394,7,930
2025-07-09 06:24:00,12.481965,37.873394,7,930
2025-07-09 06:34:00,12.481965,37.873394,7,930
2025-07-09 06:44:00,12.481965,37.873394,7,930
2025-07-09 06:54:00,12.481965,37.873394,7,930
2025-07-09 07:04:00,12.481965,37.873394,7,930
2025-07-09 07:14:00,12.481965,37.873394,7,930
2025-07-09 07:24:00,12.481965,37.873394,7,930
2025-07-09 07:34:00,12.481965,37.873394,7,930
2025-07-09 07:44:00,12.481965,37.873394,7,930
2025-07-09 07:54:00,12.481965,37.873394,7,930
2025-07-09 08:04:00,12.481965,37.873394,7,930
2025-07-09 08:14:00,12.481965,37.873394,7,930
2025-07-09 08:24:00,12.481965,37.873394,7,930
2025-07-09 08:34:00,12.481965,37.873394,7,930
2025-07-09 08:44:00,12.481965,37.873394,7,930
2025-07-09 08:54:00,12.481965,37.873394,7,930
2025-07-09 09:04:00,12.481965,37.873394,7,930
2025-07-09 09:14:00,12.481965,37.873394,7,930
2025-07-09 09:24:00,12.481965,37.873394,7,930
2025-07-09 09:34:00,12.481965,37.873394,7,930
2025-07-09 09:44:00,12.481965,37.873394,7,930
2025-07-09 09:54:00,12.481965,37.873394,7,930
2025-07-09 10:04:00,12.481965,37.873394,7,930
2025-07-09 10:14:00,12.481965,37.873394,7,930
2025-07-09 10:24:00,12.481965,37.873394,7,930
2025-07-09 10:34:00,12.481965,37.873394,7,930
2025-07-09 10:44:00,12.481965,37.873394,7,930
2025-07-09 10:54:00,12.481965,37.873394,7,930
2025-07-09 11:04:00,12.481965,37.873394,7,930
2025-07-09 11:14:00,12.481965,37.873394,7,930
2025-07-09 11:24:00,12.481965,37.873394,7,930
2025-07-09 11:34:00,12.481965,37.873394,7,930
2025-07-09 11:44:00,12.481965,37.873394,7,930
2025-07-09 11:54:00,12.481965,37.873394,7,930
2025-07-09 12:04:00,12.481965,37.873394,7,930
2025-07-09 12:14:00,12.481965,37.873394,7,930
2025-07-09 12:24:00,12.481965,37.873394,7,930
2025-07-09 12:34:00,12.481965,37.873394,7,930
2025-07-09 12:44:00,12.481965,37.873394,7,930
2025-07-09 12:54:00,12.481965,37.873394,7,930
2025-07-09 13:04:00,12.481965,37.873394,7,930
2025-07-09 13:14:00,12.481965,37.873394,7,930
2025-07-09 13:24:00,12.481965,37.873394,7,930
2025-07-09 13:34:00,12.481965,37.873394,7,930
2025-07-09 13:44:00,12.481965,37.873394,7,930
2025-07-09 13:54:00,12.481965,37.873394,7,930
2025-07-09 14:04:00,12.481965,37.873394,7,930
2025-07-09 14:14:00,12.481965,37.873394,7,930
2025-07-09 14:24:00,12.481965,37.873394,7,930
2025-07-09 14:34:00,12.481965,37.873394,7,930
2025-07-09 14:44:00,12.481965,37.873394,7,930
2025-07-09 14:54:00,12.481965,37.873394,7,930
2025-07-09 15:04:00,12.481965,37.873394,7,930
2025-07-09 15:14:00,12.481965,37.873394,7,930
2025-07-09 15:24:00,12.481965,37.873394,7,930
2025-07-09 15:34:00,12.481965,37.873394,7,930
2025-07-09 15:44:00,12.481965,37.873394,7,930
2025-07-09 15:54:00,12.481965,37.873394,7,930
2025-07-09 16:04:00,12.481965,37.873394,7,930
2025-07-09 16:14:00,12.481965,37.873394,7,930
2025-07-09 16:24:00,12.481965,37.873394,7,930
2025-07-09 16:34:00,12.481965,37.873394,7,930
2025-07-09 16:44:00,12.481965,37.873394,7,930
2025-07-09 16:54:00,12.481965,37.873394,7,930
2025-07-09 17:04:00,12.481965,37.873394,7,930
2025-07-09 17:14:00,12.481965,37.873394,7,930
2025-07-09 17:24:00,12.481965,37.873394,7,930
2025-07-09 17:34:00,12.481965,37.873394,7,930
2025-07-09 17:44:00,12.481965,37.873394,7,930
2025-07-09 17:54:00,12.481965,37.873394,7,930
2025-07-09 18:04:00,12.481965,37.873394,7,930
2025-07-09 18:14:00,12.481965,37.873394,7,930
2025-07-09 18:24:00,12.481965,37.873394,7,930
2025-07-09 18:34:00,12.481965,37.873394,7,930
2025-07-09 18:44:00,12.481965,37.873394,7,930
2025-07-09 18:54:00,12.481965,37.873394,7,930
2025-07-09 19:04:00,12.481965,37.873394,7,930
2025-07-09 19:14:00,12.481965,37.873394,7,930
2025-07-09 19:24:00,12.481965,37.873394,7,930
2025-07-09 19:34:00,12.481965,37.873394,7,930
2025-07-09 19:44:00,12.481965,37.873394,7,930
2025-07-09 19:54:00,12.481965,37.873394,7,930
2025-07-09 20:04:00,12.481965,37.873394,7,930
2025-07-09 20:14:00,12.481965,37.873394,7,930
2025-07-09 20:24:00,12.481965,37.873394,7,930
2025-07-09 20:34:00,12.481965,37.873394,7,930
2025-07-09 20:44:00,12.481965,37.873394,7,930
2025-07-09 20:54:00,12.481965,37.873394,7,930
2025-07-09 21:04:00,12.481965,37.873394,7,930
2025-07-09 21:14:00,12.481965,37.873394,7,930
2025-07-09 21:24:00,12.481965,37.873394,7,930
2025-07-09 21:34:00,12.481965,37.873394,7,930
2025-07-09 21:44:00,12.481965,37.873394,7,930
2025-07-09 21:54:00,12.481965,37.873394,7,930
2025-07-09 22:04:00,12.481965,37.873394,7,930
2025-07-09 22:14:00,12.481965,37.873394,7,930
2025-07-09 22:24:00,12.481965,37.873394,7,930
2025-07-09 22:34:00,12.481965,37.873394,7,930
2025-07-09 22:44:00,12.481965,37.873394,7,930
2025-07-09 22:54:00,12.481965,37.873394,7,930
2025-07-09 23:04:00,12.481965,37.873394,7,930
2025-07-09 23:14:00,12.481965,37.873394,7,930
2025-07-09 23:24:00,12.481965,37.873394,7,930
2025-07-09 23:34:00,12.481965,37.873394,7,930
2025-07-09 23:44:00,12.481965,37.873394,7,930
2025-07-09 23:54:00,12.481965,37.873394,7,930
2025-07-10 00:04:00,12.481965,37.873394,7,930
2025-07-09 07:44:00,12.45519,37.86956,8,2520
2025-07-09 07:54:00,12.455538,37.86835,8,2520
2025-07-09 08:04:00,12.455891,37.86714,8,2520
2025-07-09 08:14:00,12.456228,37.865917,8,2520
2025-07-09 08:24:00,12.456565,37.86468,8,2520
2025-07-09 08:34:00,12.456739,37.86405,8,2520
2025-07-09 08:44:00,12.456739,37.86405,8,2520
2025-07-09 08:54:00,12.456739,37.86405,8,2520
2025-07-09 09:04:00,12.456739,37.86405,8,2520
2025-07-09 09:14:00,12.456739,37.86405,8,2520
2025-07-09 09:24:00,12.456739,37.86405,8,2520
2025-07-09 09:34:00,12.456739,37.86405,8,2520
2025-07-09 09:44:00,12.456739,37.86405,8,2520
2025-07-09 09:54:00,12.456739,37.86405,8,2520
2025-07-09 10:04:00,12.456739,37.86405,8,2520
2025-07-09 10:14:00,12.456739,37.86405,8,2520
2025-07-09 10:24:00,12.456739,37.86405,8,2520
2025-07-09 10:34:00,12.456739,37.86405,8,2520
2025-07-09 10:44:00,12.456739,37.86405,8,2520
2025-07-09 10:54:00,12.456739,37.86405,8,2520
2025-07-09 11:04:00,12.456739,37.86405,8,2520
2025-07-09 11:14:00,12.456739,37.86405,8,2520
2025-07-09 11:24:00,12.456739,37.86405,8,2520
2025-07-09 11:34:00,12.456739,37.86405,8,2520
2025-07-09 11:44:00,12.456739,37.86405,8,2520
2025-07-09 11:54:00,12.456739,37.86405,8,2520
2025-07-09 12:04:00,12.456739,37.86405,8,2520
2025-07-09 12:14:00,12.456739,37.86405,8,2520
2025-07-09 12:24:00,12.456739,37.86405,8,2520
2025-07-09 12:34:00,12.456739,37.86405,8,2520
2025-07-09 12:44:00,12.456739,37.86405,8,2520
2025-07-09 12:54:00,12.456739,37.86405,8,2520
2025-07-09 13:04:00,12.456739,37.86405,8,2520
2025-07-09 13:14:00,12.456739,37.86405,8,2520
2025-07-09 13:24:00,12.456739,37.86405,8,2520
2025-07-09 13:34:00,12.456739,37.86405,8,2520
2025-07-09 13:44:00,12.456739,37.86405,8,2520
2025-07-09 13:54:00,12.456739,37.86405,8,2520
2025-07-09 14:04:00,12.456739,37.86405,8,2520
2025-07-09 14:14:00,12.456739,37.86405,8,2520
2025-07-09 14:24:00,12.456739,37.86405,8,2520
2025-07-09 14:34:00,12.456739,37.86405,8,2520
2025-07-09 14:44:00,12.456739,37.86405,8,2520
2025-07-09 14:54:00,12.456739,37.86405,8,2520
2025-07-09 15:04:00,12.456739,37.86405,8,2520
2025-07-09 15:14:00,12.456739,37.86405,8,2520
2025-07-09 15:24:00,12.456739,37.86405,8,2520
2025-07-09 15:34:00,12.456739,37.86405,8,2520
2025-07-09 15:44:00,12.456739,37.86405,8,2520
2025-07-09 15:54:00,12.456739,37.86405,8,2520
2025-07-09 16:04:00,12.456739,37.86405,8,2520
2025-07-09 16:14:00,12.456739,37.86405,8,2520
2025-07-09 16:24:00,12.456739,37.86405,8,2520
2025-07-09 16:34:00,12.456739,37.86405,8,2520
2025-07-09 16:44:00,12.456739,37.86405,8,2520
2025-07-09 16:54:00,12.456739,37.86405,8,2520
2025-07-09 17:04:00,12.456739,37.86405,8,2520
2025-07-09 17:14:00,12.456739,37.86405,8,2520
2025-07-09 17:24:00,12.456739,37.86405,8,2520
2025-07-09 17:34:00,12.456739,37.86405,8,2520
2025-07-09 17:44:00,12.456739,37.86405,8,2520
2025-07-09 17:54:00,12.456739,37.86405,8,2520
2025-07-09 18:04:00,12.456739,37.86405,8,2520
2025-07-09 18:14:00,12.456739,37.86405,8,2520
2025-07-09 18:24:00,12.456739,37.86405,8,2520
2025-07-09 18:34:00,12.456739,37.86405,8,2520
2025-07-09 18:44:00,12.456739,37.86405,8,2520
2025-07-09 18:54:00,12.456739,37.86405,8,2520
2025-07-09 19:04:00,12.456739,37.86405,8,2520
2025-07-09 19:14:00,12.456739,37.86405,8,2520
2025-07-09 19:24:00,12.456739,37.86405,8,2520
2025-07-09 19:34:00,12.456739,37.86405,8,2520
2025-07-09 19:44:00,12.456739,37.86405,8,2520
2025-07-09 19:54:00,12.456739,37.86405,8,2520
2025-07-09 20:04:00,12.456739,37.86405,8,2520
2025-07-09 20:14:00,12.456739,37.86405,8,2520
2025-07-09 20:24:00,12.456739,37.86405,8,2520
2025-07-09 20:34:00,12.456739,37.86405,8,2520
2025-07-09 20:44:00,12.456739,37.86405,8,2520
2025-07-09 20:54:00,12.456739,37.86405,8,2520
2025-07-09 21:04:00,12.456739,37.86405,8,2520
2025-07-09 21:14:00,12.456739,37.86405,8,2520
2025-07-09 21:24:00,12.456739,37.86405,8,2520
2025-07-09 21:34:00,12.456739,37.86405,8,2520
2025-07-09 21:44:00,12.456739,37.86405,8,2520
2025-07-09 21:54:00,12.456739,37.86405,8,2520
2025-07-09 22:04:00,12.456739,37.86405,8,2520
2025-07-09 22:14:00,12.456739,37.86405,8,2520
2025-07-09 22:24:00,12.456739,37.86405,8,2520
2025-07-09 22:34:00,12.456739,37.86405,8,2520
2025-07-09 22:44:00,12.456739,37.86405,8,2520
2025-07-09 22:54:00,12.456739,37.86405,8,2520
2025-07-09 23:04:00,12.456739,37.86405,8,2520
2025-07-09 23:14:00,12.456739,37.86405,8,2520
2025-07-09 23:24:00,12.456739,37.86405,8,2520
2025-07-09 23:34:00,12.45682,37.86357,8,2520
2025-07-09 23:44:00,12.45682,37.86357,8,2520
2025-07-09 23:54:00,12.45682,37.86357,8,2520
2025-07-10 00:04:00,12.45682,37.86357,8,2520
2025-07-09 07:44:00,12.45545,37.86926,8,7520
2025-07-09 07:54:00,12.455807,37.86803,8,7520
2025-07-09 08:04:00,12.456161,37.866802,8,7520
2025-07-09 08:14:00,12.456495,37.865574,8,7520
2025-07-09 08:24:00,12.456839,37.86433,8,7520
2025-07-09 08:34:00,12.457228,37.86306,8,7520
2025-07-09 08:44:00,12.457667,37.861767,8,7520
2025-07-09 08:54:00,12.458039,37.860462,8,7520
2025-07-09 09:04:00,12.4583435,37.859173,8,7520
2025-07-09 09:14:00,12.458603,37.857853,8,7520
2025-07-09 09:24:00,12.458823,37.85644,8,7520
2025-07-09 09:34:00,12.45903,37.85489,8,7520
2025-07-09 09:44:00,12.459246,37.85323,8,7520
2025-07-09 09:54:00,12.4593935,37.85153,8,7520
2025-07-09 10:04:00,12.45942,37.84968,8,7520
2025-07-09 10:14:00,12.459343,37.847626,8,7520
2025-07-09 10:24:00,12.459286,37.845512,8,7520
2025-07-09 10:34:00,12.459269,37.84349,8,7520
2025-07-09 10:44:00,12.45932,37.841713,8,7520
2025-07-09 10:54:00,12.459467,37.8401,8,7520
2025-07-09 11:04:00,12.459691,37.8386,8,7520
2025-07-09 11:14:00,12.459999,37.83725,8,7520
2025-07-09 11:24:00,12.460365,37.835987,8,7520
2025-07-09 11:34:00,12.46078,37.834793,8,7520
2025-07-09 11:44:00,12.461219,37.83365,8,7520
2025-07-09 11:54:00,12.461686,37.83253,8,7520
2025-07-09 12:04:00,12.462187,37.831413,8,7520
2025-07-09 12:14:00,12.462674,37.830288,8,7520
2025-07-09 12:24:00,12.463126,37.82916,8,7520
2025-07-09 12:34:00,12.463517,37.828014,8,7520
2025-07-09 12:44:00,12.463837,37.82684,8,7520
2025-07-09 12:54:00,12.464072,37.825607,8,7520
2025-07-09 13:04:00,12.464173,37.824974,8,7520
2025-07-09 13:14:00,12.464173,37.824974,8,7520
2025-07-09 13:24:00,12.464173,37.824974,8,7520
2025-07-09 13:34:00,12.464173,37.824974,8,7520
2025-07-09 13:44:00,12.464173,37.824974,8,7520
2025-07-09 13:54:00,12.464173,37.824974,8,7520
2025-07-09 14:04:00,12.464173,37.824974,8,7520
2025-07-09 14:14:00,12.464173,37.824974,8,7520
2025-07-09 14:24:00,12.464173,37.824974,8,7520
2025-07-09 14:34:00,12.464173,37.824974,8,7520
2025-07-09 14:44:00,12.464173,37.824974,8,7520
2025-07-09 14:54:00,12.464173,37.824974,8,7520
2025-07-09 15:04:00,12.464173,37.824974,8,7520
2025-07-09 15:14:00,12.464173,37.824974,8,7520
2025-07-09 15:24:00,12.464173,37.824974,8,7520
2025-07-09 15:34:00,12.464173,37.824974,8,7520
2025-07-09 15:44:00,12.464173,37.824974,8,7520
2025-07-09 15:54:00,12.464173,37.824974,8,7520
2025-07-09 16:04:00,12.464173,37.824974,8,7520
2025-07-09 16:14:00,12.464173,37.824974,8,7520
2025-07-09 16:24:00,12.464173,37.824974,8,7520
2025-07-09 16:34:00,12.464173,37.824974,8,7520
2025-07-09 16:44:00,12.464173,37.824974,8,7520
2025-07-09 16:54:00,12.464173,37.824974,8,7520
2025-07-09 17:04:00,12.464173,37.824974,8,7520
2025-07-09 17:14:00,12.464173,37.824974,8,7520
2025-07-09 17:24:00,12.464173,37.824974,8,7520
2025-07-09 17:34:00,12.464173,37.824974,8,7520
2025-07-09 17:44:00,12.464173,37.824974,8,7520
2025-07-09 17:54:00,12.464173,37.824974,8,7520
2025-07-09 18:04:00,12.464173,37.824974,8,7520
2025-07-09 18:14:00,12.464173,37.824974,8,7520
2025-07-09 18:24:00,12.464173,37.824974,8,7520
2025-07-09 18:34:00,12.464173,37.824974,8,7520
2025-07-09 18:44:00,12.464173,37.824974,8,7520
2025-07-09 18:54:00,12.464173,37.824974,8,7520
2025-07-09 19:04:00,12.464173,37.824974,8,7520
2025-07-09 19:14:00,12.464173,37.824974,8,7520
2025-07-09 19:24:00,12.464173,37.824974,8,7520
2025-07-09 19:34:00,12.464173,37.824974,8,7520
2025-07-09 19:44:00,12.464173,37.824974,8,7520
2025-07-09 19:54:00,12.464173,37.824974,8,7520
2025-07-09 20:04:00,12.464173,37.824974,8,7520
2025-07-09 20:14:00,12.464173,37.824974,8,7520
2025-07-09 20:24:00,12.464173,37.824974,8,7520
2025-07-09 20:34:00,12.464173,37.824974,8,7520
2025-07-09 20:44:00,12.464173,37.824974,8,7520
2025-07-09 20:54:00,12.464173,37.824974,8,7520
2025-07-09 21:04:00,12.464173,37.824974,8,7520
2025-07-09 21:14:00,12.464173,37.824974,8,7520
2025-07-09 21:24:00,12.464173,37.824974,8,7520
2025-07-09 21:34:00,12.464173,37.824974,8,7520
2025-07-09 21:44:00,12.464173,37.824974,8,7520
2025-07-09 21:54:00,12.464173,37.824974,8,7520
2025-07-09 22:04:00,12.464173,37.824974,8,7520
2025-07-09 22:14:00,12.464173,37.824974,8,7520
2025-07-09 22:24:00,12.464173,37.824974,8,7520
2025-07-09 22:34:00,12.464173,37.824974,8,7520
2025-07-09 22:44:00,12.464173,37.824974,8,7520
2025-07-09 22:54:00,12.464173,37.824974,8,7520
2025-07-09 23:04:00,12.464173,37.824974,8,7520
2025-07-09 23:14:00,12.464173,37.824974,8,7520
2025-07-09 23:24:00,12.464173,37.824974,8,7520
2025-07-09 23:34:00,12.464173,37.824974,8,7520
2025-07-09 23:44:00,12.464173,37.824974,8,7520
2025-07-09 23:54:00,12.464173,37.824974,8,7520
2025-07-10 00:04:00,12.464214,37.824738,8,7520
2025-07-09 07:44:00,12.45552,37.86909,8,930
2025-07-09 07:54:00,12.455879,37.86786,8,930
2025-07-09 08:04:00,12.456229,37.86663,8,930
2025-07-09 08:14:00,12.456562,37.865402,8,930
2025-07-09 08:24:00,12.456906,37.86416,8,930
2025-07-09 08:34:00,12.457304,37.862885,8,930
2025-07-09 08:44:00,12.457739,37.861584,8,930
2025-07-09 08:54:00,12.458094,37.86028,8,930
2025-07-09 09:04:00,12.458392,37.858994,8,930
2025-07-09 09:14:00,12.458647,37.857666,8,930
2025-07-09 09:24:00,12.458868,37.856247,8,930
2025-07-09 09:34:00,12.459078,37.85468,8,930
2025-07-09 09:44:00,12.45929,37.853012,8,930
2025-07-09 09:54:00,12.459426,37.851307,8,930
2025-07-09 10:04:00,12.459435,37.84943,8,930
2025-07-09 10:14:00,12.459348,37.84735,8,930
2025-07-09 10:24:00,12.459302,37.84524,8,930
2025-07-09 10:34:00,12.459288,37.84324,8,930
2025-07-09 10:44:00,12.459352,37.841488,8,930
2025-07-09 10:54:00,12.459515,37.839878,8,930
2025-07-09 11:04:00,12.4597435,37.838398,8,930
2025-07-09 11:14:00,12.460053,37.837055,8,930
2025-07-09 11:24:00,12.460418,37.8358,8,930
2025-07-09 11:34:00,12.460833,37.834614,8,930
2025-07-09 11:44:00,12.461271,37.833473,8,930
2025-07-09 11:54:00,12.461741,37.83235,8,930
2025-07-09 12:04:00,12.462243,37.83123,8,930
2025-07-09 12:14:00,12.462729,37.830105,8,930
2025-07-09 12:24:00,12.463179,37.828976,8,930
2025-07-09 12:34:00,12.463562,37.827827,8,930
2025-07-09 12:44:00,12.46387,37.826645,8,930
2025-07-09 12:54:00,12.464096,37.825405,8,930
2025-07-09 13:04:00,12.464197,37.824768,8,930
2025-07-09 13:14:00,12.464197,37.824768,8,930
2025-07-09 13:24:00,12.464197,37.824768,8,930
2025-07-09 13:34:00,12.464197,37.824768,8,930
2025-07-09 13:44:00,12.464197,37.824768,8,930
2025-07-09 13:54:00,12.464197,37.824768,8,930
2025-07-09 14:04:00,12.464197,37.824768,8,930
2025-07-09 14:14:00,12.464197,37.824768,8,930
2025-07-09 14:24:00,12.464197,37.824768,8,930
2025-07-09 14:34:00,12.464197,37.824768,8,930
2025-07-09 14:44:00,12.464197,37.824768,8,930
2025-07-09 14:54:00,12.464197,37.824768,8,930
2025-07-09 15:04:00,12.464197,37.824768,8,930
2025-07-09 15:14:00,12.464197,37.824768,8,930
2025-07-09 15:24:00,12.464197,37.824768,8,930
2025-07-09 15:34:00,12.464197,37.824768,8,930
2025-07-09 15:44:00,12.464197,37.824768,8,930
2025-07-09 15:54:00,12.464197,37.824768,8,930
2025-07-09 16:04:00,12.464197,37.824768,8,930
2025-07-09 16:14:00,12.464197,37.824768,8,930
2025-07-09 16:24:00,12.464197,37.824768,8,930
2025-07-09 16:34:00,12.464197,37.824768,8,930
2025-07-09 16:44:00,12.464197,37.824768,8,930
2025-07-09 16:54:00,12.464197,37.824768,8,930
2025-07-09 17:04:00,12.464197,37.824768,8,930
2025-07-09 17:14:00,12.464197,37.824768,8,930
2025-07-09 17:24:00,12.464197,37.824768,8,930
2025-07-09 17:34:00,12.464197,37.824768,8,930
2025-07-09 17:44:00,12.464197,37.824768,8,930
2025-07-09 17:54:00,12.464197,37.824768,8,930
2025-07-09 18:04:00,12.464197,37.824768,8,930
2025-07-09 18:14:00,12.464197,37.824768,8,930
2025-07-09 18:24:00,12.464197,37.824768,8,930
2025-07-09 18:34:00,12.464197,37.824768,8,930
2025-07-09 18:44:00,12.464197,37.824768,8,930
2025-07-09 18:54:00,12.464197,37.824768,8,930
2025-07-09 19:04:00,12.464197,37.824768,8,930
2025-07-09 19:14:00,12.464197,37.824768,8,930
2025-07-09 19:24:00,12.464197,37.824768,8,930
2025-07-09 19:34:00,12.464197,37.824768,8,930
2025-07-09 19:44:00,12.464197,37.824768,8,930
2025-07-09 19:54:00,12.464197,37.824768,8,930
2025-07-09 20:04:00,12.464197,37.824768,8,930
2025-07-09 20:14:00,12.464197,37.824768,8,930
2025-07-09 20:24:00,12.464197,37.824768,8,930
2025-07-09 20:34:00,12.464197,37.824768,8,930
2025-07-09 20:44:00,12.464197,37.824768,8,930
2025-07-09 20:54:00,12.464197,37.824768,8,930
2025-07-09 21:04:00,12.464197,37.824768,8,930
2025-07-09 21:14:00,12.464197,37.824768,8,930
2025-07-09 21:24:00,12.464197,37.824768,8,930
2025-07-09 21:34:00,12.464197,37.824768,8,930
2025-07-09 21:44:00,12.464197,37.824768,8,930
2025-07-09 21:54:00,12.464197,37.824768,8,930
2025-07-09 22:04:00,12.464197,37.824768,8,930
2025-07-09 22:14:00,12.464197,37.824768,8,930
2025-07-09 22:24:00,12.464197,37.824768,8,930
2025-07-09 22:34:00,12.464197,37.824768,8,930
2025-07-09 22:44:00,12.464197,37.824768,8,930
2025-07-09 22:54:00,12.464197,37.824768,8,930
2025-07-09 23:04:00,12.464197,37.824768,8,930
2025-07-09 23:14:00,12.464197,37.824768,8,930
2025-07-09 23:24:00,12.464197,37.824768,8,930
2025-07-09 23:34:00,12.464197,37.824768,8,930
2025-07-09 23:44:00,12.464197,37.824768,8,930
2025-07-09 23:54:00,12.464197,37.824768,8,930
2025-07-10 00:04:00,12.464197,37.824768,8,930
2025-07-09 09:04:00,12.4523,37.87978,9,0530cnr
2025-07-09 09:14:00,12.452633,37.878902,9,0530cnr
2025-07-09 09:24:00,12.452986,37.878036,9,0530cnr
2025-07-09 09:34:00,12.453358,37.87712,9,0530cnr
2025-07-09 09:44:00,12.45375,37.876102,9,0530cnr
2025-07-09 09:54:00,12.454122,37.875023,9,0530cnr
2025-07-09 10:04:00,12.454494,37.873837,9,0530cnr
2025-07-09 10:14:00,12.45477,37.87254,9,0530cnr
2025-07-09 10:24:00,12.454898,37.871143,9,0530cnr
2025-07-09 10:34:00,12.455031,37.869766,9,0530cnr
2025-07-09 10:44:00,12.4552,37.868435,9,0530cnr
2025-07-09 10:54:00,12.4554,37.867138,9,0530cnr
2025-07-09 11:04:00,12.455615,37.865868,9,0530cnr
2025-07-09 11:14:00,12.455839,37.864616,9,0530cnr
2025-07-09 11:24:00,12.455951,37.863995,9,0530cnr
2025-07-09 11:34:00,12.455951,37.863995,9,0530cnr
2025-07-09 11:44:00,12.455951,37.863995,9,0530cnr
2025-07-09 11:54:00,12.455951,37.863995,9,0530cnr
2025-07-09 12:04:00,12.455951,37.863995,9,0530cnr
2025-07-09 12:14:00,12.455951,37.863995,9,0530cnr
2025-07-09 12:24:00,12.455951,37.863995,9,0530cnr
2025-07-09 12:34:00,12.455951,37.863995,9,0530cnr
2025-07-09 12:44:00,12.455951,37.863995,9,0530cnr
2025-07-09 12:54:00,12.455951,37.863995,9,0530cnr
2025-07-09 13:04:00,12.455951,37.863995,9,0530cnr
2025-07-09 13:14:00,12.455951,37.863995,9,0530cnr
2025-07-09 13:24:00,12.455951,37.863995,9,0530cnr
2025-07-09 13:34:00,12.455951,37.863995,9,0530cnr
2025-07-09 13:44:00,12.455951,37.863995,9,0530cnr
2025-07-09 13:54:00,12.455951,37.863995,9,0530cnr
2025-07-09 14:04:00,12.455951,37.863995,9,0530cnr
2025-07-09 14:14:00,12.455951,37.863995,9,0530cnr
2025-07-09 14:24:00,12.455951,37.863995,9,0530cnr
2025-07-09 14:34:00,12.455951,37.863995,9,0530cnr
2025-07-09 14:44:00,12.455951,37.863995,9,0530cnr
2025-07-09 14:54:00,12.455951,37.863995,9,0530cnr
2025-07-09 15:04:00,12.455951,37.863995,9,0530cnr
2025-07-09 15:14:00,12.455951,37.863995,9,0530cnr
2025-07-09 15:24:00,12.455951,37.863995,9,0530cnr
2025-07-09 15:34:00,12.455951,37.863995,9,0530cnr
2025-07-09 15:44:00,12.455951,37.863995,9,0530cnr
2025-07-09 15:54:00,12.455951,37.863995,9,0530cnr
2025-07-09 16:04:00,12.455951,37.863995,9,0530cnr
2025-07-09 16:14:00,12.455951,37.863995,9,0530cnr
2025-07-09 16:24:00,12.455951,37.863995,9,0530cnr
2025-07-09 16:34:00,12.455951,37.863995,9,0530cnr
2025-07-09 16:44:00,12.455951,37.863995,9,0530cnr
2025-07-09 16:54:00,12.455951,37.863995,9,0530cnr
2025-07-09 17:04:00,12.455951,37.863995,9,0530cnr
2025-07-09 17:14:00,12.455951,37.863995,9,0530cnr
2025-07-09 17:24:00,12.455951,37.863995,9,0530cnr
2025-07-09 17:34:00,12.455951,37.863995,9,0530cnr
2025-07-09 17:44:00,12.455951,37.863995,9,0530cnr
2025-07-09 17:54:00,12.455951,37.863995,9,0530cnr
2025-07-09 18:04:00,12.455951,37.863995,9,0530cnr
2025-07-09 18:14:00,12.455951,37.863995,9,0530cnr
2025-07-09 18:24:00,12.455951,37.863995,9,0530cnr
2025-07-09 18:34:00,12.455951,37.863995,9,0530cnr
2025-07-09 18:44:00,12.455951,37.863995,9,0530cnr
2025-07-09 18:54:00,12.455951,37.863995,9,0530cnr
2025-07-09 19:04:00,12.455951,37.863995,9,0530cnr
2025-07-09 19:14:00,12.455951,37.863995,9,0530cnr
2025-07-09 19:24:00,12.455951,37.863995,9,0530cnr
2025-07-09 19:34:00,12.455951,37.863995,9,0530cnr
2025-07-09 19:44:00,12.455951,37.863995,9,0530cnr
2025-07-09 19:54:00,12.455951,37.863995,9,0530cnr
2025-07-09 20:04:00,12.455951,37.863995,9,0530cnr
2025-07-09 20:14:00,12.455951,37.863995,9,0530cnr
2025-07-09 20:24:00,12.455951,37.863995,9,0530cnr
2025-07-09 20:34:00,12.455951,37.863995,9,0530cnr
2025-07-09 20:44:00,12.455951,37.863995,9,0530cnr
2025-07-09 20:54:00,12.455951,37.863995,9,0530cnr
2025-07-09 21:04:00,12.455951,37.863995,9,0530cnr
2025-07-09 21:14:00,12.455951,37.863995,9,0530cnr
2025-07-09 21:24:00,12.455951,37.863995,9,0530cnr
2025-07-09 21:34:00,12.455951,37.863995,9,0530cnr
2025-07-09 21:44:00,12.455951,37.863995,9,0530cnr
2025-07-09 21:54:00,12.455951,37.863995,9,0530cnr
2025-07-09 22:04:00,12.455951,37.863995,9,0530cnr
2025-07-09 22:14:00,12.455951,37.863995,9,0530cnr
2025-07-09 22:24:00,12.455951,37.863995,9,0530cnr
2025-07-09 22:34:00,12.455951,37.863995,9,0530cnr
2025-07-09 22:44:00,12.455951,37.863995,9,0530cnr
2025-07-09 22:54:00,12.455951,37.863995,9,0530cnr
2025-07-09 23:04:00,12.455951,37.863995,9,0530cnr
2025-07-09 23:14:00,12.455951,37.863995,9,0530cnr
2025-07-09 23:24:00,12.455951,37.863995,9,0530cnr
2025-07-09 23:34:00,12.455951,37.863995,9,0530cnr
2025-07-09 23:44:00,12.455951,37.863995,9,0530cnr
2025-07-09 23:54:00,12.455951,37.863995,9,0530cnr
2025-07-10 00:04:00,12.456008,37.86375,9,0530cnr
2025-07-09 09:04:00,12.45228,37.87985,9,3500cnr
2025-07-09 09:14:00,12.45261,37.87897,9,3500cnr
2025-07-09 09:24:00,12.45296,37.8781,9,3500cnr
2025-07-09 09:34:00,12.453329,37.87719,9,3500cnr
2025-07-09 09:44:00,12.453719,37.87618,9,3500cnr
2025-07-09 09:54:00,12.454091,37.875103,9,3500cnr
2025-07-09 10:04:00,12.454463,37.873928,9,3500cnr
2025-07-09 10:14:00,12.454752,37.87264,9,3500cnr
2025-07-09 10:24:00,12.454885,37.87124,9,3500cnr
2025-07-09 10:34:00,12.455014,37.86986,9,3500cnr
2025-07-09 10:44:00,12.455181,37.86853,9,3500cnr
2025-07-09 10:54:00,12.4553795,37.867233,9,3500cnr
2025-07-09 11:04:00,12.455593,37.86596,9,3500cnr
2025-07-09 11:14:00,12.455818,37.864708,9,3500cnr
2025-07-09 11:24:00,12.455931,37.86409,9,3500cnr
2025-07-09 11:34:00,12.455931,37.86409,9,3500cnr
2025-07-09 11:44:00,12.455931,37.86409,9,3500cnr
2025-07-09 11:54:00,12.455931,37.86409,9,3500cnr
2025-07-09 12:04:00,12.455931,37.86409,9,3500cnr
2025-07-09 12:14:00,12.455931,37.86409,9,3500cnr
2025-07-09 12:24:00,12.455931,37.86409,9,3500cnr
2025-07-09 12:34:00,12.455931,37.86409,9,3500cnr
2025-07-09 12:44:00,12.455931,37.86409,9,3500cnr
2025-07-09 12:54:00,12.455931,37.86409,9,3500cnr
2025-07-09 13:04:00,12.455931,37.86409,9,3500cnr
2025-07-09 13:14:00,12.455931,37.86409,9,3500cnr
2025-07-09 13:24:00,12.455931,37.86409,9,3500cnr
2025-07-09 13:34:00,12.455931,37.86409,9,3500cnr
2025-07-09 13:44:00,12.455931,37.86409,9,3500cnr
2025-07-09 13:54:00,12.455931,37.86409,9,3500cnr
2025-07-09 14:04:00,12.455931,37.86409,9,3500cnr
2025-07-09 14:14:00,12.455931,37.86409,9,3500cnr
2025-07-09 14:24:00,12.455931,37.86409,9,3500cnr
2025-07-09 14:34:00,12.455931,37.86409,9,3500cnr
2025-07-09 14:44:00,12.455931,37.86409,9,3500cnr
2025-07-09 14:54:00,12.455931,37.86409,9,3500cnr
2025-07-09 15:04:00,12.455931,37.86409,9,3500cnr
2025-07-09 15:14:00,12.455931,37.86409,9,3500cnr
2025-07-09 15:24:00,12.455931,37.86409,9,3500cnr
2025-07-09 15:34:00,12.455931,37.86409,9,3500cnr
2025-07-09 15:44:00,12.455931,37.86409,9,3500cnr
2025-07-09 15:54:00,12.455931,37.86409,9,3500cnr
2025-07-09 16:04:00,12.455931,37.86409,9,3500cnr
2025-07-09 16:14:00,12.455931,37.86409,9,3500cnr
2025-07-09 16:24:00,12.455931,37.86409,9,3500cnr
2025-07-09 16:34:00,12.455931,37.86409,9,3500cnr
2025-07-09 16:44:00,12.455931,37.86409,9,3500cnr
2025-07-09 16:54:00,12.455931,37.86409,9,3500cnr
2025-07-09 17:04:00,12.455931,37.86409,9,3500cnr
2025-07-09 17:14:00,12.455931,37.86409,9,3500cnr
2025-07-09 17:24:00,12.455931,37.86409,9,3500cnr
2025-07-09 17:34:00,12.455931,37.86409,9,3500cnr
2025-07-09 17:44:00,12.455931,37.86409,9,3500cnr
2025-07-09 17:54:00,12.455931,37.86409,9,3500cnr
2025-07-09 18:04:00,12.455931,37.86409,9,3500cnr
2025-07-09 18:14:00,12.455931,37.86409,9,3500cnr
2025-07-09 18:24:00,12.455931,37.86409,9,3500cnr
2025-07-09 18:34:00,12.455931,37.86409,9,3500cnr
2025-07-09 18:44:00,12.455931,37.86409,9,3500cnr
2025-07-09 18:54:00,12.455931,37.86409,9,3500cnr
2025-07-09 19:04:00,12.455931,37.86409,9,3500cnr
2025-07-09 19:14:00,12.455931,37.86409,9,3500cnr
2025-07-09 19:24:00,12.455931,37.86409,9,3500cnr
2025-07-09 19:34:00,12.455931,37.86409,9,3500cnr
2025-07-09 19:44:00,12.455931,37.86409,9,3500cnr
2025-07-09 19:54:00,12.455931,37.86409,9,3500cnr
2025-07-09 20:04:00,12.455931,37.86409,9,3500cnr
2025-07-09 20:14:00,12.455931,37.86409,9,3500cnr
2025-07-09 20:24:00,12.455931,37.86409,9,3500cnr
2025-07-09 20:34:00,12.455931,37.86409,9,3500cnr
2025-07-09 20:44:00,12.455931,37.86409,9,3500cnr
2025-07-09 20:54:00,12.455931,37.86409,9,3500cnr
2025-07-09 21:04:00,12.455931,37.86409,9,3500cnr
2025-07-09 21:14:00,12.455931,37.86409,9,3500cnr
2025-07-09 21:24:00,12.455931,37.86409,9,3500cnr
2025-07-09 21:34:00,12.455931,37.86409,9,3500cnr
2025-07-09 21:44:00,12.455931,37.86409,9,3500cnr
2025-07-09 21:54:00,12.455931,37.86409,9,3500cnr
2025-07-09 22:04:00,12.455931,37.86409,9,3500cnr
2025-07-09 22:14:00,12.455931,37.86409,9,3500cnr
2025-07-09 22:24:00,12.455931,37.86409,9,3500cnr
2025-07-09 22:34:00,12.455931,37.86409,9,3500cnr
2025-07-09 22:44:00,12.455931,37.86409,9,3500cnr
2025-07-09 22:54:00,12.455931,37.86409,9,3500cnr
2025-07-09 23:04:00,12.455931,37.86409,9,3500cnr
2025-07-09 23:14:00,12.455931,37.86409,9,3500cnr
2025-07-09 23:24:00,12.455931,37.86409,9,3500cnr
2025-07-09 23:34:00,12.455931,37.86409,9,3500cnr
2025-07-09 23:44:00,12.455931,37.86409,9,3500cnr
2025-07-09 23:54:00,12.455931,37.86409,9,3500cnr
2025-07-10 00:04:00,12.455987,37.863846,9,3500cnr
2025-07-09 09:14:00,12.44895,37.88977,10,1520
2025-07-09 09:24:00,12.449411,37.88878,10,1520
2025-07-09 09:34:00,12.449902,37.887768,10,1520
2025-07-09 09:44:00,12.450295,37.886745,10,1520
2025-07-09 09:54:00,12.450535,37.885807,10,1520
2025-07-09 10:04:00,12.450876,37.884872,10,1520
2025-07-09 10:14:00,12.45138,37.883923,10,1520
2025-07-09 10:24:00,12.451789,37.883007,10,1520
2025-07-09 10:34:00,12.452087,37.882076,10,1520
2025-07-09 10:44:00,12.4523535,37.881092,10,1520
2025-07-09 10:54:00,12.452556,37.880142,10,1520
2025-07-09 11:04:00,12.452736,37.87922,10,1520
2025-07-09 11:14:00,12.452949,37.87831,10,1520
2025-07-09 11:24:00,12.453188,37.877388,10,1520
2025-07-09 11:34:00,12.453481,37.8764,10,1520
2025-07-09 11:44:00,12.453804,37.875378,10,1520
2025-07-09 11:54:00,12.454175,37.87432,10,1520
2025-07-09 12:04:00,12.454581,37.873222,10,1520
2025-07-09 12:14:00,12.454926,37.872124,10,1520
2025-07-09 12:24:00,12.455258,37.871037,10,1520
2025-07-09 12:34:00,12.455618,37.869972,10,1520
2025-07-09 12:44:00,12.455979,37.868908,10,1520
2025-07-09 12:54:00,12.456291,37.867844,10,1520
2025-07-09 13:04:00,12.456543,37.866776,10,1520
2025-07-09 13:14:00,12.456703,37.8657,10,1520
2025-07-09 13:24:00,12.456783,37.864586,10,1520
2025-07-09 13:34:00,12.456803,37.864014,10,1520
2025-07-09 13:44:00,12.456803,37.864014,10,1520
2025-07-09 13:54:00,12.456803,37.864014,10,1520
2025-07-09 14:04:00,12.456803,37.864014,10,1520
2025-07-09 14:14:00,12.456803,37.864014,10,1520
2025-07-09 14:24:00,12.456803,37.864014,10,1520
2025-07-09 14:34:00,12.456803,37.864014,10,1520
2025-07-09 14:44:00,12.456803,37.864014,10,1520
2025-07-09 14:54:00,12.456803,37.864014,10,1520
2025-07-09 15:04:00,12.456803,37.864014,10,1520
2025-07-09 15:14:00,12.456803,37.864014,10,1520
2025-07-09 15:24:00,12.456803,37.864014,10,1520
2025-07-09 15:34:00,12.456803,37.864014,10,1520
2025-07-09 15:44:00,12.456803,37.864014,10,1520
2025-07-09 15:54:00,12.456803,37.864014,10,1520
2025-07-09 16:04:00,12.456803,37.864014,10,1520
2025-07-09 16:14:00,12.456803,37.864014,10,1520
2025-07-09 16:24:00,12.456803,37.864014,10,1520
2025-07-09 16:34:00,12.456803,37.864014,10,1520
2025-07-09 16:44:00,12.456803,37.864014,10,1520
2025-07-09 16:54:00,12.456803,37.864014,10,1520
2025-07-09 17:04:00,12.456803,37.864014,10,1520
2025-07-09 17:14:00,12.456803,37.864014,10,1520
2025-07-09 17:24:00,12.456803,37.864014,10,1520
2025-07-09 17:34:00,12.456803,37.864014,10,1520
2025-07-09 17:44:00,12.456803,37.864014,10,1520
2025-07-09 17:54:00,12.456803,37.864014,10,1520
2025-07-09 18:04:00,12.456803,37.864014,10,1520
2025-07-09 18:14:00,12.456803,37.864014,10,1520
2025-07-09 18:24:00,12.456803,37.864014,10,1520
2025-07-09 18:34:00,12.456803,37.864014,10,1520
2025-07-09 18:44:00,12.456803,37.864014,10,1520
2025-07-09 18:54:00,12.456803,37.864014,10,1520
2025-07-09 19:04:00,12.456803,37.864014,10,1520
2025-07-09 19:14:00,12.456803,37.864014,10,1520
2025-07-09 19:24:00,12.456803,37.864014,10,1520
2025-07-09 19:34:00,12.456803,37.864014,10,1520
2025-07-09 19:44:00,12.456803,37.864014,10,1520
2025-07-09 19:54:00,12.456803,37.864014,10,1520
2025-07-09 20:04:00,12.456803,37.864014,10,1520
2025-07-09 20:14:00,12.456803,37.864014,10,1520
2025-07-09 20:24:00,12.456803,37.864014,10,1520
2025-07-09 20:34:00,12.456803,37.864014,10,1520
2025-07-09 20:44:00,12.456803,37.864014,10,1520
2025-07-09 20:54:00,12.456803,37.864014,10,1520
2025-07-09 21:04:00,12.456803,37.864014,10,1520
2025-07-09 21:14:00,12.456803,37.864014,10,1520
2025-07-09 21:24:00,12.456803,37.864014,10,1520
2025-07-09 21:34:00,12.456803,37.864014,10,1520
2025-07-09 21:44:00,12.456803,37.864014,10,1520
2025-07-09 21:54:00,12.456803,37.864014,10,1520
2025-07-09 22:04:00,12.456803,37.864014,10,1520
2025-07-09 22:14:00,12.456803,37.864014,10,1520
2025-07-09 22:24:00,12.456803,37.864014,10,1520
2025-07-09 22:34:00,12.456803,37.864014,10,1520
2025-07-09 22:44:00,12.456803,37.864014,10,1520
2025-07-09 22:54:00,12.456803,37.864014,10,1520
2025-07-09 23:04:00,12.456803,37.864014,10,1520
2025-07-09 23:14:00,12.456885,37.86351,10,1520
2025-07-09 23:24:00,12.456885,37.86351,10,1520
2025-07-09 23:34:00,12.456885,37.86351,10,1520
2025-07-09 23:44:00,12.456885,37.86351,10,1520
2025-07-09 23:54:00,12.456885,37.86351,10,1520
2025-07-10 00:04:00,12.456885,37.86351,10,1520
2025-07-09 09:14:00,12.44899,37.88976,10,540
2025-07-09 09:24:00,12.449452,37.888767,10,540
2025-07-09 09:34:00,12.4499445,37.887753,10,540
2025-07-09 09:44:00,12.450337,37.886734,10,540
2025-07-09 09:54:00,12.450578,37.885796,10,540
2025-07-09 10:04:00,12.450921,37.884865,10,540
2025-07-09 10:14:00,12.451416,37.883923,10,540
2025-07-09 10:24:00,12.451815,37.883015,10,540
2025-07-09 10:34:00,12.452111,37.882084,10,540
2025-07-09 10:44:00,12.452376,37.8811,10,540
2025-07-09 10:54:00,12.4525795,37.880146,10,540
2025-07-09 11:04:00,12.452761,37.879223,10,540
2025-07-09 11:14:00,12.452974,37.87831,10,540
2025-07-09 11:24:00,12.453214,37.877388,10,540
2025-07-09 11:34:00,12.453506,37.876396,10,540
2025-07-09 11:44:00,12.453829,37.875378,10,540
2025-07-09 11:54:00,12.454199,37.874317,10,540
2025-07-09 12:04:00,12.454603,37.873222,10,540
2025-07-09 12:14:00,12.4549465,37.872124,10,540
2025-07-09 12:24:00,12.45528,37.871037,10,540
2025-07-09 12:34:00,12.45564,37.869972,10,540
2025-07-09 12:44:00,12.456002,37.868908,10,540
2025-07-09 12:54:00,12.456314,37.867844,10,540
2025-07-09 13:04:00,12.456565,37.866776,10,540
2025-07-09 13:14:00,12.456724,37.8657,10,540
2025-07-09 13:24:00,12.456803,37.864586,10,540
2025-07-09 13:34:00,12.456823,37.864014,10,540
2025-07-09 13:44:00,12.456823,37.864014,10,540
2025-07-09 13:54:00,12.456823,37.864014,10,540
2025-07-09 14:04:00,12.456823,37.864014,10,540
2025-07-09 14:14:00,12.456823,37.864014,10,540
2025-07-09 14:24:00,12.456823,37.864014,10,540
2025-07-09 14:34:00,12.456823,37.864014,10,540
2025-07-09 14:44:00,12.456823,37.864014,10,540
2025-07-09 14:54:00,12.456823,37.864014,10,540
2025-07-09 15:04:00,12.456823,37.864014,10,540
2025-07-09 15:14:00,12.456823,37.864014,10,540
2025-07-09 15:24:00,12.456823,37.864014,10,540
2025-07-09 15:34:00,12.456823,37.864014,10,540
2025-07-09 15:44:00,12.456823,37.864014,10,540
2025-07-09 15:54:00,12.456823,37.864014,10,540
2025-07-09 16:04:00,12.456823,37.864014,10,540
2025-07-09 16:14:00,12.456823,37.864014,10,540
2025-07-09 16:24:00,12.456823,37.864014,10,540
2025-07-09 16:34:00,12.456823,37.864014,10,540
2025-07-09 16:44:00,12.456823,37.864014,10,540
2025-07-09 16:54:00,12.456823,37.864014,10,540
2025-07-09 17:04:00,12.456823,37.864014,10,540
2025-07-09 17:14:00,12.456823,37.864014,10,540
2025-07-09 17:24:00,12.456823,37.864014,10,540
2025-07-09 17:34:00,12.456823,37.864014,10,540
2025-07-09 17:44:00,12.456823,37.864014,10,540
2025-07-09 17:54:00,12.456823,37.864014,10,540
2025-07-09 18:04:00,12.456823,37.864014,10,540
2025-07-09 18:14:00,12.456823,37.864014,10,540
2025-07-09 18:24:00,12.456823,37.864014,10,540
2025-07-09 18:34:00,12.456823,37.864014,10,540
2025-07-09 18:44:00,12.456823,37.864014,10,540
2025-07-09 18:54:00,12.456823,37.864014,10,540
2025-07-09 19:04:00,12.456823,37.864014,10,540
2025-07-09 19:14:00,12.456823,37.864014,10,540
2025-07-09 19:24:00,12.456823,37.864014,10,540
2025-07-09 19:34:00,12.456823,37.864014,10,540
2025-07-09 19:44:00,12.456823,37.864014,10,540
2025-07-09 19:54:00,12.456823,37.864014,10,540
2025-07-09 20:04:00,12.456823,37.864014,10,540
2025-07-09 20:14:00,12.456823,37.864014,10,540
2025-07-09 20:24:00,12.456823,37.864014,10,540
2025-07-09 20:34:00,12.456823,37.864014,10,540
2025-07-09 20:44:00,12.456823,37.864014,10,540
2025-07-09 20:54:00,12.456823,37.864014,10,540
2025-07-09 21:04:00,12.456823,37.864014,10,540
2025-07-09 21:14:00,12.456823,37.864014,10,540
2025-07-09 21:24:00,12.456823,37.864014,10,540
2025-07-09 21:34:00,12.456823,37.864014,10,540
2025-07-09 21:44:00,12.456823,37.864014,10,540
2025-07-09 21:54:00,12.456823,37.864014,10,540
2025-07-09 22:04:00,12.456823,37.864014,10,540
2025-07-09 22:14:00,12.456823,37.864014,10,540
2025-07-09 22:24:00,12.456823,37.864014,10,540
2025-07-09 22:34:00,12.456823,37.864014,10,540
2025-07-09 22:44:00,12.456823,37.864014,10,540
2025-07-09 22:54:00,12.456823,37.864014,10,540
2025-07-09 23:04:00,12.456904,37.863495,10,540
2025-07-09 23:14:00,12.456904,37.863495,10,540
2025-07-09 23:24:00,12.456904,37.863495,10,540
2025-07-09 23:34:00,12.456904,37.863495,10,540
2025-07-09 23:44:00,12.456904,37.863495,10,540
2025-07-09 23:54:00,12.456904,37.863495,10,540
2025-07-10 00:04:00,12.456904,37.863495,10,540
2025-07-09 09:24:00,12.449286,37.88918,10,7510
2025-07-09 09:34:00,12.449759,37.888176,10,7510
2025-07-09 09:44:00,12.450215,37.88714,10,7510
2025-07-09 09:54:00,12.450511,37.886177,10,7510
2025-07-09 10:04:00,12.450769,37.88526,10,7510
2025-07-09 10:14:00,12.4512205,37.884315,10,7510
2025-07-09 10:24:00,12.451676,37.883396,10,7510
2025-07-09 10:34:00,12.451994,37.88248,10,7510
2025-07-09 10:44:00,12.452272,37.88151,10,7510
2025-07-09 10:54:00,12.452493,37.88055,10,7510
2025-07-09 11:04:00,12.452673,37.879616,10,7510
2025-07-09 11:14:00,12.452879,37.8787,10,7510
2025-07-09 11:24:00,12.453113,37.877785,10,7510
2025-07-09 11:34:00,12.453384,37.876823,10,7510
2025-07-09 11:44:00,12.453698,37.875824,10,7510
2025-07-09 11:54:00,12.454042,37.8748,10,7510
2025-07-09 12:04:00,12.454449,37.87373,10,7510
2025-07-09 12:14:00,12.454818,37.87264,10,7510
2025-07-09 12:24:00,12.455149,37.87155,10,7510
2025-07-09 12:34:00,12.455499,37.870487,10,7510
2025-07-09 12:44:00,12.45587,37.86943,10,7510
2025-07-09 12:54:00,12.456209,37.86837,10,7510
2025-07-09 13:04:00,12.456487,37.86731,10,7510
2025-07-09 13:14:00,12.456675,37.86623,10,7510
2025-07-09 13:24:00,12.456761,37.86513,10,7510
2025-07-09 13:34:00,12.45679,37.863987,10,7510
2025-07-09 13:44:00,12.45679,37.863987,10,7510
2025-07-09 13:54:00,12.45679,37.863987,10,7510
2025-07-09 14:04:00,12.45679,37.863987,10,7510
2025-07-09 14:14:00,12.45679,37.863987,10,7510
2025-07-09 14:24:00,12.45679,37.863987,10,7510
2025-07-09 14:34:00,12.45679,37.863987,10,7510
2025-07-09 14:44:00,12.45679,37.863987,10,7510
2025-07-09 14:54:00,12.45679,37.863987,10,7510
2025-07-09 15:04:00,12.45679,37.863987,10,7510
2025-07-09 15:14:00,12.45679,37.863987,10,7510
2025-07-09 15:24:00,12.45679,37.863987,10,7510
2025-07-09 15:34:00,12.45679,37.863987,10,7510
2025-07-09 15:44:00,12.45679,37.863987,10,7510
2025-07-09 15:54:00,12.45679,37.863987,10,7510
2025-07-09 16:04:00,12.45679,37.863987,10,7510
2025-07-09 16:14:00,12.45679,37.863987,10,7510
2025-07-09 16:24:00,12.45679,37.863987,10,7510
2025-07-09 16:34:00,12.45679,37.863987,10,7510
2025-07-09 16:44:00,12.45679,37.863987,10,7510
2025-07-09 16:54:00,12.45679,37.863987,10,7510
2025-07-09 17:04:00,12.45679,37.863987,10,7510
2025-07-09 17:14:00,12.45679,37.863987,10,7510
2025-07-09 17:24:00,12.45679,37.863987,10,7510
2025-07-09 17:34:00,12.45679,37.863987,10,7510
2025-07-09 17:44:00,12.45679,37.863987,10,7510
2025-07-09 17:54:00,12.45679,37.863987,10,7510
2025-07-09 18:04:00,12.45679,37.863987,10,7510
2025-07-09 18:14:00,12.45679,37.863987,10,7510
2025-07-09 18:24:00,12.45679,37.863987,10,7510
2025-07-09 18:34:00,12.45679,37.863987,10,7510
2025-07-09 18:44:00,12.45679,37.863987,10,7510
2025-07-09 18:54:00,12.45679,37.863987,10,7510
2025-07-09 19:04:00,12.45679,37.863987,10,7510
2025-07-09 19:14:00,12.45679,37.863987,10,7510
2025-07-09 19:24:00,12.45679,37.863987,10,7510
2025-07-09 19:34:00,12.45679,37.863987,10,7510
2025-07-09 19:44:00,12.45679,37.863987,10,7510
2025-07-09 19:54:00,12.45679,37.863987,10,7510
2025-07-09 20:04:00,12.45679,37.863987,10,7510
2025-07-09 20:14:00,12.45679,37.863987,10,7510
2025-07-09 20:24:00,12.45679,37.863987,10,7510
2025-07-09 20:34:00,12.45679,37.863987,10,7510
2025-07-09 20:44:00,12.45679,37.863987,10,7510
2025-07-09 20:54:00,12.45679,37.863987,10,7510
2025-07-09 21:04:00,12.45679,37.863987,10,7510
2025-07-09 21:14:00,12.45679,37.863987,10,7510
2025-07-09 21:24:00,12.45679,37.863987,10,7510
2025-07-09 21:34:00,12.45679,37.863987,10,7510
2025-07-09 21:44:00,12.45679,37.863987,10,7510
2025-07-09 21:54:00,12.45679,37.863987,10,7510
2025-07-09 22:04:00,12.45679,37.863987,10,7510
2025-07-09 22:14:00,12.45679,37.863987,10,7510
2025-07-09 22:24:00,12.45679,37.863987,10,7510
2025-07-09 22:34:00,12.45679,37.863987,10,7510
2025-07-09 22:44:00,12.45679,37.863987,10,7510
2025-07-09 22:54:00,12.45679,37.863987,10,7510
2025-07-09 23:04:00,12.45679,37.863987,10,7510
2025-07-09 23:14:00,12.45679,37.863987,10,7510
2025-07-09 23:24:00,12.45679,37.863987,10,7510
2025-07-09 23:34:00,12.45679,37.863987,10,7510
2025-07-09 23:44:00,12.456877,37.863518,10,7510
2025-07-09 23:54:00,12.456877,37.863518,10,7510
2025-07-10 00:04:00,12.456877,37.863518,10,7510
2025-07-09 11:54:00,12.458504,37.872253,11,2520
2025-07-09 12:04:00,12.45876,37.871067,11,2520
2025-07-09 12:14:00,12.459072,37.869865,11,2520
2025-07-09 12:24:00,12.459405,37.868645,11,2520
2025-07-09 12:34:00,12.459717,37.86744,11,2520
2025-07-09 12:44:00,12.459963,37.866276,11,2520
2025-07-09 12:54:00,12.460133,37.865177,11,2520
2025-07-09 13:04:00,12.460283,37.864147,11,2520
2025-07-09 13:14:00,12.460406,37.86316,11,2520
2025-07-09 13:24:00,12.460528,37.86217,11,2520
2025-07-09 13:34:00,12.46066,37.861176,11,2520
2025-07-09 13:44:00,12.46081,37.860157,11,2520
2025-07-09 13:54:00,12.460983,37.859097,11,2520
2025-07-09 14:04:00,12.461155,37.857975,11,2520
2025-07-09 14:14:00,12.4613085,37.856766,11,2520
2025-07-09 14:24:00,12.461408,37.855453,11,2520
2025-07-09 14:34:00,12.461379,37.854107,11,2520
2025-07-09 14:44:00,12.461221,37.852814,11,2520
2025-07-09 14:54:00,12.460982,37.85161,11,2520
2025-07-09 15:04:00,12.460716,37.850456,11,2520
2025-07-09 15:14:00,12.4605255,37.84945,11,2520
2025-07-09 15:24:00,12.460418,37.848633,11,2520
2025-07-09 15:34:00,12.4603815,37.848,11,2520
2025-07-09 15:44:00,12.460379,37.84742,11,2520
2025-07-09 15:54:00,12.460391,37.846825,11,2520
2025-07-09 16:04:00,12.460411,37.84621,11,2520
2025-07-09 16:14:00,12.46044,37.84555,11,2520
2025-07-09 16:24:00,12.460499,37.84484,11,2520
2025-07-09 16:34:00,12.460589,37.84407,11,2520
2025-07-09 16:44:00,12.460641,37.843655,11,2520
2025-07-09 16:54:00,12.460641,37.843655,11,2520
2025-07-09 17:04:00,12.460641,37.843655,11,2520
2025-07-09 17:14:00,12.460641,37.843655,11,2520
2025-07-09 17:24:00,12.460641,37.843655,11,2520
2025-07-09 17:34:00,12.460641,37.843655,11,2520
2025-07-09 17:44:00,12.460641,37.843655,11,2520
2025-07-09 17:54:00,12.460641,37.843655,11,2520
2025-07-09 18:04:00,12.460641,37.843655,11,2520
2025-07-09 18:14:00,12.460641,37.843655,11,2520
2025-07-09 18:24:00,12.460641,37.843655,11,2520
2025-07-09 18:34:00,12.460641,37.843655,11,2520
2025-07-09 18:44:00,12.460641,37.843655,11,2520
2025-07-09 18:54:00,12.460641,37.843655,11,2520
2025-07-09 19:04:00,12.460641,37.843655,11,2520
2025-07-09 19:14:00,12.460641,37.843655,11,2520
2025-07-09 19:24:00,12.460641,37.843655,11,2520
2025-07-09 19:34:00,12.460641,37.843655,11,2520
2025-07-09 19:44:00,12.460641,37.843655,11,2520
2025-07-09 19:54:00,12.460641,37.843655,11,2520
2025-07-09 20:04:00,12.460641,37.843655,11,2520
2025-07-09 20:14:00,12.460641,37.843655,11,2520
2025-07-09 20:24:00,12.460641,37.843655,11,2520
2025-07-09 20:34:00,12.460641,37.843655,11,2520
2025-07-09 20:44:00,12.460641,37.843655,11,2520
2025-07-09 20:54:00,12.460641,37.843655,11,2520
2025-07-09 21:04:00,12.460641,37.843655,11,2520
2025-07-09 21:14:00,12.460641,37.843655,11,2520
2025-07-09 21:24:00,12.460641,37.843655,11,2520
2025-07-09 21:34:00,12.460641,37.843655,11,2520
2025-07-09 21:44:00,12.460641,37.843655,11,2520
2025-07-09 21:54:00,12.460641,37.843655,11,2520
2025-07-09 22:04:00,12.460641,37.843655,11,2520
2025-07-09 22:14:00,12.460641,37.843655,11,2520
2025-07-09 22:24:00,12.460641,37.843655,11,2520
2025-07-09 22:34:00,12.460641,37.843655,11,2520
2025-07-09 22:44:00,12.460641,37.843655,11,2520
2025-07-09 22:54:00,12.460641,37.843655,11,2520
2025-07-09 23:04:00,12.460641,37.843655,11,2520
2025-07-09 23:14:00,12.460641,37.843655,11,2520
2025-07-09 23:24:00,12.460641,37.843655,11,2520
2025-07-09 23:34:00,12.460641,37.843655,11,2520
2025-07-09 23:44:00,12.460641,37.843655,11,2520
2025-07-09 23:54:00,12.460641,37.843655,11,2520
2025-07-10 00:04:00,12.460641,37.843655,11,2520
2025-07-09 11:54:00,12.458508,37.872055,11,6250
2025-07-09 12:04:00,12.458773,37.870865,11,6250
2025-07-09 12:14:00,12.459092,37.86966,11,6250
2025-07-09 12:24:00,12.459422,37.868443,11,6250
2025-07-09 12:34:00,12.459725,37.86724,11,6250
2025-07-09 12:44:00,12.459959,37.86609,11,6250
2025-07-09 12:54:00,12.460123,37.864998,11,6250
2025-07-09 13:04:00,12.460273,37.86398,11,6250
2025-07-09 13:14:00,12.460401,37.862995,11,6250
2025-07-09 13:24:00,12.46053,37.862007,11,6250
2025-07-09 13:34:00,12.460671,37.86101,11,6250
2025-07-09 13:44:00,12.460834,37.85999,11,6250
2025-07-09 13:54:00,12.461014,37.85892,11,6250
2025-07-09 14:04:00,12.46119,37.85779,11,6250
2025-07-09 14:14:00,12.461343,37.856575,11,6250
2025-07-09 14:24:00,12.461436,37.85526,11,6250
2025-07-09 14:34:00,12.461392,37.853916,11,6250
2025-07-09 14:44:00,12.461228,37.85264,11,6250
2025-07-09 14:54:00,12.460986,37.851444,11,6250
2025-07-09 15:04:00,12.460728,37.8503,11,6250
2025-07-09 15:14:00,12.460544,37.849297,11,6250
2025-07-09 15:24:00,12.46044,37.848484,11,6250
2025-07-09 15:34:00,12.460409,37.84786,11,6250
2025-07-09 15:44:00,12.460409,37.847282,11,6250
2025-07-09 15:54:00,12.460423,37.84669,11,6250
2025-07-09 16:04:00,12.460445,37.846073,11,6250
2025-07-09 16:14:00,12.460478,37.845413,11,6250
2025-07-09 16:24:00,12.460544,37.8447,11,6250
2025-07-09 16:34:00,12.46064,37.84392,11,6250
2025-07-09 16:44:00,12.46064,37.84392,11,6250
2025-07-09 16:54:00,12.46064,37.84392,11,6250
2025-07-09 17:04:00,12.46064,37.84392,11,6250
2025-07-09 17:14:00,12.46064,37.84392,11,6250
2025-07-09 17:24:00,12.46064,37.84392,11,6250
2025-07-09 17:34:00,12.46064,37.84392,11,6250
2025-07-09 17:44:00,12.46064,37.84392,11,6250
2025-07-09 17:54:00,12.46064,37.84392,11,6250
2025-07-09 18:04:00,12.46064,37.84392,11,6250
2025-07-09 18:14:00,12.46064,37.84392,11,6250
2025-07-09 18:24:00,12.46064,37.84392,11,6250
2025-07-09 18:34:00,12.46064,37.84392,11,6250
2025-07-09 18:44:00,12.46064,37.84392,11,6250
2025-07-09 18:54:00,12.46064,37.84392,11,6250
2025-07-09 19:04:00,12.46064,37.84392,11,6250
2025-07-09 19:14:00,12.46064,37.84392,11,6250
2025-07-09 19:24:00,12.46064,37.84392,11,6250
2025-07-09 19:34:00,12.46064,37.84392,11,6250
2025-07-09 19:44:00,12.46064,37.84392,11,6250
2025-07-09 19:54:00,12.46064,37.84392,11,6250
2025-07-09 20:04:00,12.46064,37.84392,11,6250
2025-07-09 20:14:00,12.46064,37.84392,11,6250
2025-07-09 20:24:00,12.46064,37.84392,11,6250
2025-07-09 20:34:00,12.46064,37.84392,11,6250
2025-07-09 20:44:00,12.46064,37.84392,11,6250
2025-07-09 20:54:00,12.46064,37.84392,11,6250
2025-07-09 21:04:00,12.46064,37.84392,11,6250
2025-07-09 21:14:00,12.46064,37.84392,11,6250
2025-07-09 21:24:00,12.46064,37.84392,11,6250
2025-07-09 21:34:00,12.46064,37.84392,11,6250
2025-07-09 21:44:00,12.46064,37.84392,11,6250
2025-07-09 21:54:00,12.46064,37.84392,11,6250
2025-07-09 22:04:00,12.46064,37.84392,11,6250
2025-07-09 22:14:00,12.46064,37.84392,11,6250
2025-07-09 22:24:00,12.46064,37.84392,11,6250
2025-07-09 22:34:00,12.46064,37.84392,11,6250
2025-07-09 22:44:00,12.46064,37.84392,11,6250
2025-07-09 22:54:00,12.46064,37.84392,11,6250
2025-07-09 23:04:00,12.46064,37.84392,11,6250
2025-07-09 23:14:00,12.46064,37.84392,11,6250
2025-07-09 23:24:00,12.46064,37.84392,11,6250
2025-07-09 23:34:00,12.46064,37.84392,11,6250
2025-07-09 23:44:00,12.46064,37.84392,11,6250
2025-07-09 23:54:00,12.46064,37.84392,11,6250
2025-07-10 00:04:00,12.460672,37.84364,11,6250
2025-07-09 11:54:00,12.458526,37.87212,11,930
2025-07-09 12:04:00,12.458787,37.87093,11,930
2025-07-09 12:14:00,12.459105,37.86972,11,930
2025-07-09 12:24:00,12.459435,37.868504,11,930
2025-07-09 12:34:00,12.459742,37.867302,11,930
2025-07-09 12:44:00,12.459979,37.866146,11,930
2025-07-09 12:54:00,12.460146,37.86505,11,930
2025-07-09 13:04:00,12.460297,37.86403,11,930
2025-07-09 13:14:00,12.4604225,37.863045,11,930
2025-07-09 13:24:00,12.460551,37.862057,11,930
2025-07-09 13:34:00,12.460689,37.861065,11,930
2025-07-09 13:44:00,12.460846,37.860043,11,930
2025-07-09 13:54:00,12.461024,37.85898,11,930
2025-07-09 14:04:00,12.461199,37.85785,11,930
2025-07-09 14:14:00,12.46135,37.856632,11,930
2025-07-09 14:24:00,12.461447,37.85532,11,930
2025-07-09 14:34:00,12.461408,37.853973,11,930
2025-07-09 14:44:00,12.461246,37.852688,11,930
2025-07-09 14:54:00,12.461005,37.85149,11,930
2025-07-09 15:04:00,12.460745,37.85034,11,930
2025-07-09 15:14:00,12.460559,37.84934,11,930
2025-07-09 15:24:00,12.460454,37.848526,11,930
2025-07-09 15:34:00,12.460422,37.8479,11,930
2025-07-09 15:44:00,12.460422,37.84732,11,930
2025-07-09 15:54:00,12.460435,37.84673,11,930
2025-07-09 16:04:00,12.460456,37.846115,11,930
2025-07-09 16:14:00,12.460487,37.845455,11,930
2025-07-09 16:24:00,12.46055,37.84474,11,930
2025-07-09 16:34:00,12.460645,37.843967,11,930
2025-07-09 16:44:00,12.460645,37.843967,11,930
2025-07-09 16:54:00,12.460645,37.843967,11,930
2025-07-09 17:04:00,12.460645,37.843967,11,930
2025-07-09 17:14:00,12.460645,37.843967,11,930
2025-07-09 17:24:00,12.460645,37.843967,11,930
2025-07-09 17:34:00,12.460645,37.843967,11,930
2025-07-09 17:44:00,12.460645,37.843967,11,930
2025-07-09 17:54:00,12.460645,37.843967,11,930
2025-07-09 18:04:00,12.460645,37.843967,11,930
2025-07-09 18:14:00,12.460569,37.843487,11,930
2025-07-09 18:24:00,12.460569,37.843487,11,930
2025-07-09 18:34:00,12.460569,37.843487,11,930
2025-07-09 18:44:00,12.460569,37.843487,11,930
2025-07-09 18:54:00,12.460569,37.843487,11,930
2025-07-09 19:04:00,12.460569,37.843487,11,930
2025-07-09 19:14:00,12.460569,37.843487,11,930
2025-07-09 19:24:00,12.460569,37.843487,11,930
2025-07-09 19:34:00,12.460569,37.843487,11,930
2025-07-09 19:44:00,12.460569,37.843487,11,930
2025-07-09 19:54:00,12.460569,37.843487,11,930
2025-07-09 20:04:00,12.460569,37.843487,11,930
2025-07-09 20:14:00,12.460569,37.843487,11,930
2025-07-09 20:24:00,12.460569,37.843487,11,930
2025-07-09 20:34:00,12.460569,37.843487,11,930
2025-07-09 20:44:00,12.460569,37.843487,11,930
2025-07-09 20:54:00,12.460569,37.843487,11,930
2025-07-09 21:04:00,12.460569,37.843487,11,930
2025-07-09 21:14:00,12.460569,37.843487,11,930
2025-07-09 21:24:00,12.460569,37.843487,11,930
2025-07-09 21:34:00,12.460569,37.843487,11,930
2025-07-09 21:44:00,12.460569,37.843487,11,930
2025-07-09 21:54:00,12.460569,37.843487,11,930
2025-07-09 22:04:00,12.460569,37.843487,11,930
2025-07-09 22:14:00,12.460569,37.843487,11,930
2025-07-09 22:24:00,12.460569,37.843487,11,930
2025-07-09 22:34:00,12.460569,37.843487,11,930
2025-07-09 22:44:00,12.460569,37.843487,11,930
2025-07-09 22:54:00,12.460569,37.843487,11,930
2025-07-09 23:04:00,12.460569,37.843487,11,930
2025-07-09 23:14:00,12.460569,37.843487,11,930
2025-07-09 23:24:00,12.460569,37.843487,11,930
2025-07-09 23:34:00,12.460569,37.843487,11,930
2025-07-09 23:44:00,12.460569,37.843487,11,930
2025-07-09 23:54:00,12.460569,37.843487,11,930
2025-07-10 00:04:00,12.460569,37.843487,11,930
2025-07-09 12:04:00,12.47187,37.8744,12,0530cnr
2025-07-09 12:14:00,12.472037,37.873226,12,0530cnr
2025-07-09 12:24:00,12.472292,37.87209,12,0530cnr
2025-07-09 12:34:00,12.47263,37.870987,12,0530cnr
2025-07-09 12:44:00,12.472983,37.869957,12,0530cnr
2025-07-09 12:54:00,12.473343,37.8689,12,0530cnr
2025-07-09 13:04:00,12.473589,37.86777,12,0530cnr
2025-07-09 13:14:00,12.47374,37.866558,12,0530cnr
2025-07-09 13:24:00,12.473852,37.86526,12,0530cnr
2025-07-09 13:34:00,12.473954,37.864,12,0530cnr
2025-07-09 13:44:00,12.4741,37.862827,12,0530cnr
2025-07-09 13:54:00,12.474286,37.861683,12,0530cnr
2025-07-09 14:04:00,12.474286,37.861683,12,0530cnr
2025-07-09 14:14:00,12.474286,37.861683,12,0530cnr
2025-07-09 14:24:00,12.474286,37.861683,12,0530cnr
2025-07-09 14:34:00,12.474286,37.861683,12,0530cnr
2025-07-09 14:44:00,12.474286,37.861683,12,0530cnr
2025-07-09 14:54:00,12.474286,37.861683,12,0530cnr
2025-07-09 15:04:00,12.474286,37.861683,12,0530cnr
2025-07-09 15:14:00,12.474286,37.861683,12,0530cnr
2025-07-09 15:24:00,12.474286,37.861683,12,0530cnr
2025-07-09 15:34:00,12.474286,37.861683,12,0530cnr
2025-07-09 15:44:00,12.474286,37.861683,12,0530cnr
2025-07-09 15:54:00,12.474286,37.861683,12,0530cnr
2025-07-09 16:04:00,12.474286,37.861683,12,0530cnr
2025-07-09 16:14:00,12.474286,37.861683,12,0530cnr
2025-07-09 16:24:00,12.474286,37.861683,12,0530cnr
2025-07-09 16:34:00,12.474286,37.861683,12,0530cnr
2025-07-09 16:44:00,12.474286,37.861683,12,0530cnr
2025-07-09 16:54:00,12.474286,37.861683,12,0530cnr
2025-07-09 17:04:00,12.474286,37.861683,12,0530cnr
2025-07-09 17:14:00,12.474286,37.861683,12,0530cnr
2025-07-09 17:24:00,12.474286,37.861683,12,0530cnr
2025-07-09 17:34:00,12.474286,37.861683,12,0530cnr
2025-07-09 17:44:00,12.474286,37.861683,12,0530cnr
2025-07-09 17:54:00,12.474286,37.861683,12,0530cnr
2025-07-09 18:04:00,12.474286,37.861683,12,0530cnr
2025-07-09 18:14:00,12.474286,37.861683,12,0530cnr
2025-07-09 18:24:00,12.474286,37.861683,12,0530cnr
2025-07-09 18:34:00,12.474286,37.861683,12,0530cnr
2025-07-09 18:44:00,12.474286,37.861683,12,0530cnr
2025-07-09 18:54:00,12.474286,37.861683,12,0530cnr
2025-07-09 19:04:00,12.474286,37.861683,12,0530cnr
2025-07-09 19:14:00,12.474286,37.861683,12,0530cnr
2025-07-09 19:24:00,12.474286,37.861683,12,0530cnr
2025-07-09 19:34:00,12.474286,37.861683,12,0530cnr
2025-07-09 19:44:00,12.474286,37.861683,12,0530cnr
2025-07-09 19:54:00,12.474286,37.861683,12,0530cnr
2025-07-09 20:04:00,12.474286,37.861683,12,0530cnr
2025-07-09 20:14:00,12.474286,37.861683,12,0530cnr
2025-07-09 20:24:00,12.474286,37.861683,12,0530cnr
2025-07-09 20:34:00,12.474286,37.861683,12,0530cnr
2025-07-09 20:44:00,12.474286,37.861683,12,0530cnr
2025-07-09 20:54:00,12.474286,37.861683,12,0530cnr
2025-07-09 21:04:00,12.474286,37.861683,12,0530cnr
2025-07-09 21:14:00,12.474286,37.861683,12,0530cnr
2025-07-09 21:24:00,12.474286,37.861683,12,0530cnr
2025-07-09 21:34:00,12.474286,37.861683,12,0530cnr
2025-07-09 21:44:00,12.474286,37.861683,12,0530cnr
2025-07-09 21:54:00,12.474286,37.861683,12,0530cnr
2025-07-09 22:04:00,12.474286,37.861683,12,0530cnr
2025-07-09 22:14:00,12.474286,37.861683,12,0530cnr
2025-07-09 22:24:00,12.474286,37.861683,12,0530cnr
2025-07-09 22:34:00,12.474286,37.861683,12,0530cnr
2025-07-09 22:44:00,12.474286,37.861683,12,0530cnr
2025-07-09 22:54:00,12.474286,37.861683,12,0530cnr
2025-07-09 23:04:00,12.474286,37.861683,12,0530cnr
2025-07-09 23:14:00,12.474286,37.861683,12,0530cnr
2025-07-09 23:24:00,12.474286,37.861683,12,0530cnr
2025-07-09 23:34:00,12.474286,37.861683,12,0530cnr
2025-07-09 23:44:00,12.474286,37.861683,12,0530cnr
2025-07-09 23:54:00,12.474286,37.861683,12,0530cnr
2025-07-10 00:04:00,12.474286,37.861683,12,0530cnr
2025-07-09 12:04:00,12.47176,37.87442,12,3500cnr
2025-07-09 12:14:00,12.471922,37.87324,12,3500cnr
2025-07-09 12:24:00,12.472172,37.872105,12,3500cnr
2025-07-09 12:34:00,12.472508,37.871006,12,3500cnr
2025-07-09 12:44:00,12.472853,37.86999,12,3500cnr
2025-07-09 12:54:00,12.473205,37.868965,12,3500cnr
2025-07-09 13:04:00,12.473461,37.86787,12,3500cnr
2025-07-09 13:14:00,12.473617,37.866688,12,3500cnr
2025-07-09 13:24:00,12.473734,37.865417,12,3500cnr
2025-07-09 13:34:00,12.473833,37.864155,12,3500cnr
2025-07-09 13:44:00,12.473971,37.862976,12,3500cnr
2025-07-09 13:54:00,12.474158,37.861828,12,3500cnr
2025-07-09 14:04:00,12.474158,37.861828,12,3500cnr
2025-07-09 14:14:00,12.474158,37.861828,12,3500cnr
2025-07-09 14:24:00,12.474158,37.861828,12,3500cnr
2025-07-09 14:34:00,12.474158,37.861828,12,3500cnr
2025-07-09 14:44:00,12.474158,37.861828,12,3500cnr
2025-07-09 14:54:00,12.474158,37.861828,12,3500cnr
2025-07-09 15:04:00,12.474158,37.861828,12,3500cnr
2025-07-09 15:14:00,12.474158,37.861828,12,3500cnr
2025-07-09 15:24:00,12.474158,37.861828,12,3500cnr
2025-07-09 15:34:00,12.474158,37.861828,12,3500cnr
2025-07-09 15:44:00,12.474158,37.861828,12,3500cnr
2025-07-09 15:54:00,12.474158,37.861828,12,3500cnr
2025-07-09 16:04:00,12.474158,37.861828,12,3500cnr
2025-07-09 16:14:00,12.474158,37.861828,12,3500cnr
2025-07-09 16:24:00,12.474158,37.861828,12,3500cnr
2025-07-09 16:34:00,12.474158,37.861828,12,3500cnr
2025-07-09 16:44:00,12.474158,37.861828,12,3500cnr
2025-07-09 16:54:00,12.474158,37.861828,12,3500cnr
2025-07-09 17:04:00,12.474158,37.861828,12,3500cnr
2025-07-09 17:14:00,12.474158,37.861828,12,3500cnr
2025-07-09 17:24:00,12.474158,37.861828,12,3500cnr
2025-07-09 17:34:00,12.474158,37.861828,12,3500cnr
2025-07-09 17:44:00,12.474158,37.861828,12,3500cnr
2025-07-09 17:54:00,12.474047,37.86122,12,3500cnr
2025-07-09 18:04:00,12.474047,37.86122,12,3500cnr
2025-07-09 18:14:00,12.474047,37.86122,12,3500cnr
2025-07-09 18:24:00,12.474047,37.86122,12,3500cnr
2025-07-09 18:34:00,12.474047,37.86122,12,3500cnr
2025-07-09 18:44:00,12.474047,37.86122,12,3500cnr
2025-07-09 18:54:00,12.474047,37.86122,12,3500cnr
2025-07-09 19:04:00,12.474047,37.86122,12,3500cnr
2025-07-09 19:14:00,12.474047,37.86122,12,3500cnr
2025-07-09 19:24:00,12.474047,37.86122,12,3500cnr
2025-07-09 19:34:00,12.474047,37.86122,12,3500cnr
2025-07-09 19:44:00,12.474047,37.86122,12,3500cnr
2025-07-09 19:54:00,12.474047,37.86122,12,3500cnr
2025-07-09 20:04:00,12.474047,37.86122,12,3500cnr
2025-07-09 20:14:00,12.474047,37.86122,12,3500cnr
2025-07-09 20:24:00,12.474047,37.86122,12,3500cnr
2025-07-09 20:34:00,12.474047,37.86122,12,3500cnr
2025-07-09 20:44:00,12.474047,37.86122,12,3500cnr
2025-07-09 20:54:00,12.474047,37.86122,12,3500cnr
2025-07-09 21:04:00,12.474047,37.86122,12,3500cnr
2025-07-09 21:14:00,12.474047,37.86122,12,3500cnr
2025-07-09 21:24:00,12.474047,37.86122,12,3500cnr
2025-07-09 21:34:00,12.474047,37.86122,12,3500cnr
2025-07-09 21:44:00,12.474047,37.86122,12,3500cnr
2025-07-09 21:54:00,12.474047,37.86122,12,3500cnr
2025-07-09 22:04:00,12.474047,37.86122,12,3500cnr
2025-07-09 22:14:00,12.474047,37.86122,12,3500cnr
2025-07-09 22:24:00,12.474047,37.86122,12,3500cnr
2025-07-09 22:34:00,12.474047,37.86122,12,3500cnr
2025-07-09 22:44:00,12.474047,37.86122,12,3500cnr
2025-07-09 22:54:00,12.474047,37.86122,12,3500cnr
2025-07-09 23:04:00,12.474047,37.86122,12,3500cnr
2025-07-09 23:14:00,12.474047,37.86122,12,3500cnr
2025-07-09 23:24:00,12.474047,37.86122,12,3500cnr
2025-07-09 23:34:00,12.474047,37.86122,12,3500cnr
2025-07-09 23:44:00,12.474047,37.86122,12,3500cnr
2025-07-09 23:54:00,12.474047,37.86122,12,3500cnr
2025-07-10 00:04:00,12.474047,37.86122,12,3500cnr
2025-07-09 12:04:00,12.47178,37.87426,12,3680cnr
2025-07-09 12:14:00,12.471943,37.87309,12,3680cnr
2025-07-09 12:24:00,12.472207,37.871956,12,3680cnr
2025-07-09 12:34:00,12.472544,37.870872,12,3680cnr
2025-07-09 12:44:00,12.472892,37.869865,12,3680cnr
2025-07-09 12:54:00,12.473236,37.86883,12,3680cnr
2025-07-09 13:04:00,12.473476,37.86773,12,3680cnr
2025-07-09 13:14:00,12.473633,37.866543,12,3680cnr
2025-07-09 13:24:00,12.47375,37.865265,12,3680cnr
2025-07-09 13:34:00,12.473853,37.864014,12,3680cnr
2025-07-09 13:44:00,12.473998,37.86284,12,3680cnr
2025-07-09 13:54:00,12.474188,37.86169,12,3680cnr
2025-07-09 14:04:00,12.474188,37.86169,12,3680cnr
2025-07-09 14:14:00,12.474188,37.86169,12,3680cnr
2025-07-09 14:24:00,12.474188,37.86169,12,3680cnr
2025-07-09 14:34:00,12.474188,37.86169,12,3680cnr
2025-07-09 14:44:00,12.474188,37.86169,12,3680cnr
2025-07-09 14:54:00,12.474188,37.86169,12,3680cnr
2025-07-09 15:04:00,12.474188,37.86169,12,3680cnr
2025-07-09 15:14:00,12.474188,37.86169,12,3680cnr
2025-07-09 15:24:00,12.474188,37.86169,12,3680cnr
2025-07-09 15:34:00,12.474188,37.86169,12,3680cnr
2025-07-09 15:44:00,12.474188,37.86169,12,3680cnr
2025-07-09 15:54:00,12.474188,37.86169,12,3680cnr
2025-07-09 16:04:00,12.474188,37.86169,12,3680cnr
2025-07-09 16:14:00,12.474188,37.86169,12,3680cnr
2025-07-09 16:24:00,12.474188,37.86169,12,3680cnr
2025-07-09 16:34:00,12.474188,37.86169,12,3680cnr
2025-07-09 16:44:00,12.474188,37.86169,12,3680cnr
2025-07-09 16:54:00,12.474188,37.86169,12,3680cnr
2025-07-09 17:04:00,12.474188,37.86169,12,3680cnr
2025-07-09 17:14:00,12.474188,37.86169,12,3680cnr
2025-07-09 17:24:00,12.474188,37.86169,12,3680cnr
2025-07-09 17:34:00,12.474188,37.86169,12,3680cnr
2025-07-09 17:44:00,12.474188,37.86169,12,3680cnr
2025-07-09 17:54:00,12.474188,37.86169,12,3680cnr
2025-07-09 18:04:00,12.474188,37.86169,12,3680cnr
2025-07-09 18:14:00,12.474188,37.86169,12,3680cnr
2025-07-09 18:24:00,12.474188,37.86169,12,3680cnr
2025-07-09 18:34:00,12.474188,37.86169,12,3680cnr
2025-07-09 18:44:00,12.474188,37.86169,12,3680cnr
2025-07-09 18:54:00,12.474188,37.86169,12,3680cnr
2025-07-09 19:04:00,12.474188,37.86169,12,3680cnr
2025-07-09 19:14:00,12.47395,37.861115,12,3680cnr
2025-07-09 19:24:00,12.47395,37.861115,12,3680cnr
2025-07-09 19:34:00,12.47395,37.861115,12,3680cnr
2025-07-09 19:44:00,12.47395,37.861115,12,3680cnr
2025-07-09 19:54:00,12.47395,37.861115,12,3680cnr
2025-07-09 20:04:00,12.47395,37.861115,12,3680cnr
2025-07-09 20:14:00,12.47395,37.861115,12,3680cnr
2025-07-09 20:24:00,12.47395,37.861115,12,3680cnr
2025-07-09 20:34:00,12.47395,37.861115,12,3680cnr
2025-07-09 20:44:00,12.47395,37.861115,12,3680cnr
2025-07-09 20:54:00,12.47395,37.861115,12,3680cnr
2025-07-09 21:04:00,12.47395,37.861115,12,3680cnr
2025-07-09 21:14:00,12.47395,37.861115,12,3680cnr
2025-07-09 21:24:00,12.47395,37.861115,12,3680cnr
2025-07-09 21:34:00,12.473704,37.860523,12,3680cnr
2025-07-09 21:44:00,12.4734745,37.859936,12,3680cnr
2025-07-09 21:54:00,12.4734745,37.859936,12,3680cnr
2025-07-09 22:04:00,12.4734745,37.859936,12,3680cnr
2025-07-09 22:14:00,12.4734745,37.859936,12,3680cnr
2025-07-09 22:24:00,12.4734745,37.859936,12,3680cnr
2025-07-09 22:34:00,12.4734745,37.859936,12,3680cnr
2025-07-09 22:44:00,12.4734745,37.859936,12,3680cnr
2025-07-09 22:54:00,12.4734745,37.859936,12,3680cnr
2025-07-09 23:04:00,12.4734745,37.859936,12,3680cnr
2025-07-09 23:14:00,12.4734745,37.859936,12,3680cnr
2025-07-09 23:24:00,12.4734745,37.859936,12,3680cnr
2025-07-09 23:34:00,12.4734745,37.859936,12,3680cnr
2025-07-09 23:44:00,12.4734745,37.859936,12,3680cnr
2025-07-09 23:54:00,12.4734745,37.859936,12,3680cnr
2025-07-10 00:04:00,12.4734745,37.859936,12,3680cnr
