time,lon,lat,deploy,drifter_id
2025-07-08 07:14:00,12.45476,37.87429,1,0530cnr
2025-07-08 07:24:00,12.455145,37.87453,1,0530cnr
2025-07-08 07:34:00,12.455549,37.874786,1,0530cnr
2025-07-08 07:44:00,12.4559765,37.87506,1,0530cnr
2025-07-08 07:54:00,12.456426,37.87535,1,0530cnr
2025-07-08 08:04:00,12.456898,37.87567,1,0530cnr
2025-07-08 08:14:00,12.457383,37.876,1,0530cnr
2025-07-08 08:24:00,12.457879,37.87632,1,0530cnr
2025-07-08 08:34:00,12.458391,37.876633,1,0530cnr
2025-07-08 08:44:00,12.458922,37.876938,1,0530cnr
2025-07-08 08:54:00,12.459477,37.877243,1,0530cnr
2025-07-08 09:04:00,12.46006,37.877537,1,0530cnr
2025-07-08 09:14:00,12.460687,37.877823,1,0530cnr
2025-07-08 09:24:00,12.460687,37.877823,1,0530cnr
2025-07-08 09:34:00,12.460687,37.877823,1,0530cnr
2025-07-08 09:44:00,12.460687,37.877823,1,0530cnr
2025-07-08 09:54:00,12.460687,37.877823,1,0530cnr
2025-07-08 10:04:00,12.460687,37.877823,1,0530cnr
2025-07-08 10:14:00,12.460687,37.877823,1,0530cnr
2025-07-08 10:24:00,12.461088,37.87792,1,0530cnr
2025-07-08 10:34:00,12.461088,37.87792,1,0530cnr
2025-07-08 10:44:00,12.461088,37.87792,1,0530cnr
2025-07-08 10:54:00,12.461088,37.87792,1,0530cnr
2025-07-08 11:04:00,12.461088,37.87792,1,0530cnr
2025-07-08 11:14:00,12.461088,37.87792,1,0530cnr
2025-07-08 11:24:00,12.461088,37.87792,1,0530cnr
2025-07-08 11:34:00,12.461384,37.877907,1,0530cnr
2025-07-08 11:44:00,12.461939,37.87785,1,0530cnr
2025-07-08 11:54:00,12.462446,37.877747,1,0530cnr
2025-07-08 12:04:00,12.46291,37.877594,1,0530cnr
2025-07-08 12:14:00,12.463385,37.87742,1,0530cnr
2025-07-08 12:24:00,12.4639,37.877224,1,0530cnr
2025-07-08 12:34:00,12.464451,37.87701,1,0530cnr
2025-07-08 12:44:00,12.465026,37.876762,1,0530cnr
2025-07-08 12:54:00,12.465628,37.876472,1,0530cnr
2025-07-08 13:04:00,12.46626,37.876152,1,0530cnr
2025-07-08 13:14:00,12.46694,37.875782,1,0530cnr
2025-07-08 13:24:00,12.467675,37.87536,1,0530cnr
2025-07-08 13:34:00,12.468464,37.874886,1,0530cnr
2025-07-08 13:44:00,12.469299,37.87436,1,0530cnr
2025-07-08 13:54:00,12.470174,37.873775,1,0530cnr
2025-07-08 14:04:00,12.471125,37.873142,1,0530cnr
2025-07-08 14:14:00,12.472116,37.87249,1,0530cnr
2025-07-08 14:24:00,12.47311,37.871838,1,0530cnr
2025-07-08 14:34:00,12.474079,37.871216,1,0530cnr
2025-07-08 14:44:00,12.475036,37.87062,1,0530cnr
2025-07-08 14:54:00,12.476016,37.87006,1,0530cnr
2025-07-08 15:04:00,12.477027,37.86954,1,0530cnr
2025-07-08 15:14:00,12.478058,37.869057,1,0530cnr
2025-07-08 15:24:00,12.479099,37.868607,1,0530cnr
2025-07-08 15:34:00,12.479618,37.86838,1,0530cnr
2025-07-08 15:44:00,12.479618,37.86838,1,0530cnr
2025-07-08 15:54:00,12.479618,37.86838,1,0530cnr
2025-07-08 16:04:00,12.479618,37.86838,1,0530cnr
2025-07-08 16:14:00,12.479618,37.86838,1,0530cnr
2025-07-08 16:24:00,12.479618,37.86838,1,0530cnr
2025-07-08 16:34:00,12.479618,37.86838,1,0530cnr
2025-07-08 16:44:00,12.479618,37.86838,1,0530cnr
2025-07-08 16:54:00,12.479618,37.86838,1,0530cnr
2025-07-08 17:04:00,12.479618,37.86838,1,0530cnr
2025-07-08 17:14:00,12.479618,37.86838,1,0530cnr
2025-07-08 17:24:00,12.479618,37.86838,1,0530cnr
2025-07-08 17:34:00,12.479618,37.86838,1,0530cnr
2025-07-08 17:44:00,12.479618,37.86838,1,0530cnr
2025-07-08 17:54:00,12.479618,37.86838,1,0530cnr
2025-07-08 18:04:00,12.479618,37.86838,1,0530cnr
2025-07-08 18:14:00,12.479618,37.86838,1,0530cnr
2025-07-08 18:24:00,12.479618,37.86838,1,0530cnr
2025-07-08 18:34:00,12.479618,37.86838,1,0530cnr
2025-07-08 18:44:00,12.479618,37.86838,1,0530cnr
2025-07-08 18:54:00,12.479618,37.86838,1,0530cnr
2025-07-08 19:04:00,12.479618,37.86838,1,0530cnr
2025-07-08 19:14:00,12.479618,37.86838,1,0530cnr
2025-07-08 19:24:00,12.479618,37.86838,1,0530cnr
2025-07-08 19:34:00,12.479618,37.86838,1,0530cnr
2025-07-08 19:44:00,12.479618,37.86838,1,0530cnr
2025-07-08 19:54:00,12.479618,37.86838,1,0530cnr
2025-07-08 20:04:00,12.479618,37.86838,1,0530cnr
2025-07-08 20:14:00,12.479618,37.86838,1,0530cnr
2025-07-08 20:24:00,12.479618,37.86838,1,0530cnr
2025-07-08 20:34:00,12.479618,37.86838,1,0530cnr
2025-07-08 20:44:00,12.479618,37.86838,1,0530cnr
2025-07-08 20:54:00,12.479618,37.86838,1,0530cnr
2025-07-08 21:04:00,12.479618,37.86838,1,0530cnr
2025-07-08 21:14:00,12.479618,37.86838,1,0530cnr
2025-07-08 21:24:00,12.479618,37.86838,1,0530cnr
2025-07-08 21:34:00,12.479618,37.86838,1,0530cnr
2025-07-08 21:44:00,12.479618,37.86838,1,0530cnr
2025-07-08 21:54:00,12.479618,37.86838,1,0530cnr
2025-07-08 22:04:00,12.479618,37.86838,1,0530cnr
2025-07-08 22:14:00,12.479618,37.86838,1,0530cnr
2025-07-08 22:24:00,12.479618,37.86838,1,0530cnr
2025-07-08 22:34:00,12.479618,37.86838,1,0530cnr
2025-07-08 22:44:00,12.479618,37.86838,1,0530cnr
2025-07-08 22:54:00,12.479618,37.86838,1,0530cnr
2025-07-08 23:04:00,12.479618,37.86838,1,0530cnr
2025-07-08 23:14:00,12.479618,37.86838,1,0530cnr
2025-07-08 23:24:00,12.479618,37.86838,1,0530cnr
2025-07-08 23:34:00,12.479618,37.86838,1,0530cnr
2025-07-08 23:44:00,12.479618,37.86838,1,0530cnr
2025-07-08 23:54:00,12.479618,37.86838,1,0530cnr
2025-07-09 00:04:00,12.479618,37.86838,1,0530cnr
2025-07-09 00:14:00,12.479618,37.86838,1,0530cnr
2025-07-09 00:24:00,12.479618,37.86838,1,0530cnr
2025-07-09 00:34:00,12.479618,37.86838,1,0530cnr
2025-07-09 00:44:00,12.479618,37.86838,1,0530cnr
2025-07-09 00:54:00,12.479618,37.86838,1,0530cnr
2025-07-09 01:04:00,12.479618,37.86838,1,0530cnr
2025-07-09 01:14:00,12.479618,37.86838,1,0530cnr
2025-07-09 01:24:00,12.479618,37.86838,1,0530cnr
2025-07-09 01:34:00,12.479618,37.86838,1,0530cnr
2025-07-09 01:44:00,12.479618,37.86838,1,0530cnr
2025-07-09 01:54:00,12.479618,37.86838,1,0530cnr
2025-07-09 02:04:00,12.479618,37.86838,1,0530cnr
2025-07-09 02:14:00,12.479618,37.86838,1,0530cnr
2025-07-09 02:24:00,12.479618,37.86838,1,0530cnr
2025-07-09 02:34:00,12.479618,37.86838,1,0530cnr
2025-07-09 02:44:00,12.479618,37.86838,1,0530cnr
2025-07-09 02:54:00,12.479618,37.86838,1,0530cnr
2025-07-09 03:04:00,12.479618,37.86838,1,0530cnr
2025-07-09 03:14:00,12.479618,37.86838,1,0530cnr
2025-07-09 03:24:00,12.479618,37.86838,1,0530cnr
2025-07-09 03:34:00,12.479618,37.86838,1,0530cnr
2025-07-09 03:44:00,12.479618,37.86838,1,0530cnr
2025-07-09 03:54:00,12.479618,37.86838,1,0530cnr
2025-07-09 04:04:00,12.479618,37.86838,1,0530cnr
2025-07-09 04:14:00,12.479618,37.86838,1,0530cnr
2025-07-09 04:24:00,12.479618,37.86838,1,0530cnr
2025-07-09 04:34:00,12.479618,37.86838,1,0530cnr
2025-07-09 04:44:00,12.479618,37.86838,1,0530cnr
2025-07-09 04:54:00,12.479618,37.86838,1,0530cnr
2025-07-09 05:04:00,12.479618,37.86838,1,0530cnr
2025-07-09 05:14:00,12.479618,37.86838,1,0530cnr
2025-07-09 05:24:00,12.479618,37.86838,1,0530cnr
2025-07-09 05:34:00,12.479618,37.86838,1,0530cnr
2025-07-09 05:44:00,12.479618,37.86838,1,0530cnr
2025-07-09 05:54:00,12.479618,37.86838,1,0530cnr
2025-07-09 06:04:00,12.479618,37.86838,1,0530cnr
2025-07-09 06:14:00,12.479618,37.86838,1,0530cnr
2025-07-09 06:24:00,12.479618,37.86838,1,0530cnr
2025-07-09 06:34:00,12.479618,37.86838,1,0530cnr
2025-07-09 06:44:00,12.479618,37.86838,1,0530cnr
2025-07-09 06:54:00,12.479618,37.86838,1,0530cnr
2025-07-09 07:04:00,12.479618,37.86838,1,0530cnr
2025-07-09 07:14:00,12.479618,37.86838,1,0530cnr
2025-07-09 07:24:00,12.479618,37.86838,1,0530cnr
2025-07-09 07:34:00,12.479618,37.86838,1,0530cnr
2025-07-09 07:44:00,12.479618,37.86838,1,0530cnr
2025-07-09 07:54:00,12.479618,37.86838,1,0530cnr
2025-07-09 08:04:00,12.479618,37.86838,1,0530cnr
2025-07-09 08:14:00,12.479618,37.86838,1,0530cnr
2025-07-09 08:24:00,12.479618,37.86838,1,0530cnr
2025-07-09 08:34:00,12.479618,37.86838,1,0530cnr
2025-07-09 08:44:00,12.479618,37.86838,1,0530cnr
2025-07-09 08:54:00,12.479618,37.86838,1,0530cnr
2025-07-09 09:04:00,12.479618,37.86838,1,0530cnr
2025-07-09 09:14:00,12.479618,37.86838,1,0530cnr
2025-07-09 09:24:00,12.479618,37.86838,1,0530cnr
2025-07-09 09:34:00,12.479618,37.86838,1,0530cnr
2025-07-09 09:44:00,12.479618,37.86838,1,0530cnr
2025-07-09 09:54:00,12.479618,37.86838,1,0530cnr
2025-07-09 10:04:00,12.479618,37.86838,1,0530cnr
2025-07-09 10:14:00,12.479618,37.86838,1,0530cnr
2025-07-09 10:24:00,12.479618,37.86838,1,0530cnr
2025-07-09 10:34:00,12.479618,37.86838,1,0530cnr
2025-07-09 10:44:00,12.479618,37.86838,1,0530cnr
2025-07-09 10:54:00,12.479618,37.86838,1,0530cnr
2025-07-09 11:04:00,12.479618,37.86838,1,0530cnr
2025-07-09 11:14:00,12.479618,37.86838,1,0530cnr
2025-07-09 11:24:00,12.479618,37.86838,1,0530cnr
2025-07-09 11:34:00,12.479618,37.86838,1,0530cnr
2025-07-09 11:44:00,12.479618,37.86838,1,0530cnr
2025-07-09 11:54:00,12.479618,37.86838,1,0530cnr
2025-07-09 12:04:00,12.479618,37.86838,1,0530cnr
2025-07-09 12:14:00,12.479618,37.86838,1,0530cnr
2025-07-09 12:24:00,12.479618,37.86838,1,0530cnr
2025-07-09 12:34:00,12.479618,37.86838,1,0530cnr
2025-07-09 12:44:00,12.479618,37.86838,1,0530cnr
2025-07-09 12:54:00,12.479618,37.86838,1,0530cnr
2025-07-09 13:04:00,12.479618,37.86838,1,0530cnr
2025-07-09 13:14:00,12.479618,37.86838,1,0530cnr
2025-07-09 13:24:00,12.479618,37.86838,1,0530cnr
2025-07-09 13:34:00,12.479618,37.86838,1,0530cnr
2025-07-09 13:44:00,12.479618,37.86838,1,0530cnr
2025-07-09 13:54:00,12.479618,37.86838,1,0530cnr
2025-07-09 14:04:00,12.479618,37.86838,1,0530cnr
2025-07-09 14:14:00,12.479618,37.86838,1,0530cnr
2025-07-09 14:24:00,12.479618,37.86838,1,0530cnr
2025-07-09 14:34:00,12.479618,37.86838,1,0530cnr
2025-07-09 14:44:00,12.479618,37.86838,1,0530cnr
2025-07-09 14:54:00,12.47954,37.867706,1,0530cnr
2025-07-09 15:04:00,12.47954,37.867706,1,0530cnr
2025-07-09 15:14:00,12.47954,37.867706,1,0530cnr
2025-07-09 15:24:00,12.47954,37.867706,1,0530cnr
2025-07-09 15:34:00,12.47954,37.867706,1,0530cnr
2025-07-09 15:44:00,12.47954,37.867706,1,0530cnr
2025-07-09 15:54:00,12.47954,37.867706,1,0530cnr
2025-07-09 16:04:00,12.47954,37.867706,1,0530cnr
2025-07-09 16:14:00,12.47954,37.867706,1,0530cnr
2025-07-09 16:24:00,12.47954,37.867706,1,0530cnr
2025-07-09 16:34:00,12.47954,37.867706,1,0530cnr
2025-07-09 16:44:00,12.47954,37.867706,1,0530cnr
2025-07-09 16:54:00,12.47954,37.867706,1,0530cnr
2025-07-09 17:04:00,12.47954,37.867706,1,0530cnr
2025-07-09 17:14:00,12.47954,37.867706,1,0530cnr
2025-07-09 17:24:00,12.47954,37.867706,1,0530cnr
2025-07-09 17:34:00,12.47954,37.867706,1,0530cnr
2025-07-09 17:44:00,12.47954,37.867706,1,0530cnr
2025-07-09 17:54:00,12.47954,37.867706,1,0530cnr
2025-07-09 18:04:00,12.47954,37.867706,1,0530cnr
2025-07-09 18:14:00,12.47954,37.867706,1,0530cnr
2025-07-09 18:24:00,12.47954,37.867706,1,0530cnr
2025-07-09 18:34:00,12.47954,37.867706,1,0530cnr
2025-07-09 18:44:00,12.47954,37.867706,1,0530cnr
2025-07-09 18:54:00,12.47954,37.867706,1,0530cnr
2025-07-09 19:04:00,12.47954,37.867706,1,0530cnr
2025-07-09 19:14:00,12.47954,37.867706,1,0530cnr
2025-07-09 19:24:00,12.47954,37.867706,1,0530cnr
2025-07-09 19:34:00,12.47954,37.867706,1,0530cnr
2025-07-09 19:44:00,12.47954,37.867706,1,0530cnr
2025-07-09 19:54:00,12.47954,37.867706,1,0530cnr
2025-07-09 20:04:00,12.47954,37.867706,1,0530cnr
2025-07-09 20:14:00,12.47954,37.867706,1,0530cnr
2025-07-09 20:24:00,12.47954,37.867706,1,0530cnr
2025-07-09 20:34:00,12.47954,37.867706,1,0530cnr
2025-07-09 20:44:00,12.47954,37.867706,1,0530cnr
2025-07-09 20:54:00,12.47954,37.867706,1,0530cnr
2025-07-09 21:04:00,12.47954,37.867706,1,0530cnr
2025-07-09 21:14:00,12.47954,37.867706,1,0530cnr
2025-07-09 21:24:00,12.47954,37.867706,1,0530cnr
2025-07-09 21:34:00,12.47954,37.867706,1,0530cnr
2025-07-09 21:44:00,12.47954,37.867706,1,0530cnr
2025-07-09 21:54:00,12.47954,37.867706,1,0530cnr
2025-07-09 22:04:00,12.47954,37.867706,1,0530cnr
2025-07-09 22:14:00,12.47954,37.867706,1,0530cnr
2025-07-09 22:24:00,12.47954,37.867706,1,0530cnr
2025-07-09 22:34:00,12.47954,37.867706,1,0530cnr
2025-07-09 22:44:00,12.47954,37.867706,1,0530cnr
2025-07-09 22:54:00,12.47954,37.867706,1,0530cnr
2025-07-09 23:04:00,12.47954,37.867706,1,0530cnr
2025-07-09 23:14:00,12.47954,37.867706,1,0530cnr
2025-07-09 23:24:00,12.47954,37.867706,1,0530cnr
2025-07-09 23:34:00,12.47954,37.867706,1,0530cnr
2025-07-09 23:44:00,12.47954,37.867706,1,0530cnr
2025-07-09 23:54:00,12.47954,37.867706,1,0530cnr
2025-07-10 00:04:00,12.47954,37.867706,1,0530cnr
2025-07-08 07:14:00,12.45468,37.87425,1,3500cnr
2025-07-08 07:24:00,12.455067,37.87449,1,3500cnr
2025-07-08 07:34:00,12.455472,37.874744,1,3500cnr
2025-07-08 07:44:00,12.4559,37.875015,1,3500cnr
2025-07-08 07:54:00,12.456349,37.87531,1,3500cnr
2025-07-08 08:04:00,12.456821,37.875626,1,3500cnr
2025-07-08 08:14:00,12.457307,37.87595,1,3500cnr
2025-07-08 08:24:00,12.457803,37.87627,1,3500cnr
2025-07-08 08:34:00,12.458314,37.876583,1,3500cnr
2025-07-08 08:44:00,12.458843,37.87689,1,3500cnr
2025-07-08 08:54:00,12.459396,37.87719,1,3500cnr
2025-07-08 09:04:00,12.459976,37.877483,1,3500cnr
2025-07-08 09:14:00,12.460601,37.87777,1,3500cnr
2025-07-08 09:24:00,12.460931,37.87791,1,3500cnr
2025-07-08 09:34:00,12.460931,37.87791,1,3500cnr
2025-07-08 09:44:00,12.460931,37.87791,1,3500cnr
2025-07-08 09:54:00,12.460931,37.87791,1,3500cnr
2025-07-08 10:04:00,12.460931,37.87791,1,3500cnr
2025-07-08 10:14:00,12.460931,37.87791,1,3500cnr
2025-07-08 10:24:00,12.460931,37.87791,1,3500cnr
2025-07-08 10:34:00,12.460931,37.87791,1,3500cnr
2025-07-08 10:44:00,12.460931,37.87791,1,3500cnr
2025-07-08 10:54:00,12.460931,37.87791,1,3500cnr
2025-07-08 11:04:00,12.460931,37.87791,1,3500cnr
2025-07-08 11:14:00,12.460931,37.87791,1,3500cnr
2025-07-08 11:24:00,12.460931,37.87791,1,3500cnr
2025-07-08 11:34:00,12.4615345,37.877907,1,3500cnr
2025-07-08 11:44:00,12.462089,37.87785,1,3500cnr
2025-07-08 11:54:00,12.462597,37.877747,1,3500cnr
2025-07-08 12:04:00,12.46306,37.877598,1,3500cnr
2025-07-08 12:14:00,12.463537,37.877422,1,3500cnr
2025-07-08 12:24:00,12.464053,37.877235,1,3500cnr
2025-07-08 12:34:00,12.4646015,37.87702,1,3500cnr
2025-07-08 12:44:00,12.465175,37.876766,1,3500cnr
2025-07-08 12:54:00,12.4657755,37.876476,1,3500cnr
2025-07-08 13:04:00,12.466408,37.876152,1,3500cnr
2025-07-08 13:14:00,12.467088,37.875782,1,3500cnr
2025-07-08 13:24:00,12.467824,37.87536,1,3500cnr
2025-07-08 13:34:00,12.468613,37.874886,1,3500cnr
2025-07-08 13:44:00,12.469449,37.874355,1,3500cnr
2025-07-08 13:54:00,12.4703245,37.87377,1,3500cnr
2025-07-08 14:04:00,12.471272,37.87314,1,3500cnr
2025-07-08 14:14:00,12.47226,37.872486,1,3500cnr
2025-07-08 14:24:00,12.473249,37.87184,1,3500cnr
2025-07-08 14:34:00,12.474212,37.871223,1,3500cnr
2025-07-08 14:44:00,12.475169,37.870636,1,3500cnr
2025-07-08 14:54:00,12.47615,37.87008,1,3500cnr
2025-07-08 15:04:00,12.477162,37.86956,1,3500cnr
2025-07-08 15:14:00,12.478195,37.86908,1,3500cnr
2025-07-08 15:24:00,12.479236,37.86863,1,3500cnr
2025-07-08 15:34:00,12.479236,37.86863,1,3500cnr
2025-07-08 15:44:00,12.479236,37.86863,1,3500cnr
2025-07-08 15:54:00,12.479236,37.86863,1,3500cnr
2025-07-08 16:04:00,12.479236,37.86863,1,3500cnr
2025-07-08 16:14:00,12.479236,37.86863,1,3500cnr
2025-07-08 16:24:00,12.479236,37.86863,1,3500cnr
2025-07-08 16:34:00,12.479734,37.868454,1,3500cnr
2025-07-08 16:44:00,12.479734,37.868454,1,3500cnr
2025-07-08 16:54:00,12.479734,37.868454,1,3500cnr
2025-07-08 17:04:00,12.479734,37.868454,1,3500cnr
2025-07-08 17:14:00,12.479734,37.868454,1,3500cnr
2025-07-08 17:24:00,12.479734,37.868454,1,3500cnr
2025-07-08 17:34:00,12.479734,37.868454,1,3500cnr
2025-07-08 17:44:00,12.479734,37.868454,1,3500cnr
2025-07-08 17:54:00,12.479734,37.868454,1,3500cnr
2025-07-08 18:04:00,12.479734,37.868454,1,3500cnr
2025-07-08 18:14:00,12.479734,37.868454,1,3500cnr
2025-07-08 18:24:00,12.479734,37.868454,1,3500cnr
2025-07-08 18:34:00,12.479734,37.868454,1,3500cnr
2025-07-08 18:44:00,12.479734,37.868454,1,3500cnr
2025-07-08 18:54:00,12.479734,37.868454,1,3500cnr
2025-07-08 19:04:00,12.479734,37.868454,1,3500cnr
2025-07-08 19:14:00,12.479734,37.868454,1,3500cnr
2025-07-08 19:24:00,12.479734,37.868454,1,3500cnr
2025-07-08 19:34:00,12.479734,37.868454,1,3500cnr
2025-07-08 19:44:00,12.479734,37.868454,1,3500cnr
2025-07-08 19:54:00,12.479734,37.868454,1,3500cnr
2025-07-08 20:04:00,12.479734,37.868454,1,3500cnr
2025-07-08 20:14:00,12.479734,37.868454,1,3500cnr
2025-07-08 20:24:00,12.479734,37.868454,1,3500cnr
2025-07-08 20:34:00,12.479734,37.868454,1,3500cnr
2025-07-08 20:44:00,12.479734,37.868454,1,3500cnr
2025-07-08 20:54:00,12.479734,37.868454,1,3500cnr
2025-07-08 21:04:00,12.479734,37.868454,1,3500cnr
2025-07-08 21:14:00,12.479734,37.868454,1,3500cnr
2025-07-08 21:24:00,12.479734,37.868454,1,3500cnr
2025-07-08 21:34:00,12.479734,37.868454,1,3500cnr
2025-07-08 21:44:00,12.479734,37.868454,1,3500cnr
2025-07-08 21:54:00,12.479734,37.868454,1,3500cnr
2025-07-08 22:04:00,12.479734,37.868454,1,3500cnr
2025-07-08 22:14:00,12.479734,37.868454,1,3500cnr
2025-07-08 22:24:00,12.479734,37.868454,1,3500cnr
2025-07-08 22:34:00,12.479734,37.868454,1,3500cnr
2025-07-08 22:44:00,12.479734,37.868454,1,3500cnr
2025-07-08 22:54:00,12.479734,37.868454,1,3500cnr
2025-07-08 23:04:00,12.479734,37.868454,1,3500cnr
2025-07-08 23:14:00,12.479734,37.868454,1,3500cnr
2025-07-08 23:24:00,12.479734,37.868454,1,3500cnr
2025-07-08 23:34:00,12.479734,37.868454,1,3500cnr
2025-07-08 23:44:00,12.479734,37.868454,1,3500cnr
2025-07-08 23:54:00,12.479734,37.868454,1,3500cnr
2025-07-09 00:04:00,12.479734,37.868454,1,3500cnr
2025-07-09 00:14:00,12.479734,37.868454,1,3500cnr
2025-07-09 00:24:00,12.479734,37.868454,1,3500cnr
2025-07-09 00:34:00,12.479734,37.868454,1,3500cnr
2025-07-09 00:44:00,12.479734,37.868454,1,3500cnr
2025-07-09 00:54:00,12.479734,37.868454,1,3500cnr
2025-07-09 01:04:00,12.479734,37.868454,1,3500cnr
2025-07-09 01:14:00,12.479734,37.868454,1,3500cnr
2025-07-09 01:24:00,12.479734,37.868454,1,3500cnr
2025-07-09 01:34:00,12.479734,37.868454,1,3500cnr
2025-07-09 01:44:00,12.479734,37.868454,1,3500cnr
2025-07-09 01:54:00,12.479734,37.868454,1,3500cnr
2025-07-09 02:04:00,12.479734,37.868454,1,3500cnr
2025-07-09 02:14:00,12.479734,37.868454,1,3500cnr
2025-07-09 02:24:00,12.479734,37.868454,1,3500cnr
2025-07-09 02:34:00,12.479734,37.868454,1,3500cnr
2025-07-09 02:44:00,12.479734,37.868454,1,3500cnr
2025-07-09 02:54:00,12.479734,37.868454,1,3500cnr
2025-07-09 03:04:00,12.479734,37.868454,1,3500cnr
2025-07-09 03:14:00,12.479734,37.868454,1,3500cnr
2025-07-09 03:24:00,12.479734,37.868454,1,3500cnr
2025-07-09 03:34:00,12.479734,37.868454,1,3500cnr
2025-07-09 03:44:00,12.479734,37.868454,1,3500cnr
2025-07-09 03:54:00,12.479734,37.868454,1,3500cnr
2025-07-09 04:04:00,12.479734,37.868454,1,3500cnr
2025-07-09 04:14:00,12.479734,37.868454,1,3500cnr
2025-07-09 04:24:00,12.479734,37.868454,1,3500cnr
2025-07-09 04:34:00,12.479734,37.868454,1,3500cnr
2025-07-09 04:44:00,12.479734,37.868454,1,3500cnr
2025-07-09 04:54:00,12.479734,37.868454,1,3500cnr
2025-07-09 05:04:00,12.479734,37.868454,1,3500cnr
2025-07-09 05:14:00,12.479734,37.868454,1,3500cnr
2025-07-09 05:24:00,12.479734,37.868454,1,3500cnr
2025-07-09 05:34:00,12.479734,37.868454,1,3500cnr
2025-07-09 05:44:00,12.479734,37.868454,1,3500cnr
2025-07-09 05:54:00,12.479734,37.868454,1,3500cnr
2025-07-09 06:04:00,12.479734,37.868454,1,3500cnr
2025-07-09 06:14:00,12.479734,37.868454,1,3500cnr
2025-07-09 06:24:00,12.479734,37.868454,1,3500cnr
2025-07-09 06:34:00,12.479734,37.868454,1,3500cnr
2025-07-09 06:44:00,12.479734,37.868454,1,3500cnr
2025-07-09 06:54:00,12.479734,37.868454,1,3500cnr
2025-07-09 07:04:00,12.479734,37.868454,1,3500cnr
2025-07-09 07:14:00,12.479734,37.868454,1,3500cnr
2025-07-09 07:24:00,12.479734,37.868454,1,3500cnr
2025-07-09 07:34:00,12.479734,37.868454,1,3500cnr
2025-07-09 07:44:00,12.479734,37.868454,1,3500cnr
2025-07-09 07:54:00,12.479734,37.868454,1,3500cnr
2025-07-09 08:04:00,12.479734,37.868454,1,3500cnr
2025-07-09 08:14:00,12.479734,37.868454,1,3500cnr
2025-07-09 08:24:00,12.479734,37.868454,1,3500cnr
2025-07-09 08:34:00,12.479734,37.868454,1,3500cnr
2025-07-09 08:44:00,12.479734,37.868454,1,3500cnr
2025-07-09 08:54:00,12.479734,37.868454,1,3500cnr
2025-07-09 09:04:00,12.479734,37.868454,1,3500cnr
2025-07-09 09:14:00,12.479734,37.868454,1,3500cnr
2025-07-09 09:24:00,12.479734,37.868454,1,3500cnr
2025-07-09 09:34:00,12.479734,37.868454,1,3500cnr
2025-07-09 09:44:00,12.479734,37.868454,1,3500cnr
2025-07-09 09:54:00,12.479734,37.868454,1,3500cnr
2025-07-09 10:04:00,12.479734,37.868454,1,3500cnr
2025-07-09 10:14:00,12.479734,37.868454,1,3500cnr
2025-07-09 10:24:00,12.479734,37.868454,1,3500cnr
2025-07-09 10:34:00,12.479734,37.868454,1,3500cnr
2025-07-09 10:44:00,12.479734,37.868454,1,3500cnr
2025-07-09 10:54:00,12.479734,37.868454,1,3500cnr
2025-07-09 11:04:00,12.479734,37.868454,1,3500cnr
2025-07-09 11:14:00,12.479734,37.868454,1,3500cnr
2025-07-09 11:24:00,12.479734,37.868454,1,3500cnr
2025-07-09 11:34:00,12.479734,37.868454,1,3500cnr
2025-07-09 11:44:00,12.479734,37.868454,1,3500cnr
2025-07-09 11:54:00,12.479734,37.868454,1,3500cnr
2025-07-09 12:04:00,12.479734,37.868454,1,3500cnr
2025-07-09 12:14:00,12.479734,37.868454,1,3500cnr
2025-07-09 12:24:00,12.479734,37.868454,1,3500cnr
2025-07-09 12:34:00,12.479734,37.868454,1,3500cnr
2025-07-09 12:44:00,12.479734,37.868454,1,3500cnr
2025-07-09 12:54:00,12.479734,37.868454,1,3500cnr
2025-07-09 13:04:00,12.479734,37.868454,1,3500cnr
2025-07-09 13:14:00,12.479734,37.868454,1,3500cnr
2025-07-09 13:24:00,12.479734,37.868454,1,3500cnr
2025-07-09 13:34:00,12.479734,37.868454,1,3500cnr
2025-07-09 13:44:00,12.479734,37.868454,1,3500cnr
2025-07-09 13:54:00,12.479734,37.868454,1,3500cnr
2025-07-09 14:04:00,12.479734,37.868454,1,3500cnr
2025-07-09 14:14:00,12.479734,37.868454,1,3500cnr
2025-07-09 14:24:00,12.479734,37.868454,1,3500cnr
2025-07-09 14:34:00,12.479734,37.868454,1,3500cnr
2025-07-09 14:44:00,12.479734,37.868454,1,3500cnr
2025-07-09 14:54:00,12.479734,37.868454,1,3500cnr
2025-07-09 15:04:00,12.479734,37.868454,1,3500cnr
2025-07-09 15:14:00,12.479734,37.868454,1,3500cnr
2025-07-09 15:24:00,12.479734,37.868454,1,3500cnr
2025-07-09 15:34:00,12.479734,37.868454,1,3500cnr
2025-07-09 15:44:00,12.479734,37.868454,1,3500cnr
2025-07-09 15:54:00,12.479734,37.868454,1,3500cnr
2025-07-09 16:04:00,12.479734,37.868454,1,3500cnr
2025-07-09 16:14:00,12.479734,37.868454,1,3500cnr
2025-07-09 16:24:00,12.479734,37.868454,1,3500cnr
2025-07-09 16:34:00,12.479734,37.868454,1,3500cnr
2025-07-09 16:44:00,12.479734,37.868454,1,3500cnr
2025-07-09 16:54:00,12.479734,37.868454,1,3500cnr
2025-07-09 17:04:00,12.479734,37.868454,1,3500cnr
2025-07-09 17:14:00,12.479734,37.868454,1,3500cnr
2025-07-09 17:24:00,12.479734,37.868454,1,3500cnr
2025-07-09 17:34:00,12.479734,37.868454,1,3500cnr
2025-07-09 17:44:00,12.479734,37.868454,1,3500cnr
2025-07-09 17:54:00,12.479734,37.868454,1,3500cnr
2025-07-09 18:04:00,12.479734,37.868454,1,3500cnr
2025-07-09 18:14:00,12.479734,37.868454,1,3500cnr
2025-07-09 18:24:00,12.479734,37.868454,1,3500cnr
2025-07-09 18:34:00,12.479734,37.868454,1,3500cnr
2025-07-09 18:44:00,12.479734,37.868454,1,3500cnr
2025-07-09 18:54:00,12.479734,37.868454,1,3500cnr
2025-07-09 19:04:00,12.479734,37.868454,1,3500cnr
2025-07-09 19:14:00,12.479734,37.868454,1,3500cnr
2025-07-09 19:24:00,12.479734,37.868454,1,3500cnr
2025-07-09 19:34:00,12.479734,37.868454,1,3500cnr
2025-07-09 19:44:00,12.479734,37.868454,1,3500cnr
2025-07-09 19:54:00,12.479734,37.868454,1,3500cnr
2025-07-09 20:04:00,12.479734,37.868454,1,3500cnr
2025-07-09 20:14:00,12.479734,37.868454,1,3500cnr
2025-07-09 20:24:00,12.479734,37.868454,1,3500cnr
2025-07-09 20:34:00,12.479734,37.868454,1,3500cnr
2025-07-09 20:44:00,12.479734,37.868454,1,3500cnr
2025-07-09 20:54:00,12.479734,37.868454,1,3500cnr
2025-07-09 21:04:00,12.479734,37.868454,1,3500cnr
2025-07-09 21:14:00,12.479734,37.868454,1,3500cnr
2025-07-09 21:24:00,12.479734,37.868454,1,3500cnr
2025-07-09 21:34:00,12.479734,37.868454,1,3500cnr
2025-07-09 21:44:00,12.479734,37.868454,1,3500cnr
2025-07-09 21:54:00,12.479734,37.868454,1,3500cnr
2025-07-09 22:04:00,12.479734,37.868454,1,3500cnr
2025-07-09 22:14:00,12.479734,37.868454,1,3500cnr
2025-07-09 22:24:00,12.479734,37.868454,1,3500cnr
2025-07-09 22:34:00,12.479734,37.868454,1,3500cnr
2025-07-09 22:44:00,12.479734,37.868454,1,3500cnr
2025-07-09 22:54:00,12.479734,37.868454,1,3500cnr
2025-07-09 23:04:00,12.479734,37.868454,1,3500cnr
2025-07-09 23:14:00,12.479734,37.868454,1,3500cnr
2025-07-09 23:24:00,12.479734,37.868454,1,3500cnr
2025-07-09 23:34:00,12.479734,37.868454,1,3500cnr
2025-07-09 23:44:00,12.479734,37.868454,1,3500cnr
2025-07-09 23:54:00,12.479734,37.868454,1,3500cnr
2025-07-10 00:04:00,12.479734,37.868454,1,3500cnr
2025-07-08 07:14:00,12.45476,37.87428,1,3680cnr
2025-07-08 07:24:00,12.455145,37.87452,1,3680cnr
2025-07-08 07:34:00,12.455549,37.874775,1,3680cnr
2025-07-08 07:44:00,12.4559765,37.875046,1,3680cnr
2025-07-08 07:54:00,12.456425,37.87534,1,3680cnr
2025-07-08 08:04:00,12.456897,37.87566,1,3680cnr
2025-07-08 08:14:00,12.457381,37.875984,1,3680cnr
2025-07-08 08:24:00,12.457878,37.87631,1,3680cnr
2025-07-08 08:34:00,12.458389,37.876617,1,3680cnr
2025-07-08 08:44:00,12.45892,37.876926,1,3680cnr
2025-07-08 08:54:00,12.459475,37.877228,1,3680cnr
2025-07-08 09:04:00,12.460056,37.87752,1,3680cnr
2025-07-08 09:14:00,12.460682,37.87781,1,3680cnr
2025-07-08 09:24:00,12.460682,37.87781,1,3680cnr
2025-07-08 09:34:00,12.460682,37.87781,1,3680cnr
2025-07-08 09:44:00,12.460682,37.87781,1,3680cnr
2025-07-08 09:54:00,12.460682,37.87781,1,3680cnr
2025-07-08 10:04:00,12.461098,37.877914,1,3680cnr
2025-07-08 10:14:00,12.461098,37.877914,1,3680cnr
2025-07-08 10:24:00,12.461098,37.877914,1,3680cnr
2025-07-08 10:34:00,12.461098,37.877914,1,3680cnr
2025-07-08 10:44:00,12.461098,37.877914,1,3680cnr
2025-07-08 10:54:00,12.461098,37.877914,1,3680cnr
2025-07-08 11:04:00,12.461098,37.877914,1,3680cnr
2025-07-08 11:14:00,12.461098,37.877914,1,3680cnr
2025-07-08 11:24:00,12.461098,37.877914,1,3680cnr
2025-07-08 11:34:00,12.461393,37.877903,1,3680cnr
2025-07-08 11:44:00,12.461948,37.877846,1,3680cnr
2025-07-08 11:54:00,12.462456,37.877743,1,3680cnr
2025-07-08 12:04:00,12.462918,37.87759,1,3680cnr
2025-07-08 12:14:00,12.463394,37.877415,1,3680cnr
2025-07-08 12:24:00,12.463908,37.87722,1,3680cnr
2025-07-08 12:34:00,12.464458,37.877007,1,3680cnr
2025-07-08 12:44:00,12.4650345,37.87676,1,3680cnr
2025-07-08 12:54:00,12.465635,37.87647,1,3680cnr
2025-07-08 13:04:00,12.466268,37.87615,1,3680cnr
2025-07-08 13:14:00,12.466948,37.87578,1,3680cnr
2025-07-08 13:24:00,12.467683,37.875355,1,3680cnr
2025-07-08 13:34:00,12.468472,37.87488,1,3680cnr
2025-07-08 13:44:00,12.469307,37.874355,1,3680cnr
2025-07-08 13:54:00,12.470181,37.87377,1,3680cnr
2025-07-08 14:04:00,12.471132,37.87314,1,3680cnr
2025-07-08 14:14:00,12.472124,37.872486,1,3680cnr
2025-07-08 14:24:00,12.473118,37.871834,1,3680cnr
2025-07-08 14:34:00,12.474087,37.871212,1,3680cnr
2025-07-08 14:44:00,12.475043,37.87062,1,3680cnr
2025-07-08 14:54:00,12.476024,37.87006,1,3680cnr
2025-07-08 15:04:00,12.4770355,37.869537,1,3680cnr
2025-07-08 15:14:00,12.478066,37.869053,1,3680cnr
2025-07-08 15:24:00,12.479108,37.868603,1,3680cnr
2025-07-08 15:34:00,12.479626,37.86838,1,3680cnr
2025-07-08 15:44:00,12.479626,37.86838,1,3680cnr
2025-07-08 15:54:00,12.479626,37.86838,1,3680cnr
2025-07-08 16:04:00,12.479626,37.86838,1,3680cnr
2025-07-08 16:14:00,12.479626,37.86838,1,3680cnr
2025-07-08 16:24:00,12.479626,37.86838,1,3680cnr
2025-07-08 16:34:00,12.479626,37.86838,1,3680cnr
2025-07-08 16:44:00,12.479626,37.86838,1,3680cnr
2025-07-08 16:54:00,12.479626,37.86838,1,3680cnr
2025-07-08 17:04:00,12.479626,37.86838,1,3680cnr
2025-07-08 17:14:00,12.479626,37.86838,1,3680cnr
2025-07-08 17:24:00,12.479626,37.86838,1,3680cnr
2025-07-08 17:34:00,12.479626,37.86838,1,3680cnr
2025-07-08 17:44:00,12.479626,37.86838,1,3680cnr
2025-07-08 17:54:00,12.479626,37.86838,1,3680cnr
2025-07-08 18:04:00,12.479626,37.86838,1,3680cnr
2025-07-08 18:14:00,12.479626,37.86838,1,3680cnr
2025-07-08 18:24:00,12.479626,37.86838,1,3680cnr
2025-07-08 18:34:00,12.479626,37.86838,1,3680cnr
2025-07-08 18:44:00,12.479626,37.86838,1,3680cnr
2025-07-08 18:54:00,12.479626,37.86838,1,3680cnr
2025-07-08 19:04:00,12.479626,37.86838,1,3680cnr
2025-07-08 19:14:00,12.479626,37.86838,1,3680cnr
2025-07-08 19:24:00,12.479626,37.86838,1,3680cnr
2025-07-08 19:34:00,12.479626,37.86838,1,3680cnr
2025-07-08 19:44:00,12.479626,37.86838,1,3680cnr
2025-07-08 19:54:00,12.479626,37.86838,1,3680cnr
2025-07-08 20:04:00,12.479626,37.86838,1,3680cnr
2025-07-08 20:14:00,12.479626,37.86838,1,3680cnr
2025-07-08 20:24:00,12.479626,37.86838,1,3680cnr
2025-07-08 20:34:00,12.479626,37.86838,1,3680cnr
2025-07-08 20:44:00,12.479626,37.86838,1,3680cnr
2025-07-08 20:54:00,12.479626,37.86838,1,3680cnr
2025-07-08 21:04:00,12.479626,37.86838,1,3680cnr
2025-07-08 21:14:00,12.479626,37.86838,1,3680cnr
2025-07-08 21:24:00,12.479626,37.86838,1,3680cnr
2025-07-08 21:34:00,12.479626,37.86838,1,3680cnr
2025-07-08 21:44:00,12.479626,37.86838,1,3680cnr
2025-07-08 21:54:00,12.479626,37.86838,1,3680cnr
2025-07-08 22:04:00,12.479626,37.86838,1,3680cnr
2025-07-08 22:14:00,12.479626,37.86838,1,3680cnr
2025-07-08 22:24:00,12.479626,37.86838,1,3680cnr
2025-07-08 22:34:00,12.479626,37.86838,1,3680cnr
2025-07-08 22:44:00,12.479626,37.86838,1,3680cnr
2025-07-08 22:54:00,12.479626,37.86838,1,3680cnr
2025-07-08 23:04:00,12.479626,37.86838,1,3680cnr
2025-07-08 23:14:00,12.479626,37.86838,1,3680cnr
2025-07-08 23:24:00,12.479626,37.86838,1,3680cnr
2025-07-08 23:34:00,12.479626,37.86838,1,3680cnr
2025-07-08 23:44:00,12.479626,37.86838,1,3680cnr
2025-07-08 23:54:00,12.479626,37.86838,1,3680cnr
2025-07-09 00:04:00,12.479626,37.86838,1,3680cnr
2025-07-09 00:14:00,12.479626,37.86838,1,3680cnr
2025-07-09 00:24:00,12.479626,37.86838,1,3680cnr
2025-07-09 00:34:00,12.479626,37.86838,1,3680cnr
2025-07-09 00:44:00,12.479626,37.86838,1,3680cnr
2025-07-09 00:54:00,12.479626,37.86838,1,3680cnr
2025-07-09 01:04:00,12.479626,37.86838,1,3680cnr
2025-07-09 01:14:00,12.479626,37.86838,1,3680cnr
2025-07-09 01:24:00,12.479626,37.86838,1,3680cnr
2025-07-09 01:34:00,12.479626,37.86838,1,3680cnr
2025-07-09 01:44:00,12.479626,37.86838,1,3680cnr
2025-07-09 01:54:00,12.479626,37.86838,1,3680cnr
2025-07-09 02:04:00,12.479626,37.86838,1,3680cnr
2025-07-09 02:14:00,12.479626,37.86838,1,3680cnr
2025-07-09 02:24:00,12.479626,37.86838,1,3680cnr
2025-07-09 02:34:00,12.479626,37.86838,1,3680cnr
2025-07-09 02:44:00,12.479626,37.86838,1,3680cnr
2025-07-09 02:54:00,12.479626,37.86838,1,3680cnr
2025-07-09 03:04:00,12.479626,37.86838,1,3680cnr
2025-07-09 03:14:00,12.479626,37.86838,1,3680cnr
2025-07-09 03:24:00,12.479626,37.86838,1,3680cnr
2025-07-09 03:34:00,12.479626,37.86838,1,3680cnr
2025-07-09 03:44:00,12.479626,37.86838,1,3680cnr
2025-07-09 03:54:00,12.479626,37.86838,1,3680cnr
2025-07-09 04:04:00,12.479626,37.86838,1,3680cnr
2025-07-09 04:14:00,12.479626,37.86838,1,3680cnr
2025-07-09 04:24:00,12.479626,37.86838,1,3680cnr
2025-07-09 04:34:00,12.479626,37.86838,1,3680cnr
2025-07-09 04:44:00,12.479626,37.86838,1,3680cnr
2025-07-09 04:54:00,12.479626,37.86838,1,3680cnr
2025-07-09 05:04:00,12.479626,37.86838,1,3680cnr
2025-07-09 05:14:00,12.479626,37.86838,1,3680cnr
2025-07-09 05:24:00,12.479626,37.86838,1,3680cnr
2025-07-09 05:34:00,12.479626,37.86838,1,3680cnr
2025-07-09 05:44:00,12.479626,37.86838,1,3680cnr
2025-07-09 05:54:00,12.479626,37.86838,1,3680cnr
2025-07-09 06:04:00,12.479626,37.86838,1,3680cnr
2025-07-09 06:14:00,12.479626,37.86838,1,3680cnr
2025-07-09 06:24:00,12.479626,37.86838,1,3680cnr
2025-07-09 06:34:00,12.479626,37.86838,1,3680cnr
2025-07-09 06:44:00,12.479626,37.86838,1,3680cnr
2025-07-09 06:54:00,12.479626,37.86838,1,3680cnr
2025-07-09 07:04:00,12.479626,37.86838,1,3680cnr
2025-07-09 07:14:00,12.479626,37.86838,1,3680cnr
2025-07-09 07:24:00,12.479626,37.86838,1,3680cnr
2025-07-09 07:34:00,12.479626,37.86838,1,3680cnr
2025-07-09 07:44:00,12.479626,37.86838,1,3680cnr
2025-07-09 07:54:00,12.479626,37.86838,1,3680cnr
2025-07-09 08:04:00,12.479626,37.86838,1,3680cnr
2025-07-09 08:14:00,12.479626,37.86838,1,3680cnr
2025-07-09 08:24:00,12.479626,37.86838,1,3680cnr
2025-07-09 08:34:00,12.479626,37.86838,1,3680cnr
2025-07-09 08:44:00,12.479626,37.86838,1,3680cnr
2025-07-09 08:54:00,12.479626,37.86838,1,3680cnr
2025-07-09 09:04:00,12.479626,37.86838,1,3680cnr
2025-07-09 09:14:00,12.479626,37.86838,1,3680cnr
2025-07-09 09:24:00,12.479626,37.86838,1,3680cnr
2025-07-09 09:34:00,12.479626,37.86838,1,3680cnr
2025-07-09 09:44:00,12.479626,37.86838,1,3680cnr
2025-07-09 09:54:00,12.479626,37.86838,1,3680cnr
2025-07-09 10:04:00,12.479626,37.86838,1,3680cnr
2025-07-09 10:14:00,12.479626,37.86838,1,3680cnr
2025-07-09 10:24:00,12.479626,37.86838,1,3680cnr
2025-07-09 10:34:00,12.479626,37.86838,1,3680cnr
2025-07-09 10:44:00,12.479626,37.86838,1,3680cnr
2025-07-09 10:54:00,12.479626,37.86838,1,3680cnr
2025-07-09 11:04:00,12.479626,37.86838,1,3680cnr
2025-07-09 11:14:00,12.479626,37.86838,1,3680cnr
2025-07-09 11:24:00,12.479626,37.86838,1,3680cnr
2025-07-09 11:34:00,12.479626,37.86838,1,3680cnr
2025-07-09 11:44:00,12.479626,37.86838,1,3680cnr
2025-07-09 11:54:00,12.479626,37.86838,1,3680cnr
2025-07-09 12:04:00,12.479626,37.86838,1,3680cnr
2025-07-09 12:14:00,12.479626,37.86838,1,3680cnr
2025-07-09 12:24:00,12.479626,37.86838,1,3680cnr
2025-07-09 12:34:00,12.479626,37.86838,1,3680cnr
2025-07-09 12:44:00,12.479626,37.86838,1,3680cnr
2025-07-09 12:54:00,12.479626,37.86838,1,3680cnr
2025-07-09 13:04:00,12.479626,37.86838,1,3680cnr
2025-07-09 13:14:00,12.479626,37.86838,1,3680cnr
2025-07-09 13:24:00,12.479626,37.86838,1,3680cnr
2025-07-09 13:34:00,12.479626,37.86838,1,3680cnr
2025-07-09 13:44:00,12.479626,37.86838,1,3680cnr
2025-07-09 13:54:00,12.479626,37.86838,1,3680cnr
2025-07-09 14:04:00,12.479626,37.86838,1,3680cnr
2025-07-09 14:14:00,12.479626,37.86838,1,3680cnr
2025-07-09 14:24:00,12.479626,37.86838,1,3680cnr
2025-07-09 14:34:00,12.479626,37.86838,1,3680cnr
2025-07-09 14:44:00,12.479626,37.86838,1,3680cnr
2025-07-09 14:54:00,12.479541,37.867702,1,3680cnr
2025-07-09 15:04:00,12.479541,37.867702,1,3680cnr
2025-07-09 15:14:00,12.479541,37.867702,1,3680cnr
2025-07-09 15:24:00,12.479541,37.867702,1,3680cnr
2025-07-09 15:34:00,12.479541,37.867702,1,3680cnr
2025-07-09 15:44:00,12.479541,37.867702,1,3680cnr
2025-07-09 15:54:00,12.479541,37.867702,1,3680cnr
2025-07-09 16:04:00,12.479541,37.867702,1,3680cnr
2025-07-09 16:14:00,12.479541,37.867702,1,3680cnr
2025-07-09 16:24:00,12.479541,37.867702,1,3680cnr
2025-07-09 16:34:00,12.479541,37.867702,1,3680cnr
2025-07-09 16:44:00,12.479541,37.867702,1,3680cnr
2025-07-09 16:54:00,12.479541,37.867702,1,3680cnr
2025-07-09 17:04:00,12.479541,37.867702,1,3680cnr
2025-07-09 17:14:00,12.479541,37.867702,1,3680cnr
2025-07-09 17:24:00,12.479541,37.867702,1,3680cnr
2025-07-09 17:34:00,12.479541,37.867702,1,3680cnr
2025-07-09 17:44:00,12.479541,37.867702,1,3680cnr
2025-07-09 17:54:00,12.479541,37.867702,1,3680cnr
2025-07-09 18:04:00,12.479541,37.867702,1,3680cnr
2025-07-09 18:14:00,12.479541,37.867702,1,3680cnr
2025-07-09 18:24:00,12.479541,37.867702,1,3680cnr
2025-07-09 18:34:00,12.479541,37.867702,1,3680cnr
2025-07-09 18:44:00,12.479541,37.867702,1,3680cnr
2025-07-09 18:54:00,12.479541,37.867702,1,3680cnr
2025-07-09 19:04:00,12.479541,37.867702,1,3680cnr
2025-07-09 19:14:00,12.479541,37.867702,1,3680cnr
2025-07-09 19:24:00,12.479541,37.867702,1,3680cnr
2025-07-09 19:34:00,12.479541,37.867702,1,3680cnr
2025-07-09 19:44:00,12.479541,37.867702,1,3680cnr
2025-07-09 19:54:00,12.479541,37.867702,1,3680cnr
2025-07-09 20:04:00,12.479541,37.867702,1,3680cnr
2025-07-09 20:14:00,12.479541,37.867702,1,3680cnr
2025-07-09 20:24:00,12.479541,37.867702,1,3680cnr
2025-07-09 20:34:00,12.479541,37.867702,1,3680cnr
2025-07-09 20:44:00,12.479541,37.867702,1,3680cnr
2025-07-09 20:54:00,12.479541,37.867702,1,3680cnr
2025-07-09 21:04:00,12.479541,37.867702,1,3680cnr
2025-07-09 21:14:00,12.479541,37.867702,1,3680cnr
2025-07-09 21:24:00,12.479541,37.867702,1,3680cnr
2025-07-09 21:34:00,12.479541,37.867702,1,3680cnr
2025-07-09 21:44:00,12.479541,37.867702,1,3680cnr
2025-07-09 21:54:00,12.479541,37.867702,1,3680cnr
2025-07-09 22:04:00,12.479541,37.867702,1,3680cnr
2025-07-09 22:14:00,12.479541,37.867702,1,3680cnr
2025-07-09 22:24:00,12.479541,37.867702,1,3680cnr
2025-07-09 22:34:00,12.479541,37.867702,1,3680cnr
2025-07-09 22:44:00,12.479541,37.867702,1,3680cnr
2025-07-09 22:54:00,12.479541,37.867702,1,3680cnr
2025-07-09 23:04:00,12.479541,37.867702,1,3680cnr
2025-07-09 23:14:00,12.479541,37.867702,1,3680cnr
2025-07-09 23:24:00,12.479541,37.867702,1,3680cnr
2025-07-09 23:34:00,12.479541,37.867702,1,3680cnr
2025-07-09 23:44:00,12.479541,37.867702,1,3680cnr
2025-07-09 23:54:00,12.479541,37.867702,1,3680cnr
2025-07-10 00:04:00,12.479541,37.867702,1,3680cnr
2025-07-08 07:44:00,12.45682,37.86798,2,1520
2025-07-08 07:54:00,12.457273,37.868282,2,1520
2025-07-08 08:04:00,12.45774,37.86859,2,1520
2025-07-08 08:14:00,12.458211,37.86889,2,1520
2025-07-08 08:24:00,12.458679,37.86916,2,1520
2025-07-08 08:34:00,12.459147,37.869404,2,1520
2025-07-08 08:44:00,12.459617,37.86963,2,1520
2025-07-08 08:54:00,12.460088,37.86984,2,1520
2025-07-08 09:04:00,12.46056,37.87002,2,1520
2025-07-08 09:14:00,12.461046,37.87019,2,1520
2025-07-08 09:24:00,12.461556,37.870342,2,1520
2025-07-08 09:34:00,12.4620905,37.870476,2,1520
2025-07-08 09:44:00,12.462653,37.8706,2,1520
2025-07-08 09:54:00,12.463249,37.870728,2,1520
2025-07-08 10:04:00,12.463877,37.870853,2,1520
2025-07-08 10:14:00,12.464505,37.870983,2,1520
2025-07-08 10:24:00,12.465128,37.871136,2,1520
2025-07-08 10:34:00,12.465746,37.871307,2,1520
2025-07-08 10:44:00,12.466364,37.87149,2,1520
2025-07-08 10:54:00,12.466999,37.871677,2,1520
2025-07-08 11:04:00,12.467657,37.87186,2,1520
2025-07-08 11:14:00,12.468309,37.872,2,1520
2025-07-08 11:24:00,12.468939,37.872086,2,1520
2025-07-08 11:34:00,12.469544,37.87211,2,1520
2025-07-08 11:44:00,12.470132,37.872078,2,1520
2025-07-08 11:54:00,12.470692,37.871983,2,1520
2025-07-08 12:04:00,12.471212,37.871815,2,1520
2025-07-08 12:14:00,12.47175,37.8716,2,1520
2025-07-08 12:24:00,12.472327,37.871346,2,1520
2025-07-08 12:34:00,12.4729395,37.87105,2,1520
2025-07-08 12:44:00,12.473589,37.870712,2,1520
2025-07-08 12:54:00,12.47428,37.87033,2,1520
2025-07-08 13:04:00,12.475007,37.869926,2,1520
2025-07-08 13:14:00,12.475768,37.86952,2,1520
2025-07-08 13:24:00,12.476573,37.8691,2,1520
2025-07-08 13:34:00,12.4774275,37.868656,2,1520
2025-07-08 13:44:00,12.478333,37.868187,2,1520
2025-07-08 13:54:00,12.479288,37.86768,2,1520
2025-07-08 14:04:00,12.479288,37.86768,2,1520
2025-07-08 14:14:00,12.479288,37.86768,2,1520
2025-07-08 14:24:00,12.479288,37.86768,2,1520
2025-07-08 14:34:00,12.479288,37.86768,2,1520
2025-07-08 14:44:00,12.479288,37.86768,2,1520
2025-07-08 14:54:00,12.479288,37.86768,2,1520
2025-07-08 15:04:00,12.479288,37.86768,2,1520
2025-07-08 15:14:00,12.479288,37.86768,2,1520
2025-07-08 15:24:00,12.479288,37.86768,2,1520
2025-07-08 15:34:00,12.479288,37.86768,2,1520
2025-07-08 15:44:00,12.479288,37.86768,2,1520
2025-07-08 15:54:00,12.479288,37.86768,2,1520
2025-07-08 16:04:00,12.479288,37.86768,2,1520
2025-07-08 16:14:00,12.479288,37.86768,2,1520
2025-07-08 16:24:00,12.479288,37.86768,2,1520
2025-07-08 16:34:00,12.479288,37.86768,2,1520
2025-07-08 16:44:00,12.479288,37.86768,2,1520
2025-07-08 16:54:00,12.479288,37.86768,2,1520
2025-07-08 17:04:00,12.479288,37.86768,2,1520
2025-07-08 17:14:00,12.479288,37.86768,2,1520
2025-07-08 17:24:00,12.479288,37.86768,2,1520
2025-07-08 17:34:00,12.479288,37.86768,2,1520
2025-07-08 17:44:00,12.479288,37.86768,2,1520
2025-07-08 17:54:00,12.479288,37.86768,2,1520
2025-07-08 18:04:00,12.479288,37.86768,2,1520
2025-07-08 18:14:00,12.479288,37.86768,2,1520
2025-07-08 18:24:00,12.479288,37.86768,2,1520
2025-07-08 18:34:00,12.479288,37.86768,2,1520
2025-07-08 18:44:00,12.479288,37.86768,2,1520
2025-07-08 18:54:00,12.479288,37.86768,2,1520
2025-07-08 19:04:00,12.479288,37.86768,2,1520
2025-07-08 19:14:00,12.479288,37.86768,2,1520
2025-07-08 19:24:00,12.479288,37.86768,2,1520
2025-07-08 19:34:00,12.479288,37.86768,2,1520
2025-07-08 19:44:00,12.479288,37.86768,2,1520
2025-07-08 19:54:00,12.479288,37.86768,2,1520
2025-07-08 20:04:00,12.479288,37.86768,2,1520
2025-07-08 20:14:00,12.479288,37.86768,2,1520
2025-07-08 20:24:00,12.479288,37.86768,2,1520
2025-07-08 20:34:00,12.479288,37.86768,2,1520
2025-07-08 20:44:00,12.479288,37.86768,2,1520
2025-07-08 20:54:00,12.479288,37.86768,2,1520
2025-07-08 21:04:00,12.479288,37.86768,2,1520
2025-07-08 21:14:00,12.479288,37.86768,2,1520
2025-07-08 21:24:00,12.479288,37.86768,2,1520
2025-07-08 21:34:00,12.479288,37.86768,2,1520
2025-07-08 21:44:00,12.479288,37.86768,2,1520
2025-07-08 21:54:00,12.479288,37.86768,2,1520
2025-07-08 22:04:00,12.479288,37.86768,2,1520
2025-07-08 22:14:00,12.479288,37.86768,2,1520
2025-07-08 22:24:00,12.479288,37.86768,2,1520
2025-07-08 22:34:00,12.479288,37.86768,2,1520
2025-07-08 22:44:00,12.479288,37.86768,2,1520
2025-07-08 22:54:00,12.479288,37.86768,2,1520
2025-07-08 23:04:00,12.479288,37.86768,2,1520
2025-07-08 23:14:00,12.479288,37.86768,2,1520
2025-07-08 23:24:00,12.479288,37.86768,2,1520
2025-07-08 23:34:00,12.479288,37.86768,2,1520
2025-07-08 23:44:00,12.479288,37.86768,2,1520
2025-07-08 23:54:00,12.479288,37.86768,2,1520
2025-07-09 00:04:00,12.479288,37.86768,2,1520
2025-07-09 00:14:00,12.479288,37.86768,2,1520
2025-07-09 00:24:00,12.479288,37.86768,2,1520
2025-07-09 00:34:00,12.479288,37.86768,2,1520
2025-07-09 00:44:00,12.479288,37.86768,2,1520
2025-07-09 00:54:00,12.479288,37.86768,2,1520
2025-07-09 01:04:00,12.479288,37.86768,2,1520
2025-07-09 01:14:00,12.479288,37.86768,2,1520
2025-07-09 01:24:00,12.479288,37.86768,2,1520
2025-07-09 01:34:00,12.479288,37.86768,2,1520
2025-07-09 01:44:00,12.479288,37.86768,2,1520
2025-07-09 01:54:00,12.479288,37.86768,2,1520
2025-07-09 02:04:00,12.479288,37.86768,2,1520
2025-07-09 02:14:00,12.479288,37.86768,2,1520
2025-07-09 02:24:00,12.479288,37.86768,2,1520
2025-07-09 02:34:00,12.479288,37.86768,2,1520
2025-07-09 02:44:00,12.479288,37.86768,2,1520
2025-07-09 02:54:00,12.479288,37.86768,2,1520
2025-07-09 03:04:00,12.479288,37.86768,2,1520
2025-07-09 03:14:00,12.479288,37.86768,2,1520
2025-07-09 03:24:00,12.479288,37.86768,2,1520
2025-07-09 03:34:00,12.479288,37.86768,2,1520
2025-07-09 03:44:00,12.479288,37.86768,2,1520
2025-07-09 03:54:00,12.479288,37.86768,2,1520
2025-07-09 04:04:00,12.479288,37.86768,2,1520
2025-07-09 04:14:00,12.479288,37.86768,2,1520
2025-07-09 04:24:00,12.479288,37.86768,2,1520
2025-07-09 04:34:00,12.479288,37.86768,2,1520
2025-07-09 04:44:00,12.479288,37.86768,2,1520
2025-07-09 04:54:00,12.479288,37.86768,2,1520
2025-07-09 05:04:00,12.479288,37.86768,2,1520
2025-07-09 05:14:00,12.479288,37.86768,2,1520
2025-07-09 05:24:00,12.479288,37.86768,2,1520
2025-07-09 05:34:00,12.479288,37.86768,2,1520
2025-07-09 05:44:00,12.479288,37.86768,2,1520
2025-07-09 05:54:00,12.479288,37.86768,2,1520
2025-07-09 06:04:00,12.479288,37.86768,2,1520
2025-07-09 06:14:00,12.479288,37.86768,2,1520
2025-07-09 06:24:00,12.479288,37.86768,2,1520
2025-07-09 06:34:00,12.479288,37.86768,2,1520
2025-07-09 06:44:00,12.479288,37.86768,2,1520
2025-07-09 06:54:00,12.479288,37.86768,2,1520
2025-07-09 07:04:00,12.479288,37.86768,2,1520
2025-07-09 07:14:00,12.479288,37.86768,2,1520
2025-07-09 07:24:00,12.479288,37.86768,2,1520
2025-07-09 07:34:00,12.479288,37.86768,2,1520
2025-07-09 07:44:00,12.479288,37.86768,2,1520
2025-07-09 07:54:00,12.479288,37.86768,2,1520
2025-07-09 08:04:00,12.479288,37.86768,2,1520
2025-07-09 08:14:00,12.479288,37.86768,2,1520
2025-07-09 08:24:00,12.479288,37.86768,2,1520
2025-07-09 08:34:00,12.479288,37.86768,2,1520
2025-07-09 08:44:00,12.479288,37.86768,2,1520
2025-07-09 08:54:00,12.479288,37.86768,2,1520
2025-07-09 09:04:00,12.479288,37.86768,2,1520
2025-07-09 09:14:00,12.479288,37.86768,2,1520
2025-07-09 09:24:00,12.479288,37.86768,2,1520
2025-07-09 09:34:00,12.479288,37.86768,2,1520
2025-07-09 09:44:00,12.479288,37.86768,2,1520
2025-07-09 09:54:00,12.479288,37.86768,2,1520
2025-07-09 10:04:00,12.479288,37.86768,2,1520
2025-07-09 10:14:00,12.479288,37.86768,2,1520
2025-07-09 10:24:00,12.479288,37.86768,2,1520
2025-07-09 10:34:00,12.479288,37.86768,2,1520
2025-07-09 10:44:00,12.479288,37.86768,2,1520
2025-07-09 10:54:00,12.479288,37.86768,2,1520
2025-07-09 11:04:00,12.479288,37.86768,2,1520
2025-07-09 11:14:00,12.479288,37.86768,2,1520
2025-07-09 11:24:00,12.479288,37.86768,2,1520
2025-07-09 11:34:00,12.479288,37.86768,2,1520
2025-07-09 11:44:00,12.479288,37.86768,2,1520
2025-07-09 11:54:00,12.479288,37.86768,2,1520
2025-07-09 12:04:00,12.479288,37.86768,2,1520
2025-07-09 12:14:00,12.479288,37.86768,2,1520
2025-07-09 12:24:00,12.479288,37.86768,2,1520
2025-07-09 12:34:00,12.479288,37.86768,2,1520
2025-07-09 12:44:00,12.479288,37.86768,2,1520
2025-07-09 12:54:00,12.479288,37.86768,2,1520
2025-07-09 13:04:00,12.479288,37.86768,2,1520
2025-07-09 13:14:00,12.479288,37.86768,2,1520
2025-07-09 13:24:00,12.479288,37.86768,2,1520
2025-07-09 13:34:00,12.479288,37.86768,2,1520
2025-07-09 13:44:00,12.479288,37.86768,2,1520
2025-07-09 13:54:00,12.479288,37.86768,2,1520
2025-07-09 14:04:00,12.479288,37.86768,2,1520
2025-07-09 14:14:00,12.479288,37.86768,2,1520
2025-07-09 14:24:00,12.479288,37.86768,2,1520
2025-07-09 14:34:00,12.479288,37.86768,2,1520
2025-07-09 14:44:00,12.479288,37.86768,2,1520
2025-07-09 14:54:00,12.479288,37.86768,2,1520
2025-07-09 15:04:00,12.479288,37.86768,2,1520
2025-07-09 15:14:00,12.479288,37.86768,2,1520
2025-07-09 15:24:00,12.479288,37.86768,2,1520
2025-07-09 15:34:00,12.479288,37.86768,2,1520
2025-07-09 15:44:00,12.479288,37.86768,2,1520
2025-07-09 15:54:00,12.479288,37.86768,2,1520
2025-07-09 16:04:00,12.479288,37.86768,2,1520
2025-07-09 16:14:00,12.479288,37.86768,2,1520
2025-07-09 16:24:00,12.479288,37.86768,2,1520
2025-07-09 16:34:00,12.479288,37.86768,2,1520
2025-07-09 16:44:00,12.479288,37.86768,2,1520
2025-07-09 16:54:00,12.479288,37.86768,2,1520
2025-07-09 17:04:00,12.479288,37.86768,2,1520
2025-07-09 17:14:00,12.479259,37.86723,2,1520
2025-07-09 17:24:00,12.479259,37.86723,2,1520
2025-07-09 17:34:00,12.479259,37.86723,2,1520
2025-07-09 17:44:00,12.479259,37.86723,2,1520
2025-07-09 17:54:00,12.479259,37.86723,2,1520
2025-07-09 18:04:00,12.479259,37.86723,2,1520
2025-07-09 18:14:00,12.479259,37.86723,2,1520
2025-07-09 18:24:00,12.479259,37.86723,2,1520
2025-07-09 18:34:00,12.479259,37.86723,2,1520
2025-07-09 18:44:00,12.479259,37.86723,2,1520
2025-07-09 18:54:00,12.479259,37.86723,2,1520
2025-07-09 19:04:00,12.479259,37.86723,2,1520
2025-07-09 19:14:00,12.479259,37.86723,2,1520
2025-07-09 19:24:00,12.479259,37.86723,2,1520
2025-07-09 19:34:00,12.479259,37.86723,2,1520
2025-07-09 19:44:00,12.479259,37.86723,2,1520
2025-07-09 19:54:00,12.479259,37.86723,2,1520
2025-07-09 20:04:00,12.479259,37.86723,2,1520
2025-07-09 20:14:00,12.479259,37.86723,2,1520
2025-07-09 20:24:00,12.479259,37.86723,2,1520
2025-07-09 20:34:00,12.479259,37.86723,2,1520
2025-07-09 20:44:00,12.479259,37.86723,2,1520
2025-07-09 20:54:00,12.479259,37.86723,2,1520
2025-07-09 21:04:00,12.479259,37.86723,2,1520
2025-07-09 21:14:00,12.479259,37.86723,2,1520
2025-07-09 21:24:00,12.479259,37.86723,2,1520
2025-07-09 21:34:00,12.479259,37.86723,2,1520
2025-07-09 21:44:00,12.479259,37.86723,2,1520
2025-07-09 21:54:00,12.479259,37.86723,2,1520
2025-07-09 22:04:00,12.479259,37.86723,2,1520
2025-07-09 22:14:00,12.479259,37.86723,2,1520
2025-07-09 22:24:00,12.479259,37.86723,2,1520
2025-07-09 22:34:00,12.479259,37.86723,2,1520
2025-07-09 22:44:00,12.479259,37.86723,2,1520
2025-07-09 22:54:00,12.479259,37.86723,2,1520
2025-07-09 23:04:00,12.479259,37.86723,2,1520
2025-07-09 23:14:00,12.479259,37.86723,2,1520
2025-07-09 23:24:00,12.479259,37.86723,2,1520
2025-07-09 23:34:00,12.479259,37.86723,2,1520
2025-07-09 23:44:00,12.479259,37.86723,2,1520
2025-07-09 23:54:00,12.479259,37.86723,2,1520
2025-07-10 00:04:00,12.479259,37.86723,2,1520
2025-07-08 07:54:00,12.457199,37.868263,2,540
2025-07-08 08:04:00,12.457667,37.868572,2,540
2025-07-08 08:14:00,12.458139,37.868866,2,540
2025-07-08 08:24:00,12.458609,37.86914,2,540
2025-07-08 08:34:00,12.459078,37.86939,2,540
2025-07-08 08:44:00,12.459548,37.869614,2,540
2025-07-08 08:54:00,12.46002,37.86982,2,540
2025-07-08 09:04:00,12.460493,37.870007,2,540
2025-07-08 09:14:00,12.460981,37.870174,2,540
2025-07-08 09:24:00,12.461493,37.870327,2,540
2025-07-08 09:34:00,12.4620285,37.87046,2,540
2025-07-08 09:44:00,12.462591,37.870586,2,540
2025-07-08 09:54:00,12.463187,37.870712,2,540
2025-07-08 10:04:00,12.463816,37.870834,2,540
2025-07-08 10:14:00,12.464444,37.870964,2,540
2025-07-08 10:24:00,12.465066,37.871113,2,540
2025-07-08 10:34:00,12.465683,37.87128,2,540
2025-07-08 10:44:00,12.466299,37.871464,2,540
2025-07-08 10:54:00,12.466932,37.871647,2,540
2025-07-08 11:04:00,12.4675865,37.87183,2,540
2025-07-08 11:14:00,12.468235,37.87197,2,540
2025-07-08 11:24:00,12.468863,37.872055,2,540
2025-07-08 11:34:00,12.469465,37.87208,2,540
2025-07-08 11:44:00,12.470051,37.872047,2,540
2025-07-08 11:54:00,12.470612,37.871956,2,540
2025-07-08 12:04:00,12.471131,37.87179,2,540
2025-07-08 12:14:00,12.471668,37.87158,2,540
2025-07-08 12:24:00,12.472245,37.871326,2,540
2025-07-08 12:34:00,12.472857,37.871033,2,540
2025-07-08 12:44:00,12.473506,37.870693,2,540
2025-07-08 12:54:00,12.474196,37.87031,2,540
2025-07-08 13:04:00,12.474926,37.869907,2,540
2025-07-08 13:14:00,12.475689,37.869495,2,540
2025-07-08 13:24:00,12.476494,37.869076,2,540
2025-07-08 13:34:00,12.477349,37.868633,2,540
2025-07-08 13:44:00,12.478256,37.868164,2,540
2025-07-08 13:54:00,12.479212,37.867657,2,540
2025-07-08 14:04:00,12.479212,37.867657,2,540
2025-07-08 14:14:00,12.479212,37.867657,2,540
2025-07-08 14:24:00,12.479212,37.867657,2,540
2025-07-08 14:34:00,12.479212,37.867657,2,540
2025-07-08 14:44:00,12.479212,37.867657,2,540
2025-07-08 14:54:00,12.479212,37.867657,2,540
2025-07-08 15:04:00,12.479212,37.867657,2,540
2025-07-08 15:14:00,12.479212,37.867657,2,540
2025-07-08 15:24:00,12.479212,37.867657,2,540
2025-07-08 15:34:00,12.479212,37.867657,2,540
2025-07-08 15:44:00,12.479212,37.867657,2,540
2025-07-08 15:54:00,12.479212,37.867657,2,540
2025-07-08 16:04:00,12.479212,37.867657,2,540
2025-07-08 16:14:00,12.479212,37.867657,2,540
2025-07-08 16:24:00,12.479212,37.867657,2,540
2025-07-08 16:34:00,12.479212,37.867657,2,540
2025-07-08 16:44:00,12.479212,37.867657,2,540
2025-07-08 16:54:00,12.479212,37.867657,2,540
2025-07-08 17:04:00,12.479212,37.867657,2,540
2025-07-08 17:14:00,12.479212,37.867657,2,540
2025-07-08 17:24:00,12.479212,37.867657,2,540
2025-07-08 17:34:00,12.479212,37.867657,2,540
2025-07-08 17:44:00,12.479212,37.867657,2,540
2025-07-08 17:54:00,12.479212,37.867657,2,540
2025-07-08 18:04:00,12.479212,37.867657,2,540
2025-07-08 18:14:00,12.479212,37.867657,2,540
2025-07-08 18:24:00,12.479212,37.867657,2,540
2025-07-08 18:34:00,12.479212,37.867657,2,540
2025-07-08 18:44:00,12.479212,37.867657,2,540
2025-07-08 18:54:00,12.479212,37.867657,2,540
2025-07-08 19:04:00,12.479212,37.867657,2,540
2025-07-08 19:14:00,12.479212,37.867657,2,540
2025-07-08 19:24:00,12.479212,37.867657,2,540
2025-07-08 19:34:00,12.479212,37.867657,2,540
2025-07-08 19:44:00,12.479212,37.867657,2,540
2025-07-08 19:54:00,12.479212,37.867657,2,540
2025-07-08 20:04:00,12.479212,37.867657,2,540
2025-07-08 20:14:00,12.479212,37.867657,2,540
2025-07-08 20:24:00,12.479212,37.867657,2,540
2025-07-08 20:34:00,12.479212,37.867657,2,540
2025-07-08 20:44:00,12.479212,37.867657,2,540
2025-07-08 20:54:00,12.479212,37.867657,2,540
2025-07-08 21:04:00,12.479212,37.867657,2,540
2025-07-08 21:14:00,12.479212,37.867657,2,540
2025-07-08 21:24:00,12.479212,37.867657,2,540
2025-07-08 21:34:00,12.479212,37.867657,2,540
2025-07-08 21:44:00,12.479212,37.867657,2,540
2025-07-08 21:54:00,12.479212,37.867657,2,540
2025-07-08 22:04:00,12.479212,37.867657,2,540
2025-07-08 22:14:00,12.479212,37.867657,2,540
2025-07-08 22:24:00,12.479212,37.867657,2,540
2025-07-08 22:34:00,12.479212,37.867657,2,540
2025-07-08 22:44:00,12.479212,37.867657,2,540
2025-07-08 22:54:00,12.479212,37.867657,2,540
2025-07-08 23:04:00,12.479212,37.867657,2,540
2025-07-08 23:14:00,12.479212,37.867657,2,540
2025-07-08 23:24:00,12.479212,37.867657,2,540
2025-07-08 23:34:00,12.479212,37.867657,2,540
2025-07-08 23:44:00,12.479212,37.867657,2,540
2025-07-08 23:54:00,12.479212,37.867657,2,540
2025-07-09 00:04:00,12.479212,37.867657,2,540
2025-07-09 00:14:00,12.479212,37.867657,2,540
2025-07-09 00:24:00,12.479212,37.867657,2,540
2025-07-09 00:34:00,12.479212,37.867657,2,540
2025-07-09 00:44:00,12.479212,37.867657,2,540
2025-07-09 00:54:00,12.479212,37.867657,2,540
2025-07-09 01:04:00,12.479212,37.867657,2,540
2025-07-09 01:14:00,12.479212,37.867657,2,540
2025-07-09 01:24:00,12.479212,37.867657,2,540
2025-07-09 01:34:00,12.479212,37.867657,2,540
2025-07-09 01:44:00,12.479212,37.867657,2,540
2025-07-09 01:54:00,12.479212,37.867657,2,540
2025-07-09 02:04:00,12.479212,37.867657,2,540
2025-07-09 02:14:00,12.479212,37.867657,2,540
2025-07-09 02:24:00,12.479212,37.867657,2,540
2025-07-09 02:34:00,12.479212,37.867657,2,540
2025-07-09 02:44:00,12.479212,37.867657,2,540
2025-07-09 02:54:00,12.479212,37.867657,2,540
2025-07-09 03:04:00,12.479212,37.867657,2,540
2025-07-09 03:14:00,12.479212,37.867657,2,540
2025-07-09 03:24:00,12.479212,37.867657,2,540
2025-07-09 03:34:00,12.479212,37.867657,2,540
2025-07-09 03:44:00,12.479212,37.867657,2,540
2025-07-09 03:54:00,12.479212,37.867657,2,540
2025-07-09 04:04:00,12.479212,37.867657,2,540
2025-07-09 04:14:00,12.479212,37.867657,2,540
2025-07-09 04:24:00,12.479212,37.867657,2,540
2025-07-09 04:34:00,12.479212,37.867657,2,540
2025-07-09 04:44:00,12.479212,37.867657,2,540
2025-07-09 04:54:00,12.479212,37.867657,2,540
2025-07-09 05:04:00,12.479212,37.867657,2,540
2025-07-09 05:14:00,12.479212,37.867657,2,540
2025-07-09 05:24:00,12.479212,37.867657,2,540
2025-07-09 05:34:00,12.479212,37.867657,2,540
2025-07-09 05:44:00,12.479212,37.867657,2,540
2025-07-09 05:54:00,12.479212,37.867657,2,540
2025-07-09 06:04:00,12.479212,37.867657,2,540
2025-07-09 06:14:00,12.479212,37.867657,2,540
2025-07-09 06:24:00,12.479212,37.867657,2,540
2025-07-09 06:34:00,12.479212,37.867657,2,540
2025-07-09 06:44:00,12.479212,37.867657,2,540
2025-07-09 06:54:00,12.479212,37.867657,2,540
2025-07-09 07:04:00,12.479212,37.867657,2,540
2025-07-09 07:14:00,12.479212,37.867657,2,540
2025-07-09 07:24:00,12.479212,37.867657,2,540
2025-07-09 07:34:00,12.479212,37.867657,2,540
2025-07-09 07:44:00,12.479212,37.867657,2,540
2025-07-09 07:54:00,12.479212,37.867657,2,540
2025-07-09 08:04:00,12.479212,37.867657,2,540
2025-07-09 08:14:00,12.479212,37.867657,2,540
2025-07-09 08:24:00,12.479212,37.867657,2,540
2025-07-09 08:34:00,12.479212,37.867657,2,540
2025-07-09 08:44:00,12.479212,37.867657,2,540
2025-07-09 08:54:00,12.479212,37.867657,2,540
2025-07-09 09:04:00,12.479212,37.867657,2,540
2025-07-09 09:14:00,12.479212,37.867657,2,540
2025-07-09 09:24:00,12.479212,37.867657,2,540
2025-07-09 09:34:00,12.479212,37.867657,2,540
2025-07-09 09:44:00,12.479212,37.867657,2,540
2025-07-09 09:54:00,12.479212,37.867657,2,540
2025-07-09 10:04:00,12.479212,37.867657,2,540
2025-07-09 10:14:00,12.479212,37.867657,2,540
2025-07-09 10:24:00,12.479212,37.867657,2,540
2025-07-09 10:34:00,12.479212,37.867657,2,540
2025-07-09 10:44:00,12.479212,37.867657,2,540
2025-07-09 10:54:00,12.479212,37.867657,2,540
2025-07-09 11:04:00,12.479212,37.867657,2,540
2025-07-09 11:14:00,12.479212,37.867657,2,540
2025-07-09 11:24:00,12.479212,37.867657,2,540
2025-07-09 11:34:00,12.479212,37.867657,2,540
2025-07-09 11:44:00,12.479212,37.867657,2,540
2025-07-09 11:54:00,12.479212,37.867657,2,540
2025-07-09 12:04:00,12.479212,37.867657,2,540
2025-07-09 12:14:00,12.479212,37.867657,2,540
2025-07-09 12:24:00,12.479212,37.867657,2,540
2025-07-09 12:34:00,12.479212,37.867657,2,540
2025-07-09 12:44:00,12.479212,37.867657,2,540
2025-07-09 12:54:00,12.479212,37.867657,2,540
2025-07-09 13:04:00,12.479212,37.867657,2,540
2025-07-09 13:14:00,12.479212,37.867657,2,540
2025-07-09 13:24:00,12.479212,37.867657,2,540
2025-07-09 13:34:00,12.479212,37.867657,2,540
2025-07-09 13:44:00,12.479212,37.867657,2,540
2025-07-09 13:54:00,12.479212,37.867657,2,540
2025-07-09 14:04:00,12.479212,37.867657,2,540
2025-07-09 14:14:00,12.479212,37.867657,2,540
2025-07-09 14:24:00,12.479212,37.867657,2,540
2025-07-09 14:34:00,12.479212,37.867657,2,540
2025-07-09 14:44:00,12.479212,37.867657,2,540
2025-07-09 14:54:00,12.479212,37.867657,2,540
2025-07-09 15:04:00,12.479212,37.867657,2,540
2025-07-09 15:14:00,12.479212,37.867657,2,540
2025-07-09 15:24:00,12.479212,37.867657,2,540
2025-07-09 15:34:00,12.479212,37.867657,2,540
2025-07-09 15:44:00,12.479212,37.867657,2,540
2025-07-09 15:54:00,12.479212,37.867657,2,540
2025-07-09 16:04:00,12.479212,37.867657,2,540
2025-07-09 16:14:00,12.479165,37.867134,2,540
2025-07-09 16:24:00,12.479165,37.867134,2,540
2025-07-09 16:34:00,12.479165,37.867134,2,540
2025-07-09 16:44:00,12.479165,37.867134,2,540
2025-07-09 16:54:00,12.479165,37.867134,2,540
2025-07-09 17:04:00,12.479165,37.867134,2,540
2025-07-09 17:14:00,12.479165,37.867134,2,540
2025-07-09 17:24:00,12.479165,37.867134,2,540
2025-07-09 17:34:00,12.479165,37.867134,2,540
2025-07-09 17:44:00,12.479165,37.867134,2,540
2025-07-09 17:54:00,12.479165,37.867134,2,540
2025-07-09 18:04:00,12.479165,37.867134,2,540
2025-07-09 18:14:00,12.479165,37.867134,2,540
2025-07-09 18:24:00,12.479165,37.867134,2,540
2025-07-09 18:34:00,12.479165,37.867134,2,540
2025-07-09 18:44:00,12.479165,37.867134,2,540
2025-07-09 18:54:00,12.479165,37.867134,2,540
2025-07-09 19:04:00,12.479165,37.867134,2,540
2025-07-09 19:14:00,12.479165,37.867134,2,540
2025-07-09 19:24:00,12.479165,37.867134,2,540
2025-07-09 19:34:00,12.479165,37.867134,2,540
2025-07-09 19:44:00,12.479165,37.867134,2,540
2025-07-09 19:54:00,12.479165,37.867134,2,540
2025-07-09 20:04:00,12.479165,37.867134,2,540
2025-07-09 20:14:00,12.479165,37.867134,2,540
2025-07-09 20:24:00,12.479165,37.867134,2,540
2025-07-09 20:34:00,12.479165,37.867134,2,540
2025-07-09 20:44:00,12.479165,37.867134,2,540
2025-07-09 20:54:00,12.479165,37.867134,2,540
2025-07-09 21:04:00,12.479165,37.867134,2,540
2025-07-09 21:14:00,12.479165,37.867134,2,540
2025-07-09 21:24:00,12.479165,37.867134,2,540
2025-07-09 21:34:00,12.479165,37.867134,2,540
2025-07-09 21:44:00,12.479165,37.867134,2,540
2025-07-09 21:54:00,12.479165,37.867134,2,540
2025-07-09 22:04:00,12.479165,37.867134,2,540
2025-07-09 22:14:00,12.479165,37.867134,2,540
2025-07-09 22:24:00,12.479165,37.867134,2,540
2025-07-09 22:34:00,12.479165,37.867134,2,540
2025-07-09 22:44:00,12.479165,37.867134,2,540
2025-07-09 22:54:00,12.479165,37.867134,2,540
2025-07-09 23:04:00,12.479165,37.867134,2,540
2025-07-09 23:14:00,12.479165,37.867134,2,540
2025-07-09 23:24:00,12.479165,37.867134,2,540
2025-07-09 23:34:00,12.479165,37.867134,2,540
2025-07-09 23:44:00,12.479165,37.867134,2,540
2025-07-09 23:54:00,12.479165,37.867134,2,540
2025-07-10 00:04:00,12.479165,37.867134,2,540
2025-07-08 07:44:00,12.45682,37.86801,2,7510
2025-07-08 07:54:00,12.457272,37.868313,2,7510
2025-07-08 08:04:00,12.457738,37.86862,2,7510
2025-07-08 08:14:00,12.458208,37.868916,2,7510
2025-07-08 08:24:00,12.458675,37.869186,2,7510
2025-07-08 08:34:00,12.459143,37.869434,2,7510
2025-07-08 08:44:00,12.459611,37.86966,2,7510
2025-07-08 08:54:00,12.460081,37.869865,2,7510
2025-07-08 09:04:00,12.460552,37.870052,2,7510
2025-07-08 09:14:00,12.461038,37.870216,2,7510
2025-07-08 09:24:00,12.461548,37.87037,2,7510
2025-07-08 09:34:00,12.462082,37.870506,2,7510
2025-07-08 09:44:00,12.462644,37.870632,2,7510
2025-07-08 09:54:00,12.463239,37.870758,2,7510
2025-07-08 10:04:00,12.463866,37.870884,2,7510
2025-07-08 10:14:00,12.464493,37.871014,2,7510
2025-07-08 10:24:00,12.465115,37.871166,2,7510
2025-07-08 10:34:00,12.465732,37.871338,2,7510
2025-07-08 10:44:00,12.466348,37.87152,2,7510
2025-07-08 10:54:00,12.466982,37.871704,2,7510
2025-07-08 11:04:00,12.467638,37.871883,2,7510
2025-07-08 11:14:00,12.468288,37.87203,2,7510
2025-07-08 11:24:00,12.468916,37.872112,2,7510
2025-07-08 11:34:00,12.469519,37.872135,2,7510
2025-07-08 11:44:00,12.470103,37.8721,2,7510
2025-07-08 11:54:00,12.470661,37.872005,2,7510
2025-07-08 12:04:00,12.471183,37.87184,2,7510
2025-07-08 12:14:00,12.47172,37.871628,2,7510
2025-07-08 12:24:00,12.472298,37.871372,2,7510
2025-07-08 12:34:00,12.47291,37.87108,2,7510
2025-07-08 12:44:00,12.473559,37.870743,2,7510
2025-07-08 12:54:00,12.47425,37.87036,2,7510
2025-07-08 13:04:00,12.474977,37.869957,2,7510
2025-07-08 13:14:00,12.4757395,37.86955,2,7510
2025-07-08 13:24:00,12.476543,37.86913,2,7510
2025-07-08 13:34:00,12.477399,37.868687,2,7510
2025-07-08 13:44:00,12.478305,37.868217,2,7510
2025-07-08 13:54:00,12.4792595,37.86771,2,7510
2025-07-08 14:04:00,12.4792595,37.86771,2,7510
2025-07-08 14:14:00,12.4792595,37.86771,2,7510
2025-07-08 14:24:00,12.4792595,37.86771,2,7510
2025-07-08 14:34:00,12.4792595,37.86771,2,7510
2025-07-08 14:44:00,12.4792595,37.86771,2,7510
2025-07-08 14:54:00,12.4792595,37.86771,2,7510
2025-07-08 15:04:00,12.4792595,37.86771,2,7510
2025-07-08 15:14:00,12.4792595,37.86771,2,7510
2025-07-08 15:24:00,12.4792595,37.86771,2,7510
2025-07-08 15:34:00,12.4792595,37.86771,2,7510
2025-07-08 15:44:00,12.4792595,37.86771,2,7510
2025-07-08 15:54:00,12.4792595,37.86771,2,7510
2025-07-08 16:04:00,12.4792595,37.86771,2,7510
2025-07-08 16:14:00,12.4792595,37.86771,2,7510
2025-07-08 16:24:00,12.4792595,37.86771,2,7510
2025-07-08 16:34:00,12.4792595,37.86771,2,7510
2025-07-08 16:44:00,12.4792595,37.86771,2,7510
2025-07-08 16:54:00,12.4792595,37.86771,2,7510
2025-07-08 17:04:00,12.4792595,37.86771,2,7510
2025-07-08 17:14:00,12.4792595,37.86771,2,7510
2025-07-08 17:24:00,12.4792595,37.86771,2,7510
2025-07-08 17:34:00,12.4792595,37.86771,2,7510
2025-07-08 17:44:00,12.4792595,37.86771,2,7510
2025-07-08 17:54:00,12.4792595,37.86771,2,7510
2025-07-08 18:04:00,12.4792595,37.86771,2,7510
2025-07-08 18:14:00,12.4792595,37.86771,2,7510
2025-07-08 18:24:00,12.4792595,37.86771,2,7510
2025-07-08 18:34:00,12.4792595,37.86771,2,7510
2025-07-08 18:44:00,12.4792595,37.86771,2,7510
2025-07-08 18:54:00,12.4792595,37.86771,2,7510
2025-07-08 19:04:00,12.4792595,37.86771,2,7510
2025-07-08 19:14:00,12.4792595,37.86771,2,7510
2025-07-08 19:24:00,12.4792595,37.86771,2,7510
2025-07-08 19:34:00,12.4792595,37.86771,2,7510
2025-07-08 19:44:00,12.4792595,37.86771,2,7510
2025-07-08 19:54:00,12.4792595,37.86771,2,7510
2025-07-08 20:04:00,12.4792595,37.86771,2,7510
2025-07-08 20:14:00,12.4792595,37.86771,2,7510
2025-07-08 20:24:00,12.4792595,37.86771,2,7510
2025-07-08 20:34:00,12.4792595,37.86771,2,7510
2025-07-08 20:44:00,12.4792595,37.86771,2,7510
2025-07-08 20:54:00,12.4792595,37.86771,2,7510
2025-07-08 21:04:00,12.4792595,37.86771,2,7510
2025-07-08 21:14:00,12.4792595,37.86771,2,7510
2025-07-08 21:24:00,12.4792595,37.86771,2,7510
2025-07-08 21:34:00,12.4792595,37.86771,2,7510
2025-07-08 21:44:00,12.4792595,37.86771,2,7510
2025-07-08 21:54:00,12.4792595,37.86771,2,7510
2025-07-08 22:04:00,12.4792595,37.86771,2,7510
2025-07-08 22:14:00,12.4792595,37.86771,2,7510
2025-07-08 22:24:00,12.4792595,37.86771,2,7510
2025-07-08 22:34:00,12.4792595,37.86771,2,7510
2025-07-08 22:44:00,12.4792595,37.86771,2,7510
2025-07-08 22:54:00,12.4792595,37.86771,2,7510
2025-07-08 23:04:00,12.4792595,37.86771,2,7510
2025-07-08 23:14:00,12.4792595,37.86771,2,7510
2025-07-08 23:24:00,12.4792595,37.86771,2,7510
2025-07-08 23:34:00,12.4792595,37.86771,2,7510
2025-07-08 23:44:00,12.4792595,37.86771,2,7510
2025-07-08 23:54:00,12.4792595,37.86771,2,7510
2025-07-09 00:04:00,12.4792595,37.86771,2,7510
2025-07-09 00:14:00,12.4792595,37.86771,2,7510
2025-07-09 00:24:00,12.4792595,37.86771,2,7510
2025-07-09 00:34:00,12.4792595,37.86771,2,7510
2025-07-09 00:44:00,12.4792595,37.86771,2,7510
2025-07-09 00:54:00,12.4792595,37.86771,2,7510
2025-07-09 01:04:00,12.4792595,37.86771,2,7510
2025-07-09 01:14:00,12.4792595,37.86771,2,7510
2025-07-09 01:24:00,12.4792595,37.86771,2,7510
2025-07-09 01:34:00,12.4792595,37.86771,2,7510
2025-07-09 01:44:00,12.4792595,37.86771,2,7510
2025-07-09 01:54:00,12.4792595,37.86771,2,7510
2025-07-09 02:04:00,12.4792595,37.86771,2,7510
2025-07-09 02:14:00,12.4792595,37.86771,2,7510
2025-07-09 02:24:00,12.4792595,37.86771,2,7510
2025-07-09 02:34:00,12.4792595,37.86771,2,7510
2025-07-09 02:44:00,12.4792595,37.86771,2,7510
2025-07-09 02:54:00,12.4792595,37.86771,2,7510
2025-07-09 03:04:00,12.4792595,37.86771,2,7510
2025-07-09 03:14:00,12.4792595,37.86771,2,7510
2025-07-09 03:24:00,12.4792595,37.86771,2,7510
2025-07-09 03:34:00,12.4792595,37.86771,2,7510
2025-07-09 03:44:00,12.4792595,37.86771,2,7510
2025-07-09 03:54:00,12.4792595,37.86771,2,7510
2025-07-09 04:04:00,12.4792595,37.86771,2,7510
2025-07-09 04:14:00,12.4792595,37.86771,2,7510
2025-07-09 04:24:00,12.4792595,37.86771,2,7510
2025-07-09 04:34:00,12.4792595,37.86771,2,7510
2025-07-09 04:44:00,12.4792595,37.86771,2,7510
2025-07-09 04:54:00,12.4792595,37.86771,2,7510
2025-07-09 05:04:00,12.4792595,37.86771,2,7510
2025-07-09 05:14:00,12.4792595,37.86771,2,7510
2025-07-09 05:24:00,12.4792595,37.86771,2,7510
2025-07-09 05:34:00,12.4792595,37.86771,2,7510
2025-07-09 05:44:00,12.4792595,37.86771,2,7510
2025-07-09 05:54:00,12.4792595,37.86771,2,7510
2025-07-09 06:04:00,12.4792595,37.86771,2,7510
2025-07-09 06:14:00,12.4792595,37.86771,2,7510
2025-07-09 06:24:00,12.4792595,37.86771,2,7510
2025-07-09 06:34:00,12.4792595,37.86771,2,7510
2025-07-09 06:44:00,12.4792595,37.86771,2,7510
2025-07-09 06:54:00,12.4792595,37.86771,2,7510
2025-07-09 07:04:00,12.4792595,37.86771,2,7510
2025-07-09 07:14:00,12.4792595,37.86771,2,7510
2025-07-09 07:24:00,12.4792595,37.86771,2,7510
2025-07-09 07:34:00,12.4792595,37.86771,2,7510
2025-07-09 07:44:00,12.4792595,37.86771,2,7510
2025-07-09 07:54:00,12.4792595,37.86771,2,7510
2025-07-09 08:04:00,12.4792595,37.86771,2,7510
2025-07-09 08:14:00,12.4792595,37.86771,2,7510
2025-07-09 08:24:00,12.4792595,37.86771,2,7510
2025-07-09 08:34:00,12.4792595,37.86771,2,7510
2025-07-09 08:44:00,12.4792595,37.86771,2,7510
2025-07-09 08:54:00,12.4792595,37.86771,2,7510
2025-07-09 09:04:00,12.4792595,37.86771,2,7510
2025-07-09 09:14:00,12.4792595,37.86771,2,7510
2025-07-09 09:24:00,12.4792595,37.86771,2,7510
2025-07-09 09:34:00,12.4792595,37.86771,2,7510
2025-07-09 09:44:00,12.4792595,37.86771,2,7510
2025-07-09 09:54:00,12.4792595,37.86771,2,7510
2025-07-09 10:04:00,12.4792595,37.86771,2,7510
2025-07-09 10:14:00,12.4792595,37.86771,2,7510
2025-07-09 10:24:00,12.4792595,37.86771,2,7510
2025-07-09 10:34:00,12.4792595,37.86771,2,7510
2025-07-09 10:44:00,12.4792595,37.86771,2,7510
2025-07-09 10:54:00,12.4792595,37.86771,2,7510
2025-07-09 11:04:00,12.4792595,37.86771,2,7510
2025-07-09 11:14:00,12.4792595,37.86771,2,7510
2025-07-09 11:24:00,12.4792595,37.86771,2,7510
2025-07-09 11:34:00,12.4792595,37.86771,2,7510
2025-07-09 11:44:00,12.4792595,37.86771,2,7510
2025-07-09 11:54:00,12.4792595,37.86771,2,7510
2025-07-09 12:04:00,12.4792595,37.86771,2,7510
2025-07-09 12:14:00,12.4792595,37.86771,2,7510
2025-07-09 12:24:00,12.4792595,37.86771,2,7510
2025-07-09 12:34:00,12.4792595,37.86771,2,7510
2025-07-09 12:44:00,12.4792595,37.86771,2,7510
2025-07-09 12:54:00,12.4792595,37.86771,2,7510
2025-07-09 13:04:00,12.4792595,37.86771,2,7510
2025-07-09 13:14:00,12.4792595,37.86771,2,7510
2025-07-09 13:24:00,12.4792595,37.86771,2,7510
2025-07-09 13:34:00,12.4792595,37.86771,2,7510
2025-07-09 13:44:00,12.4792595,37.86771,2,7510
2025-07-09 13:54:00,12.4792595,37.86771,2,7510
2025-07-09 14:04:00,12.4792595,37.86771,2,7510
2025-07-09 14:14:00,12.4792595,37.86771,2,7510
2025-07-09 14:24:00,12.4792595,37.86771,2,7510
2025-07-09 14:34:00,12.4792595,37.86771,2,7510
2025-07-09 14:44:00,12.4792595,37.86771,2,7510
2025-07-09 14:54:00,12.4792595,37.86771,2,7510
2025-07-09 15:04:00,12.4792595,37.86771,2,7510
2025-07-09 15:14:00,12.4792595,37.86771,2,7510
2025-07-09 15:24:00,12.4792595,37.86771,2,7510
2025-07-09 15:34:00,12.4792595,37.86771,2,7510
2025-07-09 15:44:00,12.4792595,37.86771,2,7510
2025-07-09 15:54:00,12.4792595,37.86771,2,7510
2025-07-09 16:04:00,12.479208,37.86718,2,7510
2025-07-09 16:14:00,12.479208,37.86718,2,7510
2025-07-09 16:24:00,12.479208,37.86718,2,7510
2025-07-09 16:34:00,12.479208,37.86718,2,7510
2025-07-09 16:44:00,12.479208,37.86718,2,7510
2025-07-09 16:54:00,12.479208,37.86718,2,7510
2025-07-09 17:04:00,12.479208,37.86718,2,7510
2025-07-09 17:14:00,12.479208,37.86718,2,7510
2025-07-09 17:24:00,12.479208,37.86718,2,7510
2025-07-09 17:34:00,12.479208,37.86718,2,7510
2025-07-09 17:44:00,12.479208,37.86718,2,7510
2025-07-09 17:54:00,12.479208,37.86718,2,7510
2025-07-09 18:04:00,12.479208,37.86718,2,7510
2025-07-09 18:14:00,12.479208,37.86718,2,7510
2025-07-09 18:24:00,12.479208,37.86718,2,7510
2025-07-09 18:34:00,12.479208,37.86718,2,7510
2025-07-09 18:44:00,12.479208,37.86718,2,7510
2025-07-09 18:54:00,12.479208,37.86718,2,7510
2025-07-09 19:04:00,12.479208,37.86718,2,7510
2025-07-09 19:14:00,12.479208,37.86718,2,7510
2025-07-09 19:24:00,12.479208,37.86718,2,7510
2025-07-09 19:34:00,12.479208,37.86718,2,7510
2025-07-09 19:44:00,12.479208,37.86718,2,7510
2025-07-09 19:54:00,12.479208,37.86718,2,7510
2025-07-09 20:04:00,12.479208,37.86718,2,7510
2025-07-09 20:14:00,12.479208,37.86718,2,7510
2025-07-09 20:24:00,12.479208,37.86718,2,7510
2025-07-09 20:34:00,12.479208,37.86718,2,7510
2025-07-09 20:44:00,12.479208,37.86718,2,7510
2025-07-09 20:54:00,12.479208,37.86718,2,7510
2025-07-09 21:04:00,12.479208,37.86718,2,7510
2025-07-09 21:14:00,12.479208,37.86718,2,7510
2025-07-09 21:24:00,12.479208,37.86718,2,7510
2025-07-09 21:34:00,12.479208,37.86718,2,7510
2025-07-09 21:44:00,12.479208,37.86718,2,7510
2025-07-09 21:54:00,12.479208,37.86718,2,7510
2025-07-09 22:04:00,12.479208,37.86718,2,7510
2025-07-09 22:14:00,12.479208,37.86718,2,7510
2025-07-09 22:24:00,12.479208,37.86718,2,7510
2025-07-09 22:34:00,12.479208,37.86718,2,7510
2025-07-09 22:44:00,12.479208,37.86718,2,7510
2025-07-09 22:54:00,12.479208,37.86718,2,7510
2025-07-09 23:04:00,12.479208,37.86718,2,7510
2025-07-09 23:14:00,12.479208,37.86718,2,7510
2025-07-09 23:24:00,12.479208,37.86718,2,7510
2025-07-09 23:34:00,12.479208,37.86718,2,7510
2025-07-09 23:44:00,12.479208,37.86718,2,7510
2025-07-09 23:54:00,12.479208,37.86718,2,7510
2025-07-10 00:04:00,12.479208,37.86718,2,7510
2025-07-08 07:44:00,12.44981,37.88916,3,2520
2025-07-08 07:54:00,12.450296,37.889503,3,2520
2025-07-08 08:04:00,12.450812,37.889866,3,2520
2025-07-08 08:14:00,12.451345,37.89023,3,2520
2025-07-08 08:24:00,12.451885,37.890583,3,2520
2025-07-08 08:34:00,12.452433,37.890926,3,2520
2025-07-08 08:44:00,12.452991,37.891262,3,2520
2025-07-08 08:54:00,12.453559,37.891594,3,2520
2025-07-08 09:04:00,12.454137,37.89192,3,2520
2025-07-08 09:14:00,12.4547415,37.89223,3,2520
2025-07-08 09:24:00,12.455382,37.89252,3,2520
2025-07-08 09:34:00,12.45606,37.892788,3,2520
2025-07-08 09:44:00,12.456775,37.893032,3,2520
2025-07-08 09:54:00,12.457526,37.893253,3,2520
2025-07-08 10:04:00,12.458315,37.893448,3,2520
2025-07-08 10:14:00,12.459106,37.893623,3,2520
2025-07-08 10:24:00,12.4598875,37.89378,3,2520
2025-07-08 10:34:00,12.460665,37.893913,3,2520
2025-07-08 10:44:00,12.461452,37.893993,3,2520
2025-07-08 10:54:00,12.46225,37.89402,3,2520
2025-07-08 11:04:00,12.463027,37.894012,3,2520
2025-07-08 11:14:00,12.463394,37.893986,3,2520
2025-07-08 11:24:00,12.463719,37.89391,3,2520
2025-07-08 11:34:00,12.463719,37.89391,3,2520
2025-07-08 11:44:00,12.463719,37.89391,3,2520
2025-07-08 11:54:00,12.463719,37.89391,3,2520
2025-07-08 12:04:00,12.463719,37.89391,3,2520
2025-07-08 12:14:00,12.463719,37.89391,3,2520
2025-07-08 12:24:00,12.463719,37.89391,3,2520
2025-07-08 12:34:00,12.463719,37.89391,3,2520
2025-07-08 12:44:00,12.463719,37.89391,3,2520
2025-07-08 12:54:00,12.463719,37.89391,3,2520
2025-07-08 13:04:00,12.463719,37.89391,3,2520
2025-07-08 13:14:00,12.463719,37.89391,3,2520
2025-07-08 13:24:00,12.463719,37.89391,3,2520
2025-07-08 13:34:00,12.463719,37.89391,3,2520
2025-07-08 13:44:00,12.463719,37.89391,3,2520
2025-07-08 13:54:00,12.463719,37.89391,3,2520
2025-07-08 14:04:00,12.463719,37.89391,3,2520
2025-07-08 14:14:00,12.463719,37.89391,3,2520
2025-07-08 14:24:00,12.463719,37.89391,3,2520
2025-07-08 14:34:00,12.463719,37.89391,3,2520
2025-07-08 14:44:00,12.463719,37.89391,3,2520
2025-07-08 14:54:00,12.463719,37.89391,3,2520
2025-07-08 15:04:00,12.463719,37.89391,3,2520
2025-07-08 15:14:00,12.463719,37.89391,3,2520
2025-07-08 15:24:00,12.463719,37.89391,3,2520
2025-07-08 15:34:00,12.463719,37.89391,3,2520
2025-07-08 15:44:00,12.463719,37.89391,3,2520
2025-07-08 15:54:00,12.463719,37.89391,3,2520
2025-07-08 16:04:00,12.463719,37.89391,3,2520
2025-07-08 16:14:00,12.463719,37.89391,3,2520
2025-07-08 16:24:00,12.463719,37.89391,3,2520
2025-07-08 16:34:00,12.463719,37.89391,3,2520
2025-07-08 16:44:00,12.463719,37.89391,3,2520
2025-07-08 16:54:00,12.463719,37.89391,3,2520
2025-07-08 17:04:00,12.463719,37.89391,3,2520
2025-07-08 17:14:00,12.463719,37.89391,3,2520
2025-07-08 17:24:00,12.463719,37.89391,3,2520
2025-07-08 17:34:00,12.463719,37.89391,3,2520
2025-07-08 17:44:00,12.463719,37.89391,3,2520
2025-07-08 17:54:00,12.463719,37.89391,3,2520
2025-07-08 18:04:00,12.463719,37.89391,3,2520
2025-07-08 18:14:00,12.463719,37.89391,3,2520
2025-07-08 18:24:00,12.463719,37.89391,3,2520
2025-07-08 18:34:00,12.463719,37.89391,3,2520
2025-07-08 18:44:00,12.463719,37.89391,3,2520
2025-07-08 18:54:00,12.463719,37.89391,3,2520
2025-07-08 19:04:00,12.463719,37.89391,3,2520
2025-07-08 19:14:00,12.463719,37.89391,3,2520
2025-07-08 19:24:00,12.463719,37.89391,3,2520
2025-07-08 19:34:00,12.463719,37.89391,3,2520
2025-07-08 19:44:00,12.463719,37.89391,3,2520
2025-07-08 19:54:00,12.463719,37.89391,3,2520
2025-07-08 20:04:00,12.463719,37.89391,3,2520
2025-07-08 20:14:00,12.463719,37.89391,3,2520
2025-07-08 20:24:00,12.463719,37.89391,3,2520
2025-07-08 20:34:00,12.463719,37.89391,3,2520
2025-07-08 20:44:00,12.463719,37.89391,3,2520
2025-07-08 20:54:00,12.463719,37.89391,3,2520
2025-07-08 21:04:00,12.463719,37.89391,3,2520
2025-07-08 21:14:00,12.463719,37.89391,3,2520
2025-07-08 21:24:00,12.463719,37.89391,3,2520
2025-07-08 21:34:00,12.463719,37.89391,3,2520
2025-07-08 21:44:00,12.463719,37.89391,3,2520
2025-07-08 21:54:00,12.463719,37.89391,3,2520
2025-07-08 22:04:00,12.463719,37.89391,3,2520
2025-07-08 22:14:00,12.463719,37.89391,3,2520
2025-07-08 22:24:00,12.463719,37.89391,3,2520
2025-07-08 22:34:00,12.463719,37.89391,3,2520
2025-07-08 22:44:00,12.463719,37.89391,3,2520
2025-07-08 22:54:00,12.463719,37.89391,3,2520
2025-07-08 23:04:00,12.463719,37.89391,3,2520
2025-07-08 23:14:00,12.463719,37.89391,3,2520
2025-07-08 23:24:00,12.463719,37.89391,3,2520
2025-07-08 23:34:00,12.463719,37.89391,3,2520
2025-07-08 23:44:00,12.463719,37.89391,3,2520
2025-07-08 23:54:00,12.463719,37.89391,3,2520
2025-07-09 00:04:00,12.463719,37.89391,3,2520
2025-07-09 00:14:00,12.463719,37.89391,3,2520
2025-07-09 00:24:00,12.463719,37.89391,3,2520
2025-07-09 00:34:00,12.463719,37.89391,3,2520
2025-07-09 00:44:00,12.463719,37.89391,3,2520
2025-07-09 00:54:00,12.463719,37.89391,3,2520
2025-07-09 01:04:00,12.463719,37.89391,3,2520
2025-07-09 01:14:00,12.463719,37.89391,3,2520
2025-07-09 01:24:00,12.463719,37.89391,3,2520
2025-07-09 01:34:00,12.463719,37.89391,3,2520
2025-07-09 01:44:00,12.463719,37.89391,3,2520
2025-07-09 01:54:00,12.463719,37.89391,3,2520
2025-07-09 02:04:00,12.463719,37.89391,3,2520
2025-07-09 02:14:00,12.463719,37.89391,3,2520
2025-07-09 02:24:00,12.463719,37.89391,3,2520
2025-07-09 02:34:00,12.463719,37.89391,3,2520
2025-07-09 02:44:00,12.463719,37.89391,3,2520
2025-07-09 02:54:00,12.463719,37.89391,3,2520
2025-07-09 03:04:00,12.463719,37.89391,3,2520
2025-07-09 03:14:00,12.463719,37.89391,3,2520
2025-07-09 03:24:00,12.463719,37.89391,3,2520
2025-07-09 03:34:00,12.463719,37.89391,3,2520
2025-07-09 03:44:00,12.463719,37.89391,3,2520
2025-07-09 03:54:00,12.463719,37.89391,3,2520
2025-07-09 04:04:00,12.463719,37.89391,3,2520
2025-07-09 04:14:00,12.463719,37.89391,3,2520
2025-07-09 04:24:00,12.463719,37.89391,3,2520
2025-07-09 04:34:00,12.463719,37.89391,3,2520
2025-07-09 04:44:00,12.463719,37.89391,3,2520
2025-07-09 04:54:00,12.463719,37.89391,3,2520
2025-07-09 05:04:00,12.463719,37.89391,3,2520
2025-07-09 05:14:00,12.463719,37.89391,3,2520
2025-07-09 05:24:00,12.463719,37.89391,3,2520
2025-07-09 05:34:00,12.463719,37.89391,3,2520
2025-07-09 05:44:00,12.463719,37.89391,3,2520
2025-07-09 05:54:00,12.463719,37.89391,3,2520
2025-07-09 06:04:00,12.463719,37.89391,3,2520
2025-07-09 06:14:00,12.463719,37.89391,3,2520
2025-07-09 06:24:00,12.463719,37.89391,3,2520
2025-07-09 06:34:00,12.463719,37.89391,3,2520
2025-07-09 06:44:00,12.463719,37.89391,3,2520
2025-07-09 06:54:00,12.463719,37.89391,3,2520
2025-07-09 07:04:00,12.463719,37.89391,3,2520
2025-07-09 07:14:00,12.463719,37.89391,3,2520
2025-07-09 07:24:00,12.463719,37.89391,3,2520
2025-07-09 07:34:00,12.463719,37.89391,3,2520
2025-07-09 07:44:00,12.463719,37.89391,3,2520
2025-07-09 07:54:00,12.463719,37.89391,3,2520
2025-07-09 08:04:00,12.463719,37.89391,3,2520
2025-07-09 08:14:00,12.463719,37.89391,3,2520
2025-07-09 08:24:00,12.463719,37.89391,3,2520
2025-07-09 08:34:00,12.463719,37.89391,3,2520
2025-07-09 08:44:00,12.463719,37.89391,3,2520
2025-07-09 08:54:00,12.463719,37.89391,3,2520
2025-07-09 09:04:00,12.463719,37.89391,3,2520
2025-07-09 09:14:00,12.463719,37.89391,3,2520
2025-07-09 09:24:00,12.463719,37.89391,3,2520
2025-07-09 09:34:00,12.463719,37.89391,3,2520
2025-07-09 09:44:00,12.463719,37.89391,3,2520
2025-07-09 09:54:00,12.463719,37.89391,3,2520
2025-07-09 10:04:00,12.463719,37.89391,3,2520
2025-07-09 10:14:00,12.463719,37.89391,3,2520
2025-07-09 10:24:00,12.463719,37.89391,3,2520
2025-07-09 10:34:00,12.463719,37.89391,3,2520
2025-07-09 10:44:00,12.463719,37.89391,3,2520
2025-07-09 10:54:00,12.463719,37.89391,3,2520
2025-07-09 11:04:00,12.463719,37.89391,3,2520
2025-07-09 11:14:00,12.463719,37.89391,3,2520
2025-07-09 11:24:00,12.463719,37.89391,3,2520
2025-07-09 11:34:00,12.463719,37.89391,3,2520
2025-07-09 11:44:00,12.463719,37.89391,3,2520
2025-07-09 11:54:00,12.463719,37.89391,3,2520
2025-07-09 12:04:00,12.463719,37.89391,3,2520
2025-07-09 12:14:00,12.463719,37.89391,3,2520
2025-07-09 12:24:00,12.463719,37.89391,3,2520
2025-07-09 12:34:00,12.463719,37.89391,3,2520
2025-07-09 12:44:00,12.463719,37.89391,3,2520
2025-07-09 12:54:00,12.463719,37.89391,3,2520
2025-07-09 13:04:00,12.463719,37.89391,3,2520
2025-07-09 13:14:00,12.463719,37.89391,3,2520
2025-07-09 13:24:00,12.463719,37.89391,3,2520
2025-07-09 13:34:00,12.463719,37.89391,3,2520
2025-07-09 13:44:00,12.463719,37.89391,3,2520
2025-07-09 13:54:00,12.463719,37.89391,3,2520
2025-07-09 14:04:00,12.463719,37.89391,3,2520
2025-07-09 14:14:00,12.463719,37.89391,3,2520
2025-07-09 14:24:00,12.463719,37.89391,3,2520
2025-07-09 14:34:00,12.463719,37.89391,3,2520
2025-07-09 14:44:00,12.463733,37.893105,3,2520
2025-07-09 14:54:00,12.463733,37.893105,3,2520
2025-07-09 15:04:00,12.463764,37.891403,3,2520
2025-07-09 15:14:00,12.463806,37.88979,3,2520
2025-07-09 15:24:00,12.4638195,37.88832,3,2520
2025-07-09 15:34:00,12.463781,37.886982,3,2520
2025-07-09 15:44:00,12.463705,37.885735,3,2520
2025-07-09 15:54:00,12.463597,37.88455,3,2520
2025-07-09 16:04:00,12.463453,37.88339,3,2520
2025-07-09 16:14:00,12.463345,37.882233,3,2520
2025-07-09 16:24:00,12.463311,37.881653,3,2520
2025-07-09 16:34:00,12.463311,37.881653,3,2520
2025-07-09 16:44:00,12.463311,37.881653,3,2520
2025-07-09 16:54:00,12.463311,37.881653,3,2520
2025-07-09 17:04:00,12.463311,37.881653,3,2520
2025-07-09 17:14:00,12.463311,37.881653,3,2520
2025-07-09 17:24:00,12.463311,37.881653,3,2520
2025-07-09 17:34:00,12.463311,37.881653,3,2520
2025-07-09 17:44:00,12.463311,37.881653,3,2520
2025-07-09 17:54:00,12.463311,37.881653,3,2520
2025-07-09 18:04:00,12.463311,37.881653,3,2520
2025-07-09 18:14:00,12.463311,37.881653,3,2520
2025-07-09 18:24:00,12.463311,37.881653,3,2520
2025-07-09 18:34:00,12.463311,37.881653,3,2520
2025-07-09 18:44:00,12.463311,37.881653,3,2520
2025-07-09 18:54:00,12.463228,37.88123,3,2520
2025-07-09 19:04:00,12.463228,37.88123,3,2520
2025-07-09 19:14:00,12.463228,37.88123,3,2520
2025-07-09 19:24:00,12.463228,37.88123,3,2520
2025-07-09 19:34:00,12.463228,37.88123,3,2520
2025-07-09 19:44:00,12.463228,37.88123,3,2520
2025-07-09 19:54:00,12.463228,37.88123,3,2520
2025-07-09 20:04:00,12.463228,37.88123,3,2520
2025-07-09 20:14:00,12.463228,37.88123,3,2520
2025-07-09 20:24:00,12.463228,37.88123,3,2520
2025-07-09 20:34:00,12.463228,37.88123,3,2520
2025-07-09 20:44:00,12.463228,37.88123,3,2520
2025-07-09 20:54:00,12.463228,37.88123,3,2520
2025-07-09 21:04:00,12.463228,37.88123,3,2520
2025-07-09 21:14:00,12.463228,37.88123,3,2520
2025-07-09 21:24:00,12.463228,37.88123,3,2520
2025-07-09 21:34:00,12.463228,37.88123,3,2520
2025-07-09 21:44:00,12.463228,37.88123,3,2520
2025-07-09 21:54:00,12.463228,37.88123,3,2520
2025-07-09 22:04:00,12.463228,37.88123,3,2520
2025-07-09 22:14:00,12.463228,37.88123,3,2520
2025-07-09 22:24:00,12.463228,37.88123,3,2520
2025-07-09 22:34:00,12.463228,37.88123,3,2520
2025-07-09 22:44:00,12.463228,37.88123,3,2520
2025-07-09 22:54:00,12.463228,37.88123,3,2520
2025-07-09 23:04:00,12.463228,37.88123,3,2520
2025-07-09 23:14:00,12.463228,37.88123,3,2520
2025-07-09 23:24:00,12.463228,37.88123,3,2520
2025-07-09 23:34:00,12.463228,37.88123,3,2520
2025-07-09 23:44:00,12.463228,37.88123,3,2520
2025-07-09 23:54:00,12.463228,37.88123,3,2520
2025-07-10 00:04:00,12.463228,37.88123,3,2520
2025-07-08 07:44:00,12.44976,37.88919,3,7520
2025-07-08 07:54:00,12.450247,37.889534,3,7520
2025-07-08 08:04:00,12.450764,37.8899,3,7520
2025-07-08 08:14:00,12.451297,37.890266,3,7520
2025-07-08 08:24:00,12.451837,37.89062,3,7520
2025-07-08 08:34:00,12.452384,37.89096,3,7520
2025-07-08 08:44:00,12.452941,37.8913,3,7520
2025-07-08 08:54:00,12.453509,37.891632,3,7520
2025-07-08 09:04:00,12.454086,37.891956,3,7520
2025-07-08 09:14:00,12.45469,37.89227,3,7520
2025-07-08 09:24:00,12.45533,37.89256,3,7520
2025-07-08 09:34:00,12.456007,37.892826,3,7520
2025-07-08 09:44:00,12.456719,37.89307,3,7520
2025-07-08 09:54:00,12.45747,37.893288,3,7520
2025-07-08 10:04:00,12.458257,37.893486,3,7520
2025-07-08 10:14:00,12.459046,37.893658,3,7520
2025-07-08 10:24:00,12.4598255,37.893818,3,7520
2025-07-08 10:34:00,12.460601,37.89395,3,7520
2025-07-08 10:44:00,12.461384,37.894035,3,7520
2025-07-08 10:54:00,12.462179,37.894066,3,7520
2025-07-08 11:04:00,12.462958,37.894054,3,7520
2025-07-08 11:14:00,12.463676,37.893986,3,7520
2025-07-08 11:24:00,12.463676,37.893986,3,7520
2025-07-08 11:34:00,12.463676,37.893986,3,7520
2025-07-08 11:44:00,12.463676,37.893986,3,7520
2025-07-08 11:54:00,12.463676,37.893986,3,7520
2025-07-08 12:04:00,12.463676,37.893986,3,7520
2025-07-08 12:14:00,12.463676,37.893986,3,7520
2025-07-08 12:24:00,12.463676,37.893986,3,7520
2025-07-08 12:34:00,12.463676,37.893986,3,7520
2025-07-08 12:44:00,12.463676,37.893986,3,7520
2025-07-08 12:54:00,12.463676,37.893986,3,7520
2025-07-08 13:04:00,12.463676,37.893986,3,7520
2025-07-08 13:14:00,12.463676,37.893986,3,7520
2025-07-08 13:24:00,12.463676,37.893986,3,7520
2025-07-08 13:34:00,12.463676,37.893986,3,7520
2025-07-08 13:44:00,12.463676,37.893986,3,7520
2025-07-08 13:54:00,12.463676,37.893986,3,7520
2025-07-08 14:04:00,12.463676,37.893986,3,7520
2025-07-08 14:14:00,12.463676,37.893986,3,7520
2025-07-08 14:24:00,12.463676,37.893986,3,7520
2025-07-08 14:34:00,12.463676,37.893986,3,7520
2025-07-08 14:44:00,12.463676,37.893986,3,7520
2025-07-08 14:54:00,12.463676,37.893986,3,7520
2025-07-08 15:04:00,12.463676,37.893986,3,7520
2025-07-08 15:14:00,12.463676,37.893986,3,7520
2025-07-08 15:24:00,12.463676,37.893986,3,7520
2025-07-08 15:34:00,12.463676,37.893986,3,7520
2025-07-08 15:44:00,12.463676,37.893986,3,7520
2025-07-08 15:54:00,12.463676,37.893986,3,7520
2025-07-08 16:04:00,12.463676,37.893986,3,7520
2025-07-08 16:14:00,12.463676,37.893986,3,7520
2025-07-08 16:24:00,12.463676,37.893986,3,7520
2025-07-08 16:34:00,12.463676,37.893986,3,7520
2025-07-08 16:44:00,12.463676,37.893986,3,7520
2025-07-08 16:54:00,12.463676,37.893986,3,7520
2025-07-08 17:04:00,12.463676,37.893986,3,7520
2025-07-08 17:14:00,12.463676,37.893986,3,7520
2025-07-08 17:24:00,12.463676,37.893986,3,7520
2025-07-08 17:34:00,12.463676,37.893986,3,7520
2025-07-08 17:44:00,12.463676,37.893986,3,7520
2025-07-08 17:54:00,12.463676,37.893986,3,7520
2025-07-08 18:04:00,12.463676,37.893986,3,7520
2025-07-08 18:14:00,12.463676,37.893986,3,7520
2025-07-08 18:24:00,12.463676,37.893986,3,7520
2025-07-08 18:34:00,12.463676,37.893986,3,7520
2025-07-08 18:44:00,12.463676,37.893986,3,7520
2025-07-08 18:54:00,12.463676,37.893986,3,7520
2025-07-08 19:04:00,12.463676,37.893986,3,7520
2025-07-08 19:14:00,12.463676,37.893986,3,7520
2025-07-08 19:24:00,12.463676,37.893986,3,7520
2025-07-08 19:34:00,12.463676,37.893986,3,7520
2025-07-08 19:44:00,12.463676,37.893986,3,7520
2025-07-08 19:54:00,12.463676,37.893986,3,7520
2025-07-08 20:04:00,12.463676,37.893986,3,7520
2025-07-08 20:14:00,12.463676,37.893986,3,7520
2025-07-08 20:24:00,12.463676,37.893986,3,7520
2025-07-08 20:34:00,12.463676,37.893986,3,7520
2025-07-08 20:44:00,12.463676,37.893986,3,7520
2025-07-08 20:54:00,12.463676,37.893986,3,7520
2025-07-08 21:04:00,12.463676,37.893986,3,7520
2025-07-08 21:14:00,12.463676,37.893986,3,7520
2025-07-08 21:24:00,12.463676,37.893986,3,7520
2025-07-08 21:34:00,12.463676,37.893986,3,7520
2025-07-08 21:44:00,12.463676,37.893986,3,7520
2025-07-08 21:54:00,12.463676,37.893986,3,7520
2025-07-08 22:04:00,12.463676,37.893986,3,7520
2025-07-08 22:14:00,12.463676,37.893986,3,7520
2025-07-08 22:24:00,12.463676,37.893986,3,7520
2025-07-08 22:34:00,12.463676,37.893986,3,7520
2025-07-08 22:44:00,12.463676,37.893986,3,7520
2025-07-08 22:54:00,12.463676,37.893986,3,7520
2025-07-08 23:04:00,12.463676,37.893986,3,7520
2025-07-08 23:14:00,12.463676,37.893986,3,7520
2025-07-08 23:24:00,12.463676,37.893986,3,7520
2025-07-08 23:34:00,12.463676,37.893986,3,7520
2025-07-08 23:44:00,12.463676,37.893986,3,7520
2025-07-08 23:54:00,12.463676,37.893986,3,7520
2025-07-09 00:04:00,12.463676,37.893986,3,7520
2025-07-09 00:14:00,12.463676,37.893986,3,7520
2025-07-09 00:24:00,12.463676,37.893986,3,7520
2025-07-09 00:34:00,12.463676,37.893986,3,7520
2025-07-09 00:44:00,12.463676,37.893986,3,7520
2025-07-09 00:54:00,12.463676,37.893986,3,7520
2025-07-09 01:04:00,12.463676,37.893986,3,7520
2025-07-09 01:14:00,12.463676,37.893986,3,7520
2025-07-09 01:24:00,12.463676,37.893986,3,7520
2025-07-09 01:34:00,12.463676,37.893986,3,7520
2025-07-09 01:44:00,12.463676,37.893986,3,7520
2025-07-09 01:54:00,12.463676,37.893986,3,7520
2025-07-09 02:04:00,12.463676,37.893986,3,7520
2025-07-09 02:14:00,12.463676,37.893986,3,7520
2025-07-09 02:24:00,12.463676,37.893986,3,7520
2025-07-09 02:34:00,12.463676,37.893986,3,7520
2025-07-09 02:44:00,12.463676,37.893986,3,7520
2025-07-09 02:54:00,12.463676,37.893986,3,7520
2025-07-09 03:04:00,12.463676,37.893986,3,7520
2025-07-09 03:14:00,12.463676,37.893986,3,7520
2025-07-09 03:24:00,12.463676,37.893986,3,7520
2025-07-09 03:34:00,12.463676,37.893986,3,7520
2025-07-09 03:44:00,12.463676,37.893986,3,7520
2025-07-09 03:54:00,12.463676,37.893986,3,7520
2025-07-09 04:04:00,12.463676,37.893986,3,7520
2025-07-09 04:14:00,12.463676,37.893986,3,7520
2025-07-09 04:24:00,12.463676,37.893986,3,7520
2025-07-09 04:34:00,12.463676,37.893986,3,7520
2025-07-09 04:44:00,12.463676,37.893986,3,7520
2025-07-09 04:54:00,12.463676,37.893986,3,7520
2025-07-09 05:04:00,12.463676,37.893986,3,7520
2025-07-09 05:14:00,12.463676,37.893986,3,7520
2025-07-09 05:24:00,12.463676,37.893986,3,7520
2025-07-09 05:34:00,12.463676,37.893986,3,7520
2025-07-09 05:44:00,12.463676,37.893986,3,7520
2025-07-09 05:54:00,12.463676,37.893986,3,7520
2025-07-09 06:04:00,12.463676,37.893986,3,7520
2025-07-09 06:14:00,12.463676,37.893986,3,7520
2025-07-09 06:24:00,12.463676,37.893986,3,7520
2025-07-09 06:34:00,12.463676,37.893986,3,7520
2025-07-09 06:44:00,12.463676,37.893986,3,7520
2025-07-09 06:54:00,12.463676,37.893986,3,7520
2025-07-09 07:04:00,12.463676,37.893986,3,7520
2025-07-09 07:14:00,12.463676,37.893986,3,7520
2025-07-09 07:24:00,12.463676,37.893986,3,7520
2025-07-09 07:34:00,12.463676,37.893986,3,7520
2025-07-09 07:44:00,12.463676,37.893986,3,7520
2025-07-09 07:54:00,12.463676,37.893986,3,7520
2025-07-09 08:04:00,12.463676,37.893986,3,7520
2025-07-09 08:14:00,12.463676,37.893986,3,7520
2025-07-09 08:24:00,12.463676,37.893986,3,7520
2025-07-09 08:34:00,12.463676,37.893986,3,7520
2025-07-09 08:44:00,12.463676,37.893986,3,7520
2025-07-09 08:54:00,12.463676,37.893986,3,7520
2025-07-09 09:04:00,12.463676,37.893986,3,7520
2025-07-09 09:14:00,12.463676,37.893986,3,7520
2025-07-09 09:24:00,12.463676,37.893986,3,7520
2025-07-09 09:34:00,12.463676,37.893986,3,7520
2025-07-09 09:44:00,12.463676,37.893986,3,7520
2025-07-09 09:54:00,12.463676,37.893986,3,7520
2025-07-09 10:04:00,12.463676,37.893986,3,7520
2025-07-09 10:14:00,12.463676,37.893986,3,7520
2025-07-09 10:24:00,12.463676,37.893986,3,7520
2025-07-09 10:34:00,12.463676,37.893986,3,7520
2025-07-09 10:44:00,12.463676,37.893986,3,7520
2025-07-09 10:54:00,12.463676,37.893986,3,7520
2025-07-09 11:04:00,12.463676,37.893986,3,7520
2025-07-09 11:14:00,12.463676,37.893986,3,7520
2025-07-09 11:24:00,12.463676,37.893986,3,7520
2025-07-09 11:34:00,12.463676,37.893986,3,7520
2025-07-09 11:44:00,12.463676,37.893986,3,7520
2025-07-09 11:54:00,12.463676,37.893986,3,7520
2025-07-09 12:04:00,12.463676,37.893986,3,7520
2025-07-09 12:14:00,12.463676,37.893986,3,7520
2025-07-09 12:24:00,12.463676,37.893986,3,7520
2025-07-09 12:34:00,12.463676,37.893986,3,7520
2025-07-09 12:44:00,12.463676,37.893986,3,7520
2025-07-09 12:54:00,12.463676,37.893986,3,7520
2025-07-09 13:04:00,12.463676,37.893986,3,7520
2025-07-09 13:14:00,12.463676,37.893986,3,7520
2025-07-09 13:24:00,12.463676,37.893986,3,7520
2025-07-09 13:34:00,12.463676,37.893986,3,7520
2025-07-09 13:44:00,12.463676,37.893986,3,7520
2025-07-09 13:54:00,12.463676,37.893986,3,7520
2025-07-09 14:04:00,12.463676,37.893986,3,7520
2025-07-09 14:14:00,12.463732,37.893238,3,7520
2025-07-09 14:24:00,12.463732,37.893238,3,7520
2025-07-09 14:34:00,12.463732,37.893238,3,7520
2025-07-09 14:44:00,12.463732,37.893238,3,7520
2025-07-09 14:54:00,12.463732,37.893238,3,7520
2025-07-09 15:04:00,12.463757,37.89154,3,7520
2025-07-09 15:14:00,12.463798,37.889915,3,7520
2025-07-09 15:24:00,12.463814,37.88844,3,7520
2025-07-09 15:34:00,12.463778,37.887093,3,7520
2025-07-09 15:44:00,12.463702,37.885845,3,7520
2025-07-09 15:54:00,12.463595,37.884655,3,7520
2025-07-09 16:04:00,12.46345,37.8835,3,7520
2025-07-09 16:14:00,12.463337,37.882343,3,7520
2025-07-09 16:24:00,12.463301,37.881767,3,7520
2025-07-09 16:34:00,12.463301,37.881767,3,7520
2025-07-09 16:44:00,12.463301,37.881767,3,7520
2025-07-09 16:54:00,12.463301,37.881767,3,7520
2025-07-09 17:04:00,12.463301,37.881767,3,7520
2025-07-09 17:14:00,12.463275,37.881226,3,7520
2025-07-09 17:24:00,12.463275,37.881226,3,7520
2025-07-09 17:34:00,12.463275,37.881226,3,7520
2025-07-09 17:44:00,12.463275,37.881226,3,7520
2025-07-09 17:54:00,12.463275,37.881226,3,7520
2025-07-09 18:04:00,12.463275,37.881226,3,7520
2025-07-09 18:14:00,12.463275,37.881226,3,7520
2025-07-09 18:24:00,12.463275,37.881226,3,7520
2025-07-09 18:34:00,12.463275,37.881226,3,7520
2025-07-09 18:44:00,12.463275,37.881226,3,7520
2025-07-09 18:54:00,12.463275,37.881226,3,7520
2025-07-09 19:04:00,12.463275,37.881226,3,7520
2025-07-09 19:14:00,12.463275,37.881226,3,7520
2025-07-09 19:24:00,12.463275,37.881226,3,7520
2025-07-09 19:34:00,12.463275,37.881226,3,7520
2025-07-09 19:44:00,12.463275,37.881226,3,7520
2025-07-09 19:54:00,12.463275,37.881226,3,7520
2025-07-09 20:04:00,12.463275,37.881226,3,7520
2025-07-09 20:14:00,12.463275,37.881226,3,7520
2025-07-09 20:24:00,12.463275,37.881226,3,7520
2025-07-09 20:34:00,12.463275,37.881226,3,7520
2025-07-09 20:44:00,12.463275,37.881226,3,7520
2025-07-09 20:54:00,12.463275,37.881226,3,7520
2025-07-09 21:04:00,12.463275,37.881226,3,7520
2025-07-09 21:14:00,12.463275,37.881226,3,7520
2025-07-09 21:24:00,12.463275,37.881226,3,7520
2025-07-09 21:34:00,12.463275,37.881226,3,7520
2025-07-09 21:44:00,12.463275,37.881226,3,7520
2025-07-09 21:54:00,12.463275,37.881226,3,7520
2025-07-09 22:04:00,12.463275,37.881226,3,7520
2025-07-09 22:14:00,12.463275,37.881226,3,7520
2025-07-09 22:24:00,12.463275,37.881226,3,7520
2025-07-09 22:34:00,12.463275,37.881226,3,7520
2025-07-09 22:44:00,12.463275,37.881226,3,7520
2025-07-09 22:54:00,12.463275,37.881226,3,7520
2025-07-09 23:04:00,12.463275,37.881226,3,7520
2025-07-09 23:14:00,12.463275,37.881226,3,7520
2025-07-09 23:24:00,12.463275,37.881226,3,7520
2025-07-09 23:34:00,12.463275,37.881226,3,7520
2025-07-09 23:44:00,12.463275,37.881226,3,7520
2025-07-09 23:54:00,12.463275,37.881226,3,7520
2025-07-10 00:04:00,12.463275,37.881226,3,7520
2025-07-08 07:44:00,12.44983,37.88919,3,930
2025-07-08 07:54:00,12.450317,37.889534,3,930
2025-07-08 08:04:00,12.450833,37.889896,3,930
2025-07-08 08:14:00,12.451365,37.890263,3,930
2025-07-08 08:24:00,12.451905,37.890614,3,930
2025-07-08 08:34:00,12.452453,37.890957,3,930
2025-07-08 08:44:00,12.453011,37.891296,3,930
2025-07-08 08:54:00,12.453578,37.89163,3,930
2025-07-08 09:04:00,12.454155,37.891953,3,930
2025-07-08 09:14:00,12.45476,37.892265,3,930
2025-07-08 09:24:00,12.4554,37.89255,3,930
2025-07-08 09:34:00,12.456079,37.89282,3,930
2025-07-08 09:44:00,12.456792,37.893063,3,930
2025-07-08 09:54:00,12.457543,37.893284,3,930
2025-07-08 10:04:00,12.45833,37.89348,3,930
2025-07-08 10:14:00,12.459122,37.89365,3,930
2025-07-08 10:24:00,12.459903,37.893806,3,930
2025-07-08 10:34:00,12.460679,37.89394,3,930
2025-07-08 10:44:00,12.461466,37.89402,3,930
2025-07-08 10:54:00,12.462264,37.894047,3,930
2025-07-08 11:04:00,12.463041,37.894035,3,930
2025-07-08 11:14:00,12.4634075,37.89401,3,930
2025-07-08 11:24:00,12.4634075,37.89401,3,930
2025-07-08 11:34:00,12.46372,37.893917,3,930
2025-07-08 11:44:00,12.46372,37.893917,3,930
2025-07-08 11:54:00,12.46372,37.893917,3,930
2025-07-08 12:04:00,12.46372,37.893917,3,930
2025-07-08 12:14:00,12.46372,37.893917,3,930
2025-07-08 12:24:00,12.46372,37.893917,3,930
2025-07-08 12:34:00,12.46372,37.893917,3,930
2025-07-08 12:44:00,12.46372,37.893917,3,930
2025-07-08 12:54:00,12.46372,37.893917,3,930
2025-07-08 13:04:00,12.46372,37.893917,3,930
2025-07-08 13:14:00,12.46372,37.893917,3,930
2025-07-08 13:24:00,12.46372,37.893917,3,930
2025-07-08 13:34:00,12.46372,37.893917,3,930
2025-07-08 13:44:00,12.46372,37.893917,3,930
2025-07-08 13:54:00,12.46372,37.893917,3,930
2025-07-08 14:04:00,12.46372,37.893917,3,930
2025-07-08 14:14:00,12.46372,37.893917,3,930
2025-07-08 14:24:00,12.46372,37.893917,3,930
2025-07-08 14:34:00,12.46372,37.893917,3,930
2025-07-08 14:44:00,12.46372,37.893917,3,930
2025-07-08 14:54:00,12.46372,37.893917,3,930
2025-07-08 15:04:00,12.46372,37.893917,3,930
2025-07-08 15:14:00,12.46372,37.893917,3,930
2025-07-08 15:24:00,12.46372,37.893917,3,930
2025-07-08 15:34:00,12.46372,37.893917,3,930
2025-07-08 15:44:00,12.46372,37.893917,3,930
2025-07-08 15:54:00,12.46372,37.893917,3,930
2025-07-08 16:04:00,12.46372,37.893917,3,930
2025-07-08 16:14:00,12.46372,37.893917,3,930
2025-07-08 16:24:00,12.46372,37.893917,3,930
2025-07-08 16:34:00,12.46372,37.893917,3,930
2025-07-08 16:44:00,12.46372,37.893917,3,930
2025-07-08 16:54:00,12.46372,37.893917,3,930
2025-07-08 17:04:00,12.46372,37.893917,3,930
2025-07-08 17:14:00,12.46372,37.893917,3,930
2025-07-08 17:24:00,12.46372,37.893917,3,930
2025-07-08 17:34:00,12.46372,37.893917,3,930
2025-07-08 17:44:00,12.46372,37.893917,3,930
2025-07-08 17:54:00,12.46372,37.893917,3,930
2025-07-08 18:04:00,12.46372,37.893917,3,930
2025-07-08 18:14:00,12.46372,37.893917,3,930
2025-07-08 18:24:00,12.46372,37.893917,3,930
2025-07-08 18:34:00,12.46372,37.893917,3,930
2025-07-08 18:44:00,12.46372,37.893917,3,930
2025-07-08 18:54:00,12.46372,37.893917,3,930
2025-07-08 19:04:00,12.46372,37.893917,3,930
2025-07-08 19:14:00,12.46372,37.893917,3,930
2025-07-08 19:24:00,12.46372,37.893917,3,930
2025-07-08 19:34:00,12.46372,37.893917,3,930
2025-07-08 19:44:00,12.46372,37.893917,3,930
2025-07-08 19:54:00,12.46372,37.893917,3,930
2025-07-08 20:04:00,12.46372,37.893917,3,930
2025-07-08 20:14:00,12.46372,37.893917,3,930
2025-07-08 20:24:00,12.46372,37.893917,3,930
2025-07-08 20:34:00,12.46372,37.893917,3,930
2025-07-08 20:44:00,12.46372,37.893917,3,930
2025-07-08 20:54:00,12.46372,37.893917,3,930
2025-07-08 21:04:00,12.46372,37.893917,3,930
2025-07-08 21:14:00,12.46372,37.893917,3,930
2025-07-08 21:24:00,12.46372,37.893917,3,930
2025-07-08 21:34:00,12.46372,37.893917,3,930
2025-07-08 21:44:00,12.46372,37.893917,3,930
2025-07-08 21:54:00,12.46372,37.893917,3,930
2025-07-08 22:04:00,12.46372,37.893917,3,930
2025-07-08 22:14:00,12.46372,37.893917,3,930
2025-07-08 22:24:00,12.46372,37.893917,3,930
2025-07-08 22:34:00,12.46372,37.893917,3,930
2025-07-08 22:44:00,12.46372,37.893917,3,930
2025-07-08 22:54:00,12.46372,37.893917,3,930
2025-07-08 23:04:00,12.46372,37.893917,3,930
2025-07-08 23:14:00,12.46372,37.893917,3,930
2025-07-08 23:24:00,12.46372,37.893917,3,930
2025-07-08 23:34:00,12.46372,37.893917,3,930
2025-07-08 23:44:00,12.46372,37.893917,3,930
2025-07-08 23:54:00,12.46372,37.893917,3,930
2025-07-09 00:04:00,12.46372,37.893917,3,930
2025-07-09 00:14:00,12.46372,37.893917,3,930
2025-07-09 00:24:00,12.46372,37.893917,3,930
2025-07-09 00:34:00,12.46372,37.893917,3,930
2025-07-09 00:44:00,12.46372,37.893917,3,930
2025-07-09 00:54:00,12.46372,37.893917,3,930
2025-07-09 01:04:00,12.46372,37.893917,3,930
2025-07-09 01:14:00,12.46372,37.893917,3,930
2025-07-09 01:24:00,12.46372,37.893917,3,930
2025-07-09 01:34:00,12.46372,37.893917,3,930
2025-07-09 01:44:00,12.46372,37.893917,3,930
2025-07-09 01:54:00,12.46372,37.893917,3,930
2025-07-09 02:04:00,12.46372,37.893917,3,930
2025-07-09 02:14:00,12.46372,37.893917,3,930
2025-07-09 02:24:00,12.46372,37.893917,3,930
2025-07-09 02:34:00,12.46372,37.893917,3,930
2025-07-09 02:44:00,12.46372,37.893917,3,930
2025-07-09 02:54:00,12.46372,37.893917,3,930
2025-07-09 03:04:00,12.46372,37.893917,3,930
2025-07-09 03:14:00,12.46372,37.893917,3,930
2025-07-09 03:24:00,12.46372,37.893917,3,930
2025-07-09 03:34:00,12.46372,37.893917,3,930
2025-07-09 03:44:00,12.46372,37.893917,3,930
2025-07-09 03:54:00,12.46372,37.893917,3,930
2025-07-09 04:04:00,12.46372,37.893917,3,930
2025-07-09 04:14:00,12.46372,37.893917,3,930
2025-07-09 04:24:00,12.46372,37.893917,3,930
2025-07-09 04:34:00,12.46372,37.893917,3,930
2025-07-09 04:44:00,12.46372,37.893917,3,930
2025-07-09 04:54:00,12.46372,37.893917,3,930
2025-07-09 05:04:00,12.46372,37.893917,3,930
2025-07-09 05:14:00,12.46372,37.893917,3,930
2025-07-09 05:24:00,12.46372,37.893917,3,930
2025-07-09 05:34:00,12.46372,37.893917,3,930
2025-07-09 05:44:00,12.46372,37.893917,3,930
2025-07-09 05:54:00,12.46372,37.893917,3,930
2025-07-09 06:04:00,12.46372,37.893917,3,930
2025-07-09 06:14:00,12.46372,37.893917,3,930
2025-07-09 06:24:00,12.46372,37.893917,3,930
2025-07-09 06:34:00,12.46372,37.893917,3,930
2025-07-09 06:44:00,12.46372,37.893917,3,930
2025-07-09 06:54:00,12.46372,37.893917,3,930
2025-07-09 07:04:00,12.46372,37.893917,3,930
2025-07-09 07:14:00,12.46372,37.893917,3,930
2025-07-09 07:24:00,12.46372,37.893917,3,930
2025-07-09 07:34:00,12.46372,37.893917,3,930
2025-07-09 07:44:00,12.46372,37.893917,3,930
2025-07-09 07:54:00,12.46372,37.893917,3,930
2025-07-09 08:04:00,12.46372,37.893917,3,930
2025-07-09 08:14:00,12.46372,37.893917,3,930
2025-07-09 08:24:00,12.46372,37.893917,3,930
2025-07-09 08:34:00,12.46372,37.893917,3,930
2025-07-09 08:44:00,12.46372,37.893917,3,930
2025-07-09 08:54:00,12.46372,37.893917,3,930
2025-07-09 09:04:00,12.46372,37.893917,3,930
2025-07-09 09:14:00,12.46372,37.893917,3,930
2025-07-09 09:24:00,12.46372,37.893917,3,930
2025-07-09 09:34:00,12.46372,37.893917,3,930
2025-07-09 09:44:00,12.46372,37.893917,3,930
2025-07-09 09:54:00,12.46372,37.893917,3,930
2025-07-09 10:04:00,12.46372,37.893917,3,930
2025-07-09 10:14:00,12.46372,37.893917,3,930
2025-07-09 10:24:00,12.46372,37.893917,3,930
2025-07-09 10:34:00,12.46372,37.893917,3,930
2025-07-09 10:44:00,12.46372,37.893917,3,930
2025-07-09 10:54:00,12.46372,37.893917,3,930
2025-07-09 11:04:00,12.46372,37.893917,3,930
2025-07-09 11:14:00,12.46372,37.893917,3,930
2025-07-09 11:24:00,12.46372,37.893917,3,930
2025-07-09 11:34:00,12.46372,37.893917,3,930
2025-07-09 11:44:00,12.46372,37.893917,3,930
2025-07-09 11:54:00,12.46372,37.893917,3,930
2025-07-09 12:04:00,12.46372,37.893917,3,930
2025-07-09 12:14:00,12.46372,37.893917,3,930
2025-07-09 12:24:00,12.46372,37.893917,3,930
2025-07-09 12:34:00,12.46372,37.893917,3,930
2025-07-09 12:44:00,12.46372,37.893917,3,930
2025-07-09 12:54:00,12.46372,37.893917,3,930
2025-07-09 13:04:00,12.46372,37.893917,3,930
2025-07-09 13:14:00,12.46372,37.893917,3,930
2025-07-09 13:24:00,12.46372,37.893917,3,930
2025-07-09 13:34:00,12.46372,37.893917,3,930
2025-07-09 13:44:00,12.46372,37.893917,3,930
2025-07-09 13:54:00,12.46372,37.893917,3,930
2025-07-09 14:04:00,12.46372,37.893917,3,930
2025-07-09 14:14:00,12.46372,37.893917,3,930
2025-07-09 14:24:00,12.46372,37.893917,3,930
2025-07-09 14:34:00,12.46372,37.893917,3,930
2025-07-09 14:44:00,12.463734,37.893112,3,930
2025-07-09 14:54:00,12.463734,37.893112,3,930
2025-07-09 15:04:00,12.463764,37.89141,3,930
2025-07-09 15:14:00,12.463806,37.889797,3,930
2025-07-09 15:24:00,12.46382,37.88833,3,930
2025-07-09 15:34:00,12.463782,37.886986,3,930
2025-07-09 15:44:00,12.463706,37.885742,3,930
2025-07-09 15:54:00,12.463599,37.884556,3,930
2025-07-09 16:04:00,12.463454,37.883396,3,930
2025-07-09 16:14:00,12.463345,37.88224,3,930
2025-07-09 16:24:00,12.463311,37.88166,3,930
2025-07-09 16:34:00,12.463311,37.88166,3,930
2025-07-09 16:44:00,12.463311,37.88166,3,930
2025-07-09 16:54:00,12.463311,37.88166,3,930
2025-07-09 17:04:00,12.463311,37.88166,3,930
2025-07-09 17:14:00,12.463311,37.88166,3,930
2025-07-09 17:24:00,12.463311,37.88166,3,930
2025-07-09 17:34:00,12.463311,37.88166,3,930
2025-07-09 17:44:00,12.463311,37.88166,3,930
2025-07-09 17:54:00,12.463311,37.88166,3,930
2025-07-09 18:04:00,12.463311,37.88166,3,930
2025-07-09 18:14:00,12.463311,37.88166,3,930
2025-07-09 18:24:00,12.463311,37.88166,3,930
2025-07-09 18:34:00,12.463311,37.88166,3,930
2025-07-09 18:44:00,12.463228,37.88122,3,930
2025-07-09 18:54:00,12.463228,37.88122,3,930
2025-07-09 19:04:00,12.463228,37.88122,3,930
2025-07-09 19:14:00,12.463228,37.88122,3,930
2025-07-09 19:24:00,12.463228,37.88122,3,930
2025-07-09 19:34:00,12.463228,37.88122,3,930
2025-07-09 19:44:00,12.463228,37.88122,3,930
2025-07-09 19:54:00,12.463228,37.88122,3,930
2025-07-09 20:04:00,12.463228,37.88122,3,930
2025-07-09 20:14:00,12.463228,37.88122,3,930
2025-07-09 20:24:00,12.463228,37.88122,3,930
2025-07-09 20:34:00,12.463228,37.88122,3,930
2025-07-09 20:44:00,12.463228,37.88122,3,930
2025-07-09 20:54:00,12.463228,37.88122,3,930
2025-07-09 21:04:00,12.463228,37.88122,3,930
2025-07-09 21:14:00,12.463228,37.88122,3,930
2025-07-09 21:24:00,12.463228,37.88122,3,930
2025-07-09 21:34:00,12.463228,37.88122,3,930
2025-07-09 21:44:00,12.463228,37.88122,3,930
2025-07-09 21:54:00,12.463228,37.88122,3,930
2025-07-09 22:04:00,12.463228,37.88122,3,930
2025-07-09 22:14:00,12.463228,37.88122,3,930
2025-07-09 22:24:00,12.463228,37.88122,3,930
2025-07-09 22:34:00,12.463228,37.88122,3,930
2025-07-09 22:44:00,12.463228,37.88122,3,930
2025-07-09 22:54:00,12.463228,37.88122,3,930
2025-07-09 23:04:00,12.463228,37.88122,3,930
2025-07-09 23:14:00,12.463228,37.88122,3,930
2025-07-09 23:24:00,12.463228,37.88122,3,930
2025-07-09 23:34:00,12.463228,37.88122,3,930
2025-07-09 23:44:00,12.463228,37.88122,3,930
2025-07-09 23:54:00,12.463228,37.88122,3,930
2025-07-10 00:04:00,12.463228,37.88122,3,930
2025-07-08 10:44:00,12.45028,37.88513,4,2520
2025-07-08 10:54:00,12.450986,37.885227,4,2520
2025-07-08 11:04:00,12.451686,37.8853,4,2520
2025-07-08 11:14:00,12.452361,37.88532,4,2520
2025-07-08 11:24:00,12.452991,37.885284,4,2520
2025-07-08 11:34:00,12.453287,37.885246,4,2520
2025-07-08 11:44:00,12.453287,37.885246,4,2520
2025-07-08 11:54:00,12.453545,37.88516,4,2520
2025-07-08 12:04:00,12.453545,37.88516,4,2520
2025-07-08 12:14:00,12.453545,37.88516,4,2520
2025-07-08 12:24:00,12.453545,37.88516,4,2520
2025-07-08 12:34:00,12.453545,37.88516,4,2520
2025-07-08 12:44:00,12.453545,37.88516,4,2520
2025-07-08 12:54:00,12.453545,37.88516,4,2520
2025-07-08 13:04:00,12.453545,37.88516,4,2520
2025-07-08 13:14:00,12.453545,37.88516,4,2520
2025-07-08 13:24:00,12.453545,37.88516,4,2520
2025-07-08 13:34:00,12.453545,37.88516,4,2520
2025-07-08 13:44:00,12.453545,37.88516,4,2520
2025-07-08 13:54:00,12.453545,37.88516,4,2520
2025-07-08 14:04:00,12.453545,37.88516,4,2520
2025-07-08 14:14:00,12.453545,37.88516,4,2520
2025-07-08 14:24:00,12.453545,37.88516,4,2520
2025-07-08 14:34:00,12.453545,37.88516,4,2520
2025-07-08 14:44:00,12.453545,37.88516,4,2520
2025-07-08 14:54:00,12.453545,37.88516,4,2520
2025-07-08 15:04:00,12.453545,37.88516,4,2520
2025-07-08 15:14:00,12.453545,37.88516,4,2520
2025-07-08 15:24:00,12.453545,37.88516,4,2520
2025-07-08 15:34:00,12.453545,37.88516,4,2520
2025-07-08 15:44:00,12.453545,37.88516,4,2520
2025-07-08 15:54:00,12.453545,37.88516,4,2520
2025-07-08 16:04:00,12.453545,37.88516,4,2520
2025-07-08 16:14:00,12.453545,37.88516,4,2520
2025-07-08 16:24:00,12.453545,37.88516,4,2520
2025-07-08 16:34:00,12.453545,37.88516,4,2520
2025-07-08 16:44:00,12.453545,37.88516,4,2520
2025-07-08 16:54:00,12.453545,37.88516,4,2520
2025-07-08 17:04:00,12.453545,37.88516,4,2520
2025-07-08 17:14:00,12.453545,37.88516,4,2520
2025-07-08 17:24:00,12.453545,37.88516,4,2520
2025-07-08 17:34:00,12.453545,37.88516,4,2520
2025-07-08 17:44:00,12.453545,37.88516,4,2520
2025-07-08 17:54:00,12.453545,37.88516,4,2520
2025-07-08 18:04:00,12.453545,37.88516,4,2520
2025-07-08 18:14:00,12.453545,37.88516,4,2520
2025-07-08 18:24:00,12.453545,37.88516,4,2520
2025-07-08 18:34:00,12.453545,37.88516,4,2520
2025-07-08 18:44:00,12.453545,37.88516,4,2520
2025-07-08 18:54:00,12.453545,37.88516,4,2520
2025-07-08 19:04:00,12.453545,37.88516,4,2520
2025-07-08 19:14:00,12.453545,37.88516,4,2520
2025-07-08 19:24:00,12.453545,37.88516,4,2520
2025-07-08 19:34:00,12.453545,37.88516,4,2520
2025-07-08 19:44:00,12.453545,37.88516,4,2520
2025-07-08 19:54:00,12.453545,37.88516,4,2520
2025-07-08 20:04:00,12.453545,37.88516,4,2520
2025-07-08 20:14:00,12.453545,37.88516,4,2520
2025-07-08 20:24:00,12.453545,37.88516,4,2520
2025-07-08 20:34:00,12.453545,37.88516,4,2520
2025-07-08 20:44:00,12.453545,37.88516,4,2520
2025-07-08 20:54:00,12.453545,37.88516,4,2520
2025-07-08 21:04:00,12.453545,37.88516,4,2520
2025-07-08 21:14:00,12.453545,37.88516,4,2520
2025-07-08 21:24:00,12.453545,37.88516,4,2520
2025-07-08 21:34:00,12.453545,37.88516,4,2520
2025-07-08 21:44:00,12.453545,37.88516,4,2520
2025-07-08 21:54:00,12.453545,37.88516,4,2520
2025-07-08 22:04:00,12.453545,37.88516,4,2520
2025-07-08 22:14:00,12.453545,37.88516,4,2520
2025-07-08 22:24:00,12.453545,37.88516,4,2520
2025-07-08 22:34:00,12.453545,37.88516,4,2520
2025-07-08 22:44:00,12.453545,37.88516,4,2520
2025-07-08 22:54:00,12.453545,37.88516,4,2520
2025-07-08 23:04:00,12.453545,37.88516,4,2520
2025-07-08 23:14:00,12.453545,37.88516,4,2520
2025-07-08 23:24:00,12.453545,37.88516,4,2520
2025-07-08 23:34:00,12.453545,37.88516,4,2520
2025-07-08 23:44:00,12.453545,37.88516,4,2520
2025-07-08 23:54:00,12.453545,37.88516,4,2520
2025-07-09 00:04:00,12.453545,37.88516,4,2520
2025-07-09 00:14:00,12.453545,37.88516,4,2520
2025-07-09 00:24:00,12.453545,37.88516,4,2520
2025-07-09 00:34:00,12.453545,37.88516,4,2520
2025-07-09 00:44:00,12.453545,37.88516,4,2520
2025-07-09 00:54:00,12.453545,37.88516,4,2520
2025-07-09 01:04:00,12.453545,37.88516,4,2520
2025-07-09 01:14:00,12.453545,37.88516,4,2520
2025-07-09 01:24:00,12.453545,37.88516,4,2520
2025-07-09 01:34:00,12.453545,37.88516,4,2520
2025-07-09 01:44:00,12.453545,37.88516,4,2520
2025-07-09 01:54:00,12.453545,37.88516,4,2520
2025-07-09 02:04:00,12.453545,37.88516,4,2520
2025-07-09 02:14:00,12.453545,37.88516,4,2520
2025-07-09 02:24:00,12.453545,37.88516,4,2520
2025-07-09 02:34:00,12.453545,37.88516,4,2520
2025-07-09 02:44:00,12.453545,37.88516,4,2520
2025-07-09 02:54:00,12.453545,37.88516,4,2520
2025-07-09 03:04:00,12.453545,37.88516,4,2520
2025-07-09 03:14:00,12.453545,37.88516,4,2520
2025-07-09 03:24:00,12.453545,37.88516,4,2520
2025-07-09 03:34:00,12.453545,37.88516,4,2520
2025-07-09 03:44:00,12.453545,37.88516,4,2520
2025-07-09 03:54:00,12.453545,37.88516,4,2520
2025-07-09 04:04:00,12.453545,37.88516,4,2520
2025-07-09 04:14:00,12.453545,37.88516,4,2520
2025-07-09 04:24:00,12.453545,37.88516,4,2520
2025-07-09 04:34:00,12.453545,37.88516,4,2520
2025-07-09 04:44:00,12.453545,37.88516,4,2520
2025-07-09 04:54:00,12.453545,37.88516,4,2520
2025-07-09 05:04:00,12.453545,37.88516,4,2520
2025-07-09 05:14:00,12.453545,37.88516,4,2520
2025-07-09 05:24:00,12.453545,37.88516,4,2520
2025-07-09 05:34:00,12.453545,37.88516,4,2520
2025-07-09 05:44:00,12.453545,37.88516,4,2520
2025-07-09 05:54:00,12.453545,37.88516,4,2520
2025-07-09 06:04:00,12.453545,37.88516,4,2520
2025-07-09 06:14:00,12.453545,37.88516,4,2520
2025-07-09 06:24:00,12.453545,37.88516,4,2520
2025-07-09 06:34:00,12.453545,37.88516,4,2520
2025-07-09 06:44:00,12.453545,37.88516,4,2520
2025-07-09 06:54:00,12.453545,37.88516,4,2520
2025-07-09 07:04:00,12.453545,37.88516,4,2520
2025-07-09 07:14:00,12.453545,37.88516,4,2520
2025-07-09 07:24:00,12.453545,37.88516,4,2520
2025-07-09 07:34:00,12.453545,37.88516,4,2520
2025-07-09 07:44:00,12.453545,37.88516,4,2520
2025-07-09 07:54:00,12.453545,37.88516,4,2520
2025-07-09 08:04:00,12.453545,37.88516,4,2520
2025-07-09 08:14:00,12.453545,37.88516,4,2520
2025-07-09 08:24:00,12.453545,37.88516,4,2520
2025-07-09 08:34:00,12.453545,37.88516,4,2520
2025-07-09 08:44:00,12.453545,37.88516,4,2520
2025-07-09 08:54:00,12.453545,37.88516,4,2520
2025-07-09 09:04:00,12.453545,37.88516,4,2520
2025-07-09 09:14:00,12.453545,37.88516,4,2520
2025-07-09 09:24:00,12.453545,37.88516,4,2520
2025-07-09 09:34:00,12.453545,37.88516,4,2520
2025-07-09 09:44:00,12.453742,37.88464,4,2520
2025-07-09 09:54:00,12.453742,37.88464,4,2520
2025-07-09 10:04:00,12.453742,37.88464,4,2520
2025-07-09 10:14:00,12.453742,37.88464,4,2520
2025-07-09 10:24:00,12.453742,37.88464,4,2520
2025-07-09 10:34:00,12.453742,37.88464,4,2520
2025-07-09 10:44:00,12.453742,37.88464,4,2520
2025-07-09 10:54:00,12.453742,37.88464,4,2520
2025-07-09 11:04:00,12.453742,37.88464,4,2520
2025-07-09 11:14:00,12.453742,37.88464,4,2520
2025-07-09 11:24:00,12.453742,37.88464,4,2520
2025-07-09 11:34:00,12.453742,37.88464,4,2520
2025-07-09 11:44:00,12.453742,37.88464,4,2520
2025-07-09 11:54:00,12.453742,37.88464,4,2520
2025-07-09 12:04:00,12.453742,37.88464,4,2520
2025-07-09 12:14:00,12.453742,37.88464,4,2520
2025-07-09 12:24:00,12.453742,37.88464,4,2520
2025-07-09 12:34:00,12.453742,37.88464,4,2520
2025-07-09 12:44:00,12.453742,37.88464,4,2520
2025-07-09 12:54:00,12.453742,37.88464,4,2520
2025-07-09 13:04:00,12.453742,37.88464,4,2520
2025-07-09 13:14:00,12.453742,37.88464,4,2520
2025-07-09 13:24:00,12.453742,37.88464,4,2520
2025-07-09 13:34:00,12.453742,37.88464,4,2520
2025-07-09 13:44:00,12.453742,37.88464,4,2520
2025-07-09 13:54:00,12.453742,37.88464,4,2520
2025-07-09 14:04:00,12.453742,37.88464,4,2520
2025-07-09 14:14:00,12.453742,37.88464,4,2520
2025-07-09 14:24:00,12.453742,37.88464,4,2520
2025-07-09 14:34:00,12.453742,37.88464,4,2520
2025-07-09 14:44:00,12.453742,37.88464,4,2520
2025-07-09 14:54:00,12.453742,37.88464,4,2520
2025-07-09 15:04:00,12.453742,37.88464,4,2520
2025-07-09 15:14:00,12.453742,37.88464,4,2520
2025-07-09 15:24:00,12.453742,37.88464,4,2520
2025-07-09 15:34:00,12.453742,37.88464,4,2520
2025-07-09 15:44:00,12.453742,37.88464,4,2520
2025-07-09 15:54:00,12.453742,37.88464,4,2520
2025-07-09 16:04:00,12.453742,37.88464,4,2520
2025-07-09 16:14:00,12.453742,37.88464,4,2520
2025-07-09 16:24:00,12.453742,37.88464,4,2520
2025-07-09 16:34:00,12.453742,37.88464,4,2520
2025-07-09 16:44:00,12.453742,37.88464,4,2520
2025-07-09 16:54:00,12.453742,37.88464,4,2520
2025-07-09 17:04:00,12.453742,37.88464,4,2520
2025-07-09 17:14:00,12.453742,37.88464,4,2520
2025-07-09 17:24:00,12.45373,37.884064,4,2520
2025-07-09 17:34:00,12.453665,37.882954,4,2520
2025-07-09 17:44:00,12.4535265,37.88189,4,2520
2025-07-09 17:54:00,12.453341,37.880856,4,2520
2025-07-09 18:04:00,12.453133,37.879833,4,2520
2025-07-09 18:14:00,12.452913,37.878834,4,2520
2025-07-09 18:24:00,12.452687,37.87786,4,2520
2025-07-09 18:34:00,12.452462,37.87691,4,2520
2025-07-09 18:44:00,12.452248,37.87597,4,2520
2025-07-09 18:54:00,12.452056,37.875053,4,2520
2025-07-09 19:04:00,12.45191,37.874184,4,2520
2025-07-09 19:14:00,12.451794,37.87335,4,2520
2025-07-09 19:24:00,12.451608,37.872524,4,2520
2025-07-09 19:34:00,12.45135,37.871704,4,2520
2025-07-09 19:44:00,12.451093,37.870872,4,2520
2025-07-09 19:54:00,12.450862,37.87002,4,2520
2025-07-09 20:04:00,12.450658,37.869152,4,2520
2025-07-09 20:14:00,12.450492,37.868256,4,2520
2025-07-09 20:24:00,12.450364,37.867344,4,2520
2025-07-09 20:34:00,12.450289,37.866432,4,2520
2025-07-09 20:44:00,12.450265,37.86554,4,2520
2025-07-09 20:54:00,12.450264,37.864666,4,2520
2025-07-09 21:04:00,12.450276,37.86381,4,2520
2025-07-09 21:14:00,12.450296,37.86296,4,2520
2025-07-09 21:24:00,12.45032,37.862106,4,2520
2025-07-09 21:34:00,12.450346,37.86125,4,2520
2025-07-09 21:44:00,12.450367,37.860394,4,2520
2025-07-09 21:54:00,12.45038,37.859535,4,2520
2025-07-09 22:04:00,12.450391,37.858673,4,2520
2025-07-09 22:14:00,12.450411,37.85782,4,2520
2025-07-09 22:24:00,12.450436,37.856987,4,2520
2025-07-09 22:34:00,12.450454,37.856174,4,2520
2025-07-09 22:44:00,12.45048,37.855377,4,2520
2025-07-09 22:54:00,12.450567,37.85461,4,2520
2025-07-09 23:04:00,12.450718,37.853867,4,2520
2025-07-09 23:14:00,12.45088,37.853127,4,2520
2025-07-09 23:24:00,12.451003,37.85238,4,2520
2025-07-09 23:34:00,12.451089,37.851624,4,2520
2025-07-09 23:44:00,12.451153,37.850872,4,2520
2025-07-09 23:54:00,12.451202,37.85013,4,2520
2025-07-10 00:04:00,12.451266,37.849518,4,2520
2025-07-08 10:44:00,12.45017,37.8852,4,7520
2025-07-08 10:54:00,12.450873,37.8853,4,7520
2025-07-08 11:04:00,12.451572,37.885372,4,7520
2025-07-08 11:14:00,12.452247,37.885395,4,7520
2025-07-08 11:24:00,12.452876,37.88536,4,7520
2025-07-08 11:34:00,12.453174,37.885326,4,7520
2025-07-08 11:44:00,12.453441,37.885254,4,7520
2025-07-08 11:54:00,12.453441,37.885254,4,7520
2025-07-08 12:04:00,12.453441,37.885254,4,7520
2025-07-08 12:14:00,12.453441,37.885254,4,7520
2025-07-08 12:24:00,12.453441,37.885254,4,7520
2025-07-08 12:34:00,12.453441,37.885254,4,7520
2025-07-08 12:44:00,12.453441,37.885254,4,7520
2025-07-08 12:54:00,12.453441,37.885254,4,7520
2025-07-08 13:04:00,12.453441,37.885254,4,7520
2025-07-08 13:14:00,12.453441,37.885254,4,7520
2025-07-08 13:24:00,12.453441,37.885254,4,7520
2025-07-08 13:34:00,12.453441,37.885254,4,7520
2025-07-08 13:44:00,12.453441,37.885254,4,7520
2025-07-08 13:54:00,12.453441,37.885254,4,7520
2025-07-08 14:04:00,12.453441,37.885254,4,7520
2025-07-08 14:14:00,12.453441,37.885254,4,7520
2025-07-08 14:24:00,12.453441,37.885254,4,7520
2025-07-08 14:34:00,12.453441,37.885254,4,7520
2025-07-08 14:44:00,12.453441,37.885254,4,7520
2025-07-08 14:54:00,12.453441,37.885254,4,7520
2025-07-08 15:04:00,12.453441,37.885254,4,7520
2025-07-08 15:14:00,12.453441,37.885254,4,7520
2025-07-08 15:24:00,12.453441,37.885254,4,7520
2025-07-08 15:34:00,12.453441,37.885254,4,7520
2025-07-08 15:44:00,12.453441,37.885254,4,7520
2025-07-08 15:54:00,12.453441,37.885254,4,7520
2025-07-08 16:04:00,12.453441,37.885254,4,7520
2025-07-08 16:14:00,12.453441,37.885254,4,7520
2025-07-08 16:24:00,12.453441,37.885254,4,7520
2025-07-08 16:34:00,12.453441,37.885254,4,7520
2025-07-08 16:44:00,12.453441,37.885254,4,7520
2025-07-08 16:54:00,12.453441,37.885254,4,7520
2025-07-08 17:04:00,12.453441,37.885254,4,7520
2025-07-08 17:14:00,12.453441,37.885254,4,7520
2025-07-08 17:24:00,12.453441,37.885254,4,7520
2025-07-08 17:34:00,12.453441,37.885254,4,7520
2025-07-08 17:44:00,12.453441,37.885254,4,7520
2025-07-08 17:54:00,12.453441,37.885254,4,7520
2025-07-08 18:04:00,12.453441,37.885254,4,7520
2025-07-08 18:14:00,12.453441,37.885254,4,7520
2025-07-08 18:24:00,12.453441,37.885254,4,7520
2025-07-08 18:34:00,12.453441,37.885254,4,7520
2025-07-08 18:44:00,12.453441,37.885254,4,7520
2025-07-08 18:54:00,12.453441,37.885254,4,7520
2025-07-08 19:04:00,12.453441,37.885254,4,7520
2025-07-08 19:14:00,12.453441,37.885254,4,7520
2025-07-08 19:24:00,12.453441,37.885254,4,7520
2025-07-08 19:34:00,12.453441,37.885254,4,7520
2025-07-08 19:44:00,12.453441,37.885254,4,7520
2025-07-08 19:54:00,12.453441,37.885254,4,7520
2025-07-08 20:04:00,12.453441,37.885254,4,7520
2025-07-08 20:14:00,12.453441,37.885254,4,7520
2025-07-08 20:24:00,12.453441,37.885254,4,7520
2025-07-08 20:34:00,12.453441,37.885254,4,7520
2025-07-08 20:44:00,12.453441,37.885254,4,7520
2025-07-08 20:54:00,12.453441,37.885254,4,7520
2025-07-08 21:04:00,12.453441,37.885254,4,7520
2025-07-08 21:14:00,12.453441,37.885254,4,7520
2025-07-08 21:24:00,12.453441,37.885254,4,7520
2025-07-08 21:34:00,12.453441,37.885254,4,7520
2025-07-08 21:44:00,12.453441,37.885254,4,7520
2025-07-08 21:54:00,12.453441,37.885254,4,7520
2025-07-08 22:04:00,12.453441,37.885254,4,7520
2025-07-08 22:14:00,12.453441,37.885254,4,7520
2025-07-08 22:24:00,12.453441,37.885254,4,7520
2025-07-08 22:34:00,12.453441,37.885254,4,7520
2025-07-08 22:44:00,12.453441,37.885254,4,7520
2025-07-08 22:54:00,12.453441,37.885254,4,7520
2025-07-08 23:04:00,12.453441,37.885254,4,7520
2025-07-08 23:14:00,12.453441,37.885254,4,7520
2025-07-08 23:24:00,12.453441,37.885254,4,7520
2025-07-08 23:34:00,12.453441,37.885254,4,7520
2025-07-08 23:44:00,12.453441,37.885254,4,7520
2025-07-08 23:54:00,12.453441,37.885254,4,7520
2025-07-09 00:04:00,12.453441,37.885254,4,7520
2025-07-09 00:14:00,12.453441,37.885254,4,7520
2025-07-09 00:24:00,12.453441,37.885254,4,7520
2025-07-09 00:34:00,12.453441,37.885254,4,7520
2025-07-09 00:44:00,12.453441,37.885254,4,7520
2025-07-09 00:54:00,12.453441,37.885254,4,7520
2025-07-09 01:04:00,12.453441,37.885254,4,7520
2025-07-09 01:14:00,12.453441,37.885254,4,7520
2025-07-09 01:24:00,12.453441,37.885254,4,7520
2025-07-09 01:34:00,12.453441,37.885254,4,7520
2025-07-09 01:44:00,12.453441,37.885254,4,7520
2025-07-09 01:54:00,12.453441,37.885254,4,7520
2025-07-09 02:04:00,12.453441,37.885254,4,7520
2025-07-09 02:14:00,12.453441,37.885254,4,7520
2025-07-09 02:24:00,12.453441,37.885254,4,7520
2025-07-09 02:34:00,12.453441,37.885254,4,7520
2025-07-09 02:44:00,12.453441,37.885254,4,7520
2025-07-09 02:54:00,12.453441,37.885254,4,7520
2025-07-09 03:04:00,12.453441,37.885254,4,7520
2025-07-09 03:14:00,12.453441,37.885254,4,7520
2025-07-09 03:24:00,12.453441,37.885254,4,7520
2025-07-09 03:34:00,12.453441,37.885254,4,7520
2025-07-09 03:44:00,12.453441,37.885254,4,7520
2025-07-09 03:54:00,12.453441,37.885254,4,7520
2025-07-09 04:04:00,12.453441,37.885254,4,7520
2025-07-09 04:14:00,12.453441,37.885254,4,7520
2025-07-09 04:24:00,12.453441,37.885254,4,7520
2025-07-09 04:34:00,12.453441,37.885254,4,7520
2025-07-09 04:44:00,12.453441,37.885254,4,7520
2025-07-09 04:54:00,12.453441,37.885254,4,7520
2025-07-09 05:04:00,12.453441,37.885254,4,7520
2025-07-09 05:14:00,12.453441,37.885254,4,7520
2025-07-09 05:24:00,12.453441,37.885254,4,7520
2025-07-09 05:34:00,12.453441,37.885254,4,7520
2025-07-09 05:44:00,12.453441,37.885254,4,7520
2025-07-09 05:54:00,12.453441,37.885254,4,7520
2025-07-09 06:04:00,12.453441,37.885254,4,7520
2025-07-09 06:14:00,12.453441,37.885254,4,7520
2025-07-09 06:24:00,12.453441,37.885254,4,7520
2025-07-09 06:34:00,12.453441,37.885254,4,7520
2025-07-09 06:44:00,12.453737,37.884758,4,7520
2025-07-09 06:54:00,12.453737,37.884758,4,7520
2025-07-09 07:04:00,12.453737,37.884758,4,7520
2025-07-09 07:14:00,12.453737,37.884758,4,7520
2025-07-09 07:24:00,12.453737,37.884758,4,7520
2025-07-09 07:34:00,12.453737,37.884758,4,7520
2025-07-09 07:44:00,12.453737,37.884758,4,7520
2025-07-09 07:54:00,12.453737,37.884758,4,7520
2025-07-09 08:04:00,12.453737,37.884758,4,7520
2025-07-09 08:14:00,12.453737,37.884758,4,7520
2025-07-09 08:24:00,12.453737,37.884758,4,7520
2025-07-09 08:34:00,12.453737,37.884758,4,7520
2025-07-09 08:44:00,12.453737,37.884758,4,7520
2025-07-09 08:54:00,12.453737,37.884758,4,7520
2025-07-09 09:04:00,12.453737,37.884758,4,7520
2025-07-09 09:14:00,12.453737,37.884758,4,7520
2025-07-09 09:24:00,12.453737,37.884758,4,7520
2025-07-09 09:34:00,12.453737,37.884758,4,7520
2025-07-09 09:44:00,12.453737,37.884758,4,7520
2025-07-09 09:54:00,12.453737,37.884758,4,7520
2025-07-09 10:04:00,12.453737,37.884758,4,7520
2025-07-09 10:14:00,12.453737,37.884758,4,7520
2025-07-09 10:24:00,12.453737,37.884758,4,7520
2025-07-09 10:34:00,12.453737,37.884758,4,7520
2025-07-09 10:44:00,12.453737,37.884758,4,7520
2025-07-09 10:54:00,12.453737,37.884758,4,7520
2025-07-09 11:04:00,12.453737,37.884758,4,7520
2025-07-09 11:14:00,12.453737,37.884758,4,7520
2025-07-09 11:24:00,12.453737,37.884758,4,7520
2025-07-09 11:34:00,12.453737,37.884758,4,7520
2025-07-09 11:44:00,12.453737,37.884758,4,7520
2025-07-09 11:54:00,12.453737,37.884758,4,7520
2025-07-09 12:04:00,12.453737,37.884758,4,7520
2025-07-09 12:14:00,12.453737,37.884758,4,7520
2025-07-09 12:24:00,12.453737,37.884758,4,7520
2025-07-09 12:34:00,12.453737,37.884758,4,7520
2025-07-09 12:44:00,12.453737,37.884758,4,7520
2025-07-09 12:54:00,12.453737,37.884758,4,7520
2025-07-09 13:04:00,12.453737,37.884758,4,7520
2025-07-09 13:14:00,12.453737,37.884758,4,7520
2025-07-09 13:24:00,12.453737,37.884758,4,7520
2025-07-09 13:34:00,12.453737,37.884758,4,7520
2025-07-09 13:44:00,12.453737,37.884758,4,7520
2025-07-09 13:54:00,12.453737,37.884758,4,7520
2025-07-09 14:04:00,12.453737,37.884758,4,7520
2025-07-09 14:14:00,12.453737,37.884758,4,7520
2025-07-09 14:24:00,12.453737,37.884758,4,7520
2025-07-09 14:34:00,12.453737,37.884758,4,7520
2025-07-09 14:44:00,12.453737,37.884758,4,7520
2025-07-09 14:54:00,12.453737,37.884758,4,7520
2025-07-09 15:04:00,12.453737,37.884758,4,7520
2025-07-09 15:14:00,12.453737,37.884758,4,7520
2025-07-09 15:24:00,12.453737,37.884758,4,7520
2025-07-09 15:34:00,12.453737,37.884758,4,7520
2025-07-09 15:44:00,12.453737,37.884758,4,7520
2025-07-09 15:54:00,12.453737,37.884758,4,7520
2025-07-09 16:04:00,12.453737,37.884758,4,7520
2025-07-09 16:14:00,12.453737,37.884758,4,7520
2025-07-09 16:24:00,12.453737,37.884758,4,7520
2025-07-09 16:34:00,12.453737,37.884758,4,7520
2025-07-09 16:44:00,12.453737,37.884758,4,7520
2025-07-09 16:54:00,12.453737,37.884758,4,7520
2025-07-09 17:04:00,12.453737,37.884758,4,7520
2025-07-09 17:14:00,12.453737,37.884758,4,7520
2025-07-09 17:24:00,12.453714,37.8836,4,7520
2025-07-09 17:34:00,12.453626,37.8825,4,7520
2025-07-09 17:44:00,12.453466,37.881443,4,7520
2025-07-09 17:54:00,12.453277,37.880405,4,7520
2025-07-09 18:04:00,12.453066,37.879383,4,7520
2025-07-09 18:14:00,12.452845,37.878387,4,7520
2025-07-09 18:24:00,12.452618,37.877415,4,7520
2025-07-09 18:34:00,12.452399,37.876457,4,7520
2025-07-09 18:44:00,12.452193,37.875515,4,7520
2025-07-09 18:54:00,12.452025,37.87461,4,7520
2025-07-09 19:04:00,12.451903,37.87376,4,7520
2025-07-09 19:14:00,12.451748,37.872932,4,7520
2025-07-09 19:24:00,12.451513,37.872112,4,7520
2025-07-09 19:34:00,12.451234,37.871292,4,7520
2025-07-09 19:44:00,12.450981,37.870453,4,7520
2025-07-09 19:54:00,12.450752,37.8696,4,7520
2025-07-09 20:04:00,12.450559,37.868713,4,7520
2025-07-09 20:14:00,12.450402,37.8678,4,7520
2025-07-09 20:24:00,12.450292,37.86688,4,7520
2025-07-09 20:34:00,12.450236,37.865967,4,7520
2025-07-09 20:44:00,12.450221,37.86507,4,7520
2025-07-09 20:54:00,12.45022,37.864197,4,7520
2025-07-09 21:04:00,12.450234,37.863346,4,7520
2025-07-09 21:14:00,12.450258,37.862503,4,7520
2025-07-09 21:24:00,12.450287,37.861656,4,7520
2025-07-09 21:34:00,12.450313,37.86081,4,7520
2025-07-09 21:44:00,12.450333,37.85996,4,7520
2025-07-09 21:54:00,12.450346,37.859104,4,7520
2025-07-09 22:04:00,12.4503565,37.858246,4,7520
2025-07-09 22:14:00,12.450375,37.857395,4,7520
2025-07-09 22:24:00,12.450387,37.856567,4,7520
2025-07-09 22:34:00,12.450393,37.855755,4,7520
2025-07-09 22:44:00,12.4504385,37.85497,4,7520
2025-07-09 22:54:00,12.45055,37.85421,4,7520
2025-07-09 23:04:00,12.450713,37.853466,4,7520
2025-07-09 23:14:00,12.450852,37.852715,4,7520
2025-07-09 23:24:00,12.450952,37.85195,4,7520
2025-07-09 23:34:00,12.451021,37.85119,4,7520
2025-07-09 23:44:00,12.451074,37.85043,4,7520
2025-07-09 23:54:00,12.451111,37.849678,4,7520
2025-07-10 00:04:00,12.451153,37.849075,4,7520
2025-07-08 10:44:00,12.450487,37.885406,4,930
2025-07-08 10:54:00,12.451198,37.8855,4,930
2025-07-08 11:04:00,12.451903,37.88557,4,930
2025-07-08 11:14:00,12.452581,37.885593,4,930
2025-07-08 11:24:00,12.452902,37.88559,4,930
2025-07-08 11:34:00,12.452902,37.88559,4,930
2025-07-08 11:44:00,12.453169,37.885517,4,930
2025-07-08 11:54:00,12.453169,37.885517,4,930
2025-07-08 12:04:00,12.453169,37.885517,4,930
2025-07-08 12:14:00,12.453169,37.885517,4,930
2025-07-08 12:24:00,12.453169,37.885517,4,930
2025-07-08 12:34:00,12.453169,37.885517,4,930
2025-07-08 12:44:00,12.453169,37.885517,4,930
2025-07-08 12:54:00,12.453169,37.885517,4,930
2025-07-08 13:04:00,12.453169,37.885517,4,930
2025-07-08 13:14:00,12.453169,37.885517,4,930
2025-07-08 13:24:00,12.453169,37.885517,4,930
2025-07-08 13:34:00,12.453169,37.885517,4,930
2025-07-08 13:44:00,12.453169,37.885517,4,930
2025-07-08 13:54:00,12.453169,37.885517,4,930
2025-07-08 14:04:00,12.453169,37.885517,4,930
2025-07-08 14:14:00,12.453169,37.885517,4,930
2025-07-08 14:24:00,12.453169,37.885517,4,930
2025-07-08 14:34:00,12.453169,37.885517,4,930
2025-07-08 14:44:00,12.453169,37.885517,4,930
2025-07-08 14:54:00,12.453169,37.885517,4,930
2025-07-08 15:04:00,12.453169,37.885517,4,930
2025-07-08 15:14:00,12.453169,37.885517,4,930
2025-07-08 15:24:00,12.453169,37.885517,4,930
2025-07-08 15:34:00,12.453169,37.885517,4,930
2025-07-08 15:44:00,12.453169,37.885517,4,930
2025-07-08 15:54:00,12.453169,37.885517,4,930
2025-07-08 16:04:00,12.453169,37.885517,4,930
2025-07-08 16:14:00,12.453169,37.885517,4,930
2025-07-08 16:24:00,12.453169,37.885517,4,930
2025-07-08 16:34:00,12.453169,37.885517,4,930
2025-07-08 16:44:00,12.453169,37.885517,4,930
2025-07-08 16:54:00,12.453169,37.885517,4,930
2025-07-08 17:04:00,12.453169,37.885517,4,930
2025-07-08 17:14:00,12.453169,37.885517,4,930
2025-07-08 17:24:00,12.453169,37.885517,4,930
2025-07-08 17:34:00,12.453169,37.885517,4,930
2025-07-08 17:44:00,12.453169,37.885517,4,930
2025-07-08 17:54:00,12.453169,37.885517,4,930
2025-07-08 18:04:00,12.453169,37.885517,4,930
2025-07-08 18:14:00,12.453169,37.885517,4,930
2025-07-08 18:24:00,12.453169,37.885517,4,930
2025-07-08 18:34:00,12.453169,37.885517,4,930
2025-07-08 18:44:00,12.453169,37.885517,4,930
2025-07-08 18:54:00,12.453169,37.885517,4,930
2025-07-08 19:04:00,12.453169,37.885517,4,930
2025-07-08 19:14:00,12.453169,37.885517,4,930
2025-07-08 19:24:00,12.453169,37.885517,4,930
2025-07-08 19:34:00,12.453169,37.885517,4,930
2025-07-08 19:44:00,12.453169,37.885517,4,930
2025-07-08 19:54:00,12.453169,37.885517,4,930
2025-07-08 20:04:00,12.453169,37.885517,4,930
2025-07-08 20:14:00,12.453169,37.885517,4,930
2025-07-08 20:24:00,12.453169,37.885517,4,930
2025-07-08 20:34:00,12.453169,37.885517,4,930
2025-07-08 20:44:00,12.453169,37.885517,4,930
2025-07-08 20:54:00,12.453169,37.885517,4,930
2025-07-08 21:04:00,12.453169,37.885517,4,930
2025-07-08 21:14:00,12.453169,37.885517,4,930
2025-07-08 21:24:00,12.453169,37.885517,4,930
2025-07-08 21:34:00,12.453169,37.885517,4,930
2025-07-08 21:44:00,12.453169,37.885517,4,930
2025-07-08 21:54:00,12.453169,37.885517,4,930
2025-07-08 22:04:00,12.453169,37.885517,4,930
2025-07-08 22:14:00,12.453169,37.885517,4,930
2025-07-08 22:24:00,12.453169,37.885517,4,930
2025-07-08 22:34:00,12.453169,37.885517,4,930
2025-07-08 22:44:00,12.453169,37.885517,4,930
2025-07-08 22:54:00,12.453169,37.885517,4,930
2025-07-08 23:04:00,12.453169,37.885517,4,930
2025-07-08 23:14:00,12.453169,37.885517,4,930
2025-07-08 23:24:00,12.453169,37.885517,4,930
2025-07-08 23:34:00,12.453169,37.885517,4,930
2025-07-08 23:44:00,12.453169,37.885517,4,930
2025-07-08 23:54:00,12.453169,37.885517,4,930
2025-07-09 00:04:00,12.453169,37.885517,4,930
2025-07-09 00:14:00,12.453169,37.885517,4,930
2025-07-09 00:24:00,12.453169,37.885517,4,930
2025-07-09 00:34:00,12.453169,37.885517,4,930
2025-07-09 00:44:00,12.453169,37.885517,4,930
2025-07-09 00:54:00,12.453169,37.885517,4,930
2025-07-09 01:04:00,12.453169,37.885517,4,930
2025-07-09 01:14:00,12.453169,37.885517,4,930
2025-07-09 01:24:00,12.453169,37.885517,4,930
2025-07-09 01:34:00,12.453169,37.885517,4,930
2025-07-09 01:44:00,12.453169,37.885517,4,930
2025-07-09 01:54:00,12.453169,37.885517,4,930
2025-07-09 02:04:00,12.453169,37.885517,4,930
2025-07-09 02:14:00,12.453169,37.885517,4,930
2025-07-09 02:24:00,12.453169,37.885517,4,930
2025-07-09 02:34:00,12.453169,37.885517,4,930
2025-07-09 02:44:00,12.453169,37.885517,4,930
2025-07-09 02:54:00,12.453169,37.885517,4,930
2025-07-09 03:04:00,12.453169,37.885517,4,930
2025-07-09 03:14:00,12.453169,37.885517,4,930
2025-07-09 03:24:00,12.453169,37.885517,4,930
2025-07-09 03:34:00,12.453169,37.885517,4,930
2025-07-09 03:44:00,12.453169,37.885517,4,930
2025-07-09 03:54:00,12.453169,37.885517,4,930
2025-07-09 04:04:00,12.453169,37.885517,4,930
2025-07-09 04:14:00,12.453169,37.885517,4,930
2025-07-09 04:24:00,12.453169,37.885517,4,930
2025-07-09 04:34:00,12.453169,37.885517,4,930
2025-07-09 04:44:00,12.453169,37.885517,4,930
2025-07-09 04:54:00,12.453169,37.885517,4,930
2025-07-09 05:04:00,12.453169,37.885517,4,930
2025-07-09 05:14:00,12.453169,37.885517,4,930
2025-07-09 05:24:00,12.453169,37.885517,4,930
2025-07-09 05:34:00,12.453169,37.885517,4,930
2025-07-09 05:44:00,12.453169,37.885517,4,930
2025-07-09 05:54:00,12.4536295,37.885086,4,930
2025-07-09 06:04:00,12.4536295,37.885086,4,930
2025-07-09 06:14:00,12.4536295,37.885086,4,930
2025-07-09 06:24:00,12.4536295,37.885086,4,930
2025-07-09 06:34:00,12.4536295,37.885086,4,930
2025-07-09 06:44:00,12.4536295,37.885086,4,930
2025-07-09 06:54:00,12.4536295,37.885086,4,930
2025-07-09 07:04:00,12.4536295,37.885086,4,930
2025-07-09 07:14:00,12.4536295,37.885086,4,930
2025-07-09 07:24:00,12.4536295,37.885086,4,930
2025-07-09 07:34:00,12.4536295,37.885086,4,930
2025-07-09 07:44:00,12.4536295,37.885086,4,930
2025-07-09 07:54:00,12.4536295,37.885086,4,930
2025-07-09 08:04:00,12.4536295,37.885086,4,930
2025-07-09 08:14:00,12.4536295,37.885086,4,930
2025-07-09 08:24:00,12.4536295,37.885086,4,930
2025-07-09 08:34:00,12.4536295,37.885086,4,930
2025-07-09 08:44:00,12.4536295,37.885086,4,930
2025-07-09 08:54:00,12.4536295,37.885086,4,930
2025-07-09 09:04:00,12.4536295,37.885086,4,930
2025-07-09 09:14:00,12.4536295,37.885086,4,930
2025-07-09 09:24:00,12.4536295,37.885086,4,930
2025-07-09 09:34:00,12.4536295,37.885086,4,930
2025-07-09 09:44:00,12.4536295,37.885086,4,930
2025-07-09 09:54:00,12.4536295,37.885086,4,930
2025-07-09 10:04:00,12.4536295,37.885086,4,930
2025-07-09 10:14:00,12.4536295,37.885086,4,930
2025-07-09 10:24:00,12.4536295,37.885086,4,930
2025-07-09 10:34:00,12.4536295,37.885086,4,930
2025-07-09 10:44:00,12.4536295,37.885086,4,930
2025-07-09 10:54:00,12.4536295,37.885086,4,930
2025-07-09 11:04:00,12.4536295,37.885086,4,930
2025-07-09 11:14:00,12.4536295,37.885086,4,930
2025-07-09 11:24:00,12.4536295,37.885086,4,930
2025-07-09 11:34:00,12.4536295,37.885086,4,930
2025-07-09 11:44:00,12.4536295,37.885086,4,930
2025-07-09 11:54:00,12.4536295,37.885086,4,930
2025-07-09 12:04:00,12.4536295,37.885086,4,930
2025-07-09 12:14:00,12.4536295,37.885086,4,930
2025-07-09 12:24:00,12.4536295,37.885086,4,930
2025-07-09 12:34:00,12.4536295,37.885086,4,930
2025-07-09 12:44:00,12.4536295,37.885086,4,930
2025-07-09 12:54:00,12.4536295,37.885086,4,930
2025-07-09 13:04:00,12.4536295,37.885086,4,930
2025-07-09 13:14:00,12.4536295,37.885086,4,930
2025-07-09 13:24:00,12.4536295,37.885086,4,930
2025-07-09 13:34:00,12.4536295,37.885086,4,930
2025-07-09 13:44:00,12.4536295,37.885086,4,930
2025-07-09 13:54:00,12.453734,37.884487,4,930
2025-07-09 14:04:00,12.453734,37.884487,4,930
2025-07-09 14:14:00,12.453734,37.884487,4,930
2025-07-09 14:24:00,12.453734,37.884487,4,930
2025-07-09 14:34:00,12.453734,37.884487,4,930
2025-07-09 14:44:00,12.453734,37.884487,4,930
2025-07-09 14:54:00,12.453734,37.884487,4,930
2025-07-09 15:04:00,12.453734,37.884487,4,930
2025-07-09 15:14:00,12.453734,37.884487,4,930
2025-07-09 15:24:00,12.453734,37.884487,4,930
2025-07-09 15:34:00,12.453734,37.884487,4,930
2025-07-09 15:44:00,12.453734,37.884487,4,930
2025-07-09 15:54:00,12.453734,37.884487,4,930
2025-07-09 16:04:00,12.453734,37.884487,4,930
2025-07-09 16:14:00,12.453734,37.884487,4,930
2025-07-09 16:24:00,12.453734,37.884487,4,930
2025-07-09 16:34:00,12.453734,37.884487,4,930
2025-07-09 16:44:00,12.453734,37.884487,4,930
2025-07-09 16:54:00,12.453734,37.884487,4,930
2025-07-09 17:04:00,12.453734,37.884487,4,930
2025-07-09 17:14:00,12.453734,37.884487,4,930
2025-07-09 17:24:00,12.453704,37.883335,4,930
2025-07-09 17:34:00,12.453602,37.88224,4,930
2025-07-09 17:44:00,12.453435,37.881187,4,930
2025-07-09 17:54:00,12.453243,37.880146,4,930
2025-07-09 18:04:00,12.453031,37.879124,4,930
2025-07-09 18:14:00,12.452808,37.878128,4,930
2025-07-09 18:24:00,12.452582,37.877155,4,930
2025-07-09 18:34:00,12.452369,37.876198,4,930
2025-07-09 18:44:00,12.452171,37.875256,4,930
2025-07-09 18:54:00,12.452017,37.87436,4,930
2025-07-09 19:04:00,12.451898,37.873516,4,930
2025-07-09 19:14:00,12.451714,37.872692,4,930
2025-07-09 19:24:00,12.451452,37.871876,4,930
2025-07-09 19:34:00,12.451173,37.87105,4,930
2025-07-09 19:44:00,12.450922,37.870213,4,930
2025-07-09 19:54:00,12.450697,37.869354,4,930
2025-07-09 20:04:00,12.450508,37.868458,4,930
2025-07-09 20:14:00,12.450358,37.86754,4,930
2025-07-09 20:24:00,12.450259,37.86661,4,930
2025-07-09 20:34:00,12.450215,37.8657,4,930
2025-07-09 20:44:00,12.4502,37.864803,4,930
2025-07-09 20:54:00,12.4502,37.86393,4,930
2025-07-09 21:04:00,12.450216,37.863083,4,930
2025-07-09 21:14:00,12.450242,37.862244,4,930
2025-07-09 21:24:00,12.450272,37.8614,4,930
2025-07-09 21:34:00,12.450296,37.860554,4,930
2025-07-09 21:44:00,12.450315,37.85971,4,930
2025-07-09 21:54:00,12.45033,37.85886,4,930
2025-07-09 22:04:00,12.450341,37.858,4,930
2025-07-09 22:14:00,12.450355,37.857155,4,930
2025-07-09 22:24:00,12.450359,37.856327,4,930
2025-07-09 22:34:00,12.450365,37.85552,4,930
2025-07-09 22:44:00,12.450425,37.854736,4,930
2025-07-09 22:54:00,12.45055,37.85398,4,930
2025-07-09 23:04:00,12.45071,37.853233,4,930
2025-07-09 23:14:00,12.450836,37.85247,4,930
2025-07-09 23:24:00,12.450923,37.8517,4,930
2025-07-09 23:34:00,12.450985,37.850933,4,930
2025-07-09 23:44:00,12.451031,37.85017,4,930
2025-07-09 23:54:00,12.451053,37.849422,4,930
2025-07-10 00:04:00,12.45108,37.848824,4,930
2025-07-08 11:34:00,12.453634,37.874874,5,2520
2025-07-08 11:44:00,12.454175,37.87477,5,2520
2025-07-08 11:54:00,12.454672,37.874607,5,2520
2025-07-08 12:04:00,12.455124,37.87439,5,2520
2025-07-08 12:14:00,12.455586,37.874134,5,2520
2025-07-08 12:24:00,12.456084,37.87385,5,2520
2025-07-08 12:34:00,12.456615,37.87355,5,2520
2025-07-08 12:44:00,12.457184,37.873226,5,2520
2025-07-08 12:54:00,12.457796,37.872887,5,2520
2025-07-08 13:04:00,12.458456,37.87252,5,2520
2025-07-08 13:14:00,12.459177,37.872128,5,2520
2025-07-08 13:24:00,12.4599695,37.871693,5,2520
2025-07-08 13:34:00,12.460829,37.871216,5,2520
2025-07-08 13:44:00,12.461746,37.870686,5,2520
2025-07-08 13:54:00,12.462728,37.870102,5,2520
2025-07-08 14:04:00,12.4632435,37.869793,5,2520
2025-07-08 14:14:00,12.4632435,37.869793,5,2520
2025-07-08 14:24:00,12.4632435,37.869793,5,2520
2025-07-08 14:34:00,12.4632435,37.869793,5,2520
2025-07-08 14:44:00,12.4632435,37.869793,5,2520
2025-07-08 14:54:00,12.4632435,37.869793,5,2520
2025-07-08 15:04:00,12.4632435,37.869793,5,2520
2025-07-08 15:14:00,12.4632435,37.869793,5,2520
2025-07-08 15:24:00,12.4632435,37.869793,5,2520
2025-07-08 15:34:00,12.4632435,37.869793,5,2520
2025-07-08 15:44:00,12.4632435,37.869793,5,2520
2025-07-08 15:54:00,12.4632435,37.869793,5,2520
2025-07-08 16:04:00,12.4632435,37.869793,5,2520
2025-07-08 16:14:00,12.4632435,37.869793,5,2520
2025-07-08 16:24:00,12.4632435,37.869793,5,2520
2025-07-08 16:34:00,12.4632435,37.869793,5,2520
2025-07-08 16:44:00,12.4632435,37.869793,5,2520
2025-07-08 16:54:00,12.4632435,37.869793,5,2520
2025-07-08 17:04:00,12.4632435,37.869793,5,2520
2025-07-08 17:14:00,12.4632435,37.869793,5,2520
2025-07-08 17:24:00,12.4632435,37.869793,5,2520
2025-07-08 17:34:00,12.4632435,37.869793,5,2520
2025-07-08 17:44:00,12.4632435,37.869793,5,2520
2025-07-08 17:54:00,12.4632435,37.869793,5,2520
2025-07-08 18:04:00,12.4632435,37.869793,5,2520
2025-07-08 18:14:00,12.4632435,37.869793,5,2520
2025-07-08 18:24:00,12.4632435,37.869793,5,2520
2025-07-08 18:34:00,12.4632435,37.869793,5,2520
2025-07-08 18:44:00,12.4632435,37.869793,5,2520
2025-07-08 18:54:00,12.4632435,37.869793,5,2520
2025-07-08 19:04:00,12.4632435,37.869793,5,2520
2025-07-08 19:14:00,12.4632435,37.869793,5,2520
2025-07-08 19:24:00,12.4632435,37.869793,5,2520
2025-07-08 19:34:00,12.4632435,37.869793,5,2520
2025-07-08 19:44:00,12.4632435,37.869793,5,2520
2025-07-08 19:54:00,12.4632435,37.869793,5,2520
2025-07-08 20:04:00,12.4632435,37.869793,5,2520
2025-07-08 20:14:00,12.4632435,37.869793,5,2520
2025-07-08 20:24:00,12.4632435,37.869793,5,2520
2025-07-08 20:34:00,12.4632435,37.869793,5,2520
2025-07-08 20:44:00,12.4632435,37.869793,5,2520
2025-07-08 20:54:00,12.4632435,37.869793,5,2520
2025-07-08 21:04:00,12.4632435,37.869793,5,2520
2025-07-08 21:14:00,12.4632435,37.869793,5,2520
2025-07-08 21:24:00,12.4632435,37.869793,5,2520
2025-07-08 21:34:00,12.4632435,37.869793,5,2520
2025-07-08 21:44:00,12.4632435,37.869793,5,2520
2025-07-08 21:54:00,12.4632435,37.869793,5,2520
2025-07-08 22:04:00,12.4632435,37.869793,5,2520
2025-07-08 22:14:00,12.4632435,37.869793,5,2520
2025-07-08 22:24:00,12.4632435,37.869793,5,2520
2025-07-08 22:34:00,12.4632435,37.869793,5,2520
2025-07-08 22:44:00,12.4632435,37.869793,5,2520
2025-07-08 22:54:00,12.4632435,37.869793,5,2520
2025-07-08 23:04:00,12.4632435,37.869793,5,2520
2025-07-08 23:14:00,12.4632435,37.869793,5,2520
2025-07-08 23:24:00,12.4632435,37.869793,5,2520
2025-07-08 23:34:00,12.4632435,37.869793,5,2520
2025-07-08 23:44:00,12.4632435,37.869793,5,2520
2025-07-08 23:54:00,12.4632435,37.869793,5,2520
2025-07-09 00:04:00,12.4632435,37.869793,5,2520
2025-07-09 00:14:00,12.4632435,37.869793,5,2520
2025-07-09 00:24:00,12.4632435,37.869793,5,2520
2025-07-09 00:34:00,12.4632435,37.869793,5,2520
2025-07-09 00:44:00,12.4632435,37.869793,5,2520
2025-07-09 00:54:00,12.4632435,37.869793,5,2520
2025-07-09 01:04:00,12.4632435,37.869793,5,2520
2025-07-09 01:14:00,12.4632435,37.869793,5,2520
2025-07-09 01:24:00,12.4632435,37.869793,5,2520
2025-07-09 01:34:00,12.4632435,37.869793,5,2520
2025-07-09 01:44:00,12.4632435,37.869793,5,2520
2025-07-09 01:54:00,12.4632435,37.869793,5,2520
2025-07-09 02:04:00,12.4632435,37.869793,5,2520
2025-07-09 02:14:00,12.4632435,37.869793,5,2520
2025-07-09 02:24:00,12.4632435,37.869793,5,2520
2025-07-09 02:34:00,12.4632435,37.869793,5,2520
2025-07-09 02:44:00,12.4632435,37.869793,5,2520
2025-07-09 02:54:00,12.4632435,37.869793,5,2520
2025-07-09 03:04:00,12.4632435,37.869793,5,2520
2025-07-09 03:14:00,12.4632435,37.869793,5,2520
2025-07-09 03:24:00,12.4632435,37.869793,5,2520
2025-07-09 03:34:00,12.4632435,37.869793,5,2520
2025-07-09 03:44:00,12.4632435,37.869793,5,2520
2025-07-09 03:54:00,12.4632435,37.869793,5,2520
2025-07-09 04:04:00,12.4632435,37.869793,5,2520
2025-07-09 04:14:00,12.4632435,37.869793,5,2520
2025-07-09 04:24:00,12.4632435,37.869793,5,2520
2025-07-09 04:34:00,12.4632435,37.869793,5,2520
2025-07-09 04:44:00,12.4632435,37.869793,5,2520
2025-07-09 04:54:00,12.4632435,37.869793,5,2520
2025-07-09 05:04:00,12.4632435,37.869793,5,2520
2025-07-09 05:14:00,12.4632435,37.869793,5,2520
2025-07-09 05:24:00,12.4632435,37.869793,5,2520
2025-07-09 05:34:00,12.4632435,37.869793,5,2520
2025-07-09 05:44:00,12.4632435,37.869793,5,2520
2025-07-09 05:54:00,12.4632435,37.869793,5,2520
2025-07-09 06:04:00,12.4632435,37.869793,5,2520
2025-07-09 06:14:00,12.4632435,37.869793,5,2520
2025-07-09 06:24:00,12.4632435,37.869793,5,2520
2025-07-09 06:34:00,12.4632435,37.869793,5,2520
2025-07-09 06:44:00,12.4632435,37.869793,5,2520
2025-07-09 06:54:00,12.4632435,37.869793,5,2520
2025-07-09 07:04:00,12.4632435,37.869793,5,2520
2025-07-09 07:14:00,12.4632435,37.869793,5,2520
2025-07-09 07:24:00,12.4632435,37.869793,5,2520
2025-07-09 07:34:00,12.4632435,37.869793,5,2520
2025-07-09 07:44:00,12.4632435,37.869793,5,2520
2025-07-09 07:54:00,12.4632435,37.869793,5,2520
2025-07-09 08:04:00,12.4632435,37.869793,5,2520
2025-07-09 08:14:00,12.4632435,37.869793,5,2520
2025-07-09 08:24:00,12.4632435,37.869793,5,2520
2025-07-09 08:34:00,12.4632435,37.869793,5,2520
2025-07-09 08:44:00,12.4632435,37.869793,5,2520
2025-07-09 08:54:00,12.4632435,37.869793,5,2520
2025-07-09 09:04:00,12.4632435,37.869793,5,2520
2025-07-09 09:14:00,12.4632435,37.869793,5,2520
2025-07-09 09:24:00,12.4632435,37.869793,5,2520
2025-07-09 09:34:00,12.4632435,37.869793,5,2520
2025-07-09 09:44:00,12.4632435,37.869793,5,2520
2025-07-09 09:54:00,12.4632435,37.869793,5,2520
2025-07-09 10:04:00,12.4632435,37.869793,5,2520
2025-07-09 10:14:00,12.4632435,37.869793,5,2520
2025-07-09 10:24:00,12.4632435,37.869793,5,2520
2025-07-09 10:34:00,12.4632435,37.869793,5,2520
2025-07-09 10:44:00,12.4632435,37.869793,5,2520
2025-07-09 10:54:00,12.4632435,37.869793,5,2520
2025-07-09 11:04:00,12.4632435,37.869793,5,2520
2025-07-09 11:14:00,12.4632435,37.869793,5,2520
2025-07-09 11:24:00,12.4632435,37.869793,5,2520
2025-07-09 11:34:00,12.4632435,37.869793,5,2520
2025-07-09 11:44:00,12.4632435,37.869793,5,2520
2025-07-09 11:54:00,12.4632435,37.869793,5,2520
2025-07-09 12:04:00,12.4632435,37.869793,5,2520
2025-07-09 12:14:00,12.4632435,37.869793,5,2520
2025-07-09 12:24:00,12.4632435,37.869793,5,2520
2025-07-09 12:34:00,12.4632435,37.869793,5,2520
2025-07-09 12:44:00,12.4632435,37.869793,5,2520
2025-07-09 12:54:00,12.4632435,37.869793,5,2520
2025-07-09 13:04:00,12.4632435,37.869793,5,2520
2025-07-09 13:14:00,12.4632435,37.869793,5,2520
2025-07-09 13:24:00,12.4632435,37.869793,5,2520
2025-07-09 13:34:00,12.4632435,37.869793,5,2520
2025-07-09 13:44:00,12.4632435,37.869793,5,2520
2025-07-09 13:54:00,12.4632435,37.869793,5,2520
2025-07-09 14:04:00,12.4632435,37.869793,5,2520
2025-07-09 14:14:00,12.4632435,37.869793,5,2520
2025-07-09 14:24:00,12.4632435,37.869793,5,2520
2025-07-09 14:34:00,12.4632435,37.869793,5,2520
2025-07-09 14:44:00,12.4632435,37.869793,5,2520
2025-07-09 14:54:00,12.4632435,37.869793,5,2520
2025-07-09 15:04:00,12.4632435,37.869793,5,2520
2025-07-09 15:14:00,12.4632435,37.869793,5,2520
2025-07-09 15:24:00,12.4632435,37.869793,5,2520
2025-07-09 15:34:00,12.4632435,37.869793,5,2520
2025-07-09 15:44:00,12.4632435,37.869793,5,2520
2025-07-09 15:54:00,12.4632435,37.869793,5,2520
2025-07-09 16:04:00,12.4632435,37.869793,5,2520
2025-07-09 16:14:00,12.4632435,37.869793,5,2520
2025-07-09 16:24:00,12.4632435,37.869793,5,2520
2025-07-09 16:34:00,12.4632435,37.869793,5,2520
2025-07-09 16:44:00,12.4632435,37.869793,5,2520
2025-07-09 16:54:00,12.4632435,37.869793,5,2520
2025-07-09 17:04:00,12.4632435,37.869793,5,2520
2025-07-09 17:14:00,12.4632435,37.869793,5,2520
2025-07-09 17:24:00,12.4632435,37.869793,5,2520
2025-07-09 17:34:00,12.4632435,37.869793,5,2520
2025-07-09 17:44:00,12.4632435,37.869793,5,2520
2025-07-09 17:54:00,12.4632435,37.869793,5,2520
2025-07-09 18:04:00,12.4632435,37.869793,5,2520
2025-07-09 18:14:00,12.4632435,37.869793,5,2520
2025-07-09 18:24:00,12.4632435,37.869793,5,2520
2025-07-09 18:34:00,12.4632435,37.869793,5,2520
2025-07-09 18:44:00,12.4632435,37.869793,5,2520
2025-07-09 18:54:00,12.4632435,37.869793,5,2520
2025-07-09 19:04:00,12.4632435,37.869793,5,2520
2025-07-09 19:14:00,12.4632435,37.869793,5,2520
2025-07-09 19:24:00,12.4632435,37.869793,5,2520
2025-07-09 19:34:00,12.4632435,37.869793,5,2520
2025-07-09 19:44:00,12.4632435,37.869793,5,2520
2025-07-09 19:54:00,12.4632435,37.869793,5,2520
2025-07-09 20:04:00,12.4632435,37.869793,5,2520
2025-07-09 20:14:00,12.4632435,37.869793,5,2520
2025-07-09 20:24:00,12.4632435,37.869793,5,2520
2025-07-09 20:34:00,12.4632435,37.869793,5,2520
2025-07-09 20:44:00,12.4632435,37.869793,5,2520
2025-07-09 20:54:00,12.4632435,37.869793,5,2520
2025-07-09 21:04:00,12.4632435,37.869793,5,2520
2025-07-09 21:14:00,12.4632435,37.869793,5,2520
2025-07-09 21:24:00,12.4632435,37.869793,5,2520
2025-07-09 21:34:00,12.4632435,37.869793,5,2520
2025-07-09 21:44:00,12.4632435,37.869793,5,2520
2025-07-09 21:54:00,12.4632435,37.869793,5,2520
2025-07-09 22:04:00,12.4632435,37.869793,5,2520
2025-07-09 22:14:00,12.4632435,37.869793,5,2520
2025-07-09 22:24:00,12.4632435,37.869793,5,2520
2025-07-09 22:34:00,12.4632435,37.869793,5,2520
2025-07-09 22:44:00,12.4632435,37.869793,5,2520
2025-07-09 22:54:00,12.4632435,37.869793,5,2520
2025-07-09 23:04:00,12.4632435,37.869793,5,2520
2025-07-09 23:14:00,12.4632435,37.869793,5,2520
2025-07-09 23:24:00,12.4632435,37.869793,5,2520
2025-07-09 23:34:00,12.4632435,37.869793,5,2520
2025-07-09 23:44:00,12.4632435,37.869793,5,2520
2025-07-09 23:54:00,12.4632435,37.869793,5,2520
2025-07-10 00:04:00,12.463288,37.869564,5,2520
2025-07-08 11:34:00,12.453593,37.874912,5,7520
2025-07-08 11:44:00,12.454134,37.87481,5,7520
2025-07-08 11:54:00,12.454633,37.87465,5,7520
2025-07-08 12:04:00,12.455085,37.87443,5,7520
2025-07-08 12:14:00,12.455548,37.874176,5,7520
2025-07-08 12:24:00,12.456047,37.873898,5,7520
2025-07-08 12:34:00,12.456579,37.873592,5,7520
2025-07-08 12:44:00,12.457149,37.873272,5,7520
2025-07-08 12:54:00,12.457761,37.87293,5,7520
2025-07-08 13:04:00,12.458422,37.872566,5,7520
2025-07-08 13:14:00,12.459143,37.872173,5,7520
2025-07-08 13:24:00,12.459934,37.87174,5,7520
2025-07-08 13:34:00,12.460794,37.871258,5,7520
2025-07-08 13:44:00,12.461711,37.87073,5,7520
2025-07-08 13:54:00,12.462692,37.870148,5,7520
2025-07-08 14:04:00,12.463208,37.869835,5,7520
2025-07-08 14:14:00,12.463208,37.869835,5,7520
2025-07-08 14:24:00,12.463208,37.869835,5,7520
2025-07-08 14:34:00,12.463208,37.869835,5,7520
2025-07-08 14:44:00,12.463208,37.869835,5,7520
2025-07-08 14:54:00,12.463208,37.869835,5,7520
2025-07-08 15:04:00,12.463208,37.869835,5,7520
2025-07-08 15:14:00,12.463208,37.869835,5,7520
2025-07-08 15:24:00,12.463208,37.869835,5,7520
2025-07-08 15:34:00,12.463208,37.869835,5,7520
2025-07-08 15:44:00,12.463208,37.869835,5,7520
2025-07-08 15:54:00,12.463208,37.869835,5,7520
2025-07-08 16:04:00,12.463208,37.869835,5,7520
2025-07-08 16:14:00,12.463208,37.869835,5,7520
2025-07-08 16:24:00,12.463208,37.869835,5,7520
2025-07-08 16:34:00,12.463208,37.869835,5,7520
2025-07-08 16:44:00,12.463208,37.869835,5,7520
2025-07-08 16:54:00,12.463208,37.869835,5,7520
2025-07-08 17:04:00,12.463208,37.869835,5,7520
2025-07-08 17:14:00,12.463208,37.869835,5,7520
2025-07-08 17:24:00,12.463208,37.869835,5,7520
2025-07-08 17:34:00,12.463208,37.869835,5,7520
2025-07-08 17:44:00,12.463208,37.869835,5,7520
2025-07-08 17:54:00,12.463208,37.869835,5,7520
2025-07-08 18:04:00,12.463208,37.869835,5,7520
2025-07-08 18:14:00,12.463208,37.869835,5,7520
2025-07-08 18:24:00,12.463208,37.869835,5,7520
2025-07-08 18:34:00,12.463208,37.869835,5,7520
2025-07-08 18:44:00,12.463208,37.869835,5,7520
2025-07-08 18:54:00,12.463208,37.869835,5,7520
2025-07-08 19:04:00,12.463208,37.869835,5,7520
2025-07-08 19:14:00,12.463208,37.869835,5,7520
2025-07-08 19:24:00,12.463208,37.869835,5,7520
2025-07-08 19:34:00,12.463208,37.869835,5,7520
2025-07-08 19:44:00,12.463208,37.869835,5,7520
2025-07-08 19:54:00,12.463208,37.869835,5,7520
2025-07-08 20:04:00,12.463208,37.869835,5,7520
2025-07-08 20:14:00,12.463208,37.869835,5,7520
2025-07-08 20:24:00,12.463208,37.869835,5,7520
2025-07-08 20:34:00,12.463208,37.869835,5,7520
2025-07-08 20:44:00,12.463208,37.869835,5,7520
2025-07-08 20:54:00,12.463208,37.869835,5,7520
2025-07-08 21:04:00,12.463208,37.869835,5,7520
2025-07-08 21:14:00,12.463208,37.869835,5,7520
2025-07-08 21:24:00,12.463208,37.869835,5,7520
2025-07-08 21:34:00,12.463208,37.869835,5,7520
2025-07-08 21:44:00,12.463208,37.869835,5,7520
2025-07-08 21:54:00,12.463208,37.869835,5,7520
2025-07-08 22:04:00,12.463208,37.869835,5,7520
2025-07-08 22:14:00,12.463208,37.869835,5,7520
2025-07-08 22:24:00,12.463208,37.869835,5,7520
2025-07-08 22:34:00,12.463208,37.869835,5,7520
2025-07-08 22:44:00,12.463208,37.869835,5,7520
2025-07-08 22:54:00,12.463208,37.869835,5,7520
2025-07-08 23:04:00,12.463208,37.869835,5,7520
2025-07-08 23:14:00,12.463208,37.869835,5,7520
2025-07-08 23:24:00,12.463208,37.869835,5,7520
2025-07-08 23:34:00,12.463208,37.869835,5,7520
2025-07-08 23:44:00,12.463208,37.869835,5,7520
2025-07-08 23:54:00,12.463208,37.869835,5,7520
2025-07-09 00:04:00,12.463208,37.869835,5,7520
2025-07-09 00:14:00,12.463208,37.869835,5,7520
2025-07-09 00:24:00,12.463208,37.869835,5,7520
2025-07-09 00:34:00,12.463208,37.869835,5,7520
2025-07-09 00:44:00,12.463208,37.869835,5,7520
2025-07-09 00:54:00,12.463208,37.869835,5,7520
2025-07-09 01:04:00,12.463208,37.869835,5,7520
2025-07-09 01:14:00,12.463208,37.869835,5,7520
2025-07-09 01:24:00,12.463208,37.869835,5,7520
2025-07-09 01:34:00,12.463208,37.869835,5,7520
2025-07-09 01:44:00,12.463208,37.869835,5,7520
2025-07-09 01:54:00,12.463208,37.869835,5,7520
2025-07-09 02:04:00,12.463208,37.869835,5,7520
2025-07-09 02:14:00,12.463208,37.869835,5,7520
2025-07-09 02:24:00,12.463208,37.869835,5,7520
2025-07-09 02:34:00,12.463208,37.869835,5,7520
2025-07-09 02:44:00,12.463208,37.869835,5,7520
2025-07-09 02:54:00,12.463208,37.869835,5,7520
2025-07-09 03:04:00,12.463208,37.869835,5,7520
2025-07-09 03:14:00,12.463208,37.869835,5,7520
2025-07-09 03:24:00,12.463208,37.869835,5,7520
2025-07-09 03:34:00,12.463208,37.869835,5,7520
2025-07-09 03:44:00,12.463208,37.869835,5,7520
2025-07-09 03:54:00,12.463208,37.869835,5,7520
2025-07-09 04:04:00,12.463208,37.869835,5,7520
2025-07-09 04:14:00,12.463208,37.869835,5,7520
2025-07-09 04:24:00,12.463208,37.869835,5,7520
2025-07-09 04:34:00,12.463208,37.869835,5,7520
2025-07-09 04:44:00,12.463208,37.869835,5,7520
2025-07-09 04:54:00,12.463208,37.869835,5,7520
2025-07-09 05:04:00,12.463208,37.869835,5,7520
2025-07-09 05:14:00,12.463208,37.869835,5,7520
2025-07-09 05:24:00,12.463208,37.869835,5,7520
2025-07-09 05:34:00,12.463208,37.869835,5,7520
2025-07-09 05:44:00,12.463208,37.869835,5,7520
2025-07-09 05:54:00,12.463208,37.869835,5,7520
2025-07-09 06:04:00,12.463208,37.869835,5,7520
2025-07-09 06:14:00,12.463208,37.869835,5,7520
2025-07-09 06:24:00,12.463208,37.869835,5,7520
2025-07-09 06:34:00,12.463208,37.869835,5,7520
2025-07-09 06:44:00,12.463208,37.869835,5,7520
2025-07-09 06:54:00,12.463208,37.869835,5,7520
2025-07-09 07:04:00,12.463208,37.869835,5,7520
2025-07-09 07:14:00,12.463208,37.869835,5,7520
2025-07-09 07:24:00,12.463208,37.869835,5,7520
2025-07-09 07:34:00,12.463208,37.869835,5,7520
2025-07-09 07:44:00,12.463208,37.869835,5,7520
2025-07-09 07:54:00,12.463208,37.869835,5,7520
2025-07-09 08:04:00,12.463208,37.869835,5,7520
2025-07-09 08:14:00,12.463208,37.869835,5,7520
2025-07-09 08:24:00,12.463208,37.869835,5,7520
2025-07-09 08:34:00,12.463208,37.869835,5,7520
2025-07-09 08:44:00,12.463208,37.869835,5,7520
2025-07-09 08:54:00,12.463208,37.869835,5,7520
2025-07-09 09:04:00,12.463208,37.869835,5,7520
2025-07-09 09:14:00,12.463208,37.869835,5,7520
2025-07-09 09:24:00,12.463208,37.869835,5,7520
2025-07-09 09:34:00,12.463208,37.869835,5,7520
2025-07-09 09:44:00,12.463208,37.869835,5,7520
2025-07-09 09:54:00,12.463208,37.869835,5,7520
2025-07-09 10:04:00,12.463208,37.869835,5,7520
2025-07-09 10:14:00,12.463208,37.869835,5,7520
2025-07-09 10:24:00,12.463208,37.869835,5,7520
2025-07-09 10:34:00,12.463208,37.869835,5,7520
2025-07-09 10:44:00,12.463208,37.869835,5,7520
2025-07-09 10:54:00,12.463208,37.869835,5,7520
2025-07-09 11:04:00,12.463208,37.869835,5,7520
2025-07-09 11:14:00,12.463208,37.869835,5,7520
2025-07-09 11:24:00,12.463208,37.869835,5,7520
2025-07-09 11:34:00,12.463208,37.869835,5,7520
2025-07-09 11:44:00,12.463208,37.869835,5,7520
2025-07-09 11:54:00,12.463208,37.869835,5,7520
2025-07-09 12:04:00,12.463208,37.869835,5,7520
2025-07-09 12:14:00,12.463208,37.869835,5,7520
2025-07-09 12:24:00,12.463208,37.869835,5,7520
2025-07-09 12:34:00,12.463208,37.869835,5,7520
2025-07-09 12:44:00,12.463208,37.869835,5,7520
2025-07-09 12:54:00,12.463208,37.869835,5,7520
2025-07-09 13:04:00,12.463208,37.869835,5,7520
2025-07-09 13:14:00,12.463208,37.869835,5,7520
2025-07-09 13:24:00,12.463208,37.869835,5,7520
2025-07-09 13:34:00,12.463208,37.869835,5,7520
2025-07-09 13:44:00,12.463208,37.869835,5,7520
2025-07-09 13:54:00,12.463208,37.869835,5,7520
2025-07-09 14:04:00,12.463208,37.869835,5,7520
2025-07-09 14:14:00,12.463208,37.869835,5,7520
2025-07-09 14:24:00,12.463208,37.869835,5,7520
2025-07-09 14:34:00,12.463208,37.869835,5,7520
2025-07-09 14:44:00,12.463208,37.869835,5,7520
2025-07-09 14:54:00,12.463208,37.869835,5,7520
2025-07-09 15:04:00,12.463208,37.869835,5,7520
2025-07-09 15:14:00,12.463208,37.869835,5,7520
2025-07-09 15:24:00,12.463208,37.869835,5,7520
2025-07-09 15:34:00,12.463208,37.869835,5,7520
2025-07-09 15:44:00,12.463208,37.869835,5,7520
2025-07-09 15:54:00,12.463208,37.869835,5,7520
2025-07-09 16:04:00,12.463208,37.869835,5,7520
2025-07-09 16:14:00,12.463208,37.869835,5,7520
2025-07-09 16:24:00,12.463208,37.869835,5,7520
2025-07-09 16:34:00,12.463208,37.869835,5,7520
2025-07-09 16:44:00,12.463208,37.869835,5,7520
2025-07-09 16:54:00,12.463208,37.869835,5,7520
2025-07-09 17:04:00,12.463208,37.869835,5,7520
2025-07-09 17:14:00,12.463208,37.869835,5,7520
2025-07-09 17:24:00,12.463208,37.869835,5,7520
2025-07-09 17:34:00,12.463208,37.869835,5,7520
2025-07-09 17:44:00,12.463208,37.869835,5,7520
2025-07-09 17:54:00,12.463208,37.869835,5,7520
2025-07-09 18:04:00,12.463208,37.869835,5,7520
2025-07-09 18:14:00,12.463208,37.869835,5,7520
2025-07-09 18:24:00,12.463208,37.869835,5,7520
2025-07-09 18:34:00,12.463208,37.869835,5,7520
2025-07-09 18:44:00,12.463208,37.869835,5,7520
2025-07-09 18:54:00,12.463208,37.869835,5,7520
2025-07-09 19:04:00,12.463208,37.869835,5,7520
2025-07-09 19:14:00,12.463208,37.869835,5,7520
2025-07-09 19:24:00,12.463208,37.869835,5,7520
2025-07-09 19:34:00,12.463208,37.869835,5,7520
2025-07-09 19:44:00,12.463208,37.869835,5,7520
2025-07-09 19:54:00,12.463208,37.869835,5,7520
2025-07-09 20:04:00,12.463208,37.869835,5,7520
2025-07-09 20:14:00,12.463208,37.869835,5,7520
2025-07-09 20:24:00,12.463208,37.869835,5,7520
2025-07-09 20:34:00,12.463208,37.869835,5,7520
2025-07-09 20:44:00,12.463208,37.869835,5,7520
2025-07-09 20:54:00,12.463208,37.869835,5,7520
2025-07-09 21:04:00,12.463208,37.869835,5,7520
2025-07-09 21:14:00,12.463208,37.869835,5,7520
2025-07-09 21:24:00,12.463208,37.869835,5,7520
2025-07-09 21:34:00,12.463208,37.869835,5,7520
2025-07-09 21:44:00,12.463208,37.869835,5,7520
2025-07-09 21:54:00,12.463208,37.869835,5,7520
2025-07-09 22:04:00,12.463208,37.869835,5,7520
2025-07-09 22:14:00,12.463208,37.869835,5,7520
2025-07-09 22:24:00,12.463208,37.869835,5,7520
2025-07-09 22:34:00,12.463208,37.869835,5,7520
2025-07-09 22:44:00,12.463208,37.869835,5,7520
2025-07-09 22:54:00,12.463208,37.869835,5,7520
2025-07-09 23:04:00,12.463208,37.869835,5,7520
2025-07-09 23:14:00,12.463208,37.869835,5,7520
2025-07-09 23:24:00,12.463208,37.869835,5,7520
2025-07-09 23:34:00,12.463208,37.869835,5,7520
2025-07-09 23:44:00,12.463208,37.869835,5,7520
2025-07-09 23:54:00,12.463208,37.869835,5,7520
2025-07-10 00:04:00,12.463252,37.869606,5,7520
2025-07-08 11:34:00,12.453524,37.874874,5,930
2025-07-08 11:44:00,12.454064,37.874775,5,930
2025-07-08 11:54:00,12.454563,37.874615,5,930
2025-07-08 12:04:00,12.455017,37.874393,5,930
2025-07-08 12:14:00,12.455481,37.87414,5,930
2025-07-08 12:24:00,12.45598,37.87386,5,930
2025-07-08 12:34:00,12.456513,37.873554,5,930
2025-07-08 12:44:00,12.457083,37.873234,5,930
2025-07-08 12:54:00,12.457696,37.87289,5,930
2025-07-08 13:04:00,12.458357,37.872528,5,930
2025-07-08 13:14:00,12.459079,37.87213,5,930
2025-07-08 13:24:00,12.45987,37.8717,5,930
2025-07-08 13:34:00,12.460731,37.871223,5,930
2025-07-08 13:44:00,12.461647,37.870693,5,930
2025-07-08 13:54:00,12.462628,37.87011,5,930
2025-07-08 14:04:00,12.463144,37.8698,5,930
2025-07-08 14:14:00,12.463144,37.8698,5,930
2025-07-08 14:24:00,12.463144,37.8698,5,930
2025-07-08 14:34:00,12.463144,37.8698,5,930
2025-07-08 14:44:00,12.463144,37.8698,5,930
2025-07-08 14:54:00,12.463144,37.8698,5,930
2025-07-08 15:04:00,12.463144,37.8698,5,930
2025-07-08 15:14:00,12.463144,37.8698,5,930
2025-07-08 15:24:00,12.463144,37.8698,5,930
2025-07-08 15:34:00,12.463144,37.8698,5,930
2025-07-08 15:44:00,12.463144,37.8698,5,930
2025-07-08 15:54:00,12.463144,37.8698,5,930
2025-07-08 16:04:00,12.463144,37.8698,5,930
2025-07-08 16:14:00,12.463144,37.8698,5,930
2025-07-08 16:24:00,12.463144,37.8698,5,930
2025-07-08 16:34:00,12.463144,37.8698,5,930
2025-07-08 16:44:00,12.463144,37.8698,5,930
2025-07-08 16:54:00,12.463144,37.8698,5,930
2025-07-08 17:04:00,12.463144,37.8698,5,930
2025-07-08 17:14:00,12.463144,37.8698,5,930
2025-07-08 17:24:00,12.463144,37.8698,5,930
2025-07-08 17:34:00,12.463144,37.8698,5,930
2025-07-08 17:44:00,12.463144,37.8698,5,930
2025-07-08 17:54:00,12.463144,37.8698,5,930
2025-07-08 18:04:00,12.463144,37.8698,5,930
2025-07-08 18:14:00,12.463144,37.8698,5,930
2025-07-08 18:24:00,12.463144,37.8698,5,930
2025-07-08 18:34:00,12.463144,37.8698,5,930
2025-07-08 18:44:00,12.463144,37.8698,5,930
2025-07-08 18:54:00,12.463144,37.8698,5,930
2025-07-08 19:04:00,12.463144,37.8698,5,930
2025-07-08 19:14:00,12.463144,37.8698,5,930
2025-07-08 19:24:00,12.463144,37.8698,5,930
2025-07-08 19:34:00,12.463144,37.8698,5,930
2025-07-08 19:44:00,12.463144,37.8698,5,930
2025-07-08 19:54:00,12.463144,37.8698,5,930
2025-07-08 20:04:00,12.463144,37.8698,5,930
2025-07-08 20:14:00,12.463144,37.8698,5,930
2025-07-08 20:24:00,12.463144,37.8698,5,930
2025-07-08 20:34:00,12.463144,37.8698,5,930
2025-07-08 20:44:00,12.463144,37.8698,5,930
2025-07-08 20:54:00,12.463144,37.8698,5,930
2025-07-08 21:04:00,12.463144,37.8698,5,930
2025-07-08 21:14:00,12.463144,37.8698,5,930
2025-07-08 21:24:00,12.463144,37.8698,5,930
2025-07-08 21:34:00,12.463144,37.8698,5,930
2025-07-08 21:44:00,12.463144,37.8698,5,930
2025-07-08 21:54:00,12.463144,37.8698,5,930
2025-07-08 22:04:00,12.463144,37.8698,5,930
2025-07-08 22:14:00,12.463144,37.8698,5,930
2025-07-08 22:24:00,12.463144,37.8698,5,930
2025-07-08 22:34:00,12.463144,37.8698,5,930
2025-07-08 22:44:00,12.463144,37.8698,5,930
2025-07-08 22:54:00,12.463144,37.8698,5,930
2025-07-08 23:04:00,12.463144,37.8698,5,930
2025-07-08 23:14:00,12.463144,37.8698,5,930
2025-07-08 23:24:00,12.463144,37.8698,5,930
2025-07-08 23:34:00,12.463144,37.8698,5,930
2025-07-08 23:44:00,12.463144,37.8698,5,930
2025-07-08 23:54:00,12.463144,37.8698,5,930
2025-07-09 00:04:00,12.463144,37.8698,5,930
2025-07-09 00:14:00,12.463144,37.8698,5,930
2025-07-09 00:24:00,12.463144,37.8698,5,930
2025-07-09 00:34:00,12.463144,37.8698,5,930
2025-07-09 00:44:00,12.463144,37.8698,5,930
2025-07-09 00:54:00,12.463144,37.8698,5,930
2025-07-09 01:04:00,12.463144,37.8698,5,930
2025-07-09 01:14:00,12.463144,37.8698,5,930
2025-07-09 01:24:00,12.463144,37.8698,5,930
2025-07-09 01:34:00,12.463144,37.8698,5,930
2025-07-09 01:44:00,12.463144,37.8698,5,930
2025-07-09 01:54:00,12.463144,37.8698,5,930
2025-07-09 02:04:00,12.463144,37.8698,5,930
2025-07-09 02:14:00,12.463144,37.8698,5,930
2025-07-09 02:24:00,12.463144,37.8698,5,930
2025-07-09 02:34:00,12.463144,37.8698,5,930
2025-07-09 02:44:00,12.463144,37.8698,5,930
2025-07-09 02:54:00,12.463144,37.8698,5,930
2025-07-09 03:04:00,12.463144,37.8698,5,930
2025-07-09 03:14:00,12.463144,37.8698,5,930
2025-07-09 03:24:00,12.463144,37.8698,5,930
2025-07-09 03:34:00,12.463144,37.8698,5,930
2025-07-09 03:44:00,12.463144,37.8698,5,930
2025-07-09 03:54:00,12.463144,37.8698,5,930
2025-07-09 04:04:00,12.463144,37.8698,5,930
2025-07-09 04:14:00,12.463144,37.8698,5,930
2025-07-09 04:24:00,12.463144,37.8698,5,930
2025-07-09 04:34:00,12.463144,37.8698,5,930
2025-07-09 04:44:00,12.463144,37.8698,5,930
2025-07-09 04:54:00,12.463144,37.8698,5,930
2025-07-09 05:04:00,12.463144,37.8698,5,930
2025-07-09 05:14:00,12.463144,37.8698,5,930
2025-07-09 05:24:00,12.463144,37.8698,5,930
2025-07-09 05:34:00,12.463144,37.8698,5,930
2025-07-09 05:44:00,12.463144,37.8698,5,930
2025-07-09 05:54:00,12.463144,37.8698,5,930
2025-07-09 06:04:00,12.463144,37.8698,5,930
2025-07-09 06:14:00,12.463144,37.8698,5,930
2025-07-09 06:24:00,12.463144,37.8698,5,930
2025-07-09 06:34:00,12.463144,37.8698,5,930
2025-07-09 06:44:00,12.463144,37.8698,5,930
2025-07-09 06:54:00,12.463144,37.8698,5,930
2025-07-09 07:04:00,12.463144,37.8698,5,930
2025-07-09 07:14:00,12.463144,37.8698,5,930
2025-07-09 07:24:00,12.463144,37.8698,5,930
2025-07-09 07:34:00,12.463144,37.8698,5,930
2025-07-09 07:44:00,12.463144,37.8698,5,930
2025-07-09 07:54:00,12.463144,37.8698,5,930
2025-07-09 08:04:00,12.463144,37.8698,5,930
2025-07-09 08:14:00,12.463144,37.8698,5,930
2025-07-09 08:24:00,12.463144,37.8698,5,930
2025-07-09 08:34:00,12.463144,37.8698,5,930
2025-07-09 08:44:00,12.463144,37.8698,5,930
2025-07-09 08:54:00,12.463144,37.8698,5,930
2025-07-09 09:04:00,12.463144,37.8698,5,930
2025-07-09 09:14:00,12.463144,37.8698,5,930
2025-07-09 09:24:00,12.463144,37.8698,5,930
2025-07-09 09:34:00,12.463144,37.8698,5,930
2025-07-09 09:44:00,12.463144,37.8698,5,930
2025-07-09 09:54:00,12.463144,37.8698,5,930
2025-07-09 10:04:00,12.463144,37.8698,5,930
2025-07-09 10:14:00,12.463144,37.8698,5,930
2025-07-09 10:24:00,12.463144,37.8698,5,930
2025-07-09 10:34:00,12.463144,37.8698,5,930
2025-07-09 10:44:00,12.463144,37.8698,5,930
2025-07-09 10:54:00,12.463144,37.8698,5,930
2025-07-09 11:04:00,12.463144,37.8698,5,930
2025-07-09 11:14:00,12.463144,37.8698,5,930
2025-07-09 11:24:00,12.463144,37.8698,5,930
2025-07-09 11:34:00,12.463144,37.8698,5,930
2025-07-09 11:44:00,12.463144,37.8698,5,930
2025-07-09 11:54:00,12.463144,37.8698,5,930
2025-07-09 12:04:00,12.463144,37.8698,5,930
2025-07-09 12:14:00,12.463144,37.8698,5,930
2025-07-09 12:24:00,12.463144,37.8698,5,930
2025-07-09 12:34:00,12.463144,37.8698,5,930
2025-07-09 12:44:00,12.463144,37.8698,5,930
2025-07-09 12:54:00,12.463144,37.8698,5,930
2025-07-09 13:04:00,12.463144,37.8698,5,930
2025-07-09 13:14:00,12.463144,37.8698,5,930
2025-07-09 13:24:00,12.463144,37.8698,5,930
2025-07-09 13:34:00,12.463144,37.8698,5,930
2025-07-09 13:44:00,12.463144,37.8698,5,930
2025-07-09 13:54:00,12.463144,37.8698,5,930
2025-07-09 14:04:00,12.463144,37.8698,5,930
2025-07-09 14:14:00,12.463144,37.8698,5,930
2025-07-09 14:24:00,12.463144,37.8698,5,930
2025-07-09 14:34:00,12.463144,37.8698,5,930
2025-07-09 14:44:00,12.463144,37.8698,5,930
2025-07-09 14:54:00,12.463144,37.8698,5,930
2025-07-09 15:04:00,12.463144,37.8698,5,930
2025-07-09 15:14:00,12.463144,37.8698,5,930
2025-07-09 15:24:00,12.463144,37.8698,5,930
2025-07-09 15:34:00,12.463144,37.8698,5,930
2025-07-09 15:44:00,12.463144,37.8698,5,930
2025-07-09 15:54:00,12.463144,37.8698,5,930
2025-07-09 16:04:00,12.463144,37.8698,5,930
2025-07-09 16:14:00,12.463144,37.8698,5,930
2025-07-09 16:24:00,12.463144,37.8698,5,930
2025-07-09 16:34:00,12.463144,37.8698,5,930
2025-07-09 16:44:00,12.463144,37.8698,5,930
2025-07-09 16:54:00,12.463144,37.8698,5,930
2025-07-09 17:04:00,12.463144,37.8698,5,930
2025-07-09 17:14:00,12.463144,37.8698,5,930
2025-07-09 17:24:00,12.463144,37.8698,5,930
2025-07-09 17:34:00,12.463144,37.8698,5,930
2025-07-09 17:44:00,12.463144,37.8698,5,930
2025-07-09 17:54:00,12.463144,37.8698,5,930
2025-07-09 18:04:00,12.463144,37.8698,5,930
2025-07-09 18:14:00,12.463144,37.8698,5,930
2025-07-09 18:24:00,12.463144,37.8698,5,930
2025-07-09 18:34:00,12.463144,37.8698,5,930
2025-07-09 18:44:00,12.463144,37.8698,5,930
2025-07-09 18:54:00,12.463144,37.8698,5,930
2025-07-09 19:04:00,12.463144,37.8698,5,930
2025-07-09 19:14:00,12.463144,37.8698,5,930
2025-07-09 19:24:00,12.463144,37.8698,5,930
2025-07-09 19:34:00,12.463144,37.8698,5,930
2025-07-09 19:44:00,12.463144,37.8698,5,930
2025-07-09 19:54:00,12.463144,37.8698,5,930
2025-07-09 20:04:00,12.463144,37.8698,5,930
2025-07-09 20:14:00,12.463144,37.8698,5,930
2025-07-09 20:24:00,12.463144,37.8698,5,930
2025-07-09 20:34:00,12.463144,37.8698,5,930
2025-07-09 20:44:00,12.463144,37.8698,5,930
2025-07-09 20:54:00,12.463144,37.8698,5,930
2025-07-09 21:04:00,12.463144,37.8698,5,930
2025-07-09 21:14:00,12.463144,37.8698,5,930
2025-07-09 21:24:00,12.463144,37.8698,5,930
2025-07-09 21:34:00,12.463144,37.8698,5,930
2025-07-09 21:44:00,12.463144,37.8698,5,930
2025-07-09 21:54:00,12.463144,37.8698,5,930
2025-07-09 22:04:00,12.463144,37.8698,5,930
2025-07-09 22:14:00,12.463144,37.8698,5,930
2025-07-09 22:24:00,12.463144,37.8698,5,930
2025-07-09 22:34:00,12.463144,37.8698,5,930
2025-07-09 22:44:00,12.463144,37.8698,5,930
2025-07-09 22:54:00,12.463144,37.8698,5,930
2025-07-09 23:04:00,12.463144,37.8698,5,930
2025-07-09 23:14:00,12.463144,37.8698,5,930
2025-07-09 23:24:00,12.463144,37.8698,5,930
2025-07-09 23:34:00,12.463144,37.8698,5,930
2025-07-09 23:44:00,12.463144,37.8698,5,930
2025-07-09 23:54:00,12.463144,37.8698,5,930
2025-07-10 00:04:00,12.463189,37.86957,5,930
2025-07-08 14:24:00,12.45275,37.875698,6,0530cnr
2025-07-08 14:34:00,12.453689,37.875065,6,0530cnr
2025-07-08 14:44:00,12.45466,37.87448,6,0530cnr
2025-07-08 14:54:00,12.455646,37.87392,6,0530cnr
2025-07-08 15:04:00,12.456641,37.873375,6,0530cnr
2025-07-08 15:14:00,12.457656,37.87282,6,0530cnr
2025-07-08 15:24:00,12.458689,37.872253,6,0530cnr
2025-07-08 15:34:00,12.459739,37.87167,6,0530cnr
2025-07-08 15:44:00,12.460788,37.871082,6,0530cnr
2025-07-08 15:54:00,12.461833,37.870506,6,0530cnr
2025-07-08 16:04:00,12.46289,37.869946,6,0530cnr
2025-07-08 16:14:00,12.463417,37.869675,6,0530cnr
2025-07-08 16:24:00,12.463417,37.869675,6,0530cnr
2025-07-08 16:34:00,12.463417,37.869675,6,0530cnr
2025-07-08 16:44:00,12.463417,37.869675,6,0530cnr
2025-07-08 16:54:00,12.463417,37.869675,6,0530cnr
2025-07-08 17:04:00,12.463417,37.869675,6,0530cnr
2025-07-08 17:14:00,12.463417,37.869675,6,0530cnr
2025-07-08 17:24:00,12.463417,37.869675,6,0530cnr
2025-07-08 17:34:00,12.463417,37.869675,6,0530cnr
2025-07-08 17:44:00,12.463417,37.869675,6,0530cnr
2025-07-08 17:54:00,12.463417,37.869675,6,0530cnr
2025-07-08 18:04:00,12.463417,37.869675,6,0530cnr
2025-07-08 18:14:00,12.463417,37.869675,6,0530cnr
2025-07-08 18:24:00,12.463417,37.869675,6,0530cnr
2025-07-08 18:34:00,12.463417,37.869675,6,0530cnr
2025-07-08 18:44:00,12.463417,37.869675,6,0530cnr
2025-07-08 18:54:00,12.463417,37.869675,6,0530cnr
2025-07-08 19:04:00,12.463417,37.869675,6,0530cnr
2025-07-08 19:14:00,12.463417,37.869675,6,0530cnr
2025-07-08 19:24:00,12.463417,37.869675,6,0530cnr
2025-07-08 19:34:00,12.463417,37.869675,6,0530cnr
2025-07-08 19:44:00,12.463417,37.869675,6,0530cnr
2025-07-08 19:54:00,12.463417,37.869675,6,0530cnr
2025-07-08 20:04:00,12.463417,37.869675,6,0530cnr
2025-07-08 20:14:00,12.463417,37.869675,6,0530cnr
2025-07-08 20:24:00,12.463417,37.869675,6,0530cnr
2025-07-08 20:34:00,12.463417,37.869675,6,0530cnr
2025-07-08 20:44:00,12.463417,37.869675,6,0530cnr
2025-07-08 20:54:00,12.463417,37.869675,6,0530cnr
2025-07-08 21:04:00,12.463417,37.869675,6,0530cnr
2025-07-08 21:14:00,12.463417,37.869675,6,0530cnr
2025-07-08 21:24:00,12.463417,37.869675,6,0530cnr
2025-07-08 21:34:00,12.463417,37.869675,6,0530cnr
2025-07-08 21:44:00,12.463417,37.869675,6,0530cnr
2025-07-08 21:54:00,12.463417,37.869675,6,0530cnr
2025-07-08 22:04:00,12.463417,37.869675,6,0530cnr
2025-07-08 22:14:00,12.463417,37.869675,6,0530cnr
2025-07-08 22:24:00,12.463417,37.869675,6,0530cnr
2025-07-08 22:34:00,12.463417,37.869675,6,0530cnr
2025-07-08 22:44:00,12.463417,37.869675,6,0530cnr
2025-07-08 22:54:00,12.463417,37.869675,6,0530cnr
2025-07-08 23:04:00,12.463417,37.869675,6,0530cnr
2025-07-08 23:14:00,12.463417,37.869675,6,0530cnr
2025-07-08 23:24:00,12.463417,37.869675,6,0530cnr
2025-07-08 23:34:00,12.463417,37.869675,6,0530cnr
2025-07-08 23:44:00,12.463417,37.869675,6,0530cnr
2025-07-08 23:54:00,12.463417,37.869675,6,0530cnr
2025-07-09 00:04:00,12.463417,37.869675,6,0530cnr
2025-07-09 00:14:00,12.463417,37.869675,6,0530cnr
2025-07-09 00:24:00,12.463417,37.869675,6,0530cnr
2025-07-09 00:34:00,12.463417,37.869675,6,0530cnr
2025-07-09 00:44:00,12.463417,37.869675,6,0530cnr
2025-07-09 00:54:00,12.463417,37.869675,6,0530cnr
2025-07-09 01:04:00,12.463417,37.869675,6,0530cnr
2025-07-09 01:14:00,12.463417,37.869675,6,0530cnr
2025-07-09 01:24:00,12.463417,37.869675,6,0530cnr
2025-07-09 01:34:00,12.463417,37.869675,6,0530cnr
2025-07-09 01:44:00,12.463417,37.869675,6,0530cnr
2025-07-09 01:54:00,12.463417,37.869675,6,0530cnr
2025-07-09 02:04:00,12.463417,37.869675,6,0530cnr
2025-07-09 02:14:00,12.463417,37.869675,6,0530cnr
2025-07-09 02:24:00,12.463417,37.869675,6,0530cnr
2025-07-09 02:34:00,12.463417,37.869675,6,0530cnr
2025-07-09 02:44:00,12.463417,37.869675,6,0530cnr
2025-07-09 02:54:00,12.463417,37.869675,6,0530cnr
2025-07-09 03:04:00,12.463417,37.869675,6,0530cnr
2025-07-09 03:14:00,12.463417,37.869675,6,0530cnr
2025-07-09 03:24:00,12.463417,37.869675,6,0530cnr
2025-07-09 03:34:00,12.463417,37.869675,6,0530cnr
2025-07-09 03:44:00,12.463417,37.869675,6,0530cnr
2025-07-09 03:54:00,12.463417,37.869675,6,0530cnr
2025-07-09 04:04:00,12.463417,37.869675,6,0530cnr
2025-07-09 04:14:00,12.463417,37.869675,6,0530cnr
2025-07-09 04:24:00,12.463417,37.869675,6,0530cnr
2025-07-09 04:34:00,12.463417,37.869675,6,0530cnr
2025-07-09 04:44:00,12.463417,37.869675,6,0530cnr
2025-07-09 04:54:00,12.463417,37.869675,6,0530cnr
2025-07-09 05:04:00,12.463417,37.869675,6,0530cnr
2025-07-09 05:14:00,12.463417,37.869675,6,0530cnr
2025-07-09 05:24:00,12.463417,37.869675,6,0530cnr
2025-07-09 05:34:00,12.463417,37.869675,6,0530cnr
2025-07-09 05:44:00,12.463417,37.869675,6,0530cnr
2025-07-09 05:54:00,12.463417,37.869675,6,0530cnr
2025-07-09 06:04:00,12.463417,37.869675,6,0530cnr
2025-07-09 06:14:00,12.463417,37.869675,6,0530cnr
2025-07-09 06:24:00,12.463417,37.869675,6,0530cnr
2025-07-09 06:34:00,12.463417,37.869675,6,0530cnr
2025-07-09 06:44:00,12.463417,37.869675,6,0530cnr
2025-07-09 06:54:00,12.463417,37.869675,6,0530cnr
2025-07-09 07:04:00,12.463417,37.869675,6,0530cnr
2025-07-09 07:14:00,12.463417,37.869675,6,0530cnr
2025-07-09 07:24:00,12.463417,37.869675,6,0530cnr
2025-07-09 07:34:00,12.463417,37.869675,6,0530cnr
2025-07-09 07:44:00,12.463417,37.869675,6,0530cnr
2025-07-09 07:54:00,12.463417,37.869675,6,0530cnr
2025-07-09 08:04:00,12.463417,37.869675,6,0530cnr
2025-07-09 08:14:00,12.463417,37.869675,6,0530cnr
2025-07-09 08:24:00,12.463417,37.869675,6,0530cnr
2025-07-09 08:34:00,12.463417,37.869675,6,0530cnr
2025-07-09 08:44:00,12.463417,37.869675,6,0530cnr
2025-07-09 08:54:00,12.463417,37.869675,6,0530cnr
2025-07-09 09:04:00,12.463417,37.869675,6,0530cnr
2025-07-09 09:14:00,12.463417,37.869675,6,0530cnr
2025-07-09 09:24:00,12.463417,37.869675,6,0530cnr
2025-07-09 09:34:00,12.463417,37.869675,6,0530cnr
2025-07-09 09:44:00,12.463417,37.869675,6,0530cnr
2025-07-09 09:54:00,12.463417,37.869675,6,0530cnr
2025-07-09 10:04:00,12.463417,37.869675,6,0530cnr
2025-07-09 10:14:00,12.463417,37.869675,6,0530cnr
2025-07-09 10:24:00,12.463417,37.869675,6,0530cnr
2025-07-09 10:34:00,12.463417,37.869675,6,0530cnr
2025-07-09 10:44:00,12.463417,37.869675,6,0530cnr
2025-07-09 10:54:00,12.463417,37.869675,6,0530cnr
2025-07-09 11:04:00,12.463417,37.869675,6,0530cnr
2025-07-09 11:14:00,12.463417,37.869675,6,0530cnr
2025-07-09 11:24:00,12.463417,37.869675,6,0530cnr
2025-07-09 11:34:00,12.463417,37.869675,6,0530cnr
2025-07-09 11:44:00,12.463417,37.869675,6,0530cnr
2025-07-09 11:54:00,12.463417,37.869675,6,0530cnr
2025-07-09 12:04:00,12.463417,37.869675,6,0530cnr
2025-07-09 12:14:00,12.463417,37.869675,6,0530cnr
2025-07-09 12:24:00,12.463417,37.869675,6,0530cnr
2025-07-09 12:34:00,12.463417,37.869675,6,0530cnr
2025-07-09 12:44:00,12.463417,37.869675,6,0530cnr
2025-07-09 12:54:00,12.463417,37.869675,6,0530cnr
2025-07-09 13:04:00,12.463417,37.869675,6,0530cnr
2025-07-09 13:14:00,12.463417,37.869675,6,0530cnr
2025-07-09 13:24:00,12.463417,37.869675,6,0530cnr
2025-07-09 13:34:00,12.463417,37.869675,6,0530cnr
2025-07-09 13:44:00,12.463417,37.869675,6,0530cnr
2025-07-09 13:54:00,12.463417,37.869675,6,0530cnr
2025-07-09 14:04:00,12.463417,37.869675,6,0530cnr
2025-07-09 14:14:00,12.463417,37.869675,6,0530cnr
2025-07-09 14:24:00,12.463417,37.869675,6,0530cnr
2025-07-09 14:34:00,12.463417,37.869675,6,0530cnr
2025-07-09 14:44:00,12.463417,37.869675,6,0530cnr
2025-07-09 14:54:00,12.463417,37.869675,6,0530cnr
2025-07-09 15:04:00,12.463417,37.869675,6,0530cnr
2025-07-09 15:14:00,12.463417,37.869675,6,0530cnr
2025-07-09 15:24:00,12.463417,37.869675,6,0530cnr
2025-07-09 15:34:00,12.463417,37.869675,6,0530cnr
2025-07-09 15:44:00,12.463417,37.869675,6,0530cnr
2025-07-09 15:54:00,12.463417,37.869675,6,0530cnr
2025-07-09 16:04:00,12.463417,37.869675,6,0530cnr
2025-07-09 16:14:00,12.463417,37.869675,6,0530cnr
2025-07-09 16:24:00,12.463417,37.869675,6,0530cnr
2025-07-09 16:34:00,12.463417,37.869675,6,0530cnr
2025-07-09 16:44:00,12.463417,37.869675,6,0530cnr
2025-07-09 16:54:00,12.463417,37.869675,6,0530cnr
2025-07-09 17:04:00,12.463417,37.869675,6,0530cnr
2025-07-09 17:14:00,12.463417,37.869675,6,0530cnr
2025-07-09 17:24:00,12.463417,37.869675,6,0530cnr
2025-07-09 17:34:00,12.463417,37.869675,6,0530cnr
2025-07-09 17:44:00,12.463417,37.869675,6,0530cnr
2025-07-09 17:54:00,12.463417,37.869675,6,0530cnr
2025-07-09 18:04:00,12.463417,37.869675,6,0530cnr
2025-07-09 18:14:00,12.463417,37.869675,6,0530cnr
2025-07-09 18:24:00,12.463417,37.869675,6,0530cnr
2025-07-09 18:34:00,12.463417,37.869675,6,0530cnr
2025-07-09 18:44:00,12.463417,37.869675,6,0530cnr
2025-07-09 18:54:00,12.463417,37.869675,6,0530cnr
2025-07-09 19:04:00,12.463417,37.869675,6,0530cnr
2025-07-09 19:14:00,12.463417,37.869675,6,0530cnr
2025-07-09 19:24:00,12.463417,37.869675,6,0530cnr
2025-07-09 19:34:00,12.463417,37.869675,6,0530cnr
2025-07-09 19:44:00,12.463417,37.869675,6,0530cnr
2025-07-09 19:54:00,12.463417,37.869675,6,0530cnr
2025-07-09 20:04:00,12.463417,37.869675,6,0530cnr
2025-07-09 20:14:00,12.463417,37.869675,6,0530cnr
2025-07-09 20:24:00,12.463417,37.869675,6,0530cnr
2025-07-09 20:34:00,12.463417,37.869675,6,0530cnr
2025-07-09 20:44:00,12.463417,37.869675,6,0530cnr
2025-07-09 20:54:00,12.463417,37.869675,6,0530cnr
2025-07-09 21:04:00,12.463417,37.869675,6,0530cnr
2025-07-09 21:14:00,12.463417,37.869675,6,0530cnr
2025-07-09 21:24:00,12.463417,37.869675,6,0530cnr
2025-07-09 21:34:00,12.463417,37.869675,6,0530cnr
2025-07-09 21:44:00,12.463417,37.869675,6,0530cnr
2025-07-09 21:54:00,12.463417,37.869675,6,0530cnr
2025-07-09 22:04:00,12.463417,37.869675,6,0530cnr
2025-07-09 22:14:00,12.463417,37.869675,6,0530cnr
2025-07-09 22:24:00,12.463417,37.869675,6,0530cnr
2025-07-09 22:34:00,12.463417,37.869675,6,0530cnr
2025-07-09 22:44:00,12.463417,37.869675,6,0530cnr
2025-07-09 22:54:00,12.463417,37.869675,6,0530cnr
2025-07-09 23:04:00,12.463417,37.869675,6,0530cnr
2025-07-09 23:14:00,12.463417,37.869675,6,0530cnr
2025-07-09 23:24:00,12.463417,37.869675,6,0530cnr
2025-07-09 23:34:00,12.463417,37.869675,6,0530cnr
2025-07-09 23:44:00,12.463417,37.869675,6,0530cnr
2025-07-09 23:54:00,12.463417,37.869675,6,0530cnr
2025-07-10 00:04:00,12.463417,37.869675,6,0530cnr
2025-07-08 14:24:00,12.45253,37.87573,6,3500cnr
2025-07-08 14:34:00,12.453464,37.875084,6,3500cnr
2025-07-08 14:44:00,12.4544325,37.874493,6,3500cnr
2025-07-08 14:54:00,12.45542,37.873924,6,3500cnr
2025-07-08 15:04:00,12.456414,37.87338,6,3500cnr
2025-07-08 15:14:00,12.457428,37.87283,6,3500cnr
2025-07-08 15:24:00,12.458458,37.87227,6,3500cnr
2025-07-08 15:34:00,12.459507,37.871693,6,3500cnr
2025-07-08 15:44:00,12.460554,37.871105,6,3500cnr
2025-07-08 15:54:00,12.4615965,37.870533,6,3500cnr
2025-07-08 16:04:00,12.462649,37.869972,6,3500cnr
2025-07-08 16:14:00,12.46318,37.869698,6,3500cnr
2025-07-08 16:24:00,12.46318,37.869698,6,3500cnr
2025-07-08 16:34:00,12.46318,37.869698,6,3500cnr
2025-07-08 16:44:00,12.46318,37.869698,6,3500cnr
2025-07-08 16:54:00,12.46318,37.869698,6,3500cnr
2025-07-08 17:04:00,12.46318,37.869698,6,3500cnr
2025-07-08 17:14:00,12.46318,37.869698,6,3500cnr
2025-07-08 17:24:00,12.46318,37.869698,6,3500cnr
2025-07-08 17:34:00,12.46318,37.869698,6,3500cnr
2025-07-08 17:44:00,12.46318,37.869698,6,3500cnr
2025-07-08 17:54:00,12.46318,37.869698,6,3500cnr
2025-07-08 18:04:00,12.46318,37.869698,6,3500cnr
2025-07-08 18:14:00,12.46318,37.869698,6,3500cnr
2025-07-08 18:24:00,12.46318,37.869698,6,3500cnr
2025-07-08 18:34:00,12.46318,37.869698,6,3500cnr
2025-07-08 18:44:00,12.46318,37.869698,6,3500cnr
2025-07-08 18:54:00,12.46318,37.869698,6,3500cnr
2025-07-08 19:04:00,12.46318,37.869698,6,3500cnr
2025-07-08 19:14:00,12.46318,37.869698,6,3500cnr
2025-07-08 19:24:00,12.46318,37.869698,6,3500cnr
2025-07-08 19:34:00,12.46318,37.869698,6,3500cnr
2025-07-08 19:44:00,12.46318,37.869698,6,3500cnr
2025-07-08 19:54:00,12.46318,37.869698,6,3500cnr
2025-07-08 20:04:00,12.46318,37.869698,6,3500cnr
2025-07-08 20:14:00,12.46318,37.869698,6,3500cnr
2025-07-08 20:24:00,12.46318,37.869698,6,3500cnr
2025-07-08 20:34:00,12.46318,37.869698,6,3500cnr
2025-07-08 20:44:00,12.46318,37.869698,6,3500cnr
2025-07-08 20:54:00,12.46318,37.869698,6,3500cnr
2025-07-08 21:04:00,12.46318,37.869698,6,3500cnr
2025-07-08 21:14:00,12.46318,37.869698,6,3500cnr
2025-07-08 21:24:00,12.46318,37.869698,6,3500cnr
2025-07-08 21:34:00,12.46318,37.869698,6,3500cnr
2025-07-08 21:44:00,12.46318,37.869698,6,3500cnr
2025-07-08 21:54:00,12.46318,37.869698,6,3500cnr
2025-07-08 22:04:00,12.46318,37.869698,6,3500cnr
2025-07-08 22:14:00,12.46318,37.869698,6,3500cnr
2025-07-08 22:24:00,12.46318,37.869698,6,3500cnr
2025-07-08 22:34:00,12.46318,37.869698,6,3500cnr
2025-07-08 22:44:00,12.46318,37.869698,6,3500cnr
2025-07-08 22:54:00,12.46318,37.869698,6,3500cnr
2025-07-08 23:04:00,12.46318,37.869698,6,3500cnr
2025-07-08 23:14:00,12.46318,37.869698,6,3500cnr
2025-07-08 23:24:00,12.46318,37.869698,6,3500cnr
2025-07-08 23:34:00,12.46318,37.869698,6,3500cnr
2025-07-08 23:44:00,12.46318,37.869698,6,3500cnr
2025-07-08 23:54:00,12.46318,37.869698,6,3500cnr
2025-07-09 00:04:00,12.46318,37.869698,6,3500cnr
2025-07-09 00:14:00,12.46318,37.869698,6,3500cnr
2025-07-09 00:24:00,12.46318,37.869698,6,3500cnr
2025-07-09 00:34:00,12.46318,37.869698,6,3500cnr
2025-07-09 00:44:00,12.46318,37.869698,6,3500cnr
2025-07-09 00:54:00,12.46318,37.869698,6,3500cnr
2025-07-09 01:04:00,12.46318,37.869698,6,3500cnr
2025-07-09 01:14:00,12.46318,37.869698,6,3500cnr
2025-07-09 01:24:00,12.46318,37.869698,6,3500cnr
2025-07-09 01:34:00,12.46318,37.869698,6,3500cnr
2025-07-09 01:44:00,12.46318,37.869698,6,3500cnr
2025-07-09 01:54:00,12.46318,37.869698,6,3500cnr
2025-07-09 02:04:00,12.46318,37.869698,6,3500cnr
2025-07-09 02:14:00,12.46318,37.869698,6,3500cnr
2025-07-09 02:24:00,12.46318,37.869698,6,3500cnr
2025-07-09 02:34:00,12.46318,37.869698,6,3500cnr
2025-07-09 02:44:00,12.46318,37.869698,6,3500cnr
2025-07-09 02:54:00,12.46318,37.869698,6,3500cnr
2025-07-09 03:04:00,12.46318,37.869698,6,3500cnr
2025-07-09 03:14:00,12.46318,37.869698,6,3500cnr
2025-07-09 03:24:00,12.46318,37.869698,6,3500cnr
2025-07-09 03:34:00,12.46318,37.869698,6,3500cnr
2025-07-09 03:44:00,12.46318,37.869698,6,3500cnr
2025-07-09 03:54:00,12.46318,37.869698,6,3500cnr
2025-07-09 04:04:00,12.46318,37.869698,6,3500cnr
2025-07-09 04:14:00,12.46318,37.869698,6,3500cnr
2025-07-09 04:24:00,12.46318,37.869698,6,3500cnr
2025-07-09 04:34:00,12.46318,37.869698,6,3500cnr
2025-07-09 04:44:00,12.46318,37.869698,6,3500cnr
2025-07-09 04:54:00,12.46318,37.869698,6,3500cnr
2025-07-09 05:04:00,12.46318,37.869698,6,3500cnr
2025-07-09 05:14:00,12.46318,37.869698,6,3500cnr
2025-07-09 05:24:00,12.46318,37.869698,6,3500cnr
2025-07-09 05:34:00,12.46318,37.869698,6,3500cnr
2025-07-09 05:44:00,12.46318,37.869698,6,3500cnr
2025-07-09 05:54:00,12.46318,37.869698,6,3500cnr
2025-07-09 06:04:00,12.46318,37.869698,6,3500cnr
2025-07-09 06:14:00,12.46318,37.869698,6,3500cnr
2025-07-09 06:24:00,12.46318,37.869698,6,3500cnr
2025-07-09 06:34:00,12.46318,37.869698,6,3500cnr
2025-07-09 06:44:00,12.46318,37.869698,6,3500cnr
2025-07-09 06:54:00,12.46318,37.869698,6,3500cnr
2025-07-09 07:04:00,12.46318,37.869698,6,3500cnr
2025-07-09 07:14:00,12.46318,37.869698,6,3500cnr
2025-07-09 07:24:00,12.46318,37.869698,6,3500cnr
2025-07-09 07:34:00,12.46318,37.869698,6,3500cnr
2025-07-09 07:44:00,12.46318,37.869698,6,3500cnr
2025-07-09 07:54:00,12.46318,37.869698,6,3500cnr
2025-07-09 08:04:00,12.46318,37.869698,6,3500cnr
2025-07-09 08:14:00,12.46318,37.869698,6,3500cnr
2025-07-09 08:24:00,12.46318,37.869698,6,3500cnr
2025-07-09 08:34:00,12.46318,37.869698,6,3500cnr
2025-07-09 08:44:00,12.46318,37.869698,6,3500cnr
2025-07-09 08:54:00,12.46318,37.869698,6,3500cnr
2025-07-09 09:04:00,12.46318,37.869698,6,3500cnr
2025-07-09 09:14:00,12.46318,37.869698,6,3500cnr
2025-07-09 09:24:00,12.46318,37.869698,6,3500cnr
2025-07-09 09:34:00,12.46318,37.869698,6,3500cnr
2025-07-09 09:44:00,12.46318,37.869698,6,3500cnr
2025-07-09 09:54:00,12.46318,37.869698,6,3500cnr
2025-07-09 10:04:00,12.46318,37.869698,6,3500cnr
2025-07-09 10:14:00,12.46318,37.869698,6,3500cnr
2025-07-09 10:24:00,12.46318,37.869698,6,3500cnr
2025-07-09 10:34:00,12.46318,37.869698,6,3500cnr
2025-07-09 10:44:00,12.46318,37.869698,6,3500cnr
2025-07-09 10:54:00,12.46318,37.869698,6,3500cnr
2025-07-09 11:04:00,12.46318,37.869698,6,3500cnr
2025-07-09 11:14:00,12.46318,37.869698,6,3500cnr
2025-07-09 11:24:00,12.46318,37.869698,6,3500cnr
2025-07-09 11:34:00,12.46318,37.869698,6,3500cnr
2025-07-09 11:44:00,12.46318,37.869698,6,3500cnr
2025-07-09 11:54:00,12.46318,37.869698,6,3500cnr
2025-07-09 12:04:00,12.46318,37.869698,6,3500cnr
2025-07-09 12:14:00,12.46318,37.869698,6,3500cnr
2025-07-09 12:24:00,12.46318,37.869698,6,3500cnr
2025-07-09 12:34:00,12.46318,37.869698,6,3500cnr
2025-07-09 12:44:00,12.46318,37.869698,6,3500cnr
2025-07-09 12:54:00,12.46318,37.869698,6,3500cnr
2025-07-09 13:04:00,12.46318,37.869698,6,3500cnr
2025-07-09 13:14:00,12.46318,37.869698,6,3500cnr
2025-07-09 13:24:00,12.46318,37.869698,6,3500cnr
2025-07-09 13:34:00,12.46318,37.869698,6,3500cnr
2025-07-09 13:44:00,12.46318,37.869698,6,3500cnr
2025-07-09 13:54:00,12.46318,37.869698,6,3500cnr
2025-07-09 14:04:00,12.46318,37.869698,6,3500cnr
2025-07-09 14:14:00,12.46318,37.869698,6,3500cnr
2025-07-09 14:24:00,12.46318,37.869698,6,3500cnr
2025-07-09 14:34:00,12.46318,37.869698,6,3500cnr
2025-07-09 14:44:00,12.46318,37.869698,6,3500cnr
2025-07-09 14:54:00,12.46318,37.869698,6,3500cnr
2025-07-09 15:04:00,12.46318,37.869698,6,3500cnr
2025-07-09 15:14:00,12.46318,37.869698,6,3500cnr
2025-07-09 15:24:00,12.46318,37.869698,6,3500cnr
2025-07-09 15:34:00,12.46318,37.869698,6,3500cnr
2025-07-09 15:44:00,12.46318,37.869698,6,3500cnr
2025-07-09 15:54:00,12.46318,37.869698,6,3500cnr
2025-07-09 16:04:00,12.46318,37.869698,6,3500cnr
2025-07-09 16:14:00,12.46318,37.869698,6,3500cnr
2025-07-09 16:24:00,12.46318,37.869698,6,3500cnr
2025-07-09 16:34:00,12.46318,37.869698,6,3500cnr
2025-07-09 16:44:00,12.46318,37.869698,6,3500cnr
2025-07-09 16:54:00,12.46318,37.869698,6,3500cnr
2025-07-09 17:04:00,12.46318,37.869698,6,3500cnr
2025-07-09 17:14:00,12.46318,37.869698,6,3500cnr
2025-07-09 17:24:00,12.46318,37.869698,6,3500cnr
2025-07-09 17:34:00,12.46318,37.869698,6,3500cnr
2025-07-09 17:44:00,12.46318,37.869698,6,3500cnr
2025-07-09 17:54:00,12.46318,37.869698,6,3500cnr
2025-07-09 18:04:00,12.46318,37.869698,6,3500cnr
2025-07-09 18:14:00,12.46318,37.869698,6,3500cnr
2025-07-09 18:24:00,12.46318,37.869698,6,3500cnr
2025-07-09 18:34:00,12.46318,37.869698,6,3500cnr
2025-07-09 18:44:00,12.46318,37.869698,6,3500cnr
2025-07-09 18:54:00,12.46318,37.869698,6,3500cnr
2025-07-09 19:04:00,12.46318,37.869698,6,3500cnr
2025-07-09 19:14:00,12.46318,37.869698,6,3500cnr
2025-07-09 19:24:00,12.46318,37.869698,6,3500cnr
2025-07-09 19:34:00,12.46318,37.869698,6,3500cnr
2025-07-09 19:44:00,12.46318,37.869698,6,3500cnr
2025-07-09 19:54:00,12.46318,37.869698,6,3500cnr
2025-07-09 20:04:00,12.46318,37.869698,6,3500cnr
2025-07-09 20:14:00,12.46318,37.869698,6,3500cnr
2025-07-09 20:24:00,12.46318,37.869698,6,3500cnr
2025-07-09 20:34:00,12.46318,37.869698,6,3500cnr
2025-07-09 20:44:00,12.46318,37.869698,6,3500cnr
2025-07-09 20:54:00,12.46318,37.869698,6,3500cnr
2025-07-09 21:04:00,12.46318,37.869698,6,3500cnr
2025-07-09 21:14:00,12.46318,37.869698,6,3500cnr
2025-07-09 21:24:00,12.46318,37.869698,6,3500cnr
2025-07-09 21:34:00,12.46318,37.869698,6,3500cnr
2025-07-09 21:44:00,12.46318,37.869698,6,3500cnr
2025-07-09 21:54:00,12.46318,37.869698,6,3500cnr
2025-07-09 22:04:00,12.46318,37.869698,6,3500cnr
2025-07-09 22:14:00,12.46318,37.869698,6,3500cnr
2025-07-09 22:24:00,12.46318,37.869698,6,3500cnr
2025-07-09 22:34:00,12.46318,37.869698,6,3500cnr
2025-07-09 22:44:00,12.46318,37.869698,6,3500cnr
2025-07-09 22:54:00,12.46318,37.869698,6,3500cnr
2025-07-09 23:04:00,12.46318,37.869698,6,3500cnr
2025-07-09 23:14:00,12.46318,37.869698,6,3500cnr
2025-07-09 23:24:00,12.46318,37.869698,6,3500cnr
2025-07-09 23:34:00,12.46318,37.869698,6,3500cnr
2025-07-09 23:44:00,12.46318,37.869698,6,3500cnr
2025-07-09 23:54:00,12.46318,37.869698,6,3500cnr
2025-07-10 00:04:00,12.46318,37.869698,6,3500cnr
2025-07-08 14:24:00,12.453063,37.875526,6,3680cnr
2025-07-08 14:34:00,12.454012,37.87491,6,3680cnr
2025-07-08 14:44:00,12.45499,37.87434,6,3680cnr
2025-07-08 14:54:00,12.455977,37.873787,6,3680cnr
2025-07-08 15:04:00,12.456978,37.873238,6,3680cnr
2025-07-08 15:14:00,12.458,37.872677,6,3680cnr
2025-07-08 15:24:00,12.459038,37.8721,6,3680cnr
2025-07-08 15:34:00,12.460093,37.87151,6,3680cnr
2025-07-08 15:44:00,12.461141,37.87092,6,3680cnr
2025-07-08 15:54:00,12.462189,37.870342,6,3680cnr
2025-07-08 16:04:00,12.463255,37.86978,6,3680cnr
2025-07-08 16:14:00,12.463255,37.86978,6,3680cnr
2025-07-08 16:24:00,12.463255,37.86978,6,3680cnr
2025-07-08 16:34:00,12.463255,37.86978,6,3680cnr
2025-07-08 16:44:00,12.463255,37.86978,6,3680cnr
2025-07-08 16:54:00,12.463255,37.86978,6,3680cnr
2025-07-08 17:04:00,12.463255,37.86978,6,3680cnr
2025-07-08 17:14:00,12.463255,37.86978,6,3680cnr
2025-07-08 17:24:00,12.463255,37.86978,6,3680cnr
2025-07-08 17:34:00,12.463255,37.86978,6,3680cnr
2025-07-08 17:44:00,12.463255,37.86978,6,3680cnr
2025-07-08 17:54:00,12.463255,37.86978,6,3680cnr
2025-07-08 18:04:00,12.463255,37.86978,6,3680cnr
2025-07-08 18:14:00,12.463255,37.86978,6,3680cnr
2025-07-08 18:24:00,12.463255,37.86978,6,3680cnr
2025-07-08 18:34:00,12.463255,37.86978,6,3680cnr
2025-07-08 18:44:00,12.463255,37.86978,6,3680cnr
2025-07-08 18:54:00,12.463255,37.86978,6,3680cnr
2025-07-08 19:04:00,12.463255,37.86978,6,3680cnr
2025-07-08 19:14:00,12.463255,37.86978,6,3680cnr
2025-07-08 19:24:00,12.463255,37.86978,6,3680cnr
2025-07-08 19:34:00,12.463255,37.86978,6,3680cnr
2025-07-08 19:44:00,12.463255,37.86978,6,3680cnr
2025-07-08 19:54:00,12.463255,37.86978,6,3680cnr
2025-07-08 20:04:00,12.463255,37.86978,6,3680cnr
2025-07-08 20:14:00,12.463255,37.86978,6,3680cnr
2025-07-08 20:24:00,12.463255,37.86978,6,3680cnr
2025-07-08 20:34:00,12.463255,37.86978,6,3680cnr
2025-07-08 20:44:00,12.463255,37.86978,6,3680cnr
2025-07-08 20:54:00,12.463255,37.86978,6,3680cnr
2025-07-08 21:04:00,12.463255,37.86978,6,3680cnr
2025-07-08 21:14:00,12.463255,37.86978,6,3680cnr
2025-07-08 21:24:00,12.463255,37.86978,6,3680cnr
2025-07-08 21:34:00,12.463255,37.86978,6,3680cnr
2025-07-08 21:44:00,12.463255,37.86978,6,3680cnr
2025-07-08 21:54:00,12.463255,37.86978,6,3680cnr
2025-07-08 22:04:00,12.463255,37.86978,6,3680cnr
2025-07-08 22:14:00,12.463255,37.86978,6,3680cnr
2025-07-08 22:24:00,12.463255,37.86978,6,3680cnr
2025-07-08 22:34:00,12.463255,37.86978,6,3680cnr
2025-07-08 22:44:00,12.463255,37.86978,6,3680cnr
2025-07-08 22:54:00,12.463255,37.86978,6,3680cnr
2025-07-08 23:04:00,12.463255,37.86978,6,3680cnr
2025-07-08 23:14:00,12.463255,37.86978,6,3680cnr
2025-07-08 23:24:00,12.463255,37.86978,6,3680cnr
2025-07-08 23:34:00,12.463255,37.86978,6,3680cnr
2025-07-08 23:44:00,12.463255,37.86978,6,3680cnr
2025-07-08 23:54:00,12.463255,37.86978,6,3680cnr
2025-07-09 00:04:00,12.463255,37.86978,6,3680cnr
2025-07-09 00:14:00,12.463255,37.86978,6,3680cnr
2025-07-09 00:24:00,12.463255,37.86978,6,3680cnr
2025-07-09 00:34:00,12.463255,37.86978,6,3680cnr
2025-07-09 00:44:00,12.463255,37.86978,6,3680cnr
2025-07-09 00:54:00,12.463255,37.86978,6,3680cnr
2025-07-09 01:04:00,12.463255,37.86978,6,3680cnr
2025-07-09 01:14:00,12.463255,37.86978,6,3680cnr
2025-07-09 01:24:00,12.463255,37.86978,6,3680cnr
2025-07-09 01:34:00,12.463255,37.86978,6,3680cnr
2025-07-09 01:44:00,12.463255,37.86978,6,3680cnr
2025-07-09 01:54:00,12.463255,37.86978,6,3680cnr
2025-07-09 02:04:00,12.463255,37.86978,6,3680cnr
2025-07-09 02:14:00,12.463255,37.86978,6,3680cnr
2025-07-09 02:24:00,12.463255,37.86978,6,3680cnr
2025-07-09 02:34:00,12.463255,37.86978,6,3680cnr
2025-07-09 02:44:00,12.463255,37.86978,6,3680cnr
2025-07-09 02:54:00,12.463255,37.86978,6,3680cnr
2025-07-09 03:04:00,12.463255,37.86978,6,3680cnr
2025-07-09 03:14:00,12.463255,37.86978,6,3680cnr
2025-07-09 03:24:00,12.463255,37.86978,6,3680cnr
2025-07-09 03:34:00,12.463255,37.86978,6,3680cnr
2025-07-09 03:44:00,12.463255,37.86978,6,3680cnr
2025-07-09 03:54:00,12.463255,37.86978,6,3680cnr
2025-07-09 04:04:00,12.463255,37.86978,6,3680cnr
2025-07-09 04:14:00,12.463255,37.86978,6,3680cnr
2025-07-09 04:24:00,12.463255,37.86978,6,3680cnr
2025-07-09 04:34:00,12.463255,37.86978,6,3680cnr
2025-07-09 04:44:00,12.463255,37.86978,6,3680cnr
2025-07-09 04:54:00,12.463255,37.86978,6,3680cnr
2025-07-09 05:04:00,12.463255,37.86978,6,3680cnr
2025-07-09 05:14:00,12.463255,37.86978,6,3680cnr
2025-07-09 05:24:00,12.463255,37.86978,6,3680cnr
2025-07-09 05:34:00,12.463255,37.86978,6,3680cnr
2025-07-09 05:44:00,12.463255,37.86978,6,3680cnr
2025-07-09 05:54:00,12.463255,37.86978,6,3680cnr
2025-07-09 06:04:00,12.463255,37.86978,6,3680cnr
2025-07-09 06:14:00,12.463255,37.86978,6,3680cnr
2025-07-09 06:24:00,12.463255,37.86978,6,3680cnr
2025-07-09 06:34:00,12.463255,37.86978,6,3680cnr
2025-07-09 06:44:00,12.463255,37.86978,6,3680cnr
2025-07-09 06:54:00,12.463255,37.86978,6,3680cnr
2025-07-09 07:04:00,12.463255,37.86978,6,3680cnr
2025-07-09 07:14:00,12.463255,37.86978,6,3680cnr
2025-07-09 07:24:00,12.463255,37.86978,6,3680cnr
2025-07-09 07:34:00,12.463255,37.86978,6,3680cnr
2025-07-09 07:44:00,12.463255,37.86978,6,3680cnr
2025-07-09 07:54:00,12.463255,37.86978,6,3680cnr
2025-07-09 08:04:00,12.463255,37.86978,6,3680cnr
2025-07-09 08:14:00,12.463255,37.86978,6,3680cnr
2025-07-09 08:24:00,12.463255,37.86978,6,3680cnr
2025-07-09 08:34:00,12.463255,37.86978,6,3680cnr
2025-07-09 08:44:00,12.463255,37.86978,6,3680cnr
2025-07-09 08:54:00,12.463255,37.86978,6,3680cnr
2025-07-09 09:04:00,12.463255,37.86978,6,3680cnr
2025-07-09 09:14:00,12.463255,37.86978,6,3680cnr
2025-07-09 09:24:00,12.463255,37.86978,6,3680cnr
2025-07-09 09:34:00,12.463255,37.86978,6,3680cnr
2025-07-09 09:44:00,12.463255,37.86978,6,3680cnr
2025-07-09 09:54:00,12.463255,37.86978,6,3680cnr
2025-07-09 10:04:00,12.463255,37.86978,6,3680cnr
2025-07-09 10:14:00,12.463255,37.86978,6,3680cnr
2025-07-09 10:24:00,12.463255,37.86978,6,3680cnr
2025-07-09 10:34:00,12.463255,37.86978,6,3680cnr
2025-07-09 10:44:00,12.463255,37.86978,6,3680cnr
2025-07-09 10:54:00,12.463255,37.86978,6,3680cnr
2025-07-09 11:04:00,12.463255,37.86978,6,3680cnr
2025-07-09 11:14:00,12.463255,37.86978,6,3680cnr
2025-07-09 11:24:00,12.463255,37.86978,6,3680cnr
2025-07-09 11:34:00,12.463255,37.86978,6,3680cnr
2025-07-09 11:44:00,12.463255,37.86978,6,3680cnr
2025-07-09 11:54:00,12.463255,37.86978,6,3680cnr
2025-07-09 12:04:00,12.463255,37.86978,6,3680cnr
2025-07-09 12:14:00,12.463255,37.86978,6,3680cnr
2025-07-09 12:24:00,12.463255,37.86978,6,3680cnr
2025-07-09 12:34:00,12.463255,37.86978,6,3680cnr
2025-07-09 12:44:00,12.463255,37.86978,6,3680cnr
2025-07-09 12:54:00,12.463255,37.86978,6,3680cnr
2025-07-09 13:04:00,12.463255,37.86978,6,3680cnr
2025-07-09 13:14:00,12.463255,37.86978,6,3680cnr
2025-07-09 13:24:00,12.463255,37.86978,6,3680cnr
2025-07-09 13:34:00,12.463255,37.86978,6,3680cnr
2025-07-09 13:44:00,12.463255,37.86978,6,3680cnr
2025-07-09 13:54:00,12.463255,37.86978,6,3680cnr
2025-07-09 14:04:00,12.463255,37.86978,6,3680cnr
2025-07-09 14:14:00,12.463255,37.86978,6,3680cnr
2025-07-09 14:24:00,12.463255,37.86978,6,3680cnr
2025-07-09 14:34:00,12.463255,37.86978,6,3680cnr
2025-07-09 14:44:00,12.463255,37.86978,6,3680cnr
2025-07-09 14:54:00,12.463255,37.86978,6,3680cnr
2025-07-09 15:04:00,12.463255,37.86978,6,3680cnr
2025-07-09 15:14:00,12.463255,37.86978,6,3680cnr
2025-07-09 15:24:00,12.463255,37.86978,6,3680cnr
2025-07-09 15:34:00,12.463255,37.86978,6,3680cnr
2025-07-09 15:44:00,12.463255,37.86978,6,3680cnr
2025-07-09 15:54:00,12.463255,37.86978,6,3680cnr
2025-07-09 16:04:00,12.463255,37.86978,6,3680cnr
2025-07-09 16:14:00,12.463255,37.86978,6,3680cnr
2025-07-09 16:24:00,12.463255,37.86978,6,3680cnr
2025-07-09 16:34:00,12.463255,37.86978,6,3680cnr
2025-07-09 16:44:00,12.463255,37.86978,6,3680cnr
2025-07-09 16:54:00,12.463255,37.86978,6,3680cnr
2025-07-09 17:04:00,12.463255,37.86978,6,3680cnr
2025-07-09 17:14:00,12.463255,37.86978,6,3680cnr
2025-07-09 17:24:00,12.463255,37.86978,6,3680cnr
2025-07-09 17:34:00,12.463255,37.86978,6,3680cnr
2025-07-09 17:44:00,12.463255,37.86978,6,3680cnr
2025-07-09 17:54:00,12.463255,37.86978,6,3680cnr
2025-07-09 18:04:00,12.463255,37.86978,6,3680cnr
2025-07-09 18:14:00,12.463255,37.86978,6,3680cnr
2025-07-09 18:24:00,12.463255,37.86978,6,3680cnr
2025-07-09 18:34:00,12.463255,37.86978,6,3680cnr
2025-07-09 18:44:00,12.463255,37.86978,6,3680cnr
2025-07-09 18:54:00,12.463255,37.86978,6,3680cnr
2025-07-09 19:04:00,12.463255,37.86978,6,3680cnr
2025-07-09 19:14:00,12.463255,37.86978,6,3680cnr
2025-07-09 19:24:00,12.463255,37.86978,6,3680cnr
2025-07-09 19:34:00,12.463255,37.86978,6,3680cnr
2025-07-09 19:44:00,12.463255,37.86978,6,3680cnr
2025-07-09 19:54:00,12.463255,37.86978,6,3680cnr
2025-07-09 20:04:00,12.463255,37.86978,6,3680cnr
2025-07-09 20:14:00,12.463255,37.86978,6,3680cnr
2025-07-09 20:24:00,12.463255,37.86978,6,3680cnr
2025-07-09 20:34:00,12.463255,37.86978,6,3680cnr
2025-07-09 20:44:00,12.463255,37.86978,6,3680cnr
2025-07-09 20:54:00,12.463255,37.86978,6,3680cnr
2025-07-09 21:04:00,12.463255,37.86978,6,3680cnr
2025-07-09 21:14:00,12.463255,37.86978,6,3680cnr
2025-07-09 21:24:00,12.463255,37.86978,6,3680cnr
2025-07-09 21:34:00,12.463255,37.86978,6,3680cnr
2025-07-09 21:44:00,12.463255,37.86978,6,3680cnr
2025-07-09 21:54:00,12.463255,37.86978,6,3680cnr
2025-07-09 22:04:00,12.463255,37.86978,6,3680cnr
2025-07-09 22:14:00,12.463255,37.86978,6,3680cnr
2025-07-09 22:24:00,12.463255,37.86978,6,3680cnr
2025-07-09 22:34:00,12.463255,37.86978,6,3680cnr
2025-07-09 22:44:00,12.463255,37.86978,6,3680cnr
2025-07-09 22:54:00,12.463255,37.86978,6,3680cnr
2025-07-09 23:04:00,12.463255,37.86978,6,3680cnr
2025-07-09 23:14:00,12.463255,37.86978,6,3680cnr
2025-07-09 23:24:00,12.463255,37.86978,6,3680cnr
2025-07-09 23:34:00,12.463255,37.86978,6,3680cnr
2025-07-09 23:44:00,12.463255,37.86978,6,3680cnr
2025-07-09 23:54:00,12.463255,37.86978,6,3680cnr
2025-07-10 00:04:00,12.463255,37.86978,6,3680cnr
2025-07-08 17:04:00,12.478178,37.87551,7,2520
2025-07-08 17:14:00,12.478942,37.875122,7,2520
2025-07-08 17:24:00,12.479692,37.8748,7,2520
2025-07-08 17:34:00,12.480429,37.874546,7,2520
2025-07-08 17:44:00,12.481154,37.87432,7,2520
2025-07-08 17:54:00,12.481868,37.87413,7,2520
2025-07-08 18:04:00,12.482566,37.873974,7,2520
2025-07-08 18:14:00,12.482566,37.873974,7,2520
2025-07-08 18:24:00,12.482566,37.873974,7,2520
2025-07-08 18:34:00,12.482566,37.873974,7,2520
2025-07-08 18:44:00,12.482566,37.873974,7,2520
2025-07-08 18:54:00,12.482566,37.873974,7,2520
2025-07-08 19:04:00,12.482566,37.873974,7,2520
2025-07-08 19:14:00,12.482566,37.873974,7,2520
2025-07-08 19:24:00,12.482566,37.873974,7,2520
2025-07-08 19:34:00,12.482566,37.873974,7,2520
2025-07-08 19:44:00,12.482566,37.873974,7,2520
2025-07-08 19:54:00,12.482566,37.873974,7,2520
2025-07-08 20:04:00,12.482566,37.873974,7,2520
2025-07-08 20:14:00,12.482566,37.873974,7,2520
2025-07-08 20:24:00,12.482566,37.873974,7,2520
2025-07-08 20:34:00,12.482566,37.873974,7,2520
2025-07-08 20:44:00,12.482566,37.873974,7,2520
2025-07-08 20:54:00,12.482566,37.873974,7,2520
2025-07-08 21:04:00,12.482566,37.873974,7,2520
2025-07-08 21:14:00,12.482566,37.873974,7,2520
2025-07-08 21:24:00,12.482566,37.873974,7,2520
2025-07-08 21:34:00,12.482566,37.873974,7,2520
2025-07-08 21:44:00,12.482566,37.873974,7,2520
2025-07-08 21:54:00,12.482566,37.873974,7,2520
2025-07-08 22:04:00,12.482566,37.873974,7,2520
2025-07-08 22:14:00,12.482566,37.873974,7,2520
2025-07-08 22:24:00,12.482566,37.873974,7,2520
2025-07-08 22:34:00,12.482566,37.873974,7,2520
2025-07-08 22:44:00,12.482566,37.873974,7,2520
2025-07-08 22:54:00,12.482566,37.873974,7,2520
2025-07-08 23:04:00,12.482566,37.873974,7,2520
2025-07-08 23:14:00,12.482566,37.873974,7,2520
2025-07-08 23:24:00,12.482566,37.873974,7,2520
2025-07-08 23:34:00,12.482566,37.873974,7,2520
2025-07-08 23:44:00,12.482566,37.873974,7,2520
2025-07-08 23:54:00,12.482566,37.873974,7,2520
2025-07-09 00:04:00,12.482566,37.873974,7,2520
2025-07-09 00:14:00,12.482566,37.873974,7,2520
2025-07-09 00:24:00,12.482566,37.873974,7,2520
2025-07-09 00:34:00,12.482566,37.873974,7,2520
2025-07-09 00:44:00,12.482566,37.873974,7,2520
2025-07-09 00:54:00,12.482566,37.873974,7,2520
2025-07-09 01:04:00,12.482566,37.873974,7,2520
2025-07-09 01:14:00,12.482566,37.873974,7,2520
2025-07-09 01:24:00,12.482566,37.873974,7,2520
2025-07-09 01:34:00,12.482566,37.873974,7,2520
2025-07-09 01:44:00,12.482566,37.873974,7,2520
2025-07-09 01:54:00,12.482566,37.873974,7,2520
2025-07-09 02:04:00,12.482566,37.873974,7,2520
2025-07-09 02:14:00,12.482566,37.873974,7,2520
2025-07-09 02:24:00,12.482566,37.873974,7,2520
2025-07-09 02:34:00,12.482566,37.873974,7,2520
2025-07-09 02:44:00,12.482566,37.873974,7,2520
2025-07-09 02:54:00,12.482566,37.873974,7,2520
2025-07-09 03:04:00,12.482566,37.873974,7,2520
2025-07-09 03:14:00,12.482566,37.873974,7,2520
2025-07-09 03:24:00,12.482566,37.873974,7,2520
2025-07-09 03:34:00,12.482566,37.873974,7,2520
2025-07-09 03:44:00,12.482566,37.873974,7,2520
2025-07-09 03:54:00,12.482566,37.873974,7,2520
2025-07-09 04:04:00,12.482566,37.873974,7,2520
2025-07-09 04:14:00,12.482566,37.873974,7,2520
2025-07-09 04:24:00,12.482566,37.873974,7,2520
2025-07-09 04:34:00,12.482566,37.873974,7,2520
2025-07-09 04:44:00,12.482566,37.873974,7,2520
2025-07-09 04:54:00,12.482566,37.873974,7,2520
2025-07-09 05:04:00,12.482566,37.873974,7,2520
2025-07-09 05:14:00,12.482566,37.873974,7,2520
2025-07-09 05:24:00,12.482566,37.873974,7,2520
2025-07-09 05:34:00,12.482566,37.873974,7,2520
2025-07-09 05:44:00,12.482566,37.873974,7,2520
2025-07-09 05:54:00,12.482566,37.873974,7,2520
2025-07-09 06:04:00,12.482566,37.873974,7,2520
2025-07-09 06:14:00,12.482566,37.873974,7,2520
2025-07-09 06:24:00,12.482566,37.873974,7,2520
2025-07-09 06:34:00,12.482566,37.873974,7,2520
2025-07-09 06:44:00,12.482566,37.873974,7,2520
2025-07-09 06:54:00,12.482566,37.873974,7,2520
2025-07-09 07:04:00,12.482566,37.873974,7,2520
2025-07-09 07:14:00,12.482566,37.873974,7,2520
2025-07-09 07:24:00,12.482566,37.873974,7,2520
2025-07-09 07:34:00,12.482566,37.873974,7,2520
2025-07-09 07:44:00,12.482566,37.873974,7,2520
2025-07-09 07:54:00,12.482566,37.873974,7,2520
2025-07-09 08:04:00,12.482566,37.873974,7,2520
2025-07-09 08:14:00,12.482566,37.873974,7,2520
2025-07-09 08:24:00,12.482566,37.873974,7,2520
2025-07-09 08:34:00,12.482566,37.873974,7,2520
2025-07-09 08:44:00,12.482566,37.873974,7,2520
2025-07-09 08:54:00,12.482566,37.873974,7,2520
2025-07-09 09:04:00,12.482566,37.873974,7,2520
2025-07-09 09:14:00,12.482566,37.873974,7,2520
2025-07-09 09:24:00,12.482566,37.873974,7,2520
2025-07-09 09:34:00,12.482566,37.873974,7,2520
2025-07-09 09:44:00,12.482566,37.873974,7,2520
2025-07-09 09:54:00,12.482566,37.873974,7,2520
2025-07-09 10:04:00,12.482566,37.873974,7,2520
2025-07-09 10:14:00,12.482566,37.873974,7,2520
2025-07-09 10:24:00,12.482566,37.873974,7,2520
2025-07-09 10:34:00,12.482566,37.873974,7,2520
2025-07-09 10:44:00,12.482566,37.873974,7,2520
2025-07-09 10:54:00,12.482566,37.873974,7,2520
2025-07-09 11:04:00,12.482566,37.873974,7,2520
2025-07-09 11:14:00,12.482566,37.873974,7,2520
2025-07-09 11:24:00,12.482566,37.873974,7,2520
2025-07-09 11:34:00,12.482566,37.873974,7,2520
2025-07-09 11:44:00,12.482566,37.873974,7,2520
2025-07-09 11:54:00,12.482566,37.873974,7,2520
2025-07-09 12:04:00,12.482566,37.873974,7,2520
2025-07-09 12:14:00,12.482566,37.873974,7,2520
2025-07-09 12:24:00,12.482566,37.873974,7,2520
2025-07-09 12:34:00,12.482566,37.873974,7,2520
2025-07-09 12:44:00,12.482566,37.873974,7,2520
2025-07-09 12:54:00,12.482566,37.873974,7,2520
2025-07-09 13:04:00,12.482566,37.873974,7,2520
2025-07-09 13:14:00,12.482566,37.873974,7,2520
2025-07-09 13:24:00,12.482566,37.873974,7,2520
2025-07-09 13:34:00,12.482566,37.873974,7,2520
2025-07-09 13:44:00,12.482566,37.873974,7,2520
2025-07-09 13:54:00,12.482566,37.873974,7,2520
2025-07-09 14:04:00,12.482566,37.873974,7,2520
2025-07-09 14:14:00,12.482566,37.873974,7,2520
2025-07-09 14:24:00,12.482566,37.873974,7,2520
2025-07-09 14:34:00,12.482566,37.873974,7,2520
2025-07-09 14:44:00,12.482566,37.873974,7,2520
2025-07-09 14:54:00,12.482566,37.873974,7,2520
2025-07-09 15:04:00,12.482566,37.873974,7,2520
2025-07-09 15:14:00,12.482566,37.873974,7,2520
2025-07-09 15:24:00,12.482566,37.873974,7,2520
2025-07-09 15:34:00,12.482566,37.873974,7,2520
2025-07-09 15:44:00,12.482566,37.873974,7,2520
2025-07-09 15:54:00,12.482566,37.873974,7,2520
2025-07-09 16:04:00,12.482566,37.873974,7,2520
2025-07-09 16:14:00,12.482566,37.873974,7,2520
2025-07-09 16:24:00,12.482566,37.873974,7,2520
2025-07-09 16:34:00,12.482566,37.873974,7,2520
2025-07-09 16:44:00,12.482566,37.873974,7,2520
2025-07-09 16:54:00,12.482566,37.873974,7,2520
2025-07-09 17:04:00,12.482566,37.873974,7,2520
2025-07-09 17:14:00,12.482566,37.873974,7,2520
2025-07-09 17:24:00,12.482566,37.873974,7,2520
2025-07-09 17:34:00,12.482566,37.873974,7,2520
2025-07-09 17:44:00,12.482566,37.873974,7,2520
2025-07-09 17:54:00,12.482566,37.873974,7,2520
2025-07-09 18:04:00,12.482566,37.873974,7,2520
2025-07-09 18:14:00,12.482566,37.873974,7,2520
2025-07-09 18:24:00,12.482566,37.873974,7,2520
2025-07-09 18:34:00,12.482566,37.873974,7,2520
2025-07-09 18:44:00,12.482566,37.873974,7,2520
2025-07-09 18:54:00,12.482566,37.873974,7,2520
2025-07-09 19:04:00,12.482566,37.873974,7,2520
2025-07-09 19:14:00,12.482566,37.873974,7,2520
2025-07-09 19:24:00,12.482566,37.873974,7,2520
2025-07-09 19:34:00,12.482566,37.873974,7,2520
2025-07-09 19:44:00,12.482566,37.873974,7,2520
2025-07-09 19:54:00,12.482566,37.873974,7,2520
2025-07-09 20:04:00,12.482566,37.873974,7,2520
2025-07-09 20:14:00,12.482566,37.873974,7,2520
2025-07-09 20:24:00,12.482566,37.873974,7,2520
2025-07-09 20:34:00,12.482566,37.873974,7,2520
2025-07-09 20:44:00,12.482566,37.873974,7,2520
2025-07-09 20:54:00,12.482566,37.873974,7,2520
2025-07-09 21:04:00,12.482566,37.873974,7,2520
2025-07-09 21:14:00,12.482566,37.873974,7,2520
2025-07-09 21:24:00,12.482566,37.873974,7,2520
2025-07-09 21:34:00,12.482566,37.873974,7,2520
2025-07-09 21:44:00,12.482566,37.873974,7,2520
2025-07-09 21:54:00,12.482566,37.873974,7,2520
2025-07-09 22:04:00,12.482566,37.873974,7,2520
2025-07-09 22:14:00,12.482566,37.873974,7,2520
2025-07-09 22:24:00,12.482566,37.873974,7,2520
2025-07-09 22:34:00,12.482566,37.873974,7,2520
2025-07-09 22:44:00,12.482566,37.873974,7,2520
2025-07-09 22:54:00,12.482566,37.873974,7,2520
2025-07-09 23:04:00,12.482566,37.873974,7,2520
2025-07-09 23:14:00,12.482566,37.873974,7,2520
2025-07-09 23:24:00,12.482566,37.873974,7,2520
2025-07-09 23:34:00,12.482566,37.873974,7,2520
2025-07-09 23:44:00,12.482566,37.873974,7,2520
2025-07-09 23:54:00,12.482566,37.873974,7,2520
2025-07-10 00:04:00,12.482566,37.873974,7,2520
2025-07-08 17:04:00,12.478138,37.87551,7,7520
2025-07-08 17:14:00,12.478902,37.875122,7,7520
2025-07-08 17:24:00,12.4796505,37.8748,7,7520
2025-07-08 17:34:00,12.480387,37.874546,7,7520
2025-07-08 17:44:00,12.481112,37.874325,7,7520
2025-07-08 17:54:00,12.481825,37.874134,7,7520
2025-07-08 18:04:00,12.482523,37.873978,7,7520
2025-07-08 18:14:00,12.482523,37.873978,7,7520
2025-07-08 18:24:00,12.482523,37.873978,7,7520
2025-07-08 18:34:00,12.482523,37.873978,7,7520
2025-07-08 18:44:00,12.482523,37.873978,7,7520
2025-07-08 18:54:00,12.482523,37.873978,7,7520
2025-07-08 19:04:00,12.482523,37.873978,7,7520
2025-07-08 19:14:00,12.482523,37.873978,7,7520
2025-07-08 19:24:00,12.482523,37.873978,7,7520
2025-07-08 19:34:00,12.482523,37.873978,7,7520
2025-07-08 19:44:00,12.482523,37.873978,7,7520
2025-07-08 19:54:00,12.482523,37.873978,7,7520
2025-07-08 20:04:00,12.482523,37.873978,7,7520
2025-07-08 20:14:00,12.482523,37.873978,7,7520
2025-07-08 20:24:00,12.482523,37.873978,7,7520
2025-07-08 20:34:00,12.482523,37.873978,7,7520
2025-07-08 20:44:00,12.482523,37.873978,7,7520
2025-07-08 20:54:00,12.482523,37.873978,7,7520
2025-07-08 21:04:00,12.482523,37.873978,7,7520
2025-07-08 21:14:00,12.482523,37.873978,7,7520
2025-07-08 21:24:00,12.482523,37.873978,7,7520
2025-07-08 21:34:00,12.482523,37.873978,7,7520
2025-07-08 21:44:00,12.482523,37.873978,7,7520
2025-07-08 21:54:00,12.482523,37.873978,7,7520
2025-07-08 22:04:00,12.482523,37.873978,7,7520
2025-07-08 22:14:00,12.482523,37.873978,7,7520
2025-07-08 22:24:00,12.482523,37.873978,7,7520
2025-07-08 22:34:00,12.482523,37.873978,7,7520
2025-07-08 22:44:00,12.482523,37.873978,7,7520
2025-07-08 22:54:00,12.482523,37.873978,7,7520
2025-07-08 23:04:00,12.482523,37.873978,7,7520
2025-07-08 23:14:00,12.482523,37.873978,7,7520
2025-07-08 23:24:00,12.482523,37.873978,7,7520
2025-07-08 23:34:00,12.482523,37.873978,7,7520
2025-07-08 23:44:00,12.482523,37.873978,7,7520
2025-07-08 23:54:00,12.482523,37.873978,7,7520
2025-07-09 00:04:00,12.482523,37.873978,7,7520
2025-07-09 00:14:00,12.482523,37.873978,7,7520
2025-07-09 00:24:00,12.482523,37.873978,7,7520
2025-07-09 00:34:00,12.482523,37.873978,7,7520
2025-07-09 00:44:00,12.482523,37.873978,7,7520
2025-07-09 00:54:00,12.482523,37.873978,7,7520
2025-07-09 01:04:00,12.482523,37.873978,7,7520
2025-07-09 01:14:00,12.482523,37.873978,7,7520
2025-07-09 01:24:00,12.482523,37.873978,7,7520
2025-07-09 01:34:00,12.482523,37.873978,7,7520
2025-07-09 01:44:00,12.482523,37.873978,7,7520
2025-07-09 01:54:00,12.482523,37.873978,7,7520
2025-07-09 02:04:00,12.482523,37.873978,7,7520
2025-07-09 02:14:00,12.482523,37.873978,7,7520
2025-07-09 02:24:00,12.482523,37.873978,7,7520
2025-07-09 02:34:00,12.482523,37.873978,7,7520
2025-07-09 02:44:00,12.482523,37.873978,7,7520
2025-07-09 02:54:00,12.482523,37.873978,7,7520
2025-07-09 03:04:00,12.482523,37.873978,7,7520
2025-07-09 03:14:00,12.482523,37.873978,7,7520
2025-07-09 03:24:00,12.482523,37.873978,7,7520
2025-07-09 03:34:00,12.482523,37.873978,7,7520
2025-07-09 03:44:00,12.482523,37.873978,7,7520
2025-07-09 03:54:00,12.482523,37.873978,7,7520
2025-07-09 04:04:00,12.482523,37.873978,7,7520
2025-07-09 04:14:00,12.482523,37.873978,7,7520
2025-07-09 04:24:00,12.482523,37.873978,7,7520
2025-07-09 04:34:00,12.482523,37.873978,7,7520
2025-07-09 04:44:00,12.482523,37.873978,7,7520
2025-07-09 04:54:00,12.482523,37.873978,7,7520
2025-07-09 05:04:00,12.482523,37.873978,7,7520
2025-07-09 05:14:00,12.482523,37.873978,7,7520
2025-07-09 05:24:00,12.482523,37.873978,7,7520
2025-07-09 05:34:00,12.482523,37.873978,7,7520
2025-07-09 05:44:00,12.482523,37.873978,7,7520
2025-07-09 05:54:00,12.482523,37.873978,7,7520
2025-07-09 06:04:00,12.482523,37.873978,7,7520
2025-07-09 06:14:00,12.482523,37.873978,7,7520
2025-07-09 06:24:00,12.482523,37.873978,7,7520
2025-07-09 06:34:00,12.482523,37.873978,7,7520
2025-07-09 06:44:00,12.482523,37.873978,7,7520
2025-07-09 06:54:00,12.482523,37.873978,7,7520
2025-07-09 07:04:00,12.482523,37.873978,7,7520
2025-07-09 07:14:00,12.482523,37.873978,7,7520
2025-07-09 07:24:00,12.482523,37.873978,7,7520
2025-07-09 07:34:00,12.482523,37.873978,7,7520
2025-07-09 07:44:00,12.482523,37.873978,7,7520
2025-07-09 07:54:00,12.482523,37.873978,7,7520
2025-07-09 08:04:00,12.482523,37.873978,7,7520
2025-07-09 08:14:00,12.482523,37.873978,7,7520
2025-07-09 08:24:00,12.482523,37.873978,7,7520
2025-07-09 08:34:00,12.482523,37.873978,7,7520
2025-07-09 08:44:00,12.482523,37.873978,7,7520
2025-07-09 08:54:00,12.482523,37.873978,7,7520
2025-07-09 09:04:00,12.482523,37.873978,7,7520
2025-07-09 09:14:00,12.482523,37.873978,7,7520
2025-07-09 09:24:00,12.482523,37.873978,7,7520
2025-07-09 09:34:00,12.482523,37.873978,7,7520
2025-07-09 09:44:00,12.482523,37.873978,7,7520
2025-07-09 09:54:00,12.482523,37.873978,7,7520
2025-07-09 10:04:00,12.482523,37.873978,7,7520
2025-07-09 10:14:00,12.482523,37.873978,7,7520
2025-07-09 10:24:00,12.482523,37.873978,7,7520
2025-07-09 10:34:00,12.482523,37.873978,7,7520
2025-07-09 10:44:00,12.482523,37.873978,7,7520
2025-07-09 10:54:00,12.482523,37.873978,7,7520
2025-07-09 11:04:00,12.482523,37.873978,7,7520
2025-07-09 11:14:00,12.482523,37.873978,7,7520
2025-07-09 11:24:00,12.482523,37.873978,7,7520
2025-07-09 11:34:00,12.482523,37.873978,7,7520
2025-07-09 11:44:00,12.482523,37.873978,7,7520
2025-07-09 11:54:00,12.482523,37.873978,7,7520
2025-07-09 12:04:00,12.482523,37.873978,7,7520
2025-07-09 12:14:00,12.482523,37.873978,7,7520
2025-07-09 12:24:00,12.482523,37.873978,7,7520
2025-07-09 12:34:00,12.482523,37.873978,7,7520
2025-07-09 12:44:00,12.482523,37.873978,7,7520
2025-07-09 12:54:00,12.482523,37.873978,7,7520
2025-07-09 13:04:00,12.482523,37.873978,7,7520
2025-07-09 13:14:00,12.482523,37.873978,7,7520
2025-07-09 13:24:00,12.482523,37.873978,7,7520
2025-07-09 13:34:00,12.482523,37.873978,7,7520
2025-07-09 13:44:00,12.482523,37.873978,7,7520
2025-07-09 13:54:00,12.482523,37.873978,7,7520
2025-07-09 14:04:00,12.482523,37.873978,7,7520
2025-07-09 14:14:00,12.482523,37.873978,7,7520
2025-07-09 14:24:00,12.482523,37.873978,7,7520
2025-07-09 14:34:00,12.482523,37.873978,7,7520
2025-07-09 14:44:00,12.482523,37.873978,7,7520
2025-07-09 14:54:00,12.482523,37.873978,7,7520
2025-07-09 15:04:00,12.482523,37.873978,7,7520
2025-07-09 15:14:00,12.482523,37.873978,7,7520
2025-07-09 15:24:00,12.482523,37.873978,7,7520
2025-07-09 15:34:00,12.482523,37.873978,7,7520
2025-07-09 15:44:00,12.482523,37.873978,7,7520
2025-07-09 15:54:00,12.482523,37.873978,7,7520
2025-07-09 16:04:00,12.482523,37.873978,7,7520
2025-07-09 16:14:00,12.482523,37.873978,7,7520
2025-07-09 16:24:00,12.482523,37.873978,7,7520
2025-07-09 16:34:00,12.482523,37.873978,7,7520
2025-07-09 16:44:00,12.482523,37.873978,7,7520
2025-07-09 16:54:00,12.482523,37.873978,7,7520
2025-07-09 17:04:00,12.482523,37.873978,7,7520
2025-07-09 17:14:00,12.482523,37.873978,7,7520
2025-07-09 17:24:00,12.482523,37.873978,7,7520
2025-07-09 17:34:00,12.482523,37.873978,7,7520
2025-07-09 17:44:00,12.482523,37.873978,7,7520
2025-07-09 17:54:00,12.482523,37.873978,7,7520
2025-07-09 18:04:00,12.482523,37.873978,7,7520
2025-07-09 18:14:00,12.482523,37.873978,7,7520
2025-07-09 18:24:00,12.482523,37.873978,7,7520
2025-07-09 18:34:00,12.482523,37.873978,7,7520
2025-07-09 18:44:00,12.482523,37.873978,7,7520
2025-07-09 18:54:00,12.482523,37.873978,7,7520
2025-07-09 19:04:00,12.482523,37.873978,7,7520
2025-07-09 19:14:00,12.482523,37.873978,7,7520
2025-07-09 19:24:00,12.482523,37.873978,7,7520
2025-07-09 19:34:00,12.482523,37.873978,7,7520
2025-07-09 19:44:00,12.482523,37.873978,7,7520
2025-07-09 19:54:00,12.482523,37.873978,7,7520
2025-07-09 20:04:00,12.482523,37.873978,7,7520
2025-07-09 20:14:00,12.482523,37.873978,7,7520
2025-07-09 20:24:00,12.482523,37.873978,7,7520
2025-07-09 20:34:00,12.482523,37.873978,7,7520
2025-07-09 20:44:00,12.482523,37.873978,7,7520
2025-07-09 20:54:00,12.482523,37.873978,7,7520
2025-07-09 21:04:00,12.482523,37.873978,7,7520
2025-07-09 21:14:00,12.482523,37.873978,7,7520
2025-07-09 21:24:00,12.482523,37.873978,7,7520
2025-07-09 21:34:00,12.482523,37.873978,7,7520
2025-07-09 21:44:00,12.482523,37.873978,7,7520
2025-07-09 21:54:00,12.482523,37.873978,7,7520
2025-07-09 22:04:00,12.482523,37.873978,7,7520
2025-07-09 22:14:00,12.482523,37.873978,7,7520
2025-07-09 22:24:00,12.482523,37.873978,7,7520
2025-07-09 22:34:00,12.482523,37.873978,7,7520
2025-07-09 22:44:00,12.482523,37.873978,7,7520
2025-07-09 22:54:00,12.482523,37.873978,7,7520
2025-07-09 23:04:00,12.482523,37.873978,7,7520
2025-07-09 23:14:00,12.482523,37.873978,7,7520
2025-07-09 23:24:00,12.482523,37.873978,7,7520
2025-07-09 23:34:00,12.482523,37.873978,7,7520
2025-07-09 23:44:00,12.482523,37.873978,7,7520
2025-07-09 23:54:00,12.482523,37.873978,7,7520
2025-07-10 00:04:00,12.482523,37.873978,7,7520
2025-07-08 17:04:00,12.478118,37.875523,7,930
2025-07-08 17:14:00,12.478882,37.875134,7,930
2025-07-08 17:24:00,12.47963,37.874813,7,930
2025-07-08 17:34:00,12.480366,37.874554,7,930
2025-07-08 17:44:00,12.481091,37.874336,7,930
2025-07-08 17:54:00,12.481803,37.874146,7,930
2025-07-08 18:04:00,12.482501,37.87399,7,930
2025-07-08 18:14:00,12.482501,37.87399,7,930
2025-07-08 18:24:00,12.482501,37.87399,7,930
2025-07-08 18:34:00,12.482501,37.87399,7,930
2025-07-08 18:44:00,12.482501,37.87399,7,930
2025-07-08 18:54:00,12.482501,37.87399,7,930
2025-07-08 19:04:00,12.482501,37.87399,7,930
2025-07-08 19:14:00,12.482501,37.87399,7,930
2025-07-08 19:24:00,12.482501,37.87399,7,930
2025-07-08 19:34:00,12.482501,37.87399,7,930
2025-07-08 19:44:00,12.482501,37.87399,7,930
2025-07-08 19:54:00,12.482501,37.87399,7,930
2025-07-08 20:04:00,12.482501,37.87399,7,930
2025-07-08 20:14:00,12.482501,37.87399,7,930
2025-07-08 20:24:00,12.482501,37.87399,7,930
2025-07-08 20:34:00,12.482501,37.87399,7,930
2025-07-08 20:44:00,12.482501,37.87399,7,930
2025-07-08 20:54:00,12.482501,37.87399,7,930
2025-07-08 21:04:00,12.482501,37.87399,7,930
2025-07-08 21:14:00,12.482501,37.87399,7,930
2025-07-08 21:24:00,12.482501,37.87399,7,930
2025-07-08 21:34:00,12.482501,37.87399,7,930
2025-07-08 21:44:00,12.482501,37.87399,7,930
2025-07-08 21:54:00,12.482501,37.87399,7,930
2025-07-08 22:04:00,12.482501,37.87399,7,930
2025-07-08 22:14:00,12.482501,37.87399,7,930
2025-07-08 22:24:00,12.482501,37.87399,7,930
2025-07-08 22:34:00,12.482501,37.87399,7,930
2025-07-08 22:44:00,12.482501,37.87399,7,930
2025-07-08 22:54:00,12.482501,37.87399,7,930
2025-07-08 23:04:00,12.482501,37.87399,7,930
2025-07-08 23:14:00,12.482501,37.87399,7,930
2025-07-08 23:24:00,12.482501,37.87399,7,930
2025-07-08 23:34:00,12.482501,37.87399,7,930
2025-07-08 23:44:00,12.482501,37.87399,7,930
2025-07-08 23:54:00,12.482501,37.87399,7,930
2025-07-09 00:04:00,12.482501,37.87399,7,930
2025-07-09 00:14:00,12.482501,37.87399,7,930
2025-07-09 00:24:00,12.482501,37.87399,7,930
2025-07-09 00:34:00,12.482501,37.87399,7,930
2025-07-09 00:44:00,12.482501,37.87399,7,930
2025-07-09 00:54:00,12.482501,37.87399,7,930
2025-07-09 01:04:00,12.482501,37.87399,7,930
2025-07-09 01:14:00,12.482501,37.87399,7,930
2025-07-09 01:24:00,12.482501,37.87399,7,930
2025-07-09 01:34:00,12.482501,37.87399,7,930
2025-07-09 01:44:00,12.482501,37.87399,7,930
2025-07-09 01:54:00,12.482501,37.87399,7,930
2025-07-09 02:04:00,12.482501,37.87399,7,930
2025-07-09 02:14:00,12.482501,37.87399,7,930
2025-07-09 02:24:00,12.482501,37.87399,7,930
2025-07-09 02:34:00,12.482501,37.87399,7,930
2025-07-09 02:44:00,12.482501,37.87399,7,930
2025-07-09 02:54:00,12.482501,37.87399,7,930
2025-07-09 03:04:00,12.482501,37.87399,7,930
2025-07-09 03:14:00,12.482501,37.87399,7,930
2025-07-09 03:24:00,12.482501,37.87399,7,930
2025-07-09 03:34:00,12.482501,37.87399,7,930
2025-07-09 03:44:00,12.482501,37.87399,7,930
2025-07-09 03:54:00,12.482501,37.87399,7,930
2025-07-09 04:04:00,12.482501,37.87399,7,930
2025-07-09 04:14:00,12.482501,37.87399,7,930
2025-07-09 04:24:00,12.482501,37.87399,7,930
2025-07-09 04:34:00,12.482501,37.87399,7,930
2025-07-09 04:44:00,12.482501,37.87399,7,930
2025-07-09 04:54:00,12.482501,37.87399,7,930
2025-07-09 05:04:00,12.482501,37.87399,7,930
2025-07-09 05:14:00,12.482501,37.87399,7,930
2025-07-09 05:24:00,12.482501,37.87399,7,930
2025-07-09 05:34:00,12.482501,37.87399,7,930
2025-07-09 05:44:00,12.482501,37.87399,7,930
2025-07-09 05:54:00,12.482501,37.87399,7,930
2025-07-09 06:04:00,12.482501,37.87399,7,930
2025-07-09 06:14:00,12.482501,37.87399,7,930
2025-07-09 06:24:00,12.482501,37.87399,7,930
2025-07-09 06:34:00,12.482501,37.87399,7,930
2025-07-09 06:44:00,12.482501,37.87399,7,930
2025-07-09 06:54:00,12.482501,37.87399,7,930
2025-07-09 07:04:00,12.482501,37.87399,7,930
2025-07-09 07:14:00,12.482501,37.87399,7,930
2025-07-09 07:24:00,12.482501,37.87399,7,930
2025-07-09 07:34:00,12.482501,37.87399,7,930
2025-07-09 07:44:00,12.482501,37.87399,7,930
2025-07-09 07:54:00,12.482501,37.87399,7,930
2025-07-09 08:04:00,12.482501,37.87399,7,930
2025-07-09 08:14:00,12.482501,37.87399,7,930
2025-07-09 08:24:00,12.482501,37.87399,7,930
2025-07-09 08:34:00,12.482501,37.87399,7,930
2025-07-09 08:44:00,12.482501,37.87399,7,930
2025-07-09 08:54:00,12.482501,37.87399,7,930
2025-07-09 09:04:00,12.482501,37.87399,7,930
2025-07-09 09:14:00,12.482501,37.87399,7,930
2025-07-09 09:24:00,12.482501,37.87399,7,930
2025-07-09 09:34:00,12.482501,37.87399,7,930
2025-07-09 09:44:00,12.482501,37.87399,7,930
2025-07-09 09:54:00,12.482501,37.87399,7,930
2025-07-09 10:04:00,12.482501,37.87399,7,930
2025-07-09 10:14:00,12.482501,37.87399,7,930
2025-07-09 10:24:00,12.482501,37.87399,7,930
2025-07-09 10:34:00,12.482501,37.87399,7,930
2025-07-09 10:44:00,12.482501,37.87399,7,930
2025-07-09 10:54:00,12.482501,37.87399,7,930
2025-07-09 11:04:00,12.482501,37.87399,7,930
2025-07-09 11:14:00,12.482501,37.87399,7,930
2025-07-09 11:24:00,12.482501,37.87399,7,930
2025-07-09 11:34:00,12.482501,37.87399,7,930
2025-07-09 11:44:00,12.482501,37.87399,7,930
2025-07-09 11:54:00,12.482501,37.87399,7,930
2025-07-09 12:04:00,12.482501,37.87399,7,930
2025-07-09 12:14:00,12.482501,37.87399,7,930
2025-07-09 12:24:00,12.482501,37.87399,7,930
2025-07-09 12:34:00,12.482501,37.87399,7,930
2025-07-09 12:44:00,12.482501,37.87399,7,930
2025-07-09 12:54:00,12.482501,37.87399,7,930
2025-07-09 13:04:00,12.482501,37.87399,7,930
2025-07-09 13:14:00,12.482501,37.87399,7,930
2025-07-09 13:24:00,12.482501,37.87399,7,930
2025-07-09 13:34:00,12.482501,37.87399,7,930
2025-07-09 13:44:00,12.482501,37.87399,7,930
2025-07-09 13:54:00,12.482501,37.87399,7,930
2025-07-09 14:04:00,12.482501,37.87399,7,930
2025-07-09 14:14:00,12.482501,37.87399,7,930
2025-07-09 14:24:00,12.482501,37.87399,7,930
2025-07-09 14:34:00,12.482501,37.87399,7,930
2025-07-09 14:44:00,12.482501,37.87399,7,930
2025-07-09 14:54:00,12.482501,37.87399,7,930
2025-07-09 15:04:00,12.482501,37.87399,7,930
2025-07-09 15:14:00,12.482501,37.87399,7,930
2025-07-09 15:24:00,12.482501,37.87399,7,930
2025-07-09 15:34:00,12.482501,37.87399,7,930
2025-07-09 15:44:00,12.482501,37.87399,7,930
2025-07-09 15:54:00,12.482501,37.87399,7,930
2025-07-09 16:04:00,12.482501,37.87399,7,930
2025-07-09 16:14:00,12.482501,37.87399,7,930
2025-07-09 16:24:00,12.482501,37.87399,7,930
2025-07-09 16:34:00,12.482501,37.87399,7,930
2025-07-09 16:44:00,12.482501,37.87399,7,930
2025-07-09 16:54:00,12.482501,37.87399,7,930
2025-07-09 17:04:00,12.482501,37.87399,7,930
2025-07-09 17:14:00,12.482501,37.87399,7,930
2025-07-09 17:24:00,12.482501,37.87399,7,930
2025-07-09 17:34:00,12.482501,37.87399,7,930
2025-07-09 17:44:00,12.482501,37.87399,7,930
2025-07-09 17:54:00,12.482501,37.87399,7,930
2025-07-09 18:04:00,12.482501,37.87399,7,930
2025-07-09 18:14:00,12.482501,37.87399,7,930
2025-07-09 18:24:00,12.482501,37.87399,7,930
2025-07-09 18:34:00,12.482501,37.87399,7,930
2025-07-09 18:44:00,12.482501,37.87399,7,930
2025-07-09 18:54:00,12.482501,37.87399,7,930
2025-07-09 19:04:00,12.482501,37.87399,7,930
2025-07-09 19:14:00,12.482501,37.87399,7,930
2025-07-09 19:24:00,12.482501,37.87399,7,930
2025-07-09 19:34:00,12.482501,37.87399,7,930
2025-07-09 19:44:00,12.482501,37.87399,7,930
2025-07-09 19:54:00,12.482501,37.87399,7,930
2025-07-09 20:04:00,12.482501,37.87399,7,930
2025-07-09 20:14:00,12.482501,37.87399,7,930
2025-07-09 20:24:00,12.482501,37.87399,7,930
2025-07-09 20:34:00,12.482501,37.87399,7,930
2025-07-09 20:44:00,12.482501,37.87399,7,930
2025-07-09 20:54:00,12.482501,37.87399,7,930
2025-07-09 21:04:00,12.482501,37.87399,7,930
2025-07-09 21:14:00,12.482501,37.87399,7,930
2025-07-09 21:24:00,12.482501,37.87399,7,930
2025-07-09 21:34:00,12.482501,37.87399,7,930
2025-07-09 21:44:00,12.482501,37.87399,7,930
2025-07-09 21:54:00,12.482501,37.87399,7,930
2025-07-09 22:04:00,12.482501,37.87399,7,930
2025-07-09 22:14:00,12.482501,37.87399,7,930
2025-07-09 22:24:00,12.482501,37.87399,7,930
2025-07-09 22:34:00,12.482501,37.87399,7,930
2025-07-09 22:44:00,12.482501,37.87399,7,930
2025-07-09 22:54:00,12.482501,37.87399,7,930
2025-07-09 23:04:00,12.482501,37.87399,7,930
2025-07-09 23:14:00,12.482501,37.87399,7,930
2025-07-09 23:24:00,12.482501,37.87399,7,930
2025-07-09 23:34:00,12.482501,37.87399,7,930
2025-07-09 23:44:00,12.482501,37.87399,7,930
2025-07-09 23:54:00,12.482501,37.87399,7,930
2025-07-10 00:04:00,12.482501,37.87399,7,930
2025-07-09 07:44:00,12.45519,37.86956,8,2520
2025-07-09 07:54:00,12.455492,37.868595,8,2520
2025-07-09 08:04:00,12.4558,37.86765,8,2520
2025-07-09 08:14:00,12.456126,37.8667,8,2520
2025-07-09 08:24:00,12.456477,37.865738,8,2520
2025-07-09 08:34:00,12.456858,37.864758,8,2520
2025-07-09 08:44:00,12.457281,37.863754,8,2520
2025-07-09 08:54:00,12.457725,37.862732,8,2520
2025-07-09 09:04:00,12.458127,37.861683,8,2520
2025-07-09 09:14:00,12.458464,37.86062,8,2520
2025-07-09 09:24:00,12.458732,37.859554,8,2520
2025-07-09 09:34:00,12.458968,37.85847,8,2520
2025-07-09 09:44:00,12.459189,37.85736,8,2520
2025-07-09 09:54:00,12.4594,37.85621,8,2520
2025-07-09 10:04:00,12.459599,37.855015,8,2520
2025-07-09 10:14:00,12.459777,37.853794,8,2520
2025-07-09 10:24:00,12.45993,37.85255,8,2520
2025-07-09 10:34:00,12.460051,37.851284,8,2520
2025-07-09 10:44:00,12.460157,37.849907,8,2520
2025-07-09 10:54:00,12.460251,37.8484,8,2520
2025-07-09 11:04:00,12.460345,37.84679,8,2520
2025-07-09 11:14:00,12.460491,37.8452,8,2520
2025-07-09 11:24:00,12.460538,37.843555,8,2520
2025-07-09 11:34:00,12.460538,37.843555,8,2520
2025-07-09 11:44:00,12.460538,37.843555,8,2520
2025-07-09 11:54:00,12.460538,37.843555,8,2520
2025-07-09 12:04:00,12.460538,37.843555,8,2520
2025-07-09 12:14:00,12.460538,37.843555,8,2520
2025-07-09 12:24:00,12.460538,37.843555,8,2520
2025-07-09 12:34:00,12.460538,37.843555,8,2520
2025-07-09 12:44:00,12.460538,37.843555,8,2520
2025-07-09 12:54:00,12.460538,37.843555,8,2520
2025-07-09 13:04:00,12.460538,37.843555,8,2520
2025-07-09 13:14:00,12.460538,37.843555,8,2520
2025-07-09 13:24:00,12.460538,37.843555,8,2520
2025-07-09 13:34:00,12.460538,37.843555,8,2520
2025-07-09 13:44:00,12.460538,37.843555,8,2520
2025-07-09 13:54:00,12.460538,37.843555,8,2520
2025-07-09 14:04:00,12.460538,37.843555,8,2520
2025-07-09 14:14:00,12.460538,37.843555,8,2520
2025-07-09 14:24:00,12.460538,37.843555,8,2520
2025-07-09 14:34:00,12.460538,37.843555,8,2520
2025-07-09 14:44:00,12.460538,37.843555,8,2520
2025-07-09 14:54:00,12.460538,37.843555,8,2520
2025-07-09 15:04:00,12.460538,37.843555,8,2520
2025-07-09 15:14:00,12.460538,37.843555,8,2520
2025-07-09 15:24:00,12.460538,37.843555,8,2520
2025-07-09 15:34:00,12.460538,37.843555,8,2520
2025-07-09 15:44:00,12.460538,37.843555,8,2520
2025-07-09 15:54:00,12.460538,37.843555,8,2520
2025-07-09 16:04:00,12.460538,37.843555,8,2520
2025-07-09 16:14:00,12.460538,37.843555,8,2520
2025-07-09 16:24:00,12.460538,37.843555,8,2520
2025-07-09 16:34:00,12.460538,37.843555,8,2520
2025-07-09 16:44:00,12.460538,37.843555,8,2520
2025-07-09 16:54:00,12.460538,37.843555,8,2520
2025-07-09 17:04:00,12.460538,37.843555,8,2520
2025-07-09 17:14:00,12.460538,37.843555,8,2520
2025-07-09 17:24:00,12.460538,37.843555,8,2520
2025-07-09 17:34:00,12.460538,37.843555,8,2520
2025-07-09 17:44:00,12.460538,37.843555,8,2520
2025-07-09 17:54:00,12.460538,37.843555,8,2520
2025-07-09 18:04:00,12.460538,37.843555,8,2520
2025-07-09 18:14:00,12.460538,37.843555,8,2520
2025-07-09 18:24:00,12.460538,37.843555,8,2520
2025-07-09 18:34:00,12.460538,37.843555,8,2520
2025-07-09 18:44:00,12.460538,37.843555,8,2520
2025-07-09 18:54:00,12.460538,37.843555,8,2520
2025-07-09 19:04:00,12.460538,37.843555,8,2520
2025-07-09 19:14:00,12.460538,37.843555,8,2520
2025-07-09 19:24:00,12.460538,37.843555,8,2520
2025-07-09 19:34:00,12.460538,37.843555,8,2520
2025-07-09 19:44:00,12.460538,37.843555,8,2520
2025-07-09 19:54:00,12.460538,37.843555,8,2520
2025-07-09 20:04:00,12.460538,37.843555,8,2520
2025-07-09 20:14:00,12.460538,37.843555,8,2520
2025-07-09 20:24:00,12.460538,37.843555,8,2520
2025-07-09 20:34:00,12.460538,37.843555,8,2520
2025-07-09 20:44:00,12.460538,37.843555,8,2520
2025-07-09 20:54:00,12.460538,37.843555,8,2520
2025-07-09 21:04:00,12.460538,37.843555,8,2520
2025-07-09 21:14:00,12.460538,37.843555,8,2520
2025-07-09 21:24:00,12.460538,37.843555,8,2520
2025-07-09 21:34:00,12.460538,37.843555,8,2520
2025-07-09 21:44:00,12.460538,37.843555,8,2520
2025-07-09 21:54:00,12.460538,37.843555,8,2520
2025-07-09 22:04:00,12.460538,37.843555,8,2520
2025-07-09 22:14:00,12.460538,37.843555,8,2520
2025-07-09 22:24:00,12.460538,37.843555,8,2520
2025-07-09 22:34:00,12.460538,37.843555,8,2520
2025-07-09 22:44:00,12.460538,37.843555,8,2520
2025-07-09 22:54:00,12.460538,37.843555,8,2520
2025-07-09 23:04:00,12.460538,37.843555,8,2520
2025-07-09 23:14:00,12.460538,37.843555,8,2520
2025-07-09 23:24:00,12.460538,37.843555,8,2520
2025-07-09 23:34:00,12.460538,37.843555,8,2520
2025-07-09 23:44:00,12.460538,37.843555,8,2520
2025-07-09 23:54:00,12.460538,37.843555,8,2520
2025-07-10 00:04:00,12.460538,37.843555,8,2520
2025-07-09 07:44:00,12.45545,37.86926,8,7520
2025-07-09 07:54:00,12.455758,37.868294,8,7520
2025-07-09 08:04:00,12.456072,37.867344,8,7520
2025-07-09 08:14:00,12.456404,37.866394,8,7520
2025-07-09 08:24:00,12.456761,37.86543,8,7520
2025-07-09 08:34:00,12.457154,37.86444,8,7520
2025-07-09 08:44:00,12.457592,37.86343,8,7520
2025-07-09 08:54:00,12.458024,37.8624,8,7520
2025-07-09 09:04:00,12.458403,37.861343,8,7520
2025-07-09 09:14:00,12.458725,37.860287,8,7520
2025-07-09 09:24:00,12.458983,37.85922,8,7520
2025-07-09 09:34:00,12.459219,37.85813,8,7520
2025-07-09 09:44:00,12.459439,37.857014,8,7520
2025-07-09 09:54:00,12.459648,37.855854,8,7520
2025-07-09 10:04:00,12.459838,37.854652,8,7520
2025-07-09 10:14:00,12.460007,37.853424,8,7520
2025-07-09 10:24:00,12.460143,37.85218,8,7520
2025-07-09 10:34:00,12.460247,37.850895,8,7520
2025-07-09 10:44:00,12.460342,37.849483,8,7520
2025-07-09 10:54:00,12.460432,37.84793,8,7520
2025-07-09 11:04:00,12.460546,37.84629,8,7520
2025-07-09 11:14:00,12.460671,37.844635,8,7520
2025-07-09 11:24:00,12.460681,37.843784,8,7520
2025-07-09 11:34:00,12.460681,37.843784,8,7520
2025-07-09 11:44:00,12.460681,37.843784,8,7520
2025-07-09 11:54:00,12.460681,37.843784,8,7520
2025-07-09 12:04:00,12.460681,37.843784,8,7520
2025-07-09 12:14:00,12.460681,37.843784,8,7520
2025-07-09 12:24:00,12.460681,37.843784,8,7520
2025-07-09 12:34:00,12.460681,37.843784,8,7520
2025-07-09 12:44:00,12.460681,37.843784,8,7520
2025-07-09 12:54:00,12.460681,37.843784,8,7520
2025-07-09 13:04:00,12.460681,37.843784,8,7520
2025-07-09 13:14:00,12.460681,37.843784,8,7520
2025-07-09 13:24:00,12.460681,37.843784,8,7520
2025-07-09 13:34:00,12.460681,37.843784,8,7520
2025-07-09 13:44:00,12.460681,37.843784,8,7520
2025-07-09 13:54:00,12.460681,37.843784,8,7520
2025-07-09 14:04:00,12.460681,37.843784,8,7520
2025-07-09 14:14:00,12.460681,37.843784,8,7520
2025-07-09 14:24:00,12.460681,37.843784,8,7520
2025-07-09 14:34:00,12.460681,37.843784,8,7520
2025-07-09 14:44:00,12.460681,37.843784,8,7520
2025-07-09 14:54:00,12.460681,37.843784,8,7520
2025-07-09 15:04:00,12.460681,37.843784,8,7520
2025-07-09 15:14:00,12.460681,37.843784,8,7520
2025-07-09 15:24:00,12.460681,37.843784,8,7520
2025-07-09 15:34:00,12.460681,37.843784,8,7520
2025-07-09 15:44:00,12.460681,37.843784,8,7520
2025-07-09 15:54:00,12.460681,37.843784,8,7520
2025-07-09 16:04:00,12.460681,37.843784,8,7520
2025-07-09 16:14:00,12.460681,37.843784,8,7520
2025-07-09 16:24:00,12.460681,37.843784,8,7520
2025-07-09 16:34:00,12.460681,37.843784,8,7520
2025-07-09 16:44:00,12.460681,37.843784,8,7520
2025-07-09 16:54:00,12.460681,37.843784,8,7520
2025-07-09 17:04:00,12.460681,37.843784,8,7520
2025-07-09 17:14:00,12.460681,37.843784,8,7520
2025-07-09 17:24:00,12.460681,37.843784,8,7520
2025-07-09 17:34:00,12.460681,37.843784,8,7520
2025-07-09 17:44:00,12.460681,37.843784,8,7520
2025-07-09 17:54:00,12.460681,37.843784,8,7520
2025-07-09 18:04:00,12.460681,37.843784,8,7520
2025-07-09 18:14:00,12.46074,37.843662,8,7520
2025-07-09 18:24:00,12.46074,37.843662,8,7520
2025-07-09 18:34:00,12.46074,37.843662,8,7520
2025-07-09 18:44:00,12.46074,37.843662,8,7520
2025-07-09 18:54:00,12.46074,37.843662,8,7520
2025-07-09 19:04:00,12.46074,37.843662,8,7520
2025-07-09 19:14:00,12.46074,37.843662,8,7520
2025-07-09 19:24:00,12.46074,37.843662,8,7520
2025-07-09 19:34:00,12.46074,37.843662,8,7520
2025-07-09 19:44:00,12.46074,37.843662,8,7520
2025-07-09 19:54:00,12.46074,37.843662,8,7520
2025-07-09 20:04:00,12.46074,37.843662,8,7520
2025-07-09 20:14:00,12.46074,37.843662,8,7520
2025-07-09 20:24:00,12.46074,37.843662,8,7520
2025-07-09 20:34:00,12.46074,37.843662,8,7520
2025-07-09 20:44:00,12.46074,37.843662,8,7520
2025-07-09 20:54:00,12.46074,37.843662,8,7520
2025-07-09 21:04:00,12.46074,37.843662,8,7520
2025-07-09 21:14:00,12.46074,37.843662,8,7520
2025-07-09 21:24:00,12.46074,37.843662,8,7520
2025-07-09 21:34:00,12.46074,37.843662,8,7520
2025-07-09 21:44:00,12.46074,37.843662,8,7520
2025-07-09 21:54:00,12.46074,37.843662,8,7520
2025-07-09 22:04:00,12.46074,37.843662,8,7520
2025-07-09 22:14:00,12.46074,37.843662,8,7520
2025-07-09 22:24:00,12.46074,37.843662,8,7520
2025-07-09 22:34:00,12.46074,37.843662,8,7520
2025-07-09 22:44:00,12.46074,37.843662,8,7520
2025-07-09 22:54:00,12.46074,37.843662,8,7520
2025-07-09 23:04:00,12.46074,37.843662,8,7520
2025-07-09 23:14:00,12.46074,37.843662,8,7520
2025-07-09 23:24:00,12.46074,37.843662,8,7520
2025-07-09 23:34:00,12.46074,37.843662,8,7520
2025-07-09 23:44:00,12.46074,37.843662,8,7520
2025-07-09 23:54:00,12.46074,37.843662,8,7520
2025-07-10 00:04:00,12.46074,37.843662,8,7520
2025-07-09 07:44:00,12.45552,37.86909,8,930
2025-07-09 07:54:00,12.455831,37.868126,8,930
2025-07-09 08:04:00,12.456146,37.86718,8,930
2025-07-09 08:14:00,12.456481,37.866226,8,930
2025-07-09 08:24:00,12.456841,37.86526,8,930
2025-07-09 08:34:00,12.45724,37.86427,8,930
2025-07-09 08:44:00,12.457681,37.86326,8,930
2025-07-09 08:54:00,12.458102,37.862225,8,930
2025-07-09 09:04:00,12.458473,37.861168,8,930
2025-07-09 09:14:00,12.458787,37.86011,8,930
2025-07-09 09:24:00,12.459042,37.859043,8,930
2025-07-09 09:34:00,12.459277,37.857956,8,930
2025-07-09 09:44:00,12.459497,37.85683,8,930
2025-07-09 09:54:00,12.459707,37.855667,8,930
2025-07-09 10:04:00,12.459895,37.854465,8,930
2025-07-09 10:14:00,12.460059,37.853233,8,930
2025-07-09 10:24:00,12.460189,37.85199,8,930
2025-07-09 10:34:00,12.46029,37.85069,8,930
2025-07-09 10:44:00,12.460383,37.84926,8,930
2025-07-09 10:54:00,12.460474,37.84768,8,930
2025-07-09 11:04:00,12.460597,37.84603,8,930
2025-07-09 11:14:00,12.460702,37.844357,8,930
2025-07-09 11:24:00,12.460702,37.844357,8,930
2025-07-09 11:34:00,12.460702,37.844357,8,930
2025-07-09 11:44:00,12.460702,37.844357,8,930
2025-07-09 11:54:00,12.460702,37.844357,8,930
2025-07-09 12:04:00,12.460702,37.844357,8,930
2025-07-09 12:14:00,12.460702,37.844357,8,930
2025-07-09 12:24:00,12.460702,37.844357,8,930
2025-07-09 12:34:00,12.460702,37.844357,8,930
2025-07-09 12:44:00,12.460702,37.844357,8,930
2025-07-09 12:54:00,12.460702,37.844357,8,930
2025-07-09 13:04:00,12.460702,37.844357,8,930
2025-07-09 13:14:00,12.460702,37.844357,8,930
2025-07-09 13:24:00,12.460702,37.844357,8,930
2025-07-09 13:34:00,12.460702,37.844357,8,930
2025-07-09 13:44:00,12.460732,37.84365,8,930
2025-07-09 13:54:00,12.460732,37.84365,8,930
2025-07-09 14:04:00,12.460732,37.84365,8,930
2025-07-09 14:14:00,12.460732,37.84365,8,930
2025-07-09 14:24:00,12.460732,37.84365,8,930
2025-07-09 14:34:00,12.460732,37.84365,8,930
2025-07-09 14:44:00,12.460732,37.84365,8,930
2025-07-09 14:54:00,12.460732,37.84365,8,930
2025-07-09 15:04:00,12.460732,37.84365,8,930
2025-07-09 15:14:00,12.460732,37.84365,8,930
2025-07-09 15:24:00,12.460732,37.84365,8,930
2025-07-09 15:34:00,12.460732,37.84365,8,930
2025-07-09 15:44:00,12.460732,37.84365,8,930
2025-07-09 15:54:00,12.460732,37.84365,8,930
2025-07-09 16:04:00,12.460732,37.84365,8,930
2025-07-09 16:14:00,12.460732,37.84365,8,930
2025-07-09 16:24:00,12.460732,37.84365,8,930
2025-07-09 16:34:00,12.460732,37.84365,8,930
2025-07-09 16:44:00,12.460732,37.84365,8,930
2025-07-09 16:54:00,12.460732,37.84365,8,930
2025-07-09 17:04:00,12.460732,37.84365,8,930
2025-07-09 17:14:00,12.460732,37.84365,8,930
2025-07-09 17:24:00,12.460732,37.84365,8,930
2025-07-09 17:34:00,12.460732,37.84365,8,930
2025-07-09 17:44:00,12.460732,37.84365,8,930
2025-07-09 17:54:00,12.460732,37.84365,8,930
2025-07-09 18:04:00,12.460732,37.84365,8,930
2025-07-09 18:14:00,12.460732,37.84365,8,930
2025-07-09 18:24:00,12.460732,37.84365,8,930
2025-07-09 18:34:00,12.460732,37.84365,8,930
2025-07-09 18:44:00,12.460732,37.84365,8,930
2025-07-09 18:54:00,12.460732,37.84365,8,930
2025-07-09 19:04:00,12.460732,37.84365,8,930
2025-07-09 19:14:00,12.460732,37.84365,8,930
2025-07-09 19:24:00,12.460732,37.84365,8,930
2025-07-09 19:34:00,12.460732,37.84365,8,930
2025-07-09 19:44:00,12.460732,37.84365,8,930
2025-07-09 19:54:00,12.460732,37.84365,8,930
2025-07-09 20:04:00,12.460732,37.84365,8,930
2025-07-09 20:14:00,12.460732,37.84365,8,930
2025-07-09 20:24:00,12.460732,37.84365,8,930
2025-07-09 20:34:00,12.460732,37.84365,8,930
2025-07-09 20:44:00,12.460732,37.84365,8,930
2025-07-09 20:54:00,12.460732,37.84365,8,930
2025-07-09 21:04:00,12.460732,37.84365,8,930
2025-07-09 21:14:00,12.460732,37.84365,8,930
2025-07-09 21:24:00,12.460732,37.84365,8,930
2025-07-09 21:34:00,12.460732,37.84365,8,930
2025-07-09 21:44:00,12.460732,37.84365,8,930
2025-07-09 21:54:00,12.460732,37.84365,8,930
2025-07-09 22:04:00,12.460732,37.84365,8,930
2025-07-09 22:14:00,12.460732,37.84365,8,930
2025-07-09 22:24:00,12.460732,37.84365,8,930
2025-07-09 22:34:00,12.460732,37.84365,8,930
2025-07-09 22:44:00,12.460732,37.84365,8,930
2025-07-09 22:54:00,12.460732,37.84365,8,930
2025-07-09 23:04:00,12.460732,37.84365,8,930
2025-07-09 23:14:00,12.460732,37.84365,8,930
2025-07-09 23:24:00,12.460732,37.84365,8,930
2025-07-09 23:34:00,12.460732,37.84365,8,930
2025-07-09 23:44:00,12.460732,37.84365,8,930
2025-07-09 23:54:00,12.460732,37.84365,8,930
2025-07-10 00:04:00,12.460732,37.84365,8,930
2025-07-09 09:04:00,12.4523,37.87978,9,0530cnr
2025-07-09 09:14:00,12.452741,37.878784,9,0530cnr
2025-07-09 09:24:00,12.453151,37.877785,9,0530cnr
2025-07-09 09:34:00,12.453532,37.87677,9,0530cnr
2025-07-09 09:44:00,12.453893,37.87574,9,0530cnr
2025-07-09 09:54:00,12.454245,37.87468,9,0530cnr
2025-07-09 10:04:00,12.45459,37.873577,9,0530cnr
2025-07-09 10:14:00,12.454865,37.872456,9,0530cnr
2025-07-09 10:24:00,12.455067,37.871326,9,0530cnr
2025-07-09 10:34:00,12.455254,37.870197,9,0530cnr
2025-07-09 10:44:00,12.455442,37.86908,9,0530cnr
2025-07-09 10:54:00,12.455647,37.86797,9,0530cnr
2025-07-09 11:04:00,12.455872,37.866863,9,0530cnr
2025-07-09 11:14:00,12.456125,37.865757,9,0530cnr
2025-07-09 11:24:00,12.456409,37.86465,9,0530cnr
2025-07-09 11:34:00,12.456563,37.864094,9,0530cnr
2025-07-09 11:44:00,12.456563,37.864094,9,0530cnr
2025-07-09 11:54:00,12.456563,37.864094,9,0530cnr
2025-07-09 12:04:00,12.456563,37.864094,9,0530cnr
2025-07-09 12:14:00,12.456563,37.864094,9,0530cnr
2025-07-09 12:24:00,12.456563,37.864094,9,0530cnr
2025-07-09 12:34:00,12.456563,37.864094,9,0530cnr
2025-07-09 12:44:00,12.456563,37.864094,9,0530cnr
2025-07-09 12:54:00,12.456563,37.864094,9,0530cnr
2025-07-09 13:04:00,12.456563,37.864094,9,0530cnr
2025-07-09 13:14:00,12.456563,37.864094,9,0530cnr
2025-07-09 13:24:00,12.456563,37.864094,9,0530cnr
2025-07-09 13:34:00,12.456563,37.864094,9,0530cnr
2025-07-09 13:44:00,12.456563,37.864094,9,0530cnr
2025-07-09 13:54:00,12.456563,37.864094,9,0530cnr
2025-07-09 14:04:00,12.456563,37.864094,9,0530cnr
2025-07-09 14:14:00,12.456563,37.864094,9,0530cnr
2025-07-09 14:24:00,12.456563,37.864094,9,0530cnr
2025-07-09 14:34:00,12.456563,37.864094,9,0530cnr
2025-07-09 14:44:00,12.456563,37.864094,9,0530cnr
2025-07-09 14:54:00,12.456563,37.864094,9,0530cnr
2025-07-09 15:04:00,12.456563,37.864094,9,0530cnr
2025-07-09 15:14:00,12.456563,37.864094,9,0530cnr
2025-07-09 15:24:00,12.456563,37.864094,9,0530cnr
2025-07-09 15:34:00,12.456563,37.864094,9,0530cnr
2025-07-09 15:44:00,12.456563,37.864094,9,0530cnr
2025-07-09 15:54:00,12.456563,37.864094,9,0530cnr
2025-07-09 16:04:00,12.456563,37.864094,9,0530cnr
2025-07-09 16:14:00,12.456563,37.864094,9,0530cnr
2025-07-09 16:24:00,12.456563,37.864094,9,0530cnr
2025-07-09 16:34:00,12.456563,37.864094,9,0530cnr
2025-07-09 16:44:00,12.456563,37.864094,9,0530cnr
2025-07-09 16:54:00,12.456563,37.864094,9,0530cnr
2025-07-09 17:04:00,12.456563,37.864094,9,0530cnr
2025-07-09 17:14:00,12.456563,37.864094,9,0530cnr
2025-07-09 17:24:00,12.456563,37.864094,9,0530cnr
2025-07-09 17:34:00,12.456563,37.864094,9,0530cnr
2025-07-09 17:44:00,12.456563,37.864094,9,0530cnr
2025-07-09 17:54:00,12.456563,37.864094,9,0530cnr
2025-07-09 18:04:00,12.456563,37.864094,9,0530cnr
2025-07-09 18:14:00,12.456563,37.864094,9,0530cnr
2025-07-09 18:24:00,12.456563,37.864094,9,0530cnr
2025-07-09 18:34:00,12.456563,37.864094,9,0530cnr
2025-07-09 18:44:00,12.456563,37.864094,9,0530cnr
2025-07-09 18:54:00,12.456563,37.864094,9,0530cnr
2025-07-09 19:04:00,12.456563,37.864094,9,0530cnr
2025-07-09 19:14:00,12.456563,37.864094,9,0530cnr
2025-07-09 19:24:00,12.456563,37.864094,9,0530cnr
2025-07-09 19:34:00,12.456563,37.864094,9,0530cnr
2025-07-09 19:44:00,12.456563,37.864094,9,0530cnr
2025-07-09 19:54:00,12.456563,37.864094,9,0530cnr
2025-07-09 20:04:00,12.456563,37.864094,9,0530cnr
2025-07-09 20:14:00,12.456563,37.864094,9,0530cnr
2025-07-09 20:24:00,12.456563,37.864094,9,0530cnr
2025-07-09 20:34:00,12.456563,37.864094,9,0530cnr
2025-07-09 20:44:00,12.456563,37.864094,9,0530cnr
2025-07-09 20:54:00,12.456563,37.864094,9,0530cnr
2025-07-09 21:04:00,12.456563,37.864094,9,0530cnr
2025-07-09 21:14:00,12.456563,37.864094,9,0530cnr
2025-07-09 21:24:00,12.456563,37.864094,9,0530cnr
2025-07-09 21:34:00,12.456563,37.864094,9,0530cnr
2025-07-09 21:44:00,12.456563,37.864094,9,0530cnr
2025-07-09 21:54:00,12.456563,37.864094,9,0530cnr
2025-07-09 22:04:00,12.456563,37.864094,9,0530cnr
2025-07-09 22:14:00,12.456563,37.864094,9,0530cnr
2025-07-09 22:24:00,12.456563,37.864094,9,0530cnr
2025-07-09 22:34:00,12.456563,37.864094,9,0530cnr
2025-07-09 22:44:00,12.456563,37.864094,9,0530cnr
2025-07-09 22:54:00,12.456563,37.864094,9,0530cnr
2025-07-09 23:04:00,12.456563,37.864094,9,0530cnr
2025-07-09 23:14:00,12.456563,37.864094,9,0530cnr
2025-07-09 23:24:00,12.456563,37.864094,9,0530cnr
2025-07-09 23:34:00,12.456563,37.864094,9,0530cnr
2025-07-09 23:44:00,12.456563,37.864094,9,0530cnr
2025-07-09 23:54:00,12.456641,37.86375,9,0530cnr
2025-07-10 00:04:00,12.456641,37.86375,9,0530cnr
2025-07-09 09:04:00,12.45228,37.87985,9,3500cnr
2025-07-09 09:14:00,12.452722,37.87885,9,3500cnr
2025-07-09 09:24:00,12.453133,37.87785,9,3500cnr
2025-07-09 09:34:00,12.453514,37.87684,9,3500cnr
2025-07-09 09:44:00,12.453876,37.875805,9,3500cnr
2025-07-09 09:54:00,12.4542265,37.87475,9,3500cnr
2025-07-09 10:04:00,12.454571,37.87365,9,3500cnr
2025-07-09 10:14:00,12.454852,37.872528,9,3500cnr
2025-07-09 10:24:00,12.455055,37.871395,9,3500cnr
2025-07-09 10:34:00,12.455241,37.870266,9,3500cnr
2025-07-09 10:44:00,12.455429,37.86915,9,3500cnr
2025-07-09 10:54:00,12.455634,37.86804,9,3500cnr
2025-07-09 11:04:00,12.455855,37.866932,9,3500cnr
2025-07-09 11:14:00,12.456108,37.865826,9,3500cnr
2025-07-09 11:24:00,12.456391,37.86472,9,3500cnr
2025-07-09 11:34:00,12.456545,37.864162,9,3500cnr
2025-07-09 11:44:00,12.456545,37.864162,9,3500cnr
2025-07-09 11:54:00,12.456545,37.864162,9,3500cnr
2025-07-09 12:04:00,12.456545,37.864162,9,3500cnr
2025-07-09 12:14:00,12.456545,37.864162,9,3500cnr
2025-07-09 12:24:00,12.456545,37.864162,9,3500cnr
2025-07-09 12:34:00,12.456545,37.864162,9,3500cnr
2025-07-09 12:44:00,12.456545,37.864162,9,3500cnr
2025-07-09 12:54:00,12.456545,37.864162,9,3500cnr
2025-07-09 13:04:00,12.456545,37.864162,9,3500cnr
2025-07-09 13:14:00,12.456545,37.864162,9,3500cnr
2025-07-09 13:24:00,12.456545,37.864162,9,3500cnr
2025-07-09 13:34:00,12.456545,37.864162,9,3500cnr
2025-07-09 13:44:00,12.456545,37.864162,9,3500cnr
2025-07-09 13:54:00,12.456545,37.864162,9,3500cnr
2025-07-09 14:04:00,12.456545,37.864162,9,3500cnr
2025-07-09 14:14:00,12.456545,37.864162,9,3500cnr
2025-07-09 14:24:00,12.456545,37.864162,9,3500cnr
2025-07-09 14:34:00,12.456545,37.864162,9,3500cnr
2025-07-09 14:44:00,12.456545,37.864162,9,3500cnr
2025-07-09 14:54:00,12.456545,37.864162,9,3500cnr
2025-07-09 15:04:00,12.456545,37.864162,9,3500cnr
2025-07-09 15:14:00,12.456545,37.864162,9,3500cnr
2025-07-09 15:24:00,12.456545,37.864162,9,3500cnr
2025-07-09 15:34:00,12.456545,37.864162,9,3500cnr
2025-07-09 15:44:00,12.456545,37.864162,9,3500cnr
2025-07-09 15:54:00,12.456545,37.864162,9,3500cnr
2025-07-09 16:04:00,12.456545,37.864162,9,3500cnr
2025-07-09 16:14:00,12.456545,37.864162,9,3500cnr
2025-07-09 16:24:00,12.456545,37.864162,9,3500cnr
2025-07-09 16:34:00,12.456545,37.864162,9,3500cnr
2025-07-09 16:44:00,12.456545,37.864162,9,3500cnr
2025-07-09 16:54:00,12.456545,37.864162,9,3500cnr
2025-07-09 17:04:00,12.456545,37.864162,9,3500cnr
2025-07-09 17:14:00,12.456545,37.864162,9,3500cnr
2025-07-09 17:24:00,12.456545,37.864162,9,3500cnr
2025-07-09 17:34:00,12.456545,37.864162,9,3500cnr
2025-07-09 17:44:00,12.456545,37.864162,9,3500cnr
2025-07-09 17:54:00,12.456545,37.864162,9,3500cnr
2025-07-09 18:04:00,12.456409,37.86375,9,3500cnr
2025-07-09 18:14:00,12.456409,37.86375,9,3500cnr
2025-07-09 18:24:00,12.456409,37.86375,9,3500cnr
2025-07-09 18:34:00,12.456409,37.86375,9,3500cnr
2025-07-09 18:44:00,12.456409,37.86375,9,3500cnr
2025-07-09 18:54:00,12.456409,37.86375,9,3500cnr
2025-07-09 19:04:00,12.456409,37.86375,9,3500cnr
2025-07-09 19:14:00,12.456409,37.86375,9,3500cnr
2025-07-09 19:24:00,12.456409,37.86375,9,3500cnr
2025-07-09 19:34:00,12.456409,37.86375,9,3500cnr
2025-07-09 19:44:00,12.456409,37.86375,9,3500cnr
2025-07-09 19:54:00,12.456409,37.86375,9,3500cnr
2025-07-09 20:04:00,12.456409,37.86375,9,3500cnr
2025-07-09 20:14:00,12.456409,37.86375,9,3500cnr
2025-07-09 20:24:00,12.456409,37.86375,9,3500cnr
2025-07-09 20:34:00,12.456409,37.86375,9,3500cnr
2025-07-09 20:44:00,12.456409,37.86375,9,3500cnr
2025-07-09 20:54:00,12.456409,37.86375,9,3500cnr
2025-07-09 21:04:00,12.456409,37.86375,9,3500cnr
2025-07-09 21:14:00,12.456409,37.86375,9,3500cnr
2025-07-09 21:24:00,12.456409,37.86375,9,3500cnr
2025-07-09 21:34:00,12.456409,37.86375,9,3500cnr
2025-07-09 21:44:00,12.456409,37.86375,9,3500cnr
2025-07-09 21:54:00,12.456409,37.86375,9,3500cnr
2025-07-09 22:04:00,12.456409,37.86375,9,3500cnr
2025-07-09 22:14:00,12.456409,37.86375,9,3500cnr
2025-07-09 22:24:00,12.456409,37.86375,9,3500cnr
2025-07-09 22:34:00,12.456409,37.86375,9,3500cnr
2025-07-09 22:44:00,12.456409,37.86375,9,3500cnr
2025-07-09 22:54:00,12.456409,37.86375,9,3500cnr
2025-07-09 23:04:00,12.456409,37.86375,9,3500cnr
2025-07-09 23:14:00,12.456409,37.86375,9,3500cnr
2025-07-09 23:24:00,12.456409,37.86375,9,3500cnr
2025-07-09 23:34:00,12.456409,37.86375,9,3500cnr
2025-07-09 23:44:00,12.456409,37.86375,9,3500cnr
2025-07-09 23:54:00,12.456409,37.86375,9,3500cnr
2025-07-10 00:04:00,12.456409,37.86375,9,3500cnr
2025-07-09 09:14:00,12.44895,37.88977,10,1520
2025-07-09 09:24:00,12.449424,37.888813,10,1520
2025-07-09 09:34:00,12.449872,37.88783,10,1520
2025-07-09 09:44:00,12.450292,37.886803,10,1520
2025-07-09 09:54:00,12.450666,37.885765,10,1520
2025-07-09 10:04:00,12.451017,37.88471,10,1520
2025-07-09 10:14:00,12.451357,37.88362,10,1520
2025-07-09 10:24:00,12.451703,37.882526,10,1520
2025-07-09 10:34:00,12.452073,37.88143,10,1520
2025-07-09 10:44:00,12.45243,37.880333,10,1520
2025-07-09 10:54:00,12.4527645,37.87923,10,1520
2025-07-09 11:04:00,12.453071,37.87813,10,1520
2025-07-09 11:14:00,12.453362,37.87704,10,1520
2025-07-09 11:24:00,12.453668,37.87595,10,1520
2025-07-09 11:34:00,12.453998,37.874855,10,1520
2025-07-09 11:44:00,12.454364,37.873737,10,1520
2025-07-09 11:54:00,12.454702,37.87261,10,1520
2025-07-09 12:04:00,12.4549885,37.87148,10,1520
2025-07-09 12:14:00,12.455267,37.870365,10,1520
2025-07-09 12:24:00,12.45555,37.869267,10,1520
2025-07-09 12:34:00,12.455841,37.868183,10,1520
2025-07-09 12:44:00,12.456136,37.86711,10,1520
2025-07-09 12:54:00,12.456433,37.866035,10,1520
2025-07-09 13:04:00,12.45673,37.864956,10,1520
2025-07-09 13:14:00,12.457005,37.863846,10,1520
2025-07-09 13:24:00,12.4572525,37.862698,10,1520
2025-07-09 13:34:00,12.457467,37.86151,10,1520
2025-07-09 13:44:00,12.457609,37.860294,10,1520
2025-07-09 13:54:00,12.457692,37.859066,10,1520
2025-07-09 14:04:00,12.45775,37.857826,10,1520
2025-07-09 14:14:00,12.4577875,37.85658,10,1520
2025-07-09 14:24:00,12.4577875,37.855335,10,1520
2025-07-09 14:34:00,12.45774,37.854088,10,1520
2025-07-09 14:44:00,12.45764,37.85286,10,1520
2025-07-09 14:54:00,12.45749,37.85165,10,1520
2025-07-09 15:04:00,12.457319,37.850475,10,1520
2025-07-09 15:14:00,12.457183,37.84938,10,1520
2025-07-09 15:24:00,12.457096,37.848373,10,1520
2025-07-09 15:34:00,12.457054,37.847454,10,1520
2025-07-09 15:44:00,12.4570265,37.846577,10,1520
2025-07-09 15:54:00,12.457004,37.84573,10,1520
2025-07-09 16:04:00,12.456991,37.84491,10,1520
2025-07-09 16:14:00,12.457,37.844105,10,1520
2025-07-09 16:24:00,12.457036,37.84331,10,1520
2025-07-09 16:34:00,12.4571,37.842525,10,1520
2025-07-09 16:44:00,12.457178,37.841724,10,1520
2025-07-09 16:54:00,12.457246,37.84092,10,1520
2025-07-09 17:04:00,12.457287,37.840115,10,1520
2025-07-09 17:14:00,12.457297,37.83933,10,1520
2025-07-09 17:24:00,12.457302,37.83854,10,1520
2025-07-09 17:34:00,12.457305,37.83774,10,1520
2025-07-09 17:44:00,12.457291,37.836945,10,1520
2025-07-09 17:54:00,12.457252,37.836166,10,1520
2025-07-09 18:04:00,12.457186,37.8354,10,1520
2025-07-09 18:14:00,12.457104,37.834656,10,1520
2025-07-09 18:24:00,12.457011,37.83394,10,1520
2025-07-09 18:34:00,12.456912,37.833244,10,1520
2025-07-09 18:44:00,12.456808,37.832565,10,1520
2025-07-09 18:54:00,12.456697,37.8319,10,1520
2025-07-09 19:04:00,12.456578,37.83125,10,1520
2025-07-09 19:14:00,12.456465,37.830593,10,1520
2025-07-09 19:24:00,12.456362,37.82993,10,1520
2025-07-09 19:34:00,12.456269,37.829254,10,1520
2025-07-09 19:44:00,12.456186,37.828556,10,1520
2025-07-09 19:54:00,12.45611,37.827843,10,1520
2025-07-09 20:04:00,12.4560375,37.827118,10,1520
2025-07-09 20:14:00,12.455957,37.826393,10,1520
2025-07-09 20:24:00,12.455865,37.825684,10,1520
2025-07-09 20:34:00,12.455761,37.824986,10,1520
2025-07-09 20:44:00,12.455658,37.824295,10,1520
2025-07-09 20:54:00,12.455559,37.823624,10,1520
2025-07-09 21:04:00,12.4554615,37.822956,10,1520
2025-07-09 21:14:00,12.455361,37.822277,10,1520
2025-07-09 21:24:00,12.45526,37.82158,10,1520
2025-07-09 21:34:00,12.455163,37.820877,10,1520
2025-07-09 21:44:00,12.455071,37.820183,10,1520
2025-07-09 21:54:00,12.454988,37.819492,10,1520
2025-07-09 22:04:00,12.454917,37.818798,10,1520
2025-07-09 22:14:00,12.454866,37.818123,10,1520
2025-07-09 22:24:00,12.454836,37.817467,10,1520
2025-07-09 22:34:00,12.454821,37.81682,10,1520
2025-07-09 22:44:00,12.454821,37.816177,10,1520
2025-07-09 22:54:00,12.454821,37.816177,10,1520
2025-07-09 23:04:00,12.454821,37.816177,10,1520
2025-07-09 23:14:00,12.454821,37.816177,10,1520
2025-07-09 23:24:00,12.454821,37.816177,10,1520
2025-07-09 23:34:00,12.454821,37.816177,10,1520
2025-07-09 23:44:00,12.454821,37.816177,10,1520
2025-07-09 23:54:00,12.454821,37.816177,10,1520
2025-07-10 00:04:00,12.454821,37.816177,10,1520
2025-07-09 09:14:00,12.44899,37.88976,10,540
2025-07-09 09:24:00,12.449463,37.8888,10,540
2025-07-09 09:34:00,12.449912,37.887814,10,540
2025-07-09 09:44:00,12.450332,37.886787,10,540
2025-07-09 09:54:00,12.4507065,37.88575,10,540
2025-07-09 10:04:00,12.451057,37.88469,10,540
2025-07-09 10:14:00,12.451397,37.883602,10,540
2025-07-09 10:24:00,12.451743,37.882507,10,540
2025-07-09 10:34:00,12.452114,37.881413,10,540
2025-07-09 10:44:00,12.452471,37.88031,10,540
2025-07-09 10:54:00,12.452806,37.879208,10,540
2025-07-09 11:04:00,12.453113,37.87811,10,540
2025-07-09 11:14:00,12.453404,37.877018,10,540
2025-07-09 11:24:00,12.453711,37.875927,10,540
2025-07-09 11:34:00,12.454041,37.874832,10,540
2025-07-09 11:44:00,12.454406,37.87371,10,540
2025-07-09 11:54:00,12.4547415,37.87258,10,540
2025-07-09 12:04:00,12.455027,37.871452,10,540
2025-07-09 12:14:00,12.455307,37.87034,10,540
2025-07-09 12:24:00,12.45559,37.86924,10,540
2025-07-09 12:34:00,12.455882,37.868153,10,540
2025-07-09 12:44:00,12.456177,37.86708,10,540
2025-07-09 12:54:00,12.456475,37.86601,10,540
2025-07-09 13:04:00,12.456773,37.864925,10,540
2025-07-09 13:14:00,12.457049,37.863815,10,540
2025-07-09 13:24:00,12.457297,37.862663,10,540
2025-07-09 13:34:00,12.457509,37.861473,10,540
2025-07-09 13:44:00,12.457649,37.86026,10,540
2025-07-09 13:54:00,12.457731,37.859028,10,540
2025-07-09 14:04:00,12.457789,37.857788,10,540
2025-07-09 14:14:00,12.457827,37.856544,10,540
2025-07-09 14:24:00,12.457826,37.855297,10,540
2025-07-09 14:34:00,12.457777,37.854053,10,540
2025-07-09 14:44:00,12.457676,37.85282,10,540
2025-07-09 14:54:00,12.457525,37.851612,10,540
2025-07-09 15:04:00,12.4573555,37.85044,10,540
2025-07-09 15:14:00,12.45722,37.849346,10,540
2025-07-09 15:24:00,12.457133,37.84834,10,540
2025-07-09 15:34:00,12.457092,37.84742,10,540
2025-07-09 15:44:00,12.457064,37.846542,10,540
2025-07-09 15:54:00,12.457041,37.845695,10,540
2025-07-09 16:04:00,12.457029,37.844875,10,540
2025-07-09 16:14:00,12.457039,37.844067,10,540
2025-07-09 16:24:00,12.457077,37.843273,10,540
2025-07-09 16:34:00,12.457142,37.842487,10,540
2025-07-09 16:44:00,12.45722,37.841682,10,540
2025-07-09 16:54:00,12.457286,37.840874,10,540
2025-07-09 17:04:00,12.457325,37.840073,10,540
2025-07-09 17:14:00,12.4573345,37.839283,10,540
2025-07-09 17:24:00,12.457339,37.838493,10,540
2025-07-09 17:34:00,12.457344,37.837692,10,540
2025-07-09 17:44:00,12.45733,37.836895,10,540
2025-07-09 17:54:00,12.45729,37.836113,10,540
2025-07-09 18:04:00,12.457225,37.835346,10,540
2025-07-09 18:14:00,12.457143,37.834606,10,540
2025-07-09 18:24:00,12.457049,37.83389,10,540
2025-07-09 18:34:00,12.45695,37.833195,10,540
2025-07-09 18:44:00,12.456846,37.832516,10,540
2025-07-09 18:54:00,12.456736,37.831852,10,540
2025-07-09 19:04:00,12.456617,37.8312,10,540
2025-07-09 19:14:00,12.456503,37.830547,10,540
2025-07-09 19:24:00,12.456401,37.82988,10,540
2025-07-09 19:34:00,12.456308,37.829205,10,540
2025-07-09 19:44:00,12.456225,37.828506,10,540
2025-07-09 19:54:00,12.456149,37.827797,10,540
2025-07-09 20:04:00,12.456079,37.82707,10,540
2025-07-09 20:14:00,12.455998,37.826347,10,540
2025-07-09 20:24:00,12.455907,37.825638,10,540
2025-07-09 20:34:00,12.455805,37.824936,10,540
2025-07-09 20:44:00,12.455703,37.82425,10,540
2025-07-09 20:54:00,12.455605,37.823574,10,540
2025-07-09 21:04:00,12.455507,37.822906,10,540
2025-07-09 21:14:00,12.455409,37.822227,10,540
2025-07-09 21:24:00,12.455308,37.821526,10,540
2025-07-09 21:34:00,12.455211,37.820827,10,540
2025-07-09 21:44:00,12.45512,37.820133,10,540
2025-07-09 21:54:00,12.455037,37.819443,10,540
2025-07-09 22:04:00,12.4549675,37.81875,10,540
2025-07-09 22:14:00,12.454917,37.818073,10,540
2025-07-09 22:24:00,12.454887,37.817417,10,540
2025-07-09 22:34:00,12.454872,37.81677,10,540
2025-07-09 22:44:00,12.454871,37.81613,10,540
2025-07-09 22:54:00,12.454871,37.81613,10,540
2025-07-09 23:04:00,12.454871,37.81613,10,540
2025-07-09 23:14:00,12.454871,37.81613,10,540
2025-07-09 23:24:00,12.454871,37.81613,10,540
2025-07-09 23:34:00,12.454871,37.81613,10,540
2025-07-09 23:44:00,12.454871,37.81613,10,540
2025-07-09 23:54:00,12.454871,37.81613,10,540
2025-07-10 00:04:00,12.454871,37.81613,10,540
2025-07-09 09:24:00,12.449296,37.8892,10,7510
2025-07-09 09:34:00,12.449746,37.88822,10,7510
2025-07-09 09:44:00,12.450174,37.8872,10,7510
2025-07-09 09:54:00,12.450559,37.886166,10,7510
2025-07-09 10:04:00,12.450911,37.885113,10,7510
2025-07-09 10:14:00,12.451251,37.884033,10,7510
2025-07-09 10:24:00,12.451588,37.88294,10,7510
2025-07-09 10:34:00,12.451945,37.881844,10,7510
2025-07-09 10:44:00,12.45231,37.88074,10,7510
2025-07-09 10:54:00,12.45265,37.879635,10,7510
2025-07-09 11:04:00,12.452966,37.878532,10,7510
2025-07-09 11:14:00,12.453263,37.87744,10,7510
2025-07-09 11:24:00,12.453569,37.876354,10,7510
2025-07-09 11:34:00,12.453893,37.875267,10,7510
2025-07-09 11:44:00,12.454252,37.874157,10,7510
2025-07-09 11:54:00,12.454618,37.873028,10,7510
2025-07-09 12:04:00,12.454927,37.871902,10,7510
2025-07-09 12:14:00,12.455205,37.87078,10,7510
2025-07-09 12:24:00,12.455485,37.869675,10,7510
2025-07-09 12:34:00,12.455772,37.868584,10,7510
2025-07-09 12:44:00,12.456064,37.86751,10,7510
2025-07-09 12:54:00,12.456359,37.86644,10,7510
2025-07-09 13:04:00,12.456653,37.86536,10,7510
2025-07-09 13:14:00,12.456923,37.864258,10,7510
2025-07-09 13:24:00,12.457162,37.863113,10,7510
2025-07-09 13:34:00,12.457374,37.861935,10,7510
2025-07-09 13:44:00,12.457531,37.86072,10,7510
2025-07-09 13:54:00,12.457619,37.859493,10,7510
2025-07-09 14:04:00,12.457674,37.858253,10,7510
2025-07-09 14:14:00,12.457713,37.857006,10,7510
2025-07-09 14:24:00,12.457718,37.85576,10,7510
2025-07-09 14:34:00,12.457677,37.854515,10,7510
2025-07-09 14:44:00,12.457582,37.853283,10,7510
2025-07-09 14:54:00,12.457439,37.852074,10,7510
2025-07-09 15:04:00,12.457257,37.8509,10,7510
2025-07-09 15:14:00,12.4571085,37.849796,10,7510
2025-07-09 15:24:00,12.457008,37.848785,10,7510
2025-07-09 15:34:00,12.456957,37.847862,10,7510
2025-07-09 15:44:00,12.456933,37.847,10,7510
2025-07-09 15:54:00,12.456913,37.846165,10,7510
2025-07-09 16:04:00,12.456899,37.845356,10,7510
2025-07-09 16:14:00,12.456902,37.844563,10,7510
2025-07-09 16:24:00,12.456929,37.84379,10,7510
2025-07-09 16:34:00,12.456985,37.84302,10,7510
2025-07-09 16:44:00,12.457059,37.842243,10,7510
2025-07-09 16:54:00,12.457141,37.84145,10,7510
2025-07-09 17:04:00,12.457203,37.840656,10,7510
2025-07-09 17:14:00,12.457225,37.83988,10,7510
2025-07-09 17:24:00,12.457219,37.83912,10,7510
2025-07-09 17:34:00,12.4572115,37.838352,10,7510
2025-07-09 17:44:00,12.457195,37.83757,10,7510
2025-07-09 17:54:00,12.457158,37.8368,10,7510
2025-07-09 18:04:00,12.457095,37.83604,10,7510
2025-07-09 18:14:00,12.457017,37.835297,10,7510
2025-07-09 18:24:00,12.456927,37.834576,10,7510
2025-07-09 18:34:00,12.456827,37.83388,10,7510
2025-07-09 18:44:00,12.456715,37.833202,10,7510
2025-07-09 18:54:00,12.456596,37.83254,10,7510
2025-07-09 19:04:00,12.456471,37.83189,10,7510
2025-07-09 19:14:00,12.456353,37.831234,10,7510
2025-07-09 19:24:00,12.456247,37.83057,10,7510
2025-07-09 19:34:00,12.45615,37.82989,10,7510
2025-07-09 19:44:00,12.456063,37.829197,10,7510
2025-07-09 19:54:00,12.455984,37.82848,10,7510
2025-07-09 20:04:00,12.455909,37.827747,10,7510
2025-07-09 20:14:00,12.455823,37.827023,10,7510
2025-07-09 20:24:00,12.455722,37.826305,10,7510
2025-07-09 20:34:00,12.455609,37.825603,10,7510
2025-07-09 20:44:00,12.455498,37.824917,10,7510
2025-07-09 20:54:00,12.45539,37.824245,10,7510
2025-07-09 21:04:00,12.455287,37.82359,10,7510
2025-07-09 21:14:00,12.455183,37.822918,10,7510
2025-07-09 21:24:00,12.455077,37.822227,10,7510
2025-07-09 21:34:00,12.454972,37.821518,10,7510
2025-07-09 21:44:00,12.454873,37.82081,10,7510
2025-07-09 21:54:00,12.454781,37.820103,10,7510
2025-07-09 22:04:00,12.454699,37.8194,10,7510
2025-07-09 22:14:00,12.454636,37.818718,10,7510
2025-07-09 22:24:00,12.454596,37.818054,10,7510
2025-07-09 22:34:00,12.454576,37.81741,10,7510
2025-07-09 22:44:00,12.454571,37.816776,10,7510
2025-07-09 22:54:00,12.454583,37.816147,10,7510
2025-07-09 23:04:00,12.4545965,37.815838,10,7510
2025-07-09 23:14:00,12.4545965,37.815838,10,7510
2025-07-09 23:24:00,12.4545965,37.815838,10,7510
2025-07-09 23:34:00,12.4545965,37.815838,10,7510
2025-07-09 23:44:00,12.4545965,37.815838,10,7510
2025-07-09 23:54:00,12.4545965,37.815838,10,7510
2025-07-10 00:04:00,12.4545965,37.815838,10,7510
2025-07-09 11:54:00,12.458537,37.872272,11,2520
2025-07-09 12:04:00,12.4588,37.871136,11,2520
2025-07-09 12:14:00,12.459078,37.869995,11,2520
2025-07-09 12:24:00,12.459369,37.868855,11,2520
2025-07-09 12:34:00,12.459681,37.86772,11,2520
2025-07-09 12:44:00,12.460004,37.866592,11,2520
2025-07-09 12:54:00,12.460329,37.865482,11,2520
2025-07-09 13:04:00,12.460669,37.864353,11,2520
2025-07-09 13:14:00,12.460986,37.8632,11,2520
2025-07-09 13:24:00,12.46123,37.86204,11,2520
2025-07-09 13:34:00,12.461399,37.860878,11,2520
2025-07-09 13:44:00,12.461508,37.85971,11,2520
2025-07-09 13:54:00,12.461577,37.85852,11,2520
2025-07-09 14:04:00,12.461615,37.857296,11,2520
2025-07-09 14:14:00,12.461627,37.856026,11,2520
2025-07-09 14:24:00,12.461602,37.854725,11,2520
2025-07-09 14:34:00,12.461518,37.853428,11,2520
2025-07-09 14:44:00,12.461389,37.852173,11,2520
2025-07-09 14:54:00,12.461233,37.850975,11,2520
2025-07-09 15:04:00,12.461082,37.849834,11,2520
2025-07-09 15:14:00,12.460952,37.848774,11,2520
2025-07-09 15:24:00,12.460829,37.847805,11,2520
2025-07-09 15:34:00,12.460719,37.846924,11,2520
2025-07-09 15:44:00,12.460635,37.846115,11,2520
2025-07-09 15:54:00,12.460585,37.845364,11,2520
2025-07-09 16:04:00,12.460591,37.844654,11,2520
2025-07-09 16:14:00,12.460671,37.843975,11,2520
2025-07-09 16:24:00,12.460671,37.843975,11,2520
2025-07-09 16:34:00,12.460762,37.84368,11,2520
2025-07-09 16:44:00,12.460762,37.84368,11,2520
2025-07-09 16:54:00,12.460762,37.84368,11,2520
2025-07-09 17:04:00,12.460762,37.84368,11,2520
2025-07-09 17:14:00,12.460762,37.84368,11,2520
2025-07-09 17:24:00,12.460762,37.84368,11,2520
2025-07-09 17:34:00,12.460762,37.84368,11,2520
2025-07-09 17:44:00,12.460762,37.84368,11,2520
2025-07-09 17:54:00,12.460762,37.84368,11,2520
2025-07-09 18:04:00,12.460762,37.84368,11,2520
2025-07-09 18:14:00,12.460762,37.84368,11,2520
2025-07-09 18:24:00,12.460762,37.84368,11,2520
2025-07-09 18:34:00,12.460762,37.84368,11,2520
2025-07-09 18:44:00,12.460762,37.84368,11,2520
2025-07-09 18:54:00,12.460762,37.84368,11,2520
2025-07-09 19:04:00,12.460762,37.84368,11,2520
2025-07-09 19:14:00,12.460762,37.84368,11,2520
2025-07-09 19:24:00,12.460762,37.84368,11,2520
2025-07-09 19:34:00,12.460762,37.84368,11,2520
2025-07-09 19:44:00,12.460762,37.84368,11,2520
2025-07-09 19:54:00,12.460762,37.84368,11,2520
2025-07-09 20:04:00,12.460762,37.84368,11,2520
2025-07-09 20:14:00,12.460762,37.84368,11,2520
2025-07-09 20:24:00,12.460762,37.84368,11,2520
2025-07-09 20:34:00,12.460762,37.84368,11,2520
2025-07-09 20:44:00,12.460762,37.84368,11,2520
2025-07-09 20:54:00,12.460762,37.84368,11,2520
2025-07-09 21:04:00,12.460762,37.84368,11,2520
2025-07-09 21:14:00,12.460762,37.84368,11,2520
2025-07-09 21:24:00,12.460762,37.84368,11,2520
2025-07-09 21:34:00,12.460762,37.84368,11,2520
2025-07-09 21:44:00,12.460762,37.84368,11,2520
2025-07-09 21:54:00,12.460762,37.84368,11,2520
2025-07-09 22:04:00,12.460762,37.84368,11,2520
2025-07-09 22:14:00,12.460762,37.84368,11,2520
2025-07-09 22:24:00,12.460762,37.84368,11,2520
2025-07-09 22:34:00,12.460762,37.84368,11,2520
2025-07-09 22:44:00,12.460762,37.84368,11,2520
2025-07-09 22:54:00,12.460762,37.84368,11,2520
2025-07-09 23:04:00,12.460762,37.84368,11,2520
2025-07-09 23:14:00,12.460762,37.84368,11,2520
2025-07-09 23:24:00,12.460762,37.84368,11,2520
2025-07-09 23:34:00,12.460762,37.84368,11,2520
2025-07-09 23:44:00,12.460762,37.84368,11,2520
2025-07-09 23:54:00,12.460762,37.84368,11,2520
2025-07-10 00:04:00,12.460762,37.84368,11,2520
2025-07-09 11:54:00,12.458536,37.87208,11,6250
2025-07-09 12:04:00,12.458801,37.87094,11,6250
2025-07-09 12:14:00,12.459082,37.8698,11,6250
2025-07-09 12:24:00,12.459376,37.868664,11,6250
2025-07-09 12:34:00,12.459692,37.86753,11,6250
2025-07-09 12:44:00,12.460017,37.866405,11,6250
2025-07-09 12:54:00,12.460346,37.86529,11,6250
2025-07-09 13:04:00,12.460689,37.864162,11,6250
2025-07-09 13:14:00,12.461006,37.86301,11,6250
2025-07-09 13:24:00,12.461245,37.86185,11,6250
2025-07-09 13:34:00,12.461409,37.860687,11,6250
2025-07-09 13:44:00,12.461515,37.85952,11,6250
2025-07-09 13:54:00,12.461585,37.858326,11,6250
2025-07-09 14:04:00,12.461622,37.857094,11,6250
2025-07-09 14:14:00,12.461633,37.855824,11,6250
2025-07-09 14:24:00,12.461604,37.854523,11,6250
2025-07-09 14:34:00,12.461516,37.853226,11,6250
2025-07-09 14:44:00,12.461384,37.85198,11,6250
2025-07-09 14:54:00,12.46123,37.850784,11,6250
2025-07-09 15:04:00,12.461083,37.849644,11,6250
2025-07-09 15:14:00,12.460952,37.848587,11,6250
2025-07-09 15:24:00,12.460826,37.84762,11,6250
2025-07-09 15:34:00,12.460719,37.84674,11,6250
2025-07-09 15:44:00,12.46064,37.84593,11,6250
2025-07-09 15:54:00,12.460597,37.845173,11,6250
2025-07-09 16:04:00,12.460617,37.844463,11,6250
2025-07-09 16:14:00,12.4607115,37.84378,11,6250
2025-07-09 16:24:00,12.4607115,37.84378,11,6250
2025-07-09 16:34:00,12.4607115,37.84378,11,6250
2025-07-09 16:44:00,12.4607115,37.84378,11,6250
2025-07-09 16:54:00,12.4607115,37.84378,11,6250
2025-07-09 17:04:00,12.4607115,37.84378,11,6250
2025-07-09 17:14:00,12.4607115,37.84378,11,6250
2025-07-09 17:24:00,12.4607115,37.84378,11,6250
2025-07-09 17:34:00,12.4607115,37.84378,11,6250
2025-07-09 17:44:00,12.4607115,37.84378,11,6250
2025-07-09 17:54:00,12.4607115,37.84378,11,6250
2025-07-09 18:04:00,12.4607115,37.84378,11,6250
2025-07-09 18:14:00,12.4607115,37.84378,11,6250
2025-07-09 18:24:00,12.4607115,37.84378,11,6250
2025-07-09 18:34:00,12.460758,37.843678,11,6250
2025-07-09 18:44:00,12.460758,37.843678,11,6250
2025-07-09 18:54:00,12.460758,37.843678,11,6250
2025-07-09 19:04:00,12.460758,37.843678,11,6250
2025-07-09 19:14:00,12.460758,37.843678,11,6250
2025-07-09 19:24:00,12.460758,37.843678,11,6250
2025-07-09 19:34:00,12.460758,37.843678,11,6250
2025-07-09 19:44:00,12.460758,37.843678,11,6250
2025-07-09 19:54:00,12.460758,37.843678,11,6250
2025-07-09 20:04:00,12.460758,37.843678,11,6250
2025-07-09 20:14:00,12.460758,37.843678,11,6250
2025-07-09 20:24:00,12.460758,37.843678,11,6250
2025-07-09 20:34:00,12.460758,37.843678,11,6250
2025-07-09 20:44:00,12.460758,37.843678,11,6250
2025-07-09 20:54:00,12.460758,37.843678,11,6250
2025-07-09 21:04:00,12.460758,37.843678,11,6250
2025-07-09 21:14:00,12.460758,37.843678,11,6250
2025-07-09 21:24:00,12.460758,37.843678,11,6250
2025-07-09 21:34:00,12.460758,37.843678,11,6250
2025-07-09 21:44:00,12.460758,37.843678,11,6250
2025-07-09 21:54:00,12.460758,37.843678,11,6250
2025-07-09 22:04:00,12.460758,37.843678,11,6250
2025-07-09 22:14:00,12.460758,37.843678,11,6250
2025-07-09 22:24:00,12.460758,37.843678,11,6250
2025-07-09 22:34:00,12.460758,37.843678,11,6250
2025-07-09 22:44:00,12.460758,37.843678,11,6250
2025-07-09 22:54:00,12.460758,37.843678,11,6250
2025-07-09 23:04:00,12.460758,37.843678,11,6250
2025-07-09 23:14:00,12.460758,37.843678,11,6250
2025-07-09 23:24:00,12.460758,37.843678,11,6250
2025-07-09 23:34:00,12.460758,37.843678,11,6250
2025-07-09 23:44:00,12.460758,37.843678,11,6250
2025-07-09 23:54:00,12.460758,37.843678,11,6250
2025-07-10 00:04:00,12.460758,37.843678,11,6250
2025-07-09 11:54:00,12.458556,37.872143,11,930
2025-07-09 12:04:00,12.45882,37.871002,11,930
2025-07-09 12:14:00,12.459099,37.869865,11,930
2025-07-09 12:24:00,12.459393,37.868725,11,930
2025-07-09 12:34:00,12.459707,37.86759,11,930
2025-07-09 12:44:00,12.460032,37.866467,11,930
2025-07-09 12:54:00,12.460361,37.865353,11,930
2025-07-09 13:04:00,12.460702,37.864223,11,930
2025-07-09 13:14:00,12.4610195,37.86307,11,930
2025-07-09 13:24:00,12.46126,37.86191,11,930
2025-07-09 13:34:00,12.461426,37.86075,11,930
2025-07-09 13:44:00,12.461533,37.85958,11,930
2025-07-09 13:54:00,12.461602,37.85839,11,930
2025-07-09 14:04:00,12.461639,37.85716,11,930
2025-07-09 14:14:00,12.46165,37.85589,11,930
2025-07-09 14:24:00,12.461622,37.854588,11,930
2025-07-09 14:34:00,12.461536,37.85329,11,930
2025-07-09 14:44:00,12.461405,37.85204,11,930
2025-07-09 14:54:00,12.46125,37.850845,11,930
2025-07-09 15:04:00,12.4611025,37.849705,11,930
2025-07-09 15:14:00,12.460971,37.848644,11,930
2025-07-09 15:24:00,12.460846,37.84768,11,930
2025-07-09 15:34:00,12.460738,37.8468,11,930
2025-07-09 15:44:00,12.460657,37.84599,11,930
2025-07-09 15:54:00,12.460611,37.845238,11,930
2025-07-09 16:04:00,12.460627,37.84453,11,930
2025-07-09 16:14:00,12.460717,37.843853,11,930
2025-07-09 16:24:00,12.460717,37.843853,11,930
2025-07-09 16:34:00,12.460717,37.843853,11,930
2025-07-09 16:44:00,12.460717,37.843853,11,930
2025-07-09 16:54:00,12.460717,37.843853,11,930
2025-07-09 17:04:00,12.460717,37.843853,11,930
2025-07-09 17:14:00,12.460717,37.843853,11,930
2025-07-09 17:24:00,12.460717,37.843853,11,930
2025-07-09 17:34:00,12.460717,37.843853,11,930
2025-07-09 17:44:00,12.460717,37.843853,11,930
2025-07-09 17:54:00,12.460717,37.843853,11,930
2025-07-09 18:04:00,12.460793,37.84372,11,930
2025-07-09 18:14:00,12.460793,37.84372,11,930
2025-07-09 18:24:00,12.460793,37.84372,11,930
2025-07-09 18:34:00,12.460793,37.84372,11,930
2025-07-09 18:44:00,12.460793,37.84372,11,930
2025-07-09 18:54:00,12.460793,37.84372,11,930
2025-07-09 19:04:00,12.460793,37.84372,11,930
2025-07-09 19:14:00,12.460793,37.84372,11,930
2025-07-09 19:24:00,12.460793,37.84372,11,930
2025-07-09 19:34:00,12.460793,37.84372,11,930
2025-07-09 19:44:00,12.460793,37.84372,11,930
2025-07-09 19:54:00,12.460793,37.84372,11,930
2025-07-09 20:04:00,12.460793,37.84372,11,930
2025-07-09 20:14:00,12.460793,37.84372,11,930
2025-07-09 20:24:00,12.460793,37.84372,11,930
2025-07-09 20:34:00,12.460793,37.84372,11,930
2025-07-09 20:44:00,12.460793,37.84372,11,930
2025-07-09 20:54:00,12.460793,37.84372,11,930
2025-07-09 21:04:00,12.460793,37.84372,11,930
2025-07-09 21:14:00,12.460793,37.84372,11,930
2025-07-09 21:24:00,12.460793,37.84372,11,930
2025-07-09 21:34:00,12.460793,37.84372,11,930
2025-07-09 21:44:00,12.460793,37.84372,11,930
2025-07-09 21:54:00,12.460793,37.84372,11,930
2025-07-09 22:04:00,12.460793,37.84372,11,930
2025-07-09 22:14:00,12.460793,37.84372,11,930
2025-07-09 22:24:00,12.460793,37.84372,11,930
2025-07-09 22:34:00,12.460793,37.84372,11,930
2025-07-09 22:44:00,12.460793,37.84372,11,930
2025-07-09 22:54:00,12.460793,37.84372,11,930
2025-07-09 23:04:00,12.460793,37.84372,11,930
2025-07-09 23:14:00,12.460793,37.84372,11,930
2025-07-09 23:24:00,12.460793,37.84372,11,930
2025-07-09 23:34:00,12.460793,37.84372,11,930
2025-07-09 23:44:00,12.460793,37.84372,11,930
2025-07-09 23:54:00,12.460793,37.84372,11,930
2025-07-10 00:04:00,12.460793,37.84372,11,930
2025-07-09 12:04:00,12.47187,37.8744,12,0530cnr
2025-07-09 12:14:00,12.472188,37.87336,12,0530cnr
2025-07-09 12:24:00,12.472562,37.8723,12,0530cnr
2025-07-09 12:34:00,12.472988,37.87121,12,0530cnr
2025-07-09 12:44:00,12.473425,37.870056,12,0530cnr
2025-07-09 12:54:00,12.47385,37.86882,12,0530cnr
2025-07-09 13:04:00,12.474245,37.867523,12,0530cnr
2025-07-09 13:14:00,12.474524,37.866257,12,0530cnr
2025-07-09 13:24:00,12.474664,37.865017,12,0530cnr
2025-07-09 13:34:00,12.474719,37.863766,12,0530cnr
2025-07-09 13:44:00,12.474715,37.862488,12,0530cnr
2025-07-09 13:54:00,12.474715,37.862488,12,0530cnr
2025-07-09 14:04:00,12.474715,37.862488,12,0530cnr
2025-07-09 14:14:00,12.47467,37.86182,12,0530cnr
2025-07-09 14:24:00,12.47467,37.86182,12,0530cnr
2025-07-09 14:34:00,12.47467,37.86182,12,0530cnr
2025-07-09 14:44:00,12.47467,37.86182,12,0530cnr
2025-07-09 14:54:00,12.47467,37.86182,12,0530cnr
2025-07-09 15:04:00,12.47467,37.86182,12,0530cnr
2025-07-09 15:14:00,12.47467,37.86182,12,0530cnr
2025-07-09 15:24:00,12.47467,37.86182,12,0530cnr
2025-07-09 15:34:00,12.47467,37.86182,12,0530cnr
2025-07-09 15:44:00,12.47467,37.86182,12,0530cnr
2025-07-09 15:54:00,12.47467,37.86182,12,0530cnr
2025-07-09 16:04:00,12.47467,37.86182,12,0530cnr
2025-07-09 16:14:00,12.47467,37.86182,12,0530cnr
2025-07-09 16:24:00,12.47467,37.86182,12,0530cnr
2025-07-09 16:34:00,12.47467,37.86182,12,0530cnr
2025-07-09 16:44:00,12.47467,37.86182,12,0530cnr
2025-07-09 16:54:00,12.47467,37.86182,12,0530cnr
2025-07-09 17:04:00,12.47467,37.86182,12,0530cnr
2025-07-09 17:14:00,12.47467,37.86182,12,0530cnr
2025-07-09 17:24:00,12.47467,37.86182,12,0530cnr
2025-07-09 17:34:00,12.47467,37.86182,12,0530cnr
2025-07-09 17:44:00,12.47467,37.86182,12,0530cnr
2025-07-09 17:54:00,12.47467,37.86182,12,0530cnr
2025-07-09 18:04:00,12.47467,37.86182,12,0530cnr
2025-07-09 18:14:00,12.47467,37.86182,12,0530cnr
2025-07-09 18:24:00,12.47467,37.86182,12,0530cnr
2025-07-09 18:34:00,12.47467,37.86182,12,0530cnr
2025-07-09 18:44:00,12.47467,37.86182,12,0530cnr
2025-07-09 18:54:00,12.47467,37.86182,12,0530cnr
2025-07-09 19:04:00,12.47467,37.86182,12,0530cnr
2025-07-09 19:14:00,12.47467,37.86182,12,0530cnr
2025-07-09 19:24:00,12.47467,37.86182,12,0530cnr
2025-07-09 19:34:00,12.47467,37.86182,12,0530cnr
2025-07-09 19:44:00,12.47467,37.86182,12,0530cnr
2025-07-09 19:54:00,12.47467,37.86182,12,0530cnr
2025-07-09 20:04:00,12.47467,37.86182,12,0530cnr
2025-07-09 20:14:00,12.47467,37.86182,12,0530cnr
2025-07-09 20:24:00,12.47467,37.86182,12,0530cnr
2025-07-09 20:34:00,12.47467,37.86182,12,0530cnr
2025-07-09 20:44:00,12.47467,37.86182,12,0530cnr
2025-07-09 20:54:00,12.47467,37.86182,12,0530cnr
2025-07-09 21:04:00,12.47467,37.86182,12,0530cnr
2025-07-09 21:14:00,12.47467,37.86182,12,0530cnr
2025-07-09 21:24:00,12.47467,37.86182,12,0530cnr
2025-07-09 21:34:00,12.47467,37.86182,12,0530cnr
2025-07-09 21:44:00,12.47467,37.86182,12,0530cnr
2025-07-09 21:54:00,12.47467,37.86182,12,0530cnr
2025-07-09 22:04:00,12.47467,37.86182,12,0530cnr
2025-07-09 22:14:00,12.47467,37.86182,12,0530cnr
2025-07-09 22:24:00,12.47467,37.86182,12,0530cnr
2025-07-09 22:34:00,12.47467,37.86182,12,0530cnr
2025-07-09 22:44:00,12.47467,37.86182,12,0530cnr
2025-07-09 22:54:00,12.47467,37.86182,12,0530cnr
2025-07-09 23:04:00,12.47467,37.86182,12,0530cnr
2025-07-09 23:14:00,12.47467,37.86182,12,0530cnr
2025-07-09 23:24:00,12.47467,37.86182,12,0530cnr
2025-07-09 23:34:00,12.47467,37.86182,12,0530cnr
2025-07-09 23:44:00,12.47467,37.86182,12,0530cnr
2025-07-09 23:54:00,12.47467,37.86182,12,0530cnr
2025-07-10 00:04:00,12.47467,37.86182,12,0530cnr
2025-07-09 12:04:00,12.47176,37.87442,12,3500cnr
2025-07-09 12:14:00,12.472075,37.87338,12,3500cnr
2025-07-09 12:24:00,12.47245,37.87232,12,3500cnr
2025-07-09 12:34:00,12.472879,37.871227,12,3500cnr
2025-07-09 12:44:00,12.473319,37.870083,12,3500cnr
2025-07-09 12:54:00,12.473746,37.86886,12,3500cnr
2025-07-09 13:04:00,12.47414,37.86757,12,3500cnr
2025-07-09 13:14:00,12.474423,37.866295,12,3500cnr
2025-07-09 13:24:00,12.4745655,37.865055,12,3500cnr
2025-07-09 13:34:00,12.474623,37.863808,12,3500cnr
2025-07-09 13:44:00,12.474621,37.862534,12,3500cnr
2025-07-09 13:54:00,12.474605,37.86188,12,3500cnr
2025-07-09 14:04:00,12.474605,37.86188,12,3500cnr
2025-07-09 14:14:00,12.474605,37.86188,12,3500cnr
2025-07-09 14:24:00,12.474605,37.86188,12,3500cnr
2025-07-09 14:34:00,12.474605,37.86188,12,3500cnr
2025-07-09 14:44:00,12.474605,37.86188,12,3500cnr
2025-07-09 14:54:00,12.474605,37.86188,12,3500cnr
2025-07-09 15:04:00,12.474605,37.86188,12,3500cnr
2025-07-09 15:14:00,12.474605,37.86188,12,3500cnr
2025-07-09 15:24:00,12.474605,37.86188,12,3500cnr
2025-07-09 15:34:00,12.474605,37.86188,12,3500cnr
2025-07-09 15:44:00,12.474605,37.86188,12,3500cnr
2025-07-09 15:54:00,12.474605,37.86188,12,3500cnr
2025-07-09 16:04:00,12.474605,37.86188,12,3500cnr
2025-07-09 16:14:00,12.474605,37.86188,12,3500cnr
2025-07-09 16:24:00,12.474605,37.86188,12,3500cnr
2025-07-09 16:34:00,12.474605,37.86188,12,3500cnr
2025-07-09 16:44:00,12.474605,37.86188,12,3500cnr
2025-07-09 16:54:00,12.474605,37.86188,12,3500cnr
2025-07-09 17:04:00,12.474605,37.86188,12,3500cnr
2025-07-09 17:14:00,12.474605,37.86188,12,3500cnr
2025-07-09 17:24:00,12.474605,37.86188,12,3500cnr
2025-07-09 17:34:00,12.474605,37.86188,12,3500cnr
2025-07-09 17:44:00,12.474605,37.86188,12,3500cnr
2025-07-09 17:54:00,12.474605,37.86188,12,3500cnr
2025-07-09 18:04:00,12.474605,37.86188,12,3500cnr
2025-07-09 18:14:00,12.474605,37.86188,12,3500cnr
2025-07-09 18:24:00,12.474605,37.86188,12,3500cnr
2025-07-09 18:34:00,12.474605,37.86188,12,3500cnr
2025-07-09 18:44:00,12.474605,37.86188,12,3500cnr
2025-07-09 18:54:00,12.474605,37.86188,12,3500cnr
2025-07-09 19:04:00,12.474605,37.86188,12,3500cnr
2025-07-09 19:14:00,12.474605,37.86188,12,3500cnr
2025-07-09 19:24:00,12.474605,37.86188,12,3500cnr
2025-07-09 19:34:00,12.474605,37.86188,12,3500cnr
2025-07-09 19:44:00,12.474605,37.86188,12,3500cnr
2025-07-09 19:54:00,12.474605,37.86188,12,3500cnr
2025-07-09 20:04:00,12.474605,37.86188,12,3500cnr
2025-07-09 20:14:00,12.474605,37.86188,12,3500cnr
2025-07-09 20:24:00,12.474605,37.86188,12,3500cnr
2025-07-09 20:34:00,12.474605,37.86188,12,3500cnr
2025-07-09 20:44:00,12.474605,37.86188,12,3500cnr
2025-07-09 20:54:00,12.474605,37.86188,12,3500cnr
2025-07-09 21:04:00,12.474605,37.86188,12,3500cnr
2025-07-09 21:14:00,12.474605,37.86188,12,3500cnr
2025-07-09 21:24:00,12.474605,37.86188,12,3500cnr
2025-07-09 21:34:00,12.474605,37.86188,12,3500cnr
2025-07-09 21:44:00,12.474605,37.86188,12,3500cnr
2025-07-09 21:54:00,12.474605,37.86188,12,3500cnr
2025-07-09 22:04:00,12.474605,37.86188,12,3500cnr
2025-07-09 22:14:00,12.474605,37.86188,12,3500cnr
2025-07-09 22:24:00,12.474605,37.86188,12,3500cnr
2025-07-09 22:34:00,12.474605,37.86188,12,3500cnr
2025-07-09 22:44:00,12.474605,37.86188,12,3500cnr
2025-07-09 22:54:00,12.474605,37.86188,12,3500cnr
2025-07-09 23:04:00,12.474605,37.86188,12,3500cnr
2025-07-09 23:14:00,12.474605,37.86188,12,3500cnr
2025-07-09 23:24:00,12.474605,37.86188,12,3500cnr
2025-07-09 23:34:00,12.474605,37.86188,12,3500cnr
2025-07-09 23:44:00,12.474605,37.86188,12,3500cnr
2025-07-09 23:54:00,12.474605,37.86188,12,3500cnr
2025-07-10 00:04:00,12.474605,37.86188,12,3500cnr
2025-07-09 12:04:00,12.47178,37.87426,12,3680cnr
2025-07-09 12:14:00,12.472101,37.87322,12,3680cnr
2025-07-09 12:24:00,12.472487,37.872154,12,3680cnr
2025-07-09 12:34:00,12.472923,37.87106,12,3680cnr
2025-07-09 12:44:00,12.473365,37.869904,12,3680cnr
2025-07-09 12:54:00,12.473786,37.86867,12,3680cnr
2025-07-09 13:04:00,12.474174,37.86738,12,3680cnr
2025-07-09 13:14:00,12.47444,37.866116,12,3680cnr
2025-07-09 13:24:00,12.474571,37.86488,12,3680cnr
2025-07-09 13:34:00,12.474622,37.863632,12,3680cnr
2025-07-09 13:44:00,12.474618,37.862354,12,3680cnr
2025-07-09 13:54:00,12.474618,37.862354,12,3680cnr
2025-07-09 14:04:00,12.474618,37.862354,12,3680cnr
2025-07-09 14:14:00,12.474618,37.862354,12,3680cnr
2025-07-09 14:24:00,12.474618,37.862354,12,3680cnr
2025-07-09 14:34:00,12.474618,37.862354,12,3680cnr
2025-07-09 14:44:00,12.474618,37.862354,12,3680cnr
2025-07-09 14:54:00,12.474618,37.862354,12,3680cnr
2025-07-09 15:04:00,12.474618,37.862354,12,3680cnr
2025-07-09 15:14:00,12.474618,37.862354,12,3680cnr
2025-07-09 15:24:00,12.474618,37.862354,12,3680cnr
2025-07-09 15:34:00,12.474623,37.861774,12,3680cnr
2025-07-09 15:44:00,12.474623,37.861774,12,3680cnr
2025-07-09 15:54:00,12.474623,37.861774,12,3680cnr
2025-07-09 16:04:00,12.474623,37.861774,12,3680cnr
2025-07-09 16:14:00,12.474623,37.861774,12,3680cnr
2025-07-09 16:24:00,12.474623,37.861774,12,3680cnr
2025-07-09 16:34:00,12.474623,37.861774,12,3680cnr
2025-07-09 16:44:00,12.474623,37.861774,12,3680cnr
2025-07-09 16:54:00,12.474623,37.861774,12,3680cnr
2025-07-09 17:04:00,12.474623,37.861774,12,3680cnr
2025-07-09 17:14:00,12.474623,37.861774,12,3680cnr
2025-07-09 17:24:00,12.474623,37.861774,12,3680cnr
2025-07-09 17:34:00,12.474623,37.861774,12,3680cnr
2025-07-09 17:44:00,12.474623,37.861774,12,3680cnr
2025-07-09 17:54:00,12.474623,37.861774,12,3680cnr
2025-07-09 18:04:00,12.474623,37.861774,12,3680cnr
2025-07-09 18:14:00,12.474623,37.861774,12,3680cnr
2025-07-09 18:24:00,12.474623,37.861774,12,3680cnr
2025-07-09 18:34:00,12.474623,37.861774,12,3680cnr
2025-07-09 18:44:00,12.474623,37.861774,12,3680cnr
2025-07-09 18:54:00,12.474623,37.861774,12,3680cnr
2025-07-09 19:04:00,12.474623,37.861774,12,3680cnr
2025-07-09 19:14:00,12.474623,37.861774,12,3680cnr
2025-07-09 19:24:00,12.474623,37.861774,12,3680cnr
2025-07-09 19:34:00,12.474623,37.861774,12,3680cnr
2025-07-09 19:44:00,12.474623,37.861774,12,3680cnr
2025-07-09 19:54:00,12.474623,37.861774,12,3680cnr
2025-07-09 20:04:00,12.474623,37.861774,12,3680cnr
2025-07-09 20:14:00,12.474623,37.861774,12,3680cnr
2025-07-09 20:24:00,12.474623,37.861774,12,3680cnr
2025-07-09 20:34:00,12.474623,37.861774,12,3680cnr
2025-07-09 20:44:00,12.474623,37.861774,12,3680cnr
2025-07-09 20:54:00,12.474623,37.861774,12,3680cnr
2025-07-09 21:04:00,12.474623,37.861774,12,3680cnr
2025-07-09 21:14:00,12.474623,37.861774,12,3680cnr
2025-07-09 21:24:00,12.474623,37.861774,12,3680cnr
2025-07-09 21:34:00,12.474623,37.861774,12,3680cnr
2025-07-09 21:44:00,12.474623,37.861774,12,3680cnr
2025-07-09 21:54:00,12.474623,37.861774,12,3680cnr
2025-07-09 22:04:00,12.474623,37.861774,12,3680cnr
2025-07-09 22:14:00,12.474623,37.861774,12,3680cnr
2025-07-09 22:24:00,12.474623,37.861774,12,3680cnr
2025-07-09 22:34:00,12.474623,37.861774,12,3680cnr
2025-07-09 22:44:00,12.474623,37.861774,12,3680cnr
2025-07-09 22:54:00,12.474623,37.861774,12,3680cnr
2025-07-09 23:04:00,12.474623,37.861774,12,3680cnr
2025-07-09 23:14:00,12.474623,37.861774,12,3680cnr
2025-07-09 23:24:00,12.474623,37.861774,12,3680cnr
2025-07-09 23:34:00,12.474623,37.861774,12,3680cnr
2025-07-09 23:44:00,12.474623,37.861774,12,3680cnr
2025-07-09 23:54:00,12.474623,37.861774,12,3680cnr
2025-07-10 00:04:00,12.474623,37.861774,12,3680cnr
