time,lon,lat,deploy,drifter_id
2025-07-08 07:14:00,12.45476,37.87429,1,0530cnr
2025-07-08 07:24:00,12.4552,37.874584,1,0530cnr
2025-07-08 07:34:00,12.455657,37.874874,1,0530cnr
2025-07-08 07:44:00,12.456129,37.875164,1,0530cnr
2025-07-08 07:54:00,12.456621,37.875465,1,0530cnr
2025-07-08 08:04:00,12.457135,37.875797,1,0530cnr
2025-07-08 08:14:00,12.457663,37.87614,1,0530cnr
2025-07-08 08:24:00,12.458199,37.876488,1,0530cnr
2025-07-08 08:34:00,12.458747,37.87683,1,0530cnr
2025-07-08 08:44:00,12.459307,37.877167,1,0530cnr
2025-07-08 08:54:00,12.45988,37.8775,1,0530cnr
2025-07-08 09:04:00,12.46047,37.877823,1,0530cnr
2025-07-08 09:14:00,12.46047,37.877823,1,0530cnr
2025-07-08 09:24:00,12.46047,37.877823,1,0530cnr
2025-07-08 09:34:00,12.46047,37.877823,1,0530cnr
2025-07-08 09:44:00,12.46047,37.877823,1,0530cnr
2025-07-08 09:54:00,12.46047,37.877823,1,0530cnr
2025-07-08 10:04:00,12.46047,37.877823,1,0530cnr
2025-07-08 10:14:00,12.46047,37.877823,1,0530cnr
2025-07-08 10:24:00,12.46047,37.877823,1,0530cnr
2025-07-08 10:34:00,12.46047,37.877823,1,0530cnr
2025-07-08 10:44:00,12.460848,37.877914,1,0530cnr
2025-07-08 10:54:00,12.460848,37.877914,1,0530cnr
2025-07-08 11:04:00,12.460848,37.877914,1,0530cnr
2025-07-08 11:14:00,12.460848,37.877914,1,0530cnr
2025-07-08 11:24:00,12.460848,37.877914,1,0530cnr
2025-07-08 11:34:00,12.461139,37.877914,1,0530cnr
2025-07-08 11:44:00,12.461687,37.87788,1,0530cnr
2025-07-08 11:54:00,12.462187,37.877804,1,0530cnr
2025-07-08 12:04:00,12.462635,37.877674,1,0530cnr
2025-07-08 12:14:00,12.463085,37.877506,1,0530cnr
2025-07-08 12:24:00,12.463564,37.87732,1,0530cnr
2025-07-08 12:34:00,12.464072,37.877106,1,0530cnr
2025-07-08 12:44:00,12.464614,37.87686,1,0530cnr
2025-07-08 12:54:00,12.465193,37.876583,1,0530cnr
2025-07-08 13:04:00,12.465811,37.876266,1,0530cnr
2025-07-08 13:14:00,12.466476,37.875893,1,0530cnr
2025-07-08 13:24:00,12.467195,37.87546,1,0530cnr
2025-07-08 13:34:00,12.467963,37.874973,1,0530cnr
2025-07-08 13:44:00,12.468786,37.874435,1,0530cnr
2025-07-08 13:54:00,12.469664,37.87384,1,0530cnr
2025-07-08 14:04:00,12.470618,37.8732,1,0530cnr
2025-07-08 14:14:00,12.47164,37.87255,1,0530cnr
2025-07-08 14:24:00,12.47271,37.871883,1,0530cnr
2025-07-08 14:34:00,12.473763,37.871227,1,0530cnr
2025-07-08 14:44:00,12.474781,37.87059,1,0530cnr
2025-07-08 14:54:00,12.475821,37.869987,1,0530cnr
2025-07-08 15:04:00,12.476912,37.869423,1,0530cnr
2025-07-08 15:14:00,12.478038,37.86891,1,0530cnr
2025-07-08 15:24:00,12.4791765,37.868443,1,0530cnr
2025-07-08 15:34:00,12.4791765,37.868443,1,0530cnr
2025-07-08 15:44:00,12.4791765,37.868443,1,0530cnr
2025-07-08 15:54:00,12.4791765,37.868443,1,0530cnr
2025-07-08 16:04:00,12.4791765,37.868443,1,0530cnr
2025-07-08 16:14:00,12.4791765,37.868443,1,0530cnr
2025-07-08 16:24:00,12.4791765,37.868443,1,0530cnr
2025-07-08 16:34:00,12.4791765,37.868443,1,0530cnr
2025-07-08 16:44:00,12.4791765,37.868443,1,0530cnr
2025-07-08 16:54:00,12.4791765,37.868443,1,0530cnr
2025-07-08 17:04:00,12.4791765,37.868443,1,0530cnr
2025-07-08 17:14:00,12.4791765,37.868443,1,0530cnr
2025-07-08 17:24:00,12.4791765,37.868443,1,0530cnr
2025-07-08 17:34:00,12.479647,37.86838,1,0530cnr
2025-07-08 17:44:00,12.479647,37.86838,1,0530cnr
2025-07-08 17:54:00,12.479647,37.86838,1,0530cnr
2025-07-08 18:04:00,12.479647,37.86838,1,0530cnr
2025-07-08 18:14:00,12.479647,37.86838,1,0530cnr
2025-07-08 18:24:00,12.479647,37.86838,1,0530cnr
2025-07-08 18:34:00,12.479647,37.86838,1,0530cnr
2025-07-08 18:44:00,12.479647,37.86838,1,0530cnr
2025-07-08 18:54:00,12.479647,37.86838,1,0530cnr
2025-07-08 19:04:00,12.479647,37.86838,1,0530cnr
2025-07-08 19:14:00,12.479647,37.86838,1,0530cnr
2025-07-08 19:24:00,12.479647,37.86838,1,0530cnr
2025-07-08 19:34:00,12.479647,37.86838,1,0530cnr
2025-07-08 19:44:00,12.479647,37.86838,1,0530cnr
2025-07-08 19:54:00,12.479647,37.86838,1,0530cnr
2025-07-08 20:04:00,12.479647,37.86838,1,0530cnr
2025-07-08 20:14:00,12.479647,37.86838,1,0530cnr
2025-07-08 20:24:00,12.479647,37.86838,1,0530cnr
2025-07-08 20:34:00,12.479647,37.86838,1,0530cnr
2025-07-08 20:44:00,12.479647,37.86838,1,0530cnr
2025-07-08 20:54:00,12.479647,37.86838,1,0530cnr
2025-07-08 21:04:00,12.479647,37.86838,1,0530cnr
2025-07-08 21:14:00,12.479647,37.86838,1,0530cnr
2025-07-08 21:24:00,12.479647,37.86838,1,0530cnr
2025-07-08 21:34:00,12.479647,37.86838,1,0530cnr
2025-07-08 21:44:00,12.479647,37.86838,1,0530cnr
2025-07-08 21:54:00,12.479647,37.86838,1,0530cnr
2025-07-08 22:04:00,12.479647,37.86838,1,0530cnr
2025-07-08 22:14:00,12.479647,37.86838,1,0530cnr
2025-07-08 22:24:00,12.479647,37.86838,1,0530cnr
2025-07-08 22:34:00,12.479647,37.86838,1,0530cnr
2025-07-08 22:44:00,12.479647,37.86838,1,0530cnr
2025-07-08 22:54:00,12.479647,37.86838,1,0530cnr
2025-07-08 23:04:00,12.479647,37.86838,1,0530cnr
2025-07-08 23:14:00,12.479647,37.86838,1,0530cnr
2025-07-08 23:24:00,12.479647,37.86838,1,0530cnr
2025-07-08 23:34:00,12.479647,37.86838,1,0530cnr
2025-07-08 23:44:00,12.479647,37.86838,1,0530cnr
2025-07-08 23:54:00,12.479647,37.86838,1,0530cnr
2025-07-09 00:04:00,12.479647,37.86838,1,0530cnr
2025-07-09 00:14:00,12.479647,37.86838,1,0530cnr
2025-07-09 00:24:00,12.479647,37.86838,1,0530cnr
2025-07-09 00:34:00,12.479647,37.86838,1,0530cnr
2025-07-09 00:44:00,12.479647,37.86838,1,0530cnr
2025-07-09 00:54:00,12.479647,37.86838,1,0530cnr
2025-07-09 01:04:00,12.479647,37.86838,1,0530cnr
2025-07-09 01:14:00,12.479647,37.86838,1,0530cnr
2025-07-09 01:24:00,12.479647,37.86838,1,0530cnr
2025-07-09 01:34:00,12.479647,37.86838,1,0530cnr
2025-07-09 01:44:00,12.479647,37.86838,1,0530cnr
2025-07-09 01:54:00,12.479647,37.86838,1,0530cnr
2025-07-09 02:04:00,12.479647,37.86838,1,0530cnr
2025-07-09 02:14:00,12.479647,37.86838,1,0530cnr
2025-07-09 02:24:00,12.479647,37.86838,1,0530cnr
2025-07-09 02:34:00,12.479647,37.86838,1,0530cnr
2025-07-09 02:44:00,12.479647,37.86838,1,0530cnr
2025-07-09 02:54:00,12.479647,37.86838,1,0530cnr
2025-07-09 03:04:00,12.479647,37.86838,1,0530cnr
2025-07-09 03:14:00,12.479647,37.86838,1,0530cnr
2025-07-09 03:24:00,12.479647,37.86838,1,0530cnr
2025-07-09 03:34:00,12.479647,37.86838,1,0530cnr
2025-07-09 03:44:00,12.479647,37.86838,1,0530cnr
2025-07-09 03:54:00,12.479647,37.86838,1,0530cnr
2025-07-09 04:04:00,12.479647,37.86838,1,0530cnr
2025-07-09 04:14:00,12.479647,37.86838,1,0530cnr
2025-07-09 04:24:00,12.479647,37.86838,1,0530cnr
2025-07-09 04:34:00,12.479647,37.86838,1,0530cnr
2025-07-09 04:44:00,12.479647,37.86838,1,0530cnr
2025-07-09 04:54:00,12.479647,37.86838,1,0530cnr
2025-07-09 05:04:00,12.479647,37.86838,1,0530cnr
2025-07-09 05:14:00,12.479647,37.86838,1,0530cnr
2025-07-09 05:24:00,12.479647,37.86838,1,0530cnr
2025-07-09 05:34:00,12.479647,37.86838,1,0530cnr
2025-07-09 05:44:00,12.479647,37.86838,1,0530cnr
2025-07-09 05:54:00,12.479647,37.86838,1,0530cnr
2025-07-09 06:04:00,12.479647,37.86838,1,0530cnr
2025-07-09 06:14:00,12.479647,37.86838,1,0530cnr
2025-07-09 06:24:00,12.479647,37.86838,1,0530cnr
2025-07-09 06:34:00,12.479647,37.86838,1,0530cnr
2025-07-09 06:44:00,12.479647,37.86838,1,0530cnr
2025-07-09 06:54:00,12.479647,37.86838,1,0530cnr
2025-07-09 07:04:00,12.479647,37.86838,1,0530cnr
2025-07-09 07:14:00,12.479647,37.86838,1,0530cnr
2025-07-09 07:24:00,12.479647,37.86838,1,0530cnr
2025-07-09 07:34:00,12.479647,37.86838,1,0530cnr
2025-07-09 07:44:00,12.479647,37.86838,1,0530cnr
2025-07-09 07:54:00,12.479647,37.86838,1,0530cnr
2025-07-09 08:04:00,12.479647,37.86838,1,0530cnr
2025-07-09 08:14:00,12.479647,37.86838,1,0530cnr
2025-07-09 08:24:00,12.479647,37.86838,1,0530cnr
2025-07-09 08:34:00,12.479647,37.86838,1,0530cnr
2025-07-09 08:44:00,12.479647,37.86838,1,0530cnr
2025-07-09 08:54:00,12.479647,37.86838,1,0530cnr
2025-07-09 09:04:00,12.479647,37.86838,1,0530cnr
2025-07-09 09:14:00,12.479647,37.86838,1,0530cnr
2025-07-09 09:24:00,12.479647,37.86838,1,0530cnr
2025-07-09 09:34:00,12.479647,37.86838,1,0530cnr
2025-07-09 09:44:00,12.479647,37.86838,1,0530cnr
2025-07-09 09:54:00,12.479647,37.86838,1,0530cnr
2025-07-09 10:04:00,12.479647,37.86838,1,0530cnr
2025-07-09 10:14:00,12.479647,37.86838,1,0530cnr
2025-07-09 10:24:00,12.479647,37.86838,1,0530cnr
2025-07-09 10:34:00,12.479647,37.86838,1,0530cnr
2025-07-09 10:44:00,12.479647,37.86838,1,0530cnr
2025-07-09 10:54:00,12.479647,37.86838,1,0530cnr
2025-07-09 11:04:00,12.479647,37.86838,1,0530cnr
2025-07-09 11:14:00,12.479647,37.86838,1,0530cnr
2025-07-09 11:24:00,12.479647,37.86838,1,0530cnr
2025-07-09 11:34:00,12.479647,37.86838,1,0530cnr
2025-07-09 11:44:00,12.479647,37.86838,1,0530cnr
2025-07-09 11:54:00,12.479647,37.86838,1,0530cnr
2025-07-09 12:04:00,12.479647,37.86838,1,0530cnr
2025-07-09 12:14:00,12.479647,37.86838,1,0530cnr
2025-07-09 12:24:00,12.479647,37.86838,1,0530cnr
2025-07-09 12:34:00,12.479647,37.86838,1,0530cnr
2025-07-09 12:44:00,12.479647,37.86838,1,0530cnr
2025-07-09 12:54:00,12.479647,37.86838,1,0530cnr
2025-07-09 13:04:00,12.479647,37.86838,1,0530cnr
2025-07-09 13:14:00,12.479647,37.86838,1,0530cnr
2025-07-09 13:24:00,12.479647,37.86838,1,0530cnr
2025-07-09 13:34:00,12.479647,37.86838,1,0530cnr
2025-07-09 13:44:00,12.479647,37.86838,1,0530cnr
2025-07-09 13:54:00,12.479647,37.86838,1,0530cnr
2025-07-09 14:04:00,12.479647,37.86838,1,0530cnr
2025-07-09 14:14:00,12.479647,37.86838,1,0530cnr
2025-07-09 14:24:00,12.479647,37.86838,1,0530cnr
2025-07-09 14:34:00,12.479647,37.86838,1,0530cnr
2025-07-09 14:44:00,12.479647,37.86838,1,0530cnr
2025-07-09 14:54:00,12.479647,37.86838,1,0530cnr
2025-07-09 15:04:00,12.479647,37.86838,1,0530cnr
2025-07-09 15:14:00,12.479647,37.86838,1,0530cnr
2025-07-09 15:24:00,12.479647,37.86838,1,0530cnr
2025-07-09 15:34:00,12.479647,37.86838,1,0530cnr
2025-07-09 15:44:00,12.479647,37.86838,1,0530cnr
2025-07-09 15:54:00,12.479647,37.86838,1,0530cnr
2025-07-09 16:04:00,12.479647,37.86838,1,0530cnr
2025-07-09 16:14:00,12.479647,37.86838,1,0530cnr
2025-07-09 16:24:00,12.479647,37.86838,1,0530cnr
2025-07-09 16:34:00,12.479647,37.86838,1,0530cnr
2025-07-09 16:44:00,12.479647,37.86838,1,0530cnr
2025-07-09 16:54:00,12.479647,37.86838,1,0530cnr
2025-07-09 17:04:00,12.479647,37.86838,1,0530cnr
2025-07-09 17:14:00,12.479647,37.86838,1,0530cnr
2025-07-09 17:24:00,12.479647,37.86838,1,0530cnr
2025-07-09 17:34:00,12.479647,37.86838,1,0530cnr
2025-07-09 17:44:00,12.479647,37.86838,1,0530cnr
2025-07-09 17:54:00,12.479647,37.86838,1,0530cnr
2025-07-09 18:04:00,12.479647,37.86838,1,0530cnr
2025-07-09 18:14:00,12.479647,37.86838,1,0530cnr
2025-07-09 18:24:00,12.479647,37.86838,1,0530cnr
2025-07-09 18:34:00,12.479647,37.86838,1,0530cnr
2025-07-09 18:44:00,12.479647,37.86838,1,0530cnr
2025-07-09 18:54:00,12.479647,37.86838,1,0530cnr
2025-07-09 19:04:00,12.479647,37.86838,1,0530cnr
2025-07-09 19:14:00,12.479647,37.86838,1,0530cnr
2025-07-09 19:24:00,12.479647,37.86838,1,0530cnr
2025-07-09 19:34:00,12.479647,37.86838,1,0530cnr
2025-07-09 19:44:00,12.479647,37.86838,1,0530cnr
2025-07-09 19:54:00,12.479647,37.86838,1,0530cnr
2025-07-09 20:04:00,12.479647,37.86838,1,0530cnr
2025-07-09 20:14:00,12.479647,37.86838,1,0530cnr
2025-07-09 20:24:00,12.479647,37.86838,1,0530cnr
2025-07-09 20:34:00,12.479647,37.86838,1,0530cnr
2025-07-09 20:44:00,12.479647,37.86838,1,0530cnr
2025-07-09 20:54:00,12.479647,37.86838,1,0530cnr
2025-07-09 21:04:00,12.479647,37.86838,1,0530cnr
2025-07-09 21:14:00,12.479647,37.86838,1,0530cnr
2025-07-09 21:24:00,12.479647,37.86838,1,0530cnr
2025-07-09 21:34:00,12.479647,37.86838,1,0530cnr
2025-07-09 21:44:00,12.479647,37.86838,1,0530cnr
2025-07-09 21:54:00,12.479647,37.86838,1,0530cnr
2025-07-09 22:04:00,12.479647,37.86838,1,0530cnr
2025-07-09 22:14:00,12.479647,37.86838,1,0530cnr
2025-07-09 22:24:00,12.479647,37.86838,1,0530cnr
2025-07-09 22:34:00,12.479647,37.86838,1,0530cnr
2025-07-09 22:44:00,12.479647,37.86838,1,0530cnr
2025-07-09 22:54:00,12.479647,37.86838,1,0530cnr
2025-07-09 23:04:00,12.479647,37.86838,1,0530cnr
2025-07-09 23:14:00,12.479647,37.86838,1,0530cnr
2025-07-09 23:24:00,12.479647,37.86838,1,0530cnr
2025-07-09 23:34:00,12.479647,37.86838,1,0530cnr
2025-07-09 23:44:00,12.479647,37.86838,1,0530cnr
2025-07-09 23:54:00,12.479647,37.86838,1,0530cnr
2025-07-10 00:04:00,12.479647,37.86838,1,0530cnr
2025-07-08 07:14:00,12.45468,37.87425,1,3500cnr
2025-07-08 07:24:00,12.455123,37.874546,1,3500cnr
2025-07-08 07:34:00,12.455582,37.87484,1,3500cnr
2025-07-08 07:44:00,12.456056,37.87513,1,3500cnr
2025-07-08 07:54:00,12.456549,37.87543,1,3500cnr
2025-07-08 08:04:00,12.457063,37.87576,1,3500cnr
2025-07-08 08:14:00,12.45759,37.876102,1,3500cnr
2025-07-08 08:24:00,12.458127,37.876446,1,3500cnr
2025-07-08 08:34:00,12.458674,37.876785,1,3500cnr
2025-07-08 08:44:00,12.459234,37.87712,1,3500cnr
2025-07-08 08:54:00,12.459808,37.87745,1,3500cnr
2025-07-08 09:04:00,12.460397,37.877773,1,3500cnr
2025-07-08 09:14:00,12.460705,37.877934,1,3500cnr
2025-07-08 09:24:00,12.460705,37.877934,1,3500cnr
2025-07-08 09:34:00,12.460705,37.877934,1,3500cnr
2025-07-08 09:44:00,12.460705,37.877934,1,3500cnr
2025-07-08 09:54:00,12.460705,37.877934,1,3500cnr
2025-07-08 10:04:00,12.460705,37.877934,1,3500cnr
2025-07-08 10:14:00,12.460705,37.877934,1,3500cnr
2025-07-08 10:24:00,12.460705,37.877934,1,3500cnr
2025-07-08 10:34:00,12.460705,37.877934,1,3500cnr
2025-07-08 10:44:00,12.460705,37.877934,1,3500cnr
2025-07-08 10:54:00,12.460705,37.877934,1,3500cnr
2025-07-08 11:04:00,12.460705,37.877934,1,3500cnr
2025-07-08 11:14:00,12.460705,37.877934,1,3500cnr
2025-07-08 11:24:00,12.460705,37.877934,1,3500cnr
2025-07-08 11:34:00,12.460705,37.877934,1,3500cnr
2025-07-08 11:44:00,12.460976,37.877903,1,3500cnr
2025-07-08 11:54:00,12.461481,37.87781,1,3500cnr
2025-07-08 12:04:00,12.461938,37.877674,1,3500cnr
2025-07-08 12:14:00,12.4623995,37.8775,1,3500cnr
2025-07-08 12:24:00,12.462888,37.877304,1,3500cnr
2025-07-08 12:34:00,12.463405,37.877083,1,3500cnr
2025-07-08 12:44:00,12.463952,37.87684,1,3500cnr
2025-07-08 12:54:00,12.464536,37.876568,1,3500cnr
2025-07-08 13:04:00,12.4651575,37.876263,1,3500cnr
2025-07-08 13:14:00,12.465828,37.8759,1,3500cnr
2025-07-08 13:24:00,12.466547,37.875477,1,3500cnr
2025-07-08 13:34:00,12.467314,37.875,1,3500cnr
2025-07-08 13:44:00,12.46813,37.87447,1,3500cnr
2025-07-08 13:54:00,12.469002,37.873882,1,3500cnr
2025-07-08 14:04:00,12.469949,37.873245,1,3500cnr
2025-07-08 14:14:00,12.47097,37.872597,1,3500cnr
2025-07-08 14:24:00,12.472041,37.87194,1,3500cnr
2025-07-08 14:34:00,12.473114,37.87128,1,3500cnr
2025-07-08 14:44:00,12.474131,37.870644,1,3500cnr
2025-07-08 14:54:00,12.475144,37.87003,1,3500cnr
2025-07-08 15:04:00,12.476203,37.86945,1,3500cnr
2025-07-08 15:14:00,12.477306,37.868923,1,3500cnr
2025-07-08 15:24:00,12.478441,37.86845,1,3500cnr
2025-07-08 15:34:00,12.479007,37.868225,1,3500cnr
2025-07-08 15:44:00,12.479563,37.868008,1,3500cnr
2025-07-08 15:54:00,12.479563,37.868008,1,3500cnr
2025-07-08 16:04:00,12.479563,37.868008,1,3500cnr
2025-07-08 16:14:00,12.479563,37.868008,1,3500cnr
2025-07-08 16:24:00,12.479563,37.868008,1,3500cnr
2025-07-08 16:34:00,12.479563,37.868008,1,3500cnr
2025-07-08 16:44:00,12.479563,37.868008,1,3500cnr
2025-07-08 16:54:00,12.479563,37.868008,1,3500cnr
2025-07-08 17:04:00,12.479563,37.868008,1,3500cnr
2025-07-08 17:14:00,12.479563,37.868008,1,3500cnr
2025-07-08 17:24:00,12.479563,37.868008,1,3500cnr
2025-07-08 17:34:00,12.479563,37.868008,1,3500cnr
2025-07-08 17:44:00,12.479563,37.868008,1,3500cnr
2025-07-08 17:54:00,12.479563,37.868008,1,3500cnr
2025-07-08 18:04:00,12.479563,37.868008,1,3500cnr
2025-07-08 18:14:00,12.479563,37.868008,1,3500cnr
2025-07-08 18:24:00,12.479563,37.868008,1,3500cnr
2025-07-08 18:34:00,12.479563,37.868008,1,3500cnr
2025-07-08 18:44:00,12.479563,37.868008,1,3500cnr
2025-07-08 18:54:00,12.479563,37.868008,1,3500cnr
2025-07-08 19:04:00,12.479563,37.868008,1,3500cnr
2025-07-08 19:14:00,12.479563,37.868008,1,3500cnr
2025-07-08 19:24:00,12.479563,37.868008,1,3500cnr
2025-07-08 19:34:00,12.479563,37.868008,1,3500cnr
2025-07-08 19:44:00,12.479563,37.868008,1,3500cnr
2025-07-08 19:54:00,12.479563,37.868008,1,3500cnr
2025-07-08 20:04:00,12.479563,37.868008,1,3500cnr
2025-07-08 20:14:00,12.479563,37.868008,1,3500cnr
2025-07-08 20:24:00,12.479563,37.868008,1,3500cnr
2025-07-08 20:34:00,12.479563,37.868008,1,3500cnr
2025-07-08 20:44:00,12.479563,37.868008,1,3500cnr
2025-07-08 20:54:00,12.479563,37.868008,1,3500cnr
2025-07-08 21:04:00,12.479563,37.868008,1,3500cnr
2025-07-08 21:14:00,12.479563,37.868008,1,3500cnr
2025-07-08 21:24:00,12.479563,37.868008,1,3500cnr
2025-07-08 21:34:00,12.479563,37.868008,1,3500cnr
2025-07-08 21:44:00,12.479563,37.868008,1,3500cnr
2025-07-08 21:54:00,12.479563,37.868008,1,3500cnr
2025-07-08 22:04:00,12.479563,37.868008,1,3500cnr
2025-07-08 22:14:00,12.479563,37.868008,1,3500cnr
2025-07-08 22:24:00,12.479563,37.868008,1,3500cnr
2025-07-08 22:34:00,12.479563,37.868008,1,3500cnr
2025-07-08 22:44:00,12.479563,37.868008,1,3500cnr
2025-07-08 22:54:00,12.479563,37.868008,1,3500cnr
2025-07-08 23:04:00,12.479563,37.868008,1,3500cnr
2025-07-08 23:14:00,12.479563,37.868008,1,3500cnr
2025-07-08 23:24:00,12.479563,37.868008,1,3500cnr
2025-07-08 23:34:00,12.479563,37.868008,1,3500cnr
2025-07-08 23:44:00,12.479563,37.868008,1,3500cnr
2025-07-08 23:54:00,12.479563,37.868008,1,3500cnr
2025-07-09 00:04:00,12.479563,37.868008,1,3500cnr
2025-07-09 00:14:00,12.479563,37.868008,1,3500cnr
2025-07-09 00:24:00,12.479563,37.868008,1,3500cnr
2025-07-09 00:34:00,12.479563,37.868008,1,3500cnr
2025-07-09 00:44:00,12.479563,37.868008,1,3500cnr
2025-07-09 00:54:00,12.479563,37.868008,1,3500cnr
2025-07-09 01:04:00,12.479563,37.868008,1,3500cnr
2025-07-09 01:14:00,12.479563,37.868008,1,3500cnr
2025-07-09 01:24:00,12.479563,37.868008,1,3500cnr
2025-07-09 01:34:00,12.479563,37.868008,1,3500cnr
2025-07-09 01:44:00,12.479563,37.868008,1,3500cnr
2025-07-09 01:54:00,12.479563,37.868008,1,3500cnr
2025-07-09 02:04:00,12.479563,37.868008,1,3500cnr
2025-07-09 02:14:00,12.479563,37.868008,1,3500cnr
2025-07-09 02:24:00,12.479563,37.868008,1,3500cnr
2025-07-09 02:34:00,12.479563,37.868008,1,3500cnr
2025-07-09 02:44:00,12.479563,37.868008,1,3500cnr
2025-07-09 02:54:00,12.479563,37.868008,1,3500cnr
2025-07-09 03:04:00,12.479563,37.868008,1,3500cnr
2025-07-09 03:14:00,12.479563,37.868008,1,3500cnr
2025-07-09 03:24:00,12.479563,37.868008,1,3500cnr
2025-07-09 03:34:00,12.479563,37.868008,1,3500cnr
2025-07-09 03:44:00,12.479563,37.868008,1,3500cnr
2025-07-09 03:54:00,12.479563,37.868008,1,3500cnr
2025-07-09 04:04:00,12.479563,37.868008,1,3500cnr
2025-07-09 04:14:00,12.479563,37.868008,1,3500cnr
2025-07-09 04:24:00,12.479563,37.868008,1,3500cnr
2025-07-09 04:34:00,12.479563,37.868008,1,3500cnr
2025-07-09 04:44:00,12.479563,37.868008,1,3500cnr
2025-07-09 04:54:00,12.479563,37.868008,1,3500cnr
2025-07-09 05:04:00,12.479563,37.868008,1,3500cnr
2025-07-09 05:14:00,12.479563,37.868008,1,3500cnr
2025-07-09 05:24:00,12.479563,37.868008,1,3500cnr
2025-07-09 05:34:00,12.479563,37.868008,1,3500cnr
2025-07-09 05:44:00,12.479563,37.868008,1,3500cnr
2025-07-09 05:54:00,12.479563,37.868008,1,3500cnr
2025-07-09 06:04:00,12.479563,37.868008,1,3500cnr
2025-07-09 06:14:00,12.479563,37.868008,1,3500cnr
2025-07-09 06:24:00,12.479563,37.868008,1,3500cnr
2025-07-09 06:34:00,12.479563,37.868008,1,3500cnr
2025-07-09 06:44:00,12.479563,37.868008,1,3500cnr
2025-07-09 06:54:00,12.479563,37.868008,1,3500cnr
2025-07-09 07:04:00,12.479563,37.868008,1,3500cnr
2025-07-09 07:14:00,12.479563,37.868008,1,3500cnr
2025-07-09 07:24:00,12.479563,37.868008,1,3500cnr
2025-07-09 07:34:00,12.479563,37.868008,1,3500cnr
2025-07-09 07:44:00,12.479563,37.868008,1,3500cnr
2025-07-09 07:54:00,12.479563,37.868008,1,3500cnr
2025-07-09 08:04:00,12.479563,37.868008,1,3500cnr
2025-07-09 08:14:00,12.479563,37.868008,1,3500cnr
2025-07-09 08:24:00,12.479563,37.868008,1,3500cnr
2025-07-09 08:34:00,12.479563,37.868008,1,3500cnr
2025-07-09 08:44:00,12.479563,37.868008,1,3500cnr
2025-07-09 08:54:00,12.479563,37.868008,1,3500cnr
2025-07-09 09:04:00,12.479563,37.868008,1,3500cnr
2025-07-09 09:14:00,12.479563,37.868008,1,3500cnr
2025-07-09 09:24:00,12.479563,37.868008,1,3500cnr
2025-07-09 09:34:00,12.479563,37.868008,1,3500cnr
2025-07-09 09:44:00,12.479563,37.868008,1,3500cnr
2025-07-09 09:54:00,12.479563,37.868008,1,3500cnr
2025-07-09 10:04:00,12.479563,37.868008,1,3500cnr
2025-07-09 10:14:00,12.479563,37.868008,1,3500cnr
2025-07-09 10:24:00,12.479563,37.868008,1,3500cnr
2025-07-09 10:34:00,12.479563,37.868008,1,3500cnr
2025-07-09 10:44:00,12.479563,37.868008,1,3500cnr
2025-07-09 10:54:00,12.479563,37.868008,1,3500cnr
2025-07-09 11:04:00,12.479563,37.868008,1,3500cnr
2025-07-09 11:14:00,12.479563,37.868008,1,3500cnr
2025-07-09 11:24:00,12.479563,37.868008,1,3500cnr
2025-07-09 11:34:00,12.479563,37.868008,1,3500cnr
2025-07-09 11:44:00,12.479563,37.868008,1,3500cnr
2025-07-09 11:54:00,12.479563,37.868008,1,3500cnr
2025-07-09 12:04:00,12.479563,37.868008,1,3500cnr
2025-07-09 12:14:00,12.479563,37.868008,1,3500cnr
2025-07-09 12:24:00,12.479563,37.868008,1,3500cnr
2025-07-09 12:34:00,12.479563,37.868008,1,3500cnr
2025-07-09 12:44:00,12.479563,37.868008,1,3500cnr
2025-07-09 12:54:00,12.479563,37.868008,1,3500cnr
2025-07-09 13:04:00,12.479563,37.868008,1,3500cnr
2025-07-09 13:14:00,12.479563,37.868008,1,3500cnr
2025-07-09 13:24:00,12.479563,37.868008,1,3500cnr
2025-07-09 13:34:00,12.479563,37.868008,1,3500cnr
2025-07-09 13:44:00,12.479563,37.868008,1,3500cnr
2025-07-09 13:54:00,12.479563,37.868008,1,3500cnr
2025-07-09 14:04:00,12.479563,37.868008,1,3500cnr
2025-07-09 14:14:00,12.479563,37.868008,1,3500cnr
2025-07-09 14:24:00,12.479563,37.868008,1,3500cnr
2025-07-09 14:34:00,12.479563,37.868008,1,3500cnr
2025-07-09 14:44:00,12.479563,37.868008,1,3500cnr
2025-07-09 14:54:00,12.479563,37.868008,1,3500cnr
2025-07-09 15:04:00,12.479563,37.868008,1,3500cnr
2025-07-09 15:14:00,12.479563,37.868008,1,3500cnr
2025-07-09 15:24:00,12.479563,37.868008,1,3500cnr
2025-07-09 15:34:00,12.479563,37.868008,1,3500cnr
2025-07-09 15:44:00,12.479563,37.868008,1,3500cnr
2025-07-09 15:54:00,12.479563,37.868008,1,3500cnr
2025-07-09 16:04:00,12.479563,37.868008,1,3500cnr
2025-07-09 16:14:00,12.479563,37.868008,1,3500cnr
2025-07-09 16:24:00,12.479563,37.868008,1,3500cnr
2025-07-09 16:34:00,12.479563,37.868008,1,3500cnr
2025-07-09 16:44:00,12.479563,37.868008,1,3500cnr
2025-07-09 16:54:00,12.479563,37.868008,1,3500cnr
2025-07-09 17:04:00,12.479563,37.868008,1,3500cnr
2025-07-09 17:14:00,12.479563,37.868008,1,3500cnr
2025-07-09 17:24:00,12.479563,37.868008,1,3500cnr
2025-07-09 17:34:00,12.479529,37.867573,1,3500cnr
2025-07-09 17:44:00,12.479529,37.867573,1,3500cnr
2025-07-09 17:54:00,12.479529,37.867573,1,3500cnr
2025-07-09 18:04:00,12.479529,37.867573,1,3500cnr
2025-07-09 18:14:00,12.479529,37.867573,1,3500cnr
2025-07-09 18:24:00,12.479529,37.867573,1,3500cnr
2025-07-09 18:34:00,12.479529,37.867573,1,3500cnr
2025-07-09 18:44:00,12.479529,37.867573,1,3500cnr
2025-07-09 18:54:00,12.479529,37.867573,1,3500cnr
2025-07-09 19:04:00,12.479529,37.867573,1,3500cnr
2025-07-09 19:14:00,12.479529,37.867573,1,3500cnr
2025-07-09 19:24:00,12.479529,37.867573,1,3500cnr
2025-07-09 19:34:00,12.479529,37.867573,1,3500cnr
2025-07-09 19:44:00,12.479529,37.867573,1,3500cnr
2025-07-09 19:54:00,12.479529,37.867573,1,3500cnr
2025-07-09 20:04:00,12.479529,37.867573,1,3500cnr
2025-07-09 20:14:00,12.479529,37.867573,1,3500cnr
2025-07-09 20:24:00,12.479529,37.867573,1,3500cnr
2025-07-09 20:34:00,12.479529,37.867573,1,3500cnr
2025-07-09 20:44:00,12.479529,37.867573,1,3500cnr
2025-07-09 20:54:00,12.479529,37.867573,1,3500cnr
2025-07-09 21:04:00,12.479529,37.867573,1,3500cnr
2025-07-09 21:14:00,12.479529,37.867573,1,3500cnr
2025-07-09 21:24:00,12.479529,37.867573,1,3500cnr
2025-07-09 21:34:00,12.479529,37.867573,1,3500cnr
2025-07-09 21:44:00,12.479529,37.867573,1,3500cnr
2025-07-09 21:54:00,12.479529,37.867573,1,3500cnr
2025-07-09 22:04:00,12.479529,37.867573,1,3500cnr
2025-07-09 22:14:00,12.479529,37.867573,1,3500cnr
2025-07-09 22:24:00,12.479529,37.867573,1,3500cnr
2025-07-09 22:34:00,12.479529,37.867573,1,3500cnr
2025-07-09 22:44:00,12.479529,37.867573,1,3500cnr
2025-07-09 22:54:00,12.479529,37.867573,1,3500cnr
2025-07-09 23:04:00,12.479529,37.867573,1,3500cnr
2025-07-09 23:14:00,12.479529,37.867573,1,3500cnr
2025-07-09 23:24:00,12.479529,37.867573,1,3500cnr
2025-07-09 23:34:00,12.479529,37.867573,1,3500cnr
2025-07-09 23:44:00,12.479529,37.867573,1,3500cnr
2025-07-09 23:54:00,12.479529,37.867573,1,3500cnr
2025-07-10 00:04:00,12.479529,37.867573,1,3500cnr
2025-07-08 07:14:00,12.45476,37.87428,1,3680cnr
2025-07-08 07:24:00,12.4552,37.874573,1,3680cnr
2025-07-08 07:34:00,12.455656,37.874863,1,3680cnr
2025-07-08 07:44:00,12.456129,37.875153,1,3680cnr
2025-07-08 07:54:00,12.45662,37.875454,1,3680cnr
2025-07-08 08:04:00,12.457133,37.875786,1,3680cnr
2025-07-08 08:14:00,12.457661,37.87613,1,3680cnr
2025-07-08 08:24:00,12.458197,37.876476,1,3680cnr
2025-07-08 08:34:00,12.458744,37.876816,1,3680cnr
2025-07-08 08:44:00,12.459304,37.87715,1,3680cnr
2025-07-08 08:54:00,12.459877,37.877483,1,3680cnr
2025-07-08 09:04:00,12.460466,37.877808,1,3680cnr
2025-07-08 09:14:00,12.460466,37.877808,1,3680cnr
2025-07-08 09:24:00,12.460466,37.877808,1,3680cnr
2025-07-08 09:34:00,12.460466,37.877808,1,3680cnr
2025-07-08 09:44:00,12.460466,37.877808,1,3680cnr
2025-07-08 09:54:00,12.460466,37.877808,1,3680cnr
2025-07-08 10:04:00,12.460466,37.877808,1,3680cnr
2025-07-08 10:14:00,12.460868,37.877914,1,3680cnr
2025-07-08 10:24:00,12.460868,37.877914,1,3680cnr
2025-07-08 10:34:00,12.460868,37.877914,1,3680cnr
2025-07-08 10:44:00,12.460868,37.877914,1,3680cnr
2025-07-08 10:54:00,12.460868,37.877914,1,3680cnr
2025-07-08 11:04:00,12.460868,37.877914,1,3680cnr
2025-07-08 11:14:00,12.460868,37.877914,1,3680cnr
2025-07-08 11:24:00,12.460868,37.877914,1,3680cnr
2025-07-08 11:34:00,12.461159,37.877914,1,3680cnr
2025-07-08 11:44:00,12.461707,37.877884,1,3680cnr
2025-07-08 11:54:00,12.462207,37.877804,1,3680cnr
2025-07-08 12:04:00,12.462655,37.877674,1,3680cnr
2025-07-08 12:14:00,12.463104,37.87751,1,3680cnr
2025-07-08 12:24:00,12.463583,37.87732,1,3680cnr
2025-07-08 12:34:00,12.464091,37.877106,1,3680cnr
2025-07-08 12:44:00,12.464633,37.876865,1,3680cnr
2025-07-08 12:54:00,12.465211,37.876587,1,3680cnr
2025-07-08 13:04:00,12.465829,37.876266,1,3680cnr
2025-07-08 13:14:00,12.466495,37.875893,1,3680cnr
2025-07-08 13:24:00,12.467213,37.87546,1,3680cnr
2025-07-08 13:34:00,12.467982,37.874973,1,3680cnr
2025-07-08 13:44:00,12.468805,37.874435,1,3680cnr
2025-07-08 13:54:00,12.469683,37.87384,1,3680cnr
2025-07-08 14:04:00,12.470637,37.8732,1,3680cnr
2025-07-08 14:14:00,12.471659,37.87255,1,3680cnr
2025-07-08 14:24:00,12.472729,37.871883,1,3680cnr
2025-07-08 14:34:00,12.473782,37.871227,1,3680cnr
2025-07-08 14:44:00,12.474799,37.87059,1,3680cnr
2025-07-08 14:54:00,12.47584,37.869987,1,3680cnr
2025-07-08 15:04:00,12.476931,37.869423,1,3680cnr
2025-07-08 15:14:00,12.478059,37.86891,1,3680cnr
2025-07-08 15:24:00,12.479197,37.868443,1,3680cnr
2025-07-08 15:34:00,12.479197,37.868443,1,3680cnr
2025-07-08 15:44:00,12.479197,37.868443,1,3680cnr
2025-07-08 15:54:00,12.479197,37.868443,1,3680cnr
2025-07-08 16:04:00,12.479197,37.868443,1,3680cnr
2025-07-08 16:14:00,12.479197,37.868443,1,3680cnr
2025-07-08 16:24:00,12.479197,37.868443,1,3680cnr
2025-07-08 16:34:00,12.479197,37.868443,1,3680cnr
2025-07-08 16:44:00,12.479197,37.868443,1,3680cnr
2025-07-08 16:54:00,12.479197,37.868443,1,3680cnr
2025-07-08 17:04:00,12.479197,37.868443,1,3680cnr
2025-07-08 17:14:00,12.479197,37.868443,1,3680cnr
2025-07-08 17:24:00,12.479197,37.868443,1,3680cnr
2025-07-08 17:34:00,12.479658,37.868393,1,3680cnr
2025-07-08 17:44:00,12.479658,37.868393,1,3680cnr
2025-07-08 17:54:00,12.479658,37.868393,1,3680cnr
2025-07-08 18:04:00,12.479658,37.868393,1,3680cnr
2025-07-08 18:14:00,12.479658,37.868393,1,3680cnr
2025-07-08 18:24:00,12.479658,37.868393,1,3680cnr
2025-07-08 18:34:00,12.479658,37.868393,1,3680cnr
2025-07-08 18:44:00,12.479658,37.868393,1,3680cnr
2025-07-08 18:54:00,12.479658,37.868393,1,3680cnr
2025-07-08 19:04:00,12.479658,37.868393,1,3680cnr
2025-07-08 19:14:00,12.479658,37.868393,1,3680cnr
2025-07-08 19:24:00,12.479658,37.868393,1,3680cnr
2025-07-08 19:34:00,12.479658,37.868393,1,3680cnr
2025-07-08 19:44:00,12.479658,37.868393,1,3680cnr
2025-07-08 19:54:00,12.479658,37.868393,1,3680cnr
2025-07-08 20:04:00,12.479658,37.868393,1,3680cnr
2025-07-08 20:14:00,12.479658,37.868393,1,3680cnr
2025-07-08 20:24:00,12.479658,37.868393,1,3680cnr
2025-07-08 20:34:00,12.479658,37.868393,1,3680cnr
2025-07-08 20:44:00,12.479658,37.868393,1,3680cnr
2025-07-08 20:54:00,12.479658,37.868393,1,3680cnr
2025-07-08 21:04:00,12.479658,37.868393,1,3680cnr
2025-07-08 21:14:00,12.479658,37.868393,1,3680cnr
2025-07-08 21:24:00,12.479658,37.868393,1,3680cnr
2025-07-08 21:34:00,12.479658,37.868393,1,3680cnr
2025-07-08 21:44:00,12.479658,37.868393,1,3680cnr
2025-07-08 21:54:00,12.479658,37.868393,1,3680cnr
2025-07-08 22:04:00,12.479658,37.868393,1,3680cnr
2025-07-08 22:14:00,12.479658,37.868393,1,3680cnr
2025-07-08 22:24:00,12.479658,37.868393,1,3680cnr
2025-07-08 22:34:00,12.479658,37.868393,1,3680cnr
2025-07-08 22:44:00,12.479658,37.868393,1,3680cnr
2025-07-08 22:54:00,12.479658,37.868393,1,3680cnr
2025-07-08 23:04:00,12.479658,37.868393,1,3680cnr
2025-07-08 23:14:00,12.479658,37.868393,1,3680cnr
2025-07-08 23:24:00,12.479658,37.868393,1,3680cnr
2025-07-08 23:34:00,12.479658,37.868393,1,3680cnr
2025-07-08 23:44:00,12.479658,37.868393,1,3680cnr
2025-07-08 23:54:00,12.479658,37.868393,1,3680cnr
2025-07-09 00:04:00,12.479658,37.868393,1,3680cnr
2025-07-09 00:14:00,12.479658,37.868393,1,3680cnr
2025-07-09 00:24:00,12.479658,37.868393,1,3680cnr
2025-07-09 00:34:00,12.479658,37.868393,1,3680cnr
2025-07-09 00:44:00,12.479658,37.868393,1,3680cnr
2025-07-09 00:54:00,12.479658,37.868393,1,3680cnr
2025-07-09 01:04:00,12.479658,37.868393,1,3680cnr
2025-07-09 01:14:00,12.479658,37.868393,1,3680cnr
2025-07-09 01:24:00,12.479658,37.868393,1,3680cnr
2025-07-09 01:34:00,12.479658,37.868393,1,3680cnr
2025-07-09 01:44:00,12.479658,37.868393,1,3680cnr
2025-07-09 01:54:00,12.479658,37.868393,1,3680cnr
2025-07-09 02:04:00,12.479658,37.868393,1,3680cnr
2025-07-09 02:14:00,12.479658,37.868393,1,3680cnr
2025-07-09 02:24:00,12.479658,37.868393,1,3680cnr
2025-07-09 02:34:00,12.479658,37.868393,1,3680cnr
2025-07-09 02:44:00,12.479658,37.868393,1,3680cnr
2025-07-09 02:54:00,12.479658,37.868393,1,3680cnr
2025-07-09 03:04:00,12.479658,37.868393,1,3680cnr
2025-07-09 03:14:00,12.479658,37.868393,1,3680cnr
2025-07-09 03:24:00,12.479658,37.868393,1,3680cnr
2025-07-09 03:34:00,12.479658,37.868393,1,3680cnr
2025-07-09 03:44:00,12.479658,37.868393,1,3680cnr
2025-07-09 03:54:00,12.479658,37.868393,1,3680cnr
2025-07-09 04:04:00,12.479658,37.868393,1,3680cnr
2025-07-09 04:14:00,12.479658,37.868393,1,3680cnr
2025-07-09 04:24:00,12.479658,37.868393,1,3680cnr
2025-07-09 04:34:00,12.479658,37.868393,1,3680cnr
2025-07-09 04:44:00,12.479658,37.868393,1,3680cnr
2025-07-09 04:54:00,12.479658,37.868393,1,3680cnr
2025-07-09 05:04:00,12.479658,37.868393,1,3680cnr
2025-07-09 05:14:00,12.479658,37.868393,1,3680cnr
2025-07-09 05:24:00,12.479658,37.868393,1,3680cnr
2025-07-09 05:34:00,12.479658,37.868393,1,3680cnr
2025-07-09 05:44:00,12.479658,37.868393,1,3680cnr
2025-07-09 05:54:00,12.479658,37.868393,1,3680cnr
2025-07-09 06:04:00,12.479658,37.868393,1,3680cnr
2025-07-09 06:14:00,12.479658,37.868393,1,3680cnr
2025-07-09 06:24:00,12.479658,37.868393,1,3680cnr
2025-07-09 06:34:00,12.479658,37.868393,1,3680cnr
2025-07-09 06:44:00,12.479658,37.868393,1,3680cnr
2025-07-09 06:54:00,12.479658,37.868393,1,3680cnr
2025-07-09 07:04:00,12.479658,37.868393,1,3680cnr
2025-07-09 07:14:00,12.479658,37.868393,1,3680cnr
2025-07-09 07:24:00,12.479658,37.868393,1,3680cnr
2025-07-09 07:34:00,12.479658,37.868393,1,3680cnr
2025-07-09 07:44:00,12.479658,37.868393,1,3680cnr
2025-07-09 07:54:00,12.479658,37.868393,1,3680cnr
2025-07-09 08:04:00,12.479658,37.868393,1,3680cnr
2025-07-09 08:14:00,12.479658,37.868393,1,3680cnr
2025-07-09 08:24:00,12.479658,37.868393,1,3680cnr
2025-07-09 08:34:00,12.479658,37.868393,1,3680cnr
2025-07-09 08:44:00,12.479658,37.868393,1,3680cnr
2025-07-09 08:54:00,12.479658,37.868393,1,3680cnr
2025-07-09 09:04:00,12.479658,37.868393,1,3680cnr
2025-07-09 09:14:00,12.479658,37.868393,1,3680cnr
2025-07-09 09:24:00,12.479658,37.868393,1,3680cnr
2025-07-09 09:34:00,12.479658,37.868393,1,3680cnr
2025-07-09 09:44:00,12.479658,37.868393,1,3680cnr
2025-07-09 09:54:00,12.479658,37.868393,1,3680cnr
2025-07-09 10:04:00,12.479658,37.868393,1,3680cnr
2025-07-09 10:14:00,12.479658,37.868393,1,3680cnr
2025-07-09 10:24:00,12.479658,37.868393,1,3680cnr
2025-07-09 10:34:00,12.479658,37.868393,1,3680cnr
2025-07-09 10:44:00,12.479658,37.868393,1,3680cnr
2025-07-09 10:54:00,12.479658,37.868393,1,3680cnr
2025-07-09 11:04:00,12.479658,37.868393,1,3680cnr
2025-07-09 11:14:00,12.479658,37.868393,1,3680cnr
2025-07-09 11:24:00,12.479658,37.868393,1,3680cnr
2025-07-09 11:34:00,12.479658,37.868393,1,3680cnr
2025-07-09 11:44:00,12.479658,37.868393,1,3680cnr
2025-07-09 11:54:00,12.479658,37.868393,1,3680cnr
2025-07-09 12:04:00,12.479658,37.868393,1,3680cnr
2025-07-09 12:14:00,12.479658,37.868393,1,3680cnr
2025-07-09 12:24:00,12.479658,37.868393,1,3680cnr
2025-07-09 12:34:00,12.479658,37.868393,1,3680cnr
2025-07-09 12:44:00,12.479658,37.868393,1,3680cnr
2025-07-09 12:54:00,12.479658,37.868393,1,3680cnr
2025-07-09 13:04:00,12.479658,37.868393,1,3680cnr
2025-07-09 13:14:00,12.479658,37.868393,1,3680cnr
2025-07-09 13:24:00,12.479658,37.868393,1,3680cnr
2025-07-09 13:34:00,12.479658,37.868393,1,3680cnr
2025-07-09 13:44:00,12.479658,37.868393,1,3680cnr
2025-07-09 13:54:00,12.479658,37.868393,1,3680cnr
2025-07-09 14:04:00,12.479658,37.868393,1,3680cnr
2025-07-09 14:14:00,12.479658,37.868393,1,3680cnr
2025-07-09 14:24:00,12.479658,37.868393,1,3680cnr
2025-07-09 14:34:00,12.479658,37.868393,1,3680cnr
2025-07-09 14:44:00,12.479658,37.868393,1,3680cnr
2025-07-09 14:54:00,12.479658,37.868393,1,3680cnr
2025-07-09 15:04:00,12.479658,37.868393,1,3680cnr
2025-07-09 15:14:00,12.479658,37.868393,1,3680cnr
2025-07-09 15:24:00,12.479658,37.868393,1,3680cnr
2025-07-09 15:34:00,12.479658,37.868393,1,3680cnr
2025-07-09 15:44:00,12.479658,37.868393,1,3680cnr
2025-07-09 15:54:00,12.479658,37.868393,1,3680cnr
2025-07-09 16:04:00,12.479658,37.868393,1,3680cnr
2025-07-09 16:14:00,12.479658,37.868393,1,3680cnr
2025-07-09 16:24:00,12.479658,37.868393,1,3680cnr
2025-07-09 16:34:00,12.479658,37.868393,1,3680cnr
2025-07-09 16:44:00,12.479658,37.868393,1,3680cnr
2025-07-09 16:54:00,12.479658,37.868393,1,3680cnr
2025-07-09 17:04:00,12.479658,37.868393,1,3680cnr
2025-07-09 17:14:00,12.479658,37.868393,1,3680cnr
2025-07-09 17:24:00,12.479658,37.868393,1,3680cnr
2025-07-09 17:34:00,12.479658,37.868393,1,3680cnr
2025-07-09 17:44:00,12.479658,37.868393,1,3680cnr
2025-07-09 17:54:00,12.479658,37.868393,1,3680cnr
2025-07-09 18:04:00,12.479658,37.868393,1,3680cnr
2025-07-09 18:14:00,12.479658,37.868393,1,3680cnr
2025-07-09 18:24:00,12.479658,37.868393,1,3680cnr
2025-07-09 18:34:00,12.479658,37.868393,1,3680cnr
2025-07-09 18:44:00,12.479658,37.868393,1,3680cnr
2025-07-09 18:54:00,12.479658,37.868393,1,3680cnr
2025-07-09 19:04:00,12.479658,37.868393,1,3680cnr
2025-07-09 19:14:00,12.479658,37.868393,1,3680cnr
2025-07-09 19:24:00,12.479658,37.868393,1,3680cnr
2025-07-09 19:34:00,12.479658,37.868393,1,3680cnr
2025-07-09 19:44:00,12.479658,37.868393,1,3680cnr
2025-07-09 19:54:00,12.479658,37.868393,1,3680cnr
2025-07-09 20:04:00,12.479658,37.868393,1,3680cnr
2025-07-09 20:14:00,12.479658,37.868393,1,3680cnr
2025-07-09 20:24:00,12.479658,37.868393,1,3680cnr
2025-07-09 20:34:00,12.479658,37.868393,1,3680cnr
2025-07-09 20:44:00,12.479658,37.868393,1,3680cnr
2025-07-09 20:54:00,12.479658,37.868393,1,3680cnr
2025-07-09 21:04:00,12.479658,37.868393,1,3680cnr
2025-07-09 21:14:00,12.479658,37.868393,1,3680cnr
2025-07-09 21:24:00,12.479658,37.868393,1,3680cnr
2025-07-09 21:34:00,12.479658,37.868393,1,3680cnr
2025-07-09 21:44:00,12.479658,37.868393,1,3680cnr
2025-07-09 21:54:00,12.479658,37.868393,1,3680cnr
2025-07-09 22:04:00,12.479658,37.868393,1,3680cnr
2025-07-09 22:14:00,12.479658,37.868393,1,3680cnr
2025-07-09 22:24:00,12.479658,37.868393,1,3680cnr
2025-07-09 22:34:00,12.479658,37.868393,1,3680cnr
2025-07-09 22:44:00,12.479658,37.868393,1,3680cnr
2025-07-09 22:54:00,12.479658,37.868393,1,3680cnr
2025-07-09 23:04:00,12.479658,37.868393,1,3680cnr
2025-07-09 23:14:00,12.479658,37.868393,1,3680cnr
2025-07-09 23:24:00,12.479658,37.868393,1,3680cnr
2025-07-09 23:34:00,12.479658,37.868393,1,3680cnr
2025-07-09 23:44:00,12.479658,37.868393,1,3680cnr
2025-07-09 23:54:00,12.479658,37.868393,1,3680cnr
2025-07-10 00:04:00,12.479658,37.868393,1,3680cnr
2025-07-08 07:44:00,12.45682,37.86798,2,1520
2025-07-08 07:54:00,12.457275,37.8683,2,1520
2025-07-08 08:04:00,12.457757,37.868618,2,1520
2025-07-08 08:14:00,12.458249,37.868908,2,1520
2025-07-08 08:24:00,12.458742,37.869175,2,1520
2025-07-08 08:34:00,12.459235,37.869427,2,1520
2025-07-08 08:44:00,12.459725,37.869675,2,1520
2025-07-08 08:54:00,12.460213,37.869923,2,1520
2025-07-08 09:04:00,12.4606905,37.870148,2,1520
2025-07-08 09:14:00,12.46118,37.87035,2,1520
2025-07-08 09:24:00,12.461691,37.870518,2,1520
2025-07-08 09:34:00,12.462225,37.870663,2,1520
2025-07-08 09:44:00,12.462797,37.870804,2,1520
2025-07-08 09:54:00,12.463414,37.87095,2,1520
2025-07-08 10:04:00,12.464074,37.871105,2,1520
2025-07-08 10:14:00,12.464735,37.871273,2,1520
2025-07-08 10:24:00,12.465378,37.871452,2,1520
2025-07-08 10:34:00,12.466004,37.871643,2,1520
2025-07-08 10:44:00,12.466626,37.871845,2,1520
2025-07-08 10:54:00,12.467266,37.872055,2,1520
2025-07-08 11:04:00,12.467919,37.872272,2,1520
2025-07-08 11:14:00,12.468546,37.87245,2,1520
2025-07-08 11:24:00,12.4691305,37.87256,2,1520
2025-07-08 11:34:00,12.469681,37.872597,2,1520
2025-07-08 11:44:00,12.470204,37.87257,2,1520
2025-07-08 11:54:00,12.470704,37.87248,2,1520
2025-07-08 12:04:00,12.471179,37.872322,2,1520
2025-07-08 12:14:00,12.471689,37.87212,2,1520
2025-07-08 12:24:00,12.4722595,37.871883,2,1520
2025-07-08 12:34:00,12.472866,37.871616,2,1520
2025-07-08 12:44:00,12.4735,37.871315,2,1520
2025-07-08 12:54:00,12.47417,37.870975,2,1520
2025-07-08 13:04:00,12.474876,37.8706,2,1520
2025-07-08 13:14:00,12.475626,37.870193,2,1520
2025-07-08 13:24:00,12.47642,37.86975,2,1520
2025-07-08 13:34:00,12.477263,37.869274,2,1520
2025-07-08 13:44:00,12.478159,37.868774,2,1520
2025-07-08 13:54:00,12.479108,37.868248,2,1520
2025-07-08 14:04:00,12.479108,37.868248,2,1520
2025-07-08 14:14:00,12.479108,37.868248,2,1520
2025-07-08 14:24:00,12.479108,37.868248,2,1520
2025-07-08 14:34:00,12.479108,37.868248,2,1520
2025-07-08 14:44:00,12.479108,37.868248,2,1520
2025-07-08 14:54:00,12.479108,37.868248,2,1520
2025-07-08 15:04:00,12.479108,37.868248,2,1520
2025-07-08 15:14:00,12.479108,37.868248,2,1520
2025-07-08 15:24:00,12.479108,37.868248,2,1520
2025-07-08 15:34:00,12.479108,37.868248,2,1520
2025-07-08 15:44:00,12.479108,37.868248,2,1520
2025-07-08 15:54:00,12.479108,37.868248,2,1520
2025-07-08 16:04:00,12.479108,37.868248,2,1520
2025-07-08 16:14:00,12.479108,37.868248,2,1520
2025-07-08 16:24:00,12.479108,37.868248,2,1520
2025-07-08 16:34:00,12.479108,37.868248,2,1520
2025-07-08 16:44:00,12.479108,37.868248,2,1520
2025-07-08 16:54:00,12.479108,37.868248,2,1520
2025-07-08 17:04:00,12.479108,37.868248,2,1520
2025-07-08 17:14:00,12.479108,37.868248,2,1520
2025-07-08 17:24:00,12.479108,37.868248,2,1520
2025-07-08 17:34:00,12.47957,37.868202,2,1520
2025-07-08 17:44:00,12.47957,37.868202,2,1520
2025-07-08 17:54:00,12.47957,37.868202,2,1520
2025-07-08 18:04:00,12.47957,37.868202,2,1520
2025-07-08 18:14:00,12.47957,37.868202,2,1520
2025-07-08 18:24:00,12.47957,37.868202,2,1520
2025-07-08 18:34:00,12.47957,37.868202,2,1520
2025-07-08 18:44:00,12.47957,37.868202,2,1520
2025-07-08 18:54:00,12.47957,37.868202,2,1520
2025-07-08 19:04:00,12.47957,37.868202,2,1520
2025-07-08 19:14:00,12.47957,37.868202,2,1520
2025-07-08 19:24:00,12.47957,37.868202,2,1520
2025-07-08 19:34:00,12.47957,37.868202,2,1520
2025-07-08 19:44:00,12.47957,37.868202,2,1520
2025-07-08 19:54:00,12.47957,37.868202,2,1520
2025-07-08 20:04:00,12.47957,37.868202,2,1520
2025-07-08 20:14:00,12.47957,37.868202,2,1520
2025-07-08 20:24:00,12.47957,37.868202,2,1520
2025-07-08 20:34:00,12.47957,37.868202,2,1520
2025-07-08 20:44:00,12.47957,37.868202,2,1520
2025-07-08 20:54:00,12.47957,37.868202,2,1520
2025-07-08 21:04:00,12.47957,37.868202,2,1520
2025-07-08 21:14:00,12.47957,37.868202,2,1520
2025-07-08 21:24:00,12.47957,37.868202,2,1520
2025-07-08 21:34:00,12.47957,37.868202,2,1520
2025-07-08 21:44:00,12.47957,37.868202,2,1520
2025-07-08 21:54:00,12.47957,37.868202,2,1520
2025-07-08 22:04:00,12.47957,37.868202,2,1520
2025-07-08 22:14:00,12.47957,37.868202,2,1520
2025-07-08 22:24:00,12.47957,37.868202,2,1520
2025-07-08 22:34:00,12.47957,37.868202,2,1520
2025-07-08 22:44:00,12.47957,37.868202,2,1520
2025-07-08 22:54:00,12.47957,37.868202,2,1520
2025-07-08 23:04:00,12.47957,37.868202,2,1520
2025-07-08 23:14:00,12.47957,37.868202,2,1520
2025-07-08 23:24:00,12.47957,37.868202,2,1520
2025-07-08 23:34:00,12.47957,37.868202,2,1520
2025-07-08 23:44:00,12.47957,37.868202,2,1520
2025-07-08 23:54:00,12.47957,37.868202,2,1520
2025-07-09 00:04:00,12.47957,37.868202,2,1520
2025-07-09 00:14:00,12.47957,37.868202,2,1520
2025-07-09 00:24:00,12.47957,37.868202,2,1520
2025-07-09 00:34:00,12.47957,37.868202,2,1520
2025-07-09 00:44:00,12.47957,37.868202,2,1520
2025-07-09 00:54:00,12.47957,37.868202,2,1520
2025-07-09 01:04:00,12.47957,37.868202,2,1520
2025-07-09 01:14:00,12.47957,37.868202,2,1520
2025-07-09 01:24:00,12.47957,37.868202,2,1520
2025-07-09 01:34:00,12.47957,37.868202,2,1520
2025-07-09 01:44:00,12.47957,37.868202,2,1520
2025-07-09 01:54:00,12.47957,37.868202,2,1520
2025-07-09 02:04:00,12.47957,37.868202,2,1520
2025-07-09 02:14:00,12.47957,37.868202,2,1520
2025-07-09 02:24:00,12.47957,37.868202,2,1520
2025-07-09 02:34:00,12.47957,37.868202,2,1520
2025-07-09 02:44:00,12.47957,37.868202,2,1520
2025-07-09 02:54:00,12.47957,37.868202,2,1520
2025-07-09 03:04:00,12.47957,37.868202,2,1520
2025-07-09 03:14:00,12.47957,37.868202,2,1520
2025-07-09 03:24:00,12.47957,37.868202,2,1520
2025-07-09 03:34:00,12.47957,37.868202,2,1520
2025-07-09 03:44:00,12.47957,37.868202,2,1520
2025-07-09 03:54:00,12.47957,37.868202,2,1520
2025-07-09 04:04:00,12.47957,37.868202,2,1520
2025-07-09 04:14:00,12.47957,37.868202,2,1520
2025-07-09 04:24:00,12.47957,37.868202,2,1520
2025-07-09 04:34:00,12.47957,37.868202,2,1520
2025-07-09 04:44:00,12.47957,37.868202,2,1520
2025-07-09 04:54:00,12.47957,37.868202,2,1520
2025-07-09 05:04:00,12.47957,37.868202,2,1520
2025-07-09 05:14:00,12.47957,37.868202,2,1520
2025-07-09 05:24:00,12.47957,37.868202,2,1520
2025-07-09 05:34:00,12.47957,37.868202,2,1520
2025-07-09 05:44:00,12.47957,37.868202,2,1520
2025-07-09 05:54:00,12.47957,37.868202,2,1520
2025-07-09 06:04:00,12.47957,37.868202,2,1520
2025-07-09 06:14:00,12.47957,37.868202,2,1520
2025-07-09 06:24:00,12.47957,37.868202,2,1520
2025-07-09 06:34:00,12.47957,37.868202,2,1520
2025-07-09 06:44:00,12.47957,37.868202,2,1520
2025-07-09 06:54:00,12.47957,37.868202,2,1520
2025-07-09 07:04:00,12.47957,37.868202,2,1520
2025-07-09 07:14:00,12.47957,37.868202,2,1520
2025-07-09 07:24:00,12.47957,37.868202,2,1520
2025-07-09 07:34:00,12.47957,37.868202,2,1520
2025-07-09 07:44:00,12.47957,37.868202,2,1520
2025-07-09 07:54:00,12.47957,37.868202,2,1520
2025-07-09 08:04:00,12.47957,37.868202,2,1520
2025-07-09 08:14:00,12.47957,37.868202,2,1520
2025-07-09 08:24:00,12.47957,37.868202,2,1520
2025-07-09 08:34:00,12.47957,37.868202,2,1520
2025-07-09 08:44:00,12.47957,37.868202,2,1520
2025-07-09 08:54:00,12.47957,37.868202,2,1520
2025-07-09 09:04:00,12.47957,37.868202,2,1520
2025-07-09 09:14:00,12.47957,37.868202,2,1520
2025-07-09 09:24:00,12.47957,37.868202,2,1520
2025-07-09 09:34:00,12.47957,37.868202,2,1520
2025-07-09 09:44:00,12.47957,37.868202,2,1520
2025-07-09 09:54:00,12.47957,37.868202,2,1520
2025-07-09 10:04:00,12.47957,37.868202,2,1520
2025-07-09 10:14:00,12.47957,37.868202,2,1520
2025-07-09 10:24:00,12.47957,37.868202,2,1520
2025-07-09 10:34:00,12.47957,37.868202,2,1520
2025-07-09 10:44:00,12.47957,37.868202,2,1520
2025-07-09 10:54:00,12.47957,37.868202,2,1520
2025-07-09 11:04:00,12.47957,37.868202,2,1520
2025-07-09 11:14:00,12.47957,37.868202,2,1520
2025-07-09 11:24:00,12.47957,37.868202,2,1520
2025-07-09 11:34:00,12.47957,37.868202,2,1520
2025-07-09 11:44:00,12.47957,37.868202,2,1520
2025-07-09 11:54:00,12.47957,37.868202,2,1520
2025-07-09 12:04:00,12.47957,37.868202,2,1520
2025-07-09 12:14:00,12.47957,37.868202,2,1520
2025-07-09 12:24:00,12.47957,37.868202,2,1520
2025-07-09 12:34:00,12.47957,37.868202,2,1520
2025-07-09 12:44:00,12.47957,37.868202,2,1520
2025-07-09 12:54:00,12.47957,37.868202,2,1520
2025-07-09 13:04:00,12.47957,37.868202,2,1520
2025-07-09 13:14:00,12.47957,37.868202,2,1520
2025-07-09 13:24:00,12.47957,37.868202,2,1520
2025-07-09 13:34:00,12.47957,37.868202,2,1520
2025-07-09 13:44:00,12.47957,37.868202,2,1520
2025-07-09 13:54:00,12.47957,37.868202,2,1520
2025-07-09 14:04:00,12.47957,37.868202,2,1520
2025-07-09 14:14:00,12.47957,37.868202,2,1520
2025-07-09 14:24:00,12.47957,37.868202,2,1520
2025-07-09 14:34:00,12.479523,37.86753,2,1520
2025-07-09 14:44:00,12.479523,37.86753,2,1520
2025-07-09 14:54:00,12.479523,37.86753,2,1520
2025-07-09 15:04:00,12.479523,37.86753,2,1520
2025-07-09 15:14:00,12.479523,37.86753,2,1520
2025-07-09 15:24:00,12.479523,37.86753,2,1520
2025-07-09 15:34:00,12.479523,37.86753,2,1520
2025-07-09 15:44:00,12.479523,37.86753,2,1520
2025-07-09 15:54:00,12.479523,37.86753,2,1520
2025-07-09 16:04:00,12.479523,37.86753,2,1520
2025-07-09 16:14:00,12.479523,37.86753,2,1520
2025-07-09 16:24:00,12.479523,37.86753,2,1520
2025-07-09 16:34:00,12.479523,37.86753,2,1520
2025-07-09 16:44:00,12.479523,37.86753,2,1520
2025-07-09 16:54:00,12.479523,37.86753,2,1520
2025-07-09 17:04:00,12.479523,37.86753,2,1520
2025-07-09 17:14:00,12.479523,37.86753,2,1520
2025-07-09 17:24:00,12.479523,37.86753,2,1520
2025-07-09 17:34:00,12.479523,37.86753,2,1520
2025-07-09 17:44:00,12.479523,37.86753,2,1520
2025-07-09 17:54:00,12.479523,37.86753,2,1520
2025-07-09 18:04:00,12.479523,37.86753,2,1520
2025-07-09 18:14:00,12.479523,37.86753,2,1520
2025-07-09 18:24:00,12.479523,37.86753,2,1520
2025-07-09 18:34:00,12.479523,37.86753,2,1520
2025-07-09 18:44:00,12.479523,37.86753,2,1520
2025-07-09 18:54:00,12.479523,37.86753,2,1520
2025-07-09 19:04:00,12.479523,37.86753,2,1520
2025-07-09 19:14:00,12.479523,37.86753,2,1520
2025-07-09 19:24:00,12.479523,37.86753,2,1520
2025-07-09 19:34:00,12.479523,37.86753,2,1520
2025-07-09 19:44:00,12.479523,37.86753,2,1520
2025-07-09 19:54:00,12.479523,37.86753,2,1520
2025-07-09 20:04:00,12.479523,37.86753,2,1520
2025-07-09 20:14:00,12.479523,37.86753,2,1520
2025-07-09 20:24:00,12.479523,37.86753,2,1520
2025-07-09 20:34:00,12.479523,37.86753,2,1520
2025-07-09 20:44:00,12.479523,37.86753,2,1520
2025-07-09 20:54:00,12.479523,37.86753,2,1520
2025-07-09 21:04:00,12.479523,37.86753,2,1520
2025-07-09 21:14:00,12.479523,37.86753,2,1520
2025-07-09 21:24:00,12.479523,37.86753,2,1520
2025-07-09 21:34:00,12.479523,37.86753,2,1520
2025-07-09 21:44:00,12.479523,37.86753,2,1520
2025-07-09 21:54:00,12.479523,37.86753,2,1520
2025-07-09 22:04:00,12.479523,37.86753,2,1520
2025-07-09 22:14:00,12.479523,37.86753,2,1520
2025-07-09 22:24:00,12.479523,37.86753,2,1520
2025-07-09 22:34:00,12.479523,37.86753,2,1520
2025-07-09 22:44:00,12.479523,37.86753,2,1520
2025-07-09 22:54:00,12.479523,37.86753,2,1520
2025-07-09 23:04:00,12.479523,37.86753,2,1520
2025-07-09 23:14:00,12.479523,37.86753,2,1520
2025-07-09 23:24:00,12.479523,37.86753,2,1520
2025-07-09 23:34:00,12.479523,37.86753,2,1520
2025-07-09 23:44:00,12.479523,37.86753,2,1520
2025-07-09 23:54:00,12.479523,37.86753,2,1520
2025-07-10 00:04:00,12.479523,37.86753,2,1520
2025-07-08 07:54:00,12.457201,37.86827,2,540
2025-07-08 08:04:00,12.457682,37.86859,2,540
2025-07-08 08:14:00,12.458175,37.86888,2,540
2025-07-08 08:24:00,12.458669,37.86915,2,540
2025-07-08 08:34:00,12.459163,37.8694,2,540
2025-07-08 08:44:00,12.459655,37.869644,2,540
2025-07-08 08:54:00,12.460144,37.86989,2,540
2025-07-08 09:04:00,12.460625,37.870117,2,540
2025-07-08 09:14:00,12.461116,37.870316,2,540
2025-07-08 09:24:00,12.461629,37.870487,2,540
2025-07-08 09:34:00,12.462164,37.870632,2,540
2025-07-08 09:44:00,12.462736,37.87077,2,540
2025-07-08 09:54:00,12.463353,37.870914,2,540
2025-07-08 10:04:00,12.464013,37.871067,2,540
2025-07-08 10:14:00,12.464674,37.871235,2,540
2025-07-08 10:24:00,12.465318,37.87141,2,540
2025-07-08 10:34:00,12.465944,37.8716,2,540
2025-07-08 10:44:00,12.466565,37.8718,2,540
2025-07-08 10:54:00,12.467202,37.872005,2,540
2025-07-08 11:04:00,12.467855,37.872223,2,540
2025-07-08 11:14:00,12.468484,37.872402,2,540
2025-07-08 11:24:00,12.4690695,37.872513,2,540
2025-07-08 11:34:00,12.469621,37.87255,2,540
2025-07-08 11:44:00,12.470145,37.872528,2,540
2025-07-08 11:54:00,12.470645,37.87244,2,540
2025-07-08 12:04:00,12.471121,37.872284,2,540
2025-07-08 12:14:00,12.471632,37.872086,2,540
2025-07-08 12:24:00,12.472201,37.87185,2,540
2025-07-08 12:34:00,12.472806,37.871582,2,540
2025-07-08 12:44:00,12.47344,37.871284,2,540
2025-07-08 12:54:00,12.474109,37.870945,2,540
2025-07-08 13:04:00,12.474816,37.87057,2,540
2025-07-08 13:14:00,12.475565,37.870163,2,540
2025-07-08 13:24:00,12.47636,37.869717,2,540
2025-07-08 13:34:00,12.477203,37.869244,2,540
2025-07-08 13:44:00,12.478098,37.86874,2,540
2025-07-08 13:54:00,12.479047,37.868214,2,540
2025-07-08 14:04:00,12.47954,37.867943,2,540
2025-07-08 14:14:00,12.47954,37.867943,2,540
2025-07-08 14:24:00,12.47954,37.867943,2,540
2025-07-08 14:34:00,12.47954,37.867943,2,540
2025-07-08 14:44:00,12.47954,37.867943,2,540
2025-07-08 14:54:00,12.47954,37.867943,2,540
2025-07-08 15:04:00,12.47954,37.867943,2,540
2025-07-08 15:14:00,12.47954,37.867943,2,540
2025-07-08 15:24:00,12.47954,37.867943,2,540
2025-07-08 15:34:00,12.47954,37.867943,2,540
2025-07-08 15:44:00,12.47954,37.867943,2,540
2025-07-08 15:54:00,12.47954,37.867943,2,540
2025-07-08 16:04:00,12.47954,37.867943,2,540
2025-07-08 16:14:00,12.47954,37.867943,2,540
2025-07-08 16:24:00,12.47954,37.867943,2,540
2025-07-08 16:34:00,12.47954,37.867943,2,540
2025-07-08 16:44:00,12.47954,37.867943,2,540
2025-07-08 16:54:00,12.47954,37.867943,2,540
2025-07-08 17:04:00,12.47954,37.867943,2,540
2025-07-08 17:14:00,12.47954,37.867943,2,540
2025-07-08 17:24:00,12.47954,37.867943,2,540
2025-07-08 17:34:00,12.47954,37.867943,2,540
2025-07-08 17:44:00,12.47954,37.867943,2,540
2025-07-08 17:54:00,12.47954,37.867943,2,540
2025-07-08 18:04:00,12.47954,37.867943,2,540
2025-07-08 18:14:00,12.47954,37.867943,2,540
2025-07-08 18:24:00,12.47954,37.867943,2,540
2025-07-08 18:34:00,12.47954,37.867943,2,540
2025-07-08 18:44:00,12.47954,37.867943,2,540
2025-07-08 18:54:00,12.47954,37.867943,2,540
2025-07-08 19:04:00,12.47954,37.867943,2,540
2025-07-08 19:14:00,12.47954,37.867943,2,540
2025-07-08 19:24:00,12.47954,37.867943,2,540
2025-07-08 19:34:00,12.47954,37.867943,2,540
2025-07-08 19:44:00,12.47954,37.867943,2,540
2025-07-08 19:54:00,12.47954,37.867943,2,540
2025-07-08 20:04:00,12.47954,37.867943,2,540
2025-07-08 20:14:00,12.47954,37.867943,2,540
2025-07-08 20:24:00,12.47954,37.867943,2,540
2025-07-08 20:34:00,12.47954,37.867943,2,540
2025-07-08 20:44:00,12.47954,37.867943,2,540
2025-07-08 20:54:00,12.47954,37.867943,2,540
2025-07-08 21:04:00,12.47954,37.867943,2,540
2025-07-08 21:14:00,12.47954,37.867943,2,540
2025-07-08 21:24:00,12.47954,37.867943,2,540
2025-07-08 21:34:00,12.47954,37.867943,2,540
2025-07-08 21:44:00,12.47954,37.867943,2,540
2025-07-08 21:54:00,12.47954,37.867943,2,540
2025-07-08 22:04:00,12.47954,37.867943,2,540
2025-07-08 22:14:00,12.47954,37.867943,2,540
2025-07-08 22:24:00,12.47954,37.867943,2,540
2025-07-08 22:34:00,12.47954,37.867943,2,540
2025-07-08 22:44:00,12.47954,37.867943,2,540
2025-07-08 22:54:00,12.47954,37.867943,2,540
2025-07-08 23:04:00,12.47954,37.867943,2,540
2025-07-08 23:14:00,12.47954,37.867943,2,540
2025-07-08 23:24:00,12.47954,37.867943,2,540
2025-07-08 23:34:00,12.47954,37.867943,2,540
2025-07-08 23:44:00,12.47954,37.867943,2,540
2025-07-08 23:54:00,12.47954,37.867943,2,540
2025-07-09 00:04:00,12.47954,37.867943,2,540
2025-07-09 00:14:00,12.47954,37.867943,2,540
2025-07-09 00:24:00,12.47954,37.867943,2,540
2025-07-09 00:34:00,12.47954,37.867943,2,540
2025-07-09 00:44:00,12.47954,37.867943,2,540
2025-07-09 00:54:00,12.47954,37.867943,2,540
2025-07-09 01:04:00,12.47954,37.867943,2,540
2025-07-09 01:14:00,12.47954,37.867943,2,540
2025-07-09 01:24:00,12.47954,37.867943,2,540
2025-07-09 01:34:00,12.47954,37.867943,2,540
2025-07-09 01:44:00,12.47954,37.867943,2,540
2025-07-09 01:54:00,12.47954,37.867943,2,540
2025-07-09 02:04:00,12.47954,37.867943,2,540
2025-07-09 02:14:00,12.47954,37.867943,2,540
2025-07-09 02:24:00,12.47954,37.867943,2,540
2025-07-09 02:34:00,12.47954,37.867943,2,540
2025-07-09 02:44:00,12.47954,37.867943,2,540
2025-07-09 02:54:00,12.47954,37.867943,2,540
2025-07-09 03:04:00,12.47954,37.867943,2,540
2025-07-09 03:14:00,12.47954,37.867943,2,540
2025-07-09 03:24:00,12.47954,37.867943,2,540
2025-07-09 03:34:00,12.47954,37.867943,2,540
2025-07-09 03:44:00,12.47954,37.867943,2,540
2025-07-09 03:54:00,12.47954,37.867943,2,540
2025-07-09 04:04:00,12.47954,37.867943,2,540
2025-07-09 04:14:00,12.47954,37.867943,2,540
2025-07-09 04:24:00,12.47954,37.867943,2,540
2025-07-09 04:34:00,12.47954,37.867943,2,540
2025-07-09 04:44:00,12.47954,37.867943,2,540
2025-07-09 04:54:00,12.47954,37.867943,2,540
2025-07-09 05:04:00,12.47954,37.867943,2,540
2025-07-09 05:14:00,12.47954,37.867943,2,540
2025-07-09 05:24:00,12.47954,37.867943,2,540
2025-07-09 05:34:00,12.47954,37.867943,2,540
2025-07-09 05:44:00,12.47954,37.867943,2,540
2025-07-09 05:54:00,12.47954,37.867943,2,540
2025-07-09 06:04:00,12.47954,37.867943,2,540
2025-07-09 06:14:00,12.47954,37.867943,2,540
2025-07-09 06:24:00,12.47954,37.867943,2,540
2025-07-09 06:34:00,12.47954,37.867943,2,540
2025-07-09 06:44:00,12.47954,37.867943,2,540
2025-07-09 06:54:00,12.47954,37.867943,2,540
2025-07-09 07:04:00,12.47954,37.867943,2,540
2025-07-09 07:14:00,12.47954,37.867943,2,540
2025-07-09 07:24:00,12.47954,37.867943,2,540
2025-07-09 07:34:00,12.47954,37.867943,2,540
2025-07-09 07:44:00,12.47954,37.867943,2,540
2025-07-09 07:54:00,12.47954,37.867943,2,540
2025-07-09 08:04:00,12.47954,37.867943,2,540
2025-07-09 08:14:00,12.47954,37.867943,2,540
2025-07-09 08:24:00,12.47954,37.867943,2,540
2025-07-09 08:34:00,12.47954,37.867943,2,540
2025-07-09 08:44:00,12.47954,37.867943,2,540
2025-07-09 08:54:00,12.47954,37.867943,2,540
2025-07-09 09:04:00,12.47954,37.867943,2,540
2025-07-09 09:14:00,12.47954,37.867943,2,540
2025-07-09 09:24:00,12.47954,37.867943,2,540
2025-07-09 09:34:00,12.47954,37.867943,2,540
2025-07-09 09:44:00,12.47954,37.867943,2,540
2025-07-09 09:54:00,12.47954,37.867943,2,540
2025-07-09 10:04:00,12.47954,37.867943,2,540
2025-07-09 10:14:00,12.47954,37.867943,2,540
2025-07-09 10:24:00,12.47954,37.867943,2,540
2025-07-09 10:34:00,12.47954,37.867943,2,540
2025-07-09 10:44:00,12.47954,37.867943,2,540
2025-07-09 10:54:00,12.47954,37.867943,2,540
2025-07-09 11:04:00,12.47954,37.867943,2,540
2025-07-09 11:14:00,12.47954,37.867943,2,540
2025-07-09 11:24:00,12.47954,37.867943,2,540
2025-07-09 11:34:00,12.47954,37.867943,2,540
2025-07-09 11:44:00,12.47954,37.867943,2,540
2025-07-09 11:54:00,12.47954,37.867943,2,540
2025-07-09 12:04:00,12.47954,37.867943,2,540
2025-07-09 12:14:00,12.47954,37.867943,2,540
2025-07-09 12:24:00,12.47954,37.867943,2,540
2025-07-09 12:34:00,12.47954,37.867943,2,540
2025-07-09 12:44:00,12.47954,37.867943,2,540
2025-07-09 12:54:00,12.47954,37.867943,2,540
2025-07-09 13:04:00,12.47954,37.867943,2,540
2025-07-09 13:14:00,12.47954,37.867943,2,540
2025-07-09 13:24:00,12.47954,37.867943,2,540
2025-07-09 13:34:00,12.47954,37.867943,2,540
2025-07-09 13:44:00,12.47954,37.867943,2,540
2025-07-09 13:54:00,12.47954,37.867943,2,540
2025-07-09 14:04:00,12.47954,37.867943,2,540
2025-07-09 14:14:00,12.47954,37.867943,2,540
2025-07-09 14:24:00,12.47954,37.867943,2,540
2025-07-09 14:34:00,12.47954,37.867943,2,540
2025-07-09 14:44:00,12.47954,37.867943,2,540
2025-07-09 14:54:00,12.47954,37.867943,2,540
2025-07-09 15:04:00,12.47954,37.867943,2,540
2025-07-09 15:14:00,12.47954,37.867943,2,540
2025-07-09 15:24:00,12.47954,37.867943,2,540
2025-07-09 15:34:00,12.47954,37.867943,2,540
2025-07-09 15:44:00,12.47954,37.867943,2,540
2025-07-09 15:54:00,12.47954,37.867943,2,540
2025-07-09 16:04:00,12.47954,37.867943,2,540
2025-07-09 16:14:00,12.47954,37.867943,2,540
2025-07-09 16:24:00,12.47954,37.867943,2,540
2025-07-09 16:34:00,12.47954,37.867943,2,540
2025-07-09 16:44:00,12.47954,37.867943,2,540
2025-07-09 16:54:00,12.47954,37.867943,2,540
2025-07-09 17:04:00,12.47954,37.867943,2,540
2025-07-09 17:14:00,12.47954,37.867943,2,540
2025-07-09 17:24:00,12.479514,37.867485,2,540
2025-07-09 17:34:00,12.479514,37.867485,2,540
2025-07-09 17:44:00,12.479514,37.867485,2,540
2025-07-09 17:54:00,12.479514,37.867485,2,540
2025-07-09 18:04:00,12.479514,37.867485,2,540
2025-07-09 18:14:00,12.479514,37.867485,2,540
2025-07-09 18:24:00,12.479514,37.867485,2,540
2025-07-09 18:34:00,12.479514,37.867485,2,540
2025-07-09 18:44:00,12.479514,37.867485,2,540
2025-07-09 18:54:00,12.479514,37.867485,2,540
2025-07-09 19:04:00,12.479514,37.867485,2,540
2025-07-09 19:14:00,12.479514,37.867485,2,540
2025-07-09 19:24:00,12.479514,37.867485,2,540
2025-07-09 19:34:00,12.479514,37.867485,2,540
2025-07-09 19:44:00,12.479514,37.867485,2,540
2025-07-09 19:54:00,12.479514,37.867485,2,540
2025-07-09 20:04:00,12.479514,37.867485,2,540
2025-07-09 20:14:00,12.479514,37.867485,2,540
2025-07-09 20:24:00,12.479514,37.867485,2,540
2025-07-09 20:34:00,12.479514,37.867485,2,540
2025-07-09 20:44:00,12.479514,37.867485,2,540
2025-07-09 20:54:00,12.479514,37.867485,2,540
2025-07-09 21:04:00,12.479514,37.867485,2,540
2025-07-09 21:14:00,12.479514,37.867485,2,540
2025-07-09 21:24:00,12.479514,37.867485,2,540
2025-07-09 21:34:00,12.479514,37.867485,2,540
2025-07-09 21:44:00,12.479514,37.867485,2,540
2025-07-09 21:54:00,12.479514,37.867485,2,540
2025-07-09 22:04:00,12.479514,37.867485,2,540
2025-07-09 22:14:00,12.479514,37.867485,2,540
2025-07-09 22:24:00,12.479514,37.867485,2,540
2025-07-09 22:34:00,12.479514,37.867485,2,540
2025-07-09 22:44:00,12.479514,37.867485,2,540
2025-07-09 22:54:00,12.479514,37.867485,2,540
2025-07-09 23:04:00,12.479514,37.867485,2,540
2025-07-09 23:14:00,12.479514,37.867485,2,540
2025-07-09 23:24:00,12.479514,37.867485,2,540
2025-07-09 23:34:00,12.479514,37.867485,2,540
2025-07-09 23:44:00,12.479514,37.867485,2,540
2025-07-09 23:54:00,12.479514,37.867485,2,540
2025-07-10 00:04:00,12.479514,37.867485,2,540
2025-07-08 07:44:00,12.45682,37.86801,2,7510
2025-07-08 07:54:00,12.457274,37.868332,2,7510
2025-07-08 08:04:00,12.457755,37.86865,2,7510
2025-07-08 08:14:00,12.458246,37.86894,2,7510
2025-07-08 08:24:00,12.458738,37.8692,2,7510
2025-07-08 08:34:00,12.459229,37.869453,2,7510
2025-07-08 08:44:00,12.459718,37.869698,2,7510
2025-07-08 08:54:00,12.460204,37.869946,2,7510
2025-07-08 09:04:00,12.460681,37.870174,2,7510
2025-07-08 09:14:00,12.46117,37.870373,2,7510
2025-07-08 09:24:00,12.46168,37.870544,2,7510
2025-07-08 09:34:00,12.462214,37.870686,2,7510
2025-07-08 09:44:00,12.462786,37.870827,2,7510
2025-07-08 09:54:00,12.463402,37.87097,2,7510
2025-07-08 10:04:00,12.464062,37.871128,2,7510
2025-07-08 10:14:00,12.464722,37.871296,2,7510
2025-07-08 10:24:00,12.4653635,37.871475,2,7510
2025-07-08 10:34:00,12.465989,37.871666,2,7510
2025-07-08 10:44:00,12.46661,37.871864,2,7510
2025-07-08 10:54:00,12.467249,37.872074,2,7510
2025-07-08 11:04:00,12.467899,37.87229,2,7510
2025-07-08 11:14:00,12.468524,37.872467,2,7510
2025-07-08 11:24:00,12.469107,37.872578,2,7510
2025-07-08 11:34:00,12.469654,37.872616,2,7510
2025-07-08 11:44:00,12.470177,37.87259,2,7510
2025-07-08 11:54:00,12.4706745,37.872498,2,7510
2025-07-08 12:04:00,12.4711485,37.87234,2,7510
2025-07-08 12:14:00,12.471657,37.87214,2,7510
2025-07-08 12:24:00,12.472227,37.871902,2,7510
2025-07-08 12:34:00,12.472834,37.871635,2,7510
2025-07-08 12:44:00,12.473469,37.871334,2,7510
2025-07-08 12:54:00,12.474138,37.870995,2,7510
2025-07-08 13:04:00,12.474846,37.870625,2,7510
2025-07-08 13:14:00,12.4755945,37.870213,2,7510
2025-07-08 13:24:00,12.47639,37.86977,2,7510
2025-07-08 13:34:00,12.477233,37.869293,2,7510
2025-07-08 13:44:00,12.478128,37.868793,2,7510
2025-07-08 13:54:00,12.479078,37.868267,2,7510
2025-07-08 14:04:00,12.479078,37.868267,2,7510
2025-07-08 14:14:00,12.479078,37.868267,2,7510
2025-07-08 14:24:00,12.479078,37.868267,2,7510
2025-07-08 14:34:00,12.479078,37.868267,2,7510
2025-07-08 14:44:00,12.479078,37.868267,2,7510
2025-07-08 14:54:00,12.479078,37.868267,2,7510
2025-07-08 15:04:00,12.479078,37.868267,2,7510
2025-07-08 15:14:00,12.479078,37.868267,2,7510
2025-07-08 15:24:00,12.479078,37.868267,2,7510
2025-07-08 15:34:00,12.479078,37.868267,2,7510
2025-07-08 15:44:00,12.479078,37.868267,2,7510
2025-07-08 15:54:00,12.479078,37.868267,2,7510
2025-07-08 16:04:00,12.479078,37.868267,2,7510
2025-07-08 16:14:00,12.479078,37.868267,2,7510
2025-07-08 16:24:00,12.479078,37.868267,2,7510
2025-07-08 16:34:00,12.479078,37.868267,2,7510
2025-07-08 16:44:00,12.479078,37.868267,2,7510
2025-07-08 16:54:00,12.479078,37.868267,2,7510
2025-07-08 17:04:00,12.479078,37.868267,2,7510
2025-07-08 17:14:00,12.479078,37.868267,2,7510
2025-07-08 17:24:00,12.4795685,37.86817,2,7510
2025-07-08 17:34:00,12.4795685,37.86817,2,7510
2025-07-08 17:44:00,12.4795685,37.86817,2,7510
2025-07-08 17:54:00,12.4795685,37.86817,2,7510
2025-07-08 18:04:00,12.4795685,37.86817,2,7510
2025-07-08 18:14:00,12.4795685,37.86817,2,7510
2025-07-08 18:24:00,12.4795685,37.86817,2,7510
2025-07-08 18:34:00,12.4795685,37.86817,2,7510
2025-07-08 18:44:00,12.4795685,37.86817,2,7510
2025-07-08 18:54:00,12.4795685,37.86817,2,7510
2025-07-08 19:04:00,12.4795685,37.86817,2,7510
2025-07-08 19:14:00,12.4795685,37.86817,2,7510
2025-07-08 19:24:00,12.4795685,37.86817,2,7510
2025-07-08 19:34:00,12.4795685,37.86817,2,7510
2025-07-08 19:44:00,12.4795685,37.86817,2,7510
2025-07-08 19:54:00,12.4795685,37.86817,2,7510
2025-07-08 20:04:00,12.4795685,37.86817,2,7510
2025-07-08 20:14:00,12.4795685,37.86817,2,7510
2025-07-08 20:24:00,12.4795685,37.86817,2,7510
2025-07-08 20:34:00,12.4795685,37.86817,2,7510
2025-07-08 20:44:00,12.4795685,37.86817,2,7510
2025-07-08 20:54:00,12.4795685,37.86817,2,7510
2025-07-08 21:04:00,12.4795685,37.86817,2,7510
2025-07-08 21:14:00,12.4795685,37.86817,2,7510
2025-07-08 21:24:00,12.4795685,37.86817,2,7510
2025-07-08 21:34:00,12.4795685,37.86817,2,7510
2025-07-08 21:44:00,12.4795685,37.86817,2,7510
2025-07-08 21:54:00,12.4795685,37.86817,2,7510
2025-07-08 22:04:00,12.4795685,37.86817,2,7510
2025-07-08 22:14:00,12.4795685,37.86817,2,7510
2025-07-08 22:24:00,12.4795685,37.86817,2,7510
2025-07-08 22:34:00,12.4795685,37.86817,2,7510
2025-07-08 22:44:00,12.4795685,37.86817,2,7510
2025-07-08 22:54:00,12.4795685,37.86817,2,7510
2025-07-08 23:04:00,12.4795685,37.86817,2,7510
2025-07-08 23:14:00,12.4795685,37.86817,2,7510
2025-07-08 23:24:00,12.4795685,37.86817,2,7510
2025-07-08 23:34:00,12.4795685,37.86817,2,7510
2025-07-08 23:44:00,12.4795685,37.86817,2,7510
2025-07-08 23:54:00,12.4795685,37.86817,2,7510
2025-07-09 00:04:00,12.4795685,37.86817,2,7510
2025-07-09 00:14:00,12.4795685,37.86817,2,7510
2025-07-09 00:24:00,12.4795685,37.86817,2,7510
2025-07-09 00:34:00,12.4795685,37.86817,2,7510
2025-07-09 00:44:00,12.4795685,37.86817,2,7510
2025-07-09 00:54:00,12.4795685,37.86817,2,7510
2025-07-09 01:04:00,12.4795685,37.86817,2,7510
2025-07-09 01:14:00,12.4795685,37.86817,2,7510
2025-07-09 01:24:00,12.4795685,37.86817,2,7510
2025-07-09 01:34:00,12.4795685,37.86817,2,7510
2025-07-09 01:44:00,12.4795685,37.86817,2,7510
2025-07-09 01:54:00,12.4795685,37.86817,2,7510
2025-07-09 02:04:00,12.4795685,37.86817,2,7510
2025-07-09 02:14:00,12.4795685,37.86817,2,7510
2025-07-09 02:24:00,12.4795685,37.86817,2,7510
2025-07-09 02:34:00,12.4795685,37.86817,2,7510
2025-07-09 02:44:00,12.4795685,37.86817,2,7510
2025-07-09 02:54:00,12.4795685,37.86817,2,7510
2025-07-09 03:04:00,12.4795685,37.86817,2,7510
2025-07-09 03:14:00,12.4795685,37.86817,2,7510
2025-07-09 03:24:00,12.4795685,37.86817,2,7510
2025-07-09 03:34:00,12.4795685,37.86817,2,7510
2025-07-09 03:44:00,12.4795685,37.86817,2,7510
2025-07-09 03:54:00,12.4795685,37.86817,2,7510
2025-07-09 04:04:00,12.4795685,37.86817,2,7510
2025-07-09 04:14:00,12.4795685,37.86817,2,7510
2025-07-09 04:24:00,12.4795685,37.86817,2,7510
2025-07-09 04:34:00,12.4795685,37.86817,2,7510
2025-07-09 04:44:00,12.4795685,37.86817,2,7510
2025-07-09 04:54:00,12.4795685,37.86817,2,7510
2025-07-09 05:04:00,12.4795685,37.86817,2,7510
2025-07-09 05:14:00,12.4795685,37.86817,2,7510
2025-07-09 05:24:00,12.4795685,37.86817,2,7510
2025-07-09 05:34:00,12.4795685,37.86817,2,7510
2025-07-09 05:44:00,12.4795685,37.86817,2,7510
2025-07-09 05:54:00,12.4795685,37.86817,2,7510
2025-07-09 06:04:00,12.4795685,37.86817,2,7510
2025-07-09 06:14:00,12.4795685,37.86817,2,7510
2025-07-09 06:24:00,12.4795685,37.86817,2,7510
2025-07-09 06:34:00,12.4795685,37.86817,2,7510
2025-07-09 06:44:00,12.4795685,37.86817,2,7510
2025-07-09 06:54:00,12.4795685,37.86817,2,7510
2025-07-09 07:04:00,12.4795685,37.86817,2,7510
2025-07-09 07:14:00,12.4795685,37.86817,2,7510
2025-07-09 07:24:00,12.4795685,37.86817,2,7510
2025-07-09 07:34:00,12.4795685,37.86817,2,7510
2025-07-09 07:44:00,12.4795685,37.86817,2,7510
2025-07-09 07:54:00,12.4795685,37.86817,2,7510
2025-07-09 08:04:00,12.4795685,37.86817,2,7510
2025-07-09 08:14:00,12.4795685,37.86817,2,7510
2025-07-09 08:24:00,12.4795685,37.86817,2,7510
2025-07-09 08:34:00,12.4795685,37.86817,2,7510
2025-07-09 08:44:00,12.4795685,37.86817,2,7510
2025-07-09 08:54:00,12.4795685,37.86817,2,7510
2025-07-09 09:04:00,12.4795685,37.86817,2,7510
2025-07-09 09:14:00,12.4795685,37.86817,2,7510
2025-07-09 09:24:00,12.4795685,37.86817,2,7510
2025-07-09 09:34:00,12.4795685,37.86817,2,7510
2025-07-09 09:44:00,12.4795685,37.86817,2,7510
2025-07-09 09:54:00,12.4795685,37.86817,2,7510
2025-07-09 10:04:00,12.4795685,37.86817,2,7510
2025-07-09 10:14:00,12.4795685,37.86817,2,7510
2025-07-09 10:24:00,12.4795685,37.86817,2,7510
2025-07-09 10:34:00,12.4795685,37.86817,2,7510
2025-07-09 10:44:00,12.4795685,37.86817,2,7510
2025-07-09 10:54:00,12.4795685,37.86817,2,7510
2025-07-09 11:04:00,12.4795685,37.86817,2,7510
2025-07-09 11:14:00,12.4795685,37.86817,2,7510
2025-07-09 11:24:00,12.4795685,37.86817,2,7510
2025-07-09 11:34:00,12.4795685,37.86817,2,7510
2025-07-09 11:44:00,12.4795685,37.86817,2,7510
2025-07-09 11:54:00,12.4795685,37.86817,2,7510
2025-07-09 12:04:00,12.4795685,37.86817,2,7510
2025-07-09 12:14:00,12.4795685,37.86817,2,7510
2025-07-09 12:24:00,12.4795685,37.86817,2,7510
2025-07-09 12:34:00,12.4795685,37.86817,2,7510
2025-07-09 12:44:00,12.4795685,37.86817,2,7510
2025-07-09 12:54:00,12.4795685,37.86817,2,7510
2025-07-09 13:04:00,12.4795685,37.86817,2,7510
2025-07-09 13:14:00,12.4795685,37.86817,2,7510
2025-07-09 13:24:00,12.4795685,37.86817,2,7510
2025-07-09 13:34:00,12.4795685,37.86817,2,7510
2025-07-09 13:44:00,12.4795685,37.86817,2,7510
2025-07-09 13:54:00,12.4795685,37.86817,2,7510
2025-07-09 14:04:00,12.4795685,37.86817,2,7510
2025-07-09 14:14:00,12.4795685,37.86817,2,7510
2025-07-09 14:24:00,12.479528,37.867504,2,7510
2025-07-09 14:34:00,12.479528,37.867504,2,7510
2025-07-09 14:44:00,12.479528,37.867504,2,7510
2025-07-09 14:54:00,12.479528,37.867504,2,7510
2025-07-09 15:04:00,12.479528,37.867504,2,7510
2025-07-09 15:14:00,12.479528,37.867504,2,7510
2025-07-09 15:24:00,12.479528,37.867504,2,7510
2025-07-09 15:34:00,12.479528,37.867504,2,7510
2025-07-09 15:44:00,12.479528,37.867504,2,7510
2025-07-09 15:54:00,12.479528,37.867504,2,7510
2025-07-09 16:04:00,12.479528,37.867504,2,7510
2025-07-09 16:14:00,12.479528,37.867504,2,7510
2025-07-09 16:24:00,12.479528,37.867504,2,7510
2025-07-09 16:34:00,12.479528,37.867504,2,7510
2025-07-09 16:44:00,12.479528,37.867504,2,7510
2025-07-09 16:54:00,12.479528,37.867504,2,7510
2025-07-09 17:04:00,12.479528,37.867504,2,7510
2025-07-09 17:14:00,12.479528,37.867504,2,7510
2025-07-09 17:24:00,12.479528,37.867504,2,7510
2025-07-09 17:34:00,12.479528,37.867504,2,7510
2025-07-09 17:44:00,12.479528,37.867504,2,7510
2025-07-09 17:54:00,12.479528,37.867504,2,7510
2025-07-09 18:04:00,12.479528,37.867504,2,7510
2025-07-09 18:14:00,12.479528,37.867504,2,7510
2025-07-09 18:24:00,12.479528,37.867504,2,7510
2025-07-09 18:34:00,12.479528,37.867504,2,7510
2025-07-09 18:44:00,12.479528,37.867504,2,7510
2025-07-09 18:54:00,12.479528,37.867504,2,7510
2025-07-09 19:04:00,12.479528,37.867504,2,7510
2025-07-09 19:14:00,12.479528,37.867504,2,7510
2025-07-09 19:24:00,12.479528,37.867504,2,7510
2025-07-09 19:34:00,12.479528,37.867504,2,7510
2025-07-09 19:44:00,12.479528,37.867504,2,7510
2025-07-09 19:54:00,12.479528,37.867504,2,7510
2025-07-09 20:04:00,12.479528,37.867504,2,7510
2025-07-09 20:14:00,12.479528,37.867504,2,7510
2025-07-09 20:24:00,12.479528,37.867504,2,7510
2025-07-09 20:34:00,12.479528,37.867504,2,7510
2025-07-09 20:44:00,12.479528,37.867504,2,7510
2025-07-09 20:54:00,12.479528,37.867504,2,7510
2025-07-09 21:04:00,12.479528,37.867504,2,7510
2025-07-09 21:14:00,12.479528,37.867504,2,7510
2025-07-09 21:24:00,12.479528,37.867504,2,7510
2025-07-09 21:34:00,12.479528,37.867504,2,7510
2025-07-09 21:44:00,12.479528,37.867504,2,7510
2025-07-09 21:54:00,12.479528,37.867504,2,7510
2025-07-09 22:04:00,12.479528,37.867504,2,7510
2025-07-09 22:14:00,12.479528,37.867504,2,7510
2025-07-09 22:24:00,12.479528,37.867504,2,7510
2025-07-09 22:34:00,12.479528,37.867504,2,7510
2025-07-09 22:44:00,12.479528,37.867504,2,7510
2025-07-09 22:54:00,12.479528,37.867504,2,7510
2025-07-09 23:04:00,12.479528,37.867504,2,7510
2025-07-09 23:14:00,12.479528,37.867504,2,7510
2025-07-09 23:24:00,12.479528,37.867504,2,7510
2025-07-09 23:34:00,12.479528,37.867504,2,7510
2025-07-09 23:44:00,12.479528,37.867504,2,7510
2025-07-09 23:54:00,12.479528,37.867504,2,7510
2025-07-10 00:04:00,12.479528,37.867504,2,7510
2025-07-08 07:44:00,12.44981,37.88916,3,2520
2025-07-08 07:54:00,12.450277,37.889595,3,2520
2025-07-08 08:04:00,12.450775,37.89004,3,2520
2025-07-08 08:14:00,12.451295,37.890472,3,2520
2025-07-08 08:24:00,12.451835,37.890873,3,2520
2025-07-08 08:34:00,12.452392,37.89126,3,2520
2025-07-08 08:44:00,12.452962,37.891632,3,2520
2025-07-08 08:54:00,12.453535,37.892,3,2520
2025-07-08 09:04:00,12.454108,37.89235,3,2520
2025-07-08 09:14:00,12.454719,37.892685,3,2520
2025-07-08 09:24:00,12.455371,37.892994,3,2520
2025-07-08 09:34:00,12.456054,37.893272,3,2520
2025-07-08 09:44:00,12.456766,37.893517,3,2520
2025-07-08 09:54:00,12.457523,37.893726,3,2520
2025-07-08 10:04:00,12.458326,37.893906,3,2520
2025-07-08 10:14:00,12.459133,37.894073,3,2520
2025-07-08 10:24:00,12.459924,37.89423,3,2520
2025-07-08 10:34:00,12.460696,37.89438,3,2520
2025-07-08 10:44:00,12.461449,37.894505,3,2520
2025-07-08 10:54:00,12.462182,37.894615,3,2520
2025-07-08 11:04:00,12.462891,37.89471,3,2520
2025-07-08 11:14:00,12.463547,37.894756,3,2520
2025-07-08 11:24:00,12.463547,37.894756,3,2520
2025-07-08 11:34:00,12.463547,37.894756,3,2520
2025-07-08 11:44:00,12.463547,37.894756,3,2520
2025-07-08 11:54:00,12.463547,37.894756,3,2520
2025-07-08 12:04:00,12.463547,37.894756,3,2520
2025-07-08 12:14:00,12.463547,37.894756,3,2520
2025-07-08 12:24:00,12.463547,37.894756,3,2520
2025-07-08 12:34:00,12.463547,37.894756,3,2520
2025-07-08 12:44:00,12.463547,37.894756,3,2520
2025-07-08 12:54:00,12.463547,37.894756,3,2520
2025-07-08 13:04:00,12.463547,37.894756,3,2520
2025-07-08 13:14:00,12.463547,37.894756,3,2520
2025-07-08 13:24:00,12.463547,37.894756,3,2520
2025-07-08 13:34:00,12.463547,37.894756,3,2520
2025-07-08 13:44:00,12.463547,37.894756,3,2520
2025-07-08 13:54:00,12.463547,37.894756,3,2520
2025-07-08 14:04:00,12.463547,37.894756,3,2520
2025-07-08 14:14:00,12.463547,37.894756,3,2520
2025-07-08 14:24:00,12.463547,37.894756,3,2520
2025-07-08 14:34:00,12.463547,37.894756,3,2520
2025-07-08 14:44:00,12.463547,37.894756,3,2520
2025-07-08 14:54:00,12.463547,37.894756,3,2520
2025-07-08 15:04:00,12.463547,37.894756,3,2520
2025-07-08 15:14:00,12.463547,37.894756,3,2520
2025-07-08 15:24:00,12.463547,37.894756,3,2520
2025-07-08 15:34:00,12.463547,37.894756,3,2520
2025-07-08 15:44:00,12.463547,37.894756,3,2520
2025-07-08 15:54:00,12.463547,37.894756,3,2520
2025-07-08 16:04:00,12.463547,37.894756,3,2520
2025-07-08 16:14:00,12.463547,37.894756,3,2520
2025-07-08 16:24:00,12.463547,37.894756,3,2520
2025-07-08 16:34:00,12.463547,37.894756,3,2520
2025-07-08 16:44:00,12.463547,37.894756,3,2520
2025-07-08 16:54:00,12.463547,37.894756,3,2520
2025-07-08 17:04:00,12.463547,37.894756,3,2520
2025-07-08 17:14:00,12.463547,37.894756,3,2520
2025-07-08 17:24:00,12.463547,37.894756,3,2520
2025-07-08 17:34:00,12.463547,37.894756,3,2520
2025-07-08 17:44:00,12.463547,37.894756,3,2520
2025-07-08 17:54:00,12.463547,37.894756,3,2520
2025-07-08 18:04:00,12.463547,37.894756,3,2520
2025-07-08 18:14:00,12.463547,37.894756,3,2520
2025-07-08 18:24:00,12.463547,37.894756,3,2520
2025-07-08 18:34:00,12.463547,37.894756,3,2520
2025-07-08 18:44:00,12.463547,37.894756,3,2520
2025-07-08 18:54:00,12.463547,37.894756,3,2520
2025-07-08 19:04:00,12.463547,37.894756,3,2520
2025-07-08 19:14:00,12.463547,37.894756,3,2520
2025-07-08 19:24:00,12.463547,37.894756,3,2520
2025-07-08 19:34:00,12.463547,37.894756,3,2520
2025-07-08 19:44:00,12.463547,37.894756,3,2520
2025-07-08 19:54:00,12.463547,37.894756,3,2520
2025-07-08 20:04:00,12.463547,37.894756,3,2520
2025-07-08 20:14:00,12.463547,37.894756,3,2520
2025-07-08 20:24:00,12.463547,37.894756,3,2520
2025-07-08 20:34:00,12.463547,37.894756,3,2520
2025-07-08 20:44:00,12.463547,37.894756,3,2520
2025-07-08 20:54:00,12.463547,37.894756,3,2520
2025-07-08 21:04:00,12.463547,37.894756,3,2520
2025-07-08 21:14:00,12.463547,37.894756,3,2520
2025-07-08 21:24:00,12.463547,37.894756,3,2520
2025-07-08 21:34:00,12.463547,37.894756,3,2520
2025-07-08 21:44:00,12.463547,37.894756,3,2520
2025-07-08 21:54:00,12.463547,37.894756,3,2520
2025-07-08 22:04:00,12.463547,37.894756,3,2520
2025-07-08 22:14:00,12.463547,37.894756,3,2520
2025-07-08 22:24:00,12.463547,37.894756,3,2520
2025-07-08 22:34:00,12.463547,37.894756,3,2520
2025-07-08 22:44:00,12.463547,37.894756,3,2520
2025-07-08 22:54:00,12.463547,37.894756,3,2520
2025-07-08 23:04:00,12.463547,37.894756,3,2520
2025-07-08 23:14:00,12.463547,37.894756,3,2520
2025-07-08 23:24:00,12.463547,37.894756,3,2520
2025-07-08 23:34:00,12.463547,37.894756,3,2520
2025-07-08 23:44:00,12.463547,37.894756,3,2520
2025-07-08 23:54:00,12.463547,37.894756,3,2520
2025-07-09 00:04:00,12.463547,37.894756,3,2520
2025-07-09 00:14:00,12.463547,37.894756,3,2520
2025-07-09 00:24:00,12.463547,37.894756,3,2520
2025-07-09 00:34:00,12.463547,37.894756,3,2520
2025-07-09 00:44:00,12.463547,37.894756,3,2520
2025-07-09 00:54:00,12.463547,37.894756,3,2520
2025-07-09 01:04:00,12.463547,37.894756,3,2520
2025-07-09 01:14:00,12.463547,37.894756,3,2520
2025-07-09 01:24:00,12.463547,37.894756,3,2520
2025-07-09 01:34:00,12.463547,37.894756,3,2520
2025-07-09 01:44:00,12.463547,37.894756,3,2520
2025-07-09 01:54:00,12.463547,37.894756,3,2520
2025-07-09 02:04:00,12.463547,37.894756,3,2520
2025-07-09 02:14:00,12.463547,37.894756,3,2520
2025-07-09 02:24:00,12.463547,37.894756,3,2520
2025-07-09 02:34:00,12.463547,37.894756,3,2520
2025-07-09 02:44:00,12.463547,37.894756,3,2520
2025-07-09 02:54:00,12.463547,37.894756,3,2520
2025-07-09 03:04:00,12.463547,37.894756,3,2520
2025-07-09 03:14:00,12.463547,37.894756,3,2520
2025-07-09 03:24:00,12.463547,37.894756,3,2520
2025-07-09 03:34:00,12.463547,37.894756,3,2520
2025-07-09 03:44:00,12.463547,37.894756,3,2520
2025-07-09 03:54:00,12.463547,37.894756,3,2520
2025-07-09 04:04:00,12.463547,37.894756,3,2520
2025-07-09 04:14:00,12.463547,37.894756,3,2520
2025-07-09 04:24:00,12.463547,37.894756,3,2520
2025-07-09 04:34:00,12.463547,37.894756,3,2520
2025-07-09 04:44:00,12.463547,37.894756,3,2520
2025-07-09 04:54:00,12.463547,37.894756,3,2520
2025-07-09 05:04:00,12.463547,37.894756,3,2520
2025-07-09 05:14:00,12.463547,37.894756,3,2520
2025-07-09 05:24:00,12.463547,37.894756,3,2520
2025-07-09 05:34:00,12.463547,37.894756,3,2520
2025-07-09 05:44:00,12.463547,37.894756,3,2520
2025-07-09 05:54:00,12.463547,37.894756,3,2520
2025-07-09 06:04:00,12.463547,37.894756,3,2520
2025-07-09 06:14:00,12.463547,37.894756,3,2520
2025-07-09 06:24:00,12.463547,37.894756,3,2520
2025-07-09 06:34:00,12.463547,37.894756,3,2520
2025-07-09 06:44:00,12.463547,37.894756,3,2520
2025-07-09 06:54:00,12.463547,37.894756,3,2520
2025-07-09 07:04:00,12.463547,37.894756,3,2520
2025-07-09 07:14:00,12.463547,37.894756,3,2520
2025-07-09 07:24:00,12.463547,37.894756,3,2520
2025-07-09 07:34:00,12.463547,37.894756,3,2520
2025-07-09 07:44:00,12.463547,37.894756,3,2520
2025-07-09 07:54:00,12.463547,37.894756,3,2520
2025-07-09 08:04:00,12.463547,37.894756,3,2520
2025-07-09 08:14:00,12.463547,37.894756,3,2520
2025-07-09 08:24:00,12.463547,37.894756,3,2520
2025-07-09 08:34:00,12.463547,37.894756,3,2520
2025-07-09 08:44:00,12.463547,37.894756,3,2520
2025-07-09 08:54:00,12.463547,37.894756,3,2520
2025-07-09 09:04:00,12.463547,37.894756,3,2520
2025-07-09 09:14:00,12.463547,37.894756,3,2520
2025-07-09 09:24:00,12.463547,37.894756,3,2520
2025-07-09 09:34:00,12.463724,37.894253,3,2520
2025-07-09 09:44:00,12.463724,37.894253,3,2520
2025-07-09 09:54:00,12.463724,37.894253,3,2520
2025-07-09 10:04:00,12.463724,37.894253,3,2520
2025-07-09 10:14:00,12.463724,37.894253,3,2520
2025-07-09 10:24:00,12.463724,37.894253,3,2520
2025-07-09 10:34:00,12.463724,37.894253,3,2520
2025-07-09 10:44:00,12.463724,37.894253,3,2520
2025-07-09 10:54:00,12.463724,37.894253,3,2520
2025-07-09 11:04:00,12.463724,37.894253,3,2520
2025-07-09 11:14:00,12.463724,37.894253,3,2520
2025-07-09 11:24:00,12.463724,37.894253,3,2520
2025-07-09 11:34:00,12.463724,37.894253,3,2520
2025-07-09 11:44:00,12.463724,37.894253,3,2520
2025-07-09 11:54:00,12.463724,37.894253,3,2520
2025-07-09 12:04:00,12.463724,37.894253,3,2520
2025-07-09 12:14:00,12.463724,37.894253,3,2520
2025-07-09 12:24:00,12.463724,37.894253,3,2520
2025-07-09 12:34:00,12.463724,37.894253,3,2520
2025-07-09 12:44:00,12.463724,37.894253,3,2520
2025-07-09 12:54:00,12.463724,37.894253,3,2520
2025-07-09 13:04:00,12.463724,37.894253,3,2520
2025-07-09 13:14:00,12.463724,37.894253,3,2520
2025-07-09 13:24:00,12.463724,37.894253,3,2520
2025-07-09 13:34:00,12.463724,37.894253,3,2520
2025-07-09 13:44:00,12.463724,37.894253,3,2520
2025-07-09 13:54:00,12.463724,37.894253,3,2520
2025-07-09 14:04:00,12.463724,37.894253,3,2520
2025-07-09 14:14:00,12.463724,37.894253,3,2520
2025-07-09 14:24:00,12.463724,37.894253,3,2520
2025-07-09 14:34:00,12.463727,37.89361,3,2520
2025-07-09 14:44:00,12.463719,37.892284,3,2520
2025-07-09 14:54:00,12.463703,37.890923,3,2520
2025-07-09 15:04:00,12.463704,37.889526,3,2520
2025-07-09 15:14:00,12.463705,37.88813,3,2520
2025-07-09 15:24:00,12.463699,37.88675,3,2520
2025-07-09 15:34:00,12.463701,37.88539,3,2520
2025-07-09 15:44:00,12.463706,37.884056,3,2520
2025-07-09 15:54:00,12.463687,37.882793,3,2520
2025-07-09 16:04:00,12.463648,37.881664,3,2520
2025-07-09 16:14:00,12.463624,37.881134,3,2520
2025-07-09 16:24:00,12.463624,37.881134,3,2520
2025-07-09 16:34:00,12.463624,37.881134,3,2520
2025-07-09 16:44:00,12.463624,37.881134,3,2520
2025-07-09 16:54:00,12.463624,37.881134,3,2520
2025-07-09 17:04:00,12.463624,37.881134,3,2520
2025-07-09 17:14:00,12.463624,37.881134,3,2520
2025-07-09 17:24:00,12.463624,37.881134,3,2520
2025-07-09 17:34:00,12.463624,37.881134,3,2520
2025-07-09 17:44:00,12.463624,37.881134,3,2520
2025-07-09 17:54:00,12.463624,37.881134,3,2520
2025-07-09 18:04:00,12.463624,37.881134,3,2520
2025-07-09 18:14:00,12.463624,37.881134,3,2520
2025-07-09 18:24:00,12.463624,37.881134,3,2520
2025-07-09 18:34:00,12.463624,37.881134,3,2520
2025-07-09 18:44:00,12.463624,37.881134,3,2520
2025-07-09 18:54:00,12.463624,37.881134,3,2520
2025-07-09 19:04:00,12.463624,37.881134,3,2520
2025-07-09 19:14:00,12.463624,37.881134,3,2520
2025-07-09 19:24:00,12.463624,37.881134,3,2520
2025-07-09 19:34:00,12.463624,37.881134,3,2520
2025-07-09 19:44:00,12.463624,37.881134,3,2520
2025-07-09 19:54:00,12.463624,37.881134,3,2520
2025-07-09 20:04:00,12.463624,37.881134,3,2520
2025-07-09 20:14:00,12.463624,37.881134,3,2520
2025-07-09 20:24:00,12.463624,37.881134,3,2520
2025-07-09 20:34:00,12.463624,37.881134,3,2520
2025-07-09 20:44:00,12.463624,37.881134,3,2520
2025-07-09 20:54:00,12.463624,37.881134,3,2520
2025-07-09 21:04:00,12.463624,37.881134,3,2520
2025-07-09 21:14:00,12.463624,37.881134,3,2520
2025-07-09 21:24:00,12.463624,37.881134,3,2520
2025-07-09 21:34:00,12.463624,37.881134,3,2520
2025-07-09 21:44:00,12.463624,37.881134,3,2520
2025-07-09 21:54:00,12.463624,37.881134,3,2520
2025-07-09 22:04:00,12.463624,37.881134,3,2520
2025-07-09 22:14:00,12.463624,37.881134,3,2520
2025-07-09 22:24:00,12.463624,37.881134,3,2520
2025-07-09 22:34:00,12.46368,37.880802,3,2520
2025-07-09 22:44:00,12.463784,37.880165,3,2520
2025-07-09 22:54:00,12.463874,37.87956,3,2520
2025-07-09 23:04:00,12.463961,37.878956,3,2520
2025-07-09 23:14:00,12.464037,37.87837,3,2520
2025-07-09 23:24:00,12.464097,37.877792,3,2520
2025-07-09 23:34:00,12.46414,37.877228,3,2520
2025-07-09 23:44:00,12.464167,37.876667,3,2520
2025-07-09 23:54:00,12.464178,37.87611,3,2520
2025-07-10 00:04:00,12.46422,37.875618,3,2520
2025-07-08 07:44:00,12.44976,37.88919,3,7520
2025-07-08 07:54:00,12.450227,37.889626,3,7520
2025-07-08 08:04:00,12.450724,37.890076,3,7520
2025-07-08 08:14:00,12.451242,37.890507,3,7520
2025-07-08 08:24:00,12.451782,37.890907,3,7520
2025-07-08 08:34:00,12.452338,37.89129,3,7520
2025-07-08 08:44:00,12.452908,37.891666,3,7520
2025-07-08 08:54:00,12.45348,37.892033,3,7520
2025-07-08 09:04:00,12.454054,37.892384,3,7520
2025-07-08 09:14:00,12.454665,37.89272,3,7520
2025-07-08 09:24:00,12.455318,37.89303,3,7520
2025-07-08 09:34:00,12.456002,37.893307,3,7520
2025-07-08 09:44:00,12.456713,37.893547,3,7520
2025-07-08 09:54:00,12.457469,37.89376,3,7520
2025-07-08 10:04:00,12.45827,37.89394,3,7520
2025-07-08 10:14:00,12.459077,37.894104,3,7520
2025-07-08 10:24:00,12.459866,37.89426,3,7520
2025-07-08 10:34:00,12.460638,37.89441,3,7520
2025-07-08 10:44:00,12.46139,37.894535,3,7520
2025-07-08 10:54:00,12.462123,37.894646,3,7520
2025-07-08 11:04:00,12.462832,37.894737,3,7520
2025-07-08 11:14:00,12.463489,37.894787,3,7520
2025-07-08 11:24:00,12.463489,37.894787,3,7520
2025-07-08 11:34:00,12.463489,37.894787,3,7520
2025-07-08 11:44:00,12.463489,37.894787,3,7520
2025-07-08 11:54:00,12.463722,37.89469,3,7520
2025-07-08 12:04:00,12.463722,37.89469,3,7520
2025-07-08 12:14:00,12.463722,37.89469,3,7520
2025-07-08 12:24:00,12.463722,37.89469,3,7520
2025-07-08 12:34:00,12.463722,37.89469,3,7520
2025-07-08 12:44:00,12.463722,37.89469,3,7520
2025-07-08 12:54:00,12.463722,37.89469,3,7520
2025-07-08 13:04:00,12.463722,37.89469,3,7520
2025-07-08 13:14:00,12.463722,37.89469,3,7520
2025-07-08 13:24:00,12.463722,37.89469,3,7520
2025-07-08 13:34:00,12.463722,37.89469,3,7520
2025-07-08 13:44:00,12.463722,37.89469,3,7520
2025-07-08 13:54:00,12.463722,37.89469,3,7520
2025-07-08 14:04:00,12.463722,37.89469,3,7520
2025-07-08 14:14:00,12.463722,37.89469,3,7520
2025-07-08 14:24:00,12.463722,37.89469,3,7520
2025-07-08 14:34:00,12.463722,37.89469,3,7520
2025-07-08 14:44:00,12.463722,37.89469,3,7520
2025-07-08 14:54:00,12.463722,37.89469,3,7520
2025-07-08 15:04:00,12.463722,37.89469,3,7520
2025-07-08 15:14:00,12.463722,37.89469,3,7520
2025-07-08 15:24:00,12.463722,37.89469,3,7520
2025-07-08 15:34:00,12.463722,37.89469,3,7520
2025-07-08 15:44:00,12.463722,37.89469,3,7520
2025-07-08 15:54:00,12.463722,37.89469,3,7520
2025-07-08 16:04:00,12.463722,37.89469,3,7520
2025-07-08 16:14:00,12.463722,37.89469,3,7520
2025-07-08 16:24:00,12.463722,37.89469,3,7520
2025-07-08 16:34:00,12.463722,37.89469,3,7520
2025-07-08 16:44:00,12.463722,37.89469,3,7520
2025-07-08 16:54:00,12.463722,37.89469,3,7520
2025-07-08 17:04:00,12.463722,37.89469,3,7520
2025-07-08 17:14:00,12.463722,37.89469,3,7520
2025-07-08 17:24:00,12.463722,37.89469,3,7520
2025-07-08 17:34:00,12.463722,37.89469,3,7520
2025-07-08 17:44:00,12.463722,37.89469,3,7520
2025-07-08 17:54:00,12.463722,37.89469,3,7520
2025-07-08 18:04:00,12.463722,37.89469,3,7520
2025-07-08 18:14:00,12.463722,37.89469,3,7520
2025-07-08 18:24:00,12.463722,37.89469,3,7520
2025-07-08 18:34:00,12.463722,37.89469,3,7520
2025-07-08 18:44:00,12.463722,37.89469,3,7520
2025-07-08 18:54:00,12.463722,37.89469,3,7520
2025-07-08 19:04:00,12.463722,37.89469,3,7520
2025-07-08 19:14:00,12.463722,37.89469,3,7520
2025-07-08 19:24:00,12.463722,37.89469,3,7520
2025-07-08 19:34:00,12.463722,37.89469,3,7520
2025-07-08 19:44:00,12.463722,37.89469,3,7520
2025-07-08 19:54:00,12.463722,37.89469,3,7520
2025-07-08 20:04:00,12.463722,37.89469,3,7520
2025-07-08 20:14:00,12.463722,37.89469,3,7520
2025-07-08 20:24:00,12.463722,37.89469,3,7520
2025-07-08 20:34:00,12.463722,37.89469,3,7520
2025-07-08 20:44:00,12.463722,37.89469,3,7520
2025-07-08 20:54:00,12.463722,37.89469,3,7520
2025-07-08 21:04:00,12.463722,37.89469,3,7520
2025-07-08 21:14:00,12.463722,37.89469,3,7520
2025-07-08 21:24:00,12.463722,37.89469,3,7520
2025-07-08 21:34:00,12.463722,37.89469,3,7520
2025-07-08 21:44:00,12.463722,37.89469,3,7520
2025-07-08 21:54:00,12.463722,37.89469,3,7520
2025-07-08 22:04:00,12.463722,37.89469,3,7520
2025-07-08 22:14:00,12.463722,37.89469,3,7520
2025-07-08 22:24:00,12.463722,37.89469,3,7520
2025-07-08 22:34:00,12.463722,37.89469,3,7520
2025-07-08 22:44:00,12.463722,37.89469,3,7520
2025-07-08 22:54:00,12.463722,37.89469,3,7520
2025-07-08 23:04:00,12.463722,37.89469,3,7520
2025-07-08 23:14:00,12.463722,37.89469,3,7520
2025-07-08 23:24:00,12.463722,37.89469,3,7520
2025-07-08 23:34:00,12.463722,37.89469,3,7520
2025-07-08 23:44:00,12.463722,37.89469,3,7520
2025-07-08 23:54:00,12.463722,37.89469,3,7520
2025-07-09 00:04:00,12.463722,37.89469,3,7520
2025-07-09 00:14:00,12.463722,37.89469,3,7520
2025-07-09 00:24:00,12.463722,37.89469,3,7520
2025-07-09 00:34:00,12.463722,37.89469,3,7520
2025-07-09 00:44:00,12.463722,37.89469,3,7520
2025-07-09 00:54:00,12.463722,37.89469,3,7520
2025-07-09 01:04:00,12.463722,37.89469,3,7520
2025-07-09 01:14:00,12.463722,37.89469,3,7520
2025-07-09 01:24:00,12.463722,37.89469,3,7520
2025-07-09 01:34:00,12.463722,37.89469,3,7520
2025-07-09 01:44:00,12.463722,37.89469,3,7520
2025-07-09 01:54:00,12.463722,37.89469,3,7520
2025-07-09 02:04:00,12.463722,37.89469,3,7520
2025-07-09 02:14:00,12.463722,37.89469,3,7520
2025-07-09 02:24:00,12.463722,37.89469,3,7520
2025-07-09 02:34:00,12.463722,37.89469,3,7520
2025-07-09 02:44:00,12.463722,37.89469,3,7520
2025-07-09 02:54:00,12.463722,37.89469,3,7520
2025-07-09 03:04:00,12.463722,37.89469,3,7520
2025-07-09 03:14:00,12.463722,37.89469,3,7520
2025-07-09 03:24:00,12.463722,37.89469,3,7520
2025-07-09 03:34:00,12.463722,37.89469,3,7520
2025-07-09 03:44:00,12.463722,37.89469,3,7520
2025-07-09 03:54:00,12.463722,37.89469,3,7520
2025-07-09 04:04:00,12.463722,37.89469,3,7520
2025-07-09 04:14:00,12.463722,37.89469,3,7520
2025-07-09 04:24:00,12.463722,37.89469,3,7520
2025-07-09 04:34:00,12.463722,37.89469,3,7520
2025-07-09 04:44:00,12.463722,37.89469,3,7520
2025-07-09 04:54:00,12.463722,37.89469,3,7520
2025-07-09 05:04:00,12.463722,37.89469,3,7520
2025-07-09 05:14:00,12.463722,37.89469,3,7520
2025-07-09 05:24:00,12.463722,37.89469,3,7520
2025-07-09 05:34:00,12.463722,37.89469,3,7520
2025-07-09 05:44:00,12.463722,37.89469,3,7520
2025-07-09 05:54:00,12.463722,37.89469,3,7520
2025-07-09 06:04:00,12.463722,37.89469,3,7520
2025-07-09 06:14:00,12.463722,37.89469,3,7520
2025-07-09 06:24:00,12.463722,37.89469,3,7520
2025-07-09 06:34:00,12.463722,37.89469,3,7520
2025-07-09 06:44:00,12.463722,37.89469,3,7520
2025-07-09 06:54:00,12.463722,37.89469,3,7520
2025-07-09 07:04:00,12.463722,37.89469,3,7520
2025-07-09 07:14:00,12.463722,37.89469,3,7520
2025-07-09 07:24:00,12.463722,37.89469,3,7520
2025-07-09 07:34:00,12.463722,37.89469,3,7520
2025-07-09 07:44:00,12.463722,37.89469,3,7520
2025-07-09 07:54:00,12.463722,37.89469,3,7520
2025-07-09 08:04:00,12.463722,37.89469,3,7520
2025-07-09 08:14:00,12.463722,37.89469,3,7520
2025-07-09 08:24:00,12.463722,37.89469,3,7520
2025-07-09 08:34:00,12.463722,37.89469,3,7520
2025-07-09 08:44:00,12.463722,37.89469,3,7520
2025-07-09 08:54:00,12.463722,37.89469,3,7520
2025-07-09 09:04:00,12.463722,37.89469,3,7520
2025-07-09 09:14:00,12.463722,37.89469,3,7520
2025-07-09 09:24:00,12.463722,37.89469,3,7520
2025-07-09 09:34:00,12.463722,37.89469,3,7520
2025-07-09 09:44:00,12.463722,37.89469,3,7520
2025-07-09 09:54:00,12.463722,37.89469,3,7520
2025-07-09 10:04:00,12.463722,37.89469,3,7520
2025-07-09 10:14:00,12.463722,37.89469,3,7520
2025-07-09 10:24:00,12.463722,37.89469,3,7520
2025-07-09 10:34:00,12.463722,37.89469,3,7520
2025-07-09 10:44:00,12.463722,37.89469,3,7520
2025-07-09 10:54:00,12.463722,37.89469,3,7520
2025-07-09 11:04:00,12.463722,37.89469,3,7520
2025-07-09 11:14:00,12.463722,37.89469,3,7520
2025-07-09 11:24:00,12.463722,37.89469,3,7520
2025-07-09 11:34:00,12.463722,37.89469,3,7520
2025-07-09 11:44:00,12.463722,37.89469,3,7520
2025-07-09 11:54:00,12.463722,37.89469,3,7520
2025-07-09 12:04:00,12.463722,37.89469,3,7520
2025-07-09 12:14:00,12.463722,37.89469,3,7520
2025-07-09 12:24:00,12.463722,37.89469,3,7520
2025-07-09 12:34:00,12.463722,37.89469,3,7520
2025-07-09 12:44:00,12.463722,37.89469,3,7520
2025-07-09 12:54:00,12.463722,37.89469,3,7520
2025-07-09 13:04:00,12.463722,37.89469,3,7520
2025-07-09 13:14:00,12.463722,37.89469,3,7520
2025-07-09 13:24:00,12.463722,37.89469,3,7520
2025-07-09 13:34:00,12.463722,37.89469,3,7520
2025-07-09 13:44:00,12.463722,37.89469,3,7520
2025-07-09 13:54:00,12.463722,37.89469,3,7520
2025-07-09 14:04:00,12.463722,37.89469,3,7520
2025-07-09 14:14:00,12.463722,37.89469,3,7520
2025-07-09 14:24:00,12.463722,37.89469,3,7520
2025-07-09 14:34:00,12.463722,37.89405,3,7520
2025-07-09 14:44:00,12.46371,37.892735,3,7520
2025-07-09 14:54:00,12.463682,37.891373,3,7520
2025-07-09 15:04:00,12.463666,37.889977,3,7520
2025-07-09 15:14:00,12.46367,37.88858,3,7520
2025-07-09 15:24:00,12.463663,37.8872,3,7520
2025-07-09 15:34:00,12.46366,37.885838,3,7520
2025-07-09 15:44:00,12.463659,37.884502,3,7520
2025-07-09 15:54:00,12.463636,37.883217,3,7520
2025-07-09 16:04:00,12.463591,37.882053,3,7520
2025-07-09 16:14:00,12.46354,37.88099,3,7520
2025-07-09 16:24:00,12.46354,37.88099,3,7520
2025-07-09 16:34:00,12.46354,37.88099,3,7520
2025-07-09 16:44:00,12.46354,37.88099,3,7520
2025-07-09 16:54:00,12.46354,37.88099,3,7520
2025-07-09 17:04:00,12.46354,37.88099,3,7520
2025-07-09 17:14:00,12.46354,37.88099,3,7520
2025-07-09 17:24:00,12.46354,37.88099,3,7520
2025-07-09 17:34:00,12.46354,37.88099,3,7520
2025-07-09 17:44:00,12.46354,37.88099,3,7520
2025-07-09 17:54:00,12.46354,37.88099,3,7520
2025-07-09 18:04:00,12.46354,37.88099,3,7520
2025-07-09 18:14:00,12.46354,37.88099,3,7520
2025-07-09 18:24:00,12.46354,37.88099,3,7520
2025-07-09 18:34:00,12.46354,37.88099,3,7520
2025-07-09 18:44:00,12.46354,37.88099,3,7520
2025-07-09 18:54:00,12.46354,37.88099,3,7520
2025-07-09 19:04:00,12.46354,37.88099,3,7520
2025-07-09 19:14:00,12.46354,37.88099,3,7520
2025-07-09 19:24:00,12.46354,37.88099,3,7520
2025-07-09 19:34:00,12.46354,37.88099,3,7520
2025-07-09 19:44:00,12.46354,37.88099,3,7520
2025-07-09 19:54:00,12.46354,37.88099,3,7520
2025-07-09 20:04:00,12.46354,37.88099,3,7520
2025-07-09 20:14:00,12.46354,37.88099,3,7520
2025-07-09 20:24:00,12.46354,37.88099,3,7520
2025-07-09 20:34:00,12.46354,37.88099,3,7520
2025-07-09 20:44:00,12.46354,37.88099,3,7520
2025-07-09 20:54:00,12.46354,37.88099,3,7520
2025-07-09 21:04:00,12.46354,37.88099,3,7520
2025-07-09 21:14:00,12.46354,37.88099,3,7520
2025-07-09 21:24:00,12.46354,37.88099,3,7520
2025-07-09 21:34:00,12.46354,37.88099,3,7520
2025-07-09 21:44:00,12.46354,37.88099,3,7520
2025-07-09 21:54:00,12.46354,37.88099,3,7520
2025-07-09 22:04:00,12.46354,37.88099,3,7520
2025-07-09 22:14:00,12.46354,37.88099,3,7520
2025-07-09 22:24:00,12.46354,37.88099,3,7520
2025-07-09 22:34:00,12.46354,37.88099,3,7520
2025-07-09 22:44:00,12.46354,37.88099,3,7520
2025-07-09 22:54:00,12.46354,37.88099,3,7520
2025-07-09 23:04:00,12.46354,37.88099,3,7520
2025-07-09 23:14:00,12.46354,37.88099,3,7520
2025-07-09 23:24:00,12.46354,37.88099,3,7520
2025-07-09 23:34:00,12.46354,37.88099,3,7520
2025-07-09 23:44:00,12.46354,37.88099,3,7520
2025-07-09 23:54:00,12.46354,37.88099,3,7520
2025-07-10 00:04:00,12.46354,37.88099,3,7520
2025-07-08 07:44:00,12.44983,37.88919,3,930
2025-07-08 07:54:00,12.450297,37.889626,3,930
2025-07-08 08:04:00,12.450795,37.89007,3,930
2025-07-08 08:14:00,12.451315,37.890503,3,930
2025-07-08 08:24:00,12.451855,37.890903,3,930
2025-07-08 08:34:00,12.452412,37.891285,3,930
2025-07-08 08:44:00,12.452982,37.891663,3,930
2025-07-08 08:54:00,12.453553,37.89203,3,930
2025-07-08 09:04:00,12.454126,37.89238,3,930
2025-07-08 09:14:00,12.454739,37.892715,3,930
2025-07-08 09:24:00,12.455391,37.893024,3,930
2025-07-08 09:34:00,12.456073,37.8933,3,930
2025-07-08 09:44:00,12.456785,37.893543,3,930
2025-07-08 09:54:00,12.457543,37.893753,3,930
2025-07-08 10:04:00,12.458345,37.893932,3,930
2025-07-08 10:14:00,12.459152,37.894096,3,930
2025-07-08 10:24:00,12.459942,37.894253,3,930
2025-07-08 10:34:00,12.460714,37.8944,3,930
2025-07-08 10:44:00,12.461466,37.894527,3,930
2025-07-08 10:54:00,12.462199,37.894638,3,930
2025-07-08 11:04:00,12.462907,37.89473,3,930
2025-07-08 11:14:00,12.463562,37.89478,3,930
2025-07-08 11:24:00,12.463562,37.89478,3,930
2025-07-08 11:34:00,12.463562,37.89478,3,930
2025-07-08 11:44:00,12.463562,37.89478,3,930
2025-07-08 11:54:00,12.463562,37.89478,3,930
2025-07-08 12:04:00,12.463562,37.89478,3,930
2025-07-08 12:14:00,12.463562,37.89478,3,930
2025-07-08 12:24:00,12.463562,37.89478,3,930
2025-07-08 12:34:00,12.463562,37.89478,3,930
2025-07-08 12:44:00,12.463562,37.89478,3,930
2025-07-08 12:54:00,12.463562,37.89478,3,930
2025-07-08 13:04:00,12.463562,37.89478,3,930
2025-07-08 13:14:00,12.463562,37.89478,3,930
2025-07-08 13:24:00,12.463562,37.89478,3,930
2025-07-08 13:34:00,12.463562,37.89478,3,930
2025-07-08 13:44:00,12.463562,37.89478,3,930
2025-07-08 13:54:00,12.463562,37.89478,3,930
2025-07-08 14:04:00,12.463562,37.89478,3,930
2025-07-08 14:14:00,12.463562,37.89478,3,930
2025-07-08 14:24:00,12.463562,37.89478,3,930
2025-07-08 14:34:00,12.463562,37.89478,3,930
2025-07-08 14:44:00,12.463562,37.89478,3,930
2025-07-08 14:54:00,12.463562,37.89478,3,930
2025-07-08 15:04:00,12.463562,37.89478,3,930
2025-07-08 15:14:00,12.463562,37.89478,3,930
2025-07-08 15:24:00,12.463562,37.89478,3,930
2025-07-08 15:34:00,12.463562,37.89478,3,930
2025-07-08 15:44:00,12.463562,37.89478,3,930
2025-07-08 15:54:00,12.463562,37.89478,3,930
2025-07-08 16:04:00,12.463562,37.89478,3,930
2025-07-08 16:14:00,12.463562,37.89478,3,930
2025-07-08 16:24:00,12.463562,37.89478,3,930
2025-07-08 16:34:00,12.463562,37.89478,3,930
2025-07-08 16:44:00,12.463562,37.89478,3,930
2025-07-08 16:54:00,12.463562,37.89478,3,930
2025-07-08 17:04:00,12.463562,37.89478,3,930
2025-07-08 17:14:00,12.463562,37.89478,3,930
2025-07-08 17:24:00,12.463562,37.89478,3,930
2025-07-08 17:34:00,12.463562,37.89478,3,930
2025-07-08 17:44:00,12.463562,37.89478,3,930
2025-07-08 17:54:00,12.463562,37.89478,3,930
2025-07-08 18:04:00,12.463562,37.89478,3,930
2025-07-08 18:14:00,12.463562,37.89478,3,930
2025-07-08 18:24:00,12.463562,37.89478,3,930
2025-07-08 18:34:00,12.463562,37.89478,3,930
2025-07-08 18:44:00,12.463562,37.89478,3,930
2025-07-08 18:54:00,12.463562,37.89478,3,930
2025-07-08 19:04:00,12.463562,37.89478,3,930
2025-07-08 19:14:00,12.463562,37.89478,3,930
2025-07-08 19:24:00,12.463562,37.89478,3,930
2025-07-08 19:34:00,12.463562,37.89478,3,930
2025-07-08 19:44:00,12.463562,37.89478,3,930
2025-07-08 19:54:00,12.463562,37.89478,3,930
2025-07-08 20:04:00,12.463562,37.89478,3,930
2025-07-08 20:14:00,12.463562,37.89478,3,930
2025-07-08 20:24:00,12.463562,37.89478,3,930
2025-07-08 20:34:00,12.463562,37.89478,3,930
2025-07-08 20:44:00,12.463562,37.89478,3,930
2025-07-08 20:54:00,12.463562,37.89478,3,930
2025-07-08 21:04:00,12.463562,37.89478,3,930
2025-07-08 21:14:00,12.463562,37.89478,3,930
2025-07-08 21:24:00,12.463562,37.89478,3,930
2025-07-08 21:34:00,12.463562,37.89478,3,930
2025-07-08 21:44:00,12.463562,37.89478,3,930
2025-07-08 21:54:00,12.463562,37.89478,3,930
2025-07-08 22:04:00,12.463562,37.89478,3,930
2025-07-08 22:14:00,12.463562,37.89478,3,930
2025-07-08 22:24:00,12.463562,37.89478,3,930
2025-07-08 22:34:00,12.463562,37.89478,3,930
2025-07-08 22:44:00,12.463562,37.89478,3,930
2025-07-08 22:54:00,12.463562,37.89478,3,930
2025-07-08 23:04:00,12.463562,37.89478,3,930
2025-07-08 23:14:00,12.463562,37.89478,3,930
2025-07-08 23:24:00,12.463562,37.89478,3,930
2025-07-08 23:34:00,12.463562,37.89478,3,930
2025-07-08 23:44:00,12.463562,37.89478,3,930
2025-07-08 23:54:00,12.463562,37.89478,3,930
2025-07-09 00:04:00,12.463562,37.89478,3,930
2025-07-09 00:14:00,12.463562,37.89478,3,930
2025-07-09 00:24:00,12.463562,37.89478,3,930
2025-07-09 00:34:00,12.463562,37.89478,3,930
2025-07-09 00:44:00,12.463562,37.89478,3,930
2025-07-09 00:54:00,12.463562,37.89478,3,930
2025-07-09 01:04:00,12.463562,37.89478,3,930
2025-07-09 01:14:00,12.463562,37.89478,3,930
2025-07-09 01:24:00,12.463562,37.89478,3,930
2025-07-09 01:34:00,12.463562,37.89478,3,930
2025-07-09 01:44:00,12.463562,37.89478,3,930
2025-07-09 01:54:00,12.463562,37.89478,3,930
2025-07-09 02:04:00,12.463562,37.89478,3,930
2025-07-09 02:14:00,12.463562,37.89478,3,930
2025-07-09 02:24:00,12.463562,37.89478,3,930
2025-07-09 02:34:00,12.463562,37.89478,3,930
2025-07-09 02:44:00,12.463562,37.89478,3,930
2025-07-09 02:54:00,12.463562,37.89478,3,930
2025-07-09 03:04:00,12.463562,37.89478,3,930
2025-07-09 03:14:00,12.463562,37.89478,3,930
2025-07-09 03:24:00,12.463562,37.89478,3,930
2025-07-09 03:34:00,12.463562,37.89478,3,930
2025-07-09 03:44:00,12.463562,37.89478,3,930
2025-07-09 03:54:00,12.463562,37.89478,3,930
2025-07-09 04:04:00,12.463562,37.89478,3,930
2025-07-09 04:14:00,12.463562,37.89478,3,930
2025-07-09 04:24:00,12.463562,37.89478,3,930
2025-07-09 04:34:00,12.463562,37.89478,3,930
2025-07-09 04:44:00,12.463562,37.89478,3,930
2025-07-09 04:54:00,12.463562,37.89478,3,930
2025-07-09 05:04:00,12.463562,37.89478,3,930
2025-07-09 05:14:00,12.463562,37.89478,3,930
2025-07-09 05:24:00,12.463562,37.89478,3,930
2025-07-09 05:34:00,12.463562,37.89478,3,930
2025-07-09 05:44:00,12.463562,37.89478,3,930
2025-07-09 05:54:00,12.463562,37.89478,3,930
2025-07-09 06:04:00,12.463562,37.89478,3,930
2025-07-09 06:14:00,12.463562,37.89478,3,930
2025-07-09 06:24:00,12.463562,37.89478,3,930
2025-07-09 06:34:00,12.463562,37.89478,3,930
2025-07-09 06:44:00,12.463562,37.89478,3,930
2025-07-09 06:54:00,12.463562,37.89478,3,930
2025-07-09 07:04:00,12.463562,37.89478,3,930
2025-07-09 07:14:00,12.463562,37.89478,3,930
2025-07-09 07:24:00,12.463562,37.89478,3,930
2025-07-09 07:34:00,12.463562,37.89478,3,930
2025-07-09 07:44:00,12.463562,37.89478,3,930
2025-07-09 07:54:00,12.463562,37.89478,3,930
2025-07-09 08:04:00,12.463562,37.89478,3,930
2025-07-09 08:14:00,12.463562,37.89478,3,930
2025-07-09 08:24:00,12.463562,37.89478,3,930
2025-07-09 08:34:00,12.463562,37.89478,3,930
2025-07-09 08:44:00,12.463562,37.89478,3,930
2025-07-09 08:54:00,12.463562,37.89478,3,930
2025-07-09 09:04:00,12.463562,37.89478,3,930
2025-07-09 09:14:00,12.463562,37.89478,3,930
2025-07-09 09:24:00,12.463562,37.89478,3,930
2025-07-09 09:34:00,12.463562,37.89478,3,930
2025-07-09 09:44:00,12.463562,37.89478,3,930
2025-07-09 09:54:00,12.463726,37.894268,3,930
2025-07-09 10:04:00,12.463726,37.894268,3,930
2025-07-09 10:14:00,12.463726,37.894268,3,930
2025-07-09 10:24:00,12.463726,37.894268,3,930
2025-07-09 10:34:00,12.463726,37.894268,3,930
2025-07-09 10:44:00,12.463726,37.894268,3,930
2025-07-09 10:54:00,12.463726,37.894268,3,930
2025-07-09 11:04:00,12.463726,37.894268,3,930
2025-07-09 11:14:00,12.463726,37.894268,3,930
2025-07-09 11:24:00,12.463726,37.894268,3,930
2025-07-09 11:34:00,12.463726,37.894268,3,930
2025-07-09 11:44:00,12.463726,37.894268,3,930
2025-07-09 11:54:00,12.463726,37.894268,3,930
2025-07-09 12:04:00,12.463726,37.894268,3,930
2025-07-09 12:14:00,12.463726,37.894268,3,930
2025-07-09 12:24:00,12.463726,37.894268,3,930
2025-07-09 12:34:00,12.463726,37.894268,3,930
2025-07-09 12:44:00,12.463726,37.894268,3,930
2025-07-09 12:54:00,12.463726,37.894268,3,930
2025-07-09 13:04:00,12.463726,37.894268,3,930
2025-07-09 13:14:00,12.463726,37.894268,3,930
2025-07-09 13:24:00,12.463726,37.894268,3,930
2025-07-09 13:34:00,12.463726,37.894268,3,930
2025-07-09 13:44:00,12.463726,37.894268,3,930
2025-07-09 13:54:00,12.463726,37.894268,3,930
2025-07-09 14:04:00,12.463726,37.894268,3,930
2025-07-09 14:14:00,12.463726,37.894268,3,930
2025-07-09 14:24:00,12.463726,37.894268,3,930
2025-07-09 14:34:00,12.463728,37.893623,3,930
2025-07-09 14:44:00,12.463721,37.8923,3,930
2025-07-09 14:54:00,12.463704,37.890938,3,930
2025-07-09 15:04:00,12.463705,37.88954,3,930
2025-07-09 15:14:00,12.463706,37.888145,3,930
2025-07-09 15:24:00,12.4637,37.886765,3,930
2025-07-09 15:34:00,12.463702,37.885406,3,930
2025-07-09 15:44:00,12.463707,37.88407,3,930
2025-07-09 15:54:00,12.463688,37.882805,3,930
2025-07-09 16:04:00,12.463648,37.881676,3,930
2025-07-09 16:14:00,12.463624,37.881145,3,930
2025-07-09 16:24:00,12.463624,37.881145,3,930
2025-07-09 16:34:00,12.463624,37.881145,3,930
2025-07-09 16:44:00,12.463624,37.881145,3,930
2025-07-09 16:54:00,12.463624,37.881145,3,930
2025-07-09 17:04:00,12.463624,37.881145,3,930
2025-07-09 17:14:00,12.463624,37.881145,3,930
2025-07-09 17:24:00,12.463624,37.881145,3,930
2025-07-09 17:34:00,12.463624,37.881145,3,930
2025-07-09 17:44:00,12.463624,37.881145,3,930
2025-07-09 17:54:00,12.463624,37.881145,3,930
2025-07-09 18:04:00,12.463624,37.881145,3,930
2025-07-09 18:14:00,12.463624,37.881145,3,930
2025-07-09 18:24:00,12.463624,37.881145,3,930
2025-07-09 18:34:00,12.463624,37.881145,3,930
2025-07-09 18:44:00,12.463624,37.881145,3,930
2025-07-09 18:54:00,12.463624,37.881145,3,930
2025-07-09 19:04:00,12.463624,37.881145,3,930
2025-07-09 19:14:00,12.463624,37.881145,3,930
2025-07-09 19:24:00,12.463624,37.881145,3,930
2025-07-09 19:34:00,12.463624,37.881145,3,930
2025-07-09 19:44:00,12.463624,37.881145,3,930
2025-07-09 19:54:00,12.463624,37.881145,3,930
2025-07-09 20:04:00,12.463624,37.881145,3,930
2025-07-09 20:14:00,12.463624,37.881145,3,930
2025-07-09 20:24:00,12.463624,37.881145,3,930
2025-07-09 20:34:00,12.463624,37.881145,3,930
2025-07-09 20:44:00,12.463624,37.881145,3,930
2025-07-09 20:54:00,12.463624,37.881145,3,930
2025-07-09 21:04:00,12.463624,37.881145,3,930
2025-07-09 21:14:00,12.463624,37.881145,3,930
2025-07-09 21:24:00,12.463624,37.881145,3,930
2025-07-09 21:34:00,12.463624,37.881145,3,930
2025-07-09 21:44:00,12.463624,37.881145,3,930
2025-07-09 21:54:00,12.463624,37.881145,3,930
2025-07-09 22:04:00,12.463624,37.881145,3,930
2025-07-09 22:14:00,12.463624,37.881145,3,930
2025-07-09 22:24:00,12.463672,37.880806,3,930
2025-07-09 22:34:00,12.4637575,37.880154,3,930
2025-07-09 22:44:00,12.463829,37.87953,3,930
2025-07-09 22:54:00,12.463896,37.878918,3,930
2025-07-09 23:04:00,12.463961,37.878304,3,930
2025-07-09 23:14:00,12.464015,37.877705,3,930
2025-07-09 23:24:00,12.464051,37.87711,3,930
2025-07-09 23:34:00,12.464071,37.87652,3,930
2025-07-09 23:44:00,12.464073,37.87593,3,930
2025-07-09 23:54:00,12.464062,37.87536,3,930
2025-07-10 00:04:00,12.464093,37.87486,3,930
2025-07-08 10:44:00,12.45028,37.88513,4,2520
2025-07-08 10:54:00,12.451006,37.88526,4,2520
2025-07-08 11:04:00,12.451758,37.885365,4,2520
2025-07-08 11:14:00,12.452507,37.885406,4,2520
2025-07-08 11:24:00,12.453195,37.88539,4,2520
2025-07-08 11:34:00,12.453195,37.88539,4,2520
2025-07-08 11:44:00,12.453195,37.88539,4,2520
2025-07-08 11:54:00,12.453195,37.88539,4,2520
2025-07-08 12:04:00,12.453441,37.885265,4,2520
2025-07-08 12:14:00,12.453441,37.885265,4,2520
2025-07-08 12:24:00,12.453441,37.885265,4,2520
2025-07-08 12:34:00,12.453441,37.885265,4,2520
2025-07-08 12:44:00,12.453441,37.885265,4,2520
2025-07-08 12:54:00,12.453441,37.885265,4,2520
2025-07-08 13:04:00,12.453441,37.885265,4,2520
2025-07-08 13:14:00,12.453441,37.885265,4,2520
2025-07-08 13:24:00,12.453441,37.885265,4,2520
2025-07-08 13:34:00,12.453441,37.885265,4,2520
2025-07-08 13:44:00,12.453441,37.885265,4,2520
2025-07-08 13:54:00,12.453441,37.885265,4,2520
2025-07-08 14:04:00,12.453441,37.885265,4,2520
2025-07-08 14:14:00,12.453441,37.885265,4,2520
2025-07-08 14:24:00,12.453441,37.885265,4,2520
2025-07-08 14:34:00,12.453441,37.885265,4,2520
2025-07-08 14:44:00,12.453441,37.885265,4,2520
2025-07-08 14:54:00,12.453441,37.885265,4,2520
2025-07-08 15:04:00,12.453441,37.885265,4,2520
2025-07-08 15:14:00,12.453441,37.885265,4,2520
2025-07-08 15:24:00,12.453441,37.885265,4,2520
2025-07-08 15:34:00,12.453441,37.885265,4,2520
2025-07-08 15:44:00,12.453441,37.885265,4,2520
2025-07-08 15:54:00,12.453441,37.885265,4,2520
2025-07-08 16:04:00,12.453441,37.885265,4,2520
2025-07-08 16:14:00,12.453441,37.885265,4,2520
2025-07-08 16:24:00,12.453441,37.885265,4,2520
2025-07-08 16:34:00,12.453441,37.885265,4,2520
2025-07-08 16:44:00,12.453441,37.885265,4,2520
2025-07-08 16:54:00,12.453441,37.885265,4,2520
2025-07-08 17:04:00,12.453441,37.885265,4,2520
2025-07-08 17:14:00,12.453441,37.885265,4,2520
2025-07-08 17:24:00,12.453441,37.885265,4,2520
2025-07-08 17:34:00,12.453441,37.885265,4,2520
2025-07-08 17:44:00,12.453441,37.885265,4,2520
2025-07-08 17:54:00,12.453441,37.885265,4,2520
2025-07-08 18:04:00,12.453441,37.885265,4,2520
2025-07-08 18:14:00,12.453441,37.885265,4,2520
2025-07-08 18:24:00,12.453441,37.885265,4,2520
2025-07-08 18:34:00,12.453441,37.885265,4,2520
2025-07-08 18:44:00,12.453441,37.885265,4,2520
2025-07-08 18:54:00,12.453441,37.885265,4,2520
2025-07-08 19:04:00,12.453441,37.885265,4,2520
2025-07-08 19:14:00,12.453441,37.885265,4,2520
2025-07-08 19:24:00,12.453441,37.885265,4,2520
2025-07-08 19:34:00,12.453441,37.885265,4,2520
2025-07-08 19:44:00,12.453441,37.885265,4,2520
2025-07-08 19:54:00,12.453441,37.885265,4,2520
2025-07-08 20:04:00,12.453441,37.885265,4,2520
2025-07-08 20:14:00,12.453441,37.885265,4,2520
2025-07-08 20:24:00,12.453441,37.885265,4,2520
2025-07-08 20:34:00,12.453441,37.885265,4,2520
2025-07-08 20:44:00,12.453441,37.885265,4,2520
2025-07-08 20:54:00,12.453441,37.885265,4,2520
2025-07-08 21:04:00,12.453441,37.885265,4,2520
2025-07-08 21:14:00,12.453441,37.885265,4,2520
2025-07-08 21:24:00,12.453441,37.885265,4,2520
2025-07-08 21:34:00,12.453441,37.885265,4,2520
2025-07-08 21:44:00,12.453441,37.885265,4,2520
2025-07-08 21:54:00,12.453441,37.885265,4,2520
2025-07-08 22:04:00,12.453441,37.885265,4,2520
2025-07-08 22:14:00,12.453441,37.885265,4,2520
2025-07-08 22:24:00,12.453441,37.885265,4,2520
2025-07-08 22:34:00,12.453441,37.885265,4,2520
2025-07-08 22:44:00,12.453441,37.885265,4,2520
2025-07-08 22:54:00,12.453441,37.885265,4,2520
2025-07-08 23:04:00,12.453441,37.885265,4,2520
2025-07-08 23:14:00,12.453441,37.885265,4,2520
2025-07-08 23:24:00,12.453441,37.885265,4,2520
2025-07-08 23:34:00,12.453441,37.885265,4,2520
2025-07-08 23:44:00,12.453441,37.885265,4,2520
2025-07-08 23:54:00,12.453441,37.885265,4,2520
2025-07-09 00:04:00,12.453441,37.885265,4,2520
2025-07-09 00:14:00,12.453441,37.885265,4,2520
2025-07-09 00:24:00,12.453441,37.885265,4,2520
2025-07-09 00:34:00,12.453441,37.885265,4,2520
2025-07-09 00:44:00,12.453441,37.885265,4,2520
2025-07-09 00:54:00,12.453441,37.885265,4,2520
2025-07-09 01:04:00,12.453441,37.885265,4,2520
2025-07-09 01:14:00,12.453441,37.885265,4,2520
2025-07-09 01:24:00,12.453441,37.885265,4,2520
2025-07-09 01:34:00,12.453441,37.885265,4,2520
2025-07-09 01:44:00,12.453441,37.885265,4,2520
2025-07-09 01:54:00,12.453441,37.885265,4,2520
2025-07-09 02:04:00,12.453441,37.885265,4,2520
2025-07-09 02:14:00,12.453441,37.885265,4,2520
2025-07-09 02:24:00,12.453441,37.885265,4,2520
2025-07-09 02:34:00,12.453441,37.885265,4,2520
2025-07-09 02:44:00,12.453441,37.885265,4,2520
2025-07-09 02:54:00,12.453441,37.885265,4,2520
2025-07-09 03:04:00,12.453441,37.885265,4,2520
2025-07-09 03:14:00,12.453441,37.885265,4,2520
2025-07-09 03:24:00,12.453441,37.885265,4,2520
2025-07-09 03:34:00,12.453441,37.885265,4,2520
2025-07-09 03:44:00,12.453441,37.885265,4,2520
2025-07-09 03:54:00,12.453441,37.885265,4,2520
2025-07-09 04:04:00,12.453441,37.885265,4,2520
2025-07-09 04:14:00,12.453441,37.885265,4,2520
2025-07-09 04:24:00,12.453441,37.885265,4,2520
2025-07-09 04:34:00,12.453441,37.885265,4,2520
2025-07-09 04:44:00,12.453441,37.885265,4,2520
2025-07-09 04:54:00,12.453441,37.885265,4,2520
2025-07-09 05:04:00,12.453441,37.885265,4,2520
2025-07-09 05:14:00,12.453441,37.885265,4,2520
2025-07-09 05:24:00,12.453441,37.885265,4,2520
2025-07-09 05:34:00,12.453441,37.885265,4,2520
2025-07-09 05:44:00,12.453441,37.885265,4,2520
2025-07-09 05:54:00,12.453441,37.885265,4,2520
2025-07-09 06:04:00,12.453441,37.885265,4,2520
2025-07-09 06:14:00,12.453441,37.885265,4,2520
2025-07-09 06:24:00,12.453441,37.885265,4,2520
2025-07-09 06:34:00,12.453441,37.885265,4,2520
2025-07-09 06:44:00,12.453441,37.885265,4,2520
2025-07-09 06:54:00,12.4537325,37.884773,4,2520
2025-07-09 07:04:00,12.4537325,37.884773,4,2520
2025-07-09 07:14:00,12.4537325,37.884773,4,2520
2025-07-09 07:24:00,12.4537325,37.884773,4,2520
2025-07-09 07:34:00,12.4537325,37.884773,4,2520
2025-07-09 07:44:00,12.4537325,37.884773,4,2520
2025-07-09 07:54:00,12.4537325,37.884773,4,2520
2025-07-09 08:04:00,12.4537325,37.884773,4,2520
2025-07-09 08:14:00,12.4537325,37.884773,4,2520
2025-07-09 08:24:00,12.4537325,37.884773,4,2520
2025-07-09 08:34:00,12.4537325,37.884773,4,2520
2025-07-09 08:44:00,12.4537325,37.884773,4,2520
2025-07-09 08:54:00,12.4537325,37.884773,4,2520
2025-07-09 09:04:00,12.4537325,37.884773,4,2520
2025-07-09 09:14:00,12.4537325,37.884773,4,2520
2025-07-09 09:24:00,12.4537325,37.884773,4,2520
2025-07-09 09:34:00,12.4537325,37.884773,4,2520
2025-07-09 09:44:00,12.4537325,37.884773,4,2520
2025-07-09 09:54:00,12.4537325,37.884773,4,2520
2025-07-09 10:04:00,12.4537325,37.884773,4,2520
2025-07-09 10:14:00,12.4537325,37.884773,4,2520
2025-07-09 10:24:00,12.4537325,37.884773,4,2520
2025-07-09 10:34:00,12.4537325,37.884773,4,2520
2025-07-09 10:44:00,12.4537325,37.884773,4,2520
2025-07-09 10:54:00,12.4537325,37.884773,4,2520
2025-07-09 11:04:00,12.4537325,37.884773,4,2520
2025-07-09 11:14:00,12.4537325,37.884773,4,2520
2025-07-09 11:24:00,12.4537325,37.884773,4,2520
2025-07-09 11:34:00,12.4537325,37.884773,4,2520
2025-07-09 11:44:00,12.4537325,37.884773,4,2520
2025-07-09 11:54:00,12.4537325,37.884773,4,2520
2025-07-09 12:04:00,12.4537325,37.884773,4,2520
2025-07-09 12:14:00,12.4537325,37.884773,4,2520
2025-07-09 12:24:00,12.4537325,37.884773,4,2520
2025-07-09 12:34:00,12.4537325,37.884773,4,2520
2025-07-09 12:44:00,12.4537325,37.884773,4,2520
2025-07-09 12:54:00,12.4537325,37.884773,4,2520
2025-07-09 13:04:00,12.4537325,37.884773,4,2520
2025-07-09 13:14:00,12.4537325,37.884773,4,2520
2025-07-09 13:24:00,12.4537325,37.884773,4,2520
2025-07-09 13:34:00,12.4537325,37.884773,4,2520
2025-07-09 13:44:00,12.4537325,37.884773,4,2520
2025-07-09 13:54:00,12.4537325,37.884773,4,2520
2025-07-09 14:04:00,12.4537325,37.884773,4,2520
2025-07-09 14:14:00,12.4537325,37.884773,4,2520
2025-07-09 14:24:00,12.4537325,37.884773,4,2520
2025-07-09 14:34:00,12.4537325,37.884773,4,2520
2025-07-09 14:44:00,12.4537325,37.884773,4,2520
2025-07-09 14:54:00,12.453727,37.884155,4,2520
2025-07-09 15:04:00,12.45369,37.88291,4,2520
2025-07-09 15:14:00,12.453624,37.881653,4,2520
2025-07-09 15:24:00,12.453551,37.88036,4,2520
2025-07-09 15:34:00,12.453475,37.879036,4,2520
2025-07-09 15:44:00,12.453361,37.877747,4,2520
2025-07-09 15:54:00,12.453226,37.8765,4,2520
2025-07-09 16:04:00,12.45309,37.87529,4,2520
2025-07-09 16:14:00,12.45298,37.87412,4,2520
2025-07-09 16:24:00,12.452883,37.872993,4,2520
2025-07-09 16:34:00,12.452756,37.871944,4,2520
2025-07-09 16:44:00,12.452606,37.870914,4,2520
2025-07-09 16:54:00,12.452417,37.869793,4,2520
2025-07-09 17:04:00,12.452203,37.86863,4,2520
2025-07-09 17:14:00,12.451991,37.86753,4,2520
2025-07-09 17:24:00,12.451818,37.86648,4,2520
2025-07-09 17:34:00,12.451693,37.865467,4,2520
2025-07-09 17:44:00,12.451542,37.864494,4,2520
2025-07-09 17:54:00,12.451352,37.863552,4,2520
2025-07-09 18:04:00,12.451168,37.86265,4,2520
2025-07-09 18:14:00,12.451012,37.861805,4,2520
2025-07-09 18:24:00,12.450843,37.861015,4,2520
2025-07-09 18:34:00,12.450632,37.86028,4,2520
2025-07-09 18:44:00,12.450399,37.859573,4,2520
2025-07-09 18:54:00,12.450179,37.85888,4,2520
2025-07-09 19:04:00,12.449974,37.858196,4,2520
2025-07-09 19:14:00,12.449794,37.857517,4,2520
2025-07-09 19:24:00,12.449633,37.856823,4,2520
2025-07-09 19:34:00,12.449489,37.856113,4,2520
2025-07-09 19:44:00,12.449368,37.855385,4,2520
2025-07-09 19:54:00,12.44928,37.854656,4,2520
2025-07-09 20:04:00,12.4492235,37.853928,4,2520
2025-07-09 20:14:00,12.4492235,37.853928,4,2520
2025-07-09 20:24:00,12.4492235,37.853928,4,2520
2025-07-09 20:34:00,12.4492235,37.853928,4,2520
2025-07-09 20:44:00,12.4492235,37.853928,4,2520
2025-07-09 20:54:00,12.4492235,37.853928,4,2520
2025-07-09 21:04:00,12.4492235,37.853928,4,2520
2025-07-09 21:14:00,12.4492235,37.853928,4,2520
2025-07-09 21:24:00,12.4492235,37.853928,4,2520
2025-07-09 21:34:00,12.4492235,37.853928,4,2520
2025-07-09 21:44:00,12.4492235,37.853928,4,2520
2025-07-09 21:54:00,12.4492235,37.853928,4,2520
2025-07-09 22:04:00,12.4492235,37.853928,4,2520
2025-07-09 22:14:00,12.4492235,37.853928,4,2520
2025-07-09 22:24:00,12.4492235,37.853928,4,2520
2025-07-09 22:34:00,12.4492235,37.853928,4,2520
2025-07-09 22:44:00,12.4492235,37.853928,4,2520
2025-07-09 22:54:00,12.449272,37.853607,4,2520
2025-07-09 23:04:00,12.449272,37.853607,4,2520
2025-07-09 23:14:00,12.449272,37.853607,4,2520
2025-07-09 23:24:00,12.449272,37.853607,4,2520
2025-07-09 23:34:00,12.449272,37.853607,4,2520
2025-07-09 23:44:00,12.449272,37.853607,4,2520
2025-07-09 23:54:00,12.449272,37.853607,4,2520
2025-07-10 00:04:00,12.449272,37.853607,4,2520
2025-07-08 10:44:00,12.45017,37.8852,4,7520
2025-07-08 10:54:00,12.450891,37.885334,4,7520
2025-07-08 11:04:00,12.451638,37.88544,4,7520
2025-07-08 11:14:00,12.452387,37.885494,4,7520
2025-07-08 11:24:00,12.453079,37.885483,4,7520
2025-07-08 11:34:00,12.453079,37.885483,4,7520
2025-07-08 11:44:00,12.453079,37.885483,4,7520
2025-07-08 11:54:00,12.453079,37.885483,4,7520
2025-07-08 12:04:00,12.453336,37.885372,4,7520
2025-07-08 12:14:00,12.453336,37.885372,4,7520
2025-07-08 12:24:00,12.453336,37.885372,4,7520
2025-07-08 12:34:00,12.453336,37.885372,4,7520
2025-07-08 12:44:00,12.453336,37.885372,4,7520
2025-07-08 12:54:00,12.453336,37.885372,4,7520
2025-07-08 13:04:00,12.453336,37.885372,4,7520
2025-07-08 13:14:00,12.453336,37.885372,4,7520
2025-07-08 13:24:00,12.453336,37.885372,4,7520
2025-07-08 13:34:00,12.453336,37.885372,4,7520
2025-07-08 13:44:00,12.453336,37.885372,4,7520
2025-07-08 13:54:00,12.453336,37.885372,4,7520
2025-07-08 14:04:00,12.453336,37.885372,4,7520
2025-07-08 14:14:00,12.453336,37.885372,4,7520
2025-07-08 14:24:00,12.453336,37.885372,4,7520
2025-07-08 14:34:00,12.453336,37.885372,4,7520
2025-07-08 14:44:00,12.453336,37.885372,4,7520
2025-07-08 14:54:00,12.453336,37.885372,4,7520
2025-07-08 15:04:00,12.453336,37.885372,4,7520
2025-07-08 15:14:00,12.453336,37.885372,4,7520
2025-07-08 15:24:00,12.453336,37.885372,4,7520
2025-07-08 15:34:00,12.453336,37.885372,4,7520
2025-07-08 15:44:00,12.453336,37.885372,4,7520
2025-07-08 15:54:00,12.453336,37.885372,4,7520
2025-07-08 16:04:00,12.453336,37.885372,4,7520
2025-07-08 16:14:00,12.453336,37.885372,4,7520
2025-07-08 16:24:00,12.453336,37.885372,4,7520
2025-07-08 16:34:00,12.453336,37.885372,4,7520
2025-07-08 16:44:00,12.453336,37.885372,4,7520
2025-07-08 16:54:00,12.453336,37.885372,4,7520
2025-07-08 17:04:00,12.453336,37.885372,4,7520
2025-07-08 17:14:00,12.453336,37.885372,4,7520
2025-07-08 17:24:00,12.453336,37.885372,4,7520
2025-07-08 17:34:00,12.453336,37.885372,4,7520
2025-07-08 17:44:00,12.453336,37.885372,4,7520
2025-07-08 17:54:00,12.453336,37.885372,4,7520
2025-07-08 18:04:00,12.453336,37.885372,4,7520
2025-07-08 18:14:00,12.453336,37.885372,4,7520
2025-07-08 18:24:00,12.453336,37.885372,4,7520
2025-07-08 18:34:00,12.453336,37.885372,4,7520
2025-07-08 18:44:00,12.453336,37.885372,4,7520
2025-07-08 18:54:00,12.453336,37.885372,4,7520
2025-07-08 19:04:00,12.453336,37.885372,4,7520
2025-07-08 19:14:00,12.453336,37.885372,4,7520
2025-07-08 19:24:00,12.453336,37.885372,4,7520
2025-07-08 19:34:00,12.453336,37.885372,4,7520
2025-07-08 19:44:00,12.453336,37.885372,4,7520
2025-07-08 19:54:00,12.453336,37.885372,4,7520
2025-07-08 20:04:00,12.453336,37.885372,4,7520
2025-07-08 20:14:00,12.453336,37.885372,4,7520
2025-07-08 20:24:00,12.453336,37.885372,4,7520
2025-07-08 20:34:00,12.453336,37.885372,4,7520
2025-07-08 20:44:00,12.453336,37.885372,4,7520
2025-07-08 20:54:00,12.453336,37.885372,4,7520
2025-07-08 21:04:00,12.453336,37.885372,4,7520
2025-07-08 21:14:00,12.453336,37.885372,4,7520
2025-07-08 21:24:00,12.453336,37.885372,4,7520
2025-07-08 21:34:00,12.453336,37.885372,4,7520
2025-07-08 21:44:00,12.453336,37.885372,4,7520
2025-07-08 21:54:00,12.453336,37.885372,4,7520
2025-07-08 22:04:00,12.453336,37.885372,4,7520
2025-07-08 22:14:00,12.453336,37.885372,4,7520
2025-07-08 22:24:00,12.453336,37.885372,4,7520
2025-07-08 22:34:00,12.453336,37.885372,4,7520
2025-07-08 22:44:00,12.453336,37.885372,4,7520
2025-07-08 22:54:00,12.453336,37.885372,4,7520
2025-07-08 23:04:00,12.453336,37.885372,4,7520
2025-07-08 23:14:00,12.453336,37.885372,4,7520
2025-07-08 23:24:00,12.453336,37.885372,4,7520
2025-07-08 23:34:00,12.453336,37.885372,4,7520
2025-07-08 23:44:00,12.453336,37.885372,4,7520
2025-07-08 23:54:00,12.453336,37.885372,4,7520
2025-07-09 00:04:00,12.453336,37.885372,4,7520
2025-07-09 00:14:00,12.453336,37.885372,4,7520
2025-07-09 00:24:00,12.453336,37.885372,4,7520
2025-07-09 00:34:00,12.453336,37.885372,4,7520
2025-07-09 00:44:00,12.453336,37.885372,4,7520
2025-07-09 00:54:00,12.453336,37.885372,4,7520
2025-07-09 01:04:00,12.453336,37.885372,4,7520
2025-07-09 01:14:00,12.453336,37.885372,4,7520
2025-07-09 01:24:00,12.453336,37.885372,4,7520
2025-07-09 01:34:00,12.453336,37.885372,4,7520
2025-07-09 01:44:00,12.453336,37.885372,4,7520
2025-07-09 01:54:00,12.453336,37.885372,4,7520
2025-07-09 02:04:00,12.453336,37.885372,4,7520
2025-07-09 02:14:00,12.453336,37.885372,4,7520
2025-07-09 02:24:00,12.453336,37.885372,4,7520
2025-07-09 02:34:00,12.453336,37.885372,4,7520
2025-07-09 02:44:00,12.453336,37.885372,4,7520
2025-07-09 02:54:00,12.453336,37.885372,4,7520
2025-07-09 03:04:00,12.453336,37.885372,4,7520
2025-07-09 03:14:00,12.453336,37.885372,4,7520
2025-07-09 03:24:00,12.453336,37.885372,4,7520
2025-07-09 03:34:00,12.453336,37.885372,4,7520
2025-07-09 03:44:00,12.453336,37.885372,4,7520
2025-07-09 03:54:00,12.453336,37.885372,4,7520
2025-07-09 04:04:00,12.453336,37.885372,4,7520
2025-07-09 04:14:00,12.453336,37.885372,4,7520
2025-07-09 04:24:00,12.453336,37.885372,4,7520
2025-07-09 04:34:00,12.453336,37.885372,4,7520
2025-07-09 04:44:00,12.453336,37.885372,4,7520
2025-07-09 04:54:00,12.453336,37.885372,4,7520
2025-07-09 05:04:00,12.453336,37.885372,4,7520
2025-07-09 05:14:00,12.453336,37.885372,4,7520
2025-07-09 05:24:00,12.453336,37.885372,4,7520
2025-07-09 05:34:00,12.453336,37.885372,4,7520
2025-07-09 05:44:00,12.453336,37.885372,4,7520
2025-07-09 05:54:00,12.453336,37.885372,4,7520
2025-07-09 06:04:00,12.453336,37.885372,4,7520
2025-07-09 06:14:00,12.453336,37.885372,4,7520
2025-07-09 06:24:00,12.453732,37.88493,4,7520
2025-07-09 06:34:00,12.453732,37.88493,4,7520
2025-07-09 06:44:00,12.453732,37.88493,4,7520
2025-07-09 06:54:00,12.453732,37.88493,4,7520
2025-07-09 07:04:00,12.453732,37.88493,4,7520
2025-07-09 07:14:00,12.453732,37.88493,4,7520
2025-07-09 07:24:00,12.453732,37.88493,4,7520
2025-07-09 07:34:00,12.453732,37.88493,4,7520
2025-07-09 07:44:00,12.453732,37.88493,4,7520
2025-07-09 07:54:00,12.453732,37.88493,4,7520
2025-07-09 08:04:00,12.453732,37.88493,4,7520
2025-07-09 08:14:00,12.453732,37.88493,4,7520
2025-07-09 08:24:00,12.453732,37.88493,4,7520
2025-07-09 08:34:00,12.453732,37.88493,4,7520
2025-07-09 08:44:00,12.453732,37.88493,4,7520
2025-07-09 08:54:00,12.453732,37.88493,4,7520
2025-07-09 09:04:00,12.453732,37.88493,4,7520
2025-07-09 09:14:00,12.453732,37.88493,4,7520
2025-07-09 09:24:00,12.453732,37.88493,4,7520
2025-07-09 09:34:00,12.453732,37.88493,4,7520
2025-07-09 09:44:00,12.453732,37.88493,4,7520
2025-07-09 09:54:00,12.453732,37.88493,4,7520
2025-07-09 10:04:00,12.453732,37.88493,4,7520
2025-07-09 10:14:00,12.453732,37.88493,4,7520
2025-07-09 10:24:00,12.453732,37.88493,4,7520
2025-07-09 10:34:00,12.453732,37.88493,4,7520
2025-07-09 10:44:00,12.453732,37.88493,4,7520
2025-07-09 10:54:00,12.453732,37.88493,4,7520
2025-07-09 11:04:00,12.453732,37.88493,4,7520
2025-07-09 11:14:00,12.453732,37.88493,4,7520
2025-07-09 11:24:00,12.453732,37.88493,4,7520
2025-07-09 11:34:00,12.453732,37.88493,4,7520
2025-07-09 11:44:00,12.453732,37.88493,4,7520
2025-07-09 11:54:00,12.453732,37.88493,4,7520
2025-07-09 12:04:00,12.453732,37.88493,4,7520
2025-07-09 12:14:00,12.453732,37.88493,4,7520
2025-07-09 12:24:00,12.453732,37.88493,4,7520
2025-07-09 12:34:00,12.453732,37.88493,4,7520
2025-07-09 12:44:00,12.453732,37.88493,4,7520
2025-07-09 12:54:00,12.453732,37.88493,4,7520
2025-07-09 13:04:00,12.453732,37.88493,4,7520
2025-07-09 13:14:00,12.453732,37.88493,4,7520
2025-07-09 13:24:00,12.453732,37.88493,4,7520
2025-07-09 13:34:00,12.453732,37.88493,4,7520
2025-07-09 13:44:00,12.453732,37.88493,4,7520
2025-07-09 13:54:00,12.453732,37.88493,4,7520
2025-07-09 14:04:00,12.453732,37.88493,4,7520
2025-07-09 14:14:00,12.453732,37.88493,4,7520
2025-07-09 14:24:00,12.453732,37.88493,4,7520
2025-07-09 14:34:00,12.453732,37.88493,4,7520
2025-07-09 14:44:00,12.453732,37.88493,4,7520
2025-07-09 14:54:00,12.453733,37.884315,4,7520
2025-07-09 15:04:00,12.453697,37.88307,4,7520
2025-07-09 15:14:00,12.453633,37.881817,4,7520
2025-07-09 15:24:00,12.45356,37.880535,4,7520
2025-07-09 15:34:00,12.4534855,37.87921,4,7520
2025-07-09 15:44:00,12.453375,37.87792,4,7520
2025-07-09 15:54:00,12.453242,37.876667,4,7520
2025-07-09 16:04:00,12.453103,37.875458,4,7520
2025-07-09 16:14:00,12.45299,37.87428,4,7520
2025-07-09 16:24:00,12.452893,37.87315,4,7520
2025-07-09 16:34:00,12.452771,37.872093,4,7520
2025-07-09 16:44:00,12.452626,37.871075,4,7520
2025-07-09 16:54:00,12.452446,37.86997,4,7520
2025-07-09 17:04:00,12.452231,37.868797,4,7520
2025-07-09 17:14:00,12.452018,37.867695,4,7520
2025-07-09 17:24:00,12.451834,37.866646,4,7520
2025-07-09 17:34:00,12.4517,37.86563,4,7520
2025-07-09 17:44:00,12.451554,37.864655,4,7520
2025-07-09 17:54:00,12.451367,37.863712,4,7520
2025-07-09 18:04:00,12.451177,37.86281,4,7520
2025-07-09 18:14:00,12.451014,37.861954,4,7520
2025-07-09 18:24:00,12.450853,37.86116,4,7520
2025-07-09 18:34:00,12.450649,37.86042,4,7520
2025-07-09 18:44:00,12.4504175,37.859715,4,7520
2025-07-09 18:54:00,12.450194,37.85902,4,7520
2025-07-09 19:04:00,12.449987,37.858337,4,7520
2025-07-09 19:14:00,12.449806,37.85766,4,7520
2025-07-09 19:24:00,12.449646,37.856968,4,7520
2025-07-09 19:34:00,12.449502,37.85626,4,7520
2025-07-09 19:44:00,12.449379,37.855537,4,7520
2025-07-09 19:54:00,12.449289,37.854805,4,7520
2025-07-09 20:04:00,12.44923,37.854076,4,7520
2025-07-09 20:14:00,12.44921,37.853714,4,7520
2025-07-09 20:24:00,12.44921,37.853714,4,7520
2025-07-09 20:34:00,12.44921,37.853714,4,7520
2025-07-09 20:44:00,12.44921,37.853714,4,7520
2025-07-09 20:54:00,12.44921,37.853714,4,7520
2025-07-09 21:04:00,12.44921,37.853714,4,7520
2025-07-09 21:14:00,12.44921,37.853714,4,7520
2025-07-09 21:24:00,12.44921,37.853714,4,7520
2025-07-09 21:34:00,12.44921,37.853714,4,7520
2025-07-09 21:44:00,12.44921,37.853714,4,7520
2025-07-09 21:54:00,12.44921,37.853714,4,7520
2025-07-09 22:04:00,12.44921,37.853714,4,7520
2025-07-09 22:14:00,12.44921,37.853714,4,7520
2025-07-09 22:24:00,12.44921,37.853714,4,7520
2025-07-09 22:34:00,12.44921,37.853714,4,7520
2025-07-09 22:44:00,12.44921,37.853714,4,7520
2025-07-09 22:54:00,12.44921,37.853714,4,7520
2025-07-09 23:04:00,12.44921,37.853714,4,7520
2025-07-09 23:14:00,12.44921,37.853714,4,7520
2025-07-09 23:24:00,12.44921,37.853714,4,7520
2025-07-09 23:34:00,12.44921,37.853714,4,7520
2025-07-09 23:44:00,12.44921,37.853714,4,7520
2025-07-09 23:54:00,12.44921,37.853714,4,7520
2025-07-10 00:04:00,12.44921,37.853714,4,7520
2025-07-08 10:44:00,12.450491,37.88542,4,930
2025-07-08 10:54:00,12.451235,37.88555,4,930
2025-07-08 11:04:00,12.452007,37.885662,4,930
2025-07-08 11:14:00,12.4527645,37.885727,4,930
2025-07-08 11:24:00,12.4527645,37.885727,4,930
2025-07-08 11:34:00,12.4527645,37.885727,4,930
2025-07-08 11:44:00,12.4527645,37.885727,4,930
2025-07-08 11:54:00,12.453046,37.885647,4,930
2025-07-08 12:04:00,12.453046,37.885647,4,930
2025-07-08 12:14:00,12.453046,37.885647,4,930
2025-07-08 12:24:00,12.453046,37.885647,4,930
2025-07-08 12:34:00,12.453046,37.885647,4,930
2025-07-08 12:44:00,12.453046,37.885647,4,930
2025-07-08 12:54:00,12.453046,37.885647,4,930
2025-07-08 13:04:00,12.453046,37.885647,4,930
2025-07-08 13:14:00,12.453046,37.885647,4,930
2025-07-08 13:24:00,12.453046,37.885647,4,930
2025-07-08 13:34:00,12.453046,37.885647,4,930
2025-07-08 13:44:00,12.453046,37.885647,4,930
2025-07-08 13:54:00,12.453046,37.885647,4,930
2025-07-08 14:04:00,12.453046,37.885647,4,930
2025-07-08 14:14:00,12.453046,37.885647,4,930
2025-07-08 14:24:00,12.453046,37.885647,4,930
2025-07-08 14:34:00,12.453046,37.885647,4,930
2025-07-08 14:44:00,12.453046,37.885647,4,930
2025-07-08 14:54:00,12.453046,37.885647,4,930
2025-07-08 15:04:00,12.453046,37.885647,4,930
2025-07-08 15:14:00,12.453046,37.885647,4,930
2025-07-08 15:24:00,12.453046,37.885647,4,930
2025-07-08 15:34:00,12.453046,37.885647,4,930
2025-07-08 15:44:00,12.453046,37.885647,4,930
2025-07-08 15:54:00,12.453046,37.885647,4,930
2025-07-08 16:04:00,12.453046,37.885647,4,930
2025-07-08 16:14:00,12.453046,37.885647,4,930
2025-07-08 16:24:00,12.453046,37.885647,4,930
2025-07-08 16:34:00,12.453046,37.885647,4,930
2025-07-08 16:44:00,12.453046,37.885647,4,930
2025-07-08 16:54:00,12.453046,37.885647,4,930
2025-07-08 17:04:00,12.453046,37.885647,4,930
2025-07-08 17:14:00,12.453046,37.885647,4,930
2025-07-08 17:24:00,12.453046,37.885647,4,930
2025-07-08 17:34:00,12.453046,37.885647,4,930
2025-07-08 17:44:00,12.453046,37.885647,4,930
2025-07-08 17:54:00,12.453046,37.885647,4,930
2025-07-08 18:04:00,12.453046,37.885647,4,930
2025-07-08 18:14:00,12.453046,37.885647,4,930
2025-07-08 18:24:00,12.453046,37.885647,4,930
2025-07-08 18:34:00,12.453046,37.885647,4,930
2025-07-08 18:44:00,12.453046,37.885647,4,930
2025-07-08 18:54:00,12.453046,37.885647,4,930
2025-07-08 19:04:00,12.453046,37.885647,4,930
2025-07-08 19:14:00,12.453046,37.885647,4,930
2025-07-08 19:24:00,12.453046,37.885647,4,930
2025-07-08 19:34:00,12.453046,37.885647,4,930
2025-07-08 19:44:00,12.453046,37.885647,4,930
2025-07-08 19:54:00,12.453046,37.885647,4,930
2025-07-08 20:04:00,12.453046,37.885647,4,930
2025-07-08 20:14:00,12.453046,37.885647,4,930
2025-07-08 20:24:00,12.453046,37.885647,4,930
2025-07-08 20:34:00,12.453046,37.885647,4,930
2025-07-08 20:44:00,12.453046,37.885647,4,930
2025-07-08 20:54:00,12.453046,37.885647,4,930
2025-07-08 21:04:00,12.453046,37.885647,4,930
2025-07-08 21:14:00,12.453046,37.885647,4,930
2025-07-08 21:24:00,12.453046,37.885647,4,930
2025-07-08 21:34:00,12.453046,37.885647,4,930
2025-07-08 21:44:00,12.453046,37.885647,4,930
2025-07-08 21:54:00,12.453046,37.885647,4,930
2025-07-08 22:04:00,12.453046,37.885647,4,930
2025-07-08 22:14:00,12.453046,37.885647,4,930
2025-07-08 22:24:00,12.453046,37.885647,4,930
2025-07-08 22:34:00,12.453046,37.885647,4,930
2025-07-08 22:44:00,12.453046,37.885647,4,930
2025-07-08 22:54:00,12.453046,37.885647,4,930
2025-07-08 23:04:00,12.453046,37.885647,4,930
2025-07-08 23:14:00,12.453046,37.885647,4,930
2025-07-08 23:24:00,12.453046,37.885647,4,930
2025-07-08 23:34:00,12.453046,37.885647,4,930
2025-07-08 23:44:00,12.453046,37.885647,4,930
2025-07-08 23:54:00,12.453046,37.885647,4,930
2025-07-09 00:04:00,12.453046,37.885647,4,930
2025-07-09 00:14:00,12.453046,37.885647,4,930
2025-07-09 00:24:00,12.453046,37.885647,4,930
2025-07-09 00:34:00,12.453046,37.885647,4,930
2025-07-09 00:44:00,12.453046,37.885647,4,930
2025-07-09 00:54:00,12.453046,37.885647,4,930
2025-07-09 01:04:00,12.453046,37.885647,4,930
2025-07-09 01:14:00,12.453046,37.885647,4,930
2025-07-09 01:24:00,12.453046,37.885647,4,930
2025-07-09 01:34:00,12.453046,37.885647,4,930
2025-07-09 01:44:00,12.453046,37.885647,4,930
2025-07-09 01:54:00,12.453046,37.885647,4,930
2025-07-09 02:04:00,12.453046,37.885647,4,930
2025-07-09 02:14:00,12.453046,37.885647,4,930
2025-07-09 02:24:00,12.453046,37.885647,4,930
2025-07-09 02:34:00,12.453046,37.885647,4,930
2025-07-09 02:44:00,12.453046,37.885647,4,930
2025-07-09 02:54:00,12.453046,37.885647,4,930
2025-07-09 03:04:00,12.453046,37.885647,4,930
2025-07-09 03:14:00,12.453046,37.885647,4,930
2025-07-09 03:24:00,12.453046,37.885647,4,930
2025-07-09 03:34:00,12.453046,37.885647,4,930
2025-07-09 03:44:00,12.453046,37.885647,4,930
2025-07-09 03:54:00,12.453046,37.885647,4,930
2025-07-09 04:04:00,12.453046,37.885647,4,930
2025-07-09 04:14:00,12.453046,37.885647,4,930
2025-07-09 04:24:00,12.453046,37.885647,4,930
2025-07-09 04:34:00,12.453046,37.885647,4,930
2025-07-09 04:44:00,12.453046,37.885647,4,930
2025-07-09 04:54:00,12.453046,37.885647,4,930
2025-07-09 05:04:00,12.453046,37.885647,4,930
2025-07-09 05:14:00,12.453046,37.885647,4,930
2025-07-09 05:24:00,12.453046,37.885647,4,930
2025-07-09 05:34:00,12.453046,37.885647,4,930
2025-07-09 05:44:00,12.453046,37.885647,4,930
2025-07-09 05:54:00,12.453046,37.885647,4,930
2025-07-09 06:04:00,12.453046,37.885647,4,930
2025-07-09 06:14:00,12.453481,37.88522,4,930
2025-07-09 06:24:00,12.453481,37.88522,4,930
2025-07-09 06:34:00,12.453481,37.88522,4,930
2025-07-09 06:44:00,12.453481,37.88522,4,930
2025-07-09 06:54:00,12.453481,37.88522,4,930
2025-07-09 07:04:00,12.453739,37.88471,4,930
2025-07-09 07:14:00,12.453739,37.88471,4,930
2025-07-09 07:24:00,12.453739,37.88471,4,930
2025-07-09 07:34:00,12.453739,37.88471,4,930
2025-07-09 07:44:00,12.453739,37.88471,4,930
2025-07-09 07:54:00,12.453739,37.88471,4,930
2025-07-09 08:04:00,12.453739,37.88471,4,930
2025-07-09 08:14:00,12.453739,37.88471,4,930
2025-07-09 08:24:00,12.453739,37.88471,4,930
2025-07-09 08:34:00,12.453739,37.88471,4,930
2025-07-09 08:44:00,12.453739,37.88471,4,930
2025-07-09 08:54:00,12.453739,37.88471,4,930
2025-07-09 09:04:00,12.453739,37.88471,4,930
2025-07-09 09:14:00,12.453739,37.88471,4,930
2025-07-09 09:24:00,12.453739,37.88471,4,930
2025-07-09 09:34:00,12.453739,37.88471,4,930
2025-07-09 09:44:00,12.453739,37.88471,4,930
2025-07-09 09:54:00,12.453739,37.88471,4,930
2025-07-09 10:04:00,12.453739,37.88471,4,930
2025-07-09 10:14:00,12.453739,37.88471,4,930
2025-07-09 10:24:00,12.453739,37.88471,4,930
2025-07-09 10:34:00,12.453739,37.88471,4,930
2025-07-09 10:44:00,12.453739,37.88471,4,930
2025-07-09 10:54:00,12.453739,37.88471,4,930
2025-07-09 11:04:00,12.453739,37.88471,4,930
2025-07-09 11:14:00,12.453739,37.88471,4,930
2025-07-09 11:24:00,12.453739,37.88471,4,930
2025-07-09 11:34:00,12.453739,37.88471,4,930
2025-07-09 11:44:00,12.453739,37.88471,4,930
2025-07-09 11:54:00,12.453739,37.88471,4,930
2025-07-09 12:04:00,12.453739,37.88471,4,930
2025-07-09 12:14:00,12.453739,37.88471,4,930
2025-07-09 12:24:00,12.453739,37.88471,4,930
2025-07-09 12:34:00,12.453739,37.88471,4,930
2025-07-09 12:44:00,12.453739,37.88471,4,930
2025-07-09 12:54:00,12.453739,37.88471,4,930
2025-07-09 13:04:00,12.453739,37.88471,4,930
2025-07-09 13:14:00,12.453739,37.88471,4,930
2025-07-09 13:24:00,12.453739,37.88471,4,930
2025-07-09 13:34:00,12.453739,37.88471,4,930
2025-07-09 13:44:00,12.453739,37.88471,4,930
2025-07-09 13:54:00,12.453739,37.88471,4,930
2025-07-09 14:04:00,12.453739,37.88471,4,930
2025-07-09 14:14:00,12.453739,37.88471,4,930
2025-07-09 14:24:00,12.453739,37.88471,4,930
2025-07-09 14:34:00,12.453739,37.88471,4,930
2025-07-09 14:44:00,12.453739,37.88471,4,930
2025-07-09 14:54:00,12.453739,37.88471,4,930
2025-07-09 15:04:00,12.453707,37.88346,4,930
2025-07-09 15:14:00,12.453649,37.882214,4,930
2025-07-09 15:24:00,12.453573,37.88095,4,930
2025-07-09 15:34:00,12.4535,37.879642,4,930
2025-07-09 15:44:00,12.453398,37.87834,4,930
2025-07-09 15:54:00,12.45327,37.877087,4,930
2025-07-09 16:04:00,12.45313,37.875866,4,930
2025-07-09 16:14:00,12.453007,37.874683,4,930
2025-07-09 16:24:00,12.452912,37.873543,4,930
2025-07-09 16:34:00,12.452803,37.872463,4,930
2025-07-09 16:44:00,12.452669,37.87145,4,930
2025-07-09 16:54:00,12.452507,37.870384,4,930
2025-07-09 17:04:00,12.452302,37.86923,4,930
2025-07-09 17:14:00,12.452084,37.86811,4,930
2025-07-09 17:24:00,12.451875,37.867058,4,930
2025-07-09 17:34:00,12.451716,37.86604,4,930
2025-07-09 17:44:00,12.451578,37.865055,4,930
2025-07-09 17:54:00,12.4514,37.86411,4,930
2025-07-09 18:04:00,12.451196,37.8632,4,930
2025-07-09 18:14:00,12.451016,37.862335,4,930
2025-07-09 18:24:00,12.450861,37.861526,4,930
2025-07-09 18:34:00,12.450674,37.860775,4,930
2025-07-09 18:44:00,12.450455,37.86006,4,930
2025-07-09 18:54:00,12.450226,37.85937,4,930
2025-07-09 19:04:00,12.450013,37.85869,4,930
2025-07-09 19:14:00,12.449828,37.85801,4,930
2025-07-09 19:24:00,12.449668,37.857323,4,930
2025-07-09 19:34:00,12.449527,37.856625,4,930
2025-07-09 19:44:00,12.449403,37.855904,4,930
2025-07-09 19:54:00,12.449306,37.855175,4,930
2025-07-09 20:04:00,12.449241,37.854443,4,930
2025-07-09 20:14:00,12.449202,37.853718,4,930
2025-07-09 20:24:00,12.449202,37.853718,4,930
2025-07-09 20:34:00,12.449202,37.853718,4,930
2025-07-09 20:44:00,12.449202,37.853718,4,930
2025-07-09 20:54:00,12.449202,37.853718,4,930
2025-07-09 21:04:00,12.449202,37.853718,4,930
2025-07-09 21:14:00,12.449202,37.853718,4,930
2025-07-09 21:24:00,12.449202,37.853718,4,930
2025-07-09 21:34:00,12.449202,37.853718,4,930
2025-07-09 21:44:00,12.449202,37.853718,4,930
2025-07-09 21:54:00,12.449202,37.853718,4,930
2025-07-09 22:04:00,12.449202,37.853718,4,930
2025-07-09 22:14:00,12.449202,37.853718,4,930
2025-07-09 22:24:00,12.449202,37.853718,4,930
2025-07-09 22:34:00,12.449202,37.853718,4,930
2025-07-09 22:44:00,12.449202,37.853718,4,930
2025-07-09 22:54:00,12.449202,37.853718,4,930
2025-07-09 23:04:00,12.449202,37.853718,4,930
2025-07-09 23:14:00,12.449202,37.853718,4,930
2025-07-09 23:24:00,12.449202,37.853718,4,930
2025-07-09 23:34:00,12.449202,37.853718,4,930
2025-07-09 23:44:00,12.449202,37.853718,4,930
2025-07-09 23:54:00,12.449202,37.853718,4,930
2025-07-10 00:04:00,12.449202,37.853718,4,930
2025-07-08 11:34:00,12.453665,37.87489,5,2520
2025-07-08 11:44:00,12.454289,37.874813,5,2520
2025-07-08 11:54:00,12.454856,37.87466,5,2520
2025-07-08 12:04:00,12.455351,37.874435,5,2520
2025-07-08 12:14:00,12.455829,37.87416,5,2520
2025-07-08 12:24:00,12.456316,37.87385,5,2520
2025-07-08 12:34:00,12.456829,37.873512,5,2520
2025-07-08 12:44:00,12.457381,37.873146,5,2520
2025-07-08 12:54:00,12.457981,37.872757,5,2520
2025-07-08 13:04:00,12.458631,37.87235,5,2520
2025-07-08 13:14:00,12.459338,37.87192,5,2520
2025-07-08 13:24:00,12.460106,37.871464,5,2520
2025-07-08 13:34:00,12.460928,37.870964,5,2520
2025-07-08 13:44:00,12.4618025,37.87042,5,2520
2025-07-08 13:54:00,12.462736,37.869827,5,2520
2025-07-08 14:04:00,12.462736,37.869827,5,2520
2025-07-08 14:14:00,12.462736,37.869827,5,2520
2025-07-08 14:24:00,12.462736,37.869827,5,2520
2025-07-08 14:34:00,12.462736,37.869827,5,2520
2025-07-08 14:44:00,12.462736,37.869827,5,2520
2025-07-08 14:54:00,12.462736,37.869827,5,2520
2025-07-08 15:04:00,12.462736,37.869827,5,2520
2025-07-08 15:14:00,12.462736,37.869827,5,2520
2025-07-08 15:24:00,12.462736,37.869827,5,2520
2025-07-08 15:34:00,12.462736,37.869827,5,2520
2025-07-08 15:44:00,12.462736,37.869827,5,2520
2025-07-08 15:54:00,12.463273,37.869556,5,2520
2025-07-08 16:04:00,12.463273,37.869556,5,2520
2025-07-08 16:14:00,12.463273,37.869556,5,2520
2025-07-08 16:24:00,12.463273,37.869556,5,2520
2025-07-08 16:34:00,12.463273,37.869556,5,2520
2025-07-08 16:44:00,12.463273,37.869556,5,2520
2025-07-08 16:54:00,12.463273,37.869556,5,2520
2025-07-08 17:04:00,12.463273,37.869556,5,2520
2025-07-08 17:14:00,12.463273,37.869556,5,2520
2025-07-08 17:24:00,12.463273,37.869556,5,2520
2025-07-08 17:34:00,12.463273,37.869556,5,2520
2025-07-08 17:44:00,12.463273,37.869556,5,2520
2025-07-08 17:54:00,12.463273,37.869556,5,2520
2025-07-08 18:04:00,12.463273,37.869556,5,2520
2025-07-08 18:14:00,12.463273,37.869556,5,2520
2025-07-08 18:24:00,12.463273,37.869556,5,2520
2025-07-08 18:34:00,12.463273,37.869556,5,2520
2025-07-08 18:44:00,12.463273,37.869556,5,2520
2025-07-08 18:54:00,12.463273,37.869556,5,2520
2025-07-08 19:04:00,12.463273,37.869556,5,2520
2025-07-08 19:14:00,12.463273,37.869556,5,2520
2025-07-08 19:24:00,12.463273,37.869556,5,2520
2025-07-08 19:34:00,12.463273,37.869556,5,2520
2025-07-08 19:44:00,12.463273,37.869556,5,2520
2025-07-08 19:54:00,12.463273,37.869556,5,2520
2025-07-08 20:04:00,12.463273,37.869556,5,2520
2025-07-08 20:14:00,12.463273,37.869556,5,2520
2025-07-08 20:24:00,12.463273,37.869556,5,2520
2025-07-08 20:34:00,12.463273,37.869556,5,2520
2025-07-08 20:44:00,12.463273,37.869556,5,2520
2025-07-08 20:54:00,12.463273,37.869556,5,2520
2025-07-08 21:04:00,12.463273,37.869556,5,2520
2025-07-08 21:14:00,12.463273,37.869556,5,2520
2025-07-08 21:24:00,12.463273,37.869556,5,2520
2025-07-08 21:34:00,12.463273,37.869556,5,2520
2025-07-08 21:44:00,12.463273,37.869556,5,2520
2025-07-08 21:54:00,12.463273,37.869556,5,2520
2025-07-08 22:04:00,12.463273,37.869556,5,2520
2025-07-08 22:14:00,12.463273,37.869556,5,2520
2025-07-08 22:24:00,12.463273,37.869556,5,2520
2025-07-08 22:34:00,12.463273,37.869556,5,2520
2025-07-08 22:44:00,12.463273,37.869556,5,2520
2025-07-08 22:54:00,12.463273,37.869556,5,2520
2025-07-08 23:04:00,12.463273,37.869556,5,2520
2025-07-08 23:14:00,12.463273,37.869556,5,2520
2025-07-08 23:24:00,12.463273,37.869556,5,2520
2025-07-08 23:34:00,12.463273,37.869556,5,2520
2025-07-08 23:44:00,12.463273,37.869556,5,2520
2025-07-08 23:54:00,12.463273,37.869556,5,2520
2025-07-09 00:04:00,12.463273,37.869556,5,2520
2025-07-09 00:14:00,12.463273,37.869556,5,2520
2025-07-09 00:24:00,12.463273,37.869556,5,2520
2025-07-09 00:34:00,12.463273,37.869556,5,2520
2025-07-09 00:44:00,12.463273,37.869556,5,2520
2025-07-09 00:54:00,12.463273,37.869556,5,2520
2025-07-09 01:04:00,12.463273,37.869556,5,2520
2025-07-09 01:14:00,12.463273,37.869556,5,2520
2025-07-09 01:24:00,12.463273,37.869556,5,2520
2025-07-09 01:34:00,12.463273,37.869556,5,2520
2025-07-09 01:44:00,12.463273,37.869556,5,2520
2025-07-09 01:54:00,12.463273,37.869556,5,2520
2025-07-09 02:04:00,12.463273,37.869556,5,2520
2025-07-09 02:14:00,12.463273,37.869556,5,2520
2025-07-09 02:24:00,12.463273,37.869556,5,2520
2025-07-09 02:34:00,12.463273,37.869556,5,2520
2025-07-09 02:44:00,12.463273,37.869556,5,2520
2025-07-09 02:54:00,12.463273,37.869556,5,2520
2025-07-09 03:04:00,12.463273,37.869556,5,2520
2025-07-09 03:14:00,12.463273,37.869556,5,2520
2025-07-09 03:24:00,12.463273,37.869556,5,2520
2025-07-09 03:34:00,12.463273,37.869556,5,2520
2025-07-09 03:44:00,12.463273,37.869556,5,2520
2025-07-09 03:54:00,12.463273,37.869556,5,2520
2025-07-09 04:04:00,12.463273,37.869556,5,2520
2025-07-09 04:14:00,12.463273,37.869556,5,2520
2025-07-09 04:24:00,12.463273,37.869556,5,2520
2025-07-09 04:34:00,12.463273,37.869556,5,2520
2025-07-09 04:44:00,12.463273,37.869556,5,2520
2025-07-09 04:54:00,12.463273,37.869556,5,2520
2025-07-09 05:04:00,12.463273,37.869556,5,2520
2025-07-09 05:14:00,12.463273,37.869556,5,2520
2025-07-09 05:24:00,12.463273,37.869556,5,2520
2025-07-09 05:34:00,12.463273,37.869556,5,2520
2025-07-09 05:44:00,12.463273,37.869556,5,2520
2025-07-09 05:54:00,12.463273,37.869556,5,2520
2025-07-09 06:04:00,12.463273,37.869556,5,2520
2025-07-09 06:14:00,12.463273,37.869556,5,2520
2025-07-09 06:24:00,12.463273,37.869556,5,2520
2025-07-09 06:34:00,12.463273,37.869556,5,2520
2025-07-09 06:44:00,12.463273,37.869556,5,2520
2025-07-09 06:54:00,12.463273,37.869556,5,2520
2025-07-09 07:04:00,12.463273,37.869556,5,2520
2025-07-09 07:14:00,12.463273,37.869556,5,2520
2025-07-09 07:24:00,12.463273,37.869556,5,2520
2025-07-09 07:34:00,12.463273,37.869556,5,2520
2025-07-09 07:44:00,12.463273,37.869556,5,2520
2025-07-09 07:54:00,12.463273,37.869556,5,2520
2025-07-09 08:04:00,12.463273,37.869556,5,2520
2025-07-09 08:14:00,12.463273,37.869556,5,2520
2025-07-09 08:24:00,12.463273,37.869556,5,2520
2025-07-09 08:34:00,12.463273,37.869556,5,2520
2025-07-09 08:44:00,12.463273,37.869556,5,2520
2025-07-09 08:54:00,12.463273,37.869556,5,2520
2025-07-09 09:04:00,12.463273,37.869556,5,2520
2025-07-09 09:14:00,12.463273,37.869556,5,2520
2025-07-09 09:24:00,12.463273,37.869556,5,2520
2025-07-09 09:34:00,12.463273,37.869556,5,2520
2025-07-09 09:44:00,12.463273,37.869556,5,2520
2025-07-09 09:54:00,12.463273,37.869556,5,2520
2025-07-09 10:04:00,12.463273,37.869556,5,2520
2025-07-09 10:14:00,12.463273,37.869556,5,2520
2025-07-09 10:24:00,12.463273,37.869556,5,2520
2025-07-09 10:34:00,12.463273,37.869556,5,2520
2025-07-09 10:44:00,12.463273,37.869556,5,2520
2025-07-09 10:54:00,12.463273,37.869556,5,2520
2025-07-09 11:04:00,12.463273,37.869556,5,2520
2025-07-09 11:14:00,12.463273,37.869556,5,2520
2025-07-09 11:24:00,12.463273,37.869556,5,2520
2025-07-09 11:34:00,12.463273,37.869556,5,2520
2025-07-09 11:44:00,12.463273,37.869556,5,2520
2025-07-09 11:54:00,12.463273,37.869556,5,2520
2025-07-09 12:04:00,12.463273,37.869556,5,2520
2025-07-09 12:14:00,12.463273,37.869556,5,2520
2025-07-09 12:24:00,12.463273,37.869556,5,2520
2025-07-09 12:34:00,12.463273,37.869556,5,2520
2025-07-09 12:44:00,12.463273,37.869556,5,2520
2025-07-09 12:54:00,12.463273,37.869556,5,2520
2025-07-09 13:04:00,12.463273,37.869556,5,2520
2025-07-09 13:14:00,12.463273,37.869556,5,2520
2025-07-09 13:24:00,12.463273,37.869556,5,2520
2025-07-09 13:34:00,12.463273,37.869556,5,2520
2025-07-09 13:44:00,12.463273,37.869556,5,2520
2025-07-09 13:54:00,12.463273,37.869556,5,2520
2025-07-09 14:04:00,12.463273,37.869556,5,2520
2025-07-09 14:14:00,12.463273,37.869556,5,2520
2025-07-09 14:24:00,12.463273,37.869556,5,2520
2025-07-09 14:34:00,12.463273,37.869556,5,2520
2025-07-09 14:44:00,12.463273,37.869556,5,2520
2025-07-09 14:54:00,12.463273,37.869556,5,2520
2025-07-09 15:04:00,12.463273,37.869556,5,2520
2025-07-09 15:14:00,12.463273,37.869556,5,2520
2025-07-09 15:24:00,12.463273,37.869556,5,2520
2025-07-09 15:34:00,12.463273,37.869556,5,2520
2025-07-09 15:44:00,12.463273,37.869556,5,2520
2025-07-09 15:54:00,12.463273,37.869556,5,2520
2025-07-09 16:04:00,12.463273,37.869556,5,2520
2025-07-09 16:14:00,12.463273,37.869556,5,2520
2025-07-09 16:24:00,12.463273,37.869556,5,2520
2025-07-09 16:34:00,12.463273,37.869556,5,2520
2025-07-09 16:44:00,12.463273,37.869556,5,2520
2025-07-09 16:54:00,12.463273,37.869556,5,2520
2025-07-09 17:04:00,12.463273,37.869556,5,2520
2025-07-09 17:14:00,12.463273,37.869556,5,2520
2025-07-09 17:24:00,12.463273,37.869556,5,2520
2025-07-09 17:34:00,12.463273,37.869556,5,2520
2025-07-09 17:44:00,12.463273,37.869556,5,2520
2025-07-09 17:54:00,12.463273,37.869556,5,2520
2025-07-09 18:04:00,12.463273,37.869556,5,2520
2025-07-09 18:14:00,12.463273,37.869556,5,2520
2025-07-09 18:24:00,12.463273,37.869556,5,2520
2025-07-09 18:34:00,12.463273,37.869556,5,2520
2025-07-09 18:44:00,12.463273,37.869556,5,2520
2025-07-09 18:54:00,12.463273,37.869556,5,2520
2025-07-09 19:04:00,12.463273,37.869556,5,2520
2025-07-09 19:14:00,12.463273,37.869556,5,2520
2025-07-09 19:24:00,12.463273,37.869556,5,2520
2025-07-09 19:34:00,12.463273,37.869556,5,2520
2025-07-09 19:44:00,12.463273,37.869556,5,2520
2025-07-09 19:54:00,12.463273,37.869556,5,2520
2025-07-09 20:04:00,12.463273,37.869556,5,2520
2025-07-09 20:14:00,12.463273,37.869556,5,2520
2025-07-09 20:24:00,12.463273,37.869556,5,2520
2025-07-09 20:34:00,12.463273,37.869556,5,2520
2025-07-09 20:44:00,12.463273,37.869556,5,2520
2025-07-09 20:54:00,12.463273,37.869556,5,2520
2025-07-09 21:04:00,12.463273,37.869556,5,2520
2025-07-09 21:14:00,12.463273,37.869556,5,2520
2025-07-09 21:24:00,12.463273,37.869556,5,2520
2025-07-09 21:34:00,12.463273,37.869556,5,2520
2025-07-09 21:44:00,12.463273,37.869556,5,2520
2025-07-09 21:54:00,12.463273,37.869556,5,2520
2025-07-09 22:04:00,12.463273,37.869556,5,2520
2025-07-09 22:14:00,12.463273,37.869556,5,2520
2025-07-09 22:24:00,12.463273,37.869556,5,2520
2025-07-09 22:34:00,12.463273,37.869556,5,2520
2025-07-09 22:44:00,12.463273,37.869556,5,2520
2025-07-09 22:54:00,12.463273,37.869556,5,2520
2025-07-09 23:04:00,12.463273,37.869556,5,2520
2025-07-09 23:14:00,12.463273,37.869556,5,2520
2025-07-09 23:24:00,12.463273,37.869556,5,2520
2025-07-09 23:34:00,12.463273,37.869556,5,2520
2025-07-09 23:44:00,12.463273,37.869556,5,2520
2025-07-09 23:54:00,12.463273,37.869556,5,2520
2025-07-10 00:04:00,12.463273,37.869556,5,2520
2025-07-08 11:34:00,12.453625,37.874928,5,7520
2025-07-08 11:44:00,12.45425,37.874855,5,7520
2025-07-08 11:54:00,12.45482,37.874702,5,7520
2025-07-08 12:04:00,12.455319,37.87448,5,7520
2025-07-08 12:14:00,12.455801,37.874207,5,7520
2025-07-08 12:24:00,12.45629,37.8739,5,7520
2025-07-08 12:34:00,12.456804,37.87356,5,7520
2025-07-08 12:44:00,12.457356,37.873196,5,7520
2025-07-08 12:54:00,12.457955,37.872807,5,7520
2025-07-08 13:04:00,12.458604,37.8724,5,7520
2025-07-08 13:14:00,12.4593115,37.87197,5,7520
2025-07-08 13:24:00,12.460081,37.871513,5,7520
2025-07-08 13:34:00,12.460904,37.871014,5,7520
2025-07-08 13:44:00,12.46178,37.87047,5,7520
2025-07-08 13:54:00,12.462712,37.869877,5,7520
2025-07-08 14:04:00,12.463198,37.869564,5,7520
2025-07-08 14:14:00,12.463198,37.869564,5,7520
2025-07-08 14:24:00,12.463198,37.869564,5,7520
2025-07-08 14:34:00,12.463198,37.869564,5,7520
2025-07-08 14:44:00,12.463198,37.869564,5,7520
2025-07-08 14:54:00,12.463198,37.869564,5,7520
2025-07-08 15:04:00,12.463198,37.869564,5,7520
2025-07-08 15:14:00,12.463198,37.869564,5,7520
2025-07-08 15:24:00,12.463198,37.869564,5,7520
2025-07-08 15:34:00,12.463198,37.869564,5,7520
2025-07-08 15:44:00,12.463198,37.869564,5,7520
2025-07-08 15:54:00,12.463198,37.869564,5,7520
2025-07-08 16:04:00,12.463198,37.869564,5,7520
2025-07-08 16:14:00,12.463198,37.869564,5,7520
2025-07-08 16:24:00,12.463198,37.869564,5,7520
2025-07-08 16:34:00,12.463198,37.869564,5,7520
2025-07-08 16:44:00,12.463198,37.869564,5,7520
2025-07-08 16:54:00,12.463198,37.869564,5,7520
2025-07-08 17:04:00,12.463198,37.869564,5,7520
2025-07-08 17:14:00,12.463198,37.869564,5,7520
2025-07-08 17:24:00,12.463198,37.869564,5,7520
2025-07-08 17:34:00,12.463198,37.869564,5,7520
2025-07-08 17:44:00,12.463198,37.869564,5,7520
2025-07-08 17:54:00,12.463198,37.869564,5,7520
2025-07-08 18:04:00,12.463198,37.869564,5,7520
2025-07-08 18:14:00,12.463198,37.869564,5,7520
2025-07-08 18:24:00,12.463198,37.869564,5,7520
2025-07-08 18:34:00,12.463198,37.869564,5,7520
2025-07-08 18:44:00,12.463198,37.869564,5,7520
2025-07-08 18:54:00,12.463198,37.869564,5,7520
2025-07-08 19:04:00,12.463198,37.869564,5,7520
2025-07-08 19:14:00,12.463198,37.869564,5,7520
2025-07-08 19:24:00,12.463198,37.869564,5,7520
2025-07-08 19:34:00,12.463198,37.869564,5,7520
2025-07-08 19:44:00,12.463198,37.869564,5,7520
2025-07-08 19:54:00,12.463198,37.869564,5,7520
2025-07-08 20:04:00,12.463198,37.869564,5,7520
2025-07-08 20:14:00,12.463198,37.869564,5,7520
2025-07-08 20:24:00,12.463198,37.869564,5,7520
2025-07-08 20:34:00,12.463198,37.869564,5,7520
2025-07-08 20:44:00,12.463198,37.869564,5,7520
2025-07-08 20:54:00,12.463198,37.869564,5,7520
2025-07-08 21:04:00,12.463198,37.869564,5,7520
2025-07-08 21:14:00,12.463198,37.869564,5,7520
2025-07-08 21:24:00,12.463198,37.869564,5,7520
2025-07-08 21:34:00,12.463198,37.869564,5,7520
2025-07-08 21:44:00,12.463198,37.869564,5,7520
2025-07-08 21:54:00,12.463198,37.869564,5,7520
2025-07-08 22:04:00,12.463198,37.869564,5,7520
2025-07-08 22:14:00,12.463198,37.869564,5,7520
2025-07-08 22:24:00,12.463198,37.869564,5,7520
2025-07-08 22:34:00,12.463198,37.869564,5,7520
2025-07-08 22:44:00,12.463198,37.869564,5,7520
2025-07-08 22:54:00,12.463198,37.869564,5,7520
2025-07-08 23:04:00,12.463198,37.869564,5,7520
2025-07-08 23:14:00,12.463198,37.869564,5,7520
2025-07-08 23:24:00,12.463198,37.869564,5,7520
2025-07-08 23:34:00,12.463198,37.869564,5,7520
2025-07-08 23:44:00,12.463198,37.869564,5,7520
2025-07-08 23:54:00,12.463198,37.869564,5,7520
2025-07-09 00:04:00,12.463198,37.869564,5,7520
2025-07-09 00:14:00,12.463198,37.869564,5,7520
2025-07-09 00:24:00,12.463198,37.869564,5,7520
2025-07-09 00:34:00,12.463198,37.869564,5,7520
2025-07-09 00:44:00,12.463198,37.869564,5,7520
2025-07-09 00:54:00,12.463198,37.869564,5,7520
2025-07-09 01:04:00,12.463198,37.869564,5,7520
2025-07-09 01:14:00,12.463198,37.869564,5,7520
2025-07-09 01:24:00,12.463198,37.869564,5,7520
2025-07-09 01:34:00,12.463198,37.869564,5,7520
2025-07-09 01:44:00,12.463198,37.869564,5,7520
2025-07-09 01:54:00,12.463198,37.869564,5,7520
2025-07-09 02:04:00,12.463198,37.869564,5,7520
2025-07-09 02:14:00,12.463198,37.869564,5,7520
2025-07-09 02:24:00,12.463198,37.869564,5,7520
2025-07-09 02:34:00,12.463198,37.869564,5,7520
2025-07-09 02:44:00,12.463198,37.869564,5,7520
2025-07-09 02:54:00,12.463198,37.869564,5,7520
2025-07-09 03:04:00,12.463198,37.869564,5,7520
2025-07-09 03:14:00,12.463198,37.869564,5,7520
2025-07-09 03:24:00,12.463198,37.869564,5,7520
2025-07-09 03:34:00,12.463198,37.869564,5,7520
2025-07-09 03:44:00,12.463198,37.869564,5,7520
2025-07-09 03:54:00,12.463198,37.869564,5,7520
2025-07-09 04:04:00,12.463198,37.869564,5,7520
2025-07-09 04:14:00,12.463198,37.869564,5,7520
2025-07-09 04:24:00,12.463198,37.869564,5,7520
2025-07-09 04:34:00,12.463198,37.869564,5,7520
2025-07-09 04:44:00,12.463198,37.869564,5,7520
2025-07-09 04:54:00,12.463198,37.869564,5,7520
2025-07-09 05:04:00,12.463198,37.869564,5,7520
2025-07-09 05:14:00,12.463198,37.869564,5,7520
2025-07-09 05:24:00,12.463198,37.869564,5,7520
2025-07-09 05:34:00,12.463198,37.869564,5,7520
2025-07-09 05:44:00,12.463198,37.869564,5,7520
2025-07-09 05:54:00,12.463198,37.869564,5,7520
2025-07-09 06:04:00,12.463198,37.869564,5,7520
2025-07-09 06:14:00,12.463198,37.869564,5,7520
2025-07-09 06:24:00,12.463198,37.869564,5,7520
2025-07-09 06:34:00,12.463198,37.869564,5,7520
2025-07-09 06:44:00,12.463198,37.869564,5,7520
2025-07-09 06:54:00,12.463198,37.869564,5,7520
2025-07-09 07:04:00,12.463198,37.869564,5,7520
2025-07-09 07:14:00,12.463198,37.869564,5,7520
2025-07-09 07:24:00,12.463198,37.869564,5,7520
2025-07-09 07:34:00,12.463198,37.869564,5,7520
2025-07-09 07:44:00,12.463198,37.869564,5,7520
2025-07-09 07:54:00,12.463198,37.869564,5,7520
2025-07-09 08:04:00,12.463198,37.869564,5,7520
2025-07-09 08:14:00,12.463198,37.869564,5,7520
2025-07-09 08:24:00,12.463198,37.869564,5,7520
2025-07-09 08:34:00,12.463198,37.869564,5,7520
2025-07-09 08:44:00,12.463198,37.869564,5,7520
2025-07-09 08:54:00,12.463198,37.869564,5,7520
2025-07-09 09:04:00,12.463198,37.869564,5,7520
2025-07-09 09:14:00,12.463198,37.869564,5,7520
2025-07-09 09:24:00,12.463198,37.869564,5,7520
2025-07-09 09:34:00,12.463198,37.869564,5,7520
2025-07-09 09:44:00,12.463198,37.869564,5,7520
2025-07-09 09:54:00,12.463198,37.869564,5,7520
2025-07-09 10:04:00,12.463198,37.869564,5,7520
2025-07-09 10:14:00,12.463198,37.869564,5,7520
2025-07-09 10:24:00,12.463198,37.869564,5,7520
2025-07-09 10:34:00,12.463198,37.869564,5,7520
2025-07-09 10:44:00,12.463198,37.869564,5,7520
2025-07-09 10:54:00,12.463198,37.869564,5,7520
2025-07-09 11:04:00,12.463198,37.869564,5,7520
2025-07-09 11:14:00,12.463198,37.869564,5,7520
2025-07-09 11:24:00,12.463198,37.869564,5,7520
2025-07-09 11:34:00,12.463198,37.869564,5,7520
2025-07-09 11:44:00,12.463198,37.869564,5,7520
2025-07-09 11:54:00,12.463198,37.869564,5,7520
2025-07-09 12:04:00,12.463198,37.869564,5,7520
2025-07-09 12:14:00,12.463198,37.869564,5,7520
2025-07-09 12:24:00,12.463198,37.869564,5,7520
2025-07-09 12:34:00,12.463198,37.869564,5,7520
2025-07-09 12:44:00,12.463198,37.869564,5,7520
2025-07-09 12:54:00,12.463198,37.869564,5,7520
2025-07-09 13:04:00,12.463198,37.869564,5,7520
2025-07-09 13:14:00,12.463198,37.869564,5,7520
2025-07-09 13:24:00,12.463198,37.869564,5,7520
2025-07-09 13:34:00,12.463198,37.869564,5,7520
2025-07-09 13:44:00,12.463198,37.869564,5,7520
2025-07-09 13:54:00,12.463198,37.869564,5,7520
2025-07-09 14:04:00,12.463198,37.869564,5,7520
2025-07-09 14:14:00,12.463198,37.869564,5,7520
2025-07-09 14:24:00,12.463198,37.869564,5,7520
2025-07-09 14:34:00,12.463198,37.869564,5,7520
2025-07-09 14:44:00,12.463198,37.869564,5,7520
2025-07-09 14:54:00,12.463198,37.869564,5,7520
2025-07-09 15:04:00,12.463198,37.869564,5,7520
2025-07-09 15:14:00,12.463198,37.869564,5,7520
2025-07-09 15:24:00,12.463198,37.869564,5,7520
2025-07-09 15:34:00,12.463198,37.869564,5,7520
2025-07-09 15:44:00,12.463198,37.869564,5,7520
2025-07-09 15:54:00,12.463198,37.869564,5,7520
2025-07-09 16:04:00,12.463198,37.869564,5,7520
2025-07-09 16:14:00,12.463198,37.869564,5,7520
2025-07-09 16:24:00,12.463198,37.869564,5,7520
2025-07-09 16:34:00,12.463198,37.869564,5,7520
2025-07-09 16:44:00,12.463198,37.869564,5,7520
2025-07-09 16:54:00,12.463198,37.869564,5,7520
2025-07-09 17:04:00,12.463198,37.869564,5,7520
2025-07-09 17:14:00,12.463198,37.869564,5,7520
2025-07-09 17:24:00,12.463198,37.869564,5,7520
2025-07-09 17:34:00,12.463198,37.869564,5,7520
2025-07-09 17:44:00,12.463198,37.869564,5,7520
2025-07-09 17:54:00,12.463198,37.869564,5,7520
2025-07-09 18:04:00,12.463198,37.869564,5,7520
2025-07-09 18:14:00,12.463198,37.869564,5,7520
2025-07-09 18:24:00,12.463198,37.869564,5,7520
2025-07-09 18:34:00,12.463198,37.869564,5,7520
2025-07-09 18:44:00,12.463198,37.869564,5,7520
2025-07-09 18:54:00,12.463198,37.869564,5,7520
2025-07-09 19:04:00,12.463198,37.869564,5,7520
2025-07-09 19:14:00,12.463198,37.869564,5,7520
2025-07-09 19:24:00,12.463198,37.869564,5,7520
2025-07-09 19:34:00,12.463198,37.869564,5,7520
2025-07-09 19:44:00,12.463198,37.869564,5,7520
2025-07-09 19:54:00,12.463198,37.869564,5,7520
2025-07-09 20:04:00,12.463198,37.869564,5,7520
2025-07-09 20:14:00,12.463198,37.869564,5,7520
2025-07-09 20:24:00,12.463198,37.869564,5,7520
2025-07-09 20:34:00,12.463198,37.869564,5,7520
2025-07-09 20:44:00,12.463198,37.869564,5,7520
2025-07-09 20:54:00,12.463198,37.869564,5,7520
2025-07-09 21:04:00,12.463198,37.869564,5,7520
2025-07-09 21:14:00,12.463198,37.869564,5,7520
2025-07-09 21:24:00,12.463198,37.869564,5,7520
2025-07-09 21:34:00,12.463198,37.869564,5,7520
2025-07-09 21:44:00,12.463198,37.869564,5,7520
2025-07-09 21:54:00,12.463198,37.869564,5,7520
2025-07-09 22:04:00,12.463198,37.869564,5,7520
2025-07-09 22:14:00,12.463198,37.869564,5,7520
2025-07-09 22:24:00,12.463198,37.869564,5,7520
2025-07-09 22:34:00,12.463198,37.869564,5,7520
2025-07-09 22:44:00,12.463198,37.869564,5,7520
2025-07-09 22:54:00,12.463198,37.869564,5,7520
2025-07-09 23:04:00,12.463198,37.869564,5,7520
2025-07-09 23:14:00,12.463198,37.869564,5,7520
2025-07-09 23:24:00,12.463198,37.869564,5,7520
2025-07-09 23:34:00,12.463198,37.869564,5,7520
2025-07-09 23:44:00,12.463198,37.869564,5,7520
2025-07-09 23:54:00,12.463198,37.869564,5,7520
2025-07-10 00:04:00,12.463198,37.869564,5,7520
2025-07-08 11:34:00,12.453552,37.874893,5,930
2025-07-08 11:44:00,12.45417,37.874817,5,930
2025-07-08 11:54:00,12.4547415,37.874672,5,930
2025-07-08 12:04:00,12.455241,37.87445,5,930
2025-07-08 12:14:00,12.455725,37.87418,5,930
2025-07-08 12:24:00,12.456214,37.87387,5,930
2025-07-08 12:34:00,12.456729,37.87353,5,930
2025-07-08 12:44:00,12.457282,37.87317,5,930
2025-07-08 12:54:00,12.457882,37.87278,5,930
2025-07-08 13:04:00,12.458532,37.87237,5,930
2025-07-08 13:14:00,12.459241,37.871944,5,930
2025-07-08 13:24:00,12.46001,37.871487,5,930
2025-07-08 13:34:00,12.460833,37.87099,5,930
2025-07-08 13:44:00,12.461708,37.870445,5,930
2025-07-08 13:54:00,12.462642,37.86985,5,930
2025-07-08 14:04:00,12.462642,37.86985,5,930
2025-07-08 14:14:00,12.462642,37.86985,5,930
2025-07-08 14:24:00,12.462642,37.86985,5,930
2025-07-08 14:34:00,12.462642,37.86985,5,930
2025-07-08 14:44:00,12.462642,37.86985,5,930
2025-07-08 14:54:00,12.462642,37.86985,5,930
2025-07-08 15:04:00,12.462642,37.86985,5,930
2025-07-08 15:14:00,12.462642,37.86985,5,930
2025-07-08 15:24:00,12.463178,37.869553,5,930
2025-07-08 15:34:00,12.463178,37.869553,5,930
2025-07-08 15:44:00,12.463178,37.869553,5,930
2025-07-08 15:54:00,12.463178,37.869553,5,930
2025-07-08 16:04:00,12.463178,37.869553,5,930
2025-07-08 16:14:00,12.463178,37.869553,5,930
2025-07-08 16:24:00,12.463178,37.869553,5,930
2025-07-08 16:34:00,12.463178,37.869553,5,930
2025-07-08 16:44:00,12.463178,37.869553,5,930
2025-07-08 16:54:00,12.463178,37.869553,5,930
2025-07-08 17:04:00,12.463178,37.869553,5,930
2025-07-08 17:14:00,12.463178,37.869553,5,930
2025-07-08 17:24:00,12.463178,37.869553,5,930
2025-07-08 17:34:00,12.463178,37.869553,5,930
2025-07-08 17:44:00,12.463178,37.869553,5,930
2025-07-08 17:54:00,12.463178,37.869553,5,930
2025-07-08 18:04:00,12.463178,37.869553,5,930
2025-07-08 18:14:00,12.463178,37.869553,5,930
2025-07-08 18:24:00,12.463178,37.869553,5,930
2025-07-08 18:34:00,12.463178,37.869553,5,930
2025-07-08 18:44:00,12.463178,37.869553,5,930
2025-07-08 18:54:00,12.463178,37.869553,5,930
2025-07-08 19:04:00,12.463178,37.869553,5,930
2025-07-08 19:14:00,12.463178,37.869553,5,930
2025-07-08 19:24:00,12.463178,37.869553,5,930
2025-07-08 19:34:00,12.463178,37.869553,5,930
2025-07-08 19:44:00,12.463178,37.869553,5,930
2025-07-08 19:54:00,12.463178,37.869553,5,930
2025-07-08 20:04:00,12.463178,37.869553,5,930
2025-07-08 20:14:00,12.463178,37.869553,5,930
2025-07-08 20:24:00,12.463178,37.869553,5,930
2025-07-08 20:34:00,12.463178,37.869553,5,930
2025-07-08 20:44:00,12.463178,37.869553,5,930
2025-07-08 20:54:00,12.463178,37.869553,5,930
2025-07-08 21:04:00,12.463178,37.869553,5,930
2025-07-08 21:14:00,12.463178,37.869553,5,930
2025-07-08 21:24:00,12.463178,37.869553,5,930
2025-07-08 21:34:00,12.463178,37.869553,5,930
2025-07-08 21:44:00,12.463178,37.869553,5,930
2025-07-08 21:54:00,12.463178,37.869553,5,930
2025-07-08 22:04:00,12.463178,37.869553,5,930
2025-07-08 22:14:00,12.463178,37.869553,5,930
2025-07-08 22:24:00,12.463178,37.869553,5,930
2025-07-08 22:34:00,12.463178,37.869553,5,930
2025-07-08 22:44:00,12.463178,37.869553,5,930
2025-07-08 22:54:00,12.463178,37.869553,5,930
2025-07-08 23:04:00,12.463178,37.869553,5,930
2025-07-08 23:14:00,12.463178,37.869553,5,930
2025-07-08 23:24:00,12.463178,37.869553,5,930
2025-07-08 23:34:00,12.463178,37.869553,5,930
2025-07-08 23:44:00,12.463178,37.869553,5,930
2025-07-08 23:54:00,12.463178,37.869553,5,930
2025-07-09 00:04:00,12.463178,37.869553,5,930
2025-07-09 00:14:00,12.463178,37.869553,5,930
2025-07-09 00:24:00,12.463178,37.869553,5,930
2025-07-09 00:34:00,12.463178,37.869553,5,930
2025-07-09 00:44:00,12.463178,37.869553,5,930
2025-07-09 00:54:00,12.463178,37.869553,5,930
2025-07-09 01:04:00,12.463178,37.869553,5,930
2025-07-09 01:14:00,12.463178,37.869553,5,930
2025-07-09 01:24:00,12.463178,37.869553,5,930
2025-07-09 01:34:00,12.463178,37.869553,5,930
2025-07-09 01:44:00,12.463178,37.869553,5,930
2025-07-09 01:54:00,12.463178,37.869553,5,930
2025-07-09 02:04:00,12.463178,37.869553,5,930
2025-07-09 02:14:00,12.463178,37.869553,5,930
2025-07-09 02:24:00,12.463178,37.869553,5,930
2025-07-09 02:34:00,12.463178,37.869553,5,930
2025-07-09 02:44:00,12.463178,37.869553,5,930
2025-07-09 02:54:00,12.463178,37.869553,5,930
2025-07-09 03:04:00,12.463178,37.869553,5,930
2025-07-09 03:14:00,12.463178,37.869553,5,930
2025-07-09 03:24:00,12.463178,37.869553,5,930
2025-07-09 03:34:00,12.463178,37.869553,5,930
2025-07-09 03:44:00,12.463178,37.869553,5,930
2025-07-09 03:54:00,12.463178,37.869553,5,930
2025-07-09 04:04:00,12.463178,37.869553,5,930
2025-07-09 04:14:00,12.463178,37.869553,5,930
2025-07-09 04:24:00,12.463178,37.869553,5,930
2025-07-09 04:34:00,12.463178,37.869553,5,930
2025-07-09 04:44:00,12.463178,37.869553,5,930
2025-07-09 04:54:00,12.463178,37.869553,5,930
2025-07-09 05:04:00,12.463178,37.869553,5,930
2025-07-09 05:14:00,12.463178,37.869553,5,930
2025-07-09 05:24:00,12.463178,37.869553,5,930
2025-07-09 05:34:00,12.463178,37.869553,5,930
2025-07-09 05:44:00,12.463178,37.869553,5,930
2025-07-09 05:54:00,12.463178,37.869553,5,930
2025-07-09 06:04:00,12.463178,37.869553,5,930
2025-07-09 06:14:00,12.463178,37.869553,5,930
2025-07-09 06:24:00,12.463178,37.869553,5,930
2025-07-09 06:34:00,12.463178,37.869553,5,930
2025-07-09 06:44:00,12.463178,37.869553,5,930
2025-07-09 06:54:00,12.463178,37.869553,5,930
2025-07-09 07:04:00,12.463178,37.869553,5,930
2025-07-09 07:14:00,12.463178,37.869553,5,930
2025-07-09 07:24:00,12.463178,37.869553,5,930
2025-07-09 07:34:00,12.463178,37.869553,5,930
2025-07-09 07:44:00,12.463178,37.869553,5,930
2025-07-09 07:54:00,12.463178,37.869553,5,930
2025-07-09 08:04:00,12.463178,37.869553,5,930
2025-07-09 08:14:00,12.463178,37.869553,5,930
2025-07-09 08:24:00,12.463178,37.869553,5,930
2025-07-09 08:34:00,12.463178,37.869553,5,930
2025-07-09 08:44:00,12.463178,37.869553,5,930
2025-07-09 08:54:00,12.463178,37.869553,5,930
2025-07-09 09:04:00,12.463178,37.869553,5,930
2025-07-09 09:14:00,12.463178,37.869553,5,930
2025-07-09 09:24:00,12.463178,37.869553,5,930
2025-07-09 09:34:00,12.463178,37.869553,5,930
2025-07-09 09:44:00,12.463178,37.869553,5,930
2025-07-09 09:54:00,12.463178,37.869553,5,930
2025-07-09 10:04:00,12.463178,37.869553,5,930
2025-07-09 10:14:00,12.463178,37.869553,5,930
2025-07-09 10:24:00,12.463178,37.869553,5,930
2025-07-09 10:34:00,12.463178,37.869553,5,930
2025-07-09 10:44:00,12.463178,37.869553,5,930
2025-07-09 10:54:00,12.463178,37.869553,5,930
2025-07-09 11:04:00,12.463178,37.869553,5,930
2025-07-09 11:14:00,12.463178,37.869553,5,930
2025-07-09 11:24:00,12.463178,37.869553,5,930
2025-07-09 11:34:00,12.463178,37.869553,5,930
2025-07-09 11:44:00,12.463178,37.869553,5,930
2025-07-09 11:54:00,12.463178,37.869553,5,930
2025-07-09 12:04:00,12.463178,37.869553,5,930
2025-07-09 12:14:00,12.463178,37.869553,5,930
2025-07-09 12:24:00,12.463178,37.869553,5,930
2025-07-09 12:34:00,12.463178,37.869553,5,930
2025-07-09 12:44:00,12.463178,37.869553,5,930
2025-07-09 12:54:00,12.463178,37.869553,5,930
2025-07-09 13:04:00,12.463178,37.869553,5,930
2025-07-09 13:14:00,12.463178,37.869553,5,930
2025-07-09 13:24:00,12.463178,37.869553,5,930
2025-07-09 13:34:00,12.463178,37.869553,5,930
2025-07-09 13:44:00,12.463178,37.869553,5,930
2025-07-09 13:54:00,12.463178,37.869553,5,930
2025-07-09 14:04:00,12.463178,37.869553,5,930
2025-07-09 14:14:00,12.463178,37.869553,5,930
2025-07-09 14:24:00,12.463178,37.869553,5,930
2025-07-09 14:34:00,12.463178,37.869553,5,930
2025-07-09 14:44:00,12.463178,37.869553,5,930
2025-07-09 14:54:00,12.463178,37.869553,5,930
2025-07-09 15:04:00,12.463178,37.869553,5,930
2025-07-09 15:14:00,12.463178,37.869553,5,930
2025-07-09 15:24:00,12.463178,37.869553,5,930
2025-07-09 15:34:00,12.463178,37.869553,5,930
2025-07-09 15:44:00,12.463178,37.869553,5,930
2025-07-09 15:54:00,12.463178,37.869553,5,930
2025-07-09 16:04:00,12.463178,37.869553,5,930
2025-07-09 16:14:00,12.463178,37.869553,5,930
2025-07-09 16:24:00,12.463178,37.869553,5,930
2025-07-09 16:34:00,12.463178,37.869553,5,930
2025-07-09 16:44:00,12.463178,37.869553,5,930
2025-07-09 16:54:00,12.463178,37.869553,5,930
2025-07-09 17:04:00,12.463178,37.869553,5,930
2025-07-09 17:14:00,12.463178,37.869553,5,930
2025-07-09 17:24:00,12.463178,37.869553,5,930
2025-07-09 17:34:00,12.463178,37.869553,5,930
2025-07-09 17:44:00,12.463178,37.869553,5,930
2025-07-09 17:54:00,12.463178,37.869553,5,930
2025-07-09 18:04:00,12.463178,37.869553,5,930
2025-07-09 18:14:00,12.463178,37.869553,5,930
2025-07-09 18:24:00,12.463178,37.869553,5,930
2025-07-09 18:34:00,12.463178,37.869553,5,930
2025-07-09 18:44:00,12.463178,37.869553,5,930
2025-07-09 18:54:00,12.463178,37.869553,5,930
2025-07-09 19:04:00,12.463178,37.869553,5,930
2025-07-09 19:14:00,12.463178,37.869553,5,930
2025-07-09 19:24:00,12.463178,37.869553,5,930
2025-07-09 19:34:00,12.463178,37.869553,5,930
2025-07-09 19:44:00,12.463178,37.869553,5,930
2025-07-09 19:54:00,12.463178,37.869553,5,930
2025-07-09 20:04:00,12.463178,37.869553,5,930
2025-07-09 20:14:00,12.463178,37.869553,5,930
2025-07-09 20:24:00,12.463178,37.869553,5,930
2025-07-09 20:34:00,12.463178,37.869553,5,930
2025-07-09 20:44:00,12.463178,37.869553,5,930
2025-07-09 20:54:00,12.463178,37.869553,5,930
2025-07-09 21:04:00,12.463178,37.869553,5,930
2025-07-09 21:14:00,12.463178,37.869553,5,930
2025-07-09 21:24:00,12.463178,37.869553,5,930
2025-07-09 21:34:00,12.463178,37.869553,5,930
2025-07-09 21:44:00,12.463178,37.869553,5,930
2025-07-09 21:54:00,12.463178,37.869553,5,930
2025-07-09 22:04:00,12.463178,37.869553,5,930
2025-07-09 22:14:00,12.463178,37.869553,5,930
2025-07-09 22:24:00,12.463178,37.869553,5,930
2025-07-09 22:34:00,12.463178,37.869553,5,930
2025-07-09 22:44:00,12.463178,37.869553,5,930
2025-07-09 22:54:00,12.463178,37.869553,5,930
2025-07-09 23:04:00,12.463178,37.869553,5,930
2025-07-09 23:14:00,12.463178,37.869553,5,930
2025-07-09 23:24:00,12.463178,37.869553,5,930
2025-07-09 23:34:00,12.463178,37.869553,5,930
2025-07-09 23:44:00,12.463178,37.869553,5,930
2025-07-09 23:54:00,12.463178,37.869553,5,930
2025-07-10 00:04:00,12.463178,37.869553,5,930
2025-07-08 14:24:00,12.45275,37.875698,6,0530cnr
2025-07-08 14:34:00,12.4537325,37.875076,6,0530cnr
2025-07-08 14:44:00,12.454744,37.87448,6,0530cnr
2025-07-08 14:54:00,12.455771,37.873936,6,0530cnr
2025-07-08 15:04:00,12.456832,37.873436,6,0530cnr
2025-07-08 15:14:00,12.457932,37.87289,6,0530cnr
2025-07-08 15:24:00,12.459066,37.872326,6,0530cnr
2025-07-08 15:34:00,12.460238,37.871788,6,0530cnr
2025-07-08 15:44:00,12.4614,37.87124,6,0530cnr
2025-07-08 15:54:00,12.462539,37.870686,6,0530cnr
2025-07-08 16:04:00,12.463647,37.870163,6,0530cnr
2025-07-08 16:14:00,12.463647,37.870163,6,0530cnr
2025-07-08 16:24:00,12.463647,37.870163,6,0530cnr
2025-07-08 16:34:00,12.463647,37.870163,6,0530cnr
2025-07-08 16:44:00,12.463647,37.870163,6,0530cnr
2025-07-08 16:54:00,12.463647,37.870163,6,0530cnr
2025-07-08 17:04:00,12.463647,37.870163,6,0530cnr
2025-07-08 17:14:00,12.463647,37.870163,6,0530cnr
2025-07-08 17:24:00,12.463647,37.870163,6,0530cnr
2025-07-08 17:34:00,12.463647,37.870163,6,0530cnr
2025-07-08 17:44:00,12.463647,37.870163,6,0530cnr
2025-07-08 17:54:00,12.463647,37.870163,6,0530cnr
2025-07-08 18:04:00,12.463647,37.870163,6,0530cnr
2025-07-08 18:14:00,12.463647,37.870163,6,0530cnr
2025-07-08 18:24:00,12.463647,37.870163,6,0530cnr
2025-07-08 18:34:00,12.463647,37.870163,6,0530cnr
2025-07-08 18:44:00,12.463647,37.870163,6,0530cnr
2025-07-08 18:54:00,12.463647,37.870163,6,0530cnr
2025-07-08 19:04:00,12.463647,37.870163,6,0530cnr
2025-07-08 19:14:00,12.463647,37.870163,6,0530cnr
2025-07-08 19:24:00,12.463647,37.870163,6,0530cnr
2025-07-08 19:34:00,12.463647,37.870163,6,0530cnr
2025-07-08 19:44:00,12.463647,37.870163,6,0530cnr
2025-07-08 19:54:00,12.463647,37.870163,6,0530cnr
2025-07-08 20:04:00,12.463647,37.870163,6,0530cnr
2025-07-08 20:14:00,12.463647,37.870163,6,0530cnr
2025-07-08 20:24:00,12.463647,37.870163,6,0530cnr
2025-07-08 20:34:00,12.463647,37.870163,6,0530cnr
2025-07-08 20:44:00,12.463647,37.870163,6,0530cnr
2025-07-08 20:54:00,12.463647,37.870163,6,0530cnr
2025-07-08 21:04:00,12.463647,37.870163,6,0530cnr
2025-07-08 21:14:00,12.463647,37.870163,6,0530cnr
2025-07-08 21:24:00,12.463647,37.870163,6,0530cnr
2025-07-08 21:34:00,12.463647,37.870163,6,0530cnr
2025-07-08 21:44:00,12.463647,37.870163,6,0530cnr
2025-07-08 21:54:00,12.463647,37.870163,6,0530cnr
2025-07-08 22:04:00,12.463647,37.870163,6,0530cnr
2025-07-08 22:14:00,12.463647,37.870163,6,0530cnr
2025-07-08 22:24:00,12.463647,37.870163,6,0530cnr
2025-07-08 22:34:00,12.463647,37.870163,6,0530cnr
2025-07-08 22:44:00,12.463647,37.870163,6,0530cnr
2025-07-08 22:54:00,12.463647,37.870163,6,0530cnr
2025-07-08 23:04:00,12.463647,37.870163,6,0530cnr
2025-07-08 23:14:00,12.463647,37.870163,6,0530cnr
2025-07-08 23:24:00,12.463647,37.870163,6,0530cnr
2025-07-08 23:34:00,12.463647,37.870163,6,0530cnr
2025-07-08 23:44:00,12.463647,37.870163,6,0530cnr
2025-07-08 23:54:00,12.463647,37.870163,6,0530cnr
2025-07-09 00:04:00,12.463647,37.870163,6,0530cnr
2025-07-09 00:14:00,12.463647,37.870163,6,0530cnr
2025-07-09 00:24:00,12.463647,37.870163,6,0530cnr
2025-07-09 00:34:00,12.463647,37.870163,6,0530cnr
2025-07-09 00:44:00,12.463647,37.870163,6,0530cnr
2025-07-09 00:54:00,12.463647,37.870163,6,0530cnr
2025-07-09 01:04:00,12.463647,37.870163,6,0530cnr
2025-07-09 01:14:00,12.463647,37.870163,6,0530cnr
2025-07-09 01:24:00,12.463647,37.870163,6,0530cnr
2025-07-09 01:34:00,12.463647,37.870163,6,0530cnr
2025-07-09 01:44:00,12.463647,37.870163,6,0530cnr
2025-07-09 01:54:00,12.463647,37.870163,6,0530cnr
2025-07-09 02:04:00,12.463647,37.870163,6,0530cnr
2025-07-09 02:14:00,12.463647,37.870163,6,0530cnr
2025-07-09 02:24:00,12.463647,37.870163,6,0530cnr
2025-07-09 02:34:00,12.463647,37.870163,6,0530cnr
2025-07-09 02:44:00,12.463647,37.870163,6,0530cnr
2025-07-09 02:54:00,12.463647,37.870163,6,0530cnr
2025-07-09 03:04:00,12.463647,37.870163,6,0530cnr
2025-07-09 03:14:00,12.463647,37.870163,6,0530cnr
2025-07-09 03:24:00,12.463647,37.870163,6,0530cnr
2025-07-09 03:34:00,12.463647,37.870163,6,0530cnr
2025-07-09 03:44:00,12.463647,37.870163,6,0530cnr
2025-07-09 03:54:00,12.463647,37.870163,6,0530cnr
2025-07-09 04:04:00,12.463647,37.870163,6,0530cnr
2025-07-09 04:14:00,12.463647,37.870163,6,0530cnr
2025-07-09 04:24:00,12.463647,37.870163,6,0530cnr
2025-07-09 04:34:00,12.463647,37.870163,6,0530cnr
2025-07-09 04:44:00,12.463647,37.870163,6,0530cnr
2025-07-09 04:54:00,12.463647,37.870163,6,0530cnr
2025-07-09 05:04:00,12.463647,37.870163,6,0530cnr
2025-07-09 05:14:00,12.463647,37.870163,6,0530cnr
2025-07-09 05:24:00,12.463647,37.870163,6,0530cnr
2025-07-09 05:34:00,12.463647,37.870163,6,0530cnr
2025-07-09 05:44:00,12.463647,37.870163,6,0530cnr
2025-07-09 05:54:00,12.463647,37.870163,6,0530cnr
2025-07-09 06:04:00,12.463647,37.870163,6,0530cnr
2025-07-09 06:14:00,12.463647,37.870163,6,0530cnr
2025-07-09 06:24:00,12.463647,37.870163,6,0530cnr
2025-07-09 06:34:00,12.463647,37.870163,6,0530cnr
2025-07-09 06:44:00,12.463647,37.870163,6,0530cnr
2025-07-09 06:54:00,12.463647,37.870163,6,0530cnr
2025-07-09 07:04:00,12.463647,37.870163,6,0530cnr
2025-07-09 07:14:00,12.463647,37.870163,6,0530cnr
2025-07-09 07:24:00,12.463647,37.870163,6,0530cnr
2025-07-09 07:34:00,12.463647,37.870163,6,0530cnr
2025-07-09 07:44:00,12.463647,37.870163,6,0530cnr
2025-07-09 07:54:00,12.463647,37.870163,6,0530cnr
2025-07-09 08:04:00,12.463647,37.870163,6,0530cnr
2025-07-09 08:14:00,12.463647,37.870163,6,0530cnr
2025-07-09 08:24:00,12.463647,37.870163,6,0530cnr
2025-07-09 08:34:00,12.463647,37.870163,6,0530cnr
2025-07-09 08:44:00,12.463647,37.870163,6,0530cnr
2025-07-09 08:54:00,12.463647,37.870163,6,0530cnr
2025-07-09 09:04:00,12.463647,37.870163,6,0530cnr
2025-07-09 09:14:00,12.463647,37.870163,6,0530cnr
2025-07-09 09:24:00,12.463647,37.870163,6,0530cnr
2025-07-09 09:34:00,12.463647,37.870163,6,0530cnr
2025-07-09 09:44:00,12.463647,37.870163,6,0530cnr
2025-07-09 09:54:00,12.463647,37.870163,6,0530cnr
2025-07-09 10:04:00,12.463647,37.870163,6,0530cnr
2025-07-09 10:14:00,12.463647,37.870163,6,0530cnr
2025-07-09 10:24:00,12.463647,37.870163,6,0530cnr
2025-07-09 10:34:00,12.463647,37.870163,6,0530cnr
2025-07-09 10:44:00,12.463647,37.870163,6,0530cnr
2025-07-09 10:54:00,12.463647,37.870163,6,0530cnr
2025-07-09 11:04:00,12.463647,37.870163,6,0530cnr
2025-07-09 11:14:00,12.463647,37.870163,6,0530cnr
2025-07-09 11:24:00,12.463647,37.870163,6,0530cnr
2025-07-09 11:34:00,12.463647,37.870163,6,0530cnr
2025-07-09 11:44:00,12.463647,37.870163,6,0530cnr
2025-07-09 11:54:00,12.463647,37.870163,6,0530cnr
2025-07-09 12:04:00,12.463647,37.870163,6,0530cnr
2025-07-09 12:14:00,12.463647,37.870163,6,0530cnr
2025-07-09 12:24:00,12.463647,37.870163,6,0530cnr
2025-07-09 12:34:00,12.463647,37.870163,6,0530cnr
2025-07-09 12:44:00,12.463647,37.870163,6,0530cnr
2025-07-09 12:54:00,12.463647,37.870163,6,0530cnr
2025-07-09 13:04:00,12.463647,37.870163,6,0530cnr
2025-07-09 13:14:00,12.463647,37.870163,6,0530cnr
2025-07-09 13:24:00,12.463647,37.870163,6,0530cnr
2025-07-09 13:34:00,12.463647,37.870163,6,0530cnr
2025-07-09 13:44:00,12.463647,37.870163,6,0530cnr
2025-07-09 13:54:00,12.463647,37.870163,6,0530cnr
2025-07-09 14:04:00,12.463647,37.870163,6,0530cnr
2025-07-09 14:14:00,12.463647,37.870163,6,0530cnr
2025-07-09 14:24:00,12.463647,37.870163,6,0530cnr
2025-07-09 14:34:00,12.463647,37.870163,6,0530cnr
2025-07-09 14:44:00,12.463647,37.870163,6,0530cnr
2025-07-09 14:54:00,12.463647,37.870163,6,0530cnr
2025-07-09 15:04:00,12.463647,37.870163,6,0530cnr
2025-07-09 15:14:00,12.463647,37.870163,6,0530cnr
2025-07-09 15:24:00,12.463647,37.870163,6,0530cnr
2025-07-09 15:34:00,12.463647,37.870163,6,0530cnr
2025-07-09 15:44:00,12.463647,37.870163,6,0530cnr
2025-07-09 15:54:00,12.463647,37.870163,6,0530cnr
2025-07-09 16:04:00,12.463647,37.870163,6,0530cnr
2025-07-09 16:14:00,12.463647,37.870163,6,0530cnr
2025-07-09 16:24:00,12.463647,37.870163,6,0530cnr
2025-07-09 16:34:00,12.463647,37.870163,6,0530cnr
2025-07-09 16:44:00,12.463647,37.870163,6,0530cnr
2025-07-09 16:54:00,12.463647,37.870163,6,0530cnr
2025-07-09 17:04:00,12.463647,37.870163,6,0530cnr
2025-07-09 17:14:00,12.463647,37.870163,6,0530cnr
2025-07-09 17:24:00,12.463647,37.870163,6,0530cnr
2025-07-09 17:34:00,12.463647,37.870163,6,0530cnr
2025-07-09 17:44:00,12.463647,37.870163,6,0530cnr
2025-07-09 17:54:00,12.463647,37.870163,6,0530cnr
2025-07-09 18:04:00,12.463647,37.870163,6,0530cnr
2025-07-09 18:14:00,12.463647,37.870163,6,0530cnr
2025-07-09 18:24:00,12.463647,37.870163,6,0530cnr
2025-07-09 18:34:00,12.463647,37.870163,6,0530cnr
2025-07-09 18:44:00,12.463647,37.870163,6,0530cnr
2025-07-09 18:54:00,12.463647,37.870163,6,0530cnr
2025-07-09 19:04:00,12.463647,37.870163,6,0530cnr
2025-07-09 19:14:00,12.463647,37.870163,6,0530cnr
2025-07-09 19:24:00,12.463647,37.870163,6,0530cnr
2025-07-09 19:34:00,12.463647,37.870163,6,0530cnr
2025-07-09 19:44:00,12.463647,37.870163,6,0530cnr
2025-07-09 19:54:00,12.463647,37.870163,6,0530cnr
2025-07-09 20:04:00,12.463647,37.870163,6,0530cnr
2025-07-09 20:14:00,12.463647,37.870163,6,0530cnr
2025-07-09 20:24:00,12.463647,37.870163,6,0530cnr
2025-07-09 20:34:00,12.463647,37.870163,6,0530cnr
2025-07-09 20:44:00,12.463647,37.870163,6,0530cnr
2025-07-09 20:54:00,12.463647,37.870163,6,0530cnr
2025-07-09 21:04:00,12.463647,37.870163,6,0530cnr
2025-07-09 21:14:00,12.463647,37.870163,6,0530cnr
2025-07-09 21:24:00,12.463647,37.870163,6,0530cnr
2025-07-09 21:34:00,12.463647,37.870163,6,0530cnr
2025-07-09 21:44:00,12.463647,37.870163,6,0530cnr
2025-07-09 21:54:00,12.463647,37.870163,6,0530cnr
2025-07-09 22:04:00,12.463647,37.870163,6,0530cnr
2025-07-09 22:14:00,12.463647,37.870163,6,0530cnr
2025-07-09 22:24:00,12.463647,37.870163,6,0530cnr
2025-07-09 22:34:00,12.463647,37.870163,6,0530cnr
2025-07-09 22:44:00,12.463647,37.870163,6,0530cnr
2025-07-09 22:54:00,12.463647,37.870163,6,0530cnr
2025-07-09 23:04:00,12.463647,37.870163,6,0530cnr
2025-07-09 23:14:00,12.463647,37.870163,6,0530cnr
2025-07-09 23:24:00,12.463647,37.870163,6,0530cnr
2025-07-09 23:34:00,12.463647,37.870163,6,0530cnr
2025-07-09 23:44:00,12.463647,37.870163,6,0530cnr
2025-07-09 23:54:00,12.463647,37.870163,6,0530cnr
2025-07-10 00:04:00,12.463647,37.870163,6,0530cnr
2025-07-08 14:24:00,12.45253,37.87573,6,3500cnr
2025-07-08 14:34:00,12.4535,37.875107,6,3500cnr
2025-07-08 14:44:00,12.4545,37.874504,6,3500cnr
2025-07-08 14:54:00,12.45552,37.873947,6,3500cnr
2025-07-08 15:04:00,12.4565735,37.87345,6,3500cnr
2025-07-08 15:14:00,12.457668,37.87292,6,3500cnr
2025-07-08 15:24:00,12.458798,37.872368,6,3500cnr
2025-07-08 15:34:00,12.459964,37.871834,6,3500cnr
2025-07-08 15:44:00,12.461132,37.87129,6,3500cnr
2025-07-08 15:54:00,12.462273,37.870743,6,3500cnr
2025-07-08 16:04:00,12.463388,37.870216,6,3500cnr
2025-07-08 16:14:00,12.463388,37.870216,6,3500cnr
2025-07-08 16:24:00,12.463388,37.870216,6,3500cnr
2025-07-08 16:34:00,12.463388,37.870216,6,3500cnr
2025-07-08 16:44:00,12.463388,37.870216,6,3500cnr
2025-07-08 16:54:00,12.463388,37.870216,6,3500cnr
2025-07-08 17:04:00,12.463388,37.870216,6,3500cnr
2025-07-08 17:14:00,12.463388,37.870216,6,3500cnr
2025-07-08 17:24:00,12.463388,37.870216,6,3500cnr
2025-07-08 17:34:00,12.463388,37.870216,6,3500cnr
2025-07-08 17:44:00,12.463856,37.87014,6,3500cnr
2025-07-08 17:54:00,12.463856,37.87014,6,3500cnr
2025-07-08 18:04:00,12.463856,37.87014,6,3500cnr
2025-07-08 18:14:00,12.463856,37.87014,6,3500cnr
2025-07-08 18:24:00,12.463856,37.87014,6,3500cnr
2025-07-08 18:34:00,12.463856,37.87014,6,3500cnr
2025-07-08 18:44:00,12.463856,37.87014,6,3500cnr
2025-07-08 18:54:00,12.463856,37.87014,6,3500cnr
2025-07-08 19:04:00,12.463856,37.87014,6,3500cnr
2025-07-08 19:14:00,12.463856,37.87014,6,3500cnr
2025-07-08 19:24:00,12.463856,37.87014,6,3500cnr
2025-07-08 19:34:00,12.463856,37.87014,6,3500cnr
2025-07-08 19:44:00,12.463856,37.87014,6,3500cnr
2025-07-08 19:54:00,12.463856,37.87014,6,3500cnr
2025-07-08 20:04:00,12.463856,37.87014,6,3500cnr
2025-07-08 20:14:00,12.463856,37.87014,6,3500cnr
2025-07-08 20:24:00,12.463856,37.87014,6,3500cnr
2025-07-08 20:34:00,12.463856,37.87014,6,3500cnr
2025-07-08 20:44:00,12.463856,37.87014,6,3500cnr
2025-07-08 20:54:00,12.463856,37.87014,6,3500cnr
2025-07-08 21:04:00,12.463856,37.87014,6,3500cnr
2025-07-08 21:14:00,12.463856,37.87014,6,3500cnr
2025-07-08 21:24:00,12.463856,37.87014,6,3500cnr
2025-07-08 21:34:00,12.463856,37.87014,6,3500cnr
2025-07-08 21:44:00,12.463856,37.87014,6,3500cnr
2025-07-08 21:54:00,12.463856,37.87014,6,3500cnr
2025-07-08 22:04:00,12.463856,37.87014,6,3500cnr
2025-07-08 22:14:00,12.463856,37.87014,6,3500cnr
2025-07-08 22:24:00,12.463856,37.87014,6,3500cnr
2025-07-08 22:34:00,12.463856,37.87014,6,3500cnr
2025-07-08 22:44:00,12.463856,37.87014,6,3500cnr
2025-07-08 22:54:00,12.463856,37.87014,6,3500cnr
2025-07-08 23:04:00,12.463856,37.87014,6,3500cnr
2025-07-08 23:14:00,12.463856,37.87014,6,3500cnr
2025-07-08 23:24:00,12.463856,37.87014,6,3500cnr
2025-07-08 23:34:00,12.463856,37.87014,6,3500cnr
2025-07-08 23:44:00,12.463856,37.87014,6,3500cnr
2025-07-08 23:54:00,12.463856,37.87014,6,3500cnr
2025-07-09 00:04:00,12.463856,37.87014,6,3500cnr
2025-07-09 00:14:00,12.463856,37.87014,6,3500cnr
2025-07-09 00:24:00,12.463856,37.87014,6,3500cnr
2025-07-09 00:34:00,12.463856,37.87014,6,3500cnr
2025-07-09 00:44:00,12.463856,37.87014,6,3500cnr
2025-07-09 00:54:00,12.463856,37.87014,6,3500cnr
2025-07-09 01:04:00,12.463856,37.87014,6,3500cnr
2025-07-09 01:14:00,12.463856,37.87014,6,3500cnr
2025-07-09 01:24:00,12.463856,37.87014,6,3500cnr
2025-07-09 01:34:00,12.463856,37.87014,6,3500cnr
2025-07-09 01:44:00,12.463856,37.87014,6,3500cnr
2025-07-09 01:54:00,12.463856,37.87014,6,3500cnr
2025-07-09 02:04:00,12.463856,37.87014,6,3500cnr
2025-07-09 02:14:00,12.463856,37.87014,6,3500cnr
2025-07-09 02:24:00,12.463856,37.87014,6,3500cnr
2025-07-09 02:34:00,12.463856,37.87014,6,3500cnr
2025-07-09 02:44:00,12.463856,37.87014,6,3500cnr
2025-07-09 02:54:00,12.463856,37.87014,6,3500cnr
2025-07-09 03:04:00,12.463856,37.87014,6,3500cnr
2025-07-09 03:14:00,12.463856,37.87014,6,3500cnr
2025-07-09 03:24:00,12.463856,37.87014,6,3500cnr
2025-07-09 03:34:00,12.463856,37.87014,6,3500cnr
2025-07-09 03:44:00,12.463856,37.87014,6,3500cnr
2025-07-09 03:54:00,12.463856,37.87014,6,3500cnr
2025-07-09 04:04:00,12.463856,37.87014,6,3500cnr
2025-07-09 04:14:00,12.463856,37.87014,6,3500cnr
2025-07-09 04:24:00,12.463856,37.87014,6,3500cnr
2025-07-09 04:34:00,12.463856,37.87014,6,3500cnr
2025-07-09 04:44:00,12.463856,37.87014,6,3500cnr
2025-07-09 04:54:00,12.463856,37.87014,6,3500cnr
2025-07-09 05:04:00,12.463856,37.87014,6,3500cnr
2025-07-09 05:14:00,12.463856,37.87014,6,3500cnr
2025-07-09 05:24:00,12.463856,37.87014,6,3500cnr
2025-07-09 05:34:00,12.463856,37.87014,6,3500cnr
2025-07-09 05:44:00,12.463856,37.87014,6,3500cnr
2025-07-09 05:54:00,12.463856,37.87014,6,3500cnr
2025-07-09 06:04:00,12.463856,37.87014,6,3500cnr
2025-07-09 06:14:00,12.463856,37.87014,6,3500cnr
2025-07-09 06:24:00,12.463856,37.87014,6,3500cnr
2025-07-09 06:34:00,12.463856,37.87014,6,3500cnr
2025-07-09 06:44:00,12.463856,37.87014,6,3500cnr
2025-07-09 06:54:00,12.463856,37.87014,6,3500cnr
2025-07-09 07:04:00,12.463856,37.87014,6,3500cnr
2025-07-09 07:14:00,12.463856,37.87014,6,3500cnr
2025-07-09 07:24:00,12.463856,37.87014,6,3500cnr
2025-07-09 07:34:00,12.463856,37.87014,6,3500cnr
2025-07-09 07:44:00,12.463856,37.87014,6,3500cnr
2025-07-09 07:54:00,12.463856,37.87014,6,3500cnr
2025-07-09 08:04:00,12.463856,37.87014,6,3500cnr
2025-07-09 08:14:00,12.463856,37.87014,6,3500cnr
2025-07-09 08:24:00,12.463856,37.87014,6,3500cnr
2025-07-09 08:34:00,12.463856,37.87014,6,3500cnr
2025-07-09 08:44:00,12.463856,37.87014,6,3500cnr
2025-07-09 08:54:00,12.463856,37.87014,6,3500cnr
2025-07-09 09:04:00,12.463856,37.87014,6,3500cnr
2025-07-09 09:14:00,12.463856,37.87014,6,3500cnr
2025-07-09 09:24:00,12.463856,37.87014,6,3500cnr
2025-07-09 09:34:00,12.463856,37.87014,6,3500cnr
2025-07-09 09:44:00,12.463856,37.87014,6,3500cnr
2025-07-09 09:54:00,12.463856,37.87014,6,3500cnr
2025-07-09 10:04:00,12.463856,37.87014,6,3500cnr
2025-07-09 10:14:00,12.463856,37.87014,6,3500cnr
2025-07-09 10:24:00,12.463856,37.87014,6,3500cnr
2025-07-09 10:34:00,12.463856,37.87014,6,3500cnr
2025-07-09 10:44:00,12.463856,37.87014,6,3500cnr
2025-07-09 10:54:00,12.463856,37.87014,6,3500cnr
2025-07-09 11:04:00,12.463856,37.87014,6,3500cnr
2025-07-09 11:14:00,12.463856,37.87014,6,3500cnr
2025-07-09 11:24:00,12.463856,37.87014,6,3500cnr
2025-07-09 11:34:00,12.463856,37.87014,6,3500cnr
2025-07-09 11:44:00,12.463856,37.87014,6,3500cnr
2025-07-09 11:54:00,12.463856,37.87014,6,3500cnr
2025-07-09 12:04:00,12.463856,37.87014,6,3500cnr
2025-07-09 12:14:00,12.463856,37.87014,6,3500cnr
2025-07-09 12:24:00,12.463856,37.87014,6,3500cnr
2025-07-09 12:34:00,12.463856,37.87014,6,3500cnr
2025-07-09 12:44:00,12.463856,37.87014,6,3500cnr
2025-07-09 12:54:00,12.463856,37.87014,6,3500cnr
2025-07-09 13:04:00,12.463856,37.87014,6,3500cnr
2025-07-09 13:14:00,12.463856,37.87014,6,3500cnr
2025-07-09 13:24:00,12.463856,37.87014,6,3500cnr
2025-07-09 13:34:00,12.463856,37.87014,6,3500cnr
2025-07-09 13:44:00,12.463856,37.87014,6,3500cnr
2025-07-09 13:54:00,12.463856,37.87014,6,3500cnr
2025-07-09 14:04:00,12.463856,37.87014,6,3500cnr
2025-07-09 14:14:00,12.463856,37.87014,6,3500cnr
2025-07-09 14:24:00,12.463856,37.87014,6,3500cnr
2025-07-09 14:34:00,12.463856,37.87014,6,3500cnr
2025-07-09 14:44:00,12.463856,37.87014,6,3500cnr
2025-07-09 14:54:00,12.463856,37.87014,6,3500cnr
2025-07-09 15:04:00,12.463856,37.87014,6,3500cnr
2025-07-09 15:14:00,12.463856,37.87014,6,3500cnr
2025-07-09 15:24:00,12.463856,37.87014,6,3500cnr
2025-07-09 15:34:00,12.463856,37.87014,6,3500cnr
2025-07-09 15:44:00,12.463856,37.87014,6,3500cnr
2025-07-09 15:54:00,12.463856,37.87014,6,3500cnr
2025-07-09 16:04:00,12.463856,37.87014,6,3500cnr
2025-07-09 16:14:00,12.463856,37.87014,6,3500cnr
2025-07-09 16:24:00,12.463856,37.87014,6,3500cnr
2025-07-09 16:34:00,12.463856,37.87014,6,3500cnr
2025-07-09 16:44:00,12.463856,37.87014,6,3500cnr
2025-07-09 16:54:00,12.463856,37.87014,6,3500cnr
2025-07-09 17:04:00,12.463856,37.87014,6,3500cnr
2025-07-09 17:14:00,12.463856,37.87014,6,3500cnr
2025-07-09 17:24:00,12.463856,37.87014,6,3500cnr
2025-07-09 17:34:00,12.463856,37.87014,6,3500cnr
2025-07-09 17:44:00,12.463856,37.87014,6,3500cnr
2025-07-09 17:54:00,12.463856,37.87014,6,3500cnr
2025-07-09 18:04:00,12.463856,37.87014,6,3500cnr
2025-07-09 18:14:00,12.463856,37.87014,6,3500cnr
2025-07-09 18:24:00,12.463856,37.87014,6,3500cnr
2025-07-09 18:34:00,12.463856,37.87014,6,3500cnr
2025-07-09 18:44:00,12.463856,37.87014,6,3500cnr
2025-07-09 18:54:00,12.463856,37.87014,6,3500cnr
2025-07-09 19:04:00,12.463856,37.87014,6,3500cnr
2025-07-09 19:14:00,12.463856,37.87014,6,3500cnr
2025-07-09 19:24:00,12.463856,37.87014,6,3500cnr
2025-07-09 19:34:00,12.463856,37.87014,6,3500cnr
2025-07-09 19:44:00,12.463856,37.87014,6,3500cnr
2025-07-09 19:54:00,12.463856,37.87014,6,3500cnr
2025-07-09 20:04:00,12.463856,37.87014,6,3500cnr
2025-07-09 20:14:00,12.463856,37.87014,6,3500cnr
2025-07-09 20:24:00,12.463856,37.87014,6,3500cnr
2025-07-09 20:34:00,12.463856,37.87014,6,3500cnr
2025-07-09 20:44:00,12.463856,37.87014,6,3500cnr
2025-07-09 20:54:00,12.463856,37.87014,6,3500cnr
2025-07-09 21:04:00,12.463856,37.87014,6,3500cnr
2025-07-09 21:14:00,12.463856,37.87014,6,3500cnr
2025-07-09 21:24:00,12.463856,37.87014,6,3500cnr
2025-07-09 21:34:00,12.463856,37.87014,6,3500cnr
2025-07-09 21:44:00,12.463856,37.87014,6,3500cnr
2025-07-09 21:54:00,12.463856,37.87014,6,3500cnr
2025-07-09 22:04:00,12.463856,37.87014,6,3500cnr
2025-07-09 22:14:00,12.463856,37.87014,6,3500cnr
2025-07-09 22:24:00,12.463856,37.87014,6,3500cnr
2025-07-09 22:34:00,12.463856,37.87014,6,3500cnr
2025-07-09 22:44:00,12.463856,37.87014,6,3500cnr
2025-07-09 22:54:00,12.463856,37.87014,6,3500cnr
2025-07-09 23:04:00,12.463856,37.87014,6,3500cnr
2025-07-09 23:14:00,12.463856,37.87014,6,3500cnr
2025-07-09 23:24:00,12.463856,37.87014,6,3500cnr
2025-07-09 23:34:00,12.463856,37.87014,6,3500cnr
2025-07-09 23:44:00,12.463856,37.87014,6,3500cnr
2025-07-09 23:54:00,12.463856,37.87014,6,3500cnr
2025-07-10 00:04:00,12.463856,37.87014,6,3500cnr
2025-07-08 14:24:00,12.453089,37.875534,6,3680cnr
2025-07-08 14:34:00,12.454084,37.87492,6,3680cnr
2025-07-08 14:44:00,12.455106,37.874336,6,3680cnr
2025-07-08 14:54:00,12.456141,37.87381,6,3680cnr
2025-07-08 15:04:00,12.457217,37.873295,6,3680cnr
2025-07-08 15:14:00,12.45833,37.872723,6,3680cnr
2025-07-08 15:24:00,12.4594755,37.87216,6,3680cnr
2025-07-08 15:34:00,12.460651,37.871616,6,3680cnr
2025-07-08 15:44:00,12.461802,37.87106,6,3680cnr
2025-07-08 15:54:00,12.462932,37.870506,6,3680cnr
2025-07-08 16:04:00,12.463484,37.870243,6,3680cnr
2025-07-08 16:14:00,12.463484,37.870243,6,3680cnr
2025-07-08 16:24:00,12.463484,37.870243,6,3680cnr
2025-07-08 16:34:00,12.463484,37.870243,6,3680cnr
2025-07-08 16:44:00,12.463484,37.870243,6,3680cnr
2025-07-08 16:54:00,12.463484,37.870243,6,3680cnr
2025-07-08 17:04:00,12.463484,37.870243,6,3680cnr
2025-07-08 17:14:00,12.463484,37.870243,6,3680cnr
2025-07-08 17:24:00,12.463484,37.870243,6,3680cnr
2025-07-08 17:34:00,12.463484,37.870243,6,3680cnr
2025-07-08 17:44:00,12.463484,37.870243,6,3680cnr
2025-07-08 17:54:00,12.463927,37.870205,6,3680cnr
2025-07-08 18:04:00,12.463927,37.870205,6,3680cnr
2025-07-08 18:14:00,12.463927,37.870205,6,3680cnr
2025-07-08 18:24:00,12.463927,37.870205,6,3680cnr
2025-07-08 18:34:00,12.463927,37.870205,6,3680cnr
2025-07-08 18:44:00,12.463927,37.870205,6,3680cnr
2025-07-08 18:54:00,12.463927,37.870205,6,3680cnr
2025-07-08 19:04:00,12.463927,37.870205,6,3680cnr
2025-07-08 19:14:00,12.463927,37.870205,6,3680cnr
2025-07-08 19:24:00,12.463927,37.870205,6,3680cnr
2025-07-08 19:34:00,12.463927,37.870205,6,3680cnr
2025-07-08 19:44:00,12.463927,37.870205,6,3680cnr
2025-07-08 19:54:00,12.463927,37.870205,6,3680cnr
2025-07-08 20:04:00,12.463927,37.870205,6,3680cnr
2025-07-08 20:14:00,12.463927,37.870205,6,3680cnr
2025-07-08 20:24:00,12.463927,37.870205,6,3680cnr
2025-07-08 20:34:00,12.463927,37.870205,6,3680cnr
2025-07-08 20:44:00,12.463927,37.870205,6,3680cnr
2025-07-08 20:54:00,12.463927,37.870205,6,3680cnr
2025-07-08 21:04:00,12.463927,37.870205,6,3680cnr
2025-07-08 21:14:00,12.463927,37.870205,6,3680cnr
2025-07-08 21:24:00,12.463927,37.870205,6,3680cnr
2025-07-08 21:34:00,12.463927,37.870205,6,3680cnr
2025-07-08 21:44:00,12.463927,37.870205,6,3680cnr
2025-07-08 21:54:00,12.463927,37.870205,6,3680cnr
2025-07-08 22:04:00,12.463927,37.870205,6,3680cnr
2025-07-08 22:14:00,12.463927,37.870205,6,3680cnr
2025-07-08 22:24:00,12.463927,37.870205,6,3680cnr
2025-07-08 22:34:00,12.463927,37.870205,6,3680cnr
2025-07-08 22:44:00,12.463927,37.870205,6,3680cnr
2025-07-08 22:54:00,12.463927,37.870205,6,3680cnr
2025-07-08 23:04:00,12.463927,37.870205,6,3680cnr
2025-07-08 23:14:00,12.463927,37.870205,6,3680cnr
2025-07-08 23:24:00,12.463927,37.870205,6,3680cnr
2025-07-08 23:34:00,12.463927,37.870205,6,3680cnr
2025-07-08 23:44:00,12.463927,37.870205,6,3680cnr
2025-07-08 23:54:00,12.463927,37.870205,6,3680cnr
2025-07-09 00:04:00,12.463927,37.870205,6,3680cnr
2025-07-09 00:14:00,12.463927,37.870205,6,3680cnr
2025-07-09 00:24:00,12.463927,37.870205,6,3680cnr
2025-07-09 00:34:00,12.463927,37.870205,6,3680cnr
2025-07-09 00:44:00,12.463927,37.870205,6,3680cnr
2025-07-09 00:54:00,12.463927,37.870205,6,3680cnr
2025-07-09 01:04:00,12.463927,37.870205,6,3680cnr
2025-07-09 01:14:00,12.463927,37.870205,6,3680cnr
2025-07-09 01:24:00,12.463927,37.870205,6,3680cnr
2025-07-09 01:34:00,12.463927,37.870205,6,3680cnr
2025-07-09 01:44:00,12.463927,37.870205,6,3680cnr
2025-07-09 01:54:00,12.463927,37.870205,6,3680cnr
2025-07-09 02:04:00,12.463927,37.870205,6,3680cnr
2025-07-09 02:14:00,12.463927,37.870205,6,3680cnr
2025-07-09 02:24:00,12.463927,37.870205,6,3680cnr
2025-07-09 02:34:00,12.463927,37.870205,6,3680cnr
2025-07-09 02:44:00,12.463927,37.870205,6,3680cnr
2025-07-09 02:54:00,12.463927,37.870205,6,3680cnr
2025-07-09 03:04:00,12.463927,37.870205,6,3680cnr
2025-07-09 03:14:00,12.463927,37.870205,6,3680cnr
2025-07-09 03:24:00,12.463927,37.870205,6,3680cnr
2025-07-09 03:34:00,12.463927,37.870205,6,3680cnr
2025-07-09 03:44:00,12.463927,37.870205,6,3680cnr
2025-07-09 03:54:00,12.463927,37.870205,6,3680cnr
2025-07-09 04:04:00,12.463927,37.870205,6,3680cnr
2025-07-09 04:14:00,12.463927,37.870205,6,3680cnr
2025-07-09 04:24:00,12.463927,37.870205,6,3680cnr
2025-07-09 04:34:00,12.463927,37.870205,6,3680cnr
2025-07-09 04:44:00,12.463927,37.870205,6,3680cnr
2025-07-09 04:54:00,12.463927,37.870205,6,3680cnr
2025-07-09 05:04:00,12.463927,37.870205,6,3680cnr
2025-07-09 05:14:00,12.463927,37.870205,6,3680cnr
2025-07-09 05:24:00,12.463927,37.870205,6,3680cnr
2025-07-09 05:34:00,12.463927,37.870205,6,3680cnr
2025-07-09 05:44:00,12.463927,37.870205,6,3680cnr
2025-07-09 05:54:00,12.463927,37.870205,6,3680cnr
2025-07-09 06:04:00,12.463927,37.870205,6,3680cnr
2025-07-09 06:14:00,12.463927,37.870205,6,3680cnr
2025-07-09 06:24:00,12.463927,37.870205,6,3680cnr
2025-07-09 06:34:00,12.463927,37.870205,6,3680cnr
2025-07-09 06:44:00,12.463927,37.870205,6,3680cnr
2025-07-09 06:54:00,12.463927,37.870205,6,3680cnr
2025-07-09 07:04:00,12.463927,37.870205,6,3680cnr
2025-07-09 07:14:00,12.463927,37.870205,6,3680cnr
2025-07-09 07:24:00,12.463927,37.870205,6,3680cnr
2025-07-09 07:34:00,12.463927,37.870205,6,3680cnr
2025-07-09 07:44:00,12.463927,37.870205,6,3680cnr
2025-07-09 07:54:00,12.463927,37.870205,6,3680cnr
2025-07-09 08:04:00,12.463927,37.870205,6,3680cnr
2025-07-09 08:14:00,12.463927,37.870205,6,3680cnr
2025-07-09 08:24:00,12.463927,37.870205,6,3680cnr
2025-07-09 08:34:00,12.463927,37.870205,6,3680cnr
2025-07-09 08:44:00,12.463927,37.870205,6,3680cnr
2025-07-09 08:54:00,12.463927,37.870205,6,3680cnr
2025-07-09 09:04:00,12.463927,37.870205,6,3680cnr
2025-07-09 09:14:00,12.463927,37.870205,6,3680cnr
2025-07-09 09:24:00,12.463927,37.870205,6,3680cnr
2025-07-09 09:34:00,12.463927,37.870205,6,3680cnr
2025-07-09 09:44:00,12.463927,37.870205,6,3680cnr
2025-07-09 09:54:00,12.463927,37.870205,6,3680cnr
2025-07-09 10:04:00,12.463927,37.870205,6,3680cnr
2025-07-09 10:14:00,12.463927,37.870205,6,3680cnr
2025-07-09 10:24:00,12.463927,37.870205,6,3680cnr
2025-07-09 10:34:00,12.463927,37.870205,6,3680cnr
2025-07-09 10:44:00,12.463927,37.870205,6,3680cnr
2025-07-09 10:54:00,12.463927,37.870205,6,3680cnr
2025-07-09 11:04:00,12.463927,37.870205,6,3680cnr
2025-07-09 11:14:00,12.463927,37.870205,6,3680cnr
2025-07-09 11:24:00,12.463927,37.870205,6,3680cnr
2025-07-09 11:34:00,12.463927,37.870205,6,3680cnr
2025-07-09 11:44:00,12.463927,37.870205,6,3680cnr
2025-07-09 11:54:00,12.463927,37.870205,6,3680cnr
2025-07-09 12:04:00,12.463927,37.870205,6,3680cnr
2025-07-09 12:14:00,12.463927,37.870205,6,3680cnr
2025-07-09 12:24:00,12.463927,37.870205,6,3680cnr
2025-07-09 12:34:00,12.463927,37.870205,6,3680cnr
2025-07-09 12:44:00,12.463927,37.870205,6,3680cnr
2025-07-09 12:54:00,12.463927,37.870205,6,3680cnr
2025-07-09 13:04:00,12.463927,37.870205,6,3680cnr
2025-07-09 13:14:00,12.463927,37.870205,6,3680cnr
2025-07-09 13:24:00,12.463927,37.870205,6,3680cnr
2025-07-09 13:34:00,12.463927,37.870205,6,3680cnr
2025-07-09 13:44:00,12.463927,37.870205,6,3680cnr
2025-07-09 13:54:00,12.463927,37.870205,6,3680cnr
2025-07-09 14:04:00,12.463927,37.870205,6,3680cnr
2025-07-09 14:14:00,12.463927,37.870205,6,3680cnr
2025-07-09 14:24:00,12.463927,37.870205,6,3680cnr
2025-07-09 14:34:00,12.463927,37.870205,6,3680cnr
2025-07-09 14:44:00,12.463927,37.870205,6,3680cnr
2025-07-09 14:54:00,12.463927,37.870205,6,3680cnr
2025-07-09 15:04:00,12.463927,37.870205,6,3680cnr
2025-07-09 15:14:00,12.463927,37.870205,6,3680cnr
2025-07-09 15:24:00,12.463927,37.870205,6,3680cnr
2025-07-09 15:34:00,12.463927,37.870205,6,3680cnr
2025-07-09 15:44:00,12.463927,37.870205,6,3680cnr
2025-07-09 15:54:00,12.463927,37.870205,6,3680cnr
2025-07-09 16:04:00,12.463927,37.870205,6,3680cnr
2025-07-09 16:14:00,12.463927,37.870205,6,3680cnr
2025-07-09 16:24:00,12.463927,37.870205,6,3680cnr
2025-07-09 16:34:00,12.463927,37.870205,6,3680cnr
2025-07-09 16:44:00,12.463927,37.870205,6,3680cnr
2025-07-09 16:54:00,12.463927,37.870205,6,3680cnr
2025-07-09 17:04:00,12.463927,37.870205,6,3680cnr
2025-07-09 17:14:00,12.463927,37.870205,6,3680cnr
2025-07-09 17:24:00,12.463927,37.870205,6,3680cnr
2025-07-09 17:34:00,12.463927,37.870205,6,3680cnr
2025-07-09 17:44:00,12.463927,37.870205,6,3680cnr
2025-07-09 17:54:00,12.463927,37.870205,6,3680cnr
2025-07-09 18:04:00,12.463927,37.870205,6,3680cnr
2025-07-09 18:14:00,12.463927,37.870205,6,3680cnr
2025-07-09 18:24:00,12.463927,37.870205,6,3680cnr
2025-07-09 18:34:00,12.463927,37.870205,6,3680cnr
2025-07-09 18:44:00,12.463927,37.870205,6,3680cnr
2025-07-09 18:54:00,12.463927,37.870205,6,3680cnr
2025-07-09 19:04:00,12.463927,37.870205,6,3680cnr
2025-07-09 19:14:00,12.463927,37.870205,6,3680cnr
2025-07-09 19:24:00,12.463927,37.870205,6,3680cnr
2025-07-09 19:34:00,12.463927,37.870205,6,3680cnr
2025-07-09 19:44:00,12.463927,37.870205,6,3680cnr
2025-07-09 19:54:00,12.463927,37.870205,6,3680cnr
2025-07-09 20:04:00,12.463927,37.870205,6,3680cnr
2025-07-09 20:14:00,12.463927,37.870205,6,3680cnr
2025-07-09 20:24:00,12.463927,37.870205,6,3680cnr
2025-07-09 20:34:00,12.463927,37.870205,6,3680cnr
2025-07-09 20:44:00,12.463927,37.870205,6,3680cnr
2025-07-09 20:54:00,12.463927,37.870205,6,3680cnr
2025-07-09 21:04:00,12.463927,37.870205,6,3680cnr
2025-07-09 21:14:00,12.463927,37.870205,6,3680cnr
2025-07-09 21:24:00,12.463927,37.870205,6,3680cnr
2025-07-09 21:34:00,12.463927,37.870205,6,3680cnr
2025-07-09 21:44:00,12.463927,37.870205,6,3680cnr
2025-07-09 21:54:00,12.463927,37.870205,6,3680cnr
2025-07-09 22:04:00,12.463927,37.870205,6,3680cnr
2025-07-09 22:14:00,12.463927,37.870205,6,3680cnr
2025-07-09 22:24:00,12.463927,37.870205,6,3680cnr
2025-07-09 22:34:00,12.463927,37.870205,6,3680cnr
2025-07-09 22:44:00,12.463927,37.870205,6,3680cnr
2025-07-09 22:54:00,12.463927,37.870205,6,3680cnr
2025-07-09 23:04:00,12.463927,37.870205,6,3680cnr
2025-07-09 23:14:00,12.463927,37.870205,6,3680cnr
2025-07-09 23:24:00,12.463927,37.870205,6,3680cnr
2025-07-09 23:34:00,12.463927,37.870205,6,3680cnr
2025-07-09 23:44:00,12.463927,37.870205,6,3680cnr
2025-07-09 23:54:00,12.463927,37.870205,6,3680cnr
2025-07-10 00:04:00,12.463927,37.870205,6,3680cnr
2025-07-08 17:04:00,12.478225,37.875507,7,2520
2025-07-08 17:14:00,12.479093,37.875107,7,2520
2025-07-08 17:24:00,12.47996,37.87478,7,2520
2025-07-08 17:34:00,12.4808235,37.87451,7,2520
2025-07-08 17:44:00,12.481675,37.874275,7,2520
2025-07-08 17:54:00,12.4825115,37.87408,7,2520
2025-07-08 18:04:00,12.4825115,37.87408,7,2520
2025-07-08 18:14:00,12.4825115,37.87408,7,2520
2025-07-08 18:24:00,12.4825115,37.87408,7,2520
2025-07-08 18:34:00,12.4825115,37.87408,7,2520
2025-07-08 18:44:00,12.4825115,37.87408,7,2520
2025-07-08 18:54:00,12.4825115,37.87408,7,2520
2025-07-08 19:04:00,12.4825115,37.87408,7,2520
2025-07-08 19:14:00,12.4825115,37.87408,7,2520
2025-07-08 19:24:00,12.4825115,37.87408,7,2520
2025-07-08 19:34:00,12.4825115,37.87408,7,2520
2025-07-08 19:44:00,12.4825115,37.87408,7,2520
2025-07-08 19:54:00,12.4825115,37.87408,7,2520
2025-07-08 20:04:00,12.4825115,37.87408,7,2520
2025-07-08 20:14:00,12.4825115,37.87408,7,2520
2025-07-08 20:24:00,12.4825115,37.87408,7,2520
2025-07-08 20:34:00,12.4825115,37.87408,7,2520
2025-07-08 20:44:00,12.4825115,37.87408,7,2520
2025-07-08 20:54:00,12.4825115,37.87408,7,2520
2025-07-08 21:04:00,12.4825115,37.87408,7,2520
2025-07-08 21:14:00,12.4825115,37.87408,7,2520
2025-07-08 21:24:00,12.4825115,37.87408,7,2520
2025-07-08 21:34:00,12.4825115,37.87408,7,2520
2025-07-08 21:44:00,12.4825115,37.87408,7,2520
2025-07-08 21:54:00,12.4825115,37.87408,7,2520
2025-07-08 22:04:00,12.4825115,37.87408,7,2520
2025-07-08 22:14:00,12.4825115,37.87408,7,2520
2025-07-08 22:24:00,12.4825115,37.87408,7,2520
2025-07-08 22:34:00,12.4825115,37.87408,7,2520
2025-07-08 22:44:00,12.4825115,37.87408,7,2520
2025-07-08 22:54:00,12.4825115,37.87408,7,2520
2025-07-08 23:04:00,12.4825115,37.87408,7,2520
2025-07-08 23:14:00,12.4825115,37.87408,7,2520
2025-07-08 23:24:00,12.4825115,37.87408,7,2520
2025-07-08 23:34:00,12.4825115,37.87408,7,2520
2025-07-08 23:44:00,12.4825115,37.87408,7,2520
2025-07-08 23:54:00,12.4825115,37.87408,7,2520
2025-07-09 00:04:00,12.4825115,37.87408,7,2520
2025-07-09 00:14:00,12.4825115,37.87408,7,2520
2025-07-09 00:24:00,12.4825115,37.87408,7,2520
2025-07-09 00:34:00,12.4825115,37.87408,7,2520
2025-07-09 00:44:00,12.4825115,37.87408,7,2520
2025-07-09 00:54:00,12.4825115,37.87408,7,2520
2025-07-09 01:04:00,12.4825115,37.87408,7,2520
2025-07-09 01:14:00,12.4825115,37.87408,7,2520
2025-07-09 01:24:00,12.4825115,37.87408,7,2520
2025-07-09 01:34:00,12.4825115,37.87408,7,2520
2025-07-09 01:44:00,12.4825115,37.87408,7,2520
2025-07-09 01:54:00,12.4825115,37.87408,7,2520
2025-07-09 02:04:00,12.4825115,37.87408,7,2520
2025-07-09 02:14:00,12.4825115,37.87408,7,2520
2025-07-09 02:24:00,12.4825115,37.87408,7,2520
2025-07-09 02:34:00,12.4825115,37.87408,7,2520
2025-07-09 02:44:00,12.4825115,37.87408,7,2520
2025-07-09 02:54:00,12.4825115,37.87408,7,2520
2025-07-09 03:04:00,12.4825115,37.87408,7,2520
2025-07-09 03:14:00,12.4825115,37.87408,7,2520
2025-07-09 03:24:00,12.4825115,37.87408,7,2520
2025-07-09 03:34:00,12.4825115,37.87408,7,2520
2025-07-09 03:44:00,12.4825115,37.87408,7,2520
2025-07-09 03:54:00,12.4825115,37.87408,7,2520
2025-07-09 04:04:00,12.4825115,37.87408,7,2520
2025-07-09 04:14:00,12.4825115,37.87408,7,2520
2025-07-09 04:24:00,12.4825115,37.87408,7,2520
2025-07-09 04:34:00,12.4825115,37.87408,7,2520
2025-07-09 04:44:00,12.4825115,37.87408,7,2520
2025-07-09 04:54:00,12.4825115,37.87408,7,2520
2025-07-09 05:04:00,12.4825115,37.87408,7,2520
2025-07-09 05:14:00,12.4825115,37.87408,7,2520
2025-07-09 05:24:00,12.4825115,37.87408,7,2520
2025-07-09 05:34:00,12.4825115,37.87408,7,2520
2025-07-09 05:44:00,12.4825115,37.87408,7,2520
2025-07-09 05:54:00,12.4825115,37.87408,7,2520
2025-07-09 06:04:00,12.4825115,37.87408,7,2520
2025-07-09 06:14:00,12.4825115,37.87408,7,2520
2025-07-09 06:24:00,12.4825115,37.87408,7,2520
2025-07-09 06:34:00,12.4825115,37.87408,7,2520
2025-07-09 06:44:00,12.4825115,37.87408,7,2520
2025-07-09 06:54:00,12.4825115,37.87408,7,2520
2025-07-09 07:04:00,12.4825115,37.87408,7,2520
2025-07-09 07:14:00,12.4825115,37.87408,7,2520
2025-07-09 07:24:00,12.4825115,37.87408,7,2520
2025-07-09 07:34:00,12.4825115,37.87408,7,2520
2025-07-09 07:44:00,12.4825115,37.87408,7,2520
2025-07-09 07:54:00,12.4825115,37.87408,7,2520
2025-07-09 08:04:00,12.4825115,37.87408,7,2520
2025-07-09 08:14:00,12.4825115,37.87408,7,2520
2025-07-09 08:24:00,12.4825115,37.87408,7,2520
2025-07-09 08:34:00,12.4825115,37.87408,7,2520
2025-07-09 08:44:00,12.4825115,37.87408,7,2520
2025-07-09 08:54:00,12.4825115,37.87408,7,2520
2025-07-09 09:04:00,12.4825115,37.87408,7,2520
2025-07-09 09:14:00,12.4825115,37.87408,7,2520
2025-07-09 09:24:00,12.4825115,37.87408,7,2520
2025-07-09 09:34:00,12.4825115,37.87408,7,2520
2025-07-09 09:44:00,12.4825115,37.87408,7,2520
2025-07-09 09:54:00,12.4825115,37.87408,7,2520
2025-07-09 10:04:00,12.4825115,37.87408,7,2520
2025-07-09 10:14:00,12.4825115,37.87408,7,2520
2025-07-09 10:24:00,12.4825115,37.87408,7,2520
2025-07-09 10:34:00,12.4825115,37.87408,7,2520
2025-07-09 10:44:00,12.4825115,37.87408,7,2520
2025-07-09 10:54:00,12.4825115,37.87408,7,2520
2025-07-09 11:04:00,12.4825115,37.87408,7,2520
2025-07-09 11:14:00,12.4825115,37.87408,7,2520
2025-07-09 11:24:00,12.4825115,37.87408,7,2520
2025-07-09 11:34:00,12.4825115,37.87408,7,2520
2025-07-09 11:44:00,12.4825115,37.87408,7,2520
2025-07-09 11:54:00,12.4825115,37.87408,7,2520
2025-07-09 12:04:00,12.4825115,37.87408,7,2520
2025-07-09 12:14:00,12.4825115,37.87408,7,2520
2025-07-09 12:24:00,12.4825115,37.87408,7,2520
2025-07-09 12:34:00,12.4825115,37.87408,7,2520
2025-07-09 12:44:00,12.4825115,37.87408,7,2520
2025-07-09 12:54:00,12.4825115,37.87408,7,2520
2025-07-09 13:04:00,12.4825115,37.87408,7,2520
2025-07-09 13:14:00,12.4825115,37.87408,7,2520
2025-07-09 13:24:00,12.4825115,37.87408,7,2520
2025-07-09 13:34:00,12.4825115,37.87408,7,2520
2025-07-09 13:44:00,12.4825115,37.87408,7,2520
2025-07-09 13:54:00,12.4825115,37.87408,7,2520
2025-07-09 14:04:00,12.4825115,37.87408,7,2520
2025-07-09 14:14:00,12.4825115,37.87408,7,2520
2025-07-09 14:24:00,12.4825115,37.87408,7,2520
2025-07-09 14:34:00,12.4825115,37.87408,7,2520
2025-07-09 14:44:00,12.4825115,37.87408,7,2520
2025-07-09 14:54:00,12.4825115,37.87408,7,2520
2025-07-09 15:04:00,12.4825115,37.87408,7,2520
2025-07-09 15:14:00,12.4825115,37.87408,7,2520
2025-07-09 15:24:00,12.4825115,37.87408,7,2520
2025-07-09 15:34:00,12.4825115,37.87408,7,2520
2025-07-09 15:44:00,12.4825115,37.87408,7,2520
2025-07-09 15:54:00,12.4825115,37.87408,7,2520
2025-07-09 16:04:00,12.4825115,37.87408,7,2520
2025-07-09 16:14:00,12.4825115,37.87408,7,2520
2025-07-09 16:24:00,12.4825115,37.87408,7,2520
2025-07-09 16:34:00,12.4825115,37.87408,7,2520
2025-07-09 16:44:00,12.4825115,37.87408,7,2520
2025-07-09 16:54:00,12.4825115,37.87408,7,2520
2025-07-09 17:04:00,12.4825115,37.87408,7,2520
2025-07-09 17:14:00,12.4825115,37.87408,7,2520
2025-07-09 17:24:00,12.4825115,37.87408,7,2520
2025-07-09 17:34:00,12.4825115,37.87408,7,2520
2025-07-09 17:44:00,12.4825115,37.87408,7,2520
2025-07-09 17:54:00,12.4825115,37.87408,7,2520
2025-07-09 18:04:00,12.4825115,37.87408,7,2520
2025-07-09 18:14:00,12.4825115,37.87408,7,2520
2025-07-09 18:24:00,12.4825115,37.87408,7,2520
2025-07-09 18:34:00,12.482379,37.873634,7,2520
2025-07-09 18:44:00,12.482379,37.873634,7,2520
2025-07-09 18:54:00,12.482379,37.873634,7,2520
2025-07-09 19:04:00,12.482379,37.873634,7,2520
2025-07-09 19:14:00,12.482379,37.873634,7,2520
2025-07-09 19:24:00,12.482379,37.873634,7,2520
2025-07-09 19:34:00,12.482379,37.873634,7,2520
2025-07-09 19:44:00,12.482379,37.873634,7,2520
2025-07-09 19:54:00,12.482379,37.873634,7,2520
2025-07-09 20:04:00,12.482379,37.873634,7,2520
2025-07-09 20:14:00,12.482379,37.873634,7,2520
2025-07-09 20:24:00,12.482379,37.873634,7,2520
2025-07-09 20:34:00,12.482379,37.873634,7,2520
2025-07-09 20:44:00,12.482379,37.873634,7,2520
2025-07-09 20:54:00,12.482379,37.873634,7,2520
2025-07-09 21:04:00,12.482379,37.873634,7,2520
2025-07-09 21:14:00,12.482379,37.873634,7,2520
2025-07-09 21:24:00,12.482379,37.873634,7,2520
2025-07-09 21:34:00,12.482379,37.873634,7,2520
2025-07-09 21:44:00,12.482379,37.873634,7,2520
2025-07-09 21:54:00,12.482379,37.873634,7,2520
2025-07-09 22:04:00,12.482379,37.873634,7,2520
2025-07-09 22:14:00,12.482379,37.873634,7,2520
2025-07-09 22:24:00,12.482379,37.873634,7,2520
2025-07-09 22:34:00,12.482379,37.873634,7,2520
2025-07-09 22:44:00,12.482379,37.873634,7,2520
2025-07-09 22:54:00,12.482379,37.873634,7,2520
2025-07-09 23:04:00,12.482379,37.873634,7,2520
2025-07-09 23:14:00,12.482379,37.873634,7,2520
2025-07-09 23:24:00,12.482379,37.873634,7,2520
2025-07-09 23:34:00,12.482379,37.873634,7,2520
2025-07-09 23:44:00,12.482379,37.873634,7,2520
2025-07-09 23:54:00,12.482379,37.873634,7,2520
2025-07-10 00:04:00,12.482379,37.873634,7,2520
2025-07-08 17:04:00,12.478185,37.875504,7,7520
2025-07-08 17:14:00,12.479052,37.875107,7,7520
2025-07-08 17:24:00,12.4799185,37.87478,7,7520
2025-07-08 17:34:00,12.480781,37.87451,7,7520
2025-07-08 17:44:00,12.481631,37.87428,7,7520
2025-07-08 17:54:00,12.482469,37.87408,7,7520
2025-07-08 18:04:00,12.482469,37.87408,7,7520
2025-07-08 18:14:00,12.482469,37.87408,7,7520
2025-07-08 18:24:00,12.482469,37.87408,7,7520
2025-07-08 18:34:00,12.482469,37.87408,7,7520
2025-07-08 18:44:00,12.482469,37.87408,7,7520
2025-07-08 18:54:00,12.482469,37.87408,7,7520
2025-07-08 19:04:00,12.482469,37.87408,7,7520
2025-07-08 19:14:00,12.482469,37.87408,7,7520
2025-07-08 19:24:00,12.482469,37.87408,7,7520
2025-07-08 19:34:00,12.482469,37.87408,7,7520
2025-07-08 19:44:00,12.482469,37.87408,7,7520
2025-07-08 19:54:00,12.482469,37.87408,7,7520
2025-07-08 20:04:00,12.482469,37.87408,7,7520
2025-07-08 20:14:00,12.482469,37.87408,7,7520
2025-07-08 20:24:00,12.482469,37.87408,7,7520
2025-07-08 20:34:00,12.482469,37.87408,7,7520
2025-07-08 20:44:00,12.482469,37.87408,7,7520
2025-07-08 20:54:00,12.482469,37.87408,7,7520
2025-07-08 21:04:00,12.482469,37.87408,7,7520
2025-07-08 21:14:00,12.482469,37.87408,7,7520
2025-07-08 21:24:00,12.482469,37.87408,7,7520
2025-07-08 21:34:00,12.482469,37.87408,7,7520
2025-07-08 21:44:00,12.482469,37.87408,7,7520
2025-07-08 21:54:00,12.482469,37.87408,7,7520
2025-07-08 22:04:00,12.482469,37.87408,7,7520
2025-07-08 22:14:00,12.482469,37.87408,7,7520
2025-07-08 22:24:00,12.482469,37.87408,7,7520
2025-07-08 22:34:00,12.482469,37.87408,7,7520
2025-07-08 22:44:00,12.482469,37.87408,7,7520
2025-07-08 22:54:00,12.482469,37.87408,7,7520
2025-07-08 23:04:00,12.482469,37.87408,7,7520
2025-07-08 23:14:00,12.482469,37.87408,7,7520
2025-07-08 23:24:00,12.482469,37.87408,7,7520
2025-07-08 23:34:00,12.482469,37.87408,7,7520
2025-07-08 23:44:00,12.482469,37.87408,7,7520
2025-07-08 23:54:00,12.482469,37.87408,7,7520
2025-07-09 00:04:00,12.482469,37.87408,7,7520
2025-07-09 00:14:00,12.482469,37.87408,7,7520
2025-07-09 00:24:00,12.482469,37.87408,7,7520
2025-07-09 00:34:00,12.482469,37.87408,7,7520
2025-07-09 00:44:00,12.482469,37.87408,7,7520
2025-07-09 00:54:00,12.482469,37.87408,7,7520
2025-07-09 01:04:00,12.482469,37.87408,7,7520
2025-07-09 01:14:00,12.482469,37.87408,7,7520
2025-07-09 01:24:00,12.482469,37.87408,7,7520
2025-07-09 01:34:00,12.482469,37.87408,7,7520
2025-07-09 01:44:00,12.482469,37.87408,7,7520
2025-07-09 01:54:00,12.482469,37.87408,7,7520
2025-07-09 02:04:00,12.482469,37.87408,7,7520
2025-07-09 02:14:00,12.482469,37.87408,7,7520
2025-07-09 02:24:00,12.482469,37.87408,7,7520
2025-07-09 02:34:00,12.482469,37.87408,7,7520
2025-07-09 02:44:00,12.482469,37.87408,7,7520
2025-07-09 02:54:00,12.482469,37.87408,7,7520
2025-07-09 03:04:00,12.482469,37.87408,7,7520
2025-07-09 03:14:00,12.482469,37.87408,7,7520
2025-07-09 03:24:00,12.482469,37.87408,7,7520
2025-07-09 03:34:00,12.482469,37.87408,7,7520
2025-07-09 03:44:00,12.482469,37.87408,7,7520
2025-07-09 03:54:00,12.482469,37.87408,7,7520
2025-07-09 04:04:00,12.482469,37.87408,7,7520
2025-07-09 04:14:00,12.482469,37.87408,7,7520
2025-07-09 04:24:00,12.482469,37.87408,7,7520
2025-07-09 04:34:00,12.482469,37.87408,7,7520
2025-07-09 04:44:00,12.482469,37.87408,7,7520
2025-07-09 04:54:00,12.482469,37.87408,7,7520
2025-07-09 05:04:00,12.482469,37.87408,7,7520
2025-07-09 05:14:00,12.482469,37.87408,7,7520
2025-07-09 05:24:00,12.482469,37.87408,7,7520
2025-07-09 05:34:00,12.482469,37.87408,7,7520
2025-07-09 05:44:00,12.482469,37.87408,7,7520
2025-07-09 05:54:00,12.482469,37.87408,7,7520
2025-07-09 06:04:00,12.482469,37.87408,7,7520
2025-07-09 06:14:00,12.482469,37.87408,7,7520
2025-07-09 06:24:00,12.482469,37.87408,7,7520
2025-07-09 06:34:00,12.482469,37.87408,7,7520
2025-07-09 06:44:00,12.482469,37.87408,7,7520
2025-07-09 06:54:00,12.482469,37.87408,7,7520
2025-07-09 07:04:00,12.482469,37.87408,7,7520
2025-07-09 07:14:00,12.482469,37.87408,7,7520
2025-07-09 07:24:00,12.482469,37.87408,7,7520
2025-07-09 07:34:00,12.482469,37.87408,7,7520
2025-07-09 07:44:00,12.482469,37.87408,7,7520
2025-07-09 07:54:00,12.482469,37.87408,7,7520
2025-07-09 08:04:00,12.482469,37.87408,7,7520
2025-07-09 08:14:00,12.482469,37.87408,7,7520
2025-07-09 08:24:00,12.482469,37.87408,7,7520
2025-07-09 08:34:00,12.482469,37.87408,7,7520
2025-07-09 08:44:00,12.482469,37.87408,7,7520
2025-07-09 08:54:00,12.482469,37.87408,7,7520
2025-07-09 09:04:00,12.482469,37.87408,7,7520
2025-07-09 09:14:00,12.482469,37.87408,7,7520
2025-07-09 09:24:00,12.482469,37.87408,7,7520
2025-07-09 09:34:00,12.482469,37.87408,7,7520
2025-07-09 09:44:00,12.482469,37.87408,7,7520
2025-07-09 09:54:00,12.482469,37.87408,7,7520
2025-07-09 10:04:00,12.482469,37.87408,7,7520
2025-07-09 10:14:00,12.482469,37.87408,7,7520
2025-07-09 10:24:00,12.482469,37.87408,7,7520
2025-07-09 10:34:00,12.482469,37.87408,7,7520
2025-07-09 10:44:00,12.482469,37.87408,7,7520
2025-07-09 10:54:00,12.482469,37.87408,7,7520
2025-07-09 11:04:00,12.482469,37.87408,7,7520
2025-07-09 11:14:00,12.482469,37.87408,7,7520
2025-07-09 11:24:00,12.482469,37.87408,7,7520
2025-07-09 11:34:00,12.482469,37.87408,7,7520
2025-07-09 11:44:00,12.482469,37.87408,7,7520
2025-07-09 11:54:00,12.482469,37.87408,7,7520
2025-07-09 12:04:00,12.482469,37.87408,7,7520
2025-07-09 12:14:00,12.482469,37.87408,7,7520
2025-07-09 12:24:00,12.482469,37.87408,7,7520
2025-07-09 12:34:00,12.482469,37.87408,7,7520
2025-07-09 12:44:00,12.482469,37.87408,7,7520
2025-07-09 12:54:00,12.482469,37.87408,7,7520
2025-07-09 13:04:00,12.482469,37.87408,7,7520
2025-07-09 13:14:00,12.482469,37.87408,7,7520
2025-07-09 13:24:00,12.482469,37.87408,7,7520
2025-07-09 13:34:00,12.482469,37.87408,7,7520
2025-07-09 13:44:00,12.482469,37.87408,7,7520
2025-07-09 13:54:00,12.482469,37.87408,7,7520
2025-07-09 14:04:00,12.482469,37.87408,7,7520
2025-07-09 14:14:00,12.482469,37.87408,7,7520
2025-07-09 14:24:00,12.482469,37.87408,7,7520
2025-07-09 14:34:00,12.482469,37.87408,7,7520
2025-07-09 14:44:00,12.482469,37.87408,7,7520
2025-07-09 14:54:00,12.482469,37.87408,7,7520
2025-07-09 15:04:00,12.482469,37.87408,7,7520
2025-07-09 15:14:00,12.482469,37.87408,7,7520
2025-07-09 15:24:00,12.482469,37.87408,7,7520
2025-07-09 15:34:00,12.482469,37.87408,7,7520
2025-07-09 15:44:00,12.482469,37.87408,7,7520
2025-07-09 15:54:00,12.482469,37.87408,7,7520
2025-07-09 16:04:00,12.482469,37.87408,7,7520
2025-07-09 16:14:00,12.482469,37.87408,7,7520
2025-07-09 16:24:00,12.482469,37.87408,7,7520
2025-07-09 16:34:00,12.482469,37.87408,7,7520
2025-07-09 16:44:00,12.482469,37.87408,7,7520
2025-07-09 16:54:00,12.482469,37.87408,7,7520
2025-07-09 17:04:00,12.482469,37.87408,7,7520
2025-07-09 17:14:00,12.482469,37.87408,7,7520
2025-07-09 17:24:00,12.482469,37.87408,7,7520
2025-07-09 17:34:00,12.482469,37.87408,7,7520
2025-07-09 17:44:00,12.482469,37.87408,7,7520
2025-07-09 17:54:00,12.482469,37.87408,7,7520
2025-07-09 18:04:00,12.482469,37.87408,7,7520
2025-07-09 18:14:00,12.482341,37.873596,7,7520
2025-07-09 18:24:00,12.482341,37.873596,7,7520
2025-07-09 18:34:00,12.482341,37.873596,7,7520
2025-07-09 18:44:00,12.482341,37.873596,7,7520
2025-07-09 18:54:00,12.482341,37.873596,7,7520
2025-07-09 19:04:00,12.482341,37.873596,7,7520
2025-07-09 19:14:00,12.482341,37.873596,7,7520
2025-07-09 19:24:00,12.482341,37.873596,7,7520
2025-07-09 19:34:00,12.482341,37.873596,7,7520
2025-07-09 19:44:00,12.482341,37.873596,7,7520
2025-07-09 19:54:00,12.482341,37.873596,7,7520
2025-07-09 20:04:00,12.482341,37.873596,7,7520
2025-07-09 20:14:00,12.482341,37.873596,7,7520
2025-07-09 20:24:00,12.482341,37.873596,7,7520
2025-07-09 20:34:00,12.482341,37.873596,7,7520
2025-07-09 20:44:00,12.482341,37.873596,7,7520
2025-07-09 20:54:00,12.482341,37.873596,7,7520
2025-07-09 21:04:00,12.482341,37.873596,7,7520
2025-07-09 21:14:00,12.482341,37.873596,7,7520
2025-07-09 21:24:00,12.482341,37.873596,7,7520
2025-07-09 21:34:00,12.482341,37.873596,7,7520
2025-07-09 21:44:00,12.482341,37.873596,7,7520
2025-07-09 21:54:00,12.482341,37.873596,7,7520
2025-07-09 22:04:00,12.482341,37.873596,7,7520
2025-07-09 22:14:00,12.482341,37.873596,7,7520
2025-07-09 22:24:00,12.482341,37.873596,7,7520
2025-07-09 22:34:00,12.482341,37.873596,7,7520
2025-07-09 22:44:00,12.482341,37.873596,7,7520
2025-07-09 22:54:00,12.482341,37.873596,7,7520
2025-07-09 23:04:00,12.482341,37.873596,7,7520
2025-07-09 23:14:00,12.482341,37.873596,7,7520
2025-07-09 23:24:00,12.482341,37.873596,7,7520
2025-07-09 23:34:00,12.482341,37.873596,7,7520
2025-07-09 23:44:00,12.482341,37.873596,7,7520
2025-07-09 23:54:00,12.482341,37.873596,7,7520
2025-07-10 00:04:00,12.482341,37.873596,7,7520
2025-07-08 17:04:00,12.478165,37.875515,7,930
2025-07-08 17:14:00,12.479031,37.87512,7,930
2025-07-08 17:24:00,12.479897,37.874786,7,930
2025-07-08 17:34:00,12.480759,37.87452,7,930
2025-07-08 17:44:00,12.48161,37.874287,7,930
2025-07-08 17:54:00,12.482447,37.874092,7,930
2025-07-08 18:04:00,12.482447,37.874092,7,930
2025-07-08 18:14:00,12.482447,37.874092,7,930
2025-07-08 18:24:00,12.482447,37.874092,7,930
2025-07-08 18:34:00,12.482447,37.874092,7,930
2025-07-08 18:44:00,12.482447,37.874092,7,930
2025-07-08 18:54:00,12.482447,37.874092,7,930
2025-07-08 19:04:00,12.482873,37.874123,7,930
2025-07-08 19:14:00,12.482873,37.874123,7,930
2025-07-08 19:24:00,12.482873,37.874123,7,930
2025-07-08 19:34:00,12.482873,37.874123,7,930
2025-07-08 19:44:00,12.482873,37.874123,7,930
2025-07-08 19:54:00,12.482873,37.874123,7,930
2025-07-08 20:04:00,12.482873,37.874123,7,930
2025-07-08 20:14:00,12.482873,37.874123,7,930
2025-07-08 20:24:00,12.482873,37.874123,7,930
2025-07-08 20:34:00,12.482873,37.874123,7,930
2025-07-08 20:44:00,12.482873,37.874123,7,930
2025-07-08 20:54:00,12.482873,37.874123,7,930
2025-07-08 21:04:00,12.482873,37.874123,7,930
2025-07-08 21:14:00,12.482873,37.874123,7,930
2025-07-08 21:24:00,12.482873,37.874123,7,930
2025-07-08 21:34:00,12.482873,37.874123,7,930
2025-07-08 21:44:00,12.482873,37.874123,7,930
2025-07-08 21:54:00,12.482873,37.874123,7,930
2025-07-08 22:04:00,12.482873,37.874123,7,930
2025-07-08 22:14:00,12.482873,37.874123,7,930
2025-07-08 22:24:00,12.482873,37.874123,7,930
2025-07-08 22:34:00,12.482873,37.874123,7,930
2025-07-08 22:44:00,12.482873,37.874123,7,930
2025-07-08 22:54:00,12.482873,37.874123,7,930
2025-07-08 23:04:00,12.482873,37.874123,7,930
2025-07-08 23:14:00,12.482873,37.874123,7,930
2025-07-08 23:24:00,12.482873,37.874123,7,930
2025-07-08 23:34:00,12.482873,37.874123,7,930
2025-07-08 23:44:00,12.482873,37.874123,7,930
2025-07-08 23:54:00,12.482873,37.874123,7,930
2025-07-09 00:04:00,12.482873,37.874123,7,930
2025-07-09 00:14:00,12.482873,37.874123,7,930
2025-07-09 00:24:00,12.482873,37.874123,7,930
2025-07-09 00:34:00,12.482873,37.874123,7,930
2025-07-09 00:44:00,12.482873,37.874123,7,930
2025-07-09 00:54:00,12.482873,37.874123,7,930
2025-07-09 01:04:00,12.482873,37.874123,7,930
2025-07-09 01:14:00,12.482873,37.874123,7,930
2025-07-09 01:24:00,12.482873,37.874123,7,930
2025-07-09 01:34:00,12.482873,37.874123,7,930
2025-07-09 01:44:00,12.482873,37.874123,7,930
2025-07-09 01:54:00,12.482873,37.874123,7,930
2025-07-09 02:04:00,12.482873,37.874123,7,930
2025-07-09 02:14:00,12.482873,37.874123,7,930
2025-07-09 02:24:00,12.482873,37.874123,7,930
2025-07-09 02:34:00,12.482873,37.874123,7,930
2025-07-09 02:44:00,12.482873,37.874123,7,930
2025-07-09 02:54:00,12.482873,37.874123,7,930
2025-07-09 03:04:00,12.482873,37.874123,7,930
2025-07-09 03:14:00,12.482873,37.874123,7,930
2025-07-09 03:24:00,12.482873,37.874123,7,930
2025-07-09 03:34:00,12.482873,37.874123,7,930
2025-07-09 03:44:00,12.482873,37.874123,7,930
2025-07-09 03:54:00,12.482873,37.874123,7,930
2025-07-09 04:04:00,12.482873,37.874123,7,930
2025-07-09 04:14:00,12.482873,37.874123,7,930
2025-07-09 04:24:00,12.482873,37.874123,7,930
2025-07-09 04:34:00,12.482873,37.874123,7,930
2025-07-09 04:44:00,12.482873,37.874123,7,930
2025-07-09 04:54:00,12.482873,37.874123,7,930
2025-07-09 05:04:00,12.482873,37.874123,7,930
2025-07-09 05:14:00,12.482873,37.874123,7,930
2025-07-09 05:24:00,12.482873,37.874123,7,930
2025-07-09 05:34:00,12.482873,37.874123,7,930
2025-07-09 05:44:00,12.482873,37.874123,7,930
2025-07-09 05:54:00,12.482873,37.874123,7,930
2025-07-09 06:04:00,12.482873,37.874123,7,930
2025-07-09 06:14:00,12.482873,37.874123,7,930
2025-07-09 06:24:00,12.482873,37.874123,7,930
2025-07-09 06:34:00,12.482873,37.874123,7,930
2025-07-09 06:44:00,12.482873,37.874123,7,930
2025-07-09 06:54:00,12.482873,37.874123,7,930
2025-07-09 07:04:00,12.482873,37.874123,7,930
2025-07-09 07:14:00,12.482873,37.874123,7,930
2025-07-09 07:24:00,12.482873,37.874123,7,930
2025-07-09 07:34:00,12.482873,37.874123,7,930
2025-07-09 07:44:00,12.482873,37.874123,7,930
2025-07-09 07:54:00,12.482873,37.874123,7,930
2025-07-09 08:04:00,12.482873,37.874123,7,930
2025-07-09 08:14:00,12.482873,37.874123,7,930
2025-07-09 08:24:00,12.482873,37.874123,7,930
2025-07-09 08:34:00,12.482873,37.874123,7,930
2025-07-09 08:44:00,12.482873,37.874123,7,930
2025-07-09 08:54:00,12.482873,37.874123,7,930
2025-07-09 09:04:00,12.482873,37.874123,7,930
2025-07-09 09:14:00,12.482873,37.874123,7,930
2025-07-09 09:24:00,12.482873,37.874123,7,930
2025-07-09 09:34:00,12.482873,37.874123,7,930
2025-07-09 09:44:00,12.482873,37.874123,7,930
2025-07-09 09:54:00,12.482873,37.874123,7,930
2025-07-09 10:04:00,12.482873,37.874123,7,930
2025-07-09 10:14:00,12.482873,37.874123,7,930
2025-07-09 10:24:00,12.482873,37.874123,7,930
2025-07-09 10:34:00,12.482873,37.874123,7,930
2025-07-09 10:44:00,12.482873,37.874123,7,930
2025-07-09 10:54:00,12.482873,37.874123,7,930
2025-07-09 11:04:00,12.482873,37.874123,7,930
2025-07-09 11:14:00,12.482873,37.874123,7,930
2025-07-09 11:24:00,12.482873,37.874123,7,930
2025-07-09 11:34:00,12.482873,37.874123,7,930
2025-07-09 11:44:00,12.482873,37.874123,7,930
2025-07-09 11:54:00,12.482873,37.874123,7,930
2025-07-09 12:04:00,12.482873,37.874123,7,930
2025-07-09 12:14:00,12.482873,37.874123,7,930
2025-07-09 12:24:00,12.482873,37.874123,7,930
2025-07-09 12:34:00,12.482873,37.874123,7,930
2025-07-09 12:44:00,12.482873,37.874123,7,930
2025-07-09 12:54:00,12.482873,37.874123,7,930
2025-07-09 13:04:00,12.482873,37.874123,7,930
2025-07-09 13:14:00,12.482873,37.874123,7,930
2025-07-09 13:24:00,12.482873,37.874123,7,930
2025-07-09 13:34:00,12.482873,37.874123,7,930
2025-07-09 13:44:00,12.482873,37.874123,7,930
2025-07-09 13:54:00,12.482873,37.874123,7,930
2025-07-09 14:04:00,12.482873,37.874123,7,930
2025-07-09 14:14:00,12.482873,37.874123,7,930
2025-07-09 14:24:00,12.482873,37.874123,7,930
2025-07-09 14:34:00,12.482873,37.874123,7,930
2025-07-09 14:44:00,12.482873,37.874123,7,930
2025-07-09 14:54:00,12.482873,37.874123,7,930
2025-07-09 15:04:00,12.482873,37.874123,7,930
2025-07-09 15:14:00,12.482873,37.874123,7,930
2025-07-09 15:24:00,12.482873,37.874123,7,930
2025-07-09 15:34:00,12.482873,37.874123,7,930
2025-07-09 15:44:00,12.482873,37.874123,7,930
2025-07-09 15:54:00,12.482873,37.874123,7,930
2025-07-09 16:04:00,12.482873,37.874123,7,930
2025-07-09 16:14:00,12.482873,37.874123,7,930
2025-07-09 16:24:00,12.482873,37.874123,7,930
2025-07-09 16:34:00,12.482873,37.874123,7,930
2025-07-09 16:44:00,12.482873,37.874123,7,930
2025-07-09 16:54:00,12.482873,37.874123,7,930
2025-07-09 17:04:00,12.482873,37.874123,7,930
2025-07-09 17:14:00,12.482873,37.874123,7,930
2025-07-09 17:24:00,12.482873,37.874123,7,930
2025-07-09 17:34:00,12.482873,37.874123,7,930
2025-07-09 17:44:00,12.482873,37.874123,7,930
2025-07-09 17:54:00,12.482873,37.874123,7,930
2025-07-09 18:04:00,12.482873,37.874123,7,930
2025-07-09 18:14:00,12.482873,37.874123,7,930
2025-07-09 18:24:00,12.482873,37.874123,7,930
2025-07-09 18:34:00,12.482873,37.874123,7,930
2025-07-09 18:44:00,12.482873,37.874123,7,930
2025-07-09 18:54:00,12.482873,37.874123,7,930
2025-07-09 19:04:00,12.482873,37.874123,7,930
2025-07-09 19:14:00,12.482873,37.874123,7,930
2025-07-09 19:24:00,12.482873,37.874123,7,930
2025-07-09 19:34:00,12.482873,37.874123,7,930
2025-07-09 19:44:00,12.482873,37.874123,7,930
2025-07-09 19:54:00,12.482873,37.874123,7,930
2025-07-09 20:04:00,12.482873,37.874123,7,930
2025-07-09 20:14:00,12.482873,37.874123,7,930
2025-07-09 20:24:00,12.482873,37.874123,7,930
2025-07-09 20:34:00,12.482873,37.874123,7,930
2025-07-09 20:44:00,12.482873,37.874123,7,930
2025-07-09 20:54:00,12.482873,37.874123,7,930
2025-07-09 21:04:00,12.482873,37.874123,7,930
2025-07-09 21:14:00,12.482873,37.874123,7,930
2025-07-09 21:24:00,12.482873,37.874123,7,930
2025-07-09 21:34:00,12.482873,37.874123,7,930
2025-07-09 21:44:00,12.482873,37.874123,7,930
2025-07-09 21:54:00,12.482873,37.874123,7,930
2025-07-09 22:04:00,12.482873,37.874123,7,930
2025-07-09 22:14:00,12.482873,37.874123,7,930
2025-07-09 22:24:00,12.482873,37.874123,7,930
2025-07-09 22:34:00,12.482873,37.874123,7,930
2025-07-09 22:44:00,12.482873,37.874123,7,930
2025-07-09 22:54:00,12.482873,37.874123,7,930
2025-07-09 23:04:00,12.482873,37.874123,7,930
2025-07-09 23:14:00,12.482873,37.874123,7,930
2025-07-09 23:24:00,12.482873,37.874123,7,930
2025-07-09 23:34:00,12.482873,37.874123,7,930
2025-07-09 23:44:00,12.482873,37.874123,7,930
2025-07-09 23:54:00,12.482873,37.874123,7,930
2025-07-10 00:04:00,12.482873,37.874123,7,930
2025-07-09 07:44:00,12.45519,37.86956,8,2520
2025-07-09 07:54:00,12.455552,37.86855,8,2520
2025-07-09 08:04:00,12.455913,37.867535,8,2520
2025-07-09 08:14:00,12.456278,37.86652,8,2520
2025-07-09 08:24:00,12.456664,37.86551,8,2520
2025-07-09 08:34:00,12.457074,37.86449,8,2520
2025-07-09 08:44:00,12.457513,37.863464,8,2520
2025-07-09 08:54:00,12.457932,37.86241,8,2520
2025-07-09 09:04:00,12.458287,37.861317,8,2520
2025-07-09 09:14:00,12.458595,37.860245,8,2520
2025-07-09 09:24:00,12.458859,37.85918,8,2520
2025-07-09 09:34:00,12.459121,37.858055,8,2520
2025-07-09 09:44:00,12.459379,37.856873,8,2520
2025-07-09 09:54:00,12.459622,37.855656,8,2520
2025-07-09 10:04:00,12.459835,37.854374,8,2520
2025-07-09 10:14:00,12.460019,37.85301,8,2520
2025-07-09 10:24:00,12.460199,37.851547,8,2520
2025-07-09 10:34:00,12.460323,37.849964,8,2520
2025-07-09 10:44:00,12.460407,37.848312,8,2520
2025-07-09 10:54:00,12.460467,37.846687,8,2520
2025-07-09 11:04:00,12.460353,37.84508,8,2520
2025-07-09 11:14:00,12.460307,37.84353,8,2520
2025-07-09 11:24:00,12.460333,37.84204,8,2520
2025-07-09 11:34:00,12.460435,37.840622,8,2520
2025-07-09 11:44:00,12.460706,37.839294,8,2520
2025-07-09 11:54:00,12.461056,37.838085,8,2520
2025-07-09 12:04:00,12.461427,37.836964,8,2520
2025-07-09 12:14:00,12.461818,37.83584,8,2520
2025-07-09 12:24:00,12.462204,37.834713,8,2520
2025-07-09 12:34:00,12.462572,37.83359,8,2520
2025-07-09 12:44:00,12.462944,37.832466,8,2520
2025-07-09 12:54:00,12.463318,37.83133,8,2520
2025-07-09 13:04:00,12.463682,37.830193,8,2520
2025-07-09 13:14:00,12.464031,37.829052,8,2520
2025-07-09 13:24:00,12.464349,37.827885,8,2520
2025-07-09 13:34:00,12.464627,37.826702,8,2520
2025-07-09 13:44:00,12.464853,37.825512,8,2520
2025-07-09 13:54:00,12.464853,37.825512,8,2520
2025-07-09 14:04:00,12.464853,37.825512,8,2520
2025-07-09 14:14:00,12.464853,37.825512,8,2520
2025-07-09 14:24:00,12.464853,37.825512,8,2520
2025-07-09 14:34:00,12.464853,37.825512,8,2520
2025-07-09 14:44:00,12.464853,37.825512,8,2520
2025-07-09 14:54:00,12.464853,37.825512,8,2520
2025-07-09 15:04:00,12.464853,37.825512,8,2520
2025-07-09 15:14:00,12.464853,37.825512,8,2520
2025-07-09 15:24:00,12.464853,37.825512,8,2520
2025-07-09 15:34:00,12.464853,37.825512,8,2520
2025-07-09 15:44:00,12.464853,37.825512,8,2520
2025-07-09 15:54:00,12.464853,37.825512,8,2520
2025-07-09 16:04:00,12.464853,37.825512,8,2520
2025-07-09 16:14:00,12.464853,37.825512,8,2520
2025-07-09 16:24:00,12.464853,37.825512,8,2520
2025-07-09 16:34:00,12.464853,37.825512,8,2520
2025-07-09 16:44:00,12.464853,37.825512,8,2520
2025-07-09 16:54:00,12.464853,37.825512,8,2520
2025-07-09 17:04:00,12.464853,37.825512,8,2520
2025-07-09 17:14:00,12.464853,37.825512,8,2520
2025-07-09 17:24:00,12.464853,37.825512,8,2520
2025-07-09 17:34:00,12.464853,37.825512,8,2520
2025-07-09 17:44:00,12.464853,37.825512,8,2520
2025-07-09 17:54:00,12.464853,37.825512,8,2520
2025-07-09 18:04:00,12.464853,37.825512,8,2520
2025-07-09 18:14:00,12.464853,37.825512,8,2520
2025-07-09 18:24:00,12.464853,37.825512,8,2520
2025-07-09 18:34:00,12.464853,37.825512,8,2520
2025-07-09 18:44:00,12.464853,37.825512,8,2520
2025-07-09 18:54:00,12.464853,37.825512,8,2520
2025-07-09 19:04:00,12.464853,37.825512,8,2520
2025-07-09 19:14:00,12.464853,37.825512,8,2520
2025-07-09 19:24:00,12.464853,37.825512,8,2520
2025-07-09 19:34:00,12.464853,37.825512,8,2520
2025-07-09 19:44:00,12.464853,37.825512,8,2520
2025-07-09 19:54:00,12.464853,37.825512,8,2520
2025-07-09 20:04:00,12.464853,37.825512,8,2520
2025-07-09 20:14:00,12.464853,37.825512,8,2520
2025-07-09 20:24:00,12.464853,37.825512,8,2520
2025-07-09 20:34:00,12.464853,37.825512,8,2520
2025-07-09 20:44:00,12.464853,37.825512,8,2520
2025-07-09 20:54:00,12.464853,37.825512,8,2520
2025-07-09 21:04:00,12.464853,37.825512,8,2520
2025-07-09 21:14:00,12.464853,37.825512,8,2520
2025-07-09 21:24:00,12.464853,37.825512,8,2520
2025-07-09 21:34:00,12.464853,37.825512,8,2520
2025-07-09 21:44:00,12.464853,37.825512,8,2520
2025-07-09 21:54:00,12.464853,37.825512,8,2520
2025-07-09 22:04:00,12.464853,37.825512,8,2520
2025-07-09 22:14:00,12.464853,37.825512,8,2520
2025-07-09 22:24:00,12.464853,37.825512,8,2520
2025-07-09 22:34:00,12.464853,37.825512,8,2520
2025-07-09 22:44:00,12.464853,37.825512,8,2520
2025-07-09 22:54:00,12.464853,37.825512,8,2520
2025-07-09 23:04:00,12.464853,37.825512,8,2520
2025-07-09 23:14:00,12.464853,37.825512,8,2520
2025-07-09 23:24:00,12.464853,37.825512,8,2520
2025-07-09 23:34:00,12.464853,37.825512,8,2520
2025-07-09 23:44:00,12.464853,37.825512,8,2520
2025-07-09 23:54:00,12.464853,37.825512,8,2520
2025-07-10 00:04:00,12.464853,37.825512,8,2520
2025-07-09 07:44:00,12.45545,37.86926,8,7520
2025-07-09 07:54:00,12.455816,37.86824,8,7520
2025-07-09 08:04:00,12.456178,37.86722,8,7520
2025-07-09 08:14:00,12.456548,37.866207,8,7520
2025-07-09 08:24:00,12.456941,37.8652,8,7520
2025-07-09 08:34:00,12.45736,37.864178,8,7520
2025-07-09 08:44:00,12.4578,37.863148,8,7520
2025-07-09 08:54:00,12.458194,37.86208,8,7520
2025-07-09 09:04:00,12.458533,37.860992,8,7520
2025-07-09 09:14:00,12.458831,37.859936,8,7520
2025-07-09 09:24:00,12.459095,37.858856,8,7520
2025-07-09 09:34:00,12.459362,37.85772,8,7520
2025-07-09 09:44:00,12.4596195,37.85653,8,7520
2025-07-09 09:54:00,12.459861,37.8553,8,7520
2025-07-09 10:04:00,12.460064,37.854,8,7520
2025-07-09 10:14:00,12.460238,37.85261,8,7520
2025-07-09 10:24:00,12.460388,37.851124,8,7520
2025-07-09 10:34:00,12.46047,37.849514,8,7520
2025-07-09 10:44:00,12.460559,37.847874,8,7520
2025-07-09 10:54:00,12.460582,37.84625,8,7520
2025-07-09 11:04:00,12.460459,37.844646,8,7520
2025-07-09 11:14:00,12.460437,37.84386,8,7520
2025-07-09 11:24:00,12.460437,37.84386,8,7520
2025-07-09 11:34:00,12.460437,37.84386,8,7520
2025-07-09 11:44:00,12.460437,37.84386,8,7520
2025-07-09 11:54:00,12.460437,37.84386,8,7520
2025-07-09 12:04:00,12.460437,37.84386,8,7520
2025-07-09 12:14:00,12.460437,37.84386,8,7520
2025-07-09 12:24:00,12.460437,37.84386,8,7520
2025-07-09 12:34:00,12.460437,37.84386,8,7520
2025-07-09 12:44:00,12.460437,37.84386,8,7520
2025-07-09 12:54:00,12.460437,37.84386,8,7520
2025-07-09 13:04:00,12.460437,37.84386,8,7520
2025-07-09 13:14:00,12.460437,37.84386,8,7520
2025-07-09 13:24:00,12.460437,37.84386,8,7520
2025-07-09 13:34:00,12.460437,37.84386,8,7520
2025-07-09 13:44:00,12.460437,37.84386,8,7520
2025-07-09 13:54:00,12.460437,37.84386,8,7520
2025-07-09 14:04:00,12.460437,37.84386,8,7520
2025-07-09 14:14:00,12.460437,37.84386,8,7520
2025-07-09 14:24:00,12.460437,37.84386,8,7520
2025-07-09 14:34:00,12.460437,37.84386,8,7520
2025-07-09 14:44:00,12.460437,37.84386,8,7520
2025-07-09 14:54:00,12.460437,37.84386,8,7520
2025-07-09 15:04:00,12.460437,37.84386,8,7520
2025-07-09 15:14:00,12.460437,37.84386,8,7520
2025-07-09 15:24:00,12.460437,37.84386,8,7520
2025-07-09 15:34:00,12.46041,37.843338,8,7520
2025-07-09 15:44:00,12.46041,37.843338,8,7520
2025-07-09 15:54:00,12.46041,37.843338,8,7520
2025-07-09 16:04:00,12.46041,37.843338,8,7520
2025-07-09 16:14:00,12.46041,37.843338,8,7520
2025-07-09 16:24:00,12.46041,37.843338,8,7520
2025-07-09 16:34:00,12.46041,37.843338,8,7520
2025-07-09 16:44:00,12.46041,37.843338,8,7520
2025-07-09 16:54:00,12.46041,37.843338,8,7520
2025-07-09 17:04:00,12.46041,37.843338,8,7520
2025-07-09 17:14:00,12.46041,37.843338,8,7520
2025-07-09 17:24:00,12.46041,37.843338,8,7520
2025-07-09 17:34:00,12.46041,37.843338,8,7520
2025-07-09 17:44:00,12.46041,37.843338,8,7520
2025-07-09 17:54:00,12.46041,37.843338,8,7520
2025-07-09 18:04:00,12.46041,37.843338,8,7520
2025-07-09 18:14:00,12.46041,37.843338,8,7520
2025-07-09 18:24:00,12.46041,37.843338,8,7520
2025-07-09 18:34:00,12.46041,37.843338,8,7520
2025-07-09 18:44:00,12.46041,37.843338,8,7520
2025-07-09 18:54:00,12.46041,37.843338,8,7520
2025-07-09 19:04:00,12.46041,37.843338,8,7520
2025-07-09 19:14:00,12.46041,37.843338,8,7520
2025-07-09 19:24:00,12.46041,37.843338,8,7520
2025-07-09 19:34:00,12.46041,37.843338,8,7520
2025-07-09 19:44:00,12.46041,37.843338,8,7520
2025-07-09 19:54:00,12.46041,37.843338,8,7520
2025-07-09 20:04:00,12.46041,37.843338,8,7520
2025-07-09 20:14:00,12.46041,37.843338,8,7520
2025-07-09 20:24:00,12.46041,37.843338,8,7520
2025-07-09 20:34:00,12.46041,37.843338,8,7520
2025-07-09 20:44:00,12.46041,37.843338,8,7520
2025-07-09 20:54:00,12.46041,37.843338,8,7520
2025-07-09 21:04:00,12.46041,37.843338,8,7520
2025-07-09 21:14:00,12.460364,37.84284,8,7520
2025-07-09 21:24:00,12.460273,37.84181,8,7520
2025-07-09 21:34:00,12.460189,37.840767,8,7520
2025-07-09 21:44:00,12.4601145,37.83973,8,7520
2025-07-09 21:54:00,12.4600315,37.838715,8,7520
2025-07-09 22:04:00,12.459942,37.83774,8,7520
2025-07-09 22:14:00,12.459864,37.836815,8,7520
2025-07-09 22:24:00,12.459802,37.835934,8,7520
2025-07-09 22:34:00,12.459758,37.83509,8,7520
2025-07-09 22:44:00,12.459722,37.834267,8,7520
2025-07-09 22:54:00,12.45969,37.83347,8,7520
2025-07-09 23:04:00,12.459677,37.832687,8,7520
2025-07-09 23:14:00,12.4596815,37.83193,8,7520
2025-07-09 23:24:00,12.459699,37.831196,8,7520
2025-07-09 23:34:00,12.459723,37.830498,8,7520
2025-07-09 23:44:00,12.459767,37.829826,8,7520
2025-07-09 23:54:00,12.459834,37.829174,8,7520
2025-07-10 00:04:00,12.459927,37.828625,8,7520
2025-07-09 07:44:00,12.45552,37.86909,8,930
2025-07-09 07:54:00,12.455888,37.868073,8,930
2025-07-09 08:04:00,12.45625,37.86705,8,930
2025-07-09 08:14:00,12.456622,37.86604,8,930
2025-07-09 08:24:00,12.457018,37.865032,8,930
2025-07-09 08:34:00,12.45744,37.86401,8,930
2025-07-09 08:44:00,12.457876,37.86298,8,930
2025-07-09 08:54:00,12.458258,37.861904,8,930
2025-07-09 09:04:00,12.458593,37.860825,8,930
2025-07-09 09:14:00,12.458885,37.85977,8,930
2025-07-09 09:24:00,12.459153,37.85869,8,930
2025-07-09 09:34:00,12.459423,37.85754,8,930
2025-07-09 09:44:00,12.4596815,37.85635,8,930
2025-07-09 09:54:00,12.459921,37.855114,8,930
2025-07-09 10:04:00,12.460119,37.8538,8,930
2025-07-09 10:14:00,12.460292,37.8524,8,930
2025-07-09 10:24:00,12.460431,37.850903,8,930
2025-07-09 10:34:00,12.460503,37.84928,8,930
2025-07-09 10:44:00,12.4606,37.84764,8,930
2025-07-09 10:54:00,12.460594,37.84602,8,930
2025-07-09 11:04:00,12.460481,37.84442,8,930
2025-07-09 11:14:00,12.460467,37.84363,8,930
2025-07-09 11:24:00,12.460467,37.84363,8,930
2025-07-09 11:34:00,12.460467,37.84363,8,930
2025-07-09 11:44:00,12.460467,37.84363,8,930
2025-07-09 11:54:00,12.460467,37.84363,8,930
2025-07-09 12:04:00,12.460467,37.84363,8,930
2025-07-09 12:14:00,12.460467,37.84363,8,930
2025-07-09 12:24:00,12.460467,37.84363,8,930
2025-07-09 12:34:00,12.460467,37.84363,8,930
2025-07-09 12:44:00,12.460467,37.84363,8,930
2025-07-09 12:54:00,12.460467,37.84363,8,930
2025-07-09 13:04:00,12.460467,37.84363,8,930
2025-07-09 13:14:00,12.460467,37.84363,8,930
2025-07-09 13:24:00,12.460467,37.84363,8,930
2025-07-09 13:34:00,12.460467,37.84363,8,930
2025-07-09 13:44:00,12.460467,37.84363,8,930
2025-07-09 13:54:00,12.460467,37.84363,8,930
2025-07-09 14:04:00,12.460467,37.84363,8,930
2025-07-09 14:14:00,12.460467,37.84363,8,930
2025-07-09 14:24:00,12.460467,37.84363,8,930
2025-07-09 14:34:00,12.460467,37.84363,8,930
2025-07-09 14:44:00,12.460467,37.84363,8,930
2025-07-09 14:54:00,12.460467,37.84363,8,930
2025-07-09 15:04:00,12.460467,37.84363,8,930
2025-07-09 15:14:00,12.460467,37.84363,8,930
2025-07-09 15:24:00,12.460467,37.84363,8,930
2025-07-09 15:34:00,12.460467,37.84363,8,930
2025-07-09 15:44:00,12.460467,37.84363,8,930
2025-07-09 15:54:00,12.460467,37.84363,8,930
2025-07-09 16:04:00,12.460467,37.84363,8,930
2025-07-09 16:14:00,12.460467,37.84363,8,930
2025-07-09 16:24:00,12.460467,37.84363,8,930
2025-07-09 16:34:00,12.460467,37.84363,8,930
2025-07-09 16:44:00,12.460467,37.84363,8,930
2025-07-09 16:54:00,12.460467,37.84363,8,930
2025-07-09 17:04:00,12.460467,37.84363,8,930
2025-07-09 17:14:00,12.460467,37.84363,8,930
2025-07-09 17:24:00,12.460486,37.843414,8,930
2025-07-09 17:34:00,12.460486,37.843414,8,930
2025-07-09 17:44:00,12.460486,37.843414,8,930
2025-07-09 17:54:00,12.460486,37.843414,8,930
2025-07-09 18:04:00,12.460486,37.843414,8,930
2025-07-09 18:14:00,12.460486,37.843414,8,930
2025-07-09 18:24:00,12.460486,37.843414,8,930
2025-07-09 18:34:00,12.460486,37.843414,8,930
2025-07-09 18:44:00,12.460486,37.843414,8,930
2025-07-09 18:54:00,12.460486,37.843414,8,930
2025-07-09 19:04:00,12.460486,37.843414,8,930
2025-07-09 19:14:00,12.460486,37.843414,8,930
2025-07-09 19:24:00,12.460486,37.843414,8,930
2025-07-09 19:34:00,12.460486,37.843414,8,930
2025-07-09 19:44:00,12.460486,37.843414,8,930
2025-07-09 19:54:00,12.460486,37.843414,8,930
2025-07-09 20:04:00,12.460486,37.843414,8,930
2025-07-09 20:14:00,12.460486,37.843414,8,930
2025-07-09 20:24:00,12.460486,37.843414,8,930
2025-07-09 20:34:00,12.460486,37.843414,8,930
2025-07-09 20:44:00,12.460486,37.843414,8,930
2025-07-09 20:54:00,12.460486,37.843414,8,930
2025-07-09 21:04:00,12.460486,37.843414,8,930
2025-07-09 21:14:00,12.460486,37.843414,8,930
2025-07-09 21:24:00,12.460486,37.843414,8,930
2025-07-09 21:34:00,12.460486,37.843414,8,930
2025-07-09 21:44:00,12.460486,37.843414,8,930
2025-07-09 21:54:00,12.460486,37.843414,8,930
2025-07-09 22:04:00,12.460486,37.843414,8,930
2025-07-09 22:14:00,12.460486,37.843414,8,930
2025-07-09 22:24:00,12.460486,37.843414,8,930
2025-07-09 22:34:00,12.460486,37.843414,8,930
2025-07-09 22:44:00,12.460486,37.843414,8,930
2025-07-09 22:54:00,12.460486,37.843414,8,930
2025-07-09 23:04:00,12.460486,37.843414,8,930
2025-07-09 23:14:00,12.460486,37.843414,8,930
2025-07-09 23:24:00,12.460486,37.843414,8,930
2025-07-09 23:34:00,12.460486,37.843414,8,930
2025-07-09 23:44:00,12.460486,37.843414,8,930
2025-07-09 23:54:00,12.460486,37.843414,8,930
2025-07-10 00:04:00,12.460486,37.843414,8,930
2025-07-09 09:04:00,12.4523,37.87978,9,0530cnr
2025-07-09 09:14:00,12.452708,37.878777,9,0530cnr
2025-07-09 09:24:00,12.453078,37.87778,9,0530cnr
2025-07-09 09:34:00,12.453452,37.87678,9,0530cnr
2025-07-09 09:44:00,12.453856,37.875763,9,0530cnr
2025-07-09 09:54:00,12.454255,37.874714,9,0530cnr
2025-07-09 10:04:00,12.454616,37.873634,9,0530cnr
2025-07-09 10:14:00,12.454898,37.87251,9,0530cnr
2025-07-09 10:24:00,12.455098,37.87134,9,0530cnr
2025-07-09 10:34:00,12.455292,37.870174,9,0530cnr
2025-07-09 10:44:00,12.455498,37.86901,9,0530cnr
2025-07-09 10:54:00,12.455716,37.867836,9,0530cnr
2025-07-09 11:04:00,12.455949,37.866653,9,0530cnr
2025-07-09 11:14:00,12.456222,37.86549,9,0530cnr
2025-07-09 11:24:00,12.456527,37.864334,9,0530cnr
2025-07-09 11:34:00,12.456692,37.863758,9,0530cnr
2025-07-09 11:44:00,12.456692,37.863758,9,0530cnr
2025-07-09 11:54:00,12.456692,37.863758,9,0530cnr
2025-07-09 12:04:00,12.456692,37.863758,9,0530cnr
2025-07-09 12:14:00,12.456692,37.863758,9,0530cnr
2025-07-09 12:24:00,12.456692,37.863758,9,0530cnr
2025-07-09 12:34:00,12.456692,37.863758,9,0530cnr
2025-07-09 12:44:00,12.456692,37.863758,9,0530cnr
2025-07-09 12:54:00,12.456692,37.863758,9,0530cnr
2025-07-09 13:04:00,12.456692,37.863758,9,0530cnr
2025-07-09 13:14:00,12.456692,37.863758,9,0530cnr
2025-07-09 13:24:00,12.456692,37.863758,9,0530cnr
2025-07-09 13:34:00,12.456692,37.863758,9,0530cnr
2025-07-09 13:44:00,12.456692,37.863758,9,0530cnr
2025-07-09 13:54:00,12.456692,37.863758,9,0530cnr
2025-07-09 14:04:00,12.456692,37.863758,9,0530cnr
2025-07-09 14:14:00,12.456692,37.863758,9,0530cnr
2025-07-09 14:24:00,12.456692,37.863758,9,0530cnr
2025-07-09 14:34:00,12.456692,37.863758,9,0530cnr
2025-07-09 14:44:00,12.456692,37.863758,9,0530cnr
2025-07-09 14:54:00,12.456692,37.863758,9,0530cnr
2025-07-09 15:04:00,12.456692,37.863758,9,0530cnr
2025-07-09 15:14:00,12.456692,37.863758,9,0530cnr
2025-07-09 15:24:00,12.456692,37.863758,9,0530cnr
2025-07-09 15:34:00,12.456692,37.863758,9,0530cnr
2025-07-09 15:44:00,12.456692,37.863758,9,0530cnr
2025-07-09 15:54:00,12.456692,37.863758,9,0530cnr
2025-07-09 16:04:00,12.456692,37.863758,9,0530cnr
2025-07-09 16:14:00,12.456692,37.863758,9,0530cnr
2025-07-09 16:24:00,12.456692,37.863758,9,0530cnr
2025-07-09 16:34:00,12.456692,37.863758,9,0530cnr
2025-07-09 16:44:00,12.456692,37.863758,9,0530cnr
2025-07-09 16:54:00,12.456692,37.863758,9,0530cnr
2025-07-09 17:04:00,12.456692,37.863758,9,0530cnr
2025-07-09 17:14:00,12.456692,37.863758,9,0530cnr
2025-07-09 17:24:00,12.456692,37.863758,9,0530cnr
2025-07-09 17:34:00,12.456692,37.863758,9,0530cnr
2025-07-09 17:44:00,12.456692,37.863758,9,0530cnr
2025-07-09 17:54:00,12.456692,37.863758,9,0530cnr
2025-07-09 18:04:00,12.456692,37.863758,9,0530cnr
2025-07-09 18:14:00,12.456692,37.863758,9,0530cnr
2025-07-09 18:24:00,12.456692,37.863758,9,0530cnr
2025-07-09 18:34:00,12.456692,37.863758,9,0530cnr
2025-07-09 18:44:00,12.456692,37.863758,9,0530cnr
2025-07-09 18:54:00,12.456692,37.863758,9,0530cnr
2025-07-09 19:04:00,12.456692,37.863758,9,0530cnr
2025-07-09 19:14:00,12.456692,37.863758,9,0530cnr
2025-07-09 19:24:00,12.456692,37.863758,9,0530cnr
2025-07-09 19:34:00,12.456692,37.863758,9,0530cnr
2025-07-09 19:44:00,12.456692,37.863758,9,0530cnr
2025-07-09 19:54:00,12.456692,37.863758,9,0530cnr
2025-07-09 20:04:00,12.456692,37.863758,9,0530cnr
2025-07-09 20:14:00,12.456692,37.863758,9,0530cnr
2025-07-09 20:24:00,12.456692,37.863758,9,0530cnr
2025-07-09 20:34:00,12.456692,37.863758,9,0530cnr
2025-07-09 20:44:00,12.456692,37.863758,9,0530cnr
2025-07-09 20:54:00,12.456692,37.863758,9,0530cnr
2025-07-09 21:04:00,12.456692,37.863758,9,0530cnr
2025-07-09 21:14:00,12.456692,37.863758,9,0530cnr
2025-07-09 21:24:00,12.456692,37.863758,9,0530cnr
2025-07-09 21:34:00,12.456692,37.863758,9,0530cnr
2025-07-09 21:44:00,12.456692,37.863758,9,0530cnr
2025-07-09 21:54:00,12.456692,37.863758,9,0530cnr
2025-07-09 22:04:00,12.456692,37.863758,9,0530cnr
2025-07-09 22:14:00,12.456692,37.863758,9,0530cnr
2025-07-09 22:24:00,12.456692,37.863758,9,0530cnr
2025-07-09 22:34:00,12.456692,37.863758,9,0530cnr
2025-07-09 22:44:00,12.456692,37.863758,9,0530cnr
2025-07-09 22:54:00,12.456692,37.863758,9,0530cnr
2025-07-09 23:04:00,12.456692,37.863758,9,0530cnr
2025-07-09 23:14:00,12.456692,37.863758,9,0530cnr
2025-07-09 23:24:00,12.456692,37.863758,9,0530cnr
2025-07-09 23:34:00,12.456692,37.863758,9,0530cnr
2025-07-09 23:44:00,12.456692,37.863758,9,0530cnr
2025-07-09 23:54:00,12.456692,37.863758,9,0530cnr
2025-07-10 00:04:00,12.456692,37.863758,9,0530cnr
2025-07-09 09:04:00,12.45228,37.87985,9,3500cnr
2025-07-09 09:14:00,12.45269,37.878845,9,3500cnr
2025-07-09 09:24:00,12.453062,37.877846,9,3500cnr
2025-07-09 09:34:00,12.453432,37.876846,9,3500cnr
2025-07-09 09:44:00,12.453834,37.87583,9,3500cnr
2025-07-09 09:54:00,12.454234,37.874783,9,3500cnr
2025-07-09 10:04:00,12.4545965,37.873703,9,3500cnr
2025-07-09 10:14:00,12.454883,37.87258,9,3500cnr
2025-07-09 10:24:00,12.455085,37.871414,9,3500cnr
2025-07-09 10:34:00,12.455278,37.870243,9,3500cnr
2025-07-09 10:44:00,12.4554825,37.86908,9,3500cnr
2025-07-09 10:54:00,12.4557,37.86791,9,3500cnr
2025-07-09 11:04:00,12.455931,37.866726,9,3500cnr
2025-07-09 11:14:00,12.456202,37.86556,9,3500cnr
2025-07-09 11:24:00,12.456506,37.864403,9,3500cnr
2025-07-09 11:34:00,12.456671,37.86383,9,3500cnr
2025-07-09 11:44:00,12.456671,37.86383,9,3500cnr
2025-07-09 11:54:00,12.456671,37.86383,9,3500cnr
2025-07-09 12:04:00,12.456671,37.86383,9,3500cnr
2025-07-09 12:14:00,12.456671,37.86383,9,3500cnr
2025-07-09 12:24:00,12.456671,37.86383,9,3500cnr
2025-07-09 12:34:00,12.456671,37.86383,9,3500cnr
2025-07-09 12:44:00,12.456671,37.86383,9,3500cnr
2025-07-09 12:54:00,12.456671,37.86383,9,3500cnr
2025-07-09 13:04:00,12.456671,37.86383,9,3500cnr
2025-07-09 13:14:00,12.456671,37.86383,9,3500cnr
2025-07-09 13:24:00,12.456671,37.86383,9,3500cnr
2025-07-09 13:34:00,12.456671,37.86383,9,3500cnr
2025-07-09 13:44:00,12.456671,37.86383,9,3500cnr
2025-07-09 13:54:00,12.456671,37.86383,9,3500cnr
2025-07-09 14:04:00,12.456671,37.86383,9,3500cnr
2025-07-09 14:14:00,12.456671,37.86383,9,3500cnr
2025-07-09 14:24:00,12.456671,37.86383,9,3500cnr
2025-07-09 14:34:00,12.456671,37.86383,9,3500cnr
2025-07-09 14:44:00,12.456671,37.86383,9,3500cnr
2025-07-09 14:54:00,12.456671,37.86383,9,3500cnr
2025-07-09 15:04:00,12.456671,37.86383,9,3500cnr
2025-07-09 15:14:00,12.456671,37.86383,9,3500cnr
2025-07-09 15:24:00,12.456671,37.86383,9,3500cnr
2025-07-09 15:34:00,12.456671,37.86383,9,3500cnr
2025-07-09 15:44:00,12.456671,37.86383,9,3500cnr
2025-07-09 15:54:00,12.456671,37.86383,9,3500cnr
2025-07-09 16:04:00,12.456671,37.86383,9,3500cnr
2025-07-09 16:14:00,12.456671,37.86383,9,3500cnr
2025-07-09 16:24:00,12.456671,37.86383,9,3500cnr
2025-07-09 16:34:00,12.456671,37.86383,9,3500cnr
2025-07-09 16:44:00,12.456671,37.86383,9,3500cnr
2025-07-09 16:54:00,12.456671,37.86383,9,3500cnr
2025-07-09 17:04:00,12.456671,37.86383,9,3500cnr
2025-07-09 17:14:00,12.456671,37.86383,9,3500cnr
2025-07-09 17:24:00,12.456671,37.86383,9,3500cnr
2025-07-09 17:34:00,12.456671,37.86383,9,3500cnr
2025-07-09 17:44:00,12.456671,37.86383,9,3500cnr
2025-07-09 17:54:00,12.456671,37.86383,9,3500cnr
2025-07-09 18:04:00,12.456671,37.86383,9,3500cnr
2025-07-09 18:14:00,12.456671,37.86383,9,3500cnr
2025-07-09 18:24:00,12.456671,37.86383,9,3500cnr
2025-07-09 18:34:00,12.456671,37.86383,9,3500cnr
2025-07-09 18:44:00,12.456671,37.86383,9,3500cnr
2025-07-09 18:54:00,12.456671,37.86383,9,3500cnr
2025-07-09 19:04:00,12.456671,37.86383,9,3500cnr
2025-07-09 19:14:00,12.456671,37.86383,9,3500cnr
2025-07-09 19:24:00,12.456671,37.86383,9,3500cnr
2025-07-09 19:34:00,12.456671,37.86383,9,3500cnr
2025-07-09 19:44:00,12.456671,37.86383,9,3500cnr
2025-07-09 19:54:00,12.456671,37.86383,9,3500cnr
2025-07-09 20:04:00,12.456671,37.86383,9,3500cnr
2025-07-09 20:14:00,12.456671,37.86383,9,3500cnr
2025-07-09 20:24:00,12.456671,37.86383,9,3500cnr
2025-07-09 20:34:00,12.456671,37.86383,9,3500cnr
2025-07-09 20:44:00,12.456671,37.86383,9,3500cnr
2025-07-09 20:54:00,12.456671,37.86383,9,3500cnr
2025-07-09 21:04:00,12.456671,37.86383,9,3500cnr
2025-07-09 21:14:00,12.456671,37.86383,9,3500cnr
2025-07-09 21:24:00,12.456671,37.86383,9,3500cnr
2025-07-09 21:34:00,12.456671,37.86383,9,3500cnr
2025-07-09 21:44:00,12.456671,37.86383,9,3500cnr
2025-07-09 21:54:00,12.456671,37.86383,9,3500cnr
2025-07-09 22:04:00,12.456671,37.86383,9,3500cnr
2025-07-09 22:14:00,12.456671,37.86383,9,3500cnr
2025-07-09 22:24:00,12.456671,37.86383,9,3500cnr
2025-07-09 22:34:00,12.456671,37.86383,9,3500cnr
2025-07-09 22:44:00,12.456671,37.86383,9,3500cnr
2025-07-09 22:54:00,12.456671,37.86383,9,3500cnr
2025-07-09 23:04:00,12.456671,37.86383,9,3500cnr
2025-07-09 23:14:00,12.456671,37.86383,9,3500cnr
2025-07-09 23:24:00,12.456671,37.86383,9,3500cnr
2025-07-09 23:34:00,12.456671,37.86383,9,3500cnr
2025-07-09 23:44:00,12.456671,37.86383,9,3500cnr
2025-07-09 23:54:00,12.456671,37.86383,9,3500cnr
2025-07-10 00:04:00,12.456671,37.86383,9,3500cnr
2025-07-09 09:14:00,12.44895,37.88977,10,1520
2025-07-09 09:24:00,12.449401,37.888824,10,1520
2025-07-09 09:34:00,12.449807,37.887875,10,1520
2025-07-09 09:44:00,12.450187,37.8869,10,1520
2025-07-09 09:54:00,12.450542,37.885933,10,1520
2025-07-09 10:04:00,12.450876,37.88495,10,1520
2025-07-09 10:14:00,12.451196,37.883945,10,1520
2025-07-09 10:24:00,12.451512,37.882908,10,1520
2025-07-09 10:34:00,12.451849,37.88185,10,1520
2025-07-09 10:44:00,12.452185,37.88077,10,1520
2025-07-09 10:54:00,12.452499,37.87969,10,1520
2025-07-09 11:04:00,12.452778,37.87861,10,1520
2025-07-09 11:14:00,12.453023,37.877552,10,1520
2025-07-09 11:24:00,12.453322,37.8765,10,1520
2025-07-09 11:34:00,12.453686,37.875435,10,1520
2025-07-09 11:44:00,12.45408,37.874363,10,1520
2025-07-09 11:54:00,12.454476,37.873276,10,1520
2025-07-09 12:04:00,12.4548,37.872158,10,1520
2025-07-09 12:14:00,12.45507,37.871017,10,1520
2025-07-09 12:24:00,12.455351,37.86988,10,1520
2025-07-09 12:34:00,12.455645,37.86874,10,1520
2025-07-09 12:44:00,12.455947,37.867584,10,1520
2025-07-09 12:54:00,12.456259,37.866436,10,1520
2025-07-09 13:04:00,12.456579,37.865303,10,1520
2025-07-09 13:14:00,12.456879,37.86416,10,1520
2025-07-09 13:24:00,12.457143,37.862988,10,1520
2025-07-09 13:34:00,12.457353,37.861797,10,1520
2025-07-09 13:44:00,12.457497,37.860584,10,1520
2025-07-09 13:54:00,12.457587,37.85937,10,1520
2025-07-09 14:04:00,12.4576435,37.858128,10,1520
2025-07-09 14:14:00,12.457672,37.856834,10,1520
2025-07-09 14:24:00,12.457674,37.855515,10,1520
2025-07-09 14:34:00,12.457643,37.854156,10,1520
2025-07-09 14:44:00,12.457578,37.85277,10,1520
2025-07-09 14:54:00,12.457479,37.851364,10,1520
2025-07-09 15:04:00,12.457312,37.84994,10,1520
2025-07-09 15:14:00,12.457161,37.8486,10,1520
2025-07-09 15:24:00,12.457058,37.847393,10,1520
2025-07-09 15:34:00,12.45701,37.846313,10,1520
2025-07-09 15:44:00,12.457002,37.845318,10,1520
2025-07-09 15:54:00,12.456989,37.8444,10,1520
2025-07-09 16:04:00,12.456952,37.843555,10,1520
2025-07-09 16:14:00,12.456938,37.842735,10,1520
2025-07-09 16:24:00,12.456967,37.84192,10,1520
2025-07-09 16:34:00,12.457012,37.8411,10,1520
2025-07-09 16:44:00,12.457019,37.840263,10,1520
2025-07-09 16:54:00,12.456988,37.839405,10,1520
2025-07-09 17:04:00,12.456962,37.838497,10,1520
2025-07-09 17:14:00,12.456938,37.83754,10,1520
2025-07-09 17:24:00,12.456907,37.83657,10,1520
2025-07-09 17:34:00,12.456868,37.835598,10,1520
2025-07-09 17:44:00,12.456846,37.834644,10,1520
2025-07-09 17:54:00,12.456851,37.833717,10,1520
2025-07-09 18:04:00,12.456857,37.83281,10,1520
2025-07-09 18:14:00,12.456843,37.83191,10,1520
2025-07-09 18:24:00,12.456801,37.83102,10,1520
2025-07-09 18:34:00,12.456724,37.83015,10,1520
2025-07-09 18:44:00,12.456638,37.829296,10,1520
2025-07-09 18:54:00,12.456585,37.82845,10,1520
2025-07-09 19:04:00,12.456566,37.827602,10,1520
2025-07-09 19:14:00,12.456541,37.82677,10,1520
2025-07-09 19:24:00,12.456504,37.825947,10,1520
2025-07-09 19:34:00,12.456454,37.825127,10,1520
2025-07-09 19:44:00,12.4564,37.8243,10,1520
2025-07-09 19:54:00,12.456346,37.823467,10,1520
2025-07-09 20:04:00,12.456299,37.82263,10,1520
2025-07-09 20:14:00,12.456252,37.8218,10,1520
2025-07-09 20:24:00,12.456198,37.82099,10,1520
2025-07-09 20:34:00,12.456133,37.820206,10,1520
2025-07-09 20:44:00,12.456063,37.819443,10,1520
2025-07-09 20:54:00,12.456003,37.818687,10,1520
2025-07-09 21:04:00,12.455955,37.817944,10,1520
2025-07-09 21:14:00,12.455907,37.817207,10,1520
2025-07-09 21:24:00,12.4558525,37.816483,10,1520
2025-07-09 21:34:00,12.4558525,37.816483,10,1520
2025-07-09 21:44:00,12.4558525,37.816483,10,1520
2025-07-09 21:54:00,12.4558525,37.816483,10,1520
2025-07-09 22:04:00,12.4558525,37.816483,10,1520
2025-07-09 22:14:00,12.4558525,37.816483,10,1520
2025-07-09 22:24:00,12.4558525,37.816483,10,1520
2025-07-09 22:34:00,12.4558525,37.816483,10,1520
2025-07-09 22:44:00,12.4558525,37.816483,10,1520
2025-07-09 22:54:00,12.4558525,37.816483,10,1520
2025-07-09 23:04:00,12.4558525,37.816483,10,1520
2025-07-09 23:14:00,12.4558525,37.816483,10,1520
2025-07-09 23:24:00,12.4558525,37.816483,10,1520
2025-07-09 23:34:00,12.4558525,37.816483,10,1520
2025-07-09 23:44:00,12.4558525,37.816483,10,1520
2025-07-09 23:54:00,12.4558525,37.816483,10,1520
2025-07-10 00:04:00,12.4558525,37.816483,10,1520
2025-07-09 09:14:00,12.44899,37.88976,10,540
2025-07-09 09:24:00,12.449442,37.888813,10,540
2025-07-09 09:34:00,12.449849,37.88786,10,540
2025-07-09 09:44:00,12.45023,37.886883,10,540
2025-07-09 09:54:00,12.450585,37.88591,10,540
2025-07-09 10:04:00,12.45092,37.884926,10,540
2025-07-09 10:14:00,12.45124,37.883915,10,540
2025-07-09 10:24:00,12.451558,37.882877,10,540
2025-07-09 10:34:00,12.451898,37.881813,10,540
2025-07-09 10:44:00,12.452234,37.880733,10,540
2025-07-09 10:54:00,12.45255,37.879646,10,540
2025-07-09 11:04:00,12.452829,37.878567,10,540
2025-07-09 11:14:00,12.453077,37.87751,10,540
2025-07-09 11:24:00,12.453382,37.876453,10,540
2025-07-09 11:34:00,12.453747,37.875385,10,540
2025-07-09 11:44:00,12.454143,37.87431,10,540
2025-07-09 11:54:00,12.454535,37.87322,10,540
2025-07-09 12:04:00,12.454853,37.872097,10,540
2025-07-09 12:14:00,12.455122,37.870956,10,540
2025-07-09 12:24:00,12.455404,37.86982,10,540
2025-07-09 12:34:00,12.4557,37.868675,10,540
2025-07-09 12:44:00,12.456002,37.86752,10,540
2025-07-09 12:54:00,12.456316,37.86637,10,540
2025-07-09 13:04:00,12.456636,37.86524,10,540
2025-07-09 13:14:00,12.456938,37.86409,10,540
2025-07-09 13:24:00,12.457203,37.862923,10,540
2025-07-09 13:34:00,12.45741,37.86173,10,540
2025-07-09 13:44:00,12.45755,37.86051,10,540
2025-07-09 13:54:00,12.45764,37.859303,10,540
2025-07-09 14:04:00,12.457695,37.858055,10,540
2025-07-09 14:14:00,12.457724,37.856762,10,540
2025-07-09 14:24:00,12.457726,37.85544,10,540
2025-07-09 14:34:00,12.457693,37.854084,10,540
2025-07-09 14:44:00,12.457627,37.852695,10,540
2025-07-09 14:54:00,12.457525,37.851288,10,540
2025-07-09 15:04:00,12.457356,37.849865,10,540
2025-07-09 15:14:00,12.457205,37.848522,10,540
2025-07-09 15:24:00,12.457101,37.847317,10,540
2025-07-09 15:34:00,12.457052,37.846237,10,540
2025-07-09 15:44:00,12.457042,37.84524,10,540
2025-07-09 15:54:00,12.4570265,37.844322,10,540
2025-07-09 16:04:00,12.456992,37.843475,10,540
2025-07-09 16:14:00,12.456984,37.84265,10,540
2025-07-09 16:24:00,12.457017,37.84183,10,540
2025-07-09 16:34:00,12.457056,37.841003,10,540
2025-07-09 16:44:00,12.457058,37.84016,10,540
2025-07-09 16:54:00,12.457026,37.8393,10,540
2025-07-09 17:04:00,12.457,37.838383,10,540
2025-07-09 17:14:00,12.456976,37.837418,10,540
2025-07-09 17:24:00,12.456945,37.836445,10,540
2025-07-09 17:34:00,12.456908,37.835472,10,540
2025-07-09 17:44:00,12.456891,37.834515,10,540
2025-07-09 17:54:00,12.456902,37.83359,10,540
2025-07-09 18:04:00,12.456906,37.83268,10,540
2025-07-09 18:14:00,12.456892,37.83178,10,540
2025-07-09 18:24:00,12.456846,37.83089,10,540
2025-07-09 18:34:00,12.456765,37.83002,10,540
2025-07-09 18:44:00,12.45668,37.829166,10,540
2025-07-09 18:54:00,12.456632,37.828316,10,540
2025-07-09 19:04:00,12.456614,37.827473,10,540
2025-07-09 19:14:00,12.456589,37.826637,10,540
2025-07-09 19:24:00,12.45655,37.825813,10,540
2025-07-09 19:34:00,12.456497,37.824993,10,540
2025-07-09 19:44:00,12.456442,37.824165,10,540
2025-07-09 19:54:00,12.456386,37.82333,10,540
2025-07-09 20:04:00,12.456339,37.82249,10,540
2025-07-09 20:14:00,12.456293,37.821663,10,540
2025-07-09 20:24:00,12.456237,37.820854,10,540
2025-07-09 20:34:00,12.456171,37.820072,10,540
2025-07-09 20:44:00,12.456102,37.819305,10,540
2025-07-09 20:54:00,12.456045,37.81855,10,540
2025-07-09 21:04:00,12.455998,37.817806,10,540
2025-07-09 21:14:00,12.45595,37.81707,10,540
2025-07-09 21:24:00,12.455895,37.81635,10,540
2025-07-09 21:34:00,12.455895,37.81635,10,540
2025-07-09 21:44:00,12.455895,37.81635,10,540
2025-07-09 21:54:00,12.455895,37.81635,10,540
2025-07-09 22:04:00,12.455895,37.81635,10,540
2025-07-09 22:14:00,12.455895,37.81635,10,540
2025-07-09 22:24:00,12.455895,37.81635,10,540
2025-07-09 22:34:00,12.455895,37.81635,10,540
2025-07-09 22:44:00,12.455895,37.81635,10,540
2025-07-09 22:54:00,12.455895,37.81635,10,540
2025-07-09 23:04:00,12.455895,37.81635,10,540
2025-07-09 23:14:00,12.455895,37.81635,10,540
2025-07-09 23:24:00,12.455895,37.81635,10,540
2025-07-09 23:34:00,12.455895,37.81635,10,540
2025-07-09 23:44:00,12.455895,37.81635,10,540
2025-07-09 23:54:00,12.455895,37.81635,10,540
2025-07-10 00:04:00,12.455895,37.81635,10,540
2025-07-09 09:24:00,12.449287,37.889202,10,7510
2025-07-09 09:34:00,12.449705,37.88825,10,7510
2025-07-09 09:44:00,12.450088,37.88727,10,7510
2025-07-09 09:54:00,12.450446,37.886295,10,7510
2025-07-09 10:04:00,12.450782,37.88532,10,7510
2025-07-09 10:14:00,12.451103,37.884315,10,7510
2025-07-09 10:24:00,12.451417,37.883286,10,7510
2025-07-09 10:34:00,12.451742,37.882233,10,7510
2025-07-09 10:44:00,12.452081,37.881157,10,7510
2025-07-09 10:54:00,12.452397,37.880077,10,7510
2025-07-09 11:04:00,12.452693,37.87899,10,7510
2025-07-09 11:14:00,12.452952,37.877926,10,7510
2025-07-09 11:24:00,12.453232,37.876873,10,7510
2025-07-09 11:34:00,12.453582,37.875816,10,7510
2025-07-09 11:44:00,12.453971,37.87475,10,7510
2025-07-09 11:54:00,12.454383,37.873665,10,7510
2025-07-09 12:04:00,12.454738,37.87256,10,7510
2025-07-09 12:14:00,12.455017,37.871426,10,7510
2025-07-09 12:24:00,12.455293,37.870285,10,7510
2025-07-09 12:34:00,12.455582,37.86915,10,7510
2025-07-09 12:44:00,12.455881,37.867996,10,7510
2025-07-09 12:54:00,12.456187,37.86684,10,7510
2025-07-09 13:04:00,12.456503,37.865704,10,7510
2025-07-09 13:14:00,12.456798,37.86456,10,7510
2025-07-09 13:24:00,12.45706,37.86339,10,7510
2025-07-09 13:34:00,12.457275,37.8622,10,7510
2025-07-09 13:44:00,12.457428,37.86099,10,7510
2025-07-09 13:54:00,12.457523,37.85977,10,7510
2025-07-09 14:04:00,12.457579,37.858536,10,7510
2025-07-09 14:14:00,12.457605,37.85725,10,7510
2025-07-09 14:24:00,12.457607,37.85593,10,7510
2025-07-09 14:34:00,12.457577,37.854576,10,7510
2025-07-09 14:44:00,12.457513,37.853195,10,7510
2025-07-09 14:54:00,12.457415,37.85179,10,7510
2025-07-09 15:04:00,12.457261,37.850376,10,7510
2025-07-09 15:14:00,12.457112,37.849026,10,7510
2025-07-09 15:24:00,12.457013,37.847813,10,7510
2025-07-09 15:34:00,12.4569645,37.846733,10,7510
2025-07-09 15:44:00,12.456959,37.84574,10,7510
2025-07-09 15:54:00,12.456965,37.844822,10,7510
2025-07-09 16:04:00,12.45695,37.843975,10,7510
2025-07-09 16:14:00,12.456916,37.84317,10,7510
2025-07-09 16:24:00,12.456924,37.842377,10,7510
2025-07-09 16:34:00,12.456976,37.841576,10,7510
2025-07-09 16:44:00,12.457009,37.84076,10,7510
2025-07-09 16:54:00,12.457002,37.839928,10,7510
2025-07-09 17:04:00,12.456967,37.83907,10,7510
2025-07-09 17:14:00,12.456937,37.83816,10,7510
2025-07-09 17:24:00,12.456902,37.83722,10,7510
2025-07-09 17:34:00,12.456859,37.83627,10,7510
2025-07-09 17:44:00,12.45681,37.835316,10,7510
2025-07-09 17:54:00,12.456784,37.83439,10,7510
2025-07-09 18:04:00,12.456783,37.83349,10,7510
2025-07-09 18:14:00,12.45677,37.832596,10,7510
2025-07-09 18:24:00,12.4567375,37.831715,10,7510
2025-07-09 18:34:00,12.456676,37.830845,10,7510
2025-07-09 18:44:00,12.456595,37.829994,10,7510
2025-07-09 18:54:00,12.456518,37.82915,10,7510
2025-07-09 19:04:00,12.456473,37.82832,10,7510
2025-07-09 19:14:00,12.456451,37.82748,10,7510
2025-07-09 19:24:00,12.456424,37.826653,10,7510
2025-07-09 19:34:00,12.456383,37.825832,10,7510
2025-07-09 19:44:00,12.456338,37.825012,10,7510
2025-07-09 19:54:00,12.456292,37.82419,10,7510
2025-07-09 20:04:00,12.456245,37.823357,10,7510
2025-07-09 20:14:00,12.456197,37.82253,10,7510
2025-07-09 20:24:00,12.456147,37.821716,10,7510
2025-07-09 20:34:00,12.456089,37.820923,10,7510
2025-07-09 20:44:00,12.456022,37.820152,10,7510
2025-07-09 20:54:00,12.455953,37.8194,10,7510
2025-07-09 21:04:00,12.4558935,37.81866,10,7510
2025-07-09 21:14:00,12.455841,37.81792,10,7510
2025-07-09 21:24:00,12.45579,37.817177,10,7510
2025-07-09 21:34:00,12.455734,37.81645,10,7510
2025-07-09 21:44:00,12.455734,37.81645,10,7510
2025-07-09 21:54:00,12.455734,37.81645,10,7510
2025-07-09 22:04:00,12.455734,37.81645,10,7510
2025-07-09 22:14:00,12.455734,37.81645,10,7510
2025-07-09 22:24:00,12.455734,37.81645,10,7510
2025-07-09 22:34:00,12.455734,37.81645,10,7510
2025-07-09 22:44:00,12.455734,37.81645,10,7510
2025-07-09 22:54:00,12.455734,37.81645,10,7510
2025-07-09 23:04:00,12.455734,37.81645,10,7510
2025-07-09 23:14:00,12.455734,37.81645,10,7510
2025-07-09 23:24:00,12.455734,37.81645,10,7510
2025-07-09 23:34:00,12.455734,37.81645,10,7510
2025-07-09 23:44:00,12.455734,37.81645,10,7510
2025-07-09 23:54:00,12.455734,37.81645,10,7510
2025-07-10 00:04:00,12.455734,37.81645,10,7510
2025-07-09 11:54:00,12.45854,37.87225,11,2520
2025-07-09 12:04:00,12.458811,37.871063,11,2520
2025-07-09 12:14:00,12.459076,37.869877,11,2520
2025-07-09 12:24:00,12.4593525,37.868702,11,2520
2025-07-09 12:34:00,12.459665,37.867542,11,2520
2025-07-09 12:44:00,12.459993,37.866398,11,2520
2025-07-09 12:54:00,12.460328,37.86526,11,2520
2025-07-09 13:04:00,12.460686,37.864117,11,2520
2025-07-09 13:14:00,12.461018,37.862957,11,2520
2025-07-09 13:24:00,12.461266,37.861786,11,2520
2025-07-09 13:34:00,12.461439,37.860596,11,2520
2025-07-09 13:44:00,12.461553,37.85938,11,2520
2025-07-09 13:54:00,12.461626,37.85814,11,2520
2025-07-09 14:04:00,12.461662,37.85688,11,2520
2025-07-09 14:14:00,12.4616585,37.85558,11,2520
2025-07-09 14:24:00,12.46161,37.854248,11,2520
2025-07-09 14:34:00,12.46151,37.85288,11,2520
2025-07-09 14:44:00,12.46134,37.85147,11,2520
2025-07-09 14:54:00,12.46114,37.850044,11,2520
2025-07-09 15:04:00,12.4609375,37.84861,11,2520
2025-07-09 15:14:00,12.460776,37.847294,11,2520
2025-07-09 15:24:00,12.460671,37.846127,11,2520
2025-07-09 15:34:00,12.460646,37.845104,11,2520
2025-07-09 15:44:00,12.460628,37.84419,11,2520
2025-07-09 15:54:00,12.460611,37.84376,11,2520
2025-07-09 16:04:00,12.460611,37.84376,11,2520
2025-07-09 16:14:00,12.460611,37.84376,11,2520
2025-07-09 16:24:00,12.460611,37.84376,11,2520
2025-07-09 16:34:00,12.460611,37.84376,11,2520
2025-07-09 16:44:00,12.460611,37.84376,11,2520
2025-07-09 16:54:00,12.460611,37.84376,11,2520
2025-07-09 17:04:00,12.460611,37.84376,11,2520
2025-07-09 17:14:00,12.460611,37.84376,11,2520
2025-07-09 17:24:00,12.460626,37.843555,11,2520
2025-07-09 17:34:00,12.460626,37.843555,11,2520
2025-07-09 17:44:00,12.460626,37.843555,11,2520
2025-07-09 17:54:00,12.460626,37.843555,11,2520
2025-07-09 18:04:00,12.460626,37.843555,11,2520
2025-07-09 18:14:00,12.460626,37.843555,11,2520
2025-07-09 18:24:00,12.460626,37.843555,11,2520
2025-07-09 18:34:00,12.460626,37.843555,11,2520
2025-07-09 18:44:00,12.460626,37.843555,11,2520
2025-07-09 18:54:00,12.460626,37.843555,11,2520
2025-07-09 19:04:00,12.460626,37.843555,11,2520
2025-07-09 19:14:00,12.460626,37.843555,11,2520
2025-07-09 19:24:00,12.460626,37.843555,11,2520
2025-07-09 19:34:00,12.460626,37.843555,11,2520
2025-07-09 19:44:00,12.460626,37.843555,11,2520
2025-07-09 19:54:00,12.460626,37.843555,11,2520
2025-07-09 20:04:00,12.460626,37.843555,11,2520
2025-07-09 20:14:00,12.460626,37.843555,11,2520
2025-07-09 20:24:00,12.460626,37.843555,11,2520
2025-07-09 20:34:00,12.460626,37.843555,11,2520
2025-07-09 20:44:00,12.460626,37.843555,11,2520
2025-07-09 20:54:00,12.460626,37.843555,11,2520
2025-07-09 21:04:00,12.460626,37.843555,11,2520
2025-07-09 21:14:00,12.460626,37.843555,11,2520
2025-07-09 21:24:00,12.460626,37.843555,11,2520
2025-07-09 21:34:00,12.460626,37.843555,11,2520
2025-07-09 21:44:00,12.460626,37.843555,11,2520
2025-07-09 21:54:00,12.460626,37.843555,11,2520
2025-07-09 22:04:00,12.460626,37.843555,11,2520
2025-07-09 22:14:00,12.460626,37.843555,11,2520
2025-07-09 22:24:00,12.460626,37.843555,11,2520
2025-07-09 22:34:00,12.460626,37.843555,11,2520
2025-07-09 22:44:00,12.460626,37.843555,11,2520
2025-07-09 22:54:00,12.460626,37.843555,11,2520
2025-07-09 23:04:00,12.460626,37.843555,11,2520
2025-07-09 23:14:00,12.460626,37.843555,11,2520
2025-07-09 23:24:00,12.460626,37.843555,11,2520
2025-07-09 23:34:00,12.460626,37.843555,11,2520
2025-07-09 23:44:00,12.460626,37.843555,11,2520
2025-07-09 23:54:00,12.460626,37.843555,11,2520
2025-07-10 00:04:00,12.460626,37.843555,11,2520
2025-07-09 11:54:00,12.458541,37.87206,11,6250
2025-07-09 12:04:00,12.458812,37.87087,11,6250
2025-07-09 12:14:00,12.459077,37.869682,11,6250
2025-07-09 12:24:00,12.45936,37.868507,11,6250
2025-07-09 12:34:00,12.459679,37.86735,11,6250
2025-07-09 12:44:00,12.460008,37.866207,11,6250
2025-07-09 12:54:00,12.460347,37.865074,11,6250
2025-07-09 13:04:00,12.46071,37.863926,11,6250
2025-07-09 13:14:00,12.461036,37.862766,11,6250
2025-07-09 13:24:00,12.461277,37.8616,11,6250
2025-07-09 13:34:00,12.461447,37.860405,11,6250
2025-07-09 13:44:00,12.461558,37.859188,11,6250
2025-07-09 13:54:00,12.461632,37.85795,11,6250
2025-07-09 14:04:00,12.461667,37.856686,11,6250
2025-07-09 14:14:00,12.461661,37.855385,11,6250
2025-07-09 14:24:00,12.461611,37.85405,11,6250
2025-07-09 14:34:00,12.461505,37.85268,11,6250
2025-07-09 14:44:00,12.461331,37.85127,11,6250
2025-07-09 14:54:00,12.46113,37.849834,11,6250
2025-07-09 15:04:00,12.460934,37.8484,11,6250
2025-07-09 15:14:00,12.460774,37.847088,11,6250
2025-07-09 15:24:00,12.460674,37.845924,11,6250
2025-07-09 15:34:00,12.460648,37.844906,11,6250
2025-07-09 15:44:00,12.460623,37.84399,11,6250
2025-07-09 15:54:00,12.460603,37.843563,11,6250
2025-07-09 16:04:00,12.460603,37.843563,11,6250
2025-07-09 16:14:00,12.460603,37.843563,11,6250
2025-07-09 16:24:00,12.460603,37.843563,11,6250
2025-07-09 16:34:00,12.460603,37.843563,11,6250
2025-07-09 16:44:00,12.460603,37.843563,11,6250
2025-07-09 16:54:00,12.460603,37.843563,11,6250
2025-07-09 17:04:00,12.460603,37.843563,11,6250
2025-07-09 17:14:00,12.460603,37.843563,11,6250
2025-07-09 17:24:00,12.460603,37.843563,11,6250
2025-07-09 17:34:00,12.460603,37.843563,11,6250
2025-07-09 17:44:00,12.460603,37.843563,11,6250
2025-07-09 17:54:00,12.460603,37.843563,11,6250
2025-07-09 18:04:00,12.460603,37.843563,11,6250
2025-07-09 18:14:00,12.460603,37.843563,11,6250
2025-07-09 18:24:00,12.460603,37.843563,11,6250
2025-07-09 18:34:00,12.460603,37.843563,11,6250
2025-07-09 18:44:00,12.460603,37.843563,11,6250
2025-07-09 18:54:00,12.460603,37.843563,11,6250
2025-07-09 19:04:00,12.460603,37.843563,11,6250
2025-07-09 19:14:00,12.460603,37.843563,11,6250
2025-07-09 19:24:00,12.460603,37.843563,11,6250
2025-07-09 19:34:00,12.460603,37.843563,11,6250
2025-07-09 19:44:00,12.460603,37.843563,11,6250
2025-07-09 19:54:00,12.460603,37.843563,11,6250
2025-07-09 20:04:00,12.460603,37.843563,11,6250
2025-07-09 20:14:00,12.460603,37.843563,11,6250
2025-07-09 20:24:00,12.460603,37.843563,11,6250
2025-07-09 20:34:00,12.460603,37.843563,11,6250
2025-07-09 20:44:00,12.460603,37.843563,11,6250
2025-07-09 20:54:00,12.460603,37.843563,11,6250
2025-07-09 21:04:00,12.460603,37.843563,11,6250
2025-07-09 21:14:00,12.460603,37.843563,11,6250
2025-07-09 21:24:00,12.460603,37.843563,11,6250
2025-07-09 21:34:00,12.460603,37.843563,11,6250
2025-07-09 21:44:00,12.460603,37.843563,11,6250
2025-07-09 21:54:00,12.460603,37.843563,11,6250
2025-07-09 22:04:00,12.460603,37.843563,11,6250
2025-07-09 22:14:00,12.460603,37.843563,11,6250
2025-07-09 22:24:00,12.460603,37.843563,11,6250
2025-07-09 22:34:00,12.460603,37.843563,11,6250
2025-07-09 22:44:00,12.460603,37.843563,11,6250
2025-07-09 22:54:00,12.460603,37.843563,11,6250
2025-07-09 23:04:00,12.460603,37.843563,11,6250
2025-07-09 23:14:00,12.460603,37.843563,11,6250
2025-07-09 23:24:00,12.460603,37.843563,11,6250
2025-07-09 23:34:00,12.460603,37.843563,11,6250
2025-07-09 23:44:00,12.460603,37.843563,11,6250
2025-07-09 23:54:00,12.460603,37.843563,11,6250
2025-07-10 00:04:00,12.460603,37.843563,11,6250
2025-07-09 11:54:00,12.45856,37.87212,11,930
2025-07-09 12:04:00,12.458831,37.870934,11,930
2025-07-09 12:14:00,12.459095,37.869747,11,930
2025-07-09 12:24:00,12.459376,37.868572,11,930
2025-07-09 12:34:00,12.459693,37.867413,11,930
2025-07-09 12:44:00,12.460022,37.86627,11,930
2025-07-09 12:54:00,12.460361,37.865135,11,930
2025-07-09 13:04:00,12.460721,37.863987,11,930
2025-07-09 13:14:00,12.461049,37.86283,11,930
2025-07-09 13:24:00,12.461293,37.86166,11,930
2025-07-09 13:34:00,12.461465,37.860466,11,930
2025-07-09 13:44:00,12.461577,37.85925,11,930
2025-07-09 13:54:00,12.46165,37.85801,11,930
2025-07-09 14:04:00,12.461685,37.856747,11,930
2025-07-09 14:14:00,12.46168,37.855446,11,930
2025-07-09 14:24:00,12.461631,37.854115,11,930
2025-07-09 14:34:00,12.461526,37.852745,11,930
2025-07-09 14:44:00,12.461353,37.851337,11,930
2025-07-09 14:54:00,12.461151,37.849903,11,930
2025-07-09 15:04:00,12.460952,37.84847,11,930
2025-07-09 15:14:00,12.460793,37.847153,11,930
2025-07-09 15:24:00,12.4606905,37.84599,11,930
2025-07-09 15:34:00,12.460664,37.84497,11,930
2025-07-09 15:44:00,12.460641,37.844055,11,930
2025-07-09 15:54:00,12.460622,37.843628,11,930
2025-07-09 16:04:00,12.460622,37.843628,11,930
2025-07-09 16:14:00,12.460622,37.843628,11,930
2025-07-09 16:24:00,12.460622,37.843628,11,930
2025-07-09 16:34:00,12.460622,37.843628,11,930
2025-07-09 16:44:00,12.460622,37.843628,11,930
2025-07-09 16:54:00,12.460622,37.843628,11,930
2025-07-09 17:04:00,12.460622,37.843628,11,930
2025-07-09 17:14:00,12.460622,37.843628,11,930
2025-07-09 17:24:00,12.460622,37.843628,11,930
2025-07-09 17:34:00,12.460622,37.843628,11,930
2025-07-09 17:44:00,12.460622,37.843628,11,930
2025-07-09 17:54:00,12.460622,37.843628,11,930
2025-07-09 18:04:00,12.460622,37.843628,11,930
2025-07-09 18:14:00,12.460622,37.843628,11,930
2025-07-09 18:24:00,12.460601,37.843525,11,930
2025-07-09 18:34:00,12.460601,37.843525,11,930
2025-07-09 18:44:00,12.460601,37.843525,11,930
2025-07-09 18:54:00,12.460601,37.843525,11,930
2025-07-09 19:04:00,12.460601,37.843525,11,930
2025-07-09 19:14:00,12.460601,37.843525,11,930
2025-07-09 19:24:00,12.460601,37.843525,11,930
2025-07-09 19:34:00,12.460601,37.843525,11,930
2025-07-09 19:44:00,12.460601,37.843525,11,930
2025-07-09 19:54:00,12.460601,37.843525,11,930
2025-07-09 20:04:00,12.460601,37.843525,11,930
2025-07-09 20:14:00,12.460601,37.843525,11,930
2025-07-09 20:24:00,12.460601,37.843525,11,930
2025-07-09 20:34:00,12.460601,37.843525,11,930
2025-07-09 20:44:00,12.460601,37.843525,11,930
2025-07-09 20:54:00,12.460601,37.843525,11,930
2025-07-09 21:04:00,12.460601,37.843525,11,930
2025-07-09 21:14:00,12.460601,37.843525,11,930
2025-07-09 21:24:00,12.460601,37.843525,11,930
2025-07-09 21:34:00,12.460601,37.843525,11,930
2025-07-09 21:44:00,12.460601,37.843525,11,930
2025-07-09 21:54:00,12.460601,37.843525,11,930
2025-07-09 22:04:00,12.460601,37.843525,11,930
2025-07-09 22:14:00,12.460601,37.843525,11,930
2025-07-09 22:24:00,12.460601,37.843525,11,930
2025-07-09 22:34:00,12.460601,37.843525,11,930
2025-07-09 22:44:00,12.460601,37.843525,11,930
2025-07-09 22:54:00,12.460601,37.843525,11,930
2025-07-09 23:04:00,12.460601,37.843525,11,930
2025-07-09 23:14:00,12.460601,37.843525,11,930
2025-07-09 23:24:00,12.460601,37.843525,11,930
2025-07-09 23:34:00,12.460601,37.843525,11,930
2025-07-09 23:44:00,12.460601,37.843525,11,930
2025-07-09 23:54:00,12.460601,37.843525,11,930
2025-07-10 00:04:00,12.460601,37.843525,11,930
2025-07-09 12:04:00,12.47187,37.8744,12,0530cnr
2025-07-09 12:14:00,12.47222,37.873314,12,0530cnr
2025-07-09 12:24:00,12.472633,37.872223,12,0530cnr
2025-07-09 12:34:00,12.473084,37.871136,12,0530cnr
2025-07-09 12:44:00,12.4734955,37.870068,12,0530cnr
2025-07-09 12:54:00,12.473874,37.86896,12,0530cnr
2025-07-09 13:04:00,12.474176,37.86779,12,0530cnr
2025-07-09 13:14:00,12.47439,37.86659,12,0530cnr
2025-07-09 13:24:00,12.474517,37.865368,12,0530cnr
2025-07-09 13:34:00,12.474554,37.864113,12,0530cnr
2025-07-09 13:44:00,12.474518,37.862827,12,0530cnr
2025-07-09 13:54:00,12.474485,37.86218,12,0530cnr
2025-07-09 14:04:00,12.474485,37.86218,12,0530cnr
2025-07-09 14:14:00,12.474485,37.86218,12,0530cnr
2025-07-09 14:24:00,12.474485,37.86218,12,0530cnr
2025-07-09 14:34:00,12.474485,37.86218,12,0530cnr
2025-07-09 14:44:00,12.474485,37.86218,12,0530cnr
2025-07-09 14:54:00,12.474485,37.86218,12,0530cnr
2025-07-09 15:04:00,12.474485,37.86218,12,0530cnr
2025-07-09 15:14:00,12.474485,37.86218,12,0530cnr
2025-07-09 15:24:00,12.474485,37.86218,12,0530cnr
2025-07-09 15:34:00,12.474485,37.86218,12,0530cnr
2025-07-09 15:44:00,12.474485,37.86218,12,0530cnr
2025-07-09 15:54:00,12.474485,37.86218,12,0530cnr
2025-07-09 16:04:00,12.474485,37.86218,12,0530cnr
2025-07-09 16:14:00,12.474485,37.86218,12,0530cnr
2025-07-09 16:24:00,12.474485,37.86218,12,0530cnr
2025-07-09 16:34:00,12.474485,37.86218,12,0530cnr
2025-07-09 16:44:00,12.474485,37.86218,12,0530cnr
2025-07-09 16:54:00,12.474485,37.86218,12,0530cnr
2025-07-09 17:04:00,12.474485,37.86218,12,0530cnr
2025-07-09 17:14:00,12.474485,37.86218,12,0530cnr
2025-07-09 17:24:00,12.474591,37.861748,12,0530cnr
2025-07-09 17:34:00,12.474591,37.861748,12,0530cnr
2025-07-09 17:44:00,12.474591,37.861748,12,0530cnr
2025-07-09 17:54:00,12.474591,37.861748,12,0530cnr
2025-07-09 18:04:00,12.474591,37.861748,12,0530cnr
2025-07-09 18:14:00,12.474591,37.861748,12,0530cnr
2025-07-09 18:24:00,12.474591,37.861748,12,0530cnr
2025-07-09 18:34:00,12.474591,37.861748,12,0530cnr
2025-07-09 18:44:00,12.474591,37.861748,12,0530cnr
2025-07-09 18:54:00,12.474591,37.861748,12,0530cnr
2025-07-09 19:04:00,12.474591,37.861748,12,0530cnr
2025-07-09 19:14:00,12.474591,37.861748,12,0530cnr
2025-07-09 19:24:00,12.474591,37.861748,12,0530cnr
2025-07-09 19:34:00,12.474591,37.861748,12,0530cnr
2025-07-09 19:44:00,12.474591,37.861748,12,0530cnr
2025-07-09 19:54:00,12.474591,37.861748,12,0530cnr
2025-07-09 20:04:00,12.474591,37.861748,12,0530cnr
2025-07-09 20:14:00,12.474591,37.861748,12,0530cnr
2025-07-09 20:24:00,12.474591,37.861748,12,0530cnr
2025-07-09 20:34:00,12.474591,37.861748,12,0530cnr
2025-07-09 20:44:00,12.474591,37.861748,12,0530cnr
2025-07-09 20:54:00,12.474591,37.861748,12,0530cnr
2025-07-09 21:04:00,12.474591,37.861748,12,0530cnr
2025-07-09 21:14:00,12.474591,37.861748,12,0530cnr
2025-07-09 21:24:00,12.474591,37.861748,12,0530cnr
2025-07-09 21:34:00,12.474591,37.861748,12,0530cnr
2025-07-09 21:44:00,12.474591,37.861748,12,0530cnr
2025-07-09 21:54:00,12.474591,37.861748,12,0530cnr
2025-07-09 22:04:00,12.474591,37.861748,12,0530cnr
2025-07-09 22:14:00,12.474591,37.861748,12,0530cnr
2025-07-09 22:24:00,12.474591,37.861748,12,0530cnr
2025-07-09 22:34:00,12.474591,37.861748,12,0530cnr
2025-07-09 22:44:00,12.474591,37.861748,12,0530cnr
2025-07-09 22:54:00,12.474591,37.861748,12,0530cnr
2025-07-09 23:04:00,12.474591,37.861748,12,0530cnr
2025-07-09 23:14:00,12.474591,37.861748,12,0530cnr
2025-07-09 23:24:00,12.474591,37.861748,12,0530cnr
2025-07-09 23:34:00,12.474591,37.861748,12,0530cnr
2025-07-09 23:44:00,12.474591,37.861748,12,0530cnr
2025-07-09 23:54:00,12.474591,37.861748,12,0530cnr
2025-07-10 00:04:00,12.474591,37.861748,12,0530cnr
2025-07-09 12:04:00,12.47176,37.87442,12,3500cnr
2025-07-09 12:14:00,12.472108,37.87333,12,3500cnr
2025-07-09 12:24:00,12.472521,37.872242,12,3500cnr
2025-07-09 12:34:00,12.472975,37.87116,12,3500cnr
2025-07-09 12:44:00,12.473386,37.8701,12,3500cnr
2025-07-09 12:54:00,12.4737625,37.86901,12,3500cnr
2025-07-09 13:04:00,12.474068,37.867855,12,3500cnr
2025-07-09 13:14:00,12.474281,37.866653,12,3500cnr
2025-07-09 13:24:00,12.47441,37.86543,12,3500cnr
2025-07-09 13:34:00,12.474448,37.864174,12,3500cnr
2025-07-09 13:44:00,12.474411,37.862892,12,3500cnr
2025-07-09 13:54:00,12.474335,37.861595,12,3500cnr
2025-07-09 14:04:00,12.474335,37.861595,12,3500cnr
2025-07-09 14:14:00,12.474335,37.861595,12,3500cnr
2025-07-09 14:24:00,12.474335,37.861595,12,3500cnr
2025-07-09 14:34:00,12.474335,37.861595,12,3500cnr
2025-07-09 14:44:00,12.474335,37.861595,12,3500cnr
2025-07-09 14:54:00,12.474335,37.861595,12,3500cnr
2025-07-09 15:04:00,12.474335,37.861595,12,3500cnr
2025-07-09 15:14:00,12.474335,37.861595,12,3500cnr
2025-07-09 15:24:00,12.474335,37.861595,12,3500cnr
2025-07-09 15:34:00,12.474335,37.861595,12,3500cnr
2025-07-09 15:44:00,12.474335,37.861595,12,3500cnr
2025-07-09 15:54:00,12.474335,37.861595,12,3500cnr
2025-07-09 16:04:00,12.474335,37.861595,12,3500cnr
2025-07-09 16:14:00,12.474335,37.861595,12,3500cnr
2025-07-09 16:24:00,12.474335,37.861595,12,3500cnr
2025-07-09 16:34:00,12.474335,37.861595,12,3500cnr
2025-07-09 16:44:00,12.474335,37.861595,12,3500cnr
2025-07-09 16:54:00,12.474335,37.861595,12,3500cnr
2025-07-09 17:04:00,12.474335,37.861595,12,3500cnr
2025-07-09 17:14:00,12.474335,37.861595,12,3500cnr
2025-07-09 17:24:00,12.474335,37.861595,12,3500cnr
2025-07-09 17:34:00,12.474335,37.861595,12,3500cnr
2025-07-09 17:44:00,12.474335,37.861595,12,3500cnr
2025-07-09 17:54:00,12.474335,37.861595,12,3500cnr
2025-07-09 18:04:00,12.474335,37.861595,12,3500cnr
2025-07-09 18:14:00,12.474335,37.861595,12,3500cnr
2025-07-09 18:24:00,12.474335,37.861595,12,3500cnr
2025-07-09 18:34:00,12.474335,37.861595,12,3500cnr
2025-07-09 18:44:00,12.474335,37.861595,12,3500cnr
2025-07-09 18:54:00,12.474335,37.861595,12,3500cnr
2025-07-09 19:04:00,12.474335,37.861595,12,3500cnr
2025-07-09 19:14:00,12.474335,37.861595,12,3500cnr
2025-07-09 19:24:00,12.474335,37.861595,12,3500cnr
2025-07-09 19:34:00,12.474335,37.861595,12,3500cnr
2025-07-09 19:44:00,12.474335,37.861595,12,3500cnr
2025-07-09 19:54:00,12.474335,37.861595,12,3500cnr
2025-07-09 20:04:00,12.474335,37.861595,12,3500cnr
2025-07-09 20:14:00,12.474335,37.861595,12,3500cnr
2025-07-09 20:24:00,12.474335,37.861595,12,3500cnr
2025-07-09 20:34:00,12.474335,37.861595,12,3500cnr
2025-07-09 20:44:00,12.474335,37.861595,12,3500cnr
2025-07-09 20:54:00,12.474335,37.861595,12,3500cnr
2025-07-09 21:04:00,12.474335,37.861595,12,3500cnr
2025-07-09 21:14:00,12.474335,37.861595,12,3500cnr
2025-07-09 21:24:00,12.474335,37.861595,12,3500cnr
2025-07-09 21:34:00,12.474335,37.861595,12,3500cnr
2025-07-09 21:44:00,12.474335,37.861595,12,3500cnr
2025-07-09 21:54:00,12.474335,37.861595,12,3500cnr
2025-07-09 22:04:00,12.474335,37.861595,12,3500cnr
2025-07-09 22:14:00,12.474335,37.861595,12,3500cnr
2025-07-09 22:24:00,12.474335,37.861595,12,3500cnr
2025-07-09 22:34:00,12.474335,37.861595,12,3500cnr
2025-07-09 22:44:00,12.474335,37.861595,12,3500cnr
2025-07-09 22:54:00,12.474335,37.861595,12,3500cnr
2025-07-09 23:04:00,12.474335,37.861595,12,3500cnr
2025-07-09 23:14:00,12.474335,37.861595,12,3500cnr
2025-07-09 23:24:00,12.474335,37.861595,12,3500cnr
2025-07-09 23:34:00,12.474335,37.861595,12,3500cnr
2025-07-09 23:44:00,12.474335,37.861595,12,3500cnr
2025-07-09 23:54:00,12.474335,37.861595,12,3500cnr
2025-07-10 00:04:00,12.474335,37.861595,12,3500cnr
2025-07-09 12:04:00,12.47178,37.87426,12,3680cnr
2025-07-09 12:14:00,12.472134,37.873173,12,3680cnr
2025-07-09 12:24:00,12.472558,37.872086,12,3680cnr
2025-07-09 12:34:00,12.473013,37.871002,12,3680cnr
2025-07-09 12:44:00,12.47342,37.869946,12,3680cnr
2025-07-09 12:54:00,12.473788,37.86885,12,3680cnr
2025-07-09 13:04:00,12.474083,37.86769,12,3680cnr
2025-07-09 13:14:00,12.47429,37.86649,12,3680cnr
2025-07-09 13:24:00,12.474412,37.865265,12,3680cnr
2025-07-09 13:34:00,12.4744425,37.86401,12,3680cnr
2025-07-09 13:44:00,12.474402,37.86273,12,3680cnr
2025-07-09 13:54:00,12.474369,37.86208,12,3680cnr
2025-07-09 14:04:00,12.474369,37.86208,12,3680cnr
2025-07-09 14:14:00,12.474369,37.86208,12,3680cnr
2025-07-09 14:24:00,12.474369,37.86208,12,3680cnr
2025-07-09 14:34:00,12.474369,37.86208,12,3680cnr
2025-07-09 14:44:00,12.474369,37.86208,12,3680cnr
2025-07-09 14:54:00,12.474369,37.86208,12,3680cnr
2025-07-09 15:04:00,12.474369,37.86208,12,3680cnr
2025-07-09 15:14:00,12.474369,37.86208,12,3680cnr
2025-07-09 15:24:00,12.474369,37.86208,12,3680cnr
2025-07-09 15:34:00,12.474369,37.86208,12,3680cnr
2025-07-09 15:44:00,12.474369,37.86208,12,3680cnr
2025-07-09 15:54:00,12.474369,37.86208,12,3680cnr
2025-07-09 16:04:00,12.474369,37.86208,12,3680cnr
2025-07-09 16:14:00,12.474369,37.86208,12,3680cnr
2025-07-09 16:24:00,12.474369,37.86208,12,3680cnr
2025-07-09 16:34:00,12.474369,37.86208,12,3680cnr
2025-07-09 16:44:00,12.474369,37.86208,12,3680cnr
2025-07-09 16:54:00,12.474369,37.86208,12,3680cnr
2025-07-09 17:04:00,12.474369,37.86208,12,3680cnr
2025-07-09 17:14:00,12.474483,37.861637,12,3680cnr
2025-07-09 17:24:00,12.474483,37.861637,12,3680cnr
2025-07-09 17:34:00,12.474483,37.861637,12,3680cnr
2025-07-09 17:44:00,12.474483,37.861637,12,3680cnr
2025-07-09 17:54:00,12.474483,37.861637,12,3680cnr
2025-07-09 18:04:00,12.474483,37.861637,12,3680cnr
2025-07-09 18:14:00,12.474483,37.861637,12,3680cnr
2025-07-09 18:24:00,12.474483,37.861637,12,3680cnr
2025-07-09 18:34:00,12.474483,37.861637,12,3680cnr
2025-07-09 18:44:00,12.474483,37.861637,12,3680cnr
2025-07-09 18:54:00,12.474483,37.861637,12,3680cnr
2025-07-09 19:04:00,12.474483,37.861637,12,3680cnr
2025-07-09 19:14:00,12.474483,37.861637,12,3680cnr
2025-07-09 19:24:00,12.474483,37.861637,12,3680cnr
2025-07-09 19:34:00,12.474483,37.861637,12,3680cnr
2025-07-09 19:44:00,12.474483,37.861637,12,3680cnr
2025-07-09 19:54:00,12.474483,37.861637,12,3680cnr
2025-07-09 20:04:00,12.474483,37.861637,12,3680cnr
2025-07-09 20:14:00,12.474483,37.861637,12,3680cnr
2025-07-09 20:24:00,12.474483,37.861637,12,3680cnr
2025-07-09 20:34:00,12.474483,37.861637,12,3680cnr
2025-07-09 20:44:00,12.474483,37.861637,12,3680cnr
2025-07-09 20:54:00,12.474483,37.861637,12,3680cnr
2025-07-09 21:04:00,12.474483,37.861637,12,3680cnr
2025-07-09 21:14:00,12.474483,37.861637,12,3680cnr
2025-07-09 21:24:00,12.474483,37.861637,12,3680cnr
2025-07-09 21:34:00,12.474483,37.861637,12,3680cnr
2025-07-09 21:44:00,12.474483,37.861637,12,3680cnr
2025-07-09 21:54:00,12.474483,37.861637,12,3680cnr
2025-07-09 22:04:00,12.474483,37.861637,12,3680cnr
2025-07-09 22:14:00,12.474483,37.861637,12,3680cnr
2025-07-09 22:24:00,12.474483,37.861637,12,3680cnr
2025-07-09 22:34:00,12.474483,37.861637,12,3680cnr
2025-07-09 22:44:00,12.474483,37.861637,12,3680cnr
2025-07-09 22:54:00,12.474483,37.861637,12,3680cnr
2025-07-09 23:04:00,12.474483,37.861637,12,3680cnr
2025-07-09 23:14:00,12.474483,37.861637,12,3680cnr
2025-07-09 23:24:00,12.474483,37.861637,12,3680cnr
2025-07-09 23:34:00,12.474483,37.861637,12,3680cnr
2025-07-09 23:44:00,12.474483,37.861637,12,3680cnr
2025-07-09 23:54:00,12.474483,37.861637,12,3680cnr
2025-07-10 00:04:00,12.474483,37.861637,12,3680cnr
