time,lon,lat,deploy,drifter_id
2025-07-08 07:14:00,12.45476,37.87429,1,0530cnr
2025-07-08 07:24:00,12.455218,37.87427,1,0530cnr
2025-07-08 07:34:00,12.455675,37.874264,1,0530cnr
2025-07-08 07:44:00,12.456128,37.874268,1,0530cnr
2025-07-08 07:54:00,12.456577,37.87429,1,0530cnr
2025-07-08 08:04:00,12.457021,37.87434,1,0530cnr
2025-07-08 08:14:00,12.457455,37.874397,1,0530cnr
2025-07-08 08:24:00,12.457881,37.874466,1,0530cnr
2025-07-08 08:34:00,12.458304,37.87454,1,0530cnr
2025-07-08 08:44:00,12.458727,37.874615,1,0530cnr
2025-07-08 08:54:00,12.459148,37.87469,1,0530cnr
2025-07-08 09:04:00,12.459567,37.874775,1,0530cnr
2025-07-08 09:14:00,12.460006,37.874866,1,0530cnr
2025-07-08 09:24:00,12.460474,37.87497,1,0530cnr
2025-07-08 09:34:00,12.460977,37.875088,1,0530cnr
2025-07-08 09:44:00,12.461508,37.875233,1,0530cnr
2025-07-08 09:54:00,12.462073,37.87541,1,0530cnr
2025-07-08 10:04:00,12.46267,37.875607,1,0530cnr
2025-07-08 10:14:00,12.463266,37.875835,1,0530cnr
2025-07-08 10:24:00,12.463862,37.876076,1,0530cnr
2025-07-08 10:34:00,12.464477,37.876305,1,0530cnr
2025-07-08 10:44:00,12.465121,37.876526,1,0530cnr
2025-07-08 10:54:00,12.465794,37.876728,1,0530cnr
2025-07-08 11:04:00,12.466473,37.876896,1,0530cnr
2025-07-08 11:14:00,12.46713,37.87698,1,0530cnr
2025-07-08 11:24:00,12.467749,37.876965,1,0530cnr
2025-07-08 11:34:00,12.468321,37.87686,1,0530cnr
2025-07-08 11:44:00,12.4688425,37.876698,1,0530cnr
2025-07-08 11:54:00,12.469312,37.87647,1,0530cnr
2025-07-08 12:04:00,12.469727,37.876186,1,0530cnr
2025-07-08 12:14:00,12.470143,37.875866,1,0530cnr
2025-07-08 12:24:00,12.470596,37.875534,1,0530cnr
2025-07-08 12:34:00,12.47109,37.875195,1,0530cnr
2025-07-08 12:44:00,12.471625,37.874855,1,0530cnr
2025-07-08 12:54:00,12.4722,37.87452,1,0530cnr
2025-07-08 13:04:00,12.4728155,37.874184,1,0530cnr
2025-07-08 13:14:00,12.4734745,37.87382,1,0530cnr
2025-07-08 13:24:00,12.474187,37.873417,1,0530cnr
2025-07-08 13:34:00,12.474949,37.87297,1,0530cnr
2025-07-08 13:44:00,12.475756,37.872486,1,0530cnr
2025-07-08 13:54:00,12.476621,37.871967,1,0530cnr
2025-07-08 14:04:00,12.477562,37.87142,1,0530cnr
2025-07-08 14:14:00,12.478572,37.870872,1,0530cnr
2025-07-08 14:24:00,12.479629,37.87032,1,0530cnr
2025-07-08 14:34:00,12.480186,37.87002,1,0530cnr
2025-07-08 14:44:00,12.480186,37.87002,1,0530cnr
2025-07-08 14:54:00,12.480186,37.87002,1,0530cnr
2025-07-08 15:04:00,12.480186,37.87002,1,0530cnr
2025-07-08 15:14:00,12.480186,37.87002,1,0530cnr
2025-07-08 15:24:00,12.480186,37.87002,1,0530cnr
2025-07-08 15:34:00,12.480186,37.87002,1,0530cnr
2025-07-08 15:44:00,12.480186,37.87002,1,0530cnr
2025-07-08 15:54:00,12.480186,37.87002,1,0530cnr
2025-07-08 16:04:00,12.480186,37.87002,1,0530cnr
2025-07-08 16:14:00,12.480186,37.87002,1,0530cnr
2025-07-08 16:24:00,12.480186,37.87002,1,0530cnr
2025-07-08 16:34:00,12.480186,37.87002,1,0530cnr
2025-07-08 16:44:00,12.480186,37.87002,1,0530cnr
2025-07-08 16:54:00,12.480186,37.87002,1,0530cnr
2025-07-08 17:04:00,12.480186,37.87002,1,0530cnr
2025-07-08 17:14:00,12.480186,37.87002,1,0530cnr
2025-07-08 17:24:00,12.480186,37.87002,1,0530cnr
2025-07-08 17:34:00,12.480186,37.87002,1,0530cnr
2025-07-08 17:44:00,12.480186,37.87002,1,0530cnr
2025-07-08 17:54:00,12.480186,37.87002,1,0530cnr
2025-07-08 18:04:00,12.480186,37.87002,1,0530cnr
2025-07-08 18:14:00,12.480186,37.87002,1,0530cnr
2025-07-08 18:24:00,12.480186,37.87002,1,0530cnr
2025-07-08 18:34:00,12.480186,37.87002,1,0530cnr
2025-07-08 18:44:00,12.480186,37.87002,1,0530cnr
2025-07-08 18:54:00,12.480186,37.87002,1,0530cnr
2025-07-08 19:04:00,12.480186,37.87002,1,0530cnr
2025-07-08 19:14:00,12.480186,37.87002,1,0530cnr
2025-07-08 19:24:00,12.480186,37.87002,1,0530cnr
2025-07-08 19:34:00,12.480186,37.87002,1,0530cnr
2025-07-08 19:44:00,12.480186,37.87002,1,0530cnr
2025-07-08 19:54:00,12.480186,37.87002,1,0530cnr
2025-07-08 20:04:00,12.480186,37.87002,1,0530cnr
2025-07-08 20:14:00,12.480186,37.87002,1,0530cnr
2025-07-08 20:24:00,12.480186,37.87002,1,0530cnr
2025-07-08 20:34:00,12.480186,37.87002,1,0530cnr
2025-07-08 20:44:00,12.480186,37.87002,1,0530cnr
2025-07-08 20:54:00,12.480186,37.87002,1,0530cnr
2025-07-08 21:04:00,12.480186,37.87002,1,0530cnr
2025-07-08 21:14:00,12.480186,37.87002,1,0530cnr
2025-07-08 21:24:00,12.480186,37.87002,1,0530cnr
2025-07-08 21:34:00,12.480186,37.87002,1,0530cnr
2025-07-08 21:44:00,12.480186,37.87002,1,0530cnr
2025-07-08 21:54:00,12.480186,37.87002,1,0530cnr
2025-07-08 22:04:00,12.480186,37.87002,1,0530cnr
2025-07-08 22:14:00,12.480186,37.87002,1,0530cnr
2025-07-08 22:24:00,12.480186,37.87002,1,0530cnr
2025-07-08 22:34:00,12.480186,37.87002,1,0530cnr
2025-07-08 22:44:00,12.480186,37.87002,1,0530cnr
2025-07-08 22:54:00,12.480186,37.87002,1,0530cnr
2025-07-08 23:04:00,12.480186,37.87002,1,0530cnr
2025-07-08 23:14:00,12.480186,37.87002,1,0530cnr
2025-07-08 23:24:00,12.480186,37.87002,1,0530cnr
2025-07-08 23:34:00,12.480186,37.87002,1,0530cnr
2025-07-08 23:44:00,12.480186,37.87002,1,0530cnr
2025-07-08 23:54:00,12.480186,37.87002,1,0530cnr
2025-07-09 00:04:00,12.480186,37.87002,1,0530cnr
2025-07-09 00:14:00,12.480186,37.87002,1,0530cnr
2025-07-09 00:24:00,12.480186,37.87002,1,0530cnr
2025-07-09 00:34:00,12.480186,37.87002,1,0530cnr
2025-07-09 00:44:00,12.480186,37.87002,1,0530cnr
2025-07-09 00:54:00,12.480186,37.87002,1,0530cnr
2025-07-09 01:04:00,12.480186,37.87002,1,0530cnr
2025-07-09 01:14:00,12.480186,37.87002,1,0530cnr
2025-07-09 01:24:00,12.480186,37.87002,1,0530cnr
2025-07-09 01:34:00,12.480186,37.87002,1,0530cnr
2025-07-09 01:44:00,12.480186,37.87002,1,0530cnr
2025-07-09 01:54:00,12.480186,37.87002,1,0530cnr
2025-07-09 02:04:00,12.480186,37.87002,1,0530cnr
2025-07-09 02:14:00,12.480186,37.87002,1,0530cnr
2025-07-09 02:24:00,12.480186,37.87002,1,0530cnr
2025-07-09 02:34:00,12.480186,37.87002,1,0530cnr
2025-07-09 02:44:00,12.480186,37.87002,1,0530cnr
2025-07-09 02:54:00,12.480186,37.87002,1,0530cnr
2025-07-09 03:04:00,12.480186,37.87002,1,0530cnr
2025-07-09 03:14:00,12.480186,37.87002,1,0530cnr
2025-07-09 03:24:00,12.480186,37.87002,1,0530cnr
2025-07-09 03:34:00,12.480186,37.87002,1,0530cnr
2025-07-09 03:44:00,12.480186,37.87002,1,0530cnr
2025-07-09 03:54:00,12.480186,37.87002,1,0530cnr
2025-07-09 04:04:00,12.480186,37.87002,1,0530cnr
2025-07-09 04:14:00,12.480186,37.87002,1,0530cnr
2025-07-09 04:24:00,12.480186,37.87002,1,0530cnr
2025-07-09 04:34:00,12.480186,37.87002,1,0530cnr
2025-07-09 04:44:00,12.480186,37.87002,1,0530cnr
2025-07-09 04:54:00,12.480186,37.87002,1,0530cnr
2025-07-09 05:04:00,12.480186,37.87002,1,0530cnr
2025-07-09 05:14:00,12.480186,37.87002,1,0530cnr
2025-07-09 05:24:00,12.480186,37.87002,1,0530cnr
2025-07-09 05:34:00,12.480186,37.87002,1,0530cnr
2025-07-09 05:44:00,12.480186,37.87002,1,0530cnr
2025-07-09 05:54:00,12.480186,37.87002,1,0530cnr
2025-07-09 06:04:00,12.480186,37.87002,1,0530cnr
2025-07-09 06:14:00,12.480186,37.87002,1,0530cnr
2025-07-09 06:24:00,12.480186,37.87002,1,0530cnr
2025-07-09 06:34:00,12.480186,37.87002,1,0530cnr
2025-07-09 06:44:00,12.480186,37.87002,1,0530cnr
2025-07-09 06:54:00,12.480395,37.869427,1,0530cnr
2025-07-09 07:04:00,12.480395,37.869427,1,0530cnr
2025-07-09 07:14:00,12.480395,37.869427,1,0530cnr
2025-07-09 07:24:00,12.480395,37.869427,1,0530cnr
2025-07-09 07:34:00,12.480395,37.869427,1,0530cnr
2025-07-09 07:44:00,12.480395,37.869427,1,0530cnr
2025-07-09 07:54:00,12.480395,37.869427,1,0530cnr
2025-07-09 08:04:00,12.480395,37.869427,1,0530cnr
2025-07-09 08:14:00,12.480395,37.869427,1,0530cnr
2025-07-09 08:24:00,12.480395,37.869427,1,0530cnr
2025-07-09 08:34:00,12.480395,37.869427,1,0530cnr
2025-07-09 08:44:00,12.480395,37.869427,1,0530cnr
2025-07-09 08:54:00,12.480395,37.869427,1,0530cnr
2025-07-09 09:04:00,12.480395,37.869427,1,0530cnr
2025-07-09 09:14:00,12.480395,37.869427,1,0530cnr
2025-07-09 09:24:00,12.480395,37.869427,1,0530cnr
2025-07-09 09:34:00,12.480395,37.869427,1,0530cnr
2025-07-09 09:44:00,12.480395,37.869427,1,0530cnr
2025-07-09 09:54:00,12.480395,37.869427,1,0530cnr
2025-07-09 10:04:00,12.480395,37.869427,1,0530cnr
2025-07-09 10:14:00,12.480395,37.869427,1,0530cnr
2025-07-09 10:24:00,12.480395,37.869427,1,0530cnr
2025-07-09 10:34:00,12.480395,37.869427,1,0530cnr
2025-07-09 10:44:00,12.480395,37.869427,1,0530cnr
2025-07-09 10:54:00,12.480395,37.869427,1,0530cnr
2025-07-09 11:04:00,12.480395,37.869427,1,0530cnr
2025-07-09 11:14:00,12.480395,37.869427,1,0530cnr
2025-07-09 11:24:00,12.480395,37.869427,1,0530cnr
2025-07-09 11:34:00,12.480395,37.869427,1,0530cnr
2025-07-09 11:44:00,12.480395,37.869427,1,0530cnr
2025-07-09 11:54:00,12.480395,37.869427,1,0530cnr
2025-07-09 12:04:00,12.480395,37.869427,1,0530cnr
2025-07-09 12:14:00,12.480395,37.869427,1,0530cnr
2025-07-09 12:24:00,12.480395,37.869427,1,0530cnr
2025-07-09 12:34:00,12.480395,37.869427,1,0530cnr
2025-07-09 12:44:00,12.480395,37.869427,1,0530cnr
2025-07-09 12:54:00,12.480395,37.869427,1,0530cnr
2025-07-09 13:04:00,12.480395,37.869427,1,0530cnr
2025-07-09 13:14:00,12.480395,37.869427,1,0530cnr
2025-07-09 13:24:00,12.480395,37.869427,1,0530cnr
2025-07-09 13:34:00,12.480395,37.869427,1,0530cnr
2025-07-09 13:44:00,12.480395,37.869427,1,0530cnr
2025-07-09 13:54:00,12.480395,37.869427,1,0530cnr
2025-07-09 14:04:00,12.480395,37.869427,1,0530cnr
2025-07-09 14:14:00,12.480395,37.869427,1,0530cnr
2025-07-09 14:24:00,12.480395,37.869427,1,0530cnr
2025-07-09 14:34:00,12.480395,37.869427,1,0530cnr
2025-07-09 14:44:00,12.480395,37.869427,1,0530cnr
2025-07-09 14:54:00,12.480395,37.869427,1,0530cnr
2025-07-09 15:04:00,12.480395,37.869427,1,0530cnr
2025-07-09 15:14:00,12.480395,37.869427,1,0530cnr
2025-07-09 15:24:00,12.480395,37.869427,1,0530cnr
2025-07-09 15:34:00,12.480395,37.869427,1,0530cnr
2025-07-09 15:44:00,12.480395,37.869427,1,0530cnr
2025-07-09 15:54:00,12.480395,37.869427,1,0530cnr
2025-07-09 16:04:00,12.480395,37.869427,1,0530cnr
2025-07-09 16:14:00,12.480395,37.869427,1,0530cnr
2025-07-09 16:24:00,12.480395,37.869427,1,0530cnr
2025-07-09 16:34:00,12.480395,37.869427,1,0530cnr
2025-07-09 16:44:00,12.480395,37.869427,1,0530cnr
2025-07-09 16:54:00,12.480395,37.869427,1,0530cnr
2025-07-09 17:04:00,12.480395,37.869427,1,0530cnr
2025-07-09 17:14:00,12.480395,37.869427,1,0530cnr
2025-07-09 17:24:00,12.480395,37.869427,1,0530cnr
2025-07-09 17:34:00,12.480395,37.869427,1,0530cnr
2025-07-09 17:44:00,12.480395,37.869427,1,0530cnr
2025-07-09 17:54:00,12.480395,37.869427,1,0530cnr
2025-07-09 18:04:00,12.480395,37.869427,1,0530cnr
2025-07-09 18:14:00,12.480395,37.869427,1,0530cnr
2025-07-09 18:24:00,12.480395,37.869427,1,0530cnr
2025-07-09 18:34:00,12.480395,37.869427,1,0530cnr
2025-07-09 18:44:00,12.480395,37.869427,1,0530cnr
2025-07-09 18:54:00,12.480395,37.869427,1,0530cnr
2025-07-09 19:04:00,12.480395,37.869427,1,0530cnr
2025-07-09 19:14:00,12.480395,37.869427,1,0530cnr
2025-07-09 19:24:00,12.480395,37.869427,1,0530cnr
2025-07-09 19:34:00,12.480395,37.869427,1,0530cnr
2025-07-09 19:44:00,12.480395,37.869427,1,0530cnr
2025-07-09 19:54:00,12.480395,37.869427,1,0530cnr
2025-07-09 20:04:00,12.480395,37.869427,1,0530cnr
2025-07-09 20:14:00,12.480395,37.869427,1,0530cnr
2025-07-09 20:24:00,12.480395,37.869427,1,0530cnr
2025-07-09 20:34:00,12.480395,37.869427,1,0530cnr
2025-07-09 20:44:00,12.480395,37.869427,1,0530cnr
2025-07-09 20:54:00,12.480395,37.869427,1,0530cnr
2025-07-09 21:04:00,12.480395,37.869427,1,0530cnr
2025-07-09 21:14:00,12.480395,37.869427,1,0530cnr
2025-07-09 21:24:00,12.480395,37.869427,1,0530cnr
2025-07-09 21:34:00,12.480395,37.869427,1,0530cnr
2025-07-09 21:44:00,12.480395,37.869427,1,0530cnr
2025-07-09 21:54:00,12.480395,37.869427,1,0530cnr
2025-07-09 22:04:00,12.480395,37.869427,1,0530cnr
2025-07-09 22:14:00,12.480395,37.869427,1,0530cnr
2025-07-09 22:24:00,12.480395,37.869427,1,0530cnr
2025-07-09 22:34:00,12.480395,37.869427,1,0530cnr
2025-07-09 22:44:00,12.480395,37.869427,1,0530cnr
2025-07-09 22:54:00,12.480395,37.869427,1,0530cnr
2025-07-09 23:04:00,12.480395,37.869427,1,0530cnr
2025-07-09 23:14:00,12.480395,37.869427,1,0530cnr
2025-07-09 23:24:00,12.480395,37.869427,1,0530cnr
2025-07-09 23:34:00,12.480395,37.869427,1,0530cnr
2025-07-09 23:44:00,12.480395,37.869427,1,0530cnr
2025-07-09 23:54:00,12.480395,37.869427,1,0530cnr
2025-07-10 00:04:00,12.480395,37.869427,1,0530cnr
2025-07-08 07:14:00,12.45468,37.87425,1,3500cnr
2025-07-08 07:24:00,12.45514,37.87423,1,3500cnr
2025-07-08 07:34:00,12.455601,37.874218,1,3500cnr
2025-07-08 07:44:00,12.456057,37.874218,1,3500cnr
2025-07-08 07:54:00,12.456508,37.874233,1,3500cnr
2025-07-08 08:04:00,12.456954,37.874275,1,3500cnr
2025-07-08 08:14:00,12.457388,37.874325,1,3500cnr
2025-07-08 08:24:00,12.457812,37.874386,1,3500cnr
2025-07-08 08:34:00,12.458231,37.87445,1,3500cnr
2025-07-08 08:44:00,12.458646,37.87452,1,3500cnr
2025-07-08 08:54:00,12.459058,37.87459,1,3500cnr
2025-07-08 09:04:00,12.459468,37.874664,1,3500cnr
2025-07-08 09:14:00,12.459899,37.87475,1,3500cnr
2025-07-08 09:24:00,12.460358,37.874844,1,3500cnr
2025-07-08 09:34:00,12.460851,37.87495,1,3500cnr
2025-07-08 09:44:00,12.461375,37.87508,1,3500cnr
2025-07-08 09:54:00,12.461933,37.875237,1,3500cnr
2025-07-08 10:04:00,12.462522,37.87542,1,3500cnr
2025-07-08 10:14:00,12.463107,37.87563,1,3500cnr
2025-07-08 10:24:00,12.463685,37.875862,1,3500cnr
2025-07-08 10:34:00,12.46427,37.87609,1,3500cnr
2025-07-08 10:44:00,12.464879,37.876312,1,3500cnr
2025-07-08 10:54:00,12.465521,37.876522,1,3500cnr
2025-07-08 11:04:00,12.466178,37.876705,1,3500cnr
2025-07-08 11:14:00,12.466813,37.87681,1,3500cnr
2025-07-08 11:24:00,12.467411,37.876812,1,3500cnr
2025-07-08 11:34:00,12.467962,37.876728,1,3500cnr
2025-07-08 11:44:00,12.468464,37.87657,1,3500cnr
2025-07-08 11:54:00,12.468913,37.876358,1,3500cnr
2025-07-08 12:04:00,12.469309,37.87608,1,3500cnr
2025-07-08 12:14:00,12.4697075,37.875767,1,3500cnr
2025-07-08 12:24:00,12.470144,37.87544,1,3500cnr
2025-07-08 12:34:00,12.470619,37.875095,1,3500cnr
2025-07-08 12:44:00,12.47114,37.874752,1,3500cnr
2025-07-08 12:54:00,12.4717045,37.874416,1,3500cnr
2025-07-08 13:04:00,12.472309,37.87408,1,3500cnr
2025-07-08 13:14:00,12.47296,37.873714,1,3500cnr
2025-07-08 13:24:00,12.473671,37.87331,1,3500cnr
2025-07-08 13:34:00,12.474434,37.872868,1,3500cnr
2025-07-08 13:44:00,12.4752445,37.87238,1,3500cnr
2025-07-08 13:54:00,12.476111,37.871857,1,3500cnr
2025-07-08 14:04:00,12.477052,37.871304,1,3500cnr
2025-07-08 14:14:00,12.4780655,37.870747,1,3500cnr
2025-07-08 14:24:00,12.479132,37.870186,1,3500cnr
2025-07-08 14:34:00,12.480259,37.869595,1,3500cnr
2025-07-08 14:44:00,12.480259,37.869595,1,3500cnr
2025-07-08 14:54:00,12.480259,37.869595,1,3500cnr
2025-07-08 15:04:00,12.480259,37.869595,1,3500cnr
2025-07-08 15:14:00,12.480259,37.869595,1,3500cnr
2025-07-08 15:24:00,12.480259,37.869595,1,3500cnr
2025-07-08 15:34:00,12.480259,37.869595,1,3500cnr
2025-07-08 15:44:00,12.480259,37.869595,1,3500cnr
2025-07-08 15:54:00,12.480259,37.869595,1,3500cnr
2025-07-08 16:04:00,12.480259,37.869595,1,3500cnr
2025-07-08 16:14:00,12.480259,37.869595,1,3500cnr
2025-07-08 16:24:00,12.480259,37.869595,1,3500cnr
2025-07-08 16:34:00,12.480259,37.869595,1,3500cnr
2025-07-08 16:44:00,12.480259,37.869595,1,3500cnr
2025-07-08 16:54:00,12.480259,37.869595,1,3500cnr
2025-07-08 17:04:00,12.480259,37.869595,1,3500cnr
2025-07-08 17:14:00,12.480259,37.869595,1,3500cnr
2025-07-08 17:24:00,12.480259,37.869595,1,3500cnr
2025-07-08 17:34:00,12.480259,37.869595,1,3500cnr
2025-07-08 17:44:00,12.480259,37.869595,1,3500cnr
2025-07-08 17:54:00,12.480259,37.869595,1,3500cnr
2025-07-08 18:04:00,12.480259,37.869595,1,3500cnr
2025-07-08 18:14:00,12.480259,37.869595,1,3500cnr
2025-07-08 18:24:00,12.480259,37.869595,1,3500cnr
2025-07-08 18:34:00,12.480259,37.869595,1,3500cnr
2025-07-08 18:44:00,12.480259,37.869595,1,3500cnr
2025-07-08 18:54:00,12.480259,37.869595,1,3500cnr
2025-07-08 19:04:00,12.480259,37.869595,1,3500cnr
2025-07-08 19:14:00,12.480259,37.869595,1,3500cnr
2025-07-08 19:24:00,12.480259,37.869595,1,3500cnr
2025-07-08 19:34:00,12.480259,37.869595,1,3500cnr
2025-07-08 19:44:00,12.480259,37.869595,1,3500cnr
2025-07-08 19:54:00,12.480259,37.869595,1,3500cnr
2025-07-08 20:04:00,12.480259,37.869595,1,3500cnr
2025-07-08 20:14:00,12.480259,37.869595,1,3500cnr
2025-07-08 20:24:00,12.480259,37.869595,1,3500cnr
2025-07-08 20:34:00,12.480259,37.869595,1,3500cnr
2025-07-08 20:44:00,12.480259,37.869595,1,3500cnr
2025-07-08 20:54:00,12.480259,37.869595,1,3500cnr
2025-07-08 21:04:00,12.480259,37.869595,1,3500cnr
2025-07-08 21:14:00,12.480259,37.869595,1,3500cnr
2025-07-08 21:24:00,12.480259,37.869595,1,3500cnr
2025-07-08 21:34:00,12.480259,37.869595,1,3500cnr
2025-07-08 21:44:00,12.480259,37.869595,1,3500cnr
2025-07-08 21:54:00,12.480259,37.869595,1,3500cnr
2025-07-08 22:04:00,12.480259,37.869595,1,3500cnr
2025-07-08 22:14:00,12.480259,37.869595,1,3500cnr
2025-07-08 22:24:00,12.480259,37.869595,1,3500cnr
2025-07-08 22:34:00,12.480259,37.869595,1,3500cnr
2025-07-08 22:44:00,12.480259,37.869595,1,3500cnr
2025-07-08 22:54:00,12.480259,37.869595,1,3500cnr
2025-07-08 23:04:00,12.480259,37.869595,1,3500cnr
2025-07-08 23:14:00,12.480259,37.869595,1,3500cnr
2025-07-08 23:24:00,12.480259,37.869595,1,3500cnr
2025-07-08 23:34:00,12.480259,37.869595,1,3500cnr
2025-07-08 23:44:00,12.480259,37.869595,1,3500cnr
2025-07-08 23:54:00,12.480259,37.869595,1,3500cnr
2025-07-09 00:04:00,12.480259,37.869595,1,3500cnr
2025-07-09 00:14:00,12.480259,37.869595,1,3500cnr
2025-07-09 00:24:00,12.480259,37.869595,1,3500cnr
2025-07-09 00:34:00,12.480259,37.869595,1,3500cnr
2025-07-09 00:44:00,12.480259,37.869595,1,3500cnr
2025-07-09 00:54:00,12.480259,37.869595,1,3500cnr
2025-07-09 01:04:00,12.480259,37.869595,1,3500cnr
2025-07-09 01:14:00,12.480259,37.869595,1,3500cnr
2025-07-09 01:24:00,12.480259,37.869595,1,3500cnr
2025-07-09 01:34:00,12.480259,37.869595,1,3500cnr
2025-07-09 01:44:00,12.480259,37.869595,1,3500cnr
2025-07-09 01:54:00,12.480259,37.869595,1,3500cnr
2025-07-09 02:04:00,12.480259,37.869595,1,3500cnr
2025-07-09 02:14:00,12.480259,37.869595,1,3500cnr
2025-07-09 02:24:00,12.480259,37.869595,1,3500cnr
2025-07-09 02:34:00,12.480259,37.869595,1,3500cnr
2025-07-09 02:44:00,12.480259,37.869595,1,3500cnr
2025-07-09 02:54:00,12.480259,37.869595,1,3500cnr
2025-07-09 03:04:00,12.480259,37.869595,1,3500cnr
2025-07-09 03:14:00,12.480259,37.869595,1,3500cnr
2025-07-09 03:24:00,12.480259,37.869595,1,3500cnr
2025-07-09 03:34:00,12.480259,37.869595,1,3500cnr
2025-07-09 03:44:00,12.480259,37.869595,1,3500cnr
2025-07-09 03:54:00,12.480259,37.869595,1,3500cnr
2025-07-09 04:04:00,12.480259,37.869595,1,3500cnr
2025-07-09 04:14:00,12.480259,37.869595,1,3500cnr
2025-07-09 04:24:00,12.480259,37.869595,1,3500cnr
2025-07-09 04:34:00,12.480259,37.869595,1,3500cnr
2025-07-09 04:44:00,12.480259,37.869595,1,3500cnr
2025-07-09 04:54:00,12.480259,37.869595,1,3500cnr
2025-07-09 05:04:00,12.480259,37.869595,1,3500cnr
2025-07-09 05:14:00,12.480259,37.869595,1,3500cnr
2025-07-09 05:24:00,12.480259,37.869595,1,3500cnr
2025-07-09 05:34:00,12.480259,37.869595,1,3500cnr
2025-07-09 05:44:00,12.480259,37.869595,1,3500cnr
2025-07-09 05:54:00,12.480259,37.869595,1,3500cnr
2025-07-09 06:04:00,12.480259,37.869595,1,3500cnr
2025-07-09 06:14:00,12.480259,37.869595,1,3500cnr
2025-07-09 06:24:00,12.480259,37.869595,1,3500cnr
2025-07-09 06:34:00,12.480259,37.869595,1,3500cnr
2025-07-09 06:44:00,12.480259,37.869595,1,3500cnr
2025-07-09 06:54:00,12.480259,37.869595,1,3500cnr
2025-07-09 07:04:00,12.480259,37.869595,1,3500cnr
2025-07-09 07:14:00,12.480259,37.869595,1,3500cnr
2025-07-09 07:24:00,12.480259,37.869595,1,3500cnr
2025-07-09 07:34:00,12.480259,37.869595,1,3500cnr
2025-07-09 07:44:00,12.480259,37.869595,1,3500cnr
2025-07-09 07:54:00,12.480259,37.869595,1,3500cnr
2025-07-09 08:04:00,12.480259,37.869595,1,3500cnr
2025-07-09 08:14:00,12.480259,37.869595,1,3500cnr
2025-07-09 08:24:00,12.480259,37.869595,1,3500cnr
2025-07-09 08:34:00,12.480259,37.869595,1,3500cnr
2025-07-09 08:44:00,12.480259,37.869595,1,3500cnr
2025-07-09 08:54:00,12.480259,37.869595,1,3500cnr
2025-07-09 09:04:00,12.480259,37.869595,1,3500cnr
2025-07-09 09:14:00,12.480259,37.869595,1,3500cnr
2025-07-09 09:24:00,12.480259,37.869595,1,3500cnr
2025-07-09 09:34:00,12.480259,37.869595,1,3500cnr
2025-07-09 09:44:00,12.480259,37.869595,1,3500cnr
2025-07-09 09:54:00,12.480259,37.869595,1,3500cnr
2025-07-09 10:04:00,12.480259,37.869595,1,3500cnr
2025-07-09 10:14:00,12.480259,37.869595,1,3500cnr
2025-07-09 10:24:00,12.480259,37.869595,1,3500cnr
2025-07-09 10:34:00,12.480259,37.869595,1,3500cnr
2025-07-09 10:44:00,12.480259,37.869595,1,3500cnr
2025-07-09 10:54:00,12.480259,37.869595,1,3500cnr
2025-07-09 11:04:00,12.480259,37.869595,1,3500cnr
2025-07-09 11:14:00,12.480259,37.869595,1,3500cnr
2025-07-09 11:24:00,12.480259,37.869595,1,3500cnr
2025-07-09 11:34:00,12.480259,37.869595,1,3500cnr
2025-07-09 11:44:00,12.480259,37.869595,1,3500cnr
2025-07-09 11:54:00,12.480259,37.869595,1,3500cnr
2025-07-09 12:04:00,12.480259,37.869595,1,3500cnr
2025-07-09 12:14:00,12.480259,37.869595,1,3500cnr
2025-07-09 12:24:00,12.480259,37.869595,1,3500cnr
2025-07-09 12:34:00,12.480259,37.869595,1,3500cnr
2025-07-09 12:44:00,12.480259,37.869595,1,3500cnr
2025-07-09 12:54:00,12.480259,37.869595,1,3500cnr
2025-07-09 13:04:00,12.480259,37.869595,1,3500cnr
2025-07-09 13:14:00,12.480259,37.869595,1,3500cnr
2025-07-09 13:24:00,12.480259,37.869595,1,3500cnr
2025-07-09 13:34:00,12.480259,37.869595,1,3500cnr
2025-07-09 13:44:00,12.480259,37.869595,1,3500cnr
2025-07-09 13:54:00,12.480259,37.869595,1,3500cnr
2025-07-09 14:04:00,12.480291,37.86899,1,3500cnr
2025-07-09 14:14:00,12.480291,37.86899,1,3500cnr
2025-07-09 14:24:00,12.480291,37.86899,1,3500cnr
2025-07-09 14:34:00,12.480291,37.86899,1,3500cnr
2025-07-09 14:44:00,12.480291,37.86899,1,3500cnr
2025-07-09 14:54:00,12.480291,37.86899,1,3500cnr
2025-07-09 15:04:00,12.480291,37.86899,1,3500cnr
2025-07-09 15:14:00,12.480291,37.86899,1,3500cnr
2025-07-09 15:24:00,12.480291,37.86899,1,3500cnr
2025-07-09 15:34:00,12.480291,37.86899,1,3500cnr
2025-07-09 15:44:00,12.480291,37.86899,1,3500cnr
2025-07-09 15:54:00,12.480291,37.86899,1,3500cnr
2025-07-09 16:04:00,12.480291,37.86899,1,3500cnr
2025-07-09 16:14:00,12.480291,37.86899,1,3500cnr
2025-07-09 16:24:00,12.480291,37.86899,1,3500cnr
2025-07-09 16:34:00,12.480291,37.86899,1,3500cnr
2025-07-09 16:44:00,12.480291,37.86899,1,3500cnr
2025-07-09 16:54:00,12.480291,37.86899,1,3500cnr
2025-07-09 17:04:00,12.480291,37.86899,1,3500cnr
2025-07-09 17:14:00,12.480291,37.86899,1,3500cnr
2025-07-09 17:24:00,12.480291,37.86899,1,3500cnr
2025-07-09 17:34:00,12.480291,37.86899,1,3500cnr
2025-07-09 17:44:00,12.480291,37.86899,1,3500cnr
2025-07-09 17:54:00,12.480291,37.86899,1,3500cnr
2025-07-09 18:04:00,12.480291,37.86899,1,3500cnr
2025-07-09 18:14:00,12.480291,37.86899,1,3500cnr
2025-07-09 18:24:00,12.480291,37.86899,1,3500cnr
2025-07-09 18:34:00,12.480291,37.86899,1,3500cnr
2025-07-09 18:44:00,12.480291,37.86899,1,3500cnr
2025-07-09 18:54:00,12.480291,37.86899,1,3500cnr
2025-07-09 19:04:00,12.480291,37.86899,1,3500cnr
2025-07-09 19:14:00,12.480291,37.86899,1,3500cnr
2025-07-09 19:24:00,12.480291,37.86899,1,3500cnr
2025-07-09 19:34:00,12.480291,37.86899,1,3500cnr
2025-07-09 19:44:00,12.480291,37.86899,1,3500cnr
2025-07-09 19:54:00,12.480291,37.86899,1,3500cnr
2025-07-09 20:04:00,12.480291,37.86899,1,3500cnr
2025-07-09 20:14:00,12.480291,37.86899,1,3500cnr
2025-07-09 20:24:00,12.480291,37.86899,1,3500cnr
2025-07-09 20:34:00,12.480291,37.86899,1,3500cnr
2025-07-09 20:44:00,12.480291,37.86899,1,3500cnr
2025-07-09 20:54:00,12.480291,37.86899,1,3500cnr
2025-07-09 21:04:00,12.480291,37.86899,1,3500cnr
2025-07-09 21:14:00,12.480291,37.86899,1,3500cnr
2025-07-09 21:24:00,12.480291,37.86899,1,3500cnr
2025-07-09 21:34:00,12.480291,37.86899,1,3500cnr
2025-07-09 21:44:00,12.480291,37.86899,1,3500cnr
2025-07-09 21:54:00,12.480291,37.86899,1,3500cnr
2025-07-09 22:04:00,12.480291,37.86899,1,3500cnr
2025-07-09 22:14:00,12.480291,37.86899,1,3500cnr
2025-07-09 22:24:00,12.480291,37.86899,1,3500cnr
2025-07-09 22:34:00,12.480291,37.86899,1,3500cnr
2025-07-09 22:44:00,12.480291,37.86899,1,3500cnr
2025-07-09 22:54:00,12.480291,37.86899,1,3500cnr
2025-07-09 23:04:00,12.480291,37.86899,1,3500cnr
2025-07-09 23:14:00,12.480291,37.86899,1,3500cnr
2025-07-09 23:24:00,12.480291,37.86899,1,3500cnr
2025-07-09 23:34:00,12.480291,37.86899,1,3500cnr
2025-07-09 23:44:00,12.480291,37.86899,1,3500cnr
2025-07-09 23:54:00,12.480291,37.86899,1,3500cnr
2025-07-10 00:04:00,12.480291,37.86899,1,3500cnr
2025-07-08 07:14:00,12.45476,37.87428,1,3680cnr
2025-07-08 07:24:00,12.455217,37.874256,1,3680cnr
2025-07-08 07:34:00,12.455674,37.87425,1,3680cnr
2025-07-08 07:44:00,12.456127,37.874252,1,3680cnr
2025-07-08 07:54:00,12.456575,37.874275,1,3680cnr
2025-07-08 08:04:00,12.457019,37.87432,1,3680cnr
2025-07-08 08:14:00,12.457452,37.87438,1,3680cnr
2025-07-08 08:24:00,12.457876,37.874443,1,3680cnr
2025-07-08 08:34:00,12.458298,37.874516,1,3680cnr
2025-07-08 08:44:00,12.458717,37.874588,1,3680cnr
2025-07-08 08:54:00,12.459136,37.874664,1,3680cnr
2025-07-08 09:04:00,12.459553,37.87475,1,3680cnr
2025-07-08 09:14:00,12.459989,37.874836,1,3680cnr
2025-07-08 09:24:00,12.460455,37.87494,1,3680cnr
2025-07-08 09:34:00,12.460954,37.875053,1,3680cnr
2025-07-08 09:44:00,12.461484,37.8752,1,3680cnr
2025-07-08 09:54:00,12.462048,37.875366,1,3680cnr
2025-07-08 10:04:00,12.462643,37.875565,1,3680cnr
2025-07-08 10:14:00,12.463236,37.87579,1,3680cnr
2025-07-08 10:24:00,12.463827,37.876022,1,3680cnr
2025-07-08 10:34:00,12.464433,37.876255,1,3680cnr
2025-07-08 10:44:00,12.465069,37.876476,1,3680cnr
2025-07-08 10:54:00,12.4657345,37.876682,1,3680cnr
2025-07-08 11:04:00,12.466408,37.876854,1,3680cnr
2025-07-08 11:14:00,12.46706,37.876938,1,3680cnr
2025-07-08 11:24:00,12.467674,37.876926,1,3680cnr
2025-07-08 11:34:00,12.468241,37.87683,1,3680cnr
2025-07-08 11:44:00,12.468759,37.876667,1,3680cnr
2025-07-08 11:54:00,12.469223,37.876442,1,3680cnr
2025-07-08 12:04:00,12.469633,37.87616,1,3680cnr
2025-07-08 12:14:00,12.470046,37.875843,1,3680cnr
2025-07-08 12:24:00,12.470495,37.875507,1,3680cnr
2025-07-08 12:34:00,12.470984,37.875168,1,3680cnr
2025-07-08 12:44:00,12.471517,37.87483,1,3680cnr
2025-07-08 12:54:00,12.472089,37.874493,1,3680cnr
2025-07-08 13:04:00,12.472702,37.874157,1,3680cnr
2025-07-08 13:14:00,12.473359,37.873795,1,3680cnr
2025-07-08 13:24:00,12.474071,37.87339,1,3680cnr
2025-07-08 13:34:00,12.4748335,37.872948,1,3680cnr
2025-07-08 13:44:00,12.47564,37.872463,1,3680cnr
2025-07-08 13:54:00,12.476505,37.87194,1,3680cnr
2025-07-08 14:04:00,12.477447,37.87139,1,3680cnr
2025-07-08 14:14:00,12.478459,37.870842,1,3680cnr
2025-07-08 14:24:00,12.479519,37.87029,1,3680cnr
2025-07-08 14:34:00,12.480078,37.86999,1,3680cnr
2025-07-08 14:44:00,12.480078,37.86999,1,3680cnr
2025-07-08 14:54:00,12.480078,37.86999,1,3680cnr
2025-07-08 15:04:00,12.480078,37.86999,1,3680cnr
2025-07-08 15:14:00,12.480078,37.86999,1,3680cnr
2025-07-08 15:24:00,12.480078,37.86999,1,3680cnr
2025-07-08 15:34:00,12.480078,37.86999,1,3680cnr
2025-07-08 15:44:00,12.480078,37.86999,1,3680cnr
2025-07-08 15:54:00,12.480078,37.86999,1,3680cnr
2025-07-08 16:04:00,12.480078,37.86999,1,3680cnr
2025-07-08 16:14:00,12.480078,37.86999,1,3680cnr
2025-07-08 16:24:00,12.480078,37.86999,1,3680cnr
2025-07-08 16:34:00,12.480078,37.86999,1,3680cnr
2025-07-08 16:44:00,12.480078,37.86999,1,3680cnr
2025-07-08 16:54:00,12.480078,37.86999,1,3680cnr
2025-07-08 17:04:00,12.480078,37.86999,1,3680cnr
2025-07-08 17:14:00,12.480078,37.86999,1,3680cnr
2025-07-08 17:24:00,12.480078,37.86999,1,3680cnr
2025-07-08 17:34:00,12.480078,37.86999,1,3680cnr
2025-07-08 17:44:00,12.480078,37.86999,1,3680cnr
2025-07-08 17:54:00,12.480078,37.86999,1,3680cnr
2025-07-08 18:04:00,12.480078,37.86999,1,3680cnr
2025-07-08 18:14:00,12.480078,37.86999,1,3680cnr
2025-07-08 18:24:00,12.480078,37.86999,1,3680cnr
2025-07-08 18:34:00,12.480078,37.86999,1,3680cnr
2025-07-08 18:44:00,12.480078,37.86999,1,3680cnr
2025-07-08 18:54:00,12.480078,37.86999,1,3680cnr
2025-07-08 19:04:00,12.480078,37.86999,1,3680cnr
2025-07-08 19:14:00,12.480078,37.86999,1,3680cnr
2025-07-08 19:24:00,12.480078,37.86999,1,3680cnr
2025-07-08 19:34:00,12.480078,37.86999,1,3680cnr
2025-07-08 19:44:00,12.480078,37.86999,1,3680cnr
2025-07-08 19:54:00,12.480078,37.86999,1,3680cnr
2025-07-08 20:04:00,12.480078,37.86999,1,3680cnr
2025-07-08 20:14:00,12.480078,37.86999,1,3680cnr
2025-07-08 20:24:00,12.480078,37.86999,1,3680cnr
2025-07-08 20:34:00,12.480078,37.86999,1,3680cnr
2025-07-08 20:44:00,12.480078,37.86999,1,3680cnr
2025-07-08 20:54:00,12.480078,37.86999,1,3680cnr
2025-07-08 21:04:00,12.480078,37.86999,1,3680cnr
2025-07-08 21:14:00,12.480078,37.86999,1,3680cnr
2025-07-08 21:24:00,12.480078,37.86999,1,3680cnr
2025-07-08 21:34:00,12.480078,37.86999,1,3680cnr
2025-07-08 21:44:00,12.480078,37.86999,1,3680cnr
2025-07-08 21:54:00,12.480078,37.86999,1,3680cnr
2025-07-08 22:04:00,12.480078,37.86999,1,3680cnr
2025-07-08 22:14:00,12.480078,37.86999,1,3680cnr
2025-07-08 22:24:00,12.480078,37.86999,1,3680cnr
2025-07-08 22:34:00,12.480078,37.86999,1,3680cnr
2025-07-08 22:44:00,12.480078,37.86999,1,3680cnr
2025-07-08 22:54:00,12.480078,37.86999,1,3680cnr
2025-07-08 23:04:00,12.480078,37.86999,1,3680cnr
2025-07-08 23:14:00,12.480078,37.86999,1,3680cnr
2025-07-08 23:24:00,12.480078,37.86999,1,3680cnr
2025-07-08 23:34:00,12.480078,37.86999,1,3680cnr
2025-07-08 23:44:00,12.480078,37.86999,1,3680cnr
2025-07-08 23:54:00,12.480078,37.86999,1,3680cnr
2025-07-09 00:04:00,12.480078,37.86999,1,3680cnr
2025-07-09 00:14:00,12.480078,37.86999,1,3680cnr
2025-07-09 00:24:00,12.480078,37.86999,1,3680cnr
2025-07-09 00:34:00,12.480078,37.86999,1,3680cnr
2025-07-09 00:44:00,12.480078,37.86999,1,3680cnr
2025-07-09 00:54:00,12.480078,37.86999,1,3680cnr
2025-07-09 01:04:00,12.480078,37.86999,1,3680cnr
2025-07-09 01:14:00,12.480078,37.86999,1,3680cnr
2025-07-09 01:24:00,12.480078,37.86999,1,3680cnr
2025-07-09 01:34:00,12.480078,37.86999,1,3680cnr
2025-07-09 01:44:00,12.480078,37.86999,1,3680cnr
2025-07-09 01:54:00,12.480078,37.86999,1,3680cnr
2025-07-09 02:04:00,12.480078,37.86999,1,3680cnr
2025-07-09 02:14:00,12.480078,37.86999,1,3680cnr
2025-07-09 02:24:00,12.480078,37.86999,1,3680cnr
2025-07-09 02:34:00,12.480078,37.86999,1,3680cnr
2025-07-09 02:44:00,12.480078,37.86999,1,3680cnr
2025-07-09 02:54:00,12.480078,37.86999,1,3680cnr
2025-07-09 03:04:00,12.480078,37.86999,1,3680cnr
2025-07-09 03:14:00,12.480078,37.86999,1,3680cnr
2025-07-09 03:24:00,12.480078,37.86999,1,3680cnr
2025-07-09 03:34:00,12.480078,37.86999,1,3680cnr
2025-07-09 03:44:00,12.480078,37.86999,1,3680cnr
2025-07-09 03:54:00,12.480078,37.86999,1,3680cnr
2025-07-09 04:04:00,12.480078,37.86999,1,3680cnr
2025-07-09 04:14:00,12.480078,37.86999,1,3680cnr
2025-07-09 04:24:00,12.480078,37.86999,1,3680cnr
2025-07-09 04:34:00,12.480078,37.86999,1,3680cnr
2025-07-09 04:44:00,12.480078,37.86999,1,3680cnr
2025-07-09 04:54:00,12.480078,37.86999,1,3680cnr
2025-07-09 05:04:00,12.480078,37.86999,1,3680cnr
2025-07-09 05:14:00,12.480078,37.86999,1,3680cnr
2025-07-09 05:24:00,12.480078,37.86999,1,3680cnr
2025-07-09 05:34:00,12.480078,37.86999,1,3680cnr
2025-07-09 05:44:00,12.480078,37.86999,1,3680cnr
2025-07-09 05:54:00,12.480078,37.86999,1,3680cnr
2025-07-09 06:04:00,12.480078,37.86999,1,3680cnr
2025-07-09 06:14:00,12.480078,37.86999,1,3680cnr
2025-07-09 06:24:00,12.480078,37.86999,1,3680cnr
2025-07-09 06:34:00,12.480399,37.86946,1,3680cnr
2025-07-09 06:44:00,12.480399,37.86946,1,3680cnr
2025-07-09 06:54:00,12.480399,37.86946,1,3680cnr
2025-07-09 07:04:00,12.480399,37.86946,1,3680cnr
2025-07-09 07:14:00,12.480399,37.86946,1,3680cnr
2025-07-09 07:24:00,12.480399,37.86946,1,3680cnr
2025-07-09 07:34:00,12.480399,37.86946,1,3680cnr
2025-07-09 07:44:00,12.480399,37.86946,1,3680cnr
2025-07-09 07:54:00,12.480399,37.86946,1,3680cnr
2025-07-09 08:04:00,12.480399,37.86946,1,3680cnr
2025-07-09 08:14:00,12.480399,37.86946,1,3680cnr
2025-07-09 08:24:00,12.480399,37.86946,1,3680cnr
2025-07-09 08:34:00,12.480399,37.86946,1,3680cnr
2025-07-09 08:44:00,12.480399,37.86946,1,3680cnr
2025-07-09 08:54:00,12.480399,37.86946,1,3680cnr
2025-07-09 09:04:00,12.480399,37.86946,1,3680cnr
2025-07-09 09:14:00,12.480399,37.86946,1,3680cnr
2025-07-09 09:24:00,12.480399,37.86946,1,3680cnr
2025-07-09 09:34:00,12.480399,37.86946,1,3680cnr
2025-07-09 09:44:00,12.480399,37.86946,1,3680cnr
2025-07-09 09:54:00,12.480399,37.86946,1,3680cnr
2025-07-09 10:04:00,12.480399,37.86946,1,3680cnr
2025-07-09 10:14:00,12.480399,37.86946,1,3680cnr
2025-07-09 10:24:00,12.480399,37.86946,1,3680cnr
2025-07-09 10:34:00,12.480399,37.86946,1,3680cnr
2025-07-09 10:44:00,12.480399,37.86946,1,3680cnr
2025-07-09 10:54:00,12.480399,37.86946,1,3680cnr
2025-07-09 11:04:00,12.480399,37.86946,1,3680cnr
2025-07-09 11:14:00,12.480399,37.86946,1,3680cnr
2025-07-09 11:24:00,12.480399,37.86946,1,3680cnr
2025-07-09 11:34:00,12.480399,37.86946,1,3680cnr
2025-07-09 11:44:00,12.480399,37.86946,1,3680cnr
2025-07-09 11:54:00,12.480399,37.86946,1,3680cnr
2025-07-09 12:04:00,12.480399,37.86946,1,3680cnr
2025-07-09 12:14:00,12.480399,37.86946,1,3680cnr
2025-07-09 12:24:00,12.480399,37.86946,1,3680cnr
2025-07-09 12:34:00,12.480399,37.86946,1,3680cnr
2025-07-09 12:44:00,12.480399,37.86946,1,3680cnr
2025-07-09 12:54:00,12.480399,37.86946,1,3680cnr
2025-07-09 13:04:00,12.480399,37.86946,1,3680cnr
2025-07-09 13:14:00,12.480399,37.86946,1,3680cnr
2025-07-09 13:24:00,12.480399,37.86946,1,3680cnr
2025-07-09 13:34:00,12.480399,37.86946,1,3680cnr
2025-07-09 13:44:00,12.480399,37.86946,1,3680cnr
2025-07-09 13:54:00,12.480399,37.86946,1,3680cnr
2025-07-09 14:04:00,12.480399,37.86946,1,3680cnr
2025-07-09 14:14:00,12.480399,37.86946,1,3680cnr
2025-07-09 14:24:00,12.480399,37.86946,1,3680cnr
2025-07-09 14:34:00,12.480399,37.86946,1,3680cnr
2025-07-09 14:44:00,12.480399,37.86946,1,3680cnr
2025-07-09 14:54:00,12.480399,37.86946,1,3680cnr
2025-07-09 15:04:00,12.480399,37.86946,1,3680cnr
2025-07-09 15:14:00,12.480399,37.86946,1,3680cnr
2025-07-09 15:24:00,12.480399,37.86946,1,3680cnr
2025-07-09 15:34:00,12.480399,37.86946,1,3680cnr
2025-07-09 15:44:00,12.480399,37.86946,1,3680cnr
2025-07-09 15:54:00,12.480399,37.86946,1,3680cnr
2025-07-09 16:04:00,12.480399,37.86946,1,3680cnr
2025-07-09 16:14:00,12.480399,37.86946,1,3680cnr
2025-07-09 16:24:00,12.480399,37.86946,1,3680cnr
2025-07-09 16:34:00,12.480399,37.86946,1,3680cnr
2025-07-09 16:44:00,12.480399,37.86946,1,3680cnr
2025-07-09 16:54:00,12.480399,37.86946,1,3680cnr
2025-07-09 17:04:00,12.480399,37.86946,1,3680cnr
2025-07-09 17:14:00,12.480399,37.86946,1,3680cnr
2025-07-09 17:24:00,12.480399,37.86946,1,3680cnr
2025-07-09 17:34:00,12.480399,37.86946,1,3680cnr
2025-07-09 17:44:00,12.480399,37.86946,1,3680cnr
2025-07-09 17:54:00,12.480399,37.86946,1,3680cnr
2025-07-09 18:04:00,12.480399,37.86946,1,3680cnr
2025-07-09 18:14:00,12.480399,37.86946,1,3680cnr
2025-07-09 18:24:00,12.480399,37.86946,1,3680cnr
2025-07-09 18:34:00,12.480399,37.86946,1,3680cnr
2025-07-09 18:44:00,12.480399,37.86946,1,3680cnr
2025-07-09 18:54:00,12.480399,37.86946,1,3680cnr
2025-07-09 19:04:00,12.480399,37.86946,1,3680cnr
2025-07-09 19:14:00,12.480399,37.86946,1,3680cnr
2025-07-09 19:24:00,12.480399,37.86946,1,3680cnr
2025-07-09 19:34:00,12.480399,37.86946,1,3680cnr
2025-07-09 19:44:00,12.480399,37.86946,1,3680cnr
2025-07-09 19:54:00,12.480399,37.86946,1,3680cnr
2025-07-09 20:04:00,12.480399,37.86946,1,3680cnr
2025-07-09 20:14:00,12.480399,37.86946,1,3680cnr
2025-07-09 20:24:00,12.480399,37.86946,1,3680cnr
2025-07-09 20:34:00,12.480399,37.86946,1,3680cnr
2025-07-09 20:44:00,12.480399,37.86946,1,3680cnr
2025-07-09 20:54:00,12.480399,37.86946,1,3680cnr
2025-07-09 21:04:00,12.480399,37.86946,1,3680cnr
2025-07-09 21:14:00,12.480399,37.86946,1,3680cnr
2025-07-09 21:24:00,12.480399,37.86946,1,3680cnr
2025-07-09 21:34:00,12.480399,37.86946,1,3680cnr
2025-07-09 21:44:00,12.480399,37.86946,1,3680cnr
2025-07-09 21:54:00,12.480399,37.86946,1,3680cnr
2025-07-09 22:04:00,12.480399,37.86946,1,3680cnr
2025-07-09 22:14:00,12.480399,37.86946,1,3680cnr
2025-07-09 22:24:00,12.480399,37.86946,1,3680cnr
2025-07-09 22:34:00,12.480399,37.86946,1,3680cnr
2025-07-09 22:44:00,12.480399,37.86946,1,3680cnr
2025-07-09 22:54:00,12.480399,37.86946,1,3680cnr
2025-07-09 23:04:00,12.480399,37.86946,1,3680cnr
2025-07-09 23:14:00,12.480399,37.86946,1,3680cnr
2025-07-09 23:24:00,12.480399,37.86946,1,3680cnr
2025-07-09 23:34:00,12.480399,37.86946,1,3680cnr
2025-07-09 23:44:00,12.480399,37.86946,1,3680cnr
2025-07-09 23:54:00,12.480399,37.86946,1,3680cnr
2025-07-10 00:04:00,12.480399,37.86946,1,3680cnr
2025-07-08 07:44:00,12.45682,37.86798,2,1520
2025-07-08 07:54:00,12.457268,37.868042,2,1520
2025-07-08 08:04:00,12.457737,37.868114,2,1520
2025-07-08 08:14:00,12.458221,37.868183,2,1520
2025-07-08 08:24:00,12.458717,37.868233,2,1520
2025-07-08 08:34:00,12.459223,37.86826,2,1520
2025-07-08 08:44:00,12.459739,37.868263,2,1520
2025-07-08 08:54:00,12.460264,37.86824,2,1520
2025-07-08 09:04:00,12.460811,37.86819,2,1520
2025-07-08 09:14:00,12.4614,37.86812,2,1520
2025-07-08 09:24:00,12.462033,37.868053,2,1520
2025-07-08 09:34:00,12.462033,37.868053,2,1520
2025-07-08 09:44:00,12.462033,37.868053,2,1520
2025-07-08 09:54:00,12.462033,37.868053,2,1520
2025-07-08 10:04:00,12.462033,37.868053,2,1520
2025-07-08 10:14:00,12.462033,37.868053,2,1520
2025-07-08 10:24:00,12.462033,37.868053,2,1520
2025-07-08 10:34:00,12.462033,37.868053,2,1520
2025-07-08 10:44:00,12.462033,37.868053,2,1520
2025-07-08 10:54:00,12.462033,37.868053,2,1520
2025-07-08 11:04:00,12.462033,37.868053,2,1520
2025-07-08 11:14:00,12.462033,37.868053,2,1520
2025-07-08 11:24:00,12.462033,37.868053,2,1520
2025-07-08 11:34:00,12.462033,37.868053,2,1520
2025-07-08 11:44:00,12.462033,37.868053,2,1520
2025-07-08 11:54:00,12.462033,37.868053,2,1520
2025-07-08 12:04:00,12.462033,37.868053,2,1520
2025-07-08 12:14:00,12.462033,37.868053,2,1520
2025-07-08 12:24:00,12.462033,37.868053,2,1520
2025-07-08 12:34:00,12.462033,37.868053,2,1520
2025-07-08 12:44:00,12.462033,37.868053,2,1520
2025-07-08 12:54:00,12.462033,37.868053,2,1520
2025-07-08 13:04:00,12.462033,37.868053,2,1520
2025-07-08 13:14:00,12.462033,37.868053,2,1520
2025-07-08 13:24:00,12.462033,37.868053,2,1520
2025-07-08 13:34:00,12.462033,37.868053,2,1520
2025-07-08 13:44:00,12.462033,37.868053,2,1520
2025-07-08 13:54:00,12.462033,37.868053,2,1520
2025-07-08 14:04:00,12.462033,37.868053,2,1520
2025-07-08 14:14:00,12.462033,37.868053,2,1520
2025-07-08 14:24:00,12.462033,37.868053,2,1520
2025-07-08 14:34:00,12.462033,37.868053,2,1520
2025-07-08 14:44:00,12.462033,37.868053,2,1520
2025-07-08 14:54:00,12.462033,37.868053,2,1520
2025-07-08 15:04:00,12.462033,37.868053,2,1520
2025-07-08 15:14:00,12.462033,37.868053,2,1520
2025-07-08 15:24:00,12.462033,37.868053,2,1520
2025-07-08 15:34:00,12.462033,37.868053,2,1520
2025-07-08 15:44:00,12.462033,37.868053,2,1520
2025-07-08 15:54:00,12.462033,37.868053,2,1520
2025-07-08 16:04:00,12.462033,37.868053,2,1520
2025-07-08 16:14:00,12.462033,37.868053,2,1520
2025-07-08 16:24:00,12.462033,37.868053,2,1520
2025-07-08 16:34:00,12.462033,37.868053,2,1520
2025-07-08 16:44:00,12.462033,37.868053,2,1520
2025-07-08 16:54:00,12.462033,37.868053,2,1520
2025-07-08 17:04:00,12.462033,37.868053,2,1520
2025-07-08 17:14:00,12.462033,37.868053,2,1520
2025-07-08 17:24:00,12.462033,37.868053,2,1520
2025-07-08 17:34:00,12.462033,37.868053,2,1520
2025-07-08 17:44:00,12.462033,37.868053,2,1520
2025-07-08 17:54:00,12.462033,37.868053,2,1520
2025-07-08 18:04:00,12.462033,37.868053,2,1520
2025-07-08 18:14:00,12.462033,37.868053,2,1520
2025-07-08 18:24:00,12.462033,37.868053,2,1520
2025-07-08 18:34:00,12.462033,37.868053,2,1520
2025-07-08 18:44:00,12.462033,37.868053,2,1520
2025-07-08 18:54:00,12.462033,37.868053,2,1520
2025-07-08 19:04:00,12.462033,37.868053,2,1520
2025-07-08 19:14:00,12.462033,37.868053,2,1520
2025-07-08 19:24:00,12.462033,37.868053,2,1520
2025-07-08 19:34:00,12.462033,37.868053,2,1520
2025-07-08 19:44:00,12.462033,37.868053,2,1520
2025-07-08 19:54:00,12.462033,37.868053,2,1520
2025-07-08 20:04:00,12.462033,37.868053,2,1520
2025-07-08 20:14:00,12.462033,37.868053,2,1520
2025-07-08 20:24:00,12.462033,37.868053,2,1520
2025-07-08 20:34:00,12.462033,37.868053,2,1520
2025-07-08 20:44:00,12.462033,37.868053,2,1520
2025-07-08 20:54:00,12.462033,37.868053,2,1520
2025-07-08 21:04:00,12.462033,37.868053,2,1520
2025-07-08 21:14:00,12.462033,37.868053,2,1520
2025-07-08 21:24:00,12.462033,37.868053,2,1520
2025-07-08 21:34:00,12.462033,37.868053,2,1520
2025-07-08 21:44:00,12.462033,37.868053,2,1520
2025-07-08 21:54:00,12.462033,37.868053,2,1520
2025-07-08 22:04:00,12.462033,37.868053,2,1520
2025-07-08 22:14:00,12.462033,37.868053,2,1520
2025-07-08 22:24:00,12.462033,37.868053,2,1520
2025-07-08 22:34:00,12.462033,37.868053,2,1520
2025-07-08 22:44:00,12.462033,37.868053,2,1520
2025-07-08 22:54:00,12.462033,37.868053,2,1520
2025-07-08 23:04:00,12.462033,37.868053,2,1520
2025-07-08 23:14:00,12.462033,37.868053,2,1520
2025-07-08 23:24:00,12.462033,37.868053,2,1520
2025-07-08 23:34:00,12.462033,37.868053,2,1520
2025-07-08 23:44:00,12.462033,37.868053,2,1520
2025-07-08 23:54:00,12.462033,37.868053,2,1520
2025-07-09 00:04:00,12.462033,37.868053,2,1520
2025-07-09 00:14:00,12.462033,37.868053,2,1520
2025-07-09 00:24:00,12.462033,37.868053,2,1520
2025-07-09 00:34:00,12.462033,37.868053,2,1520
2025-07-09 00:44:00,12.462033,37.868053,2,1520
2025-07-09 00:54:00,12.462033,37.868053,2,1520
2025-07-09 01:04:00,12.462033,37.868053,2,1520
2025-07-09 01:14:00,12.462033,37.868053,2,1520
2025-07-09 01:24:00,12.462033,37.868053,2,1520
2025-07-09 01:34:00,12.462033,37.868053,2,1520
2025-07-09 01:44:00,12.462033,37.868053,2,1520
2025-07-09 01:54:00,12.462033,37.868053,2,1520
2025-07-09 02:04:00,12.462033,37.868053,2,1520
2025-07-09 02:14:00,12.462033,37.868053,2,1520
2025-07-09 02:24:00,12.462033,37.868053,2,1520
2025-07-09 02:34:00,12.462033,37.868053,2,1520
2025-07-09 02:44:00,12.462033,37.868053,2,1520
2025-07-09 02:54:00,12.462033,37.868053,2,1520
2025-07-09 03:04:00,12.462033,37.868053,2,1520
2025-07-09 03:14:00,12.462033,37.868053,2,1520
2025-07-09 03:24:00,12.462033,37.868053,2,1520
2025-07-09 03:34:00,12.462033,37.868053,2,1520
2025-07-09 03:44:00,12.462033,37.868053,2,1520
2025-07-09 03:54:00,12.462033,37.868053,2,1520
2025-07-09 04:04:00,12.462033,37.868053,2,1520
2025-07-09 04:14:00,12.462033,37.868053,2,1520
2025-07-09 04:24:00,12.462033,37.868053,2,1520
2025-07-09 04:34:00,12.462033,37.868053,2,1520
2025-07-09 04:44:00,12.462033,37.868053,2,1520
2025-07-09 04:54:00,12.462033,37.868053,2,1520
2025-07-09 05:04:00,12.462033,37.868053,2,1520
2025-07-09 05:14:00,12.462033,37.868053,2,1520
2025-07-09 05:24:00,12.462033,37.868053,2,1520
2025-07-09 05:34:00,12.462033,37.868053,2,1520
2025-07-09 05:44:00,12.462033,37.868053,2,1520
2025-07-09 05:54:00,12.462033,37.868053,2,1520
2025-07-09 06:04:00,12.462033,37.868053,2,1520
2025-07-09 06:14:00,12.462033,37.868053,2,1520
2025-07-09 06:24:00,12.462033,37.868053,2,1520
2025-07-09 06:34:00,12.462033,37.868053,2,1520
2025-07-09 06:44:00,12.462033,37.868053,2,1520
2025-07-09 06:54:00,12.462033,37.868053,2,1520
2025-07-09 07:04:00,12.462033,37.868053,2,1520
2025-07-09 07:14:00,12.462033,37.868053,2,1520
2025-07-09 07:24:00,12.462033,37.868053,2,1520
2025-07-09 07:34:00,12.462033,37.868053,2,1520
2025-07-09 07:44:00,12.462033,37.868053,2,1520
2025-07-09 07:54:00,12.462033,37.868053,2,1520
2025-07-09 08:04:00,12.462033,37.868053,2,1520
2025-07-09 08:14:00,12.462033,37.868053,2,1520
2025-07-09 08:24:00,12.462033,37.868053,2,1520
2025-07-09 08:34:00,12.462033,37.868053,2,1520
2025-07-09 08:44:00,12.462033,37.868053,2,1520
2025-07-09 08:54:00,12.462033,37.868053,2,1520
2025-07-09 09:04:00,12.462033,37.868053,2,1520
2025-07-09 09:14:00,12.462033,37.868053,2,1520
2025-07-09 09:24:00,12.462033,37.868053,2,1520
2025-07-09 09:34:00,12.462033,37.868053,2,1520
2025-07-09 09:44:00,12.4622,37.86733,2,1520
2025-07-09 09:54:00,12.462587,37.86592,2,1520
2025-07-09 10:04:00,12.462803,37.865223,2,1520
2025-07-09 10:14:00,12.462803,37.865223,2,1520
2025-07-09 10:24:00,12.462803,37.865223,2,1520
2025-07-09 10:34:00,12.462803,37.865223,2,1520
2025-07-09 10:44:00,12.462803,37.865223,2,1520
2025-07-09 10:54:00,12.462803,37.865223,2,1520
2025-07-09 11:04:00,12.462803,37.865223,2,1520
2025-07-09 11:14:00,12.462803,37.865223,2,1520
2025-07-09 11:24:00,12.462803,37.865223,2,1520
2025-07-09 11:34:00,12.462803,37.865223,2,1520
2025-07-09 11:44:00,12.462803,37.865223,2,1520
2025-07-09 11:54:00,12.462803,37.865223,2,1520
2025-07-09 12:04:00,12.462803,37.865223,2,1520
2025-07-09 12:14:00,12.462803,37.865223,2,1520
2025-07-09 12:24:00,12.462803,37.865223,2,1520
2025-07-09 12:34:00,12.462803,37.865223,2,1520
2025-07-09 12:44:00,12.462803,37.865223,2,1520
2025-07-09 12:54:00,12.462803,37.865223,2,1520
2025-07-09 13:04:00,12.462803,37.865223,2,1520
2025-07-09 13:14:00,12.462803,37.865223,2,1520
2025-07-09 13:24:00,12.462803,37.865223,2,1520
2025-07-09 13:34:00,12.462899,37.864635,2,1520
2025-07-09 13:44:00,12.462899,37.864635,2,1520
2025-07-09 13:54:00,12.462989,37.86351,2,1520
2025-07-09 14:04:00,12.46302,37.862453,2,1520
2025-07-09 14:14:00,12.463008,37.861378,2,1520
2025-07-09 14:24:00,12.462983,37.860207,2,1520
2025-07-09 14:34:00,12.462957,37.858967,2,1520
2025-07-09 14:44:00,12.462951,37.857647,2,1520
2025-07-09 14:54:00,12.462933,37.856266,2,1520
2025-07-09 15:04:00,12.462888,37.854862,2,1520
2025-07-09 15:14:00,12.462844,37.853607,2,1520
2025-07-09 15:24:00,12.462784,37.852543,2,1520
2025-07-09 15:34:00,12.462761,37.851616,2,1520
2025-07-09 15:44:00,12.462783,37.85076,2,1520
2025-07-09 15:54:00,12.462863,37.849983,2,1520
2025-07-09 16:04:00,12.462984,37.849297,2,1520
2025-07-09 16:14:00,12.462984,37.849297,2,1520
2025-07-09 16:24:00,12.462984,37.849297,2,1520
2025-07-09 16:34:00,12.462984,37.849297,2,1520
2025-07-09 16:44:00,12.462984,37.849297,2,1520
2025-07-09 16:54:00,12.462984,37.849297,2,1520
2025-07-09 17:04:00,12.462984,37.849297,2,1520
2025-07-09 17:14:00,12.462984,37.849297,2,1520
2025-07-09 17:24:00,12.462984,37.849297,2,1520
2025-07-09 17:34:00,12.462984,37.849297,2,1520
2025-07-09 17:44:00,12.462984,37.849297,2,1520
2025-07-09 17:54:00,12.462984,37.849297,2,1520
2025-07-09 18:04:00,12.462984,37.849297,2,1520
2025-07-09 18:14:00,12.462984,37.849297,2,1520
2025-07-09 18:24:00,12.462984,37.849297,2,1520
2025-07-09 18:34:00,12.462984,37.849297,2,1520
2025-07-09 18:44:00,12.462984,37.849297,2,1520
2025-07-09 18:54:00,12.462984,37.849297,2,1520
2025-07-09 19:04:00,12.462984,37.849297,2,1520
2025-07-09 19:14:00,12.462984,37.849297,2,1520
2025-07-09 19:24:00,12.462984,37.849297,2,1520
2025-07-09 19:34:00,12.462984,37.849297,2,1520
2025-07-09 19:44:00,12.462984,37.849297,2,1520
2025-07-09 19:54:00,12.462984,37.849297,2,1520
2025-07-09 20:04:00,12.462984,37.849297,2,1520
2025-07-09 20:14:00,12.462984,37.849297,2,1520
2025-07-09 20:24:00,12.462984,37.849297,2,1520
2025-07-09 20:34:00,12.462984,37.849297,2,1520
2025-07-09 20:44:00,12.462984,37.849297,2,1520
2025-07-09 20:54:00,12.462984,37.849297,2,1520
2025-07-09 21:04:00,12.462984,37.849297,2,1520
2025-07-09 21:14:00,12.462984,37.849297,2,1520
2025-07-09 21:24:00,12.462984,37.849297,2,1520
2025-07-09 21:34:00,12.462984,37.849297,2,1520
2025-07-09 21:44:00,12.462984,37.849297,2,1520
2025-07-09 21:54:00,12.462984,37.849297,2,1520
2025-07-09 22:04:00,12.462984,37.849297,2,1520
2025-07-09 22:14:00,12.462984,37.849297,2,1520
2025-07-09 22:24:00,12.462984,37.849297,2,1520
2025-07-09 22:34:00,12.462984,37.849297,2,1520
2025-07-09 22:44:00,12.462984,37.849297,2,1520
2025-07-09 22:54:00,12.462984,37.849297,2,1520
2025-07-09 23:04:00,12.462984,37.849297,2,1520
2025-07-09 23:14:00,12.462984,37.849297,2,1520
2025-07-09 23:24:00,12.462984,37.849297,2,1520
2025-07-09 23:34:00,12.462984,37.849297,2,1520
2025-07-09 23:44:00,12.462984,37.849297,2,1520
2025-07-09 23:54:00,12.462984,37.849297,2,1520
2025-07-10 00:04:00,12.462984,37.849297,2,1520
2025-07-08 07:54:00,12.457194,37.86814,2,540
2025-07-08 08:04:00,12.457659,37.86821,2,540
2025-07-08 08:14:00,12.4581375,37.868275,2,540
2025-07-08 08:24:00,12.458628,37.868317,2,540
2025-07-08 08:34:00,12.459128,37.868343,2,540
2025-07-08 08:44:00,12.459639,37.868343,2,540
2025-07-08 08:54:00,12.460157,37.86832,2,540
2025-07-08 09:04:00,12.460693,37.868267,2,540
2025-07-08 09:14:00,12.461271,37.868195,2,540
2025-07-08 09:24:00,12.461895,37.86812,2,540
2025-07-08 09:34:00,12.461895,37.86812,2,540
2025-07-08 09:44:00,12.461895,37.86812,2,540
2025-07-08 09:54:00,12.461895,37.86812,2,540
2025-07-08 10:04:00,12.461895,37.86812,2,540
2025-07-08 10:14:00,12.461895,37.86812,2,540
2025-07-08 10:24:00,12.461895,37.86812,2,540
2025-07-08 10:34:00,12.461895,37.86812,2,540
2025-07-08 10:44:00,12.461895,37.86812,2,540
2025-07-08 10:54:00,12.461895,37.86812,2,540
2025-07-08 11:04:00,12.461895,37.86812,2,540
2025-07-08 11:14:00,12.461895,37.86812,2,540
2025-07-08 11:24:00,12.461895,37.86812,2,540
2025-07-08 11:34:00,12.461895,37.86812,2,540
2025-07-08 11:44:00,12.461895,37.86812,2,540
2025-07-08 11:54:00,12.461895,37.86812,2,540
2025-07-08 12:04:00,12.461895,37.86812,2,540
2025-07-08 12:14:00,12.461895,37.86812,2,540
2025-07-08 12:24:00,12.461895,37.86812,2,540
2025-07-08 12:34:00,12.461895,37.86812,2,540
2025-07-08 12:44:00,12.461895,37.86812,2,540
2025-07-08 12:54:00,12.461895,37.86812,2,540
2025-07-08 13:04:00,12.461895,37.86812,2,540
2025-07-08 13:14:00,12.461895,37.86812,2,540
2025-07-08 13:24:00,12.461895,37.86812,2,540
2025-07-08 13:34:00,12.461895,37.86812,2,540
2025-07-08 13:44:00,12.461895,37.86812,2,540
2025-07-08 13:54:00,12.461895,37.86812,2,540
2025-07-08 14:04:00,12.461895,37.86812,2,540
2025-07-08 14:14:00,12.461895,37.86812,2,540
2025-07-08 14:24:00,12.461895,37.86812,2,540
2025-07-08 14:34:00,12.461895,37.86812,2,540
2025-07-08 14:44:00,12.461895,37.86812,2,540
2025-07-08 14:54:00,12.461895,37.86812,2,540
2025-07-08 15:04:00,12.461895,37.86812,2,540
2025-07-08 15:14:00,12.461895,37.86812,2,540
2025-07-08 15:24:00,12.461895,37.86812,2,540
2025-07-08 15:34:00,12.461895,37.86812,2,540
2025-07-08 15:44:00,12.461895,37.86812,2,540
2025-07-08 15:54:00,12.461895,37.86812,2,540
2025-07-08 16:04:00,12.461895,37.86812,2,540
2025-07-08 16:14:00,12.461895,37.86812,2,540
2025-07-08 16:24:00,12.461895,37.86812,2,540
2025-07-08 16:34:00,12.461895,37.86812,2,540
2025-07-08 16:44:00,12.461895,37.86812,2,540
2025-07-08 16:54:00,12.461895,37.86812,2,540
2025-07-08 17:04:00,12.461895,37.86812,2,540
2025-07-08 17:14:00,12.461895,37.86812,2,540
2025-07-08 17:24:00,12.461895,37.86812,2,540
2025-07-08 17:34:00,12.461895,37.86812,2,540
2025-07-08 17:44:00,12.461895,37.86812,2,540
2025-07-08 17:54:00,12.461895,37.86812,2,540
2025-07-08 18:04:00,12.461895,37.86812,2,540
2025-07-08 18:14:00,12.461895,37.86812,2,540
2025-07-08 18:24:00,12.461895,37.86812,2,540
2025-07-08 18:34:00,12.461895,37.86812,2,540
2025-07-08 18:44:00,12.461895,37.86812,2,540
2025-07-08 18:54:00,12.461895,37.86812,2,540
2025-07-08 19:04:00,12.461895,37.86812,2,540
2025-07-08 19:14:00,12.461895,37.86812,2,540
2025-07-08 19:24:00,12.461895,37.86812,2,540
2025-07-08 19:34:00,12.461895,37.86812,2,540
2025-07-08 19:44:00,12.461895,37.86812,2,540
2025-07-08 19:54:00,12.461895,37.86812,2,540
2025-07-08 20:04:00,12.461895,37.86812,2,540
2025-07-08 20:14:00,12.461895,37.86812,2,540
2025-07-08 20:24:00,12.461895,37.86812,2,540
2025-07-08 20:34:00,12.461895,37.86812,2,540
2025-07-08 20:44:00,12.461895,37.86812,2,540
2025-07-08 20:54:00,12.461895,37.86812,2,540
2025-07-08 21:04:00,12.461895,37.86812,2,540
2025-07-08 21:14:00,12.461895,37.86812,2,540
2025-07-08 21:24:00,12.461895,37.86812,2,540
2025-07-08 21:34:00,12.461895,37.86812,2,540
2025-07-08 21:44:00,12.461895,37.86812,2,540
2025-07-08 21:54:00,12.461895,37.86812,2,540
2025-07-08 22:04:00,12.461895,37.86812,2,540
2025-07-08 22:14:00,12.461895,37.86812,2,540
2025-07-08 22:24:00,12.461895,37.86812,2,540
2025-07-08 22:34:00,12.461895,37.86812,2,540
2025-07-08 22:44:00,12.461895,37.86812,2,540
2025-07-08 22:54:00,12.461895,37.86812,2,540
2025-07-08 23:04:00,12.461895,37.86812,2,540
2025-07-08 23:14:00,12.461895,37.86812,2,540
2025-07-08 23:24:00,12.461895,37.86812,2,540
2025-07-08 23:34:00,12.461895,37.86812,2,540
2025-07-08 23:44:00,12.461895,37.86812,2,540
2025-07-08 23:54:00,12.461895,37.86812,2,540
2025-07-09 00:04:00,12.461895,37.86812,2,540
2025-07-09 00:14:00,12.461895,37.86812,2,540
2025-07-09 00:24:00,12.461895,37.86812,2,540
2025-07-09 00:34:00,12.461895,37.86812,2,540
2025-07-09 00:44:00,12.461895,37.86812,2,540
2025-07-09 00:54:00,12.461895,37.86812,2,540
2025-07-09 01:04:00,12.461895,37.86812,2,540
2025-07-09 01:14:00,12.461895,37.86812,2,540
2025-07-09 01:24:00,12.461895,37.86812,2,540
2025-07-09 01:34:00,12.461895,37.86812,2,540
2025-07-09 01:44:00,12.461895,37.86812,2,540
2025-07-09 01:54:00,12.461895,37.86812,2,540
2025-07-09 02:04:00,12.461895,37.86812,2,540
2025-07-09 02:14:00,12.461895,37.86812,2,540
2025-07-09 02:24:00,12.461895,37.86812,2,540
2025-07-09 02:34:00,12.461895,37.86812,2,540
2025-07-09 02:44:00,12.461895,37.86812,2,540
2025-07-09 02:54:00,12.461895,37.86812,2,540
2025-07-09 03:04:00,12.461895,37.86812,2,540
2025-07-09 03:14:00,12.461895,37.86812,2,540
2025-07-09 03:24:00,12.461895,37.86812,2,540
2025-07-09 03:34:00,12.461895,37.86812,2,540
2025-07-09 03:44:00,12.461895,37.86812,2,540
2025-07-09 03:54:00,12.461895,37.86812,2,540
2025-07-09 04:04:00,12.461895,37.86812,2,540
2025-07-09 04:14:00,12.461895,37.86812,2,540
2025-07-09 04:24:00,12.461895,37.86812,2,540
2025-07-09 04:34:00,12.461895,37.86812,2,540
2025-07-09 04:44:00,12.461895,37.86812,2,540
2025-07-09 04:54:00,12.461895,37.86812,2,540
2025-07-09 05:04:00,12.461895,37.86812,2,540
2025-07-09 05:14:00,12.461895,37.86812,2,540
2025-07-09 05:24:00,12.461895,37.86812,2,540
2025-07-09 05:34:00,12.461895,37.86812,2,540
2025-07-09 05:44:00,12.461895,37.86812,2,540
2025-07-09 05:54:00,12.461895,37.86812,2,540
2025-07-09 06:04:00,12.461895,37.86812,2,540
2025-07-09 06:14:00,12.461895,37.86812,2,540
2025-07-09 06:24:00,12.461895,37.86812,2,540
2025-07-09 06:34:00,12.461895,37.86812,2,540
2025-07-09 06:44:00,12.461895,37.86812,2,540
2025-07-09 06:54:00,12.461895,37.86812,2,540
2025-07-09 07:04:00,12.462108,37.867397,2,540
2025-07-09 07:14:00,12.462574,37.866016,2,540
2025-07-09 07:24:00,12.46283,37.86536,2,540
2025-07-09 07:34:00,12.46283,37.86536,2,540
2025-07-09 07:44:00,12.46283,37.86536,2,540
2025-07-09 07:54:00,12.46283,37.86536,2,540
2025-07-09 08:04:00,12.46283,37.86536,2,540
2025-07-09 08:14:00,12.46283,37.86536,2,540
2025-07-09 08:24:00,12.46283,37.86536,2,540
2025-07-09 08:34:00,12.46283,37.86536,2,540
2025-07-09 08:44:00,12.46283,37.86536,2,540
2025-07-09 08:54:00,12.46283,37.86536,2,540
2025-07-09 09:04:00,12.46283,37.86536,2,540
2025-07-09 09:14:00,12.46283,37.86536,2,540
2025-07-09 09:24:00,12.46283,37.86536,2,540
2025-07-09 09:34:00,12.46283,37.86536,2,540
2025-07-09 09:44:00,12.46283,37.86536,2,540
2025-07-09 09:54:00,12.46283,37.86536,2,540
2025-07-09 10:04:00,12.46283,37.86536,2,540
2025-07-09 10:14:00,12.46283,37.86536,2,540
2025-07-09 10:24:00,12.46283,37.86536,2,540
2025-07-09 10:34:00,12.46283,37.86536,2,540
2025-07-09 10:44:00,12.46283,37.86536,2,540
2025-07-09 10:54:00,12.46283,37.86536,2,540
2025-07-09 11:04:00,12.46283,37.86536,2,540
2025-07-09 11:14:00,12.46283,37.86536,2,540
2025-07-09 11:24:00,12.46283,37.86536,2,540
2025-07-09 11:34:00,12.46283,37.86536,2,540
2025-07-09 11:44:00,12.46283,37.86536,2,540
2025-07-09 11:54:00,12.46283,37.86536,2,540
2025-07-09 12:04:00,12.46283,37.86536,2,540
2025-07-09 12:14:00,12.46283,37.86536,2,540
2025-07-09 12:24:00,12.46283,37.86536,2,540
2025-07-09 12:34:00,12.46283,37.86536,2,540
2025-07-09 12:44:00,12.46283,37.86536,2,540
2025-07-09 12:54:00,12.46283,37.86536,2,540
2025-07-09 13:04:00,12.46283,37.86536,2,540
2025-07-09 13:14:00,12.46283,37.86536,2,540
2025-07-09 13:24:00,12.46283,37.86536,2,540
2025-07-09 13:34:00,12.46283,37.86536,2,540
2025-07-09 13:44:00,12.462905,37.86476,2,540
2025-07-09 13:54:00,12.462905,37.86476,2,540
2025-07-09 14:04:00,12.462905,37.86476,2,540
2025-07-09 14:14:00,12.462905,37.863594,2,540
2025-07-09 14:24:00,12.462851,37.86246,2,540
2025-07-09 14:34:00,12.462756,37.861305,2,540
2025-07-09 14:44:00,12.462677,37.860073,2,540
2025-07-09 14:54:00,12.4626255,37.858784,2,540
2025-07-09 15:04:00,12.462592,37.857418,2,540
2025-07-09 15:14:00,12.462566,37.856083,2,540
2025-07-09 15:24:00,12.462545,37.85486,2,540
2025-07-09 15:34:00,12.462524,37.853794,2,540
2025-07-09 15:44:00,12.462471,37.85285,2,540
2025-07-09 15:54:00,12.462427,37.851994,2,540
2025-07-09 16:04:00,12.462427,37.851196,2,540
2025-07-09 16:14:00,12.462487,37.85044,2,540
2025-07-09 16:24:00,12.462598,37.849743,2,540
2025-07-09 16:34:00,12.462724,37.849117,2,540
2025-07-09 16:44:00,12.462724,37.849117,2,540
2025-07-09 16:54:00,12.462724,37.849117,2,540
2025-07-09 17:04:00,12.462724,37.849117,2,540
2025-07-09 17:14:00,12.462724,37.849117,2,540
2025-07-09 17:24:00,12.462724,37.849117,2,540
2025-07-09 17:34:00,12.462724,37.849117,2,540
2025-07-09 17:44:00,12.462724,37.849117,2,540
2025-07-09 17:54:00,12.462724,37.849117,2,540
2025-07-09 18:04:00,12.462724,37.849117,2,540
2025-07-09 18:14:00,12.462724,37.849117,2,540
2025-07-09 18:24:00,12.462724,37.849117,2,540
2025-07-09 18:34:00,12.462724,37.849117,2,540
2025-07-09 18:44:00,12.462724,37.849117,2,540
2025-07-09 18:54:00,12.462724,37.849117,2,540
2025-07-09 19:04:00,12.462724,37.849117,2,540
2025-07-09 19:14:00,12.462724,37.849117,2,540
2025-07-09 19:24:00,12.462724,37.849117,2,540
2025-07-09 19:34:00,12.462724,37.849117,2,540
2025-07-09 19:44:00,12.462724,37.849117,2,540
2025-07-09 19:54:00,12.462724,37.849117,2,540
2025-07-09 20:04:00,12.462724,37.849117,2,540
2025-07-09 20:14:00,12.462724,37.849117,2,540
2025-07-09 20:24:00,12.462724,37.849117,2,540
2025-07-09 20:34:00,12.462724,37.849117,2,540
2025-07-09 20:44:00,12.462724,37.849117,2,540
2025-07-09 20:54:00,12.462724,37.849117,2,540
2025-07-09 21:04:00,12.462724,37.849117,2,540
2025-07-09 21:14:00,12.462724,37.849117,2,540
2025-07-09 21:24:00,12.462724,37.849117,2,540
2025-07-09 21:34:00,12.462724,37.849117,2,540
2025-07-09 21:44:00,12.462724,37.849117,2,540
2025-07-09 21:54:00,12.462724,37.849117,2,540
2025-07-09 22:04:00,12.462724,37.849117,2,540
2025-07-09 22:14:00,12.462724,37.849117,2,540
2025-07-09 22:24:00,12.462724,37.849117,2,540
2025-07-09 22:34:00,12.462724,37.849117,2,540
2025-07-09 22:44:00,12.462724,37.849117,2,540
2025-07-09 22:54:00,12.462724,37.849117,2,540
2025-07-09 23:04:00,12.462724,37.849117,2,540
2025-07-09 23:14:00,12.462724,37.849117,2,540
2025-07-09 23:24:00,12.462724,37.849117,2,540
2025-07-09 23:34:00,12.462724,37.849117,2,540
2025-07-09 23:44:00,12.462724,37.849117,2,540
2025-07-09 23:54:00,12.462724,37.849117,2,540
2025-07-10 00:04:00,12.462724,37.849117,2,540
2025-07-08 07:44:00,12.45682,37.86801,2,7510
2025-07-08 07:54:00,12.457266,37.86807,2,7510
2025-07-08 08:04:00,12.457735,37.868145,2,7510
2025-07-08 08:14:00,12.458218,37.86821,2,7510
2025-07-08 08:24:00,12.458711,37.868256,2,7510
2025-07-08 08:34:00,12.459215,37.868282,2,7510
2025-07-08 08:44:00,12.459729,37.868286,2,7510
2025-07-08 08:54:00,12.460253,37.868263,2,7510
2025-07-08 09:04:00,12.460796,37.868214,2,7510
2025-07-08 09:14:00,12.461382,37.86814,2,7510
2025-07-08 09:24:00,12.462013,37.868073,2,7510
2025-07-08 09:34:00,12.462013,37.868073,2,7510
2025-07-08 09:44:00,12.462013,37.868073,2,7510
2025-07-08 09:54:00,12.462013,37.868073,2,7510
2025-07-08 10:04:00,12.462013,37.868073,2,7510
2025-07-08 10:14:00,12.462013,37.868073,2,7510
2025-07-08 10:24:00,12.462013,37.868073,2,7510
2025-07-08 10:34:00,12.462013,37.868073,2,7510
2025-07-08 10:44:00,12.462013,37.868073,2,7510
2025-07-08 10:54:00,12.462013,37.868073,2,7510
2025-07-08 11:04:00,12.462013,37.868073,2,7510
2025-07-08 11:14:00,12.462013,37.868073,2,7510
2025-07-08 11:24:00,12.462013,37.868073,2,7510
2025-07-08 11:34:00,12.462013,37.868073,2,7510
2025-07-08 11:44:00,12.462013,37.868073,2,7510
2025-07-08 11:54:00,12.462013,37.868073,2,7510
2025-07-08 12:04:00,12.462013,37.868073,2,7510
2025-07-08 12:14:00,12.462013,37.868073,2,7510
2025-07-08 12:24:00,12.462013,37.868073,2,7510
2025-07-08 12:34:00,12.462013,37.868073,2,7510
2025-07-08 12:44:00,12.462013,37.868073,2,7510
2025-07-08 12:54:00,12.462013,37.868073,2,7510
2025-07-08 13:04:00,12.462013,37.868073,2,7510
2025-07-08 13:14:00,12.462013,37.868073,2,7510
2025-07-08 13:24:00,12.462013,37.868073,2,7510
2025-07-08 13:34:00,12.462013,37.868073,2,7510
2025-07-08 13:44:00,12.462013,37.868073,2,7510
2025-07-08 13:54:00,12.462013,37.868073,2,7510
2025-07-08 14:04:00,12.462013,37.868073,2,7510
2025-07-08 14:14:00,12.462013,37.868073,2,7510
2025-07-08 14:24:00,12.462013,37.868073,2,7510
2025-07-08 14:34:00,12.462013,37.868073,2,7510
2025-07-08 14:44:00,12.462013,37.868073,2,7510
2025-07-08 14:54:00,12.462013,37.868073,2,7510
2025-07-08 15:04:00,12.462013,37.868073,2,7510
2025-07-08 15:14:00,12.462013,37.868073,2,7510
2025-07-08 15:24:00,12.462013,37.868073,2,7510
2025-07-08 15:34:00,12.462013,37.868073,2,7510
2025-07-08 15:44:00,12.462013,37.868073,2,7510
2025-07-08 15:54:00,12.462013,37.868073,2,7510
2025-07-08 16:04:00,12.462013,37.868073,2,7510
2025-07-08 16:14:00,12.462013,37.868073,2,7510
2025-07-08 16:24:00,12.462013,37.868073,2,7510
2025-07-08 16:34:00,12.462013,37.868073,2,7510
2025-07-08 16:44:00,12.462013,37.868073,2,7510
2025-07-08 16:54:00,12.462013,37.868073,2,7510
2025-07-08 17:04:00,12.462013,37.868073,2,7510
2025-07-08 17:14:00,12.462013,37.868073,2,7510
2025-07-08 17:24:00,12.462013,37.868073,2,7510
2025-07-08 17:34:00,12.462013,37.868073,2,7510
2025-07-08 17:44:00,12.462013,37.868073,2,7510
2025-07-08 17:54:00,12.462013,37.868073,2,7510
2025-07-08 18:04:00,12.462013,37.868073,2,7510
2025-07-08 18:14:00,12.462013,37.868073,2,7510
2025-07-08 18:24:00,12.462013,37.868073,2,7510
2025-07-08 18:34:00,12.462013,37.868073,2,7510
2025-07-08 18:44:00,12.462013,37.868073,2,7510
2025-07-08 18:54:00,12.462013,37.868073,2,7510
2025-07-08 19:04:00,12.462013,37.868073,2,7510
2025-07-08 19:14:00,12.462013,37.868073,2,7510
2025-07-08 19:24:00,12.462013,37.868073,2,7510
2025-07-08 19:34:00,12.462013,37.868073,2,7510
2025-07-08 19:44:00,12.462013,37.868073,2,7510
2025-07-08 19:54:00,12.462013,37.868073,2,7510
2025-07-08 20:04:00,12.462013,37.868073,2,7510
2025-07-08 20:14:00,12.462013,37.868073,2,7510
2025-07-08 20:24:00,12.462013,37.868073,2,7510
2025-07-08 20:34:00,12.462013,37.868073,2,7510
2025-07-08 20:44:00,12.462013,37.868073,2,7510
2025-07-08 20:54:00,12.462013,37.868073,2,7510
2025-07-08 21:04:00,12.462013,37.868073,2,7510
2025-07-08 21:14:00,12.462013,37.868073,2,7510
2025-07-08 21:24:00,12.462013,37.868073,2,7510
2025-07-08 21:34:00,12.462013,37.868073,2,7510
2025-07-08 21:44:00,12.462013,37.868073,2,7510
2025-07-08 21:54:00,12.462013,37.868073,2,7510
2025-07-08 22:04:00,12.462013,37.868073,2,7510
2025-07-08 22:14:00,12.462013,37.868073,2,7510
2025-07-08 22:24:00,12.462013,37.868073,2,7510
2025-07-08 22:34:00,12.462013,37.868073,2,7510
2025-07-08 22:44:00,12.462013,37.868073,2,7510
2025-07-08 22:54:00,12.462013,37.868073,2,7510
2025-07-08 23:04:00,12.462013,37.868073,2,7510
2025-07-08 23:14:00,12.462013,37.868073,2,7510
2025-07-08 23:24:00,12.462013,37.868073,2,7510
2025-07-08 23:34:00,12.462013,37.868073,2,7510
2025-07-08 23:44:00,12.462013,37.868073,2,7510
2025-07-08 23:54:00,12.462013,37.868073,2,7510
2025-07-09 00:04:00,12.462013,37.868073,2,7510
2025-07-09 00:14:00,12.462013,37.868073,2,7510
2025-07-09 00:24:00,12.462013,37.868073,2,7510
2025-07-09 00:34:00,12.462013,37.868073,2,7510
2025-07-09 00:44:00,12.462013,37.868073,2,7510
2025-07-09 00:54:00,12.462013,37.868073,2,7510
2025-07-09 01:04:00,12.462013,37.868073,2,7510
2025-07-09 01:14:00,12.462013,37.868073,2,7510
2025-07-09 01:24:00,12.462013,37.868073,2,7510
2025-07-09 01:34:00,12.462013,37.868073,2,7510
2025-07-09 01:44:00,12.462013,37.868073,2,7510
2025-07-09 01:54:00,12.462013,37.868073,2,7510
2025-07-09 02:04:00,12.462013,37.868073,2,7510
2025-07-09 02:14:00,12.462013,37.868073,2,7510
2025-07-09 02:24:00,12.462013,37.868073,2,7510
2025-07-09 02:34:00,12.462013,37.868073,2,7510
2025-07-09 02:44:00,12.462013,37.868073,2,7510
2025-07-09 02:54:00,12.462013,37.868073,2,7510
2025-07-09 03:04:00,12.462013,37.868073,2,7510
2025-07-09 03:14:00,12.462013,37.868073,2,7510
2025-07-09 03:24:00,12.462013,37.868073,2,7510
2025-07-09 03:34:00,12.462013,37.868073,2,7510
2025-07-09 03:44:00,12.462013,37.868073,2,7510
2025-07-09 03:54:00,12.462013,37.868073,2,7510
2025-07-09 04:04:00,12.462013,37.868073,2,7510
2025-07-09 04:14:00,12.462013,37.868073,2,7510
2025-07-09 04:24:00,12.462013,37.868073,2,7510
2025-07-09 04:34:00,12.462013,37.868073,2,7510
2025-07-09 04:44:00,12.462013,37.868073,2,7510
2025-07-09 04:54:00,12.462013,37.868073,2,7510
2025-07-09 05:04:00,12.462013,37.868073,2,7510
2025-07-09 05:14:00,12.462013,37.868073,2,7510
2025-07-09 05:24:00,12.462013,37.868073,2,7510
2025-07-09 05:34:00,12.462013,37.868073,2,7510
2025-07-09 05:44:00,12.462013,37.868073,2,7510
2025-07-09 05:54:00,12.462013,37.868073,2,7510
2025-07-09 06:04:00,12.462013,37.868073,2,7510
2025-07-09 06:14:00,12.462013,37.868073,2,7510
2025-07-09 06:24:00,12.462013,37.868073,2,7510
2025-07-09 06:34:00,12.462013,37.868073,2,7510
2025-07-09 06:44:00,12.462013,37.868073,2,7510
2025-07-09 06:54:00,12.462013,37.868073,2,7510
2025-07-09 07:04:00,12.462013,37.868073,2,7510
2025-07-09 07:14:00,12.462013,37.868073,2,7510
2025-07-09 07:24:00,12.462013,37.868073,2,7510
2025-07-09 07:34:00,12.462013,37.868073,2,7510
2025-07-09 07:44:00,12.462013,37.868073,2,7510
2025-07-09 07:54:00,12.462013,37.868073,2,7510
2025-07-09 08:04:00,12.462013,37.868073,2,7510
2025-07-09 08:14:00,12.462013,37.868073,2,7510
2025-07-09 08:24:00,12.462013,37.868073,2,7510
2025-07-09 08:34:00,12.462013,37.868073,2,7510
2025-07-09 08:44:00,12.462013,37.868073,2,7510
2025-07-09 08:54:00,12.462013,37.868073,2,7510
2025-07-09 09:04:00,12.462013,37.868073,2,7510
2025-07-09 09:14:00,12.462013,37.868073,2,7510
2025-07-09 09:24:00,12.462013,37.868073,2,7510
2025-07-09 09:34:00,12.462013,37.868073,2,7510
2025-07-09 09:44:00,12.462179,37.867344,2,7510
2025-07-09 09:54:00,12.462565,37.865936,2,7510
2025-07-09 10:04:00,12.46278,37.865242,2,7510
2025-07-09 10:14:00,12.46278,37.865242,2,7510
2025-07-09 10:24:00,12.46278,37.865242,2,7510
2025-07-09 10:34:00,12.46278,37.865242,2,7510
2025-07-09 10:44:00,12.46278,37.865242,2,7510
2025-07-09 10:54:00,12.46278,37.865242,2,7510
2025-07-09 11:04:00,12.46278,37.865242,2,7510
2025-07-09 11:14:00,12.46278,37.865242,2,7510
2025-07-09 11:24:00,12.46278,37.865242,2,7510
2025-07-09 11:34:00,12.46278,37.865242,2,7510
2025-07-09 11:44:00,12.46278,37.865242,2,7510
2025-07-09 11:54:00,12.46278,37.865242,2,7510
2025-07-09 12:04:00,12.46278,37.865242,2,7510
2025-07-09 12:14:00,12.46278,37.865242,2,7510
2025-07-09 12:24:00,12.46278,37.865242,2,7510
2025-07-09 12:34:00,12.46278,37.865242,2,7510
2025-07-09 12:44:00,12.46278,37.865242,2,7510
2025-07-09 12:54:00,12.46278,37.865242,2,7510
2025-07-09 13:04:00,12.46278,37.865242,2,7510
2025-07-09 13:14:00,12.46278,37.865242,2,7510
2025-07-09 13:24:00,12.462901,37.864655,2,7510
2025-07-09 13:34:00,12.462901,37.864655,2,7510
2025-07-09 13:44:00,12.462901,37.864655,2,7510
2025-07-09 13:54:00,12.462943,37.864082,2,7510
2025-07-09 14:04:00,12.462975,37.86299,2,7510
2025-07-09 14:14:00,12.462961,37.86192,2,7510
2025-07-09 14:24:00,12.462919,37.86078,2,7510
2025-07-09 14:34:00,12.462882,37.85956,2,7510
2025-07-09 14:44:00,12.462857,37.858265,2,7510
2025-07-09 14:54:00,12.462845,37.8569,2,7510
2025-07-09 15:04:00,12.462796,37.85549,2,7510
2025-07-09 15:14:00,12.462764,37.8542,2,7510
2025-07-09 15:24:00,12.462709,37.85309,2,7510
2025-07-09 15:34:00,12.462669,37.852142,2,7510
2025-07-09 15:44:00,12.462665,37.851276,2,7510
2025-07-09 15:54:00,12.462709,37.85047,2,7510
2025-07-09 16:04:00,12.462815,37.849743,2,7510
2025-07-09 16:14:00,12.462877,37.84941,2,7510
2025-07-09 16:24:00,12.462877,37.84941,2,7510
2025-07-09 16:34:00,12.462877,37.84941,2,7510
2025-07-09 16:44:00,12.462877,37.84941,2,7510
2025-07-09 16:54:00,12.462877,37.84941,2,7510
2025-07-09 17:04:00,12.462877,37.84941,2,7510
2025-07-09 17:14:00,12.462877,37.84941,2,7510
2025-07-09 17:24:00,12.462877,37.84941,2,7510
2025-07-09 17:34:00,12.462877,37.84941,2,7510
2025-07-09 17:44:00,12.462877,37.84941,2,7510
2025-07-09 17:54:00,12.462877,37.84941,2,7510
2025-07-09 18:04:00,12.462762,37.848972,2,7510
2025-07-09 18:14:00,12.462762,37.848972,2,7510
2025-07-09 18:24:00,12.462762,37.848972,2,7510
2025-07-09 18:34:00,12.462762,37.848972,2,7510
2025-07-09 18:44:00,12.462762,37.848972,2,7510
2025-07-09 18:54:00,12.462762,37.848972,2,7510
2025-07-09 19:04:00,12.462762,37.848972,2,7510
2025-07-09 19:14:00,12.462762,37.848972,2,7510
2025-07-09 19:24:00,12.462762,37.848972,2,7510
2025-07-09 19:34:00,12.462762,37.848972,2,7510
2025-07-09 19:44:00,12.462762,37.848972,2,7510
2025-07-09 19:54:00,12.462762,37.848972,2,7510
2025-07-09 20:04:00,12.462762,37.848972,2,7510
2025-07-09 20:14:00,12.462762,37.848972,2,7510
2025-07-09 20:24:00,12.462762,37.848972,2,7510
2025-07-09 20:34:00,12.462762,37.848972,2,7510
2025-07-09 20:44:00,12.462762,37.848972,2,7510
2025-07-09 20:54:00,12.462762,37.848972,2,7510
2025-07-09 21:04:00,12.462762,37.848972,2,7510
2025-07-09 21:14:00,12.462762,37.848972,2,7510
2025-07-09 21:24:00,12.462762,37.848972,2,7510
2025-07-09 21:34:00,12.462762,37.848972,2,7510
2025-07-09 21:44:00,12.462762,37.848972,2,7510
2025-07-09 21:54:00,12.462762,37.848972,2,7510
2025-07-09 22:04:00,12.462762,37.848972,2,7510
2025-07-09 22:14:00,12.462762,37.848972,2,7510
2025-07-09 22:24:00,12.462762,37.848972,2,7510
2025-07-09 22:34:00,12.462762,37.848972,2,7510
2025-07-09 22:44:00,12.462762,37.848972,2,7510
2025-07-09 22:54:00,12.462762,37.848972,2,7510
2025-07-09 23:04:00,12.462762,37.848972,2,7510
2025-07-09 23:14:00,12.462762,37.848972,2,7510
2025-07-09 23:24:00,12.462762,37.848972,2,7510
2025-07-09 23:34:00,12.462762,37.848972,2,7510
2025-07-09 23:44:00,12.462762,37.848972,2,7510
2025-07-09 23:54:00,12.462762,37.848972,2,7510
2025-07-10 00:04:00,12.462762,37.848972,2,7510
2025-07-08 07:44:00,12.44981,37.88916,3,2520
2025-07-08 07:54:00,12.450369,37.889297,3,2520
2025-07-08 08:04:00,12.450928,37.889435,3,2520
2025-07-08 08:14:00,12.45148,37.88956,3,2520
2025-07-08 08:24:00,12.452019,37.88968,3,2520
2025-07-08 08:34:00,12.45254,37.889797,3,2520
2025-07-08 08:44:00,12.45304,37.889927,3,2520
2025-07-08 08:54:00,12.453532,37.89007,3,2520
2025-07-08 09:04:00,12.454034,37.890232,3,2520
2025-07-08 09:14:00,12.454583,37.890396,3,2520
2025-07-08 09:24:00,12.455211,37.890568,3,2520
2025-07-08 09:34:00,12.45591,37.890743,3,2520
2025-07-08 09:44:00,12.456699,37.890915,3,2520
2025-07-08 09:54:00,12.457553,37.89106,3,2520
2025-07-08 10:04:00,12.458474,37.891148,3,2520
2025-07-08 10:14:00,12.459404,37.891182,3,2520
2025-07-08 10:24:00,12.460333,37.891174,3,2520
2025-07-08 10:34:00,12.461261,37.89114,3,2520
2025-07-08 10:44:00,12.462174,37.891068,3,2520
2025-07-08 10:54:00,12.46308,37.890965,3,2520
2025-07-08 11:04:00,12.463987,37.890858,3,2520
2025-07-08 11:14:00,12.464434,37.890797,3,2520
2025-07-08 11:24:00,12.464434,37.890797,3,2520
2025-07-08 11:34:00,12.464434,37.890797,3,2520
2025-07-08 11:44:00,12.464434,37.890797,3,2520
2025-07-08 11:54:00,12.464434,37.890797,3,2520
2025-07-08 12:04:00,12.464761,37.890606,3,2520
2025-07-08 12:14:00,12.464761,37.890606,3,2520
2025-07-08 12:24:00,12.464761,37.890606,3,2520
2025-07-08 12:34:00,12.464761,37.890606,3,2520
2025-07-08 12:44:00,12.464761,37.890606,3,2520
2025-07-08 12:54:00,12.464761,37.890606,3,2520
2025-07-08 13:04:00,12.464761,37.890606,3,2520
2025-07-08 13:14:00,12.464761,37.890606,3,2520
2025-07-08 13:24:00,12.464761,37.890606,3,2520
2025-07-08 13:34:00,12.464761,37.890606,3,2520
2025-07-08 13:44:00,12.464761,37.890606,3,2520
2025-07-08 13:54:00,12.464761,37.890606,3,2520
2025-07-08 14:04:00,12.464761,37.890606,3,2520
2025-07-08 14:14:00,12.464761,37.890606,3,2520
2025-07-08 14:24:00,12.464761,37.890606,3,2520
2025-07-08 14:34:00,12.464761,37.890606,3,2520
2025-07-08 14:44:00,12.464761,37.890606,3,2520
2025-07-08 14:54:00,12.464761,37.890606,3,2520
2025-07-08 15:04:00,12.464761,37.890606,3,2520
2025-07-08 15:14:00,12.464761,37.890606,3,2520
2025-07-08 15:24:00,12.464761,37.890606,3,2520
2025-07-08 15:34:00,12.464761,37.890606,3,2520
2025-07-08 15:44:00,12.464761,37.890606,3,2520
2025-07-08 15:54:00,12.464761,37.890606,3,2520
2025-07-08 16:04:00,12.464761,37.890606,3,2520
2025-07-08 16:14:00,12.464761,37.890606,3,2520
2025-07-08 16:24:00,12.464761,37.890606,3,2520
2025-07-08 16:34:00,12.464761,37.890606,3,2520
2025-07-08 16:44:00,12.464761,37.890606,3,2520
2025-07-08 16:54:00,12.464761,37.890606,3,2520
2025-07-08 17:04:00,12.464761,37.890606,3,2520
2025-07-08 17:14:00,12.464761,37.890606,3,2520
2025-07-08 17:24:00,12.464761,37.890606,3,2520
2025-07-08 17:34:00,12.464761,37.890606,3,2520
2025-07-08 17:44:00,12.464761,37.890606,3,2520
2025-07-08 17:54:00,12.464761,37.890606,3,2520
2025-07-08 18:04:00,12.464761,37.890606,3,2520
2025-07-08 18:14:00,12.464761,37.890606,3,2520
2025-07-08 18:24:00,12.464761,37.890606,3,2520
2025-07-08 18:34:00,12.464761,37.890606,3,2520
2025-07-08 18:44:00,12.464761,37.890606,3,2520
2025-07-08 18:54:00,12.464761,37.890606,3,2520
2025-07-08 19:04:00,12.464761,37.890606,3,2520
2025-07-08 19:14:00,12.464761,37.890606,3,2520
2025-07-08 19:24:00,12.464761,37.890606,3,2520
2025-07-08 19:34:00,12.464761,37.890606,3,2520
2025-07-08 19:44:00,12.464761,37.890606,3,2520
2025-07-08 19:54:00,12.464761,37.890606,3,2520
2025-07-08 20:04:00,12.464761,37.890606,3,2520
2025-07-08 20:14:00,12.464761,37.890606,3,2520
2025-07-08 20:24:00,12.464761,37.890606,3,2520
2025-07-08 20:34:00,12.464761,37.890606,3,2520
2025-07-08 20:44:00,12.464761,37.890606,3,2520
2025-07-08 20:54:00,12.464761,37.890606,3,2520
2025-07-08 21:04:00,12.464761,37.890606,3,2520
2025-07-08 21:14:00,12.464761,37.890606,3,2520
2025-07-08 21:24:00,12.464761,37.890606,3,2520
2025-07-08 21:34:00,12.464761,37.890606,3,2520
2025-07-08 21:44:00,12.464761,37.890606,3,2520
2025-07-08 21:54:00,12.464761,37.890606,3,2520
2025-07-08 22:04:00,12.464761,37.890606,3,2520
2025-07-08 22:14:00,12.464761,37.890606,3,2520
2025-07-08 22:24:00,12.464761,37.890606,3,2520
2025-07-08 22:34:00,12.464761,37.890606,3,2520
2025-07-08 22:44:00,12.464761,37.890606,3,2520
2025-07-08 22:54:00,12.464761,37.890606,3,2520
2025-07-08 23:04:00,12.464761,37.890606,3,2520
2025-07-08 23:14:00,12.464761,37.890606,3,2520
2025-07-08 23:24:00,12.464761,37.890606,3,2520
2025-07-08 23:34:00,12.464761,37.890606,3,2520
2025-07-08 23:44:00,12.464761,37.890606,3,2520
2025-07-08 23:54:00,12.464761,37.890606,3,2520
2025-07-09 00:04:00,12.464761,37.890606,3,2520
2025-07-09 00:14:00,12.464761,37.890606,3,2520
2025-07-09 00:24:00,12.464761,37.890606,3,2520
2025-07-09 00:34:00,12.464761,37.890606,3,2520
2025-07-09 00:44:00,12.464761,37.890606,3,2520
2025-07-09 00:54:00,12.464761,37.890606,3,2520
2025-07-09 01:04:00,12.464761,37.890606,3,2520
2025-07-09 01:14:00,12.464761,37.890606,3,2520
2025-07-09 01:24:00,12.464761,37.890606,3,2520
2025-07-09 01:34:00,12.464761,37.890606,3,2520
2025-07-09 01:44:00,12.464761,37.890606,3,2520
2025-07-09 01:54:00,12.464761,37.890606,3,2520
2025-07-09 02:04:00,12.464761,37.890606,3,2520
2025-07-09 02:14:00,12.464761,37.890606,3,2520
2025-07-09 02:24:00,12.464761,37.890606,3,2520
2025-07-09 02:34:00,12.464761,37.890606,3,2520
2025-07-09 02:44:00,12.464761,37.890606,3,2520
2025-07-09 02:54:00,12.464761,37.890606,3,2520
2025-07-09 03:04:00,12.464761,37.890606,3,2520
2025-07-09 03:14:00,12.464761,37.890606,3,2520
2025-07-09 03:24:00,12.464761,37.890606,3,2520
2025-07-09 03:34:00,12.464761,37.890606,3,2520
2025-07-09 03:44:00,12.464761,37.890606,3,2520
2025-07-09 03:54:00,12.464761,37.890606,3,2520
2025-07-09 04:04:00,12.464761,37.890606,3,2520
2025-07-09 04:14:00,12.464761,37.890606,3,2520
2025-07-09 04:24:00,12.464761,37.890606,3,2520
2025-07-09 04:34:00,12.464761,37.890606,3,2520
2025-07-09 04:44:00,12.464761,37.890606,3,2520
2025-07-09 04:54:00,12.464761,37.890606,3,2520
2025-07-09 05:04:00,12.464761,37.890606,3,2520
2025-07-09 05:14:00,12.464761,37.890606,3,2520
2025-07-09 05:24:00,12.464761,37.890606,3,2520
2025-07-09 05:34:00,12.464761,37.890606,3,2520
2025-07-09 05:44:00,12.464761,37.890606,3,2520
2025-07-09 05:54:00,12.464761,37.890606,3,2520
2025-07-09 06:04:00,12.464761,37.890606,3,2520
2025-07-09 06:14:00,12.465885,37.889454,3,2520
2025-07-09 06:24:00,12.466941,37.888317,3,2520
2025-07-09 06:34:00,12.467438,37.887737,3,2520
2025-07-09 06:44:00,12.467903,37.887115,3,2520
2025-07-09 06:54:00,12.467903,37.887115,3,2520
2025-07-09 07:04:00,12.467903,37.887115,3,2520
2025-07-09 07:14:00,12.467903,37.887115,3,2520
2025-07-09 07:24:00,12.467903,37.887115,3,2520
2025-07-09 07:34:00,12.467903,37.887115,3,2520
2025-07-09 07:44:00,12.467903,37.887115,3,2520
2025-07-09 07:54:00,12.467903,37.887115,3,2520
2025-07-09 08:04:00,12.467903,37.887115,3,2520
2025-07-09 08:14:00,12.467903,37.887115,3,2520
2025-07-09 08:24:00,12.467903,37.887115,3,2520
2025-07-09 08:34:00,12.467903,37.887115,3,2520
2025-07-09 08:44:00,12.467903,37.887115,3,2520
2025-07-09 08:54:00,12.467903,37.887115,3,2520
2025-07-09 09:04:00,12.467903,37.887115,3,2520
2025-07-09 09:14:00,12.467903,37.887115,3,2520
2025-07-09 09:24:00,12.467903,37.887115,3,2520
2025-07-09 09:34:00,12.467903,37.887115,3,2520
2025-07-09 09:44:00,12.467903,37.887115,3,2520
2025-07-09 09:54:00,12.467903,37.887115,3,2520
2025-07-09 10:04:00,12.467903,37.887115,3,2520
2025-07-09 10:14:00,12.467903,37.887115,3,2520
2025-07-09 10:24:00,12.467903,37.887115,3,2520
2025-07-09 10:34:00,12.467903,37.887115,3,2520
2025-07-09 10:44:00,12.467903,37.887115,3,2520
2025-07-09 10:54:00,12.467903,37.887115,3,2520
2025-07-09 11:04:00,12.467903,37.887115,3,2520
2025-07-09 11:14:00,12.467903,37.887115,3,2520
2025-07-09 11:24:00,12.467903,37.887115,3,2520
2025-07-09 11:34:00,12.467903,37.887115,3,2520
2025-07-09 11:44:00,12.467903,37.887115,3,2520
2025-07-09 11:54:00,12.467903,37.887115,3,2520
2025-07-09 12:04:00,12.467903,37.887115,3,2520
2025-07-09 12:14:00,12.467903,37.887115,3,2520
2025-07-09 12:24:00,12.467903,37.887115,3,2520
2025-07-09 12:34:00,12.467903,37.887115,3,2520
2025-07-09 12:44:00,12.467903,37.887115,3,2520
2025-07-09 12:54:00,12.467903,37.887115,3,2520
2025-07-09 13:04:00,12.467903,37.887115,3,2520
2025-07-09 13:14:00,12.467903,37.887115,3,2520
2025-07-09 13:24:00,12.467903,37.887115,3,2520
2025-07-09 13:34:00,12.467903,37.887115,3,2520
2025-07-09 13:44:00,12.467903,37.887115,3,2520
2025-07-09 13:54:00,12.467903,37.887115,3,2520
2025-07-09 14:04:00,12.467903,37.887115,3,2520
2025-07-09 14:14:00,12.467903,37.887115,3,2520
2025-07-09 14:24:00,12.467903,37.887115,3,2520
2025-07-09 14:34:00,12.467903,37.887115,3,2520
2025-07-09 14:44:00,12.467903,37.887115,3,2520
2025-07-09 14:54:00,12.467903,37.887115,3,2520
2025-07-09 15:04:00,12.467903,37.887115,3,2520
2025-07-09 15:14:00,12.467903,37.887115,3,2520
2025-07-09 15:24:00,12.467903,37.887115,3,2520
2025-07-09 15:34:00,12.467903,37.887115,3,2520
2025-07-09 15:44:00,12.467903,37.887115,3,2520
2025-07-09 15:54:00,12.467903,37.887115,3,2520
2025-07-09 16:04:00,12.467859,37.885612,3,2520
2025-07-09 16:14:00,12.467758,37.884106,3,2520
2025-07-09 16:24:00,12.467651,37.882618,3,2520
2025-07-09 16:34:00,12.467576,37.881134,3,2520
2025-07-09 16:44:00,12.46756,37.879604,3,2520
2025-07-09 16:54:00,12.467464,37.87803,3,2520
2025-07-09 17:04:00,12.467296,37.876553,3,2520
2025-07-09 17:14:00,12.467185,37.87519,3,2520
2025-07-09 17:24:00,12.467151,37.873917,3,2520
2025-07-09 17:34:00,12.467157,37.872723,3,2520
2025-07-09 17:44:00,12.467059,37.87159,3,2520
2025-07-09 17:54:00,12.466723,37.870567,3,2520
2025-07-09 18:04:00,12.466723,37.870567,3,2520
2025-07-09 18:14:00,12.466723,37.870567,3,2520
2025-07-09 18:24:00,12.466723,37.870567,3,2520
2025-07-09 18:34:00,12.466723,37.870567,3,2520
2025-07-09 18:44:00,12.466723,37.870567,3,2520
2025-07-09 18:54:00,12.466723,37.870567,3,2520
2025-07-09 19:04:00,12.466723,37.870567,3,2520
2025-07-09 19:14:00,12.466723,37.870567,3,2520
2025-07-09 19:24:00,12.466723,37.870567,3,2520
2025-07-09 19:34:00,12.466723,37.870567,3,2520
2025-07-09 19:44:00,12.466723,37.870567,3,2520
2025-07-09 19:54:00,12.466723,37.870567,3,2520
2025-07-09 20:04:00,12.466723,37.870567,3,2520
2025-07-09 20:14:00,12.466723,37.870567,3,2520
2025-07-09 20:24:00,12.466723,37.870567,3,2520
2025-07-09 20:34:00,12.466723,37.870567,3,2520
2025-07-09 20:44:00,12.466723,37.870567,3,2520
2025-07-09 20:54:00,12.466723,37.870567,3,2520
2025-07-09 21:04:00,12.466723,37.870567,3,2520
2025-07-09 21:14:00,12.466723,37.870567,3,2520
2025-07-09 21:24:00,12.466723,37.870567,3,2520
2025-07-09 21:34:00,12.466723,37.870567,3,2520
2025-07-09 21:44:00,12.466723,37.870567,3,2520
2025-07-09 21:54:00,12.466723,37.870567,3,2520
2025-07-09 22:04:00,12.466723,37.870567,3,2520
2025-07-09 22:14:00,12.466723,37.870567,3,2520
2025-07-09 22:24:00,12.466723,37.870567,3,2520
2025-07-09 22:34:00,12.466723,37.870567,3,2520
2025-07-09 22:44:00,12.466723,37.870567,3,2520
2025-07-09 22:54:00,12.466723,37.870567,3,2520
2025-07-09 23:04:00,12.466723,37.870567,3,2520
2025-07-09 23:14:00,12.466723,37.870567,3,2520
2025-07-09 23:24:00,12.466723,37.870567,3,2520
2025-07-09 23:34:00,12.466723,37.870567,3,2520
2025-07-09 23:44:00,12.466723,37.870567,3,2520
2025-07-09 23:54:00,12.466723,37.870567,3,2520
2025-07-10 00:04:00,12.466723,37.870567,3,2520
2025-07-08 07:44:00,12.44976,37.88919,3,7520
2025-07-08 07:54:00,12.450319,37.889336,3,7520
2025-07-08 08:04:00,12.450878,37.889477,3,7520
2025-07-08 08:14:00,12.45143,37.889614,3,7520
2025-07-08 08:24:00,12.451968,37.88974,3,7520
2025-07-08 08:34:00,12.452489,37.889862,3,7520
2025-07-08 08:44:00,12.452989,37.89,3,7520
2025-07-08 08:54:00,12.453478,37.89015,3,7520
2025-07-08 09:04:00,12.453978,37.89031,3,7520
2025-07-08 09:14:00,12.454518,37.890472,3,7520
2025-07-08 09:24:00,12.455134,37.89064,3,7520
2025-07-08 09:34:00,12.455817,37.890812,3,7520
2025-07-08 09:44:00,12.4565935,37.89098,3,7520
2025-07-08 09:54:00,12.457434,37.891125,3,7520
2025-07-08 10:04:00,12.458341,37.891212,3,7520
2025-07-08 10:14:00,12.459263,37.89125,3,7520
2025-07-08 10:24:00,12.460179,37.891247,3,7520
2025-07-08 10:34:00,12.461096,37.891212,3,7520
2025-07-08 10:44:00,12.462003,37.891144,3,7520
2025-07-08 10:54:00,12.4629,37.891045,3,7520
2025-07-08 11:04:00,12.4637985,37.89093,3,7520
2025-07-08 11:14:00,12.464242,37.890865,3,7520
2025-07-08 11:24:00,12.464242,37.890865,3,7520
2025-07-08 11:34:00,12.464629,37.89074,3,7520
2025-07-08 11:44:00,12.464629,37.89074,3,7520
2025-07-08 11:54:00,12.464629,37.89074,3,7520
2025-07-08 12:04:00,12.464629,37.89074,3,7520
2025-07-08 12:14:00,12.464629,37.89074,3,7520
2025-07-08 12:24:00,12.464629,37.89074,3,7520
2025-07-08 12:34:00,12.464629,37.89074,3,7520
2025-07-08 12:44:00,12.464629,37.89074,3,7520
2025-07-08 12:54:00,12.464629,37.89074,3,7520
2025-07-08 13:04:00,12.464629,37.89074,3,7520
2025-07-08 13:14:00,12.464629,37.89074,3,7520
2025-07-08 13:24:00,12.464629,37.89074,3,7520
2025-07-08 13:34:00,12.464629,37.89074,3,7520
2025-07-08 13:44:00,12.464629,37.89074,3,7520
2025-07-08 13:54:00,12.464629,37.89074,3,7520
2025-07-08 14:04:00,12.464629,37.89074,3,7520
2025-07-08 14:14:00,12.464629,37.89074,3,7520
2025-07-08 14:24:00,12.464629,37.89074,3,7520
2025-07-08 14:34:00,12.464629,37.89074,3,7520
2025-07-08 14:44:00,12.464629,37.89074,3,7520
2025-07-08 14:54:00,12.464629,37.89074,3,7520
2025-07-08 15:04:00,12.464629,37.89074,3,7520
2025-07-08 15:14:00,12.464629,37.89074,3,7520
2025-07-08 15:24:00,12.464629,37.89074,3,7520
2025-07-08 15:34:00,12.464629,37.89074,3,7520
2025-07-08 15:44:00,12.464629,37.89074,3,7520
2025-07-08 15:54:00,12.464629,37.89074,3,7520
2025-07-08 16:04:00,12.464629,37.89074,3,7520
2025-07-08 16:14:00,12.464629,37.89074,3,7520
2025-07-08 16:24:00,12.464629,37.89074,3,7520
2025-07-08 16:34:00,12.464629,37.89074,3,7520
2025-07-08 16:44:00,12.464629,37.89074,3,7520
2025-07-08 16:54:00,12.464629,37.89074,3,7520
2025-07-08 17:04:00,12.464629,37.89074,3,7520
2025-07-08 17:14:00,12.464629,37.89074,3,7520
2025-07-08 17:24:00,12.464629,37.89074,3,7520
2025-07-08 17:34:00,12.464629,37.89074,3,7520
2025-07-08 17:44:00,12.464629,37.89074,3,7520
2025-07-08 17:54:00,12.464629,37.89074,3,7520
2025-07-08 18:04:00,12.464629,37.89074,3,7520
2025-07-08 18:14:00,12.464629,37.89074,3,7520
2025-07-08 18:24:00,12.464629,37.89074,3,7520
2025-07-08 18:34:00,12.464629,37.89074,3,7520
2025-07-08 18:44:00,12.464629,37.89074,3,7520
2025-07-08 18:54:00,12.464629,37.89074,3,7520
2025-07-08 19:04:00,12.464629,37.89074,3,7520
2025-07-08 19:14:00,12.464629,37.89074,3,7520
2025-07-08 19:24:00,12.464629,37.89074,3,7520
2025-07-08 19:34:00,12.464629,37.89074,3,7520
2025-07-08 19:44:00,12.464629,37.89074,3,7520
2025-07-08 19:54:00,12.464629,37.89074,3,7520
2025-07-08 20:04:00,12.464629,37.89074,3,7520
2025-07-08 20:14:00,12.464629,37.89074,3,7520
2025-07-08 20:24:00,12.464629,37.89074,3,7520
2025-07-08 20:34:00,12.464629,37.89074,3,7520
2025-07-08 20:44:00,12.464629,37.89074,3,7520
2025-07-08 20:54:00,12.464629,37.89074,3,7520
2025-07-08 21:04:00,12.464629,37.89074,3,7520
2025-07-08 21:14:00,12.464629,37.89074,3,7520
2025-07-08 21:24:00,12.464629,37.89074,3,7520
2025-07-08 21:34:00,12.464629,37.89074,3,7520
2025-07-08 21:44:00,12.464629,37.89074,3,7520
2025-07-08 21:54:00,12.464629,37.89074,3,7520
2025-07-08 22:04:00,12.464629,37.89074,3,7520
2025-07-08 22:14:00,12.464629,37.89074,3,7520
2025-07-08 22:24:00,12.464629,37.89074,3,7520
2025-07-08 22:34:00,12.464629,37.89074,3,7520
2025-07-08 22:44:00,12.464629,37.89074,3,7520
2025-07-08 22:54:00,12.464629,37.89074,3,7520
2025-07-08 23:04:00,12.464629,37.89074,3,7520
2025-07-08 23:14:00,12.464629,37.89074,3,7520
2025-07-08 23:24:00,12.464629,37.89074,3,7520
2025-07-08 23:34:00,12.464629,37.89074,3,7520
2025-07-08 23:44:00,12.464629,37.89074,3,7520
2025-07-08 23:54:00,12.464629,37.89074,3,7520
2025-07-09 00:04:00,12.464629,37.89074,3,7520
2025-07-09 00:14:00,12.464629,37.89074,3,7520
2025-07-09 00:24:00,12.464629,37.89074,3,7520
2025-07-09 00:34:00,12.464629,37.89074,3,7520
2025-07-09 00:44:00,12.464629,37.89074,3,7520
2025-07-09 00:54:00,12.464629,37.89074,3,7520
2025-07-09 01:04:00,12.464629,37.89074,3,7520
2025-07-09 01:14:00,12.464629,37.89074,3,7520
2025-07-09 01:24:00,12.464629,37.89074,3,7520
2025-07-09 01:34:00,12.464629,37.89074,3,7520
2025-07-09 01:44:00,12.464629,37.89074,3,7520
2025-07-09 01:54:00,12.464629,37.89074,3,7520
2025-07-09 02:04:00,12.464629,37.89074,3,7520
2025-07-09 02:14:00,12.464629,37.89074,3,7520
2025-07-09 02:24:00,12.464629,37.89074,3,7520
2025-07-09 02:34:00,12.464629,37.89074,3,7520
2025-07-09 02:44:00,12.464629,37.89074,3,7520
2025-07-09 02:54:00,12.464629,37.89074,3,7520
2025-07-09 03:04:00,12.464629,37.89074,3,7520
2025-07-09 03:14:00,12.464629,37.89074,3,7520
2025-07-09 03:24:00,12.464629,37.89074,3,7520
2025-07-09 03:34:00,12.464629,37.89074,3,7520
2025-07-09 03:44:00,12.464629,37.89074,3,7520
2025-07-09 03:54:00,12.464629,37.89074,3,7520
2025-07-09 04:04:00,12.464629,37.89074,3,7520
2025-07-09 04:14:00,12.464629,37.89074,3,7520
2025-07-09 04:24:00,12.464629,37.89074,3,7520
2025-07-09 04:34:00,12.464629,37.89074,3,7520
2025-07-09 04:44:00,12.464629,37.89074,3,7520
2025-07-09 04:54:00,12.464629,37.89074,3,7520
2025-07-09 05:04:00,12.464629,37.89074,3,7520
2025-07-09 05:14:00,12.464629,37.89074,3,7520
2025-07-09 05:24:00,12.464629,37.89074,3,7520
2025-07-09 05:34:00,12.464629,37.89074,3,7520
2025-07-09 05:44:00,12.464629,37.89074,3,7520
2025-07-09 05:54:00,12.464629,37.89074,3,7520
2025-07-09 06:04:00,12.465207,37.89016,3,7520
2025-07-09 06:14:00,12.465766,37.88959,3,7520
2025-07-09 06:24:00,12.466823,37.88845,3,7520
2025-07-09 06:34:00,12.467799,37.887268,3,7520
2025-07-09 06:44:00,12.467799,37.887268,3,7520
2025-07-09 06:54:00,12.467799,37.887268,3,7520
2025-07-09 07:04:00,12.467799,37.887268,3,7520
2025-07-09 07:14:00,12.467799,37.887268,3,7520
2025-07-09 07:24:00,12.467799,37.887268,3,7520
2025-07-09 07:34:00,12.467799,37.887268,3,7520
2025-07-09 07:44:00,12.467799,37.887268,3,7520
2025-07-09 07:54:00,12.467799,37.887268,3,7520
2025-07-09 08:04:00,12.467799,37.887268,3,7520
2025-07-09 08:14:00,12.467799,37.887268,3,7520
2025-07-09 08:24:00,12.467799,37.887268,3,7520
2025-07-09 08:34:00,12.467799,37.887268,3,7520
2025-07-09 08:44:00,12.467799,37.887268,3,7520
2025-07-09 08:54:00,12.467799,37.887268,3,7520
2025-07-09 09:04:00,12.467799,37.887268,3,7520
2025-07-09 09:14:00,12.467799,37.887268,3,7520
2025-07-09 09:24:00,12.467799,37.887268,3,7520
2025-07-09 09:34:00,12.467799,37.887268,3,7520
2025-07-09 09:44:00,12.467799,37.887268,3,7520
2025-07-09 09:54:00,12.467799,37.887268,3,7520
2025-07-09 10:04:00,12.467799,37.887268,3,7520
2025-07-09 10:14:00,12.467799,37.887268,3,7520
2025-07-09 10:24:00,12.467799,37.887268,3,7520
2025-07-09 10:34:00,12.467799,37.887268,3,7520
2025-07-09 10:44:00,12.467799,37.887268,3,7520
2025-07-09 10:54:00,12.467799,37.887268,3,7520
2025-07-09 11:04:00,12.467799,37.887268,3,7520
2025-07-09 11:14:00,12.467799,37.887268,3,7520
2025-07-09 11:24:00,12.467799,37.887268,3,7520
2025-07-09 11:34:00,12.467799,37.887268,3,7520
2025-07-09 11:44:00,12.467799,37.887268,3,7520
2025-07-09 11:54:00,12.467799,37.887268,3,7520
2025-07-09 12:04:00,12.467799,37.887268,3,7520
2025-07-09 12:14:00,12.467799,37.887268,3,7520
2025-07-09 12:24:00,12.467799,37.887268,3,7520
2025-07-09 12:34:00,12.467799,37.887268,3,7520
2025-07-09 12:44:00,12.467799,37.887268,3,7520
2025-07-09 12:54:00,12.467799,37.887268,3,7520
2025-07-09 13:04:00,12.467799,37.887268,3,7520
2025-07-09 13:14:00,12.467799,37.887268,3,7520
2025-07-09 13:24:00,12.467799,37.887268,3,7520
2025-07-09 13:34:00,12.467799,37.887268,3,7520
2025-07-09 13:44:00,12.467799,37.887268,3,7520
2025-07-09 13:54:00,12.467799,37.887268,3,7520
2025-07-09 14:04:00,12.467799,37.887268,3,7520
2025-07-09 14:14:00,12.467799,37.887268,3,7520
2025-07-09 14:24:00,12.467898,37.886517,3,7520
2025-07-09 14:34:00,12.467898,37.886517,3,7520
2025-07-09 14:44:00,12.467898,37.886517,3,7520
2025-07-09 14:54:00,12.467898,37.886517,3,7520
2025-07-09 15:04:00,12.467898,37.886517,3,7520
2025-07-09 15:14:00,12.467898,37.886517,3,7520
2025-07-09 15:24:00,12.467898,37.886517,3,7520
2025-07-09 15:34:00,12.467898,37.886517,3,7520
2025-07-09 15:44:00,12.467898,37.886517,3,7520
2025-07-09 15:54:00,12.467855,37.88496,3,7520
2025-07-09 16:04:00,12.467715,37.88347,3,7520
2025-07-09 16:14:00,12.467563,37.88201,3,7520
2025-07-09 16:24:00,12.467474,37.88054,3,7520
2025-07-09 16:34:00,12.467424,37.87899,3,7520
2025-07-09 16:44:00,12.467276,37.877438,3,7520
2025-07-09 16:54:00,12.467139,37.876007,3,7520
2025-07-09 17:04:00,12.467097,37.874653,3,7520
2025-07-09 17:14:00,12.46713,37.873383,3,7520
2025-07-09 17:24:00,12.467151,37.87218,3,7520
2025-07-09 17:34:00,12.467004,37.871067,3,7520
2025-07-09 17:44:00,12.466832,37.87056,3,7520
2025-07-09 17:54:00,12.466832,37.87056,3,7520
2025-07-09 18:04:00,12.466832,37.87056,3,7520
2025-07-09 18:14:00,12.466832,37.87056,3,7520
2025-07-09 18:24:00,12.466832,37.87056,3,7520
2025-07-09 18:34:00,12.466832,37.87056,3,7520
2025-07-09 18:44:00,12.466832,37.87056,3,7520
2025-07-09 18:54:00,12.466832,37.87056,3,7520
2025-07-09 19:04:00,12.466832,37.87056,3,7520
2025-07-09 19:14:00,12.466832,37.87056,3,7520
2025-07-09 19:24:00,12.466832,37.87056,3,7520
2025-07-09 19:34:00,12.466832,37.87056,3,7520
2025-07-09 19:44:00,12.466832,37.87056,3,7520
2025-07-09 19:54:00,12.466832,37.87056,3,7520
2025-07-09 20:04:00,12.466832,37.87056,3,7520
2025-07-09 20:14:00,12.466832,37.87056,3,7520
2025-07-09 20:24:00,12.466832,37.87056,3,7520
2025-07-09 20:34:00,12.466832,37.87056,3,7520
2025-07-09 20:44:00,12.466832,37.87056,3,7520
2025-07-09 20:54:00,12.466832,37.87056,3,7520
2025-07-09 21:04:00,12.466832,37.87056,3,7520
2025-07-09 21:14:00,12.466832,37.87056,3,7520
2025-07-09 21:24:00,12.466832,37.87056,3,7520
2025-07-09 21:34:00,12.466832,37.87056,3,7520
2025-07-09 21:44:00,12.466832,37.87056,3,7520
2025-07-09 21:54:00,12.466832,37.87056,3,7520
2025-07-09 22:04:00,12.466832,37.87056,3,7520
2025-07-09 22:14:00,12.466832,37.87056,3,7520
2025-07-09 22:24:00,12.466832,37.87056,3,7520
2025-07-09 22:34:00,12.466832,37.87056,3,7520
2025-07-09 22:44:00,12.466832,37.87056,3,7520
2025-07-09 22:54:00,12.466832,37.87056,3,7520
2025-07-09 23:04:00,12.466832,37.87056,3,7520
2025-07-09 23:14:00,12.466832,37.87056,3,7520
2025-07-09 23:24:00,12.466832,37.87056,3,7520
2025-07-09 23:34:00,12.466832,37.87056,3,7520
2025-07-09 23:44:00,12.466832,37.87056,3,7520
2025-07-09 23:54:00,12.466832,37.87056,3,7520
2025-07-10 00:04:00,12.466832,37.87056,3,7520
2025-07-08 07:44:00,12.44983,37.88919,3,930
2025-07-08 07:54:00,12.450387,37.889328,3,930
2025-07-08 08:04:00,12.450944,37.88947,3,930
2025-07-08 08:14:00,12.451494,37.8896,3,930
2025-07-08 08:24:00,12.452029,37.88972,3,930
2025-07-08 08:34:00,12.452548,37.889843,3,930
2025-07-08 08:44:00,12.453046,37.88998,3,930
2025-07-08 08:54:00,12.453536,37.89013,3,930
2025-07-08 09:04:00,12.454037,37.89029,3,930
2025-07-08 09:14:00,12.454583,37.890453,3,930
2025-07-08 09:24:00,12.455205,37.890625,3,930
2025-07-08 09:34:00,12.455897,37.8908,3,930
2025-07-08 09:44:00,12.456681,37.890972,3,930
2025-07-08 09:54:00,12.457527,37.891113,3,930
2025-07-08 10:04:00,12.458441,37.891197,3,930
2025-07-08 10:14:00,12.459365,37.89123,3,930
2025-07-08 10:24:00,12.460286,37.891224,3,930
2025-07-08 10:34:00,12.461206,37.89119,3,930
2025-07-08 10:44:00,12.462115,37.891117,3,930
2025-07-08 10:54:00,12.4630165,37.891014,3,930
2025-07-08 11:04:00,12.463919,37.890903,3,930
2025-07-08 11:14:00,12.464364,37.890842,3,930
2025-07-08 11:24:00,12.464364,37.890842,3,930
2025-07-08 11:34:00,12.464364,37.890842,3,930
2025-07-08 11:44:00,12.464364,37.890842,3,930
2025-07-08 11:54:00,12.464703,37.890663,3,930
2025-07-08 12:04:00,12.464703,37.890663,3,930
2025-07-08 12:14:00,12.464703,37.890663,3,930
2025-07-08 12:24:00,12.464703,37.890663,3,930
2025-07-08 12:34:00,12.464703,37.890663,3,930
2025-07-08 12:44:00,12.464703,37.890663,3,930
2025-07-08 12:54:00,12.464703,37.890663,3,930
2025-07-08 13:04:00,12.464703,37.890663,3,930
2025-07-08 13:14:00,12.464703,37.890663,3,930
2025-07-08 13:24:00,12.464703,37.890663,3,930
2025-07-08 13:34:00,12.464703,37.890663,3,930
2025-07-08 13:44:00,12.464703,37.890663,3,930
2025-07-08 13:54:00,12.464703,37.890663,3,930
2025-07-08 14:04:00,12.464703,37.890663,3,930
2025-07-08 14:14:00,12.464703,37.890663,3,930
2025-07-08 14:24:00,12.464703,37.890663,3,930
2025-07-08 14:34:00,12.464703,37.890663,3,930
2025-07-08 14:44:00,12.464703,37.890663,3,930
2025-07-08 14:54:00,12.464703,37.890663,3,930
2025-07-08 15:04:00,12.464703,37.890663,3,930
2025-07-08 15:14:00,12.464703,37.890663,3,930
2025-07-08 15:24:00,12.464703,37.890663,3,930
2025-07-08 15:34:00,12.464703,37.890663,3,930
2025-07-08 15:44:00,12.464703,37.890663,3,930
2025-07-08 15:54:00,12.464703,37.890663,3,930
2025-07-08 16:04:00,12.464703,37.890663,3,930
2025-07-08 16:14:00,12.464703,37.890663,3,930
2025-07-08 16:24:00,12.464703,37.890663,3,930
2025-07-08 16:34:00,12.464703,37.890663,3,930
2025-07-08 16:44:00,12.464703,37.890663,3,930
2025-07-08 16:54:00,12.464703,37.890663,3,930
2025-07-08 17:04:00,12.464703,37.890663,3,930
2025-07-08 17:14:00,12.464703,37.890663,3,930
2025-07-08 17:24:00,12.464703,37.890663,3,930
2025-07-08 17:34:00,12.464703,37.890663,3,930
2025-07-08 17:44:00,12.464703,37.890663,3,930
2025-07-08 17:54:00,12.464703,37.890663,3,930
2025-07-08 18:04:00,12.464703,37.890663,3,930
2025-07-08 18:14:00,12.464703,37.890663,3,930
2025-07-08 18:24:00,12.464703,37.890663,3,930
2025-07-08 18:34:00,12.464703,37.890663,3,930
2025-07-08 18:44:00,12.464703,37.890663,3,930
2025-07-08 18:54:00,12.464703,37.890663,3,930
2025-07-08 19:04:00,12.464703,37.890663,3,930
2025-07-08 19:14:00,12.464703,37.890663,3,930
2025-07-08 19:24:00,12.464703,37.890663,3,930
2025-07-08 19:34:00,12.464703,37.890663,3,930
2025-07-08 19:44:00,12.464703,37.890663,3,930
2025-07-08 19:54:00,12.464703,37.890663,3,930
2025-07-08 20:04:00,12.464703,37.890663,3,930
2025-07-08 20:14:00,12.464703,37.890663,3,930
2025-07-08 20:24:00,12.464703,37.890663,3,930
2025-07-08 20:34:00,12.464703,37.890663,3,930
2025-07-08 20:44:00,12.464703,37.890663,3,930
2025-07-08 20:54:00,12.464703,37.890663,3,930
2025-07-08 21:04:00,12.464703,37.890663,3,930
2025-07-08 21:14:00,12.464703,37.890663,3,930
2025-07-08 21:24:00,12.464703,37.890663,3,930
2025-07-08 21:34:00,12.464703,37.890663,3,930
2025-07-08 21:44:00,12.464703,37.890663,3,930
2025-07-08 21:54:00,12.464703,37.890663,3,930
2025-07-08 22:04:00,12.464703,37.890663,3,930
2025-07-08 22:14:00,12.464703,37.890663,3,930
2025-07-08 22:24:00,12.464703,37.890663,3,930
2025-07-08 22:34:00,12.464703,37.890663,3,930
2025-07-08 22:44:00,12.464703,37.890663,3,930
2025-07-08 22:54:00,12.464703,37.890663,3,930
2025-07-08 23:04:00,12.464703,37.890663,3,930
2025-07-08 23:14:00,12.464703,37.890663,3,930
2025-07-08 23:24:00,12.464703,37.890663,3,930
2025-07-08 23:34:00,12.464703,37.890663,3,930
2025-07-08 23:44:00,12.464703,37.890663,3,930
2025-07-08 23:54:00,12.464703,37.890663,3,930
2025-07-09 00:04:00,12.464703,37.890663,3,930
2025-07-09 00:14:00,12.464703,37.890663,3,930
2025-07-09 00:24:00,12.464703,37.890663,3,930
2025-07-09 00:34:00,12.464703,37.890663,3,930
2025-07-09 00:44:00,12.464703,37.890663,3,930
2025-07-09 00:54:00,12.464703,37.890663,3,930
2025-07-09 01:04:00,12.464703,37.890663,3,930
2025-07-09 01:14:00,12.464703,37.890663,3,930
2025-07-09 01:24:00,12.464703,37.890663,3,930
2025-07-09 01:34:00,12.464703,37.890663,3,930
2025-07-09 01:44:00,12.464703,37.890663,3,930
2025-07-09 01:54:00,12.464703,37.890663,3,930
2025-07-09 02:04:00,12.464703,37.890663,3,930
2025-07-09 02:14:00,12.464703,37.890663,3,930
2025-07-09 02:24:00,12.464703,37.890663,3,930
2025-07-09 02:34:00,12.464703,37.890663,3,930
2025-07-09 02:44:00,12.464703,37.890663,3,930
2025-07-09 02:54:00,12.464703,37.890663,3,930
2025-07-09 03:04:00,12.464703,37.890663,3,930
2025-07-09 03:14:00,12.464703,37.890663,3,930
2025-07-09 03:24:00,12.464703,37.890663,3,930
2025-07-09 03:34:00,12.464703,37.890663,3,930
2025-07-09 03:44:00,12.464703,37.890663,3,930
2025-07-09 03:54:00,12.464703,37.890663,3,930
2025-07-09 04:04:00,12.464703,37.890663,3,930
2025-07-09 04:14:00,12.464703,37.890663,3,930
2025-07-09 04:24:00,12.464703,37.890663,3,930
2025-07-09 04:34:00,12.464703,37.890663,3,930
2025-07-09 04:44:00,12.464703,37.890663,3,930
2025-07-09 04:54:00,12.464703,37.890663,3,930
2025-07-09 05:04:00,12.464703,37.890663,3,930
2025-07-09 05:14:00,12.464703,37.890663,3,930
2025-07-09 05:24:00,12.464703,37.890663,3,930
2025-07-09 05:34:00,12.464703,37.890663,3,930
2025-07-09 05:44:00,12.464703,37.890663,3,930
2025-07-09 05:54:00,12.464703,37.890663,3,930
2025-07-09 06:04:00,12.464703,37.890663,3,930
2025-07-09 06:14:00,12.465825,37.889507,3,930
2025-07-09 06:24:00,12.466881,37.88837,3,930
2025-07-09 06:34:00,12.467857,37.887184,3,930
2025-07-09 06:44:00,12.467857,37.887184,3,930
2025-07-09 06:54:00,12.467857,37.887184,3,930
2025-07-09 07:04:00,12.467857,37.887184,3,930
2025-07-09 07:14:00,12.467857,37.887184,3,930
2025-07-09 07:24:00,12.467857,37.887184,3,930
2025-07-09 07:34:00,12.467857,37.887184,3,930
2025-07-09 07:44:00,12.467857,37.887184,3,930
2025-07-09 07:54:00,12.467857,37.887184,3,930
2025-07-09 08:04:00,12.467857,37.887184,3,930
2025-07-09 08:14:00,12.467857,37.887184,3,930
2025-07-09 08:24:00,12.467857,37.887184,3,930
2025-07-09 08:34:00,12.467857,37.887184,3,930
2025-07-09 08:44:00,12.467857,37.887184,3,930
2025-07-09 08:54:00,12.467857,37.887184,3,930
2025-07-09 09:04:00,12.467857,37.887184,3,930
2025-07-09 09:14:00,12.467857,37.887184,3,930
2025-07-09 09:24:00,12.467857,37.887184,3,930
2025-07-09 09:34:00,12.467857,37.887184,3,930
2025-07-09 09:44:00,12.467857,37.887184,3,930
2025-07-09 09:54:00,12.467857,37.887184,3,930
2025-07-09 10:04:00,12.467857,37.887184,3,930
2025-07-09 10:14:00,12.467857,37.887184,3,930
2025-07-09 10:24:00,12.467857,37.887184,3,930
2025-07-09 10:34:00,12.467857,37.887184,3,930
2025-07-09 10:44:00,12.467857,37.887184,3,930
2025-07-09 10:54:00,12.467857,37.887184,3,930
2025-07-09 11:04:00,12.467857,37.887184,3,930
2025-07-09 11:14:00,12.467857,37.887184,3,930
2025-07-09 11:24:00,12.467857,37.887184,3,930
2025-07-09 11:34:00,12.467857,37.887184,3,930
2025-07-09 11:44:00,12.467857,37.887184,3,930
2025-07-09 11:54:00,12.467857,37.887184,3,930
2025-07-09 12:04:00,12.467857,37.887184,3,930
2025-07-09 12:14:00,12.467857,37.887184,3,930
2025-07-09 12:24:00,12.467857,37.887184,3,930
2025-07-09 12:34:00,12.467857,37.887184,3,930
2025-07-09 12:44:00,12.467857,37.887184,3,930
2025-07-09 12:54:00,12.467857,37.887184,3,930
2025-07-09 13:04:00,12.467857,37.887184,3,930
2025-07-09 13:14:00,12.467857,37.887184,3,930
2025-07-09 13:24:00,12.467857,37.887184,3,930
2025-07-09 13:34:00,12.467857,37.887184,3,930
2025-07-09 13:44:00,12.467857,37.887184,3,930
2025-07-09 13:54:00,12.467857,37.887184,3,930
2025-07-09 14:04:00,12.467857,37.887184,3,930
2025-07-09 14:14:00,12.467857,37.887184,3,930
2025-07-09 14:24:00,12.467857,37.887184,3,930
2025-07-09 14:34:00,12.467857,37.887184,3,930
2025-07-09 14:44:00,12.467857,37.887184,3,930
2025-07-09 14:54:00,12.467857,37.887184,3,930
2025-07-09 15:04:00,12.467857,37.887184,3,930
2025-07-09 15:14:00,12.467857,37.887184,3,930
2025-07-09 15:24:00,12.467857,37.887184,3,930
2025-07-09 15:34:00,12.467899,37.886375,3,930
2025-07-09 15:44:00,12.467899,37.886375,3,930
2025-07-09 15:54:00,12.467852,37.884815,3,930
2025-07-09 16:04:00,12.467707,37.88333,3,930
2025-07-09 16:14:00,12.467553,37.881874,3,930
2025-07-09 16:24:00,12.467471,37.880398,3,930
2025-07-09 16:34:00,12.467414,37.878845,3,930
2025-07-09 16:44:00,12.467262,37.877304,3,930
2025-07-09 16:54:00,12.4671335,37.875885,3,930
2025-07-09 17:04:00,12.4671,37.874535,3,930
2025-07-09 17:14:00,12.467137,37.87327,3,930
2025-07-09 17:24:00,12.467154,37.87207,3,930
2025-07-09 17:34:00,12.466989,37.870964,3,930
2025-07-09 17:44:00,12.466812,37.87046,3,930
2025-07-09 17:54:00,12.466812,37.87046,3,930
2025-07-09 18:04:00,12.466812,37.87046,3,930
2025-07-09 18:14:00,12.466812,37.87046,3,930
2025-07-09 18:24:00,12.466812,37.87046,3,930
2025-07-09 18:34:00,12.466812,37.87046,3,930
2025-07-09 18:44:00,12.466812,37.87046,3,930
2025-07-09 18:54:00,12.466812,37.87046,3,930
2025-07-09 19:04:00,12.466812,37.87046,3,930
2025-07-09 19:14:00,12.466812,37.87046,3,930
2025-07-09 19:24:00,12.466812,37.87046,3,930
2025-07-09 19:34:00,12.466812,37.87046,3,930
2025-07-09 19:44:00,12.466812,37.87046,3,930
2025-07-09 19:54:00,12.466812,37.87046,3,930
2025-07-09 20:04:00,12.466812,37.87046,3,930
2025-07-09 20:14:00,12.466812,37.87046,3,930
2025-07-09 20:24:00,12.466812,37.87046,3,930
2025-07-09 20:34:00,12.466812,37.87046,3,930
2025-07-09 20:44:00,12.466812,37.87046,3,930
2025-07-09 20:54:00,12.466812,37.87046,3,930
2025-07-09 21:04:00,12.466812,37.87046,3,930
2025-07-09 21:14:00,12.466812,37.87046,3,930
2025-07-09 21:24:00,12.466812,37.87046,3,930
2025-07-09 21:34:00,12.466812,37.87046,3,930
2025-07-09 21:44:00,12.466812,37.87046,3,930
2025-07-09 21:54:00,12.466812,37.87046,3,930
2025-07-09 22:04:00,12.466812,37.87046,3,930
2025-07-09 22:14:00,12.466812,37.87046,3,930
2025-07-09 22:24:00,12.466812,37.87046,3,930
2025-07-09 22:34:00,12.466812,37.87046,3,930
2025-07-09 22:44:00,12.466812,37.87046,3,930
2025-07-09 22:54:00,12.466812,37.87046,3,930
2025-07-09 23:04:00,12.466812,37.87046,3,930
2025-07-09 23:14:00,12.466812,37.87046,3,930
2025-07-09 23:24:00,12.466812,37.87046,3,930
2025-07-09 23:34:00,12.466812,37.87046,3,930
2025-07-09 23:44:00,12.466812,37.87046,3,930
2025-07-09 23:54:00,12.466812,37.87046,3,930
2025-07-10 00:04:00,12.466812,37.87046,3,930
2025-07-08 10:44:00,12.45028,37.88513,4,2520
2025-07-08 10:54:00,12.451108,37.88489,4,2520
2025-07-08 11:04:00,12.451948,37.88456,4,2520
2025-07-08 11:14:00,12.452782,37.88416,4,2520
2025-07-08 11:24:00,12.453577,37.88374,4,2520
2025-07-08 11:34:00,12.453577,37.88374,4,2520
2025-07-08 11:44:00,12.453577,37.88374,4,2520
2025-07-08 11:54:00,12.453577,37.88374,4,2520
2025-07-08 12:04:00,12.453577,37.88374,4,2520
2025-07-08 12:14:00,12.453577,37.88374,4,2520
2025-07-08 12:24:00,12.453577,37.88374,4,2520
2025-07-08 12:34:00,12.453577,37.88374,4,2520
2025-07-08 12:44:00,12.453577,37.88374,4,2520
2025-07-08 12:54:00,12.453577,37.88374,4,2520
2025-07-08 13:04:00,12.453577,37.88374,4,2520
2025-07-08 13:14:00,12.453577,37.88374,4,2520
2025-07-08 13:24:00,12.453577,37.88374,4,2520
2025-07-08 13:34:00,12.453577,37.88374,4,2520
2025-07-08 13:44:00,12.453577,37.88374,4,2520
2025-07-08 13:54:00,12.453577,37.88374,4,2520
2025-07-08 14:04:00,12.453577,37.88374,4,2520
2025-07-08 14:14:00,12.453577,37.88374,4,2520
2025-07-08 14:24:00,12.453577,37.88374,4,2520
2025-07-08 14:34:00,12.453577,37.88374,4,2520
2025-07-08 14:44:00,12.453577,37.88374,4,2520
2025-07-08 14:54:00,12.453577,37.88374,4,2520
2025-07-08 15:04:00,12.453577,37.88374,4,2520
2025-07-08 15:14:00,12.453577,37.88374,4,2520
2025-07-08 15:24:00,12.453577,37.88374,4,2520
2025-07-08 15:34:00,12.453577,37.88374,4,2520
2025-07-08 15:44:00,12.453577,37.88374,4,2520
2025-07-08 15:54:00,12.453577,37.88374,4,2520
2025-07-08 16:04:00,12.453577,37.88374,4,2520
2025-07-08 16:14:00,12.453577,37.88374,4,2520
2025-07-08 16:24:00,12.453577,37.88374,4,2520
2025-07-08 16:34:00,12.453577,37.88374,4,2520
2025-07-08 16:44:00,12.453577,37.88374,4,2520
2025-07-08 16:54:00,12.453577,37.88374,4,2520
2025-07-08 17:04:00,12.453577,37.88374,4,2520
2025-07-08 17:14:00,12.453577,37.88374,4,2520
2025-07-08 17:24:00,12.453577,37.88374,4,2520
2025-07-08 17:34:00,12.453577,37.88374,4,2520
2025-07-08 17:44:00,12.453577,37.88374,4,2520
2025-07-08 17:54:00,12.453577,37.88374,4,2520
2025-07-08 18:04:00,12.453577,37.88374,4,2520
2025-07-08 18:14:00,12.453577,37.88374,4,2520
2025-07-08 18:24:00,12.453577,37.88374,4,2520
2025-07-08 18:34:00,12.453577,37.88374,4,2520
2025-07-08 18:44:00,12.453577,37.88374,4,2520
2025-07-08 18:54:00,12.453577,37.88374,4,2520
2025-07-08 19:04:00,12.453577,37.88374,4,2520
2025-07-08 19:14:00,12.453577,37.88374,4,2520
2025-07-08 19:24:00,12.453577,37.88374,4,2520
2025-07-08 19:34:00,12.453577,37.88374,4,2520
2025-07-08 19:44:00,12.453577,37.88374,4,2520
2025-07-08 19:54:00,12.453577,37.88374,4,2520
2025-07-08 20:04:00,12.453577,37.88374,4,2520
2025-07-08 20:14:00,12.453577,37.88374,4,2520
2025-07-08 20:24:00,12.453577,37.88374,4,2520
2025-07-08 20:34:00,12.453577,37.88374,4,2520
2025-07-08 20:44:00,12.453577,37.88374,4,2520
2025-07-08 20:54:00,12.453577,37.88374,4,2520
2025-07-08 21:04:00,12.453577,37.88374,4,2520
2025-07-08 21:14:00,12.453577,37.88374,4,2520
2025-07-08 21:24:00,12.453577,37.88374,4,2520
2025-07-08 21:34:00,12.453577,37.88374,4,2520
2025-07-08 21:44:00,12.453577,37.88374,4,2520
2025-07-08 21:54:00,12.453577,37.88374,4,2520
2025-07-08 22:04:00,12.453577,37.88374,4,2520
2025-07-08 22:14:00,12.453577,37.88374,4,2520
2025-07-08 22:24:00,12.453577,37.88374,4,2520
2025-07-08 22:34:00,12.453577,37.88374,4,2520
2025-07-08 22:44:00,12.453577,37.88374,4,2520
2025-07-08 22:54:00,12.453577,37.88374,4,2520
2025-07-08 23:04:00,12.453577,37.88374,4,2520
2025-07-08 23:14:00,12.453577,37.88374,4,2520
2025-07-08 23:24:00,12.453577,37.88374,4,2520
2025-07-08 23:34:00,12.453577,37.88374,4,2520
2025-07-08 23:44:00,12.453577,37.88374,4,2520
2025-07-08 23:54:00,12.453577,37.88374,4,2520
2025-07-09 00:04:00,12.453577,37.88374,4,2520
2025-07-09 00:14:00,12.453577,37.88374,4,2520
2025-07-09 00:24:00,12.453577,37.88374,4,2520
2025-07-09 00:34:00,12.453577,37.88374,4,2520
2025-07-09 00:44:00,12.453577,37.88374,4,2520
2025-07-09 00:54:00,12.453577,37.88374,4,2520
2025-07-09 01:04:00,12.453577,37.88374,4,2520
2025-07-09 01:14:00,12.453577,37.88374,4,2520
2025-07-09 01:24:00,12.453577,37.88374,4,2520
2025-07-09 01:34:00,12.453577,37.88374,4,2520
2025-07-09 01:44:00,12.453577,37.88374,4,2520
2025-07-09 01:54:00,12.453577,37.88374,4,2520
2025-07-09 02:04:00,12.453577,37.88374,4,2520
2025-07-09 02:14:00,12.453577,37.88374,4,2520
2025-07-09 02:24:00,12.453577,37.88374,4,2520
2025-07-09 02:34:00,12.453577,37.88374,4,2520
2025-07-09 02:44:00,12.453577,37.88374,4,2520
2025-07-09 02:54:00,12.453577,37.88374,4,2520
2025-07-09 03:04:00,12.453577,37.88374,4,2520
2025-07-09 03:14:00,12.453577,37.88374,4,2520
2025-07-09 03:24:00,12.453577,37.88374,4,2520
2025-07-09 03:34:00,12.453577,37.88374,4,2520
2025-07-09 03:44:00,12.453577,37.88374,4,2520
2025-07-09 03:54:00,12.453577,37.88374,4,2520
2025-07-09 04:04:00,12.453577,37.88374,4,2520
2025-07-09 04:14:00,12.453577,37.88374,4,2520
2025-07-09 04:24:00,12.453577,37.88374,4,2520
2025-07-09 04:34:00,12.453577,37.88374,4,2520
2025-07-09 04:44:00,12.453577,37.88374,4,2520
2025-07-09 04:54:00,12.453577,37.88374,4,2520
2025-07-09 05:04:00,12.453577,37.88374,4,2520
2025-07-09 05:14:00,12.453577,37.88374,4,2520
2025-07-09 05:24:00,12.453577,37.88374,4,2520
2025-07-09 05:34:00,12.453577,37.88374,4,2520
2025-07-09 05:44:00,12.453577,37.88374,4,2520
2025-07-09 05:54:00,12.453577,37.88374,4,2520
2025-07-09 06:04:00,12.453577,37.88374,4,2520
2025-07-09 06:14:00,12.453577,37.88374,4,2520
2025-07-09 06:24:00,12.453577,37.88374,4,2520
2025-07-09 06:34:00,12.453577,37.88374,4,2520
2025-07-09 06:44:00,12.453577,37.88374,4,2520
2025-07-09 06:54:00,12.453577,37.88374,4,2520
2025-07-09 07:04:00,12.453577,37.88374,4,2520
2025-07-09 07:14:00,12.453577,37.88374,4,2520
2025-07-09 07:24:00,12.453577,37.88374,4,2520
2025-07-09 07:34:00,12.453577,37.88374,4,2520
2025-07-09 07:44:00,12.453577,37.88374,4,2520
2025-07-09 07:54:00,12.453577,37.88374,4,2520
2025-07-09 08:04:00,12.453577,37.88374,4,2520
2025-07-09 08:14:00,12.453577,37.88374,4,2520
2025-07-09 08:24:00,12.453577,37.88374,4,2520
2025-07-09 08:34:00,12.453577,37.88374,4,2520
2025-07-09 08:44:00,12.453577,37.88374,4,2520
2025-07-09 08:54:00,12.453577,37.88374,4,2520
2025-07-09 09:04:00,12.453577,37.88374,4,2520
2025-07-09 09:14:00,12.453577,37.88374,4,2520
2025-07-09 09:24:00,12.453577,37.88374,4,2520
2025-07-09 09:34:00,12.453577,37.88374,4,2520
2025-07-09 09:44:00,12.453577,37.88374,4,2520
2025-07-09 09:54:00,12.453577,37.88374,4,2520
2025-07-09 10:04:00,12.453577,37.88374,4,2520
2025-07-09 10:14:00,12.453577,37.88374,4,2520
2025-07-09 10:24:00,12.453577,37.88374,4,2520
2025-07-09 10:34:00,12.453577,37.88374,4,2520
2025-07-09 10:44:00,12.453577,37.88374,4,2520
2025-07-09 10:54:00,12.453577,37.88374,4,2520
2025-07-09 11:04:00,12.453577,37.88374,4,2520
2025-07-09 11:14:00,12.453577,37.88374,4,2520
2025-07-09 11:24:00,12.453577,37.88374,4,2520
2025-07-09 11:34:00,12.453577,37.88374,4,2520
2025-07-09 11:44:00,12.453577,37.88374,4,2520
2025-07-09 11:54:00,12.453577,37.88374,4,2520
2025-07-09 12:04:00,12.453577,37.88374,4,2520
2025-07-09 12:14:00,12.453577,37.88374,4,2520
2025-07-09 12:24:00,12.453577,37.88374,4,2520
2025-07-09 12:34:00,12.453577,37.88374,4,2520
2025-07-09 12:44:00,12.453577,37.88374,4,2520
2025-07-09 12:54:00,12.453577,37.88374,4,2520
2025-07-09 13:04:00,12.453577,37.88374,4,2520
2025-07-09 13:14:00,12.453577,37.88374,4,2520
2025-07-09 13:24:00,12.453577,37.88374,4,2520
2025-07-09 13:34:00,12.453577,37.88374,4,2520
2025-07-09 13:44:00,12.453577,37.88374,4,2520
2025-07-09 13:54:00,12.453577,37.88374,4,2520
2025-07-09 14:04:00,12.453577,37.88374,4,2520
2025-07-09 14:14:00,12.453814,37.882214,4,2520
2025-07-09 14:24:00,12.454001,37.88069,4,2520
2025-07-09 14:34:00,12.454106,37.879208,4,2520
2025-07-09 14:44:00,12.454089,37.877716,4,2520
2025-07-09 14:54:00,12.454001,37.876255,4,2520
2025-07-09 15:04:00,12.453919,37.87477,4,2520
2025-07-09 15:14:00,12.453876,37.87325,4,2520
2025-07-09 15:24:00,12.453764,37.871773,4,2520
2025-07-09 15:34:00,12.453596,37.87048,4,2520
2025-07-09 15:44:00,12.453443,37.869286,4,2520
2025-07-09 15:54:00,12.45327,37.868137,4,2520
2025-07-09 16:04:00,12.453088,37.867035,4,2520
2025-07-09 16:14:00,12.452925,37.86596,4,2520
2025-07-09 16:24:00,12.452783,37.864902,4,2520
2025-07-09 16:34:00,12.452641,37.863865,4,2520
2025-07-09 16:44:00,12.452494,37.862816,4,2520
2025-07-09 16:54:00,12.452341,37.86173,4,2520
2025-07-09 17:04:00,12.452196,37.860558,4,2520
2025-07-09 17:14:00,12.452037,37.85935,4,2520
2025-07-09 17:24:00,12.451875,37.8581,4,2520
2025-07-09 17:34:00,12.45175,37.856796,4,2520
2025-07-09 17:44:00,12.451588,37.85553,4,2520
2025-07-09 17:54:00,12.451545,37.854275,4,2520
2025-07-09 18:04:00,12.451589,37.85302,4,2520
2025-07-09 18:14:00,12.451461,37.85173,4,2520
2025-07-09 18:24:00,12.451197,37.85042,4,2520
2025-07-09 18:34:00,12.450873,37.84915,4,2520
2025-07-09 18:44:00,12.45045,37.84799,4,2520
2025-07-09 18:54:00,12.449889,37.847023,4,2520
2025-07-09 19:04:00,12.449383,37.846027,4,2520
2025-07-09 19:14:00,12.449022,37.844955,4,2520
2025-07-09 19:24:00,12.448725,37.843803,4,2520
2025-07-09 19:34:00,12.448409,37.842636,4,2520
2025-07-09 19:44:00,12.447973,37.841488,4,2520
2025-07-09 19:54:00,12.447419,37.8404,4,2520
2025-07-09 20:04:00,12.446882,37.839504,4,2520
2025-07-09 20:14:00,12.446206,37.838688,4,2520
2025-07-09 20:24:00,12.445335,37.837875,4,2520
2025-07-09 20:34:00,12.444518,37.837097,4,2520
2025-07-09 20:44:00,12.443904,37.836323,4,2520
2025-07-09 20:54:00,12.443559,37.835495,4,2520
2025-07-09 21:04:00,12.443459,37.834602,4,2520
2025-07-09 21:14:00,12.4435005,37.833633,4,2520
2025-07-09 21:24:00,12.443527,37.83263,4,2520
2025-07-09 21:34:00,12.443341,37.83163,4,2520
2025-07-09 21:44:00,12.442905,37.83064,4,2520
2025-07-09 21:54:00,12.442185,37.829704,4,2520
2025-07-09 22:04:00,12.441264,37.828815,4,2520
2025-07-09 22:14:00,12.440313,37.827957,4,2520
2025-07-09 22:24:00,12.439477,37.827087,4,2520
2025-07-09 22:34:00,12.43881,37.826157,4,2520
2025-07-09 22:44:00,12.438378,37.825134,4,2520
2025-07-09 22:54:00,12.438103,37.824055,4,2520
2025-07-09 23:04:00,12.437871,37.822906,4,2520
2025-07-09 23:14:00,12.437495,37.821762,4,2520
2025-07-09 23:24:00,12.437026,37.82071,4,2520
2025-07-09 23:34:00,12.436537,37.819748,4,2520
2025-07-09 23:44:00,12.436014,37.818882,4,2520
2025-07-09 23:54:00,12.435445,37.818077,4,2520
2025-07-10 00:04:00,12.435145,37.817444,4,2520
2025-07-08 10:44:00,12.45017,37.8852,4,7520
2025-07-08 10:54:00,12.450994,37.884975,4,7520
2025-07-08 11:04:00,12.451827,37.88465,4,7520
2025-07-08 11:14:00,12.452656,37.88426,4,7520
2025-07-08 11:24:00,12.45345,37.88383,4,7520
2025-07-08 11:34:00,12.45345,37.88383,4,7520
2025-07-08 11:44:00,12.45345,37.88383,4,7520
2025-07-08 11:54:00,12.45345,37.88383,4,7520
2025-07-08 12:04:00,12.45345,37.88383,4,7520
2025-07-08 12:14:00,12.45345,37.88383,4,7520
2025-07-08 12:24:00,12.45345,37.88383,4,7520
2025-07-08 12:34:00,12.45345,37.88383,4,7520
2025-07-08 12:44:00,12.45345,37.88383,4,7520
2025-07-08 12:54:00,12.45345,37.88383,4,7520
2025-07-08 13:04:00,12.45345,37.88383,4,7520
2025-07-08 13:14:00,12.45345,37.88383,4,7520
2025-07-08 13:24:00,12.45345,37.88383,4,7520
2025-07-08 13:34:00,12.45345,37.88383,4,7520
2025-07-08 13:44:00,12.45345,37.88383,4,7520
2025-07-08 13:54:00,12.45345,37.88383,4,7520
2025-07-08 14:04:00,12.45345,37.88383,4,7520
2025-07-08 14:14:00,12.45345,37.88383,4,7520
2025-07-08 14:24:00,12.45345,37.88383,4,7520
2025-07-08 14:34:00,12.45345,37.88383,4,7520
2025-07-08 14:44:00,12.45345,37.88383,4,7520
2025-07-08 14:54:00,12.45345,37.88383,4,7520
2025-07-08 15:04:00,12.45345,37.88383,4,7520
2025-07-08 15:14:00,12.45345,37.88383,4,7520
2025-07-08 15:24:00,12.45345,37.88383,4,7520
2025-07-08 15:34:00,12.45345,37.88383,4,7520
2025-07-08 15:44:00,12.45345,37.88383,4,7520
2025-07-08 15:54:00,12.45345,37.88383,4,7520
2025-07-08 16:04:00,12.45345,37.88383,4,7520
2025-07-08 16:14:00,12.45345,37.88383,4,7520
2025-07-08 16:24:00,12.45345,37.88383,4,7520
2025-07-08 16:34:00,12.45345,37.88383,4,7520
2025-07-08 16:44:00,12.45345,37.88383,4,7520
2025-07-08 16:54:00,12.45345,37.88383,4,7520
2025-07-08 17:04:00,12.45345,37.88383,4,7520
2025-07-08 17:14:00,12.45345,37.88383,4,7520
2025-07-08 17:24:00,12.45345,37.88383,4,7520
2025-07-08 17:34:00,12.45345,37.88383,4,7520
2025-07-08 17:44:00,12.45345,37.88383,4,7520
2025-07-08 17:54:00,12.45345,37.88383,4,7520
2025-07-08 18:04:00,12.45345,37.88383,4,7520
2025-07-08 18:14:00,12.45345,37.88383,4,7520
2025-07-08 18:24:00,12.45345,37.88383,4,7520
2025-07-08 18:34:00,12.45345,37.88383,4,7520
2025-07-08 18:44:00,12.45345,37.88383,4,7520
2025-07-08 18:54:00,12.45345,37.88383,4,7520
2025-07-08 19:04:00,12.45345,37.88383,4,7520
2025-07-08 19:14:00,12.45345,37.88383,4,7520
2025-07-08 19:24:00,12.45345,37.88383,4,7520
2025-07-08 19:34:00,12.45345,37.88383,4,7520
2025-07-08 19:44:00,12.45345,37.88383,4,7520
2025-07-08 19:54:00,12.45345,37.88383,4,7520
2025-07-08 20:04:00,12.45345,37.88383,4,7520
2025-07-08 20:14:00,12.45345,37.88383,4,7520
2025-07-08 20:24:00,12.45345,37.88383,4,7520
2025-07-08 20:34:00,12.45345,37.88383,4,7520
2025-07-08 20:44:00,12.45345,37.88383,4,7520
2025-07-08 20:54:00,12.45345,37.88383,4,7520
2025-07-08 21:04:00,12.45345,37.88383,4,7520
2025-07-08 21:14:00,12.45345,37.88383,4,7520
2025-07-08 21:24:00,12.45345,37.88383,4,7520
2025-07-08 21:34:00,12.45345,37.88383,4,7520
2025-07-08 21:44:00,12.45345,37.88383,4,7520
2025-07-08 21:54:00,12.45345,37.88383,4,7520
2025-07-08 22:04:00,12.45345,37.88383,4,7520
2025-07-08 22:14:00,12.45345,37.88383,4,7520
2025-07-08 22:24:00,12.45345,37.88383,4,7520
2025-07-08 22:34:00,12.45345,37.88383,4,7520
2025-07-08 22:44:00,12.45345,37.88383,4,7520
2025-07-08 22:54:00,12.45345,37.88383,4,7520
2025-07-08 23:04:00,12.45345,37.88383,4,7520
2025-07-08 23:14:00,12.45345,37.88383,4,7520
2025-07-08 23:24:00,12.45345,37.88383,4,7520
2025-07-08 23:34:00,12.45345,37.88383,4,7520
2025-07-08 23:44:00,12.45345,37.88383,4,7520
2025-07-08 23:54:00,12.45345,37.88383,4,7520
2025-07-09 00:04:00,12.45345,37.88383,4,7520
2025-07-09 00:14:00,12.45345,37.88383,4,7520
2025-07-09 00:24:00,12.45345,37.88383,4,7520
2025-07-09 00:34:00,12.45345,37.88383,4,7520
2025-07-09 00:44:00,12.45345,37.88383,4,7520
2025-07-09 00:54:00,12.45345,37.88383,4,7520
2025-07-09 01:04:00,12.45345,37.88383,4,7520
2025-07-09 01:14:00,12.45345,37.88383,4,7520
2025-07-09 01:24:00,12.45345,37.88383,4,7520
2025-07-09 01:34:00,12.45345,37.88383,4,7520
2025-07-09 01:44:00,12.45345,37.88383,4,7520
2025-07-09 01:54:00,12.45345,37.88383,4,7520
2025-07-09 02:04:00,12.45345,37.88383,4,7520
2025-07-09 02:14:00,12.45345,37.88383,4,7520
2025-07-09 02:24:00,12.45345,37.88383,4,7520
2025-07-09 02:34:00,12.45345,37.88383,4,7520
2025-07-09 02:44:00,12.45345,37.88383,4,7520
2025-07-09 02:54:00,12.45345,37.88383,4,7520
2025-07-09 03:04:00,12.45345,37.88383,4,7520
2025-07-09 03:14:00,12.45345,37.88383,4,7520
2025-07-09 03:24:00,12.45345,37.88383,4,7520
2025-07-09 03:34:00,12.45345,37.88383,4,7520
2025-07-09 03:44:00,12.45345,37.88383,4,7520
2025-07-09 03:54:00,12.45345,37.88383,4,7520
2025-07-09 04:04:00,12.45345,37.88383,4,7520
2025-07-09 04:14:00,12.45345,37.88383,4,7520
2025-07-09 04:24:00,12.45345,37.88383,4,7520
2025-07-09 04:34:00,12.45345,37.88383,4,7520
2025-07-09 04:44:00,12.45345,37.88383,4,7520
2025-07-09 04:54:00,12.45345,37.88383,4,7520
2025-07-09 05:04:00,12.45345,37.88383,4,7520
2025-07-09 05:14:00,12.45345,37.88383,4,7520
2025-07-09 05:24:00,12.45345,37.88383,4,7520
2025-07-09 05:34:00,12.45345,37.88383,4,7520
2025-07-09 05:44:00,12.45345,37.88383,4,7520
2025-07-09 05:54:00,12.45345,37.88383,4,7520
2025-07-09 06:04:00,12.45345,37.88383,4,7520
2025-07-09 06:14:00,12.45345,37.88383,4,7520
2025-07-09 06:24:00,12.45345,37.88383,4,7520
2025-07-09 06:34:00,12.45345,37.88383,4,7520
2025-07-09 06:44:00,12.45345,37.88383,4,7520
2025-07-09 06:54:00,12.45345,37.88383,4,7520
2025-07-09 07:04:00,12.45345,37.88383,4,7520
2025-07-09 07:14:00,12.45345,37.88383,4,7520
2025-07-09 07:24:00,12.45345,37.88383,4,7520
2025-07-09 07:34:00,12.45345,37.88383,4,7520
2025-07-09 07:44:00,12.45345,37.88383,4,7520
2025-07-09 07:54:00,12.45345,37.88383,4,7520
2025-07-09 08:04:00,12.45345,37.88383,4,7520
2025-07-09 08:14:00,12.45345,37.88383,4,7520
2025-07-09 08:24:00,12.45345,37.88383,4,7520
2025-07-09 08:34:00,12.45345,37.88383,4,7520
2025-07-09 08:44:00,12.45345,37.88383,4,7520
2025-07-09 08:54:00,12.45345,37.88383,4,7520
2025-07-09 09:04:00,12.45345,37.88383,4,7520
2025-07-09 09:14:00,12.45345,37.88383,4,7520
2025-07-09 09:24:00,12.45345,37.88383,4,7520
2025-07-09 09:34:00,12.45345,37.88383,4,7520
2025-07-09 09:44:00,12.45345,37.88383,4,7520
2025-07-09 09:54:00,12.45345,37.88383,4,7520
2025-07-09 10:04:00,12.45345,37.88383,4,7520
2025-07-09 10:14:00,12.45345,37.88383,4,7520
2025-07-09 10:24:00,12.45345,37.88383,4,7520
2025-07-09 10:34:00,12.45345,37.88383,4,7520
2025-07-09 10:44:00,12.45345,37.88383,4,7520
2025-07-09 10:54:00,12.45345,37.88383,4,7520
2025-07-09 11:04:00,12.45345,37.88383,4,7520
2025-07-09 11:14:00,12.45345,37.88383,4,7520
2025-07-09 11:24:00,12.45345,37.88383,4,7520
2025-07-09 11:34:00,12.45345,37.88383,4,7520
2025-07-09 11:44:00,12.45345,37.88383,4,7520
2025-07-09 11:54:00,12.45345,37.88383,4,7520
2025-07-09 12:04:00,12.45345,37.88383,4,7520
2025-07-09 12:14:00,12.45345,37.88383,4,7520
2025-07-09 12:24:00,12.45345,37.88383,4,7520
2025-07-09 12:34:00,12.45345,37.88383,4,7520
2025-07-09 12:44:00,12.45345,37.88383,4,7520
2025-07-09 12:54:00,12.45345,37.88383,4,7520
2025-07-09 13:04:00,12.453707,37.88309,4,7520
2025-07-09 13:14:00,12.453707,37.88309,4,7520
2025-07-09 13:24:00,12.453707,37.88309,4,7520
2025-07-09 13:34:00,12.453707,37.88309,4,7520
2025-07-09 13:44:00,12.453707,37.88309,4,7520
2025-07-09 13:54:00,12.453707,37.88309,4,7520
2025-07-09 14:04:00,12.453707,37.88309,4,7520
2025-07-09 14:14:00,12.453707,37.88309,4,7520
2025-07-09 14:24:00,12.453901,37.881542,4,7520
2025-07-09 14:34:00,12.454048,37.880016,4,7520
2025-07-09 14:44:00,12.454081,37.878494,4,7520
2025-07-09 14:54:00,12.454011,37.876995,4,7520
2025-07-09 15:04:00,12.4539,37.875504,4,7520
2025-07-09 15:14:00,12.453838,37.874016,4,7520
2025-07-09 15:24:00,12.453793,37.872517,4,7520
2025-07-09 15:34:00,12.453626,37.871143,4,7520
2025-07-09 15:44:00,12.453477,37.86992,4,7520
2025-07-09 15:54:00,12.4533205,37.868755,4,7520
2025-07-09 16:04:00,12.453142,37.867638,4,7520
2025-07-09 16:14:00,12.452968,37.866554,4,7520
2025-07-09 16:24:00,12.452819,37.865482,4,7520
2025-07-09 16:34:00,12.452681,37.864437,4,7520
2025-07-09 16:44:00,12.452541,37.863388,4,7520
2025-07-09 16:54:00,12.4524,37.862316,4,7520
2025-07-09 17:04:00,12.452253,37.86118,4,7520
2025-07-09 17:14:00,12.452103,37.859978,4,7520
2025-07-09 17:24:00,12.45193,37.858757,4,7520
2025-07-09 17:34:00,12.451787,37.85748,4,7520
2025-07-09 17:44:00,12.451638,37.856186,4,7520
2025-07-09 17:54:00,12.451495,37.85494,4,7520
2025-07-09 18:04:00,12.451525,37.8537,4,7520
2025-07-09 18:14:00,12.451502,37.85244,4,7520
2025-07-09 18:24:00,12.451299,37.851154,4,7520
2025-07-09 18:34:00,12.451002,37.84986,4,7520
2025-07-09 18:44:00,12.450654,37.848644,4,7520
2025-07-09 18:54:00,12.450164,37.847607,4,7520
2025-07-09 19:04:00,12.449601,37.846672,4,7520
2025-07-09 19:14:00,12.449162,37.845654,4,7520
2025-07-09 19:24:00,12.448832,37.844543,4,7520
2025-07-09 19:34:00,12.448524,37.84338,4,7520
2025-07-09 19:44:00,12.44819,37.84222,4,7520
2025-07-09 19:54:00,12.447697,37.841087,4,7520
2025-07-09 20:04:00,12.447114,37.840065,4,7520
2025-07-09 20:14:00,12.446543,37.839233,4,7520
2025-07-09 20:24:00,12.445718,37.838425,4,7520
2025-07-09 20:34:00,12.444834,37.83765,4,7520
2025-07-09 20:44:00,12.444128,37.8369,4,7520
2025-07-09 20:54:00,12.443668,37.83613,4,7520
2025-07-09 21:04:00,12.443459,37.835297,4,7520
2025-07-09 21:14:00,12.443374,37.834393,4,7520
2025-07-09 21:24:00,12.443384,37.833424,4,7520
2025-07-09 21:34:00,12.443336,37.832428,4,7520
2025-07-09 21:44:00,12.443064,37.831425,4,7520
2025-07-09 21:54:00,12.442528,37.830444,4,7520
2025-07-09 22:04:00,12.441708,37.829517,4,7520
2025-07-09 22:14:00,12.440741,37.828648,4,7520
2025-07-09 22:24:00,12.439814,37.827805,4,7520
2025-07-09 22:34:00,12.439024,37.826927,4,7520
2025-07-09 22:44:00,12.4384575,37.82596,4,7520
2025-07-09 22:54:00,12.438118,37.82491,4,7520
2025-07-09 23:04:00,12.437908,37.82381,4,7520
2025-07-09 23:14:00,12.437674,37.822693,4,7520
2025-07-09 23:24:00,12.437281,37.821594,4,7520
2025-07-09 23:34:00,12.436822,37.820595,4,7520
2025-07-09 23:44:00,12.436349,37.819687,4,7520
2025-07-09 23:54:00,12.4358425,37.818867,4,7520
2025-07-10 00:04:00,12.435572,37.818233,4,7520
2025-07-08 10:44:00,12.450542,37.88526,4,930
2025-07-08 10:54:00,12.451374,37.88499,4,930
2025-07-08 11:04:00,12.4522295,37.884647,4,930
2025-07-08 11:14:00,12.453071,37.88426,4,930
2025-07-08 11:24:00,12.453475,37.884056,4,930
2025-07-08 11:34:00,12.453475,37.884056,4,930
2025-07-08 11:44:00,12.453475,37.884056,4,930
2025-07-08 11:54:00,12.453475,37.884056,4,930
2025-07-08 12:04:00,12.453475,37.884056,4,930
2025-07-08 12:14:00,12.453475,37.884056,4,930
2025-07-08 12:24:00,12.453475,37.884056,4,930
2025-07-08 12:34:00,12.453475,37.884056,4,930
2025-07-08 12:44:00,12.453475,37.884056,4,930
2025-07-08 12:54:00,12.453475,37.884056,4,930
2025-07-08 13:04:00,12.453475,37.884056,4,930
2025-07-08 13:14:00,12.453475,37.884056,4,930
2025-07-08 13:24:00,12.453475,37.884056,4,930
2025-07-08 13:34:00,12.453475,37.884056,4,930
2025-07-08 13:44:00,12.453475,37.884056,4,930
2025-07-08 13:54:00,12.453475,37.884056,4,930
2025-07-08 14:04:00,12.453475,37.884056,4,930
2025-07-08 14:14:00,12.453475,37.884056,4,930
2025-07-08 14:24:00,12.453475,37.884056,4,930
2025-07-08 14:34:00,12.453475,37.884056,4,930
2025-07-08 14:44:00,12.453475,37.884056,4,930
2025-07-08 14:54:00,12.453475,37.884056,4,930
2025-07-08 15:04:00,12.453475,37.884056,4,930
2025-07-08 15:14:00,12.453475,37.884056,4,930
2025-07-08 15:24:00,12.453475,37.884056,4,930
2025-07-08 15:34:00,12.453475,37.884056,4,930
2025-07-08 15:44:00,12.453475,37.884056,4,930
2025-07-08 15:54:00,12.453475,37.884056,4,930
2025-07-08 16:04:00,12.453475,37.884056,4,930
2025-07-08 16:14:00,12.453475,37.884056,4,930
2025-07-08 16:24:00,12.453475,37.884056,4,930
2025-07-08 16:34:00,12.453475,37.884056,4,930
2025-07-08 16:44:00,12.453475,37.884056,4,930
2025-07-08 16:54:00,12.453475,37.884056,4,930
2025-07-08 17:04:00,12.453475,37.884056,4,930
2025-07-08 17:14:00,12.453475,37.884056,4,930
2025-07-08 17:24:00,12.453475,37.884056,4,930
2025-07-08 17:34:00,12.453475,37.884056,4,930
2025-07-08 17:44:00,12.453475,37.884056,4,930
2025-07-08 17:54:00,12.453475,37.884056,4,930
2025-07-08 18:04:00,12.453475,37.884056,4,930
2025-07-08 18:14:00,12.453475,37.884056,4,930
2025-07-08 18:24:00,12.453475,37.884056,4,930
2025-07-08 18:34:00,12.453475,37.884056,4,930
2025-07-08 18:44:00,12.453475,37.884056,4,930
2025-07-08 18:54:00,12.453475,37.884056,4,930
2025-07-08 19:04:00,12.453475,37.884056,4,930
2025-07-08 19:14:00,12.453475,37.884056,4,930
2025-07-08 19:24:00,12.453475,37.884056,4,930
2025-07-08 19:34:00,12.453475,37.884056,4,930
2025-07-08 19:44:00,12.453475,37.884056,4,930
2025-07-08 19:54:00,12.453475,37.884056,4,930
2025-07-08 20:04:00,12.453475,37.884056,4,930
2025-07-08 20:14:00,12.453475,37.884056,4,930
2025-07-08 20:24:00,12.453475,37.884056,4,930
2025-07-08 20:34:00,12.453475,37.884056,4,930
2025-07-08 20:44:00,12.453475,37.884056,4,930
2025-07-08 20:54:00,12.453475,37.884056,4,930
2025-07-08 21:04:00,12.453475,37.884056,4,930
2025-07-08 21:14:00,12.453475,37.884056,4,930
2025-07-08 21:24:00,12.453475,37.884056,4,930
2025-07-08 21:34:00,12.453475,37.884056,4,930
2025-07-08 21:44:00,12.453475,37.884056,4,930
2025-07-08 21:54:00,12.453475,37.884056,4,930
2025-07-08 22:04:00,12.453475,37.884056,4,930
2025-07-08 22:14:00,12.453475,37.884056,4,930
2025-07-08 22:24:00,12.453475,37.884056,4,930
2025-07-08 22:34:00,12.453475,37.884056,4,930
2025-07-08 22:44:00,12.453475,37.884056,4,930
2025-07-08 22:54:00,12.453475,37.884056,4,930
2025-07-08 23:04:00,12.453475,37.884056,4,930
2025-07-08 23:14:00,12.453475,37.884056,4,930
2025-07-08 23:24:00,12.453475,37.884056,4,930
2025-07-08 23:34:00,12.453475,37.884056,4,930
2025-07-08 23:44:00,12.453475,37.884056,4,930
2025-07-08 23:54:00,12.453475,37.884056,4,930
2025-07-09 00:04:00,12.453475,37.884056,4,930
2025-07-09 00:14:00,12.453475,37.884056,4,930
2025-07-09 00:24:00,12.453475,37.884056,4,930
2025-07-09 00:34:00,12.453475,37.884056,4,930
2025-07-09 00:44:00,12.453475,37.884056,4,930
2025-07-09 00:54:00,12.453475,37.884056,4,930
2025-07-09 01:04:00,12.453475,37.884056,4,930
2025-07-09 01:14:00,12.453475,37.884056,4,930
2025-07-09 01:24:00,12.453475,37.884056,4,930
2025-07-09 01:34:00,12.453475,37.884056,4,930
2025-07-09 01:44:00,12.453475,37.884056,4,930
2025-07-09 01:54:00,12.453475,37.884056,4,930
2025-07-09 02:04:00,12.453475,37.884056,4,930
2025-07-09 02:14:00,12.453475,37.884056,4,930
2025-07-09 02:24:00,12.453475,37.884056,4,930
2025-07-09 02:34:00,12.453475,37.884056,4,930
2025-07-09 02:44:00,12.453475,37.884056,4,930
2025-07-09 02:54:00,12.453475,37.884056,4,930
2025-07-09 03:04:00,12.453475,37.884056,4,930
2025-07-09 03:14:00,12.453475,37.884056,4,930
2025-07-09 03:24:00,12.453475,37.884056,4,930
2025-07-09 03:34:00,12.453475,37.884056,4,930
2025-07-09 03:44:00,12.453475,37.884056,4,930
2025-07-09 03:54:00,12.453475,37.884056,4,930
2025-07-09 04:04:00,12.453475,37.884056,4,930
2025-07-09 04:14:00,12.453475,37.884056,4,930
2025-07-09 04:24:00,12.453475,37.884056,4,930
2025-07-09 04:34:00,12.453475,37.884056,4,930
2025-07-09 04:44:00,12.453475,37.884056,4,930
2025-07-09 04:54:00,12.453475,37.884056,4,930
2025-07-09 05:04:00,12.453475,37.884056,4,930
2025-07-09 05:14:00,12.453475,37.884056,4,930
2025-07-09 05:24:00,12.453475,37.884056,4,930
2025-07-09 05:34:00,12.453475,37.884056,4,930
2025-07-09 05:44:00,12.453475,37.884056,4,930
2025-07-09 05:54:00,12.453475,37.884056,4,930
2025-07-09 06:04:00,12.453475,37.884056,4,930
2025-07-09 06:14:00,12.453475,37.884056,4,930
2025-07-09 06:24:00,12.453475,37.884056,4,930
2025-07-09 06:34:00,12.453475,37.884056,4,930
2025-07-09 06:44:00,12.453475,37.884056,4,930
2025-07-09 06:54:00,12.453475,37.884056,4,930
2025-07-09 07:04:00,12.453475,37.884056,4,930
2025-07-09 07:14:00,12.453475,37.884056,4,930
2025-07-09 07:24:00,12.453475,37.884056,4,930
2025-07-09 07:34:00,12.453475,37.884056,4,930
2025-07-09 07:44:00,12.453475,37.884056,4,930
2025-07-09 07:54:00,12.453475,37.884056,4,930
2025-07-09 08:04:00,12.453475,37.884056,4,930
2025-07-09 08:14:00,12.453475,37.884056,4,930
2025-07-09 08:24:00,12.453475,37.884056,4,930
2025-07-09 08:34:00,12.453475,37.884056,4,930
2025-07-09 08:44:00,12.453475,37.884056,4,930
2025-07-09 08:54:00,12.453475,37.884056,4,930
2025-07-09 09:04:00,12.453475,37.884056,4,930
2025-07-09 09:14:00,12.453475,37.884056,4,930
2025-07-09 09:24:00,12.453475,37.884056,4,930
2025-07-09 09:34:00,12.453475,37.884056,4,930
2025-07-09 09:44:00,12.453475,37.884056,4,930
2025-07-09 09:54:00,12.453475,37.884056,4,930
2025-07-09 10:04:00,12.453475,37.884056,4,930
2025-07-09 10:14:00,12.453475,37.884056,4,930
2025-07-09 10:24:00,12.453475,37.884056,4,930
2025-07-09 10:34:00,12.453475,37.884056,4,930
2025-07-09 10:44:00,12.453475,37.884056,4,930
2025-07-09 10:54:00,12.453475,37.884056,4,930
2025-07-09 11:04:00,12.453475,37.884056,4,930
2025-07-09 11:14:00,12.453475,37.884056,4,930
2025-07-09 11:24:00,12.453475,37.884056,4,930
2025-07-09 11:34:00,12.453475,37.884056,4,930
2025-07-09 11:44:00,12.453475,37.884056,4,930
2025-07-09 11:54:00,12.453475,37.884056,4,930
2025-07-09 12:04:00,12.453475,37.884056,4,930
2025-07-09 12:14:00,12.453475,37.884056,4,930
2025-07-09 12:24:00,12.453475,37.884056,4,930
2025-07-09 12:34:00,12.453475,37.884056,4,930
2025-07-09 12:44:00,12.453475,37.884056,4,930
2025-07-09 12:54:00,12.453475,37.884056,4,930
2025-07-09 13:04:00,12.453475,37.884056,4,930
2025-07-09 13:14:00,12.453705,37.88332,4,930
2025-07-09 13:24:00,12.453705,37.88332,4,930
2025-07-09 13:34:00,12.453705,37.88332,4,930
2025-07-09 13:44:00,12.453705,37.88332,4,930
2025-07-09 13:54:00,12.453705,37.88332,4,930
2025-07-09 14:04:00,12.453705,37.88332,4,930
2025-07-09 14:14:00,12.453705,37.88332,4,930
2025-07-09 14:24:00,12.453705,37.88332,4,930
2025-07-09 14:34:00,12.453705,37.88332,4,930
2025-07-09 14:44:00,12.453705,37.88332,4,930
2025-07-09 14:54:00,12.453705,37.88332,4,930
2025-07-09 15:04:00,12.453705,37.88332,4,930
2025-07-09 15:14:00,12.453705,37.88332,4,930
2025-07-09 15:24:00,12.453705,37.88332,4,930
2025-07-09 15:34:00,12.453705,37.88332,4,930
2025-07-09 15:44:00,12.453705,37.88332,4,930
2025-07-09 15:54:00,12.453705,37.88332,4,930
2025-07-09 16:04:00,12.453696,37.882595,4,930
2025-07-09 16:14:00,12.453661,37.881153,4,930
2025-07-09 16:24:00,12.453596,37.879738,4,930
2025-07-09 16:34:00,12.453493,37.878307,4,930
2025-07-09 16:44:00,12.453364,37.87691,4,930
2025-07-09 16:54:00,12.453261,37.87553,4,930
2025-07-09 17:04:00,12.45326,37.87412,4,930
2025-07-09 17:14:00,12.453322,37.87268,4,930
2025-07-09 17:24:00,12.453115,37.871296,4,930
2025-07-09 17:34:00,12.452817,37.870083,4,930
2025-07-09 17:44:00,12.452529,37.868946,4,930
2025-07-09 17:54:00,12.452221,37.867836,4,930
2025-07-09 18:04:00,12.451916,37.866745,4,930
2025-07-09 18:14:00,12.451659,37.865654,4,930
2025-07-09 18:24:00,12.45143,37.86456,4,930
2025-07-09 18:34:00,12.45123,37.86346,4,930
2025-07-09 18:44:00,12.451056,37.86232,4,930
2025-07-09 18:54:00,12.450896,37.86113,4,930
2025-07-09 19:04:00,12.450749,37.85992,4,930
2025-07-09 19:14:00,12.450638,37.858723,4,930
2025-07-09 19:24:00,12.450554,37.85753,4,930
2025-07-09 19:34:00,12.450388,37.85637,4,930
2025-07-09 19:44:00,12.45025,37.855267,4,930
2025-07-09 19:54:00,12.4503355,37.854248,4,930
2025-07-09 20:04:00,12.450474,37.85322,4,930
2025-07-09 20:14:00,12.450485,37.852104,4,930
2025-07-09 20:24:00,12.450383,37.85089,4,930
2025-07-09 20:34:00,12.450212,37.849625,4,930
2025-07-09 20:44:00,12.449985,37.848473,4,930
2025-07-09 20:54:00,12.449634,37.84759,4,930
2025-07-09 21:04:00,12.4492655,37.846645,4,930
2025-07-09 21:14:00,12.448937,37.845573,4,930
2025-07-09 21:24:00,12.448661,37.84438,4,930
2025-07-09 21:34:00,12.448325,37.843174,4,930
2025-07-09 21:44:00,12.44784,37.842033,4,930
2025-07-09 21:54:00,12.447194,37.840992,4,930
2025-07-09 22:04:00,12.446438,37.840084,4,930
2025-07-09 22:14:00,12.445541,37.839314,4,930
2025-07-09 22:24:00,12.44459,37.838608,4,930
2025-07-09 22:34:00,12.443708,37.83797,4,930
2025-07-09 22:44:00,12.442982,37.83731,4,930
2025-07-09 22:54:00,12.442436,37.836597,4,930
2025-07-09 23:04:00,12.442078,37.835835,4,930
2025-07-09 23:14:00,12.441874,37.835026,4,930
2025-07-09 23:24:00,12.44182,37.834187,4,930
2025-07-09 23:34:00,12.441891,37.83335,4,930
2025-07-09 23:44:00,12.441962,37.83253,4,930
2025-07-09 23:54:00,12.441859,37.83174,4,930
2025-07-10 00:04:00,12.441768,37.831112,4,930
2025-07-08 11:34:00,12.453664,37.874847,5,2520
2025-07-08 11:44:00,12.454267,37.874687,5,2520
2025-07-08 11:54:00,12.454821,37.874462,5,2520
2025-07-08 12:04:00,12.455319,37.87417,5,2520
2025-07-08 12:14:00,12.455811,37.87384,5,2520
2025-07-08 12:24:00,12.456322,37.87349,5,2520
2025-07-08 12:34:00,12.456861,37.873127,5,2520
2025-07-08 12:44:00,12.457439,37.872765,5,2520
2025-07-08 12:54:00,12.45807,37.872406,5,2520
2025-07-08 13:04:00,12.45876,37.872047,5,2520
2025-07-08 13:14:00,12.4595175,37.871655,5,2520
2025-07-08 13:24:00,12.46034,37.871212,5,2520
2025-07-08 13:34:00,12.461225,37.87072,5,2520
2025-07-08 13:44:00,12.462175,37.870163,5,2520
2025-07-08 13:54:00,12.462679,37.86986,5,2520
2025-07-08 14:04:00,12.462679,37.86986,5,2520
2025-07-08 14:14:00,12.462679,37.86986,5,2520
2025-07-08 14:24:00,12.462679,37.86986,5,2520
2025-07-08 14:34:00,12.462679,37.86986,5,2520
2025-07-08 14:44:00,12.462679,37.86986,5,2520
2025-07-08 14:54:00,12.462679,37.86986,5,2520
2025-07-08 15:04:00,12.462679,37.86986,5,2520
2025-07-08 15:14:00,12.462679,37.86986,5,2520
2025-07-08 15:24:00,12.462679,37.86986,5,2520
2025-07-08 15:34:00,12.462679,37.86986,5,2520
2025-07-08 15:44:00,12.462679,37.86986,5,2520
2025-07-08 15:54:00,12.462679,37.86986,5,2520
2025-07-08 16:04:00,12.462679,37.86986,5,2520
2025-07-08 16:14:00,12.462679,37.86986,5,2520
2025-07-08 16:24:00,12.462679,37.86986,5,2520
2025-07-08 16:34:00,12.462679,37.86986,5,2520
2025-07-08 16:44:00,12.462679,37.86986,5,2520
2025-07-08 16:54:00,12.462679,37.86986,5,2520
2025-07-08 17:04:00,12.462679,37.86986,5,2520
2025-07-08 17:14:00,12.462679,37.86986,5,2520
2025-07-08 17:24:00,12.462679,37.86986,5,2520
2025-07-08 17:34:00,12.462679,37.86986,5,2520
2025-07-08 17:44:00,12.463076,37.86955,5,2520
2025-07-08 17:54:00,12.463076,37.86955,5,2520
2025-07-08 18:04:00,12.463076,37.86955,5,2520
2025-07-08 18:14:00,12.463076,37.86955,5,2520
2025-07-08 18:24:00,12.463076,37.86955,5,2520
2025-07-08 18:34:00,12.463076,37.86955,5,2520
2025-07-08 18:44:00,12.463076,37.86955,5,2520
2025-07-08 18:54:00,12.463076,37.86955,5,2520
2025-07-08 19:04:00,12.463076,37.86955,5,2520
2025-07-08 19:14:00,12.463076,37.86955,5,2520
2025-07-08 19:24:00,12.463076,37.86955,5,2520
2025-07-08 19:34:00,12.463076,37.86955,5,2520
2025-07-08 19:44:00,12.463076,37.86955,5,2520
2025-07-08 19:54:00,12.463076,37.86955,5,2520
2025-07-08 20:04:00,12.463076,37.86955,5,2520
2025-07-08 20:14:00,12.463076,37.86955,5,2520
2025-07-08 20:24:00,12.463076,37.86955,5,2520
2025-07-08 20:34:00,12.463076,37.86955,5,2520
2025-07-08 20:44:00,12.463076,37.86955,5,2520
2025-07-08 20:54:00,12.463076,37.86955,5,2520
2025-07-08 21:04:00,12.463076,37.86955,5,2520
2025-07-08 21:14:00,12.463076,37.86955,5,2520
2025-07-08 21:24:00,12.463076,37.86955,5,2520
2025-07-08 21:34:00,12.463076,37.86955,5,2520
2025-07-08 21:44:00,12.463076,37.86955,5,2520
2025-07-08 21:54:00,12.463076,37.86955,5,2520
2025-07-08 22:04:00,12.463076,37.86955,5,2520
2025-07-08 22:14:00,12.463076,37.86955,5,2520
2025-07-08 22:24:00,12.463076,37.86955,5,2520
2025-07-08 22:34:00,12.463076,37.86955,5,2520
2025-07-08 22:44:00,12.463076,37.86955,5,2520
2025-07-08 22:54:00,12.463076,37.86955,5,2520
2025-07-08 23:04:00,12.463076,37.86955,5,2520
2025-07-08 23:14:00,12.463076,37.86955,5,2520
2025-07-08 23:24:00,12.463076,37.86955,5,2520
2025-07-08 23:34:00,12.463076,37.86955,5,2520
2025-07-08 23:44:00,12.463076,37.86955,5,2520
2025-07-08 23:54:00,12.463076,37.86955,5,2520
2025-07-09 00:04:00,12.463076,37.86955,5,2520
2025-07-09 00:14:00,12.463076,37.86955,5,2520
2025-07-09 00:24:00,12.463076,37.86955,5,2520
2025-07-09 00:34:00,12.463076,37.86955,5,2520
2025-07-09 00:44:00,12.463076,37.86955,5,2520
2025-07-09 00:54:00,12.463076,37.86955,5,2520
2025-07-09 01:04:00,12.463076,37.86955,5,2520
2025-07-09 01:14:00,12.463076,37.86955,5,2520
2025-07-09 01:24:00,12.463076,37.86955,5,2520
2025-07-09 01:34:00,12.463076,37.86955,5,2520
2025-07-09 01:44:00,12.463076,37.86955,5,2520
2025-07-09 01:54:00,12.463076,37.86955,5,2520
2025-07-09 02:04:00,12.463076,37.86955,5,2520
2025-07-09 02:14:00,12.463076,37.86955,5,2520
2025-07-09 02:24:00,12.463076,37.86955,5,2520
2025-07-09 02:34:00,12.463076,37.86955,5,2520
2025-07-09 02:44:00,12.463076,37.86955,5,2520
2025-07-09 02:54:00,12.463076,37.86955,5,2520
2025-07-09 03:04:00,12.463076,37.86955,5,2520
2025-07-09 03:14:00,12.463076,37.86955,5,2520
2025-07-09 03:24:00,12.463076,37.86955,5,2520
2025-07-09 03:34:00,12.463076,37.86955,5,2520
2025-07-09 03:44:00,12.463076,37.86955,5,2520
2025-07-09 03:54:00,12.463076,37.86955,5,2520
2025-07-09 04:04:00,12.463076,37.86955,5,2520
2025-07-09 04:14:00,12.463076,37.86955,5,2520
2025-07-09 04:24:00,12.463076,37.86955,5,2520
2025-07-09 04:34:00,12.463076,37.86955,5,2520
2025-07-09 04:44:00,12.463076,37.86955,5,2520
2025-07-09 04:54:00,12.463076,37.86955,5,2520
2025-07-09 05:04:00,12.463076,37.86955,5,2520
2025-07-09 05:14:00,12.463076,37.86955,5,2520
2025-07-09 05:24:00,12.463076,37.86955,5,2520
2025-07-09 05:34:00,12.463076,37.86955,5,2520
2025-07-09 05:44:00,12.463076,37.86955,5,2520
2025-07-09 05:54:00,12.463076,37.86955,5,2520
2025-07-09 06:04:00,12.463076,37.86955,5,2520
2025-07-09 06:14:00,12.463076,37.86955,5,2520
2025-07-09 06:24:00,12.463076,37.86955,5,2520
2025-07-09 06:34:00,12.463076,37.86955,5,2520
2025-07-09 06:44:00,12.463076,37.86955,5,2520
2025-07-09 06:54:00,12.463076,37.86955,5,2520
2025-07-09 07:04:00,12.463076,37.86955,5,2520
2025-07-09 07:14:00,12.463076,37.86955,5,2520
2025-07-09 07:24:00,12.463076,37.86955,5,2520
2025-07-09 07:34:00,12.463076,37.86955,5,2520
2025-07-09 07:44:00,12.463076,37.86955,5,2520
2025-07-09 07:54:00,12.463076,37.86955,5,2520
2025-07-09 08:04:00,12.463076,37.86955,5,2520
2025-07-09 08:14:00,12.463076,37.86955,5,2520
2025-07-09 08:24:00,12.463076,37.86955,5,2520
2025-07-09 08:34:00,12.463076,37.86955,5,2520
2025-07-09 08:44:00,12.463076,37.86955,5,2520
2025-07-09 08:54:00,12.463076,37.86955,5,2520
2025-07-09 09:04:00,12.463076,37.86955,5,2520
2025-07-09 09:14:00,12.463076,37.86955,5,2520
2025-07-09 09:24:00,12.463076,37.86955,5,2520
2025-07-09 09:34:00,12.463076,37.86955,5,2520
2025-07-09 09:44:00,12.463076,37.86955,5,2520
2025-07-09 09:54:00,12.463076,37.86955,5,2520
2025-07-09 10:04:00,12.463076,37.86955,5,2520
2025-07-09 10:14:00,12.463076,37.86955,5,2520
2025-07-09 10:24:00,12.463076,37.86955,5,2520
2025-07-09 10:34:00,12.463076,37.86955,5,2520
2025-07-09 10:44:00,12.463076,37.86955,5,2520
2025-07-09 10:54:00,12.463076,37.86955,5,2520
2025-07-09 11:04:00,12.463076,37.86955,5,2520
2025-07-09 11:14:00,12.463076,37.86955,5,2520
2025-07-09 11:24:00,12.463076,37.86955,5,2520
2025-07-09 11:34:00,12.463076,37.86955,5,2520
2025-07-09 11:44:00,12.463076,37.86955,5,2520
2025-07-09 11:54:00,12.463076,37.86955,5,2520
2025-07-09 12:04:00,12.463076,37.86955,5,2520
2025-07-09 12:14:00,12.463076,37.86955,5,2520
2025-07-09 12:24:00,12.463076,37.86955,5,2520
2025-07-09 12:34:00,12.463076,37.86955,5,2520
2025-07-09 12:44:00,12.463076,37.86955,5,2520
2025-07-09 12:54:00,12.463076,37.86955,5,2520
2025-07-09 13:04:00,12.463076,37.86955,5,2520
2025-07-09 13:14:00,12.463076,37.86955,5,2520
2025-07-09 13:24:00,12.463076,37.86955,5,2520
2025-07-09 13:34:00,12.463076,37.86955,5,2520
2025-07-09 13:44:00,12.463076,37.86955,5,2520
2025-07-09 13:54:00,12.463076,37.86955,5,2520
2025-07-09 14:04:00,12.463076,37.86955,5,2520
2025-07-09 14:14:00,12.463076,37.86955,5,2520
2025-07-09 14:24:00,12.463076,37.86955,5,2520
2025-07-09 14:34:00,12.463076,37.86955,5,2520
2025-07-09 14:44:00,12.463076,37.86955,5,2520
2025-07-09 14:54:00,12.463076,37.86955,5,2520
2025-07-09 15:04:00,12.463076,37.86955,5,2520
2025-07-09 15:14:00,12.463076,37.86955,5,2520
2025-07-09 15:24:00,12.463076,37.86955,5,2520
2025-07-09 15:34:00,12.463076,37.86955,5,2520
2025-07-09 15:44:00,12.463076,37.86955,5,2520
2025-07-09 15:54:00,12.463076,37.86955,5,2520
2025-07-09 16:04:00,12.463076,37.86955,5,2520
2025-07-09 16:14:00,12.463076,37.86955,5,2520
2025-07-09 16:24:00,12.463076,37.86955,5,2520
2025-07-09 16:34:00,12.463076,37.86955,5,2520
2025-07-09 16:44:00,12.463076,37.86955,5,2520
2025-07-09 16:54:00,12.463076,37.86955,5,2520
2025-07-09 17:04:00,12.463076,37.86955,5,2520
2025-07-09 17:14:00,12.463076,37.86955,5,2520
2025-07-09 17:24:00,12.463076,37.86955,5,2520
2025-07-09 17:34:00,12.463076,37.86955,5,2520
2025-07-09 17:44:00,12.463076,37.86955,5,2520
2025-07-09 17:54:00,12.463076,37.86955,5,2520
2025-07-09 18:04:00,12.463076,37.86955,5,2520
2025-07-09 18:14:00,12.463076,37.86955,5,2520
2025-07-09 18:24:00,12.463076,37.86955,5,2520
2025-07-09 18:34:00,12.463076,37.86955,5,2520
2025-07-09 18:44:00,12.463076,37.86955,5,2520
2025-07-09 18:54:00,12.463076,37.86955,5,2520
2025-07-09 19:04:00,12.463076,37.86955,5,2520
2025-07-09 19:14:00,12.463076,37.86955,5,2520
2025-07-09 19:24:00,12.463076,37.86955,5,2520
2025-07-09 19:34:00,12.463076,37.86955,5,2520
2025-07-09 19:44:00,12.463076,37.86955,5,2520
2025-07-09 19:54:00,12.463076,37.86955,5,2520
2025-07-09 20:04:00,12.463076,37.86955,5,2520
2025-07-09 20:14:00,12.463076,37.86955,5,2520
2025-07-09 20:24:00,12.463076,37.86955,5,2520
2025-07-09 20:34:00,12.463076,37.86955,5,2520
2025-07-09 20:44:00,12.463076,37.86955,5,2520
2025-07-09 20:54:00,12.463076,37.86955,5,2520
2025-07-09 21:04:00,12.463076,37.86955,5,2520
2025-07-09 21:14:00,12.463076,37.86955,5,2520
2025-07-09 21:24:00,12.463076,37.86955,5,2520
2025-07-09 21:34:00,12.463076,37.86955,5,2520
2025-07-09 21:44:00,12.463076,37.86955,5,2520
2025-07-09 21:54:00,12.463076,37.86955,5,2520
2025-07-09 22:04:00,12.463076,37.86955,5,2520
2025-07-09 22:14:00,12.463076,37.86955,5,2520
2025-07-09 22:24:00,12.463076,37.86955,5,2520
2025-07-09 22:34:00,12.463076,37.86955,5,2520
2025-07-09 22:44:00,12.463076,37.86955,5,2520
2025-07-09 22:54:00,12.463076,37.86955,5,2520
2025-07-09 23:04:00,12.463076,37.86955,5,2520
2025-07-09 23:14:00,12.463076,37.86955,5,2520
2025-07-09 23:24:00,12.463076,37.86955,5,2520
2025-07-09 23:34:00,12.463076,37.86955,5,2520
2025-07-09 23:44:00,12.463076,37.86955,5,2520
2025-07-09 23:54:00,12.463076,37.86955,5,2520
2025-07-10 00:04:00,12.463076,37.86955,5,2520
2025-07-08 11:34:00,12.453623,37.87489,5,7520
2025-07-08 11:44:00,12.454225,37.87473,5,7520
2025-07-08 11:54:00,12.45478,37.874504,5,7520
2025-07-08 12:04:00,12.45528,37.874218,5,7520
2025-07-08 12:14:00,12.455773,37.87389,5,7520
2025-07-08 12:24:00,12.456286,37.87354,5,7520
2025-07-08 12:34:00,12.456825,37.873177,5,7520
2025-07-08 12:44:00,12.457406,37.872818,5,7520
2025-07-08 12:54:00,12.458036,37.87246,5,7520
2025-07-08 13:04:00,12.458725,37.8721,5,7520
2025-07-08 13:14:00,12.459482,37.871708,5,7520
2025-07-08 13:24:00,12.460304,37.871265,5,7520
2025-07-08 13:34:00,12.461189,37.870773,5,7520
2025-07-08 13:44:00,12.462139,37.870216,5,7520
2025-07-08 13:54:00,12.463166,37.869595,5,7520
2025-07-08 14:04:00,12.463166,37.869595,5,7520
2025-07-08 14:14:00,12.463166,37.869595,5,7520
2025-07-08 14:24:00,12.463166,37.869595,5,7520
2025-07-08 14:34:00,12.463166,37.869595,5,7520
2025-07-08 14:44:00,12.463166,37.869595,5,7520
2025-07-08 14:54:00,12.463166,37.869595,5,7520
2025-07-08 15:04:00,12.463166,37.869595,5,7520
2025-07-08 15:14:00,12.463166,37.869595,5,7520
2025-07-08 15:24:00,12.463166,37.869595,5,7520
2025-07-08 15:34:00,12.463166,37.869595,5,7520
2025-07-08 15:44:00,12.463166,37.869595,5,7520
2025-07-08 15:54:00,12.463166,37.869595,5,7520
2025-07-08 16:04:00,12.463166,37.869595,5,7520
2025-07-08 16:14:00,12.463166,37.869595,5,7520
2025-07-08 16:24:00,12.463166,37.869595,5,7520
2025-07-08 16:34:00,12.463166,37.869595,5,7520
2025-07-08 16:44:00,12.463166,37.869595,5,7520
2025-07-08 16:54:00,12.463166,37.869595,5,7520
2025-07-08 17:04:00,12.463166,37.869595,5,7520
2025-07-08 17:14:00,12.463166,37.869595,5,7520
2025-07-08 17:24:00,12.463166,37.869595,5,7520
2025-07-08 17:34:00,12.463166,37.869595,5,7520
2025-07-08 17:44:00,12.463166,37.869595,5,7520
2025-07-08 17:54:00,12.463166,37.869595,5,7520
2025-07-08 18:04:00,12.463166,37.869595,5,7520
2025-07-08 18:14:00,12.463166,37.869595,5,7520
2025-07-08 18:24:00,12.463166,37.869595,5,7520
2025-07-08 18:34:00,12.463166,37.869595,5,7520
2025-07-08 18:44:00,12.463166,37.869595,5,7520
2025-07-08 18:54:00,12.463166,37.869595,5,7520
2025-07-08 19:04:00,12.463166,37.869595,5,7520
2025-07-08 19:14:00,12.463166,37.869595,5,7520
2025-07-08 19:24:00,12.463166,37.869595,5,7520
2025-07-08 19:34:00,12.463166,37.869595,5,7520
2025-07-08 19:44:00,12.463166,37.869595,5,7520
2025-07-08 19:54:00,12.463166,37.869595,5,7520
2025-07-08 20:04:00,12.463166,37.869595,5,7520
2025-07-08 20:14:00,12.463166,37.869595,5,7520
2025-07-08 20:24:00,12.463166,37.869595,5,7520
2025-07-08 20:34:00,12.463166,37.869595,5,7520
2025-07-08 20:44:00,12.463166,37.869595,5,7520
2025-07-08 20:54:00,12.463166,37.869595,5,7520
2025-07-08 21:04:00,12.463166,37.869595,5,7520
2025-07-08 21:14:00,12.463166,37.869595,5,7520
2025-07-08 21:24:00,12.463166,37.869595,5,7520
2025-07-08 21:34:00,12.463166,37.869595,5,7520
2025-07-08 21:44:00,12.463166,37.869595,5,7520
2025-07-08 21:54:00,12.463166,37.869595,5,7520
2025-07-08 22:04:00,12.463166,37.869595,5,7520
2025-07-08 22:14:00,12.463166,37.869595,5,7520
2025-07-08 22:24:00,12.463166,37.869595,5,7520
2025-07-08 22:34:00,12.463166,37.869595,5,7520
2025-07-08 22:44:00,12.463166,37.869595,5,7520
2025-07-08 22:54:00,12.463166,37.869595,5,7520
2025-07-08 23:04:00,12.463166,37.869595,5,7520
2025-07-08 23:14:00,12.463166,37.869595,5,7520
2025-07-08 23:24:00,12.463166,37.869595,5,7520
2025-07-08 23:34:00,12.463166,37.869595,5,7520
2025-07-08 23:44:00,12.463166,37.869595,5,7520
2025-07-08 23:54:00,12.463166,37.869595,5,7520
2025-07-09 00:04:00,12.463166,37.869595,5,7520
2025-07-09 00:14:00,12.463166,37.869595,5,7520
2025-07-09 00:24:00,12.463166,37.869595,5,7520
2025-07-09 00:34:00,12.463166,37.869595,5,7520
2025-07-09 00:44:00,12.463166,37.869595,5,7520
2025-07-09 00:54:00,12.463166,37.869595,5,7520
2025-07-09 01:04:00,12.463166,37.869595,5,7520
2025-07-09 01:14:00,12.463166,37.869595,5,7520
2025-07-09 01:24:00,12.463166,37.869595,5,7520
2025-07-09 01:34:00,12.463166,37.869595,5,7520
2025-07-09 01:44:00,12.463166,37.869595,5,7520
2025-07-09 01:54:00,12.463166,37.869595,5,7520
2025-07-09 02:04:00,12.463166,37.869595,5,7520
2025-07-09 02:14:00,12.463166,37.869595,5,7520
2025-07-09 02:24:00,12.463166,37.869595,5,7520
2025-07-09 02:34:00,12.463166,37.869595,5,7520
2025-07-09 02:44:00,12.463166,37.869595,5,7520
2025-07-09 02:54:00,12.463166,37.869595,5,7520
2025-07-09 03:04:00,12.463166,37.869595,5,7520
2025-07-09 03:14:00,12.463166,37.869595,5,7520
2025-07-09 03:24:00,12.463166,37.869595,5,7520
2025-07-09 03:34:00,12.463166,37.869595,5,7520
2025-07-09 03:44:00,12.463166,37.869595,5,7520
2025-07-09 03:54:00,12.463166,37.869595,5,7520
2025-07-09 04:04:00,12.463166,37.869595,5,7520
2025-07-09 04:14:00,12.463166,37.869595,5,7520
2025-07-09 04:24:00,12.463166,37.869595,5,7520
2025-07-09 04:34:00,12.463166,37.869595,5,7520
2025-07-09 04:44:00,12.463166,37.869595,5,7520
2025-07-09 04:54:00,12.463166,37.869595,5,7520
2025-07-09 05:04:00,12.463166,37.869595,5,7520
2025-07-09 05:14:00,12.463166,37.869595,5,7520
2025-07-09 05:24:00,12.463166,37.869595,5,7520
2025-07-09 05:34:00,12.463166,37.869595,5,7520
2025-07-09 05:44:00,12.463166,37.869595,5,7520
2025-07-09 05:54:00,12.463166,37.869595,5,7520
2025-07-09 06:04:00,12.463166,37.869595,5,7520
2025-07-09 06:14:00,12.463166,37.869595,5,7520
2025-07-09 06:24:00,12.463166,37.869595,5,7520
2025-07-09 06:34:00,12.463166,37.869595,5,7520
2025-07-09 06:44:00,12.463166,37.869595,5,7520
2025-07-09 06:54:00,12.463166,37.869595,5,7520
2025-07-09 07:04:00,12.463166,37.869595,5,7520
2025-07-09 07:14:00,12.463166,37.869595,5,7520
2025-07-09 07:24:00,12.463166,37.869595,5,7520
2025-07-09 07:34:00,12.463166,37.869595,5,7520
2025-07-09 07:44:00,12.463166,37.869595,5,7520
2025-07-09 07:54:00,12.463166,37.869595,5,7520
2025-07-09 08:04:00,12.463166,37.869595,5,7520
2025-07-09 08:14:00,12.463166,37.869595,5,7520
2025-07-09 08:24:00,12.463166,37.869595,5,7520
2025-07-09 08:34:00,12.463166,37.869595,5,7520
2025-07-09 08:44:00,12.463166,37.869595,5,7520
2025-07-09 08:54:00,12.463166,37.869595,5,7520
2025-07-09 09:04:00,12.463166,37.869595,5,7520
2025-07-09 09:14:00,12.463166,37.869595,5,7520
2025-07-09 09:24:00,12.463166,37.869595,5,7520
2025-07-09 09:34:00,12.463166,37.869595,5,7520
2025-07-09 09:44:00,12.463166,37.869595,5,7520
2025-07-09 09:54:00,12.463166,37.869595,5,7520
2025-07-09 10:04:00,12.463166,37.869595,5,7520
2025-07-09 10:14:00,12.463166,37.869595,5,7520
2025-07-09 10:24:00,12.463166,37.869595,5,7520
2025-07-09 10:34:00,12.463166,37.869595,5,7520
2025-07-09 10:44:00,12.463166,37.869595,5,7520
2025-07-09 10:54:00,12.463166,37.869595,5,7520
2025-07-09 11:04:00,12.463166,37.869595,5,7520
2025-07-09 11:14:00,12.463166,37.869595,5,7520
2025-07-09 11:24:00,12.463166,37.869595,5,7520
2025-07-09 11:34:00,12.463166,37.869595,5,7520
2025-07-09 11:44:00,12.463166,37.869595,5,7520
2025-07-09 11:54:00,12.463166,37.869595,5,7520
2025-07-09 12:04:00,12.463166,37.869595,5,7520
2025-07-09 12:14:00,12.463166,37.869595,5,7520
2025-07-09 12:24:00,12.463166,37.869595,5,7520
2025-07-09 12:34:00,12.463166,37.869595,5,7520
2025-07-09 12:44:00,12.463166,37.869595,5,7520
2025-07-09 12:54:00,12.463166,37.869595,5,7520
2025-07-09 13:04:00,12.463166,37.869595,5,7520
2025-07-09 13:14:00,12.463166,37.869595,5,7520
2025-07-09 13:24:00,12.463166,37.869595,5,7520
2025-07-09 13:34:00,12.463166,37.869595,5,7520
2025-07-09 13:44:00,12.463166,37.869595,5,7520
2025-07-09 13:54:00,12.463166,37.869595,5,7520
2025-07-09 14:04:00,12.463166,37.869595,5,7520
2025-07-09 14:14:00,12.463166,37.869595,5,7520
2025-07-09 14:24:00,12.463166,37.869595,5,7520
2025-07-09 14:34:00,12.463166,37.869595,5,7520
2025-07-09 14:44:00,12.463166,37.869595,5,7520
2025-07-09 14:54:00,12.463166,37.869595,5,7520
2025-07-09 15:04:00,12.463166,37.869595,5,7520
2025-07-09 15:14:00,12.463166,37.869595,5,7520
2025-07-09 15:24:00,12.463166,37.869595,5,7520
2025-07-09 15:34:00,12.463166,37.869595,5,7520
2025-07-09 15:44:00,12.463166,37.869595,5,7520
2025-07-09 15:54:00,12.463166,37.869595,5,7520
2025-07-09 16:04:00,12.463166,37.869595,5,7520
2025-07-09 16:14:00,12.463166,37.869595,5,7520
2025-07-09 16:24:00,12.463166,37.869595,5,7520
2025-07-09 16:34:00,12.463166,37.869595,5,7520
2025-07-09 16:44:00,12.463166,37.869595,5,7520
2025-07-09 16:54:00,12.463166,37.869595,5,7520
2025-07-09 17:04:00,12.463166,37.869595,5,7520
2025-07-09 17:14:00,12.463166,37.869595,5,7520
2025-07-09 17:24:00,12.463166,37.869595,5,7520
2025-07-09 17:34:00,12.463166,37.869595,5,7520
2025-07-09 17:44:00,12.463166,37.869595,5,7520
2025-07-09 17:54:00,12.463166,37.869595,5,7520
2025-07-09 18:04:00,12.463166,37.869595,5,7520
2025-07-09 18:14:00,12.463166,37.869595,5,7520
2025-07-09 18:24:00,12.463166,37.869595,5,7520
2025-07-09 18:34:00,12.463166,37.869595,5,7520
2025-07-09 18:44:00,12.463166,37.869595,5,7520
2025-07-09 18:54:00,12.463166,37.869595,5,7520
2025-07-09 19:04:00,12.463166,37.869595,5,7520
2025-07-09 19:14:00,12.463166,37.869595,5,7520
2025-07-09 19:24:00,12.463166,37.869595,5,7520
2025-07-09 19:34:00,12.463166,37.869595,5,7520
2025-07-09 19:44:00,12.463166,37.869595,5,7520
2025-07-09 19:54:00,12.463166,37.869595,5,7520
2025-07-09 20:04:00,12.463166,37.869595,5,7520
2025-07-09 20:14:00,12.463166,37.869595,5,7520
2025-07-09 20:24:00,12.463166,37.869595,5,7520
2025-07-09 20:34:00,12.463166,37.869595,5,7520
2025-07-09 20:44:00,12.463166,37.869595,5,7520
2025-07-09 20:54:00,12.463166,37.869595,5,7520
2025-07-09 21:04:00,12.463166,37.869595,5,7520
2025-07-09 21:14:00,12.463166,37.869595,5,7520
2025-07-09 21:24:00,12.463166,37.869595,5,7520
2025-07-09 21:34:00,12.463166,37.869595,5,7520
2025-07-09 21:44:00,12.463166,37.869595,5,7520
2025-07-09 21:54:00,12.463166,37.869595,5,7520
2025-07-09 22:04:00,12.463166,37.869595,5,7520
2025-07-09 22:14:00,12.463166,37.869595,5,7520
2025-07-09 22:24:00,12.463166,37.869595,5,7520
2025-07-09 22:34:00,12.463166,37.869595,5,7520
2025-07-09 22:44:00,12.463166,37.869595,5,7520
2025-07-09 22:54:00,12.463166,37.869595,5,7520
2025-07-09 23:04:00,12.463166,37.869595,5,7520
2025-07-09 23:14:00,12.463166,37.869595,5,7520
2025-07-09 23:24:00,12.463166,37.869595,5,7520
2025-07-09 23:34:00,12.463166,37.869595,5,7520
2025-07-09 23:44:00,12.463166,37.869595,5,7520
2025-07-09 23:54:00,12.463166,37.869595,5,7520
2025-07-10 00:04:00,12.463166,37.869595,5,7520
2025-07-08 11:34:00,12.453553,37.87485,5,930
2025-07-08 11:44:00,12.454154,37.874695,5,930
2025-07-08 11:54:00,12.454711,37.87447,5,930
2025-07-08 12:04:00,12.455213,37.87418,5,930
2025-07-08 12:14:00,12.4557085,37.87385,5,930
2025-07-08 12:24:00,12.4562235,37.8735,5,930
2025-07-08 12:34:00,12.456765,37.87314,5,930
2025-07-08 12:44:00,12.457348,37.872776,5,930
2025-07-08 12:54:00,12.45798,37.872417,5,930
2025-07-08 13:04:00,12.458671,37.87206,5,930
2025-07-08 13:14:00,12.459428,37.871666,5,930
2025-07-08 13:24:00,12.460251,37.871223,5,930
2025-07-08 13:34:00,12.461137,37.87073,5,930
2025-07-08 13:44:00,12.462086,37.87018,5,930
2025-07-08 13:54:00,12.463112,37.869556,5,930
2025-07-08 14:04:00,12.463112,37.869556,5,930
2025-07-08 14:14:00,12.463112,37.869556,5,930
2025-07-08 14:24:00,12.463112,37.869556,5,930
2025-07-08 14:34:00,12.463112,37.869556,5,930
2025-07-08 14:44:00,12.463112,37.869556,5,930
2025-07-08 14:54:00,12.463112,37.869556,5,930
2025-07-08 15:04:00,12.463112,37.869556,5,930
2025-07-08 15:14:00,12.463112,37.869556,5,930
2025-07-08 15:24:00,12.463112,37.869556,5,930
2025-07-08 15:34:00,12.463112,37.869556,5,930
2025-07-08 15:44:00,12.463112,37.869556,5,930
2025-07-08 15:54:00,12.463112,37.869556,5,930
2025-07-08 16:04:00,12.463112,37.869556,5,930
2025-07-08 16:14:00,12.463112,37.869556,5,930
2025-07-08 16:24:00,12.463112,37.869556,5,930
2025-07-08 16:34:00,12.463112,37.869556,5,930
2025-07-08 16:44:00,12.463112,37.869556,5,930
2025-07-08 16:54:00,12.463112,37.869556,5,930
2025-07-08 17:04:00,12.463112,37.869556,5,930
2025-07-08 17:14:00,12.463112,37.869556,5,930
2025-07-08 17:24:00,12.463112,37.869556,5,930
2025-07-08 17:34:00,12.463112,37.869556,5,930
2025-07-08 17:44:00,12.463112,37.869556,5,930
2025-07-08 17:54:00,12.463112,37.869556,5,930
2025-07-08 18:04:00,12.463112,37.869556,5,930
2025-07-08 18:14:00,12.463112,37.869556,5,930
2025-07-08 18:24:00,12.463112,37.869556,5,930
2025-07-08 18:34:00,12.463112,37.869556,5,930
2025-07-08 18:44:00,12.463112,37.869556,5,930
2025-07-08 18:54:00,12.463112,37.869556,5,930
2025-07-08 19:04:00,12.463112,37.869556,5,930
2025-07-08 19:14:00,12.463112,37.869556,5,930
2025-07-08 19:24:00,12.463112,37.869556,5,930
2025-07-08 19:34:00,12.463112,37.869556,5,930
2025-07-08 19:44:00,12.463112,37.869556,5,930
2025-07-08 19:54:00,12.463112,37.869556,5,930
2025-07-08 20:04:00,12.463112,37.869556,5,930
2025-07-08 20:14:00,12.463112,37.869556,5,930
2025-07-08 20:24:00,12.463112,37.869556,5,930
2025-07-08 20:34:00,12.463112,37.869556,5,930
2025-07-08 20:44:00,12.463112,37.869556,5,930
2025-07-08 20:54:00,12.463112,37.869556,5,930
2025-07-08 21:04:00,12.463112,37.869556,5,930
2025-07-08 21:14:00,12.463112,37.869556,5,930
2025-07-08 21:24:00,12.463112,37.869556,5,930
2025-07-08 21:34:00,12.463112,37.869556,5,930
2025-07-08 21:44:00,12.463112,37.869556,5,930
2025-07-08 21:54:00,12.463112,37.869556,5,930
2025-07-08 22:04:00,12.463112,37.869556,5,930
2025-07-08 22:14:00,12.463112,37.869556,5,930
2025-07-08 22:24:00,12.463112,37.869556,5,930
2025-07-08 22:34:00,12.463112,37.869556,5,930
2025-07-08 22:44:00,12.463112,37.869556,5,930
2025-07-08 22:54:00,12.463112,37.869556,5,930
2025-07-08 23:04:00,12.463112,37.869556,5,930
2025-07-08 23:14:00,12.463112,37.869556,5,930
2025-07-08 23:24:00,12.463112,37.869556,5,930
2025-07-08 23:34:00,12.463112,37.869556,5,930
2025-07-08 23:44:00,12.463112,37.869556,5,930
2025-07-08 23:54:00,12.463112,37.869556,5,930
2025-07-09 00:04:00,12.463112,37.869556,5,930
2025-07-09 00:14:00,12.463112,37.869556,5,930
2025-07-09 00:24:00,12.463112,37.869556,5,930
2025-07-09 00:34:00,12.463112,37.869556,5,930
2025-07-09 00:44:00,12.463112,37.869556,5,930
2025-07-09 00:54:00,12.463112,37.869556,5,930
2025-07-09 01:04:00,12.463112,37.869556,5,930
2025-07-09 01:14:00,12.463112,37.869556,5,930
2025-07-09 01:24:00,12.463112,37.869556,5,930
2025-07-09 01:34:00,12.463112,37.869556,5,930
2025-07-09 01:44:00,12.463112,37.869556,5,930
2025-07-09 01:54:00,12.463112,37.869556,5,930
2025-07-09 02:04:00,12.463112,37.869556,5,930
2025-07-09 02:14:00,12.463112,37.869556,5,930
2025-07-09 02:24:00,12.463112,37.869556,5,930
2025-07-09 02:34:00,12.463112,37.869556,5,930
2025-07-09 02:44:00,12.463112,37.869556,5,930
2025-07-09 02:54:00,12.463112,37.869556,5,930
2025-07-09 03:04:00,12.463112,37.869556,5,930
2025-07-09 03:14:00,12.463112,37.869556,5,930
2025-07-09 03:24:00,12.463112,37.869556,5,930
2025-07-09 03:34:00,12.463112,37.869556,5,930
2025-07-09 03:44:00,12.463112,37.869556,5,930
2025-07-09 03:54:00,12.463112,37.869556,5,930
2025-07-09 04:04:00,12.463112,37.869556,5,930
2025-07-09 04:14:00,12.463112,37.869556,5,930
2025-07-09 04:24:00,12.463112,37.869556,5,930
2025-07-09 04:34:00,12.463112,37.869556,5,930
2025-07-09 04:44:00,12.463112,37.869556,5,930
2025-07-09 04:54:00,12.463112,37.869556,5,930
2025-07-09 05:04:00,12.463112,37.869556,5,930
2025-07-09 05:14:00,12.463112,37.869556,5,930
2025-07-09 05:24:00,12.463112,37.869556,5,930
2025-07-09 05:34:00,12.463112,37.869556,5,930
2025-07-09 05:44:00,12.463112,37.869556,5,930
2025-07-09 05:54:00,12.463112,37.869556,5,930
2025-07-09 06:04:00,12.463112,37.869556,5,930
2025-07-09 06:14:00,12.463112,37.869556,5,930
2025-07-09 06:24:00,12.463112,37.869556,5,930
2025-07-09 06:34:00,12.463112,37.869556,5,930
2025-07-09 06:44:00,12.463112,37.869556,5,930
2025-07-09 06:54:00,12.463112,37.869556,5,930
2025-07-09 07:04:00,12.463112,37.869556,5,930
2025-07-09 07:14:00,12.463112,37.869556,5,930
2025-07-09 07:24:00,12.463112,37.869556,5,930
2025-07-09 07:34:00,12.463112,37.869556,5,930
2025-07-09 07:44:00,12.463112,37.869556,5,930
2025-07-09 07:54:00,12.463112,37.869556,5,930
2025-07-09 08:04:00,12.463112,37.869556,5,930
2025-07-09 08:14:00,12.463112,37.869556,5,930
2025-07-09 08:24:00,12.463112,37.869556,5,930
2025-07-09 08:34:00,12.463112,37.869556,5,930
2025-07-09 08:44:00,12.463112,37.869556,5,930
2025-07-09 08:54:00,12.463112,37.869556,5,930
2025-07-09 09:04:00,12.463112,37.869556,5,930
2025-07-09 09:14:00,12.463112,37.869556,5,930
2025-07-09 09:24:00,12.463112,37.869556,5,930
2025-07-09 09:34:00,12.463112,37.869556,5,930
2025-07-09 09:44:00,12.463112,37.869556,5,930
2025-07-09 09:54:00,12.463112,37.869556,5,930
2025-07-09 10:04:00,12.463112,37.869556,5,930
2025-07-09 10:14:00,12.463112,37.869556,5,930
2025-07-09 10:24:00,12.463112,37.869556,5,930
2025-07-09 10:34:00,12.463112,37.869556,5,930
2025-07-09 10:44:00,12.463112,37.869556,5,930
2025-07-09 10:54:00,12.463112,37.869556,5,930
2025-07-09 11:04:00,12.463112,37.869556,5,930
2025-07-09 11:14:00,12.463112,37.869556,5,930
2025-07-09 11:24:00,12.463112,37.869556,5,930
2025-07-09 11:34:00,12.463112,37.869556,5,930
2025-07-09 11:44:00,12.463112,37.869556,5,930
2025-07-09 11:54:00,12.463112,37.869556,5,930
2025-07-09 12:04:00,12.463112,37.869556,5,930
2025-07-09 12:14:00,12.463112,37.869556,5,930
2025-07-09 12:24:00,12.463112,37.869556,5,930
2025-07-09 12:34:00,12.463112,37.869556,5,930
2025-07-09 12:44:00,12.463112,37.869556,5,930
2025-07-09 12:54:00,12.463112,37.869556,5,930
2025-07-09 13:04:00,12.463112,37.869556,5,930
2025-07-09 13:14:00,12.463112,37.869556,5,930
2025-07-09 13:24:00,12.463112,37.869556,5,930
2025-07-09 13:34:00,12.463112,37.869556,5,930
2025-07-09 13:44:00,12.463112,37.869556,5,930
2025-07-09 13:54:00,12.463112,37.869556,5,930
2025-07-09 14:04:00,12.463112,37.869556,5,930
2025-07-09 14:14:00,12.463112,37.869556,5,930
2025-07-09 14:24:00,12.463112,37.869556,5,930
2025-07-09 14:34:00,12.463112,37.869556,5,930
2025-07-09 14:44:00,12.463112,37.869556,5,930
2025-07-09 14:54:00,12.463112,37.869556,5,930
2025-07-09 15:04:00,12.463112,37.869556,5,930
2025-07-09 15:14:00,12.463112,37.869556,5,930
2025-07-09 15:24:00,12.463112,37.869556,5,930
2025-07-09 15:34:00,12.463112,37.869556,5,930
2025-07-09 15:44:00,12.463112,37.869556,5,930
2025-07-09 15:54:00,12.463112,37.869556,5,930
2025-07-09 16:04:00,12.463112,37.869556,5,930
2025-07-09 16:14:00,12.463112,37.869556,5,930
2025-07-09 16:24:00,12.463112,37.869556,5,930
2025-07-09 16:34:00,12.463112,37.869556,5,930
2025-07-09 16:44:00,12.463112,37.869556,5,930
2025-07-09 16:54:00,12.463112,37.869556,5,930
2025-07-09 17:04:00,12.463112,37.869556,5,930
2025-07-09 17:14:00,12.463112,37.869556,5,930
2025-07-09 17:24:00,12.463112,37.869556,5,930
2025-07-09 17:34:00,12.463112,37.869556,5,930
2025-07-09 17:44:00,12.463112,37.869556,5,930
2025-07-09 17:54:00,12.463112,37.869556,5,930
2025-07-09 18:04:00,12.463112,37.869556,5,930
2025-07-09 18:14:00,12.463112,37.869556,5,930
2025-07-09 18:24:00,12.463112,37.869556,5,930
2025-07-09 18:34:00,12.463112,37.869556,5,930
2025-07-09 18:44:00,12.463112,37.869556,5,930
2025-07-09 18:54:00,12.463112,37.869556,5,930
2025-07-09 19:04:00,12.463112,37.869556,5,930
2025-07-09 19:14:00,12.463112,37.869556,5,930
2025-07-09 19:24:00,12.463112,37.869556,5,930
2025-07-09 19:34:00,12.463112,37.869556,5,930
2025-07-09 19:44:00,12.463112,37.869556,5,930
2025-07-09 19:54:00,12.463112,37.869556,5,930
2025-07-09 20:04:00,12.463112,37.869556,5,930
2025-07-09 20:14:00,12.463112,37.869556,5,930
2025-07-09 20:24:00,12.463112,37.869556,5,930
2025-07-09 20:34:00,12.463112,37.869556,5,930
2025-07-09 20:44:00,12.463112,37.869556,5,930
2025-07-09 20:54:00,12.463112,37.869556,5,930
2025-07-09 21:04:00,12.463112,37.869556,5,930
2025-07-09 21:14:00,12.463112,37.869556,5,930
2025-07-09 21:24:00,12.463112,37.869556,5,930
2025-07-09 21:34:00,12.463112,37.869556,5,930
2025-07-09 21:44:00,12.463112,37.869556,5,930
2025-07-09 21:54:00,12.463112,37.869556,5,930
2025-07-09 22:04:00,12.463112,37.869556,5,930
2025-07-09 22:14:00,12.463112,37.869556,5,930
2025-07-09 22:24:00,12.463112,37.869556,5,930
2025-07-09 22:34:00,12.463112,37.869556,5,930
2025-07-09 22:44:00,12.463112,37.869556,5,930
2025-07-09 22:54:00,12.463112,37.869556,5,930
2025-07-09 23:04:00,12.463112,37.869556,5,930
2025-07-09 23:14:00,12.463112,37.869556,5,930
2025-07-09 23:24:00,12.463112,37.869556,5,930
2025-07-09 23:34:00,12.463112,37.869556,5,930
2025-07-09 23:44:00,12.463112,37.869556,5,930
2025-07-09 23:54:00,12.463112,37.869556,5,930
2025-07-10 00:04:00,12.463112,37.869556,5,930
2025-07-08 14:24:00,12.45275,37.875698,6,0530cnr
2025-07-08 14:34:00,12.453756,37.874943,6,0530cnr
2025-07-08 14:44:00,12.454801,37.874268,6,0530cnr
2025-07-08 14:54:00,12.455897,37.873653,6,0530cnr
2025-07-08 15:04:00,12.457063,37.873016,6,0530cnr
2025-07-08 15:14:00,12.458262,37.872326,6,0530cnr
2025-07-08 15:24:00,12.4594555,37.87157,6,0530cnr
2025-07-08 15:34:00,12.460622,37.870777,6,0530cnr
2025-07-08 15:44:00,12.4617605,37.869957,6,0530cnr
2025-07-08 15:54:00,12.462322,37.86954,6,0530cnr
2025-07-08 16:04:00,12.462322,37.86954,6,0530cnr
2025-07-08 16:14:00,12.462322,37.86954,6,0530cnr
2025-07-08 16:24:00,12.462322,37.86954,6,0530cnr
2025-07-08 16:34:00,12.462322,37.86954,6,0530cnr
2025-07-08 16:44:00,12.462322,37.86954,6,0530cnr
2025-07-08 16:54:00,12.462322,37.86954,6,0530cnr
2025-07-08 17:04:00,12.462322,37.86954,6,0530cnr
2025-07-08 17:14:00,12.462322,37.86954,6,0530cnr
2025-07-08 17:24:00,12.462322,37.86954,6,0530cnr
2025-07-08 17:34:00,12.462322,37.86954,6,0530cnr
2025-07-08 17:44:00,12.462322,37.86954,6,0530cnr
2025-07-08 17:54:00,12.462322,37.86954,6,0530cnr
2025-07-08 18:04:00,12.462322,37.86954,6,0530cnr
2025-07-08 18:14:00,12.462322,37.86954,6,0530cnr
2025-07-08 18:24:00,12.462322,37.86954,6,0530cnr
2025-07-08 18:34:00,12.462322,37.86954,6,0530cnr
2025-07-08 18:44:00,12.462322,37.86954,6,0530cnr
2025-07-08 18:54:00,12.462322,37.86954,6,0530cnr
2025-07-08 19:04:00,12.462322,37.86954,6,0530cnr
2025-07-08 19:14:00,12.462322,37.86954,6,0530cnr
2025-07-08 19:24:00,12.462322,37.86954,6,0530cnr
2025-07-08 19:34:00,12.462322,37.86954,6,0530cnr
2025-07-08 19:44:00,12.462322,37.86954,6,0530cnr
2025-07-08 19:54:00,12.462322,37.86954,6,0530cnr
2025-07-08 20:04:00,12.462322,37.86954,6,0530cnr
2025-07-08 20:14:00,12.462322,37.86954,6,0530cnr
2025-07-08 20:24:00,12.462322,37.86954,6,0530cnr
2025-07-08 20:34:00,12.462322,37.86954,6,0530cnr
2025-07-08 20:44:00,12.462322,37.86954,6,0530cnr
2025-07-08 20:54:00,12.462322,37.86954,6,0530cnr
2025-07-08 21:04:00,12.462322,37.86954,6,0530cnr
2025-07-08 21:14:00,12.462322,37.86954,6,0530cnr
2025-07-08 21:24:00,12.462322,37.86954,6,0530cnr
2025-07-08 21:34:00,12.462322,37.86954,6,0530cnr
2025-07-08 21:44:00,12.462322,37.86954,6,0530cnr
2025-07-08 21:54:00,12.462322,37.86954,6,0530cnr
2025-07-08 22:04:00,12.462322,37.86954,6,0530cnr
2025-07-08 22:14:00,12.462322,37.86954,6,0530cnr
2025-07-08 22:24:00,12.462322,37.86954,6,0530cnr
2025-07-08 22:34:00,12.462322,37.86954,6,0530cnr
2025-07-08 22:44:00,12.462322,37.86954,6,0530cnr
2025-07-08 22:54:00,12.462322,37.86954,6,0530cnr
2025-07-08 23:04:00,12.462322,37.86954,6,0530cnr
2025-07-08 23:14:00,12.462322,37.86954,6,0530cnr
2025-07-08 23:24:00,12.462322,37.86954,6,0530cnr
2025-07-08 23:34:00,12.462322,37.86954,6,0530cnr
2025-07-08 23:44:00,12.462322,37.86954,6,0530cnr
2025-07-08 23:54:00,12.462322,37.86954,6,0530cnr
2025-07-09 00:04:00,12.462322,37.86954,6,0530cnr
2025-07-09 00:14:00,12.462322,37.86954,6,0530cnr
2025-07-09 00:24:00,12.462322,37.86954,6,0530cnr
2025-07-09 00:34:00,12.462322,37.86954,6,0530cnr
2025-07-09 00:44:00,12.462322,37.86954,6,0530cnr
2025-07-09 00:54:00,12.462322,37.86954,6,0530cnr
2025-07-09 01:04:00,12.462322,37.86954,6,0530cnr
2025-07-09 01:14:00,12.462322,37.86954,6,0530cnr
2025-07-09 01:24:00,12.462322,37.86954,6,0530cnr
2025-07-09 01:34:00,12.462322,37.86954,6,0530cnr
2025-07-09 01:44:00,12.462322,37.86954,6,0530cnr
2025-07-09 01:54:00,12.462322,37.86954,6,0530cnr
2025-07-09 02:04:00,12.462322,37.86954,6,0530cnr
2025-07-09 02:14:00,12.462322,37.86954,6,0530cnr
2025-07-09 02:24:00,12.462322,37.86954,6,0530cnr
2025-07-09 02:34:00,12.462322,37.86954,6,0530cnr
2025-07-09 02:44:00,12.462322,37.86954,6,0530cnr
2025-07-09 02:54:00,12.462322,37.86954,6,0530cnr
2025-07-09 03:04:00,12.462322,37.86954,6,0530cnr
2025-07-09 03:14:00,12.462322,37.86954,6,0530cnr
2025-07-09 03:24:00,12.462322,37.86954,6,0530cnr
2025-07-09 03:34:00,12.462322,37.86954,6,0530cnr
2025-07-09 03:44:00,12.462322,37.86954,6,0530cnr
2025-07-09 03:54:00,12.462322,37.86954,6,0530cnr
2025-07-09 04:04:00,12.462322,37.86954,6,0530cnr
2025-07-09 04:14:00,12.462322,37.86954,6,0530cnr
2025-07-09 04:24:00,12.462322,37.86954,6,0530cnr
2025-07-09 04:34:00,12.462322,37.86954,6,0530cnr
2025-07-09 04:44:00,12.462322,37.86954,6,0530cnr
2025-07-09 04:54:00,12.462322,37.86954,6,0530cnr
2025-07-09 05:04:00,12.462322,37.86954,6,0530cnr
2025-07-09 05:14:00,12.462322,37.86954,6,0530cnr
2025-07-09 05:24:00,12.462322,37.86954,6,0530cnr
2025-07-09 05:34:00,12.462322,37.86954,6,0530cnr
2025-07-09 05:44:00,12.462322,37.86954,6,0530cnr
2025-07-09 05:54:00,12.462322,37.86954,6,0530cnr
2025-07-09 06:04:00,12.462322,37.86954,6,0530cnr
2025-07-09 06:14:00,12.462322,37.86954,6,0530cnr
2025-07-09 06:24:00,12.462322,37.86954,6,0530cnr
2025-07-09 06:34:00,12.462322,37.86954,6,0530cnr
2025-07-09 06:44:00,12.462322,37.86954,6,0530cnr
2025-07-09 06:54:00,12.462322,37.86954,6,0530cnr
2025-07-09 07:04:00,12.462322,37.86954,6,0530cnr
2025-07-09 07:14:00,12.462322,37.86954,6,0530cnr
2025-07-09 07:24:00,12.462322,37.86954,6,0530cnr
2025-07-09 07:34:00,12.462322,37.86954,6,0530cnr
2025-07-09 07:44:00,12.462322,37.86954,6,0530cnr
2025-07-09 07:54:00,12.462322,37.86954,6,0530cnr
2025-07-09 08:04:00,12.462322,37.86954,6,0530cnr
2025-07-09 08:14:00,12.462322,37.86954,6,0530cnr
2025-07-09 08:24:00,12.462322,37.86954,6,0530cnr
2025-07-09 08:34:00,12.462322,37.86954,6,0530cnr
2025-07-09 08:44:00,12.462322,37.86954,6,0530cnr
2025-07-09 08:54:00,12.462322,37.86954,6,0530cnr
2025-07-09 09:04:00,12.462322,37.86954,6,0530cnr
2025-07-09 09:14:00,12.462322,37.86954,6,0530cnr
2025-07-09 09:24:00,12.462322,37.86954,6,0530cnr
2025-07-09 09:34:00,12.462322,37.86954,6,0530cnr
2025-07-09 09:44:00,12.462322,37.86954,6,0530cnr
2025-07-09 09:54:00,12.462322,37.86954,6,0530cnr
2025-07-09 10:04:00,12.462322,37.86954,6,0530cnr
2025-07-09 10:14:00,12.462322,37.86954,6,0530cnr
2025-07-09 10:24:00,12.462322,37.86954,6,0530cnr
2025-07-09 10:34:00,12.462322,37.86954,6,0530cnr
2025-07-09 10:44:00,12.462322,37.86954,6,0530cnr
2025-07-09 10:54:00,12.462322,37.86954,6,0530cnr
2025-07-09 11:04:00,12.462322,37.86954,6,0530cnr
2025-07-09 11:14:00,12.462322,37.86954,6,0530cnr
2025-07-09 11:24:00,12.462322,37.86954,6,0530cnr
2025-07-09 11:34:00,12.462322,37.86954,6,0530cnr
2025-07-09 11:44:00,12.462322,37.86954,6,0530cnr
2025-07-09 11:54:00,12.462322,37.86954,6,0530cnr
2025-07-09 12:04:00,12.462322,37.86954,6,0530cnr
2025-07-09 12:14:00,12.462322,37.86954,6,0530cnr
2025-07-09 12:24:00,12.462322,37.86954,6,0530cnr
2025-07-09 12:34:00,12.462322,37.86954,6,0530cnr
2025-07-09 12:44:00,12.462322,37.86954,6,0530cnr
2025-07-09 12:54:00,12.462322,37.86954,6,0530cnr
2025-07-09 13:04:00,12.462322,37.86954,6,0530cnr
2025-07-09 13:14:00,12.462322,37.86954,6,0530cnr
2025-07-09 13:24:00,12.462322,37.86954,6,0530cnr
2025-07-09 13:34:00,12.462322,37.86954,6,0530cnr
2025-07-09 13:44:00,12.462322,37.86954,6,0530cnr
2025-07-09 13:54:00,12.462322,37.86954,6,0530cnr
2025-07-09 14:04:00,12.462322,37.86954,6,0530cnr
2025-07-09 14:14:00,12.462322,37.86954,6,0530cnr
2025-07-09 14:24:00,12.462322,37.86954,6,0530cnr
2025-07-09 14:34:00,12.462322,37.86954,6,0530cnr
2025-07-09 14:44:00,12.462322,37.86954,6,0530cnr
2025-07-09 14:54:00,12.462322,37.86954,6,0530cnr
2025-07-09 15:04:00,12.462322,37.86954,6,0530cnr
2025-07-09 15:14:00,12.462322,37.86954,6,0530cnr
2025-07-09 15:24:00,12.462322,37.86954,6,0530cnr
2025-07-09 15:34:00,12.462322,37.86954,6,0530cnr
2025-07-09 15:44:00,12.462322,37.86954,6,0530cnr
2025-07-09 15:54:00,12.462322,37.86954,6,0530cnr
2025-07-09 16:04:00,12.462322,37.86954,6,0530cnr
2025-07-09 16:14:00,12.462322,37.86954,6,0530cnr
2025-07-09 16:24:00,12.462322,37.86954,6,0530cnr
2025-07-09 16:34:00,12.462322,37.86954,6,0530cnr
2025-07-09 16:44:00,12.462322,37.86954,6,0530cnr
2025-07-09 16:54:00,12.462322,37.86954,6,0530cnr
2025-07-09 17:04:00,12.462322,37.86954,6,0530cnr
2025-07-09 17:14:00,12.462322,37.86954,6,0530cnr
2025-07-09 17:24:00,12.462322,37.86954,6,0530cnr
2025-07-09 17:34:00,12.462322,37.86954,6,0530cnr
2025-07-09 17:44:00,12.462322,37.86954,6,0530cnr
2025-07-09 17:54:00,12.462322,37.86954,6,0530cnr
2025-07-09 18:04:00,12.462322,37.86954,6,0530cnr
2025-07-09 18:14:00,12.462322,37.86954,6,0530cnr
2025-07-09 18:24:00,12.462322,37.86954,6,0530cnr
2025-07-09 18:34:00,12.462322,37.86954,6,0530cnr
2025-07-09 18:44:00,12.462322,37.86954,6,0530cnr
2025-07-09 18:54:00,12.462322,37.86954,6,0530cnr
2025-07-09 19:04:00,12.462322,37.86954,6,0530cnr
2025-07-09 19:14:00,12.462322,37.86954,6,0530cnr
2025-07-09 19:24:00,12.462322,37.86954,6,0530cnr
2025-07-09 19:34:00,12.462322,37.86954,6,0530cnr
2025-07-09 19:44:00,12.462322,37.86954,6,0530cnr
2025-07-09 19:54:00,12.462322,37.86954,6,0530cnr
2025-07-09 20:04:00,12.462322,37.86954,6,0530cnr
2025-07-09 20:14:00,12.462322,37.86954,6,0530cnr
2025-07-09 20:24:00,12.462322,37.86954,6,0530cnr
2025-07-09 20:34:00,12.462322,37.86954,6,0530cnr
2025-07-09 20:44:00,12.462322,37.86954,6,0530cnr
2025-07-09 20:54:00,12.462322,37.86954,6,0530cnr
2025-07-09 21:04:00,12.462322,37.86954,6,0530cnr
2025-07-09 21:14:00,12.462322,37.86954,6,0530cnr
2025-07-09 21:24:00,12.462322,37.86954,6,0530cnr
2025-07-09 21:34:00,12.462322,37.86954,6,0530cnr
2025-07-09 21:44:00,12.462322,37.86954,6,0530cnr
2025-07-09 21:54:00,12.462322,37.86954,6,0530cnr
2025-07-09 22:04:00,12.462322,37.86954,6,0530cnr
2025-07-09 22:14:00,12.462322,37.86954,6,0530cnr
2025-07-09 22:24:00,12.462322,37.86954,6,0530cnr
2025-07-09 22:34:00,12.462322,37.86954,6,0530cnr
2025-07-09 22:44:00,12.462322,37.86954,6,0530cnr
2025-07-09 22:54:00,12.462322,37.86954,6,0530cnr
2025-07-09 23:04:00,12.462322,37.86954,6,0530cnr
2025-07-09 23:14:00,12.462322,37.86954,6,0530cnr
2025-07-09 23:24:00,12.462322,37.86954,6,0530cnr
2025-07-09 23:34:00,12.462322,37.86954,6,0530cnr
2025-07-09 23:44:00,12.462322,37.86954,6,0530cnr
2025-07-09 23:54:00,12.462322,37.86954,6,0530cnr
2025-07-10 00:04:00,12.462322,37.86954,6,0530cnr
2025-07-08 14:24:00,12.45253,37.87573,6,3500cnr
2025-07-08 14:34:00,12.453531,37.87495,6,3500cnr
2025-07-08 14:44:00,12.454575,37.874252,6,3500cnr
2025-07-08 14:54:00,12.455666,37.873627,6,3500cnr
2025-07-08 15:04:00,12.456825,37.872997,6,3500cnr
2025-07-08 15:14:00,12.458026,37.87232,6,3500cnr
2025-07-08 15:24:00,12.45922,37.87158,6,3500cnr
2025-07-08 15:34:00,12.460388,37.870796,6,3500cnr
2025-07-08 15:44:00,12.461529,37.86998,6,3500cnr
2025-07-08 15:54:00,12.4620905,37.86957,6,3500cnr
2025-07-08 16:04:00,12.4620905,37.86957,6,3500cnr
2025-07-08 16:14:00,12.4620905,37.86957,6,3500cnr
2025-07-08 16:24:00,12.4620905,37.86957,6,3500cnr
2025-07-08 16:34:00,12.4620905,37.86957,6,3500cnr
2025-07-08 16:44:00,12.4620905,37.86957,6,3500cnr
2025-07-08 16:54:00,12.4620905,37.86957,6,3500cnr
2025-07-08 17:04:00,12.4620905,37.86957,6,3500cnr
2025-07-08 17:14:00,12.4620905,37.86957,6,3500cnr
2025-07-08 17:24:00,12.4620905,37.86957,6,3500cnr
2025-07-08 17:34:00,12.4620905,37.86957,6,3500cnr
2025-07-08 17:44:00,12.4620905,37.86957,6,3500cnr
2025-07-08 17:54:00,12.4620905,37.86957,6,3500cnr
2025-07-08 18:04:00,12.4620905,37.86957,6,3500cnr
2025-07-08 18:14:00,12.4620905,37.86957,6,3500cnr
2025-07-08 18:24:00,12.4620905,37.86957,6,3500cnr
2025-07-08 18:34:00,12.4620905,37.86957,6,3500cnr
2025-07-08 18:44:00,12.4620905,37.86957,6,3500cnr
2025-07-08 18:54:00,12.4620905,37.86957,6,3500cnr
2025-07-08 19:04:00,12.4620905,37.86957,6,3500cnr
2025-07-08 19:14:00,12.4620905,37.86957,6,3500cnr
2025-07-08 19:24:00,12.4620905,37.86957,6,3500cnr
2025-07-08 19:34:00,12.4620905,37.86957,6,3500cnr
2025-07-08 19:44:00,12.4620905,37.86957,6,3500cnr
2025-07-08 19:54:00,12.4620905,37.86957,6,3500cnr
2025-07-08 20:04:00,12.4620905,37.86957,6,3500cnr
2025-07-08 20:14:00,12.4620905,37.86957,6,3500cnr
2025-07-08 20:24:00,12.4620905,37.86957,6,3500cnr
2025-07-08 20:34:00,12.4620905,37.86957,6,3500cnr
2025-07-08 20:44:00,12.4620905,37.86957,6,3500cnr
2025-07-08 20:54:00,12.4620905,37.86957,6,3500cnr
2025-07-08 21:04:00,12.4620905,37.86957,6,3500cnr
2025-07-08 21:14:00,12.4620905,37.86957,6,3500cnr
2025-07-08 21:24:00,12.4620905,37.86957,6,3500cnr
2025-07-08 21:34:00,12.4620905,37.86957,6,3500cnr
2025-07-08 21:44:00,12.4620905,37.86957,6,3500cnr
2025-07-08 21:54:00,12.4620905,37.86957,6,3500cnr
2025-07-08 22:04:00,12.4620905,37.86957,6,3500cnr
2025-07-08 22:14:00,12.4620905,37.86957,6,3500cnr
2025-07-08 22:24:00,12.4620905,37.86957,6,3500cnr
2025-07-08 22:34:00,12.4620905,37.86957,6,3500cnr
2025-07-08 22:44:00,12.4620905,37.86957,6,3500cnr
2025-07-08 22:54:00,12.4620905,37.86957,6,3500cnr
2025-07-08 23:04:00,12.4620905,37.86957,6,3500cnr
2025-07-08 23:14:00,12.4620905,37.86957,6,3500cnr
2025-07-08 23:24:00,12.4620905,37.86957,6,3500cnr
2025-07-08 23:34:00,12.4620905,37.86957,6,3500cnr
2025-07-08 23:44:00,12.4620905,37.86957,6,3500cnr
2025-07-08 23:54:00,12.4620905,37.86957,6,3500cnr
2025-07-09 00:04:00,12.4620905,37.86957,6,3500cnr
2025-07-09 00:14:00,12.4620905,37.86957,6,3500cnr
2025-07-09 00:24:00,12.4620905,37.86957,6,3500cnr
2025-07-09 00:34:00,12.4620905,37.86957,6,3500cnr
2025-07-09 00:44:00,12.4620905,37.86957,6,3500cnr
2025-07-09 00:54:00,12.4620905,37.86957,6,3500cnr
2025-07-09 01:04:00,12.4620905,37.86957,6,3500cnr
2025-07-09 01:14:00,12.4620905,37.86957,6,3500cnr
2025-07-09 01:24:00,12.4620905,37.86957,6,3500cnr
2025-07-09 01:34:00,12.4620905,37.86957,6,3500cnr
2025-07-09 01:44:00,12.4620905,37.86957,6,3500cnr
2025-07-09 01:54:00,12.4620905,37.86957,6,3500cnr
2025-07-09 02:04:00,12.4620905,37.86957,6,3500cnr
2025-07-09 02:14:00,12.4620905,37.86957,6,3500cnr
2025-07-09 02:24:00,12.4620905,37.86957,6,3500cnr
2025-07-09 02:34:00,12.4620905,37.86957,6,3500cnr
2025-07-09 02:44:00,12.4620905,37.86957,6,3500cnr
2025-07-09 02:54:00,12.4620905,37.86957,6,3500cnr
2025-07-09 03:04:00,12.4620905,37.86957,6,3500cnr
2025-07-09 03:14:00,12.4620905,37.86957,6,3500cnr
2025-07-09 03:24:00,12.4620905,37.86957,6,3500cnr
2025-07-09 03:34:00,12.4620905,37.86957,6,3500cnr
2025-07-09 03:44:00,12.4620905,37.86957,6,3500cnr
2025-07-09 03:54:00,12.4620905,37.86957,6,3500cnr
2025-07-09 04:04:00,12.4620905,37.86957,6,3500cnr
2025-07-09 04:14:00,12.4620905,37.86957,6,3500cnr
2025-07-09 04:24:00,12.4620905,37.86957,6,3500cnr
2025-07-09 04:34:00,12.4620905,37.86957,6,3500cnr
2025-07-09 04:44:00,12.4620905,37.86957,6,3500cnr
2025-07-09 04:54:00,12.4620905,37.86957,6,3500cnr
2025-07-09 05:04:00,12.4620905,37.86957,6,3500cnr
2025-07-09 05:14:00,12.4620905,37.86957,6,3500cnr
2025-07-09 05:24:00,12.4620905,37.86957,6,3500cnr
2025-07-09 05:34:00,12.4620905,37.86957,6,3500cnr
2025-07-09 05:44:00,12.4620905,37.86957,6,3500cnr
2025-07-09 05:54:00,12.4620905,37.86957,6,3500cnr
2025-07-09 06:04:00,12.4620905,37.86957,6,3500cnr
2025-07-09 06:14:00,12.4620905,37.86957,6,3500cnr
2025-07-09 06:24:00,12.4620905,37.86957,6,3500cnr
2025-07-09 06:34:00,12.4620905,37.86957,6,3500cnr
2025-07-09 06:44:00,12.4620905,37.86957,6,3500cnr
2025-07-09 06:54:00,12.4620905,37.86957,6,3500cnr
2025-07-09 07:04:00,12.4620905,37.86957,6,3500cnr
2025-07-09 07:14:00,12.4620905,37.86957,6,3500cnr
2025-07-09 07:24:00,12.4620905,37.86957,6,3500cnr
2025-07-09 07:34:00,12.4620905,37.86957,6,3500cnr
2025-07-09 07:44:00,12.4620905,37.86957,6,3500cnr
2025-07-09 07:54:00,12.4620905,37.86957,6,3500cnr
2025-07-09 08:04:00,12.4620905,37.86957,6,3500cnr
2025-07-09 08:14:00,12.4620905,37.86957,6,3500cnr
2025-07-09 08:24:00,12.4620905,37.86957,6,3500cnr
2025-07-09 08:34:00,12.4620905,37.86957,6,3500cnr
2025-07-09 08:44:00,12.4620905,37.86957,6,3500cnr
2025-07-09 08:54:00,12.4620905,37.86957,6,3500cnr
2025-07-09 09:04:00,12.4620905,37.86957,6,3500cnr
2025-07-09 09:14:00,12.4620905,37.86957,6,3500cnr
2025-07-09 09:24:00,12.4620905,37.86957,6,3500cnr
2025-07-09 09:34:00,12.4620905,37.86957,6,3500cnr
2025-07-09 09:44:00,12.4620905,37.86957,6,3500cnr
2025-07-09 09:54:00,12.4620905,37.86957,6,3500cnr
2025-07-09 10:04:00,12.4620905,37.86957,6,3500cnr
2025-07-09 10:14:00,12.4620905,37.86957,6,3500cnr
2025-07-09 10:24:00,12.4620905,37.86957,6,3500cnr
2025-07-09 10:34:00,12.4620905,37.86957,6,3500cnr
2025-07-09 10:44:00,12.4620905,37.86957,6,3500cnr
2025-07-09 10:54:00,12.4620905,37.86957,6,3500cnr
2025-07-09 11:04:00,12.4620905,37.86957,6,3500cnr
2025-07-09 11:14:00,12.4620905,37.86957,6,3500cnr
2025-07-09 11:24:00,12.4620905,37.86957,6,3500cnr
2025-07-09 11:34:00,12.4620905,37.86957,6,3500cnr
2025-07-09 11:44:00,12.4620905,37.86957,6,3500cnr
2025-07-09 11:54:00,12.4620905,37.86957,6,3500cnr
2025-07-09 12:04:00,12.4620905,37.86957,6,3500cnr
2025-07-09 12:14:00,12.4620905,37.86957,6,3500cnr
2025-07-09 12:24:00,12.4620905,37.86957,6,3500cnr
2025-07-09 12:34:00,12.4620905,37.86957,6,3500cnr
2025-07-09 12:44:00,12.4620905,37.86957,6,3500cnr
2025-07-09 12:54:00,12.4620905,37.86957,6,3500cnr
2025-07-09 13:04:00,12.4620905,37.86957,6,3500cnr
2025-07-09 13:14:00,12.4620905,37.86957,6,3500cnr
2025-07-09 13:24:00,12.4620905,37.86957,6,3500cnr
2025-07-09 13:34:00,12.4620905,37.86957,6,3500cnr
2025-07-09 13:44:00,12.4620905,37.86957,6,3500cnr
2025-07-09 13:54:00,12.4620905,37.86957,6,3500cnr
2025-07-09 14:04:00,12.4620905,37.86957,6,3500cnr
2025-07-09 14:14:00,12.4620905,37.86957,6,3500cnr
2025-07-09 14:24:00,12.4620905,37.86957,6,3500cnr
2025-07-09 14:34:00,12.4620905,37.86957,6,3500cnr
2025-07-09 14:44:00,12.462069,37.868797,6,3500cnr
2025-07-09 14:54:00,12.462017,37.867226,6,3500cnr
2025-07-09 15:04:00,12.461874,37.865723,6,3500cnr
2025-07-09 15:14:00,12.461612,37.86441,6,3500cnr
2025-07-09 15:24:00,12.46125,37.863266,6,3500cnr
2025-07-09 15:34:00,12.460914,37.8622,6,3500cnr
2025-07-09 15:44:00,12.460708,37.86115,6,3500cnr
2025-07-09 15:54:00,12.460677,37.86008,6,3500cnr
2025-07-09 16:04:00,12.460755,37.859024,6,3500cnr
2025-07-09 16:14:00,12.460846,37.857986,6,3500cnr
2025-07-09 16:24:00,12.460897,37.85697,6,3500cnr
2025-07-09 16:34:00,12.460871,37.855988,6,3500cnr
2025-07-09 16:44:00,12.460773,37.85503,6,3500cnr
2025-07-09 16:54:00,12.460643,37.85411,6,3500cnr
2025-07-09 17:04:00,12.460492,37.85321,6,3500cnr
2025-07-09 17:14:00,12.460318,37.85232,6,3500cnr
2025-07-09 17:24:00,12.460134,37.851437,6,3500cnr
2025-07-09 17:34:00,12.459979,37.850544,6,3500cnr
2025-07-09 17:44:00,12.459835,37.84966,6,3500cnr
2025-07-09 17:54:00,12.459669,37.84878,6,3500cnr
2025-07-09 18:04:00,12.459457,37.847893,6,3500cnr
2025-07-09 18:14:00,12.459216,37.846966,6,3500cnr
2025-07-09 18:24:00,12.458961,37.845993,6,3500cnr
2025-07-09 18:34:00,12.4587145,37.84497,6,3500cnr
2025-07-09 18:44:00,12.458466,37.843895,6,3500cnr
2025-07-09 18:54:00,12.4582,37.84278,6,3500cnr
2025-07-09 19:04:00,12.457941,37.841724,6,3500cnr
2025-07-09 19:14:00,12.457703,37.840694,6,3500cnr
2025-07-09 19:24:00,12.457454,37.839592,6,3500cnr
2025-07-09 19:34:00,12.45721,37.83849,6,3500cnr
2025-07-09 19:44:00,12.456993,37.837406,6,3500cnr
2025-07-09 19:54:00,12.4567795,37.836334,6,3500cnr
2025-07-09 20:04:00,12.456567,37.835285,6,3500cnr
2025-07-09 20:14:00,12.4563465,37.834255,6,3500cnr
2025-07-09 20:24:00,12.456164,37.83325,6,3500cnr
2025-07-09 20:34:00,12.456031,37.832256,6,3500cnr
2025-07-09 20:44:00,12.455899,37.831276,6,3500cnr
2025-07-09 20:54:00,12.455713,37.83029,6,3500cnr
2025-07-09 21:04:00,12.455484,37.829315,6,3500cnr
2025-07-09 21:14:00,12.455253,37.82835,6,3500cnr
2025-07-09 21:24:00,12.455026,37.827404,6,3500cnr
2025-07-09 21:34:00,12.4548,37.826477,6,3500cnr
2025-07-09 21:44:00,12.4545765,37.82558,6,3500cnr
2025-07-09 21:54:00,12.454351,37.8247,6,3500cnr
2025-07-09 22:04:00,12.454126,37.823826,6,3500cnr
2025-07-09 22:14:00,12.453908,37.82299,6,3500cnr
2025-07-09 22:24:00,12.453703,37.822197,6,3500cnr
2025-07-09 22:34:00,12.453501,37.82143,6,3500cnr
2025-07-09 22:44:00,12.453295,37.82069,6,3500cnr
2025-07-09 22:54:00,12.453107,37.81999,6,3500cnr
2025-07-09 23:04:00,12.452944,37.819317,6,3500cnr
2025-07-09 23:14:00,12.452819,37.81867,6,3500cnr
2025-07-09 23:24:00,12.452733,37.81804,6,3500cnr
2025-07-09 23:34:00,12.452683,37.81742,6,3500cnr
2025-07-09 23:44:00,12.452667,37.81681,6,3500cnr
2025-07-09 23:54:00,12.452691,37.816196,6,3500cnr
2025-07-10 00:04:00,12.452766,37.81566,6,3500cnr
2025-07-08 14:24:00,12.45309,37.875465,6,3680cnr
2025-07-08 14:34:00,12.454108,37.874737,6,3680cnr
2025-07-08 14:44:00,12.4551735,37.87409,6,3680cnr
2025-07-08 14:54:00,12.456291,37.873478,6,3680cnr
2025-07-08 15:04:00,12.457475,37.872826,6,3680cnr
2025-07-08 15:14:00,12.458672,37.87211,6,3680cnr
2025-07-08 15:24:00,12.459863,37.871334,6,3680cnr
2025-07-08 15:34:00,12.461022,37.87052,6,3680cnr
2025-07-08 15:44:00,12.462155,37.869698,6,3680cnr
2025-07-08 15:54:00,12.462155,37.869698,6,3680cnr
2025-07-08 16:04:00,12.462155,37.869698,6,3680cnr
2025-07-08 16:14:00,12.462155,37.869698,6,3680cnr
2025-07-08 16:24:00,12.462155,37.869698,6,3680cnr
2025-07-08 16:34:00,12.462155,37.869698,6,3680cnr
2025-07-08 16:44:00,12.462155,37.869698,6,3680cnr
2025-07-08 16:54:00,12.462155,37.869698,6,3680cnr
2025-07-08 17:04:00,12.462155,37.869698,6,3680cnr
2025-07-08 17:14:00,12.462155,37.869698,6,3680cnr
2025-07-08 17:24:00,12.462155,37.869698,6,3680cnr
2025-07-08 17:34:00,12.462155,37.869698,6,3680cnr
2025-07-08 17:44:00,12.462155,37.869698,6,3680cnr
2025-07-08 17:54:00,12.462155,37.869698,6,3680cnr
2025-07-08 18:04:00,12.462155,37.869698,6,3680cnr
2025-07-08 18:14:00,12.462155,37.869698,6,3680cnr
2025-07-08 18:24:00,12.462155,37.869698,6,3680cnr
2025-07-08 18:34:00,12.462155,37.869698,6,3680cnr
2025-07-08 18:44:00,12.462155,37.869698,6,3680cnr
2025-07-08 18:54:00,12.462155,37.869698,6,3680cnr
2025-07-08 19:04:00,12.462155,37.869698,6,3680cnr
2025-07-08 19:14:00,12.462155,37.869698,6,3680cnr
2025-07-08 19:24:00,12.462155,37.869698,6,3680cnr
2025-07-08 19:34:00,12.462155,37.869698,6,3680cnr
2025-07-08 19:44:00,12.462155,37.869698,6,3680cnr
2025-07-08 19:54:00,12.462155,37.869698,6,3680cnr
2025-07-08 20:04:00,12.462155,37.869698,6,3680cnr
2025-07-08 20:14:00,12.462155,37.869698,6,3680cnr
2025-07-08 20:24:00,12.462155,37.869698,6,3680cnr
2025-07-08 20:34:00,12.462155,37.869698,6,3680cnr
2025-07-08 20:44:00,12.462155,37.869698,6,3680cnr
2025-07-08 20:54:00,12.462155,37.869698,6,3680cnr
2025-07-08 21:04:00,12.462155,37.869698,6,3680cnr
2025-07-08 21:14:00,12.462155,37.869698,6,3680cnr
2025-07-08 21:24:00,12.462155,37.869698,6,3680cnr
2025-07-08 21:34:00,12.462155,37.869698,6,3680cnr
2025-07-08 21:44:00,12.462155,37.869698,6,3680cnr
2025-07-08 21:54:00,12.462155,37.869698,6,3680cnr
2025-07-08 22:04:00,12.462155,37.869698,6,3680cnr
2025-07-08 22:14:00,12.462155,37.869698,6,3680cnr
2025-07-08 22:24:00,12.462155,37.869698,6,3680cnr
2025-07-08 22:34:00,12.462155,37.869698,6,3680cnr
2025-07-08 22:44:00,12.462155,37.869698,6,3680cnr
2025-07-08 22:54:00,12.462155,37.869698,6,3680cnr
2025-07-08 23:04:00,12.462155,37.869698,6,3680cnr
2025-07-08 23:14:00,12.462155,37.869698,6,3680cnr
2025-07-08 23:24:00,12.462155,37.869698,6,3680cnr
2025-07-08 23:34:00,12.462155,37.869698,6,3680cnr
2025-07-08 23:44:00,12.462155,37.869698,6,3680cnr
2025-07-08 23:54:00,12.462155,37.869698,6,3680cnr
2025-07-09 00:04:00,12.462155,37.869698,6,3680cnr
2025-07-09 00:14:00,12.462155,37.869698,6,3680cnr
2025-07-09 00:24:00,12.462155,37.869698,6,3680cnr
2025-07-09 00:34:00,12.462155,37.869698,6,3680cnr
2025-07-09 00:44:00,12.462155,37.869698,6,3680cnr
2025-07-09 00:54:00,12.462155,37.869698,6,3680cnr
2025-07-09 01:04:00,12.462155,37.869698,6,3680cnr
2025-07-09 01:14:00,12.462155,37.869698,6,3680cnr
2025-07-09 01:24:00,12.462155,37.869698,6,3680cnr
2025-07-09 01:34:00,12.462155,37.869698,6,3680cnr
2025-07-09 01:44:00,12.462155,37.869698,6,3680cnr
2025-07-09 01:54:00,12.462155,37.869698,6,3680cnr
2025-07-09 02:04:00,12.462155,37.869698,6,3680cnr
2025-07-09 02:14:00,12.462155,37.869698,6,3680cnr
2025-07-09 02:24:00,12.462155,37.869698,6,3680cnr
2025-07-09 02:34:00,12.462155,37.869698,6,3680cnr
2025-07-09 02:44:00,12.462155,37.869698,6,3680cnr
2025-07-09 02:54:00,12.462155,37.869698,6,3680cnr
2025-07-09 03:04:00,12.462155,37.869698,6,3680cnr
2025-07-09 03:14:00,12.462155,37.869698,6,3680cnr
2025-07-09 03:24:00,12.462155,37.869698,6,3680cnr
2025-07-09 03:34:00,12.462155,37.869698,6,3680cnr
2025-07-09 03:44:00,12.462155,37.869698,6,3680cnr
2025-07-09 03:54:00,12.462155,37.869698,6,3680cnr
2025-07-09 04:04:00,12.462155,37.869698,6,3680cnr
2025-07-09 04:14:00,12.462155,37.869698,6,3680cnr
2025-07-09 04:24:00,12.462155,37.869698,6,3680cnr
2025-07-09 04:34:00,12.462155,37.869698,6,3680cnr
2025-07-09 04:44:00,12.462155,37.869698,6,3680cnr
2025-07-09 04:54:00,12.462155,37.869698,6,3680cnr
2025-07-09 05:04:00,12.462155,37.869698,6,3680cnr
2025-07-09 05:14:00,12.462155,37.869698,6,3680cnr
2025-07-09 05:24:00,12.462155,37.869698,6,3680cnr
2025-07-09 05:34:00,12.462155,37.869698,6,3680cnr
2025-07-09 05:44:00,12.462155,37.869698,6,3680cnr
2025-07-09 05:54:00,12.462155,37.869698,6,3680cnr
2025-07-09 06:04:00,12.462155,37.869698,6,3680cnr
2025-07-09 06:14:00,12.462155,37.869698,6,3680cnr
2025-07-09 06:24:00,12.462155,37.869698,6,3680cnr
2025-07-09 06:34:00,12.462155,37.869698,6,3680cnr
2025-07-09 06:44:00,12.462155,37.869698,6,3680cnr
2025-07-09 06:54:00,12.462155,37.869698,6,3680cnr
2025-07-09 07:04:00,12.462155,37.869698,6,3680cnr
2025-07-09 07:14:00,12.462155,37.869698,6,3680cnr
2025-07-09 07:24:00,12.462155,37.869698,6,3680cnr
2025-07-09 07:34:00,12.462155,37.869698,6,3680cnr
2025-07-09 07:44:00,12.462155,37.869698,6,3680cnr
2025-07-09 07:54:00,12.462155,37.869698,6,3680cnr
2025-07-09 08:04:00,12.462155,37.869698,6,3680cnr
2025-07-09 08:14:00,12.462155,37.869698,6,3680cnr
2025-07-09 08:24:00,12.462155,37.869698,6,3680cnr
2025-07-09 08:34:00,12.462155,37.869698,6,3680cnr
2025-07-09 08:44:00,12.462155,37.869698,6,3680cnr
2025-07-09 08:54:00,12.462155,37.869698,6,3680cnr
2025-07-09 09:04:00,12.462155,37.869698,6,3680cnr
2025-07-09 09:14:00,12.462155,37.869698,6,3680cnr
2025-07-09 09:24:00,12.462155,37.869698,6,3680cnr
2025-07-09 09:34:00,12.462155,37.869698,6,3680cnr
2025-07-09 09:44:00,12.462155,37.869698,6,3680cnr
2025-07-09 09:54:00,12.462155,37.869698,6,3680cnr
2025-07-09 10:04:00,12.462155,37.869698,6,3680cnr
2025-07-09 10:14:00,12.462155,37.869698,6,3680cnr
2025-07-09 10:24:00,12.462155,37.869698,6,3680cnr
2025-07-09 10:34:00,12.462155,37.869698,6,3680cnr
2025-07-09 10:44:00,12.462155,37.869698,6,3680cnr
2025-07-09 10:54:00,12.462155,37.869698,6,3680cnr
2025-07-09 11:04:00,12.462155,37.869698,6,3680cnr
2025-07-09 11:14:00,12.462155,37.869698,6,3680cnr
2025-07-09 11:24:00,12.462155,37.869698,6,3680cnr
2025-07-09 11:34:00,12.462155,37.869698,6,3680cnr
2025-07-09 11:44:00,12.462155,37.869698,6,3680cnr
2025-07-09 11:54:00,12.462155,37.869698,6,3680cnr
2025-07-09 12:04:00,12.462155,37.869698,6,3680cnr
2025-07-09 12:14:00,12.462155,37.869698,6,3680cnr
2025-07-09 12:24:00,12.462155,37.869698,6,3680cnr
2025-07-09 12:34:00,12.462155,37.869698,6,3680cnr
2025-07-09 12:44:00,12.462155,37.869698,6,3680cnr
2025-07-09 12:54:00,12.462155,37.869698,6,3680cnr
2025-07-09 13:04:00,12.462155,37.869698,6,3680cnr
2025-07-09 13:14:00,12.462155,37.869698,6,3680cnr
2025-07-09 13:24:00,12.462155,37.869698,6,3680cnr
2025-07-09 13:34:00,12.462155,37.869698,6,3680cnr
2025-07-09 13:44:00,12.462155,37.869698,6,3680cnr
2025-07-09 13:54:00,12.462155,37.869698,6,3680cnr
2025-07-09 14:04:00,12.462155,37.869698,6,3680cnr
2025-07-09 14:14:00,12.462155,37.869698,6,3680cnr
2025-07-09 14:24:00,12.462155,37.869698,6,3680cnr
2025-07-09 14:34:00,12.462155,37.869698,6,3680cnr
2025-07-09 14:44:00,12.462155,37.869698,6,3680cnr
2025-07-09 14:54:00,12.462155,37.869698,6,3680cnr
2025-07-09 15:04:00,12.462155,37.869698,6,3680cnr
2025-07-09 15:14:00,12.462155,37.869698,6,3680cnr
2025-07-09 15:24:00,12.462155,37.869698,6,3680cnr
2025-07-09 15:34:00,12.462155,37.869698,6,3680cnr
2025-07-09 15:44:00,12.462155,37.869698,6,3680cnr
2025-07-09 15:54:00,12.462155,37.869698,6,3680cnr
2025-07-09 16:04:00,12.462155,37.869698,6,3680cnr
2025-07-09 16:14:00,12.462155,37.869698,6,3680cnr
2025-07-09 16:24:00,12.462155,37.869698,6,3680cnr
2025-07-09 16:34:00,12.462155,37.869698,6,3680cnr
2025-07-09 16:44:00,12.462155,37.869698,6,3680cnr
2025-07-09 16:54:00,12.462155,37.869698,6,3680cnr
2025-07-09 17:04:00,12.462155,37.869698,6,3680cnr
2025-07-09 17:14:00,12.462155,37.869698,6,3680cnr
2025-07-09 17:24:00,12.462155,37.869698,6,3680cnr
2025-07-09 17:34:00,12.462155,37.869698,6,3680cnr
2025-07-09 17:44:00,12.462155,37.869698,6,3680cnr
2025-07-09 17:54:00,12.461989,37.8684,6,3680cnr
2025-07-09 18:04:00,12.461801,37.867134,6,3680cnr
2025-07-09 18:14:00,12.461541,37.865955,6,3680cnr
2025-07-09 18:24:00,12.46121,37.864883,6,3680cnr
2025-07-09 18:34:00,12.4608345,37.8639,6,3680cnr
2025-07-09 18:44:00,12.460464,37.86291,6,3680cnr
2025-07-09 18:54:00,12.460123,37.86187,6,3680cnr
2025-07-09 19:04:00,12.459817,37.86078,6,3680cnr
2025-07-09 19:14:00,12.459569,37.859665,6,3680cnr
2025-07-09 19:24:00,12.45937,37.858517,6,3680cnr
2025-07-09 19:34:00,12.459179,37.85731,6,3680cnr
2025-07-09 19:44:00,12.458981,37.856045,6,3680cnr
2025-07-09 19:54:00,12.458771,37.8547,6,3680cnr
2025-07-09 20:04:00,12.458556,37.853275,6,3680cnr
2025-07-09 20:14:00,12.458336,37.851795,6,3680cnr
2025-07-09 20:24:00,12.458049,37.850193,6,3680cnr
2025-07-09 20:34:00,12.457624,37.848423,6,3680cnr
2025-07-09 20:44:00,12.457109,37.846584,6,3680cnr
2025-07-09 20:54:00,12.456617,37.84486,6,3680cnr
2025-07-09 21:04:00,12.456238,37.84323,6,3680cnr
2025-07-09 21:14:00,12.455925,37.841694,6,3680cnr
2025-07-09 21:24:00,12.455669,37.84049,6,3680cnr
2025-07-09 21:34:00,12.455407,37.83922,6,3680cnr
2025-07-09 21:44:00,12.455143,37.83801,6,3680cnr
2025-07-09 21:54:00,12.454897,37.836895,6,3680cnr
2025-07-09 22:04:00,12.454646,37.83585,6,3680cnr
2025-07-09 22:14:00,12.454397,37.834843,6,3680cnr
2025-07-09 22:24:00,12.454175,37.833862,6,3680cnr
2025-07-09 22:34:00,12.454002,37.8329,6,3680cnr
2025-07-09 22:44:00,12.453877,37.83195,6,3680cnr
2025-07-09 22:54:00,12.453754,37.831005,6,3680cnr
2025-07-09 23:04:00,12.453589,37.830074,6,3680cnr
2025-07-09 23:14:00,12.453392,37.82919,6,3680cnr
2025-07-09 23:24:00,12.453179,37.828377,6,3680cnr
2025-07-09 23:34:00,12.452963,37.82762,6,3680cnr
2025-07-09 23:44:00,12.452773,37.826927,6,3680cnr
2025-07-09 23:54:00,12.452608,37.82628,6,3680cnr
2025-07-10 00:04:00,12.452562,37.82574,6,3680cnr
2025-07-08 17:04:00,12.478242,37.875443,7,2520
2025-07-08 17:14:00,12.479134,37.874916,7,2520
2025-07-08 17:24:00,12.48001,37.874443,7,2520
2025-07-08 17:34:00,12.48087,37.874,7,2520
2025-07-08 17:44:00,12.481704,37.87356,7,2520
2025-07-08 17:54:00,12.482097,37.87335,7,2520
2025-07-08 18:04:00,12.482097,37.87335,7,2520
2025-07-08 18:14:00,12.482097,37.87335,7,2520
2025-07-08 18:24:00,12.482097,37.87335,7,2520
2025-07-08 18:34:00,12.482097,37.87335,7,2520
2025-07-08 18:44:00,12.482097,37.87335,7,2520
2025-07-08 18:54:00,12.482097,37.87335,7,2520
2025-07-08 19:04:00,12.482097,37.87335,7,2520
2025-07-08 19:14:00,12.482097,37.87335,7,2520
2025-07-08 19:24:00,12.482097,37.87335,7,2520
2025-07-08 19:34:00,12.482097,37.87335,7,2520
2025-07-08 19:44:00,12.482097,37.87335,7,2520
2025-07-08 19:54:00,12.482097,37.87335,7,2520
2025-07-08 20:04:00,12.482097,37.87335,7,2520
2025-07-08 20:14:00,12.482097,37.87335,7,2520
2025-07-08 20:24:00,12.482097,37.87335,7,2520
2025-07-08 20:34:00,12.482097,37.87335,7,2520
2025-07-08 20:44:00,12.482097,37.87335,7,2520
2025-07-08 20:54:00,12.482097,37.87335,7,2520
2025-07-08 21:04:00,12.482097,37.87335,7,2520
2025-07-08 21:14:00,12.482097,37.87335,7,2520
2025-07-08 21:24:00,12.482097,37.87335,7,2520
2025-07-08 21:34:00,12.482097,37.87335,7,2520
2025-07-08 21:44:00,12.482097,37.87335,7,2520
2025-07-08 21:54:00,12.482097,37.87335,7,2520
2025-07-08 22:04:00,12.482097,37.87335,7,2520
2025-07-08 22:14:00,12.482097,37.87335,7,2520
2025-07-08 22:24:00,12.482097,37.87335,7,2520
2025-07-08 22:34:00,12.482097,37.87335,7,2520
2025-07-08 22:44:00,12.482097,37.87335,7,2520
2025-07-08 22:54:00,12.482097,37.87335,7,2520
2025-07-08 23:04:00,12.482097,37.87335,7,2520
2025-07-08 23:14:00,12.482097,37.87335,7,2520
2025-07-08 23:24:00,12.482097,37.87335,7,2520
2025-07-08 23:34:00,12.482097,37.87335,7,2520
2025-07-08 23:44:00,12.482097,37.87335,7,2520
2025-07-08 23:54:00,12.482097,37.87335,7,2520
2025-07-09 00:04:00,12.482097,37.87335,7,2520
2025-07-09 00:14:00,12.482097,37.87335,7,2520
2025-07-09 00:24:00,12.482097,37.87335,7,2520
2025-07-09 00:34:00,12.482097,37.87335,7,2520
2025-07-09 00:44:00,12.482097,37.87335,7,2520
2025-07-09 00:54:00,12.482097,37.87335,7,2520
2025-07-09 01:04:00,12.482097,37.87335,7,2520
2025-07-09 01:14:00,12.482097,37.87335,7,2520
2025-07-09 01:24:00,12.482097,37.87335,7,2520
2025-07-09 01:34:00,12.482097,37.87335,7,2520
2025-07-09 01:44:00,12.482097,37.87335,7,2520
2025-07-09 01:54:00,12.482097,37.87335,7,2520
2025-07-09 02:04:00,12.482097,37.87335,7,2520
2025-07-09 02:14:00,12.482097,37.87335,7,2520
2025-07-09 02:24:00,12.482097,37.87335,7,2520
2025-07-09 02:34:00,12.482097,37.87335,7,2520
2025-07-09 02:44:00,12.482097,37.87335,7,2520
2025-07-09 02:54:00,12.482097,37.87335,7,2520
2025-07-09 03:04:00,12.482097,37.87335,7,2520
2025-07-09 03:14:00,12.482097,37.87335,7,2520
2025-07-09 03:24:00,12.482097,37.87335,7,2520
2025-07-09 03:34:00,12.482097,37.87335,7,2520
2025-07-09 03:44:00,12.482097,37.87335,7,2520
2025-07-09 03:54:00,12.482097,37.87335,7,2520
2025-07-09 04:04:00,12.482097,37.87335,7,2520
2025-07-09 04:14:00,12.482097,37.87335,7,2520
2025-07-09 04:24:00,12.482097,37.87335,7,2520
2025-07-09 04:34:00,12.482097,37.87335,7,2520
2025-07-09 04:44:00,12.482097,37.87335,7,2520
2025-07-09 04:54:00,12.482097,37.87335,7,2520
2025-07-09 05:04:00,12.482097,37.87335,7,2520
2025-07-09 05:14:00,12.482097,37.87335,7,2520
2025-07-09 05:24:00,12.482097,37.87335,7,2520
2025-07-09 05:34:00,12.482097,37.87335,7,2520
2025-07-09 05:44:00,12.482097,37.87335,7,2520
2025-07-09 05:54:00,12.482097,37.87335,7,2520
2025-07-09 06:04:00,12.482097,37.87335,7,2520
2025-07-09 06:14:00,12.482097,37.87335,7,2520
2025-07-09 06:24:00,12.482097,37.87335,7,2520
2025-07-09 06:34:00,12.482097,37.87335,7,2520
2025-07-09 06:44:00,12.482097,37.87335,7,2520
2025-07-09 06:54:00,12.482097,37.87335,7,2520
2025-07-09 07:04:00,12.482097,37.87335,7,2520
2025-07-09 07:14:00,12.482097,37.87335,7,2520
2025-07-09 07:24:00,12.482097,37.87335,7,2520
2025-07-09 07:34:00,12.482097,37.87335,7,2520
2025-07-09 07:44:00,12.482097,37.87335,7,2520
2025-07-09 07:54:00,12.482097,37.87335,7,2520
2025-07-09 08:04:00,12.482097,37.87335,7,2520
2025-07-09 08:14:00,12.482097,37.87335,7,2520
2025-07-09 08:24:00,12.482097,37.87335,7,2520
2025-07-09 08:34:00,12.482097,37.87335,7,2520
2025-07-09 08:44:00,12.482097,37.87335,7,2520
2025-07-09 08:54:00,12.482097,37.87335,7,2520
2025-07-09 09:04:00,12.482097,37.87335,7,2520
2025-07-09 09:14:00,12.482097,37.87335,7,2520
2025-07-09 09:24:00,12.482097,37.87335,7,2520
2025-07-09 09:34:00,12.482097,37.87335,7,2520
2025-07-09 09:44:00,12.482097,37.87335,7,2520
2025-07-09 09:54:00,12.482097,37.87335,7,2520
2025-07-09 10:04:00,12.482097,37.87335,7,2520
2025-07-09 10:14:00,12.482097,37.87335,7,2520
2025-07-09 10:24:00,12.482097,37.87335,7,2520
2025-07-09 10:34:00,12.482097,37.87335,7,2520
2025-07-09 10:44:00,12.482097,37.87335,7,2520
2025-07-09 10:54:00,12.482097,37.87335,7,2520
2025-07-09 11:04:00,12.482097,37.87335,7,2520
2025-07-09 11:14:00,12.482097,37.87335,7,2520
2025-07-09 11:24:00,12.482097,37.87335,7,2520
2025-07-09 11:34:00,12.482097,37.87335,7,2520
2025-07-09 11:44:00,12.482097,37.87335,7,2520
2025-07-09 11:54:00,12.482097,37.87335,7,2520
2025-07-09 12:04:00,12.482097,37.87335,7,2520
2025-07-09 12:14:00,12.482097,37.87335,7,2520
2025-07-09 12:24:00,12.482097,37.87335,7,2520
2025-07-09 12:34:00,12.482097,37.87335,7,2520
2025-07-09 12:44:00,12.482097,37.87335,7,2520
2025-07-09 12:54:00,12.482097,37.87335,7,2520
2025-07-09 13:04:00,12.482097,37.87335,7,2520
2025-07-09 13:14:00,12.482097,37.87335,7,2520
2025-07-09 13:24:00,12.482097,37.87335,7,2520
2025-07-09 13:34:00,12.482097,37.87335,7,2520
2025-07-09 13:44:00,12.482097,37.87335,7,2520
2025-07-09 13:54:00,12.482097,37.87335,7,2520
2025-07-09 14:04:00,12.482097,37.87335,7,2520
2025-07-09 14:14:00,12.482097,37.87335,7,2520
2025-07-09 14:24:00,12.482097,37.87335,7,2520
2025-07-09 14:34:00,12.482097,37.87335,7,2520
2025-07-09 14:44:00,12.482097,37.87335,7,2520
2025-07-09 14:54:00,12.482097,37.87335,7,2520
2025-07-09 15:04:00,12.482097,37.87335,7,2520
2025-07-09 15:14:00,12.482097,37.87335,7,2520
2025-07-09 15:24:00,12.482097,37.87335,7,2520
2025-07-09 15:34:00,12.482097,37.87335,7,2520
2025-07-09 15:44:00,12.482097,37.87335,7,2520
2025-07-09 15:54:00,12.482097,37.87335,7,2520
2025-07-09 16:04:00,12.482097,37.87335,7,2520
2025-07-09 16:14:00,12.482097,37.87335,7,2520
2025-07-09 16:24:00,12.482097,37.87335,7,2520
2025-07-09 16:34:00,12.482097,37.87335,7,2520
2025-07-09 16:44:00,12.482097,37.87335,7,2520
2025-07-09 16:54:00,12.482097,37.87335,7,2520
2025-07-09 17:04:00,12.482097,37.87335,7,2520
2025-07-09 17:14:00,12.482097,37.87335,7,2520
2025-07-09 17:24:00,12.482097,37.87335,7,2520
2025-07-09 17:34:00,12.482097,37.87335,7,2520
2025-07-09 17:44:00,12.482097,37.87335,7,2520
2025-07-09 17:54:00,12.482097,37.87335,7,2520
2025-07-09 18:04:00,12.482097,37.87335,7,2520
2025-07-09 18:14:00,12.482097,37.87335,7,2520
2025-07-09 18:24:00,12.482097,37.87335,7,2520
2025-07-09 18:34:00,12.482097,37.87335,7,2520
2025-07-09 18:44:00,12.482097,37.87335,7,2520
2025-07-09 18:54:00,12.482097,37.87335,7,2520
2025-07-09 19:04:00,12.482097,37.87335,7,2520
2025-07-09 19:14:00,12.482097,37.87335,7,2520
2025-07-09 19:24:00,12.482097,37.87335,7,2520
2025-07-09 19:34:00,12.482097,37.87335,7,2520
2025-07-09 19:44:00,12.482097,37.87335,7,2520
2025-07-09 19:54:00,12.482097,37.87335,7,2520
2025-07-09 20:04:00,12.482097,37.87335,7,2520
2025-07-09 20:14:00,12.482097,37.87335,7,2520
2025-07-09 20:24:00,12.482097,37.87335,7,2520
2025-07-09 20:34:00,12.482097,37.87335,7,2520
2025-07-09 20:44:00,12.482097,37.87335,7,2520
2025-07-09 20:54:00,12.482097,37.87335,7,2520
2025-07-09 21:04:00,12.482097,37.87335,7,2520
2025-07-09 21:14:00,12.482097,37.87335,7,2520
2025-07-09 21:24:00,12.482097,37.87335,7,2520
2025-07-09 21:34:00,12.482097,37.87335,7,2520
2025-07-09 21:44:00,12.482097,37.87335,7,2520
2025-07-09 21:54:00,12.482097,37.87335,7,2520
2025-07-09 22:04:00,12.482097,37.87335,7,2520
2025-07-09 22:14:00,12.482097,37.87335,7,2520
2025-07-09 22:24:00,12.482097,37.87335,7,2520
2025-07-09 22:34:00,12.482097,37.87335,7,2520
2025-07-09 22:44:00,12.482097,37.87335,7,2520
2025-07-09 22:54:00,12.482097,37.87335,7,2520
2025-07-09 23:04:00,12.482097,37.87335,7,2520
2025-07-09 23:14:00,12.482097,37.87335,7,2520
2025-07-09 23:24:00,12.482097,37.87335,7,2520
2025-07-09 23:34:00,12.482097,37.87335,7,2520
2025-07-09 23:44:00,12.482097,37.87335,7,2520
2025-07-09 23:54:00,12.482097,37.87335,7,2520
2025-07-10 00:04:00,12.482097,37.87335,7,2520
2025-07-08 17:04:00,12.478202,37.875443,7,7520
2025-07-08 17:14:00,12.479093,37.874916,7,7520
2025-07-08 17:24:00,12.479968,37.874443,7,7520
2025-07-08 17:34:00,12.480827,37.874,7,7520
2025-07-08 17:44:00,12.481663,37.873566,7,7520
2025-07-08 17:54:00,12.482056,37.873352,7,7520
2025-07-08 18:04:00,12.482056,37.873352,7,7520
2025-07-08 18:14:00,12.482056,37.873352,7,7520
2025-07-08 18:24:00,12.482056,37.873352,7,7520
2025-07-08 18:34:00,12.482056,37.873352,7,7520
2025-07-08 18:44:00,12.482056,37.873352,7,7520
2025-07-08 18:54:00,12.482056,37.873352,7,7520
2025-07-08 19:04:00,12.482056,37.873352,7,7520
2025-07-08 19:14:00,12.482056,37.873352,7,7520
2025-07-08 19:24:00,12.482056,37.873352,7,7520
2025-07-08 19:34:00,12.482056,37.873352,7,7520
2025-07-08 19:44:00,12.482056,37.873352,7,7520
2025-07-08 19:54:00,12.482056,37.873352,7,7520
2025-07-08 20:04:00,12.482056,37.873352,7,7520
2025-07-08 20:14:00,12.482056,37.873352,7,7520
2025-07-08 20:24:00,12.482056,37.873352,7,7520
2025-07-08 20:34:00,12.482056,37.873352,7,7520
2025-07-08 20:44:00,12.482056,37.873352,7,7520
2025-07-08 20:54:00,12.482056,37.873352,7,7520
2025-07-08 21:04:00,12.482056,37.873352,7,7520
2025-07-08 21:14:00,12.482056,37.873352,7,7520
2025-07-08 21:24:00,12.482056,37.873352,7,7520
2025-07-08 21:34:00,12.482056,37.873352,7,7520
2025-07-08 21:44:00,12.482056,37.873352,7,7520
2025-07-08 21:54:00,12.482056,37.873352,7,7520
2025-07-08 22:04:00,12.482056,37.873352,7,7520
2025-07-08 22:14:00,12.482056,37.873352,7,7520
2025-07-08 22:24:00,12.482056,37.873352,7,7520
2025-07-08 22:34:00,12.482056,37.873352,7,7520
2025-07-08 22:44:00,12.482056,37.873352,7,7520
2025-07-08 22:54:00,12.482056,37.873352,7,7520
2025-07-08 23:04:00,12.482056,37.873352,7,7520
2025-07-08 23:14:00,12.482056,37.873352,7,7520
2025-07-08 23:24:00,12.482056,37.873352,7,7520
2025-07-08 23:34:00,12.482056,37.873352,7,7520
2025-07-08 23:44:00,12.482056,37.873352,7,7520
2025-07-08 23:54:00,12.482056,37.873352,7,7520
2025-07-09 00:04:00,12.482056,37.873352,7,7520
2025-07-09 00:14:00,12.482056,37.873352,7,7520
2025-07-09 00:24:00,12.482056,37.873352,7,7520
2025-07-09 00:34:00,12.482056,37.873352,7,7520
2025-07-09 00:44:00,12.482056,37.873352,7,7520
2025-07-09 00:54:00,12.482056,37.873352,7,7520
2025-07-09 01:04:00,12.482056,37.873352,7,7520
2025-07-09 01:14:00,12.482056,37.873352,7,7520
2025-07-09 01:24:00,12.482056,37.873352,7,7520
2025-07-09 01:34:00,12.482056,37.873352,7,7520
2025-07-09 01:44:00,12.482056,37.873352,7,7520
2025-07-09 01:54:00,12.482056,37.873352,7,7520
2025-07-09 02:04:00,12.482056,37.873352,7,7520
2025-07-09 02:14:00,12.482056,37.873352,7,7520
2025-07-09 02:24:00,12.482056,37.873352,7,7520
2025-07-09 02:34:00,12.482056,37.873352,7,7520
2025-07-09 02:44:00,12.482056,37.873352,7,7520
2025-07-09 02:54:00,12.482056,37.873352,7,7520
2025-07-09 03:04:00,12.482056,37.873352,7,7520
2025-07-09 03:14:00,12.482056,37.873352,7,7520
2025-07-09 03:24:00,12.482056,37.873352,7,7520
2025-07-09 03:34:00,12.482056,37.873352,7,7520
2025-07-09 03:44:00,12.482056,37.873352,7,7520
2025-07-09 03:54:00,12.482056,37.873352,7,7520
2025-07-09 04:04:00,12.482056,37.873352,7,7520
2025-07-09 04:14:00,12.482056,37.873352,7,7520
2025-07-09 04:24:00,12.482056,37.873352,7,7520
2025-07-09 04:34:00,12.482056,37.873352,7,7520
2025-07-09 04:44:00,12.482056,37.873352,7,7520
2025-07-09 04:54:00,12.482056,37.873352,7,7520
2025-07-09 05:04:00,12.482056,37.873352,7,7520
2025-07-09 05:14:00,12.482056,37.873352,7,7520
2025-07-09 05:24:00,12.482056,37.873352,7,7520
2025-07-09 05:34:00,12.482056,37.873352,7,7520
2025-07-09 05:44:00,12.482056,37.873352,7,7520
2025-07-09 05:54:00,12.482056,37.873352,7,7520
2025-07-09 06:04:00,12.482056,37.873352,7,7520
2025-07-09 06:14:00,12.482056,37.873352,7,7520
2025-07-09 06:24:00,12.482056,37.873352,7,7520
2025-07-09 06:34:00,12.482056,37.873352,7,7520
2025-07-09 06:44:00,12.482056,37.873352,7,7520
2025-07-09 06:54:00,12.482056,37.873352,7,7520
2025-07-09 07:04:00,12.482056,37.873352,7,7520
2025-07-09 07:14:00,12.482056,37.873352,7,7520
2025-07-09 07:24:00,12.482056,37.873352,7,7520
2025-07-09 07:34:00,12.482056,37.873352,7,7520
2025-07-09 07:44:00,12.482056,37.873352,7,7520
2025-07-09 07:54:00,12.482056,37.873352,7,7520
2025-07-09 08:04:00,12.482056,37.873352,7,7520
2025-07-09 08:14:00,12.482056,37.873352,7,7520
2025-07-09 08:24:00,12.482056,37.873352,7,7520
2025-07-09 08:34:00,12.482056,37.873352,7,7520
2025-07-09 08:44:00,12.482056,37.873352,7,7520
2025-07-09 08:54:00,12.482056,37.873352,7,7520
2025-07-09 09:04:00,12.482056,37.873352,7,7520
2025-07-09 09:14:00,12.482056,37.873352,7,7520
2025-07-09 09:24:00,12.482056,37.873352,7,7520
2025-07-09 09:34:00,12.482056,37.873352,7,7520
2025-07-09 09:44:00,12.482056,37.873352,7,7520
2025-07-09 09:54:00,12.482056,37.873352,7,7520
2025-07-09 10:04:00,12.482056,37.873352,7,7520
2025-07-09 10:14:00,12.482056,37.873352,7,7520
2025-07-09 10:24:00,12.482056,37.873352,7,7520
2025-07-09 10:34:00,12.482056,37.873352,7,7520
2025-07-09 10:44:00,12.482056,37.873352,7,7520
2025-07-09 10:54:00,12.482056,37.873352,7,7520
2025-07-09 11:04:00,12.482056,37.873352,7,7520
2025-07-09 11:14:00,12.482056,37.873352,7,7520
2025-07-09 11:24:00,12.482056,37.873352,7,7520
2025-07-09 11:34:00,12.482056,37.873352,7,7520
2025-07-09 11:44:00,12.482056,37.873352,7,7520
2025-07-09 11:54:00,12.482056,37.873352,7,7520
2025-07-09 12:04:00,12.482056,37.873352,7,7520
2025-07-09 12:14:00,12.482056,37.873352,7,7520
2025-07-09 12:24:00,12.482056,37.873352,7,7520
2025-07-09 12:34:00,12.482056,37.873352,7,7520
2025-07-09 12:44:00,12.482056,37.873352,7,7520
2025-07-09 12:54:00,12.482056,37.873352,7,7520
2025-07-09 13:04:00,12.482056,37.873352,7,7520
2025-07-09 13:14:00,12.482056,37.873352,7,7520
2025-07-09 13:24:00,12.482056,37.873352,7,7520
2025-07-09 13:34:00,12.482056,37.873352,7,7520
2025-07-09 13:44:00,12.482056,37.873352,7,7520
2025-07-09 13:54:00,12.482056,37.873352,7,7520
2025-07-09 14:04:00,12.482056,37.873352,7,7520
2025-07-09 14:14:00,12.482056,37.873352,7,7520
2025-07-09 14:24:00,12.482056,37.873352,7,7520
2025-07-09 14:34:00,12.482056,37.873352,7,7520
2025-07-09 14:44:00,12.482056,37.873352,7,7520
2025-07-09 14:54:00,12.482056,37.873352,7,7520
2025-07-09 15:04:00,12.482056,37.873352,7,7520
2025-07-09 15:14:00,12.482056,37.873352,7,7520
2025-07-09 15:24:00,12.482056,37.873352,7,7520
2025-07-09 15:34:00,12.482056,37.873352,7,7520
2025-07-09 15:44:00,12.482056,37.873352,7,7520
2025-07-09 15:54:00,12.482056,37.873352,7,7520
2025-07-09 16:04:00,12.482056,37.873352,7,7520
2025-07-09 16:14:00,12.482056,37.873352,7,7520
2025-07-09 16:24:00,12.482056,37.873352,7,7520
2025-07-09 16:34:00,12.482056,37.873352,7,7520
2025-07-09 16:44:00,12.482056,37.873352,7,7520
2025-07-09 16:54:00,12.482056,37.873352,7,7520
2025-07-09 17:04:00,12.482056,37.873352,7,7520
2025-07-09 17:14:00,12.482056,37.873352,7,7520
2025-07-09 17:24:00,12.482056,37.873352,7,7520
2025-07-09 17:34:00,12.482056,37.873352,7,7520
2025-07-09 17:44:00,12.482056,37.873352,7,7520
2025-07-09 17:54:00,12.482056,37.873352,7,7520
2025-07-09 18:04:00,12.482056,37.873352,7,7520
2025-07-09 18:14:00,12.482056,37.873352,7,7520
2025-07-09 18:24:00,12.482056,37.873352,7,7520
2025-07-09 18:34:00,12.482056,37.873352,7,7520
2025-07-09 18:44:00,12.482056,37.873352,7,7520
2025-07-09 18:54:00,12.482056,37.873352,7,7520
2025-07-09 19:04:00,12.482056,37.873352,7,7520
2025-07-09 19:14:00,12.482056,37.873352,7,7520
2025-07-09 19:24:00,12.482056,37.873352,7,7520
2025-07-09 19:34:00,12.482056,37.873352,7,7520
2025-07-09 19:44:00,12.482056,37.873352,7,7520
2025-07-09 19:54:00,12.482056,37.873352,7,7520
2025-07-09 20:04:00,12.482056,37.873352,7,7520
2025-07-09 20:14:00,12.482056,37.873352,7,7520
2025-07-09 20:24:00,12.482056,37.873352,7,7520
2025-07-09 20:34:00,12.482056,37.873352,7,7520
2025-07-09 20:44:00,12.482056,37.873352,7,7520
2025-07-09 20:54:00,12.482056,37.873352,7,7520
2025-07-09 21:04:00,12.482056,37.873352,7,7520
2025-07-09 21:14:00,12.482056,37.873352,7,7520
2025-07-09 21:24:00,12.482056,37.873352,7,7520
2025-07-09 21:34:00,12.482056,37.873352,7,7520
2025-07-09 21:44:00,12.482056,37.873352,7,7520
2025-07-09 21:54:00,12.482056,37.873352,7,7520
2025-07-09 22:04:00,12.482056,37.873352,7,7520
2025-07-09 22:14:00,12.482056,37.873352,7,7520
2025-07-09 22:24:00,12.482056,37.873352,7,7520
2025-07-09 22:34:00,12.482056,37.873352,7,7520
2025-07-09 22:44:00,12.482056,37.873352,7,7520
2025-07-09 22:54:00,12.482056,37.873352,7,7520
2025-07-09 23:04:00,12.482056,37.873352,7,7520
2025-07-09 23:14:00,12.482056,37.873352,7,7520
2025-07-09 23:24:00,12.482056,37.873352,7,7520
2025-07-09 23:34:00,12.482056,37.873352,7,7520
2025-07-09 23:44:00,12.482056,37.873352,7,7520
2025-07-09 23:54:00,12.482056,37.873352,7,7520
2025-07-10 00:04:00,12.482056,37.873352,7,7520
2025-07-08 17:04:00,12.478182,37.875454,7,930
2025-07-08 17:14:00,12.479073,37.874924,7,930
2025-07-08 17:24:00,12.479948,37.87445,7,930
2025-07-08 17:34:00,12.480807,37.874012,7,930
2025-07-08 17:44:00,12.481643,37.87358,7,930
2025-07-08 17:54:00,12.482037,37.873367,7,930
2025-07-08 18:04:00,12.482037,37.873367,7,930
2025-07-08 18:14:00,12.482037,37.873367,7,930
2025-07-08 18:24:00,12.482037,37.873367,7,930
2025-07-08 18:34:00,12.482037,37.873367,7,930
2025-07-08 18:44:00,12.482037,37.873367,7,930
2025-07-08 18:54:00,12.482037,37.873367,7,930
2025-07-08 19:04:00,12.482037,37.873367,7,930
2025-07-08 19:14:00,12.482037,37.873367,7,930
2025-07-08 19:24:00,12.482037,37.873367,7,930
2025-07-08 19:34:00,12.482037,37.873367,7,930
2025-07-08 19:44:00,12.482037,37.873367,7,930
2025-07-08 19:54:00,12.482037,37.873367,7,930
2025-07-08 20:04:00,12.482037,37.873367,7,930
2025-07-08 20:14:00,12.482037,37.873367,7,930
2025-07-08 20:24:00,12.482037,37.873367,7,930
2025-07-08 20:34:00,12.482037,37.873367,7,930
2025-07-08 20:44:00,12.482037,37.873367,7,930
2025-07-08 20:54:00,12.482037,37.873367,7,930
2025-07-08 21:04:00,12.482037,37.873367,7,930
2025-07-08 21:14:00,12.482037,37.873367,7,930
2025-07-08 21:24:00,12.482037,37.873367,7,930
2025-07-08 21:34:00,12.482037,37.873367,7,930
2025-07-08 21:44:00,12.482037,37.873367,7,930
2025-07-08 21:54:00,12.482037,37.873367,7,930
2025-07-08 22:04:00,12.482037,37.873367,7,930
2025-07-08 22:14:00,12.482037,37.873367,7,930
2025-07-08 22:24:00,12.482037,37.873367,7,930
2025-07-08 22:34:00,12.482037,37.873367,7,930
2025-07-08 22:44:00,12.482037,37.873367,7,930
2025-07-08 22:54:00,12.482037,37.873367,7,930
2025-07-08 23:04:00,12.482037,37.873367,7,930
2025-07-08 23:14:00,12.482037,37.873367,7,930
2025-07-08 23:24:00,12.482037,37.873367,7,930
2025-07-08 23:34:00,12.482037,37.873367,7,930
2025-07-08 23:44:00,12.482037,37.873367,7,930
2025-07-08 23:54:00,12.482037,37.873367,7,930
2025-07-09 00:04:00,12.482037,37.873367,7,930
2025-07-09 00:14:00,12.482037,37.873367,7,930
2025-07-09 00:24:00,12.482037,37.873367,7,930
2025-07-09 00:34:00,12.482037,37.873367,7,930
2025-07-09 00:44:00,12.482037,37.873367,7,930
2025-07-09 00:54:00,12.482037,37.873367,7,930
2025-07-09 01:04:00,12.482037,37.873367,7,930
2025-07-09 01:14:00,12.482037,37.873367,7,930
2025-07-09 01:24:00,12.482037,37.873367,7,930
2025-07-09 01:34:00,12.482037,37.873367,7,930
2025-07-09 01:44:00,12.482037,37.873367,7,930
2025-07-09 01:54:00,12.482037,37.873367,7,930
2025-07-09 02:04:00,12.482037,37.873367,7,930
2025-07-09 02:14:00,12.482037,37.873367,7,930
2025-07-09 02:24:00,12.482037,37.873367,7,930
2025-07-09 02:34:00,12.482037,37.873367,7,930
2025-07-09 02:44:00,12.482037,37.873367,7,930
2025-07-09 02:54:00,12.482037,37.873367,7,930
2025-07-09 03:04:00,12.482037,37.873367,7,930
2025-07-09 03:14:00,12.482037,37.873367,7,930
2025-07-09 03:24:00,12.482037,37.873367,7,930
2025-07-09 03:34:00,12.482037,37.873367,7,930
2025-07-09 03:44:00,12.482037,37.873367,7,930
2025-07-09 03:54:00,12.482037,37.873367,7,930
2025-07-09 04:04:00,12.482037,37.873367,7,930
2025-07-09 04:14:00,12.482037,37.873367,7,930
2025-07-09 04:24:00,12.482037,37.873367,7,930
2025-07-09 04:34:00,12.482037,37.873367,7,930
2025-07-09 04:44:00,12.482037,37.873367,7,930
2025-07-09 04:54:00,12.482037,37.873367,7,930
2025-07-09 05:04:00,12.482037,37.873367,7,930
2025-07-09 05:14:00,12.482037,37.873367,7,930
2025-07-09 05:24:00,12.482037,37.873367,7,930
2025-07-09 05:34:00,12.482037,37.873367,7,930
2025-07-09 05:44:00,12.482037,37.873367,7,930
2025-07-09 05:54:00,12.482037,37.873367,7,930
2025-07-09 06:04:00,12.482037,37.873367,7,930
2025-07-09 06:14:00,12.482037,37.873367,7,930
2025-07-09 06:24:00,12.482037,37.873367,7,930
2025-07-09 06:34:00,12.482037,37.873367,7,930
2025-07-09 06:44:00,12.482037,37.873367,7,930
2025-07-09 06:54:00,12.482037,37.873367,7,930
2025-07-09 07:04:00,12.482037,37.873367,7,930
2025-07-09 07:14:00,12.482037,37.873367,7,930
2025-07-09 07:24:00,12.482037,37.873367,7,930
2025-07-09 07:34:00,12.482037,37.873367,7,930
2025-07-09 07:44:00,12.482037,37.873367,7,930
2025-07-09 07:54:00,12.482037,37.873367,7,930
2025-07-09 08:04:00,12.482037,37.873367,7,930
2025-07-09 08:14:00,12.482037,37.873367,7,930
2025-07-09 08:24:00,12.482037,37.873367,7,930
2025-07-09 08:34:00,12.482037,37.873367,7,930
2025-07-09 08:44:00,12.482037,37.873367,7,930
2025-07-09 08:54:00,12.482037,37.873367,7,930
2025-07-09 09:04:00,12.482037,37.873367,7,930
2025-07-09 09:14:00,12.482037,37.873367,7,930
2025-07-09 09:24:00,12.482037,37.873367,7,930
2025-07-09 09:34:00,12.482037,37.873367,7,930
2025-07-09 09:44:00,12.482037,37.873367,7,930
2025-07-09 09:54:00,12.482037,37.873367,7,930
2025-07-09 10:04:00,12.482037,37.873367,7,930
2025-07-09 10:14:00,12.482037,37.873367,7,930
2025-07-09 10:24:00,12.482037,37.873367,7,930
2025-07-09 10:34:00,12.482037,37.873367,7,930
2025-07-09 10:44:00,12.482037,37.873367,7,930
2025-07-09 10:54:00,12.482037,37.873367,7,930
2025-07-09 11:04:00,12.482037,37.873367,7,930
2025-07-09 11:14:00,12.482037,37.873367,7,930
2025-07-09 11:24:00,12.482037,37.873367,7,930
2025-07-09 11:34:00,12.482037,37.873367,7,930
2025-07-09 11:44:00,12.482037,37.873367,7,930
2025-07-09 11:54:00,12.482037,37.873367,7,930
2025-07-09 12:04:00,12.482037,37.873367,7,930
2025-07-09 12:14:00,12.482037,37.873367,7,930
2025-07-09 12:24:00,12.482037,37.873367,7,930
2025-07-09 12:34:00,12.482037,37.873367,7,930
2025-07-09 12:44:00,12.482037,37.873367,7,930
2025-07-09 12:54:00,12.482037,37.873367,7,930
2025-07-09 13:04:00,12.482037,37.873367,7,930
2025-07-09 13:14:00,12.482037,37.873367,7,930
2025-07-09 13:24:00,12.482037,37.873367,7,930
2025-07-09 13:34:00,12.482037,37.873367,7,930
2025-07-09 13:44:00,12.482037,37.873367,7,930
2025-07-09 13:54:00,12.482037,37.873367,7,930
2025-07-09 14:04:00,12.482037,37.873367,7,930
2025-07-09 14:14:00,12.482037,37.873367,7,930
2025-07-09 14:24:00,12.482037,37.873367,7,930
2025-07-09 14:34:00,12.482037,37.873367,7,930
2025-07-09 14:44:00,12.482037,37.873367,7,930
2025-07-09 14:54:00,12.482037,37.873367,7,930
2025-07-09 15:04:00,12.482037,37.873367,7,930
2025-07-09 15:14:00,12.482037,37.873367,7,930
2025-07-09 15:24:00,12.482037,37.873367,7,930
2025-07-09 15:34:00,12.482037,37.873367,7,930
2025-07-09 15:44:00,12.482037,37.873367,7,930
2025-07-09 15:54:00,12.482037,37.873367,7,930
2025-07-09 16:04:00,12.482037,37.873367,7,930
2025-07-09 16:14:00,12.482037,37.873367,7,930
2025-07-09 16:24:00,12.482037,37.873367,7,930
2025-07-09 16:34:00,12.482037,37.873367,7,930
2025-07-09 16:44:00,12.482037,37.873367,7,930
2025-07-09 16:54:00,12.482037,37.873367,7,930
2025-07-09 17:04:00,12.482037,37.873367,7,930
2025-07-09 17:14:00,12.482037,37.873367,7,930
2025-07-09 17:24:00,12.482037,37.873367,7,930
2025-07-09 17:34:00,12.482037,37.873367,7,930
2025-07-09 17:44:00,12.482037,37.873367,7,930
2025-07-09 17:54:00,12.482037,37.873367,7,930
2025-07-09 18:04:00,12.482037,37.873367,7,930
2025-07-09 18:14:00,12.482037,37.873367,7,930
2025-07-09 18:24:00,12.482037,37.873367,7,930
2025-07-09 18:34:00,12.482037,37.873367,7,930
2025-07-09 18:44:00,12.482037,37.873367,7,930
2025-07-09 18:54:00,12.482037,37.873367,7,930
2025-07-09 19:04:00,12.482037,37.873367,7,930
2025-07-09 19:14:00,12.482037,37.873367,7,930
2025-07-09 19:24:00,12.482037,37.873367,7,930
2025-07-09 19:34:00,12.482037,37.873367,7,930
2025-07-09 19:44:00,12.482037,37.873367,7,930
2025-07-09 19:54:00,12.482037,37.873367,7,930
2025-07-09 20:04:00,12.482037,37.873367,7,930
2025-07-09 20:14:00,12.482037,37.873367,7,930
2025-07-09 20:24:00,12.482037,37.873367,7,930
2025-07-09 20:34:00,12.482037,37.873367,7,930
2025-07-09 20:44:00,12.482037,37.873367,7,930
2025-07-09 20:54:00,12.482037,37.873367,7,930
2025-07-09 21:04:00,12.482037,37.873367,7,930
2025-07-09 21:14:00,12.482037,37.873367,7,930
2025-07-09 21:24:00,12.482037,37.873367,7,930
2025-07-09 21:34:00,12.482037,37.873367,7,930
2025-07-09 21:44:00,12.482037,37.873367,7,930
2025-07-09 21:54:00,12.482037,37.873367,7,930
2025-07-09 22:04:00,12.482037,37.873367,7,930
2025-07-09 22:14:00,12.482037,37.873367,7,930
2025-07-09 22:24:00,12.482037,37.873367,7,930
2025-07-09 22:34:00,12.482037,37.873367,7,930
2025-07-09 22:44:00,12.482037,37.873367,7,930
2025-07-09 22:54:00,12.482037,37.873367,7,930
2025-07-09 23:04:00,12.482037,37.873367,7,930
2025-07-09 23:14:00,12.482037,37.873367,7,930
2025-07-09 23:24:00,12.482037,37.873367,7,930
2025-07-09 23:34:00,12.482037,37.873367,7,930
2025-07-09 23:44:00,12.482037,37.873367,7,930
2025-07-09 23:54:00,12.482037,37.873367,7,930
2025-07-10 00:04:00,12.482037,37.873367,7,930
2025-07-09 07:44:00,12.45519,37.86956,8,2520
2025-07-09 07:54:00,12.455459,37.868286,8,2520
2025-07-09 08:04:00,12.455748,37.86705,8,2520
2025-07-09 08:14:00,12.456067,37.86582,8,2520
2025-07-09 08:24:00,12.456435,37.864586,8,2520
2025-07-09 08:34:00,12.456645,37.86397,8,2520
2025-07-09 08:44:00,12.456645,37.86397,8,2520
2025-07-09 08:54:00,12.456645,37.86397,8,2520
2025-07-09 09:04:00,12.456645,37.86397,8,2520
2025-07-09 09:14:00,12.456645,37.86397,8,2520
2025-07-09 09:24:00,12.456645,37.86397,8,2520
2025-07-09 09:34:00,12.456645,37.86397,8,2520
2025-07-09 09:44:00,12.456645,37.86397,8,2520
2025-07-09 09:54:00,12.456645,37.86397,8,2520
2025-07-09 10:04:00,12.456645,37.86397,8,2520
2025-07-09 10:14:00,12.456645,37.86397,8,2520
2025-07-09 10:24:00,12.456645,37.86397,8,2520
2025-07-09 10:34:00,12.456645,37.86397,8,2520
2025-07-09 10:44:00,12.456645,37.86397,8,2520
2025-07-09 10:54:00,12.456645,37.86397,8,2520
2025-07-09 11:04:00,12.456645,37.86397,8,2520
2025-07-09 11:14:00,12.456645,37.86397,8,2520
2025-07-09 11:24:00,12.456645,37.86397,8,2520
2025-07-09 11:34:00,12.456645,37.86397,8,2520
2025-07-09 11:44:00,12.456645,37.86397,8,2520
2025-07-09 11:54:00,12.456645,37.86397,8,2520
2025-07-09 12:04:00,12.456645,37.86397,8,2520
2025-07-09 12:14:00,12.456645,37.86397,8,2520
2025-07-09 12:24:00,12.456645,37.86397,8,2520
2025-07-09 12:34:00,12.456645,37.86397,8,2520
2025-07-09 12:44:00,12.456645,37.86397,8,2520
2025-07-09 12:54:00,12.456645,37.86397,8,2520
2025-07-09 13:04:00,12.456645,37.86397,8,2520
2025-07-09 13:14:00,12.456645,37.86397,8,2520
2025-07-09 13:24:00,12.456645,37.86397,8,2520
2025-07-09 13:34:00,12.456645,37.86397,8,2520
2025-07-09 13:44:00,12.456645,37.86397,8,2520
2025-07-09 13:54:00,12.456645,37.86397,8,2520
2025-07-09 14:04:00,12.456645,37.86397,8,2520
2025-07-09 14:14:00,12.456645,37.86397,8,2520
2025-07-09 14:24:00,12.456645,37.86397,8,2520
2025-07-09 14:34:00,12.456645,37.86397,8,2520
2025-07-09 14:44:00,12.456645,37.86397,8,2520
2025-07-09 14:54:00,12.456645,37.86397,8,2520
2025-07-09 15:04:00,12.456645,37.86397,8,2520
2025-07-09 15:14:00,12.456645,37.86397,8,2520
2025-07-09 15:24:00,12.456645,37.86397,8,2520
2025-07-09 15:34:00,12.456645,37.86397,8,2520
2025-07-09 15:44:00,12.456645,37.86397,8,2520
2025-07-09 15:54:00,12.456645,37.86397,8,2520
2025-07-09 16:04:00,12.456645,37.86397,8,2520
2025-07-09 16:14:00,12.456645,37.86397,8,2520
2025-07-09 16:24:00,12.456645,37.86397,8,2520
2025-07-09 16:34:00,12.456645,37.86397,8,2520
2025-07-09 16:44:00,12.456645,37.86397,8,2520
2025-07-09 16:54:00,12.456645,37.86397,8,2520
2025-07-09 17:04:00,12.456645,37.86397,8,2520
2025-07-09 17:14:00,12.456645,37.86397,8,2520
2025-07-09 17:24:00,12.456645,37.86397,8,2520
2025-07-09 17:34:00,12.456645,37.86397,8,2520
2025-07-09 17:44:00,12.456645,37.86397,8,2520
2025-07-09 17:54:00,12.456645,37.86397,8,2520
2025-07-09 18:04:00,12.456645,37.86397,8,2520
2025-07-09 18:14:00,12.456645,37.86397,8,2520
2025-07-09 18:24:00,12.456645,37.86397,8,2520
2025-07-09 18:34:00,12.456645,37.86397,8,2520
2025-07-09 18:44:00,12.456645,37.86397,8,2520
2025-07-09 18:54:00,12.456645,37.86397,8,2520
2025-07-09 19:04:00,12.456645,37.86397,8,2520
2025-07-09 19:14:00,12.456645,37.86397,8,2520
2025-07-09 19:24:00,12.456645,37.86397,8,2520
2025-07-09 19:34:00,12.456645,37.86397,8,2520
2025-07-09 19:44:00,12.456645,37.86397,8,2520
2025-07-09 19:54:00,12.456645,37.86397,8,2520
2025-07-09 20:04:00,12.456645,37.86397,8,2520
2025-07-09 20:14:00,12.456645,37.86397,8,2520
2025-07-09 20:24:00,12.456645,37.86397,8,2520
2025-07-09 20:34:00,12.456645,37.86397,8,2520
2025-07-09 20:44:00,12.456645,37.86397,8,2520
2025-07-09 20:54:00,12.456645,37.86397,8,2520
2025-07-09 21:04:00,12.456645,37.86397,8,2520
2025-07-09 21:14:00,12.456645,37.86397,8,2520
2025-07-09 21:24:00,12.456645,37.86397,8,2520
2025-07-09 21:34:00,12.456645,37.86397,8,2520
2025-07-09 21:44:00,12.456645,37.86397,8,2520
2025-07-09 21:54:00,12.456645,37.86397,8,2520
2025-07-09 22:04:00,12.456645,37.86397,8,2520
2025-07-09 22:14:00,12.456645,37.86397,8,2520
2025-07-09 22:24:00,12.456645,37.86397,8,2520
2025-07-09 22:34:00,12.456645,37.86397,8,2520
2025-07-09 22:44:00,12.456645,37.86397,8,2520
2025-07-09 22:54:00,12.456645,37.86397,8,2520
2025-07-09 23:04:00,12.456645,37.86397,8,2520
2025-07-09 23:14:00,12.456645,37.86397,8,2520
2025-07-09 23:24:00,12.456645,37.86397,8,2520
2025-07-09 23:34:00,12.456645,37.86397,8,2520
2025-07-09 23:44:00,12.456645,37.86397,8,2520
2025-07-09 23:54:00,12.456645,37.86397,8,2520
2025-07-10 00:04:00,12.456708,37.86373,8,2520
2025-07-09 07:44:00,12.45545,37.86926,8,7520
2025-07-09 07:54:00,12.455728,37.86799,8,7520
2025-07-09 08:04:00,12.456023,37.866753,8,7520
2025-07-09 08:14:00,12.456359,37.865524,8,7520
2025-07-09 08:24:00,12.456756,37.864292,8,7520
2025-07-09 08:34:00,12.457256,37.863106,8,7520
2025-07-09 08:44:00,12.457783,37.86189,8,7520
2025-07-09 08:54:00,12.458146,37.860588,8,7520
2025-07-09 09:04:00,12.458434,37.859272,8,7520
2025-07-09 09:14:00,12.458651,37.857895,8,7520
2025-07-09 09:24:00,12.458853,37.8564,8,7520
2025-07-09 09:34:00,12.45906,37.85479,8,7520
2025-07-09 09:44:00,12.459277,37.85311,8,7520
2025-07-09 09:54:00,12.459437,37.851387,8,7520
2025-07-09 10:04:00,12.459408,37.84946,8,7520
2025-07-09 10:14:00,12.459206,37.8473,8,7520
2025-07-09 10:24:00,12.459005,37.84523,8,7520
2025-07-09 10:34:00,12.458966,37.84324,8,7520
2025-07-09 10:44:00,12.459009,37.84139,8,7520
2025-07-09 10:54:00,12.459187,37.839718,8,7520
2025-07-09 11:04:00,12.459448,37.838276,8,7520
2025-07-09 11:14:00,12.459742,37.836956,8,7520
2025-07-09 11:24:00,12.460068,37.835682,8,7520
2025-07-09 11:34:00,12.46041,37.83445,8,7520
2025-07-09 11:44:00,12.460771,37.833252,8,7520
2025-07-09 11:54:00,12.461159,37.832073,8,7520
2025-07-09 12:04:00,12.461571,37.830906,8,7520
2025-07-09 12:14:00,12.461987,37.829735,8,7520
2025-07-09 12:24:00,12.46239,37.828556,8,7520
2025-07-09 12:34:00,12.462775,37.82736,8,7520
2025-07-09 12:44:00,12.463107,37.826134,8,7520
2025-07-09 12:54:00,12.463367,37.82488,8,7520
2025-07-09 13:04:00,12.463488,37.824238,8,7520
2025-07-09 13:14:00,12.463488,37.824238,8,7520
2025-07-09 13:24:00,12.463488,37.824238,8,7520
2025-07-09 13:34:00,12.463488,37.824238,8,7520
2025-07-09 13:44:00,12.463488,37.824238,8,7520
2025-07-09 13:54:00,12.463488,37.824238,8,7520
2025-07-09 14:04:00,12.463488,37.824238,8,7520
2025-07-09 14:14:00,12.463488,37.824238,8,7520
2025-07-09 14:24:00,12.463488,37.824238,8,7520
2025-07-09 14:34:00,12.463488,37.824238,8,7520
2025-07-09 14:44:00,12.463488,37.824238,8,7520
2025-07-09 14:54:00,12.463488,37.824238,8,7520
2025-07-09 15:04:00,12.463488,37.824238,8,7520
2025-07-09 15:14:00,12.463488,37.824238,8,7520
2025-07-09 15:24:00,12.463488,37.824238,8,7520
2025-07-09 15:34:00,12.463488,37.824238,8,7520
2025-07-09 15:44:00,12.463488,37.824238,8,7520
2025-07-09 15:54:00,12.463488,37.824238,8,7520
2025-07-09 16:04:00,12.463488,37.824238,8,7520
2025-07-09 16:14:00,12.463488,37.824238,8,7520
2025-07-09 16:24:00,12.463488,37.824238,8,7520
2025-07-09 16:34:00,12.463488,37.824238,8,7520
2025-07-09 16:44:00,12.463488,37.824238,8,7520
2025-07-09 16:54:00,12.463488,37.824238,8,7520
2025-07-09 17:04:00,12.463488,37.824238,8,7520
2025-07-09 17:14:00,12.463488,37.824238,8,7520
2025-07-09 17:24:00,12.463488,37.824238,8,7520
2025-07-09 17:34:00,12.463488,37.824238,8,7520
2025-07-09 17:44:00,12.463488,37.824238,8,7520
2025-07-09 17:54:00,12.463488,37.824238,8,7520
2025-07-09 18:04:00,12.463488,37.824238,8,7520
2025-07-09 18:14:00,12.463488,37.824238,8,7520
2025-07-09 18:24:00,12.463488,37.824238,8,7520
2025-07-09 18:34:00,12.463488,37.824238,8,7520
2025-07-09 18:44:00,12.463488,37.824238,8,7520
2025-07-09 18:54:00,12.463488,37.824238,8,7520
2025-07-09 19:04:00,12.463488,37.824238,8,7520
2025-07-09 19:14:00,12.463488,37.824238,8,7520
2025-07-09 19:24:00,12.463488,37.824238,8,7520
2025-07-09 19:34:00,12.463488,37.824238,8,7520
2025-07-09 19:44:00,12.463488,37.824238,8,7520
2025-07-09 19:54:00,12.463488,37.824238,8,7520
2025-07-09 20:04:00,12.463488,37.824238,8,7520
2025-07-09 20:14:00,12.463488,37.824238,8,7520
2025-07-09 20:24:00,12.463488,37.824238,8,7520
2025-07-09 20:34:00,12.463488,37.824238,8,7520
2025-07-09 20:44:00,12.463488,37.824238,8,7520
2025-07-09 20:54:00,12.463488,37.824238,8,7520
2025-07-09 21:04:00,12.463488,37.824238,8,7520
2025-07-09 21:14:00,12.463488,37.824238,8,7520
2025-07-09 21:24:00,12.463488,37.824238,8,7520
2025-07-09 21:34:00,12.463488,37.824238,8,7520
2025-07-09 21:44:00,12.463488,37.824238,8,7520
2025-07-09 21:54:00,12.463488,37.824238,8,7520
2025-07-09 22:04:00,12.463488,37.824238,8,7520
2025-07-09 22:14:00,12.463488,37.824238,8,7520
2025-07-09 22:24:00,12.463488,37.824238,8,7520
2025-07-09 22:34:00,12.463488,37.824238,8,7520
2025-07-09 22:44:00,12.463488,37.824238,8,7520
2025-07-09 22:54:00,12.463488,37.824238,8,7520
2025-07-09 23:04:00,12.463488,37.824238,8,7520
2025-07-09 23:14:00,12.463488,37.824238,8,7520
2025-07-09 23:24:00,12.463488,37.824238,8,7520
2025-07-09 23:34:00,12.463488,37.824238,8,7520
2025-07-09 23:44:00,12.463488,37.824238,8,7520
2025-07-09 23:54:00,12.463488,37.824238,8,7520
2025-07-10 00:04:00,12.463531,37.824,8,7520
2025-07-09 07:44:00,12.45552,37.86909,8,930
2025-07-09 07:54:00,12.455802,37.867825,8,930
2025-07-09 08:04:00,12.4560995,37.86659,8,930
2025-07-09 08:14:00,12.456442,37.86536,8,930
2025-07-09 08:24:00,12.456852,37.864132,8,930
2025-07-09 08:34:00,12.457369,37.862946,8,930
2025-07-09 08:44:00,12.4578705,37.86171,8,930
2025-07-09 08:54:00,12.458218,37.8604,8,930
2025-07-09 09:04:00,12.458494,37.85908,8,930
2025-07-09 09:14:00,12.458707,37.85769,8,930
2025-07-09 09:24:00,12.458911,37.856182,8,930
2025-07-09 09:34:00,12.459121,37.854557,8,930
2025-07-09 09:44:00,12.459337,37.852875,8,930
2025-07-09 09:54:00,12.459479,37.851135,8,930
2025-07-09 10:04:00,12.459414,37.849174,8,930
2025-07-09 10:14:00,12.459205,37.84702,8,930
2025-07-09 10:24:00,12.459035,37.844955,8,930
2025-07-09 10:34:00,12.459004,37.84297,8,930
2025-07-09 10:44:00,12.459062,37.841137,8,930
2025-07-09 10:54:00,12.459259,37.839493,8,930
2025-07-09 11:04:00,12.459527,37.838074,8,930
2025-07-09 11:14:00,12.459828,37.83676,8,930
2025-07-09 11:24:00,12.460158,37.83549,8,930
2025-07-09 11:34:00,12.460504,37.83426,8,930
2025-07-09 11:44:00,12.460866,37.833065,8,930
2025-07-09 11:54:00,12.461255,37.831886,8,930
2025-07-09 12:04:00,12.461667,37.830715,8,930
2025-07-09 12:14:00,12.462082,37.82954,8,930
2025-07-09 12:24:00,12.462482,37.828358,8,930
2025-07-09 12:34:00,12.462862,37.827156,8,930
2025-07-09 12:44:00,12.463183,37.825924,8,930
2025-07-09 12:54:00,12.463441,37.82466,8,930
2025-07-09 13:04:00,12.463441,37.82466,8,930
2025-07-09 13:14:00,12.463441,37.82466,8,930
2025-07-09 13:24:00,12.463441,37.82466,8,930
2025-07-09 13:34:00,12.463441,37.82466,8,930
2025-07-09 13:44:00,12.463525,37.82399,8,930
2025-07-09 13:54:00,12.463525,37.82399,8,930
2025-07-09 14:04:00,12.463525,37.82399,8,930
2025-07-09 14:14:00,12.463525,37.82399,8,930
2025-07-09 14:24:00,12.463525,37.82399,8,930
2025-07-09 14:34:00,12.463525,37.82399,8,930
2025-07-09 14:44:00,12.463525,37.82399,8,930
2025-07-09 14:54:00,12.463525,37.82399,8,930
2025-07-09 15:04:00,12.463525,37.82399,8,930
2025-07-09 15:14:00,12.463525,37.82399,8,930
2025-07-09 15:24:00,12.463525,37.82399,8,930
2025-07-09 15:34:00,12.463525,37.82399,8,930
2025-07-09 15:44:00,12.463525,37.82399,8,930
2025-07-09 15:54:00,12.463525,37.82399,8,930
2025-07-09 16:04:00,12.463525,37.82399,8,930
2025-07-09 16:14:00,12.463525,37.82399,8,930
2025-07-09 16:24:00,12.463525,37.82399,8,930
2025-07-09 16:34:00,12.463525,37.82399,8,930
2025-07-09 16:44:00,12.463525,37.82399,8,930
2025-07-09 16:54:00,12.463525,37.82399,8,930
2025-07-09 17:04:00,12.463525,37.82399,8,930
2025-07-09 17:14:00,12.463525,37.82399,8,930
2025-07-09 17:24:00,12.463525,37.82399,8,930
2025-07-09 17:34:00,12.463525,37.82399,8,930
2025-07-09 17:44:00,12.463525,37.82399,8,930
2025-07-09 17:54:00,12.463525,37.82399,8,930
2025-07-09 18:04:00,12.463525,37.82399,8,930
2025-07-09 18:14:00,12.463525,37.82399,8,930
2025-07-09 18:24:00,12.463525,37.82399,8,930
2025-07-09 18:34:00,12.463525,37.82399,8,930
2025-07-09 18:44:00,12.463525,37.82399,8,930
2025-07-09 18:54:00,12.463525,37.82399,8,930
2025-07-09 19:04:00,12.463525,37.82399,8,930
2025-07-09 19:14:00,12.463525,37.82399,8,930
2025-07-09 19:24:00,12.463525,37.82399,8,930
2025-07-09 19:34:00,12.463525,37.82399,8,930
2025-07-09 19:44:00,12.463525,37.82399,8,930
2025-07-09 19:54:00,12.463525,37.82399,8,930
2025-07-09 20:04:00,12.463525,37.82399,8,930
2025-07-09 20:14:00,12.463525,37.82399,8,930
2025-07-09 20:24:00,12.463525,37.82399,8,930
2025-07-09 20:34:00,12.463525,37.82399,8,930
2025-07-09 20:44:00,12.463525,37.82399,8,930
2025-07-09 20:54:00,12.463525,37.82399,8,930
2025-07-09 21:04:00,12.463525,37.82399,8,930
2025-07-09 21:14:00,12.463525,37.82399,8,930
2025-07-09 21:24:00,12.463525,37.82399,8,930
2025-07-09 21:34:00,12.463525,37.82399,8,930
2025-07-09 21:44:00,12.463525,37.82399,8,930
2025-07-09 21:54:00,12.463525,37.82399,8,930
2025-07-09 22:04:00,12.463525,37.82399,8,930
2025-07-09 22:14:00,12.463525,37.82399,8,930
2025-07-09 22:24:00,12.463525,37.82399,8,930
2025-07-09 22:34:00,12.463525,37.82399,8,930
2025-07-09 22:44:00,12.463525,37.82399,8,930
2025-07-09 22:54:00,12.463525,37.82399,8,930
2025-07-09 23:04:00,12.463525,37.82399,8,930
2025-07-09 23:14:00,12.463525,37.82399,8,930
2025-07-09 23:24:00,12.463525,37.82399,8,930
2025-07-09 23:34:00,12.463525,37.82399,8,930
2025-07-09 23:44:00,12.463525,37.82399,8,930
2025-07-09 23:54:00,12.463525,37.82399,8,930
2025-07-10 00:04:00,12.463525,37.82399,8,930
2025-07-09 09:04:00,12.4523,37.87978,9,0530cnr
2025-07-09 09:14:00,12.452886,37.878376,9,0530cnr
2025-07-09 09:24:00,12.453396,37.877045,9,0530cnr
2025-07-09 09:34:00,12.453848,37.875774,9,0530cnr
2025-07-09 09:44:00,12.454295,37.874474,9,0530cnr
2025-07-09 09:54:00,12.454706,37.873074,9,0530cnr
2025-07-09 10:04:00,12.454958,37.871586,9,0530cnr
2025-07-09 10:14:00,12.455094,37.870113,9,0530cnr
2025-07-09 10:24:00,12.455229,37.86871,9,0530cnr
2025-07-09 10:34:00,12.455404,37.867348,9,0530cnr
2025-07-09 10:44:00,12.455623,37.866005,9,0530cnr
2025-07-09 10:54:00,12.455885,37.864662,9,0530cnr
2025-07-09 11:04:00,12.456011,37.863995,9,0530cnr
2025-07-09 11:14:00,12.456011,37.863995,9,0530cnr
2025-07-09 11:24:00,12.456011,37.863995,9,0530cnr
2025-07-09 11:34:00,12.456011,37.863995,9,0530cnr
2025-07-09 11:44:00,12.456011,37.863995,9,0530cnr
2025-07-09 11:54:00,12.456011,37.863995,9,0530cnr
2025-07-09 12:04:00,12.456011,37.863995,9,0530cnr
2025-07-09 12:14:00,12.456011,37.863995,9,0530cnr
2025-07-09 12:24:00,12.456011,37.863995,9,0530cnr
2025-07-09 12:34:00,12.456011,37.863995,9,0530cnr
2025-07-09 12:44:00,12.456011,37.863995,9,0530cnr
2025-07-09 12:54:00,12.456011,37.863995,9,0530cnr
2025-07-09 13:04:00,12.456011,37.863995,9,0530cnr
2025-07-09 13:14:00,12.456011,37.863995,9,0530cnr
2025-07-09 13:24:00,12.456011,37.863995,9,0530cnr
2025-07-09 13:34:00,12.456011,37.863995,9,0530cnr
2025-07-09 13:44:00,12.456011,37.863995,9,0530cnr
2025-07-09 13:54:00,12.456011,37.863995,9,0530cnr
2025-07-09 14:04:00,12.456011,37.863995,9,0530cnr
2025-07-09 14:14:00,12.456011,37.863995,9,0530cnr
2025-07-09 14:24:00,12.456011,37.863995,9,0530cnr
2025-07-09 14:34:00,12.456011,37.863995,9,0530cnr
2025-07-09 14:44:00,12.456011,37.863995,9,0530cnr
2025-07-09 14:54:00,12.456011,37.863995,9,0530cnr
2025-07-09 15:04:00,12.456011,37.863995,9,0530cnr
2025-07-09 15:14:00,12.456011,37.863995,9,0530cnr
2025-07-09 15:24:00,12.456011,37.863995,9,0530cnr
2025-07-09 15:34:00,12.456011,37.863995,9,0530cnr
2025-07-09 15:44:00,12.456011,37.863995,9,0530cnr
2025-07-09 15:54:00,12.456011,37.863995,9,0530cnr
2025-07-09 16:04:00,12.456011,37.863995,9,0530cnr
2025-07-09 16:14:00,12.456011,37.863995,9,0530cnr
2025-07-09 16:24:00,12.456011,37.863995,9,0530cnr
2025-07-09 16:34:00,12.456011,37.863995,9,0530cnr
2025-07-09 16:44:00,12.456011,37.863995,9,0530cnr
2025-07-09 16:54:00,12.456011,37.863995,9,0530cnr
2025-07-09 17:04:00,12.456011,37.863995,9,0530cnr
2025-07-09 17:14:00,12.456011,37.863995,9,0530cnr
2025-07-09 17:24:00,12.456011,37.863995,9,0530cnr
2025-07-09 17:34:00,12.456011,37.863995,9,0530cnr
2025-07-09 17:44:00,12.456011,37.863995,9,0530cnr
2025-07-09 17:54:00,12.456011,37.863995,9,0530cnr
2025-07-09 18:04:00,12.456011,37.863995,9,0530cnr
2025-07-09 18:14:00,12.456011,37.863995,9,0530cnr
2025-07-09 18:24:00,12.456011,37.863995,9,0530cnr
2025-07-09 18:34:00,12.456011,37.863995,9,0530cnr
2025-07-09 18:44:00,12.456011,37.863995,9,0530cnr
2025-07-09 18:54:00,12.456011,37.863995,9,0530cnr
2025-07-09 19:04:00,12.456011,37.863995,9,0530cnr
2025-07-09 19:14:00,12.456011,37.863995,9,0530cnr
2025-07-09 19:24:00,12.456011,37.863995,9,0530cnr
2025-07-09 19:34:00,12.456011,37.863995,9,0530cnr
2025-07-09 19:44:00,12.456011,37.863995,9,0530cnr
2025-07-09 19:54:00,12.456011,37.863995,9,0530cnr
2025-07-09 20:04:00,12.456011,37.863995,9,0530cnr
2025-07-09 20:14:00,12.456011,37.863995,9,0530cnr
2025-07-09 20:24:00,12.456011,37.863995,9,0530cnr
2025-07-09 20:34:00,12.456011,37.863995,9,0530cnr
2025-07-09 20:44:00,12.456011,37.863995,9,0530cnr
2025-07-09 20:54:00,12.456011,37.863995,9,0530cnr
2025-07-09 21:04:00,12.456011,37.863995,9,0530cnr
2025-07-09 21:14:00,12.456011,37.863995,9,0530cnr
2025-07-09 21:24:00,12.456011,37.863995,9,0530cnr
2025-07-09 21:34:00,12.456011,37.863995,9,0530cnr
2025-07-09 21:44:00,12.456011,37.863995,9,0530cnr
2025-07-09 21:54:00,12.456011,37.863995,9,0530cnr
2025-07-09 22:04:00,12.456011,37.863995,9,0530cnr
2025-07-09 22:14:00,12.456011,37.863995,9,0530cnr
2025-07-09 22:24:00,12.456011,37.863995,9,0530cnr
2025-07-09 22:34:00,12.456011,37.863995,9,0530cnr
2025-07-09 22:44:00,12.456011,37.863995,9,0530cnr
2025-07-09 22:54:00,12.456011,37.863995,9,0530cnr
2025-07-09 23:04:00,12.456011,37.863995,9,0530cnr
2025-07-09 23:14:00,12.456011,37.863995,9,0530cnr
2025-07-09 23:24:00,12.456011,37.863995,9,0530cnr
2025-07-09 23:34:00,12.456011,37.863995,9,0530cnr
2025-07-09 23:44:00,12.456011,37.863995,9,0530cnr
2025-07-09 23:54:00,12.456011,37.863995,9,0530cnr
2025-07-10 00:04:00,12.456064,37.863758,9,0530cnr
2025-07-09 09:04:00,12.45228,37.87985,9,3500cnr
2025-07-09 09:14:00,12.4528675,37.87844,9,3500cnr
2025-07-09 09:24:00,12.453381,37.877106,9,3500cnr
2025-07-09 09:34:00,12.453834,37.87583,9,3500cnr
2025-07-09 09:44:00,12.45428,37.874535,9,3500cnr
2025-07-09 09:54:00,12.454695,37.87314,9,3500cnr
2025-07-09 10:04:00,12.454953,37.87165,9,3500cnr
2025-07-09 10:14:00,12.4550905,37.87018,9,3500cnr
2025-07-09 10:24:00,12.455224,37.86877,9,3500cnr
2025-07-09 10:34:00,12.455398,37.86741,9,3500cnr
2025-07-09 10:44:00,12.455612,37.866066,9,3500cnr
2025-07-09 10:54:00,12.455874,37.864723,9,3500cnr
2025-07-09 11:04:00,12.456001,37.864056,9,3500cnr
2025-07-09 11:14:00,12.456001,37.864056,9,3500cnr
2025-07-09 11:24:00,12.456001,37.864056,9,3500cnr
2025-07-09 11:34:00,12.456001,37.864056,9,3500cnr
2025-07-09 11:44:00,12.456001,37.864056,9,3500cnr
2025-07-09 11:54:00,12.456001,37.864056,9,3500cnr
2025-07-09 12:04:00,12.456001,37.864056,9,3500cnr
2025-07-09 12:14:00,12.456001,37.864056,9,3500cnr
2025-07-09 12:24:00,12.456001,37.864056,9,3500cnr
2025-07-09 12:34:00,12.456001,37.864056,9,3500cnr
2025-07-09 12:44:00,12.456001,37.864056,9,3500cnr
2025-07-09 12:54:00,12.456001,37.864056,9,3500cnr
2025-07-09 13:04:00,12.456001,37.864056,9,3500cnr
2025-07-09 13:14:00,12.456001,37.864056,9,3500cnr
2025-07-09 13:24:00,12.456001,37.864056,9,3500cnr
2025-07-09 13:34:00,12.456001,37.864056,9,3500cnr
2025-07-09 13:44:00,12.456001,37.864056,9,3500cnr
2025-07-09 13:54:00,12.456001,37.864056,9,3500cnr
2025-07-09 14:04:00,12.456001,37.864056,9,3500cnr
2025-07-09 14:14:00,12.456001,37.864056,9,3500cnr
2025-07-09 14:24:00,12.456001,37.864056,9,3500cnr
2025-07-09 14:34:00,12.456001,37.864056,9,3500cnr
2025-07-09 14:44:00,12.456001,37.864056,9,3500cnr
2025-07-09 14:54:00,12.456001,37.864056,9,3500cnr
2025-07-09 15:04:00,12.456001,37.864056,9,3500cnr
2025-07-09 15:14:00,12.456001,37.864056,9,3500cnr
2025-07-09 15:24:00,12.456001,37.864056,9,3500cnr
2025-07-09 15:34:00,12.456001,37.864056,9,3500cnr
2025-07-09 15:44:00,12.456001,37.864056,9,3500cnr
2025-07-09 15:54:00,12.456001,37.864056,9,3500cnr
2025-07-09 16:04:00,12.456001,37.864056,9,3500cnr
2025-07-09 16:14:00,12.456001,37.864056,9,3500cnr
2025-07-09 16:24:00,12.456001,37.864056,9,3500cnr
2025-07-09 16:34:00,12.456001,37.864056,9,3500cnr
2025-07-09 16:44:00,12.456001,37.864056,9,3500cnr
2025-07-09 16:54:00,12.456001,37.864056,9,3500cnr
2025-07-09 17:04:00,12.456001,37.864056,9,3500cnr
2025-07-09 17:14:00,12.456001,37.864056,9,3500cnr
2025-07-09 17:24:00,12.456001,37.864056,9,3500cnr
2025-07-09 17:34:00,12.456001,37.864056,9,3500cnr
2025-07-09 17:44:00,12.456001,37.864056,9,3500cnr
2025-07-09 17:54:00,12.456001,37.864056,9,3500cnr
2025-07-09 18:04:00,12.456001,37.864056,9,3500cnr
2025-07-09 18:14:00,12.456001,37.864056,9,3500cnr
2025-07-09 18:24:00,12.456001,37.864056,9,3500cnr
2025-07-09 18:34:00,12.456001,37.864056,9,3500cnr
2025-07-09 18:44:00,12.456001,37.864056,9,3500cnr
2025-07-09 18:54:00,12.456001,37.864056,9,3500cnr
2025-07-09 19:04:00,12.456001,37.864056,9,3500cnr
2025-07-09 19:14:00,12.456001,37.864056,9,3500cnr
2025-07-09 19:24:00,12.456001,37.864056,9,3500cnr
2025-07-09 19:34:00,12.456001,37.864056,9,3500cnr
2025-07-09 19:44:00,12.456001,37.864056,9,3500cnr
2025-07-09 19:54:00,12.456001,37.864056,9,3500cnr
2025-07-09 20:04:00,12.456001,37.864056,9,3500cnr
2025-07-09 20:14:00,12.456001,37.864056,9,3500cnr
2025-07-09 20:24:00,12.456001,37.864056,9,3500cnr
2025-07-09 20:34:00,12.456001,37.864056,9,3500cnr
2025-07-09 20:44:00,12.456001,37.864056,9,3500cnr
2025-07-09 20:54:00,12.456001,37.864056,9,3500cnr
2025-07-09 21:04:00,12.456001,37.864056,9,3500cnr
2025-07-09 21:14:00,12.456001,37.864056,9,3500cnr
2025-07-09 21:24:00,12.456001,37.864056,9,3500cnr
2025-07-09 21:34:00,12.456001,37.864056,9,3500cnr
2025-07-09 21:44:00,12.456001,37.864056,9,3500cnr
2025-07-09 21:54:00,12.456001,37.864056,9,3500cnr
2025-07-09 22:04:00,12.456001,37.864056,9,3500cnr
2025-07-09 22:14:00,12.456001,37.864056,9,3500cnr
2025-07-09 22:24:00,12.456001,37.864056,9,3500cnr
2025-07-09 22:34:00,12.456001,37.864056,9,3500cnr
2025-07-09 22:44:00,12.456001,37.864056,9,3500cnr
2025-07-09 22:54:00,12.456001,37.864056,9,3500cnr
2025-07-09 23:04:00,12.456001,37.864056,9,3500cnr
2025-07-09 23:14:00,12.456001,37.864056,9,3500cnr
2025-07-09 23:24:00,12.456001,37.864056,9,3500cnr
2025-07-09 23:34:00,12.456001,37.864056,9,3500cnr
2025-07-09 23:44:00,12.456001,37.864056,9,3500cnr
2025-07-09 23:54:00,12.456001,37.864056,9,3500cnr
2025-07-10 00:04:00,12.456055,37.863815,9,3500cnr
2025-07-09 09:14:00,12.44895,37.88977,10,1520
2025-07-09 09:24:00,12.449557,37.88856,10,1520
2025-07-09 09:34:00,12.450101,37.887222,10,1520
2025-07-09 09:44:00,12.450571,37.885788,10,1520
2025-07-09 09:54:00,12.4511,37.884216,10,1520
2025-07-09 10:04:00,12.451647,37.882538,10,1520
2025-07-09 10:14:00,12.452218,37.880882,10,1520
2025-07-09 10:24:00,12.452744,37.879326,10,1520
2025-07-09 10:34:00,12.453202,37.877872,10,1520
2025-07-09 10:44:00,12.453573,37.876503,10,1520
2025-07-09 10:54:00,12.453923,37.875175,10,1520
2025-07-09 11:04:00,12.454285,37.873814,10,1520
2025-07-09 11:14:00,12.454592,37.87238,10,1520
2025-07-09 11:24:00,12.454785,37.870968,10,1520
2025-07-09 11:34:00,12.454962,37.869625,10,1520
2025-07-09 11:44:00,12.455186,37.868343,10,1520
2025-07-09 11:54:00,12.455451,37.867107,10,1520
2025-07-09 12:04:00,12.455752,37.865894,10,1520
2025-07-09 12:14:00,12.4560795,37.864693,10,1520
2025-07-09 12:24:00,12.456241,37.864094,10,1520
2025-07-09 12:34:00,12.456241,37.864094,10,1520
2025-07-09 12:44:00,12.456241,37.864094,10,1520
2025-07-09 12:54:00,12.456241,37.864094,10,1520
2025-07-09 13:04:00,12.456241,37.864094,10,1520
2025-07-09 13:14:00,12.456241,37.864094,10,1520
2025-07-09 13:24:00,12.456241,37.864094,10,1520
2025-07-09 13:34:00,12.456241,37.864094,10,1520
2025-07-09 13:44:00,12.456241,37.864094,10,1520
2025-07-09 13:54:00,12.456241,37.864094,10,1520
2025-07-09 14:04:00,12.456241,37.864094,10,1520
2025-07-09 14:14:00,12.456241,37.864094,10,1520
2025-07-09 14:24:00,12.456241,37.864094,10,1520
2025-07-09 14:34:00,12.456241,37.864094,10,1520
2025-07-09 14:44:00,12.456241,37.864094,10,1520
2025-07-09 14:54:00,12.456241,37.864094,10,1520
2025-07-09 15:04:00,12.456241,37.864094,10,1520
2025-07-09 15:14:00,12.456241,37.864094,10,1520
2025-07-09 15:24:00,12.456241,37.864094,10,1520
2025-07-09 15:34:00,12.456241,37.864094,10,1520
2025-07-09 15:44:00,12.456241,37.864094,10,1520
2025-07-09 15:54:00,12.456241,37.864094,10,1520
2025-07-09 16:04:00,12.456241,37.864094,10,1520
2025-07-09 16:14:00,12.456241,37.864094,10,1520
2025-07-09 16:24:00,12.456241,37.864094,10,1520
2025-07-09 16:34:00,12.456241,37.864094,10,1520
2025-07-09 16:44:00,12.456241,37.864094,10,1520
2025-07-09 16:54:00,12.456241,37.864094,10,1520
2025-07-09 17:04:00,12.456241,37.864094,10,1520
2025-07-09 17:14:00,12.456241,37.864094,10,1520
2025-07-09 17:24:00,12.456241,37.864094,10,1520
2025-07-09 17:34:00,12.456241,37.864094,10,1520
2025-07-09 17:44:00,12.456241,37.864094,10,1520
2025-07-09 17:54:00,12.456241,37.864094,10,1520
2025-07-09 18:04:00,12.456241,37.864094,10,1520
2025-07-09 18:14:00,12.456241,37.864094,10,1520
2025-07-09 18:24:00,12.456241,37.864094,10,1520
2025-07-09 18:34:00,12.456241,37.864094,10,1520
2025-07-09 18:44:00,12.456241,37.864094,10,1520
2025-07-09 18:54:00,12.456241,37.864094,10,1520
2025-07-09 19:04:00,12.456241,37.864094,10,1520
2025-07-09 19:14:00,12.456241,37.864094,10,1520
2025-07-09 19:24:00,12.456241,37.864094,10,1520
2025-07-09 19:34:00,12.456241,37.864094,10,1520
2025-07-09 19:44:00,12.456241,37.864094,10,1520
2025-07-09 19:54:00,12.456241,37.864094,10,1520
2025-07-09 20:04:00,12.456241,37.864094,10,1520
2025-07-09 20:14:00,12.456241,37.864094,10,1520
2025-07-09 20:24:00,12.456241,37.864094,10,1520
2025-07-09 20:34:00,12.456241,37.864094,10,1520
2025-07-09 20:44:00,12.456241,37.864094,10,1520
2025-07-09 20:54:00,12.456241,37.864094,10,1520
2025-07-09 21:04:00,12.456241,37.864094,10,1520
2025-07-09 21:14:00,12.456241,37.864094,10,1520
2025-07-09 21:24:00,12.456241,37.864094,10,1520
2025-07-09 21:34:00,12.456241,37.864094,10,1520
2025-07-09 21:44:00,12.456241,37.864094,10,1520
2025-07-09 21:54:00,12.456241,37.864094,10,1520
2025-07-09 22:04:00,12.456241,37.864094,10,1520
2025-07-09 22:14:00,12.456241,37.864094,10,1520
2025-07-09 22:24:00,12.456241,37.864094,10,1520
2025-07-09 22:34:00,12.456241,37.864094,10,1520
2025-07-09 22:44:00,12.456241,37.864094,10,1520
2025-07-09 22:54:00,12.456241,37.864094,10,1520
2025-07-09 23:04:00,12.456241,37.864094,10,1520
2025-07-09 23:14:00,12.456241,37.864094,10,1520
2025-07-09 23:24:00,12.456241,37.864094,10,1520
2025-07-09 23:34:00,12.456241,37.864094,10,1520
2025-07-09 23:44:00,12.456241,37.864094,10,1520
2025-07-09 23:54:00,12.456241,37.864094,10,1520
2025-07-10 00:04:00,12.456298,37.863853,10,1520
2025-07-09 09:14:00,12.44899,37.88976,10,540
2025-07-09 09:24:00,12.449595,37.888546,10,540
2025-07-09 09:34:00,12.450138,37.887207,10,540
2025-07-09 09:44:00,12.450608,37.885765,10,540
2025-07-09 09:54:00,12.4511385,37.88419,10,540
2025-07-09 10:04:00,12.451685,37.882507,10,540
2025-07-09 10:14:00,12.452259,37.880848,10,540
2025-07-09 10:24:00,12.4527855,37.87929,10,540
2025-07-09 10:34:00,12.453244,37.87784,10,540
2025-07-09 10:44:00,12.453613,37.876472,10,540
2025-07-09 10:54:00,12.453965,37.875145,10,540
2025-07-09 11:04:00,12.454326,37.87378,10,540
2025-07-09 11:14:00,12.454627,37.872345,10,540
2025-07-09 11:24:00,12.454819,37.870934,10,540
2025-07-09 11:34:00,12.454996,37.86959,10,540
2025-07-09 11:44:00,12.455221,37.86831,10,540
2025-07-09 11:54:00,12.455486,37.867073,10,540
2025-07-09 12:04:00,12.45579,37.86586,10,540
2025-07-09 12:14:00,12.456116,37.86466,10,540
2025-07-09 12:24:00,12.456278,37.86406,10,540
2025-07-09 12:34:00,12.456278,37.86406,10,540
2025-07-09 12:44:00,12.456278,37.86406,10,540
2025-07-09 12:54:00,12.456278,37.86406,10,540
2025-07-09 13:04:00,12.456278,37.86406,10,540
2025-07-09 13:14:00,12.456278,37.86406,10,540
2025-07-09 13:24:00,12.456278,37.86406,10,540
2025-07-09 13:34:00,12.456278,37.86406,10,540
2025-07-09 13:44:00,12.456278,37.86406,10,540
2025-07-09 13:54:00,12.456278,37.86406,10,540
2025-07-09 14:04:00,12.456278,37.86406,10,540
2025-07-09 14:14:00,12.456278,37.86406,10,540
2025-07-09 14:24:00,12.456278,37.86406,10,540
2025-07-09 14:34:00,12.456278,37.86406,10,540
2025-07-09 14:44:00,12.456278,37.86406,10,540
2025-07-09 14:54:00,12.456278,37.86406,10,540
2025-07-09 15:04:00,12.456278,37.86406,10,540
2025-07-09 15:14:00,12.456278,37.86406,10,540
2025-07-09 15:24:00,12.456278,37.86406,10,540
2025-07-09 15:34:00,12.456278,37.86406,10,540
2025-07-09 15:44:00,12.456278,37.86406,10,540
2025-07-09 15:54:00,12.456278,37.86406,10,540
2025-07-09 16:04:00,12.456278,37.86406,10,540
2025-07-09 16:14:00,12.456278,37.86406,10,540
2025-07-09 16:24:00,12.456278,37.86406,10,540
2025-07-09 16:34:00,12.456278,37.86406,10,540
2025-07-09 16:44:00,12.456278,37.86406,10,540
2025-07-09 16:54:00,12.456278,37.86406,10,540
2025-07-09 17:04:00,12.456278,37.86406,10,540
2025-07-09 17:14:00,12.456278,37.86406,10,540
2025-07-09 17:24:00,12.456278,37.86406,10,540
2025-07-09 17:34:00,12.456278,37.86406,10,540
2025-07-09 17:44:00,12.456278,37.86406,10,540
2025-07-09 17:54:00,12.456278,37.86406,10,540
2025-07-09 18:04:00,12.456278,37.86406,10,540
2025-07-09 18:14:00,12.456278,37.86406,10,540
2025-07-09 18:24:00,12.456278,37.86406,10,540
2025-07-09 18:34:00,12.456278,37.86406,10,540
2025-07-09 18:44:00,12.456278,37.86406,10,540
2025-07-09 18:54:00,12.456278,37.86406,10,540
2025-07-09 19:04:00,12.456278,37.86406,10,540
2025-07-09 19:14:00,12.456278,37.86406,10,540
2025-07-09 19:24:00,12.456278,37.86406,10,540
2025-07-09 19:34:00,12.456278,37.86406,10,540
2025-07-09 19:44:00,12.456278,37.86406,10,540
2025-07-09 19:54:00,12.456278,37.86406,10,540
2025-07-09 20:04:00,12.456278,37.86406,10,540
2025-07-09 20:14:00,12.456278,37.86406,10,540
2025-07-09 20:24:00,12.456278,37.86406,10,540
2025-07-09 20:34:00,12.456278,37.86406,10,540
2025-07-09 20:44:00,12.456278,37.86406,10,540
2025-07-09 20:54:00,12.456278,37.86406,10,540
2025-07-09 21:04:00,12.456278,37.86406,10,540
2025-07-09 21:14:00,12.456278,37.86406,10,540
2025-07-09 21:24:00,12.456278,37.86406,10,540
2025-07-09 21:34:00,12.456278,37.86406,10,540
2025-07-09 21:44:00,12.456278,37.86406,10,540
2025-07-09 21:54:00,12.456278,37.86406,10,540
2025-07-09 22:04:00,12.456278,37.86406,10,540
2025-07-09 22:14:00,12.456278,37.86406,10,540
2025-07-09 22:24:00,12.456278,37.86406,10,540
2025-07-09 22:34:00,12.456278,37.86406,10,540
2025-07-09 22:44:00,12.456278,37.86406,10,540
2025-07-09 22:54:00,12.456278,37.86406,10,540
2025-07-09 23:04:00,12.456278,37.86406,10,540
2025-07-09 23:14:00,12.456278,37.86406,10,540
2025-07-09 23:24:00,12.456278,37.86406,10,540
2025-07-09 23:34:00,12.456278,37.86406,10,540
2025-07-09 23:44:00,12.456278,37.86406,10,540
2025-07-09 23:54:00,12.456278,37.86406,10,540
2025-07-10 00:04:00,12.456336,37.86382,10,540
2025-07-09 09:24:00,12.449357,37.88908,10,7510
2025-07-09 09:34:00,12.449932,37.88779,10,7510
2025-07-09 09:44:00,12.450414,37.886383,10,7510
2025-07-09 09:54:00,12.450906,37.884876,10,7510
2025-07-09 10:04:00,12.451444,37.883213,10,7510
2025-07-09 10:14:00,12.452002,37.881542,10,7510
2025-07-09 10:24:00,12.452554,37.879932,10,7510
2025-07-09 10:34:00,12.453038,37.878445,10,7510
2025-07-09 10:44:00,12.453439,37.877037,10,7510
2025-07-09 10:54:00,12.45378,37.875706,10,7510
2025-07-09 11:04:00,12.454134,37.87437,10,7510
2025-07-09 11:14:00,12.454485,37.872967,10,7510
2025-07-09 11:24:00,12.454725,37.871544,10,7510
2025-07-09 11:34:00,12.45491,37.870182,10,7510
2025-07-09 11:44:00,12.455125,37.868885,10,7510
2025-07-09 11:54:00,12.455385,37.867645,10,7510
2025-07-09 12:04:00,12.455674,37.86643,10,7510
2025-07-09 12:14:00,12.455994,37.86523,10,7510
2025-07-09 12:24:00,12.456314,37.864037,10,7510
2025-07-09 12:34:00,12.456314,37.864037,10,7510
2025-07-09 12:44:00,12.456314,37.864037,10,7510
2025-07-09 12:54:00,12.456314,37.864037,10,7510
2025-07-09 13:04:00,12.456314,37.864037,10,7510
2025-07-09 13:14:00,12.456314,37.864037,10,7510
2025-07-09 13:24:00,12.456314,37.864037,10,7510
2025-07-09 13:34:00,12.456314,37.864037,10,7510
2025-07-09 13:44:00,12.456314,37.864037,10,7510
2025-07-09 13:54:00,12.456314,37.864037,10,7510
2025-07-09 14:04:00,12.456314,37.864037,10,7510
2025-07-09 14:14:00,12.456314,37.864037,10,7510
2025-07-09 14:24:00,12.456314,37.864037,10,7510
2025-07-09 14:34:00,12.456314,37.864037,10,7510
2025-07-09 14:44:00,12.456314,37.864037,10,7510
2025-07-09 14:54:00,12.456314,37.864037,10,7510
2025-07-09 15:04:00,12.456314,37.864037,10,7510
2025-07-09 15:14:00,12.456314,37.864037,10,7510
2025-07-09 15:24:00,12.456314,37.864037,10,7510
2025-07-09 15:34:00,12.456314,37.864037,10,7510
2025-07-09 15:44:00,12.456314,37.864037,10,7510
2025-07-09 15:54:00,12.456314,37.864037,10,7510
2025-07-09 16:04:00,12.456314,37.864037,10,7510
2025-07-09 16:14:00,12.456314,37.864037,10,7510
2025-07-09 16:24:00,12.456314,37.864037,10,7510
2025-07-09 16:34:00,12.456314,37.864037,10,7510
2025-07-09 16:44:00,12.456314,37.864037,10,7510
2025-07-09 16:54:00,12.456314,37.864037,10,7510
2025-07-09 17:04:00,12.456314,37.864037,10,7510
2025-07-09 17:14:00,12.456314,37.864037,10,7510
2025-07-09 17:24:00,12.456314,37.864037,10,7510
2025-07-09 17:34:00,12.456314,37.864037,10,7510
2025-07-09 17:44:00,12.456314,37.864037,10,7510
2025-07-09 17:54:00,12.456314,37.864037,10,7510
2025-07-09 18:04:00,12.456314,37.864037,10,7510
2025-07-09 18:14:00,12.456314,37.864037,10,7510
2025-07-09 18:24:00,12.456314,37.864037,10,7510
2025-07-09 18:34:00,12.456314,37.864037,10,7510
2025-07-09 18:44:00,12.456314,37.864037,10,7510
2025-07-09 18:54:00,12.456314,37.864037,10,7510
2025-07-09 19:04:00,12.456314,37.864037,10,7510
2025-07-09 19:14:00,12.456314,37.864037,10,7510
2025-07-09 19:24:00,12.456314,37.864037,10,7510
2025-07-09 19:34:00,12.456314,37.864037,10,7510
2025-07-09 19:44:00,12.456314,37.864037,10,7510
2025-07-09 19:54:00,12.456314,37.864037,10,7510
2025-07-09 20:04:00,12.456314,37.864037,10,7510
2025-07-09 20:14:00,12.456314,37.864037,10,7510
2025-07-09 20:24:00,12.456314,37.864037,10,7510
2025-07-09 20:34:00,12.456314,37.864037,10,7510
2025-07-09 20:44:00,12.456314,37.864037,10,7510
2025-07-09 20:54:00,12.456314,37.864037,10,7510
2025-07-09 21:04:00,12.456314,37.864037,10,7510
2025-07-09 21:14:00,12.456314,37.864037,10,7510
2025-07-09 21:24:00,12.456314,37.864037,10,7510
2025-07-09 21:34:00,12.456314,37.864037,10,7510
2025-07-09 21:44:00,12.456314,37.864037,10,7510
2025-07-09 21:54:00,12.456314,37.864037,10,7510
2025-07-09 22:04:00,12.456314,37.864037,10,7510
2025-07-09 22:14:00,12.456314,37.864037,10,7510
2025-07-09 22:24:00,12.456314,37.864037,10,7510
2025-07-09 22:34:00,12.456314,37.864037,10,7510
2025-07-09 22:44:00,12.456314,37.864037,10,7510
2025-07-09 22:54:00,12.456314,37.864037,10,7510
2025-07-09 23:04:00,12.456314,37.864037,10,7510
2025-07-09 23:14:00,12.456314,37.864037,10,7510
2025-07-09 23:24:00,12.456314,37.864037,10,7510
2025-07-09 23:34:00,12.456314,37.864037,10,7510
2025-07-09 23:44:00,12.456314,37.864037,10,7510
2025-07-09 23:54:00,12.456314,37.864037,10,7510
2025-07-10 00:04:00,12.456372,37.863796,10,7510
2025-07-09 11:54:00,12.458525,37.872177,11,2520
2025-07-09 12:04:00,12.458785,37.87085,11,2520
2025-07-09 12:14:00,12.459075,37.869534,11,2520
2025-07-09 12:24:00,12.459379,37.868244,11,2520
2025-07-09 12:34:00,12.4596815,37.866993,11,2520
2025-07-09 12:44:00,12.45996,37.86579,11,2520
2025-07-09 12:54:00,12.460236,37.864628,11,2520
2025-07-09 13:04:00,12.46052,37.863503,11,2520
2025-07-09 13:14:00,12.460766,37.862408,11,2520
2025-07-09 13:24:00,12.46098,37.861332,11,2520
2025-07-09 13:34:00,12.461189,37.860237,11,2520
2025-07-09 13:44:00,12.461382,37.859104,11,2520
2025-07-09 13:54:00,12.46156,37.85794,11,2520
2025-07-09 14:04:00,12.461727,37.856747,11,2520
2025-07-09 14:14:00,12.461858,37.855507,11,2520
2025-07-09 14:24:00,12.461916,37.854256,11,2520
2025-07-09 14:34:00,12.4618635,37.85303,11,2520
2025-07-09 14:44:00,12.461733,37.851845,11,2520
2025-07-09 14:54:00,12.461568,37.850685,11,2520
2025-07-09 15:04:00,12.461423,37.849545,11,2520
2025-07-09 15:14:00,12.461368,37.848553,11,2520
2025-07-09 15:24:00,12.461386,37.84775,11,2520
2025-07-09 15:34:00,12.4614525,37.847122,11,2520
2025-07-09 15:44:00,12.461522,37.84655,11,2520
2025-07-09 15:54:00,12.461586,37.845985,11,2520
2025-07-09 16:04:00,12.46165,37.84542,11,2520
2025-07-09 16:14:00,12.461719,37.844822,11,2520
2025-07-09 16:24:00,12.461719,37.844822,11,2520
2025-07-09 16:34:00,12.461719,37.844822,11,2520
2025-07-09 16:44:00,12.461719,37.844822,11,2520
2025-07-09 16:54:00,12.461719,37.844822,11,2520
2025-07-09 17:04:00,12.461719,37.844822,11,2520
2025-07-09 17:14:00,12.461719,37.844822,11,2520
2025-07-09 17:24:00,12.461719,37.844822,11,2520
2025-07-09 17:34:00,12.461719,37.844822,11,2520
2025-07-09 17:44:00,12.461719,37.844822,11,2520
2025-07-09 17:54:00,12.461719,37.844822,11,2520
2025-07-09 18:04:00,12.461719,37.844822,11,2520
2025-07-09 18:14:00,12.461719,37.844822,11,2520
2025-07-09 18:24:00,12.461719,37.844822,11,2520
2025-07-09 18:34:00,12.461719,37.844822,11,2520
2025-07-09 18:44:00,12.461719,37.844822,11,2520
2025-07-09 18:54:00,12.461719,37.844822,11,2520
2025-07-09 19:04:00,12.461719,37.844822,11,2520
2025-07-09 19:14:00,12.461719,37.844822,11,2520
2025-07-09 19:24:00,12.461719,37.844822,11,2520
2025-07-09 19:34:00,12.461719,37.844822,11,2520
2025-07-09 19:44:00,12.461719,37.844822,11,2520
2025-07-09 19:54:00,12.461719,37.844822,11,2520
2025-07-09 20:04:00,12.461719,37.844822,11,2520
2025-07-09 20:14:00,12.461719,37.844822,11,2520
2025-07-09 20:24:00,12.461719,37.844822,11,2520
2025-07-09 20:34:00,12.461719,37.844822,11,2520
2025-07-09 20:44:00,12.461719,37.844822,11,2520
2025-07-09 20:54:00,12.461719,37.844822,11,2520
2025-07-09 21:04:00,12.461719,37.844822,11,2520
2025-07-09 21:14:00,12.461719,37.844822,11,2520
2025-07-09 21:24:00,12.461719,37.844822,11,2520
2025-07-09 21:34:00,12.461719,37.844822,11,2520
2025-07-09 21:44:00,12.461719,37.844822,11,2520
2025-07-09 21:54:00,12.461719,37.844822,11,2520
2025-07-09 22:04:00,12.461719,37.844822,11,2520
2025-07-09 22:14:00,12.461719,37.844822,11,2520
2025-07-09 22:24:00,12.461719,37.844822,11,2520
2025-07-09 22:34:00,12.461719,37.844822,11,2520
2025-07-09 22:44:00,12.461719,37.844822,11,2520
2025-07-09 22:54:00,12.461719,37.844822,11,2520
2025-07-09 23:04:00,12.461719,37.844822,11,2520
2025-07-09 23:14:00,12.461719,37.844822,11,2520
2025-07-09 23:24:00,12.461719,37.844822,11,2520
2025-07-09 23:34:00,12.461719,37.844822,11,2520
2025-07-09 23:44:00,12.461719,37.844822,11,2520
2025-07-09 23:54:00,12.461719,37.844822,11,2520
2025-07-10 00:04:00,12.461719,37.844822,11,2520
2025-07-09 11:54:00,12.458526,37.871986,11,6250
2025-07-09 12:04:00,12.458789,37.87065,11,6250
2025-07-09 12:14:00,12.459082,37.86934,11,6250
2025-07-09 12:24:00,12.459387,37.868057,11,6250
2025-07-09 12:34:00,12.459688,37.86681,11,6250
2025-07-09 12:44:00,12.459965,37.865612,11,6250
2025-07-09 12:54:00,12.460246,37.86445,11,6250
2025-07-09 13:04:00,12.460534,37.863327,11,6250
2025-07-09 13:14:00,12.460783,37.862232,11,6250
2025-07-09 13:24:00,12.461002,37.861153,11,6250
2025-07-09 13:34:00,12.461215,37.860054,11,6250
2025-07-09 13:44:00,12.46141,37.858917,11,6250
2025-07-09 13:54:00,12.461591,37.85775,11,6250
2025-07-09 14:04:00,12.46176,37.85655,11,6250
2025-07-09 14:14:00,12.461886,37.85531,11,6250
2025-07-09 14:24:00,12.461936,37.85406,11,6250
2025-07-09 14:34:00,12.461874,37.852844,11,6250
2025-07-09 14:44:00,12.461741,37.851665,11,6250
2025-07-09 14:54:00,12.461579,37.85051,11,6250
2025-07-09 15:04:00,12.461443,37.849377,11,6250
2025-07-09 15:14:00,12.4613905,37.84839,11,6250
2025-07-09 15:24:00,12.46141,37.847595,11,6250
2025-07-09 15:34:00,12.461473,37.846966,11,6250
2025-07-09 15:44:00,12.46154,37.846386,11,6250
2025-07-09 15:54:00,12.461602,37.845814,11,6250
2025-07-09 16:04:00,12.461668,37.845234,11,6250
2025-07-09 16:14:00,12.461703,37.844933,11,6250
2025-07-09 16:24:00,12.461703,37.844933,11,6250
2025-07-09 16:34:00,12.461703,37.844933,11,6250
2025-07-09 16:44:00,12.461703,37.844933,11,6250
2025-07-09 16:54:00,12.461703,37.844933,11,6250
2025-07-09 17:04:00,12.461703,37.844933,11,6250
2025-07-09 17:14:00,12.461703,37.844933,11,6250
2025-07-09 17:24:00,12.461703,37.844933,11,6250
2025-07-09 17:34:00,12.461703,37.844933,11,6250
2025-07-09 17:44:00,12.461703,37.844933,11,6250
2025-07-09 17:54:00,12.461703,37.844933,11,6250
2025-07-09 18:04:00,12.461703,37.844933,11,6250
2025-07-09 18:14:00,12.461703,37.844933,11,6250
2025-07-09 18:24:00,12.461703,37.844933,11,6250
2025-07-09 18:34:00,12.461703,37.844933,11,6250
2025-07-09 18:44:00,12.461703,37.844933,11,6250
2025-07-09 18:54:00,12.461703,37.844933,11,6250
2025-07-09 19:04:00,12.461703,37.844933,11,6250
2025-07-09 19:14:00,12.461703,37.844933,11,6250
2025-07-09 19:24:00,12.461703,37.844933,11,6250
2025-07-09 19:34:00,12.461703,37.844933,11,6250
2025-07-09 19:44:00,12.461703,37.844933,11,6250
2025-07-09 19:54:00,12.461703,37.844933,11,6250
2025-07-09 20:04:00,12.461703,37.844933,11,6250
2025-07-09 20:14:00,12.461703,37.844933,11,6250
2025-07-09 20:24:00,12.461703,37.844933,11,6250
2025-07-09 20:34:00,12.461703,37.844933,11,6250
2025-07-09 20:44:00,12.461703,37.844933,11,6250
2025-07-09 20:54:00,12.461703,37.844933,11,6250
2025-07-09 21:04:00,12.461703,37.844933,11,6250
2025-07-09 21:14:00,12.461703,37.844933,11,6250
2025-07-09 21:24:00,12.461703,37.844933,11,6250
2025-07-09 21:34:00,12.461703,37.844933,11,6250
2025-07-09 21:44:00,12.461703,37.844933,11,6250
2025-07-09 21:54:00,12.461703,37.844933,11,6250
2025-07-09 22:04:00,12.461703,37.844933,11,6250
2025-07-09 22:14:00,12.461703,37.844933,11,6250
2025-07-09 22:24:00,12.461703,37.844933,11,6250
2025-07-09 22:34:00,12.461703,37.844933,11,6250
2025-07-09 22:44:00,12.461703,37.844933,11,6250
2025-07-09 22:54:00,12.461703,37.844933,11,6250
2025-07-09 23:04:00,12.461703,37.844933,11,6250
2025-07-09 23:14:00,12.461703,37.844933,11,6250
2025-07-09 23:24:00,12.461703,37.844933,11,6250
2025-07-09 23:34:00,12.461703,37.844933,11,6250
2025-07-09 23:44:00,12.461703,37.844933,11,6250
2025-07-09 23:54:00,12.461703,37.844933,11,6250
2025-07-10 00:04:00,12.461703,37.844933,11,6250
2025-07-09 11:54:00,12.458545,37.872047,11,930
2025-07-09 12:04:00,12.458807,37.870716,11,930
2025-07-09 12:14:00,12.459098,37.8694,11,930
2025-07-09 12:24:00,12.459403,37.868114,11,930
2025-07-09 12:34:00,12.459705,37.866867,11,930
2025-07-09 12:44:00,12.459983,37.865665,11,930
2025-07-09 12:54:00,12.460262,37.864506,11,930
2025-07-09 13:04:00,12.460549,37.863384,11,930
2025-07-09 13:14:00,12.460797,37.862286,11,930
2025-07-09 13:24:00,12.461016,37.86121,11,930
2025-07-09 13:34:00,12.461226,37.86011,11,930
2025-07-09 13:44:00,12.46142,37.85898,11,930
2025-07-09 13:54:00,12.461599,37.85781,11,930
2025-07-09 14:04:00,12.461768,37.856613,11,930
2025-07-09 14:14:00,12.461896,37.85537,11,930
2025-07-09 14:24:00,12.461949,37.854122,11,930
2025-07-09 14:34:00,12.46189,37.8529,11,930
2025-07-09 14:44:00,12.461759,37.85172,11,930
2025-07-09 14:54:00,12.4615965,37.85056,11,930
2025-07-09 15:04:00,12.461457,37.849426,11,930
2025-07-09 15:14:00,12.461404,37.84844,11,930
2025-07-09 15:24:00,12.461422,37.847645,11,930
2025-07-09 15:34:00,12.461487,37.84701,11,930
2025-07-09 15:44:00,12.461555,37.846436,11,930
2025-07-09 15:54:00,12.4616165,37.845867,11,930
2025-07-09 16:04:00,12.461681,37.84529,11,930
2025-07-09 16:14:00,12.461751,37.84468,11,930
2025-07-09 16:24:00,12.461751,37.84468,11,930
2025-07-09 16:34:00,12.461751,37.84468,11,930
2025-07-09 16:44:00,12.461751,37.84468,11,930
2025-07-09 16:54:00,12.461751,37.84468,11,930
2025-07-09 17:04:00,12.461751,37.84468,11,930
2025-07-09 17:14:00,12.461751,37.84468,11,930
2025-07-09 17:24:00,12.461751,37.84468,11,930
2025-07-09 17:34:00,12.461751,37.84468,11,930
2025-07-09 17:44:00,12.461751,37.84468,11,930
2025-07-09 17:54:00,12.461751,37.84468,11,930
2025-07-09 18:04:00,12.461751,37.84468,11,930
2025-07-09 18:14:00,12.461751,37.84468,11,930
2025-07-09 18:24:00,12.461751,37.84468,11,930
2025-07-09 18:34:00,12.461751,37.84468,11,930
2025-07-09 18:44:00,12.461751,37.84468,11,930
2025-07-09 18:54:00,12.461751,37.84468,11,930
2025-07-09 19:04:00,12.461751,37.84468,11,930
2025-07-09 19:14:00,12.461751,37.84468,11,930
2025-07-09 19:24:00,12.461751,37.84468,11,930
2025-07-09 19:34:00,12.461751,37.84468,11,930
2025-07-09 19:44:00,12.461751,37.84468,11,930
2025-07-09 19:54:00,12.461751,37.84468,11,930
2025-07-09 20:04:00,12.461751,37.84468,11,930
2025-07-09 20:14:00,12.461751,37.84468,11,930
2025-07-09 20:24:00,12.461751,37.84468,11,930
2025-07-09 20:34:00,12.461751,37.84468,11,930
2025-07-09 20:44:00,12.461751,37.84468,11,930
2025-07-09 20:54:00,12.461751,37.84468,11,930
2025-07-09 21:04:00,12.461751,37.84468,11,930
2025-07-09 21:14:00,12.461751,37.84468,11,930
2025-07-09 21:24:00,12.461751,37.84468,11,930
2025-07-09 21:34:00,12.461751,37.84468,11,930
2025-07-09 21:44:00,12.461751,37.84468,11,930
2025-07-09 21:54:00,12.461751,37.84468,11,930
2025-07-09 22:04:00,12.461751,37.84468,11,930
2025-07-09 22:14:00,12.461751,37.84468,11,930
2025-07-09 22:24:00,12.461751,37.84468,11,930
2025-07-09 22:34:00,12.461751,37.84468,11,930
2025-07-09 22:44:00,12.461751,37.84468,11,930
2025-07-09 22:54:00,12.461751,37.84468,11,930
2025-07-09 23:04:00,12.461751,37.84468,11,930
2025-07-09 23:14:00,12.461751,37.84468,11,930
2025-07-09 23:24:00,12.461751,37.84468,11,930
2025-07-09 23:34:00,12.461751,37.84468,11,930
2025-07-09 23:44:00,12.461751,37.84468,11,930
2025-07-09 23:54:00,12.461751,37.84468,11,930
2025-07-10 00:04:00,12.461751,37.84468,11,930
2025-07-09 12:04:00,12.47187,37.8744,12,0530cnr
2025-07-09 12:14:00,12.472178,37.873257,12,0530cnr
2025-07-09 12:24:00,12.472538,37.87211,12,0530cnr
2025-07-09 12:34:00,12.473026,37.870922,12,0530cnr
2025-07-09 12:44:00,12.473556,37.86966,12,0530cnr
2025-07-09 12:54:00,12.474008,37.868355,12,0530cnr
2025-07-09 13:04:00,12.474347,37.86706,12,0530cnr
2025-07-09 13:14:00,12.474577,37.865818,12,0530cnr
2025-07-09 13:24:00,12.474759,37.86463,12,0530cnr
2025-07-09 13:34:00,12.474926,37.863445,12,0530cnr
2025-07-09 13:44:00,12.475065,37.862244,12,0530cnr
2025-07-09 13:54:00,12.475065,37.862244,12,0530cnr
2025-07-09 14:04:00,12.475065,37.862244,12,0530cnr
2025-07-09 14:14:00,12.475065,37.862244,12,0530cnr
2025-07-09 14:24:00,12.475065,37.862244,12,0530cnr
2025-07-09 14:34:00,12.475065,37.862244,12,0530cnr
2025-07-09 14:44:00,12.475065,37.862244,12,0530cnr
2025-07-09 14:54:00,12.475065,37.862244,12,0530cnr
2025-07-09 15:04:00,12.475065,37.862244,12,0530cnr
2025-07-09 15:14:00,12.475065,37.862244,12,0530cnr
2025-07-09 15:24:00,12.475065,37.862244,12,0530cnr
2025-07-09 15:34:00,12.475065,37.862244,12,0530cnr
2025-07-09 15:44:00,12.475065,37.862244,12,0530cnr
2025-07-09 15:54:00,12.475065,37.862244,12,0530cnr
2025-07-09 16:04:00,12.475065,37.862244,12,0530cnr
2025-07-09 16:14:00,12.475065,37.862244,12,0530cnr
2025-07-09 16:24:00,12.475065,37.862244,12,0530cnr
2025-07-09 16:34:00,12.475065,37.862244,12,0530cnr
2025-07-09 16:44:00,12.475065,37.862244,12,0530cnr
2025-07-09 16:54:00,12.475065,37.862244,12,0530cnr
2025-07-09 17:04:00,12.475065,37.862244,12,0530cnr
2025-07-09 17:14:00,12.475065,37.862244,12,0530cnr
2025-07-09 17:24:00,12.475065,37.862244,12,0530cnr
2025-07-09 17:34:00,12.475065,37.862244,12,0530cnr
2025-07-09 17:44:00,12.475065,37.862244,12,0530cnr
2025-07-09 17:54:00,12.475065,37.862244,12,0530cnr
2025-07-09 18:04:00,12.475065,37.862244,12,0530cnr
2025-07-09 18:14:00,12.475065,37.862244,12,0530cnr
2025-07-09 18:24:00,12.475065,37.862244,12,0530cnr
2025-07-09 18:34:00,12.475065,37.862244,12,0530cnr
2025-07-09 18:44:00,12.475065,37.862244,12,0530cnr
2025-07-09 18:54:00,12.475065,37.862244,12,0530cnr
2025-07-09 19:04:00,12.475065,37.862244,12,0530cnr
2025-07-09 19:14:00,12.475065,37.862244,12,0530cnr
2025-07-09 19:24:00,12.475065,37.862244,12,0530cnr
2025-07-09 19:34:00,12.475065,37.862244,12,0530cnr
2025-07-09 19:44:00,12.475065,37.862244,12,0530cnr
2025-07-09 19:54:00,12.475065,37.862244,12,0530cnr
2025-07-09 20:04:00,12.475065,37.862244,12,0530cnr
2025-07-09 20:14:00,12.475065,37.862244,12,0530cnr
2025-07-09 20:24:00,12.475065,37.862244,12,0530cnr
2025-07-09 20:34:00,12.475065,37.862244,12,0530cnr
2025-07-09 20:44:00,12.475065,37.862244,12,0530cnr
2025-07-09 20:54:00,12.475065,37.862244,12,0530cnr
2025-07-09 21:04:00,12.475065,37.862244,12,0530cnr
2025-07-09 21:14:00,12.475065,37.862244,12,0530cnr
2025-07-09 21:24:00,12.475065,37.862244,12,0530cnr
2025-07-09 21:34:00,12.475065,37.862244,12,0530cnr
2025-07-09 21:44:00,12.475065,37.862244,12,0530cnr
2025-07-09 21:54:00,12.475065,37.862244,12,0530cnr
2025-07-09 22:04:00,12.475065,37.862244,12,0530cnr
2025-07-09 22:14:00,12.475065,37.862244,12,0530cnr
2025-07-09 22:24:00,12.475065,37.862244,12,0530cnr
2025-07-09 22:34:00,12.475065,37.862244,12,0530cnr
2025-07-09 22:44:00,12.475065,37.862244,12,0530cnr
2025-07-09 22:54:00,12.475065,37.862244,12,0530cnr
2025-07-09 23:04:00,12.475065,37.862244,12,0530cnr
2025-07-09 23:14:00,12.475065,37.862244,12,0530cnr
2025-07-09 23:24:00,12.475065,37.862244,12,0530cnr
2025-07-09 23:34:00,12.475065,37.862244,12,0530cnr
2025-07-09 23:44:00,12.475065,37.862244,12,0530cnr
2025-07-09 23:54:00,12.475065,37.862244,12,0530cnr
2025-07-10 00:04:00,12.475065,37.862244,12,0530cnr
2025-07-09 12:04:00,12.47176,37.87442,12,3500cnr
2025-07-09 12:14:00,12.472069,37.873276,12,3500cnr
2025-07-09 12:24:00,12.472426,37.872124,12,3500cnr
2025-07-09 12:34:00,12.472917,37.870937,12,3500cnr
2025-07-09 12:44:00,12.473454,37.86968,12,3500cnr
2025-07-09 12:54:00,12.473911,37.86837,12,3500cnr
2025-07-09 13:04:00,12.47425,37.867073,12,3500cnr
2025-07-09 13:14:00,12.474473,37.865818,12,3500cnr
2025-07-09 13:24:00,12.474652,37.864628,12,3500cnr
2025-07-09 13:34:00,12.474818,37.863434,12,3500cnr
2025-07-09 13:44:00,12.47496,37.862232,12,3500cnr
2025-07-09 13:54:00,12.47496,37.862232,12,3500cnr
2025-07-09 14:04:00,12.47496,37.862232,12,3500cnr
2025-07-09 14:14:00,12.47496,37.862232,12,3500cnr
2025-07-09 14:24:00,12.47496,37.862232,12,3500cnr
2025-07-09 14:34:00,12.47496,37.862232,12,3500cnr
2025-07-09 14:44:00,12.47496,37.862232,12,3500cnr
2025-07-09 14:54:00,12.47496,37.862232,12,3500cnr
2025-07-09 15:04:00,12.47496,37.862232,12,3500cnr
2025-07-09 15:14:00,12.47496,37.862232,12,3500cnr
2025-07-09 15:24:00,12.47496,37.862232,12,3500cnr
2025-07-09 15:34:00,12.47496,37.862232,12,3500cnr
2025-07-09 15:44:00,12.47496,37.862232,12,3500cnr
2025-07-09 15:54:00,12.47496,37.862232,12,3500cnr
2025-07-09 16:04:00,12.47496,37.862232,12,3500cnr
2025-07-09 16:14:00,12.47496,37.862232,12,3500cnr
2025-07-09 16:24:00,12.47496,37.862232,12,3500cnr
2025-07-09 16:34:00,12.47496,37.862232,12,3500cnr
2025-07-09 16:44:00,12.47496,37.862232,12,3500cnr
2025-07-09 16:54:00,12.47496,37.862232,12,3500cnr
2025-07-09 17:04:00,12.47496,37.862232,12,3500cnr
2025-07-09 17:14:00,12.47496,37.862232,12,3500cnr
2025-07-09 17:24:00,12.47496,37.862232,12,3500cnr
2025-07-09 17:34:00,12.47496,37.862232,12,3500cnr
2025-07-09 17:44:00,12.47496,37.862232,12,3500cnr
2025-07-09 17:54:00,12.47496,37.862232,12,3500cnr
2025-07-09 18:04:00,12.47496,37.862232,12,3500cnr
2025-07-09 18:14:00,12.47496,37.862232,12,3500cnr
2025-07-09 18:24:00,12.47496,37.862232,12,3500cnr
2025-07-09 18:34:00,12.47496,37.862232,12,3500cnr
2025-07-09 18:44:00,12.47496,37.862232,12,3500cnr
2025-07-09 18:54:00,12.47496,37.862232,12,3500cnr
2025-07-09 19:04:00,12.47496,37.862232,12,3500cnr
2025-07-09 19:14:00,12.47496,37.862232,12,3500cnr
2025-07-09 19:24:00,12.47496,37.862232,12,3500cnr
2025-07-09 19:34:00,12.47496,37.862232,12,3500cnr
2025-07-09 19:44:00,12.47496,37.862232,12,3500cnr
2025-07-09 19:54:00,12.47496,37.862232,12,3500cnr
2025-07-09 20:04:00,12.47496,37.862232,12,3500cnr
2025-07-09 20:14:00,12.47496,37.862232,12,3500cnr
2025-07-09 20:24:00,12.47496,37.862232,12,3500cnr
2025-07-09 20:34:00,12.47496,37.862232,12,3500cnr
2025-07-09 20:44:00,12.47496,37.862232,12,3500cnr
2025-07-09 20:54:00,12.47496,37.862232,12,3500cnr
2025-07-09 21:04:00,12.47496,37.862232,12,3500cnr
2025-07-09 21:14:00,12.47496,37.862232,12,3500cnr
2025-07-09 21:24:00,12.47496,37.862232,12,3500cnr
2025-07-09 21:34:00,12.47496,37.862232,12,3500cnr
2025-07-09 21:44:00,12.47496,37.862232,12,3500cnr
2025-07-09 21:54:00,12.47496,37.862232,12,3500cnr
2025-07-09 22:04:00,12.47496,37.862232,12,3500cnr
2025-07-09 22:14:00,12.47496,37.862232,12,3500cnr
2025-07-09 22:24:00,12.47496,37.862232,12,3500cnr
2025-07-09 22:34:00,12.47496,37.862232,12,3500cnr
2025-07-09 22:44:00,12.47496,37.862232,12,3500cnr
2025-07-09 22:54:00,12.47496,37.862232,12,3500cnr
2025-07-09 23:04:00,12.47496,37.862232,12,3500cnr
2025-07-09 23:14:00,12.47496,37.862232,12,3500cnr
2025-07-09 23:24:00,12.47496,37.862232,12,3500cnr
2025-07-09 23:34:00,12.47496,37.862232,12,3500cnr
2025-07-09 23:44:00,12.47496,37.862232,12,3500cnr
2025-07-09 23:54:00,12.47496,37.862232,12,3500cnr
2025-07-10 00:04:00,12.47496,37.862232,12,3500cnr
2025-07-09 12:04:00,12.47178,37.87426,12,3680cnr
2025-07-09 12:14:00,12.47209,37.873116,12,3680cnr
2025-07-09 12:24:00,12.472461,37.871964,12,3680cnr
2025-07-09 12:34:00,12.472972,37.87077,12,3680cnr
2025-07-09 12:44:00,12.473505,37.8695,12,3680cnr
2025-07-09 12:54:00,12.473947,37.868187,12,3680cnr
2025-07-09 13:04:00,12.47427,37.86689,12,3680cnr
2025-07-09 13:14:00,12.47449,37.865654,12,3680cnr
2025-07-09 13:24:00,12.474668,37.864468,12,3680cnr
2025-07-09 13:34:00,12.4748335,37.86327,12,3680cnr
2025-07-09 13:44:00,12.474907,37.86267,12,3680cnr
2025-07-09 13:54:00,12.474907,37.86267,12,3680cnr
2025-07-09 14:04:00,12.474907,37.86267,12,3680cnr
2025-07-09 14:14:00,12.474907,37.86267,12,3680cnr
2025-07-09 14:24:00,12.474907,37.86267,12,3680cnr
2025-07-09 14:34:00,12.474907,37.86267,12,3680cnr
2025-07-09 14:44:00,12.474907,37.86267,12,3680cnr
2025-07-09 14:54:00,12.474907,37.86267,12,3680cnr
2025-07-09 15:04:00,12.474907,37.86267,12,3680cnr
2025-07-09 15:14:00,12.474907,37.86267,12,3680cnr
2025-07-09 15:24:00,12.474907,37.86267,12,3680cnr
2025-07-09 15:34:00,12.474907,37.86267,12,3680cnr
2025-07-09 15:44:00,12.474907,37.86267,12,3680cnr
2025-07-09 15:54:00,12.474907,37.86267,12,3680cnr
2025-07-09 16:04:00,12.474907,37.86267,12,3680cnr
2025-07-09 16:14:00,12.4749775,37.862125,12,3680cnr
2025-07-09 16:24:00,12.4749775,37.862125,12,3680cnr
2025-07-09 16:34:00,12.4749775,37.862125,12,3680cnr
2025-07-09 16:44:00,12.4749775,37.862125,12,3680cnr
2025-07-09 16:54:00,12.4749775,37.862125,12,3680cnr
2025-07-09 17:04:00,12.4749775,37.862125,12,3680cnr
2025-07-09 17:14:00,12.4749775,37.862125,12,3680cnr
2025-07-09 17:24:00,12.4749775,37.862125,12,3680cnr
2025-07-09 17:34:00,12.4749775,37.862125,12,3680cnr
2025-07-09 17:44:00,12.4749775,37.862125,12,3680cnr
2025-07-09 17:54:00,12.4749775,37.862125,12,3680cnr
2025-07-09 18:04:00,12.4749775,37.862125,12,3680cnr
2025-07-09 18:14:00,12.4749775,37.862125,12,3680cnr
2025-07-09 18:24:00,12.4749775,37.862125,12,3680cnr
2025-07-09 18:34:00,12.4749775,37.862125,12,3680cnr
2025-07-09 18:44:00,12.4749775,37.862125,12,3680cnr
2025-07-09 18:54:00,12.4749775,37.862125,12,3680cnr
2025-07-09 19:04:00,12.4749775,37.862125,12,3680cnr
2025-07-09 19:14:00,12.4749775,37.862125,12,3680cnr
2025-07-09 19:24:00,12.4749775,37.862125,12,3680cnr
2025-07-09 19:34:00,12.4749775,37.862125,12,3680cnr
2025-07-09 19:44:00,12.4749775,37.862125,12,3680cnr
2025-07-09 19:54:00,12.4749775,37.862125,12,3680cnr
2025-07-09 20:04:00,12.4749775,37.862125,12,3680cnr
2025-07-09 20:14:00,12.4749775,37.862125,12,3680cnr
2025-07-09 20:24:00,12.4749775,37.862125,12,3680cnr
2025-07-09 20:34:00,12.4749775,37.862125,12,3680cnr
2025-07-09 20:44:00,12.4749775,37.862125,12,3680cnr
2025-07-09 20:54:00,12.4749775,37.862125,12,3680cnr
2025-07-09 21:04:00,12.4749775,37.862125,12,3680cnr
2025-07-09 21:14:00,12.4749775,37.862125,12,3680cnr
2025-07-09 21:24:00,12.4749775,37.862125,12,3680cnr
2025-07-09 21:34:00,12.4749775,37.862125,12,3680cnr
2025-07-09 21:44:00,12.4749775,37.862125,12,3680cnr
2025-07-09 21:54:00,12.4749775,37.862125,12,3680cnr
2025-07-09 22:04:00,12.4749775,37.862125,12,3680cnr
2025-07-09 22:14:00,12.4749775,37.862125,12,3680cnr
2025-07-09 22:24:00,12.4749775,37.862125,12,3680cnr
2025-07-09 22:34:00,12.4749775,37.862125,12,3680cnr
2025-07-09 22:44:00,12.4749775,37.862125,12,3680cnr
2025-07-09 22:54:00,12.4749775,37.862125,12,3680cnr
2025-07-09 23:04:00,12.4749775,37.862125,12,3680cnr
2025-07-09 23:14:00,12.4749775,37.862125,12,3680cnr
2025-07-09 23:24:00,12.4749775,37.862125,12,3680cnr
2025-07-09 23:34:00,12.4749775,37.862125,12,3680cnr
2025-07-09 23:44:00,12.4749775,37.862125,12,3680cnr
2025-07-09 23:54:00,12.4749775,37.862125,12,3680cnr
2025-07-10 00:04:00,12.4749775,37.862125,12,3680cnr
