time,lon,lat,deploy,drifter_id
2025-07-08 07:14:00,12.45476,37.87429,1,0530cnr
2025-07-08 07:24:00,12.455253,37.874077,1,0530cnr
2025-07-08 07:34:00,12.455732,37.87386,1,0530cnr
2025-07-08 07:44:00,12.456196,37.87363,1,0530cnr
2025-07-08 07:54:00,12.456637,37.87343,1,0530cnr
2025-07-08 08:04:00,12.457059,37.87327,1,0530cnr
2025-07-08 08:14:00,12.457455,37.873127,1,0530cnr
2025-07-08 08:24:00,12.457824,37.87299,1,0530cnr
2025-07-08 08:34:00,12.458169,37.872852,1,0530cnr
2025-07-08 08:44:00,12.45849,37.872715,1,0530cnr
2025-07-08 08:54:00,12.458787,37.872566,1,0530cnr
2025-07-08 09:04:00,12.45906,37.87241,1,0530cnr
2025-07-08 09:14:00,12.459328,37.87224,1,0530cnr
2025-07-08 09:24:00,12.459598,37.872047,1,0530cnr
2025-07-08 09:34:00,12.459884,37.87184,1,0530cnr
2025-07-08 09:44:00,12.460203,37.871635,1,0530cnr
2025-07-08 09:54:00,12.46056,37.87143,1,0530cnr
2025-07-08 10:04:00,12.460952,37.871223,1,0530cnr
2025-07-08 10:14:00,12.461346,37.87101,1,0530cnr
2025-07-08 10:24:00,12.461729,37.87079,1,0530cnr
2025-07-08 10:34:00,12.462106,37.870556,1,0530cnr
2025-07-08 10:44:00,12.462507,37.870365,1,0530cnr
2025-07-08 10:54:00,12.462962,37.870277,1,0530cnr
2025-07-08 11:04:00,12.4634695,37.870293,1,0530cnr
2025-07-08 11:14:00,12.463965,37.870335,1,0530cnr
2025-07-08 11:24:00,12.463965,37.870335,1,0530cnr
2025-07-08 11:34:00,12.463965,37.870335,1,0530cnr
2025-07-08 11:44:00,12.463965,37.870335,1,0530cnr
2025-07-08 11:54:00,12.463965,37.870335,1,0530cnr
2025-07-08 12:04:00,12.463965,37.870335,1,0530cnr
2025-07-08 12:14:00,12.463965,37.870335,1,0530cnr
2025-07-08 12:24:00,12.463965,37.870335,1,0530cnr
2025-07-08 12:34:00,12.463965,37.870335,1,0530cnr
2025-07-08 12:44:00,12.463965,37.870335,1,0530cnr
2025-07-08 12:54:00,12.463965,37.870335,1,0530cnr
2025-07-08 13:04:00,12.463965,37.870335,1,0530cnr
2025-07-08 13:14:00,12.463965,37.870335,1,0530cnr
2025-07-08 13:24:00,12.463965,37.870335,1,0530cnr
2025-07-08 13:34:00,12.463965,37.870335,1,0530cnr
2025-07-08 13:44:00,12.463965,37.870335,1,0530cnr
2025-07-08 13:54:00,12.463965,37.870335,1,0530cnr
2025-07-08 14:04:00,12.463965,37.870335,1,0530cnr
2025-07-08 14:14:00,12.463965,37.870335,1,0530cnr
2025-07-08 14:24:00,12.463965,37.870335,1,0530cnr
2025-07-08 14:34:00,12.463965,37.870335,1,0530cnr
2025-07-08 14:44:00,12.463965,37.870335,1,0530cnr
2025-07-08 14:54:00,12.463965,37.870335,1,0530cnr
2025-07-08 15:04:00,12.463965,37.870335,1,0530cnr
2025-07-08 15:14:00,12.463965,37.870335,1,0530cnr
2025-07-08 15:24:00,12.463965,37.870335,1,0530cnr
2025-07-08 15:34:00,12.463965,37.870335,1,0530cnr
2025-07-08 15:44:00,12.463965,37.870335,1,0530cnr
2025-07-08 15:54:00,12.463965,37.870335,1,0530cnr
2025-07-08 16:04:00,12.463965,37.870335,1,0530cnr
2025-07-08 16:14:00,12.463965,37.870335,1,0530cnr
2025-07-08 16:24:00,12.463965,37.870335,1,0530cnr
2025-07-08 16:34:00,12.463965,37.870335,1,0530cnr
2025-07-08 16:44:00,12.463965,37.870335,1,0530cnr
2025-07-08 16:54:00,12.463965,37.870335,1,0530cnr
2025-07-08 17:04:00,12.463965,37.870335,1,0530cnr
2025-07-08 17:14:00,12.463965,37.870335,1,0530cnr
2025-07-08 17:24:00,12.463965,37.870335,1,0530cnr
2025-07-08 17:34:00,12.463965,37.870335,1,0530cnr
2025-07-08 17:44:00,12.463965,37.870335,1,0530cnr
2025-07-08 17:54:00,12.463965,37.870335,1,0530cnr
2025-07-08 18:04:00,12.463965,37.870335,1,0530cnr
2025-07-08 18:14:00,12.463965,37.870335,1,0530cnr
2025-07-08 18:24:00,12.463965,37.870335,1,0530cnr
2025-07-08 18:34:00,12.463965,37.870335,1,0530cnr
2025-07-08 18:44:00,12.463965,37.870335,1,0530cnr
2025-07-08 18:54:00,12.463965,37.870335,1,0530cnr
2025-07-08 19:04:00,12.463965,37.870335,1,0530cnr
2025-07-08 19:14:00,12.463965,37.870335,1,0530cnr
2025-07-08 19:24:00,12.463965,37.870335,1,0530cnr
2025-07-08 19:34:00,12.463965,37.870335,1,0530cnr
2025-07-08 19:44:00,12.463965,37.870335,1,0530cnr
2025-07-08 19:54:00,12.463965,37.870335,1,0530cnr
2025-07-08 20:04:00,12.463965,37.870335,1,0530cnr
2025-07-08 20:14:00,12.463965,37.870335,1,0530cnr
2025-07-08 20:24:00,12.463965,37.870335,1,0530cnr
2025-07-08 20:34:00,12.463965,37.870335,1,0530cnr
2025-07-08 20:44:00,12.463965,37.870335,1,0530cnr
2025-07-08 20:54:00,12.463965,37.870335,1,0530cnr
2025-07-08 21:04:00,12.463965,37.870335,1,0530cnr
2025-07-08 21:14:00,12.463965,37.870335,1,0530cnr
2025-07-08 21:24:00,12.463965,37.870335,1,0530cnr
2025-07-08 21:34:00,12.463965,37.870335,1,0530cnr
2025-07-08 21:44:00,12.463965,37.870335,1,0530cnr
2025-07-08 21:54:00,12.463965,37.870335,1,0530cnr
2025-07-08 22:04:00,12.463965,37.870335,1,0530cnr
2025-07-08 22:14:00,12.463965,37.870335,1,0530cnr
2025-07-08 22:24:00,12.463965,37.870335,1,0530cnr
2025-07-08 22:34:00,12.463965,37.870335,1,0530cnr
2025-07-08 22:44:00,12.463965,37.870335,1,0530cnr
2025-07-08 22:54:00,12.463965,37.870335,1,0530cnr
2025-07-08 23:04:00,12.463965,37.870335,1,0530cnr
2025-07-08 23:14:00,12.463965,37.870335,1,0530cnr
2025-07-08 23:24:00,12.463965,37.870335,1,0530cnr
2025-07-08 23:34:00,12.463965,37.870335,1,0530cnr
2025-07-08 23:44:00,12.463965,37.870335,1,0530cnr
2025-07-08 23:54:00,12.463965,37.870335,1,0530cnr
2025-07-09 00:04:00,12.463965,37.870335,1,0530cnr
2025-07-09 00:14:00,12.463965,37.870335,1,0530cnr
2025-07-09 00:24:00,12.463965,37.870335,1,0530cnr
2025-07-09 00:34:00,12.463965,37.870335,1,0530cnr
2025-07-09 00:44:00,12.463965,37.870335,1,0530cnr
2025-07-09 00:54:00,12.463965,37.870335,1,0530cnr
2025-07-09 01:04:00,12.463965,37.870335,1,0530cnr
2025-07-09 01:14:00,12.463965,37.870335,1,0530cnr
2025-07-09 01:24:00,12.463965,37.870335,1,0530cnr
2025-07-09 01:34:00,12.463965,37.870335,1,0530cnr
2025-07-09 01:44:00,12.463965,37.870335,1,0530cnr
2025-07-09 01:54:00,12.463965,37.870335,1,0530cnr
2025-07-09 02:04:00,12.463965,37.870335,1,0530cnr
2025-07-09 02:14:00,12.463965,37.870335,1,0530cnr
2025-07-09 02:24:00,12.463965,37.870335,1,0530cnr
2025-07-09 02:34:00,12.463965,37.870335,1,0530cnr
2025-07-09 02:44:00,12.463965,37.870335,1,0530cnr
2025-07-09 02:54:00,12.463965,37.870335,1,0530cnr
2025-07-09 03:04:00,12.463965,37.870335,1,0530cnr
2025-07-09 03:14:00,12.463965,37.870335,1,0530cnr
2025-07-09 03:24:00,12.463965,37.870335,1,0530cnr
2025-07-09 03:34:00,12.463965,37.870335,1,0530cnr
2025-07-09 03:44:00,12.463965,37.870335,1,0530cnr
2025-07-09 03:54:00,12.463965,37.870335,1,0530cnr
2025-07-09 04:04:00,12.463965,37.870335,1,0530cnr
2025-07-09 04:14:00,12.463965,37.870335,1,0530cnr
2025-07-09 04:24:00,12.463965,37.870335,1,0530cnr
2025-07-09 04:34:00,12.463965,37.870335,1,0530cnr
2025-07-09 04:44:00,12.463965,37.870335,1,0530cnr
2025-07-09 04:54:00,12.463965,37.870335,1,0530cnr
2025-07-09 05:04:00,12.463965,37.870335,1,0530cnr
2025-07-09 05:14:00,12.463965,37.870335,1,0530cnr
2025-07-09 05:24:00,12.463965,37.870335,1,0530cnr
2025-07-09 05:34:00,12.463965,37.870335,1,0530cnr
2025-07-09 05:44:00,12.463965,37.870335,1,0530cnr
2025-07-09 05:54:00,12.463965,37.870335,1,0530cnr
2025-07-09 06:04:00,12.463965,37.870335,1,0530cnr
2025-07-09 06:14:00,12.463965,37.870335,1,0530cnr
2025-07-09 06:24:00,12.463965,37.870335,1,0530cnr
2025-07-09 06:34:00,12.463965,37.870335,1,0530cnr
2025-07-09 06:44:00,12.463965,37.870335,1,0530cnr
2025-07-09 06:54:00,12.463965,37.870335,1,0530cnr
2025-07-09 07:04:00,12.463965,37.870335,1,0530cnr
2025-07-09 07:14:00,12.463965,37.870335,1,0530cnr
2025-07-09 07:24:00,12.463965,37.870335,1,0530cnr
2025-07-09 07:34:00,12.463965,37.870335,1,0530cnr
2025-07-09 07:44:00,12.463965,37.870335,1,0530cnr
2025-07-09 07:54:00,12.463965,37.870335,1,0530cnr
2025-07-09 08:04:00,12.463965,37.870335,1,0530cnr
2025-07-09 08:14:00,12.463965,37.870335,1,0530cnr
2025-07-09 08:24:00,12.463965,37.870335,1,0530cnr
2025-07-09 08:34:00,12.463965,37.870335,1,0530cnr
2025-07-09 08:44:00,12.463965,37.870335,1,0530cnr
2025-07-09 08:54:00,12.463965,37.870335,1,0530cnr
2025-07-09 09:04:00,12.463965,37.870335,1,0530cnr
2025-07-09 09:14:00,12.463965,37.870335,1,0530cnr
2025-07-09 09:24:00,12.463965,37.870335,1,0530cnr
2025-07-09 09:34:00,12.463965,37.870335,1,0530cnr
2025-07-09 09:44:00,12.463965,37.870335,1,0530cnr
2025-07-09 09:54:00,12.463965,37.870335,1,0530cnr
2025-07-09 10:04:00,12.463965,37.870335,1,0530cnr
2025-07-09 10:14:00,12.463965,37.870335,1,0530cnr
2025-07-09 10:24:00,12.463965,37.870335,1,0530cnr
2025-07-09 10:34:00,12.463965,37.870335,1,0530cnr
2025-07-09 10:44:00,12.463965,37.870335,1,0530cnr
2025-07-09 10:54:00,12.463965,37.870335,1,0530cnr
2025-07-09 11:04:00,12.463965,37.870335,1,0530cnr
2025-07-09 11:14:00,12.463965,37.870335,1,0530cnr
2025-07-09 11:24:00,12.463965,37.870335,1,0530cnr
2025-07-09 11:34:00,12.463965,37.870335,1,0530cnr
2025-07-09 11:44:00,12.463965,37.870335,1,0530cnr
2025-07-09 11:54:00,12.463965,37.870335,1,0530cnr
2025-07-09 12:04:00,12.463965,37.870335,1,0530cnr
2025-07-09 12:14:00,12.463965,37.870335,1,0530cnr
2025-07-09 12:24:00,12.463965,37.870335,1,0530cnr
2025-07-09 12:34:00,12.463965,37.870335,1,0530cnr
2025-07-09 12:44:00,12.463965,37.870335,1,0530cnr
2025-07-09 12:54:00,12.463965,37.870335,1,0530cnr
2025-07-09 13:04:00,12.463965,37.870335,1,0530cnr
2025-07-09 13:14:00,12.463965,37.870335,1,0530cnr
2025-07-09 13:24:00,12.463965,37.870335,1,0530cnr
2025-07-09 13:34:00,12.463965,37.870335,1,0530cnr
2025-07-09 13:44:00,12.463965,37.870335,1,0530cnr
2025-07-09 13:54:00,12.463965,37.870335,1,0530cnr
2025-07-09 14:04:00,12.463965,37.870335,1,0530cnr
2025-07-09 14:14:00,12.463965,37.870335,1,0530cnr
2025-07-09 14:24:00,12.463965,37.870335,1,0530cnr
2025-07-09 14:34:00,12.463965,37.870335,1,0530cnr
2025-07-09 14:44:00,12.463965,37.870335,1,0530cnr
2025-07-09 14:54:00,12.463965,37.870335,1,0530cnr
2025-07-09 15:04:00,12.463965,37.870335,1,0530cnr
2025-07-09 15:14:00,12.463965,37.870335,1,0530cnr
2025-07-09 15:24:00,12.463965,37.870335,1,0530cnr
2025-07-09 15:34:00,12.463965,37.870335,1,0530cnr
2025-07-09 15:44:00,12.463965,37.870335,1,0530cnr
2025-07-09 15:54:00,12.463965,37.870335,1,0530cnr
2025-07-09 16:04:00,12.463965,37.870335,1,0530cnr
2025-07-09 16:14:00,12.463965,37.870335,1,0530cnr
2025-07-09 16:24:00,12.463965,37.870335,1,0530cnr
2025-07-09 16:34:00,12.463965,37.870335,1,0530cnr
2025-07-09 16:44:00,12.463965,37.870335,1,0530cnr
2025-07-09 16:54:00,12.463965,37.870335,1,0530cnr
2025-07-09 17:04:00,12.463965,37.870335,1,0530cnr
2025-07-09 17:14:00,12.463965,37.870335,1,0530cnr
2025-07-09 17:24:00,12.463965,37.870335,1,0530cnr
2025-07-09 17:34:00,12.463965,37.870335,1,0530cnr
2025-07-09 17:44:00,12.463965,37.870335,1,0530cnr
2025-07-09 17:54:00,12.463965,37.870335,1,0530cnr
2025-07-09 18:04:00,12.463965,37.870335,1,0530cnr
2025-07-09 18:14:00,12.463965,37.870335,1,0530cnr
2025-07-09 18:24:00,12.463965,37.870335,1,0530cnr
2025-07-09 18:34:00,12.463965,37.870335,1,0530cnr
2025-07-09 18:44:00,12.463965,37.870335,1,0530cnr
2025-07-09 18:54:00,12.463965,37.870335,1,0530cnr
2025-07-09 19:04:00,12.463965,37.870335,1,0530cnr
2025-07-09 19:14:00,12.463965,37.870335,1,0530cnr
2025-07-09 19:24:00,12.463965,37.870335,1,0530cnr
2025-07-09 19:34:00,12.463965,37.870335,1,0530cnr
2025-07-09 19:44:00,12.463965,37.870335,1,0530cnr
2025-07-09 19:54:00,12.463965,37.870335,1,0530cnr
2025-07-09 20:04:00,12.463965,37.870335,1,0530cnr
2025-07-09 20:14:00,12.463965,37.870335,1,0530cnr
2025-07-09 20:24:00,12.463965,37.870335,1,0530cnr
2025-07-09 20:34:00,12.463965,37.870335,1,0530cnr
2025-07-09 20:44:00,12.463965,37.870335,1,0530cnr
2025-07-09 20:54:00,12.463965,37.870335,1,0530cnr
2025-07-09 21:04:00,12.463965,37.870335,1,0530cnr
2025-07-09 21:14:00,12.463965,37.870335,1,0530cnr
2025-07-09 21:24:00,12.463965,37.870335,1,0530cnr
2025-07-09 21:34:00,12.463965,37.870335,1,0530cnr
2025-07-09 21:44:00,12.463965,37.870335,1,0530cnr
2025-07-09 21:54:00,12.463965,37.870335,1,0530cnr
2025-07-09 22:04:00,12.463965,37.870335,1,0530cnr
2025-07-09 22:14:00,12.463965,37.870335,1,0530cnr
2025-07-09 22:24:00,12.463965,37.870335,1,0530cnr
2025-07-09 22:34:00,12.463965,37.870335,1,0530cnr
2025-07-09 22:44:00,12.463965,37.870335,1,0530cnr
2025-07-09 22:54:00,12.463965,37.870335,1,0530cnr
2025-07-09 23:04:00,12.463965,37.870335,1,0530cnr
2025-07-09 23:14:00,12.463965,37.870335,1,0530cnr
2025-07-09 23:24:00,12.463965,37.870335,1,0530cnr
2025-07-09 23:34:00,12.463965,37.870335,1,0530cnr
2025-07-09 23:44:00,12.463965,37.870335,1,0530cnr
2025-07-09 23:54:00,12.463965,37.870335,1,0530cnr
2025-07-10 00:04:00,12.463965,37.870335,1,0530cnr
2025-07-08 07:14:00,12.45468,37.87425,1,3500cnr
2025-07-08 07:24:00,12.455174,37.87404,1,3500cnr
2025-07-08 07:34:00,12.455655,37.87382,1,3500cnr
2025-07-08 07:44:00,12.45612,37.873596,1,3500cnr
2025-07-08 07:54:00,12.456564,37.873386,1,3500cnr
2025-07-08 08:04:00,12.456987,37.873222,1,3500cnr
2025-07-08 08:14:00,12.457385,37.873074,1,3500cnr
2025-07-08 08:24:00,12.457755,37.87293,1,3500cnr
2025-07-08 08:34:00,12.458102,37.872784,1,3500cnr
2025-07-08 08:44:00,12.458424,37.872635,1,3500cnr
2025-07-08 08:54:00,12.45872,37.87248,1,3500cnr
2025-07-08 09:04:00,12.458992,37.87231,1,3500cnr
2025-07-08 09:14:00,12.459259,37.872128,1,3500cnr
2025-07-08 09:24:00,12.459532,37.871925,1,3500cnr
2025-07-08 09:34:00,12.459831,37.87171,1,3500cnr
2025-07-08 09:44:00,12.460164,37.871502,1,3500cnr
2025-07-08 09:54:00,12.460533,37.871292,1,3500cnr
2025-07-08 10:04:00,12.460937,37.871075,1,3500cnr
2025-07-08 10:14:00,12.461343,37.870853,1,3500cnr
2025-07-08 10:24:00,12.461737,37.87062,1,3500cnr
2025-07-08 10:34:00,12.462126,37.87038,1,3500cnr
2025-07-08 10:44:00,12.462542,37.870186,1,3500cnr
2025-07-08 10:54:00,12.463017,37.870094,1,3500cnr
2025-07-08 11:04:00,12.463551,37.870125,1,3500cnr
2025-07-08 11:14:00,12.463817,37.870155,1,3500cnr
2025-07-08 11:24:00,12.463817,37.870155,1,3500cnr
2025-07-08 11:34:00,12.463817,37.870155,1,3500cnr
2025-07-08 11:44:00,12.463817,37.870155,1,3500cnr
2025-07-08 11:54:00,12.463817,37.870155,1,3500cnr
2025-07-08 12:04:00,12.463817,37.870155,1,3500cnr
2025-07-08 12:14:00,12.463817,37.870155,1,3500cnr
2025-07-08 12:24:00,12.463817,37.870155,1,3500cnr
2025-07-08 12:34:00,12.463817,37.870155,1,3500cnr
2025-07-08 12:44:00,12.463817,37.870155,1,3500cnr
2025-07-08 12:54:00,12.463817,37.870155,1,3500cnr
2025-07-08 13:04:00,12.463817,37.870155,1,3500cnr
2025-07-08 13:14:00,12.463817,37.870155,1,3500cnr
2025-07-08 13:24:00,12.463817,37.870155,1,3500cnr
2025-07-08 13:34:00,12.463817,37.870155,1,3500cnr
2025-07-08 13:44:00,12.463817,37.870155,1,3500cnr
2025-07-08 13:54:00,12.463817,37.870155,1,3500cnr
2025-07-08 14:04:00,12.463817,37.870155,1,3500cnr
2025-07-08 14:14:00,12.463817,37.870155,1,3500cnr
2025-07-08 14:24:00,12.463817,37.870155,1,3500cnr
2025-07-08 14:34:00,12.463817,37.870155,1,3500cnr
2025-07-08 14:44:00,12.463817,37.870155,1,3500cnr
2025-07-08 14:54:00,12.463817,37.870155,1,3500cnr
2025-07-08 15:04:00,12.463817,37.870155,1,3500cnr
2025-07-08 15:14:00,12.463817,37.870155,1,3500cnr
2025-07-08 15:24:00,12.463817,37.870155,1,3500cnr
2025-07-08 15:34:00,12.463817,37.870155,1,3500cnr
2025-07-08 15:44:00,12.463817,37.870155,1,3500cnr
2025-07-08 15:54:00,12.463817,37.870155,1,3500cnr
2025-07-08 16:04:00,12.463817,37.870155,1,3500cnr
2025-07-08 16:14:00,12.463817,37.870155,1,3500cnr
2025-07-08 16:24:00,12.463817,37.870155,1,3500cnr
2025-07-08 16:34:00,12.463817,37.870155,1,3500cnr
2025-07-08 16:44:00,12.463817,37.870155,1,3500cnr
2025-07-08 16:54:00,12.463817,37.870155,1,3500cnr
2025-07-08 17:04:00,12.463817,37.870155,1,3500cnr
2025-07-08 17:14:00,12.463817,37.870155,1,3500cnr
2025-07-08 17:24:00,12.463817,37.870155,1,3500cnr
2025-07-08 17:34:00,12.463817,37.870155,1,3500cnr
2025-07-08 17:44:00,12.463817,37.870155,1,3500cnr
2025-07-08 17:54:00,12.463817,37.870155,1,3500cnr
2025-07-08 18:04:00,12.463817,37.870155,1,3500cnr
2025-07-08 18:14:00,12.463817,37.870155,1,3500cnr
2025-07-08 18:24:00,12.463817,37.870155,1,3500cnr
2025-07-08 18:34:00,12.463817,37.870155,1,3500cnr
2025-07-08 18:44:00,12.463817,37.870155,1,3500cnr
2025-07-08 18:54:00,12.463817,37.870155,1,3500cnr
2025-07-08 19:04:00,12.463817,37.870155,1,3500cnr
2025-07-08 19:14:00,12.463817,37.870155,1,3500cnr
2025-07-08 19:24:00,12.463817,37.870155,1,3500cnr
2025-07-08 19:34:00,12.463817,37.870155,1,3500cnr
2025-07-08 19:44:00,12.463817,37.870155,1,3500cnr
2025-07-08 19:54:00,12.463817,37.870155,1,3500cnr
2025-07-08 20:04:00,12.463817,37.870155,1,3500cnr
2025-07-08 20:14:00,12.463817,37.870155,1,3500cnr
2025-07-08 20:24:00,12.463817,37.870155,1,3500cnr
2025-07-08 20:34:00,12.463817,37.870155,1,3500cnr
2025-07-08 20:44:00,12.463817,37.870155,1,3500cnr
2025-07-08 20:54:00,12.463817,37.870155,1,3500cnr
2025-07-08 21:04:00,12.463817,37.870155,1,3500cnr
2025-07-08 21:14:00,12.463817,37.870155,1,3500cnr
2025-07-08 21:24:00,12.463817,37.870155,1,3500cnr
2025-07-08 21:34:00,12.463817,37.870155,1,3500cnr
2025-07-08 21:44:00,12.463817,37.870155,1,3500cnr
2025-07-08 21:54:00,12.463817,37.870155,1,3500cnr
2025-07-08 22:04:00,12.463817,37.870155,1,3500cnr
2025-07-08 22:14:00,12.463817,37.870155,1,3500cnr
2025-07-08 22:24:00,12.463817,37.870155,1,3500cnr
2025-07-08 22:34:00,12.463817,37.870155,1,3500cnr
2025-07-08 22:44:00,12.463817,37.870155,1,3500cnr
2025-07-08 22:54:00,12.463817,37.870155,1,3500cnr
2025-07-08 23:04:00,12.463817,37.870155,1,3500cnr
2025-07-08 23:14:00,12.463817,37.870155,1,3500cnr
2025-07-08 23:24:00,12.463817,37.870155,1,3500cnr
2025-07-08 23:34:00,12.463817,37.870155,1,3500cnr
2025-07-08 23:44:00,12.463817,37.870155,1,3500cnr
2025-07-08 23:54:00,12.463817,37.870155,1,3500cnr
2025-07-09 00:04:00,12.463817,37.870155,1,3500cnr
2025-07-09 00:14:00,12.463817,37.870155,1,3500cnr
2025-07-09 00:24:00,12.463817,37.870155,1,3500cnr
2025-07-09 00:34:00,12.463817,37.870155,1,3500cnr
2025-07-09 00:44:00,12.463817,37.870155,1,3500cnr
2025-07-09 00:54:00,12.463817,37.870155,1,3500cnr
2025-07-09 01:04:00,12.463817,37.870155,1,3500cnr
2025-07-09 01:14:00,12.463817,37.870155,1,3500cnr
2025-07-09 01:24:00,12.463817,37.870155,1,3500cnr
2025-07-09 01:34:00,12.463817,37.870155,1,3500cnr
2025-07-09 01:44:00,12.463817,37.870155,1,3500cnr
2025-07-09 01:54:00,12.463817,37.870155,1,3500cnr
2025-07-09 02:04:00,12.463817,37.870155,1,3500cnr
2025-07-09 02:14:00,12.463817,37.870155,1,3500cnr
2025-07-09 02:24:00,12.463817,37.870155,1,3500cnr
2025-07-09 02:34:00,12.463817,37.870155,1,3500cnr
2025-07-09 02:44:00,12.463817,37.870155,1,3500cnr
2025-07-09 02:54:00,12.463817,37.870155,1,3500cnr
2025-07-09 03:04:00,12.463817,37.870155,1,3500cnr
2025-07-09 03:14:00,12.463817,37.870155,1,3500cnr
2025-07-09 03:24:00,12.463817,37.870155,1,3500cnr
2025-07-09 03:34:00,12.463817,37.870155,1,3500cnr
2025-07-09 03:44:00,12.463817,37.870155,1,3500cnr
2025-07-09 03:54:00,12.463817,37.870155,1,3500cnr
2025-07-09 04:04:00,12.463817,37.870155,1,3500cnr
2025-07-09 04:14:00,12.463817,37.870155,1,3500cnr
2025-07-09 04:24:00,12.463817,37.870155,1,3500cnr
2025-07-09 04:34:00,12.463817,37.870155,1,3500cnr
2025-07-09 04:44:00,12.463817,37.870155,1,3500cnr
2025-07-09 04:54:00,12.463817,37.870155,1,3500cnr
2025-07-09 05:04:00,12.463817,37.870155,1,3500cnr
2025-07-09 05:14:00,12.463817,37.870155,1,3500cnr
2025-07-09 05:24:00,12.463817,37.870155,1,3500cnr
2025-07-09 05:34:00,12.463817,37.870155,1,3500cnr
2025-07-09 05:44:00,12.463817,37.870155,1,3500cnr
2025-07-09 05:54:00,12.463817,37.870155,1,3500cnr
2025-07-09 06:04:00,12.463817,37.870155,1,3500cnr
2025-07-09 06:14:00,12.463817,37.870155,1,3500cnr
2025-07-09 06:24:00,12.463817,37.870155,1,3500cnr
2025-07-09 06:34:00,12.463817,37.870155,1,3500cnr
2025-07-09 06:44:00,12.463817,37.870155,1,3500cnr
2025-07-09 06:54:00,12.463817,37.870155,1,3500cnr
2025-07-09 07:04:00,12.463817,37.870155,1,3500cnr
2025-07-09 07:14:00,12.463817,37.870155,1,3500cnr
2025-07-09 07:24:00,12.463817,37.870155,1,3500cnr
2025-07-09 07:34:00,12.463817,37.870155,1,3500cnr
2025-07-09 07:44:00,12.463817,37.870155,1,3500cnr
2025-07-09 07:54:00,12.463817,37.870155,1,3500cnr
2025-07-09 08:04:00,12.463817,37.870155,1,3500cnr
2025-07-09 08:14:00,12.463817,37.870155,1,3500cnr
2025-07-09 08:24:00,12.463817,37.870155,1,3500cnr
2025-07-09 08:34:00,12.463817,37.870155,1,3500cnr
2025-07-09 08:44:00,12.463817,37.870155,1,3500cnr
2025-07-09 08:54:00,12.463817,37.870155,1,3500cnr
2025-07-09 09:04:00,12.463817,37.870155,1,3500cnr
2025-07-09 09:14:00,12.463817,37.870155,1,3500cnr
2025-07-09 09:24:00,12.463817,37.870155,1,3500cnr
2025-07-09 09:34:00,12.463817,37.870155,1,3500cnr
2025-07-09 09:44:00,12.463817,37.870155,1,3500cnr
2025-07-09 09:54:00,12.463817,37.870155,1,3500cnr
2025-07-09 10:04:00,12.463817,37.870155,1,3500cnr
2025-07-09 10:14:00,12.463817,37.870155,1,3500cnr
2025-07-09 10:24:00,12.463817,37.870155,1,3500cnr
2025-07-09 10:34:00,12.463817,37.870155,1,3500cnr
2025-07-09 10:44:00,12.463817,37.870155,1,3500cnr
2025-07-09 10:54:00,12.463817,37.870155,1,3500cnr
2025-07-09 11:04:00,12.463817,37.870155,1,3500cnr
2025-07-09 11:14:00,12.463817,37.870155,1,3500cnr
2025-07-09 11:24:00,12.463817,37.870155,1,3500cnr
2025-07-09 11:34:00,12.463817,37.870155,1,3500cnr
2025-07-09 11:44:00,12.463817,37.870155,1,3500cnr
2025-07-09 11:54:00,12.463817,37.870155,1,3500cnr
2025-07-09 12:04:00,12.463817,37.870155,1,3500cnr
2025-07-09 12:14:00,12.463817,37.870155,1,3500cnr
2025-07-09 12:24:00,12.463817,37.870155,1,3500cnr
2025-07-09 12:34:00,12.463817,37.870155,1,3500cnr
2025-07-09 12:44:00,12.463817,37.870155,1,3500cnr
2025-07-09 12:54:00,12.463817,37.870155,1,3500cnr
2025-07-09 13:04:00,12.463817,37.870155,1,3500cnr
2025-07-09 13:14:00,12.463817,37.870155,1,3500cnr
2025-07-09 13:24:00,12.463817,37.870155,1,3500cnr
2025-07-09 13:34:00,12.463817,37.870155,1,3500cnr
2025-07-09 13:44:00,12.463817,37.870155,1,3500cnr
2025-07-09 13:54:00,12.463817,37.870155,1,3500cnr
2025-07-09 14:04:00,12.463817,37.870155,1,3500cnr
2025-07-09 14:14:00,12.463817,37.870155,1,3500cnr
2025-07-09 14:24:00,12.463817,37.870155,1,3500cnr
2025-07-09 14:34:00,12.463817,37.870155,1,3500cnr
2025-07-09 14:44:00,12.463817,37.870155,1,3500cnr
2025-07-09 14:54:00,12.463817,37.870155,1,3500cnr
2025-07-09 15:04:00,12.463817,37.870155,1,3500cnr
2025-07-09 15:14:00,12.463817,37.870155,1,3500cnr
2025-07-09 15:24:00,12.463817,37.870155,1,3500cnr
2025-07-09 15:34:00,12.463817,37.870155,1,3500cnr
2025-07-09 15:44:00,12.463817,37.870155,1,3500cnr
2025-07-09 15:54:00,12.463817,37.870155,1,3500cnr
2025-07-09 16:04:00,12.463817,37.870155,1,3500cnr
2025-07-09 16:14:00,12.463817,37.870155,1,3500cnr
2025-07-09 16:24:00,12.463817,37.870155,1,3500cnr
2025-07-09 16:34:00,12.463817,37.870155,1,3500cnr
2025-07-09 16:44:00,12.463817,37.870155,1,3500cnr
2025-07-09 16:54:00,12.463817,37.870155,1,3500cnr
2025-07-09 17:04:00,12.463817,37.870155,1,3500cnr
2025-07-09 17:14:00,12.463817,37.870155,1,3500cnr
2025-07-09 17:24:00,12.463817,37.870155,1,3500cnr
2025-07-09 17:34:00,12.463817,37.870155,1,3500cnr
2025-07-09 17:44:00,12.463817,37.870155,1,3500cnr
2025-07-09 17:54:00,12.463817,37.870155,1,3500cnr
2025-07-09 18:04:00,12.463817,37.870155,1,3500cnr
2025-07-09 18:14:00,12.463817,37.870155,1,3500cnr
2025-07-09 18:24:00,12.463817,37.870155,1,3500cnr
2025-07-09 18:34:00,12.463817,37.870155,1,3500cnr
2025-07-09 18:44:00,12.463817,37.870155,1,3500cnr
2025-07-09 18:54:00,12.463817,37.870155,1,3500cnr
2025-07-09 19:04:00,12.463817,37.870155,1,3500cnr
2025-07-09 19:14:00,12.463817,37.870155,1,3500cnr
2025-07-09 19:24:00,12.463817,37.870155,1,3500cnr
2025-07-09 19:34:00,12.463817,37.870155,1,3500cnr
2025-07-09 19:44:00,12.463817,37.870155,1,3500cnr
2025-07-09 19:54:00,12.463817,37.870155,1,3500cnr
2025-07-09 20:04:00,12.463817,37.870155,1,3500cnr
2025-07-09 20:14:00,12.463817,37.870155,1,3500cnr
2025-07-09 20:24:00,12.463817,37.870155,1,3500cnr
2025-07-09 20:34:00,12.463817,37.870155,1,3500cnr
2025-07-09 20:44:00,12.463817,37.870155,1,3500cnr
2025-07-09 20:54:00,12.463817,37.870155,1,3500cnr
2025-07-09 21:04:00,12.463817,37.870155,1,3500cnr
2025-07-09 21:14:00,12.463817,37.870155,1,3500cnr
2025-07-09 21:24:00,12.463817,37.870155,1,3500cnr
2025-07-09 21:34:00,12.463817,37.870155,1,3500cnr
2025-07-09 21:44:00,12.463817,37.870155,1,3500cnr
2025-07-09 21:54:00,12.463817,37.870155,1,3500cnr
2025-07-09 22:04:00,12.463817,37.870155,1,3500cnr
2025-07-09 22:14:00,12.463817,37.870155,1,3500cnr
2025-07-09 22:24:00,12.463817,37.870155,1,3500cnr
2025-07-09 22:34:00,12.463817,37.870155,1,3500cnr
2025-07-09 22:44:00,12.463817,37.870155,1,3500cnr
2025-07-09 22:54:00,12.463817,37.870155,1,3500cnr
2025-07-09 23:04:00,12.463817,37.870155,1,3500cnr
2025-07-09 23:14:00,12.463817,37.870155,1,3500cnr
2025-07-09 23:24:00,12.463817,37.870155,1,3500cnr
2025-07-09 23:34:00,12.463817,37.870155,1,3500cnr
2025-07-09 23:44:00,12.463817,37.870155,1,3500cnr
2025-07-09 23:54:00,12.463817,37.870155,1,3500cnr
2025-07-10 00:04:00,12.463817,37.870155,1,3500cnr
2025-07-08 07:14:00,12.45476,37.87428,1,3680cnr
2025-07-08 07:24:00,12.455252,37.874065,1,3680cnr
2025-07-08 07:34:00,12.45573,37.873848,1,3680cnr
2025-07-08 07:44:00,12.456194,37.87362,1,3680cnr
2025-07-08 07:54:00,12.4566345,37.873417,1,3680cnr
2025-07-08 08:04:00,12.457055,37.873257,1,3680cnr
2025-07-08 08:14:00,12.45745,37.87311,1,3680cnr
2025-07-08 08:24:00,12.457819,37.872974,1,3680cnr
2025-07-08 08:34:00,12.458163,37.872837,1,3680cnr
2025-07-08 08:44:00,12.458484,37.872696,1,3680cnr
2025-07-08 08:54:00,12.458779,37.872547,1,3680cnr
2025-07-08 09:04:00,12.459051,37.872387,1,3680cnr
2025-07-08 09:14:00,12.459318,37.87221,1,3680cnr
2025-07-08 09:24:00,12.459588,37.872017,1,3680cnr
2025-07-08 09:34:00,12.459876,37.87181,1,3680cnr
2025-07-08 09:44:00,12.460198,37.871605,1,3680cnr
2025-07-08 09:54:00,12.460558,37.8714,1,3680cnr
2025-07-08 10:04:00,12.460952,37.87119,1,3680cnr
2025-07-08 10:14:00,12.461349,37.870975,1,3680cnr
2025-07-08 10:24:00,12.461734,37.87075,1,3680cnr
2025-07-08 10:34:00,12.462113,37.870514,1,3680cnr
2025-07-08 10:44:00,12.462519,37.870323,1,3680cnr
2025-07-08 10:54:00,12.462978,37.870235,1,3680cnr
2025-07-08 11:04:00,12.463491,37.870255,1,3680cnr
2025-07-08 11:14:00,12.463994,37.8703,1,3680cnr
2025-07-08 11:24:00,12.463994,37.8703,1,3680cnr
2025-07-08 11:34:00,12.463994,37.8703,1,3680cnr
2025-07-08 11:44:00,12.463994,37.8703,1,3680cnr
2025-07-08 11:54:00,12.463994,37.8703,1,3680cnr
2025-07-08 12:04:00,12.463994,37.8703,1,3680cnr
2025-07-08 12:14:00,12.463994,37.8703,1,3680cnr
2025-07-08 12:24:00,12.463994,37.8703,1,3680cnr
2025-07-08 12:34:00,12.463994,37.8703,1,3680cnr
2025-07-08 12:44:00,12.463994,37.8703,1,3680cnr
2025-07-08 12:54:00,12.463994,37.8703,1,3680cnr
2025-07-08 13:04:00,12.463994,37.8703,1,3680cnr
2025-07-08 13:14:00,12.463994,37.8703,1,3680cnr
2025-07-08 13:24:00,12.463994,37.8703,1,3680cnr
2025-07-08 13:34:00,12.463994,37.8703,1,3680cnr
2025-07-08 13:44:00,12.463994,37.8703,1,3680cnr
2025-07-08 13:54:00,12.463994,37.8703,1,3680cnr
2025-07-08 14:04:00,12.463994,37.8703,1,3680cnr
2025-07-08 14:14:00,12.463994,37.8703,1,3680cnr
2025-07-08 14:24:00,12.463994,37.8703,1,3680cnr
2025-07-08 14:34:00,12.463994,37.8703,1,3680cnr
2025-07-08 14:44:00,12.463994,37.8703,1,3680cnr
2025-07-08 14:54:00,12.463994,37.8703,1,3680cnr
2025-07-08 15:04:00,12.463994,37.8703,1,3680cnr
2025-07-08 15:14:00,12.463994,37.8703,1,3680cnr
2025-07-08 15:24:00,12.463994,37.8703,1,3680cnr
2025-07-08 15:34:00,12.463994,37.8703,1,3680cnr
2025-07-08 15:44:00,12.463994,37.8703,1,3680cnr
2025-07-08 15:54:00,12.463994,37.8703,1,3680cnr
2025-07-08 16:04:00,12.463994,37.8703,1,3680cnr
2025-07-08 16:14:00,12.463994,37.8703,1,3680cnr
2025-07-08 16:24:00,12.463994,37.8703,1,3680cnr
2025-07-08 16:34:00,12.463994,37.8703,1,3680cnr
2025-07-08 16:44:00,12.463994,37.8703,1,3680cnr
2025-07-08 16:54:00,12.463994,37.8703,1,3680cnr
2025-07-08 17:04:00,12.463994,37.8703,1,3680cnr
2025-07-08 17:14:00,12.463994,37.8703,1,3680cnr
2025-07-08 17:24:00,12.463994,37.8703,1,3680cnr
2025-07-08 17:34:00,12.463994,37.8703,1,3680cnr
2025-07-08 17:44:00,12.463994,37.8703,1,3680cnr
2025-07-08 17:54:00,12.463994,37.8703,1,3680cnr
2025-07-08 18:04:00,12.463994,37.8703,1,3680cnr
2025-07-08 18:14:00,12.463994,37.8703,1,3680cnr
2025-07-08 18:24:00,12.463994,37.8703,1,3680cnr
2025-07-08 18:34:00,12.463994,37.8703,1,3680cnr
2025-07-08 18:44:00,12.463994,37.8703,1,3680cnr
2025-07-08 18:54:00,12.463994,37.8703,1,3680cnr
2025-07-08 19:04:00,12.463994,37.8703,1,3680cnr
2025-07-08 19:14:00,12.463994,37.8703,1,3680cnr
2025-07-08 19:24:00,12.463994,37.8703,1,3680cnr
2025-07-08 19:34:00,12.463994,37.8703,1,3680cnr
2025-07-08 19:44:00,12.463994,37.8703,1,3680cnr
2025-07-08 19:54:00,12.463994,37.8703,1,3680cnr
2025-07-08 20:04:00,12.463994,37.8703,1,3680cnr
2025-07-08 20:14:00,12.463994,37.8703,1,3680cnr
2025-07-08 20:24:00,12.463994,37.8703,1,3680cnr
2025-07-08 20:34:00,12.463994,37.8703,1,3680cnr
2025-07-08 20:44:00,12.463994,37.8703,1,3680cnr
2025-07-08 20:54:00,12.463994,37.8703,1,3680cnr
2025-07-08 21:04:00,12.463994,37.8703,1,3680cnr
2025-07-08 21:14:00,12.463994,37.8703,1,3680cnr
2025-07-08 21:24:00,12.463994,37.8703,1,3680cnr
2025-07-08 21:34:00,12.463994,37.8703,1,3680cnr
2025-07-08 21:44:00,12.463994,37.8703,1,3680cnr
2025-07-08 21:54:00,12.463994,37.8703,1,3680cnr
2025-07-08 22:04:00,12.463994,37.8703,1,3680cnr
2025-07-08 22:14:00,12.463994,37.8703,1,3680cnr
2025-07-08 22:24:00,12.463994,37.8703,1,3680cnr
2025-07-08 22:34:00,12.463994,37.8703,1,3680cnr
2025-07-08 22:44:00,12.463994,37.8703,1,3680cnr
2025-07-08 22:54:00,12.463994,37.8703,1,3680cnr
2025-07-08 23:04:00,12.463994,37.8703,1,3680cnr
2025-07-08 23:14:00,12.463994,37.8703,1,3680cnr
2025-07-08 23:24:00,12.463994,37.8703,1,3680cnr
2025-07-08 23:34:00,12.463994,37.8703,1,3680cnr
2025-07-08 23:44:00,12.463994,37.8703,1,3680cnr
2025-07-08 23:54:00,12.463994,37.8703,1,3680cnr
2025-07-09 00:04:00,12.463994,37.8703,1,3680cnr
2025-07-09 00:14:00,12.463994,37.8703,1,3680cnr
2025-07-09 00:24:00,12.463994,37.8703,1,3680cnr
2025-07-09 00:34:00,12.463994,37.8703,1,3680cnr
2025-07-09 00:44:00,12.463994,37.8703,1,3680cnr
2025-07-09 00:54:00,12.463994,37.8703,1,3680cnr
2025-07-09 01:04:00,12.463994,37.8703,1,3680cnr
2025-07-09 01:14:00,12.463994,37.8703,1,3680cnr
2025-07-09 01:24:00,12.463994,37.8703,1,3680cnr
2025-07-09 01:34:00,12.463994,37.8703,1,3680cnr
2025-07-09 01:44:00,12.463994,37.8703,1,3680cnr
2025-07-09 01:54:00,12.463994,37.8703,1,3680cnr
2025-07-09 02:04:00,12.463994,37.8703,1,3680cnr
2025-07-09 02:14:00,12.463994,37.8703,1,3680cnr
2025-07-09 02:24:00,12.463994,37.8703,1,3680cnr
2025-07-09 02:34:00,12.463994,37.8703,1,3680cnr
2025-07-09 02:44:00,12.463994,37.8703,1,3680cnr
2025-07-09 02:54:00,12.463994,37.8703,1,3680cnr
2025-07-09 03:04:00,12.463994,37.8703,1,3680cnr
2025-07-09 03:14:00,12.463994,37.8703,1,3680cnr
2025-07-09 03:24:00,12.463994,37.8703,1,3680cnr
2025-07-09 03:34:00,12.463994,37.8703,1,3680cnr
2025-07-09 03:44:00,12.463994,37.8703,1,3680cnr
2025-07-09 03:54:00,12.463994,37.8703,1,3680cnr
2025-07-09 04:04:00,12.463994,37.8703,1,3680cnr
2025-07-09 04:14:00,12.463994,37.8703,1,3680cnr
2025-07-09 04:24:00,12.463994,37.8703,1,3680cnr
2025-07-09 04:34:00,12.463994,37.8703,1,3680cnr
2025-07-09 04:44:00,12.463994,37.8703,1,3680cnr
2025-07-09 04:54:00,12.463994,37.8703,1,3680cnr
2025-07-09 05:04:00,12.463994,37.8703,1,3680cnr
2025-07-09 05:14:00,12.463994,37.8703,1,3680cnr
2025-07-09 05:24:00,12.463994,37.8703,1,3680cnr
2025-07-09 05:34:00,12.463994,37.8703,1,3680cnr
2025-07-09 05:44:00,12.463994,37.8703,1,3680cnr
2025-07-09 05:54:00,12.463994,37.8703,1,3680cnr
2025-07-09 06:04:00,12.463994,37.8703,1,3680cnr
2025-07-09 06:14:00,12.463994,37.8703,1,3680cnr
2025-07-09 06:24:00,12.463994,37.8703,1,3680cnr
2025-07-09 06:34:00,12.463994,37.8703,1,3680cnr
2025-07-09 06:44:00,12.463994,37.8703,1,3680cnr
2025-07-09 06:54:00,12.463994,37.8703,1,3680cnr
2025-07-09 07:04:00,12.463994,37.8703,1,3680cnr
2025-07-09 07:14:00,12.463994,37.8703,1,3680cnr
2025-07-09 07:24:00,12.463994,37.8703,1,3680cnr
2025-07-09 07:34:00,12.463994,37.8703,1,3680cnr
2025-07-09 07:44:00,12.463994,37.8703,1,3680cnr
2025-07-09 07:54:00,12.463994,37.8703,1,3680cnr
2025-07-09 08:04:00,12.463994,37.8703,1,3680cnr
2025-07-09 08:14:00,12.463994,37.8703,1,3680cnr
2025-07-09 08:24:00,12.463994,37.8703,1,3680cnr
2025-07-09 08:34:00,12.463994,37.8703,1,3680cnr
2025-07-09 08:44:00,12.463994,37.8703,1,3680cnr
2025-07-09 08:54:00,12.463994,37.8703,1,3680cnr
2025-07-09 09:04:00,12.463994,37.8703,1,3680cnr
2025-07-09 09:14:00,12.463994,37.8703,1,3680cnr
2025-07-09 09:24:00,12.463994,37.8703,1,3680cnr
2025-07-09 09:34:00,12.463994,37.8703,1,3680cnr
2025-07-09 09:44:00,12.463994,37.8703,1,3680cnr
2025-07-09 09:54:00,12.463994,37.8703,1,3680cnr
2025-07-09 10:04:00,12.463994,37.8703,1,3680cnr
2025-07-09 10:14:00,12.463994,37.8703,1,3680cnr
2025-07-09 10:24:00,12.463994,37.8703,1,3680cnr
2025-07-09 10:34:00,12.463994,37.8703,1,3680cnr
2025-07-09 10:44:00,12.463994,37.8703,1,3680cnr
2025-07-09 10:54:00,12.463994,37.8703,1,3680cnr
2025-07-09 11:04:00,12.463994,37.8703,1,3680cnr
2025-07-09 11:14:00,12.463994,37.8703,1,3680cnr
2025-07-09 11:24:00,12.463994,37.8703,1,3680cnr
2025-07-09 11:34:00,12.463994,37.8703,1,3680cnr
2025-07-09 11:44:00,12.463994,37.8703,1,3680cnr
2025-07-09 11:54:00,12.463994,37.8703,1,3680cnr
2025-07-09 12:04:00,12.463994,37.8703,1,3680cnr
2025-07-09 12:14:00,12.463994,37.8703,1,3680cnr
2025-07-09 12:24:00,12.463994,37.8703,1,3680cnr
2025-07-09 12:34:00,12.463994,37.8703,1,3680cnr
2025-07-09 12:44:00,12.463994,37.8703,1,3680cnr
2025-07-09 12:54:00,12.463994,37.8703,1,3680cnr
2025-07-09 13:04:00,12.463994,37.8703,1,3680cnr
2025-07-09 13:14:00,12.463994,37.8703,1,3680cnr
2025-07-09 13:24:00,12.463994,37.8703,1,3680cnr
2025-07-09 13:34:00,12.463994,37.8703,1,3680cnr
2025-07-09 13:44:00,12.463994,37.8703,1,3680cnr
2025-07-09 13:54:00,12.463994,37.8703,1,3680cnr
2025-07-09 14:04:00,12.463994,37.8703,1,3680cnr
2025-07-09 14:14:00,12.463994,37.8703,1,3680cnr
2025-07-09 14:24:00,12.463994,37.8703,1,3680cnr
2025-07-09 14:34:00,12.463994,37.8703,1,3680cnr
2025-07-09 14:44:00,12.463994,37.8703,1,3680cnr
2025-07-09 14:54:00,12.463994,37.8703,1,3680cnr
2025-07-09 15:04:00,12.463994,37.8703,1,3680cnr
2025-07-09 15:14:00,12.463994,37.8703,1,3680cnr
2025-07-09 15:24:00,12.463994,37.8703,1,3680cnr
2025-07-09 15:34:00,12.463994,37.8703,1,3680cnr
2025-07-09 15:44:00,12.463994,37.8703,1,3680cnr
2025-07-09 15:54:00,12.463994,37.8703,1,3680cnr
2025-07-09 16:04:00,12.463994,37.8703,1,3680cnr
2025-07-09 16:14:00,12.463994,37.8703,1,3680cnr
2025-07-09 16:24:00,12.463994,37.8703,1,3680cnr
2025-07-09 16:34:00,12.463994,37.8703,1,3680cnr
2025-07-09 16:44:00,12.463994,37.8703,1,3680cnr
2025-07-09 16:54:00,12.463994,37.8703,1,3680cnr
2025-07-09 17:04:00,12.463994,37.8703,1,3680cnr
2025-07-09 17:14:00,12.463994,37.8703,1,3680cnr
2025-07-09 17:24:00,12.463994,37.8703,1,3680cnr
2025-07-09 17:34:00,12.463994,37.8703,1,3680cnr
2025-07-09 17:44:00,12.463994,37.8703,1,3680cnr
2025-07-09 17:54:00,12.463994,37.8703,1,3680cnr
2025-07-09 18:04:00,12.463994,37.8703,1,3680cnr
2025-07-09 18:14:00,12.463994,37.8703,1,3680cnr
2025-07-09 18:24:00,12.463994,37.8703,1,3680cnr
2025-07-09 18:34:00,12.463994,37.8703,1,3680cnr
2025-07-09 18:44:00,12.463994,37.8703,1,3680cnr
2025-07-09 18:54:00,12.463994,37.8703,1,3680cnr
2025-07-09 19:04:00,12.463994,37.8703,1,3680cnr
2025-07-09 19:14:00,12.463994,37.8703,1,3680cnr
2025-07-09 19:24:00,12.463994,37.8703,1,3680cnr
2025-07-09 19:34:00,12.463994,37.8703,1,3680cnr
2025-07-09 19:44:00,12.463994,37.8703,1,3680cnr
2025-07-09 19:54:00,12.463994,37.8703,1,3680cnr
2025-07-09 20:04:00,12.463994,37.8703,1,3680cnr
2025-07-09 20:14:00,12.463994,37.8703,1,3680cnr
2025-07-09 20:24:00,12.463994,37.8703,1,3680cnr
2025-07-09 20:34:00,12.463994,37.8703,1,3680cnr
2025-07-09 20:44:00,12.463994,37.8703,1,3680cnr
2025-07-09 20:54:00,12.463994,37.8703,1,3680cnr
2025-07-09 21:04:00,12.463994,37.8703,1,3680cnr
2025-07-09 21:14:00,12.463994,37.8703,1,3680cnr
2025-07-09 21:24:00,12.463994,37.8703,1,3680cnr
2025-07-09 21:34:00,12.463994,37.8703,1,3680cnr
2025-07-09 21:44:00,12.463994,37.8703,1,3680cnr
2025-07-09 21:54:00,12.463994,37.8703,1,3680cnr
2025-07-09 22:04:00,12.463994,37.8703,1,3680cnr
2025-07-09 22:14:00,12.463994,37.8703,1,3680cnr
2025-07-09 22:24:00,12.463994,37.8703,1,3680cnr
2025-07-09 22:34:00,12.463994,37.8703,1,3680cnr
2025-07-09 22:44:00,12.463994,37.8703,1,3680cnr
2025-07-09 22:54:00,12.463994,37.8703,1,3680cnr
2025-07-09 23:04:00,12.463994,37.8703,1,3680cnr
2025-07-09 23:14:00,12.463994,37.8703,1,3680cnr
2025-07-09 23:24:00,12.463994,37.8703,1,3680cnr
2025-07-09 23:34:00,12.463994,37.8703,1,3680cnr
2025-07-09 23:44:00,12.463994,37.8703,1,3680cnr
2025-07-09 23:54:00,12.463994,37.8703,1,3680cnr
2025-07-10 00:04:00,12.463994,37.8703,1,3680cnr
2025-07-08 07:44:00,12.45682,37.86798,2,1520
2025-07-08 07:54:00,12.457219,37.867893,2,1520
2025-07-08 08:04:00,12.45766,37.867817,2,1520
2025-07-08 08:14:00,12.458131,37.867737,2,1520
2025-07-08 08:24:00,12.458624,37.86764,2,1520
2025-07-08 08:34:00,12.459138,37.86753,2,1520
2025-07-08 08:44:00,12.459678,37.867397,2,1520
2025-07-08 08:54:00,12.46025,37.86725,2,1520
2025-07-08 09:04:00,12.460857,37.867096,2,1520
2025-07-08 09:14:00,12.461517,37.866955,2,1520
2025-07-08 09:24:00,12.4622345,37.86682,2,1520
2025-07-08 09:34:00,12.462608,37.86678,2,1520
2025-07-08 09:44:00,12.462608,37.86678,2,1520
2025-07-08 09:54:00,12.462608,37.86678,2,1520
2025-07-08 10:04:00,12.462608,37.86678,2,1520
2025-07-08 10:14:00,12.462608,37.86678,2,1520
2025-07-08 10:24:00,12.462608,37.86678,2,1520
2025-07-08 10:34:00,12.462608,37.86678,2,1520
2025-07-08 10:44:00,12.462608,37.86678,2,1520
2025-07-08 10:54:00,12.462608,37.86678,2,1520
2025-07-08 11:04:00,12.462608,37.86678,2,1520
2025-07-08 11:14:00,12.462608,37.86678,2,1520
2025-07-08 11:24:00,12.462608,37.86678,2,1520
2025-07-08 11:34:00,12.462608,37.86678,2,1520
2025-07-08 11:44:00,12.462608,37.86678,2,1520
2025-07-08 11:54:00,12.462608,37.86678,2,1520
2025-07-08 12:04:00,12.462846,37.866665,2,1520
2025-07-08 12:14:00,12.462846,37.866665,2,1520
2025-07-08 12:24:00,12.462846,37.866665,2,1520
2025-07-08 12:34:00,12.462846,37.866665,2,1520
2025-07-08 12:44:00,12.462846,37.866665,2,1520
2025-07-08 12:54:00,12.462846,37.866665,2,1520
2025-07-08 13:04:00,12.462846,37.866665,2,1520
2025-07-08 13:14:00,12.462846,37.866665,2,1520
2025-07-08 13:24:00,12.462846,37.866665,2,1520
2025-07-08 13:34:00,12.462846,37.866665,2,1520
2025-07-08 13:44:00,12.462846,37.866665,2,1520
2025-07-08 13:54:00,12.462846,37.866665,2,1520
2025-07-08 14:04:00,12.462846,37.866665,2,1520
2025-07-08 14:14:00,12.462846,37.866665,2,1520
2025-07-08 14:24:00,12.462846,37.866665,2,1520
2025-07-08 14:34:00,12.462846,37.866665,2,1520
2025-07-08 14:44:00,12.462846,37.866665,2,1520
2025-07-08 14:54:00,12.462846,37.866665,2,1520
2025-07-08 15:04:00,12.462846,37.866665,2,1520
2025-07-08 15:14:00,12.462846,37.866665,2,1520
2025-07-08 15:24:00,12.462846,37.866665,2,1520
2025-07-08 15:34:00,12.462846,37.866665,2,1520
2025-07-08 15:44:00,12.462846,37.866665,2,1520
2025-07-08 15:54:00,12.462846,37.866665,2,1520
2025-07-08 16:04:00,12.462846,37.866665,2,1520
2025-07-08 16:14:00,12.462846,37.866665,2,1520
2025-07-08 16:24:00,12.462846,37.866665,2,1520
2025-07-08 16:34:00,12.462846,37.866665,2,1520
2025-07-08 16:44:00,12.462846,37.866665,2,1520
2025-07-08 16:54:00,12.462846,37.866665,2,1520
2025-07-08 17:04:00,12.462846,37.866665,2,1520
2025-07-08 17:14:00,12.462846,37.866665,2,1520
2025-07-08 17:24:00,12.462846,37.866665,2,1520
2025-07-08 17:34:00,12.462846,37.866665,2,1520
2025-07-08 17:44:00,12.462846,37.866665,2,1520
2025-07-08 17:54:00,12.462846,37.866665,2,1520
2025-07-08 18:04:00,12.462846,37.866665,2,1520
2025-07-08 18:14:00,12.462846,37.866665,2,1520
2025-07-08 18:24:00,12.462846,37.866665,2,1520
2025-07-08 18:34:00,12.462846,37.866665,2,1520
2025-07-08 18:44:00,12.462846,37.866665,2,1520
2025-07-08 18:54:00,12.462846,37.866665,2,1520
2025-07-08 19:04:00,12.462846,37.866665,2,1520
2025-07-08 19:14:00,12.462846,37.866665,2,1520
2025-07-08 19:24:00,12.462846,37.866665,2,1520
2025-07-08 19:34:00,12.462846,37.866665,2,1520
2025-07-08 19:44:00,12.462846,37.866665,2,1520
2025-07-08 19:54:00,12.462846,37.866665,2,1520
2025-07-08 20:04:00,12.462846,37.866665,2,1520
2025-07-08 20:14:00,12.462846,37.866665,2,1520
2025-07-08 20:24:00,12.462846,37.866665,2,1520
2025-07-08 20:34:00,12.462846,37.866665,2,1520
2025-07-08 20:44:00,12.462846,37.866665,2,1520
2025-07-08 20:54:00,12.462846,37.866665,2,1520
2025-07-08 21:04:00,12.462846,37.866665,2,1520
2025-07-08 21:14:00,12.462846,37.866665,2,1520
2025-07-08 21:24:00,12.462846,37.866665,2,1520
2025-07-08 21:34:00,12.462846,37.866665,2,1520
2025-07-08 21:44:00,12.462846,37.866665,2,1520
2025-07-08 21:54:00,12.462846,37.866665,2,1520
2025-07-08 22:04:00,12.462846,37.866665,2,1520
2025-07-08 22:14:00,12.462846,37.866665,2,1520
2025-07-08 22:24:00,12.462846,37.866665,2,1520
2025-07-08 22:34:00,12.462846,37.866665,2,1520
2025-07-08 22:44:00,12.462846,37.866665,2,1520
2025-07-08 22:54:00,12.462846,37.866665,2,1520
2025-07-08 23:04:00,12.462846,37.866665,2,1520
2025-07-08 23:14:00,12.462846,37.866665,2,1520
2025-07-08 23:24:00,12.462846,37.866665,2,1520
2025-07-08 23:34:00,12.462846,37.866665,2,1520
2025-07-08 23:44:00,12.462846,37.866665,2,1520
2025-07-08 23:54:00,12.462846,37.866665,2,1520
2025-07-09 00:04:00,12.462846,37.866665,2,1520
2025-07-09 00:14:00,12.462846,37.866665,2,1520
2025-07-09 00:24:00,12.462846,37.866665,2,1520
2025-07-09 00:34:00,12.462846,37.866665,2,1520
2025-07-09 00:44:00,12.462846,37.866665,2,1520
2025-07-09 00:54:00,12.462846,37.866665,2,1520
2025-07-09 01:04:00,12.462846,37.866665,2,1520
2025-07-09 01:14:00,12.462846,37.866665,2,1520
2025-07-09 01:24:00,12.462846,37.866665,2,1520
2025-07-09 01:34:00,12.462846,37.866665,2,1520
2025-07-09 01:44:00,12.462846,37.866665,2,1520
2025-07-09 01:54:00,12.462846,37.866665,2,1520
2025-07-09 02:04:00,12.462846,37.866665,2,1520
2025-07-09 02:14:00,12.462846,37.866665,2,1520
2025-07-09 02:24:00,12.462846,37.866665,2,1520
2025-07-09 02:34:00,12.462846,37.866665,2,1520
2025-07-09 02:44:00,12.462846,37.866665,2,1520
2025-07-09 02:54:00,12.462846,37.866665,2,1520
2025-07-09 03:04:00,12.462846,37.866665,2,1520
2025-07-09 03:14:00,12.462846,37.866665,2,1520
2025-07-09 03:24:00,12.462846,37.866665,2,1520
2025-07-09 03:34:00,12.462846,37.866665,2,1520
2025-07-09 03:44:00,12.462846,37.866665,2,1520
2025-07-09 03:54:00,12.462846,37.866665,2,1520
2025-07-09 04:04:00,12.462846,37.866665,2,1520
2025-07-09 04:14:00,12.462846,37.866665,2,1520
2025-07-09 04:24:00,12.462846,37.866665,2,1520
2025-07-09 04:34:00,12.462846,37.866665,2,1520
2025-07-09 04:44:00,12.462846,37.866665,2,1520
2025-07-09 04:54:00,12.462846,37.866665,2,1520
2025-07-09 05:04:00,12.462846,37.866665,2,1520
2025-07-09 05:14:00,12.462846,37.866665,2,1520
2025-07-09 05:24:00,12.462846,37.866665,2,1520
2025-07-09 05:34:00,12.462846,37.866665,2,1520
2025-07-09 05:44:00,12.462846,37.866665,2,1520
2025-07-09 05:54:00,12.462846,37.866665,2,1520
2025-07-09 06:04:00,12.462846,37.866665,2,1520
2025-07-09 06:14:00,12.462846,37.866665,2,1520
2025-07-09 06:24:00,12.462846,37.866665,2,1520
2025-07-09 06:34:00,12.462846,37.866665,2,1520
2025-07-09 06:44:00,12.462846,37.866665,2,1520
2025-07-09 06:54:00,12.462846,37.866665,2,1520
2025-07-09 07:04:00,12.462846,37.866665,2,1520
2025-07-09 07:14:00,12.462846,37.866665,2,1520
2025-07-09 07:24:00,12.462846,37.866665,2,1520
2025-07-09 07:34:00,12.462846,37.866665,2,1520
2025-07-09 07:44:00,12.462846,37.866665,2,1520
2025-07-09 07:54:00,12.462846,37.866665,2,1520
2025-07-09 08:04:00,12.462846,37.866665,2,1520
2025-07-09 08:14:00,12.462846,37.866665,2,1520
2025-07-09 08:24:00,12.462846,37.866665,2,1520
2025-07-09 08:34:00,12.462846,37.866665,2,1520
2025-07-09 08:44:00,12.462846,37.866665,2,1520
2025-07-09 08:54:00,12.462846,37.866665,2,1520
2025-07-09 09:04:00,12.462846,37.866665,2,1520
2025-07-09 09:14:00,12.462846,37.866665,2,1520
2025-07-09 09:24:00,12.462846,37.866665,2,1520
2025-07-09 09:34:00,12.462846,37.866665,2,1520
2025-07-09 09:44:00,12.462846,37.866665,2,1520
2025-07-09 09:54:00,12.462846,37.866665,2,1520
2025-07-09 10:04:00,12.462846,37.866665,2,1520
2025-07-09 10:14:00,12.462846,37.866665,2,1520
2025-07-09 10:24:00,12.462846,37.866665,2,1520
2025-07-09 10:34:00,12.462846,37.866665,2,1520
2025-07-09 10:44:00,12.462846,37.866665,2,1520
2025-07-09 10:54:00,12.462846,37.866665,2,1520
2025-07-09 11:04:00,12.462846,37.866665,2,1520
2025-07-09 11:14:00,12.462846,37.866665,2,1520
2025-07-09 11:24:00,12.462846,37.866665,2,1520
2025-07-09 11:34:00,12.462846,37.866665,2,1520
2025-07-09 11:44:00,12.462846,37.866665,2,1520
2025-07-09 11:54:00,12.462846,37.866665,2,1520
2025-07-09 12:04:00,12.462846,37.866665,2,1520
2025-07-09 12:14:00,12.462846,37.866665,2,1520
2025-07-09 12:24:00,12.462846,37.866665,2,1520
2025-07-09 12:34:00,12.462846,37.866665,2,1520
2025-07-09 12:44:00,12.462846,37.866665,2,1520
2025-07-09 12:54:00,12.462846,37.866665,2,1520
2025-07-09 13:04:00,12.462846,37.866665,2,1520
2025-07-09 13:14:00,12.462846,37.866665,2,1520
2025-07-09 13:24:00,12.462846,37.866665,2,1520
2025-07-09 13:34:00,12.462846,37.866665,2,1520
2025-07-09 13:44:00,12.462846,37.866665,2,1520
2025-07-09 13:54:00,12.462846,37.866665,2,1520
2025-07-09 14:04:00,12.462896,37.865948,2,1520
2025-07-09 14:14:00,12.462896,37.865948,2,1520
2025-07-09 14:24:00,12.46287,37.864506,2,1520
2025-07-09 14:34:00,12.462713,37.86323,2,1520
2025-07-09 14:44:00,12.4624815,37.862057,2,1520
2025-07-09 14:54:00,12.46225,37.86094,2,1520
2025-07-09 15:04:00,12.462139,37.859783,2,1520
2025-07-09 15:14:00,12.4621525,37.85859,2,1520
2025-07-09 15:24:00,12.462235,37.857353,2,1520
2025-07-09 15:34:00,12.462307,37.85611,2,1520
2025-07-09 15:44:00,12.462313,37.854897,2,1520
2025-07-09 15:54:00,12.462197,37.853798,2,1520
2025-07-09 16:04:00,12.46203,37.852806,2,1520
2025-07-09 16:14:00,12.461906,37.85191,2,1520
2025-07-09 16:24:00,12.461835,37.851086,2,1520
2025-07-09 16:34:00,12.461812,37.85032,2,1520
2025-07-09 16:44:00,12.461806,37.84955,2,1520
2025-07-09 16:54:00,12.461786,37.84874,2,1520
2025-07-09 17:04:00,12.46175,37.84788,2,1520
2025-07-09 17:14:00,12.461682,37.846992,2,1520
2025-07-09 17:24:00,12.461571,37.84607,2,1520
2025-07-09 17:34:00,12.461425,37.84511,2,1520
2025-07-09 17:44:00,12.461345,37.844616,2,1520
2025-07-09 17:54:00,12.461345,37.844616,2,1520
2025-07-09 18:04:00,12.461345,37.844616,2,1520
2025-07-09 18:14:00,12.461345,37.844616,2,1520
2025-07-09 18:24:00,12.461345,37.844616,2,1520
2025-07-09 18:34:00,12.461345,37.844616,2,1520
2025-07-09 18:44:00,12.461345,37.844616,2,1520
2025-07-09 18:54:00,12.461345,37.844616,2,1520
2025-07-09 19:04:00,12.461345,37.844616,2,1520
2025-07-09 19:14:00,12.461345,37.844616,2,1520
2025-07-09 19:24:00,12.461345,37.844616,2,1520
2025-07-09 19:34:00,12.461345,37.844616,2,1520
2025-07-09 19:44:00,12.461345,37.844616,2,1520
2025-07-09 19:54:00,12.461345,37.844616,2,1520
2025-07-09 20:04:00,12.461345,37.844616,2,1520
2025-07-09 20:14:00,12.461345,37.844616,2,1520
2025-07-09 20:24:00,12.461345,37.844616,2,1520
2025-07-09 20:34:00,12.461345,37.844616,2,1520
2025-07-09 20:44:00,12.461345,37.844616,2,1520
2025-07-09 20:54:00,12.461345,37.844616,2,1520
2025-07-09 21:04:00,12.461345,37.844616,2,1520
2025-07-09 21:14:00,12.461345,37.844616,2,1520
2025-07-09 21:24:00,12.461345,37.844616,2,1520
2025-07-09 21:34:00,12.461345,37.844616,2,1520
2025-07-09 21:44:00,12.461345,37.844616,2,1520
2025-07-09 21:54:00,12.461345,37.844616,2,1520
2025-07-09 22:04:00,12.461345,37.844616,2,1520
2025-07-09 22:14:00,12.461345,37.844616,2,1520
2025-07-09 22:24:00,12.461345,37.844616,2,1520
2025-07-09 22:34:00,12.461345,37.844616,2,1520
2025-07-09 22:44:00,12.461345,37.844616,2,1520
2025-07-09 22:54:00,12.461345,37.844616,2,1520
2025-07-09 23:04:00,12.461345,37.844616,2,1520
2025-07-09 23:14:00,12.461345,37.844616,2,1520
2025-07-09 23:24:00,12.461345,37.844616,2,1520
2025-07-09 23:34:00,12.461345,37.844616,2,1520
2025-07-09 23:44:00,12.461345,37.844616,2,1520
2025-07-09 23:54:00,12.461345,37.844616,2,1520
2025-07-10 00:04:00,12.461376,37.844315,2,1520
2025-07-08 07:54:00,12.457169,37.868065,2,540
2025-07-08 08:04:00,12.457595,37.867992,2,540
2025-07-08 08:14:00,12.45805,37.867912,2,540
2025-07-08 08:24:00,12.458527,37.867817,2,540
2025-07-08 08:34:00,12.4590225,37.867702,2,540
2025-07-08 08:44:00,12.459543,37.867573,2,540
2025-07-08 08:54:00,12.460093,37.86742,2,540
2025-07-08 09:04:00,12.460677,37.867264,2,540
2025-07-08 09:14:00,12.461315,37.86711,2,540
2025-07-08 09:24:00,12.462013,37.86697,2,540
2025-07-08 09:34:00,12.462383,37.866905,2,540
2025-07-08 09:44:00,12.462383,37.866905,2,540
2025-07-08 09:54:00,12.462383,37.866905,2,540
2025-07-08 10:04:00,12.462383,37.866905,2,540
2025-07-08 10:14:00,12.462383,37.866905,2,540
2025-07-08 10:24:00,12.462383,37.866905,2,540
2025-07-08 10:34:00,12.462383,37.866905,2,540
2025-07-08 10:44:00,12.462383,37.866905,2,540
2025-07-08 10:54:00,12.462383,37.866905,2,540
2025-07-08 11:04:00,12.462383,37.866905,2,540
2025-07-08 11:14:00,12.462383,37.866905,2,540
2025-07-08 11:24:00,12.462383,37.866905,2,540
2025-07-08 11:34:00,12.462383,37.866905,2,540
2025-07-08 11:44:00,12.462677,37.86683,2,540
2025-07-08 11:54:00,12.462677,37.86683,2,540
2025-07-08 12:04:00,12.462677,37.86683,2,540
2025-07-08 12:14:00,12.462677,37.86683,2,540
2025-07-08 12:24:00,12.462677,37.86683,2,540
2025-07-08 12:34:00,12.462677,37.86683,2,540
2025-07-08 12:44:00,12.462677,37.86683,2,540
2025-07-08 12:54:00,12.462677,37.86683,2,540
2025-07-08 13:04:00,12.462677,37.86683,2,540
2025-07-08 13:14:00,12.462677,37.86683,2,540
2025-07-08 13:24:00,12.462677,37.86683,2,540
2025-07-08 13:34:00,12.462677,37.86683,2,540
2025-07-08 13:44:00,12.462677,37.86683,2,540
2025-07-08 13:54:00,12.462677,37.86683,2,540
2025-07-08 14:04:00,12.462677,37.86683,2,540
2025-07-08 14:14:00,12.462677,37.86683,2,540
2025-07-08 14:24:00,12.462677,37.86683,2,540
2025-07-08 14:34:00,12.462677,37.86683,2,540
2025-07-08 14:44:00,12.462677,37.86683,2,540
2025-07-08 14:54:00,12.462677,37.86683,2,540
2025-07-08 15:04:00,12.462677,37.86683,2,540
2025-07-08 15:14:00,12.462677,37.86683,2,540
2025-07-08 15:24:00,12.462677,37.86683,2,540
2025-07-08 15:34:00,12.462677,37.86683,2,540
2025-07-08 15:44:00,12.462677,37.86683,2,540
2025-07-08 15:54:00,12.462677,37.86683,2,540
2025-07-08 16:04:00,12.462677,37.86683,2,540
2025-07-08 16:14:00,12.462677,37.86683,2,540
2025-07-08 16:24:00,12.462677,37.86683,2,540
2025-07-08 16:34:00,12.462677,37.86683,2,540
2025-07-08 16:44:00,12.462677,37.86683,2,540
2025-07-08 16:54:00,12.462677,37.86683,2,540
2025-07-08 17:04:00,12.462677,37.86683,2,540
2025-07-08 17:14:00,12.462677,37.86683,2,540
2025-07-08 17:24:00,12.462677,37.86683,2,540
2025-07-08 17:34:00,12.462677,37.86683,2,540
2025-07-08 17:44:00,12.462677,37.86683,2,540
2025-07-08 17:54:00,12.462677,37.86683,2,540
2025-07-08 18:04:00,12.462677,37.86683,2,540
2025-07-08 18:14:00,12.462677,37.86683,2,540
2025-07-08 18:24:00,12.462677,37.86683,2,540
2025-07-08 18:34:00,12.462677,37.86683,2,540
2025-07-08 18:44:00,12.462677,37.86683,2,540
2025-07-08 18:54:00,12.462677,37.86683,2,540
2025-07-08 19:04:00,12.462677,37.86683,2,540
2025-07-08 19:14:00,12.462677,37.86683,2,540
2025-07-08 19:24:00,12.462677,37.86683,2,540
2025-07-08 19:34:00,12.462677,37.86683,2,540
2025-07-08 19:44:00,12.462677,37.86683,2,540
2025-07-08 19:54:00,12.462677,37.86683,2,540
2025-07-08 20:04:00,12.462677,37.86683,2,540
2025-07-08 20:14:00,12.462677,37.86683,2,540
2025-07-08 20:24:00,12.462677,37.86683,2,540
2025-07-08 20:34:00,12.462677,37.86683,2,540
2025-07-08 20:44:00,12.462677,37.86683,2,540
2025-07-08 20:54:00,12.462677,37.86683,2,540
2025-07-08 21:04:00,12.462677,37.86683,2,540
2025-07-08 21:14:00,12.462677,37.86683,2,540
2025-07-08 21:24:00,12.462677,37.86683,2,540
2025-07-08 21:34:00,12.462677,37.86683,2,540
2025-07-08 21:44:00,12.462677,37.86683,2,540
2025-07-08 21:54:00,12.462677,37.86683,2,540
2025-07-08 22:04:00,12.462677,37.86683,2,540
2025-07-08 22:14:00,12.462677,37.86683,2,540
2025-07-08 22:24:00,12.462677,37.86683,2,540
2025-07-08 22:34:00,12.462677,37.86683,2,540
2025-07-08 22:44:00,12.462677,37.86683,2,540
2025-07-08 22:54:00,12.462677,37.86683,2,540
2025-07-08 23:04:00,12.462677,37.86683,2,540
2025-07-08 23:14:00,12.462677,37.86683,2,540
2025-07-08 23:24:00,12.462677,37.86683,2,540
2025-07-08 23:34:00,12.462677,37.86683,2,540
2025-07-08 23:44:00,12.462677,37.86683,2,540
2025-07-08 23:54:00,12.462677,37.86683,2,540
2025-07-09 00:04:00,12.462677,37.86683,2,540
2025-07-09 00:14:00,12.462677,37.86683,2,540
2025-07-09 00:24:00,12.462677,37.86683,2,540
2025-07-09 00:34:00,12.462677,37.86683,2,540
2025-07-09 00:44:00,12.462677,37.86683,2,540
2025-07-09 00:54:00,12.462677,37.86683,2,540
2025-07-09 01:04:00,12.462677,37.86683,2,540
2025-07-09 01:14:00,12.462677,37.86683,2,540
2025-07-09 01:24:00,12.462677,37.86683,2,540
2025-07-09 01:34:00,12.462677,37.86683,2,540
2025-07-09 01:44:00,12.462677,37.86683,2,540
2025-07-09 01:54:00,12.462677,37.86683,2,540
2025-07-09 02:04:00,12.462677,37.86683,2,540
2025-07-09 02:14:00,12.462677,37.86683,2,540
2025-07-09 02:24:00,12.462677,37.86683,2,540
2025-07-09 02:34:00,12.462677,37.86683,2,540
2025-07-09 02:44:00,12.462677,37.86683,2,540
2025-07-09 02:54:00,12.462677,37.86683,2,540
2025-07-09 03:04:00,12.462677,37.86683,2,540
2025-07-09 03:14:00,12.462677,37.86683,2,540
2025-07-09 03:24:00,12.462677,37.86683,2,540
2025-07-09 03:34:00,12.462677,37.86683,2,540
2025-07-09 03:44:00,12.462677,37.86683,2,540
2025-07-09 03:54:00,12.462677,37.86683,2,540
2025-07-09 04:04:00,12.462677,37.86683,2,540
2025-07-09 04:14:00,12.462677,37.86683,2,540
2025-07-09 04:24:00,12.462677,37.86683,2,540
2025-07-09 04:34:00,12.462677,37.86683,2,540
2025-07-09 04:44:00,12.462677,37.86683,2,540
2025-07-09 04:54:00,12.462677,37.86683,2,540
2025-07-09 05:04:00,12.462677,37.86683,2,540
2025-07-09 05:14:00,12.462677,37.86683,2,540
2025-07-09 05:24:00,12.462677,37.86683,2,540
2025-07-09 05:34:00,12.462677,37.86683,2,540
2025-07-09 05:44:00,12.462677,37.86683,2,540
2025-07-09 05:54:00,12.462677,37.86683,2,540
2025-07-09 06:04:00,12.462677,37.86683,2,540
2025-07-09 06:14:00,12.462677,37.86683,2,540
2025-07-09 06:24:00,12.462677,37.86683,2,540
2025-07-09 06:34:00,12.462677,37.86683,2,540
2025-07-09 06:44:00,12.462677,37.86683,2,540
2025-07-09 06:54:00,12.462677,37.86683,2,540
2025-07-09 07:04:00,12.462677,37.86683,2,540
2025-07-09 07:14:00,12.462677,37.86683,2,540
2025-07-09 07:24:00,12.462677,37.86683,2,540
2025-07-09 07:34:00,12.462677,37.86683,2,540
2025-07-09 07:44:00,12.462677,37.86683,2,540
2025-07-09 07:54:00,12.462894,37.86612,2,540
2025-07-09 08:04:00,12.462894,37.86612,2,540
2025-07-09 08:14:00,12.462894,37.86612,2,540
2025-07-09 08:24:00,12.462894,37.86612,2,540
2025-07-09 08:34:00,12.462894,37.86612,2,540
2025-07-09 08:44:00,12.462894,37.86612,2,540
2025-07-09 08:54:00,12.462894,37.86612,2,540
2025-07-09 09:04:00,12.462894,37.86612,2,540
2025-07-09 09:14:00,12.462894,37.86612,2,540
2025-07-09 09:24:00,12.462894,37.86612,2,540
2025-07-09 09:34:00,12.462894,37.86612,2,540
2025-07-09 09:44:00,12.462894,37.86612,2,540
2025-07-09 09:54:00,12.462894,37.86612,2,540
2025-07-09 10:04:00,12.462894,37.86612,2,540
2025-07-09 10:14:00,12.462894,37.86612,2,540
2025-07-09 10:24:00,12.462894,37.86612,2,540
2025-07-09 10:34:00,12.462894,37.86612,2,540
2025-07-09 10:44:00,12.462894,37.86612,2,540
2025-07-09 10:54:00,12.462894,37.86612,2,540
2025-07-09 11:04:00,12.462894,37.86612,2,540
2025-07-09 11:14:00,12.462894,37.86612,2,540
2025-07-09 11:24:00,12.462894,37.86612,2,540
2025-07-09 11:34:00,12.462894,37.86612,2,540
2025-07-09 11:44:00,12.462894,37.86612,2,540
2025-07-09 11:54:00,12.462894,37.86612,2,540
2025-07-09 12:04:00,12.462894,37.86612,2,540
2025-07-09 12:14:00,12.462894,37.86612,2,540
2025-07-09 12:24:00,12.462894,37.86612,2,540
2025-07-09 12:34:00,12.462894,37.86612,2,540
2025-07-09 12:44:00,12.462894,37.86612,2,540
2025-07-09 12:54:00,12.462894,37.86612,2,540
2025-07-09 13:04:00,12.462894,37.86612,2,540
2025-07-09 13:14:00,12.462894,37.86612,2,540
2025-07-09 13:24:00,12.462894,37.86612,2,540
2025-07-09 13:34:00,12.462894,37.86612,2,540
2025-07-09 13:44:00,12.462894,37.86612,2,540
2025-07-09 13:54:00,12.462894,37.86612,2,540
2025-07-09 14:04:00,12.462894,37.86612,2,540
2025-07-09 14:14:00,12.462894,37.86612,2,540
2025-07-09 14:24:00,12.462879,37.86465,2,540
2025-07-09 14:34:00,12.46273,37.863358,2,540
2025-07-09 14:44:00,12.462499,37.862175,2,540
2025-07-09 14:54:00,12.462258,37.86105,2,540
2025-07-09 15:04:00,12.4621315,37.859898,2,540
2025-07-09 15:14:00,12.46214,37.85871,2,540
2025-07-09 15:24:00,12.462221,37.857483,2,540
2025-07-09 15:34:00,12.462297,37.85624,2,540
2025-07-09 15:44:00,12.462312,37.855022,2,540
2025-07-09 15:54:00,12.462208,37.853916,2,540
2025-07-09 16:04:00,12.462038,37.85292,2,540
2025-07-09 16:14:00,12.461909,37.852013,2,540
2025-07-09 16:24:00,12.461833,37.851185,2,540
2025-07-09 16:34:00,12.461805,37.850414,2,540
2025-07-09 16:44:00,12.461797,37.84964,2,540
2025-07-09 16:54:00,12.461777,37.84883,2,540
2025-07-09 17:04:00,12.46174,37.847973,2,540
2025-07-09 17:14:00,12.461673,37.847088,2,540
2025-07-09 17:24:00,12.461562,37.846165,2,540
2025-07-09 17:34:00,12.461416,37.84521,2,540
2025-07-09 17:44:00,12.461248,37.84421,2,540
2025-07-09 17:54:00,12.461248,37.84421,2,540
2025-07-09 18:04:00,12.461248,37.84421,2,540
2025-07-09 18:14:00,12.461248,37.84421,2,540
2025-07-09 18:24:00,12.461248,37.84421,2,540
2025-07-09 18:34:00,12.461248,37.84421,2,540
2025-07-09 18:44:00,12.461248,37.84421,2,540
2025-07-09 18:54:00,12.461248,37.84421,2,540
2025-07-09 19:04:00,12.461248,37.84421,2,540
2025-07-09 19:14:00,12.461248,37.84421,2,540
2025-07-09 19:24:00,12.461248,37.84421,2,540
2025-07-09 19:34:00,12.461248,37.84421,2,540
2025-07-09 19:44:00,12.461248,37.84421,2,540
2025-07-09 19:54:00,12.461248,37.84421,2,540
2025-07-09 20:04:00,12.461248,37.84421,2,540
2025-07-09 20:14:00,12.461248,37.84421,2,540
2025-07-09 20:24:00,12.461248,37.84421,2,540
2025-07-09 20:34:00,12.461248,37.84421,2,540
2025-07-09 20:44:00,12.461248,37.84421,2,540
2025-07-09 20:54:00,12.461248,37.84421,2,540
2025-07-09 21:04:00,12.461248,37.84421,2,540
2025-07-09 21:14:00,12.461248,37.84421,2,540
2025-07-09 21:24:00,12.461248,37.84421,2,540
2025-07-09 21:34:00,12.461248,37.84421,2,540
2025-07-09 21:44:00,12.461248,37.84421,2,540
2025-07-09 21:54:00,12.461248,37.84421,2,540
2025-07-09 22:04:00,12.461248,37.84421,2,540
2025-07-09 22:14:00,12.461248,37.84421,2,540
2025-07-09 22:24:00,12.461248,37.84421,2,540
2025-07-09 22:34:00,12.461248,37.84421,2,540
2025-07-09 22:44:00,12.461248,37.84421,2,540
2025-07-09 22:54:00,12.461248,37.84421,2,540
2025-07-09 23:04:00,12.461248,37.84421,2,540
2025-07-09 23:14:00,12.461248,37.84421,2,540
2025-07-09 23:24:00,12.461248,37.84421,2,540
2025-07-09 23:34:00,12.461248,37.84421,2,540
2025-07-09 23:44:00,12.461248,37.84421,2,540
2025-07-09 23:54:00,12.461248,37.84421,2,540
2025-07-10 00:04:00,12.461248,37.84421,2,540
2025-07-08 07:44:00,12.45682,37.86801,2,7510
2025-07-08 07:54:00,12.457217,37.86792,2,7510
2025-07-08 08:04:00,12.457655,37.867847,2,7510
2025-07-08 08:14:00,12.458123,37.867767,2,7510
2025-07-08 08:24:00,12.458613,37.867672,2,7510
2025-07-08 08:34:00,12.459125,37.867558,2,7510
2025-07-08 08:44:00,12.4596615,37.867428,2,7510
2025-07-08 08:54:00,12.460229,37.86728,2,7510
2025-07-08 09:04:00,12.460834,37.867126,2,7510
2025-07-08 09:14:00,12.46149,37.86698,2,7510
2025-07-08 09:24:00,12.462203,37.866848,2,7510
2025-07-08 09:34:00,12.462577,37.866802,2,7510
2025-07-08 09:44:00,12.462577,37.866802,2,7510
2025-07-08 09:54:00,12.462577,37.866802,2,7510
2025-07-08 10:04:00,12.462577,37.866802,2,7510
2025-07-08 10:14:00,12.462577,37.866802,2,7510
2025-07-08 10:24:00,12.462577,37.866802,2,7510
2025-07-08 10:34:00,12.462577,37.866802,2,7510
2025-07-08 10:44:00,12.462577,37.866802,2,7510
2025-07-08 10:54:00,12.462577,37.866802,2,7510
2025-07-08 11:04:00,12.462577,37.866802,2,7510
2025-07-08 11:14:00,12.462577,37.866802,2,7510
2025-07-08 11:24:00,12.462577,37.866802,2,7510
2025-07-08 11:34:00,12.462577,37.866802,2,7510
2025-07-08 11:44:00,12.462577,37.866802,2,7510
2025-07-08 11:54:00,12.462577,37.866802,2,7510
2025-07-08 12:04:00,12.462824,37.866695,2,7510
2025-07-08 12:14:00,12.462824,37.866695,2,7510
2025-07-08 12:24:00,12.462824,37.866695,2,7510
2025-07-08 12:34:00,12.462824,37.866695,2,7510
2025-07-08 12:44:00,12.462824,37.866695,2,7510
2025-07-08 12:54:00,12.462824,37.866695,2,7510
2025-07-08 13:04:00,12.462824,37.866695,2,7510
2025-07-08 13:14:00,12.462824,37.866695,2,7510
2025-07-08 13:24:00,12.462824,37.866695,2,7510
2025-07-08 13:34:00,12.462824,37.866695,2,7510
2025-07-08 13:44:00,12.462824,37.866695,2,7510
2025-07-08 13:54:00,12.462824,37.866695,2,7510
2025-07-08 14:04:00,12.462824,37.866695,2,7510
2025-07-08 14:14:00,12.462824,37.866695,2,7510
2025-07-08 14:24:00,12.462824,37.866695,2,7510
2025-07-08 14:34:00,12.462824,37.866695,2,7510
2025-07-08 14:44:00,12.462824,37.866695,2,7510
2025-07-08 14:54:00,12.462824,37.866695,2,7510
2025-07-08 15:04:00,12.462824,37.866695,2,7510
2025-07-08 15:14:00,12.462824,37.866695,2,7510
2025-07-08 15:24:00,12.462824,37.866695,2,7510
2025-07-08 15:34:00,12.462824,37.866695,2,7510
2025-07-08 15:44:00,12.462824,37.866695,2,7510
2025-07-08 15:54:00,12.462824,37.866695,2,7510
2025-07-08 16:04:00,12.462824,37.866695,2,7510
2025-07-08 16:14:00,12.462824,37.866695,2,7510
2025-07-08 16:24:00,12.462824,37.866695,2,7510
2025-07-08 16:34:00,12.462824,37.866695,2,7510
2025-07-08 16:44:00,12.462824,37.866695,2,7510
2025-07-08 16:54:00,12.462824,37.866695,2,7510
2025-07-08 17:04:00,12.462824,37.866695,2,7510
2025-07-08 17:14:00,12.462824,37.866695,2,7510
2025-07-08 17:24:00,12.462824,37.866695,2,7510
2025-07-08 17:34:00,12.462824,37.866695,2,7510
2025-07-08 17:44:00,12.462824,37.866695,2,7510
2025-07-08 17:54:00,12.462824,37.866695,2,7510
2025-07-08 18:04:00,12.462824,37.866695,2,7510
2025-07-08 18:14:00,12.462824,37.866695,2,7510
2025-07-08 18:24:00,12.462824,37.866695,2,7510
2025-07-08 18:34:00,12.462824,37.866695,2,7510
2025-07-08 18:44:00,12.462824,37.866695,2,7510
2025-07-08 18:54:00,12.462824,37.866695,2,7510
2025-07-08 19:04:00,12.462824,37.866695,2,7510
2025-07-08 19:14:00,12.462824,37.866695,2,7510
2025-07-08 19:24:00,12.462824,37.866695,2,7510
2025-07-08 19:34:00,12.462824,37.866695,2,7510
2025-07-08 19:44:00,12.462824,37.866695,2,7510
2025-07-08 19:54:00,12.462824,37.866695,2,7510
2025-07-08 20:04:00,12.462824,37.866695,2,7510
2025-07-08 20:14:00,12.462824,37.866695,2,7510
2025-07-08 20:24:00,12.462824,37.866695,2,7510
2025-07-08 20:34:00,12.462824,37.866695,2,7510
2025-07-08 20:44:00,12.462824,37.866695,2,7510
2025-07-08 20:54:00,12.462824,37.866695,2,7510
2025-07-08 21:04:00,12.462824,37.866695,2,7510
2025-07-08 21:14:00,12.462824,37.866695,2,7510
2025-07-08 21:24:00,12.462824,37.866695,2,7510
2025-07-08 21:34:00,12.462824,37.866695,2,7510
2025-07-08 21:44:00,12.462824,37.866695,2,7510
2025-07-08 21:54:00,12.462824,37.866695,2,7510
2025-07-08 22:04:00,12.462824,37.866695,2,7510
2025-07-08 22:14:00,12.462824,37.866695,2,7510
2025-07-08 22:24:00,12.462824,37.866695,2,7510
2025-07-08 22:34:00,12.462824,37.866695,2,7510
2025-07-08 22:44:00,12.462824,37.866695,2,7510
2025-07-08 22:54:00,12.462824,37.866695,2,7510
2025-07-08 23:04:00,12.462824,37.866695,2,7510
2025-07-08 23:14:00,12.462824,37.866695,2,7510
2025-07-08 23:24:00,12.462824,37.866695,2,7510
2025-07-08 23:34:00,12.462824,37.866695,2,7510
2025-07-08 23:44:00,12.462824,37.866695,2,7510
2025-07-08 23:54:00,12.462824,37.866695,2,7510
2025-07-09 00:04:00,12.462824,37.866695,2,7510
2025-07-09 00:14:00,12.462824,37.866695,2,7510
2025-07-09 00:24:00,12.462824,37.866695,2,7510
2025-07-09 00:34:00,12.462824,37.866695,2,7510
2025-07-09 00:44:00,12.462824,37.866695,2,7510
2025-07-09 00:54:00,12.462824,37.866695,2,7510
2025-07-09 01:04:00,12.462824,37.866695,2,7510
2025-07-09 01:14:00,12.462824,37.866695,2,7510
2025-07-09 01:24:00,12.462824,37.866695,2,7510
2025-07-09 01:34:00,12.462824,37.866695,2,7510
2025-07-09 01:44:00,12.462824,37.866695,2,7510
2025-07-09 01:54:00,12.462824,37.866695,2,7510
2025-07-09 02:04:00,12.462824,37.866695,2,7510
2025-07-09 02:14:00,12.462824,37.866695,2,7510
2025-07-09 02:24:00,12.462824,37.866695,2,7510
2025-07-09 02:34:00,12.462824,37.866695,2,7510
2025-07-09 02:44:00,12.462824,37.866695,2,7510
2025-07-09 02:54:00,12.462824,37.866695,2,7510
2025-07-09 03:04:00,12.462824,37.866695,2,7510
2025-07-09 03:14:00,12.462824,37.866695,2,7510
2025-07-09 03:24:00,12.462824,37.866695,2,7510
2025-07-09 03:34:00,12.462824,37.866695,2,7510
2025-07-09 03:44:00,12.462824,37.866695,2,7510
2025-07-09 03:54:00,12.462824,37.866695,2,7510
2025-07-09 04:04:00,12.462824,37.866695,2,7510
2025-07-09 04:14:00,12.462824,37.866695,2,7510
2025-07-09 04:24:00,12.462824,37.866695,2,7510
2025-07-09 04:34:00,12.462824,37.866695,2,7510
2025-07-09 04:44:00,12.462824,37.866695,2,7510
2025-07-09 04:54:00,12.462824,37.866695,2,7510
2025-07-09 05:04:00,12.462824,37.866695,2,7510
2025-07-09 05:14:00,12.462824,37.866695,2,7510
2025-07-09 05:24:00,12.462824,37.866695,2,7510
2025-07-09 05:34:00,12.462824,37.866695,2,7510
2025-07-09 05:44:00,12.462824,37.866695,2,7510
2025-07-09 05:54:00,12.462824,37.866695,2,7510
2025-07-09 06:04:00,12.462824,37.866695,2,7510
2025-07-09 06:14:00,12.462824,37.866695,2,7510
2025-07-09 06:24:00,12.462824,37.866695,2,7510
2025-07-09 06:34:00,12.462824,37.866695,2,7510
2025-07-09 06:44:00,12.462824,37.866695,2,7510
2025-07-09 06:54:00,12.462824,37.866695,2,7510
2025-07-09 07:04:00,12.462824,37.866695,2,7510
2025-07-09 07:14:00,12.462824,37.866695,2,7510
2025-07-09 07:24:00,12.462824,37.866695,2,7510
2025-07-09 07:34:00,12.462824,37.866695,2,7510
2025-07-09 07:44:00,12.462824,37.866695,2,7510
2025-07-09 07:54:00,12.462824,37.866695,2,7510
2025-07-09 08:04:00,12.462824,37.866695,2,7510
2025-07-09 08:14:00,12.462824,37.866695,2,7510
2025-07-09 08:24:00,12.462824,37.866695,2,7510
2025-07-09 08:34:00,12.462824,37.866695,2,7510
2025-07-09 08:44:00,12.462824,37.866695,2,7510
2025-07-09 08:54:00,12.462824,37.866695,2,7510
2025-07-09 09:04:00,12.462824,37.866695,2,7510
2025-07-09 09:14:00,12.462824,37.866695,2,7510
2025-07-09 09:24:00,12.462824,37.866695,2,7510
2025-07-09 09:34:00,12.462824,37.866695,2,7510
2025-07-09 09:44:00,12.462824,37.866695,2,7510
2025-07-09 09:54:00,12.462824,37.866695,2,7510
2025-07-09 10:04:00,12.462824,37.866695,2,7510
2025-07-09 10:14:00,12.462824,37.866695,2,7510
2025-07-09 10:24:00,12.462824,37.866695,2,7510
2025-07-09 10:34:00,12.462824,37.866695,2,7510
2025-07-09 10:44:00,12.462824,37.866695,2,7510
2025-07-09 10:54:00,12.462824,37.866695,2,7510
2025-07-09 11:04:00,12.462824,37.866695,2,7510
2025-07-09 11:14:00,12.462824,37.866695,2,7510
2025-07-09 11:24:00,12.462824,37.866695,2,7510
2025-07-09 11:34:00,12.462824,37.866695,2,7510
2025-07-09 11:44:00,12.462824,37.866695,2,7510
2025-07-09 11:54:00,12.462824,37.866695,2,7510
2025-07-09 12:04:00,12.462824,37.866695,2,7510
2025-07-09 12:14:00,12.462824,37.866695,2,7510
2025-07-09 12:24:00,12.462824,37.866695,2,7510
2025-07-09 12:34:00,12.462824,37.866695,2,7510
2025-07-09 12:44:00,12.462824,37.866695,2,7510
2025-07-09 12:54:00,12.462824,37.866695,2,7510
2025-07-09 13:04:00,12.462824,37.866695,2,7510
2025-07-09 13:14:00,12.462824,37.866695,2,7510
2025-07-09 13:24:00,12.462824,37.866695,2,7510
2025-07-09 13:34:00,12.462824,37.866695,2,7510
2025-07-09 13:44:00,12.462824,37.866695,2,7510
2025-07-09 13:54:00,12.462885,37.865986,2,7510
2025-07-09 14:04:00,12.462885,37.865986,2,7510
2025-07-09 14:14:00,12.462893,37.86459,2,7510
2025-07-09 14:24:00,12.46278,37.863346,2,7510
2025-07-09 14:34:00,12.462595,37.862186,2,7510
2025-07-09 14:44:00,12.46239,37.861084,2,7510
2025-07-09 14:54:00,12.462276,37.859943,2,7510
2025-07-09 15:04:00,12.462266,37.858746,2,7510
2025-07-09 15:14:00,12.462324,37.857483,2,7510
2025-07-09 15:24:00,12.462391,37.856205,2,7510
2025-07-09 15:34:00,12.462411,37.854954,2,7510
2025-07-09 15:44:00,12.462312,37.853817,2,7510
2025-07-09 15:54:00,12.462154,37.85279,2,7510
2025-07-09 16:04:00,12.462025,37.851864,2,7510
2025-07-09 16:14:00,12.461942,37.851017,2,7510
2025-07-09 16:24:00,12.461911,37.850235,2,7510
2025-07-09 16:34:00,12.4619255,37.8495,2,7510
2025-07-09 16:44:00,12.461931,37.848747,2,7510
2025-07-09 16:54:00,12.461915,37.84795,2,7510
2025-07-09 17:04:00,12.461876,37.847084,2,7510
2025-07-09 17:14:00,12.461794,37.84617,2,7510
2025-07-09 17:24:00,12.461677,37.845215,2,7510
2025-07-09 17:34:00,12.461613,37.844734,2,7510
2025-07-09 17:44:00,12.461613,37.844734,2,7510
2025-07-09 17:54:00,12.461613,37.844734,2,7510
2025-07-09 18:04:00,12.461613,37.844734,2,7510
2025-07-09 18:14:00,12.461613,37.844734,2,7510
2025-07-09 18:24:00,12.461613,37.844734,2,7510
2025-07-09 18:34:00,12.461613,37.844734,2,7510
2025-07-09 18:44:00,12.461613,37.844734,2,7510
2025-07-09 18:54:00,12.461613,37.844734,2,7510
2025-07-09 19:04:00,12.461613,37.844734,2,7510
2025-07-09 19:14:00,12.461613,37.844734,2,7510
2025-07-09 19:24:00,12.461613,37.844734,2,7510
2025-07-09 19:34:00,12.461613,37.844734,2,7510
2025-07-09 19:44:00,12.461613,37.844734,2,7510
2025-07-09 19:54:00,12.461613,37.844734,2,7510
2025-07-09 20:04:00,12.461613,37.844734,2,7510
2025-07-09 20:14:00,12.461613,37.844734,2,7510
2025-07-09 20:24:00,12.461613,37.844734,2,7510
2025-07-09 20:34:00,12.461613,37.844734,2,7510
2025-07-09 20:44:00,12.461613,37.844734,2,7510
2025-07-09 20:54:00,12.461613,37.844734,2,7510
2025-07-09 21:04:00,12.461613,37.844734,2,7510
2025-07-09 21:14:00,12.461613,37.844734,2,7510
2025-07-09 21:24:00,12.461613,37.844734,2,7510
2025-07-09 21:34:00,12.461613,37.844734,2,7510
2025-07-09 21:44:00,12.461613,37.844734,2,7510
2025-07-09 21:54:00,12.461613,37.844734,2,7510
2025-07-09 22:04:00,12.461613,37.844734,2,7510
2025-07-09 22:14:00,12.461613,37.844734,2,7510
2025-07-09 22:24:00,12.461613,37.844734,2,7510
2025-07-09 22:34:00,12.461613,37.844734,2,7510
2025-07-09 22:44:00,12.461613,37.844734,2,7510
2025-07-09 22:54:00,12.461613,37.844734,2,7510
2025-07-09 23:04:00,12.461613,37.844734,2,7510
2025-07-09 23:14:00,12.461613,37.844734,2,7510
2025-07-09 23:24:00,12.461613,37.844734,2,7510
2025-07-09 23:34:00,12.461613,37.844734,2,7510
2025-07-09 23:44:00,12.461613,37.844734,2,7510
2025-07-09 23:54:00,12.461613,37.844734,2,7510
2025-07-10 00:04:00,12.461613,37.844734,2,7510
2025-07-08 07:44:00,12.44981,37.88916,3,2520
2025-07-08 07:54:00,12.450358,37.88909,3,2520
2025-07-08 08:04:00,12.450901,37.888973,3,2520
2025-07-08 08:14:00,12.451423,37.888786,3,2520
2025-07-08 08:24:00,12.451929,37.88851,3,2520
2025-07-08 08:34:00,12.452423,37.88815,3,2520
2025-07-08 08:44:00,12.452894,37.887802,3,2520
2025-07-08 08:54:00,12.452894,37.887802,3,2520
2025-07-08 09:04:00,12.452894,37.887802,3,2520
2025-07-08 09:14:00,12.452894,37.887802,3,2520
2025-07-08 09:24:00,12.452894,37.887802,3,2520
2025-07-08 09:34:00,12.452894,37.887802,3,2520
2025-07-08 09:44:00,12.452894,37.887802,3,2520
2025-07-08 09:54:00,12.452894,37.887802,3,2520
2025-07-08 10:04:00,12.452894,37.887802,3,2520
2025-07-08 10:14:00,12.452894,37.887802,3,2520
2025-07-08 10:24:00,12.452894,37.887802,3,2520
2025-07-08 10:34:00,12.452894,37.887802,3,2520
2025-07-08 10:44:00,12.452894,37.887802,3,2520
2025-07-08 10:54:00,12.452894,37.887802,3,2520
2025-07-08 11:04:00,12.452894,37.887802,3,2520
2025-07-08 11:14:00,12.452894,37.887802,3,2520
2025-07-08 11:24:00,12.452894,37.887802,3,2520
2025-07-08 11:34:00,12.452894,37.887802,3,2520
2025-07-08 11:44:00,12.452894,37.887802,3,2520
2025-07-08 11:54:00,12.452894,37.887802,3,2520
2025-07-08 12:04:00,12.452894,37.887802,3,2520
2025-07-08 12:14:00,12.452894,37.887802,3,2520
2025-07-08 12:24:00,12.452894,37.887802,3,2520
2025-07-08 12:34:00,12.452894,37.887802,3,2520
2025-07-08 12:44:00,12.452894,37.887802,3,2520
2025-07-08 12:54:00,12.452894,37.887802,3,2520
2025-07-08 13:04:00,12.452894,37.887802,3,2520
2025-07-08 13:14:00,12.452894,37.887802,3,2520
2025-07-08 13:24:00,12.452894,37.887802,3,2520
2025-07-08 13:34:00,12.452894,37.887802,3,2520
2025-07-08 13:44:00,12.452894,37.887802,3,2520
2025-07-08 13:54:00,12.452894,37.887802,3,2520
2025-07-08 14:04:00,12.452894,37.887802,3,2520
2025-07-08 14:14:00,12.452894,37.887802,3,2520
2025-07-08 14:24:00,12.452894,37.887802,3,2520
2025-07-08 14:34:00,12.452894,37.887802,3,2520
2025-07-08 14:44:00,12.452894,37.887802,3,2520
2025-07-08 14:54:00,12.452894,37.887802,3,2520
2025-07-08 15:04:00,12.452894,37.887802,3,2520
2025-07-08 15:14:00,12.452894,37.887802,3,2520
2025-07-08 15:24:00,12.452894,37.887802,3,2520
2025-07-08 15:34:00,12.452894,37.887802,3,2520
2025-07-08 15:44:00,12.452894,37.887802,3,2520
2025-07-08 15:54:00,12.452894,37.887802,3,2520
2025-07-08 16:04:00,12.452894,37.887802,3,2520
2025-07-08 16:14:00,12.452894,37.887802,3,2520
2025-07-08 16:24:00,12.452894,37.887802,3,2520
2025-07-08 16:34:00,12.452894,37.887802,3,2520
2025-07-08 16:44:00,12.452894,37.887802,3,2520
2025-07-08 16:54:00,12.452894,37.887802,3,2520
2025-07-08 17:04:00,12.452894,37.887802,3,2520
2025-07-08 17:14:00,12.452894,37.887802,3,2520
2025-07-08 17:24:00,12.452894,37.887802,3,2520
2025-07-08 17:34:00,12.452894,37.887802,3,2520
2025-07-08 17:44:00,12.452894,37.887802,3,2520
2025-07-08 17:54:00,12.452894,37.887802,3,2520
2025-07-08 18:04:00,12.452894,37.887802,3,2520
2025-07-08 18:14:00,12.452894,37.887802,3,2520
2025-07-08 18:24:00,12.452894,37.887802,3,2520
2025-07-08 18:34:00,12.452894,37.887802,3,2520
2025-07-08 18:44:00,12.452894,37.887802,3,2520
2025-07-08 18:54:00,12.452894,37.887802,3,2520
2025-07-08 19:04:00,12.452894,37.887802,3,2520
2025-07-08 19:14:00,12.452894,37.887802,3,2520
2025-07-08 19:24:00,12.452894,37.887802,3,2520
2025-07-08 19:34:00,12.452894,37.887802,3,2520
2025-07-08 19:44:00,12.452894,37.887802,3,2520
2025-07-08 19:54:00,12.452894,37.887802,3,2520
2025-07-08 20:04:00,12.452894,37.887802,3,2520
2025-07-08 20:14:00,12.452894,37.887802,3,2520
2025-07-08 20:24:00,12.452894,37.887802,3,2520
2025-07-08 20:34:00,12.452894,37.887802,3,2520
2025-07-08 20:44:00,12.452894,37.887802,3,2520
2025-07-08 20:54:00,12.452894,37.887802,3,2520
2025-07-08 21:04:00,12.452894,37.887802,3,2520
2025-07-08 21:14:00,12.452894,37.887802,3,2520
2025-07-08 21:24:00,12.452894,37.887802,3,2520
2025-07-08 21:34:00,12.452894,37.887802,3,2520
2025-07-08 21:44:00,12.452894,37.887802,3,2520
2025-07-08 21:54:00,12.452894,37.887802,3,2520
2025-07-08 22:04:00,12.452894,37.887802,3,2520
2025-07-08 22:14:00,12.452894,37.887802,3,2520
2025-07-08 22:24:00,12.452894,37.887802,3,2520
2025-07-08 22:34:00,12.452894,37.887802,3,2520
2025-07-08 22:44:00,12.452894,37.887802,3,2520
2025-07-08 22:54:00,12.452894,37.887802,3,2520
2025-07-08 23:04:00,12.452894,37.887802,3,2520
2025-07-08 23:14:00,12.452894,37.887802,3,2520
2025-07-08 23:24:00,12.452894,37.887802,3,2520
2025-07-08 23:34:00,12.452894,37.887802,3,2520
2025-07-08 23:44:00,12.452894,37.887802,3,2520
2025-07-08 23:54:00,12.452894,37.887802,3,2520
2025-07-09 00:04:00,12.452894,37.887802,3,2520
2025-07-09 00:14:00,12.452894,37.887802,3,2520
2025-07-09 00:24:00,12.452894,37.887802,3,2520
2025-07-09 00:34:00,12.452894,37.887802,3,2520
2025-07-09 00:44:00,12.452894,37.887802,3,2520
2025-07-09 00:54:00,12.452894,37.887802,3,2520
2025-07-09 01:04:00,12.452894,37.887802,3,2520
2025-07-09 01:14:00,12.452894,37.887802,3,2520
2025-07-09 01:24:00,12.452894,37.887802,3,2520
2025-07-09 01:34:00,12.452894,37.887802,3,2520
2025-07-09 01:44:00,12.452894,37.887802,3,2520
2025-07-09 01:54:00,12.452894,37.887802,3,2520
2025-07-09 02:04:00,12.452894,37.887802,3,2520
2025-07-09 02:14:00,12.452894,37.887802,3,2520
2025-07-09 02:24:00,12.452894,37.887802,3,2520
2025-07-09 02:34:00,12.452894,37.887802,3,2520
2025-07-09 02:44:00,12.452894,37.887802,3,2520
2025-07-09 02:54:00,12.452894,37.887802,3,2520
2025-07-09 03:04:00,12.452894,37.887802,3,2520
2025-07-09 03:14:00,12.452894,37.887802,3,2520
2025-07-09 03:24:00,12.452894,37.887802,3,2520
2025-07-09 03:34:00,12.452894,37.887802,3,2520
2025-07-09 03:44:00,12.452894,37.887802,3,2520
2025-07-09 03:54:00,12.452894,37.887802,3,2520
2025-07-09 04:04:00,12.452894,37.887802,3,2520
2025-07-09 04:14:00,12.452894,37.887802,3,2520
2025-07-09 04:24:00,12.452894,37.887802,3,2520
2025-07-09 04:34:00,12.452894,37.887802,3,2520
2025-07-09 04:44:00,12.452894,37.887802,3,2520
2025-07-09 04:54:00,12.452894,37.887802,3,2520
2025-07-09 05:04:00,12.452894,37.887802,3,2520
2025-07-09 05:14:00,12.452894,37.887802,3,2520
2025-07-09 05:24:00,12.452894,37.887802,3,2520
2025-07-09 05:34:00,12.452894,37.887802,3,2520
2025-07-09 05:44:00,12.452894,37.887802,3,2520
2025-07-09 05:54:00,12.452894,37.887802,3,2520
2025-07-09 06:04:00,12.452894,37.887802,3,2520
2025-07-09 06:14:00,12.452894,37.887802,3,2520
2025-07-09 06:24:00,12.452894,37.887802,3,2520
2025-07-09 06:34:00,12.452894,37.887802,3,2520
2025-07-09 06:44:00,12.452894,37.887802,3,2520
2025-07-09 06:54:00,12.452894,37.887802,3,2520
2025-07-09 07:04:00,12.452894,37.887802,3,2520
2025-07-09 07:14:00,12.452894,37.887802,3,2520
2025-07-09 07:24:00,12.452894,37.887802,3,2520
2025-07-09 07:34:00,12.452894,37.887802,3,2520
2025-07-09 07:44:00,12.452894,37.887802,3,2520
2025-07-09 07:54:00,12.452894,37.887802,3,2520
2025-07-09 08:04:00,12.452894,37.887802,3,2520
2025-07-09 08:14:00,12.452894,37.887802,3,2520
2025-07-09 08:24:00,12.452894,37.887802,3,2520
2025-07-09 08:34:00,12.452894,37.887802,3,2520
2025-07-09 08:44:00,12.452894,37.887802,3,2520
2025-07-09 08:54:00,12.452894,37.887802,3,2520
2025-07-09 09:04:00,12.452894,37.887802,3,2520
2025-07-09 09:14:00,12.452894,37.887802,3,2520
2025-07-09 09:24:00,12.452894,37.887802,3,2520
2025-07-09 09:34:00,12.452894,37.887802,3,2520
2025-07-09 09:44:00,12.452894,37.887802,3,2520
2025-07-09 09:54:00,12.452894,37.887802,3,2520
2025-07-09 10:04:00,12.452894,37.887802,3,2520
2025-07-09 10:14:00,12.452894,37.887802,3,2520
2025-07-09 10:24:00,12.452894,37.887802,3,2520
2025-07-09 10:34:00,12.452894,37.887802,3,2520
2025-07-09 10:44:00,12.452894,37.887802,3,2520
2025-07-09 10:54:00,12.452894,37.887802,3,2520
2025-07-09 11:04:00,12.452894,37.887802,3,2520
2025-07-09 11:14:00,12.452894,37.887802,3,2520
2025-07-09 11:24:00,12.452894,37.887802,3,2520
2025-07-09 11:34:00,12.452894,37.887802,3,2520
2025-07-09 11:44:00,12.452894,37.887802,3,2520
2025-07-09 11:54:00,12.452894,37.887802,3,2520
2025-07-09 12:04:00,12.452894,37.887802,3,2520
2025-07-09 12:14:00,12.452894,37.887802,3,2520
2025-07-09 12:24:00,12.452894,37.887802,3,2520
2025-07-09 12:34:00,12.452894,37.887802,3,2520
2025-07-09 12:44:00,12.452894,37.887802,3,2520
2025-07-09 12:54:00,12.452894,37.887802,3,2520
2025-07-09 13:04:00,12.452894,37.887802,3,2520
2025-07-09 13:14:00,12.452894,37.887802,3,2520
2025-07-09 13:24:00,12.452894,37.887802,3,2520
2025-07-09 13:34:00,12.452894,37.887802,3,2520
2025-07-09 13:44:00,12.452894,37.887802,3,2520
2025-07-09 13:54:00,12.452894,37.887802,3,2520
2025-07-09 14:04:00,12.452894,37.887802,3,2520
2025-07-09 14:14:00,12.452894,37.887802,3,2520
2025-07-09 14:24:00,12.452894,37.887802,3,2520
2025-07-09 14:34:00,12.452894,37.887802,3,2520
2025-07-09 14:44:00,12.452894,37.887802,3,2520
2025-07-09 14:54:00,12.452894,37.887802,3,2520
2025-07-09 15:04:00,12.452894,37.887802,3,2520
2025-07-09 15:14:00,12.452894,37.887802,3,2520
2025-07-09 15:24:00,12.452894,37.887802,3,2520
2025-07-09 15:34:00,12.452894,37.887802,3,2520
2025-07-09 15:44:00,12.452894,37.887802,3,2520
2025-07-09 15:54:00,12.452894,37.887802,3,2520
2025-07-09 16:04:00,12.452894,37.887802,3,2520
2025-07-09 16:14:00,12.452894,37.887802,3,2520
2025-07-09 16:24:00,12.452894,37.887802,3,2520
2025-07-09 16:34:00,12.452894,37.887802,3,2520
2025-07-09 16:44:00,12.452894,37.887802,3,2520
2025-07-09 16:54:00,12.452894,37.887802,3,2520
2025-07-09 17:04:00,12.452894,37.887802,3,2520
2025-07-09 17:14:00,12.452894,37.887802,3,2520
2025-07-09 17:24:00,12.452894,37.887802,3,2520
2025-07-09 17:34:00,12.452894,37.887802,3,2520
2025-07-09 17:44:00,12.452894,37.887802,3,2520
2025-07-09 17:54:00,12.452894,37.887802,3,2520
2025-07-09 18:04:00,12.452894,37.887802,3,2520
2025-07-09 18:14:00,12.452894,37.887802,3,2520
2025-07-09 18:24:00,12.452894,37.887802,3,2520
2025-07-09 18:34:00,12.452894,37.887802,3,2520
2025-07-09 18:44:00,12.452894,37.887802,3,2520
2025-07-09 18:54:00,12.452894,37.887802,3,2520
2025-07-09 19:04:00,12.452894,37.887802,3,2520
2025-07-09 19:14:00,12.452894,37.887802,3,2520
2025-07-09 19:24:00,12.452894,37.887802,3,2520
2025-07-09 19:34:00,12.452894,37.887802,3,2520
2025-07-09 19:44:00,12.452894,37.887802,3,2520
2025-07-09 19:54:00,12.452894,37.887802,3,2520
2025-07-09 20:04:00,12.452894,37.887802,3,2520
2025-07-09 20:14:00,12.452894,37.887802,3,2520
2025-07-09 20:24:00,12.452894,37.887802,3,2520
2025-07-09 20:34:00,12.452894,37.887802,3,2520
2025-07-09 20:44:00,12.452894,37.887802,3,2520
2025-07-09 20:54:00,12.452894,37.887802,3,2520
2025-07-09 21:04:00,12.452894,37.887802,3,2520
2025-07-09 21:14:00,12.452894,37.887802,3,2520
2025-07-09 21:24:00,12.452894,37.887802,3,2520
2025-07-09 21:34:00,12.452894,37.887802,3,2520
2025-07-09 21:44:00,12.452894,37.887802,3,2520
2025-07-09 21:54:00,12.452894,37.887802,3,2520
2025-07-09 22:04:00,12.452894,37.887802,3,2520
2025-07-09 22:14:00,12.452894,37.887802,3,2520
2025-07-09 22:24:00,12.452894,37.887802,3,2520
2025-07-09 22:34:00,12.452894,37.887802,3,2520
2025-07-09 22:44:00,12.452894,37.887802,3,2520
2025-07-09 22:54:00,12.452894,37.887802,3,2520
2025-07-09 23:04:00,12.452894,37.887802,3,2520
2025-07-09 23:14:00,12.452894,37.887802,3,2520
2025-07-09 23:24:00,12.452894,37.887802,3,2520
2025-07-09 23:34:00,12.452894,37.887802,3,2520
2025-07-09 23:44:00,12.452894,37.887802,3,2520
2025-07-09 23:54:00,12.452894,37.887802,3,2520
2025-07-10 00:04:00,12.452894,37.887802,3,2520
2025-07-08 07:44:00,12.44976,37.88919,3,7520
2025-07-08 07:54:00,12.450307,37.889133,3,7520
2025-07-08 08:04:00,12.450851,37.889027,3,7520
2025-07-08 08:14:00,12.451373,37.88886,3,7520
2025-07-08 08:24:00,12.451879,37.888607,3,7520
2025-07-08 08:34:00,12.452372,37.888268,3,7520
2025-07-08 08:44:00,12.452837,37.88793,3,7520
2025-07-08 08:54:00,12.45307,37.887775,3,7520
2025-07-08 09:04:00,12.45307,37.887775,3,7520
2025-07-08 09:14:00,12.45307,37.887775,3,7520
2025-07-08 09:24:00,12.45307,37.887775,3,7520
2025-07-08 09:34:00,12.45307,37.887775,3,7520
2025-07-08 09:44:00,12.45307,37.887775,3,7520
2025-07-08 09:54:00,12.45307,37.887775,3,7520
2025-07-08 10:04:00,12.45307,37.887775,3,7520
2025-07-08 10:14:00,12.45307,37.887775,3,7520
2025-07-08 10:24:00,12.45307,37.887775,3,7520
2025-07-08 10:34:00,12.45307,37.887775,3,7520
2025-07-08 10:44:00,12.45307,37.887775,3,7520
2025-07-08 10:54:00,12.45307,37.887775,3,7520
2025-07-08 11:04:00,12.45307,37.887775,3,7520
2025-07-08 11:14:00,12.45307,37.887775,3,7520
2025-07-08 11:24:00,12.45307,37.887775,3,7520
2025-07-08 11:34:00,12.45307,37.887775,3,7520
2025-07-08 11:44:00,12.45307,37.887775,3,7520
2025-07-08 11:54:00,12.45307,37.887775,3,7520
2025-07-08 12:04:00,12.45307,37.887775,3,7520
2025-07-08 12:14:00,12.45307,37.887775,3,7520
2025-07-08 12:24:00,12.45307,37.887775,3,7520
2025-07-08 12:34:00,12.45307,37.887775,3,7520
2025-07-08 12:44:00,12.45307,37.887775,3,7520
2025-07-08 12:54:00,12.45307,37.887775,3,7520
2025-07-08 13:04:00,12.45307,37.887775,3,7520
2025-07-08 13:14:00,12.45307,37.887775,3,7520
2025-07-08 13:24:00,12.45307,37.887775,3,7520
2025-07-08 13:34:00,12.45307,37.887775,3,7520
2025-07-08 13:44:00,12.45307,37.887775,3,7520
2025-07-08 13:54:00,12.45307,37.887775,3,7520
2025-07-08 14:04:00,12.45307,37.887775,3,7520
2025-07-08 14:14:00,12.45307,37.887775,3,7520
2025-07-08 14:24:00,12.45307,37.887775,3,7520
2025-07-08 14:34:00,12.45307,37.887775,3,7520
2025-07-08 14:44:00,12.45307,37.887775,3,7520
2025-07-08 14:54:00,12.45307,37.887775,3,7520
2025-07-08 15:04:00,12.45307,37.887775,3,7520
2025-07-08 15:14:00,12.45307,37.887775,3,7520
2025-07-08 15:24:00,12.45307,37.887775,3,7520
2025-07-08 15:34:00,12.45307,37.887775,3,7520
2025-07-08 15:44:00,12.45307,37.887775,3,7520
2025-07-08 15:54:00,12.45307,37.887775,3,7520
2025-07-08 16:04:00,12.45307,37.887775,3,7520
2025-07-08 16:14:00,12.45307,37.887775,3,7520
2025-07-08 16:24:00,12.45307,37.887775,3,7520
2025-07-08 16:34:00,12.45307,37.887775,3,7520
2025-07-08 16:44:00,12.45307,37.887775,3,7520
2025-07-08 16:54:00,12.45307,37.887775,3,7520
2025-07-08 17:04:00,12.45307,37.887775,3,7520
2025-07-08 17:14:00,12.45307,37.887775,3,7520
2025-07-08 17:24:00,12.45307,37.887775,3,7520
2025-07-08 17:34:00,12.45307,37.887775,3,7520
2025-07-08 17:44:00,12.45307,37.887775,3,7520
2025-07-08 17:54:00,12.45307,37.887775,3,7520
2025-07-08 18:04:00,12.45307,37.887775,3,7520
2025-07-08 18:14:00,12.45307,37.887775,3,7520
2025-07-08 18:24:00,12.45307,37.887775,3,7520
2025-07-08 18:34:00,12.45307,37.887775,3,7520
2025-07-08 18:44:00,12.45307,37.887775,3,7520
2025-07-08 18:54:00,12.45307,37.887775,3,7520
2025-07-08 19:04:00,12.45307,37.887775,3,7520
2025-07-08 19:14:00,12.45307,37.887775,3,7520
2025-07-08 19:24:00,12.45307,37.887775,3,7520
2025-07-08 19:34:00,12.45307,37.887775,3,7520
2025-07-08 19:44:00,12.45307,37.887775,3,7520
2025-07-08 19:54:00,12.45307,37.887775,3,7520
2025-07-08 20:04:00,12.45307,37.887775,3,7520
2025-07-08 20:14:00,12.45307,37.887775,3,7520
2025-07-08 20:24:00,12.45307,37.887775,3,7520
2025-07-08 20:34:00,12.45307,37.887775,3,7520
2025-07-08 20:44:00,12.45307,37.887775,3,7520
2025-07-08 20:54:00,12.45307,37.887775,3,7520
2025-07-08 21:04:00,12.45307,37.887775,3,7520
2025-07-08 21:14:00,12.45307,37.887775,3,7520
2025-07-08 21:24:00,12.45307,37.887775,3,7520
2025-07-08 21:34:00,12.45307,37.887775,3,7520
2025-07-08 21:44:00,12.45307,37.887775,3,7520
2025-07-08 21:54:00,12.45307,37.887775,3,7520
2025-07-08 22:04:00,12.45307,37.887775,3,7520
2025-07-08 22:14:00,12.45307,37.887775,3,7520
2025-07-08 22:24:00,12.45307,37.887775,3,7520
2025-07-08 22:34:00,12.45307,37.887775,3,7520
2025-07-08 22:44:00,12.45307,37.887775,3,7520
2025-07-08 22:54:00,12.45307,37.887775,3,7520
2025-07-08 23:04:00,12.45307,37.887775,3,7520
2025-07-08 23:14:00,12.45307,37.887775,3,7520
2025-07-08 23:24:00,12.45307,37.887775,3,7520
2025-07-08 23:34:00,12.45307,37.887775,3,7520
2025-07-08 23:44:00,12.45307,37.887775,3,7520
2025-07-08 23:54:00,12.45307,37.887775,3,7520
2025-07-09 00:04:00,12.45307,37.887775,3,7520
2025-07-09 00:14:00,12.45307,37.887775,3,7520
2025-07-09 00:24:00,12.45307,37.887775,3,7520
2025-07-09 00:34:00,12.45307,37.887775,3,7520
2025-07-09 00:44:00,12.45307,37.887775,3,7520
2025-07-09 00:54:00,12.45307,37.887775,3,7520
2025-07-09 01:04:00,12.45307,37.887775,3,7520
2025-07-09 01:14:00,12.45307,37.887775,3,7520
2025-07-09 01:24:00,12.45307,37.887775,3,7520
2025-07-09 01:34:00,12.45307,37.887775,3,7520
2025-07-09 01:44:00,12.45307,37.887775,3,7520
2025-07-09 01:54:00,12.45307,37.887775,3,7520
2025-07-09 02:04:00,12.45307,37.887775,3,7520
2025-07-09 02:14:00,12.45307,37.887775,3,7520
2025-07-09 02:24:00,12.45307,37.887775,3,7520
2025-07-09 02:34:00,12.45307,37.887775,3,7520
2025-07-09 02:44:00,12.45307,37.887775,3,7520
2025-07-09 02:54:00,12.45307,37.887775,3,7520
2025-07-09 03:04:00,12.45307,37.887775,3,7520
2025-07-09 03:14:00,12.45307,37.887775,3,7520
2025-07-09 03:24:00,12.45307,37.887775,3,7520
2025-07-09 03:34:00,12.45307,37.887775,3,7520
2025-07-09 03:44:00,12.45307,37.887775,3,7520
2025-07-09 03:54:00,12.45307,37.887775,3,7520
2025-07-09 04:04:00,12.45307,37.887775,3,7520
2025-07-09 04:14:00,12.45307,37.887775,3,7520
2025-07-09 04:24:00,12.45307,37.887775,3,7520
2025-07-09 04:34:00,12.45307,37.887775,3,7520
2025-07-09 04:44:00,12.45307,37.887775,3,7520
2025-07-09 04:54:00,12.45307,37.887775,3,7520
2025-07-09 05:04:00,12.45307,37.887775,3,7520
2025-07-09 05:14:00,12.45307,37.887775,3,7520
2025-07-09 05:24:00,12.45307,37.887775,3,7520
2025-07-09 05:34:00,12.45307,37.887775,3,7520
2025-07-09 05:44:00,12.45307,37.887775,3,7520
2025-07-09 05:54:00,12.45307,37.887775,3,7520
2025-07-09 06:04:00,12.45307,37.887775,3,7520
2025-07-09 06:14:00,12.45307,37.887775,3,7520
2025-07-09 06:24:00,12.45307,37.887775,3,7520
2025-07-09 06:34:00,12.45307,37.887775,3,7520
2025-07-09 06:44:00,12.45307,37.887775,3,7520
2025-07-09 06:54:00,12.45307,37.887775,3,7520
2025-07-09 07:04:00,12.45307,37.887775,3,7520
2025-07-09 07:14:00,12.45307,37.887775,3,7520
2025-07-09 07:24:00,12.45307,37.887775,3,7520
2025-07-09 07:34:00,12.45307,37.887775,3,7520
2025-07-09 07:44:00,12.45307,37.887775,3,7520
2025-07-09 07:54:00,12.45307,37.887775,3,7520
2025-07-09 08:04:00,12.45307,37.887775,3,7520
2025-07-09 08:14:00,12.45307,37.887775,3,7520
2025-07-09 08:24:00,12.45307,37.887775,3,7520
2025-07-09 08:34:00,12.45307,37.887775,3,7520
2025-07-09 08:44:00,12.45307,37.887775,3,7520
2025-07-09 08:54:00,12.45307,37.887775,3,7520
2025-07-09 09:04:00,12.45307,37.887775,3,7520
2025-07-09 09:14:00,12.45307,37.887775,3,7520
2025-07-09 09:24:00,12.45307,37.887775,3,7520
2025-07-09 09:34:00,12.45307,37.887775,3,7520
2025-07-09 09:44:00,12.45307,37.887775,3,7520
2025-07-09 09:54:00,12.45307,37.887775,3,7520
2025-07-09 10:04:00,12.45307,37.887775,3,7520
2025-07-09 10:14:00,12.45307,37.887775,3,7520
2025-07-09 10:24:00,12.45307,37.887775,3,7520
2025-07-09 10:34:00,12.45307,37.887775,3,7520
2025-07-09 10:44:00,12.45307,37.887775,3,7520
2025-07-09 10:54:00,12.45307,37.887775,3,7520
2025-07-09 11:04:00,12.45307,37.887775,3,7520
2025-07-09 11:14:00,12.45307,37.887775,3,7520
2025-07-09 11:24:00,12.45307,37.887775,3,7520
2025-07-09 11:34:00,12.45307,37.887775,3,7520
2025-07-09 11:44:00,12.45307,37.887775,3,7520
2025-07-09 11:54:00,12.45307,37.887775,3,7520
2025-07-09 12:04:00,12.45307,37.887775,3,7520
2025-07-09 12:14:00,12.45307,37.887775,3,7520
2025-07-09 12:24:00,12.45307,37.887775,3,7520
2025-07-09 12:34:00,12.45307,37.887775,3,7520
2025-07-09 12:44:00,12.45307,37.887775,3,7520
2025-07-09 12:54:00,12.45307,37.887775,3,7520
2025-07-09 13:04:00,12.45307,37.887775,3,7520
2025-07-09 13:14:00,12.45307,37.887775,3,7520
2025-07-09 13:24:00,12.45307,37.887775,3,7520
2025-07-09 13:34:00,12.45307,37.887775,3,7520
2025-07-09 13:44:00,12.45307,37.887775,3,7520
2025-07-09 13:54:00,12.45307,37.887775,3,7520
2025-07-09 14:04:00,12.45307,37.887775,3,7520
2025-07-09 14:14:00,12.45307,37.887775,3,7520
2025-07-09 14:24:00,12.45307,37.887775,3,7520
2025-07-09 14:34:00,12.45307,37.887775,3,7520
2025-07-09 14:44:00,12.45307,37.887775,3,7520
2025-07-09 14:54:00,12.45307,37.887775,3,7520
2025-07-09 15:04:00,12.45307,37.887775,3,7520
2025-07-09 15:14:00,12.45307,37.887775,3,7520
2025-07-09 15:24:00,12.45307,37.887775,3,7520
2025-07-09 15:34:00,12.45307,37.887775,3,7520
2025-07-09 15:44:00,12.45307,37.887775,3,7520
2025-07-09 15:54:00,12.45307,37.887775,3,7520
2025-07-09 16:04:00,12.45307,37.887775,3,7520
2025-07-09 16:14:00,12.45307,37.887775,3,7520
2025-07-09 16:24:00,12.45307,37.887775,3,7520
2025-07-09 16:34:00,12.45307,37.887775,3,7520
2025-07-09 16:44:00,12.45307,37.887775,3,7520
2025-07-09 16:54:00,12.45307,37.887775,3,7520
2025-07-09 17:04:00,12.45307,37.887775,3,7520
2025-07-09 17:14:00,12.45307,37.887775,3,7520
2025-07-09 17:24:00,12.45307,37.887775,3,7520
2025-07-09 17:34:00,12.45307,37.887775,3,7520
2025-07-09 17:44:00,12.45307,37.887775,3,7520
2025-07-09 17:54:00,12.45307,37.887775,3,7520
2025-07-09 18:04:00,12.45307,37.887775,3,7520
2025-07-09 18:14:00,12.45307,37.887775,3,7520
2025-07-09 18:24:00,12.45307,37.887775,3,7520
2025-07-09 18:34:00,12.45307,37.887775,3,7520
2025-07-09 18:44:00,12.45307,37.887775,3,7520
2025-07-09 18:54:00,12.45307,37.887775,3,7520
2025-07-09 19:04:00,12.45307,37.887775,3,7520
2025-07-09 19:14:00,12.45307,37.887775,3,7520
2025-07-09 19:24:00,12.45307,37.887775,3,7520
2025-07-09 19:34:00,12.45307,37.887775,3,7520
2025-07-09 19:44:00,12.45307,37.887775,3,7520
2025-07-09 19:54:00,12.45307,37.887775,3,7520
2025-07-09 20:04:00,12.45307,37.887775,3,7520
2025-07-09 20:14:00,12.45307,37.887775,3,7520
2025-07-09 20:24:00,12.45307,37.887775,3,7520
2025-07-09 20:34:00,12.45307,37.887775,3,7520
2025-07-09 20:44:00,12.45307,37.887775,3,7520
2025-07-09 20:54:00,12.45307,37.887775,3,7520
2025-07-09 21:04:00,12.45307,37.887775,3,7520
2025-07-09 21:14:00,12.45307,37.887775,3,7520
2025-07-09 21:24:00,12.45307,37.887775,3,7520
2025-07-09 21:34:00,12.45307,37.887775,3,7520
2025-07-09 21:44:00,12.45307,37.887775,3,7520
2025-07-09 21:54:00,12.45307,37.887775,3,7520
2025-07-09 22:04:00,12.45307,37.887775,3,7520
2025-07-09 22:14:00,12.45307,37.887775,3,7520
2025-07-09 22:24:00,12.45307,37.887775,3,7520
2025-07-09 22:34:00,12.45307,37.887775,3,7520
2025-07-09 22:44:00,12.45307,37.887775,3,7520
2025-07-09 22:54:00,12.45307,37.887775,3,7520
2025-07-09 23:04:00,12.45307,37.887775,3,7520
2025-07-09 23:14:00,12.45307,37.887775,3,7520
2025-07-09 23:24:00,12.45307,37.887775,3,7520
2025-07-09 23:34:00,12.45307,37.887775,3,7520
2025-07-09 23:44:00,12.45307,37.887775,3,7520
2025-07-09 23:54:00,12.45307,37.887775,3,7520
2025-07-10 00:04:00,12.45307,37.887775,3,7520
2025-07-08 07:44:00,12.44983,37.88919,3,930
2025-07-08 07:54:00,12.450376,37.889126,3,930
2025-07-08 08:04:00,12.450914,37.88901,3,930
2025-07-08 08:14:00,12.451433,37.888832,3,930
2025-07-08 08:24:00,12.451935,37.88857,3,930
2025-07-08 08:34:00,12.452425,37.88822,3,930
2025-07-08 08:44:00,12.452888,37.887886,3,930
2025-07-08 08:54:00,12.45312,37.887733,3,930
2025-07-08 09:04:00,12.45312,37.887733,3,930
2025-07-08 09:14:00,12.45312,37.887733,3,930
2025-07-08 09:24:00,12.45312,37.887733,3,930
2025-07-08 09:34:00,12.45312,37.887733,3,930
2025-07-08 09:44:00,12.45312,37.887733,3,930
2025-07-08 09:54:00,12.45312,37.887733,3,930
2025-07-08 10:04:00,12.45312,37.887733,3,930
2025-07-08 10:14:00,12.45312,37.887733,3,930
2025-07-08 10:24:00,12.45312,37.887733,3,930
2025-07-08 10:34:00,12.45312,37.887733,3,930
2025-07-08 10:44:00,12.45312,37.887733,3,930
2025-07-08 10:54:00,12.45312,37.887733,3,930
2025-07-08 11:04:00,12.45312,37.887733,3,930
2025-07-08 11:14:00,12.45312,37.887733,3,930
2025-07-08 11:24:00,12.45312,37.887733,3,930
2025-07-08 11:34:00,12.45312,37.887733,3,930
2025-07-08 11:44:00,12.45312,37.887733,3,930
2025-07-08 11:54:00,12.45312,37.887733,3,930
2025-07-08 12:04:00,12.45312,37.887733,3,930
2025-07-08 12:14:00,12.45312,37.887733,3,930
2025-07-08 12:24:00,12.45312,37.887733,3,930
2025-07-08 12:34:00,12.45312,37.887733,3,930
2025-07-08 12:44:00,12.45312,37.887733,3,930
2025-07-08 12:54:00,12.45312,37.887733,3,930
2025-07-08 13:04:00,12.45312,37.887733,3,930
2025-07-08 13:14:00,12.45312,37.887733,3,930
2025-07-08 13:24:00,12.45312,37.887733,3,930
2025-07-08 13:34:00,12.45312,37.887733,3,930
2025-07-08 13:44:00,12.45312,37.887733,3,930
2025-07-08 13:54:00,12.45312,37.887733,3,930
2025-07-08 14:04:00,12.45312,37.887733,3,930
2025-07-08 14:14:00,12.45312,37.887733,3,930
2025-07-08 14:24:00,12.45312,37.887733,3,930
2025-07-08 14:34:00,12.45312,37.887733,3,930
2025-07-08 14:44:00,12.45312,37.887733,3,930
2025-07-08 14:54:00,12.45312,37.887733,3,930
2025-07-08 15:04:00,12.45312,37.887733,3,930
2025-07-08 15:14:00,12.45312,37.887733,3,930
2025-07-08 15:24:00,12.45312,37.887733,3,930
2025-07-08 15:34:00,12.45312,37.887733,3,930
2025-07-08 15:44:00,12.45312,37.887733,3,930
2025-07-08 15:54:00,12.45312,37.887733,3,930
2025-07-08 16:04:00,12.45312,37.887733,3,930
2025-07-08 16:14:00,12.45312,37.887733,3,930
2025-07-08 16:24:00,12.45312,37.887733,3,930
2025-07-08 16:34:00,12.45312,37.887733,3,930
2025-07-08 16:44:00,12.45312,37.887733,3,930
2025-07-08 16:54:00,12.45312,37.887733,3,930
2025-07-08 17:04:00,12.45312,37.887733,3,930
2025-07-08 17:14:00,12.45312,37.887733,3,930
2025-07-08 17:24:00,12.45312,37.887733,3,930
2025-07-08 17:34:00,12.45312,37.887733,3,930
2025-07-08 17:44:00,12.45312,37.887733,3,930
2025-07-08 17:54:00,12.45312,37.887733,3,930
2025-07-08 18:04:00,12.45312,37.887733,3,930
2025-07-08 18:14:00,12.45312,37.887733,3,930
2025-07-08 18:24:00,12.45312,37.887733,3,930
2025-07-08 18:34:00,12.45312,37.887733,3,930
2025-07-08 18:44:00,12.45312,37.887733,3,930
2025-07-08 18:54:00,12.45312,37.887733,3,930
2025-07-08 19:04:00,12.45312,37.887733,3,930
2025-07-08 19:14:00,12.45312,37.887733,3,930
2025-07-08 19:24:00,12.45312,37.887733,3,930
2025-07-08 19:34:00,12.45312,37.887733,3,930
2025-07-08 19:44:00,12.45312,37.887733,3,930
2025-07-08 19:54:00,12.45312,37.887733,3,930
2025-07-08 20:04:00,12.45312,37.887733,3,930
2025-07-08 20:14:00,12.45312,37.887733,3,930
2025-07-08 20:24:00,12.45312,37.887733,3,930
2025-07-08 20:34:00,12.45312,37.887733,3,930
2025-07-08 20:44:00,12.45312,37.887733,3,930
2025-07-08 20:54:00,12.45312,37.887733,3,930
2025-07-08 21:04:00,12.45312,37.887733,3,930
2025-07-08 21:14:00,12.45312,37.887733,3,930
2025-07-08 21:24:00,12.45312,37.887733,3,930
2025-07-08 21:34:00,12.45312,37.887733,3,930
2025-07-08 21:44:00,12.45312,37.887733,3,930
2025-07-08 21:54:00,12.45312,37.887733,3,930
2025-07-08 22:04:00,12.45312,37.887733,3,930
2025-07-08 22:14:00,12.45312,37.887733,3,930
2025-07-08 22:24:00,12.45312,37.887733,3,930
2025-07-08 22:34:00,12.45312,37.887733,3,930
2025-07-08 22:44:00,12.45312,37.887733,3,930
2025-07-08 22:54:00,12.45312,37.887733,3,930
2025-07-08 23:04:00,12.45312,37.887733,3,930
2025-07-08 23:14:00,12.45312,37.887733,3,930
2025-07-08 23:24:00,12.45312,37.887733,3,930
2025-07-08 23:34:00,12.45312,37.887733,3,930
2025-07-08 23:44:00,12.45312,37.887733,3,930
2025-07-08 23:54:00,12.45312,37.887733,3,930
2025-07-09 00:04:00,12.45312,37.887733,3,930
2025-07-09 00:14:00,12.45312,37.887733,3,930
2025-07-09 00:24:00,12.45312,37.887733,3,930
2025-07-09 00:34:00,12.45312,37.887733,3,930
2025-07-09 00:44:00,12.45312,37.887733,3,930
2025-07-09 00:54:00,12.45312,37.887733,3,930
2025-07-09 01:04:00,12.45312,37.887733,3,930
2025-07-09 01:14:00,12.45312,37.887733,3,930
2025-07-09 01:24:00,12.45312,37.887733,3,930
2025-07-09 01:34:00,12.45312,37.887733,3,930
2025-07-09 01:44:00,12.45312,37.887733,3,930
2025-07-09 01:54:00,12.45312,37.887733,3,930
2025-07-09 02:04:00,12.45312,37.887733,3,930
2025-07-09 02:14:00,12.45312,37.887733,3,930
2025-07-09 02:24:00,12.45312,37.887733,3,930
2025-07-09 02:34:00,12.45312,37.887733,3,930
2025-07-09 02:44:00,12.45312,37.887733,3,930
2025-07-09 02:54:00,12.45312,37.887733,3,930
2025-07-09 03:04:00,12.45312,37.887733,3,930
2025-07-09 03:14:00,12.45312,37.887733,3,930
2025-07-09 03:24:00,12.45312,37.887733,3,930
2025-07-09 03:34:00,12.45312,37.887733,3,930
2025-07-09 03:44:00,12.45312,37.887733,3,930
2025-07-09 03:54:00,12.45312,37.887733,3,930
2025-07-09 04:04:00,12.45312,37.887733,3,930
2025-07-09 04:14:00,12.45312,37.887733,3,930
2025-07-09 04:24:00,12.45312,37.887733,3,930
2025-07-09 04:34:00,12.45312,37.887733,3,930
2025-07-09 04:44:00,12.45312,37.887733,3,930
2025-07-09 04:54:00,12.45312,37.887733,3,930
2025-07-09 05:04:00,12.45312,37.887733,3,930
2025-07-09 05:14:00,12.45312,37.887733,3,930
2025-07-09 05:24:00,12.45312,37.887733,3,930
2025-07-09 05:34:00,12.45312,37.887733,3,930
2025-07-09 05:44:00,12.45312,37.887733,3,930
2025-07-09 05:54:00,12.45312,37.887733,3,930
2025-07-09 06:04:00,12.45312,37.887733,3,930
2025-07-09 06:14:00,12.45312,37.887733,3,930
2025-07-09 06:24:00,12.45312,37.887733,3,930
2025-07-09 06:34:00,12.45312,37.887733,3,930
2025-07-09 06:44:00,12.45312,37.887733,3,930
2025-07-09 06:54:00,12.45312,37.887733,3,930
2025-07-09 07:04:00,12.45312,37.887733,3,930
2025-07-09 07:14:00,12.45312,37.887733,3,930
2025-07-09 07:24:00,12.45312,37.887733,3,930
2025-07-09 07:34:00,12.45312,37.887733,3,930
2025-07-09 07:44:00,12.45312,37.887733,3,930
2025-07-09 07:54:00,12.45312,37.887733,3,930
2025-07-09 08:04:00,12.45312,37.887733,3,930
2025-07-09 08:14:00,12.45312,37.887733,3,930
2025-07-09 08:24:00,12.45312,37.887733,3,930
2025-07-09 08:34:00,12.45312,37.887733,3,930
2025-07-09 08:44:00,12.45312,37.887733,3,930
2025-07-09 08:54:00,12.45312,37.887733,3,930
2025-07-09 09:04:00,12.45312,37.887733,3,930
2025-07-09 09:14:00,12.45312,37.887733,3,930
2025-07-09 09:24:00,12.45312,37.887733,3,930
2025-07-09 09:34:00,12.45312,37.887733,3,930
2025-07-09 09:44:00,12.45312,37.887733,3,930
2025-07-09 09:54:00,12.45312,37.887733,3,930
2025-07-09 10:04:00,12.45312,37.887733,3,930
2025-07-09 10:14:00,12.45312,37.887733,3,930
2025-07-09 10:24:00,12.45312,37.887733,3,930
2025-07-09 10:34:00,12.45312,37.887733,3,930
2025-07-09 10:44:00,12.45312,37.887733,3,930
2025-07-09 10:54:00,12.45312,37.887733,3,930
2025-07-09 11:04:00,12.45312,37.887733,3,930
2025-07-09 11:14:00,12.45312,37.887733,3,930
2025-07-09 11:24:00,12.45312,37.887733,3,930
2025-07-09 11:34:00,12.45312,37.887733,3,930
2025-07-09 11:44:00,12.45312,37.887733,3,930
2025-07-09 11:54:00,12.45312,37.887733,3,930
2025-07-09 12:04:00,12.45312,37.887733,3,930
2025-07-09 12:14:00,12.45312,37.887733,3,930
2025-07-09 12:24:00,12.45312,37.887733,3,930
2025-07-09 12:34:00,12.45312,37.887733,3,930
2025-07-09 12:44:00,12.45312,37.887733,3,930
2025-07-09 12:54:00,12.45312,37.887733,3,930
2025-07-09 13:04:00,12.45312,37.887733,3,930
2025-07-09 13:14:00,12.45312,37.887733,3,930
2025-07-09 13:24:00,12.45312,37.887733,3,930
2025-07-09 13:34:00,12.45312,37.887733,3,930
2025-07-09 13:44:00,12.45312,37.887733,3,930
2025-07-09 13:54:00,12.45312,37.887733,3,930
2025-07-09 14:04:00,12.45312,37.887733,3,930
2025-07-09 14:14:00,12.45312,37.887733,3,930
2025-07-09 14:24:00,12.45312,37.887733,3,930
2025-07-09 14:34:00,12.45312,37.887733,3,930
2025-07-09 14:44:00,12.45312,37.887733,3,930
2025-07-09 14:54:00,12.45312,37.887733,3,930
2025-07-09 15:04:00,12.45312,37.887733,3,930
2025-07-09 15:14:00,12.45312,37.887733,3,930
2025-07-09 15:24:00,12.45312,37.887733,3,930
2025-07-09 15:34:00,12.45312,37.887733,3,930
2025-07-09 15:44:00,12.45312,37.887733,3,930
2025-07-09 15:54:00,12.45312,37.887733,3,930
2025-07-09 16:04:00,12.45312,37.887733,3,930
2025-07-09 16:14:00,12.45312,37.887733,3,930
2025-07-09 16:24:00,12.45312,37.887733,3,930
2025-07-09 16:34:00,12.45312,37.887733,3,930
2025-07-09 16:44:00,12.45312,37.887733,3,930
2025-07-09 16:54:00,12.45312,37.887733,3,930
2025-07-09 17:04:00,12.45312,37.887733,3,930
2025-07-09 17:14:00,12.45312,37.887733,3,930
2025-07-09 17:24:00,12.45312,37.887733,3,930
2025-07-09 17:34:00,12.45312,37.887733,3,930
2025-07-09 17:44:00,12.45312,37.887733,3,930
2025-07-09 17:54:00,12.45312,37.887733,3,930
2025-07-09 18:04:00,12.45312,37.887733,3,930
2025-07-09 18:14:00,12.45312,37.887733,3,930
2025-07-09 18:24:00,12.45312,37.887733,3,930
2025-07-09 18:34:00,12.45312,37.887733,3,930
2025-07-09 18:44:00,12.45312,37.887733,3,930
2025-07-09 18:54:00,12.45312,37.887733,3,930
2025-07-09 19:04:00,12.45312,37.887733,3,930
2025-07-09 19:14:00,12.45312,37.887733,3,930
2025-07-09 19:24:00,12.45312,37.887733,3,930
2025-07-09 19:34:00,12.45312,37.887733,3,930
2025-07-09 19:44:00,12.45312,37.887733,3,930
2025-07-09 19:54:00,12.45312,37.887733,3,930
2025-07-09 20:04:00,12.45312,37.887733,3,930
2025-07-09 20:14:00,12.45312,37.887733,3,930
2025-07-09 20:24:00,12.45312,37.887733,3,930
2025-07-09 20:34:00,12.45312,37.887733,3,930
2025-07-09 20:44:00,12.45312,37.887733,3,930
2025-07-09 20:54:00,12.45312,37.887733,3,930
2025-07-09 21:04:00,12.45312,37.887733,3,930
2025-07-09 21:14:00,12.45312,37.887733,3,930
2025-07-09 21:24:00,12.45312,37.887733,3,930
2025-07-09 21:34:00,12.45312,37.887733,3,930
2025-07-09 21:44:00,12.45312,37.887733,3,930
2025-07-09 21:54:00,12.45312,37.887733,3,930
2025-07-09 22:04:00,12.45312,37.887733,3,930
2025-07-09 22:14:00,12.45312,37.887733,3,930
2025-07-09 22:24:00,12.45312,37.887733,3,930
2025-07-09 22:34:00,12.45312,37.887733,3,930
2025-07-09 22:44:00,12.45312,37.887733,3,930
2025-07-09 22:54:00,12.45312,37.887733,3,930
2025-07-09 23:04:00,12.45312,37.887733,3,930
2025-07-09 23:14:00,12.45312,37.887733,3,930
2025-07-09 23:24:00,12.45312,37.887733,3,930
2025-07-09 23:34:00,12.45312,37.887733,3,930
2025-07-09 23:44:00,12.45312,37.887733,3,930
2025-07-09 23:54:00,12.45312,37.887733,3,930
2025-07-10 00:04:00,12.45312,37.887733,3,930
2025-07-08 10:44:00,12.45028,37.88513,4,2520
2025-07-08 10:54:00,12.451126,37.88477,4,2520
2025-07-08 11:04:00,12.452025,37.884193,4,2520
2025-07-08 11:14:00,12.452936,37.8835,4,2520
2025-07-08 11:24:00,12.453372,37.883186,4,2520
2025-07-08 11:34:00,12.453372,37.883186,4,2520
2025-07-08 11:44:00,12.453372,37.883186,4,2520
2025-07-08 11:54:00,12.453372,37.883186,4,2520
2025-07-08 12:04:00,12.453372,37.883186,4,2520
2025-07-08 12:14:00,12.453372,37.883186,4,2520
2025-07-08 12:24:00,12.453372,37.883186,4,2520
2025-07-08 12:34:00,12.453372,37.883186,4,2520
2025-07-08 12:44:00,12.453372,37.883186,4,2520
2025-07-08 12:54:00,12.453372,37.883186,4,2520
2025-07-08 13:04:00,12.453372,37.883186,4,2520
2025-07-08 13:14:00,12.453372,37.883186,4,2520
2025-07-08 13:24:00,12.453372,37.883186,4,2520
2025-07-08 13:34:00,12.453372,37.883186,4,2520
2025-07-08 13:44:00,12.453372,37.883186,4,2520
2025-07-08 13:54:00,12.453372,37.883186,4,2520
2025-07-08 14:04:00,12.453372,37.883186,4,2520
2025-07-08 14:14:00,12.453372,37.883186,4,2520
2025-07-08 14:24:00,12.453372,37.883186,4,2520
2025-07-08 14:34:00,12.453372,37.883186,4,2520
2025-07-08 14:44:00,12.453372,37.883186,4,2520
2025-07-08 14:54:00,12.453372,37.883186,4,2520
2025-07-08 15:04:00,12.453372,37.883186,4,2520
2025-07-08 15:14:00,12.453372,37.883186,4,2520
2025-07-08 15:24:00,12.453372,37.883186,4,2520
2025-07-08 15:34:00,12.453372,37.883186,4,2520
2025-07-08 15:44:00,12.453372,37.883186,4,2520
2025-07-08 15:54:00,12.453372,37.883186,4,2520
2025-07-08 16:04:00,12.453372,37.883186,4,2520
2025-07-08 16:14:00,12.453372,37.883186,4,2520
2025-07-08 16:24:00,12.453372,37.883186,4,2520
2025-07-08 16:34:00,12.453372,37.883186,4,2520
2025-07-08 16:44:00,12.453372,37.883186,4,2520
2025-07-08 16:54:00,12.453372,37.883186,4,2520
2025-07-08 17:04:00,12.453372,37.883186,4,2520
2025-07-08 17:14:00,12.453372,37.883186,4,2520
2025-07-08 17:24:00,12.453372,37.883186,4,2520
2025-07-08 17:34:00,12.453372,37.883186,4,2520
2025-07-08 17:44:00,12.453372,37.883186,4,2520
2025-07-08 17:54:00,12.453372,37.883186,4,2520
2025-07-08 18:04:00,12.453372,37.883186,4,2520
2025-07-08 18:14:00,12.453372,37.883186,4,2520
2025-07-08 18:24:00,12.453372,37.883186,4,2520
2025-07-08 18:34:00,12.453372,37.883186,4,2520
2025-07-08 18:44:00,12.453372,37.883186,4,2520
2025-07-08 18:54:00,12.453372,37.883186,4,2520
2025-07-08 19:04:00,12.453372,37.883186,4,2520
2025-07-08 19:14:00,12.453372,37.883186,4,2520
2025-07-08 19:24:00,12.453372,37.883186,4,2520
2025-07-08 19:34:00,12.453372,37.883186,4,2520
2025-07-08 19:44:00,12.453372,37.883186,4,2520
2025-07-08 19:54:00,12.453372,37.883186,4,2520
2025-07-08 20:04:00,12.453372,37.883186,4,2520
2025-07-08 20:14:00,12.453372,37.883186,4,2520
2025-07-08 20:24:00,12.453372,37.883186,4,2520
2025-07-08 20:34:00,12.453372,37.883186,4,2520
2025-07-08 20:44:00,12.453372,37.883186,4,2520
2025-07-08 20:54:00,12.453372,37.883186,4,2520
2025-07-08 21:04:00,12.453372,37.883186,4,2520
2025-07-08 21:14:00,12.453372,37.883186,4,2520
2025-07-08 21:24:00,12.453372,37.883186,4,2520
2025-07-08 21:34:00,12.453372,37.883186,4,2520
2025-07-08 21:44:00,12.453372,37.883186,4,2520
2025-07-08 21:54:00,12.453372,37.883186,4,2520
2025-07-08 22:04:00,12.453372,37.883186,4,2520
2025-07-08 22:14:00,12.453372,37.883186,4,2520
2025-07-08 22:24:00,12.453372,37.883186,4,2520
2025-07-08 22:34:00,12.453372,37.883186,4,2520
2025-07-08 22:44:00,12.453372,37.883186,4,2520
2025-07-08 22:54:00,12.453372,37.883186,4,2520
2025-07-08 23:04:00,12.453372,37.883186,4,2520
2025-07-08 23:14:00,12.453372,37.883186,4,2520
2025-07-08 23:24:00,12.453372,37.883186,4,2520
2025-07-08 23:34:00,12.453372,37.883186,4,2520
2025-07-08 23:44:00,12.453372,37.883186,4,2520
2025-07-08 23:54:00,12.453372,37.883186,4,2520
2025-07-09 00:04:00,12.453372,37.883186,4,2520
2025-07-09 00:14:00,12.453372,37.883186,4,2520
2025-07-09 00:24:00,12.453372,37.883186,4,2520
2025-07-09 00:34:00,12.453372,37.883186,4,2520
2025-07-09 00:44:00,12.453372,37.883186,4,2520
2025-07-09 00:54:00,12.453372,37.883186,4,2520
2025-07-09 01:04:00,12.453372,37.883186,4,2520
2025-07-09 01:14:00,12.453372,37.883186,4,2520
2025-07-09 01:24:00,12.453372,37.883186,4,2520
2025-07-09 01:34:00,12.453372,37.883186,4,2520
2025-07-09 01:44:00,12.453372,37.883186,4,2520
2025-07-09 01:54:00,12.453372,37.883186,4,2520
2025-07-09 02:04:00,12.453372,37.883186,4,2520
2025-07-09 02:14:00,12.453372,37.883186,4,2520
2025-07-09 02:24:00,12.453372,37.883186,4,2520
2025-07-09 02:34:00,12.453372,37.883186,4,2520
2025-07-09 02:44:00,12.453372,37.883186,4,2520
2025-07-09 02:54:00,12.453372,37.883186,4,2520
2025-07-09 03:04:00,12.453372,37.883186,4,2520
2025-07-09 03:14:00,12.453372,37.883186,4,2520
2025-07-09 03:24:00,12.453372,37.883186,4,2520
2025-07-09 03:34:00,12.453372,37.883186,4,2520
2025-07-09 03:44:00,12.453372,37.883186,4,2520
2025-07-09 03:54:00,12.453372,37.883186,4,2520
2025-07-09 04:04:00,12.453372,37.883186,4,2520
2025-07-09 04:14:00,12.453372,37.883186,4,2520
2025-07-09 04:24:00,12.453372,37.883186,4,2520
2025-07-09 04:34:00,12.453372,37.883186,4,2520
2025-07-09 04:44:00,12.453372,37.883186,4,2520
2025-07-09 04:54:00,12.453372,37.883186,4,2520
2025-07-09 05:04:00,12.453372,37.883186,4,2520
2025-07-09 05:14:00,12.453372,37.883186,4,2520
2025-07-09 05:24:00,12.453372,37.883186,4,2520
2025-07-09 05:34:00,12.453372,37.883186,4,2520
2025-07-09 05:44:00,12.453372,37.883186,4,2520
2025-07-09 05:54:00,12.453372,37.883186,4,2520
2025-07-09 06:04:00,12.453372,37.883186,4,2520
2025-07-09 06:14:00,12.453372,37.883186,4,2520
2025-07-09 06:24:00,12.454548,37.881172,4,2520
2025-07-09 06:34:00,12.455773,37.87946,4,2520
2025-07-09 06:44:00,12.456854,37.87806,4,2520
2025-07-09 06:54:00,12.457651,37.876785,4,2520
2025-07-09 07:04:00,12.458203,37.87549,4,2520
2025-07-09 07:14:00,12.458517,37.874153,4,2520
2025-07-09 07:24:00,12.458653,37.872757,4,2520
2025-07-09 07:34:00,12.458702,37.87126,4,2520
2025-07-09 07:44:00,12.458784,37.869743,4,2520
2025-07-09 07:54:00,12.458953,37.868267,4,2520
2025-07-09 08:04:00,12.459228,37.866844,4,2520
2025-07-09 08:14:00,12.459627,37.865425,4,2520
2025-07-09 08:24:00,12.460164,37.863934,4,2520
2025-07-09 08:34:00,12.460744,37.8624,4,2520
2025-07-09 08:44:00,12.461212,37.86093,4,2520
2025-07-09 08:54:00,12.4615345,37.859547,4,2520
2025-07-09 09:04:00,12.461741,37.858128,4,2520
2025-07-09 09:14:00,12.461852,37.856606,4,2520
2025-07-09 09:24:00,12.461931,37.854965,4,2520
2025-07-09 09:34:00,12.461975,37.853237,4,2520
2025-07-09 09:44:00,12.461904,37.851475,4,2520
2025-07-09 09:54:00,12.461631,37.849537,4,2520
2025-07-09 10:04:00,12.461205,37.847153,4,2520
2025-07-09 10:14:00,12.461004,37.844715,4,2520
2025-07-09 10:24:00,12.461004,37.844715,4,2520
2025-07-09 10:34:00,12.461004,37.844715,4,2520
2025-07-09 10:44:00,12.461004,37.844715,4,2520
2025-07-09 10:54:00,12.461004,37.844715,4,2520
2025-07-09 11:04:00,12.461004,37.844715,4,2520
2025-07-09 11:14:00,12.461004,37.844715,4,2520
2025-07-09 11:24:00,12.461004,37.844715,4,2520
2025-07-09 11:34:00,12.461004,37.844715,4,2520
2025-07-09 11:44:00,12.461004,37.844715,4,2520
2025-07-09 11:54:00,12.461004,37.844715,4,2520
2025-07-09 12:04:00,12.461004,37.844715,4,2520
2025-07-09 12:14:00,12.461004,37.844715,4,2520
2025-07-09 12:24:00,12.461004,37.844715,4,2520
2025-07-09 12:34:00,12.461004,37.844715,4,2520
2025-07-09 12:44:00,12.461156,37.844074,4,2520
2025-07-09 12:54:00,12.461156,37.844074,4,2520
2025-07-09 13:04:00,12.461156,37.844074,4,2520
2025-07-09 13:14:00,12.461156,37.844074,4,2520
2025-07-09 13:24:00,12.461156,37.844074,4,2520
2025-07-09 13:34:00,12.461156,37.844074,4,2520
2025-07-09 13:44:00,12.461156,37.844074,4,2520
2025-07-09 13:54:00,12.461156,37.844074,4,2520
2025-07-09 14:04:00,12.461156,37.844074,4,2520
2025-07-09 14:14:00,12.461156,37.844074,4,2520
2025-07-09 14:24:00,12.461156,37.844074,4,2520
2025-07-09 14:34:00,12.461156,37.844074,4,2520
2025-07-09 14:44:00,12.461156,37.844074,4,2520
2025-07-09 14:54:00,12.461156,37.844074,4,2520
2025-07-09 15:04:00,12.461156,37.844074,4,2520
2025-07-09 15:14:00,12.461156,37.844074,4,2520
2025-07-09 15:24:00,12.461156,37.844074,4,2520
2025-07-09 15:34:00,12.461156,37.844074,4,2520
2025-07-09 15:44:00,12.461156,37.844074,4,2520
2025-07-09 15:54:00,12.461156,37.844074,4,2520
2025-07-09 16:04:00,12.461156,37.844074,4,2520
2025-07-09 16:14:00,12.461156,37.844074,4,2520
2025-07-09 16:24:00,12.461156,37.844074,4,2520
2025-07-09 16:34:00,12.461156,37.844074,4,2520
2025-07-09 16:44:00,12.461156,37.844074,4,2520
2025-07-09 16:54:00,12.461156,37.844074,4,2520
2025-07-09 17:04:00,12.461156,37.844074,4,2520
2025-07-09 17:14:00,12.461156,37.844074,4,2520
2025-07-09 17:24:00,12.461156,37.844074,4,2520
2025-07-09 17:34:00,12.461156,37.844074,4,2520
2025-07-09 17:44:00,12.461156,37.844074,4,2520
2025-07-09 17:54:00,12.461156,37.844074,4,2520
2025-07-09 18:04:00,12.461156,37.844074,4,2520
2025-07-09 18:14:00,12.461156,37.844074,4,2520
2025-07-09 18:24:00,12.461156,37.844074,4,2520
2025-07-09 18:34:00,12.461156,37.844074,4,2520
2025-07-09 18:44:00,12.461156,37.844074,4,2520
2025-07-09 18:54:00,12.461156,37.844074,4,2520
2025-07-09 19:04:00,12.461156,37.844074,4,2520
2025-07-09 19:14:00,12.461156,37.844074,4,2520
2025-07-09 19:24:00,12.461156,37.844074,4,2520
2025-07-09 19:34:00,12.461156,37.844074,4,2520
2025-07-09 19:44:00,12.461156,37.844074,4,2520
2025-07-09 19:54:00,12.461156,37.844074,4,2520
2025-07-09 20:04:00,12.461156,37.844074,4,2520
2025-07-09 20:14:00,12.461156,37.844074,4,2520
2025-07-09 20:24:00,12.461156,37.844074,4,2520
2025-07-09 20:34:00,12.461156,37.844074,4,2520
2025-07-09 20:44:00,12.461156,37.844074,4,2520
2025-07-09 20:54:00,12.461156,37.844074,4,2520
2025-07-09 21:04:00,12.461156,37.844074,4,2520
2025-07-09 21:14:00,12.461156,37.844074,4,2520
2025-07-09 21:24:00,12.461156,37.844074,4,2520
2025-07-09 21:34:00,12.461156,37.844074,4,2520
2025-07-09 21:44:00,12.461156,37.844074,4,2520
2025-07-09 21:54:00,12.461156,37.844074,4,2520
2025-07-09 22:04:00,12.461156,37.844074,4,2520
2025-07-09 22:14:00,12.461156,37.844074,4,2520
2025-07-09 22:24:00,12.461156,37.844074,4,2520
2025-07-09 22:34:00,12.461156,37.844074,4,2520
2025-07-09 22:44:00,12.461156,37.844074,4,2520
2025-07-09 22:54:00,12.461156,37.844074,4,2520
2025-07-09 23:04:00,12.461156,37.844074,4,2520
2025-07-09 23:14:00,12.461156,37.844074,4,2520
2025-07-09 23:24:00,12.461156,37.844074,4,2520
2025-07-09 23:34:00,12.461156,37.844074,4,2520
2025-07-09 23:44:00,12.461156,37.844074,4,2520
2025-07-09 23:54:00,12.461156,37.844074,4,2520
2025-07-10 00:04:00,12.461156,37.844074,4,2520
2025-07-08 10:44:00,12.45017,37.8852,4,7520
2025-07-08 10:54:00,12.451005,37.88486,4,7520
2025-07-08 11:04:00,12.451894,37.88432,4,7520
2025-07-08 11:14:00,12.4528,37.883617,4,7520
2025-07-08 11:24:00,12.453656,37.883,4,7520
2025-07-08 11:34:00,12.453656,37.883,4,7520
2025-07-08 11:44:00,12.453656,37.883,4,7520
2025-07-08 11:54:00,12.453656,37.883,4,7520
2025-07-08 12:04:00,12.453656,37.883,4,7520
2025-07-08 12:14:00,12.453656,37.883,4,7520
2025-07-08 12:24:00,12.453656,37.883,4,7520
2025-07-08 12:34:00,12.453656,37.883,4,7520
2025-07-08 12:44:00,12.453656,37.883,4,7520
2025-07-08 12:54:00,12.453656,37.883,4,7520
2025-07-08 13:04:00,12.453656,37.883,4,7520
2025-07-08 13:14:00,12.453656,37.883,4,7520
2025-07-08 13:24:00,12.453656,37.883,4,7520
2025-07-08 13:34:00,12.453656,37.883,4,7520
2025-07-08 13:44:00,12.453656,37.883,4,7520
2025-07-08 13:54:00,12.453656,37.883,4,7520
2025-07-08 14:04:00,12.453656,37.883,4,7520
2025-07-08 14:14:00,12.453656,37.883,4,7520
2025-07-08 14:24:00,12.453656,37.883,4,7520
2025-07-08 14:34:00,12.453656,37.883,4,7520
2025-07-08 14:44:00,12.453656,37.883,4,7520
2025-07-08 14:54:00,12.453656,37.883,4,7520
2025-07-08 15:04:00,12.453656,37.883,4,7520
2025-07-08 15:14:00,12.453656,37.883,4,7520
2025-07-08 15:24:00,12.453656,37.883,4,7520
2025-07-08 15:34:00,12.453656,37.883,4,7520
2025-07-08 15:44:00,12.453656,37.883,4,7520
2025-07-08 15:54:00,12.453656,37.883,4,7520
2025-07-08 16:04:00,12.453656,37.883,4,7520
2025-07-08 16:14:00,12.453656,37.883,4,7520
2025-07-08 16:24:00,12.453656,37.883,4,7520
2025-07-08 16:34:00,12.453656,37.883,4,7520
2025-07-08 16:44:00,12.453656,37.883,4,7520
2025-07-08 16:54:00,12.453656,37.883,4,7520
2025-07-08 17:04:00,12.453656,37.883,4,7520
2025-07-08 17:14:00,12.453656,37.883,4,7520
2025-07-08 17:24:00,12.453656,37.883,4,7520
2025-07-08 17:34:00,12.453656,37.883,4,7520
2025-07-08 17:44:00,12.453656,37.883,4,7520
2025-07-08 17:54:00,12.453656,37.883,4,7520
2025-07-08 18:04:00,12.453656,37.883,4,7520
2025-07-08 18:14:00,12.453656,37.883,4,7520
2025-07-08 18:24:00,12.453656,37.883,4,7520
2025-07-08 18:34:00,12.453656,37.883,4,7520
2025-07-08 18:44:00,12.453656,37.883,4,7520
2025-07-08 18:54:00,12.453656,37.883,4,7520
2025-07-08 19:04:00,12.453656,37.883,4,7520
2025-07-08 19:14:00,12.453656,37.883,4,7520
2025-07-08 19:24:00,12.453656,37.883,4,7520
2025-07-08 19:34:00,12.453656,37.883,4,7520
2025-07-08 19:44:00,12.453656,37.883,4,7520
2025-07-08 19:54:00,12.453656,37.883,4,7520
2025-07-08 20:04:00,12.453656,37.883,4,7520
2025-07-08 20:14:00,12.453656,37.883,4,7520
2025-07-08 20:24:00,12.453656,37.883,4,7520
2025-07-08 20:34:00,12.453656,37.883,4,7520
2025-07-08 20:44:00,12.453656,37.883,4,7520
2025-07-08 20:54:00,12.453656,37.883,4,7520
2025-07-08 21:04:00,12.453656,37.883,4,7520
2025-07-08 21:14:00,12.453656,37.883,4,7520
2025-07-08 21:24:00,12.453656,37.883,4,7520
2025-07-08 21:34:00,12.453656,37.883,4,7520
2025-07-08 21:44:00,12.453656,37.883,4,7520
2025-07-08 21:54:00,12.453656,37.883,4,7520
2025-07-08 22:04:00,12.453656,37.883,4,7520
2025-07-08 22:14:00,12.453656,37.883,4,7520
2025-07-08 22:24:00,12.453656,37.883,4,7520
2025-07-08 22:34:00,12.453656,37.883,4,7520
2025-07-08 22:44:00,12.453656,37.883,4,7520
2025-07-08 22:54:00,12.453656,37.883,4,7520
2025-07-08 23:04:00,12.453656,37.883,4,7520
2025-07-08 23:14:00,12.453656,37.883,4,7520
2025-07-08 23:24:00,12.453656,37.883,4,7520
2025-07-08 23:34:00,12.453656,37.883,4,7520
2025-07-08 23:44:00,12.453656,37.883,4,7520
2025-07-08 23:54:00,12.453656,37.883,4,7520
2025-07-09 00:04:00,12.453656,37.883,4,7520
2025-07-09 00:14:00,12.453656,37.883,4,7520
2025-07-09 00:24:00,12.453656,37.883,4,7520
2025-07-09 00:34:00,12.453656,37.883,4,7520
2025-07-09 00:44:00,12.453656,37.883,4,7520
2025-07-09 00:54:00,12.453656,37.883,4,7520
2025-07-09 01:04:00,12.453656,37.883,4,7520
2025-07-09 01:14:00,12.453656,37.883,4,7520
2025-07-09 01:24:00,12.453656,37.883,4,7520
2025-07-09 01:34:00,12.453656,37.883,4,7520
2025-07-09 01:44:00,12.453656,37.883,4,7520
2025-07-09 01:54:00,12.453656,37.883,4,7520
2025-07-09 02:04:00,12.453656,37.883,4,7520
2025-07-09 02:14:00,12.453656,37.883,4,7520
2025-07-09 02:24:00,12.453656,37.883,4,7520
2025-07-09 02:34:00,12.453656,37.883,4,7520
2025-07-09 02:44:00,12.453656,37.883,4,7520
2025-07-09 02:54:00,12.453656,37.883,4,7520
2025-07-09 03:04:00,12.453656,37.883,4,7520
2025-07-09 03:14:00,12.453656,37.883,4,7520
2025-07-09 03:24:00,12.453656,37.883,4,7520
2025-07-09 03:34:00,12.453656,37.883,4,7520
2025-07-09 03:44:00,12.453656,37.883,4,7520
2025-07-09 03:54:00,12.453656,37.883,4,7520
2025-07-09 04:04:00,12.453656,37.883,4,7520
2025-07-09 04:14:00,12.453656,37.883,4,7520
2025-07-09 04:24:00,12.453656,37.883,4,7520
2025-07-09 04:34:00,12.453656,37.883,4,7520
2025-07-09 04:44:00,12.453656,37.883,4,7520
2025-07-09 04:54:00,12.453656,37.883,4,7520
2025-07-09 05:04:00,12.453656,37.883,4,7520
2025-07-09 05:14:00,12.453656,37.883,4,7520
2025-07-09 05:24:00,12.453656,37.883,4,7520
2025-07-09 05:34:00,12.453656,37.883,4,7520
2025-07-09 05:44:00,12.453656,37.883,4,7520
2025-07-09 05:54:00,12.453656,37.883,4,7520
2025-07-09 06:04:00,12.453656,37.883,4,7520
2025-07-09 06:14:00,12.453656,37.883,4,7520
2025-07-09 06:24:00,12.453656,37.883,4,7520
2025-07-09 06:34:00,12.453656,37.883,4,7520
2025-07-09 06:44:00,12.454716,37.880905,4,7520
2025-07-09 06:54:00,12.4558115,37.87915,4,7520
2025-07-09 07:04:00,12.456701,37.877674,4,7520
2025-07-09 07:14:00,12.457354,37.87633,4,7520
2025-07-09 07:24:00,12.457823,37.875015,4,7520
2025-07-09 07:34:00,12.458092,37.873657,4,7520
2025-07-09 07:44:00,12.458223,37.872227,4,7520
2025-07-09 07:54:00,12.458293,37.870728,4,7520
2025-07-09 08:04:00,12.458403,37.86925,4,7520
2025-07-09 08:14:00,12.458609,37.867817,4,7520
2025-07-09 08:24:00,12.458931,37.8664,4,7520
2025-07-09 08:34:00,12.459382,37.864964,4,7520
2025-07-09 08:44:00,12.459974,37.86343,4,7520
2025-07-09 08:54:00,12.46053,37.86188,4,7520
2025-07-09 09:04:00,12.460957,37.86041,4,7520
2025-07-09 09:14:00,12.461218,37.858997,4,7520
2025-07-09 09:24:00,12.461351,37.857517,4,7520
2025-07-09 09:34:00,12.461426,37.85591,4,7520
2025-07-09 09:44:00,12.461478,37.854195,4,7520
2025-07-09 09:54:00,12.461479,37.852413,4,7520
2025-07-09 10:04:00,12.461331,37.850567,4,7520
2025-07-09 10:14:00,12.461002,37.8484,4,7520
2025-07-09 10:24:00,12.460675,37.8459,4,7520
2025-07-09 10:34:00,12.460553,37.843567,4,7520
2025-07-09 10:44:00,12.460553,37.843567,4,7520
2025-07-09 10:54:00,12.460553,37.843567,4,7520
2025-07-09 11:04:00,12.460553,37.843567,4,7520
2025-07-09 11:14:00,12.460553,37.843567,4,7520
2025-07-09 11:24:00,12.460553,37.843567,4,7520
2025-07-09 11:34:00,12.460553,37.843567,4,7520
2025-07-09 11:44:00,12.460553,37.843567,4,7520
2025-07-09 11:54:00,12.460553,37.843567,4,7520
2025-07-09 12:04:00,12.460553,37.843567,4,7520
2025-07-09 12:14:00,12.460553,37.843567,4,7520
2025-07-09 12:24:00,12.460553,37.843567,4,7520
2025-07-09 12:34:00,12.460553,37.843567,4,7520
2025-07-09 12:44:00,12.460553,37.843567,4,7520
2025-07-09 12:54:00,12.460553,37.843567,4,7520
2025-07-09 13:04:00,12.460553,37.843567,4,7520
2025-07-09 13:14:00,12.460553,37.843567,4,7520
2025-07-09 13:24:00,12.460553,37.843567,4,7520
2025-07-09 13:34:00,12.460553,37.843567,4,7520
2025-07-09 13:44:00,12.460553,37.843567,4,7520
2025-07-09 13:54:00,12.460553,37.843567,4,7520
2025-07-09 14:04:00,12.460553,37.843567,4,7520
2025-07-09 14:14:00,12.460553,37.843567,4,7520
2025-07-09 14:24:00,12.460553,37.843567,4,7520
2025-07-09 14:34:00,12.460553,37.843567,4,7520
2025-07-09 14:44:00,12.460553,37.843567,4,7520
2025-07-09 14:54:00,12.460553,37.843567,4,7520
2025-07-09 15:04:00,12.460553,37.843567,4,7520
2025-07-09 15:14:00,12.460553,37.843567,4,7520
2025-07-09 15:24:00,12.460553,37.843567,4,7520
2025-07-09 15:34:00,12.460553,37.843567,4,7520
2025-07-09 15:44:00,12.460553,37.843567,4,7520
2025-07-09 15:54:00,12.460553,37.843567,4,7520
2025-07-09 16:04:00,12.460553,37.843567,4,7520
2025-07-09 16:14:00,12.460553,37.843567,4,7520
2025-07-09 16:24:00,12.460553,37.843567,4,7520
2025-07-09 16:34:00,12.460553,37.843567,4,7520
2025-07-09 16:44:00,12.460553,37.843567,4,7520
2025-07-09 16:54:00,12.460553,37.843567,4,7520
2025-07-09 17:04:00,12.460553,37.843567,4,7520
2025-07-09 17:14:00,12.460553,37.843567,4,7520
2025-07-09 17:24:00,12.460553,37.843567,4,7520
2025-07-09 17:34:00,12.460553,37.843567,4,7520
2025-07-09 17:44:00,12.460553,37.843567,4,7520
2025-07-09 17:54:00,12.460553,37.843567,4,7520
2025-07-09 18:04:00,12.460553,37.843567,4,7520
2025-07-09 18:14:00,12.460553,37.843567,4,7520
2025-07-09 18:24:00,12.460553,37.843567,4,7520
2025-07-09 18:34:00,12.460553,37.843567,4,7520
2025-07-09 18:44:00,12.460553,37.843567,4,7520
2025-07-09 18:54:00,12.460553,37.843567,4,7520
2025-07-09 19:04:00,12.460169,37.84221,4,7520
2025-07-09 19:14:00,12.459823,37.840908,4,7520
2025-07-09 19:24:00,12.459554,37.83971,4,7520
2025-07-09 19:34:00,12.459334,37.83859,4,7520
2025-07-09 19:44:00,12.459144,37.83754,4,7520
2025-07-09 19:54:00,12.458943,37.836533,4,7520
2025-07-09 20:04:00,12.458728,37.83556,4,7520
2025-07-09 20:14:00,12.458511,37.83464,4,7520
2025-07-09 20:24:00,12.458292,37.833775,4,7520
2025-07-09 20:34:00,12.458086,37.832954,4,7520
2025-07-09 20:44:00,12.45791,37.83216,4,7520
2025-07-09 20:54:00,12.457756,37.831398,4,7520
2025-07-09 21:04:00,12.457637,37.830654,4,7520
2025-07-09 21:14:00,12.457534,37.829914,4,7520
2025-07-09 21:24:00,12.457439,37.829155,4,7520
2025-07-09 21:34:00,12.457359,37.82836,4,7520
2025-07-09 21:44:00,12.457298,37.82754,4,7520
2025-07-09 21:54:00,12.457234,37.826683,4,7520
2025-07-09 22:04:00,12.457163,37.825787,4,7520
2025-07-09 22:14:00,12.45708,37.824894,4,7520
2025-07-09 22:24:00,12.456978,37.82403,4,7520
2025-07-09 22:34:00,12.456857,37.823196,4,7520
2025-07-09 22:44:00,12.456736,37.82241,4,7520
2025-07-09 22:54:00,12.456616,37.821663,4,7520
2025-07-09 23:04:00,12.456505,37.820953,4,7520
2025-07-09 23:14:00,12.456402,37.82029,4,7520
2025-07-09 23:24:00,12.456308,37.81967,4,7520
2025-07-09 23:34:00,12.45622,37.819077,4,7520
2025-07-09 23:44:00,12.456132,37.818504,4,7520
2025-07-09 23:54:00,12.456044,37.81795,4,7520
2025-07-10 00:04:00,12.456037,37.817463,4,7520
2025-07-08 10:44:00,12.450544,37.885204,4,930
2025-07-08 10:54:00,12.451408,37.884777,4,930
2025-07-08 11:04:00,12.452332,37.88413,4,930
2025-07-08 11:14:00,12.453242,37.88346,4,930
2025-07-08 11:24:00,12.453679,37.883156,4,930
2025-07-08 11:34:00,12.453679,37.883156,4,930
2025-07-08 11:44:00,12.453679,37.883156,4,930
2025-07-08 11:54:00,12.453679,37.883156,4,930
2025-07-08 12:04:00,12.453679,37.883156,4,930
2025-07-08 12:14:00,12.453679,37.883156,4,930
2025-07-08 12:24:00,12.453679,37.883156,4,930
2025-07-08 12:34:00,12.453679,37.883156,4,930
2025-07-08 12:44:00,12.453679,37.883156,4,930
2025-07-08 12:54:00,12.453679,37.883156,4,930
2025-07-08 13:04:00,12.453679,37.883156,4,930
2025-07-08 13:14:00,12.453679,37.883156,4,930
2025-07-08 13:24:00,12.453679,37.883156,4,930
2025-07-08 13:34:00,12.453679,37.883156,4,930
2025-07-08 13:44:00,12.453679,37.883156,4,930
2025-07-08 13:54:00,12.453679,37.883156,4,930
2025-07-08 14:04:00,12.453679,37.883156,4,930
2025-07-08 14:14:00,12.453679,37.883156,4,930
2025-07-08 14:24:00,12.453679,37.883156,4,930
2025-07-08 14:34:00,12.453679,37.883156,4,930
2025-07-08 14:44:00,12.453679,37.883156,4,930
2025-07-08 14:54:00,12.453679,37.883156,4,930
2025-07-08 15:04:00,12.453679,37.883156,4,930
2025-07-08 15:14:00,12.453679,37.883156,4,930
2025-07-08 15:24:00,12.453679,37.883156,4,930
2025-07-08 15:34:00,12.453679,37.883156,4,930
2025-07-08 15:44:00,12.453679,37.883156,4,930
2025-07-08 15:54:00,12.453679,37.883156,4,930
2025-07-08 16:04:00,12.453679,37.883156,4,930
2025-07-08 16:14:00,12.453679,37.883156,4,930
2025-07-08 16:24:00,12.453679,37.883156,4,930
2025-07-08 16:34:00,12.453679,37.883156,4,930
2025-07-08 16:44:00,12.453679,37.883156,4,930
2025-07-08 16:54:00,12.453679,37.883156,4,930
2025-07-08 17:04:00,12.453679,37.883156,4,930
2025-07-08 17:14:00,12.453679,37.883156,4,930
2025-07-08 17:24:00,12.453679,37.883156,4,930
2025-07-08 17:34:00,12.453679,37.883156,4,930
2025-07-08 17:44:00,12.453679,37.883156,4,930
2025-07-08 17:54:00,12.453679,37.883156,4,930
2025-07-08 18:04:00,12.453679,37.883156,4,930
2025-07-08 18:14:00,12.453679,37.883156,4,930
2025-07-08 18:24:00,12.453679,37.883156,4,930
2025-07-08 18:34:00,12.453679,37.883156,4,930
2025-07-08 18:44:00,12.453679,37.883156,4,930
2025-07-08 18:54:00,12.453679,37.883156,4,930
2025-07-08 19:04:00,12.453679,37.883156,4,930
2025-07-08 19:14:00,12.453679,37.883156,4,930
2025-07-08 19:24:00,12.453679,37.883156,4,930
2025-07-08 19:34:00,12.453679,37.883156,4,930
2025-07-08 19:44:00,12.453679,37.883156,4,930
2025-07-08 19:54:00,12.453679,37.883156,4,930
2025-07-08 20:04:00,12.453679,37.883156,4,930
2025-07-08 20:14:00,12.453679,37.883156,4,930
2025-07-08 20:24:00,12.453679,37.883156,4,930
2025-07-08 20:34:00,12.453679,37.883156,4,930
2025-07-08 20:44:00,12.453679,37.883156,4,930
2025-07-08 20:54:00,12.453679,37.883156,4,930
2025-07-08 21:04:00,12.453679,37.883156,4,930
2025-07-08 21:14:00,12.453679,37.883156,4,930
2025-07-08 21:24:00,12.453679,37.883156,4,930
2025-07-08 21:34:00,12.453679,37.883156,4,930
2025-07-08 21:44:00,12.453679,37.883156,4,930
2025-07-08 21:54:00,12.453679,37.883156,4,930
2025-07-08 22:04:00,12.453679,37.883156,4,930
2025-07-08 22:14:00,12.453679,37.883156,4,930
2025-07-08 22:24:00,12.453679,37.883156,4,930
2025-07-08 22:34:00,12.453679,37.883156,4,930
2025-07-08 22:44:00,12.453679,37.883156,4,930
2025-07-08 22:54:00,12.453679,37.883156,4,930
2025-07-08 23:04:00,12.453679,37.883156,4,930
2025-07-08 23:14:00,12.453679,37.883156,4,930
2025-07-08 23:24:00,12.453679,37.883156,4,930
2025-07-08 23:34:00,12.453679,37.883156,4,930
2025-07-08 23:44:00,12.453679,37.883156,4,930
2025-07-08 23:54:00,12.453679,37.883156,4,930
2025-07-09 00:04:00,12.453679,37.883156,4,930
2025-07-09 00:14:00,12.453679,37.883156,4,930
2025-07-09 00:24:00,12.453679,37.883156,4,930
2025-07-09 00:34:00,12.453679,37.883156,4,930
2025-07-09 00:44:00,12.453679,37.883156,4,930
2025-07-09 00:54:00,12.453679,37.883156,4,930
2025-07-09 01:04:00,12.453679,37.883156,4,930
2025-07-09 01:14:00,12.453679,37.883156,4,930
2025-07-09 01:24:00,12.453679,37.883156,4,930
2025-07-09 01:34:00,12.453679,37.883156,4,930
2025-07-09 01:44:00,12.453679,37.883156,4,930
2025-07-09 01:54:00,12.453679,37.883156,4,930
2025-07-09 02:04:00,12.453679,37.883156,4,930
2025-07-09 02:14:00,12.453679,37.883156,4,930
2025-07-09 02:24:00,12.453679,37.883156,4,930
2025-07-09 02:34:00,12.453679,37.883156,4,930
2025-07-09 02:44:00,12.453679,37.883156,4,930
2025-07-09 02:54:00,12.453679,37.883156,4,930
2025-07-09 03:04:00,12.453679,37.883156,4,930
2025-07-09 03:14:00,12.453679,37.883156,4,930
2025-07-09 03:24:00,12.453679,37.883156,4,930
2025-07-09 03:34:00,12.453679,37.883156,4,930
2025-07-09 03:44:00,12.453679,37.883156,4,930
2025-07-09 03:54:00,12.453679,37.883156,4,930
2025-07-09 04:04:00,12.453679,37.883156,4,930
2025-07-09 04:14:00,12.453679,37.883156,4,930
2025-07-09 04:24:00,12.453679,37.883156,4,930
2025-07-09 04:34:00,12.453679,37.883156,4,930
2025-07-09 04:44:00,12.453679,37.883156,4,930
2025-07-09 04:54:00,12.453679,37.883156,4,930
2025-07-09 05:04:00,12.453679,37.883156,4,930
2025-07-09 05:14:00,12.453679,37.883156,4,930
2025-07-09 05:24:00,12.453679,37.883156,4,930
2025-07-09 05:34:00,12.453679,37.883156,4,930
2025-07-09 05:44:00,12.453679,37.883156,4,930
2025-07-09 05:54:00,12.453679,37.883156,4,930
2025-07-09 06:04:00,12.453679,37.883156,4,930
2025-07-09 06:14:00,12.453679,37.883156,4,930
2025-07-09 06:24:00,12.453679,37.883156,4,930
2025-07-09 06:34:00,12.453679,37.883156,4,930
2025-07-09 06:44:00,12.453679,37.883156,4,930
2025-07-09 06:54:00,12.453679,37.883156,4,930
2025-07-09 07:04:00,12.453679,37.883156,4,930
2025-07-09 07:14:00,12.453679,37.883156,4,930
2025-07-09 07:24:00,12.453679,37.883156,4,930
2025-07-09 07:34:00,12.453679,37.883156,4,930
2025-07-09 07:44:00,12.453679,37.883156,4,930
2025-07-09 07:54:00,12.453679,37.883156,4,930
2025-07-09 08:04:00,12.453679,37.883156,4,930
2025-07-09 08:14:00,12.453679,37.883156,4,930
2025-07-09 08:24:00,12.453679,37.883156,4,930
2025-07-09 08:34:00,12.453679,37.883156,4,930
2025-07-09 08:44:00,12.453679,37.883156,4,930
2025-07-09 08:54:00,12.453679,37.883156,4,930
2025-07-09 09:04:00,12.453679,37.883156,4,930
2025-07-09 09:14:00,12.453679,37.883156,4,930
2025-07-09 09:24:00,12.453679,37.883156,4,930
2025-07-09 09:34:00,12.453679,37.883156,4,930
2025-07-09 09:44:00,12.453679,37.883156,4,930
2025-07-09 09:54:00,12.454436,37.881042,4,930
2025-07-09 10:04:00,12.45525,37.879242,4,930
2025-07-09 10:14:00,12.455899,37.87773,4,930
2025-07-09 10:24:00,12.456365,37.87633,4,930
2025-07-09 10:34:00,12.456676,37.874947,4,930
2025-07-09 10:44:00,12.456858,37.873474,4,930
2025-07-09 10:54:00,12.456959,37.871944,4,930
2025-07-09 11:04:00,12.457036,37.870407,4,930
2025-07-09 11:14:00,12.457155,37.868946,4,930
2025-07-09 11:24:00,12.457351,37.86757,4,930
2025-07-09 11:34:00,12.457606,37.866234,4,930
2025-07-09 11:44:00,12.457911,37.864914,4,930
2025-07-09 11:54:00,12.45828,37.863575,4,930
2025-07-09 12:04:00,12.458643,37.86224,4,930
2025-07-09 12:14:00,12.458973,37.860935,4,930
2025-07-09 12:24:00,12.459271,37.85969,4,930
2025-07-09 12:34:00,12.459572,37.85849,4,930
2025-07-09 12:44:00,12.459895,37.857315,4,930
2025-07-09 12:54:00,12.460248,37.85616,4,930
2025-07-09 13:04:00,12.460627,37.855022,4,930
2025-07-09 13:14:00,12.460978,37.853916,4,930
2025-07-09 13:24:00,12.461261,37.852856,4,930
2025-07-09 13:34:00,12.461463,37.851875,4,930
2025-07-09 13:44:00,12.461612,37.850956,4,930
2025-07-09 13:54:00,12.461757,37.85007,4,930
2025-07-09 14:04:00,12.461909,37.849213,4,930
2025-07-09 14:14:00,12.462054,37.848354,4,930
2025-07-09 14:24:00,12.462054,37.848354,4,930
2025-07-09 14:34:00,12.462054,37.848354,4,930
2025-07-09 14:44:00,12.462072,37.847893,4,930
2025-07-09 14:54:00,12.462044,37.84693,4,930
2025-07-09 15:04:00,12.461944,37.84591,4,930
2025-07-09 15:14:00,12.461834,37.844864,4,930
2025-07-09 15:24:00,12.461834,37.844864,4,930
2025-07-09 15:34:00,12.461834,37.844864,4,930
2025-07-09 15:44:00,12.461834,37.844864,4,930
2025-07-09 15:54:00,12.461834,37.844864,4,930
2025-07-09 16:04:00,12.461834,37.844864,4,930
2025-07-09 16:14:00,12.461834,37.844864,4,930
2025-07-09 16:24:00,12.461834,37.844864,4,930
2025-07-09 16:34:00,12.461834,37.844864,4,930
2025-07-09 16:44:00,12.461834,37.844864,4,930
2025-07-09 16:54:00,12.461834,37.844864,4,930
2025-07-09 17:04:00,12.461834,37.844864,4,930
2025-07-09 17:14:00,12.461834,37.844864,4,930
2025-07-09 17:24:00,12.461834,37.844864,4,930
2025-07-09 17:34:00,12.461834,37.844864,4,930
2025-07-09 17:44:00,12.461834,37.844864,4,930
2025-07-09 17:54:00,12.461834,37.844864,4,930
2025-07-09 18:04:00,12.461834,37.844864,4,930
2025-07-09 18:14:00,12.461834,37.844864,4,930
2025-07-09 18:24:00,12.461834,37.844864,4,930
2025-07-09 18:34:00,12.461834,37.844864,4,930
2025-07-09 18:44:00,12.461834,37.844864,4,930
2025-07-09 18:54:00,12.461834,37.844864,4,930
2025-07-09 19:04:00,12.461834,37.844864,4,930
2025-07-09 19:14:00,12.461834,37.844864,4,930
2025-07-09 19:24:00,12.461834,37.844864,4,930
2025-07-09 19:34:00,12.461834,37.844864,4,930
2025-07-09 19:44:00,12.461834,37.844864,4,930
2025-07-09 19:54:00,12.461834,37.844864,4,930
2025-07-09 20:04:00,12.461834,37.844864,4,930
2025-07-09 20:14:00,12.461834,37.844864,4,930
2025-07-09 20:24:00,12.461834,37.844864,4,930
2025-07-09 20:34:00,12.461834,37.844864,4,930
2025-07-09 20:44:00,12.461834,37.844864,4,930
2025-07-09 20:54:00,12.461834,37.844864,4,930
2025-07-09 21:04:00,12.461834,37.844864,4,930
2025-07-09 21:14:00,12.461834,37.844864,4,930
2025-07-09 21:24:00,12.461834,37.844864,4,930
2025-07-09 21:34:00,12.461834,37.844864,4,930
2025-07-09 21:44:00,12.461834,37.844864,4,930
2025-07-09 21:54:00,12.461834,37.844864,4,930
2025-07-09 22:04:00,12.461834,37.844864,4,930
2025-07-09 22:14:00,12.461834,37.844864,4,930
2025-07-09 22:24:00,12.461834,37.844864,4,930
2025-07-09 22:34:00,12.461834,37.844864,4,930
2025-07-09 22:44:00,12.461834,37.844864,4,930
2025-07-09 22:54:00,12.461834,37.844864,4,930
2025-07-09 23:04:00,12.461834,37.844864,4,930
2025-07-09 23:14:00,12.461834,37.844864,4,930
2025-07-09 23:24:00,12.461834,37.844864,4,930
2025-07-09 23:34:00,12.461834,37.844864,4,930
2025-07-09 23:44:00,12.461834,37.844864,4,930
2025-07-09 23:54:00,12.461834,37.844864,4,930
2025-07-10 00:04:00,12.461834,37.844864,4,930
2025-07-08 11:34:00,12.453646,37.874866,5,2520
2025-07-08 11:44:00,12.454221,37.874733,5,2520
2025-07-08 11:54:00,12.454752,37.87452,5,2520
2025-07-08 12:04:00,12.455228,37.87423,5,2520
2025-07-08 12:14:00,12.455698,37.873898,5,2520
2025-07-08 12:24:00,12.456199,37.873524,5,2520
2025-07-08 12:34:00,12.456732,37.873127,5,2520
2025-07-08 12:44:00,12.457303,37.872726,5,2520
2025-07-08 12:54:00,12.457917,37.872322,5,2520
2025-07-08 13:04:00,12.458578,37.87191,5,2520
2025-07-08 13:14:00,12.459286,37.871456,5,2520
2025-07-08 13:24:00,12.460039,37.870953,5,2520
2025-07-08 13:34:00,12.460845,37.8704,5,2520
2025-07-08 13:44:00,12.461738,37.869793,5,2520
2025-07-08 13:54:00,12.462219,37.86947,5,2520
2025-07-08 14:04:00,12.462219,37.86947,5,2520
2025-07-08 14:14:00,12.462219,37.86947,5,2520
2025-07-08 14:24:00,12.462219,37.86947,5,2520
2025-07-08 14:34:00,12.462219,37.86947,5,2520
2025-07-08 14:44:00,12.462219,37.86947,5,2520
2025-07-08 14:54:00,12.462219,37.86947,5,2520
2025-07-08 15:04:00,12.462219,37.86947,5,2520
2025-07-08 15:14:00,12.462219,37.86947,5,2520
2025-07-08 15:24:00,12.462219,37.86947,5,2520
2025-07-08 15:34:00,12.462219,37.86947,5,2520
2025-07-08 15:44:00,12.462219,37.86947,5,2520
2025-07-08 15:54:00,12.462219,37.86947,5,2520
2025-07-08 16:04:00,12.462219,37.86947,5,2520
2025-07-08 16:14:00,12.462219,37.86947,5,2520
2025-07-08 16:24:00,12.462219,37.86947,5,2520
2025-07-08 16:34:00,12.462219,37.86947,5,2520
2025-07-08 16:44:00,12.462219,37.86947,5,2520
2025-07-08 16:54:00,12.462219,37.86947,5,2520
2025-07-08 17:04:00,12.462219,37.86947,5,2520
2025-07-08 17:14:00,12.462219,37.86947,5,2520
2025-07-08 17:24:00,12.462219,37.86947,5,2520
2025-07-08 17:34:00,12.462219,37.86947,5,2520
2025-07-08 17:44:00,12.462219,37.86947,5,2520
2025-07-08 17:54:00,12.462219,37.86947,5,2520
2025-07-08 18:04:00,12.462219,37.86947,5,2520
2025-07-08 18:14:00,12.462219,37.86947,5,2520
2025-07-08 18:24:00,12.462219,37.86947,5,2520
2025-07-08 18:34:00,12.462219,37.86947,5,2520
2025-07-08 18:44:00,12.462219,37.86947,5,2520
2025-07-08 18:54:00,12.462219,37.86947,5,2520
2025-07-08 19:04:00,12.462219,37.86947,5,2520
2025-07-08 19:14:00,12.462219,37.86947,5,2520
2025-07-08 19:24:00,12.462219,37.86947,5,2520
2025-07-08 19:34:00,12.462219,37.86947,5,2520
2025-07-08 19:44:00,12.462219,37.86947,5,2520
2025-07-08 19:54:00,12.462219,37.86947,5,2520
2025-07-08 20:04:00,12.462219,37.86947,5,2520
2025-07-08 20:14:00,12.462219,37.86947,5,2520
2025-07-08 20:24:00,12.462219,37.86947,5,2520
2025-07-08 20:34:00,12.462219,37.86947,5,2520
2025-07-08 20:44:00,12.462219,37.86947,5,2520
2025-07-08 20:54:00,12.462219,37.86947,5,2520
2025-07-08 21:04:00,12.462219,37.86947,5,2520
2025-07-08 21:14:00,12.462219,37.86947,5,2520
2025-07-08 21:24:00,12.462219,37.86947,5,2520
2025-07-08 21:34:00,12.462219,37.86947,5,2520
2025-07-08 21:44:00,12.462219,37.86947,5,2520
2025-07-08 21:54:00,12.462219,37.86947,5,2520
2025-07-08 22:04:00,12.462219,37.86947,5,2520
2025-07-08 22:14:00,12.462219,37.86947,5,2520
2025-07-08 22:24:00,12.462219,37.86947,5,2520
2025-07-08 22:34:00,12.462219,37.86947,5,2520
2025-07-08 22:44:00,12.462219,37.86947,5,2520
2025-07-08 22:54:00,12.462219,37.86947,5,2520
2025-07-08 23:04:00,12.462219,37.86947,5,2520
2025-07-08 23:14:00,12.462219,37.86947,5,2520
2025-07-08 23:24:00,12.462219,37.86947,5,2520
2025-07-08 23:34:00,12.462219,37.86947,5,2520
2025-07-08 23:44:00,12.462219,37.86947,5,2520
2025-07-08 23:54:00,12.462219,37.86947,5,2520
2025-07-09 00:04:00,12.462219,37.86947,5,2520
2025-07-09 00:14:00,12.462219,37.86947,5,2520
2025-07-09 00:24:00,12.462219,37.86947,5,2520
2025-07-09 00:34:00,12.462219,37.86947,5,2520
2025-07-09 00:44:00,12.462219,37.86947,5,2520
2025-07-09 00:54:00,12.462219,37.86947,5,2520
2025-07-09 01:04:00,12.462219,37.86947,5,2520
2025-07-09 01:14:00,12.462219,37.86947,5,2520
2025-07-09 01:24:00,12.462219,37.86947,5,2520
2025-07-09 01:34:00,12.462219,37.86947,5,2520
2025-07-09 01:44:00,12.462219,37.86947,5,2520
2025-07-09 01:54:00,12.462219,37.86947,5,2520
2025-07-09 02:04:00,12.462219,37.86947,5,2520
2025-07-09 02:14:00,12.462219,37.86947,5,2520
2025-07-09 02:24:00,12.462219,37.86947,5,2520
2025-07-09 02:34:00,12.462219,37.86947,5,2520
2025-07-09 02:44:00,12.462219,37.86947,5,2520
2025-07-09 02:54:00,12.462219,37.86947,5,2520
2025-07-09 03:04:00,12.462219,37.86947,5,2520
2025-07-09 03:14:00,12.462219,37.86947,5,2520
2025-07-09 03:24:00,12.462219,37.86947,5,2520
2025-07-09 03:34:00,12.462219,37.86947,5,2520
2025-07-09 03:44:00,12.462219,37.86947,5,2520
2025-07-09 03:54:00,12.462219,37.86947,5,2520
2025-07-09 04:04:00,12.462219,37.86947,5,2520
2025-07-09 04:14:00,12.462219,37.86947,5,2520
2025-07-09 04:24:00,12.462219,37.86947,5,2520
2025-07-09 04:34:00,12.462219,37.86947,5,2520
2025-07-09 04:44:00,12.462219,37.86947,5,2520
2025-07-09 04:54:00,12.462219,37.86947,5,2520
2025-07-09 05:04:00,12.462219,37.86947,5,2520
2025-07-09 05:14:00,12.462219,37.86947,5,2520
2025-07-09 05:24:00,12.462219,37.86947,5,2520
2025-07-09 05:34:00,12.462219,37.86947,5,2520
2025-07-09 05:44:00,12.462219,37.86947,5,2520
2025-07-09 05:54:00,12.462219,37.86947,5,2520
2025-07-09 06:04:00,12.462219,37.86947,5,2520
2025-07-09 06:14:00,12.462219,37.86947,5,2520
2025-07-09 06:24:00,12.462219,37.86947,5,2520
2025-07-09 06:34:00,12.462219,37.86947,5,2520
2025-07-09 06:44:00,12.462219,37.86947,5,2520
2025-07-09 06:54:00,12.462219,37.86947,5,2520
2025-07-09 07:04:00,12.462219,37.86947,5,2520
2025-07-09 07:14:00,12.462219,37.86947,5,2520
2025-07-09 07:24:00,12.462219,37.86947,5,2520
2025-07-09 07:34:00,12.462219,37.86947,5,2520
2025-07-09 07:44:00,12.462219,37.86947,5,2520
2025-07-09 07:54:00,12.462219,37.86947,5,2520
2025-07-09 08:04:00,12.462219,37.86947,5,2520
2025-07-09 08:14:00,12.462219,37.86947,5,2520
2025-07-09 08:24:00,12.462219,37.86947,5,2520
2025-07-09 08:34:00,12.462219,37.86947,5,2520
2025-07-09 08:44:00,12.462219,37.86947,5,2520
2025-07-09 08:54:00,12.462219,37.86947,5,2520
2025-07-09 09:04:00,12.462219,37.86947,5,2520
2025-07-09 09:14:00,12.462219,37.86947,5,2520
2025-07-09 09:24:00,12.462219,37.86947,5,2520
2025-07-09 09:34:00,12.462219,37.86947,5,2520
2025-07-09 09:44:00,12.462219,37.86947,5,2520
2025-07-09 09:54:00,12.462219,37.86947,5,2520
2025-07-09 10:04:00,12.462219,37.86947,5,2520
2025-07-09 10:14:00,12.462219,37.86947,5,2520
2025-07-09 10:24:00,12.462219,37.86947,5,2520
2025-07-09 10:34:00,12.462219,37.86947,5,2520
2025-07-09 10:44:00,12.462219,37.86947,5,2520
2025-07-09 10:54:00,12.462219,37.86947,5,2520
2025-07-09 11:04:00,12.462219,37.86947,5,2520
2025-07-09 11:14:00,12.462219,37.86947,5,2520
2025-07-09 11:24:00,12.462219,37.86947,5,2520
2025-07-09 11:34:00,12.462219,37.86947,5,2520
2025-07-09 11:44:00,12.462219,37.86947,5,2520
2025-07-09 11:54:00,12.462219,37.86947,5,2520
2025-07-09 12:04:00,12.462219,37.86947,5,2520
2025-07-09 12:14:00,12.462219,37.86947,5,2520
2025-07-09 12:24:00,12.462219,37.86947,5,2520
2025-07-09 12:34:00,12.462219,37.86947,5,2520
2025-07-09 12:44:00,12.462219,37.86947,5,2520
2025-07-09 12:54:00,12.462219,37.86947,5,2520
2025-07-09 13:04:00,12.462219,37.86947,5,2520
2025-07-09 13:14:00,12.462219,37.86947,5,2520
2025-07-09 13:24:00,12.462219,37.86947,5,2520
2025-07-09 13:34:00,12.462219,37.86947,5,2520
2025-07-09 13:44:00,12.462219,37.86947,5,2520
2025-07-09 13:54:00,12.462219,37.86947,5,2520
2025-07-09 14:04:00,12.462219,37.86947,5,2520
2025-07-09 14:14:00,12.462219,37.86947,5,2520
2025-07-09 14:24:00,12.462219,37.86947,5,2520
2025-07-09 14:34:00,12.462219,37.86947,5,2520
2025-07-09 14:44:00,12.462219,37.86947,5,2520
2025-07-09 14:54:00,12.462219,37.86947,5,2520
2025-07-09 15:04:00,12.462219,37.86947,5,2520
2025-07-09 15:14:00,12.462219,37.86947,5,2520
2025-07-09 15:24:00,12.462219,37.86947,5,2520
2025-07-09 15:34:00,12.462219,37.86947,5,2520
2025-07-09 15:44:00,12.462219,37.86947,5,2520
2025-07-09 15:54:00,12.462219,37.86947,5,2520
2025-07-09 16:04:00,12.462219,37.86947,5,2520
2025-07-09 16:14:00,12.462219,37.86947,5,2520
2025-07-09 16:24:00,12.462219,37.86947,5,2520
2025-07-09 16:34:00,12.462219,37.86947,5,2520
2025-07-09 16:44:00,12.462219,37.86947,5,2520
2025-07-09 16:54:00,12.462219,37.86947,5,2520
2025-07-09 17:04:00,12.462219,37.86947,5,2520
2025-07-09 17:14:00,12.462219,37.86947,5,2520
2025-07-09 17:24:00,12.462219,37.86947,5,2520
2025-07-09 17:34:00,12.462219,37.86947,5,2520
2025-07-09 17:44:00,12.462219,37.86947,5,2520
2025-07-09 17:54:00,12.462219,37.86947,5,2520
2025-07-09 18:04:00,12.462219,37.86947,5,2520
2025-07-09 18:14:00,12.462219,37.86947,5,2520
2025-07-09 18:24:00,12.462219,37.86947,5,2520
2025-07-09 18:34:00,12.4620695,37.868736,5,2520
2025-07-09 18:44:00,12.461847,37.867237,5,2520
2025-07-09 18:54:00,12.461648,37.8658,5,2520
2025-07-09 19:04:00,12.461464,37.86441,5,2520
2025-07-09 19:14:00,12.461306,37.863064,5,2520
2025-07-09 19:24:00,12.461098,37.86179,5,2520
2025-07-09 19:34:00,12.460859,37.860546,5,2520
2025-07-09 19:44:00,12.460588,37.85931,5,2520
2025-07-09 19:54:00,12.460324,37.85801,5,2520
2025-07-09 20:04:00,12.460063,37.85661,5,2520
2025-07-09 20:14:00,12.459814,37.85511,5,2520
2025-07-09 20:24:00,12.459573,37.85353,5,2520
2025-07-09 20:34:00,12.459296,37.8519,5,2520
2025-07-09 20:44:00,12.458935,37.850098,5,2520
2025-07-09 20:54:00,12.458439,37.848034,5,2520
2025-07-09 21:04:00,12.457906,37.845882,5,2520
2025-07-09 21:14:00,12.457382,37.84382,5,2520
2025-07-09 21:24:00,12.456892,37.842003,5,2520
2025-07-09 21:34:00,12.456464,37.840427,5,2520
2025-07-09 21:44:00,12.456093,37.83899,5,2520
2025-07-09 21:54:00,12.455777,37.837685,5,2520
2025-07-09 22:04:00,12.455506,37.836483,5,2520
2025-07-09 22:14:00,12.455287,37.835377,5,2520
2025-07-09 22:24:00,12.455104,37.834335,5,2520
2025-07-09 22:34:00,12.454957,37.83334,5,2520
2025-07-09 22:44:00,12.454824,37.832386,5,2520
2025-07-09 22:54:00,12.454709,37.831474,5,2520
2025-07-09 23:04:00,12.454597,37.830597,5,2520
2025-07-09 23:14:00,12.454488,37.829754,5,2520
2025-07-09 23:24:00,12.454401,37.828964,5,2520
2025-07-09 23:34:00,12.45435,37.82823,5,2520
2025-07-09 23:44:00,12.454327,37.827557,5,2520
2025-07-09 23:54:00,12.454337,37.826912,5,2520
2025-07-10 00:04:00,12.454402,37.826374,5,2520
2025-07-08 11:34:00,12.453605,37.874905,5,7520
2025-07-08 11:44:00,12.454178,37.874775,5,7520
2025-07-08 11:54:00,12.454711,37.87456,5,7520
2025-07-08 12:04:00,12.455189,37.874275,5,7520
2025-07-08 12:14:00,12.455662,37.873943,5,7520
2025-07-08 12:24:00,12.456163,37.873573,5,7520
2025-07-08 12:34:00,12.456697,37.87318,5,7520
2025-07-08 12:44:00,12.457269,37.87278,5,7520
2025-07-08 12:54:00,12.457883,37.872375,5,7520
2025-07-08 13:04:00,12.458545,37.871964,5,7520
2025-07-08 13:14:00,12.459252,37.871513,5,7520
2025-07-08 13:24:00,12.460007,37.871006,5,7520
2025-07-08 13:34:00,12.460813,37.870453,5,7520
2025-07-08 13:44:00,12.461703,37.869846,5,7520
2025-07-08 13:54:00,12.462185,37.869522,5,7520
2025-07-08 14:04:00,12.462185,37.869522,5,7520
2025-07-08 14:14:00,12.462185,37.869522,5,7520
2025-07-08 14:24:00,12.462185,37.869522,5,7520
2025-07-08 14:34:00,12.462185,37.869522,5,7520
2025-07-08 14:44:00,12.462185,37.869522,5,7520
2025-07-08 14:54:00,12.462185,37.869522,5,7520
2025-07-08 15:04:00,12.462185,37.869522,5,7520
2025-07-08 15:14:00,12.462185,37.869522,5,7520
2025-07-08 15:24:00,12.462185,37.869522,5,7520
2025-07-08 15:34:00,12.462185,37.869522,5,7520
2025-07-08 15:44:00,12.462185,37.869522,5,7520
2025-07-08 15:54:00,12.462185,37.869522,5,7520
2025-07-08 16:04:00,12.462185,37.869522,5,7520
2025-07-08 16:14:00,12.462185,37.869522,5,7520
2025-07-08 16:24:00,12.462185,37.869522,5,7520
2025-07-08 16:34:00,12.462185,37.869522,5,7520
2025-07-08 16:44:00,12.462185,37.869522,5,7520
2025-07-08 16:54:00,12.462185,37.869522,5,7520
2025-07-08 17:04:00,12.462185,37.869522,5,7520
2025-07-08 17:14:00,12.462185,37.869522,5,7520
2025-07-08 17:24:00,12.462185,37.869522,5,7520
2025-07-08 17:34:00,12.462185,37.869522,5,7520
2025-07-08 17:44:00,12.462185,37.869522,5,7520
2025-07-08 17:54:00,12.462185,37.869522,5,7520
2025-07-08 18:04:00,12.462185,37.869522,5,7520
2025-07-08 18:14:00,12.462185,37.869522,5,7520
2025-07-08 18:24:00,12.462185,37.869522,5,7520
2025-07-08 18:34:00,12.462185,37.869522,5,7520
2025-07-08 18:44:00,12.462185,37.869522,5,7520
2025-07-08 18:54:00,12.462185,37.869522,5,7520
2025-07-08 19:04:00,12.462185,37.869522,5,7520
2025-07-08 19:14:00,12.462185,37.869522,5,7520
2025-07-08 19:24:00,12.462185,37.869522,5,7520
2025-07-08 19:34:00,12.462185,37.869522,5,7520
2025-07-08 19:44:00,12.462185,37.869522,5,7520
2025-07-08 19:54:00,12.462185,37.869522,5,7520
2025-07-08 20:04:00,12.462185,37.869522,5,7520
2025-07-08 20:14:00,12.462185,37.869522,5,7520
2025-07-08 20:24:00,12.462185,37.869522,5,7520
2025-07-08 20:34:00,12.462185,37.869522,5,7520
2025-07-08 20:44:00,12.462185,37.869522,5,7520
2025-07-08 20:54:00,12.462185,37.869522,5,7520
2025-07-08 21:04:00,12.462185,37.869522,5,7520
2025-07-08 21:14:00,12.462185,37.869522,5,7520
2025-07-08 21:24:00,12.462185,37.869522,5,7520
2025-07-08 21:34:00,12.462185,37.869522,5,7520
2025-07-08 21:44:00,12.462185,37.869522,5,7520
2025-07-08 21:54:00,12.462185,37.869522,5,7520
2025-07-08 22:04:00,12.462185,37.869522,5,7520
2025-07-08 22:14:00,12.462185,37.869522,5,7520
2025-07-08 22:24:00,12.462185,37.869522,5,7520
2025-07-08 22:34:00,12.462185,37.869522,5,7520
2025-07-08 22:44:00,12.462185,37.869522,5,7520
2025-07-08 22:54:00,12.462185,37.869522,5,7520
2025-07-08 23:04:00,12.462185,37.869522,5,7520
2025-07-08 23:14:00,12.462185,37.869522,5,7520
2025-07-08 23:24:00,12.462185,37.869522,5,7520
2025-07-08 23:34:00,12.462185,37.869522,5,7520
2025-07-08 23:44:00,12.462185,37.869522,5,7520
2025-07-08 23:54:00,12.462185,37.869522,5,7520
2025-07-09 00:04:00,12.462185,37.869522,5,7520
2025-07-09 00:14:00,12.462185,37.869522,5,7520
2025-07-09 00:24:00,12.462185,37.869522,5,7520
2025-07-09 00:34:00,12.462185,37.869522,5,7520
2025-07-09 00:44:00,12.462185,37.869522,5,7520
2025-07-09 00:54:00,12.462185,37.869522,5,7520
2025-07-09 01:04:00,12.462185,37.869522,5,7520
2025-07-09 01:14:00,12.462185,37.869522,5,7520
2025-07-09 01:24:00,12.462185,37.869522,5,7520
2025-07-09 01:34:00,12.462185,37.869522,5,7520
2025-07-09 01:44:00,12.462185,37.869522,5,7520
2025-07-09 01:54:00,12.462185,37.869522,5,7520
2025-07-09 02:04:00,12.462185,37.869522,5,7520
2025-07-09 02:14:00,12.462185,37.869522,5,7520
2025-07-09 02:24:00,12.462185,37.869522,5,7520
2025-07-09 02:34:00,12.462185,37.869522,5,7520
2025-07-09 02:44:00,12.462185,37.869522,5,7520
2025-07-09 02:54:00,12.462185,37.869522,5,7520
2025-07-09 03:04:00,12.462185,37.869522,5,7520
2025-07-09 03:14:00,12.462185,37.869522,5,7520
2025-07-09 03:24:00,12.462185,37.869522,5,7520
2025-07-09 03:34:00,12.462185,37.869522,5,7520
2025-07-09 03:44:00,12.462185,37.869522,5,7520
2025-07-09 03:54:00,12.462185,37.869522,5,7520
2025-07-09 04:04:00,12.462185,37.869522,5,7520
2025-07-09 04:14:00,12.462185,37.869522,5,7520
2025-07-09 04:24:00,12.462185,37.869522,5,7520
2025-07-09 04:34:00,12.462185,37.869522,5,7520
2025-07-09 04:44:00,12.462185,37.869522,5,7520
2025-07-09 04:54:00,12.462185,37.869522,5,7520
2025-07-09 05:04:00,12.462185,37.869522,5,7520
2025-07-09 05:14:00,12.462185,37.869522,5,7520
2025-07-09 05:24:00,12.462185,37.869522,5,7520
2025-07-09 05:34:00,12.462185,37.869522,5,7520
2025-07-09 05:44:00,12.462185,37.869522,5,7520
2025-07-09 05:54:00,12.462185,37.869522,5,7520
2025-07-09 06:04:00,12.462185,37.869522,5,7520
2025-07-09 06:14:00,12.462185,37.869522,5,7520
2025-07-09 06:24:00,12.462185,37.869522,5,7520
2025-07-09 06:34:00,12.462185,37.869522,5,7520
2025-07-09 06:44:00,12.462185,37.869522,5,7520
2025-07-09 06:54:00,12.462185,37.869522,5,7520
2025-07-09 07:04:00,12.462185,37.869522,5,7520
2025-07-09 07:14:00,12.462185,37.869522,5,7520
2025-07-09 07:24:00,12.462185,37.869522,5,7520
2025-07-09 07:34:00,12.462185,37.869522,5,7520
2025-07-09 07:44:00,12.462185,37.869522,5,7520
2025-07-09 07:54:00,12.462185,37.869522,5,7520
2025-07-09 08:04:00,12.462185,37.869522,5,7520
2025-07-09 08:14:00,12.462185,37.869522,5,7520
2025-07-09 08:24:00,12.462185,37.869522,5,7520
2025-07-09 08:34:00,12.462185,37.869522,5,7520
2025-07-09 08:44:00,12.462185,37.869522,5,7520
2025-07-09 08:54:00,12.462185,37.869522,5,7520
2025-07-09 09:04:00,12.462185,37.869522,5,7520
2025-07-09 09:14:00,12.462185,37.869522,5,7520
2025-07-09 09:24:00,12.462185,37.869522,5,7520
2025-07-09 09:34:00,12.462185,37.869522,5,7520
2025-07-09 09:44:00,12.462185,37.869522,5,7520
2025-07-09 09:54:00,12.462185,37.869522,5,7520
2025-07-09 10:04:00,12.462185,37.869522,5,7520
2025-07-09 10:14:00,12.462185,37.869522,5,7520
2025-07-09 10:24:00,12.462185,37.869522,5,7520
2025-07-09 10:34:00,12.462185,37.869522,5,7520
2025-07-09 10:44:00,12.462185,37.869522,5,7520
2025-07-09 10:54:00,12.462185,37.869522,5,7520
2025-07-09 11:04:00,12.462185,37.869522,5,7520
2025-07-09 11:14:00,12.462185,37.869522,5,7520
2025-07-09 11:24:00,12.462185,37.869522,5,7520
2025-07-09 11:34:00,12.462185,37.869522,5,7520
2025-07-09 11:44:00,12.462185,37.869522,5,7520
2025-07-09 11:54:00,12.462185,37.869522,5,7520
2025-07-09 12:04:00,12.462185,37.869522,5,7520
2025-07-09 12:14:00,12.462185,37.869522,5,7520
2025-07-09 12:24:00,12.462185,37.869522,5,7520
2025-07-09 12:34:00,12.462185,37.869522,5,7520
2025-07-09 12:44:00,12.462185,37.869522,5,7520
2025-07-09 12:54:00,12.462185,37.869522,5,7520
2025-07-09 13:04:00,12.462185,37.869522,5,7520
2025-07-09 13:14:00,12.462185,37.869522,5,7520
2025-07-09 13:24:00,12.462185,37.869522,5,7520
2025-07-09 13:34:00,12.462185,37.869522,5,7520
2025-07-09 13:44:00,12.462185,37.869522,5,7520
2025-07-09 13:54:00,12.462185,37.869522,5,7520
2025-07-09 14:04:00,12.462185,37.869522,5,7520
2025-07-09 14:14:00,12.462185,37.869522,5,7520
2025-07-09 14:24:00,12.462185,37.869522,5,7520
2025-07-09 14:34:00,12.462185,37.869522,5,7520
2025-07-09 14:44:00,12.462185,37.869522,5,7520
2025-07-09 14:54:00,12.462185,37.869522,5,7520
2025-07-09 15:04:00,12.462185,37.869522,5,7520
2025-07-09 15:14:00,12.462185,37.869522,5,7520
2025-07-09 15:24:00,12.462185,37.869522,5,7520
2025-07-09 15:34:00,12.462185,37.869522,5,7520
2025-07-09 15:44:00,12.462185,37.869522,5,7520
2025-07-09 15:54:00,12.462185,37.869522,5,7520
2025-07-09 16:04:00,12.462185,37.869522,5,7520
2025-07-09 16:14:00,12.462185,37.869522,5,7520
2025-07-09 16:24:00,12.462185,37.869522,5,7520
2025-07-09 16:34:00,12.462185,37.869522,5,7520
2025-07-09 16:44:00,12.462185,37.869522,5,7520
2025-07-09 16:54:00,12.462185,37.869522,5,7520
2025-07-09 17:04:00,12.462185,37.869522,5,7520
2025-07-09 17:14:00,12.462185,37.869522,5,7520
2025-07-09 17:24:00,12.462185,37.869522,5,7520
2025-07-09 17:34:00,12.462185,37.869522,5,7520
2025-07-09 17:44:00,12.462185,37.869522,5,7520
2025-07-09 17:54:00,12.462185,37.869522,5,7520
2025-07-09 18:04:00,12.462071,37.868763,5,7520
2025-07-09 18:14:00,12.461885,37.867226,5,7520
2025-07-09 18:24:00,12.461669,37.865776,5,7520
2025-07-09 18:34:00,12.461409,37.864437,5,7520
2025-07-09 18:44:00,12.461123,37.863182,5,7520
2025-07-09 18:54:00,12.460788,37.861996,5,7520
2025-07-09 19:04:00,12.460426,37.86083,5,7520
2025-07-09 19:14:00,12.460113,37.859673,5,7520
2025-07-09 19:24:00,12.459845,37.85849,5,7520
2025-07-09 19:34:00,12.459634,37.857254,5,7520
2025-07-09 19:44:00,12.459425,37.855904,5,7520
2025-07-09 19:54:00,12.459207,37.854435,5,7520
2025-07-09 20:04:00,12.458975,37.852837,5,7520
2025-07-09 20:14:00,12.458678,37.851135,5,7520
2025-07-09 20:24:00,12.458242,37.84921,5,7520
2025-07-09 20:34:00,12.457689,37.847103,5,7520
2025-07-09 20:44:00,12.457129,37.845013,5,7520
2025-07-09 20:54:00,12.456599,37.84306,5,7520
2025-07-09 21:04:00,12.456156,37.84138,5,7520
2025-07-09 21:14:00,12.455769,37.83988,5,7520
2025-07-09 21:24:00,12.455417,37.838543,5,7520
2025-07-09 21:34:00,12.4551,37.83732,5,7520
2025-07-09 21:44:00,12.454807,37.83619,5,7520
2025-07-09 21:54:00,12.45453,37.835133,5,7520
2025-07-09 22:04:00,12.454247,37.83409,5,7520
2025-07-09 22:14:00,12.453982,37.83308,5,7520
2025-07-09 22:24:00,12.453745,37.832096,5,7520
2025-07-09 22:34:00,12.453525,37.831142,5,7520
2025-07-09 22:44:00,12.453298,37.830223,5,7520
2025-07-09 22:54:00,12.4530735,37.829346,5,7520
2025-07-09 23:04:00,12.452874,37.828518,5,7520
2025-07-09 23:14:00,12.452703,37.827747,5,7520
2025-07-09 23:24:00,12.452569,37.827023,5,7520
2025-07-09 23:34:00,12.452473,37.82634,5,7520
2025-07-09 23:44:00,12.452411,37.825703,5,7520
2025-07-09 23:54:00,12.452365,37.825096,5,7520
2025-07-10 00:04:00,12.452388,37.824574,5,7520
2025-07-08 11:34:00,12.453533,37.87487,5,930
2025-07-08 11:44:00,12.454105,37.87474,5,930
2025-07-08 11:54:00,12.4546385,37.874535,5,930
2025-07-08 12:04:00,12.455117,37.87425,5,930
2025-07-08 12:14:00,12.455591,37.87392,5,930
2025-07-08 12:24:00,12.456095,37.873554,5,930
2025-07-08 12:34:00,12.456631,37.87316,5,930
2025-07-08 12:44:00,12.457205,37.87276,5,930
2025-07-08 12:54:00,12.457821,37.872356,5,930
2025-07-08 13:04:00,12.458485,37.871944,5,930
2025-07-08 13:14:00,12.459193,37.87149,5,930
2025-07-08 13:24:00,12.459949,37.870987,5,930
2025-07-08 13:34:00,12.460754,37.870434,5,930
2025-07-08 13:44:00,12.461644,37.869827,5,930
2025-07-08 13:54:00,12.462125,37.869503,5,930
2025-07-08 14:04:00,12.462125,37.869503,5,930
2025-07-08 14:14:00,12.462125,37.869503,5,930
2025-07-08 14:24:00,12.462125,37.869503,5,930
2025-07-08 14:34:00,12.462125,37.869503,5,930
2025-07-08 14:44:00,12.462125,37.869503,5,930
2025-07-08 14:54:00,12.462125,37.869503,5,930
2025-07-08 15:04:00,12.462125,37.869503,5,930
2025-07-08 15:14:00,12.462125,37.869503,5,930
2025-07-08 15:24:00,12.462125,37.869503,5,930
2025-07-08 15:34:00,12.462125,37.869503,5,930
2025-07-08 15:44:00,12.462125,37.869503,5,930
2025-07-08 15:54:00,12.462125,37.869503,5,930
2025-07-08 16:04:00,12.462125,37.869503,5,930
2025-07-08 16:14:00,12.462125,37.869503,5,930
2025-07-08 16:24:00,12.462125,37.869503,5,930
2025-07-08 16:34:00,12.462125,37.869503,5,930
2025-07-08 16:44:00,12.462125,37.869503,5,930
2025-07-08 16:54:00,12.462125,37.869503,5,930
2025-07-08 17:04:00,12.462125,37.869503,5,930
2025-07-08 17:14:00,12.462125,37.869503,5,930
2025-07-08 17:24:00,12.462125,37.869503,5,930
2025-07-08 17:34:00,12.462125,37.869503,5,930
2025-07-08 17:44:00,12.462125,37.869503,5,930
2025-07-08 17:54:00,12.462125,37.869503,5,930
2025-07-08 18:04:00,12.462125,37.869503,5,930
2025-07-08 18:14:00,12.462125,37.869503,5,930
2025-07-08 18:24:00,12.462125,37.869503,5,930
2025-07-08 18:34:00,12.462125,37.869503,5,930
2025-07-08 18:44:00,12.462125,37.869503,5,930
2025-07-08 18:54:00,12.462125,37.869503,5,930
2025-07-08 19:04:00,12.462125,37.869503,5,930
2025-07-08 19:14:00,12.462125,37.869503,5,930
2025-07-08 19:24:00,12.462125,37.869503,5,930
2025-07-08 19:34:00,12.462125,37.869503,5,930
2025-07-08 19:44:00,12.462125,37.869503,5,930
2025-07-08 19:54:00,12.462125,37.869503,5,930
2025-07-08 20:04:00,12.462125,37.869503,5,930
2025-07-08 20:14:00,12.462125,37.869503,5,930
2025-07-08 20:24:00,12.462125,37.869503,5,930
2025-07-08 20:34:00,12.462125,37.869503,5,930
2025-07-08 20:44:00,12.462125,37.869503,5,930
2025-07-08 20:54:00,12.462125,37.869503,5,930
2025-07-08 21:04:00,12.462125,37.869503,5,930
2025-07-08 21:14:00,12.462125,37.869503,5,930
2025-07-08 21:24:00,12.462125,37.869503,5,930
2025-07-08 21:34:00,12.462125,37.869503,5,930
2025-07-08 21:44:00,12.462125,37.869503,5,930
2025-07-08 21:54:00,12.462125,37.869503,5,930
2025-07-08 22:04:00,12.462125,37.869503,5,930
2025-07-08 22:14:00,12.462125,37.869503,5,930
2025-07-08 22:24:00,12.462125,37.869503,5,930
2025-07-08 22:34:00,12.462125,37.869503,5,930
2025-07-08 22:44:00,12.462125,37.869503,5,930
2025-07-08 22:54:00,12.462125,37.869503,5,930
2025-07-08 23:04:00,12.462125,37.869503,5,930
2025-07-08 23:14:00,12.462125,37.869503,5,930
2025-07-08 23:24:00,12.462125,37.869503,5,930
2025-07-08 23:34:00,12.462125,37.869503,5,930
2025-07-08 23:44:00,12.462125,37.869503,5,930
2025-07-08 23:54:00,12.462125,37.869503,5,930
2025-07-09 00:04:00,12.462125,37.869503,5,930
2025-07-09 00:14:00,12.462125,37.869503,5,930
2025-07-09 00:24:00,12.462125,37.869503,5,930
2025-07-09 00:34:00,12.462125,37.869503,5,930
2025-07-09 00:44:00,12.462125,37.869503,5,930
2025-07-09 00:54:00,12.462125,37.869503,5,930
2025-07-09 01:04:00,12.462125,37.869503,5,930
2025-07-09 01:14:00,12.462125,37.869503,5,930
2025-07-09 01:24:00,12.462125,37.869503,5,930
2025-07-09 01:34:00,12.462125,37.869503,5,930
2025-07-09 01:44:00,12.462125,37.869503,5,930
2025-07-09 01:54:00,12.462125,37.869503,5,930
2025-07-09 02:04:00,12.462125,37.869503,5,930
2025-07-09 02:14:00,12.462125,37.869503,5,930
2025-07-09 02:24:00,12.462125,37.869503,5,930
2025-07-09 02:34:00,12.462125,37.869503,5,930
2025-07-09 02:44:00,12.462125,37.869503,5,930
2025-07-09 02:54:00,12.462125,37.869503,5,930
2025-07-09 03:04:00,12.462125,37.869503,5,930
2025-07-09 03:14:00,12.462125,37.869503,5,930
2025-07-09 03:24:00,12.462125,37.869503,5,930
2025-07-09 03:34:00,12.462125,37.869503,5,930
2025-07-09 03:44:00,12.462125,37.869503,5,930
2025-07-09 03:54:00,12.462125,37.869503,5,930
2025-07-09 04:04:00,12.462125,37.869503,5,930
2025-07-09 04:14:00,12.462125,37.869503,5,930
2025-07-09 04:24:00,12.462125,37.869503,5,930
2025-07-09 04:34:00,12.462125,37.869503,5,930
2025-07-09 04:44:00,12.462125,37.869503,5,930
2025-07-09 04:54:00,12.462125,37.869503,5,930
2025-07-09 05:04:00,12.462125,37.869503,5,930
2025-07-09 05:14:00,12.462125,37.869503,5,930
2025-07-09 05:24:00,12.462125,37.869503,5,930
2025-07-09 05:34:00,12.462125,37.869503,5,930
2025-07-09 05:44:00,12.462125,37.869503,5,930
2025-07-09 05:54:00,12.462125,37.869503,5,930
2025-07-09 06:04:00,12.462125,37.869503,5,930
2025-07-09 06:14:00,12.462125,37.869503,5,930
2025-07-09 06:24:00,12.462125,37.869503,5,930
2025-07-09 06:34:00,12.462125,37.869503,5,930
2025-07-09 06:44:00,12.462125,37.869503,5,930
2025-07-09 06:54:00,12.462125,37.869503,5,930
2025-07-09 07:04:00,12.462125,37.869503,5,930
2025-07-09 07:14:00,12.462125,37.869503,5,930
2025-07-09 07:24:00,12.462125,37.869503,5,930
2025-07-09 07:34:00,12.462125,37.869503,5,930
2025-07-09 07:44:00,12.462125,37.869503,5,930
2025-07-09 07:54:00,12.462125,37.869503,5,930
2025-07-09 08:04:00,12.462125,37.869503,5,930
2025-07-09 08:14:00,12.462125,37.869503,5,930
2025-07-09 08:24:00,12.462125,37.869503,5,930
2025-07-09 08:34:00,12.462125,37.869503,5,930
2025-07-09 08:44:00,12.462125,37.869503,5,930
2025-07-09 08:54:00,12.462125,37.869503,5,930
2025-07-09 09:04:00,12.462125,37.869503,5,930
2025-07-09 09:14:00,12.462125,37.869503,5,930
2025-07-09 09:24:00,12.462125,37.869503,5,930
2025-07-09 09:34:00,12.462125,37.869503,5,930
2025-07-09 09:44:00,12.462125,37.869503,5,930
2025-07-09 09:54:00,12.462125,37.869503,5,930
2025-07-09 10:04:00,12.462125,37.869503,5,930
2025-07-09 10:14:00,12.462125,37.869503,5,930
2025-07-09 10:24:00,12.462125,37.869503,5,930
2025-07-09 10:34:00,12.462125,37.869503,5,930
2025-07-09 10:44:00,12.462125,37.869503,5,930
2025-07-09 10:54:00,12.462125,37.869503,5,930
2025-07-09 11:04:00,12.462125,37.869503,5,930
2025-07-09 11:14:00,12.462125,37.869503,5,930
2025-07-09 11:24:00,12.462125,37.869503,5,930
2025-07-09 11:34:00,12.462125,37.869503,5,930
2025-07-09 11:44:00,12.462125,37.869503,5,930
2025-07-09 11:54:00,12.462125,37.869503,5,930
2025-07-09 12:04:00,12.462125,37.869503,5,930
2025-07-09 12:14:00,12.462125,37.869503,5,930
2025-07-09 12:24:00,12.462125,37.869503,5,930
2025-07-09 12:34:00,12.462125,37.869503,5,930
2025-07-09 12:44:00,12.462125,37.869503,5,930
2025-07-09 12:54:00,12.462125,37.869503,5,930
2025-07-09 13:04:00,12.462125,37.869503,5,930
2025-07-09 13:14:00,12.462125,37.869503,5,930
2025-07-09 13:24:00,12.462125,37.869503,5,930
2025-07-09 13:34:00,12.462125,37.869503,5,930
2025-07-09 13:44:00,12.462125,37.869503,5,930
2025-07-09 13:54:00,12.462125,37.869503,5,930
2025-07-09 14:04:00,12.462125,37.869503,5,930
2025-07-09 14:14:00,12.462125,37.869503,5,930
2025-07-09 14:24:00,12.462125,37.869503,5,930
2025-07-09 14:34:00,12.462125,37.869503,5,930
2025-07-09 14:44:00,12.462125,37.869503,5,930
2025-07-09 14:54:00,12.462125,37.869503,5,930
2025-07-09 15:04:00,12.462125,37.869503,5,930
2025-07-09 15:14:00,12.462125,37.869503,5,930
2025-07-09 15:24:00,12.462125,37.869503,5,930
2025-07-09 15:34:00,12.462125,37.869503,5,930
2025-07-09 15:44:00,12.462125,37.869503,5,930
2025-07-09 15:54:00,12.462125,37.869503,5,930
2025-07-09 16:04:00,12.462125,37.869503,5,930
2025-07-09 16:14:00,12.462125,37.869503,5,930
2025-07-09 16:24:00,12.462125,37.869503,5,930
2025-07-09 16:34:00,12.462125,37.869503,5,930
2025-07-09 16:44:00,12.462125,37.869503,5,930
2025-07-09 16:54:00,12.462125,37.869503,5,930
2025-07-09 17:04:00,12.462125,37.869503,5,930
2025-07-09 17:14:00,12.462125,37.869503,5,930
2025-07-09 17:24:00,12.462125,37.869503,5,930
2025-07-09 17:34:00,12.462023,37.86793,5,930
2025-07-09 17:44:00,12.461874,37.86639,5,930
2025-07-09 17:54:00,12.461598,37.86501,5,930
2025-07-09 18:04:00,12.461209,37.86378,5,930
2025-07-09 18:14:00,12.46079,37.862663,5,930
2025-07-09 18:24:00,12.460377,37.861595,5,930
2025-07-09 18:34:00,12.46006,37.860535,5,930
2025-07-09 18:44:00,12.459855,37.859467,5,930
2025-07-09 18:54:00,12.459678,37.858356,5,930
2025-07-09 19:04:00,12.459519,37.857204,5,930
2025-07-09 19:14:00,12.459323,37.855976,5,930
2025-07-09 19:24:00,12.459096,37.854664,5,930
2025-07-09 19:34:00,12.458844,37.85326,5,930
2025-07-09 19:44:00,12.458534,37.851734,5,930
2025-07-09 19:54:00,12.458127,37.84999,5,930
2025-07-09 20:04:00,12.457576,37.847984,5,930
2025-07-09 20:14:00,12.456969,37.845898,5,930
2025-07-09 20:24:00,12.456382,37.843906,5,930
2025-07-09 20:34:00,12.45585,37.842087,5,930
2025-07-09 20:44:00,12.455397,37.84051,5,930
2025-07-09 20:54:00,12.45501,37.839146,5,930
2025-07-09 21:04:00,12.4546795,37.83792,5,930
2025-07-09 21:14:00,12.4543705,37.836807,5,930
2025-07-09 21:24:00,12.454052,37.83577,5,930
2025-07-09 21:34:00,12.453713,37.83477,5,930
2025-07-09 21:44:00,12.453364,37.83376,5,930
2025-07-09 21:54:00,12.45301,37.83274,5,930
2025-07-09 22:04:00,12.452628,37.831722,5,930
2025-07-09 22:14:00,12.452248,37.830734,5,930
2025-07-09 22:24:00,12.451896,37.829784,5,930
2025-07-09 22:34:00,12.45157,37.828888,5,930
2025-07-09 22:44:00,12.451256,37.828037,5,930
2025-07-09 22:54:00,12.450951,37.827236,5,930
2025-07-09 23:04:00,12.450652,37.82648,5,930
2025-07-09 23:14:00,12.450363,37.825764,5,930
2025-07-09 23:24:00,12.450078,37.82508,5,930
2025-07-09 23:34:00,12.449797,37.824436,5,930
2025-07-09 23:44:00,12.449515,37.82383,5,930
2025-07-09 23:54:00,12.449238,37.82326,5,930
2025-07-10 00:04:00,12.449121,37.82277,5,930
2025-07-08 14:24:00,12.45275,37.875698,6,0530cnr
2025-07-08 14:34:00,12.453727,37.874916,6,0530cnr
2025-07-08 14:44:00,12.454738,37.87418,6,0530cnr
2025-07-08 14:54:00,12.455751,37.87348,6,0530cnr
2025-07-08 15:04:00,12.456792,37.872826,6,0530cnr
2025-07-08 15:14:00,12.457879,37.87209,6,0530cnr
2025-07-08 15:24:00,12.45897,37.87128,6,0530cnr
2025-07-08 15:34:00,12.460018,37.870426,6,0530cnr
2025-07-08 15:44:00,12.461065,37.869522,6,0530cnr
2025-07-08 15:54:00,12.461576,37.869076,6,0530cnr
2025-07-08 16:04:00,12.461576,37.869076,6,0530cnr
2025-07-08 16:14:00,12.461576,37.869076,6,0530cnr
2025-07-08 16:24:00,12.462073,37.868633,6,0530cnr
2025-07-08 16:34:00,12.462073,37.868633,6,0530cnr
2025-07-08 16:44:00,12.462073,37.868633,6,0530cnr
2025-07-08 16:54:00,12.462073,37.868633,6,0530cnr
2025-07-08 17:04:00,12.462073,37.868633,6,0530cnr
2025-07-08 17:14:00,12.462073,37.868633,6,0530cnr
2025-07-08 17:24:00,12.462073,37.868633,6,0530cnr
2025-07-08 17:34:00,12.462073,37.868633,6,0530cnr
2025-07-08 17:44:00,12.462073,37.868633,6,0530cnr
2025-07-08 17:54:00,12.462073,37.868633,6,0530cnr
2025-07-08 18:04:00,12.462073,37.868633,6,0530cnr
2025-07-08 18:14:00,12.462073,37.868633,6,0530cnr
2025-07-08 18:24:00,12.462073,37.868633,6,0530cnr
2025-07-08 18:34:00,12.462073,37.868633,6,0530cnr
2025-07-08 18:44:00,12.462073,37.868633,6,0530cnr
2025-07-08 18:54:00,12.462073,37.868633,6,0530cnr
2025-07-08 19:04:00,12.462073,37.868633,6,0530cnr
2025-07-08 19:14:00,12.462073,37.868633,6,0530cnr
2025-07-08 19:24:00,12.462073,37.868633,6,0530cnr
2025-07-08 19:34:00,12.462073,37.868633,6,0530cnr
2025-07-08 19:44:00,12.462073,37.868633,6,0530cnr
2025-07-08 19:54:00,12.462073,37.868633,6,0530cnr
2025-07-08 20:04:00,12.462073,37.868633,6,0530cnr
2025-07-08 20:14:00,12.462073,37.868633,6,0530cnr
2025-07-08 20:24:00,12.462073,37.868633,6,0530cnr
2025-07-08 20:34:00,12.462073,37.868633,6,0530cnr
2025-07-08 20:44:00,12.462073,37.868633,6,0530cnr
2025-07-08 20:54:00,12.462073,37.868633,6,0530cnr
2025-07-08 21:04:00,12.462073,37.868633,6,0530cnr
2025-07-08 21:14:00,12.462073,37.868633,6,0530cnr
2025-07-08 21:24:00,12.462073,37.868633,6,0530cnr
2025-07-08 21:34:00,12.462073,37.868633,6,0530cnr
2025-07-08 21:44:00,12.462073,37.868633,6,0530cnr
2025-07-08 21:54:00,12.462073,37.868633,6,0530cnr
2025-07-08 22:04:00,12.462073,37.868633,6,0530cnr
2025-07-08 22:14:00,12.462073,37.868633,6,0530cnr
2025-07-08 22:24:00,12.462073,37.868633,6,0530cnr
2025-07-08 22:34:00,12.462073,37.868633,6,0530cnr
2025-07-08 22:44:00,12.462073,37.868633,6,0530cnr
2025-07-08 22:54:00,12.462073,37.868633,6,0530cnr
2025-07-08 23:04:00,12.462073,37.868633,6,0530cnr
2025-07-08 23:14:00,12.462073,37.868633,6,0530cnr
2025-07-08 23:24:00,12.462073,37.868633,6,0530cnr
2025-07-08 23:34:00,12.462073,37.868633,6,0530cnr
2025-07-08 23:44:00,12.462073,37.868633,6,0530cnr
2025-07-08 23:54:00,12.462073,37.868633,6,0530cnr
2025-07-09 00:04:00,12.462073,37.868633,6,0530cnr
2025-07-09 00:14:00,12.462073,37.868633,6,0530cnr
2025-07-09 00:24:00,12.462073,37.868633,6,0530cnr
2025-07-09 00:34:00,12.462073,37.868633,6,0530cnr
2025-07-09 00:44:00,12.462073,37.868633,6,0530cnr
2025-07-09 00:54:00,12.462073,37.868633,6,0530cnr
2025-07-09 01:04:00,12.462073,37.868633,6,0530cnr
2025-07-09 01:14:00,12.462073,37.868633,6,0530cnr
2025-07-09 01:24:00,12.462073,37.868633,6,0530cnr
2025-07-09 01:34:00,12.462073,37.868633,6,0530cnr
2025-07-09 01:44:00,12.462073,37.868633,6,0530cnr
2025-07-09 01:54:00,12.462073,37.868633,6,0530cnr
2025-07-09 02:04:00,12.462073,37.868633,6,0530cnr
2025-07-09 02:14:00,12.462073,37.868633,6,0530cnr
2025-07-09 02:24:00,12.462073,37.868633,6,0530cnr
2025-07-09 02:34:00,12.462073,37.868633,6,0530cnr
2025-07-09 02:44:00,12.462073,37.868633,6,0530cnr
2025-07-09 02:54:00,12.462073,37.868633,6,0530cnr
2025-07-09 03:04:00,12.462073,37.868633,6,0530cnr
2025-07-09 03:14:00,12.462073,37.868633,6,0530cnr
2025-07-09 03:24:00,12.462073,37.868633,6,0530cnr
2025-07-09 03:34:00,12.462073,37.868633,6,0530cnr
2025-07-09 03:44:00,12.462073,37.868633,6,0530cnr
2025-07-09 03:54:00,12.462073,37.868633,6,0530cnr
2025-07-09 04:04:00,12.462073,37.868633,6,0530cnr
2025-07-09 04:14:00,12.462073,37.868633,6,0530cnr
2025-07-09 04:24:00,12.462073,37.868633,6,0530cnr
2025-07-09 04:34:00,12.462073,37.868633,6,0530cnr
2025-07-09 04:44:00,12.462073,37.868633,6,0530cnr
2025-07-09 04:54:00,12.462073,37.868633,6,0530cnr
2025-07-09 05:04:00,12.462073,37.868633,6,0530cnr
2025-07-09 05:14:00,12.462073,37.868633,6,0530cnr
2025-07-09 05:24:00,12.462073,37.868633,6,0530cnr
2025-07-09 05:34:00,12.462073,37.868633,6,0530cnr
2025-07-09 05:44:00,12.462073,37.868633,6,0530cnr
2025-07-09 05:54:00,12.462073,37.868633,6,0530cnr
2025-07-09 06:04:00,12.462073,37.868633,6,0530cnr
2025-07-09 06:14:00,12.462073,37.868633,6,0530cnr
2025-07-09 06:24:00,12.462073,37.868633,6,0530cnr
2025-07-09 06:34:00,12.462073,37.868633,6,0530cnr
2025-07-09 06:44:00,12.462073,37.868633,6,0530cnr
2025-07-09 06:54:00,12.462073,37.868633,6,0530cnr
2025-07-09 07:04:00,12.462073,37.868633,6,0530cnr
2025-07-09 07:14:00,12.462073,37.868633,6,0530cnr
2025-07-09 07:24:00,12.462073,37.868633,6,0530cnr
2025-07-09 07:34:00,12.462073,37.868633,6,0530cnr
2025-07-09 07:44:00,12.462073,37.868633,6,0530cnr
2025-07-09 07:54:00,12.462073,37.868633,6,0530cnr
2025-07-09 08:04:00,12.462073,37.868633,6,0530cnr
2025-07-09 08:14:00,12.462073,37.868633,6,0530cnr
2025-07-09 08:24:00,12.462073,37.868633,6,0530cnr
2025-07-09 08:34:00,12.462073,37.868633,6,0530cnr
2025-07-09 08:44:00,12.462073,37.868633,6,0530cnr
2025-07-09 08:54:00,12.462073,37.868633,6,0530cnr
2025-07-09 09:04:00,12.462073,37.868633,6,0530cnr
2025-07-09 09:14:00,12.462073,37.868633,6,0530cnr
2025-07-09 09:24:00,12.462073,37.868633,6,0530cnr
2025-07-09 09:34:00,12.462073,37.868633,6,0530cnr
2025-07-09 09:44:00,12.462073,37.868633,6,0530cnr
2025-07-09 09:54:00,12.462073,37.868633,6,0530cnr
2025-07-09 10:04:00,12.462073,37.868633,6,0530cnr
2025-07-09 10:14:00,12.462073,37.868633,6,0530cnr
2025-07-09 10:24:00,12.462073,37.868633,6,0530cnr
2025-07-09 10:34:00,12.462073,37.868633,6,0530cnr
2025-07-09 10:44:00,12.462073,37.868633,6,0530cnr
2025-07-09 10:54:00,12.462073,37.868633,6,0530cnr
2025-07-09 11:04:00,12.462073,37.868633,6,0530cnr
2025-07-09 11:14:00,12.462073,37.868633,6,0530cnr
2025-07-09 11:24:00,12.462073,37.868633,6,0530cnr
2025-07-09 11:34:00,12.462073,37.868633,6,0530cnr
2025-07-09 11:44:00,12.462073,37.868633,6,0530cnr
2025-07-09 11:54:00,12.462073,37.868633,6,0530cnr
2025-07-09 12:04:00,12.462073,37.868633,6,0530cnr
2025-07-09 12:14:00,12.462073,37.868633,6,0530cnr
2025-07-09 12:24:00,12.462073,37.868633,6,0530cnr
2025-07-09 12:34:00,12.462073,37.868633,6,0530cnr
2025-07-09 12:44:00,12.462073,37.868633,6,0530cnr
2025-07-09 12:54:00,12.462073,37.868633,6,0530cnr
2025-07-09 13:04:00,12.462073,37.868633,6,0530cnr
2025-07-09 13:14:00,12.462073,37.868633,6,0530cnr
2025-07-09 13:24:00,12.462073,37.868633,6,0530cnr
2025-07-09 13:34:00,12.462073,37.868633,6,0530cnr
2025-07-09 13:44:00,12.462073,37.868633,6,0530cnr
2025-07-09 13:54:00,12.462073,37.868633,6,0530cnr
2025-07-09 14:04:00,12.462073,37.868633,6,0530cnr
2025-07-09 14:14:00,12.462073,37.868633,6,0530cnr
2025-07-09 14:24:00,12.462073,37.868633,6,0530cnr
2025-07-09 14:34:00,12.462073,37.868633,6,0530cnr
2025-07-09 14:44:00,12.462073,37.868633,6,0530cnr
2025-07-09 14:54:00,12.462057,37.867764,6,0530cnr
2025-07-09 15:04:00,12.46193,37.866077,6,0530cnr
2025-07-09 15:14:00,12.461617,37.8646,6,0530cnr
2025-07-09 15:24:00,12.461143,37.86336,6,0530cnr
2025-07-09 15:34:00,12.460695,37.86224,6,0530cnr
2025-07-09 15:44:00,12.460369,37.861168,6,0530cnr
2025-07-09 15:54:00,12.460274,37.860096,6,0530cnr
2025-07-09 16:04:00,12.46038,37.859028,6,0530cnr
2025-07-09 16:14:00,12.460515,37.857986,6,0530cnr
2025-07-09 16:24:00,12.460633,37.85698,6,0530cnr
2025-07-09 16:34:00,12.460652,37.856018,6,0530cnr
2025-07-09 16:44:00,12.460571,37.85507,6,0530cnr
2025-07-09 16:54:00,12.460416,37.854122,6,0530cnr
2025-07-09 17:04:00,12.460207,37.853184,6,0530cnr
2025-07-09 17:14:00,12.459997,37.85227,6,0530cnr
2025-07-09 17:24:00,12.459781,37.85138,6,0530cnr
2025-07-09 17:34:00,12.459583,37.8505,6,0530cnr
2025-07-09 17:44:00,12.459392,37.849586,6,0530cnr
2025-07-09 17:54:00,12.459181,37.848614,6,0530cnr
2025-07-09 18:04:00,12.458942,37.847576,6,0530cnr
2025-07-09 18:14:00,12.458662,37.846478,6,0530cnr
2025-07-09 18:24:00,12.4583435,37.84532,6,0530cnr
2025-07-09 18:34:00,12.45799,37.844124,6,0530cnr
2025-07-09 18:44:00,12.457596,37.842896,6,0530cnr
2025-07-09 18:54:00,12.457182,37.84174,6,0530cnr
2025-07-09 19:04:00,12.456733,37.84062,6,0530cnr
2025-07-09 19:14:00,12.456256,37.839527,6,0530cnr
2025-07-09 19:24:00,12.4557705,37.83848,6,0530cnr
2025-07-09 19:34:00,12.455284,37.83748,6,0530cnr
2025-07-09 19:44:00,12.454812,37.8365,6,0530cnr
2025-07-09 19:54:00,12.454352,37.835526,6,0530cnr
2025-07-09 20:04:00,12.453933,37.83453,6,0530cnr
2025-07-09 20:14:00,12.453557,37.833508,6,0530cnr
2025-07-09 20:24:00,12.453224,37.83248,6,0530cnr
2025-07-09 20:34:00,12.4529085,37.83147,6,0530cnr
2025-07-09 20:44:00,12.452577,37.830494,6,0530cnr
2025-07-09 20:54:00,12.45224,37.829563,6,0530cnr
2025-07-09 21:04:00,12.451888,37.828693,6,0530cnr
2025-07-09 21:14:00,12.451504,37.827854,6,0530cnr
2025-07-09 21:24:00,12.451087,37.827023,6,0530cnr
2025-07-09 21:34:00,12.450627,37.826206,6,0530cnr
2025-07-09 21:44:00,12.450112,37.825386,6,0530cnr
2025-07-09 21:54:00,12.449542,37.82456,6,0530cnr
2025-07-09 22:04:00,12.448914,37.82374,6,0530cnr
2025-07-09 22:14:00,12.448254,37.822952,6,0530cnr
2025-07-09 22:24:00,12.447568,37.822205,6,0530cnr
2025-07-09 22:34:00,12.446841,37.821495,6,0530cnr
2025-07-09 22:44:00,12.446163,37.8208,6,0530cnr
2025-07-09 22:54:00,12.445578,37.820087,6,0530cnr
2025-07-09 23:04:00,12.445082,37.819298,6,0530cnr
2025-07-09 23:14:00,12.4447565,37.818497,6,0530cnr
2025-07-09 23:24:00,12.444634,37.817738,6,0530cnr
2025-07-09 23:34:00,12.444597,37.81701,6,0530cnr
2025-07-09 23:44:00,12.444587,37.8163,6,0530cnr
2025-07-09 23:54:00,12.444605,37.81561,6,0530cnr
2025-07-10 00:04:00,12.444694,37.815056,6,0530cnr
2025-07-08 14:24:00,12.45253,37.87573,6,3500cnr
2025-07-08 14:34:00,12.453507,37.87492,6,3500cnr
2025-07-08 14:44:00,12.454525,37.874165,6,3500cnr
2025-07-08 14:54:00,12.455549,37.873447,6,3500cnr
2025-07-08 15:04:00,12.456601,37.872787,6,3500cnr
2025-07-08 15:14:00,12.457698,37.872063,6,3500cnr
2025-07-08 15:24:00,12.458794,37.871265,6,3500cnr
2025-07-08 15:34:00,12.459842,37.870422,6,3500cnr
2025-07-08 15:44:00,12.460889,37.869526,6,3500cnr
2025-07-08 15:54:00,12.461904,37.86864,6,3500cnr
2025-07-08 16:04:00,12.461904,37.86864,6,3500cnr
2025-07-08 16:14:00,12.461904,37.86864,6,3500cnr
2025-07-08 16:24:00,12.461904,37.86864,6,3500cnr
2025-07-08 16:34:00,12.461904,37.86864,6,3500cnr
2025-07-08 16:44:00,12.461904,37.86864,6,3500cnr
2025-07-08 16:54:00,12.461904,37.86864,6,3500cnr
2025-07-08 17:04:00,12.461904,37.86864,6,3500cnr
2025-07-08 17:14:00,12.461904,37.86864,6,3500cnr
2025-07-08 17:24:00,12.461904,37.86864,6,3500cnr
2025-07-08 17:34:00,12.461904,37.86864,6,3500cnr
2025-07-08 17:44:00,12.461904,37.86864,6,3500cnr
2025-07-08 17:54:00,12.461904,37.86864,6,3500cnr
2025-07-08 18:04:00,12.461904,37.86864,6,3500cnr
2025-07-08 18:14:00,12.461904,37.86864,6,3500cnr
2025-07-08 18:24:00,12.461904,37.86864,6,3500cnr
2025-07-08 18:34:00,12.461904,37.86864,6,3500cnr
2025-07-08 18:44:00,12.461904,37.86864,6,3500cnr
2025-07-08 18:54:00,12.461904,37.86864,6,3500cnr
2025-07-08 19:04:00,12.461904,37.86864,6,3500cnr
2025-07-08 19:14:00,12.461904,37.86864,6,3500cnr
2025-07-08 19:24:00,12.461904,37.86864,6,3500cnr
2025-07-08 19:34:00,12.461904,37.86864,6,3500cnr
2025-07-08 19:44:00,12.461904,37.86864,6,3500cnr
2025-07-08 19:54:00,12.461904,37.86864,6,3500cnr
2025-07-08 20:04:00,12.461904,37.86864,6,3500cnr
2025-07-08 20:14:00,12.461904,37.86864,6,3500cnr
2025-07-08 20:24:00,12.461904,37.86864,6,3500cnr
2025-07-08 20:34:00,12.461904,37.86864,6,3500cnr
2025-07-08 20:44:00,12.461904,37.86864,6,3500cnr
2025-07-08 20:54:00,12.461904,37.86864,6,3500cnr
2025-07-08 21:04:00,12.461904,37.86864,6,3500cnr
2025-07-08 21:14:00,12.461904,37.86864,6,3500cnr
2025-07-08 21:24:00,12.461904,37.86864,6,3500cnr
2025-07-08 21:34:00,12.461904,37.86864,6,3500cnr
2025-07-08 21:44:00,12.461904,37.86864,6,3500cnr
2025-07-08 21:54:00,12.461904,37.86864,6,3500cnr
2025-07-08 22:04:00,12.461904,37.86864,6,3500cnr
2025-07-08 22:14:00,12.461904,37.86864,6,3500cnr
2025-07-08 22:24:00,12.461904,37.86864,6,3500cnr
2025-07-08 22:34:00,12.461904,37.86864,6,3500cnr
2025-07-08 22:44:00,12.461904,37.86864,6,3500cnr
2025-07-08 22:54:00,12.461904,37.86864,6,3500cnr
2025-07-08 23:04:00,12.461904,37.86864,6,3500cnr
2025-07-08 23:14:00,12.461904,37.86864,6,3500cnr
2025-07-08 23:24:00,12.461904,37.86864,6,3500cnr
2025-07-08 23:34:00,12.461904,37.86864,6,3500cnr
2025-07-08 23:44:00,12.461904,37.86864,6,3500cnr
2025-07-08 23:54:00,12.461904,37.86864,6,3500cnr
2025-07-09 00:04:00,12.461904,37.86864,6,3500cnr
2025-07-09 00:14:00,12.461904,37.86864,6,3500cnr
2025-07-09 00:24:00,12.461904,37.86864,6,3500cnr
2025-07-09 00:34:00,12.461904,37.86864,6,3500cnr
2025-07-09 00:44:00,12.461904,37.86864,6,3500cnr
2025-07-09 00:54:00,12.461904,37.86864,6,3500cnr
2025-07-09 01:04:00,12.461904,37.86864,6,3500cnr
2025-07-09 01:14:00,12.461904,37.86864,6,3500cnr
2025-07-09 01:24:00,12.461904,37.86864,6,3500cnr
2025-07-09 01:34:00,12.461904,37.86864,6,3500cnr
2025-07-09 01:44:00,12.461904,37.86864,6,3500cnr
2025-07-09 01:54:00,12.461904,37.86864,6,3500cnr
2025-07-09 02:04:00,12.461904,37.86864,6,3500cnr
2025-07-09 02:14:00,12.461904,37.86864,6,3500cnr
2025-07-09 02:24:00,12.461904,37.86864,6,3500cnr
2025-07-09 02:34:00,12.461904,37.86864,6,3500cnr
2025-07-09 02:44:00,12.461904,37.86864,6,3500cnr
2025-07-09 02:54:00,12.461904,37.86864,6,3500cnr
2025-07-09 03:04:00,12.461904,37.86864,6,3500cnr
2025-07-09 03:14:00,12.461904,37.86864,6,3500cnr
2025-07-09 03:24:00,12.461904,37.86864,6,3500cnr
2025-07-09 03:34:00,12.461904,37.86864,6,3500cnr
2025-07-09 03:44:00,12.461904,37.86864,6,3500cnr
2025-07-09 03:54:00,12.461904,37.86864,6,3500cnr
2025-07-09 04:04:00,12.461904,37.86864,6,3500cnr
2025-07-09 04:14:00,12.461904,37.86864,6,3500cnr
2025-07-09 04:24:00,12.461904,37.86864,6,3500cnr
2025-07-09 04:34:00,12.461904,37.86864,6,3500cnr
2025-07-09 04:44:00,12.461904,37.86864,6,3500cnr
2025-07-09 04:54:00,12.461904,37.86864,6,3500cnr
2025-07-09 05:04:00,12.461904,37.86864,6,3500cnr
2025-07-09 05:14:00,12.461904,37.86864,6,3500cnr
2025-07-09 05:24:00,12.461904,37.86864,6,3500cnr
2025-07-09 05:34:00,12.461904,37.86864,6,3500cnr
2025-07-09 05:44:00,12.461904,37.86864,6,3500cnr
2025-07-09 05:54:00,12.461904,37.86864,6,3500cnr
2025-07-09 06:04:00,12.461904,37.86864,6,3500cnr
2025-07-09 06:14:00,12.461904,37.86864,6,3500cnr
2025-07-09 06:24:00,12.461904,37.86864,6,3500cnr
2025-07-09 06:34:00,12.461904,37.86864,6,3500cnr
2025-07-09 06:44:00,12.461904,37.86864,6,3500cnr
2025-07-09 06:54:00,12.461904,37.86864,6,3500cnr
2025-07-09 07:04:00,12.46225,37.866997,6,3500cnr
2025-07-09 07:14:00,12.462731,37.865456,6,3500cnr
2025-07-09 07:24:00,12.462731,37.865456,6,3500cnr
2025-07-09 07:34:00,12.462731,37.865456,6,3500cnr
2025-07-09 07:44:00,12.462731,37.865456,6,3500cnr
2025-07-09 07:54:00,12.462731,37.865456,6,3500cnr
2025-07-09 08:04:00,12.462731,37.865456,6,3500cnr
2025-07-09 08:14:00,12.462731,37.865456,6,3500cnr
2025-07-09 08:24:00,12.462731,37.865456,6,3500cnr
2025-07-09 08:34:00,12.462731,37.865456,6,3500cnr
2025-07-09 08:44:00,12.462731,37.865456,6,3500cnr
2025-07-09 08:54:00,12.462731,37.865456,6,3500cnr
2025-07-09 09:04:00,12.462731,37.865456,6,3500cnr
2025-07-09 09:14:00,12.462731,37.865456,6,3500cnr
2025-07-09 09:24:00,12.462731,37.865456,6,3500cnr
2025-07-09 09:34:00,12.462731,37.865456,6,3500cnr
2025-07-09 09:44:00,12.462731,37.865456,6,3500cnr
2025-07-09 09:54:00,12.462731,37.865456,6,3500cnr
2025-07-09 10:04:00,12.462731,37.865456,6,3500cnr
2025-07-09 10:14:00,12.462731,37.865456,6,3500cnr
2025-07-09 10:24:00,12.462731,37.865456,6,3500cnr
2025-07-09 10:34:00,12.462731,37.865456,6,3500cnr
2025-07-09 10:44:00,12.462731,37.865456,6,3500cnr
2025-07-09 10:54:00,12.462731,37.865456,6,3500cnr
2025-07-09 11:04:00,12.462731,37.865456,6,3500cnr
2025-07-09 11:14:00,12.462731,37.865456,6,3500cnr
2025-07-09 11:24:00,12.462731,37.865456,6,3500cnr
2025-07-09 11:34:00,12.462731,37.865456,6,3500cnr
2025-07-09 11:44:00,12.462731,37.865456,6,3500cnr
2025-07-09 11:54:00,12.462731,37.865456,6,3500cnr
2025-07-09 12:04:00,12.462731,37.865456,6,3500cnr
2025-07-09 12:14:00,12.462731,37.865456,6,3500cnr
2025-07-09 12:24:00,12.462731,37.865456,6,3500cnr
2025-07-09 12:34:00,12.462731,37.865456,6,3500cnr
2025-07-09 12:44:00,12.462909,37.864834,6,3500cnr
2025-07-09 12:54:00,12.462909,37.864834,6,3500cnr
2025-07-09 13:04:00,12.462909,37.864834,6,3500cnr
2025-07-09 13:14:00,12.462909,37.864834,6,3500cnr
2025-07-09 13:24:00,12.462909,37.864834,6,3500cnr
2025-07-09 13:34:00,12.462909,37.864834,6,3500cnr
2025-07-09 13:44:00,12.462909,37.864834,6,3500cnr
2025-07-09 13:54:00,12.462909,37.864834,6,3500cnr
2025-07-09 14:04:00,12.462888,37.863644,6,3500cnr
2025-07-09 14:14:00,12.462787,37.862534,6,3500cnr
2025-07-09 14:24:00,12.46264,37.86147,6,3500cnr
2025-07-09 14:34:00,12.46253,37.86038,6,3500cnr
2025-07-09 14:44:00,12.462502,37.859238,6,3500cnr
2025-07-09 14:54:00,12.462531,37.85801,6,3500cnr
2025-07-09 15:04:00,12.462587,37.856693,6,3500cnr
2025-07-09 15:14:00,12.46263,37.855366,6,3500cnr
2025-07-09 15:24:00,12.462585,37.85413,6,3500cnr
2025-07-09 15:34:00,12.462453,37.853016,6,3500cnr
2025-07-09 15:44:00,12.46233,37.852013,6,3500cnr
2025-07-09 15:54:00,12.4622345,37.8511,6,3500cnr
2025-07-09 16:04:00,12.462175,37.850254,6,3500cnr
2025-07-09 16:14:00,12.46216,37.849472,6,3500cnr
2025-07-09 16:24:00,12.462169,37.848736,6,3500cnr
2025-07-09 16:34:00,12.462169,37.848736,6,3500cnr
2025-07-09 16:44:00,12.462169,37.848736,6,3500cnr
2025-07-09 16:54:00,12.462169,37.848736,6,3500cnr
2025-07-09 17:04:00,12.462169,37.848736,6,3500cnr
2025-07-09 17:14:00,12.462169,37.848736,6,3500cnr
2025-07-09 17:24:00,12.462169,37.848736,6,3500cnr
2025-07-09 17:34:00,12.462169,37.848736,6,3500cnr
2025-07-09 17:44:00,12.461962,37.84779,6,3500cnr
2025-07-09 17:54:00,12.46171,37.846775,6,3500cnr
2025-07-09 18:04:00,12.461427,37.84569,6,3500cnr
2025-07-09 18:14:00,12.4611435,37.844563,6,3500cnr
2025-07-09 18:24:00,12.461003,37.843994,6,3500cnr
2025-07-09 18:34:00,12.461003,37.843994,6,3500cnr
2025-07-09 18:44:00,12.461003,37.843994,6,3500cnr
2025-07-09 18:54:00,12.461003,37.843994,6,3500cnr
2025-07-09 19:04:00,12.461003,37.843994,6,3500cnr
2025-07-09 19:14:00,12.461003,37.843994,6,3500cnr
2025-07-09 19:24:00,12.461003,37.843994,6,3500cnr
2025-07-09 19:34:00,12.461003,37.843994,6,3500cnr
2025-07-09 19:44:00,12.461003,37.843994,6,3500cnr
2025-07-09 19:54:00,12.461003,37.843994,6,3500cnr
2025-07-09 20:04:00,12.461003,37.843994,6,3500cnr
2025-07-09 20:14:00,12.461003,37.843994,6,3500cnr
2025-07-09 20:24:00,12.461003,37.843994,6,3500cnr
2025-07-09 20:34:00,12.461003,37.843994,6,3500cnr
2025-07-09 20:44:00,12.461003,37.843994,6,3500cnr
2025-07-09 20:54:00,12.461003,37.843994,6,3500cnr
2025-07-09 21:04:00,12.461003,37.843994,6,3500cnr
2025-07-09 21:14:00,12.461003,37.843994,6,3500cnr
2025-07-09 21:24:00,12.461003,37.843994,6,3500cnr
2025-07-09 21:34:00,12.461003,37.843994,6,3500cnr
2025-07-09 21:44:00,12.461003,37.843994,6,3500cnr
2025-07-09 21:54:00,12.461003,37.843994,6,3500cnr
2025-07-09 22:04:00,12.461003,37.843994,6,3500cnr
2025-07-09 22:14:00,12.461003,37.843994,6,3500cnr
2025-07-09 22:24:00,12.461003,37.843994,6,3500cnr
2025-07-09 22:34:00,12.461003,37.843994,6,3500cnr
2025-07-09 22:44:00,12.461003,37.843994,6,3500cnr
2025-07-09 22:54:00,12.461003,37.843994,6,3500cnr
2025-07-09 23:04:00,12.461003,37.843994,6,3500cnr
2025-07-09 23:14:00,12.461003,37.843994,6,3500cnr
2025-07-09 23:24:00,12.461003,37.843994,6,3500cnr
2025-07-09 23:34:00,12.461003,37.843994,6,3500cnr
2025-07-09 23:44:00,12.461003,37.843994,6,3500cnr
2025-07-09 23:54:00,12.461003,37.843994,6,3500cnr
2025-07-10 00:04:00,12.461003,37.843994,6,3500cnr
2025-07-08 14:24:00,12.453075,37.875454,6,3680cnr
2025-07-08 14:34:00,12.454066,37.8747,6,3680cnr
2025-07-08 14:44:00,12.45508,37.87398,6,3680cnr
2025-07-08 14:54:00,12.456095,37.87331,6,3680cnr
2025-07-08 15:04:00,12.457148,37.87264,6,3680cnr
2025-07-08 15:14:00,12.4582405,37.871872,6,3680cnr
2025-07-08 15:24:00,12.459314,37.871048,6,3680cnr
2025-07-08 15:34:00,12.460361,37.87017,6,3680cnr
2025-07-08 15:44:00,12.461399,37.869263,6,3680cnr
2025-07-08 15:54:00,12.461906,37.868813,6,3680cnr
2025-07-08 16:04:00,12.461906,37.868813,6,3680cnr
2025-07-08 16:14:00,12.461906,37.868813,6,3680cnr
2025-07-08 16:24:00,12.461906,37.868813,6,3680cnr
2025-07-08 16:34:00,12.461906,37.868813,6,3680cnr
2025-07-08 16:44:00,12.461906,37.868813,6,3680cnr
2025-07-08 16:54:00,12.461906,37.868813,6,3680cnr
2025-07-08 17:04:00,12.461906,37.868813,6,3680cnr
2025-07-08 17:14:00,12.461906,37.868813,6,3680cnr
2025-07-08 17:24:00,12.461906,37.868813,6,3680cnr
2025-07-08 17:34:00,12.461906,37.868813,6,3680cnr
2025-07-08 17:44:00,12.461906,37.868813,6,3680cnr
2025-07-08 17:54:00,12.461906,37.868813,6,3680cnr
2025-07-08 18:04:00,12.461906,37.868813,6,3680cnr
2025-07-08 18:14:00,12.461906,37.868813,6,3680cnr
2025-07-08 18:24:00,12.461906,37.868813,6,3680cnr
2025-07-08 18:34:00,12.461906,37.868813,6,3680cnr
2025-07-08 18:44:00,12.461906,37.868813,6,3680cnr
2025-07-08 18:54:00,12.461906,37.868813,6,3680cnr
2025-07-08 19:04:00,12.461906,37.868813,6,3680cnr
2025-07-08 19:14:00,12.461906,37.868813,6,3680cnr
2025-07-08 19:24:00,12.461906,37.868813,6,3680cnr
2025-07-08 19:34:00,12.461906,37.868813,6,3680cnr
2025-07-08 19:44:00,12.461906,37.868813,6,3680cnr
2025-07-08 19:54:00,12.461906,37.868813,6,3680cnr
2025-07-08 20:04:00,12.461906,37.868813,6,3680cnr
2025-07-08 20:14:00,12.461906,37.868813,6,3680cnr
2025-07-08 20:24:00,12.461906,37.868813,6,3680cnr
2025-07-08 20:34:00,12.461906,37.868813,6,3680cnr
2025-07-08 20:44:00,12.461906,37.868813,6,3680cnr
2025-07-08 20:54:00,12.461906,37.868813,6,3680cnr
2025-07-08 21:04:00,12.461906,37.868813,6,3680cnr
2025-07-08 21:14:00,12.461906,37.868813,6,3680cnr
2025-07-08 21:24:00,12.461906,37.868813,6,3680cnr
2025-07-08 21:34:00,12.461906,37.868813,6,3680cnr
2025-07-08 21:44:00,12.461906,37.868813,6,3680cnr
2025-07-08 21:54:00,12.461906,37.868813,6,3680cnr
2025-07-08 22:04:00,12.461906,37.868813,6,3680cnr
2025-07-08 22:14:00,12.461906,37.868813,6,3680cnr
2025-07-08 22:24:00,12.461906,37.868813,6,3680cnr
2025-07-08 22:34:00,12.461906,37.868813,6,3680cnr
2025-07-08 22:44:00,12.461906,37.868813,6,3680cnr
2025-07-08 22:54:00,12.461906,37.868813,6,3680cnr
2025-07-08 23:04:00,12.461906,37.868813,6,3680cnr
2025-07-08 23:14:00,12.461906,37.868813,6,3680cnr
2025-07-08 23:24:00,12.461906,37.868813,6,3680cnr
2025-07-08 23:34:00,12.461906,37.868813,6,3680cnr
2025-07-08 23:44:00,12.461906,37.868813,6,3680cnr
2025-07-08 23:54:00,12.461906,37.868813,6,3680cnr
2025-07-09 00:04:00,12.461906,37.868813,6,3680cnr
2025-07-09 00:14:00,12.461906,37.868813,6,3680cnr
2025-07-09 00:24:00,12.461906,37.868813,6,3680cnr
2025-07-09 00:34:00,12.461906,37.868813,6,3680cnr
2025-07-09 00:44:00,12.461906,37.868813,6,3680cnr
2025-07-09 00:54:00,12.461906,37.868813,6,3680cnr
2025-07-09 01:04:00,12.461906,37.868813,6,3680cnr
2025-07-09 01:14:00,12.461906,37.868813,6,3680cnr
2025-07-09 01:24:00,12.461906,37.868813,6,3680cnr
2025-07-09 01:34:00,12.461906,37.868813,6,3680cnr
2025-07-09 01:44:00,12.461906,37.868813,6,3680cnr
2025-07-09 01:54:00,12.461906,37.868813,6,3680cnr
2025-07-09 02:04:00,12.461906,37.868813,6,3680cnr
2025-07-09 02:14:00,12.461906,37.868813,6,3680cnr
2025-07-09 02:24:00,12.461906,37.868813,6,3680cnr
2025-07-09 02:34:00,12.461906,37.868813,6,3680cnr
2025-07-09 02:44:00,12.461906,37.868813,6,3680cnr
2025-07-09 02:54:00,12.461906,37.868813,6,3680cnr
2025-07-09 03:04:00,12.461906,37.868813,6,3680cnr
2025-07-09 03:14:00,12.461906,37.868813,6,3680cnr
2025-07-09 03:24:00,12.461906,37.868813,6,3680cnr
2025-07-09 03:34:00,12.461906,37.868813,6,3680cnr
2025-07-09 03:44:00,12.461906,37.868813,6,3680cnr
2025-07-09 03:54:00,12.461906,37.868813,6,3680cnr
2025-07-09 04:04:00,12.461906,37.868813,6,3680cnr
2025-07-09 04:14:00,12.461906,37.868813,6,3680cnr
2025-07-09 04:24:00,12.461906,37.868813,6,3680cnr
2025-07-09 04:34:00,12.461906,37.868813,6,3680cnr
2025-07-09 04:44:00,12.461906,37.868813,6,3680cnr
2025-07-09 04:54:00,12.461906,37.868813,6,3680cnr
2025-07-09 05:04:00,12.461906,37.868813,6,3680cnr
2025-07-09 05:14:00,12.461906,37.868813,6,3680cnr
2025-07-09 05:24:00,12.461906,37.868813,6,3680cnr
2025-07-09 05:34:00,12.461906,37.868813,6,3680cnr
2025-07-09 05:44:00,12.461906,37.868813,6,3680cnr
2025-07-09 05:54:00,12.461906,37.868813,6,3680cnr
2025-07-09 06:04:00,12.461906,37.868813,6,3680cnr
2025-07-09 06:14:00,12.461906,37.868813,6,3680cnr
2025-07-09 06:24:00,12.461906,37.868813,6,3680cnr
2025-07-09 06:34:00,12.461906,37.868813,6,3680cnr
2025-07-09 06:44:00,12.461906,37.868813,6,3680cnr
2025-07-09 06:54:00,12.461906,37.868813,6,3680cnr
2025-07-09 07:04:00,12.462228,37.867157,6,3680cnr
2025-07-09 07:14:00,12.462695,37.865612,6,3680cnr
2025-07-09 07:24:00,12.462695,37.865612,6,3680cnr
2025-07-09 07:34:00,12.462695,37.865612,6,3680cnr
2025-07-09 07:44:00,12.462695,37.865612,6,3680cnr
2025-07-09 07:54:00,12.462695,37.865612,6,3680cnr
2025-07-09 08:04:00,12.462695,37.865612,6,3680cnr
2025-07-09 08:14:00,12.462695,37.865612,6,3680cnr
2025-07-09 08:24:00,12.462695,37.865612,6,3680cnr
2025-07-09 08:34:00,12.462695,37.865612,6,3680cnr
2025-07-09 08:44:00,12.462695,37.865612,6,3680cnr
2025-07-09 08:54:00,12.462695,37.865612,6,3680cnr
2025-07-09 09:04:00,12.462695,37.865612,6,3680cnr
2025-07-09 09:14:00,12.462695,37.865612,6,3680cnr
2025-07-09 09:24:00,12.462695,37.865612,6,3680cnr
2025-07-09 09:34:00,12.462695,37.865612,6,3680cnr
2025-07-09 09:44:00,12.462695,37.865612,6,3680cnr
2025-07-09 09:54:00,12.462695,37.865612,6,3680cnr
2025-07-09 10:04:00,12.462695,37.865612,6,3680cnr
2025-07-09 10:14:00,12.462695,37.865612,6,3680cnr
2025-07-09 10:24:00,12.462695,37.865612,6,3680cnr
2025-07-09 10:34:00,12.462695,37.865612,6,3680cnr
2025-07-09 10:44:00,12.462907,37.86485,6,3680cnr
2025-07-09 10:54:00,12.462907,37.86485,6,3680cnr
2025-07-09 11:04:00,12.462907,37.86485,6,3680cnr
2025-07-09 11:14:00,12.462907,37.86485,6,3680cnr
2025-07-09 11:24:00,12.462907,37.86485,6,3680cnr
2025-07-09 11:34:00,12.462907,37.86485,6,3680cnr
2025-07-09 11:44:00,12.462907,37.86485,6,3680cnr
2025-07-09 11:54:00,12.462907,37.86485,6,3680cnr
2025-07-09 12:04:00,12.462907,37.86485,6,3680cnr
2025-07-09 12:14:00,12.462907,37.86485,6,3680cnr
2025-07-09 12:24:00,12.462907,37.86485,6,3680cnr
2025-07-09 12:34:00,12.462907,37.86485,6,3680cnr
2025-07-09 12:44:00,12.462907,37.86485,6,3680cnr
2025-07-09 12:54:00,12.462907,37.86485,6,3680cnr
2025-07-09 13:04:00,12.462907,37.86485,6,3680cnr
2025-07-09 13:14:00,12.462907,37.86485,6,3680cnr
2025-07-09 13:24:00,12.462907,37.86485,6,3680cnr
2025-07-09 13:34:00,12.462907,37.86485,6,3680cnr
2025-07-09 13:44:00,12.462907,37.86485,6,3680cnr
2025-07-09 13:54:00,12.462907,37.86485,6,3680cnr
2025-07-09 14:04:00,12.462887,37.86366,6,3680cnr
2025-07-09 14:14:00,12.462786,37.862545,6,3680cnr
2025-07-09 14:24:00,12.462638,37.86148,6,3680cnr
2025-07-09 14:34:00,12.462527,37.860394,6,3680cnr
2025-07-09 14:44:00,12.462498,37.859253,6,3680cnr
2025-07-09 14:54:00,12.462527,37.858025,6,3680cnr
2025-07-09 15:04:00,12.462584,37.85671,6,3680cnr
2025-07-09 15:14:00,12.462626,37.85538,6,3680cnr
2025-07-09 15:24:00,12.462583,37.854145,6,3680cnr
2025-07-09 15:34:00,12.462451,37.853027,6,3680cnr
2025-07-09 15:44:00,12.462328,37.852024,6,3680cnr
2025-07-09 15:54:00,12.462231,37.85111,6,3680cnr
2025-07-09 16:04:00,12.462172,37.850266,6,3680cnr
2025-07-09 16:14:00,12.462156,37.849483,6,3680cnr
2025-07-09 16:24:00,12.462165,37.848747,6,3680cnr
2025-07-09 16:34:00,12.462174,37.848396,6,3680cnr
2025-07-09 16:44:00,12.462174,37.848396,6,3680cnr
2025-07-09 16:54:00,12.462174,37.848396,6,3680cnr
2025-07-09 17:04:00,12.462174,37.848396,6,3680cnr
2025-07-09 17:14:00,12.462174,37.848396,6,3680cnr
2025-07-09 17:24:00,12.462174,37.848396,6,3680cnr
2025-07-09 17:34:00,12.462174,37.848396,6,3680cnr
2025-07-09 17:44:00,12.461967,37.847443,6,3680cnr
2025-07-09 17:54:00,12.461719,37.84642,6,3680cnr
2025-07-09 18:04:00,12.461441,37.84533,6,3680cnr
2025-07-09 18:14:00,12.461166,37.844204,6,3680cnr
2025-07-09 18:24:00,12.461166,37.844204,6,3680cnr
2025-07-09 18:34:00,12.461166,37.844204,6,3680cnr
2025-07-09 18:44:00,12.461166,37.844204,6,3680cnr
2025-07-09 18:54:00,12.461166,37.844204,6,3680cnr
2025-07-09 19:04:00,12.461166,37.844204,6,3680cnr
2025-07-09 19:14:00,12.461166,37.844204,6,3680cnr
2025-07-09 19:24:00,12.461166,37.844204,6,3680cnr
2025-07-09 19:34:00,12.461166,37.844204,6,3680cnr
2025-07-09 19:44:00,12.461166,37.844204,6,3680cnr
2025-07-09 19:54:00,12.461166,37.844204,6,3680cnr
2025-07-09 20:04:00,12.461166,37.844204,6,3680cnr
2025-07-09 20:14:00,12.461166,37.844204,6,3680cnr
2025-07-09 20:24:00,12.461166,37.844204,6,3680cnr
2025-07-09 20:34:00,12.461166,37.844204,6,3680cnr
2025-07-09 20:44:00,12.461166,37.844204,6,3680cnr
2025-07-09 20:54:00,12.461166,37.844204,6,3680cnr
2025-07-09 21:04:00,12.461166,37.844204,6,3680cnr
2025-07-09 21:14:00,12.461166,37.844204,6,3680cnr
2025-07-09 21:24:00,12.461166,37.844204,6,3680cnr
2025-07-09 21:34:00,12.461166,37.844204,6,3680cnr
2025-07-09 21:44:00,12.461166,37.844204,6,3680cnr
2025-07-09 21:54:00,12.461166,37.844204,6,3680cnr
2025-07-09 22:04:00,12.461166,37.844204,6,3680cnr
2025-07-09 22:14:00,12.461166,37.844204,6,3680cnr
2025-07-09 22:24:00,12.461166,37.844204,6,3680cnr
2025-07-09 22:34:00,12.461166,37.844204,6,3680cnr
2025-07-09 22:44:00,12.461166,37.844204,6,3680cnr
2025-07-09 22:54:00,12.461166,37.844204,6,3680cnr
2025-07-09 23:04:00,12.461166,37.844204,6,3680cnr
2025-07-09 23:14:00,12.461166,37.844204,6,3680cnr
2025-07-09 23:24:00,12.461166,37.844204,6,3680cnr
2025-07-09 23:34:00,12.461166,37.844204,6,3680cnr
2025-07-09 23:44:00,12.461166,37.844204,6,3680cnr
2025-07-09 23:54:00,12.461166,37.844204,6,3680cnr
2025-07-10 00:04:00,12.461166,37.844204,6,3680cnr
2025-07-08 17:04:00,12.478179,37.87547,7,2520
2025-07-08 17:14:00,12.478942,37.87498,7,2520
2025-07-08 17:24:00,12.479683,37.874527,7,2520
2025-07-08 17:34:00,12.480396,37.874096,7,2520
2025-07-08 17:44:00,12.48106,37.87366,7,2520
2025-07-08 17:54:00,12.481694,37.87322,7,2520
2025-07-08 18:04:00,12.481694,37.87322,7,2520
2025-07-08 18:14:00,12.481694,37.87322,7,2520
2025-07-08 18:24:00,12.481694,37.87322,7,2520
2025-07-08 18:34:00,12.481694,37.87322,7,2520
2025-07-08 18:44:00,12.481694,37.87322,7,2520
2025-07-08 18:54:00,12.481694,37.87322,7,2520
2025-07-08 19:04:00,12.481694,37.87322,7,2520
2025-07-08 19:14:00,12.481694,37.87322,7,2520
2025-07-08 19:24:00,12.481694,37.87322,7,2520
2025-07-08 19:34:00,12.481694,37.87322,7,2520
2025-07-08 19:44:00,12.481694,37.87322,7,2520
2025-07-08 19:54:00,12.481694,37.87322,7,2520
2025-07-08 20:04:00,12.481694,37.87322,7,2520
2025-07-08 20:14:00,12.481694,37.87322,7,2520
2025-07-08 20:24:00,12.481694,37.87322,7,2520
2025-07-08 20:34:00,12.481694,37.87322,7,2520
2025-07-08 20:44:00,12.481694,37.87322,7,2520
2025-07-08 20:54:00,12.481694,37.87322,7,2520
2025-07-08 21:04:00,12.481694,37.87322,7,2520
2025-07-08 21:14:00,12.481694,37.87322,7,2520
2025-07-08 21:24:00,12.481694,37.87322,7,2520
2025-07-08 21:34:00,12.481694,37.87322,7,2520
2025-07-08 21:44:00,12.481694,37.87322,7,2520
2025-07-08 21:54:00,12.481694,37.87322,7,2520
2025-07-08 22:04:00,12.481694,37.87322,7,2520
2025-07-08 22:14:00,12.481694,37.87322,7,2520
2025-07-08 22:24:00,12.481694,37.87322,7,2520
2025-07-08 22:34:00,12.481694,37.87322,7,2520
2025-07-08 22:44:00,12.481694,37.87322,7,2520
2025-07-08 22:54:00,12.481694,37.87322,7,2520
2025-07-08 23:04:00,12.481694,37.87322,7,2520
2025-07-08 23:14:00,12.481694,37.87322,7,2520
2025-07-08 23:24:00,12.481694,37.87322,7,2520
2025-07-08 23:34:00,12.481694,37.87322,7,2520
2025-07-08 23:44:00,12.481694,37.87322,7,2520
2025-07-08 23:54:00,12.481694,37.87322,7,2520
2025-07-09 00:04:00,12.481694,37.87322,7,2520
2025-07-09 00:14:00,12.481694,37.87322,7,2520
2025-07-09 00:24:00,12.481694,37.87322,7,2520
2025-07-09 00:34:00,12.481694,37.87322,7,2520
2025-07-09 00:44:00,12.481694,37.87322,7,2520
2025-07-09 00:54:00,12.481694,37.87322,7,2520
2025-07-09 01:04:00,12.481694,37.87322,7,2520
2025-07-09 01:14:00,12.481694,37.87322,7,2520
2025-07-09 01:24:00,12.481694,37.87322,7,2520
2025-07-09 01:34:00,12.481694,37.87322,7,2520
2025-07-09 01:44:00,12.481694,37.87322,7,2520
2025-07-09 01:54:00,12.481694,37.87322,7,2520
2025-07-09 02:04:00,12.481694,37.87322,7,2520
2025-07-09 02:14:00,12.481694,37.87322,7,2520
2025-07-09 02:24:00,12.481694,37.87322,7,2520
2025-07-09 02:34:00,12.481694,37.87322,7,2520
2025-07-09 02:44:00,12.481694,37.87322,7,2520
2025-07-09 02:54:00,12.481694,37.87322,7,2520
2025-07-09 03:04:00,12.481694,37.87322,7,2520
2025-07-09 03:14:00,12.481694,37.87322,7,2520
2025-07-09 03:24:00,12.481694,37.87322,7,2520
2025-07-09 03:34:00,12.481694,37.87322,7,2520
2025-07-09 03:44:00,12.481694,37.87322,7,2520
2025-07-09 03:54:00,12.481694,37.87322,7,2520
2025-07-09 04:04:00,12.481694,37.87322,7,2520
2025-07-09 04:14:00,12.481694,37.87322,7,2520
2025-07-09 04:24:00,12.481694,37.87322,7,2520
2025-07-09 04:34:00,12.481694,37.87322,7,2520
2025-07-09 04:44:00,12.481694,37.87322,7,2520
2025-07-09 04:54:00,12.481694,37.87322,7,2520
2025-07-09 05:04:00,12.481694,37.87322,7,2520
2025-07-09 05:14:00,12.481694,37.87322,7,2520
2025-07-09 05:24:00,12.481694,37.87322,7,2520
2025-07-09 05:34:00,12.481694,37.87322,7,2520
2025-07-09 05:44:00,12.481694,37.87322,7,2520
2025-07-09 05:54:00,12.481694,37.87322,7,2520
2025-07-09 06:04:00,12.481694,37.87322,7,2520
2025-07-09 06:14:00,12.481694,37.87322,7,2520
2025-07-09 06:24:00,12.481694,37.87322,7,2520
2025-07-09 06:34:00,12.481694,37.87322,7,2520
2025-07-09 06:44:00,12.481694,37.87322,7,2520
2025-07-09 06:54:00,12.481694,37.87322,7,2520
2025-07-09 07:04:00,12.481694,37.87322,7,2520
2025-07-09 07:14:00,12.481694,37.87322,7,2520
2025-07-09 07:24:00,12.481694,37.87322,7,2520
2025-07-09 07:34:00,12.481694,37.87322,7,2520
2025-07-09 07:44:00,12.481694,37.87322,7,2520
2025-07-09 07:54:00,12.481694,37.87322,7,2520
2025-07-09 08:04:00,12.481694,37.87322,7,2520
2025-07-09 08:14:00,12.481694,37.87322,7,2520
2025-07-09 08:24:00,12.481694,37.87322,7,2520
2025-07-09 08:34:00,12.481694,37.87322,7,2520
2025-07-09 08:44:00,12.481694,37.87322,7,2520
2025-07-09 08:54:00,12.481694,37.87322,7,2520
2025-07-09 09:04:00,12.481694,37.87322,7,2520
2025-07-09 09:14:00,12.481694,37.87322,7,2520
2025-07-09 09:24:00,12.481694,37.87322,7,2520
2025-07-09 09:34:00,12.481694,37.87322,7,2520
2025-07-09 09:44:00,12.481694,37.87322,7,2520
2025-07-09 09:54:00,12.481694,37.87322,7,2520
2025-07-09 10:04:00,12.481694,37.87322,7,2520
2025-07-09 10:14:00,12.481694,37.87322,7,2520
2025-07-09 10:24:00,12.481694,37.87322,7,2520
2025-07-09 10:34:00,12.481694,37.87322,7,2520
2025-07-09 10:44:00,12.481694,37.87322,7,2520
2025-07-09 10:54:00,12.481694,37.87322,7,2520
2025-07-09 11:04:00,12.481694,37.87322,7,2520
2025-07-09 11:14:00,12.481694,37.87322,7,2520
2025-07-09 11:24:00,12.481694,37.87322,7,2520
2025-07-09 11:34:00,12.481694,37.87322,7,2520
2025-07-09 11:44:00,12.481694,37.87322,7,2520
2025-07-09 11:54:00,12.481694,37.87322,7,2520
2025-07-09 12:04:00,12.481694,37.87322,7,2520
2025-07-09 12:14:00,12.481694,37.87322,7,2520
2025-07-09 12:24:00,12.481694,37.87322,7,2520
2025-07-09 12:34:00,12.481694,37.87322,7,2520
2025-07-09 12:44:00,12.481694,37.87322,7,2520
2025-07-09 12:54:00,12.481694,37.87322,7,2520
2025-07-09 13:04:00,12.481694,37.87322,7,2520
2025-07-09 13:14:00,12.481694,37.87322,7,2520
2025-07-09 13:24:00,12.481694,37.87322,7,2520
2025-07-09 13:34:00,12.481694,37.87322,7,2520
2025-07-09 13:44:00,12.481694,37.87322,7,2520
2025-07-09 13:54:00,12.481694,37.87322,7,2520
2025-07-09 14:04:00,12.481694,37.87322,7,2520
2025-07-09 14:14:00,12.481694,37.87322,7,2520
2025-07-09 14:24:00,12.481694,37.87322,7,2520
2025-07-09 14:34:00,12.481694,37.87322,7,2520
2025-07-09 14:44:00,12.481694,37.87322,7,2520
2025-07-09 14:54:00,12.481694,37.87322,7,2520
2025-07-09 15:04:00,12.481694,37.87322,7,2520
2025-07-09 15:14:00,12.481694,37.87322,7,2520
2025-07-09 15:24:00,12.481694,37.87322,7,2520
2025-07-09 15:34:00,12.481694,37.87322,7,2520
2025-07-09 15:44:00,12.481694,37.87322,7,2520
2025-07-09 15:54:00,12.481694,37.87322,7,2520
2025-07-09 16:04:00,12.481694,37.87322,7,2520
2025-07-09 16:14:00,12.481694,37.87322,7,2520
2025-07-09 16:24:00,12.481694,37.87322,7,2520
2025-07-09 16:34:00,12.481694,37.87322,7,2520
2025-07-09 16:44:00,12.481694,37.87322,7,2520
2025-07-09 16:54:00,12.481694,37.87322,7,2520
2025-07-09 17:04:00,12.481694,37.87322,7,2520
2025-07-09 17:14:00,12.481694,37.87322,7,2520
2025-07-09 17:24:00,12.481694,37.87322,7,2520
2025-07-09 17:34:00,12.481694,37.87322,7,2520
2025-07-09 17:44:00,12.481694,37.87322,7,2520
2025-07-09 17:54:00,12.481694,37.87322,7,2520
2025-07-09 18:04:00,12.481694,37.87322,7,2520
2025-07-09 18:14:00,12.481694,37.87322,7,2520
2025-07-09 18:24:00,12.481694,37.87322,7,2520
2025-07-09 18:34:00,12.481694,37.87322,7,2520
2025-07-09 18:44:00,12.481694,37.87322,7,2520
2025-07-09 18:54:00,12.481694,37.87322,7,2520
2025-07-09 19:04:00,12.481694,37.87322,7,2520
2025-07-09 19:14:00,12.481694,37.87322,7,2520
2025-07-09 19:24:00,12.481694,37.87322,7,2520
2025-07-09 19:34:00,12.481694,37.87322,7,2520
2025-07-09 19:44:00,12.481694,37.87322,7,2520
2025-07-09 19:54:00,12.481694,37.87322,7,2520
2025-07-09 20:04:00,12.481694,37.87322,7,2520
2025-07-09 20:14:00,12.481694,37.87322,7,2520
2025-07-09 20:24:00,12.481694,37.87322,7,2520
2025-07-09 20:34:00,12.481694,37.87322,7,2520
2025-07-09 20:44:00,12.481694,37.87322,7,2520
2025-07-09 20:54:00,12.481694,37.87322,7,2520
2025-07-09 21:04:00,12.481694,37.87322,7,2520
2025-07-09 21:14:00,12.481694,37.87322,7,2520
2025-07-09 21:24:00,12.481694,37.87322,7,2520
2025-07-09 21:34:00,12.481694,37.87322,7,2520
2025-07-09 21:44:00,12.481694,37.87322,7,2520
2025-07-09 21:54:00,12.481694,37.87322,7,2520
2025-07-09 22:04:00,12.481694,37.87322,7,2520
2025-07-09 22:14:00,12.481694,37.87322,7,2520
2025-07-09 22:24:00,12.481694,37.87322,7,2520
2025-07-09 22:34:00,12.481694,37.87322,7,2520
2025-07-09 22:44:00,12.481694,37.87322,7,2520
2025-07-09 22:54:00,12.481694,37.87322,7,2520
2025-07-09 23:04:00,12.481694,37.87322,7,2520
2025-07-09 23:14:00,12.481694,37.87322,7,2520
2025-07-09 23:24:00,12.481694,37.87322,7,2520
2025-07-09 23:34:00,12.481694,37.87322,7,2520
2025-07-09 23:44:00,12.481694,37.87322,7,2520
2025-07-09 23:54:00,12.481694,37.87322,7,2520
2025-07-10 00:04:00,12.481738,37.87299,7,2520
2025-07-08 17:04:00,12.478139,37.87547,7,7520
2025-07-08 17:14:00,12.478901,37.874985,7,7520
2025-07-08 17:24:00,12.479641,37.874527,7,7520
2025-07-08 17:34:00,12.480354,37.8741,7,7520
2025-07-08 17:44:00,12.481019,37.87367,7,7520
2025-07-08 17:54:00,12.481653,37.873226,7,7520
2025-07-08 18:04:00,12.481653,37.873226,7,7520
2025-07-08 18:14:00,12.481653,37.873226,7,7520
2025-07-08 18:24:00,12.481653,37.873226,7,7520
2025-07-08 18:34:00,12.481653,37.873226,7,7520
2025-07-08 18:44:00,12.481653,37.873226,7,7520
2025-07-08 18:54:00,12.481653,37.873226,7,7520
2025-07-08 19:04:00,12.481653,37.873226,7,7520
2025-07-08 19:14:00,12.481653,37.873226,7,7520
2025-07-08 19:24:00,12.481653,37.873226,7,7520
2025-07-08 19:34:00,12.481653,37.873226,7,7520
2025-07-08 19:44:00,12.481653,37.873226,7,7520
2025-07-08 19:54:00,12.481653,37.873226,7,7520
2025-07-08 20:04:00,12.481653,37.873226,7,7520
2025-07-08 20:14:00,12.481653,37.873226,7,7520
2025-07-08 20:24:00,12.481653,37.873226,7,7520
2025-07-08 20:34:00,12.481653,37.873226,7,7520
2025-07-08 20:44:00,12.481653,37.873226,7,7520
2025-07-08 20:54:00,12.481653,37.873226,7,7520
2025-07-08 21:04:00,12.481653,37.873226,7,7520
2025-07-08 21:14:00,12.481653,37.873226,7,7520
2025-07-08 21:24:00,12.481653,37.873226,7,7520
2025-07-08 21:34:00,12.481653,37.873226,7,7520
2025-07-08 21:44:00,12.481653,37.873226,7,7520
2025-07-08 21:54:00,12.481653,37.873226,7,7520
2025-07-08 22:04:00,12.481653,37.873226,7,7520
2025-07-08 22:14:00,12.481653,37.873226,7,7520
2025-07-08 22:24:00,12.481653,37.873226,7,7520
2025-07-08 22:34:00,12.481653,37.873226,7,7520
2025-07-08 22:44:00,12.481653,37.873226,7,7520
2025-07-08 22:54:00,12.481653,37.873226,7,7520
2025-07-08 23:04:00,12.481653,37.873226,7,7520
2025-07-08 23:14:00,12.481653,37.873226,7,7520
2025-07-08 23:24:00,12.481653,37.873226,7,7520
2025-07-08 23:34:00,12.481653,37.873226,7,7520
2025-07-08 23:44:00,12.481653,37.873226,7,7520
2025-07-08 23:54:00,12.481653,37.873226,7,7520
2025-07-09 00:04:00,12.481653,37.873226,7,7520
2025-07-09 00:14:00,12.481653,37.873226,7,7520
2025-07-09 00:24:00,12.481653,37.873226,7,7520
2025-07-09 00:34:00,12.481653,37.873226,7,7520
2025-07-09 00:44:00,12.481653,37.873226,7,7520
2025-07-09 00:54:00,12.481653,37.873226,7,7520
2025-07-09 01:04:00,12.481653,37.873226,7,7520
2025-07-09 01:14:00,12.481653,37.873226,7,7520
2025-07-09 01:24:00,12.481653,37.873226,7,7520
2025-07-09 01:34:00,12.481653,37.873226,7,7520
2025-07-09 01:44:00,12.481653,37.873226,7,7520
2025-07-09 01:54:00,12.481653,37.873226,7,7520
2025-07-09 02:04:00,12.481653,37.873226,7,7520
2025-07-09 02:14:00,12.481653,37.873226,7,7520
2025-07-09 02:24:00,12.481653,37.873226,7,7520
2025-07-09 02:34:00,12.481653,37.873226,7,7520
2025-07-09 02:44:00,12.481653,37.873226,7,7520
2025-07-09 02:54:00,12.481653,37.873226,7,7520
2025-07-09 03:04:00,12.481653,37.873226,7,7520
2025-07-09 03:14:00,12.481653,37.873226,7,7520
2025-07-09 03:24:00,12.481653,37.873226,7,7520
2025-07-09 03:34:00,12.481653,37.873226,7,7520
2025-07-09 03:44:00,12.481653,37.873226,7,7520
2025-07-09 03:54:00,12.481653,37.873226,7,7520
2025-07-09 04:04:00,12.481653,37.873226,7,7520
2025-07-09 04:14:00,12.481653,37.873226,7,7520
2025-07-09 04:24:00,12.481653,37.873226,7,7520
2025-07-09 04:34:00,12.481653,37.873226,7,7520
2025-07-09 04:44:00,12.481653,37.873226,7,7520
2025-07-09 04:54:00,12.481653,37.873226,7,7520
2025-07-09 05:04:00,12.481653,37.873226,7,7520
2025-07-09 05:14:00,12.481653,37.873226,7,7520
2025-07-09 05:24:00,12.481653,37.873226,7,7520
2025-07-09 05:34:00,12.481653,37.873226,7,7520
2025-07-09 05:44:00,12.481653,37.873226,7,7520
2025-07-09 05:54:00,12.481653,37.873226,7,7520
2025-07-09 06:04:00,12.481653,37.873226,7,7520
2025-07-09 06:14:00,12.481653,37.873226,7,7520
2025-07-09 06:24:00,12.481653,37.873226,7,7520
2025-07-09 06:34:00,12.481653,37.873226,7,7520
2025-07-09 06:44:00,12.481653,37.873226,7,7520
2025-07-09 06:54:00,12.481653,37.873226,7,7520
2025-07-09 07:04:00,12.481653,37.873226,7,7520
2025-07-09 07:14:00,12.481653,37.873226,7,7520
2025-07-09 07:24:00,12.481653,37.873226,7,7520
2025-07-09 07:34:00,12.481653,37.873226,7,7520
2025-07-09 07:44:00,12.481653,37.873226,7,7520
2025-07-09 07:54:00,12.481653,37.873226,7,7520
2025-07-09 08:04:00,12.481653,37.873226,7,7520
2025-07-09 08:14:00,12.481653,37.873226,7,7520
2025-07-09 08:24:00,12.481653,37.873226,7,7520
2025-07-09 08:34:00,12.481653,37.873226,7,7520
2025-07-09 08:44:00,12.481653,37.873226,7,7520
2025-07-09 08:54:00,12.481653,37.873226,7,7520
2025-07-09 09:04:00,12.481653,37.873226,7,7520
2025-07-09 09:14:00,12.481653,37.873226,7,7520
2025-07-09 09:24:00,12.481653,37.873226,7,7520
2025-07-09 09:34:00,12.481653,37.873226,7,7520
2025-07-09 09:44:00,12.481653,37.873226,7,7520
2025-07-09 09:54:00,12.481653,37.873226,7,7520
2025-07-09 10:04:00,12.481653,37.873226,7,7520
2025-07-09 10:14:00,12.481653,37.873226,7,7520
2025-07-09 10:24:00,12.481653,37.873226,7,7520
2025-07-09 10:34:00,12.481653,37.873226,7,7520
2025-07-09 10:44:00,12.481653,37.873226,7,7520
2025-07-09 10:54:00,12.481653,37.873226,7,7520
2025-07-09 11:04:00,12.481653,37.873226,7,7520
2025-07-09 11:14:00,12.481653,37.873226,7,7520
2025-07-09 11:24:00,12.481653,37.873226,7,7520
2025-07-09 11:34:00,12.481653,37.873226,7,7520
2025-07-09 11:44:00,12.481653,37.873226,7,7520
2025-07-09 11:54:00,12.481653,37.873226,7,7520
2025-07-09 12:04:00,12.481653,37.873226,7,7520
2025-07-09 12:14:00,12.481653,37.873226,7,7520
2025-07-09 12:24:00,12.481653,37.873226,7,7520
2025-07-09 12:34:00,12.481653,37.873226,7,7520
2025-07-09 12:44:00,12.481653,37.873226,7,7520
2025-07-09 12:54:00,12.481653,37.873226,7,7520
2025-07-09 13:04:00,12.481653,37.873226,7,7520
2025-07-09 13:14:00,12.481653,37.873226,7,7520
2025-07-09 13:24:00,12.481653,37.873226,7,7520
2025-07-09 13:34:00,12.481653,37.873226,7,7520
2025-07-09 13:44:00,12.481653,37.873226,7,7520
2025-07-09 13:54:00,12.481653,37.873226,7,7520
2025-07-09 14:04:00,12.481653,37.873226,7,7520
2025-07-09 14:14:00,12.481653,37.873226,7,7520
2025-07-09 14:24:00,12.481653,37.873226,7,7520
2025-07-09 14:34:00,12.481653,37.873226,7,7520
2025-07-09 14:44:00,12.481653,37.873226,7,7520
2025-07-09 14:54:00,12.481653,37.873226,7,7520
2025-07-09 15:04:00,12.481653,37.873226,7,7520
2025-07-09 15:14:00,12.481653,37.873226,7,7520
2025-07-09 15:24:00,12.481653,37.873226,7,7520
2025-07-09 15:34:00,12.481653,37.873226,7,7520
2025-07-09 15:44:00,12.481653,37.873226,7,7520
2025-07-09 15:54:00,12.481653,37.873226,7,7520
2025-07-09 16:04:00,12.481653,37.873226,7,7520
2025-07-09 16:14:00,12.481653,37.873226,7,7520
2025-07-09 16:24:00,12.481653,37.873226,7,7520
2025-07-09 16:34:00,12.481653,37.873226,7,7520
2025-07-09 16:44:00,12.481653,37.873226,7,7520
2025-07-09 16:54:00,12.481653,37.873226,7,7520
2025-07-09 17:04:00,12.481653,37.873226,7,7520
2025-07-09 17:14:00,12.481653,37.873226,7,7520
2025-07-09 17:24:00,12.481653,37.873226,7,7520
2025-07-09 17:34:00,12.481653,37.873226,7,7520
2025-07-09 17:44:00,12.481653,37.873226,7,7520
2025-07-09 17:54:00,12.481653,37.873226,7,7520
2025-07-09 18:04:00,12.481653,37.873226,7,7520
2025-07-09 18:14:00,12.481653,37.873226,7,7520
2025-07-09 18:24:00,12.481653,37.873226,7,7520
2025-07-09 18:34:00,12.481653,37.873226,7,7520
2025-07-09 18:44:00,12.481653,37.873226,7,7520
2025-07-09 18:54:00,12.481653,37.873226,7,7520
2025-07-09 19:04:00,12.481653,37.873226,7,7520
2025-07-09 19:14:00,12.481653,37.873226,7,7520
2025-07-09 19:24:00,12.481653,37.873226,7,7520
2025-07-09 19:34:00,12.481653,37.873226,7,7520
2025-07-09 19:44:00,12.481653,37.873226,7,7520
2025-07-09 19:54:00,12.481653,37.873226,7,7520
2025-07-09 20:04:00,12.481653,37.873226,7,7520
2025-07-09 20:14:00,12.481653,37.873226,7,7520
2025-07-09 20:24:00,12.481653,37.873226,7,7520
2025-07-09 20:34:00,12.481653,37.873226,7,7520
2025-07-09 20:44:00,12.481653,37.873226,7,7520
2025-07-09 20:54:00,12.481653,37.873226,7,7520
2025-07-09 21:04:00,12.481653,37.873226,7,7520
2025-07-09 21:14:00,12.481653,37.873226,7,7520
2025-07-09 21:24:00,12.481653,37.873226,7,7520
2025-07-09 21:34:00,12.481653,37.873226,7,7520
2025-07-09 21:44:00,12.481653,37.873226,7,7520
2025-07-09 21:54:00,12.481653,37.873226,7,7520
2025-07-09 22:04:00,12.481653,37.873226,7,7520
2025-07-09 22:14:00,12.481653,37.873226,7,7520
2025-07-09 22:24:00,12.481653,37.873226,7,7520
2025-07-09 22:34:00,12.481653,37.873226,7,7520
2025-07-09 22:44:00,12.481653,37.873226,7,7520
2025-07-09 22:54:00,12.481653,37.873226,7,7520
2025-07-09 23:04:00,12.481653,37.873226,7,7520
2025-07-09 23:14:00,12.481653,37.873226,7,7520
2025-07-09 23:24:00,12.481653,37.873226,7,7520
2025-07-09 23:34:00,12.481653,37.873226,7,7520
2025-07-09 23:44:00,12.481653,37.873226,7,7520
2025-07-09 23:54:00,12.481653,37.873226,7,7520
2025-07-10 00:04:00,12.481697,37.872997,7,7520
2025-07-08 17:04:00,12.478119,37.87548,7,930
2025-07-08 17:14:00,12.478881,37.874996,7,930
2025-07-08 17:24:00,12.479621,37.87454,7,930
2025-07-08 17:34:00,12.480335,37.87411,7,930
2025-07-08 17:44:00,12.481001,37.87368,7,930
2025-07-08 17:54:00,12.481636,37.87324,7,930
2025-07-08 18:04:00,12.481636,37.87324,7,930
2025-07-08 18:14:00,12.481636,37.87324,7,930
2025-07-08 18:24:00,12.481636,37.87324,7,930
2025-07-08 18:34:00,12.481636,37.87324,7,930
2025-07-08 18:44:00,12.481636,37.87324,7,930
2025-07-08 18:54:00,12.481636,37.87324,7,930
2025-07-08 19:04:00,12.481636,37.87324,7,930
2025-07-08 19:14:00,12.481636,37.87324,7,930
2025-07-08 19:24:00,12.481636,37.87324,7,930
2025-07-08 19:34:00,12.481636,37.87324,7,930
2025-07-08 19:44:00,12.481636,37.87324,7,930
2025-07-08 19:54:00,12.481636,37.87324,7,930
2025-07-08 20:04:00,12.481636,37.87324,7,930
2025-07-08 20:14:00,12.481636,37.87324,7,930
2025-07-08 20:24:00,12.481636,37.87324,7,930
2025-07-08 20:34:00,12.481636,37.87324,7,930
2025-07-08 20:44:00,12.481636,37.87324,7,930
2025-07-08 20:54:00,12.481636,37.87324,7,930
2025-07-08 21:04:00,12.481636,37.87324,7,930
2025-07-08 21:14:00,12.481636,37.87324,7,930
2025-07-08 21:24:00,12.481636,37.87324,7,930
2025-07-08 21:34:00,12.481636,37.87324,7,930
2025-07-08 21:44:00,12.481636,37.87324,7,930
2025-07-08 21:54:00,12.481636,37.87324,7,930
2025-07-08 22:04:00,12.481636,37.87324,7,930
2025-07-08 22:14:00,12.481636,37.87324,7,930
2025-07-08 22:24:00,12.481636,37.87324,7,930
2025-07-08 22:34:00,12.481636,37.87324,7,930
2025-07-08 22:44:00,12.481636,37.87324,7,930
2025-07-08 22:54:00,12.481636,37.87324,7,930
2025-07-08 23:04:00,12.481636,37.87324,7,930
2025-07-08 23:14:00,12.481636,37.87324,7,930
2025-07-08 23:24:00,12.481636,37.87324,7,930
2025-07-08 23:34:00,12.481636,37.87324,7,930
2025-07-08 23:44:00,12.481636,37.87324,7,930
2025-07-08 23:54:00,12.481636,37.87324,7,930
2025-07-09 00:04:00,12.481636,37.87324,7,930
2025-07-09 00:14:00,12.481636,37.87324,7,930
2025-07-09 00:24:00,12.481636,37.87324,7,930
2025-07-09 00:34:00,12.481636,37.87324,7,930
2025-07-09 00:44:00,12.481636,37.87324,7,930
2025-07-09 00:54:00,12.481636,37.87324,7,930
2025-07-09 01:04:00,12.481636,37.87324,7,930
2025-07-09 01:14:00,12.481636,37.87324,7,930
2025-07-09 01:24:00,12.481636,37.87324,7,930
2025-07-09 01:34:00,12.481636,37.87324,7,930
2025-07-09 01:44:00,12.481636,37.87324,7,930
2025-07-09 01:54:00,12.481636,37.87324,7,930
2025-07-09 02:04:00,12.481636,37.87324,7,930
2025-07-09 02:14:00,12.481636,37.87324,7,930
2025-07-09 02:24:00,12.481636,37.87324,7,930
2025-07-09 02:34:00,12.481636,37.87324,7,930
2025-07-09 02:44:00,12.481636,37.87324,7,930
2025-07-09 02:54:00,12.481636,37.87324,7,930
2025-07-09 03:04:00,12.481636,37.87324,7,930
2025-07-09 03:14:00,12.481636,37.87324,7,930
2025-07-09 03:24:00,12.481636,37.87324,7,930
2025-07-09 03:34:00,12.481636,37.87324,7,930
2025-07-09 03:44:00,12.481636,37.87324,7,930
2025-07-09 03:54:00,12.481636,37.87324,7,930
2025-07-09 04:04:00,12.481636,37.87324,7,930
2025-07-09 04:14:00,12.481636,37.87324,7,930
2025-07-09 04:24:00,12.481636,37.87324,7,930
2025-07-09 04:34:00,12.481636,37.87324,7,930
2025-07-09 04:44:00,12.481636,37.87324,7,930
2025-07-09 04:54:00,12.481636,37.87324,7,930
2025-07-09 05:04:00,12.481636,37.87324,7,930
2025-07-09 05:14:00,12.481636,37.87324,7,930
2025-07-09 05:24:00,12.481636,37.87324,7,930
2025-07-09 05:34:00,12.481636,37.87324,7,930
2025-07-09 05:44:00,12.481636,37.87324,7,930
2025-07-09 05:54:00,12.481636,37.87324,7,930
2025-07-09 06:04:00,12.481636,37.87324,7,930
2025-07-09 06:14:00,12.481636,37.87324,7,930
2025-07-09 06:24:00,12.481636,37.87324,7,930
2025-07-09 06:34:00,12.481636,37.87324,7,930
2025-07-09 06:44:00,12.481636,37.87324,7,930
2025-07-09 06:54:00,12.481636,37.87324,7,930
2025-07-09 07:04:00,12.481636,37.87324,7,930
2025-07-09 07:14:00,12.481636,37.87324,7,930
2025-07-09 07:24:00,12.481636,37.87324,7,930
2025-07-09 07:34:00,12.481636,37.87324,7,930
2025-07-09 07:44:00,12.481636,37.87324,7,930
2025-07-09 07:54:00,12.481636,37.87324,7,930
2025-07-09 08:04:00,12.481636,37.87324,7,930
2025-07-09 08:14:00,12.481636,37.87324,7,930
2025-07-09 08:24:00,12.481636,37.87324,7,930
2025-07-09 08:34:00,12.481636,37.87324,7,930
2025-07-09 08:44:00,12.481636,37.87324,7,930
2025-07-09 08:54:00,12.481636,37.87324,7,930
2025-07-09 09:04:00,12.481636,37.87324,7,930
2025-07-09 09:14:00,12.481636,37.87324,7,930
2025-07-09 09:24:00,12.481636,37.87324,7,930
2025-07-09 09:34:00,12.481636,37.87324,7,930
2025-07-09 09:44:00,12.481636,37.87324,7,930
2025-07-09 09:54:00,12.481636,37.87324,7,930
2025-07-09 10:04:00,12.481636,37.87324,7,930
2025-07-09 10:14:00,12.481636,37.87324,7,930
2025-07-09 10:24:00,12.481636,37.87324,7,930
2025-07-09 10:34:00,12.481636,37.87324,7,930
2025-07-09 10:44:00,12.481636,37.87324,7,930
2025-07-09 10:54:00,12.481636,37.87324,7,930
2025-07-09 11:04:00,12.481636,37.87324,7,930
2025-07-09 11:14:00,12.481636,37.87324,7,930
2025-07-09 11:24:00,12.481636,37.87324,7,930
2025-07-09 11:34:00,12.481636,37.87324,7,930
2025-07-09 11:44:00,12.481636,37.87324,7,930
2025-07-09 11:54:00,12.481636,37.87324,7,930
2025-07-09 12:04:00,12.481636,37.87324,7,930
2025-07-09 12:14:00,12.481636,37.87324,7,930
2025-07-09 12:24:00,12.481636,37.87324,7,930
2025-07-09 12:34:00,12.481636,37.87324,7,930
2025-07-09 12:44:00,12.481636,37.87324,7,930
2025-07-09 12:54:00,12.481636,37.87324,7,930
2025-07-09 13:04:00,12.481636,37.87324,7,930
2025-07-09 13:14:00,12.481636,37.87324,7,930
2025-07-09 13:24:00,12.481636,37.87324,7,930
2025-07-09 13:34:00,12.481636,37.87324,7,930
2025-07-09 13:44:00,12.481636,37.87324,7,930
2025-07-09 13:54:00,12.481636,37.87324,7,930
2025-07-09 14:04:00,12.481636,37.87324,7,930
2025-07-09 14:14:00,12.481636,37.87324,7,930
2025-07-09 14:24:00,12.481636,37.87324,7,930
2025-07-09 14:34:00,12.481636,37.87324,7,930
2025-07-09 14:44:00,12.481636,37.87324,7,930
2025-07-09 14:54:00,12.481636,37.87324,7,930
2025-07-09 15:04:00,12.481636,37.87324,7,930
2025-07-09 15:14:00,12.481636,37.87324,7,930
2025-07-09 15:24:00,12.481636,37.87324,7,930
2025-07-09 15:34:00,12.481636,37.87324,7,930
2025-07-09 15:44:00,12.481636,37.87324,7,930
2025-07-09 15:54:00,12.481636,37.87324,7,930
2025-07-09 16:04:00,12.481636,37.87324,7,930
2025-07-09 16:14:00,12.481636,37.87324,7,930
2025-07-09 16:24:00,12.481636,37.87324,7,930
2025-07-09 16:34:00,12.481636,37.87324,7,930
2025-07-09 16:44:00,12.481636,37.87324,7,930
2025-07-09 16:54:00,12.481636,37.87324,7,930
2025-07-09 17:04:00,12.481636,37.87324,7,930
2025-07-09 17:14:00,12.481636,37.87324,7,930
2025-07-09 17:24:00,12.481636,37.87324,7,930
2025-07-09 17:34:00,12.481636,37.87324,7,930
2025-07-09 17:44:00,12.481636,37.87324,7,930
2025-07-09 17:54:00,12.481636,37.87324,7,930
2025-07-09 18:04:00,12.481636,37.87324,7,930
2025-07-09 18:14:00,12.481636,37.87324,7,930
2025-07-09 18:24:00,12.481636,37.87324,7,930
2025-07-09 18:34:00,12.481636,37.87324,7,930
2025-07-09 18:44:00,12.481636,37.87324,7,930
2025-07-09 18:54:00,12.481636,37.87324,7,930
2025-07-09 19:04:00,12.481636,37.87324,7,930
2025-07-09 19:14:00,12.481636,37.87324,7,930
2025-07-09 19:24:00,12.481636,37.87324,7,930
2025-07-09 19:34:00,12.481636,37.87324,7,930
2025-07-09 19:44:00,12.481636,37.87324,7,930
2025-07-09 19:54:00,12.481636,37.87324,7,930
2025-07-09 20:04:00,12.481636,37.87324,7,930
2025-07-09 20:14:00,12.481636,37.87324,7,930
2025-07-09 20:24:00,12.481636,37.87324,7,930
2025-07-09 20:34:00,12.481636,37.87324,7,930
2025-07-09 20:44:00,12.481636,37.87324,7,930
2025-07-09 20:54:00,12.481636,37.87324,7,930
2025-07-09 21:04:00,12.481636,37.87324,7,930
2025-07-09 21:14:00,12.481636,37.87324,7,930
2025-07-09 21:24:00,12.481636,37.87324,7,930
2025-07-09 21:34:00,12.481636,37.87324,7,930
2025-07-09 21:44:00,12.481636,37.87324,7,930
2025-07-09 21:54:00,12.481636,37.87324,7,930
2025-07-09 22:04:00,12.481636,37.87324,7,930
2025-07-09 22:14:00,12.481636,37.87324,7,930
2025-07-09 22:24:00,12.481636,37.87324,7,930
2025-07-09 22:34:00,12.481636,37.87324,7,930
2025-07-09 22:44:00,12.481636,37.87324,7,930
2025-07-09 22:54:00,12.481636,37.87324,7,930
2025-07-09 23:04:00,12.481636,37.87324,7,930
2025-07-09 23:14:00,12.481636,37.87324,7,930
2025-07-09 23:24:00,12.481636,37.87324,7,930
2025-07-09 23:34:00,12.481636,37.87324,7,930
2025-07-09 23:44:00,12.481636,37.87324,7,930
2025-07-09 23:54:00,12.481636,37.87324,7,930
2025-07-10 00:04:00,12.481681,37.873013,7,930
2025-07-09 07:44:00,12.45519,37.86956,8,2520
2025-07-09 07:54:00,12.455373,37.868206,8,2520
2025-07-09 08:04:00,12.455597,37.86692,8,2520
2025-07-09 08:14:00,12.455878,37.86564,8,2520
2025-07-09 08:24:00,12.456193,37.864353,8,2520
2025-07-09 08:34:00,12.456193,37.864353,8,2520
2025-07-09 08:44:00,12.456193,37.864353,8,2520
2025-07-09 08:54:00,12.456193,37.864353,8,2520
2025-07-09 09:04:00,12.456193,37.864353,8,2520
2025-07-09 09:14:00,12.456193,37.864353,8,2520
2025-07-09 09:24:00,12.456193,37.864353,8,2520
2025-07-09 09:34:00,12.456193,37.864353,8,2520
2025-07-09 09:44:00,12.456193,37.864353,8,2520
2025-07-09 09:54:00,12.456193,37.864353,8,2520
2025-07-09 10:04:00,12.456193,37.864353,8,2520
2025-07-09 10:14:00,12.456193,37.864353,8,2520
2025-07-09 10:24:00,12.456193,37.864353,8,2520
2025-07-09 10:34:00,12.456193,37.864353,8,2520
2025-07-09 10:44:00,12.456193,37.864353,8,2520
2025-07-09 10:54:00,12.456193,37.864353,8,2520
2025-07-09 11:04:00,12.456193,37.864353,8,2520
2025-07-09 11:14:00,12.456193,37.864353,8,2520
2025-07-09 11:24:00,12.456193,37.864353,8,2520
2025-07-09 11:34:00,12.456193,37.864353,8,2520
2025-07-09 11:44:00,12.456193,37.864353,8,2520
2025-07-09 11:54:00,12.456331,37.86375,8,2520
2025-07-09 12:04:00,12.456331,37.86375,8,2520
2025-07-09 12:14:00,12.456331,37.86375,8,2520
2025-07-09 12:24:00,12.456331,37.86375,8,2520
2025-07-09 12:34:00,12.456331,37.86375,8,2520
2025-07-09 12:44:00,12.456331,37.86375,8,2520
2025-07-09 12:54:00,12.456331,37.86375,8,2520
2025-07-09 13:04:00,12.456331,37.86375,8,2520
2025-07-09 13:14:00,12.456331,37.86375,8,2520
2025-07-09 13:24:00,12.456331,37.86375,8,2520
2025-07-09 13:34:00,12.456331,37.86375,8,2520
2025-07-09 13:44:00,12.456331,37.86375,8,2520
2025-07-09 13:54:00,12.456331,37.86375,8,2520
2025-07-09 14:04:00,12.456331,37.86375,8,2520
2025-07-09 14:14:00,12.456331,37.86375,8,2520
2025-07-09 14:24:00,12.456331,37.86375,8,2520
2025-07-09 14:34:00,12.456331,37.86375,8,2520
2025-07-09 14:44:00,12.456331,37.86375,8,2520
2025-07-09 14:54:00,12.456331,37.86375,8,2520
2025-07-09 15:04:00,12.456331,37.86375,8,2520
2025-07-09 15:14:00,12.456331,37.86375,8,2520
2025-07-09 15:24:00,12.456331,37.86375,8,2520
2025-07-09 15:34:00,12.456331,37.86375,8,2520
2025-07-09 15:44:00,12.456331,37.86375,8,2520
2025-07-09 15:54:00,12.456331,37.86375,8,2520
2025-07-09 16:04:00,12.456331,37.86375,8,2520
2025-07-09 16:14:00,12.456331,37.86375,8,2520
2025-07-09 16:24:00,12.456331,37.86375,8,2520
2025-07-09 16:34:00,12.456331,37.86375,8,2520
2025-07-09 16:44:00,12.456331,37.86375,8,2520
2025-07-09 16:54:00,12.456331,37.86375,8,2520
2025-07-09 17:04:00,12.456331,37.86375,8,2520
2025-07-09 17:14:00,12.456331,37.86375,8,2520
2025-07-09 17:24:00,12.456331,37.86375,8,2520
2025-07-09 17:34:00,12.456331,37.86375,8,2520
2025-07-09 17:44:00,12.456331,37.86375,8,2520
2025-07-09 17:54:00,12.456331,37.86375,8,2520
2025-07-09 18:04:00,12.456331,37.86375,8,2520
2025-07-09 18:14:00,12.456331,37.86375,8,2520
2025-07-09 18:24:00,12.456331,37.86375,8,2520
2025-07-09 18:34:00,12.456331,37.86375,8,2520
2025-07-09 18:44:00,12.456331,37.86375,8,2520
2025-07-09 18:54:00,12.456331,37.86375,8,2520
2025-07-09 19:04:00,12.456331,37.86375,8,2520
2025-07-09 19:14:00,12.456331,37.86375,8,2520
2025-07-09 19:24:00,12.456331,37.86375,8,2520
2025-07-09 19:34:00,12.456331,37.86375,8,2520
2025-07-09 19:44:00,12.456331,37.86375,8,2520
2025-07-09 19:54:00,12.456331,37.86375,8,2520
2025-07-09 20:04:00,12.456331,37.86375,8,2520
2025-07-09 20:14:00,12.456331,37.86375,8,2520
2025-07-09 20:24:00,12.456331,37.86375,8,2520
2025-07-09 20:34:00,12.456331,37.86375,8,2520
2025-07-09 20:44:00,12.456331,37.86375,8,2520
2025-07-09 20:54:00,12.456331,37.86375,8,2520
2025-07-09 21:04:00,12.456331,37.86375,8,2520
2025-07-09 21:14:00,12.456331,37.86375,8,2520
2025-07-09 21:24:00,12.456331,37.86375,8,2520
2025-07-09 21:34:00,12.456331,37.86375,8,2520
2025-07-09 21:44:00,12.456331,37.86375,8,2520
2025-07-09 21:54:00,12.456331,37.86375,8,2520
2025-07-09 22:04:00,12.456331,37.86375,8,2520
2025-07-09 22:14:00,12.456331,37.86375,8,2520
2025-07-09 22:24:00,12.456331,37.86375,8,2520
2025-07-09 22:34:00,12.456331,37.86375,8,2520
2025-07-09 22:44:00,12.456331,37.86375,8,2520
2025-07-09 22:54:00,12.456331,37.86375,8,2520
2025-07-09 23:04:00,12.456331,37.86375,8,2520
2025-07-09 23:14:00,12.456331,37.86375,8,2520
2025-07-09 23:24:00,12.456331,37.86375,8,2520
2025-07-09 23:34:00,12.456331,37.86375,8,2520
2025-07-09 23:44:00,12.456331,37.86375,8,2520
2025-07-09 23:54:00,12.456331,37.86375,8,2520
2025-07-10 00:04:00,12.456331,37.86375,8,2520
2025-07-09 07:44:00,12.45545,37.86926,8,7520
2025-07-09 07:54:00,12.455649,37.867905,8,7520
2025-07-09 08:04:00,12.455893,37.866608,8,7520
2025-07-09 08:14:00,12.456189,37.865322,8,7520
2025-07-09 08:24:00,12.456531,37.864014,8,7520
2025-07-09 08:34:00,12.456531,37.864014,8,7520
2025-07-09 08:44:00,12.456531,37.864014,8,7520
2025-07-09 08:54:00,12.456531,37.864014,8,7520
2025-07-09 09:04:00,12.456531,37.864014,8,7520
2025-07-09 09:14:00,12.456531,37.864014,8,7520
2025-07-09 09:24:00,12.456531,37.864014,8,7520
2025-07-09 09:34:00,12.456531,37.864014,8,7520
2025-07-09 09:44:00,12.456531,37.864014,8,7520
2025-07-09 09:54:00,12.456531,37.864014,8,7520
2025-07-09 10:04:00,12.456531,37.864014,8,7520
2025-07-09 10:14:00,12.456531,37.864014,8,7520
2025-07-09 10:24:00,12.456531,37.864014,8,7520
2025-07-09 10:34:00,12.456531,37.864014,8,7520
2025-07-09 10:44:00,12.456531,37.864014,8,7520
2025-07-09 10:54:00,12.456531,37.864014,8,7520
2025-07-09 11:04:00,12.456531,37.864014,8,7520
2025-07-09 11:14:00,12.456531,37.864014,8,7520
2025-07-09 11:24:00,12.456531,37.864014,8,7520
2025-07-09 11:34:00,12.456531,37.864014,8,7520
2025-07-09 11:44:00,12.456531,37.864014,8,7520
2025-07-09 11:54:00,12.456531,37.864014,8,7520
2025-07-09 12:04:00,12.456531,37.864014,8,7520
2025-07-09 12:14:00,12.456531,37.864014,8,7520
2025-07-09 12:24:00,12.456531,37.864014,8,7520
2025-07-09 12:34:00,12.456531,37.864014,8,7520
2025-07-09 12:44:00,12.456531,37.864014,8,7520
2025-07-09 12:54:00,12.456531,37.864014,8,7520
2025-07-09 13:04:00,12.456531,37.864014,8,7520
2025-07-09 13:14:00,12.456531,37.864014,8,7520
2025-07-09 13:24:00,12.456531,37.864014,8,7520
2025-07-09 13:34:00,12.456531,37.864014,8,7520
2025-07-09 13:44:00,12.456531,37.864014,8,7520
2025-07-09 13:54:00,12.456531,37.864014,8,7520
2025-07-09 14:04:00,12.456531,37.864014,8,7520
2025-07-09 14:14:00,12.456531,37.864014,8,7520
2025-07-09 14:24:00,12.456531,37.864014,8,7520
2025-07-09 14:34:00,12.456531,37.864014,8,7520
2025-07-09 14:44:00,12.456531,37.864014,8,7520
2025-07-09 14:54:00,12.456531,37.864014,8,7520
2025-07-09 15:04:00,12.456531,37.864014,8,7520
2025-07-09 15:14:00,12.456531,37.864014,8,7520
2025-07-09 15:24:00,12.456531,37.864014,8,7520
2025-07-09 15:34:00,12.456531,37.864014,8,7520
2025-07-09 15:44:00,12.456531,37.864014,8,7520
2025-07-09 15:54:00,12.456531,37.864014,8,7520
2025-07-09 16:04:00,12.456531,37.864014,8,7520
2025-07-09 16:14:00,12.456531,37.864014,8,7520
2025-07-09 16:24:00,12.456531,37.864014,8,7520
2025-07-09 16:34:00,12.456531,37.864014,8,7520
2025-07-09 16:44:00,12.456531,37.864014,8,7520
2025-07-09 16:54:00,12.456531,37.864014,8,7520
2025-07-09 17:04:00,12.456531,37.864014,8,7520
2025-07-09 17:14:00,12.456531,37.864014,8,7520
2025-07-09 17:24:00,12.456531,37.864014,8,7520
2025-07-09 17:34:00,12.456531,37.864014,8,7520
2025-07-09 17:44:00,12.456531,37.864014,8,7520
2025-07-09 17:54:00,12.456531,37.864014,8,7520
2025-07-09 18:04:00,12.456531,37.864014,8,7520
2025-07-09 18:14:00,12.456531,37.864014,8,7520
2025-07-09 18:24:00,12.456531,37.864014,8,7520
2025-07-09 18:34:00,12.456531,37.864014,8,7520
2025-07-09 18:44:00,12.456531,37.864014,8,7520
2025-07-09 18:54:00,12.456531,37.864014,8,7520
2025-07-09 19:04:00,12.456531,37.864014,8,7520
2025-07-09 19:14:00,12.456531,37.864014,8,7520
2025-07-09 19:24:00,12.456531,37.864014,8,7520
2025-07-09 19:34:00,12.456531,37.864014,8,7520
2025-07-09 19:44:00,12.456531,37.864014,8,7520
2025-07-09 19:54:00,12.456531,37.864014,8,7520
2025-07-09 20:04:00,12.456531,37.864014,8,7520
2025-07-09 20:14:00,12.456531,37.864014,8,7520
2025-07-09 20:24:00,12.456531,37.864014,8,7520
2025-07-09 20:34:00,12.456531,37.864014,8,7520
2025-07-09 20:44:00,12.456531,37.864014,8,7520
2025-07-09 20:54:00,12.456531,37.864014,8,7520
2025-07-09 21:04:00,12.456531,37.864014,8,7520
2025-07-09 21:14:00,12.456531,37.864014,8,7520
2025-07-09 21:24:00,12.456531,37.864014,8,7520
2025-07-09 21:34:00,12.456531,37.864014,8,7520
2025-07-09 21:44:00,12.456531,37.864014,8,7520
2025-07-09 21:54:00,12.456531,37.864014,8,7520
2025-07-09 22:04:00,12.456531,37.864014,8,7520
2025-07-09 22:14:00,12.456531,37.864014,8,7520
2025-07-09 22:24:00,12.456531,37.864014,8,7520
2025-07-09 22:34:00,12.456531,37.864014,8,7520
2025-07-09 22:44:00,12.456531,37.864014,8,7520
2025-07-09 22:54:00,12.456531,37.864014,8,7520
2025-07-09 23:04:00,12.456531,37.864014,8,7520
2025-07-09 23:14:00,12.456531,37.864014,8,7520
2025-07-09 23:24:00,12.456531,37.864014,8,7520
2025-07-09 23:34:00,12.456531,37.864014,8,7520
2025-07-09 23:44:00,12.456531,37.864014,8,7520
2025-07-09 23:54:00,12.456531,37.864014,8,7520
2025-07-10 00:04:00,12.456592,37.863758,8,7520
2025-07-09 07:44:00,12.45552,37.86909,8,930
2025-07-09 07:54:00,12.455727,37.867744,8,930
2025-07-09 08:04:00,12.455977,37.866444,8,930
2025-07-09 08:14:00,12.456281,37.865154,8,930
2025-07-09 08:24:00,12.4566345,37.863842,8,930
2025-07-09 08:34:00,12.4566345,37.863842,8,930
2025-07-09 08:44:00,12.4566345,37.863842,8,930
2025-07-09 08:54:00,12.4566345,37.863842,8,930
2025-07-09 09:04:00,12.4566345,37.863842,8,930
2025-07-09 09:14:00,12.4566345,37.863842,8,930
2025-07-09 09:24:00,12.4566345,37.863842,8,930
2025-07-09 09:34:00,12.4566345,37.863842,8,930
2025-07-09 09:44:00,12.4566345,37.863842,8,930
2025-07-09 09:54:00,12.4566345,37.863842,8,930
2025-07-09 10:04:00,12.4566345,37.863842,8,930
2025-07-09 10:14:00,12.4566345,37.863842,8,930
2025-07-09 10:24:00,12.4566345,37.863842,8,930
2025-07-09 10:34:00,12.4566345,37.863842,8,930
2025-07-09 10:44:00,12.4566345,37.863842,8,930
2025-07-09 10:54:00,12.4566345,37.863842,8,930
2025-07-09 11:04:00,12.4566345,37.863842,8,930
2025-07-09 11:14:00,12.4566345,37.863842,8,930
2025-07-09 11:24:00,12.4566345,37.863842,8,930
2025-07-09 11:34:00,12.4566345,37.863842,8,930
2025-07-09 11:44:00,12.4566345,37.863842,8,930
2025-07-09 11:54:00,12.4566345,37.863842,8,930
2025-07-09 12:04:00,12.4566345,37.863842,8,930
2025-07-09 12:14:00,12.4566345,37.863842,8,930
2025-07-09 12:24:00,12.4566345,37.863842,8,930
2025-07-09 12:34:00,12.4566345,37.863842,8,930
2025-07-09 12:44:00,12.4566345,37.863842,8,930
2025-07-09 12:54:00,12.4566345,37.863842,8,930
2025-07-09 13:04:00,12.4566345,37.863842,8,930
2025-07-09 13:14:00,12.4566345,37.863842,8,930
2025-07-09 13:24:00,12.4566345,37.863842,8,930
2025-07-09 13:34:00,12.4566345,37.863842,8,930
2025-07-09 13:44:00,12.4566345,37.863842,8,930
2025-07-09 13:54:00,12.4566345,37.863842,8,930
2025-07-09 14:04:00,12.4566345,37.863842,8,930
2025-07-09 14:14:00,12.4566345,37.863842,8,930
2025-07-09 14:24:00,12.4566345,37.863842,8,930
2025-07-09 14:34:00,12.4566345,37.863842,8,930
2025-07-09 14:44:00,12.4566345,37.863842,8,930
2025-07-09 14:54:00,12.4566345,37.863842,8,930
2025-07-09 15:04:00,12.4566345,37.863842,8,930
2025-07-09 15:14:00,12.4566345,37.863842,8,930
2025-07-09 15:24:00,12.4566345,37.863842,8,930
2025-07-09 15:34:00,12.4566345,37.863842,8,930
2025-07-09 15:44:00,12.4566345,37.863842,8,930
2025-07-09 15:54:00,12.4566345,37.863842,8,930
2025-07-09 16:04:00,12.4566345,37.863842,8,930
2025-07-09 16:14:00,12.4566345,37.863842,8,930
2025-07-09 16:24:00,12.4566345,37.863842,8,930
2025-07-09 16:34:00,12.4566345,37.863842,8,930
2025-07-09 16:44:00,12.4566345,37.863842,8,930
2025-07-09 16:54:00,12.4566345,37.863842,8,930
2025-07-09 17:04:00,12.4566345,37.863842,8,930
2025-07-09 17:14:00,12.4566345,37.863842,8,930
2025-07-09 17:24:00,12.4566345,37.863842,8,930
2025-07-09 17:34:00,12.4566345,37.863842,8,930
2025-07-09 17:44:00,12.4566345,37.863842,8,930
2025-07-09 17:54:00,12.4566345,37.863842,8,930
2025-07-09 18:04:00,12.4566345,37.863842,8,930
2025-07-09 18:14:00,12.4566345,37.863842,8,930
2025-07-09 18:24:00,12.4566345,37.863842,8,930
2025-07-09 18:34:00,12.4566345,37.863842,8,930
2025-07-09 18:44:00,12.4566345,37.863842,8,930
2025-07-09 18:54:00,12.4566345,37.863842,8,930
2025-07-09 19:04:00,12.4566345,37.863842,8,930
2025-07-09 19:14:00,12.4566345,37.863842,8,930
2025-07-09 19:24:00,12.4566345,37.863842,8,930
2025-07-09 19:34:00,12.4566345,37.863842,8,930
2025-07-09 19:44:00,12.4566345,37.863842,8,930
2025-07-09 19:54:00,12.4566345,37.863842,8,930
2025-07-09 20:04:00,12.4566345,37.863842,8,930
2025-07-09 20:14:00,12.4566345,37.863842,8,930
2025-07-09 20:24:00,12.4566345,37.863842,8,930
2025-07-09 20:34:00,12.4566345,37.863842,8,930
2025-07-09 20:44:00,12.4566345,37.863842,8,930
2025-07-09 20:54:00,12.4566345,37.863842,8,930
2025-07-09 21:04:00,12.4566345,37.863842,8,930
2025-07-09 21:14:00,12.4566345,37.863842,8,930
2025-07-09 21:24:00,12.4566345,37.863842,8,930
2025-07-09 21:34:00,12.4566345,37.863842,8,930
2025-07-09 21:44:00,12.4566345,37.863842,8,930
2025-07-09 21:54:00,12.4566345,37.863842,8,930
2025-07-09 22:04:00,12.4566345,37.863842,8,930
2025-07-09 22:14:00,12.4566345,37.863842,8,930
2025-07-09 22:24:00,12.4566345,37.863842,8,930
2025-07-09 22:34:00,12.4566345,37.863842,8,930
2025-07-09 22:44:00,12.4566345,37.863842,8,930
2025-07-09 22:54:00,12.4566345,37.863842,8,930
2025-07-09 23:04:00,12.4566345,37.863842,8,930
2025-07-09 23:14:00,12.4566345,37.863842,8,930
2025-07-09 23:24:00,12.4566345,37.863842,8,930
2025-07-09 23:34:00,12.4566345,37.863842,8,930
2025-07-09 23:44:00,12.4566345,37.863842,8,930
2025-07-09 23:54:00,12.4566345,37.863842,8,930
2025-07-10 00:04:00,12.4566345,37.863842,8,930
2025-07-09 09:04:00,12.4523,37.87978,9,0530cnr
2025-07-09 09:14:00,12.452936,37.878216,9,0530cnr
2025-07-09 09:24:00,12.453475,37.876778,9,0530cnr
2025-07-09 09:34:00,12.453931,37.875397,9,0530cnr
2025-07-09 09:44:00,12.45439,37.87393,9,0530cnr
2025-07-09 09:54:00,12.454732,37.872368,9,0530cnr
2025-07-09 10:04:00,12.454866,37.870777,9,0530cnr
2025-07-09 10:14:00,12.45495,37.86931,9,0530cnr
2025-07-09 10:24:00,12.455063,37.867924,9,0530cnr
2025-07-09 10:34:00,12.455224,37.86658,9,0530cnr
2025-07-09 10:44:00,12.455432,37.86525,9,0530cnr
2025-07-09 10:54:00,12.455653,37.863903,9,0530cnr
2025-07-09 11:04:00,12.455653,37.863903,9,0530cnr
2025-07-09 11:14:00,12.455653,37.863903,9,0530cnr
2025-07-09 11:24:00,12.455653,37.863903,9,0530cnr
2025-07-09 11:34:00,12.455653,37.863903,9,0530cnr
2025-07-09 11:44:00,12.455653,37.863903,9,0530cnr
2025-07-09 11:54:00,12.455653,37.863903,9,0530cnr
2025-07-09 12:04:00,12.455653,37.863903,9,0530cnr
2025-07-09 12:14:00,12.455653,37.863903,9,0530cnr
2025-07-09 12:24:00,12.455653,37.863903,9,0530cnr
2025-07-09 12:34:00,12.455653,37.863903,9,0530cnr
2025-07-09 12:44:00,12.455653,37.863903,9,0530cnr
2025-07-09 12:54:00,12.455653,37.863903,9,0530cnr
2025-07-09 13:04:00,12.455653,37.863903,9,0530cnr
2025-07-09 13:14:00,12.455653,37.863903,9,0530cnr
2025-07-09 13:24:00,12.455653,37.863903,9,0530cnr
2025-07-09 13:34:00,12.455653,37.863903,9,0530cnr
2025-07-09 13:44:00,12.455653,37.863903,9,0530cnr
2025-07-09 13:54:00,12.455653,37.863903,9,0530cnr
2025-07-09 14:04:00,12.455653,37.863903,9,0530cnr
2025-07-09 14:14:00,12.455653,37.863903,9,0530cnr
2025-07-09 14:24:00,12.455653,37.863903,9,0530cnr
2025-07-09 14:34:00,12.455653,37.863903,9,0530cnr
2025-07-09 14:44:00,12.455653,37.863903,9,0530cnr
2025-07-09 14:54:00,12.455653,37.863903,9,0530cnr
2025-07-09 15:04:00,12.455653,37.863903,9,0530cnr
2025-07-09 15:14:00,12.455653,37.863903,9,0530cnr
2025-07-09 15:24:00,12.455653,37.863903,9,0530cnr
2025-07-09 15:34:00,12.455653,37.863903,9,0530cnr
2025-07-09 15:44:00,12.455653,37.863903,9,0530cnr
2025-07-09 15:54:00,12.455653,37.863903,9,0530cnr
2025-07-09 16:04:00,12.455653,37.863903,9,0530cnr
2025-07-09 16:14:00,12.455653,37.863903,9,0530cnr
2025-07-09 16:24:00,12.455653,37.863903,9,0530cnr
2025-07-09 16:34:00,12.455653,37.863903,9,0530cnr
2025-07-09 16:44:00,12.455653,37.863903,9,0530cnr
2025-07-09 16:54:00,12.455653,37.863903,9,0530cnr
2025-07-09 17:04:00,12.455653,37.863903,9,0530cnr
2025-07-09 17:14:00,12.455653,37.863903,9,0530cnr
2025-07-09 17:24:00,12.455653,37.863903,9,0530cnr
2025-07-09 17:34:00,12.455653,37.863903,9,0530cnr
2025-07-09 17:44:00,12.455653,37.863903,9,0530cnr
2025-07-09 17:54:00,12.455653,37.863903,9,0530cnr
2025-07-09 18:04:00,12.455653,37.863903,9,0530cnr
2025-07-09 18:14:00,12.455653,37.863903,9,0530cnr
2025-07-09 18:24:00,12.455653,37.863903,9,0530cnr
2025-07-09 18:34:00,12.455653,37.863903,9,0530cnr
2025-07-09 18:44:00,12.455653,37.863903,9,0530cnr
2025-07-09 18:54:00,12.455653,37.863903,9,0530cnr
2025-07-09 19:04:00,12.455653,37.863903,9,0530cnr
2025-07-09 19:14:00,12.455653,37.863903,9,0530cnr
2025-07-09 19:24:00,12.455653,37.863903,9,0530cnr
2025-07-09 19:34:00,12.455653,37.863903,9,0530cnr
2025-07-09 19:44:00,12.455653,37.863903,9,0530cnr
2025-07-09 19:54:00,12.455653,37.863903,9,0530cnr
2025-07-09 20:04:00,12.455653,37.863903,9,0530cnr
2025-07-09 20:14:00,12.455653,37.863903,9,0530cnr
2025-07-09 20:24:00,12.455653,37.863903,9,0530cnr
2025-07-09 20:34:00,12.455653,37.863903,9,0530cnr
2025-07-09 20:44:00,12.455653,37.863903,9,0530cnr
2025-07-09 20:54:00,12.455653,37.863903,9,0530cnr
2025-07-09 21:04:00,12.455653,37.863903,9,0530cnr
2025-07-09 21:14:00,12.455653,37.863903,9,0530cnr
2025-07-09 21:24:00,12.455653,37.863903,9,0530cnr
2025-07-09 21:34:00,12.455653,37.863903,9,0530cnr
2025-07-09 21:44:00,12.455653,37.863903,9,0530cnr
2025-07-09 21:54:00,12.455653,37.863903,9,0530cnr
2025-07-09 22:04:00,12.455653,37.863903,9,0530cnr
2025-07-09 22:14:00,12.455653,37.863903,9,0530cnr
2025-07-09 22:24:00,12.455653,37.863903,9,0530cnr
2025-07-09 22:34:00,12.455653,37.863903,9,0530cnr
2025-07-09 22:44:00,12.455653,37.863903,9,0530cnr
2025-07-09 22:54:00,12.455653,37.863903,9,0530cnr
2025-07-09 23:04:00,12.455653,37.863903,9,0530cnr
2025-07-09 23:14:00,12.455653,37.863903,9,0530cnr
2025-07-09 23:24:00,12.455653,37.863903,9,0530cnr
2025-07-09 23:34:00,12.455653,37.863903,9,0530cnr
2025-07-09 23:44:00,12.455653,37.863903,9,0530cnr
2025-07-09 23:54:00,12.455653,37.863903,9,0530cnr
2025-07-10 00:04:00,12.455653,37.863903,9,0530cnr
2025-07-09 09:04:00,12.45228,37.87985,9,3500cnr
2025-07-09 09:14:00,12.452919,37.878277,9,3500cnr
2025-07-09 09:24:00,12.453462,37.876835,9,3500cnr
2025-07-09 09:34:00,12.453918,37.875454,9,3500cnr
2025-07-09 09:44:00,12.454375,37.873993,9,3500cnr
2025-07-09 09:54:00,12.454727,37.87243,9,3500cnr
2025-07-09 10:04:00,12.454866,37.87084,9,3500cnr
2025-07-09 10:14:00,12.454951,37.86936,9,3500cnr
2025-07-09 10:24:00,12.455061,37.867977,9,3500cnr
2025-07-09 10:34:00,12.45522,37.866634,9,3500cnr
2025-07-09 10:44:00,12.455427,37.865303,9,3500cnr
2025-07-09 10:54:00,12.455647,37.863956,9,3500cnr
2025-07-09 11:04:00,12.455647,37.863956,9,3500cnr
2025-07-09 11:14:00,12.455647,37.863956,9,3500cnr
2025-07-09 11:24:00,12.455647,37.863956,9,3500cnr
2025-07-09 11:34:00,12.455647,37.863956,9,3500cnr
2025-07-09 11:44:00,12.455647,37.863956,9,3500cnr
2025-07-09 11:54:00,12.455647,37.863956,9,3500cnr
2025-07-09 12:04:00,12.455647,37.863956,9,3500cnr
2025-07-09 12:14:00,12.455647,37.863956,9,3500cnr
2025-07-09 12:24:00,12.455647,37.863956,9,3500cnr
2025-07-09 12:34:00,12.455647,37.863956,9,3500cnr
2025-07-09 12:44:00,12.455647,37.863956,9,3500cnr
2025-07-09 12:54:00,12.455647,37.863956,9,3500cnr
2025-07-09 13:04:00,12.455647,37.863956,9,3500cnr
2025-07-09 13:14:00,12.455647,37.863956,9,3500cnr
2025-07-09 13:24:00,12.455647,37.863956,9,3500cnr
2025-07-09 13:34:00,12.455647,37.863956,9,3500cnr
2025-07-09 13:44:00,12.455647,37.863956,9,3500cnr
2025-07-09 13:54:00,12.455647,37.863956,9,3500cnr
2025-07-09 14:04:00,12.455647,37.863956,9,3500cnr
2025-07-09 14:14:00,12.455647,37.863956,9,3500cnr
2025-07-09 14:24:00,12.455647,37.863956,9,3500cnr
2025-07-09 14:34:00,12.455647,37.863956,9,3500cnr
2025-07-09 14:44:00,12.455647,37.863956,9,3500cnr
2025-07-09 14:54:00,12.455647,37.863956,9,3500cnr
2025-07-09 15:04:00,12.455647,37.863956,9,3500cnr
2025-07-09 15:14:00,12.455647,37.863956,9,3500cnr
2025-07-09 15:24:00,12.455647,37.863956,9,3500cnr
2025-07-09 15:34:00,12.455647,37.863956,9,3500cnr
2025-07-09 15:44:00,12.455647,37.863956,9,3500cnr
2025-07-09 15:54:00,12.455647,37.863956,9,3500cnr
2025-07-09 16:04:00,12.455647,37.863956,9,3500cnr
2025-07-09 16:14:00,12.455647,37.863956,9,3500cnr
2025-07-09 16:24:00,12.455647,37.863956,9,3500cnr
2025-07-09 16:34:00,12.455647,37.863956,9,3500cnr
2025-07-09 16:44:00,12.455647,37.863956,9,3500cnr
2025-07-09 16:54:00,12.455647,37.863956,9,3500cnr
2025-07-09 17:04:00,12.455647,37.863956,9,3500cnr
2025-07-09 17:14:00,12.455647,37.863956,9,3500cnr
2025-07-09 17:24:00,12.455647,37.863956,9,3500cnr
2025-07-09 17:34:00,12.455647,37.863956,9,3500cnr
2025-07-09 17:44:00,12.455647,37.863956,9,3500cnr
2025-07-09 17:54:00,12.455647,37.863956,9,3500cnr
2025-07-09 18:04:00,12.455647,37.863956,9,3500cnr
2025-07-09 18:14:00,12.455647,37.863956,9,3500cnr
2025-07-09 18:24:00,12.455647,37.863956,9,3500cnr
2025-07-09 18:34:00,12.455647,37.863956,9,3500cnr
2025-07-09 18:44:00,12.455647,37.863956,9,3500cnr
2025-07-09 18:54:00,12.455647,37.863956,9,3500cnr
2025-07-09 19:04:00,12.455647,37.863956,9,3500cnr
2025-07-09 19:14:00,12.455647,37.863956,9,3500cnr
2025-07-09 19:24:00,12.455647,37.863956,9,3500cnr
2025-07-09 19:34:00,12.455647,37.863956,9,3500cnr
2025-07-09 19:44:00,12.455647,37.863956,9,3500cnr
2025-07-09 19:54:00,12.455647,37.863956,9,3500cnr
2025-07-09 20:04:00,12.455647,37.863956,9,3500cnr
2025-07-09 20:14:00,12.455647,37.863956,9,3500cnr
2025-07-09 20:24:00,12.455647,37.863956,9,3500cnr
2025-07-09 20:34:00,12.455647,37.863956,9,3500cnr
2025-07-09 20:44:00,12.455647,37.863956,9,3500cnr
2025-07-09 20:54:00,12.455647,37.863956,9,3500cnr
2025-07-09 21:04:00,12.455647,37.863956,9,3500cnr
2025-07-09 21:14:00,12.455647,37.863956,9,3500cnr
2025-07-09 21:24:00,12.455647,37.863956,9,3500cnr
2025-07-09 21:34:00,12.455647,37.863956,9,3500cnr
2025-07-09 21:44:00,12.455647,37.863956,9,3500cnr
2025-07-09 21:54:00,12.455647,37.863956,9,3500cnr
2025-07-09 22:04:00,12.455647,37.863956,9,3500cnr
2025-07-09 22:14:00,12.455647,37.863956,9,3500cnr
2025-07-09 22:24:00,12.455647,37.863956,9,3500cnr
2025-07-09 22:34:00,12.455647,37.863956,9,3500cnr
2025-07-09 22:44:00,12.455647,37.863956,9,3500cnr
2025-07-09 22:54:00,12.455647,37.863956,9,3500cnr
2025-07-09 23:04:00,12.455647,37.863956,9,3500cnr
2025-07-09 23:14:00,12.455647,37.863956,9,3500cnr
2025-07-09 23:24:00,12.455647,37.863956,9,3500cnr
2025-07-09 23:34:00,12.455647,37.863956,9,3500cnr
2025-07-09 23:44:00,12.455647,37.863956,9,3500cnr
2025-07-09 23:54:00,12.455647,37.863956,9,3500cnr
2025-07-10 00:04:00,12.455647,37.863956,9,3500cnr
2025-07-09 09:14:00,12.44895,37.88977,10,1520
2025-07-09 09:24:00,12.44948,37.88851,10,1520
2025-07-09 09:34:00,12.450084,37.887043,10,1520
2025-07-09 09:44:00,12.450641,37.885345,10,1520
2025-07-09 09:54:00,12.451241,37.883522,10,1520
2025-07-09 10:04:00,12.451902,37.881577,10,1520
2025-07-09 10:14:00,12.45255,37.87972,10,1520
2025-07-09 10:24:00,12.453086,37.87811,10,1520
2025-07-09 10:34:00,12.453501,37.876644,10,1520
2025-07-09 10:44:00,12.453847,37.875256,10,1520
2025-07-09 10:54:00,12.454217,37.873787,10,1520
2025-07-09 11:04:00,12.454478,37.87226,10,1520
2025-07-09 11:14:00,12.454595,37.870758,10,1520
2025-07-09 11:24:00,12.454714,37.869396,10,1520
2025-07-09 11:34:00,12.45488,37.86813,10,1520
2025-07-09 11:44:00,12.455094,37.866932,10,1520
2025-07-09 11:54:00,12.455348,37.865765,10,1520
2025-07-09 12:04:00,12.455623,37.864616,10,1520
2025-07-09 12:14:00,12.455758,37.864044,10,1520
2025-07-09 12:24:00,12.455758,37.864044,10,1520
2025-07-09 12:34:00,12.455758,37.864044,10,1520
2025-07-09 12:44:00,12.455758,37.864044,10,1520
2025-07-09 12:54:00,12.455758,37.864044,10,1520
2025-07-09 13:04:00,12.455758,37.864044,10,1520
2025-07-09 13:14:00,12.455758,37.864044,10,1520
2025-07-09 13:24:00,12.455758,37.864044,10,1520
2025-07-09 13:34:00,12.455758,37.864044,10,1520
2025-07-09 13:44:00,12.455758,37.864044,10,1520
2025-07-09 13:54:00,12.455758,37.864044,10,1520
2025-07-09 14:04:00,12.455758,37.864044,10,1520
2025-07-09 14:14:00,12.455758,37.864044,10,1520
2025-07-09 14:24:00,12.455758,37.864044,10,1520
2025-07-09 14:34:00,12.455758,37.864044,10,1520
2025-07-09 14:44:00,12.455758,37.864044,10,1520
2025-07-09 14:54:00,12.455758,37.864044,10,1520
2025-07-09 15:04:00,12.455758,37.864044,10,1520
2025-07-09 15:14:00,12.455758,37.864044,10,1520
2025-07-09 15:24:00,12.455758,37.864044,10,1520
2025-07-09 15:34:00,12.455758,37.864044,10,1520
2025-07-09 15:44:00,12.455758,37.864044,10,1520
2025-07-09 15:54:00,12.455758,37.864044,10,1520
2025-07-09 16:04:00,12.455758,37.864044,10,1520
2025-07-09 16:14:00,12.455758,37.864044,10,1520
2025-07-09 16:24:00,12.455758,37.864044,10,1520
2025-07-09 16:34:00,12.455758,37.864044,10,1520
2025-07-09 16:44:00,12.455758,37.864044,10,1520
2025-07-09 16:54:00,12.455758,37.864044,10,1520
2025-07-09 17:04:00,12.455758,37.864044,10,1520
2025-07-09 17:14:00,12.455758,37.864044,10,1520
2025-07-09 17:24:00,12.455758,37.864044,10,1520
2025-07-09 17:34:00,12.455758,37.864044,10,1520
2025-07-09 17:44:00,12.455758,37.864044,10,1520
2025-07-09 17:54:00,12.455758,37.864044,10,1520
2025-07-09 18:04:00,12.455758,37.864044,10,1520
2025-07-09 18:14:00,12.455758,37.864044,10,1520
2025-07-09 18:24:00,12.455758,37.864044,10,1520
2025-07-09 18:34:00,12.455758,37.864044,10,1520
2025-07-09 18:44:00,12.455758,37.864044,10,1520
2025-07-09 18:54:00,12.455758,37.864044,10,1520
2025-07-09 19:04:00,12.455758,37.864044,10,1520
2025-07-09 19:14:00,12.455758,37.864044,10,1520
2025-07-09 19:24:00,12.455758,37.864044,10,1520
2025-07-09 19:34:00,12.455758,37.864044,10,1520
2025-07-09 19:44:00,12.455758,37.864044,10,1520
2025-07-09 19:54:00,12.455758,37.864044,10,1520
2025-07-09 20:04:00,12.455758,37.864044,10,1520
2025-07-09 20:14:00,12.455758,37.864044,10,1520
2025-07-09 20:24:00,12.455758,37.864044,10,1520
2025-07-09 20:34:00,12.455758,37.864044,10,1520
2025-07-09 20:44:00,12.455758,37.864044,10,1520
2025-07-09 20:54:00,12.455758,37.864044,10,1520
2025-07-09 21:04:00,12.455758,37.864044,10,1520
2025-07-09 21:14:00,12.455758,37.864044,10,1520
2025-07-09 21:24:00,12.455758,37.864044,10,1520
2025-07-09 21:34:00,12.455758,37.864044,10,1520
2025-07-09 21:44:00,12.455758,37.864044,10,1520
2025-07-09 21:54:00,12.455758,37.864044,10,1520
2025-07-09 22:04:00,12.455758,37.864044,10,1520
2025-07-09 22:14:00,12.455758,37.864044,10,1520
2025-07-09 22:24:00,12.455758,37.864044,10,1520
2025-07-09 22:34:00,12.455758,37.864044,10,1520
2025-07-09 22:44:00,12.455758,37.864044,10,1520
2025-07-09 22:54:00,12.455758,37.864044,10,1520
2025-07-09 23:04:00,12.455758,37.864044,10,1520
2025-07-09 23:14:00,12.455758,37.864044,10,1520
2025-07-09 23:24:00,12.455758,37.864044,10,1520
2025-07-09 23:34:00,12.455758,37.864044,10,1520
2025-07-09 23:44:00,12.455758,37.864044,10,1520
2025-07-09 23:54:00,12.455758,37.864044,10,1520
2025-07-10 00:04:00,12.455815,37.863792,10,1520
2025-07-09 09:14:00,12.44899,37.88976,10,540
2025-07-09 09:24:00,12.449521,37.888496,10,540
2025-07-09 09:34:00,12.450128,37.88702,10,540
2025-07-09 09:44:00,12.450685,37.88531,10,540
2025-07-09 09:54:00,12.451287,37.883476,10,540
2025-07-09 10:04:00,12.451957,37.88151,10,540
2025-07-09 10:14:00,12.452603,37.87966,10,540
2025-07-09 10:24:00,12.453138,37.878056,10,540
2025-07-09 10:34:00,12.453552,37.87659,10,540
2025-07-09 10:44:00,12.453899,37.8752,10,540
2025-07-09 10:54:00,12.454268,37.873726,10,540
2025-07-09 11:04:00,12.454519,37.872196,10,540
2025-07-09 11:14:00,12.454632,37.870693,10,540
2025-07-09 11:24:00,12.454752,37.869335,10,540
2025-07-09 11:34:00,12.45492,37.86807,10,540
2025-07-09 11:44:00,12.455137,37.86687,10,540
2025-07-09 11:54:00,12.455392,37.865704,10,540
2025-07-09 12:04:00,12.455667,37.86455,10,540
2025-07-09 12:14:00,12.455802,37.86398,10,540
2025-07-09 12:24:00,12.455802,37.86398,10,540
2025-07-09 12:34:00,12.455802,37.86398,10,540
2025-07-09 12:44:00,12.455802,37.86398,10,540
2025-07-09 12:54:00,12.455802,37.86398,10,540
2025-07-09 13:04:00,12.455802,37.86398,10,540
2025-07-09 13:14:00,12.455802,37.86398,10,540
2025-07-09 13:24:00,12.455802,37.86398,10,540
2025-07-09 13:34:00,12.455802,37.86398,10,540
2025-07-09 13:44:00,12.455802,37.86398,10,540
2025-07-09 13:54:00,12.455802,37.86398,10,540
2025-07-09 14:04:00,12.455802,37.86398,10,540
2025-07-09 14:14:00,12.455802,37.86398,10,540
2025-07-09 14:24:00,12.455802,37.86398,10,540
2025-07-09 14:34:00,12.455802,37.86398,10,540
2025-07-09 14:44:00,12.455802,37.86398,10,540
2025-07-09 14:54:00,12.455802,37.86398,10,540
2025-07-09 15:04:00,12.455802,37.86398,10,540
2025-07-09 15:14:00,12.455802,37.86398,10,540
2025-07-09 15:24:00,12.455802,37.86398,10,540
2025-07-09 15:34:00,12.455802,37.86398,10,540
2025-07-09 15:44:00,12.455802,37.86398,10,540
2025-07-09 15:54:00,12.455802,37.86398,10,540
2025-07-09 16:04:00,12.455802,37.86398,10,540
2025-07-09 16:14:00,12.455802,37.86398,10,540
2025-07-09 16:24:00,12.455802,37.86398,10,540
2025-07-09 16:34:00,12.455802,37.86398,10,540
2025-07-09 16:44:00,12.455802,37.86398,10,540
2025-07-09 16:54:00,12.455802,37.86398,10,540
2025-07-09 17:04:00,12.455802,37.86398,10,540
2025-07-09 17:14:00,12.455802,37.86398,10,540
2025-07-09 17:24:00,12.455802,37.86398,10,540
2025-07-09 17:34:00,12.455802,37.86398,10,540
2025-07-09 17:44:00,12.455802,37.86398,10,540
2025-07-09 17:54:00,12.455802,37.86398,10,540
2025-07-09 18:04:00,12.455802,37.86398,10,540
2025-07-09 18:14:00,12.455802,37.86398,10,540
2025-07-09 18:24:00,12.455802,37.86398,10,540
2025-07-09 18:34:00,12.455802,37.86398,10,540
2025-07-09 18:44:00,12.455802,37.86398,10,540
2025-07-09 18:54:00,12.455802,37.86398,10,540
2025-07-09 19:04:00,12.455802,37.86398,10,540
2025-07-09 19:14:00,12.455802,37.86398,10,540
2025-07-09 19:24:00,12.455802,37.86398,10,540
2025-07-09 19:34:00,12.455802,37.86398,10,540
2025-07-09 19:44:00,12.455802,37.86398,10,540
2025-07-09 19:54:00,12.455802,37.86398,10,540
2025-07-09 20:04:00,12.455802,37.86398,10,540
2025-07-09 20:14:00,12.455802,37.86398,10,540
2025-07-09 20:24:00,12.455802,37.86398,10,540
2025-07-09 20:34:00,12.455802,37.86398,10,540
2025-07-09 20:44:00,12.455802,37.86398,10,540
2025-07-09 20:54:00,12.455802,37.86398,10,540
2025-07-09 21:04:00,12.455802,37.86398,10,540
2025-07-09 21:14:00,12.455802,37.86398,10,540
2025-07-09 21:24:00,12.455802,37.86398,10,540
2025-07-09 21:34:00,12.455802,37.86398,10,540
2025-07-09 21:44:00,12.455802,37.86398,10,540
2025-07-09 21:54:00,12.455802,37.86398,10,540
2025-07-09 22:04:00,12.455802,37.86398,10,540
2025-07-09 22:14:00,12.455802,37.86398,10,540
2025-07-09 22:24:00,12.455802,37.86398,10,540
2025-07-09 22:34:00,12.455802,37.86398,10,540
2025-07-09 22:44:00,12.455802,37.86398,10,540
2025-07-09 22:54:00,12.455802,37.86398,10,540
2025-07-09 23:04:00,12.455802,37.86398,10,540
2025-07-09 23:14:00,12.455802,37.86398,10,540
2025-07-09 23:24:00,12.455802,37.86398,10,540
2025-07-09 23:34:00,12.455802,37.86398,10,540
2025-07-09 23:44:00,12.455802,37.86398,10,540
2025-07-09 23:54:00,12.455802,37.86398,10,540
2025-07-10 00:04:00,12.455802,37.86398,10,540
2025-07-09 09:24:00,12.449316,37.889057,10,7510
2025-07-09 09:34:00,12.449888,37.887684,10,7510
2025-07-09 09:44:00,12.450471,37.886066,10,7510
2025-07-09 09:54:00,12.451033,37.884277,10,7510
2025-07-09 10:04:00,12.451666,37.882362,10,7510
2025-07-09 10:14:00,12.452349,37.880398,10,7510
2025-07-09 10:24:00,12.452928,37.87871,10,7510
2025-07-09 10:34:00,12.453382,37.8772,10,7510
2025-07-09 10:44:00,12.453745,37.875786,10,7510
2025-07-09 10:54:00,12.454093,37.874367,10,7510
2025-07-09 11:04:00,12.454422,37.872856,10,7510
2025-07-09 11:14:00,12.454579,37.871334,10,7510
2025-07-09 11:24:00,12.454705,37.869926,10,7510
2025-07-09 11:34:00,12.454861,37.868637,10,7510
2025-07-09 11:44:00,12.455066,37.867428,10,7510
2025-07-09 11:54:00,12.455313,37.86626,10,7510
2025-07-09 12:04:00,12.455584,37.86512,10,7510
2025-07-09 12:14:00,12.45585,37.863983,10,7510
2025-07-09 12:24:00,12.45585,37.863983,10,7510
2025-07-09 12:34:00,12.45585,37.863983,10,7510
2025-07-09 12:44:00,12.45585,37.863983,10,7510
2025-07-09 12:54:00,12.45585,37.863983,10,7510
2025-07-09 13:04:00,12.45585,37.863983,10,7510
2025-07-09 13:14:00,12.45585,37.863983,10,7510
2025-07-09 13:24:00,12.45585,37.863983,10,7510
2025-07-09 13:34:00,12.45585,37.863983,10,7510
2025-07-09 13:44:00,12.45585,37.863983,10,7510
2025-07-09 13:54:00,12.45585,37.863983,10,7510
2025-07-09 14:04:00,12.45585,37.863983,10,7510
2025-07-09 14:14:00,12.45585,37.863983,10,7510
2025-07-09 14:24:00,12.45585,37.863983,10,7510
2025-07-09 14:34:00,12.45585,37.863983,10,7510
2025-07-09 14:44:00,12.45585,37.863983,10,7510
2025-07-09 14:54:00,12.45585,37.863983,10,7510
2025-07-09 15:04:00,12.45585,37.863983,10,7510
2025-07-09 15:14:00,12.45585,37.863983,10,7510
2025-07-09 15:24:00,12.45585,37.863983,10,7510
2025-07-09 15:34:00,12.45585,37.863983,10,7510
2025-07-09 15:44:00,12.45585,37.863983,10,7510
2025-07-09 15:54:00,12.45585,37.863983,10,7510
2025-07-09 16:04:00,12.45585,37.863983,10,7510
2025-07-09 16:14:00,12.45585,37.863983,10,7510
2025-07-09 16:24:00,12.45585,37.863983,10,7510
2025-07-09 16:34:00,12.45585,37.863983,10,7510
2025-07-09 16:44:00,12.45585,37.863983,10,7510
2025-07-09 16:54:00,12.45585,37.863983,10,7510
2025-07-09 17:04:00,12.45585,37.863983,10,7510
2025-07-09 17:14:00,12.45585,37.863983,10,7510
2025-07-09 17:24:00,12.45585,37.863983,10,7510
2025-07-09 17:34:00,12.45585,37.863983,10,7510
2025-07-09 17:44:00,12.45585,37.863983,10,7510
2025-07-09 17:54:00,12.45585,37.863983,10,7510
2025-07-09 18:04:00,12.45585,37.863983,10,7510
2025-07-09 18:14:00,12.45585,37.863983,10,7510
2025-07-09 18:24:00,12.45585,37.863983,10,7510
2025-07-09 18:34:00,12.45585,37.863983,10,7510
2025-07-09 18:44:00,12.45585,37.863983,10,7510
2025-07-09 18:54:00,12.45585,37.863983,10,7510
2025-07-09 19:04:00,12.45585,37.863983,10,7510
2025-07-09 19:14:00,12.45585,37.863983,10,7510
2025-07-09 19:24:00,12.45585,37.863983,10,7510
2025-07-09 19:34:00,12.45585,37.863983,10,7510
2025-07-09 19:44:00,12.45585,37.863983,10,7510
2025-07-09 19:54:00,12.45585,37.863983,10,7510
2025-07-09 20:04:00,12.45585,37.863983,10,7510
2025-07-09 20:14:00,12.45585,37.863983,10,7510
2025-07-09 20:24:00,12.45585,37.863983,10,7510
2025-07-09 20:34:00,12.45585,37.863983,10,7510
2025-07-09 20:44:00,12.45585,37.863983,10,7510
2025-07-09 20:54:00,12.45585,37.863983,10,7510
2025-07-09 21:04:00,12.45585,37.863983,10,7510
2025-07-09 21:14:00,12.45585,37.863983,10,7510
2025-07-09 21:24:00,12.45585,37.863983,10,7510
2025-07-09 21:34:00,12.45585,37.863983,10,7510
2025-07-09 21:44:00,12.45585,37.863983,10,7510
2025-07-09 21:54:00,12.45585,37.863983,10,7510
2025-07-09 22:04:00,12.45585,37.863983,10,7510
2025-07-09 22:14:00,12.45585,37.863983,10,7510
2025-07-09 22:24:00,12.45585,37.863983,10,7510
2025-07-09 22:34:00,12.45585,37.863983,10,7510
2025-07-09 22:44:00,12.45585,37.863983,10,7510
2025-07-09 22:54:00,12.45585,37.863983,10,7510
2025-07-09 23:04:00,12.45585,37.863983,10,7510
2025-07-09 23:14:00,12.45585,37.863983,10,7510
2025-07-09 23:24:00,12.45585,37.863983,10,7510
2025-07-09 23:34:00,12.45585,37.863983,10,7510
2025-07-09 23:44:00,12.45585,37.863983,10,7510
2025-07-09 23:54:00,12.45585,37.863983,10,7510
2025-07-10 00:04:00,12.45585,37.863983,10,7510
2025-07-09 11:54:00,12.458494,37.872166,11,2520
2025-07-09 12:04:00,12.458704,37.87081,11,2520
2025-07-09 12:14:00,12.458981,37.869476,11,2520
2025-07-09 12:24:00,12.459287,37.868183,11,2520
2025-07-09 12:34:00,12.459591,37.866943,11,2520
2025-07-09 12:44:00,12.459838,37.86576,11,2520
2025-07-09 12:54:00,12.460041,37.864628,11,2520
2025-07-09 13:04:00,12.4602165,37.863564,11,2520
2025-07-09 13:14:00,12.460364,37.862526,11,2520
2025-07-09 13:24:00,12.460494,37.86151,11,2520
2025-07-09 13:34:00,12.460634,37.860516,11,2520
2025-07-09 13:44:00,12.4608135,37.859512,11,2520
2025-07-09 13:54:00,12.461015,37.858482,11,2520
2025-07-09 14:04:00,12.46124,37.857418,11,2520
2025-07-09 14:14:00,12.461453,37.8563,11,2520
2025-07-09 14:24:00,12.461626,37.855125,11,2520
2025-07-09 14:34:00,12.461646,37.85396,11,2520
2025-07-09 14:44:00,12.461529,37.852837,11,2520
2025-07-09 14:54:00,12.461365,37.851784,11,2520
2025-07-09 15:04:00,12.461187,37.85077,11,2520
2025-07-09 15:14:00,12.461064,37.849804,11,2520
2025-07-09 15:24:00,12.460997,37.848896,11,2520
2025-07-09 15:34:00,12.460964,37.848034,11,2520
2025-07-09 15:44:00,12.4609585,37.847214,11,2520
2025-07-09 15:54:00,12.460949,37.846413,11,2520
2025-07-09 16:04:00,12.460934,37.84563,11,2520
2025-07-09 16:14:00,12.460927,37.84485,11,2520
2025-07-09 16:24:00,12.460934,37.844063,11,2520
2025-07-09 16:34:00,12.460934,37.844063,11,2520
2025-07-09 16:44:00,12.460934,37.844063,11,2520
2025-07-09 16:54:00,12.460934,37.844063,11,2520
2025-07-09 17:04:00,12.460934,37.844063,11,2520
2025-07-09 17:14:00,12.460934,37.844063,11,2520
2025-07-09 17:24:00,12.460934,37.844063,11,2520
2025-07-09 17:34:00,12.460934,37.844063,11,2520
2025-07-09 17:44:00,12.460934,37.844063,11,2520
2025-07-09 17:54:00,12.460934,37.844063,11,2520
2025-07-09 18:04:00,12.460934,37.844063,11,2520
2025-07-09 18:14:00,12.460934,37.844063,11,2520
2025-07-09 18:24:00,12.460934,37.844063,11,2520
2025-07-09 18:34:00,12.460934,37.844063,11,2520
2025-07-09 18:44:00,12.460934,37.844063,11,2520
2025-07-09 18:54:00,12.460934,37.844063,11,2520
2025-07-09 19:04:00,12.460934,37.844063,11,2520
2025-07-09 19:14:00,12.460934,37.844063,11,2520
2025-07-09 19:24:00,12.460934,37.844063,11,2520
2025-07-09 19:34:00,12.460934,37.844063,11,2520
2025-07-09 19:44:00,12.460934,37.844063,11,2520
2025-07-09 19:54:00,12.460934,37.844063,11,2520
2025-07-09 20:04:00,12.460934,37.844063,11,2520
2025-07-09 20:14:00,12.460934,37.844063,11,2520
2025-07-09 20:24:00,12.460934,37.844063,11,2520
2025-07-09 20:34:00,12.460934,37.844063,11,2520
2025-07-09 20:44:00,12.460934,37.844063,11,2520
2025-07-09 20:54:00,12.460934,37.844063,11,2520
2025-07-09 21:04:00,12.460934,37.844063,11,2520
2025-07-09 21:14:00,12.460934,37.844063,11,2520
2025-07-09 21:24:00,12.460934,37.844063,11,2520
2025-07-09 21:34:00,12.460934,37.844063,11,2520
2025-07-09 21:44:00,12.460934,37.844063,11,2520
2025-07-09 21:54:00,12.460934,37.844063,11,2520
2025-07-09 22:04:00,12.460934,37.844063,11,2520
2025-07-09 22:14:00,12.460934,37.844063,11,2520
2025-07-09 22:24:00,12.460934,37.844063,11,2520
2025-07-09 22:34:00,12.460934,37.844063,11,2520
2025-07-09 22:44:00,12.460934,37.844063,11,2520
2025-07-09 22:54:00,12.460934,37.844063,11,2520
2025-07-09 23:04:00,12.460934,37.844063,11,2520
2025-07-09 23:14:00,12.460934,37.844063,11,2520
2025-07-09 23:24:00,12.460934,37.844063,11,2520
2025-07-09 23:34:00,12.460934,37.844063,11,2520
2025-07-09 23:44:00,12.460934,37.844063,11,2520
2025-07-09 23:54:00,12.460934,37.844063,11,2520
2025-07-10 00:04:00,12.460934,37.844063,11,2520
2025-07-09 11:54:00,12.458495,37.87197,11,6250
2025-07-09 12:04:00,12.458712,37.870613,11,6250
2025-07-09 12:14:00,12.458992,37.86928,11,6250
2025-07-09 12:24:00,12.459299,37.867996,11,6250
2025-07-09 12:34:00,12.459599,37.866764,11,6250
2025-07-09 12:44:00,12.459837,37.865585,11,6250
2025-07-09 12:54:00,12.460041,37.86446,11,6250
2025-07-09 13:04:00,12.460218,37.863396,11,6250
2025-07-09 13:14:00,12.460374,37.86236,11,6250
2025-07-09 13:24:00,12.460512,37.861343,11,6250
2025-07-09 13:34:00,12.460666,37.860344,11,6250
2025-07-09 13:44:00,12.460855,37.85934,11,6250
2025-07-09 13:54:00,12.461064,37.858307,11,6250
2025-07-09 14:04:00,12.461292,37.85724,11,6250
2025-07-09 14:14:00,12.461509,37.856117,11,6250
2025-07-09 14:24:00,12.461673,37.85494,11,6250
2025-07-09 14:34:00,12.461674,37.853775,11,6250
2025-07-09 14:44:00,12.461557,37.85267,11,6250
2025-07-09 14:54:00,12.461394,37.851624,11,6250
2025-07-09 15:04:00,12.461227,37.850613,11,6250
2025-07-09 15:14:00,12.461115,37.84965,11,6250
2025-07-09 15:24:00,12.46105,37.848743,11,6250
2025-07-09 15:34:00,12.46102,37.847885,11,6250
2025-07-09 15:44:00,12.461012,37.84706,11,6250
2025-07-09 15:54:00,12.460998,37.846256,11,6250
2025-07-09 16:04:00,12.460979,37.845467,11,6250
2025-07-09 16:14:00,12.460974,37.84468,11,6250
2025-07-09 16:24:00,12.460977,37.844284,11,6250
2025-07-09 16:34:00,12.460977,37.844284,11,6250
2025-07-09 16:44:00,12.460977,37.844284,11,6250
2025-07-09 16:54:00,12.460977,37.844284,11,6250
2025-07-09 17:04:00,12.460977,37.844284,11,6250
2025-07-09 17:14:00,12.460977,37.844284,11,6250
2025-07-09 17:24:00,12.460977,37.844284,11,6250
2025-07-09 17:34:00,12.460977,37.844284,11,6250
2025-07-09 17:44:00,12.460977,37.844284,11,6250
2025-07-09 17:54:00,12.460977,37.844284,11,6250
2025-07-09 18:04:00,12.460977,37.844284,11,6250
2025-07-09 18:14:00,12.460977,37.844284,11,6250
2025-07-09 18:24:00,12.460977,37.844284,11,6250
2025-07-09 18:34:00,12.460977,37.844284,11,6250
2025-07-09 18:44:00,12.460977,37.844284,11,6250
2025-07-09 18:54:00,12.460977,37.844284,11,6250
2025-07-09 19:04:00,12.460977,37.844284,11,6250
2025-07-09 19:14:00,12.460977,37.844284,11,6250
2025-07-09 19:24:00,12.460977,37.844284,11,6250
2025-07-09 19:34:00,12.460977,37.844284,11,6250
2025-07-09 19:44:00,12.460977,37.844284,11,6250
2025-07-09 19:54:00,12.460977,37.844284,11,6250
2025-07-09 20:04:00,12.460977,37.844284,11,6250
2025-07-09 20:14:00,12.460977,37.844284,11,6250
2025-07-09 20:24:00,12.460977,37.844284,11,6250
2025-07-09 20:34:00,12.460977,37.844284,11,6250
2025-07-09 20:44:00,12.460977,37.844284,11,6250
2025-07-09 20:54:00,12.460977,37.844284,11,6250
2025-07-09 21:04:00,12.460977,37.844284,11,6250
2025-07-09 21:14:00,12.460977,37.844284,11,6250
2025-07-09 21:24:00,12.460977,37.844284,11,6250
2025-07-09 21:34:00,12.460977,37.844284,11,6250
2025-07-09 21:44:00,12.460977,37.844284,11,6250
2025-07-09 21:54:00,12.460977,37.844284,11,6250
2025-07-09 22:04:00,12.460977,37.844284,11,6250
2025-07-09 22:14:00,12.460977,37.844284,11,6250
2025-07-09 22:24:00,12.460977,37.844284,11,6250
2025-07-09 22:34:00,12.460977,37.844284,11,6250
2025-07-09 22:44:00,12.460977,37.844284,11,6250
2025-07-09 22:54:00,12.460977,37.844284,11,6250
2025-07-09 23:04:00,12.460977,37.844284,11,6250
2025-07-09 23:14:00,12.460977,37.844284,11,6250
2025-07-09 23:24:00,12.460977,37.844284,11,6250
2025-07-09 23:34:00,12.460977,37.844284,11,6250
2025-07-09 23:44:00,12.460977,37.844284,11,6250
2025-07-09 23:54:00,12.460977,37.844284,11,6250
2025-07-10 00:04:00,12.461004,37.843983,11,6250
2025-07-09 11:54:00,12.458514,37.872032,11,930
2025-07-09 12:04:00,12.458727,37.870678,11,930
2025-07-09 12:14:00,12.459006,37.869343,11,930
2025-07-09 12:24:00,12.459313,37.868053,11,930
2025-07-09 12:34:00,12.459615,37.86682,11,930
2025-07-09 12:44:00,12.459856,37.86564,11,930
2025-07-09 12:54:00,12.46006,37.86451,11,930
2025-07-09 13:04:00,12.4602375,37.863445,11,930
2025-07-09 13:14:00,12.460391,37.862408,11,930
2025-07-09 13:24:00,12.460526,37.861397,11,930
2025-07-09 13:34:00,12.460675,37.8604,11,930
2025-07-09 13:44:00,12.460861,37.859394,11,930
2025-07-09 13:54:00,12.461067,37.858364,11,930
2025-07-09 14:04:00,12.461294,37.857296,11,930
2025-07-09 14:14:00,12.46151,37.856174,11,930
2025-07-09 14:24:00,12.461678,37.854996,11,930
2025-07-09 14:34:00,12.461685,37.85383,11,930
2025-07-09 14:44:00,12.461569,37.852715,11,930
2025-07-09 14:54:00,12.461406,37.85167,11,930
2025-07-09 15:04:00,12.461237,37.850655,11,930
2025-07-09 15:14:00,12.461122,37.849693,11,930
2025-07-09 15:24:00,12.461056,37.848785,11,930
2025-07-09 15:34:00,12.461026,37.847927,11,930
2025-07-09 15:44:00,12.461018,37.847103,11,930
2025-07-09 15:54:00,12.461004,37.8463,11,930
2025-07-09 16:04:00,12.460986,37.845512,11,930
2025-07-09 16:14:00,12.460979,37.844727,11,930
2025-07-09 16:24:00,12.460987,37.843937,11,930
2025-07-09 16:34:00,12.460987,37.843937,11,930
2025-07-09 16:44:00,12.460987,37.843937,11,930
2025-07-09 16:54:00,12.460987,37.843937,11,930
2025-07-09 17:04:00,12.460987,37.843937,11,930
2025-07-09 17:14:00,12.460987,37.843937,11,930
2025-07-09 17:24:00,12.460987,37.843937,11,930
2025-07-09 17:34:00,12.460987,37.843937,11,930
2025-07-09 17:44:00,12.460987,37.843937,11,930
2025-07-09 17:54:00,12.460987,37.843937,11,930
2025-07-09 18:04:00,12.460987,37.843937,11,930
2025-07-09 18:14:00,12.460987,37.843937,11,930
2025-07-09 18:24:00,12.460987,37.843937,11,930
2025-07-09 18:34:00,12.460987,37.843937,11,930
2025-07-09 18:44:00,12.460987,37.843937,11,930
2025-07-09 18:54:00,12.460987,37.843937,11,930
2025-07-09 19:04:00,12.460987,37.843937,11,930
2025-07-09 19:14:00,12.460987,37.843937,11,930
2025-07-09 19:24:00,12.460987,37.843937,11,930
2025-07-09 19:34:00,12.460987,37.843937,11,930
2025-07-09 19:44:00,12.460987,37.843937,11,930
2025-07-09 19:54:00,12.460987,37.843937,11,930
2025-07-09 20:04:00,12.460987,37.843937,11,930
2025-07-09 20:14:00,12.460987,37.843937,11,930
2025-07-09 20:24:00,12.460987,37.843937,11,930
2025-07-09 20:34:00,12.460987,37.843937,11,930
2025-07-09 20:44:00,12.460987,37.843937,11,930
2025-07-09 20:54:00,12.460987,37.843937,11,930
2025-07-09 21:04:00,12.460987,37.843937,11,930
2025-07-09 21:14:00,12.460987,37.843937,11,930
2025-07-09 21:24:00,12.460987,37.843937,11,930
2025-07-09 21:34:00,12.460987,37.843937,11,930
2025-07-09 21:44:00,12.460987,37.843937,11,930
2025-07-09 21:54:00,12.460987,37.843937,11,930
2025-07-09 22:04:00,12.460987,37.843937,11,930
2025-07-09 22:14:00,12.460987,37.843937,11,930
2025-07-09 22:24:00,12.460987,37.843937,11,930
2025-07-09 22:34:00,12.460987,37.843937,11,930
2025-07-09 22:44:00,12.460987,37.843937,11,930
2025-07-09 22:54:00,12.460987,37.843937,11,930
2025-07-09 23:04:00,12.460987,37.843937,11,930
2025-07-09 23:14:00,12.460987,37.843937,11,930
2025-07-09 23:24:00,12.460987,37.843937,11,930
2025-07-09 23:34:00,12.460987,37.843937,11,930
2025-07-09 23:44:00,12.460987,37.843937,11,930
2025-07-09 23:54:00,12.460987,37.843937,11,930
2025-07-10 00:04:00,12.460987,37.843937,11,930
2025-07-09 12:04:00,12.47187,37.8744,12,0530cnr
2025-07-09 12:14:00,12.472144,37.873306,12,0530cnr
2025-07-09 12:24:00,12.47249,37.87219,12,0530cnr
2025-07-09 12:34:00,12.472918,37.871025,12,0530cnr
2025-07-09 12:44:00,12.473405,37.86978,12,0530cnr
2025-07-09 12:54:00,12.473849,37.868477,12,0530cnr
2025-07-09 13:04:00,12.47419,37.86713,12,0530cnr
2025-07-09 13:14:00,12.4744215,37.865868,12,0530cnr
2025-07-09 13:24:00,12.474628,37.8647,12,0530cnr
2025-07-09 13:34:00,12.474886,37.863625,12,0530cnr
2025-07-09 13:44:00,12.4751425,37.862564,12,0530cnr
2025-07-09 13:54:00,12.4751425,37.862564,12,0530cnr
2025-07-09 14:04:00,12.4751425,37.862564,12,0530cnr
2025-07-09 14:14:00,12.4751425,37.862564,12,0530cnr
2025-07-09 14:24:00,12.4751425,37.862564,12,0530cnr
2025-07-09 14:34:00,12.4751425,37.862564,12,0530cnr
2025-07-09 14:44:00,12.4751425,37.862564,12,0530cnr
2025-07-09 14:54:00,12.4751425,37.862564,12,0530cnr
2025-07-09 15:04:00,12.4751425,37.862564,12,0530cnr
2025-07-09 15:14:00,12.4751425,37.862564,12,0530cnr
2025-07-09 15:24:00,12.4751425,37.862564,12,0530cnr
2025-07-09 15:34:00,12.4751425,37.862564,12,0530cnr
2025-07-09 15:44:00,12.4751425,37.862564,12,0530cnr
2025-07-09 15:54:00,12.4751425,37.862564,12,0530cnr
2025-07-09 16:04:00,12.4751425,37.862564,12,0530cnr
2025-07-09 16:14:00,12.4751425,37.862564,12,0530cnr
2025-07-09 16:24:00,12.4751425,37.862564,12,0530cnr
2025-07-09 16:34:00,12.4751425,37.862564,12,0530cnr
2025-07-09 16:44:00,12.4751425,37.862564,12,0530cnr
2025-07-09 16:54:00,12.4751425,37.862564,12,0530cnr
2025-07-09 17:04:00,12.4751425,37.862564,12,0530cnr
2025-07-09 17:14:00,12.4751425,37.862564,12,0530cnr
2025-07-09 17:24:00,12.4751425,37.862564,12,0530cnr
2025-07-09 17:34:00,12.4751425,37.862564,12,0530cnr
2025-07-09 17:44:00,12.4751425,37.862564,12,0530cnr
2025-07-09 17:54:00,12.4751425,37.862564,12,0530cnr
2025-07-09 18:04:00,12.4751425,37.862564,12,0530cnr
2025-07-09 18:14:00,12.4751425,37.862564,12,0530cnr
2025-07-09 18:24:00,12.4751425,37.862564,12,0530cnr
2025-07-09 18:34:00,12.4751425,37.862564,12,0530cnr
2025-07-09 18:44:00,12.4751425,37.862564,12,0530cnr
2025-07-09 18:54:00,12.4751425,37.862564,12,0530cnr
2025-07-09 19:04:00,12.4751425,37.862564,12,0530cnr
2025-07-09 19:14:00,12.4751425,37.862564,12,0530cnr
2025-07-09 19:24:00,12.4751425,37.862564,12,0530cnr
2025-07-09 19:34:00,12.4751425,37.862564,12,0530cnr
2025-07-09 19:44:00,12.4751425,37.862564,12,0530cnr
2025-07-09 19:54:00,12.4751425,37.862564,12,0530cnr
2025-07-09 20:04:00,12.4751425,37.862564,12,0530cnr
2025-07-09 20:14:00,12.4751425,37.862564,12,0530cnr
2025-07-09 20:24:00,12.4751425,37.862564,12,0530cnr
2025-07-09 20:34:00,12.4751425,37.862564,12,0530cnr
2025-07-09 20:44:00,12.4751425,37.862564,12,0530cnr
2025-07-09 20:54:00,12.4751425,37.862564,12,0530cnr
2025-07-09 21:04:00,12.4751425,37.862564,12,0530cnr
2025-07-09 21:14:00,12.4751425,37.862564,12,0530cnr
2025-07-09 21:24:00,12.4751425,37.862564,12,0530cnr
2025-07-09 21:34:00,12.4751425,37.862564,12,0530cnr
2025-07-09 21:44:00,12.4751425,37.862564,12,0530cnr
2025-07-09 21:54:00,12.4751425,37.862564,12,0530cnr
2025-07-09 22:04:00,12.4751425,37.862564,12,0530cnr
2025-07-09 22:14:00,12.4751425,37.862564,12,0530cnr
2025-07-09 22:24:00,12.4751425,37.862564,12,0530cnr
2025-07-09 22:34:00,12.4751425,37.862564,12,0530cnr
2025-07-09 22:44:00,12.4751425,37.862564,12,0530cnr
2025-07-09 22:54:00,12.4751425,37.862564,12,0530cnr
2025-07-09 23:04:00,12.4751425,37.862564,12,0530cnr
2025-07-09 23:14:00,12.4751425,37.862564,12,0530cnr
2025-07-09 23:24:00,12.4751425,37.862564,12,0530cnr
2025-07-09 23:34:00,12.4751425,37.862564,12,0530cnr
2025-07-09 23:44:00,12.4751425,37.862564,12,0530cnr
2025-07-09 23:54:00,12.4751425,37.862564,12,0530cnr
2025-07-10 00:04:00,12.475156,37.862312,12,0530cnr
2025-07-09 12:04:00,12.47176,37.87442,12,3500cnr
2025-07-09 12:14:00,12.472031,37.87332,12,3500cnr
2025-07-09 12:24:00,12.472377,37.8722,12,3500cnr
2025-07-09 12:34:00,12.472806,37.871037,12,3500cnr
2025-07-09 12:44:00,12.473298,37.869797,12,3500cnr
2025-07-09 12:54:00,12.473744,37.8685,12,3500cnr
2025-07-09 13:04:00,12.474083,37.86716,12,3500cnr
2025-07-09 13:14:00,12.474311,37.865887,12,3500cnr
2025-07-09 13:24:00,12.474511,37.864708,12,3500cnr
2025-07-09 13:34:00,12.474768,37.863625,12,3500cnr
2025-07-09 13:44:00,12.475028,37.86256,12,3500cnr
2025-07-09 13:54:00,12.475028,37.86256,12,3500cnr
2025-07-09 14:04:00,12.475028,37.86256,12,3500cnr
2025-07-09 14:14:00,12.475028,37.86256,12,3500cnr
2025-07-09 14:24:00,12.475028,37.86256,12,3500cnr
2025-07-09 14:34:00,12.475028,37.86256,12,3500cnr
2025-07-09 14:44:00,12.475028,37.86256,12,3500cnr
2025-07-09 14:54:00,12.475028,37.86256,12,3500cnr
2025-07-09 15:04:00,12.475028,37.86256,12,3500cnr
2025-07-09 15:14:00,12.475028,37.86256,12,3500cnr
2025-07-09 15:24:00,12.475028,37.86256,12,3500cnr
2025-07-09 15:34:00,12.475028,37.86256,12,3500cnr
2025-07-09 15:44:00,12.475028,37.86256,12,3500cnr
2025-07-09 15:54:00,12.475028,37.86256,12,3500cnr
2025-07-09 16:04:00,12.475028,37.86256,12,3500cnr
2025-07-09 16:14:00,12.475028,37.86256,12,3500cnr
2025-07-09 16:24:00,12.475028,37.86256,12,3500cnr
2025-07-09 16:34:00,12.475028,37.86256,12,3500cnr
2025-07-09 16:44:00,12.475028,37.86256,12,3500cnr
2025-07-09 16:54:00,12.475028,37.86256,12,3500cnr
2025-07-09 17:04:00,12.475028,37.86256,12,3500cnr
2025-07-09 17:14:00,12.475028,37.86256,12,3500cnr
2025-07-09 17:24:00,12.475028,37.86256,12,3500cnr
2025-07-09 17:34:00,12.475028,37.86256,12,3500cnr
2025-07-09 17:44:00,12.475028,37.86256,12,3500cnr
2025-07-09 17:54:00,12.475028,37.86256,12,3500cnr
2025-07-09 18:04:00,12.475028,37.86256,12,3500cnr
2025-07-09 18:14:00,12.475028,37.86256,12,3500cnr
2025-07-09 18:24:00,12.475028,37.86256,12,3500cnr
2025-07-09 18:34:00,12.475028,37.86256,12,3500cnr
2025-07-09 18:44:00,12.474843,37.862,12,3500cnr
2025-07-09 18:54:00,12.474843,37.862,12,3500cnr
2025-07-09 19:04:00,12.474843,37.862,12,3500cnr
2025-07-09 19:14:00,12.474843,37.862,12,3500cnr
2025-07-09 19:24:00,12.474843,37.862,12,3500cnr
2025-07-09 19:34:00,12.474843,37.862,12,3500cnr
2025-07-09 19:44:00,12.474843,37.862,12,3500cnr
2025-07-09 19:54:00,12.474843,37.862,12,3500cnr
2025-07-09 20:04:00,12.474843,37.862,12,3500cnr
2025-07-09 20:14:00,12.474843,37.862,12,3500cnr
2025-07-09 20:24:00,12.474843,37.862,12,3500cnr
2025-07-09 20:34:00,12.474843,37.862,12,3500cnr
2025-07-09 20:44:00,12.474843,37.862,12,3500cnr
2025-07-09 20:54:00,12.474843,37.862,12,3500cnr
2025-07-09 21:04:00,12.474843,37.862,12,3500cnr
2025-07-09 21:14:00,12.474843,37.862,12,3500cnr
2025-07-09 21:24:00,12.474843,37.862,12,3500cnr
2025-07-09 21:34:00,12.474843,37.862,12,3500cnr
2025-07-09 21:44:00,12.474843,37.862,12,3500cnr
2025-07-09 21:54:00,12.474843,37.862,12,3500cnr
2025-07-09 22:04:00,12.474843,37.862,12,3500cnr
2025-07-09 22:14:00,12.474843,37.862,12,3500cnr
2025-07-09 22:24:00,12.474843,37.862,12,3500cnr
2025-07-09 22:34:00,12.474843,37.862,12,3500cnr
2025-07-09 22:44:00,12.474843,37.862,12,3500cnr
2025-07-09 22:54:00,12.474843,37.862,12,3500cnr
2025-07-09 23:04:00,12.474843,37.862,12,3500cnr
2025-07-09 23:14:00,12.474843,37.862,12,3500cnr
2025-07-09 23:24:00,12.474843,37.862,12,3500cnr
2025-07-09 23:34:00,12.474843,37.862,12,3500cnr
2025-07-09 23:44:00,12.474843,37.862,12,3500cnr
2025-07-09 23:54:00,12.474843,37.862,12,3500cnr
2025-07-10 00:04:00,12.474843,37.862,12,3500cnr
2025-07-09 12:04:00,12.47178,37.87426,12,3680cnr
2025-07-09 12:14:00,12.472054,37.87316,12,3680cnr
2025-07-09 12:24:00,12.472413,37.872036,12,3680cnr
2025-07-09 12:34:00,12.472854,37.87086,12,3680cnr
2025-07-09 12:44:00,12.473354,37.86961,12,3680cnr
2025-07-09 12:54:00,12.4737835,37.86831,12,3680cnr
2025-07-09 13:04:00,12.474108,37.86697,12,3680cnr
2025-07-09 13:14:00,12.474325,37.865707,12,3680cnr
2025-07-09 13:24:00,12.474534,37.864544,12,3680cnr
2025-07-09 13:34:00,12.474797,37.86347,12,3680cnr
2025-07-09 13:44:00,12.475058,37.8624,12,3680cnr
2025-07-09 13:54:00,12.475058,37.8624,12,3680cnr
2025-07-09 14:04:00,12.475058,37.8624,12,3680cnr
2025-07-09 14:14:00,12.475058,37.8624,12,3680cnr
2025-07-09 14:24:00,12.475058,37.8624,12,3680cnr
2025-07-09 14:34:00,12.475058,37.8624,12,3680cnr
2025-07-09 14:44:00,12.475058,37.8624,12,3680cnr
2025-07-09 14:54:00,12.475058,37.8624,12,3680cnr
2025-07-09 15:04:00,12.475058,37.8624,12,3680cnr
2025-07-09 15:14:00,12.475058,37.8624,12,3680cnr
2025-07-09 15:24:00,12.475058,37.8624,12,3680cnr
2025-07-09 15:34:00,12.475058,37.8624,12,3680cnr
2025-07-09 15:44:00,12.475058,37.8624,12,3680cnr
2025-07-09 15:54:00,12.475058,37.8624,12,3680cnr
2025-07-09 16:04:00,12.475058,37.8624,12,3680cnr
2025-07-09 16:14:00,12.475058,37.8624,12,3680cnr
2025-07-09 16:24:00,12.475058,37.8624,12,3680cnr
2025-07-09 16:34:00,12.475058,37.8624,12,3680cnr
2025-07-09 16:44:00,12.475058,37.8624,12,3680cnr
2025-07-09 16:54:00,12.475058,37.8624,12,3680cnr
2025-07-09 17:04:00,12.475058,37.8624,12,3680cnr
2025-07-09 17:14:00,12.475058,37.8624,12,3680cnr
2025-07-09 17:24:00,12.475058,37.8624,12,3680cnr
2025-07-09 17:34:00,12.475058,37.8624,12,3680cnr
2025-07-09 17:44:00,12.475058,37.8624,12,3680cnr
2025-07-09 17:54:00,12.475058,37.8624,12,3680cnr
2025-07-09 18:04:00,12.475058,37.8624,12,3680cnr
2025-07-09 18:14:00,12.475058,37.8624,12,3680cnr
2025-07-09 18:24:00,12.475058,37.8624,12,3680cnr
2025-07-09 18:34:00,12.475058,37.8624,12,3680cnr
2025-07-09 18:44:00,12.475058,37.8624,12,3680cnr
2025-07-09 18:54:00,12.475058,37.8624,12,3680cnr
2025-07-09 19:04:00,12.475058,37.8624,12,3680cnr
2025-07-09 19:14:00,12.475058,37.8624,12,3680cnr
2025-07-09 19:24:00,12.475058,37.8624,12,3680cnr
2025-07-09 19:34:00,12.475058,37.8624,12,3680cnr
2025-07-09 19:44:00,12.475058,37.8624,12,3680cnr
2025-07-09 19:54:00,12.475058,37.8624,12,3680cnr
2025-07-09 20:04:00,12.475058,37.8624,12,3680cnr
2025-07-09 20:14:00,12.475058,37.8624,12,3680cnr
2025-07-09 20:24:00,12.475058,37.8624,12,3680cnr
2025-07-09 20:34:00,12.475058,37.8624,12,3680cnr
2025-07-09 20:44:00,12.475058,37.8624,12,3680cnr
2025-07-09 20:54:00,12.475058,37.8624,12,3680cnr
2025-07-09 21:04:00,12.475058,37.8624,12,3680cnr
2025-07-09 21:14:00,12.475058,37.8624,12,3680cnr
2025-07-09 21:24:00,12.475058,37.8624,12,3680cnr
2025-07-09 21:34:00,12.475058,37.8624,12,3680cnr
2025-07-09 21:44:00,12.475058,37.8624,12,3680cnr
2025-07-09 21:54:00,12.475058,37.8624,12,3680cnr
2025-07-09 22:04:00,12.475058,37.8624,12,3680cnr
2025-07-09 22:14:00,12.475058,37.8624,12,3680cnr
2025-07-09 22:24:00,12.475058,37.8624,12,3680cnr
2025-07-09 22:34:00,12.475058,37.8624,12,3680cnr
2025-07-09 22:44:00,12.475058,37.8624,12,3680cnr
2025-07-09 22:54:00,12.475058,37.8624,12,3680cnr
2025-07-09 23:04:00,12.475058,37.8624,12,3680cnr
2025-07-09 23:14:00,12.475058,37.8624,12,3680cnr
2025-07-09 23:24:00,12.475058,37.8624,12,3680cnr
2025-07-09 23:34:00,12.475058,37.8624,12,3680cnr
2025-07-09 23:44:00,12.475058,37.8624,12,3680cnr
2025-07-09 23:54:00,12.475058,37.8624,12,3680cnr
2025-07-10 00:04:00,12.475058,37.8624,12,3680cnr
