time,lon,lat,deploy,drifter_id
2025-07-08 07:14:00,12.45476,37.87429,1,0530cnr
2025-07-08 07:24:00,12.455193,37.87427,1,0530cnr
2025-07-08 07:34:00,12.455623,37.874256,1,0530cnr
2025-07-08 07:44:00,12.45605,37.874245,1,0530cnr
2025-07-08 07:54:00,12.456475,37.87425,1,0530cnr
2025-07-08 08:04:00,12.456901,37.874287,1,0530cnr
2025-07-08 08:14:00,12.4573145,37.87434,1,0530cnr
2025-07-08 08:24:00,12.457716,37.874393,1,0530cnr
2025-07-08 08:34:00,12.458106,37.874447,1,0530cnr
2025-07-08 08:44:00,12.45849,37.874504,1,0530cnr
2025-07-08 08:54:00,12.458875,37.87457,1,0530cnr
2025-07-08 09:04:00,12.459258,37.874645,1,0530cnr
2025-07-08 09:14:00,12.459658,37.874725,1,0530cnr
2025-07-08 09:24:00,12.46008,37.874817,1,0530cnr
2025-07-08 09:34:00,12.460532,37.874916,1,0530cnr
2025-07-08 09:44:00,12.461036,37.87504,1,0530cnr
2025-07-08 09:54:00,12.461589,37.875187,1,0530cnr
2025-07-08 10:04:00,12.462187,37.875366,1,0530cnr
2025-07-08 10:14:00,12.462787,37.87557,1,0530cnr
2025-07-08 10:24:00,12.463374,37.875786,1,0530cnr
2025-07-08 10:34:00,12.463959,37.87602,1,0530cnr
2025-07-08 10:44:00,12.464569,37.876255,1,0530cnr
2025-07-08 10:54:00,12.465218,37.876472,1,0530cnr
2025-07-08 11:04:00,12.465889,37.876667,1,0530cnr
2025-07-08 11:14:00,12.466541,37.8768,1,0530cnr
2025-07-08 11:24:00,12.467156,37.87684,1,0530cnr
2025-07-08 11:34:00,12.467726,37.876785,1,0530cnr
2025-07-08 11:44:00,12.468249,37.87665,1,0530cnr
2025-07-08 11:54:00,12.468734,37.87646,1,0530cnr
2025-07-08 12:04:00,12.469178,37.876213,1,0530cnr
2025-07-08 12:14:00,12.469625,37.875935,1,0530cnr
2025-07-08 12:24:00,12.470099,37.875633,1,0530cnr
2025-07-08 12:34:00,12.470606,37.875313,1,0530cnr
2025-07-08 12:44:00,12.471152,37.87499,1,0530cnr
2025-07-08 12:54:00,12.471741,37.87467,1,0530cnr
2025-07-08 13:04:00,12.472365,37.87434,1,0530cnr
2025-07-08 13:14:00,12.473028,37.873985,1,0530cnr
2025-07-08 13:24:00,12.473737,37.87358,1,0530cnr
2025-07-08 13:34:00,12.474503,37.873135,1,0530cnr
2025-07-08 13:44:00,12.47532,37.872646,1,0530cnr
2025-07-08 13:54:00,12.476188,37.872135,1,0530cnr
2025-07-08 14:04:00,12.477114,37.8716,1,0530cnr
2025-07-08 14:14:00,12.478091,37.871075,1,0530cnr
2025-07-08 14:24:00,12.479101,37.87057,1,0530cnr
2025-07-08 14:34:00,12.480137,37.870068,1,0530cnr
2025-07-08 14:44:00,12.480137,37.870068,1,0530cnr
2025-07-08 14:54:00,12.480137,37.870068,1,0530cnr
2025-07-08 15:04:00,12.480137,37.870068,1,0530cnr
2025-07-08 15:14:00,12.480137,37.870068,1,0530cnr
2025-07-08 15:24:00,12.480137,37.870068,1,0530cnr
2025-07-08 15:34:00,12.480137,37.870068,1,0530cnr
2025-07-08 15:44:00,12.480137,37.870068,1,0530cnr
2025-07-08 15:54:00,12.480137,37.870068,1,0530cnr
2025-07-08 16:04:00,12.480137,37.870068,1,0530cnr
2025-07-08 16:14:00,12.480137,37.870068,1,0530cnr
2025-07-08 16:24:00,12.480137,37.870068,1,0530cnr
2025-07-08 16:34:00,12.480137,37.870068,1,0530cnr
2025-07-08 16:44:00,12.480137,37.870068,1,0530cnr
2025-07-08 16:54:00,12.480137,37.870068,1,0530cnr
2025-07-08 17:04:00,12.480137,37.870068,1,0530cnr
2025-07-08 17:14:00,12.480137,37.870068,1,0530cnr
2025-07-08 17:24:00,12.480137,37.870068,1,0530cnr
2025-07-08 17:34:00,12.480137,37.870068,1,0530cnr
2025-07-08 17:44:00,12.480137,37.870068,1,0530cnr
2025-07-08 17:54:00,12.480137,37.870068,1,0530cnr
2025-07-08 18:04:00,12.480137,37.870068,1,0530cnr
2025-07-08 18:14:00,12.480137,37.870068,1,0530cnr
2025-07-08 18:24:00,12.480137,37.870068,1,0530cnr
2025-07-08 18:34:00,12.480137,37.870068,1,0530cnr
2025-07-08 18:44:00,12.480137,37.870068,1,0530cnr
2025-07-08 18:54:00,12.480137,37.870068,1,0530cnr
2025-07-08 19:04:00,12.480137,37.870068,1,0530cnr
2025-07-08 19:14:00,12.480137,37.870068,1,0530cnr
2025-07-08 19:24:00,12.480137,37.870068,1,0530cnr
2025-07-08 19:34:00,12.480137,37.870068,1,0530cnr
2025-07-08 19:44:00,12.480137,37.870068,1,0530cnr
2025-07-08 19:54:00,12.480137,37.870068,1,0530cnr
2025-07-08 20:04:00,12.480137,37.870068,1,0530cnr
2025-07-08 20:14:00,12.480137,37.870068,1,0530cnr
2025-07-08 20:24:00,12.480137,37.870068,1,0530cnr
2025-07-08 20:34:00,12.480137,37.870068,1,0530cnr
2025-07-08 20:44:00,12.480137,37.870068,1,0530cnr
2025-07-08 20:54:00,12.480137,37.870068,1,0530cnr
2025-07-08 21:04:00,12.480137,37.870068,1,0530cnr
2025-07-08 21:14:00,12.480137,37.870068,1,0530cnr
2025-07-08 21:24:00,12.480137,37.870068,1,0530cnr
2025-07-08 21:34:00,12.480137,37.870068,1,0530cnr
2025-07-08 21:44:00,12.480137,37.870068,1,0530cnr
2025-07-08 21:54:00,12.480137,37.870068,1,0530cnr
2025-07-08 22:04:00,12.480137,37.870068,1,0530cnr
2025-07-08 22:14:00,12.480137,37.870068,1,0530cnr
2025-07-08 22:24:00,12.480137,37.870068,1,0530cnr
2025-07-08 22:34:00,12.480137,37.870068,1,0530cnr
2025-07-08 22:44:00,12.480137,37.870068,1,0530cnr
2025-07-08 22:54:00,12.480137,37.870068,1,0530cnr
2025-07-08 23:04:00,12.480137,37.870068,1,0530cnr
2025-07-08 23:14:00,12.480137,37.870068,1,0530cnr
2025-07-08 23:24:00,12.480137,37.870068,1,0530cnr
2025-07-08 23:34:00,12.480137,37.870068,1,0530cnr
2025-07-08 23:44:00,12.480137,37.870068,1,0530cnr
2025-07-08 23:54:00,12.480137,37.870068,1,0530cnr
2025-07-09 00:04:00,12.480137,37.870068,1,0530cnr
2025-07-09 00:14:00,12.480137,37.870068,1,0530cnr
2025-07-09 00:24:00,12.480137,37.870068,1,0530cnr
2025-07-09 00:34:00,12.480137,37.870068,1,0530cnr
2025-07-09 00:44:00,12.480137,37.870068,1,0530cnr
2025-07-09 00:54:00,12.480137,37.870068,1,0530cnr
2025-07-09 01:04:00,12.480137,37.870068,1,0530cnr
2025-07-09 01:14:00,12.480137,37.870068,1,0530cnr
2025-07-09 01:24:00,12.480137,37.870068,1,0530cnr
2025-07-09 01:34:00,12.480137,37.870068,1,0530cnr
2025-07-09 01:44:00,12.480137,37.870068,1,0530cnr
2025-07-09 01:54:00,12.480137,37.870068,1,0530cnr
2025-07-09 02:04:00,12.480137,37.870068,1,0530cnr
2025-07-09 02:14:00,12.480137,37.870068,1,0530cnr
2025-07-09 02:24:00,12.480137,37.870068,1,0530cnr
2025-07-09 02:34:00,12.480137,37.870068,1,0530cnr
2025-07-09 02:44:00,12.480137,37.870068,1,0530cnr
2025-07-09 02:54:00,12.480137,37.870068,1,0530cnr
2025-07-09 03:04:00,12.480137,37.870068,1,0530cnr
2025-07-09 03:14:00,12.480137,37.870068,1,0530cnr
2025-07-09 03:24:00,12.480137,37.870068,1,0530cnr
2025-07-09 03:34:00,12.480137,37.870068,1,0530cnr
2025-07-09 03:44:00,12.480137,37.870068,1,0530cnr
2025-07-09 03:54:00,12.480137,37.870068,1,0530cnr
2025-07-09 04:04:00,12.480137,37.870068,1,0530cnr
2025-07-09 04:14:00,12.480137,37.870068,1,0530cnr
2025-07-09 04:24:00,12.480137,37.870068,1,0530cnr
2025-07-09 04:34:00,12.480137,37.870068,1,0530cnr
2025-07-09 04:44:00,12.480137,37.870068,1,0530cnr
2025-07-09 04:54:00,12.480137,37.870068,1,0530cnr
2025-07-09 05:04:00,12.480137,37.870068,1,0530cnr
2025-07-09 05:14:00,12.480137,37.870068,1,0530cnr
2025-07-09 05:24:00,12.480137,37.870068,1,0530cnr
2025-07-09 05:34:00,12.480137,37.870068,1,0530cnr
2025-07-09 05:44:00,12.480137,37.870068,1,0530cnr
2025-07-09 05:54:00,12.480137,37.870068,1,0530cnr
2025-07-09 06:04:00,12.480137,37.870068,1,0530cnr
2025-07-09 06:14:00,12.480137,37.870068,1,0530cnr
2025-07-09 06:24:00,12.480137,37.870068,1,0530cnr
2025-07-09 06:34:00,12.480409,37.869556,1,0530cnr
2025-07-09 06:44:00,12.480409,37.869556,1,0530cnr
2025-07-09 06:54:00,12.480409,37.869556,1,0530cnr
2025-07-09 07:04:00,12.480409,37.869556,1,0530cnr
2025-07-09 07:14:00,12.480409,37.869556,1,0530cnr
2025-07-09 07:24:00,12.480409,37.869556,1,0530cnr
2025-07-09 07:34:00,12.480409,37.869556,1,0530cnr
2025-07-09 07:44:00,12.480409,37.869556,1,0530cnr
2025-07-09 07:54:00,12.480409,37.869556,1,0530cnr
2025-07-09 08:04:00,12.480409,37.869556,1,0530cnr
2025-07-09 08:14:00,12.480409,37.869556,1,0530cnr
2025-07-09 08:24:00,12.480409,37.869556,1,0530cnr
2025-07-09 08:34:00,12.480409,37.869556,1,0530cnr
2025-07-09 08:44:00,12.480409,37.869556,1,0530cnr
2025-07-09 08:54:00,12.480409,37.869556,1,0530cnr
2025-07-09 09:04:00,12.480409,37.869556,1,0530cnr
2025-07-09 09:14:00,12.480409,37.869556,1,0530cnr
2025-07-09 09:24:00,12.480409,37.869556,1,0530cnr
2025-07-09 09:34:00,12.480409,37.869556,1,0530cnr
2025-07-09 09:44:00,12.480409,37.869556,1,0530cnr
2025-07-09 09:54:00,12.480409,37.869556,1,0530cnr
2025-07-09 10:04:00,12.480409,37.869556,1,0530cnr
2025-07-09 10:14:00,12.480409,37.869556,1,0530cnr
2025-07-09 10:24:00,12.480409,37.869556,1,0530cnr
2025-07-09 10:34:00,12.480409,37.869556,1,0530cnr
2025-07-09 10:44:00,12.480409,37.869556,1,0530cnr
2025-07-09 10:54:00,12.480409,37.869556,1,0530cnr
2025-07-09 11:04:00,12.480409,37.869556,1,0530cnr
2025-07-09 11:14:00,12.480409,37.869556,1,0530cnr
2025-07-09 11:24:00,12.480409,37.869556,1,0530cnr
2025-07-09 11:34:00,12.480409,37.869556,1,0530cnr
2025-07-09 11:44:00,12.480409,37.869556,1,0530cnr
2025-07-09 11:54:00,12.480409,37.869556,1,0530cnr
2025-07-09 12:04:00,12.480409,37.869556,1,0530cnr
2025-07-09 12:14:00,12.480409,37.869556,1,0530cnr
2025-07-09 12:24:00,12.480409,37.869556,1,0530cnr
2025-07-09 12:34:00,12.480409,37.869556,1,0530cnr
2025-07-09 12:44:00,12.480409,37.869556,1,0530cnr
2025-07-09 12:54:00,12.480409,37.869556,1,0530cnr
2025-07-09 13:04:00,12.480409,37.869556,1,0530cnr
2025-07-09 13:14:00,12.480409,37.869556,1,0530cnr
2025-07-09 13:24:00,12.480409,37.869556,1,0530cnr
2025-07-09 13:34:00,12.480409,37.869556,1,0530cnr
2025-07-09 13:44:00,12.480409,37.869556,1,0530cnr
2025-07-09 13:54:00,12.480409,37.869556,1,0530cnr
2025-07-09 14:04:00,12.480409,37.869556,1,0530cnr
2025-07-09 14:14:00,12.480409,37.869556,1,0530cnr
2025-07-09 14:24:00,12.480409,37.869556,1,0530cnr
2025-07-09 14:34:00,12.480409,37.869556,1,0530cnr
2025-07-09 14:44:00,12.480409,37.869556,1,0530cnr
2025-07-09 14:54:00,12.480409,37.869556,1,0530cnr
2025-07-09 15:04:00,12.480409,37.869556,1,0530cnr
2025-07-09 15:14:00,12.480409,37.869556,1,0530cnr
2025-07-09 15:24:00,12.480409,37.869556,1,0530cnr
2025-07-09 15:34:00,12.480409,37.869556,1,0530cnr
2025-07-09 15:44:00,12.480409,37.869556,1,0530cnr
2025-07-09 15:54:00,12.480409,37.869556,1,0530cnr
2025-07-09 16:04:00,12.480409,37.869556,1,0530cnr
2025-07-09 16:14:00,12.480409,37.869556,1,0530cnr
2025-07-09 16:24:00,12.480409,37.869556,1,0530cnr
2025-07-09 16:34:00,12.480409,37.869556,1,0530cnr
2025-07-09 16:44:00,12.480409,37.869556,1,0530cnr
2025-07-09 16:54:00,12.480409,37.869556,1,0530cnr
2025-07-09 17:04:00,12.480409,37.869556,1,0530cnr
2025-07-09 17:14:00,12.480409,37.869556,1,0530cnr
2025-07-09 17:24:00,12.480409,37.869556,1,0530cnr
2025-07-09 17:34:00,12.480333,37.869038,1,0530cnr
2025-07-09 17:44:00,12.480333,37.869038,1,0530cnr
2025-07-09 17:54:00,12.480333,37.869038,1,0530cnr
2025-07-09 18:04:00,12.480333,37.869038,1,0530cnr
2025-07-09 18:14:00,12.480333,37.869038,1,0530cnr
2025-07-09 18:24:00,12.480333,37.869038,1,0530cnr
2025-07-09 18:34:00,12.480333,37.869038,1,0530cnr
2025-07-09 18:44:00,12.480333,37.869038,1,0530cnr
2025-07-09 18:54:00,12.480333,37.869038,1,0530cnr
2025-07-09 19:04:00,12.480333,37.869038,1,0530cnr
2025-07-09 19:14:00,12.480333,37.869038,1,0530cnr
2025-07-09 19:24:00,12.480333,37.869038,1,0530cnr
2025-07-09 19:34:00,12.480333,37.869038,1,0530cnr
2025-07-09 19:44:00,12.480333,37.869038,1,0530cnr
2025-07-09 19:54:00,12.480333,37.869038,1,0530cnr
2025-07-09 20:04:00,12.480333,37.869038,1,0530cnr
2025-07-09 20:14:00,12.480333,37.869038,1,0530cnr
2025-07-09 20:24:00,12.480333,37.869038,1,0530cnr
2025-07-09 20:34:00,12.480333,37.869038,1,0530cnr
2025-07-09 20:44:00,12.480333,37.869038,1,0530cnr
2025-07-09 20:54:00,12.480333,37.869038,1,0530cnr
2025-07-09 21:04:00,12.480333,37.869038,1,0530cnr
2025-07-09 21:14:00,12.480333,37.869038,1,0530cnr
2025-07-09 21:24:00,12.480333,37.869038,1,0530cnr
2025-07-09 21:34:00,12.480333,37.869038,1,0530cnr
2025-07-09 21:44:00,12.480333,37.869038,1,0530cnr
2025-07-09 21:54:00,12.480333,37.869038,1,0530cnr
2025-07-09 22:04:00,12.480333,37.869038,1,0530cnr
2025-07-09 22:14:00,12.480333,37.869038,1,0530cnr
2025-07-09 22:24:00,12.480333,37.869038,1,0530cnr
2025-07-09 22:34:00,12.480333,37.869038,1,0530cnr
2025-07-09 22:44:00,12.480333,37.869038,1,0530cnr
2025-07-09 22:54:00,12.480333,37.869038,1,0530cnr
2025-07-09 23:04:00,12.480333,37.869038,1,0530cnr
2025-07-09 23:14:00,12.480333,37.869038,1,0530cnr
2025-07-09 23:24:00,12.480333,37.869038,1,0530cnr
2025-07-09 23:34:00,12.480333,37.869038,1,0530cnr
2025-07-09 23:44:00,12.480333,37.869038,1,0530cnr
2025-07-09 23:54:00,12.480333,37.869038,1,0530cnr
2025-07-10 00:04:00,12.480333,37.869038,1,0530cnr
2025-07-08 07:14:00,12.45468,37.87425,1,3500cnr
2025-07-08 07:24:00,12.455118,37.87423,1,3500cnr
2025-07-08 07:34:00,12.455552,37.874214,1,3500cnr
2025-07-08 07:44:00,12.455982,37.8742,1,3500cnr
2025-07-08 07:54:00,12.45641,37.8742,1,3500cnr
2025-07-08 08:04:00,12.456836,37.874233,1,3500cnr
2025-07-08 08:14:00,12.457251,37.874283,1,3500cnr
2025-07-08 08:24:00,12.457651,37.87433,1,3500cnr
2025-07-08 08:34:00,12.458039,37.87438,1,3500cnr
2025-07-08 08:44:00,12.458421,37.87443,1,3500cnr
2025-07-08 08:54:00,12.458801,37.87449,1,3500cnr
2025-07-08 09:04:00,12.459181,37.874554,1,3500cnr
2025-07-08 09:14:00,12.459577,37.874626,1,3500cnr
2025-07-08 09:24:00,12.459994,37.874706,1,3500cnr
2025-07-08 09:34:00,12.460439,37.874798,1,3500cnr
2025-07-08 09:44:00,12.460934,37.87491,1,3500cnr
2025-07-08 09:54:00,12.46148,37.875042,1,3500cnr
2025-07-08 10:04:00,12.462074,37.875206,1,3500cnr
2025-07-08 10:14:00,12.46267,37.875397,1,3500cnr
2025-07-08 10:24:00,12.463252,37.875607,1,3500cnr
2025-07-08 10:34:00,12.463826,37.875828,1,3500cnr
2025-07-08 10:44:00,12.464414,37.87606,1,3500cnr
2025-07-08 10:54:00,12.465034,37.87628,1,3500cnr
2025-07-08 11:04:00,12.465681,37.87648,1,3500cnr
2025-07-08 11:14:00,12.466315,37.876625,1,3500cnr
2025-07-08 11:24:00,12.466914,37.876675,1,3500cnr
2025-07-08 11:34:00,12.46747,37.87664,1,3500cnr
2025-07-08 11:44:00,12.467983,37.876526,1,3500cnr
2025-07-08 11:54:00,12.468453,37.876343,1,3500cnr
2025-07-08 12:04:00,12.468885,37.876106,1,3500cnr
2025-07-08 12:14:00,12.469322,37.875835,1,3500cnr
2025-07-08 12:24:00,12.469789,37.87554,1,3500cnr
2025-07-08 12:34:00,12.470286,37.875225,1,3500cnr
2025-07-08 12:44:00,12.470826,37.8749,1,3500cnr
2025-07-08 12:54:00,12.471409,37.874577,1,3500cnr
2025-07-08 13:04:00,12.472029,37.87425,1,3500cnr
2025-07-08 13:14:00,12.472688,37.87389,1,3500cnr
2025-07-08 13:24:00,12.473403,37.873486,1,3500cnr
2025-07-08 13:34:00,12.474177,37.87303,1,3500cnr
2025-07-08 13:44:00,12.475002,37.872543,1,3500cnr
2025-07-08 13:54:00,12.475878,37.87202,1,3500cnr
2025-07-08 14:04:00,12.476807,37.871487,1,3500cnr
2025-07-08 14:14:00,12.477785,37.87096,1,3500cnr
2025-07-08 14:24:00,12.478799,37.87046,1,3500cnr
2025-07-08 14:34:00,12.479838,37.86996,1,3500cnr
2025-07-08 14:44:00,12.480364,37.869705,1,3500cnr
2025-07-08 14:54:00,12.480364,37.869705,1,3500cnr
2025-07-08 15:04:00,12.480364,37.869705,1,3500cnr
2025-07-08 15:14:00,12.480364,37.869705,1,3500cnr
2025-07-08 15:24:00,12.480364,37.869705,1,3500cnr
2025-07-08 15:34:00,12.480364,37.869705,1,3500cnr
2025-07-08 15:44:00,12.480364,37.869705,1,3500cnr
2025-07-08 15:54:00,12.480364,37.869705,1,3500cnr
2025-07-08 16:04:00,12.480364,37.869705,1,3500cnr
2025-07-08 16:14:00,12.480364,37.869705,1,3500cnr
2025-07-08 16:24:00,12.480364,37.869705,1,3500cnr
2025-07-08 16:34:00,12.480364,37.869705,1,3500cnr
2025-07-08 16:44:00,12.480364,37.869705,1,3500cnr
2025-07-08 16:54:00,12.480364,37.869705,1,3500cnr
2025-07-08 17:04:00,12.480364,37.869705,1,3500cnr
2025-07-08 17:14:00,12.480364,37.869705,1,3500cnr
2025-07-08 17:24:00,12.480364,37.869705,1,3500cnr
2025-07-08 17:34:00,12.480364,37.869705,1,3500cnr
2025-07-08 17:44:00,12.480364,37.869705,1,3500cnr
2025-07-08 17:54:00,12.480364,37.869705,1,3500cnr
2025-07-08 18:04:00,12.480364,37.869705,1,3500cnr
2025-07-08 18:14:00,12.480364,37.869705,1,3500cnr
2025-07-08 18:24:00,12.480364,37.869705,1,3500cnr
2025-07-08 18:34:00,12.480364,37.869705,1,3500cnr
2025-07-08 18:44:00,12.480364,37.869705,1,3500cnr
2025-07-08 18:54:00,12.480364,37.869705,1,3500cnr
2025-07-08 19:04:00,12.480364,37.869705,1,3500cnr
2025-07-08 19:14:00,12.480364,37.869705,1,3500cnr
2025-07-08 19:24:00,12.480364,37.869705,1,3500cnr
2025-07-08 19:34:00,12.480364,37.869705,1,3500cnr
2025-07-08 19:44:00,12.480364,37.869705,1,3500cnr
2025-07-08 19:54:00,12.480364,37.869705,1,3500cnr
2025-07-08 20:04:00,12.480364,37.869705,1,3500cnr
2025-07-08 20:14:00,12.480364,37.869705,1,3500cnr
2025-07-08 20:24:00,12.480364,37.869705,1,3500cnr
2025-07-08 20:34:00,12.480364,37.869705,1,3500cnr
2025-07-08 20:44:00,12.480364,37.869705,1,3500cnr
2025-07-08 20:54:00,12.480364,37.869705,1,3500cnr
2025-07-08 21:04:00,12.480364,37.869705,1,3500cnr
2025-07-08 21:14:00,12.480364,37.869705,1,3500cnr
2025-07-08 21:24:00,12.480364,37.869705,1,3500cnr
2025-07-08 21:34:00,12.480364,37.869705,1,3500cnr
2025-07-08 21:44:00,12.480364,37.869705,1,3500cnr
2025-07-08 21:54:00,12.480364,37.869705,1,3500cnr
2025-07-08 22:04:00,12.480364,37.869705,1,3500cnr
2025-07-08 22:14:00,12.480364,37.869705,1,3500cnr
2025-07-08 22:24:00,12.480364,37.869705,1,3500cnr
2025-07-08 22:34:00,12.480364,37.869705,1,3500cnr
2025-07-08 22:44:00,12.480364,37.869705,1,3500cnr
2025-07-08 22:54:00,12.480364,37.869705,1,3500cnr
2025-07-08 23:04:00,12.480364,37.869705,1,3500cnr
2025-07-08 23:14:00,12.480364,37.869705,1,3500cnr
2025-07-08 23:24:00,12.480364,37.869705,1,3500cnr
2025-07-08 23:34:00,12.480364,37.869705,1,3500cnr
2025-07-08 23:44:00,12.480364,37.869705,1,3500cnr
2025-07-08 23:54:00,12.480364,37.869705,1,3500cnr
2025-07-09 00:04:00,12.480364,37.869705,1,3500cnr
2025-07-09 00:14:00,12.480364,37.869705,1,3500cnr
2025-07-09 00:24:00,12.480364,37.869705,1,3500cnr
2025-07-09 00:34:00,12.480364,37.869705,1,3500cnr
2025-07-09 00:44:00,12.480364,37.869705,1,3500cnr
2025-07-09 00:54:00,12.480364,37.869705,1,3500cnr
2025-07-09 01:04:00,12.480364,37.869705,1,3500cnr
2025-07-09 01:14:00,12.480364,37.869705,1,3500cnr
2025-07-09 01:24:00,12.480364,37.869705,1,3500cnr
2025-07-09 01:34:00,12.480364,37.869705,1,3500cnr
2025-07-09 01:44:00,12.480364,37.869705,1,3500cnr
2025-07-09 01:54:00,12.480364,37.869705,1,3500cnr
2025-07-09 02:04:00,12.480364,37.869705,1,3500cnr
2025-07-09 02:14:00,12.480364,37.869705,1,3500cnr
2025-07-09 02:24:00,12.480364,37.869705,1,3500cnr
2025-07-09 02:34:00,12.480364,37.869705,1,3500cnr
2025-07-09 02:44:00,12.480364,37.869705,1,3500cnr
2025-07-09 02:54:00,12.480364,37.869705,1,3500cnr
2025-07-09 03:04:00,12.480364,37.869705,1,3500cnr
2025-07-09 03:14:00,12.480364,37.869705,1,3500cnr
2025-07-09 03:24:00,12.480364,37.869705,1,3500cnr
2025-07-09 03:34:00,12.480364,37.869705,1,3500cnr
2025-07-09 03:44:00,12.480364,37.869705,1,3500cnr
2025-07-09 03:54:00,12.480364,37.869705,1,3500cnr
2025-07-09 04:04:00,12.480364,37.869705,1,3500cnr
2025-07-09 04:14:00,12.480364,37.869705,1,3500cnr
2025-07-09 04:24:00,12.480364,37.869705,1,3500cnr
2025-07-09 04:34:00,12.480364,37.869705,1,3500cnr
2025-07-09 04:44:00,12.480364,37.869705,1,3500cnr
2025-07-09 04:54:00,12.480364,37.869705,1,3500cnr
2025-07-09 05:04:00,12.480364,37.869705,1,3500cnr
2025-07-09 05:14:00,12.480364,37.869705,1,3500cnr
2025-07-09 05:24:00,12.480364,37.869705,1,3500cnr
2025-07-09 05:34:00,12.480364,37.869705,1,3500cnr
2025-07-09 05:44:00,12.480364,37.869705,1,3500cnr
2025-07-09 05:54:00,12.480364,37.869705,1,3500cnr
2025-07-09 06:04:00,12.480364,37.869705,1,3500cnr
2025-07-09 06:14:00,12.480364,37.869705,1,3500cnr
2025-07-09 06:24:00,12.480364,37.869705,1,3500cnr
2025-07-09 06:34:00,12.480364,37.869705,1,3500cnr
2025-07-09 06:44:00,12.480364,37.869705,1,3500cnr
2025-07-09 06:54:00,12.480364,37.869705,1,3500cnr
2025-07-09 07:04:00,12.480364,37.869705,1,3500cnr
2025-07-09 07:14:00,12.480364,37.869705,1,3500cnr
2025-07-09 07:24:00,12.480364,37.869705,1,3500cnr
2025-07-09 07:34:00,12.480364,37.869705,1,3500cnr
2025-07-09 07:44:00,12.480364,37.869705,1,3500cnr
2025-07-09 07:54:00,12.480364,37.869705,1,3500cnr
2025-07-09 08:04:00,12.480364,37.869705,1,3500cnr
2025-07-09 08:14:00,12.480364,37.869705,1,3500cnr
2025-07-09 08:24:00,12.480364,37.869705,1,3500cnr
2025-07-09 08:34:00,12.480364,37.869705,1,3500cnr
2025-07-09 08:44:00,12.480364,37.869705,1,3500cnr
2025-07-09 08:54:00,12.480364,37.869705,1,3500cnr
2025-07-09 09:04:00,12.480364,37.869705,1,3500cnr
2025-07-09 09:14:00,12.480364,37.869705,1,3500cnr
2025-07-09 09:24:00,12.480364,37.869705,1,3500cnr
2025-07-09 09:34:00,12.480364,37.869705,1,3500cnr
2025-07-09 09:44:00,12.480364,37.869705,1,3500cnr
2025-07-09 09:54:00,12.480364,37.869705,1,3500cnr
2025-07-09 10:04:00,12.480364,37.869705,1,3500cnr
2025-07-09 10:14:00,12.480364,37.869705,1,3500cnr
2025-07-09 10:24:00,12.480364,37.869705,1,3500cnr
2025-07-09 10:34:00,12.480364,37.869705,1,3500cnr
2025-07-09 10:44:00,12.480364,37.869705,1,3500cnr
2025-07-09 10:54:00,12.480364,37.869705,1,3500cnr
2025-07-09 11:04:00,12.480364,37.869705,1,3500cnr
2025-07-09 11:14:00,12.480364,37.869705,1,3500cnr
2025-07-09 11:24:00,12.480364,37.869705,1,3500cnr
2025-07-09 11:34:00,12.480364,37.869705,1,3500cnr
2025-07-09 11:44:00,12.480364,37.869705,1,3500cnr
2025-07-09 11:54:00,12.480364,37.869705,1,3500cnr
2025-07-09 12:04:00,12.480364,37.869705,1,3500cnr
2025-07-09 12:14:00,12.480364,37.869705,1,3500cnr
2025-07-09 12:24:00,12.480364,37.869705,1,3500cnr
2025-07-09 12:34:00,12.480364,37.869705,1,3500cnr
2025-07-09 12:44:00,12.480364,37.869705,1,3500cnr
2025-07-09 12:54:00,12.480364,37.869705,1,3500cnr
2025-07-09 13:04:00,12.480364,37.869705,1,3500cnr
2025-07-09 13:14:00,12.480364,37.869705,1,3500cnr
2025-07-09 13:24:00,12.480364,37.869705,1,3500cnr
2025-07-09 13:34:00,12.480364,37.869705,1,3500cnr
2025-07-09 13:44:00,12.480364,37.869705,1,3500cnr
2025-07-09 13:54:00,12.4804125,37.869164,1,3500cnr
2025-07-09 14:04:00,12.4804125,37.869164,1,3500cnr
2025-07-09 14:14:00,12.4804125,37.869164,1,3500cnr
2025-07-09 14:24:00,12.4804125,37.869164,1,3500cnr
2025-07-09 14:34:00,12.4804125,37.869164,1,3500cnr
2025-07-09 14:44:00,12.4804125,37.869164,1,3500cnr
2025-07-09 14:54:00,12.4804125,37.869164,1,3500cnr
2025-07-09 15:04:00,12.4804125,37.869164,1,3500cnr
2025-07-09 15:14:00,12.4804125,37.869164,1,3500cnr
2025-07-09 15:24:00,12.4804125,37.869164,1,3500cnr
2025-07-09 15:34:00,12.4804125,37.869164,1,3500cnr
2025-07-09 15:44:00,12.4804125,37.869164,1,3500cnr
2025-07-09 15:54:00,12.4804125,37.869164,1,3500cnr
2025-07-09 16:04:00,12.4804125,37.869164,1,3500cnr
2025-07-09 16:14:00,12.4804125,37.869164,1,3500cnr
2025-07-09 16:24:00,12.4804125,37.869164,1,3500cnr
2025-07-09 16:34:00,12.4804125,37.869164,1,3500cnr
2025-07-09 16:44:00,12.4804125,37.869164,1,3500cnr
2025-07-09 16:54:00,12.4804125,37.869164,1,3500cnr
2025-07-09 17:04:00,12.4804125,37.869164,1,3500cnr
2025-07-09 17:14:00,12.4804125,37.869164,1,3500cnr
2025-07-09 17:24:00,12.4804125,37.869164,1,3500cnr
2025-07-09 17:34:00,12.4804125,37.869164,1,3500cnr
2025-07-09 17:44:00,12.4804125,37.869164,1,3500cnr
2025-07-09 17:54:00,12.4804125,37.869164,1,3500cnr
2025-07-09 18:04:00,12.4804125,37.869164,1,3500cnr
2025-07-09 18:14:00,12.4804125,37.869164,1,3500cnr
2025-07-09 18:24:00,12.4804125,37.869164,1,3500cnr
2025-07-09 18:34:00,12.4804125,37.869164,1,3500cnr
2025-07-09 18:44:00,12.4804125,37.869164,1,3500cnr
2025-07-09 18:54:00,12.4804125,37.869164,1,3500cnr
2025-07-09 19:04:00,12.4804125,37.869164,1,3500cnr
2025-07-09 19:14:00,12.4804125,37.869164,1,3500cnr
2025-07-09 19:24:00,12.4804125,37.869164,1,3500cnr
2025-07-09 19:34:00,12.4804125,37.869164,1,3500cnr
2025-07-09 19:44:00,12.4804125,37.869164,1,3500cnr
2025-07-09 19:54:00,12.4804125,37.869164,1,3500cnr
2025-07-09 20:04:00,12.4804125,37.869164,1,3500cnr
2025-07-09 20:14:00,12.4804125,37.869164,1,3500cnr
2025-07-09 20:24:00,12.4804125,37.869164,1,3500cnr
2025-07-09 20:34:00,12.4804125,37.869164,1,3500cnr
2025-07-09 20:44:00,12.4804125,37.869164,1,3500cnr
2025-07-09 20:54:00,12.4804125,37.869164,1,3500cnr
2025-07-09 21:04:00,12.4804125,37.869164,1,3500cnr
2025-07-09 21:14:00,12.4804125,37.869164,1,3500cnr
2025-07-09 21:24:00,12.4804125,37.869164,1,3500cnr
2025-07-09 21:34:00,12.4804125,37.869164,1,3500cnr
2025-07-09 21:44:00,12.4804125,37.869164,1,3500cnr
2025-07-09 21:54:00,12.4804125,37.869164,1,3500cnr
2025-07-09 22:04:00,12.4804125,37.869164,1,3500cnr
2025-07-09 22:14:00,12.4804125,37.869164,1,3500cnr
2025-07-09 22:24:00,12.4804125,37.869164,1,3500cnr
2025-07-09 22:34:00,12.4804125,37.869164,1,3500cnr
2025-07-09 22:44:00,12.4804125,37.869164,1,3500cnr
2025-07-09 22:54:00,12.4804125,37.869164,1,3500cnr
2025-07-09 23:04:00,12.4804125,37.869164,1,3500cnr
2025-07-09 23:14:00,12.4804125,37.869164,1,3500cnr
2025-07-09 23:24:00,12.4804125,37.869164,1,3500cnr
2025-07-09 23:34:00,12.4804125,37.869164,1,3500cnr
2025-07-09 23:44:00,12.4804125,37.869164,1,3500cnr
2025-07-09 23:54:00,12.4804125,37.869164,1,3500cnr
2025-07-10 00:04:00,12.4804125,37.869164,1,3500cnr
2025-07-08 07:14:00,12.45476,37.87428,1,3680cnr
2025-07-08 07:24:00,12.455193,37.87426,1,3680cnr
2025-07-08 07:34:00,12.455623,37.87424,1,3680cnr
2025-07-08 07:44:00,12.456049,37.87423,1,3680cnr
2025-07-08 07:54:00,12.456474,37.874233,1,3680cnr
2025-07-08 08:04:00,12.456898,37.87427,1,3680cnr
2025-07-08 08:14:00,12.457311,37.874325,1,3680cnr
2025-07-08 08:24:00,12.457711,37.874374,1,3680cnr
2025-07-08 08:34:00,12.4581,37.874428,1,3680cnr
2025-07-08 08:44:00,12.458484,37.874485,1,3680cnr
2025-07-08 08:54:00,12.458866,37.87455,1,3680cnr
2025-07-08 09:04:00,12.459249,37.874622,1,3680cnr
2025-07-08 09:14:00,12.459646,37.874702,1,3680cnr
2025-07-08 09:24:00,12.460067,37.87479,1,3680cnr
2025-07-08 09:34:00,12.460517,37.87489,1,3680cnr
2025-07-08 09:44:00,12.461019,37.875008,1,3680cnr
2025-07-08 09:54:00,12.46157,37.875156,1,3680cnr
2025-07-08 10:04:00,12.462168,37.875328,1,3680cnr
2025-07-08 10:14:00,12.462767,37.875526,1,3680cnr
2025-07-08 10:24:00,12.463352,37.875744,1,3680cnr
2025-07-08 10:34:00,12.463935,37.875977,1,3680cnr
2025-07-08 10:44:00,12.464538,37.87621,1,3680cnr
2025-07-08 10:54:00,12.46518,37.876427,1,3680cnr
2025-07-08 11:04:00,12.465847,37.876625,1,3680cnr
2025-07-08 11:14:00,12.466495,37.87676,1,3680cnr
2025-07-08 11:24:00,12.467106,37.8768,1,3680cnr
2025-07-08 11:34:00,12.467672,37.87675,1,3680cnr
2025-07-08 11:44:00,12.468194,37.876625,1,3680cnr
2025-07-08 11:54:00,12.468675,37.876434,1,3680cnr
2025-07-08 12:04:00,12.469116,37.87619,1,3680cnr
2025-07-08 12:14:00,12.469561,37.87591,1,3680cnr
2025-07-08 12:24:00,12.470034,37.87561,1,3680cnr
2025-07-08 12:34:00,12.470537,37.87529,1,3680cnr
2025-07-08 12:44:00,12.471083,37.87497,1,3680cnr
2025-07-08 12:54:00,12.471669,37.874645,1,3680cnr
2025-07-08 13:04:00,12.472294,37.874317,1,3680cnr
2025-07-08 13:14:00,12.472956,37.873962,1,3680cnr
2025-07-08 13:24:00,12.473665,37.873558,1,3680cnr
2025-07-08 13:34:00,12.474433,37.87311,1,3680cnr
2025-07-08 13:44:00,12.475252,37.872623,1,3680cnr
2025-07-08 13:54:00,12.476121,37.87211,1,3680cnr
2025-07-08 14:04:00,12.477048,37.871574,1,3680cnr
2025-07-08 14:14:00,12.478025,37.87105,1,3680cnr
2025-07-08 14:24:00,12.479036,37.87055,1,3680cnr
2025-07-08 14:34:00,12.480073,37.870045,1,3680cnr
2025-07-08 14:44:00,12.480073,37.870045,1,3680cnr
2025-07-08 14:54:00,12.480073,37.870045,1,3680cnr
2025-07-08 15:04:00,12.480073,37.870045,1,3680cnr
2025-07-08 15:14:00,12.480073,37.870045,1,3680cnr
2025-07-08 15:24:00,12.480073,37.870045,1,3680cnr
2025-07-08 15:34:00,12.480073,37.870045,1,3680cnr
2025-07-08 15:44:00,12.480073,37.870045,1,3680cnr
2025-07-08 15:54:00,12.480073,37.870045,1,3680cnr
2025-07-08 16:04:00,12.480073,37.870045,1,3680cnr
2025-07-08 16:14:00,12.480073,37.870045,1,3680cnr
2025-07-08 16:24:00,12.480073,37.870045,1,3680cnr
2025-07-08 16:34:00,12.480073,37.870045,1,3680cnr
2025-07-08 16:44:00,12.480073,37.870045,1,3680cnr
2025-07-08 16:54:00,12.480073,37.870045,1,3680cnr
2025-07-08 17:04:00,12.480073,37.870045,1,3680cnr
2025-07-08 17:14:00,12.480073,37.870045,1,3680cnr
2025-07-08 17:24:00,12.480073,37.870045,1,3680cnr
2025-07-08 17:34:00,12.480073,37.870045,1,3680cnr
2025-07-08 17:44:00,12.480073,37.870045,1,3680cnr
2025-07-08 17:54:00,12.480073,37.870045,1,3680cnr
2025-07-08 18:04:00,12.480073,37.870045,1,3680cnr
2025-07-08 18:14:00,12.480073,37.870045,1,3680cnr
2025-07-08 18:24:00,12.480073,37.870045,1,3680cnr
2025-07-08 18:34:00,12.480073,37.870045,1,3680cnr
2025-07-08 18:44:00,12.480073,37.870045,1,3680cnr
2025-07-08 18:54:00,12.480073,37.870045,1,3680cnr
2025-07-08 19:04:00,12.480073,37.870045,1,3680cnr
2025-07-08 19:14:00,12.480073,37.870045,1,3680cnr
2025-07-08 19:24:00,12.480073,37.870045,1,3680cnr
2025-07-08 19:34:00,12.480073,37.870045,1,3680cnr
2025-07-08 19:44:00,12.480073,37.870045,1,3680cnr
2025-07-08 19:54:00,12.480073,37.870045,1,3680cnr
2025-07-08 20:04:00,12.480073,37.870045,1,3680cnr
2025-07-08 20:14:00,12.480073,37.870045,1,3680cnr
2025-07-08 20:24:00,12.480073,37.870045,1,3680cnr
2025-07-08 20:34:00,12.480073,37.870045,1,3680cnr
2025-07-08 20:44:00,12.480073,37.870045,1,3680cnr
2025-07-08 20:54:00,12.480073,37.870045,1,3680cnr
2025-07-08 21:04:00,12.480073,37.870045,1,3680cnr
2025-07-08 21:14:00,12.480073,37.870045,1,3680cnr
2025-07-08 21:24:00,12.480073,37.870045,1,3680cnr
2025-07-08 21:34:00,12.480073,37.870045,1,3680cnr
2025-07-08 21:44:00,12.480073,37.870045,1,3680cnr
2025-07-08 21:54:00,12.480073,37.870045,1,3680cnr
2025-07-08 22:04:00,12.480073,37.870045,1,3680cnr
2025-07-08 22:14:00,12.480073,37.870045,1,3680cnr
2025-07-08 22:24:00,12.480073,37.870045,1,3680cnr
2025-07-08 22:34:00,12.480073,37.870045,1,3680cnr
2025-07-08 22:44:00,12.480073,37.870045,1,3680cnr
2025-07-08 22:54:00,12.480073,37.870045,1,3680cnr
2025-07-08 23:04:00,12.480073,37.870045,1,3680cnr
2025-07-08 23:14:00,12.480073,37.870045,1,3680cnr
2025-07-08 23:24:00,12.480073,37.870045,1,3680cnr
2025-07-08 23:34:00,12.480073,37.870045,1,3680cnr
2025-07-08 23:44:00,12.480073,37.870045,1,3680cnr
2025-07-08 23:54:00,12.480073,37.870045,1,3680cnr
2025-07-09 00:04:00,12.480073,37.870045,1,3680cnr
2025-07-09 00:14:00,12.480073,37.870045,1,3680cnr
2025-07-09 00:24:00,12.480073,37.870045,1,3680cnr
2025-07-09 00:34:00,12.480073,37.870045,1,3680cnr
2025-07-09 00:44:00,12.480073,37.870045,1,3680cnr
2025-07-09 00:54:00,12.480073,37.870045,1,3680cnr
2025-07-09 01:04:00,12.480073,37.870045,1,3680cnr
2025-07-09 01:14:00,12.480073,37.870045,1,3680cnr
2025-07-09 01:24:00,12.480073,37.870045,1,3680cnr
2025-07-09 01:34:00,12.480073,37.870045,1,3680cnr
2025-07-09 01:44:00,12.480073,37.870045,1,3680cnr
2025-07-09 01:54:00,12.480073,37.870045,1,3680cnr
2025-07-09 02:04:00,12.480073,37.870045,1,3680cnr
2025-07-09 02:14:00,12.480073,37.870045,1,3680cnr
2025-07-09 02:24:00,12.480073,37.870045,1,3680cnr
2025-07-09 02:34:00,12.480073,37.870045,1,3680cnr
2025-07-09 02:44:00,12.480073,37.870045,1,3680cnr
2025-07-09 02:54:00,12.480073,37.870045,1,3680cnr
2025-07-09 03:04:00,12.480073,37.870045,1,3680cnr
2025-07-09 03:14:00,12.480073,37.870045,1,3680cnr
2025-07-09 03:24:00,12.480073,37.870045,1,3680cnr
2025-07-09 03:34:00,12.480073,37.870045,1,3680cnr
2025-07-09 03:44:00,12.480073,37.870045,1,3680cnr
2025-07-09 03:54:00,12.480073,37.870045,1,3680cnr
2025-07-09 04:04:00,12.480073,37.870045,1,3680cnr
2025-07-09 04:14:00,12.480073,37.870045,1,3680cnr
2025-07-09 04:24:00,12.480073,37.870045,1,3680cnr
2025-07-09 04:34:00,12.480073,37.870045,1,3680cnr
2025-07-09 04:44:00,12.480073,37.870045,1,3680cnr
2025-07-09 04:54:00,12.480073,37.870045,1,3680cnr
2025-07-09 05:04:00,12.480073,37.870045,1,3680cnr
2025-07-09 05:14:00,12.480073,37.870045,1,3680cnr
2025-07-09 05:24:00,12.480073,37.870045,1,3680cnr
2025-07-09 05:34:00,12.480073,37.870045,1,3680cnr
2025-07-09 05:44:00,12.480073,37.870045,1,3680cnr
2025-07-09 05:54:00,12.480073,37.870045,1,3680cnr
2025-07-09 06:04:00,12.480073,37.870045,1,3680cnr
2025-07-09 06:14:00,12.480073,37.870045,1,3680cnr
2025-07-09 06:24:00,12.480407,37.869564,1,3680cnr
2025-07-09 06:34:00,12.480407,37.869564,1,3680cnr
2025-07-09 06:44:00,12.480407,37.869564,1,3680cnr
2025-07-09 06:54:00,12.480407,37.869564,1,3680cnr
2025-07-09 07:04:00,12.480407,37.869564,1,3680cnr
2025-07-09 07:14:00,12.480407,37.869564,1,3680cnr
2025-07-09 07:24:00,12.480407,37.869564,1,3680cnr
2025-07-09 07:34:00,12.480407,37.869564,1,3680cnr
2025-07-09 07:44:00,12.480407,37.869564,1,3680cnr
2025-07-09 07:54:00,12.480407,37.869564,1,3680cnr
2025-07-09 08:04:00,12.480407,37.869564,1,3680cnr
2025-07-09 08:14:00,12.480407,37.869564,1,3680cnr
2025-07-09 08:24:00,12.480407,37.869564,1,3680cnr
2025-07-09 08:34:00,12.480407,37.869564,1,3680cnr
2025-07-09 08:44:00,12.480407,37.869564,1,3680cnr
2025-07-09 08:54:00,12.480407,37.869564,1,3680cnr
2025-07-09 09:04:00,12.480407,37.869564,1,3680cnr
2025-07-09 09:14:00,12.480407,37.869564,1,3680cnr
2025-07-09 09:24:00,12.480407,37.869564,1,3680cnr
2025-07-09 09:34:00,12.480407,37.869564,1,3680cnr
2025-07-09 09:44:00,12.480407,37.869564,1,3680cnr
2025-07-09 09:54:00,12.480407,37.869564,1,3680cnr
2025-07-09 10:04:00,12.480407,37.869564,1,3680cnr
2025-07-09 10:14:00,12.480407,37.869564,1,3680cnr
2025-07-09 10:24:00,12.480407,37.869564,1,3680cnr
2025-07-09 10:34:00,12.480407,37.869564,1,3680cnr
2025-07-09 10:44:00,12.480407,37.869564,1,3680cnr
2025-07-09 10:54:00,12.480407,37.869564,1,3680cnr
2025-07-09 11:04:00,12.480407,37.869564,1,3680cnr
2025-07-09 11:14:00,12.480407,37.869564,1,3680cnr
2025-07-09 11:24:00,12.480407,37.869564,1,3680cnr
2025-07-09 11:34:00,12.480407,37.869564,1,3680cnr
2025-07-09 11:44:00,12.480407,37.869564,1,3680cnr
2025-07-09 11:54:00,12.480407,37.869564,1,3680cnr
2025-07-09 12:04:00,12.480407,37.869564,1,3680cnr
2025-07-09 12:14:00,12.480407,37.869564,1,3680cnr
2025-07-09 12:24:00,12.480407,37.869564,1,3680cnr
2025-07-09 12:34:00,12.480407,37.869564,1,3680cnr
2025-07-09 12:44:00,12.480407,37.869564,1,3680cnr
2025-07-09 12:54:00,12.480407,37.869564,1,3680cnr
2025-07-09 13:04:00,12.480407,37.869564,1,3680cnr
2025-07-09 13:14:00,12.480407,37.869564,1,3680cnr
2025-07-09 13:24:00,12.480407,37.869564,1,3680cnr
2025-07-09 13:34:00,12.480407,37.869564,1,3680cnr
2025-07-09 13:44:00,12.480407,37.869564,1,3680cnr
2025-07-09 13:54:00,12.480407,37.869564,1,3680cnr
2025-07-09 14:04:00,12.480407,37.869564,1,3680cnr
2025-07-09 14:14:00,12.480407,37.869564,1,3680cnr
2025-07-09 14:24:00,12.480407,37.869564,1,3680cnr
2025-07-09 14:34:00,12.480407,37.869564,1,3680cnr
2025-07-09 14:44:00,12.480407,37.869564,1,3680cnr
2025-07-09 14:54:00,12.480407,37.869564,1,3680cnr
2025-07-09 15:04:00,12.480407,37.869564,1,3680cnr
2025-07-09 15:14:00,12.480407,37.869564,1,3680cnr
2025-07-09 15:24:00,12.480407,37.869564,1,3680cnr
2025-07-09 15:34:00,12.480407,37.869564,1,3680cnr
2025-07-09 15:44:00,12.480407,37.869564,1,3680cnr
2025-07-09 15:54:00,12.480407,37.869564,1,3680cnr
2025-07-09 16:04:00,12.480407,37.869564,1,3680cnr
2025-07-09 16:14:00,12.480407,37.869564,1,3680cnr
2025-07-09 16:24:00,12.480407,37.869564,1,3680cnr
2025-07-09 16:34:00,12.480407,37.869564,1,3680cnr
2025-07-09 16:44:00,12.480407,37.869564,1,3680cnr
2025-07-09 16:54:00,12.480407,37.869564,1,3680cnr
2025-07-09 17:04:00,12.480407,37.869564,1,3680cnr
2025-07-09 17:14:00,12.480407,37.869564,1,3680cnr
2025-07-09 17:24:00,12.480337,37.86904,1,3680cnr
2025-07-09 17:34:00,12.480337,37.86904,1,3680cnr
2025-07-09 17:44:00,12.480337,37.86904,1,3680cnr
2025-07-09 17:54:00,12.480337,37.86904,1,3680cnr
2025-07-09 18:04:00,12.480337,37.86904,1,3680cnr
2025-07-09 18:14:00,12.480337,37.86904,1,3680cnr
2025-07-09 18:24:00,12.480337,37.86904,1,3680cnr
2025-07-09 18:34:00,12.480337,37.86904,1,3680cnr
2025-07-09 18:44:00,12.480337,37.86904,1,3680cnr
2025-07-09 18:54:00,12.480337,37.86904,1,3680cnr
2025-07-09 19:04:00,12.480337,37.86904,1,3680cnr
2025-07-09 19:14:00,12.480337,37.86904,1,3680cnr
2025-07-09 19:24:00,12.480337,37.86904,1,3680cnr
2025-07-09 19:34:00,12.480337,37.86904,1,3680cnr
2025-07-09 19:44:00,12.480337,37.86904,1,3680cnr
2025-07-09 19:54:00,12.480337,37.86904,1,3680cnr
2025-07-09 20:04:00,12.480337,37.86904,1,3680cnr
2025-07-09 20:14:00,12.480337,37.86904,1,3680cnr
2025-07-09 20:24:00,12.480337,37.86904,1,3680cnr
2025-07-09 20:34:00,12.480337,37.86904,1,3680cnr
2025-07-09 20:44:00,12.480337,37.86904,1,3680cnr
2025-07-09 20:54:00,12.480337,37.86904,1,3680cnr
2025-07-09 21:04:00,12.480337,37.86904,1,3680cnr
2025-07-09 21:14:00,12.480337,37.86904,1,3680cnr
2025-07-09 21:24:00,12.480337,37.86904,1,3680cnr
2025-07-09 21:34:00,12.480337,37.86904,1,3680cnr
2025-07-09 21:44:00,12.480337,37.86904,1,3680cnr
2025-07-09 21:54:00,12.480337,37.86904,1,3680cnr
2025-07-09 22:04:00,12.480337,37.86904,1,3680cnr
2025-07-09 22:14:00,12.480337,37.86904,1,3680cnr
2025-07-09 22:24:00,12.480337,37.86904,1,3680cnr
2025-07-09 22:34:00,12.480337,37.86904,1,3680cnr
2025-07-09 22:44:00,12.480337,37.86904,1,3680cnr
2025-07-09 22:54:00,12.480337,37.86904,1,3680cnr
2025-07-09 23:04:00,12.480337,37.86904,1,3680cnr
2025-07-09 23:14:00,12.480337,37.86904,1,3680cnr
2025-07-09 23:24:00,12.480337,37.86904,1,3680cnr
2025-07-09 23:34:00,12.480337,37.86904,1,3680cnr
2025-07-09 23:44:00,12.480337,37.86904,1,3680cnr
2025-07-09 23:54:00,12.480337,37.86904,1,3680cnr
2025-07-10 00:04:00,12.480337,37.86904,1,3680cnr
2025-07-08 07:44:00,12.45682,37.86798,2,1520
2025-07-08 07:54:00,12.457267,37.86807,2,1520
2025-07-08 08:04:00,12.457734,37.868176,2,1520
2025-07-08 08:14:00,12.458212,37.86828,2,1520
2025-07-08 08:24:00,12.458691,37.86836,2,1520
2025-07-08 08:34:00,12.459171,37.86841,2,1520
2025-07-08 08:44:00,12.459656,37.86843,2,1520
2025-07-08 08:54:00,12.460145,37.868427,2,1520
2025-07-08 09:04:00,12.460649,37.868397,2,1520
2025-07-08 09:14:00,12.461193,37.868343,2,1520
2025-07-08 09:24:00,12.46179,37.868267,2,1520
2025-07-08 09:34:00,12.46179,37.868267,2,1520
2025-07-08 09:44:00,12.46179,37.868267,2,1520
2025-07-08 09:54:00,12.46179,37.868267,2,1520
2025-07-08 10:04:00,12.46179,37.868267,2,1520
2025-07-08 10:14:00,12.46179,37.868267,2,1520
2025-07-08 10:24:00,12.46179,37.868267,2,1520
2025-07-08 10:34:00,12.46179,37.868267,2,1520
2025-07-08 10:44:00,12.46179,37.868267,2,1520
2025-07-08 10:54:00,12.46179,37.868267,2,1520
2025-07-08 11:04:00,12.46179,37.868267,2,1520
2025-07-08 11:14:00,12.46179,37.868267,2,1520
2025-07-08 11:24:00,12.46179,37.868267,2,1520
2025-07-08 11:34:00,12.46179,37.868267,2,1520
2025-07-08 11:44:00,12.462067,37.86817,2,1520
2025-07-08 11:54:00,12.462067,37.86817,2,1520
2025-07-08 12:04:00,12.462067,37.86817,2,1520
2025-07-08 12:14:00,12.462067,37.86817,2,1520
2025-07-08 12:24:00,12.462067,37.86817,2,1520
2025-07-08 12:34:00,12.462067,37.86817,2,1520
2025-07-08 12:44:00,12.462067,37.86817,2,1520
2025-07-08 12:54:00,12.462067,37.86817,2,1520
2025-07-08 13:04:00,12.462067,37.86817,2,1520
2025-07-08 13:14:00,12.462067,37.86817,2,1520
2025-07-08 13:24:00,12.462067,37.86817,2,1520
2025-07-08 13:34:00,12.462067,37.86817,2,1520
2025-07-08 13:44:00,12.462067,37.86817,2,1520
2025-07-08 13:54:00,12.462067,37.86817,2,1520
2025-07-08 14:04:00,12.462067,37.86817,2,1520
2025-07-08 14:14:00,12.462067,37.86817,2,1520
2025-07-08 14:24:00,12.462067,37.86817,2,1520
2025-07-08 14:34:00,12.462067,37.86817,2,1520
2025-07-08 14:44:00,12.462067,37.86817,2,1520
2025-07-08 14:54:00,12.462067,37.86817,2,1520
2025-07-08 15:04:00,12.462067,37.86817,2,1520
2025-07-08 15:14:00,12.462067,37.86817,2,1520
2025-07-08 15:24:00,12.462067,37.86817,2,1520
2025-07-08 15:34:00,12.462067,37.86817,2,1520
2025-07-08 15:44:00,12.462067,37.86817,2,1520
2025-07-08 15:54:00,12.462067,37.86817,2,1520
2025-07-08 16:04:00,12.462067,37.86817,2,1520
2025-07-08 16:14:00,12.462067,37.86817,2,1520
2025-07-08 16:24:00,12.462067,37.86817,2,1520
2025-07-08 16:34:00,12.462067,37.86817,2,1520
2025-07-08 16:44:00,12.462067,37.86817,2,1520
2025-07-08 16:54:00,12.462067,37.86817,2,1520
2025-07-08 17:04:00,12.462067,37.86817,2,1520
2025-07-08 17:14:00,12.462067,37.86817,2,1520
2025-07-08 17:24:00,12.462067,37.86817,2,1520
2025-07-08 17:34:00,12.462067,37.86817,2,1520
2025-07-08 17:44:00,12.462067,37.86817,2,1520
2025-07-08 17:54:00,12.462067,37.86817,2,1520
2025-07-08 18:04:00,12.462067,37.86817,2,1520
2025-07-08 18:14:00,12.462067,37.86817,2,1520
2025-07-08 18:24:00,12.462067,37.86817,2,1520
2025-07-08 18:34:00,12.462067,37.86817,2,1520
2025-07-08 18:44:00,12.462067,37.86817,2,1520
2025-07-08 18:54:00,12.462067,37.86817,2,1520
2025-07-08 19:04:00,12.462067,37.86817,2,1520
2025-07-08 19:14:00,12.462067,37.86817,2,1520
2025-07-08 19:24:00,12.462067,37.86817,2,1520
2025-07-08 19:34:00,12.462067,37.86817,2,1520
2025-07-08 19:44:00,12.462067,37.86817,2,1520
2025-07-08 19:54:00,12.462067,37.86817,2,1520
2025-07-08 20:04:00,12.462067,37.86817,2,1520
2025-07-08 20:14:00,12.462067,37.86817,2,1520
2025-07-08 20:24:00,12.462067,37.86817,2,1520
2025-07-08 20:34:00,12.462067,37.86817,2,1520
2025-07-08 20:44:00,12.462067,37.86817,2,1520
2025-07-08 20:54:00,12.462067,37.86817,2,1520
2025-07-08 21:04:00,12.462067,37.86817,2,1520
2025-07-08 21:14:00,12.462067,37.86817,2,1520
2025-07-08 21:24:00,12.462067,37.86817,2,1520
2025-07-08 21:34:00,12.462067,37.86817,2,1520
2025-07-08 21:44:00,12.462067,37.86817,2,1520
2025-07-08 21:54:00,12.462067,37.86817,2,1520
2025-07-08 22:04:00,12.462067,37.86817,2,1520
2025-07-08 22:14:00,12.462067,37.86817,2,1520
2025-07-08 22:24:00,12.462067,37.86817,2,1520
2025-07-08 22:34:00,12.462067,37.86817,2,1520
2025-07-08 22:44:00,12.462067,37.86817,2,1520
2025-07-08 22:54:00,12.462067,37.86817,2,1520
2025-07-08 23:04:00,12.462067,37.86817,2,1520
2025-07-08 23:14:00,12.462067,37.86817,2,1520
2025-07-08 23:24:00,12.462067,37.86817,2,1520
2025-07-08 23:34:00,12.462067,37.86817,2,1520
2025-07-08 23:44:00,12.462067,37.86817,2,1520
2025-07-08 23:54:00,12.462067,37.86817,2,1520
2025-07-09 00:04:00,12.462067,37.86817,2,1520
2025-07-09 00:14:00,12.462067,37.86817,2,1520
2025-07-09 00:24:00,12.462067,37.86817,2,1520
2025-07-09 00:34:00,12.462067,37.86817,2,1520
2025-07-09 00:44:00,12.462067,37.86817,2,1520
2025-07-09 00:54:00,12.462067,37.86817,2,1520
2025-07-09 01:04:00,12.462067,37.86817,2,1520
2025-07-09 01:14:00,12.462067,37.86817,2,1520
2025-07-09 01:24:00,12.462067,37.86817,2,1520
2025-07-09 01:34:00,12.462067,37.86817,2,1520
2025-07-09 01:44:00,12.462067,37.86817,2,1520
2025-07-09 01:54:00,12.462067,37.86817,2,1520
2025-07-09 02:04:00,12.462067,37.86817,2,1520
2025-07-09 02:14:00,12.462067,37.86817,2,1520
2025-07-09 02:24:00,12.462067,37.86817,2,1520
2025-07-09 02:34:00,12.462067,37.86817,2,1520
2025-07-09 02:44:00,12.462067,37.86817,2,1520
2025-07-09 02:54:00,12.462067,37.86817,2,1520
2025-07-09 03:04:00,12.462067,37.86817,2,1520
2025-07-09 03:14:00,12.462067,37.86817,2,1520
2025-07-09 03:24:00,12.462067,37.86817,2,1520
2025-07-09 03:34:00,12.462067,37.86817,2,1520
2025-07-09 03:44:00,12.462067,37.86817,2,1520
2025-07-09 03:54:00,12.462067,37.86817,2,1520
2025-07-09 04:04:00,12.462067,37.86817,2,1520
2025-07-09 04:14:00,12.462067,37.86817,2,1520
2025-07-09 04:24:00,12.462067,37.86817,2,1520
2025-07-09 04:34:00,12.462067,37.86817,2,1520
2025-07-09 04:44:00,12.462067,37.86817,2,1520
2025-07-09 04:54:00,12.462067,37.86817,2,1520
2025-07-09 05:04:00,12.462067,37.86817,2,1520
2025-07-09 05:14:00,12.462067,37.86817,2,1520
2025-07-09 05:24:00,12.462067,37.86817,2,1520
2025-07-09 05:34:00,12.462067,37.86817,2,1520
2025-07-09 05:44:00,12.462067,37.86817,2,1520
2025-07-09 05:54:00,12.462067,37.86817,2,1520
2025-07-09 06:04:00,12.462067,37.86817,2,1520
2025-07-09 06:14:00,12.462067,37.86817,2,1520
2025-07-09 06:24:00,12.462067,37.86817,2,1520
2025-07-09 06:34:00,12.462067,37.86817,2,1520
2025-07-09 06:44:00,12.462067,37.86817,2,1520
2025-07-09 06:54:00,12.462067,37.86817,2,1520
2025-07-09 07:04:00,12.462067,37.86817,2,1520
2025-07-09 07:14:00,12.462067,37.86817,2,1520
2025-07-09 07:24:00,12.462067,37.86817,2,1520
2025-07-09 07:34:00,12.462067,37.86817,2,1520
2025-07-09 07:44:00,12.462067,37.86817,2,1520
2025-07-09 07:54:00,12.462067,37.86817,2,1520
2025-07-09 08:04:00,12.462067,37.86817,2,1520
2025-07-09 08:14:00,12.462067,37.86817,2,1520
2025-07-09 08:24:00,12.462067,37.86817,2,1520
2025-07-09 08:34:00,12.462067,37.86817,2,1520
2025-07-09 08:44:00,12.462067,37.86817,2,1520
2025-07-09 08:54:00,12.462067,37.86817,2,1520
2025-07-09 09:04:00,12.462067,37.86817,2,1520
2025-07-09 09:14:00,12.462067,37.86817,2,1520
2025-07-09 09:24:00,12.462067,37.86817,2,1520
2025-07-09 09:34:00,12.462067,37.86817,2,1520
2025-07-09 09:44:00,12.462067,37.86817,2,1520
2025-07-09 09:54:00,12.462067,37.86817,2,1520
2025-07-09 10:04:00,12.462067,37.86817,2,1520
2025-07-09 10:14:00,12.462067,37.86817,2,1520
2025-07-09 10:24:00,12.462067,37.86817,2,1520
2025-07-09 10:34:00,12.462067,37.86817,2,1520
2025-07-09 10:44:00,12.462067,37.86817,2,1520
2025-07-09 10:54:00,12.462067,37.86817,2,1520
2025-07-09 11:04:00,12.462067,37.86817,2,1520
2025-07-09 11:14:00,12.462067,37.86817,2,1520
2025-07-09 11:24:00,12.462067,37.86817,2,1520
2025-07-09 11:34:00,12.462067,37.86817,2,1520
2025-07-09 11:44:00,12.462067,37.86817,2,1520
2025-07-09 11:54:00,12.462067,37.86817,2,1520
2025-07-09 12:04:00,12.462067,37.86817,2,1520
2025-07-09 12:14:00,12.462067,37.86817,2,1520
2025-07-09 12:24:00,12.462067,37.86817,2,1520
2025-07-09 12:34:00,12.462067,37.86817,2,1520
2025-07-09 12:44:00,12.462067,37.86817,2,1520
2025-07-09 12:54:00,12.462067,37.86817,2,1520
2025-07-09 13:04:00,12.462067,37.86817,2,1520
2025-07-09 13:14:00,12.462067,37.86817,2,1520
2025-07-09 13:24:00,12.462067,37.86817,2,1520
2025-07-09 13:34:00,12.462067,37.86817,2,1520
2025-07-09 13:44:00,12.462067,37.86817,2,1520
2025-07-09 13:54:00,12.462067,37.86817,2,1520
2025-07-09 14:04:00,12.462067,37.86817,2,1520
2025-07-09 14:14:00,12.462067,37.86817,2,1520
2025-07-09 14:24:00,12.462067,37.86817,2,1520
2025-07-09 14:34:00,12.462067,37.86817,2,1520
2025-07-09 14:44:00,12.462056,37.867466,2,1520
2025-07-09 14:54:00,12.461922,37.866123,2,1520
2025-07-09 15:04:00,12.461625,37.864906,2,1520
2025-07-09 15:14:00,12.4612465,37.863808,2,1520
2025-07-09 15:24:00,12.460869,37.862774,2,1520
2025-07-09 15:34:00,12.460573,37.861755,2,1520
2025-07-09 15:44:00,12.460401,37.860752,2,1520
2025-07-09 15:54:00,12.460377,37.859768,2,1520
2025-07-09 16:04:00,12.460439,37.85882,2,1520
2025-07-09 16:14:00,12.460521,37.857914,2,1520
2025-07-09 16:24:00,12.460596,37.857044,2,1520
2025-07-09 16:34:00,12.460619,37.856205,2,1520
2025-07-09 16:44:00,12.460594,37.855392,2,1520
2025-07-09 16:54:00,12.460538,37.85461,2,1520
2025-07-09 17:04:00,12.460455,37.85385,2,1520
2025-07-09 17:14:00,12.460341,37.853127,2,1520
2025-07-09 17:24:00,12.4602,37.852425,2,1520
2025-07-09 17:34:00,12.460023,37.851753,2,1520
2025-07-09 17:44:00,12.459844,37.85111,2,1520
2025-07-09 17:54:00,12.459696,37.8505,2,1520
2025-07-09 18:04:00,12.459568,37.849907,2,1520
2025-07-09 18:14:00,12.45944,37.8493,2,1520
2025-07-09 18:24:00,12.459292,37.848656,2,1520
2025-07-09 18:34:00,12.459121,37.84796,2,1520
2025-07-09 18:44:00,12.458898,37.847164,2,1520
2025-07-09 18:54:00,12.458599,37.84625,2,1520
2025-07-09 19:04:00,12.458234,37.845226,2,1520
2025-07-09 19:14:00,12.457845,37.84412,2,1520
2025-07-09 19:24:00,12.457453,37.842964,2,1520
2025-07-09 19:34:00,12.457082,37.841835,2,1520
2025-07-09 19:44:00,12.456733,37.840717,2,1520
2025-07-09 19:54:00,12.456397,37.8396,2,1520
2025-07-09 20:04:00,12.456084,37.838516,2,1520
2025-07-09 20:14:00,12.455793,37.83749,2,1520
2025-07-09 20:24:00,12.455523,37.83653,2,1520
2025-07-09 20:34:00,12.455265,37.835625,2,1520
2025-07-09 20:44:00,12.455016,37.83475,2,1520
2025-07-09 20:54:00,12.454774,37.833897,2,1520
2025-07-09 21:04:00,12.454541,37.833057,2,1520
2025-07-09 21:14:00,12.454311,37.83221,2,1520
2025-07-09 21:24:00,12.454072,37.83135,2,1520
2025-07-09 21:34:00,12.4537945,37.830475,2,1520
2025-07-09 21:44:00,12.453483,37.8296,2,1520
2025-07-09 21:54:00,12.453162,37.828747,2,1520
2025-07-09 22:04:00,12.45284,37.82791,2,1520
2025-07-09 22:14:00,12.452533,37.8271,2,1520
2025-07-09 22:24:00,12.452236,37.82631,2,1520
2025-07-09 22:34:00,12.451948,37.82554,2,1520
2025-07-09 22:44:00,12.451659,37.824802,2,1520
2025-07-09 22:54:00,12.451366,37.8241,2,1520
2025-07-09 23:04:00,12.451071,37.823433,2,1520
2025-07-09 23:14:00,12.4507885,37.822807,2,1520
2025-07-09 23:24:00,12.450521,37.82222,2,1520
2025-07-09 23:34:00,12.45027,37.82167,2,1520
2025-07-09 23:44:00,12.450043,37.82115,2,1520
2025-07-09 23:54:00,12.4498415,37.820663,2,1520
2025-07-10 00:04:00,12.44978,37.820213,2,1520
2025-07-08 07:54:00,12.457195,37.868156,2,540
2025-07-08 08:04:00,12.457662,37.86826,2,540
2025-07-08 08:14:00,12.4581375,37.868362,2,540
2025-07-08 08:24:00,12.458617,37.868443,2,540
2025-07-08 08:34:00,12.459097,37.868492,2,540
2025-07-08 08:44:00,12.45958,37.86851,2,540
2025-07-08 08:54:00,12.460069,37.868507,2,540
2025-07-08 09:04:00,12.460567,37.868477,2,540
2025-07-08 09:14:00,12.461103,37.868423,2,540
2025-07-08 09:24:00,12.46169,37.868343,2,540
2025-07-08 09:34:00,12.462005,37.868298,2,540
2025-07-08 09:44:00,12.462005,37.868298,2,540
2025-07-08 09:54:00,12.462005,37.868298,2,540
2025-07-08 10:04:00,12.462005,37.868298,2,540
2025-07-08 10:14:00,12.462005,37.868298,2,540
2025-07-08 10:24:00,12.462005,37.868298,2,540
2025-07-08 10:34:00,12.462005,37.868298,2,540
2025-07-08 10:44:00,12.462005,37.868298,2,540
2025-07-08 10:54:00,12.462005,37.868298,2,540
2025-07-08 11:04:00,12.462005,37.868298,2,540
2025-07-08 11:14:00,12.462005,37.868298,2,540
2025-07-08 11:24:00,12.462005,37.868298,2,540
2025-07-08 11:34:00,12.462005,37.868298,2,540
2025-07-08 11:44:00,12.462005,37.868298,2,540
2025-07-08 11:54:00,12.462005,37.868298,2,540
2025-07-08 12:04:00,12.462005,37.868298,2,540
2025-07-08 12:14:00,12.462005,37.868298,2,540
2025-07-08 12:24:00,12.462005,37.868298,2,540
2025-07-08 12:34:00,12.462005,37.868298,2,540
2025-07-08 12:44:00,12.462005,37.868298,2,540
2025-07-08 12:54:00,12.462005,37.868298,2,540
2025-07-08 13:04:00,12.462005,37.868298,2,540
2025-07-08 13:14:00,12.462005,37.868298,2,540
2025-07-08 13:24:00,12.462005,37.868298,2,540
2025-07-08 13:34:00,12.462005,37.868298,2,540
2025-07-08 13:44:00,12.462005,37.868298,2,540
2025-07-08 13:54:00,12.462005,37.868298,2,540
2025-07-08 14:04:00,12.462005,37.868298,2,540
2025-07-08 14:14:00,12.462005,37.868298,2,540
2025-07-08 14:24:00,12.462005,37.868298,2,540
2025-07-08 14:34:00,12.462005,37.868298,2,540
2025-07-08 14:44:00,12.462005,37.868298,2,540
2025-07-08 14:54:00,12.462005,37.868298,2,540
2025-07-08 15:04:00,12.462005,37.868298,2,540
2025-07-08 15:14:00,12.462005,37.868298,2,540
2025-07-08 15:24:00,12.462005,37.868298,2,540
2025-07-08 15:34:00,12.462005,37.868298,2,540
2025-07-08 15:44:00,12.462005,37.868298,2,540
2025-07-08 15:54:00,12.462005,37.868298,2,540
2025-07-08 16:04:00,12.462005,37.868298,2,540
2025-07-08 16:14:00,12.462005,37.868298,2,540
2025-07-08 16:24:00,12.462005,37.868298,2,540
2025-07-08 16:34:00,12.462005,37.868298,2,540
2025-07-08 16:44:00,12.462005,37.868298,2,540
2025-07-08 16:54:00,12.462005,37.868298,2,540
2025-07-08 17:04:00,12.462005,37.868298,2,540
2025-07-08 17:14:00,12.462005,37.868298,2,540
2025-07-08 17:24:00,12.462005,37.868298,2,540
2025-07-08 17:34:00,12.462005,37.868298,2,540
2025-07-08 17:44:00,12.462005,37.868298,2,540
2025-07-08 17:54:00,12.462005,37.868298,2,540
2025-07-08 18:04:00,12.462005,37.868298,2,540
2025-07-08 18:14:00,12.462005,37.868298,2,540
2025-07-08 18:24:00,12.462005,37.868298,2,540
2025-07-08 18:34:00,12.462005,37.868298,2,540
2025-07-08 18:44:00,12.462005,37.868298,2,540
2025-07-08 18:54:00,12.462005,37.868298,2,540
2025-07-08 19:04:00,12.462005,37.868298,2,540
2025-07-08 19:14:00,12.462005,37.868298,2,540
2025-07-08 19:24:00,12.462005,37.868298,2,540
2025-07-08 19:34:00,12.462005,37.868298,2,540
2025-07-08 19:44:00,12.462005,37.868298,2,540
2025-07-08 19:54:00,12.462005,37.868298,2,540
2025-07-08 20:04:00,12.462005,37.868298,2,540
2025-07-08 20:14:00,12.462005,37.868298,2,540
2025-07-08 20:24:00,12.462005,37.868298,2,540
2025-07-08 20:34:00,12.462005,37.868298,2,540
2025-07-08 20:44:00,12.462005,37.868298,2,540
2025-07-08 20:54:00,12.462005,37.868298,2,540
2025-07-08 21:04:00,12.462005,37.868298,2,540
2025-07-08 21:14:00,12.462005,37.868298,2,540
2025-07-08 21:24:00,12.462005,37.868298,2,540
2025-07-08 21:34:00,12.462005,37.868298,2,540
2025-07-08 21:44:00,12.462005,37.868298,2,540
2025-07-08 21:54:00,12.462005,37.868298,2,540
2025-07-08 22:04:00,12.462005,37.868298,2,540
2025-07-08 22:14:00,12.462005,37.868298,2,540
2025-07-08 22:24:00,12.462005,37.868298,2,540
2025-07-08 22:34:00,12.462005,37.868298,2,540
2025-07-08 22:44:00,12.462005,37.868298,2,540
2025-07-08 22:54:00,12.462005,37.868298,2,540
2025-07-08 23:04:00,12.462005,37.868298,2,540
2025-07-08 23:14:00,12.462005,37.868298,2,540
2025-07-08 23:24:00,12.462005,37.868298,2,540
2025-07-08 23:34:00,12.462005,37.868298,2,540
2025-07-08 23:44:00,12.462005,37.868298,2,540
2025-07-08 23:54:00,12.462005,37.868298,2,540
2025-07-09 00:04:00,12.462005,37.868298,2,540
2025-07-09 00:14:00,12.462005,37.868298,2,540
2025-07-09 00:24:00,12.462005,37.868298,2,540
2025-07-09 00:34:00,12.462005,37.868298,2,540
2025-07-09 00:44:00,12.462005,37.868298,2,540
2025-07-09 00:54:00,12.462005,37.868298,2,540
2025-07-09 01:04:00,12.462005,37.868298,2,540
2025-07-09 01:14:00,12.462005,37.868298,2,540
2025-07-09 01:24:00,12.462005,37.868298,2,540
2025-07-09 01:34:00,12.462005,37.868298,2,540
2025-07-09 01:44:00,12.462005,37.868298,2,540
2025-07-09 01:54:00,12.462005,37.868298,2,540
2025-07-09 02:04:00,12.462005,37.868298,2,540
2025-07-09 02:14:00,12.462005,37.868298,2,540
2025-07-09 02:24:00,12.462005,37.868298,2,540
2025-07-09 02:34:00,12.462005,37.868298,2,540
2025-07-09 02:44:00,12.462005,37.868298,2,540
2025-07-09 02:54:00,12.462005,37.868298,2,540
2025-07-09 03:04:00,12.462005,37.868298,2,540
2025-07-09 03:14:00,12.462005,37.868298,2,540
2025-07-09 03:24:00,12.462005,37.868298,2,540
2025-07-09 03:34:00,12.462005,37.868298,2,540
2025-07-09 03:44:00,12.462005,37.868298,2,540
2025-07-09 03:54:00,12.462005,37.868298,2,540
2025-07-09 04:04:00,12.462005,37.868298,2,540
2025-07-09 04:14:00,12.462005,37.868298,2,540
2025-07-09 04:24:00,12.462005,37.868298,2,540
2025-07-09 04:34:00,12.462005,37.868298,2,540
2025-07-09 04:44:00,12.462005,37.868298,2,540
2025-07-09 04:54:00,12.462005,37.868298,2,540
2025-07-09 05:04:00,12.462005,37.868298,2,540
2025-07-09 05:14:00,12.462005,37.868298,2,540
2025-07-09 05:24:00,12.462005,37.868298,2,540
2025-07-09 05:34:00,12.462005,37.868298,2,540
2025-07-09 05:44:00,12.462005,37.868298,2,540
2025-07-09 05:54:00,12.462005,37.868298,2,540
2025-07-09 06:04:00,12.462005,37.868298,2,540
2025-07-09 06:14:00,12.462005,37.868298,2,540
2025-07-09 06:24:00,12.462005,37.868298,2,540
2025-07-09 06:34:00,12.462005,37.868298,2,540
2025-07-09 06:44:00,12.462005,37.868298,2,540
2025-07-09 06:54:00,12.462005,37.868298,2,540
2025-07-09 07:04:00,12.462005,37.868298,2,540
2025-07-09 07:14:00,12.462005,37.868298,2,540
2025-07-09 07:24:00,12.462005,37.868298,2,540
2025-07-09 07:34:00,12.462005,37.868298,2,540
2025-07-09 07:44:00,12.462005,37.868298,2,540
2025-07-09 07:54:00,12.462005,37.868298,2,540
2025-07-09 08:04:00,12.462005,37.868298,2,540
2025-07-09 08:14:00,12.462005,37.868298,2,540
2025-07-09 08:24:00,12.462005,37.868298,2,540
2025-07-09 08:34:00,12.462005,37.868298,2,540
2025-07-09 08:44:00,12.462005,37.868298,2,540
2025-07-09 08:54:00,12.462005,37.868298,2,540
2025-07-09 09:04:00,12.462005,37.868298,2,540
2025-07-09 09:14:00,12.462005,37.868298,2,540
2025-07-09 09:24:00,12.462005,37.868298,2,540
2025-07-09 09:34:00,12.462005,37.868298,2,540
2025-07-09 09:44:00,12.462005,37.868298,2,540
2025-07-09 09:54:00,12.462005,37.868298,2,540
2025-07-09 10:04:00,12.462005,37.868298,2,540
2025-07-09 10:14:00,12.462005,37.868298,2,540
2025-07-09 10:24:00,12.462005,37.868298,2,540
2025-07-09 10:34:00,12.462005,37.868298,2,540
2025-07-09 10:44:00,12.462005,37.868298,2,540
2025-07-09 10:54:00,12.462005,37.868298,2,540
2025-07-09 11:04:00,12.462005,37.868298,2,540
2025-07-09 11:14:00,12.462005,37.868298,2,540
2025-07-09 11:24:00,12.462005,37.868298,2,540
2025-07-09 11:34:00,12.462005,37.868298,2,540
2025-07-09 11:44:00,12.462005,37.868298,2,540
2025-07-09 11:54:00,12.462005,37.868298,2,540
2025-07-09 12:04:00,12.462005,37.868298,2,540
2025-07-09 12:14:00,12.462005,37.868298,2,540
2025-07-09 12:24:00,12.462005,37.868298,2,540
2025-07-09 12:34:00,12.462005,37.868298,2,540
2025-07-09 12:44:00,12.462005,37.868298,2,540
2025-07-09 12:54:00,12.462005,37.868298,2,540
2025-07-09 13:04:00,12.462005,37.868298,2,540
2025-07-09 13:14:00,12.462005,37.868298,2,540
2025-07-09 13:24:00,12.462005,37.868298,2,540
2025-07-09 13:34:00,12.462005,37.868298,2,540
2025-07-09 13:44:00,12.462005,37.868298,2,540
2025-07-09 13:54:00,12.462005,37.868298,2,540
2025-07-09 14:04:00,12.462005,37.868298,2,540
2025-07-09 14:14:00,12.462083,37.866997,2,540
2025-07-09 14:24:00,12.46203,37.865746,2,540
2025-07-09 14:34:00,12.461855,37.86458,2,540
2025-07-09 14:44:00,12.461582,37.863495,2,540
2025-07-09 14:54:00,12.461293,37.86243,2,540
2025-07-09 15:04:00,12.461037,37.86135,2,540
2025-07-09 15:14:00,12.460904,37.860264,2,540
2025-07-09 15:24:00,12.460908,37.859188,2,540
2025-07-09 15:34:00,12.460955,37.858135,2,540
2025-07-09 15:44:00,12.461011,37.85713,2,540
2025-07-09 15:54:00,12.461021,37.856174,2,540
2025-07-09 16:04:00,12.460983,37.85528,2,540
2025-07-09 16:14:00,12.46091,37.854454,2,540
2025-07-09 16:24:00,12.460812,37.853687,2,540
2025-07-09 16:34:00,12.46072,37.85297,2,540
2025-07-09 16:44:00,12.460642,37.852276,2,540
2025-07-09 16:54:00,12.46057,37.8516,2,540
2025-07-09 17:04:00,12.460546,37.850967,2,540
2025-07-09 17:14:00,12.460558,37.85039,2,540
2025-07-09 17:24:00,12.460591,37.84986,2,540
2025-07-09 17:34:00,12.460621,37.84936,2,540
2025-07-09 17:44:00,12.460619,37.848866,2,540
2025-07-09 17:54:00,12.460585,37.848362,2,540
2025-07-09 18:04:00,12.460517,37.847843,2,540
2025-07-09 18:14:00,12.460409,37.84728,2,540
2025-07-09 18:24:00,12.460256,37.846645,2,540
2025-07-09 18:34:00,12.460056,37.845943,2,540
2025-07-09 18:44:00,12.459809,37.845135,2,540
2025-07-09 18:54:00,12.459524,37.84423,2,540
2025-07-09 19:04:00,12.459199,37.843246,2,540
2025-07-09 19:14:00,12.458868,37.84223,2,540
2025-07-09 19:24:00,12.458562,37.841213,2,540
2025-07-09 19:34:00,12.458272,37.84017,2,540
2025-07-09 19:44:00,12.458008,37.839108,2,540
2025-07-09 19:54:00,12.457781,37.83808,2,540
2025-07-09 20:04:00,12.457588,37.837097,2,540
2025-07-09 20:14:00,12.4574,37.83615,2,540
2025-07-09 20:24:00,12.457217,37.835255,2,540
2025-07-09 20:34:00,12.457027,37.834396,2,540
2025-07-09 20:44:00,12.456836,37.83357,2,540
2025-07-09 20:54:00,12.456648,37.832764,2,540
2025-07-09 21:04:00,12.456461,37.83199,2,540
2025-07-09 21:14:00,12.456263,37.831215,2,540
2025-07-09 21:24:00,12.456051,37.830437,2,540
2025-07-09 21:34:00,12.455824,37.829647,2,540
2025-07-09 21:44:00,12.455593,37.828854,2,540
2025-07-09 21:54:00,12.45536,37.828053,2,540
2025-07-09 22:04:00,12.455128,37.82726,2,540
2025-07-09 22:14:00,12.454919,37.82648,2,540
2025-07-09 22:24:00,12.4547415,37.82573,2,540
2025-07-09 22:34:00,12.454597,37.825,2,540
2025-07-09 22:44:00,12.454472,37.824303,2,540
2025-07-09 22:54:00,12.454361,37.823627,2,540
2025-07-09 23:04:00,12.454259,37.822975,2,540
2025-07-09 23:14:00,12.454171,37.822342,2,540
2025-07-09 23:24:00,12.454101,37.82172,2,540
2025-07-09 23:34:00,12.454054,37.821114,2,540
2025-07-09 23:44:00,12.454027,37.82053,2,540
2025-07-09 23:54:00,12.454017,37.819965,2,540
2025-07-10 00:04:00,12.45406,37.819466,2,540
2025-07-08 07:44:00,12.45682,37.86801,2,7510
2025-07-08 07:54:00,12.457266,37.8681,2,7510
2025-07-08 08:04:00,12.457732,37.868206,2,7510
2025-07-08 08:14:00,12.458209,37.86831,2,7510
2025-07-08 08:24:00,12.458688,37.86839,2,7510
2025-07-08 08:34:00,12.459168,37.86844,2,7510
2025-07-08 08:44:00,12.459652,37.868458,2,7510
2025-07-08 08:54:00,12.46014,37.868454,2,7510
2025-07-08 09:04:00,12.460643,37.868423,2,7510
2025-07-08 09:14:00,12.4611845,37.868366,2,7510
2025-07-08 09:24:00,12.461779,37.86829,2,7510
2025-07-08 09:34:00,12.461779,37.86829,2,7510
2025-07-08 09:44:00,12.461779,37.86829,2,7510
2025-07-08 09:54:00,12.461779,37.86829,2,7510
2025-07-08 10:04:00,12.461779,37.86829,2,7510
2025-07-08 10:14:00,12.461779,37.86829,2,7510
2025-07-08 10:24:00,12.461779,37.86829,2,7510
2025-07-08 10:34:00,12.461779,37.86829,2,7510
2025-07-08 10:44:00,12.461779,37.86829,2,7510
2025-07-08 10:54:00,12.461779,37.86829,2,7510
2025-07-08 11:04:00,12.461779,37.86829,2,7510
2025-07-08 11:14:00,12.461779,37.86829,2,7510
2025-07-08 11:24:00,12.461779,37.86829,2,7510
2025-07-08 11:34:00,12.462064,37.8682,2,7510
2025-07-08 11:44:00,12.462064,37.8682,2,7510
2025-07-08 11:54:00,12.462064,37.8682,2,7510
2025-07-08 12:04:00,12.462064,37.8682,2,7510
2025-07-08 12:14:00,12.462064,37.8682,2,7510
2025-07-08 12:24:00,12.462064,37.8682,2,7510
2025-07-08 12:34:00,12.462064,37.8682,2,7510
2025-07-08 12:44:00,12.462064,37.8682,2,7510
2025-07-08 12:54:00,12.462064,37.8682,2,7510
2025-07-08 13:04:00,12.462064,37.8682,2,7510
2025-07-08 13:14:00,12.462064,37.8682,2,7510
2025-07-08 13:24:00,12.462064,37.8682,2,7510
2025-07-08 13:34:00,12.462064,37.8682,2,7510
2025-07-08 13:44:00,12.462064,37.8682,2,7510
2025-07-08 13:54:00,12.462064,37.8682,2,7510
2025-07-08 14:04:00,12.462064,37.8682,2,7510
2025-07-08 14:14:00,12.462064,37.8682,2,7510
2025-07-08 14:24:00,12.462064,37.8682,2,7510
2025-07-08 14:34:00,12.462064,37.8682,2,7510
2025-07-08 14:44:00,12.462064,37.8682,2,7510
2025-07-08 14:54:00,12.462064,37.8682,2,7510
2025-07-08 15:04:00,12.462064,37.8682,2,7510
2025-07-08 15:14:00,12.462064,37.8682,2,7510
2025-07-08 15:24:00,12.462064,37.8682,2,7510
2025-07-08 15:34:00,12.462064,37.8682,2,7510
2025-07-08 15:44:00,12.462064,37.8682,2,7510
2025-07-08 15:54:00,12.462064,37.8682,2,7510
2025-07-08 16:04:00,12.462064,37.8682,2,7510
2025-07-08 16:14:00,12.462064,37.8682,2,7510
2025-07-08 16:24:00,12.462064,37.8682,2,7510
2025-07-08 16:34:00,12.462064,37.8682,2,7510
2025-07-08 16:44:00,12.462064,37.8682,2,7510
2025-07-08 16:54:00,12.462064,37.8682,2,7510
2025-07-08 17:04:00,12.462064,37.8682,2,7510
2025-07-08 17:14:00,12.462064,37.8682,2,7510
2025-07-08 17:24:00,12.462064,37.8682,2,7510
2025-07-08 17:34:00,12.462064,37.8682,2,7510
2025-07-08 17:44:00,12.462064,37.8682,2,7510
2025-07-08 17:54:00,12.462064,37.8682,2,7510
2025-07-08 18:04:00,12.462064,37.8682,2,7510
2025-07-08 18:14:00,12.462064,37.8682,2,7510
2025-07-08 18:24:00,12.462064,37.8682,2,7510
2025-07-08 18:34:00,12.462064,37.8682,2,7510
2025-07-08 18:44:00,12.462064,37.8682,2,7510
2025-07-08 18:54:00,12.462064,37.8682,2,7510
2025-07-08 19:04:00,12.462064,37.8682,2,7510
2025-07-08 19:14:00,12.462064,37.8682,2,7510
2025-07-08 19:24:00,12.462064,37.8682,2,7510
2025-07-08 19:34:00,12.462064,37.8682,2,7510
2025-07-08 19:44:00,12.462064,37.8682,2,7510
2025-07-08 19:54:00,12.462064,37.8682,2,7510
2025-07-08 20:04:00,12.462064,37.8682,2,7510
2025-07-08 20:14:00,12.462064,37.8682,2,7510
2025-07-08 20:24:00,12.462064,37.8682,2,7510
2025-07-08 20:34:00,12.462064,37.8682,2,7510
2025-07-08 20:44:00,12.462064,37.8682,2,7510
2025-07-08 20:54:00,12.462064,37.8682,2,7510
2025-07-08 21:04:00,12.462064,37.8682,2,7510
2025-07-08 21:14:00,12.462064,37.8682,2,7510
2025-07-08 21:24:00,12.462064,37.8682,2,7510
2025-07-08 21:34:00,12.462064,37.8682,2,7510
2025-07-08 21:44:00,12.462064,37.8682,2,7510
2025-07-08 21:54:00,12.462064,37.8682,2,7510
2025-07-08 22:04:00,12.462064,37.8682,2,7510
2025-07-08 22:14:00,12.462064,37.8682,2,7510
2025-07-08 22:24:00,12.462064,37.8682,2,7510
2025-07-08 22:34:00,12.462064,37.8682,2,7510
2025-07-08 22:44:00,12.462064,37.8682,2,7510
2025-07-08 22:54:00,12.462064,37.8682,2,7510
2025-07-08 23:04:00,12.462064,37.8682,2,7510
2025-07-08 23:14:00,12.462064,37.8682,2,7510
2025-07-08 23:24:00,12.462064,37.8682,2,7510
2025-07-08 23:34:00,12.462064,37.8682,2,7510
2025-07-08 23:44:00,12.462064,37.8682,2,7510
2025-07-08 23:54:00,12.462064,37.8682,2,7510
2025-07-09 00:04:00,12.462064,37.8682,2,7510
2025-07-09 00:14:00,12.462064,37.8682,2,7510
2025-07-09 00:24:00,12.462064,37.8682,2,7510
2025-07-09 00:34:00,12.462064,37.8682,2,7510
2025-07-09 00:44:00,12.462064,37.8682,2,7510
2025-07-09 00:54:00,12.462064,37.8682,2,7510
2025-07-09 01:04:00,12.462064,37.8682,2,7510
2025-07-09 01:14:00,12.462064,37.8682,2,7510
2025-07-09 01:24:00,12.462064,37.8682,2,7510
2025-07-09 01:34:00,12.462064,37.8682,2,7510
2025-07-09 01:44:00,12.462064,37.8682,2,7510
2025-07-09 01:54:00,12.462064,37.8682,2,7510
2025-07-09 02:04:00,12.462064,37.8682,2,7510
2025-07-09 02:14:00,12.462064,37.8682,2,7510
2025-07-09 02:24:00,12.462064,37.8682,2,7510
2025-07-09 02:34:00,12.462064,37.8682,2,7510
2025-07-09 02:44:00,12.462064,37.8682,2,7510
2025-07-09 02:54:00,12.462064,37.8682,2,7510
2025-07-09 03:04:00,12.462064,37.8682,2,7510
2025-07-09 03:14:00,12.462064,37.8682,2,7510
2025-07-09 03:24:00,12.462064,37.8682,2,7510
2025-07-09 03:34:00,12.462064,37.8682,2,7510
2025-07-09 03:44:00,12.462064,37.8682,2,7510
2025-07-09 03:54:00,12.462064,37.8682,2,7510
2025-07-09 04:04:00,12.462064,37.8682,2,7510
2025-07-09 04:14:00,12.462064,37.8682,2,7510
2025-07-09 04:24:00,12.462064,37.8682,2,7510
2025-07-09 04:34:00,12.462064,37.8682,2,7510
2025-07-09 04:44:00,12.462064,37.8682,2,7510
2025-07-09 04:54:00,12.462064,37.8682,2,7510
2025-07-09 05:04:00,12.462064,37.8682,2,7510
2025-07-09 05:14:00,12.462064,37.8682,2,7510
2025-07-09 05:24:00,12.462064,37.8682,2,7510
2025-07-09 05:34:00,12.462064,37.8682,2,7510
2025-07-09 05:44:00,12.462064,37.8682,2,7510
2025-07-09 05:54:00,12.462064,37.8682,2,7510
2025-07-09 06:04:00,12.462064,37.8682,2,7510
2025-07-09 06:14:00,12.462064,37.8682,2,7510
2025-07-09 06:24:00,12.462064,37.8682,2,7510
2025-07-09 06:34:00,12.462064,37.8682,2,7510
2025-07-09 06:44:00,12.462064,37.8682,2,7510
2025-07-09 06:54:00,12.462064,37.8682,2,7510
2025-07-09 07:04:00,12.462064,37.8682,2,7510
2025-07-09 07:14:00,12.462064,37.8682,2,7510
2025-07-09 07:24:00,12.462064,37.8682,2,7510
2025-07-09 07:34:00,12.462064,37.8682,2,7510
2025-07-09 07:44:00,12.462064,37.8682,2,7510
2025-07-09 07:54:00,12.462064,37.8682,2,7510
2025-07-09 08:04:00,12.462064,37.8682,2,7510
2025-07-09 08:14:00,12.462064,37.8682,2,7510
2025-07-09 08:24:00,12.462064,37.8682,2,7510
2025-07-09 08:34:00,12.462064,37.8682,2,7510
2025-07-09 08:44:00,12.462064,37.8682,2,7510
2025-07-09 08:54:00,12.462064,37.8682,2,7510
2025-07-09 09:04:00,12.462064,37.8682,2,7510
2025-07-09 09:14:00,12.462064,37.8682,2,7510
2025-07-09 09:24:00,12.462064,37.8682,2,7510
2025-07-09 09:34:00,12.462064,37.8682,2,7510
2025-07-09 09:44:00,12.462064,37.8682,2,7510
2025-07-09 09:54:00,12.462064,37.8682,2,7510
2025-07-09 10:04:00,12.462064,37.8682,2,7510
2025-07-09 10:14:00,12.462064,37.8682,2,7510
2025-07-09 10:24:00,12.462064,37.8682,2,7510
2025-07-09 10:34:00,12.462064,37.8682,2,7510
2025-07-09 10:44:00,12.462064,37.8682,2,7510
2025-07-09 10:54:00,12.462064,37.8682,2,7510
2025-07-09 11:04:00,12.462064,37.8682,2,7510
2025-07-09 11:14:00,12.462064,37.8682,2,7510
2025-07-09 11:24:00,12.462064,37.8682,2,7510
2025-07-09 11:34:00,12.462064,37.8682,2,7510
2025-07-09 11:44:00,12.462064,37.8682,2,7510
2025-07-09 11:54:00,12.462064,37.8682,2,7510
2025-07-09 12:04:00,12.462064,37.8682,2,7510
2025-07-09 12:14:00,12.462064,37.8682,2,7510
2025-07-09 12:24:00,12.462064,37.8682,2,7510
2025-07-09 12:34:00,12.462064,37.8682,2,7510
2025-07-09 12:44:00,12.462064,37.8682,2,7510
2025-07-09 12:54:00,12.462064,37.8682,2,7510
2025-07-09 13:04:00,12.462064,37.8682,2,7510
2025-07-09 13:14:00,12.462064,37.8682,2,7510
2025-07-09 13:24:00,12.462064,37.8682,2,7510
2025-07-09 13:34:00,12.462064,37.8682,2,7510
2025-07-09 13:44:00,12.462064,37.8682,2,7510
2025-07-09 13:54:00,12.462064,37.8682,2,7510
2025-07-09 14:04:00,12.462064,37.8682,2,7510
2025-07-09 14:14:00,12.462064,37.8682,2,7510
2025-07-09 14:24:00,12.462064,37.8682,2,7510
2025-07-09 14:34:00,12.462064,37.8682,2,7510
2025-07-09 14:44:00,12.462053,37.867493,2,7510
2025-07-09 14:54:00,12.461922,37.86615,2,7510
2025-07-09 15:04:00,12.461627,37.86493,2,7510
2025-07-09 15:14:00,12.461249,37.863827,2,7510
2025-07-09 15:24:00,12.46087,37.862797,2,7510
2025-07-09 15:34:00,12.460573,37.861774,2,7510
2025-07-09 15:44:00,12.460398,37.860775,2,7510
2025-07-09 15:54:00,12.46037,37.85979,2,7510
2025-07-09 16:04:00,12.460431,37.85884,2,7510
2025-07-09 16:14:00,12.460513,37.857937,2,7510
2025-07-09 16:24:00,12.460589,37.857067,2,7510
2025-07-09 16:34:00,12.460614,37.856228,2,7510
2025-07-09 16:44:00,12.46059,37.855415,2,7510
2025-07-09 16:54:00,12.460535,37.85463,2,7510
2025-07-09 17:04:00,12.460453,37.85387,2,7510
2025-07-09 17:14:00,12.460339,37.85314,2,7510
2025-07-09 17:24:00,12.460197,37.852444,2,7510
2025-07-09 17:34:00,12.46002,37.851772,2,7510
2025-07-09 17:44:00,12.459839,37.851128,2,7510
2025-07-09 17:54:00,12.45969,37.850513,2,7510
2025-07-09 18:04:00,12.45956,37.849922,2,7510
2025-07-09 18:14:00,12.459433,37.849316,2,7510
2025-07-09 18:24:00,12.459284,37.84867,2,7510
2025-07-09 18:34:00,12.459112,37.847977,2,7510
2025-07-09 18:44:00,12.45889,37.84718,2,7510
2025-07-09 18:54:00,12.458591,37.84626,2,7510
2025-07-09 19:04:00,12.458226,37.84524,2,7510
2025-07-09 19:14:00,12.457836,37.844135,2,7510
2025-07-09 19:24:00,12.457444,37.842976,2,7510
2025-07-09 19:34:00,12.457072,37.841846,2,7510
2025-07-09 19:44:00,12.456723,37.84073,2,7510
2025-07-09 19:54:00,12.4563875,37.83961,2,7510
2025-07-09 20:04:00,12.456073,37.838528,2,7510
2025-07-09 20:14:00,12.455782,37.8375,2,7510
2025-07-09 20:24:00,12.45551,37.836536,2,7510
2025-07-09 20:34:00,12.455253,37.835632,2,7510
2025-07-09 20:44:00,12.455003,37.83476,2,7510
2025-07-09 20:54:00,12.45476,37.833904,2,7510
2025-07-09 21:04:00,12.454527,37.83306,2,7510
2025-07-09 21:14:00,12.454297,37.832214,2,7510
2025-07-09 21:24:00,12.454057,37.831356,2,7510
2025-07-09 21:34:00,12.453779,37.830482,2,7510
2025-07-09 21:44:00,12.453466,37.82961,2,7510
2025-07-09 21:54:00,12.453145,37.828754,2,7510
2025-07-09 22:04:00,12.452823,37.82792,2,7510
2025-07-09 22:14:00,12.452515,37.827103,2,7510
2025-07-09 22:24:00,12.452218,37.826313,2,7510
2025-07-09 22:34:00,12.451928,37.825542,2,7510
2025-07-09 22:44:00,12.451638,37.824806,2,7510
2025-07-09 22:54:00,12.451344,37.824104,2,7510
2025-07-09 23:04:00,12.451047,37.823437,2,7510
2025-07-09 23:14:00,12.450763,37.822807,2,7510
2025-07-09 23:24:00,12.450495,37.82222,2,7510
2025-07-09 23:34:00,12.450241,37.82167,2,7510
2025-07-09 23:44:00,12.450012,37.82115,2,7510
2025-07-09 23:54:00,12.44981,37.820663,2,7510
2025-07-10 00:04:00,12.449748,37.820213,2,7510
2025-07-08 07:44:00,12.44981,37.88916,3,2520
2025-07-08 07:54:00,12.450343,37.88929,3,2520
2025-07-08 08:04:00,12.450886,37.889427,3,2520
2025-07-08 08:14:00,12.451422,37.889572,3,2520
2025-07-08 08:24:00,12.45195,37.889713,3,2520
2025-07-08 08:34:00,12.452473,37.889854,3,2520
2025-07-08 08:44:00,12.452994,37.890003,3,2520
2025-07-08 08:54:00,12.453517,37.89016,3,2520
2025-07-08 09:04:00,12.4540415,37.89031,3,2520
2025-07-08 09:14:00,12.454595,37.890457,3,2520
2025-07-08 09:24:00,12.455206,37.890617,3,2520
2025-07-08 09:34:00,12.455874,37.890778,3,2520
2025-07-08 09:44:00,12.456602,37.890934,3,2520
2025-07-08 09:54:00,12.457407,37.89104,3,2520
2025-07-08 10:04:00,12.458295,37.891094,3,2520
2025-07-08 10:14:00,12.459199,37.89111,3,2520
2025-07-08 10:24:00,12.460089,37.891094,3,2520
2025-07-08 10:34:00,12.460972,37.89106,3,2520
2025-07-08 10:44:00,12.461866,37.891006,3,2520
2025-07-08 10:54:00,12.4627695,37.890938,3,2520
2025-07-08 11:04:00,12.463668,37.890858,3,2520
2025-07-08 11:14:00,12.464531,37.890743,3,2520
2025-07-08 11:24:00,12.464531,37.890743,3,2520
2025-07-08 11:34:00,12.464531,37.890743,3,2520
2025-07-08 11:44:00,12.464531,37.890743,3,2520
2025-07-08 11:54:00,12.464531,37.890743,3,2520
2025-07-08 12:04:00,12.464531,37.890743,3,2520
2025-07-08 12:14:00,12.464531,37.890743,3,2520
2025-07-08 12:24:00,12.464531,37.890743,3,2520
2025-07-08 12:34:00,12.464531,37.890743,3,2520
2025-07-08 12:44:00,12.464531,37.890743,3,2520
2025-07-08 12:54:00,12.464531,37.890743,3,2520
2025-07-08 13:04:00,12.464531,37.890743,3,2520
2025-07-08 13:14:00,12.464531,37.890743,3,2520
2025-07-08 13:24:00,12.464531,37.890743,3,2520
2025-07-08 13:34:00,12.464531,37.890743,3,2520
2025-07-08 13:44:00,12.464531,37.890743,3,2520
2025-07-08 13:54:00,12.464531,37.890743,3,2520
2025-07-08 14:04:00,12.464531,37.890743,3,2520
2025-07-08 14:14:00,12.464531,37.890743,3,2520
2025-07-08 14:24:00,12.464531,37.890743,3,2520
2025-07-08 14:34:00,12.464531,37.890743,3,2520
2025-07-08 14:44:00,12.464531,37.890743,3,2520
2025-07-08 14:54:00,12.464531,37.890743,3,2520
2025-07-08 15:04:00,12.464531,37.890743,3,2520
2025-07-08 15:14:00,12.464531,37.890743,3,2520
2025-07-08 15:24:00,12.464531,37.890743,3,2520
2025-07-08 15:34:00,12.464531,37.890743,3,2520
2025-07-08 15:44:00,12.464531,37.890743,3,2520
2025-07-08 15:54:00,12.464531,37.890743,3,2520
2025-07-08 16:04:00,12.464531,37.890743,3,2520
2025-07-08 16:14:00,12.464531,37.890743,3,2520
2025-07-08 16:24:00,12.464531,37.890743,3,2520
2025-07-08 16:34:00,12.464531,37.890743,3,2520
2025-07-08 16:44:00,12.464531,37.890743,3,2520
2025-07-08 16:54:00,12.464531,37.890743,3,2520
2025-07-08 17:04:00,12.464531,37.890743,3,2520
2025-07-08 17:14:00,12.464531,37.890743,3,2520
2025-07-08 17:24:00,12.464531,37.890743,3,2520
2025-07-08 17:34:00,12.464531,37.890743,3,2520
2025-07-08 17:44:00,12.464531,37.890743,3,2520
2025-07-08 17:54:00,12.464531,37.890743,3,2520
2025-07-08 18:04:00,12.464531,37.890743,3,2520
2025-07-08 18:14:00,12.464531,37.890743,3,2520
2025-07-08 18:24:00,12.464531,37.890743,3,2520
2025-07-08 18:34:00,12.464531,37.890743,3,2520
2025-07-08 18:44:00,12.464531,37.890743,3,2520
2025-07-08 18:54:00,12.464531,37.890743,3,2520
2025-07-08 19:04:00,12.464531,37.890743,3,2520
2025-07-08 19:14:00,12.464531,37.890743,3,2520
2025-07-08 19:24:00,12.464531,37.890743,3,2520
2025-07-08 19:34:00,12.464531,37.890743,3,2520
2025-07-08 19:44:00,12.464531,37.890743,3,2520
2025-07-08 19:54:00,12.464531,37.890743,3,2520
2025-07-08 20:04:00,12.464531,37.890743,3,2520
2025-07-08 20:14:00,12.464531,37.890743,3,2520
2025-07-08 20:24:00,12.464531,37.890743,3,2520
2025-07-08 20:34:00,12.464531,37.890743,3,2520
2025-07-08 20:44:00,12.464531,37.890743,3,2520
2025-07-08 20:54:00,12.464531,37.890743,3,2520
2025-07-08 21:04:00,12.464531,37.890743,3,2520
2025-07-08 21:14:00,12.464531,37.890743,3,2520
2025-07-08 21:24:00,12.464531,37.890743,3,2520
2025-07-08 21:34:00,12.464531,37.890743,3,2520
2025-07-08 21:44:00,12.464531,37.890743,3,2520
2025-07-08 21:54:00,12.464531,37.890743,3,2520
2025-07-08 22:04:00,12.464531,37.890743,3,2520
2025-07-08 22:14:00,12.464531,37.890743,3,2520
2025-07-08 22:24:00,12.464531,37.890743,3,2520
2025-07-08 22:34:00,12.464531,37.890743,3,2520
2025-07-08 22:44:00,12.464531,37.890743,3,2520
2025-07-08 22:54:00,12.464531,37.890743,3,2520
2025-07-08 23:04:00,12.464531,37.890743,3,2520
2025-07-08 23:14:00,12.464531,37.890743,3,2520
2025-07-08 23:24:00,12.464531,37.890743,3,2520
2025-07-08 23:34:00,12.464531,37.890743,3,2520
2025-07-08 23:44:00,12.464531,37.890743,3,2520
2025-07-08 23:54:00,12.464531,37.890743,3,2520
2025-07-09 00:04:00,12.464531,37.890743,3,2520
2025-07-09 00:14:00,12.464531,37.890743,3,2520
2025-07-09 00:24:00,12.464531,37.890743,3,2520
2025-07-09 00:34:00,12.464531,37.890743,3,2520
2025-07-09 00:44:00,12.464531,37.890743,3,2520
2025-07-09 00:54:00,12.464531,37.890743,3,2520
2025-07-09 01:04:00,12.464531,37.890743,3,2520
2025-07-09 01:14:00,12.464531,37.890743,3,2520
2025-07-09 01:24:00,12.464531,37.890743,3,2520
2025-07-09 01:34:00,12.464531,37.890743,3,2520
2025-07-09 01:44:00,12.464531,37.890743,3,2520
2025-07-09 01:54:00,12.464531,37.890743,3,2520
2025-07-09 02:04:00,12.464531,37.890743,3,2520
2025-07-09 02:14:00,12.464531,37.890743,3,2520
2025-07-09 02:24:00,12.464531,37.890743,3,2520
2025-07-09 02:34:00,12.464531,37.890743,3,2520
2025-07-09 02:44:00,12.464531,37.890743,3,2520
2025-07-09 02:54:00,12.464531,37.890743,3,2520
2025-07-09 03:04:00,12.464531,37.890743,3,2520
2025-07-09 03:14:00,12.464531,37.890743,3,2520
2025-07-09 03:24:00,12.464531,37.890743,3,2520
2025-07-09 03:34:00,12.464531,37.890743,3,2520
2025-07-09 03:44:00,12.464531,37.890743,3,2520
2025-07-09 03:54:00,12.464531,37.890743,3,2520
2025-07-09 04:04:00,12.464531,37.890743,3,2520
2025-07-09 04:14:00,12.464531,37.890743,3,2520
2025-07-09 04:24:00,12.464531,37.890743,3,2520
2025-07-09 04:34:00,12.464531,37.890743,3,2520
2025-07-09 04:44:00,12.464531,37.890743,3,2520
2025-07-09 04:54:00,12.464531,37.890743,3,2520
2025-07-09 05:04:00,12.464531,37.890743,3,2520
2025-07-09 05:14:00,12.464531,37.890743,3,2520
2025-07-09 05:24:00,12.464531,37.890743,3,2520
2025-07-09 05:34:00,12.464531,37.890743,3,2520
2025-07-09 05:44:00,12.465158,37.890205,3,2520
2025-07-09 05:54:00,12.465158,37.890205,3,2520
2025-07-09 06:04:00,12.465158,37.890205,3,2520
2025-07-09 06:14:00,12.4657,37.88965,3,2520
2025-07-09 06:24:00,12.466735,37.888523,3,2520
2025-07-09 06:34:00,12.467689,37.88735,3,2520
2025-07-09 06:44:00,12.467689,37.88735,3,2520
2025-07-09 06:54:00,12.467689,37.88735,3,2520
2025-07-09 07:04:00,12.467689,37.88735,3,2520
2025-07-09 07:14:00,12.467689,37.88735,3,2520
2025-07-09 07:24:00,12.467689,37.88735,3,2520
2025-07-09 07:34:00,12.467689,37.88735,3,2520
2025-07-09 07:44:00,12.467689,37.88735,3,2520
2025-07-09 07:54:00,12.467689,37.88735,3,2520
2025-07-09 08:04:00,12.467689,37.88735,3,2520
2025-07-09 08:14:00,12.467689,37.88735,3,2520
2025-07-09 08:24:00,12.467689,37.88735,3,2520
2025-07-09 08:34:00,12.467689,37.88735,3,2520
2025-07-09 08:44:00,12.467689,37.88735,3,2520
2025-07-09 08:54:00,12.467689,37.88735,3,2520
2025-07-09 09:04:00,12.467689,37.88735,3,2520
2025-07-09 09:14:00,12.467689,37.88735,3,2520
2025-07-09 09:24:00,12.467689,37.88735,3,2520
2025-07-09 09:34:00,12.467689,37.88735,3,2520
2025-07-09 09:44:00,12.467689,37.88735,3,2520
2025-07-09 09:54:00,12.467689,37.88735,3,2520
2025-07-09 10:04:00,12.467689,37.88735,3,2520
2025-07-09 10:14:00,12.467689,37.88735,3,2520
2025-07-09 10:24:00,12.467689,37.88735,3,2520
2025-07-09 10:34:00,12.467689,37.88735,3,2520
2025-07-09 10:44:00,12.467689,37.88735,3,2520
2025-07-09 10:54:00,12.467689,37.88735,3,2520
2025-07-09 11:04:00,12.467689,37.88735,3,2520
2025-07-09 11:14:00,12.467689,37.88735,3,2520
2025-07-09 11:24:00,12.467689,37.88735,3,2520
2025-07-09 11:34:00,12.467689,37.88735,3,2520
2025-07-09 11:44:00,12.467689,37.88735,3,2520
2025-07-09 11:54:00,12.467689,37.88735,3,2520
2025-07-09 12:04:00,12.467689,37.88735,3,2520
2025-07-09 12:14:00,12.467689,37.88735,3,2520
2025-07-09 12:24:00,12.467689,37.88735,3,2520
2025-07-09 12:34:00,12.467689,37.88735,3,2520
2025-07-09 12:44:00,12.467689,37.88735,3,2520
2025-07-09 12:54:00,12.467689,37.88735,3,2520
2025-07-09 13:04:00,12.467689,37.88735,3,2520
2025-07-09 13:14:00,12.467689,37.88735,3,2520
2025-07-09 13:24:00,12.467901,37.88672,3,2520
2025-07-09 13:34:00,12.467901,37.88672,3,2520
2025-07-09 13:44:00,12.467901,37.88672,3,2520
2025-07-09 13:54:00,12.467901,37.88672,3,2520
2025-07-09 14:04:00,12.467901,37.88672,3,2520
2025-07-09 14:14:00,12.467901,37.88672,3,2520
2025-07-09 14:24:00,12.467901,37.88672,3,2520
2025-07-09 14:34:00,12.467901,37.88672,3,2520
2025-07-09 14:44:00,12.467901,37.88672,3,2520
2025-07-09 14:54:00,12.467901,37.88672,3,2520
2025-07-09 15:04:00,12.467901,37.88672,3,2520
2025-07-09 15:14:00,12.467901,37.88672,3,2520
2025-07-09 15:24:00,12.4678955,37.885956,3,2520
2025-07-09 15:34:00,12.467805,37.884457,3,2520
2025-07-09 15:44:00,12.467621,37.883015,3,2520
2025-07-09 15:54:00,12.467361,37.881607,3,2520
2025-07-09 16:04:00,12.467153,37.88018,3,2520
2025-07-09 16:14:00,12.467036,37.878704,3,2520
2025-07-09 16:24:00,12.466787,37.877274,3,2520
2025-07-09 16:34:00,12.466653,37.875935,3,2520
2025-07-09 16:44:00,12.466665,37.874672,3,2520
2025-07-09 16:54:00,12.466742,37.87347,3,2520
2025-07-09 17:04:00,12.466842,37.87231,3,2520
2025-07-09 17:14:00,12.466896,37.871193,3,2520
2025-07-09 17:24:00,12.466847,37.870655,3,2520
2025-07-09 17:34:00,12.466847,37.870655,3,2520
2025-07-09 17:44:00,12.466847,37.870655,3,2520
2025-07-09 17:54:00,12.466847,37.870655,3,2520
2025-07-09 18:04:00,12.466847,37.870655,3,2520
2025-07-09 18:14:00,12.466847,37.870655,3,2520
2025-07-09 18:24:00,12.466847,37.870655,3,2520
2025-07-09 18:34:00,12.466847,37.870655,3,2520
2025-07-09 18:44:00,12.466847,37.870655,3,2520
2025-07-09 18:54:00,12.466847,37.870655,3,2520
2025-07-09 19:04:00,12.466847,37.870655,3,2520
2025-07-09 19:14:00,12.466847,37.870655,3,2520
2025-07-09 19:24:00,12.466847,37.870655,3,2520
2025-07-09 19:34:00,12.466847,37.870655,3,2520
2025-07-09 19:44:00,12.466847,37.870655,3,2520
2025-07-09 19:54:00,12.466847,37.870655,3,2520
2025-07-09 20:04:00,12.466847,37.870655,3,2520
2025-07-09 20:14:00,12.466847,37.870655,3,2520
2025-07-09 20:24:00,12.466847,37.870655,3,2520
2025-07-09 20:34:00,12.466847,37.870655,3,2520
2025-07-09 20:44:00,12.466847,37.870655,3,2520
2025-07-09 20:54:00,12.466847,37.870655,3,2520
2025-07-09 21:04:00,12.466847,37.870655,3,2520
2025-07-09 21:14:00,12.466847,37.870655,3,2520
2025-07-09 21:24:00,12.466847,37.870655,3,2520
2025-07-09 21:34:00,12.466847,37.870655,3,2520
2025-07-09 21:44:00,12.466847,37.870655,3,2520
2025-07-09 21:54:00,12.466847,37.870655,3,2520
2025-07-09 22:04:00,12.466847,37.870655,3,2520
2025-07-09 22:14:00,12.466847,37.870655,3,2520
2025-07-09 22:24:00,12.466847,37.870655,3,2520
2025-07-09 22:34:00,12.466847,37.870655,3,2520
2025-07-09 22:44:00,12.466847,37.870655,3,2520
2025-07-09 22:54:00,12.466847,37.870655,3,2520
2025-07-09 23:04:00,12.466847,37.870655,3,2520
2025-07-09 23:14:00,12.466847,37.870655,3,2520
2025-07-09 23:24:00,12.466847,37.870655,3,2520
2025-07-09 23:34:00,12.466847,37.870655,3,2520
2025-07-09 23:44:00,12.466847,37.870655,3,2520
2025-07-09 23:54:00,12.466847,37.870655,3,2520
2025-07-10 00:04:00,12.466879,37.870438,3,2520
2025-07-08 07:44:00,12.44976,37.88919,3,7520
2025-07-08 07:54:00,12.450293,37.889328,3,7520
2025-07-08 08:04:00,12.450834,37.889473,3,7520
2025-07-08 08:14:00,12.45137,37.88962,3,7520
2025-07-08 08:24:00,12.451899,37.88977,3,7520
2025-07-08 08:34:00,12.452421,37.88992,3,7520
2025-07-08 08:44:00,12.452943,37.89007,3,7520
2025-07-08 08:54:00,12.4534645,37.89023,3,7520
2025-07-08 09:04:00,12.453988,37.89038,3,7520
2025-07-08 09:14:00,12.454536,37.890533,3,7520
2025-07-08 09:24:00,12.455143,37.89069,3,7520
2025-07-08 09:34:00,12.455806,37.89085,3,7520
2025-07-08 09:44:00,12.456524,37.891006,3,7520
2025-07-08 09:54:00,12.457318,37.891113,3,7520
2025-07-08 10:04:00,12.458194,37.89117,3,7520
2025-07-08 10:14:00,12.459091,37.891186,3,7520
2025-07-08 10:24:00,12.459971,37.891174,3,7520
2025-07-08 10:34:00,12.460843,37.89114,3,7520
2025-07-08 10:44:00,12.461726,37.891087,3,7520
2025-07-08 10:54:00,12.462621,37.891018,3,7520
2025-07-08 11:04:00,12.463512,37.890938,3,7520
2025-07-08 11:14:00,12.46437,37.890823,3,7520
2025-07-08 11:24:00,12.46437,37.890823,3,7520
2025-07-08 11:34:00,12.46437,37.890823,3,7520
2025-07-08 11:44:00,12.46437,37.890823,3,7520
2025-07-08 11:54:00,12.464695,37.89066,3,7520
2025-07-08 12:04:00,12.464695,37.89066,3,7520
2025-07-08 12:14:00,12.464695,37.89066,3,7520
2025-07-08 12:24:00,12.464695,37.89066,3,7520
2025-07-08 12:34:00,12.464695,37.89066,3,7520
2025-07-08 12:44:00,12.464695,37.89066,3,7520
2025-07-08 12:54:00,12.464695,37.89066,3,7520
2025-07-08 13:04:00,12.464695,37.89066,3,7520
2025-07-08 13:14:00,12.464695,37.89066,3,7520
2025-07-08 13:24:00,12.464695,37.89066,3,7520
2025-07-08 13:34:00,12.464695,37.89066,3,7520
2025-07-08 13:44:00,12.464695,37.89066,3,7520
2025-07-08 13:54:00,12.464695,37.89066,3,7520
2025-07-08 14:04:00,12.464695,37.89066,3,7520
2025-07-08 14:14:00,12.464695,37.89066,3,7520
2025-07-08 14:24:00,12.464695,37.89066,3,7520
2025-07-08 14:34:00,12.464695,37.89066,3,7520
2025-07-08 14:44:00,12.464695,37.89066,3,7520
2025-07-08 14:54:00,12.464695,37.89066,3,7520
2025-07-08 15:04:00,12.464695,37.89066,3,7520
2025-07-08 15:14:00,12.464695,37.89066,3,7520
2025-07-08 15:24:00,12.464695,37.89066,3,7520
2025-07-08 15:34:00,12.464695,37.89066,3,7520
2025-07-08 15:44:00,12.464695,37.89066,3,7520
2025-07-08 15:54:00,12.464695,37.89066,3,7520
2025-07-08 16:04:00,12.464695,37.89066,3,7520
2025-07-08 16:14:00,12.464695,37.89066,3,7520
2025-07-08 16:24:00,12.464695,37.89066,3,7520
2025-07-08 16:34:00,12.464695,37.89066,3,7520
2025-07-08 16:44:00,12.464695,37.89066,3,7520
2025-07-08 16:54:00,12.464695,37.89066,3,7520
2025-07-08 17:04:00,12.464695,37.89066,3,7520
2025-07-08 17:14:00,12.464695,37.89066,3,7520
2025-07-08 17:24:00,12.464695,37.89066,3,7520
2025-07-08 17:34:00,12.464695,37.89066,3,7520
2025-07-08 17:44:00,12.464695,37.89066,3,7520
2025-07-08 17:54:00,12.464695,37.89066,3,7520
2025-07-08 18:04:00,12.464695,37.89066,3,7520
2025-07-08 18:14:00,12.464695,37.89066,3,7520
2025-07-08 18:24:00,12.464695,37.89066,3,7520
2025-07-08 18:34:00,12.464695,37.89066,3,7520
2025-07-08 18:44:00,12.464695,37.89066,3,7520
2025-07-08 18:54:00,12.464695,37.89066,3,7520
2025-07-08 19:04:00,12.464695,37.89066,3,7520
2025-07-08 19:14:00,12.464695,37.89066,3,7520
2025-07-08 19:24:00,12.464695,37.89066,3,7520
2025-07-08 19:34:00,12.464695,37.89066,3,7520
2025-07-08 19:44:00,12.464695,37.89066,3,7520
2025-07-08 19:54:00,12.464695,37.89066,3,7520
2025-07-08 20:04:00,12.464695,37.89066,3,7520
2025-07-08 20:14:00,12.464695,37.89066,3,7520
2025-07-08 20:24:00,12.464695,37.89066,3,7520
2025-07-08 20:34:00,12.464695,37.89066,3,7520
2025-07-08 20:44:00,12.464695,37.89066,3,7520
2025-07-08 20:54:00,12.464695,37.89066,3,7520
2025-07-08 21:04:00,12.464695,37.89066,3,7520
2025-07-08 21:14:00,12.464695,37.89066,3,7520
2025-07-08 21:24:00,12.464695,37.89066,3,7520
2025-07-08 21:34:00,12.464695,37.89066,3,7520
2025-07-08 21:44:00,12.464695,37.89066,3,7520
2025-07-08 21:54:00,12.464695,37.89066,3,7520
2025-07-08 22:04:00,12.464695,37.89066,3,7520
2025-07-08 22:14:00,12.464695,37.89066,3,7520
2025-07-08 22:24:00,12.464695,37.89066,3,7520
2025-07-08 22:34:00,12.464695,37.89066,3,7520
2025-07-08 22:44:00,12.464695,37.89066,3,7520
2025-07-08 22:54:00,12.464695,37.89066,3,7520
2025-07-08 23:04:00,12.464695,37.89066,3,7520
2025-07-08 23:14:00,12.464695,37.89066,3,7520
2025-07-08 23:24:00,12.464695,37.89066,3,7520
2025-07-08 23:34:00,12.464695,37.89066,3,7520
2025-07-08 23:44:00,12.464695,37.89066,3,7520
2025-07-08 23:54:00,12.464695,37.89066,3,7520
2025-07-09 00:04:00,12.464695,37.89066,3,7520
2025-07-09 00:14:00,12.464695,37.89066,3,7520
2025-07-09 00:24:00,12.464695,37.89066,3,7520
2025-07-09 00:34:00,12.464695,37.89066,3,7520
2025-07-09 00:44:00,12.464695,37.89066,3,7520
2025-07-09 00:54:00,12.464695,37.89066,3,7520
2025-07-09 01:04:00,12.464695,37.89066,3,7520
2025-07-09 01:14:00,12.464695,37.89066,3,7520
2025-07-09 01:24:00,12.464695,37.89066,3,7520
2025-07-09 01:34:00,12.464695,37.89066,3,7520
2025-07-09 01:44:00,12.464695,37.89066,3,7520
2025-07-09 01:54:00,12.464695,37.89066,3,7520
2025-07-09 02:04:00,12.464695,37.89066,3,7520
2025-07-09 02:14:00,12.464695,37.89066,3,7520
2025-07-09 02:24:00,12.464695,37.89066,3,7520
2025-07-09 02:34:00,12.464695,37.89066,3,7520
2025-07-09 02:44:00,12.464695,37.89066,3,7520
2025-07-09 02:54:00,12.464695,37.89066,3,7520
2025-07-09 03:04:00,12.464695,37.89066,3,7520
2025-07-09 03:14:00,12.464695,37.89066,3,7520
2025-07-09 03:24:00,12.464695,37.89066,3,7520
2025-07-09 03:34:00,12.464695,37.89066,3,7520
2025-07-09 03:44:00,12.464695,37.89066,3,7520
2025-07-09 03:54:00,12.464695,37.89066,3,7520
2025-07-09 04:04:00,12.464695,37.89066,3,7520
2025-07-09 04:14:00,12.464695,37.89066,3,7520
2025-07-09 04:24:00,12.464695,37.89066,3,7520
2025-07-09 04:34:00,12.464695,37.89066,3,7520
2025-07-09 04:44:00,12.464695,37.89066,3,7520
2025-07-09 04:54:00,12.464695,37.89066,3,7520
2025-07-09 05:04:00,12.464695,37.89066,3,7520
2025-07-09 05:14:00,12.464695,37.89066,3,7520
2025-07-09 05:24:00,12.464695,37.89066,3,7520
2025-07-09 05:34:00,12.464695,37.89066,3,7520
2025-07-09 05:44:00,12.464695,37.89066,3,7520
2025-07-09 05:54:00,12.464695,37.89066,3,7520
2025-07-09 06:04:00,12.465255,37.8901,3,7520
2025-07-09 06:14:00,12.466357,37.889004,3,7520
2025-07-09 06:24:00,12.467377,37.887882,3,7520
2025-07-09 06:34:00,12.467862,37.88729,3,7520
2025-07-09 06:44:00,12.467862,37.88729,3,7520
2025-07-09 06:54:00,12.467862,37.88729,3,7520
2025-07-09 07:04:00,12.467862,37.88729,3,7520
2025-07-09 07:14:00,12.467862,37.88729,3,7520
2025-07-09 07:24:00,12.467862,37.88729,3,7520
2025-07-09 07:34:00,12.467862,37.88729,3,7520
2025-07-09 07:44:00,12.467862,37.88729,3,7520
2025-07-09 07:54:00,12.467862,37.88729,3,7520
2025-07-09 08:04:00,12.467862,37.88729,3,7520
2025-07-09 08:14:00,12.467862,37.88729,3,7520
2025-07-09 08:24:00,12.467862,37.88729,3,7520
2025-07-09 08:34:00,12.467862,37.88729,3,7520
2025-07-09 08:44:00,12.467862,37.88729,3,7520
2025-07-09 08:54:00,12.467862,37.88729,3,7520
2025-07-09 09:04:00,12.467862,37.88729,3,7520
2025-07-09 09:14:00,12.467862,37.88729,3,7520
2025-07-09 09:24:00,12.467862,37.88729,3,7520
2025-07-09 09:34:00,12.467862,37.88729,3,7520
2025-07-09 09:44:00,12.467862,37.88729,3,7520
2025-07-09 09:54:00,12.467862,37.88729,3,7520
2025-07-09 10:04:00,12.467862,37.88729,3,7520
2025-07-09 10:14:00,12.467862,37.88729,3,7520
2025-07-09 10:24:00,12.467862,37.88729,3,7520
2025-07-09 10:34:00,12.467862,37.88729,3,7520
2025-07-09 10:44:00,12.467862,37.88729,3,7520
2025-07-09 10:54:00,12.467862,37.88729,3,7520
2025-07-09 11:04:00,12.467862,37.88729,3,7520
2025-07-09 11:14:00,12.467862,37.88729,3,7520
2025-07-09 11:24:00,12.467862,37.88729,3,7520
2025-07-09 11:34:00,12.467862,37.88729,3,7520
2025-07-09 11:44:00,12.467862,37.88729,3,7520
2025-07-09 11:54:00,12.467862,37.88729,3,7520
2025-07-09 12:04:00,12.467862,37.88729,3,7520
2025-07-09 12:14:00,12.467862,37.88729,3,7520
2025-07-09 12:24:00,12.467862,37.88729,3,7520
2025-07-09 12:34:00,12.467862,37.88729,3,7520
2025-07-09 12:44:00,12.467862,37.88729,3,7520
2025-07-09 12:54:00,12.467862,37.88729,3,7520
2025-07-09 13:04:00,12.467862,37.88729,3,7520
2025-07-09 13:14:00,12.467862,37.88729,3,7520
2025-07-09 13:24:00,12.467862,37.88729,3,7520
2025-07-09 13:34:00,12.467862,37.88729,3,7520
2025-07-09 13:44:00,12.467862,37.88729,3,7520
2025-07-09 13:54:00,12.467862,37.88729,3,7520
2025-07-09 14:04:00,12.467862,37.88729,3,7520
2025-07-09 14:14:00,12.467862,37.88729,3,7520
2025-07-09 14:24:00,12.467862,37.88729,3,7520
2025-07-09 14:34:00,12.467862,37.88729,3,7520
2025-07-09 14:44:00,12.467862,37.88729,3,7520
2025-07-09 14:54:00,12.467862,37.88729,3,7520
2025-07-09 15:04:00,12.467899,37.88652,3,7520
2025-07-09 15:14:00,12.467895,37.88574,3,7520
2025-07-09 15:24:00,12.467821,37.884212,3,7520
2025-07-09 15:34:00,12.467649,37.88275,3,7520
2025-07-09 15:44:00,12.467414,37.881317,3,7520
2025-07-09 15:54:00,12.467248,37.879845,3,7520
2025-07-09 16:04:00,12.467098,37.878365,3,7520
2025-07-09 16:14:00,12.466851,37.87694,3,7520
2025-07-09 16:24:00,12.46676,37.875614,3,7520
2025-07-09 16:34:00,12.466792,37.874363,3,7520
2025-07-09 16:44:00,12.4668865,37.873177,3,7520
2025-07-09 16:54:00,12.466991,37.872017,3,7520
2025-07-09 17:04:00,12.467031,37.870888,3,7520
2025-07-09 17:14:00,12.467031,37.870888,3,7520
2025-07-09 17:24:00,12.467031,37.870888,3,7520
2025-07-09 17:34:00,12.467031,37.870888,3,7520
2025-07-09 17:44:00,12.467031,37.870888,3,7520
2025-07-09 17:54:00,12.467031,37.870888,3,7520
2025-07-09 18:04:00,12.466896,37.870403,3,7520
2025-07-09 18:14:00,12.466896,37.870403,3,7520
2025-07-09 18:24:00,12.466896,37.870403,3,7520
2025-07-09 18:34:00,12.466896,37.870403,3,7520
2025-07-09 18:44:00,12.466896,37.870403,3,7520
2025-07-09 18:54:00,12.466896,37.870403,3,7520
2025-07-09 19:04:00,12.466896,37.870403,3,7520
2025-07-09 19:14:00,12.466896,37.870403,3,7520
2025-07-09 19:24:00,12.466896,37.870403,3,7520
2025-07-09 19:34:00,12.466896,37.870403,3,7520
2025-07-09 19:44:00,12.466896,37.870403,3,7520
2025-07-09 19:54:00,12.466896,37.870403,3,7520
2025-07-09 20:04:00,12.466896,37.870403,3,7520
2025-07-09 20:14:00,12.466896,37.870403,3,7520
2025-07-09 20:24:00,12.466896,37.870403,3,7520
2025-07-09 20:34:00,12.466896,37.870403,3,7520
2025-07-09 20:44:00,12.466896,37.870403,3,7520
2025-07-09 20:54:00,12.466896,37.870403,3,7520
2025-07-09 21:04:00,12.466896,37.870403,3,7520
2025-07-09 21:14:00,12.466896,37.870403,3,7520
2025-07-09 21:24:00,12.466896,37.870403,3,7520
2025-07-09 21:34:00,12.466896,37.870403,3,7520
2025-07-09 21:44:00,12.466896,37.870403,3,7520
2025-07-09 21:54:00,12.466896,37.870403,3,7520
2025-07-09 22:04:00,12.466896,37.870403,3,7520
2025-07-09 22:14:00,12.466896,37.870403,3,7520
2025-07-09 22:24:00,12.466896,37.870403,3,7520
2025-07-09 22:34:00,12.466896,37.870403,3,7520
2025-07-09 22:44:00,12.466896,37.870403,3,7520
2025-07-09 22:54:00,12.466896,37.870403,3,7520
2025-07-09 23:04:00,12.466896,37.870403,3,7520
2025-07-09 23:14:00,12.466896,37.870403,3,7520
2025-07-09 23:24:00,12.466896,37.870403,3,7520
2025-07-09 23:34:00,12.466896,37.870403,3,7520
2025-07-09 23:44:00,12.466896,37.870403,3,7520
2025-07-09 23:54:00,12.466896,37.870403,3,7520
2025-07-10 00:04:00,12.466896,37.870403,3,7520
2025-07-08 07:44:00,12.44983,37.88919,3,930
2025-07-08 07:54:00,12.450362,37.88932,3,930
2025-07-08 08:04:00,12.450902,37.889465,3,930
2025-07-08 08:14:00,12.451437,37.889614,3,930
2025-07-08 08:24:00,12.451963,37.88976,3,930
2025-07-08 08:34:00,12.452485,37.889904,3,930
2025-07-08 08:44:00,12.453005,37.890057,3,930
2025-07-08 08:54:00,12.4535265,37.890213,3,930
2025-07-08 09:04:00,12.454049,37.890366,3,930
2025-07-08 09:14:00,12.454601,37.89052,3,930
2025-07-08 09:24:00,12.455211,37.890675,3,930
2025-07-08 09:34:00,12.455877,37.89084,3,930
2025-07-08 09:44:00,12.4566,37.89099,3,930
2025-07-08 09:54:00,12.457401,37.891098,3,930
2025-07-08 10:04:00,12.458284,37.891148,3,930
2025-07-08 10:14:00,12.459184,37.891163,3,930
2025-07-08 10:24:00,12.460067,37.891148,3,930
2025-07-08 10:34:00,12.460944,37.891113,3,930
2025-07-08 10:44:00,12.461833,37.89106,3,930
2025-07-08 10:54:00,12.462731,37.89099,3,930
2025-07-08 11:04:00,12.463626,37.89091,3,930
2025-07-08 11:14:00,12.464486,37.890797,3,930
2025-07-08 11:24:00,12.464486,37.890797,3,930
2025-07-08 11:34:00,12.464486,37.890797,3,930
2025-07-08 11:44:00,12.464486,37.890797,3,930
2025-07-08 11:54:00,12.464486,37.890797,3,930
2025-07-08 12:04:00,12.464486,37.890797,3,930
2025-07-08 12:14:00,12.464486,37.890797,3,930
2025-07-08 12:24:00,12.464486,37.890797,3,930
2025-07-08 12:34:00,12.464486,37.890797,3,930
2025-07-08 12:44:00,12.464486,37.890797,3,930
2025-07-08 12:54:00,12.464486,37.890797,3,930
2025-07-08 13:04:00,12.464486,37.890797,3,930
2025-07-08 13:14:00,12.464486,37.890797,3,930
2025-07-08 13:24:00,12.464486,37.890797,3,930
2025-07-08 13:34:00,12.464486,37.890797,3,930
2025-07-08 13:44:00,12.464486,37.890797,3,930
2025-07-08 13:54:00,12.464486,37.890797,3,930
2025-07-08 14:04:00,12.464486,37.890797,3,930
2025-07-08 14:14:00,12.464486,37.890797,3,930
2025-07-08 14:24:00,12.464486,37.890797,3,930
2025-07-08 14:34:00,12.464486,37.890797,3,930
2025-07-08 14:44:00,12.464486,37.890797,3,930
2025-07-08 14:54:00,12.464486,37.890797,3,930
2025-07-08 15:04:00,12.464486,37.890797,3,930
2025-07-08 15:14:00,12.464486,37.890797,3,930
2025-07-08 15:24:00,12.464486,37.890797,3,930
2025-07-08 15:34:00,12.464486,37.890797,3,930
2025-07-08 15:44:00,12.464486,37.890797,3,930
2025-07-08 15:54:00,12.464486,37.890797,3,930
2025-07-08 16:04:00,12.464486,37.890797,3,930
2025-07-08 16:14:00,12.464486,37.890797,3,930
2025-07-08 16:24:00,12.464486,37.890797,3,930
2025-07-08 16:34:00,12.464486,37.890797,3,930
2025-07-08 16:44:00,12.464486,37.890797,3,930
2025-07-08 16:54:00,12.464486,37.890797,3,930
2025-07-08 17:04:00,12.464486,37.890797,3,930
2025-07-08 17:14:00,12.464486,37.890797,3,930
2025-07-08 17:24:00,12.464486,37.890797,3,930
2025-07-08 17:34:00,12.464486,37.890797,3,930
2025-07-08 17:44:00,12.464486,37.890797,3,930
2025-07-08 17:54:00,12.464486,37.890797,3,930
2025-07-08 18:04:00,12.464486,37.890797,3,930
2025-07-08 18:14:00,12.464486,37.890797,3,930
2025-07-08 18:24:00,12.464486,37.890797,3,930
2025-07-08 18:34:00,12.464486,37.890797,3,930
2025-07-08 18:44:00,12.464486,37.890797,3,930
2025-07-08 18:54:00,12.464486,37.890797,3,930
2025-07-08 19:04:00,12.464486,37.890797,3,930
2025-07-08 19:14:00,12.464486,37.890797,3,930
2025-07-08 19:24:00,12.464486,37.890797,3,930
2025-07-08 19:34:00,12.464486,37.890797,3,930
2025-07-08 19:44:00,12.464486,37.890797,3,930
2025-07-08 19:54:00,12.464486,37.890797,3,930
2025-07-08 20:04:00,12.464486,37.890797,3,930
2025-07-08 20:14:00,12.464486,37.890797,3,930
2025-07-08 20:24:00,12.464486,37.890797,3,930
2025-07-08 20:34:00,12.464486,37.890797,3,930
2025-07-08 20:44:00,12.464486,37.890797,3,930
2025-07-08 20:54:00,12.464486,37.890797,3,930
2025-07-08 21:04:00,12.464486,37.890797,3,930
2025-07-08 21:14:00,12.464486,37.890797,3,930
2025-07-08 21:24:00,12.464486,37.890797,3,930
2025-07-08 21:34:00,12.464486,37.890797,3,930
2025-07-08 21:44:00,12.464486,37.890797,3,930
2025-07-08 21:54:00,12.464486,37.890797,3,930
2025-07-08 22:04:00,12.464486,37.890797,3,930
2025-07-08 22:14:00,12.464486,37.890797,3,930
2025-07-08 22:24:00,12.464486,37.890797,3,930
2025-07-08 22:34:00,12.464486,37.890797,3,930
2025-07-08 22:44:00,12.464486,37.890797,3,930
2025-07-08 22:54:00,12.464486,37.890797,3,930
2025-07-08 23:04:00,12.464486,37.890797,3,930
2025-07-08 23:14:00,12.464486,37.890797,3,930
2025-07-08 23:24:00,12.464486,37.890797,3,930
2025-07-08 23:34:00,12.464486,37.890797,3,930
2025-07-08 23:44:00,12.464486,37.890797,3,930
2025-07-08 23:54:00,12.464486,37.890797,3,930
2025-07-09 00:04:00,12.464486,37.890797,3,930
2025-07-09 00:14:00,12.464486,37.890797,3,930
2025-07-09 00:24:00,12.464486,37.890797,3,930
2025-07-09 00:34:00,12.464486,37.890797,3,930
2025-07-09 00:44:00,12.464486,37.890797,3,930
2025-07-09 00:54:00,12.464486,37.890797,3,930
2025-07-09 01:04:00,12.464486,37.890797,3,930
2025-07-09 01:14:00,12.464486,37.890797,3,930
2025-07-09 01:24:00,12.464486,37.890797,3,930
2025-07-09 01:34:00,12.464486,37.890797,3,930
2025-07-09 01:44:00,12.464486,37.890797,3,930
2025-07-09 01:54:00,12.464486,37.890797,3,930
2025-07-09 02:04:00,12.464486,37.890797,3,930
2025-07-09 02:14:00,12.464486,37.890797,3,930
2025-07-09 02:24:00,12.464486,37.890797,3,930
2025-07-09 02:34:00,12.464486,37.890797,3,930
2025-07-09 02:44:00,12.464486,37.890797,3,930
2025-07-09 02:54:00,12.464486,37.890797,3,930
2025-07-09 03:04:00,12.464486,37.890797,3,930
2025-07-09 03:14:00,12.464486,37.890797,3,930
2025-07-09 03:24:00,12.464486,37.890797,3,930
2025-07-09 03:34:00,12.464486,37.890797,3,930
2025-07-09 03:44:00,12.464486,37.890797,3,930
2025-07-09 03:54:00,12.464486,37.890797,3,930
2025-07-09 04:04:00,12.464486,37.890797,3,930
2025-07-09 04:14:00,12.464486,37.890797,3,930
2025-07-09 04:24:00,12.464486,37.890797,3,930
2025-07-09 04:34:00,12.464486,37.890797,3,930
2025-07-09 04:44:00,12.464486,37.890797,3,930
2025-07-09 04:54:00,12.464486,37.890797,3,930
2025-07-09 05:04:00,12.464486,37.890797,3,930
2025-07-09 05:14:00,12.464486,37.890797,3,930
2025-07-09 05:24:00,12.464486,37.890797,3,930
2025-07-09 05:34:00,12.464486,37.890797,3,930
2025-07-09 05:44:00,12.465112,37.890255,3,930
2025-07-09 05:54:00,12.465112,37.890255,3,930
2025-07-09 06:04:00,12.465112,37.890255,3,930
2025-07-09 06:14:00,12.465652,37.889694,3,930
2025-07-09 06:24:00,12.466687,37.88857,3,930
2025-07-09 06:34:00,12.467642,37.887398,3,930
2025-07-09 06:44:00,12.467642,37.887398,3,930
2025-07-09 06:54:00,12.467642,37.887398,3,930
2025-07-09 07:04:00,12.467642,37.887398,3,930
2025-07-09 07:14:00,12.467642,37.887398,3,930
2025-07-09 07:24:00,12.467642,37.887398,3,930
2025-07-09 07:34:00,12.467642,37.887398,3,930
2025-07-09 07:44:00,12.467642,37.887398,3,930
2025-07-09 07:54:00,12.467642,37.887398,3,930
2025-07-09 08:04:00,12.467642,37.887398,3,930
2025-07-09 08:14:00,12.467642,37.887398,3,930
2025-07-09 08:24:00,12.467642,37.887398,3,930
2025-07-09 08:34:00,12.467642,37.887398,3,930
2025-07-09 08:44:00,12.467642,37.887398,3,930
2025-07-09 08:54:00,12.467642,37.887398,3,930
2025-07-09 09:04:00,12.467642,37.887398,3,930
2025-07-09 09:14:00,12.467642,37.887398,3,930
2025-07-09 09:24:00,12.467642,37.887398,3,930
2025-07-09 09:34:00,12.467642,37.887398,3,930
2025-07-09 09:44:00,12.467642,37.887398,3,930
2025-07-09 09:54:00,12.467642,37.887398,3,930
2025-07-09 10:04:00,12.467642,37.887398,3,930
2025-07-09 10:14:00,12.467642,37.887398,3,930
2025-07-09 10:24:00,12.467642,37.887398,3,930
2025-07-09 10:34:00,12.467642,37.887398,3,930
2025-07-09 10:44:00,12.467642,37.887398,3,930
2025-07-09 10:54:00,12.467642,37.887398,3,930
2025-07-09 11:04:00,12.467642,37.887398,3,930
2025-07-09 11:14:00,12.467642,37.887398,3,930
2025-07-09 11:24:00,12.467642,37.887398,3,930
2025-07-09 11:34:00,12.467642,37.887398,3,930
2025-07-09 11:44:00,12.467642,37.887398,3,930
2025-07-09 11:54:00,12.467642,37.887398,3,930
2025-07-09 12:04:00,12.467642,37.887398,3,930
2025-07-09 12:14:00,12.467642,37.887398,3,930
2025-07-09 12:24:00,12.467642,37.887398,3,930
2025-07-09 12:34:00,12.467642,37.887398,3,930
2025-07-09 12:44:00,12.467642,37.887398,3,930
2025-07-09 12:54:00,12.467902,37.88677,3,930
2025-07-09 13:04:00,12.467902,37.88677,3,930
2025-07-09 13:14:00,12.467902,37.88677,3,930
2025-07-09 13:24:00,12.467902,37.88677,3,930
2025-07-09 13:34:00,12.467902,37.88677,3,930
2025-07-09 13:44:00,12.467902,37.88677,3,930
2025-07-09 13:54:00,12.467902,37.88677,3,930
2025-07-09 14:04:00,12.467902,37.88677,3,930
2025-07-09 14:14:00,12.467902,37.88677,3,930
2025-07-09 14:24:00,12.467902,37.88677,3,930
2025-07-09 14:34:00,12.467902,37.88677,3,930
2025-07-09 14:44:00,12.467902,37.88677,3,930
2025-07-09 14:54:00,12.467902,37.88677,3,930
2025-07-09 15:04:00,12.467902,37.88677,3,930
2025-07-09 15:14:00,12.467902,37.88677,3,930
2025-07-09 15:24:00,12.467902,37.88677,3,930
2025-07-09 15:34:00,12.46786,37.88526,3,930
2025-07-09 15:44:00,12.467721,37.8838,3,930
2025-07-09 15:54:00,12.467488,37.882385,3,930
2025-07-09 16:04:00,12.467214,37.880997,3,930
2025-07-09 16:14:00,12.467076,37.879543,3,930
2025-07-09 16:24:00,12.466908,37.878086,3,930
2025-07-09 16:34:00,12.466665,37.876698,3,930
2025-07-09 16:44:00,12.466609,37.875393,3,930
2025-07-09 16:54:00,12.466645,37.874157,3,930
2025-07-09 17:04:00,12.466734,37.87298,3,930
2025-07-09 17:14:00,12.466818,37.871845,3,930
2025-07-09 17:24:00,12.466785,37.87076,3,930
2025-07-09 17:34:00,12.466785,37.87076,3,930
2025-07-09 17:44:00,12.466785,37.87076,3,930
2025-07-09 17:54:00,12.466785,37.87076,3,930
2025-07-09 18:04:00,12.466785,37.87076,3,930
2025-07-09 18:14:00,12.466785,37.87076,3,930
2025-07-09 18:24:00,12.466785,37.87076,3,930
2025-07-09 18:34:00,12.466785,37.87076,3,930
2025-07-09 18:44:00,12.466785,37.87076,3,930
2025-07-09 18:54:00,12.466785,37.87076,3,930
2025-07-09 19:04:00,12.466785,37.87076,3,930
2025-07-09 19:14:00,12.466785,37.87076,3,930
2025-07-09 19:24:00,12.466785,37.87076,3,930
2025-07-09 19:34:00,12.466785,37.87076,3,930
2025-07-09 19:44:00,12.466785,37.87076,3,930
2025-07-09 19:54:00,12.466785,37.87076,3,930
2025-07-09 20:04:00,12.466785,37.87076,3,930
2025-07-09 20:14:00,12.466785,37.87076,3,930
2025-07-09 20:24:00,12.466785,37.87076,3,930
2025-07-09 20:34:00,12.466785,37.87076,3,930
2025-07-09 20:44:00,12.466785,37.87076,3,930
2025-07-09 20:54:00,12.466785,37.87076,3,930
2025-07-09 21:04:00,12.466785,37.87076,3,930
2025-07-09 21:14:00,12.466785,37.87076,3,930
2025-07-09 21:24:00,12.466785,37.87076,3,930
2025-07-09 21:34:00,12.466785,37.87076,3,930
2025-07-09 21:44:00,12.466785,37.87076,3,930
2025-07-09 21:54:00,12.466785,37.87076,3,930
2025-07-09 22:04:00,12.466785,37.87076,3,930
2025-07-09 22:14:00,12.466785,37.87076,3,930
2025-07-09 22:24:00,12.466785,37.87076,3,930
2025-07-09 22:34:00,12.466785,37.87076,3,930
2025-07-09 22:44:00,12.466785,37.87076,3,930
2025-07-09 22:54:00,12.466785,37.87076,3,930
2025-07-09 23:04:00,12.466785,37.87076,3,930
2025-07-09 23:14:00,12.46667,37.870407,3,930
2025-07-09 23:24:00,12.46667,37.870407,3,930
2025-07-09 23:34:00,12.46667,37.870407,3,930
2025-07-09 23:44:00,12.46667,37.870407,3,930
2025-07-09 23:54:00,12.46667,37.870407,3,930
2025-07-10 00:04:00,12.46667,37.870407,3,930
2025-07-08 10:44:00,12.45028,37.88513,4,2520
2025-07-08 10:54:00,12.451071,37.885,4,2520
2025-07-08 11:04:00,12.451871,37.884735,4,2520
2025-07-08 11:14:00,12.45265,37.884346,4,2520
2025-07-08 11:24:00,12.453405,37.88398,4,2520
2025-07-08 11:34:00,12.453405,37.88398,4,2520
2025-07-08 11:44:00,12.453405,37.88398,4,2520
2025-07-08 11:54:00,12.453722,37.883755,4,2520
2025-07-08 12:04:00,12.453722,37.883755,4,2520
2025-07-08 12:14:00,12.453722,37.883755,4,2520
2025-07-08 12:24:00,12.453722,37.883755,4,2520
2025-07-08 12:34:00,12.453722,37.883755,4,2520
2025-07-08 12:44:00,12.453722,37.883755,4,2520
2025-07-08 12:54:00,12.453722,37.883755,4,2520
2025-07-08 13:04:00,12.453722,37.883755,4,2520
2025-07-08 13:14:00,12.453722,37.883755,4,2520
2025-07-08 13:24:00,12.453722,37.883755,4,2520
2025-07-08 13:34:00,12.453722,37.883755,4,2520
2025-07-08 13:44:00,12.453722,37.883755,4,2520
2025-07-08 13:54:00,12.453722,37.883755,4,2520
2025-07-08 14:04:00,12.453722,37.883755,4,2520
2025-07-08 14:14:00,12.453722,37.883755,4,2520
2025-07-08 14:24:00,12.453722,37.883755,4,2520
2025-07-08 14:34:00,12.453722,37.883755,4,2520
2025-07-08 14:44:00,12.453722,37.883755,4,2520
2025-07-08 14:54:00,12.453722,37.883755,4,2520
2025-07-08 15:04:00,12.453722,37.883755,4,2520
2025-07-08 15:14:00,12.453722,37.883755,4,2520
2025-07-08 15:24:00,12.453722,37.883755,4,2520
2025-07-08 15:34:00,12.453722,37.883755,4,2520
2025-07-08 15:44:00,12.453722,37.883755,4,2520
2025-07-08 15:54:00,12.453722,37.883755,4,2520
2025-07-08 16:04:00,12.453722,37.883755,4,2520
2025-07-08 16:14:00,12.453722,37.883755,4,2520
2025-07-08 16:24:00,12.453722,37.883755,4,2520
2025-07-08 16:34:00,12.453722,37.883755,4,2520
2025-07-08 16:44:00,12.453722,37.883755,4,2520
2025-07-08 16:54:00,12.453722,37.883755,4,2520
2025-07-08 17:04:00,12.453722,37.883755,4,2520
2025-07-08 17:14:00,12.453722,37.883755,4,2520
2025-07-08 17:24:00,12.453722,37.883755,4,2520
2025-07-08 17:34:00,12.453722,37.883755,4,2520
2025-07-08 17:44:00,12.453722,37.883755,4,2520
2025-07-08 17:54:00,12.453722,37.883755,4,2520
2025-07-08 18:04:00,12.453722,37.883755,4,2520
2025-07-08 18:14:00,12.453722,37.883755,4,2520
2025-07-08 18:24:00,12.453722,37.883755,4,2520
2025-07-08 18:34:00,12.453722,37.883755,4,2520
2025-07-08 18:44:00,12.453722,37.883755,4,2520
2025-07-08 18:54:00,12.453722,37.883755,4,2520
2025-07-08 19:04:00,12.453722,37.883755,4,2520
2025-07-08 19:14:00,12.453722,37.883755,4,2520
2025-07-08 19:24:00,12.453722,37.883755,4,2520
2025-07-08 19:34:00,12.453722,37.883755,4,2520
2025-07-08 19:44:00,12.453722,37.883755,4,2520
2025-07-08 19:54:00,12.453722,37.883755,4,2520
2025-07-08 20:04:00,12.453722,37.883755,4,2520
2025-07-08 20:14:00,12.453722,37.883755,4,2520
2025-07-08 20:24:00,12.453722,37.883755,4,2520
2025-07-08 20:34:00,12.453722,37.883755,4,2520
2025-07-08 20:44:00,12.453722,37.883755,4,2520
2025-07-08 20:54:00,12.453722,37.883755,4,2520
2025-07-08 21:04:00,12.453722,37.883755,4,2520
2025-07-08 21:14:00,12.453722,37.883755,4,2520
2025-07-08 21:24:00,12.453722,37.883755,4,2520
2025-07-08 21:34:00,12.453722,37.883755,4,2520
2025-07-08 21:44:00,12.453722,37.883755,4,2520
2025-07-08 21:54:00,12.453722,37.883755,4,2520
2025-07-08 22:04:00,12.453722,37.883755,4,2520
2025-07-08 22:14:00,12.453722,37.883755,4,2520
2025-07-08 22:24:00,12.453722,37.883755,4,2520
2025-07-08 22:34:00,12.453722,37.883755,4,2520
2025-07-08 22:44:00,12.453722,37.883755,4,2520
2025-07-08 22:54:00,12.453722,37.883755,4,2520
2025-07-08 23:04:00,12.453722,37.883755,4,2520
2025-07-08 23:14:00,12.453722,37.883755,4,2520
2025-07-08 23:24:00,12.453722,37.883755,4,2520
2025-07-08 23:34:00,12.453722,37.883755,4,2520
2025-07-08 23:44:00,12.453722,37.883755,4,2520
2025-07-08 23:54:00,12.453722,37.883755,4,2520
2025-07-09 00:04:00,12.453722,37.883755,4,2520
2025-07-09 00:14:00,12.453722,37.883755,4,2520
2025-07-09 00:24:00,12.453722,37.883755,4,2520
2025-07-09 00:34:00,12.453722,37.883755,4,2520
2025-07-09 00:44:00,12.453722,37.883755,4,2520
2025-07-09 00:54:00,12.453722,37.883755,4,2520
2025-07-09 01:04:00,12.453722,37.883755,4,2520
2025-07-09 01:14:00,12.453722,37.883755,4,2520
2025-07-09 01:24:00,12.453722,37.883755,4,2520
2025-07-09 01:34:00,12.453722,37.883755,4,2520
2025-07-09 01:44:00,12.453722,37.883755,4,2520
2025-07-09 01:54:00,12.453722,37.883755,4,2520
2025-07-09 02:04:00,12.453722,37.883755,4,2520
2025-07-09 02:14:00,12.453722,37.883755,4,2520
2025-07-09 02:24:00,12.453722,37.883755,4,2520
2025-07-09 02:34:00,12.453722,37.883755,4,2520
2025-07-09 02:44:00,12.453722,37.883755,4,2520
2025-07-09 02:54:00,12.453722,37.883755,4,2520
2025-07-09 03:04:00,12.453722,37.883755,4,2520
2025-07-09 03:14:00,12.453722,37.883755,4,2520
2025-07-09 03:24:00,12.453722,37.883755,4,2520
2025-07-09 03:34:00,12.453722,37.883755,4,2520
2025-07-09 03:44:00,12.453722,37.883755,4,2520
2025-07-09 03:54:00,12.453722,37.883755,4,2520
2025-07-09 04:04:00,12.453722,37.883755,4,2520
2025-07-09 04:14:00,12.453722,37.883755,4,2520
2025-07-09 04:24:00,12.453722,37.883755,4,2520
2025-07-09 04:34:00,12.453722,37.883755,4,2520
2025-07-09 04:44:00,12.453722,37.883755,4,2520
2025-07-09 04:54:00,12.453722,37.883755,4,2520
2025-07-09 05:04:00,12.453722,37.883755,4,2520
2025-07-09 05:14:00,12.453722,37.883755,4,2520
2025-07-09 05:24:00,12.453722,37.883755,4,2520
2025-07-09 05:34:00,12.453722,37.883755,4,2520
2025-07-09 05:44:00,12.453722,37.883755,4,2520
2025-07-09 05:54:00,12.453722,37.883755,4,2520
2025-07-09 06:04:00,12.453722,37.883755,4,2520
2025-07-09 06:14:00,12.453722,37.883755,4,2520
2025-07-09 06:24:00,12.453722,37.883755,4,2520
2025-07-09 06:34:00,12.453722,37.883755,4,2520
2025-07-09 06:44:00,12.453722,37.883755,4,2520
2025-07-09 06:54:00,12.453722,37.883755,4,2520
2025-07-09 07:04:00,12.453722,37.883755,4,2520
2025-07-09 07:14:00,12.453722,37.883755,4,2520
2025-07-09 07:24:00,12.453722,37.883755,4,2520
2025-07-09 07:34:00,12.453722,37.883755,4,2520
2025-07-09 07:44:00,12.453722,37.883755,4,2520
2025-07-09 07:54:00,12.453722,37.883755,4,2520
2025-07-09 08:04:00,12.453722,37.883755,4,2520
2025-07-09 08:14:00,12.453722,37.883755,4,2520
2025-07-09 08:24:00,12.453722,37.883755,4,2520
2025-07-09 08:34:00,12.453722,37.883755,4,2520
2025-07-09 08:44:00,12.453722,37.883755,4,2520
2025-07-09 08:54:00,12.453722,37.883755,4,2520
2025-07-09 09:04:00,12.453722,37.883755,4,2520
2025-07-09 09:14:00,12.453722,37.883755,4,2520
2025-07-09 09:24:00,12.453722,37.883755,4,2520
2025-07-09 09:34:00,12.453722,37.883755,4,2520
2025-07-09 09:44:00,12.453722,37.883755,4,2520
2025-07-09 09:54:00,12.453722,37.883755,4,2520
2025-07-09 10:04:00,12.453722,37.883755,4,2520
2025-07-09 10:14:00,12.453722,37.883755,4,2520
2025-07-09 10:24:00,12.453722,37.883755,4,2520
2025-07-09 10:34:00,12.453722,37.883755,4,2520
2025-07-09 10:44:00,12.453722,37.883755,4,2520
2025-07-09 10:54:00,12.453722,37.883755,4,2520
2025-07-09 11:04:00,12.453722,37.883755,4,2520
2025-07-09 11:14:00,12.453722,37.883755,4,2520
2025-07-09 11:24:00,12.453722,37.883755,4,2520
2025-07-09 11:34:00,12.453722,37.883755,4,2520
2025-07-09 11:44:00,12.453722,37.883755,4,2520
2025-07-09 11:54:00,12.453722,37.883755,4,2520
2025-07-09 12:04:00,12.453722,37.883755,4,2520
2025-07-09 12:14:00,12.453722,37.883755,4,2520
2025-07-09 12:24:00,12.453722,37.883755,4,2520
2025-07-09 12:34:00,12.453722,37.883755,4,2520
2025-07-09 12:44:00,12.453722,37.883755,4,2520
2025-07-09 12:54:00,12.453722,37.883755,4,2520
2025-07-09 13:04:00,12.453722,37.883755,4,2520
2025-07-09 13:14:00,12.453722,37.883755,4,2520
2025-07-09 13:24:00,12.453722,37.883755,4,2520
2025-07-09 13:34:00,12.453722,37.883755,4,2520
2025-07-09 13:44:00,12.453722,37.883755,4,2520
2025-07-09 13:54:00,12.453722,37.883755,4,2520
2025-07-09 14:04:00,12.453722,37.883755,4,2520
2025-07-09 14:14:00,12.453722,37.883755,4,2520
2025-07-09 14:24:00,12.453722,37.883755,4,2520
2025-07-09 14:34:00,12.453722,37.883755,4,2520
2025-07-09 14:44:00,12.453722,37.883755,4,2520
2025-07-09 14:54:00,12.453722,37.883755,4,2520
2025-07-09 15:04:00,12.453722,37.883755,4,2520
2025-07-09 15:14:00,12.453722,37.883755,4,2520
2025-07-09 15:24:00,12.453722,37.883755,4,2520
2025-07-09 15:34:00,12.453722,37.883755,4,2520
2025-07-09 15:44:00,12.453722,37.883755,4,2520
2025-07-09 15:54:00,12.453722,37.883755,4,2520
2025-07-09 16:04:00,12.453722,37.883755,4,2520
2025-07-09 16:14:00,12.453722,37.883755,4,2520
2025-07-09 16:24:00,12.453722,37.883755,4,2520
2025-07-09 16:34:00,12.453722,37.883755,4,2520
2025-07-09 16:44:00,12.453722,37.883755,4,2520
2025-07-09 16:54:00,12.453722,37.883755,4,2520
2025-07-09 17:04:00,12.453722,37.883755,4,2520
2025-07-09 17:14:00,12.453722,37.883755,4,2520
2025-07-09 17:24:00,12.453722,37.883755,4,2520
2025-07-09 17:34:00,12.453722,37.883755,4,2520
2025-07-09 17:44:00,12.453722,37.883755,4,2520
2025-07-09 17:54:00,12.453722,37.883755,4,2520
2025-07-09 18:04:00,12.453722,37.883755,4,2520
2025-07-09 18:14:00,12.453722,37.883755,4,2520
2025-07-09 18:24:00,12.453722,37.883755,4,2520
2025-07-09 18:34:00,12.453722,37.883755,4,2520
2025-07-09 18:44:00,12.453722,37.883755,4,2520
2025-07-09 18:54:00,12.453722,37.883755,4,2520
2025-07-09 19:04:00,12.453722,37.883755,4,2520
2025-07-09 19:14:00,12.453722,37.883755,4,2520
2025-07-09 19:24:00,12.453722,37.883755,4,2520
2025-07-09 19:34:00,12.453722,37.883755,4,2520
2025-07-09 19:44:00,12.453722,37.883755,4,2520
2025-07-09 19:54:00,12.453722,37.883755,4,2520
2025-07-09 20:04:00,12.453722,37.883755,4,2520
2025-07-09 20:14:00,12.453722,37.883755,4,2520
2025-07-09 20:24:00,12.453722,37.883755,4,2520
2025-07-09 20:34:00,12.453722,37.883755,4,2520
2025-07-09 20:44:00,12.453722,37.883755,4,2520
2025-07-09 20:54:00,12.453722,37.883755,4,2520
2025-07-09 21:04:00,12.453722,37.883755,4,2520
2025-07-09 21:14:00,12.453722,37.883755,4,2520
2025-07-09 21:24:00,12.453722,37.883755,4,2520
2025-07-09 21:34:00,12.453722,37.883755,4,2520
2025-07-09 21:44:00,12.453722,37.883755,4,2520
2025-07-09 21:54:00,12.453722,37.883755,4,2520
2025-07-09 22:04:00,12.453722,37.883755,4,2520
2025-07-09 22:14:00,12.453722,37.883755,4,2520
2025-07-09 22:24:00,12.453722,37.883755,4,2520
2025-07-09 22:34:00,12.453722,37.883755,4,2520
2025-07-09 22:44:00,12.453722,37.883755,4,2520
2025-07-09 22:54:00,12.453722,37.883755,4,2520
2025-07-09 23:04:00,12.453722,37.883755,4,2520
2025-07-09 23:14:00,12.453722,37.883755,4,2520
2025-07-09 23:24:00,12.453722,37.883755,4,2520
2025-07-09 23:34:00,12.453722,37.883755,4,2520
2025-07-09 23:44:00,12.453722,37.883755,4,2520
2025-07-09 23:54:00,12.453722,37.883755,4,2520
2025-07-10 00:04:00,12.453722,37.883755,4,2520
2025-07-08 10:44:00,12.45017,37.8852,4,7520
2025-07-08 10:54:00,12.450956,37.885086,4,7520
2025-07-08 11:04:00,12.451753,37.884842,4,7520
2025-07-08 11:14:00,12.45253,37.884468,4,7520
2025-07-08 11:24:00,12.453278,37.884098,4,7520
2025-07-08 11:34:00,12.453647,37.883923,4,7520
2025-07-08 11:44:00,12.453647,37.883923,4,7520
2025-07-08 11:54:00,12.453647,37.883923,4,7520
2025-07-08 12:04:00,12.453647,37.883923,4,7520
2025-07-08 12:14:00,12.453647,37.883923,4,7520
2025-07-08 12:24:00,12.453647,37.883923,4,7520
2025-07-08 12:34:00,12.453647,37.883923,4,7520
2025-07-08 12:44:00,12.453647,37.883923,4,7520
2025-07-08 12:54:00,12.453647,37.883923,4,7520
2025-07-08 13:04:00,12.453647,37.883923,4,7520
2025-07-08 13:14:00,12.453647,37.883923,4,7520
2025-07-08 13:24:00,12.453647,37.883923,4,7520
2025-07-08 13:34:00,12.453647,37.883923,4,7520
2025-07-08 13:44:00,12.453647,37.883923,4,7520
2025-07-08 13:54:00,12.453647,37.883923,4,7520
2025-07-08 14:04:00,12.453647,37.883923,4,7520
2025-07-08 14:14:00,12.453647,37.883923,4,7520
2025-07-08 14:24:00,12.453647,37.883923,4,7520
2025-07-08 14:34:00,12.453647,37.883923,4,7520
2025-07-08 14:44:00,12.453647,37.883923,4,7520
2025-07-08 14:54:00,12.453647,37.883923,4,7520
2025-07-08 15:04:00,12.453647,37.883923,4,7520
2025-07-08 15:14:00,12.453647,37.883923,4,7520
2025-07-08 15:24:00,12.453647,37.883923,4,7520
2025-07-08 15:34:00,12.453647,37.883923,4,7520
2025-07-08 15:44:00,12.453647,37.883923,4,7520
2025-07-08 15:54:00,12.453647,37.883923,4,7520
2025-07-08 16:04:00,12.453647,37.883923,4,7520
2025-07-08 16:14:00,12.453647,37.883923,4,7520
2025-07-08 16:24:00,12.453647,37.883923,4,7520
2025-07-08 16:34:00,12.453647,37.883923,4,7520
2025-07-08 16:44:00,12.453647,37.883923,4,7520
2025-07-08 16:54:00,12.453647,37.883923,4,7520
2025-07-08 17:04:00,12.453647,37.883923,4,7520
2025-07-08 17:14:00,12.453647,37.883923,4,7520
2025-07-08 17:24:00,12.453647,37.883923,4,7520
2025-07-08 17:34:00,12.453647,37.883923,4,7520
2025-07-08 17:44:00,12.453647,37.883923,4,7520
2025-07-08 17:54:00,12.453647,37.883923,4,7520
2025-07-08 18:04:00,12.453647,37.883923,4,7520
2025-07-08 18:14:00,12.453647,37.883923,4,7520
2025-07-08 18:24:00,12.453647,37.883923,4,7520
2025-07-08 18:34:00,12.453647,37.883923,4,7520
2025-07-08 18:44:00,12.453647,37.883923,4,7520
2025-07-08 18:54:00,12.453647,37.883923,4,7520
2025-07-08 19:04:00,12.453647,37.883923,4,7520
2025-07-08 19:14:00,12.453647,37.883923,4,7520
2025-07-08 19:24:00,12.453647,37.883923,4,7520
2025-07-08 19:34:00,12.453647,37.883923,4,7520
2025-07-08 19:44:00,12.453647,37.883923,4,7520
2025-07-08 19:54:00,12.453647,37.883923,4,7520
2025-07-08 20:04:00,12.453647,37.883923,4,7520
2025-07-08 20:14:00,12.453647,37.883923,4,7520
2025-07-08 20:24:00,12.453647,37.883923,4,7520
2025-07-08 20:34:00,12.453647,37.883923,4,7520
2025-07-08 20:44:00,12.453647,37.883923,4,7520
2025-07-08 20:54:00,12.453647,37.883923,4,7520
2025-07-08 21:04:00,12.453647,37.883923,4,7520
2025-07-08 21:14:00,12.453647,37.883923,4,7520
2025-07-08 21:24:00,12.453647,37.883923,4,7520
2025-07-08 21:34:00,12.453647,37.883923,4,7520
2025-07-08 21:44:00,12.453647,37.883923,4,7520
2025-07-08 21:54:00,12.453647,37.883923,4,7520
2025-07-08 22:04:00,12.453647,37.883923,4,7520
2025-07-08 22:14:00,12.453647,37.883923,4,7520
2025-07-08 22:24:00,12.453647,37.883923,4,7520
2025-07-08 22:34:00,12.453647,37.883923,4,7520
2025-07-08 22:44:00,12.453647,37.883923,4,7520
2025-07-08 22:54:00,12.453647,37.883923,4,7520
2025-07-08 23:04:00,12.453647,37.883923,4,7520
2025-07-08 23:14:00,12.453647,37.883923,4,7520
2025-07-08 23:24:00,12.453647,37.883923,4,7520
2025-07-08 23:34:00,12.453647,37.883923,4,7520
2025-07-08 23:44:00,12.453647,37.883923,4,7520
2025-07-08 23:54:00,12.453647,37.883923,4,7520
2025-07-09 00:04:00,12.453647,37.883923,4,7520
2025-07-09 00:14:00,12.453647,37.883923,4,7520
2025-07-09 00:24:00,12.453647,37.883923,4,7520
2025-07-09 00:34:00,12.453647,37.883923,4,7520
2025-07-09 00:44:00,12.453647,37.883923,4,7520
2025-07-09 00:54:00,12.453647,37.883923,4,7520
2025-07-09 01:04:00,12.453647,37.883923,4,7520
2025-07-09 01:14:00,12.453647,37.883923,4,7520
2025-07-09 01:24:00,12.453647,37.883923,4,7520
2025-07-09 01:34:00,12.453647,37.883923,4,7520
2025-07-09 01:44:00,12.453647,37.883923,4,7520
2025-07-09 01:54:00,12.453647,37.883923,4,7520
2025-07-09 02:04:00,12.453647,37.883923,4,7520
2025-07-09 02:14:00,12.453647,37.883923,4,7520
2025-07-09 02:24:00,12.453647,37.883923,4,7520
2025-07-09 02:34:00,12.453647,37.883923,4,7520
2025-07-09 02:44:00,12.453647,37.883923,4,7520
2025-07-09 02:54:00,12.453647,37.883923,4,7520
2025-07-09 03:04:00,12.453647,37.883923,4,7520
2025-07-09 03:14:00,12.453647,37.883923,4,7520
2025-07-09 03:24:00,12.453647,37.883923,4,7520
2025-07-09 03:34:00,12.453647,37.883923,4,7520
2025-07-09 03:44:00,12.453647,37.883923,4,7520
2025-07-09 03:54:00,12.453647,37.883923,4,7520
2025-07-09 04:04:00,12.453647,37.883923,4,7520
2025-07-09 04:14:00,12.453647,37.883923,4,7520
2025-07-09 04:24:00,12.453647,37.883923,4,7520
2025-07-09 04:34:00,12.453647,37.883923,4,7520
2025-07-09 04:44:00,12.453647,37.883923,4,7520
2025-07-09 04:54:00,12.453647,37.883923,4,7520
2025-07-09 05:04:00,12.453647,37.883923,4,7520
2025-07-09 05:14:00,12.453647,37.883923,4,7520
2025-07-09 05:24:00,12.453647,37.883923,4,7520
2025-07-09 05:34:00,12.453647,37.883923,4,7520
2025-07-09 05:44:00,12.453647,37.883923,4,7520
2025-07-09 05:54:00,12.453647,37.883923,4,7520
2025-07-09 06:04:00,12.453647,37.883923,4,7520
2025-07-09 06:14:00,12.453647,37.883923,4,7520
2025-07-09 06:24:00,12.453647,37.883923,4,7520
2025-07-09 06:34:00,12.453647,37.883923,4,7520
2025-07-09 06:44:00,12.453647,37.883923,4,7520
2025-07-09 06:54:00,12.453647,37.883923,4,7520
2025-07-09 07:04:00,12.453647,37.883923,4,7520
2025-07-09 07:14:00,12.453647,37.883923,4,7520
2025-07-09 07:24:00,12.453647,37.883923,4,7520
2025-07-09 07:34:00,12.453647,37.883923,4,7520
2025-07-09 07:44:00,12.453647,37.883923,4,7520
2025-07-09 07:54:00,12.453647,37.883923,4,7520
2025-07-09 08:04:00,12.453647,37.883923,4,7520
2025-07-09 08:14:00,12.453647,37.883923,4,7520
2025-07-09 08:24:00,12.453647,37.883923,4,7520
2025-07-09 08:34:00,12.453647,37.883923,4,7520
2025-07-09 08:44:00,12.453647,37.883923,4,7520
2025-07-09 08:54:00,12.453647,37.883923,4,7520
2025-07-09 09:04:00,12.453647,37.883923,4,7520
2025-07-09 09:14:00,12.453647,37.883923,4,7520
2025-07-09 09:24:00,12.453647,37.883923,4,7520
2025-07-09 09:34:00,12.453647,37.883923,4,7520
2025-07-09 09:44:00,12.453647,37.883923,4,7520
2025-07-09 09:54:00,12.453647,37.883923,4,7520
2025-07-09 10:04:00,12.453647,37.883923,4,7520
2025-07-09 10:14:00,12.453647,37.883923,4,7520
2025-07-09 10:24:00,12.453647,37.883923,4,7520
2025-07-09 10:34:00,12.453647,37.883923,4,7520
2025-07-09 10:44:00,12.453647,37.883923,4,7520
2025-07-09 10:54:00,12.453647,37.883923,4,7520
2025-07-09 11:04:00,12.453647,37.883923,4,7520
2025-07-09 11:14:00,12.453647,37.883923,4,7520
2025-07-09 11:24:00,12.453647,37.883923,4,7520
2025-07-09 11:34:00,12.453647,37.883923,4,7520
2025-07-09 11:44:00,12.453647,37.883923,4,7520
2025-07-09 11:54:00,12.453647,37.883923,4,7520
2025-07-09 12:04:00,12.453647,37.883923,4,7520
2025-07-09 12:14:00,12.453647,37.883923,4,7520
2025-07-09 12:24:00,12.453647,37.883923,4,7520
2025-07-09 12:34:00,12.453647,37.883923,4,7520
2025-07-09 12:44:00,12.453647,37.883923,4,7520
2025-07-09 12:54:00,12.453647,37.883923,4,7520
2025-07-09 13:04:00,12.453647,37.883923,4,7520
2025-07-09 13:14:00,12.453647,37.883923,4,7520
2025-07-09 13:24:00,12.453647,37.883923,4,7520
2025-07-09 13:34:00,12.453647,37.883923,4,7520
2025-07-09 13:44:00,12.453647,37.883923,4,7520
2025-07-09 13:54:00,12.453647,37.883923,4,7520
2025-07-09 14:04:00,12.453647,37.883923,4,7520
2025-07-09 14:14:00,12.453647,37.883923,4,7520
2025-07-09 14:24:00,12.453647,37.883923,4,7520
2025-07-09 14:34:00,12.453647,37.883923,4,7520
2025-07-09 14:44:00,12.453647,37.883923,4,7520
2025-07-09 14:54:00,12.453647,37.883923,4,7520
2025-07-09 15:04:00,12.453705,37.883114,4,7520
2025-07-09 15:14:00,12.453742,37.88156,4,7520
2025-07-09 15:24:00,12.453679,37.880104,4,7520
2025-07-09 15:34:00,12.453538,37.878708,4,7520
2025-07-09 15:44:00,12.453357,37.877342,4,7520
2025-07-09 15:54:00,12.4532175,37.87599,4,7520
2025-07-09 16:04:00,12.453147,37.87464,4,7520
2025-07-09 16:14:00,12.453156,37.873295,4,7520
2025-07-09 16:24:00,12.45304,37.872025,4,7520
2025-07-09 16:34:00,12.452786,37.870842,4,7520
2025-07-09 16:44:00,12.452583,37.86972,4,7520
2025-07-09 16:54:00,12.452398,37.86865,4,7520
2025-07-09 17:04:00,12.452195,37.867622,4,7520
2025-07-09 17:14:00,12.45201,37.866627,4,7520
2025-07-09 17:24:00,12.451867,37.865654,4,7520
2025-07-09 17:34:00,12.451735,37.86468,4,7520
2025-07-09 17:44:00,12.451591,37.863705,4,7520
2025-07-09 17:54:00,12.451419,37.862705,4,7520
2025-07-09 18:04:00,12.451219,37.861675,4,7520
2025-07-09 18:14:00,12.451021,37.860596,4,7520
2025-07-09 18:24:00,12.450843,37.85948,4,7520
2025-07-09 18:34:00,12.450694,37.858356,4,7520
2025-07-09 18:44:00,12.450562,37.85724,4,7520
2025-07-09 18:54:00,12.450376,37.85615,4,7520
2025-07-09 19:04:00,12.450159,37.85511,4,7520
2025-07-09 19:14:00,12.450085,37.85413,4,7520
2025-07-09 19:24:00,12.450112,37.853176,4,7520
2025-07-09 19:34:00,12.450075,37.852173,4,7520
2025-07-09 19:44:00,12.449972,37.8511,4,7520
2025-07-09 19:54:00,12.449821,37.84995,4,7520
2025-07-09 20:04:00,12.449586,37.848824,4,7520
2025-07-09 20:14:00,12.449586,37.848824,4,7520
2025-07-09 20:24:00,12.449586,37.848824,4,7520
2025-07-09 20:34:00,12.449586,37.848824,4,7520
2025-07-09 20:44:00,12.449586,37.848824,4,7520
2025-07-09 20:54:00,12.449586,37.848824,4,7520
2025-07-09 21:04:00,12.449586,37.848824,4,7520
2025-07-09 21:14:00,12.449586,37.848824,4,7520
2025-07-09 21:24:00,12.449586,37.848824,4,7520
2025-07-09 21:34:00,12.449586,37.848824,4,7520
2025-07-09 21:44:00,12.449586,37.848824,4,7520
2025-07-09 21:54:00,12.449586,37.848824,4,7520
2025-07-09 22:04:00,12.449586,37.848824,4,7520
2025-07-09 22:14:00,12.449586,37.848824,4,7520
2025-07-09 22:24:00,12.449586,37.848824,4,7520
2025-07-09 22:34:00,12.449586,37.848824,4,7520
2025-07-09 22:44:00,12.449586,37.848824,4,7520
2025-07-09 22:54:00,12.449586,37.848824,4,7520
2025-07-09 23:04:00,12.449586,37.848824,4,7520
2025-07-09 23:14:00,12.449586,37.848824,4,7520
2025-07-09 23:24:00,12.449586,37.848824,4,7520
2025-07-09 23:34:00,12.449586,37.848824,4,7520
2025-07-09 23:44:00,12.449586,37.848824,4,7520
2025-07-09 23:54:00,12.449586,37.848824,4,7520
2025-07-10 00:04:00,12.449626,37.848595,4,7520
2025-07-08 10:44:00,12.450524,37.88531,4,930
2025-07-08 10:54:00,12.451325,37.885143,4,930
2025-07-08 11:04:00,12.452135,37.884842,4,930
2025-07-08 11:14:00,12.452924,37.884476,4,930
2025-07-08 11:24:00,12.453688,37.884136,4,930
2025-07-08 11:34:00,12.453688,37.884136,4,930
2025-07-08 11:44:00,12.453688,37.884136,4,930
2025-07-08 11:54:00,12.453688,37.884136,4,930
2025-07-08 12:04:00,12.453688,37.884136,4,930
2025-07-08 12:14:00,12.453688,37.884136,4,930
2025-07-08 12:24:00,12.453688,37.884136,4,930
2025-07-08 12:34:00,12.453688,37.884136,4,930
2025-07-08 12:44:00,12.453688,37.884136,4,930
2025-07-08 12:54:00,12.453688,37.884136,4,930
2025-07-08 13:04:00,12.453688,37.884136,4,930
2025-07-08 13:14:00,12.453688,37.884136,4,930
2025-07-08 13:24:00,12.453688,37.884136,4,930
2025-07-08 13:34:00,12.453688,37.884136,4,930
2025-07-08 13:44:00,12.453688,37.884136,4,930
2025-07-08 13:54:00,12.453688,37.884136,4,930
2025-07-08 14:04:00,12.453688,37.884136,4,930
2025-07-08 14:14:00,12.453688,37.884136,4,930
2025-07-08 14:24:00,12.453688,37.884136,4,930
2025-07-08 14:34:00,12.453688,37.884136,4,930
2025-07-08 14:44:00,12.453688,37.884136,4,930
2025-07-08 14:54:00,12.453688,37.884136,4,930
2025-07-08 15:04:00,12.453688,37.884136,4,930
2025-07-08 15:14:00,12.453688,37.884136,4,930
2025-07-08 15:24:00,12.453688,37.884136,4,930
2025-07-08 15:34:00,12.453688,37.884136,4,930
2025-07-08 15:44:00,12.453688,37.884136,4,930
2025-07-08 15:54:00,12.453688,37.884136,4,930
2025-07-08 16:04:00,12.453688,37.884136,4,930
2025-07-08 16:14:00,12.453688,37.884136,4,930
2025-07-08 16:24:00,12.453688,37.884136,4,930
2025-07-08 16:34:00,12.453688,37.884136,4,930
2025-07-08 16:44:00,12.453688,37.884136,4,930
2025-07-08 16:54:00,12.453688,37.884136,4,930
2025-07-08 17:04:00,12.453688,37.884136,4,930
2025-07-08 17:14:00,12.453688,37.884136,4,930
2025-07-08 17:24:00,12.453688,37.884136,4,930
2025-07-08 17:34:00,12.453688,37.884136,4,930
2025-07-08 17:44:00,12.453688,37.884136,4,930
2025-07-08 17:54:00,12.453688,37.884136,4,930
2025-07-08 18:04:00,12.453688,37.884136,4,930
2025-07-08 18:14:00,12.453688,37.884136,4,930
2025-07-08 18:24:00,12.453688,37.884136,4,930
2025-07-08 18:34:00,12.453688,37.884136,4,930
2025-07-08 18:44:00,12.453688,37.884136,4,930
2025-07-08 18:54:00,12.453688,37.884136,4,930
2025-07-08 19:04:00,12.453688,37.884136,4,930
2025-07-08 19:14:00,12.453688,37.884136,4,930
2025-07-08 19:24:00,12.453688,37.884136,4,930
2025-07-08 19:34:00,12.453688,37.884136,4,930
2025-07-08 19:44:00,12.453688,37.884136,4,930
2025-07-08 19:54:00,12.453688,37.884136,4,930
2025-07-08 20:04:00,12.453688,37.884136,4,930
2025-07-08 20:14:00,12.453688,37.884136,4,930
2025-07-08 20:24:00,12.453688,37.884136,4,930
2025-07-08 20:34:00,12.453688,37.884136,4,930
2025-07-08 20:44:00,12.453688,37.884136,4,930
2025-07-08 20:54:00,12.453688,37.884136,4,930
2025-07-08 21:04:00,12.453688,37.884136,4,930
2025-07-08 21:14:00,12.453688,37.884136,4,930
2025-07-08 21:24:00,12.453688,37.884136,4,930
2025-07-08 21:34:00,12.453688,37.884136,4,930
2025-07-08 21:44:00,12.453688,37.884136,4,930
2025-07-08 21:54:00,12.453688,37.884136,4,930
2025-07-08 22:04:00,12.453688,37.884136,4,930
2025-07-08 22:14:00,12.453688,37.884136,4,930
2025-07-08 22:24:00,12.453688,37.884136,4,930
2025-07-08 22:34:00,12.453688,37.884136,4,930
2025-07-08 22:44:00,12.453688,37.884136,4,930
2025-07-08 22:54:00,12.453688,37.884136,4,930
2025-07-08 23:04:00,12.453688,37.884136,4,930
2025-07-08 23:14:00,12.453688,37.884136,4,930
2025-07-08 23:24:00,12.453688,37.884136,4,930
2025-07-08 23:34:00,12.453688,37.884136,4,930
2025-07-08 23:44:00,12.453688,37.884136,4,930
2025-07-08 23:54:00,12.453688,37.884136,4,930
2025-07-09 00:04:00,12.453688,37.884136,4,930
2025-07-09 00:14:00,12.453688,37.884136,4,930
2025-07-09 00:24:00,12.453688,37.884136,4,930
2025-07-09 00:34:00,12.453688,37.884136,4,930
2025-07-09 00:44:00,12.453688,37.884136,4,930
2025-07-09 00:54:00,12.453688,37.884136,4,930
2025-07-09 01:04:00,12.453688,37.884136,4,930
2025-07-09 01:14:00,12.453688,37.884136,4,930
2025-07-09 01:24:00,12.453688,37.884136,4,930
2025-07-09 01:34:00,12.453688,37.884136,4,930
2025-07-09 01:44:00,12.453688,37.884136,4,930
2025-07-09 01:54:00,12.453688,37.884136,4,930
2025-07-09 02:04:00,12.453688,37.884136,4,930
2025-07-09 02:14:00,12.453688,37.884136,4,930
2025-07-09 02:24:00,12.453688,37.884136,4,930
2025-07-09 02:34:00,12.453688,37.884136,4,930
2025-07-09 02:44:00,12.453688,37.884136,4,930
2025-07-09 02:54:00,12.453688,37.884136,4,930
2025-07-09 03:04:00,12.453688,37.884136,4,930
2025-07-09 03:14:00,12.453688,37.884136,4,930
2025-07-09 03:24:00,12.453688,37.884136,4,930
2025-07-09 03:34:00,12.453688,37.884136,4,930
2025-07-09 03:44:00,12.453688,37.884136,4,930
2025-07-09 03:54:00,12.453688,37.884136,4,930
2025-07-09 04:04:00,12.453688,37.884136,4,930
2025-07-09 04:14:00,12.453688,37.884136,4,930
2025-07-09 04:24:00,12.453688,37.884136,4,930
2025-07-09 04:34:00,12.453688,37.884136,4,930
2025-07-09 04:44:00,12.453688,37.884136,4,930
2025-07-09 04:54:00,12.453688,37.884136,4,930
2025-07-09 05:04:00,12.453688,37.884136,4,930
2025-07-09 05:14:00,12.453688,37.884136,4,930
2025-07-09 05:24:00,12.453688,37.884136,4,930
2025-07-09 05:34:00,12.453688,37.884136,4,930
2025-07-09 05:44:00,12.453688,37.884136,4,930
2025-07-09 05:54:00,12.453688,37.884136,4,930
2025-07-09 06:04:00,12.453688,37.884136,4,930
2025-07-09 06:14:00,12.453688,37.884136,4,930
2025-07-09 06:24:00,12.453688,37.884136,4,930
2025-07-09 06:34:00,12.453688,37.884136,4,930
2025-07-09 06:44:00,12.453688,37.884136,4,930
2025-07-09 06:54:00,12.453688,37.884136,4,930
2025-07-09 07:04:00,12.453688,37.884136,4,930
2025-07-09 07:14:00,12.453688,37.884136,4,930
2025-07-09 07:24:00,12.453688,37.884136,4,930
2025-07-09 07:34:00,12.453688,37.884136,4,930
2025-07-09 07:44:00,12.453688,37.884136,4,930
2025-07-09 07:54:00,12.453688,37.884136,4,930
2025-07-09 08:04:00,12.453688,37.884136,4,930
2025-07-09 08:14:00,12.453688,37.884136,4,930
2025-07-09 08:24:00,12.453688,37.884136,4,930
2025-07-09 08:34:00,12.453688,37.884136,4,930
2025-07-09 08:44:00,12.453688,37.884136,4,930
2025-07-09 08:54:00,12.453688,37.884136,4,930
2025-07-09 09:04:00,12.453688,37.884136,4,930
2025-07-09 09:14:00,12.453688,37.884136,4,930
2025-07-09 09:24:00,12.453688,37.884136,4,930
2025-07-09 09:34:00,12.453688,37.884136,4,930
2025-07-09 09:44:00,12.453688,37.884136,4,930
2025-07-09 09:54:00,12.453688,37.884136,4,930
2025-07-09 10:04:00,12.453688,37.884136,4,930
2025-07-09 10:14:00,12.453688,37.884136,4,930
2025-07-09 10:24:00,12.453688,37.884136,4,930
2025-07-09 10:34:00,12.453688,37.884136,4,930
2025-07-09 10:44:00,12.453688,37.884136,4,930
2025-07-09 10:54:00,12.453688,37.884136,4,930
2025-07-09 11:04:00,12.453688,37.884136,4,930
2025-07-09 11:14:00,12.453688,37.884136,4,930
2025-07-09 11:24:00,12.453688,37.884136,4,930
2025-07-09 11:34:00,12.453688,37.884136,4,930
2025-07-09 11:44:00,12.453688,37.884136,4,930
2025-07-09 11:54:00,12.453688,37.884136,4,930
2025-07-09 12:04:00,12.453688,37.884136,4,930
2025-07-09 12:14:00,12.453688,37.884136,4,930
2025-07-09 12:24:00,12.453688,37.884136,4,930
2025-07-09 12:34:00,12.453688,37.884136,4,930
2025-07-09 12:44:00,12.453688,37.884136,4,930
2025-07-09 12:54:00,12.453688,37.884136,4,930
2025-07-09 13:04:00,12.453688,37.884136,4,930
2025-07-09 13:14:00,12.453688,37.884136,4,930
2025-07-09 13:24:00,12.453688,37.884136,4,930
2025-07-09 13:34:00,12.453688,37.884136,4,930
2025-07-09 13:44:00,12.453688,37.884136,4,930
2025-07-09 13:54:00,12.453688,37.884136,4,930
2025-07-09 14:04:00,12.453688,37.884136,4,930
2025-07-09 14:14:00,12.453688,37.884136,4,930
2025-07-09 14:24:00,12.453688,37.884136,4,930
2025-07-09 14:34:00,12.453688,37.884136,4,930
2025-07-09 14:44:00,12.453688,37.884136,4,930
2025-07-09 14:54:00,12.453688,37.884136,4,930
2025-07-09 15:04:00,12.453688,37.884136,4,930
2025-07-09 15:14:00,12.453688,37.884136,4,930
2025-07-09 15:24:00,12.453688,37.884136,4,930
2025-07-09 15:34:00,12.453688,37.884136,4,930
2025-07-09 15:44:00,12.453688,37.884136,4,930
2025-07-09 15:54:00,12.453688,37.884136,4,930
2025-07-09 16:04:00,12.453688,37.884136,4,930
2025-07-09 16:14:00,12.453688,37.884136,4,930
2025-07-09 16:24:00,12.453688,37.884136,4,930
2025-07-09 16:34:00,12.453688,37.884136,4,930
2025-07-09 16:44:00,12.453688,37.884136,4,930
2025-07-09 16:54:00,12.453688,37.884136,4,930
2025-07-09 17:04:00,12.453688,37.884136,4,930
2025-07-09 17:14:00,12.453688,37.884136,4,930
2025-07-09 17:24:00,12.453688,37.884136,4,930
2025-07-09 17:34:00,12.453716,37.88344,4,930
2025-07-09 17:44:00,12.453716,37.88344,4,930
2025-07-09 17:54:00,12.453716,37.88344,4,930
2025-07-09 18:04:00,12.4537,37.882782,4,930
2025-07-09 18:14:00,12.453634,37.881466,4,930
2025-07-09 18:24:00,12.453538,37.880188,4,930
2025-07-09 18:34:00,12.453416,37.878963,4,930
2025-07-09 18:44:00,12.453246,37.877785,4,930
2025-07-09 18:54:00,12.453072,37.876648,4,930
2025-07-09 19:04:00,12.452915,37.87555,4,930
2025-07-09 19:14:00,12.452826,37.87445,4,930
2025-07-09 19:24:00,12.452805,37.87335,4,930
2025-07-09 19:34:00,12.452629,37.872276,4,930
2025-07-09 19:44:00,12.452268,37.87126,4,930
2025-07-09 19:54:00,12.4518795,37.870277,4,930
2025-07-09 20:04:00,12.4515295,37.869278,4,930
2025-07-09 20:14:00,12.451273,37.868263,4,930
2025-07-09 20:24:00,12.451108,37.867218,4,930
2025-07-09 20:34:00,12.45103,37.866158,4,930
2025-07-09 20:44:00,12.45102,37.86508,4,930
2025-07-09 20:54:00,12.451036,37.86401,4,930
2025-07-09 21:04:00,12.451085,37.862926,4,930
2025-07-09 21:14:00,12.451169,37.86177,4,930
2025-07-09 21:24:00,12.45127,37.86061,4,930
2025-07-09 21:34:00,12.45137,37.85951,4,930
2025-07-09 21:44:00,12.451439,37.8584,4,930
2025-07-09 21:54:00,12.451461,37.85726,4,930
2025-07-09 22:04:00,12.451439,37.856113,4,930
2025-07-09 22:14:00,12.451436,37.85498,4,930
2025-07-09 22:24:00,12.451597,37.85385,4,930
2025-07-09 22:34:00,12.451769,37.852737,4,930
2025-07-09 22:44:00,12.451781,37.8517,4,930
2025-07-09 22:54:00,12.451762,37.850586,4,930
2025-07-09 23:04:00,12.451749,37.849304,4,930
2025-07-09 23:14:00,12.451534,37.848007,4,930
2025-07-09 23:24:00,12.451181,37.846832,4,930
2025-07-09 23:34:00,12.450821,37.845737,4,930
2025-07-09 23:44:00,12.450504,37.844673,4,930
2025-07-09 23:54:00,12.450218,37.843597,4,930
2025-07-10 00:04:00,12.450096,37.84282,4,930
2025-07-08 11:34:00,12.453646,37.874863,5,2520
2025-07-08 11:44:00,12.454218,37.874737,5,2520
2025-07-08 11:54:00,12.4547415,37.874554,5,2520
2025-07-08 12:04:00,12.455213,37.874317,5,2520
2025-07-08 12:14:00,12.455686,37.874043,5,2520
2025-07-08 12:24:00,12.456187,37.87374,5,2520
2025-07-08 12:34:00,12.456725,37.873417,5,2520
2025-07-08 12:44:00,12.457311,37.873096,5,2520
2025-07-08 12:54:00,12.457952,37.872776,5,2520
2025-07-08 13:04:00,12.458655,37.872456,5,2520
2025-07-08 13:14:00,12.459428,37.87209,5,2520
2025-07-08 13:24:00,12.460273,37.871655,5,2520
2025-07-08 13:34:00,12.461169,37.87116,5,2520
2025-07-08 13:44:00,12.46213,37.870613,5,2520
2025-07-08 13:54:00,12.463176,37.870014,5,2520
2025-07-08 14:04:00,12.463176,37.870014,5,2520
2025-07-08 14:14:00,12.463176,37.870014,5,2520
2025-07-08 14:24:00,12.463176,37.870014,5,2520
2025-07-08 14:34:00,12.463176,37.870014,5,2520
2025-07-08 14:44:00,12.463176,37.870014,5,2520
2025-07-08 14:54:00,12.463176,37.870014,5,2520
2025-07-08 15:04:00,12.463176,37.870014,5,2520
2025-07-08 15:14:00,12.463176,37.870014,5,2520
2025-07-08 15:24:00,12.463176,37.870014,5,2520
2025-07-08 15:34:00,12.463176,37.870014,5,2520
2025-07-08 15:44:00,12.463176,37.870014,5,2520
2025-07-08 15:54:00,12.463176,37.870014,5,2520
2025-07-08 16:04:00,12.463176,37.870014,5,2520
2025-07-08 16:14:00,12.463176,37.870014,5,2520
2025-07-08 16:24:00,12.463176,37.870014,5,2520
2025-07-08 16:34:00,12.463176,37.870014,5,2520
2025-07-08 16:44:00,12.463176,37.870014,5,2520
2025-07-08 16:54:00,12.463176,37.870014,5,2520
2025-07-08 17:04:00,12.463176,37.870014,5,2520
2025-07-08 17:14:00,12.463176,37.870014,5,2520
2025-07-08 17:24:00,12.463176,37.870014,5,2520
2025-07-08 17:34:00,12.463176,37.870014,5,2520
2025-07-08 17:44:00,12.463176,37.870014,5,2520
2025-07-08 17:54:00,12.463176,37.870014,5,2520
2025-07-08 18:04:00,12.463506,37.869766,5,2520
2025-07-08 18:14:00,12.463506,37.869766,5,2520
2025-07-08 18:24:00,12.463506,37.869766,5,2520
2025-07-08 18:34:00,12.463506,37.869766,5,2520
2025-07-08 18:44:00,12.463506,37.869766,5,2520
2025-07-08 18:54:00,12.463506,37.869766,5,2520
2025-07-08 19:04:00,12.463506,37.869766,5,2520
2025-07-08 19:14:00,12.463506,37.869766,5,2520
2025-07-08 19:24:00,12.463506,37.869766,5,2520
2025-07-08 19:34:00,12.463506,37.869766,5,2520
2025-07-08 19:44:00,12.463506,37.869766,5,2520
2025-07-08 19:54:00,12.463506,37.869766,5,2520
2025-07-08 20:04:00,12.463506,37.869766,5,2520
2025-07-08 20:14:00,12.463506,37.869766,5,2520
2025-07-08 20:24:00,12.463506,37.869766,5,2520
2025-07-08 20:34:00,12.463506,37.869766,5,2520
2025-07-08 20:44:00,12.463506,37.869766,5,2520
2025-07-08 20:54:00,12.463506,37.869766,5,2520
2025-07-08 21:04:00,12.463506,37.869766,5,2520
2025-07-08 21:14:00,12.463506,37.869766,5,2520
2025-07-08 21:24:00,12.463506,37.869766,5,2520
2025-07-08 21:34:00,12.463506,37.869766,5,2520
2025-07-08 21:44:00,12.463506,37.869766,5,2520
2025-07-08 21:54:00,12.463506,37.869766,5,2520
2025-07-08 22:04:00,12.463506,37.869766,5,2520
2025-07-08 22:14:00,12.463506,37.869766,5,2520
2025-07-08 22:24:00,12.463506,37.869766,5,2520
2025-07-08 22:34:00,12.463506,37.869766,5,2520
2025-07-08 22:44:00,12.463506,37.869766,5,2520
2025-07-08 22:54:00,12.463506,37.869766,5,2520
2025-07-08 23:04:00,12.463506,37.869766,5,2520
2025-07-08 23:14:00,12.463506,37.869766,5,2520
2025-07-08 23:24:00,12.463506,37.869766,5,2520
2025-07-08 23:34:00,12.463506,37.869766,5,2520
2025-07-08 23:44:00,12.463506,37.869766,5,2520
2025-07-08 23:54:00,12.463506,37.869766,5,2520
2025-07-09 00:04:00,12.463506,37.869766,5,2520
2025-07-09 00:14:00,12.463506,37.869766,5,2520
2025-07-09 00:24:00,12.463506,37.869766,5,2520
2025-07-09 00:34:00,12.463506,37.869766,5,2520
2025-07-09 00:44:00,12.463506,37.869766,5,2520
2025-07-09 00:54:00,12.463506,37.869766,5,2520
2025-07-09 01:04:00,12.463506,37.869766,5,2520
2025-07-09 01:14:00,12.463506,37.869766,5,2520
2025-07-09 01:24:00,12.463506,37.869766,5,2520
2025-07-09 01:34:00,12.463506,37.869766,5,2520
2025-07-09 01:44:00,12.463506,37.869766,5,2520
2025-07-09 01:54:00,12.463506,37.869766,5,2520
2025-07-09 02:04:00,12.463506,37.869766,5,2520
2025-07-09 02:14:00,12.463506,37.869766,5,2520
2025-07-09 02:24:00,12.463506,37.869766,5,2520
2025-07-09 02:34:00,12.463506,37.869766,5,2520
2025-07-09 02:44:00,12.463506,37.869766,5,2520
2025-07-09 02:54:00,12.463506,37.869766,5,2520
2025-07-09 03:04:00,12.463506,37.869766,5,2520
2025-07-09 03:14:00,12.463506,37.869766,5,2520
2025-07-09 03:24:00,12.463506,37.869766,5,2520
2025-07-09 03:34:00,12.463506,37.869766,5,2520
2025-07-09 03:44:00,12.463506,37.869766,5,2520
2025-07-09 03:54:00,12.463506,37.869766,5,2520
2025-07-09 04:04:00,12.463506,37.869766,5,2520
2025-07-09 04:14:00,12.463506,37.869766,5,2520
2025-07-09 04:24:00,12.463506,37.869766,5,2520
2025-07-09 04:34:00,12.463506,37.869766,5,2520
2025-07-09 04:44:00,12.463506,37.869766,5,2520
2025-07-09 04:54:00,12.463506,37.869766,5,2520
2025-07-09 05:04:00,12.463506,37.869766,5,2520
2025-07-09 05:14:00,12.463506,37.869766,5,2520
2025-07-09 05:24:00,12.463506,37.869766,5,2520
2025-07-09 05:34:00,12.463506,37.869766,5,2520
2025-07-09 05:44:00,12.463506,37.869766,5,2520
2025-07-09 05:54:00,12.463506,37.869766,5,2520
2025-07-09 06:04:00,12.463506,37.869766,5,2520
2025-07-09 06:14:00,12.463506,37.869766,5,2520
2025-07-09 06:24:00,12.463506,37.869766,5,2520
2025-07-09 06:34:00,12.463506,37.869766,5,2520
2025-07-09 06:44:00,12.463506,37.869766,5,2520
2025-07-09 06:54:00,12.463506,37.869766,5,2520
2025-07-09 07:04:00,12.463506,37.869766,5,2520
2025-07-09 07:14:00,12.463506,37.869766,5,2520
2025-07-09 07:24:00,12.463506,37.869766,5,2520
2025-07-09 07:34:00,12.463506,37.869766,5,2520
2025-07-09 07:44:00,12.463506,37.869766,5,2520
2025-07-09 07:54:00,12.463506,37.869766,5,2520
2025-07-09 08:04:00,12.463506,37.869766,5,2520
2025-07-09 08:14:00,12.463506,37.869766,5,2520
2025-07-09 08:24:00,12.463506,37.869766,5,2520
2025-07-09 08:34:00,12.463506,37.869766,5,2520
2025-07-09 08:44:00,12.463506,37.869766,5,2520
2025-07-09 08:54:00,12.463506,37.869766,5,2520
2025-07-09 09:04:00,12.463506,37.869766,5,2520
2025-07-09 09:14:00,12.463506,37.869766,5,2520
2025-07-09 09:24:00,12.463506,37.869766,5,2520
2025-07-09 09:34:00,12.463506,37.869766,5,2520
2025-07-09 09:44:00,12.463506,37.869766,5,2520
2025-07-09 09:54:00,12.463506,37.869766,5,2520
2025-07-09 10:04:00,12.463506,37.869766,5,2520
2025-07-09 10:14:00,12.463506,37.869766,5,2520
2025-07-09 10:24:00,12.463506,37.869766,5,2520
2025-07-09 10:34:00,12.463506,37.869766,5,2520
2025-07-09 10:44:00,12.463506,37.869766,5,2520
2025-07-09 10:54:00,12.463506,37.869766,5,2520
2025-07-09 11:04:00,12.463506,37.869766,5,2520
2025-07-09 11:14:00,12.463506,37.869766,5,2520
2025-07-09 11:24:00,12.463506,37.869766,5,2520
2025-07-09 11:34:00,12.463506,37.869766,5,2520
2025-07-09 11:44:00,12.463506,37.869766,5,2520
2025-07-09 11:54:00,12.463506,37.869766,5,2520
2025-07-09 12:04:00,12.463506,37.869766,5,2520
2025-07-09 12:14:00,12.463506,37.869766,5,2520
2025-07-09 12:24:00,12.463506,37.869766,5,2520
2025-07-09 12:34:00,12.463506,37.869766,5,2520
2025-07-09 12:44:00,12.463506,37.869766,5,2520
2025-07-09 12:54:00,12.463506,37.869766,5,2520
2025-07-09 13:04:00,12.463506,37.869766,5,2520
2025-07-09 13:14:00,12.463506,37.869766,5,2520
2025-07-09 13:24:00,12.463506,37.869766,5,2520
2025-07-09 13:34:00,12.463506,37.869766,5,2520
2025-07-09 13:44:00,12.463506,37.869766,5,2520
2025-07-09 13:54:00,12.463506,37.869766,5,2520
2025-07-09 14:04:00,12.463506,37.869766,5,2520
2025-07-09 14:14:00,12.463506,37.869766,5,2520
2025-07-09 14:24:00,12.463506,37.869766,5,2520
2025-07-09 14:34:00,12.463506,37.869766,5,2520
2025-07-09 14:44:00,12.463506,37.869766,5,2520
2025-07-09 14:54:00,12.463506,37.869766,5,2520
2025-07-09 15:04:00,12.463506,37.869766,5,2520
2025-07-09 15:14:00,12.463506,37.869766,5,2520
2025-07-09 15:24:00,12.463506,37.869766,5,2520
2025-07-09 15:34:00,12.463506,37.869766,5,2520
2025-07-09 15:44:00,12.463506,37.869766,5,2520
2025-07-09 15:54:00,12.463506,37.869766,5,2520
2025-07-09 16:04:00,12.463506,37.869766,5,2520
2025-07-09 16:14:00,12.463506,37.869766,5,2520
2025-07-09 16:24:00,12.463506,37.869766,5,2520
2025-07-09 16:34:00,12.463506,37.869766,5,2520
2025-07-09 16:44:00,12.463506,37.869766,5,2520
2025-07-09 16:54:00,12.463506,37.869766,5,2520
2025-07-09 17:04:00,12.463506,37.869766,5,2520
2025-07-09 17:14:00,12.463506,37.869766,5,2520
2025-07-09 17:24:00,12.463506,37.869766,5,2520
2025-07-09 17:34:00,12.463506,37.869766,5,2520
2025-07-09 17:44:00,12.463506,37.869766,5,2520
2025-07-09 17:54:00,12.463506,37.869766,5,2520
2025-07-09 18:04:00,12.463506,37.869766,5,2520
2025-07-09 18:14:00,12.463506,37.869766,5,2520
2025-07-09 18:24:00,12.463506,37.869766,5,2520
2025-07-09 18:34:00,12.463506,37.869766,5,2520
2025-07-09 18:44:00,12.463506,37.869766,5,2520
2025-07-09 18:54:00,12.463506,37.869766,5,2520
2025-07-09 19:04:00,12.463506,37.869766,5,2520
2025-07-09 19:14:00,12.463506,37.869766,5,2520
2025-07-09 19:24:00,12.463506,37.869766,5,2520
2025-07-09 19:34:00,12.463506,37.869766,5,2520
2025-07-09 19:44:00,12.463506,37.869766,5,2520
2025-07-09 19:54:00,12.463506,37.869766,5,2520
2025-07-09 20:04:00,12.463506,37.869766,5,2520
2025-07-09 20:14:00,12.463506,37.869766,5,2520
2025-07-09 20:24:00,12.463506,37.869766,5,2520
2025-07-09 20:34:00,12.463506,37.869766,5,2520
2025-07-09 20:44:00,12.463506,37.869766,5,2520
2025-07-09 20:54:00,12.463506,37.869766,5,2520
2025-07-09 21:04:00,12.463506,37.869766,5,2520
2025-07-09 21:14:00,12.463506,37.869766,5,2520
2025-07-09 21:24:00,12.463506,37.869766,5,2520
2025-07-09 21:34:00,12.463506,37.869766,5,2520
2025-07-09 21:44:00,12.463506,37.869766,5,2520
2025-07-09 21:54:00,12.463506,37.869766,5,2520
2025-07-09 22:04:00,12.463506,37.869766,5,2520
2025-07-09 22:14:00,12.463506,37.869766,5,2520
2025-07-09 22:24:00,12.463506,37.869766,5,2520
2025-07-09 22:34:00,12.463506,37.869766,5,2520
2025-07-09 22:44:00,12.463506,37.869766,5,2520
2025-07-09 22:54:00,12.463506,37.869766,5,2520
2025-07-09 23:04:00,12.463506,37.869766,5,2520
2025-07-09 23:14:00,12.463506,37.869766,5,2520
2025-07-09 23:24:00,12.463506,37.869766,5,2520
2025-07-09 23:34:00,12.463506,37.869766,5,2520
2025-07-09 23:44:00,12.463506,37.869766,5,2520
2025-07-09 23:54:00,12.463506,37.869766,5,2520
2025-07-10 00:04:00,12.463506,37.869766,5,2520
2025-07-08 11:34:00,12.453605,37.8749,5,7520
2025-07-08 11:44:00,12.454175,37.87478,5,7520
2025-07-08 11:54:00,12.4546995,37.874596,5,7520
2025-07-08 12:04:00,12.455172,37.874363,5,7520
2025-07-08 12:14:00,12.455646,37.87409,5,7520
2025-07-08 12:24:00,12.456149,37.873787,5,7520
2025-07-08 12:34:00,12.456687,37.873466,5,7520
2025-07-08 12:44:00,12.457272,37.873146,5,7520
2025-07-08 12:54:00,12.4579115,37.872826,5,7520
2025-07-08 13:04:00,12.458613,37.872505,5,7520
2025-07-08 13:14:00,12.459384,37.872143,5,7520
2025-07-08 13:24:00,12.460227,37.871708,5,7520
2025-07-08 13:34:00,12.461125,37.87121,5,7520
2025-07-08 13:44:00,12.462086,37.870663,5,7520
2025-07-08 13:54:00,12.463129,37.870068,5,7520
2025-07-08 14:04:00,12.463129,37.870068,5,7520
2025-07-08 14:14:00,12.463129,37.870068,5,7520
2025-07-08 14:24:00,12.463129,37.870068,5,7520
2025-07-08 14:34:00,12.463129,37.870068,5,7520
2025-07-08 14:44:00,12.463129,37.870068,5,7520
2025-07-08 14:54:00,12.463129,37.870068,5,7520
2025-07-08 15:04:00,12.463129,37.870068,5,7520
2025-07-08 15:14:00,12.463129,37.870068,5,7520
2025-07-08 15:24:00,12.463129,37.870068,5,7520
2025-07-08 15:34:00,12.463129,37.870068,5,7520
2025-07-08 15:44:00,12.463129,37.870068,5,7520
2025-07-08 15:54:00,12.463129,37.870068,5,7520
2025-07-08 16:04:00,12.463129,37.870068,5,7520
2025-07-08 16:14:00,12.463129,37.870068,5,7520
2025-07-08 16:24:00,12.463129,37.870068,5,7520
2025-07-08 16:34:00,12.463129,37.870068,5,7520
2025-07-08 16:44:00,12.463129,37.870068,5,7520
2025-07-08 16:54:00,12.463129,37.870068,5,7520
2025-07-08 17:04:00,12.463129,37.870068,5,7520
2025-07-08 17:14:00,12.463129,37.870068,5,7520
2025-07-08 17:24:00,12.463129,37.870068,5,7520
2025-07-08 17:34:00,12.463129,37.870068,5,7520
2025-07-08 17:44:00,12.463521,37.869793,5,7520
2025-07-08 17:54:00,12.463521,37.869793,5,7520
2025-07-08 18:04:00,12.463521,37.869793,5,7520
2025-07-08 18:14:00,12.463521,37.869793,5,7520
2025-07-08 18:24:00,12.463521,37.869793,5,7520
2025-07-08 18:34:00,12.463521,37.869793,5,7520
2025-07-08 18:44:00,12.463521,37.869793,5,7520
2025-07-08 18:54:00,12.463521,37.869793,5,7520
2025-07-08 19:04:00,12.463521,37.869793,5,7520
2025-07-08 19:14:00,12.463521,37.869793,5,7520
2025-07-08 19:24:00,12.463521,37.869793,5,7520
2025-07-08 19:34:00,12.463521,37.869793,5,7520
2025-07-08 19:44:00,12.463521,37.869793,5,7520
2025-07-08 19:54:00,12.463521,37.869793,5,7520
2025-07-08 20:04:00,12.463521,37.869793,5,7520
2025-07-08 20:14:00,12.463521,37.869793,5,7520
2025-07-08 20:24:00,12.463521,37.869793,5,7520
2025-07-08 20:34:00,12.463521,37.869793,5,7520
2025-07-08 20:44:00,12.463521,37.869793,5,7520
2025-07-08 20:54:00,12.463521,37.869793,5,7520
2025-07-08 21:04:00,12.463521,37.869793,5,7520
2025-07-08 21:14:00,12.463521,37.869793,5,7520
2025-07-08 21:24:00,12.463521,37.869793,5,7520
2025-07-08 21:34:00,12.463521,37.869793,5,7520
2025-07-08 21:44:00,12.463521,37.869793,5,7520
2025-07-08 21:54:00,12.463521,37.869793,5,7520
2025-07-08 22:04:00,12.463521,37.869793,5,7520
2025-07-08 22:14:00,12.463521,37.869793,5,7520
2025-07-08 22:24:00,12.463521,37.869793,5,7520
2025-07-08 22:34:00,12.463521,37.869793,5,7520
2025-07-08 22:44:00,12.463521,37.869793,5,7520
2025-07-08 22:54:00,12.463521,37.869793,5,7520
2025-07-08 23:04:00,12.463521,37.869793,5,7520
2025-07-08 23:14:00,12.463521,37.869793,5,7520
2025-07-08 23:24:00,12.463521,37.869793,5,7520
2025-07-08 23:34:00,12.463521,37.869793,5,7520
2025-07-08 23:44:00,12.463521,37.869793,5,7520
2025-07-08 23:54:00,12.463521,37.869793,5,7520
2025-07-09 00:04:00,12.463521,37.869793,5,7520
2025-07-09 00:14:00,12.463521,37.869793,5,7520
2025-07-09 00:24:00,12.463521,37.869793,5,7520
2025-07-09 00:34:00,12.463521,37.869793,5,7520
2025-07-09 00:44:00,12.463521,37.869793,5,7520
2025-07-09 00:54:00,12.463521,37.869793,5,7520
2025-07-09 01:04:00,12.463521,37.869793,5,7520
2025-07-09 01:14:00,12.463521,37.869793,5,7520
2025-07-09 01:24:00,12.463521,37.869793,5,7520
2025-07-09 01:34:00,12.463521,37.869793,5,7520
2025-07-09 01:44:00,12.463521,37.869793,5,7520
2025-07-09 01:54:00,12.463521,37.869793,5,7520
2025-07-09 02:04:00,12.463521,37.869793,5,7520
2025-07-09 02:14:00,12.463521,37.869793,5,7520
2025-07-09 02:24:00,12.463521,37.869793,5,7520
2025-07-09 02:34:00,12.463521,37.869793,5,7520
2025-07-09 02:44:00,12.463521,37.869793,5,7520
2025-07-09 02:54:00,12.463521,37.869793,5,7520
2025-07-09 03:04:00,12.463521,37.869793,5,7520
2025-07-09 03:14:00,12.463521,37.869793,5,7520
2025-07-09 03:24:00,12.463521,37.869793,5,7520
2025-07-09 03:34:00,12.463521,37.869793,5,7520
2025-07-09 03:44:00,12.463521,37.869793,5,7520
2025-07-09 03:54:00,12.463521,37.869793,5,7520
2025-07-09 04:04:00,12.463521,37.869793,5,7520
2025-07-09 04:14:00,12.463521,37.869793,5,7520
2025-07-09 04:24:00,12.463521,37.869793,5,7520
2025-07-09 04:34:00,12.463521,37.869793,5,7520
2025-07-09 04:44:00,12.463521,37.869793,5,7520
2025-07-09 04:54:00,12.463521,37.869793,5,7520
2025-07-09 05:04:00,12.463521,37.869793,5,7520
2025-07-09 05:14:00,12.463521,37.869793,5,7520
2025-07-09 05:24:00,12.463521,37.869793,5,7520
2025-07-09 05:34:00,12.463521,37.869793,5,7520
2025-07-09 05:44:00,12.463521,37.869793,5,7520
2025-07-09 05:54:00,12.463521,37.869793,5,7520
2025-07-09 06:04:00,12.463521,37.869793,5,7520
2025-07-09 06:14:00,12.463521,37.869793,5,7520
2025-07-09 06:24:00,12.463521,37.869793,5,7520
2025-07-09 06:34:00,12.463521,37.869793,5,7520
2025-07-09 06:44:00,12.463521,37.869793,5,7520
2025-07-09 06:54:00,12.463521,37.869793,5,7520
2025-07-09 07:04:00,12.463521,37.869793,5,7520
2025-07-09 07:14:00,12.463521,37.869793,5,7520
2025-07-09 07:24:00,12.463521,37.869793,5,7520
2025-07-09 07:34:00,12.463521,37.869793,5,7520
2025-07-09 07:44:00,12.463521,37.869793,5,7520
2025-07-09 07:54:00,12.463521,37.869793,5,7520
2025-07-09 08:04:00,12.463521,37.869793,5,7520
2025-07-09 08:14:00,12.463521,37.869793,5,7520
2025-07-09 08:24:00,12.463521,37.869793,5,7520
2025-07-09 08:34:00,12.463521,37.869793,5,7520
2025-07-09 08:44:00,12.463521,37.869793,5,7520
2025-07-09 08:54:00,12.463521,37.869793,5,7520
2025-07-09 09:04:00,12.463521,37.869793,5,7520
2025-07-09 09:14:00,12.463521,37.869793,5,7520
2025-07-09 09:24:00,12.463521,37.869793,5,7520
2025-07-09 09:34:00,12.463521,37.869793,5,7520
2025-07-09 09:44:00,12.463521,37.869793,5,7520
2025-07-09 09:54:00,12.463521,37.869793,5,7520
2025-07-09 10:04:00,12.463521,37.869793,5,7520
2025-07-09 10:14:00,12.463521,37.869793,5,7520
2025-07-09 10:24:00,12.463521,37.869793,5,7520
2025-07-09 10:34:00,12.463521,37.869793,5,7520
2025-07-09 10:44:00,12.463521,37.869793,5,7520
2025-07-09 10:54:00,12.463521,37.869793,5,7520
2025-07-09 11:04:00,12.463521,37.869793,5,7520
2025-07-09 11:14:00,12.463521,37.869793,5,7520
2025-07-09 11:24:00,12.463521,37.869793,5,7520
2025-07-09 11:34:00,12.463521,37.869793,5,7520
2025-07-09 11:44:00,12.463521,37.869793,5,7520
2025-07-09 11:54:00,12.463521,37.869793,5,7520
2025-07-09 12:04:00,12.463521,37.869793,5,7520
2025-07-09 12:14:00,12.463521,37.869793,5,7520
2025-07-09 12:24:00,12.463521,37.869793,5,7520
2025-07-09 12:34:00,12.463521,37.869793,5,7520
2025-07-09 12:44:00,12.463521,37.869793,5,7520
2025-07-09 12:54:00,12.463521,37.869793,5,7520
2025-07-09 13:04:00,12.463521,37.869793,5,7520
2025-07-09 13:14:00,12.463521,37.869793,5,7520
2025-07-09 13:24:00,12.463521,37.869793,5,7520
2025-07-09 13:34:00,12.463521,37.869793,5,7520
2025-07-09 13:44:00,12.463521,37.869793,5,7520
2025-07-09 13:54:00,12.463521,37.869793,5,7520
2025-07-09 14:04:00,12.463521,37.869793,5,7520
2025-07-09 14:14:00,12.463521,37.869793,5,7520
2025-07-09 14:24:00,12.463521,37.869793,5,7520
2025-07-09 14:34:00,12.463521,37.869793,5,7520
2025-07-09 14:44:00,12.463521,37.869793,5,7520
2025-07-09 14:54:00,12.463521,37.869793,5,7520
2025-07-09 15:04:00,12.463521,37.869793,5,7520
2025-07-09 15:14:00,12.463521,37.869793,5,7520
2025-07-09 15:24:00,12.463521,37.869793,5,7520
2025-07-09 15:34:00,12.463521,37.869793,5,7520
2025-07-09 15:44:00,12.463521,37.869793,5,7520
2025-07-09 15:54:00,12.463521,37.869793,5,7520
2025-07-09 16:04:00,12.463521,37.869793,5,7520
2025-07-09 16:14:00,12.463521,37.869793,5,7520
2025-07-09 16:24:00,12.463521,37.869793,5,7520
2025-07-09 16:34:00,12.463521,37.869793,5,7520
2025-07-09 16:44:00,12.463521,37.869793,5,7520
2025-07-09 16:54:00,12.463521,37.869793,5,7520
2025-07-09 17:04:00,12.463521,37.869793,5,7520
2025-07-09 17:14:00,12.463521,37.869793,5,7520
2025-07-09 17:24:00,12.463521,37.869793,5,7520
2025-07-09 17:34:00,12.463521,37.869793,5,7520
2025-07-09 17:44:00,12.463521,37.869793,5,7520
2025-07-09 17:54:00,12.463521,37.869793,5,7520
2025-07-09 18:04:00,12.463521,37.869793,5,7520
2025-07-09 18:14:00,12.463521,37.869793,5,7520
2025-07-09 18:24:00,12.463521,37.869793,5,7520
2025-07-09 18:34:00,12.463521,37.869793,5,7520
2025-07-09 18:44:00,12.463521,37.869793,5,7520
2025-07-09 18:54:00,12.463521,37.869793,5,7520
2025-07-09 19:04:00,12.463521,37.869793,5,7520
2025-07-09 19:14:00,12.463521,37.869793,5,7520
2025-07-09 19:24:00,12.463521,37.869793,5,7520
2025-07-09 19:34:00,12.463521,37.869793,5,7520
2025-07-09 19:44:00,12.463521,37.869793,5,7520
2025-07-09 19:54:00,12.463521,37.869793,5,7520
2025-07-09 20:04:00,12.463521,37.869793,5,7520
2025-07-09 20:14:00,12.463521,37.869793,5,7520
2025-07-09 20:24:00,12.463521,37.869793,5,7520
2025-07-09 20:34:00,12.463521,37.869793,5,7520
2025-07-09 20:44:00,12.463521,37.869793,5,7520
2025-07-09 20:54:00,12.463521,37.869793,5,7520
2025-07-09 21:04:00,12.463521,37.869793,5,7520
2025-07-09 21:14:00,12.463521,37.869793,5,7520
2025-07-09 21:24:00,12.463521,37.869793,5,7520
2025-07-09 21:34:00,12.463521,37.869793,5,7520
2025-07-09 21:44:00,12.463521,37.869793,5,7520
2025-07-09 21:54:00,12.463521,37.869793,5,7520
2025-07-09 22:04:00,12.463521,37.869793,5,7520
2025-07-09 22:14:00,12.463521,37.869793,5,7520
2025-07-09 22:24:00,12.463521,37.869793,5,7520
2025-07-09 22:34:00,12.463521,37.869793,5,7520
2025-07-09 22:44:00,12.463521,37.869793,5,7520
2025-07-09 22:54:00,12.463521,37.869793,5,7520
2025-07-09 23:04:00,12.463521,37.869793,5,7520
2025-07-09 23:14:00,12.463521,37.869793,5,7520
2025-07-09 23:24:00,12.463521,37.869793,5,7520
2025-07-09 23:34:00,12.463521,37.869793,5,7520
2025-07-09 23:44:00,12.463521,37.869793,5,7520
2025-07-09 23:54:00,12.463521,37.869793,5,7520
2025-07-10 00:04:00,12.463521,37.869793,5,7520
2025-07-08 11:34:00,12.453535,37.874863,5,930
2025-07-08 11:44:00,12.454104,37.87474,5,930
2025-07-08 11:54:00,12.454631,37.87456,5,930
2025-07-08 12:04:00,12.455105,37.87433,5,930
2025-07-08 12:14:00,12.455581,37.874058,5,930
2025-07-08 12:24:00,12.456086,37.873756,5,930
2025-07-08 12:34:00,12.456626,37.873436,5,930
2025-07-08 12:44:00,12.457212,37.87311,5,930
2025-07-08 12:54:00,12.457853,37.872795,5,930
2025-07-08 13:04:00,12.458557,37.872475,5,930
2025-07-08 13:14:00,12.459328,37.87211,5,930
2025-07-08 13:24:00,12.460172,37.871674,5,930
2025-07-08 13:34:00,12.46107,37.871178,5,930
2025-07-08 13:44:00,12.46203,37.870632,5,930
2025-07-08 13:54:00,12.463075,37.870037,5,930
2025-07-08 14:04:00,12.463075,37.870037,5,930
2025-07-08 14:14:00,12.463075,37.870037,5,930
2025-07-08 14:24:00,12.463075,37.870037,5,930
2025-07-08 14:34:00,12.463075,37.870037,5,930
2025-07-08 14:44:00,12.463075,37.870037,5,930
2025-07-08 14:54:00,12.463075,37.870037,5,930
2025-07-08 15:04:00,12.463075,37.870037,5,930
2025-07-08 15:14:00,12.463075,37.870037,5,930
2025-07-08 15:24:00,12.463075,37.870037,5,930
2025-07-08 15:34:00,12.463075,37.870037,5,930
2025-07-08 15:44:00,12.463075,37.870037,5,930
2025-07-08 15:54:00,12.463075,37.870037,5,930
2025-07-08 16:04:00,12.463075,37.870037,5,930
2025-07-08 16:14:00,12.463075,37.870037,5,930
2025-07-08 16:24:00,12.463075,37.870037,5,930
2025-07-08 16:34:00,12.463075,37.870037,5,930
2025-07-08 16:44:00,12.463075,37.870037,5,930
2025-07-08 16:54:00,12.463075,37.870037,5,930
2025-07-08 17:04:00,12.463075,37.870037,5,930
2025-07-08 17:14:00,12.463075,37.870037,5,930
2025-07-08 17:24:00,12.463075,37.870037,5,930
2025-07-08 17:34:00,12.463483,37.86975,5,930
2025-07-08 17:44:00,12.463483,37.86975,5,930
2025-07-08 17:54:00,12.463483,37.86975,5,930
2025-07-08 18:04:00,12.463483,37.86975,5,930
2025-07-08 18:14:00,12.463483,37.86975,5,930
2025-07-08 18:24:00,12.463483,37.86975,5,930
2025-07-08 18:34:00,12.463483,37.86975,5,930
2025-07-08 18:44:00,12.463483,37.86975,5,930
2025-07-08 18:54:00,12.463483,37.86975,5,930
2025-07-08 19:04:00,12.463483,37.86975,5,930
2025-07-08 19:14:00,12.463483,37.86975,5,930
2025-07-08 19:24:00,12.463483,37.86975,5,930
2025-07-08 19:34:00,12.463483,37.86975,5,930
2025-07-08 19:44:00,12.463483,37.86975,5,930
2025-07-08 19:54:00,12.463483,37.86975,5,930
2025-07-08 20:04:00,12.463483,37.86975,5,930
2025-07-08 20:14:00,12.463483,37.86975,5,930
2025-07-08 20:24:00,12.463483,37.86975,5,930
2025-07-08 20:34:00,12.463483,37.86975,5,930
2025-07-08 20:44:00,12.463483,37.86975,5,930
2025-07-08 20:54:00,12.463483,37.86975,5,930
2025-07-08 21:04:00,12.463483,37.86975,5,930
2025-07-08 21:14:00,12.463483,37.86975,5,930
2025-07-08 21:24:00,12.463483,37.86975,5,930
2025-07-08 21:34:00,12.463483,37.86975,5,930
2025-07-08 21:44:00,12.463483,37.86975,5,930
2025-07-08 21:54:00,12.463483,37.86975,5,930
2025-07-08 22:04:00,12.463483,37.86975,5,930
2025-07-08 22:14:00,12.463483,37.86975,5,930
2025-07-08 22:24:00,12.463483,37.86975,5,930
2025-07-08 22:34:00,12.463483,37.86975,5,930
2025-07-08 22:44:00,12.463483,37.86975,5,930
2025-07-08 22:54:00,12.463483,37.86975,5,930
2025-07-08 23:04:00,12.463483,37.86975,5,930
2025-07-08 23:14:00,12.463483,37.86975,5,930
2025-07-08 23:24:00,12.463483,37.86975,5,930
2025-07-08 23:34:00,12.463483,37.86975,5,930
2025-07-08 23:44:00,12.463483,37.86975,5,930
2025-07-08 23:54:00,12.463483,37.86975,5,930
2025-07-09 00:04:00,12.463483,37.86975,5,930
2025-07-09 00:14:00,12.463483,37.86975,5,930
2025-07-09 00:24:00,12.463483,37.86975,5,930
2025-07-09 00:34:00,12.463483,37.86975,5,930
2025-07-09 00:44:00,12.463483,37.86975,5,930
2025-07-09 00:54:00,12.463483,37.86975,5,930
2025-07-09 01:04:00,12.463483,37.86975,5,930
2025-07-09 01:14:00,12.463483,37.86975,5,930
2025-07-09 01:24:00,12.463483,37.86975,5,930
2025-07-09 01:34:00,12.463483,37.86975,5,930
2025-07-09 01:44:00,12.463483,37.86975,5,930
2025-07-09 01:54:00,12.463483,37.86975,5,930
2025-07-09 02:04:00,12.463483,37.86975,5,930
2025-07-09 02:14:00,12.463483,37.86975,5,930
2025-07-09 02:24:00,12.463483,37.86975,5,930
2025-07-09 02:34:00,12.463483,37.86975,5,930
2025-07-09 02:44:00,12.463483,37.86975,5,930
2025-07-09 02:54:00,12.463483,37.86975,5,930
2025-07-09 03:04:00,12.463483,37.86975,5,930
2025-07-09 03:14:00,12.463483,37.86975,5,930
2025-07-09 03:24:00,12.463483,37.86975,5,930
2025-07-09 03:34:00,12.463483,37.86975,5,930
2025-07-09 03:44:00,12.463483,37.86975,5,930
2025-07-09 03:54:00,12.463483,37.86975,5,930
2025-07-09 04:04:00,12.463483,37.86975,5,930
2025-07-09 04:14:00,12.463483,37.86975,5,930
2025-07-09 04:24:00,12.463483,37.86975,5,930
2025-07-09 04:34:00,12.463483,37.86975,5,930
2025-07-09 04:44:00,12.463483,37.86975,5,930
2025-07-09 04:54:00,12.463483,37.86975,5,930
2025-07-09 05:04:00,12.463483,37.86975,5,930
2025-07-09 05:14:00,12.463483,37.86975,5,930
2025-07-09 05:24:00,12.463483,37.86975,5,930
2025-07-09 05:34:00,12.463483,37.86975,5,930
2025-07-09 05:44:00,12.463483,37.86975,5,930
2025-07-09 05:54:00,12.463483,37.86975,5,930
2025-07-09 06:04:00,12.463483,37.86975,5,930
2025-07-09 06:14:00,12.463483,37.86975,5,930
2025-07-09 06:24:00,12.463483,37.86975,5,930
2025-07-09 06:34:00,12.463483,37.86975,5,930
2025-07-09 06:44:00,12.463483,37.86975,5,930
2025-07-09 06:54:00,12.463483,37.86975,5,930
2025-07-09 07:04:00,12.463483,37.86975,5,930
2025-07-09 07:14:00,12.463483,37.86975,5,930
2025-07-09 07:24:00,12.463483,37.86975,5,930
2025-07-09 07:34:00,12.463483,37.86975,5,930
2025-07-09 07:44:00,12.463483,37.86975,5,930
2025-07-09 07:54:00,12.463483,37.86975,5,930
2025-07-09 08:04:00,12.463483,37.86975,5,930
2025-07-09 08:14:00,12.463483,37.86975,5,930
2025-07-09 08:24:00,12.463483,37.86975,5,930
2025-07-09 08:34:00,12.463483,37.86975,5,930
2025-07-09 08:44:00,12.463483,37.86975,5,930
2025-07-09 08:54:00,12.463483,37.86975,5,930
2025-07-09 09:04:00,12.463483,37.86975,5,930
2025-07-09 09:14:00,12.463483,37.86975,5,930
2025-07-09 09:24:00,12.463483,37.86975,5,930
2025-07-09 09:34:00,12.463483,37.86975,5,930
2025-07-09 09:44:00,12.463483,37.86975,5,930
2025-07-09 09:54:00,12.463483,37.86975,5,930
2025-07-09 10:04:00,12.463483,37.86975,5,930
2025-07-09 10:14:00,12.463483,37.86975,5,930
2025-07-09 10:24:00,12.463483,37.86975,5,930
2025-07-09 10:34:00,12.463483,37.86975,5,930
2025-07-09 10:44:00,12.463483,37.86975,5,930
2025-07-09 10:54:00,12.463483,37.86975,5,930
2025-07-09 11:04:00,12.463483,37.86975,5,930
2025-07-09 11:14:00,12.463483,37.86975,5,930
2025-07-09 11:24:00,12.463483,37.86975,5,930
2025-07-09 11:34:00,12.463483,37.86975,5,930
2025-07-09 11:44:00,12.463483,37.86975,5,930
2025-07-09 11:54:00,12.463483,37.86975,5,930
2025-07-09 12:04:00,12.463483,37.86975,5,930
2025-07-09 12:14:00,12.463483,37.86975,5,930
2025-07-09 12:24:00,12.463483,37.86975,5,930
2025-07-09 12:34:00,12.463483,37.86975,5,930
2025-07-09 12:44:00,12.463483,37.86975,5,930
2025-07-09 12:54:00,12.463483,37.86975,5,930
2025-07-09 13:04:00,12.463483,37.86975,5,930
2025-07-09 13:14:00,12.463483,37.86975,5,930
2025-07-09 13:24:00,12.463483,37.86975,5,930
2025-07-09 13:34:00,12.463483,37.86975,5,930
2025-07-09 13:44:00,12.463483,37.86975,5,930
2025-07-09 13:54:00,12.463483,37.86975,5,930
2025-07-09 14:04:00,12.463483,37.86975,5,930
2025-07-09 14:14:00,12.463483,37.86975,5,930
2025-07-09 14:24:00,12.463483,37.86975,5,930
2025-07-09 14:34:00,12.463483,37.86975,5,930
2025-07-09 14:44:00,12.463483,37.86975,5,930
2025-07-09 14:54:00,12.463483,37.86975,5,930
2025-07-09 15:04:00,12.463483,37.86975,5,930
2025-07-09 15:14:00,12.463483,37.86975,5,930
2025-07-09 15:24:00,12.463483,37.86975,5,930
2025-07-09 15:34:00,12.463483,37.86975,5,930
2025-07-09 15:44:00,12.463483,37.86975,5,930
2025-07-09 15:54:00,12.463483,37.86975,5,930
2025-07-09 16:04:00,12.463483,37.86975,5,930
2025-07-09 16:14:00,12.463483,37.86975,5,930
2025-07-09 16:24:00,12.463483,37.86975,5,930
2025-07-09 16:34:00,12.463483,37.86975,5,930
2025-07-09 16:44:00,12.463483,37.86975,5,930
2025-07-09 16:54:00,12.463483,37.86975,5,930
2025-07-09 17:04:00,12.463483,37.86975,5,930
2025-07-09 17:14:00,12.463483,37.86975,5,930
2025-07-09 17:24:00,12.463483,37.86975,5,930
2025-07-09 17:34:00,12.463483,37.86975,5,930
2025-07-09 17:44:00,12.463483,37.86975,5,930
2025-07-09 17:54:00,12.463483,37.86975,5,930
2025-07-09 18:04:00,12.463483,37.86975,5,930
2025-07-09 18:14:00,12.463483,37.86975,5,930
2025-07-09 18:24:00,12.463483,37.86975,5,930
2025-07-09 18:34:00,12.463483,37.86975,5,930
2025-07-09 18:44:00,12.463483,37.86975,5,930
2025-07-09 18:54:00,12.463483,37.86975,5,930
2025-07-09 19:04:00,12.463483,37.86975,5,930
2025-07-09 19:14:00,12.463483,37.86975,5,930
2025-07-09 19:24:00,12.463483,37.86975,5,930
2025-07-09 19:34:00,12.463483,37.86975,5,930
2025-07-09 19:44:00,12.463483,37.86975,5,930
2025-07-09 19:54:00,12.463483,37.86975,5,930
2025-07-09 20:04:00,12.463483,37.86975,5,930
2025-07-09 20:14:00,12.463483,37.86975,5,930
2025-07-09 20:24:00,12.463483,37.86975,5,930
2025-07-09 20:34:00,12.463483,37.86975,5,930
2025-07-09 20:44:00,12.463483,37.86975,5,930
2025-07-09 20:54:00,12.463483,37.86975,5,930
2025-07-09 21:04:00,12.463483,37.86975,5,930
2025-07-09 21:14:00,12.463483,37.86975,5,930
2025-07-09 21:24:00,12.463483,37.86975,5,930
2025-07-09 21:34:00,12.463483,37.86975,5,930
2025-07-09 21:44:00,12.463483,37.86975,5,930
2025-07-09 21:54:00,12.463483,37.86975,5,930
2025-07-09 22:04:00,12.463483,37.86975,5,930
2025-07-09 22:14:00,12.463483,37.86975,5,930
2025-07-09 22:24:00,12.463483,37.86975,5,930
2025-07-09 22:34:00,12.463483,37.86975,5,930
2025-07-09 22:44:00,12.463483,37.86975,5,930
2025-07-09 22:54:00,12.463483,37.86975,5,930
2025-07-09 23:04:00,12.463483,37.86975,5,930
2025-07-09 23:14:00,12.463483,37.86975,5,930
2025-07-09 23:24:00,12.463483,37.86975,5,930
2025-07-09 23:34:00,12.463483,37.86975,5,930
2025-07-09 23:44:00,12.463483,37.86975,5,930
2025-07-09 23:54:00,12.463483,37.86975,5,930
2025-07-10 00:04:00,12.463483,37.86975,5,930
2025-07-08 14:24:00,12.45275,37.875698,6,0530cnr
2025-07-08 14:34:00,12.453711,37.874985,6,0530cnr
2025-07-08 14:44:00,12.45471,37.874344,6,0530cnr
2025-07-08 14:54:00,12.455734,37.873745,6,0530cnr
2025-07-08 15:04:00,12.456776,37.873184,6,0530cnr
2025-07-08 15:14:00,12.457846,37.87259,6,0530cnr
2025-07-08 15:24:00,12.4589405,37.871952,6,0530cnr
2025-07-08 15:34:00,12.460058,37.87126,6,0530cnr
2025-07-08 15:44:00,12.46115,37.870552,6,0530cnr
2025-07-08 15:54:00,12.462239,37.86984,6,0530cnr
2025-07-08 16:04:00,12.462239,37.86984,6,0530cnr
2025-07-08 16:14:00,12.462239,37.86984,6,0530cnr
2025-07-08 16:24:00,12.462239,37.86984,6,0530cnr
2025-07-08 16:34:00,12.462239,37.86984,6,0530cnr
2025-07-08 16:44:00,12.462239,37.86984,6,0530cnr
2025-07-08 16:54:00,12.462239,37.86984,6,0530cnr
2025-07-08 17:04:00,12.462239,37.86984,6,0530cnr
2025-07-08 17:14:00,12.462239,37.86984,6,0530cnr
2025-07-08 17:24:00,12.462239,37.86984,6,0530cnr
2025-07-08 17:34:00,12.462643,37.86954,6,0530cnr
2025-07-08 17:44:00,12.462643,37.86954,6,0530cnr
2025-07-08 17:54:00,12.462643,37.86954,6,0530cnr
2025-07-08 18:04:00,12.462643,37.86954,6,0530cnr
2025-07-08 18:14:00,12.462643,37.86954,6,0530cnr
2025-07-08 18:24:00,12.462643,37.86954,6,0530cnr
2025-07-08 18:34:00,12.462643,37.86954,6,0530cnr
2025-07-08 18:44:00,12.462643,37.86954,6,0530cnr
2025-07-08 18:54:00,12.462643,37.86954,6,0530cnr
2025-07-08 19:04:00,12.462643,37.86954,6,0530cnr
2025-07-08 19:14:00,12.462643,37.86954,6,0530cnr
2025-07-08 19:24:00,12.462643,37.86954,6,0530cnr
2025-07-08 19:34:00,12.462643,37.86954,6,0530cnr
2025-07-08 19:44:00,12.462643,37.86954,6,0530cnr
2025-07-08 19:54:00,12.462643,37.86954,6,0530cnr
2025-07-08 20:04:00,12.462643,37.86954,6,0530cnr
2025-07-08 20:14:00,12.462643,37.86954,6,0530cnr
2025-07-08 20:24:00,12.462643,37.86954,6,0530cnr
2025-07-08 20:34:00,12.462643,37.86954,6,0530cnr
2025-07-08 20:44:00,12.462643,37.86954,6,0530cnr
2025-07-08 20:54:00,12.462643,37.86954,6,0530cnr
2025-07-08 21:04:00,12.462643,37.86954,6,0530cnr
2025-07-08 21:14:00,12.462643,37.86954,6,0530cnr
2025-07-08 21:24:00,12.462643,37.86954,6,0530cnr
2025-07-08 21:34:00,12.462643,37.86954,6,0530cnr
2025-07-08 21:44:00,12.462643,37.86954,6,0530cnr
2025-07-08 21:54:00,12.462643,37.86954,6,0530cnr
2025-07-08 22:04:00,12.462643,37.86954,6,0530cnr
2025-07-08 22:14:00,12.462643,37.86954,6,0530cnr
2025-07-08 22:24:00,12.462643,37.86954,6,0530cnr
2025-07-08 22:34:00,12.462643,37.86954,6,0530cnr
2025-07-08 22:44:00,12.462643,37.86954,6,0530cnr
2025-07-08 22:54:00,12.462643,37.86954,6,0530cnr
2025-07-08 23:04:00,12.462643,37.86954,6,0530cnr
2025-07-08 23:14:00,12.462643,37.86954,6,0530cnr
2025-07-08 23:24:00,12.462643,37.86954,6,0530cnr
2025-07-08 23:34:00,12.462643,37.86954,6,0530cnr
2025-07-08 23:44:00,12.462643,37.86954,6,0530cnr
2025-07-08 23:54:00,12.462643,37.86954,6,0530cnr
2025-07-09 00:04:00,12.462643,37.86954,6,0530cnr
2025-07-09 00:14:00,12.462643,37.86954,6,0530cnr
2025-07-09 00:24:00,12.462643,37.86954,6,0530cnr
2025-07-09 00:34:00,12.462643,37.86954,6,0530cnr
2025-07-09 00:44:00,12.462643,37.86954,6,0530cnr
2025-07-09 00:54:00,12.462643,37.86954,6,0530cnr
2025-07-09 01:04:00,12.462643,37.86954,6,0530cnr
2025-07-09 01:14:00,12.462643,37.86954,6,0530cnr
2025-07-09 01:24:00,12.462643,37.86954,6,0530cnr
2025-07-09 01:34:00,12.462643,37.86954,6,0530cnr
2025-07-09 01:44:00,12.462643,37.86954,6,0530cnr
2025-07-09 01:54:00,12.462643,37.86954,6,0530cnr
2025-07-09 02:04:00,12.462643,37.86954,6,0530cnr
2025-07-09 02:14:00,12.462643,37.86954,6,0530cnr
2025-07-09 02:24:00,12.462643,37.86954,6,0530cnr
2025-07-09 02:34:00,12.462643,37.86954,6,0530cnr
2025-07-09 02:44:00,12.462643,37.86954,6,0530cnr
2025-07-09 02:54:00,12.462643,37.86954,6,0530cnr
2025-07-09 03:04:00,12.462643,37.86954,6,0530cnr
2025-07-09 03:14:00,12.462643,37.86954,6,0530cnr
2025-07-09 03:24:00,12.462643,37.86954,6,0530cnr
2025-07-09 03:34:00,12.462643,37.86954,6,0530cnr
2025-07-09 03:44:00,12.462643,37.86954,6,0530cnr
2025-07-09 03:54:00,12.462643,37.86954,6,0530cnr
2025-07-09 04:04:00,12.462643,37.86954,6,0530cnr
2025-07-09 04:14:00,12.462643,37.86954,6,0530cnr
2025-07-09 04:24:00,12.462643,37.86954,6,0530cnr
2025-07-09 04:34:00,12.462643,37.86954,6,0530cnr
2025-07-09 04:44:00,12.462643,37.86954,6,0530cnr
2025-07-09 04:54:00,12.462643,37.86954,6,0530cnr
2025-07-09 05:04:00,12.462643,37.86954,6,0530cnr
2025-07-09 05:14:00,12.462643,37.86954,6,0530cnr
2025-07-09 05:24:00,12.462643,37.86954,6,0530cnr
2025-07-09 05:34:00,12.462643,37.86954,6,0530cnr
2025-07-09 05:44:00,12.462643,37.86954,6,0530cnr
2025-07-09 05:54:00,12.462643,37.86954,6,0530cnr
2025-07-09 06:04:00,12.462643,37.86954,6,0530cnr
2025-07-09 06:14:00,12.462643,37.86954,6,0530cnr
2025-07-09 06:24:00,12.462643,37.86954,6,0530cnr
2025-07-09 06:34:00,12.462643,37.86954,6,0530cnr
2025-07-09 06:44:00,12.462643,37.86954,6,0530cnr
2025-07-09 06:54:00,12.462643,37.86954,6,0530cnr
2025-07-09 07:04:00,12.462643,37.86954,6,0530cnr
2025-07-09 07:14:00,12.462643,37.86954,6,0530cnr
2025-07-09 07:24:00,12.462643,37.86954,6,0530cnr
2025-07-09 07:34:00,12.462643,37.86954,6,0530cnr
2025-07-09 07:44:00,12.462643,37.86954,6,0530cnr
2025-07-09 07:54:00,12.462643,37.86954,6,0530cnr
2025-07-09 08:04:00,12.462643,37.86954,6,0530cnr
2025-07-09 08:14:00,12.462643,37.86954,6,0530cnr
2025-07-09 08:24:00,12.462643,37.86954,6,0530cnr
2025-07-09 08:34:00,12.462643,37.86954,6,0530cnr
2025-07-09 08:44:00,12.462643,37.86954,6,0530cnr
2025-07-09 08:54:00,12.462643,37.86954,6,0530cnr
2025-07-09 09:04:00,12.462643,37.86954,6,0530cnr
2025-07-09 09:14:00,12.462643,37.86954,6,0530cnr
2025-07-09 09:24:00,12.462643,37.86954,6,0530cnr
2025-07-09 09:34:00,12.462643,37.86954,6,0530cnr
2025-07-09 09:44:00,12.462643,37.86954,6,0530cnr
2025-07-09 09:54:00,12.462643,37.86954,6,0530cnr
2025-07-09 10:04:00,12.462643,37.86954,6,0530cnr
2025-07-09 10:14:00,12.462643,37.86954,6,0530cnr
2025-07-09 10:24:00,12.462643,37.86954,6,0530cnr
2025-07-09 10:34:00,12.462643,37.86954,6,0530cnr
2025-07-09 10:44:00,12.462643,37.86954,6,0530cnr
2025-07-09 10:54:00,12.462643,37.86954,6,0530cnr
2025-07-09 11:04:00,12.462643,37.86954,6,0530cnr
2025-07-09 11:14:00,12.462643,37.86954,6,0530cnr
2025-07-09 11:24:00,12.462643,37.86954,6,0530cnr
2025-07-09 11:34:00,12.462643,37.86954,6,0530cnr
2025-07-09 11:44:00,12.462643,37.86954,6,0530cnr
2025-07-09 11:54:00,12.462643,37.86954,6,0530cnr
2025-07-09 12:04:00,12.462643,37.86954,6,0530cnr
2025-07-09 12:14:00,12.462643,37.86954,6,0530cnr
2025-07-09 12:24:00,12.462643,37.86954,6,0530cnr
2025-07-09 12:34:00,12.462643,37.86954,6,0530cnr
2025-07-09 12:44:00,12.462643,37.86954,6,0530cnr
2025-07-09 12:54:00,12.462643,37.86954,6,0530cnr
2025-07-09 13:04:00,12.462643,37.86954,6,0530cnr
2025-07-09 13:14:00,12.462643,37.86954,6,0530cnr
2025-07-09 13:24:00,12.462643,37.86954,6,0530cnr
2025-07-09 13:34:00,12.462643,37.86954,6,0530cnr
2025-07-09 13:44:00,12.462643,37.86954,6,0530cnr
2025-07-09 13:54:00,12.462643,37.86954,6,0530cnr
2025-07-09 14:04:00,12.462643,37.86954,6,0530cnr
2025-07-09 14:14:00,12.462643,37.86954,6,0530cnr
2025-07-09 14:24:00,12.462643,37.86954,6,0530cnr
2025-07-09 14:34:00,12.462643,37.86954,6,0530cnr
2025-07-09 14:44:00,12.462643,37.86954,6,0530cnr
2025-07-09 14:54:00,12.462643,37.86954,6,0530cnr
2025-07-09 15:04:00,12.462643,37.86954,6,0530cnr
2025-07-09 15:14:00,12.462643,37.86954,6,0530cnr
2025-07-09 15:24:00,12.462643,37.86954,6,0530cnr
2025-07-09 15:34:00,12.462643,37.86954,6,0530cnr
2025-07-09 15:44:00,12.462643,37.86954,6,0530cnr
2025-07-09 15:54:00,12.462643,37.86954,6,0530cnr
2025-07-09 16:04:00,12.462643,37.86954,6,0530cnr
2025-07-09 16:14:00,12.462643,37.86954,6,0530cnr
2025-07-09 16:24:00,12.462643,37.86954,6,0530cnr
2025-07-09 16:34:00,12.462643,37.86954,6,0530cnr
2025-07-09 16:44:00,12.462643,37.86954,6,0530cnr
2025-07-09 16:54:00,12.462643,37.86954,6,0530cnr
2025-07-09 17:04:00,12.462643,37.86954,6,0530cnr
2025-07-09 17:14:00,12.462643,37.86954,6,0530cnr
2025-07-09 17:24:00,12.462643,37.86954,6,0530cnr
2025-07-09 17:34:00,12.462643,37.86954,6,0530cnr
2025-07-09 17:44:00,12.462643,37.86954,6,0530cnr
2025-07-09 17:54:00,12.462643,37.86954,6,0530cnr
2025-07-09 18:04:00,12.462643,37.86954,6,0530cnr
2025-07-09 18:14:00,12.462643,37.86954,6,0530cnr
2025-07-09 18:24:00,12.462643,37.86954,6,0530cnr
2025-07-09 18:34:00,12.462643,37.86954,6,0530cnr
2025-07-09 18:44:00,12.462643,37.86954,6,0530cnr
2025-07-09 18:54:00,12.462643,37.86954,6,0530cnr
2025-07-09 19:04:00,12.462643,37.86954,6,0530cnr
2025-07-09 19:14:00,12.462643,37.86954,6,0530cnr
2025-07-09 19:24:00,12.462643,37.86954,6,0530cnr
2025-07-09 19:34:00,12.462643,37.86954,6,0530cnr
2025-07-09 19:44:00,12.462643,37.86954,6,0530cnr
2025-07-09 19:54:00,12.462643,37.86954,6,0530cnr
2025-07-09 20:04:00,12.462643,37.86954,6,0530cnr
2025-07-09 20:14:00,12.462643,37.86954,6,0530cnr
2025-07-09 20:24:00,12.462643,37.86954,6,0530cnr
2025-07-09 20:34:00,12.462643,37.86954,6,0530cnr
2025-07-09 20:44:00,12.462643,37.86954,6,0530cnr
2025-07-09 20:54:00,12.462643,37.86954,6,0530cnr
2025-07-09 21:04:00,12.462643,37.86954,6,0530cnr
2025-07-09 21:14:00,12.462643,37.86954,6,0530cnr
2025-07-09 21:24:00,12.462643,37.86954,6,0530cnr
2025-07-09 21:34:00,12.462643,37.86954,6,0530cnr
2025-07-09 21:44:00,12.462643,37.86954,6,0530cnr
2025-07-09 21:54:00,12.462643,37.86954,6,0530cnr
2025-07-09 22:04:00,12.462643,37.86954,6,0530cnr
2025-07-09 22:14:00,12.462643,37.86954,6,0530cnr
2025-07-09 22:24:00,12.462643,37.86954,6,0530cnr
2025-07-09 22:34:00,12.462643,37.86954,6,0530cnr
2025-07-09 22:44:00,12.462643,37.86954,6,0530cnr
2025-07-09 22:54:00,12.462643,37.86954,6,0530cnr
2025-07-09 23:04:00,12.462643,37.86954,6,0530cnr
2025-07-09 23:14:00,12.462643,37.86954,6,0530cnr
2025-07-09 23:24:00,12.462643,37.86954,6,0530cnr
2025-07-09 23:34:00,12.462643,37.86954,6,0530cnr
2025-07-09 23:44:00,12.462643,37.86954,6,0530cnr
2025-07-09 23:54:00,12.462643,37.86954,6,0530cnr
2025-07-10 00:04:00,12.462643,37.86954,6,0530cnr
2025-07-08 14:24:00,12.45253,37.87573,6,3500cnr
2025-07-08 14:34:00,12.45349,37.874992,6,3500cnr
2025-07-08 14:44:00,12.454491,37.874332,6,3500cnr
2025-07-08 14:54:00,12.455519,37.87372,6,3500cnr
2025-07-08 15:04:00,12.456564,37.873158,6,3500cnr
2025-07-08 15:14:00,12.457637,37.87257,6,3500cnr
2025-07-08 15:24:00,12.458732,37.87195,6,3500cnr
2025-07-08 15:34:00,12.459845,37.87127,6,3500cnr
2025-07-08 15:44:00,12.460936,37.870564,6,3500cnr
2025-07-08 15:54:00,12.462019,37.86986,6,3500cnr
2025-07-08 16:04:00,12.462019,37.86986,6,3500cnr
2025-07-08 16:14:00,12.462019,37.86986,6,3500cnr
2025-07-08 16:24:00,12.462019,37.86986,6,3500cnr
2025-07-08 16:34:00,12.462019,37.86986,6,3500cnr
2025-07-08 16:44:00,12.462019,37.86986,6,3500cnr
2025-07-08 16:54:00,12.462019,37.86986,6,3500cnr
2025-07-08 17:04:00,12.462019,37.86986,6,3500cnr
2025-07-08 17:14:00,12.462461,37.869507,6,3500cnr
2025-07-08 17:24:00,12.462461,37.869507,6,3500cnr
2025-07-08 17:34:00,12.462461,37.869507,6,3500cnr
2025-07-08 17:44:00,12.462461,37.869507,6,3500cnr
2025-07-08 17:54:00,12.462461,37.869507,6,3500cnr
2025-07-08 18:04:00,12.462461,37.869507,6,3500cnr
2025-07-08 18:14:00,12.462461,37.869507,6,3500cnr
2025-07-08 18:24:00,12.462461,37.869507,6,3500cnr
2025-07-08 18:34:00,12.462461,37.869507,6,3500cnr
2025-07-08 18:44:00,12.462461,37.869507,6,3500cnr
2025-07-08 18:54:00,12.462461,37.869507,6,3500cnr
2025-07-08 19:04:00,12.462461,37.869507,6,3500cnr
2025-07-08 19:14:00,12.462461,37.869507,6,3500cnr
2025-07-08 19:24:00,12.462461,37.869507,6,3500cnr
2025-07-08 19:34:00,12.462461,37.869507,6,3500cnr
2025-07-08 19:44:00,12.462461,37.869507,6,3500cnr
2025-07-08 19:54:00,12.462461,37.869507,6,3500cnr
2025-07-08 20:04:00,12.462461,37.869507,6,3500cnr
2025-07-08 20:14:00,12.462461,37.869507,6,3500cnr
2025-07-08 20:24:00,12.462461,37.869507,6,3500cnr
2025-07-08 20:34:00,12.462461,37.869507,6,3500cnr
2025-07-08 20:44:00,12.462461,37.869507,6,3500cnr
2025-07-08 20:54:00,12.462461,37.869507,6,3500cnr
2025-07-08 21:04:00,12.462461,37.869507,6,3500cnr
2025-07-08 21:14:00,12.462461,37.869507,6,3500cnr
2025-07-08 21:24:00,12.462461,37.869507,6,3500cnr
2025-07-08 21:34:00,12.462461,37.869507,6,3500cnr
2025-07-08 21:44:00,12.462461,37.869507,6,3500cnr
2025-07-08 21:54:00,12.462461,37.869507,6,3500cnr
2025-07-08 22:04:00,12.462461,37.869507,6,3500cnr
2025-07-08 22:14:00,12.462461,37.869507,6,3500cnr
2025-07-08 22:24:00,12.462461,37.869507,6,3500cnr
2025-07-08 22:34:00,12.462461,37.869507,6,3500cnr
2025-07-08 22:44:00,12.462461,37.869507,6,3500cnr
2025-07-08 22:54:00,12.462461,37.869507,6,3500cnr
2025-07-08 23:04:00,12.462461,37.869507,6,3500cnr
2025-07-08 23:14:00,12.462461,37.869507,6,3500cnr
2025-07-08 23:24:00,12.462461,37.869507,6,3500cnr
2025-07-08 23:34:00,12.462461,37.869507,6,3500cnr
2025-07-08 23:44:00,12.462461,37.869507,6,3500cnr
2025-07-08 23:54:00,12.462461,37.869507,6,3500cnr
2025-07-09 00:04:00,12.462461,37.869507,6,3500cnr
2025-07-09 00:14:00,12.462461,37.869507,6,3500cnr
2025-07-09 00:24:00,12.462461,37.869507,6,3500cnr
2025-07-09 00:34:00,12.462461,37.869507,6,3500cnr
2025-07-09 00:44:00,12.462461,37.869507,6,3500cnr
2025-07-09 00:54:00,12.462461,37.869507,6,3500cnr
2025-07-09 01:04:00,12.462461,37.869507,6,3500cnr
2025-07-09 01:14:00,12.462461,37.869507,6,3500cnr
2025-07-09 01:24:00,12.462461,37.869507,6,3500cnr
2025-07-09 01:34:00,12.462461,37.869507,6,3500cnr
2025-07-09 01:44:00,12.462461,37.869507,6,3500cnr
2025-07-09 01:54:00,12.462461,37.869507,6,3500cnr
2025-07-09 02:04:00,12.462461,37.869507,6,3500cnr
2025-07-09 02:14:00,12.462461,37.869507,6,3500cnr
2025-07-09 02:24:00,12.462461,37.869507,6,3500cnr
2025-07-09 02:34:00,12.462461,37.869507,6,3500cnr
2025-07-09 02:44:00,12.462461,37.869507,6,3500cnr
2025-07-09 02:54:00,12.462461,37.869507,6,3500cnr
2025-07-09 03:04:00,12.462461,37.869507,6,3500cnr
2025-07-09 03:14:00,12.462461,37.869507,6,3500cnr
2025-07-09 03:24:00,12.462461,37.869507,6,3500cnr
2025-07-09 03:34:00,12.462461,37.869507,6,3500cnr
2025-07-09 03:44:00,12.462461,37.869507,6,3500cnr
2025-07-09 03:54:00,12.462461,37.869507,6,3500cnr
2025-07-09 04:04:00,12.462461,37.869507,6,3500cnr
2025-07-09 04:14:00,12.462461,37.869507,6,3500cnr
2025-07-09 04:24:00,12.462461,37.869507,6,3500cnr
2025-07-09 04:34:00,12.462461,37.869507,6,3500cnr
2025-07-09 04:44:00,12.462461,37.869507,6,3500cnr
2025-07-09 04:54:00,12.462461,37.869507,6,3500cnr
2025-07-09 05:04:00,12.462461,37.869507,6,3500cnr
2025-07-09 05:14:00,12.462461,37.869507,6,3500cnr
2025-07-09 05:24:00,12.462461,37.869507,6,3500cnr
2025-07-09 05:34:00,12.462461,37.869507,6,3500cnr
2025-07-09 05:44:00,12.462461,37.869507,6,3500cnr
2025-07-09 05:54:00,12.462461,37.869507,6,3500cnr
2025-07-09 06:04:00,12.462461,37.869507,6,3500cnr
2025-07-09 06:14:00,12.462461,37.869507,6,3500cnr
2025-07-09 06:24:00,12.462461,37.869507,6,3500cnr
2025-07-09 06:34:00,12.462461,37.869507,6,3500cnr
2025-07-09 06:44:00,12.462461,37.869507,6,3500cnr
2025-07-09 06:54:00,12.462461,37.869507,6,3500cnr
2025-07-09 07:04:00,12.462461,37.869507,6,3500cnr
2025-07-09 07:14:00,12.462461,37.869507,6,3500cnr
2025-07-09 07:24:00,12.462461,37.869507,6,3500cnr
2025-07-09 07:34:00,12.462461,37.869507,6,3500cnr
2025-07-09 07:44:00,12.462461,37.869507,6,3500cnr
2025-07-09 07:54:00,12.462461,37.869507,6,3500cnr
2025-07-09 08:04:00,12.462461,37.869507,6,3500cnr
2025-07-09 08:14:00,12.462461,37.869507,6,3500cnr
2025-07-09 08:24:00,12.462461,37.869507,6,3500cnr
2025-07-09 08:34:00,12.462461,37.869507,6,3500cnr
2025-07-09 08:44:00,12.462461,37.869507,6,3500cnr
2025-07-09 08:54:00,12.462461,37.869507,6,3500cnr
2025-07-09 09:04:00,12.462461,37.869507,6,3500cnr
2025-07-09 09:14:00,12.462461,37.869507,6,3500cnr
2025-07-09 09:24:00,12.462461,37.869507,6,3500cnr
2025-07-09 09:34:00,12.462461,37.869507,6,3500cnr
2025-07-09 09:44:00,12.462461,37.869507,6,3500cnr
2025-07-09 09:54:00,12.462461,37.869507,6,3500cnr
2025-07-09 10:04:00,12.462461,37.869507,6,3500cnr
2025-07-09 10:14:00,12.462461,37.869507,6,3500cnr
2025-07-09 10:24:00,12.462461,37.869507,6,3500cnr
2025-07-09 10:34:00,12.462461,37.869507,6,3500cnr
2025-07-09 10:44:00,12.462461,37.869507,6,3500cnr
2025-07-09 10:54:00,12.462461,37.869507,6,3500cnr
2025-07-09 11:04:00,12.462461,37.869507,6,3500cnr
2025-07-09 11:14:00,12.462461,37.869507,6,3500cnr
2025-07-09 11:24:00,12.462461,37.869507,6,3500cnr
2025-07-09 11:34:00,12.462461,37.869507,6,3500cnr
2025-07-09 11:44:00,12.462461,37.869507,6,3500cnr
2025-07-09 11:54:00,12.462461,37.869507,6,3500cnr
2025-07-09 12:04:00,12.462461,37.869507,6,3500cnr
2025-07-09 12:14:00,12.462461,37.869507,6,3500cnr
2025-07-09 12:24:00,12.462461,37.869507,6,3500cnr
2025-07-09 12:34:00,12.462461,37.869507,6,3500cnr
2025-07-09 12:44:00,12.462461,37.869507,6,3500cnr
2025-07-09 12:54:00,12.462461,37.869507,6,3500cnr
2025-07-09 13:04:00,12.462461,37.869507,6,3500cnr
2025-07-09 13:14:00,12.462461,37.869507,6,3500cnr
2025-07-09 13:24:00,12.462461,37.869507,6,3500cnr
2025-07-09 13:34:00,12.462461,37.869507,6,3500cnr
2025-07-09 13:44:00,12.462461,37.869507,6,3500cnr
2025-07-09 13:54:00,12.462461,37.869507,6,3500cnr
2025-07-09 14:04:00,12.462461,37.869507,6,3500cnr
2025-07-09 14:14:00,12.462461,37.869507,6,3500cnr
2025-07-09 14:24:00,12.462461,37.869507,6,3500cnr
2025-07-09 14:34:00,12.462461,37.869507,6,3500cnr
2025-07-09 14:44:00,12.462461,37.869507,6,3500cnr
2025-07-09 14:54:00,12.462461,37.869507,6,3500cnr
2025-07-09 15:04:00,12.462461,37.869507,6,3500cnr
2025-07-09 15:14:00,12.462461,37.869507,6,3500cnr
2025-07-09 15:24:00,12.462461,37.869507,6,3500cnr
2025-07-09 15:34:00,12.462461,37.869507,6,3500cnr
2025-07-09 15:44:00,12.462461,37.869507,6,3500cnr
2025-07-09 15:54:00,12.462461,37.869507,6,3500cnr
2025-07-09 16:04:00,12.462461,37.869507,6,3500cnr
2025-07-09 16:14:00,12.462461,37.869507,6,3500cnr
2025-07-09 16:24:00,12.462461,37.869507,6,3500cnr
2025-07-09 16:34:00,12.462461,37.869507,6,3500cnr
2025-07-09 16:44:00,12.462461,37.869507,6,3500cnr
2025-07-09 16:54:00,12.462461,37.869507,6,3500cnr
2025-07-09 17:04:00,12.462461,37.869507,6,3500cnr
2025-07-09 17:14:00,12.462461,37.869507,6,3500cnr
2025-07-09 17:24:00,12.462461,37.869507,6,3500cnr
2025-07-09 17:34:00,12.462461,37.869507,6,3500cnr
2025-07-09 17:44:00,12.462461,37.869507,6,3500cnr
2025-07-09 17:54:00,12.462461,37.869507,6,3500cnr
2025-07-09 18:04:00,12.462461,37.869507,6,3500cnr
2025-07-09 18:14:00,12.462461,37.869507,6,3500cnr
2025-07-09 18:24:00,12.462461,37.869507,6,3500cnr
2025-07-09 18:34:00,12.462461,37.869507,6,3500cnr
2025-07-09 18:44:00,12.462461,37.869507,6,3500cnr
2025-07-09 18:54:00,12.462461,37.869507,6,3500cnr
2025-07-09 19:04:00,12.462461,37.869507,6,3500cnr
2025-07-09 19:14:00,12.462461,37.869507,6,3500cnr
2025-07-09 19:24:00,12.462461,37.869507,6,3500cnr
2025-07-09 19:34:00,12.462461,37.869507,6,3500cnr
2025-07-09 19:44:00,12.462461,37.869507,6,3500cnr
2025-07-09 19:54:00,12.462461,37.869507,6,3500cnr
2025-07-09 20:04:00,12.462461,37.869507,6,3500cnr
2025-07-09 20:14:00,12.462461,37.869507,6,3500cnr
2025-07-09 20:24:00,12.462461,37.869507,6,3500cnr
2025-07-09 20:34:00,12.462461,37.869507,6,3500cnr
2025-07-09 20:44:00,12.462461,37.869507,6,3500cnr
2025-07-09 20:54:00,12.462461,37.869507,6,3500cnr
2025-07-09 21:04:00,12.462461,37.869507,6,3500cnr
2025-07-09 21:14:00,12.462461,37.869507,6,3500cnr
2025-07-09 21:24:00,12.462461,37.869507,6,3500cnr
2025-07-09 21:34:00,12.462461,37.869507,6,3500cnr
2025-07-09 21:44:00,12.462461,37.869507,6,3500cnr
2025-07-09 21:54:00,12.462461,37.869507,6,3500cnr
2025-07-09 22:04:00,12.462461,37.869507,6,3500cnr
2025-07-09 22:14:00,12.462461,37.869507,6,3500cnr
2025-07-09 22:24:00,12.462461,37.869507,6,3500cnr
2025-07-09 22:34:00,12.462461,37.869507,6,3500cnr
2025-07-09 22:44:00,12.462461,37.869507,6,3500cnr
2025-07-09 22:54:00,12.462461,37.869507,6,3500cnr
2025-07-09 23:04:00,12.462461,37.869507,6,3500cnr
2025-07-09 23:14:00,12.462461,37.869507,6,3500cnr
2025-07-09 23:24:00,12.462461,37.869507,6,3500cnr
2025-07-09 23:34:00,12.462461,37.869507,6,3500cnr
2025-07-09 23:44:00,12.462461,37.869507,6,3500cnr
2025-07-09 23:54:00,12.462461,37.869507,6,3500cnr
2025-07-10 00:04:00,12.462461,37.869507,6,3500cnr
2025-07-08 14:24:00,12.45307,37.875484,6,3680cnr
2025-07-08 14:34:00,12.454042,37.8748,6,3680cnr
2025-07-08 14:44:00,12.45505,37.87418,6,3680cnr
2025-07-08 14:54:00,12.456078,37.8736,6,3680cnr
2025-07-08 15:04:00,12.457127,37.873035,6,3680cnr
2025-07-08 15:14:00,12.458201,37.872425,6,3680cnr
2025-07-08 15:24:00,12.45931,37.87177,6,3680cnr
2025-07-08 15:34:00,12.460424,37.871056,6,3680cnr
2025-07-08 15:44:00,12.46151,37.870342,6,3680cnr
2025-07-08 15:54:00,12.462606,37.869614,6,3680cnr
2025-07-08 16:04:00,12.462606,37.869614,6,3680cnr
2025-07-08 16:14:00,12.462606,37.869614,6,3680cnr
2025-07-08 16:24:00,12.462606,37.869614,6,3680cnr
2025-07-08 16:34:00,12.462606,37.869614,6,3680cnr
2025-07-08 16:44:00,12.462606,37.869614,6,3680cnr
2025-07-08 16:54:00,12.462606,37.869614,6,3680cnr
2025-07-08 17:04:00,12.462606,37.869614,6,3680cnr
2025-07-08 17:14:00,12.462606,37.869614,6,3680cnr
2025-07-08 17:24:00,12.462606,37.869614,6,3680cnr
2025-07-08 17:34:00,12.462606,37.869614,6,3680cnr
2025-07-08 17:44:00,12.462606,37.869614,6,3680cnr
2025-07-08 17:54:00,12.462606,37.869614,6,3680cnr
2025-07-08 18:04:00,12.462606,37.869614,6,3680cnr
2025-07-08 18:14:00,12.462606,37.869614,6,3680cnr
2025-07-08 18:24:00,12.462606,37.869614,6,3680cnr
2025-07-08 18:34:00,12.462606,37.869614,6,3680cnr
2025-07-08 18:44:00,12.462606,37.869614,6,3680cnr
2025-07-08 18:54:00,12.462606,37.869614,6,3680cnr
2025-07-08 19:04:00,12.462606,37.869614,6,3680cnr
2025-07-08 19:14:00,12.462606,37.869614,6,3680cnr
2025-07-08 19:24:00,12.462606,37.869614,6,3680cnr
2025-07-08 19:34:00,12.462606,37.869614,6,3680cnr
2025-07-08 19:44:00,12.462606,37.869614,6,3680cnr
2025-07-08 19:54:00,12.462606,37.869614,6,3680cnr
2025-07-08 20:04:00,12.462606,37.869614,6,3680cnr
2025-07-08 20:14:00,12.462606,37.869614,6,3680cnr
2025-07-08 20:24:00,12.462606,37.869614,6,3680cnr
2025-07-08 20:34:00,12.462606,37.869614,6,3680cnr
2025-07-08 20:44:00,12.462606,37.869614,6,3680cnr
2025-07-08 20:54:00,12.462606,37.869614,6,3680cnr
2025-07-08 21:04:00,12.462606,37.869614,6,3680cnr
2025-07-08 21:14:00,12.462606,37.869614,6,3680cnr
2025-07-08 21:24:00,12.462606,37.869614,6,3680cnr
2025-07-08 21:34:00,12.462606,37.869614,6,3680cnr
2025-07-08 21:44:00,12.462606,37.869614,6,3680cnr
2025-07-08 21:54:00,12.462606,37.869614,6,3680cnr
2025-07-08 22:04:00,12.462606,37.869614,6,3680cnr
2025-07-08 22:14:00,12.462606,37.869614,6,3680cnr
2025-07-08 22:24:00,12.462606,37.869614,6,3680cnr
2025-07-08 22:34:00,12.462606,37.869614,6,3680cnr
2025-07-08 22:44:00,12.462606,37.869614,6,3680cnr
2025-07-08 22:54:00,12.462606,37.869614,6,3680cnr
2025-07-08 23:04:00,12.462606,37.869614,6,3680cnr
2025-07-08 23:14:00,12.462606,37.869614,6,3680cnr
2025-07-08 23:24:00,12.462606,37.869614,6,3680cnr
2025-07-08 23:34:00,12.462606,37.869614,6,3680cnr
2025-07-08 23:44:00,12.462606,37.869614,6,3680cnr
2025-07-08 23:54:00,12.462606,37.869614,6,3680cnr
2025-07-09 00:04:00,12.462606,37.869614,6,3680cnr
2025-07-09 00:14:00,12.462606,37.869614,6,3680cnr
2025-07-09 00:24:00,12.462606,37.869614,6,3680cnr
2025-07-09 00:34:00,12.462606,37.869614,6,3680cnr
2025-07-09 00:44:00,12.462606,37.869614,6,3680cnr
2025-07-09 00:54:00,12.462606,37.869614,6,3680cnr
2025-07-09 01:04:00,12.462606,37.869614,6,3680cnr
2025-07-09 01:14:00,12.462606,37.869614,6,3680cnr
2025-07-09 01:24:00,12.462606,37.869614,6,3680cnr
2025-07-09 01:34:00,12.462606,37.869614,6,3680cnr
2025-07-09 01:44:00,12.462606,37.869614,6,3680cnr
2025-07-09 01:54:00,12.462606,37.869614,6,3680cnr
2025-07-09 02:04:00,12.462606,37.869614,6,3680cnr
2025-07-09 02:14:00,12.462606,37.869614,6,3680cnr
2025-07-09 02:24:00,12.462606,37.869614,6,3680cnr
2025-07-09 02:34:00,12.462606,37.869614,6,3680cnr
2025-07-09 02:44:00,12.462606,37.869614,6,3680cnr
2025-07-09 02:54:00,12.462606,37.869614,6,3680cnr
2025-07-09 03:04:00,12.462606,37.869614,6,3680cnr
2025-07-09 03:14:00,12.462606,37.869614,6,3680cnr
2025-07-09 03:24:00,12.462606,37.869614,6,3680cnr
2025-07-09 03:34:00,12.462606,37.869614,6,3680cnr
2025-07-09 03:44:00,12.462606,37.869614,6,3680cnr
2025-07-09 03:54:00,12.462606,37.869614,6,3680cnr
2025-07-09 04:04:00,12.462606,37.869614,6,3680cnr
2025-07-09 04:14:00,12.462606,37.869614,6,3680cnr
2025-07-09 04:24:00,12.462606,37.869614,6,3680cnr
2025-07-09 04:34:00,12.462606,37.869614,6,3680cnr
2025-07-09 04:44:00,12.462606,37.869614,6,3680cnr
2025-07-09 04:54:00,12.462606,37.869614,6,3680cnr
2025-07-09 05:04:00,12.462606,37.869614,6,3680cnr
2025-07-09 05:14:00,12.462606,37.869614,6,3680cnr
2025-07-09 05:24:00,12.462606,37.869614,6,3680cnr
2025-07-09 05:34:00,12.462606,37.869614,6,3680cnr
2025-07-09 05:44:00,12.462606,37.869614,6,3680cnr
2025-07-09 05:54:00,12.462606,37.869614,6,3680cnr
2025-07-09 06:04:00,12.462606,37.869614,6,3680cnr
2025-07-09 06:14:00,12.462606,37.869614,6,3680cnr
2025-07-09 06:24:00,12.462606,37.869614,6,3680cnr
2025-07-09 06:34:00,12.462606,37.869614,6,3680cnr
2025-07-09 06:44:00,12.462606,37.869614,6,3680cnr
2025-07-09 06:54:00,12.462606,37.869614,6,3680cnr
2025-07-09 07:04:00,12.462606,37.869614,6,3680cnr
2025-07-09 07:14:00,12.462606,37.869614,6,3680cnr
2025-07-09 07:24:00,12.462606,37.869614,6,3680cnr
2025-07-09 07:34:00,12.462606,37.869614,6,3680cnr
2025-07-09 07:44:00,12.462606,37.869614,6,3680cnr
2025-07-09 07:54:00,12.462606,37.869614,6,3680cnr
2025-07-09 08:04:00,12.462606,37.869614,6,3680cnr
2025-07-09 08:14:00,12.462606,37.869614,6,3680cnr
2025-07-09 08:24:00,12.462606,37.869614,6,3680cnr
2025-07-09 08:34:00,12.462606,37.869614,6,3680cnr
2025-07-09 08:44:00,12.462606,37.869614,6,3680cnr
2025-07-09 08:54:00,12.462606,37.869614,6,3680cnr
2025-07-09 09:04:00,12.462606,37.869614,6,3680cnr
2025-07-09 09:14:00,12.462606,37.869614,6,3680cnr
2025-07-09 09:24:00,12.462606,37.869614,6,3680cnr
2025-07-09 09:34:00,12.462606,37.869614,6,3680cnr
2025-07-09 09:44:00,12.462606,37.869614,6,3680cnr
2025-07-09 09:54:00,12.462606,37.869614,6,3680cnr
2025-07-09 10:04:00,12.462606,37.869614,6,3680cnr
2025-07-09 10:14:00,12.462606,37.869614,6,3680cnr
2025-07-09 10:24:00,12.462606,37.869614,6,3680cnr
2025-07-09 10:34:00,12.462606,37.869614,6,3680cnr
2025-07-09 10:44:00,12.462606,37.869614,6,3680cnr
2025-07-09 10:54:00,12.462606,37.869614,6,3680cnr
2025-07-09 11:04:00,12.462606,37.869614,6,3680cnr
2025-07-09 11:14:00,12.462606,37.869614,6,3680cnr
2025-07-09 11:24:00,12.462606,37.869614,6,3680cnr
2025-07-09 11:34:00,12.462606,37.869614,6,3680cnr
2025-07-09 11:44:00,12.462606,37.869614,6,3680cnr
2025-07-09 11:54:00,12.462606,37.869614,6,3680cnr
2025-07-09 12:04:00,12.462606,37.869614,6,3680cnr
2025-07-09 12:14:00,12.462606,37.869614,6,3680cnr
2025-07-09 12:24:00,12.462606,37.869614,6,3680cnr
2025-07-09 12:34:00,12.462606,37.869614,6,3680cnr
2025-07-09 12:44:00,12.462606,37.869614,6,3680cnr
2025-07-09 12:54:00,12.462606,37.869614,6,3680cnr
2025-07-09 13:04:00,12.462606,37.869614,6,3680cnr
2025-07-09 13:14:00,12.462606,37.869614,6,3680cnr
2025-07-09 13:24:00,12.462606,37.869614,6,3680cnr
2025-07-09 13:34:00,12.462606,37.869614,6,3680cnr
2025-07-09 13:44:00,12.462606,37.869614,6,3680cnr
2025-07-09 13:54:00,12.462606,37.869614,6,3680cnr
2025-07-09 14:04:00,12.462606,37.869614,6,3680cnr
2025-07-09 14:14:00,12.462606,37.869614,6,3680cnr
2025-07-09 14:24:00,12.462606,37.869614,6,3680cnr
2025-07-09 14:34:00,12.462606,37.869614,6,3680cnr
2025-07-09 14:44:00,12.462606,37.869614,6,3680cnr
2025-07-09 14:54:00,12.462606,37.869614,6,3680cnr
2025-07-09 15:04:00,12.462606,37.869614,6,3680cnr
2025-07-09 15:14:00,12.462606,37.869614,6,3680cnr
2025-07-09 15:24:00,12.462606,37.869614,6,3680cnr
2025-07-09 15:34:00,12.462606,37.869614,6,3680cnr
2025-07-09 15:44:00,12.462606,37.869614,6,3680cnr
2025-07-09 15:54:00,12.462606,37.869614,6,3680cnr
2025-07-09 16:04:00,12.462606,37.869614,6,3680cnr
2025-07-09 16:14:00,12.462606,37.869614,6,3680cnr
2025-07-09 16:24:00,12.462606,37.869614,6,3680cnr
2025-07-09 16:34:00,12.462606,37.869614,6,3680cnr
2025-07-09 16:44:00,12.462606,37.869614,6,3680cnr
2025-07-09 16:54:00,12.462606,37.869614,6,3680cnr
2025-07-09 17:04:00,12.462606,37.869614,6,3680cnr
2025-07-09 17:14:00,12.462606,37.869614,6,3680cnr
2025-07-09 17:24:00,12.462606,37.869614,6,3680cnr
2025-07-09 17:34:00,12.462606,37.869614,6,3680cnr
2025-07-09 17:44:00,12.462606,37.869614,6,3680cnr
2025-07-09 17:54:00,12.462606,37.869614,6,3680cnr
2025-07-09 18:04:00,12.462606,37.869614,6,3680cnr
2025-07-09 18:14:00,12.462606,37.869614,6,3680cnr
2025-07-09 18:24:00,12.462606,37.869614,6,3680cnr
2025-07-09 18:34:00,12.462606,37.869614,6,3680cnr
2025-07-09 18:44:00,12.462606,37.869614,6,3680cnr
2025-07-09 18:54:00,12.462606,37.869614,6,3680cnr
2025-07-09 19:04:00,12.462606,37.869614,6,3680cnr
2025-07-09 19:14:00,12.462606,37.869614,6,3680cnr
2025-07-09 19:24:00,12.462606,37.869614,6,3680cnr
2025-07-09 19:34:00,12.462606,37.869614,6,3680cnr
2025-07-09 19:44:00,12.462606,37.869614,6,3680cnr
2025-07-09 19:54:00,12.462606,37.869614,6,3680cnr
2025-07-09 20:04:00,12.462606,37.869614,6,3680cnr
2025-07-09 20:14:00,12.462606,37.869614,6,3680cnr
2025-07-09 20:24:00,12.462606,37.869614,6,3680cnr
2025-07-09 20:34:00,12.462606,37.869614,6,3680cnr
2025-07-09 20:44:00,12.462606,37.869614,6,3680cnr
2025-07-09 20:54:00,12.462606,37.869614,6,3680cnr
2025-07-09 21:04:00,12.462606,37.869614,6,3680cnr
2025-07-09 21:14:00,12.462606,37.869614,6,3680cnr
2025-07-09 21:24:00,12.462606,37.869614,6,3680cnr
2025-07-09 21:34:00,12.462606,37.869614,6,3680cnr
2025-07-09 21:44:00,12.462606,37.869614,6,3680cnr
2025-07-09 21:54:00,12.462606,37.869614,6,3680cnr
2025-07-09 22:04:00,12.462606,37.869614,6,3680cnr
2025-07-09 22:14:00,12.462606,37.869614,6,3680cnr
2025-07-09 22:24:00,12.462606,37.869614,6,3680cnr
2025-07-09 22:34:00,12.462606,37.869614,6,3680cnr
2025-07-09 22:44:00,12.462606,37.869614,6,3680cnr
2025-07-09 22:54:00,12.462606,37.869614,6,3680cnr
2025-07-09 23:04:00,12.462606,37.869614,6,3680cnr
2025-07-09 23:14:00,12.462606,37.869614,6,3680cnr
2025-07-09 23:24:00,12.462606,37.869614,6,3680cnr
2025-07-09 23:34:00,12.462606,37.869614,6,3680cnr
2025-07-09 23:44:00,12.462606,37.869614,6,3680cnr
2025-07-09 23:54:00,12.462606,37.869614,6,3680cnr
2025-07-10 00:04:00,12.462606,37.869614,6,3680cnr
2025-07-08 17:04:00,12.478175,37.87549,7,2520
2025-07-08 17:14:00,12.478935,37.875046,7,2520
2025-07-08 17:24:00,12.479679,37.874657,7,2520
2025-07-08 17:34:00,12.480404,37.874317,7,2520
2025-07-08 17:44:00,12.4811,37.873985,7,2520
2025-07-08 17:54:00,12.4817705,37.873653,7,2520
2025-07-08 18:04:00,12.4821005,37.873493,7,2520
2025-07-08 18:14:00,12.4821005,37.873493,7,2520
2025-07-08 18:24:00,12.4821005,37.873493,7,2520
2025-07-08 18:34:00,12.4821005,37.873493,7,2520
2025-07-08 18:44:00,12.4821005,37.873493,7,2520
2025-07-08 18:54:00,12.4821005,37.873493,7,2520
2025-07-08 19:04:00,12.4821005,37.873493,7,2520
2025-07-08 19:14:00,12.4821005,37.873493,7,2520
2025-07-08 19:24:00,12.4821005,37.873493,7,2520
2025-07-08 19:34:00,12.4821005,37.873493,7,2520
2025-07-08 19:44:00,12.4821005,37.873493,7,2520
2025-07-08 19:54:00,12.4821005,37.873493,7,2520
2025-07-08 20:04:00,12.4821005,37.873493,7,2520
2025-07-08 20:14:00,12.4821005,37.873493,7,2520
2025-07-08 20:24:00,12.4821005,37.873493,7,2520
2025-07-08 20:34:00,12.4821005,37.873493,7,2520
2025-07-08 20:44:00,12.4821005,37.873493,7,2520
2025-07-08 20:54:00,12.4821005,37.873493,7,2520
2025-07-08 21:04:00,12.4821005,37.873493,7,2520
2025-07-08 21:14:00,12.4821005,37.873493,7,2520
2025-07-08 21:24:00,12.4821005,37.873493,7,2520
2025-07-08 21:34:00,12.4821005,37.873493,7,2520
2025-07-08 21:44:00,12.4821005,37.873493,7,2520
2025-07-08 21:54:00,12.4821005,37.873493,7,2520
2025-07-08 22:04:00,12.4821005,37.873493,7,2520
2025-07-08 22:14:00,12.4821005,37.873493,7,2520
2025-07-08 22:24:00,12.4821005,37.873493,7,2520
2025-07-08 22:34:00,12.4821005,37.873493,7,2520
2025-07-08 22:44:00,12.4821005,37.873493,7,2520
2025-07-08 22:54:00,12.4821005,37.873493,7,2520
2025-07-08 23:04:00,12.4821005,37.873493,7,2520
2025-07-08 23:14:00,12.4821005,37.873493,7,2520
2025-07-08 23:24:00,12.4821005,37.873493,7,2520
2025-07-08 23:34:00,12.4821005,37.873493,7,2520
2025-07-08 23:44:00,12.4821005,37.873493,7,2520
2025-07-08 23:54:00,12.4821005,37.873493,7,2520
2025-07-09 00:04:00,12.4821005,37.873493,7,2520
2025-07-09 00:14:00,12.4821005,37.873493,7,2520
2025-07-09 00:24:00,12.4821005,37.873493,7,2520
2025-07-09 00:34:00,12.4821005,37.873493,7,2520
2025-07-09 00:44:00,12.4821005,37.873493,7,2520
2025-07-09 00:54:00,12.4821005,37.873493,7,2520
2025-07-09 01:04:00,12.4821005,37.873493,7,2520
2025-07-09 01:14:00,12.4821005,37.873493,7,2520
2025-07-09 01:24:00,12.4821005,37.873493,7,2520
2025-07-09 01:34:00,12.4821005,37.873493,7,2520
2025-07-09 01:44:00,12.4821005,37.873493,7,2520
2025-07-09 01:54:00,12.4821005,37.873493,7,2520
2025-07-09 02:04:00,12.4821005,37.873493,7,2520
2025-07-09 02:14:00,12.4821005,37.873493,7,2520
2025-07-09 02:24:00,12.4821005,37.873493,7,2520
2025-07-09 02:34:00,12.4821005,37.873493,7,2520
2025-07-09 02:44:00,12.4821005,37.873493,7,2520
2025-07-09 02:54:00,12.4821005,37.873493,7,2520
2025-07-09 03:04:00,12.4821005,37.873493,7,2520
2025-07-09 03:14:00,12.4821005,37.873493,7,2520
2025-07-09 03:24:00,12.4821005,37.873493,7,2520
2025-07-09 03:34:00,12.4821005,37.873493,7,2520
2025-07-09 03:44:00,12.4821005,37.873493,7,2520
2025-07-09 03:54:00,12.4821005,37.873493,7,2520
2025-07-09 04:04:00,12.4821005,37.873493,7,2520
2025-07-09 04:14:00,12.4821005,37.873493,7,2520
2025-07-09 04:24:00,12.4821005,37.873493,7,2520
2025-07-09 04:34:00,12.4821005,37.873493,7,2520
2025-07-09 04:44:00,12.4821005,37.873493,7,2520
2025-07-09 04:54:00,12.4821005,37.873493,7,2520
2025-07-09 05:04:00,12.4821005,37.873493,7,2520
2025-07-09 05:14:00,12.4821005,37.873493,7,2520
2025-07-09 05:24:00,12.4821005,37.873493,7,2520
2025-07-09 05:34:00,12.4821005,37.873493,7,2520
2025-07-09 05:44:00,12.4821005,37.873493,7,2520
2025-07-09 05:54:00,12.4821005,37.873493,7,2520
2025-07-09 06:04:00,12.4821005,37.873493,7,2520
2025-07-09 06:14:00,12.4821005,37.873493,7,2520
2025-07-09 06:24:00,12.4821005,37.873493,7,2520
2025-07-09 06:34:00,12.4821005,37.873493,7,2520
2025-07-09 06:44:00,12.4821005,37.873493,7,2520
2025-07-09 06:54:00,12.4821005,37.873493,7,2520
2025-07-09 07:04:00,12.4821005,37.873493,7,2520
2025-07-09 07:14:00,12.4821005,37.873493,7,2520
2025-07-09 07:24:00,12.4821005,37.873493,7,2520
2025-07-09 07:34:00,12.4821005,37.873493,7,2520
2025-07-09 07:44:00,12.4821005,37.873493,7,2520
2025-07-09 07:54:00,12.4821005,37.873493,7,2520
2025-07-09 08:04:00,12.4821005,37.873493,7,2520
2025-07-09 08:14:00,12.4821005,37.873493,7,2520
2025-07-09 08:24:00,12.4821005,37.873493,7,2520
2025-07-09 08:34:00,12.4821005,37.873493,7,2520
2025-07-09 08:44:00,12.4821005,37.873493,7,2520
2025-07-09 08:54:00,12.4821005,37.873493,7,2520
2025-07-09 09:04:00,12.4821005,37.873493,7,2520
2025-07-09 09:14:00,12.4821005,37.873493,7,2520
2025-07-09 09:24:00,12.4821005,37.873493,7,2520
2025-07-09 09:34:00,12.4821005,37.873493,7,2520
2025-07-09 09:44:00,12.4821005,37.873493,7,2520
2025-07-09 09:54:00,12.4821005,37.873493,7,2520
2025-07-09 10:04:00,12.4821005,37.873493,7,2520
2025-07-09 10:14:00,12.4821005,37.873493,7,2520
2025-07-09 10:24:00,12.4821005,37.873493,7,2520
2025-07-09 10:34:00,12.4821005,37.873493,7,2520
2025-07-09 10:44:00,12.4821005,37.873493,7,2520
2025-07-09 10:54:00,12.4821005,37.873493,7,2520
2025-07-09 11:04:00,12.4821005,37.873493,7,2520
2025-07-09 11:14:00,12.4821005,37.873493,7,2520
2025-07-09 11:24:00,12.4821005,37.873493,7,2520
2025-07-09 11:34:00,12.4821005,37.873493,7,2520
2025-07-09 11:44:00,12.4821005,37.873493,7,2520
2025-07-09 11:54:00,12.4821005,37.873493,7,2520
2025-07-09 12:04:00,12.4821005,37.873493,7,2520
2025-07-09 12:14:00,12.4821005,37.873493,7,2520
2025-07-09 12:24:00,12.4821005,37.873493,7,2520
2025-07-09 12:34:00,12.4821005,37.873493,7,2520
2025-07-09 12:44:00,12.4821005,37.873493,7,2520
2025-07-09 12:54:00,12.4821005,37.873493,7,2520
2025-07-09 13:04:00,12.4821005,37.873493,7,2520
2025-07-09 13:14:00,12.4821005,37.873493,7,2520
2025-07-09 13:24:00,12.4821005,37.873493,7,2520
2025-07-09 13:34:00,12.4821005,37.873493,7,2520
2025-07-09 13:44:00,12.4821005,37.873493,7,2520
2025-07-09 13:54:00,12.4821005,37.873493,7,2520
2025-07-09 14:04:00,12.4821005,37.873493,7,2520
2025-07-09 14:14:00,12.4821005,37.873493,7,2520
2025-07-09 14:24:00,12.4821005,37.873493,7,2520
2025-07-09 14:34:00,12.4821005,37.873493,7,2520
2025-07-09 14:44:00,12.4821005,37.873493,7,2520
2025-07-09 14:54:00,12.4821005,37.873493,7,2520
2025-07-09 15:04:00,12.4821005,37.873493,7,2520
2025-07-09 15:14:00,12.4821005,37.873493,7,2520
2025-07-09 15:24:00,12.4821005,37.873493,7,2520
2025-07-09 15:34:00,12.4821005,37.873493,7,2520
2025-07-09 15:44:00,12.4821005,37.873493,7,2520
2025-07-09 15:54:00,12.4821005,37.873493,7,2520
2025-07-09 16:04:00,12.4821005,37.873493,7,2520
2025-07-09 16:14:00,12.4821005,37.873493,7,2520
2025-07-09 16:24:00,12.4821005,37.873493,7,2520
2025-07-09 16:34:00,12.4821005,37.873493,7,2520
2025-07-09 16:44:00,12.4821005,37.873493,7,2520
2025-07-09 16:54:00,12.4821005,37.873493,7,2520
2025-07-09 17:04:00,12.4821005,37.873493,7,2520
2025-07-09 17:14:00,12.4821005,37.873493,7,2520
2025-07-09 17:24:00,12.4821005,37.873493,7,2520
2025-07-09 17:34:00,12.4821005,37.873493,7,2520
2025-07-09 17:44:00,12.4821005,37.873493,7,2520
2025-07-09 17:54:00,12.4821005,37.873493,7,2520
2025-07-09 18:04:00,12.4821005,37.873493,7,2520
2025-07-09 18:14:00,12.4821005,37.873493,7,2520
2025-07-09 18:24:00,12.4821005,37.873493,7,2520
2025-07-09 18:34:00,12.4821005,37.873493,7,2520
2025-07-09 18:44:00,12.4821005,37.873493,7,2520
2025-07-09 18:54:00,12.4821005,37.873493,7,2520
2025-07-09 19:04:00,12.4821005,37.873493,7,2520
2025-07-09 19:14:00,12.4821005,37.873493,7,2520
2025-07-09 19:24:00,12.4821005,37.873493,7,2520
2025-07-09 19:34:00,12.4821005,37.873493,7,2520
2025-07-09 19:44:00,12.4821005,37.873493,7,2520
2025-07-09 19:54:00,12.4821005,37.873493,7,2520
2025-07-09 20:04:00,12.4821005,37.873493,7,2520
2025-07-09 20:14:00,12.4821005,37.873493,7,2520
2025-07-09 20:24:00,12.4821005,37.873493,7,2520
2025-07-09 20:34:00,12.4821005,37.873493,7,2520
2025-07-09 20:44:00,12.4821005,37.873493,7,2520
2025-07-09 20:54:00,12.4821005,37.873493,7,2520
2025-07-09 21:04:00,12.4821005,37.873493,7,2520
2025-07-09 21:14:00,12.4821005,37.873493,7,2520
2025-07-09 21:24:00,12.4821005,37.873493,7,2520
2025-07-09 21:34:00,12.4821005,37.873493,7,2520
2025-07-09 21:44:00,12.4821005,37.873493,7,2520
2025-07-09 21:54:00,12.4821005,37.873493,7,2520
2025-07-09 22:04:00,12.4821005,37.873493,7,2520
2025-07-09 22:14:00,12.4821005,37.873493,7,2520
2025-07-09 22:24:00,12.4821005,37.873493,7,2520
2025-07-09 22:34:00,12.4821005,37.873493,7,2520
2025-07-09 22:44:00,12.4821005,37.873493,7,2520
2025-07-09 22:54:00,12.4821005,37.873493,7,2520
2025-07-09 23:04:00,12.4821005,37.873493,7,2520
2025-07-09 23:14:00,12.4821005,37.873493,7,2520
2025-07-09 23:24:00,12.4821005,37.873493,7,2520
2025-07-09 23:34:00,12.4821005,37.873493,7,2520
2025-07-09 23:44:00,12.4821005,37.873493,7,2520
2025-07-09 23:54:00,12.4821005,37.873493,7,2520
2025-07-10 00:04:00,12.4821005,37.873493,7,2520
2025-07-08 17:04:00,12.478135,37.87549,7,7520
2025-07-08 17:14:00,12.478894,37.875046,7,7520
2025-07-08 17:24:00,12.479637,37.874657,7,7520
2025-07-08 17:34:00,12.480362,37.874317,7,7520
2025-07-08 17:44:00,12.481058,37.873985,7,7520
2025-07-08 17:54:00,12.481729,37.87366,7,7520
2025-07-08 18:04:00,12.482059,37.8735,7,7520
2025-07-08 18:14:00,12.482059,37.8735,7,7520
2025-07-08 18:24:00,12.482059,37.8735,7,7520
2025-07-08 18:34:00,12.482059,37.8735,7,7520
2025-07-08 18:44:00,12.482059,37.8735,7,7520
2025-07-08 18:54:00,12.482059,37.8735,7,7520
2025-07-08 19:04:00,12.482059,37.8735,7,7520
2025-07-08 19:14:00,12.482059,37.8735,7,7520
2025-07-08 19:24:00,12.482059,37.8735,7,7520
2025-07-08 19:34:00,12.482059,37.8735,7,7520
2025-07-08 19:44:00,12.482059,37.8735,7,7520
2025-07-08 19:54:00,12.482059,37.8735,7,7520
2025-07-08 20:04:00,12.482059,37.8735,7,7520
2025-07-08 20:14:00,12.482059,37.8735,7,7520
2025-07-08 20:24:00,12.482059,37.8735,7,7520
2025-07-08 20:34:00,12.482059,37.8735,7,7520
2025-07-08 20:44:00,12.482059,37.8735,7,7520
2025-07-08 20:54:00,12.482059,37.8735,7,7520
2025-07-08 21:04:00,12.482059,37.8735,7,7520
2025-07-08 21:14:00,12.482059,37.8735,7,7520
2025-07-08 21:24:00,12.482059,37.8735,7,7520
2025-07-08 21:34:00,12.482059,37.8735,7,7520
2025-07-08 21:44:00,12.482059,37.8735,7,7520
2025-07-08 21:54:00,12.482059,37.8735,7,7520
2025-07-08 22:04:00,12.482059,37.8735,7,7520
2025-07-08 22:14:00,12.482059,37.8735,7,7520
2025-07-08 22:24:00,12.482059,37.8735,7,7520
2025-07-08 22:34:00,12.482059,37.8735,7,7520
2025-07-08 22:44:00,12.482059,37.8735,7,7520
2025-07-08 22:54:00,12.482059,37.8735,7,7520
2025-07-08 23:04:00,12.482059,37.8735,7,7520
2025-07-08 23:14:00,12.482059,37.8735,7,7520
2025-07-08 23:24:00,12.482059,37.8735,7,7520
2025-07-08 23:34:00,12.482059,37.8735,7,7520
2025-07-08 23:44:00,12.482059,37.8735,7,7520
2025-07-08 23:54:00,12.482059,37.8735,7,7520
2025-07-09 00:04:00,12.482059,37.8735,7,7520
2025-07-09 00:14:00,12.482059,37.8735,7,7520
2025-07-09 00:24:00,12.482059,37.8735,7,7520
2025-07-09 00:34:00,12.482059,37.8735,7,7520
2025-07-09 00:44:00,12.482059,37.8735,7,7520
2025-07-09 00:54:00,12.482059,37.8735,7,7520
2025-07-09 01:04:00,12.482059,37.8735,7,7520
2025-07-09 01:14:00,12.482059,37.8735,7,7520
2025-07-09 01:24:00,12.482059,37.8735,7,7520
2025-07-09 01:34:00,12.482059,37.8735,7,7520
2025-07-09 01:44:00,12.482059,37.8735,7,7520
2025-07-09 01:54:00,12.482059,37.8735,7,7520
2025-07-09 02:04:00,12.482059,37.8735,7,7520
2025-07-09 02:14:00,12.482059,37.8735,7,7520
2025-07-09 02:24:00,12.482059,37.8735,7,7520
2025-07-09 02:34:00,12.482059,37.8735,7,7520
2025-07-09 02:44:00,12.482059,37.8735,7,7520
2025-07-09 02:54:00,12.482059,37.8735,7,7520
2025-07-09 03:04:00,12.482059,37.8735,7,7520
2025-07-09 03:14:00,12.482059,37.8735,7,7520
2025-07-09 03:24:00,12.482059,37.8735,7,7520
2025-07-09 03:34:00,12.482059,37.8735,7,7520
2025-07-09 03:44:00,12.482059,37.8735,7,7520
2025-07-09 03:54:00,12.482059,37.8735,7,7520
2025-07-09 04:04:00,12.482059,37.8735,7,7520
2025-07-09 04:14:00,12.482059,37.8735,7,7520
2025-07-09 04:24:00,12.482059,37.8735,7,7520
2025-07-09 04:34:00,12.482059,37.8735,7,7520
2025-07-09 04:44:00,12.482059,37.8735,7,7520
2025-07-09 04:54:00,12.482059,37.8735,7,7520
2025-07-09 05:04:00,12.482059,37.8735,7,7520
2025-07-09 05:14:00,12.482059,37.8735,7,7520
2025-07-09 05:24:00,12.482059,37.8735,7,7520
2025-07-09 05:34:00,12.482059,37.8735,7,7520
2025-07-09 05:44:00,12.482059,37.8735,7,7520
2025-07-09 05:54:00,12.482059,37.8735,7,7520
2025-07-09 06:04:00,12.482059,37.8735,7,7520
2025-07-09 06:14:00,12.482059,37.8735,7,7520
2025-07-09 06:24:00,12.482059,37.8735,7,7520
2025-07-09 06:34:00,12.482059,37.8735,7,7520
2025-07-09 06:44:00,12.482059,37.8735,7,7520
2025-07-09 06:54:00,12.482059,37.8735,7,7520
2025-07-09 07:04:00,12.482059,37.8735,7,7520
2025-07-09 07:14:00,12.482059,37.8735,7,7520
2025-07-09 07:24:00,12.482059,37.8735,7,7520
2025-07-09 07:34:00,12.482059,37.8735,7,7520
2025-07-09 07:44:00,12.482059,37.8735,7,7520
2025-07-09 07:54:00,12.482059,37.8735,7,7520
2025-07-09 08:04:00,12.482059,37.8735,7,7520
2025-07-09 08:14:00,12.482059,37.8735,7,7520
2025-07-09 08:24:00,12.482059,37.8735,7,7520
2025-07-09 08:34:00,12.482059,37.8735,7,7520
2025-07-09 08:44:00,12.482059,37.8735,7,7520
2025-07-09 08:54:00,12.482059,37.8735,7,7520
2025-07-09 09:04:00,12.482059,37.8735,7,7520
2025-07-09 09:14:00,12.482059,37.8735,7,7520
2025-07-09 09:24:00,12.482059,37.8735,7,7520
2025-07-09 09:34:00,12.482059,37.8735,7,7520
2025-07-09 09:44:00,12.482059,37.8735,7,7520
2025-07-09 09:54:00,12.482059,37.8735,7,7520
2025-07-09 10:04:00,12.482059,37.8735,7,7520
2025-07-09 10:14:00,12.482059,37.8735,7,7520
2025-07-09 10:24:00,12.482059,37.8735,7,7520
2025-07-09 10:34:00,12.482059,37.8735,7,7520
2025-07-09 10:44:00,12.482059,37.8735,7,7520
2025-07-09 10:54:00,12.482059,37.8735,7,7520
2025-07-09 11:04:00,12.482059,37.8735,7,7520
2025-07-09 11:14:00,12.482059,37.8735,7,7520
2025-07-09 11:24:00,12.482059,37.8735,7,7520
2025-07-09 11:34:00,12.482059,37.8735,7,7520
2025-07-09 11:44:00,12.482059,37.8735,7,7520
2025-07-09 11:54:00,12.482059,37.8735,7,7520
2025-07-09 12:04:00,12.482059,37.8735,7,7520
2025-07-09 12:14:00,12.482059,37.8735,7,7520
2025-07-09 12:24:00,12.482059,37.8735,7,7520
2025-07-09 12:34:00,12.482059,37.8735,7,7520
2025-07-09 12:44:00,12.482059,37.8735,7,7520
2025-07-09 12:54:00,12.482059,37.8735,7,7520
2025-07-09 13:04:00,12.482059,37.8735,7,7520
2025-07-09 13:14:00,12.482059,37.8735,7,7520
2025-07-09 13:24:00,12.482059,37.8735,7,7520
2025-07-09 13:34:00,12.482059,37.8735,7,7520
2025-07-09 13:44:00,12.482059,37.8735,7,7520
2025-07-09 13:54:00,12.482059,37.8735,7,7520
2025-07-09 14:04:00,12.482059,37.8735,7,7520
2025-07-09 14:14:00,12.482059,37.8735,7,7520
2025-07-09 14:24:00,12.482059,37.8735,7,7520
2025-07-09 14:34:00,12.482059,37.8735,7,7520
2025-07-09 14:44:00,12.482059,37.8735,7,7520
2025-07-09 14:54:00,12.482059,37.8735,7,7520
2025-07-09 15:04:00,12.482059,37.8735,7,7520
2025-07-09 15:14:00,12.482059,37.8735,7,7520
2025-07-09 15:24:00,12.482059,37.8735,7,7520
2025-07-09 15:34:00,12.482059,37.8735,7,7520
2025-07-09 15:44:00,12.482059,37.8735,7,7520
2025-07-09 15:54:00,12.482059,37.8735,7,7520
2025-07-09 16:04:00,12.482059,37.8735,7,7520
2025-07-09 16:14:00,12.482059,37.8735,7,7520
2025-07-09 16:24:00,12.482059,37.8735,7,7520
2025-07-09 16:34:00,12.482059,37.8735,7,7520
2025-07-09 16:44:00,12.482059,37.8735,7,7520
2025-07-09 16:54:00,12.482059,37.8735,7,7520
2025-07-09 17:04:00,12.482059,37.8735,7,7520
2025-07-09 17:14:00,12.482059,37.8735,7,7520
2025-07-09 17:24:00,12.482059,37.8735,7,7520
2025-07-09 17:34:00,12.482059,37.8735,7,7520
2025-07-09 17:44:00,12.482059,37.8735,7,7520
2025-07-09 17:54:00,12.482059,37.8735,7,7520
2025-07-09 18:04:00,12.482059,37.8735,7,7520
2025-07-09 18:14:00,12.482059,37.8735,7,7520
2025-07-09 18:24:00,12.482059,37.8735,7,7520
2025-07-09 18:34:00,12.482059,37.8735,7,7520
2025-07-09 18:44:00,12.482059,37.8735,7,7520
2025-07-09 18:54:00,12.482059,37.8735,7,7520
2025-07-09 19:04:00,12.482059,37.8735,7,7520
2025-07-09 19:14:00,12.482059,37.8735,7,7520
2025-07-09 19:24:00,12.482059,37.8735,7,7520
2025-07-09 19:34:00,12.482059,37.8735,7,7520
2025-07-09 19:44:00,12.482059,37.8735,7,7520
2025-07-09 19:54:00,12.482059,37.8735,7,7520
2025-07-09 20:04:00,12.482059,37.8735,7,7520
2025-07-09 20:14:00,12.482059,37.8735,7,7520
2025-07-09 20:24:00,12.482059,37.8735,7,7520
2025-07-09 20:34:00,12.482059,37.8735,7,7520
2025-07-09 20:44:00,12.482059,37.8735,7,7520
2025-07-09 20:54:00,12.482059,37.8735,7,7520
2025-07-09 21:04:00,12.482059,37.8735,7,7520
2025-07-09 21:14:00,12.482059,37.8735,7,7520
2025-07-09 21:24:00,12.482059,37.8735,7,7520
2025-07-09 21:34:00,12.482059,37.8735,7,7520
2025-07-09 21:44:00,12.482059,37.8735,7,7520
2025-07-09 21:54:00,12.482059,37.8735,7,7520
2025-07-09 22:04:00,12.482059,37.8735,7,7520
2025-07-09 22:14:00,12.482059,37.8735,7,7520
2025-07-09 22:24:00,12.482059,37.8735,7,7520
2025-07-09 22:34:00,12.482059,37.8735,7,7520
2025-07-09 22:44:00,12.482059,37.8735,7,7520
2025-07-09 22:54:00,12.482059,37.8735,7,7520
2025-07-09 23:04:00,12.482059,37.8735,7,7520
2025-07-09 23:14:00,12.482059,37.8735,7,7520
2025-07-09 23:24:00,12.482059,37.8735,7,7520
2025-07-09 23:34:00,12.482059,37.8735,7,7520
2025-07-09 23:44:00,12.482059,37.8735,7,7520
2025-07-09 23:54:00,12.482059,37.8735,7,7520
2025-07-10 00:04:00,12.482059,37.8735,7,7520
2025-07-08 17:04:00,12.478115,37.8755,7,930
2025-07-08 17:14:00,12.478874,37.875057,7,930
2025-07-08 17:24:00,12.479617,37.87467,7,930
2025-07-08 17:34:00,12.480342,37.87433,7,930
2025-07-08 17:44:00,12.481038,37.874,7,930
2025-07-08 17:54:00,12.481709,37.873672,7,930
2025-07-08 18:04:00,12.4820385,37.873512,7,930
2025-07-08 18:14:00,12.4820385,37.873512,7,930
2025-07-08 18:24:00,12.4820385,37.873512,7,930
2025-07-08 18:34:00,12.4820385,37.873512,7,930
2025-07-08 18:44:00,12.4820385,37.873512,7,930
2025-07-08 18:54:00,12.4820385,37.873512,7,930
2025-07-08 19:04:00,12.4820385,37.873512,7,930
2025-07-08 19:14:00,12.4820385,37.873512,7,930
2025-07-08 19:24:00,12.4820385,37.873512,7,930
2025-07-08 19:34:00,12.4820385,37.873512,7,930
2025-07-08 19:44:00,12.4820385,37.873512,7,930
2025-07-08 19:54:00,12.4820385,37.873512,7,930
2025-07-08 20:04:00,12.4820385,37.873512,7,930
2025-07-08 20:14:00,12.4820385,37.873512,7,930
2025-07-08 20:24:00,12.4820385,37.873512,7,930
2025-07-08 20:34:00,12.4820385,37.873512,7,930
2025-07-08 20:44:00,12.4820385,37.873512,7,930
2025-07-08 20:54:00,12.4820385,37.873512,7,930
2025-07-08 21:04:00,12.4820385,37.873512,7,930
2025-07-08 21:14:00,12.4820385,37.873512,7,930
2025-07-08 21:24:00,12.4820385,37.873512,7,930
2025-07-08 21:34:00,12.4820385,37.873512,7,930
2025-07-08 21:44:00,12.4820385,37.873512,7,930
2025-07-08 21:54:00,12.4820385,37.873512,7,930
2025-07-08 22:04:00,12.4820385,37.873512,7,930
2025-07-08 22:14:00,12.4820385,37.873512,7,930
2025-07-08 22:24:00,12.4820385,37.873512,7,930
2025-07-08 22:34:00,12.4820385,37.873512,7,930
2025-07-08 22:44:00,12.4820385,37.873512,7,930
2025-07-08 22:54:00,12.4820385,37.873512,7,930
2025-07-08 23:04:00,12.4820385,37.873512,7,930
2025-07-08 23:14:00,12.4820385,37.873512,7,930
2025-07-08 23:24:00,12.4820385,37.873512,7,930
2025-07-08 23:34:00,12.4820385,37.873512,7,930
2025-07-08 23:44:00,12.4820385,37.873512,7,930
2025-07-08 23:54:00,12.4820385,37.873512,7,930
2025-07-09 00:04:00,12.4820385,37.873512,7,930
2025-07-09 00:14:00,12.4820385,37.873512,7,930
2025-07-09 00:24:00,12.4820385,37.873512,7,930
2025-07-09 00:34:00,12.4820385,37.873512,7,930
2025-07-09 00:44:00,12.4820385,37.873512,7,930
2025-07-09 00:54:00,12.4820385,37.873512,7,930
2025-07-09 01:04:00,12.4820385,37.873512,7,930
2025-07-09 01:14:00,12.4820385,37.873512,7,930
2025-07-09 01:24:00,12.4820385,37.873512,7,930
2025-07-09 01:34:00,12.4820385,37.873512,7,930
2025-07-09 01:44:00,12.4820385,37.873512,7,930
2025-07-09 01:54:00,12.4820385,37.873512,7,930
2025-07-09 02:04:00,12.4820385,37.873512,7,930
2025-07-09 02:14:00,12.4820385,37.873512,7,930
2025-07-09 02:24:00,12.4820385,37.873512,7,930
2025-07-09 02:34:00,12.4820385,37.873512,7,930
2025-07-09 02:44:00,12.4820385,37.873512,7,930
2025-07-09 02:54:00,12.4820385,37.873512,7,930
2025-07-09 03:04:00,12.4820385,37.873512,7,930
2025-07-09 03:14:00,12.4820385,37.873512,7,930
2025-07-09 03:24:00,12.4820385,37.873512,7,930
2025-07-09 03:34:00,12.4820385,37.873512,7,930
2025-07-09 03:44:00,12.4820385,37.873512,7,930
2025-07-09 03:54:00,12.4820385,37.873512,7,930
2025-07-09 04:04:00,12.4820385,37.873512,7,930
2025-07-09 04:14:00,12.4820385,37.873512,7,930
2025-07-09 04:24:00,12.4820385,37.873512,7,930
2025-07-09 04:34:00,12.4820385,37.873512,7,930
2025-07-09 04:44:00,12.4820385,37.873512,7,930
2025-07-09 04:54:00,12.4820385,37.873512,7,930
2025-07-09 05:04:00,12.4820385,37.873512,7,930
2025-07-09 05:14:00,12.4820385,37.873512,7,930
2025-07-09 05:24:00,12.4820385,37.873512,7,930
2025-07-09 05:34:00,12.4820385,37.873512,7,930
2025-07-09 05:44:00,12.4820385,37.873512,7,930
2025-07-09 05:54:00,12.4820385,37.873512,7,930
2025-07-09 06:04:00,12.4820385,37.873512,7,930
2025-07-09 06:14:00,12.4820385,37.873512,7,930
2025-07-09 06:24:00,12.4820385,37.873512,7,930
2025-07-09 06:34:00,12.4820385,37.873512,7,930
2025-07-09 06:44:00,12.4820385,37.873512,7,930
2025-07-09 06:54:00,12.4820385,37.873512,7,930
2025-07-09 07:04:00,12.4820385,37.873512,7,930
2025-07-09 07:14:00,12.4820385,37.873512,7,930
2025-07-09 07:24:00,12.4820385,37.873512,7,930
2025-07-09 07:34:00,12.4820385,37.873512,7,930
2025-07-09 07:44:00,12.4820385,37.873512,7,930
2025-07-09 07:54:00,12.4820385,37.873512,7,930
2025-07-09 08:04:00,12.4820385,37.873512,7,930
2025-07-09 08:14:00,12.4820385,37.873512,7,930
2025-07-09 08:24:00,12.4820385,37.873512,7,930
2025-07-09 08:34:00,12.4820385,37.873512,7,930
2025-07-09 08:44:00,12.4820385,37.873512,7,930
2025-07-09 08:54:00,12.4820385,37.873512,7,930
2025-07-09 09:04:00,12.4820385,37.873512,7,930
2025-07-09 09:14:00,12.4820385,37.873512,7,930
2025-07-09 09:24:00,12.4820385,37.873512,7,930
2025-07-09 09:34:00,12.4820385,37.873512,7,930
2025-07-09 09:44:00,12.4820385,37.873512,7,930
2025-07-09 09:54:00,12.4820385,37.873512,7,930
2025-07-09 10:04:00,12.4820385,37.873512,7,930
2025-07-09 10:14:00,12.4820385,37.873512,7,930
2025-07-09 10:24:00,12.4820385,37.873512,7,930
2025-07-09 10:34:00,12.4820385,37.873512,7,930
2025-07-09 10:44:00,12.4820385,37.873512,7,930
2025-07-09 10:54:00,12.4820385,37.873512,7,930
2025-07-09 11:04:00,12.4820385,37.873512,7,930
2025-07-09 11:14:00,12.4820385,37.873512,7,930
2025-07-09 11:24:00,12.4820385,37.873512,7,930
2025-07-09 11:34:00,12.4820385,37.873512,7,930
2025-07-09 11:44:00,12.4820385,37.873512,7,930
2025-07-09 11:54:00,12.4820385,37.873512,7,930
2025-07-09 12:04:00,12.4820385,37.873512,7,930
2025-07-09 12:14:00,12.4820385,37.873512,7,930
2025-07-09 12:24:00,12.4820385,37.873512,7,930
2025-07-09 12:34:00,12.4820385,37.873512,7,930
2025-07-09 12:44:00,12.4820385,37.873512,7,930
2025-07-09 12:54:00,12.4820385,37.873512,7,930
2025-07-09 13:04:00,12.4820385,37.873512,7,930
2025-07-09 13:14:00,12.4820385,37.873512,7,930
2025-07-09 13:24:00,12.4820385,37.873512,7,930
2025-07-09 13:34:00,12.4820385,37.873512,7,930
2025-07-09 13:44:00,12.4820385,37.873512,7,930
2025-07-09 13:54:00,12.4820385,37.873512,7,930
2025-07-09 14:04:00,12.4820385,37.873512,7,930
2025-07-09 14:14:00,12.4820385,37.873512,7,930
2025-07-09 14:24:00,12.4820385,37.873512,7,930
2025-07-09 14:34:00,12.4820385,37.873512,7,930
2025-07-09 14:44:00,12.4820385,37.873512,7,930
2025-07-09 14:54:00,12.4820385,37.873512,7,930
2025-07-09 15:04:00,12.4820385,37.873512,7,930
2025-07-09 15:14:00,12.4820385,37.873512,7,930
2025-07-09 15:24:00,12.4820385,37.873512,7,930
2025-07-09 15:34:00,12.4820385,37.873512,7,930
2025-07-09 15:44:00,12.4820385,37.873512,7,930
2025-07-09 15:54:00,12.4820385,37.873512,7,930
2025-07-09 16:04:00,12.4820385,37.873512,7,930
2025-07-09 16:14:00,12.4820385,37.873512,7,930
2025-07-09 16:24:00,12.4820385,37.873512,7,930
2025-07-09 16:34:00,12.4820385,37.873512,7,930
2025-07-09 16:44:00,12.4820385,37.873512,7,930
2025-07-09 16:54:00,12.4820385,37.873512,7,930
2025-07-09 17:04:00,12.4820385,37.873512,7,930
2025-07-09 17:14:00,12.4820385,37.873512,7,930
2025-07-09 17:24:00,12.4820385,37.873512,7,930
2025-07-09 17:34:00,12.4820385,37.873512,7,930
2025-07-09 17:44:00,12.4820385,37.873512,7,930
2025-07-09 17:54:00,12.4820385,37.873512,7,930
2025-07-09 18:04:00,12.4820385,37.873512,7,930
2025-07-09 18:14:00,12.4820385,37.873512,7,930
2025-07-09 18:24:00,12.4820385,37.873512,7,930
2025-07-09 18:34:00,12.4820385,37.873512,7,930
2025-07-09 18:44:00,12.4820385,37.873512,7,930
2025-07-09 18:54:00,12.4820385,37.873512,7,930
2025-07-09 19:04:00,12.4820385,37.873512,7,930
2025-07-09 19:14:00,12.4820385,37.873512,7,930
2025-07-09 19:24:00,12.4820385,37.873512,7,930
2025-07-09 19:34:00,12.4820385,37.873512,7,930
2025-07-09 19:44:00,12.4820385,37.873512,7,930
2025-07-09 19:54:00,12.4820385,37.873512,7,930
2025-07-09 20:04:00,12.4820385,37.873512,7,930
2025-07-09 20:14:00,12.4820385,37.873512,7,930
2025-07-09 20:24:00,12.4820385,37.873512,7,930
2025-07-09 20:34:00,12.4820385,37.873512,7,930
2025-07-09 20:44:00,12.4820385,37.873512,7,930
2025-07-09 20:54:00,12.4820385,37.873512,7,930
2025-07-09 21:04:00,12.4820385,37.873512,7,930
2025-07-09 21:14:00,12.4820385,37.873512,7,930
2025-07-09 21:24:00,12.4820385,37.873512,7,930
2025-07-09 21:34:00,12.4820385,37.873512,7,930
2025-07-09 21:44:00,12.4820385,37.873512,7,930
2025-07-09 21:54:00,12.4820385,37.873512,7,930
2025-07-09 22:04:00,12.4820385,37.873512,7,930
2025-07-09 22:14:00,12.4820385,37.873512,7,930
2025-07-09 22:24:00,12.4820385,37.873512,7,930
2025-07-09 22:34:00,12.4820385,37.873512,7,930
2025-07-09 22:44:00,12.4820385,37.873512,7,930
2025-07-09 22:54:00,12.4820385,37.873512,7,930
2025-07-09 23:04:00,12.4820385,37.873512,7,930
2025-07-09 23:14:00,12.4820385,37.873512,7,930
2025-07-09 23:24:00,12.4820385,37.873512,7,930
2025-07-09 23:34:00,12.4820385,37.873512,7,930
2025-07-09 23:44:00,12.4820385,37.873512,7,930
2025-07-09 23:54:00,12.4820385,37.873512,7,930
2025-07-10 00:04:00,12.4820385,37.873512,7,930
2025-07-09 07:44:00,12.45519,37.86956,8,2520
2025-07-09 07:54:00,12.455435,37.868393,8,2520
2025-07-09 08:04:00,12.455706,37.867264,8,2520
2025-07-09 08:14:00,12.455998,37.866146,8,2520
2025-07-09 08:24:00,12.456325,37.86503,8,2520
2025-07-09 08:34:00,12.456719,37.863876,8,2520
2025-07-09 08:44:00,12.456719,37.863876,8,2520
2025-07-09 08:54:00,12.456719,37.863876,8,2520
2025-07-09 09:04:00,12.456719,37.863876,8,2520
2025-07-09 09:14:00,12.456719,37.863876,8,2520
2025-07-09 09:24:00,12.456719,37.863876,8,2520
2025-07-09 09:34:00,12.456719,37.863876,8,2520
2025-07-09 09:44:00,12.456719,37.863876,8,2520
2025-07-09 09:54:00,12.456719,37.863876,8,2520
2025-07-09 10:04:00,12.456719,37.863876,8,2520
2025-07-09 10:14:00,12.456719,37.863876,8,2520
2025-07-09 10:24:00,12.456719,37.863876,8,2520
2025-07-09 10:34:00,12.456719,37.863876,8,2520
2025-07-09 10:44:00,12.456719,37.863876,8,2520
2025-07-09 10:54:00,12.456719,37.863876,8,2520
2025-07-09 11:04:00,12.456719,37.863876,8,2520
2025-07-09 11:14:00,12.456719,37.863876,8,2520
2025-07-09 11:24:00,12.456719,37.863876,8,2520
2025-07-09 11:34:00,12.456719,37.863876,8,2520
2025-07-09 11:44:00,12.456719,37.863876,8,2520
2025-07-09 11:54:00,12.456719,37.863876,8,2520
2025-07-09 12:04:00,12.456719,37.863876,8,2520
2025-07-09 12:14:00,12.456719,37.863876,8,2520
2025-07-09 12:24:00,12.456719,37.863876,8,2520
2025-07-09 12:34:00,12.456719,37.863876,8,2520
2025-07-09 12:44:00,12.456719,37.863876,8,2520
2025-07-09 12:54:00,12.456719,37.863876,8,2520
2025-07-09 13:04:00,12.456719,37.863876,8,2520
2025-07-09 13:14:00,12.456719,37.863876,8,2520
2025-07-09 13:24:00,12.456719,37.863876,8,2520
2025-07-09 13:34:00,12.456719,37.863876,8,2520
2025-07-09 13:44:00,12.456719,37.863876,8,2520
2025-07-09 13:54:00,12.456719,37.863876,8,2520
2025-07-09 14:04:00,12.456719,37.863876,8,2520
2025-07-09 14:14:00,12.456719,37.863876,8,2520
2025-07-09 14:24:00,12.456719,37.863876,8,2520
2025-07-09 14:34:00,12.456719,37.863876,8,2520
2025-07-09 14:44:00,12.456719,37.863876,8,2520
2025-07-09 14:54:00,12.456719,37.863876,8,2520
2025-07-09 15:04:00,12.456719,37.863876,8,2520
2025-07-09 15:14:00,12.456719,37.863876,8,2520
2025-07-09 15:24:00,12.456719,37.863876,8,2520
2025-07-09 15:34:00,12.456719,37.863876,8,2520
2025-07-09 15:44:00,12.456719,37.863876,8,2520
2025-07-09 15:54:00,12.456719,37.863876,8,2520
2025-07-09 16:04:00,12.456719,37.863876,8,2520
2025-07-09 16:14:00,12.456719,37.863876,8,2520
2025-07-09 16:24:00,12.456719,37.863876,8,2520
2025-07-09 16:34:00,12.456719,37.863876,8,2520
2025-07-09 16:44:00,12.456719,37.863876,8,2520
2025-07-09 16:54:00,12.456719,37.863876,8,2520
2025-07-09 17:04:00,12.456719,37.863876,8,2520
2025-07-09 17:14:00,12.456719,37.863876,8,2520
2025-07-09 17:24:00,12.456719,37.863876,8,2520
2025-07-09 17:34:00,12.456719,37.863876,8,2520
2025-07-09 17:44:00,12.456719,37.863876,8,2520
2025-07-09 17:54:00,12.456719,37.863876,8,2520
2025-07-09 18:04:00,12.456719,37.863876,8,2520
2025-07-09 18:14:00,12.456719,37.863876,8,2520
2025-07-09 18:24:00,12.456719,37.863876,8,2520
2025-07-09 18:34:00,12.456719,37.863876,8,2520
2025-07-09 18:44:00,12.456719,37.863876,8,2520
2025-07-09 18:54:00,12.456719,37.863876,8,2520
2025-07-09 19:04:00,12.456719,37.863876,8,2520
2025-07-09 19:14:00,12.456719,37.863876,8,2520
2025-07-09 19:24:00,12.456719,37.863876,8,2520
2025-07-09 19:34:00,12.456719,37.863876,8,2520
2025-07-09 19:44:00,12.456719,37.863876,8,2520
2025-07-09 19:54:00,12.456719,37.863876,8,2520
2025-07-09 20:04:00,12.456719,37.863876,8,2520
2025-07-09 20:14:00,12.456719,37.863876,8,2520
2025-07-09 20:24:00,12.456719,37.863876,8,2520
2025-07-09 20:34:00,12.456719,37.863876,8,2520
2025-07-09 20:44:00,12.456719,37.863876,8,2520
2025-07-09 20:54:00,12.456719,37.863876,8,2520
2025-07-09 21:04:00,12.456719,37.863876,8,2520
2025-07-09 21:14:00,12.456719,37.863876,8,2520
2025-07-09 21:24:00,12.456719,37.863876,8,2520
2025-07-09 21:34:00,12.456719,37.863876,8,2520
2025-07-09 21:44:00,12.456719,37.863876,8,2520
2025-07-09 21:54:00,12.456719,37.863876,8,2520
2025-07-09 22:04:00,12.456719,37.863876,8,2520
2025-07-09 22:14:00,12.456719,37.863876,8,2520
2025-07-09 22:24:00,12.456719,37.863876,8,2520
2025-07-09 22:34:00,12.456719,37.863876,8,2520
2025-07-09 22:44:00,12.456719,37.863876,8,2520
2025-07-09 22:54:00,12.456719,37.863876,8,2520
2025-07-09 23:04:00,12.456719,37.863876,8,2520
2025-07-09 23:14:00,12.456719,37.863876,8,2520
2025-07-09 23:24:00,12.456719,37.863876,8,2520
2025-07-09 23:34:00,12.456719,37.863876,8,2520
2025-07-09 23:44:00,12.456719,37.863876,8,2520
2025-07-09 23:54:00,12.456719,37.863876,8,2520
2025-07-10 00:04:00,12.456781,37.863632,8,2520
2025-07-09 07:44:00,12.45545,37.86926,8,7520
2025-07-09 07:54:00,12.455709,37.868088,8,7520
2025-07-09 08:04:00,12.45599,37.866955,8,7520
2025-07-09 08:14:00,12.45629,37.865833,8,7520
2025-07-09 08:24:00,12.456642,37.8647,8,7520
2025-07-09 08:34:00,12.457068,37.86352,8,7520
2025-07-09 08:44:00,12.457546,37.862274,8,7520
2025-07-09 08:54:00,12.457968,37.860966,8,7520
2025-07-09 09:04:00,12.458291,37.859642,8,7520
2025-07-09 09:14:00,12.458549,37.858326,8,7520
2025-07-09 09:24:00,12.45875,37.856976,8,7520
2025-07-09 09:34:00,12.458922,37.85551,8,7520
2025-07-09 09:44:00,12.459118,37.853935,8,7520
2025-07-09 09:54:00,12.459313,37.852287,8,7520
2025-07-09 10:04:00,12.459414,37.850555,8,7520
2025-07-09 10:14:00,12.459334,37.848503,8,7520
2025-07-09 10:24:00,12.45913,37.846264,8,7520
2025-07-09 10:34:00,12.458992,37.84417,8,7520
2025-07-09 10:44:00,12.458913,37.8423,8,7520
2025-07-09 10:54:00,12.458983,37.8407,8,7520
2025-07-09 11:04:00,12.459141,37.8392,8,7520
2025-07-09 11:14:00,12.459378,37.83785,8,7520
2025-07-09 11:24:00,12.459682,37.836613,8,7520
2025-07-09 11:34:00,12.460033,37.835445,8,7520
2025-07-09 11:44:00,12.460405,37.834328,8,7520
2025-07-09 11:54:00,12.460786,37.833252,8,7520
2025-07-09 12:04:00,12.461179,37.832203,8,7520
2025-07-09 12:14:00,12.461572,37.83116,8,7520
2025-07-09 12:24:00,12.461963,37.830124,8,7520
2025-07-09 12:34:00,12.462349,37.829082,8,7520
2025-07-09 12:44:00,12.462698,37.828037,8,7520
2025-07-09 12:54:00,12.462996,37.826965,8,7520
2025-07-09 13:04:00,12.463242,37.825855,8,7520
2025-07-09 13:14:00,12.463452,37.82469,8,7520
2025-07-09 13:24:00,12.463544,37.824093,8,7520
2025-07-09 13:34:00,12.463544,37.824093,8,7520
2025-07-09 13:44:00,12.463544,37.824093,8,7520
2025-07-09 13:54:00,12.463544,37.824093,8,7520
2025-07-09 14:04:00,12.463544,37.824093,8,7520
2025-07-09 14:14:00,12.463544,37.824093,8,7520
2025-07-09 14:24:00,12.463544,37.824093,8,7520
2025-07-09 14:34:00,12.463544,37.824093,8,7520
2025-07-09 14:44:00,12.463544,37.824093,8,7520
2025-07-09 14:54:00,12.463544,37.824093,8,7520
2025-07-09 15:04:00,12.463544,37.824093,8,7520
2025-07-09 15:14:00,12.463544,37.824093,8,7520
2025-07-09 15:24:00,12.463544,37.824093,8,7520
2025-07-09 15:34:00,12.463544,37.824093,8,7520
2025-07-09 15:44:00,12.463544,37.824093,8,7520
2025-07-09 15:54:00,12.463544,37.824093,8,7520
2025-07-09 16:04:00,12.463544,37.824093,8,7520
2025-07-09 16:14:00,12.463544,37.824093,8,7520
2025-07-09 16:24:00,12.463544,37.824093,8,7520
2025-07-09 16:34:00,12.463544,37.824093,8,7520
2025-07-09 16:44:00,12.463544,37.824093,8,7520
2025-07-09 16:54:00,12.463544,37.824093,8,7520
2025-07-09 17:04:00,12.463544,37.824093,8,7520
2025-07-09 17:14:00,12.463544,37.824093,8,7520
2025-07-09 17:24:00,12.463544,37.824093,8,7520
2025-07-09 17:34:00,12.463544,37.824093,8,7520
2025-07-09 17:44:00,12.463544,37.824093,8,7520
2025-07-09 17:54:00,12.463544,37.824093,8,7520
2025-07-09 18:04:00,12.463544,37.824093,8,7520
2025-07-09 18:14:00,12.463544,37.824093,8,7520
2025-07-09 18:24:00,12.463544,37.824093,8,7520
2025-07-09 18:34:00,12.463544,37.824093,8,7520
2025-07-09 18:44:00,12.463544,37.824093,8,7520
2025-07-09 18:54:00,12.463544,37.824093,8,7520
2025-07-09 19:04:00,12.463544,37.824093,8,7520
2025-07-09 19:14:00,12.463544,37.824093,8,7520
2025-07-09 19:24:00,12.463544,37.824093,8,7520
2025-07-09 19:34:00,12.463544,37.824093,8,7520
2025-07-09 19:44:00,12.463544,37.824093,8,7520
2025-07-09 19:54:00,12.463544,37.824093,8,7520
2025-07-09 20:04:00,12.463544,37.824093,8,7520
2025-07-09 20:14:00,12.463544,37.824093,8,7520
2025-07-09 20:24:00,12.463544,37.824093,8,7520
2025-07-09 20:34:00,12.463544,37.824093,8,7520
2025-07-09 20:44:00,12.463544,37.824093,8,7520
2025-07-09 20:54:00,12.463544,37.824093,8,7520
2025-07-09 21:04:00,12.463544,37.824093,8,7520
2025-07-09 21:14:00,12.463544,37.824093,8,7520
2025-07-09 21:24:00,12.463544,37.824093,8,7520
2025-07-09 21:34:00,12.463544,37.824093,8,7520
2025-07-09 21:44:00,12.463544,37.824093,8,7520
2025-07-09 21:54:00,12.463544,37.824093,8,7520
2025-07-09 22:04:00,12.463544,37.824093,8,7520
2025-07-09 22:14:00,12.463544,37.824093,8,7520
2025-07-09 22:24:00,12.463544,37.824093,8,7520
2025-07-09 22:34:00,12.463544,37.824093,8,7520
2025-07-09 22:44:00,12.463544,37.824093,8,7520
2025-07-09 22:54:00,12.463544,37.824093,8,7520
2025-07-09 23:04:00,12.463544,37.824093,8,7520
2025-07-09 23:14:00,12.463544,37.824093,8,7520
2025-07-09 23:24:00,12.463544,37.824093,8,7520
2025-07-09 23:34:00,12.463544,37.824093,8,7520
2025-07-09 23:44:00,12.463544,37.824093,8,7520
2025-07-09 23:54:00,12.463544,37.824093,8,7520
2025-07-10 00:04:00,12.463544,37.824093,8,7520
2025-07-09 07:44:00,12.45552,37.86909,8,930
2025-07-09 07:54:00,12.455785,37.867924,8,930
2025-07-09 08:04:00,12.456068,37.86679,8,930
2025-07-09 08:14:00,12.456373,37.86567,8,930
2025-07-09 08:24:00,12.456737,37.86453,8,930
2025-07-09 08:34:00,12.457173,37.863342,8,930
2025-07-09 08:44:00,12.457647,37.862083,8,930
2025-07-09 08:54:00,12.458048,37.860767,8,930
2025-07-09 09:04:00,12.458359,37.859447,8,930
2025-07-09 09:14:00,12.458609,37.85813,8,930
2025-07-09 09:24:00,12.458806,37.85677,8,930
2025-07-09 09:34:00,12.458981,37.85529,8,930
2025-07-09 09:44:00,12.459184,37.853703,8,930
2025-07-09 09:54:00,12.45937,37.852055,8,930
2025-07-09 10:04:00,12.459447,37.850292,8,930
2025-07-09 10:14:00,12.45934,37.848198,8,930
2025-07-09 10:24:00,12.459143,37.845963,8,930
2025-07-09 10:34:00,12.459004,37.843887,8,930
2025-07-09 10:44:00,12.458947,37.84206,8,930
2025-07-09 10:54:00,12.459032,37.840466,8,930
2025-07-09 11:04:00,12.459202,37.83898,8,930
2025-07-09 11:14:00,12.459451,37.83765,8,930
2025-07-09 11:24:00,12.459762,37.836426,8,930
2025-07-09 11:34:00,12.460115,37.835262,8,930
2025-07-09 11:44:00,12.460485,37.834152,8,930
2025-07-09 11:54:00,12.460865,37.833076,8,930
2025-07-09 12:04:00,12.461257,37.832024,8,930
2025-07-09 12:14:00,12.461649,37.830982,8,930
2025-07-09 12:24:00,12.462039,37.829945,8,930
2025-07-09 12:34:00,12.462422,37.8289,8,930
2025-07-09 12:44:00,12.462766,37.82785,8,930
2025-07-09 12:54:00,12.463056,37.82677,8,930
2025-07-09 13:04:00,12.463295,37.82565,8,930
2025-07-09 13:14:00,12.463499,37.82448,8,930
2025-07-09 13:24:00,12.463499,37.82448,8,930
2025-07-09 13:34:00,12.463499,37.82448,8,930
2025-07-09 13:44:00,12.463499,37.82448,8,930
2025-07-09 13:54:00,12.463499,37.82448,8,930
2025-07-09 14:04:00,12.463499,37.82448,8,930
2025-07-09 14:14:00,12.463499,37.82448,8,930
2025-07-09 14:24:00,12.463499,37.82448,8,930
2025-07-09 14:34:00,12.463499,37.82448,8,930
2025-07-09 14:44:00,12.463499,37.82448,8,930
2025-07-09 14:54:00,12.463499,37.82448,8,930
2025-07-09 15:04:00,12.463499,37.82448,8,930
2025-07-09 15:14:00,12.463499,37.82448,8,930
2025-07-09 15:24:00,12.463499,37.82448,8,930
2025-07-09 15:34:00,12.463499,37.82448,8,930
2025-07-09 15:44:00,12.463499,37.82448,8,930
2025-07-09 15:54:00,12.463499,37.82448,8,930
2025-07-09 16:04:00,12.463499,37.82448,8,930
2025-07-09 16:14:00,12.463499,37.82448,8,930
2025-07-09 16:24:00,12.463499,37.82448,8,930
2025-07-09 16:34:00,12.463499,37.82448,8,930
2025-07-09 16:44:00,12.463499,37.82448,8,930
2025-07-09 16:54:00,12.463499,37.82448,8,930
2025-07-09 17:04:00,12.463499,37.82448,8,930
2025-07-09 17:14:00,12.463499,37.82448,8,930
2025-07-09 17:24:00,12.463499,37.82448,8,930
2025-07-09 17:34:00,12.463499,37.82448,8,930
2025-07-09 17:44:00,12.46342,37.823895,8,930
2025-07-09 17:54:00,12.46342,37.823895,8,930
2025-07-09 18:04:00,12.46342,37.823895,8,930
2025-07-09 18:14:00,12.46342,37.823895,8,930
2025-07-09 18:24:00,12.46342,37.823895,8,930
2025-07-09 18:34:00,12.46342,37.823895,8,930
2025-07-09 18:44:00,12.46342,37.823895,8,930
2025-07-09 18:54:00,12.46342,37.823895,8,930
2025-07-09 19:04:00,12.46342,37.823895,8,930
2025-07-09 19:14:00,12.46342,37.823895,8,930
2025-07-09 19:24:00,12.46342,37.823895,8,930
2025-07-09 19:34:00,12.46342,37.823895,8,930
2025-07-09 19:44:00,12.46342,37.823895,8,930
2025-07-09 19:54:00,12.46342,37.823895,8,930
2025-07-09 20:04:00,12.46342,37.823895,8,930
2025-07-09 20:14:00,12.46342,37.823895,8,930
2025-07-09 20:24:00,12.46342,37.823895,8,930
2025-07-09 20:34:00,12.46342,37.823895,8,930
2025-07-09 20:44:00,12.46342,37.823895,8,930
2025-07-09 20:54:00,12.46342,37.823895,8,930
2025-07-09 21:04:00,12.46342,37.823895,8,930
2025-07-09 21:14:00,12.46342,37.823895,8,930
2025-07-09 21:24:00,12.46342,37.823895,8,930
2025-07-09 21:34:00,12.46342,37.823895,8,930
2025-07-09 21:44:00,12.46342,37.823895,8,930
2025-07-09 21:54:00,12.46342,37.823895,8,930
2025-07-09 22:04:00,12.46342,37.823895,8,930
2025-07-09 22:14:00,12.46342,37.823895,8,930
2025-07-09 22:24:00,12.46342,37.823895,8,930
2025-07-09 22:34:00,12.46342,37.823895,8,930
2025-07-09 22:44:00,12.46342,37.823895,8,930
2025-07-09 22:54:00,12.46342,37.823895,8,930
2025-07-09 23:04:00,12.46342,37.823895,8,930
2025-07-09 23:14:00,12.46342,37.823895,8,930
2025-07-09 23:24:00,12.46342,37.823895,8,930
2025-07-09 23:34:00,12.46342,37.823895,8,930
2025-07-09 23:44:00,12.46342,37.823895,8,930
2025-07-09 23:54:00,12.46342,37.823895,8,930
2025-07-10 00:04:00,12.46342,37.823895,8,930
2025-07-09 09:04:00,12.4523,37.87978,9,0530cnr
2025-07-09 09:14:00,12.452851,37.878426,9,0530cnr
2025-07-09 09:24:00,12.4533415,37.877163,9,0530cnr
2025-07-09 09:34:00,12.453769,37.875946,9,0530cnr
2025-07-09 09:44:00,12.454165,37.874714,9,0530cnr
2025-07-09 09:54:00,12.454569,37.873363,9,0530cnr
2025-07-09 10:04:00,12.454823,37.87195,9,0530cnr
2025-07-09 10:14:00,12.454973,37.870544,9,0530cnr
2025-07-09 10:24:00,12.455107,37.86924,9,0530cnr
2025-07-09 10:34:00,12.45527,37.86799,9,0530cnr
2025-07-09 10:44:00,12.455465,37.866768,9,0530cnr
2025-07-09 10:54:00,12.455685,37.865562,9,0530cnr
2025-07-09 11:04:00,12.455927,37.864346,9,0530cnr
2025-07-09 11:14:00,12.455927,37.864346,9,0530cnr
2025-07-09 11:24:00,12.456073,37.86375,9,0530cnr
2025-07-09 11:34:00,12.456073,37.86375,9,0530cnr
2025-07-09 11:44:00,12.456073,37.86375,9,0530cnr
2025-07-09 11:54:00,12.456073,37.86375,9,0530cnr
2025-07-09 12:04:00,12.456073,37.86375,9,0530cnr
2025-07-09 12:14:00,12.456073,37.86375,9,0530cnr
2025-07-09 12:24:00,12.456073,37.86375,9,0530cnr
2025-07-09 12:34:00,12.456073,37.86375,9,0530cnr
2025-07-09 12:44:00,12.456073,37.86375,9,0530cnr
2025-07-09 12:54:00,12.456073,37.86375,9,0530cnr
2025-07-09 13:04:00,12.456073,37.86375,9,0530cnr
2025-07-09 13:14:00,12.456073,37.86375,9,0530cnr
2025-07-09 13:24:00,12.456073,37.86375,9,0530cnr
2025-07-09 13:34:00,12.456073,37.86375,9,0530cnr
2025-07-09 13:44:00,12.456073,37.86375,9,0530cnr
2025-07-09 13:54:00,12.456073,37.86375,9,0530cnr
2025-07-09 14:04:00,12.456073,37.86375,9,0530cnr
2025-07-09 14:14:00,12.456073,37.86375,9,0530cnr
2025-07-09 14:24:00,12.456073,37.86375,9,0530cnr
2025-07-09 14:34:00,12.456073,37.86375,9,0530cnr
2025-07-09 14:44:00,12.456073,37.86375,9,0530cnr
2025-07-09 14:54:00,12.456073,37.86375,9,0530cnr
2025-07-09 15:04:00,12.456073,37.86375,9,0530cnr
2025-07-09 15:14:00,12.456073,37.86375,9,0530cnr
2025-07-09 15:24:00,12.456073,37.86375,9,0530cnr
2025-07-09 15:34:00,12.456073,37.86375,9,0530cnr
2025-07-09 15:44:00,12.456073,37.86375,9,0530cnr
2025-07-09 15:54:00,12.456073,37.86375,9,0530cnr
2025-07-09 16:04:00,12.456073,37.86375,9,0530cnr
2025-07-09 16:14:00,12.456073,37.86375,9,0530cnr
2025-07-09 16:24:00,12.456073,37.86375,9,0530cnr
2025-07-09 16:34:00,12.456073,37.86375,9,0530cnr
2025-07-09 16:44:00,12.456073,37.86375,9,0530cnr
2025-07-09 16:54:00,12.456073,37.86375,9,0530cnr
2025-07-09 17:04:00,12.456073,37.86375,9,0530cnr
2025-07-09 17:14:00,12.456073,37.86375,9,0530cnr
2025-07-09 17:24:00,12.456073,37.86375,9,0530cnr
2025-07-09 17:34:00,12.456073,37.86375,9,0530cnr
2025-07-09 17:44:00,12.456073,37.86375,9,0530cnr
2025-07-09 17:54:00,12.456073,37.86375,9,0530cnr
2025-07-09 18:04:00,12.456073,37.86375,9,0530cnr
2025-07-09 18:14:00,12.456073,37.86375,9,0530cnr
2025-07-09 18:24:00,12.456073,37.86375,9,0530cnr
2025-07-09 18:34:00,12.456073,37.86375,9,0530cnr
2025-07-09 18:44:00,12.456073,37.86375,9,0530cnr
2025-07-09 18:54:00,12.456073,37.86375,9,0530cnr
2025-07-09 19:04:00,12.456073,37.86375,9,0530cnr
2025-07-09 19:14:00,12.456073,37.86375,9,0530cnr
2025-07-09 19:24:00,12.456073,37.86375,9,0530cnr
2025-07-09 19:34:00,12.456073,37.86375,9,0530cnr
2025-07-09 19:44:00,12.456073,37.86375,9,0530cnr
2025-07-09 19:54:00,12.456073,37.86375,9,0530cnr
2025-07-09 20:04:00,12.456073,37.86375,9,0530cnr
2025-07-09 20:14:00,12.456073,37.86375,9,0530cnr
2025-07-09 20:24:00,12.456073,37.86375,9,0530cnr
2025-07-09 20:34:00,12.456073,37.86375,9,0530cnr
2025-07-09 20:44:00,12.456073,37.86375,9,0530cnr
2025-07-09 20:54:00,12.456073,37.86375,9,0530cnr
2025-07-09 21:04:00,12.456073,37.86375,9,0530cnr
2025-07-09 21:14:00,12.456073,37.86375,9,0530cnr
2025-07-09 21:24:00,12.456073,37.86375,9,0530cnr
2025-07-09 21:34:00,12.456073,37.86375,9,0530cnr
2025-07-09 21:44:00,12.456073,37.86375,9,0530cnr
2025-07-09 21:54:00,12.456073,37.86375,9,0530cnr
2025-07-09 22:04:00,12.456073,37.86375,9,0530cnr
2025-07-09 22:14:00,12.456073,37.86375,9,0530cnr
2025-07-09 22:24:00,12.456073,37.86375,9,0530cnr
2025-07-09 22:34:00,12.456073,37.86375,9,0530cnr
2025-07-09 22:44:00,12.456073,37.86375,9,0530cnr
2025-07-09 22:54:00,12.456073,37.86375,9,0530cnr
2025-07-09 23:04:00,12.456073,37.86375,9,0530cnr
2025-07-09 23:14:00,12.456073,37.86375,9,0530cnr
2025-07-09 23:24:00,12.456073,37.86375,9,0530cnr
2025-07-09 23:34:00,12.456073,37.86375,9,0530cnr
2025-07-09 23:44:00,12.456073,37.86375,9,0530cnr
2025-07-09 23:54:00,12.456073,37.86375,9,0530cnr
2025-07-10 00:04:00,12.456073,37.86375,9,0530cnr
2025-07-09 09:04:00,12.45228,37.87985,9,3500cnr
2025-07-09 09:14:00,12.452833,37.878487,9,3500cnr
2025-07-09 09:24:00,12.453326,37.877224,9,3500cnr
2025-07-09 09:34:00,12.453756,37.876003,9,3500cnr
2025-07-09 09:44:00,12.454149,37.874775,9,3500cnr
2025-07-09 09:54:00,12.4545555,37.873432,9,3500cnr
2025-07-09 10:04:00,12.454817,37.872017,9,3500cnr
2025-07-09 10:14:00,12.4549675,37.87061,9,3500cnr
2025-07-09 10:24:00,12.455101,37.8693,9,3500cnr
2025-07-09 10:34:00,12.455262,37.868046,9,3500cnr
2025-07-09 10:44:00,12.455457,37.866825,9,3500cnr
2025-07-09 10:54:00,12.455675,37.865616,9,3500cnr
2025-07-09 11:04:00,12.455915,37.864403,9,3500cnr
2025-07-09 11:14:00,12.456048,37.863796,9,3500cnr
2025-07-09 11:24:00,12.456048,37.863796,9,3500cnr
2025-07-09 11:34:00,12.456048,37.863796,9,3500cnr
2025-07-09 11:44:00,12.456048,37.863796,9,3500cnr
2025-07-09 11:54:00,12.456048,37.863796,9,3500cnr
2025-07-09 12:04:00,12.456048,37.863796,9,3500cnr
2025-07-09 12:14:00,12.456048,37.863796,9,3500cnr
2025-07-09 12:24:00,12.456048,37.863796,9,3500cnr
2025-07-09 12:34:00,12.456048,37.863796,9,3500cnr
2025-07-09 12:44:00,12.456048,37.863796,9,3500cnr
2025-07-09 12:54:00,12.456048,37.863796,9,3500cnr
2025-07-09 13:04:00,12.456048,37.863796,9,3500cnr
2025-07-09 13:14:00,12.456048,37.863796,9,3500cnr
2025-07-09 13:24:00,12.456048,37.863796,9,3500cnr
2025-07-09 13:34:00,12.456048,37.863796,9,3500cnr
2025-07-09 13:44:00,12.456048,37.863796,9,3500cnr
2025-07-09 13:54:00,12.456048,37.863796,9,3500cnr
2025-07-09 14:04:00,12.456048,37.863796,9,3500cnr
2025-07-09 14:14:00,12.456048,37.863796,9,3500cnr
2025-07-09 14:24:00,12.456048,37.863796,9,3500cnr
2025-07-09 14:34:00,12.456048,37.863796,9,3500cnr
2025-07-09 14:44:00,12.456048,37.863796,9,3500cnr
2025-07-09 14:54:00,12.456048,37.863796,9,3500cnr
2025-07-09 15:04:00,12.456048,37.863796,9,3500cnr
2025-07-09 15:14:00,12.456048,37.863796,9,3500cnr
2025-07-09 15:24:00,12.456048,37.863796,9,3500cnr
2025-07-09 15:34:00,12.456048,37.863796,9,3500cnr
2025-07-09 15:44:00,12.456048,37.863796,9,3500cnr
2025-07-09 15:54:00,12.456048,37.863796,9,3500cnr
2025-07-09 16:04:00,12.456048,37.863796,9,3500cnr
2025-07-09 16:14:00,12.456048,37.863796,9,3500cnr
2025-07-09 16:24:00,12.456048,37.863796,9,3500cnr
2025-07-09 16:34:00,12.456048,37.863796,9,3500cnr
2025-07-09 16:44:00,12.456048,37.863796,9,3500cnr
2025-07-09 16:54:00,12.456048,37.863796,9,3500cnr
2025-07-09 17:04:00,12.456048,37.863796,9,3500cnr
2025-07-09 17:14:00,12.456048,37.863796,9,3500cnr
2025-07-09 17:24:00,12.456048,37.863796,9,3500cnr
2025-07-09 17:34:00,12.456048,37.863796,9,3500cnr
2025-07-09 17:44:00,12.456048,37.863796,9,3500cnr
2025-07-09 17:54:00,12.456048,37.863796,9,3500cnr
2025-07-09 18:04:00,12.456048,37.863796,9,3500cnr
2025-07-09 18:14:00,12.456048,37.863796,9,3500cnr
2025-07-09 18:24:00,12.456048,37.863796,9,3500cnr
2025-07-09 18:34:00,12.456048,37.863796,9,3500cnr
2025-07-09 18:44:00,12.456048,37.863796,9,3500cnr
2025-07-09 18:54:00,12.456048,37.863796,9,3500cnr
2025-07-09 19:04:00,12.456048,37.863796,9,3500cnr
2025-07-09 19:14:00,12.456048,37.863796,9,3500cnr
2025-07-09 19:24:00,12.456048,37.863796,9,3500cnr
2025-07-09 19:34:00,12.456048,37.863796,9,3500cnr
2025-07-09 19:44:00,12.456048,37.863796,9,3500cnr
2025-07-09 19:54:00,12.456048,37.863796,9,3500cnr
2025-07-09 20:04:00,12.456048,37.863796,9,3500cnr
2025-07-09 20:14:00,12.456048,37.863796,9,3500cnr
2025-07-09 20:24:00,12.456048,37.863796,9,3500cnr
2025-07-09 20:34:00,12.456048,37.863796,9,3500cnr
2025-07-09 20:44:00,12.456048,37.863796,9,3500cnr
2025-07-09 20:54:00,12.456048,37.863796,9,3500cnr
2025-07-09 21:04:00,12.456048,37.863796,9,3500cnr
2025-07-09 21:14:00,12.456048,37.863796,9,3500cnr
2025-07-09 21:24:00,12.456048,37.863796,9,3500cnr
2025-07-09 21:34:00,12.456048,37.863796,9,3500cnr
2025-07-09 21:44:00,12.456048,37.863796,9,3500cnr
2025-07-09 21:54:00,12.456048,37.863796,9,3500cnr
2025-07-09 22:04:00,12.456048,37.863796,9,3500cnr
2025-07-09 22:14:00,12.456048,37.863796,9,3500cnr
2025-07-09 22:24:00,12.456048,37.863796,9,3500cnr
2025-07-09 22:34:00,12.456048,37.863796,9,3500cnr
2025-07-09 22:44:00,12.456048,37.863796,9,3500cnr
2025-07-09 22:54:00,12.456048,37.863796,9,3500cnr
2025-07-09 23:04:00,12.456048,37.863796,9,3500cnr
2025-07-09 23:14:00,12.456048,37.863796,9,3500cnr
2025-07-09 23:24:00,12.456048,37.863796,9,3500cnr
2025-07-09 23:34:00,12.456048,37.863796,9,3500cnr
2025-07-09 23:44:00,12.456048,37.863796,9,3500cnr
2025-07-09 23:54:00,12.456048,37.863796,9,3500cnr
2025-07-10 00:04:00,12.456048,37.863796,9,3500cnr
2025-07-09 09:14:00,12.44895,37.88977,10,1520
2025-07-09 09:24:00,12.449471,37.888653,10,1520
2025-07-09 09:34:00,12.450009,37.887417,10,1520
2025-07-09 09:44:00,12.450518,37.88611,10,1520
2025-07-09 09:54:00,12.450989,37.884716,10,1520
2025-07-09 10:04:00,12.451453,37.88315,10,1520
2025-07-09 10:14:00,12.451962,37.881546,10,1520
2025-07-09 10:24:00,12.452468,37.879997,10,1520
2025-07-09 10:34:00,12.452915,37.878574,10,1520
2025-07-09 10:44:00,12.453297,37.877247,10,1520
2025-07-09 10:54:00,12.453622,37.87598,10,1520
2025-07-09 11:04:00,12.45393,37.874718,10,1520
2025-07-09 11:14:00,12.454286,37.87337,10,1520
2025-07-09 11:24:00,12.454544,37.872005,10,1520
2025-07-09 11:34:00,12.454738,37.870686,10,1520
2025-07-09 11:44:00,12.4549465,37.869473,10,1520
2025-07-09 11:54:00,12.455192,37.868324,10,1520
2025-07-09 12:04:00,12.45547,37.867218,10,1520
2025-07-09 12:14:00,12.45576,37.86613,10,1520
2025-07-09 12:24:00,12.456042,37.865055,10,1520
2025-07-09 12:34:00,12.456326,37.86397,10,1520
2025-07-09 12:44:00,12.456326,37.86397,10,1520
2025-07-09 12:54:00,12.456326,37.86397,10,1520
2025-07-09 13:04:00,12.456326,37.86397,10,1520
2025-07-09 13:14:00,12.456326,37.86397,10,1520
2025-07-09 13:24:00,12.456326,37.86397,10,1520
2025-07-09 13:34:00,12.456326,37.86397,10,1520
2025-07-09 13:44:00,12.456326,37.86397,10,1520
2025-07-09 13:54:00,12.456326,37.86397,10,1520
2025-07-09 14:04:00,12.456326,37.86397,10,1520
2025-07-09 14:14:00,12.456326,37.86397,10,1520
2025-07-09 14:24:00,12.456326,37.86397,10,1520
2025-07-09 14:34:00,12.456326,37.86397,10,1520
2025-07-09 14:44:00,12.456326,37.86397,10,1520
2025-07-09 14:54:00,12.456326,37.86397,10,1520
2025-07-09 15:04:00,12.456326,37.86397,10,1520
2025-07-09 15:14:00,12.456326,37.86397,10,1520
2025-07-09 15:24:00,12.456326,37.86397,10,1520
2025-07-09 15:34:00,12.456326,37.86397,10,1520
2025-07-09 15:44:00,12.456326,37.86397,10,1520
2025-07-09 15:54:00,12.456326,37.86397,10,1520
2025-07-09 16:04:00,12.456326,37.86397,10,1520
2025-07-09 16:14:00,12.456326,37.86397,10,1520
2025-07-09 16:24:00,12.456326,37.86397,10,1520
2025-07-09 16:34:00,12.456326,37.86397,10,1520
2025-07-09 16:44:00,12.456326,37.86397,10,1520
2025-07-09 16:54:00,12.456326,37.86397,10,1520
2025-07-09 17:04:00,12.456326,37.86397,10,1520
2025-07-09 17:14:00,12.456326,37.86397,10,1520
2025-07-09 17:24:00,12.456326,37.86397,10,1520
2025-07-09 17:34:00,12.456326,37.86397,10,1520
2025-07-09 17:44:00,12.456326,37.86397,10,1520
2025-07-09 17:54:00,12.456326,37.86397,10,1520
2025-07-09 18:04:00,12.456326,37.86397,10,1520
2025-07-09 18:14:00,12.456326,37.86397,10,1520
2025-07-09 18:24:00,12.456326,37.86397,10,1520
2025-07-09 18:34:00,12.456326,37.86397,10,1520
2025-07-09 18:44:00,12.456326,37.86397,10,1520
2025-07-09 18:54:00,12.456326,37.86397,10,1520
2025-07-09 19:04:00,12.456326,37.86397,10,1520
2025-07-09 19:14:00,12.456326,37.86397,10,1520
2025-07-09 19:24:00,12.456326,37.86397,10,1520
2025-07-09 19:34:00,12.456326,37.86397,10,1520
2025-07-09 19:44:00,12.456326,37.86397,10,1520
2025-07-09 19:54:00,12.456326,37.86397,10,1520
2025-07-09 20:04:00,12.456326,37.86397,10,1520
2025-07-09 20:14:00,12.456326,37.86397,10,1520
2025-07-09 20:24:00,12.456326,37.86397,10,1520
2025-07-09 20:34:00,12.456326,37.86397,10,1520
2025-07-09 20:44:00,12.456326,37.86397,10,1520
2025-07-09 20:54:00,12.456326,37.86397,10,1520
2025-07-09 21:04:00,12.456326,37.86397,10,1520
2025-07-09 21:14:00,12.456326,37.86397,10,1520
2025-07-09 21:24:00,12.456326,37.86397,10,1520
2025-07-09 21:34:00,12.456326,37.86397,10,1520
2025-07-09 21:44:00,12.456326,37.86397,10,1520
2025-07-09 21:54:00,12.456326,37.86397,10,1520
2025-07-09 22:04:00,12.456326,37.86397,10,1520
2025-07-09 22:14:00,12.456326,37.86397,10,1520
2025-07-09 22:24:00,12.456326,37.86397,10,1520
2025-07-09 22:34:00,12.456326,37.86397,10,1520
2025-07-09 22:44:00,12.456326,37.86397,10,1520
2025-07-09 22:54:00,12.456326,37.86397,10,1520
2025-07-09 23:04:00,12.456326,37.86397,10,1520
2025-07-09 23:14:00,12.456326,37.86397,10,1520
2025-07-09 23:24:00,12.456326,37.86397,10,1520
2025-07-09 23:34:00,12.456326,37.86397,10,1520
2025-07-09 23:44:00,12.456326,37.86397,10,1520
2025-07-09 23:54:00,12.456326,37.86397,10,1520
2025-07-10 00:04:00,12.456326,37.86397,10,1520
2025-07-09 09:14:00,12.44899,37.88976,10,540
2025-07-09 09:24:00,12.449512,37.888638,10,540
2025-07-09 09:34:00,12.450051,37.887398,10,540
2025-07-09 09:44:00,12.450558,37.88609,10,540
2025-07-09 09:54:00,12.451029,37.884686,10,540
2025-07-09 10:04:00,12.451493,37.88311,10,540
2025-07-09 10:14:00,12.452008,37.881496,10,540
2025-07-09 10:24:00,12.452513,37.87995,10,540
2025-07-09 10:34:00,12.45296,37.87853,10,540
2025-07-09 10:44:00,12.4533415,37.877205,10,540
2025-07-09 10:54:00,12.453666,37.87594,10,540
2025-07-09 11:04:00,12.453976,37.874676,10,540
2025-07-09 11:14:00,12.454328,37.87332,10,540
2025-07-09 11:24:00,12.45458,37.871956,10,540
2025-07-09 11:34:00,12.454774,37.87064,10,540
2025-07-09 11:44:00,12.454984,37.869427,10,540
2025-07-09 11:54:00,12.455231,37.86828,10,540
2025-07-09 12:04:00,12.45551,37.867172,10,540
2025-07-09 12:14:00,12.455799,37.866085,10,540
2025-07-09 12:24:00,12.456082,37.86501,10,540
2025-07-09 12:34:00,12.456367,37.863922,10,540
2025-07-09 12:44:00,12.456367,37.863922,10,540
2025-07-09 12:54:00,12.456367,37.863922,10,540
2025-07-09 13:04:00,12.456367,37.863922,10,540
2025-07-09 13:14:00,12.456367,37.863922,10,540
2025-07-09 13:24:00,12.456367,37.863922,10,540
2025-07-09 13:34:00,12.456367,37.863922,10,540
2025-07-09 13:44:00,12.456367,37.863922,10,540
2025-07-09 13:54:00,12.456367,37.863922,10,540
2025-07-09 14:04:00,12.456367,37.863922,10,540
2025-07-09 14:14:00,12.456367,37.863922,10,540
2025-07-09 14:24:00,12.456367,37.863922,10,540
2025-07-09 14:34:00,12.456367,37.863922,10,540
2025-07-09 14:44:00,12.456367,37.863922,10,540
2025-07-09 14:54:00,12.456367,37.863922,10,540
2025-07-09 15:04:00,12.456367,37.863922,10,540
2025-07-09 15:14:00,12.456367,37.863922,10,540
2025-07-09 15:24:00,12.456367,37.863922,10,540
2025-07-09 15:34:00,12.456367,37.863922,10,540
2025-07-09 15:44:00,12.456367,37.863922,10,540
2025-07-09 15:54:00,12.456367,37.863922,10,540
2025-07-09 16:04:00,12.456367,37.863922,10,540
2025-07-09 16:14:00,12.456367,37.863922,10,540
2025-07-09 16:24:00,12.456367,37.863922,10,540
2025-07-09 16:34:00,12.456367,37.863922,10,540
2025-07-09 16:44:00,12.456367,37.863922,10,540
2025-07-09 16:54:00,12.456367,37.863922,10,540
2025-07-09 17:04:00,12.456367,37.863922,10,540
2025-07-09 17:14:00,12.456367,37.863922,10,540
2025-07-09 17:24:00,12.456367,37.863922,10,540
2025-07-09 17:34:00,12.456367,37.863922,10,540
2025-07-09 17:44:00,12.456367,37.863922,10,540
2025-07-09 17:54:00,12.456367,37.863922,10,540
2025-07-09 18:04:00,12.456367,37.863922,10,540
2025-07-09 18:14:00,12.456367,37.863922,10,540
2025-07-09 18:24:00,12.456367,37.863922,10,540
2025-07-09 18:34:00,12.456367,37.863922,10,540
2025-07-09 18:44:00,12.456367,37.863922,10,540
2025-07-09 18:54:00,12.456367,37.863922,10,540
2025-07-09 19:04:00,12.456367,37.863922,10,540
2025-07-09 19:14:00,12.456367,37.863922,10,540
2025-07-09 19:24:00,12.456367,37.863922,10,540
2025-07-09 19:34:00,12.456367,37.863922,10,540
2025-07-09 19:44:00,12.456367,37.863922,10,540
2025-07-09 19:54:00,12.456367,37.863922,10,540
2025-07-09 20:04:00,12.456367,37.863922,10,540
2025-07-09 20:14:00,12.456367,37.863922,10,540
2025-07-09 20:24:00,12.456367,37.863922,10,540
2025-07-09 20:34:00,12.456367,37.863922,10,540
2025-07-09 20:44:00,12.456367,37.863922,10,540
2025-07-09 20:54:00,12.456367,37.863922,10,540
2025-07-09 21:04:00,12.456367,37.863922,10,540
2025-07-09 21:14:00,12.456367,37.863922,10,540
2025-07-09 21:24:00,12.456367,37.863922,10,540
2025-07-09 21:34:00,12.456367,37.863922,10,540
2025-07-09 21:44:00,12.456367,37.863922,10,540
2025-07-09 21:54:00,12.456367,37.863922,10,540
2025-07-09 22:04:00,12.456367,37.863922,10,540
2025-07-09 22:14:00,12.456367,37.863922,10,540
2025-07-09 22:24:00,12.456367,37.863922,10,540
2025-07-09 22:34:00,12.456367,37.863922,10,540
2025-07-09 22:44:00,12.456367,37.863922,10,540
2025-07-09 22:54:00,12.456367,37.863922,10,540
2025-07-09 23:04:00,12.456367,37.863922,10,540
2025-07-09 23:14:00,12.456367,37.863922,10,540
2025-07-09 23:24:00,12.456367,37.863922,10,540
2025-07-09 23:34:00,12.456367,37.863922,10,540
2025-07-09 23:44:00,12.456367,37.863922,10,540
2025-07-09 23:54:00,12.456367,37.863922,10,540
2025-07-10 00:04:00,12.456367,37.863922,10,540
2025-07-09 09:24:00,12.449318,37.889126,10,7510
2025-07-09 09:34:00,12.44984,37.88794,10,7510
2025-07-09 09:44:00,12.450363,37.886642,10,7510
2025-07-09 09:54:00,12.450836,37.885292,10,7510
2025-07-09 10:04:00,12.451296,37.883785,10,7510
2025-07-09 10:14:00,12.451774,37.88217,10,7510
2025-07-09 10:24:00,12.4523,37.88058,10,7510
2025-07-09 10:34:00,12.452766,37.879112,10,7510
2025-07-09 10:44:00,12.453171,37.87775,10,7510
2025-07-09 10:54:00,12.453513,37.876465,10,7510
2025-07-09 11:04:00,12.453814,37.875214,10,7510
2025-07-09 11:14:00,12.45416,37.873905,10,7510
2025-07-09 11:24:00,12.454475,37.872547,10,7510
2025-07-09 11:34:00,12.45469,37.871204,10,7510
2025-07-09 11:44:00,12.454903,37.86996,10,7510
2025-07-09 11:54:00,12.455143,37.868797,10,7510
2025-07-09 12:04:00,12.455418,37.867683,10,7510
2025-07-09 12:14:00,12.455705,37.866592,10,7510
2025-07-09 12:24:00,12.455985,37.86552,10,7510
2025-07-09 12:34:00,12.456262,37.864445,10,7510
2025-07-09 12:44:00,12.4564,37.863907,10,7510
2025-07-09 12:54:00,12.4564,37.863907,10,7510
2025-07-09 13:04:00,12.4564,37.863907,10,7510
2025-07-09 13:14:00,12.4564,37.863907,10,7510
2025-07-09 13:24:00,12.4564,37.863907,10,7510
2025-07-09 13:34:00,12.4564,37.863907,10,7510
2025-07-09 13:44:00,12.4564,37.863907,10,7510
2025-07-09 13:54:00,12.4564,37.863907,10,7510
2025-07-09 14:04:00,12.4564,37.863907,10,7510
2025-07-09 14:14:00,12.4564,37.863907,10,7510
2025-07-09 14:24:00,12.4564,37.863907,10,7510
2025-07-09 14:34:00,12.4564,37.863907,10,7510
2025-07-09 14:44:00,12.4564,37.863907,10,7510
2025-07-09 14:54:00,12.4564,37.863907,10,7510
2025-07-09 15:04:00,12.4564,37.863907,10,7510
2025-07-09 15:14:00,12.4564,37.863907,10,7510
2025-07-09 15:24:00,12.4564,37.863907,10,7510
2025-07-09 15:34:00,12.4564,37.863907,10,7510
2025-07-09 15:44:00,12.4564,37.863907,10,7510
2025-07-09 15:54:00,12.4564,37.863907,10,7510
2025-07-09 16:04:00,12.4564,37.863907,10,7510
2025-07-09 16:14:00,12.4564,37.863907,10,7510
2025-07-09 16:24:00,12.4564,37.863907,10,7510
2025-07-09 16:34:00,12.4564,37.863907,10,7510
2025-07-09 16:44:00,12.4564,37.863907,10,7510
2025-07-09 16:54:00,12.4564,37.863907,10,7510
2025-07-09 17:04:00,12.4564,37.863907,10,7510
2025-07-09 17:14:00,12.4564,37.863907,10,7510
2025-07-09 17:24:00,12.4564,37.863907,10,7510
2025-07-09 17:34:00,12.4564,37.863907,10,7510
2025-07-09 17:44:00,12.4564,37.863907,10,7510
2025-07-09 17:54:00,12.4564,37.863907,10,7510
2025-07-09 18:04:00,12.4564,37.863907,10,7510
2025-07-09 18:14:00,12.4564,37.863907,10,7510
2025-07-09 18:24:00,12.4564,37.863907,10,7510
2025-07-09 18:34:00,12.4564,37.863907,10,7510
2025-07-09 18:44:00,12.4564,37.863907,10,7510
2025-07-09 18:54:00,12.4564,37.863907,10,7510
2025-07-09 19:04:00,12.4564,37.863907,10,7510
2025-07-09 19:14:00,12.4564,37.863907,10,7510
2025-07-09 19:24:00,12.4564,37.863907,10,7510
2025-07-09 19:34:00,12.4564,37.863907,10,7510
2025-07-09 19:44:00,12.4564,37.863907,10,7510
2025-07-09 19:54:00,12.4564,37.863907,10,7510
2025-07-09 20:04:00,12.4564,37.863907,10,7510
2025-07-09 20:14:00,12.4564,37.863907,10,7510
2025-07-09 20:24:00,12.4564,37.863907,10,7510
2025-07-09 20:34:00,12.4564,37.863907,10,7510
2025-07-09 20:44:00,12.4564,37.863907,10,7510
2025-07-09 20:54:00,12.4564,37.863907,10,7510
2025-07-09 21:04:00,12.4564,37.863907,10,7510
2025-07-09 21:14:00,12.4564,37.863907,10,7510
2025-07-09 21:24:00,12.4564,37.863907,10,7510
2025-07-09 21:34:00,12.4564,37.863907,10,7510
2025-07-09 21:44:00,12.4564,37.863907,10,7510
2025-07-09 21:54:00,12.4564,37.863907,10,7510
2025-07-09 22:04:00,12.4564,37.863907,10,7510
2025-07-09 22:14:00,12.4564,37.863907,10,7510
2025-07-09 22:24:00,12.4564,37.863907,10,7510
2025-07-09 22:34:00,12.4564,37.863907,10,7510
2025-07-09 22:44:00,12.4564,37.863907,10,7510
2025-07-09 22:54:00,12.4564,37.863907,10,7510
2025-07-09 23:04:00,12.4564,37.863907,10,7510
2025-07-09 23:14:00,12.4564,37.863907,10,7510
2025-07-09 23:24:00,12.4564,37.863907,10,7510
2025-07-09 23:34:00,12.4564,37.863907,10,7510
2025-07-09 23:44:00,12.4564,37.863907,10,7510
2025-07-09 23:54:00,12.4564,37.863907,10,7510
2025-07-10 00:04:00,12.4564,37.863907,10,7510
2025-07-09 11:54:00,12.45853,37.872196,11,2520
2025-07-09 12:04:00,12.458822,37.87091,11,2520
2025-07-09 12:14:00,12.459148,37.869663,11,2520
2025-07-09 12:24:00,12.45947,37.868446,11,2520
2025-07-09 12:34:00,12.459766,37.867268,11,2520
2025-07-09 12:44:00,12.460046,37.86614,11,2520
2025-07-09 12:54:00,12.460297,37.865063,11,2520
2025-07-09 13:04:00,12.460531,37.864014,11,2520
2025-07-09 13:14:00,12.460723,37.862995,11,2520
2025-07-09 13:24:00,12.460876,37.861988,11,2520
2025-07-09 13:34:00,12.46101,37.86099,11,2520
2025-07-09 13:44:00,12.461158,37.859985,11,2520
2025-07-09 13:54:00,12.46133,37.858974,11,2520
2025-07-09 14:04:00,12.461514,37.857952,11,2520
2025-07-09 14:14:00,12.461691,37.85689,11,2520
2025-07-09 14:24:00,12.461817,37.855797,11,2520
2025-07-09 14:34:00,12.461859,37.8547,11,2520
2025-07-09 14:44:00,12.461798,37.853645,11,2520
2025-07-09 14:54:00,12.461684,37.852634,11,2520
2025-07-09 15:04:00,12.461553,37.85165,11,2520
2025-07-09 15:14:00,12.461457,37.850735,11,2520
2025-07-09 15:24:00,12.461428,37.849907,11,2520
2025-07-09 15:34:00,12.461452,37.84917,11,2520
2025-07-09 15:44:00,12.461504,37.84855,11,2520
2025-07-09 15:54:00,12.461583,37.84805,11,2520
2025-07-09 16:04:00,12.461683,37.847668,11,2520
2025-07-09 16:14:00,12.461787,37.847313,11,2520
2025-07-09 16:24:00,12.46189,37.84697,11,2520
2025-07-09 16:34:00,12.461991,37.846626,11,2520
2025-07-09 16:44:00,12.462037,37.846447,11,2520
2025-07-09 16:54:00,12.462037,37.846447,11,2520
2025-07-09 17:04:00,12.462037,37.846447,11,2520
2025-07-09 17:14:00,12.462065,37.84623,11,2520
2025-07-09 17:24:00,12.462065,37.84623,11,2520
2025-07-09 17:34:00,12.4620495,37.845776,11,2520
2025-07-09 17:44:00,12.462006,37.84528,11,2520
2025-07-09 17:54:00,12.461975,37.845013,11,2520
2025-07-09 18:04:00,12.461975,37.845013,11,2520
2025-07-09 18:14:00,12.461975,37.845013,11,2520
2025-07-09 18:24:00,12.461975,37.845013,11,2520
2025-07-09 18:34:00,12.461975,37.845013,11,2520
2025-07-09 18:44:00,12.461975,37.845013,11,2520
2025-07-09 18:54:00,12.461975,37.845013,11,2520
2025-07-09 19:04:00,12.461975,37.845013,11,2520
2025-07-09 19:14:00,12.461975,37.845013,11,2520
2025-07-09 19:24:00,12.461975,37.845013,11,2520
2025-07-09 19:34:00,12.461975,37.845013,11,2520
2025-07-09 19:44:00,12.461975,37.845013,11,2520
2025-07-09 19:54:00,12.461975,37.845013,11,2520
2025-07-09 20:04:00,12.461975,37.845013,11,2520
2025-07-09 20:14:00,12.461975,37.845013,11,2520
2025-07-09 20:24:00,12.461975,37.845013,11,2520
2025-07-09 20:34:00,12.461975,37.845013,11,2520
2025-07-09 20:44:00,12.461975,37.845013,11,2520
2025-07-09 20:54:00,12.461975,37.845013,11,2520
2025-07-09 21:04:00,12.461975,37.845013,11,2520
2025-07-09 21:14:00,12.461975,37.845013,11,2520
2025-07-09 21:24:00,12.461975,37.845013,11,2520
2025-07-09 21:34:00,12.461975,37.845013,11,2520
2025-07-09 21:44:00,12.461975,37.845013,11,2520
2025-07-09 21:54:00,12.461975,37.845013,11,2520
2025-07-09 22:04:00,12.461975,37.845013,11,2520
2025-07-09 22:14:00,12.461975,37.845013,11,2520
2025-07-09 22:24:00,12.461975,37.845013,11,2520
2025-07-09 22:34:00,12.461975,37.845013,11,2520
2025-07-09 22:44:00,12.461975,37.845013,11,2520
2025-07-09 22:54:00,12.461975,37.845013,11,2520
2025-07-09 23:04:00,12.461975,37.845013,11,2520
2025-07-09 23:14:00,12.461975,37.845013,11,2520
2025-07-09 23:24:00,12.461975,37.845013,11,2520
2025-07-09 23:34:00,12.461975,37.845013,11,2520
2025-07-09 23:44:00,12.461975,37.845013,11,2520
2025-07-09 23:54:00,12.461975,37.845013,11,2520
2025-07-10 00:04:00,12.461975,37.845013,11,2520
2025-07-09 11:54:00,12.458534,37.872,11,6250
2025-07-09 12:04:00,12.458831,37.87072,11,6250
2025-07-09 12:14:00,12.45916,37.869476,11,6250
2025-07-09 12:24:00,12.459476,37.868263,11,6250
2025-07-09 12:34:00,12.45977,37.86709,11,6250
2025-07-09 12:44:00,12.460048,37.865967,11,6250
2025-07-09 12:54:00,12.4603,37.86489,11,6250
2025-07-09 13:04:00,12.460536,37.863846,11,6250
2025-07-09 13:14:00,12.460731,37.862823,11,6250
2025-07-09 13:24:00,12.460889,37.861816,11,6250
2025-07-09 13:34:00,12.461031,37.860813,11,6250
2025-07-09 13:44:00,12.461188,37.85981,11,6250
2025-07-09 13:54:00,12.461368,37.858795,11,6250
2025-07-09 14:04:00,12.461558,37.85777,11,6250
2025-07-09 14:14:00,12.461733,37.856705,11,6250
2025-07-09 14:24:00,12.461856,37.85561,11,6250
2025-07-09 14:34:00,12.461888,37.85452,11,6250
2025-07-09 14:44:00,12.461819,37.853474,11,6250
2025-07-09 14:54:00,12.46171,37.85247,11,6250
2025-07-09 15:04:00,12.461584,37.85149,11,6250
2025-07-09 15:14:00,12.4615,37.850582,11,6250
2025-07-09 15:24:00,12.461483,37.849762,11,6250
2025-07-09 15:34:00,12.461507,37.849037,11,6250
2025-07-09 15:44:00,12.46156,37.848423,11,6250
2025-07-09 15:54:00,12.461639,37.847935,11,6250
2025-07-09 16:04:00,12.461737,37.847553,11,6250
2025-07-09 16:14:00,12.461836,37.8472,11,6250
2025-07-09 16:24:00,12.461935,37.846848,11,6250
2025-07-09 16:34:00,12.462031,37.8465,11,6250
2025-07-09 16:44:00,12.462031,37.8465,11,6250
2025-07-09 16:54:00,12.462031,37.8465,11,6250
2025-07-09 17:04:00,12.462066,37.846287,11,6250
2025-07-09 17:14:00,12.462066,37.846287,11,6250
2025-07-09 17:24:00,12.462066,37.846287,11,6250
2025-07-09 17:34:00,12.462052,37.845837,11,6250
2025-07-09 17:44:00,12.462007,37.845345,11,6250
2025-07-09 17:54:00,12.461976,37.845078,11,6250
2025-07-09 18:04:00,12.461976,37.845078,11,6250
2025-07-09 18:14:00,12.461976,37.845078,11,6250
2025-07-09 18:24:00,12.461976,37.845078,11,6250
2025-07-09 18:34:00,12.461976,37.845078,11,6250
2025-07-09 18:44:00,12.461976,37.845078,11,6250
2025-07-09 18:54:00,12.461976,37.845078,11,6250
2025-07-09 19:04:00,12.461976,37.845078,11,6250
2025-07-09 19:14:00,12.461976,37.845078,11,6250
2025-07-09 19:24:00,12.461976,37.845078,11,6250
2025-07-09 19:34:00,12.461976,37.845078,11,6250
2025-07-09 19:44:00,12.461976,37.845078,11,6250
2025-07-09 19:54:00,12.461976,37.845078,11,6250
2025-07-09 20:04:00,12.461976,37.845078,11,6250
2025-07-09 20:14:00,12.461976,37.845078,11,6250
2025-07-09 20:24:00,12.461976,37.845078,11,6250
2025-07-09 20:34:00,12.461976,37.845078,11,6250
2025-07-09 20:44:00,12.461976,37.845078,11,6250
2025-07-09 20:54:00,12.461976,37.845078,11,6250
2025-07-09 21:04:00,12.461976,37.845078,11,6250
2025-07-09 21:14:00,12.461976,37.845078,11,6250
2025-07-09 21:24:00,12.461976,37.845078,11,6250
2025-07-09 21:34:00,12.461976,37.845078,11,6250
2025-07-09 21:44:00,12.461976,37.845078,11,6250
2025-07-09 21:54:00,12.461976,37.845078,11,6250
2025-07-09 22:04:00,12.461976,37.845078,11,6250
2025-07-09 22:14:00,12.461976,37.845078,11,6250
2025-07-09 22:24:00,12.461976,37.845078,11,6250
2025-07-09 22:34:00,12.461976,37.845078,11,6250
2025-07-09 22:44:00,12.461976,37.845078,11,6250
2025-07-09 22:54:00,12.461976,37.845078,11,6250
2025-07-09 23:04:00,12.461976,37.845078,11,6250
2025-07-09 23:14:00,12.461976,37.845078,11,6250
2025-07-09 23:24:00,12.461976,37.845078,11,6250
2025-07-09 23:34:00,12.461976,37.845078,11,6250
2025-07-09 23:44:00,12.461976,37.845078,11,6250
2025-07-09 23:54:00,12.461976,37.845078,11,6250
2025-07-10 00:04:00,12.461976,37.845078,11,6250
2025-07-09 11:54:00,12.458552,37.872066,11,930
2025-07-09 12:04:00,12.458848,37.87078,11,930
2025-07-09 12:14:00,12.459176,37.869534,11,930
2025-07-09 12:24:00,12.459494,37.86832,11,930
2025-07-09 12:34:00,12.459788,37.86714,11,930
2025-07-09 12:44:00,12.460067,37.86602,11,930
2025-07-09 12:54:00,12.4603195,37.864944,11,930
2025-07-09 13:04:00,12.460556,37.863895,11,930
2025-07-09 13:14:00,12.46075,37.862873,11,930
2025-07-09 13:24:00,12.460906,37.861866,11,930
2025-07-09 13:34:00,12.461045,37.860867,11,930
2025-07-09 13:44:00,12.4612,37.859863,11,930
2025-07-09 13:54:00,12.461376,37.85885,11,930
2025-07-09 14:04:00,12.461565,37.857822,11,930
2025-07-09 14:14:00,12.46174,37.856762,11,930
2025-07-09 14:24:00,12.4618635,37.855663,11,930
2025-07-09 14:34:00,12.461899,37.854572,11,930
2025-07-09 14:44:00,12.461832,37.853523,11,930
2025-07-09 14:54:00,12.461722,37.852516,11,930
2025-07-09 15:04:00,12.4615965,37.851536,11,930
2025-07-09 15:14:00,12.461511,37.850624,11,930
2025-07-09 15:24:00,12.46149,37.8498,11,930
2025-07-09 15:34:00,12.461514,37.84907,11,930
2025-07-09 15:44:00,12.461567,37.848457,11,930
2025-07-09 15:54:00,12.461646,37.84797,11,930
2025-07-09 16:04:00,12.461744,37.847588,11,930
2025-07-09 16:14:00,12.461845,37.847233,11,930
2025-07-09 16:24:00,12.461945,37.846886,11,930
2025-07-09 16:34:00,12.462042,37.84654,11,930
2025-07-09 16:44:00,12.462042,37.84654,11,930
2025-07-09 16:54:00,12.462042,37.84654,11,930
2025-07-09 17:04:00,12.462042,37.84654,11,930
2025-07-09 17:14:00,12.462064,37.846325,11,930
2025-07-09 17:24:00,12.462064,37.846325,11,930
2025-07-09 17:34:00,12.462051,37.845875,11,930
2025-07-09 17:44:00,12.462006,37.845387,11,930
2025-07-09 17:54:00,12.461975,37.845123,11,930
2025-07-09 18:04:00,12.461975,37.845123,11,930
2025-07-09 18:14:00,12.461975,37.845123,11,930
2025-07-09 18:24:00,12.461975,37.845123,11,930
2025-07-09 18:34:00,12.461975,37.845123,11,930
2025-07-09 18:44:00,12.461975,37.845123,11,930
2025-07-09 18:54:00,12.461975,37.845123,11,930
2025-07-09 19:04:00,12.461975,37.845123,11,930
2025-07-09 19:14:00,12.461975,37.845123,11,930
2025-07-09 19:24:00,12.461975,37.845123,11,930
2025-07-09 19:34:00,12.461975,37.845123,11,930
2025-07-09 19:44:00,12.461975,37.845123,11,930
2025-07-09 19:54:00,12.461975,37.845123,11,930
2025-07-09 20:04:00,12.461975,37.845123,11,930
2025-07-09 20:14:00,12.461975,37.845123,11,930
2025-07-09 20:24:00,12.461975,37.845123,11,930
2025-07-09 20:34:00,12.461975,37.845123,11,930
2025-07-09 20:44:00,12.461975,37.845123,11,930
2025-07-09 20:54:00,12.461975,37.845123,11,930
2025-07-09 21:04:00,12.461975,37.845123,11,930
2025-07-09 21:14:00,12.461975,37.845123,11,930
2025-07-09 21:24:00,12.461975,37.845123,11,930
2025-07-09 21:34:00,12.461975,37.845123,11,930
2025-07-09 21:44:00,12.461975,37.845123,11,930
2025-07-09 21:54:00,12.461975,37.845123,11,930
2025-07-09 22:04:00,12.461975,37.845123,11,930
2025-07-09 22:14:00,12.461975,37.845123,11,930
2025-07-09 22:24:00,12.461975,37.845123,11,930
2025-07-09 22:34:00,12.461975,37.845123,11,930
2025-07-09 22:44:00,12.461975,37.845123,11,930
2025-07-09 22:54:00,12.461975,37.845123,11,930
2025-07-09 23:04:00,12.461975,37.845123,11,930
2025-07-09 23:14:00,12.461975,37.845123,11,930
2025-07-09 23:24:00,12.461975,37.845123,11,930
2025-07-09 23:34:00,12.461975,37.845123,11,930
2025-07-09 23:44:00,12.461975,37.845123,11,930
2025-07-09 23:54:00,12.461975,37.845123,11,930
2025-07-10 00:04:00,12.461975,37.845123,11,930
2025-07-09 12:04:00,12.47187,37.8744,12,0530cnr
2025-07-09 12:14:00,12.472162,37.87334,12,0530cnr
2025-07-09 12:24:00,12.472528,37.872253,12,0530cnr
2025-07-09 12:34:00,12.472966,37.87113,12,0530cnr
2025-07-09 12:44:00,12.473433,37.86995,12,0530cnr
2025-07-09 12:54:00,12.473875,37.868706,12,0530cnr
2025-07-09 13:04:00,12.474231,37.867428,12,0530cnr
2025-07-09 13:14:00,12.474505,37.866207,12,0530cnr
2025-07-09 13:24:00,12.474732,37.865063,12,0530cnr
2025-07-09 13:34:00,12.4749775,37.86399,12,0530cnr
2025-07-09 13:44:00,12.475224,37.862957,12,0530cnr
2025-07-09 13:54:00,12.475224,37.862957,12,0530cnr
2025-07-09 14:04:00,12.475224,37.862957,12,0530cnr
2025-07-09 14:14:00,12.475224,37.862957,12,0530cnr
2025-07-09 14:24:00,12.475224,37.862957,12,0530cnr
2025-07-09 14:34:00,12.475224,37.862957,12,0530cnr
2025-07-09 14:44:00,12.475224,37.862957,12,0530cnr
2025-07-09 14:54:00,12.475224,37.862957,12,0530cnr
2025-07-09 15:04:00,12.475224,37.862957,12,0530cnr
2025-07-09 15:14:00,12.475224,37.862957,12,0530cnr
2025-07-09 15:24:00,12.475224,37.862957,12,0530cnr
2025-07-09 15:34:00,12.475263,37.862404,12,0530cnr
2025-07-09 15:44:00,12.475263,37.862404,12,0530cnr
2025-07-09 15:54:00,12.475263,37.862404,12,0530cnr
2025-07-09 16:04:00,12.475263,37.862404,12,0530cnr
2025-07-09 16:14:00,12.475263,37.862404,12,0530cnr
2025-07-09 16:24:00,12.475263,37.862404,12,0530cnr
2025-07-09 16:34:00,12.475263,37.862404,12,0530cnr
2025-07-09 16:44:00,12.475263,37.862404,12,0530cnr
2025-07-09 16:54:00,12.475263,37.862404,12,0530cnr
2025-07-09 17:04:00,12.475263,37.862404,12,0530cnr
2025-07-09 17:14:00,12.475263,37.862404,12,0530cnr
2025-07-09 17:24:00,12.475263,37.862404,12,0530cnr
2025-07-09 17:34:00,12.475263,37.862404,12,0530cnr
2025-07-09 17:44:00,12.475263,37.862404,12,0530cnr
2025-07-09 17:54:00,12.475263,37.862404,12,0530cnr
2025-07-09 18:04:00,12.475263,37.862404,12,0530cnr
2025-07-09 18:14:00,12.475263,37.862404,12,0530cnr
2025-07-09 18:24:00,12.475263,37.862404,12,0530cnr
2025-07-09 18:34:00,12.475263,37.862404,12,0530cnr
2025-07-09 18:44:00,12.475263,37.862404,12,0530cnr
2025-07-09 18:54:00,12.475263,37.862404,12,0530cnr
2025-07-09 19:04:00,12.475263,37.862404,12,0530cnr
2025-07-09 19:14:00,12.475263,37.862404,12,0530cnr
2025-07-09 19:24:00,12.475263,37.862404,12,0530cnr
2025-07-09 19:34:00,12.475263,37.862404,12,0530cnr
2025-07-09 19:44:00,12.475263,37.862404,12,0530cnr
2025-07-09 19:54:00,12.475263,37.862404,12,0530cnr
2025-07-09 20:04:00,12.475263,37.862404,12,0530cnr
2025-07-09 20:14:00,12.475263,37.862404,12,0530cnr
2025-07-09 20:24:00,12.475263,37.862404,12,0530cnr
2025-07-09 20:34:00,12.475263,37.862404,12,0530cnr
2025-07-09 20:44:00,12.475263,37.862404,12,0530cnr
2025-07-09 20:54:00,12.475263,37.862404,12,0530cnr
2025-07-09 21:04:00,12.475263,37.862404,12,0530cnr
2025-07-09 21:14:00,12.475263,37.862404,12,0530cnr
2025-07-09 21:24:00,12.475263,37.862404,12,0530cnr
2025-07-09 21:34:00,12.475263,37.862404,12,0530cnr
2025-07-09 21:44:00,12.475263,37.862404,12,0530cnr
2025-07-09 21:54:00,12.475263,37.862404,12,0530cnr
2025-07-09 22:04:00,12.475263,37.862404,12,0530cnr
2025-07-09 22:14:00,12.475263,37.862404,12,0530cnr
2025-07-09 22:24:00,12.475263,37.862404,12,0530cnr
2025-07-09 22:34:00,12.475263,37.862404,12,0530cnr
2025-07-09 22:44:00,12.475263,37.862404,12,0530cnr
2025-07-09 22:54:00,12.475263,37.862404,12,0530cnr
2025-07-09 23:04:00,12.475263,37.862404,12,0530cnr
2025-07-09 23:14:00,12.475263,37.862404,12,0530cnr
2025-07-09 23:24:00,12.475263,37.862404,12,0530cnr
2025-07-09 23:34:00,12.475263,37.862404,12,0530cnr
2025-07-09 23:44:00,12.475263,37.862404,12,0530cnr
2025-07-09 23:54:00,12.475263,37.862404,12,0530cnr
2025-07-10 00:04:00,12.475263,37.862404,12,0530cnr
2025-07-09 12:04:00,12.47176,37.87442,12,3500cnr
2025-07-09 12:14:00,12.47205,37.873356,12,3500cnr
2025-07-09 12:24:00,12.472416,37.87227,12,3500cnr
2025-07-09 12:34:00,12.472857,37.871147,12,3500cnr
2025-07-09 12:44:00,12.473327,37.86997,12,3500cnr
2025-07-09 12:54:00,12.473772,37.868732,12,3500cnr
2025-07-09 13:04:00,12.474128,37.86746,12,3500cnr
2025-07-09 13:14:00,12.474401,37.866226,12,3500cnr
2025-07-09 13:24:00,12.474625,37.865074,12,3500cnr
2025-07-09 13:34:00,12.474868,37.863995,12,3500cnr
2025-07-09 13:44:00,12.475117,37.862957,12,3500cnr
2025-07-09 13:54:00,12.475232,37.862434,12,3500cnr
2025-07-09 14:04:00,12.475232,37.862434,12,3500cnr
2025-07-09 14:14:00,12.475232,37.862434,12,3500cnr
2025-07-09 14:24:00,12.475232,37.862434,12,3500cnr
2025-07-09 14:34:00,12.475232,37.862434,12,3500cnr
2025-07-09 14:44:00,12.475232,37.862434,12,3500cnr
2025-07-09 14:54:00,12.475232,37.862434,12,3500cnr
2025-07-09 15:04:00,12.475232,37.862434,12,3500cnr
2025-07-09 15:14:00,12.475232,37.862434,12,3500cnr
2025-07-09 15:24:00,12.475232,37.862434,12,3500cnr
2025-07-09 15:34:00,12.475232,37.862434,12,3500cnr
2025-07-09 15:44:00,12.475232,37.862434,12,3500cnr
2025-07-09 15:54:00,12.475232,37.862434,12,3500cnr
2025-07-09 16:04:00,12.475232,37.862434,12,3500cnr
2025-07-09 16:14:00,12.475232,37.862434,12,3500cnr
2025-07-09 16:24:00,12.475232,37.862434,12,3500cnr
2025-07-09 16:34:00,12.475232,37.862434,12,3500cnr
2025-07-09 16:44:00,12.475232,37.862434,12,3500cnr
2025-07-09 16:54:00,12.475232,37.862434,12,3500cnr
2025-07-09 17:04:00,12.475232,37.862434,12,3500cnr
2025-07-09 17:14:00,12.475232,37.862434,12,3500cnr
2025-07-09 17:24:00,12.475232,37.862434,12,3500cnr
2025-07-09 17:34:00,12.475232,37.862434,12,3500cnr
2025-07-09 17:44:00,12.475232,37.862434,12,3500cnr
2025-07-09 17:54:00,12.475232,37.862434,12,3500cnr
2025-07-09 18:04:00,12.475232,37.862434,12,3500cnr
2025-07-09 18:14:00,12.475232,37.862434,12,3500cnr
2025-07-09 18:24:00,12.475232,37.862434,12,3500cnr
2025-07-09 18:34:00,12.475232,37.862434,12,3500cnr
2025-07-09 18:44:00,12.475232,37.862434,12,3500cnr
2025-07-09 18:54:00,12.475232,37.862434,12,3500cnr
2025-07-09 19:04:00,12.475232,37.862434,12,3500cnr
2025-07-09 19:14:00,12.475232,37.862434,12,3500cnr
2025-07-09 19:24:00,12.475232,37.862434,12,3500cnr
2025-07-09 19:34:00,12.475232,37.862434,12,3500cnr
2025-07-09 19:44:00,12.475232,37.862434,12,3500cnr
2025-07-09 19:54:00,12.475232,37.862434,12,3500cnr
2025-07-09 20:04:00,12.475232,37.862434,12,3500cnr
2025-07-09 20:14:00,12.475232,37.862434,12,3500cnr
2025-07-09 20:24:00,12.475232,37.862434,12,3500cnr
2025-07-09 20:34:00,12.475232,37.862434,12,3500cnr
2025-07-09 20:44:00,12.475232,37.862434,12,3500cnr
2025-07-09 20:54:00,12.475232,37.862434,12,3500cnr
2025-07-09 21:04:00,12.475232,37.862434,12,3500cnr
2025-07-09 21:14:00,12.475232,37.862434,12,3500cnr
2025-07-09 21:24:00,12.475232,37.862434,12,3500cnr
2025-07-09 21:34:00,12.475232,37.862434,12,3500cnr
2025-07-09 21:44:00,12.475232,37.862434,12,3500cnr
2025-07-09 21:54:00,12.475232,37.862434,12,3500cnr
2025-07-09 22:04:00,12.475232,37.862434,12,3500cnr
2025-07-09 22:14:00,12.475232,37.862434,12,3500cnr
2025-07-09 22:24:00,12.475232,37.862434,12,3500cnr
2025-07-09 22:34:00,12.475232,37.862434,12,3500cnr
2025-07-09 22:44:00,12.475232,37.862434,12,3500cnr
2025-07-09 22:54:00,12.475232,37.862434,12,3500cnr
2025-07-09 23:04:00,12.475232,37.862434,12,3500cnr
2025-07-09 23:14:00,12.475232,37.862434,12,3500cnr
2025-07-09 23:24:00,12.475232,37.862434,12,3500cnr
2025-07-09 23:34:00,12.475232,37.862434,12,3500cnr
2025-07-09 23:44:00,12.475232,37.862434,12,3500cnr
2025-07-09 23:54:00,12.475232,37.862434,12,3500cnr
2025-07-10 00:04:00,12.475232,37.862434,12,3500cnr
2025-07-09 12:04:00,12.47178,37.87426,12,3680cnr
2025-07-09 12:14:00,12.472075,37.873196,12,3680cnr
2025-07-09 12:24:00,12.472456,37.872105,12,3680cnr
2025-07-09 12:34:00,12.472906,37.87097,12,3680cnr
2025-07-09 12:44:00,12.473381,37.869785,12,3680cnr
2025-07-09 12:54:00,12.473811,37.868546,12,3680cnr
2025-07-09 13:04:00,12.474157,37.86727,12,3680cnr
2025-07-09 13:14:00,12.474423,37.86605,12,3680cnr
2025-07-09 13:24:00,12.4746475,37.86491,12,3680cnr
2025-07-09 13:34:00,12.4748955,37.86384,12,3680cnr
2025-07-09 13:44:00,12.475143,37.862797,12,3680cnr
2025-07-09 13:54:00,12.475143,37.862797,12,3680cnr
2025-07-09 14:04:00,12.475143,37.862797,12,3680cnr
2025-07-09 14:14:00,12.475143,37.862797,12,3680cnr
2025-07-09 14:24:00,12.475143,37.862797,12,3680cnr
2025-07-09 14:34:00,12.475143,37.862797,12,3680cnr
2025-07-09 14:44:00,12.475143,37.862797,12,3680cnr
2025-07-09 14:54:00,12.475143,37.862797,12,3680cnr
2025-07-09 15:04:00,12.475143,37.862797,12,3680cnr
2025-07-09 15:14:00,12.475143,37.862797,12,3680cnr
2025-07-09 15:24:00,12.475143,37.862797,12,3680cnr
2025-07-09 15:34:00,12.475143,37.862797,12,3680cnr
2025-07-09 15:44:00,12.475143,37.862797,12,3680cnr
2025-07-09 15:54:00,12.475143,37.862797,12,3680cnr
2025-07-09 16:04:00,12.475143,37.862797,12,3680cnr
2025-07-09 16:14:00,12.475143,37.862797,12,3680cnr
2025-07-09 16:24:00,12.475143,37.862797,12,3680cnr
2025-07-09 16:34:00,12.475143,37.862797,12,3680cnr
2025-07-09 16:44:00,12.475143,37.862797,12,3680cnr
2025-07-09 16:54:00,12.475143,37.862797,12,3680cnr
2025-07-09 17:04:00,12.475143,37.862797,12,3680cnr
2025-07-09 17:14:00,12.475143,37.862797,12,3680cnr
2025-07-09 17:24:00,12.475143,37.862797,12,3680cnr
2025-07-09 17:34:00,12.475186,37.86233,12,3680cnr
2025-07-09 17:44:00,12.475186,37.86233,12,3680cnr
2025-07-09 17:54:00,12.475186,37.86233,12,3680cnr
2025-07-09 18:04:00,12.475186,37.86233,12,3680cnr
2025-07-09 18:14:00,12.475186,37.86233,12,3680cnr
2025-07-09 18:24:00,12.475186,37.86233,12,3680cnr
2025-07-09 18:34:00,12.475186,37.86233,12,3680cnr
2025-07-09 18:44:00,12.475186,37.86233,12,3680cnr
2025-07-09 18:54:00,12.475186,37.86233,12,3680cnr
2025-07-09 19:04:00,12.475186,37.86233,12,3680cnr
2025-07-09 19:14:00,12.475186,37.86233,12,3680cnr
2025-07-09 19:24:00,12.475186,37.86233,12,3680cnr
2025-07-09 19:34:00,12.475186,37.86233,12,3680cnr
2025-07-09 19:44:00,12.475186,37.86233,12,3680cnr
2025-07-09 19:54:00,12.475186,37.86233,12,3680cnr
2025-07-09 20:04:00,12.475186,37.86233,12,3680cnr
2025-07-09 20:14:00,12.475186,37.86233,12,3680cnr
2025-07-09 20:24:00,12.475186,37.86233,12,3680cnr
2025-07-09 20:34:00,12.475186,37.86233,12,3680cnr
2025-07-09 20:44:00,12.475186,37.86233,12,3680cnr
2025-07-09 20:54:00,12.475186,37.86233,12,3680cnr
2025-07-09 21:04:00,12.475186,37.86233,12,3680cnr
2025-07-09 21:14:00,12.475186,37.86233,12,3680cnr
2025-07-09 21:24:00,12.475186,37.86233,12,3680cnr
2025-07-09 21:34:00,12.475186,37.86233,12,3680cnr
2025-07-09 21:44:00,12.475186,37.86233,12,3680cnr
2025-07-09 21:54:00,12.475186,37.86233,12,3680cnr
2025-07-09 22:04:00,12.475186,37.86233,12,3680cnr
2025-07-09 22:14:00,12.475186,37.86233,12,3680cnr
2025-07-09 22:24:00,12.475186,37.86233,12,3680cnr
2025-07-09 22:34:00,12.475186,37.86233,12,3680cnr
2025-07-09 22:44:00,12.475186,37.86233,12,3680cnr
2025-07-09 22:54:00,12.475186,37.86233,12,3680cnr
2025-07-09 23:04:00,12.475186,37.86233,12,3680cnr
2025-07-09 23:14:00,12.475186,37.86233,12,3680cnr
2025-07-09 23:24:00,12.475186,37.86233,12,3680cnr
2025-07-09 23:34:00,12.475186,37.86233,12,3680cnr
2025-07-09 23:44:00,12.475186,37.86233,12,3680cnr
2025-07-09 23:54:00,12.475186,37.86233,12,3680cnr
2025-07-10 00:04:00,12.475186,37.86233,12,3680cnr
