time,BocaNord,BocaSud,AltaVilaEst
2025-07-01 00:00:00,0.0,0.0,0.0
2025-07-01 00:10:00,-0.0018403786971017547,-0.0010957158447679242,0.0002629922303285664
2025-07-01 00:20:00,0.04661417502809204,-0.0019572788465528983,0.0009735417176124682
2025-07-01 00:30:00,1.0999914681712706,0.8707424815125533,0.005192111093795858
2025-07-01 00:40:00,1.057355472266967,0.7676928097791275,0.2360490609663309
2025-07-01 00:50:00,0.41882191754779796,0.6438717674454568,0.31031124613954797
2025-07-01 01:00:00,-0.05333744599632633,0.5502975239246557,0.23693403738967303
2025-07-01 01:10:00,-0.2037330146062476,0.1675620486391387,0.29030582403340577
2025-07-01 01:20:00,0.8104478635546226,0.5605579795708501,0.3394801941177372
2025-07-01 01:30:00,1.4325271259229668,0.7509360335205342,0.5524727827170992
2025-07-01 01:40:00,0.05376893432895338,0.5813213445821468,0.6435412143694088
2025-07-01 01:50:00,0.514851613452786,0.43753530463119006,0.4512101888805131
2025-07-01 02:00:00,0.15963411653117432,0.4872007301806548,0.5397269512813148
2025-07-01 02:10:00,0.4337012861483853,0.3110978747445304,0.5498698550827861
2025-07-01 02:20:00,1.4284756538070942,0.5925244510554653,0.5447160380888432
2025-07-01 02:30:00,0.37482719157332073,0.662110037542512,0.7119638981979509
2025-07-01 02:40:00,0.17931978003561594,0.5687438148051589,0.5252125586209349
2025-07-01 02:50:00,0.28535330577450724,0.4903233521809745,0.4549889905230141
2025-07-01 03:00:00,0.10376376423916028,0.35157675978621544,0.5507564095181289
2025-07-01 03:10:00,0.5005884821404818,0.241932153517068,0.5803959097526852
2025-07-01 03:20:00,0.8335095121271828,0.5559731084746401,0.6028921149847103
2025-07-01 03:30:00,0.1546372237632631,0.5732748675270777,0.5566148237150297
2025-07-01 03:40:00,0.44850186491468247,0.45405521749459427,0.4213765552566881
2025-07-01 03:50:00,0.32918831180506264,0.39975646055899855,0.4538740678579993
2025-07-01 04:00:00,0.24042001024794504,0.26130088262627965,0.5046985994083051
2025-07-01 04:10:00,0.7194963638149869,0.3364863015266091,0.49773784041642766
2025-07-01 04:20:00,0.4320265159440094,0.44148859277964614,0.4959477541773857
2025-07-01 04:30:00,0.20264964835391533,0.39877569870359786,0.42205409063193255
2025-07-01 04:40:00,0.33566266939618283,0.3711118567011414,0.35262490118950035
2025-07-01 04:50:00,0.18621672603891906,0.3222366701069391,0.37946070894968403
2025-07-01 05:00:00,0.3571837164944034,0.2057809342917461,0.3988496651807806
2025-07-01 05:10:00,0.4923236274742025,0.3492115752265626,0.3972204565386565
2025-07-01 05:20:00,0.2863412123940751,0.327796417668353,0.39137610989663807
2025-07-01 05:30:00,0.16027196535804594,0.3241487985578911,0.32419167421984274
2025-07-01 05:40:00,0.3022528235765278,0.27590200425873607,0.2820023939936395
2025-07-01 05:50:00,0.1718520375432658,0.24047998828217362,0.3129609097769246
2025-07-01 06:00:00,0.36119696582051886,0.2030451783135806,0.3177684997365807
2025-07-01 06:10:00,0.3627510436134877,0.3109379891739996,0.32153863011853373
2025-07-01 06:20:00,0.184629032677003,0.2767444727970742,0.3038549258282748
2025-07-01 06:30:00,0.20798361720965425,0.2514464480239857,0.25149148810546446
2025-07-01 06:40:00,0.2374108752577394,0.23852956586676752,0.2311419751500457
2025-07-01 06:50:00,0.22226727822633918,0.18546895635236832,0.2663999869497546
2025-07-01 07:00:00,0.3238518599696009,0.23789311812349814,0.26183542147050887
2025-07-01 07:10:00,0.28363544809827024,0.25652090006860034,0.26046523627413753
2025-07-01 07:20:00,0.13255675093871935,0.2472377213526045,0.2420402515346358
2025-07-01 07:30:00,0.2609386491419304,0.22783880797690345,0.20263950659775012
2025-07-01 07:40:00,0.21934131525372924,0.21263132400038204,0.21357726405134742
2025-07-01 07:50:00,0.24454618549438828,0.18907456944538087,0.23746546894046225
2025-07-01 08:00:00,0.31765962261842456,0.2534386322056907,0.23916821803296898
2025-07-01 08:10:00,0.22128453901582698,0.24898277832704085,0.23548136635282108
2025-07-01 08:20:00,0.19078982618839924,0.23570141004824874,0.21241859713355798
2025-07-01 08:30:00,0.27630514557580377,0.2303378949848991,0.19120488395540458
2025-07-01 08:40:00,0.22461333297066072,0.20815360331452912,0.2248619356288019
2025-07-01 08:50:00,0.27456286065024893,0.22727439292663634,0.23876151356356473
2025-07-01 09:00:00,0.3078187469665482,0.2614745892115465,0.2421351265116239
2025-07-01 09:10:00,0.19866285431169553,0.25187712218600744,0.23366734630967229
2025-07-01 09:20:00,0.2575402429526561,0.2434392115993878,0.20920770763071309
2025-07-01 09:30:00,0.2651388760692427,0.23936325964163016,0.21363995744383105
2025-07-01 09:40:00,0.24576260124656088,0.230963698715971,0.24016699093043303
2025-07-01 09:50:00,0.30953619559534484,0.26115301384587525,0.24717059905189856
2025-07-01 10:00:00,0.2741329278883226,0.2681977326841335,0.24738075635815102
2025-07-01 10:10:00,0.2358237562703163,0.25827302350499864,0.23370270560421608
2025-07-01 10:20:00,0.3086178820902311,0.25789380044403204,0.22008281439415694
2025-07-01 10:30:00,0.2738611335341813,0.25673959495233495,0.23614135780110385
2025-07-01 10:40:00,0.28206126810113924,0.2585210705976205,0.250504103105092
2025-07-01 10:50:00,0.30955089077973286,0.27907424755982885,0.2556866379534978
2025-07-01 11:00:00,0.26613335658364917,0.2759777416467207,0.25279858571828046
2025-07-01 11:10:00,0.2685523478916158,0.26431252164828284,0.2417025157278707
2025-07-01 11:20:00,0.2995789679154956,0.26073808025207,0.2418585047224913
2025-07-01 11:30:00,0.28908124269013447,0.2646432750744368,0.25728553583909786
2025-07-01 11:40:00,0.3023219020168173,0.2684197531270694,0.2642071002990489
2025-07-01 11:50:00,0.3038068492704935,0.27488676604958606,0.2617327092233411
2025-07-01 12:00:00,0.26989386938891824,0.26827038711991846,0.25356509003528266
2025-07-01 12:10:00,0.3000534253415659,0.25595202504637776,0.24495121376887177
2025-07-01 12:20:00,0.29247461469501,0.2608724338649532,0.24755221491424992
2025-07-01 12:30:00,0.28480248867820995,0.24807893479957344,0.2542656948398728
2025-07-01 12:40:00,0.2907016995834309,0.25082797989194267,0.252867560737962
2025-07-01 12:50:00,0.2945593883610706,0.25245156792090406,0.2463724395467135
2025-07-01 13:00:00,0.26229204573444387,0.2413405163220728,0.2363092049265218
2025-07-01 13:10:00,0.28193621707158983,0.23404888218177544,0.22569785771006953
2025-07-01 13:20:00,0.2680365904691597,0.23082181034819127,0.22237820258775703
2025-07-01 13:30:00,0.2581637726780865,0.22141508572583596,0.22046218777655435
2025-07-01 13:40:00,0.2744905545434134,0.2221184179692036,0.21336084231320462
2025-07-01 13:50:00,0.25061043386950926,0.2096359985816549,0.20577948636369464
2025-07-01 14:00:00,0.2503695819975406,0.2030578842223257,0.19620707126121717
2025-07-01 14:10:00,0.25485504953496063,0.1949222225770215,0.1884955638704548
2025-07-01 14:20:00,0.23681023584540495,0.1889776668562602,0.18413689095592803
2025-07-01 14:30:00,0.2326834882929273,0.1804381909958194,0.17814009178172147
2025-07-01 14:40:00,0.24187309680913116,0.17710680104099916,0.17058150888416107
2025-07-01 14:50:00,0.2159161197929891,0.17351603849721908,0.16427439180300976
2025-07-01 15:00:00,0.22342881938831088,0.15994854985350157,0.15657503670664388
2025-07-01 15:10:00,0.2229433439551066,0.15897970644833162,0.14936065480874489
2025-07-01 15:20:00,0.21103540918701483,0.14918892435914025,0.14356897915264813
2025-07-01 15:30:00,0.21899931020484678,0.1477009365796292,0.1377933599186581
2025-07-01 15:40:00,0.21864912998299119,0.15225560466313792,0.13130050808703073
2025-07-01 15:50:00,0.20147470298643821,0.14415610850115457,0.12507181500634004
2025-07-01 16:00:00,0.21012603982266986,0.14048048946383102,0.11753884643028628
2025-07-01 16:10:00,0.19516751699152257,0.1444258737134059,0.11141550945643362
2025-07-01 16:20:00,0.19544658121626865,0.13844242133370666,0.10757640390914706
2025-07-01 16:30:00,0.1969294583650527,0.13900092428668095,0.10302824640020378
2025-07-01 16:40:00,0.18930790115249785,0.13413403404675595,0.09733490037426398
2025-07-01 16:50:00,0.18589824377313538,0.13396902434817337,0.09167225287218339
2025-07-01 17:00:00,0.1976395320363991,0.13548685824946588,0.08621270743647956
2025-07-01 17:10:00,0.19282095561189416,0.13537134179900423,0.08205662121335364
2025-07-01 17:20:00,0.1928083063313986,0.13317267244456488,0.07868227959918643
2025-07-01 17:30:00,0.1922393805006415,0.13596090669518854,0.07555684060772218
2025-07-01 17:40:00,0.18920476595275884,0.13393965700455296,0.0739320172878291
2025-07-01 17:50:00,0.1916524242703435,0.13827186092636393,0.07459787286658015
2025-07-01 18:00:00,0.19929200786406515,0.14141495508015195,0.07527892885891245
2025-07-01 18:10:00,0.19335785597350966,0.14382209789802852,0.0754462711964726
2025-07-01 18:20:00,0.19893218024472226,0.1439369288041896,0.07794187641264658
2025-07-01 18:30:00,0.21000675940035518,0.1517597328942555,0.08350833277361941
2025-07-01 18:40:00,0.2004950901298877,0.14931449014279863,0.09091216135939667
2025-07-01 18:50:00,0.2122756999028097,0.15260337780751868,0.0994385179940763
2025-07-01 19:00:00,0.2048765258528461,0.1582838299079322,0.10862329068674403
2025-07-01 19:10:00,0.21345240295593795,0.1652056544379502,0.11834197933247416
2025-07-01 19:20:00,0.22138255648851782,0.17091932848812216,0.1268721851991469
2025-07-01 19:30:00,0.23660441486131556,0.17382217433226374,0.13473402502367365
2025-07-01 19:40:00,0.21874474724268855,0.1782552647819966,0.14415417524032104
2025-07-01 19:50:00,0.2408079924960571,0.18073647363285025,0.15556462527099216
2025-07-01 20:00:00,0.2407736844042443,0.1859926051841818,0.16615192329817333
2025-07-01 20:10:00,0.2511201256343385,0.19529290128302,0.17481129883743737
2025-07-01 20:20:00,0.25398669829602716,0.19449500518826807,0.18102658681938533
2025-07-01 20:30:00,0.2634597717180809,0.1985638688813688,0.1876435934687869
2025-07-01 20:40:00,0.25861343258737973,0.20241111322344896,0.19437974579906617
2025-07-01 20:50:00,0.27739675075384074,0.20790365445486675,0.20089298153363078
2025-07-01 21:00:00,0.2779456287460764,0.21140988446467837,0.20677094046361183
2025-07-01 21:10:00,0.28563530622758904,0.21730590810461067,0.21175607491483636
2025-07-01 21:20:00,0.29144003483259434,0.2239879314573176,0.21480598282656513
2025-07-01 21:30:00,0.3007852603051543,0.22690521790567975,0.21801675210862537
2025-07-01 21:40:00,0.3107881433825759,0.23098631968933042,0.2220443826904726
2025-07-01 21:50:00,0.3160242610594477,0.23904072426811213,0.2279590437797275
2025-07-01 22:00:00,0.3260473863429269,0.24206513068959803,0.23388619465946628
2025-07-01 22:10:00,0.32448773534048586,0.24550949039638453,0.23801414360711542
2025-07-01 22:20:00,0.335816549536923,0.25028622807903755,0.24242266884310798
2025-07-01 22:30:00,0.33890378709187646,0.25143049998290296,0.24859877203734995
2025-07-01 22:40:00,0.34487473340818015,0.25592240655005305,0.25449361931278675
2025-07-01 22:50:00,0.3465905749033018,0.2598900973921863,0.25925418560959046
2025-07-01 23:00:00,0.3547762736827082,0.26362791823668397,0.2636609337855214
2025-07-01 23:10:00,0.35735958031308734,0.2654839736516469,0.2656170578523931
2025-07-01 23:20:00,0.3623054947454214,0.26713594207800934,0.26829825165901433
2025-07-01 23:30:00,0.36050859562283294,0.26429589405380166,0.27141263469163296
2025-07-01 23:40:00,0.368687295631161,0.26658500037452,0.275126200973319
2025-07-01 23:50:00,0.370737635812744,0.27044852229204586,0.2764796468193939
2025-07-02 00:00:00,0.37240516921429523,0.2675736686047466,0.27620593375440683
2025-07-02 00:10:00,0.37188831501410763,0.2691674967287283,0.2749010956318515
2025-07-02 00:20:00,0.37127992202714527,0.26770307881355443,0.2725938117323268
2025-07-02 00:30:00,0.37088763881586073,0.2672715431016718,0.2702936890594473
2025-07-02 00:40:00,0.3759783521878016,0.26543134460377227,0.2690028788676157
2025-07-02 00:50:00,0.3702507077400354,0.2635061609795782,0.2665754992723033
2025-07-02 01:00:00,0.37076282013287987,0.26018505116566315,0.2636257935023397
2025-07-02 01:10:00,0.36572822764793544,0.2565938736010952,0.2607452501151162
2025-07-02 01:20:00,0.3641216375771927,0.25325615185579,0.25854602420449296
2025-07-02 01:30:00,0.36228798267968676,0.25156378952052333,0.2555986899535589
2025-07-02 01:40:00,0.35461908118114643,0.24609047678105722,0.25178528686640583
2025-07-02 01:50:00,0.35095835241942996,0.2393888398413366,0.2477329914797326
2025-07-02 02:00:00,0.3478671797515148,0.23610642260096268,0.24418313353374305
2025-07-02 02:10:00,0.3377247112474101,0.23007108420738062,0.24057980911162555
2025-07-02 02:20:00,0.3332678379998305,0.2232545791620219,0.23584967506891308
2025-07-02 02:30:00,0.32834108985565147,0.21741520779815224,0.23107791192584548
2025-07-02 02:40:00,0.3165319090067551,0.21061531685002133,0.22527354765237825
2025-07-02 02:50:00,0.31567017082039067,0.20290717643603584,0.21921555503150458
2025-07-02 03:00:00,0.3050133899247389,0.19759660870400633,0.21326063148847516
2025-07-02 03:10:00,0.2960829283003991,0.1890955737241398,0.20680781957325378
2025-07-02 03:20:00,0.29097491557408334,0.1814849281686758,0.20077370696999502
2025-07-02 03:30:00,0.2854610457411644,0.17629521114721985,0.19467697132996284
2025-07-02 03:40:00,0.2709194875205432,0.1700540694136016,0.18760634861741993
2025-07-02 03:50:00,0.268601304540052,0.16121416706202826,0.1809599514412445
2025-07-02 04:00:00,0.25984087726658583,0.15476318291652258,0.17431758254625576
2025-07-02 04:10:00,0.2499252960433373,0.14929917955156458,0.1676097799651779
2025-07-02 04:20:00,0.24501357042046168,0.1429603026953951,0.16130479384256732
2025-07-02 04:30:00,0.23281215386328888,0.13704138518019968,0.15465337672936957
2025-07-02 04:40:00,0.22907648035866232,0.13079923784631498,0.14829067395972131
2025-07-02 04:50:00,0.2197184537231666,0.12485519774643365,0.14230795692876538
2025-07-02 05:00:00,0.2171053615924915,0.12009096044910476,0.1363596657051158
2025-07-02 05:10:00,0.20649601092163503,0.11740219162474862,0.130217695568127
2025-07-02 05:20:00,0.20094533710269324,0.11208138231705889,0.12421618547742905
2025-07-02 05:30:00,0.1960506005672417,0.10764466402643795,0.11832731581948237
2025-07-02 05:40:00,0.1866759171023116,0.10327779280320454,0.11302659584035832
2025-07-02 05:50:00,0.18604329069568962,0.10134203292509704,0.10825783861214193
2025-07-02 06:00:00,0.17925568063460257,0.09762464266348722,0.10382604110027029
2025-07-02 06:10:00,0.17609889878618856,0.09448391550440743,0.09969353779643078
2025-07-02 06:20:00,0.17141117203599238,0.09253036591546054,0.09569521876318399
2025-07-02 06:30:00,0.17055730954759116,0.09269839075670433,0.09185803703410048
2025-07-02 06:40:00,0.16646345935003204,0.0892558975109019,0.08874423077855179
2025-07-02 06:50:00,0.16746961147208209,0.08951121613462922,0.08634024562426415
2025-07-02 07:00:00,0.16461841098721253,0.09034138920589856,0.08472155834261298
2025-07-02 07:10:00,0.1636099263731517,0.08876278606077916,0.08357089195954416
2025-07-02 07:20:00,0.1631293495578568,0.0895922038633,0.08279561441623512
2025-07-02 07:30:00,0.16413714718217165,0.09006430327395748,0.08298970936486463
2025-07-02 07:40:00,0.1645810180931965,0.09011720596898555,0.08386575220270001
2025-07-02 07:50:00,0.16687960165798948,0.09155626674510269,0.08524521162329778
2025-07-02 08:00:00,0.17994831615456688,0.09582227914881394,0.0870693319291755
2025-07-02 08:10:00,0.18020663441433368,0.09722783995824277,0.08946517506581853
2025-07-02 08:20:00,0.1794598503270615,0.10262900721265142,0.09211642930475862
2025-07-02 08:30:00,0.17781371418242786,0.10333590293492412,0.09414019083054197
2025-07-02 08:40:00,0.1821532281773525,0.10761350238835597,0.09616820502028392
2025-07-02 08:50:00,0.18400804078468797,0.10925946381242223,0.09869649003618314
2025-07-02 09:00:00,0.19533027366042904,0.1157835278389172,0.10131499427064146
2025-07-02 09:10:00,0.1923918373390499,0.11751849073301879,0.1044610778108866
2025-07-02 09:20:00,0.20370334693029482,0.12125163276376245,0.10700816048274936
2025-07-02 09:30:00,0.2065282069885464,0.1254054996336874,0.1108333790981364
2025-07-02 09:40:00,0.21365601290611136,0.12855207657958273,0.11415848395542672
2025-07-02 09:50:00,0.21824608585016675,0.13374632684845048,0.11739863881960097
2025-07-02 10:00:00,0.21995441973180835,0.13709964577577996,0.11965933769183858
2025-07-02 10:10:00,0.2272781201203358,0.1402842709998711,0.12322741313621989
2025-07-02 10:20:00,0.23303475057016798,0.14572212052601466,0.12693791915105174
2025-07-02 10:30:00,0.2414065728638611,0.15172436275802387,0.13097245592822684
2025-07-02 10:40:00,0.24062125915757215,0.15478114372986132,0.13472345775722658
2025-07-02 10:50:00,0.2427498581545016,0.15392432022693298,0.1391664635238876
2025-07-02 11:00:00,0.24802932484203014,0.15993762334326905,0.14382724254991866
2025-07-02 11:10:00,0.25372190861429905,0.15964070206975686,0.1483326675475413
2025-07-02 11:20:00,0.2636154375505871,0.16208267279977703,0.15256313247459008
2025-07-02 11:30:00,0.2583583501281463,0.16866944720125468,0.15653430769080875
2025-07-02 11:40:00,0.2684076203642595,0.16810596040171027,0.16026328291807224
2025-07-02 11:50:00,0.2742813400468234,0.17213696691228547,0.16394996829042077
2025-07-02 12:00:00,0.2741806580309332,0.17358050306121617,0.16798310425103238
2025-07-02 12:10:00,0.2721644664899631,0.17888098763342056,0.1713508117805493
2025-07-02 12:20:00,0.2756411314180471,0.1743498017746884,0.17570750804221028
2025-07-02 12:30:00,0.2731492434678133,0.17874391791478345,0.17855443110044605
2025-07-02 12:40:00,0.27446727879502414,0.1771947353041292,0.18076392578743786
2025-07-02 12:50:00,0.2732490201477077,0.1781621518674077,0.18289115868832007
2025-07-02 13:00:00,0.2743885169848854,0.17646570368538506,0.18343540574443568
2025-07-02 13:10:00,0.27369055028403905,0.1784920546001326,0.1842005779027736
2025-07-02 13:20:00,0.27941950415730554,0.1740036295389531,0.1846750144059995
2025-07-02 13:30:00,0.2698064934792367,0.17452241245893343,0.183180583817315
2025-07-02 13:40:00,0.2704834662926871,0.1710727964380437,0.1804678346931355
2025-07-02 13:50:00,0.2665453458088278,0.1678088887280273,0.17761938073281275
2025-07-02 14:00:00,0.2665187864193445,0.1665498748476667,0.17365920084256245
2025-07-02 14:10:00,0.2626609704806588,0.16252560056493456,0.16878851977676762
2025-07-02 14:20:00,0.256058748713017,0.16067815048279888,0.16380938757973018
2025-07-02 14:30:00,0.2590947901943332,0.1595086259551403,0.15801993303304449
2025-07-02 14:40:00,0.25195567467891283,0.15155066551365617,0.15309419480473538
2025-07-02 14:50:00,0.2473140157112321,0.1532898606350684,0.14822117892052109
2025-07-02 15:00:00,0.25201122008627763,0.14865254296614855,0.14336215554189263
2025-07-02 15:10:00,0.23847478733833163,0.14703546331266296,0.13958431609902597
2025-07-02 15:20:00,0.2363717183404709,0.14115837585947535,0.1355663318444812
2025-07-02 15:30:00,0.24220289743596252,0.14162155948931995,0.1320374018328105
2025-07-02 15:40:00,0.22307709884733246,0.1380318088027779,0.1291454243856433
2025-07-02 15:50:00,0.22917805750926407,0.1345622520553786,0.12707934905839308
2025-07-02 16:00:00,0.22470944663151307,0.13638806405639137,0.12447927483113007
2025-07-02 16:10:00,0.21180574770914856,0.12804753151491385,0.12223046462173538
2025-07-02 16:20:00,0.21219417987399516,0.12973384361148604,0.12114878941351113
2025-07-02 16:30:00,0.21529189363103474,0.12451641364632761,0.11990034035004221
2025-07-02 16:40:00,0.20520458534561692,0.12398214063066419,0.11959927661752501
2025-07-02 16:50:00,0.20732711008942156,0.1246800567807942,0.11836659764575806
2025-07-02 17:00:00,0.20194260718922166,0.12217068585187123,0.11631365068156774
2025-07-02 17:10:00,0.19489538614628732,0.12168394914034214,0.11537473417805466
2025-07-02 17:20:00,0.20189296254139305,0.12311686042089104,0.11419659402455032
2025-07-02 17:30:00,0.19500334919149492,0.1227753902524523,0.11344632748370063
2025-07-02 17:40:00,0.1952201864207916,0.12238429943891102,0.1136685913883263
2025-07-02 17:50:00,0.19562061110014373,0.12675469646525434,0.1137827260359774
2025-07-02 18:00:00,0.18947522050836654,0.12157675882422614,0.11426962098744528
2025-07-02 18:10:00,0.19130918015439397,0.1250368224372804,0.1147843496677529
2025-07-02 18:20:00,0.1968131565531364,0.12377469449277768,0.11591622305183324
2025-07-02 18:30:00,0.18986619470991614,0.1261999499708798,0.11792996309148582
2025-07-02 18:40:00,0.18860200494241117,0.12382897825921883,0.11972147732625944
2025-07-02 18:50:00,0.18981955172380688,0.12386355978644076,0.12169985659717368
2025-07-02 19:00:00,0.19127029559592545,0.12462016497098068,0.12445581625851765
2025-07-02 19:10:00,0.20064524011936605,0.12982286478156368,0.12660132572392888
2025-07-02 19:20:00,0.19701990298125682,0.1300809135994528,0.12760923355364043
2025-07-02 19:30:00,0.19712083296646185,0.13297636956101158,0.12807269139763777
2025-07-02 19:40:00,0.2020466522057324,0.13441364267313072,0.12916345026975523
2025-07-02 19:50:00,0.20272263056034542,0.13522602845905093,0.13202297203268493
2025-07-02 20:00:00,0.21090234001572727,0.13705385247947652,0.13541085623249402
2025-07-02 20:10:00,0.21597775249502194,0.14188562691490683,0.13869279463200204
2025-07-02 20:20:00,0.21495114254668007,0.14230329621360127,0.14126670092989652
2025-07-02 20:30:00,0.21851221220766212,0.14577562198173977,0.1430218931930044
2025-07-02 20:40:00,0.22687436078210205,0.14763112188315441,0.1444236061151263
2025-07-02 20:50:00,0.2275695447130083,0.14995562870259768,0.1470589343659934
2025-07-02 21:00:00,0.23207400642462803,0.15497685448235754,0.1511017274398862
2025-07-02 21:10:00,0.2496840499719707,0.1560856577884639,0.15525980276095708
2025-07-02 21:20:00,0.24420831806947607,0.16624680616176382,0.15888070620167086
2025-07-02 21:30:00,0.2628358641643369,0.1663403053106283,0.1619805759149286
2025-07-02 21:40:00,0.266951706494362,0.1686406140946455,0.1651148851093071
2025-07-02 21:50:00,0.2617764731610958,0.17467495160031438,0.16839954961371048
2025-07-02 22:00:00,0.28087608453217344,0.17901793639377825,0.17251400114241555
2025-07-02 22:10:00,0.27654950377107956,0.18135017052806401,0.17636751644283144
2025-07-02 22:20:00,0.2859555491014249,0.18436852182639243,0.1804189073302563
2025-07-02 22:30:00,0.29593327638323397,0.19093033357254074,0.18476184283182573
2025-07-02 22:40:00,0.2971530646552359,0.1902469667739741,0.18892137322165437
2025-07-02 22:50:00,0.2989435843981749,0.19439526554277597,0.19284351667276678
2025-07-02 23:00:00,0.3106071691876413,0.19704934691129436,0.1967443060764378
2025-07-02 23:10:00,0.3074823105470186,0.19815573435496622,0.20182440993194223
2025-07-02 23:20:00,0.31506306016991076,0.20190965758957366,0.20642916354486812
2025-07-02 23:30:00,0.3259028212465656,0.20438493951333722,0.21007973266346508
2025-07-02 23:40:00,0.31963797275619155,0.20776908096262317,0.21379910275296488
2025-07-02 23:50:00,0.3285863648421017,0.2065308203574613,0.21712206020014774
2025-07-03 00:00:00,0.32987636120568,0.20705710751759154,0.2197451506650216
2025-07-03 00:10:00,0.33474032455422953,0.20998365397618765,0.22167495046734642
2025-07-03 00:20:00,0.33516887465110945,0.21249133166294112,0.22191463777124
2025-07-03 00:30:00,0.3334001746615404,0.21199284990266729,0.22144002345373812
2025-07-03 00:40:00,0.3346773567444016,0.2122987957668208,0.22014126488389246
2025-07-03 00:50:00,0.34052906519152143,0.20998981964782323,0.21844463230934802
2025-07-03 01:00:00,0.3373978415990051,0.21241943262772603,0.21781971310284368
2025-07-03 01:10:00,0.33611044798679274,0.20891205432069498,0.21626412749980745
2025-07-03 01:20:00,0.3361136732884755,0.20495168221525364,0.21254560675467032
2025-07-03 01:30:00,0.33277721885846945,0.20410518613097156,0.20902924117218985
2025-07-03 01:40:00,0.3377861558046928,0.20212571382314207,0.20593607596805025
2025-07-03 01:50:00,0.33692429254016054,0.20158688199157573,0.20297451920599058
2025-07-03 02:00:00,0.33094777738892656,0.19898046030204222,0.200477127370967
2025-07-03 02:10:00,0.3278926133577677,0.1937366571404731,0.1986683957193627
2025-07-03 02:20:00,0.33119664526787485,0.19155607565850527,0.19652912038232548
2025-07-03 02:30:00,0.32266870569975914,0.18557509176416442,0.19466050496452697
2025-07-03 02:40:00,0.3183517617069728,0.1845224175166433,0.19178554758528948
2025-07-03 02:50:00,0.3173284552193563,0.17961375128151305,0.18795497676927275
2025-07-03 03:00:00,0.31106385621226756,0.174985405237916,0.18465223427462296
2025-07-03 03:10:00,0.30791873891429955,0.17301007127120485,0.18079841100820918
2025-07-03 03:20:00,0.3022938741698123,0.1647911715265234,0.17631062686222349
2025-07-03 03:30:00,0.2950278759434439,0.1615798215995363,0.17206542345079315
2025-07-03 03:40:00,0.28185334199346235,0.15357107232928646,0.167436743634926
2025-07-03 03:50:00,0.2831790259462457,0.144405027209573,0.16304828953459582
2025-07-03 04:00:00,0.285756468563756,0.14339485467950386,0.15864839353709745
2025-07-03 04:10:00,0.2660988314141861,0.13995963845481538,0.15334137018993438
2025-07-03 04:20:00,0.26376786814325803,0.1320102760749587,0.1475660345311224
2025-07-03 04:30:00,0.25664640416424134,0.13035861332270407,0.14100233952023059
2025-07-03 04:40:00,0.25043022372443446,0.11935821387766073,0.13537471476882404
2025-07-03 04:50:00,0.24409291958838183,0.12345977385293398,0.1303672910593796
2025-07-03 05:00:00,0.23961677233026032,0.11226675805857445,0.12558832267788755
2025-07-03 05:10:00,0.22709722673415772,0.10923633190827756,0.12051885491729833
2025-07-03 05:20:00,0.22059862809563513,0.10463490469162012,0.11533153010595204
2025-07-03 05:30:00,0.21469326591508922,0.09764733748947738,0.11009078620950721
2025-07-03 05:40:00,0.20947658661631194,0.09369980331606452,0.10510802174600795
2025-07-03 05:50:00,0.20260132171838266,0.08878148989460061,0.10055559061319327
2025-07-03 06:00:00,0.19804237203264238,0.08405317013821388,0.09611489713462505
2025-07-03 06:10:00,0.19281343556438385,0.08351748139154769,0.09116036082362833
2025-07-03 06:20:00,0.18471513563419786,0.07856293547267136,0.08596992766283322
2025-07-03 06:30:00,0.18220399406652055,0.07541764284939444,0.08129027309758409
2025-07-03 06:40:00,0.18000003426682337,0.07356115276345276,0.07713245891948016
2025-07-03 06:50:00,0.17145958196664238,0.07176476367798185,0.07356117536723723
2025-07-03 07:00:00,0.17174544487018192,0.06910190984458554,0.06957530842099471
2025-07-03 07:10:00,0.16262304907980152,0.06824575561116038,0.06536142855419524
2025-07-03 07:20:00,0.16188397452385378,0.06494043075130239,0.061863397262823
2025-07-03 07:30:00,0.16176513141977208,0.06288677103869544,0.058635475913622746
2025-07-03 07:40:00,0.15431158989559032,0.06262864152938258,0.05580787947821694
2025-07-03 07:50:00,0.15565934622308714,0.06251502879361813,0.05303008273706571
2025-07-03 08:00:00,0.15647889378395283,0.0639986366498344,0.04966913775404357
2025-07-03 08:10:00,0.15490396154326064,0.06157370471903695,0.046421387087705546
2025-07-03 08:20:00,0.15726847064222452,0.06219936015781537,0.04400449835090363
2025-07-03 08:30:00,0.1550727051725069,0.0633566760847301,0.04245171987088631
2025-07-03 08:40:00,0.15575291873694375,0.06156512131255129,0.0423785432579349
2025-07-03 08:50:00,0.15342254811688213,0.06351185754169958,0.0423706871886694
2025-07-03 09:00:00,0.15778598929303028,0.06335197493491548,0.04261663082855388
2025-07-03 09:10:00,0.1558978435678697,0.06519322421220053,0.043021230712121016
2025-07-03 09:20:00,0.16058061607250287,0.06725571428460866,0.04350638170288519
2025-07-03 09:30:00,0.16645636612693707,0.0698789968724951,0.04421682112549182
2025-07-03 09:40:00,0.1692568118777952,0.07256383845136907,0.04530500582679249
2025-07-03 09:50:00,0.16923659278450676,0.0792265905223266,0.0465561933262714
2025-07-03 10:00:00,0.17537009742777443,0.08096149381197501,0.04815242554286016
2025-07-03 10:10:00,0.1762436060846662,0.08535130376483475,0.05094053043386536
2025-07-03 10:20:00,0.18407729483367072,0.08955780965290683,0.0555610753182787
2025-07-03 10:30:00,0.1910352761723438,0.0930608254538315,0.061244207136858284
2025-07-03 10:40:00,0.19275469071562706,0.09701167042446339,0.06641229817027726
2025-07-03 10:50:00,0.19401599090647417,0.0994000174348226,0.0712085632235531
2025-07-03 11:00:00,0.1971429463578105,0.10086739437276447,0.07591448834760775
2025-07-03 11:10:00,0.2026534998458338,0.10429222781724302,0.08023535578598062
2025-07-03 11:20:00,0.20628406255732665,0.11027790501889179,0.08465720917122478
2025-07-03 11:30:00,0.2147040842600067,0.11155240770604971,0.0892866397797524
2025-07-03 11:40:00,0.21772020626346048,0.115594776089556,0.09401489187466544
2025-07-03 11:50:00,0.22096823808360705,0.12099912664719262,0.09878550599472137
2025-07-03 12:00:00,0.22264825694250698,0.12207239066303417,0.10342508752797666
2025-07-03 12:10:00,0.2318220404648533,0.12411233073530274,0.1084370283002153
2025-07-03 12:20:00,0.23323745923579736,0.13032734960421924,0.11343058799978387
2025-07-03 12:30:00,0.2426880480338708,0.13054101873792723,0.11807611572050547
2025-07-03 12:40:00,0.23682560575256958,0.1359443706892654,0.1217441484734643
2025-07-03 12:50:00,0.24167582687858283,0.13682311460412877,0.12441029333917492
2025-07-03 13:00:00,0.2468578883567665,0.13717971257772388,0.1268405855741336
2025-07-03 13:10:00,0.24391173369203123,0.1434371950830214,0.12917416866377285
2025-07-03 13:20:00,0.24990891836686596,0.14085610178935695,0.13089287114270926
2025-07-03 13:30:00,0.2518762203908253,0.14113681582051193,0.13217816511555097
2025-07-03 13:40:00,0.25354162419764514,0.14870407794080803,0.13304409673345202
2025-07-03 13:50:00,0.2571634898152684,0.143422757861571,0.13353294890295164
2025-07-03 14:00:00,0.2590275975632765,0.14887392967607993,0.13331337018783374
2025-07-03 14:10:00,0.25415819160777026,0.14725730400015202,0.13270566217014804
2025-07-03 14:20:00,0.2559035286644901,0.1452677913885758,0.13341039911146974
2025-07-03 14:30:00,0.2573027876381476,0.14825804062704118,0.13517017331788156
2025-07-03 14:40:00,0.25580218454241227,0.14683319639800307,0.13607164157105528
2025-07-03 14:50:00,0.2560061909684104,0.14608054066399237,0.13551654942783029
2025-07-03 15:00:00,0.252711989375382,0.14692745748714922,0.13406158169413815
2025-07-03 15:10:00,0.25496383362296426,0.14494451406138237,0.13297922566176204
2025-07-03 15:20:00,0.24775372895409678,0.14353361335349285,0.1319378171427724
2025-07-03 15:30:00,0.2494186650988861,0.13998992655724077,0.12998910392287627
2025-07-03 15:40:00,0.245658334633991,0.14175757853698753,0.12850840805179176
2025-07-03 15:50:00,0.2468024885424764,0.13909328885421787,0.12654086601919434
2025-07-03 16:00:00,0.24174521915366565,0.13704143607267635,0.12414228288393302
2025-07-03 16:10:00,0.2418355577640796,0.13413137703695055,0.12119095248682867
2025-07-03 16:20:00,0.234409769067383,0.13278584033792204,0.1191067683336586
2025-07-03 16:30:00,0.23682429128959834,0.1299831727223556,0.11767527815373652
2025-07-03 16:40:00,0.22884649620711017,0.12647123414406025,0.11607191228700926
2025-07-03 16:50:00,0.2309725196517029,0.12470652346505072,0.11293708821638933
2025-07-03 17:00:00,0.21898263061144746,0.1232989439450475,0.10935569783170183
2025-07-03 17:10:00,0.22352370277507622,0.11799437671423721,0.10562250105651912
2025-07-03 17:20:00,0.21471992846077628,0.11855631415712575,0.1023314489227264
2025-07-03 17:30:00,0.2176386399231569,0.11421660452025734,0.09879637482440101
2025-07-03 17:40:00,0.21068862760837567,0.11231933924357966,0.09551935695509808
2025-07-03 17:50:00,0.21172612627209145,0.11080327584339505,0.09300190555050471
2025-07-03 18:00:00,0.20837588062942972,0.11127217244829078,0.09121373920398015
2025-07-03 18:10:00,0.20680753584172687,0.10830636647852766,0.08939104081929804
2025-07-03 18:20:00,0.20431717990619128,0.10778144242729158,0.08721618795905643
2025-07-03 18:30:00,0.19850826093536794,0.10365977003215944,0.0857490223472054
2025-07-03 18:40:00,0.19498914153004743,0.10613968825887804,0.08460331147507734
2025-07-03 18:50:00,0.1955019430428448,0.09960209446608669,0.08408452378273398
2025-07-03 19:00:00,0.19597480049103502,0.10112999895048323,0.08310882773599532
2025-07-03 19:10:00,0.19553635807660816,0.10198072452479079,0.08230714712865214
2025-07-03 19:20:00,0.19487679065125288,0.10265908266326423,0.07993560602356228
2025-07-03 19:30:00,0.19014104125108355,0.0995932557176166,0.07751242749167744
2025-07-03 19:40:00,0.19033266979335414,0.09622521171022064,0.07539609722228172
2025-07-03 19:50:00,0.1896760100615437,0.09718200470950487,0.0753842313723984
2025-07-03 20:00:00,0.19458525185213493,0.09613798438817395,0.07580167171660765
2025-07-03 20:10:00,0.19265110726174572,0.09737049683771129,0.0760315857475578
2025-07-03 20:20:00,0.1907540859676554,0.09868026107573069,0.07533727848942873
2025-07-03 20:30:00,0.19575862301858257,0.09732110640052437,0.07460943513357594
2025-07-03 20:40:00,0.19548757572686012,0.10143372807278789,0.0751958689492377
2025-07-03 20:50:00,0.1988318500333799,0.09815174148033448,0.0775923572558698
2025-07-03 21:00:00,0.2020187969648909,0.10125716151599111,0.08195134972542366
2025-07-03 21:10:00,0.20206504388286345,0.10278173381752378,0.08623977166774319
2025-07-03 21:20:00,0.20659433298943125,0.10420410905481914,0.09077742147742839
2025-07-03 21:30:00,0.21156430238822843,0.10771121752326182,0.09426432292495786
2025-07-03 21:40:00,0.21797193460526187,0.10885665945803955,0.09803733792229151
2025-07-03 21:50:00,0.21837881842151885,0.11488489444991999,0.1016916427107113
2025-07-03 22:00:00,0.2216669739557836,0.1142308383194931,0.10536117876570097
2025-07-03 22:10:00,0.22340715700602803,0.1181758478782808,0.10929172036875939
2025-07-03 22:20:00,0.22771729992711162,0.11765976956677847,0.11309616114316431
2025-07-03 22:30:00,0.23756080582690178,0.12201245974469457,0.11686601919635448
2025-07-03 22:40:00,0.24407544613315774,0.12986052649506946,0.1197018135946385
2025-07-03 22:50:00,0.24345828701798122,0.13169718585644366,0.12160599285218118
2025-07-03 23:00:00,0.2507524946953529,0.13720167668409608,0.12309106765076229
2025-07-03 23:10:00,0.25713201342665304,0.13517640486600402,0.12524716149880286
2025-07-03 23:20:00,0.2565640416436169,0.13943813255832496,0.12944028086538903
2025-07-03 23:30:00,0.2670823122667417,0.14354053198255204,0.13387942226452673
2025-07-03 23:40:00,0.26520010814037215,0.14308760617536392,0.13693455806643107
2025-07-03 23:50:00,0.2702564020785012,0.14699879552460413,0.13779680829982863
2025-07-04 00:00:00,0.2736615236421194,0.147541345630524,0.13771533871586678
2025-07-04 00:10:00,0.2723992839342592,0.15038268861911364,0.138709536285208
2025-07-04 00:20:00,0.2811356121535025,0.1484773333022696,0.14015477080894173
2025-07-04 00:30:00,0.2781168943528019,0.1505183620354793,0.14234225115180202
2025-07-04 00:40:00,0.2854951240123125,0.14987098584830358,0.14352480074474802
2025-07-04 00:50:00,0.284608907881706,0.15239787665914306,0.14344279680103145
2025-07-04 01:00:00,0.283302590173268,0.14758293200012287,0.1422246189070617
2025-07-04 01:10:00,0.28516406293778535,0.15167028206881153,0.14085897986623183
2025-07-04 01:20:00,0.2878979218706778,0.14764958702315925,0.14059352726428315
2025-07-04 01:30:00,0.29095096765858547,0.14766871163219747,0.14094763690459483
2025-07-04 01:40:00,0.2870146392694523,0.1512819363351751,0.14071541533557413
2025-07-04 01:50:00,0.28904182778207865,0.14377711896594078,0.14022510287737297
2025-07-04 02:00:00,0.28707147870310423,0.1461379293596164,0.14044277936778332
2025-07-04 02:10:00,0.28757613652100045,0.14111666775843998,0.14057461269698535
2025-07-04 02:20:00,0.28743549560056725,0.14259411139728592,0.14025483811715747
2025-07-04 02:30:00,0.2828141024551473,0.1396845668224368,0.1388606868712153
2025-07-04 02:40:00,0.28359112334397363,0.1384892795685483,0.1372232606619721
2025-07-04 02:50:00,0.2820584405928796,0.1383949932897011,0.13488487937406266
2025-07-04 03:00:00,0.278191125567291,0.1342670912548244,0.13123021141802904
2025-07-04 03:10:00,0.2760940562408013,0.13222208149924478,0.1280184055435694
2025-07-04 03:20:00,0.27007651453912923,0.1265520795759771,0.1255435141846922
2025-07-04 03:30:00,0.26669873014027223,0.12398370325103156,0.12400136558762868
2025-07-04 03:40:00,0.2629366562266165,0.12050728083410808,0.12204943074990822
2025-07-04 03:50:00,0.2602272331096794,0.11436623755263574,0.11935128481616862
2025-07-04 04:00:00,0.2566763756431663,0.1123586377274993,0.11639728493745846
2025-07-04 04:10:00,0.24842214337716523,0.10524769968493794,0.11287813041591209
2025-07-04 04:20:00,0.24223176049958395,0.10135827115954203,0.1091099281573764
2025-07-04 04:30:00,0.24088514470772054,0.09910140037181604,0.10499697839606129
2025-07-04 04:40:00,0.228933714800229,0.09177003770576019,0.10095289692098026
2025-07-04 04:50:00,0.2266052534466849,0.0885819110238734,0.09698485638236826
2025-07-04 05:00:00,0.22163939324509063,0.08141030718836051,0.0923377193509843
2025-07-04 05:10:00,0.20966101220625832,0.07517819175519579,0.08817745377051356
2025-07-04 05:20:00,0.2088334472991162,0.07552559249216015,0.08367315705097383
2025-07-04 05:30:00,0.20246939855444498,0.06667858931595708,0.07872464281787073
2025-07-04 05:40:00,0.19963662813037214,0.06298459255158344,0.07337046955043607
2025-07-04 05:50:00,0.1882859405501657,0.06002345276080646,0.0677401886137863
2025-07-04 06:00:00,0.1824205127681621,0.05334032396859098,0.06226737284676052
2025-07-04 06:10:00,0.18334637660805786,0.05074224411544172,0.05668087805950853
2025-07-04 06:20:00,0.1672514668669265,0.046566596378195275,0.05087800073344058
2025-07-04 06:30:00,0.1681204803553361,0.0417686846901305,0.04507014033668195
2025-07-04 06:40:00,0.16216972044672753,0.03930108694770309,0.038568559687193554
2025-07-04 06:50:00,0.15316557099747827,0.03380962652347512,0.03206311436035152
2025-07-04 07:00:00,0.15345057297468395,0.03281574126740338,0.025417558524664808
2025-07-04 07:10:00,0.1469715563829411,0.028639159224922436,0.018566197090131437
2025-07-04 07:20:00,0.1440082711726441,0.02689979384238801,0.012207920464001756
2025-07-04 07:30:00,0.14134338289636403,0.0252732857909869,0.005874897039286291
2025-07-04 07:40:00,0.1411742873995355,0.021729256139003606,4.2620685717294045e-07
2025-07-04 07:50:00,0.12831633649778806,0.020986402445374287,-0.005309203617466355
2025-07-04 08:00:00,0.12793467439003064,0.019998908079112834,-0.010675659524166506
2025-07-04 08:10:00,0.12432033884547025,0.015031957582553516,-0.015913765801477058
2025-07-04 08:20:00,0.12361114588009997,0.017552698248101323,-0.020514073534609337
2025-07-04 08:30:00,0.12423369389703352,0.02050642575828014,-0.025002533083888393
2025-07-04 08:40:00,0.12338757400854425,0.006184794208593499,-0.029386778757094438
2025-07-04 08:50:00,0.1146626466840421,0.020720899154150933,-0.033166136358493324
2025-07-04 09:00:00,0.1250017056949961,0.010149115952899308,-0.036788573869560706
2025-07-04 09:10:00,0.12552223176422148,0.015841192855816377,-0.040132649460935935
2025-07-04 09:20:00,0.1195130188148722,0.015907159400830064,-0.04298576424244863
2025-07-04 09:30:00,0.1252492407067725,0.017521221345186935,-0.04555636560465332
2025-07-04 09:40:00,0.12581545842686515,0.020840954529027806,-0.0469982384064536
2025-07-04 09:50:00,0.12716668463702216,0.023741303240540003,-0.0476603672158384
2025-07-04 10:00:00,0.13217517073199886,0.0253167920508734,-0.04775260883224894
2025-07-04 10:10:00,0.13190789166204722,0.027985847119286655,-0.04684565163373948
2025-07-04 10:20:00,0.12868500603214653,0.03592001876433396,-0.04451123680686189
2025-07-04 10:30:00,0.14174546829869214,0.029976378754884937,-0.04136126897656038
2025-07-04 10:40:00,0.14701682997752175,0.04136021880090811,-0.03780369272656763
2025-07-04 10:50:00,0.15133694480815083,0.04873229385244777,-0.03436635579597216
2025-07-04 11:00:00,0.15069929051119899,0.04617960477425411,-0.03130923511623852
2025-07-04 11:10:00,0.15137818766198605,0.04844082627029423,-0.029150461064382786
2025-07-04 11:20:00,0.16846591042762774,0.05449182537922167,-0.026513913754850627
2025-07-04 11:30:00,0.1686426786161587,0.06543827951360533,-0.02316953526142601
2025-07-04 11:40:00,0.17855842339622677,0.06098575211004346,-0.02029581612746161
2025-07-04 11:50:00,0.17202480846326115,0.06516692467636868,-0.017389731836941855
2025-07-04 12:00:00,0.19063039796976652,0.07670832414617816,-0.014703199417996814
2025-07-04 12:10:00,0.19357053446372105,0.08189951546564883,-0.012320102007870624
2025-07-04 12:20:00,0.19442620880373682,0.08088348587941543,-0.010007904218278803
2025-07-04 12:30:00,0.20453068725967827,0.08267931500946794,-0.00720618901442073
2025-07-04 12:40:00,0.20941887378638077,0.09155187057567374,-0.0031002305038642652
2025-07-04 12:50:00,0.2183758315125624,0.09526815672769877,0.0024276674492187595
2025-07-04 13:00:00,0.21921857795563568,0.1033166728378917,0.007478173223189331
2025-07-04 13:10:00,0.22959580322144513,0.0999232936419241,0.01321234876932355
2025-07-04 13:20:00,0.23031634930136874,0.10639371861281419,0.02033866294917956
2025-07-04 13:30:00,0.23430670157921232,0.10782814920484267,0.027823100301676385
2025-07-04 13:40:00,0.23780925808073466,0.10659582449493807,0.035717590876304786
2025-07-04 13:50:00,0.237019399834239,0.11261247312298375,0.04262612164157243
2025-07-04 14:00:00,0.24060563084479925,0.10811599526237889,0.049726425098608175
2025-07-04 14:10:00,0.2374821821240673,0.1154317111107989,0.05625669167089852
2025-07-04 14:20:00,0.25077442495811414,0.1159621305375636,0.06133180619465778
2025-07-04 14:30:00,0.2572286399157378,0.12244518937822206,0.06505077154499309
2025-07-04 14:40:00,0.25223526507104316,0.12080594090345669,0.06773504895443538
2025-07-04 14:50:00,0.26992609133973505,0.12863909244280855,0.0707509696268654
2025-07-04 15:00:00,0.2558178072989804,0.12161028666374275,0.07365484938280532
2025-07-04 15:10:00,0.25290458887800804,0.13084935594284938,0.07600108159740963
2025-07-04 15:20:00,0.26518507864687363,0.12619096775100688,0.07807616016444094
2025-07-04 15:30:00,0.27213197151294555,0.13047873866058624,0.0814090529907324
2025-07-04 15:40:00,0.2598699847820212,0.13875446800614324,0.08478350221879877
2025-07-04 15:50:00,0.2698214955092362,0.12668584977681932,0.08571241194273864
2025-07-04 16:00:00,0.2698919872982431,0.13001286385451552,0.08702132156788685
2025-07-04 16:10:00,0.2656040365127745,0.13643524910009328,0.08751646338710706
2025-07-04 16:20:00,0.26899557611643277,0.1266135626164825,0.08884198453257773
2025-07-04 16:30:00,0.25617657026761126,0.1290165860074632,0.08977031595312865
2025-07-04 16:40:00,0.25339918595951133,0.12207089411744149,0.09016054891773176
2025-07-04 16:50:00,0.25405483404181156,0.12452457686035609,0.09094422255610293
2025-07-04 17:00:00,0.2525176269317193,0.12283432792824744,0.09002159984893332
2025-07-04 17:10:00,0.2494458432712896,0.1228414715500239,0.08792903405505856
2025-07-04 17:20:00,0.24604102505098488,0.11046410578614463,0.08444956741916215
2025-07-04 17:30:00,0.23368236039197582,0.1178904536805284,0.08077898800116864
2025-07-04 17:40:00,0.2382663323155745,0.10875633081526655,0.07742612876720771
2025-07-04 17:50:00,0.22830689528165,0.11033461109164529,0.07403760307025155
2025-07-04 18:00:00,0.23049158193075028,0.10548349692268817,0.07095966984942262
2025-07-04 18:10:00,0.22274527818299744,0.10043950286624222,0.0676496701273081
2025-07-04 18:20:00,0.22722873615432243,0.10032902913930067,0.06523576510338022
2025-07-04 18:30:00,0.22032507276087776,0.10128110332376727,0.06326348094878038
2025-07-04 18:40:00,0.21477537386324097,0.09182545022163131,0.06132944488404526
2025-07-04 18:50:00,0.2115701059154401,0.09252271078824771,0.05880616429055657
2025-07-04 19:00:00,0.20258020071795205,0.09029324634480124,0.05677757076187659
2025-07-04 19:10:00,0.2048962889390008,0.09158014723429327,0.0564335784421572
2025-07-04 19:20:00,0.2012865406040503,0.09098821144259576,0.055016811337930044
2025-07-04 19:30:00,0.2015040409574253,0.08585058483760757,0.053435117668746805
2025-07-04 19:40:00,0.19299828951402712,0.08421124991979798,0.05294883168744845
2025-07-04 19:50:00,0.19413690651960583,0.08519703474704333,0.05314363813001769
2025-07-04 20:00:00,0.17974863421732823,0.08753712167463287,0.05406236247250417
2025-07-04 20:10:00,0.18385109341029462,0.07753878185886719,0.05403280175355619
2025-07-04 20:20:00,0.19493605169821732,0.08243875595732737,0.055697601333249566
2025-07-04 20:30:00,0.17972241455437338,0.0801680554121127,0.05665209533918804
2025-07-04 20:40:00,0.18993390025164253,0.07629705084948833,0.05658467948898835
2025-07-04 20:50:00,0.18660925673203466,0.08195019180946084,0.056580411568973664
2025-07-04 21:00:00,0.18055454060797493,0.07978043472979215,0.05788604424537483
2025-07-04 21:10:00,0.18804850452984245,0.07964858936558339,0.059620138805348465
2025-07-04 21:20:00,0.1810161768977495,0.08615335780828635,0.06102775677010979
2025-07-04 21:30:00,0.1794270668845211,0.08383343562064698,0.06297999840822473
2025-07-04 21:40:00,0.1878345702711472,0.0863544498008408,0.0654105953809644
2025-07-04 21:50:00,0.19357775298124485,0.08571294335294886,0.06802051189787973
2025-07-04 22:00:00,0.18912434012234924,0.08720098288580086,0.07092677868366855
2025-07-04 22:10:00,0.20101783412391483,0.09304030779995681,0.07364842757225756
2025-07-04 22:20:00,0.19399036033557152,0.09638078127961124,0.07597386684417971
2025-07-04 22:30:00,0.195950177498418,0.09068438123081152,0.07916092960892916
2025-07-04 22:40:00,0.21332777724337781,0.10398654325500961,0.08341436544623543
2025-07-04 22:50:00,0.20593012598618535,0.10419285982862281,0.08741024535728384
2025-07-04 23:00:00,0.20693120138431328,0.10409965966026992,0.09121587897994163
2025-07-04 23:10:00,0.22250033713067915,0.11194630513193428,0.09481452523899105
2025-07-04 23:20:00,0.215355060753725,0.11184180873315115,0.09881141874447744
2025-07-04 23:30:00,0.21590119830490617,0.11557195635197935,0.10333464389629723
2025-07-04 23:40:00,0.23604863206181095,0.11454274112848277,0.10738364994912278
2025-07-04 23:50:00,0.2281531926447095,0.12359379882474918,0.11103465227324787
2025-07-05 00:00:00,0.23387618994083503,0.12544973968805037,0.11495540574213678
2025-07-05 00:10:00,0.24573541402373733,0.12937622421715067,0.118259569142764
2025-07-05 00:20:00,0.23804180891281626,0.1270744143435142,0.12033918306222355
2025-07-05 00:30:00,0.24537702100428108,0.13159456959718072,0.12340266637313727
2025-07-05 00:40:00,0.2592638662481812,0.13595300762122223,0.12642546594645138
2025-07-05 00:50:00,0.25369841161286044,0.13851798917307379,0.12805736734068704
2025-07-05 01:00:00,0.2554338812059108,0.13923823887843334,0.12968885069860886
2025-07-05 01:10:00,0.27011122673822946,0.1359157405889724,0.13142361601581895
2025-07-05 01:20:00,0.26749566953165055,0.14176606093119828,0.13350978579315015
2025-07-05 01:30:00,0.27415023699973323,0.14203081781961038,0.1348718806432398
2025-07-05 01:40:00,0.27441620277502543,0.14173164153144252,0.13624747701556528
2025-07-05 01:50:00,0.2750772671580352,0.14324010304354276,0.13720352082436324
2025-07-05 02:00:00,0.2804318522852766,0.1355959920675497,0.13712706266223423
2025-07-05 02:10:00,0.28015430922753964,0.14665610758651323,0.13656853709304842
2025-07-05 02:20:00,0.28458340065019133,0.1358574315295734,0.13507873251415084
2025-07-05 02:30:00,0.27997941258795456,0.13796018105291533,0.1349964272556994
2025-07-05 02:40:00,0.2880374730730606,0.1421268020396474,0.1338573311763314
2025-07-05 02:50:00,0.2816027481031813,0.13247447842237045,0.13121187084845268
2025-07-05 03:00:00,0.28701982680629007,0.13918234428318357,0.12894674731271016
2025-07-05 03:10:00,0.28530966315622647,0.13931380859716389,0.1258055368110677
2025-07-05 03:20:00,0.28360683567102346,0.12968895328868313,0.12278406633071087
2025-07-05 03:30:00,0.27823151622337206,0.13205891116322538,0.11923470554628285
2025-07-05 03:40:00,0.2788485946839749,0.12704529598595374,0.11689001712660879
2025-07-05 03:50:00,0.2778416240346933,0.12379001914816772,0.1163626981635049
2025-07-05 04:00:00,0.27752866170227114,0.12338576744933623,0.11566373361163175
2025-07-05 04:10:00,0.2759284636686741,0.12694480148309367,0.11459908327425089
2025-07-05 04:20:00,0.26794985188407855,0.11260714257732553,0.11288404223359536
2025-07-05 04:30:00,0.27557296646241675,0.11233235345237966,0.11261964437663803
2025-07-05 04:40:00,0.2621281265544136,0.11493716057891545,0.11207688218378914
2025-07-05 04:50:00,0.2594404573713608,0.10229140173523925,0.11096922610419924
2025-07-05 05:00:00,0.2542478256461036,0.11121241270932228,0.11100188913756205
2025-07-05 05:10:00,0.25604664180823256,0.10315282626834238,0.10910653869569503
2025-07-05 05:20:00,0.24655714952913657,0.10076347942046736,0.10599816948238636
2025-07-05 05:30:00,0.240941434212233,0.10001031650254794,0.10206940198811804
2025-07-05 05:40:00,0.229810613230923,0.08429591138949767,0.09880523876429392
2025-07-05 05:50:00,0.226711536812395,0.08323505414633815,0.09570775446269646
2025-07-05 06:00:00,0.24081765883145448,0.08467870111086079,0.09155664182199487
2025-07-05 06:10:00,0.22566943809642026,0.08251647308489127,0.08640941628618301
2025-07-05 06:20:00,0.20510010148706354,0.07471638618753633,0.08099327682818297
2025-07-05 06:30:00,0.21454375520026153,0.07283032097985202,0.07493780143467017
2025-07-05 06:40:00,0.20967256743796503,0.06528718177407583,0.06886879995712149
2025-07-05 06:50:00,0.20472845515742008,0.06766675603486824,0.06310687089144199
2025-07-05 07:00:00,0.20239362749930098,0.06277090518481082,0.05862131966416129
2025-07-05 07:10:00,0.18849807146851688,0.05680386268472585,0.05307389296325843
2025-07-05 07:20:00,0.18740248660727643,0.054409231903094414,0.04729062006161946
2025-07-05 07:30:00,0.18573065621878962,0.055040433920101425,0.04201219548235537
2025-07-05 07:40:00,0.1807351550289771,0.05129798067726095,0.03726434522945286
2025-07-05 07:50:00,0.1711714998127728,0.04646880911213046,0.032588686701140936
2025-07-05 08:00:00,0.17245371866326445,0.050174411575279125,0.027788100771481687
2025-07-05 08:10:00,0.16877087431121493,0.04315764789845913,0.022979706756920362
2025-07-05 08:20:00,0.1703791047570262,0.04110412134612234,0.017977517284865935
2025-07-05 08:30:00,0.1642556769897263,0.039238187221574496,0.013433001402273518
2025-07-05 08:40:00,0.15691968073697563,0.039481126536209644,0.009521930315314791
2025-07-05 08:50:00,0.15577984321683253,0.04021671053819034,0.006015851739984451
2025-07-05 09:00:00,0.16031151263500198,0.040248286061763026,0.0021772390828520604
2025-07-05 09:10:00,0.15492826423303288,0.044006437268990665,-0.0014092101254831086
2025-07-05 09:20:00,0.14871294060324747,0.03911390305534153,-0.0042382420080342475
2025-07-05 09:30:00,0.15403539825051316,0.038473229954180135,-0.005940865061421114
2025-07-05 09:40:00,0.15900638417038354,0.04522919004210792,-0.006876796797291461
2025-07-05 09:50:00,0.15245628990279256,0.04825655054975053,-0.007615359521288778
2025-07-05 10:00:00,0.15240555624986638,0.04778175376133723,-0.0076524690656393736
2025-07-05 10:10:00,0.15269467520943136,0.04597319438319354,-0.007344900162602601
2025-07-05 10:20:00,0.15703172236480756,0.04810849283057637,-0.006164738473371323
2025-07-05 10:30:00,0.16095363956421768,0.05495909678393033,-0.004038802500544775
2025-07-05 10:40:00,0.1658613498581793,0.06011736929431059,-0.0019802826789661835
2025-07-05 10:50:00,0.16288544713902817,0.06456930488480259,-0.00038274366274136966
2025-07-05 11:00:00,0.16563600726663177,0.06807154978427436,0.0002932564848857336
2025-07-05 11:10:00,0.17481021642282366,0.06986624317717509,0.0022651867300069297
2025-07-05 11:20:00,0.177516240772913,0.07570659986917576,0.005718240367658404
2025-07-05 11:30:00,0.18419061049608582,0.08230189905662211,0.01047463122686235
2025-07-05 11:40:00,0.174035871879386,0.08498738832846346,0.01507370343289095
2025-07-05 11:50:00,0.19200828006792453,0.08813605624294506,0.020217031995008728
2025-07-05 12:00:00,0.19379059861398,0.10145443406662365,0.024818409851675355
2025-07-05 12:10:00,0.19781714851441964,0.09639432449022893,0.02957169080789664
2025-07-05 12:20:00,0.20786871436629498,0.10052120675707374,0.035855212217474786
2025-07-05 12:30:00,0.21127895995505233,0.11100069641069024,0.042099109987764526
2025-07-05 12:40:00,0.22300263063066883,0.11166798784043992,0.04742837922466073
2025-07-05 12:50:00,0.20879282803718352,0.11701888797358524,0.05328886138617878
2025-07-05 13:00:00,0.2260188638720365,0.11867516175899304,0.0599486864107377
2025-07-05 13:10:00,0.23474844968048195,0.1237888043095289,0.0662248200689868
2025-07-05 13:20:00,0.234953921677401,0.13221217312465078,0.07215684733926356
2025-07-05 13:30:00,0.24026564912171242,0.13526276303839904,0.07795733723167443
2025-07-05 13:40:00,0.24445252224940586,0.13651203184238697,0.08384125879816852
2025-07-05 13:50:00,0.24339153496775132,0.14061582426845792,0.08974272387634091
2025-07-05 14:00:00,0.25770625607330166,0.14449102419718193,0.09580047503795218
2025-07-05 14:10:00,0.2548516936903458,0.15115406065471965,0.10223428919578337
2025-07-05 14:20:00,0.26216707315735494,0.1524589988647042,0.10811084499714493
2025-07-05 14:30:00,0.2707828973458881,0.15089220589236993,0.11301053626549942
2025-07-05 14:40:00,0.28523446465191,0.15700597753011253,0.11777656232071305
2025-07-05 14:50:00,0.27990001180406315,0.1600874910997091,0.12372744494447467
2025-07-05 15:00:00,0.2875953446927468,0.16240923027629425,0.12862417758559178
2025-07-05 15:10:00,0.293363102730413,0.16267340514758297,0.1322187368208229
2025-07-05 15:20:00,0.29045937018125034,0.17323813575836766,0.1368237836047981
2025-07-05 15:30:00,0.2963883821582194,0.1718308237956521,0.14219102314116353
2025-07-05 15:40:00,0.30393095159582034,0.17423115865659272,0.14630494747858705
2025-07-05 15:50:00,0.3006117328277341,0.17916488652758797,0.14935853722046707
2025-07-05 16:00:00,0.30641121407860816,0.18026494372720797,0.1525655741339758
2025-07-05 16:10:00,0.301237183037356,0.18521945603296533,0.15579151512494543
2025-07-05 16:20:00,0.3049039549990141,0.18143709514086004,0.15784236037202815
2025-07-05 16:30:00,0.31086518734973423,0.17877766871508532,0.1602436334721893
2025-07-05 16:40:00,0.30884840046530865,0.17803447143401888,0.16270789513431827
2025-07-05 16:50:00,0.30893665434693224,0.17926443392000216,0.16477891241348944
2025-07-05 17:00:00,0.30039643392560555,0.17477049023020258,0.16482986463004912
2025-07-05 17:10:00,0.3091778357228271,0.17525043611844637,0.16488744171478448
2025-07-05 17:20:00,0.3147521952648611,0.17400588148032317,0.16330510488516742
2025-07-05 17:30:00,0.3169211346877951,0.16929448265183736,0.15989367587061729
2025-07-05 17:40:00,0.29680005264276405,0.1743662253436075,0.15711726877700075
2025-07-05 17:50:00,0.3114949028340428,0.16675377432885463,0.1539943801831396
2025-07-05 18:00:00,0.2971270843454098,0.17249208674715547,0.1519524727090433
2025-07-05 18:10:00,0.3008873238482221,0.16775407178972476,0.14835130818590464
2025-07-05 18:20:00,0.29506499130062863,0.16660551599002346,0.14527047132802604
2025-07-05 18:30:00,0.2979367233972289,0.1612372579755091,0.1421968538391076
2025-07-05 18:40:00,0.28319191079810413,0.15594834454370463,0.13977687851368514
2025-07-05 18:50:00,0.29064458460645254,0.14953596194222699,0.13650474508886598
2025-07-05 19:00:00,0.2970074623174325,0.14992350682460667,0.13234124859590496
2025-07-05 19:10:00,0.2821753570365602,0.15005450471982157,0.12895135389508725
2025-07-05 19:20:00,0.2763724120934094,0.14259294039052167,0.12606120468777446
2025-07-05 19:30:00,0.2590378072816605,0.1377189547004379,0.12096526356430734
2025-07-05 19:40:00,0.25949624211368383,0.13599726591520972,0.11716971948352332
2025-07-05 19:50:00,0.2739943693882593,0.12752645948695499,0.11519429832092427
2025-07-05 20:00:00,0.261718554049224,0.1275893971800885,0.11454948343873138
2025-07-05 20:10:00,0.26077902224073474,0.12228351569947957,0.11170626362754411
2025-07-05 20:20:00,0.24297736548528845,0.12403528244032545,0.10808740678069635
2025-07-05 20:30:00,0.2550010854548612,0.12141113632213453,0.10544670042894606
2025-07-05 20:40:00,0.24476703289774707,0.12428122729375937,0.10259000927989044
2025-07-05 20:50:00,0.2505538253525426,0.12287123047486088,0.10130882713276138
2025-07-05 21:00:00,0.23893237031111184,0.1249547454764904,0.10193834146144995
2025-07-05 21:10:00,0.24131639283470016,0.12040460089468359,0.10476589788181728
2025-07-05 21:20:00,0.24393753242698427,0.12321164556425893,0.1083871951641444
2025-07-05 21:30:00,0.24546251629472027,0.12285643387971817,0.11153539807440106
2025-07-05 21:40:00,0.2422394653004395,0.12270348102176609,0.11525680185698603
2025-07-05 21:50:00,0.23180143760344657,0.12646351253428595,0.11902475864566273
2025-07-05 22:00:00,0.23427330202119165,0.1218850150538702,0.12235218059374556
2025-07-05 22:10:00,0.2488950650703115,0.12430004446642273,0.1250266879422176
2025-07-05 22:20:00,0.24510160220570967,0.12951587099016937,0.12670229282382758
2025-07-05 22:30:00,0.23999357010145234,0.1297317499789355,0.1290073058302142
2025-07-05 22:40:00,0.2395215873159755,0.13140152253585397,0.1291860615841154
2025-07-05 22:50:00,0.24760532692250745,0.1351596501868668,0.12887454834041245
2025-07-05 23:00:00,0.25271108521270136,0.13554003865640213,0.12852189974557757
2025-07-05 23:10:00,0.24807559417620326,0.1408133219872078,0.13092791978830468
2025-07-05 23:20:00,0.24930370715297367,0.13916617176203538,0.13368306136925723
2025-07-05 23:30:00,0.25630344420040446,0.14229295059200106,0.13510435896751866
2025-07-05 23:40:00,0.25854208013184915,0.14387299297034292,0.13743653044646292
2025-07-05 23:50:00,0.26662720478411417,0.14474257831915877,0.14005100761768674
2025-07-06 00:00:00,0.2622855790076658,0.1462044747351485,0.14129242052006546
2025-07-06 00:10:00,0.27050685621042153,0.15219832556785573,0.14260443129979203
2025-07-06 00:20:00,0.2648769720421041,0.15548449873382242,0.14534119522890432
2025-07-06 00:30:00,0.27201636828700704,0.15423249143216336,0.14813197607949205
2025-07-06 00:40:00,0.2769358735428601,0.16002253692327936,0.1490852593143088
2025-07-06 00:50:00,0.28147087935387405,0.1599785162353504,0.15147014618218171
2025-07-06 01:00:00,0.2810823207332814,0.1626439818154232,0.15568023933234176
2025-07-06 01:10:00,0.28762503268785106,0.1603227041074997,0.15848170530609434
2025-07-06 01:20:00,0.2927970606135877,0.1624482612085432,0.16076986813830654
2025-07-06 01:30:00,0.2925483726590466,0.16278368588403436,0.1632870901742367
2025-07-06 01:40:00,0.2953875630614794,0.1646122994891673,0.16693901135924896
2025-07-06 01:50:00,0.302494145877747,0.1703467020380922,0.16870934653112987
2025-07-06 02:00:00,0.2983967396576842,0.16947748088928513,0.16991804976898878
2025-07-06 02:10:00,0.30474002298282526,0.17211073564105314,0.17153376052468056
2025-07-06 02:20:00,0.30580452187843543,0.17047389984023673,0.1733003662865868
2025-07-06 02:30:00,0.29857834153018087,0.16987662654781194,0.1748900022237818
2025-07-06 02:40:00,0.31764867741463365,0.17012462220934155,0.17611194534969504
2025-07-06 02:50:00,0.31588780596115446,0.17300734767139,0.1776417808948707
2025-07-06 03:00:00,0.30754850738308287,0.1766201142380993,0.17859716082058064
2025-07-06 03:10:00,0.3097333963713026,0.1728648782675754,0.17699583460296797
2025-07-06 03:20:00,0.30875576324903037,0.1666958895685856,0.17397251192376922
2025-07-06 03:30:00,0.3195874687648657,0.16667174529001014,0.17245677092571432
2025-07-06 03:40:00,0.31391699102309367,0.16186270839755865,0.17220831222906596
2025-07-06 03:50:00,0.3032962214796639,0.16196019427680977,0.17054517334073596
2025-07-06 04:00:00,0.30250868027933125,0.16238129679726745,0.16756678128866237
2025-07-06 04:10:00,0.30557982665291966,0.15564727380765422,0.16488303966309004
2025-07-06 04:20:00,0.3119218959573386,0.15574619570960324,0.16200015494988546
2025-07-06 04:30:00,0.30904860011857577,0.15142176144227867,0.15773034248802084
2025-07-06 04:40:00,0.2928994008884883,0.1434801111054692,0.1540498972905345
2025-07-06 04:50:00,0.291133366075241,0.14486795313886822,0.15154608914219522
2025-07-06 05:00:00,0.2997582259265308,0.14171871181916187,0.14855721859730506
2025-07-06 05:10:00,0.2915999393205885,0.13540770071675173,0.14392827617474357
2025-07-06 05:20:00,0.29653814486279045,0.13394004465597456,0.13961667352290613
2025-07-06 05:30:00,0.2753298840675571,0.1281603646931899,0.13662850585561948
2025-07-06 05:40:00,0.2684450009966556,0.1219690780587137,0.13390134132293396
2025-07-06 05:50:00,0.2906931093512045,0.12480527277943121,0.12971410508034972
2025-07-06 06:00:00,0.26424323256701693,0.12080051989392772,0.12561767123552445
2025-07-06 06:10:00,0.26285755063724214,0.11248575143416811,0.12204339208613676
2025-07-06 06:20:00,0.26179013778955057,0.11710227531381354,0.117818618342312
2025-07-06 06:30:00,0.25347861272976047,0.10386311621968441,0.11383936275370127
2025-07-06 06:40:00,0.2576916777082686,0.09968347080388253,0.11038914173366784
2025-07-06 06:50:00,0.259649181747243,0.10058914589066743,0.10639219902632295
2025-07-06 07:00:00,0.22831674560823495,0.09226403144036868,0.10195728684335129
2025-07-06 07:10:00,0.23019542080002992,0.09287905637359684,0.0974811707092185
2025-07-06 07:20:00,0.24074333228884828,0.08795445978645133,0.09298542479449755
2025-07-06 07:30:00,0.2208181089476036,0.08154641421224366,0.08762199940804488
2025-07-06 07:40:00,0.22647925148754475,0.08470782521782634,0.08271916063863705
2025-07-06 07:50:00,0.20922563988274015,0.07899163302143644,0.07825884567849627
2025-07-06 08:00:00,0.2109578702379647,0.07178012644273923,0.07340752291368154
2025-07-06 08:10:00,0.21063252613807645,0.0738189245532363,0.06887516707661412
2025-07-06 08:20:00,0.20951092255152828,0.06785885320242913,0.06477704648743343
2025-07-06 08:30:00,0.18717237240976406,0.07094121622212797,0.0607922521032582
2025-07-06 08:40:00,0.19827390880249227,0.06371417174156535,0.057347775822830224
2025-07-06 08:50:00,0.19218552887200976,0.06815670221587161,0.05383693172085846
2025-07-06 09:00:00,0.18769764090882715,0.06556847821253332,0.0497352392010241
2025-07-06 09:10:00,0.1840478008811564,0.06267605430398925,0.04596144461158897
2025-07-06 09:20:00,0.1691774983553006,0.05995033473498814,0.04350018492897921
2025-07-06 09:30:00,0.18317995631799228,0.05924413297598098,0.04133938297053492
2025-07-06 09:40:00,0.18294755458556078,0.06303496138692444,0.039366224032269005
2025-07-06 09:50:00,0.16984686722038067,0.06285762519344484,0.037343842732730455
2025-07-06 10:00:00,0.16799185987013632,0.06198562408645776,0.03701433912479969
2025-07-06 10:10:00,0.17463827701630028,0.0635356150321258,0.03732718547372822
2025-07-06 10:20:00,0.16834424340392182,0.0645742679766767,0.036562964765840936
2025-07-06 10:30:00,0.179130770527762,0.06816774596852163,0.03669839874284915
2025-07-06 10:40:00,0.1738370440538989,0.06979249963840593,0.03850367171273183
2025-07-06 10:50:00,0.1675549383952327,0.0699180715857188,0.04107735004000432
2025-07-06 11:00:00,0.1822629522727629,0.07600583250015636,0.04349025383298588
2025-07-06 11:10:00,0.17995039798232199,0.07937264577321725,0.04680504682400844
2025-07-06 11:20:00,0.18566036198202943,0.08255083644397114,0.05172465781660028
2025-07-06 11:30:00,0.1778544446388051,0.08914432478993291,0.057381424371385895
2025-07-06 11:40:00,0.18933910597814085,0.08782564381857343,0.06172881507434213
2025-07-06 11:50:00,0.20475714413483004,0.10069411988619979,0.06570669147498194
2025-07-06 12:00:00,0.18944010265317776,0.10308221891991283,0.07067848650303227
2025-07-06 12:10:00,0.19908420786849512,0.10417882714958565,0.07541605151105576
2025-07-06 12:20:00,0.19951941744798068,0.11040310574905654,0.07940580369206496
2025-07-06 12:30:00,0.21304854356130198,0.11548220683941351,0.08425419421847977
2025-07-06 12:40:00,0.22058865500141325,0.12505428107213182,0.09000164447098857
2025-07-06 12:50:00,0.23039362848749906,0.12133743174941262,0.09567906409188116
2025-07-06 13:00:00,0.22197803743481362,0.12464636828232258,0.10013961017670803
2025-07-06 13:10:00,0.23854121974015774,0.1330752087744125,0.10570518563893072
2025-07-06 13:20:00,0.2458886047786758,0.14039783059589794,0.11183091399788868
2025-07-06 13:30:00,0.24221069067130932,0.14465803657508935,0.11743398154356764
2025-07-06 13:40:00,0.25783040847397054,0.15673191501286457,0.12272604797069808
2025-07-06 13:50:00,0.2655351173748546,0.16305488141686433,0.12853690384530964
2025-07-06 14:00:00,0.27102414650766915,0.16545621795425752,0.13475286140122267
2025-07-06 14:10:00,0.2785461904129577,0.17342461697384015,0.14108819139540296
2025-07-06 14:20:00,0.288881540741453,0.178705010658324,0.1477954650885096
2025-07-06 14:30:00,0.29051288603733905,0.1851358187651566,0.15462784905366989
2025-07-06 14:40:00,0.3057310170453262,0.19093802520626374,0.16132871630264803
2025-07-06 14:50:00,0.30798156898738843,0.19687721534174094,0.167745402763921
2025-07-06 15:00:00,0.31118237903709584,0.19947680246895821,0.17443770983478182
2025-07-06 15:10:00,0.3193865860552748,0.20366285244100243,0.18116826031038685
2025-07-06 15:20:00,0.3270402087467156,0.20367516421757056,0.18762239146929025
2025-07-06 15:30:00,0.34237663375777916,0.2130475434132874,0.19351388883761397
2025-07-06 15:40:00,0.3482982550262607,0.2216000106767098,0.19908272961088866
2025-07-06 15:50:00,0.3378039259453229,0.2197228359273601,0.2048771293785767
2025-07-06 16:00:00,0.3469475435722103,0.22272597320346935,0.21050705437709727
2025-07-06 16:10:00,0.35575023996961946,0.22862604676241677,0.21555949273955372
2025-07-06 16:20:00,0.36120183871211153,0.22816231775578275,0.2212176426794348
2025-07-06 16:30:00,0.36977880547438746,0.2341808408468636,0.22637917438138638
2025-07-06 16:40:00,0.3653289694670448,0.23284797995718803,0.2291978207009346
2025-07-06 16:50:00,0.3681410653249206,0.22655965793255656,0.23153612672280008
2025-07-06 17:00:00,0.3768545912914534,0.23506987383491249,0.2355696737973076
2025-07-06 17:10:00,0.3832487157195514,0.23861620579623385,0.2382728978868888
2025-07-06 17:20:00,0.37491638127182864,0.23615891124657507,0.23924795584501524
2025-07-06 17:30:00,0.3825507313944321,0.23691888194116806,0.23866804277066547
2025-07-06 17:40:00,0.37447465895946536,0.2364177820729138,0.2393080640104612
2025-07-06 17:50:00,0.3793992194376809,0.23542853172303338,0.23948679405530268
2025-07-06 18:00:00,0.37482037762239523,0.23414664314063338,0.2373756465728627
2025-07-06 18:10:00,0.37443423544996207,0.23716998969699105,0.2360543332008312
2025-07-06 18:20:00,0.3716631354156524,0.233399993353827,0.23562138974073046
2025-07-06 18:30:00,0.3750844730315375,0.23090524486061378,0.2345253582611369
2025-07-06 18:40:00,0.3665322257313189,0.22584592014545865,0.23126965407169012
2025-07-06 18:50:00,0.3660185960522986,0.21749342947001274,0.2294192799082339
2025-07-06 19:00:00,0.3692311093387851,0.2224336028960367,0.22871476353032064
2025-07-06 19:10:00,0.3564744095281818,0.21780270701967766,0.2263315738186059
2025-07-06 19:20:00,0.35069571114114045,0.21515728430898332,0.222179226312846
2025-07-06 19:30:00,0.34620318187917154,0.21093269549976018,0.21800353305357584
2025-07-06 19:40:00,0.3261800060948255,0.19850400543003507,0.21512096562231423
2025-07-06 19:50:00,0.342234556544207,0.19672354243504442,0.21228714434481355
2025-07-06 20:00:00,0.33591862446008636,0.1955911499285497,0.20843118246573555
2025-07-06 20:10:00,0.3201595676028503,0.18966313520661668,0.20449570684806753
2025-07-06 20:20:00,0.3129853012756928,0.18366769550433787,0.19947053771424775
2025-07-06 20:30:00,0.31636176537605676,0.17960167476169733,0.19353038340555226
2025-07-06 20:40:00,0.30718284872809715,0.18280383853059884,0.18800796147206572
2025-07-06 20:50:00,0.3050004700185438,0.1770315864253372,0.18364854844396544
2025-07-06 21:00:00,0.297033681726688,0.17245361525559572,0.1786135626193948
2025-07-06 21:10:00,0.2957046307693691,0.16333679400848397,0.17302312072517165
2025-07-06 21:20:00,0.29682174954495394,0.1664046828259607,0.17032159869353483
2025-07-06 21:30:00,0.29255550544016556,0.161786596209792,0.16752481715416542
2025-07-06 21:40:00,0.2769285640826269,0.15846805222560825,0.16441006569875893
2025-07-06 21:50:00,0.2769195379750534,0.15730645198867607,0.1608858810325703
2025-07-06 22:00:00,0.2722434644863453,0.15514207840150038,0.15880009124910088
2025-07-06 22:10:00,0.27609616521618263,0.15305238796351525,0.15657727024505275
2025-07-06 22:20:00,0.2762228871595859,0.1532245580350291,0.15280205524759938
2025-07-06 22:30:00,0.2642224310639384,0.15130104013380602,0.15045476686019027
2025-07-06 22:40:00,0.27017974381282506,0.15389717122368748,0.14890671368059624
2025-07-06 22:50:00,0.26791677499914984,0.1544825729214625,0.14780749805028778
2025-07-06 23:00:00,0.26639502249535574,0.15228334165097368,0.14500783592926164
2025-07-06 23:10:00,0.27085272518880016,0.1537591568895573,0.14454798864585816
2025-07-06 23:20:00,0.2611495005181435,0.150615136614059,0.14740049841301656
2025-07-06 23:30:00,0.2697798777783043,0.15546451697289335,0.1507362373880427
2025-07-06 23:40:00,0.2735076783772172,0.1583270534857215,0.15210114290083274
2025-07-06 23:50:00,0.2640968007443303,0.15376731146124814,0.15409896301140838
2025-07-07 00:00:00,0.27145412209310565,0.1560155473745144,0.15716594272917536
2025-07-07 00:10:00,0.28481332651522173,0.16041003715122917,0.16012249077018956
2025-07-07 00:20:00,0.275000338130103,0.16450270516913734,0.16228765825832228
2025-07-07 00:30:00,0.28028355510524317,0.16618723476121128,0.16553588420689108
2025-07-07 00:40:00,0.28157349652789126,0.16689890435685795,0.16738619056926707
2025-07-07 00:50:00,0.28140491697454917,0.16774124757118702,0.1684215485110449
2025-07-07 01:00:00,0.2954046165204687,0.16826867201687287,0.1706949685229005
2025-07-07 01:10:00,0.2931195836225392,0.17176782210731584,0.174761633254291
2025-07-07 01:20:00,0.2887660405098465,0.17475882541844923,0.17827486775316623
2025-07-07 01:30:00,0.3099747431932535,0.18082438038177745,0.18026887859606242
2025-07-07 01:40:00,0.30961167191278866,0.180827212952803,0.18136704601721848
2025-07-07 01:50:00,0.30588969782246445,0.18159028720735965,0.18356046460753508
2025-07-07 02:00:00,0.315585310655468,0.1824560698131943,0.18598076092919733
2025-07-07 02:10:00,0.3151142171038734,0.18318913369549564,0.18850036648154664
2025-07-07 02:20:00,0.3119008558642339,0.19228092063709679,0.19299212064600307
2025-07-07 02:30:00,0.3301897591903406,0.19328105804918855,0.19488173143557055
2025-07-07 02:40:00,0.3202036458096551,0.19410558125225283,0.19421116689822251
2025-07-07 02:50:00,0.3228277075527436,0.1904990412930138,0.19420250896630703
2025-07-07 03:00:00,0.34409893712442324,0.1956215426037206,0.19745901722325562
2025-07-07 03:10:00,0.3287147309618002,0.19650658328366608,0.19893535852862487
2025-07-07 03:20:00,0.33593053640560877,0.19087871592125005,0.20023922878064485
2025-07-07 03:30:00,0.35005464886743154,0.19275312425255953,0.20241709488690607
2025-07-07 03:40:00,0.33731259723516993,0.1900410743967346,0.20478004338945052
2025-07-07 03:50:00,0.35105416771905723,0.19242002407222383,0.20608742367498342
2025-07-07 04:00:00,0.3385789653506873,0.19308053002750522,0.2051669024931025
2025-07-07 04:10:00,0.33133527989516764,0.19159595616092537,0.20579263462222708
2025-07-07 04:20:00,0.3390781225090034,0.1926267723596345,0.2062351545645722
2025-07-07 04:30:00,0.3429105785494085,0.19446745476742153,0.20520596360667456
2025-07-07 04:40:00,0.33331483830714004,0.1887292715325414,0.2023400820053845
2025-07-07 04:50:00,0.34382442688246917,0.18368428793241995,0.20137141660003482
2025-07-07 05:00:00,0.34361237623897817,0.1855045344019257,0.20235034435875848
2025-07-07 05:10:00,0.33394005741312394,0.18121013919609077,0.20081878069591672
2025-07-07 05:20:00,0.3460279799150148,0.17484887757347697,0.19830472835859903
2025-07-07 05:30:00,0.32508904352606793,0.1745940761841971,0.1973735551600431
2025-07-07 05:40:00,0.32729646826207653,0.16442753089712261,0.19629091966124268
2025-07-07 05:50:00,0.3290035923980057,0.16684165255340175,0.19411090886833726
2025-07-07 06:00:00,0.3150544270698969,0.1587609971244521,0.1904990240494924
2025-07-07 06:10:00,0.31988721383898905,0.15290741876534056,0.18957354932850645
2025-07-07 06:20:00,0.3254143662558593,0.1588414597452356,0.18625674132801714
2025-07-07 06:30:00,0.2957605848363041,0.14556656061171958,0.18181401057940985
2025-07-07 06:40:00,0.30620987507070524,0.14617056829100245,0.1770028356389169
2025-07-07 06:50:00,0.30173641713589877,0.14278114576564727,0.17219870175558646
2025-07-07 07:00:00,0.2933305183869918,0.1332879974749622,0.1674970893550985
2025-07-07 07:10:00,0.3004848317942221,0.13888228314451695,0.16294433108098133
2025-07-07 07:20:00,0.2807768344674592,0.12718473912132663,0.15833881573931619
2025-07-07 07:30:00,0.2827286989302676,0.11809224566352496,0.15318660827351474
2025-07-07 07:40:00,0.26529419605046084,0.12499858589032498,0.15020098576001117
2025-07-07 07:50:00,0.260965571311652,0.1145850587156716,0.14819902692899475
2025-07-07 08:00:00,0.26902972528402874,0.12290142142226086,0.14428178046370083
2025-07-07 08:10:00,0.24320537524901062,0.11729716805905348,0.14325723689851266
2025-07-07 08:20:00,0.2450752959470452,0.1075062079055799,0.14348262219961705
2025-07-07 08:30:00,0.24930272516707888,0.11212274310085976,0.1450136717351861
2025-07-07 08:40:00,0.2359890358053311,0.10857779605379035,0.14642920145398813
2025-07-07 08:50:00,0.2282395741784239,0.10694133181021914,0.14751693399979318
2025-07-07 09:00:00,0.23105952225032395,0.10127017123223472,0.1492606387262231
2025-07-07 09:10:00,0.2130549166099498,0.09812066704393674,0.1489740766340991
2025-07-07 09:20:00,0.21864446748490396,0.08983746660879922,0.14723177621009165
2025-07-07 09:30:00,0.209245452739965,0.09313127240660411,0.14443620880796415
2025-07-07 09:40:00,0.20596346576129884,0.09362237788402243,0.14216941650990805
2025-07-07 09:50:00,0.20469031089957607,0.08815402605357535,0.13777427762310585
2025-07-07 10:00:00,0.20212131458362112,0.09425662387980743,0.13168670162167342
2025-07-07 10:10:00,0.19305590812774964,0.09033334841118372,0.1266788216298964
2025-07-07 10:20:00,0.19462117503689494,0.0895601587372405,0.12324719060726362
2025-07-07 10:30:00,0.19039631271900123,0.09221513012438273,0.12190437730053724
2025-07-07 10:40:00,0.18394834609745628,0.09342995236082537,0.12079387181113575
2025-07-07 10:50:00,0.19220736335061928,0.09609852633892317,0.12036233617054123
2025-07-07 11:00:00,0.18575011625806526,0.09624759515810746,0.12113121131593824
2025-07-07 11:10:00,0.18807335393655972,0.10094307567522379,0.12359673674011809
2025-07-07 11:20:00,0.18934858361157453,0.0969639260167471,0.1252918430097968
2025-07-07 11:30:00,0.19043481603880025,0.10684780015652301,0.12845404953548095
2025-07-07 11:40:00,0.18987325405072705,0.11364490394396003,0.1341383043090449
2025-07-07 11:50:00,0.18913613446662605,0.10837417624930167,0.13945004047438098
2025-07-07 12:00:00,0.19572581400912084,0.12270057276862774,0.14234307347873643
2025-07-07 12:10:00,0.18933413738348692,0.12128089360189863,0.14453727816954784
2025-07-07 12:20:00,0.19584942582304007,0.12336833131496183,0.14849028814353094
2025-07-07 12:30:00,0.20833449942335985,0.1288758016596001,0.15160438588622838
2025-07-07 12:40:00,0.2145857126146145,0.1332758198798701,0.15442013012246902
2025-07-07 12:50:00,0.2115747881032262,0.14253311148550826,0.15861699204028565
2025-07-07 13:00:00,0.21979258485665237,0.1493924410729956,0.16204009838502836
2025-07-07 13:10:00,0.22144892885845277,0.14359346649437169,0.16548573508194298
2025-07-07 13:20:00,0.23949222179181287,0.15313303945869985,0.16915661053075237
2025-07-07 13:30:00,0.24093602584509483,0.16007339452327266,0.17624625336415375
2025-07-07 13:40:00,0.2431639660429346,0.16565679242204498,0.1834493387831946
2025-07-07 13:50:00,0.2453640388936651,0.17491617688189315,0.18996088513761306
2025-07-07 14:00:00,0.2601472805964786,0.17869701319110878,0.1972327545627185
2025-07-07 14:10:00,0.2690574989139566,0.184622348603509,0.20571543267113745
2025-07-07 14:20:00,0.2814893582750775,0.18550820059095016,0.21474188656259766
2025-07-07 14:30:00,0.2802094915141058,0.20341497576444706,0.22388731995321437
2025-07-07 14:40:00,0.29403226723315384,0.2069540149916743,0.23217353233206164
2025-07-07 14:50:00,0.304079875088991,0.21556694905767396,0.240617904043615
2025-07-07 15:00:00,0.30859758951806704,0.222686694051775,0.2487490807698245
2025-07-07 15:10:00,0.31737169870276916,0.21944593407422788,0.25618678755929225
2025-07-07 15:20:00,0.32878097702085074,0.22984507480281277,0.2638562018702072
2025-07-07 15:30:00,0.32624739052521,0.23984574687652194,0.27198713819508796
2025-07-07 15:40:00,0.34869947706153703,0.2439322162762054,0.2781268118733756
2025-07-07 15:50:00,0.34076818826244126,0.24762876835954428,0.2810371187519117
2025-07-07 16:00:00,0.3600375468172413,0.2488642131710194,0.2847594168023349
2025-07-07 16:10:00,0.37560950593366943,0.2591483303662054,0.2882011793340703
2025-07-07 16:20:00,0.3726713803159614,0.25902237255492544,0.28858316114987653
2025-07-07 16:30:00,0.38020126758835854,0.26872335700172395,0.2869894048681557
2025-07-07 16:40:00,0.3803939430032288,0.2639987278729861,0.28678437541744906
2025-07-07 16:50:00,0.3833981234350882,0.2699109966843832,0.28744612261947705
2025-07-07 17:00:00,0.39514244304508855,0.2673861889004578,0.28562385741777924
2025-07-07 17:10:00,0.39794085077066466,0.27362596783105664,0.2843855723561035
2025-07-07 17:20:00,0.39730030388999193,0.2731699999376798,0.2844494814765417
2025-07-07 17:30:00,0.401362543912884,0.271979749993984,0.283637520030074
2025-07-07 17:40:00,0.40581936501070215,0.2787686079563767,0.28109874537613666
2025-07-07 17:50:00,0.40417465470872704,0.27060655213993007,0.28028936273003585
2025-07-07 18:00:00,0.4172929382742471,0.2770347178102479,0.28181873172911215
2025-07-07 18:10:00,0.4092324925740416,0.2720918924773767,0.2800298164862378
2025-07-07 18:20:00,0.41740615466759295,0.2694973453949643,0.2797060435026899
2025-07-07 18:30:00,0.4137742131479157,0.2728179705737356,0.2809473108131445
2025-07-07 18:40:00,0.4121746606156736,0.26917579458265484,0.282623554579995
2025-07-07 18:50:00,0.4070938774185901,0.2676292727533632,0.28166957849931035
2025-07-07 19:00:00,0.4033370513137981,0.2642703199898829,0.2811715932175103
2025-07-07 19:10:00,0.3989432111115284,0.2647357968757341,0.27997322937491287
2025-07-07 19:20:00,0.3906437874095863,0.25794121026316863,0.2752007413896655
2025-07-07 19:30:00,0.3874588727361533,0.2525425317141892,0.26990667132740664
2025-07-07 19:40:00,0.3854717865549699,0.247462442677261,0.2651107479404974
2025-07-07 19:50:00,0.38334259610103544,0.24247937965260905,0.261382349764227
2025-07-07 20:00:00,0.3731243657825853,0.2345876811016016,0.2566002357327323
2025-07-07 20:10:00,0.36164814173496157,0.2289120194554633,0.2510524655742821
2025-07-07 20:20:00,0.3615001825072035,0.22456337442919724,0.24563173414134062
2025-07-07 20:30:00,0.35913679889114036,0.2232281933308881,0.23986753506784528
2025-07-07 20:40:00,0.34942915422502485,0.21689626751672617,0.23351283136128226
2025-07-07 20:50:00,0.33859067445172575,0.20801665317039253,0.22670299158432264
2025-07-07 21:00:00,0.32134936420238,0.20342308177464505,0.22207444302349688
2025-07-07 21:10:00,0.3240979982751,0.19768735902816223,0.2168439856002028
2025-07-07 21:20:00,0.3223356313202356,0.19694869902185702,0.21023672709209146
2025-07-07 21:30:00,0.3113316297470127,0.19045494768417856,0.20428720902839256
2025-07-07 21:40:00,0.31553351596314055,0.18187036876095583,0.19963608179858333
2025-07-07 21:50:00,0.3031957593527043,0.18262139846894632,0.19465667486325544
2025-07-07 22:00:00,0.29219804022017143,0.1692347030831115,0.189503085452628
2025-07-07 22:10:00,0.29067712475557406,0.16556556249198967,0.1856514821919596
2025-07-07 22:20:00,0.2764322365186489,0.1619861656519699,0.1812434086893294
2025-07-07 22:30:00,0.2749661884518928,0.16369509498085802,0.17573840261231807
2025-07-07 22:40:00,0.28203303215669884,0.16453335163109706,0.1709717297870722
2025-07-07 22:50:00,0.26346782515492545,0.15921213171157694,0.16616442737949286
2025-07-07 23:00:00,0.26943421092907444,0.15894617788671098,0.16123254863797465
2025-07-07 23:10:00,0.2601660003092221,0.1566617025565486,0.15730200923611193
2025-07-07 23:20:00,0.26227104301917553,0.1514039399501539,0.1557005007428518
2025-07-07 23:30:00,0.2656100371482131,0.1550279390800694,0.15395206196327058
2025-07-07 23:40:00,0.2705951615882711,0.15514808720407677,0.15236171180243652
2025-07-07 23:50:00,0.2513017324228957,0.15255270012081062,0.15269457246986878
2025-07-08 00:00:00,0.25506719526614996,0.15382087243616233,0.1537850717809766
2025-07-08 00:10:00,0.26039480609436333,0.14947650797549072,0.15477577107957852
2025-07-08 00:20:00,0.26035264301649436,0.15909683179212936,0.15826458624266088
2025-07-08 00:30:00,0.2641683272457475,0.1548230953510019,0.1617190143373528
2025-07-08 00:40:00,0.26099365670881697,0.15118471561469993,0.1617411566857596
2025-07-08 00:50:00,0.24170370716439285,0.160588043828243,0.16395167822452786
2025-07-08 01:00:00,0.26527747385506506,0.1579968442052887,0.16698315064642283
2025-07-08 01:10:00,0.258779416859512,0.16226469750902942,0.16982171121643047
2025-07-08 01:20:00,0.26894152085572254,0.16855825239465194,0.16850902881283403
2025-07-08 01:30:00,0.2759960281019288,0.16285143491032755,0.1691198260779619
2025-07-08 01:40:00,0.27336519979257273,0.1665237585294621,0.16837947601500297
2025-07-08 01:50:00,0.28732466547963836,0.1627145606066236,0.1681112413824413
2025-07-08 02:00:00,0.28837948098990834,0.17531171487153424,0.16860082779594499
2025-07-08 02:10:00,0.29137107870519124,0.17353860613428035,0.17210652126906079
2025-07-08 02:20:00,0.2854387154050625,0.17526707351453352,0.17585106388994037
2025-07-08 02:30:00,0.3004081366902538,0.17996474678743657,0.17880859129294543
2025-07-08 02:40:00,0.2949926578417748,0.18399968624699384,0.18290258888732885
2025-07-08 02:50:00,0.3100814806137338,0.1823493223315716,0.18777198053957964
2025-07-08 03:00:00,0.2952916750882788,0.1830834600837742,0.1904894854888456
2025-07-08 03:10:00,0.3146489014918729,0.18950685992500424,0.19185948207838657
2025-07-08 03:20:00,0.3118188536301518,0.1976455035310507,0.19433414454693965
2025-07-08 03:30:00,0.317746481101013,0.18906518093054486,0.19677783639614208
2025-07-08 03:40:00,0.3218314645005822,0.1912213380107466,0.1964410682653061
2025-07-08 03:50:00,0.3291310205440653,0.18512811430792167,0.19681923909965335
2025-07-08 04:00:00,0.3377498054796031,0.18695626325633471,0.20073305852454174
2025-07-08 04:10:00,0.3403981800846532,0.19304432750935743,0.20211849374226243
2025-07-08 04:20:00,0.3468333386048347,0.19396809358529374,0.1985250845662105
2025-07-08 04:30:00,0.32410612773285874,0.19082509276785992,0.1933746793491749
2025-07-08 04:40:00,0.3379952987263421,0.18962819121156732,0.1927473666162028
2025-07-08 04:50:00,0.34099984866911165,0.19154694064375008,0.19084160990403523
2025-07-08 05:00:00,0.3394648852277298,0.19120221953209962,0.18942823620407917
2025-07-08 05:10:00,0.34572691465855404,0.1891822806645727,0.19043183221643667
2025-07-08 05:20:00,0.34187697133478284,0.1849126029887661,0.19195906364919
2025-07-08 05:30:00,0.3420166808446004,0.18045350611473393,0.1918011956471299
2025-07-08 05:40:00,0.34925359527156397,0.18090242465112108,0.18996949934648832
2025-07-08 05:50:00,0.3395752871981032,0.17027743317083643,0.19108957541366042
2025-07-08 06:00:00,0.3386345171599762,0.1741826825691384,0.19153825583053702
2025-07-08 06:10:00,0.3373879862499851,0.17178000203549376,0.18940745679807877
2025-07-08 06:20:00,0.32887220386794475,0.16620794030458053,0.18491225719730175
2025-07-08 06:30:00,0.3349243187439945,0.16275562652877057,0.1800560458492959
2025-07-08 06:40:00,0.3264868015720178,0.1544768265814162,0.17537314564401815
2025-07-08 06:50:00,0.315779918822621,0.15142212651521988,0.17117607553087283
2025-07-08 07:00:00,0.3186535494896737,0.145387132757516,0.16819986644635404
2025-07-08 07:10:00,0.30444413774164003,0.14489484015251436,0.1637399751495292
2025-07-08 07:20:00,0.3054791765434465,0.13347917560160577,0.1585049921367575
2025-07-08 07:30:00,0.29985969365012505,0.13438920063278162,0.15424759716483172
2025-07-08 07:40:00,0.29267533330264756,0.12873135176595582,0.14925277821115557
2025-07-08 07:50:00,0.2769860577866406,0.12062922073174479,0.14351457264706832
2025-07-08 08:00:00,0.2825607478592371,0.11679438643138165,0.13856814559005268
2025-07-08 08:10:00,0.27344920629807057,0.11495599254015977,0.13555788066649477
2025-07-08 08:20:00,0.26275417070257084,0.10713883360260511,0.13212810057099827
2025-07-08 08:30:00,0.2533474887674327,0.1064467889820439,0.12808439925349363
2025-07-08 08:40:00,0.24479744397176226,0.09889006073548612,0.12427024808847428
2025-07-08 08:50:00,0.2357730874523992,0.09223665248180665,0.12011487892431758
2025-07-08 09:00:00,0.23165446603970058,0.0826179871445039,0.11604589595110676
2025-07-08 09:10:00,0.22133561029536658,0.08385610265067059,0.11133095250873005
2025-07-08 09:20:00,0.20916052884778571,0.07951241445834793,0.10707000191129083
2025-07-08 09:30:00,0.2029797047385496,0.07502540406681023,0.10196041822242784
2025-07-08 09:40:00,0.20564494831720412,0.07253122734618185,0.09485493949868654
2025-07-08 09:50:00,0.18805271612182323,0.06899843040392073,0.0883797566924265
2025-07-08 10:00:00,0.18605294117016333,0.06468454432600422,0.08271591434878103
2025-07-08 10:10:00,0.17964053349356024,0.06518552087434458,0.07803569530423532
2025-07-08 10:20:00,0.1722911865422265,0.06014405808976241,0.0739470842119755
2025-07-08 10:30:00,0.1820424487460935,0.06833440562732454,0.07029895731064476
2025-07-08 10:40:00,0.17166570169298387,0.06746087611774929,0.06723806560460693
2025-07-08 10:50:00,0.15695311928491137,0.06459139818883333,0.0646635145433239
2025-07-08 11:00:00,0.16730447298841022,0.06732680118349624,0.06388895367983835
2025-07-08 11:10:00,0.15944188071736376,0.05878212252327154,0.06433618568587551
2025-07-08 11:20:00,0.17270409955789848,0.07183023144418789,0.06688010744338757
2025-07-08 11:30:00,0.15350363416931975,0.07037697735925083,0.07024462577521276
2025-07-08 11:40:00,0.1462198576645086,0.0679467703390159,0.07199157722591866
2025-07-08 11:50:00,0.1504533448031348,0.0770326490476043,0.07244627384443227
2025-07-08 12:00:00,0.15905768222826733,0.07728783180947124,0.07249325092794566
2025-07-08 12:10:00,0.16355071986115774,0.08292934330582068,0.07503687648785275
2025-07-08 12:20:00,0.15762920740616626,0.08162135066063964,0.07559051405356584
2025-07-08 12:30:00,0.15141408924175523,0.07742474566548661,0.0757521041514222
2025-07-08 12:40:00,0.16804285936596824,0.09393856941549146,0.07650871025329749
2025-07-08 12:50:00,0.1707072824362982,0.09520119124994139,0.07911150815532034
2025-07-08 13:00:00,0.16730150811893782,0.0976970103748702,0.08106578298127491
2025-07-08 13:10:00,0.17471763226497275,0.10546412746022739,0.08248796940672809
2025-07-08 13:20:00,0.1771873930459591,0.11627976107867292,0.08567708647349824
2025-07-08 13:30:00,0.18679148984243243,0.12277694550821866,0.08915563353140138
2025-07-08 13:40:00,0.19504447828921573,0.12475019381179948,0.0912085151185637
2025-07-08 13:50:00,0.20392837128472985,0.12860659240386443,0.09402681828414394
2025-07-08 14:00:00,0.21809480817874619,0.1431187926054537,0.09729121502928577
2025-07-08 14:10:00,0.2084879278755717,0.14474391286755658,0.10268910496620616
2025-07-08 14:20:00,0.21787234603343006,0.14955389548142656,0.10797207759281237
2025-07-08 14:30:00,0.22917569919804626,0.15945615199257587,0.11243474386333321
2025-07-08 14:40:00,0.23531932837538597,0.16303181803481992,0.11872133320616994
2025-07-08 14:50:00,0.25324845101574717,0.16954177101086587,0.12613066413728305
2025-07-08 15:00:00,0.2565367750930269,0.17377894498712235,0.13228215398210047
2025-07-08 15:10:00,0.2669589526086878,0.1738506754439127,0.13803761644841198
2025-07-08 15:20:00,0.27573399331593135,0.18578650982628606,0.14434186021208506
2025-07-08 15:30:00,0.2923015132190113,0.19028817222914943,0.15138557675088127
2025-07-08 15:40:00,0.2948243282619306,0.20040670823993545,0.1579076998887495
2025-07-08 15:50:00,0.3046247905282408,0.21127048427357956,0.16449024397926335
2025-07-08 16:00:00,0.3049937203628593,0.21491762235165224,0.17203183101173877
2025-07-08 16:10:00,0.3137913893013807,0.2183967459507553,0.18017459561797133
2025-07-08 16:20:00,0.3306215342944251,0.22353820453238676,0.18936032164697383
2025-07-08 16:30:00,0.339006077692965,0.22919869057994274,0.19855565600717673
2025-07-08 16:40:00,0.35704137587577844,0.23415909834172766,0.20702493291457347
2025-07-08 16:50:00,0.3500484470796266,0.2411041396913067,0.2151727293367528
2025-07-08 17:00:00,0.3635229511509217,0.24460551094712515,0.22223037137955384
2025-07-08 17:10:00,0.36949284364421997,0.24656039166737315,0.22855808857636029
2025-07-08 17:20:00,0.37329768129046026,0.2583883306297584,0.2359800265473796
2025-07-08 17:30:00,0.38682312468448776,0.2579537442165299,0.2427074354002901
2025-07-08 17:40:00,0.3780987652603061,0.254622994367653,0.24829400239389365
2025-07-08 17:50:00,0.3899522950745221,0.25945141691369644,0.25423006510166984
2025-07-08 18:00:00,0.3939044385414042,0.2589619240834892,0.2613548928964321
2025-07-08 18:10:00,0.3976015948725631,0.2602560203124567,0.2668928819456131
2025-07-08 18:20:00,0.40004663979004207,0.26288849855349816,0.2691201929145095
2025-07-08 18:30:00,0.39757908440263434,0.25766503598834267,0.2709771968969165
2025-07-08 18:40:00,0.39878826638879905,0.25706834817210866,0.2725232799359007
2025-07-08 18:50:00,0.40270135333672025,0.2563066051396385,0.2722385489604178
2025-07-08 19:00:00,0.40228617243159887,0.25679816874581185,0.2715451591675351
2025-07-08 19:10:00,0.3970331914308337,0.2532303567435946,0.2701127018680461
2025-07-08 19:20:00,0.39692658644044115,0.2499323114870957,0.26681169831611173
2025-07-08 19:30:00,0.3902875799836415,0.24595297527781695,0.2622469192536999
2025-07-08 19:40:00,0.39055884167795907,0.239846706174974,0.25823074200769613
2025-07-08 19:50:00,0.38750437783078245,0.2402886428468958,0.2540308846560409
2025-07-08 20:00:00,0.37788385337180386,0.23869310986490727,0.2487618151746191
2025-07-08 20:10:00,0.37059551243510963,0.22335439326044573,0.2428600617696608
2025-07-08 20:20:00,0.3746735650687306,0.22259176707016815,0.23710411891815197
2025-07-08 20:30:00,0.36667560741497934,0.21786177199190002,0.22877498717502626
2025-07-08 20:40:00,0.36441706433959065,0.21331948979207277,0.2197666505973228
2025-07-08 20:50:00,0.346593445030923,0.2078714297021331,0.21226572815730932
2025-07-08 21:00:00,0.349364556292988,0.19874995864133868,0.2034401179402162
2025-07-08 21:10:00,0.33081397695617354,0.19606087487759039,0.19459171990145332
2025-07-08 21:20:00,0.32871686454075905,0.18815831710466416,0.18828663242913465
2025-07-08 21:30:00,0.31941541454380723,0.1865654985482053,0.18419738929191953
2025-07-08 21:40:00,0.30306124950683994,0.1751548514379834,0.1788506821491269
2025-07-08 21:50:00,0.2963034026407605,0.1725810465746307,0.17363127481011656
2025-07-08 22:00:00,0.2975654312810668,0.16185235365351178,0.1685110689292374
2025-07-08 22:10:00,0.2881457485334261,0.15678550560591095,0.16428792096025854
2025-07-08 22:20:00,0.29069854631176356,0.15206577328031268,0.15828485563380612
2025-07-08 22:30:00,0.27810758016255493,0.15299369875897448,0.15229156336207117
2025-07-08 22:40:00,0.2699024174150029,0.1518663931361553,0.1463453734556656
2025-07-08 22:50:00,0.2663800908629502,0.14531976025774776,0.14068944722503637
2025-07-08 23:00:00,0.24670041786264577,0.13945520932760122,0.13624601229250666
2025-07-08 23:10:00,0.24754891926999292,0.13625284341098035,0.13210311408777548
2025-07-08 23:20:00,0.2538655175773253,0.14412943441670423,0.12918202346842697
2025-07-08 23:30:00,0.23597111605391957,0.14167185310328642,0.12565635403120287
2025-07-08 23:40:00,0.2352277158067375,0.13044460550577572,0.12007898724980806
2025-07-08 23:50:00,0.23948669737574413,0.13311563226549525,0.11253754567674082
2025-07-09 00:00:00,0.2252647177324569,0.12222935607645401,0.1087665736286035
2025-07-09 00:10:00,0.23807148911250856,0.13024002770693163,0.10721773526641006
2025-07-09 00:20:00,0.2237694523262052,0.1304837204570002,0.10377621985453464
2025-07-09 00:30:00,0.22270960162997142,0.1307127824587686,0.09845313218075386
2025-07-09 00:40:00,0.23420351634164924,0.13287457245871576,0.09430488840294063
2025-07-09 00:50:00,0.23109712854287695,0.12293862210337363,0.08967079482935891
2025-07-09 01:00:00,0.22375230371737237,0.1277677728274574,0.08561712131031775
2025-07-09 01:10:00,0.22512699175114195,0.12359663406408507,0.0839183440223024
2025-07-09 01:20:00,0.2171170664893943,0.12826824467990156,0.08483919705513394
2025-07-09 01:30:00,0.22341424799664789,0.12235902322066029,0.08407220802952556
2025-07-09 01:40:00,0.22408781545417317,0.12451648941268983,0.08511948637108085
2025-07-09 01:50:00,0.22053383065478063,0.1234773328301789,0.08699903614750269
2025-07-09 02:00:00,0.2240420973935472,0.12447557037024894,0.08941819736324998
2025-07-09 02:10:00,0.22398003863048932,0.12070509016756731,0.09183662739693445
2025-07-09 02:20:00,0.22427877371721117,0.1235357524906123,0.09394959618850449
2025-07-09 02:30:00,0.229849531961035,0.12286823486872218,0.09786275793941296
2025-07-09 02:40:00,0.23660638236157408,0.12628430935860352,0.10154434054211336
2025-07-09 02:50:00,0.23782725843266023,0.13212474833508425,0.10635929152936366
2025-07-09 03:00:00,0.24749829766317694,0.1364444225281809,0.10981675229627055
2025-07-09 03:10:00,0.24007736376252314,0.13631023776354756,0.11362681617583312
2025-07-09 03:20:00,0.24123926151870492,0.13671959725487018,0.11663949887757116
2025-07-09 03:30:00,0.24908440557605183,0.14227596037388038,0.1206363611849427
2025-07-09 03:40:00,0.2576071006396701,0.1474599348691999,0.12394294289563465
2025-07-09 03:50:00,0.2569609162367245,0.14727913559728123,0.12657924757065953
2025-07-09 04:00:00,0.2663578711432422,0.14475864817165857,0.12724123363935755
2025-07-09 04:10:00,0.2686265222104182,0.15164270754527115,0.12691974196120856
2025-07-09 04:20:00,0.26279224615423136,0.1525791719254341,0.12687206184440325
2025-07-09 04:30:00,0.2692873606672141,0.1537777670358736,0.12756851205359862
2025-07-09 04:40:00,0.2754269115839083,0.15141289351390394,0.12585092097706566
2025-07-09 04:50:00,0.27736490591844826,0.15641269030652696,0.12540651845058387
2025-07-09 05:00:00,0.2836222110092821,0.15167770527497224,0.12765462239919767
2025-07-09 05:10:00,0.28385133687192093,0.1549980184204438,0.12895952046636525
2025-07-09 05:20:00,0.281594298843799,0.15317809894180573,0.1294778419301755
2025-07-09 05:30:00,0.28559328286230207,0.14619336218944046,0.12950132651440516
2025-07-09 05:40:00,0.28802094307507264,0.15247372155217506,0.13160800448426557
2025-07-09 05:50:00,0.28034542962094333,0.1434865644960574,0.13122027163708794
2025-07-09 06:00:00,0.278456232408958,0.1469930103760675,0.13090462268736133
2025-07-09 06:10:00,0.28209812359557984,0.14044386781769724,0.12781777425385726
2025-07-09 06:20:00,0.29117514352270785,0.13450157060701642,0.12486277393664172
2025-07-09 06:30:00,0.2733305942077841,0.13028950610057569,0.12013198481265333
2025-07-09 06:40:00,0.27403697746830646,0.11800085803829331,0.11426234993759872
2025-07-09 06:50:00,0.26788241182310546,0.11739248005445249,0.10836347973627762
2025-07-09 07:00:00,0.2728664145802826,0.11704373906949912,0.1018192233124087
2025-07-09 07:10:00,0.2707616275894177,0.10812023311937312,0.09419312760086426
2025-07-09 07:20:00,0.2582874704078389,0.09854205522220844,0.0839266840619711
2025-07-09 07:30:00,0.25510799196122913,0.09001691361524418,0.07518710084074433
2025-07-09 07:40:00,0.24627803461803435,0.09085289726419885,0.06818031554150267
2025-07-09 07:50:00,0.24503710122345737,0.08415115101794034,0.06229827127777249
2025-07-09 08:00:00,0.23733881878427934,0.08048051441667958,0.05483546259278296
2025-07-09 08:10:00,0.23004934481351577,0.06878005194359223,0.04772953484153532
2025-07-09 08:20:00,0.22214664676006973,0.061972591648873726,0.0419390776755022
2025-07-09 08:30:00,0.224057644471356,0.05967376308471785,0.037767550764574664
2025-07-09 08:40:00,0.20679941879841102,0.051574360920243444,0.03297414958466688
2025-07-09 08:50:00,0.2014279777693103,0.0465924484920275,0.027744193742146404
2025-07-09 09:00:00,0.18717972936805635,0.0397111454670712,0.021646646221183515
2025-07-09 09:10:00,0.18623600300071985,0.028774104845514348,0.015874592954971616
2025-07-09 09:20:00,0.19061155543571667,0.025598716649839308,0.009725979692094773
2025-07-09 09:30:00,0.16863768519811528,0.01739744197014346,0.0028808515902344354
2025-07-09 09:40:00,0.1517149020178955,0.010295566206571249,-0.0035161869473930496
2025-07-09 09:50:00,0.14957148082654861,0.007873950851554654,-0.010342423951462013
2025-07-09 10:00:00,0.14387562953783603,0.0007296620334368713,-0.01844067424584626
2025-07-09 10:10:00,0.13555661691261794,-0.008498147376279946,-0.027067502861794934
2025-07-09 10:20:00,0.12297719618350456,-0.015485380160404396,-0.035415419344204085
2025-07-09 10:30:00,0.1226413056001625,-0.01532558731353711,-0.04331689530630165
2025-07-09 10:40:00,0.11597866454588437,-0.01770110635896938,-0.051448552271011125
2025-07-09 10:50:00,0.1045062080052198,-0.021204016721018463,-0.05938161023133792
2025-07-09 11:00:00,0.10177958315200623,-0.02056427161714414,-0.06664857553789422
2025-07-09 11:10:00,0.09838757993798566,-0.02226558642001658,-0.07313889822852872
2025-07-09 11:20:00,0.0908144539569868,-0.021055774622895845,-0.07939543200477707
2025-07-09 11:30:00,0.09030019403172539,-0.022506590895883753,-0.08396981097556334
2025-07-09 11:40:00,0.08389636564323744,-0.020657208981216278,-0.08816215927644705
2025-07-09 11:50:00,0.08173300215018439,-0.025291610909503878,-0.09047986530439901
2025-07-09 12:00:00,0.09258409053080806,-0.01766271084632397,-0.09033113400151074
2025-07-09 12:10:00,0.07413399494996713,-0.014284554516518317,-0.08804121113479108
2025-07-09 12:20:00,0.07312552011478,-0.01893711883801001,-0.08498799983452417
2025-07-09 12:30:00,0.08156767044972486,-0.011820374676022483,-0.08104316477244022
2025-07-09 12:40:00,0.0783501336171026,-0.01376050754000516,-0.07742415952044185
2025-07-09 12:50:00,0.07454111667132393,-0.010783956445028137,-0.07338966925136167
2025-07-09 13:00:00,0.08101973529371904,-0.003675434037595693,-0.06972249655117768
2025-07-09 13:10:00,0.083194536368008,-3.790937051584551e-05,-0.06674989467348681
2025-07-09 13:20:00,0.08359534722357656,0.005038613601977015,-0.064284534147451
2025-07-09 13:30:00,0.0899431363666475,0.0058432847507262535,-0.06214355502531293
2025-07-09 13:40:00,0.08959393694902701,0.01399273812133415,-0.059715205851506144
2025-07-09 13:50:00,0.0953397741766617,0.016291141088560925,-0.05692629273875277
2025-07-09 14:00:00,0.1088789355150276,0.02502289170121127,-0.053813229082300386
2025-07-09 14:10:00,0.1121563063512305,0.028506436063675592,-0.05180991400748036
2025-07-09 14:20:00,0.10786882833144987,0.028910877684701054,-0.050136687160226075
2025-07-09 14:30:00,0.1290724366602437,0.03334320423614957,-0.04771450693043473
2025-07-09 14:40:00,0.13465055971761616,0.04597985188847022,-0.04589556208513922
2025-07-09 14:50:00,0.14219140513069028,0.048486682875572236,-0.04498201255017874
2025-07-09 15:00:00,0.15183313857945424,0.06061267097595854,-0.043885400729351064
2025-07-09 15:10:00,0.16507179703447059,0.07138326750992714,-0.0444117221393434
2025-07-09 15:20:00,0.172797462204459,0.08132601414536357,-0.044370955256839914
2025-07-09 15:30:00,0.1911047777765392,0.09141843428881376,-0.04207925399816721
2025-07-09 15:40:00,0.1938153171858191,0.0949462814382939,-0.03661952605467629
2025-07-09 15:50:00,0.20002743652598473,0.09915717085685932,-0.029071859081189477
2025-07-09 16:00:00,0.21380266765340064,0.11093829163308945,-0.018624565090389452
2025-07-09 16:10:00,0.2187262705923821,0.11484122761546238,-0.005964640146822347
2025-07-09 16:20:00,0.23279008861276465,0.12553621859026656,0.007461405663009936
2025-07-09 16:30:00,0.23545082561613925,0.1315149343720143,0.01902590809340405
2025-07-09 16:40:00,0.24742159186049847,0.12874964407004955,0.029924093028716757
2025-07-09 16:50:00,0.26341644483468823,0.13752346379796765,0.042306227483612915
2025-07-09 17:00:00,0.27338139097799974,0.14952933816305922,0.053729094986526296
2025-07-09 17:10:00,0.2638275602688433,0.14858796243565212,0.06363391621537617
2025-07-09 17:20:00,0.2786531587635284,0.15239401990699533,0.07357723492125237
2025-07-09 17:30:00,0.2864231282824019,0.15883588520572203,0.08307116133810255
2025-07-09 17:40:00,0.2829778037177762,0.16030647117974797,0.09273822694061111
2025-07-09 17:50:00,0.3044089220916103,0.16431700410223538,0.10216376656881561
2025-07-09 18:00:00,0.3082172925274381,0.17082893187754056,0.1088576381827375
2025-07-09 18:10:00,0.3012568893052567,0.16894991257377534,0.11614771103343981
2025-07-09 18:20:00,0.31958297417665976,0.16908899092972232,0.1226653970143142
2025-07-09 18:30:00,0.3167536620148402,0.1636792587863909,0.12843008429493966
2025-07-09 18:40:00,0.3170075000404959,0.16237075187800037,0.1343564143857102
2025-07-09 18:50:00,0.3363605698335671,0.1689675355838697,0.14145806634142263
2025-07-09 19:00:00,0.3243029054883046,0.170759814055184,0.14593814043743059
2025-07-09 19:10:00,0.32173615517988247,0.17175028679228352,0.14779192268023092
2025-07-09 19:20:00,0.32912598877007654,0.16156592298146408,0.147660040179308
2025-07-09 19:30:00,0.3173923462728064,0.16322985552465263,0.14752723441386273
2025-07-09 19:40:00,0.3221412293492514,0.15624809767293424,0.14730605165669036
2025-07-09 19:50:00,0.3286868838493644,0.1587912735915032,0.14567149201749352
2025-07-09 20:00:00,0.3104643867873758,0.15496525813822498,0.14248697377977634
2025-07-09 20:10:00,0.31086358618640936,0.14372857234818895,0.13739599685649323
2025-07-09 20:20:00,0.30862511986426916,0.13378855107784018,0.13076359801173099
2025-07-09 20:30:00,0.2886684635766585,0.13155107889828732,0.12346244660675147
2025-07-09 20:40:00,0.29391731254369896,0.1191520158654608,0.11848297618559328
2025-07-09 20:50:00,0.29034239245598087,0.12055895480221102,0.11146449831304606
2025-07-09 21:00:00,0.2811782303608457,0.10975364852944046,0.10275304327412137
2025-07-09 21:10:00,0.2774080693379325,0.098866714208414,0.09413955450338804
2025-07-09 21:20:00,0.2658278469822298,0.09381489084713236,0.08631060593805545
2025-07-09 21:30:00,0.2569450311965554,0.08550337322707295,0.07932955453728192
2025-07-09 21:40:00,0.2507696464903443,0.08443813214328834,0.07301055623952997
2025-07-09 21:50:00,0.24033572479632914,0.0810075304290549,0.0666411046539052
2025-07-09 22:00:00,0.23323464387707213,0.07399860859090289,0.05895436482019733
2025-07-09 22:10:00,0.22053437780486237,0.06347213908756931,0.05088786107141463
2025-07-09 22:20:00,0.21149558427263518,0.05190280886038562,0.04273549173306294
2025-07-09 22:30:00,0.20838618013013402,0.0483305025448637,0.036925283123591106
2025-07-09 22:40:00,0.20382471125872434,0.041963364998727194,0.03211340659208801
2025-07-09 22:50:00,0.19590234713553745,0.037011604113641544,0.02677902107005534
2025-07-09 23:00:00,0.17675726419056537,0.02972659482270262,0.019817023323944822
2025-07-09 23:10:00,0.17732215415432523,0.02066861793814132,0.013134879361311462
2025-07-09 23:20:00,0.1586180042456176,0.019087855447995676,0.007944213455412722
2025-07-09 23:30:00,0.16505895716453056,0.011477830819284687,0.00490674673708179
2025-07-09 23:40:00,0.14803189979718473,0.009987656420730006,0.0002200968525950257
2025-07-09 23:50:00,0.13614304514240114,0.012739536375423268,-0.004291419414023501
2025-07-10 00:00:00,0.14146511709003823,0.003839777653717602,-0.007906112573263123
