{"type": "FeatureCollection", "features": [{"type": "Feature", "geometry": {"type": "GeometryCollection", "geometries": [{"type": "LineString", "coordinates": [[18.844, 42.267], [18.855, 42.256]]}, {"type": "LineString", "coordinates": [[18.516, 42.436], [18.527, 42.427]]}, {"type": "Polygon", "coordinates": [[[18.438, 42.483], [18.503, 42.434], [18.516, 42.436], [18.512, 42.458], [18.622, 42.438], [18.673, 42.461], [18.709, 42.409], [18.7, 42.395], [18.57, 42.434], [18.545, 42.418], [18.579, 42.4], [18.59, 42.377], [18.649, 42.364], [18.655, 42.384], [18.68, 42.384], [18.705, 42.357], [18.689, 42.357], [18.777, 42.267], [18.788, 42.272], [18.81, 42.283], [18.891, 42.263], [18.907, 42.216], [18.965, 42.175], [19.028, 42.139], [19.073, 42.126], [19.096, 42.085], [19.08, 42.088], [19.152, 42.038], [19.152, 41.969], [19.17, 41.953], [19.156, 41.953], [19.244, 41.906], [19.313, 41.892], [19.372, 41.859], [19.381, 41.888], [19.343, 41.908], [19.37, 41.926], [19.349, 41.955], [19.388, 41.966], [19.381, 42.067], [19.403, 42.103], [19.282, 42.18], [19.421, 42.328], [19.433, 42.375], [19.484, 42.404], [19.558, 42.492], [19.567, 42.517], [19.614, 42.548], [19.619, 42.582], [19.684, 42.636], [19.695, 42.642], [19.702, 42.651], [19.713, 42.656], [19.724, 42.66], [19.754, 42.633], [19.774, 42.586], [19.76, 42.584], [19.751, 42.577], [19.754, 42.53], [19.796, 42.481], [19.83, 42.467], [19.877, 42.496], [19.902, 42.49], [19.929, 42.514], [20.01, 42.519], [20.03, 42.546], [20.079, 42.557], [20.079, 42.624], [20.111, 42.656], [20.001, 42.685], [19.98, 42.719], [19.998, 42.75], [20.066, 42.782], [20.171, 42.755], [20.205, 42.764], [20.254, 42.815], [20.304, 42.82], [20.344, 42.833], [20.356, 42.84], [20.344, 42.923], [20.281, 42.928], [20.147, 42.975], [20.12, 42.964], [20.064, 42.993], [20.05, 42.991], [20.068, 43.011], [19.976, 43.065], [19.965, 43.085], [19.832, 43.096], [19.783, 43.145], [19.758, 43.159], [19.626, 43.179], [19.583, 43.238], [19.52, 43.262], [19.507, 43.321], [19.457, 43.357], [19.442, 43.39], [19.237, 43.476], [19.224, 43.529], [19.134, 43.527], [19.049, 43.505], [19.026, 43.547], [18.99, 43.554], [18.963, 43.523], [18.916, 43.503], [18.932, 43.482], [18.947, 43.498], [18.968, 43.453], [19.013, 43.437], [19.078, 43.309], [19.033, 43.305], [19.006, 43.253], [18.952, 43.294], [18.959, 43.327], [18.909, 43.361], [18.846, 43.341], [18.835, 43.323], [18.689, 43.256], [18.714, 43.229], [18.662, 43.186], [18.658, 43.065], [18.662, 43.04], [18.519, 43.02], [18.485, 42.934], [18.498, 42.88], [18.467, 42.84], [18.476, 42.755], [18.541, 42.721], [18.568, 42.717], [18.55, 42.672], [18.577, 42.647], [18.525, 42.622], [18.552, 42.593], [18.545, 42.577], [18.498, 42.589], [18.453, 42.562], [18.447, 42.51], [18.438, 42.483]], [[18.696, 42.478], [18.676, 42.472], [18.673, 42.461], [18.696, 42.478]], [[18.761, 42.445], [18.766, 42.487], [18.696, 42.492], [18.696, 42.51], [18.653, 42.494], [18.696, 42.478], [18.761, 42.445]]]}]}, "id": "000000000000000000ad", "properties": {"name": "Montenegro"}}, {"type": "Feature", "geometry": {"type": "GeometryCollection", "geometries": [{"type": "Point", "coordinates": [10.328, 37.181]}, {"type": "Point", "coordinates": [10.236, 37.203]}, {"type": "Point", "coordinates": [10.126, 37.358]}, {"type": "Point", "coordinates": [9.41, 37.304]}, {"type": "Point", "coordinates": [8.958, 37.556]}, {"type": "Point", "coordinates": [8.88, 37.497]}, {"type": "Point", "coordinates": [8.947, 37.551]}, {"type": "Point", "coordinates": [10.283, 34.326]}, {"type": "Point", "coordinates": [11.352, 34.758]}, {"type": "Point", "coordinates": [11.364, 34.758]}, {"type": "Point", "coordinates": [11.096, 35.155]}, {"type": "Point", "coordinates": [11.168, 35.204]}, {"type": "Point", "coordinates": [11.28, 34.825]}, {"type": "Point", "coordinates": [11.209, 34.769]}, {"type": "Point", "coordinates": [10.878, 37.104]}, {"type": "LineString", "coordinates": [[10.944, 33.623], [10.926, 33.659], [10.919, 33.671], [10.908, 33.675]]}, {"type": "LineString", "coordinates": [[11.06, 35.146], [11.051, 35.153]]}, {"type": "LineString", "coordinates": [[8.758, 36.967], [8.754, 36.958]]}, {"type": "LineString", "coordinates": [[10.753, 34.71], [10.771, 34.713], [10.766, 34.722]]}, {"type": "LineString", "coordinates": [[9.881, 37.282], [9.893, 37.28], [9.895, 37.271]]}, {"type": "LineString", "coordinates": [[10.216, 37.113], [10.211, 37.125], [10.207, 37.136], [10.216, 37.149], [10.223, 37.161]]}, {"type": "LineString", "coordinates": [[10.463, 33.628], [10.458, 33.639]]}, {"type": "LineString", "coordinates": [[10.908, 34.87], [10.919, 34.868]]}, {"type": "LineString", "coordinates": [[11.123, 33.493], [11.121, 33.482], [11.132, 33.48]]}, {"type": "LineString", "coordinates": [[10.032, 34.18], [10.036, 34.171]]}, {"type": "LineString", "coordinates": [[10.135, 34.32], [10.146, 34.317]]}, {"type": "LineString", "coordinates": [[10.16, 34.331], [10.158, 34.322]]}, {"type": "LineString", "coordinates": [[10.506, 35.986], [10.494, 35.997]]}, {"type": "LineString", "coordinates": [[11.417, 33.206], [11.424, 33.197]]}, {"type": "LineString", "coordinates": [[10.211, 37.104], [10.2, 37.1], [10.205, 37.091], [10.189, 37.08]]}, {"type": "LineString", "coordinates": [[10.822, 35.73], [10.834, 35.728]]}, {"type": "LineString", "coordinates": [[10.979, 33.657], [10.991, 33.65], [11.002, 33.648], [11.002, 33.637], [10.991, 33.639], [10.991, 33.65], [10.997, 33.662], [10.968, 33.686], [10.971, 33.675], [10.975, 33.666]]}, {"type": "LineString", "coordinates": [[11.114, 33.473], [11.116, 33.462]]}, {"type": "LineString", "coordinates": [[11.251, 33.3], [11.301, 33.278], [11.314, 33.271], [11.328, 33.264], [11.366, 33.242], [11.381, 33.239], [11.415, 33.217]]}, {"type": "LineString", "coordinates": [[11.227, 34.796], [11.218, 34.802]]}, {"type": "LineString", "coordinates": [[11.157, 35.216], [11.155, 35.227]]}, {"type": "LineString", "coordinates": [[10.777, 33.686], [10.773, 33.695]]}, {"type": "LineString", "coordinates": [[11.002, 35.77], [11.013, 35.766], [11.002, 35.759]]}, {"type": "LineString", "coordinates": [[10.867, 33.59], [10.869, 33.579]]}, {"type": "LineString", "coordinates": [[10.892, 33.913], [10.919, 33.9], [10.928, 33.893], [10.937, 33.882]]}, {"type": "LineString", "coordinates": [[11.31, 34.829], [11.321, 34.818], [11.334, 34.816]]}, {"type": "LineString", "coordinates": [[11.319, 34.753], [11.339, 34.76]]}, {"type": "LineString", "coordinates": [[11.296, 34.807], [11.319, 34.802]]}, {"type": "LineString", "coordinates": [[11.184, 34.749], [11.173, 34.762]]}, {"type": "LineString", "coordinates": [[9.836, 37.232], [9.823, 37.232]]}, {"type": "LineString", "coordinates": [[8.462, 36.664], [8.451, 36.662]]}, {"type": "LineString", "coordinates": [[11.447, 33.199], [11.429, 33.208]]}, {"type": "LineString", "coordinates": [[10.575, 33.655], [10.562, 33.653]]}, {"type": "LineString", "coordinates": [[10.059, 34.223], [10.048, 34.219]]}, {"type": "LineString", "coordinates": [[11.069, 35.503], [11.081, 35.51]]}, {"type": "LineString", "coordinates": [[10.517, 36.002], [10.524, 35.975]]}, {"type": "LineString", "coordinates": [[10.173, 37.12], [10.182, 37.129]]}, {"type": "LineString", "coordinates": [[10.263, 37.176], [10.281, 37.176]]}, {"type": "Polygon", "coordinates": [[[10.2, 37.113], [10.211, 37.104], [10.216, 37.113], [10.2, 37.113]]]}, {"type": "Polygon", "coordinates": [[[11.02, 35.793], [11.04, 35.793], [11.038, 35.804], [11.02, 35.793]]]}, {"type": "Polygon", "coordinates": [[[10.31, 34.38], [10.306, 34.358], [10.319, 34.358], [10.31, 34.38]]]}, {"type": "Polygon", "coordinates": [[[10.719, 33.74], [10.708, 33.733], [10.721, 33.727], [10.719, 33.74]]]}, {"type": "Polygon", "coordinates": [[[10.86, 33.599], [10.867, 33.59], [10.874, 33.601], [10.86, 33.599]]]}, {"type": "Polygon", "coordinates": [[[11.429, 33.208], [11.415, 33.217], [11.417, 33.206], [11.429, 33.208]]]}, {"type": "Polygon", "coordinates": [[[10.791, 37.118], [10.82, 37.125], [10.813, 37.134], [10.8, 37.134], [10.791, 37.118]]]}, {"type": "Polygon", "coordinates": [[[11.294, 34.769], [11.307, 34.762], [11.305, 34.771], [11.292, 34.78], [11.294, 34.769]]]}, {"type": "Polygon", "coordinates": [[[10.337, 34.407], [10.351, 34.403], [10.351, 34.414], [10.339, 34.416], [10.337, 34.407]]]}, {"type": "Polygon", "coordinates": [[[8.9, 37.518], [8.945, 37.52], [8.952, 37.533], [8.938, 37.533], [8.922, 37.531], [8.9, 37.518]]]}, {"type": "Polygon", "coordinates": [[[11.123, 34.661], [11.04, 34.672], [10.995, 34.672], [10.971, 34.654], [11.049, 34.612], [11.105, 34.654], [11.123, 34.661]]]}, {"type": "Polygon", "coordinates": [[[11.123, 34.661], [11.197, 34.699], [11.209, 34.699], [11.253, 34.713], [11.287, 34.733], [11.301, 34.726], [11.31, 34.744], [11.319, 34.753], [11.307, 34.762], [11.298, 34.753], [11.271, 34.78], [11.292, 34.78], [11.287, 34.789], [11.287, 34.8], [11.296, 34.807], [11.276, 34.816], [11.258, 34.832], [11.247, 34.823], [11.251, 34.811], [11.238, 34.811], [11.244, 34.802], [11.249, 34.793], [11.238, 34.789], [11.215, 34.782], [11.229, 34.755], [11.209, 34.742], [11.184, 34.749], [11.134, 34.699], [11.137, 34.69], [11.123, 34.661]]]}, {"type": "Polygon", "coordinates": [[[10.789, 33.702], [10.807, 33.729], [10.836, 33.731], [10.878, 33.682], [10.874, 33.637], [10.887, 33.632], [10.896, 33.673], [10.908, 33.675], [10.959, 33.725], [10.968, 33.718], [10.968, 33.686], [10.986, 33.702], [10.995, 33.749], [11.013, 33.758], [11.049, 33.778], [11.06, 33.783], [11.049, 33.83], [11.027, 33.83], [10.937, 33.882], [10.867, 33.882], [10.858, 33.888], [10.798, 33.902], [10.786, 33.902], [10.775, 33.897], [10.744, 33.879], [10.746, 33.87], [10.741, 33.783], [10.735, 33.774], [10.728, 33.765], [10.73, 33.747], [10.741, 33.716], [10.777, 33.704], [10.789, 33.702]]]}, {"type": "Polygon", "coordinates": [[[10.562, 33.653], [10.463, 33.628], [10.452, 33.626], [10.441, 33.632], [10.447, 33.641], [10.458, 33.639], [10.467, 33.648], [10.479, 33.653], [10.416, 33.673], [10.382, 33.682], [10.366, 33.691], [10.355, 33.7], [10.295, 33.742], [10.281, 33.749], [10.268, 33.765], [10.131, 33.875], [10.119, 33.891], [10.11, 33.9], [10.108, 33.92], [10.099, 33.929], [10.05, 33.998], [10.016, 34.167], [10.021, 34.187], [10.032, 34.18], [10.041, 34.187], [10.045, 34.21], [10.048, 34.219], [10.043, 34.228], [10.059, 34.223], [10.122, 34.317], [10.135, 34.32], [10.16, 34.331], [10.171, 34.326], [10.191, 34.365], [10.209, 34.347], [10.261, 34.374], [10.272, 34.376], [10.286, 34.412], [10.297, 34.407], [10.328, 34.396], [10.337, 34.407], [10.326, 34.405], [10.328, 34.414], [10.339, 34.416], [10.362, 34.425], [10.382, 34.43], [10.436, 34.49], [10.483, 34.515], [10.499, 34.513], [10.501, 34.522], [10.542, 34.517], [10.553, 34.522], [10.564, 34.526], [10.598, 34.542], [10.607, 34.558], [10.607, 34.589], [10.618, 34.596], [10.661, 34.634], [10.715, 34.641], [10.748, 34.692], [10.753, 34.71], [10.753, 34.724], [10.766, 34.722], [10.782, 34.722], [10.784, 34.746], [10.851, 34.796], [10.869, 34.809], [10.865, 34.827], [10.908, 34.87], [10.921, 34.919], [10.935, 34.975], [11.013, 35.029], [11.02, 35.038], [11.031, 35.043], [11.024, 35.074], [11.051, 35.153], [11.087, 35.164], [11.09, 35.178], [11.099, 35.184], [11.108, 35.207], [11.128, 35.227], [11.155, 35.227], [11.168, 35.231], [11.065, 35.299], [11.033, 35.362], [11.042, 35.386], [11.049, 35.395], [11.054, 35.476], [11.06, 35.49], [11.069, 35.503], [11.031, 35.548], [11.047, 35.627], [11.027, 35.642], [11.004, 35.638], [10.894, 35.676], [10.822, 35.708], [10.825, 35.716], [10.822, 35.73], [10.822, 35.741], [10.843, 35.764], [10.836, 35.773], [10.834, 35.782], [10.795, 35.779], [10.777, 35.777], [10.719, 35.77], [10.681, 35.784], [10.683, 35.793], [10.647, 35.815], [10.6, 35.887], [10.595, 35.896], [10.537, 35.97], [10.524, 35.975], [10.503, 35.977], [10.506, 35.986], [10.494, 35.986], [10.494, 35.997], [10.517, 36.002], [10.508, 36.033], [10.483, 36.056], [10.474, 36.213], [10.537, 36.363], [10.546, 36.37], [10.589, 36.401], [10.638, 36.399], [10.766, 36.451], [10.777, 36.451], [10.789, 36.453], [10.802, 36.455], [11.002, 36.761], [11.09, 36.833], [11.105, 36.837], [11.116, 36.833], [11.125, 36.851], [11.132, 36.878], [11.103, 36.927], [11.074, 36.988], [11.058, 37.033], [11.072, 37.044], [11.074, 37.053], [11.036, 37.089], [11.015, 37.066], [11.004, 37.064], [10.93, 37.05], [10.91, 37.05], [10.908, 37.041], [10.91, 37.03], [10.905, 37.021], [10.91, 37.006], [10.89, 36.994], [10.872, 36.976], [10.699, 36.88], [10.613, 36.88], [10.569, 36.837], [10.569, 36.826], [10.535, 36.756], [10.463, 36.729], [10.371, 36.72], [10.339, 36.734], [10.286, 36.783], [10.286, 36.797], [10.301, 36.803], [10.31, 36.81], [10.317, 36.824], [10.321, 36.837], [10.326, 36.846], [10.335, 36.853], [10.351, 36.864], [10.315, 36.918], [10.301, 36.92], [10.209, 36.979], [10.18, 37.071], [10.189, 37.08], [10.191, 37.091], [10.2, 37.1], [10.2, 37.113], [10.185, 37.118], [10.173, 37.12], [10.135, 37.143], [10.167, 37.167], [10.223, 37.161], [10.232, 37.154], [10.263, 37.176], [10.209, 37.196], [10.117, 37.237], [10.079, 37.253], [10.07, 37.268], [9.969, 37.248], [9.933, 37.253], [9.895, 37.271], [9.884, 37.268], [9.881, 37.282], [9.854, 37.333], [9.76, 37.336], [9.747, 37.345], [9.735, 37.342], [9.668, 37.34], [9.659, 37.333], [9.58, 37.295], [9.547, 37.302], [9.495, 37.28], [9.484, 37.273], [9.39, 37.264], [9.309, 37.23], [9.248, 37.217], [9.223, 37.219], [9.226, 37.228], [9.212, 37.237], [9.113, 37.161], [9.023, 37.134], [8.963, 37.077], [8.826, 36.972], [8.767, 36.952], [8.754, 36.958], [8.725, 36.965], [8.702, 36.963], [8.689, 36.961], [8.678, 36.956], [8.648, 36.945], [8.653, 36.916], [8.628, 36.887], [8.626, 36.857], [8.682, 36.837], [8.619, 36.792], [8.592, 36.792], [8.559, 36.774], [8.469, 36.772], [8.431, 36.759], [8.449, 36.747], [8.471, 36.741], [8.48, 36.68], [8.462, 36.664], [8.446, 36.622], [8.397, 36.608], [8.377, 36.595], [8.276, 36.536], [8.17, 36.503], [8.157, 36.494], [8.177, 36.458], [8.338, 36.433], [8.347, 36.44], [8.41, 36.41], [8.379, 36.341], [8.381, 36.296], [8.343, 36.264], [8.352, 36.226], [8.309, 36.161], [8.343, 36.112], [8.298, 36.02], [8.278, 35.948], [8.255, 35.907], [8.271, 35.907], [8.253, 35.885], [8.267, 35.869], [8.264, 35.73], [8.318, 35.685], [8.359, 35.656], [8.363, 35.517], [8.383, 35.465], [8.35, 35.454], [8.327, 35.42], [8.316, 35.413], [8.33, 35.404], [8.312, 35.315], [8.347, 35.279], [8.442, 35.238], [8.473, 35.24], [8.374, 35.108], [8.316, 35.002], [8.316, 34.946], [8.253, 34.926], [8.294, 34.744], [8.307, 34.728], [8.237, 34.674], [8.278, 34.659], [8.249, 34.636], [8.249, 34.614], [8.21, 34.603], [8.213, 34.582], [8.175, 34.576], [8.136, 34.531], [8.098, 34.511], [8.08, 34.511], [7.988, 34.452], [7.941, 34.436], [7.914, 34.414], [7.856, 34.405], [7.822, 34.272], [7.793, 34.205], [7.723, 34.165], [7.654, 34.196], [7.6, 34.111], [7.568, 34.095], [7.579, 34.091], [7.528, 34.064], [7.555, 34.019], [7.523, 33.904], [7.543, 33.83], [7.526, 33.796], [7.588, 33.749], [7.566, 33.727], [7.597, 33.689], [7.602, 33.63], [7.629, 33.572], [7.743, 33.424], [7.811, 33.212], [7.853, 33.177], [7.905, 33.172], [8.132, 33.078], [8.107, 33.067], [8.105, 33.049], [8.325, 32.813], [8.356, 32.501], [9.071, 32.09], [9.551, 30.246], [9.616, 30.25], [9.832, 30.345], [9.886, 30.349], [9.971, 30.428], [10.056, 30.545], [10.225, 30.731], [10.288, 30.857], [10.301, 30.922], [10.279, 31.057], [10.286, 31.097], [10.144, 31.423], [10.146, 31.501], [10.313, 31.706], [10.393, 31.742], [10.481, 31.733], [10.562, 31.773], [10.595, 31.834], [10.645, 31.89], [10.629, 31.932], [10.654, 31.977], [10.679, 31.986], [10.741, 31.984], [10.795, 32.0], [10.858, 32.11], [11.015, 32.195], [11.215, 32.28], [11.393, 32.334], [11.527, 32.402], [11.599, 32.523], [11.494, 32.642], [11.501, 32.826], [11.494, 32.907], [11.53, 32.997], [11.532, 33.087], [11.563, 33.165], [11.447, 33.199], [11.442, 33.186], [11.422, 33.179], [11.384, 33.183], [11.211, 33.208], [11.195, 33.203], [11.168, 33.226], [11.15, 33.26], [11.121, 33.284], [11.128, 33.314], [11.218, 33.302], [11.251, 33.3], [11.175, 33.336], [11.141, 33.367], [11.128, 33.367], [11.125, 33.381], [11.137, 33.383], [11.11, 33.399], [11.108, 33.41], [11.096, 33.457], [11.114, 33.473], [11.121, 33.482], [11.112, 33.491], [11.123, 33.493], [11.087, 33.585], [11.047, 33.626], [11.002, 33.637], [10.966, 33.626], [10.953, 33.63], [10.944, 33.623], [10.914, 33.612], [10.944, 33.556], [10.914, 33.527], [10.777, 33.475], [10.744, 33.477], [10.699, 33.5], [10.694, 33.529], [10.683, 33.547], [10.735, 33.599], [10.744, 33.659], [10.726, 33.707], [10.658, 33.684], [10.575, 33.655], [10.573, 33.639], [10.562, 33.653]], [[10.463, 36.008], [10.461, 35.999], [10.472, 35.995], [10.481, 36.004], [10.463, 36.008]], [[9.812, 37.244], [9.809, 37.235], [9.8, 37.223], [9.785, 37.217], [9.78, 37.226], [9.769, 37.223], [9.771, 37.214], [9.787, 37.208], [9.785, 37.199], [9.783, 37.181], [9.807, 37.167], [9.814, 37.152], [9.845, 37.136], [9.904, 37.154], [9.937, 37.217], [9.861, 37.23], [9.848, 37.23], [9.836, 37.232], [9.839, 37.241], [9.857, 37.248], [9.868, 37.266], [9.825, 37.244], [9.823, 37.232], [9.812, 37.244]]]}]}, "id": "00000000000000000029", "properties": {"name": "Tunisia"}}, {"type": "Feature", "geometry": {"type": "GeometryCollection", "geometries": [{"type": "Point", "coordinates": [-1.482, 35.319]}, {"type": "Point", "coordinates": [-0.903, 35.77]}, {"type": "Point", "coordinates": [-1.118, 35.732]}, {"type": "Point", "coordinates": [-1.13, 35.723]}, {"type": "Point", "coordinates": [4.999, 36.828]}, {"type": "Point", "coordinates": [7.195, 37.093]}, {"type": "Point", "coordinates": [7.33, 37.084]}, {"type": "Point", "coordinates": [6.737, 36.965]}, {"type": "LineString", "coordinates": [[-0.261, 35.815], [-0.258, 35.827], [-0.24, 35.82]]}, {"type": "LineString", "coordinates": [[6.944, 36.882], [6.942, 36.891], [6.928, 36.882]]}, {"type": "LineString", "coordinates": [[-0.662, 35.716], [-0.676, 35.723], [-0.692, 35.728], [-0.705, 35.741]]}, {"type": "LineString", "coordinates": [[-0.296, 35.858], [-0.29, 35.849], [-0.305, 35.842]]}, {"type": "LineString", "coordinates": [[-0.243, 35.809], [-0.24, 35.82], [-0.231, 35.806]]}, {"type": "LineString", "coordinates": [[6.793, 36.954], [6.787, 36.963]]}, {"type": "LineString", "coordinates": [[6.888, 36.936], [6.877, 36.934]]}, {"type": "LineString", "coordinates": [[5.877, 36.817], [5.897, 36.828], [5.895, 36.819]]}, {"type": "LineString", "coordinates": [[5.666, 36.797], [5.648, 36.801]]}, {"type": "LineString", "coordinates": [[3.068, 36.776], [3.079, 36.776]]}, {"type": "LineString", "coordinates": [[3.072, 36.759], [3.083, 36.763]]}, {"type": "LineString", "coordinates": [[0.067, 35.934], [0.079, 35.934]]}, {"type": "LineString", "coordinates": [[6.751, 36.949], [6.753, 36.958]]}, {"type": "LineString", "coordinates": [[6.686, 36.949], [6.679, 36.958]]}, {"type": "LineString", "coordinates": [[6.62, 36.972], [6.632, 36.974]]}, {"type": "LineString", "coordinates": [[6.573, 37.003], [6.58, 37.015]]}, {"type": "LineString", "coordinates": [[3.917, 36.911], [3.921, 36.922]]}, {"type": "LineString", "coordinates": [[2.845, 36.756], [2.843, 36.765]]}, {"type": "LineString", "coordinates": [[-1.482, 35.292], [-1.482, 35.303]]}, {"type": "LineString", "coordinates": [[-3.771, 31.295], [-3.782, 31.286]]}, {"type": "LineString", "coordinates": [[-3.737, 31.124], [-3.732, 31.115]]}, {"type": "LineString", "coordinates": [[2.637, 20.048], [2.632, 20.039]]}, {"type": "LineString", "coordinates": [[8.132, 33.078], [8.143, 33.082]]}, {"type": "LineString", "coordinates": [[8.213, 34.582], [8.222, 34.576]]}, {"type": "LineString", "coordinates": [[8.307, 34.728], [8.321, 34.733]]}, {"type": "LineString", "coordinates": [[7.779, 36.958], [7.782, 36.967], [7.793, 36.965]]}, {"type": "Polygon", "coordinates": [[[7.191, 37.075], [7.177, 37.084], [7.162, 37.082], [7.191, 37.075]]]}, {"type": "Polygon", "coordinates": [[[7.393, 37.082], [7.382, 37.084], [7.355, 37.071], [7.305, 37.075], [7.296, 37.082], [7.285, 37.075], [7.263, 37.071], [7.254, 37.077], [7.209, 37.089], [7.191, 37.075], [7.254, 37.017], [7.211, 36.949], [7.146, 36.916], [7.135, 36.907], [7.115, 36.913], [7.07, 36.913], [6.973, 36.887], [6.955, 36.884], [6.944, 36.882], [6.928, 36.882], [6.917, 36.884], [6.908, 36.891], [6.894, 36.889], [6.881, 36.925], [6.877, 36.934], [6.847, 36.936], [6.847, 36.949], [6.793, 36.954], [6.784, 36.947], [6.751, 36.949], [6.719, 36.947], [6.706, 36.958], [6.686, 36.949], [6.663, 36.958], [6.627, 36.963], [6.62, 36.972], [6.569, 36.985], [6.573, 37.003], [6.569, 37.028], [6.542, 37.037], [6.544, 37.053], [6.51, 37.066], [6.468, 37.089], [6.335, 37.066], [6.286, 37.035], [6.263, 37.024], [6.241, 36.983], [6.263, 36.949], [6.221, 36.911], [6.068, 36.866], [5.895, 36.819], [5.877, 36.817], [5.781, 36.812], [5.772, 36.828], [5.731, 36.819], [5.72, 36.821], [5.693, 36.819], [5.666, 36.797], [5.626, 36.779], [5.599, 36.776], [5.552, 36.738], [5.554, 36.729], [5.536, 36.7], [5.511, 36.689], [5.493, 36.678], [5.475, 36.678], [5.477, 36.669], [5.437, 36.657], [5.244, 36.642], [5.089, 36.705], [5.078, 36.723], [5.08, 36.736], [5.093, 36.754], [5.102, 36.761], [5.107, 36.776], [5.096, 36.774], [5.015, 36.801], [4.988, 36.819], [4.979, 36.812], [4.914, 36.848], [4.878, 36.857], [4.81, 36.873], [4.808, 36.882], [4.792, 36.884], [4.79, 36.893], [4.653, 36.884], [4.492, 36.896], [4.44, 36.909], [4.422, 36.909], [4.404, 36.891], [4.312, 36.896], [4.285, 36.907], [4.184, 36.896], [4.159, 36.909], [4.116, 36.891], [4.0, 36.902], [3.926, 36.905], [3.917, 36.911], [3.883, 36.92], [3.856, 36.913], [3.717, 36.878], [3.699, 36.853], [3.562, 36.806], [3.481, 36.768], [3.339, 36.783], [3.236, 36.815], [3.227, 36.808], [3.234, 36.794], [3.198, 36.754], [3.113, 36.743], [3.072, 36.759], [3.061, 36.763], [3.068, 36.776], [3.07, 36.785], [3.039, 36.81], [3.021, 36.815], [3.007, 36.817], [2.987, 36.812], [2.96, 36.812], [2.899, 36.806], [2.899, 36.794], [2.859, 36.761], [2.845, 36.756], [2.843, 36.747], [2.834, 36.729], [2.776, 36.684], [2.697, 36.653], [2.686, 36.646], [2.675, 36.64], [2.666, 36.633], [2.592, 36.599], [2.578, 36.597], [2.56, 36.595], [2.549, 36.592], [2.5, 36.592], [2.488, 36.592], [2.477, 36.595], [2.459, 36.597], [2.448, 36.597], [2.43, 36.595], [2.407, 36.617], [2.403, 36.631], [2.342, 36.642], [2.203, 36.61], [2.075, 36.579], [2.05, 36.574], [1.929, 36.572], [1.918, 36.577], [1.9, 36.574], [1.716, 36.554], [1.637, 36.55], [1.57, 36.534], [1.523, 36.536], [1.471, 36.532], [1.455, 36.541], [1.392, 36.538], [1.377, 36.55], [1.359, 36.552], [1.314, 36.527], [1.303, 36.514], [1.289, 36.509], [1.177, 36.509], [1.107, 36.491], [1.096, 36.496], [0.93, 36.44], [0.912, 36.399], [0.84, 36.363], [0.806, 36.366], [0.741, 36.334], [0.654, 36.325], [0.519, 36.255], [0.404, 36.208], [0.348, 36.195], [0.328, 36.166], [0.319, 36.157], [0.31, 36.15], [0.299, 36.145], [0.2, 36.101], [0.137, 36.044], [0.101, 35.984], [0.088, 35.952], [0.083, 35.943], [0.079, 35.934], [0.065, 35.923], [0.054, 35.923], [0.011, 35.849], [-0.074, 35.804], [-0.146, 35.791], [-0.177, 35.8], [-0.231, 35.806], [-0.243, 35.809], [-0.261, 35.815], [-0.305, 35.842], [-0.31, 35.851], [-0.296, 35.858], [-0.292, 35.867], [-0.292, 35.878], [-0.339, 35.896], [-0.337, 35.905], [-0.389, 35.901], [-0.406, 35.889], [-0.46, 35.88], [-0.472, 35.887], [-0.483, 35.871], [-0.485, 35.838], [-0.526, 35.77], [-0.561, 35.768], [-0.624, 35.714], [-0.649, 35.712], [-0.662, 35.716], [-0.68, 35.712], [-0.692, 35.716], [-0.692, 35.728], [-0.705, 35.73], [-0.705, 35.741], [-0.773, 35.75], [-0.795, 35.764], [-0.799, 35.773], [-0.829, 35.761], [-0.847, 35.728], [-0.896, 35.705], [-0.934, 35.728], [-0.945, 35.723], [-0.963, 35.708], [-0.97, 35.699], [-0.977, 35.69], [-1.022, 35.681], [-1.042, 35.669], [-1.051, 35.663], [-1.058, 35.654], [-1.069, 35.64], [-1.116, 35.611], [-1.163, 35.573], [-1.195, 35.575], [-1.197, 35.555], [-1.204, 35.544], [-1.206, 35.535], [-1.219, 35.51], [-1.226, 35.472], [-1.242, 35.436], [-1.269, 35.38], [-1.289, 35.355], [-1.338, 35.339], [-1.361, 35.317], [-1.377, 35.31], [-1.39, 35.308], [-1.469, 35.299], [-1.482, 35.292], [-1.57, 35.254], [-1.628, 35.213], [-1.639, 35.213], [-1.655, 35.182], [-1.707, 35.173], [-1.772, 35.119], [-1.81, 35.126], [-1.851, 35.108], [-1.871, 35.101], [-1.981, 35.074], [-2.104, 35.081], [-2.118, 35.092], [-2.16, 35.101], [-2.183, 35.088], [-2.194, 35.085], [-2.214, 35.074], [-2.176, 35.023], [-2.032, 34.933], [-1.987, 34.937], [-1.963, 34.874], [-1.907, 34.852], [-1.866, 34.809], [-1.747, 34.755], [-1.776, 34.733], [-1.776, 34.708], [-1.848, 34.625], [-1.824, 34.616], [-1.734, 34.515], [-1.696, 34.504], [-1.779, 34.385], [-1.705, 34.311], [-1.709, 34.228], [-1.646, 34.106], [-1.698, 33.87], [-1.669, 33.772], [-1.727, 33.733], [-1.736, 33.7], [-1.678, 33.675], [-1.651, 33.68], [-1.612, 33.619], [-1.594, 33.608], [-1.599, 33.547], [-1.594, 33.52], [-1.619, 33.466], [-1.633, 33.428], [-1.662, 33.349], [-1.664, 33.269], [-1.581, 33.17], [-1.516, 33.098], [-1.484, 33.082], [-1.464, 33.035], [-1.489, 32.972], [-1.541, 32.954], [-1.365, 32.736], [-1.269, 32.696], [-0.997, 32.516], [-1.098, 32.426], [-1.136, 32.415], [-1.206, 32.393], [-1.237, 32.332], [-1.244, 32.314], [-1.242, 32.209], [-1.296, 32.161], [-1.195, 32.17], [-1.152, 32.11], [-1.26, 32.076], [-1.478, 32.096], [-1.615, 32.101], [-1.799, 32.137], [-1.92, 32.164], [-1.922, 32.155], [-1.983, 32.17], [-2.044, 32.164], [-2.16, 32.139], [-2.277, 32.161], [-2.538, 32.146], [-2.594, 32.112], [-2.904, 32.119], [-2.928, 32.029], [-2.839, 31.861], [-2.825, 31.8], [-3.667, 31.634], [-3.674, 31.371], [-3.732, 31.337], [-3.739, 31.353], [-3.762, 31.331], [-3.771, 31.295], [-3.762, 31.277], [-3.764, 31.256], [-3.786, 31.234], [-3.768, 31.214], [-3.762, 31.164], [-3.768, 31.122], [-3.737, 31.124], [-3.728, 31.137], [-3.705, 31.176], [-3.67, 31.153], [-3.67, 31.088], [-3.629, 31.106], [-3.616, 31.122], [-3.586, 31.057], [-3.56, 31.061], [-3.548, 31.066], [-3.537, 30.994], [-3.546, 30.969], [-3.548, 30.935], [-3.582, 30.917], [-3.613, 30.866], [-3.647, 30.85], [-3.658, 30.774], [-3.62, 30.758], [-3.638, 30.699], [-3.84, 30.628], [-3.984, 30.596], [-4.148, 30.585], [-4.323, 30.529], [-4.599, 30.289], [-4.936, 30.14], [-5.302, 29.873], [-5.329, 29.835], [-5.322, 29.781], [-5.567, 29.487], [-5.641, 29.5], [-5.691, 29.536], [-5.709, 29.518], [-5.749, 29.523], [-5.72, 29.581], [-5.805, 29.615], [-5.884, 29.595], [-6.064, 29.563], [-6.196, 29.583], [-6.259, 29.568], [-6.371, 29.57], [-6.4, 29.561], [-6.483, 29.552], [-6.524, 29.52], [-6.65, 29.52], [-6.722, 29.5], [-6.775, 29.462], [-6.85, 29.473], [-6.906, 29.5], [-6.991, 29.505], [-7.045, 29.5], [-7.121, 29.525], [-7.254, 29.471], [-7.339, 29.397], [-7.532, 29.363], [-7.615, 29.368], [-7.649, 29.305], [-7.786, 29.251], [-7.957, 29.141], [-8.172, 29.002], [-8.233, 28.984], [-8.464, 28.795], [-8.666, 28.714], [-8.666, 27.313], [-4.846, 25.006], [-2.25, 23.356], [1.157, 21.124], [1.192, 20.937], [1.166, 20.735], [1.235, 20.724], [1.329, 20.724], [1.363, 20.665], [1.601, 20.594], [1.669, 20.526], [1.66, 20.495], [1.678, 20.486], [1.671, 20.443], [1.671, 20.398], [1.738, 20.349], [1.754, 20.351], [1.776, 20.326], [1.799, 20.29], [1.884, 20.288], [1.9, 20.237], [1.918, 20.225], [1.949, 20.254], [2.017, 20.234], [2.041, 20.263], [2.084, 20.237], [2.131, 20.237], [2.147, 20.252], [2.192, 20.27], [2.196, 20.308], [2.268, 20.281], [2.306, 20.266], [2.306, 20.223], [2.365, 20.144], [2.389, 20.144], [2.398, 20.113], [2.374, 20.082], [2.385, 20.052], [2.378, 20.021], [2.446, 20.059], [2.45, 20.086], [2.466, 20.108], [2.509, 20.086], [2.517, 20.093], [2.556, 20.039], [2.612, 20.046], [2.637, 20.048], [2.663, 20.052], [2.675, 20.084], [2.706, 20.055], [2.735, 19.989], [2.756, 19.994], [2.782, 19.972], [2.841, 19.96], [2.868, 19.963], [2.881, 19.956], [2.906, 19.963], [3.016, 19.929], [3.043, 19.906], [3.092, 19.891], [3.191, 19.843], [3.254, 19.832], [3.243, 19.736], [3.232, 19.673], [3.25, 19.628], [3.232, 19.578], [3.263, 19.518], [3.25, 19.482], [3.261, 19.439], [3.209, 19.43], [3.175, 19.356], [3.202, 19.284], [3.124, 19.181], [3.126, 19.123], [3.277, 19.031], [3.299, 18.997], [3.337, 18.988], [3.351, 18.968], [5.819, 19.446], [7.46, 20.841], [11.999, 23.513], [11.611, 24.261], [11.431, 24.2], [11.045, 24.436], [11.009, 24.472], [10.834, 24.519], [10.708, 24.564], [10.481, 24.479], [10.423, 24.479], [10.25, 24.62], [10.207, 24.757], [10.054, 24.838], [10.032, 25.155], [10.027, 25.334], [9.401, 26.197], [9.5, 26.338], [9.524, 26.383], [9.866, 26.522], [9.917, 26.648], [9.902, 26.745], [9.926, 26.857], [9.879, 26.913], [9.843, 27.034], [9.809, 27.221], [9.783, 27.275], [9.791, 27.347], [9.78, 27.349], [9.83, 27.484], [9.861, 27.506], [9.877, 27.56], [9.83, 27.571], [9.89, 27.612], [9.942, 27.737], [9.946, 27.845], [9.962, 27.881], [9.836, 28.285], [9.906, 28.764], [9.875, 29.026], [9.783, 29.426], [9.538, 29.904], [9.419, 30.041], [9.39, 30.165], [9.551, 30.246], [9.071, 32.09], [8.356, 32.501], [8.323, 32.822], [8.105, 33.049], [8.107, 33.067], [8.132, 33.078], [7.894, 33.177], [7.853, 33.177], [7.811, 33.212], [7.732, 33.439], [7.622, 33.585], [7.593, 33.648], [7.597, 33.689], [7.566, 33.727], [7.582, 33.758], [7.526, 33.796], [7.543, 33.841], [7.528, 33.915], [7.555, 34.019], [7.528, 34.064], [7.579, 34.091], [7.568, 34.095], [7.6, 34.111], [7.654, 34.196], [7.723, 34.165], [7.8, 34.216], [7.853, 34.383], [7.856, 34.405], [7.932, 34.423], [7.975, 34.448], [8.006, 34.457], [8.08, 34.511], [8.114, 34.515], [8.163, 34.551], [8.161, 34.569], [8.213, 34.582], [8.21, 34.603], [8.249, 34.614], [8.249, 34.636], [8.278, 34.659], [8.237, 34.674], [8.307, 34.728], [8.282, 34.789], [8.253, 34.926], [8.316, 34.946], [8.327, 35.034], [8.374, 35.108], [8.419, 35.166], [8.473, 35.24], [8.406, 35.245], [8.325, 35.29], [8.314, 35.375], [8.33, 35.404], [8.316, 35.413], [8.327, 35.42], [8.352, 35.463], [8.383, 35.465], [8.35, 35.611], [8.356, 35.665], [8.264, 35.73], [8.271, 35.878], [8.253, 35.885], [8.271, 35.907], [8.255, 35.907], [8.278, 35.948], [8.298, 36.02], [8.323, 36.087], [8.343, 36.112], [8.312, 36.179], [8.352, 36.24], [8.347, 36.273], [8.388, 36.307], [8.381, 36.354], [8.401, 36.377], [8.406, 36.422], [8.347, 36.44], [8.307, 36.433], [8.177, 36.458], [8.157, 36.494], [8.177, 36.511], [8.244, 36.527], [8.323, 36.561], [8.377, 36.595], [8.417, 36.622], [8.446, 36.622], [8.462, 36.664], [8.482, 36.698], [8.46, 36.75], [8.437, 36.745], [8.431, 36.759], [8.518, 36.776], [8.579, 36.781], [8.601, 36.799], [8.619, 36.792], [8.682, 36.837], [8.626, 36.857], [8.637, 36.909], [8.646, 36.925], [8.637, 36.94], [8.624, 36.936], [8.556, 36.925], [8.518, 36.909], [8.507, 36.907], [8.442, 36.898], [8.431, 36.896], [8.359, 36.922], [8.305, 36.918], [8.267, 36.918], [8.242, 36.945], [8.199, 36.94], [8.132, 36.907], [8.116, 36.905], [7.93, 36.846], [7.808, 36.851], [7.773, 36.869], [7.764, 36.875], [7.766, 36.896], [7.777, 36.898], [7.777, 36.909], [7.768, 36.94], [7.779, 36.958], [7.768, 36.961], [7.757, 36.958], [7.707, 36.949], [7.703, 36.963], [7.676, 36.967], [7.654, 36.974], [7.642, 36.967], [7.597, 36.97], [7.503, 37.041], [7.429, 37.039], [7.386, 37.057], [7.393, 37.082]], [[-3.64, 31.149], [-3.647, 31.117], [-3.629, 31.106], [-3.64, 31.149]]]}]}, "id": "0000000000000000002c", "properties": {"name": "Algeria"}}, {"type": "Feature", "geometry": {"type": "GeometryCollection", "geometries": [{"type": "Point", "coordinates": [15.458, 43.087]}, {"type": "Point", "coordinates": [16.174, 43.408]}, {"type": "Point", "coordinates": [14.575, 44.668]}, {"type": "LineString", "coordinates": [[14.851, 44.385], [14.867, 44.372]]}, {"type": "LineString", "coordinates": [[15.392, 43.896], [15.415, 43.887], [15.431, 43.873], [15.444, 43.869]]}, {"type": "LineString", "coordinates": [[15.534, 43.866], [15.547, 43.862]]}, {"type": "LineString", "coordinates": [[15.219, 43.86], [15.242, 43.857]]}, {"type": "LineString", "coordinates": [[15.397, 43.965], [15.41, 43.956]]}, {"type": "LineString", "coordinates": [[16.419, 43.154], [16.43, 43.159]]}, {"type": "LineString", "coordinates": [[14.541, 44.509], [14.548, 44.495]]}, {"type": "LineString", "coordinates": [[15.255, 43.929], [15.273, 43.927]]}, {"type": "LineString", "coordinates": [[15.509, 43.837], [15.523, 43.835]]}, {"type": "LineString", "coordinates": [[15.262, 43.806], [15.273, 43.801]]}, {"type": "LineString", "coordinates": [[15.296, 43.785], [15.309, 43.785]]}, {"type": "LineString", "coordinates": [[15.478, 43.727], [15.458, 43.727]]}, {"type": "LineString", "coordinates": [[18.112, 42.633], [18.117, 42.622]]}, {"type": "LineString", "coordinates": [[13.742, 44.942], [13.751, 44.922]]}, {"type": "LineString", "coordinates": [[14.301, 44.765], [14.31, 44.789]]}, {"type": "LineString", "coordinates": [[14.294, 44.592], [14.319, 44.574]]}, {"type": "LineString", "coordinates": [[15.233, 43.833], [15.249, 43.821], [15.264, 43.828]]}, {"type": "LineString", "coordinates": [[15.017, 44.165], [15.031, 44.154]]}, {"type": "LineString", "coordinates": [[15.285, 43.934], [15.312, 43.918]]}, {"type": "LineString", "coordinates": [[16.722, 42.761], [16.717, 42.75]]}, {"type": "LineString", "coordinates": [[15.723, 43.024], [15.761, 43.029]]}, {"type": "LineString", "coordinates": [[15.496, 43.86], [15.518, 43.853]]}, {"type": "LineString", "coordinates": [[17.793, 42.752], [17.822, 42.743]]}, {"type": "LineString", "coordinates": [[15.758, 43.734], [15.77, 43.718], [15.774, 43.709]]}, {"type": "LineString", "coordinates": [[15.646, 43.702], [15.657, 43.693]]}, {"type": "LineString", "coordinates": [[15.68, 43.682], [15.693, 43.684]]}, {"type": "LineString", "coordinates": [[15.325, 43.774], [15.354, 43.77]]}, {"type": "LineString", "coordinates": [[17.991, 42.674], [18.004, 42.676], [18.018, 42.669]]}, {"type": "LineString", "coordinates": [[16.255, 42.398], [16.271, 42.398], [16.284, 42.391]]}, {"type": "LineString", "coordinates": [[14.894, 44.167], [14.905, 44.161]]}, {"type": "LineString", "coordinates": [[14.934, 44.149], [14.946, 44.145]]}, {"type": "LineString", "coordinates": [[15.781, 43.745], [15.794, 43.738], [15.794, 43.72]]}, {"type": "LineString", "coordinates": [[14.694, 44.291], [14.721, 44.273]]}, {"type": "LineString", "coordinates": [[15.467, 43.711], [15.482, 43.7], [15.516, 43.693]]}, {"type": "LineString", "coordinates": [[15.071, 44.012], [15.085, 44.01]]}, {"type": "LineString", "coordinates": [[16.484, 42.757], [16.502, 42.759]]}, {"type": "LineString", "coordinates": [[17.928, 42.69], [17.941, 42.69]]}, {"type": "LineString", "coordinates": [[15.99, 42.959], [16.003, 42.961]]}, {"type": "LineString", "coordinates": [[14.775, 44.742], [14.797, 44.729], [14.835, 44.693]]}, {"type": "LineString", "coordinates": [[14.584, 44.349], [14.604, 44.342]]}, {"type": "LineString", "coordinates": [[15.671, 43.718], [15.693, 43.714]]}, {"type": "LineString", "coordinates": [[15.705, 43.702], [15.705, 43.691]]}, {"type": "LineString", "coordinates": [[17.834, 42.757], [17.843, 42.748]]}, {"type": "LineString", "coordinates": [[17.919, 42.712], [17.93, 42.717]]}, {"type": "LineString", "coordinates": [[15.157, 44.01], [15.166, 44.003]]}, {"type": "LineString", "coordinates": [[15.354, 43.839], [15.37, 43.824]]}, {"type": "LineString", "coordinates": [[15.325, 43.88], [15.316, 43.887]]}, {"type": "LineString", "coordinates": [[15.709, 43.635], [15.727, 43.631]]}, {"type": "LineString", "coordinates": [[15.592, 43.828], [15.592, 43.839]]}, {"type": "LineString", "coordinates": [[15.365, 43.785], [15.455, 43.736]]}, {"type": "LineString", "coordinates": [[14.815, 44.232], [14.815, 44.221], [14.842, 44.201]]}, {"type": "LineString", "coordinates": [[14.815, 44.221], [14.829, 44.226]]}, {"type": "LineString", "coordinates": [[15.065, 44.158], [15.049, 44.154]]}, {"type": "LineString", "coordinates": [[15.197, 44.044], [15.199, 44.035]]}, {"type": "LineString", "coordinates": [[16.331, 43.388], [16.338, 43.397]]}, {"type": "LineString", "coordinates": [[14.46, 44.549], [14.46, 44.536]]}, {"type": "LineString", "coordinates": [[14.436, 44.542], [14.44, 44.551]]}, {"type": "LineString", "coordinates": [[14.337, 44.706], [14.341, 44.715]]}, {"type": "LineString", "coordinates": [[14.842, 44.145], [14.856, 44.138], [14.853, 44.152], [14.842, 44.145], [14.813, 44.154]]}, {"type": "LineString", "coordinates": [[15.152, 43.898], [15.17, 43.898], [15.186, 43.884], [15.197, 43.869]]}, {"type": "LineString", "coordinates": [[15.213, 43.889], [15.219, 43.875]]}, {"type": "LineString", "coordinates": [[14.874, 44.163], [14.856, 44.172]]}, {"type": "LineString", "coordinates": [[14.732, 45.068], [14.746, 45.072]]}, {"type": "LineString", "coordinates": [[14.62, 45.171], [14.631, 45.167]]}, {"type": "LineString", "coordinates": [[14.584, 45.234], [14.602, 45.236]]}, {"type": "LineString", "coordinates": [[14.541, 45.218], [14.53, 45.227]]}, {"type": "LineString", "coordinates": [[15.065, 44.484], [15.076, 44.475]]}, {"type": "LineString", "coordinates": [[17.012, 43.004], [17.003, 43.013]]}, {"type": "LineString", "coordinates": [[18.51, 42.409], [18.527, 42.393]]}, {"type": "LineString", "coordinates": [[18.512, 42.42], [18.523, 42.425]]}, {"type": "LineString", "coordinates": [[18.909, 45.712], [18.923, 45.715]]}, {"type": "LineString", "coordinates": [[17.36, 45.98], [17.364, 45.989]]}, {"type": "LineString", "coordinates": [[17.333, 45.977], [17.333, 45.989]]}, {"type": "LineString", "coordinates": [[13.906, 44.776], [13.924, 44.769]]}, {"type": "LineString", "coordinates": [[13.935, 44.816], [13.93, 44.807]]}, {"type": "LineString", "coordinates": [[13.991, 44.888], [14.002, 44.895]]}, {"type": "LineString", "coordinates": [[15.211, 44.291], [15.195, 44.291], [15.184, 44.3]]}, {"type": "LineString", "coordinates": [[15.94, 43.666], [15.931, 43.678]]}, {"type": "LineString", "coordinates": [[15.929, 43.655], [15.927, 43.646], [15.902, 43.651]]}, {"type": "LineString", "coordinates": [[15.954, 43.521], [15.963, 43.512], [15.961, 43.503]]}, {"type": "LineString", "coordinates": [[16.376, 43.494], [16.394, 43.491]]}, {"type": "LineString", "coordinates": [[18.57, 45.088], [18.566, 45.079], [18.584, 45.068]]}, {"type": "Polygon", "coordinates": [[[14.77, 44.938], [14.779, 44.908], [14.833, 44.899], [14.77, 44.938]]]}, {"type": "Polygon", "coordinates": [[[14.737, 44.875], [14.777, 44.859], [14.746, 44.886], [14.737, 44.875]]]}, {"type": "Polygon", "coordinates": [[[13.751, 44.922], [13.749, 44.899], [13.782, 44.913], [13.751, 44.922]]]}, {"type": "Polygon", "coordinates": [[[13.787, 44.902], [13.796, 44.895], [13.796, 44.908], [13.787, 44.902]]]}, {"type": "Polygon", "coordinates": [[[13.823, 44.863], [13.823, 44.877], [13.796, 44.879], [13.823, 44.863]]]}, {"type": "Polygon", "coordinates": [[[14.847, 44.486], [14.869, 44.466], [14.862, 44.482], [14.847, 44.486]]]}, {"type": "Polygon", "coordinates": [[[14.887, 44.455], [14.943, 44.405], [14.963, 44.408], [14.887, 44.455]]]}, {"type": "Polygon", "coordinates": [[[15.154, 44.304], [15.152, 44.291], [15.175, 44.291], [15.154, 44.304]]]}, {"type": "Polygon", "coordinates": [[[14.535, 44.444], [14.573, 44.441], [14.541, 44.461], [14.535, 44.444]]]}, {"type": "Polygon", "coordinates": [[[14.287, 44.522], [14.29, 44.506], [14.312, 44.511], [14.287, 44.522]]]}, {"type": "Polygon", "coordinates": [[[15.031, 44.154], [15.053, 44.143], [15.049, 44.154], [15.031, 44.154]]]}, {"type": "Polygon", "coordinates": [[[14.905, 44.161], [14.934, 44.149], [14.921, 44.165], [14.905, 44.161]]]}, {"type": "Polygon", "coordinates": [[[15.051, 44.028], [15.071, 44.012], [15.062, 44.037], [15.051, 44.028]]]}, {"type": "Polygon", "coordinates": [[[15.193, 43.947], [15.208, 43.927], [15.228, 43.922], [15.193, 43.947]]]}, {"type": "Polygon", "coordinates": [[[15.253, 43.889], [15.289, 43.871], [15.28, 43.893], [15.253, 43.889]]]}, {"type": "Polygon", "coordinates": [[[15.289, 43.871], [15.354, 43.839], [15.325, 43.88], [15.289, 43.871]]]}, {"type": "Polygon", "coordinates": [[[15.817, 43.7], [15.866, 43.673], [15.837, 43.711], [15.817, 43.7]]]}, {"type": "Polygon", "coordinates": [[[15.693, 43.714], [15.68, 43.707], [15.705, 43.702], [15.693, 43.714]]]}, {"type": "Polygon", "coordinates": [[[15.657, 43.693], [15.68, 43.682], [15.675, 43.696], [15.657, 43.693]]]}, {"type": "Polygon", "coordinates": [[[15.368, 43.747], [15.381, 43.759], [15.365, 43.761], [15.368, 43.747]]]}, {"type": "Polygon", "coordinates": [[[15.444, 43.732], [15.453, 43.718], [15.458, 43.727], [15.444, 43.732]]]}, {"type": "Polygon", "coordinates": [[[15.464, 43.7], [15.476, 43.689], [15.482, 43.7], [15.464, 43.7]]]}, {"type": "Polygon", "coordinates": [[[17.822, 42.743], [17.834, 42.73], [17.84, 42.739], [17.822, 42.743]]]}, {"type": "Polygon", "coordinates": [[[16.661, 43.089], [16.735, 43.087], [16.726, 43.096], [16.661, 43.089]]]}, {"type": "Polygon", "coordinates": [[[16.354, 43.168], [16.407, 43.161], [16.383, 43.17], [16.354, 43.168]]]}, {"type": "Polygon", "coordinates": [[[16.34, 43.166], [16.354, 43.168], [16.351, 43.177], [16.34, 43.166]]]}, {"type": "Polygon", "coordinates": [[[16.8, 42.768], [16.807, 42.757], [16.827, 42.773], [16.8, 42.768]]]}, {"type": "Polygon", "coordinates": [[[16.783, 42.775], [16.785, 42.761], [16.8, 42.768], [16.783, 42.775]]]}, {"type": "Polygon", "coordinates": [[[16.003, 42.961], [16.026, 42.982], [16.001, 42.991], [16.003, 42.961]]]}, {"type": "Polygon", "coordinates": [[[16.502, 42.759], [16.531, 42.773], [16.502, 42.773], [16.502, 42.759]]]}, {"type": "Polygon", "coordinates": [[[14.492, 44.987], [14.517, 44.965], [14.552, 44.96], [14.521, 44.991], [14.492, 44.987]]]}, {"type": "Polygon", "coordinates": [[[14.802, 44.848], [14.811, 44.841], [14.826, 44.83], [14.824, 44.852], [14.802, 44.848]]]}, {"type": "Polygon", "coordinates": [[[14.236, 44.634], [14.245, 44.619], [14.276, 44.607], [14.249, 44.646], [14.236, 44.634]]]}, {"type": "Polygon", "coordinates": [[[14.604, 44.342], [14.647, 44.309], [14.663, 44.307], [14.631, 44.331], [14.604, 44.342]]]}, {"type": "Polygon", "coordinates": [[[14.941, 44.201], [15.008, 44.138], [15.024, 44.125], [15.02, 44.147], [14.941, 44.201]]]}, {"type": "Polygon", "coordinates": [[[15.067, 44.082], [15.114, 44.028], [15.157, 44.01], [15.139, 44.033], [15.067, 44.082]]]}, {"type": "Polygon", "coordinates": [[[15.745, 43.711], [15.747, 43.691], [15.772, 43.693], [15.763, 43.7], [15.745, 43.711]]]}, {"type": "Polygon", "coordinates": [[[15.705, 43.691], [15.693, 43.684], [15.723, 43.684], [15.727, 43.693], [15.705, 43.691]]]}, {"type": "Polygon", "coordinates": [[[16.053, 43.451], [16.084, 43.442], [16.1, 43.446], [16.077, 43.455], [16.053, 43.451]]]}, {"type": "Polygon", "coordinates": [[[17.757, 42.791], [17.755, 42.775], [17.764, 42.764], [17.768, 42.779], [17.757, 42.791]]]}, {"type": "Polygon", "coordinates": [[[17.941, 42.69], [17.941, 42.676], [17.973, 42.683], [17.948, 42.699], [17.941, 42.69]]]}, {"type": "Polygon", "coordinates": [[[14.249, 44.646], [14.256, 44.659], [14.276, 44.675], [14.263, 44.686], [14.236, 44.655], [14.249, 44.646]]]}, {"type": "Polygon", "coordinates": [[[14.46, 44.536], [14.436, 44.542], [14.512, 44.477], [14.532, 44.497], [14.478, 44.531], [14.46, 44.536]]]}, {"type": "Polygon", "coordinates": [[[15.017, 44.324], [15.04, 44.289], [15.109, 44.291], [15.125, 44.277], [15.116, 44.3], [15.017, 44.324]]]}, {"type": "Polygon", "coordinates": [[[14.667, 44.41], [14.696, 44.356], [14.725, 44.347], [14.719, 44.356], [14.689, 44.408], [14.667, 44.41]]]}, {"type": "Polygon", "coordinates": [[[14.737, 44.271], [14.766, 44.259], [14.791, 44.257], [14.8, 44.271], [14.752, 44.291], [14.737, 44.271]]]}, {"type": "Polygon", "coordinates": [[[15.604, 43.68], [15.606, 43.666], [15.687, 43.631], [15.709, 43.635], [15.633, 43.673], [15.604, 43.68]]]}, {"type": "Polygon", "coordinates": [[[14.791, 44.257], [14.815, 44.232], [14.829, 44.226], [14.892, 44.196], [14.907, 44.212], [14.806, 44.262], [14.791, 44.257]]]}, {"type": "Polygon", "coordinates": [[[15.219, 43.875], [15.242, 43.857], [15.264, 43.828], [15.35, 43.783], [15.365, 43.785], [15.237, 43.88], [15.219, 43.875]]]}, {"type": "Polygon", "coordinates": [[[16.109, 43.433], [16.154, 43.437], [16.172, 43.442], [16.156, 43.46], [16.142, 43.453], [16.127, 43.453], [16.109, 43.433]]]}, {"type": "Polygon", "coordinates": [[[17.843, 42.748], [17.84, 42.739], [17.86, 42.726], [17.912, 42.701], [17.919, 42.712], [17.865, 42.748], [17.843, 42.748]]]}, {"type": "Polygon", "coordinates": [[[14.748, 44.367], [14.806, 44.345], [14.82, 44.351], [14.806, 44.39], [14.791, 44.417], [14.766, 44.412], [14.77, 44.378], [14.748, 44.367]]]}, {"type": "Polygon", "coordinates": [[[16.201, 43.41], [16.208, 43.392], [16.372, 43.343], [16.399, 43.327], [16.41, 43.334], [16.331, 43.388], [16.268, 43.413], [16.201, 43.41]]]}, {"type": "Polygon", "coordinates": [[[16.827, 42.773], [16.825, 42.734], [16.85, 42.734], [16.89, 42.734], [16.886, 42.726], [16.94, 42.759], [16.924, 42.775], [16.827, 42.773]]]}, {"type": "Polygon", "coordinates": [[[16.053, 43.056], [16.064, 43.042], [16.08, 43.049], [16.089, 43.024], [16.071, 43.015], [16.163, 43.017], [16.217, 43.024], [16.257, 43.074], [16.205, 43.069], [16.172, 43.08], [16.075, 43.065], [16.053, 43.056]]]}, {"type": "Polygon", "coordinates": [[[15.246, 44.021], [15.242, 44.012], [15.383, 43.911], [15.449, 43.891], [15.419, 43.925], [15.347, 43.981], [15.262, 44.024], [15.161, 44.104], [15.065, 44.158], [15.053, 44.143], [15.197, 44.044], [15.217, 44.044], [15.246, 44.021]]]}, {"type": "Polygon", "coordinates": [[[17.322, 42.788], [17.382, 42.759], [17.411, 42.759], [17.618, 42.719], [17.73, 42.696], [17.755, 42.694], [17.708, 42.723], [17.607, 42.748], [17.593, 42.75], [17.398, 42.791], [17.378, 42.791], [17.384, 42.804], [17.322, 42.788]]]}, {"type": "Polygon", "coordinates": [[[14.856, 44.138], [15.006, 44.042], [15.123, 43.918], [15.136, 43.918], [15.152, 43.898], [15.161, 43.905], [15.17, 43.898], [15.197, 43.896], [15.213, 43.889], [15.215, 43.914], [15.051, 44.017], [15.051, 44.028], [15.011, 44.082], [14.916, 44.134], [14.874, 44.163], [14.878, 44.143], [14.856, 44.138]], [[15.136, 43.931], [15.136, 43.918], [15.157, 43.916], [15.136, 43.931]]]}, {"type": "Polygon", "coordinates": [[[14.656, 44.792], [14.71, 44.762], [14.779, 44.751], [14.802, 44.738], [14.797, 44.729], [14.84, 44.702], [14.867, 44.709], [14.775, 44.794], [14.75, 44.828], [14.755, 44.837], [14.75, 44.848], [14.719, 44.845], [14.723, 44.837], [14.685, 44.845], [14.723, 44.803], [14.71, 44.805], [14.689, 44.796], [14.656, 44.792]]]}, {"type": "Polygon", "coordinates": [[[16.41, 43.334], [16.43, 43.312], [16.497, 43.291], [16.533, 43.269], [16.751, 43.262], [16.857, 43.271], [16.866, 43.285], [16.881, 43.28], [16.897, 43.314], [16.85, 43.339], [16.821, 43.339], [16.816, 43.354], [16.735, 43.361], [16.448, 43.395], [16.439, 43.377], [16.45, 43.359], [16.439, 43.332], [16.41, 43.334]]]}, {"type": "Polygon", "coordinates": [[[16.634, 42.988], [16.677, 42.966], [16.711, 42.961], [16.643, 42.939], [16.661, 42.916], [16.666, 42.925], [16.722, 42.921], [16.729, 42.91], [16.747, 42.912], [16.857, 42.91], [16.852, 42.896], [16.946, 42.914], [17.018, 42.923], [17.169, 42.91], [17.198, 42.923], [17.155, 42.939], [17.126, 42.959], [17.014, 42.975], [16.839, 42.964], [16.672, 42.993], [16.634, 42.988]]]}, {"type": "Polygon", "coordinates": [[[16.381, 43.197], [16.479, 43.159], [16.708, 43.123], [17.137, 43.114], [17.194, 43.125], [17.131, 43.134], [16.821, 43.163], [16.699, 43.163], [16.684, 43.177], [16.699, 43.179], [16.664, 43.213], [16.603, 43.217], [16.576, 43.215], [16.574, 43.235], [16.533, 43.231], [16.522, 43.224], [16.538, 43.213], [16.553, 43.217], [16.587, 43.184], [16.549, 43.188], [16.477, 43.211], [16.41, 43.195], [16.381, 43.197]]]}, {"type": "Polygon", "coordinates": [[[14.429, 45.084], [14.505, 45.025], [14.566, 45.016], [14.582, 45.027], [14.627, 45.018], [14.615, 44.985], [14.716, 44.942], [14.764, 44.947], [14.75, 44.962], [14.779, 44.969], [14.822, 44.976], [14.804, 44.985], [14.786, 45.009], [14.732, 45.068], [14.681, 45.084], [14.663, 45.122], [14.683, 45.137], [14.665, 45.151], [14.631, 45.167], [14.618, 45.162], [14.62, 45.171], [14.584, 45.234], [14.568, 45.241], [14.541, 45.236], [14.541, 45.218], [14.53, 45.144], [14.51, 45.122], [14.469, 45.126], [14.467, 45.104], [14.429, 45.084]]]}, {"type": "Polygon", "coordinates": [[[14.314, 45.173], [14.279, 45.11], [14.312, 45.07], [14.35, 45.054], [14.355, 45.0], [14.393, 44.962], [14.382, 44.944], [14.402, 44.92], [14.384, 44.904], [14.319, 44.942], [14.312, 44.951], [14.301, 44.911], [14.344, 44.814], [14.364, 44.805], [14.393, 44.713], [14.389, 44.691], [14.337, 44.706], [14.366, 44.632], [14.386, 44.605], [14.364, 44.572], [14.389, 44.556], [14.402, 44.567], [14.427, 44.558], [14.424, 44.547], [14.44, 44.551], [14.46, 44.549], [14.391, 44.63], [14.398, 44.682], [14.487, 44.607], [14.503, 44.612], [14.544, 44.634], [14.532, 44.639], [14.508, 44.652], [14.463, 44.733], [14.46, 44.774], [14.449, 44.787], [14.463, 44.792], [14.449, 44.902], [14.478, 44.974], [14.451, 44.985], [14.418, 45.0], [14.357, 45.119], [14.359, 45.164], [14.314, 45.173]]]}, {"type": "Polygon", "coordinates": [[[18.438, 42.483], [18.46, 42.548], [18.382, 42.613], [18.278, 42.609], [18.177, 42.669], [18.051, 42.752], [17.964, 42.806], [17.93, 42.811], [17.867, 42.865], [17.831, 42.907], [17.802, 42.883], [17.73, 42.914], [17.654, 42.887], [17.658, 42.878], [17.672, 42.871], [17.634, 42.876], [17.53, 42.923], [17.535, 42.905], [17.454, 42.923], [17.434, 42.957], [17.234, 43.011], [17.09, 43.022], [17.05, 43.033], [17.003, 43.049], [17.032, 43.024], [17.012, 43.004], [17.173, 42.973], [17.225, 42.977], [17.38, 42.912], [17.414, 42.91], [17.456, 42.892], [17.443, 42.871], [17.757, 42.791], [17.744, 42.804], [17.786, 42.788], [17.807, 42.806], [17.847, 42.806], [17.867, 42.775], [17.89, 42.788], [17.876, 42.766], [17.941, 42.732], [17.957, 42.721], [18.047, 42.685], [18.06, 42.665], [18.056, 42.651], [18.112, 42.633], [18.188, 42.62], [18.227, 42.602], [18.206, 42.58], [18.323, 42.51], [18.404, 42.474], [18.411, 42.458], [18.424, 42.449], [18.467, 42.445], [18.51, 42.409], [18.512, 42.42], [18.438, 42.483]], [[17.699, 42.86], [17.694, 42.869], [17.672, 42.871], [17.699, 42.86]]]}, {"type": "Polygon", "coordinates": [[[19.293, 45.171], [19.28, 45.203], [19.296, 45.207], [19.322, 45.196], [19.345, 45.173], [19.442, 45.178], [19.421, 45.232], [19.239, 45.247], [19.102, 45.306], [19.087, 45.34], [19.01, 45.353], [18.97, 45.382], [19.006, 45.4], [19.028, 45.42], [18.988, 45.456], [19.006, 45.497], [19.084, 45.488], [19.098, 45.517], [19.031, 45.544], [19.015, 45.557], [18.95, 45.535], [18.929, 45.546], [18.934, 45.564], [18.896, 45.573], [18.936, 45.611], [18.923, 45.614], [18.934, 45.62], [18.947, 45.62], [18.934, 45.64], [18.977, 45.658], [18.912, 45.703], [18.909, 45.712], [18.905, 45.726], [18.943, 45.724], [18.923, 45.715], [18.97, 45.694], [18.974, 45.719], [18.961, 45.724], [18.979, 45.742], [18.932, 45.748], [18.871, 45.76], [18.853, 45.771], [18.885, 45.782], [18.909, 45.784], [18.907, 45.827], [18.855, 45.807], [18.867, 45.861], [18.9, 45.872], [18.869, 45.894], [18.894, 45.919], [18.81, 45.903], [18.806, 45.881], [18.667, 45.912], [18.64, 45.881], [18.647, 45.872], [18.622, 45.856], [18.557, 45.795], [18.521, 45.782], [18.485, 45.782], [18.431, 45.746], [18.402, 45.751], [18.355, 45.76], [18.346, 45.746], [18.242, 45.762], [18.186, 45.784], [18.164, 45.777], [18.117, 45.777], [18.078, 45.769], [17.98, 45.791], [17.883, 45.78], [17.869, 45.771], [17.822, 45.809], [17.674, 45.838], [17.595, 45.923], [17.447, 45.953], [17.418, 45.926], [17.405, 45.941], [17.382, 45.937], [17.378, 45.948], [17.378, 45.964], [17.36, 45.98], [17.333, 45.977], [17.315, 45.973], [17.319, 45.982], [17.29, 45.986], [17.299, 46.002], [17.261, 46.004], [17.288, 46.031], [17.254, 46.029], [17.254, 46.058], [17.252, 46.069], [17.216, 46.092], [17.209, 46.112], [17.189, 46.112], [17.155, 46.17], [16.971, 46.231], [16.89, 46.294], [16.877, 46.341], [16.794, 46.384], [16.751, 46.386], [16.747, 46.4], [16.733, 46.393], [16.67, 46.447], [16.655, 46.462], [16.518, 46.476], [16.495, 46.503], [16.39, 46.53], [16.347, 46.539], [16.324, 46.525], [16.297, 46.525], [16.293, 46.438], [16.304, 46.37], [16.241, 46.382], [16.185, 46.382], [16.147, 46.404], [16.068, 46.377], [16.073, 46.325], [15.817, 46.245], [15.779, 46.195], [15.648, 46.195], [15.608, 46.159], [15.617, 46.099], [15.725, 46.045], [15.705, 45.973], [15.696, 45.919], [15.687, 45.888], [15.689, 45.852], [15.651, 45.827], [15.577, 45.849], [15.523, 45.822], [15.478, 45.813], [15.476, 45.784], [15.28, 45.733], [15.253, 45.706], [15.314, 45.672], [15.325, 45.694], [15.354, 45.685], [15.395, 45.656], [15.352, 45.647], [15.339, 45.645], [15.347, 45.638], [15.3, 45.629], [15.285, 45.609], [15.312, 45.528], [15.379, 45.488], [15.312, 45.456], [15.258, 45.463], [15.224, 45.432], [15.159, 45.425], [15.076, 45.483], [14.975, 45.506], [14.925, 45.526], [14.912, 45.481], [14.826, 45.461], [14.795, 45.499], [14.714, 45.533], [14.692, 45.526], [14.692, 45.582], [14.615, 45.627], [14.611, 45.649], [14.579, 45.654], [14.492, 45.557], [14.478, 45.535], [14.272, 45.506], [14.236, 45.526], [14.213, 45.506], [14.191, 45.481], [14.121, 45.492], [14.088, 45.49], [14.038, 45.526], [13.987, 45.506], [14.009, 45.483], [13.946, 45.461], [13.827, 45.443], [13.816, 45.461], [13.742, 45.47], [13.69, 45.45], [13.51, 45.506], [13.499, 45.49], [13.524, 45.423], [13.544, 45.342], [13.56, 45.313], [13.609, 45.313], [13.582, 45.297], [13.587, 45.286], [13.587, 45.256], [13.589, 45.187], [13.603, 45.164], [13.589, 45.151], [13.598, 45.144], [13.647, 45.131], [13.614, 45.119], [13.641, 45.095], [13.629, 45.068], [13.683, 45.054], [13.692, 45.025], [13.728, 45.003], [13.8, 44.935], [13.811, 44.904], [13.796, 44.895], [13.823, 44.877], [13.841, 44.872], [13.823, 44.863], [13.832, 44.839], [13.843, 44.85], [13.845, 44.834], [13.877, 44.807], [13.903, 44.803], [13.906, 44.776], [13.919, 44.821], [13.935, 44.816], [14.002, 44.805], [13.989, 44.83], [13.982, 44.854], [14.0, 44.868], [13.991, 44.888], [13.98, 44.895], [14.002, 44.895], [14.061, 44.969], [14.076, 44.951], [14.088, 44.971], [14.151, 44.962], [14.168, 45.016], [14.151, 45.048], [14.164, 45.048], [14.146, 45.057], [14.207, 45.122], [14.305, 45.333], [14.332, 45.355], [14.483, 45.317], [14.546, 45.279], [14.544, 45.304], [14.575, 45.286], [14.575, 45.252], [14.602, 45.236], [14.77, 45.131], [14.833, 45.115], [14.923, 44.956], [14.878, 44.801], [14.91, 44.677], [15.015, 44.558], [15.114, 44.486], [15.314, 44.345], [15.435, 44.289], [15.48, 44.268], [15.527, 44.262], [15.516, 44.248], [15.383, 44.266], [15.253, 44.336], [15.053, 44.475], [15.042, 44.446], [14.916, 44.538], [14.941, 44.54], [15.065, 44.484], [15.026, 44.522], [14.966, 44.556], [14.937, 44.589], [14.91, 44.612], [14.874, 44.605], [14.887, 44.576], [14.739, 44.702], [14.838, 44.585], [14.874, 44.547], [14.914, 44.497], [14.901, 44.493], [14.999, 44.439], [15.042, 44.392], [15.094, 44.39], [15.109, 44.369], [15.087, 44.354], [15.118, 44.315], [15.154, 44.304], [15.13, 44.331], [15.211, 44.318], [15.228, 44.318], [15.222, 44.336], [15.251, 44.324], [15.303, 44.286], [15.28, 44.282], [15.291, 44.246], [15.211, 44.291], [15.206, 44.28], [15.195, 44.291], [15.199, 44.248], [15.184, 44.25], [15.125, 44.277], [15.112, 44.259], [15.163, 44.217], [15.143, 44.196], [15.249, 44.1], [15.305, 44.055], [15.296, 44.046], [15.307, 44.039], [15.361, 44.017], [15.397, 43.965], [15.417, 43.964], [15.469, 43.918], [15.523, 43.902], [15.59, 43.851], [15.666, 43.819], [15.619, 43.821], [15.619, 43.81], [15.592, 43.828], [15.572, 43.839], [15.601, 43.797], [15.657, 43.77], [15.639, 43.803], [15.747, 43.756], [15.781, 43.745], [15.788, 43.754], [15.848, 43.725], [15.907, 43.693], [15.909, 43.678], [15.931, 43.678], [15.947, 43.68], [15.94, 43.666], [15.952, 43.646], [15.927, 43.646], [15.936, 43.635], [15.918, 43.628], [15.927, 43.57], [15.943, 43.572], [15.931, 43.547], [15.958, 43.538], [15.954, 43.521], [15.967, 43.525], [15.972, 43.536], [15.979, 43.516], [15.963, 43.512], [15.972, 43.498], [15.997, 43.498], [16.014, 43.491], [16.125, 43.473], [16.125, 43.487], [16.174, 43.498], [16.154, 43.509], [16.241, 43.512], [16.259, 43.496], [16.203, 43.498], [16.255, 43.482], [16.286, 43.489], [16.358, 43.482], [16.376, 43.494], [16.279, 43.525], [16.365, 43.552], [16.455, 43.538], [16.401, 43.514], [16.475, 43.503], [16.531, 43.5], [16.652, 43.442], [16.706, 43.431], [16.747, 43.41], [16.893, 43.39], [17.077, 43.242], [17.18, 43.17], [17.339, 43.105], [17.411, 43.04], [17.423, 43.047], [17.463, 43.022], [17.476, 43.02], [17.465, 43.008], [17.542, 42.939], [17.719, 42.964], [17.661, 43.067], [17.436, 43.199], [17.42, 43.226], [17.371, 43.242], [17.304, 43.341], [17.29, 43.469], [17.133, 43.505], [17.09, 43.541], [17.023, 43.581], [16.85, 43.732], [16.787, 43.763], [16.72, 43.86], [16.544, 43.981], [16.527, 44.008], [16.396, 44.057], [16.338, 44.1], [16.282, 44.163], [16.221, 44.217], [16.19, 44.302], [16.214, 44.36], [16.134, 44.428], [16.095, 44.533], [16.014, 44.549], [16.014, 44.58], [16.057, 44.61], [16.026, 44.655], [15.963, 44.682], [15.911, 44.742], [15.848, 44.744], [15.806, 44.724], [15.754, 44.76], [15.752, 44.812], [15.779, 44.848], [15.743, 44.953], [15.763, 45.009], [15.743, 45.068], [15.79, 45.207], [15.826, 45.207], [15.835, 45.223], [15.938, 45.214], [15.965, 45.225], [16.041, 45.212], [16.039, 45.187], [16.131, 45.086], [16.25, 45.016], [16.327, 45.016], [16.342, 45.005], [16.392, 45.084], [16.41, 45.122], [16.479, 45.16], [16.518, 45.218], [16.619, 45.227], [16.699, 45.198], [16.744, 45.205], [16.825, 45.185], [16.845, 45.232], [16.877, 45.234], [16.893, 45.256], [16.915, 45.261], [16.931, 45.277], [16.953, 45.256], [16.937, 45.232], [16.971, 45.23], [16.98, 45.243], [16.998, 45.223], [17.007, 45.23], [17.18, 45.146], [17.254, 45.149], [17.272, 45.185], [17.315, 45.173], [17.315, 45.162], [17.333, 45.155], [17.357, 45.14], [17.436, 45.144], [17.452, 45.16], [17.461, 45.128], [17.488, 45.14], [17.497, 45.113], [17.537, 45.113], [17.551, 45.131], [17.56, 45.11], [17.625, 45.115], [17.679, 45.128], [17.84, 45.048], [17.926, 45.075], [17.948, 45.108], [18.0, 45.144], [18.02, 45.144], [18.038, 45.122], [18.049, 45.14], [18.081, 45.115], [18.123, 45.081], [18.202, 45.079], [18.222, 45.099], [18.215, 45.124], [18.265, 45.135], [18.296, 45.113], [18.359, 45.104], [18.429, 45.104], [18.496, 45.061], [18.539, 45.048], [18.536, 45.088], [18.57, 45.088], [18.635, 45.088], [18.613, 45.063], [18.66, 45.054], [18.667, 45.086], [18.687, 45.084], [18.68, 45.066], [18.705, 45.036], [18.743, 44.994], [18.795, 44.987], [18.795, 44.935], [18.763, 44.944], [18.77, 44.915], [18.86, 44.854], [18.974, 44.85], [19.006, 44.857], [18.997, 44.913], [19.08, 44.899], [19.123, 44.94], [19.147, 44.949], [19.132, 44.98], [19.107, 44.971], [19.062, 44.985], [19.102, 45.012], [19.089, 45.104], [19.087, 45.142], [19.15, 45.135], [19.192, 45.18], [19.165, 45.189], [19.192, 45.2], [19.293, 45.171]], [[17.357, 45.957], [17.339, 45.953], [17.378, 45.948], [17.357, 45.957]], [[14.047, 45.016], [14.04, 45.007], [14.056, 45.007], [14.047, 45.016]], [[14.074, 45.005], [14.056, 45.007], [14.07, 44.996], [14.074, 45.005]], [[15.601, 44.138], [15.626, 44.138], [15.601, 44.158], [15.601, 44.138]], [[15.976, 43.869], [15.961, 43.871], [15.983, 43.846], [15.976, 43.869]], [[15.884, 43.747], [15.871, 43.745], [15.877, 43.734], [15.884, 43.747]], [[15.893, 43.718], [15.9, 43.729], [15.886, 43.727], [15.893, 43.718]], [[16.47, 43.527], [16.475, 43.536], [16.455, 43.538], [16.47, 43.527]], [[16.134, 43.521], [16.116, 43.514], [16.154, 43.509], [16.134, 43.521]], [[14.088, 44.971], [14.099, 44.978], [14.076, 44.982], [14.074, 44.974], [14.088, 44.971]], [[15.981, 43.803], [15.985, 43.821], [15.97, 43.819], [15.967, 43.803], [15.981, 43.803]], [[15.467, 44.205], [15.5, 44.183], [15.545, 44.185], [15.588, 44.176], [15.592, 44.192], [15.527, 44.219], [15.467, 44.205]], [[15.889, 43.794], [15.886, 43.81], [15.884, 43.819], [15.86, 43.835], [15.842, 43.826], [15.857, 43.79], [15.889, 43.794]]]}]}, "id": "000000000000000000af", "properties": {"name": "Croatia"}}, {"type": "Feature", "geometry": {"type": "GeometryCollection", "geometries": [{"type": "Point", "coordinates": [14.413, 35.788]}, {"type": "LineString", "coordinates": [[14.393, 35.968], [14.404, 35.968]]}, {"type": "LineString", "coordinates": [[14.561, 35.831], [14.559, 35.82]]}, {"type": "LineString", "coordinates": [[14.508, 35.898], [14.523, 35.898]]}, {"type": "LineString", "coordinates": [[14.418, 35.957], [14.429, 35.961]]}, {"type": "Polygon", "coordinates": [[[14.319, 36.013], [14.323, 36.004], [14.35, 36.008], [14.328, 36.02], [14.319, 36.013]]]}, {"type": "Polygon", "coordinates": [[[14.216, 36.024], [14.274, 36.017], [14.296, 36.026], [14.308, 36.026], [14.33, 36.029], [14.314, 36.051], [14.29, 36.067], [14.204, 36.078], [14.184, 36.067], [14.193, 36.044], [14.193, 36.033], [14.207, 36.033], [14.216, 36.024]]]}, {"type": "Polygon", "coordinates": [[[14.546, 35.815], [14.541, 35.829], [14.55, 35.836], [14.561, 35.831], [14.564, 35.842], [14.573, 35.849], [14.564, 35.856], [14.57, 35.871], [14.523, 35.898], [14.517, 35.889], [14.508, 35.898], [14.508, 35.912], [14.496, 35.928], [14.485, 35.932], [14.447, 35.948], [14.431, 35.952], [14.418, 35.957], [14.409, 35.95], [14.384, 35.948], [14.393, 35.968], [14.353, 35.975], [14.375, 35.988], [14.371, 35.997], [14.357, 35.99], [14.335, 35.988], [14.323, 35.979], [14.319, 35.97], [14.339, 35.966], [14.332, 35.946], [14.344, 35.925], [14.332, 35.921], [14.344, 35.874], [14.445, 35.822], [14.472, 35.815], [14.485, 35.813], [14.546, 35.815]], [[14.53, 35.833], [14.532, 35.82], [14.541, 35.829], [14.53, 35.833]]]}]}, "id": "000000000000000000b0", "properties": {"name": "Malta"}}, {"type": "Feature", "geometry": {"type": "Polygon", "coordinates": [[[16.596, 46.469], [16.531, 46.498], [16.509, 46.561], [16.488, 46.563], [16.385, 46.64], [16.392, 46.66], [16.419, 46.669], [16.407, 46.694], [16.372, 46.7], [16.365, 46.718], [16.322, 46.759], [16.315, 46.795], [16.345, 46.831], [16.282, 46.873], [16.192, 46.869], [16.125, 46.862], [16.098, 46.864], [16.03, 46.84], [15.988, 46.831], [15.988, 46.741], [16.039, 46.68], [16.035, 46.665], [15.86, 46.718], [15.749, 46.696], [15.66, 46.703], [15.61, 46.683], [15.55, 46.671], [15.543, 46.633], [15.473, 46.613], [15.46, 46.642], [15.404, 46.656], [15.206, 46.644], [15.116, 46.658], [15.013, 46.64], [14.979, 46.604], [14.957, 46.631], [14.914, 46.606], [14.871, 46.608], [14.822, 46.528], [14.817, 46.51], [14.712, 46.496], [14.658, 46.447], [14.586, 46.433], [14.582, 46.384], [14.561, 46.377], [14.517, 46.429], [14.483, 46.415], [14.424, 46.449], [14.317, 46.435], [14.285, 46.444], [14.159, 46.438], [14.097, 46.487], [14.029, 46.489], [13.996, 46.489], [13.906, 46.521], [13.796, 46.51], [13.715, 46.521], [13.69, 46.44], [13.591, 46.438], [13.569, 46.404], [13.441, 46.352], [13.448, 46.337], [13.382, 46.296], [13.421, 46.242], [13.423, 46.213], [13.468, 46.227], [13.555, 46.213], [13.567, 46.193], [13.652, 46.193], [13.661, 46.17], [13.621, 46.123], [13.497, 46.056], [13.504, 46.025], [13.479, 46.004], [13.537, 45.966], [13.603, 45.986], [13.643, 45.98], [13.638, 45.932], [13.582, 45.867], [13.598, 45.809], [13.683, 45.791], [13.74, 45.753], [13.802, 45.733], [13.879, 45.652], [13.908, 45.629], [13.829, 45.58], [13.704, 45.596], [13.76, 45.555], [13.719, 45.546], [13.612, 45.537], [13.573, 45.533], [13.591, 45.497], [13.587, 45.481], [13.69, 45.45], [13.757, 45.472], [13.816, 45.461], [13.827, 45.443], [13.888, 45.443], [13.946, 45.461], [14.009, 45.483], [13.996, 45.512], [14.038, 45.526], [14.101, 45.49], [14.139, 45.497], [14.209, 45.488], [14.213, 45.517], [14.236, 45.526], [14.299, 45.504], [14.478, 45.535], [14.514, 45.598], [14.579, 45.654], [14.611, 45.649], [14.629, 45.616], [14.698, 45.573], [14.692, 45.526], [14.734, 45.526], [14.809, 45.497], [14.826, 45.461], [14.912, 45.481], [14.925, 45.526], [15.038, 45.488], [15.089, 45.479], [15.172, 45.423], [15.224, 45.432], [15.273, 45.463], [15.336, 45.459], [15.379, 45.488], [15.3, 45.539], [15.285, 45.609], [15.327, 45.636], [15.347, 45.638], [15.352, 45.647], [15.395, 45.656], [15.347, 45.697], [15.321, 45.685], [15.314, 45.672], [15.253, 45.706], [15.28, 45.733], [15.476, 45.784], [15.493, 45.822], [15.543, 45.831], [15.59, 45.847], [15.651, 45.827], [15.689, 45.852], [15.68, 45.908], [15.707, 45.946], [15.716, 46.031], [15.707, 46.06], [15.617, 46.099], [15.608, 46.17], [15.669, 46.2], [15.792, 46.202], [15.817, 46.245], [16.073, 46.325], [16.068, 46.377], [16.147, 46.404], [16.203, 46.382], [16.304, 46.37], [16.286, 46.507], [16.297, 46.525], [16.34, 46.525], [16.347, 46.539], [16.39, 46.53], [16.399, 46.537], [16.448, 46.512], [16.495, 46.503], [16.518, 46.476], [16.596, 46.469]]]}, "id": "000000000000000000b2", "properties": {"name": "Slovenia"}}, {"type": "Feature", "geometry": {"type": "GeometryCollection", "geometries": [{"type": "Point", "coordinates": [26.136, 34.964]}, {"type": "Point", "coordinates": [26.136, 34.924]}, {"type": "Point", "coordinates": [25.743, 34.883]}, {"type": "LineString", "coordinates": [[24.432, 38.829], [24.434, 38.838]]}, {"type": "LineString", "coordinates": [[22.997, 38.185], [23.01, 38.182]]}, {"type": "LineString", "coordinates": [[26.228, 35.865], [26.237, 35.874]]}, {"type": "LineString", "coordinates": [[20.74, 38.71], [20.751, 38.717]]}, {"type": "LineString", "coordinates": [[21.061, 38.349], [21.056, 38.36]]}, {"type": "LineString", "coordinates": [[24.782, 40.666], [24.791, 40.675]]}, {"type": "LineString", "coordinates": [[26.39, 36.565], [26.397, 36.556]]}, {"type": "LineString", "coordinates": [[23.587, 37.94], [23.594, 37.949]]}, {"type": "LineString", "coordinates": [[26.895, 35.454], [26.906, 35.46]]}, {"type": "LineString", "coordinates": [[21.288, 38.349], [21.292, 38.362]]}, {"type": "LineString", "coordinates": [[23.578, 35.649], [23.596, 35.64]]}, {"type": "LineString", "coordinates": [[24.706, 40.837], [24.721, 40.83]]}, {"type": "LineString", "coordinates": [[23.726, 40.064], [23.742, 40.064]]}, {"type": "LineString", "coordinates": [[26.992, 37.473], [27.007, 37.477]]}, {"type": "LineString", "coordinates": [[23.998, 39.24], [24.007, 39.231]]}, {"type": "LineString", "coordinates": [[24.088, 39.054], [24.059, 39.04]]}, {"type": "LineString", "coordinates": [[26.54, 37.52], [26.552, 37.518]]}, {"type": "LineString", "coordinates": [[26.495, 37.506], [26.5, 37.518]]}, {"type": "LineString", "coordinates": [[27.095, 36.952], [27.097, 36.938]]}, {"type": "LineString", "coordinates": [[23.205, 39.161], [23.21, 39.173]]}, {"type": "LineString", "coordinates": [[27.174, 36.682], [27.187, 36.68]]}, {"type": "LineString", "coordinates": [[27.762, 36.253], [27.773, 36.264]]}, {"type": "LineString", "coordinates": [[27.65, 36.258], [27.661, 36.258]]}, {"type": "LineString", "coordinates": [[27.452, 36.359], [27.47, 36.372]]}, {"type": "LineString", "coordinates": [[23.068, 39.011], [23.082, 39.016]]}, {"type": "LineString", "coordinates": [[25.485, 37.441], [25.489, 37.461]]}, {"type": "LineString", "coordinates": [[24.519, 37.944], [24.528, 37.933]]}, {"type": "LineString", "coordinates": [[26.442, 36.547], [26.459, 36.556]]}, {"type": "LineString", "coordinates": [[26.343, 36.61], [26.354, 36.608]]}, {"type": "LineString", "coordinates": [[26.747, 36.28], [26.749, 36.289], [26.74, 36.298]]}, {"type": "LineString", "coordinates": [[25.75, 36.815], [25.748, 36.785]]}, {"type": "LineString", "coordinates": [[23.758, 37.769], [23.762, 37.778]]}, {"type": "LineString", "coordinates": [[22.952, 38.178], [22.974, 38.182]]}, {"type": "LineString", "coordinates": [[23.425, 37.693], [23.455, 37.695]]}, {"type": "LineString", "coordinates": [[20.758, 38.697], [20.746, 38.685]]}, {"type": "LineString", "coordinates": [[21.025, 38.366], [21.047, 38.353]]}, {"type": "LineString", "coordinates": [[21.002, 38.369], [20.998, 38.378]]}, {"type": "LineString", "coordinates": [[24.575, 35.014], [24.593, 35.016]]}, {"type": "LineString", "coordinates": [[24.14, 39.352], [24.144, 39.341]]}, {"type": "LineString", "coordinates": [[23.951, 39.065], [23.953, 39.076]]}, {"type": "LineString", "coordinates": [[26.471, 37.56], [26.471, 37.574]]}, {"type": "LineString", "coordinates": [[26.702, 37.365], [26.718, 37.365]]}, {"type": "LineString", "coordinates": [[23.509, 39.121], [23.504, 39.135]]}, {"type": "LineString", "coordinates": [[26.933, 36.913], [26.942, 36.92]]}, {"type": "LineString", "coordinates": [[27.066, 36.572], [27.086, 36.572]]}, {"type": "LineString", "coordinates": [[26.163, 36.918], [26.172, 36.911]]}, {"type": "LineString", "coordinates": [[25.112, 36.985], [25.121, 36.97]]}, {"type": "LineString", "coordinates": [[25.88, 36.267], [25.896, 36.278]]}, {"type": "LineString", "coordinates": [[23.239, 37.816], [23.255, 37.816]]}, {"type": "LineString", "coordinates": [[21.409, 38.333], [21.418, 38.34]]}, {"type": "LineString", "coordinates": [[21.308, 38.371], [21.319, 38.364]]}, {"type": "LineString", "coordinates": [[21.029, 38.481], [21.016, 38.483], [21.018, 38.492]]}, {"type": "LineString", "coordinates": [[21.043, 38.461], [21.054, 38.465]]}, {"type": "LineString", "coordinates": [[21.267, 38.326], [21.279, 38.331]]}, {"type": "LineString", "coordinates": [[21.27, 38.308], [21.279, 38.317]]}, {"type": "LineString", "coordinates": [[26.298, 35.209], [26.309, 35.216]]}, {"type": "LineString", "coordinates": [[25.213, 39.864], [25.22, 39.873]]}, {"type": "LineString", "coordinates": [[25.84, 39.213], [25.835, 39.224], [25.855, 39.229]]}, {"type": "LineString", "coordinates": [[26.28, 38.524], [26.289, 38.508], [26.278, 38.492], [26.291, 38.49], [26.289, 38.508]]}, {"type": "LineString", "coordinates": [[29.628, 36.101], [29.646, 36.116]]}, {"type": "LineString", "coordinates": [[24.18, 39.494], [24.187, 39.503]]}, {"type": "LineString", "coordinates": [[26.796, 37.634], [26.808, 37.628]]}, {"type": "LineString", "coordinates": [[23.982, 39.11], [23.985, 39.123]]}, {"type": "LineString", "coordinates": [[27.219, 37.015], [27.212, 36.997]]}, {"type": "LineString", "coordinates": [[24.22, 38.611], [24.232, 38.609]]}, {"type": "LineString", "coordinates": [[27.704, 36.217], [27.715, 36.224]]}, {"type": "LineString", "coordinates": [[27.284, 36.487], [27.297, 36.48]]}, {"type": "LineString", "coordinates": [[27.034, 36.595], [27.048, 36.583]]}, {"type": "LineString", "coordinates": [[26.963, 36.496], [26.981, 36.507]]}, {"type": "LineString", "coordinates": [[25.572, 37.408], [25.575, 37.417]]}, {"type": "LineString", "coordinates": [[25.006, 36.628], [25.027, 36.64]]}, {"type": "LineString", "coordinates": [[22.918, 37.502], [22.936, 37.493]]}, {"type": "LineString", "coordinates": [[21.063, 38.459], [21.076, 38.454]]}, {"type": "LineString", "coordinates": [[21.267, 38.349], [21.276, 38.34]]}, {"type": "LineString", "coordinates": [[23.158, 37.241], [23.183, 37.221]]}, {"type": "LineString", "coordinates": [[23.452, 36.936], [23.47, 36.918]]}, {"type": "LineString", "coordinates": [[23.931, 35.539], [23.942, 35.544]]}, {"type": "LineString", "coordinates": [[21.885, 36.693], [21.892, 36.702]]}, {"type": "LineString", "coordinates": [[27.077, 37.059], [27.102, 37.062]]}, {"type": "LineString", "coordinates": [[23.082, 38.67], [23.1, 38.67], [23.095, 38.683]]}, {"type": "LineString", "coordinates": [[23.266, 37.702], [23.266, 37.713]]}, {"type": "LineString", "coordinates": [[21.305, 38.315], [21.321, 38.308]]}, {"type": "LineString", "coordinates": [[26.345, 35.276], [26.34, 35.285]]}, {"type": "LineString", "coordinates": [[23.89, 36.851], [23.89, 36.833]]}, {"type": "LineString", "coordinates": [[26.172, 35.337], [26.188, 35.357]]}, {"type": "LineString", "coordinates": [[25.867, 35.187], [25.873, 35.195]]}, {"type": "LineString", "coordinates": [[23.996, 34.944], [24.007, 34.926]]}, {"type": "LineString", "coordinates": [[26.772, 37.194], [26.776, 37.212], [26.79, 37.21]]}, {"type": "LineString", "coordinates": [[25.685, 37.091], [25.696, 37.093]]}, {"type": "LineString", "coordinates": [[25.894, 36.893], [25.932, 36.884]]}, {"type": "LineString", "coordinates": [[22.972, 37.441], [22.983, 37.435], [22.994, 37.437]]}, {"type": "LineString", "coordinates": [[23.275, 37.264], [23.288, 37.273]]}, {"type": "LineString", "coordinates": [[26.918, 37.001], [26.92, 36.992]]}, {"type": "LineString", "coordinates": [[24.589, 37.259], [24.616, 37.255]]}, {"type": "LineString", "coordinates": [[24.167, 38.173], [24.167, 38.162]]}, {"type": "LineString", "coordinates": [[26.141, 36.541], [26.145, 36.527]]}, {"type": "LineString", "coordinates": [[19.513, 39.788], [19.534, 39.759]]}, {"type": "LineString", "coordinates": [[27.118, 36.651], [27.113, 36.642]]}, {"type": "LineString", "coordinates": [[25.263, 37.372], [25.278, 37.403], [25.269, 37.41]]}, {"type": "LineString", "coordinates": [[24.317, 39.334], [24.326, 39.348], [24.322, 39.357], [24.322, 39.368]]}, {"type": "LineString", "coordinates": [[26.54, 37.596], [26.554, 37.601]]}, {"type": "LineString", "coordinates": [[21.094, 38.295], [21.099, 38.286]]}, {"type": "LineString", "coordinates": [[21.669, 36.976], [21.663, 36.936], [21.667, 36.918]]}, {"type": "LineString", "coordinates": [[19.424, 39.869], [19.437, 39.869]]}, {"type": "LineString", "coordinates": [[20.908, 38.557], [20.901, 38.546]]}, {"type": "LineString", "coordinates": [[20.935, 38.596], [20.939, 38.605]]}, {"type": "LineString", "coordinates": [[21.559, 37.05], [21.553, 37.041]]}, {"type": "LineString", "coordinates": [[25.53, 36.86], [25.525, 36.842]]}, {"type": "LineString", "coordinates": [[25.68, 34.881], [25.716, 34.874], [25.725, 34.883]]}, {"type": "LineString", "coordinates": [[23.942, 40.325], [23.953, 40.314]]}, {"type": "LineString", "coordinates": [[24.104, 39.06], [24.11, 39.072]]}, {"type": "LineString", "coordinates": [[24.656, 37.605], [24.688, 37.61]]}, {"type": "LineString", "coordinates": [[24.735, 37.605], [24.744, 37.596]]}, {"type": "LineString", "coordinates": [[24.18, 39.418], [24.176, 39.426]]}, {"type": "LineString", "coordinates": [[26.421, 36.997], [26.435, 36.992]]}, {"type": "LineString", "coordinates": [[26.439, 37.003], [26.435, 37.012]]}, {"type": "LineString", "coordinates": [[27.234, 35.842], [27.243, 35.836]]}, {"type": "LineString", "coordinates": [[26.778, 37.286], [26.769, 37.28]]}, {"type": "LineString", "coordinates": [[25.063, 36.956], [25.072, 36.943]]}, {"type": "LineString", "coordinates": [[25.238, 35.438], [25.247, 35.427]]}, {"type": "LineString", "coordinates": [[23.978, 39.233], [23.976, 39.242]]}, {"type": "LineString", "coordinates": [[23.484, 37.533], [23.486, 37.56]]}, {"type": "LineString", "coordinates": [[20.762, 38.618], [20.793, 38.605], [20.807, 38.589]]}, {"type": "LineString", "coordinates": [[20.791, 38.67], [20.787, 38.679]]}, {"type": "LineString", "coordinates": [[27.012, 35.429], [27.021, 35.436]]}, {"type": "LineString", "coordinates": [[27.755, 36.579], [27.771, 36.586]]}, {"type": "LineString", "coordinates": [[27.818, 36.64], [27.829, 36.637]]}, {"type": "LineString", "coordinates": [[27.767, 36.599], [27.769, 36.608]]}, {"type": "LineString", "coordinates": [[23.434, 37.96], [23.423, 37.962]]}, {"type": "LineString", "coordinates": [[23.41, 37.924], [23.408, 37.933]]}, {"type": "LineString", "coordinates": [[20.71, 38.852], [20.722, 38.849]]}, {"type": "LineString", "coordinates": [[25.271, 37.143], [25.258, 37.147]]}, {"type": "LineString", "coordinates": [[25.218, 37.147], [25.238, 37.149]]}, {"type": "LineString", "coordinates": [[26.886, 37.075], [26.911, 37.073]]}, {"type": "LineString", "coordinates": [[26.987, 37.041], [26.998, 37.044]]}, {"type": "LineString", "coordinates": [[24.771, 40.628], [24.777, 40.619]]}, {"type": "LineString", "coordinates": [[20.984, 37.706], [20.993, 37.7]]}, {"type": "LineString", "coordinates": [[28.088, 36.101], [28.099, 36.101]]}, {"type": "LineString", "coordinates": [[19.662, 39.721], [19.653, 39.714]]}, {"type": "LineString", "coordinates": [[19.915, 39.435], [19.906, 39.442]]}, {"type": "LineString", "coordinates": [[20.542, 38.38], [20.528, 38.382]]}, {"type": "LineString", "coordinates": [[20.409, 38.34], [20.403, 38.36]]}, {"type": "LineString", "coordinates": [[25.15, 39.811], [25.137, 39.813]]}, {"type": "LineString", "coordinates": [[25.377, 39.916], [25.386, 39.909]]}, {"type": "LineString", "coordinates": [[25.319, 39.968], [25.33, 39.972]]}, {"type": "LineString", "coordinates": [[26.361, 39.373], [26.365, 39.382]]}, {"type": "LineString", "coordinates": [[21.202, 38.326], [21.186, 38.326]]}, {"type": "LineString", "coordinates": [[21.483, 38.31], [21.436, 38.326], [21.429, 38.335]]}, {"type": "LineString", "coordinates": [[21.308, 38.034], [21.294, 38.021]]}, {"type": "LineString", "coordinates": [[21.276, 37.994], [21.279, 38.007]]}, {"type": "LineString", "coordinates": [[21.577, 37.071], [21.564, 37.062]]}, {"type": "LineString", "coordinates": [[21.759, 36.797], [21.761, 36.788]]}, {"type": "LineString", "coordinates": [[22.491, 36.401], [22.48, 36.392]]}, {"type": "LineString", "coordinates": [[23.399, 37.978], [23.421, 37.98]]}, {"type": "LineString", "coordinates": [[24.059, 38.144], [24.063, 38.135]]}, {"type": "LineString", "coordinates": [[22.592, 38.831], [22.61, 38.847]]}, {"type": "LineString", "coordinates": [[23.111, 39.15], [23.107, 39.164]]}, {"type": "LineString", "coordinates": [[22.671, 40.502], [22.68, 40.491]]}, {"type": "LineString", "coordinates": [[22.655, 40.531], [22.678, 40.534]]}, {"type": "LineString", "coordinates": [[22.916, 40.388], [22.902, 40.381]]}, {"type": "LineString", "coordinates": [[24.322, 40.823], [24.335, 40.832]]}, {"type": "LineString", "coordinates": [[20.135, 39.653], [20.111, 39.66]]}, {"type": "LineString", "coordinates": [[20.207, 39.516], [20.219, 39.507]]}, {"type": "LineString", "coordinates": [[21.155, 38.971], [21.146, 38.98]]}, {"type": "LineString", "coordinates": [[21.108, 38.443], [21.103, 38.429]]}, {"type": "Polygon", "coordinates": [[[25.128, 40.026], [25.137, 40.017], [25.148, 40.031], [25.128, 40.026]]]}, {"type": "Polygon", "coordinates": [[[23.834, 40.024], [23.823, 40.019], [23.836, 40.015], [23.834, 40.024]]]}, {"type": "Polygon", "coordinates": [[[22.691, 40.547], [22.678, 40.534], [22.693, 40.531], [22.691, 40.547]]]}, {"type": "Polygon", "coordinates": [[[29.496, 36.15], [29.511, 36.154], [29.494, 36.161], [29.496, 36.15]]]}, {"type": "Polygon", "coordinates": [[[24.11, 39.072], [24.128, 39.067], [24.113, 39.105], [24.11, 39.072]]]}, {"type": "Polygon", "coordinates": [[[26.554, 37.601], [26.567, 37.596], [26.558, 37.612], [26.554, 37.601]]]}, {"type": "Polygon", "coordinates": [[[24.49, 38.82], [24.506, 38.822], [24.503, 38.84], [24.49, 38.82]]]}, {"type": "Polygon", "coordinates": [[[24.483, 38.811], [24.497, 38.8], [24.49, 38.82], [24.483, 38.811]]]}, {"type": "Polygon", "coordinates": [[[26.72, 37.408], [26.751, 37.369], [26.765, 37.376], [26.72, 37.408]]]}, {"type": "Polygon", "coordinates": [[[26.406, 37.576], [26.428, 37.578], [26.415, 37.589], [26.406, 37.576]]]}, {"type": "Polygon", "coordinates": [[[27.847, 36.523], [27.868, 36.525], [27.845, 36.536], [27.847, 36.523]]]}, {"type": "Polygon", "coordinates": [[[26.891, 37.017], [26.918, 37.001], [26.909, 37.021], [26.891, 37.017]]]}, {"type": "Polygon", "coordinates": [[[23.066, 39.157], [23.082, 39.153], [23.093, 39.173], [23.066, 39.157]]]}, {"type": "Polygon", "coordinates": [[[27.129, 36.664], [27.144, 36.669], [27.131, 36.68], [27.129, 36.664]]]}, {"type": "Polygon", "coordinates": [[[27.106, 36.66], [27.118, 36.651], [27.129, 36.664], [27.106, 36.66]]]}, {"type": "Polygon", "coordinates": [[[24.104, 38.216], [24.11, 38.225], [24.106, 38.241], [24.104, 38.216]]]}, {"type": "Polygon", "coordinates": [[[24.155, 38.178], [24.167, 38.173], [24.176, 38.182], [24.155, 38.178]]]}, {"type": "Polygon", "coordinates": [[[25.314, 37.419], [25.307, 37.41], [25.321, 37.41], [25.314, 37.419]]]}, {"type": "Polygon", "coordinates": [[[23.104, 38.64], [23.116, 38.638], [23.127, 38.647], [23.104, 38.64]]]}, {"type": "Polygon", "coordinates": [[[26.471, 36.541], [26.466, 36.527], [26.482, 36.534], [26.471, 36.541]]]}, {"type": "Polygon", "coordinates": [[[26.226, 36.561], [26.226, 36.547], [26.235, 36.554], [26.226, 36.561]]]}, {"type": "Polygon", "coordinates": [[[26.136, 36.556], [26.141, 36.541], [26.15, 36.563], [26.136, 36.556]]]}, {"type": "Polygon", "coordinates": [[[25.557, 36.907], [25.575, 36.898], [25.59, 36.925], [25.557, 36.907]]]}, {"type": "Polygon", "coordinates": [[[25.667, 36.851], [25.671, 36.837], [25.687, 36.853], [25.667, 36.851]]]}, {"type": "Polygon", "coordinates": [[[25.469, 36.873], [25.424, 36.826], [25.478, 36.833], [25.469, 36.873]]]}, {"type": "Polygon", "coordinates": [[[26.819, 35.894], [26.828, 35.885], [26.835, 35.896], [26.819, 35.894]]]}, {"type": "Polygon", "coordinates": [[[25.676, 36.628], [25.687, 36.619], [25.698, 36.626], [25.676, 36.628]]]}, {"type": "Polygon", "coordinates": [[[23.938, 37.65], [23.958, 37.646], [23.958, 37.657], [23.938, 37.65]]]}, {"type": "Polygon", "coordinates": [[[22.934, 38.194], [22.97, 38.194], [22.949, 38.212], [22.934, 38.194]]]}, {"type": "Polygon", "coordinates": [[[19.381, 39.869], [19.383, 39.831], [19.424, 39.869], [19.381, 39.869]]]}, {"type": "Polygon", "coordinates": [[[26.39, 36.085], [26.392, 36.076], [26.408, 36.078], [26.39, 36.085]]]}, {"type": "Polygon", "coordinates": [[[24.991, 36.976], [24.991, 36.958], [25.031, 36.967], [24.991, 36.976]]]}, {"type": "Polygon", "coordinates": [[[24.959, 36.947], [24.971, 36.952], [24.966, 36.961], [24.959, 36.947]]]}, {"type": "Polygon", "coordinates": [[[23.904, 37.497], [23.926, 37.464], [23.944, 37.464], [23.904, 37.497]]]}, {"type": "Polygon", "coordinates": [[[25.822, 36.273], [25.835, 36.269], [25.837, 36.278], [25.822, 36.273]]]}, {"type": "Polygon", "coordinates": [[[24.719, 36.907], [24.735, 36.911], [24.717, 36.916], [24.719, 36.907]]]}, {"type": "Polygon", "coordinates": [[[22.074, 38.378], [22.071, 38.36], [22.089, 38.358], [22.074, 38.378]]]}, {"type": "Polygon", "coordinates": [[[26.85, 35.445], [26.864, 35.438], [26.879, 35.447], [26.85, 35.445]]]}, {"type": "Polygon", "coordinates": [[[25.2, 36.249], [25.213, 36.246], [25.206, 36.26], [25.2, 36.249]]]}, {"type": "Polygon", "coordinates": [[[20.919, 38.571], [20.935, 38.596], [20.918, 38.585], [20.919, 38.571]]]}, {"type": "Polygon", "coordinates": [[[23.253, 37.354], [23.262, 37.346], [23.28, 37.349], [23.253, 37.354]]]}, {"type": "Polygon", "coordinates": [[[20.897, 38.562], [20.908, 38.557], [20.919, 38.571], [20.897, 38.562]]]}, {"type": "Polygon", "coordinates": [[[20.789, 38.587], [20.807, 38.578], [20.807, 38.589], [20.789, 38.587]]]}, {"type": "Polygon", "coordinates": [[[21.276, 38.34], [21.288, 38.337], [21.288, 38.349], [21.276, 38.34]]]}, {"type": "Polygon", "coordinates": [[[21.279, 38.331], [21.297, 38.331], [21.288, 38.337], [21.279, 38.331]]]}, {"type": "Polygon", "coordinates": [[[22.86, 37.504], [22.873, 37.511], [22.862, 37.515], [22.86, 37.504]]]}, {"type": "Polygon", "coordinates": [[[21.209, 38.315], [21.213, 38.328], [21.202, 38.326], [21.209, 38.315]]]}, {"type": "Polygon", "coordinates": [[[20.708, 38.544], [20.719, 38.551], [20.708, 38.564], [20.708, 38.544]]]}, {"type": "Polygon", "coordinates": [[[20.796, 38.49], [20.805, 38.472], [20.829, 38.499], [20.796, 38.49]]]}, {"type": "Polygon", "coordinates": [[[21.395, 38.2], [21.386, 38.216], [21.384, 38.205], [21.395, 38.2]]]}, {"type": "Polygon", "coordinates": [[[21.094, 38.295], [21.119, 38.306], [21.108, 38.317], [21.094, 38.295]]]}, {"type": "Polygon", "coordinates": [[[26.161, 35.328], [26.186, 35.332], [26.172, 35.337], [26.161, 35.328]]]}, {"type": "Polygon", "coordinates": [[[21.546, 37.064], [21.559, 37.05], [21.564, 37.062], [21.546, 37.064]]]}, {"type": "Polygon", "coordinates": [[[20.996, 37.262], [21.0, 37.248], [21.009, 37.255], [20.996, 37.262]]]}, {"type": "Polygon", "coordinates": [[[23.888, 40.334], [23.924, 40.32], [23.942, 40.325], [23.922, 40.349], [23.888, 40.334]]]}, {"type": "Polygon", "coordinates": [[[23.778, 40.23], [23.783, 40.217], [23.805, 40.21], [23.792, 40.235], [23.778, 40.23]]]}, {"type": "Polygon", "coordinates": [[[26.19, 38.546], [26.203, 38.517], [26.246, 38.506], [26.269, 38.526], [26.19, 38.546]]]}, {"type": "Polygon", "coordinates": [[[24.14, 39.373], [24.153, 39.373], [24.18, 39.386], [24.18, 39.418], [24.14, 39.373]]]}, {"type": "Polygon", "coordinates": [[[25.494, 38.542], [25.523, 38.535], [25.521, 38.544], [25.525, 38.555], [25.494, 38.542]]]}, {"type": "Polygon", "coordinates": [[[27.086, 37.302], [27.084, 37.275], [27.104, 37.28], [27.097, 37.306], [27.086, 37.302]]]}, {"type": "Polygon", "coordinates": [[[27.832, 36.66], [27.829, 36.648], [27.861, 36.651], [27.847, 36.664], [27.832, 36.66]]]}, {"type": "Polygon", "coordinates": [[[26.428, 37.578], [26.448, 37.567], [26.451, 37.601], [26.433, 37.598], [26.428, 37.578]]]}, {"type": "Polygon", "coordinates": [[[24.348, 38.838], [24.362, 38.831], [24.373, 38.836], [24.371, 38.852], [24.348, 38.838]]]}, {"type": "Polygon", "coordinates": [[[26.269, 36.99], [26.271, 36.981], [26.302, 36.981], [26.309, 36.99], [26.269, 36.99]]]}, {"type": "Polygon", "coordinates": [[[24.297, 38.039], [24.274, 38.018], [24.292, 38.016], [24.299, 38.03], [24.297, 38.039]]]}, {"type": "Polygon", "coordinates": [[[24.232, 37.989], [24.274, 37.98], [24.274, 38.018], [24.247, 38.021], [24.232, 37.989]]]}, {"type": "Polygon", "coordinates": [[[24.688, 37.61], [24.703, 37.598], [24.735, 37.605], [24.73, 37.637], [24.688, 37.61]]]}, {"type": "Polygon", "coordinates": [[[26.659, 36.354], [26.675, 36.33], [26.693, 36.332], [26.689, 36.357], [26.659, 36.354]]]}, {"type": "Polygon", "coordinates": [[[25.588, 36.94], [25.626, 36.938], [25.629, 36.947], [25.606, 36.956], [25.588, 36.94]]]}, {"type": "Polygon", "coordinates": [[[25.608, 36.882], [25.676, 36.878], [25.671, 36.902], [25.615, 36.898], [25.608, 36.882]]]}, {"type": "Polygon", "coordinates": [[[24.108, 37.65], [24.155, 37.742], [24.142, 37.756], [24.104, 37.67], [24.108, 37.65]]]}, {"type": "Polygon", "coordinates": [[[25.503, 36.878], [25.53, 36.86], [25.536, 36.869], [25.516, 36.893], [25.503, 36.878]]]}, {"type": "Polygon", "coordinates": [[[19.578, 39.905], [19.576, 39.878], [19.596, 39.878], [19.599, 39.891], [19.578, 39.905]]]}, {"type": "Polygon", "coordinates": [[[25.022, 36.99], [25.063, 36.956], [25.087, 37.05], [25.022, 37.003], [25.022, 36.99]]]}, {"type": "Polygon", "coordinates": [[[20.111, 39.66], [20.104, 39.669], [20.091, 39.671], [20.088, 39.662], [20.111, 39.66]]]}, {"type": "Polygon", "coordinates": [[[23.329, 37.7], [23.333, 37.677], [23.376, 37.702], [23.34, 37.715], [23.329, 37.7]]]}, {"type": "Polygon", "coordinates": [[[20.223, 39.15], [20.243, 39.135], [20.259, 39.144], [20.23, 39.159], [20.223, 39.15]]]}, {"type": "Polygon", "coordinates": [[[24.223, 36.797], [24.247, 36.776], [24.259, 36.806], [24.234, 36.812], [24.223, 36.797]]]}, {"type": "Polygon", "coordinates": [[[21.209, 38.315], [21.193, 38.306], [21.227, 38.301], [21.254, 38.306], [21.209, 38.315]]]}, {"type": "Polygon", "coordinates": [[[23.098, 37.28], [23.143, 37.239], [23.158, 37.241], [23.172, 37.262], [23.098, 37.28]]]}, {"type": "Polygon", "coordinates": [[[25.745, 35.258], [25.763, 35.254], [25.748, 35.297], [25.741, 35.285], [25.745, 35.258]]]}, {"type": "Polygon", "coordinates": [[[26.125, 34.939], [26.156, 34.942], [26.145, 34.946], [26.136, 34.953], [26.125, 34.939]]]}, {"type": "Polygon", "coordinates": [[[25.215, 35.467], [25.195, 35.443], [25.238, 35.438], [25.245, 35.456], [25.215, 35.467]]]}, {"type": "Polygon", "coordinates": [[[23.275, 35.894], [23.333, 35.831], [23.318, 35.892], [23.277, 35.91], [23.275, 35.894]]]}, {"type": "Polygon", "coordinates": [[[21.752, 36.72], [21.782, 36.702], [21.784, 36.752], [21.764, 36.759], [21.752, 36.72]]]}, {"type": "Polygon", "coordinates": [[[21.694, 36.754], [21.701, 36.741], [21.721, 36.783], [21.703, 36.792], [21.694, 36.754]]]}, {"type": "Polygon", "coordinates": [[[29.561, 36.112], [29.601, 36.139], [29.586, 36.141], [29.597, 36.157], [29.572, 36.145], [29.561, 36.112]]]}, {"type": "Polygon", "coordinates": [[[26.931, 37.473], [26.954, 37.443], [27.005, 37.461], [26.992, 37.473], [26.945, 37.477], [26.931, 37.473]]]}, {"type": "Polygon", "coordinates": [[[23.94, 39.184], [23.987, 39.173], [23.991, 39.22], [23.978, 39.233], [23.973, 39.206], [23.94, 39.184]]]}, {"type": "Polygon", "coordinates": [[[26.509, 37.585], [26.54, 37.596], [26.529, 37.646], [26.502, 37.65], [26.511, 37.612], [26.509, 37.585]]]}, {"type": "Polygon", "coordinates": [[[24.604, 38.766], [24.587, 38.764], [24.6, 38.757], [24.611, 38.748], [24.629, 38.755], [24.604, 38.766]]]}, {"type": "Polygon", "coordinates": [[[26.471, 37.574], [26.502, 37.529], [26.518, 37.549], [26.509, 37.585], [26.486, 37.605], [26.471, 37.574]]]}, {"type": "Polygon", "coordinates": [[[27.111, 36.956], [27.138, 36.925], [27.174, 36.92], [27.158, 36.938], [27.162, 36.961], [27.111, 36.956]]]}, {"type": "Polygon", "coordinates": [[[27.686, 36.267], [27.699, 36.26], [27.699, 36.249], [27.722, 36.276], [27.701, 36.287], [27.686, 36.267]]]}, {"type": "Polygon", "coordinates": [[[27.129, 36.604], [27.135, 36.572], [27.194, 36.559], [27.216, 36.59], [27.18, 36.624], [27.129, 36.604]]]}, {"type": "Polygon", "coordinates": [[[27.517, 36.231], [27.524, 36.208], [27.558, 36.217], [27.612, 36.215], [27.623, 36.244], [27.517, 36.231]]]}, {"type": "Polygon", "coordinates": [[[26.435, 36.992], [26.466, 37.003], [26.5, 36.997], [26.459, 37.026], [26.439, 37.003], [26.435, 36.992]]]}, {"type": "Polygon", "coordinates": [[[27.223, 35.905], [27.196, 35.856], [27.212, 35.84], [27.234, 35.842], [27.243, 35.907], [27.223, 35.905]]]}, {"type": "Polygon", "coordinates": [[[20.091, 39.671], [20.066, 39.689], [20.021, 39.696], [20.007, 39.694], [20.041, 39.685], [20.091, 39.671]]]}, {"type": "Polygon", "coordinates": [[[25.727, 36.366], [25.79, 36.343], [25.849, 36.343], [25.86, 36.357], [25.768, 36.404], [25.727, 36.366]]]}, {"type": "Polygon", "coordinates": [[[25.325, 36.422], [25.352, 36.41], [25.355, 36.424], [25.359, 36.453], [25.343, 36.462], [25.325, 36.422]]]}, {"type": "Polygon", "coordinates": [[[25.375, 36.399], [25.386, 36.39], [25.408, 36.413], [25.388, 36.417], [25.386, 36.404], [25.375, 36.399]]]}, {"type": "Polygon", "coordinates": [[[20.12, 39.245], [20.167, 39.184], [20.205, 39.184], [20.189, 39.211], [20.142, 39.247], [20.12, 39.245]]]}, {"type": "Polygon", "coordinates": [[[24.524, 36.812], [24.539, 36.781], [24.578, 36.783], [24.611, 36.833], [24.562, 36.853], [24.524, 36.812]]]}, {"type": "Polygon", "coordinates": [[[24.609, 36.788], [24.62, 36.759], [24.665, 36.759], [24.654, 36.785], [24.631, 36.792], [24.609, 36.788]]]}, {"type": "Polygon", "coordinates": [[[23.327, 37.349], [23.286, 37.331], [23.358, 37.331], [23.351, 37.349], [23.338, 37.338], [23.327, 37.349]]]}, {"type": "Polygon", "coordinates": [[[22.931, 36.487], [22.94, 36.467], [22.97, 36.478], [22.988, 36.46], [22.983, 36.518], [22.931, 36.487]]]}, {"type": "Polygon", "coordinates": [[[24.973, 39.498], [24.995, 39.469], [25.054, 39.532], [25.04, 39.539], [25.011, 39.561], [24.98, 39.532], [24.973, 39.498]]]}, {"type": "Polygon", "coordinates": [[[26.722, 37.327], [26.724, 37.304], [26.778, 37.286], [26.792, 37.284], [26.796, 37.306], [26.747, 37.315], [26.722, 37.327]]]}, {"type": "Polygon", "coordinates": [[[25.063, 36.644], [25.072, 36.635], [25.177, 36.7], [25.175, 36.72], [25.152, 36.72], [25.087, 36.682], [25.063, 36.644]]]}, {"type": "Polygon", "coordinates": [[[26.853, 35.364], [26.886, 35.344], [27.007, 35.416], [27.012, 35.429], [26.967, 35.429], [26.911, 35.425], [26.853, 35.364]]]}, {"type": "Polygon", "coordinates": [[[23.374, 37.304], [23.416, 37.302], [23.509, 37.32], [23.509, 37.345], [23.58, 37.367], [23.493, 37.36], [23.374, 37.304]]]}, {"type": "Polygon", "coordinates": [[[20.74, 38.634], [20.762, 38.618], [20.769, 38.647], [20.809, 38.663], [20.791, 38.67], [20.744, 38.665], [20.74, 38.634]]]}, {"type": "Polygon", "coordinates": [[[24.048, 34.865], [24.126, 34.809], [24.137, 34.816], [24.117, 34.841], [24.122, 34.868], [24.099, 34.874], [24.048, 34.865]]]}, {"type": "Polygon", "coordinates": [[[26.549, 37.329], [26.563, 37.327], [26.563, 37.342], [26.608, 37.336], [26.572, 37.381], [26.549, 37.367], [26.534, 37.367], [26.549, 37.329]]]}, {"type": "Polygon", "coordinates": [[[25.779, 37.125], [25.801, 37.095], [25.824, 37.093], [25.837, 37.104], [25.831, 37.127], [25.835, 37.138], [25.799, 37.118], [25.779, 37.125]]]}, {"type": "Polygon", "coordinates": [[[25.2, 37.43], [25.229, 37.392], [25.22, 37.372], [25.238, 37.385], [25.251, 37.378], [25.245, 37.396], [25.227, 37.441], [25.2, 37.43]]]}, {"type": "Polygon", "coordinates": [[[24.643, 37.028], [24.665, 36.994], [24.699, 36.916], [24.717, 36.916], [24.762, 36.954], [24.701, 37.024], [24.64, 37.046], [24.643, 37.028]]]}, {"type": "Polygon", "coordinates": [[[20.874, 38.578], [20.886, 38.584], [20.899, 38.607], [20.957, 38.638], [20.962, 38.654], [20.899, 38.643], [20.872, 38.6], [20.874, 38.578]]]}, {"type": "Polygon", "coordinates": [[[25.453, 40.495], [25.46, 40.478], [25.57, 40.406], [25.685, 40.428], [25.7, 40.471], [25.635, 40.504], [25.552, 40.52], [25.465, 40.491], [25.453, 40.495]]]}, {"type": "Polygon", "coordinates": [[[26.536, 37.286], [26.554, 37.286], [26.561, 37.268], [26.576, 37.271], [26.565, 37.289], [26.574, 37.304], [26.549, 37.329], [26.531, 37.315], [26.536, 37.286]]]}, {"type": "Polygon", "coordinates": [[[23.43, 37.769], [23.437, 37.731], [23.468, 37.704], [23.455, 37.695], [23.5, 37.682], [23.527, 37.697], [23.524, 37.711], [23.56, 37.774], [23.43, 37.769]]]}, {"type": "Polygon", "coordinates": [[[24.843, 36.655], [24.881, 36.631], [24.894, 36.633], [24.905, 36.606], [24.955, 36.599], [24.948, 36.631], [24.883, 36.655], [24.854, 36.669], [24.843, 36.655]]]}, {"type": "Polygon", "coordinates": [[[25.532, 38.605], [25.563, 38.557], [25.559, 38.544], [25.566, 38.535], [25.57, 38.546], [25.611, 38.542], [25.622, 38.591], [25.593, 38.614], [25.548, 38.605], [25.532, 38.605]]]}, {"type": "Polygon", "coordinates": [[[24.05, 39.321], [24.066, 39.316], [24.052, 39.312], [24.068, 39.298], [24.097, 39.31], [24.092, 39.352], [24.077, 39.359], [24.075, 39.37], [24.048, 39.343], [24.05, 39.321]]]}, {"type": "Polygon", "coordinates": [[[24.856, 37.403], [24.885, 37.394], [24.885, 37.365], [24.966, 37.403], [24.948, 37.443], [24.928, 37.502], [24.876, 37.511], [24.894, 37.482], [24.883, 37.437], [24.856, 37.403]]]}, {"type": "Polygon", "coordinates": [[[23.832, 39.144], [23.866, 39.141], [23.931, 39.204], [23.98, 39.272], [23.955, 39.285], [23.938, 39.278], [23.906, 39.231], [23.875, 39.191], [23.87, 39.173], [23.841, 39.161], [23.832, 39.144]]]}, {"type": "Polygon", "coordinates": [[[23.596, 39.211], [23.661, 39.099], [23.659, 39.09], [23.695, 39.092], [23.729, 39.076], [23.783, 39.108], [23.778, 39.135], [23.742, 39.135], [23.735, 39.126], [23.699, 39.157], [23.596, 39.211]]]}, {"type": "Polygon", "coordinates": [[[23.392, 39.164], [23.432, 39.144], [23.466, 39.135], [23.473, 39.164], [23.506, 39.161], [23.511, 39.173], [23.511, 39.195], [23.473, 39.213], [23.446, 39.204], [23.434, 39.182], [23.392, 39.164]]]}, {"type": "Polygon", "coordinates": [[[24.29, 37.648], [24.274, 37.583], [24.274, 37.542], [24.286, 37.524], [24.398, 37.614], [24.402, 37.664], [24.36, 37.686], [24.351, 37.679], [24.348, 37.691], [24.319, 37.664], [24.29, 37.648]]]}, {"type": "Polygon", "coordinates": [[[25.355, 36.359], [25.435, 36.334], [25.492, 36.361], [25.485, 36.41], [25.408, 36.48], [25.377, 36.482], [25.375, 36.46], [25.42, 36.451], [25.426, 36.377], [25.417, 36.368], [25.355, 36.359]]]}, {"type": "Polygon", "coordinates": [[[25.974, 37.529], [25.997, 37.515], [26.08, 37.527], [26.118, 37.556], [26.235, 37.574], [26.331, 37.648], [26.365, 37.691], [26.278, 37.673], [26.19, 37.63], [26.132, 37.641], [26.087, 37.641], [25.974, 37.529]]]}, {"type": "Polygon", "coordinates": [[[26.772, 37.194], [26.774, 37.17], [26.828, 37.145], [26.819, 37.138], [26.832, 37.118], [26.859, 37.129], [26.844, 37.109], [26.895, 37.1], [26.875, 37.156], [26.841, 37.165], [26.857, 37.185], [26.799, 37.199], [26.772, 37.194]]]}, {"type": "Polygon", "coordinates": [[[24.371, 37.329], [24.375, 37.304], [24.45, 37.351], [24.468, 37.403], [24.485, 37.399], [24.454, 37.435], [24.436, 37.455], [24.438, 37.486], [24.375, 37.437], [24.369, 37.423], [24.393, 37.414], [24.402, 37.369], [24.371, 37.329]]]}, {"type": "Polygon", "coordinates": [[[24.416, 37.134], [24.427, 37.131], [24.454, 37.131], [24.499, 37.125], [24.494, 37.116], [24.521, 37.127], [24.526, 37.149], [24.533, 37.134], [24.542, 37.152], [24.526, 37.165], [24.533, 37.196], [24.49, 37.21], [24.445, 37.187], [24.416, 37.134]]]}, {"type": "Polygon", "coordinates": [[[23.329, 40.21], [23.32, 40.091], [23.36, 40.051], [23.383, 39.999], [23.36, 39.959], [23.479, 39.968], [23.623, 39.921], [23.738, 39.914], [23.747, 39.93], [23.693, 39.939], [23.668, 39.981], [23.486, 40.051], [23.405, 40.147], [23.369, 40.156], [23.329, 40.21]]]}, {"type": "Polygon", "coordinates": [[[24.977, 37.682], [25.027, 37.623], [25.112, 37.567], [25.177, 37.533], [25.231, 37.538], [25.251, 37.612], [25.238, 37.623], [25.15, 37.643], [25.141, 37.634], [25.126, 37.652], [25.072, 37.652], [25.058, 37.659], [25.051, 37.679], [24.989, 37.677], [24.977, 37.682]]]}, {"type": "Polygon", "coordinates": [[[25.748, 36.785], [25.806, 36.77], [25.873, 36.792], [25.977, 36.88], [26.058, 36.898], [26.084, 36.898], [26.01, 36.94], [25.956, 36.913], [25.968, 36.909], [25.932, 36.884], [25.842, 36.839], [25.853, 36.828], [25.853, 36.815], [25.788, 36.817], [25.748, 36.785]]]}, {"type": "Polygon", "coordinates": [[[27.771, 36.586], [27.798, 36.577], [27.798, 36.565], [27.841, 36.561], [27.825, 36.538], [27.845, 36.536], [27.872, 36.55], [27.859, 36.579], [27.874, 36.615], [27.854, 36.613], [27.868, 36.624], [27.816, 36.624], [27.818, 36.64], [27.78, 36.606], [27.767, 36.599], [27.771, 36.586]]]}, {"type": "Polygon", "coordinates": [[[26.927, 36.765], [26.927, 36.709], [26.967, 36.678], [26.983, 36.734], [26.987, 36.754], [27.007, 36.759], [27.079, 36.765], [27.122, 36.763], [27.169, 36.806], [27.356, 36.86], [27.347, 36.889], [27.29, 36.9], [27.277, 36.918], [27.066, 36.846], [26.989, 36.772], [26.927, 36.765]]]}, {"type": "Polygon", "coordinates": [[[27.299, 36.419], [27.324, 36.415], [27.356, 36.431], [27.367, 36.401], [27.369, 36.392], [27.38, 36.383], [27.394, 36.375], [27.452, 36.401], [27.432, 36.415], [27.43, 36.406], [27.389, 36.413], [27.403, 36.437], [27.349, 36.482], [27.317, 36.46], [27.306, 36.469], [27.299, 36.419]]]}, {"type": "Polygon", "coordinates": [[[25.305, 37.437], [25.314, 37.419], [25.366, 37.41], [25.391, 37.423], [25.402, 37.417], [25.408, 37.437], [25.426, 37.432], [25.465, 37.468], [25.417, 37.484], [25.386, 37.495], [25.379, 37.466], [25.35, 37.502], [25.314, 37.493], [25.328, 37.466], [25.321, 37.432], [25.305, 37.437]]]}, {"type": "Polygon", "coordinates": [[[25.105, 37.017], [25.146, 36.99], [25.195, 36.99], [25.22, 36.992], [25.278, 37.062], [25.267, 37.073], [25.287, 37.149], [25.271, 37.143], [25.269, 37.131], [25.218, 37.127], [25.218, 37.147], [25.146, 37.111], [25.141, 37.1], [25.159, 37.095], [25.108, 37.064], [25.105, 37.017]]]}, {"type": "Polygon", "coordinates": [[[25.26, 36.77], [25.256, 36.718], [25.276, 36.725], [25.267, 36.716], [25.296, 36.714], [25.364, 36.646], [25.368, 36.657], [25.391, 36.655], [25.384, 36.671], [25.397, 36.673], [25.386, 36.702], [25.404, 36.711], [25.343, 36.754], [25.33, 36.765], [25.294, 36.79], [25.26, 36.77]]]}, {"type": "Polygon", "coordinates": [[[22.893, 36.323], [22.922, 36.282], [22.913, 36.244], [22.907, 36.226], [22.952, 36.163], [22.988, 36.139], [23.026, 36.143], [23.039, 36.136], [23.053, 36.148], [23.064, 36.226], [23.095, 36.224], [23.102, 36.253], [22.979, 36.336], [22.952, 36.386], [22.922, 36.379], [22.893, 36.323]]]}, {"type": "Polygon", "coordinates": [[[20.623, 38.479], [20.672, 38.369], [20.706, 38.31], [20.749, 38.31], [20.762, 38.319], [20.746, 38.364], [20.755, 38.373], [20.719, 38.391], [20.704, 38.382], [20.717, 38.375], [20.686, 38.369], [20.706, 38.429], [20.677, 38.47], [20.683, 38.49], [20.654, 38.506], [20.643, 38.47], [20.623, 38.479]]]}, {"type": "Polygon", "coordinates": [[[25.341, 37.091], [25.388, 37.001], [25.399, 36.981], [25.426, 36.97], [25.435, 36.927], [25.462, 36.929], [25.519, 36.958], [25.545, 36.956], [25.588, 37.077], [25.606, 37.089], [25.593, 37.095], [25.577, 37.165], [25.539, 37.205], [25.483, 37.181], [25.444, 37.143], [25.368, 37.116], [25.366, 37.089], [25.341, 37.091]]]}, {"type": "Polygon", "coordinates": [[[24.331, 36.696], [24.324, 36.657], [24.366, 36.657], [24.465, 36.671], [24.499, 36.669], [24.539, 36.682], [24.544, 36.725], [24.544, 36.765], [24.539, 36.781], [24.461, 36.752], [24.414, 36.776], [24.418, 36.743], [24.472, 36.718], [24.456, 36.698], [24.398, 36.72], [24.391, 36.741], [24.353, 36.756], [24.331, 36.696]]]}, {"type": "Polygon", "coordinates": [[[24.438, 38.879], [24.463, 38.881], [24.515, 38.847], [24.548, 38.836], [24.56, 38.845], [24.566, 38.807], [24.535, 38.8], [24.573, 38.764], [24.58, 38.786], [24.609, 38.777], [24.665, 38.773], [24.685, 38.802], [24.596, 38.87], [24.571, 38.881], [24.587, 38.926], [24.488, 38.98], [24.452, 38.95], [24.47, 38.917], [24.438, 38.879]]]}, {"type": "Polygon", "coordinates": [[[20.625, 37.821], [20.679, 37.783], [20.701, 37.762], [20.697, 37.747], [20.784, 37.686], [20.823, 37.65], [20.861, 37.657], [20.847, 37.693], [20.895, 37.735], [20.984, 37.706], [20.993, 37.731], [20.906, 37.78], [20.901, 37.81], [20.789, 37.85], [20.755, 37.854], [20.715, 37.926], [20.674, 37.92], [20.63, 37.866], [20.625, 37.821]]]}, {"type": "Polygon", "coordinates": [[[26.911, 37.073], [26.924, 37.048], [26.958, 37.035], [26.963, 37.019], [26.942, 37.021], [26.918, 36.952], [26.954, 36.929], [26.987, 36.931], [26.996, 36.952], [27.037, 36.958], [27.055, 36.954], [27.046, 36.967], [27.046, 36.99], [27.041, 37.012], [27.007, 37.015], [26.987, 37.041], [26.983, 37.05], [26.958, 37.066], [26.945, 37.062], [26.911, 37.073]]]}, {"type": "Polygon", "coordinates": [[[23.41, 37.924], [23.416, 37.895], [23.443, 37.877], [23.504, 37.904], [23.515, 37.897], [23.518, 37.915], [23.538, 37.924], [23.547, 37.944], [23.569, 37.951], [23.551, 37.956], [23.529, 37.962], [23.529, 37.991], [23.493, 38.007], [23.477, 37.991], [23.421, 37.98], [23.452, 37.973], [23.434, 37.96], [23.5, 37.962], [23.459, 37.929], [23.41, 37.924]]]}, {"type": "Polygon", "coordinates": [[[26.269, 36.597], [26.271, 36.559], [26.291, 36.518], [26.345, 36.509], [26.367, 36.516], [26.347, 36.536], [26.376, 36.57], [26.39, 36.565], [26.397, 36.577], [26.421, 36.572], [26.428, 36.581], [26.444, 36.588], [26.451, 36.579], [26.464, 36.577], [26.475, 36.577], [26.41, 36.64], [26.372, 36.635], [26.399, 36.617], [26.39, 36.592], [26.361, 36.574], [26.269, 36.597]]]}, {"type": "Polygon", "coordinates": [[[24.569, 40.769], [24.519, 40.655], [24.546, 40.63], [24.589, 40.63], [24.613, 40.612], [24.607, 40.601], [24.647, 40.59], [24.649, 40.579], [24.721, 40.61], [24.771, 40.628], [24.786, 40.635], [24.777, 40.653], [24.782, 40.666], [24.771, 40.686], [24.78, 40.709], [24.762, 40.725], [24.768, 40.74], [24.789, 40.74], [24.717, 40.787], [24.638, 40.803], [24.587, 40.767], [24.569, 40.769]]]}, {"type": "Polygon", "coordinates": [[[26.59, 37.753], [26.574, 37.722], [26.588, 37.677], [26.637, 37.693], [26.695, 37.713], [26.76, 37.688], [26.821, 37.639], [26.884, 37.643], [26.897, 37.675], [27.01, 37.708], [27.068, 37.717], [27.028, 37.758], [27.068, 37.778], [27.055, 37.783], [26.981, 37.792], [26.954, 37.783], [26.974, 37.76], [26.87, 37.792], [26.859, 37.807], [26.713, 37.805], [26.673, 37.798], [26.59, 37.753]]]}, {"type": "Polygon", "coordinates": [[[24.683, 37.949], [24.71, 37.879], [24.724, 37.881], [24.768, 37.875], [24.793, 37.821], [24.825, 37.81], [24.867, 37.771], [24.896, 37.749], [24.953, 37.686], [24.998, 37.778], [24.957, 37.769], [24.98, 37.821], [24.941, 37.852], [24.957, 37.899], [24.946, 37.902], [24.932, 37.908], [24.838, 37.915], [24.827, 37.965], [24.786, 37.987], [24.791, 38.0], [24.697, 37.971], [24.683, 37.949]]]}, {"type": "Polygon", "coordinates": [[[27.057, 35.602], [27.118, 35.548], [27.113, 35.472], [27.088, 35.452], [27.147, 35.418], [27.14, 35.404], [27.176, 35.429], [27.153, 35.427], [27.219, 35.485], [27.23, 35.476], [27.239, 35.51], [27.212, 35.514], [27.207, 35.535], [27.223, 35.548], [27.162, 35.622], [27.205, 35.714], [27.221, 35.75], [27.223, 35.793], [27.232, 35.833], [27.221, 35.827], [27.212, 35.84], [27.21, 35.824], [27.167, 35.804], [27.169, 35.734], [27.12, 35.672], [27.115, 35.645], [27.057, 35.602]]]}, {"type": "Polygon", "coordinates": [[[20.356, 38.254], [20.34, 38.182], [20.391, 38.16], [20.443, 38.169], [20.432, 38.281], [20.452, 38.277], [20.493, 38.198], [20.479, 38.196], [20.497, 38.119], [20.542, 38.104], [20.573, 38.097], [20.614, 38.119], [20.746, 38.066], [20.793, 38.063], [20.816, 38.119], [20.67, 38.281], [20.643, 38.254], [20.612, 38.308], [20.632, 38.322], [20.582, 38.465], [20.542, 38.47], [20.542, 38.38], [20.533, 38.342], [20.479, 38.31], [20.443, 38.346], [20.441, 38.358], [20.409, 38.34], [20.373, 38.261], [20.356, 38.254]]]}, {"type": "Polygon", "coordinates": [[[25.828, 38.546], [25.9, 38.477], [25.959, 38.445], [25.961, 38.407], [25.992, 38.382], [25.986, 38.342], [25.952, 38.301], [25.923, 38.304], [25.876, 38.27], [25.869, 38.247], [25.894, 38.234], [25.894, 38.223], [25.909, 38.225], [25.938, 38.2], [26.019, 38.155], [26.046, 38.203], [26.1, 38.214], [26.118, 38.234], [26.111, 38.277], [26.159, 38.324], [26.141, 38.432], [26.154, 38.468], [26.127, 38.481], [26.15, 38.51], [26.156, 38.555], [26.132, 38.569], [26.132, 38.551], [26.118, 38.557], [26.111, 38.546], [26.062, 38.593], [25.968, 38.6], [25.862, 38.582], [25.828, 38.546]]]}, {"type": "Polygon", "coordinates": [[[27.688, 36.15], [27.708, 36.148], [27.728, 36.11], [27.76, 36.098], [27.733, 35.955], [27.737, 35.923], [27.769, 35.898], [27.755, 35.889], [27.769, 35.883], [27.865, 35.932], [27.955, 36.047], [28.049, 36.078], [28.074, 36.062], [28.09, 36.06], [28.076, 36.076], [28.097, 36.087], [28.088, 36.101], [28.07, 36.116], [28.121, 36.188], [28.142, 36.188], [28.166, 36.244], [28.191, 36.303], [28.218, 36.325], [28.209, 36.348], [28.245, 36.39], [28.231, 36.404], [28.24, 36.442], [28.227, 36.458], [28.177, 36.424], [28.097, 36.413], [27.881, 36.325], [27.829, 36.276], [27.793, 36.249], [27.771, 36.195], [27.688, 36.15]]]}, {"type": "Polygon", "coordinates": [[[19.637, 39.75], [19.662, 39.721], [19.684, 39.714], [19.671, 39.689], [19.724, 39.66], [19.754, 39.622], [19.781, 39.593], [19.828, 39.577], [19.852, 39.514], [19.868, 39.462], [19.879, 39.453], [19.891, 39.447], [19.893, 39.456], [19.929, 39.444], [19.915, 39.435], [19.969, 39.426], [20.084, 39.373], [20.108, 39.364], [20.122, 39.382], [20.068, 39.46], [20.039, 39.44], [20.01, 39.44], [19.978, 39.462], [19.933, 39.48], [19.904, 39.606], [19.922, 39.593], [19.924, 39.626], [19.843, 39.66], [19.864, 39.665], [19.841, 39.696], [19.94, 39.752], [19.954, 39.775], [19.915, 39.79], [19.843, 39.824], [19.787, 39.795], [19.68, 39.795], [19.637, 39.75]]]}, {"type": "Polygon", "coordinates": [[[25.84, 39.195], [25.855, 39.177], [25.903, 39.139], [25.941, 39.132], [25.954, 39.108], [26.004, 39.112], [26.078, 39.094], [26.102, 39.117], [26.168, 39.2], [26.266, 39.204], [26.293, 39.175], [26.17, 39.119], [26.145, 39.099], [26.093, 39.087], [26.172, 39.013], [26.221, 39.02], [26.394, 38.966], [26.509, 38.984], [26.522, 38.975], [26.547, 39.004], [26.531, 39.018], [26.612, 39.018], [26.619, 39.038], [26.534, 39.161], [26.536, 39.173], [26.495, 39.191], [26.43, 39.254], [26.381, 39.287], [26.421, 39.341], [26.352, 39.355], [26.361, 39.373], [26.343, 39.395], [26.311, 39.377], [26.186, 39.382], [26.161, 39.373], [26.177, 39.366], [26.159, 39.325], [26.109, 39.314], [26.093, 39.31], [26.026, 39.292], [25.923, 39.287], [25.921, 39.298], [25.858, 39.258], [25.855, 39.229], [25.851, 39.191], [25.84, 39.195]], [[26.516, 39.051], [26.527, 39.083], [26.468, 39.121], [26.444, 39.101], [26.522, 39.038], [26.516, 39.051]]]}, {"type": "Polygon", "coordinates": [[[25.038, 39.992], [25.051, 39.943], [25.072, 39.921], [25.051, 39.864], [25.065, 39.86], [25.045, 39.837], [25.103, 39.846], [25.117, 39.855], [25.128, 39.84], [25.148, 39.846], [25.15, 39.811], [25.179, 39.806], [25.224, 39.804], [25.193, 39.855], [25.204, 39.88], [25.22, 39.873], [25.229, 39.882], [25.211, 39.889], [25.245, 39.916], [25.267, 39.9], [25.258, 39.864], [25.24, 39.862], [25.289, 39.824], [25.31, 39.795], [25.352, 39.788], [25.37, 39.811], [25.343, 39.873], [25.364, 39.896], [25.377, 39.916], [25.426, 39.979], [25.447, 39.988], [25.429, 40.042], [25.404, 40.017], [25.377, 40.028], [25.332, 39.959], [25.319, 39.968], [25.294, 39.945], [25.278, 39.945], [25.28, 39.961], [25.267, 39.983], [25.271, 39.992], [25.206, 40.004], [25.148, 39.995], [25.15, 40.013], [25.137, 40.017], [25.056, 39.99], [25.038, 39.992]]]}, {"type": "Polygon", "coordinates": [[[23.522, 35.299], [23.549, 35.27], [23.583, 35.261], [23.589, 35.234], [23.679, 35.236], [23.686, 35.227], [23.713, 35.24], [23.789, 35.234], [23.85, 35.247], [23.926, 35.222], [23.987, 35.234], [24.05, 35.193], [24.072, 35.202], [24.079, 35.191], [24.135, 35.202], [24.218, 35.193], [24.292, 35.178], [24.389, 35.193], [24.407, 35.171], [24.436, 35.162], [24.528, 35.139], [24.578, 35.103], [24.728, 35.09], [24.759, 35.043], [24.748, 34.944], [24.735, 34.926], [24.795, 34.928], [24.845, 34.942], [25.022, 34.93], [25.092, 34.942], [25.186, 34.955], [25.269, 34.973], [25.312, 34.984], [25.386, 35.002], [25.505, 34.989], [25.631, 35.009], [25.709, 35.016], [25.801, 35.0], [25.983, 35.038], [26.022, 35.023], [26.093, 35.011], [26.109, 34.998], [26.201, 35.025], [26.246, 35.054], [26.269, 35.103], [26.284, 35.139], [26.296, 35.171], [26.318, 35.184], [26.316, 35.198], [26.305, 35.189], [26.271, 35.213], [26.273, 35.27], [26.316, 35.306], [26.293, 35.315], [26.273, 35.283], [26.224, 35.265], [26.208, 35.236], [26.181, 35.227], [26.177, 35.209], [26.116, 35.207], [26.118, 35.227], [26.071, 35.222], [26.064, 35.236], [26.01, 35.218], [26.01, 35.207], [25.956, 35.191], [25.903, 35.184], [25.842, 35.142], [25.819, 35.115], [25.732, 35.137], [25.714, 35.175], [25.723, 35.22], [25.745, 35.258], [25.73, 35.276], [25.741, 35.285], [25.734, 35.306], [25.775, 35.339], [25.651, 35.344], [25.485, 35.299], [25.44, 35.297], [25.379, 35.341], [25.211, 35.335], [25.141, 35.348], [25.049, 35.348], [25.049, 35.407], [25.009, 35.422], [24.973, 35.429], [24.957, 35.404], [24.908, 35.416], [24.878, 35.42], [24.793, 35.411], [24.746, 35.422], [24.654, 35.422], [24.611, 35.393], [24.497, 35.371], [24.38, 35.364], [24.328, 35.355], [24.274, 35.364], [24.25, 35.474], [24.191, 35.454], [24.146, 35.472], [24.072, 35.501], [24.131, 35.503], [24.189, 35.51], [24.198, 35.566], [24.178, 35.591], [24.119, 35.606], [24.077, 35.586], [24.088, 35.562], [24.057, 35.553], [24.052, 35.528], [23.96, 35.517], [23.787, 35.548], [23.771, 35.678], [23.747, 35.692], [23.713, 35.663], [23.724, 35.519], [23.65, 35.508], [23.616, 35.528], [23.601, 35.627], [23.583, 35.593], [23.589, 35.584], [23.574, 35.519], [23.574, 35.483], [23.562, 35.449], [23.558, 35.418], [23.538, 35.353], [23.545, 35.319], [23.522, 35.299]]]}, {"type": "Polygon", "coordinates": [[[21.186, 38.326], [21.193, 38.344], [21.213, 38.328], [21.238, 38.322], [21.267, 38.349], [21.27, 38.371], [21.292, 38.362], [21.305, 38.387], [21.337, 38.387], [21.355, 38.434], [21.305, 38.49], [21.33, 38.492], [21.368, 38.434], [21.373, 38.405], [21.422, 38.387], [21.429, 38.36], [21.469, 38.369], [21.472, 38.355], [21.487, 38.337], [21.483, 38.31], [21.523, 38.306], [21.649, 38.353], [21.73, 38.335], [21.768, 38.328], [21.795, 38.375], [21.849, 38.384], [21.892, 38.369], [21.946, 38.409], [22.038, 38.391], [22.067, 38.389], [22.074, 38.378], [22.141, 38.36], [22.145, 38.346], [22.168, 38.349], [22.19, 38.326], [22.253, 38.364], [22.289, 38.34], [22.316, 38.349], [22.374, 38.335], [22.395, 38.346], [22.381, 38.351], [22.404, 38.364], [22.386, 38.4], [22.413, 38.423], [22.419, 38.443], [22.511, 38.375], [22.536, 38.337], [22.527, 38.324], [22.565, 38.286], [22.586, 38.281], [22.608, 38.317], [22.595, 38.342], [22.624, 38.362], [22.642, 38.353], [22.646, 38.369], [22.633, 38.378], [22.68, 38.375], [22.693, 38.324], [22.797, 38.272], [22.765, 38.245], [22.833, 38.227], [22.898, 38.238], [22.907, 38.191], [22.934, 38.194], [22.925, 38.221], [23.026, 38.218], [23.053, 38.198], [23.032, 38.189], [23.08, 38.182], [23.122, 38.207], [23.14, 38.187], [23.131, 38.169], [23.226, 38.16], [23.192, 38.144], [23.181, 38.149], [23.194, 38.131], [23.219, 38.108], [23.136, 38.068], [23.057, 38.057], [22.952, 38.084], [22.862, 38.041], [22.889, 38.03], [22.974, 37.985], [22.965, 37.956], [22.862, 37.942], [22.803, 37.967], [22.696, 38.054], [22.471, 38.14], [22.388, 38.142], [22.33, 38.18], [22.242, 38.185], [22.217, 38.189], [22.163, 38.207], [22.116, 38.263], [22.08, 38.261], [22.006, 38.315], [21.93, 38.331], [21.847, 38.337], [21.793, 38.313], [21.746, 38.281], [21.694, 38.203], [21.64, 38.158], [21.595, 38.146], [21.469, 38.189], [21.44, 38.2], [21.416, 38.189], [21.395, 38.2], [21.4, 38.185], [21.384, 38.205], [21.371, 38.212], [21.355, 38.106], [21.308, 38.034], [21.308, 38.005], [21.276, 37.994], [21.171, 37.929], [21.13, 37.94], [21.11, 37.85], [21.292, 37.774], [21.319, 37.704], [21.308, 37.652], [21.317, 37.637], [21.328, 37.661], [21.409, 37.643], [21.57, 37.538], [21.658, 37.426], [21.701, 37.318], [21.656, 37.253], [21.575, 37.185], [21.577, 37.071], [21.669, 36.976], [21.683, 36.965], [21.712, 36.936], [21.683, 36.887], [21.705, 36.819], [21.759, 36.797], [21.824, 36.803], [21.856, 36.756], [21.883, 36.72], [21.937, 36.761], [21.952, 36.792], [21.972, 36.797], [21.932, 36.828], [21.934, 36.963], [21.948, 36.994], [22.076, 37.035], [22.157, 37.015], [22.134, 36.913], [22.181, 36.893], [22.213, 36.9], [22.303, 36.806], [22.327, 36.745], [22.363, 36.693], [22.383, 36.698], [22.365, 36.653], [22.379, 36.64], [22.368, 36.64], [22.37, 36.601], [22.39, 36.592], [22.377, 36.577], [22.381, 36.538], [22.365, 36.536], [22.352, 36.511], [22.39, 36.469], [22.41, 36.473], [22.478, 36.426], [22.471, 36.413], [22.491, 36.401], [22.491, 36.433], [22.502, 36.487], [22.478, 36.541], [22.485, 36.615], [22.507, 36.61], [22.529, 36.626], [22.509, 36.666], [22.554, 36.655], [22.543, 36.675], [22.525, 36.693], [22.55, 36.732], [22.574, 36.736], [22.57, 36.776], [22.637, 36.808], [22.781, 36.801], [22.819, 36.711], [22.815, 36.669], [22.824, 36.657], [22.833, 36.689], [22.882, 36.651], [22.889, 36.613], [22.945, 36.577], [22.952, 36.554], [22.983, 36.518], [23.019, 36.529], [23.068, 36.503], [23.068, 36.467], [23.1, 36.442], [23.145, 36.437], [23.199, 36.437], [23.205, 36.455], [23.174, 36.471], [23.134, 36.503], [23.149, 36.541], [23.035, 36.628], [23.041, 36.684], [23.059, 36.698], [23.023, 36.72], [23.062, 36.747], [23.086, 36.734], [23.102, 36.768], [23.113, 36.776], [23.082, 36.792], [23.091, 36.819], [23.044, 36.866], [23.015, 36.972], [22.994, 36.979], [23.003, 37.026], [22.976, 37.073], [22.983, 37.082], [22.943, 37.12], [22.9, 37.12], [22.898, 37.176], [22.9, 37.201], [22.853, 37.275], [22.776, 37.385], [22.756, 37.401], [22.772, 37.43], [22.747, 37.455], [22.736, 37.502], [22.72, 37.554], [22.756, 37.587], [22.803, 37.571], [22.812, 37.549], [22.837, 37.522], [22.862, 37.515], [22.893, 37.531], [22.927, 37.527], [22.976, 37.518], [23.008, 37.461], [23.05, 37.475], [23.057, 37.452], [23.127, 37.443], [23.145, 37.414], [23.113, 37.417], [23.095, 37.392], [23.064, 37.392], [23.073, 37.354], [23.127, 37.34], [23.111, 37.336], [23.134, 37.318], [23.147, 37.318], [23.154, 37.298], [23.183, 37.291], [23.201, 37.302], [23.183, 37.333], [23.253, 37.354], [23.244, 37.369], [23.23, 37.376], [23.264, 37.39], [23.28, 37.403], [23.304, 37.403], [23.32, 37.403], [23.381, 37.412], [23.425, 37.412], [23.518, 37.432], [23.504, 37.466], [23.461, 37.497], [23.518, 37.513], [23.515, 37.529], [23.484, 37.533], [23.434, 37.527], [23.452, 37.504], [23.396, 37.509], [23.394, 37.52], [23.419, 37.529], [23.374, 37.558], [23.416, 37.616], [23.385, 37.643], [23.324, 37.628], [23.306, 37.612], [23.363, 37.56], [23.329, 37.533], [23.277, 37.554], [23.241, 37.583], [23.16, 37.623], [23.165, 37.661], [23.154, 37.677], [23.178, 37.717], [23.127, 37.729], [23.125, 37.758], [23.172, 37.771], [23.176, 37.81], [23.116, 37.85], [23.012, 37.85], [22.999, 37.886], [23.019, 37.902], [23.012, 37.92], [23.05, 37.924], [23.071, 37.915], [23.151, 37.929], [23.23, 37.976], [23.399, 37.978], [23.392, 37.989], [23.421, 38.0], [23.459, 38.027], [23.524, 38.048], [23.592, 38.041], [23.585, 38.003], [23.551, 37.976], [23.565, 37.962], [23.61, 37.962], [23.628, 37.94], [23.646, 37.931], [23.688, 37.944], [23.767, 37.821], [23.76, 37.812], [23.778, 37.801], [23.783, 37.812], [23.792, 37.803], [23.818, 37.821], [23.893, 37.78], [23.911, 37.724], [23.946, 37.72], [23.946, 37.673], [24.021, 37.657], [24.072, 37.688], [24.059, 37.742], [24.072, 37.738], [24.081, 37.803], [24.054, 37.823], [24.041, 37.881], [24.027, 37.872], [24.021, 37.897], [24.045, 37.913], [24.012, 37.935], [24.023, 37.989], [24.021, 38.014], [23.985, 38.11], [24.048, 38.146], [24.059, 38.144], [24.077, 38.167], [24.072, 38.205], [23.933, 38.295], [23.796, 38.326], [23.76, 38.342], [23.666, 38.355], [23.632, 38.398], [23.634, 38.423], [23.668, 38.402], [23.706, 38.416], [23.796, 38.391], [23.832, 38.405], [23.933, 38.387], [24.005, 38.402], [24.061, 38.378], [24.045, 38.34], [24.025, 38.337], [24.043, 38.324], [24.106, 38.322], [24.113, 38.301], [24.117, 38.29], [24.097, 38.283], [24.122, 38.259], [24.146, 38.286], [24.158, 38.268], [24.122, 38.223], [24.144, 38.221], [24.164, 38.232], [24.209, 38.18], [24.194, 38.146], [24.185, 38.128], [24.216, 38.124], [24.203, 38.095], [24.281, 38.088], [24.297, 38.072], [24.322, 38.045], [24.299, 38.03], [24.337, 38.012], [24.362, 37.978], [24.391, 37.971], [24.409, 38.014], [24.461, 38.0], [24.494, 37.953], [24.56, 37.982], [24.593, 38.066], [24.584, 38.126], [24.591, 38.16], [24.524, 38.149], [24.418, 38.155], [24.378, 38.169], [24.34, 38.167], [24.333, 38.191], [24.281, 38.205], [24.252, 38.236], [24.254, 38.297], [24.216, 38.349], [24.216, 38.373], [24.191, 38.407], [24.209, 38.418], [24.189, 38.447], [24.196, 38.494], [24.232, 38.528], [24.122, 38.602], [24.14, 38.647], [24.155, 38.647], [24.039, 38.688], [23.98, 38.681], [23.955, 38.665], [23.888, 38.679], [23.762, 38.708], [23.706, 38.771], [23.661, 38.757], [23.589, 38.773], [23.592, 38.784], [23.475, 38.838], [23.428, 38.917], [23.43, 38.962], [23.376, 38.977], [23.376, 39.013], [23.288, 39.042], [23.203, 39.009], [23.129, 39.011], [23.102, 38.991], [23.075, 38.944], [23.046, 38.946], [23.012, 38.921], [22.837, 38.856], [22.833, 38.834], [22.974, 38.845], [22.994, 38.858], [22.97, 38.881], [22.952, 38.883], [22.97, 38.892], [23.041, 38.879], [23.08, 38.845], [23.134, 38.856], [23.223, 38.818], [23.293, 38.771], [23.342, 38.744], [23.394, 38.697], [23.443, 38.672], [23.45, 38.652], [23.495, 38.634], [23.509, 38.591], [23.607, 38.566], [23.637, 38.508], [23.621, 38.474], [23.592, 38.468], [23.545, 38.512], [23.515, 38.483], [23.356, 38.51], [23.347, 38.499], [23.331, 38.508], [23.381, 38.526], [23.329, 38.551], [23.311, 38.569], [23.286, 38.564], [23.313, 38.589], [23.342, 38.618], [23.288, 38.654], [23.255, 38.645], [23.199, 38.683], [23.172, 38.679], [23.194, 38.663], [23.174, 38.645], [23.116, 38.638], [23.107, 38.629], [23.104, 38.64], [23.082, 38.67], [23.048, 38.748], [22.949, 38.755], [22.909, 38.78], [22.866, 38.759], [22.824, 38.795], [22.779, 38.782], [22.7, 38.856], [22.653, 38.836], [22.592, 38.831], [22.554, 38.843], [22.572, 38.874], [22.538, 38.861], [22.536, 38.874], [22.617, 38.912], [22.696, 38.881], [22.72, 38.883], [22.761, 38.872], [22.837, 38.896], [22.864, 38.93], [22.925, 38.932], [22.94, 38.937], [22.936, 38.946], [22.999, 38.962], [23.046, 39.024], [23.057, 39.02], [23.068, 39.045], [23.019, 39.031], [22.965, 39.016], [22.965, 39.036], [22.994, 39.051], [23.003, 39.072], [22.945, 39.13], [22.927, 39.117], [22.904, 39.173], [22.889, 39.173], [22.889, 39.191], [22.875, 39.184], [22.855, 39.159], [22.817, 39.265], [22.853, 39.285], [22.943, 39.303], [22.929, 39.328], [22.947, 39.348], [22.938, 39.361], [23.006, 39.348], [23.037, 39.319], [23.122, 39.31], [23.183, 39.258], [23.201, 39.206], [23.223, 39.175], [23.21, 39.15], [23.205, 39.161], [23.194, 39.166], [23.181, 39.137], [23.154, 39.139], [23.143, 39.126], [23.098, 39.103], [23.122, 39.141], [23.111, 39.15], [23.082, 39.153], [23.055, 39.11], [23.08, 39.09], [23.196, 39.108], [23.21, 39.108], [23.223, 39.123], [23.313, 39.153], [23.354, 39.191], [23.259, 39.339], [23.205, 39.382], [23.057, 39.528], [22.934, 39.579], [22.855, 39.797], [22.723, 39.882], [22.72, 39.898], [22.709, 39.954], [22.604, 40.017], [22.574, 40.084], [22.565, 40.177], [22.592, 40.23], [22.648, 40.345], [22.666, 40.376], [22.619, 40.415], [22.601, 40.491], [22.63, 40.484], [22.655, 40.475], [22.671, 40.502], [22.651, 40.513], [22.655, 40.531], [22.642, 40.531], [22.646, 40.552], [22.673, 40.545], [22.691, 40.547], [22.702, 40.538], [22.693, 40.531], [22.705, 40.525], [22.72, 40.52], [22.75, 40.529], [22.745, 40.547], [22.758, 40.547], [22.745, 40.563], [22.781, 40.579], [22.826, 40.574], [22.889, 40.603], [22.869, 40.612], [22.895, 40.648], [22.954, 40.637], [22.947, 40.59], [22.992, 40.549], [22.916, 40.513], [22.833, 40.513], [22.828, 40.484], [22.871, 40.469], [22.878, 40.439], [22.916, 40.388], [22.967, 40.385], [23.023, 40.354], [23.046, 40.325], [23.324, 40.226], [23.329, 40.21], [23.399, 40.282], [23.524, 40.253], [23.646, 40.23], [23.731, 40.174], [23.801, 40.089], [23.821, 40.031], [23.834, 40.024], [23.868, 40.017], [23.92, 39.961], [23.935, 39.939], [23.996, 39.959], [23.987, 39.968], [24.003, 39.974], [24.0, 39.995], [24.025, 40.031], [23.994, 40.046], [24.007, 40.073], [23.989, 40.107], [24.003, 40.116], [23.866, 40.181], [23.805, 40.199], [23.774, 40.21], [23.778, 40.23], [23.733, 40.253], [23.704, 40.307], [23.715, 40.343], [23.735, 40.343], [23.742, 40.361], [23.798, 40.352], [23.872, 40.376], [23.969, 40.352], [24.054, 40.298], [24.169, 40.289], [24.229, 40.226], [24.236, 40.199], [24.299, 40.152], [24.31, 40.123], [24.407, 40.152], [24.373, 40.206], [24.288, 40.273], [24.263, 40.314], [24.203, 40.329], [24.191, 40.354], [24.072, 40.385], [24.023, 40.457], [24.005, 40.453], [24.021, 40.394], [23.929, 40.392], [23.848, 40.448], [23.83, 40.507], [23.85, 40.529], [23.924, 40.54], [23.877, 40.567], [23.834, 40.574], [23.792, 40.617], [23.735, 40.668], [23.704, 40.684], [23.756, 40.763], [23.857, 40.799], [24.036, 40.734], [24.106, 40.736], [24.322, 40.823], [24.326, 40.855], [24.34, 40.857], [24.322, 40.875], [24.398, 40.936], [24.551, 40.96], [24.631, 40.864], [24.701, 40.879], [24.701, 40.857], [24.793, 40.859], [24.816, 40.859], [24.923, 40.931], [24.993, 40.936], [25.031, 40.981], [25.045, 41.001], [25.13, 41.003], [25.148, 41.005], [25.164, 41.003], [25.152, 40.981], [25.146, 40.996], [25.134, 40.96], [25.276, 40.927], [25.33, 40.951], [25.395, 40.913], [25.512, 40.886], [25.568, 40.864], [25.633, 40.873], [25.757, 40.857], [25.952, 40.85], [26.006, 40.817], [26.037, 40.774], [26.058, 40.738], [26.134, 40.763], [26.159, 40.823], [26.217, 40.844], [26.219, 40.857], [26.206, 40.859], [26.237, 40.893], [26.251, 40.891], [26.269, 40.915], [26.287, 40.9], [26.296, 40.922], [26.289, 40.933], [26.361, 40.96], [26.329, 40.996], [26.358, 41.003], [26.367, 41.03], [26.331, 41.052], [26.327, 41.102], [26.327, 41.12], [26.316, 41.113], [26.336, 41.147], [26.316, 41.189], [26.327, 41.234], [26.336, 41.264], [26.419, 41.268], [26.495, 41.317], [26.529, 41.347], [26.567, 41.342], [26.596, 41.331], [26.637, 41.362], [26.621, 41.436], [26.596, 41.616], [26.518, 41.639], [26.484, 41.674], [26.426, 41.692], [26.325, 41.724], [26.244, 41.74], [26.228, 41.755], [26.21, 41.74], [26.17, 41.755], [26.123, 41.735], [26.089, 41.722], [26.066, 41.704], [26.08, 41.654], [26.12, 41.634], [26.154, 41.616], [26.156, 41.562], [26.188, 41.549], [26.161, 41.49], [26.199, 41.454], [26.168, 41.425], [26.141, 41.374], [26.06, 41.358], [26.01, 41.344], [25.972, 41.324], [25.885, 41.313], [25.844, 41.349], [25.723, 41.311], [25.709, 41.299], [25.66, 41.317], [25.611, 41.313], [25.566, 41.322], [25.532, 41.284], [25.449, 41.286], [25.325, 41.248], [25.254, 41.252], [25.175, 41.32], [25.117, 41.349], [25.081, 41.353], [25.024, 41.378], [24.917, 41.414], [24.867, 41.403], [24.829, 41.403], [24.822, 41.36], [24.777, 41.378], [24.728, 41.427], [24.67, 41.425], [24.661, 41.443], [24.629, 41.434], [24.571, 41.513], [24.548, 41.571], [24.472, 41.551], [24.463, 41.533], [24.393, 41.542], [24.369, 41.529], [24.31, 41.526], [24.304, 41.56], [24.268, 41.58], [24.198, 41.533], [24.182, 41.531], [24.122, 41.555], [24.075, 41.535], [24.072, 41.47], [24.045, 41.463], [24.023, 41.472], [23.978, 41.445], [23.929, 41.486], [23.895, 41.459], [23.807, 41.441], [23.787, 41.409], [23.67, 41.409], [23.664, 41.385], [23.547, 41.403], [23.41, 41.403], [23.347, 41.378], [23.324, 41.407], [23.248, 41.385], [23.241, 41.347], [23.131, 41.324], [22.94, 41.344], [22.893, 41.34], [22.797, 41.338], [22.788, 41.329], [22.774, 41.326], [22.758, 41.272], [22.738, 41.153], [22.702, 41.147], [22.655, 41.185], [22.597, 41.122], [22.489, 41.122], [22.406, 41.127], [22.39, 41.133], [22.332, 41.129], [22.316, 41.149], [22.215, 41.169], [22.159, 41.142], [22.13, 41.124], [22.083, 41.144], [22.062, 41.156], [22.004, 41.129], [21.988, 41.129], [21.968, 41.124], [21.912, 41.086], [21.905, 41.068], [21.905, 41.043], [21.851, 41.012], [21.802, 40.965], [21.786, 40.929], [21.716, 40.938], [21.69, 40.942], [21.667, 40.9], [21.606, 40.879], [21.573, 40.866], [21.53, 40.906], [21.404, 40.911], [21.33, 40.871], [21.254, 40.862], [21.2, 40.882], [21.121, 40.855], [20.98, 40.855], [20.975, 40.781], [20.964, 40.769], [20.984, 40.745], [21.056, 40.659], [21.047, 40.603], [21.029, 40.554], [21.0, 40.54], [20.964, 40.507], [20.955, 40.469], [20.93, 40.462], [20.903, 40.475], [20.836, 40.473], [20.809, 40.439], [20.784, 40.424], [20.787, 40.361], [20.746, 40.314], [20.708, 40.269], [20.719, 40.217], [20.677, 40.179], [20.677, 40.168], [20.686, 40.145], [20.665, 40.096], [20.609, 40.078], [20.549, 40.064], [20.51, 40.082], [20.477, 40.064], [20.452, 40.073], [20.412, 40.051], [20.394, 39.995], [20.313, 39.99], [20.34, 39.934], [20.382, 39.891], [20.385, 39.878], [20.414, 39.824], [20.391, 39.788], [20.295, 39.808], [20.302, 39.772], [20.306, 39.745], [20.317, 39.727], [20.266, 39.694], [20.266, 39.671], [20.23, 39.683], [20.219, 39.647], [20.135, 39.653], [20.14, 39.64], [20.169, 39.633], [20.189, 39.611], [20.171, 39.597], [20.151, 39.561], [20.149, 39.552], [20.14, 39.534], [20.156, 39.525], [20.178, 39.516], [20.194, 39.528], [20.207, 39.516], [20.252, 39.514], [20.259, 39.492], [20.214, 39.494], [20.27, 39.449], [20.214, 39.447], [20.234, 39.4], [20.268, 39.395], [20.281, 39.332], [20.362, 39.289], [20.459, 39.276], [20.479, 39.278], [20.472, 39.233], [20.636, 39.099], [20.681, 39.081], [20.717, 39.022], [20.706, 38.998], [20.742, 38.948], [20.76, 38.953], [20.76, 38.899], [20.791, 38.867], [20.753, 38.865], [20.735, 38.865], [20.737, 38.822], [20.733, 38.813], [20.701, 38.836], [20.697, 38.845], [20.71, 38.852], [20.688, 38.854], [20.668, 38.831], [20.65, 38.831], [20.6, 38.777], [20.558, 38.643], [20.544, 38.584], [20.555, 38.569], [20.605, 38.631], [20.623, 38.598], [20.636, 38.602], [20.634, 38.589], [20.652, 38.58], [20.659, 38.609], [20.683, 38.607], [20.71, 38.627], [20.74, 38.634], [20.706, 38.683], [20.737, 38.733], [20.728, 38.802], [20.778, 38.757], [20.829, 38.78], [20.859, 38.798], [20.883, 38.757], [20.91, 38.688], [20.928, 38.667], [20.982, 38.672], [21.023, 38.575], [21.016, 38.53], [21.029, 38.503], [21.092, 38.535], [21.092, 38.486], [21.079, 38.486], [21.092, 38.474], [21.108, 38.443], [21.119, 38.425], [21.103, 38.429], [21.081, 38.432], [21.101, 38.398], [21.101, 38.416], [21.128, 38.389], [21.108, 38.375], [21.097, 38.387], [21.094, 38.364], [21.157, 38.31], [21.139, 38.31], [21.168, 38.299], [21.186, 38.326]], [[23.576, 38.459], [23.589, 38.456], [23.592, 38.468], [23.576, 38.459]], [[21.162, 38.427], [21.146, 38.436], [21.119, 38.425], [21.162, 38.427]], [[23.601, 38.443], [23.596, 38.42], [23.634, 38.423], [23.616, 38.454], [23.589, 38.445], [23.601, 38.443]], [[20.775, 38.953], [20.802, 38.921], [20.838, 38.926], [20.859, 38.944], [20.868, 38.957], [20.877, 38.937], [20.883, 38.923], [20.912, 38.928], [20.921, 38.95], [20.937, 38.939], [20.971, 38.941], [20.998, 38.93], [21.029, 38.93], [21.023, 38.903], [21.083, 38.87], [21.097, 38.917], [21.148, 38.899], [21.162, 38.874], [21.177, 38.883], [21.148, 38.917], [21.155, 38.971], [21.16, 38.986], [21.119, 39.04], [21.088, 39.049], [21.079, 39.027], [21.058, 39.04], [21.063, 39.022], [21.065, 39.009], [20.984, 39.011], [20.971, 39.038], [20.921, 39.007], [20.908, 39.027], [20.841, 39.036], [20.814, 39.063], [20.773, 39.042], [20.764, 38.998], [20.834, 38.962], [20.758, 38.982], [20.76, 38.953], [20.775, 38.953]]]}]}, "id": "000000000000000000b3", "properties": {"name": "Greece"}}, {"type": "Feature", "geometry": {"type": "GeometryCollection", "geometries": [{"type": "Point", "coordinates": [15.118, 38.656]}, {"type": "LineString", "coordinates": [[12.212, 45.301], [12.215, 45.31]]}, {"type": "LineString", "coordinates": [[12.318, 44.803], [12.331, 44.801]]}, {"type": "LineString", "coordinates": [[12.242, 45.355], [12.23, 45.36], [12.226, 45.349]]}, {"type": "LineString", "coordinates": [[9.603, 39.144], [9.612, 39.15]]}, {"type": "LineString", "coordinates": [[12.345, 45.456], [12.358, 45.456]]}, {"type": "LineString", "coordinates": [[12.376, 45.436], [12.381, 45.445]]}, {"type": "LineString", "coordinates": [[12.217, 45.375], [12.221, 45.384]]}, {"type": "LineString", "coordinates": [[12.21, 45.335], [12.201, 45.351]]}, {"type": "LineString", "coordinates": [[12.185, 45.29], [12.215, 45.29]]}, {"type": "LineString", "coordinates": [[17.948, 40.046], [17.939, 40.053]]}, {"type": "LineString", "coordinates": [[12.531, 45.553], [12.534, 45.533]]}, {"type": "LineString", "coordinates": [[12.246, 45.371], [12.255, 45.362]]}, {"type": "LineString", "coordinates": [[12.228, 45.304], [12.212, 45.301], [12.181, 45.31], [12.194, 45.313]]}, {"type": "LineString", "coordinates": [[15.505, 42.13], [15.496, 42.124]]}, {"type": "LineString", "coordinates": [[13.048, 40.967], [13.061, 40.965]]}, {"type": "LineString", "coordinates": [[13.286, 45.726], [13.279, 45.735]]}, {"type": "LineString", "coordinates": [[13.353, 45.694], [13.367, 45.681]]}, {"type": "LineString", "coordinates": [[12.552, 45.546], [12.567, 45.553]]}, {"type": "LineString", "coordinates": [[12.549, 45.555], [12.552, 45.546], [12.558, 45.535]]}, {"type": "LineString", "coordinates": [[12.329, 45.42], [12.343, 45.434]]}, {"type": "LineString", "coordinates": [[12.23, 45.4], [12.235, 45.389]]}, {"type": "LineString", "coordinates": [[13.409, 40.79], [13.432, 40.808]]}, {"type": "LineString", "coordinates": [[13.553, 45.733], [13.537, 45.733], [13.551, 45.724]]}, {"type": "LineString", "coordinates": [[15.743, 42.229], [15.756, 42.227]]}, {"type": "LineString", "coordinates": [[13.185, 45.712], [13.243, 45.721]]}, {"type": "LineString", "coordinates": [[12.206, 45.319], [12.219, 45.319], [12.226, 45.331], [12.21, 45.335], [12.197, 45.326]]}, {"type": "LineString", "coordinates": [[9.333, 41.286], [9.347, 41.284], [9.351, 41.293]]}, {"type": "LineString", "coordinates": [[12.852, 40.927], [12.857, 40.951]]}, {"type": "LineString", "coordinates": [[12.507, 45.492], [12.52, 45.495]]}, {"type": "LineString", "coordinates": [[12.406, 45.456], [12.424, 45.472]]}, {"type": "LineString", "coordinates": [[12.296, 45.223], [12.325, 45.333]]}, {"type": "LineString", "coordinates": [[11.101, 42.249], [11.105, 42.24]]}, {"type": "LineString", "coordinates": [[12.495, 45.537], [12.482, 45.524]]}, {"type": "LineString", "coordinates": [[9.686, 40.897], [9.706, 40.911], [9.72, 40.911]]}, {"type": "LineString", "coordinates": [[14.582, 38.562], [14.584, 38.553]]}, {"type": "LineString", "coordinates": [[12.313, 45.34], [12.338, 45.364], [12.39, 45.434], [12.403, 45.429]]}, {"type": "LineString", "coordinates": [[12.491, 45.501], [12.475, 45.497], [12.462, 45.49], [12.466, 45.481], [12.484, 45.49], [12.475, 45.497]]}, {"type": "LineString", "coordinates": [[9.338, 41.308], [9.367, 41.295], [9.376, 41.308]]}, {"type": "LineString", "coordinates": [[12.08, 37.951], [12.091, 37.947]]}, {"type": "LineString", "coordinates": [[10.074, 42.604], [10.077, 42.622]]}, {"type": "LineString", "coordinates": [[13.987, 40.747], [14.0, 40.749]]}, {"type": "LineString", "coordinates": [[14.02, 40.772], [14.034, 40.769]]}, {"type": "LineString", "coordinates": [[12.958, 40.922], [12.978, 40.927], [12.996, 40.933]]}, {"type": "LineString", "coordinates": [[12.383, 45.506], [12.399, 45.504], [12.399, 45.49], [12.385, 45.49]]}, {"type": "LineString", "coordinates": [[9.468, 41.185], [9.482, 41.189]]}, {"type": "LineString", "coordinates": [[10.315, 42.757], [10.321, 42.746]]}, {"type": "LineString", "coordinates": [[10.27, 42.829], [10.261, 42.836]]}, {"type": "LineString", "coordinates": [[15.3, 37.064], [15.296, 37.055]]}, {"type": "LineString", "coordinates": [[15.228, 37.239], [15.228, 37.219]]}, {"type": "LineString", "coordinates": [[12.502, 38.021], [12.491, 38.018]]}, {"type": "LineString", "coordinates": [[9.704, 40.848], [9.722, 40.85]]}, {"type": "LineString", "coordinates": [[9.562, 40.915], [9.565, 40.929]]}, {"type": "LineString", "coordinates": [[9.619, 41.005], [9.632, 41.005]]}, {"type": "LineString", "coordinates": [[8.161, 40.585], [8.161, 40.567]]}, {"type": "LineString", "coordinates": [[8.44, 39.885], [8.426, 39.862]]}, {"type": "LineString", "coordinates": [[8.471, 39.912], [8.462, 39.9]]}, {"type": "LineString", "coordinates": [[8.446, 39.126], [8.437, 39.119]]}, {"type": "LineString", "coordinates": [[8.493, 39.087], [8.484, 39.078]]}, {"type": "LineString", "coordinates": [[8.581, 39.04], [8.57, 39.045]]}, {"type": "LineString", "coordinates": [[8.788, 38.899], [8.797, 38.89]]}, {"type": "LineString", "coordinates": [[9.513, 39.105], [9.524, 39.103]]}, {"type": "LineString", "coordinates": [[9.203, 44.309], [9.214, 44.302]]}, {"type": "LineString", "coordinates": [[9.412, 44.264], [9.403, 44.257]]}, {"type": "LineString", "coordinates": [[14.072, 40.79], [14.083, 40.783]]}, {"type": "LineString", "coordinates": [[14.254, 40.835], [14.27, 40.832]]}, {"type": "LineString", "coordinates": [[16.286, 41.326], [16.293, 41.335]]}, {"type": "LineString", "coordinates": [[15.568, 41.913], [15.556, 41.919], [15.507, 41.908]]}, {"type": "LineString", "coordinates": [[13.506, 43.624], [13.495, 43.631]]}, {"type": "LineString", "coordinates": [[12.435, 44.85], [12.421, 44.85]]}, {"type": "LineString", "coordinates": [[12.403, 45.05], [12.39, 45.059]]}, {"type": "LineString", "coordinates": [[12.28, 45.207], [12.264, 45.209]]}, {"type": "LineString", "coordinates": [[12.226, 45.272], [12.235, 45.279]]}, {"type": "LineString", "coordinates": [[12.28, 45.463], [12.309, 45.452]]}, {"type": "LineString", "coordinates": [[12.354, 45.438], [12.358, 45.425]]}, {"type": "LineString", "coordinates": [[12.415, 45.526], [12.41, 45.51]]}, {"type": "LineString", "coordinates": [[12.585, 45.521], [12.585, 45.535], [12.569, 45.528]]}, {"type": "Polygon", "coordinates": [[[13.308, 45.703], [13.326, 45.701], [13.311, 45.712], [13.308, 45.703]]]}, {"type": "Polygon", "coordinates": [[[12.516, 45.555], [12.531, 45.553], [12.527, 45.562], [12.516, 45.555]]]}, {"type": "Polygon", "coordinates": [[[12.534, 45.533], [12.543, 45.526], [12.558, 45.535], [12.534, 45.533]]]}, {"type": "Polygon", "coordinates": [[[12.482, 45.524], [12.468, 45.521], [12.48, 45.515], [12.482, 45.524]]]}, {"type": "Polygon", "coordinates": [[[12.491, 45.501], [12.484, 45.49], [12.507, 45.492], [12.491, 45.501]]]}, {"type": "Polygon", "coordinates": [[[12.399, 45.504], [12.412, 45.501], [12.41, 45.51], [12.399, 45.504]]]}, {"type": "Polygon", "coordinates": [[[12.466, 45.481], [12.437, 45.481], [12.448, 45.47], [12.466, 45.481]]]}, {"type": "Polygon", "coordinates": [[[12.385, 45.454], [12.397, 45.445], [12.406, 45.456], [12.385, 45.454]]]}, {"type": "Polygon", "coordinates": [[[12.212, 45.367], [12.217, 45.375], [12.194, 45.373], [12.212, 45.367]]]}, {"type": "Polygon", "coordinates": [[[12.212, 45.367], [12.23, 45.36], [12.233, 45.369], [12.212, 45.367]]]}, {"type": "Polygon", "coordinates": [[[12.194, 45.313], [12.206, 45.319], [12.197, 45.326], [12.194, 45.313]]]}, {"type": "Polygon", "coordinates": [[[12.212, 45.281], [12.235, 45.279], [12.215, 45.29], [12.212, 45.281]]]}, {"type": "Polygon", "coordinates": [[[9.843, 44.05], [9.848, 44.042], [9.857, 44.053], [9.843, 44.05]]]}, {"type": "Polygon", "coordinates": [[[15.505, 42.13], [15.518, 42.128], [15.511, 42.144], [15.505, 42.13]]]}, {"type": "Polygon", "coordinates": [[[15.473, 42.11], [15.491, 42.11], [15.496, 42.124], [15.473, 42.11]]]}, {"type": "Polygon", "coordinates": [[[9.89, 43.426], [9.911, 43.431], [9.895, 43.44], [9.89, 43.426]]]}, {"type": "Polygon", "coordinates": [[[15.467, 41.908], [15.489, 41.899], [15.507, 41.908], [15.467, 41.908]]]}, {"type": "Polygon", "coordinates": [[[15.39, 41.904], [15.453, 41.895], [15.467, 41.908], [15.39, 41.904]]]}, {"type": "Polygon", "coordinates": [[[11.09, 42.256], [11.101, 42.249], [11.108, 42.263], [11.09, 42.256]]]}, {"type": "Polygon", "coordinates": [[[17.142, 40.455], [17.16, 40.448], [17.16, 40.46], [17.142, 40.455]]]}, {"type": "Polygon", "coordinates": [[[14.011, 40.758], [14.02, 40.772], [14.009, 40.767], [14.011, 40.758]]]}, {"type": "Polygon", "coordinates": [[[14.0, 40.749], [14.014, 40.749], [14.011, 40.758], [14.0, 40.749]]]}, {"type": "Polygon", "coordinates": [[[12.949, 40.897], [12.967, 40.909], [12.958, 40.922], [12.949, 40.897]]]}, {"type": "Polygon", "coordinates": [[[12.949, 40.897], [12.96, 40.882], [12.971, 40.895], [12.949, 40.897]]]}, {"type": "Polygon", "coordinates": [[[9.333, 41.246], [9.34, 41.232], [9.354, 41.257], [9.333, 41.246]]]}, {"type": "Polygon", "coordinates": [[[9.398, 41.205], [9.407, 41.198], [9.416, 41.205], [9.398, 41.205]]]}, {"type": "Polygon", "coordinates": [[[9.72, 40.911], [9.74, 40.92], [9.729, 40.924], [9.72, 40.911]]]}, {"type": "Polygon", "coordinates": [[[9.715, 40.873], [9.731, 40.868], [9.744, 40.877], [9.715, 40.873]]]}, {"type": "Polygon", "coordinates": [[[15.06, 38.625], [15.076, 38.627], [15.06, 38.643], [15.06, 38.625]]]}, {"type": "Polygon", "coordinates": [[[15.235, 38.265], [15.24, 38.274], [15.224, 38.27], [15.235, 38.265]]]}, {"type": "Polygon", "coordinates": [[[15.24, 38.236], [15.253, 38.247], [15.235, 38.265], [15.24, 38.236]]]}, {"type": "Polygon", "coordinates": [[[14.348, 38.553], [14.341, 38.533], [14.364, 38.537], [14.348, 38.553]]]}, {"type": "Polygon", "coordinates": [[[13.16, 38.717], [13.158, 38.697], [13.194, 38.712], [13.16, 38.717]]]}, {"type": "Polygon", "coordinates": [[[8.484, 39.078], [8.469, 39.069], [8.487, 39.067], [8.484, 39.078]]]}, {"type": "Polygon", "coordinates": [[[15.231, 37.149], [15.242, 37.156], [15.231, 37.161], [15.231, 37.149]]]}, {"type": "Polygon", "coordinates": [[[8.648, 38.896], [8.639, 38.87], [8.655, 38.888], [8.648, 38.896]]]}, {"type": "Polygon", "coordinates": [[[12.412, 45.501], [12.399, 45.49], [12.437, 45.481], [12.43, 45.499], [12.412, 45.501]]]}, {"type": "Polygon", "coordinates": [[[12.309, 45.452], [12.318, 45.432], [12.343, 45.434], [12.354, 45.438], [12.309, 45.452]]]}, {"type": "Polygon", "coordinates": [[[10.858, 42.357], [10.923, 42.326], [10.926, 42.337], [10.89, 42.391], [10.858, 42.357]]]}, {"type": "Polygon", "coordinates": [[[10.286, 42.33], [10.308, 42.315], [10.326, 42.337], [10.301, 42.357], [10.286, 42.33]]]}, {"type": "Polygon", "coordinates": [[[14.202, 40.567], [14.204, 40.543], [14.252, 40.545], [14.265, 40.558], [14.202, 40.567]]]}, {"type": "Polygon", "coordinates": [[[9.374, 41.223], [9.43, 41.219], [9.432, 41.266], [9.405, 41.268], [9.374, 41.223]]]}, {"type": "Polygon", "coordinates": [[[9.632, 41.005], [9.648, 40.987], [9.657, 40.999], [9.655, 41.01], [9.632, 41.005]]]}, {"type": "Polygon", "coordinates": [[[15.208, 38.802], [15.193, 38.784], [15.208, 38.775], [15.244, 38.802], [15.208, 38.802]]]}, {"type": "Polygon", "coordinates": [[[14.546, 38.587], [14.564, 38.56], [14.582, 38.562], [14.577, 38.582], [14.546, 38.587]]]}, {"type": "Polygon", "coordinates": [[[12.32, 38.009], [12.34, 37.989], [12.34, 38.012], [12.334, 38.021], [12.32, 38.009]]]}, {"type": "Polygon", "coordinates": [[[12.031, 37.994], [12.053, 37.958], [12.08, 37.951], [12.069, 37.996], [12.031, 37.994]]]}, {"type": "Polygon", "coordinates": [[[12.848, 35.874], [12.85, 35.86], [12.879, 35.858], [12.877, 35.874], [12.848, 35.874]]]}, {"type": "Polygon", "coordinates": [[[12.518, 35.517], [12.626, 35.494], [12.626, 35.517], [12.52, 35.528], [12.518, 35.517]]]}, {"type": "Polygon", "coordinates": [[[12.246, 45.384], [12.235, 45.389], [12.221, 45.384], [12.233, 45.369], [12.246, 45.371], [12.246, 45.384]]]}, {"type": "Polygon", "coordinates": [[[9.787, 43.029], [9.812, 43.011], [9.843, 43.038], [9.832, 43.069], [9.812, 43.065], [9.787, 43.029]]]}, {"type": "Polygon", "coordinates": [[[10.05, 42.595], [10.052, 42.577], [10.088, 42.573], [10.095, 42.593], [10.074, 42.604], [10.05, 42.595]]]}, {"type": "Polygon", "coordinates": [[[14.806, 38.584], [14.809, 38.553], [14.869, 38.537], [14.867, 38.582], [14.842, 38.58], [14.806, 38.584]]]}, {"type": "Polygon", "coordinates": [[[13.856, 40.711], [13.899, 40.704], [13.962, 40.716], [13.948, 40.747], [13.939, 40.754], [13.863, 40.763], [13.856, 40.711]]]}, {"type": "Polygon", "coordinates": [[[9.443, 41.196], [9.468, 41.185], [9.484, 41.23], [9.482, 41.243], [9.464, 41.246], [9.45, 41.223], [9.443, 41.196]]]}, {"type": "Polygon", "coordinates": [[[8.258, 41.061], [8.334, 41.061], [8.341, 41.104], [8.318, 41.127], [8.276, 41.106], [8.28, 41.082], [8.258, 41.061]]]}, {"type": "Polygon", "coordinates": [[[8.215, 40.994], [8.242, 40.99], [8.262, 41.001], [8.244, 41.025], [8.258, 41.061], [8.217, 41.032], [8.215, 40.994]]]}, {"type": "Polygon", "coordinates": [[[14.907, 38.515], [14.91, 38.472], [14.954, 38.441], [14.975, 38.49], [14.959, 38.492], [14.959, 38.524], [14.907, 38.515]]]}, {"type": "Polygon", "coordinates": [[[12.428, 37.893], [12.444, 37.854], [12.45, 37.879], [12.462, 37.881], [12.453, 37.89], [12.455, 37.904], [12.428, 37.893]]]}, {"type": "Polygon", "coordinates": [[[14.957, 38.429], [14.943, 38.396], [14.977, 38.366], [15.006, 38.38], [14.981, 38.411], [14.959, 38.414], [14.968, 38.423], [14.957, 38.429]]]}, {"type": "Polygon", "coordinates": [[[8.222, 39.148], [8.246, 39.139], [8.262, 39.108], [8.289, 39.099], [8.309, 39.11], [8.309, 39.191], [8.228, 39.17], [8.222, 39.148]]]}, {"type": "Polygon", "coordinates": [[[8.469, 39.069], [8.415, 39.114], [8.368, 39.119], [8.354, 39.092], [8.383, 39.007], [8.41, 38.966], [8.442, 38.975], [8.469, 39.069]]]}, {"type": "Polygon", "coordinates": [[[11.927, 36.817], [12.004, 36.736], [12.051, 36.75], [12.055, 36.794], [12.031, 36.815], [12.013, 36.83], [11.963, 36.844], [11.927, 36.817]]]}, {"type": "Polygon", "coordinates": [[[12.271, 37.933], [12.291, 37.917], [12.331, 37.922], [12.367, 37.908], [12.37, 37.917], [12.336, 37.94], [12.322, 37.935], [12.304, 37.956], [12.271, 37.933]]]}, {"type": "Polygon", "coordinates": [[[10.099, 42.779], [10.137, 42.737], [10.238, 42.739], [10.236, 42.757], [10.29, 42.748], [10.299, 42.766], [10.315, 42.757], [10.342, 42.77], [10.393, 42.719], [10.42, 42.714], [10.427, 42.743], [10.387, 42.764], [10.436, 42.784], [10.436, 42.836], [10.441, 42.854], [10.411, 42.88], [10.355, 42.809], [10.31, 42.813], [10.326, 42.822], [10.27, 42.829], [10.232, 42.793], [10.189, 42.813], [10.137, 42.815], [10.099, 42.779]]]}, {"type": "Polygon", "coordinates": [[[12.426, 37.807], [12.475, 37.713], [12.534, 37.659], [12.581, 37.655], [12.612, 37.637], [12.662, 37.565], [12.877, 37.58], [12.967, 37.56], [13.016, 37.497], [13.095, 37.504], [13.167, 37.495], [13.261, 37.414], [13.272, 37.39], [13.425, 37.311], [13.481, 37.286], [13.567, 37.277], [13.706, 37.176], [13.782, 37.145], [13.832, 37.143], [13.899, 37.098], [13.953, 37.098], [14.014, 37.109], [14.175, 37.091], [14.287, 37.046], [14.413, 36.918], [14.485, 36.794], [14.633, 36.763], [14.687, 36.72], [14.773, 36.711], [14.797, 36.705], [14.869, 36.732], [14.986, 36.691], [15.024, 36.702], [15.094, 36.655], [15.134, 36.671], [15.105, 36.772], [15.123, 36.86], [15.202, 36.956], [15.264, 36.981], [15.276, 37.008], [15.339, 37.01], [15.307, 37.044], [15.282, 37.046], [15.28, 37.064], [15.3, 37.064], [15.3, 37.104], [15.231, 37.127], [15.231, 37.149], [15.215, 37.152], [15.186, 37.212], [15.215, 37.241], [15.228, 37.239], [15.244, 37.232], [15.251, 37.248], [15.202, 37.293], [15.163, 37.289], [15.1, 37.322], [15.091, 37.484], [15.181, 37.58], [15.184, 37.634], [15.226, 37.708], [15.213, 37.735], [15.303, 37.859], [15.516, 38.104], [15.572, 38.196], [15.59, 38.243], [15.655, 38.27], [15.532, 38.301], [15.363, 38.223], [15.26, 38.212], [15.24, 38.236], [15.172, 38.155], [15.1, 38.124], [15.062, 38.142], [15.026, 38.153], [14.972, 38.155], [14.923, 38.196], [14.802, 38.16], [14.752, 38.167], [14.631, 38.077], [14.485, 38.041], [14.422, 38.041], [14.294, 38.012], [14.139, 38.03], [14.063, 38.03], [14.011, 38.043], [13.915, 38.018], [13.782, 37.98], [13.71, 37.985], [13.701, 37.994], [13.578, 38.039], [13.544, 38.081], [13.533, 38.117], [13.506, 38.115], [13.409, 38.104], [13.371, 38.133], [13.358, 38.196], [13.313, 38.227], [13.254, 38.205], [13.241, 38.212], [13.203, 38.178], [13.174, 38.176], [13.124, 38.198], [13.084, 38.173], [13.055, 38.144], [13.07, 38.088], [12.954, 38.036], [12.904, 38.032], [12.812, 38.086], [12.781, 38.155], [12.769, 38.182], [12.722, 38.191], [12.729, 38.128], [12.704, 38.108], [12.675, 38.115], [12.621, 38.072], [12.561, 38.066], [12.502, 38.021], [12.489, 37.956], [12.455, 37.904], [12.484, 37.879], [12.444, 37.812], [12.426, 37.807]]]}, {"type": "Polygon", "coordinates": [[[9.69, 40.349], [9.695, 40.361], [9.742, 40.39], [9.769, 40.41], [9.794, 40.46], [9.825, 40.511], [9.823, 40.543], [9.789, 40.556], [9.785, 40.588], [9.756, 40.592], [9.749, 40.628], [9.747, 40.641], [9.749, 40.65], [9.74, 40.659], [9.756, 40.689], [9.733, 40.707], [9.715, 40.704], [9.72, 40.758], [9.67, 40.801], [9.69, 40.826], [9.704, 40.848], [9.679, 40.868], [9.652, 40.868], [9.661, 40.879], [9.619, 40.9], [9.641, 40.924], [9.61, 40.922], [9.594, 40.911], [9.58, 40.918], [9.562, 40.915], [9.538, 40.924], [9.565, 40.929], [9.592, 40.969], [9.603, 41.001], [9.619, 41.005], [9.594, 41.025], [9.565, 41.012], [9.562, 41.041], [9.533, 41.032], [9.526, 41.059], [9.547, 41.093], [9.565, 41.091], [9.567, 41.124], [9.549, 41.12], [9.538, 41.147], [9.529, 41.162], [9.504, 41.149], [9.468, 41.147], [9.45, 41.113], [9.428, 41.165], [9.412, 41.167], [9.425, 41.18], [9.365, 41.196], [9.367, 41.205], [9.351, 41.21], [9.324, 41.196], [9.304, 41.196], [9.291, 41.198], [9.293, 41.216], [9.279, 41.194], [9.266, 41.203], [9.273, 41.237], [9.214, 41.261], [9.203, 41.252], [9.142, 41.25], [9.14, 41.239], [9.165, 41.225], [9.156, 41.165], [9.122, 41.162], [9.109, 41.136], [9.059, 41.129], [9.048, 41.14], [8.97, 41.084], [8.909, 41.039], [8.88, 41.03], [8.884, 41.016], [8.873, 41.021], [8.873, 40.999], [8.824, 40.951], [8.803, 40.94], [8.77, 40.922], [8.698, 40.918], [8.624, 40.873], [8.532, 40.828], [8.458, 40.826], [8.417, 40.848], [8.314, 40.85], [8.235, 40.913], [8.233, 40.949], [8.222, 40.969], [8.217, 40.985], [8.208, 40.974], [8.179, 40.938], [8.222, 40.893], [8.166, 40.783], [8.141, 40.736], [8.195, 40.698], [8.195, 40.673], [8.161, 40.632], [8.143, 40.626], [8.161, 40.585], [8.195, 40.626], [8.217, 40.614], [8.201, 40.576], [8.246, 40.585], [8.305, 40.594], [8.338, 40.504], [8.368, 40.504], [8.399, 40.412], [8.381, 40.358], [8.39, 40.345], [8.466, 40.316], [8.478, 40.291], [8.455, 40.163], [8.484, 40.098], [8.462, 40.06], [8.408, 40.044], [8.404, 40.053], [8.377, 40.037], [8.41, 40.022], [8.395, 39.963], [8.392, 39.907], [8.44, 39.885], [8.449, 39.894], [8.462, 39.9], [8.444, 39.903], [8.471, 39.912], [8.487, 39.907], [8.523, 39.905], [8.547, 39.846], [8.536, 39.777], [8.507, 39.759], [8.532, 39.766], [8.5, 39.725], [8.453, 39.772], [8.442, 39.716], [8.462, 39.62], [8.451, 39.55], [8.381, 39.462], [8.41, 39.442], [8.379, 39.373], [8.406, 39.346], [8.428, 39.285], [8.368, 39.222], [8.397, 39.188], [8.408, 39.173], [8.413, 39.182], [8.446, 39.126], [8.471, 39.112], [8.493, 39.087], [8.52, 39.076], [8.507, 39.074], [8.523, 39.067], [8.57, 39.045], [8.583, 39.051], [8.581, 39.04], [8.572, 38.991], [8.59, 38.962], [8.615, 38.957], [8.606, 38.905], [8.648, 38.896], [8.669, 38.908], [8.666, 38.919], [8.723, 38.939], [8.776, 38.91], [8.788, 38.899], [8.801, 38.908], [8.835, 38.883], [8.911, 38.923], [9.001, 38.995], [9.014, 38.991], [9.037, 39.069], [9.012, 39.13], [9.086, 39.222], [9.154, 39.186], [9.183, 39.224], [9.223, 39.233], [9.329, 39.202], [9.401, 39.148], [9.439, 39.132], [9.502, 39.135], [9.513, 39.105], [9.538, 39.139], [9.567, 39.155], [9.587, 39.281], [9.63, 39.312], [9.603, 39.328], [9.601, 39.373], [9.643, 39.476], [9.639, 39.543], [9.652, 39.64], [9.672, 39.761], [9.686, 39.882], [9.688, 39.925], [9.711, 39.927], [9.704, 39.948], [9.69, 39.948], [9.684, 39.979], [9.731, 40.091], [9.657, 40.15], [9.628, 40.206], [9.639, 40.289], [9.69, 40.349]], [[9.515, 41.014], [9.529, 41.016], [9.518, 41.025], [9.515, 41.014]], [[9.531, 40.938], [9.515, 40.938], [9.513, 40.924], [9.526, 40.919], [9.538, 40.924], [9.531, 40.938]]]}, {"type": "Polygon", "coordinates": [[[12.569, 45.528], [12.545, 45.517], [12.543, 45.526], [12.52, 45.495], [12.513, 45.472], [12.448, 45.47], [12.419, 45.436], [12.439, 45.434], [12.785, 45.551], [12.931, 45.618], [12.976, 45.627], [12.98, 45.64], [12.994, 45.636], [13.102, 45.643], [13.099, 45.652], [13.149, 45.697], [13.086, 45.69], [13.075, 45.721], [13.133, 45.771], [13.221, 45.769], [13.254, 45.753], [13.378, 45.728], [13.38, 45.683], [13.434, 45.679], [13.537, 45.733], [13.513, 45.739], [13.526, 45.757], [13.546, 45.786], [13.663, 45.746], [13.76, 45.665], [13.751, 45.64], [13.791, 45.614], [13.805, 45.607], [13.719, 45.607], [13.726, 45.596], [13.829, 45.58], [13.908, 45.629], [13.782, 45.746], [13.704, 45.775], [13.654, 45.798], [13.598, 45.809], [13.582, 45.867], [13.641, 45.946], [13.638, 45.989], [13.587, 45.989], [13.537, 45.966], [13.479, 46.004], [13.51, 46.04], [13.508, 46.067], [13.659, 46.155], [13.665, 46.184], [13.58, 46.195], [13.567, 46.193], [13.524, 46.224], [13.45, 46.227], [13.423, 46.213], [13.382, 46.296], [13.448, 46.337], [13.443, 46.364], [13.569, 46.404], [13.591, 46.438], [13.697, 46.449], [13.715, 46.521], [13.591, 46.548], [13.567, 46.548], [13.481, 46.563], [13.403, 46.572], [13.347, 46.57], [13.293, 46.561], [13.221, 46.566], [13.167, 46.588], [13.07, 46.602], [12.837, 46.608], [12.828, 46.633], [12.767, 46.651], [12.729, 46.638], [12.671, 46.66], [12.54, 46.667], [12.39, 46.714], [12.331, 46.784], [12.282, 46.795], [12.309, 46.842], [12.257, 46.894], [12.217, 46.88], [12.163, 46.909], [12.161, 46.932], [12.127, 47.017], [12.201, 47.035], [12.226, 47.082], [12.183, 47.096], [11.992, 47.055], [11.81, 46.995], [11.73, 46.979], [11.689, 46.999], [11.658, 46.997], [11.631, 47.013], [11.525, 46.997], [11.469, 47.013], [11.411, 46.972], [11.346, 46.995], [11.157, 46.959], [11.137, 46.936], [11.103, 46.923], [11.06, 46.82], [11.015, 46.77], [10.849, 46.777], [10.804, 46.781], [10.775, 46.795], [10.748, 46.79], [10.732, 46.804], [10.753, 46.835], [10.658, 46.873], [10.557, 46.842], [10.479, 46.858], [10.427, 46.779], [10.443, 46.754], [10.4, 46.732], [10.418, 46.716], [10.378, 46.683], [10.402, 46.638], [10.458, 46.635], [10.483, 46.597], [10.454, 46.541], [10.326, 46.55], [10.297, 46.555], [10.243, 46.584], [10.241, 46.622], [10.234, 46.635], [10.202, 46.622], [10.099, 46.595], [10.054, 46.541], [10.043, 46.447], [10.081, 46.424], [10.131, 46.433], [10.16, 46.4], [10.106, 46.343], [10.169, 46.269], [10.133, 46.231], [10.043, 46.233], [10.043, 46.274], [9.991, 46.296], [9.989, 46.355], [9.955, 46.382], [9.825, 46.361], [9.767, 46.343], [9.726, 46.348], [9.715, 46.303], [9.605, 46.299], [9.533, 46.319], [9.482, 46.368], [9.452, 46.453], [9.461, 46.503], [9.421, 46.48], [9.396, 46.469], [9.358, 46.51], [9.284, 46.496], [9.264, 46.449], [9.255, 46.427], [9.279, 46.391], [9.293, 46.328], [9.217, 46.22], [9.174, 46.175], [9.075, 46.119], [9.075, 46.074], [9.012, 46.045], [9.021, 46.002], [9.001, 45.971], [9.03, 45.93], [9.082, 45.91], [9.017, 45.827], [8.949, 45.849], [8.913, 45.843], [8.938, 45.874], [8.893, 45.962], [8.792, 46.004], [8.844, 46.056], [8.855, 46.076], [8.808, 46.112], [8.781, 46.101], [8.723, 46.11], [8.657, 46.119], [8.606, 46.141], [8.518, 46.227], [8.451, 46.26], [8.435, 46.305], [8.466, 46.373], [8.449, 46.46], [8.347, 46.444], [8.289, 46.413], [8.321, 46.393], [8.222, 46.328], [8.199, 46.307], [8.123, 46.301], [8.096, 46.26], [8.145, 46.211], [8.161, 46.186], [8.148, 46.148], [8.112, 46.121], [8.031, 46.094], [8.008, 46.027], [7.979, 46.004], [7.894, 46.0], [7.847, 45.932], [7.8, 45.928], [7.746, 45.948], [7.71, 45.941], [7.703, 45.962], [7.649, 45.986], [7.582, 45.984], [7.546, 45.998], [7.526, 45.971], [7.474, 45.962], [7.415, 45.921], [7.386, 45.914], [7.285, 45.923], [7.24, 45.899], [7.202, 45.881], [7.202, 45.87], [7.146, 45.885], [7.103, 45.867], [7.036, 45.937], [6.993, 45.879], [6.85, 45.827], [6.802, 45.829], [6.805, 45.726], [6.856, 45.683], [6.894, 45.674], [6.906, 45.658], [6.998, 45.647], [6.969, 45.623], [6.984, 45.537], [7.02, 45.504], [7.047, 45.501], [7.056, 45.479], [7.09, 45.477], [7.162, 45.42], [7.18, 45.402], [7.11, 45.331], [7.128, 45.265], [7.07, 45.225], [6.984, 45.218], [6.942, 45.191], [6.879, 45.162], [6.874, 45.144], [6.818, 45.144], [6.751, 45.16], [6.726, 45.142], [6.672, 45.144], [6.616, 45.115], [6.677, 45.027], [6.731, 45.027], [6.748, 44.913], [6.881, 44.854], [6.912, 44.857], [6.933, 44.87], [7.005, 44.839], [7.002, 44.803], [7.052, 44.722], [7.058, 44.693], [6.984, 44.691], [6.937, 44.657], [6.957, 44.628], [6.906, 44.565], [6.865, 44.547], [6.852, 44.524], [6.937, 44.432], [6.894, 44.426], [6.885, 44.372], [6.953, 44.309], [6.991, 44.266], [7.027, 44.228], [7.074, 44.237], [7.162, 44.208], [7.285, 44.145], [7.332, 44.149], [7.359, 44.12], [7.402, 44.125], [7.429, 44.122], [7.564, 44.163], [7.62, 44.163], [7.633, 44.187], [7.678, 44.181], [7.678, 44.122], [7.712, 44.08], [7.683, 44.046], [7.66, 44.017], [7.613, 43.967], [7.559, 43.947], [7.557, 43.916], [7.49, 43.88], [7.523, 43.79], [7.593, 43.799], [7.676, 43.785], [7.723, 43.806], [7.811, 43.828], [7.847, 43.828], [8.082, 43.9], [8.179, 43.963], [8.177, 44.01], [8.233, 44.053], [8.251, 44.118], [8.296, 44.156], [8.428, 44.199], [8.437, 44.237], [8.462, 44.264], [8.449, 44.286], [8.489, 44.307], [8.487, 44.318], [8.646, 44.394], [8.763, 44.43], [8.871, 44.417], [8.911, 44.41], [8.925, 44.412], [8.956, 44.394], [9.133, 44.36], [9.151, 44.34], [9.151, 44.32], [9.203, 44.309], [9.232, 44.349], [9.372, 44.293], [9.412, 44.264], [9.473, 44.237], [9.491, 44.244], [9.538, 44.208], [9.61, 44.174], [9.641, 44.136], [9.655, 44.149], [9.843, 44.05], [9.857, 44.073], [9.834, 44.093], [9.834, 44.113], [9.854, 44.109], [9.969, 44.042], [9.998, 44.053], [10.041, 44.037], [10.095, 44.012], [10.225, 43.896], [10.274, 43.741], [10.277, 43.662], [10.304, 43.577], [10.301, 43.536], [10.342, 43.469], [10.429, 43.388], [10.461, 43.323], [10.521, 43.253], [10.528, 43.062], [10.506, 43.011], [10.479, 42.988], [10.494, 42.943], [10.519, 42.928], [10.546, 42.934], [10.58, 42.959], [10.706, 42.943], [10.771, 42.914], [10.771, 42.878], [10.762, 42.818], [10.732, 42.809], [10.798, 42.782], [10.964, 42.734], [11.015, 42.658], [11.085, 42.638], [11.134, 42.553], [11.15, 42.568], [11.195, 42.505], [11.157, 42.438], [11.108, 42.452], [11.085, 42.429], [11.101, 42.393], [11.168, 42.366], [11.211, 42.389], [11.213, 42.411], [11.276, 42.422], [11.307, 42.409], [11.377, 42.4], [11.366, 42.411], [11.386, 42.407], [11.402, 42.4], [11.629, 42.299], [11.705, 42.22], [11.768, 42.115], [11.842, 42.032], [11.934, 42.032], [12.147, 41.913], [12.217, 41.791], [12.219, 41.746], [12.385, 41.681], [12.574, 41.511], [12.63, 41.443], [12.673, 41.457], [12.767, 41.407], [12.79, 41.418], [12.888, 41.401], [12.956, 41.358], [13.048, 41.225], [13.082, 41.225], [13.203, 41.281], [13.257, 41.281], [13.304, 41.297], [13.452, 41.25], [13.499, 41.221], [13.537, 41.214], [13.587, 41.212], [13.567, 41.23], [13.618, 41.259], [13.71, 41.25], [13.836, 41.158], [13.901, 41.077], [13.919, 41.014], [14.007, 40.936], [14.045, 40.821], [14.027, 40.796], [14.072, 40.79], [14.079, 40.828], [14.148, 40.817], [14.155, 40.805], [14.159, 40.796], [14.171, 40.801], [14.2, 40.808], [14.236, 40.83], [14.254, 40.835], [14.283, 40.839], [14.411, 40.754], [14.456, 40.745], [14.476, 40.711], [14.404, 40.662], [14.389, 40.641], [14.335, 40.628], [14.326, 40.576], [14.492, 40.632], [14.537, 40.614], [14.575, 40.614], [14.636, 40.653], [14.696, 40.641], [14.723, 40.673], [14.773, 40.673], [14.88, 40.583], [14.988, 40.412], [14.99, 40.361], [14.939, 40.329], [14.925, 40.271], [14.898, 40.251], [14.939, 40.233], [14.986, 40.217], [15.031, 40.17], [15.096, 40.174], [15.136, 40.165], [15.222, 40.102], [15.332, 39.999], [15.444, 39.999], [15.509, 40.069], [15.624, 40.073], [15.648, 40.042], [15.779, 39.894], [15.792, 39.86], [15.781, 39.826], [15.828, 39.669], [15.884, 39.541], [15.947, 39.496], [16.026, 39.364], [16.059, 39.224], [16.1, 39.027], [16.154, 38.955], [16.208, 38.932], [16.223, 38.856], [16.185, 38.757], [16.138, 38.724], [15.99, 38.726], [15.911, 38.683], [15.842, 38.645], [15.839, 38.614], [15.929, 38.542], [15.86, 38.384], [15.835, 38.351], [15.821, 38.308], [15.732, 38.259], [15.637, 38.232], [15.648, 38.119], [15.637, 38.093], [15.657, 38.043], [15.642, 38.023], [15.687, 37.958], [15.779, 37.917], [15.934, 37.929], [16.012, 37.915], [16.066, 37.924], [16.134, 38.005], [16.174, 38.14], [16.347, 38.301], [16.477, 38.344], [16.583, 38.436], [16.56, 38.692], [16.547, 38.726], [16.63, 38.825], [16.87, 38.923], [16.994, 38.935], [17.025, 38.908], [17.074, 38.917], [17.099, 38.894], [17.176, 38.964], [17.162, 38.986], [17.214, 39.031], [17.137, 39.067], [17.135, 39.094], [17.117, 39.11], [17.146, 39.218], [17.108, 39.26], [17.16, 39.397], [17.048, 39.449], [17.012, 39.489], [16.884, 39.532], [16.769, 39.624], [16.632, 39.62], [16.535, 39.66], [16.52, 39.727], [16.488, 39.779], [16.56, 39.885], [16.634, 39.963], [16.601, 40.062], [16.659, 40.134], [16.684, 40.152], [16.742, 40.228], [16.731, 40.239], [16.933, 40.464], [17.077, 40.52], [17.137, 40.516], [17.178, 40.491], [17.178, 40.48], [17.229, 40.473], [17.247, 40.444], [17.202, 40.408], [17.418, 40.332], [17.519, 40.293], [17.724, 40.3], [17.876, 40.271], [17.896, 40.257], [17.93, 40.17], [17.997, 40.116], [17.986, 40.06], [17.991, 40.046], [18.013, 40.008], [18.004, 39.988], [18.076, 39.909], [18.204, 39.84], [18.271, 39.835], [18.35, 39.79], [18.388, 39.817], [18.415, 39.983], [18.438, 40.024], [18.462, 40.033], [18.48, 40.076], [18.512, 40.102], [18.512, 40.134], [18.489, 40.141], [18.46, 40.217], [18.411, 40.296], [18.2, 40.469], [18.096, 40.513], [18.031, 40.574], [18.033, 40.601], [18.015, 40.641], [17.964, 40.646], [17.937, 40.677], [17.802, 40.704], [17.629, 40.778], [17.485, 40.823], [17.342, 40.911], [17.265, 40.974], [17.048, 41.079], [16.875, 41.129], [16.684, 41.183], [16.54, 41.23], [16.286, 41.326], [16.239, 41.338], [16.181, 41.367], [15.956, 41.463], [15.895, 41.553], [15.909, 41.627], [16.066, 41.706], [16.19, 41.773], [16.194, 41.834], [16.176, 41.868], [16.192, 41.883], [16.046, 41.948], [15.678, 41.917], [15.612, 41.931], [15.568, 41.913], [15.491, 41.877], [15.381, 41.874], [15.323, 41.874], [15.309, 41.879], [15.325, 41.895], [15.39, 41.904], [15.255, 41.922], [15.105, 41.935], [15.042, 41.973], [14.959, 42.011], [14.82, 42.054], [14.719, 42.108], [14.716, 42.173], [14.505, 42.258], [14.368, 42.386], [14.171, 42.514], [14.038, 42.656], [13.969, 42.732], [13.973, 42.746], [13.843, 43.078], [13.645, 43.476], [13.625, 43.532], [13.627, 43.552], [13.569, 43.588], [13.517, 43.631], [13.506, 43.624], [13.466, 43.613], [13.266, 43.696], [12.879, 43.938], [12.691, 43.99], [12.569, 44.084], [12.388, 44.228], [12.329, 44.358], [12.28, 44.527], [12.296, 44.601], [12.28, 44.612], [12.278, 44.621], [12.266, 44.628], [12.244, 44.722], [12.273, 44.823], [12.309, 44.845], [12.39, 44.792], [12.421, 44.828], [12.394, 44.828], [12.421, 44.85], [12.399, 44.854], [12.394, 44.877], [12.43, 44.902], [12.435, 44.85], [12.455, 44.825], [12.504, 44.899], [12.502, 44.92], [12.534, 44.944], [12.522, 44.958], [12.538, 44.956], [12.529, 44.98], [12.466, 45.0], [12.444, 45.025], [12.43, 45.027], [12.403, 45.05], [12.392, 45.036], [12.379, 45.054], [12.39, 45.059], [12.379, 45.066], [12.334, 45.09], [12.3, 45.088], [12.311, 45.104], [12.336, 45.102], [12.318, 45.144], [12.336, 45.164], [12.318, 45.185], [12.296, 45.223], [12.278, 45.218], [12.28, 45.207], [12.26, 45.187], [12.228, 45.203], [12.221, 45.243], [12.239, 45.245], [12.226, 45.272], [12.212, 45.281], [12.203, 45.263], [12.181, 45.256], [12.168, 45.268], [12.172, 45.319], [12.15, 45.335], [12.163, 45.337], [12.172, 45.364], [12.194, 45.373], [12.192, 45.384], [12.206, 45.391], [12.212, 45.416], [12.257, 45.418], [12.28, 45.463], [12.37, 45.506], [12.383, 45.506], [12.401, 45.533], [12.415, 45.526], [12.43, 45.526], [12.446, 45.51], [12.464, 45.555], [12.486, 45.544], [12.495, 45.537], [12.502, 45.546], [12.513, 45.542], [12.516, 45.555], [12.511, 45.564], [12.527, 45.562], [12.554, 45.571], [12.567, 45.553], [12.585, 45.535], [12.599, 45.526], [12.585, 45.521], [12.569, 45.528]], [[12.152, 45.389], [12.15, 45.375], [12.163, 45.378], [12.152, 45.389]], [[12.163, 45.378], [12.159, 45.369], [12.172, 45.364], [12.163, 45.378]], [[12.372, 45.03], [12.365, 45.007], [12.388, 45.025], [12.372, 45.03]], [[9.989, 44.086], [9.962, 44.089], [9.976, 44.082], [9.989, 44.086]], [[12.437, 43.907], [12.484, 43.907], [12.511, 43.999], [12.412, 43.956], [12.403, 43.92], [12.437, 43.907]]]}]}, "id": "000000000000000000b4", "properties": {"name": "Italy"}}, {"type": "Feature", "geometry": {"type": "GeometryCollection", "geometries": [{"type": "Point", "coordinates": [-2.43, 35.187]}, {"type": "LineString", "coordinates": [[-8.909, 42.216], [-8.898, 42.22]]}, {"type": "LineString", "coordinates": [[-8.848, 41.881], [-8.837, 41.886]]}, {"type": "LineString", "coordinates": [[1.188, 38.957], [1.204, 38.959]]}, {"type": "LineString", "coordinates": [[1.19, 38.863], [1.201, 38.874]]}, {"type": "LineString", "coordinates": [[-0.773, 37.688], [-0.773, 37.7]]}, {"type": "LineString", "coordinates": [[-0.492, 38.162], [-0.469, 38.16]]}, {"type": "LineString", "coordinates": [[-9.005, 42.465], [-9.001, 42.478]]}, {"type": "LineString", "coordinates": [[-5.612, 36.004], [-5.599, 36.006]]}, {"type": "LineString", "coordinates": [[-3.032, 35.952], [-3.036, 35.937]]}, {"type": "LineString", "coordinates": [[-8.907, 42.254], [-8.9, 42.229]]}, {"type": "LineString", "coordinates": [[2.304, 39.572], [2.336, 39.595]]}, {"type": "LineString", "coordinates": [[1.215, 38.995], [1.219, 38.984]]}, {"type": "LineString", "coordinates": [[-6.901, 37.156], [-6.881, 37.138]]}, {"type": "LineString", "coordinates": [[-8.907, 42.207], [-8.886, 42.2]]}, {"type": "LineString", "coordinates": [[1.473, 38.807], [1.478, 38.786]]}, {"type": "LineString", "coordinates": [[-8.938, 42.362], [-8.913, 42.398]]}, {"type": "LineString", "coordinates": [[-0.757, 37.776], [-0.743, 37.758], [-0.732, 37.744], [-0.732, 37.661], [-0.723, 37.655]]}, {"type": "LineString", "coordinates": [[-5.316, 35.898], [-5.304, 35.901]]}, {"type": "LineString", "coordinates": [[-8.868, 42.535], [-8.862, 42.526]]}, {"type": "LineString", "coordinates": [[-13.784, 28.842], [-13.78, 28.833]]}, {"type": "LineString", "coordinates": [[-13.466, 29.226], [-13.47, 29.237]]}, {"type": "LineString", "coordinates": [[-13.65, 29.109], [-13.659, 29.116]]}, {"type": "LineString", "coordinates": [[4.094, 40.096], [4.078, 40.098]]}, {"type": "LineString", "coordinates": [[-14.499, 28.063], [-14.49, 28.072]]}, {"type": "LineString", "coordinates": [[-0.943, 37.556], [-0.957, 37.554]]}, {"type": "LineString", "coordinates": [[0.076, 38.64], [0.081, 38.629]]}, {"type": "LineString", "coordinates": [[0.734, 40.619], [0.712, 40.592]]}, {"type": "LineString", "coordinates": [[0.791, 40.783], [0.75, 40.79]]}, {"type": "LineString", "coordinates": [[3.247, 42.258], [3.256, 42.247]]}, {"type": "LineString", "coordinates": [[-3.438, 43.422], [-3.447, 43.435]]}, {"type": "LineString", "coordinates": [[-3.75, 43.46], [-3.766, 43.458]]}, {"type": "LineString", "coordinates": [[-7.678, 43.734], [-7.692, 43.741]]}, {"type": "LineString", "coordinates": [[-8.341, 43.388], [-8.352, 43.381]]}, {"type": "LineString", "coordinates": [[-9.208, 43.101], [-9.212, 43.112]]}, {"type": "LineString", "coordinates": [[-9.277, 43.044], [-9.288, 43.051]]}, {"type": "LineString", "coordinates": [[-8.864, 42.611], [-8.853, 42.604]]}, {"type": "LineString", "coordinates": [[-8.842, 42.299], [-8.846, 42.308]]}, {"type": "LineString", "coordinates": [[-7.166, 37.205], [-7.15, 37.21]]}, {"type": "LineString", "coordinates": [[-6.921, 37.174], [-6.915, 37.163]]}, {"type": "LineString", "coordinates": [[-6.962, 37.23], [-6.96, 37.212]]}, {"type": "Polygon", "coordinates": [[[-8.837, 42.485], [-8.839, 42.499], [-8.853, 42.49], [-8.837, 42.485]]]}, {"type": "Polygon", "coordinates": [[[0.712, 40.592], [0.604, 40.585], [0.669, 40.565], [0.712, 40.592]]]}, {"type": "Polygon", "coordinates": [[[3.187, 39.876], [3.202, 39.887], [3.189, 39.889], [3.187, 39.876]]]}, {"type": "Polygon", "coordinates": [[[2.953, 39.186], [2.96, 39.177], [2.969, 39.191], [2.953, 39.186]]]}, {"type": "Polygon", "coordinates": [[[1.635, 39.04], [1.646, 39.031], [1.648, 39.04], [1.635, 39.04]]]}, {"type": "Polygon", "coordinates": [[[1.415, 38.784], [1.431, 38.78], [1.422, 38.798], [1.415, 38.784]]]}, {"type": "Polygon", "coordinates": [[[-5.304, 35.901], [-5.275, 35.903], [-5.282, 35.912], [-5.304, 35.901]]]}, {"type": "Polygon", "coordinates": [[[-13.537, 29.287], [-13.524, 29.296], [-13.533, 29.303], [-13.537, 29.287]]]}, {"type": "Polygon", "coordinates": [[[-13.834, 28.748], [-13.816, 28.734], [-13.811, 28.757], [-13.834, 28.748]]]}, {"type": "Polygon", "coordinates": [[[-3.47, 43.462], [-3.447, 43.435], [-3.423, 43.453], [-3.454, 43.464], [-3.47, 43.462]]]}, {"type": "Polygon", "coordinates": [[[1.949, 42.461], [2.003, 42.449], [2.001, 42.458], [1.976, 42.499], [1.949, 42.461]]]}, {"type": "Polygon", "coordinates": [[[-5.376, 35.923], [-5.361, 35.892], [-5.334, 35.883], [-5.316, 35.898], [-5.376, 35.923]]]}, {"type": "Polygon", "coordinates": [[[-2.973, 35.317], [-2.96, 35.281], [-2.926, 35.283], [-2.958, 35.337], [-2.973, 35.317]]]}, {"type": "Polygon", "coordinates": [[[-13.528, 29.39], [-13.515, 29.374], [-13.486, 29.404], [-13.515, 29.404], [-13.528, 29.39]]]}, {"type": "Polygon", "coordinates": [[[-13.544, 29.224], [-13.517, 29.215], [-13.472, 29.267], [-13.504, 29.282], [-13.544, 29.224]]]}, {"type": "Polygon", "coordinates": [[[-8.88, 42.568], [-8.877, 42.559], [-8.868, 42.535], [-8.857, 42.544], [-8.853, 42.566], [-8.866, 42.564], [-8.88, 42.568]]]}, {"type": "Polygon", "coordinates": [[[-17.313, 28.189], [-17.335, 28.092], [-17.265, 28.023], [-17.214, 28.018], [-17.153, 28.038], [-17.095, 28.088], [-17.113, 28.146], [-17.2, 28.195], [-17.265, 28.204], [-17.313, 28.189]]]}, {"type": "Polygon", "coordinates": [[[2.91, 39.144], [2.931, 39.146], [2.917, 39.132], [2.958, 39.126], [2.958, 39.153], [2.973, 39.159], [2.944, 39.164], [2.944, 39.153], [2.931, 39.157], [2.913, 39.161], [2.91, 39.144]]]}, {"type": "Polygon", "coordinates": [[[1.381, 38.719], [1.383, 38.645], [1.453, 38.688], [1.527, 38.652], [1.565, 38.649], [1.583, 38.665], [1.556, 38.69], [1.532, 38.674], [1.478, 38.71], [1.433, 38.757], [1.406, 38.728], [1.381, 38.719]]]}, {"type": "Polygon", "coordinates": [[[-18.002, 28.759], [-17.935, 28.633], [-17.883, 28.548], [-17.86, 28.463], [-17.84, 28.447], [-17.764, 28.553], [-17.75, 28.638], [-17.762, 28.676], [-17.721, 28.739], [-17.753, 28.782], [-17.789, 28.84], [-17.863, 28.831], [-17.917, 28.849], [-17.98, 28.795], [-18.002, 28.759]]]}, {"type": "Polygon", "coordinates": [[[-18.155, 27.769], [-18.166, 27.713], [-18.033, 27.681], [-17.989, 27.639], [-17.966, 27.677], [-17.95, 27.713], [-17.928, 27.726], [-17.914, 27.776], [-17.885, 27.816], [-17.912, 27.847], [-17.959, 27.841], [-18.0, 27.825], [-18.004, 27.796], [-18.056, 27.76], [-18.128, 27.767], [-18.155, 27.769]]]}, {"type": "Polygon", "coordinates": [[[-13.877, 28.885], [-13.868, 28.853], [-13.789, 28.853], [-13.784, 28.842], [-13.751, 28.865], [-13.71, 28.91], [-13.609, 28.93], [-13.54, 28.957], [-13.466, 29.013], [-13.448, 29.098], [-13.457, 29.132], [-13.421, 29.159], [-13.432, 29.208], [-13.466, 29.226], [-13.508, 29.188], [-13.546, 29.114], [-13.596, 29.134], [-13.65, 29.109], [-13.701, 29.078], [-13.76, 29.065], [-13.825, 29.006], [-13.834, 28.919], [-13.877, 28.885]]]}, {"type": "Polygon", "coordinates": [[[-14.49, 28.072], [-14.317, 28.047], [-14.195, 28.173], [-14.005, 28.209], [-13.921, 28.243], [-13.843, 28.409], [-13.856, 28.49], [-13.827, 28.541], [-13.825, 28.694], [-13.843, 28.725], [-13.883, 28.755], [-13.973, 28.732], [-14.014, 28.705], [-14.009, 28.658], [-14.034, 28.615], [-14.029, 28.593], [-14.115, 28.458], [-14.148, 28.418], [-14.175, 28.341], [-14.204, 28.308], [-14.218, 28.216], [-14.328, 28.135], [-14.46, 28.099], [-14.485, 28.108], [-14.49, 28.072]]]}, {"type": "Polygon", "coordinates": [[[-15.821, 28.009], [-15.828, 27.906], [-15.763, 27.816], [-15.682, 27.751], [-15.588, 27.733], [-15.554, 27.762], [-15.451, 27.791], [-15.383, 27.872], [-15.392, 27.904], [-15.368, 27.928], [-15.381, 27.973], [-15.381, 28.014], [-15.419, 28.056], [-15.417, 28.108], [-15.424, 28.137], [-15.404, 28.166], [-15.428, 28.173], [-15.449, 28.157], [-15.437, 28.139], [-15.48, 28.13], [-15.541, 28.144], [-15.624, 28.148], [-15.635, 28.164], [-15.709, 28.16], [-15.707, 28.108], [-15.738, 28.047], [-15.765, 28.041], [-15.792, 28.011], [-15.821, 28.009]]]}, {"type": "Polygon", "coordinates": [[[-16.913, 28.348], [-16.834, 28.245], [-16.827, 28.198], [-16.729, 28.063], [-16.684, 27.993], [-16.625, 28.007], [-16.56, 28.025], [-16.54, 28.02], [-16.527, 28.036], [-16.425, 28.146], [-16.383, 28.261], [-16.354, 28.306], [-16.358, 28.359], [-16.333, 28.389], [-16.266, 28.434], [-16.201, 28.492], [-16.122, 28.528], [-16.134, 28.575], [-16.151, 28.584], [-16.223, 28.559], [-16.32, 28.568], [-16.351, 28.539], [-16.414, 28.512], [-16.448, 28.458], [-16.506, 28.413], [-16.621, 28.386], [-16.677, 28.386], [-16.765, 28.364], [-16.825, 28.382], [-16.913, 28.348]]]}, {"type": "Polygon", "coordinates": [[[3.795, 40.015], [3.822, 39.965], [3.816, 39.918], [3.881, 39.93], [3.899, 39.93], [3.944, 39.939], [4.074, 39.896], [4.231, 39.819], [4.28, 39.819], [4.303, 39.876], [4.316, 39.88], [4.269, 39.939], [4.262, 39.963], [4.249, 39.979], [4.211, 39.999], [4.188, 40.04], [4.184, 40.028], [4.157, 40.051], [4.161, 40.071], [4.128, 40.071], [4.107, 40.053], [4.094, 40.096], [4.069, 40.067], [4.056, 40.062], [4.027, 40.076], [3.968, 40.06], [3.928, 40.064], [3.926, 40.053], [3.851, 40.062], [3.834, 40.055], [3.795, 40.015]], [[4.13, 40.037], [4.143, 40.055], [4.128, 40.071], [4.13, 40.037]]]}, {"type": "Polygon", "coordinates": [[[1.233, 38.932], [1.224, 38.89], [1.237, 38.872], [1.258, 38.861], [1.273, 38.881], [1.327, 38.865], [1.354, 38.865], [1.377, 38.831], [1.392, 38.84], [1.406, 38.834], [1.417, 38.899], [1.444, 38.919], [1.457, 38.908], [1.457, 38.919], [1.469, 38.914], [1.527, 38.957], [1.552, 38.993], [1.581, 38.991], [1.619, 39.036], [1.588, 39.058], [1.603, 39.09], [1.541, 39.112], [1.516, 39.119], [1.496, 39.103], [1.48, 39.103], [1.383, 39.076], [1.379, 39.065], [1.359, 39.074], [1.294, 39.024], [1.296, 38.982], [1.309, 38.98], [1.3, 38.971], [1.242, 38.975], [1.222, 38.953], [1.233, 38.932]]]}, {"type": "Polygon", "coordinates": [[[2.345, 39.581], [2.369, 39.548], [2.387, 39.546], [2.367, 39.534], [2.398, 39.521], [2.423, 39.532], [2.434, 39.525], [2.443, 39.532], [2.464, 39.51], [2.464, 39.492], [2.477, 39.48], [2.477, 39.467], [2.524, 39.458], [2.544, 39.523], [2.585, 39.53], [2.603, 39.55], [2.628, 39.541], [2.641, 39.561], [2.688, 39.548], [2.747, 39.501], [2.722, 39.474], [2.742, 39.435], [2.751, 39.391], [2.809, 39.364], [2.973, 39.355], [2.991, 39.332], [2.985, 39.314], [3.014, 39.307], [3.059, 39.265], [3.142, 39.33], [3.189, 39.339], [3.214, 39.364], [3.238, 39.373], [3.259, 39.42], [3.274, 39.42], [3.308, 39.51], [3.4, 39.575], [3.391, 39.613], [3.402, 39.633], [3.429, 39.631], [3.438, 39.656], [3.452, 39.651], [3.452, 39.705], [3.465, 39.718], [3.449, 39.721], [3.454, 39.745], [3.369, 39.772], [3.333, 39.784], [3.319, 39.757], [3.252, 39.73], [3.135, 39.779], [3.117, 39.828], [3.128, 39.84], [3.175, 39.84], [3.184, 39.864], [3.187, 39.876], [3.101, 39.86], [3.081, 39.903], [3.108, 39.896], [3.133, 39.923], [3.198, 39.943], [3.209, 39.959], [3.135, 39.945], [3.117, 39.93], [3.099, 39.934], [3.061, 39.921], [3.041, 39.936], [2.967, 39.909], [2.951, 39.921], [2.805, 39.853], [2.785, 39.853], [2.751, 39.826], [2.695, 39.804], [2.69, 39.788], [2.672, 39.793], [2.641, 39.759], [2.549, 39.698], [2.479, 39.669], [2.389, 39.613], [2.345, 39.581]]]}, {"type": "Polygon", "coordinates": [[[-5.34, 36.159], [-5.298, 36.246], [-5.194, 36.399], [-5.066, 36.451], [-4.956, 36.485], [-4.869, 36.509], [-4.698, 36.494], [-4.629, 36.523], [-4.575, 36.579], [-4.521, 36.595], [-4.411, 36.723], [-4.157, 36.72], [-4.083, 36.747], [-3.932, 36.741], [-3.82, 36.756], [-3.726, 36.727], [-3.627, 36.75], [-3.571, 36.732], [-3.512, 36.727], [-3.458, 36.7], [-3.357, 36.729], [-3.238, 36.756], [-3.128, 36.756], [-2.976, 36.743], [-2.915, 36.754], [-2.848, 36.702], [-2.789, 36.702], [-2.744, 36.689], [-2.661, 36.702], [-2.607, 36.747], [-2.556, 36.821], [-2.455, 36.835], [-2.414, 36.821], [-2.358, 36.846], [-2.27, 36.81], [-2.192, 36.725], [-2.113, 36.75], [-2.059, 36.785], [-2.057, 36.812], [-2.003, 36.839], [-1.985, 36.893], [-1.925, 36.934], [-1.902, 36.938], [-1.886, 37.006], [-1.824, 37.145], [-1.801, 37.221], [-1.781, 37.244], [-1.707, 37.302], [-1.673, 37.354], [-1.574, 37.401], [-1.505, 37.426], [-1.478, 37.423], [-1.451, 37.486], [-1.39, 37.513], [-1.312, 37.56], [-1.253, 37.558], [-1.219, 37.571], [-1.168, 37.558], [-1.17, 37.545], [-1.105, 37.533], [-1.118, 37.556], [-1.071, 37.585], [-1.026, 37.574], [-0.995, 37.578], [-0.986, 37.598], [-0.943, 37.556], [-0.844, 37.585], [-0.817, 37.574], [-0.716, 37.61], [-0.694, 37.634], [-0.723, 37.655], [-0.739, 37.63], [-0.829, 37.682], [-0.851, 37.729], [-0.799, 37.783], [-0.784, 37.816], [-0.746, 37.785], [-0.752, 37.872], [-0.721, 37.935], [-0.687, 37.971], [-0.665, 37.973], [-0.642, 38.0], [-0.647, 38.09], [-0.606, 38.178], [-0.514, 38.196], [-0.508, 38.322], [-0.438, 38.362], [-0.406, 38.353], [-0.402, 38.409], [-0.341, 38.459], [-0.252, 38.497], [-0.162, 38.526], [-0.081, 38.533], [-0.052, 38.564], [-0.061, 38.582], [-0.002, 38.625], [0.029, 38.623], [0.076, 38.64], [0.137, 38.688], [0.148, 38.679], [0.202, 38.73], [0.231, 38.733], [0.207, 38.764], [0.182, 38.798], [0.189, 38.809], [0.054, 38.861], [-0.018, 38.874], [-0.148, 38.989], [-0.234, 39.179], [-0.213, 39.186], [-0.326, 39.402], [-0.305, 39.525], [-0.193, 39.683], [-0.119, 39.802], [-0.009, 39.905], [-0.036, 39.921], [-0.004, 39.916], [0.049, 40.037], [0.146, 40.089], [0.207, 40.186], [0.265, 40.219], [0.278, 40.251], [0.357, 40.318], [0.409, 40.376], [0.575, 40.603], [0.604, 40.628], [0.732, 40.641], [0.734, 40.619], [0.764, 40.65], [0.808, 40.673], [0.853, 40.682], [0.887, 40.734], [0.851, 40.718], [0.856, 40.729], [0.799, 40.769], [0.791, 40.783], [0.752, 40.769], [0.71, 40.808], [0.916, 40.992], [1.033, 41.059], [1.141, 41.07], [1.17, 41.052], [1.219, 41.106], [1.415, 41.147], [1.597, 41.192], [1.972, 41.27], [2.093, 41.288], [2.151, 41.326], [2.163, 41.36], [2.178, 41.362], [2.178, 41.374], [2.297, 41.477], [2.423, 41.522], [2.661, 41.614], [2.778, 41.652], [2.774, 41.661], [2.848, 41.697], [2.94, 41.724], [3.0, 41.776], [3.045, 41.794], [3.108, 41.852], [3.167, 41.868], [3.214, 41.924], [3.216, 41.978], [3.198, 41.987], [3.18, 42.027], [3.205, 42.059], [3.167, 42.112], [3.119, 42.139], [3.108, 42.202], [3.092, 42.198], [3.119, 42.243], [3.151, 42.27], [3.173, 42.265], [3.218, 42.243], [3.223, 42.256], [3.247, 42.258], [3.281, 42.276], [3.286, 42.312], [3.315, 42.328], [3.256, 42.344], [3.198, 42.357], [3.191, 42.344], [3.151, 42.386], [3.153, 42.443], [3.068, 42.445], [3.032, 42.485], [2.85, 42.461], [2.805, 42.42], [2.704, 42.418], [2.659, 42.389], [2.672, 42.344], [2.571, 42.357], [2.502, 42.346], [2.416, 42.395], [2.259, 42.436], [2.19, 42.42], [2.151, 42.427], [2.071, 42.364], [2.001, 42.366], [1.961, 42.393], [1.925, 42.456], [1.893, 42.452], [1.833, 42.485], [1.716, 42.501], [1.682, 42.499], [1.664, 42.492], [1.628, 42.467], [1.516, 42.436], [1.453, 42.449], [1.433, 42.49], [1.464, 42.514], [1.449, 42.541], [1.428, 42.541], [1.44, 42.606], [1.347, 42.721], [1.199, 42.719], [1.161, 42.712], [1.087, 42.784], [0.972, 42.797], [0.961, 42.806], [0.943, 42.795], [0.689, 42.865], [0.667, 42.831], [0.651, 42.784], [0.678, 42.687], [0.512, 42.699], [0.404, 42.701], [0.355, 42.721], [0.29, 42.676], [0.236, 42.719], [0.186, 42.737], [0.108, 42.705], [0.027, 42.705], [-0.04, 42.699], [-0.09, 42.73], [-0.15, 42.809], [-0.184, 42.795], [-0.247, 42.829], [-0.305, 42.845], [-0.436, 42.804], [-0.512, 42.829], [-0.534, 42.797], [-0.568, 42.795], [-0.579, 42.815], [-0.609, 42.829], [-0.687, 42.889], [-0.719, 42.898], [-0.768, 42.973], [-0.932, 42.957], [-1.035, 42.995], [-1.118, 43.026], [-1.134, 43.011], [-1.215, 43.058], [-1.271, 43.062], [-1.303, 43.076], [-1.285, 43.119], [-1.321, 43.114], [-1.356, 43.035], [-1.46, 43.069], [-1.473, 43.094], [-1.419, 43.134], [-1.388, 43.249], [-1.417, 43.271], [-1.473, 43.271], [-1.507, 43.291], [-1.552, 43.287], [-1.583, 43.256], [-1.619, 43.26], [-1.63, 43.307], [-1.734, 43.307], [-1.749, 43.343], [-1.792, 43.366], [-1.79, 43.39], [-1.868, 43.37], [-1.922, 43.336], [-1.965, 43.341], [-2.001, 43.318], [-2.044, 43.323], [-2.142, 43.298], [-2.181, 43.296], [-2.235, 43.309], [-2.327, 43.3], [-2.461, 43.341], [-2.506, 43.377], [-2.549, 43.379], [-2.637, 43.404], [-2.639, 43.415], [-2.693, 43.401], [-2.751, 43.453], [-2.814, 43.433], [-2.944, 43.431], [-2.949, 43.408], [-2.978, 43.399], [-3.03, 43.37], [-3.009, 43.33], [-3.106, 43.366], [-3.113, 43.352], [-3.193, 43.366], [-3.22, 43.395], [-3.306, 43.41], [-3.324, 43.401], [-3.324, 43.413], [-3.438, 43.422], [-3.454, 43.388], [-3.467, 43.386], [-3.476, 43.419], [-3.519, 43.426], [-3.474, 43.451], [-3.47, 43.462], [-3.515, 43.482], [-3.519, 43.496], [-3.537, 43.494], [-3.544, 43.509], [-3.586, 43.498], [-3.582, 43.514], [-3.685, 43.476], [-3.723, 43.471], [-3.75, 43.46], [-3.75, 43.442], [-3.775, 43.44], [-3.798, 43.417], [-3.813, 43.417], [-3.831, 43.44], [-3.764, 43.471], [-3.8, 43.491], [-3.957, 43.458], [-3.966, 43.444], [-3.986, 43.444], [-4.033, 43.444], [-4.103, 43.428], [-4.218, 43.399], [-4.323, 43.395], [-4.339, 43.406], [-4.39, 43.397], [-4.467, 43.39], [-4.514, 43.395], [-4.646, 43.401], [-4.815, 43.437], [-4.831, 43.433], [-4.844, 43.449], [-4.896, 43.449], [-5.024, 43.464], [-5.123, 43.487], [-5.206, 43.476], [-5.264, 43.514], [-5.313, 43.534], [-5.39, 43.543], [-5.412, 43.556], [-5.558, 43.552], [-5.63, 43.554], [-5.688, 43.547], [-5.693, 43.568], [-5.756, 43.59], [-5.794, 43.64], [-5.843, 43.662], [-5.877, 43.633], [-5.909, 43.617], [-5.989, 43.579], [-6.032, 43.592], [-6.064, 43.57], [-6.077, 43.559], [-6.216, 43.583], [-6.23, 43.597], [-6.355, 43.556], [-6.457, 43.568], [-6.475, 43.563], [-6.535, 43.554], [-6.605, 43.568], [-6.663, 43.57], [-6.726, 43.554], [-6.735, 43.568], [-6.809, 43.559], [-6.868, 43.572], [-6.874, 43.563], [-6.951, 43.572], [-7.034, 43.552], [-7.054, 43.563], [-7.193, 43.563], [-7.238, 43.568], [-7.252, 43.552], [-7.263, 43.563], [-7.24, 43.577], [-7.326, 43.635], [-7.368, 43.68], [-7.467, 43.711], [-7.456, 43.727], [-7.503, 43.729], [-7.519, 43.743], [-7.546, 43.723], [-7.575, 43.714], [-7.588, 43.684], [-7.602, 43.691], [-7.6, 43.718], [-7.618, 43.72], [-7.624, 43.754], [-7.678, 43.734], [-7.687, 43.72], [-7.692, 43.741], [-7.656, 43.783], [-7.674, 43.792], [-7.719, 43.752], [-7.795, 43.729], [-7.817, 43.707], [-7.815, 43.693], [-7.849, 43.702], [-7.851, 43.675], [-7.874, 43.666], [-7.894, 43.673], [-7.862, 43.682], [-7.878, 43.689], [-7.862, 43.709], [-7.849, 43.714], [-7.858, 43.777], [-7.903, 43.763], [-7.921, 43.743], [-7.941, 43.747], [-7.995, 43.709], [-8.058, 43.707], [-8.069, 43.666], [-8.053, 43.653], [-8.082, 43.662], [-8.163, 43.617], [-8.184, 43.615], [-8.264, 43.556], [-8.294, 43.554], [-8.314, 43.568], [-8.294, 43.538], [-8.325, 43.514], [-8.314, 43.494], [-8.338, 43.46], [-8.291, 43.46], [-8.305, 43.442], [-8.24, 43.417], [-8.213, 43.424], [-8.166, 43.415], [-8.206, 43.395], [-8.199, 43.325], [-8.255, 43.372], [-8.307, 43.401], [-8.341, 43.388], [-8.356, 43.341], [-8.374, 43.334], [-8.392, 43.388], [-8.413, 43.372], [-8.437, 43.379], [-8.473, 43.352], [-8.484, 43.359], [-8.529, 43.318], [-8.606, 43.316], [-8.716, 43.291], [-8.79, 43.309], [-8.828, 43.343], [-8.846, 43.325], [-8.907, 43.321], [-8.911, 43.294], [-8.983, 43.278], [-8.925, 43.224], [-8.938, 43.22], [-8.97, 43.224], [-8.994, 43.217], [-8.999, 43.233], [-9.055, 43.186], [-9.145, 43.193], [-9.172, 43.179], [-9.192, 43.152], [-9.205, 43.157], [-9.181, 43.123], [-9.16, 43.143], [-9.151, 43.127], [-9.163, 43.103], [-9.187, 43.096], [-9.208, 43.101], [-9.232, 43.085], [-9.246, 43.087], [-9.261, 43.044], [-9.277, 43.044], [-9.266, 43.006], [-9.25, 43.002], [-9.291, 42.928], [-9.27, 42.914], [-9.261, 42.88], [-9.241, 42.923], [-9.223, 42.934], [-9.199, 42.914], [-9.172, 42.943], [-9.151, 42.91], [-9.129, 42.898], [-9.14, 42.86], [-9.102, 42.836], [-9.111, 42.809], [-9.142, 42.8], [-9.095, 42.752], [-9.073, 42.741], [-9.044, 42.788], [-9.008, 42.795], [-8.988, 42.777], [-8.976, 42.782], [-8.94, 42.791], [-8.931, 42.802], [-8.893, 42.809], [-8.886, 42.788], [-8.92, 42.784], [-8.97, 42.741], [-9.023, 42.687], [-9.059, 42.602], [-9.071, 42.568], [-9.044, 42.573], [-9.035, 42.539], [-9.023, 42.521], [-8.976, 42.541], [-8.979, 42.566], [-8.918, 42.591], [-8.925, 42.615], [-8.886, 42.64], [-8.866, 42.629], [-8.882, 42.611], [-8.864, 42.611], [-8.835, 42.631], [-8.851, 42.645], [-8.835, 42.665], [-8.799, 42.64], [-8.747, 42.654], [-8.765, 42.602], [-8.826, 42.571], [-8.815, 42.505], [-8.799, 42.499], [-8.824, 42.476], [-8.826, 42.458], [-8.862, 42.461], [-8.853, 42.49], [-8.866, 42.501], [-8.929, 42.474], [-8.92, 42.454], [-8.884, 42.454], [-8.862, 42.418], [-8.833, 42.386], [-8.803, 42.4], [-8.758, 42.395], [-8.684, 42.438], [-8.666, 42.422], [-8.747, 42.355], [-8.774, 42.332], [-8.828, 42.337], [-8.819, 42.29], [-8.842, 42.299], [-8.857, 42.252], [-8.846, 42.263], [-8.781, 42.254], [-8.718, 42.285], [-8.682, 42.281], [-8.646, 42.297], [-8.646, 42.321], [-8.628, 42.33], [-8.621, 42.355], [-8.608, 42.299], [-8.612, 42.285], [-8.657, 42.281], [-8.752, 42.227], [-8.812, 42.171], [-8.839, 42.151], [-8.817, 42.128], [-8.826, 42.117], [-8.842, 42.13], [-8.893, 42.112], [-8.871, 41.87], [-8.848, 41.881], [-8.833, 41.908], [-8.761, 41.924], [-8.725, 41.973], [-8.657, 42.005], [-8.624, 42.05], [-8.523, 42.063], [-8.502, 42.079], [-8.327, 42.09], [-8.19, 42.146], [-8.168, 42.065], [-8.123, 42.079], [-8.08, 42.056], [-8.082, 42.016], [-8.168, 41.969], [-8.208, 41.899], [-8.159, 41.863], [-8.15, 41.816], [-8.065, 41.802], [-7.984, 41.852], [-7.95, 41.87], [-7.907, 41.892], [-7.892, 41.926], [-7.876, 41.908], [-7.876, 41.854], [-7.835, 41.863], [-7.82, 41.877], [-7.685, 41.904], [-7.64, 41.879], [-7.591, 41.879], [-7.6, 41.836], [-7.523, 41.843], [-7.494, 41.872], [-7.445, 41.852], [-7.424, 41.811], [-7.368, 41.847], [-7.276, 41.85], [-7.191, 41.888], [-7.182, 41.933], [-7.175, 41.98], [-7.097, 41.98], [-7.043, 41.951], [-6.989, 41.957], [-6.96, 41.971], [-6.915, 41.942], [-6.811, 41.953], [-6.787, 41.989], [-6.733, 41.942], [-6.6, 41.946], [-6.58, 41.969], [-6.542, 41.931], [-6.562, 41.883], [-6.517, 41.87], [-6.564, 41.744], [-6.544, 41.708], [-6.555, 41.692], [-6.481, 41.661], [-6.439, 41.688], [-6.317, 41.668], [-6.25, 41.639], [-6.185, 41.585], [-6.302, 41.45], [-6.344, 41.387], [-6.389, 41.389], [-6.396, 41.351], [-6.506, 41.266], [-6.596, 41.239], [-6.645, 41.239], [-6.769, 41.129], [-6.755, 41.104], [-6.823, 41.037], [-6.93, 41.034], [-6.843, 40.927], [-6.827, 40.886], [-6.805, 40.877], [-6.798, 40.85], [-6.82, 40.828], [-6.818, 40.734], [-6.798, 40.632], [-6.829, 40.563], [-6.789, 40.534], [-6.841, 40.455], [-6.807, 40.383], [-6.775, 40.37], [-6.805, 40.327], [-6.859, 40.289], [-6.87, 40.262], [-6.946, 40.255], [-7.011, 40.213], [-7.0, 40.125], [-6.939, 40.107], [-6.872, 40.022], [-6.917, 39.851], [-6.984, 39.804], [-6.991, 39.73], [-7.016, 39.671], [-7.076, 39.656], [-7.265, 39.662], [-7.314, 39.647], [-7.517, 39.662], [-7.501, 39.604], [-7.415, 39.534], [-7.389, 39.516], [-7.359, 39.48], [-7.294, 39.451], [-7.308, 39.402], [-7.33, 39.386], [-7.265, 39.305], [-7.229, 39.276], [-7.236, 39.211], [-7.195, 39.182], [-7.144, 39.175], [-7.137, 39.108], [-7.076, 39.108], [-7.036, 39.117], [-6.964, 39.056], [-6.953, 39.022], [-7.047, 38.901], [-7.038, 38.863], [-7.097, 38.816], [-7.146, 38.798], [-7.234, 38.735], [-7.252, 38.726], [-7.256, 38.631], [-7.24, 38.625], [-7.317, 38.481], [-7.296, 38.479], [-7.33, 38.438], [-7.285, 38.423], [-7.144, 38.268], [-7.099, 38.187], [-7.054, 38.178], [-6.946, 38.218], [-6.944, 38.18], [-6.98, 38.099], [-6.998, 38.048], [-6.993, 38.027], [-7.058, 38.025], [-7.101, 38.041], [-7.126, 38.0], [-7.202, 38.003], [-7.258, 37.978], [-7.254, 37.942], [-7.299, 37.841], [-7.427, 37.738], [-7.465, 37.634], [-7.508, 37.571], [-7.501, 37.56], [-7.517, 37.558], [-7.512, 37.524], [-7.49, 37.52], [-7.456, 37.452], [-7.442, 37.417], [-7.454, 37.403], [-7.429, 37.367], [-7.431, 37.298], [-7.415, 37.271], [-7.424, 37.248], [-7.386, 37.174], [-7.335, 37.185], [-7.326, 37.199], [-7.166, 37.205], [-7.166, 37.226], [-7.15, 37.21], [-7.108, 37.21], [-7.067, 37.205], [-7.072, 37.217], [-6.96, 37.183], [-6.921, 37.174], [-6.933, 37.203], [-6.872, 37.154], [-6.587, 37.026], [-6.434, 36.907], [-6.382, 36.808], [-6.351, 36.803], [-6.338, 36.844], [-6.331, 36.797], [-6.434, 36.747], [-6.385, 36.635], [-6.358, 36.619], [-6.286, 36.619], [-6.25, 36.583], [-6.223, 36.588], [-6.221, 36.543], [-6.245, 36.525], [-6.207, 36.509], [-6.183, 36.525], [-6.167, 36.511], [-6.212, 36.471], [-6.248, 36.48], [-6.272, 36.529], [-6.306, 36.536], [-6.21, 36.397], [-6.156, 36.348], [-6.129, 36.298], [-6.097, 36.287], [-6.025, 36.184], [-5.909, 36.181], [-5.799, 36.085], [-5.767, 36.087], [-5.7, 36.062], [-5.648, 36.056], [-5.61, 36.015], [-5.489, 36.06], [-5.468, 36.056], [-5.426, 36.087], [-5.437, 36.105], [-5.426, 36.107], [-5.446, 36.13], [-5.426, 36.177], [-5.392, 36.184], [-5.34, 36.159]], [[-7.696, 43.714], [-7.683, 43.711], [-7.687, 43.72], [-7.696, 43.714]], [[-7.027, 43.527], [-7.009, 43.534], [-7.034, 43.552], [-7.027, 43.527]], [[-7.043, 43.525], [-7.049, 43.496], [-7.027, 43.527], [-7.043, 43.525]], [[-3.986, 43.433], [-3.975, 43.437], [-3.986, 43.444], [-3.986, 43.433]], [[-8.88, 42.815], [-8.893, 42.824], [-8.893, 42.809], [-8.88, 42.815]], [[0.685, 40.729], [0.687, 40.718], [0.705, 40.722], [0.685, 40.729]], [[-6.275, 36.909], [-6.329, 36.907], [-6.342, 36.884], [-6.275, 36.909]], [[-6.23, 36.896], [-6.214, 36.902], [-6.239, 36.902], [-6.23, 36.896]], [[-6.342, 36.884], [-6.347, 36.873], [-6.338, 36.844], [-6.342, 36.884]], [[-6.955, 37.293], [-6.966, 37.28], [-6.975, 37.266], [-6.962, 37.248], [-6.955, 37.293]], [[-6.257, 36.9], [-6.239, 36.902], [-6.266, 36.92], [-6.275, 36.909], [-6.257, 36.9]], [[-6.939, 37.214], [-6.962, 37.23], [-6.982, 37.223], [-6.96, 37.212], [-6.933, 37.203], [-6.939, 37.214]], [[-8.26, 43.455], [-8.219, 43.455], [-8.172, 43.478], [-8.175, 43.491], [-8.199, 43.478], [-8.233, 43.48], [-8.237, 43.489], [-8.269, 43.469], [-8.26, 43.455]]]}]}, "id": "000000000000000000b8", "properties": {"name": "Spain"}}, {"type": "Feature", "geometry": {"type": "GeometryCollection", "geometries": [{"type": "LineString", "coordinates": [[17.582, 42.928], [17.557, 42.932]]}, {"type": "LineString", "coordinates": [[17.007, 45.23], [17.023, 45.234]]}, {"type": "LineString", "coordinates": [[16.98, 45.243], [16.969, 45.247]]}, {"type": "Polygon", "coordinates": [[[15.767, 44.998], [15.747, 44.931], [15.779, 44.848], [15.747, 44.774], [15.767, 44.742], [15.806, 44.724], [15.864, 44.751], [15.922, 44.738], [15.983, 44.668], [16.041, 44.639], [16.05, 44.601], [16.014, 44.58], [16.014, 44.549], [16.095, 44.533], [16.149, 44.419], [16.212, 44.347], [16.192, 44.277], [16.264, 44.172], [16.304, 44.152], [16.374, 44.075], [16.477, 44.017], [16.527, 44.008], [16.681, 43.875], [16.729, 43.842], [16.814, 43.75], [16.906, 43.682], [17.039, 43.561], [17.09, 43.541], [17.144, 43.496], [17.29, 43.469], [17.304, 43.341], [17.371, 43.242], [17.42, 43.226], [17.456, 43.179], [17.665, 43.053], [17.719, 42.964], [17.58, 42.939], [17.582, 42.928], [17.598, 42.919], [17.613, 42.907], [17.649, 42.887], [17.73, 42.914], [17.802, 42.883], [17.831, 42.907], [17.894, 42.836], [17.93, 42.811], [18.015, 42.777], [18.15, 42.696], [18.197, 42.656], [18.278, 42.609], [18.382, 42.613], [18.453, 42.562], [18.498, 42.589], [18.545, 42.577], [18.539, 42.602], [18.534, 42.631], [18.577, 42.647], [18.548, 42.692], [18.568, 42.717], [18.476, 42.755], [18.467, 42.84], [18.51, 42.885], [18.487, 42.964], [18.532, 43.026], [18.662, 43.04], [18.658, 43.166], [18.669, 43.204], [18.714, 43.229], [18.689, 43.256], [18.849, 43.33], [18.849, 43.35], [18.909, 43.361], [18.959, 43.316], [18.963, 43.287], [19.006, 43.253], [19.049, 43.309], [19.078, 43.309], [19.008, 43.446], [18.956, 43.458], [18.947, 43.498], [18.932, 43.482], [18.923, 43.512], [18.981, 43.527], [19.001, 43.559], [19.044, 43.521], [19.062, 43.505], [19.098, 43.525], [19.206, 43.534], [19.251, 43.529], [19.251, 43.588], [19.266, 43.595], [19.284, 43.597], [19.298, 43.597], [19.338, 43.59], [19.356, 43.606], [19.37, 43.606], [19.406, 43.57], [19.408, 43.547], [19.457, 43.579], [19.502, 43.572], [19.52, 43.586], [19.498, 43.599], [19.489, 43.635], [19.502, 43.633], [19.509, 43.642], [19.498, 43.725], [19.421, 43.794], [19.376, 43.821], [19.255, 43.963], [19.235, 44.012], [19.338, 43.983], [19.394, 43.963], [19.534, 43.965], [19.59, 44.003], [19.621, 44.021], [19.621, 44.048], [19.601, 44.062], [19.583, 44.071], [19.576, 44.048], [19.543, 44.075], [19.498, 44.098], [19.471, 44.131], [19.473, 44.149], [19.435, 44.136], [19.394, 44.174], [19.358, 44.19], [19.327, 44.271], [19.264, 44.268], [19.221, 44.268], [19.201, 44.291], [19.163, 44.289], [19.132, 44.324], [19.125, 44.34], [19.118, 44.367], [19.105, 44.369], [19.111, 44.399], [19.143, 44.412], [19.136, 44.475], [19.129, 44.524], [19.174, 44.527], [19.197, 44.56], [19.188, 44.578], [19.221, 44.592], [19.228, 44.616], [19.284, 44.688], [19.309, 44.706], [19.329, 44.74], [19.343, 44.742], [19.325, 44.767], [19.354, 44.805], [19.349, 44.834], [19.374, 44.852], [19.372, 44.872], [19.356, 44.89], [19.248, 44.913], [19.217, 44.897], [19.183, 44.922], [19.044, 44.859], [18.916, 44.85], [18.837, 44.863], [18.77, 44.915], [18.763, 44.944], [18.804, 44.944], [18.786, 44.994], [18.734, 45.003], [18.705, 45.036], [18.68, 45.066], [18.678, 45.09], [18.662, 45.066], [18.66, 45.054], [18.613, 45.063], [18.635, 45.088], [18.602, 45.081], [18.57, 45.088], [18.536, 45.088], [18.539, 45.048], [18.447, 45.084], [18.408, 45.106], [18.314, 45.108], [18.276, 45.126], [18.231, 45.133], [18.211, 45.108], [18.22, 45.09], [18.175, 45.077], [18.101, 45.09], [18.081, 45.115], [18.049, 45.14], [18.038, 45.122], [18.02, 45.144], [17.98, 45.135], [17.937, 45.093], [17.885, 45.052], [17.84, 45.048], [17.661, 45.133], [17.607, 45.108], [17.56, 45.11], [17.551, 45.131], [17.515, 45.11], [17.483, 45.115], [17.488, 45.14], [17.461, 45.128], [17.452, 45.16], [17.411, 45.135], [17.335, 45.146], [17.328, 45.167], [17.315, 45.162], [17.315, 45.173], [17.272, 45.185], [17.241, 45.146], [17.149, 45.16], [17.03, 45.221], [17.007, 45.23], [16.989, 45.23], [16.98, 45.243], [16.971, 45.23], [16.937, 45.232], [16.944, 45.263], [16.931, 45.277], [16.908, 45.252], [16.893, 45.256], [16.863, 45.234], [16.845, 45.221], [16.825, 45.185], [16.733, 45.209], [16.675, 45.2], [16.603, 45.232], [16.506, 45.212], [16.468, 45.144], [16.399, 45.115], [16.387, 45.068], [16.342, 45.005], [16.315, 45.012], [16.25, 45.016], [16.095, 45.11], [16.041, 45.2], [16.026, 45.214], [15.965, 45.225], [15.938, 45.214], [15.835, 45.223], [15.801, 45.198], [15.79, 45.207], [15.747, 45.057], [15.767, 44.998]], [[17.613, 42.907], [17.627, 42.912], [17.616, 42.919], [17.613, 42.907]]]}]}, "id": "000000000000000000b9", "properties": {"name": "Bosnia and Herzegovina"}}, {"type": "Feature", "geometry": {"type": "GeometryCollection", "geometries": [{"type": "LineString", "coordinates": [[19.459, 41.87], [19.446, 41.863], [19.464, 41.856]]}, {"type": "LineString", "coordinates": [[19.578, 41.744], [19.581, 41.722]]}, {"type": "LineString", "coordinates": [[19.455, 41.58], [19.442, 41.589]]}, {"type": "LineString", "coordinates": [[19.408, 41.405], [19.39, 41.412]]}, {"type": "LineString", "coordinates": [[19.491, 40.969], [19.468, 40.945]]}, {"type": "LineString", "coordinates": [[19.401, 40.906], [19.399, 40.918]]}, {"type": "LineString", "coordinates": [[19.392, 40.556], [19.39, 40.547]]}, {"type": "LineString", "coordinates": [[19.388, 40.527], [19.41, 40.516]]}, {"type": "Polygon", "coordinates": [[[19.39, 40.547], [19.379, 40.538], [19.388, 40.527], [19.39, 40.547]]]}, {"type": "Polygon", "coordinates": [[[19.459, 40.922], [19.468, 40.931], [19.468, 40.945], [19.457, 40.936], [19.459, 40.922]]]}, {"type": "Polygon", "coordinates": [[[19.271, 40.513], [19.275, 40.484], [19.287, 40.473], [19.284, 40.509], [19.271, 40.513]]]}, {"type": "Polygon", "coordinates": [[[19.41, 40.516], [19.439, 40.478], [19.493, 40.442], [19.48, 40.345], [19.428, 40.32], [19.408, 40.365], [19.343, 40.433], [19.289, 40.426], [19.367, 40.338], [19.385, 40.291], [19.502, 40.197], [19.644, 40.134], [19.754, 40.096], [19.749, 40.084], [19.772, 40.06], [19.787, 40.069], [19.808, 40.044], [19.857, 40.044], [19.933, 39.927], [19.909, 39.903], [19.956, 39.889], [19.985, 39.869], [20.012, 39.871], [20.01, 39.817], [19.996, 39.795], [20.005, 39.788], [19.972, 39.754], [19.998, 39.752], [19.994, 39.739], [19.983, 39.691], [20.025, 39.696], [20.113, 39.665], [20.219, 39.647], [20.23, 39.683], [20.266, 39.671], [20.281, 39.709], [20.322, 39.736], [20.293, 39.766], [20.306, 39.781], [20.295, 39.808], [20.36, 39.795], [20.391, 39.788], [20.414, 39.842], [20.385, 39.878], [20.382, 39.891], [20.34, 39.934], [20.313, 39.99], [20.394, 39.995], [20.418, 40.06], [20.466, 40.073], [20.499, 40.069], [20.51, 40.082], [20.576, 40.067], [20.677, 40.1], [20.695, 40.152], [20.677, 40.179], [20.722, 40.228], [20.717, 40.287], [20.762, 40.325], [20.771, 40.345], [20.775, 40.356], [20.791, 40.388], [20.791, 40.412], [20.791, 40.433], [20.832, 40.455], [20.852, 40.478], [20.903, 40.475], [20.942, 40.466], [20.969, 40.495], [20.975, 40.518], [21.016, 40.556], [21.043, 40.563], [21.054, 40.671], [20.984, 40.745], [20.964, 40.769], [20.984, 40.819], [20.969, 40.911], [20.915, 40.922], [20.845, 40.933], [20.807, 40.895], [20.733, 40.911], [20.67, 41.088], [20.594, 41.097], [20.582, 41.158], [20.522, 41.228], [20.508, 41.297], [20.499, 41.338], [20.526, 41.342], [20.555, 41.416], [20.54, 41.436], [20.508, 41.448], [20.486, 41.493], [20.468, 41.499], [20.477, 41.508], [20.452, 41.522], [20.472, 41.537], [20.457, 41.553], [20.544, 41.578], [20.553, 41.598], [20.522, 41.668], [20.524, 41.753], [20.558, 41.789], [20.573, 41.798], [20.569, 41.872], [20.591, 41.886], [20.587, 41.919], [20.625, 41.957], [20.582, 42.052], [20.555, 42.085], [20.567, 42.119], [20.558, 42.137], [20.553, 42.151], [20.544, 42.16], [20.486, 42.249], [20.423, 42.283], [20.331, 42.328], [20.297, 42.319], [20.245, 42.328], [20.232, 42.386], [20.21, 42.402], [20.221, 42.434], [20.187, 42.472], [20.142, 42.517], [20.057, 42.559], [20.016, 42.532], [20.003, 42.51], [19.929, 42.514], [19.888, 42.49], [19.859, 42.485], [19.83, 42.467], [19.763, 42.51], [19.751, 42.559], [19.751, 42.577], [19.76, 42.584], [19.776, 42.586], [19.736, 42.649], [19.724, 42.66], [19.695, 42.642], [19.684, 42.636], [19.61, 42.575], [19.605, 42.535], [19.561, 42.501], [19.464, 42.386], [19.424, 42.366], [19.415, 42.319], [19.282, 42.18], [19.403, 42.103], [19.372, 42.038], [19.379, 41.973], [19.374, 41.96], [19.349, 41.955], [19.365, 41.917], [19.343, 41.908], [19.376, 41.879], [19.376, 41.85], [19.446, 41.863], [19.435, 41.886], [19.459, 41.87], [19.464, 41.856], [19.599, 41.802], [19.599, 41.767], [19.587, 41.762], [19.578, 41.771], [19.574, 41.755], [19.578, 41.744], [19.596, 41.742], [19.599, 41.751], [19.617, 41.719], [19.596, 41.726], [19.581, 41.722], [19.574, 41.641], [19.599, 41.645], [19.612, 41.609], [19.596, 41.609], [19.585, 41.591], [19.576, 41.6], [19.545, 41.576], [19.455, 41.58], [19.482, 41.546], [19.511, 41.537], [19.507, 41.475], [19.473, 41.441], [19.446, 41.436], [19.428, 41.398], [19.408, 41.405], [19.421, 41.347], [19.43, 41.313], [19.448, 41.306], [19.477, 41.313], [19.52, 41.257], [19.464, 41.147], [19.439, 41.144], [19.453, 41.057], [19.437, 41.005], [19.45, 40.999], [19.464, 40.994], [19.471, 41.005], [19.491, 40.969], [19.504, 40.976], [19.527, 40.927], [19.486, 40.888], [19.448, 40.895], [19.459, 40.922], [19.43, 40.924], [19.437, 40.938], [19.419, 40.929], [19.399, 40.918], [19.41, 40.913], [19.401, 40.906], [19.392, 40.893], [19.415, 40.857], [19.401, 40.855], [19.392, 40.821], [19.385, 40.812], [19.347, 40.682], [19.302, 40.659], [19.376, 40.572], [19.388, 40.567], [19.392, 40.556], [19.403, 40.567], [19.459, 40.561], [19.45, 40.5], [19.421, 40.525], [19.41, 40.516]]]}]}, "id": "000000000000000000bc", "properties": {"name": "Albania"}}, {"type": "Feature", "geometry": {"type": "GeometryCollection", "geometries": [{"type": "LineString", "coordinates": [[-3.93, 48.699], [-3.926, 48.688]]}, {"type": "LineString", "coordinates": [[5.79, 43.083], [5.781, 43.076]]}, {"type": "LineString", "coordinates": [[-1.839, 48.883], [-1.835, 48.874]]}, {"type": "LineString", "coordinates": [[-4.518, 48.304], [-4.507, 48.315]]}, {"type": "LineString", "coordinates": [[-4.186, 47.859], [-4.175, 47.85]]}, {"type": "LineString", "coordinates": [[4.568, 43.388], [4.581, 43.404]]}, {"type": "LineString", "coordinates": [[9.248, 41.349], [9.261, 41.342]]}, {"type": "LineString", "coordinates": [[-4.961, 48.405], [-4.954, 48.396]]}, {"type": "LineString", "coordinates": [[-0.721, 45.279], [-0.712, 45.23]]}, {"type": "LineString", "coordinates": [[5.318, 43.291], [5.291, 43.285], [5.298, 43.273], [5.284, 43.271]]}, {"type": "LineString", "coordinates": [[6.364, 43.013], [6.364, 43.024]]}, {"type": "LineString", "coordinates": [[-4.873, 48.041], [-4.86, 48.043]]}, {"type": "LineString", "coordinates": [[-1.121, 45.962], [-1.105, 45.957]]}, {"type": "LineString", "coordinates": [[-0.705, 45.216], [-0.701, 45.205]]}, {"type": "LineString", "coordinates": [[-0.701, 45.178], [-0.685, 45.173]]}, {"type": "LineString", "coordinates": [[-0.674, 45.137], [-0.678, 45.128]]}, {"type": "LineString", "coordinates": [[-0.674, 45.097], [-0.671, 45.086], [-0.654, 45.07]]}, {"type": "LineString", "coordinates": [[-0.629, 45.048], [-0.615, 45.03]]}, {"type": "LineString", "coordinates": [[7.038, 43.532], [7.056, 43.521]]}, {"type": "LineString", "coordinates": [[-1.177, 46.009], [-1.168, 46.027]]}, {"type": "LineString", "coordinates": [[-2.998, 48.859], [-2.991, 48.868]]}, {"type": "LineString", "coordinates": [[-2.886, 47.332], [-2.872, 47.343], [-2.859, 47.338]]}, {"type": "LineString", "coordinates": [[-3.2, 48.881], [-3.191, 48.868]]}, {"type": "LineString", "coordinates": [[-4.867, 48.347], [-4.851, 48.36]]}, {"type": "LineString", "coordinates": [[9.255, 41.374], [9.268, 41.378]]}, {"type": "LineString", "coordinates": [[-2.955, 47.39], [-2.94, 47.392]]}, {"type": "LineString", "coordinates": [[-2.863, 47.561], [-2.841, 47.585], [-2.827, 47.588]]}, {"type": "LineString", "coordinates": [[-2.841, 47.585], [-2.843, 47.603]]}, {"type": "LineString", "coordinates": [[6.414, 43.02], [6.432, 43.02]]}, {"type": "LineString", "coordinates": [[-4.013, 48.744], [-3.997, 48.749]]}, {"type": "LineString", "coordinates": [[6.495, 43.056], [6.51, 43.053]]}, {"type": "LineString", "coordinates": [[-5.084, 48.454], [-5.111, 48.443]]}, {"type": "LineString", "coordinates": [[-5.055, 48.47], [-5.039, 48.466]]}, {"type": "LineString", "coordinates": [[-1.269, 46.164], [-1.255, 46.166]]}, {"type": "LineString", "coordinates": [[9.547, 42.139], [9.538, 42.146]]}, {"type": "LineString", "coordinates": [[9.522, 42.582], [9.488, 42.611]]}, {"type": "LineString", "coordinates": [[9.475, 42.629], [9.466, 42.636], [9.461, 42.647]]}, {"type": "LineString", "coordinates": [[8.574, 42.218], [8.563, 42.211]]}, {"type": "LineString", "coordinates": [[8.579, 42.157], [8.561, 42.153]]}, {"type": "LineString", "coordinates": [[8.624, 41.91], [8.615, 41.904]]}, {"type": "LineString", "coordinates": [[8.68, 41.76], [8.664, 41.751]]}, {"type": "LineString", "coordinates": [[8.886, 41.524], [8.88, 41.513]]}, {"type": "LineString", "coordinates": [[9.264, 41.472], [9.275, 41.468]]}, {"type": "LineString", "coordinates": [[9.356, 41.603], [9.367, 41.609]]}, {"type": "LineString", "coordinates": [[-4.622, 48.279], [-4.633, 48.286]]}, {"type": "LineString", "coordinates": [[-4.62, 48.266], [-4.626, 48.257]]}, {"type": "LineString", "coordinates": [[-4.557, 48.185], [-4.548, 48.174]]}, {"type": "LineString", "coordinates": [[-4.714, 48.037], [-4.736, 48.046]]}, {"type": "LineString", "coordinates": [[-4.159, 47.848], [-4.166, 47.83]]}, {"type": "LineString", "coordinates": [[-4.06, 47.848], [-4.076, 47.855]]}, {"type": "LineString", "coordinates": [[-3.899, 47.853], [-3.912, 47.85]]}, {"type": "LineString", "coordinates": [[-3.366, 47.725], [-3.375, 47.718]]}, {"type": "LineString", "coordinates": [[-3.283, 47.684], [-3.319, 47.693], [-3.339, 47.691]]}, {"type": "LineString", "coordinates": [[-3.153, 47.718], [-3.16, 47.707]]}, {"type": "LineString", "coordinates": [[-3.133, 47.709], [-3.149, 47.7], [-3.16, 47.691]]}, {"type": "LineString", "coordinates": [[-3.099, 47.471], [-3.083, 47.466]]}, {"type": "LineString", "coordinates": [[-3.03, 47.576], [-3.021, 47.563]]}, {"type": "LineString", "coordinates": [[-2.953, 47.646], [-2.949, 47.637]]}, {"type": "LineString", "coordinates": [[-2.933, 47.603], [-2.94, 47.59]]}, {"type": "LineString", "coordinates": [[-2.89, 47.585], [-2.888, 47.576]]}, {"type": "LineString", "coordinates": [[-2.715, 47.612], [-2.706, 47.603]]}, {"type": "LineString", "coordinates": [[-2.713, 47.623], [-2.697, 47.626]]}, {"type": "LineString", "coordinates": [[-1.298, 46.301], [-1.282, 46.292]]}, {"type": "LineString", "coordinates": [[-1.107, 45.991], [-1.109, 46.0]]}, {"type": "LineString", "coordinates": [[-1.235, 45.69], [-1.222, 45.674]]}, {"type": "LineString", "coordinates": [[4.509, 43.46], [4.543, 43.46]]}, {"type": "LineString", "coordinates": [[4.557, 43.453], [4.593, 43.437], [4.597, 43.417]]}, {"type": "LineString", "coordinates": [[4.613, 43.424], [4.597, 43.417], [4.599, 43.408]]}, {"type": "LineString", "coordinates": [[4.649, 43.359], [4.629, 43.357]]}, {"type": "LineString", "coordinates": [[4.613, 43.359], [4.586, 43.363]]}, {"type": "LineString", "coordinates": [[4.586, 43.377], [4.588, 43.386]]}, {"type": "LineString", "coordinates": [[4.876, 43.363], [4.898, 43.368], [4.905, 43.39]]}, {"type": "LineString", "coordinates": [[4.844, 43.381], [4.84, 43.39]]}, {"type": "LineString", "coordinates": [[6.117, 43.038], [6.104, 43.044]]}, {"type": "LineString", "coordinates": [[7.33, 43.705], [7.326, 43.687]]}, {"type": "LineString", "coordinates": [[8.208, 48.971], [8.233, 48.971]]}, {"type": "LineString", "coordinates": [[4.862, 50.101], [4.869, 50.092]]}, {"type": "LineString", "coordinates": [[1.646, 50.195], [1.639, 50.204]]}, {"type": "LineString", "coordinates": [[-1.28, 49.699], [-1.269, 49.705]]}, {"type": "LineString", "coordinates": [[-1.7, 49.33], [-1.718, 49.333]]}, {"type": "LineString", "coordinates": [[-1.577, 49.02], [-1.581, 49.009]]}, {"type": "LineString", "coordinates": [[-1.514, 48.632], [-1.511, 48.641]]}, {"type": "LineString", "coordinates": [[-2.021, 48.652], [-2.035, 48.657]]}, {"type": "LineString", "coordinates": [[-2.261, 48.639], [-2.255, 48.648]]}, {"type": "LineString", "coordinates": [[-2.955, 48.767], [-2.958, 48.776]]}, {"type": "LineString", "coordinates": [[-3.034, 48.78], [-3.023, 48.787]]}, {"type": "LineString", "coordinates": [[-3.09, 48.872], [-3.079, 48.888]]}, {"type": "LineString", "coordinates": [[-4.06, 48.69], [-4.085, 48.695]]}, {"type": "LineString", "coordinates": [[-4.426, 48.654], [-4.44, 48.659]]}, {"type": "LineString", "coordinates": [[-4.77, 48.371], [-4.79, 48.371]]}, {"type": "LineString", "coordinates": [[-4.262, 48.311], [-4.253, 48.304]]}, {"type": "LineString", "coordinates": [[-4.094, 47.949], [-4.099, 47.94]]}, {"type": "Polygon", "coordinates": [[[-2.998, 48.859], [-3.018, 48.854], [-3.0, 48.843], [-2.998, 48.859]]]}, {"type": "Polygon", "coordinates": [[[-3.573, 48.812], [-3.584, 48.803], [-3.571, 48.8], [-3.573, 48.812]]]}, {"type": "Polygon", "coordinates": [[[-4.036, 48.751], [-4.013, 48.744], [-4.018, 48.755], [-4.036, 48.751]]]}, {"type": "Polygon", "coordinates": [[[-2.203, 48.591], [-2.181, 48.598], [-2.192, 48.607], [-2.203, 48.591]]]}, {"type": "Polygon", "coordinates": [[[-3.339, 47.691], [-3.355, 47.7], [-3.355, 47.686], [-3.339, 47.691]]]}, {"type": "Polygon", "coordinates": [[[-3.508, 47.641], [-3.461, 47.617], [-3.416, 47.623], [-3.508, 47.641]]]}, {"type": "Polygon", "coordinates": [[[-2.726, 47.592], [-2.706, 47.603], [-2.724, 47.603], [-2.726, 47.592]]]}, {"type": "Polygon", "coordinates": [[[-2.987, 47.39], [-2.946, 47.379], [-2.955, 47.39], [-2.987, 47.39]]]}, {"type": "Polygon", "coordinates": [[[-0.701, 45.205], [-0.712, 45.191], [-0.701, 45.178], [-0.701, 45.205]]]}, {"type": "Polygon", "coordinates": [[[-0.654, 45.07], [-0.629, 45.048], [-0.627, 45.068], [-0.654, 45.07]]]}, {"type": "Polygon", "coordinates": [[[-1.186, 44.706], [-1.19, 44.695], [-1.17, 44.693], [-1.186, 44.706]]]}, {"type": "Polygon", "coordinates": [[[-1.251, 44.637], [-1.262, 44.621], [-1.249, 44.619], [-1.251, 44.637]]]}, {"type": "Polygon", "coordinates": [[[4.588, 43.386], [4.606, 43.39], [4.599, 43.408], [4.588, 43.386]]]}, {"type": "Polygon", "coordinates": [[[4.613, 43.379], [4.624, 43.388], [4.606, 43.39], [4.613, 43.379]]]}, {"type": "Polygon", "coordinates": [[[4.572, 43.372], [4.568, 43.388], [4.559, 43.375], [4.572, 43.372]]]}, {"type": "Polygon", "coordinates": [[[4.629, 43.375], [4.613, 43.379], [4.615, 43.368], [4.629, 43.375]]]}, {"type": "Polygon", "coordinates": [[[4.586, 43.363], [4.586, 43.377], [4.572, 43.372], [4.586, 43.363]]]}, {"type": "Polygon", "coordinates": [[[4.629, 43.357], [4.615, 43.368], [4.613, 43.359], [4.629, 43.357]]]}, {"type": "Polygon", "coordinates": [[[6.373, 43.006], [6.403, 43.002], [6.414, 43.02], [6.373, 43.006]]]}, {"type": "Polygon", "coordinates": [[[6.104, 43.044], [6.09, 43.047], [6.093, 43.033], [6.104, 43.044]]]}, {"type": "Polygon", "coordinates": [[[-2.812, 47.581], [-2.78, 47.585], [-2.787, 47.594], [-2.809, 47.592], [-2.812, 47.581]]]}, {"type": "Polygon", "coordinates": [[[6.432, 43.02], [6.472, 43.033], [6.495, 43.056], [6.443, 43.033], [6.432, 43.02]]]}, {"type": "Polygon", "coordinates": [[[-5.143, 48.454], [-5.084, 48.454], [-5.064, 48.452], [-5.055, 48.47], [-5.073, 48.486], [-5.143, 48.454]]]}, {"type": "Polygon", "coordinates": [[[-3.135, 47.54], [-3.155, 47.52], [-3.135, 47.478], [-3.099, 47.471], [-3.122, 47.52], [-3.135, 47.54]]]}, {"type": "Polygon", "coordinates": [[[6.158, 43.006], [6.198, 42.988], [6.248, 43.004], [6.236, 43.026], [6.18, 43.008], [6.158, 43.006]]]}, {"type": "Polygon", "coordinates": [[[-2.374, 46.732], [-2.394, 46.714], [-2.365, 46.694], [-2.324, 46.687], [-2.282, 46.685], [-2.34, 46.721], [-2.374, 46.732]]]}, {"type": "Polygon", "coordinates": [[[-2.302, 47.028], [-2.295, 46.988], [-2.252, 46.959], [-2.199, 46.952], [-2.16, 46.903], [-2.156, 46.948], [-2.208, 46.97], [-2.235, 46.983], [-2.221, 47.013], [-2.302, 47.028]]]}, {"type": "Polygon", "coordinates": [[[-3.243, 47.383], [-3.25, 47.338], [-3.232, 47.327], [-3.232, 47.302], [-3.095, 47.284], [-3.054, 47.311], [-3.135, 47.329], [-3.151, 47.365], [-3.218, 47.365], [-3.216, 47.379], [-3.243, 47.383]]]}, {"type": "Polygon", "coordinates": [[[-1.406, 46.047], [-1.383, 45.95], [-1.26, 45.87], [-1.242, 45.802], [-1.197, 45.829], [-1.206, 45.903], [-1.231, 45.923], [-1.235, 45.977], [-1.267, 45.991], [-1.329, 46.009], [-1.392, 46.042], [-1.406, 46.047]]]}, {"type": "Polygon", "coordinates": [[[-1.505, 46.258], [-1.561, 46.236], [-1.514, 46.2], [-1.413, 46.186], [-1.323, 46.146], [-1.273, 46.155], [-1.269, 46.164], [-1.291, 46.188], [-1.347, 46.206], [-1.419, 46.204], [-1.433, 46.218], [-1.406, 46.229], [-1.455, 46.229], [-1.491, 46.209], [-1.502, 46.231], [-1.475, 46.24], [-1.505, 46.258]]]}, {"type": "Polygon", "coordinates": [[[9.439, 41.991], [9.54, 42.108], [9.547, 42.139], [9.533, 42.135], [9.538, 42.146], [9.542, 42.173], [9.553, 42.166], [9.551, 42.321], [9.538, 42.411], [9.522, 42.582], [9.497, 42.575], [9.477, 42.595], [9.488, 42.611], [9.475, 42.629], [9.475, 42.615], [9.464, 42.624], [9.466, 42.636], [9.448, 42.649], [9.461, 42.647], [9.455, 42.66], [9.486, 42.791], [9.461, 42.991], [9.425, 43.017], [9.34, 42.999], [9.358, 42.928], [9.324, 42.907], [9.336, 42.871], [9.311, 42.84], [9.34, 42.786], [9.322, 42.703], [9.286, 42.69], [9.248, 42.73], [9.169, 42.746], [9.086, 42.719], [9.053, 42.687], [9.046, 42.665], [8.945, 42.645], [8.922, 42.651], [8.853, 42.618], [8.801, 42.609], [8.785, 42.568], [8.727, 42.575], [8.72, 42.591], [8.716, 42.537], [8.662, 42.514], [8.653, 42.483], [8.671, 42.474], [8.657, 42.458], [8.657, 42.427], [8.606, 42.42], [8.599, 42.393], [8.563, 42.38], [8.55, 42.382], [8.556, 42.346], [8.595, 42.359], [8.617, 42.348], [8.621, 42.337], [8.599, 42.328], [8.603, 42.312], [8.675, 42.297], [8.68, 42.272], [8.55, 42.243], [8.574, 42.218], [8.581, 42.184], [8.563, 42.175], [8.588, 42.175], [8.579, 42.157], [8.59, 42.135], [8.664, 42.106], [8.698, 42.115], [8.716, 42.07], [8.74, 42.061], [8.723, 42.038], [8.657, 42.014], [8.664, 41.982], [8.595, 41.966], [8.624, 41.942], [8.624, 41.91], [8.74, 41.924], [8.74, 41.935], [8.797, 41.91], [8.781, 41.879], [8.783, 41.859], [8.749, 41.85], [8.776, 41.836], [8.718, 41.805], [8.731, 41.789], [8.68, 41.76], [8.718, 41.735], [8.783, 41.742], [8.772, 41.722], [8.785, 41.717], [8.824, 41.719], [8.882, 41.699], [8.911, 41.699], [8.871, 41.657], [8.801, 41.643], [8.776, 41.598], [8.799, 41.585], [8.794, 41.564], [8.846, 41.549], [8.844, 41.526], [8.886, 41.524], [8.92, 41.517], [8.918, 41.493], [8.967, 41.493], [9.01, 41.484], [9.021, 41.47], [9.03, 41.477], [9.039, 41.466], [9.057, 41.477], [9.077, 41.479], [9.064, 41.457], [9.095, 41.45], [9.109, 41.445], [9.091, 41.407], [9.169, 41.387], [9.174, 41.376], [9.223, 41.374], [9.255, 41.434], [9.217, 41.412], [9.21, 41.443], [9.264, 41.472], [9.286, 41.502], [9.268, 41.506], [9.282, 41.524], [9.266, 41.529], [9.347, 41.569], [9.356, 41.603], [9.318, 41.614], [9.291, 41.596], [9.286, 41.616], [9.304, 41.636], [9.32, 41.627], [9.336, 41.63], [9.349, 41.627], [9.351, 41.648], [9.381, 41.657], [9.385, 41.67], [9.378, 41.69], [9.405, 41.726], [9.403, 41.901], [9.41, 41.944], [9.403, 41.96], [9.425, 41.982], [9.439, 41.991]], [[9.52, 42.13], [9.529, 42.117], [9.533, 42.135], [9.52, 42.13]]]}, {"type": "Polygon", "coordinates": [[[-4.534, 48.299], [-4.541, 48.288], [-4.561, 48.308], [-4.539, 48.344], [-4.588, 48.324], [-4.572, 48.29], [-4.593, 48.279], [-4.613, 48.29], [-4.622, 48.279], [-4.62, 48.266], [-4.554, 48.259], [-4.568, 48.239], [-4.557, 48.185], [-4.503, 48.221], [-4.5, 48.239], [-4.44, 48.232], [-4.31, 48.198], [-4.303, 48.162], [-4.278, 48.147], [-4.31, 48.093], [-4.381, 48.113], [-4.525, 48.091], [-4.633, 48.075], [-4.718, 48.068], [-4.714, 48.037], [-4.604, 48.019], [-4.57, 48.003], [-4.543, 48.017], [-4.413, 47.951], [-4.343, 47.837], [-4.377, 47.814], [-4.352, 47.79], [-4.204, 47.794], [-4.173, 47.803], [-4.166, 47.83], [-4.195, 47.85], [-4.186, 47.859], [-4.175, 47.875], [-4.159, 47.848], [-4.107, 47.868], [-4.076, 47.855], [-4.072, 47.866], [-4.06, 47.848], [-3.973, 47.85], [-3.982, 47.886], [-3.968, 47.891], [-3.946, 47.897], [-3.912, 47.864], [-3.899, 47.853], [-3.878, 47.855], [-3.896, 47.835], [-3.842, 47.79], [-3.75, 47.787], [-3.732, 47.799], [-3.714, 47.808], [-3.708, 47.787], [-3.537, 47.758], [-3.524, 47.765], [-3.443, 47.693], [-3.366, 47.711], [-3.375, 47.718], [-3.387, 47.725], [-3.366, 47.725], [-3.351, 47.736], [-3.299, 47.758], [-3.319, 47.729], [-3.348, 47.718], [-3.355, 47.7], [-3.319, 47.693], [-3.292, 47.695], [-3.283, 47.684], [-3.216, 47.641], [-3.151, 47.588], [-3.135, 47.54], [-3.122, 47.588], [-3.097, 47.579], [-3.104, 47.565], [-3.056, 47.563], [-3.05, 47.581], [-3.03, 47.576], [-3.014, 47.585], [-3.0, 47.563], [-2.987, 47.567], [-2.944, 47.552], [-2.931, 47.558], [-2.955, 47.579], [-2.955, 47.617], [-2.933, 47.603], [-2.906, 47.583], [-2.89, 47.585], [-2.852, 47.615], [-2.787, 47.619], [-2.794, 47.63], [-2.76, 47.635], [-2.735, 47.621], [-2.742, 47.612], [-2.769, 47.612], [-2.724, 47.603], [-2.715, 47.612], [-2.713, 47.623], [-2.708, 47.637], [-2.697, 47.626], [-2.659, 47.617], [-2.666, 47.606], [-2.684, 47.608], [-2.702, 47.583], [-2.729, 47.565], [-2.731, 47.543], [-2.762, 47.534], [-2.794, 47.549], [-2.816, 47.554], [-2.818, 47.545], [-2.85, 47.54], [-2.89, 47.558], [-2.91, 47.54], [-2.859, 47.518], [-2.818, 47.491], [-2.791, 47.484], [-2.699, 47.5], [-2.679, 47.491], [-2.661, 47.52], [-2.639, 47.516], [-2.625, 47.502], [-2.569, 47.511], [-2.511, 47.522], [-2.477, 47.513], [-2.495, 47.48], [-2.491, 47.446], [-2.448, 47.439], [-2.443, 47.424], [-2.432, 47.415], [-2.486, 47.412], [-2.549, 47.37], [-2.502, 47.334], [-2.477, 47.291], [-2.535, 47.3], [-2.54, 47.287], [-2.412, 47.26], [-2.407, 47.28], [-2.333, 47.255], [-2.273, 47.237], [-2.174, 47.296], [-2.109, 47.309], [-2.01, 47.307], [-2.019, 47.289], [-2.16, 47.266], [-2.185, 47.233], [-2.156, 47.204], [-2.176, 47.159], [-2.232, 47.147], [-2.239, 47.129], [-2.057, 47.098], [-1.985, 47.033], [-2.039, 46.986], [-2.05, 46.941], [-2.12, 46.903], [-2.122, 46.891], [-2.14, 46.887], [-2.138, 46.817], [-1.985, 46.718], [-1.967, 46.692], [-1.931, 46.68], [-1.853, 46.584], [-1.812, 46.494], [-1.792, 46.492], [-1.66, 46.433], [-1.644, 46.435], [-1.651, 46.422], [-1.509, 46.395], [-1.455, 46.343], [-1.352, 46.341], [-1.298, 46.301], [-1.282, 46.312], [-1.208, 46.269], [-1.192, 46.305], [-1.134, 46.305], [-1.114, 46.29], [-1.168, 46.227], [-1.206, 46.209], [-1.237, 46.164], [-1.208, 46.148], [-1.163, 46.148], [-1.172, 46.137], [-1.127, 46.119], [-1.141, 46.108], [-1.1, 46.087], [-1.053, 46.009], [-1.056, 45.998], [-1.107, 45.991], [-1.058, 45.955], [-1.091, 45.941], [-1.073, 45.908], [-1.121, 45.858], [-1.161, 45.854], [-1.136, 45.804], [-1.143, 45.795], [-1.233, 45.784], [-1.235, 45.69], [-1.192, 45.688], [-1.051, 45.623], [-1.015, 45.616], [-0.961, 45.555], [-0.943, 45.548], [-0.932, 45.555], [-0.892, 45.524], [-0.815, 45.479], [-0.721, 45.34], [-0.669, 45.167], [-0.676, 45.149], [-0.685, 45.173], [-0.687, 45.144], [-0.674, 45.137], [-0.627, 45.068], [-0.559, 45.036], [-0.579, 45.032], [-0.597, 45.032], [-0.615, 45.03], [-0.678, 45.077], [-0.671, 45.086], [-0.698, 45.108], [-0.797, 45.342], [-0.999, 45.472], [-1.067, 45.517], [-1.047, 45.542], [-1.06, 45.569], [-1.152, 45.49], [-1.179, 45.164], [-1.26, 44.666], [-1.251, 44.637], [-1.204, 44.72], [-1.161, 44.774], [-1.051, 44.697], [-1.067, 44.695], [-1.02, 44.661], [-1.038, 44.65], [-1.051, 44.655], [-1.114, 44.65], [-1.114, 44.621], [-1.127, 44.65], [-1.143, 44.65], [-1.19, 44.666], [-1.258, 44.513], [-1.321, 44.129], [-1.442, 43.698], [-1.44, 43.664], [-1.431, 43.68], [-1.431, 43.653], [-1.451, 43.644], [-1.511, 43.529], [-1.572, 43.482], [-1.635, 43.415], [-1.662, 43.39], [-1.749, 43.386], [-1.781, 43.377], [-1.781, 43.35], [-1.738, 43.339], [-1.734, 43.307], [-1.63, 43.307], [-1.608, 43.256], [-1.559, 43.273], [-1.552, 43.287], [-1.507, 43.291], [-1.457, 43.267], [-1.404, 43.267], [-1.388, 43.211], [-1.428, 43.123], [-1.473, 43.094], [-1.419, 43.047], [-1.356, 43.035], [-1.321, 43.114], [-1.285, 43.119], [-1.303, 43.076], [-1.237, 43.053], [-1.215, 43.058], [-1.134, 43.011], [-1.118, 43.026], [-1.035, 42.995], [-0.914, 42.959], [-0.757, 42.966], [-0.701, 42.889], [-0.651, 42.867], [-0.604, 42.818], [-0.579, 42.815], [-0.555, 42.793], [-0.521, 42.818], [-0.499, 42.829], [-0.436, 42.804], [-0.292, 42.847], [-0.234, 42.829], [-0.184, 42.795], [-0.141, 42.802], [-0.09, 42.73], [-0.02, 42.694], [0.085, 42.712], [0.126, 42.705], [0.2, 42.734], [0.269, 42.701], [0.29, 42.676], [0.371, 42.723], [0.418, 42.696], [0.647, 42.694], [0.678, 42.687], [0.651, 42.784], [0.689, 42.865], [0.943, 42.795], [0.961, 42.806], [1.011, 42.786], [1.096, 42.777], [1.161, 42.712], [1.276, 42.721], [1.347, 42.721], [1.44, 42.606], [1.462, 42.613], [1.482, 42.654], [1.572, 42.649], [1.669, 42.629], [1.702, 42.629], [1.731, 42.62], [1.731, 42.597], [1.781, 42.571], [1.734, 42.557], [1.731, 42.499], [1.833, 42.485], [1.893, 42.452], [1.934, 42.449], [1.965, 42.382], [2.048, 42.359], [2.111, 42.386], [2.151, 42.427], [2.219, 42.422], [2.293, 42.431], [2.416, 42.395], [2.502, 42.346], [2.605, 42.353], [2.672, 42.344], [2.659, 42.389], [2.704, 42.418], [2.805, 42.42], [2.866, 42.465], [3.032, 42.485], [3.086, 42.436], [3.169, 42.445], [3.146, 42.485], [3.124, 42.501], [3.133, 42.523], [3.041, 42.557], [3.036, 42.73], [3.032, 42.741], [3.059, 42.923], [3.021, 42.95], [3.034, 42.952], [3.113, 43.125], [3.333, 43.282], [3.409, 43.298], [3.51, 43.285], [3.654, 43.397], [3.701, 43.404], [3.822, 43.473], [3.982, 43.554], [4.11, 43.561], [4.139, 43.527], [4.119, 43.512], [4.179, 43.473], [4.442, 43.46], [4.492, 43.469], [4.509, 43.46], [4.507, 43.469], [4.539, 43.469], [4.543, 43.46], [4.557, 43.453], [4.577, 43.458], [4.615, 43.433], [4.613, 43.424], [4.651, 43.413], [4.635, 43.41], [4.624, 43.399], [4.646, 43.381], [4.629, 43.375], [4.658, 43.372], [4.649, 43.359], [4.801, 43.35], [4.828, 43.336], [4.835, 43.352], [4.855, 43.345], [4.876, 43.363], [4.844, 43.381], [4.828, 43.386], [4.84, 43.39], [4.864, 43.422], [4.947, 43.437], [4.97, 43.426], [4.997, 43.384], [5.026, 43.339], [5.242, 43.339], [5.309, 43.368], [5.34, 43.348], [5.361, 43.305], [5.345, 43.287], [5.37, 43.258], [5.338, 43.224], [5.518, 43.211], [5.545, 43.213], [5.59, 43.17], [5.653, 43.188], [5.691, 43.179], [5.688, 43.152], [5.767, 43.143], [5.765, 43.123], [5.808, 43.116], [5.79, 43.083], [5.848, 43.056], [5.897, 43.08], [5.949, 43.076], [5.911, 43.092], [5.882, 43.11], [5.92, 43.127], [5.927, 43.11], [6.001, 43.107], [6.012, 43.087], [6.122, 43.08], [6.117, 43.038], [6.167, 43.035], [6.144, 43.067], [6.187, 43.116], [6.281, 43.121], [6.362, 43.089], [6.367, 43.139], [6.475, 43.159], [6.535, 43.179], [6.582, 43.193], [6.616, 43.17], [6.634, 43.177], [6.683, 43.208], [6.663, 43.231], [6.699, 43.273], [6.67, 43.278], [6.585, 43.28], [6.652, 43.316], [6.674, 43.321], [6.681, 43.345], [6.719, 43.363], [6.731, 43.415], [6.766, 43.428], [6.809, 43.419], [6.852, 43.415], [6.861, 43.431], [6.919, 43.458], [6.944, 43.514], [6.951, 43.538], [7.016, 43.552], [7.031, 43.543], [7.083, 43.574], [7.115, 43.57], [7.117, 43.552], [7.137, 43.561], [7.133, 43.635], [7.177, 43.662], [7.216, 43.669], [7.252, 43.705], [7.292, 43.696], [7.312, 43.711], [7.33, 43.705], [7.355, 43.732], [7.404, 43.727], [7.395, 43.745], [7.436, 43.77], [7.483, 43.761], [7.521, 43.79], [7.49, 43.88], [7.557, 43.916], [7.573, 43.958], [7.64, 43.983], [7.663, 44.037], [7.703, 44.062], [7.705, 44.1], [7.667, 44.136], [7.678, 44.181], [7.627, 44.179], [7.6, 44.161], [7.508, 44.152], [7.44, 44.131], [7.429, 44.122], [7.373, 44.125], [7.35, 44.134], [7.332, 44.149], [7.263, 44.154], [7.225, 44.174], [7.162, 44.208], [7.054, 44.232], [7.002, 44.239], [6.978, 44.291], [6.885, 44.372], [6.894, 44.426], [6.937, 44.432], [6.852, 44.524], [6.868, 44.547], [6.93, 44.596], [6.955, 44.641], [6.937, 44.657], [6.998, 44.695], [7.058, 44.693], [7.052, 44.722], [7.02, 44.751], [7.002, 44.803], [7.005, 44.839], [6.933, 44.87], [6.912, 44.857], [6.859, 44.857], [6.748, 44.913], [6.731, 45.027], [6.665, 45.032], [6.616, 45.115], [6.704, 45.149], [6.74, 45.146], [6.751, 45.16], [6.852, 45.137], [6.874, 45.144], [6.888, 45.171], [6.944, 45.191], [6.998, 45.225], [7.07, 45.225], [7.128, 45.265], [7.11, 45.331], [7.18, 45.402], [7.148, 45.429], [7.09, 45.477], [7.047, 45.49], [7.047, 45.501], [7.007, 45.51], [6.978, 45.557], [6.973, 45.634], [6.998, 45.647], [6.906, 45.658], [6.888, 45.683], [6.836, 45.697], [6.791, 45.771], [6.814, 45.834], [6.863, 45.829], [7.009, 45.894], [7.043, 45.955], [7.005, 45.975], [7.018, 45.986], [6.926, 46.083], [6.874, 46.06], [6.885, 46.135], [6.78, 46.148], [6.829, 46.254], [6.852, 46.294], [6.764, 46.366], [6.809, 46.379], [6.807, 46.431], [6.627, 46.46], [6.488, 46.453], [6.376, 46.415], [6.302, 46.397], [6.207, 46.319], [6.239, 46.292], [6.248, 46.26], [6.284, 46.269], [6.29, 46.242], [6.131, 46.159], [6.037, 46.153], [5.969, 46.153], [5.98, 46.193], [5.958, 46.204], [6.019, 46.24], [6.108, 46.265], [6.102, 46.296], [6.147, 46.37], [6.068, 46.415], [6.073, 46.474], [6.142, 46.534], [6.104, 46.579], [6.266, 46.689], [6.45, 46.786], [6.423, 46.815], [6.461, 46.894], [6.427, 46.925], [6.495, 46.974], [6.634, 47.013], [6.69, 47.046], [6.679, 47.069], [6.744, 47.1], [6.753, 47.12], [6.854, 47.172], [6.841, 47.177], [6.953, 47.251], [6.944, 47.296], [7.0, 47.305], [7.054, 47.345], [7.025, 47.376], [6.874, 47.358], [6.937, 47.439], [6.996, 47.462], [6.982, 47.5], [7.092, 47.495], [7.142, 47.502], [7.191, 47.489], [7.186, 47.444], [7.245, 47.426], [7.355, 47.439], [7.413, 47.451], [7.447, 47.473], [7.424, 47.493], [7.458, 47.493], [7.499, 47.491], [7.505, 47.516], [7.501, 47.54], [7.566, 47.585], [7.582, 47.583], [7.535, 47.655], [7.519, 47.713], [7.543, 47.747], [7.528, 47.781], [7.564, 47.855], [7.57, 47.893], [7.62, 47.983], [7.568, 48.039], [7.582, 48.122], [7.669, 48.221], [7.701, 48.306], [7.748, 48.329], [7.743, 48.412], [7.777, 48.493], [7.806, 48.522], [7.808, 48.598], [7.84, 48.639], [7.968, 48.735], [7.977, 48.762], [8.024, 48.769], [8.042, 48.794], [8.089, 48.805], [8.208, 48.971], [8.067, 49.007], [7.952, 49.047], [7.93, 49.052], [7.867, 49.036], [7.797, 49.068], [7.761, 49.047], [7.701, 49.059], [7.669, 49.05], [7.593, 49.083], [7.535, 49.101], [7.496, 49.144], [7.51, 49.153], [7.492, 49.164], [7.44, 49.166], [7.449, 49.182], [7.371, 49.162], [7.359, 49.142], [7.321, 49.139], [7.301, 49.117], [7.222, 49.126], [7.202, 49.117], [7.191, 49.13], [7.155, 49.124], [7.11, 49.144], [7.094, 49.155], [7.058, 49.115], [7.036, 49.196], [7.0, 49.193], [6.928, 49.22], [6.852, 49.22], [6.852, 49.173], [6.825, 49.157], [6.724, 49.178], [6.722, 49.22], [6.704, 49.213], [6.686, 49.254], [6.668, 49.254], [6.668, 49.281], [6.591, 49.319], [6.58, 49.357], [6.591, 49.35], [6.589, 49.382], [6.544, 49.407], [6.551, 49.427], [6.414, 49.47], [6.338, 49.465], [6.248, 49.51], [6.158, 49.499], [6.156, 49.49], [6.14, 49.492], [6.106, 49.465], [6.055, 49.461], [6.046, 49.447], [5.983, 49.461], [5.96, 49.492], [5.859, 49.503], [5.832, 49.544], [5.774, 49.564], [5.745, 49.539], [5.635, 49.544], [5.61, 49.508], [5.572, 49.53], [5.48, 49.503], [5.477, 49.494], [5.453, 49.521], [5.468, 49.537], [5.446, 49.55], [5.457, 49.566], [5.354, 49.631], [5.325, 49.618], [5.309, 49.631], [5.322, 49.645], [5.307, 49.674], [5.271, 49.694], [5.163, 49.696], [5.159, 49.719], [5.127, 49.714], [5.089, 49.764], [5.01, 49.782], [4.979, 49.804], [4.894, 49.788], [4.86, 49.802], [4.869, 49.833], [4.86, 49.865], [4.88, 49.919], [4.831, 49.952], [4.79, 49.964], [4.84, 50.049], [4.826, 50.069], [4.842, 50.094], [4.862, 50.101], [4.896, 50.139], [4.817, 50.166], [4.685, 50.071], [4.703, 50.056], [4.669, 50.0], [4.536, 49.97], [4.458, 49.941], [4.285, 49.968], [4.2, 49.957], [4.17, 49.979], [4.155, 49.977], [4.155, 50.006], [4.15, 50.04], [4.231, 50.078], [4.202, 50.123], [4.179, 50.136], [4.137, 50.13], [4.157, 50.217], [4.211, 50.247], [4.2, 50.276], [4.157, 50.285], [4.161, 50.26], [4.128, 50.273], [4.103, 50.312], [4.02, 50.354], [3.908, 50.33], [3.858, 50.348], [3.757, 50.35], [3.73, 50.316], [3.694, 50.312], [3.663, 50.377], [3.661, 50.453], [3.602, 50.494], [3.497, 50.485], [3.51, 50.521], [3.47, 50.53], [3.452, 50.505], [3.375, 50.489], [3.279, 50.534], [3.272, 50.61], [3.243, 50.669], [3.261, 50.684], [3.193, 50.738], [3.14, 50.79], [2.94, 50.743], [2.913, 50.702], [2.868, 50.709], [2.854, 50.723], [2.796, 50.727], [2.706, 50.817], [2.634, 50.821], [2.614, 50.851], [2.596, 50.916], [2.623, 50.965], [2.574, 51.024], [2.547, 51.093], [2.385, 51.048], [2.34, 51.055], [1.779, 50.958], [1.678, 50.902], [1.579, 50.862], [1.606, 50.772], [1.594, 50.741], [1.601, 50.732], [1.572, 50.725], [1.59, 50.559], [1.617, 50.538], [1.583, 50.525], [1.561, 50.397], [1.612, 50.37], [1.556, 50.354], [1.552, 50.273], [1.59, 50.262], [1.588, 50.251], [1.633, 50.217], [1.639, 50.204], [1.655, 50.204], [1.646, 50.195], [1.581, 50.208], [1.574, 50.224], [1.507, 50.202], [1.444, 50.103], [1.208, 49.977], [1.029, 49.921], [0.912, 49.907], [0.723, 49.874], [0.555, 49.847], [0.29, 49.741], [0.166, 49.69], [0.07, 49.517], [0.103, 49.485], [0.092, 49.476], [0.119, 49.463], [0.144, 49.47], [0.164, 49.454], [0.173, 49.467], [0.33, 49.447], [0.384, 49.449], [0.292, 49.429], [0.13, 49.404], [-0.0, 49.326], [-0.22, 49.283], [-0.24, 49.276], [-0.406, 49.337], [-0.842, 49.364], [-0.957, 49.398], [-1.096, 49.389], [-1.127, 49.341], [-1.157, 49.353], [-1.145, 49.362], [-1.181, 49.359], [-1.181, 49.422], [-1.312, 49.553], [-1.294, 49.593], [-1.271, 49.589], [-1.258, 49.618], [-1.235, 49.613], [-1.28, 49.699], [-1.422, 49.712], [-1.46, 49.699], [-1.473, 49.705], [-1.511, 49.667], [-1.619, 49.649], [-1.653, 49.663], [-1.716, 49.685], [-1.83, 49.705], [-1.868, 49.719], [-1.882, 49.712], [-1.94, 49.735], [-1.936, 49.678], [-1.859, 49.654], [-1.844, 49.577], [-1.886, 49.53], [-1.846, 49.501], [-1.808, 49.377], [-1.785, 49.382], [-1.77, 49.38], [-1.718, 49.333], [-1.709, 49.341], [-1.687, 49.335], [-1.7, 49.33], [-1.671, 49.285], [-1.646, 49.231], [-1.624, 49.218], [-1.612, 49.24], [-1.579, 49.229], [-1.608, 49.225], [-1.597, 49.151], [-1.583, 49.146], [-1.586, 49.13], [-1.61, 49.108], [-1.59, 49.074], [-1.606, 49.065], [-1.577, 49.02], [-1.561, 49.036], [-1.563, 48.944], [-1.559, 48.928], [-1.554, 48.919], [-1.615, 48.838], [-1.577, 48.825], [-1.572, 48.751], [-1.518, 48.717], [-1.5, 48.688], [-1.455, 48.677], [-1.446, 48.659], [-1.41, 48.675], [-1.372, 48.645], [-1.453, 48.641], [-1.514, 48.632], [-1.594, 48.643], [-1.705, 48.612], [-1.848, 48.621], [-1.875, 48.654], [-1.842, 48.683], [-1.846, 48.715], [-1.927, 48.695], [-1.936, 48.706], [-1.945, 48.697], [-1.958, 48.692], [-1.994, 48.688], [-1.996, 48.668], [-2.021, 48.652], [-2.037, 48.641], [-2.021, 48.627], [-2.062, 48.63], [-2.066, 48.643], [-2.158, 48.636], [-2.145, 48.618], [-2.181, 48.598], [-2.172, 48.582], [-2.203, 48.591], [-2.214, 48.58], [-2.255, 48.618], [-2.261, 48.639], [-2.304, 48.63], [-2.32, 48.614], [-2.349, 48.621], [-2.295, 48.67], [-2.329, 48.69], [-2.421, 48.639], [-2.448, 48.657], [-2.497, 48.645], [-2.482, 48.627], [-2.562, 48.594], [-2.643, 48.529], [-2.69, 48.535], [-2.693, 48.497], [-2.735, 48.533], [-2.731, 48.553], [-2.827, 48.596], [-2.854, 48.67], [-2.893, 48.681], [-2.908, 48.701], [-2.951, 48.724], [-2.94, 48.76], [-2.955, 48.767], [-3.034, 48.78], [-3.047, 48.789], [-3.012, 48.807], [-3.025, 48.827], [-3.09, 48.827], [-3.104, 48.838], [-3.095, 48.861], [-3.09, 48.872], [-3.104, 48.874], [-3.211, 48.843], [-3.22, 48.868], [-3.254, 48.856], [-3.272, 48.838], [-3.328, 48.841], [-3.4, 48.805], [-3.445, 48.809], [-3.443, 48.823], [-3.479, 48.832], [-3.528, 48.834], [-3.544, 48.823], [-3.539, 48.809], [-3.571, 48.8], [-3.582, 48.769], [-3.539, 48.733], [-3.584, 48.726], [-3.573, 48.69], [-3.602, 48.672], [-3.643, 48.683], [-3.656, 48.697], [-3.717, 48.699], [-3.766, 48.713], [-3.82, 48.717], [-3.829, 48.706], [-3.84, 48.715], [-3.854, 48.677], [-3.872, 48.677], [-3.865, 48.668], [-3.854, 48.639], [-3.863, 48.625], [-3.912, 48.663], [-3.901, 48.672], [-3.93, 48.679], [-3.953, 48.663], [-3.979, 48.699], [-3.977, 48.731], [-4.063, 48.704], [-4.06, 48.69], [-4.072, 48.681], [-4.085, 48.695], [-4.193, 48.688], [-4.222, 48.652], [-4.301, 48.643], [-4.314, 48.636], [-4.321, 48.65], [-4.305, 48.668], [-4.366, 48.675], [-4.426, 48.654], [-4.424, 48.645], [-4.518, 48.627], [-4.552, 48.641], [-4.559, 48.63], [-4.575, 48.614], [-4.554, 48.6], [-4.599, 48.603], [-4.611, 48.609], [-4.615, 48.578], [-4.696, 48.573], [-4.716, 48.558], [-4.754, 48.547], [-4.777, 48.486], [-4.754, 48.47], [-4.788, 48.439], [-4.786, 48.41], [-4.77, 48.371], [-4.781, 48.358], [-4.759, 48.331], [-4.712, 48.338], [-4.68, 48.358], [-4.622, 48.34], [-4.469, 48.389], [-4.408, 48.394], [-4.449, 48.353], [-4.438, 48.347], [-4.453, 48.329], [-4.422, 48.331], [-4.377, 48.338], [-4.358, 48.357], [-4.361, 48.344], [-4.334, 48.353], [-4.323, 48.347], [-4.307, 48.351], [-4.287, 48.358], [-4.341, 48.322], [-4.292, 48.322], [-4.262, 48.311], [-4.233, 48.317], [-4.253, 48.304], [-4.211, 48.297], [-4.283, 48.284], [-4.271, 48.295], [-4.355, 48.29], [-4.424, 48.282], [-4.424, 48.295], [-4.516, 48.293], [-4.518, 48.304], [-4.534, 48.299]], [[-4.137, 47.895], [-4.146, 47.886], [-4.121, 47.884], [-4.137, 47.895]], [[-4.103, 47.882], [-4.121, 47.884], [-4.107, 47.868], [-4.103, 47.882]], [[-3.288, 47.783], [-3.297, 47.767], [-3.279, 47.769], [-3.288, 47.783]], [[-3.2, 47.673], [-3.214, 47.666], [-3.202, 47.659], [-3.2, 47.673]], [[-3.191, 47.65], [-3.202, 47.659], [-3.205, 47.65], [-3.191, 47.65]], [[-2.937, 47.621], [-2.96, 47.628], [-2.955, 47.617], [-2.937, 47.621]], [[4.828, 43.386], [4.81, 43.386], [4.833, 43.363], [4.828, 43.386]], [[3.005, 42.966], [3.005, 42.95], [3.021, 42.95], [3.005, 42.966]], [[-4.375, 48.398], [-4.366, 48.412], [-4.381, 48.407], [-4.397, 48.401], [-4.375, 48.398]], [[-2.614, 47.518], [-2.614, 47.531], [-2.628, 47.522], [-2.639, 47.516], [-2.614, 47.518]], [[2.001, 42.458], [1.976, 42.499], [1.949, 42.461], [2.003, 42.449], [2.001, 42.458]], [[-4.087, 47.933], [-4.076, 47.947], [-4.094, 47.949], [-4.105, 47.963], [-4.099, 47.94], [-4.087, 47.933]], [[-2.949, 47.637], [-2.926, 47.644], [-2.953, 47.646], [-2.969, 47.653], [-2.96, 47.628], [-2.949, 47.637]], [[-3.187, 47.673], [-3.137, 47.693], [-3.149, 47.7], [-3.126, 47.7], [-3.133, 47.709], [-3.126, 47.722], [-3.153, 47.718], [-3.146, 47.729], [-3.184, 47.74], [-3.173, 47.707], [-3.182, 47.698], [-3.2, 47.693], [-3.189, 47.686], [-3.209, 47.686], [-3.2, 47.673], [-3.187, 47.673]]]}]}, "id": "000000000000000000c1", "properties": {"name": "France"}}, {"type": "Feature", "geometry": {"type": "GeometryCollection", "geometries": [{"type": "LineString", "coordinates": [[8.608, 47.644], [8.606, 47.653]]}, {"type": "Polygon", "coordinates": [[[9.479, 47.058], [9.524, 47.1], [9.493, 47.192], [9.567, 47.309], [9.625, 47.374], [9.668, 47.381], [9.65, 47.46], [9.594, 47.475], [9.531, 47.547], [9.253, 47.662], [9.181, 47.664], [9.01, 47.684], [8.891, 47.657], [8.86, 47.698], [8.877, 47.704], [8.808, 47.734], [8.774, 47.716], [8.801, 47.693], [8.788, 47.68], [8.734, 47.7], [8.729, 47.747], [8.734, 47.758], [8.684, 47.758], [8.68, 47.785], [8.646, 47.794], [8.642, 47.763], [8.612, 47.803], [8.57, 47.805], [8.559, 47.783], [8.507, 47.774], [8.422, 47.709], [8.413, 47.675], [8.473, 47.655], [8.48, 47.639], [8.507, 47.65], [8.532, 47.653], [8.547, 47.668], [8.61, 47.666], [8.624, 47.646], [8.608, 47.644], [8.597, 47.606], [8.57, 47.606], [8.547, 47.628], [8.532, 47.635], [8.462, 47.597], [8.489, 47.59], [8.413, 47.579], [8.33, 47.579], [8.296, 47.612], [8.21, 47.626], [8.103, 47.576], [8.091, 47.563], [8.053, 47.561], [7.928, 47.552], [7.905, 47.588], [7.817, 47.585], [7.775, 47.556], [7.669, 47.54], [7.638, 47.561], [7.669, 47.59], [7.66, 47.612], [7.584, 47.583], [7.537, 47.574], [7.496, 47.522], [7.512, 47.507], [7.483, 47.484], [7.431, 47.502], [7.429, 47.484], [7.447, 47.473], [7.368, 47.437], [7.274, 47.435], [7.245, 47.426], [7.177, 47.455], [7.191, 47.489], [7.126, 47.507], [7.043, 47.5], [6.982, 47.5], [6.996, 47.462], [6.937, 47.439], [6.874, 47.358], [7.025, 47.376], [7.054, 47.345], [6.984, 47.3], [6.944, 47.296], [6.944, 47.244], [6.841, 47.177], [6.854, 47.172], [6.737, 47.111], [6.744, 47.1], [6.679, 47.069], [6.69, 47.046], [6.634, 47.013], [6.479, 46.972], [6.427, 46.925], [6.461, 46.894], [6.427, 46.804], [6.45, 46.786], [6.205, 46.647], [6.104, 46.579], [6.142, 46.534], [6.068, 46.465], [6.068, 46.415], [6.151, 46.361], [6.097, 46.281], [6.106, 46.256], [5.971, 46.22], [5.965, 46.195], [5.978, 46.182], [5.969, 46.153], [6.037, 46.153], [6.14, 46.166], [6.29, 46.242], [6.284, 46.269], [6.248, 46.26], [6.207, 46.319], [6.302, 46.397], [6.47, 46.444], [6.517, 46.462], [6.717, 46.451], [6.807, 46.431], [6.798, 46.368], [6.762, 46.357], [6.852, 46.294], [6.8, 46.211], [6.798, 46.182], [6.78, 46.148], [6.892, 46.126], [6.874, 46.06], [6.926, 46.083], [7.018, 45.986], [7.013, 45.968], [7.043, 45.955], [7.049, 45.93], [7.083, 45.892], [7.117, 45.865], [7.146, 45.885], [7.202, 45.87], [7.222, 45.897], [7.278, 45.914], [7.301, 45.926], [7.386, 45.914], [7.467, 45.946], [7.51, 45.973], [7.539, 45.984], [7.546, 45.998], [7.624, 45.982], [7.665, 45.982], [7.723, 45.937], [7.764, 45.948], [7.8, 45.928], [7.867, 45.946], [7.894, 46.0], [7.995, 46.011], [8.031, 46.06], [8.031, 46.094], [8.112, 46.121], [8.148, 46.148], [8.161, 46.186], [8.114, 46.251], [8.091, 46.272], [8.139, 46.31], [8.199, 46.307], [8.267, 46.366], [8.321, 46.393], [8.289, 46.413], [8.406, 46.462], [8.449, 46.46], [8.466, 46.361], [8.435, 46.305], [8.473, 46.245], [8.541, 46.215], [8.63, 46.128], [8.723, 46.11], [8.794, 46.101], [8.808, 46.112], [8.853, 46.063], [8.833, 46.049], [8.792, 46.004], [8.893, 45.962], [8.938, 45.874], [8.913, 45.843], [8.992, 45.843], [9.017, 45.827], [9.082, 45.91], [9.017, 45.939], [9.003, 45.993], [9.019, 46.018], [9.023, 46.056], [9.08, 46.083], [9.08, 46.128], [9.19, 46.182], [9.291, 46.341], [9.27, 46.418], [9.25, 46.444], [9.273, 46.456], [9.295, 46.503], [9.369, 46.503], [9.396, 46.469], [9.421, 46.48], [9.461, 46.503], [9.459, 46.413], [9.482, 46.368], [9.569, 46.303], [9.659, 46.296], [9.715, 46.303], [9.742, 46.355], [9.787, 46.343], [9.915, 46.377], [9.955, 46.382], [9.989, 46.355], [10.0, 46.29], [10.052, 46.26], [10.043, 46.233], [10.133, 46.231], [10.169, 46.269], [10.106, 46.343], [10.16, 46.4], [10.131, 46.433], [10.061, 46.429], [10.043, 46.494], [10.074, 46.557], [10.113, 46.604], [10.202, 46.622], [10.234, 46.635], [10.243, 46.597], [10.254, 46.575], [10.326, 46.55], [10.418, 46.552], [10.463, 46.548], [10.481, 46.622], [10.423, 46.64], [10.393, 46.647], [10.387, 46.694], [10.418, 46.716], [10.409, 46.741], [10.443, 46.754], [10.425, 46.788], [10.467, 46.871], [10.492, 46.939], [10.432, 46.963], [10.389, 47.001], [10.339, 46.986], [10.29, 46.923], [10.247, 46.927], [10.232, 46.878], [10.104, 46.846], [9.982, 46.909], [9.879, 46.939], [9.877, 47.017], [9.863, 47.026], [9.832, 47.015], [9.74, 47.046], [9.598, 47.062], [9.479, 47.058]], [[8.72, 47.693], [8.711, 47.711], [8.673, 47.713], [8.669, 47.689], [8.72, 47.693]]]}]}, "id": "000000000000000000c3", "properties": {"name": "Switzerland"}}]}