OMP_NUM_THREADS is already defined
    Configfile       : dimr_config.xml
    D3D_HOME         : /home/ciceromartinsjr/Scaricati/delft3dfm/lnx64/bin/..
    PROC_DEF_DIR     : /home/ciceromartinsjr/Scaricati/delft3dfm/lnx64/bin/../share/delft3d
    Working directory: /home/ciceromartinsjr/StagnoneDT/model/dflowfm_v04AE_d10d12
    Number of nodes  : 1
    Number of slots  : 8
    OMP_NUM_THREADS  : 8
    mpiexec è /opt/intel/oneapi/mpi/2021.10.0//bin/mpiexec
    FI_PROVIDER      : 
    I_MPI_FABRICS    : 

Contents of machinefile:
 
----------------------------------------------------------------------
executing:
 mpiexec -np 8 /home/ciceromartinsjr/Scaricati/delft3dfm/lnx64/bin/../bin/dimr dimr_config.xml 
#3: Running parallel with 8 partitions
Dimr [2026-05-18 17:46:12.320437] #3 >> Deltares, DIMR_EXE Version 2.00.057d2f7ceeafda462a1b4e598efa4ce4f0c97cc5, Oct  2 2025, 17:47:01
#4: Running parallel with 8 partitions
Dimr [2026-05-18 17:46:12.320452] #4 >> Deltares, DIMR_EXE Version 2.00.057d2f7ceeafda462a1b4e598efa4ce4f0c97cc5, Oct  2 2025, 17:47:01
#7: Running parallel with 8 partitions
Dimr [2026-05-18 17:46:12.320453] #7 >> Deltares, DIMR_EXE Version 2.00.057d2f7ceeafda462a1b4e598efa4ce4f0c97cc5, Oct  2 2025, 17:47:01
Dimr [2026-05-18 17:46:12.320639] #3 >> Deltares, DIMR_LIB Version 1.02.057d2f7ceeafda462a1b4e598efa4ce4f0c97cc5, Oct  2 2025, 17:46:35
Dimr [2026-05-18 17:46:12.320660] #4 >> Deltares, DIMR_LIB Version 1.02.057d2f7ceeafda462a1b4e598efa4ce4f0c97cc5, Oct  2 2025, 17:46:35
Dimr [2026-05-18 17:46:12.320661] #7 >> Deltares, DIMR_LIB Version 1.02.057d2f7ceeafda462a1b4e598efa4ce4f0c97cc5, Oct  2 2025, 17:46:35
#2: Running parallel with 8 partitions
Dimr [2026-05-18 17:46:12.320861] #2 >> Deltares, DIMR_EXE Version 2.00.057d2f7ceeafda462a1b4e598efa4ce4f0c97cc5, Oct  2 2025, 17:47:01
#5: Running parallel with 8 partitions
Dimr [2026-05-18 17:46:12.320870] #5 >> Deltares, DIMR_EXE Version 2.00.057d2f7ceeafda462a1b4e598efa4ce4f0c97cc5, Oct  2 2025, 17:47:01
#6: Running parallel with 8 partitions
Dimr [2026-05-18 17:46:12.320824] #6 >> Deltares, DIMR_EXE Version 2.00.057d2f7ceeafda462a1b4e598efa4ce4f0c97cc5, Oct  2 2025, 17:47:01
Dimr [2026-05-18 17:46:12.321006] #6 >> Deltares, DIMR_LIB Version 1.02.057d2f7ceeafda462a1b4e598efa4ce4f0c97cc5, Oct  2 2025, 17:46:35
Dimr [2026-05-18 17:46:12.321048] #2 >> Deltares, DIMR_LIB Version 1.02.057d2f7ceeafda462a1b4e598efa4ce4f0c97cc5, Oct  2 2025, 17:46:35
Dimr [2026-05-18 17:46:12.321050] #5 >> Deltares, DIMR_LIB Version 1.02.057d2f7ceeafda462a1b4e598efa4ce4f0c97cc5, Oct  2 2025, 17:46:35
#1: Running parallel with 8 partitions
Dimr [2026-05-18 17:46:12.321198] #1 >> Deltares, DIMR_EXE Version 2.00.057d2f7ceeafda462a1b4e598efa4ce4f0c97cc5, Oct  2 2025, 17:47:01
Dimr [2026-05-18 17:46:12.321393] #1 >> Deltares, DIMR_LIB Version 1.02.057d2f7ceeafda462a1b4e598efa4ce4f0c97cc5, Oct  2 2025, 17:46:35
#0: Running parallel with 8 partitions
Dimr [2026-05-18 17:46:12.321506] #0 >> Deltares, DIMR_EXE Version 2.00.057d2f7ceeafda462a1b4e598efa4ce4f0c97cc5, Oct  2 2025, 17:47:01
Dimr [2026-05-18 17:46:12.321706] #0 >> Deltares, DIMR_LIB Version 1.02.057d2f7ceeafda462a1b4e598efa4ce4f0c97cc5, Oct  2 2025, 17:46:35
Dimr [2026-05-18 17:46:12.343146] #0 >> 
Dimr [2026-05-18 17:46:12.343164] #0 >> Version Information of Components
Dimr [2026-05-18 17:46:12.343169] #0 >> =================================
Dimr [2026-05-18 17:46:12.343172] #0 >> dflowfm                            : Deltares, D-Flow FM1.2.184.057d2f7ceeafda462a1b4e598efa4ce4f0c97cc5
Dimr [2026-05-18 17:46:12.343362] #0 >> wave                               : 3.08.03.057d2f7ceeafda462a1b4e598efa4ce4f0c97cc5
Dimr [2026-05-18 17:46:12.343368] #0 >> ---------------------------------
Dimr [2026-05-18 17:46:12.343371] #0 >> 
Dimr [2026-05-18 17:46:12.354436] #0 >> DFlowFM.Initialize(Stagnone_dxy01_15m.mdu)
Dimr [2026-05-18 17:46:12.354491] #1 >> DFlowFM.Initialize(Stagnone_dxy01_15m.mdu)
Dimr [2026-05-18 17:46:12.354445] #2 >> DFlowFM.Initialize(Stagnone_dxy01_15m.mdu)
Dimr [2026-05-18 17:46:12.354443] #3 >> DFlowFM.Initialize(Stagnone_dxy01_15m.mdu)
Dimr [2026-05-18 17:46:12.354465] #4 >> DFlowFM.Initialize(Stagnone_dxy01_15m.mdu)
Dimr [2026-05-18 17:46:12.354460] #5 >> DFlowFM.Initialize(Stagnone_dxy01_15m.mdu)
Dimr [2026-05-18 17:46:12.354468] #6 >> DFlowFM.Initialize(Stagnone_dxy01_15m.mdu)
Dimr [2026-05-18 17:46:12.354458] #7 >> DFlowFM.Initialize(Stagnone_dxy01_15m.mdu)
** DEBUG  :            0  0.1000010      NOD(KMAX)
** DEBUG  :            6  0.7000070      XK (KMAX), YK (KMAX), ZK (KMAX), KC (KMAX), NMK (KMAX), RNOD(KMAX)
** DEBUG  :            0  0.1000010      NOD(KMAX)
** DEBUG  :            6  0.7000070      XK (KMAX), YK (KMAX), ZK (KMAX), KC (KMAX), NMK (KMAX), RNOD(KMAX)
** DEBUG  :            0  0.1000010      NOD(KMAX)
** DEBUG  :            0  0.1000010      NOD(KMAX)
** DEBUG  :            6  0.7000070      XK (KMAX), YK (KMAX), ZK (KMAX), KC (KMAX), NMK (KMAX), RNOD(KMAX)
** DEBUG  :            6  0.7000070      XK (KMAX), YK (KMAX), ZK (KMAX), KC (KMAX), NMK (KMAX), RNOD(KMAX)
** DEBUG  :            0  0.1000010      NOD(KMAX)
** DEBUG  :            6  0.7000070      XK (KMAX), YK (KMAX), ZK (KMAX), KC (KMAX), NMK (KMAX), RNOD(KMAX)
** DEBUG  :            0  0.1000010      NOD(KMAX)
** DEBUG  :            6  0.7000070      XK (KMAX), YK (KMAX), ZK (KMAX), KC (KMAX), NMK (KMAX), RNOD(KMAX)
** DEBUG  :            0  0.1000010      NOD(KMAX)
** DEBUG  :            6  0.7000070      XK (KMAX), YK (KMAX), ZK (KMAX), KC (KMAX), NMK (KMAX), RNOD(KMAX)
** DEBUG  :            0  0.1000010      NOD(KMAX)
** DEBUG  :            6  0.7000070      XK (KMAX), YK (KMAX), ZK (KMAX), KC (KMAX), NMK (KMAX), RNOD(KMAX)
 loading model
 loading model
 loading model
 loading model
 loading model
 loading model
 loading model
 loading model
** INFO   : no partitioning polygons file: read subdomain numbering from netfiles
** INFO   : no partitioning polygons file: read subdomain numbering from netfiles
** INFO   : no partitioning polygons file: read subdomain numbering from netfiles
** INFO   : no partitioning polygons file: read subdomain numbering from netfiles
** INFO   : no partitioning polygons file: read subdomain numbering from netfiles
** INFO   : no partitioning polygons file: read subdomain numbering from netfiles
** INFO   : no partitioning polygons file: read subdomain numbering from netfiles
** INFO   : no partitioning polygons file: read subdomain numbering from netfiles
** WARNING: D-WAVES coupling enabled and kmx>0, so layer interface coordinates are needed on com-file. FullGridOutput set to 1.
Dimr [2026-05-18 17:46:12.390068] #5 >> kernel: D-WAVES coupling enabled and kmx>0, so layer interface coordinates are needed on com-file. FullGridOutput set to 1.
** WARNING:            6  0.7000070      XK (KMAX), YK (KMAX), ZK (KMAX), KC (KMAX), NMK (KMAX), RNOD(KMAX)
Dimr [2026-05-18 17:46:12.390089] #5 >> kernel:            6  0.7000070      XK (KMAX), YK (KMAX), ZK (KMAX), KC (KMAX), NMK (KMAX), RNOD(KMAX)
** WARNING: D-WAVES coupling enabled and kmx>0, so layer interface coordinates are needed on com-file. FullGridOutput set to 1.
Dimr [2026-05-18 17:46:12.390271] #3 >> kernel: D-WAVES coupling enabled and kmx>0, so layer interface coordinates are needed on com-file. FullGridOutput set to 1.
** WARNING:            6  0.7000070      XK (KMAX), YK (KMAX), ZK (KMAX), KC (KMAX), NMK (KMAX), RNOD(KMAX)
Dimr [2026-05-18 17:46:12.390294] #3 >> kernel:            6  0.7000070      XK (KMAX), YK (KMAX), ZK (KMAX), KC (KMAX), NMK (KMAX), RNOD(KMAX)
** WARNING: MDU settings combine a restart file and a smoothing time: Tlfsmo =   3600.00000    . Be aware that you need to adjust TStartTlfsmo to obtain the same results between the original and restart simulations.
Dimr [2026-05-18 17:46:12.390392] #5 >> kernel: MDU settings combine a restart file and a smoothing time: Tlfsmo =   3600.00000    . Be aware that you need to adjust TStartTlfsmo to obtain the same results between the original and restart simulations.
** WARNING: D-WAVES coupling enabled and kmx>0, so layer interface coordinates are needed on com-file. FullGridOutput set to 1.
Dimr [2026-05-18 17:46:12.390496] #2 >> kernel: D-WAVES coupling enabled and kmx>0, so layer interface coordinates are needed on com-file. FullGridOutput set to 1.
** WARNING:            6  0.7000070      XK (KMAX), YK (KMAX), ZK (KMAX), KC (KMAX), NMK (KMAX), RNOD(KMAX)
Dimr [2026-05-18 17:46:12.390518] #2 >> kernel:            6  0.7000070      XK (KMAX), YK (KMAX), ZK (KMAX), KC (KMAX), NMK (KMAX), RNOD(KMAX)
** WARNING: D-WAVES coupling enabled and kmx>0, so layer interface coordinates are needed on com-file. FullGridOutput set to 1.
** WARNING: MDU settings combine a restart file and a smoothing time: Tlfsmo =   3600.00000    . Be aware that you need to adjust TStartTlfsmo to obtain the same results between the original and restart simulations.
Dimr [2026-05-18 17:46:12.390626] #3 >> kernel: MDU settings combine a restart file and a smoothing time: Tlfsmo =   3600.00000    . Be aware that you need to adjust TStartTlfsmo to obtain the same results between the original and restart simulations.
Dimr [2026-05-18 17:46:12.390641] #0 >> kernel: D-WAVES coupling enabled and kmx>0, so layer interface coordinates are needed on com-file. FullGridOutput set to 1.
** WARNING:            6  0.7000070      XK (KMAX), YK (KMAX), ZK (KMAX), KC (KMAX), NMK (KMAX), RNOD(KMAX)
Dimr [2026-05-18 17:46:12.390664] #0 >> kernel:            6  0.7000070      XK (KMAX), YK (KMAX), ZK (KMAX), KC (KMAX), NMK (KMAX), RNOD(KMAX)
** WARNING: D-WAVES coupling enabled and kmx>0, so layer interface coordinates are needed on com-file. FullGridOutput set to 1.
Dimr [2026-05-18 17:46:12.390837] #1 >> kernel: D-WAVES coupling enabled and kmx>0, so layer interface coordinates are needed on com-file. FullGridOutput set to 1.
** WARNING:            6  0.7000070      XK (KMAX), YK (KMAX), ZK (KMAX), KC (KMAX), NMK (KMAX), RNOD(KMAX)
** WARNING: MDU settings combine a restart file and a smoothing time: Tlfsmo =   3600.00000    . Be aware that you need to adjust TStartTlfsmo to obtain the same results between the original and restart simulations.
Dimr [2026-05-18 17:46:12.390861] #2 >> kernel: MDU settings combine a restart file and a smoothing time: Tlfsmo =   3600.00000    . Be aware that you need to adjust TStartTlfsmo to obtain the same results between the original and restart simulations.
Dimr [2026-05-18 17:46:12.390863] #1 >> kernel:            6  0.7000070      XK (KMAX), YK (KMAX), ZK (KMAX), KC (KMAX), NMK (KMAX), RNOD(KMAX)
** WARNING: While reading 'Stagnone_dxy01_15m_0005.mdu': keyword [numerics] qhrelax=0.01 was in file, but not used. Check possible typo.
Dimr [2026-05-18 17:46:12.390943] #5 >> kernel: While reading 'Stagnone_dxy01_15m_0005.mdu': keyword [numerics] qhrelax=0.01 was in file, but not used. Check possible typo.
** WARNING: MDU settings combine a restart file and a smoothing time: Tlfsmo =   3600.00000    . Be aware that you need to adjust TStartTlfsmo to obtain the same results between the original and restart simulations.
Dimr [2026-05-18 17:46:12.391027] #0 >> kernel: MDU settings combine a restart file and a smoothing time: Tlfsmo =   3600.00000    . Be aware that you need to adjust TStartTlfsmo to obtain the same results between the original and restart simulations.
** WARNING: D-WAVES coupling enabled and kmx>0, so layer interface coordinates are needed on com-file. FullGridOutput set to 1.
Dimr [2026-05-18 17:46:12.391094] #7 >> kernel: D-WAVES coupling enabled and kmx>0, so layer interface coordinates are needed on com-file. FullGridOutput set to 1.
** WARNING:            6  0.7000070      XK (KMAX), YK (KMAX), ZK (KMAX), KC (KMAX), NMK (KMAX), RNOD(KMAX)
Dimr [2026-05-18 17:46:12.391119] #7 >> kernel:            6  0.7000070      XK (KMAX), YK (KMAX), ZK (KMAX), KC (KMAX), NMK (KMAX), RNOD(KMAX)
** WARNING: D-WAVES coupling enabled and kmx>0, so layer interface coordinates are needed on com-file. FullGridOutput set to 1.
Dimr [2026-05-18 17:46:12.391194] #6 >> kernel: D-WAVES coupling enabled and kmx>0, so layer interface coordinates are needed on com-file. FullGridOutput set to 1.
** WARNING:            6  0.7000070      XK (KMAX), YK (KMAX), ZK (KMAX), KC (KMAX), NMK (KMAX), RNOD(KMAX)
** WARNING: MDU settings combine a restart file and a smoothing time: Tlfsmo =   3600.00000    . Be aware that you need to adjust TStartTlfsmo to obtain the same results between the original and restart simulations.
** WARNING: D-WAVES coupling enabled and kmx>0, so layer interface coordinates are needed on com-file. FullGridOutput set to 1.
Dimr [2026-05-18 17:46:12.391219] #6 >> kernel:            6  0.7000070      XK (KMAX), YK (KMAX), ZK (KMAX), KC (KMAX), NMK (KMAX), RNOD(KMAX)
Dimr [2026-05-18 17:46:12.391237] #1 >> kernel: MDU settings combine a restart file and a smoothing time: Tlfsmo =   3600.00000    . Be aware that you need to adjust TStartTlfsmo to obtain the same results between the original and restart simulations.
** WARNING: While reading 'Stagnone_dxy01_15m_0003.mdu': keyword [numerics] qhrelax=0.01 was in file, but not used. Check possible typo.
Dimr [2026-05-18 17:46:12.391267] #3 >> kernel: While reading 'Stagnone_dxy01_15m_0003.mdu': keyword [numerics] qhrelax=0.01 was in file, but not used. Check possible typo.
Dimr [2026-05-18 17:46:12.391239] #4 >> kernel: D-WAVES coupling enabled and kmx>0, so layer interface coordinates are needed on com-file. FullGridOutput set to 1.
** WARNING:            6  0.7000070      XK (KMAX), YK (KMAX), ZK (KMAX), KC (KMAX), NMK (KMAX), RNOD(KMAX)
Dimr [2026-05-18 17:46:12.391264] #4 >> kernel:            6  0.7000070      XK (KMAX), YK (KMAX), ZK (KMAX), KC (KMAX), NMK (KMAX), RNOD(KMAX)
** WARNING: While reading 'Stagnone_dxy01_15m_0005.mdu': keyword [wind] windspeedbreakpoints=0.0 100.0 was in file, but not used. Check possible typo.
Dimr [2026-05-18 17:46:12.391412] #5 >> kernel: While reading 'Stagnone_dxy01_15m_0005.mdu': keyword [wind] windspeedbreakpoints=0.0 100.0 was in file, but not used. Check possible typo.
** WARNING: MDU settings combine a restart file and a smoothing time: Tlfsmo =   3600.00000    . Be aware that you need to adjust TStartTlfsmo to obtain the same results between the original and restart simulations.
** WARNING: While reading 'Stagnone_dxy01_15m_0002.mdu': keyword [numerics] qhrelax=0.01 was in file, but not used. Check possible typo.
Dimr [2026-05-18 17:46:12.391499] #7 >> kernel: MDU settings combine a restart file and a smoothing time: Tlfsmo =   3600.00000    . Be aware that you need to adjust TStartTlfsmo to obtain the same results between the original and restart simulations.
Dimr [2026-05-18 17:46:12.391514] #2 >> kernel: While reading 'Stagnone_dxy01_15m_0002.mdu': keyword [numerics] qhrelax=0.01 was in file, but not used. Check possible typo.
** WARNING: While reading 'Stagnone_dxy01_15m_0005.mdu': keyword [output] wrishp_enc=0 was in file, but not used. Check possible typo.
Dimr [2026-05-18 17:46:12.391534] #5 >> kernel: While reading 'Stagnone_dxy01_15m_0005.mdu': keyword [output] wrishp_enc=0 was in file, but not used. Check possible typo.
** WARNING: MDU settings combine a restart file and a smoothing time: Tlfsmo =   3600.00000    . Be aware that you need to adjust TStartTlfsmo to obtain the same results between the original and restart simulations.
Dimr [2026-05-18 17:46:12.391597] #6 >> kernel: MDU settings combine a restart file and a smoothing time: Tlfsmo =   3600.00000    . Be aware that you need to adjust TStartTlfsmo to obtain the same results between the original and restart simulations.
** WARNING: MDU settings combine a restart file and a smoothing time: Tlfsmo =   3600.00000    . Be aware that you need to adjust TStartTlfsmo to obtain the same results between the original and restart simulations.
** WARNING: While reading 'Stagnone_dxy01_15m_0000.mdu': keyword [numerics] qhrelax=0.01 was in file, but not used. Check possible typo.
Dimr [2026-05-18 17:46:12.391690] #0 >> kernel: While reading 'Stagnone_dxy01_15m_0000.mdu': keyword [numerics] qhrelax=0.01 was in file, but not used. Check possible typo.
Dimr [2026-05-18 17:46:12.391681] #4 >> kernel: MDU settings combine a restart file and a smoothing time: Tlfsmo =   3600.00000    . Be aware that you need to adjust TStartTlfsmo to obtain the same results between the original and restart simulations.
** WARNING: While reading 'Stagnone_dxy01_15m_0005.mdu': keyword [output] waterlevelclasses=0.0 was in file, but not used. Check possible typo.
Dimr [2026-05-18 17:46:12.391756] #5 >> kernel: While reading 'Stagnone_dxy01_15m_0005.mdu': keyword [output] waterlevelclasses=0.0 was in file, but not used. Check possible typo.
** WARNING: While reading 'Stagnone_dxy01_15m_0005.mdu': keyword [output] waterdepthclasses=0.0 was in file, but not used. Check possible typo.
Dimr [2026-05-18 17:46:12.391769] #5 >> kernel: While reading 'Stagnone_dxy01_15m_0005.mdu': keyword [output] waterdepthclasses=0.0 was in file, but not used. Check possible typo.
** WARNING: While reading 'Stagnone_dxy01_15m_0003.mdu': keyword [wind] windspeedbreakpoints=0.0 100.0 was in file, but not used. Check possible typo.
Dimr [2026-05-18 17:46:12.391821] #3 >> kernel: While reading 'Stagnone_dxy01_15m_0003.mdu': keyword [wind] windspeedbreakpoints=0.0 100.0 was in file, but not used. Check possible typo.
** WARNING: While reading 'Stagnone_dxy01_15m_0005.mdu': keyword [output] velocitydirectionclassesinterv=0.0 was in file, but not used. Check possible typo.
Dimr [2026-05-18 17:46:12.391834] #5 >> kernel: While reading 'Stagnone_dxy01_15m_0005.mdu': keyword [output] velocitydirectionclassesinterv=0.0 was in file, but not used. Check possible typo.
** WARNING: While reading 'Stagnone_dxy01_15m_0005.mdu': keyword [output] velocitymagnitudeclasses=0.0 was in file, but not used. Check possible typo.
Dimr [2026-05-18 17:46:12.391845] #5 >> kernel: While reading 'Stagnone_dxy01_15m_0005.mdu': keyword [output] velocitymagnitudeclasses=0.0 was in file, but not used. Check possible typo.
** WARNING: While reading 'Stagnone_dxy01_15m_0003.mdu': keyword [output] wrishp_enc=0 was in file, but not used. Check possible typo.
Dimr [2026-05-18 17:46:12.391967] #3 >> kernel: While reading 'Stagnone_dxy01_15m_0003.mdu': keyword [output] wrishp_enc=0 was in file, but not used. Check possible typo.
** WARNING: While reading 'Stagnone_dxy01_15m_0001.mdu': keyword [numerics] qhrelax=0.01 was in file, but not used. Check possible typo.
Dimr [2026-05-18 17:46:12.391979] #1 >> kernel: While reading 'Stagnone_dxy01_15m_0001.mdu': keyword [numerics] qhrelax=0.01 was in file, but not used. Check possible typo.
** WARNING: While reading 'Stagnone_dxy01_15m_0002.mdu': keyword [wind] windspeedbreakpoints=0.0 100.0 was in file, but not used. Check possible typo.
Dimr [2026-05-18 17:46:12.392090] #2 >> kernel: While reading 'Stagnone_dxy01_15m_0002.mdu': keyword [wind] windspeedbreakpoints=0.0 100.0 was in file, but not used. Check possible typo.
** WARNING: While reading 'Stagnone_dxy01_15m_0003.mdu': keyword [output] waterlevelclasses=0.0 was in file, but not used. Check possible typo.
Dimr [2026-05-18 17:46:12.392220] #3 >> kernel: While reading 'Stagnone_dxy01_15m_0003.mdu': keyword [output] waterlevelclasses=0.0 was in file, but not used. Check possible typo.
** WARNING: While reading 'Stagnone_dxy01_15m_0002.mdu': keyword [output] wrishp_enc=0 was in file, but not used. Check possible typo.
Dimr [2026-05-18 17:46:12.392237] #2 >> kernel: While reading 'Stagnone_dxy01_15m_0002.mdu': keyword [output] wrishp_enc=0 was in file, but not used. Check possible typo.
** WARNING: While reading 'Stagnone_dxy01_15m_0003.mdu': keyword [output] waterdepthclasses=0.0 was in file, but not used. Check possible typo.
Dimr [2026-05-18 17:46:12.392233] #3 >> kernel: While reading 'Stagnone_dxy01_15m_0003.mdu': keyword [output] waterdepthclasses=0.0 was in file, but not used. Check possible typo.
** WARNING: While reading 'Stagnone_dxy01_15m_0007.mdu': keyword [numerics] qhrelax=0.01 was in file, but not used. Check possible typo.
Dimr [2026-05-18 17:46:12.392245] #7 >> kernel: While reading 'Stagnone_dxy01_15m_0007.mdu': keyword [numerics] qhrelax=0.01 was in file, but not used. Check possible typo.
** WARNING: While reading 'Stagnone_dxy01_15m_0000.mdu': keyword [wind] windspeedbreakpoints=0.0 100.0 was in file, but not used. Check possible typo.
Dimr [2026-05-18 17:46:12.392285] #0 >> kernel: While reading 'Stagnone_dxy01_15m_0000.mdu': keyword [wind] windspeedbreakpoints=0.0 100.0 was in file, but not used. Check possible typo.
** WARNING: While reading 'Stagnone_dxy01_15m_0003.mdu': keyword [output] velocitydirectionclassesinterv=0.0 was in file, but not used. Check possible typo.
Dimr [2026-05-18 17:46:12.392307] #3 >> kernel: While reading 'Stagnone_dxy01_15m_0003.mdu': keyword [output] velocitydirectionclassesinterv=0.0 was in file, but not used. Check possible typo.
** WARNING: While reading 'Stagnone_dxy01_15m_0003.mdu': keyword [output] velocitymagnitudeclasses=0.0 was in file, but not used. Check possible typo.
Dimr [2026-05-18 17:46:12.392319] #3 >> kernel: While reading 'Stagnone_dxy01_15m_0003.mdu': keyword [output] velocitymagnitudeclasses=0.0 was in file, but not used. Check possible typo.
** WARNING: While reading 'Stagnone_dxy01_15m_0006.mdu': keyword [numerics] qhrelax=0.01 was in file, but not used. Check possible typo.
Dimr [2026-05-18 17:46:12.392346] #6 >> kernel: While reading 'Stagnone_dxy01_15m_0006.mdu': keyword [numerics] qhrelax=0.01 was in file, but not used. Check possible typo.
** WARNING: While reading 'Stagnone_dxy01_15m_0000.mdu': keyword [output] wrishp_enc=0 was in file, but not used. Check possible typo.
Dimr [2026-05-18 17:46:12.392435] #0 >> kernel: While reading 'Stagnone_dxy01_15m_0000.mdu': keyword [output] wrishp_enc=0 was in file, but not used. Check possible typo.
** WARNING: While reading 'Stagnone_dxy01_15m_0004.mdu': keyword [numerics] qhrelax=0.01 was in file, but not used. Check possible typo.
Dimr [2026-05-18 17:46:12.392446] #4 >> kernel: While reading 'Stagnone_dxy01_15m_0004.mdu': keyword [numerics] qhrelax=0.01 was in file, but not used. Check possible typo.
** WARNING: While reading 'Stagnone_dxy01_15m_0002.mdu': keyword [output] waterlevelclasses=0.0 was in file, but not used. Check possible typo.
Dimr [2026-05-18 17:46:12.392497] #2 >> kernel: While reading 'Stagnone_dxy01_15m_0002.mdu': keyword [output] waterlevelclasses=0.0 was in file, but not used. Check possible typo.
** WARNING: While reading 'Stagnone_dxy01_15m_0002.mdu': keyword [output] waterdepthclasses=0.0 was in file, but not used. Check possible typo.
Dimr [2026-05-18 17:46:12.392511] #2 >> kernel: While reading 'Stagnone_dxy01_15m_0002.mdu': keyword [output] waterdepthclasses=0.0 was in file, but not used. Check possible typo.
** WARNING: While reading 'Stagnone_dxy01_15m_0002.mdu': keyword [output] velocitydirectionclassesinterv=0.0 was in file, but not used. Check possible typo.
Dimr [2026-05-18 17:46:12.392588] #2 >> kernel: While reading 'Stagnone_dxy01_15m_0002.mdu': keyword [output] velocitydirectionclassesinterv=0.0 was in file, but not used. Check possible typo.
** WARNING: While reading 'Stagnone_dxy01_15m_0002.mdu': keyword [output] velocitymagnitudeclasses=0.0 was in file, but not used. Check possible typo.
Dimr [2026-05-18 17:46:12.392600] #2 >> kernel: While reading 'Stagnone_dxy01_15m_0002.mdu': keyword [output] velocitymagnitudeclasses=0.0 was in file, but not used. Check possible typo.
** WARNING: While reading 'Stagnone_dxy01_15m_0001.mdu': keyword [wind] windspeedbreakpoints=0.0 100.0 was in file, but not used. Check possible typo.
Dimr [2026-05-18 17:46:12.392613] #1 >> kernel: While reading 'Stagnone_dxy01_15m_0001.mdu': keyword [wind] windspeedbreakpoints=0.0 100.0 was in file, but not used. Check possible typo.
** WARNING: While reading 'Stagnone_dxy01_15m_0000.mdu': keyword [output] waterlevelclasses=0.0 was in file, but not used. Check possible typo.
Dimr [2026-05-18 17:46:12.392700] #0 >> kernel: While reading 'Stagnone_dxy01_15m_0000.mdu': keyword [output] waterlevelclasses=0.0 was in file, but not used. Check possible typo.
** WARNING: While reading 'Stagnone_dxy01_15m_0000.mdu': keyword [output] waterdepthclasses=0.0 was in file, but not used. Check possible typo.
Dimr [2026-05-18 17:46:12.392713] #0 >> kernel: While reading 'Stagnone_dxy01_15m_0000.mdu': keyword [output] waterdepthclasses=0.0 was in file, but not used. Check possible typo.
** WARNING: While reading 'Stagnone_dxy01_15m_0001.mdu': keyword [output] wrishp_enc=0 was in file, but not used. Check possible typo.
** WARNING: While reading 'Stagnone_dxy01_15m_0000.mdu': keyword [output] velocitydirectionclassesinterv=0.0 was in file, but not used. Check possible typo.
Dimr [2026-05-18 17:46:12.392787] #1 >> kernel: While reading 'Stagnone_dxy01_15m_0001.mdu': keyword [output] wrishp_enc=0 was in file, but not used. Check possible typo.
Dimr [2026-05-18 17:46:12.392800] #0 >> kernel: While reading 'Stagnone_dxy01_15m_0000.mdu': keyword [output] velocitydirectionclassesinterv=0.0 was in file, but not used. Check possible typo.
** WARNING: While reading 'Stagnone_dxy01_15m_0000.mdu': keyword [output] velocitymagnitudeclasses=0.0 was in file, but not used. Check possible typo.
Dimr [2026-05-18 17:46:12.392813] #0 >> kernel: While reading 'Stagnone_dxy01_15m_0000.mdu': keyword [output] velocitymagnitudeclasses=0.0 was in file, but not used. Check possible typo.
** WARNING: While reading 'Stagnone_dxy01_15m_0007.mdu': keyword [wind] windspeedbreakpoints=0.0 100.0 was in file, but not used. Check possible typo.
Dimr [2026-05-18 17:46:12.392895] #7 >> kernel: While reading 'Stagnone_dxy01_15m_0007.mdu': keyword [wind] windspeedbreakpoints=0.0 100.0 was in file, but not used. Check possible typo.
** WARNING: While reading 'Stagnone_dxy01_15m_0006.mdu': keyword [wind] windspeedbreakpoints=0.0 100.0 was in file, but not used. Check possible typo.
Dimr [2026-05-18 17:46:12.392997] #6 >> kernel: While reading 'Stagnone_dxy01_15m_0006.mdu': keyword [wind] windspeedbreakpoints=0.0 100.0 was in file, but not used. Check possible typo.
** WARNING: While reading 'Stagnone_dxy01_15m_0007.mdu': keyword [output] wrishp_enc=0 was in file, but not used. Check possible typo.
Dimr [2026-05-18 17:46:12.393063] #7 >> kernel: While reading 'Stagnone_dxy01_15m_0007.mdu': keyword [output] wrishp_enc=0 was in file, but not used. Check possible typo.
** WARNING: While reading 'Stagnone_dxy01_15m_0001.mdu': keyword [output] waterlevelclasses=0.0 was in file, but not used. Check possible typo.
Dimr [2026-05-18 17:46:12.393084] #1 >> kernel: While reading 'Stagnone_dxy01_15m_0001.mdu': keyword [output] waterlevelclasses=0.0 was in file, but not used. Check possible typo.
** WARNING: While reading 'Stagnone_dxy01_15m_0001.mdu': keyword [output] waterdepthclasses=0.0 was in file, but not used. Check possible typo.
** WARNING: While reading 'Stagnone_dxy01_15m_0004.mdu': keyword [wind] windspeedbreakpoints=0.0 100.0 was in file, but not used. Check possible typo.
Dimr [2026-05-18 17:46:12.393107] #4 >> kernel: While reading 'Stagnone_dxy01_15m_0004.mdu': keyword [wind] windspeedbreakpoints=0.0 100.0 was in file, but not used. Check possible typo.
Dimr [2026-05-18 17:46:12.393100] #1 >> kernel: While reading 'Stagnone_dxy01_15m_0001.mdu': keyword [output] waterdepthclasses=0.0 was in file, but not used. Check possible typo.
** WARNING: While reading 'Stagnone_dxy01_15m_0006.mdu': keyword [output] wrishp_enc=0 was in file, but not used. Check possible typo.
Dimr [2026-05-18 17:46:12.393167] #6 >> kernel: While reading 'Stagnone_dxy01_15m_0006.mdu': keyword [output] wrishp_enc=0 was in file, but not used. Check possible typo.
** WARNING: While reading 'Stagnone_dxy01_15m_0001.mdu': keyword [output] velocitydirectionclassesinterv=0.0 was in file, but not used. Check possible typo.
Dimr [2026-05-18 17:46:12.393192] #1 >> kernel: While reading 'Stagnone_dxy01_15m_0001.mdu': keyword [output] velocitydirectionclassesinterv=0.0 was in file, but not used. Check possible typo.
** WARNING: While reading 'Stagnone_dxy01_15m_0001.mdu': keyword [output] velocitymagnitudeclasses=0.0 was in file, but not used. Check possible typo.
Dimr [2026-05-18 17:46:12.393207] #1 >> kernel: While reading 'Stagnone_dxy01_15m_0001.mdu': keyword [output] velocitymagnitudeclasses=0.0 was in file, but not used. Check possible typo.
** WARNING: While reading 'Stagnone_dxy01_15m_0004.mdu': keyword [output] wrishp_enc=0 was in file, but not used. Check possible typo.
Dimr [2026-05-18 17:46:12.393293] #4 >> kernel: While reading 'Stagnone_dxy01_15m_0004.mdu': keyword [output] wrishp_enc=0 was in file, but not used. Check possible typo.
** WARNING: While reading 'Stagnone_dxy01_15m_0007.mdu': keyword [output] waterlevelclasses=0.0 was in file, but not used. Check possible typo.
Dimr [2026-05-18 17:46:12.393354] #7 >> kernel: While reading 'Stagnone_dxy01_15m_0007.mdu': keyword [output] waterlevelclasses=0.0 was in file, but not used. Check possible typo.
** WARNING: While reading 'Stagnone_dxy01_15m_0007.mdu': keyword [output] waterdepthclasses=0.0 was in file, but not used. Check possible typo.
Dimr [2026-05-18 17:46:12.393369] #7 >> kernel: While reading 'Stagnone_dxy01_15m_0007.mdu': keyword [output] waterdepthclasses=0.0 was in file, but not used. Check possible typo.
** WARNING: While reading 'Stagnone_dxy01_15m_0006.mdu': keyword [output] waterlevelclasses=0.0 was in file, but not used. Check possible typo.
** WARNING: While reading 'Stagnone_dxy01_15m_0007.mdu': keyword [output] velocitydirectionclassesinterv=0.0 was in file, but not used. Check possible typo.
Dimr [2026-05-18 17:46:12.393458] #7 >> kernel: While reading 'Stagnone_dxy01_15m_0007.mdu': keyword [output] velocitydirectionclassesinterv=0.0 was in file, but not used. Check possible typo.
** WARNING: While reading 'Stagnone_dxy01_15m_0007.mdu': keyword [output] velocitymagnitudeclasses=0.0 was in file, but not used. Check possible typo.
Dimr [2026-05-18 17:46:12.393459] #6 >> kernel: While reading 'Stagnone_dxy01_15m_0006.mdu': keyword [output] waterlevelclasses=0.0 was in file, but not used. Check possible typo.
** WARNING: While reading 'Stagnone_dxy01_15m_0006.mdu': keyword [output] waterdepthclasses=0.0 was in file, but not used. Check possible typo.
Dimr [2026-05-18 17:46:12.393474] #6 >> kernel: While reading 'Stagnone_dxy01_15m_0006.mdu': keyword [output] waterdepthclasses=0.0 was in file, but not used. Check possible typo.
Dimr [2026-05-18 17:46:12.393471] #7 >> kernel: While reading 'Stagnone_dxy01_15m_0007.mdu': keyword [output] velocitymagnitudeclasses=0.0 was in file, but not used. Check possible typo.
** WARNING: While reading 'Stagnone_dxy01_15m_0006.mdu': keyword [output] velocitydirectionclassesinterv=0.0 was in file, but not used. Check possible typo.
Dimr [2026-05-18 17:46:12.393563] #6 >> kernel: While reading 'Stagnone_dxy01_15m_0006.mdu': keyword [output] velocitydirectionclassesinterv=0.0 was in file, but not used. Check possible typo.
** WARNING: While reading 'Stagnone_dxy01_15m_0006.mdu': keyword [output] velocitymagnitudeclasses=0.0 was in file, but not used. Check possible typo.
Dimr [2026-05-18 17:46:12.393577] #6 >> kernel: While reading 'Stagnone_dxy01_15m_0006.mdu': keyword [output] velocitymagnitudeclasses=0.0 was in file, but not used. Check possible typo.
** WARNING: While reading 'Stagnone_dxy01_15m_0004.mdu': keyword [output] waterlevelclasses=0.0 was in file, but not used. Check possible typo.
Dimr [2026-05-18 17:46:12.393620] #4 >> kernel: While reading 'Stagnone_dxy01_15m_0004.mdu': keyword [output] waterlevelclasses=0.0 was in file, but not used. Check possible typo.
** WARNING: While reading 'Stagnone_dxy01_15m_0004.mdu': keyword [output] waterdepthclasses=0.0 was in file, but not used. Check possible typo.
Dimr [2026-05-18 17:46:12.393638] #4 >> kernel: While reading 'Stagnone_dxy01_15m_0004.mdu': keyword [output] waterdepthclasses=0.0 was in file, but not used. Check possible typo.
** WARNING: While reading 'Stagnone_dxy01_15m_0004.mdu': keyword [output] velocitydirectionclassesinterv=0.0 was in file, but not used. Check possible typo.
Dimr [2026-05-18 17:46:12.393739] #4 >> kernel: While reading 'Stagnone_dxy01_15m_0004.mdu': keyword [output] velocitydirectionclassesinterv=0.0 was in file, but not used. Check possible typo.
** WARNING: While reading 'Stagnone_dxy01_15m_0004.mdu': keyword [output] velocitymagnitudeclasses=0.0 was in file, but not used. Check possible typo.
Dimr [2026-05-18 17:46:12.393755] #4 >> kernel: While reading 'Stagnone_dxy01_15m_0004.mdu': keyword [output] velocitymagnitudeclasses=0.0 was in file, but not used. Check possible typo.
** INFO   : Reading cache file: Stagnone_dxy01_15m_0005.cache
** INFO   : No cache file available initially. Proceeding with normal initialization.
** INFO   : Reading cache file: Stagnone_dxy01_15m_0003.cache
** INFO   : No cache file available initially. Proceeding with normal initialization.
** INFO   : Reading cache file: Stagnone_dxy01_15m_0002.cache
** INFO   : No cache file available initially. Proceeding with normal initialization.
** INFO   : Reading cache file: Stagnone_dxy01_15m_0000.cache
** INFO   : No cache file available initially. Proceeding with normal initialization.
** INFO   : Reading cache file: Stagnone_dxy01_15m_0001.cache
** INFO   : No cache file available initially. Proceeding with normal initialization.
** INFO   : Reading cache file: Stagnone_dxy01_15m_0006.cache
** INFO   : No cache file available initially. Proceeding with normal initialization.
** INFO   : Reading cache file: Stagnone_dxy01_15m_0007.cache
** INFO   : No cache file available initially. Proceeding with normal initialization.
** INFO   : Reading cache file: Stagnone_dxy01_15m_0004.cache
** INFO   : No cache file available initially. Proceeding with normal initialization.
ug_get_meshgeom, #12, ierr=0
ug_get_meshgeom, #12, ierr=0
ug_get_meshgeom, #12, ierr=0
ug_get_meshgeom, #12, ierr=0
ug_get_meshgeom, #12, ierr=0
ug_get_meshgeom, #12, ierr=0
ug_get_meshgeom, #12, ierr=0
ug_get_meshgeom, #12, ierr=0
** INFO   : Opened file : sicily2.ldb
** INFO   : Opened file : sicily2.ldb
** INFO   : Opened file : sicily2.ldb
** INFO   : Opened file : sicily2.ldb
** INFO   : Opened file : sicily2.ldb
** INFO   : Opened file : sicily2.ldb
** INFO   : Opened file : sicily2.ldb
** INFO   : Opened file : sicily2.ldb
** INFO   : Closed file : sicily2.ldb
** INFO   : Opened file : Stagnone_dxy01_15m.ldb
** INFO   : Closed file : Stagnone_dxy01_15m.ldb
** INFO   : Opened file : Stagnone_dxy01_15m_obs.xyn
** INFO   : Closed file : Stagnone_dxy01_15m_obs.xyn
** INFO   : Closed file : sicily2.ldb
** INFO   : Opened file : Stagnone_dxy01_15m.ldb
** INFO   : Closed file : Stagnone_dxy01_15m.ldb
** INFO   : Opened file : Stagnone_dxy01_15m_obs.xyn
** INFO   : Closed file : Stagnone_dxy01_15m_obs.xyn
 model loaded
 model loaded
** INFO   : Closed file : sicily2.ldb
** INFO   : Opened file : Stagnone_dxy01_15m.ldb
** INFO   : Closed file : Stagnone_dxy01_15m.ldb
** INFO   : Opened file : Stagnone_dxy01_15m_obs.xyn
** INFO   : Closed file : Stagnone_dxy01_15m_obs.xyn
 model loaded
** INFO   : Closed file : sicily2.ldb
** INFO   : Opened file : Stagnone_dxy01_15m.ldb
** INFO   : Closed file : Stagnone_dxy01_15m.ldb
** INFO   : Opened file : Stagnone_dxy01_15m_obs.xyn
** INFO   : Closed file : Stagnone_dxy01_15m_obs.xyn
 model loaded
** INFO   : Closed file : sicily2.ldb
** INFO   : Opened file : Stagnone_dxy01_15m.ldb
** INFO   : Closed file : Stagnone_dxy01_15m.ldb
** INFO   : Opened file : Stagnone_dxy01_15m_obs.xyn
** INFO   : Closed file : Stagnone_dxy01_15m_obs.xyn
** INFO   : Closed file : sicily2.ldb
** INFO   : Closed file : sicily2.ldb
 model loaded
** INFO   : Opened file : Stagnone_dxy01_15m.ldb
** INFO   : Opened file : Stagnone_dxy01_15m.ldb
** INFO   : Closed file : Stagnone_dxy01_15m.ldb
** INFO   : Closed file : Stagnone_dxy01_15m.ldb
** INFO   : Opened file : Stagnone_dxy01_15m_obs.xyn
** INFO   : Opened file : Stagnone_dxy01_15m_obs.xyn
** INFO   : Closed file : Stagnone_dxy01_15m_obs.xyn
** INFO   : Closed file : Stagnone_dxy01_15m_obs.xyn
 model loaded
 model loaded
** INFO   : Closed file : sicily2.ldb
** INFO   : Opened file : Stagnone_dxy01_15m.ldb
** INFO   : Closed file : Stagnone_dxy01_15m.ldb
** INFO   : Opened file : Stagnone_dxy01_15m_obs.xyn
** INFO   : Closed file : Stagnone_dxy01_15m_obs.xyn
 model loaded
 Initializing flow: flow_modelinit
 Initializing flow: flow_modelinit
 Initializing flow: flow_modelinit
 Initializing flow: flow_modelinit
 Initializing flow: flow_modelinit
 Initializing flow: flow_modelinit
 Initializing flow: flow_modelinit
** INFO   : Initializing flow model geometry...
 Initializing flow: flow_modelinit
** INFO   : Initializing flow model geometry...
** INFO   : Initializing flow model geometry...
** INFO   : Initializing flow model geometry...
** INFO   : Initializing flow model geometry...
** INFO   : Initializing flow model geometry...
** INFO   : Initializing flow model geometry...
** INFO   : Initializing flow model geometry...
** INFO   : removing dry cells...
** INFO   : Opened file : illegalcells_dry.pol
** INFO   : removing dry cells...
** INFO   : Opened file : illegalcells_dry.pol
** INFO   : removing dry cells...
** INFO   : Opened file : illegalcells_dry.pol
** INFO   : removing dry cells...
** INFO   : Opened file : illegalcells_dry.pol
** INFO   : removing dry cells...
** INFO   : Opened file : illegalcells_dry.pol
** INFO   : removing dry cells...
** INFO   : Opened file : illegalcells_dry.pol
** INFO   : removing dry cells...
** INFO   : Opened file : illegalcells_dry.pol
** INFO   : removing dry cells...
** INFO   : Opened file : illegalcells_dry.pol
** INFO   : Closed file : illegalcells_dry.pol
** INFO   : fixing global polygon...
** INFO   : Closed file : illegalcells_dry.pol
** INFO   : fixing global polygon...
** INFO   : done
** INFO   : Closed file : illegalcells_dry.pol
** INFO   : fixing global polygon...
** INFO   : Closed file : illegalcells_dry.pol
** INFO   : fixing global polygon...
** INFO   : done
** INFO   : Closed file : illegalcells_dry.pol
** INFO   : fixing global polygon...
** INFO   : done in      0.00100 sec.
** INFO   : Closed file : illegalcells_dry.pol
** INFO   : fixing global polygon...
** INFO   : Closed file : illegalcells_dry.pol
** INFO   : fixing global polygon...
** INFO   : Closed file : illegalcells_dry.pol
** INFO   : fixing global polygon...
** INFO   : done
** INFO   : done
** INFO   : done
** INFO   : done in      0.00100 sec.
** INFO   : done
** INFO   : done
** INFO   : done
** INFO   : done in      0.00100 sec.
** INFO   : done in      0.00100 sec.
** INFO   : done in      0.00100 sec.
** INFO   : done in      0.00200 sec.
** INFO   : done in      0.00200 sec.
** INFO   : done in      0.00200 sec.
** INFO   : Opened file : Stagnone_dxy01_15m_old.ext
** INFO   : Opened file : Stagnone_dxy01_15m_old.ext
** INFO   : Opened file : Stagnone_dxy01_15m_old.ext
** INFO   : Opened file : Stagnone_dxy01_15m_old.ext
** INFO   : Opened file : Stagnone_dxy01_15m_old.ext
** INFO   : Opened file : Stagnone_dxy01_15m_old.ext
** INFO   : Opened file : Stagnone_dxy01_15m_old.ext
** INFO   : Opened file : Stagnone_dxy01_15m_old.ext
** INFO   : disabled 144 boundary links
** INFO   : partition_reduce_mirrorcells, elapsed time:     0.10000E-02s.
** INFO   : Opened file : Stagnone_dxy01_15m.pli
** INFO   : Closed file : Stagnone_dxy01_15m.pli
** INFO   : disabled 52 boundary links
** INFO   : partition_reduce_mirrorcells, elapsed time:     0.30000E-02s.
** INFO   : disabled 192 boundary links
** INFO   : partition_reduce_mirrorcells, elapsed time:     0.10000E-02s.
** INFO   : disabled 103 boundary links
** INFO   : partition_reduce_mirrorcells, elapsed time:     0.20000E-02s.
** INFO   : disabled 89 boundary links
** INFO   : partition_reduce_mirrorcells, elapsed time:     0.20000E-02s.
** INFO   : Opened file : Stagnone_dxy01_15m.pli
** INFO   : disabled 35 boundary links
** INFO   : Closed file : Stagnone_dxy01_15m.pli
** INFO   : partition_reduce_mirrorcells, elapsed time:     0.50000E-02s.
** INFO   : Opened file : Stagnone_dxy01_15m.pli
** INFO   : Opened file : Stagnone_dxy01_15m.pli
** INFO   : boundary: 'Stagnone_dxy01_15m.pli' opened 38 cells.
** INFO   : waterlevelbnd Stagnone_dxy01_15m.pli      38 nr of open bndcells
** INFO   : Opened file : Stagnone_dxy01_15m.pli
** INFO   : Closed file : Stagnone_dxy01_15m.pli
** INFO   : Opened file : Stagnone_dxy01_15m.pli
** INFO   : Closed file : Stagnone_dxy01_15m.pli
** INFO   : Closed file : Stagnone_dxy01_15m.pli
** INFO   : Closed file : Stagnone_dxy01_15m.pli
** INFO   : Opened file : Stagnone_dxy01_15m.pli
** INFO   : Closed file : Stagnone_dxy01_15m.pli
** WARNING: Boundary link 00001625 already claimed [     12.0950,     38.0615]
Dimr [2026-05-18 17:46:12.503870] #1 >> kernel: Boundary link 00001625 already claimed [     12.0950,     38.0615]
** WARNING: Boundary link 00001776 already claimed [     12.1050,     38.0615]
Dimr [2026-05-18 17:46:12.503895] #1 >> kernel: Boundary link 00001776 already claimed [     12.1050,     38.0615]
** WARNING: Boundary link 00001915 already claimed [     12.1150,     38.0615]
Dimr [2026-05-18 17:46:12.503906] #1 >> kernel: Boundary link 00001915 already claimed [     12.1150,     38.0615]
** WARNING: Boundary link 00002068 already claimed [     12.1250,     38.0615]
Dimr [2026-05-18 17:46:12.503916] #1 >> kernel: Boundary link 00002068 already claimed [     12.1250,     38.0615]
** WARNING: Boundary link 00002204 already claimed [     12.1350,     38.0615]
Dimr [2026-05-18 17:46:12.503937] #1 >> kernel: Boundary link 00002204 already claimed [     12.1350,     38.0615]
** INFO   : disabled 90 boundary links
** WARNING: Boundary link 00002337 already claimed [     12.1450,     38.0615]
Dimr [2026-05-18 17:46:12.503957] #1 >> kernel: Boundary link 00002337 already claimed [     12.1450,     38.0615]
** WARNING: Boundary link 00002483 already claimed [     12.1550,     38.0615]
** INFO   : partition_reduce_mirrorcells, elapsed time:     0.10000E-02s.
Dimr [2026-05-18 17:46:12.503975] #1 >> kernel: Boundary link 00002483 already claimed [     12.1550,     38.0615]
** INFO   : disabled 147 boundary links
** INFO   : partition_reduce_mirrorcells, elapsed time:     0.20000E-02s.
** WARNING: Boundary link 00002620 already claimed [     12.1650,     38.0615]
Dimr [2026-05-18 17:46:12.504008] #1 >> kernel: Boundary link 00002620 already claimed [     12.1650,     38.0615]
** WARNING: Boundary link 00002758 already claimed [     12.1750,     38.0615]
Dimr [2026-05-18 17:46:12.504029] #1 >> kernel: Boundary link 00002758 already claimed [     12.1750,     38.0615]
** WARNING: Boundary link 00002894 already claimed [     12.1850,     38.0615]
Dimr [2026-05-18 17:46:12.504045] #1 >> kernel: Boundary link 00002894 already claimed [     12.1850,     38.0615]
** WARNING: Boundary link 00003038 already claimed [     12.1950,     38.0615]
Dimr [2026-05-18 17:46:12.504055] #1 >> kernel: Boundary link 00003038 already claimed [     12.1950,     38.0615]
** WARNING: Boundary link 00003187 already claimed [     12.2050,     38.0615]
Dimr [2026-05-18 17:46:12.504066] #1 >> kernel: Boundary link 00003187 already claimed [     12.2050,     38.0615]
** WARNING: Boundary link 00003311 already claimed [     12.2150,     38.0615]
Dimr [2026-05-18 17:46:12.504081] #1 >> kernel: Boundary link 00003311 already claimed [     12.2150,     38.0615]
** WARNING: Boundary link 00003443 already claimed [     12.2250,     38.0615]
Dimr [2026-05-18 17:46:12.504091] #1 >> kernel: Boundary link 00003443 already claimed [     12.2250,     38.0615]
** WARNING: Boundary link 00003566 already claimed [     12.2350,     38.0615]
Dimr [2026-05-18 17:46:12.504101] #1 >> kernel: Boundary link 00003566 already claimed [     12.2350,     38.0615]
** WARNING: Boundary link 00003708 already claimed [     12.2450,     38.0615]
** INFO   : boundary: 'Stagnone_dxy01_15m.pli' opened 33 cells.
** INFO   : waterlevelbnd Stagnone_dxy01_15m.pli      33 nr of open bndcells
Dimr [2026-05-18 17:46:12.504112] #1 >> kernel: Boundary link 00003708 already claimed [     12.2450,     38.0615]
** WARNING: Boundary link 00003826 already claimed [     12.2550,     38.0615]
Dimr [2026-05-18 17:46:12.504125] #1 >> kernel: Boundary link 00003826 already claimed [     12.2550,     38.0615]
** WARNING: Boundary link 00003961 already claimed [     12.2650,     38.0615]
Dimr [2026-05-18 17:46:12.504142] #1 >> kernel: Boundary link 00003961 already claimed [     12.2650,     38.0615]
** WARNING: Boundary link 00004074 already claimed [     12.2750,     38.0615]
** INFO   : Opened file : Stagnone_dxy01_15m.pli
Dimr [2026-05-18 17:46:12.504158] #1 >> kernel: Boundary link 00004074 already claimed [     12.2750,     38.0615]
** WARNING: Boundary link 00004190 already claimed [     12.2850,     38.0615]
Dimr [2026-05-18 17:46:12.504169] #1 >> kernel: Boundary link 00004190 already claimed [     12.2850,     38.0615]
** INFO   : boundary: 'Stagnone_dxy01_15m.pli' opened 63 cells.
** INFO   : waterlevelbnd Stagnone_dxy01_15m.pli      63 nr of open bndcells
** INFO   : Opened file : Stagnone_dxy01_15m.pli
** WARNING: Boundary link 00004325 already claimed [     12.2950,     38.0615]
Dimr [2026-05-18 17:46:12.504180] #1 >> kernel: Boundary link 00004325 already claimed [     12.2950,     38.0615]
** WARNING: Boundary link 00004444 already claimed [     12.3050,     38.0615]
Dimr [2026-05-18 17:46:12.504189] #1 >> kernel: Boundary link 00004444 already claimed [     12.3050,     38.0615]
** WARNING: Boundary link 00004560 already claimed [     12.3150,     38.0615]
Dimr [2026-05-18 17:46:12.504202] #1 >> kernel: Boundary link 00004560 already claimed [     12.3150,     38.0615]
** WARNING: Boundary link 00004668 already claimed [     12.3250,     38.0615]
** INFO   : Opened file : Stagnone_dxy01_15m.pli
** INFO   : Opened file : Stagnone_dxy01_15m.pli
Dimr [2026-05-18 17:46:12.504213] #1 >> kernel: Boundary link 00004668 already claimed [     12.3250,     38.0615]
** WARNING: Boundary link 00004679 already claimed [     12.4650,     38.0615]
Dimr [2026-05-18 17:46:12.504223] #1 >> kernel: Boundary link 00004679 already claimed [     12.4650,     38.0615]
** WARNING: Boundary link 00004782 already claimed [     12.3350,     38.0615]
Dimr [2026-05-18 17:46:12.504236] #1 >> kernel: Boundary link 00004782 already claimed [     12.3350,     38.0615]
** INFO   : Closed file : Stagnone_dxy01_15m.pli
** WARNING: Boundary link 00004792 already claimed [     12.4550,     38.0615]
Dimr [2026-05-18 17:46:12.504246] #1 >> kernel: Boundary link 00004792 already claimed [     12.4550,     38.0615]
** WARNING: Boundary link 00004874 already claimed [     12.3450,     38.0615]
Dimr [2026-05-18 17:46:12.504256] #1 >> kernel: Boundary link 00004874 already claimed [     12.3450,     38.0615]
** INFO   : Closed file : Stagnone_dxy01_15m.pli
** WARNING: Boundary link 00004886 already claimed [     12.4450,     38.0615]
Dimr [2026-05-18 17:46:12.504266] #1 >> kernel: Boundary link 00004886 already claimed [     12.4450,     38.0615]
** WARNING: Boundary link 00004969 already claimed [     12.3550,     38.0615]
** INFO   : Closed file : Stagnone_dxy01_15m.pli
Dimr [2026-05-18 17:46:12.504279] #1 >> kernel: Boundary link 00004969 already claimed [     12.3550,     38.0615]
** WARNING: Boundary link 00004975 already claimed [     12.4350,     38.0615]
Dimr [2026-05-18 17:46:12.504289] #1 >> kernel: Boundary link 00004975 already claimed [     12.4350,     38.0615]
** INFO   : Closed file : Stagnone_dxy01_15m.pli
** WARNING: Boundary link 00005063 already claimed [     12.3650,     38.0615]
Dimr [2026-05-18 17:46:12.504304] #1 >> kernel: Boundary link 00005063 already claimed [     12.3650,     38.0615]
** WARNING: Boundary link 00005076 already claimed [     12.4250,     38.0615]
Dimr [2026-05-18 17:46:12.504313] #1 >> kernel: Boundary link 00005076 already claimed [     12.4250,     38.0615]
** WARNING: Boundary link 00005156 already claimed [     12.3750,     38.0615]
Dimr [2026-05-18 17:46:12.504324] #1 >> kernel: Boundary link 00005156 already claimed [     12.3750,     38.0615]
** WARNING: Boundary link 00000834 already claimed [     11.9620,     37.9567]
** WARNING: Boundary link 00005162 already claimed [     12.4150,     38.0615]
Dimr [2026-05-18 17:46:12.504334] #1 >> kernel: Boundary link 00005162 already claimed [     12.4150,     38.0615]
** WARNING: Boundary link 00005249 already claimed [     12.3850,     38.0615]
Dimr [2026-05-18 17:46:12.504330] #4 >> kernel: Boundary link 00000834 already claimed [     11.9620,     37.9567]
** WARNING: Boundary link 00000971 already claimed [     11.9620,     37.9646]
Dimr [2026-05-18 17:46:12.504350] #1 >> kernel: Boundary link 00005249 already claimed [     12.3850,     38.0615]
** WARNING: Boundary link 00005258 already claimed [     12.4050,     38.0615]
Dimr [2026-05-18 17:46:12.504361] #1 >> kernel: Boundary link 00005258 already claimed [     12.4050,     38.0615]
** WARNING: Boundary link 00005342 already claimed [     12.3950,     38.0615]
Dimr [2026-05-18 17:46:12.504355] #4 >> kernel: Boundary link 00000971 already claimed [     11.9620,     37.9646]
** WARNING: Boundary link 00001110 already claimed [     11.9620,     37.9725]
Dimr [2026-05-18 17:46:12.504368] #4 >> kernel: Boundary link 00001110 already claimed [     11.9620,     37.9725]
Dimr [2026-05-18 17:46:12.504373] #1 >> kernel: Boundary link 00005342 already claimed [     12.3950,     38.0615]
** WARNING: Boundary link 00001268 already claimed [     11.9620,     37.9804]
Dimr [2026-05-18 17:46:12.504381] #4 >> kernel: Boundary link 00001268 already claimed [     11.9620,     37.9804]
** WARNING: Boundary link 00001417 already claimed [     11.9620,     37.9882]
Dimr [2026-05-18 17:46:12.504396] #4 >> kernel: Boundary link 00001417 already claimed [     11.9620,     37.9882]
** INFO   : boundary: 'Stagnone_dxy01_15m.pli' opened 0 cells.
** INFO   : waterlevelbnd Stagnone_dxy01_15m.pli       0 nr of open bndcells
** WARNING: Boundary link 00001556 already claimed [     11.9620,     37.9961]
Dimr [2026-05-18 17:46:12.504416] #4 >> kernel: Boundary link 00001556 already claimed [     11.9620,     37.9961]
** WARNING: Boundary link 00001691 already claimed [     11.9750,     38.0615]
Dimr [2026-05-18 17:46:12.504427] #4 >> kernel: Boundary link 00001691 already claimed [     11.9750,     38.0615]
** INFO   : boundary: 'Stagnone_dxy01_15m.pli' opened 0 cells.
** INFO   : waterlevelbnd Stagnone_dxy01_15m.pli       0 nr of open bndcells
** WARNING: Boundary link 00001693 already claimed [     11.9620,     38.0513]
Dimr [2026-05-18 17:46:12.504438] #4 >> kernel: Boundary link 00001693 already claimed [     11.9620,     38.0513]
** WARNING: Boundary link 00001696 already claimed [     11.9620,     38.0040]
Dimr [2026-05-18 17:46:12.504449] #4 >> kernel: Boundary link 00001696 already claimed [     11.9620,     38.0040]
** INFO   : Opened file : Stagnone_dxy01_15m.pli
** INFO   : Opened file : Stagnone_dxy01_15m.pli
** INFO   : boundary: 'Stagnone_dxy01_15m.pli' opened 0 cells.
** INFO   : waterlevelbnd Stagnone_dxy01_15m.pli       0 nr of open bndcells
** WARNING: Boundary link 00001843 already claimed [     11.9850,     38.0615]
Dimr [2026-05-18 17:46:12.504462] #4 >> kernel: Boundary link 00001843 already claimed [     11.9850,     38.0615]
** WARNING: Boundary link 00001847 already claimed [     11.9620,     38.0434]
Dimr [2026-05-18 17:46:12.504473] #4 >> kernel: Boundary link 00001847 already claimed [     11.9620,     38.0434]
** WARNING: Boundary link 00001850 already claimed [     11.9620,     38.0119]
Dimr [2026-05-18 17:46:12.504484] #4 >> kernel: Boundary link 00001850 already claimed [     11.9620,     38.0119]
** WARNING: Boundary link 00002008 already claimed [     11.9950,     38.0615]
Dimr [2026-05-18 17:46:12.504502] #4 >> kernel: Boundary link 00002008 already claimed [     11.9950,     38.0615]
** INFO   : Opened file : Stagnone_dxy01_15m.pli
** WARNING: Boundary link 00002014 already claimed [     11.9620,     38.0355]
Dimr [2026-05-18 17:46:12.504515] #4 >> kernel: Boundary link 00002014 already claimed [     11.9620,     38.0355]
** WARNING: Boundary link 00002017 already claimed [     11.9620,     38.0198]
** WARNING: Boundary link 00002622 already claimed [     11.9620,     38.0119]
Dimr [2026-05-18 17:46:12.504511] #5 >> kernel: Boundary link 00002622 already claimed [     11.9620,     38.0119]
** INFO   : Closed file : Stagnone_dxy01_15m.pli
Dimr [2026-05-18 17:46:12.504526] #4 >> kernel: Boundary link 00002017 already claimed [     11.9620,     38.0198]
** WARNING: Boundary link 00002152 already claimed [     12.0050,     38.0615]
Dimr [2026-05-18 17:46:12.504540] #4 >> kernel: Boundary link 00002152 already claimed [     12.0050,     38.0615]
** WARNING: Boundary link 00002160 already claimed [     11.9620,     38.0276]
** WARNING: Boundary link 00002826 already claimed [     11.9620,     38.0040]
Dimr [2026-05-18 17:46:12.504540] #5 >> kernel: Boundary link 00002826 already claimed [     11.9620,     38.0040]
** WARNING: Boundary link 00003025 already claimed [     11.9620,     37.9961]
** INFO   : Closed file : Stagnone_dxy01_15m.pli
** INFO   : Closed file : Stagnone_dxy01_15m.pli
Dimr [2026-05-18 17:46:12.504553] #4 >> kernel: Boundary link 00002160 already claimed [     11.9620,     38.0276]
** WARNING: Boundary link 00002290 already claimed [     12.0150,     38.0615]
Dimr [2026-05-18 17:46:12.504582] #4 >> kernel: Boundary link 00002290 already claimed [     12.0150,     38.0615]
Dimr [2026-05-18 17:46:12.504558] #5 >> kernel: Boundary link 00003025 already claimed [     11.9620,     37.9961]
** WARNING: Boundary link 00003208 already claimed [     11.9620,     37.9882]
Dimr [2026-05-18 17:46:12.504577] #5 >> kernel: Boundary link 00003208 already claimed [     11.9620,     37.9882]
** WARNING: Boundary link 00002416 already claimed [     12.0250,     38.0615]
Dimr [2026-05-18 17:46:12.504597] #4 >> kernel: Boundary link 00002416 already claimed [     12.0250,     38.0615]
** WARNING: Boundary link 00003404 already claimed [     11.9620,     37.9804]
Dimr [2026-05-18 17:46:12.504607] #5 >> kernel: Boundary link 00003404 already claimed [     11.9620,     37.9804]
** WARNING: Boundary link 00002572 already claimed [     12.0350,     38.0615]
Dimr [2026-05-18 17:46:12.504613] #4 >> kernel: Boundary link 00002572 already claimed [     12.0350,     38.0615]
** WARNING: Boundary link 00002682 already claimed [     12.0450,     38.0615]
Dimr [2026-05-18 17:46:12.504638] #4 >> kernel: Boundary link 00002682 already claimed [     12.0450,     38.0615]
** WARNING: Boundary link 00003600 already claimed [     11.9620,     37.9725]
Dimr [2026-05-18 17:46:12.504632] #5 >> kernel: Boundary link 00003600 already claimed [     11.9620,     37.9725]
** WARNING: Boundary link 00003795 already claimed [     11.9620,     37.9646]
Dimr [2026-05-18 17:46:12.504651] #5 >> kernel: Boundary link 00003795 already claimed [     11.9620,     37.9646]
** WARNING: Boundary link 00002820 already claimed [     12.0550,     38.0615]
Dimr [2026-05-18 17:46:12.504654] #4 >> kernel: Boundary link 00002820 already claimed [     12.0550,     38.0615]
** WARNING: Boundary link 00002944 already claimed [     12.0650,     38.0615]
** WARNING: Boundary link 00003948 already claimed [     11.9620,     37.9567]
Dimr [2026-05-18 17:46:12.504665] #5 >> kernel: Boundary link 00003948 already claimed [     11.9620,     37.9567]
** WARNING: Boundary link 00004110 already claimed [     11.9620,     37.9488]
Dimr [2026-05-18 17:46:12.504676] #5 >> kernel: Boundary link 00004110 already claimed [     11.9620,     37.9488]
Dimr [2026-05-18 17:46:12.504672] #4 >> kernel: Boundary link 00002944 already claimed [     12.0650,     38.0615]
** WARNING: Boundary link 00002986 already claimed [     12.1650,     38.0615]
Dimr [2026-05-18 17:46:12.504683] #4 >> kernel: Boundary link 00002986 already claimed [     12.1650,     38.0615]
** WARNING: Boundary link 00004262 already claimed [     11.9620,     37.9409]
Dimr [2026-05-18 17:46:12.504687] #5 >> kernel: Boundary link 00004262 already claimed [     11.9620,     37.9409]
** WARNING: Boundary link 00004390 already claimed [     11.9620,     37.9331]
Dimr [2026-05-18 17:46:12.504698] #5 >> kernel: Boundary link 00004390 already claimed [     11.9620,     37.9331]
** INFO   : boundary: 'Stagnone_dxy01_15m.pli' opened 15 cells.
** INFO   : waterlevelbnd Stagnone_dxy01_15m.pli      15 nr of open bndcells
** WARNING: Boundary link 00003089 already claimed [     12.0750,     38.0615]
Dimr [2026-05-18 17:46:12.504700] #4 >> kernel: Boundary link 00003089 already claimed [     12.0750,     38.0615]
** WARNING: Boundary link 00003120 already claimed [     12.1550,     38.0615]
Dimr [2026-05-18 17:46:12.504711] #4 >> kernel: Boundary link 00003120 already claimed [     12.1550,     38.0615]
** WARNING: Boundary link 00004479 already claimed [     11.9620,     37.9252]
Dimr [2026-05-18 17:46:12.504709] #5 >> kernel: Boundary link 00004479 already claimed [     11.9620,     37.9252]
** WARNING: Boundary link 00004580 already claimed [     11.9620,     37.9173]
Dimr [2026-05-18 17:46:12.504726] #5 >> kernel: Boundary link 00004580 already claimed [     11.9620,     37.9173]
** WARNING: Boundary link 00004664 already claimed [     11.9620,     37.9094]
** INFO   : Opened file : Stagnone_dxy01_15m.pli
** WARNING: Boundary link 00003250 already claimed [     12.0850,     38.0615]
Dimr [2026-05-18 17:46:12.504740] #4 >> kernel: Boundary link 00003250 already claimed [     12.0850,     38.0615]
** WARNING: Boundary link 00003277 already claimed [     12.1450,     38.0615]
Dimr [2026-05-18 17:46:12.504752] #4 >> kernel: Boundary link 00003277 already claimed [     12.1450,     38.0615]
Dimr [2026-05-18 17:46:12.504740] #5 >> kernel: Boundary link 00004664 already claimed [     11.9620,     37.9094]
** WARNING: Boundary link 00004745 already claimed [     11.9620,     37.9015]
Dimr [2026-05-18 17:46:12.504751] #5 >> kernel: Boundary link 00004745 already claimed [     11.9620,     37.9015]
** WARNING: Boundary link 00004798 already claimed [     11.9620,     37.8936]
** WARNING: Boundary link 00003407 already claimed [     12.0950,     38.0615]
Dimr [2026-05-18 17:46:12.504772] #4 >> kernel: Boundary link 00003407 already claimed [     12.0950,     38.0615]
** WARNING: Boundary link 00003432 already claimed [     12.1350,     38.0615]
Dimr [2026-05-18 17:46:12.504762] #5 >> kernel: Boundary link 00004798 already claimed [     11.9620,     37.8936]
** WARNING: Boundary link 00004866 already claimed [     11.9620,     37.8857]
Dimr [2026-05-18 17:46:12.504774] #5 >> kernel: Boundary link 00004866 already claimed [     11.9620,     37.8857]
** WARNING: Boundary link 00004910 already claimed [     11.9620,     37.8778]
Dimr [2026-05-18 17:46:12.504784] #4 >> kernel: Boundary link 00003432 already claimed [     12.1350,     38.0615]
** WARNING: Boundary link 00003550 already claimed [     12.1050,     38.0615]
Dimr [2026-05-18 17:46:12.504803] #4 >> kernel: Boundary link 00003550 already claimed [     12.1050,     38.0615]
Dimr [2026-05-18 17:46:12.504790] #5 >> kernel: Boundary link 00004910 already claimed [     11.9620,     37.8778]
** WARNING: Boundary link 00004966 already claimed [     11.9620,     37.8699]
Dimr [2026-05-18 17:46:12.504801] #5 >> kernel: Boundary link 00004966 already claimed [     11.9620,     37.8699]
** WARNING: Boundary link 00005010 already claimed [     11.9620,     37.8620]
Dimr [2026-05-18 17:46:12.504814] #5 >> kernel: Boundary link 00005010 already claimed [     11.9620,     37.8620]
** INFO   : Closed file : Stagnone_dxy01_15m.pli
** WARNING: Boundary link 00003568 already claimed [     12.1250,     38.0615]
Dimr [2026-05-18 17:46:12.504815] #4 >> kernel: Boundary link 00003568 already claimed [     12.1250,     38.0615]
** WARNING: Boundary link 00003682 already claimed [     12.1150,     38.0615]
Dimr [2026-05-18 17:46:12.504834] #4 >> kernel: Boundary link 00003682 already claimed [     12.1150,     38.0615]
** WARNING: Boundary link 00005051 already claimed [     11.9620,     37.8541]
Dimr [2026-05-18 17:46:12.504825] #5 >> kernel: Boundary link 00005051 already claimed [     11.9620,     37.8541]
** WARNING: Boundary link 00005100 already claimed [     11.9620,     37.8462]
Dimr [2026-05-18 17:46:12.504836] #5 >> kernel: Boundary link 00005100 already claimed [     11.9620,     37.8462]
** WARNING: Boundary link 00005135 already claimed [     11.9620,     37.8383]
Dimr [2026-05-18 17:46:12.504846] #5 >> kernel: Boundary link 00005135 already claimed [     11.9620,     37.8383]
** WARNING: Boundary link 00005172 already claimed [     11.9620,     37.8304]
Dimr [2026-05-18 17:46:12.504857] #5 >> kernel: Boundary link 00005172 already claimed [     11.9620,     37.8304]
** WARNING: Boundary link 00005220 already claimed [     11.9620,     37.8225]
Dimr [2026-05-18 17:46:12.504868] #5 >> kernel: Boundary link 00005220 already claimed [     11.9620,     37.8225]
** WARNING: Boundary link 00005253 already claimed [     11.9620,     37.8146]
Dimr [2026-05-18 17:46:12.504879] #5 >> kernel: Boundary link 00005253 already claimed [     11.9620,     37.8146]
** WARNING: Boundary link 00005292 already claimed [     11.9620,     37.8067]
Dimr [2026-05-18 17:46:12.504890] #5 >> kernel: Boundary link 00005292 already claimed [     11.9620,     37.8067]
** WARNING: Boundary link 00005331 already claimed [     11.9620,     37.7988]
Dimr [2026-05-18 17:46:12.504901] #5 >> kernel: Boundary link 00005331 already claimed [     11.9620,     37.7988]
** WARNING: Boundary link 00005372 already claimed [     11.9620,     37.7909]
Dimr [2026-05-18 17:46:12.504911] #5 >> kernel: Boundary link 00005372 already claimed [     11.9620,     37.7909]
** WARNING: Boundary link 00005415 already claimed [     11.9620,     37.7830]
Dimr [2026-05-18 17:46:12.504924] #5 >> kernel: Boundary link 00005415 already claimed [     11.9620,     37.7830]
** WARNING: Boundary link 00005460 already claimed [     11.9620,     37.7751]
Dimr [2026-05-18 17:46:12.504934] #5 >> kernel: Boundary link 00005460 already claimed [     11.9620,     37.7751]
** WARNING: Boundary link 00005505 already claimed [     11.9620,     37.7672]
Dimr [2026-05-18 17:46:12.504945] #5 >> kernel: Boundary link 00005505 already claimed [     11.9620,     37.7672]
** WARNING: Boundary link 00005552 already claimed [     11.9620,     37.7593]
Dimr [2026-05-18 17:46:12.504956] #5 >> kernel: Boundary link 00005552 already claimed [     11.9620,     37.7593]
** WARNING: Boundary link 00005603 already claimed [     11.9620,     37.7514]
Dimr [2026-05-18 17:46:12.504966] #5 >> kernel: Boundary link 00005603 already claimed [     11.9620,     37.7514]
** WARNING: Boundary link 00005656 already claimed [     11.9620,     37.7435]
Dimr [2026-05-18 17:46:12.504976] #5 >> kernel: Boundary link 00005656 already claimed [     11.9620,     37.7435]
** WARNING: Boundary link 00005713 already claimed [     11.9620,     37.7356]
Dimr [2026-05-18 17:46:12.504986] #5 >> kernel: Boundary link 00005713 already claimed [     11.9620,     37.7356]
** WARNING: Boundary link 00005770 already claimed [     11.9620,     37.7277]
** INFO   : boundary: 'Stagnone_dxy01_15m.pli' opened 38 cells.
** INFO   : boundary: 'Stagnone_dxy01_15m.pli' opened 0 cells.
** INFO   : waterlevelbnd Stagnone_dxy01_15m.pli       0 nr of open bndcells
Dimr [2026-05-18 17:46:12.504997] #5 >> kernel: Boundary link 00005770 already claimed [     11.9620,     37.7277]
** WARNING: Boundary link 00005827 already claimed [     11.9620,     37.7198]
Dimr [2026-05-18 17:46:12.505007] #5 >> kernel: Boundary link 00005827 already claimed [     11.9620,     37.7198]
** WARNING: Boundary link 00005884 already claimed [     11.9620,     37.7119]
Dimr [2026-05-18 17:46:12.505018] #5 >> kernel: Boundary link 00005884 already claimed [     11.9620,     37.7119]
** INFO   : salinitybnd Stagnone_dxy01_15m.pli      38 nr of salinity bndcells
** INFO   : Opened file : Stagnone_dxy01_15m.pli
** WARNING: Boundary link 00005997 already claimed [     11.9750,     37.7016]
Dimr [2026-05-18 17:46:12.505033] #5 >> kernel: Boundary link 00005997 already claimed [     11.9750,     37.7016]
** WARNING: Boundary link 00006050 already claimed [     11.9850,     37.7016]
** INFO   : Opened file : Stagnone_dxy01_15m.pli
Dimr [2026-05-18 17:46:12.505044] #5 >> kernel: Boundary link 00006050 already claimed [     11.9850,     37.7016]
** WARNING: Boundary link 00006101 already claimed [     11.9950,     37.7016]
Dimr [2026-05-18 17:46:12.505055] #5 >> kernel: Boundary link 00006101 already claimed [     11.9950,     37.7016]
** WARNING: Boundary link 00006151 already claimed [     12.0050,     37.7016]
Dimr [2026-05-18 17:46:12.505065] #5 >> kernel: Boundary link 00006151 already claimed [     12.0050,     37.7016]
** WARNING: Boundary link 00006196 already claimed [     12.0150,     37.7016]
Dimr [2026-05-18 17:46:12.505076] #5 >> kernel: Boundary link 00006196 already claimed [     12.0150,     37.7016]
** WARNING: Boundary link 00006239 already claimed [     12.0250,     37.7016]
Dimr [2026-05-18 17:46:12.505086] #5 >> kernel: Boundary link 00006239 already claimed [     12.0250,     37.7016]
** WARNING: Boundary link 00006280 already claimed [     12.0350,     37.7016]
Dimr [2026-05-18 17:46:12.505097] #5 >> kernel: Boundary link 00006280 already claimed [     12.0350,     37.7016]
** INFO   : boundary: 'Stagnone_dxy01_15m.pli' opened 0 cells.
** INFO   : waterlevelbnd Stagnone_dxy01_15m.pli       0 nr of open bndcells
** INFO   : Closed file : Stagnone_dxy01_15m.pli
** INFO   : Closed file : Stagnone_dxy01_15m.pli
** WARNING: Boundary link 00006320 already claimed [     12.0450,     37.7016]
Dimr [2026-05-18 17:46:12.505109] #5 >> kernel: Boundary link 00006320 already claimed [     12.0450,     37.7016]
** WARNING: Boundary link 00006355 already claimed [     12.0550,     37.7016]
Dimr [2026-05-18 17:46:12.505120] #5 >> kernel: Boundary link 00006355 already claimed [     12.0550,     37.7016]
** WARNING: Boundary link 00006388 already claimed [     12.0650,     37.7016]
Dimr [2026-05-18 17:46:12.505130] #5 >> kernel: Boundary link 00006388 already claimed [     12.0650,     37.7016]
** WARNING: Boundary link 00006419 already claimed [     12.0750,     37.7016]
Dimr [2026-05-18 17:46:12.505140] #5 >> kernel: Boundary link 00006419 already claimed [     12.0750,     37.7016]
** WARNING: Boundary link 00006448 already claimed [     12.0850,     37.7016]
Dimr [2026-05-18 17:46:12.505153] #5 >> kernel: Boundary link 00006448 already claimed [     12.0850,     37.7016]
** INFO   : Opened file : Stagnone_dxy01_15m.pli
** WARNING: Boundary link 00006475 already claimed [     12.0950,     37.7016]
Dimr [2026-05-18 17:46:12.505165] #5 >> kernel: Boundary link 00006475 already claimed [     12.0950,     37.7016]
** WARNING: Boundary link 00006500 already claimed [     12.1050,     37.7016]
Dimr [2026-05-18 17:46:12.505175] #5 >> kernel: Boundary link 00006500 already claimed [     12.1050,     37.7016]
** WARNING: Boundary link 00006523 already claimed [     12.1150,     37.7016]
Dimr [2026-05-18 17:46:12.505185] #5 >> kernel: Boundary link 00006523 already claimed [     12.1150,     37.7016]
** WARNING: Boundary link 00006544 already claimed [     12.1250,     37.7016]
Dimr [2026-05-18 17:46:12.505196] #5 >> kernel: Boundary link 00006544 already claimed [     12.1250,     37.7016]
** WARNING: Boundary link 00006563 already claimed [     12.1350,     37.7016]
** INFO   : Closed file : Stagnone_dxy01_15m.pli
Dimr [2026-05-18 17:46:12.505206] #5 >> kernel: Boundary link 00006563 already claimed [     12.1350,     37.7016]
** WARNING: Boundary link 00006581 already claimed [     12.1450,     37.7016]
Dimr [2026-05-18 17:46:12.505217] #5 >> kernel: Boundary link 00006581 already claimed [     12.1450,     37.7016]
** WARNING: Boundary link 00006594 already claimed [     12.1550,     37.7016]
Dimr [2026-05-18 17:46:12.505227] #5 >> kernel: Boundary link 00006594 already claimed [     12.1550,     37.7016]
** INFO   : boundary: 'Stagnone_dxy01_15m.pli' opened 0 cells.
** INFO   : waterlevelbnd Stagnone_dxy01_15m.pli       0 nr of open bndcells
** WARNING: Boundary link 00006605 already claimed [     12.1650,     37.7016]
Dimr [2026-05-18 17:46:12.505238] #5 >> kernel: Boundary link 00006605 already claimed [     12.1650,     37.7016]
** WARNING: Boundary link 00006614 already claimed [     12.1750,     37.7016]
Dimr [2026-05-18 17:46:12.505248] #5 >> kernel: Boundary link 00006614 already claimed [     12.1750,     37.7016]
** INFO   : boundary: 'Stagnone_dxy01_15m.pli' opened 34 cells.
** INFO   : waterlevelbnd Stagnone_dxy01_15m.pli      34 nr of open bndcells
** INFO   : Opened file : Stagnone_dxy01_15m.pli
** WARNING: Boundary link 00006621 already claimed [     12.1850,     37.7016]
Dimr [2026-05-18 17:46:12.505258] #5 >> kernel: Boundary link 00006621 already claimed [     12.1850,     37.7016]
** WARNING: Boundary link 00006626 already claimed [     12.1950,     37.7016]
Dimr [2026-05-18 17:46:12.505269] #5 >> kernel: Boundary link 00006626 already claimed [     12.1950,     37.7016]
** WARNING: Boundary link 00006629 already claimed [     12.2050,     37.7016]
Dimr [2026-05-18 17:46:12.505279] #5 >> kernel: Boundary link 00006629 already claimed [     12.2050,     37.7016]
** INFO   : boundary: 'Stagnone_dxy01_15m.pli' opened 0 cells.
** INFO   : waterlevelbnd Stagnone_dxy01_15m.pli       0 nr of open bndcells
** INFO   : Opened file : Stagnone_dxy01_15m.pli
** INFO   : Opened file : Stagnone_dxy01_15m.pli
** INFO   : Closed file : Stagnone_dxy01_15m.pli
** INFO   : Closed file : Stagnone_dxy01_15m.pli
** INFO   : boundary: 'Stagnone_dxy01_15m.pli' opened 0 cells.
** INFO   : waterlevelbnd Stagnone_dxy01_15m.pli       0 nr of open bndcells
** INFO   : Closed file : Stagnone_dxy01_15m.pli
** INFO   : Opened file : Stagnone_dxy01_15m.pli
** INFO   : Closed file : Stagnone_dxy01_15m.pli
** INFO   : boundary: 'Stagnone_dxy01_15m.pli' opened 38 cells.
** INFO   : temperaturebnd Stagnone_dxy01_15m.pli      38 nr of temperature bndcells
** INFO   : Opened file : Stagnone_dxy01_15m.pli
** INFO   : boundary: 'Stagnone_dxy01_15m.pli' opened 33 cells.
** INFO   : salinitybnd Stagnone_dxy01_15m.pli      33 nr of salinity bndcells
** INFO   : Opened file : Stagnone_dxy01_15m.pli
** INFO   : Closed file : Stagnone_dxy01_15m.pli
** WARNING: Boundary link 00004697 already claimed [     12.3950,     38.0615]
Dimr [2026-05-18 17:46:12.505635] #2 >> kernel: Boundary link 00004697 already claimed [     12.3950,     38.0615]
** INFO   : Closed file : Stagnone_dxy01_15m.pli
** WARNING: Boundary link 00004787 already claimed [     12.4050,     38.0615]
Dimr [2026-05-18 17:46:12.505679] #2 >> kernel: Boundary link 00004787 already claimed [     12.4050,     38.0615]
** WARNING: Boundary link 00004875 already claimed [     12.4150,     38.0615]
Dimr [2026-05-18 17:46:12.505713] #2 >> kernel: Boundary link 00004875 already claimed [     12.4150,     38.0615]
** WARNING: Boundary link 00004944 already claimed [     12.4250,     38.0615]
Dimr [2026-05-18 17:46:12.505740] #2 >> kernel: Boundary link 00004944 already claimed [     12.4250,     38.0615]
** WARNING: Boundary link 00005011 already claimed [     12.4350,     38.0615]
Dimr [2026-05-18 17:46:12.505760] #2 >> kernel: Boundary link 00005011 already claimed [     12.4350,     38.0615]
** INFO   : boundary: 'Stagnone_dxy01_15m.pli' opened 0 cells.
** INFO   : salinitybnd Stagnone_dxy01_15m.pli       0 nr of salinity bndcells
** WARNING: Boundary link 00005081 already claimed [     12.4450,     38.0615]
Dimr [2026-05-18 17:46:12.505783] #2 >> kernel: Boundary link 00005081 already claimed [     12.4450,     38.0615]
** WARNING: Boundary link 00005143 already claimed [     12.4550,     38.0615]
** INFO   : Opened file : Stagnone_dxy01_15m.pli
Dimr [2026-05-18 17:46:12.505801] #2 >> kernel: Boundary link 00005143 already claimed [     12.4550,     38.0615]
** WARNING: Boundary link 00005197 already claimed [     12.4650,     38.0615]
Dimr [2026-05-18 17:46:12.505826] #2 >> kernel: Boundary link 00005197 already claimed [     12.4650,     38.0615]
** INFO   : boundary: 'Stagnone_dxy01_15m.pli' opened 63 cells.
** INFO   : salinitybnd Stagnone_dxy01_15m.pli      63 nr of salinity bndcells
** WARNING: Boundary link 00005258 already claimed [     12.4750,     38.0615]
Dimr [2026-05-18 17:46:12.505852] #2 >> kernel: Boundary link 00005258 already claimed [     12.4750,     38.0615]
** INFO   : Closed file : Stagnone_dxy01_15m.pli
** WARNING: Boundary link 00005305 already claimed [     12.4850,     38.0615]
Dimr [2026-05-18 17:46:12.505872] #2 >> kernel: Boundary link 00005305 already claimed [     12.4850,     38.0615]
** INFO   : Opened file : Stagnone_dxy01_15m.pli
** WARNING: Boundary link 00005358 already claimed [     12.4950,     38.0615]
Dimr [2026-05-18 17:46:12.505897] #2 >> kernel: Boundary link 00005358 already claimed [     12.4950,     38.0615]
** WARNING: Boundary link 00005407 already claimed [     12.5050,     38.0615]
Dimr [2026-05-18 17:46:12.505914] #2 >> kernel: Boundary link 00005407 already claimed [     12.5050,     38.0615]
** WARNING: Boundary link 00005448 already claimed [     12.5150,     38.0615]
Dimr [2026-05-18 17:46:12.505930] #2 >> kernel: Boundary link 00005448 already claimed [     12.5150,     38.0615]
** INFO   : Closed file : Stagnone_dxy01_15m.pli
** WARNING: Boundary link 00005538 already claimed [     12.5250,     38.0622]
Dimr [2026-05-18 17:46:12.505956] #2 >> kernel: Boundary link 00005538 already claimed [     12.5250,     38.0622]
** WARNING: Boundary link 00005578 already claimed [     12.5325,     38.0623]
Dimr [2026-05-18 17:46:12.505973] #2 >> kernel: Boundary link 00005578 already claimed [     12.5325,     38.0623]
** INFO   : boundary: 'Stagnone_dxy01_15m.pli' opened 0 cells.
** INFO   : salinitybnd Stagnone_dxy01_15m.pli       0 nr of salinity bndcells
** INFO   : boundary: 'Stagnone_dxy01_15m.pli' opened 38 cells.
** INFO   : uxuyadvectionvelocitybnd Stagnone_dxy01_15m.pli      38 nr of uxuyadvectionvelocity bndcells
** INFO   : Opened file : Stagnone_dxy01_15m.pli
** INFO   : Opened file : Stagnone_dxy01_15m.pli
** INFO   : boundary: 'Stagnone_dxy01_15m.pli' opened 0 cells.
** INFO   : waterlevelbnd Stagnone_dxy01_15m.pli       0 nr of open bndcells
** INFO   : boundary: 'Stagnone_dxy01_15m.pli' opened 33 cells.
** INFO   : temperaturebnd Stagnone_dxy01_15m.pli      33 nr of temperature bndcells
** INFO   : Opened file : Stagnone_dxy01_15m.pli
** INFO   : Closed file : Stagnone_dxy01_15m.pli
** INFO   : Opened file : Stagnone_dxy01_15m.pli
** INFO   : Closed file : Stagnone_dxy01_15m.pli
** INFO   : Closed file : Stagnone_dxy01_15m.pli
** INFO   : Closed file : Stagnone_dxy01_15m.pli
** WARNING: Boundary link 00005266 already claimed [     12.4575,     37.7008]
Dimr [2026-05-18 17:46:12.506258] #7 >> kernel: Boundary link 00005266 already claimed [     12.4575,     37.7008]
** WARNING: Boundary link 00005313 already claimed [     12.4525,     37.7008]
Dimr [2026-05-18 17:46:12.506276] #7 >> kernel: Boundary link 00005313 already claimed [     12.4525,     37.7008]
** WARNING: Boundary link 00005361 already claimed [     12.4450,     37.7009]
Dimr [2026-05-18 17:46:12.506288] #7 >> kernel: Boundary link 00005361 already claimed [     12.4450,     37.7009]
** WARNING: Boundary link 00005453 already claimed [     12.4350,     37.7016]
Dimr [2026-05-18 17:46:12.506299] #7 >> kernel: Boundary link 00005453 already claimed [     12.4350,     37.7016]
** WARNING: Boundary link 00005500 already claimed [     12.4250,     37.7016]
Dimr [2026-05-18 17:46:12.506309] #7 >> kernel: Boundary link 00005500 already claimed [     12.4250,     37.7016]
** WARNING: Boundary link 00005545 already claimed [     12.4150,     37.7016]
Dimr [2026-05-18 17:46:12.506318] #7 >> kernel: Boundary link 00005545 already claimed [     12.4150,     37.7016]
** WARNING: Boundary link 00005590 already claimed [     12.4050,     37.7016]
Dimr [2026-05-18 17:46:12.506328] #7 >> kernel: Boundary link 00005590 already claimed [     12.4050,     37.7016]
** WARNING: Boundary link 00005635 already claimed [     12.3950,     37.7016]
Dimr [2026-05-18 17:46:12.506338] #7 >> kernel: Boundary link 00005635 already claimed [     12.3950,     37.7016]
** WARNING: Boundary link 00005681 already claimed [     12.3850,     37.7016]
Dimr [2026-05-18 17:46:12.506347] #7 >> kernel: Boundary link 00005681 already claimed [     12.3850,     37.7016]
** WARNING: Boundary link 00005725 already claimed [     12.3750,     37.7016]
Dimr [2026-05-18 17:46:12.506357] #7 >> kernel: Boundary link 00005725 already claimed [     12.3750,     37.7016]
** WARNING: Boundary link 00005766 already claimed [     12.3650,     37.7016]
Dimr [2026-05-18 17:46:12.506366] #7 >> kernel: Boundary link 00005766 already claimed [     12.3650,     37.7016]
** WARNING: Boundary link 00005807 already claimed [     12.3550,     37.7016]
Dimr [2026-05-18 17:46:12.506376] #7 >> kernel: Boundary link 00005807 already claimed [     12.3550,     37.7016]
** WARNING: Boundary link 00005849 already claimed [     12.3450,     37.7016]
** INFO   : boundary: 'Stagnone_dxy01_15m.pli' opened 63 cells.
** INFO   : temperaturebnd Stagnone_dxy01_15m.pli      63 nr of temperature bndcells
Dimr [2026-05-18 17:46:12.506385] #7 >> kernel: Boundary link 00005849 already claimed [     12.3450,     37.7016]
** WARNING: Boundary link 00005889 already claimed [     12.3350,     37.7016]
Dimr [2026-05-18 17:46:12.506395] #7 >> kernel: Boundary link 00005889 already claimed [     12.3350,     37.7016]
** WARNING: Boundary link 00005927 already claimed [     12.3250,     37.7016]
Dimr [2026-05-18 17:46:12.506405] #7 >> kernel: Boundary link 00005927 already claimed [     12.3250,     37.7016]
** WARNING: Boundary link 00005962 already claimed [     12.3150,     37.7016]
Dimr [2026-05-18 17:46:12.506414] #7 >> kernel: Boundary link 00005962 already claimed [     12.3150,     37.7016]
** WARNING: Boundary link 00005998 already claimed [     12.3050,     37.7016]
Dimr [2026-05-18 17:46:12.506424] #7 >> kernel: Boundary link 00005998 already claimed [     12.3050,     37.7016]
** INFO   : Opened file : Stagnone_dxy01_15m.pli
** INFO   : boundary: 'Stagnone_dxy01_15m.pli' opened 0 cells.
** INFO   : temperaturebnd Stagnone_dxy01_15m.pli       0 nr of temperature bndcells
** WARNING: Boundary link 00006032 already claimed [     12.2950,     37.7016]
Dimr [2026-05-18 17:46:12.506439] #7 >> kernel: Boundary link 00006032 already claimed [     12.2950,     37.7016]
** WARNING: Boundary link 00006064 already claimed [     12.2850,     37.7016]
Dimr [2026-05-18 17:46:12.506449] #7 >> kernel: Boundary link 00006064 already claimed [     12.2850,     37.7016]
** INFO   : Opened file : Stagnone_dxy01_15m.pli
** WARNING: Boundary link 00006094 already claimed [     12.2750,     37.7016]
Dimr [2026-05-18 17:46:12.506458] #7 >> kernel: Boundary link 00006094 already claimed [     12.2750,     37.7016]
** WARNING: Boundary link 00006122 already claimed [     12.2650,     37.7016]
Dimr [2026-05-18 17:46:12.506468] #7 >> kernel: Boundary link 00006122 already claimed [     12.2650,     37.7016]
** WARNING: Boundary link 00006148 already claimed [     12.2550,     37.7016]
** INFO   : Closed file : Stagnone_dxy01_15m.pli
Dimr [2026-05-18 17:46:12.506478] #7 >> kernel: Boundary link 00006148 already claimed [     12.2550,     37.7016]
** WARNING: Boundary link 00006172 already claimed [     12.2450,     37.7016]
Dimr [2026-05-18 17:46:12.506488] #7 >> kernel: Boundary link 00006172 already claimed [     12.2450,     37.7016]
** WARNING: Boundary link 00006194 already claimed [     12.2350,     37.7016]
Dimr [2026-05-18 17:46:12.506498] #7 >> kernel: Boundary link 00006194 already claimed [     12.2350,     37.7016]
** WARNING: Boundary link 00006214 already claimed [     12.2250,     37.7016]
Dimr [2026-05-18 17:46:12.506509] #7 >> kernel: Boundary link 00006214 already claimed [     12.2250,     37.7016]
** WARNING: Boundary link 00006232 already claimed [     12.2150,     37.7016]
** INFO   : boundary: 'Stagnone_dxy01_15m.pli' opened 0 cells.
** INFO   : waterlevelbnd Stagnone_dxy01_15m.pli       0 nr of open bndcells
** INFO   : Closed file : Stagnone_dxy01_15m.pli
Dimr [2026-05-18 17:46:12.506519] #7 >> kernel: Boundary link 00006232 already claimed [     12.2150,     37.7016]
** WARNING: Boundary link 00006248 already claimed [     12.2050,     37.7016]
Dimr [2026-05-18 17:46:12.506529] #7 >> kernel: Boundary link 00006248 already claimed [     12.2050,     37.7016]
** WARNING: Boundary link 00006262 already claimed [     12.1950,     37.7016]
Dimr [2026-05-18 17:46:12.506538] #7 >> kernel: Boundary link 00006262 already claimed [     12.1950,     37.7016]
** WARNING: Boundary link 00006273 already claimed [     12.1850,     37.7016]
** INFO   : Opened file : Stagnone_dxy01_15m.pli
Dimr [2026-05-18 17:46:12.506548] #7 >> kernel: Boundary link 00006273 already claimed [     12.1850,     37.7016]
** WARNING: Boundary link 00006285 already claimed [     12.1750,     37.7016]
Dimr [2026-05-18 17:46:12.506557] #7 >> kernel: Boundary link 00006285 already claimed [     12.1750,     37.7016]
** WARNING: Boundary link 00006295 already claimed [     12.1650,     37.7016]
Dimr [2026-05-18 17:46:12.506567] #7 >> kernel: Boundary link 00006295 already claimed [     12.1650,     37.7016]
** WARNING: Boundary link 00006303 already claimed [     12.1550,     37.7016]
Dimr [2026-05-18 17:46:12.506578] #7 >> kernel: Boundary link 00006303 already claimed [     12.1550,     37.7016]
** WARNING: Boundary link 00006309 already claimed [     12.1450,     37.7016]
** INFO   : boundary: 'Stagnone_dxy01_15m.pli' opened 38 cells.
** INFO   : tracerbndlagoon_tracer Stagnone_dxy01_15m.pli      38 nr of tracer bndcells
Dimr [2026-05-18 17:46:12.506588] #7 >> kernel: Boundary link 00006309 already claimed [     12.1450,     37.7016]
** WARNING: Boundary link 00006313 already claimed [     12.1350,     37.7016]
Dimr [2026-05-18 17:46:12.506598] #7 >> kernel: Boundary link 00006313 already claimed [     12.1350,     37.7016]
** INFO   : boundary: 'Stagnone_dxy01_15m.pli' opened 0 cells.
** INFO   : waterlevelbnd Stagnone_dxy01_15m.pli       0 nr of open bndcells
** INFO   : Opened file : turbid_airport.pli
** INFO   : Closed file : turbid_airport.pli
** INFO   : Closed file : Stagnone_dxy01_15m.pli
** INFO   : Opened file : Stagnone_dxy01_15m.pli
** INFO   : boundary: 'turbid_airport.pli' opened 0 cells.
** INFO   : tracerbndturbid_airport turbid_airport.pli       0 nr of tracer bndcells
** INFO   : boundary: 'Stagnone_dxy01_15m.pli' opened 33 cells.
** INFO   : uxuyadvectionvelocitybnd Stagnone_dxy01_15m.pli      33 nr of uxuyadvectionvelocity bndcells
** INFO   : Opened file : turbid_saltpans.pli
** INFO   : Closed file : turbid_saltpans.pli
** INFO   : boundary: 'turbid_saltpans.pli' opened 0 cells.
** INFO   : Opened file : Stagnone_dxy01_15m.pli
** INFO   : Closed file : Stagnone_dxy01_15m.pli
** INFO   : tracerbndturbid_saltpans turbid_saltpans.pli       0 nr of tracer bndcells
** INFO   : Closed file : Stagnone_dxy01_15m.pli
** INFO   : boundary: 'Stagnone_dxy01_15m.pli' opened 0 cells.
** INFO   : temperaturebnd Stagnone_dxy01_15m.pli       0 nr of temperature bndcells
** INFO   : Opened file : Stagnone_dxy01_15m.pli
** INFO   : Closed file : Stagnone_dxy01_15m.pli
** INFO   : boundary: 'Stagnone_dxy01_15m.pli' opened 63 cells.
** INFO   : uxuyadvectionvelocitybnd Stagnone_dxy01_15m.pli      63 nr of uxuyadvectionvelocity bndcells
** INFO   : Opened file : Stagnone_dxy01_15m.pli
** INFO   : Closed file : Stagnone_dxy01_15m.pli
** INFO   : boundary: 'Stagnone_dxy01_15m.pli' opened 0 cells.
** INFO   : uxuyadvectionvelocitybnd Stagnone_dxy01_15m.pli       0 nr of uxuyadvectionvelocity bndcells
** INFO   : Opened file : Stagnone_dxy01_15m.pli
** INFO   : Closed file : Stagnone_dxy01_15m.pli
** INFO   : boundary: 'Stagnone_dxy01_15m.pli' opened 33 cells.
** INFO   : tracerbndlagoon_tracer Stagnone_dxy01_15m.pli      33 nr of tracer bndcells
** INFO   : Opened file : turbid_airport.pli
** INFO   : Closed file : turbid_airport.pli
** INFO   : boundary: 'turbid_airport.pli' opened 0 cells.
** INFO   : tracerbndturbid_airport turbid_airport.pli       0 nr of tracer bndcells
** INFO   : Opened file : turbid_saltpans.pli
** INFO   : Closed file : turbid_saltpans.pli
** INFO   : boundary: 'turbid_saltpans.pli' opened 0 cells.
** INFO   : tracerbndturbid_saltpans turbid_saltpans.pli       0 nr of tracer bndcells
** INFO   : boundary: 'Stagnone_dxy01_15m.pli' opened 15 cells.
** INFO   : salinitybnd Stagnone_dxy01_15m.pli      15 nr of salinity bndcells
** INFO   : Opened file : Stagnone_dxy01_15m.pli
** INFO   : Closed file : Stagnone_dxy01_15m.pli
** INFO   : boundary: 'Stagnone_dxy01_15m.pli' opened 63 cells.
** INFO   : tracerbndlagoon_tracer Stagnone_dxy01_15m.pli      63 nr of tracer bndcells
** INFO   : Opened file : turbid_airport.pli
** INFO   : Closed file : turbid_airport.pli
** INFO   : boundary: 'turbid_airport.pli' opened 0 cells.
** INFO   : tracerbndturbid_airport turbid_airport.pli       0 nr of tracer bndcells
** INFO   : Opened file : turbid_saltpans.pli
** INFO   : Closed file : turbid_saltpans.pli
** INFO   : boundary: 'turbid_saltpans.pli' opened 0 cells.
** INFO   : boundary: 'Stagnone_dxy01_15m.pli' opened 0 cells.
** INFO   : uxuyadvectionvelocitybnd Stagnone_dxy01_15m.pli       0 nr of uxuyadvectionvelocity bndcells
** INFO   : tracerbndturbid_saltpans turbid_saltpans.pli       0 nr of tracer bndcells
** INFO   : Opened file : Stagnone_dxy01_15m.pli
** INFO   : boundary: 'Stagnone_dxy01_15m.pli' opened 0 cells.
** INFO   : salinitybnd Stagnone_dxy01_15m.pli       0 nr of salinity bndcells
** INFO   : Opened file : Stagnone_dxy01_15m.pli
** INFO   : boundary: 'Stagnone_dxy01_15m.pli' opened 34 cells.
** INFO   : salinitybnd Stagnone_dxy01_15m.pli      34 nr of salinity bndcells
** INFO   : Opened file : Stagnone_dxy01_15m.pli
** INFO   : Closed file : Stagnone_dxy01_15m.pli
** INFO   : boundary: 'Stagnone_dxy01_15m.pli' opened 0 cells.
** INFO   : tracerbndlagoon_tracer Stagnone_dxy01_15m.pli       0 nr of tracer bndcells
** INFO   : Closed file : Stagnone_dxy01_15m.pli
** INFO   : Opened file : turbid_airport.pli
** INFO   : Closed file : Stagnone_dxy01_15m.pli
** INFO   : Closed file : turbid_airport.pli
** INFO   : boundary: 'turbid_airport.pli' opened 0 cells.
** INFO   : tracerbndturbid_airport turbid_airport.pli       0 nr of tracer bndcells
** INFO   : Opened file : turbid_saltpans.pli
** INFO   : Closed file : turbid_saltpans.pli
** INFO   : boundary: 'turbid_saltpans.pli' opened 0 cells.
** INFO   : tracerbndturbid_saltpans turbid_saltpans.pli       0 nr of tracer bndcells
** INFO   : boundary: 'Stagnone_dxy01_15m.pli' opened 0 cells.
** INFO   : tracerbndlagoon_tracer Stagnone_dxy01_15m.pli       0 nr of tracer bndcells
** INFO   : Opened file : turbid_airport.pli
** INFO   : Closed file : turbid_airport.pli
** INFO   : boundary: 'turbid_airport.pli' opened 0 cells.
** INFO   : tracerbndturbid_airport turbid_airport.pli       0 nr of tracer bndcells
** INFO   : Opened file : turbid_saltpans.pli
** INFO   : Closed file : turbid_saltpans.pli
** INFO   : boundary: 'turbid_saltpans.pli' opened 0 cells.
** INFO   : tracerbndturbid_saltpans turbid_saltpans.pli       0 nr of tracer bndcells
** INFO   : boundary: 'Stagnone_dxy01_15m.pli' opened 15 cells.
** INFO   : temperaturebnd Stagnone_dxy01_15m.pli      15 nr of temperature bndcells
** INFO   : Opened file : Stagnone_dxy01_15m.pli
** INFO   : Closed file : Stagnone_dxy01_15m.pli
** INFO   : boundary: 'Stagnone_dxy01_15m.pli' opened 34 cells.
** INFO   : temperaturebnd Stagnone_dxy01_15m.pli      34 nr of temperature bndcells
** INFO   : Opened file : Stagnone_dxy01_15m.pli
** INFO   : boundary: 'Stagnone_dxy01_15m.pli' opened 0 cells.
** INFO   : temperaturebnd Stagnone_dxy01_15m.pli       0 nr of temperature bndcells
** INFO   : Opened file : Stagnone_dxy01_15m.pli
** INFO   : Closed file : Stagnone_dxy01_15m.pli
** INFO   : Closed file : Stagnone_dxy01_15m.pli
** INFO   : boundary: 'Stagnone_dxy01_15m.pli' opened 15 cells.
** INFO   : uxuyadvectionvelocitybnd Stagnone_dxy01_15m.pli      15 nr of uxuyadvectionvelocity bndcells
** INFO   : boundary: 'Stagnone_dxy01_15m.pli' opened 34 cells.
** INFO   : uxuyadvectionvelocitybnd Stagnone_dxy01_15m.pli      34 nr of uxuyadvectionvelocity bndcells
** INFO   : Opened file : Stagnone_dxy01_15m.pli
** INFO   : Opened file : Stagnone_dxy01_15m.pli
** INFO   : Closed file : Stagnone_dxy01_15m.pli
** INFO   : Closed file : Stagnone_dxy01_15m.pli
** INFO   : boundary: 'Stagnone_dxy01_15m.pli' opened 0 cells.
** INFO   : uxuyadvectionvelocitybnd Stagnone_dxy01_15m.pli       0 nr of uxuyadvectionvelocity bndcells
** INFO   : Opened file : Stagnone_dxy01_15m.pli
** INFO   : Closed file : Stagnone_dxy01_15m.pli
** INFO   : boundary: 'Stagnone_dxy01_15m.pli' opened 34 cells.
** INFO   : tracerbndlagoon_tracer Stagnone_dxy01_15m.pli      34 nr of tracer bndcells
** INFO   : Opened file : turbid_airport.pli
** INFO   : Closed file : turbid_airport.pli
** INFO   : boundary: 'turbid_airport.pli' opened 0 cells.
** INFO   : tracerbndturbid_airport turbid_airport.pli       0 nr of tracer bndcells
** INFO   : Opened file : turbid_saltpans.pli
** INFO   : Closed file : turbid_saltpans.pli
** INFO   : boundary: 'turbid_saltpans.pli' opened 0 cells.
** INFO   : tracerbndturbid_saltpans turbid_saltpans.pli       0 nr of tracer bndcells
** INFO   : boundary: 'Stagnone_dxy01_15m.pli' opened 15 cells.
** INFO   : tracerbndlagoon_tracer Stagnone_dxy01_15m.pli      15 nr of tracer bndcells
** INFO   : Opened file : turbid_airport.pli
** INFO   : Closed file : turbid_airport.pli
** INFO   : boundary: 'Stagnone_dxy01_15m.pli' opened 0 cells.
** INFO   : tracerbndlagoon_tracer Stagnone_dxy01_15m.pli       0 nr of tracer bndcells
** INFO   : boundary: 'turbid_airport.pli' opened 0 cells.
** INFO   : tracerbndturbid_airport turbid_airport.pli       0 nr of tracer bndcells
** INFO   : Opened file : turbid_airport.pli
** INFO   : Closed file : turbid_airport.pli
** INFO   : Opened file : turbid_saltpans.pli
** INFO   : Closed file : turbid_saltpans.pli
** INFO   : boundary: 'turbid_airport.pli' opened 0 cells.
** INFO   : tracerbndturbid_airport turbid_airport.pli       0 nr of tracer bndcells
** INFO   : boundary: 'turbid_saltpans.pli' opened 0 cells.
** INFO   : tracerbndturbid_saltpans turbid_saltpans.pli       0 nr of tracer bndcells
** INFO   : Opened file : turbid_saltpans.pli
** INFO   : Closed file : turbid_saltpans.pli
** INFO   : boundary: 'turbid_saltpans.pli' opened 0 cells.
** INFO   : tracerbndturbid_saltpans turbid_saltpans.pli       0 nr of tracer bndcells
** INFO   : Start partitioning model...
** INFO   : Start partitioning model...
** INFO   : Start partitioning model...
** INFO   : Start partitioning model...
** INFO   : Start partitioning model...
** INFO   : added node-based ghostcells:             30
** INFO   : Start partitioning model...
** INFO   : added node-based ghostcells:             29
** INFO   : Start partitioning model...
** INFO   : Start partitioning model...
** INFO   : added node-based ghostcells:             15
** INFO   : added node-based ghostcells:              6
** INFO   : added node-based ghostcells:             46
** INFO   : added node-based ghostcells:              5
** INFO   : added node-based ghostcells:             24
** INFO   : added node-based ghostcells:             26
** INFO   : added node-based ghostcells:             16
** INFO   : added node-based ghostcells:             18
** INFO   : added node-based ghostcells:             13
** INFO   : added node-based ghostcells:             15
** INFO   : added node-based ghostcells:             12
** INFO   : added node-based ghostcells:             94
** INFO   : added node-based ghostcells:             25
** INFO   : added node-based ghostcells:             10
** INFO   : added node-based ghostcells:             60
** INFO   : added node-based ghostcells:            117
** INFO   : added node-based ghostcells:             21
** INFO   : added node-based ghostcells:              3
** INFO   : added node-based ghostcells:             36
** INFO   : added node-based ghostcells:             17
** INFO   : added node-based ghostcells:              7
** INFO   : added node-based ghostcells:            123
** INFO   : added node-based ghostcells:             54
** INFO   : added node-based ghostcells:             76
** INFO   : added node-based ghostcells:             68
** INFO   : added node-based ghostcells:             16
** INFO   : added node-based ghostcells:              0
** INFO   : added node-based ghostcells:             61
** INFO   : added node-based ghostcells:             11
** INFO   : added node-based ghostcells:             24
** INFO   : added node-based ghostcells:             13
** INFO   : added node-based ghostcells:             11
** INFO   : added node-based ghostcells:             18
** INFO   : added node-based ghostcells:             13
** INFO   : added node-based ghostcells:              7
** INFO   : added node-based ghostcells:             25
** INFO   : added node-based ghostcells:             94
** INFO   : added node-based ghostcells:             16
** INFO   : added node-based ghostcells:             60
** INFO   : added node-based ghostcells:             10
** INFO   : added node-based ghostcells:             12
** INFO   : added node-based ghostcells:            123
** INFO   : added node-based ghostcells:            117
** INFO   : added node-based ghostcells:             15
** INFO   : added node-based ghostcells:              6
** INFO   : added node-based ghostcells:              3
** INFO   : added node-based ghostcells:             36
** INFO   : added node-based ghostcells:             21
** INFO   : added node-based ghostcells:             68
** INFO   : added node-based ghostcells:             54
** INFO   : added node-based ghostcells:             76
** INFO   : added node-based ghostcells:              6
** INFO   : added node-based ghostcells:              7
** INFO   : added node-based ghostcells:             16
** INFO   : added node-based ghostcells:             17
** INFO   : added node-based ghostcells:              0
** INFO   : added node-based ghostcells:             11
** INFO   : added node-based ghostcells:             11
** INFO   : added node-based ghostcells:             24
** INFO   : added node-based ghostcells:             61
** INFO   : added node-based ghostcells:             13
** INFO   : added node-based ghostcells:              6
** INFO   : added node-based ghostcells:             16
** INFO   : added node-based ghostcells:             13
** INFO   : added node-based ghostcells:             18
** INFO   : added node-based ghostcells:             25
** INFO   : added node-based ghostcells:             94
** INFO   : added node-based ghostcells:             15
** INFO   : added node-based ghostcells:             60
** INFO   : added node-based ghostcells:              7
** INFO   : added node-based ghostcells:             10
** INFO   : added node-based ghostcells:            123
** INFO   : added node-based ghostcells:            117
** INFO   : added node-based ghostcells:             12
** INFO   : added node-based ghostcells:              6
** INFO   : added node-based ghostcells:             21
** INFO   : added node-based ghostcells:              3
** INFO   : added node-based ghostcells:             68
** INFO   : added node-based ghostcells:             54
** INFO   : added node-based ghostcells:             36
** INFO   : added node-based ghostcells:             76
** INFO   : added node-based ghostcells:              6
** INFO   : added node-based ghostcells:              7
** INFO   : added node-based ghostcells:             16
** INFO   : added node-based ghostcells:             11
** INFO   : added node-based ghostcells:             24
** INFO   : added node-based ghostcells:              0
** INFO   : added node-based ghostcells:             11
** INFO   : added node-based ghostcells:             17
** INFO   : added node-based ghostcells:             61
** INFO   : added node-based ghostcells:             13
** INFO   : added node-based ghostcells:              6
** INFO   : added node-based ghostcells:             16
** INFO   : added node-based ghostcells:              7
** INFO   : added node-based ghostcells:             18
** INFO   : added node-based ghostcells:             94
** INFO   : added node-based ghostcells:             25
** INFO   : added node-based ghostcells:             15
** INFO   : added node-based ghostcells:             12
** INFO   : added node-based ghostcells:            123
** INFO   : added node-based ghostcells:             13
** INFO   : added node-based ghostcells:             60
** INFO   : added node-based ghostcells:            117
** INFO   : added node-based ghostcells:              3
** INFO   : added node-based ghostcells:             10
** INFO   : added node-based ghostcells:             21
** INFO   : added node-based ghostcells:             36
** INFO   : added node-based ghostcells:             68
** INFO   : added node-based ghostcells:              6
** INFO   : added node-based ghostcells:             76
** INFO   : added node-based ghostcells:              6
** INFO   : added node-based ghostcells:             17
** INFO   : added node-based ghostcells:              0
** INFO   : added node-based ghostcells:             11
** INFO   : added node-based ghostcells:              7
** INFO   : added node-based ghostcells:             54
** INFO   : added node-based ghostcells:             11
** INFO   : added node-based ghostcells:             61
** INFO   : added node-based ghostcells:             16
** INFO   : added node-based ghostcells:             24
** INFO   : added node-based ghostcells:             13
** INFO   : added node-based ghostcells:              6
** INFO   : partition_fixorientation_ghostlist: number of reversed flowlinks=              2
** INFO   : partition_fixorientation_ghostlist: number of reversed flowlinks=              0
** INFO   : partition_fixorientation_ghostlist: number of reversed flowlinks=              0
** INFO   : partition_fixorientation_ghostlist: number of reversed flowlinks=              0
** INFO   : partition_fixorientation_ghostlist: number of reversed flowlinks=              0
** INFO   : partition_fixorientation_ghostlist: number of reversed flowlinks=              0
** INFO   : partition_fixorientation_ghostlist: number of reversed flowlinks=              0
** INFO   : partition_fixorientation_ghostlist: number of reversed flowlinks=              0
** INFO   : Done partitioning model.
** INFO   : Done partitioning model.
** INFO   : Done partitioning model.
** INFO   : Done partitioning model.
** INFO   : Done partitioning model.
** INFO   : Done partitioning model.
** INFO   : Done partitioning model.
** INFO   : Done partitioning model.
** INFO   : merged 0 samples in .00 seconds.
** INFO   : merged 0 samples in .00 seconds.
** INFO   : merged 0 samples in .00 seconds.
** INFO   : merged 0 samples in .00 seconds.
** INFO   : merged 0 samples in .00 seconds.
** INFO   : merged 0 samples in .00 seconds.
** INFO   : merged 0 samples in .00 seconds.
** INFO   : merged 0 samples in .00 seconds.
** INFO   : setbedlevelfromextfile: Using bedlevel as specified in net-file.
** INFO   : setbedlevelfromextfile: Mirroring input bedlevels at open boundaries.
** INFO   : setbedlevelfromextfile: Using bedlevel as specified in net-file.
** INFO   : setbedlevelfromextfile: Using bedlevel as specified in net-file.
** INFO   : setbedlevelfromextfile: Using bedlevel as specified in net-file.
** INFO   : setbedlevelfromextfile: Using bedlevel as specified in net-file.
** INFO   : setbedlevelfromextfile: Using bedlevel as specified in net-file.
** INFO   : setbedlevelfromextfile: Using bedlevel as specified in net-file.
** INFO   : setbedlevelfromextfile: Mirroring input bedlevels at open boundaries.
** INFO   : setbedlevelfromextfile: Mirroring input bedlevels at open boundaries.
** INFO   : setbedlevelfromextfile: Using bedlevel as specified in net-file.
** INFO   : setbedlevelfromextfile: Mirroring input bedlevels at open boundaries.
** INFO   : setbedlevelfromextfile: Mirroring input bedlevels at open boundaries.
** INFO   : setbedlevelfromextfile: Mirroring input bedlevels at open boundaries.
** INFO   : setbedlevelfromextfile: Mirroring input bedlevels at open boundaries.
** INFO   : setbedlevelfromextfile: Mirroring input bedlevels at open boundaries.
** INFO   : Circumcentre distance dx(L)  < dxwuimin2D*wu(L) : xu, yu, old dx, new dx:       12.454147      37.840947      16.465750      17.037781
** INFO   : Circumcentre distance dx(L)  < dxwuimin2D*wu(L) : xu, yu, old dx, new dx:       12.450808      37.843274      12.747187      16.530360
** INFO   : Circumcentre distance dx(L)  < dxwuimin2D*wu(L) : xu, yu, old dx, new dx:       12.450997      37.845318       8.760003      11.748263
** INFO   : Circumcentre distance dx(L)  < dxwuimin2D*wu(L) : xu, yu, old dx, new dx:       12.468859      37.854891       7.566529      14.184789
** INFO   : Circumcentre distance dx(L)  < dxwuimin2D*wu(L) : xu, yu, old dx, new dx:       12.470859      37.856199       7.858187      11.925006
** INFO   : Circumcentre distance dx(L)  < dxwuimin2D*wu(L) : xu, yu, old dx, new dx:       12.462663      37.855225       8.057506      14.991088
** INFO   : Circumcentre distance dx(L)  < dxwuimin2D*wu(L) : xu, yu, old dx, new dx:       12.475145      37.866971      11.328186      11.373797
** INFO   : Circumcentre distance dx(L)  < dxwuimin2D*wu(L) : xu, yu, old dx, new dx:       12.457642      37.864039       5.891790      13.132865
** INFO   : Circumcentre distance dx(L)  < dxwuimin2D*wu(L) : xu, yu, old dx, new dx:       12.456303      37.863898       8.480899      11.599609
** INFO   : Circumcentre distance dx(L)  < dxwuimin2D*wu(L) : xu, yu, old dx, new dx:       12.459257      37.864443       9.212557      16.843140
** INFO   : Circumcentre distance dx(L)  < dxwuimin2D*wu(L) : xu, yu, old dx, new dx:       12.473936      37.867536      10.458327      13.626211
** INFO   : Circumcentre distance dx(L)  < dxwuimin2D*wu(L) : xu, yu, old dx, new dx:       12.475975      37.874533      11.792555      14.247444
** INFO   : Circumcentre distance dx(L)  < dxwuimin2D*wu(L) : xu, yu, old dx, new dx:       12.468713      37.873333       6.848076      14.333788
** INFO   : Circumcentre distance dx(L)  < dxwuimin2D*wu(L) : xu, yu, old dx, new dx:       12.466596      37.874229       9.473271      12.722172
** INFO   : Circumcentre distance dx(L)  < dxwuimin2D*wu(L) : xu, yu, old dx, new dx:       12.472154      37.875560       7.898676      14.523341
** INFO   : Circumcentre distance dx(L)  < dxwuimin2D*wu(L) : xu, yu, old dx, new dx:       12.480505      37.881025      11.269937      12.177121
** INFO   : Circumcentre distance dx(L)  < dxwuimin2D*wu(L) : xu, yu, old dx, new dx:       12.464155      37.876790       9.380083      10.620045
** INFO   : Circumcentre distance dx(L)  < dxwuimin2D*wu(L) : xu, yu, old dx, new dx:       12.457384      37.875466      11.715869      15.009886
** INFO   : Circumcentre distance dx(L)  < dxwuimin2D*wu(L) : xu, yu, old dx, new dx:       12.457373      37.881482       9.304368      15.111997
** INFO   : Circumcentre distance dx(L)  < dxwuimin2D*wu(L) : xu, yu, old dx, new dx:       12.452446      37.883326      14.006273      16.472752
** INFO   : Circumcentre distance dx(L)  < dxwuimin2D*wu(L) : xu, yu, old dx, new dx:       12.449989      37.883772      13.397253      14.225601
** INFO   : Circumcentre distance dx(L)  < dxwuimin2D*wu(L) : xu, yu, old dx, new dx:       12.458195      37.885130      12.405397      15.095376
** INFO   : Circumcentre distance dx(L)  < dxwuimin2D*wu(L) : xu, yu, old dx, new dx:       12.456965      37.887301       5.825460      12.867206
** INFO   : Circumcentre distance dx(L)  < dxwuimin2D*wu(L) : xu, yu, old dx, new dx:       12.453685      37.887997       8.530407      17.482250
** INFO   : Circumcentre distance dx(L)  < dxwuimin2D*wu(L) : xu, yu, old dx, new dx:       12.454781      37.888075      13.634276      15.787727
** INFO   : Circumcentre distance dx(L)  < dxwuimin2D*wu(L) : xu, yu, old dx, new dx:       12.456153      37.889080      13.262043      16.761516
** INFO   : Circumcentre distance dx(L)  < dxwuimin2D*wu(L) : xu, yu, old dx, new dx:       12.457468      37.889980      14.947606      16.157637
** INFO   : Circumcentre distance dx(L)  < dxwuimin2D*wu(L) : xu, yu, old dx, new dx:       12.461420      37.892062       8.451441      11.144981
** INFO   : Circumcentre distance dx(L)  < dxwuimin2D*wu(L) : xu, yu, old dx, new dx:       12.447712      37.893807       9.312563      12.557749
** INFO   : Circumcentre distance dx(L)  < dxwuimin2D*wu(L) : xu, yu, old dx, new dx:       12.458805      37.891719      10.962111      14.641806
** INFO   : Circumcentre distance dx(L)  < dxwuimin2D*wu(L) : xu, yu, old dx, new dx:       12.457292      37.891806       7.373271      12.508135
** INFO   : Circumcentre distance dx(L)  < dxwuimin2D*wu(L) : xu, yu, old dx, new dx:       12.467787      37.901158      12.874765      14.738334
** INFO   : Circumcentre distance dx(L)  < dxwuimin2D*wu(L) : xu, yu, old dx, new dx:       12.462088      37.897799       9.986153      13.352605
** INFO   : Circumcentre distance dx(L)  < dxwuimin2D*wu(L) : xu, yu, old dx, new dx:       12.462178      37.899868      10.468151      13.737331
** INFO   : Circumcentre distance dx(L)  < dxwuimin2D*wu(L) : xu, yu, old dx, new dx:       12.466291      37.829536      11.477686      14.120312
** INFO   : Circumcentre distance dx(L)  < dxwuimin2D*wu(L) : xu, yu, old dx, new dx:       12.466165      37.837557      12.745523      15.406288
** INFO   : Circumcentre distance dx(L)  < dxwuimin2D*wu(L) : xu, yu, old dx, new dx:       12.463783      37.837325      13.946018      14.143675
** INFO   : Circumcentre distance dx(L)  < dxwuimin2D*wu(L) : xu, yu, old dx, new dx:       12.460117      37.830272      13.988861      15.343706
** INFO   : Circumcentre distance dx(L)  < dxwuimin2D*wu(L) : xu, yu, old dx, new dx:       12.443797      37.813710      11.352413      11.927798
** INFO   : Circumcentre distance dx(L)  < dxwuimin2D*wu(L) : xu, yu, old dx, new dx:       12.454147      37.840947      16.465750      17.037781
** INFO   : Circumcentre distance dx(L)  < dxwuimin2D*wu(L) : xu, yu, old dx, new dx:       12.450808      37.843274      12.747187      16.530360
** INFO   : Circumcentre distance dx(L)  < dxwuimin2D*wu(L) : xu, yu, old dx, new dx:       12.453110      37.829484      13.273244      17.674335
** INFO   : Circumcentre distance dx(L)  < dxwuimin2D*wu(L) : xu, yu, old dx, new dx:       12.446097      37.835524      24.610224      26.552220
** INFO   : Done initializing flow model geometry.
** INFO   : Done initializing flow model geometry.
** INFO   : Done initializing flow model geometry.
** INFO   : Done initializing flow model geometry.
** INFO   : Done initializing flow model geometry.
** INFO   : Done initializing flow model geometry.
** INFO   : Done initializing flow model geometry.
** INFO   : Done initializing flow model geometry.
** WARNING: No Nodal Point Relations Specified, Set to (Default) Proportional.
Dimr [2026-05-18 17:46:12.586203] #6 >> kernel: No Nodal Point Relations Specified, Set to (Default) Proportional.
** WARNING: Exponent of Discharge Ratio Set to Default: k = 1
Dimr [2026-05-18 17:46:12.586235] #6 >> kernel: Exponent of Discharge Ratio Set to Default: k = 1
** WARNING: Exponent of Width Ratio Set to Default    : m = 0
Dimr [2026-05-18 17:46:12.586243] #6 >> kernel: Exponent of Width Ratio Set to Default    : m = 0
** WARNING: No Nodal Point Relations Specified, Set to (Default) Proportional.
Dimr [2026-05-18 17:46:12.587890] #2 >> kernel: No Nodal Point Relations Specified, Set to (Default) Proportional.
** WARNING: Exponent of Discharge Ratio Set to Default: k = 1
Dimr [2026-05-18 17:46:12.587915] #2 >> kernel: Exponent of Discharge Ratio Set to Default: k = 1
** WARNING: Exponent of Width Ratio Set to Default    : m = 0
Dimr [2026-05-18 17:46:12.587921] #2 >> kernel: Exponent of Width Ratio Set to Default    : m = 0
** WARNING: No Nodal Point Relations Specified, Set to (Default) Proportional.
Dimr [2026-05-18 17:46:12.588967] #7 >> kernel: No Nodal Point Relations Specified, Set to (Default) Proportional.
** WARNING: Exponent of Discharge Ratio Set to Default: k = 1
Dimr [2026-05-18 17:46:12.588989] #7 >> kernel: Exponent of Discharge Ratio Set to Default: k = 1
** WARNING: Exponent of Width Ratio Set to Default    : m = 0
Dimr [2026-05-18 17:46:12.588999] #7 >> kernel: Exponent of Width Ratio Set to Default    : m = 0
** WARNING: No Nodal Point Relations Specified, Set to (Default) Proportional.
Dimr [2026-05-18 17:46:12.589474] #3 >> kernel: No Nodal Point Relations Specified, Set to (Default) Proportional.
** WARNING: Exponent of Discharge Ratio Set to Default: k = 1
Dimr [2026-05-18 17:46:12.589491] #3 >> kernel: Exponent of Discharge Ratio Set to Default: k = 1
** WARNING: Exponent of Width Ratio Set to Default    : m = 0
Dimr [2026-05-18 17:46:12.589498] #3 >> kernel: Exponent of Width Ratio Set to Default    : m = 0
** WARNING: No Nodal Point Relations Specified, Set to (Default) Proportional.
Dimr [2026-05-18 17:46:12.590121] #1 >> kernel: No Nodal Point Relations Specified, Set to (Default) Proportional.
** WARNING: Exponent of Discharge Ratio Set to Default: k = 1
Dimr [2026-05-18 17:46:12.590137] #1 >> kernel: Exponent of Discharge Ratio Set to Default: k = 1
** WARNING: Exponent of Width Ratio Set to Default    : m = 0
Dimr [2026-05-18 17:46:12.590144] #1 >> kernel: Exponent of Width Ratio Set to Default    : m = 0
** WARNING: No Nodal Point Relations Specified, Set to (Default) Proportional.
Dimr [2026-05-18 17:46:12.590380] #4 >> kernel: No Nodal Point Relations Specified, Set to (Default) Proportional.
** WARNING: Exponent of Discharge Ratio Set to Default: k = 1
Dimr [2026-05-18 17:46:12.590420] #4 >> kernel: Exponent of Discharge Ratio Set to Default: k = 1
** WARNING: Exponent of Width Ratio Set to Default    : m = 0
Dimr [2026-05-18 17:46:12.590443] #4 >> kernel: Exponent of Width Ratio Set to Default    : m = 0
** WARNING: unstruc::flow_sedmorinit - Morphopol set but file does not exist, morphopol not used.
Dimr [2026-05-18 17:46:12.590384] #6 >> kernel: unstruc::flow_sedmorinit - Morphopol set but file does not exist, morphopol not used.
** WARNING: No Nodal Point Relations Specified, Set to (Default) Proportional.
Dimr [2026-05-18 17:46:12.591270] #0 >> kernel: No Nodal Point Relations Specified, Set to (Default) Proportional.
** WARNING: Exponent of Discharge Ratio Set to Default: k = 1
Dimr [2026-05-18 17:46:12.591287] #0 >> kernel: Exponent of Discharge Ratio Set to Default: k = 1
** WARNING: Exponent of Width Ratio Set to Default    : m = 0
Dimr [2026-05-18 17:46:12.591294] #0 >> kernel: Exponent of Width Ratio Set to Default    : m = 0
** WARNING: unstruc::flow_sedmorinit - Morphopol set but file does not exist, morphopol not used.
Dimr [2026-05-18 17:46:12.591793] #2 >> kernel: unstruc::flow_sedmorinit - Morphopol set but file does not exist, morphopol not used.
** WARNING: No Nodal Point Relations Specified, Set to (Default) Proportional.
Dimr [2026-05-18 17:46:12.593238] #5 >> kernel: No Nodal Point Relations Specified, Set to (Default) Proportional.
** WARNING: Exponent of Discharge Ratio Set to Default: k = 1
Dimr [2026-05-18 17:46:12.593256] #5 >> kernel: Exponent of Discharge Ratio Set to Default: k = 1
** WARNING: Exponent of Width Ratio Set to Default    : m = 0
Dimr [2026-05-18 17:46:12.593265] #5 >> kernel: Exponent of Width Ratio Set to Default    : m = 0
** WARNING: unstruc::flow_sedmorinit - Morphopol set but file does not exist, morphopol not used.
Dimr [2026-05-18 17:46:12.593259] #7 >> kernel: unstruc::flow_sedmorinit - Morphopol set but file does not exist, morphopol not used.
** WARNING: unstruc::flow_sedmorinit - Morphopol set but file does not exist, morphopol not used.
Dimr [2026-05-18 17:46:12.593650] #3 >> kernel: unstruc::flow_sedmorinit - Morphopol set but file does not exist, morphopol not used.
** WARNING: unstruc::flow_sedmorinit - Morphopol set but file does not exist, morphopol not used.
Dimr [2026-05-18 17:46:12.594310] #1 >> kernel: unstruc::flow_sedmorinit - Morphopol set but file does not exist, morphopol not used.
** WARNING: unstruc::flow_sedmorinit - Morphopol set but file does not exist, morphopol not used.
Dimr [2026-05-18 17:46:12.594599] #4 >> kernel: unstruc::flow_sedmorinit - Morphopol set but file does not exist, morphopol not used.
** WARNING: unstruc::flow_sedmorinit - Morphopol set but file does not exist, morphopol not used.
Dimr [2026-05-18 17:46:12.595499] #0 >> kernel: unstruc::flow_sedmorinit - Morphopol set but file does not exist, morphopol not used.
** WARNING: unstruc::flow_sedmorinit - Morphopol set but file does not exist, morphopol not used.
Dimr [2026-05-18 17:46:12.597034] #5 >> kernel: unstruc::flow_sedmorinit - Morphopol set but file does not exist, morphopol not used.
** INFO   : List of constituents defined in the model
** INFO   :        1 salt
** INFO   :        2 temperature
** INFO   :        3 sand_fine
** INFO   :        4 silt_fine
** INFO   :        5 lagoon_tracer
** INFO   :        6 turbid_airport
** INFO   :        7 turbid_saltpans
** INFO   : Finding flow nodes...
** INFO   : done in      0.00100 sec.
** INFO   : List of constituents defined in the model
** INFO   :        1 salt
** INFO   :        2 temperature
** INFO   :        3 sand_fine
** INFO   :        4 silt_fine
** INFO   :        5 lagoon_tracer
** INFO   :        6 turbid_airport
** INFO   :        7 turbid_saltpans
** INFO   : Finding flow nodes...
** INFO   : List of constituents defined in the model
** INFO   :        1 salt
** INFO   :        2 temperature
** INFO   :        3 sand_fine
** INFO   :        4 silt_fine
** INFO   :        5 lagoon_tracer
** INFO   :        6 turbid_airport
** INFO   :        7 turbid_saltpans
** INFO   : Finding flow nodes...
** INFO   : List of constituents defined in the model
** INFO   :        1 salt
** INFO   :        2 temperature
** INFO   :        3 sand_fine
** INFO   :        4 silt_fine
** INFO   :        5 lagoon_tracer
** INFO   :        6 turbid_airport
** INFO   :        7 turbid_saltpans
** INFO   : Finding flow nodes...
** INFO   : done in      0.00100 sec.
** INFO   : List of constituents defined in the model
** INFO   :        1 salt
** INFO   :        2 temperature
** INFO   :        3 sand_fine
** INFO   :        4 silt_fine
** INFO   :        5 lagoon_tracer
** INFO   :        6 turbid_airport
** INFO   :        7 turbid_saltpans
** INFO   : Finding flow nodes...
** INFO   : done in      0.00100 sec.
** INFO   : List of constituents defined in the model
** INFO   :        1 salt
** INFO   :        2 temperature
** INFO   :        3 sand_fine
** INFO   :        4 silt_fine
** INFO   :        5 lagoon_tracer
** INFO   :        6 turbid_airport
** INFO   :        7 turbid_saltpans
** INFO   : Finding flow nodes...
** INFO   : done in      0.00100 sec.
** INFO   : List of constituents defined in the model
** INFO   :        1 salt
** INFO   :        2 temperature
** INFO   :        3 sand_fine
** INFO   :        4 silt_fine
** INFO   :        5 lagoon_tracer
** INFO   :        6 turbid_airport
** INFO   :        7 turbid_saltpans
** INFO   : Finding flow nodes...
** INFO   : done in      0.00100 sec.
** INFO   : List of constituents defined in the model
** INFO   :        1 salt
** INFO   :        2 temperature
** INFO   :        3 sand_fine
** INFO   :        4 silt_fine
** INFO   :        5 lagoon_tracer
** INFO   :        6 turbid_airport
** INFO   :        7 turbid_saltpans
** INFO   : Finding flow nodes...
** INFO   : done in      0.00100 sec.
** INFO   : done in      0.00100 sec.
** INFO   : done in      0.00100 sec.
** INFO   : minimum Coriolis parameter :       0.000090
** INFO   : maximum Coriolis parameter :       0.000090
** INFO   : minimum Coriolis parameter :       0.000090
** INFO   : maximum Coriolis parameter :       0.000090
** INFO   : minimum Coriolis parameter :       0.000090
** INFO   : maximum Coriolis parameter :       0.000090
** INFO   : minimum Coriolis parameter :       0.000089
** INFO   : maximum Coriolis parameter :       0.000090
** INFO   : minimum Coriolis parameter :       0.000090
** INFO   : maximum Coriolis parameter :       0.000090
** INFO   : minimum Coriolis parameter :       0.000089
** INFO   : maximum Coriolis parameter :       0.000090
** INFO   : minimum Coriolis parameter :       0.000089
** INFO   : maximum Coriolis parameter :       0.000090
** INFO   : minimum Coriolis parameter :       0.000089
** INFO   : maximum Coriolis parameter :       0.000090
** INFO   : Start initializing external forcings...
** INFO   : Start initializing external forcings...
** INFO   : Start initializing external forcings...
** INFO   : Start initializing external forcings...
** INFO   : Reading initial field file 'initialFields.ini'.
** INFO   : Start initializing external forcings...
** INFO   : Reading initial field file 'initialFields.ini'.
** INFO   : Start initializing external forcings...
** INFO   : Reading initial field file 'initialFields.ini'.
** INFO   : Start initializing external forcings...
** INFO   : Start initializing external forcings...
** INFO   : Reading initial field file 'initialFields.ini'.
** INFO   : Reading initial field file 'initialFields.ini'.
** INFO   : Reading initial field file 'initialFields.ini'.
** INFO   : Reading initial field file 'initialFields.ini'.
** INFO   : Reading initial field file 'initialFields.ini'.
** INFO   : Opened file : initialsalinity_hypersaline.xyz
** INFO   : Opened file : initialsalinity_hypersaline.xyz
** INFO   : Opened file : initialsalinity_hypersaline.xyz
** INFO   : Opened file : initialsalinity_hypersaline.xyz
** INFO   : Opened file : initialsalinity_hypersaline.xyz
** INFO   : Opened file : initialsalinity_hypersaline.xyz
** INFO   : Opened file : initialsalinity_hypersaline.xyz
** INFO   : Opened file : initialsalinity_hypersaline.xyz
** INFO   : merged 0 samples in .02 seconds.
** INFO   : merged 0 samples in .02 seconds.
** INFO   : Closed file : initialsalinity_hypersaline.xyz
** INFO   : Closed file : initialsalinity_hypersaline.xyz
** INFO   : merged 0 samples in .02 seconds.
** INFO   : merged 0 samples in .02 seconds.
** INFO   : Closed file : initialsalinity_hypersaline.xyz
** INFO   : Closed file : initialsalinity_hypersaline.xyz
** INFO   : merged 0 samples in .02 seconds.
** INFO   : merged 0 samples in .02 seconds.
** INFO   : Closed file : initialsalinity_hypersaline.xyz
** INFO   : Closed file : initialsalinity_hypersaline.xyz
** INFO   : merged 0 samples in .02 seconds.
** INFO   : Closed file : initialsalinity_hypersaline.xyz
** INFO   : merged 0 samples in .02 seconds.
** INFO   : Closed file : initialsalinity_hypersaline.xyz
** INFO   : add_tracer: tracer lagoon_tracer already exists. No update required.
** INFO   : Opened file : lagoon_tracer_init.xyz
** INFO   : add_tracer: tracer lagoon_tracer already exists. No update required.
** INFO   : Opened file : lagoon_tracer_init.xyz
** INFO   : add_tracer: tracer lagoon_tracer already exists. No update required.
** INFO   : Opened file : lagoon_tracer_init.xyz
** INFO   : add_tracer: tracer lagoon_tracer already exists. No update required.
** INFO   : Opened file : lagoon_tracer_init.xyz
** INFO   : add_tracer: tracer lagoon_tracer already exists. No update required.
** INFO   : Opened file : lagoon_tracer_init.xyz
** INFO   : add_tracer: tracer lagoon_tracer already exists. No update required.
** INFO   : Opened file : lagoon_tracer_init.xyz
** INFO   : add_tracer: tracer lagoon_tracer already exists. No update required.
** INFO   : Opened file : lagoon_tracer_init.xyz
** INFO   : add_tracer: tracer lagoon_tracer already exists. No update required.
** INFO   : Opened file : lagoon_tracer_init.xyz
** INFO   : merged 0 samples in .02 seconds.
** INFO   : merged 0 samples in .02 seconds.
** INFO   : Closed file : lagoon_tracer_init.xyz
** INFO   : Closed file : lagoon_tracer_init.xyz
** INFO   : merged 0 samples in .02 seconds.
** INFO   : Closed file : lagoon_tracer_init.xyz
** INFO   : merged 0 samples in .02 seconds.
** INFO   : Closed file : lagoon_tracer_init.xyz
** INFO   : merged 0 samples in .02 seconds.
** INFO   : Closed file : lagoon_tracer_init.xyz
** INFO   : merged 0 samples in .02 seconds.
** INFO   : merged 0 samples in .02 seconds.
** INFO   : Closed file : lagoon_tracer_init.xyz
** INFO   : Closed file : lagoon_tracer_init.xyz
** INFO   : add_tracer: tracer turbid_airport already exists. No update required.
** INFO   : Opened file : turbid_airport_init.xyz
** INFO   : add_tracer: tracer turbid_airport already exists. No update required.
** INFO   : Opened file : turbid_airport_init.xyz
** INFO   : add_tracer: tracer turbid_airport already exists. No update required.
** INFO   : Opened file : turbid_airport_init.xyz
** INFO   : add_tracer: tracer turbid_airport already exists. No update required.
** INFO   : Opened file : turbid_airport_init.xyz
** INFO   : merged 0 samples in .02 seconds.
** INFO   : Closed file : lagoon_tracer_init.xyz
** INFO   : add_tracer: tracer turbid_airport already exists. No update required.
** INFO   : Opened file : turbid_airport_init.xyz
** INFO   : add_tracer: tracer turbid_airport already exists. No update required.
** INFO   : Opened file : turbid_airport_init.xyz
** INFO   : add_tracer: tracer turbid_airport already exists. No update required.
** INFO   : Opened file : turbid_airport_init.xyz
** INFO   : add_tracer: tracer turbid_airport already exists. No update required.
** INFO   : Opened file : turbid_airport_init.xyz
** INFO   : merged 0 samples in .02 seconds.
** INFO   : Closed file : turbid_airport_init.xyz
** INFO   : merged 0 samples in .02 seconds.
** INFO   : Closed file : turbid_airport_init.xyz
** INFO   : merged 0 samples in .02 seconds.
** INFO   : Closed file : turbid_airport_init.xyz
** INFO   : merged 0 samples in .02 seconds.
** INFO   : Closed file : turbid_airport_init.xyz
** INFO   : merged 0 samples in .02 seconds.
** INFO   : Closed file : turbid_airport_init.xyz
** INFO   : merged 0 samples in .02 seconds.
** INFO   : Closed file : turbid_airport_init.xyz
** INFO   : merged 0 samples in .02 seconds.
** INFO   : Closed file : turbid_airport_init.xyz
** INFO   : add_tracer: tracer turbid_saltpans already exists. No update required.
** INFO   : Opened file : turbid_saltpans_init.xyz
** INFO   : add_tracer: tracer turbid_saltpans already exists. No update required.
** INFO   : Opened file : turbid_saltpans_init.xyz
** INFO   : add_tracer: tracer turbid_saltpans already exists. No update required.
** INFO   : Opened file : turbid_saltpans_init.xyz
** INFO   : add_tracer: tracer turbid_saltpans already exists. No update required.
** INFO   : Opened file : turbid_saltpans_init.xyz
** INFO   : add_tracer: tracer turbid_saltpans already exists. No update required.
** INFO   : Opened file : turbid_saltpans_init.xyz
** INFO   : add_tracer: tracer turbid_saltpans already exists. No update required.
** INFO   : Opened file : turbid_saltpans_init.xyz
** INFO   : add_tracer: tracer turbid_saltpans already exists. No update required.
** INFO   : Opened file : turbid_saltpans_init.xyz
** INFO   : merged 0 samples in .02 seconds.
** INFO   : Closed file : turbid_airport_init.xyz
** INFO   : add_tracer: tracer turbid_saltpans already exists. No update required.
** INFO   : Opened file : turbid_saltpans_init.xyz
** INFO   : merged 0 samples in .02 seconds.
** INFO   : Closed file : turbid_saltpans_init.xyz
** INFO   : merged 0 samples in .02 seconds.
** INFO   : Closed file : turbid_saltpans_init.xyz
** INFO   : merged 0 samples in .02 seconds.
** INFO   : Closed file : turbid_saltpans_init.xyz
** INFO   : merged 0 samples in .02 seconds.
** INFO   : Closed file : turbid_saltpans_init.xyz
** INFO   : Finish initializing the initial field file 'initialFields.ini':       5 blocks have been read and handled.
** INFO   : Finish initializing the initial field file 'initialFields.ini':       5 blocks have been read and handled.
** INFO   : merged 0 samples in .02 seconds.
** INFO   : Closed file : turbid_saltpans_init.xyz
** INFO   : Finish initializing the initial field file 'initialFields.ini':       5 blocks have been read and handled.
** INFO   : merged 0 samples in .02 seconds.
** INFO   : Closed file : turbid_saltpans_init.xyz
** INFO   : merged 0 samples in .02 seconds.
** INFO   : Closed file : turbid_saltpans_init.xyz
** INFO   : Finish initializing the initial field file 'initialFields.ini':       5 blocks have been read and handled.
** INFO   : Opened file : turbid_airport.pli
** INFO   : Closed file : turbid_airport.pli
** INFO   : Succesfully added lateral turbid_airport.
** INFO   : Opened file : turbid_saltpans.pli
** INFO   : Closed file : turbid_saltpans.pli
** INFO   : Succesfully added lateral turbid_saltpans.
** INFO   : Finish initializing the initial field file 'initialFields.ini':       5 blocks have been read and handled.
** INFO   : Finish initializing the initial field file 'initialFields.ini':       5 blocks have been read and handled.
** INFO   : Finish initializing the initial field file 'initialFields.ini':       5 blocks have been read and handled.
** INFO   : Opened file : turbid_airport.pli
** INFO   : Closed file : turbid_airport.pli
** INFO   : Succesfully added lateral turbid_airport.
** INFO   : Opened file : turbid_saltpans.pli
** INFO   : Closed file : turbid_saltpans.pli
** INFO   : Succesfully added lateral turbid_saltpans.
** INFO   : Opened file : turbid_airport.pli
** INFO   : Closed file : turbid_airport.pli
** INFO   : Succesfully added lateral turbid_airport.
** INFO   : Opened file : turbid_saltpans.pli
** INFO   : Closed file : turbid_saltpans.pli
** INFO   : Succesfully added lateral turbid_saltpans.
** INFO   : merged 0 samples in .02 seconds.
** INFO   : Closed file : turbid_saltpans_init.xyz
** INFO   : Finish initializing the initial field file 'initialFields.ini':       5 blocks have been read and handled.
** INFO   : Opened file : turbid_airport.pli
** INFO   : Closed file : turbid_airport.pli
** INFO   : Succesfully added lateral turbid_airport.
** INFO   : Opened file : turbid_saltpans.pli
** INFO   : Closed file : turbid_saltpans.pli
** INFO   : Succesfully added lateral turbid_saltpans.
** INFO   : Opened file : turbid_airport.pli
** INFO   : Closed file : turbid_airport.pli
** INFO   : Succesfully added lateral turbid_airport.
** INFO   : Opened file : turbid_saltpans.pli
** INFO   : Closed file : turbid_saltpans.pli
** INFO   : Succesfully added lateral turbid_saltpans.
** INFO   : Opened file : turbid_airport.pli
** INFO   : Closed file : turbid_airport.pli
** INFO   : Succesfully added lateral turbid_airport.
** INFO   : Opened file : turbid_saltpans.pli
** INFO   : Closed file : turbid_saltpans.pli
** INFO   : Succesfully added lateral turbid_saltpans.
** INFO   : Opened file : turbid_airport.pli
** INFO   : Closed file : turbid_airport.pli
** INFO   : Succesfully added lateral turbid_airport.
** INFO   : Opened file : turbid_saltpans.pli
** INFO   : Closed file : turbid_saltpans.pli
** INFO   : Succesfully added lateral turbid_saltpans.
** INFO   : Opened file : turbid_airport.pli
** INFO   : Closed file : turbid_airport.pli
** INFO   : Succesfully added lateral turbid_airport.
** INFO   : Opened file : turbid_saltpans.pli
** INFO   : Closed file : turbid_saltpans.pli
** INFO   : Succesfully added lateral turbid_saltpans.
** WARNING: While reading 'Stagnone_dxy01_15m_new.ext': keyword [lateral] name=Turbid pulse — Birgi airport drainage was in file, but not used. Check possible typo.
** WARNING: While reading 'Stagnone_dxy01_15m_new.ext': keyword [lateral] name=Turbid pulse — Birgi airport drainage was in file, but not used. Check possible typo.
** WARNING: While reading 'Stagnone_dxy01_15m_new.ext': keyword [lateral] name=Turbid pulse — Birgi airport drainage was in file, but not used. Check possible typo.
Dimr [2026-05-18 17:46:13.229171] #5 >> kernel: While reading 'Stagnone_dxy01_15m_new.ext': keyword [lateral] name=Turbid pulse — Birgi airport drainage was in file, but not used. Check possible typo.
** WARNING: While reading 'Stagnone_dxy01_15m_new.ext': keyword [lateral] name=Turbid pulse — Birgi airport drainage was in file, but not used. Check possible typo.
Dimr [2026-05-18 17:46:13.229180] #7 >> kernel: While reading 'Stagnone_dxy01_15m_new.ext': keyword [lateral] name=Turbid pulse — Birgi airport drainage was in file, but not used. Check possible typo.
** WARNING: While reading 'Stagnone_dxy01_15m_new.ext': keyword [lateral] name=Turbid pulse — Birgi airport drainage was in file, but not used. Check possible typo.
Dimr [2026-05-18 17:46:13.229175] #1 >> kernel: While reading 'Stagnone_dxy01_15m_new.ext': keyword [lateral] name=Turbid pulse — Birgi airport drainage was in file, but not used. Check possible typo.
** WARNING: While reading 'Stagnone_dxy01_15m_new.ext': keyword [lateral] name=Turbid pulse — Trapani saltpans outflow was in file, but not used. Check possible typo.
Dimr [2026-05-18 17:46:13.229201] #1 >> kernel: While reading 'Stagnone_dxy01_15m_new.ext': keyword [lateral] name=Turbid pulse — Trapani saltpans outflow was in file, but not used. Check possible typo.
Dimr [2026-05-18 17:46:13.229175] #2 >> kernel: While reading 'Stagnone_dxy01_15m_new.ext': keyword [lateral] name=Turbid pulse — Birgi airport drainage was in file, but not used. Check possible typo.
** WARNING: While reading 'Stagnone_dxy01_15m_new.ext': keyword [lateral] name=Turbid pulse — Trapani saltpans outflow was in file, but not used. Check possible typo.
Dimr [2026-05-18 17:46:13.229201] #2 >> kernel: While reading 'Stagnone_dxy01_15m_new.ext': keyword [lateral] name=Turbid pulse — Trapani saltpans outflow was in file, but not used. Check possible typo.
** WARNING: While reading 'Stagnone_dxy01_15m_new.ext': keyword [lateral] name=Turbid pulse — Birgi airport drainage was in file, but not used. Check possible typo.
Dimr [2026-05-18 17:46:13.229184] #3 >> kernel: While reading 'Stagnone_dxy01_15m_new.ext': keyword [lateral] name=Turbid pulse — Birgi airport drainage was in file, but not used. Check possible typo.
** WARNING: While reading 'Stagnone_dxy01_15m_new.ext': keyword [lateral] name=Turbid pulse — Trapani saltpans outflow was in file, but not used. Check possible typo.
Dimr [2026-05-18 17:46:13.229207] #3 >> kernel: While reading 'Stagnone_dxy01_15m_new.ext': keyword [lateral] name=Turbid pulse — Trapani saltpans outflow was in file, but not used. Check possible typo.
** WARNING: While reading 'Stagnone_dxy01_15m_new.ext': keyword [lateral] name=Turbid pulse — Birgi airport drainage was in file, but not used. Check possible typo.
Dimr [2026-05-18 17:46:13.229185] #4 >> kernel: While reading 'Stagnone_dxy01_15m_new.ext': keyword [lateral] name=Turbid pulse — Birgi airport drainage was in file, but not used. Check possible typo.
** WARNING: While reading 'Stagnone_dxy01_15m_new.ext': keyword [lateral] name=Turbid pulse — Trapani saltpans outflow was in file, but not used. Check possible typo.
Dimr [2026-05-18 17:46:13.229210] #4 >> kernel: While reading 'Stagnone_dxy01_15m_new.ext': keyword [lateral] name=Turbid pulse — Trapani saltpans outflow was in file, but not used. Check possible typo.
** WARNING: While reading 'Stagnone_dxy01_15m_new.ext': keyword [lateral] name=Turbid pulse — Trapani saltpans outflow was in file, but not used. Check possible typo.
Dimr [2026-05-18 17:46:13.229200] #5 >> kernel: While reading 'Stagnone_dxy01_15m_new.ext': keyword [lateral] name=Turbid pulse — Trapani saltpans outflow was in file, but not used. Check possible typo.
** WARNING: While reading 'Stagnone_dxy01_15m_new.ext': keyword [lateral] name=Turbid pulse — Birgi airport drainage was in file, but not used. Check possible typo.
Dimr [2026-05-18 17:46:13.229187] #6 >> kernel: While reading 'Stagnone_dxy01_15m_new.ext': keyword [lateral] name=Turbid pulse — Birgi airport drainage was in file, but not used. Check possible typo.
** WARNING: While reading 'Stagnone_dxy01_15m_new.ext': keyword [lateral] name=Turbid pulse — Trapani saltpans outflow was in file, but not used. Check possible typo.
Dimr [2026-05-18 17:46:13.229209] #6 >> kernel: While reading 'Stagnone_dxy01_15m_new.ext': keyword [lateral] name=Turbid pulse — Trapani saltpans outflow was in file, but not used. Check possible typo.
** WARNING: While reading 'Stagnone_dxy01_15m_new.ext': keyword [lateral] name=Turbid pulse — Trapani saltpans outflow was in file, but not used. Check possible typo.
Dimr [2026-05-18 17:46:13.229207] #7 >> kernel: While reading 'Stagnone_dxy01_15m_new.ext': keyword [lateral] name=Turbid pulse — Trapani saltpans outflow was in file, but not used. Check possible typo.
Dimr [2026-05-18 17:46:13.229206] #0 >> kernel: While reading 'Stagnone_dxy01_15m_new.ext': keyword [lateral] name=Turbid pulse — Birgi airport drainage was in file, but not used. Check possible typo.
** WARNING: While reading 'Stagnone_dxy01_15m_new.ext': keyword [lateral] name=Turbid pulse — Trapani saltpans outflow was in file, but not used. Check possible typo.
Dimr [2026-05-18 17:46:13.229233] #0 >> kernel: While reading 'Stagnone_dxy01_15m_new.ext': keyword [lateral] name=Turbid pulse — Trapani saltpans outflow was in file, but not used. Check possible typo.
** INFO   : External Forcing or Initialising 'nudge_salinity_temperature' from file 'nudge_salinity_temperature_2025-07-01_00-00-00.nc'.
** INFO   : External Forcing or Initialising 'nudge_salinity_temperature' from file 'nudge_salinity_temperature_2025-07-01_00-00-00.nc'.
** INFO   : External Forcing or Initialising 'nudge_salinity_temperature' from file 'nudge_salinity_temperature_2025-07-01_00-00-00.nc'.
** INFO   : External Forcing or Initialising 'nudge_salinity_temperature' from file 'nudge_salinity_temperature_2025-07-01_00-00-00.nc'.
** INFO   : External Forcing or Initialising 'nudge_salinity_temperature' from file 'nudge_salinity_temperature_2025-07-01_00-00-00.nc'.
** INFO   : External Forcing or Initialising 'nudge_salinity_temperature' from file 'nudge_salinity_temperature_2025-07-01_00-00-00.nc'.
** INFO   : External Forcing or Initialising 'nudge_salinity_temperature' from file 'nudge_salinity_temperature_2025-07-01_00-00-00.nc'.
** INFO   : External Forcing or Initialising 'nudge_salinity_temperature' from file 'nudge_salinity_temperature_2025-07-01_00-00-00.nc'.
** INFO   : nudge_salinity_temperature: bounding box col0-col1 X row0-row1 = 1-9 X 1-6, ncols X nrows = 9 X 6, relcol X relrow = 1.00 X 1.00 = 1.00
** INFO   : sparse: data size = 12, ncols X nrows = 9 X 6 = 54 factor = 0.22
** INFO   : nudge_salinity_temperature: bounding box col0-col1 X row0-row1 = 1-9 X 1-6, ncols X nrows = 9 X 6, relcol X relrow = 1.00 X 1.00 = 1.00
** INFO   : sparse: data size = 28, ncols X nrows = 9 X 6 = 54 factor = 0.52
** INFO   : nudge_salinity_temperature: bounding box col0-col1 X row0-row1 = 1-9 X 1-6, ncols X nrows = 9 X 6, relcol X relrow = 1.00 X 1.00 = 1.00
** INFO   : sparse: data size = 21, ncols X nrows = 9 X 6 = 54 factor = 0.39
** INFO   : External Forcing or Initialising 'rainfall_rate' from file 'era5_mer_20250701to20250713_ERA5.nc'.
** INFO   : nudge_salinity_temperature: bounding box col0-col1 X row0-row1 = 1-9 X 1-6, ncols X nrows = 9 X 6, relcol X relrow = 1.00 X 1.00 = 1.00
** INFO   : sparse: data size = 20, ncols X nrows = 9 X 6 = 54 factor = 0.37
** INFO   : nudge_salinity_temperature: bounding box col0-col1 X row0-row1 = 1-9 X 1-6, ncols X nrows = 9 X 6, relcol X relrow = 1.00 X 1.00 = 1.00
** INFO   : sparse: data size = 18, ncols X nrows = 9 X 6 = 54 factor = 0.33
** INFO   : External Forcing or Initialising 'rainfall_rate' from file 'era5_mer_20250701to20250713_ERA5.nc'.
** INFO   : External Forcing or Initialising 'rainfall_rate' from file 'era5_mer_20250701to20250713_ERA5.nc'.
** INFO   : nudge_salinity_temperature: bounding box col0-col1 X row0-row1 = 1-9 X 1-6, ncols X nrows = 9 X 6, relcol X relrow = 1.00 X 1.00 = 1.00
** INFO   : sparse: data size = 18, ncols X nrows = 9 X 6 = 54 factor = 0.33
** INFO   : External Forcing or Initialising 'rainfall_rate' from file 'era5_mer_20250701to20250713_ERA5.nc'.
** INFO   : External Forcing or Initialising 'rainfall_rate' from file 'era5_mer_20250701to20250713_ERA5.nc'.
** INFO   : nudge_salinity_temperature: bounding box col0-col1 X row0-row1 = 1-9 X 1-6, ncols X nrows = 9 X 6, relcol X relrow = 1.00 X 1.00 = 1.00
** INFO   : sparse: data size = 24, ncols X nrows = 9 X 6 = 54 factor = 0.44
** INFO   : External Forcing or Initialising 'rainfall_rate' from file 'era5_mer_20250701to20250713_ERA5.nc'.
** INFO   : nudge_salinity_temperature: bounding box col0-col1 X row0-row1 = 1-9 X 1-6, ncols X nrows = 9 X 6, relcol X relrow = 1.00 X 1.00 = 1.00
** INFO   : External Forcing or Initialising 'rainfall_rate' from file 'era5_mer_20250701to20250713_ERA5.nc'.
** INFO   : sparse: data size = 4, ncols X nrows = 9 X 6 = 54 factor = 0.07
** INFO   : External Forcing or Initialising 'rainfall_rate' from file 'era5_mer_20250701to20250713_ERA5.nc'.
** INFO   : Closed file : Stagnone_dxy01_15m_old.ext
** INFO   : Closed file : Stagnone_dxy01_15m_old.ext
** INFO   : Closed file : Stagnone_dxy01_15m_old.ext
** INFO   : Closed file : Stagnone_dxy01_15m_old.ext
** INFO   : Closed file : Stagnone_dxy01_15m_old.ext
** INFO   : Closed file : Stagnone_dxy01_15m_old.ext
** INFO   : Closed file : Stagnone_dxy01_15m_old.ext
** INFO   : Closed file : Stagnone_dxy01_15m_old.ext
** INFO   : Done initializing external forcings.
** INFO   : Done initializing external forcings.
** INFO   : Done initializing external forcings.
** INFO   : Done initializing external forcings.
** INFO   : Done initializing external forcings.
** INFO   : Done initializing external forcings.
** INFO   : Done initializing external forcings.
** INFO   : Done initializing external forcings.
** INFO   : The restart file does not contain waterlevel info. on boundaries
** INFO   : Check flownodes numbering when restart:
** INFO   : Check flowlinks numbering when restart:
** INFO   : The restart file does not contain waterlevel info. on boundaries
** INFO   : Check flownodes numbering when restart:
** INFO   : Check flownodes numbering when restart:
** INFO   : Check flownodes numbering when restart:
** INFO   : Check flownodes numbering when restart:
** INFO   : Check flowlinks numbering when restart:
** INFO   : Check flowlinks numbering when restart:
** INFO   : Check flownodes numbering when restart:
** INFO   : Check flownodes numbering when restart:
** INFO   : Check flowlinks numbering when restart:
** INFO   : Check flowlinks numbering when restart:
** INFO   : The restart file is of an old version, therefore no bedlevel info is read
** INFO   : The restart file does not contain waterlevel info. on boundaries
** INFO   : Check flowlinks numbering when restart:
** INFO   : Check flowlinks numbering when restart:
** INFO   : Check flownodes numbering when restart:
** INFO   : Check flowlinks numbering when restart:
** INFO   : The restart file is of an old version, therefore no bedlevel info is read
** INFO   : The restart file is of an old version, therefore no bedlevel info is read
** INFO   : Finding flow nodes...
** INFO   : done in      0.00100 sec.
** INFO   : Finding flow nodes...
** INFO   : Finding flow nodes...
** INFO   : Finding flow nodes...
** INFO   : Finding flow nodes...
** INFO   : Finding flow nodes...
** INFO   : done in      0.00100 sec.
** INFO   : Finding flow nodes...
** INFO   : done in      0.00100 sec.
** INFO   : done in      0.00100 sec.
** INFO   : Finding flow nodes...
** INFO   : done in      0.00100 sec.
** INFO   : done in      0.00100 sec.
** INFO   : done in      0.00100 sec.
** INFO   : done in      0.00100 sec.
** WARNING: No humidity or dewpoint, airtemperature and cloudiness forcing found, setting temperature model [physics:Temperature] = 1 (Only transport)
Dimr [2026-05-18 17:46:13.753609] #2 >> kernel: No humidity or dewpoint, airtemperature and cloudiness forcing found, setting temperature model [physics:Temperature] = 1 (Only transport)
** WARNING: No humidity or dewpoint, airtemperature and cloudiness forcing found, setting temperature model [physics:Temperature] = 1 (Only transport)
Dimr [2026-05-18 17:46:13.760997] #6 >> kernel: No humidity or dewpoint, airtemperature and cloudiness forcing found, setting temperature model [physics:Temperature] = 1 (Only transport)
** WARNING: No humidity or dewpoint, airtemperature and cloudiness forcing found, setting temperature model [physics:Temperature] = 1 (Only transport)
Dimr [2026-05-18 17:46:13.767101] #4 >> kernel: No humidity or dewpoint, airtemperature and cloudiness forcing found, setting temperature model [physics:Temperature] = 1 (Only transport)
** WARNING: No humidity or dewpoint, airtemperature and cloudiness forcing found, setting temperature model [physics:Temperature] = 1 (Only transport)
Dimr [2026-05-18 17:46:13.779292] #5 >> kernel: No humidity or dewpoint, airtemperature and cloudiness forcing found, setting temperature model [physics:Temperature] = 1 (Only transport)
** WARNING: No humidity or dewpoint, airtemperature and cloudiness forcing found, setting temperature model [physics:Temperature] = 1 (Only transport)
Dimr [2026-05-18 17:46:14.94635] #1 >> kernel: No humidity or dewpoint, airtemperature and cloudiness forcing found, setting temperature model [physics:Temperature] = 1 (Only transport)
** WARNING: No humidity or dewpoint, airtemperature and cloudiness forcing found, setting temperature model [physics:Temperature] = 1 (Only transport)
Dimr [2026-05-18 17:46:14.104730] #0 >> kernel: No humidity or dewpoint, airtemperature and cloudiness forcing found, setting temperature model [physics:Temperature] = 1 (Only transport)
** WARNING: No humidity or dewpoint, airtemperature and cloudiness forcing found, setting temperature model [physics:Temperature] = 1 (Only transport)
Dimr [2026-05-18 17:46:14.107722] #3 >> kernel: No humidity or dewpoint, airtemperature and cloudiness forcing found, setting temperature model [physics:Temperature] = 1 (Only transport)
** WARNING: No humidity or dewpoint, airtemperature and cloudiness forcing found, setting temperature model [physics:Temperature] = 1 (Only transport)
Dimr [2026-05-18 17:46:14.108711] #7 >> kernel: No humidity or dewpoint, airtemperature and cloudiness forcing found, setting temperature model [physics:Temperature] = 1 (Only transport)
** INFO   : nogauss , nocg :           2185          1108
** INFO   : nogauss , nocg :           2048          1286
** INFO   : nogauss , nocg :           1930          1577
** INFO   : nogauss , nocg :           2184          1338
** INFO   : nogauss , nocg :           1941          1560
** INFO   : nogauss , nocg :           2177          1424
** INFO   : nogauss , nocg :           2039          1568
** INFO   : nogauss , nocg :           2160          1559
** WARNING: Programming error, please report: any_structures_lie_across_multiple_partitions found no partitions with nodes!
Dimr [2026-05-18 17:46:14.127252] #0 >> kernel: Programming error, please report: any_structures_lie_across_multiple_partitions found no partitions with nodes!
** WARNING: Programming error, please report: any_structures_lie_across_multiple_partitions found no partitions with nodes!
Dimr [2026-05-18 17:46:14.127255] #1 >> kernel: Programming error, please report: any_structures_lie_across_multiple_partitions found no partitions with nodes!
** WARNING: Programming error, please report: any_structures_lie_across_multiple_partitions found no partitions with nodes!
Dimr [2026-05-18 17:46:14.127252] #2 >> kernel: Programming error, please report: any_structures_lie_across_multiple_partitions found no partitions with nodes!
** WARNING: Programming error, please report: any_structures_lie_across_multiple_partitions found no partitions with nodes!
Dimr [2026-05-18 17:46:14.127252] #3 >> kernel: Programming error, please report: any_structures_lie_across_multiple_partitions found no partitions with nodes!
** WARNING: Programming error, please report: any_structures_lie_across_multiple_partitions found no partitions with nodes!
Dimr [2026-05-18 17:46:14.127258] #4 >> kernel: Programming error, please report: any_structures_lie_across_multiple_partitions found no partitions with nodes!
** WARNING: Programming error, please report: any_structures_lie_across_multiple_partitions found no partitions with nodes!
Dimr [2026-05-18 17:46:14.127259] #5 >> kernel: Programming error, please report: any_structures_lie_across_multiple_partitions found no partitions with nodes!
** WARNING: Programming error, please report: any_structures_lie_across_multiple_partitions found no partitions with nodes!
Dimr [2026-05-18 17:46:14.127257] #6 >> kernel: Programming error, please report: any_structures_lie_across_multiple_partitions found no partitions with nodes!
** WARNING: Programming error, please report: any_structures_lie_across_multiple_partitions found no partitions with nodes!
Dimr [2026-05-18 17:46:14.127257] #7 >> kernel: Programming error, please report: any_structures_lie_across_multiple_partitions found no partitions with nodes!
** INFO   : Finding flow nodes...
** INFO   : Finding flow nodes...
** INFO   : Finding flow nodes...
** INFO   : Finding flow nodes...
** INFO   : Finding flow nodes...
** INFO   : Finding flow nodes...
** INFO   : Finding flow nodes...
** INFO   : Finding flow nodes...
** INFO   : done in      0.00100 sec.
** INFO   : done in      0.00100 sec.
** INFO   : done in      0.00100 sec.
** INFO   : done in      0.00100 sec.
** INFO   : done in      0.00100 sec.
** INFO   : done in      0.00100 sec.
** INFO   : done in      0.00100 sec.
** INFO   : done in      0.00200 sec.
** WARNING: Viscosity coefficient was limited for 30 links.
Dimr [2026-05-18 17:46:14.142371] #6 >> kernel: Viscosity coefficient was limited for 30 links.
** WARNING: Viscosity coefficient was limited for 10 links.
Dimr [2026-05-18 17:46:14.143002] #3 >> kernel: Viscosity coefficient was limited for 10 links.
** INFO   : ** Model initialization was successful **
** INFO   : * Active Model definition:
** INFO   : ** Model initialization was successful **
** INFO   : * Active Model definition:
** INFO   : ** Model initialization was successful **
** INFO   : * Active Model definition:
** INFO   : **
** INFO   : Writing cache file: Stagnone_dxy01_15m_0006.cache, version: D-Flow FM, cache file, 1.01
** INFO   : **
** INFO   : Writing cache file: Stagnone_dxy01_15m_0000.cache, version: D-Flow FM, cache file, 1.01
** INFO   : **
** INFO   : Writing cache file: Stagnone_dxy01_15m_0003.cache, version: D-Flow FM, cache file, 1.01
** INFO   : ** Model initialization was successful **
** INFO   : * Active Model definition:
** INFO   : ** Model initialization was successful **
** INFO   : * Active Model definition:
** INFO   : ** Model initialization was successful **
** INFO   : * Active Model definition:
** INFO   : ** Model initialization was successful **
** INFO   : * Active Model definition:
** INFO   : ** Model initialization was successful **
** INFO   : * Active Model definition:
** INFO   : **
** INFO   : Writing cache file: Stagnone_dxy01_15m_0001.cache, version: D-Flow FM, cache file, 1.01
** INFO   : **
** INFO   : Writing cache file: Stagnone_dxy01_15m_0002.cache, version: D-Flow FM, cache file, 1.01
** INFO   : **
** INFO   : Writing cache file: Stagnone_dxy01_15m_0004.cache, version: D-Flow FM, cache file, 1.01
** INFO   : **
** INFO   : Writing cache file: Stagnone_dxy01_15m_0007.cache, version: D-Flow FM, cache file, 1.01
** INFO   : **
** INFO   : Writing cache file: Stagnone_dxy01_15m_0005.cache, version: D-Flow FM, cache file, 1.01
** INFO   : Modelinit finished   at: 17:46:14, 18-05-2026
** INFO   : 
** INFO   : 
** INFO   : nr of netnodes               ( )  :                     1791
** INFO   : nr of netlinks               ( )  :                     5086
** INFO   : 
** INFO   : nr of 2D netlinks            ( )  :                     5086
** INFO   : nr of 1D netlinks            ( )  :                        0
** INFO   : 
** INFO   : nr of netcells               ( )  :                     3293
** INFO   : nr of netcells 1D2D          ( )  :                     3293
** INFO   : 
** INFO   : nr of flownodes              ( )  :                     3293
** INFO   : nr of internal flownodes     ( )  :                     3293
** INFO   : nr of 2D internal flownodes  ( )  :                     3293
** INFO   : nr of 1D internal flownodes  ( )  :                        0
** INFO   : 
** INFO   : nr of openbnd cells       ( )     :                        0
** INFO   : nr of 2D boundaries       ( )     :                        0
** INFO   : nr of 1D boundaries       ( )     :                        0
** INFO   : nr of flowlinks           ( )     :                     4817
** INFO   : nr of internal links      ( )     :                     4817
** INFO   : nr of 1D links            ( )     :                        0
** INFO   : 
** INFO   : nr of closed walls     ( )  :                      269
** INFO   : max nr of layers       ( )  :                       10
** INFO   : nr of 3D cells         ( )  :                    32930
** INFO   : nr of 3D links         ( )  :                    48170
** INFO   : 
** INFO   : 
** INFO   : my model area          (m2) :         0.1437861189E+08
** INFO   : Modelinit finished   at: 17:46:14, 18-05-2026
** INFO   : 
** INFO   : 
** INFO   : nr of netnodes               ( )  :                     3397
** INFO   : nr of netlinks               ( )  :                     7115
** INFO   : 
** INFO   : nr of 2D netlinks            ( )  :                     7115
** INFO   : nr of 1D netlinks            ( )  :                        0
** INFO   : 
** INFO   : nr of netcells               ( )  :                     3719
** INFO   : nr of netcells 1D2D          ( )  :                     3719
** INFO   : 
** INFO   : nr of flownodes              ( )  :                     3719
** INFO   : nr of internal flownodes     ( )  :                     3719
** INFO   : nr of 2D internal flownodes  ( )  :                     3719
** INFO   : nr of 1D internal flownodes  ( )  :                        0
** INFO   : 
** INFO   : nr of openbnd cells       ( )     :                        0
** INFO   : nr of 2D boundaries       ( )     :                        0
** INFO   : nr of 1D boundaries       ( )     :                        0
** INFO   : nr of flowlinks           ( )     :                     6639
** INFO   : nr of internal links      ( )     :                     6639
** INFO   : nr of 1D links            ( )     :                        0
** INFO   : 
** INFO   : nr of closed walls     ( )  :                      476
** INFO   : max nr of layers       ( )  :                       10
** INFO   : nr of 3D cells         ( )  :                    37190
** INFO   : nr of 3D links         ( )  :                    66390
** INFO   : 
** INFO   : 
** INFO   : my model area          (m2) :         0.1325437043E+09
** INFO   : Modelinit finished   at: 17:46:14, 18-05-2026
** INFO   : 
** INFO   : 
** INFO   : nr of netnodes               ( )  :                     3266
** INFO   : nr of netlinks               ( )  :                     6867
** INFO   : 
** INFO   : nr of 2D netlinks            ( )  :                     6867
** INFO   : nr of 1D netlinks            ( )  :                        0
** INFO   : 
** INFO   : nr of netcells               ( )  :                     3601
** INFO   : nr of netcells 1D2D          ( )  :                     3601
** INFO   : 
** INFO   : nr of flownodes              ( )  :                     3601
** INFO   : nr of internal flownodes     ( )  :                     3601
** INFO   : nr of 2D internal flownodes  ( )  :                     3601
** INFO   : nr of 1D internal flownodes  ( )  :                        0
** INFO   : 
** INFO   : nr of openbnd cells       ( )     :                        0
** INFO   : nr of 2D boundaries       ( )     :                        0
** INFO   : nr of 1D boundaries       ( )     :                        0
** INFO   : nr of flowlinks           ( )     :                     6286
** INFO   : nr of internal links      ( )     :                     6286
** INFO   : nr of 1D links            ( )     :                        0
** INFO   : 
** INFO   : nr of closed walls     ( )  :                      581
** INFO   : max nr of layers       ( )  :                       10
** INFO   : nr of 3D cells         ( )  :                    36010
** INFO   : nr of 3D links         ( )  :                    62860
** INFO   : 
** INFO   : 
** INFO   : my model area          (m2) :         0.1661727062E+09
** INFO   : Modelinit finished   at: 17:46:14, 18-05-2026
** INFO   : 
** INFO   : 
** INFO   : nr of netnodes               ( )  :                     3094
** INFO   : nr of netlinks               ( )  :                     6413
** INFO   : 
** INFO   : nr of 2D netlinks            ( )  :                     6413
** INFO   : nr of 1D netlinks            ( )  :                        0
** INFO   : 
** INFO   : nr of netcells               ( )  :                     3319
** INFO   : nr of netcells 1D2D          ( )  :                     3319
** INFO   : 
** INFO   : nr of flownodes              ( )  :                     3334
** INFO   : nr of internal flownodes     ( )  :                     3319
** INFO   : nr of 2D internal flownodes  ( )  :                     3319
** INFO   : nr of 1D internal flownodes  ( )  :                        0
** INFO   : 
** INFO   : nr of openbnd cells       ( )     :                       15
** INFO   : nr of 2D boundaries       ( )     :                       15
** INFO   : nr of 1D boundaries       ( )     :                        0
** INFO   : nr of flowlinks           ( )     :                     5908
** INFO   : nr of internal links      ( )     :                     5893
** INFO   : nr of 1D links            ( )     :                        0
** INFO   : 
** INFO   : nr of closed walls     ( )  :                      505
** INFO   : max nr of layers       ( )  :                       10
** INFO   : nr of 3D cells         ( )  :                    33340
** INFO   : nr of 3D links         ( )  :                    59080
** INFO   : 
** INFO   : 
** INFO   : my model area          (m2) :         0.9498764792E+08
** INFO   : Modelinit finished   at: 17:46:14, 18-05-2026
** INFO   : 
** INFO   : 
** INFO   : nr of netnodes               ( )  :                     3134
** INFO   : nr of netlinks               ( )  :                     6602
** INFO   : 
** INFO   : nr of 2D netlinks            ( )  :                     6602
** INFO   : nr of 1D netlinks            ( )  :                        0
** INFO   : 
** INFO   : nr of netcells               ( )  :                     3468
** INFO   : nr of netcells 1D2D          ( )  :                     3468
** INFO   : 
** INFO   : nr of flownodes              ( )  :                     3501
** INFO   : nr of internal flownodes     ( )  :                     3468
** INFO   : nr of 2D internal flownodes  ( )  :                     3468
** INFO   : nr of 1D internal flownodes  ( )  :                        0
** INFO   : 
** INFO   : nr of openbnd cells       ( )     :                       33
** INFO   : nr of 2D boundaries       ( )     :                       33
** INFO   : nr of 1D boundaries       ( )     :                        0
** INFO   : nr of flowlinks           ( )     :                     6351
** INFO   : nr of internal links      ( )     :                     6318
** INFO   : nr of 1D links            ( )     :                        0
** INFO   : 
** INFO   : nr of closed walls     ( )  :                      251
** INFO   : max nr of layers       ( )  :                       10
** INFO   : nr of 3D cells         ( )  :                    35010
** INFO   : nr of 3D links         ( )  :                    63510
** INFO   : 
** INFO   : 
** INFO   : my model area          (m2) :         0.2291706163E+09
** INFO   : Modelinit finished   at: 17:46:14, 18-05-2026
** INFO   : 
** INFO   : 
** INFO   : nr of netnodes               ( )  :                     3239
** INFO   : nr of netlinks               ( )  :                     6807
** INFO   : 
** INFO   : nr of 2D netlinks            ( )  :                     6807
** INFO   : nr of 1D netlinks            ( )  :                        0
** INFO   : 
** INFO   : nr of netcells               ( )  :                     3569
** INFO   : nr of netcells 1D2D          ( )  :                     3569
** INFO   : 
** INFO   : nr of flownodes              ( )  :                     3607
** INFO   : nr of internal flownodes     ( )  :                     3569
** INFO   : nr of 2D internal flownodes  ( )  :                     3569
** INFO   : nr of 1D internal flownodes  ( )  :                        0
** INFO   : 
** INFO   : nr of openbnd cells       ( )     :                       38
** INFO   : nr of 2D boundaries       ( )     :                       38
** INFO   : nr of 1D boundaries       ( )     :                        0
** INFO   : nr of flowlinks           ( )     :                     6532
** INFO   : nr of internal links      ( )     :                     6494
** INFO   : nr of 1D links            ( )     :                        0
** INFO   : 
** INFO   : nr of closed walls     ( )  :                      275
** INFO   : max nr of layers       ( )  :                       10
** INFO   : nr of 3D cells         ( )  :                    36070
** INFO   : nr of 3D links         ( )  :                    65320
** INFO   : 
** INFO   : 
** INFO   : my model area          (m2) :         0.1977067821E+09
** INFO   : Modelinit finished   at: 17:46:14, 18-05-2026
** INFO   : 
** INFO   : 
** INFO   : nr of netnodes               ( )  :                     2828
** INFO   : nr of netlinks               ( )  :                     6315
** INFO   : 
** INFO   : nr of 2D netlinks            ( )  :                     6315
** INFO   : nr of 1D netlinks            ( )  :                        0
** INFO   : 
** INFO   : nr of netcells               ( )  :                     3488
** INFO   : nr of netcells 1D2D          ( )  :                     3488
** INFO   : 
** INFO   : nr of flownodes              ( )  :                     3522
** INFO   : nr of internal flownodes     ( )  :                     3488
** INFO   : nr of 2D internal flownodes  ( )  :                     3488
** INFO   : nr of 1D internal flownodes  ( )  :                        0
** INFO   : 
** INFO   : nr of openbnd cells       ( )     :                       34
** INFO   : nr of 2D boundaries       ( )     :                       34
** INFO   : nr of 1D boundaries       ( )     :                        0
** INFO   : nr of flowlinks           ( )     :                     5861
** INFO   : nr of internal links      ( )     :                     5827
** INFO   : nr of 1D links            ( )     :                        0
** INFO   : 
** INFO   : nr of closed walls     ( )  :                      454
** INFO   : max nr of layers       ( )  :                       10
** INFO   : nr of 3D cells         ( )  :                    35220
** INFO   : nr of 3D links         ( )  :                    58610
** INFO   : 
** INFO   : 
** INFO   : my model area          (m2) :         0.4128410741E+09
** INFO   : Modelinit finished   at: 17:46:14, 18-05-2026
** INFO   : 
** INFO   : 
** INFO   : nr of netnodes               ( )  :                     3188
** INFO   : nr of netlinks               ( )  :                     6631
** INFO   : 
** INFO   : nr of 2D netlinks            ( )  :                     6631
** INFO   : nr of 1D netlinks            ( )  :                        0
** INFO   : 
** INFO   : nr of netcells               ( )  :                     3444
** INFO   : nr of netcells 1D2D          ( )  :                     3444
** INFO   : 
** INFO   : nr of flownodes              ( )  :                     3507
** INFO   : nr of internal flownodes     ( )  :                     3444
** INFO   : nr of 2D internal flownodes  ( )  :                     3444
** INFO   : nr of 1D internal flownodes  ( )  :                        0
** INFO   : 
** INFO   : nr of openbnd cells       ( )     :                       63
** INFO   : nr of 2D boundaries       ( )     :                       63
** INFO   : nr of 1D boundaries       ( )     :                        0
** INFO   : nr of flowlinks           ( )     :                     6428
** INFO   : nr of internal links      ( )     :                     6365
** INFO   : nr of 1D links            ( )     :                        0
** INFO   : 
** INFO   : nr of closed walls     ( )  :                      203
** INFO   : max nr of layers       ( )  :                       10
** INFO   : nr of 3D cells         ( )  :                    35070
** INFO   : nr of 3D links         ( )  :                    64280
** INFO   : 
** INFO   : 
** INFO   : my model area          (m2) :         0.5524560489E+09
** INFO   : total model area       (m2) :         0.1800257192E+10
** INFO   : my model volume        (m3) :         0.7471416833E+10
** INFO   : total model area       (m2) :         0.1800257192E+10
** INFO   : my model volume        (m3) :         0.2317136165E+11
** INFO   : total model area       (m2) :         0.1800257192E+10
** INFO   : my model volume        (m3) :         0.2376258428E+10
** INFO   : total model area       (m2) :         0.1800257192E+10
** INFO   : my model volume        (m3) :         0.5368737935E+11
** INFO   : total model volume     (m3) :         0.3147240452E+12
** INFO   : total model area       (m2) :         0.1800257192E+10
** INFO   : my model volume        (m3) :         0.1717110348E+12
** INFO   : total model volume     (m3) :         0.3147240452E+12
** INFO   : 
** INFO   : total model area       (m2) :         0.1800257192E+10
** INFO   : my model volume        (m3) :         0.1151338015E+08
** INFO   : total model volume     (m3) :         0.3147240452E+12
** INFO   : 
** INFO   : 
** INFO   : total model area       (m2) :         0.1800257192E+10
** INFO   : my model volume        (m3) :         0.4814024778E+11
** INFO   : total model volume     (m3) :         0.3147240452E+12
** INFO   : 
** INFO   : 
** INFO   : total model volume     (m3) :         0.3147240452E+12
** INFO   : 
** INFO   : 
** INFO   : total model volume     (m3) :         0.3147240452E+12
** INFO   : 
** INFO   : 
** INFO   : total model volume     (m3) :         0.3147240452E+12
** INFO   : 
** INFO   : 
** INFO   : total model area       (m2) :         0.1800257192E+10
** INFO   : my model volume        (m3) :         0.8154832948E+10
** INFO   : total model volume     (m3) :         0.3147240452E+12
** INFO   : 
** INFO   : 
** INFO   : 
** INFO   : 
** INFO   : 
** INFO   : Writing initial output to file(s)...
** INFO   : Writing initial output to file(s)...
** INFO   : Writing initial output to file(s)...
** INFO   : Writing initial output to file(s)...
** INFO   : Writing initial output to file(s)...
** INFO   : Writing initial output to file(s)...
** INFO   : Writing initial output to file(s)...
** INFO   : Writing initial output to file(s)...
** INFO   :    Sim. time done   Sim. time left   Real time used   Real time left Steps left Complete% Interval-averaged time step
** INFO   :           0d  0:00:00          2d  0:00:00          0d  0:00:00     ??d ??:??:??            576     0.2%     0.00000
** INFO   : Done writing initial output to file(s).
Dimr [2026-05-18 17:46:14.286941] #6 >> PARALLEL:
Dimr [2026-05-18 17:46:14.286964] #6 >> Parallel Update: Current time:  16416000.00000 -- DFlowFM -- 6
Dimr [2026-05-18 17:46:14.286969] #6 >> TIME LOOP    172800.00000 --  16588800.00000 --  16416000.00000
Dimr [2026-05-18 17:46:14.286974] #6 >> TIME LOOP      3600.00000 --  16588800.00000 --  16416000.00000 --         0.00000 
** INFO   :    Sim. time done   Sim. time left   Real time used   Real time left Steps left Complete% Interval-averaged time step
** INFO   :           0d  0:00:00          2d  0:00:00          0d  0:00:00     ??d ??:??:??            576     0.2%     0.00000
** INFO   : Done writing initial output to file(s).
Dimr [2026-05-18 17:46:14.292901] #2 >> PARALLEL:
Dimr [2026-05-18 17:46:14.292924] #2 >> Parallel Update: Current time:  16416000.00000 -- DFlowFM -- 6
Dimr [2026-05-18 17:46:14.292929] #2 >> TIME LOOP    172800.00000 --  16588800.00000 --  16416000.00000
Dimr [2026-05-18 17:46:14.292933] #2 >> TIME LOOP      3600.00000 --  16588800.00000 --  16416000.00000 --         0.00000 
** INFO   :    Sim. time done   Sim. time left   Real time used   Real time left Steps left Complete% Interval-averaged time step
** INFO   :           0d  0:00:00          2d  0:00:00          0d  0:00:00     ??d ??:??:??            576     0.2%     0.00000
** INFO   : Done writing initial output to file(s).
Dimr [2026-05-18 17:46:14.294361] #7 >> PARALLEL:
Dimr [2026-05-18 17:46:14.294378] #7 >> Parallel Update: Current time:  16416000.00000 -- DFlowFM -- 6
Dimr [2026-05-18 17:46:14.294383] #7 >> TIME LOOP    172800.00000 --  16588800.00000 --  16416000.00000
Dimr [2026-05-18 17:46:14.294388] #7 >> TIME LOOP      3600.00000 --  16588800.00000 --  16416000.00000 --         0.00000 
** INFO   :    Sim. time done   Sim. time left   Real time used   Real time left Steps left Complete% Interval-averaged time step
** INFO   :           0d  0:00:00          2d  0:00:00          0d  0:00:00     ??d ??:??:??            576     0.2%     0.00000
** INFO   : Done writing initial output to file(s).
Dimr [2026-05-18 17:46:14.296426] #4 >> PARALLEL:
Dimr [2026-05-18 17:46:14.296441] #4 >> Parallel Update: Current time:  16416000.00000 -- DFlowFM -- 6
Dimr [2026-05-18 17:46:14.296446] #4 >> TIME LOOP    172800.00000 --  16588800.00000 --  16416000.00000
Dimr [2026-05-18 17:46:14.296451] #4 >> TIME LOOP      3600.00000 --  16588800.00000 --  16416000.00000 --         0.00000 
** INFO   :    Sim. time done   Sim. time left   Real time used   Real time left Steps left Complete% Interval-averaged time step
** INFO   :           0d  0:00:00          2d  0:00:00          0d  0:00:00     ??d ??:??:??            576     0.2%     0.00000
** INFO   : Done writing initial output to file(s).
Dimr [2026-05-18 17:46:14.297612] #1 >> PARALLEL:
Dimr [2026-05-18 17:46:14.297628] #1 >> Parallel Update: Current time:  16416000.00000 -- DFlowFM -- 6
Dimr [2026-05-18 17:46:14.297633] #1 >> TIME LOOP    172800.00000 --  16588800.00000 --  16416000.00000
Dimr [2026-05-18 17:46:14.297638] #1 >> TIME LOOP      3600.00000 --  16588800.00000 --  16416000.00000 --         0.00000 
** INFO   :    Sim. time done   Sim. time left   Real time used   Real time left Steps left Complete% Interval-averaged time step
** INFO   :           0d  0:00:00          2d  0:00:00          0d  0:00:00     ??d ??:??:??            576     0.2%     0.00000
** INFO   : Done writing initial output to file(s).
Dimr [2026-05-18 17:46:14.300124] #0 >> wave.Initialize(stagnone.mdw)

********************************************************************************
***
*** Deltares, D-Waves  Version 3.08.03.057d2f7ceeafda462a1b4e598efa4ce4f0c97cc5, Oct 02 2025, 17:48:20
***           built from : URL: all/release/2026.01
***
***           runid      : stagnone.mdw
***
********************************************************************************

*** MESSAGE: Delft3D-WAVE runs online with Delft3D-FLOW
** INFO   :    Sim. time done   Sim. time left   Real time used   Real time left Steps left Complete% Interval-averaged time step
** INFO   :           0d  0:00:00          2d  0:00:00          0d  0:00:00     ??d ??:??:??            576     0.2%     0.00000
** INFO   : Done writing initial output to file(s).
 Domain            1  is using depth averaged flow velocity.
 Domain            2  is using depth averaged flow velocity.
Dimr [2026-05-18 17:46:14.300903] #5 >> PARALLEL:
Dimr [2026-05-18 17:46:14.300920] #5 >> Parallel Update: Current time:  16416000.00000 -- DFlowFM -- 6
Dimr [2026-05-18 17:46:14.300926] #5 >> TIME LOOP    172800.00000 --  16588800.00000 --  16416000.00000
Dimr [2026-05-18 17:46:14.300931] #5 >> TIME LOOP      3600.00000 --  16588800.00000 --  16416000.00000 --         0.00000 
 Done reading input
*** MESSAGE: Using data from 8 NetCDF files
             Base name: ../DFM_OUTPUT_Stagnone_dxy01_15m/Stagnone_dxy01_15m_com.nc
             Partition range: 0000 - 0007
  Initialising grids and grid mappings
 
Coordinate System: Spherical
 
** INFO   :    Sim. time done   Sim. time left   Real time used   Real time left Steps left Complete% Interval-averaged time step
** INFO   :           0d  0:00:00          2d  0:00:00          0d  0:00:00     ??d ??:??:??            576     0.2%     0.00000
** INFO   : Done writing initial output to file(s).
Dimr [2026-05-18 17:46:14.302370] #3 >> PARALLEL:
Dimr [2026-05-18 17:46:14.302386] #3 >> Parallel Update: Current time:  16416000.00000 -- DFlowFM -- 6
Dimr [2026-05-18 17:46:14.302392] #3 >> TIME LOOP    172800.00000 --  16588800.00000 --  16416000.00000
Dimr [2026-05-18 17:46:14.302397] #3 >> TIME LOOP      3600.00000 --  16588800.00000 --  16416000.00000 --         0.00000 
 
Coordinate System: Spherical
 
<<Run ESMF_RegridWeightGen...
>>...Check file esmf_sh.log
Executing command: "ESMF_RegridWeightGen_in_Delft3D-WAVE.sh TMP_ESMF_RegridWeightGen_flow_source_0001.nc TMP_ESMF_RegridWeightGen_swan_grid_outer_grd_destination_0001.nc TMP_ESMF_RegridWeightGen_swan_grid_outer_grd_weights_0001to0001.nc"
>>...End of ESMF_RegridWeightGen run
<<Run ESMF_RegridWeightGen...
>>...Check file esmf_sh.log
Executing command: "ESMF_RegridWeightGen_in_Delft3D-WAVE.sh TMP_ESMF_RegridWeightGen_flow_source_0002.nc TMP_ESMF_RegridWeightGen_swan_grid_outer_grd_destination_0001.nc TMP_ESMF_RegridWeightGen_swan_grid_outer_grd_weights_0002to0001.nc"
>>...End of ESMF_RegridWeightGen run
<<Run ESMF_RegridWeightGen...
>>...Check file esmf_sh.log
Executing command: "ESMF_RegridWeightGen_in_Delft3D-WAVE.sh TMP_ESMF_RegridWeightGen_flow_source_0003.nc TMP_ESMF_RegridWeightGen_swan_grid_outer_grd_destination_0001.nc TMP_ESMF_RegridWeightGen_swan_grid_outer_grd_weights_0003to0001.nc"
>>...End of ESMF_RegridWeightGen run
<<Run ESMF_RegridWeightGen...
>>...Check file esmf_sh.log
Executing command: "ESMF_RegridWeightGen_in_Delft3D-WAVE.sh TMP_ESMF_RegridWeightGen_flow_source_0004.nc TMP_ESMF_RegridWeightGen_swan_grid_outer_grd_destination_0001.nc TMP_ESMF_RegridWeightGen_swan_grid_outer_grd_weights_0004to0001.nc"
>>...End of ESMF_RegridWeightGen run
<<Run ESMF_RegridWeightGen...
>>...Check file esmf_sh.log
Executing command: "ESMF_RegridWeightGen_in_Delft3D-WAVE.sh TMP_ESMF_RegridWeightGen_flow_source_0005.nc TMP_ESMF_RegridWeightGen_swan_grid_outer_grd_destination_0001.nc TMP_ESMF_RegridWeightGen_swan_grid_outer_grd_weights_0005to0001.nc"
>>...End of ESMF_RegridWeightGen run
<<Run ESMF_RegridWeightGen...
>>...Check file esmf_sh.log
Executing command: "ESMF_RegridWeightGen_in_Delft3D-WAVE.sh TMP_ESMF_RegridWeightGen_flow_source_0006.nc TMP_ESMF_RegridWeightGen_swan_grid_outer_grd_destination_0001.nc TMP_ESMF_RegridWeightGen_swan_grid_outer_grd_weights_0006to0001.nc"
>>...End of ESMF_RegridWeightGen run
<<Run ESMF_RegridWeightGen...
>>...Check file esmf_sh.log
Executing command: "ESMF_RegridWeightGen_in_Delft3D-WAVE.sh TMP_ESMF_RegridWeightGen_flow_source_0007.nc TMP_ESMF_RegridWeightGen_swan_grid_outer_grd_destination_0001.nc TMP_ESMF_RegridWeightGen_swan_grid_outer_grd_weights_0007to0001.nc"
>>...End of ESMF_RegridWeightGen run
<<Run ESMF_RegridWeightGen...
>>...Check file esmf_sh.log
Executing command: "ESMF_RegridWeightGen_in_Delft3D-WAVE.sh TMP_ESMF_RegridWeightGen_flow_source_0008.nc TMP_ESMF_RegridWeightGen_swan_grid_outer_grd_destination_0001.nc TMP_ESMF_RegridWeightGen_swan_grid_outer_grd_weights_0008to0001.nc"
>>...End of ESMF_RegridWeightGen run
<<Run ESMF_RegridWeightGen...
>>...Check file esmf_sh.log
Executing command: "ESMF_RegridWeightGen_in_Delft3D-WAVE.sh TMP_ESMF_RegridWeightGen_flow_source_0001.nc TMP_ESMF_RegridWeightGen_swan_grid_grd_destination_0002.nc TMP_ESMF_RegridWeightGen_swan_grid_grd_weights_0001to0002.nc"
>>...End of ESMF_RegridWeightGen run
<<Run ESMF_RegridWeightGen...
>>...Check file esmf_sh.log
Executing command: "ESMF_RegridWeightGen_in_Delft3D-WAVE.sh TMP_ESMF_RegridWeightGen_flow_source_0002.nc TMP_ESMF_RegridWeightGen_swan_grid_grd_destination_0002.nc TMP_ESMF_RegridWeightGen_swan_grid_grd_weights_0002to0002.nc"
>>...End of ESMF_RegridWeightGen run
<<Run ESMF_RegridWeightGen...
>>...Check file esmf_sh.log
Executing command: "ESMF_RegridWeightGen_in_Delft3D-WAVE.sh TMP_ESMF_RegridWeightGen_flow_source_0003.nc TMP_ESMF_RegridWeightGen_swan_grid_grd_destination_0002.nc TMP_ESMF_RegridWeightGen_swan_grid_grd_weights_0003to0002.nc"
>>...End of ESMF_RegridWeightGen run
<<Run ESMF_RegridWeightGen...
>>...Check file esmf_sh.log
Executing command: "ESMF_RegridWeightGen_in_Delft3D-WAVE.sh TMP_ESMF_RegridWeightGen_flow_source_0004.nc TMP_ESMF_RegridWeightGen_swan_grid_grd_destination_0002.nc TMP_ESMF_RegridWeightGen_swan_grid_grd_weights_0004to0002.nc"
>>...End of ESMF_RegridWeightGen run
<<Run ESMF_RegridWeightGen...
>>...Check file esmf_sh.log
Executing command: "ESMF_RegridWeightGen_in_Delft3D-WAVE.sh TMP_ESMF_RegridWeightGen_flow_source_0005.nc TMP_ESMF_RegridWeightGen_swan_grid_grd_destination_0002.nc TMP_ESMF_RegridWeightGen_swan_grid_grd_weights_0005to0002.nc"
>>...End of ESMF_RegridWeightGen run
WARNING Flow grid 5 is not overlapping with WAVE grid 2. Mapper not filled with weights.
<<Run ESMF_RegridWeightGen...
>>...Check file esmf_sh.log
Executing command: "ESMF_RegridWeightGen_in_Delft3D-WAVE.sh TMP_ESMF_RegridWeightGen_flow_source_0006.nc TMP_ESMF_RegridWeightGen_swan_grid_grd_destination_0002.nc TMP_ESMF_RegridWeightGen_swan_grid_grd_weights_0006to0002.nc"
>>...End of ESMF_RegridWeightGen run
WARNING Flow grid 6 is not overlapping with WAVE grid 2. Mapper not filled with weights.
<<Run ESMF_RegridWeightGen...
>>...Check file esmf_sh.log
Executing command: "ESMF_RegridWeightGen_in_Delft3D-WAVE.sh TMP_ESMF_RegridWeightGen_flow_source_0007.nc TMP_ESMF_RegridWeightGen_swan_grid_grd_destination_0002.nc TMP_ESMF_RegridWeightGen_swan_grid_grd_weights_0007to0002.nc"
>>...End of ESMF_RegridWeightGen run
<<Run ESMF_RegridWeightGen...
>>...Check file esmf_sh.log
Executing command: "ESMF_RegridWeightGen_in_Delft3D-WAVE.sh TMP_ESMF_RegridWeightGen_flow_source_0008.nc TMP_ESMF_RegridWeightGen_swan_grid_grd_destination_0002.nc TMP_ESMF_RegridWeightGen_swan_grid_grd_weights_0008to0002.nc"
>>...End of ESMF_RegridWeightGen run
Dimr [2026-05-18 17:46:17.17071] #0 >> PARALLEL:
Dimr [2026-05-18 17:46:17.17093] #0 >> Parallel Update: Current time:  16416000.00000 -- DFlowFM -- 2
Dimr [2026-05-18 17:46:17.17100] #0 >> TIME LOOP    172800.00000 --  16588800.00000 --  16416000.00000
Dimr [2026-05-18 17:46:17.17104] #0 >> TIME LOOP      3600.00000 --  16588800.00000 --  16416000.00000 --         0.00000 
Dimr [2026-05-18 17:46:17.17117] #0 >> Parallel Startgroup: Current time:  16416000.00000 --         0.00000
Dimr [2026-05-18 17:46:17.17124] #0 >> 16416000.0:    wave.Update(16416000.0)
*****************************************************************
*  Start of Delft3D-WAVE ...
Dimr [2026-05-18 17:46:17.17127] #1 >> Parallel Child: Current time:  16416000.00000 -- 0
Dimr [2026-05-18 17:46:17.17128] #2 >> Parallel Child: Current time:  16416000.00000 -- 0
Dimr [2026-05-18 17:46:17.17128] #3 >> Parallel Child: Current time:  16416000.00000 -- 0
Dimr [2026-05-18 17:46:17.17131] #5 >> Parallel Child: Current time:  16416000.00000 -- 0
Dimr [2026-05-18 17:46:17.17130] #6 >> Parallel Child: Current time:  16416000.00000 -- 0
Dimr [2026-05-18 17:46:17.17129] #7 >> Parallel Child: Current time:  16416000.00000 -- 0
  Start loop over SWAN grids, time =      273600.000 minutes since 20250101.000000
  Allocate input fields
  Allocate and read SWAN depth
Dimr [2026-05-18 17:46:17.17129] #4 >> Parallel Child: Current time:  16416000.00000 -- 0
  Get flow fields, domain 1 :
  Get flow fields, domain 2 :
  Get flow fields, domain 3 :
  Get flow fields, domain 4 :
  Get flow fields, domain 5 :
  Get flow fields, domain 6 :
  Get flow fields, domain 7 :
  Get flow fields, domain 8 :
  Write SWAN depth file
  Write SWAN velocity file
  Write SWAN wind file
  Write SWAN input
<<Run SWAN...
>>...Check file swan_sh.log
>>...End of SWAN run
  Allocate output fields
  Read SWAN output
  WARNING: Found negative value(s) for dissip(2) in swanout file;
           value(s) set to zero
  Map WAVE parameters to FLOW grid          1
  Map WAVE parameters to FLOW grid          2
  Map WAVE parameters to FLOW grid          3
  Map WAVE parameters to FLOW grid          4
  Map WAVE parameters to FLOW grid          5
  Map WAVE parameters to FLOW grid          6
  Map WAVE parameters to FLOW grid          7
  Map WAVE parameters to FLOW grid          8
  Write WAVE map file, nest          1 time      273600.000
  Time written     273600
  Write WAVE NetCDF map file, nest          1 time 273600.000
 Number of non-existing grid points detected:            0
  Deallocate input fields
  Allocate input fields
  Allocate and read SWAN depth
  Get flow fields, domain 1 :
  Get flow fields, domain 2 :
  Get flow fields, domain 3 :
  Get flow fields, domain 4 :
  Get flow fields, domain 5 :
  Get flow fields, domain 6 :
  Get flow fields, domain 7 :
  Get flow fields, domain 8 :
  Write SWAN depth file
  Write SWAN velocity file
  Write SWAN wind file
  Write SWAN input
<<Run SWAN...
>>...Check file swan_sh.log
>>...End of SWAN run
  Allocate output fields
  Read SWAN output
  WARNING: Found negative value(s) for dissip(2) in swanout file;
           value(s) set to zero
  Map WAVE parameters to FLOW grid          1
  Map WAVE parameters to FLOW grid          2
  Map WAVE parameters to FLOW grid          3
  Map WAVE parameters to FLOW grid          4
  Map WAVE parameters to FLOW grid          5
  Map WAVE parameters to FLOW grid          6
  Map WAVE parameters to FLOW grid          7
  Map WAVE parameters to FLOW grid          8
  Write WAVE map file, nest          2 time      273600.000
  Time written     273600
  Write WAVE NetCDF map file, nest          2 time 273600.000
 Number of non-existing grid points detected:            0
  Deallocate input fields
  Convert parameters
  Write to com-file
  Convert parameters
  Write to com-file
  Convert parameters
  Write to com-file
  Convert parameters
  Write to com-file
  Convert parameters
  Write to com-file
  Convert parameters
  Write to com-file
  Convert parameters
  Write to com-file
  Convert parameters
  Write to com-file
*  End of Delft3D-WAVE
*****************************************************************
Dimr [2026-05-18 17:46:32.340050] #0 >> Parallel Child: Current time:  16416000.00000 -- 0
Dimr [2026-05-18 17:46:32.340084] #0 >> 16416000.0:    DFlowFM.Update(     3600.00000)
Dimr [2026-05-18 17:46:32.340097] #1 >> 16416000.0:    DFlowFM.Update(     3600.00000)
Dimr [2026-05-18 17:46:32.340097] #2 >> 16416000.0:    DFlowFM.Update(     3600.00000)
Dimr [2026-05-18 17:46:32.340097] #3 >> 16416000.0:    DFlowFM.Update(     3600.00000)
Dimr [2026-05-18 17:46:32.340104] #4 >> 16416000.0:    DFlowFM.Update(     3600.00000)
Dimr [2026-05-18 17:46:32.340105] #5 >> 16416000.0:    DFlowFM.Update(     3600.00000)
Dimr [2026-05-18 17:46:32.340105] #6 >> 16416000.0:    DFlowFM.Update(     3600.00000)
Dimr [2026-05-18 17:46:32.340105] #7 >> 16416000.0:    DFlowFM.Update(     3600.00000)
 WARNING: ec_converter: no overlapping points found for quantity:
 hrms
 This is allowed in parallel runs
 WARNING: ec_converter: no overlapping points found for quantity:
 tp
 This is allowed in parallel runs
 WARNING: ec_converter: no overlapping points found for quantity:
 hrms
 This is allowed in parallel runs
 WARNING: ec_converter: no overlapping points found for quantity:
 hrms
 This is allowed in parallel runs
 WARNING: ec_converter: no overlapping points found for quantity:
 dir
 This is allowed in parallel runs
 WARNING: ec_converter: no overlapping points found for quantity:
 hrms
 This is allowed in parallel runs
 WARNING: ec_converter: no overlapping points found for quantity:
 tp
 This is allowed in parallel runs
 WARNING: ec_converter: no overlapping points found for quantity:
 tp
 This is allowed in parallel runs
 WARNING: ec_converter: no overlapping points found for quantity:
 dissurf
 This is allowed in parallel runs
 WARNING: ec_converter: no overlapping points found for quantity:
 tp
 This is allowed in parallel runs
 WARNING: ec_converter: no overlapping points found for quantity:
 dir
 This is allowed in parallel runs
 WARNING: ec_converter: no overlapping points found for quantity:
 dir
 This is allowed in parallel runs
 WARNING: ec_converter: no overlapping points found for quantity:
 diswcap
 This is allowed in parallel runs
 WARNING: ec_converter: no overlapping points found for quantity:
 dir
 This is allowed in parallel runs
 WARNING: ec_converter: no overlapping points found for quantity:
 dissurf
 This is allowed in parallel runs
 WARNING: ec_converter: no overlapping points found for quantity:
 dissurf
 This is allowed in parallel runs
 WARNING: ec_converter: no overlapping points found for quantity:
 fx
 This is allowed in parallel runs
 WARNING: ec_converter: no overlapping points found for quantity:
 diswcap
 This is allowed in parallel runs
 WARNING: ec_converter: no overlapping points found for quantity:
 dissurf
 This is allowed in parallel runs
 WARNING: ec_converter: no overlapping points found for quantity:
 diswcap
 This is allowed in parallel runs
 WARNING: ec_converter: no overlapping points found for quantity:
 fy
 This is allowed in parallel runs
 WARNING: ec_converter: no overlapping points found for quantity:
 fx
 This is allowed in parallel runs
 WARNING: ec_converter: no overlapping points found for quantity:
 fx
 This is allowed in parallel runs
 WARNING: ec_converter: no overlapping points found for quantity:
 wsbu
 This is allowed in parallel runs
 WARNING: ec_converter: no overlapping points found for quantity:
 diswcap
 This is allowed in parallel runs
 WARNING: ec_converter: no overlapping points found for quantity:
 fy
 This is allowed in parallel runs
 WARNING: ec_converter: no overlapping points found for quantity:
 wsbv
 This is allowed in parallel runs
 WARNING: ec_converter: no overlapping points found for quantity:
 fx
 This is allowed in parallel runs
 WARNING: ec_converter: no overlapping points found for quantity:
 fy
 This is allowed in parallel runs
 WARNING: ec_converter: no overlapping points found for quantity:
 wsbu
 This is allowed in parallel runs
 WARNING: ec_converter: no overlapping points found for quantity:
 mx
 This is allowed in parallel runs
 WARNING: ec_converter: no overlapping points found for quantity:
 wsbv
 This is allowed in parallel runs
 WARNING: ec_converter: no overlapping points found for quantity:
 fy
 This is allowed in parallel runs
 WARNING: ec_converter: no overlapping points found for quantity:
 wsbu
 This is allowed in parallel runs
 WARNING: ec_converter: no overlapping points found for quantity:
 my
 This is allowed in parallel runs
 WARNING: ec_converter: no overlapping points found for quantity:
 mx
 This is allowed in parallel runs
 WARNING: ec_converter: no overlapping points found for quantity:
 wsbu
 This is allowed in parallel runs
 WARNING: ec_converter: no overlapping points found for quantity:
 ubot
 This is allowed in parallel runs
 WARNING: ec_converter: no overlapping points found for quantity:
 wsbv
 This is allowed in parallel runs
 WARNING: ec_converter: no overlapping points found for quantity:
 my
 This is allowed in parallel runs
 WARNING: ec_converter: no overlapping points found for quantity:
 wsbv
 This is allowed in parallel runs
 WARNING: ec_converter: no overlapping points found for quantity:
 ubot
 This is allowed in parallel runs
 WARNING: ec_converter: no overlapping points found for quantity:
 mx
 This is allowed in parallel runs
 WARNING: ec_converter: no overlapping points found for quantity:
 mx
 This is allowed in parallel runs
 WARNING: ec_converter: no overlapping points found for quantity:
 my
 This is allowed in parallel runs
 WARNING: ec_converter: no overlapping points found for quantity:
 my
 This is allowed in parallel runs
** WARNING: Viscosity coefficient was limited for 30 links.
Dimr [2026-05-18 17:46:32.561594] #6 >> kernel: Viscosity coefficient was limited for 30 links.
 WARNING: ec_converter: no overlapping points found for quantity:
 ubot
 This is allowed in parallel runs
 WARNING: ec_converter: no overlapping points found for quantity:
 ubot
 This is allowed in parallel runs
 WARNING: ec_converter: no overlapping points found for quantity:
 hrms
 This is allowed in parallel runs
 WARNING: ec_converter: no overlapping points found for quantity:
 hrms
 This is allowed in parallel runs
 WARNING: ec_converter: no overlapping points found for quantity:
 hrms
 This is allowed in parallel runs
 WARNING: ec_converter: no overlapping points found for quantity:
 tp
 This is allowed in parallel runs
 WARNING: ec_converter: no overlapping points found for quantity:
 tp
 This is allowed in parallel runs
 WARNING: ec_converter: no overlapping points found for quantity:
 tp
 This is allowed in parallel runs
 WARNING: ec_converter: no overlapping points found for quantity:
 dir
 This is allowed in parallel runs
 WARNING: ec_converter: no overlapping points found for quantity:
 dir
 This is allowed in parallel runs
 WARNING: ec_converter: no overlapping points found for quantity:
 dir
 This is allowed in parallel runs
 WARNING: ec_converter: no overlapping points found for quantity:
 dissurf
 This is allowed in parallel runs
 WARNING: ec_converter: no overlapping points found for quantity:
 dissurf
 This is allowed in parallel runs
 WARNING: ec_converter: no overlapping points found for quantity:
 dissurf
 This is allowed in parallel runs
 WARNING: ec_converter: no overlapping points found for quantity:
 diswcap
 This is allowed in parallel runs
 WARNING: ec_converter: no overlapping points found for quantity:
 diswcap
 This is allowed in parallel runs
 WARNING: ec_converter: no overlapping points found for quantity:
 diswcap
 This is allowed in parallel runs
 WARNING: ec_converter: no overlapping points found for quantity:
 hrms
 This is allowed in parallel runs
 WARNING: ec_converter: no overlapping points found for quantity:
 fx
 This is allowed in parallel runs
 WARNING: ec_converter: no overlapping points found for quantity:
 fx
 This is allowed in parallel runs
 WARNING: ec_converter: no overlapping points found for quantity:
 fx
 This is allowed in parallel runs
 WARNING: ec_converter: no overlapping points found for quantity:
 tp
 This is allowed in parallel runs
 WARNING: ec_converter: no overlapping points found for quantity:
 fy
 This is allowed in parallel runs
 WARNING: ec_converter: no overlapping points found for quantity:
 fy
 This is allowed in parallel runs
 WARNING: ec_converter: no overlapping points found for quantity:
 fy
 This is allowed in parallel runs
 WARNING: ec_converter: no overlapping points found for quantity:
 dir
 This is allowed in parallel runs
 WARNING: ec_converter: no overlapping points found for quantity:
 wsbu
 This is allowed in parallel runs
 WARNING: ec_converter: no overlapping points found for quantity:
 wsbu
 This is allowed in parallel runs
 WARNING: ec_converter: no overlapping points found for quantity:
 wsbu
 This is allowed in parallel runs
 WARNING: ec_converter: no overlapping points found for quantity:
 dissurf
 This is allowed in parallel runs
 WARNING: ec_converter: no overlapping points found for quantity:
 wsbv
 This is allowed in parallel runs
 WARNING: ec_converter: no overlapping points found for quantity:
 wsbv
 This is allowed in parallel runs
 WARNING: ec_converter: no overlapping points found for quantity:
 wsbv
 This is allowed in parallel runs
 WARNING: ec_converter: no overlapping points found for quantity:
 mx
 This is allowed in parallel runs
 WARNING: ec_converter: no overlapping points found for quantity:
 diswcap
 This is allowed in parallel runs
 WARNING: ec_converter: no overlapping points found for quantity:
 mx
 This is allowed in parallel runs
 WARNING: ec_converter: no overlapping points found for quantity:
 mx
 This is allowed in parallel runs
 WARNING: ec_converter: no overlapping points found for quantity:
 my
 This is allowed in parallel runs
 WARNING: ec_converter: no overlapping points found for quantity:
 my
 This is allowed in parallel runs
 WARNING: ec_converter: no overlapping points found for quantity:
 fx
 This is allowed in parallel runs
 WARNING: ec_converter: no overlapping points found for quantity:
 my
 This is allowed in parallel runs
 WARNING: ec_converter: no overlapping points found for quantity:
 ubot
 This is allowed in parallel runs
 WARNING: ec_converter: no overlapping points found for quantity:
 ubot
 This is allowed in parallel runs
 WARNING: ec_converter: no overlapping points found for quantity:
 fy
 This is allowed in parallel runs
 WARNING: ec_converter: no overlapping points found for quantity:
 ubot
 This is allowed in parallel runs
 WARNING: ec_converter: no overlapping points found for quantity:
 wsbu
 This is allowed in parallel runs
 WARNING: ec_converter: no overlapping points found for quantity:
 wsbv
 This is allowed in parallel runs
 WARNING: ec_converter: no overlapping points found for quantity:
 mx
 This is allowed in parallel runs
** WARNING: Viscosity coefficient was limited for 10 links.
Dimr [2026-05-18 17:46:32.742221] #3 >> kernel: Viscosity coefficient was limited for 10 links.
 WARNING: ec_converter: no overlapping points found for quantity:
 my
 This is allowed in parallel runs
 WARNING: ec_converter: no overlapping points found for quantity:
 ubot
 This is allowed in parallel runs
** WARNING: Horizontal transport flux was limited for 60 links.
Dimr [2026-05-18 17:46:32.815194] #6 >> kernel: Horizontal transport flux was limited for 60 links.
** WARNING: Horizontal transport flux was limited for 110 links.
Dimr [2026-05-18 17:46:32.815555] #4 >> kernel: Horizontal transport flux was limited for 110 links.
** WARNING: Horizontal transport flux was limited for 57 links.
Dimr [2026-05-18 17:46:32.815752] #5 >> kernel: Horizontal transport flux was limited for 57 links.
** WARNING: Horizontal transport flux was limited for 10 links.
Dimr [2026-05-18 17:46:32.816183] #0 >> kernel: Horizontal transport flux was limited for 10 links.
** WARNING: Horizontal transport flux was limited for 20 links.
Dimr [2026-05-18 17:46:32.816246] #3 >> kernel: Horizontal transport flux was limited for 20 links.
** WARNING: Horizontal transport flux was limited for 275 links.
Dimr [2026-05-18 17:46:32.819137] #4 >> kernel: Horizontal transport flux was limited for 275 links.
** WARNING: Horizontal transport flux was limited for 150 links.
Dimr [2026-05-18 17:46:32.819457] #6 >> kernel: Horizontal transport flux was limited for 150 links.
** WARNING: Horizontal transport flux was limited for 142 links.
Dimr [2026-05-18 17:46:32.819678] #5 >> kernel: Horizontal transport flux was limited for 142 links.
** WARNING: Horizontal transport flux was limited for 25 links.
Dimr [2026-05-18 17:46:32.820362] #0 >> kernel: Horizontal transport flux was limited for 25 links.
** WARNING: Horizontal transport flux was limited for 50 links.
Dimr [2026-05-18 17:46:32.821068] #3 >> kernel: Horizontal transport flux was limited for 50 links.
** WARNING: Horizontal transport flux was limited for 19 links.
Dimr [2026-05-18 17:46:32.822595] #5 >> kernel: Horizontal transport flux was limited for 19 links.
** WARNING: Horizontal transport flux was limited for 47 links.
Dimr [2026-05-18 17:46:32.822693] #5 >> kernel: Horizontal transport flux was limited for 47 links.
** INFO   :  Minimum temperature encountered and limited in            8  cell(s).
** INFO   :  Minimum temperature encountered and limited in          760  cell(s).
** INFO   :  Maximum salinity encountered and limited in           90  cell(s).
** INFO   :  Maximum salinity encountered and limited in           20  cell(s).
** INFO   :  Minimum temperature encountered and limited in          960  cell(s).
** INFO   :  Minimum salinity encountered and limited in            8  cell(s).
** INFO   :  Minimum salinity encountered =  -1.610399872860207E-009
** INFO   :  Minimum temperature encountered and limited in          180  cell(s).
** INFO   :  Minimum salinity encountered and limited in          760  cell(s).
** INFO   :  Minimum salinity encountered =  -1.648422198741173E-009
** INFO   :  Maximum salinity encountered and limited in           20  cell(s).
** INFO   :  Minimum temperature encountered and limited in         3044  cell(s).
** INFO   :  Minimum temperature encountered and limited in         4176  cell(s).
** INFO   :  Minimum temperature encountered and limited in         4132  cell(s).
** INFO   :  Minimum salinity encountered and limited in          180  cell(s).
** INFO   :  Minimum salinity encountered =  -1.473503163185944E-009
** INFO   :  Minimum salinity encountered and limited in          960  cell(s).
** INFO   :  Minimum salinity encountered =  -2.392683664714668E-009
** INFO   :  Minimum salinity encountered and limited in         4176  cell(s).
** INFO   :  Minimum salinity encountered =  -2.502129708311049E-009
** INFO   :  Minimum salinity encountered and limited in         3044  cell(s).
** INFO   :  Minimum salinity encountered =  -2.517275853802990E-009
** INFO   :  Minimum salinity encountered and limited in         4132  cell(s).
** INFO   :  Minimum salinity encountered =  -3.042666207875300E-009
** INFO   :  Minimum temperature encountered and limited in         3208  cell(s).
** INFO   :  Minimum salinity encountered and limited in         3208  cell(s).
** INFO   :  Minimum salinity encountered =  -3.044095056531607E-009
** WARNING: Viscosity coefficient was limited for 30 links.
Dimr [2026-05-18 17:46:32.846092] #6 >> kernel: Viscosity coefficient was limited for 30 links.
** WARNING: Viscosity coefficient was limited for 10 links.
Dimr [2026-05-18 17:46:32.847957] #3 >> kernel: Viscosity coefficient was limited for 10 links.
** WARNING: Horizontal transport flux was limited for 60 links.
Dimr [2026-05-18 17:46:32.908743] #6 >> kernel: Horizontal transport flux was limited for 60 links.
** WARNING: Horizontal transport flux was limited for 101 links.
Dimr [2026-05-18 17:46:32.909111] #4 >> kernel: Horizontal transport flux was limited for 101 links.
** WARNING: Horizontal transport flux was limited for 90 links.
Dimr [2026-05-18 17:46:32.909259] #5 >> kernel: Horizontal transport flux was limited for 90 links.
** WARNING: Horizontal transport flux was limited for 7 links.
Dimr [2026-05-18 17:46:32.909675] #0 >> kernel: Horizontal transport flux was limited for 7 links.
** WARNING: Horizontal transport flux was limited for 20 links.
Dimr [2026-05-18 17:46:32.909723] #3 >> kernel: Horizontal transport flux was limited for 20 links.
** WARNING: Horizontal transport flux was limited for 252 links.
Dimr [2026-05-18 17:46:32.912708] #4 >> kernel: Horizontal transport flux was limited for 252 links.
** WARNING: Horizontal transport flux was limited for 150 links.
Dimr [2026-05-18 17:46:32.913028] #6 >> kernel: Horizontal transport flux was limited for 150 links.
** WARNING: Horizontal transport flux was limited for 225 links.
Dimr [2026-05-18 17:46:32.913198] #5 >> kernel: Horizontal transport flux was limited for 225 links.
** WARNING: Horizontal transport flux was limited for 17 links.
Dimr [2026-05-18 17:46:32.913894] #0 >> kernel: Horizontal transport flux was limited for 17 links.
** WARNING: Horizontal transport flux was limited for 50 links.
Dimr [2026-05-18 17:46:32.914563] #3 >> kernel: Horizontal transport flux was limited for 50 links.
** WARNING: Viscosity coefficient was limited for 30 links.
Dimr [2026-05-18 17:46:32.939502] #6 >> kernel: Viscosity coefficient was limited for 30 links.
** WARNING: Viscosity coefficient was limited for 10 links.
Dimr [2026-05-18 17:46:32.941496] #3 >> kernel: Viscosity coefficient was limited for 10 links.
** WARNING: Horizontal transport flux was limited for 60 links.
Dimr [2026-05-18 17:46:33.4341] #6 >> kernel: Horizontal transport flux was limited for 60 links.
** WARNING: Horizontal transport flux was limited for 101 links.
Dimr [2026-05-18 17:46:33.4766] #4 >> kernel: Horizontal transport flux was limited for 101 links.
** WARNING: Horizontal transport flux was limited for 90 links.
Dimr [2026-05-18 17:46:33.4951] #5 >> kernel: Horizontal transport flux was limited for 90 links.
** WARNING: Horizontal transport flux was limited for 7 links.
Dimr [2026-05-18 17:46:33.5391] #0 >> kernel: Horizontal transport flux was limited for 7 links.
** WARNING: Horizontal transport flux was limited for 20 links.
Dimr [2026-05-18 17:46:33.5414] #3 >> kernel: Horizontal transport flux was limited for 20 links.
** WARNING: Horizontal transport flux was limited for 252 links.
Dimr [2026-05-18 17:46:33.8553] #4 >> kernel: Horizontal transport flux was limited for 252 links.
** WARNING: Horizontal transport flux was limited for 150 links.
Dimr [2026-05-18 17:46:33.8832] #6 >> kernel: Horizontal transport flux was limited for 150 links.
** WARNING: Horizontal transport flux was limited for 17 links.
Dimr [2026-05-18 17:46:33.9536] #0 >> kernel: Horizontal transport flux was limited for 17 links.
** WARNING: Horizontal transport flux was limited for 225 links.
Dimr [2026-05-18 17:46:33.10102] #5 >> kernel: Horizontal transport flux was limited for 225 links.
** WARNING: Horizontal transport flux was limited for 50 links.
Dimr [2026-05-18 17:46:33.10266] #3 >> kernel: Horizontal transport flux was limited for 50 links.
** WARNING: Viscosity coefficient was limited for 30 links.
Dimr [2026-05-18 17:46:33.34905] #6 >> kernel: Viscosity coefficient was limited for 30 links.
** WARNING: Viscosity coefficient was limited for 10 links.
Dimr [2026-05-18 17:46:33.36491] #3 >> kernel: Viscosity coefficient was limited for 10 links.
** WARNING: Horizontal transport flux was limited for 7 links.
Dimr [2026-05-18 17:46:33.101653] #0 >> kernel: Horizontal transport flux was limited for 7 links.
** WARNING: Horizontal transport flux was limited for 101 links.
Dimr [2026-05-18 17:46:33.101690] #4 >> kernel: Horizontal transport flux was limited for 101 links.
** WARNING: Horizontal transport flux was limited for 90 links.
Dimr [2026-05-18 17:46:33.102600] #5 >> kernel: Horizontal transport flux was limited for 90 links.
** WARNING: Horizontal transport flux was limited for 252 links.
Dimr [2026-05-18 17:46:33.105406] #4 >> kernel: Horizontal transport flux was limited for 252 links.
** WARNING: Horizontal transport flux was limited for 17 links.
Dimr [2026-05-18 17:46:33.106197] #0 >> kernel: Horizontal transport flux was limited for 17 links.
** WARNING: Horizontal transport flux was limited for 225 links.
Dimr [2026-05-18 17:46:33.106728] #5 >> kernel: Horizontal transport flux was limited for 225 links.
** WARNING: Horizontal transport flux was limited for 7 links.
** WARNING: Horizontal transport flux was limited for 101 links.
Dimr [2026-05-18 17:46:33.199945] #4 >> kernel: Horizontal transport flux was limited for 101 links.
Dimr [2026-05-18 17:46:33.199981] #0 >> kernel: Horizontal transport flux was limited for 7 links.
** WARNING: Horizontal transport flux was limited for 90 links.
Dimr [2026-05-18 17:46:33.200787] #5 >> kernel: Horizontal transport flux was limited for 90 links.
** WARNING: Horizontal transport flux was limited for 252 links.
Dimr [2026-05-18 17:46:33.203576] #4 >> kernel: Horizontal transport flux was limited for 252 links.
** WARNING: Horizontal transport flux was limited for 17 links.
Dimr [2026-05-18 17:46:33.204114] #0 >> kernel: Horizontal transport flux was limited for 17 links.
** WARNING: Horizontal transport flux was limited for 101 links.
Dimr [2026-05-18 17:46:33.292998] #4 >> kernel: Horizontal transport flux was limited for 101 links.
** WARNING: Horizontal transport flux was limited for 7 links.
Dimr [2026-05-18 17:46:33.293450] #0 >> kernel: Horizontal transport flux was limited for 7 links.
** WARNING: Viscosity coefficient was limited for 10 links.
Dimr [2026-05-18 17:46:37.85441] #1 >> kernel: Viscosity coefficient was limited for 10 links.
** WARNING: Viscosity coefficient was limited for 10 links.
Dimr [2026-05-18 17:46:37.181179] #1 >> kernel: Viscosity coefficient was limited for 10 links.
** WARNING: Viscosity coefficient was limited for 1 links.
Dimr [2026-05-18 17:46:37.276191] #1 >> kernel: Viscosity coefficient was limited for 1 links.
** WARNING: Viscosity coefficient was limited for 10 links.
Dimr [2026-05-18 17:46:37.544060] #7 >> kernel: Viscosity coefficient was limited for 10 links.
** WARNING: Horizontal transport flux was limited for 20 links.
Dimr [2026-05-18 17:46:37.605188] #7 >> kernel: Horizontal transport flux was limited for 20 links.
** WARNING: Horizontal transport flux was limited for 50 links.
Dimr [2026-05-18 17:46:37.610520] #7 >> kernel: Horizontal transport flux was limited for 50 links.
** WARNING: Viscosity coefficient was limited for 10 links.
Dimr [2026-05-18 17:46:37.637853] #7 >> kernel: Viscosity coefficient was limited for 10 links.
** WARNING: Horizontal transport flux was limited for 20 links.
Dimr [2026-05-18 17:46:37.699905] #7 >> kernel: Horizontal transport flux was limited for 20 links.
** WARNING: Horizontal transport flux was limited for 50 links.
Dimr [2026-05-18 17:46:37.705149] #7 >> kernel: Horizontal transport flux was limited for 50 links.
** WARNING: Viscosity coefficient was limited for 10 links.
Dimr [2026-05-18 17:46:37.732399] #7 >> kernel: Viscosity coefficient was limited for 10 links.
** WARNING: Horizontal transport flux was limited for 20 links.
Dimr [2026-05-18 17:46:37.793365] #7 >> kernel: Horizontal transport flux was limited for 20 links.
** WARNING: Horizontal transport flux was limited for 50 links.
Dimr [2026-05-18 17:46:37.798624] #7 >> kernel: Horizontal transport flux was limited for 50 links.
** WARNING: Viscosity coefficient was limited for 10 links.
Dimr [2026-05-18 17:46:37.825922] #7 >> kernel: Viscosity coefficient was limited for 10 links.
** WARNING: Horizontal transport flux was limited for 20 links.
Dimr [2026-05-18 17:46:37.887687] #7 >> kernel: Horizontal transport flux was limited for 20 links.
** WARNING: Horizontal transport flux was limited for 2 links.
Dimr [2026-05-18 17:46:49.167697] #1 >> kernel: Horizontal transport flux was limited for 2 links.
** WARNING: Horizontal transport flux was limited for 5 links.
Dimr [2026-05-18 17:46:49.171534] #1 >> kernel: Horizontal transport flux was limited for 5 links.
** WARNING: Horizontal transport flux was limited for 4 links.
Dimr [2026-05-18 17:46:49.269248] #1 >> kernel: Horizontal transport flux was limited for 4 links.
** WARNING: Horizontal transport flux was limited for 10 links.
Dimr [2026-05-18 17:46:49.273089] #1 >> kernel: Horizontal transport flux was limited for 10 links.
** WARNING: Horizontal transport flux was limited for 6 links.
Dimr [2026-05-18 17:46:49.370943] #1 >> kernel: Horizontal transport flux was limited for 6 links.
** WARNING: Horizontal transport flux was limited for 15 links.
Dimr [2026-05-18 17:46:49.374995] #1 >> kernel: Horizontal transport flux was limited for 15 links.
** WARNING: Horizontal transport flux was limited for 8 links.
Dimr [2026-05-18 17:46:49.472770] #1 >> kernel: Horizontal transport flux was limited for 8 links.
** WARNING: Horizontal transport flux was limited for 20 links.
Dimr [2026-05-18 17:46:49.476603] #1 >> kernel: Horizontal transport flux was limited for 20 links.
** INFO   :  Maximum salinity encountered and limited in           10  cell(s).
** INFO   :  Maximum salinity encountered and limited in           10  cell(s).
** INFO   :  Maximum salinity encountered and limited in           10  cell(s).
** INFO   :  Maximum salinity encountered and limited in           10  cell(s).
** INFO   :  Maximum salinity encountered and limited in           10  cell(s).
** INFO   :  Maximum salinity encountered and limited in           10  cell(s).
** INFO   :  Maximum salinity encountered and limited in           10  cell(s).
** INFO   :  Maximum salinity encountered and limited in           10  cell(s).
** INFO   :  Maximum salinity encountered and limited in           10  cell(s).
** INFO   :  Warning limit reached: No more Maximum salinity limit messages will be displayed.
** INFO   :  Maximum salinity encountered and limited in           10  cell(s).
** INFO   :  Maximum salinity encountered and limited in           10  cell(s).
** INFO   :  Maximum salinity encountered and limited in           10  cell(s).
** INFO   :  Maximum salinity encountered and limited in           10  cell(s).
** INFO   :  Maximum salinity encountered and limited in           10  cell(s).
** INFO   :  Maximum salinity encountered and limited in           10  cell(s).
** INFO   :  Maximum salinity encountered and limited in           10  cell(s).
** INFO   :  Maximum salinity encountered and limited in           10  cell(s).
** INFO   :  Maximum salinity encountered and limited in           10  cell(s).
** INFO   :  Maximum salinity encountered and limited in           10  cell(s).
** INFO   :  Warning limit reached: No more Maximum salinity limit messages will be displayed.
** WARNING: Viscosity coefficient was limited for 4 links.
Dimr [2026-05-18 17:47:09.679730] #2 >> kernel: Viscosity coefficient was limited for 4 links.
** WARNING: Horizontal transport flux was limited for 5 links.
Dimr [2026-05-18 17:47:09.743247] #2 >> kernel: Horizontal transport flux was limited for 5 links.
** WARNING: Horizontal transport flux was limited for 10 links.
Dimr [2026-05-18 17:47:09.748131] #2 >> kernel: Horizontal transport flux was limited for 10 links.
** WARNING: Viscosity coefficient was limited for 35 links.
Dimr [2026-05-18 17:47:09.784586] #2 >> kernel: Viscosity coefficient was limited for 35 links.
** WARNING: Horizontal transport flux was limited for 20 links.
Dimr [2026-05-18 17:47:09.848799] #2 >> kernel: Horizontal transport flux was limited for 20 links.
** WARNING: Horizontal transport flux was limited for 40 links.
Dimr [2026-05-18 17:47:09.853681] #2 >> kernel: Horizontal transport flux was limited for 40 links.
** WARNING: Horizontal transport flux was limited for 8 links.
Dimr [2026-05-18 17:47:09.859102] #2 >> kernel: Horizontal transport flux was limited for 8 links.
** WARNING: Horizontal transport flux was limited for 16 links.
Dimr [2026-05-18 17:47:09.859159] #2 >> kernel: Horizontal transport flux was limited for 16 links.
** WARNING: Viscosity coefficient was limited for 38 links.
Dimr [2026-05-18 17:47:09.890118] #2 >> kernel: Viscosity coefficient was limited for 38 links.
** WARNING: Horizontal transport flux was limited for 20 links.
Dimr [2026-05-18 17:47:09.955635] #2 >> kernel: Horizontal transport flux was limited for 20 links.
** WARNING: Horizontal transport flux was limited for 50 links.
Dimr [2026-05-18 17:47:09.960508] #2 >> kernel: Horizontal transport flux was limited for 50 links.
** INFO   :           0d  1:00:00          1d 23:00:00          0d  0:00:47          0d  0:34:09        564     2.3%     7.03125
Dimr [2026-05-18 17:47:20.87133] #6 >> TIME LOOP    169200.00000 --  16588800.00000 --  16419600.00000
Dimr [2026-05-18 17:47:20.87158] #6 >> TIME LOOP      3600.00000 --  16588800.00000 --  16419600.00000 --         0.00000 
** INFO   :           0d  1:00:00          1d 23:00:00          0d  0:00:47          0d  0:34:00        564     2.3%     7.03125
Dimr [2026-05-18 17:47:20.89819] #7 >> TIME LOOP    169200.00000 --  16588800.00000 --  16419600.00000
Dimr [2026-05-18 17:47:20.89836] #7 >> TIME LOOP      3600.00000 --  16588800.00000 --  16419600.00000 --         0.00000 
** INFO   :           0d  1:00:00          1d 23:00:00          0d  0:00:47          0d  0:34:07        564     2.3%     7.03125
Dimr [2026-05-18 17:47:20.89903] #5 >> TIME LOOP    169200.00000 --  16588800.00000 --  16419600.00000
Dimr [2026-05-18 17:47:20.89920] #5 >> TIME LOOP      3600.00000 --  16588800.00000 --  16419600.00000 --         0.00000 
** INFO   :           0d  1:00:00          1d 23:00:00          0d  0:00:47          0d  0:34:07        564     2.3%     7.03125
Dimr [2026-05-18 17:47:20.90153] #4 >> TIME LOOP    169200.00000 --  16588800.00000 --  16419600.00000
Dimr [2026-05-18 17:47:20.90170] #4 >> TIME LOOP      3600.00000 --  16588800.00000 --  16419600.00000 --         0.00000 
** INFO   :           0d  1:00:00          1d 23:00:00          0d  0:00:47          0d  0:34:08        564     2.3%     7.03125
Dimr [2026-05-18 17:47:20.90329] #2 >> TIME LOOP    169200.00000 --  16588800.00000 --  16419600.00000
Dimr [2026-05-18 17:47:20.90351] #2 >> TIME LOOP      3600.00000 --  16588800.00000 --  16419600.00000 --         0.00000 
** INFO   :           0d  1:00:00          1d 23:00:00          0d  0:00:47          0d  0:34:00        564     2.3%     7.03125
Dimr [2026-05-18 17:47:20.92048] #3 >> TIME LOOP    169200.00000 --  16588800.00000 --  16419600.00000
Dimr [2026-05-18 17:47:20.92065] #3 >> TIME LOOP      3600.00000 --  16588800.00000 --  16419600.00000 --         0.00000 
** INFO   :           0d  1:00:00          1d 23:00:00          0d  0:00:47          0d  0:34:00        564     2.3%     7.03125
Dimr [2026-05-18 17:47:20.92201] #1 >> TIME LOOP    169200.00000 --  16588800.00000 --  16419600.00000
Dimr [2026-05-18 17:47:20.92217] #1 >> TIME LOOP      3600.00000 --  16588800.00000 --  16419600.00000 --         0.00000 
** INFO   :           0d  1:00:00          1d 23:00:00          0d  0:00:47          0d  0:33:59        564     2.3%     7.03125
Dimr [2026-05-18 17:47:20.92766] #0 >> TIME LOOP    169200.00000 --  16588800.00000 --  16419600.00000
Dimr [2026-05-18 17:47:20.92782] #0 >> TIME LOOP      3600.00000 --  16588800.00000 --  16419600.00000 --         0.00000 
Dimr [2026-05-18 17:47:20.92794] #6 >> Parallel Child: Current time:  16419600.00000 -- 0
Dimr [2026-05-18 17:47:20.92793] #7 >> Parallel Child: Current time:  16419600.00000 -- 0
Dimr [2026-05-18 17:47:20.92793] #0 >> Parallel Startgroup: Current time:  16419600.00000 --  16416000.00000
Dimr [2026-05-18 17:47:20.92813] #0 >> 16419600.0:    wave.Update(    3600.0)
*****************************************************************
*  Start of Delft3D-WAVE ...
Dimr [2026-05-18 17:47:20.92793] #1 >> Parallel Child: Current time:  16419600.00000 -- 0
Dimr [2026-05-18 17:47:20.92793] #2 >> Parallel Child: Current time:  16419600.00000 -- 0
Dimr [2026-05-18 17:47:20.92793] #3 >> Parallel Child: Current time:  16419600.00000 -- 0
Dimr [2026-05-18 17:47:20.92794] #4 >> Parallel Child: Current time:  16419600.00000 -- 0
Dimr [2026-05-18 17:47:20.92794] #5 >> Parallel Child: Current time:  16419600.00000 -- 0
  Start loop over SWAN grids, time =      273660.000 minutes since 20250101.000000
  Allocate input fields
  Allocate and read SWAN depth
  Get flow fields, domain 1 :
  Get flow fields, domain 2 :
  Get flow fields, domain 3 :
  Get flow fields, domain 4 :
  Get flow fields, domain 5 :
  Get flow fields, domain 6 :
  Get flow fields, domain 7 :
  Get flow fields, domain 8 :
  Write SWAN depth file
  Write SWAN velocity file
  Write SWAN wind file
  Write SWAN input
  Using SWAN hotstart file: hot_1_20250710_000000.nc
<<Run SWAN...
>>...Check file swan_sh.log
>>...End of SWAN run
  Allocate output fields
  Read SWAN output
  WARNING: Found negative value(s) for dissip(2) in swanout file;
           value(s) set to zero
  Map WAVE parameters to FLOW grid          1
  Map WAVE parameters to FLOW grid          2
  Map WAVE parameters to FLOW grid          3
  Map WAVE parameters to FLOW grid          4
  Map WAVE parameters to FLOW grid          5
  Map WAVE parameters to FLOW grid          6
  Map WAVE parameters to FLOW grid          7
  Map WAVE parameters to FLOW grid          8
  Deallocate input fields
  Allocate input fields
  Allocate and read SWAN depth
  Get flow fields, domain 1 :
  Get flow fields, domain 2 :
  Get flow fields, domain 3 :
  Get flow fields, domain 4 :
  Get flow fields, domain 5 :
  Get flow fields, domain 6 :
  Get flow fields, domain 7 :
  Get flow fields, domain 8 :
  Write SWAN depth file
  Write SWAN velocity file
  Write SWAN wind file
  Write SWAN input
  Using SWAN hotstart file: hot_2_20250710_000000.nc
<<Run SWAN...
>>...Check file swan_sh.log
>>...End of SWAN run
  Allocate output fields
  Read SWAN output
  WARNING: Found negative value(s) for dissip(2) in swanout file;
           value(s) set to zero
  Map WAVE parameters to FLOW grid          1
  Map WAVE parameters to FLOW grid          2
  Map WAVE parameters to FLOW grid          3
  Map WAVE parameters to FLOW grid          4
  Map WAVE parameters to FLOW grid          5
  Map WAVE parameters to FLOW grid          6
  Map WAVE parameters to FLOW grid          7
  Map WAVE parameters to FLOW grid          8
  Deallocate input fields
  Convert parameters
  Write to com-file
  Convert parameters
  Write to com-file
  Convert parameters
  Write to com-file
  Convert parameters
  Write to com-file
  Convert parameters
  Write to com-file
  Convert parameters
  Write to com-file
  Convert parameters
  Write to com-file
  Convert parameters
  Write to com-file
*  End of Delft3D-WAVE
*****************************************************************
Dimr [2026-05-18 17:47:35.908905] #0 >> Parallel Child: Current time:  16419600.00000 -- 0
Dimr [2026-05-18 17:47:35.908938] #0 >> 16419600.0:    DFlowFM.Update(     3600.00000)
Dimr [2026-05-18 17:47:35.908949] #2 >> 16419600.0:    DFlowFM.Update(     3600.00000)
Dimr [2026-05-18 17:47:35.908953] #1 >> 16419600.0:    DFlowFM.Update(     3600.00000)
Dimr [2026-05-18 17:47:35.908953] #3 >> 16419600.0:    DFlowFM.Update(     3600.00000)
Dimr [2026-05-18 17:47:35.908963] #4 >> 16419600.0:    DFlowFM.Update(     3600.00000)
Dimr [2026-05-18 17:47:35.908962] #5 >> 16419600.0:    DFlowFM.Update(     3600.00000)
Dimr [2026-05-18 17:47:35.908956] #6 >> 16419600.0:    DFlowFM.Update(     3600.00000)
Dimr [2026-05-18 17:47:35.908962] #7 >> 16419600.0:    DFlowFM.Update(     3600.00000)
** INFO   :  Maximum salinity encountered and limited in           10  cell(s).
** INFO   :  Maximum salinity encountered and limited in           10  cell(s).
** INFO   :  Maximum salinity encountered and limited in           10  cell(s).
** INFO   :  Maximum salinity encountered and limited in           10  cell(s).
** INFO   :  Maximum salinity encountered and limited in           10  cell(s).
** INFO   :  Maximum salinity encountered and limited in           10  cell(s).
** INFO   :  Maximum salinity encountered and limited in           10  cell(s).
** INFO   :  Maximum salinity encountered and limited in           10  cell(s).
** INFO   :  Maximum salinity encountered and limited in           10  cell(s).
** INFO   :  Warning limit reached: No more Maximum salinity limit messages will be displayed.
** INFO   :  Maximum salinity encountered and limited in           10  cell(s).
** INFO   :  Maximum salinity encountered and limited in           10  cell(s).
** INFO   :  Maximum salinity encountered and limited in           10  cell(s).
** INFO   :  Maximum salinity encountered and limited in           10  cell(s).
** INFO   :  Maximum salinity encountered and limited in           10  cell(s).
** INFO   :  Maximum salinity encountered and limited in           10  cell(s).
** INFO   :  Maximum salinity encountered and limited in           10  cell(s).
** INFO   :  Maximum salinity encountered and limited in           10  cell(s).
** INFO   :  Maximum salinity encountered and limited in           10  cell(s).
** INFO   :  Warning limit reached: No more Maximum salinity limit messages will be displayed.
** INFO   :           0d  2:00:00          1d 22:00:00          0d  0:01:31          0d  0:33:19        552     4.3%     7.40741
Dimr [2026-05-18 17:48:19.711228] #6 >> TIME LOOP    165600.00000 --  16588800.00000 --  16423200.00000
Dimr [2026-05-18 17:48:19.711255] #6 >> TIME LOOP      3600.00000 --  16588800.00000 --  16423200.00000 --         0.00000 
** INFO   :           0d  2:00:00          1d 22:00:00          0d  0:01:30          0d  0:33:11        552     4.3%     7.40741
Dimr [2026-05-18 17:48:19.713830] #7 >> TIME LOOP    165600.00000 --  16588800.00000 --  16423200.00000
Dimr [2026-05-18 17:48:19.713847] #7 >> TIME LOOP      3600.00000 --  16588800.00000 --  16423200.00000 --         0.00000 
** INFO   :           0d  2:00:00          1d 22:00:00          0d  0:01:30          0d  0:33:18        552     4.3%     7.40741
Dimr [2026-05-18 17:48:19.713913] #5 >> TIME LOOP    165600.00000 --  16588800.00000 --  16423200.00000
Dimr [2026-05-18 17:48:19.713929] #5 >> TIME LOOP      3600.00000 --  16588800.00000 --  16423200.00000 --         0.00000 
** INFO   :           0d  2:00:00          1d 22:00:00          0d  0:01:30          0d  0:33:18        552     4.3%     7.40741
Dimr [2026-05-18 17:48:19.714236] #4 >> TIME LOOP    165600.00000 --  16588800.00000 --  16423200.00000
Dimr [2026-05-18 17:48:19.714253] #4 >> TIME LOOP      3600.00000 --  16588800.00000 --  16423200.00000 --         0.00000 
** INFO   :           0d  2:00:00          1d 22:00:00          0d  0:01:31          0d  0:33:18        552     4.3%     7.40741
Dimr [2026-05-18 17:48:19.714439] #2 >> TIME LOOP    165600.00000 --  16588800.00000 --  16423200.00000
Dimr [2026-05-18 17:48:19.714460] #2 >> TIME LOOP      3600.00000 --  16588800.00000 --  16423200.00000 --         0.00000 
** INFO   :           0d  2:00:00          1d 22:00:00          0d  0:01:30          0d  0:33:10        552     4.3%     7.40741
Dimr [2026-05-18 17:48:19.716237] #1 >> TIME LOOP    165600.00000 --  16588800.00000 --  16423200.00000
Dimr [2026-05-18 17:48:19.716252] #1 >> TIME LOOP      3600.00000 --  16588800.00000 --  16423200.00000 --         0.00000 
** INFO   :           0d  2:00:00          1d 22:00:00          0d  0:01:30          0d  0:33:10        552     4.3%     7.40741
Dimr [2026-05-18 17:48:19.716234] #3 >> TIME LOOP    165600.00000 --  16588800.00000 --  16423200.00000
Dimr [2026-05-18 17:48:19.716250] #3 >> TIME LOOP      3600.00000 --  16588800.00000 --  16423200.00000 --         0.00000 
** INFO   :           0d  2:00:00          1d 22:00:00          0d  0:01:30          0d  0:33:09        552     4.3%     7.40741
Dimr [2026-05-18 17:48:19.716924] #0 >> TIME LOOP    165600.00000 --  16588800.00000 --  16423200.00000
Dimr [2026-05-18 17:48:19.716940] #0 >> TIME LOOP      3600.00000 --  16588800.00000 --  16423200.00000 --         0.00000 
Dimr [2026-05-18 17:48:19.716951] #0 >> Parallel Startgroup: Current time:  16423200.00000 --  16419600.00000
Dimr [2026-05-18 17:48:19.716952] #7 >> Parallel Child: Current time:  16423200.00000 -- 0
Dimr [2026-05-18 17:48:19.716964] #0 >> 16423200.0:    wave.Update(    3600.0)
*****************************************************************
*  Start of Delft3D-WAVE ...
Dimr [2026-05-18 17:48:19.716951] #1 >> Parallel Child: Current time:  16423200.00000 -- 0
Dimr [2026-05-18 17:48:19.716951] #2 >> Parallel Child: Current time:  16423200.00000 -- 0
Dimr [2026-05-18 17:48:19.716951] #3 >> Parallel Child: Current time:  16423200.00000 -- 0
Dimr [2026-05-18 17:48:19.716952] #4 >> Parallel Child: Current time:  16423200.00000 -- 0
Dimr [2026-05-18 17:48:19.716952] #5 >> Parallel Child: Current time:  16423200.00000 -- 0
Dimr [2026-05-18 17:48:19.716952] #6 >> Parallel Child: Current time:  16423200.00000 -- 0
  Start loop over SWAN grids, time =      273720.000 minutes since 20250101.000000
  Allocate input fields
  Allocate and read SWAN depth
  Get flow fields, domain 1 :
  Get flow fields, domain 2 :
  Get flow fields, domain 3 :
  Get flow fields, domain 4 :
  Get flow fields, domain 5 :
  Get flow fields, domain 6 :
  Get flow fields, domain 7 :
  Get flow fields, domain 8 :
  Write SWAN depth file
  Write SWAN velocity file
  Write SWAN wind file
  Write SWAN input
  Using SWAN hotstart file: hot_1_20250710_010000.nc
<<Run SWAN...
>>...Check file swan_sh.log
>>...End of SWAN run
  Allocate output fields
  Read SWAN output
  WARNING: Found negative value(s) for dissip(2) in swanout file;
           value(s) set to zero
  Map WAVE parameters to FLOW grid          1
  Map WAVE parameters to FLOW grid          2
  Map WAVE parameters to FLOW grid          3
  Map WAVE parameters to FLOW grid          4
  Map WAVE parameters to FLOW grid          5
  Map WAVE parameters to FLOW grid          6
  Map WAVE parameters to FLOW grid          7
  Map WAVE parameters to FLOW grid          8
  Deallocate input fields
  Allocate input fields
  Allocate and read SWAN depth
  Get flow fields, domain 1 :
  Get flow fields, domain 2 :
  Get flow fields, domain 3 :
  Get flow fields, domain 4 :
  Get flow fields, domain 5 :
  Get flow fields, domain 6 :
  Get flow fields, domain 7 :
  Get flow fields, domain 8 :
  Write SWAN depth file
  Write SWAN velocity file
  Write SWAN wind file
  Write SWAN input
  Using SWAN hotstart file: hot_2_20250710_010000.nc
<<Run SWAN...
>>...Check file swan_sh.log
>>...End of SWAN run
  Allocate output fields
  Read SWAN output
  WARNING: Found negative value(s) for dissip(2) in swanout file;
           value(s) set to zero
  Map WAVE parameters to FLOW grid          1
  Map WAVE parameters to FLOW grid          2
  Map WAVE parameters to FLOW grid          3
  Map WAVE parameters to FLOW grid          4
  Map WAVE parameters to FLOW grid          5
  Map WAVE parameters to FLOW grid          6
  Map WAVE parameters to FLOW grid          7
  Map WAVE parameters to FLOW grid          8
  Deallocate input fields
  Convert parameters
  Write to com-file
  Convert parameters
  Write to com-file
  Convert parameters
  Write to com-file
  Convert parameters
  Write to com-file
  Convert parameters
  Write to com-file
  Convert parameters
  Write to com-file
  Convert parameters
  Write to com-file
  Convert parameters
  Write to com-file
*  End of Delft3D-WAVE
*****************************************************************
Dimr [2026-05-18 17:48:35.507232] #0 >> Parallel Child: Current time:  16423200.00000 -- 0
Dimr [2026-05-18 17:48:35.507263] #0 >> 16423200.0:    DFlowFM.Update(     3600.00000)
Dimr [2026-05-18 17:48:35.507277] #1 >> 16423200.0:    DFlowFM.Update(     3600.00000)
Dimr [2026-05-18 17:48:35.507273] #2 >> 16423200.0:    DFlowFM.Update(     3600.00000)
Dimr [2026-05-18 17:48:35.507275] #3 >> 16423200.0:    DFlowFM.Update(     3600.00000)
Dimr [2026-05-18 17:48:35.507286] #4 >> 16423200.0:    DFlowFM.Update(     3600.00000)
Dimr [2026-05-18 17:48:35.507287] #5 >> 16423200.0:    DFlowFM.Update(     3600.00000)
Dimr [2026-05-18 17:48:35.507280] #6 >> 16423200.0:    DFlowFM.Update(     3600.00000)
Dimr [2026-05-18 17:48:35.507286] #7 >> 16423200.0:    DFlowFM.Update(     3600.00000)
** INFO   :           0d  3:00:00          1d 21:00:00          0d  0:01:59          0d  0:28:57        540     6.4%    11.28527
Dimr [2026-05-18 17:49:04.434450] #6 >> TIME LOOP    162000.00000 --  16588800.00000 --  16426800.00000
Dimr [2026-05-18 17:49:04.434477] #6 >> TIME LOOP      3600.00000 --  16588800.00000 --  16426800.00000 --         0.00000 
** INFO   :           0d  3:00:00          1d 21:00:00          0d  0:01:58          0d  0:28:49        540     6.4%    11.28527
Dimr [2026-05-18 17:49:04.437138] #7 >> TIME LOOP    162000.00000 --  16588800.00000 --  16426800.00000
Dimr [2026-05-18 17:49:04.437171] #7 >> TIME LOOP      3600.00000 --  16588800.00000 --  16426800.00000 --         0.00000 
** INFO   :           0d  3:00:00          1d 21:00:00          0d  0:01:59          0d  0:28:56        540     6.4%    11.28527
Dimr [2026-05-18 17:49:04.437302] #5 >> TIME LOOP    162000.00000 --  16588800.00000 --  16426800.00000
Dimr [2026-05-18 17:49:04.437318] #5 >> TIME LOOP      3600.00000 --  16588800.00000 --  16426800.00000 --         0.00000 
** INFO   :           0d  3:00:00          1d 21:00:00          0d  0:01:59          0d  0:28:56        540     6.4%    11.28527
Dimr [2026-05-18 17:49:04.437474] #4 >> TIME LOOP    162000.00000 --  16588800.00000 --  16426800.00000
Dimr [2026-05-18 17:49:04.437491] #4 >> TIME LOOP      3600.00000 --  16588800.00000 --  16426800.00000 --         0.00000 
** INFO   :           0d  3:00:00          1d 21:00:00          0d  0:01:59          0d  0:28:56        540     6.4%    11.28527
Dimr [2026-05-18 17:49:04.437735] #2 >> TIME LOOP    162000.00000 --  16588800.00000 --  16426800.00000
Dimr [2026-05-18 17:49:04.437758] #2 >> TIME LOOP      3600.00000 --  16588800.00000 --  16426800.00000 --         0.00000 
** INFO   :           0d  3:00:00          1d 21:00:00          0d  0:01:58          0d  0:28:48        540     6.4%    11.28527
Dimr [2026-05-18 17:49:04.439182] #3 >> TIME LOOP    162000.00000 --  16588800.00000 --  16426800.00000
Dimr [2026-05-18 17:49:04.439200] #3 >> TIME LOOP      3600.00000 --  16588800.00000 --  16426800.00000 --         0.00000 
** INFO   :           0d  3:00:00          1d 21:00:00          0d  0:01:58          0d  0:28:48        540     6.4%    11.28527
Dimr [2026-05-18 17:49:04.439290] #1 >> TIME LOOP    162000.00000 --  16588800.00000 --  16426800.00000
Dimr [2026-05-18 17:49:04.439306] #1 >> TIME LOOP      3600.00000 --  16588800.00000 --  16426800.00000 --         0.00000 
** INFO   :           0d  3:00:00          1d 21:00:00          0d  0:01:58          0d  0:28:47        540     6.4%    11.28527
Dimr [2026-05-18 17:49:04.440007] #0 >> TIME LOOP    162000.00000 --  16588800.00000 --  16426800.00000
Dimr [2026-05-18 17:49:04.440022] #0 >> TIME LOOP      3600.00000 --  16588800.00000 --  16426800.00000 --         0.00000 
Dimr [2026-05-18 17:49:04.440033] #0 >> Parallel Startgroup: Current time:  16426800.00000 --  16423200.00000
Dimr [2026-05-18 17:49:04.440033] #1 >> Parallel Child: Current time:  16426800.00000 -- 0
Dimr [2026-05-18 17:49:04.440033] #3 >> Parallel Child: Current time:  16426800.00000 -- 0
Dimr [2026-05-18 17:49:04.440034] #6 >> Parallel Child: Current time:  16426800.00000 -- 0
Dimr [2026-05-18 17:49:04.440051] #0 >> 16426800.0:    wave.Update(    3600.0)
*****************************************************************
*  Start of Delft3D-WAVE ...
Dimr [2026-05-18 17:49:04.440033] #2 >> Parallel Child: Current time:  16426800.00000 -- 0
Dimr [2026-05-18 17:49:04.440034] #4 >> Parallel Child: Current time:  16426800.00000 -- 0
Dimr [2026-05-18 17:49:04.440034] #5 >> Parallel Child: Current time:  16426800.00000 -- 0
Dimr [2026-05-18 17:49:04.440034] #7 >> Parallel Child: Current time:  16426800.00000 -- 0
  Start loop over SWAN grids, time =      273780.000 minutes since 20250101.000000
  Allocate input fields
  Allocate and read SWAN depth
  Get flow fields, domain 1 :
  Get flow fields, domain 2 :
  Get flow fields, domain 3 :
  Get flow fields, domain 4 :
  Get flow fields, domain 5 :
  Get flow fields, domain 6 :
  Get flow fields, domain 7 :
  Get flow fields, domain 8 :
  Write SWAN depth file
  Write SWAN velocity file
  Write SWAN wind file
  Write SWAN input
  Using SWAN hotstart file: hot_1_20250710_020000.nc
<<Run SWAN...
>>...Check file swan_sh.log
>>...End of SWAN run
  Allocate output fields
  Read SWAN output
  WARNING: Found negative value(s) for dissip(2) in swanout file;
           value(s) set to zero
  Map WAVE parameters to FLOW grid          1
  Map WAVE parameters to FLOW grid          2
  Map WAVE parameters to FLOW grid          3
  Map WAVE parameters to FLOW grid          4
  Map WAVE parameters to FLOW grid          5
  Map WAVE parameters to FLOW grid          6
  Map WAVE parameters to FLOW grid          7
  Map WAVE parameters to FLOW grid          8
  Deallocate input fields
  Allocate input fields
  Allocate and read SWAN depth
  Get flow fields, domain 1 :
  Get flow fields, domain 2 :
  Get flow fields, domain 3 :
  Get flow fields, domain 4 :
  Get flow fields, domain 5 :
  Get flow fields, domain 6 :
  Get flow fields, domain 7 :
  Get flow fields, domain 8 :
  Write SWAN depth file
  Write SWAN velocity file
  Write SWAN wind file
  Write SWAN input
  Using SWAN hotstart file: hot_2_20250710_020000.nc
<<Run SWAN...
>>...Check file swan_sh.log
>>...End of SWAN run
  Allocate output fields
  Read SWAN output
  WARNING: Found negative value(s) for dissip(2) in swanout file;
           value(s) set to zero
  Map WAVE parameters to FLOW grid          1
  Map WAVE parameters to FLOW grid          2
  Map WAVE parameters to FLOW grid          3
  Map WAVE parameters to FLOW grid          4
  Map WAVE parameters to FLOW grid          5
  Map WAVE parameters to FLOW grid          6
  Map WAVE parameters to FLOW grid          7
  Map WAVE parameters to FLOW grid          8
  Deallocate input fields
  Convert parameters
  Write to com-file
  Convert parameters
  Write to com-file
  Convert parameters
  Write to com-file
  Convert parameters
  Write to com-file
  Convert parameters
  Write to com-file
  Convert parameters
  Write to com-file
  Convert parameters
  Write to com-file
  Convert parameters
  Write to com-file
*  End of Delft3D-WAVE
*****************************************************************
Dimr [2026-05-18 17:49:19.291915] #0 >> Parallel Child: Current time:  16426800.00000 -- 0
Dimr [2026-05-18 17:49:19.291948] #0 >> 16426800.0:    DFlowFM.Update(     3600.00000)
Dimr [2026-05-18 17:49:19.291962] #1 >> 16426800.0:    DFlowFM.Update(     3600.00000)
Dimr [2026-05-18 17:49:19.291957] #2 >> 16426800.0:    DFlowFM.Update(     3600.00000)
Dimr [2026-05-18 17:49:19.291962] #3 >> 16426800.0:    DFlowFM.Update(     3600.00000)
Dimr [2026-05-18 17:49:19.291968] #4 >> 16426800.0:    DFlowFM.Update(     3600.00000)
Dimr [2026-05-18 17:49:19.291967] #5 >> 16426800.0:    DFlowFM.Update(     3600.00000)
Dimr [2026-05-18 17:49:19.291960] #6 >> 16426800.0:    DFlowFM.Update(     3600.00000)
Dimr [2026-05-18 17:49:19.291968] #7 >> 16426800.0:    DFlowFM.Update(     3600.00000)
** INFO   :           0d  4:00:00          1d 20:00:00          0d  0:02:27          0d  0:26:24        528     8.5%    11.65049
Dimr [2026-05-18 17:49:47.761453] #6 >> TIME LOOP    158400.00000 --  16588800.00000 --  16430400.00000
Dimr [2026-05-18 17:49:47.761480] #6 >> TIME LOOP      3600.00000 --  16588800.00000 --  16430400.00000 --         0.00000 
** INFO   :           0d  4:00:00          1d 20:00:00          0d  0:02:26          0d  0:26:17        528     8.5%    11.65049
Dimr [2026-05-18 17:49:47.764094] #7 >> TIME LOOP    158400.00000 --  16588800.00000 --  16430400.00000
Dimr [2026-05-18 17:49:47.764111] #7 >> TIME LOOP      3600.00000 --  16588800.00000 --  16430400.00000 --         0.00000 
** INFO   :           0d  4:00:00          1d 20:00:00          0d  0:02:27          0d  0:26:23        528     8.5%    11.65049
Dimr [2026-05-18 17:49:47.764289] #5 >> TIME LOOP    158400.00000 --  16588800.00000 --  16430400.00000
Dimr [2026-05-18 17:49:47.764305] #5 >> TIME LOOP      3600.00000 --  16588800.00000 --  16430400.00000 --         0.00000 
** INFO   :           0d  4:00:00          1d 20:00:00          0d  0:02:27          0d  0:26:23        528     8.5%    11.65049
** INFO   :           0d  4:00:00          1d 20:00:00          0d  0:02:27          0d  0:26:24        528     8.5%    11.65049
Dimr [2026-05-18 17:49:47.764454] #4 >> TIME LOOP    158400.00000 --  16588800.00000 --  16430400.00000
Dimr [2026-05-18 17:49:47.764469] #4 >> TIME LOOP      3600.00000 --  16588800.00000 --  16430400.00000 --         0.00000 
Dimr [2026-05-18 17:49:47.764493] #2 >> TIME LOOP    158400.00000 --  16588800.00000 --  16430400.00000
Dimr [2026-05-18 17:49:47.764518] #2 >> TIME LOOP      3600.00000 --  16588800.00000 --  16430400.00000 --         0.00000 
** INFO   :           0d  4:00:00          1d 20:00:00          0d  0:02:26          0d  0:26:16        528     8.5%    11.65049
Dimr [2026-05-18 17:49:47.766186] #1 >> TIME LOOP    158400.00000 --  16588800.00000 --  16430400.00000
Dimr [2026-05-18 17:49:47.766203] #1 >> TIME LOOP      3600.00000 --  16588800.00000 --  16430400.00000 --         0.00000 
** INFO   :           0d  4:00:00          1d 20:00:00          0d  0:02:26          0d  0:26:16        528     8.5%    11.65049
Dimr [2026-05-18 17:49:47.766186] #3 >> TIME LOOP    158400.00000 --  16588800.00000 --  16430400.00000
Dimr [2026-05-18 17:49:47.766203] #3 >> TIME LOOP      3600.00000 --  16588800.00000 --  16430400.00000 --         0.00000 
** INFO   :           0d  4:00:00          1d 20:00:00          0d  0:02:26          0d  0:26:15        528     8.5%    11.65049
Dimr [2026-05-18 17:49:47.766822] #0 >> TIME LOOP    158400.00000 --  16588800.00000 --  16430400.00000
Dimr [2026-05-18 17:49:47.766837] #0 >> TIME LOOP      3600.00000 --  16588800.00000 --  16430400.00000 --         0.00000 
Dimr [2026-05-18 17:49:47.766849] #2 >> Parallel Child: Current time:  16430400.00000 -- 0
Dimr [2026-05-18 17:49:47.766849] #3 >> Parallel Child: Current time:  16430400.00000 -- 0
Dimr [2026-05-18 17:49:47.766849] #4 >> Parallel Child: Current time:  16430400.00000 -- 0
Dimr [2026-05-18 17:49:47.766849] #6 >> Parallel Child: Current time:  16430400.00000 -- 0
Dimr [2026-05-18 17:49:47.766849] #7 >> Parallel Child: Current time:  16430400.00000 -- 0
Dimr [2026-05-18 17:49:47.766849] #0 >> Parallel Startgroup: Current time:  16430400.00000 --  16426800.00000
Dimr [2026-05-18 17:49:47.766865] #0 >> 16430400.0:    wave.Update(    3600.0)
*****************************************************************
*  Start of Delft3D-WAVE ...
  Start loop over SWAN grids, time =      273840.000 minutes since 20250101.000000
  Allocate input fields
Dimr [2026-05-18 17:49:47.766849] #1 >> Parallel Child: Current time:  16430400.00000 -- 0
Dimr [2026-05-18 17:49:47.766849] #5 >> Parallel Child: Current time:  16430400.00000 -- 0
  Allocate and read SWAN depth
  Get flow fields, domain 1 :
  Get flow fields, domain 2 :
  Get flow fields, domain 3 :
  Get flow fields, domain 4 :
  Get flow fields, domain 5 :
  Get flow fields, domain 6 :
  Get flow fields, domain 7 :
  Get flow fields, domain 8 :
  Write SWAN depth file
  Write SWAN velocity file
  Write SWAN wind file
  Write SWAN input
  Using SWAN hotstart file: hot_1_20250710_030000.nc
<<Run SWAN...
>>...Check file swan_sh.log
>>...End of SWAN run
  Allocate output fields
  Read SWAN output
  WARNING: Found negative value(s) for dissip(2) in swanout file;
           value(s) set to zero
  Map WAVE parameters to FLOW grid          1
  Map WAVE parameters to FLOW grid          2
  Map WAVE parameters to FLOW grid          3
  Map WAVE parameters to FLOW grid          4
  Map WAVE parameters to FLOW grid          5
  Map WAVE parameters to FLOW grid          6
  Map WAVE parameters to FLOW grid          7
  Map WAVE parameters to FLOW grid          8
  Deallocate input fields
  Allocate input fields
  Allocate and read SWAN depth
  Get flow fields, domain 1 :
  Get flow fields, domain 2 :
  Get flow fields, domain 3 :
  Get flow fields, domain 4 :
  Get flow fields, domain 5 :
  Get flow fields, domain 6 :
  Get flow fields, domain 7 :
  Get flow fields, domain 8 :
  Write SWAN depth file
  Write SWAN velocity file
  Write SWAN wind file
  Write SWAN input
  Using SWAN hotstart file: hot_2_20250710_030000.nc
<<Run SWAN...
>>...Check file swan_sh.log
>>...End of SWAN run
  Allocate output fields
  Read SWAN output
  WARNING: Found negative value(s) for dissip(2) in swanout file;
           value(s) set to zero
  Map WAVE parameters to FLOW grid          1
  Map WAVE parameters to FLOW grid          2
  Map WAVE parameters to FLOW grid          3
  Map WAVE parameters to FLOW grid          4
  Map WAVE parameters to FLOW grid          5
  Map WAVE parameters to FLOW grid          6
  Map WAVE parameters to FLOW grid          7
  Map WAVE parameters to FLOW grid          8
  Deallocate input fields
  Convert parameters
  Write to com-file
  Convert parameters
  Write to com-file
  Convert parameters
  Write to com-file
  Convert parameters
  Write to com-file
  Convert parameters
  Write to com-file
  Convert parameters
  Write to com-file
  Convert parameters
  Write to com-file
  Convert parameters
  Write to com-file
*  End of Delft3D-WAVE
*****************************************************************
Dimr [2026-05-18 17:50:02.448565] #0 >> Parallel Child: Current time:  16430400.00000 -- 0
Dimr [2026-05-18 17:50:02.448599] #0 >> 16430400.0:    DFlowFM.Update(     3600.00000)
Dimr [2026-05-18 17:50:02.448610] #1 >> 16430400.0:    DFlowFM.Update(     3600.00000)
Dimr [2026-05-18 17:50:02.448609] #3 >> 16430400.0:    DFlowFM.Update(     3600.00000)
Dimr [2026-05-18 17:50:02.448614] #2 >> 16430400.0:    DFlowFM.Update(     3600.00000)
Dimr [2026-05-18 17:50:02.448617] #4 >> 16430400.0:    DFlowFM.Update(     3600.00000)
Dimr [2026-05-18 17:50:02.448617] #5 >> 16430400.0:    DFlowFM.Update(     3600.00000)
Dimr [2026-05-18 17:50:02.448621] #6 >> 16430400.0:    DFlowFM.Update(     3600.00000)
Dimr [2026-05-18 17:50:02.448617] #7 >> 16430400.0:    DFlowFM.Update(     3600.00000)
** INFO   :  Minimum temperature encountered and limited in           10  cell(s).
** INFO   :  Minimum salinity encountered and limited in           10  cell(s).
** INFO   :  Minimum salinity encountered =   -138.109454297559
** INFO   :           0d  5:00:00          1d 19:00:00          0d  0:02:57          0d  0:24:55        516    10.6%    10.77844
Dimr [2026-05-18 17:50:32.661662] #6 >> TIME LOOP    154800.00000 --  16588800.00000 --  16434000.00000
Dimr [2026-05-18 17:50:32.661690] #6 >> TIME LOOP      3600.00000 --  16588800.00000 --  16434000.00000 --         0.00000 
** INFO   :           0d  5:00:00          1d 19:00:00          0d  0:02:57          0d  0:24:54        516    10.6%    10.77844
** INFO   :           0d  5:00:00          1d 19:00:00          0d  0:02:56          0d  0:24:48        516    10.6%    10.77844
Dimr [2026-05-18 17:50:32.664524] #7 >> TIME LOOP    154800.00000 --  16588800.00000 --  16434000.00000
Dimr [2026-05-18 17:50:32.664541] #7 >> TIME LOOP      3600.00000 --  16588800.00000 --  16434000.00000 --         0.00000 
Dimr [2026-05-18 17:50:32.664563] #5 >> TIME LOOP    154800.00000 --  16588800.00000 --  16434000.00000
Dimr [2026-05-18 17:50:32.664577] #5 >> TIME LOOP      3600.00000 --  16588800.00000 --  16434000.00000 --         0.00000 
** INFO   :           0d  5:00:00          1d 19:00:00          0d  0:02:57          0d  0:24:54        516    10.6%    10.77844
Dimr [2026-05-18 17:50:32.664863] #4 >> TIME LOOP    154800.00000 --  16588800.00000 --  16434000.00000
Dimr [2026-05-18 17:50:32.664879] #4 >> TIME LOOP      3600.00000 --  16588800.00000 --  16434000.00000 --         0.00000 
** INFO   :           0d  5:00:00          1d 19:00:00          0d  0:02:57          0d  0:24:55        516    10.6%    10.77844
Dimr [2026-05-18 17:50:32.664993] #2 >> TIME LOOP    154800.00000 --  16588800.00000 --  16434000.00000
Dimr [2026-05-18 17:50:32.665013] #2 >> TIME LOOP      3600.00000 --  16588800.00000 --  16434000.00000 --         0.00000 
** INFO   :           0d  5:00:00          1d 19:00:00          0d  0:02:56          0d  0:24:47        516    10.6%    10.77844
Dimr [2026-05-18 17:50:32.666462] #1 >> TIME LOOP    154800.00000 --  16588800.00000 --  16434000.00000
Dimr [2026-05-18 17:50:32.666479] #1 >> TIME LOOP      3600.00000 --  16588800.00000 --  16434000.00000 --         0.00000 
** INFO   :           0d  5:00:00          1d 19:00:00          0d  0:02:56          0d  0:24:47        516    10.6%    10.77844
Dimr [2026-05-18 17:50:32.666574] #3 >> TIME LOOP    154800.00000 --  16588800.00000 --  16434000.00000
Dimr [2026-05-18 17:50:32.666590] #3 >> TIME LOOP      3600.00000 --  16588800.00000 --  16434000.00000 --         0.00000 
** INFO   :           0d  5:00:00          1d 19:00:00          0d  0:02:56          0d  0:24:46        516    10.6%    10.77844
Dimr [2026-05-18 17:50:32.667192] #0 >> TIME LOOP    154800.00000 --  16588800.00000 --  16434000.00000
Dimr [2026-05-18 17:50:32.667208] #0 >> TIME LOOP      3600.00000 --  16588800.00000 --  16434000.00000 --         0.00000 
Dimr [2026-05-18 17:50:32.667220] #4 >> Parallel Child: Current time:  16434000.00000 -- 0
Dimr [2026-05-18 17:50:32.667219] #5 >> Parallel Child: Current time:  16434000.00000 -- 0
Dimr [2026-05-18 17:50:32.667220] #6 >> Parallel Child: Current time:  16434000.00000 -- 0
Dimr [2026-05-18 17:50:32.667219] #7 >> Parallel Child: Current time:  16434000.00000 -- 0
Dimr [2026-05-18 17:50:32.667219] #0 >> Parallel Startgroup: Current time:  16434000.00000 --  16430400.00000
Dimr [2026-05-18 17:50:32.667235] #0 >> 16434000.0:    wave.Update(    3600.0)
*****************************************************************
*  Start of Delft3D-WAVE ...
  Start loop over SWAN grids, time =      273900.000 minutes since 20250101.000000
  Allocate input fields
Dimr [2026-05-18 17:50:32.667219] #1 >> Parallel Child: Current time:  16434000.00000 -- 0
Dimr [2026-05-18 17:50:32.667220] #2 >> Parallel Child: Current time:  16434000.00000 -- 0
Dimr [2026-05-18 17:50:32.667219] #3 >> Parallel Child: Current time:  16434000.00000 -- 0
  Allocate and read SWAN depth
  Get flow fields, domain 1 :
  Get flow fields, domain 2 :
  Get flow fields, domain 3 :
  Get flow fields, domain 4 :
  Get flow fields, domain 5 :
  Get flow fields, domain 6 :
  Get flow fields, domain 7 :
  Get flow fields, domain 8 :
  Write SWAN depth file
  Write SWAN velocity file
  Write SWAN wind file
  Write SWAN input
  Using SWAN hotstart file: hot_1_20250710_040000.nc
<<Run SWAN...
>>...Check file swan_sh.log
>>...End of SWAN run
  Allocate output fields
  Read SWAN output
  WARNING: Found negative value(s) for dissip(2) in swanout file;
           value(s) set to zero
  Map WAVE parameters to FLOW grid          1
  Map WAVE parameters to FLOW grid          2
  Map WAVE parameters to FLOW grid          3
  Map WAVE parameters to FLOW grid          4
  Map WAVE parameters to FLOW grid          5
  Map WAVE parameters to FLOW grid          6
  Map WAVE parameters to FLOW grid          7
  Map WAVE parameters to FLOW grid          8
  Deallocate input fields
  Allocate input fields
  Allocate and read SWAN depth
  Get flow fields, domain 1 :
  Get flow fields, domain 2 :
  Get flow fields, domain 3 :
  Get flow fields, domain 4 :
  Get flow fields, domain 5 :
  Get flow fields, domain 6 :
  Get flow fields, domain 7 :
  Get flow fields, domain 8 :
  Write SWAN depth file
  Write SWAN velocity file
  Write SWAN wind file
  Write SWAN input
  Using SWAN hotstart file: hot_2_20250710_040000.nc
<<Run SWAN...
>>...Check file swan_sh.log
>>...End of SWAN run
  Allocate output fields
  Read SWAN output
  WARNING: Found negative value(s) for dissip(2) in swanout file;
           value(s) set to zero
  Map WAVE parameters to FLOW grid          1
  Map WAVE parameters to FLOW grid          2
  Map WAVE parameters to FLOW grid          3
  Map WAVE parameters to FLOW grid          4
  Map WAVE parameters to FLOW grid          5
  Map WAVE parameters to FLOW grid          6
  Map WAVE parameters to FLOW grid          7
  Map WAVE parameters to FLOW grid          8
  Deallocate input fields
  Convert parameters
  Write to com-file
  Convert parameters
  Write to com-file
  Convert parameters
  Write to com-file
  Convert parameters
  Write to com-file
  Convert parameters
  Write to com-file
  Convert parameters
  Write to com-file
  Convert parameters
  Write to com-file
  Convert parameters
  Write to com-file
*  End of Delft3D-WAVE
*****************************************************************
Dimr [2026-05-18 17:50:47.242982] #0 >> Parallel Child: Current time:  16434000.00000 -- 0
Dimr [2026-05-18 17:50:47.243014] #0 >> 16434000.0:    DFlowFM.Update(     3600.00000)
Dimr [2026-05-18 17:50:47.243025] #1 >> 16434000.0:    DFlowFM.Update(     3600.00000)
Dimr [2026-05-18 17:50:47.243025] #2 >> 16434000.0:    DFlowFM.Update(     3600.00000)
Dimr [2026-05-18 17:50:47.243025] #3 >> 16434000.0:    DFlowFM.Update(     3600.00000)
Dimr [2026-05-18 17:50:47.243031] #4 >> 16434000.0:    DFlowFM.Update(     3600.00000)
Dimr [2026-05-18 17:50:47.243033] #5 >> 16434000.0:    DFlowFM.Update(     3600.00000)
Dimr [2026-05-18 17:50:47.243029] #6 >> 16434000.0:    DFlowFM.Update(     3600.00000)
Dimr [2026-05-18 17:50:47.243031] #7 >> 16434000.0:    DFlowFM.Update(     3600.00000)
** INFO   :  Minimum temperature encountered and limited in           10  cell(s).
** INFO   :  Minimum salinity encountered and limited in           10  cell(s).
** INFO   :  Minimum salinity encountered =   -6.15374821692972
** INFO   :           0d  6:00:00          1d 18:00:00          0d  0:03:27          0d  0:23:49        504    12.7%    10.65089
Dimr [2026-05-18 17:51:17.856779] #6 >> TIME LOOP    151200.00000 --  16588800.00000 --  16437600.00000
Dimr [2026-05-18 17:51:17.856804] #6 >> TIME LOOP      3600.00000 --  16588800.00000 --  16437600.00000 --         0.00000 
** INFO   :           0d  6:00:00          1d 18:00:00          0d  0:03:26          0d  0:23:41        504    12.7%    10.65089
Dimr [2026-05-18 17:51:17.859307] #7 >> TIME LOOP    151200.00000 --  16588800.00000 --  16437600.00000
Dimr [2026-05-18 17:51:17.859324] #7 >> TIME LOOP      3600.00000 --  16588800.00000 --  16437600.00000 --         0.00000 
** INFO   :           0d  6:00:00          1d 18:00:00          0d  0:03:27          0d  0:23:48        504    12.7%    10.65089
Dimr [2026-05-18 17:51:17.859559] #5 >> TIME LOOP    151200.00000 --  16588800.00000 --  16437600.00000
Dimr [2026-05-18 17:51:17.859575] #5 >> TIME LOOP      3600.00000 --  16588800.00000 --  16437600.00000 --         0.00000 
** INFO   :           0d  6:00:00          1d 18:00:00          0d  0:03:27          0d  0:23:48        504    12.7%    10.65089
Dimr [2026-05-18 17:51:17.859745] #4 >> TIME LOOP    151200.00000 --  16588800.00000 --  16437600.00000
Dimr [2026-05-18 17:51:17.859764] #4 >> TIME LOOP      3600.00000 --  16588800.00000 --  16437600.00000 --         0.00000 
** INFO   :           0d  6:00:00          1d 18:00:00          0d  0:03:27          0d  0:23:48        504    12.7%    10.65089
Dimr [2026-05-18 17:51:17.859939] #2 >> TIME LOOP    151200.00000 --  16588800.00000 --  16437600.00000
Dimr [2026-05-18 17:51:17.859960] #2 >> TIME LOOP      3600.00000 --  16588800.00000 --  16437600.00000 --         0.00000 
** INFO   :           0d  6:00:00          1d 18:00:00          0d  0:03:26          0d  0:23:40        504    12.7%    10.65089
Dimr [2026-05-18 17:51:17.861767] #1 >> TIME LOOP    151200.00000 --  16588800.00000 --  16437600.00000
Dimr [2026-05-18 17:51:17.861783] #1 >> TIME LOOP      3600.00000 --  16588800.00000 --  16437600.00000 --         0.00000 
** INFO   :           0d  6:00:00          1d 18:00:00          0d  0:03:26          0d  0:23:41        504    12.7%    10.65089
Dimr [2026-05-18 17:51:17.861760] #3 >> TIME LOOP    151200.00000 --  16588800.00000 --  16437600.00000
Dimr [2026-05-18 17:51:17.861778] #3 >> TIME LOOP      3600.00000 --  16588800.00000 --  16437600.00000 --         0.00000 
** INFO   :           0d  6:00:00          1d 18:00:00          0d  0:03:26          0d  0:23:40        504    12.7%    10.65089
Dimr [2026-05-18 17:51:17.862638] #0 >> TIME LOOP    151200.00000 --  16588800.00000 --  16437600.00000
Dimr [2026-05-18 17:51:17.862653] #0 >> TIME LOOP      3600.00000 --  16588800.00000 --  16437600.00000 --         0.00000 
Dimr [2026-05-18 17:51:17.862665] #3 >> Parallel Child: Current time:  16437600.00000 -- 0
Dimr [2026-05-18 17:51:17.862665] #6 >> Parallel Child: Current time:  16437600.00000 -- 0
Dimr [2026-05-18 17:51:17.862665] #7 >> Parallel Child: Current time:  16437600.00000 -- 0
Dimr [2026-05-18 17:51:17.862665] #0 >> Parallel Startgroup: Current time:  16437600.00000 --  16434000.00000
Dimr [2026-05-18 17:51:17.862681] #0 >> 16437600.0:    wave.Update(    3600.0)
*****************************************************************
*  Start of Delft3D-WAVE ...
Dimr [2026-05-18 17:51:17.862665] #1 >> Parallel Child: Current time:  16437600.00000 -- 0
Dimr [2026-05-18 17:51:17.862665] #2 >> Parallel Child: Current time:  16437600.00000 -- 0
Dimr [2026-05-18 17:51:17.862665] #4 >> Parallel Child: Current time:  16437600.00000 -- 0
Dimr [2026-05-18 17:51:17.862665] #5 >> Parallel Child: Current time:  16437600.00000 -- 0
  Start loop over SWAN grids, time =      273960.000 minutes since 20250101.000000
  Allocate input fields
  Allocate and read SWAN depth
  Get flow fields, domain 1 :
  Get flow fields, domain 2 :
  Get flow fields, domain 3 :
  Get flow fields, domain 4 :
  Get flow fields, domain 5 :
  Get flow fields, domain 6 :
  Get flow fields, domain 7 :
  Get flow fields, domain 8 :
  Write SWAN depth file
  Write SWAN velocity file
  Write SWAN wind file
  Write SWAN input
  Using SWAN hotstart file: hot_1_20250710_050000.nc
<<Run SWAN...
>>...Check file swan_sh.log
>>...End of SWAN run
  Allocate output fields
  Read SWAN output
  WARNING: Found negative value(s) for dissip(2) in swanout file;
           value(s) set to zero
  Map WAVE parameters to FLOW grid          1
  Map WAVE parameters to FLOW grid          2
  Map WAVE parameters to FLOW grid          3
  Map WAVE parameters to FLOW grid          4
  Map WAVE parameters to FLOW grid          5
  Map WAVE parameters to FLOW grid          6
  Map WAVE parameters to FLOW grid          7
  Map WAVE parameters to FLOW grid          8
  Deallocate input fields
  Allocate input fields
  Allocate and read SWAN depth
  Get flow fields, domain 1 :
  Get flow fields, domain 2 :
  Get flow fields, domain 3 :
  Get flow fields, domain 4 :
  Get flow fields, domain 5 :
  Get flow fields, domain 6 :
  Get flow fields, domain 7 :
  Get flow fields, domain 8 :
  Write SWAN depth file
  Write SWAN velocity file
  Write SWAN wind file
  Write SWAN input
  Using SWAN hotstart file: hot_2_20250710_050000.nc
<<Run SWAN...
>>...Check file swan_sh.log
>>...End of SWAN run
  Allocate output fields
  Read SWAN output
  WARNING: Found negative value(s) for dissip(2) in swanout file;
           value(s) set to zero
  Map WAVE parameters to FLOW grid          1
  Map WAVE parameters to FLOW grid          2
  Map WAVE parameters to FLOW grid          3
  Map WAVE parameters to FLOW grid          4
  Map WAVE parameters to FLOW grid          5
  Map WAVE parameters to FLOW grid          6
  Map WAVE parameters to FLOW grid          7
  Map WAVE parameters to FLOW grid          8
  Deallocate input fields
  Convert parameters
  Write to com-file
  Convert parameters
  Write to com-file
  Convert parameters
  Write to com-file
  Convert parameters
  Write to com-file
  Convert parameters
  Write to com-file
  Convert parameters
  Write to com-file
  Convert parameters
  Write to com-file
  Convert parameters
  Write to com-file
*  End of Delft3D-WAVE
*****************************************************************
Dimr [2026-05-18 17:51:32.450270] #0 >> Parallel Child: Current time:  16437600.00000 -- 0
Dimr [2026-05-18 17:51:32.450304] #0 >> 16437600.0:    DFlowFM.Update(     3600.00000)
Dimr [2026-05-18 17:51:32.450313] #1 >> 16437600.0:    DFlowFM.Update(     3600.00000)
Dimr [2026-05-18 17:51:32.450313] #2 >> 16437600.0:    DFlowFM.Update(     3600.00000)
Dimr [2026-05-18 17:51:32.450313] #3 >> 16437600.0:    DFlowFM.Update(     3600.00000)
Dimr [2026-05-18 17:51:32.450316] #4 >> 16437600.0:    DFlowFM.Update(     3600.00000)
Dimr [2026-05-18 17:51:32.450319] #5 >> 16437600.0:    DFlowFM.Update(     3600.00000)
Dimr [2026-05-18 17:51:32.450316] #6 >> 16437600.0:    DFlowFM.Update(     3600.00000)
Dimr [2026-05-18 17:51:32.450316] #7 >> 16437600.0:    DFlowFM.Update(     3600.00000)
** INFO   :           0d  7:00:00          1d 17:00:00          0d  0:03:53          0d  0:22:30        492    14.7%    12.45675
Dimr [2026-05-18 17:51:59.233638] #6 >> TIME LOOP    147600.00000 --  16588800.00000 --  16441200.00000
Dimr [2026-05-18 17:51:59.233665] #6 >> TIME LOOP      3600.00000 --  16588800.00000 --  16441200.00000 --         0.00000 
** INFO   :           0d  7:00:00          1d 17:00:00          0d  0:03:52          0d  0:22:23        492    14.7%    12.45675
Dimr [2026-05-18 17:51:59.236048] #7 >> TIME LOOP    147600.00000 --  16588800.00000 --  16441200.00000
Dimr [2026-05-18 17:51:59.236065] #7 >> TIME LOOP      3600.00000 --  16588800.00000 --  16441200.00000 --         0.00000 
** INFO   :           0d  7:00:00          1d 17:00:00          0d  0:03:53          0d  0:22:29        492    14.7%    12.45675
Dimr [2026-05-18 17:51:59.236327] #2 >> TIME LOOP    147600.00000 --  16588800.00000 --  16441200.00000
Dimr [2026-05-18 17:51:59.236348] #2 >> TIME LOOP      3600.00000 --  16588800.00000 --  16441200.00000 --         0.00000 
** INFO   :           0d  7:00:00          1d 17:00:00          0d  0:03:53          0d  0:22:29        492    14.7%    12.45675
Dimr [2026-05-18 17:51:59.236512] #4 >> TIME LOOP    147600.00000 --  16588800.00000 --  16441200.00000
Dimr [2026-05-18 17:51:59.236529] #4 >> TIME LOOP      3600.00000 --  16588800.00000 --  16441200.00000 --         0.00000 
** INFO   :           0d  7:00:00          1d 17:00:00          0d  0:03:53          0d  0:22:29        492    14.7%    12.45675
Dimr [2026-05-18 17:51:59.236911] #5 >> TIME LOOP    147600.00000 --  16588800.00000 --  16441200.00000
Dimr [2026-05-18 17:51:59.236926] #5 >> TIME LOOP      3600.00000 --  16588800.00000 --  16441200.00000 --         0.00000 
** INFO   :           0d  7:00:00          1d 17:00:00          0d  0:03:52          0d  0:22:22        492    14.7%    12.45675
Dimr [2026-05-18 17:51:59.237766] #3 >> TIME LOOP    147600.00000 --  16588800.00000 --  16441200.00000
Dimr [2026-05-18 17:51:59.237783] #3 >> TIME LOOP      3600.00000 --  16588800.00000 --  16441200.00000 --         0.00000 
** INFO   :           0d  7:00:00          1d 17:00:00          0d  0:03:52          0d  0:22:22        492    14.7%    12.45675
Dimr [2026-05-18 17:51:59.237909] #1 >> TIME LOOP    147600.00000 --  16588800.00000 --  16441200.00000
Dimr [2026-05-18 17:51:59.237925] #1 >> TIME LOOP      3600.00000 --  16588800.00000 --  16441200.00000 --         0.00000 
** INFO   :           0d  7:00:00          1d 17:00:00          0d  0:03:52          0d  0:22:21        492    14.7%    12.45675
Dimr [2026-05-18 17:51:59.238439] #0 >> TIME LOOP    147600.00000 --  16588800.00000 --  16441200.00000
Dimr [2026-05-18 17:51:59.238455] #0 >> TIME LOOP      3600.00000 --  16588800.00000 --  16441200.00000 --         0.00000 
Dimr [2026-05-18 17:51:59.238466] #0 >> Parallel Startgroup: Current time:  16441200.00000 --  16437600.00000
Dimr [2026-05-18 17:51:59.238479] #0 >> 16441200.0:    wave.Update(    3600.0)
*****************************************************************
*  Start of Delft3D-WAVE ...
Dimr [2026-05-18 17:51:59.238466] #1 >> Parallel Child: Current time:  16441200.00000 -- 0
Dimr [2026-05-18 17:51:59.238467] #2 >> Parallel Child: Current time:  16441200.00000 -- 0
Dimr [2026-05-18 17:51:59.238467] #3 >> Parallel Child: Current time:  16441200.00000 -- 0
Dimr [2026-05-18 17:51:59.238467] #4 >> Parallel Child: Current time:  16441200.00000 -- 0
Dimr [2026-05-18 17:51:59.238467] #5 >> Parallel Child: Current time:  16441200.00000 -- 0
Dimr [2026-05-18 17:51:59.238467] #6 >> Parallel Child: Current time:  16441200.00000 -- 0
Dimr [2026-05-18 17:51:59.238467] #7 >> Parallel Child: Current time:  16441200.00000 -- 0
  Start loop over SWAN grids, time =      274020.000 minutes since 20250101.000000
  Allocate input fields
  Allocate and read SWAN depth
  Get flow fields, domain 1 :
  Get flow fields, domain 2 :
  Get flow fields, domain 3 :
  Get flow fields, domain 4 :
  Get flow fields, domain 5 :
  Get flow fields, domain 6 :
  Get flow fields, domain 7 :
  Get flow fields, domain 8 :
  Write SWAN depth file
  Write SWAN velocity file
  Write SWAN wind file
  Write SWAN input
  Using SWAN hotstart file: hot_1_20250710_060000.nc
<<Run SWAN...
>>...Check file swan_sh.log
>>...End of SWAN run
  Allocate output fields
  Read SWAN output
  WARNING: Found negative value(s) for dissip(2) in swanout file;
           value(s) set to zero
  Map WAVE parameters to FLOW grid          1
  Map WAVE parameters to FLOW grid          2
  Map WAVE parameters to FLOW grid          3
  Map WAVE parameters to FLOW grid          4
  Map WAVE parameters to FLOW grid          5
  Map WAVE parameters to FLOW grid          6
  Map WAVE parameters to FLOW grid          7
  Map WAVE parameters to FLOW grid          8
  Deallocate input fields
  Allocate input fields
  Allocate and read SWAN depth
  Get flow fields, domain 1 :
  Get flow fields, domain 2 :
  Get flow fields, domain 3 :
  Get flow fields, domain 4 :
  Get flow fields, domain 5 :
  Get flow fields, domain 6 :
  Get flow fields, domain 7 :
  Get flow fields, domain 8 :
  Write SWAN depth file
  Write SWAN velocity file
  Write SWAN wind file
  Write SWAN input
  Using SWAN hotstart file: hot_2_20250710_060000.nc
<<Run SWAN...
>>...Check file swan_sh.log
>>...End of SWAN run
  Allocate output fields
  Read SWAN output
  WARNING: Found negative value(s) for dissip(2) in swanout file;
           value(s) set to zero
  Map WAVE parameters to FLOW grid          1
  Map WAVE parameters to FLOW grid          2
  Map WAVE parameters to FLOW grid          3
  Map WAVE parameters to FLOW grid          4
  Map WAVE parameters to FLOW grid          5
  Map WAVE parameters to FLOW grid          6
  Map WAVE parameters to FLOW grid          7
  Map WAVE parameters to FLOW grid          8
  Deallocate input fields
  Convert parameters
  Write to com-file
  Convert parameters
  Write to com-file
  Convert parameters
  Write to com-file
  Convert parameters
  Write to com-file
  Convert parameters
  Write to com-file
  Convert parameters
  Write to com-file
  Convert parameters
  Write to com-file
  Convert parameters
  Write to com-file
*  End of Delft3D-WAVE
*****************************************************************
Dimr [2026-05-18 17:52:12.36305] #0 >> Parallel Child: Current time:  16441200.00000 -- 0
Dimr [2026-05-18 17:52:12.36338] #0 >> 16441200.0:    DFlowFM.Update(     3600.00000)
Dimr [2026-05-18 17:52:12.36346] #2 >> 16441200.0:    DFlowFM.Update(     3600.00000)
Dimr [2026-05-18 17:52:12.36352] #1 >> 16441200.0:    DFlowFM.Update(     3600.00000)
Dimr [2026-05-18 17:52:12.36351] #3 >> 16441200.0:    DFlowFM.Update(     3600.00000)
Dimr [2026-05-18 17:52:12.36352] #6 >> 16441200.0:    DFlowFM.Update(     3600.00000)
Dimr [2026-05-18 17:52:12.36359] #7 >> 16441200.0:    DFlowFM.Update(     3600.00000)
Dimr [2026-05-18 17:52:12.36359] #4 >> 16441200.0:    DFlowFM.Update(     3600.00000)
Dimr [2026-05-18 17:52:12.36360] #5 >> 16441200.0:    DFlowFM.Update(     3600.00000)
** INFO   :  Minimum temperature encountered and limited in           10  cell(s).
** INFO   :  Minimum temperature encountered and limited in           10  cell(s).
** INFO   :           0d  8:00:00          1d 16:00:00          0d  0:04:16          0d  0:21:05        480    16.8%    14.57490
Dimr [2026-05-18 17:52:34.861624] #6 >> TIME LOOP    144000.00000 --  16588800.00000 --  16444800.00000
Dimr [2026-05-18 17:52:34.861651] #6 >> TIME LOOP      3600.00000 --  16588800.00000 --  16444800.00000 --         0.00000 
** INFO   :           0d  8:00:00          1d 16:00:00          0d  0:04:14          0d  0:20:58        480    16.8%    14.57490
Dimr [2026-05-18 17:52:34.864241] #7 >> TIME LOOP    144000.00000 --  16588800.00000 --  16444800.00000
Dimr [2026-05-18 17:52:34.864257] #7 >> TIME LOOP      3600.00000 --  16588800.00000 --  16444800.00000 --         0.00000 
** INFO   :           0d  8:00:00          1d 16:00:00          0d  0:04:15          0d  0:21:04        480    16.8%    14.57490
Dimr [2026-05-18 17:52:34.864460] #5 >> TIME LOOP    144000.00000 --  16588800.00000 --  16444800.00000
Dimr [2026-05-18 17:52:34.864475] #5 >> TIME LOOP      3600.00000 --  16588800.00000 --  16444800.00000 --         0.00000 
** INFO   :           0d  8:00:00          1d 16:00:00          0d  0:04:15          0d  0:21:04        480    16.8%    14.57490
Dimr [2026-05-18 17:52:34.864735] #4 >> TIME LOOP    144000.00000 --  16588800.00000 --  16444800.00000
Dimr [2026-05-18 17:52:34.864769] #4 >> TIME LOOP      3600.00000 --  16588800.00000 --  16444800.00000 --         0.00000 
** INFO   :           0d  8:00:00          1d 16:00:00          0d  0:04:16          0d  0:21:04        480    16.8%    14.57490
Dimr [2026-05-18 17:52:34.864920] #2 >> TIME LOOP    144000.00000 --  16588800.00000 --  16444800.00000
Dimr [2026-05-18 17:52:34.864941] #2 >> TIME LOOP      3600.00000 --  16588800.00000 --  16444800.00000 --         0.00000 
** INFO   :           0d  8:00:00          1d 16:00:00          0d  0:04:14          0d  0:20:57        480    16.8%    14.57490
Dimr [2026-05-18 17:52:34.866655] #1 >> TIME LOOP    144000.00000 --  16588800.00000 --  16444800.00000
Dimr [2026-05-18 17:52:34.866673] #1 >> TIME LOOP      3600.00000 --  16588800.00000 --  16444800.00000 --         0.00000 
** INFO   :           0d  8:00:00          1d 16:00:00          0d  0:04:14          0d  0:20:57        480    16.8%    14.57490
Dimr [2026-05-18 17:52:34.866830] #3 >> TIME LOOP    144000.00000 --  16588800.00000 --  16444800.00000
Dimr [2026-05-18 17:52:34.866844] #3 >> TIME LOOP      3600.00000 --  16588800.00000 --  16444800.00000 --         0.00000 
** INFO   :           0d  8:00:00          1d 16:00:00          0d  0:04:14          0d  0:20:56        480    16.8%    14.57490
Dimr [2026-05-18 17:52:34.867354] #0 >> TIME LOOP    144000.00000 --  16588800.00000 --  16444800.00000
Dimr [2026-05-18 17:52:34.867370] #0 >> TIME LOOP      3600.00000 --  16588800.00000 --  16444800.00000 --         0.00000 
Dimr [2026-05-18 17:52:34.867382] #5 >> Parallel Child: Current time:  16444800.00000 -- 0
Dimr [2026-05-18 17:52:34.867382] #6 >> Parallel Child: Current time:  16444800.00000 -- 0
Dimr [2026-05-18 17:52:34.867382] #7 >> Parallel Child: Current time:  16444800.00000 -- 0
Dimr [2026-05-18 17:52:34.867382] #0 >> Parallel Startgroup: Current time:  16444800.00000 --  16441200.00000
Dimr [2026-05-18 17:52:34.867398] #0 >> 16444800.0:    wave.Update(    3600.0)
*****************************************************************
*  Start of Delft3D-WAVE ...
Dimr [2026-05-18 17:52:34.867382] #1 >> Parallel Child: Current time:  16444800.00000 -- 0
Dimr [2026-05-18 17:52:34.867382] #2 >> Parallel Child: Current time:  16444800.00000 -- 0
Dimr [2026-05-18 17:52:34.867382] #3 >> Parallel Child: Current time:  16444800.00000 -- 0
Dimr [2026-05-18 17:52:34.867382] #4 >> Parallel Child: Current time:  16444800.00000 -- 0
  Start loop over SWAN grids, time =      274080.000 minutes since 20250101.000000
  Allocate input fields
  Allocate and read SWAN depth
  Get flow fields, domain 1 :
  Get flow fields, domain 2 :
  Get flow fields, domain 3 :
  Get flow fields, domain 4 :
  Get flow fields, domain 5 :
  Get flow fields, domain 6 :
  Get flow fields, domain 7 :
  Get flow fields, domain 8 :
  Write SWAN depth file
  Write SWAN velocity file
  Write SWAN wind file
  Write SWAN input
  Using SWAN hotstart file: hot_1_20250710_070000.nc
<<Run SWAN...
>>...Check file swan_sh.log
>>...End of SWAN run
  Allocate output fields
  Read SWAN output
  WARNING: Found negative value(s) for dissip(2) in swanout file;
           value(s) set to zero
  Map WAVE parameters to FLOW grid          1
  Map WAVE parameters to FLOW grid          2
  Map WAVE parameters to FLOW grid          3
  Map WAVE parameters to FLOW grid          4
  Map WAVE parameters to FLOW grid          5
  Map WAVE parameters to FLOW grid          6
  Map WAVE parameters to FLOW grid          7
  Map WAVE parameters to FLOW grid          8
  Deallocate input fields
  Allocate input fields
  Allocate and read SWAN depth
  Get flow fields, domain 1 :
  Get flow fields, domain 2 :
  Get flow fields, domain 3 :
  Get flow fields, domain 4 :
  Get flow fields, domain 5 :
  Get flow fields, domain 6 :
  Get flow fields, domain 7 :
  Get flow fields, domain 8 :
  Write SWAN depth file
  Write SWAN velocity file
  Write SWAN wind file
  Write SWAN input
  Using SWAN hotstart file: hot_2_20250710_070000.nc
<<Run SWAN...
>>...Check file swan_sh.log
>>...End of SWAN run
  Allocate output fields
  Read SWAN output
  WARNING: Found negative value(s) for dissip(2) in swanout file;
           value(s) set to zero
  Map WAVE parameters to FLOW grid          1
  Map WAVE parameters to FLOW grid          2
  Map WAVE parameters to FLOW grid          3
  Map WAVE parameters to FLOW grid          4
  Map WAVE parameters to FLOW grid          5
  Map WAVE parameters to FLOW grid          6
  Map WAVE parameters to FLOW grid          7
  Map WAVE parameters to FLOW grid          8
  Deallocate input fields
  Convert parameters
  Write to com-file
  Convert parameters
  Write to com-file
  Convert parameters
  Write to com-file
  Convert parameters
  Write to com-file
  Convert parameters
  Write to com-file
  Convert parameters
  Write to com-file
  Convert parameters
  Write to com-file
  Convert parameters
  Write to com-file
*  End of Delft3D-WAVE
*****************************************************************
Dimr [2026-05-18 17:52:41.688633] #0 >> Parallel Child: Current time:  16444800.00000 -- 0
Dimr [2026-05-18 17:52:41.688665] #0 >> 16444800.0:    DFlowFM.Update(     3600.00000)
Dimr [2026-05-18 17:52:41.688671] #1 >> 16444800.0:    DFlowFM.Update(     3600.00000)
Dimr [2026-05-18 17:52:41.688671] #2 >> 16444800.0:    DFlowFM.Update(     3600.00000)
Dimr [2026-05-18 17:52:41.688671] #3 >> 16444800.0:    DFlowFM.Update(     3600.00000)
Dimr [2026-05-18 17:52:41.688685] #4 >> 16444800.0:    DFlowFM.Update(     3600.00000)
Dimr [2026-05-18 17:52:41.688686] #5 >> 16444800.0:    DFlowFM.Update(     3600.00000)
Dimr [2026-05-18 17:52:41.688685] #6 >> 16444800.0:    DFlowFM.Update(     3600.00000)
Dimr [2026-05-18 17:52:41.688685] #7 >> 16444800.0:    DFlowFM.Update(     3600.00000)
** INFO   :           0d  9:00:00          1d 15:00:00          0d  0:04:40          0d  0:20:02        468    18.9%    13.43284
Dimr [2026-05-18 17:53:06.431175] #6 >> TIME LOOP    140400.00000 --  16588800.00000 --  16448400.00000
Dimr [2026-05-18 17:53:06.431202] #6 >> TIME LOOP      3600.00000 --  16588800.00000 --  16448400.00000 --         0.00000 
** INFO   :           0d  9:00:00          1d 15:00:00          0d  0:04:40          0d  0:20:01        468    18.9%    13.43284
Dimr [2026-05-18 17:53:06.433958] #5 >> TIME LOOP    140400.00000 --  16588800.00000 --  16448400.00000
Dimr [2026-05-18 17:53:06.433975] #5 >> TIME LOOP      3600.00000 --  16588800.00000 --  16448400.00000 --         0.00000 
** INFO   :           0d  9:00:00          1d 15:00:00          0d  0:04:38          0d  0:19:55        468    18.9%    13.43284
Dimr [2026-05-18 17:53:06.434090] #7 >> TIME LOOP    140400.00000 --  16588800.00000 --  16448400.00000
Dimr [2026-05-18 17:53:06.434105] #7 >> TIME LOOP      3600.00000 --  16588800.00000 --  16448400.00000 --         0.00000 
** INFO   :           0d  9:00:00          1d 15:00:00          0d  0:04:40          0d  0:20:01        468    18.9%    13.43284
Dimr [2026-05-18 17:53:06.434324] #4 >> TIME LOOP    140400.00000 --  16588800.00000 --  16448400.00000
Dimr [2026-05-18 17:53:06.434340] #4 >> TIME LOOP      3600.00000 --  16588800.00000 --  16448400.00000 --         0.00000 
** INFO   :           0d  9:00:00          1d 15:00:00          0d  0:04:40          0d  0:20:01        468    18.9%    13.43284
Dimr [2026-05-18 17:53:06.434398] #2 >> TIME LOOP    140400.00000 --  16588800.00000 --  16448400.00000
Dimr [2026-05-18 17:53:06.434426] #2 >> TIME LOOP      3600.00000 --  16588800.00000 --  16448400.00000 --         0.00000 
** INFO   :           0d  9:00:00          1d 15:00:00          0d  0:04:38          0d  0:19:55        468    18.9%    13.43284
Dimr [2026-05-18 17:53:06.435961] #3 >> TIME LOOP    140400.00000 --  16588800.00000 --  16448400.00000
Dimr [2026-05-18 17:53:06.435977] #3 >> TIME LOOP      3600.00000 --  16588800.00000 --  16448400.00000 --         0.00000 
** INFO   :           0d  9:00:00          1d 15:00:00          0d  0:04:38          0d  0:19:54        468    18.9%    13.43284
Dimr [2026-05-18 17:53:06.436120] #1 >> TIME LOOP    140400.00000 --  16588800.00000 --  16448400.00000
Dimr [2026-05-18 17:53:06.436135] #1 >> TIME LOOP      3600.00000 --  16588800.00000 --  16448400.00000 --         0.00000 
** INFO   :           0d  9:00:00          1d 15:00:00          0d  0:04:38          0d  0:19:54        468    18.9%    13.43284
Dimr [2026-05-18 17:53:06.436648] #0 >> TIME LOOP    140400.00000 --  16588800.00000 --  16448400.00000
Dimr [2026-05-18 17:53:06.436662] #0 >> TIME LOOP      3600.00000 --  16588800.00000 --  16448400.00000 --         0.00000 
Dimr [2026-05-18 17:53:06.436674] #3 >> Parallel Child: Current time:  16448400.00000 -- 0
Dimr [2026-05-18 17:53:06.436674] #0 >> Parallel Startgroup: Current time:  16448400.00000 --  16444800.00000
Dimr [2026-05-18 17:53:06.436692] #0 >> 16448400.0:    wave.Update(    3600.0)
Dimr [2026-05-18 17:53:06.436674] #1 >> Parallel Child: Current time:  16448400.00000 -- 0
Dimr [2026-05-18 17:53:06.436674] #2 >> Parallel Child: Current time:  16448400.00000 -- 0
Dimr [2026-05-18 17:53:06.436675] #4 >> Parallel Child: Current time:  16448400.00000 -- 0
Dimr [2026-05-18 17:53:06.436674] #5 >> Parallel Child: Current time:  16448400.00000 -- 0
Dimr [2026-05-18 17:53:06.436674] #6 >> Parallel Child: Current time:  16448400.00000 -- 0
Dimr [2026-05-18 17:53:06.436674] #7 >> Parallel Child: Current time:  16448400.00000 -- 0
*****************************************************************
*  Start of Delft3D-WAVE ...
  Start loop over SWAN grids, time =      274140.000 minutes since 20250101.000000
  Allocate input fields
  Allocate and read SWAN depth
  Get flow fields, domain 1 :
  Get flow fields, domain 2 :
  Get flow fields, domain 3 :
  Get flow fields, domain 4 :
  Get flow fields, domain 5 :
  Get flow fields, domain 6 :
  Get flow fields, domain 7 :
  Get flow fields, domain 8 :
  Write SWAN depth file
  Write SWAN velocity file
  Write SWAN wind file
  Write SWAN input
  Using SWAN hotstart file: hot_1_20250710_080000.nc
<<Run SWAN...
>>...Check file swan_sh.log
>>...End of SWAN run
  Allocate output fields
  Read SWAN output
  WARNING: Found negative value(s) for dissip(2) in swanout file;
           value(s) set to zero
  Map WAVE parameters to FLOW grid          1
  Map WAVE parameters to FLOW grid          2
  Map WAVE parameters to FLOW grid          3
  Map WAVE parameters to FLOW grid          4
  Map WAVE parameters to FLOW grid          5
  Map WAVE parameters to FLOW grid          6
  Map WAVE parameters to FLOW grid          7
  Map WAVE parameters to FLOW grid          8
  Deallocate input fields
  Allocate input fields
  Allocate and read SWAN depth
  Get flow fields, domain 1 :
  Get flow fields, domain 2 :
  Get flow fields, domain 3 :
  Get flow fields, domain 4 :
  Get flow fields, domain 5 :
  Get flow fields, domain 6 :
  Get flow fields, domain 7 :
  Get flow fields, domain 8 :
  Write SWAN depth file
  Write SWAN velocity file
  Write SWAN wind file
  Write SWAN input
  Using SWAN hotstart file: hot_2_20250710_080000.nc
<<Run SWAN...
>>...Check file swan_sh.log
>>...End of SWAN run
  Allocate output fields
  Read SWAN output
  WARNING: Found negative value(s) for dissip(2) in swanout file;
           value(s) set to zero
  Map WAVE parameters to FLOW grid          1
  Map WAVE parameters to FLOW grid          2
  Map WAVE parameters to FLOW grid          3
  Map WAVE parameters to FLOW grid          4
  Map WAVE parameters to FLOW grid          5
  Map WAVE parameters to FLOW grid          6
  Map WAVE parameters to FLOW grid          7
  Map WAVE parameters to FLOW grid          8
  Deallocate input fields
  Convert parameters
  Write to com-file
  Convert parameters
  Write to com-file
  Convert parameters
  Write to com-file
  Convert parameters
  Write to com-file
  Convert parameters
  Write to com-file
  Convert parameters
  Write to com-file
  Convert parameters
  Write to com-file
  Convert parameters
  Write to com-file
*  End of Delft3D-WAVE
*****************************************************************
Dimr [2026-05-18 17:53:16.410640] #0 >> Parallel Child: Current time:  16448400.00000 -- 0
Dimr [2026-05-18 17:53:16.410672] #0 >> 16448400.0:    DFlowFM.Update(     3600.00000)
Dimr [2026-05-18 17:53:16.410686] #1 >> 16448400.0:    DFlowFM.Update(     3600.00000)
Dimr [2026-05-18 17:53:16.410680] #2 >> 16448400.0:    DFlowFM.Update(     3600.00000)
Dimr [2026-05-18 17:53:16.410678] #3 >> 16448400.0:    DFlowFM.Update(     3600.00000)
Dimr [2026-05-18 17:53:16.410694] #4 >> 16448400.0:    DFlowFM.Update(     3600.00000)
Dimr [2026-05-18 17:53:16.410695] #5 >> 16448400.0:    DFlowFM.Update(     3600.00000)
Dimr [2026-05-18 17:53:16.410688] #6 >> 16448400.0:    DFlowFM.Update(     3600.00000)
Dimr [2026-05-18 17:53:16.410695] #7 >> 16448400.0:    DFlowFM.Update(     3600.00000)
** INFO   :  Minimum temperature encountered and limited in           10  cell(s).
** INFO   :  Minimum salinity encountered and limited in           10  cell(s).
** INFO   :  Minimum salinity encountered =   -82.0492342052737
** INFO   :  Minimum temperature encountered and limited in           10  cell(s).
** INFO   :  Minimum salinity encountered and limited in           10  cell(s).
** INFO   :  Minimum salinity encountered =   -86.0842982911298
** INFO   :  Minimum temperature encountered and limited in           10  cell(s).
** INFO   :  Minimum salinity encountered and limited in           10  cell(s).
** INFO   :  Minimum salinity encountered =   -3432.54021299784
** INFO   :           0d 10:00:00          1d 14:00:00          0d  0:05:03          0d  0:19:01        456    21.0%    14.22925
Dimr [2026-05-18 17:53:39.674538] #6 >> TIME LOOP    136800.00000 --  16588800.00000 --  16452000.00000
Dimr [2026-05-18 17:53:39.674563] #6 >> TIME LOOP      3600.00000 --  16588800.00000 --  16452000.00000 --         0.00000 
** INFO   :           0d 10:00:00          1d 14:00:00          0d  0:05:01          0d  0:18:54        456    21.0%    14.22925
Dimr [2026-05-18 17:53:39.677382] #7 >> TIME LOOP    136800.00000 --  16588800.00000 --  16452000.00000
Dimr [2026-05-18 17:53:39.677399] #7 >> TIME LOOP      3600.00000 --  16588800.00000 --  16452000.00000 --         0.00000 
** INFO   :           0d 10:00:00          1d 14:00:00          0d  0:05:03          0d  0:19:00        456    21.0%    14.22925
Dimr [2026-05-18 17:53:39.677515] #5 >> TIME LOOP    136800.00000 --  16588800.00000 --  16452000.00000
Dimr [2026-05-18 17:53:39.677530] #5 >> TIME LOOP      3600.00000 --  16588800.00000 --  16452000.00000 --         0.00000 
** INFO   :           0d 10:00:00          1d 14:00:00          0d  0:05:03          0d  0:19:00        456    21.0%    14.22925
Dimr [2026-05-18 17:53:39.677652] #4 >> TIME LOOP    136800.00000 --  16588800.00000 --  16452000.00000
Dimr [2026-05-18 17:53:39.677668] #4 >> TIME LOOP      3600.00000 --  16588800.00000 --  16452000.00000 --         0.00000 
** INFO   :           0d 10:00:00          1d 14:00:00          0d  0:05:03          0d  0:19:00        456    21.0%    14.22925
Dimr [2026-05-18 17:53:39.677715] #2 >> TIME LOOP    136800.00000 --  16588800.00000 --  16452000.00000
Dimr [2026-05-18 17:53:39.677749] #2 >> TIME LOOP      3600.00000 --  16588800.00000 --  16452000.00000 --         0.00000 
** INFO   :           0d 10:00:00          1d 14:00:00          0d  0:05:01          0d  0:18:54        456    21.0%    14.22925
Dimr [2026-05-18 17:53:39.679280] #3 >> TIME LOOP    136800.00000 --  16588800.00000 --  16452000.00000
Dimr [2026-05-18 17:53:39.679296] #3 >> TIME LOOP      3600.00000 --  16588800.00000 --  16452000.00000 --         0.00000 
** INFO   :           0d 10:00:00          1d 14:00:00          0d  0:05:01          0d  0:18:54        456    21.0%    14.22925
Dimr [2026-05-18 17:53:39.679556] #1 >> TIME LOOP    136800.00000 --  16588800.00000 --  16452000.00000
Dimr [2026-05-18 17:53:39.679572] #1 >> TIME LOOP      3600.00000 --  16588800.00000 --  16452000.00000 --         0.00000 
** INFO   :           0d 10:00:00          1d 14:00:00          0d  0:05:01          0d  0:18:53        456    21.0%    14.22925
Dimr [2026-05-18 17:53:39.680011] #0 >> TIME LOOP    136800.00000 --  16588800.00000 --  16452000.00000
Dimr [2026-05-18 17:53:39.680027] #0 >> TIME LOOP      3600.00000 --  16588800.00000 --  16452000.00000 --         0.00000 
Dimr [2026-05-18 17:53:39.680039] #3 >> Parallel Child: Current time:  16452000.00000 -- 0
Dimr [2026-05-18 17:53:39.680039] #0 >> Parallel Startgroup: Current time:  16452000.00000 --  16448400.00000
Dimr [2026-05-18 17:53:39.680055] #0 >> 16452000.0:    wave.Update(    3600.0)
*****************************************************************
*  Start of Delft3D-WAVE ...
Dimr [2026-05-18 17:53:39.680039] #1 >> Parallel Child: Current time:  16452000.00000 -- 0
Dimr [2026-05-18 17:53:39.680039] #2 >> Parallel Child: Current time:  16452000.00000 -- 0
Dimr [2026-05-18 17:53:39.680040] #4 >> Parallel Child: Current time:  16452000.00000 -- 0
Dimr [2026-05-18 17:53:39.680040] #5 >> Parallel Child: Current time:  16452000.00000 -- 0
Dimr [2026-05-18 17:53:39.680040] #6 >> Parallel Child: Current time:  16452000.00000 -- 0
Dimr [2026-05-18 17:53:39.680040] #7 >> Parallel Child: Current time:  16452000.00000 -- 0
  Start loop over SWAN grids, time =      274200.000 minutes since 20250101.000000
  Allocate input fields
  Allocate and read SWAN depth
  Get flow fields, domain 1 :
  Get flow fields, domain 2 :
  Get flow fields, domain 3 :
  Get flow fields, domain 4 :
  Get flow fields, domain 5 :
  Get flow fields, domain 6 :
  Get flow fields, domain 7 :
  Get flow fields, domain 8 :
  Write SWAN depth file
  Write SWAN velocity file
  Write SWAN wind file
  Write SWAN input
  Using SWAN hotstart file: hot_1_20250710_090000.nc
<<Run SWAN...
>>...Check file swan_sh.log
>>...End of SWAN run
  Allocate output fields
  Read SWAN output
  WARNING: Found negative value(s) for dissip(2) in swanout file;
           value(s) set to zero
  Map WAVE parameters to FLOW grid          1
  Map WAVE parameters to FLOW grid          2
  Map WAVE parameters to FLOW grid          3
  Map WAVE parameters to FLOW grid          4
  Map WAVE parameters to FLOW grid          5
  Map WAVE parameters to FLOW grid          6
  Map WAVE parameters to FLOW grid          7
  Map WAVE parameters to FLOW grid          8
  Deallocate input fields
  Allocate input fields
  Allocate and read SWAN depth
  Get flow fields, domain 1 :
  Get flow fields, domain 2 :
  Get flow fields, domain 3 :
  Get flow fields, domain 4 :
  Get flow fields, domain 5 :
  Get flow fields, domain 6 :
  Get flow fields, domain 7 :
  Get flow fields, domain 8 :
  Write SWAN depth file
  Write SWAN velocity file
  Write SWAN wind file
  Write SWAN input
  Using SWAN hotstart file: hot_2_20250710_090000.nc
<<Run SWAN...
>>...Check file swan_sh.log
>>...End of SWAN run
  Allocate output fields
  Read SWAN output
  WARNING: Found negative value(s) for dissip(2) in swanout file;
           value(s) set to zero
  Map WAVE parameters to FLOW grid          1
  Map WAVE parameters to FLOW grid          2
  Map WAVE parameters to FLOW grid          3
  Map WAVE parameters to FLOW grid          4
  Map WAVE parameters to FLOW grid          5
  Map WAVE parameters to FLOW grid          6
  Map WAVE parameters to FLOW grid          7
  Map WAVE parameters to FLOW grid          8
  Deallocate input fields
  Convert parameters
  Write to com-file
  Convert parameters
  Write to com-file
  Convert parameters
  Write to com-file
  Convert parameters
  Write to com-file
  Convert parameters
  Write to com-file
  Convert parameters
  Write to com-file
  Convert parameters
  Write to com-file
  Convert parameters
  Write to com-file
*  End of Delft3D-WAVE
*****************************************************************
Dimr [2026-05-18 17:53:46.596190] #0 >> Parallel Child: Current time:  16452000.00000 -- 0
Dimr [2026-05-18 17:53:46.596222] #0 >> 16452000.0:    DFlowFM.Update(     3600.00000)
Dimr [2026-05-18 17:53:46.596230] #1 >> 16452000.0:    DFlowFM.Update(     3600.00000)
Dimr [2026-05-18 17:53:46.596232] #2 >> 16452000.0:    DFlowFM.Update(     3600.00000)
Dimr [2026-05-18 17:53:46.596229] #3 >> 16452000.0:    DFlowFM.Update(     3600.00000)
Dimr [2026-05-18 17:53:46.596236] #4 >> 16452000.0:    DFlowFM.Update(     3600.00000)
Dimr [2026-05-18 17:53:46.596238] #5 >> 16452000.0:    DFlowFM.Update(     3600.00000)
Dimr [2026-05-18 17:53:46.596236] #6 >> 16452000.0:    DFlowFM.Update(     3600.00000)
Dimr [2026-05-18 17:53:46.596236] #7 >> 16452000.0:    DFlowFM.Update(     3600.00000)
** INFO   :  Minimum temperature encountered and limited in           10  cell(s).
** INFO   :  Minimum salinity encountered and limited in           10  cell(s).
** INFO   :  Minimum salinity encountered =   -941.702714286918
** INFO   :  Minimum salinity encountered and limited in           10  cell(s).
** INFO   :  Minimum salinity encountered =   -20.7219101538530
** INFO   :           0d 11:00:00          1d 13:00:00          0d  0:05:28          0d  0:18:14        444    23.1%    12.94964
Dimr [2026-05-18 17:54:12.2258] #6 >> TIME LOOP    133200.00000 --  16588800.00000 --  16455600.00000
Dimr [2026-05-18 17:54:12.2283] #6 >> TIME LOOP      3600.00000 --  16588800.00000 --  16455600.00000 --         0.00000 
** INFO   :           0d 11:00:00          1d 13:00:00          0d  0:05:26          0d  0:18:08        444    23.1%    12.94964
Dimr [2026-05-18 17:54:12.5166] #7 >> TIME LOOP    133200.00000 --  16588800.00000 --  16455600.00000
Dimr [2026-05-18 17:54:12.5182] #7 >> TIME LOOP      3600.00000 --  16588800.00000 --  16455600.00000 --         0.00000 
** INFO   :           0d 11:00:00          1d 13:00:00          0d  0:05:27          0d  0:18:13        444    23.1%    12.94964
Dimr [2026-05-18 17:54:12.5252] #5 >> TIME LOOP    133200.00000 --  16588800.00000 --  16455600.00000
Dimr [2026-05-18 17:54:12.5268] #5 >> TIME LOOP      3600.00000 --  16588800.00000 --  16455600.00000 --         0.00000 
** INFO   :           0d 11:00:00          1d 13:00:00          0d  0:05:28          0d  0:18:13        444    23.1%    12.94964
Dimr [2026-05-18 17:54:12.5448] #4 >> TIME LOOP    133200.00000 --  16588800.00000 --  16455600.00000
Dimr [2026-05-18 17:54:12.5463] #4 >> TIME LOOP      3600.00000 --  16588800.00000 --  16455600.00000 --         0.00000 
** INFO   :           0d 11:00:00          1d 13:00:00          0d  0:05:28          0d  0:18:13        444    23.1%    12.94964
Dimr [2026-05-18 17:54:12.5521] #2 >> TIME LOOP    133200.00000 --  16588800.00000 --  16455600.00000
Dimr [2026-05-18 17:54:12.5548] #2 >> TIME LOOP      3600.00000 --  16588800.00000 --  16455600.00000 --         0.00000 
** INFO   :           0d 11:00:00          1d 13:00:00          0d  0:05:26          0d  0:18:07        444    23.1%    12.94964
Dimr [2026-05-18 17:54:12.7061] #3 >> TIME LOOP    133200.00000 --  16588800.00000 --  16455600.00000
Dimr [2026-05-18 17:54:12.7078] #3 >> TIME LOOP      3600.00000 --  16588800.00000 --  16455600.00000 --         0.00000 
** INFO   :           0d 11:00:00          1d 13:00:00          0d  0:05:26          0d  0:18:07        444    23.1%    12.94964
Dimr [2026-05-18 17:54:12.7213] #1 >> TIME LOOP    133200.00000 --  16588800.00000 --  16455600.00000
Dimr [2026-05-18 17:54:12.7229] #1 >> TIME LOOP      3600.00000 --  16588800.00000 --  16455600.00000 --         0.00000 
** INFO   :           0d 11:00:00          1d 13:00:00          0d  0:05:25          0d  0:18:06        444    23.1%    12.94964
Dimr [2026-05-18 17:54:12.7750] #0 >> TIME LOOP    133200.00000 --  16588800.00000 --  16455600.00000
Dimr [2026-05-18 17:54:12.7766] #0 >> TIME LOOP      3600.00000 --  16588800.00000 --  16455600.00000 --         0.00000 
Dimr [2026-05-18 17:54:12.7777] #0 >> Parallel Startgroup: Current time:  16455600.00000 --  16452000.00000
Dimr [2026-05-18 17:54:12.7789] #0 >> 16455600.0:    wave.Update(    3600.0)
*****************************************************************
*  Start of Delft3D-WAVE ...
  Start loop over SWAN grids, time =      274260.000 minutes since 20250101.000000
  Allocate input fields
Dimr [2026-05-18 17:54:12.7778] #1 >> Parallel Child: Current time:  16455600.00000 -- 0
Dimr [2026-05-18 17:54:12.7778] #2 >> Parallel Child: Current time:  16455600.00000 -- 0
Dimr [2026-05-18 17:54:12.7778] #3 >> Parallel Child: Current time:  16455600.00000 -- 0
Dimr [2026-05-18 17:54:12.7777] #4 >> Parallel Child: Current time:  16455600.00000 -- 0
Dimr [2026-05-18 17:54:12.7777] #5 >> Parallel Child: Current time:  16455600.00000 -- 0
Dimr [2026-05-18 17:54:12.7777] #6 >> Parallel Child: Current time:  16455600.00000 -- 0
Dimr [2026-05-18 17:54:12.7777] #7 >> Parallel Child: Current time:  16455600.00000 -- 0
  Allocate and read SWAN depth
  Get flow fields, domain 1 :
  Get flow fields, domain 2 :
  Get flow fields, domain 3 :
  Get flow fields, domain 4 :
  Get flow fields, domain 5 :
  Get flow fields, domain 6 :
  Get flow fields, domain 7 :
  Get flow fields, domain 8 :
  Write SWAN depth file
  Write SWAN velocity file
  Write SWAN wind file
  Write SWAN input
  Using SWAN hotstart file: hot_1_20250710_100000.nc
<<Run SWAN...
>>...Check file swan_sh.log
>>...End of SWAN run
  Allocate output fields
  Read SWAN output
  WARNING: Found negative value(s) for dissip(2) in swanout file;
           value(s) set to zero
  Map WAVE parameters to FLOW grid          1
  Map WAVE parameters to FLOW grid          2
  Map WAVE parameters to FLOW grid          3
  Map WAVE parameters to FLOW grid          4
  Map WAVE parameters to FLOW grid          5
  Map WAVE parameters to FLOW grid          6
  Map WAVE parameters to FLOW grid          7
  Map WAVE parameters to FLOW grid          8
  Deallocate input fields
  Allocate input fields
  Allocate and read SWAN depth
  Get flow fields, domain 1 :
  Get flow fields, domain 2 :
  Get flow fields, domain 3 :
  Get flow fields, domain 4 :
  Get flow fields, domain 5 :
  Get flow fields, domain 6 :
  Get flow fields, domain 7 :
  Get flow fields, domain 8 :
  Write SWAN depth file
  Write SWAN velocity file
  Write SWAN wind file
  Write SWAN input
  Using SWAN hotstart file: hot_2_20250710_100000.nc
<<Run SWAN...
>>...Check file swan_sh.log
>>...End of SWAN run
  Allocate output fields
  Read SWAN output
  WARNING: Found negative value(s) for dissip(2) in swanout file;
           value(s) set to zero
  Map WAVE parameters to FLOW grid          1
  Map WAVE parameters to FLOW grid          2
  Map WAVE parameters to FLOW grid          3
  Map WAVE parameters to FLOW grid          4
  Map WAVE parameters to FLOW grid          5
  Map WAVE parameters to FLOW grid          6
  Map WAVE parameters to FLOW grid          7
  Map WAVE parameters to FLOW grid          8
  Deallocate input fields
  Convert parameters
  Write to com-file
  Convert parameters
  Write to com-file
  Convert parameters
  Write to com-file
  Convert parameters
  Write to com-file
  Convert parameters
  Write to com-file
  Convert parameters
  Write to com-file
  Convert parameters
  Write to com-file
  Convert parameters
  Write to com-file
*  End of Delft3D-WAVE
*****************************************************************
Dimr [2026-05-18 17:54:18.49819] #0 >> Parallel Child: Current time:  16455600.00000 -- 0
Dimr [2026-05-18 17:54:18.49853] #0 >> 16455600.0:    DFlowFM.Update(     3600.00000)
Dimr [2026-05-18 17:54:18.49861] #1 >> 16455600.0:    DFlowFM.Update(     3600.00000)
Dimr [2026-05-18 17:54:18.49860] #2 >> 16455600.0:    DFlowFM.Update(     3600.00000)
Dimr [2026-05-18 17:54:18.49863] #3 >> 16455600.0:    DFlowFM.Update(     3600.00000)
Dimr [2026-05-18 17:54:18.49869] #4 >> 16455600.0:    DFlowFM.Update(     3600.00000)
Dimr [2026-05-18 17:54:18.49870] #5 >> 16455600.0:    DFlowFM.Update(     3600.00000)
Dimr [2026-05-18 17:54:18.49869] #6 >> 16455600.0:    DFlowFM.Update(     3600.00000)
Dimr [2026-05-18 17:54:18.49869] #7 >> 16455600.0:    DFlowFM.Update(     3600.00000)
** INFO   :  Minimum temperature encountered and limited in           10  cell(s).
** INFO   :  Minimum temperature encountered and limited in           10  cell(s).
** INFO   :  Minimum salinity encountered and limited in           10  cell(s).
** INFO   :  Minimum salinity encountered =   -416.779400484177
** INFO   :  Minimum temperature encountered and limited in           10  cell(s).
** INFO   :  Minimum salinity encountered and limited in           10  cell(s).
** INFO   :  Minimum salinity encountered =   -37.2266951678297
** INFO   :  Minimum temperature encountered and limited in           10  cell(s).
** INFO   :  Minimum salinity encountered and limited in           10  cell(s).
** INFO   :  Minimum salinity encountered =   -6.61991769851829
** INFO   :           0d 12:00:00          1d 12:00:00          0d  0:05:52          0d  0:17:28        432    25.1%    13.38290
Dimr [2026-05-18 17:54:42.676105] #6 >> TIME LOOP    129600.00000 --  16588800.00000 --  16459200.00000
Dimr [2026-05-18 17:54:42.676131] #6 >> TIME LOOP      3600.00000 --  16588800.00000 --  16459200.00000 --         0.00000 
** INFO   :           0d 12:00:00          1d 12:00:00          0d  0:05:50          0d  0:17:22        432    25.1%    13.38290
Dimr [2026-05-18 17:54:42.678755] #7 >> TIME LOOP    129600.00000 --  16588800.00000 --  16459200.00000
Dimr [2026-05-18 17:54:42.678771] #7 >> TIME LOOP      3600.00000 --  16588800.00000 --  16459200.00000 --         0.00000 
** INFO   :           0d 12:00:00          1d 12:00:00          0d  0:05:52          0d  0:17:28        432    25.1%    13.38290
Dimr [2026-05-18 17:54:42.678977] #5 >> TIME LOOP    129600.00000 --  16588800.00000 --  16459200.00000
Dimr [2026-05-18 17:54:42.678992] #5 >> TIME LOOP      3600.00000 --  16588800.00000 --  16459200.00000 --         0.00000 
** INFO   :           0d 12:00:00          1d 12:00:00          0d  0:05:52          0d  0:17:28        432    25.1%    13.38290
Dimr [2026-05-18 17:54:42.679129] #4 >> TIME LOOP    129600.00000 --  16588800.00000 --  16459200.00000
Dimr [2026-05-18 17:54:42.679146] #4 >> TIME LOOP      3600.00000 --  16588800.00000 --  16459200.00000 --         0.00000 
** INFO   :           0d 12:00:00          1d 12:00:00          0d  0:05:52          0d  0:17:28        432    25.1%    13.38290
Dimr [2026-05-18 17:54:42.680016] #2 >> TIME LOOP    129600.00000 --  16588800.00000 --  16459200.00000
Dimr [2026-05-18 17:54:42.680038] #2 >> TIME LOOP      3600.00000 --  16588800.00000 --  16459200.00000 --         0.00000 
** INFO   :           0d 12:00:00          1d 12:00:00          0d  0:05:50          0d  0:17:21        432    25.1%    13.38290
Dimr [2026-05-18 17:54:42.681726] #1 >> TIME LOOP    129600.00000 --  16588800.00000 --  16459200.00000
Dimr [2026-05-18 17:54:42.681744] #1 >> TIME LOOP      3600.00000 --  16588800.00000 --  16459200.00000 --         0.00000 
** INFO   :           0d 12:00:00          1d 12:00:00          0d  0:05:50          0d  0:17:22        432    25.1%    13.38290
Dimr [2026-05-18 17:54:42.681727] #3 >> TIME LOOP    129600.00000 --  16588800.00000 --  16459200.00000
Dimr [2026-05-18 17:54:42.681744] #3 >> TIME LOOP      3600.00000 --  16588800.00000 --  16459200.00000 --         0.00000 
** INFO   :           0d 12:00:00          1d 12:00:00          0d  0:05:49          0d  0:17:21        432    25.1%    13.38290
Dimr [2026-05-18 17:54:42.682265] #0 >> TIME LOOP    129600.00000 --  16588800.00000 --  16459200.00000
Dimr [2026-05-18 17:54:42.682281] #0 >> TIME LOOP      3600.00000 --  16588800.00000 --  16459200.00000 --         0.00000 
Dimr [2026-05-18 17:54:42.682292] #0 >> Parallel Startgroup: Current time:  16459200.00000 --  16455600.00000
Dimr [2026-05-18 17:54:42.682292] #3 >> Parallel Child: Current time:  16459200.00000 -- 0
Dimr [2026-05-18 17:54:42.682303] #0 >> 16459200.0:    wave.Update(    3600.0)
*****************************************************************
*  Start of Delft3D-WAVE ...
Dimr [2026-05-18 17:54:42.682292] #1 >> Parallel Child: Current time:  16459200.00000 -- 0
Dimr [2026-05-18 17:54:42.682292] #2 >> Parallel Child: Current time:  16459200.00000 -- 0
Dimr [2026-05-18 17:54:42.682293] #4 >> Parallel Child: Current time:  16459200.00000 -- 0
Dimr [2026-05-18 17:54:42.682292] #5 >> Parallel Child: Current time:  16459200.00000 -- 0
Dimr [2026-05-18 17:54:42.682292] #6 >> Parallel Child: Current time:  16459200.00000 -- 0
Dimr [2026-05-18 17:54:42.682292] #7 >> Parallel Child: Current time:  16459200.00000 -- 0
  Start loop over SWAN grids, time =      274320.000 minutes since 20250101.000000
  Allocate input fields
  Allocate and read SWAN depth
  Get flow fields, domain 1 :
  Get flow fields, domain 2 :
  Get flow fields, domain 3 :
  Get flow fields, domain 4 :
  Get flow fields, domain 5 :
  Get flow fields, domain 6 :
  Get flow fields, domain 7 :
  Get flow fields, domain 8 :
  Write SWAN depth file
  Write SWAN velocity file
  Write SWAN wind file
  Write SWAN input
  Using SWAN hotstart file: hot_1_20250710_110000.nc
<<Run SWAN...
>>...Check file swan_sh.log
>>...End of SWAN run
  Allocate output fields
  Read SWAN output
  WARNING: Found negative value(s) for dissip(2) in swanout file;
           value(s) set to zero
  Map WAVE parameters to FLOW grid          1
  Map WAVE parameters to FLOW grid          2
  Map WAVE parameters to FLOW grid          3
  Map WAVE parameters to FLOW grid          4
  Map WAVE parameters to FLOW grid          5
  Map WAVE parameters to FLOW grid          6
  Map WAVE parameters to FLOW grid          7
  Map WAVE parameters to FLOW grid          8
  Deallocate input fields
  Allocate input fields
  Allocate and read SWAN depth
  Get flow fields, domain 1 :
  Get flow fields, domain 2 :
  Get flow fields, domain 3 :
  Get flow fields, domain 4 :
  Get flow fields, domain 5 :
  Get flow fields, domain 6 :
  Get flow fields, domain 7 :
  Get flow fields, domain 8 :
  Write SWAN depth file
  Write SWAN velocity file
  Write SWAN wind file
  Write SWAN input
  Using SWAN hotstart file: hot_2_20250710_110000.nc
<<Run SWAN...
>>...Check file swan_sh.log
>>...End of SWAN run
  Allocate output fields
  Read SWAN output
  WARNING: Found negative value(s) for dissip(2) in swanout file;
           value(s) set to zero
  Map WAVE parameters to FLOW grid          1
  Map WAVE parameters to FLOW grid          2
  Map WAVE parameters to FLOW grid          3
  Map WAVE parameters to FLOW grid          4
  Map WAVE parameters to FLOW grid          5
  Map WAVE parameters to FLOW grid          6
  Map WAVE parameters to FLOW grid          7
  Map WAVE parameters to FLOW grid          8
  Deallocate input fields
  Convert parameters
  Write to com-file
  Convert parameters
  Write to com-file
  Convert parameters
  Write to com-file
  Convert parameters
  Write to com-file
  Convert parameters
  Write to com-file
  Convert parameters
  Write to com-file
  Convert parameters
  Write to com-file
  Convert parameters
  Write to com-file
*  End of Delft3D-WAVE
*****************************************************************
Dimr [2026-05-18 17:54:47.850632] #0 >> Parallel Child: Current time:  16459200.00000 -- 0
Dimr [2026-05-18 17:54:47.850664] #0 >> 16459200.0:    DFlowFM.Update(     3600.00000)
Dimr [2026-05-18 17:54:47.850671] #1 >> 16459200.0:    DFlowFM.Update(     3600.00000)
Dimr [2026-05-18 17:54:47.850669] #2 >> 16459200.0:    DFlowFM.Update(     3600.00000)
Dimr [2026-05-18 17:54:47.850670] #3 >> 16459200.0:    DFlowFM.Update(     3600.00000)
Dimr [2026-05-18 17:54:47.850675] #4 >> 16459200.0:    DFlowFM.Update(     3600.00000)
Dimr [2026-05-18 17:54:47.850678] #5 >> 16459200.0:    DFlowFM.Update(     3600.00000)
Dimr [2026-05-18 17:54:47.850674] #6 >> 16459200.0:    DFlowFM.Update(     3600.00000)
Dimr [2026-05-18 17:54:47.850675] #7 >> 16459200.0:    DFlowFM.Update(     3600.00000)
** WARNING: ...
Dimr [2026-05-18 17:54:48.38449] #4 >> kernel: ...
** WARNING: Updating target failed, quantity='uxuyadvectionvelocitybnd', itemId=     254
Dimr [2026-05-18 17:54:48.38486] #4 >> kernel: Updating target failed, quantity='uxuyadvectionvelocitybnd', itemId=     254
** WARNING: Updating source failed, quantity='polytim_item', item=     204, location=
Dimr [2026-05-18 17:54:48.38493] #4 >> kernel: Updating source failed, quantity='polytim_item', item=     204, location=
** WARNING: Updating target failed, quantity='polytim_item', itemId=     204
Dimr [2026-05-18 17:54:48.38500] #4 >> kernel: Updating target failed, quantity='polytim_item', itemId=     204
** WARNING: Updating source failed, quantity='uniform_item', item=     205, location=
Dimr [2026-05-18 17:54:48.38506] #4 >> kernel: Updating source failed, quantity='uniform_item', item=     205, location=
** WARNING: Datablock end (new [forcing] block) has been prematurely reached.
Dimr [2026-05-18 17:54:48.38513] #4 >> kernel: Datablock end (new [forcing] block) has been prematurely reached.
** WARNING:    File: uxuyadvectionvelocitybnd_CMEMS_Stagnone_dxy01_15m.bc, Location: STAGNONE_DXY01_15M_BND1_0001, Quantity: UXUYADVECTIONVELOCITYBND
Dimr [2026-05-18 17:54:48.38521] #4 >> kernel:    File: uxuyadvectionvelocitybnd_CMEMS_Stagnone_dxy01_15m.bc, Location: STAGNONE_DXY01_15M_BND1_0001, Quantity: UXUYADVECTIONVELOCITYBND
** WARNING: Error while updating boundary forcing at time= 16459213.636
Dimr [2026-05-18 17:54:48.38534] #4 >> kernel: Error while updating boundary forcing at time= 16459213.636
** ERROR  :   Error found in EC-module
Abort(201916165) on node 4 (rank 4 in comm 0): Fatal error in PMPI_Abort: Unknown error class, error stack:
PMPI_Abort(152): MPI_Abort(comm=0x0, errorcode=1) failed
PMPI_Abort(89).: Invalid communicator