OMP_NUM_THREADS is already defined
    Configfile       : dimr_config.xml
    D3D_HOME         : /home/ciceromartinsjr/Scaricati/delft3dfm/lnx64/bin/..
    PROC_DEF_DIR     : /home/ciceromartinsjr/Scaricati/delft3dfm/lnx64/bin/../share/delft3d
    Working directory: /home/ciceromartinsjr/StagnoneDT/model/dflowfm_v04AE_d10d12
    Number of nodes  : 1
    Number of slots  : 8
    OMP_NUM_THREADS  : 8
    mpiexec è /opt/intel/oneapi/mpi/2021.10.0//bin/mpiexec
    FI_PROVIDER      : 
    I_MPI_FABRICS    : 

Contents of machinefile:
 
----------------------------------------------------------------------
executing:
 mpiexec -np 8 /home/ciceromartinsjr/Scaricati/delft3dfm/lnx64/bin/../bin/dimr dimr_config.xml 
#1: Running parallel with 8 partitions
Dimr [2026-05-19 15:23:25.817973] #1 >> Deltares, DIMR_EXE Version 2.00.057d2f7ceeafda462a1b4e598efa4ce4f0c97cc5, Oct  2 2025, 17:47:01
#2: Running parallel with 8 partitions
Dimr [2026-05-19 15:23:25.817986] #2 >> Deltares, DIMR_EXE Version 2.00.057d2f7ceeafda462a1b4e598efa4ce4f0c97cc5, Oct  2 2025, 17:47:01
#3: Running parallel with 8 partitions
Dimr [2026-05-19 15:23:25.817973] #3 >> Deltares, DIMR_EXE Version 2.00.057d2f7ceeafda462a1b4e598efa4ce4f0c97cc5, Oct  2 2025, 17:47:01
#4: Running parallel with 8 partitions
Dimr [2026-05-19 15:23:25.817963] #4 >> Deltares, DIMR_EXE Version 2.00.057d2f7ceeafda462a1b4e598efa4ce4f0c97cc5, Oct  2 2025, 17:47:01
#5: Running parallel with 8 partitions
Dimr [2026-05-19 15:23:25.817962] #5 >> Deltares, DIMR_EXE Version 2.00.057d2f7ceeafda462a1b4e598efa4ce4f0c97cc5, Oct  2 2025, 17:47:01
#6: Running parallel with 8 partitions
Dimr [2026-05-19 15:23:25.817964] #6 >> Deltares, DIMR_EXE Version 2.00.057d2f7ceeafda462a1b4e598efa4ce4f0c97cc5, Oct  2 2025, 17:47:01
Dimr [2026-05-19 15:23:25.818179] #1 >> Deltares, DIMR_LIB Version 1.02.057d2f7ceeafda462a1b4e598efa4ce4f0c97cc5, Oct  2 2025, 17:46:35
Dimr [2026-05-19 15:23:25.818179] #2 >> Deltares, DIMR_LIB Version 1.02.057d2f7ceeafda462a1b4e598efa4ce4f0c97cc5, Oct  2 2025, 17:46:35
Dimr [2026-05-19 15:23:25.818184] #3 >> Deltares, DIMR_LIB Version 1.02.057d2f7ceeafda462a1b4e598efa4ce4f0c97cc5, Oct  2 2025, 17:46:35
Dimr [2026-05-19 15:23:25.818183] #5 >> Deltares, DIMR_LIB Version 1.02.057d2f7ceeafda462a1b4e598efa4ce4f0c97cc5, Oct  2 2025, 17:46:35
Dimr [2026-05-19 15:23:25.818183] #6 >> Deltares, DIMR_LIB Version 1.02.057d2f7ceeafda462a1b4e598efa4ce4f0c97cc5, Oct  2 2025, 17:46:35
Dimr [2026-05-19 15:23:25.818203] #4 >> Deltares, DIMR_LIB Version 1.02.057d2f7ceeafda462a1b4e598efa4ce4f0c97cc5, Oct  2 2025, 17:46:35
#7: Running parallel with 8 partitions
Dimr [2026-05-19 15:23:25.818361] #7 >> Deltares, DIMR_EXE Version 2.00.057d2f7ceeafda462a1b4e598efa4ce4f0c97cc5, Oct  2 2025, 17:47:01
Dimr [2026-05-19 15:23:25.818537] #7 >> Deltares, DIMR_LIB Version 1.02.057d2f7ceeafda462a1b4e598efa4ce4f0c97cc5, Oct  2 2025, 17:46:35
#0: Running parallel with 8 partitions
Dimr [2026-05-19 15:23:25.819023] #0 >> Deltares, DIMR_EXE Version 2.00.057d2f7ceeafda462a1b4e598efa4ce4f0c97cc5, Oct  2 2025, 17:47:01
Dimr [2026-05-19 15:23:25.819205] #0 >> Deltares, DIMR_LIB Version 1.02.057d2f7ceeafda462a1b4e598efa4ce4f0c97cc5, Oct  2 2025, 17:46:35
Dimr [2026-05-19 15:23:25.840310] #0 >> 
Dimr [2026-05-19 15:23:25.840330] #0 >> Version Information of Components
Dimr [2026-05-19 15:23:25.840334] #0 >> =================================
Dimr [2026-05-19 15:23:25.840337] #0 >> dflowfm                            : Deltares, D-Flow FM1.2.184.057d2f7ceeafda462a1b4e598efa4ce4f0c97cc5
Dimr [2026-05-19 15:23:25.840537] #0 >> wave                               : 3.08.03.057d2f7ceeafda462a1b4e598efa4ce4f0c97cc5
Dimr [2026-05-19 15:23:25.840542] #0 >> ---------------------------------
Dimr [2026-05-19 15:23:25.840545] #0 >> 
Dimr [2026-05-19 15:23:25.849281] #0 >> DFlowFM.Initialize(Stagnone_dxy01_15m.mdu)
Dimr [2026-05-19 15:23:25.849295] #1 >> DFlowFM.Initialize(Stagnone_dxy01_15m.mdu)
Dimr [2026-05-19 15:23:25.849300] #2 >> DFlowFM.Initialize(Stagnone_dxy01_15m.mdu)
Dimr [2026-05-19 15:23:25.849301] #3 >> DFlowFM.Initialize(Stagnone_dxy01_15m.mdu)
Dimr [2026-05-19 15:23:25.849332] #4 >> DFlowFM.Initialize(Stagnone_dxy01_15m.mdu)
Dimr [2026-05-19 15:23:25.849330] #5 >> DFlowFM.Initialize(Stagnone_dxy01_15m.mdu)
Dimr [2026-05-19 15:23:25.849330] #6 >> DFlowFM.Initialize(Stagnone_dxy01_15m.mdu)
Dimr [2026-05-19 15:23:25.849329] #7 >> DFlowFM.Initialize(Stagnone_dxy01_15m.mdu)
** DEBUG  :            0  0.1000010      NOD(KMAX)
** DEBUG  :            0  0.1000010      NOD(KMAX)
** DEBUG  :            0  0.1000010      NOD(KMAX)
** DEBUG  :            6  0.7000070      XK (KMAX), YK (KMAX), ZK (KMAX), KC (KMAX), NMK (KMAX), RNOD(KMAX)
** DEBUG  :            0  0.1000010      NOD(KMAX)
** DEBUG  :            6  0.7000070      XK (KMAX), YK (KMAX), ZK (KMAX), KC (KMAX), NMK (KMAX), RNOD(KMAX)
** DEBUG  :            6  0.7000070      XK (KMAX), YK (KMAX), ZK (KMAX), KC (KMAX), NMK (KMAX), RNOD(KMAX)
** DEBUG  :            0  0.1000010      NOD(KMAX)
** DEBUG  :            6  0.7000070      XK (KMAX), YK (KMAX), ZK (KMAX), KC (KMAX), NMK (KMAX), RNOD(KMAX)
** DEBUG  :            0  0.1000010      NOD(KMAX)
** DEBUG  :            6  0.7000070      XK (KMAX), YK (KMAX), ZK (KMAX), KC (KMAX), NMK (KMAX), RNOD(KMAX)
** DEBUG  :            6  0.7000070      XK (KMAX), YK (KMAX), ZK (KMAX), KC (KMAX), NMK (KMAX), RNOD(KMAX)
** DEBUG  :            0  0.1000010      NOD(KMAX)
** DEBUG  :            6  0.7000070      XK (KMAX), YK (KMAX), ZK (KMAX), KC (KMAX), NMK (KMAX), RNOD(KMAX)
** DEBUG  :            0  0.1000010      NOD(KMAX)
** DEBUG  :            6  0.7000070      XK (KMAX), YK (KMAX), ZK (KMAX), KC (KMAX), NMK (KMAX), RNOD(KMAX)
 loading model
 loading model
 loading model
 loading model
 loading model
 loading model
 loading model
 loading model
** INFO   : no partitioning polygons file: read subdomain numbering from netfiles
** INFO   : no partitioning polygons file: read subdomain numbering from netfiles
** INFO   : no partitioning polygons file: read subdomain numbering from netfiles
** INFO   : no partitioning polygons file: read subdomain numbering from netfiles
** INFO   : no partitioning polygons file: read subdomain numbering from netfiles
** INFO   : no partitioning polygons file: read subdomain numbering from netfiles
** INFO   : no partitioning polygons file: read subdomain numbering from netfiles
** INFO   : no partitioning polygons file: read subdomain numbering from netfiles
** WARNING: D-WAVES coupling enabled and kmx>0, so layer interface coordinates are needed on com-file. FullGridOutput set to 1.
** WARNING: D-WAVES coupling enabled and kmx>0, so layer interface coordinates are needed on com-file. FullGridOutput set to 1.
Dimr [2026-05-19 15:23:25.883095] #6 >> kernel: D-WAVES coupling enabled and kmx>0, so layer interface coordinates are needed on com-file. FullGridOutput set to 1.
** WARNING:            6  0.7000070      XK (KMAX), YK (KMAX), ZK (KMAX), KC (KMAX), NMK (KMAX), RNOD(KMAX)
Dimr [2026-05-19 15:23:25.883103] #2 >> kernel: D-WAVES coupling enabled and kmx>0, so layer interface coordinates are needed on com-file. FullGridOutput set to 1.
** WARNING:            6  0.7000070      XK (KMAX), YK (KMAX), ZK (KMAX), KC (KMAX), NMK (KMAX), RNOD(KMAX)
Dimr [2026-05-19 15:23:25.883114] #6 >> kernel:            6  0.7000070      XK (KMAX), YK (KMAX), ZK (KMAX), KC (KMAX), NMK (KMAX), RNOD(KMAX)
Dimr [2026-05-19 15:23:25.883125] #2 >> kernel:            6  0.7000070      XK (KMAX), YK (KMAX), ZK (KMAX), KC (KMAX), NMK (KMAX), RNOD(KMAX)
** WARNING: D-WAVES coupling enabled and kmx>0, so layer interface coordinates are needed on com-file. FullGridOutput set to 1.
Dimr [2026-05-19 15:23:25.883187] #7 >> kernel: D-WAVES coupling enabled and kmx>0, so layer interface coordinates are needed on com-file. FullGridOutput set to 1.
** WARNING:            6  0.7000070      XK (KMAX), YK (KMAX), ZK (KMAX), KC (KMAX), NMK (KMAX), RNOD(KMAX)
Dimr [2026-05-19 15:23:25.883206] #7 >> kernel:            6  0.7000070      XK (KMAX), YK (KMAX), ZK (KMAX), KC (KMAX), NMK (KMAX), RNOD(KMAX)
** WARNING: D-WAVES coupling enabled and kmx>0, so layer interface coordinates are needed on com-file. FullGridOutput set to 1.
** WARNING: D-WAVES coupling enabled and kmx>0, so layer interface coordinates are needed on com-file. FullGridOutput set to 1.
Dimr [2026-05-19 15:23:25.883244] #0 >> kernel: D-WAVES coupling enabled and kmx>0, so layer interface coordinates are needed on com-file. FullGridOutput set to 1.
** WARNING:            6  0.7000070      XK (KMAX), YK (KMAX), ZK (KMAX), KC (KMAX), NMK (KMAX), RNOD(KMAX)
Dimr [2026-05-19 15:23:25.883261] #0 >> kernel:            6  0.7000070      XK (KMAX), YK (KMAX), ZK (KMAX), KC (KMAX), NMK (KMAX), RNOD(KMAX)
Dimr [2026-05-19 15:23:25.883230] #3 >> kernel: D-WAVES coupling enabled and kmx>0, so layer interface coordinates are needed on com-file. FullGridOutput set to 1.
** WARNING:            6  0.7000070      XK (KMAX), YK (KMAX), ZK (KMAX), KC (KMAX), NMK (KMAX), RNOD(KMAX)
Dimr [2026-05-19 15:23:25.883250] #3 >> kernel:            6  0.7000070      XK (KMAX), YK (KMAX), ZK (KMAX), KC (KMAX), NMK (KMAX), RNOD(KMAX)
** WARNING: D-WAVES coupling enabled and kmx>0, so layer interface coordinates are needed on com-file. FullGridOutput set to 1.
Dimr [2026-05-19 15:23:25.883316] #5 >> kernel: D-WAVES coupling enabled and kmx>0, so layer interface coordinates are needed on com-file. FullGridOutput set to 1.
** WARNING:            6  0.7000070      XK (KMAX), YK (KMAX), ZK (KMAX), KC (KMAX), NMK (KMAX), RNOD(KMAX)
Dimr [2026-05-19 15:23:25.883332] #5 >> kernel:            6  0.7000070      XK (KMAX), YK (KMAX), ZK (KMAX), KC (KMAX), NMK (KMAX), RNOD(KMAX)
** WARNING: D-WAVES coupling enabled and kmx>0, so layer interface coordinates are needed on com-file. FullGridOutput set to 1.
** WARNING: MDU settings combine a restart file and a smoothing time: Tlfsmo =   3600.00000    . Be aware that you need to adjust TStartTlfsmo to obtain the same results between the original and restart simulations.
Dimr [2026-05-19 15:23:25.883375] #6 >> kernel: MDU settings combine a restart file and a smoothing time: Tlfsmo =   3600.00000    . Be aware that you need to adjust TStartTlfsmo to obtain the same results between the original and restart simulations.
Dimr [2026-05-19 15:23:25.883377] #1 >> kernel: D-WAVES coupling enabled and kmx>0, so layer interface coordinates are needed on com-file. FullGridOutput set to 1.
** WARNING:            6  0.7000070      XK (KMAX), YK (KMAX), ZK (KMAX), KC (KMAX), NMK (KMAX), RNOD(KMAX)
Dimr [2026-05-19 15:23:25.883394] #1 >> kernel:            6  0.7000070      XK (KMAX), YK (KMAX), ZK (KMAX), KC (KMAX), NMK (KMAX), RNOD(KMAX)
** WARNING: MDU settings combine a restart file and a smoothing time: Tlfsmo =   3600.00000    . Be aware that you need to adjust TStartTlfsmo to obtain the same results between the original and restart simulations.
Dimr [2026-05-19 15:23:25.883404] #2 >> kernel: MDU settings combine a restart file and a smoothing time: Tlfsmo =   3600.00000    . Be aware that you need to adjust TStartTlfsmo to obtain the same results between the original and restart simulations.
** WARNING: MDU settings combine a restart file and a smoothing time: Tlfsmo =   3600.00000    . Be aware that you need to adjust TStartTlfsmo to obtain the same results between the original and restart simulations.
Dimr [2026-05-19 15:23:25.883455] #7 >> kernel: MDU settings combine a restart file and a smoothing time: Tlfsmo =   3600.00000    . Be aware that you need to adjust TStartTlfsmo to obtain the same results between the original and restart simulations.
** WARNING: D-WAVES coupling enabled and kmx>0, so layer interface coordinates are needed on com-file. FullGridOutput set to 1.
** WARNING: MDU settings combine a restart file and a smoothing time: Tlfsmo =   3600.00000    . Be aware that you need to adjust TStartTlfsmo to obtain the same results between the original and restart simulations.
Dimr [2026-05-19 15:23:25.883520] #0 >> kernel: MDU settings combine a restart file and a smoothing time: Tlfsmo =   3600.00000    . Be aware that you need to adjust TStartTlfsmo to obtain the same results between the original and restart simulations.
** WARNING: MDU settings combine a restart file and a smoothing time: Tlfsmo =   3600.00000    . Be aware that you need to adjust TStartTlfsmo to obtain the same results between the original and restart simulations.
Dimr [2026-05-19 15:23:25.883527] #3 >> kernel: MDU settings combine a restart file and a smoothing time: Tlfsmo =   3600.00000    . Be aware that you need to adjust TStartTlfsmo to obtain the same results between the original and restart simulations.
Dimr [2026-05-19 15:23:25.883515] #4 >> kernel: D-WAVES coupling enabled and kmx>0, so layer interface coordinates are needed on com-file. FullGridOutput set to 1.
** WARNING:            6  0.7000070      XK (KMAX), YK (KMAX), ZK (KMAX), KC (KMAX), NMK (KMAX), RNOD(KMAX)
Dimr [2026-05-19 15:23:25.883535] #4 >> kernel:            6  0.7000070      XK (KMAX), YK (KMAX), ZK (KMAX), KC (KMAX), NMK (KMAX), RNOD(KMAX)
** WARNING: MDU settings combine a restart file and a smoothing time: Tlfsmo =   3600.00000    . Be aware that you need to adjust TStartTlfsmo to obtain the same results between the original and restart simulations.
Dimr [2026-05-19 15:23:25.883577] #5 >> kernel: MDU settings combine a restart file and a smoothing time: Tlfsmo =   3600.00000    . Be aware that you need to adjust TStartTlfsmo to obtain the same results between the original and restart simulations.
** WARNING: MDU settings combine a restart file and a smoothing time: Tlfsmo =   3600.00000    . Be aware that you need to adjust TStartTlfsmo to obtain the same results between the original and restart simulations.
Dimr [2026-05-19 15:23:25.883641] #1 >> kernel: MDU settings combine a restart file and a smoothing time: Tlfsmo =   3600.00000    . Be aware that you need to adjust TStartTlfsmo to obtain the same results between the original and restart simulations.
** WARNING: MDU settings combine a restart file and a smoothing time: Tlfsmo =   3600.00000    . Be aware that you need to adjust TStartTlfsmo to obtain the same results between the original and restart simulations.
Dimr [2026-05-19 15:23:25.883800] #4 >> kernel: MDU settings combine a restart file and a smoothing time: Tlfsmo =   3600.00000    . Be aware that you need to adjust TStartTlfsmo to obtain the same results between the original and restart simulations.
** WARNING: While reading 'Stagnone_dxy01_15m_0006.mdu': keyword [numerics] qhrelax=0.01 was in file, but not used. Check possible typo.
Dimr [2026-05-19 15:23:25.883873] #6 >> kernel: While reading 'Stagnone_dxy01_15m_0006.mdu': keyword [numerics] qhrelax=0.01 was in file, but not used. Check possible typo.
** WARNING: While reading 'Stagnone_dxy01_15m_0007.mdu': keyword [numerics] qhrelax=0.01 was in file, but not used. Check possible typo.
Dimr [2026-05-19 15:23:25.883946] #7 >> kernel: While reading 'Stagnone_dxy01_15m_0007.mdu': keyword [numerics] qhrelax=0.01 was in file, but not used. Check possible typo.
** WARNING: While reading 'Stagnone_dxy01_15m_0002.mdu': keyword [numerics] qhrelax=0.01 was in file, but not used. Check possible typo.
Dimr [2026-05-19 15:23:25.883978] #2 >> kernel: While reading 'Stagnone_dxy01_15m_0002.mdu': keyword [numerics] qhrelax=0.01 was in file, but not used. Check possible typo.
** WARNING: While reading 'Stagnone_dxy01_15m_0000.mdu': keyword [numerics] qhrelax=0.01 was in file, but not used. Check possible typo.
** WARNING: While reading 'Stagnone_dxy01_15m_0003.mdu': keyword [numerics] qhrelax=0.01 was in file, but not used. Check possible typo.
Dimr [2026-05-19 15:23:25.884068] #3 >> kernel: While reading 'Stagnone_dxy01_15m_0003.mdu': keyword [numerics] qhrelax=0.01 was in file, but not used. Check possible typo.
** WARNING: While reading 'Stagnone_dxy01_15m_0005.mdu': keyword [numerics] qhrelax=0.01 was in file, but not used. Check possible typo.
Dimr [2026-05-19 15:23:25.884065] #5 >> kernel: While reading 'Stagnone_dxy01_15m_0005.mdu': keyword [numerics] qhrelax=0.01 was in file, but not used. Check possible typo.
Dimr [2026-05-19 15:23:25.884067] #0 >> kernel: While reading 'Stagnone_dxy01_15m_0000.mdu': keyword [numerics] qhrelax=0.01 was in file, but not used. Check possible typo.
** WARNING: While reading 'Stagnone_dxy01_15m_0001.mdu': keyword [numerics] qhrelax=0.01 was in file, but not used. Check possible typo.
Dimr [2026-05-19 15:23:25.884202] #1 >> kernel: While reading 'Stagnone_dxy01_15m_0001.mdu': keyword [numerics] qhrelax=0.01 was in file, but not used. Check possible typo.
** WARNING: While reading 'Stagnone_dxy01_15m_0006.mdu': keyword [wind] windspeedbreakpoints=0.0 100.0 was in file, but not used. Check possible typo.
Dimr [2026-05-19 15:23:25.884298] #6 >> kernel: While reading 'Stagnone_dxy01_15m_0006.mdu': keyword [wind] windspeedbreakpoints=0.0 100.0 was in file, but not used. Check possible typo.
** WARNING: While reading 'Stagnone_dxy01_15m_0004.mdu': keyword [numerics] qhrelax=0.01 was in file, but not used. Check possible typo.
Dimr [2026-05-19 15:23:25.884337] #4 >> kernel: While reading 'Stagnone_dxy01_15m_0004.mdu': keyword [numerics] qhrelax=0.01 was in file, but not used. Check possible typo.
** WARNING: While reading 'Stagnone_dxy01_15m_0007.mdu': keyword [wind] windspeedbreakpoints=0.0 100.0 was in file, but not used. Check possible typo.
Dimr [2026-05-19 15:23:25.884361] #7 >> kernel: While reading 'Stagnone_dxy01_15m_0007.mdu': keyword [wind] windspeedbreakpoints=0.0 100.0 was in file, but not used. Check possible typo.
** WARNING: While reading 'Stagnone_dxy01_15m_0006.mdu': keyword [output] wrishp_enc=0 was in file, but not used. Check possible typo.
Dimr [2026-05-19 15:23:25.884429] #6 >> kernel: While reading 'Stagnone_dxy01_15m_0006.mdu': keyword [output] wrishp_enc=0 was in file, but not used. Check possible typo.
** WARNING: While reading 'Stagnone_dxy01_15m_0002.mdu': keyword [wind] windspeedbreakpoints=0.0 100.0 was in file, but not used. Check possible typo.
Dimr [2026-05-19 15:23:25.884469] #2 >> kernel: While reading 'Stagnone_dxy01_15m_0002.mdu': keyword [wind] windspeedbreakpoints=0.0 100.0 was in file, but not used. Check possible typo.
** WARNING: While reading 'Stagnone_dxy01_15m_0007.mdu': keyword [output] wrishp_enc=0 was in file, but not used. Check possible typo.
Dimr [2026-05-19 15:23:25.884498] #7 >> kernel: While reading 'Stagnone_dxy01_15m_0007.mdu': keyword [output] wrishp_enc=0 was in file, but not used. Check possible typo.
** WARNING: While reading 'Stagnone_dxy01_15m_0005.mdu': keyword [wind] windspeedbreakpoints=0.0 100.0 was in file, but not used. Check possible typo.
Dimr [2026-05-19 15:23:25.884507] #5 >> kernel: While reading 'Stagnone_dxy01_15m_0005.mdu': keyword [wind] windspeedbreakpoints=0.0 100.0 was in file, but not used. Check possible typo.
** WARNING: While reading 'Stagnone_dxy01_15m_0000.mdu': keyword [wind] windspeedbreakpoints=0.0 100.0 was in file, but not used. Check possible typo.
** WARNING: While reading 'Stagnone_dxy01_15m_0003.mdu': keyword [wind] windspeedbreakpoints=0.0 100.0 was in file, but not used. Check possible typo.
Dimr [2026-05-19 15:23:25.884530] #3 >> kernel: While reading 'Stagnone_dxy01_15m_0003.mdu': keyword [wind] windspeedbreakpoints=0.0 100.0 was in file, but not used. Check possible typo.
Dimr [2026-05-19 15:23:25.884535] #0 >> kernel: While reading 'Stagnone_dxy01_15m_0000.mdu': keyword [wind] windspeedbreakpoints=0.0 100.0 was in file, but not used. Check possible typo.
** WARNING: While reading 'Stagnone_dxy01_15m_0002.mdu': keyword [output] wrishp_enc=0 was in file, but not used. Check possible typo.
Dimr [2026-05-19 15:23:25.884595] #2 >> kernel: While reading 'Stagnone_dxy01_15m_0002.mdu': keyword [output] wrishp_enc=0 was in file, but not used. Check possible typo.
** WARNING: While reading 'Stagnone_dxy01_15m_0005.mdu': keyword [output] wrishp_enc=0 was in file, but not used. Check possible typo.
Dimr [2026-05-19 15:23:25.884628] #5 >> kernel: While reading 'Stagnone_dxy01_15m_0005.mdu': keyword [output] wrishp_enc=0 was in file, but not used. Check possible typo.
** WARNING: While reading 'Stagnone_dxy01_15m_0003.mdu': keyword [output] wrishp_enc=0 was in file, but not used. Check possible typo.
** WARNING: While reading 'Stagnone_dxy01_15m_0006.mdu': keyword [output] waterlevelclasses=0.0 was in file, but not used. Check possible typo.
Dimr [2026-05-19 15:23:25.884639] #6 >> kernel: While reading 'Stagnone_dxy01_15m_0006.mdu': keyword [output] waterlevelclasses=0.0 was in file, but not used. Check possible typo.
** WARNING: While reading 'Stagnone_dxy01_15m_0006.mdu': keyword [output] waterdepthclasses=0.0 was in file, but not used. Check possible typo.
Dimr [2026-05-19 15:23:25.884649] #6 >> kernel: While reading 'Stagnone_dxy01_15m_0006.mdu': keyword [output] waterdepthclasses=0.0 was in file, but not used. Check possible typo.
** WARNING: While reading 'Stagnone_dxy01_15m_0000.mdu': keyword [output] wrishp_enc=0 was in file, but not used. Check possible typo.
Dimr [2026-05-19 15:23:25.884656] #0 >> kernel: While reading 'Stagnone_dxy01_15m_0000.mdu': keyword [output] wrishp_enc=0 was in file, but not used. Check possible typo.
Dimr [2026-05-19 15:23:25.884650] #3 >> kernel: While reading 'Stagnone_dxy01_15m_0003.mdu': keyword [output] wrishp_enc=0 was in file, but not used. Check possible typo.
** WARNING: While reading 'Stagnone_dxy01_15m_0001.mdu': keyword [wind] windspeedbreakpoints=0.0 100.0 was in file, but not used. Check possible typo.
Dimr [2026-05-19 15:23:25.884669] #1 >> kernel: While reading 'Stagnone_dxy01_15m_0001.mdu': keyword [wind] windspeedbreakpoints=0.0 100.0 was in file, but not used. Check possible typo.
** WARNING: While reading 'Stagnone_dxy01_15m_0006.mdu': keyword [output] velocitydirectionclassesinterv=0.0 was in file, but not used. Check possible typo.
** WARNING: While reading 'Stagnone_dxy01_15m_0007.mdu': keyword [output] waterlevelclasses=0.0 was in file, but not used. Check possible typo.
Dimr [2026-05-19 15:23:25.884714] #7 >> kernel: While reading 'Stagnone_dxy01_15m_0007.mdu': keyword [output] waterlevelclasses=0.0 was in file, but not used. Check possible typo.
Dimr [2026-05-19 15:23:25.884712] #6 >> kernel: While reading 'Stagnone_dxy01_15m_0006.mdu': keyword [output] velocitydirectionclassesinterv=0.0 was in file, but not used. Check possible typo.
** WARNING: While reading 'Stagnone_dxy01_15m_0006.mdu': keyword [output] velocitymagnitudeclasses=0.0 was in file, but not used. Check possible typo.
Dimr [2026-05-19 15:23:25.884728] #6 >> kernel: While reading 'Stagnone_dxy01_15m_0006.mdu': keyword [output] velocitymagnitudeclasses=0.0 was in file, but not used. Check possible typo.
** WARNING: While reading 'Stagnone_dxy01_15m_0007.mdu': keyword [output] waterdepthclasses=0.0 was in file, but not used. Check possible typo.
Dimr [2026-05-19 15:23:25.884733] #7 >> kernel: While reading 'Stagnone_dxy01_15m_0007.mdu': keyword [output] waterdepthclasses=0.0 was in file, but not used. Check possible typo.
** WARNING: While reading 'Stagnone_dxy01_15m_0001.mdu': keyword [output] wrishp_enc=0 was in file, but not used. Check possible typo.
Dimr [2026-05-19 15:23:25.884800] #1 >> kernel: While reading 'Stagnone_dxy01_15m_0001.mdu': keyword [output] wrishp_enc=0 was in file, but not used. Check possible typo.
** WARNING: While reading 'Stagnone_dxy01_15m_0007.mdu': keyword [output] velocitydirectionclassesinterv=0.0 was in file, but not used. Check possible typo.
Dimr [2026-05-19 15:23:25.884798] #7 >> kernel: While reading 'Stagnone_dxy01_15m_0007.mdu': keyword [output] velocitydirectionclassesinterv=0.0 was in file, but not used. Check possible typo.
** WARNING: While reading 'Stagnone_dxy01_15m_0007.mdu': keyword [output] velocitymagnitudeclasses=0.0 was in file, but not used. Check possible typo.
Dimr [2026-05-19 15:23:25.884808] #7 >> kernel: While reading 'Stagnone_dxy01_15m_0007.mdu': keyword [output] velocitymagnitudeclasses=0.0 was in file, but not used. Check possible typo.
** WARNING: While reading 'Stagnone_dxy01_15m_0002.mdu': keyword [output] waterlevelclasses=0.0 was in file, but not used. Check possible typo.
Dimr [2026-05-19 15:23:25.884819] #2 >> kernel: While reading 'Stagnone_dxy01_15m_0002.mdu': keyword [output] waterlevelclasses=0.0 was in file, but not used. Check possible typo.
** WARNING: While reading 'Stagnone_dxy01_15m_0002.mdu': keyword [output] waterdepthclasses=0.0 was in file, but not used. Check possible typo.
Dimr [2026-05-19 15:23:25.884831] #2 >> kernel: While reading 'Stagnone_dxy01_15m_0002.mdu': keyword [output] waterdepthclasses=0.0 was in file, but not used. Check possible typo.
** WARNING: While reading 'Stagnone_dxy01_15m_0005.mdu': keyword [output] waterlevelclasses=0.0 was in file, but not used. Check possible typo.
Dimr [2026-05-19 15:23:25.884847] #5 >> kernel: While reading 'Stagnone_dxy01_15m_0005.mdu': keyword [output] waterlevelclasses=0.0 was in file, but not used. Check possible typo.
** WARNING: While reading 'Stagnone_dxy01_15m_0005.mdu': keyword [output] waterdepthclasses=0.0 was in file, but not used. Check possible typo.
Dimr [2026-05-19 15:23:25.884858] #5 >> kernel: While reading 'Stagnone_dxy01_15m_0005.mdu': keyword [output] waterdepthclasses=0.0 was in file, but not used. Check possible typo.
** WARNING: While reading 'Stagnone_dxy01_15m_0003.mdu': keyword [output] waterlevelclasses=0.0 was in file, but not used. Check possible typo.
Dimr [2026-05-19 15:23:25.884870] #3 >> kernel: While reading 'Stagnone_dxy01_15m_0003.mdu': keyword [output] waterlevelclasses=0.0 was in file, but not used. Check possible typo.
** WARNING: While reading 'Stagnone_dxy01_15m_0003.mdu': keyword [output] waterdepthclasses=0.0 was in file, but not used. Check possible typo.
** WARNING: While reading 'Stagnone_dxy01_15m_0000.mdu': keyword [output] waterlevelclasses=0.0 was in file, but not used. Check possible typo.
Dimr [2026-05-19 15:23:25.884887] #0 >> kernel: While reading 'Stagnone_dxy01_15m_0000.mdu': keyword [output] waterlevelclasses=0.0 was in file, but not used. Check possible typo.
** WARNING: While reading 'Stagnone_dxy01_15m_0002.mdu': keyword [output] velocitydirectionclassesinterv=0.0 was in file, but not used. Check possible typo.
Dimr [2026-05-19 15:23:25.884895] #2 >> kernel: While reading 'Stagnone_dxy01_15m_0002.mdu': keyword [output] velocitydirectionclassesinterv=0.0 was in file, but not used. Check possible typo.
** WARNING: While reading 'Stagnone_dxy01_15m_0002.mdu': keyword [output] velocitymagnitudeclasses=0.0 was in file, but not used. Check possible typo.
Dimr [2026-05-19 15:23:25.884905] #2 >> kernel: While reading 'Stagnone_dxy01_15m_0002.mdu': keyword [output] velocitymagnitudeclasses=0.0 was in file, but not used. Check possible typo.
Dimr [2026-05-19 15:23:25.884881] #3 >> kernel: While reading 'Stagnone_dxy01_15m_0003.mdu': keyword [output] waterdepthclasses=0.0 was in file, but not used. Check possible typo.
** WARNING: While reading 'Stagnone_dxy01_15m_0004.mdu': keyword [wind] windspeedbreakpoints=0.0 100.0 was in file, but not used. Check possible typo.
Dimr [2026-05-19 15:23:25.884887] #4 >> kernel: While reading 'Stagnone_dxy01_15m_0004.mdu': keyword [wind] windspeedbreakpoints=0.0 100.0 was in file, but not used. Check possible typo.
** WARNING: While reading 'Stagnone_dxy01_15m_0000.mdu': keyword [output] waterdepthclasses=0.0 was in file, but not used. Check possible typo.
Dimr [2026-05-19 15:23:25.884916] #0 >> kernel: While reading 'Stagnone_dxy01_15m_0000.mdu': keyword [output] waterdepthclasses=0.0 was in file, but not used. Check possible typo.
** WARNING: While reading 'Stagnone_dxy01_15m_0005.mdu': keyword [output] velocitydirectionclassesinterv=0.0 was in file, but not used. Check possible typo.
Dimr [2026-05-19 15:23:25.884921] #5 >> kernel: While reading 'Stagnone_dxy01_15m_0005.mdu': keyword [output] velocitydirectionclassesinterv=0.0 was in file, but not used. Check possible typo.
** WARNING: While reading 'Stagnone_dxy01_15m_0005.mdu': keyword [output] velocitymagnitudeclasses=0.0 was in file, but not used. Check possible typo.
Dimr [2026-05-19 15:23:25.884931] #5 >> kernel: While reading 'Stagnone_dxy01_15m_0005.mdu': keyword [output] velocitymagnitudeclasses=0.0 was in file, but not used. Check possible typo.
** WARNING: While reading 'Stagnone_dxy01_15m_0003.mdu': keyword [output] velocitydirectionclassesinterv=0.0 was in file, but not used. Check possible typo.
Dimr [2026-05-19 15:23:25.884944] #3 >> kernel: While reading 'Stagnone_dxy01_15m_0003.mdu': keyword [output] velocitydirectionclassesinterv=0.0 was in file, but not used. Check possible typo.
** WARNING: While reading 'Stagnone_dxy01_15m_0003.mdu': keyword [output] velocitymagnitudeclasses=0.0 was in file, but not used. Check possible typo.
Dimr [2026-05-19 15:23:25.884954] #3 >> kernel: While reading 'Stagnone_dxy01_15m_0003.mdu': keyword [output] velocitymagnitudeclasses=0.0 was in file, but not used. Check possible typo.
** WARNING: While reading 'Stagnone_dxy01_15m_0000.mdu': keyword [output] velocitydirectionclassesinterv=0.0 was in file, but not used. Check possible typo.
Dimr [2026-05-19 15:23:25.884979] #0 >> kernel: While reading 'Stagnone_dxy01_15m_0000.mdu': keyword [output] velocitydirectionclassesinterv=0.0 was in file, but not used. Check possible typo.
** WARNING: While reading 'Stagnone_dxy01_15m_0000.mdu': keyword [output] velocitymagnitudeclasses=0.0 was in file, but not used. Check possible typo.
Dimr [2026-05-19 15:23:25.884990] #0 >> kernel: While reading 'Stagnone_dxy01_15m_0000.mdu': keyword [output] velocitymagnitudeclasses=0.0 was in file, but not used. Check possible typo.
** WARNING: While reading 'Stagnone_dxy01_15m_0004.mdu': keyword [output] wrishp_enc=0 was in file, but not used. Check possible typo.
Dimr [2026-05-19 15:23:25.885012] #4 >> kernel: While reading 'Stagnone_dxy01_15m_0004.mdu': keyword [output] wrishp_enc=0 was in file, but not used. Check possible typo.
** WARNING: While reading 'Stagnone_dxy01_15m_0001.mdu': keyword [output] waterlevelclasses=0.0 was in file, but not used. Check possible typo.
Dimr [2026-05-19 15:23:25.885038] #1 >> kernel: While reading 'Stagnone_dxy01_15m_0001.mdu': keyword [output] waterlevelclasses=0.0 was in file, but not used. Check possible typo.
** WARNING: While reading 'Stagnone_dxy01_15m_0001.mdu': keyword [output] waterdepthclasses=0.0 was in file, but not used. Check possible typo.
Dimr [2026-05-19 15:23:25.885049] #1 >> kernel: While reading 'Stagnone_dxy01_15m_0001.mdu': keyword [output] waterdepthclasses=0.0 was in file, but not used. Check possible typo.
** WARNING: While reading 'Stagnone_dxy01_15m_0001.mdu': keyword [output] velocitydirectionclassesinterv=0.0 was in file, but not used. Check possible typo.
Dimr [2026-05-19 15:23:25.885113] #1 >> kernel: While reading 'Stagnone_dxy01_15m_0001.mdu': keyword [output] velocitydirectionclassesinterv=0.0 was in file, but not used. Check possible typo.
** WARNING: While reading 'Stagnone_dxy01_15m_0001.mdu': keyword [output] velocitymagnitudeclasses=0.0 was in file, but not used. Check possible typo.
Dimr [2026-05-19 15:23:25.885123] #1 >> kernel: While reading 'Stagnone_dxy01_15m_0001.mdu': keyword [output] velocitymagnitudeclasses=0.0 was in file, but not used. Check possible typo.
** WARNING: While reading 'Stagnone_dxy01_15m_0004.mdu': keyword [output] waterlevelclasses=0.0 was in file, but not used. Check possible typo.
Dimr [2026-05-19 15:23:25.885231] #4 >> kernel: While reading 'Stagnone_dxy01_15m_0004.mdu': keyword [output] waterlevelclasses=0.0 was in file, but not used. Check possible typo.
** WARNING: While reading 'Stagnone_dxy01_15m_0004.mdu': keyword [output] waterdepthclasses=0.0 was in file, but not used. Check possible typo.
Dimr [2026-05-19 15:23:25.885247] #4 >> kernel: While reading 'Stagnone_dxy01_15m_0004.mdu': keyword [output] waterdepthclasses=0.0 was in file, but not used. Check possible typo.
** WARNING: While reading 'Stagnone_dxy01_15m_0004.mdu': keyword [output] velocitydirectionclassesinterv=0.0 was in file, but not used. Check possible typo.
Dimr [2026-05-19 15:23:25.885320] #4 >> kernel: While reading 'Stagnone_dxy01_15m_0004.mdu': keyword [output] velocitydirectionclassesinterv=0.0 was in file, but not used. Check possible typo.
** WARNING: While reading 'Stagnone_dxy01_15m_0004.mdu': keyword [output] velocitymagnitudeclasses=0.0 was in file, but not used. Check possible typo.
Dimr [2026-05-19 15:23:25.885336] #4 >> kernel: While reading 'Stagnone_dxy01_15m_0004.mdu': keyword [output] velocitymagnitudeclasses=0.0 was in file, but not used. Check possible typo.
** INFO   : Reading cache file: Stagnone_dxy01_15m_0006.cache
** INFO   : No cache file available initially. Proceeding with normal initialization.
** INFO   : Reading cache file: Stagnone_dxy01_15m_0007.cache
** INFO   : Reading cache file: Stagnone_dxy01_15m_0002.cache
** INFO   : No cache file available initially. Proceeding with normal initialization.
** INFO   : No cache file available initially. Proceeding with normal initialization.
** INFO   : Reading cache file: Stagnone_dxy01_15m_0005.cache
** INFO   : No cache file available initially. Proceeding with normal initialization.
** INFO   : Reading cache file: Stagnone_dxy01_15m_0003.cache
** INFO   : No cache file available initially. Proceeding with normal initialization.
** INFO   : Reading cache file: Stagnone_dxy01_15m_0000.cache
** INFO   : Reading cache file: Stagnone_dxy01_15m_0001.cache
** INFO   : No cache file available initially. Proceeding with normal initialization.
** INFO   : No cache file available initially. Proceeding with normal initialization.
** INFO   : Reading cache file: Stagnone_dxy01_15m_0004.cache
** INFO   : No cache file available initially. Proceeding with normal initialization.
ug_get_meshgeom, #12, ierr=0
ug_get_meshgeom, #12, ierr=0
ug_get_meshgeom, #12, ierr=0
ug_get_meshgeom, #12, ierr=0
ug_get_meshgeom, #12, ierr=0
ug_get_meshgeom, #12, ierr=0
ug_get_meshgeom, #12, ierr=0
ug_get_meshgeom, #12, ierr=0
** INFO   : Opened file : sicily2.ldb
** INFO   : Opened file : sicily2.ldb
** INFO   : Opened file : sicily2.ldb
** INFO   : Opened file : sicily2.ldb
** INFO   : Opened file : sicily2.ldb
** INFO   : Opened file : sicily2.ldb
** INFO   : Opened file : sicily2.ldb
** INFO   : Opened file : sicily2.ldb
** INFO   : Closed file : sicily2.ldb
** INFO   : Opened file : Stagnone_dxy01_15m.ldb
** INFO   : Closed file : Stagnone_dxy01_15m.ldb
** INFO   : Opened file : Stagnone_dxy01_15m_obs.xyn
** INFO   : Closed file : Stagnone_dxy01_15m_obs.xyn
** INFO   : Closed file : sicily2.ldb
** INFO   : Opened file : Stagnone_dxy01_15m.ldb
** INFO   : Closed file : Stagnone_dxy01_15m.ldb
** INFO   : Opened file : Stagnone_dxy01_15m_obs.xyn
** INFO   : Closed file : Stagnone_dxy01_15m_obs.xyn
 model loaded
 model loaded
** INFO   : Closed file : sicily2.ldb
** INFO   : Opened file : Stagnone_dxy01_15m.ldb
** INFO   : Closed file : Stagnone_dxy01_15m.ldb
** INFO   : Opened file : Stagnone_dxy01_15m_obs.xyn
** INFO   : Closed file : Stagnone_dxy01_15m_obs.xyn
** INFO   : Closed file : sicily2.ldb
** INFO   : Opened file : Stagnone_dxy01_15m.ldb
** INFO   : Closed file : Stagnone_dxy01_15m.ldb
 model loaded
** INFO   : Opened file : Stagnone_dxy01_15m_obs.xyn
** INFO   : Closed file : Stagnone_dxy01_15m_obs.xyn
 model loaded
** INFO   : Closed file : sicily2.ldb
** INFO   : Opened file : Stagnone_dxy01_15m.ldb
** INFO   : Closed file : Stagnone_dxy01_15m.ldb
** INFO   : Opened file : Stagnone_dxy01_15m_obs.xyn
** INFO   : Closed file : Stagnone_dxy01_15m_obs.xyn
** INFO   : Closed file : sicily2.ldb
** INFO   : Opened file : Stagnone_dxy01_15m.ldb
 model loaded
** INFO   : Closed file : Stagnone_dxy01_15m.ldb
** INFO   : Opened file : Stagnone_dxy01_15m_obs.xyn
** INFO   : Closed file : Stagnone_dxy01_15m_obs.xyn
 model loaded
** INFO   : Closed file : sicily2.ldb
** INFO   : Opened file : Stagnone_dxy01_15m.ldb
** INFO   : Closed file : Stagnone_dxy01_15m.ldb
** INFO   : Opened file : Stagnone_dxy01_15m_obs.xyn
** INFO   : Closed file : Stagnone_dxy01_15m_obs.xyn
 model loaded
** INFO   : Closed file : sicily2.ldb
** INFO   : Opened file : Stagnone_dxy01_15m.ldb
** INFO   : Closed file : Stagnone_dxy01_15m.ldb
** INFO   : Opened file : Stagnone_dxy01_15m_obs.xyn
** INFO   : Closed file : Stagnone_dxy01_15m_obs.xyn
 model loaded
 Initializing flow: flow_modelinit
 Initializing flow: flow_modelinit
** INFO   : Initializing flow model geometry...
 Initializing flow: flow_modelinit
** INFO   : Initializing flow model geometry...
 Initializing flow: flow_modelinit
** INFO   : Initializing flow model geometry...
 Initializing flow: flow_modelinit
** INFO   : Initializing flow model geometry...
 Initializing flow: flow_modelinit
** INFO   : Initializing flow model geometry...
 Initializing flow: flow_modelinit
** INFO   : Initializing flow model geometry...
 Initializing flow: flow_modelinit
** INFO   : Initializing flow model geometry...
** INFO   : Initializing flow model geometry...
** INFO   : removing dry cells...
** INFO   : Opened file : illegalcells_dry.pol
** INFO   : removing dry cells...
** INFO   : Opened file : illegalcells_dry.pol
** INFO   : removing dry cells...
** INFO   : Opened file : illegalcells_dry.pol
** INFO   : removing dry cells...
** INFO   : Opened file : illegalcells_dry.pol
** INFO   : removing dry cells...
** INFO   : Opened file : illegalcells_dry.pol
** INFO   : removing dry cells...
** INFO   : Opened file : illegalcells_dry.pol
** INFO   : removing dry cells...
** INFO   : Opened file : illegalcells_dry.pol
** INFO   : removing dry cells...
** INFO   : Opened file : illegalcells_dry.pol
** INFO   : Closed file : illegalcells_dry.pol
** INFO   : fixing global polygon...
** INFO   : Closed file : illegalcells_dry.pol
** INFO   : fixing global polygon...
** INFO   : Closed file : illegalcells_dry.pol
** INFO   : fixing global polygon...
** INFO   : Closed file : illegalcells_dry.pol
** INFO   : fixing global polygon...
** INFO   : Closed file : illegalcells_dry.pol
** INFO   : fixing global polygon...
** INFO   : done
** INFO   : done
** INFO   : done
** INFO   : done
** INFO   : done
** INFO   : Closed file : illegalcells_dry.pol
** INFO   : fixing global polygon...
** INFO   : Closed file : illegalcells_dry.pol
** INFO   : fixing global polygon...
** INFO   : Closed file : illegalcells_dry.pol
** INFO   : fixing global polygon...
** INFO   : done in      0.00100 sec.
** INFO   : done in      0.00100 sec.
** INFO   : done in      0.00100 sec.
** INFO   : done in      0.00100 sec.
** INFO   : done in      0.00100 sec.
** INFO   : done
** INFO   : done
** INFO   : done
** INFO   : done in      0.00100 sec.
** INFO   : done in      0.00100 sec.
** INFO   : done in      0.00100 sec.
** INFO   : Opened file : Stagnone_dxy01_15m_old.ext
** INFO   : Opened file : Stagnone_dxy01_15m_old.ext
** INFO   : Opened file : Stagnone_dxy01_15m_old.ext
** INFO   : Opened file : Stagnone_dxy01_15m_old.ext
** INFO   : Opened file : Stagnone_dxy01_15m_old.ext
** INFO   : Opened file : Stagnone_dxy01_15m_old.ext
** INFO   : Opened file : Stagnone_dxy01_15m_old.ext
** INFO   : Opened file : Stagnone_dxy01_15m_old.ext
** INFO   : disabled 144 boundary links
** INFO   : partition_reduce_mirrorcells, elapsed time:     0.10000E-02s.
** INFO   : Opened file : Stagnone_dxy01_15m.pli
** INFO   : Closed file : Stagnone_dxy01_15m.pli
** INFO   : disabled 52 boundary links
** INFO   : partition_reduce_mirrorcells, elapsed time:     0.30000E-02s.
** INFO   : disabled 192 boundary links
** INFO   : partition_reduce_mirrorcells, elapsed time:     0.20000E-02s.
** INFO   : disabled 103 boundary links
** INFO   : partition_reduce_mirrorcells, elapsed time:     0.20000E-02s.
** INFO   : disabled 89 boundary links
** INFO   : partition_reduce_mirrorcells, elapsed time:     0.30000E-02s.
** INFO   : Opened file : Stagnone_dxy01_15m.pli
** INFO   : Closed file : Stagnone_dxy01_15m.pli
** INFO   : disabled 35 boundary links
** INFO   : partition_reduce_mirrorcells, elapsed time:     0.50000E-02s.
** INFO   : boundary: 'Stagnone_dxy01_15m.pli' opened 38 cells.
** INFO   : waterlevelbnd Stagnone_dxy01_15m.pli      38 nr of open bndcells
** INFO   : Opened file : Stagnone_dxy01_15m.pli
** INFO   : Opened file : Stagnone_dxy01_15m.pli
** INFO   : Closed file : Stagnone_dxy01_15m.pli
** INFO   : Closed file : Stagnone_dxy01_15m.pli
** INFO   : Opened file : Stagnone_dxy01_15m.pli
** INFO   : Closed file : Stagnone_dxy01_15m.pli
** WARNING: Boundary link 00001625 already claimed [     12.0950,     38.0615]
** INFO   : Opened file : Stagnone_dxy01_15m.pli
Dimr [2026-05-19 15:23:25.983796] #1 >> kernel: Boundary link 00001625 already claimed [     12.0950,     38.0615]
** WARNING: Boundary link 00001776 already claimed [     12.1050,     38.0615]
Dimr [2026-05-19 15:23:25.983821] #1 >> kernel: Boundary link 00001776 already claimed [     12.1050,     38.0615]
** INFO   : Opened file : Stagnone_dxy01_15m.pli
** WARNING: Boundary link 00001915 already claimed [     12.1150,     38.0615]
Dimr [2026-05-19 15:23:25.983832] #1 >> kernel: Boundary link 00001915 already claimed [     12.1150,     38.0615]
** WARNING: Boundary link 00002068 already claimed [     12.1250,     38.0615]
Dimr [2026-05-19 15:23:25.983842] #1 >> kernel: Boundary link 00002068 already claimed [     12.1250,     38.0615]
** WARNING: Boundary link 00002204 already claimed [     12.1350,     38.0615]
Dimr [2026-05-19 15:23:25.983862] #1 >> kernel: Boundary link 00002204 already claimed [     12.1350,     38.0615]
** INFO   : Closed file : Stagnone_dxy01_15m.pli
** WARNING: Boundary link 00002337 already claimed [     12.1450,     38.0615]
Dimr [2026-05-19 15:23:25.983881] #1 >> kernel: Boundary link 00002337 already claimed [     12.1450,     38.0615]
** WARNING: Boundary link 00002483 already claimed [     12.1550,     38.0615]
Dimr [2026-05-19 15:23:25.983899] #1 >> kernel: Boundary link 00002483 already claimed [     12.1550,     38.0615]
** WARNING: Boundary link 00002620 already claimed [     12.1650,     38.0615]
Dimr [2026-05-19 15:23:25.983932] #1 >> kernel: Boundary link 00002620 already claimed [     12.1650,     38.0615]
** INFO   : disabled 90 boundary links
** INFO   : partition_reduce_mirrorcells, elapsed time:     0.10000E-02s.
** WARNING: Boundary link 00002758 already claimed [     12.1750,     38.0615]
Dimr [2026-05-19 15:23:25.983951] #1 >> kernel: Boundary link 00002758 already claimed [     12.1750,     38.0615]
** WARNING: Boundary link 00002894 already claimed [     12.1850,     38.0615]
Dimr [2026-05-19 15:23:25.983967] #1 >> kernel: Boundary link 00002894 already claimed [     12.1850,     38.0615]
** INFO   : disabled 147 boundary links
** INFO   : partition_reduce_mirrorcells, elapsed time:     0.20000E-02s.
** INFO   : Closed file : Stagnone_dxy01_15m.pli
** WARNING: Boundary link 00003038 already claimed [     12.1950,     38.0615]
Dimr [2026-05-19 15:23:25.983976] #1 >> kernel: Boundary link 00003038 already claimed [     12.1950,     38.0615]
** WARNING: Boundary link 00003187 already claimed [     12.2050,     38.0615]
Dimr [2026-05-19 15:23:25.983985] #1 >> kernel: Boundary link 00003187 already claimed [     12.2050,     38.0615]
** WARNING: Boundary link 00003311 already claimed [     12.2150,     38.0615]
Dimr [2026-05-19 15:23:25.983999] #1 >> kernel: Boundary link 00003311 already claimed [     12.2150,     38.0615]
** WARNING: Boundary link 00003443 already claimed [     12.2250,     38.0615]
Dimr [2026-05-19 15:23:25.984011] #1 >> kernel: Boundary link 00003443 already claimed [     12.2250,     38.0615]
** WARNING: Boundary link 00003566 already claimed [     12.2350,     38.0615]
Dimr [2026-05-19 15:23:25.984020] #1 >> kernel: Boundary link 00003566 already claimed [     12.2350,     38.0615]
** WARNING: Boundary link 00003708 already claimed [     12.2450,     38.0615]
Dimr [2026-05-19 15:23:25.984029] #1 >> kernel: Boundary link 00003708 already claimed [     12.2450,     38.0615]
** WARNING: Boundary link 00003826 already claimed [     12.2550,     38.0615]
Dimr [2026-05-19 15:23:25.984042] #1 >> kernel: Boundary link 00003826 already claimed [     12.2550,     38.0615]
** WARNING: Boundary link 00003961 already claimed [     12.2650,     38.0615]
Dimr [2026-05-19 15:23:25.984058] #1 >> kernel: Boundary link 00003961 already claimed [     12.2650,     38.0615]
** WARNING: Boundary link 00004074 already claimed [     12.2750,     38.0615]
Dimr [2026-05-19 15:23:25.984072] #1 >> kernel: Boundary link 00004074 already claimed [     12.2750,     38.0615]
** WARNING: Boundary link 00004190 already claimed [     12.2850,     38.0615]
Dimr [2026-05-19 15:23:25.984082] #1 >> kernel: Boundary link 00004190 already claimed [     12.2850,     38.0615]
** WARNING: Boundary link 00004325 already claimed [     12.2950,     38.0615]
Dimr [2026-05-19 15:23:25.984092] #1 >> kernel: Boundary link 00004325 already claimed [     12.2950,     38.0615]
** WARNING: Boundary link 00004444 already claimed [     12.3050,     38.0615]
Dimr [2026-05-19 15:23:25.984102] #1 >> kernel: Boundary link 00004444 already claimed [     12.3050,     38.0615]
** WARNING: Boundary link 00004560 already claimed [     12.3150,     38.0615]
Dimr [2026-05-19 15:23:25.984114] #1 >> kernel: Boundary link 00004560 already claimed [     12.3150,     38.0615]
** WARNING: Boundary link 00004668 already claimed [     12.3250,     38.0615]
Dimr [2026-05-19 15:23:25.984124] #1 >> kernel: Boundary link 00004668 already claimed [     12.3250,     38.0615]
** WARNING: Boundary link 00004679 already claimed [     12.4650,     38.0615]
Dimr [2026-05-19 15:23:25.984133] #1 >> kernel: Boundary link 00004679 already claimed [     12.4650,     38.0615]
** WARNING: Boundary link 00004782 already claimed [     12.3350,     38.0615]
Dimr [2026-05-19 15:23:25.984145] #1 >> kernel: Boundary link 00004782 already claimed [     12.3350,     38.0615]
** WARNING: Boundary link 00004792 already claimed [     12.4550,     38.0615]
Dimr [2026-05-19 15:23:25.984155] #1 >> kernel: Boundary link 00004792 already claimed [     12.4550,     38.0615]
** WARNING: Boundary link 00004874 already claimed [     12.3450,     38.0615]
Dimr [2026-05-19 15:23:25.984167] #1 >> kernel: Boundary link 00004874 already claimed [     12.3450,     38.0615]
** WARNING: Boundary link 00004886 already claimed [     12.4450,     38.0615]
Dimr [2026-05-19 15:23:25.984176] #1 >> kernel: Boundary link 00004886 already claimed [     12.4450,     38.0615]
** INFO   : Opened file : Stagnone_dxy01_15m.pli
** WARNING: Boundary link 00004969 already claimed [     12.3550,     38.0615]
Dimr [2026-05-19 15:23:25.984189] #1 >> kernel: Boundary link 00004969 already claimed [     12.3550,     38.0615]
** WARNING: Boundary link 00004975 already claimed [     12.4350,     38.0615]
Dimr [2026-05-19 15:23:25.984198] #1 >> kernel: Boundary link 00004975 already claimed [     12.4350,     38.0615]
** INFO   : Opened file : Stagnone_dxy01_15m.pli
** WARNING: Boundary link 00005063 already claimed [     12.3650,     38.0615]
Dimr [2026-05-19 15:23:25.984214] #1 >> kernel: Boundary link 00005063 already claimed [     12.3650,     38.0615]
** WARNING: Boundary link 00005076 already claimed [     12.4250,     38.0615]
Dimr [2026-05-19 15:23:25.984223] #1 >> kernel: Boundary link 00005076 already claimed [     12.4250,     38.0615]
** WARNING: Boundary link 00005156 already claimed [     12.3750,     38.0615]
Dimr [2026-05-19 15:23:25.984232] #1 >> kernel: Boundary link 00005156 already claimed [     12.3750,     38.0615]
** INFO   : Closed file : Stagnone_dxy01_15m.pli
** WARNING: Boundary link 00005162 already claimed [     12.4150,     38.0615]
Dimr [2026-05-19 15:23:25.984243] #1 >> kernel: Boundary link 00005162 already claimed [     12.4150,     38.0615]
** WARNING: Boundary link 00005249 already claimed [     12.3850,     38.0615]
Dimr [2026-05-19 15:23:25.984257] #1 >> kernel: Boundary link 00005249 already claimed [     12.3850,     38.0615]
** WARNING: Boundary link 00005258 already claimed [     12.4050,     38.0615]
Dimr [2026-05-19 15:23:25.984267] #1 >> kernel: Boundary link 00005258 already claimed [     12.4050,     38.0615]
** WARNING: Boundary link 00005342 already claimed [     12.3950,     38.0615]
Dimr [2026-05-19 15:23:25.984277] #1 >> kernel: Boundary link 00005342 already claimed [     12.3950,     38.0615]
** INFO   : Closed file : Stagnone_dxy01_15m.pli
** INFO   : boundary: 'Stagnone_dxy01_15m.pli' opened 63 cells.
** INFO   : waterlevelbnd Stagnone_dxy01_15m.pli      63 nr of open bndcells
** INFO   : boundary: 'Stagnone_dxy01_15m.pli' opened 0 cells.
** INFO   : waterlevelbnd Stagnone_dxy01_15m.pli       0 nr of open bndcells
** INFO   : boundary: 'Stagnone_dxy01_15m.pli' opened 0 cells.
** INFO   : waterlevelbnd Stagnone_dxy01_15m.pli       0 nr of open bndcells
** INFO   : Opened file : Stagnone_dxy01_15m.pli
** INFO   : Opened file : Stagnone_dxy01_15m.pli
** INFO   : Opened file : Stagnone_dxy01_15m.pli
** INFO   : Closed file : Stagnone_dxy01_15m.pli
** INFO   : Closed file : Stagnone_dxy01_15m.pli
** INFO   : Closed file : Stagnone_dxy01_15m.pli
** INFO   : boundary: 'Stagnone_dxy01_15m.pli' opened 0 cells.
** INFO   : waterlevelbnd Stagnone_dxy01_15m.pli       0 nr of open bndcells
** INFO   : boundary: 'Stagnone_dxy01_15m.pli' opened 15 cells.
** INFO   : waterlevelbnd Stagnone_dxy01_15m.pli      15 nr of open bndcells
** INFO   : Opened file : Stagnone_dxy01_15m.pli
** INFO   : Opened file : Stagnone_dxy01_15m.pli
** INFO   : Closed file : Stagnone_dxy01_15m.pli
** INFO   : Closed file : Stagnone_dxy01_15m.pli
** WARNING: Boundary link 00002622 already claimed [     11.9620,     38.0119]
Dimr [2026-05-19 15:23:25.984752] #5 >> kernel: Boundary link 00002622 already claimed [     11.9620,     38.0119]
** WARNING: Boundary link 00002826 already claimed [     11.9620,     38.0040]
Dimr [2026-05-19 15:23:25.984784] #5 >> kernel: Boundary link 00002826 already claimed [     11.9620,     38.0040]
** WARNING: Boundary link 00003025 already claimed [     11.9620,     37.9961]
Dimr [2026-05-19 15:23:25.984803] #5 >> kernel: Boundary link 00003025 already claimed [     11.9620,     37.9961]
** WARNING: Boundary link 00003208 already claimed [     11.9620,     37.9882]
Dimr [2026-05-19 15:23:25.984821] #5 >> kernel: Boundary link 00003208 already claimed [     11.9620,     37.9882]
** WARNING: Boundary link 00003404 already claimed [     11.9620,     37.9804]
Dimr [2026-05-19 15:23:25.984856] #5 >> kernel: Boundary link 00003404 already claimed [     11.9620,     37.9804]
** WARNING: Boundary link 00003600 already claimed [     11.9620,     37.9725]
Dimr [2026-05-19 15:23:25.984884] #5 >> kernel: Boundary link 00003600 already claimed [     11.9620,     37.9725]
** INFO   : boundary: 'Stagnone_dxy01_15m.pli' opened 38 cells.
** INFO   : salinitybnd Stagnone_dxy01_15m.pli      38 nr of salinity bndcells
** INFO   : Opened file : Stagnone_dxy01_15m.pli
** WARNING: Boundary link 00003795 already claimed [     11.9620,     37.9646]
Dimr [2026-05-19 15:23:25.984905] #5 >> kernel: Boundary link 00003795 already claimed [     11.9620,     37.9646]
** WARNING: Boundary link 00003948 already claimed [     11.9620,     37.9567]
Dimr [2026-05-19 15:23:25.984920] #5 >> kernel: Boundary link 00003948 already claimed [     11.9620,     37.9567]
** WARNING: Boundary link 00004110 already claimed [     11.9620,     37.9488]
Dimr [2026-05-19 15:23:25.984932] #5 >> kernel: Boundary link 00004110 already claimed [     11.9620,     37.9488]
** WARNING: Boundary link 00004262 already claimed [     11.9620,     37.9409]
Dimr [2026-05-19 15:23:25.984944] #5 >> kernel: Boundary link 00004262 already claimed [     11.9620,     37.9409]
** WARNING: Boundary link 00004390 already claimed [     11.9620,     37.9331]
Dimr [2026-05-19 15:23:25.984955] #5 >> kernel: Boundary link 00004390 already claimed [     11.9620,     37.9331]
** WARNING: Boundary link 00004479 already claimed [     11.9620,     37.9252]
Dimr [2026-05-19 15:23:25.984967] #5 >> kernel: Boundary link 00004479 already claimed [     11.9620,     37.9252]
** WARNING: Boundary link 00004580 already claimed [     11.9620,     37.9173]
** INFO   : Closed file : Stagnone_dxy01_15m.pli
Dimr [2026-05-19 15:23:25.984978] #5 >> kernel: Boundary link 00004580 already claimed [     11.9620,     37.9173]
** WARNING: Boundary link 00004664 already claimed [     11.9620,     37.9094]
Dimr [2026-05-19 15:23:25.984990] #5 >> kernel: Boundary link 00004664 already claimed [     11.9620,     37.9094]
** WARNING: Boundary link 00004745 already claimed [     11.9620,     37.9015]
Dimr [2026-05-19 15:23:25.985001] #5 >> kernel: Boundary link 00004745 already claimed [     11.9620,     37.9015]
** INFO   : boundary: 'Stagnone_dxy01_15m.pli' opened 33 cells.
** INFO   : waterlevelbnd Stagnone_dxy01_15m.pli      33 nr of open bndcells
** WARNING: Boundary link 00004798 already claimed [     11.9620,     37.8936]
Dimr [2026-05-19 15:23:25.985012] #5 >> kernel: Boundary link 00004798 already claimed [     11.9620,     37.8936]
** WARNING: Boundary link 00004866 already claimed [     11.9620,     37.8857]
Dimr [2026-05-19 15:23:25.985024] #5 >> kernel: Boundary link 00004866 already claimed [     11.9620,     37.8857]
** WARNING: Boundary link 00004910 already claimed [     11.9620,     37.8778]
Dimr [2026-05-19 15:23:25.985041] #5 >> kernel: Boundary link 00004910 already claimed [     11.9620,     37.8778]
** WARNING: Boundary link 00004966 already claimed [     11.9620,     37.8699]
Dimr [2026-05-19 15:23:25.985054] #5 >> kernel: Boundary link 00004966 already claimed [     11.9620,     37.8699]
** WARNING: Boundary link 00005010 already claimed [     11.9620,     37.8620]
Dimr [2026-05-19 15:23:25.985066] #5 >> kernel: Boundary link 00005010 already claimed [     11.9620,     37.8620]
** WARNING: Boundary link 00005051 already claimed [     11.9620,     37.8541]
** INFO   : Opened file : Stagnone_dxy01_15m.pli
Dimr [2026-05-19 15:23:25.985077] #5 >> kernel: Boundary link 00005051 already claimed [     11.9620,     37.8541]
** WARNING: Boundary link 00005100 already claimed [     11.9620,     37.8462]
Dimr [2026-05-19 15:23:25.985088] #5 >> kernel: Boundary link 00005100 already claimed [     11.9620,     37.8462]
** WARNING: Boundary link 00005135 already claimed [     11.9620,     37.8383]
Dimr [2026-05-19 15:23:25.985100] #5 >> kernel: Boundary link 00005135 already claimed [     11.9620,     37.8383]
** WARNING: Boundary link 00005172 already claimed [     11.9620,     37.8304]
Dimr [2026-05-19 15:23:25.985112] #5 >> kernel: Boundary link 00005172 already claimed [     11.9620,     37.8304]
** WARNING: Boundary link 00005220 already claimed [     11.9620,     37.8225]
Dimr [2026-05-19 15:23:25.985123] #5 >> kernel: Boundary link 00005220 already claimed [     11.9620,     37.8225]
** WARNING: Boundary link 00005253 already claimed [     11.9620,     37.8146]
Dimr [2026-05-19 15:23:25.985134] #5 >> kernel: Boundary link 00005253 already claimed [     11.9620,     37.8146]
** WARNING: Boundary link 00005292 already claimed [     11.9620,     37.8067]
Dimr [2026-05-19 15:23:25.985145] #5 >> kernel: Boundary link 00005292 already claimed [     11.9620,     37.8067]
** WARNING: Boundary link 00005331 already claimed [     11.9620,     37.7988]
Dimr [2026-05-19 15:23:25.985157] #5 >> kernel: Boundary link 00005331 already claimed [     11.9620,     37.7988]
** WARNING: Boundary link 00005372 already claimed [     11.9620,     37.7909]
Dimr [2026-05-19 15:23:25.985168] #5 >> kernel: Boundary link 00005372 already claimed [     11.9620,     37.7909]
** INFO   : boundary: 'Stagnone_dxy01_15m.pli' opened 0 cells.
** INFO   : waterlevelbnd Stagnone_dxy01_15m.pli       0 nr of open bndcells
** WARNING: Boundary link 00005415 already claimed [     11.9620,     37.7830]
Dimr [2026-05-19 15:23:25.985180] #5 >> kernel: Boundary link 00005415 already claimed [     11.9620,     37.7830]
** WARNING: Boundary link 00005460 already claimed [     11.9620,     37.7751]
Dimr [2026-05-19 15:23:25.985191] #5 >> kernel: Boundary link 00005460 already claimed [     11.9620,     37.7751]
** WARNING: Boundary link 00005505 already claimed [     11.9620,     37.7672]
** INFO   : Opened file : Stagnone_dxy01_15m.pli
Dimr [2026-05-19 15:23:25.985202] #5 >> kernel: Boundary link 00005505 already claimed [     11.9620,     37.7672]
** WARNING: Boundary link 00005552 already claimed [     11.9620,     37.7593]
Dimr [2026-05-19 15:23:25.985213] #5 >> kernel: Boundary link 00005552 already claimed [     11.9620,     37.7593]
** WARNING: Boundary link 00005603 already claimed [     11.9620,     37.7514]
Dimr [2026-05-19 15:23:25.985225] #5 >> kernel: Boundary link 00005603 already claimed [     11.9620,     37.7514]
** INFO   : Closed file : Stagnone_dxy01_15m.pli
** WARNING: Boundary link 00005656 already claimed [     11.9620,     37.7435]
Dimr [2026-05-19 15:23:25.985236] #5 >> kernel: Boundary link 00005656 already claimed [     11.9620,     37.7435]
** WARNING: Boundary link 00005713 already claimed [     11.9620,     37.7356]
Dimr [2026-05-19 15:23:25.985247] #5 >> kernel: Boundary link 00005713 already claimed [     11.9620,     37.7356]
** WARNING: Boundary link 00005770 already claimed [     11.9620,     37.7277]
** INFO   : Closed file : Stagnone_dxy01_15m.pli
Dimr [2026-05-19 15:23:25.985258] #5 >> kernel: Boundary link 00005770 already claimed [     11.9620,     37.7277]
** WARNING: Boundary link 00005827 already claimed [     11.9620,     37.7198]
Dimr [2026-05-19 15:23:25.985270] #5 >> kernel: Boundary link 00005827 already claimed [     11.9620,     37.7198]
** WARNING: Boundary link 00005884 already claimed [     11.9620,     37.7119]
Dimr [2026-05-19 15:23:25.985281] #5 >> kernel: Boundary link 00005884 already claimed [     11.9620,     37.7119]
** WARNING: Boundary link 00005997 already claimed [     11.9750,     37.7016]
Dimr [2026-05-19 15:23:25.985300] #5 >> kernel: Boundary link 00005997 already claimed [     11.9750,     37.7016]
** INFO   : boundary: 'Stagnone_dxy01_15m.pli' opened 0 cells.
** INFO   : waterlevelbnd Stagnone_dxy01_15m.pli       0 nr of open bndcells
** WARNING: Boundary link 00006050 already claimed [     11.9850,     37.7016]
Dimr [2026-05-19 15:23:25.985312] #5 >> kernel: Boundary link 00006050 already claimed [     11.9850,     37.7016]
** WARNING: Boundary link 00006101 already claimed [     11.9950,     37.7016]
Dimr [2026-05-19 15:23:25.985323] #5 >> kernel: Boundary link 00006101 already claimed [     11.9950,     37.7016]
** WARNING: Boundary link 00006151 already claimed [     12.0050,     37.7016]
** INFO   : Opened file : Stagnone_dxy01_15m.pli
Dimr [2026-05-19 15:23:25.985335] #5 >> kernel: Boundary link 00006151 already claimed [     12.0050,     37.7016]
** WARNING: Boundary link 00006196 already claimed [     12.0150,     37.7016]
Dimr [2026-05-19 15:23:25.985346] #5 >> kernel: Boundary link 00006196 already claimed [     12.0150,     37.7016]
** WARNING: Boundary link 00006239 already claimed [     12.0250,     37.7016]
Dimr [2026-05-19 15:23:25.985358] #5 >> kernel: Boundary link 00006239 already claimed [     12.0250,     37.7016]
** WARNING: Boundary link 00006280 already claimed [     12.0350,     37.7016]
Dimr [2026-05-19 15:23:25.985369] #5 >> kernel: Boundary link 00006280 already claimed [     12.0350,     37.7016]
** WARNING: Boundary link 00006320 already claimed [     12.0450,     37.7016]
Dimr [2026-05-19 15:23:25.985382] #5 >> kernel: Boundary link 00006320 already claimed [     12.0450,     37.7016]
** WARNING: Boundary link 00006355 already claimed [     12.0550,     37.7016]
Dimr [2026-05-19 15:23:25.985394] #5 >> kernel: Boundary link 00006355 already claimed [     12.0550,     37.7016]
** WARNING: Boundary link 00006388 already claimed [     12.0650,     37.7016]
** INFO   : boundary: 'Stagnone_dxy01_15m.pli' opened 38 cells.
** INFO   : temperaturebnd Stagnone_dxy01_15m.pli      38 nr of temperature bndcells
** INFO   : Closed file : Stagnone_dxy01_15m.pli
Dimr [2026-05-19 15:23:25.985405] #5 >> kernel: Boundary link 00006388 already claimed [     12.0650,     37.7016]
** WARNING: Boundary link 00006419 already claimed [     12.0750,     37.7016]
Dimr [2026-05-19 15:23:25.985417] #5 >> kernel: Boundary link 00006419 already claimed [     12.0750,     37.7016]
** WARNING: Boundary link 00006448 already claimed [     12.0850,     37.7016]
Dimr [2026-05-19 15:23:25.985429] #5 >> kernel: Boundary link 00006448 already claimed [     12.0850,     37.7016]
** WARNING: Boundary link 00006475 already claimed [     12.0950,     37.7016]
** INFO   : Opened file : Stagnone_dxy01_15m.pli
Dimr [2026-05-19 15:23:25.985440] #5 >> kernel: Boundary link 00006475 already claimed [     12.0950,     37.7016]
** WARNING: Boundary link 00006500 already claimed [     12.1050,     37.7016]
Dimr [2026-05-19 15:23:25.985452] #5 >> kernel: Boundary link 00006500 already claimed [     12.1050,     37.7016]
** WARNING: Boundary link 00006523 already claimed [     12.1150,     37.7016]
Dimr [2026-05-19 15:23:25.985463] #5 >> kernel: Boundary link 00006523 already claimed [     12.1150,     37.7016]
** WARNING: Boundary link 00000834 already claimed [     11.9620,     37.9567]
** WARNING: Boundary link 00006544 already claimed [     12.1250,     37.7016]
Dimr [2026-05-19 15:23:25.985475] #5 >> kernel: Boundary link 00006544 already claimed [     12.1250,     37.7016]
** WARNING: Boundary link 00006563 already claimed [     12.1350,     37.7016]
Dimr [2026-05-19 15:23:25.985486] #5 >> kernel: Boundary link 00006563 already claimed [     12.1350,     37.7016]
** WARNING: Boundary link 00006581 already claimed [     12.1450,     37.7016]
** INFO   : boundary: 'Stagnone_dxy01_15m.pli' opened 0 cells.
** INFO   : waterlevelbnd Stagnone_dxy01_15m.pli       0 nr of open bndcells
** INFO   : Opened file : Stagnone_dxy01_15m.pli
** INFO   : Closed file : Stagnone_dxy01_15m.pli
Dimr [2026-05-19 15:23:25.985489] #4 >> kernel: Boundary link 00000834 already claimed [     11.9620,     37.9567]
** WARNING: Boundary link 00000971 already claimed [     11.9620,     37.9646]
Dimr [2026-05-19 15:23:25.985522] #4 >> kernel: Boundary link 00000971 already claimed [     11.9620,     37.9646]
Dimr [2026-05-19 15:23:25.985498] #5 >> kernel: Boundary link 00006581 already claimed [     12.1450,     37.7016]
** WARNING: Boundary link 00006594 already claimed [     12.1550,     37.7016]
Dimr [2026-05-19 15:23:25.985510] #5 >> kernel: Boundary link 00006594 already claimed [     12.1550,     37.7016]
** WARNING: Boundary link 00006605 already claimed [     12.1650,     37.7016]
Dimr [2026-05-19 15:23:25.985521] #5 >> kernel: Boundary link 00006605 already claimed [     12.1650,     37.7016]
** WARNING: Boundary link 00006614 already claimed [     12.1750,     37.7016]
Dimr [2026-05-19 15:23:25.985533] #5 >> kernel: Boundary link 00006614 already claimed [     12.1750,     37.7016]
** WARNING: Boundary link 00006621 already claimed [     12.1850,     37.7016]
** WARNING: Boundary link 00001110 already claimed [     11.9620,     37.9725]
Dimr [2026-05-19 15:23:25.985545] #4 >> kernel: Boundary link 00001110 already claimed [     11.9620,     37.9725]
** WARNING: Boundary link 00001268 already claimed [     11.9620,     37.9804]
Dimr [2026-05-19 15:23:25.985545] #5 >> kernel: Boundary link 00006621 already claimed [     12.1850,     37.7016]
** WARNING: Boundary link 00006626 already claimed [     12.1950,     37.7016]
Dimr [2026-05-19 15:23:25.985556] #5 >> kernel: Boundary link 00006626 already claimed [     12.1950,     37.7016]
** WARNING: Boundary link 00006629 already claimed [     12.2050,     37.7016]
** INFO   : boundary: 'Stagnone_dxy01_15m.pli' opened 34 cells.
** INFO   : waterlevelbnd Stagnone_dxy01_15m.pli      34 nr of open bndcells
** WARNING: Boundary link 00004697 already claimed [     12.3950,     38.0615]
Dimr [2026-05-19 15:23:25.985564] #2 >> kernel: Boundary link 00004697 already claimed [     12.3950,     38.0615]
Dimr [2026-05-19 15:23:25.985566] #4 >> kernel: Boundary link 00001268 already claimed [     11.9620,     37.9804]
** WARNING: Boundary link 00001417 already claimed [     11.9620,     37.9882]
Dimr [2026-05-19 15:23:25.985597] #4 >> kernel: Boundary link 00001417 already claimed [     11.9620,     37.9882]
Dimr [2026-05-19 15:23:25.985568] #5 >> kernel: Boundary link 00006629 already claimed [     12.2050,     37.7016]
** INFO   : boundary: 'Stagnone_dxy01_15m.pli' opened 0 cells.
** INFO   : waterlevelbnd Stagnone_dxy01_15m.pli       0 nr of open bndcells
** INFO   : Opened file : Stagnone_dxy01_15m.pli
** INFO   : Closed file : Stagnone_dxy01_15m.pli
** INFO   : Opened file : Stagnone_dxy01_15m.pli
** WARNING: Boundary link 00004787 already claimed [     12.4050,     38.0615]
Dimr [2026-05-19 15:23:25.985609] #2 >> kernel: Boundary link 00004787 already claimed [     12.4050,     38.0615]
** WARNING: Boundary link 00004875 already claimed [     12.4150,     38.0615]
Dimr [2026-05-19 15:23:25.985643] #2 >> kernel: Boundary link 00004875 already claimed [     12.4150,     38.0615]
** WARNING: Boundary link 00001556 already claimed [     11.9620,     37.9961]
Dimr [2026-05-19 15:23:25.985636] #4 >> kernel: Boundary link 00001556 already claimed [     11.9620,     37.9961]
** WARNING: Boundary link 00001691 already claimed [     11.9750,     38.0615]
Dimr [2026-05-19 15:23:25.985659] #4 >> kernel: Boundary link 00001691 already claimed [     11.9750,     38.0615]
** WARNING: Boundary link 00004944 already claimed [     12.4250,     38.0615]
Dimr [2026-05-19 15:23:25.985664] #2 >> kernel: Boundary link 00004944 already claimed [     12.4250,     38.0615]
** WARNING: Boundary link 00005011 already claimed [     12.4350,     38.0615]
** WARNING: Boundary link 00001693 already claimed [     11.9620,     38.0513]
Dimr [2026-05-19 15:23:25.985681] #4 >> kernel: Boundary link 00001693 already claimed [     11.9620,     38.0513]
** INFO   : Closed file : Stagnone_dxy01_15m.pli
Dimr [2026-05-19 15:23:25.985685] #2 >> kernel: Boundary link 00005011 already claimed [     12.4350,     38.0615]
** WARNING: Boundary link 00005081 already claimed [     12.4450,     38.0615]
Dimr [2026-05-19 15:23:25.985709] #2 >> kernel: Boundary link 00005081 already claimed [     12.4450,     38.0615]
** WARNING: Boundary link 00005143 already claimed [     12.4550,     38.0615]
** WARNING: Boundary link 00001696 already claimed [     11.9620,     38.0040]
Dimr [2026-05-19 15:23:25.985701] #4 >> kernel: Boundary link 00001696 already claimed [     11.9620,     38.0040]
** WARNING: Boundary link 00001843 already claimed [     11.9850,     38.0615]
Dimr [2026-05-19 15:23:25.985716] #4 >> kernel: Boundary link 00001843 already claimed [     11.9850,     38.0615]
** WARNING: Boundary link 00001847 already claimed [     11.9620,     38.0434]
** INFO   : Closed file : Stagnone_dxy01_15m.pli
Dimr [2026-05-19 15:23:25.985733] #2 >> kernel: Boundary link 00005143 already claimed [     12.4550,     38.0615]
** WARNING: Boundary link 00005197 already claimed [     12.4650,     38.0615]
Dimr [2026-05-19 15:23:25.985760] #2 >> kernel: Boundary link 00005197 already claimed [     12.4650,     38.0615]
Dimr [2026-05-19 15:23:25.985740] #4 >> kernel: Boundary link 00001847 already claimed [     11.9620,     38.0434]
** WARNING: Boundary link 00001850 already claimed [     11.9620,     38.0119]
Dimr [2026-05-19 15:23:25.985755] #4 >> kernel: Boundary link 00001850 already claimed [     11.9620,     38.0119]
** WARNING: Boundary link 00002008 already claimed [     11.9950,     38.0615]
** WARNING: Boundary link 00005258 already claimed [     12.4750,     38.0615]
Dimr [2026-05-19 15:23:25.985785] #2 >> kernel: Boundary link 00005258 already claimed [     12.4750,     38.0615]
Dimr [2026-05-19 15:23:25.985777] #4 >> kernel: Boundary link 00002008 already claimed [     11.9950,     38.0615]
** WARNING: Boundary link 00002014 already claimed [     11.9620,     38.0355]
Dimr [2026-05-19 15:23:25.985792] #4 >> kernel: Boundary link 00002014 already claimed [     11.9620,     38.0355]
** WARNING: Boundary link 00002017 already claimed [     11.9620,     38.0198]
Dimr [2026-05-19 15:23:25.985806] #4 >> kernel: Boundary link 00002017 already claimed [     11.9620,     38.0198]
** WARNING: Boundary link 00005305 already claimed [     12.4850,     38.0615]
Dimr [2026-05-19 15:23:25.985806] #2 >> kernel: Boundary link 00005305 already claimed [     12.4850,     38.0615]
** WARNING: Boundary link 00005358 already claimed [     12.4950,     38.0615]
** WARNING: Boundary link 00002152 already claimed [     12.0050,     38.0615]
Dimr [2026-05-19 15:23:25.985823] #4 >> kernel: Boundary link 00002152 already claimed [     12.0050,     38.0615]
** WARNING: Boundary link 00002160 already claimed [     11.9620,     38.0276]
Dimr [2026-05-19 15:23:25.985836] #4 >> kernel: Boundary link 00002160 already claimed [     11.9620,     38.0276]
Dimr [2026-05-19 15:23:25.985833] #2 >> kernel: Boundary link 00005358 already claimed [     12.4950,     38.0615]
** WARNING: Boundary link 00005407 already claimed [     12.5050,     38.0615]
Dimr [2026-05-19 15:23:25.985852] #2 >> kernel: Boundary link 00005407 already claimed [     12.5050,     38.0615]
** WARNING: Boundary link 00005448 already claimed [     12.5150,     38.0615]
Dimr [2026-05-19 15:23:25.985870] #2 >> kernel: Boundary link 00005448 already claimed [     12.5150,     38.0615]
** WARNING: Boundary link 00002290 already claimed [     12.0150,     38.0615]
Dimr [2026-05-19 15:23:25.985870] #4 >> kernel: Boundary link 00002290 already claimed [     12.0150,     38.0615]
** WARNING: Boundary link 00002416 already claimed [     12.0250,     38.0615]
** WARNING: Boundary link 00005538 already claimed [     12.5250,     38.0622]
Dimr [2026-05-19 15:23:25.985906] #2 >> kernel: Boundary link 00005538 already claimed [     12.5250,     38.0622]
Dimr [2026-05-19 15:23:25.985894] #4 >> kernel: Boundary link 00002416 already claimed [     12.0250,     38.0615]
** WARNING: Boundary link 00002572 already claimed [     12.0350,     38.0615]
Dimr [2026-05-19 15:23:25.985915] #4 >> kernel: Boundary link 00002572 already claimed [     12.0350,     38.0615]
** INFO   : boundary: 'Stagnone_dxy01_15m.pli' opened 38 cells.
** INFO   : tracerbndlagoon_tracer Stagnone_dxy01_15m.pli      38 nr of tracer bndcells
** WARNING: Boundary link 00005578 already claimed [     12.5325,     38.0623]
Dimr [2026-05-19 15:23:25.985926] #2 >> kernel: Boundary link 00005578 already claimed [     12.5325,     38.0623]
** INFO   : Opened file : turbid_airport.pli
** INFO   : Closed file : turbid_airport.pli
** WARNING: Boundary link 00002682 already claimed [     12.0450,     38.0615]
Dimr [2026-05-19 15:23:25.985946] #4 >> kernel: Boundary link 00002682 already claimed [     12.0450,     38.0615]
** WARNING: Boundary link 00002820 already claimed [     12.0550,     38.0615]
Dimr [2026-05-19 15:23:25.985967] #4 >> kernel: Boundary link 00002820 already claimed [     12.0550,     38.0615]
** INFO   : boundary: 'Stagnone_dxy01_15m.pli' opened 0 cells.
** INFO   : salinitybnd Stagnone_dxy01_15m.pli       0 nr of salinity bndcells
** INFO   : boundary: 'turbid_airport.pli' opened 0 cells.
** INFO   : tracerbndturbid_airport turbid_airport.pli       0 nr of tracer bndcells
** WARNING: Boundary link 00002944 already claimed [     12.0650,     38.0615]
Dimr [2026-05-19 15:23:25.985986] #4 >> kernel: Boundary link 00002944 already claimed [     12.0650,     38.0615]
** WARNING: Boundary link 00002986 already claimed [     12.1650,     38.0615]
Dimr [2026-05-19 15:23:25.985999] #4 >> kernel: Boundary link 00002986 already claimed [     12.1650,     38.0615]
** INFO   : Opened file : Stagnone_dxy01_15m.pli
** INFO   : Opened file : turbid_saltpans.pli
** INFO   : Closed file : turbid_saltpans.pli
** INFO   : boundary: 'turbid_saltpans.pli' opened 0 cells.
** WARNING: Boundary link 00003089 already claimed [     12.0750,     38.0615]
Dimr [2026-05-19 15:23:25.986018] #4 >> kernel: Boundary link 00003089 already claimed [     12.0750,     38.0615]
** WARNING: Boundary link 00003120 already claimed [     12.1550,     38.0615]
Dimr [2026-05-19 15:23:25.986031] #4 >> kernel: Boundary link 00003120 already claimed [     12.1550,     38.0615]
** INFO   : tracerbndturbid_saltpans turbid_saltpans.pli       0 nr of tracer bndcells
** INFO   : boundary: 'Stagnone_dxy01_15m.pli' opened 0 cells.
** INFO   : waterlevelbnd Stagnone_dxy01_15m.pli       0 nr of open bndcells
** WARNING: Boundary link 00003250 already claimed [     12.0850,     38.0615]
Dimr [2026-05-19 15:23:25.986057] #4 >> kernel: Boundary link 00003250 already claimed [     12.0850,     38.0615]
** WARNING: Boundary link 00003277 already claimed [     12.1450,     38.0615]
Dimr [2026-05-19 15:23:25.986070] #4 >> kernel: Boundary link 00003277 already claimed [     12.1450,     38.0615]
** INFO   : Closed file : Stagnone_dxy01_15m.pli
** INFO   : Opened file : Stagnone_dxy01_15m.pli
** WARNING: Boundary link 00003407 already claimed [     12.0950,     38.0615]
Dimr [2026-05-19 15:23:25.986092] #4 >> kernel: Boundary link 00003407 already claimed [     12.0950,     38.0615]
** WARNING: Boundary link 00003432 already claimed [     12.1350,     38.0615]
Dimr [2026-05-19 15:23:25.986105] #4 >> kernel: Boundary link 00003432 already claimed [     12.1350,     38.0615]
** WARNING: Boundary link 00003550 already claimed [     12.1050,     38.0615]
Dimr [2026-05-19 15:23:25.986128] #4 >> kernel: Boundary link 00003550 already claimed [     12.1050,     38.0615]
** WARNING: Boundary link 00003568 already claimed [     12.1250,     38.0615]
** INFO   : Closed file : Stagnone_dxy01_15m.pli
Dimr [2026-05-19 15:23:25.986140] #4 >> kernel: Boundary link 00003568 already claimed [     12.1250,     38.0615]
** WARNING: Boundary link 00003682 already claimed [     12.1150,     38.0615]
Dimr [2026-05-19 15:23:25.986163] #4 >> kernel: Boundary link 00003682 already claimed [     12.1150,     38.0615]
** INFO   : boundary: 'Stagnone_dxy01_15m.pli' opened 63 cells.
** INFO   : salinitybnd Stagnone_dxy01_15m.pli      63 nr of salinity bndcells
** INFO   : Opened file : Stagnone_dxy01_15m.pli
** INFO   : boundary: 'Stagnone_dxy01_15m.pli' opened 0 cells.
** INFO   : salinitybnd Stagnone_dxy01_15m.pli       0 nr of salinity bndcells
** INFO   : Opened file : Stagnone_dxy01_15m.pli
** INFO   : Closed file : Stagnone_dxy01_15m.pli
** INFO   : boundary: 'Stagnone_dxy01_15m.pli' opened 0 cells.
** INFO   : waterlevelbnd Stagnone_dxy01_15m.pli       0 nr of open bndcells
** INFO   : Closed file : Stagnone_dxy01_15m.pli
** INFO   : Opened file : Stagnone_dxy01_15m.pli
** INFO   : boundary: 'Stagnone_dxy01_15m.pli' opened 0 cells.
** INFO   : waterlevelbnd Stagnone_dxy01_15m.pli       0 nr of open bndcells
** INFO   : Opened file : Stagnone_dxy01_15m.pli
** INFO   : Closed file : Stagnone_dxy01_15m.pli
** INFO   : Closed file : Stagnone_dxy01_15m.pli
** INFO   : boundary: 'Stagnone_dxy01_15m.pli' opened 0 cells.
** INFO   : temperaturebnd Stagnone_dxy01_15m.pli       0 nr of temperature bndcells
** WARNING: Boundary link 00005266 already claimed [     12.4575,     37.7008]
** INFO   : Opened file : Stagnone_dxy01_15m.pli
Dimr [2026-05-19 15:23:25.986815] #7 >> kernel: Boundary link 00005266 already claimed [     12.4575,     37.7008]
** WARNING: Boundary link 00005313 already claimed [     12.4525,     37.7008]
Dimr [2026-05-19 15:23:25.986836] #7 >> kernel: Boundary link 00005313 already claimed [     12.4525,     37.7008]
** WARNING: Boundary link 00005361 already claimed [     12.4450,     37.7009]
Dimr [2026-05-19 15:23:25.986850] #7 >> kernel: Boundary link 00005361 already claimed [     12.4450,     37.7009]
** WARNING: Boundary link 00005453 already claimed [     12.4350,     37.7016]
Dimr [2026-05-19 15:23:25.986863] #7 >> kernel: Boundary link 00005453 already claimed [     12.4350,     37.7016]
** INFO   : Closed file : Stagnone_dxy01_15m.pli
** WARNING: Boundary link 00005500 already claimed [     12.4250,     37.7016]
Dimr [2026-05-19 15:23:25.986875] #7 >> kernel: Boundary link 00005500 already claimed [     12.4250,     37.7016]
** WARNING: Boundary link 00005545 already claimed [     12.4150,     37.7016]
Dimr [2026-05-19 15:23:25.986888] #7 >> kernel: Boundary link 00005545 already claimed [     12.4150,     37.7016]
** WARNING: Boundary link 00005590 already claimed [     12.4050,     37.7016]
Dimr [2026-05-19 15:23:25.986900] #7 >> kernel: Boundary link 00005590 already claimed [     12.4050,     37.7016]
** WARNING: Boundary link 00005635 already claimed [     12.3950,     37.7016]
Dimr [2026-05-19 15:23:25.986912] #7 >> kernel: Boundary link 00005635 already claimed [     12.3950,     37.7016]
** WARNING: Boundary link 00005681 already claimed [     12.3850,     37.7016]
Dimr [2026-05-19 15:23:25.986925] #7 >> kernel: Boundary link 00005681 already claimed [     12.3850,     37.7016]
** WARNING: Boundary link 00005725 already claimed [     12.3750,     37.7016]
Dimr [2026-05-19 15:23:25.986937] #7 >> kernel: Boundary link 00005725 already claimed [     12.3750,     37.7016]
** WARNING: Boundary link 00005766 already claimed [     12.3650,     37.7016]
** INFO   : boundary: 'Stagnone_dxy01_15m.pli' opened 63 cells.
** INFO   : temperaturebnd Stagnone_dxy01_15m.pli      63 nr of temperature bndcells
Dimr [2026-05-19 15:23:25.986949] #7 >> kernel: Boundary link 00005766 already claimed [     12.3650,     37.7016]
** WARNING: Boundary link 00005807 already claimed [     12.3550,     37.7016]
Dimr [2026-05-19 15:23:25.986961] #7 >> kernel: Boundary link 00005807 already claimed [     12.3550,     37.7016]
** WARNING: Boundary link 00005849 already claimed [     12.3450,     37.7016]
Dimr [2026-05-19 15:23:25.986973] #7 >> kernel: Boundary link 00005849 already claimed [     12.3450,     37.7016]
** WARNING: Boundary link 00005889 already claimed [     12.3350,     37.7016]
Dimr [2026-05-19 15:23:25.986986] #7 >> kernel: Boundary link 00005889 already claimed [     12.3350,     37.7016]
** INFO   : Opened file : Stagnone_dxy01_15m.pli
** WARNING: Boundary link 00005927 already claimed [     12.3250,     37.7016]
Dimr [2026-05-19 15:23:25.986999] #7 >> kernel: Boundary link 00005927 already claimed [     12.3250,     37.7016]
** WARNING: Boundary link 00005962 already claimed [     12.3150,     37.7016]
Dimr [2026-05-19 15:23:25.987011] #7 >> kernel: Boundary link 00005962 already claimed [     12.3150,     37.7016]
** WARNING: Boundary link 00005998 already claimed [     12.3050,     37.7016]
Dimr [2026-05-19 15:23:25.987024] #7 >> kernel: Boundary link 00005998 already claimed [     12.3050,     37.7016]
** WARNING: Boundary link 00006032 already claimed [     12.2950,     37.7016]
Dimr [2026-05-19 15:23:25.987042] #7 >> kernel: Boundary link 00006032 already claimed [     12.2950,     37.7016]
** WARNING: Boundary link 00006064 already claimed [     12.2850,     37.7016]
Dimr [2026-05-19 15:23:25.987054] #7 >> kernel: Boundary link 00006064 already claimed [     12.2850,     37.7016]
** WARNING: Boundary link 00006094 already claimed [     12.2750,     37.7016]
** INFO   : Closed file : Stagnone_dxy01_15m.pli
Dimr [2026-05-19 15:23:25.987079] #7 >> kernel: Boundary link 00006094 already claimed [     12.2750,     37.7016]
** WARNING: Boundary link 00006122 already claimed [     12.2650,     37.7016]
Dimr [2026-05-19 15:23:25.987089] #7 >> kernel: Boundary link 00006122 already claimed [     12.2650,     37.7016]
** WARNING: Boundary link 00006148 already claimed [     12.2550,     37.7016]
Dimr [2026-05-19 15:23:25.987098] #7 >> kernel: Boundary link 00006148 already claimed [     12.2550,     37.7016]
** WARNING: Boundary link 00006172 already claimed [     12.2450,     37.7016]
Dimr [2026-05-19 15:23:25.987108] #7 >> kernel: Boundary link 00006172 already claimed [     12.2450,     37.7016]
** WARNING: Boundary link 00006194 already claimed [     12.2350,     37.7016]
Dimr [2026-05-19 15:23:25.987118] #7 >> kernel: Boundary link 00006194 already claimed [     12.2350,     37.7016]
** WARNING: Boundary link 00006214 already claimed [     12.2250,     37.7016]
Dimr [2026-05-19 15:23:25.987128] #7 >> kernel: Boundary link 00006214 already claimed [     12.2250,     37.7016]
** WARNING: Boundary link 00006232 already claimed [     12.2150,     37.7016]
Dimr [2026-05-19 15:23:25.987138] #7 >> kernel: Boundary link 00006232 already claimed [     12.2150,     37.7016]
** INFO   : boundary: 'Stagnone_dxy01_15m.pli' opened 33 cells.
** INFO   : salinitybnd Stagnone_dxy01_15m.pli      33 nr of salinity bndcells
** INFO   : boundary: 'Stagnone_dxy01_15m.pli' opened 0 cells.
** INFO   : temperaturebnd Stagnone_dxy01_15m.pli       0 nr of temperature bndcells
** WARNING: Boundary link 00006248 already claimed [     12.2050,     37.7016]
Dimr [2026-05-19 15:23:25.987149] #7 >> kernel: Boundary link 00006248 already claimed [     12.2050,     37.7016]
** WARNING: Boundary link 00006262 already claimed [     12.1950,     37.7016]
Dimr [2026-05-19 15:23:25.987159] #7 >> kernel: Boundary link 00006262 already claimed [     12.1950,     37.7016]
** WARNING: Boundary link 00006273 already claimed [     12.1850,     37.7016]
Dimr [2026-05-19 15:23:25.987168] #7 >> kernel: Boundary link 00006273 already claimed [     12.1850,     37.7016]
** INFO   : Opened file : Stagnone_dxy01_15m.pli
** INFO   : Opened file : Stagnone_dxy01_15m.pli
** WARNING: Boundary link 00006285 already claimed [     12.1750,     37.7016]
Dimr [2026-05-19 15:23:25.987178] #7 >> kernel: Boundary link 00006285 already claimed [     12.1750,     37.7016]
** WARNING: Boundary link 00006295 already claimed [     12.1650,     37.7016]
Dimr [2026-05-19 15:23:25.987187] #7 >> kernel: Boundary link 00006295 already claimed [     12.1650,     37.7016]
** WARNING: Boundary link 00006303 already claimed [     12.1550,     37.7016]
Dimr [2026-05-19 15:23:25.987196] #7 >> kernel: Boundary link 00006303 already claimed [     12.1550,     37.7016]
** WARNING: Boundary link 00006309 already claimed [     12.1450,     37.7016]
Dimr [2026-05-19 15:23:25.987206] #7 >> kernel: Boundary link 00006309 already claimed [     12.1450,     37.7016]
** WARNING: Boundary link 00006313 already claimed [     12.1350,     37.7016]
Dimr [2026-05-19 15:23:25.987215] #7 >> kernel: Boundary link 00006313 already claimed [     12.1350,     37.7016]
** INFO   : boundary: 'Stagnone_dxy01_15m.pli' opened 0 cells.
** INFO   : Closed file : Stagnone_dxy01_15m.pli
** INFO   : waterlevelbnd Stagnone_dxy01_15m.pli       0 nr of open bndcells
** INFO   : Opened file : Stagnone_dxy01_15m.pli
** INFO   : Closed file : Stagnone_dxy01_15m.pli
** INFO   : boundary: 'Stagnone_dxy01_15m.pli' opened 15 cells.
** INFO   : salinitybnd Stagnone_dxy01_15m.pli      15 nr of salinity bndcells
** INFO   : Closed file : Stagnone_dxy01_15m.pli
** INFO   : Opened file : Stagnone_dxy01_15m.pli
** INFO   : Closed file : Stagnone_dxy01_15m.pli
** INFO   : boundary: 'Stagnone_dxy01_15m.pli' opened 63 cells.
** INFO   : tracerbndlagoon_tracer Stagnone_dxy01_15m.pli      63 nr of tracer bndcells
** INFO   : Opened file : turbid_airport.pli
** INFO   : Closed file : turbid_airport.pli
** INFO   : boundary: 'Stagnone_dxy01_15m.pli' opened 0 cells.
** INFO   : tracerbndlagoon_tracer Stagnone_dxy01_15m.pli       0 nr of tracer bndcells
** INFO   : boundary: 'turbid_airport.pli' opened 0 cells.
** INFO   : tracerbndturbid_airport turbid_airport.pli       0 nr of tracer bndcells
** INFO   : Opened file : turbid_airport.pli
** INFO   : Closed file : turbid_airport.pli
** INFO   : Opened file : turbid_saltpans.pli
** INFO   : Closed file : turbid_saltpans.pli
** INFO   : boundary: 'turbid_saltpans.pli' opened 0 cells.
** INFO   : boundary: 'turbid_airport.pli' opened 0 cells.
** INFO   : tracerbndturbid_airport turbid_airport.pli       0 nr of tracer bndcells
** INFO   : tracerbndturbid_saltpans turbid_saltpans.pli       0 nr of tracer bndcells
** INFO   : Opened file : turbid_saltpans.pli
** INFO   : Closed file : turbid_saltpans.pli
** INFO   : boundary: 'Stagnone_dxy01_15m.pli' opened 0 cells.
** INFO   : salinitybnd Stagnone_dxy01_15m.pli       0 nr of salinity bndcells
** INFO   : Opened file : Stagnone_dxy01_15m.pli
** INFO   : boundary: 'turbid_saltpans.pli' opened 0 cells.
** INFO   : tracerbndturbid_saltpans turbid_saltpans.pli       0 nr of tracer bndcells
** INFO   : boundary: 'Stagnone_dxy01_15m.pli' opened 33 cells.
** INFO   : temperaturebnd Stagnone_dxy01_15m.pli      33 nr of temperature bndcells
** INFO   : Opened file : Stagnone_dxy01_15m.pli
** INFO   : Closed file : Stagnone_dxy01_15m.pli
** INFO   : Closed file : Stagnone_dxy01_15m.pli
** INFO   : boundary: 'Stagnone_dxy01_15m.pli' opened 0 cells.
** INFO   : tracerbndlagoon_tracer Stagnone_dxy01_15m.pli       0 nr of tracer bndcells
** INFO   : Opened file : turbid_airport.pli
** INFO   : Closed file : turbid_airport.pli
** INFO   : boundary: 'turbid_airport.pli' opened 0 cells.
** INFO   : tracerbndturbid_airport turbid_airport.pli       0 nr of tracer bndcells
** INFO   : Opened file : turbid_saltpans.pli
** INFO   : Closed file : turbid_saltpans.pli
** INFO   : boundary: 'turbid_saltpans.pli' opened 0 cells.
** INFO   : tracerbndturbid_saltpans turbid_saltpans.pli       0 nr of tracer bndcells
** INFO   : boundary: 'Stagnone_dxy01_15m.pli' opened 33 cells.
** INFO   : tracerbndlagoon_tracer Stagnone_dxy01_15m.pli      33 nr of tracer bndcells
** INFO   : Opened file : turbid_airport.pli
** INFO   : Closed file : turbid_airport.pli
** INFO   : boundary: 'Stagnone_dxy01_15m.pli' opened 34 cells.
** INFO   : salinitybnd Stagnone_dxy01_15m.pli      34 nr of salinity bndcells
** INFO   : boundary: 'turbid_airport.pli' opened 0 cells.
** INFO   : tracerbndturbid_airport turbid_airport.pli       0 nr of tracer bndcells
** INFO   : Opened file : Stagnone_dxy01_15m.pli
** INFO   : Opened file : turbid_saltpans.pli
** INFO   : Closed file : turbid_saltpans.pli
** INFO   : boundary: 'turbid_saltpans.pli' opened 0 cells.
** INFO   : tracerbndturbid_saltpans turbid_saltpans.pli       0 nr of tracer bndcells
** INFO   : Closed file : Stagnone_dxy01_15m.pli
** INFO   : boundary: 'Stagnone_dxy01_15m.pli' opened 15 cells.
** INFO   : temperaturebnd Stagnone_dxy01_15m.pli      15 nr of temperature bndcells
** INFO   : Opened file : Stagnone_dxy01_15m.pli
** INFO   : Closed file : Stagnone_dxy01_15m.pli
** INFO   : boundary: 'Stagnone_dxy01_15m.pli' opened 0 cells.
** INFO   : temperaturebnd Stagnone_dxy01_15m.pli       0 nr of temperature bndcells
** INFO   : Opened file : Stagnone_dxy01_15m.pli
** INFO   : Closed file : Stagnone_dxy01_15m.pli
** INFO   : boundary: 'Stagnone_dxy01_15m.pli' opened 34 cells.
** INFO   : temperaturebnd Stagnone_dxy01_15m.pli      34 nr of temperature bndcells
** INFO   : Opened file : Stagnone_dxy01_15m.pli
** INFO   : Closed file : Stagnone_dxy01_15m.pli
** INFO   : boundary: 'Stagnone_dxy01_15m.pli' opened 15 cells.
** INFO   : tracerbndlagoon_tracer Stagnone_dxy01_15m.pli      15 nr of tracer bndcells
** INFO   : Opened file : turbid_airport.pli
** INFO   : Closed file : turbid_airport.pli
** INFO   : boundary: 'turbid_airport.pli' opened 0 cells.
** INFO   : tracerbndturbid_airport turbid_airport.pli       0 nr of tracer bndcells
** INFO   : Opened file : turbid_saltpans.pli
** INFO   : Closed file : turbid_saltpans.pli
** INFO   : boundary: 'turbid_saltpans.pli' opened 0 cells.
** INFO   : tracerbndturbid_saltpans turbid_saltpans.pli       0 nr of tracer bndcells
** INFO   : boundary: 'Stagnone_dxy01_15m.pli' opened 0 cells.
** INFO   : tracerbndlagoon_tracer Stagnone_dxy01_15m.pli       0 nr of tracer bndcells
** INFO   : Opened file : turbid_airport.pli
** INFO   : Closed file : turbid_airport.pli
** INFO   : boundary: 'turbid_airport.pli' opened 0 cells.
** INFO   : tracerbndturbid_airport turbid_airport.pli       0 nr of tracer bndcells
** INFO   : Opened file : turbid_saltpans.pli
** INFO   : Closed file : turbid_saltpans.pli
** INFO   : boundary: 'turbid_saltpans.pli' opened 0 cells.
** INFO   : tracerbndturbid_saltpans turbid_saltpans.pli       0 nr of tracer bndcells
** INFO   : boundary: 'Stagnone_dxy01_15m.pli' opened 34 cells.
** INFO   : tracerbndlagoon_tracer Stagnone_dxy01_15m.pli      34 nr of tracer bndcells
** INFO   : Opened file : turbid_airport.pli
** INFO   : Closed file : turbid_airport.pli
** INFO   : boundary: 'turbid_airport.pli' opened 0 cells.
** INFO   : tracerbndturbid_airport turbid_airport.pli       0 nr of tracer bndcells
** INFO   : Opened file : turbid_saltpans.pli
** INFO   : Closed file : turbid_saltpans.pli
** INFO   : boundary: 'turbid_saltpans.pli' opened 0 cells.
** INFO   : tracerbndturbid_saltpans turbid_saltpans.pli       0 nr of tracer bndcells
** INFO   : Start partitioning model...
** INFO   : Start partitioning model...
** INFO   : Start partitioning model...
** INFO   : Start partitioning model...
** INFO   : Start partitioning model...
** INFO   : added node-based ghostcells:             30
** INFO   : Start partitioning model...
** INFO   : Start partitioning model...
** INFO   : added node-based ghostcells:             29
** INFO   : Start partitioning model...
** INFO   : added node-based ghostcells:              6
** INFO   : added node-based ghostcells:             46
** INFO   : added node-based ghostcells:             15
** INFO   : added node-based ghostcells:              5
** INFO   : added node-based ghostcells:             24
** INFO   : added node-based ghostcells:             26
** INFO   : added node-based ghostcells:             18
** INFO   : added node-based ghostcells:             16
** INFO   : added node-based ghostcells:             12
** INFO   : added node-based ghostcells:             13
** INFO   : added node-based ghostcells:             25
** INFO   : added node-based ghostcells:             15
** INFO   : added node-based ghostcells:             94
** INFO   : added node-based ghostcells:             10
** INFO   : added node-based ghostcells:             60
** INFO   : added node-based ghostcells:              3
** INFO   : added node-based ghostcells:             68
** INFO   : added node-based ghostcells:            117
** INFO   : added node-based ghostcells:             21
** INFO   : added node-based ghostcells:             36
** INFO   : added node-based ghostcells:             54
** INFO   : added node-based ghostcells:             11
** INFO   : added node-based ghostcells:             76
** INFO   : added node-based ghostcells:             17
** INFO   : added node-based ghostcells:              7
** INFO   : added node-based ghostcells:            123
** INFO   : added node-based ghostcells:             16
** INFO   : added node-based ghostcells:              0
** INFO   : added node-based ghostcells:             61
** INFO   : added node-based ghostcells:             11
** INFO   : added node-based ghostcells:             24
** INFO   : added node-based ghostcells:             13
** INFO   : added node-based ghostcells:             18
** INFO   : added node-based ghostcells:             16
** INFO   : added node-based ghostcells:              7
** INFO   : added node-based ghostcells:             13
** INFO   : added node-based ghostcells:             12
** INFO   : added node-based ghostcells:             15
** INFO   : added node-based ghostcells:             94
** INFO   : added node-based ghostcells:             60
** INFO   : added node-based ghostcells:             10
** INFO   : added node-based ghostcells:            123
** INFO   : added node-based ghostcells:             25
** INFO   : added node-based ghostcells:              6
** INFO   : added node-based ghostcells:             21
** INFO   : added node-based ghostcells:             68
** INFO   : added node-based ghostcells:            117
** INFO   : added node-based ghostcells:             36
** INFO   : added node-based ghostcells:              3
** INFO   : added node-based ghostcells:             54
** INFO   : added node-based ghostcells:              6
** INFO   : added node-based ghostcells:             11
** INFO   : added node-based ghostcells:              7
** INFO   : added node-based ghostcells:             76
** INFO   : added node-based ghostcells:             16
** INFO   : added node-based ghostcells:              0
** INFO   : added node-based ghostcells:             11
** INFO   : added node-based ghostcells:             24
** INFO   : added node-based ghostcells:             17
** INFO   : added node-based ghostcells:             61
** INFO   : added node-based ghostcells:             13
** INFO   : added node-based ghostcells:              6
** INFO   : added node-based ghostcells:             16
** INFO   : added node-based ghostcells:             13
** INFO   : added node-based ghostcells:              7
** INFO   : added node-based ghostcells:             18
** INFO   : added node-based ghostcells:             25
** INFO   : added node-based ghostcells:             12
** INFO   : added node-based ghostcells:             94
** INFO   : added node-based ghostcells:             15
** INFO   : added node-based ghostcells:             60
** INFO   : added node-based ghostcells:             10
** INFO   : added node-based ghostcells:            123
** INFO   : added node-based ghostcells:            117
** INFO   : added node-based ghostcells:              6
** INFO   : added node-based ghostcells:             21
** INFO   : added node-based ghostcells:             68
** INFO   : added node-based ghostcells:              3
** INFO   : added node-based ghostcells:             54
** INFO   : added node-based ghostcells:             36
** INFO   : added node-based ghostcells:             76
** INFO   : added node-based ghostcells:              6
** INFO   : added node-based ghostcells:              7
** INFO   : added node-based ghostcells:             11
** INFO   : added node-based ghostcells:             16
** INFO   : added node-based ghostcells:             24
** INFO   : added node-based ghostcells:              0
** INFO   : added node-based ghostcells:             11
** INFO   : added node-based ghostcells:             17
** INFO   : added node-based ghostcells:             61
** INFO   : added node-based ghostcells:             13
** INFO   : added node-based ghostcells:              6
** INFO   : added node-based ghostcells:             16
** INFO   : added node-based ghostcells:             13
** INFO   : added node-based ghostcells:              7
** INFO   : added node-based ghostcells:             18
** INFO   : added node-based ghostcells:             25
** INFO   : added node-based ghostcells:             94
** INFO   : added node-based ghostcells:             12
** INFO   : added node-based ghostcells:             60
** INFO   : added node-based ghostcells:             15
** INFO   : added node-based ghostcells:            123
** INFO   : added node-based ghostcells:             10
** INFO   : added node-based ghostcells:            117
** INFO   : added node-based ghostcells:              3
** INFO   : added node-based ghostcells:              6
** INFO   : added node-based ghostcells:             21
** INFO   : added node-based ghostcells:             36
** INFO   : added node-based ghostcells:             76
** INFO   : added node-based ghostcells:             68
** INFO   : added node-based ghostcells:              6
** INFO   : added node-based ghostcells:             54
** INFO   : added node-based ghostcells:             17
** INFO   : added node-based ghostcells:              0
** INFO   : added node-based ghostcells:              7
** INFO   : added node-based ghostcells:             11
** INFO   : added node-based ghostcells:             11
** INFO   : added node-based ghostcells:             61
** INFO   : added node-based ghostcells:             16
** INFO   : added node-based ghostcells:             13
** INFO   : added node-based ghostcells:             24
** INFO   : added node-based ghostcells:              6
** INFO   : partition_fixorientation_ghostlist: number of reversed flowlinks=              2
** INFO   : partition_fixorientation_ghostlist: number of reversed flowlinks=              0
** INFO   : partition_fixorientation_ghostlist: number of reversed flowlinks=              0
** INFO   : partition_fixorientation_ghostlist: number of reversed flowlinks=              0
** INFO   : partition_fixorientation_ghostlist: number of reversed flowlinks=              0
** INFO   : partition_fixorientation_ghostlist: number of reversed flowlinks=              0
** INFO   : Done partitioning model.
** INFO   : partition_fixorientation_ghostlist: number of reversed flowlinks=              0
** INFO   : Done partitioning model.
** INFO   : partition_fixorientation_ghostlist: number of reversed flowlinks=              0
** INFO   : Done partitioning model.
** INFO   : Done partitioning model.
** INFO   : Done partitioning model.
** INFO   : Done partitioning model.
** INFO   : Done partitioning model.
** INFO   : Done partitioning model.
** INFO   : merged 0 samples in .00 seconds.
** INFO   : merged 0 samples in .00 seconds.
** INFO   : merged 0 samples in .00 seconds.
** INFO   : merged 0 samples in .00 seconds.
** INFO   : merged 0 samples in .00 seconds.
** INFO   : merged 0 samples in .00 seconds.
** INFO   : merged 0 samples in .00 seconds.
** INFO   : merged 0 samples in .00 seconds.
** INFO   : setbedlevelfromextfile: Using bedlevel as specified in net-file.
** INFO   : setbedlevelfromextfile: Mirroring input bedlevels at open boundaries.
** INFO   : setbedlevelfromextfile: Using bedlevel as specified in net-file.
** INFO   : setbedlevelfromextfile: Using bedlevel as specified in net-file.
** INFO   : setbedlevelfromextfile: Using bedlevel as specified in net-file.
** INFO   : setbedlevelfromextfile: Using bedlevel as specified in net-file.
** INFO   : setbedlevelfromextfile: Using bedlevel as specified in net-file.
** INFO   : setbedlevelfromextfile: Mirroring input bedlevels at open boundaries.
** INFO   : setbedlevelfromextfile: Using bedlevel as specified in net-file.
** INFO   : setbedlevelfromextfile: Using bedlevel as specified in net-file.
** INFO   : setbedlevelfromextfile: Mirroring input bedlevels at open boundaries.
** INFO   : setbedlevelfromextfile: Mirroring input bedlevels at open boundaries.
** INFO   : setbedlevelfromextfile: Mirroring input bedlevels at open boundaries.
** INFO   : setbedlevelfromextfile: Mirroring input bedlevels at open boundaries.
** INFO   : setbedlevelfromextfile: Mirroring input bedlevels at open boundaries.
** INFO   : setbedlevelfromextfile: Mirroring input bedlevels at open boundaries.
** INFO   : Circumcentre distance dx(L)  < dxwuimin2D*wu(L) : xu, yu, old dx, new dx:       12.454147      37.840947      16.465750      17.037781
** INFO   : Circumcentre distance dx(L)  < dxwuimin2D*wu(L) : xu, yu, old dx, new dx:       12.450808      37.843274      12.747187      16.530360
** INFO   : Circumcentre distance dx(L)  < dxwuimin2D*wu(L) : xu, yu, old dx, new dx:       12.450997      37.845318       8.760003      11.748263
** INFO   : Circumcentre distance dx(L)  < dxwuimin2D*wu(L) : xu, yu, old dx, new dx:       12.468859      37.854891       7.566529      14.184789
** INFO   : Circumcentre distance dx(L)  < dxwuimin2D*wu(L) : xu, yu, old dx, new dx:       12.470859      37.856199       7.858187      11.925006
** INFO   : Circumcentre distance dx(L)  < dxwuimin2D*wu(L) : xu, yu, old dx, new dx:       12.462663      37.855225       8.057506      14.991088
** INFO   : Circumcentre distance dx(L)  < dxwuimin2D*wu(L) : xu, yu, old dx, new dx:       12.475145      37.866971      11.328186      11.373797
** INFO   : Circumcentre distance dx(L)  < dxwuimin2D*wu(L) : xu, yu, old dx, new dx:       12.457642      37.864039       5.891790      13.132865
** INFO   : Circumcentre distance dx(L)  < dxwuimin2D*wu(L) : xu, yu, old dx, new dx:       12.456303      37.863898       8.480899      11.599609
** INFO   : Circumcentre distance dx(L)  < dxwuimin2D*wu(L) : xu, yu, old dx, new dx:       12.459257      37.864443       9.212557      16.843140
** INFO   : Circumcentre distance dx(L)  < dxwuimin2D*wu(L) : xu, yu, old dx, new dx:       12.473936      37.867536      10.458327      13.626211
** INFO   : Circumcentre distance dx(L)  < dxwuimin2D*wu(L) : xu, yu, old dx, new dx:       12.475975      37.874533      11.792555      14.247444
** INFO   : Circumcentre distance dx(L)  < dxwuimin2D*wu(L) : xu, yu, old dx, new dx:       12.468713      37.873333       6.848076      14.333788
** INFO   : Circumcentre distance dx(L)  < dxwuimin2D*wu(L) : xu, yu, old dx, new dx:       12.466596      37.874229       9.473271      12.722172
** INFO   : Circumcentre distance dx(L)  < dxwuimin2D*wu(L) : xu, yu, old dx, new dx:       12.472154      37.875560       7.898676      14.523341
** INFO   : Circumcentre distance dx(L)  < dxwuimin2D*wu(L) : xu, yu, old dx, new dx:       12.480505      37.881025      11.269937      12.177121
** INFO   : Circumcentre distance dx(L)  < dxwuimin2D*wu(L) : xu, yu, old dx, new dx:       12.464155      37.876790       9.380083      10.620045
** INFO   : Circumcentre distance dx(L)  < dxwuimin2D*wu(L) : xu, yu, old dx, new dx:       12.457384      37.875466      11.715869      15.009886
** INFO   : Circumcentre distance dx(L)  < dxwuimin2D*wu(L) : xu, yu, old dx, new dx:       12.457373      37.881482       9.304368      15.111997
** INFO   : Circumcentre distance dx(L)  < dxwuimin2D*wu(L) : xu, yu, old dx, new dx:       12.452446      37.883326      14.006273      16.472752
** INFO   : Circumcentre distance dx(L)  < dxwuimin2D*wu(L) : xu, yu, old dx, new dx:       12.449989      37.883772      13.397253      14.225601
** INFO   : Circumcentre distance dx(L)  < dxwuimin2D*wu(L) : xu, yu, old dx, new dx:       12.458195      37.885130      12.405397      15.095376
** INFO   : Circumcentre distance dx(L)  < dxwuimin2D*wu(L) : xu, yu, old dx, new dx:       12.456965      37.887301       5.825460      12.867206
** INFO   : Circumcentre distance dx(L)  < dxwuimin2D*wu(L) : xu, yu, old dx, new dx:       12.453685      37.887997       8.530407      17.482250
** INFO   : Circumcentre distance dx(L)  < dxwuimin2D*wu(L) : xu, yu, old dx, new dx:       12.454781      37.888075      13.634276      15.787727
** INFO   : Circumcentre distance dx(L)  < dxwuimin2D*wu(L) : xu, yu, old dx, new dx:       12.456153      37.889080      13.262043      16.761516
** INFO   : Circumcentre distance dx(L)  < dxwuimin2D*wu(L) : xu, yu, old dx, new dx:       12.457468      37.889980      14.947606      16.157637
** INFO   : Circumcentre distance dx(L)  < dxwuimin2D*wu(L) : xu, yu, old dx, new dx:       12.461420      37.892062       8.451441      11.144981
** INFO   : Circumcentre distance dx(L)  < dxwuimin2D*wu(L) : xu, yu, old dx, new dx:       12.447712      37.893807       9.312563      12.557749
** INFO   : Circumcentre distance dx(L)  < dxwuimin2D*wu(L) : xu, yu, old dx, new dx:       12.458805      37.891719      10.962111      14.641806
** INFO   : Circumcentre distance dx(L)  < dxwuimin2D*wu(L) : xu, yu, old dx, new dx:       12.457292      37.891806       7.373271      12.508135
** INFO   : Circumcentre distance dx(L)  < dxwuimin2D*wu(L) : xu, yu, old dx, new dx:       12.467787      37.901158      12.874765      14.738334
** INFO   : Circumcentre distance dx(L)  < dxwuimin2D*wu(L) : xu, yu, old dx, new dx:       12.462088      37.897799       9.986153      13.352605
** INFO   : Circumcentre distance dx(L)  < dxwuimin2D*wu(L) : xu, yu, old dx, new dx:       12.462178      37.899868      10.468151      13.737331
** INFO   : Circumcentre distance dx(L)  < dxwuimin2D*wu(L) : xu, yu, old dx, new dx:       12.466291      37.829536      11.477686      14.120312
** INFO   : Circumcentre distance dx(L)  < dxwuimin2D*wu(L) : xu, yu, old dx, new dx:       12.466165      37.837557      12.745523      15.406288
** INFO   : Circumcentre distance dx(L)  < dxwuimin2D*wu(L) : xu, yu, old dx, new dx:       12.463783      37.837325      13.946018      14.143675
** INFO   : Circumcentre distance dx(L)  < dxwuimin2D*wu(L) : xu, yu, old dx, new dx:       12.460117      37.830272      13.988861      15.343706
** INFO   : Circumcentre distance dx(L)  < dxwuimin2D*wu(L) : xu, yu, old dx, new dx:       12.443797      37.813710      11.352413      11.927798
** INFO   : Circumcentre distance dx(L)  < dxwuimin2D*wu(L) : xu, yu, old dx, new dx:       12.454147      37.840947      16.465750      17.037781
** INFO   : Circumcentre distance dx(L)  < dxwuimin2D*wu(L) : xu, yu, old dx, new dx:       12.450808      37.843274      12.747187      16.530360
** INFO   : Circumcentre distance dx(L)  < dxwuimin2D*wu(L) : xu, yu, old dx, new dx:       12.453110      37.829484      13.273244      17.674335
** INFO   : Circumcentre distance dx(L)  < dxwuimin2D*wu(L) : xu, yu, old dx, new dx:       12.446097      37.835524      24.610224      26.552220
** INFO   : Done initializing flow model geometry.
** INFO   : Done initializing flow model geometry.
** INFO   : Done initializing flow model geometry.
** INFO   : Done initializing flow model geometry.
** INFO   : Done initializing flow model geometry.
** INFO   : Done initializing flow model geometry.
** INFO   : Done initializing flow model geometry.
** INFO   : Done initializing flow model geometry.
** WARNING: No Nodal Point Relations Specified, Set to (Default) Proportional.
Dimr [2026-05-19 15:23:26.59208] #6 >> kernel: No Nodal Point Relations Specified, Set to (Default) Proportional.
** WARNING: Exponent of Discharge Ratio Set to Default: k = 1
Dimr [2026-05-19 15:23:26.59238] #6 >> kernel: Exponent of Discharge Ratio Set to Default: k = 1
** WARNING: Exponent of Width Ratio Set to Default    : m = 0
Dimr [2026-05-19 15:23:26.59243] #6 >> kernel: Exponent of Width Ratio Set to Default    : m = 0
** WARNING: No Nodal Point Relations Specified, Set to (Default) Proportional.
Dimr [2026-05-19 15:23:26.61597] #2 >> kernel: No Nodal Point Relations Specified, Set to (Default) Proportional.
** WARNING: Exponent of Discharge Ratio Set to Default: k = 1
Dimr [2026-05-19 15:23:26.61621] #2 >> kernel: Exponent of Discharge Ratio Set to Default: k = 1
** WARNING: Exponent of Width Ratio Set to Default    : m = 0
Dimr [2026-05-19 15:23:26.61627] #2 >> kernel: Exponent of Width Ratio Set to Default    : m = 0
** WARNING: No Nodal Point Relations Specified, Set to (Default) Proportional.
Dimr [2026-05-19 15:23:26.61838] #7 >> kernel: No Nodal Point Relations Specified, Set to (Default) Proportional.
** WARNING: Exponent of Discharge Ratio Set to Default: k = 1
Dimr [2026-05-19 15:23:26.61858] #7 >> kernel: Exponent of Discharge Ratio Set to Default: k = 1
** WARNING: Exponent of Width Ratio Set to Default    : m = 0
Dimr [2026-05-19 15:23:26.61865] #7 >> kernel: Exponent of Width Ratio Set to Default    : m = 0
** WARNING: No Nodal Point Relations Specified, Set to (Default) Proportional.
Dimr [2026-05-19 15:23:26.62631] #4 >> kernel: No Nodal Point Relations Specified, Set to (Default) Proportional.
** WARNING: Exponent of Discharge Ratio Set to Default: k = 1
Dimr [2026-05-19 15:23:26.62650] #4 >> kernel: Exponent of Discharge Ratio Set to Default: k = 1
** WARNING: Exponent of Width Ratio Set to Default    : m = 0
Dimr [2026-05-19 15:23:26.62658] #4 >> kernel: Exponent of Width Ratio Set to Default    : m = 0
** WARNING: No Nodal Point Relations Specified, Set to (Default) Proportional.
Dimr [2026-05-19 15:23:26.62688] #5 >> kernel: No Nodal Point Relations Specified, Set to (Default) Proportional.
** WARNING: Exponent of Discharge Ratio Set to Default: k = 1
Dimr [2026-05-19 15:23:26.62705] #5 >> kernel: Exponent of Discharge Ratio Set to Default: k = 1
** WARNING: Exponent of Width Ratio Set to Default    : m = 0
Dimr [2026-05-19 15:23:26.62712] #5 >> kernel: Exponent of Width Ratio Set to Default    : m = 0
** WARNING: unstruc::flow_sedmorinit - Morphopol set but file does not exist, morphopol not used.
Dimr [2026-05-19 15:23:26.62977] #6 >> kernel: unstruc::flow_sedmorinit - Morphopol set but file does not exist, morphopol not used.
** WARNING: No Nodal Point Relations Specified, Set to (Default) Proportional.
Dimr [2026-05-19 15:23:26.63345] #3 >> kernel: No Nodal Point Relations Specified, Set to (Default) Proportional.
** WARNING: Exponent of Discharge Ratio Set to Default: k = 1
Dimr [2026-05-19 15:23:26.63362] #3 >> kernel: Exponent of Discharge Ratio Set to Default: k = 1
** WARNING: Exponent of Width Ratio Set to Default    : m = 0
Dimr [2026-05-19 15:23:26.63368] #3 >> kernel: Exponent of Width Ratio Set to Default    : m = 0
** WARNING: No Nodal Point Relations Specified, Set to (Default) Proportional.
Dimr [2026-05-19 15:23:26.64093] #1 >> kernel: No Nodal Point Relations Specified, Set to (Default) Proportional.
** WARNING: Exponent of Discharge Ratio Set to Default: k = 1
Dimr [2026-05-19 15:23:26.64108] #1 >> kernel: Exponent of Discharge Ratio Set to Default: k = 1
** WARNING: Exponent of Width Ratio Set to Default    : m = 0
Dimr [2026-05-19 15:23:26.64114] #1 >> kernel: Exponent of Width Ratio Set to Default    : m = 0
** WARNING: No Nodal Point Relations Specified, Set to (Default) Proportional.
Dimr [2026-05-19 15:23:26.64828] #0 >> kernel: No Nodal Point Relations Specified, Set to (Default) Proportional.
** WARNING: Exponent of Discharge Ratio Set to Default: k = 1
Dimr [2026-05-19 15:23:26.64842] #0 >> kernel: Exponent of Discharge Ratio Set to Default: k = 1
** WARNING: Exponent of Width Ratio Set to Default    : m = 0
Dimr [2026-05-19 15:23:26.64848] #0 >> kernel: Exponent of Width Ratio Set to Default    : m = 0
** WARNING: unstruc::flow_sedmorinit - Morphopol set but file does not exist, morphopol not used.
Dimr [2026-05-19 15:23:26.65392] #2 >> kernel: unstruc::flow_sedmorinit - Morphopol set but file does not exist, morphopol not used.
** WARNING: unstruc::flow_sedmorinit - Morphopol set but file does not exist, morphopol not used.
Dimr [2026-05-19 15:23:26.66211] #7 >> kernel: unstruc::flow_sedmorinit - Morphopol set but file does not exist, morphopol not used.
** WARNING: unstruc::flow_sedmorinit - Morphopol set but file does not exist, morphopol not used.
Dimr [2026-05-19 15:23:26.66948] #4 >> kernel: unstruc::flow_sedmorinit - Morphopol set but file does not exist, morphopol not used.
** WARNING: unstruc::flow_sedmorinit - Morphopol set but file does not exist, morphopol not used.
Dimr [2026-05-19 15:23:26.67006] #5 >> kernel: unstruc::flow_sedmorinit - Morphopol set but file does not exist, morphopol not used.
** WARNING: unstruc::flow_sedmorinit - Morphopol set but file does not exist, morphopol not used.
Dimr [2026-05-19 15:23:26.67406] #3 >> kernel: unstruc::flow_sedmorinit - Morphopol set but file does not exist, morphopol not used.
** WARNING: unstruc::flow_sedmorinit - Morphopol set but file does not exist, morphopol not used.
Dimr [2026-05-19 15:23:26.68122] #1 >> kernel: unstruc::flow_sedmorinit - Morphopol set but file does not exist, morphopol not used.
** WARNING: unstruc::flow_sedmorinit - Morphopol set but file does not exist, morphopol not used.
Dimr [2026-05-19 15:23:26.68918] #0 >> kernel: unstruc::flow_sedmorinit - Morphopol set but file does not exist, morphopol not used.
** INFO   : List of constituents defined in the model
** INFO   :        1 salt
** INFO   :        2 temperature
** INFO   :        3 sand_fine
** INFO   :        4 silt_fine
** INFO   :        5 lagoon_tracer
** INFO   :        6 turbid_airport
** INFO   :        7 turbid_saltpans
** INFO   : Finding flow nodes...
** INFO   : List of constituents defined in the model
** INFO   :        1 salt
** INFO   :        2 temperature
** INFO   :        3 sand_fine
** INFO   :        4 silt_fine
** INFO   :        5 lagoon_tracer
** INFO   :        6 turbid_airport
** INFO   :        7 turbid_saltpans
** INFO   : done in      0.00100 sec.
** INFO   : Finding flow nodes...
** INFO   : List of constituents defined in the model
** INFO   :        1 salt
** INFO   :        2 temperature
** INFO   :        3 sand_fine
** INFO   :        4 silt_fine
** INFO   :        5 lagoon_tracer
** INFO   :        6 turbid_airport
** INFO   :        7 turbid_saltpans
** INFO   : Finding flow nodes...
** INFO   : List of constituents defined in the model
** INFO   :        1 salt
** INFO   :        2 temperature
** INFO   :        3 sand_fine
** INFO   :        4 silt_fine
** INFO   :        5 lagoon_tracer
** INFO   :        6 turbid_airport
** INFO   :        7 turbid_saltpans
** INFO   : List of constituents defined in the model
** INFO   :        1 salt
** INFO   :        2 temperature
** INFO   :        3 sand_fine
** INFO   :        4 silt_fine
** INFO   :        5 lagoon_tracer
** INFO   :        6 turbid_airport
** INFO   :        7 turbid_saltpans
** INFO   : Finding flow nodes...
** INFO   : Finding flow nodes...
** INFO   : List of constituents defined in the model
** INFO   :        1 salt
** INFO   :        2 temperature
** INFO   :        3 sand_fine
** INFO   :        4 silt_fine
** INFO   :        5 lagoon_tracer
** INFO   :        6 turbid_airport
** INFO   :        7 turbid_saltpans
** INFO   : done in      0.00100 sec.
** INFO   : Finding flow nodes...
** INFO   : List of constituents defined in the model
** INFO   :        1 salt
** INFO   :        2 temperature
** INFO   :        3 sand_fine
** INFO   :        4 silt_fine
** INFO   :        5 lagoon_tracer
** INFO   :        6 turbid_airport
** INFO   :        7 turbid_saltpans
** INFO   : Finding flow nodes...
** INFO   : done in      0.00100 sec.
** INFO   : List of constituents defined in the model
** INFO   :        1 salt
** INFO   :        2 temperature
** INFO   :        3 sand_fine
** INFO   :        4 silt_fine
** INFO   :        5 lagoon_tracer
** INFO   :        6 turbid_airport
** INFO   :        7 turbid_saltpans
** INFO   : done in      0.00100 sec.
** INFO   : Finding flow nodes...
** INFO   : done in      0.00100 sec.
** INFO   : done in      0.00100 sec.
** INFO   : done in      0.00100 sec.
** INFO   : done in      0.00100 sec.
** INFO   : minimum Coriolis parameter :       0.000090
** INFO   : maximum Coriolis parameter :       0.000090
** INFO   : minimum Coriolis parameter :       0.000090
** INFO   : maximum Coriolis parameter :       0.000090
** INFO   : minimum Coriolis parameter :       0.000090
** INFO   : maximum Coriolis parameter :       0.000090
** INFO   : minimum Coriolis parameter :       0.000089
** INFO   : maximum Coriolis parameter :       0.000090
** INFO   : minimum Coriolis parameter :       0.000090
** INFO   : maximum Coriolis parameter :       0.000090
** INFO   : minimum Coriolis parameter :       0.000089
** INFO   : maximum Coriolis parameter :       0.000090
** INFO   : minimum Coriolis parameter :       0.000089
** INFO   : maximum Coriolis parameter :       0.000090
** INFO   : minimum Coriolis parameter :       0.000089
** INFO   : maximum Coriolis parameter :       0.000090
** INFO   : Start initializing external forcings...
** INFO   : Start initializing external forcings...
** INFO   : Start initializing external forcings...
** INFO   : Reading initial field file 'initialFields.ini'.
** INFO   : Start initializing external forcings...
** INFO   : Reading initial field file 'initialFields.ini'.
** INFO   : Start initializing external forcings...
** INFO   : Reading initial field file 'initialFields.ini'.
** INFO   : Start initializing external forcings...
** INFO   : Reading initial field file 'initialFields.ini'.
** INFO   : Start initializing external forcings...
** INFO   : Reading initial field file 'initialFields.ini'.
** INFO   : Reading initial field file 'initialFields.ini'.
** INFO   : Start initializing external forcings...
** INFO   : Reading initial field file 'initialFields.ini'.
** INFO   : Reading initial field file 'initialFields.ini'.
** INFO   : Opened file : initialsalinity_hypersaline.xyz
** INFO   : Opened file : initialsalinity_hypersaline.xyz
** INFO   : Opened file : initialsalinity_hypersaline.xyz
** INFO   : Opened file : initialsalinity_hypersaline.xyz
** INFO   : Opened file : initialsalinity_hypersaline.xyz
** INFO   : Opened file : initialsalinity_hypersaline.xyz
** INFO   : Opened file : initialsalinity_hypersaline.xyz
** INFO   : Opened file : initialsalinity_hypersaline.xyz
** INFO   : merged 0 samples in .02 seconds.
** INFO   : merged 0 samples in .02 seconds.
** INFO   : merged 0 samples in .02 seconds.
** INFO   : Closed file : initialsalinity_hypersaline.xyz
** INFO   : Closed file : initialsalinity_hypersaline.xyz
** INFO   : Closed file : initialsalinity_hypersaline.xyz
** INFO   : merged 0 samples in .02 seconds.
** INFO   : Closed file : initialsalinity_hypersaline.xyz
** INFO   : merged 0 samples in .02 seconds.
** INFO   : merged 0 samples in .02 seconds.
** INFO   : merged 0 samples in .02 seconds.
** INFO   : Closed file : initialsalinity_hypersaline.xyz
** INFO   : Closed file : initialsalinity_hypersaline.xyz
** INFO   : Closed file : initialsalinity_hypersaline.xyz
** INFO   : merged 0 samples in .02 seconds.
** INFO   : Closed file : initialsalinity_hypersaline.xyz
** INFO   : add_tracer: tracer lagoon_tracer already exists. No update required.
** INFO   : Opened file : lagoon_tracer_init.xyz
** INFO   : add_tracer: tracer lagoon_tracer already exists. No update required.
** INFO   : Opened file : lagoon_tracer_init.xyz
** INFO   : add_tracer: tracer lagoon_tracer already exists. No update required.
** INFO   : Opened file : lagoon_tracer_init.xyz
** INFO   : add_tracer: tracer lagoon_tracer already exists. No update required.
** INFO   : Opened file : lagoon_tracer_init.xyz
** INFO   : add_tracer: tracer lagoon_tracer already exists. No update required.
** INFO   : Opened file : lagoon_tracer_init.xyz
** INFO   : add_tracer: tracer lagoon_tracer already exists. No update required.
** INFO   : Opened file : lagoon_tracer_init.xyz
** INFO   : add_tracer: tracer lagoon_tracer already exists. No update required.
** INFO   : Opened file : lagoon_tracer_init.xyz
** INFO   : add_tracer: tracer lagoon_tracer already exists. No update required.
** INFO   : Opened file : lagoon_tracer_init.xyz
** INFO   : merged 0 samples in .02 seconds.
** INFO   : Closed file : lagoon_tracer_init.xyz
** INFO   : merged 0 samples in .02 seconds.
** INFO   : Closed file : lagoon_tracer_init.xyz
** INFO   : merged 0 samples in .02 seconds.
** INFO   : Closed file : lagoon_tracer_init.xyz
** INFO   : merged 0 samples in .02 seconds.
** INFO   : Closed file : lagoon_tracer_init.xyz
** INFO   : merged 0 samples in .02 seconds.
** INFO   : Closed file : lagoon_tracer_init.xyz
** INFO   : merged 0 samples in .02 seconds.
** INFO   : Closed file : lagoon_tracer_init.xyz
** INFO   : merged 0 samples in .02 seconds.
** INFO   : Closed file : lagoon_tracer_init.xyz
** INFO   : merged 0 samples in .02 seconds.
** INFO   : Closed file : lagoon_tracer_init.xyz
** INFO   : add_tracer: tracer turbid_airport already exists. No update required.
** INFO   : Opened file : turbid_airport_init.xyz
** INFO   : add_tracer: tracer turbid_airport already exists. No update required.
** INFO   : Opened file : turbid_airport_init.xyz
** INFO   : add_tracer: tracer turbid_airport already exists. No update required.
** INFO   : Opened file : turbid_airport_init.xyz
** INFO   : add_tracer: tracer turbid_airport already exists. No update required.
** INFO   : Opened file : turbid_airport_init.xyz
** INFO   : add_tracer: tracer turbid_airport already exists. No update required.
** INFO   : Opened file : turbid_airport_init.xyz
** INFO   : add_tracer: tracer turbid_airport already exists. No update required.
** INFO   : Opened file : turbid_airport_init.xyz
** INFO   : add_tracer: tracer turbid_airport already exists. No update required.
** INFO   : Opened file : turbid_airport_init.xyz
** INFO   : add_tracer: tracer turbid_airport already exists. No update required.
** INFO   : Opened file : turbid_airport_init.xyz
** INFO   : merged 0 samples in .02 seconds.
** INFO   : Closed file : turbid_airport_init.xyz
** INFO   : merged 0 samples in .02 seconds.
** INFO   : Closed file : turbid_airport_init.xyz
** INFO   : merged 0 samples in .02 seconds.
** INFO   : Closed file : turbid_airport_init.xyz
** INFO   : merged 0 samples in .02 seconds.
** INFO   : Closed file : turbid_airport_init.xyz
** INFO   : merged 0 samples in .02 seconds.
** INFO   : Closed file : turbid_airport_init.xyz
** INFO   : merged 0 samples in .02 seconds.
** INFO   : merged 0 samples in .02 seconds.
** INFO   : Closed file : turbid_airport_init.xyz
** INFO   : Closed file : turbid_airport_init.xyz
** INFO   : merged 0 samples in .02 seconds.
** INFO   : Closed file : turbid_airport_init.xyz
** INFO   : add_tracer: tracer turbid_saltpans already exists. No update required.
** INFO   : Opened file : turbid_saltpans_init.xyz
** INFO   : add_tracer: tracer turbid_saltpans already exists. No update required.
** INFO   : Opened file : turbid_saltpans_init.xyz
** INFO   : add_tracer: tracer turbid_saltpans already exists. No update required.
** INFO   : Opened file : turbid_saltpans_init.xyz
** INFO   : add_tracer: tracer turbid_saltpans already exists. No update required.
** INFO   : Opened file : turbid_saltpans_init.xyz
** INFO   : add_tracer: tracer turbid_saltpans already exists. No update required.
** INFO   : Opened file : turbid_saltpans_init.xyz
** INFO   : add_tracer: tracer turbid_saltpans already exists. No update required.
** INFO   : Opened file : turbid_saltpans_init.xyz
** INFO   : add_tracer: tracer turbid_saltpans already exists. No update required.
** INFO   : Opened file : turbid_saltpans_init.xyz
** INFO   : add_tracer: tracer turbid_saltpans already exists. No update required.
** INFO   : Opened file : turbid_saltpans_init.xyz
** INFO   : merged 0 samples in .02 seconds.
** INFO   : Closed file : turbid_saltpans_init.xyz
** INFO   : merged 0 samples in .02 seconds.
** INFO   : Closed file : turbid_saltpans_init.xyz
** INFO   : merged 0 samples in .02 seconds.
** INFO   : Closed file : turbid_saltpans_init.xyz
** INFO   : merged 0 samples in .02 seconds.
** INFO   : Closed file : turbid_saltpans_init.xyz
** INFO   : merged 0 samples in .02 seconds.
** INFO   : Closed file : turbid_saltpans_init.xyz
** INFO   : merged 0 samples in .02 seconds.
** INFO   : Closed file : turbid_saltpans_init.xyz
** INFO   : merged 0 samples in .02 seconds.
** INFO   : Closed file : turbid_saltpans_init.xyz
** INFO   : merged 0 samples in .02 seconds.
** INFO   : Closed file : turbid_saltpans_init.xyz
** INFO   : Finish initializing the initial field file 'initialFields.ini':       5 blocks have been read and handled.
** INFO   : Finish initializing the initial field file 'initialFields.ini':       5 blocks have been read and handled.
** INFO   : Finish initializing the initial field file 'initialFields.ini':       5 blocks have been read and handled.
** INFO   : Finish initializing the initial field file 'initialFields.ini':       5 blocks have been read and handled.
** INFO   : Finish initializing the initial field file 'initialFields.ini':       5 blocks have been read and handled.
** INFO   : Finish initializing the initial field file 'initialFields.ini':       5 blocks have been read and handled.
** INFO   : Finish initializing the initial field file 'initialFields.ini':       5 blocks have been read and handled.
** INFO   : Finish initializing the initial field file 'initialFields.ini':       5 blocks have been read and handled.
** INFO   : Opened file : turbid_airport.pli
** INFO   : Closed file : turbid_airport.pli
** INFO   : Succesfully added lateral turbid_airport.
** INFO   : Opened file : turbid_saltpans.pli
** INFO   : Closed file : turbid_saltpans.pli
** INFO   : Opened file : turbid_airport.pli
** INFO   : Closed file : turbid_airport.pli
** INFO   : Succesfully added lateral turbid_saltpans.
** INFO   : Succesfully added lateral turbid_airport.
** INFO   : Opened file : turbid_saltpans.pli
** INFO   : Closed file : turbid_saltpans.pli
** INFO   : Succesfully added lateral turbid_saltpans.
** INFO   : Opened file : turbid_airport.pli
** INFO   : Closed file : turbid_airport.pli
** INFO   : Succesfully added lateral turbid_airport.
** INFO   : Opened file : turbid_saltpans.pli
** INFO   : Closed file : turbid_saltpans.pli
** INFO   : Succesfully added lateral turbid_saltpans.
** INFO   : Opened file : turbid_airport.pli
** INFO   : Closed file : turbid_airport.pli
** INFO   : Succesfully added lateral turbid_airport.
** INFO   : Opened file : turbid_saltpans.pli
** INFO   : Closed file : turbid_saltpans.pli
** INFO   : Succesfully added lateral turbid_saltpans.
** INFO   : Opened file : turbid_airport.pli
** INFO   : Closed file : turbid_airport.pli
** INFO   : Succesfully added lateral turbid_airport.
** INFO   : Opened file : turbid_saltpans.pli
** INFO   : Closed file : turbid_saltpans.pli
** INFO   : Succesfully added lateral turbid_saltpans.
** INFO   : Opened file : turbid_airport.pli
** INFO   : Closed file : turbid_airport.pli
** INFO   : Succesfully added lateral turbid_airport.
** INFO   : Opened file : turbid_saltpans.pli
** INFO   : Closed file : turbid_saltpans.pli
** INFO   : Opened file : turbid_airport.pli
** INFO   : Succesfully added lateral turbid_saltpans.
** INFO   : Closed file : turbid_airport.pli
** INFO   : Succesfully added lateral turbid_airport.
** INFO   : Opened file : turbid_saltpans.pli
** INFO   : Closed file : turbid_saltpans.pli
** INFO   : Succesfully added lateral turbid_saltpans.
** INFO   : Opened file : turbid_airport.pli
** INFO   : Closed file : turbid_airport.pli
** INFO   : Succesfully added lateral turbid_airport.
** INFO   : Opened file : turbid_saltpans.pli
** INFO   : Closed file : turbid_saltpans.pli
** INFO   : Succesfully added lateral turbid_saltpans.
** WARNING: While reading 'Stagnone_dxy01_15m_new.ext': keyword [lateral] name=Turbid pulse — Birgi airport drainage was in file, but not used. Check possible typo.
Dimr [2026-05-19 15:23:26.601262] #0 >> kernel: While reading 'Stagnone_dxy01_15m_new.ext': keyword [lateral] name=Turbid pulse — Birgi airport drainage was in file, but not used. Check possible typo.
** WARNING: While reading 'Stagnone_dxy01_15m_new.ext': keyword [lateral] name=Turbid pulse — Birgi airport drainage was in file, but not used. Check possible typo.
Dimr [2026-05-19 15:23:26.601259] #1 >> kernel: While reading 'Stagnone_dxy01_15m_new.ext': keyword [lateral] name=Turbid pulse — Birgi airport drainage was in file, but not used. Check possible typo.
** WARNING: While reading 'Stagnone_dxy01_15m_new.ext': keyword [lateral] name=Turbid pulse — Trapani saltpans outflow was in file, but not used. Check possible typo.
Dimr [2026-05-19 15:23:26.601282] #1 >> kernel: While reading 'Stagnone_dxy01_15m_new.ext': keyword [lateral] name=Turbid pulse — Trapani saltpans outflow was in file, but not used. Check possible typo.
** WARNING: While reading 'Stagnone_dxy01_15m_new.ext': keyword [lateral] name=Turbid pulse — Birgi airport drainage was in file, but not used. Check possible typo.
Dimr [2026-05-19 15:23:26.601256] #2 >> kernel: While reading 'Stagnone_dxy01_15m_new.ext': keyword [lateral] name=Turbid pulse — Birgi airport drainage was in file, but not used. Check possible typo.
** WARNING: While reading 'Stagnone_dxy01_15m_new.ext': keyword [lateral] name=Turbid pulse — Trapani saltpans outflow was in file, but not used. Check possible typo.
Dimr [2026-05-19 15:23:26.601281] #2 >> kernel: While reading 'Stagnone_dxy01_15m_new.ext': keyword [lateral] name=Turbid pulse — Trapani saltpans outflow was in file, but not used. Check possible typo.
** WARNING: While reading 'Stagnone_dxy01_15m_new.ext': keyword [lateral] name=Turbid pulse — Birgi airport drainage was in file, but not used. Check possible typo.
** WARNING: While reading 'Stagnone_dxy01_15m_new.ext': keyword [lateral] name=Turbid pulse — Birgi airport drainage was in file, but not used. Check possible typo.
Dimr [2026-05-19 15:23:26.601261] #4 >> kernel: While reading 'Stagnone_dxy01_15m_new.ext': keyword [lateral] name=Turbid pulse — Birgi airport drainage was in file, but not used. Check possible typo.
** WARNING: While reading 'Stagnone_dxy01_15m_new.ext': keyword [lateral] name=Turbid pulse — Trapani saltpans outflow was in file, but not used. Check possible typo.
Dimr [2026-05-19 15:23:26.601281] #4 >> kernel: While reading 'Stagnone_dxy01_15m_new.ext': keyword [lateral] name=Turbid pulse — Trapani saltpans outflow was in file, but not used. Check possible typo.
** WARNING: While reading 'Stagnone_dxy01_15m_new.ext': keyword [lateral] name=Turbid pulse — Birgi airport drainage was in file, but not used. Check possible typo.
Dimr [2026-05-19 15:23:26.601256] #5 >> kernel: While reading 'Stagnone_dxy01_15m_new.ext': keyword [lateral] name=Turbid pulse — Birgi airport drainage was in file, but not used. Check possible typo.
** WARNING: While reading 'Stagnone_dxy01_15m_new.ext': keyword [lateral] name=Turbid pulse — Trapani saltpans outflow was in file, but not used. Check possible typo.
Dimr [2026-05-19 15:23:26.601277] #5 >> kernel: While reading 'Stagnone_dxy01_15m_new.ext': keyword [lateral] name=Turbid pulse — Trapani saltpans outflow was in file, but not used. Check possible typo.
** WARNING: While reading 'Stagnone_dxy01_15m_new.ext': keyword [lateral] name=Turbid pulse — Birgi airport drainage was in file, but not used. Check possible typo.
Dimr [2026-05-19 15:23:26.601262] #6 >> kernel: While reading 'Stagnone_dxy01_15m_new.ext': keyword [lateral] name=Turbid pulse — Birgi airport drainage was in file, but not used. Check possible typo.
** WARNING: While reading 'Stagnone_dxy01_15m_new.ext': keyword [lateral] name=Turbid pulse — Trapani saltpans outflow was in file, but not used. Check possible typo.
Dimr [2026-05-19 15:23:26.601281] #6 >> kernel: While reading 'Stagnone_dxy01_15m_new.ext': keyword [lateral] name=Turbid pulse — Trapani saltpans outflow was in file, but not used. Check possible typo.
** WARNING: While reading 'Stagnone_dxy01_15m_new.ext': keyword [lateral] name=Turbid pulse — Birgi airport drainage was in file, but not used. Check possible typo.
Dimr [2026-05-19 15:23:26.601252] #7 >> kernel: While reading 'Stagnone_dxy01_15m_new.ext': keyword [lateral] name=Turbid pulse — Birgi airport drainage was in file, but not used. Check possible typo.
** WARNING: While reading 'Stagnone_dxy01_15m_new.ext': keyword [lateral] name=Turbid pulse — Trapani saltpans outflow was in file, but not used. Check possible typo.
Dimr [2026-05-19 15:23:26.601277] #7 >> kernel: While reading 'Stagnone_dxy01_15m_new.ext': keyword [lateral] name=Turbid pulse — Trapani saltpans outflow was in file, but not used. Check possible typo.
** WARNING: While reading 'Stagnone_dxy01_15m_new.ext': keyword [lateral] name=Turbid pulse — Trapani saltpans outflow was in file, but not used. Check possible typo.
Dimr [2026-05-19 15:23:26.601286] #0 >> kernel: While reading 'Stagnone_dxy01_15m_new.ext': keyword [lateral] name=Turbid pulse — Trapani saltpans outflow was in file, but not used. Check possible typo.
** INFO   : External Forcing or Initialising 'nudge_salinity_temperature' from file 'nudge_salinity_temperature_2025-07-01_00-00-00.nc'.
** INFO   : External Forcing or Initialising 'nudge_salinity_temperature' from file 'nudge_salinity_temperature_2025-07-01_00-00-00.nc'.
** INFO   : External Forcing or Initialising 'nudge_salinity_temperature' from file 'nudge_salinity_temperature_2025-07-01_00-00-00.nc'.
Dimr [2026-05-19 15:23:26.601614] #3 >> kernel: While reading 'Stagnone_dxy01_15m_new.ext': keyword [lateral] name=Turbid pulse — Birgi airport drainage was in file, but not used. Check possible typo.
** WARNING: While reading 'Stagnone_dxy01_15m_new.ext': keyword [lateral] name=Turbid pulse — Trapani saltpans outflow was in file, but not used. Check possible typo.
Dimr [2026-05-19 15:23:26.601636] #3 >> kernel: While reading 'Stagnone_dxy01_15m_new.ext': keyword [lateral] name=Turbid pulse — Trapani saltpans outflow was in file, but not used. Check possible typo.
** INFO   : External Forcing or Initialising 'nudge_salinity_temperature' from file 'nudge_salinity_temperature_2025-07-01_00-00-00.nc'.
** INFO   : External Forcing or Initialising 'nudge_salinity_temperature' from file 'nudge_salinity_temperature_2025-07-01_00-00-00.nc'.
** INFO   : External Forcing or Initialising 'nudge_salinity_temperature' from file 'nudge_salinity_temperature_2025-07-01_00-00-00.nc'.
** INFO   : External Forcing or Initialising 'nudge_salinity_temperature' from file 'nudge_salinity_temperature_2025-07-01_00-00-00.nc'.
** INFO   : External Forcing or Initialising 'nudge_salinity_temperature' from file 'nudge_salinity_temperature_2025-07-01_00-00-00.nc'.
** INFO   : nudge_salinity_temperature: bounding box col0-col1 X row0-row1 = 1-9 X 1-6, ncols X nrows = 9 X 6, relcol X relrow = 1.00 X 1.00 = 1.00
** INFO   : sparse: data size = 12, ncols X nrows = 9 X 6 = 54 factor = 0.22
** INFO   : External Forcing or Initialising 'rainfall_rate' from file 'era5_mer_20250701to20250713_ERA5.nc'.
** INFO   : nudge_salinity_temperature: bounding box col0-col1 X row0-row1 = 1-9 X 1-6, ncols X nrows = 9 X 6, relcol X relrow = 1.00 X 1.00 = 1.00
** INFO   : sparse: data size = 20, ncols X nrows = 9 X 6 = 54 factor = 0.37
** INFO   : nudge_salinity_temperature: bounding box col0-col1 X row0-row1 = 1-9 X 1-6, ncols X nrows = 9 X 6, relcol X relrow = 1.00 X 1.00 = 1.00
** INFO   : sparse: data size = 18, ncols X nrows = 9 X 6 = 54 factor = 0.33
** INFO   : External Forcing or Initialising 'rainfall_rate' from file 'era5_mer_20250701to20250713_ERA5.nc'.
** INFO   : External Forcing or Initialising 'rainfall_rate' from file 'era5_mer_20250701to20250713_ERA5.nc'.
** INFO   : nudge_salinity_temperature: bounding box col0-col1 X row0-row1 = 1-9 X 1-6, ncols X nrows = 9 X 6, relcol X relrow = 1.00 X 1.00 = 1.00
** INFO   : sparse: data size = 24, ncols X nrows = 9 X 6 = 54 factor = 0.44
** INFO   : nudge_salinity_temperature: bounding box col0-col1 X row0-row1 = 1-9 X 1-6, ncols X nrows = 9 X 6, relcol X relrow = 1.00 X 1.00 = 1.00
** INFO   : sparse: data size = 21, ncols X nrows = 9 X 6 = 54 factor = 0.39
** INFO   : nudge_salinity_temperature: bounding box col0-col1 X row0-row1 = 1-9 X 1-6, ncols X nrows = 9 X 6, relcol X relrow = 1.00 X 1.00 = 1.00
** INFO   : sparse: data size = 28, ncols X nrows = 9 X 6 = 54 factor = 0.52
** INFO   : External Forcing or Initialising 'rainfall_rate' from file 'era5_mer_20250701to20250713_ERA5.nc'.
** INFO   : External Forcing or Initialising 'rainfall_rate' from file 'era5_mer_20250701to20250713_ERA5.nc'.
** INFO   : External Forcing or Initialising 'rainfall_rate' from file 'era5_mer_20250701to20250713_ERA5.nc'.
** INFO   : nudge_salinity_temperature: bounding box col0-col1 X row0-row1 = 1-9 X 1-6, ncols X nrows = 9 X 6, relcol X relrow = 1.00 X 1.00 = 1.00
** INFO   : sparse: data size = 18, ncols X nrows = 9 X 6 = 54 factor = 0.33
** INFO   : nudge_salinity_temperature: bounding box col0-col1 X row0-row1 = 1-9 X 1-6, ncols X nrows = 9 X 6, relcol X relrow = 1.00 X 1.00 = 1.00
** INFO   : sparse: data size = 4, ncols X nrows = 9 X 6 = 54 factor = 0.07
** INFO   : External Forcing or Initialising 'rainfall_rate' from file 'era5_mer_20250701to20250713_ERA5.nc'.
** INFO   : External Forcing or Initialising 'rainfall_rate' from file 'era5_mer_20250701to20250713_ERA5.nc'.
** INFO   : Closed file : Stagnone_dxy01_15m_old.ext
** INFO   : Closed file : Stagnone_dxy01_15m_old.ext
** INFO   : Closed file : Stagnone_dxy01_15m_old.ext
** INFO   : Closed file : Stagnone_dxy01_15m_old.ext
** INFO   : Closed file : Stagnone_dxy01_15m_old.ext
** INFO   : Closed file : Stagnone_dxy01_15m_old.ext
** INFO   : Closed file : Stagnone_dxy01_15m_old.ext
** INFO   : Closed file : Stagnone_dxy01_15m_old.ext
** INFO   : Done initializing external forcings.
** INFO   : Done initializing external forcings.
** INFO   : Done initializing external forcings.
** INFO   : Done initializing external forcings.
** INFO   : Done initializing external forcings.
** INFO   : Done initializing external forcings.
** INFO   : Done initializing external forcings.
** INFO   : Done initializing external forcings.
** INFO   : The restart file does not contain waterlevel info. on boundaries
** INFO   : Check flownodes numbering when restart:
** INFO   : Check flowlinks numbering when restart:
** INFO   : Check flownodes numbering when restart:
** INFO   : Check flowlinks numbering when restart:
** INFO   : The restart file is of an old version, therefore no bedlevel info is read
** INFO   : The restart file does not contain waterlevel info. on boundaries
** INFO   : Check flownodes numbering when restart:
** INFO   : Check flownodes numbering when restart:
** INFO   : The restart file does not contain waterlevel info. on boundaries
** INFO   : Check flownodes numbering when restart:
** INFO   : Check flownodes numbering when restart:
** INFO   : Check flownodes numbering when restart:
** INFO   : Check flowlinks numbering when restart:
** INFO   : Check flowlinks numbering when restart:
** INFO   : Check flownodes numbering when restart:
** INFO   : Check flowlinks numbering when restart:
** INFO   : Check flowlinks numbering when restart:
** INFO   : Check flowlinks numbering when restart:
** INFO   : Check flowlinks numbering when restart:
** INFO   : The restart file is of an old version, therefore no bedlevel info is read
** INFO   : The restart file is of an old version, therefore no bedlevel info is read
** INFO   : Finding flow nodes...
** INFO   : Finding flow nodes...
** INFO   : Finding flow nodes...
** INFO   : Finding flow nodes...
** INFO   : Finding flow nodes...
** INFO   : done in      0.00100 sec.
** INFO   : Finding flow nodes...
** INFO   : done in      0.00100 sec.
** INFO   : Finding flow nodes...
** INFO   : Finding flow nodes...
** INFO   : done in      0.00100 sec.
** INFO   : done in      0.00100 sec.
** INFO   : done in      0.00100 sec.
** INFO   : done in      0.00100 sec.
** INFO   : done in      0.00100 sec.
** INFO   : done in      0.00100 sec.
** WARNING: No humidity or dewpoint, airtemperature and cloudiness forcing found, setting temperature model [physics:Temperature] = 1 (Only transport)
Dimr [2026-05-19 15:23:27.155820] #6 >> kernel: No humidity or dewpoint, airtemperature and cloudiness forcing found, setting temperature model [physics:Temperature] = 1 (Only transport)
** WARNING: No humidity or dewpoint, airtemperature and cloudiness forcing found, setting temperature model [physics:Temperature] = 1 (Only transport)
Dimr [2026-05-19 15:23:27.159498] #4 >> kernel: No humidity or dewpoint, airtemperature and cloudiness forcing found, setting temperature model [physics:Temperature] = 1 (Only transport)
** WARNING: No humidity or dewpoint, airtemperature and cloudiness forcing found, setting temperature model [physics:Temperature] = 1 (Only transport)
Dimr [2026-05-19 15:23:27.163862] #2 >> kernel: No humidity or dewpoint, airtemperature and cloudiness forcing found, setting temperature model [physics:Temperature] = 1 (Only transport)
** WARNING: No humidity or dewpoint, airtemperature and cloudiness forcing found, setting temperature model [physics:Temperature] = 1 (Only transport)
Dimr [2026-05-19 15:23:27.164846] #5 >> kernel: No humidity or dewpoint, airtemperature and cloudiness forcing found, setting temperature model [physics:Temperature] = 1 (Only transport)
** WARNING: No humidity or dewpoint, airtemperature and cloudiness forcing found, setting temperature model [physics:Temperature] = 1 (Only transport)
Dimr [2026-05-19 15:23:27.485414] #7 >> kernel: No humidity or dewpoint, airtemperature and cloudiness forcing found, setting temperature model [physics:Temperature] = 1 (Only transport)
** WARNING: No humidity or dewpoint, airtemperature and cloudiness forcing found, setting temperature model [physics:Temperature] = 1 (Only transport)
Dimr [2026-05-19 15:23:27.494208] #1 >> kernel: No humidity or dewpoint, airtemperature and cloudiness forcing found, setting temperature model [physics:Temperature] = 1 (Only transport)
** WARNING: No humidity or dewpoint, airtemperature and cloudiness forcing found, setting temperature model [physics:Temperature] = 1 (Only transport)
Dimr [2026-05-19 15:23:27.504248] #3 >> kernel: No humidity or dewpoint, airtemperature and cloudiness forcing found, setting temperature model [physics:Temperature] = 1 (Only transport)
** WARNING: No humidity or dewpoint, airtemperature and cloudiness forcing found, setting temperature model [physics:Temperature] = 1 (Only transport)
Dimr [2026-05-19 15:23:27.504462] #0 >> kernel: No humidity or dewpoint, airtemperature and cloudiness forcing found, setting temperature model [physics:Temperature] = 1 (Only transport)
** INFO   : nogauss , nocg :           2185          1108
** INFO   : nogauss , nocg :           1930          1577
** INFO   : nogauss , nocg :           2184          1338
** INFO   : nogauss , nocg :           2048          1286
** INFO   : nogauss , nocg :           1941          1560
** INFO   : nogauss , nocg :           2039          1568
** INFO   : nogauss , nocg :           2177          1424
** INFO   : nogauss , nocg :           2160          1559
** WARNING: Programming error, please report: any_structures_lie_across_multiple_partitions found no partitions with nodes!
Dimr [2026-05-19 15:23:27.522378] #0 >> kernel: Programming error, please report: any_structures_lie_across_multiple_partitions found no partitions with nodes!
** WARNING: Programming error, please report: any_structures_lie_across_multiple_partitions found no partitions with nodes!
Dimr [2026-05-19 15:23:27.522378] #1 >> kernel: Programming error, please report: any_structures_lie_across_multiple_partitions found no partitions with nodes!
** WARNING: Programming error, please report: any_structures_lie_across_multiple_partitions found no partitions with nodes!
Dimr [2026-05-19 15:23:27.522378] #2 >> kernel: Programming error, please report: any_structures_lie_across_multiple_partitions found no partitions with nodes!
** WARNING: Programming error, please report: any_structures_lie_across_multiple_partitions found no partitions with nodes!
Dimr [2026-05-19 15:23:27.522378] #3 >> kernel: Programming error, please report: any_structures_lie_across_multiple_partitions found no partitions with nodes!
** WARNING: Programming error, please report: any_structures_lie_across_multiple_partitions found no partitions with nodes!
Dimr [2026-05-19 15:23:27.522385] #4 >> kernel: Programming error, please report: any_structures_lie_across_multiple_partitions found no partitions with nodes!
** WARNING: Programming error, please report: any_structures_lie_across_multiple_partitions found no partitions with nodes!
Dimr [2026-05-19 15:23:27.522383] #5 >> kernel: Programming error, please report: any_structures_lie_across_multiple_partitions found no partitions with nodes!
** WARNING: Programming error, please report: any_structures_lie_across_multiple_partitions found no partitions with nodes!
Dimr [2026-05-19 15:23:27.522383] #6 >> kernel: Programming error, please report: any_structures_lie_across_multiple_partitions found no partitions with nodes!
** WARNING: Programming error, please report: any_structures_lie_across_multiple_partitions found no partitions with nodes!
Dimr [2026-05-19 15:23:27.522384] #7 >> kernel: Programming error, please report: any_structures_lie_across_multiple_partitions found no partitions with nodes!
** INFO   : Finding flow nodes...
** INFO   : Finding flow nodes...
** INFO   : Finding flow nodes...
** INFO   : Finding flow nodes...
** INFO   : Finding flow nodes...
** INFO   : Finding flow nodes...
** INFO   : Finding flow nodes...
** INFO   : Finding flow nodes...
** INFO   : done in      0.00100 sec.
** INFO   : done in      0.00100 sec.
** INFO   : done in      0.00100 sec.
** INFO   : done in      0.00100 sec.
** INFO   : done in      0.00100 sec.
** INFO   : done in      0.00100 sec.
** INFO   : done in      0.00100 sec.
** INFO   : done in      0.00100 sec.
** WARNING: Viscosity coefficient was limited for 30 links.
Dimr [2026-05-19 15:23:27.534979] #6 >> kernel: Viscosity coefficient was limited for 30 links.
** WARNING: Viscosity coefficient was limited for 10 links.
Dimr [2026-05-19 15:23:27.536269] #3 >> kernel: Viscosity coefficient was limited for 10 links.
** INFO   : ** Model initialization was successful **
** INFO   : * Active Model definition:
** INFO   : ** Model initialization was successful **
** INFO   : * Active Model definition:
** INFO   : ** Model initialization was successful **
** INFO   : * Active Model definition:
** INFO   : **
** INFO   : Writing cache file: Stagnone_dxy01_15m_0006.cache, version: D-Flow FM, cache file, 1.01
** INFO   : **
** INFO   : Writing cache file: Stagnone_dxy01_15m_0000.cache, version: D-Flow FM, cache file, 1.01
** INFO   : **
** INFO   : Writing cache file: Stagnone_dxy01_15m_0003.cache, version: D-Flow FM, cache file, 1.01
** INFO   : ** Model initialization was successful **
** INFO   : * Active Model definition:
** INFO   : ** Model initialization was successful **
** INFO   : * Active Model definition:
** INFO   : Modelinit finished   at: 15:23:27, 19-05-2026
** INFO   : 
** INFO   : 
** INFO   : nr of netnodes               ( )  :                     1791
** INFO   : nr of netlinks               ( )  :                     5086
** INFO   : 
** INFO   : nr of 2D netlinks            ( )  :                     5086
** INFO   : ** Model initialization was successful **
** INFO   : * Active Model definition:
** INFO   : ** Model initialization was successful **
** INFO   : * Active Model definition:
** INFO   : nr of 1D netlinks            ( )  :                        0
** INFO   : 
** INFO   : nr of netcells               ( )  :                     3293
** INFO   : nr of netcells 1D2D          ( )  :                     3293
** INFO   : 
** INFO   : nr of flownodes              ( )  :                     3293
** INFO   : nr of internal flownodes     ( )  :                     3293
** INFO   : nr of 2D internal flownodes  ( )  :                     3293
** INFO   : nr of 1D internal flownodes  ( )  :                        0
** INFO   : 
** INFO   : nr of openbnd cells       ( )     :                        0
** INFO   : nr of 2D boundaries       ( )     :                        0
** INFO   : nr of 1D boundaries       ( )     :                        0
** INFO   : nr of flowlinks           ( )     :                     4817
** INFO   : nr of internal links      ( )     :                     4817
** INFO   : nr of 1D links            ( )     :                        0
** INFO   : 
** INFO   : nr of closed walls     ( )  :                      269
** INFO   : max nr of layers       ( )  :                       10
** INFO   : nr of 3D cells         ( )  :                    32930
** INFO   : nr of 3D links         ( )  :                    48170
** INFO   : 
** INFO   : 
** INFO   : my model area          (m2) :         0.1437861189E+08
** INFO   : ** Model initialization was successful **
** INFO   : * Active Model definition:
** INFO   : **
** INFO   : Writing cache file: Stagnone_dxy01_15m_0001.cache, version: D-Flow FM, cache file, 1.01
** INFO   : **
** INFO   : **
** INFO   : Writing cache file: Stagnone_dxy01_15m_0004.cache, version: D-Flow FM, cache file, 1.01
** INFO   : Writing cache file: Stagnone_dxy01_15m_0002.cache, version: D-Flow FM, cache file, 1.01
** INFO   : Modelinit finished   at: 15:23:27, 19-05-2026
** INFO   : 
** INFO   : 
** INFO   : Modelinit finished   at: 15:23:27, 19-05-2026
** INFO   : 
** INFO   : 
** INFO   : nr of netnodes               ( )  :                     3266
** INFO   : nr of netlinks               ( )  :                     6867
** INFO   : 
** INFO   : nr of 2D netlinks            ( )  :                     6867
** INFO   : nr of 1D netlinks            ( )  :                        0
** INFO   : 
** INFO   : nr of netcells               ( )  :                     3601
** INFO   : nr of netnodes               ( )  :                     3397
** INFO   : nr of netlinks               ( )  :                     7115
** INFO   : 
** INFO   : nr of 2D netlinks            ( )  :                     7115
** INFO   : nr of 1D netlinks            ( )  :                        0
** INFO   : 
** INFO   : nr of netcells               ( )  :                     3719
** INFO   : nr of netcells 1D2D          ( )  :                     3719
** INFO   : 
** INFO   : nr of flownodes              ( )  :                     3719
** INFO   : nr of internal flownodes     ( )  :                     3719
** INFO   : nr of netcells 1D2D          ( )  :                     3601
** INFO   : 
** INFO   : nr of flownodes              ( )  :                     3601
** INFO   : nr of internal flownodes     ( )  :                     3601
** INFO   : nr of 2D internal flownodes  ( )  :                     3601
** INFO   : nr of 1D internal flownodes  ( )  :                        0
** INFO   : 
** INFO   : nr of openbnd cells       ( )     :                        0
** INFO   : **
** INFO   : nr of 2D internal flownodes  ( )  :                     3719
** INFO   : nr of 1D internal flownodes  ( )  :                        0
** INFO   : 
** INFO   : nr of openbnd cells       ( )     :                        0
** INFO   : nr of 2D boundaries       ( )     :                        0
** INFO   : nr of 1D boundaries       ( )     :                        0
** INFO   : nr of flowlinks           ( )     :                     6639
** INFO   : nr of internal links      ( )     :                     6639
** INFO   : nr of 1D links            ( )     :                        0
** INFO   : 
** INFO   : nr of closed walls     ( )  :                      476
** INFO   : nr of 2D boundaries       ( )     :                        0
** INFO   : nr of 1D boundaries       ( )     :                        0
** INFO   : nr of flowlinks           ( )     :                     6286
** INFO   : nr of internal links      ( )     :                     6286
** INFO   : nr of 1D links            ( )     :                        0
** INFO   : 
** INFO   : nr of closed walls     ( )  :                      581
** INFO   : max nr of layers       ( )  :                       10
** INFO   : nr of 3D cells         ( )  :                    36010
** INFO   : nr of 3D links         ( )  :                    62860
** INFO   : 
** INFO   : 
** INFO   : max nr of layers       ( )  :                       10
** INFO   : nr of 3D cells         ( )  :                    37190
** INFO   : nr of 3D links         ( )  :                    66390
** INFO   : 
** INFO   : 
** INFO   : my model area          (m2) :         0.1325437043E+09
** INFO   : my model area          (m2) :         0.1661727062E+09
** INFO   : Writing cache file: Stagnone_dxy01_15m_0005.cache, version: D-Flow FM, cache file, 1.01
** INFO   : **
** INFO   : Writing cache file: Stagnone_dxy01_15m_0007.cache, version: D-Flow FM, cache file, 1.01
** INFO   : Modelinit finished   at: 15:23:27, 19-05-2026
** INFO   : 
** INFO   : 
** INFO   : nr of netnodes               ( )  :                     3094
** INFO   : nr of netlinks               ( )  :                     6413
** INFO   : 
** INFO   : nr of 2D netlinks            ( )  :                     6413
** INFO   : nr of 1D netlinks            ( )  :                        0
** INFO   : 
** INFO   : nr of netcells               ( )  :                     3319
** INFO   : nr of netcells 1D2D          ( )  :                     3319
** INFO   : 
** INFO   : nr of flownodes              ( )  :                     3334
** INFO   : nr of internal flownodes     ( )  :                     3319
** INFO   : nr of 2D internal flownodes  ( )  :                     3319
** INFO   : nr of 1D internal flownodes  ( )  :                        0
** INFO   : 
** INFO   : nr of openbnd cells       ( )     :                       15
** INFO   : nr of 2D boundaries       ( )     :                       15
** INFO   : nr of 1D boundaries       ( )     :                        0
** INFO   : nr of flowlinks           ( )     :                     5908
** INFO   : nr of internal links      ( )     :                     5893
** INFO   : nr of 1D links            ( )     :                        0
** INFO   : 
** INFO   : nr of closed walls     ( )  :                      505
** INFO   : max nr of layers       ( )  :                       10
** INFO   : nr of 3D cells         ( )  :                    33340
** INFO   : nr of 3D links         ( )  :                    59080
** INFO   : 
** INFO   : 
** INFO   : my model area          (m2) :         0.9498764792E+08
** INFO   : Modelinit finished   at: 15:23:27, 19-05-2026
** INFO   : 
** INFO   : 
** INFO   : nr of netnodes               ( )  :                     3239
** INFO   : nr of netlinks               ( )  :                     6807
** INFO   : 
** INFO   : nr of 2D netlinks            ( )  :                     6807
** INFO   : nr of 1D netlinks            ( )  :                        0
** INFO   : 
** INFO   : nr of netcells               ( )  :                     3569
** INFO   : nr of netcells 1D2D          ( )  :                     3569
** INFO   : 
** INFO   : nr of flownodes              ( )  :                     3607
** INFO   : nr of internal flownodes     ( )  :                     3569
** INFO   : nr of 2D internal flownodes  ( )  :                     3569
** INFO   : nr of 1D internal flownodes  ( )  :                        0
** INFO   : 
** INFO   : nr of openbnd cells       ( )     :                       38
** INFO   : nr of 2D boundaries       ( )     :                       38
** INFO   : nr of 1D boundaries       ( )     :                        0
** INFO   : nr of flowlinks           ( )     :                     6532
** INFO   : nr of internal links      ( )     :                     6494
** INFO   : nr of 1D links            ( )     :                        0
** INFO   : 
** INFO   : nr of closed walls     ( )  :                      275
** INFO   : max nr of layers       ( )  :                       10
** INFO   : nr of 3D cells         ( )  :                    36070
** INFO   : nr of 3D links         ( )  :                    65320
** INFO   : 
** INFO   : 
** INFO   : my model area          (m2) :         0.1977067821E+09
** INFO   : Modelinit finished   at: 15:23:27, 19-05-2026
** INFO   : 
** INFO   : 
** INFO   : nr of netnodes               ( )  :                     3134
** INFO   : nr of netlinks               ( )  :                     6602
** INFO   : 
** INFO   : nr of 2D netlinks            ( )  :                     6602
** INFO   : nr of 1D netlinks            ( )  :                        0
** INFO   : 
** INFO   : nr of netcells               ( )  :                     3468
** INFO   : nr of netcells 1D2D          ( )  :                     3468
** INFO   : 
** INFO   : nr of flownodes              ( )  :                     3501
** INFO   : nr of internal flownodes     ( )  :                     3468
** INFO   : nr of 2D internal flownodes  ( )  :                     3468
** INFO   : nr of 1D internal flownodes  ( )  :                        0
** INFO   : 
** INFO   : nr of openbnd cells       ( )     :                       33
** INFO   : nr of 2D boundaries       ( )     :                       33
** INFO   : nr of 1D boundaries       ( )     :                        0
** INFO   : nr of flowlinks           ( )     :                     6351
** INFO   : nr of internal links      ( )     :                     6318
** INFO   : nr of 1D links            ( )     :                        0
** INFO   : 
** INFO   : nr of closed walls     ( )  :                      251
** INFO   : max nr of layers       ( )  :                       10
** INFO   : nr of 3D cells         ( )  :                    35010
** INFO   : nr of 3D links         ( )  :                    63510
** INFO   : 
** INFO   : 
** INFO   : my model area          (m2) :         0.2291706163E+09
** INFO   : Modelinit finished   at: 15:23:27, 19-05-2026
** INFO   : 
** INFO   : 
** INFO   : nr of netnodes               ( )  :                     3188
** INFO   : nr of netlinks               ( )  :                     6631
** INFO   : 
** INFO   : nr of 2D netlinks            ( )  :                     6631
** INFO   : nr of 1D netlinks            ( )  :                        0
** INFO   : 
** INFO   : nr of netcells               ( )  :                     3444
** INFO   : nr of netcells 1D2D          ( )  :                     3444
** INFO   : 
** INFO   : nr of flownodes              ( )  :                     3507
** INFO   : nr of internal flownodes     ( )  :                     3444
** INFO   : nr of 2D internal flownodes  ( )  :                     3444
** INFO   : nr of 1D internal flownodes  ( )  :                        0
** INFO   : 
** INFO   : nr of openbnd cells       ( )     :                       63
** INFO   : nr of 2D boundaries       ( )     :                       63
** INFO   : nr of 1D boundaries       ( )     :                        0
** INFO   : nr of flowlinks           ( )     :                     6428
** INFO   : nr of internal links      ( )     :                     6365
** INFO   : nr of 1D links            ( )     :                        0
** INFO   : 
** INFO   : nr of closed walls     ( )  :                      203
** INFO   : max nr of layers       ( )  :                       10
** INFO   : nr of 3D cells         ( )  :                    35070
** INFO   : nr of 3D links         ( )  :                    64280
** INFO   : 
** INFO   : 
** INFO   : my model area          (m2) :         0.5524560489E+09
** INFO   : Modelinit finished   at: 15:23:27, 19-05-2026
** INFO   : 
** INFO   : 
** INFO   : nr of netnodes               ( )  :                     2828
** INFO   : nr of netlinks               ( )  :                     6315
** INFO   : 
** INFO   : nr of 2D netlinks            ( )  :                     6315
** INFO   : nr of 1D netlinks            ( )  :                        0
** INFO   : 
** INFO   : nr of netcells               ( )  :                     3488
** INFO   : nr of netcells 1D2D          ( )  :                     3488
** INFO   : 
** INFO   : nr of flownodes              ( )  :                     3522
** INFO   : nr of internal flownodes     ( )  :                     3488
** INFO   : nr of 2D internal flownodes  ( )  :                     3488
** INFO   : nr of 1D internal flownodes  ( )  :                        0
** INFO   : 
** INFO   : nr of openbnd cells       ( )     :                       34
** INFO   : nr of 2D boundaries       ( )     :                       34
** INFO   : nr of 1D boundaries       ( )     :                        0
** INFO   : nr of flowlinks           ( )     :                     5861
** INFO   : nr of internal links      ( )     :                     5827
** INFO   : nr of 1D links            ( )     :                        0
** INFO   : 
** INFO   : nr of closed walls     ( )  :                      454
** INFO   : max nr of layers       ( )  :                       10
** INFO   : nr of 3D cells         ( )  :                    35220
** INFO   : nr of 3D links         ( )  :                    58610
** INFO   : 
** INFO   : 
** INFO   : my model area          (m2) :         0.4128410741E+09
** INFO   : total model area       (m2) :         0.1800257192E+10
** INFO   : total model area       (m2) :         0.1800257192E+10
** INFO   : my model volume        (m3) :         0.2317136165E+11
** INFO   : total model volume     (m3) :         0.3147240452E+12
** INFO   : total model area       (m2) :         0.1800257192E+10
** INFO   : my model volume        (m3) :         0.2376258428E+10
** INFO   : total model volume     (m3) :         0.3147240452E+12
** INFO   : 
** INFO   : 
** INFO   : total model area       (m2) :         0.1800257192E+10
** INFO   : my model volume        (m3) :         0.8154832948E+10
** INFO   : total model volume     (m3) :         0.3147240452E+12
** INFO   : 
** INFO   : 
** INFO   : total model area       (m2) :         0.1800257192E+10
** INFO   : my model volume        (m3) :         0.5368737935E+11
** INFO   : total model volume     (m3) :         0.3147240452E+12
** INFO   : 
** INFO   : 
** INFO   : total model area       (m2) :         0.1800257192E+10
** INFO   : my model volume        (m3) :         0.1717110348E+12
** INFO   : total model volume     (m3) :         0.3147240452E+12
** INFO   : 
** INFO   : 
** INFO   : total model area       (m2) :         0.1800257192E+10
** INFO   : my model volume        (m3) :         0.1151338015E+08
** INFO   : total model volume     (m3) :         0.3147240452E+12
** INFO   : 
** INFO   : 
** INFO   : total model area       (m2) :         0.1800257192E+10
** INFO   : my model volume        (m3) :         0.4814024778E+11
** INFO   : total model volume     (m3) :         0.3147240452E+12
** INFO   : 
** INFO   : 
** INFO   : my model volume        (m3) :         0.7471416833E+10
** INFO   : total model volume     (m3) :         0.3147240452E+12
** INFO   : 
** INFO   : 
** INFO   : 
** INFO   : 
** INFO   : Writing initial output to file(s)...
** INFO   : Writing initial output to file(s)...
** INFO   : Writing initial output to file(s)...
** INFO   : Writing initial output to file(s)...
** INFO   : Writing initial output to file(s)...
** INFO   : Writing initial output to file(s)...
** INFO   : Writing initial output to file(s)...
** INFO   : Writing initial output to file(s)...
** INFO   :    Sim. time done   Sim. time left   Real time used   Real time left Steps left Complete% Interval-averaged time step
** INFO   :           0d  0:00:00          2d  0:00:00          0d  0:00:00     ??d ??:??:??            576     0.2%     0.00000
** INFO   : Done writing initial output to file(s).
Dimr [2026-05-19 15:23:27.610649] #6 >> PARALLEL:
Dimr [2026-05-19 15:23:27.610675] #6 >> Parallel Update: Current time:  16416000.00000 -- DFlowFM -- 6
Dimr [2026-05-19 15:23:27.610680] #6 >> TIME LOOP    172800.00000 --  16588800.00000 --  16416000.00000
Dimr [2026-05-19 15:23:27.610685] #6 >> TIME LOOP      3600.00000 --  16588800.00000 --  16416000.00000 --         0.00000 
** INFO   :    Sim. time done   Sim. time left   Real time used   Real time left Steps left Complete% Interval-averaged time step
** INFO   :           0d  0:00:00          2d  0:00:00          0d  0:00:00     ??d ??:??:??            576     0.2%     0.00000
** INFO   : Done writing initial output to file(s).
Dimr [2026-05-19 15:23:27.615991] #2 >> PARALLEL:
Dimr [2026-05-19 15:23:27.616014] #2 >> Parallel Update: Current time:  16416000.00000 -- DFlowFM -- 6
Dimr [2026-05-19 15:23:27.616019] #2 >> TIME LOOP    172800.00000 --  16588800.00000 --  16416000.00000
Dimr [2026-05-19 15:23:27.616024] #2 >> TIME LOOP      3600.00000 --  16588800.00000 --  16416000.00000 --         0.00000 
** INFO   :    Sim. time done   Sim. time left   Real time used   Real time left Steps left Complete% Interval-averaged time step
** INFO   :           0d  0:00:00          2d  0:00:00          0d  0:00:00     ??d ??:??:??            576     0.2%     0.00000
** INFO   : Done writing initial output to file(s).
Dimr [2026-05-19 15:23:27.616547] #7 >> PARALLEL:
Dimr [2026-05-19 15:23:27.616565] #7 >> Parallel Update: Current time:  16416000.00000 -- DFlowFM -- 6
Dimr [2026-05-19 15:23:27.616570] #7 >> TIME LOOP    172800.00000 --  16588800.00000 --  16416000.00000
Dimr [2026-05-19 15:23:27.616575] #7 >> TIME LOOP      3600.00000 --  16588800.00000 --  16416000.00000 --         0.00000 
** INFO   :    Sim. time done   Sim. time left   Real time used   Real time left Steps left Complete% Interval-averaged time step
** INFO   :           0d  0:00:00          2d  0:00:00          0d  0:00:00     ??d ??:??:??            576     0.2%     0.00000
** INFO   : Done writing initial output to file(s).
** INFO   :    Sim. time done   Sim. time left   Real time used   Real time left Steps left Complete% Interval-averaged time step
** INFO   :           0d  0:00:00          2d  0:00:00          0d  0:00:00     ??d ??:??:??            576     0.2%     0.00000
** INFO   : Done writing initial output to file(s).
Dimr [2026-05-19 15:23:27.618611] #5 >> PARALLEL:
Dimr [2026-05-19 15:23:27.618627] #5 >> Parallel Update: Current time:  16416000.00000 -- DFlowFM -- 6
Dimr [2026-05-19 15:23:27.618634] #5 >> TIME LOOP    172800.00000 --  16588800.00000 --  16416000.00000
Dimr [2026-05-19 15:23:27.618639] #5 >> TIME LOOP      3600.00000 --  16588800.00000 --  16416000.00000 --         0.00000 
Dimr [2026-05-19 15:23:27.618667] #4 >> PARALLEL:
Dimr [2026-05-19 15:23:27.618684] #4 >> Parallel Update: Current time:  16416000.00000 -- DFlowFM -- 6
Dimr [2026-05-19 15:23:27.618691] #4 >> TIME LOOP    172800.00000 --  16588800.00000 --  16416000.00000
Dimr [2026-05-19 15:23:27.618697] #4 >> TIME LOOP      3600.00000 --  16588800.00000 --  16416000.00000 --         0.00000 
** INFO   :    Sim. time done   Sim. time left   Real time used   Real time left Steps left Complete% Interval-averaged time step
** INFO   :           0d  0:00:00          2d  0:00:00          0d  0:00:00     ??d ??:??:??            576     0.2%     0.00000
** INFO   : Done writing initial output to file(s).
** INFO   :    Sim. time done   Sim. time left   Real time used   Real time left Steps left Complete% Interval-averaged time step
** INFO   :           0d  0:00:00          2d  0:00:00          0d  0:00:00     ??d ??:??:??            576     0.2%     0.00000
** INFO   : Done writing initial output to file(s).
Dimr [2026-05-19 15:23:27.619262] #1 >> PARALLEL:
Dimr [2026-05-19 15:23:27.619280] #1 >> Parallel Update: Current time:  16416000.00000 -- DFlowFM -- 6
Dimr [2026-05-19 15:23:27.619285] #1 >> TIME LOOP    172800.00000 --  16588800.00000 --  16416000.00000
Dimr [2026-05-19 15:23:27.619290] #1 >> TIME LOOP      3600.00000 --  16588800.00000 --  16416000.00000 --         0.00000 
Dimr [2026-05-19 15:23:27.619296] #3 >> PARALLEL:
Dimr [2026-05-19 15:23:27.619310] #3 >> Parallel Update: Current time:  16416000.00000 -- DFlowFM -- 6
Dimr [2026-05-19 15:23:27.619315] #3 >> TIME LOOP    172800.00000 --  16588800.00000 --  16416000.00000
Dimr [2026-05-19 15:23:27.619319] #3 >> TIME LOOP      3600.00000 --  16588800.00000 --  16416000.00000 --         0.00000 
** INFO   :    Sim. time done   Sim. time left   Real time used   Real time left Steps left Complete% Interval-averaged time step
** INFO   :           0d  0:00:00          2d  0:00:00          0d  0:00:00     ??d ??:??:??            576     0.2%     0.00000
** INFO   : Done writing initial output to file(s).
Dimr [2026-05-19 15:23:27.622054] #0 >> wave.Initialize(stagnone.mdw)

********************************************************************************
***
*** Deltares, D-Waves  Version 3.08.03.057d2f7ceeafda462a1b4e598efa4ce4f0c97cc5, Oct 02 2025, 17:48:20
***           built from : URL: all/release/2026.01
***
***           runid      : stagnone.mdw
***
********************************************************************************

*** MESSAGE: Delft3D-WAVE runs online with Delft3D-FLOW
 Domain            1  is using depth averaged flow velocity.
 Domain            2  is using depth averaged flow velocity.
 Done reading input
*** MESSAGE: Using data from 8 NetCDF files
             Base name: ../DFM_OUTPUT_Stagnone_dxy01_15m/Stagnone_dxy01_15m_com.nc
             Partition range: 0000 - 0007
  Initialising grids and grid mappings
 
Coordinate System: Spherical
 
 
Coordinate System: Spherical
 
<<Run ESMF_RegridWeightGen...
>>...Check file esmf_sh.log
Executing command: "ESMF_RegridWeightGen_in_Delft3D-WAVE.sh TMP_ESMF_RegridWeightGen_flow_source_0001.nc TMP_ESMF_RegridWeightGen_swan_grid_outer_grd_destination_0001.nc TMP_ESMF_RegridWeightGen_swan_grid_outer_grd_weights_0001to0001.nc"
>>...End of ESMF_RegridWeightGen run
<<Run ESMF_RegridWeightGen...
>>...Check file esmf_sh.log
Executing command: "ESMF_RegridWeightGen_in_Delft3D-WAVE.sh TMP_ESMF_RegridWeightGen_flow_source_0002.nc TMP_ESMF_RegridWeightGen_swan_grid_outer_grd_destination_0001.nc TMP_ESMF_RegridWeightGen_swan_grid_outer_grd_weights_0002to0001.nc"
>>...End of ESMF_RegridWeightGen run
<<Run ESMF_RegridWeightGen...
>>...Check file esmf_sh.log
Executing command: "ESMF_RegridWeightGen_in_Delft3D-WAVE.sh TMP_ESMF_RegridWeightGen_flow_source_0003.nc TMP_ESMF_RegridWeightGen_swan_grid_outer_grd_destination_0001.nc TMP_ESMF_RegridWeightGen_swan_grid_outer_grd_weights_0003to0001.nc"
>>...End of ESMF_RegridWeightGen run
<<Run ESMF_RegridWeightGen...
>>...Check file esmf_sh.log
Executing command: "ESMF_RegridWeightGen_in_Delft3D-WAVE.sh TMP_ESMF_RegridWeightGen_flow_source_0004.nc TMP_ESMF_RegridWeightGen_swan_grid_outer_grd_destination_0001.nc TMP_ESMF_RegridWeightGen_swan_grid_outer_grd_weights_0004to0001.nc"
>>...End of ESMF_RegridWeightGen run
<<Run ESMF_RegridWeightGen...
>>...Check file esmf_sh.log
Executing command: "ESMF_RegridWeightGen_in_Delft3D-WAVE.sh TMP_ESMF_RegridWeightGen_flow_source_0005.nc TMP_ESMF_RegridWeightGen_swan_grid_outer_grd_destination_0001.nc TMP_ESMF_RegridWeightGen_swan_grid_outer_grd_weights_0005to0001.nc"
>>...End of ESMF_RegridWeightGen run
<<Run ESMF_RegridWeightGen...
>>...Check file esmf_sh.log
Executing command: "ESMF_RegridWeightGen_in_Delft3D-WAVE.sh TMP_ESMF_RegridWeightGen_flow_source_0006.nc TMP_ESMF_RegridWeightGen_swan_grid_outer_grd_destination_0001.nc TMP_ESMF_RegridWeightGen_swan_grid_outer_grd_weights_0006to0001.nc"
>>...End of ESMF_RegridWeightGen run
<<Run ESMF_RegridWeightGen...
>>...Check file esmf_sh.log
Executing command: "ESMF_RegridWeightGen_in_Delft3D-WAVE.sh TMP_ESMF_RegridWeightGen_flow_source_0007.nc TMP_ESMF_RegridWeightGen_swan_grid_outer_grd_destination_0001.nc TMP_ESMF_RegridWeightGen_swan_grid_outer_grd_weights_0007to0001.nc"
>>...End of ESMF_RegridWeightGen run
<<Run ESMF_RegridWeightGen...
>>...Check file esmf_sh.log
Executing command: "ESMF_RegridWeightGen_in_Delft3D-WAVE.sh TMP_ESMF_RegridWeightGen_flow_source_0008.nc TMP_ESMF_RegridWeightGen_swan_grid_outer_grd_destination_0001.nc TMP_ESMF_RegridWeightGen_swan_grid_outer_grd_weights_0008to0001.nc"
>>...End of ESMF_RegridWeightGen run
<<Run ESMF_RegridWeightGen...
>>...Check file esmf_sh.log
Executing command: "ESMF_RegridWeightGen_in_Delft3D-WAVE.sh TMP_ESMF_RegridWeightGen_flow_source_0001.nc TMP_ESMF_RegridWeightGen_swan_grid_grd_destination_0002.nc TMP_ESMF_RegridWeightGen_swan_grid_grd_weights_0001to0002.nc"
>>...End of ESMF_RegridWeightGen run
<<Run ESMF_RegridWeightGen...
>>...Check file esmf_sh.log
Executing command: "ESMF_RegridWeightGen_in_Delft3D-WAVE.sh TMP_ESMF_RegridWeightGen_flow_source_0002.nc TMP_ESMF_RegridWeightGen_swan_grid_grd_destination_0002.nc TMP_ESMF_RegridWeightGen_swan_grid_grd_weights_0002to0002.nc"
>>...End of ESMF_RegridWeightGen run
<<Run ESMF_RegridWeightGen...
>>...Check file esmf_sh.log
Executing command: "ESMF_RegridWeightGen_in_Delft3D-WAVE.sh TMP_ESMF_RegridWeightGen_flow_source_0003.nc TMP_ESMF_RegridWeightGen_swan_grid_grd_destination_0002.nc TMP_ESMF_RegridWeightGen_swan_grid_grd_weights_0003to0002.nc"
>>...End of ESMF_RegridWeightGen run
<<Run ESMF_RegridWeightGen...
>>...Check file esmf_sh.log
Executing command: "ESMF_RegridWeightGen_in_Delft3D-WAVE.sh TMP_ESMF_RegridWeightGen_flow_source_0004.nc TMP_ESMF_RegridWeightGen_swan_grid_grd_destination_0002.nc TMP_ESMF_RegridWeightGen_swan_grid_grd_weights_0004to0002.nc"
>>...End of ESMF_RegridWeightGen run
<<Run ESMF_RegridWeightGen...
>>...Check file esmf_sh.log
Executing command: "ESMF_RegridWeightGen_in_Delft3D-WAVE.sh TMP_ESMF_RegridWeightGen_flow_source_0005.nc TMP_ESMF_RegridWeightGen_swan_grid_grd_destination_0002.nc TMP_ESMF_RegridWeightGen_swan_grid_grd_weights_0005to0002.nc"
>>...End of ESMF_RegridWeightGen run
WARNING Flow grid 5 is not overlapping with WAVE grid 2. Mapper not filled with weights.
<<Run ESMF_RegridWeightGen...
>>...Check file esmf_sh.log
Executing command: "ESMF_RegridWeightGen_in_Delft3D-WAVE.sh TMP_ESMF_RegridWeightGen_flow_source_0006.nc TMP_ESMF_RegridWeightGen_swan_grid_grd_destination_0002.nc TMP_ESMF_RegridWeightGen_swan_grid_grd_weights_0006to0002.nc"
>>...End of ESMF_RegridWeightGen run
WARNING Flow grid 6 is not overlapping with WAVE grid 2. Mapper not filled with weights.
<<Run ESMF_RegridWeightGen...
>>...Check file esmf_sh.log
Executing command: "ESMF_RegridWeightGen_in_Delft3D-WAVE.sh TMP_ESMF_RegridWeightGen_flow_source_0007.nc TMP_ESMF_RegridWeightGen_swan_grid_grd_destination_0002.nc TMP_ESMF_RegridWeightGen_swan_grid_grd_weights_0007to0002.nc"
>>...End of ESMF_RegridWeightGen run
<<Run ESMF_RegridWeightGen...
>>...Check file esmf_sh.log
Executing command: "ESMF_RegridWeightGen_in_Delft3D-WAVE.sh TMP_ESMF_RegridWeightGen_flow_source_0008.nc TMP_ESMF_RegridWeightGen_swan_grid_grd_destination_0002.nc TMP_ESMF_RegridWeightGen_swan_grid_grd_weights_0008to0002.nc"
>>...End of ESMF_RegridWeightGen run
Dimr [2026-05-19 15:23:30.273463] #0 >> PARALLEL:
Dimr [2026-05-19 15:23:30.273484] #0 >> Parallel Update: Current time:  16416000.00000 -- DFlowFM -- 3
Dimr [2026-05-19 15:23:30.273490] #0 >> TIME LOOP    172800.00000 --  16588800.00000 --  16416000.00000
Dimr [2026-05-19 15:23:30.273494] #0 >> TIME LOOP      3600.00000 --  16588800.00000 --  16416000.00000 --         0.00000 
Dimr [2026-05-19 15:23:30.273507] #0 >> Parallel Startgroup: Current time:  16416000.00000 --         0.00000
Dimr [2026-05-19 15:23:30.273516] #0 >> 16416000.0:    wave.Update(16416000.0)
*****************************************************************
*  Start of Delft3D-WAVE ...
Dimr [2026-05-19 15:23:30.273517] #1 >> Parallel Child: Current time:  16416000.00000 -- 0
Dimr [2026-05-19 15:23:30.273518] #2 >> Parallel Child: Current time:  16416000.00000 -- 0
Dimr [2026-05-19 15:23:30.273517] #3 >> Parallel Child: Current time:  16416000.00000 -- 0
Dimr [2026-05-19 15:23:30.273519] #4 >> Parallel Child: Current time:  16416000.00000 -- 0
Dimr [2026-05-19 15:23:30.273519] #5 >> Parallel Child: Current time:  16416000.00000 -- 0
Dimr [2026-05-19 15:23:30.273519] #6 >> Parallel Child: Current time:  16416000.00000 -- 0
Dimr [2026-05-19 15:23:30.273519] #7 >> Parallel Child: Current time:  16416000.00000 -- 0
  Start loop over SWAN grids, time =      273600.000 minutes since 20250101.000000
  Allocate input fields
  Allocate and read SWAN depth
  Get flow fields, domain 1 :
  Get flow fields, domain 2 :
  Get flow fields, domain 3 :
  Get flow fields, domain 4 :
  Get flow fields, domain 5 :
  Get flow fields, domain 6 :
  Get flow fields, domain 7 :
  Get flow fields, domain 8 :
  Write SWAN depth file
  Write SWAN velocity file
  Write SWAN wind file
  Write SWAN input
<<Run SWAN...
>>...Check file swan_sh.log
>>...End of SWAN run
  Allocate output fields
  Read SWAN output
  WARNING: Found negative value(s) for dissip(2) in swanout file;
           value(s) set to zero
  Map WAVE parameters to FLOW grid          1
  Map WAVE parameters to FLOW grid          2
  Map WAVE parameters to FLOW grid          3
  Map WAVE parameters to FLOW grid          4
  Map WAVE parameters to FLOW grid          5
  Map WAVE parameters to FLOW grid          6
  Map WAVE parameters to FLOW grid          7
  Map WAVE parameters to FLOW grid          8
  Write WAVE map file, nest          1 time      273600.000
  Time written     273600
  Write WAVE NetCDF map file, nest          1 time 273600.000
 Number of non-existing grid points detected:            0
  Deallocate input fields
  Allocate input fields
  Allocate and read SWAN depth
  Get flow fields, domain 1 :
  Get flow fields, domain 2 :
  Get flow fields, domain 3 :
  Get flow fields, domain 4 :
  Get flow fields, domain 5 :
  Get flow fields, domain 6 :
  Get flow fields, domain 7 :
  Get flow fields, domain 8 :
  Write SWAN depth file
  Write SWAN velocity file
  Write SWAN wind file
  Write SWAN input
<<Run SWAN...
>>...Check file swan_sh.log
>>...End of SWAN run
  Allocate output fields
  Read SWAN output
  WARNING: Found negative value(s) for dissip(2) in swanout file;
           value(s) set to zero
  Map WAVE parameters to FLOW grid          1
  Map WAVE parameters to FLOW grid          2
  Map WAVE parameters to FLOW grid          3
  Map WAVE parameters to FLOW grid          4
  Map WAVE parameters to FLOW grid          5
  Map WAVE parameters to FLOW grid          6
  Map WAVE parameters to FLOW grid          7
  Map WAVE parameters to FLOW grid          8
  Write WAVE map file, nest          2 time      273600.000
  Time written     273600
  Write WAVE NetCDF map file, nest          2 time 273600.000
 Number of non-existing grid points detected:            0
  Deallocate input fields
  Convert parameters
  Write to com-file
  Convert parameters
  Write to com-file
  Convert parameters
  Write to com-file
  Convert parameters
  Write to com-file
  Convert parameters
  Write to com-file
  Convert parameters
  Write to com-file
  Convert parameters
  Write to com-file
  Convert parameters
  Write to com-file
*  End of Delft3D-WAVE
*****************************************************************
Dimr [2026-05-19 15:23:45.428370] #0 >> Parallel Child: Current time:  16416000.00000 -- 0
Dimr [2026-05-19 15:23:45.428411] #0 >> 16416000.0:    DFlowFM.Update(     3600.00000)
Dimr [2026-05-19 15:23:45.428421] #1 >> 16416000.0:    DFlowFM.Update(     3600.00000)
Dimr [2026-05-19 15:23:45.428421] #2 >> 16416000.0:    DFlowFM.Update(     3600.00000)
Dimr [2026-05-19 15:23:45.428422] #3 >> 16416000.0:    DFlowFM.Update(     3600.00000)
Dimr [2026-05-19 15:23:45.428427] #6 >> 16416000.0:    DFlowFM.Update(     3600.00000)
Dimr [2026-05-19 15:23:45.428428] #7 >> 16416000.0:    DFlowFM.Update(     3600.00000)
Dimr [2026-05-19 15:23:45.428427] #4 >> 16416000.0:    DFlowFM.Update(     3600.00000)
Dimr [2026-05-19 15:23:45.428425] #5 >> 16416000.0:    DFlowFM.Update(     3600.00000)
 WARNING: ec_converter: no overlapping points found for quantity:
 hrms
 This is allowed in parallel runs
 WARNING: ec_converter: no overlapping points found for quantity:
 hrms
 This is allowed in parallel runs
 WARNING: ec_converter: no overlapping points found for quantity:
 tp
 This is allowed in parallel runs
 WARNING: ec_converter: no overlapping points found for quantity:
 hrms
 This is allowed in parallel runs
 WARNING: ec_converter: no overlapping points found for quantity:
 hrms
 This is allowed in parallel runs
 WARNING: ec_converter: no overlapping points found for quantity:
 tp
 This is allowed in parallel runs
 WARNING: ec_converter: no overlapping points found for quantity:
 dir
 This is allowed in parallel runs
 WARNING: ec_converter: no overlapping points found for quantity:
 tp
 This is allowed in parallel runs
 WARNING: ec_converter: no overlapping points found for quantity:
 tp
 This is allowed in parallel runs
 WARNING: ec_converter: no overlapping points found for quantity:
 dir
 This is allowed in parallel runs
 WARNING: ec_converter: no overlapping points found for quantity:
 dissurf
 This is allowed in parallel runs
 WARNING: ec_converter: no overlapping points found for quantity:
 dir
 This is allowed in parallel runs
 WARNING: ec_converter: no overlapping points found for quantity:
 dir
 This is allowed in parallel runs
 WARNING: ec_converter: no overlapping points found for quantity:
 dissurf
 This is allowed in parallel runs
 WARNING: ec_converter: no overlapping points found for quantity:
 diswcap
 This is allowed in parallel runs
 WARNING: ec_converter: no overlapping points found for quantity:
 dissurf
 This is allowed in parallel runs
 WARNING: ec_converter: no overlapping points found for quantity:
 dissurf
 This is allowed in parallel runs
 WARNING: ec_converter: no overlapping points found for quantity:
 diswcap
 This is allowed in parallel runs
 WARNING: ec_converter: no overlapping points found for quantity:
 fx
 This is allowed in parallel runs
 WARNING: ec_converter: no overlapping points found for quantity:
 diswcap
 This is allowed in parallel runs
 WARNING: ec_converter: no overlapping points found for quantity:
 diswcap
 This is allowed in parallel runs
 WARNING: ec_converter: no overlapping points found for quantity:
 fy
 This is allowed in parallel runs
 WARNING: ec_converter: no overlapping points found for quantity:
 fx
 This is allowed in parallel runs
 WARNING: ec_converter: no overlapping points found for quantity:
 fx
 This is allowed in parallel runs
 WARNING: ec_converter: no overlapping points found for quantity:
 fx
 This is allowed in parallel runs
 WARNING: ec_converter: no overlapping points found for quantity:
 wsbu
 This is allowed in parallel runs
 WARNING: ec_converter: no overlapping points found for quantity:
 fy
 This is allowed in parallel runs
 WARNING: ec_converter: no overlapping points found for quantity:
 fy
 This is allowed in parallel runs
 WARNING: ec_converter: no overlapping points found for quantity:
 wsbu
 This is allowed in parallel runs
 WARNING: ec_converter: no overlapping points found for quantity:
 wsbv
 This is allowed in parallel runs
 WARNING: ec_converter: no overlapping points found for quantity:
 fy
 This is allowed in parallel runs
 WARNING: ec_converter: no overlapping points found for quantity:
 wsbu
 This is allowed in parallel runs
 WARNING: ec_converter: no overlapping points found for quantity:
 wsbv
 This is allowed in parallel runs
 WARNING: ec_converter: no overlapping points found for quantity:
 mx
 This is allowed in parallel runs
 WARNING: ec_converter: no overlapping points found for quantity:
 wsbu
 This is allowed in parallel runs
 WARNING: ec_converter: no overlapping points found for quantity:
 wsbv
 This is allowed in parallel runs
 WARNING: ec_converter: no overlapping points found for quantity:
 mx
 This is allowed in parallel runs
 WARNING: ec_converter: no overlapping points found for quantity:
 my
 This is allowed in parallel runs
 WARNING: ec_converter: no overlapping points found for quantity:
 wsbv
 This is allowed in parallel runs
 WARNING: ec_converter: no overlapping points found for quantity:
 mx
 This is allowed in parallel runs
 WARNING: ec_converter: no overlapping points found for quantity:
 my
 This is allowed in parallel runs
 WARNING: ec_converter: no overlapping points found for quantity:
 ubot
 This is allowed in parallel runs
 WARNING: ec_converter: no overlapping points found for quantity:
 mx
 This is allowed in parallel runs
 WARNING: ec_converter: no overlapping points found for quantity:
 my
 This is allowed in parallel runs
 WARNING: ec_converter: no overlapping points found for quantity:
 ubot
 This is allowed in parallel runs
 WARNING: ec_converter: no overlapping points found for quantity:
 my
 This is allowed in parallel runs
 WARNING: ec_converter: no overlapping points found for quantity:
 ubot
 This is allowed in parallel runs
 WARNING: ec_converter: no overlapping points found for quantity:
 ubot
 This is allowed in parallel runs
** WARNING: Viscosity coefficient was limited for 30 links.
Dimr [2026-05-19 15:23:45.652068] #6 >> kernel: Viscosity coefficient was limited for 30 links.
 WARNING: ec_converter: no overlapping points found for quantity:
 hrms
 This is allowed in parallel runs
 WARNING: ec_converter: no overlapping points found for quantity:
 hrms
 This is allowed in parallel runs
 WARNING: ec_converter: no overlapping points found for quantity:
 hrms
 This is allowed in parallel runs
 WARNING: ec_converter: no overlapping points found for quantity:
 tp
 This is allowed in parallel runs
 WARNING: ec_converter: no overlapping points found for quantity:
 dir
 This is allowed in parallel runs
 WARNING: ec_converter: no overlapping points found for quantity:
 tp
 This is allowed in parallel runs
 WARNING: ec_converter: no overlapping points found for quantity:
 tp
 This is allowed in parallel runs
 WARNING: ec_converter: no overlapping points found for quantity:
 dissurf
 This is allowed in parallel runs
 WARNING: ec_converter: no overlapping points found for quantity:
 dir
 This is allowed in parallel runs
 WARNING: ec_converter: no overlapping points found for quantity:
 dir
 This is allowed in parallel runs
 WARNING: ec_converter: no overlapping points found for quantity:
 diswcap
 This is allowed in parallel runs
 WARNING: ec_converter: no overlapping points found for quantity:
 dissurf
 This is allowed in parallel runs
 WARNING: ec_converter: no overlapping points found for quantity:
 dissurf
 This is allowed in parallel runs
 WARNING: ec_converter: no overlapping points found for quantity:
 fx
 This is allowed in parallel runs
 WARNING: ec_converter: no overlapping points found for quantity:
 hrms
 This is allowed in parallel runs
 WARNING: ec_converter: no overlapping points found for quantity:
 diswcap
 This is allowed in parallel runs
 WARNING: ec_converter: no overlapping points found for quantity:
 diswcap
 This is allowed in parallel runs
 WARNING: ec_converter: no overlapping points found for quantity:
 fy
 This is allowed in parallel runs
 WARNING: ec_converter: no overlapping points found for quantity:
 fx
 This is allowed in parallel runs
 WARNING: ec_converter: no overlapping points found for quantity:
 fx
 This is allowed in parallel runs
 WARNING: ec_converter: no overlapping points found for quantity:
 tp
 This is allowed in parallel runs
 WARNING: ec_converter: no overlapping points found for quantity:
 wsbu
 This is allowed in parallel runs
 WARNING: ec_converter: no overlapping points found for quantity:
 fy
 This is allowed in parallel runs
 WARNING: ec_converter: no overlapping points found for quantity:
 fy
 This is allowed in parallel runs
 WARNING: ec_converter: no overlapping points found for quantity:
 dir
 This is allowed in parallel runs
 WARNING: ec_converter: no overlapping points found for quantity:
 wsbv
 This is allowed in parallel runs
 WARNING: ec_converter: no overlapping points found for quantity:
 wsbu
 This is allowed in parallel runs
 WARNING: ec_converter: no overlapping points found for quantity:
 wsbu
 This is allowed in parallel runs
 WARNING: ec_converter: no overlapping points found for quantity:
 dissurf
 This is allowed in parallel runs
 WARNING: ec_converter: no overlapping points found for quantity:
 mx
 This is allowed in parallel runs
 WARNING: ec_converter: no overlapping points found for quantity:
 wsbv
 This is allowed in parallel runs
 WARNING: ec_converter: no overlapping points found for quantity:
 wsbv
 This is allowed in parallel runs
 WARNING: ec_converter: no overlapping points found for quantity:
 diswcap
 This is allowed in parallel runs
 WARNING: ec_converter: no overlapping points found for quantity:
 my
 This is allowed in parallel runs
 WARNING: ec_converter: no overlapping points found for quantity:
 mx
 This is allowed in parallel runs
 WARNING: ec_converter: no overlapping points found for quantity:
 mx
 This is allowed in parallel runs
 WARNING: ec_converter: no overlapping points found for quantity:
 fx
 This is allowed in parallel runs
 WARNING: ec_converter: no overlapping points found for quantity:
 ubot
 This is allowed in parallel runs
 WARNING: ec_converter: no overlapping points found for quantity:
 my
 This is allowed in parallel runs
 WARNING: ec_converter: no overlapping points found for quantity:
 my
 This is allowed in parallel runs
 WARNING: ec_converter: no overlapping points found for quantity:
 fy
 This is allowed in parallel runs
 WARNING: ec_converter: no overlapping points found for quantity:
 ubot
 This is allowed in parallel runs
 WARNING: ec_converter: no overlapping points found for quantity:
 ubot
 This is allowed in parallel runs
 WARNING: ec_converter: no overlapping points found for quantity:
 wsbu
 This is allowed in parallel runs
 WARNING: ec_converter: no overlapping points found for quantity:
 wsbv
 This is allowed in parallel runs
 WARNING: ec_converter: no overlapping points found for quantity:
 mx
 This is allowed in parallel runs
** WARNING: Viscosity coefficient was limited for 10 links.
Dimr [2026-05-19 15:23:45.831121] #3 >> kernel: Viscosity coefficient was limited for 10 links.
 WARNING: ec_converter: no overlapping points found for quantity:
 my
 This is allowed in parallel runs
 WARNING: ec_converter: no overlapping points found for quantity:
 ubot
 This is allowed in parallel runs
** WARNING: Horizontal transport flux was limited for 60 links.
Dimr [2026-05-19 15:23:45.900332] #6 >> kernel: Horizontal transport flux was limited for 60 links.
** WARNING: Horizontal transport flux was limited for 110 links.
Dimr [2026-05-19 15:23:45.900769] #4 >> kernel: Horizontal transport flux was limited for 110 links.
** WARNING: Horizontal transport flux was limited for 57 links.
Dimr [2026-05-19 15:23:45.900929] #5 >> kernel: Horizontal transport flux was limited for 57 links.
** WARNING: Horizontal transport flux was limited for 10 links.
Dimr [2026-05-19 15:23:45.901236] #0 >> kernel: Horizontal transport flux was limited for 10 links.
** WARNING: Horizontal transport flux was limited for 20 links.
Dimr [2026-05-19 15:23:45.901394] #3 >> kernel: Horizontal transport flux was limited for 20 links.
** WARNING: Horizontal transport flux was limited for 275 links.
Dimr [2026-05-19 15:23:45.904362] #4 >> kernel: Horizontal transport flux was limited for 275 links.
** WARNING: Horizontal transport flux was limited for 150 links.
Dimr [2026-05-19 15:23:45.904566] #6 >> kernel: Horizontal transport flux was limited for 150 links.
** WARNING: Horizontal transport flux was limited for 142 links.
Dimr [2026-05-19 15:23:45.904908] #5 >> kernel: Horizontal transport flux was limited for 142 links.
** WARNING: Horizontal transport flux was limited for 25 links.
Dimr [2026-05-19 15:23:45.905353] #0 >> kernel: Horizontal transport flux was limited for 25 links.
** WARNING: Horizontal transport flux was limited for 50 links.
Dimr [2026-05-19 15:23:45.906217] #3 >> kernel: Horizontal transport flux was limited for 50 links.
** WARNING: Horizontal transport flux was limited for 19 links.
Dimr [2026-05-19 15:23:45.907775] #5 >> kernel: Horizontal transport flux was limited for 19 links.
** WARNING: Horizontal transport flux was limited for 47 links.
Dimr [2026-05-19 15:23:45.907853] #5 >> kernel: Horizontal transport flux was limited for 47 links.
** INFO   :  Minimum temperature encountered and limited in            8  cell(s).
** INFO   :  Maximum salinity encountered and limited in           90  cell(s).
** INFO   :  Minimum temperature encountered and limited in          180  cell(s).
** INFO   :  Minimum temperature encountered and limited in          760  cell(s).
** INFO   :  Minimum salinity encountered and limited in            8  cell(s).
** INFO   :  Minimum salinity encountered =  -1.610405320207064E-009
** INFO   :  Maximum salinity encountered and limited in           20  cell(s).
** INFO   :  Minimum temperature encountered and limited in          960  cell(s).
** INFO   :  Minimum temperature encountered and limited in         3208  cell(s).
** INFO   :  Minimum salinity encountered and limited in          180  cell(s).
** INFO   :  Minimum salinity encountered =  -1.473503163185944E-009
** INFO   :  Minimum temperature encountered and limited in         4132  cell(s).
** INFO   :  Minimum temperature encountered and limited in         3044  cell(s).
** INFO   :  Minimum salinity encountered and limited in          760  cell(s).
** INFO   :  Minimum salinity encountered =  -1.648422198741173E-009
** INFO   :  Maximum salinity encountered and limited in           20  cell(s).
** INFO   :  Minimum temperature encountered and limited in         4176  cell(s).
** INFO   :  Minimum salinity encountered and limited in          960  cell(s).
** INFO   :  Minimum salinity encountered =  -2.392683664714668E-009
** INFO   :  Minimum salinity encountered and limited in         3208  cell(s).
** INFO   :  Minimum salinity encountered =  -3.044095056531607E-009
** INFO   :  Minimum salinity encountered and limited in         4132  cell(s).
** INFO   :  Minimum salinity encountered =  -3.042666207875300E-009
** INFO   :  Minimum salinity encountered and limited in         3044  cell(s).
** INFO   :  Minimum salinity encountered =  -2.517275853802990E-009
** INFO   :  Minimum salinity encountered and limited in         4176  cell(s).
** INFO   :  Minimum salinity encountered =  -2.502129708311049E-009
** WARNING: Viscosity coefficient was limited for 30 links.
Dimr [2026-05-19 15:23:45.930922] #6 >> kernel: Viscosity coefficient was limited for 30 links.
** WARNING: Viscosity coefficient was limited for 10 links.
Dimr [2026-05-19 15:23:45.933191] #3 >> kernel: Viscosity coefficient was limited for 10 links.
** WARNING: Horizontal transport flux was limited for 60 links.
Dimr [2026-05-19 15:23:45.991991] #6 >> kernel: Horizontal transport flux was limited for 60 links.
** WARNING: Horizontal transport flux was limited for 101 links.
Dimr [2026-05-19 15:23:45.992334] #4 >> kernel: Horizontal transport flux was limited for 101 links.
** WARNING: Horizontal transport flux was limited for 90 links.
Dimr [2026-05-19 15:23:45.992515] #5 >> kernel: Horizontal transport flux was limited for 90 links.
** WARNING: Horizontal transport flux was limited for 7 links.
Dimr [2026-05-19 15:23:45.992837] #0 >> kernel: Horizontal transport flux was limited for 7 links.
** WARNING: Horizontal transport flux was limited for 20 links.
Dimr [2026-05-19 15:23:45.992943] #3 >> kernel: Horizontal transport flux was limited for 20 links.
** WARNING: Horizontal transport flux was limited for 252 links.
Dimr [2026-05-19 15:23:45.995907] #4 >> kernel: Horizontal transport flux was limited for 252 links.
** WARNING: Horizontal transport flux was limited for 150 links.
Dimr [2026-05-19 15:23:45.996209] #6 >> kernel: Horizontal transport flux was limited for 150 links.
** WARNING: Horizontal transport flux was limited for 225 links.
Dimr [2026-05-19 15:23:45.996454] #5 >> kernel: Horizontal transport flux was limited for 225 links.
** WARNING: Horizontal transport flux was limited for 17 links.
Dimr [2026-05-19 15:23:45.996945] #0 >> kernel: Horizontal transport flux was limited for 17 links.
** WARNING: Horizontal transport flux was limited for 50 links.
Dimr [2026-05-19 15:23:45.997769] #3 >> kernel: Horizontal transport flux was limited for 50 links.
** WARNING: Viscosity coefficient was limited for 30 links.
Dimr [2026-05-19 15:23:46.21640] #6 >> kernel: Viscosity coefficient was limited for 30 links.
** WARNING: Viscosity coefficient was limited for 10 links.
Dimr [2026-05-19 15:23:46.23913] #3 >> kernel: Viscosity coefficient was limited for 10 links.
** WARNING: Horizontal transport flux was limited for 60 links.
Dimr [2026-05-19 15:23:46.82234] #6 >> kernel: Horizontal transport flux was limited for 60 links.
** WARNING: Horizontal transport flux was limited for 101 links.
Dimr [2026-05-19 15:23:46.82620] #4 >> kernel: Horizontal transport flux was limited for 101 links.
** WARNING: Horizontal transport flux was limited for 90 links.
Dimr [2026-05-19 15:23:46.82801] #5 >> kernel: Horizontal transport flux was limited for 90 links.
** WARNING: Horizontal transport flux was limited for 7 links.
Dimr [2026-05-19 15:23:46.83123] #0 >> kernel: Horizontal transport flux was limited for 7 links.
** WARNING: Horizontal transport flux was limited for 20 links.
Dimr [2026-05-19 15:23:46.83249] #3 >> kernel: Horizontal transport flux was limited for 20 links.
** WARNING: Horizontal transport flux was limited for 252 links.
Dimr [2026-05-19 15:23:46.86208] #4 >> kernel: Horizontal transport flux was limited for 252 links.
** WARNING: Horizontal transport flux was limited for 150 links.
Dimr [2026-05-19 15:23:46.86463] #6 >> kernel: Horizontal transport flux was limited for 150 links.
** WARNING: Horizontal transport flux was limited for 225 links.
Dimr [2026-05-19 15:23:46.86770] #5 >> kernel: Horizontal transport flux was limited for 225 links.
** WARNING: Horizontal transport flux was limited for 17 links.
Dimr [2026-05-19 15:23:46.87241] #0 >> kernel: Horizontal transport flux was limited for 17 links.
** WARNING: Horizontal transport flux was limited for 50 links.
Dimr [2026-05-19 15:23:46.88102] #3 >> kernel: Horizontal transport flux was limited for 50 links.
** WARNING: Viscosity coefficient was limited for 30 links.
Dimr [2026-05-19 15:23:46.112087] #6 >> kernel: Viscosity coefficient was limited for 30 links.
** WARNING: Viscosity coefficient was limited for 10 links.
Dimr [2026-05-19 15:23:46.114321] #3 >> kernel: Viscosity coefficient was limited for 10 links.
** WARNING: Horizontal transport flux was limited for 101 links.
Dimr [2026-05-19 15:23:46.173346] #4 >> kernel: Horizontal transport flux was limited for 101 links.
** WARNING: Horizontal transport flux was limited for 90 links.
Dimr [2026-05-19 15:23:46.173479] #5 >> kernel: Horizontal transport flux was limited for 90 links.
** WARNING: Horizontal transport flux was limited for 7 links.
Dimr [2026-05-19 15:23:46.173795] #0 >> kernel: Horizontal transport flux was limited for 7 links.
** WARNING: Horizontal transport flux was limited for 252 links.
Dimr [2026-05-19 15:23:46.176988] #4 >> kernel: Horizontal transport flux was limited for 252 links.
** WARNING: Horizontal transport flux was limited for 225 links.
Dimr [2026-05-19 15:23:46.177462] #5 >> kernel: Horizontal transport flux was limited for 225 links.
** WARNING: Horizontal transport flux was limited for 17 links.
Dimr [2026-05-19 15:23:46.177922] #0 >> kernel: Horizontal transport flux was limited for 17 links.
** WARNING: Horizontal transport flux was limited for 101 links.
Dimr [2026-05-19 15:23:46.263351] #4 >> kernel: Horizontal transport flux was limited for 101 links.
** WARNING: Horizontal transport flux was limited for 90 links.
Dimr [2026-05-19 15:23:46.263500] #5 >> kernel: Horizontal transport flux was limited for 90 links.
** WARNING: Horizontal transport flux was limited for 7 links.
Dimr [2026-05-19 15:23:46.263886] #0 >> kernel: Horizontal transport flux was limited for 7 links.
** WARNING: Horizontal transport flux was limited for 252 links.
Dimr [2026-05-19 15:23:46.266961] #4 >> kernel: Horizontal transport flux was limited for 252 links.
** WARNING: Horizontal transport flux was limited for 17 links.
Dimr [2026-05-19 15:23:46.268010] #0 >> kernel: Horizontal transport flux was limited for 17 links.
** WARNING: Horizontal transport flux was limited for 101 links.
Dimr [2026-05-19 15:23:46.354109] #4 >> kernel: Horizontal transport flux was limited for 101 links.
** WARNING: Horizontal transport flux was limited for 7 links.
Dimr [2026-05-19 15:23:46.354653] #0 >> kernel: Horizontal transport flux was limited for 7 links.
** WARNING: Viscosity coefficient was limited for 10 links.
Dimr [2026-05-19 15:23:50.162421] #1 >> kernel: Viscosity coefficient was limited for 10 links.
** WARNING: Viscosity coefficient was limited for 9 links.
Dimr [2026-05-19 15:23:50.256432] #1 >> kernel: Viscosity coefficient was limited for 9 links.
** WARNING: Viscosity coefficient was limited for 1 links.
Dimr [2026-05-19 15:23:50.350354] #1 >> kernel: Viscosity coefficient was limited for 1 links.
** WARNING: Viscosity coefficient was limited for 10 links.
Dimr [2026-05-19 15:23:50.621484] #7 >> kernel: Viscosity coefficient was limited for 10 links.
** WARNING: Horizontal transport flux was limited for 20 links.
Dimr [2026-05-19 15:23:50.680703] #7 >> kernel: Horizontal transport flux was limited for 20 links.
** WARNING: Horizontal transport flux was limited for 50 links.
Dimr [2026-05-19 15:23:50.686029] #7 >> kernel: Horizontal transport flux was limited for 50 links.
** WARNING: Viscosity coefficient was limited for 10 links.
Dimr [2026-05-19 15:23:50.712262] #7 >> kernel: Viscosity coefficient was limited for 10 links.
** WARNING: Horizontal transport flux was limited for 20 links.
Dimr [2026-05-19 15:23:50.771332] #7 >> kernel: Horizontal transport flux was limited for 20 links.
** WARNING: Horizontal transport flux was limited for 50 links.
Dimr [2026-05-19 15:23:50.776597] #7 >> kernel: Horizontal transport flux was limited for 50 links.
** WARNING: Viscosity coefficient was limited for 10 links.
Dimr [2026-05-19 15:23:50.802555] #7 >> kernel: Viscosity coefficient was limited for 10 links.
** WARNING: Horizontal transport flux was limited for 20 links.
Dimr [2026-05-19 15:23:50.861609] #7 >> kernel: Horizontal transport flux was limited for 20 links.
** WARNING: Horizontal transport flux was limited for 50 links.
Dimr [2026-05-19 15:23:50.866912] #7 >> kernel: Horizontal transport flux was limited for 50 links.
** WARNING: Viscosity coefficient was limited for 10 links.
Dimr [2026-05-19 15:23:50.892809] #7 >> kernel: Viscosity coefficient was limited for 10 links.
** WARNING: Horizontal transport flux was limited for 20 links.
Dimr [2026-05-19 15:23:50.951907] #7 >> kernel: Horizontal transport flux was limited for 20 links.
** INFO   :  Minimum temperature encountered and limited in           10  cell(s).
** INFO   :  Minimum salinity encountered and limited in           10  cell(s).
** INFO   :  Minimum salinity encountered =   -88.9195991582647
** WARNING: Horizontal transport flux was limited for 2 links.
Dimr [2026-05-19 15:24:02.542306] #1 >> kernel: Horizontal transport flux was limited for 2 links.
** WARNING: Horizontal transport flux was limited for 5 links.
Dimr [2026-05-19 15:24:02.546117] #1 >> kernel: Horizontal transport flux was limited for 5 links.
** WARNING: Horizontal transport flux was limited for 4 links.
Dimr [2026-05-19 15:24:02.637321] #1 >> kernel: Horizontal transport flux was limited for 4 links.
** WARNING: Horizontal transport flux was limited for 10 links.
Dimr [2026-05-19 15:24:02.641130] #1 >> kernel: Horizontal transport flux was limited for 10 links.
** WARNING: Horizontal transport flux was limited for 6 links.
Dimr [2026-05-19 15:24:02.732373] #1 >> kernel: Horizontal transport flux was limited for 6 links.
** WARNING: Horizontal transport flux was limited for 15 links.
Dimr [2026-05-19 15:24:02.736193] #1 >> kernel: Horizontal transport flux was limited for 15 links.
** WARNING: Horizontal transport flux was limited for 6 links.
Dimr [2026-05-19 15:24:02.827314] #1 >> kernel: Horizontal transport flux was limited for 6 links.
** WARNING: Horizontal transport flux was limited for 15 links.
Dimr [2026-05-19 15:24:02.831130] #1 >> kernel: Horizontal transport flux was limited for 15 links.
** INFO   :  Maximum salinity encountered and limited in           10  cell(s).
** INFO   :  Maximum salinity encountered and limited in           10  cell(s).
** INFO   :  Maximum salinity encountered and limited in           10  cell(s).
** INFO   :  Maximum salinity encountered and limited in           10  cell(s).
** INFO   :  Maximum salinity encountered and limited in           10  cell(s).
** INFO   :  Maximum salinity encountered and limited in           10  cell(s).
** INFO   :  Maximum salinity encountered and limited in           10  cell(s).
** INFO   :  Maximum salinity encountered and limited in           10  cell(s).
** INFO   :  Maximum salinity encountered and limited in           10  cell(s).
** INFO   :  Warning limit reached: No more Maximum salinity limit messages will be displayed.
** INFO   :  Maximum salinity encountered and limited in           10  cell(s).
** INFO   :  Maximum salinity encountered and limited in           10  cell(s).
** INFO   :  Maximum salinity encountered and limited in           10  cell(s).
** INFO   :  Maximum salinity encountered and limited in           10  cell(s).
** INFO   :  Maximum salinity encountered and limited in           10  cell(s).
** INFO   :  Maximum salinity encountered and limited in           10  cell(s).
** INFO   :  Maximum salinity encountered and limited in           10  cell(s).
** INFO   :  Maximum salinity encountered and limited in           10  cell(s).
** INFO   :  Maximum salinity encountered and limited in           10  cell(s).
** INFO   :  Maximum salinity encountered and limited in           10  cell(s).
** INFO   :  Warning limit reached: No more Maximum salinity limit messages will be displayed.
** WARNING: Viscosity coefficient was limited for 18 links.
Dimr [2026-05-19 15:24:23.449352] #2 >> kernel: Viscosity coefficient was limited for 18 links.
** WARNING: Horizontal transport flux was limited for 21 links.
Dimr [2026-05-19 15:24:23.510553] #2 >> kernel: Horizontal transport flux was limited for 21 links.
** WARNING: Horizontal transport flux was limited for 42 links.
Dimr [2026-05-19 15:24:23.515285] #2 >> kernel: Horizontal transport flux was limited for 42 links.
** WARNING: Viscosity coefficient was limited for 36 links.
Dimr [2026-05-19 15:24:23.542702] #2 >> kernel: Viscosity coefficient was limited for 36 links.
** WARNING: Horizontal transport flux was limited for 8 links.
Dimr [2026-05-19 15:24:23.604535] #2 >> kernel: Horizontal transport flux was limited for 8 links.
** WARNING: Horizontal transport flux was limited for 16 links.
Dimr [2026-05-19 15:24:23.609297] #2 >> kernel: Horizontal transport flux was limited for 16 links.
** WARNING: Viscosity coefficient was limited for 34 links.
Dimr [2026-05-19 15:24:23.636809] #2 >> kernel: Viscosity coefficient was limited for 34 links.
** WARNING: Horizontal transport flux was limited for 20 links.
Dimr [2026-05-19 15:24:23.698321] #2 >> kernel: Horizontal transport flux was limited for 20 links.
** WARNING: Horizontal transport flux was limited for 50 links.
Dimr [2026-05-19 15:24:23.703053] #2 >> kernel: Horizontal transport flux was limited for 50 links.
** WARNING: Viscosity coefficient was limited for 23 links.
Dimr [2026-05-19 15:24:23.730491] #2 >> kernel: Viscosity coefficient was limited for 23 links.
** WARNING: Horizontal transport flux was limited for 20 links.
Dimr [2026-05-19 15:24:23.792031] #2 >> kernel: Horizontal transport flux was limited for 20 links.
** INFO   :           0d  1:00:00          1d 23:00:00          0d  0:00:48          0d  0:34:58        564     2.3%     6.80529
Dimr [2026-05-19 15:24:34.290355] #6 >> TIME LOOP    169200.00000 --  16588800.00000 --  16419600.00000
Dimr [2026-05-19 15:24:34.290382] #6 >> TIME LOOP      3600.00000 --  16588800.00000 --  16419600.00000 --         0.00000 
** INFO   :           0d  1:00:00          1d 23:00:00          0d  0:00:48          0d  0:34:57        564     2.3%     6.80529
Dimr [2026-05-19 15:24:34.292143] #2 >> TIME LOOP    169200.00000 --  16588800.00000 --  16419600.00000
Dimr [2026-05-19 15:24:34.292169] #2 >> TIME LOOP      3600.00000 --  16588800.00000 --  16419600.00000 --         0.00000 
** INFO   :           0d  1:00:00          1d 23:00:00          0d  0:00:48          0d  0:34:49        564     2.3%     6.80529
Dimr [2026-05-19 15:24:34.292430] #7 >> TIME LOOP    169200.00000 --  16588800.00000 --  16419600.00000
Dimr [2026-05-19 15:24:34.292447] #7 >> TIME LOOP      3600.00000 --  16588800.00000 --  16419600.00000 --         0.00000 
** INFO   :           0d  1:00:00          1d 23:00:00          0d  0:00:48          0d  0:34:56        564     2.3%     6.80529
Dimr [2026-05-19 15:24:34.292596] #5 >> TIME LOOP    169200.00000 --  16588800.00000 --  16419600.00000
Dimr [2026-05-19 15:24:34.292611] #5 >> TIME LOOP      3600.00000 --  16588800.00000 --  16419600.00000 --         0.00000 
** INFO   :           0d  1:00:00          1d 23:00:00          0d  0:00:48          0d  0:34:56        564     2.3%     6.80529
Dimr [2026-05-19 15:24:34.292954] #4 >> TIME LOOP    169200.00000 --  16588800.00000 --  16419600.00000
Dimr [2026-05-19 15:24:34.292970] #4 >> TIME LOOP      3600.00000 --  16588800.00000 --  16419600.00000 --         0.00000 
** INFO   :           0d  1:00:00          1d 23:00:00          0d  0:00:48          0d  0:34:49        564     2.3%     6.80529
Dimr [2026-05-19 15:24:34.293101] #1 >> TIME LOOP    169200.00000 --  16588800.00000 --  16419600.00000
Dimr [2026-05-19 15:24:34.293121] #1 >> TIME LOOP      3600.00000 --  16588800.00000 --  16419600.00000 --         0.00000 
** INFO   :           0d  1:00:00          1d 23:00:00          0d  0:00:48          0d  0:34:49        564     2.3%     6.80529
Dimr [2026-05-19 15:24:34.293507] #3 >> TIME LOOP    169200.00000 --  16588800.00000 --  16419600.00000
Dimr [2026-05-19 15:24:34.293523] #3 >> TIME LOOP      3600.00000 --  16588800.00000 --  16419600.00000 --         0.00000 
** INFO   :           0d  1:00:00          1d 23:00:00          0d  0:00:48          0d  0:34:48        564     2.3%     6.80529
Dimr [2026-05-19 15:24:34.294597] #0 >> TIME LOOP    169200.00000 --  16588800.00000 --  16419600.00000
Dimr [2026-05-19 15:24:34.294612] #0 >> TIME LOOP      3600.00000 --  16588800.00000 --  16419600.00000 --         0.00000 
Dimr [2026-05-19 15:24:34.294625] #6 >> Parallel Child: Current time:  16419600.00000 -- 0
Dimr [2026-05-19 15:24:34.294624] #0 >> Parallel Startgroup: Current time:  16419600.00000 --  16416000.00000
Dimr [2026-05-19 15:24:34.294643] #0 >> 16419600.0:    wave.Update(    3600.0)
*****************************************************************
*  Start of Delft3D-WAVE ...
Dimr [2026-05-19 15:24:34.294624] #1 >> Parallel Child: Current time:  16419600.00000 -- 0
Dimr [2026-05-19 15:24:34.294624] #2 >> Parallel Child: Current time:  16419600.00000 -- 0
Dimr [2026-05-19 15:24:34.294624] #3 >> Parallel Child: Current time:  16419600.00000 -- 0
Dimr [2026-05-19 15:24:34.294624] #4 >> Parallel Child: Current time:  16419600.00000 -- 0
Dimr [2026-05-19 15:24:34.294625] #5 >> Parallel Child: Current time:  16419600.00000 -- 0
Dimr [2026-05-19 15:24:34.294625] #7 >> Parallel Child: Current time:  16419600.00000 -- 0
  Start loop over SWAN grids, time =      273660.000 minutes since 20250101.000000
  Allocate input fields
  Allocate and read SWAN depth
  Get flow fields, domain 1 :
  Get flow fields, domain 2 :
  Get flow fields, domain 3 :
  Get flow fields, domain 4 :
  Get flow fields, domain 5 :
  Get flow fields, domain 6 :
  Get flow fields, domain 7 :
  Get flow fields, domain 8 :
  Write SWAN depth file
  Write SWAN velocity file
  Write SWAN wind file
  Write SWAN input
  Using SWAN hotstart file: hot_1_20250710_000000.nc
<<Run SWAN...
>>...Check file swan_sh.log
>>...End of SWAN run
  Allocate output fields
  Read SWAN output
  WARNING: Found negative value(s) for dissip(2) in swanout file;
           value(s) set to zero
  Map WAVE parameters to FLOW grid          1
  Map WAVE parameters to FLOW grid          2
  Map WAVE parameters to FLOW grid          3
  Map WAVE parameters to FLOW grid          4
  Map WAVE parameters to FLOW grid          5
  Map WAVE parameters to FLOW grid          6
  Map WAVE parameters to FLOW grid          7
  Map WAVE parameters to FLOW grid          8
  Deallocate input fields
  Allocate input fields
  Allocate and read SWAN depth
  Get flow fields, domain 1 :
  Get flow fields, domain 2 :
  Get flow fields, domain 3 :
  Get flow fields, domain 4 :
  Get flow fields, domain 5 :
  Get flow fields, domain 6 :
  Get flow fields, domain 7 :
  Get flow fields, domain 8 :
  Write SWAN depth file
  Write SWAN velocity file
  Write SWAN wind file
  Write SWAN input
  Using SWAN hotstart file: hot_2_20250710_000000.nc
<<Run SWAN...
>>...Check file swan_sh.log
>>...End of SWAN run
  Allocate output fields
  Read SWAN output
  WARNING: Found negative value(s) for dissip(2) in swanout file;
           value(s) set to zero
  Map WAVE parameters to FLOW grid          1
  Map WAVE parameters to FLOW grid          2
  Map WAVE parameters to FLOW grid          3
  Map WAVE parameters to FLOW grid          4
  Map WAVE parameters to FLOW grid          5
  Map WAVE parameters to FLOW grid          6
  Map WAVE parameters to FLOW grid          7
  Map WAVE parameters to FLOW grid          8
  Deallocate input fields
  Convert parameters
  Write to com-file
  Convert parameters
  Write to com-file
  Convert parameters
  Write to com-file
  Convert parameters
  Write to com-file
  Convert parameters
  Write to com-file
  Convert parameters
  Write to com-file
  Convert parameters
  Write to com-file
  Convert parameters
  Write to com-file
*  End of Delft3D-WAVE
*****************************************************************
Dimr [2026-05-19 15:24:49.940083] #0 >> Parallel Child: Current time:  16419600.00000 -- 0
Dimr [2026-05-19 15:24:49.940115] #0 >> 16419600.0:    DFlowFM.Update(     3600.00000)
Dimr [2026-05-19 15:24:49.940130] #1 >> 16419600.0:    DFlowFM.Update(     3600.00000)
Dimr [2026-05-19 15:24:49.940132] #2 >> 16419600.0:    DFlowFM.Update(     3600.00000)
Dimr [2026-05-19 15:24:49.940128] #3 >> 16419600.0:    DFlowFM.Update(     3600.00000)
Dimr [2026-05-19 15:24:49.940134] #4 >> 16419600.0:    DFlowFM.Update(     3600.00000)
Dimr [2026-05-19 15:24:49.940131] #5 >> 16419600.0:    DFlowFM.Update(     3600.00000)
Dimr [2026-05-19 15:24:49.940129] #6 >> 16419600.0:    DFlowFM.Update(     3600.00000)
Dimr [2026-05-19 15:24:49.940128] #7 >> 16419600.0:    DFlowFM.Update(     3600.00000)
** INFO   :  Maximum salinity encountered and limited in           10  cell(s).
** INFO   :  Maximum salinity encountered and limited in           10  cell(s).
** INFO   :  Maximum salinity encountered and limited in           10  cell(s).
** INFO   :  Maximum salinity encountered and limited in           10  cell(s).
** INFO   :  Maximum salinity encountered and limited in           10  cell(s).
** INFO   :  Maximum salinity encountered and limited in           10  cell(s).
** INFO   :  Maximum salinity encountered and limited in           10  cell(s).
** INFO   :  Maximum salinity encountered and limited in           10  cell(s).
** INFO   :  Maximum salinity encountered and limited in           10  cell(s).
** INFO   :  Warning limit reached: No more Maximum salinity limit messages will be displayed.
** INFO   :           0d  2:00:00          1d 22:00:00          0d  0:01:34          0d  0:34:44        552     4.3%     6.93642
Dimr [2026-05-19 15:25:36.453748] #6 >> TIME LOOP    165600.00000 --  16588800.00000 --  16423200.00000
Dimr [2026-05-19 15:25:36.453775] #6 >> TIME LOOP      3600.00000 --  16588800.00000 --  16423200.00000 --         0.00000 
** INFO   :           0d  2:00:00          1d 22:00:00          0d  0:01:34          0d  0:34:36        552     4.3%     6.93642
Dimr [2026-05-19 15:25:36.455827] #7 >> TIME LOOP    165600.00000 --  16588800.00000 --  16423200.00000
Dimr [2026-05-19 15:25:36.455844] #7 >> TIME LOOP      3600.00000 --  16588800.00000 --  16423200.00000 --         0.00000 
** INFO   :           0d  2:00:00          1d 22:00:00          0d  0:01:34          0d  0:34:43        552     4.3%     6.93642
** INFO   :           0d  2:00:00          1d 22:00:00          0d  0:01:34          0d  0:34:43        552     4.3%     6.93642
Dimr [2026-05-19 15:25:36.455966] #5 >> TIME LOOP    165600.00000 --  16588800.00000 --  16423200.00000
Dimr [2026-05-19 15:25:36.455982] #5 >> TIME LOOP      3600.00000 --  16588800.00000 --  16423200.00000 --         0.00000 
Dimr [2026-05-19 15:25:36.455973] #2 >> TIME LOOP    165600.00000 --  16588800.00000 --  16423200.00000
Dimr [2026-05-19 15:25:36.455997] #2 >> TIME LOOP      3600.00000 --  16588800.00000 --  16423200.00000 --         0.00000 
** INFO   :           0d  2:00:00          1d 22:00:00          0d  0:01:34          0d  0:34:43        552     4.3%     6.93642
Dimr [2026-05-19 15:25:36.456280] #4 >> TIME LOOP    165600.00000 --  16588800.00000 --  16423200.00000
Dimr [2026-05-19 15:25:36.456296] #4 >> TIME LOOP      3600.00000 --  16588800.00000 --  16423200.00000 --         0.00000 
** INFO   :           0d  2:00:00          1d 22:00:00          0d  0:01:34          0d  0:34:35        552     4.3%     6.93642
Dimr [2026-05-19 15:25:36.456914] #1 >> TIME LOOP    165600.00000 --  16588800.00000 --  16423200.00000
Dimr [2026-05-19 15:25:36.456932] #1 >> TIME LOOP      3600.00000 --  16588800.00000 --  16423200.00000 --         0.00000 
** INFO   :           0d  2:00:00          1d 22:00:00          0d  0:01:34          0d  0:34:35        552     4.3%     6.93642
Dimr [2026-05-19 15:25:36.457301] #3 >> TIME LOOP    165600.00000 --  16588800.00000 --  16423200.00000
Dimr [2026-05-19 15:25:36.457317] #3 >> TIME LOOP      3600.00000 --  16588800.00000 --  16423200.00000 --         0.00000 
** INFO   :           0d  2:00:00          1d 22:00:00          0d  0:01:34          0d  0:34:34        552     4.3%     6.93642
Dimr [2026-05-19 15:25:36.458260] #0 >> TIME LOOP    165600.00000 --  16588800.00000 --  16423200.00000
Dimr [2026-05-19 15:25:36.458276] #0 >> TIME LOOP      3600.00000 --  16588800.00000 --  16423200.00000 --         0.00000 
Dimr [2026-05-19 15:25:36.458288] #4 >> Parallel Child: Current time:  16423200.00000 -- 0
Dimr [2026-05-19 15:25:36.458287] #0 >> Parallel Startgroup: Current time:  16423200.00000 --  16419600.00000
Dimr [2026-05-19 15:25:36.458306] #0 >> 16423200.0:    wave.Update(    3600.0)
*****************************************************************
*  Start of Delft3D-WAVE ...
Dimr [2026-05-19 15:25:36.458287] #1 >> Parallel Child: Current time:  16423200.00000 -- 0
Dimr [2026-05-19 15:25:36.458287] #2 >> Parallel Child: Current time:  16423200.00000 -- 0
Dimr [2026-05-19 15:25:36.458287] #3 >> Parallel Child: Current time:  16423200.00000 -- 0
Dimr [2026-05-19 15:25:36.458288] #5 >> Parallel Child: Current time:  16423200.00000 -- 0
Dimr [2026-05-19 15:25:36.458288] #6 >> Parallel Child: Current time:  16423200.00000 -- 0
Dimr [2026-05-19 15:25:36.458288] #7 >> Parallel Child: Current time:  16423200.00000 -- 0
  Start loop over SWAN grids, time =      273720.000 minutes since 20250101.000000
  Allocate input fields
  Allocate and read SWAN depth
  Get flow fields, domain 1 :
  Get flow fields, domain 2 :
  Get flow fields, domain 3 :
  Get flow fields, domain 4 :
  Get flow fields, domain 5 :
  Get flow fields, domain 6 :
  Get flow fields, domain 7 :
  Get flow fields, domain 8 :
  Write SWAN depth file
  Write SWAN velocity file
  Write SWAN wind file
  Write SWAN input
  Using SWAN hotstart file: hot_1_20250710_010000.nc
<<Run SWAN...
>>...Check file swan_sh.log
>>...End of SWAN run
  Allocate output fields
  Read SWAN output
  WARNING: Found negative value(s) for dissip(2) in swanout file;
           value(s) set to zero
  Map WAVE parameters to FLOW grid          1
  Map WAVE parameters to FLOW grid          2
  Map WAVE parameters to FLOW grid          3
  Map WAVE parameters to FLOW grid          4
  Map WAVE parameters to FLOW grid          5
  Map WAVE parameters to FLOW grid          6
  Map WAVE parameters to FLOW grid          7
  Map WAVE parameters to FLOW grid          8
  Deallocate input fields
  Allocate input fields
  Allocate and read SWAN depth
  Get flow fields, domain 1 :
  Get flow fields, domain 2 :
  Get flow fields, domain 3 :
  Get flow fields, domain 4 :
  Get flow fields, domain 5 :
  Get flow fields, domain 6 :
  Get flow fields, domain 7 :
  Get flow fields, domain 8 :
  Write SWAN depth file
  Write SWAN velocity file
  Write SWAN wind file
  Write SWAN input
  Using SWAN hotstart file: hot_2_20250710_010000.nc
<<Run SWAN...
>>...Check file swan_sh.log
>>...End of SWAN run
  Allocate output fields
  Read SWAN output
  WARNING: Found negative value(s) for dissip(2) in swanout file;
           value(s) set to zero
  Map WAVE parameters to FLOW grid          1
  Map WAVE parameters to FLOW grid          2
  Map WAVE parameters to FLOW grid          3
  Map WAVE parameters to FLOW grid          4
  Map WAVE parameters to FLOW grid          5
  Map WAVE parameters to FLOW grid          6
  Map WAVE parameters to FLOW grid          7
  Map WAVE parameters to FLOW grid          8
  Deallocate input fields
  Convert parameters
  Write to com-file
  Convert parameters
  Write to com-file
  Convert parameters
  Write to com-file
  Convert parameters
  Write to com-file
  Convert parameters
  Write to com-file
  Convert parameters
  Write to com-file
  Convert parameters
  Write to com-file
  Convert parameters
  Write to com-file
*  End of Delft3D-WAVE
*****************************************************************
Dimr [2026-05-19 15:25:52.79948] #0 >> Parallel Child: Current time:  16423200.00000 -- 0
Dimr [2026-05-19 15:25:52.79981] #0 >> 16423200.0:    DFlowFM.Update(     3600.00000)
Dimr [2026-05-19 15:25:52.79988] #3 >> 16423200.0:    DFlowFM.Update(     3600.00000)
Dimr [2026-05-19 15:25:52.79993] #1 >> 16423200.0:    DFlowFM.Update(     3600.00000)
Dimr [2026-05-19 15:25:52.79994] #2 >> 16423200.0:    DFlowFM.Update(     3600.00000)
Dimr [2026-05-19 15:25:52.79996] #4 >> 16423200.0:    DFlowFM.Update(     3600.00000)
Dimr [2026-05-19 15:25:52.79992] #5 >> 16423200.0:    DFlowFM.Update(     3600.00000)
Dimr [2026-05-19 15:25:52.79995] #6 >> 16423200.0:    DFlowFM.Update(     3600.00000)
Dimr [2026-05-19 15:25:52.79995] #7 >> 16423200.0:    DFlowFM.Update(     3600.00000)
** INFO   :  Maximum salinity encountered and limited in           10  cell(s).
** INFO   :  Maximum salinity encountered and limited in           10  cell(s).
** INFO   :  Maximum salinity encountered and limited in           10  cell(s).
** INFO   :  Maximum salinity encountered and limited in           10  cell(s).
** INFO   :  Maximum salinity encountered and limited in           10  cell(s).
** INFO   :  Maximum salinity encountered and limited in           10  cell(s).
** INFO   :  Maximum salinity encountered and limited in           10  cell(s).
** INFO   :  Maximum salinity encountered and limited in           10  cell(s).
** INFO   :  Maximum salinity encountered and limited in           10  cell(s).
** INFO   :  Warning limit reached: No more Maximum salinity limit messages will be displayed.
** INFO   :           0d  3:00:00          1d 21:00:00          0d  0:02:04          0d  0:30:04        540     6.4%    10.90909
Dimr [2026-05-19 15:26:21.769336] #6 >> TIME LOOP    162000.00000 --  16588800.00000 --  16426800.00000
Dimr [2026-05-19 15:26:21.769362] #6 >> TIME LOOP      3600.00000 --  16588800.00000 --  16426800.00000 --         0.00000 
** INFO   :           0d  3:00:00          1d 21:00:00          0d  0:02:04          0d  0:30:04        540     6.4%    10.90909
Dimr [2026-05-19 15:26:21.771181] #2 >> TIME LOOP    162000.00000 --  16588800.00000 --  16426800.00000
Dimr [2026-05-19 15:26:21.771206] #2 >> TIME LOOP      3600.00000 --  16588800.00000 --  16426800.00000 --         0.00000 
** INFO   :           0d  3:00:00          1d 21:00:00          0d  0:02:03          0d  0:29:57        540     6.4%    10.90909
Dimr [2026-05-19 15:26:21.771254] #7 >> TIME LOOP    162000.00000 --  16588800.00000 --  16426800.00000
Dimr [2026-05-19 15:26:21.771271] #7 >> TIME LOOP      3600.00000 --  16588800.00000 --  16426800.00000 --         0.00000 
** INFO   :           0d  3:00:00          1d 21:00:00          0d  0:02:04          0d  0:30:03        540     6.4%    10.90909
Dimr [2026-05-19 15:26:21.771397] #5 >> TIME LOOP    162000.00000 --  16588800.00000 --  16426800.00000
Dimr [2026-05-19 15:26:21.771410] #5 >> TIME LOOP      3600.00000 --  16588800.00000 --  16426800.00000 --         0.00000 
** INFO   :           0d  3:00:00          1d 21:00:00          0d  0:02:04          0d  0:30:03        540     6.4%    10.90909
Dimr [2026-05-19 15:26:21.771760] #4 >> TIME LOOP    162000.00000 --  16588800.00000 --  16426800.00000
Dimr [2026-05-19 15:26:21.771776] #4 >> TIME LOOP      3600.00000 --  16588800.00000 --  16426800.00000 --         0.00000 
** INFO   :           0d  3:00:00          1d 21:00:00          0d  0:02:03          0d  0:29:56        540     6.4%    10.90909
Dimr [2026-05-19 15:26:21.772211] #1 >> TIME LOOP    162000.00000 --  16588800.00000 --  16426800.00000
Dimr [2026-05-19 15:26:21.772230] #1 >> TIME LOOP      3600.00000 --  16588800.00000 --  16426800.00000 --         0.00000 
** INFO   :           0d  3:00:00          1d 21:00:00          0d  0:02:03          0d  0:29:56        540     6.4%    10.90909
Dimr [2026-05-19 15:26:21.772579] #3 >> TIME LOOP    162000.00000 --  16588800.00000 --  16426800.00000
Dimr [2026-05-19 15:26:21.772596] #3 >> TIME LOOP      3600.00000 --  16588800.00000 --  16426800.00000 --         0.00000 
** INFO   :           0d  3:00:00          1d 21:00:00          0d  0:02:03          0d  0:29:55        540     6.4%    10.90909
Dimr [2026-05-19 15:26:21.773669] #0 >> TIME LOOP    162000.00000 --  16588800.00000 --  16426800.00000
Dimr [2026-05-19 15:26:21.773684] #0 >> TIME LOOP      3600.00000 --  16588800.00000 --  16426800.00000 --         0.00000 
Dimr [2026-05-19 15:26:21.773695] #0 >> Parallel Startgroup: Current time:  16426800.00000 --  16423200.00000
Dimr [2026-05-19 15:26:21.773706] #0 >> 16426800.0:    wave.Update(    3600.0)
*****************************************************************
*  Start of Delft3D-WAVE ...
Dimr [2026-05-19 15:26:21.773696] #1 >> Parallel Child: Current time:  16426800.00000 -- 0
Dimr [2026-05-19 15:26:21.773696] #2 >> Parallel Child: Current time:  16426800.00000 -- 0
Dimr [2026-05-19 15:26:21.773696] #3 >> Parallel Child: Current time:  16426800.00000 -- 0
Dimr [2026-05-19 15:26:21.773696] #4 >> Parallel Child: Current time:  16426800.00000 -- 0
Dimr [2026-05-19 15:26:21.773696] #5 >> Parallel Child: Current time:  16426800.00000 -- 0
Dimr [2026-05-19 15:26:21.773696] #6 >> Parallel Child: Current time:  16426800.00000 -- 0
Dimr [2026-05-19 15:26:21.773696] #7 >> Parallel Child: Current time:  16426800.00000 -- 0
  Start loop over SWAN grids, time =      273780.000 minutes since 20250101.000000
  Allocate input fields
  Allocate and read SWAN depth
  Get flow fields, domain 1 :
  Get flow fields, domain 2 :
  Get flow fields, domain 3 :
  Get flow fields, domain 4 :
  Get flow fields, domain 5 :
  Get flow fields, domain 6 :
  Get flow fields, domain 7 :
  Get flow fields, domain 8 :
  Write SWAN depth file
  Write SWAN velocity file
  Write SWAN wind file
  Write SWAN input
  Using SWAN hotstart file: hot_1_20250710_020000.nc
<<Run SWAN...
>>...Check file swan_sh.log
>>...End of SWAN run
  Allocate output fields
  Read SWAN output
  WARNING: Found negative value(s) for dissip(2) in swanout file;
           value(s) set to zero
  Map WAVE parameters to FLOW grid          1
  Map WAVE parameters to FLOW grid          2
  Map WAVE parameters to FLOW grid          3
  Map WAVE parameters to FLOW grid          4
  Map WAVE parameters to FLOW grid          5
  Map WAVE parameters to FLOW grid          6
  Map WAVE parameters to FLOW grid          7
  Map WAVE parameters to FLOW grid          8
  Deallocate input fields
  Allocate input fields
  Allocate and read SWAN depth
  Get flow fields, domain 1 :
  Get flow fields, domain 2 :
  Get flow fields, domain 3 :
  Get flow fields, domain 4 :
  Get flow fields, domain 5 :
  Get flow fields, domain 6 :
  Get flow fields, domain 7 :
  Get flow fields, domain 8 :
  Write SWAN depth file
  Write SWAN velocity file
  Write SWAN wind file
  Write SWAN input
  Using SWAN hotstart file: hot_2_20250710_020000.nc
<<Run SWAN...
>>...Check file swan_sh.log
>>...End of SWAN run
  Allocate output fields
  Read SWAN output
  WARNING: Found negative value(s) for dissip(2) in swanout file;
           value(s) set to zero
  Map WAVE parameters to FLOW grid          1
  Map WAVE parameters to FLOW grid          2
  Map WAVE parameters to FLOW grid          3
  Map WAVE parameters to FLOW grid          4
  Map WAVE parameters to FLOW grid          5
  Map WAVE parameters to FLOW grid          6
  Map WAVE parameters to FLOW grid          7
  Map WAVE parameters to FLOW grid          8
  Deallocate input fields
  Convert parameters
  Write to com-file
  Convert parameters
  Write to com-file
  Convert parameters
  Write to com-file
  Convert parameters
  Write to com-file
  Convert parameters
  Write to com-file
  Convert parameters
  Write to com-file
  Convert parameters
  Write to com-file
  Convert parameters
  Write to com-file
*  End of Delft3D-WAVE
*****************************************************************
Dimr [2026-05-19 15:26:36.222118] #0 >> Parallel Child: Current time:  16426800.00000 -- 0
Dimr [2026-05-19 15:26:36.222165] #0 >> 16426800.0:    DFlowFM.Update(     3600.00000)
Dimr [2026-05-19 15:26:36.222176] #1 >> 16426800.0:    DFlowFM.Update(     3600.00000)
Dimr [2026-05-19 15:26:36.222178] #2 >> 16426800.0:    DFlowFM.Update(     3600.00000)
Dimr [2026-05-19 15:26:36.222171] #3 >> 16426800.0:    DFlowFM.Update(     3600.00000)
Dimr [2026-05-19 15:26:36.222181] #4 >> 16426800.0:    DFlowFM.Update(     3600.00000)
Dimr [2026-05-19 15:26:36.222179] #5 >> 16426800.0:    DFlowFM.Update(     3600.00000)
Dimr [2026-05-19 15:26:36.222180] #6 >> 16426800.0:    DFlowFM.Update(     3600.00000)
Dimr [2026-05-19 15:26:36.222180] #7 >> 16426800.0:    DFlowFM.Update(     3600.00000)
** INFO   :           0d  4:00:00          1d 20:00:00          0d  0:02:34          0d  0:27:35        528     8.5%    10.71429
Dimr [2026-05-19 15:27:06.606989] #6 >> TIME LOOP    158400.00000 --  16588800.00000 --  16430400.00000
Dimr [2026-05-19 15:27:06.607016] #6 >> TIME LOOP      3600.00000 --  16588800.00000 --  16430400.00000 --         0.00000 
** INFO   :           0d  4:00:00          1d 20:00:00          0d  0:02:33          0d  0:27:27        528     8.5%    10.71429
Dimr [2026-05-19 15:27:06.608998] #7 >> TIME LOOP    158400.00000 --  16588800.00000 --  16430400.00000
Dimr [2026-05-19 15:27:06.609015] #7 >> TIME LOOP      3600.00000 --  16588800.00000 --  16430400.00000 --         0.00000 
** INFO   :           0d  4:00:00          1d 20:00:00          0d  0:02:34          0d  0:27:34        528     8.5%    10.71429
Dimr [2026-05-19 15:27:06.609118] #2 >> TIME LOOP    158400.00000 --  16588800.00000 --  16430400.00000
Dimr [2026-05-19 15:27:06.609141] #2 >> TIME LOOP      3600.00000 --  16588800.00000 --  16430400.00000 --         0.00000 
** INFO   :           0d  4:00:00          1d 20:00:00          0d  0:02:33          0d  0:27:34        528     8.5%    10.71429
Dimr [2026-05-19 15:27:06.609145] #5 >> TIME LOOP    158400.00000 --  16588800.00000 --  16430400.00000
Dimr [2026-05-19 15:27:06.609160] #5 >> TIME LOOP      3600.00000 --  16588800.00000 --  16430400.00000 --         0.00000 
** INFO   :           0d  4:00:00          1d 20:00:00          0d  0:02:33          0d  0:27:34        528     8.5%    10.71429
Dimr [2026-05-19 15:27:06.609419] #4 >> TIME LOOP    158400.00000 --  16588800.00000 --  16430400.00000
Dimr [2026-05-19 15:27:06.609435] #4 >> TIME LOOP      3600.00000 --  16588800.00000 --  16430400.00000 --         0.00000 
** INFO   :           0d  4:00:00          1d 20:00:00          0d  0:02:33          0d  0:27:26        528     8.5%    10.71429
Dimr [2026-05-19 15:27:06.610031] #1 >> TIME LOOP    158400.00000 --  16588800.00000 --  16430400.00000
Dimr [2026-05-19 15:27:06.610051] #1 >> TIME LOOP      3600.00000 --  16588800.00000 --  16430400.00000 --         0.00000 
** INFO   :           0d  4:00:00          1d 20:00:00          0d  0:02:33          0d  0:27:26        528     8.5%    10.71429
Dimr [2026-05-19 15:27:06.610507] #3 >> TIME LOOP    158400.00000 --  16588800.00000 --  16430400.00000
Dimr [2026-05-19 15:27:06.610523] #3 >> TIME LOOP      3600.00000 --  16588800.00000 --  16430400.00000 --         0.00000 
** INFO   :           0d  4:00:00          1d 20:00:00          0d  0:02:33          0d  0:27:25        528     8.5%    10.71429
Dimr [2026-05-19 15:27:06.611469] #0 >> TIME LOOP    158400.00000 --  16588800.00000 --  16430400.00000
Dimr [2026-05-19 15:27:06.611484] #0 >> TIME LOOP      3600.00000 --  16588800.00000 --  16430400.00000 --         0.00000 
Dimr [2026-05-19 15:27:06.611495] #0 >> Parallel Startgroup: Current time:  16430400.00000 --  16426800.00000
Dimr [2026-05-19 15:27:06.611496] #4 >> Parallel Child: Current time:  16430400.00000 -- 0
Dimr [2026-05-19 15:27:06.611496] #7 >> Parallel Child: Current time:  16430400.00000 -- 0
Dimr [2026-05-19 15:27:06.611508] #0 >> 16430400.0:    wave.Update(    3600.0)
*****************************************************************
*  Start of Delft3D-WAVE ...
Dimr [2026-05-19 15:27:06.611495] #1 >> Parallel Child: Current time:  16430400.00000 -- 0
Dimr [2026-05-19 15:27:06.611495] #2 >> Parallel Child: Current time:  16430400.00000 -- 0
Dimr [2026-05-19 15:27:06.611495] #3 >> Parallel Child: Current time:  16430400.00000 -- 0
Dimr [2026-05-19 15:27:06.611496] #5 >> Parallel Child: Current time:  16430400.00000 -- 0
Dimr [2026-05-19 15:27:06.611496] #6 >> Parallel Child: Current time:  16430400.00000 -- 0
  Start loop over SWAN grids, time =      273840.000 minutes since 20250101.000000
  Allocate input fields
  Allocate and read SWAN depth
  Get flow fields, domain 1 :
  Get flow fields, domain 2 :
  Get flow fields, domain 3 :
  Get flow fields, domain 4 :
  Get flow fields, domain 5 :
  Get flow fields, domain 6 :
  Get flow fields, domain 7 :
  Get flow fields, domain 8 :
  Write SWAN depth file
  Write SWAN velocity file
  Write SWAN wind file
  Write SWAN input
  Using SWAN hotstart file: hot_1_20250710_030000.nc
<<Run SWAN...
>>...Check file swan_sh.log
>>...End of SWAN run
  Allocate output fields
  Read SWAN output
  WARNING: Found negative value(s) for dissip(2) in swanout file;
           value(s) set to zero
  Map WAVE parameters to FLOW grid          1
  Map WAVE parameters to FLOW grid          2
  Map WAVE parameters to FLOW grid          3
  Map WAVE parameters to FLOW grid          4
  Map WAVE parameters to FLOW grid          5
  Map WAVE parameters to FLOW grid          6
  Map WAVE parameters to FLOW grid          7
  Map WAVE parameters to FLOW grid          8
  Deallocate input fields
  Allocate input fields
  Allocate and read SWAN depth
  Get flow fields, domain 1 :
  Get flow fields, domain 2 :
  Get flow fields, domain 3 :
  Get flow fields, domain 4 :
  Get flow fields, domain 5 :
  Get flow fields, domain 6 :
  Get flow fields, domain 7 :
  Get flow fields, domain 8 :
  Write SWAN depth file
  Write SWAN velocity file
  Write SWAN wind file
  Write SWAN input
  Using SWAN hotstart file: hot_2_20250710_030000.nc
<<Run SWAN...
>>...Check file swan_sh.log
>>...End of SWAN run
  Allocate output fields
  Read SWAN output
  WARNING: Found negative value(s) for dissip(2) in swanout file;
           value(s) set to zero
  Map WAVE parameters to FLOW grid          1
  Map WAVE parameters to FLOW grid          2
  Map WAVE parameters to FLOW grid          3
  Map WAVE parameters to FLOW grid          4
  Map WAVE parameters to FLOW grid          5
  Map WAVE parameters to FLOW grid          6
  Map WAVE parameters to FLOW grid          7
  Map WAVE parameters to FLOW grid          8
  Deallocate input fields
  Convert parameters
  Write to com-file
  Convert parameters
  Write to com-file
  Convert parameters
  Write to com-file
  Convert parameters
  Write to com-file
  Convert parameters
  Write to com-file
  Convert parameters
  Write to com-file
  Convert parameters
  Write to com-file
  Convert parameters
  Write to com-file
*  End of Delft3D-WAVE
*****************************************************************
Dimr [2026-05-19 15:27:21.142930] #0 >> Parallel Child: Current time:  16430400.00000 -- 0
Dimr [2026-05-19 15:27:21.142966] #0 >> 16430400.0:    DFlowFM.Update(     3600.00000)
Dimr [2026-05-19 15:27:21.142975] #3 >> 16430400.0:    DFlowFM.Update(     3600.00000)
Dimr [2026-05-19 15:27:21.142975] #1 >> 16430400.0:    DFlowFM.Update(     3600.00000)
Dimr [2026-05-19 15:27:21.142975] #2 >> 16430400.0:    DFlowFM.Update(     3600.00000)
Dimr [2026-05-19 15:27:21.142976] #4 >> 16430400.0:    DFlowFM.Update(     3600.00000)
Dimr [2026-05-19 15:27:21.142981] #5 >> 16430400.0:    DFlowFM.Update(     3600.00000)
Dimr [2026-05-19 15:27:21.142976] #6 >> 16430400.0:    DFlowFM.Update(     3600.00000)
Dimr [2026-05-19 15:27:21.142977] #7 >> 16430400.0:    DFlowFM.Update(     3600.00000)
** INFO   :           0d  5:00:00          1d 19:00:00          0d  0:03:08          0d  0:26:34        516    10.6%     9.11392
Dimr [2026-05-19 15:27:56.478257] #6 >> TIME LOOP    154800.00000 --  16588800.00000 --  16434000.00000
Dimr [2026-05-19 15:27:56.478284] #6 >> TIME LOOP      3600.00000 --  16588800.00000 --  16434000.00000 --         0.00000 
** INFO   :           0d  5:00:00          1d 19:00:00          0d  0:03:08          0d  0:26:33        516    10.6%     9.11392
Dimr [2026-05-19 15:27:56.480176] #2 >> TIME LOOP    154800.00000 --  16588800.00000 --  16434000.00000
Dimr [2026-05-19 15:27:56.480200] #2 >> TIME LOOP      3600.00000 --  16588800.00000 --  16434000.00000 --         0.00000 
** INFO   :           0d  5:00:00          1d 19:00:00          0d  0:03:08          0d  0:26:27        516    10.6%     9.11392
** INFO   :           0d  5:00:00          1d 19:00:00          0d  0:03:08          0d  0:26:33        516    10.6%     9.11392
Dimr [2026-05-19 15:27:56.480283] #7 >> TIME LOOP    154800.00000 --  16588800.00000 --  16434000.00000
Dimr [2026-05-19 15:27:56.480305] #7 >> TIME LOOP      3600.00000 --  16588800.00000 --  16434000.00000 --         0.00000 
Dimr [2026-05-19 15:27:56.480385] #5 >> TIME LOOP    154800.00000 --  16588800.00000 --  16434000.00000
Dimr [2026-05-19 15:27:56.480399] #5 >> TIME LOOP      3600.00000 --  16588800.00000 --  16434000.00000 --         0.00000 
** INFO   :           0d  5:00:00          1d 19:00:00          0d  0:03:08          0d  0:26:33        516    10.6%     9.11392
Dimr [2026-05-19 15:27:56.480784] #4 >> TIME LOOP    154800.00000 --  16588800.00000 --  16434000.00000
Dimr [2026-05-19 15:27:56.480799] #4 >> TIME LOOP      3600.00000 --  16588800.00000 --  16434000.00000 --         0.00000 
** INFO   :           0d  5:00:00          1d 19:00:00          0d  0:03:07          0d  0:26:26        516    10.6%     9.11392
Dimr [2026-05-19 15:27:56.481115] #1 >> TIME LOOP    154800.00000 --  16588800.00000 --  16434000.00000
Dimr [2026-05-19 15:27:56.481135] #1 >> TIME LOOP      3600.00000 --  16588800.00000 --  16434000.00000 --         0.00000 
** INFO   :           0d  5:00:00          1d 19:00:00          0d  0:03:07          0d  0:26:26        516    10.6%     9.11392
Dimr [2026-05-19 15:27:56.481545] #3 >> TIME LOOP    154800.00000 --  16588800.00000 --  16434000.00000
Dimr [2026-05-19 15:27:56.481561] #3 >> TIME LOOP      3600.00000 --  16588800.00000 --  16434000.00000 --         0.00000 
** INFO   :           0d  5:00:00          1d 19:00:00          0d  0:03:07          0d  0:26:25        516    10.6%     9.11392
Dimr [2026-05-19 15:27:56.482633] #0 >> TIME LOOP    154800.00000 --  16588800.00000 --  16434000.00000
Dimr [2026-05-19 15:27:56.482648] #0 >> TIME LOOP      3600.00000 --  16588800.00000 --  16434000.00000 --         0.00000 
Dimr [2026-05-19 15:27:56.482660] #3 >> Parallel Child: Current time:  16434000.00000 -- 0
Dimr [2026-05-19 15:27:56.482660] #4 >> Parallel Child: Current time:  16434000.00000 -- 0
Dimr [2026-05-19 15:27:56.482660] #5 >> Parallel Child: Current time:  16434000.00000 -- 0
Dimr [2026-05-19 15:27:56.482660] #7 >> Parallel Child: Current time:  16434000.00000 -- 0
Dimr [2026-05-19 15:27:56.482660] #0 >> Parallel Startgroup: Current time:  16434000.00000 --  16430400.00000
Dimr [2026-05-19 15:27:56.482678] #0 >> 16434000.0:    wave.Update(    3600.0)
*****************************************************************
*  Start of Delft3D-WAVE ...
Dimr [2026-05-19 15:27:56.482660] #1 >> Parallel Child: Current time:  16434000.00000 -- 0
Dimr [2026-05-19 15:27:56.482660] #2 >> Parallel Child: Current time:  16434000.00000 -- 0
Dimr [2026-05-19 15:27:56.482661] #6 >> Parallel Child: Current time:  16434000.00000 -- 0
  Start loop over SWAN grids, time =      273900.000 minutes since 20250101.000000
  Allocate input fields
  Allocate and read SWAN depth
  Get flow fields, domain 1 :
  Get flow fields, domain 2 :
  Get flow fields, domain 3 :
  Get flow fields, domain 4 :
  Get flow fields, domain 5 :
  Get flow fields, domain 6 :
  Get flow fields, domain 7 :
  Get flow fields, domain 8 :
  Write SWAN depth file
  Write SWAN velocity file
  Write SWAN wind file
  Write SWAN input
  Using SWAN hotstart file: hot_1_20250710_040000.nc
<<Run SWAN...
>>...Check file swan_sh.log
>>...End of SWAN run
  Allocate output fields
  Read SWAN output
  WARNING: Found negative value(s) for dissip(2) in swanout file;
           value(s) set to zero
  Map WAVE parameters to FLOW grid          1
  Map WAVE parameters to FLOW grid          2
  Map WAVE parameters to FLOW grid          3
  Map WAVE parameters to FLOW grid          4
  Map WAVE parameters to FLOW grid          5
  Map WAVE parameters to FLOW grid          6
  Map WAVE parameters to FLOW grid          7
  Map WAVE parameters to FLOW grid          8
  Deallocate input fields
  Allocate input fields
  Allocate and read SWAN depth
  Get flow fields, domain 1 :
  Get flow fields, domain 2 :
  Get flow fields, domain 3 :
  Get flow fields, domain 4 :
  Get flow fields, domain 5 :
  Get flow fields, domain 6 :
  Get flow fields, domain 7 :
  Get flow fields, domain 8 :
  Write SWAN depth file
  Write SWAN velocity file
  Write SWAN wind file
  Write SWAN input
  Using SWAN hotstart file: hot_2_20250710_040000.nc
<<Run SWAN...
>>...Check file swan_sh.log
>>...End of SWAN run
  Allocate output fields
  Read SWAN output
  WARNING: Found negative value(s) for dissip(2) in swanout file;
           value(s) set to zero
  Map WAVE parameters to FLOW grid          1
  Map WAVE parameters to FLOW grid          2
  Map WAVE parameters to FLOW grid          3
  Map WAVE parameters to FLOW grid          4
  Map WAVE parameters to FLOW grid          5
  Map WAVE parameters to FLOW grid          6
  Map WAVE parameters to FLOW grid          7
  Map WAVE parameters to FLOW grid          8
  Deallocate input fields
  Convert parameters
  Write to com-file
  Convert parameters
  Write to com-file
  Convert parameters
  Write to com-file
  Convert parameters
  Write to com-file
  Convert parameters
  Write to com-file
  Convert parameters
  Write to com-file
  Convert parameters
  Write to com-file
  Convert parameters
  Write to com-file
*  End of Delft3D-WAVE
*****************************************************************
Dimr [2026-05-19 15:28:10.806362] #0 >> Parallel Child: Current time:  16434000.00000 -- 0
Dimr [2026-05-19 15:28:10.806409] #0 >> 16434000.0:    DFlowFM.Update(     3600.00000)
Dimr [2026-05-19 15:28:10.806419] #1 >> 16434000.0:    DFlowFM.Update(     3600.00000)
Dimr [2026-05-19 15:28:10.806415] #2 >> 16434000.0:    DFlowFM.Update(     3600.00000)
Dimr [2026-05-19 15:28:10.806425] #3 >> 16434000.0:    DFlowFM.Update(     3600.00000)
Dimr [2026-05-19 15:28:10.806419] #4 >> 16434000.0:    DFlowFM.Update(     3600.00000)
Dimr [2026-05-19 15:28:10.806419] #5 >> 16434000.0:    DFlowFM.Update(     3600.00000)
Dimr [2026-05-19 15:28:10.806419] #6 >> 16434000.0:    DFlowFM.Update(     3600.00000)
Dimr [2026-05-19 15:28:10.806420] #7 >> 16434000.0:    DFlowFM.Update(     3600.00000)
** INFO   :  Minimum temperature encountered and limited in           10  cell(s).
** INFO   :           0d  6:00:00          1d 18:00:00          0d  0:03:47          0d  0:26:04        504    12.7%     8.55107
Dimr [2026-05-19 15:28:49.349150] #6 >> TIME LOOP    151200.00000 --  16588800.00000 --  16437600.00000
Dimr [2026-05-19 15:28:49.349177] #6 >> TIME LOOP      3600.00000 --  16588800.00000 --  16437600.00000 --         0.00000 
** INFO   :           0d  6:00:00          1d 18:00:00          0d  0:03:45          0d  0:25:57        504    12.7%     8.55107
Dimr [2026-05-19 15:28:49.351057] #7 >> TIME LOOP    151200.00000 --  16588800.00000 --  16437600.00000
Dimr [2026-05-19 15:28:49.351075] #7 >> TIME LOOP      3600.00000 --  16588800.00000 --  16437600.00000 --         0.00000 
** INFO   :           0d  6:00:00          1d 18:00:00          0d  0:03:46          0d  0:26:03        504    12.7%     8.55107
Dimr [2026-05-19 15:28:49.351197] #2 >> TIME LOOP    151200.00000 --  16588800.00000 --  16437600.00000
Dimr [2026-05-19 15:28:49.351221] #2 >> TIME LOOP      3600.00000 --  16588800.00000 --  16437600.00000 --         0.00000 
** INFO   :           0d  6:00:00          1d 18:00:00          0d  0:03:46          0d  0:26:03        504    12.7%     8.55107
Dimr [2026-05-19 15:28:49.351276] #5 >> TIME LOOP    151200.00000 --  16588800.00000 --  16437600.00000
Dimr [2026-05-19 15:28:49.351295] #5 >> TIME LOOP      3600.00000 --  16588800.00000 --  16437600.00000 --         0.00000 
** INFO   :           0d  6:00:00          1d 18:00:00          0d  0:03:46          0d  0:26:03        504    12.7%     8.55107
Dimr [2026-05-19 15:28:49.351614] #4 >> TIME LOOP    151200.00000 --  16588800.00000 --  16437600.00000
Dimr [2026-05-19 15:28:49.351630] #4 >> TIME LOOP      3600.00000 --  16588800.00000 --  16437600.00000 --         0.00000 
** INFO   :           0d  6:00:00          1d 18:00:00          0d  0:03:45          0d  0:25:56        504    12.7%     8.55107
Dimr [2026-05-19 15:28:49.352139] #1 >> TIME LOOP    151200.00000 --  16588800.00000 --  16437600.00000
Dimr [2026-05-19 15:28:49.352157] #1 >> TIME LOOP      3600.00000 --  16588800.00000 --  16437600.00000 --         0.00000 
** INFO   :           0d  6:00:00          1d 18:00:00          0d  0:03:45          0d  0:25:56        504    12.7%     8.55107
Dimr [2026-05-19 15:28:49.352550] #3 >> TIME LOOP    151200.00000 --  16588800.00000 --  16437600.00000
Dimr [2026-05-19 15:28:49.352565] #3 >> TIME LOOP      3600.00000 --  16588800.00000 --  16437600.00000 --         0.00000 
** INFO   :           0d  6:00:00          1d 18:00:00          0d  0:03:45          0d  0:25:55        504    12.7%     8.55107
Dimr [2026-05-19 15:28:49.353596] #0 >> TIME LOOP    151200.00000 --  16588800.00000 --  16437600.00000
Dimr [2026-05-19 15:28:49.353611] #0 >> TIME LOOP      3600.00000 --  16588800.00000 --  16437600.00000 --         0.00000 
Dimr [2026-05-19 15:28:49.353622] #4 >> Parallel Child: Current time:  16437600.00000 -- 0
Dimr [2026-05-19 15:28:49.353622] #5 >> Parallel Child: Current time:  16437600.00000 -- 0
Dimr [2026-05-19 15:28:49.353622] #7 >> Parallel Child: Current time:  16437600.00000 -- 0
Dimr [2026-05-19 15:28:49.353622] #0 >> Parallel Startgroup: Current time:  16437600.00000 --  16434000.00000
Dimr [2026-05-19 15:28:49.353640] #0 >> 16437600.0:    wave.Update(    3600.0)
*****************************************************************
*  Start of Delft3D-WAVE ...
Dimr [2026-05-19 15:28:49.353622] #1 >> Parallel Child: Current time:  16437600.00000 -- 0
Dimr [2026-05-19 15:28:49.353622] #2 >> Parallel Child: Current time:  16437600.00000 -- 0
Dimr [2026-05-19 15:28:49.353622] #3 >> Parallel Child: Current time:  16437600.00000 -- 0
Dimr [2026-05-19 15:28:49.353622] #6 >> Parallel Child: Current time:  16437600.00000 -- 0
  Start loop over SWAN grids, time =      273960.000 minutes since 20250101.000000
  Allocate input fields
  Allocate and read SWAN depth
  Get flow fields, domain 1 :
  Get flow fields, domain 2 :
  Get flow fields, domain 3 :
  Get flow fields, domain 4 :
  Get flow fields, domain 5 :
  Get flow fields, domain 6 :
  Get flow fields, domain 7 :
  Get flow fields, domain 8 :
  Write SWAN depth file
  Write SWAN velocity file
  Write SWAN wind file
  Write SWAN input
  Using SWAN hotstart file: hot_1_20250710_050000.nc
<<Run SWAN...
>>...Check file swan_sh.log
>>...End of SWAN run
  Allocate output fields
  Read SWAN output
  WARNING: Found negative value(s) for dissip(2) in swanout file;
           value(s) set to zero
  Map WAVE parameters to FLOW grid          1
  Map WAVE parameters to FLOW grid          2
  Map WAVE parameters to FLOW grid          3
  Map WAVE parameters to FLOW grid          4
  Map WAVE parameters to FLOW grid          5
  Map WAVE parameters to FLOW grid          6
  Map WAVE parameters to FLOW grid          7
  Map WAVE parameters to FLOW grid          8
  Deallocate input fields
  Allocate input fields
  Allocate and read SWAN depth
  Get flow fields, domain 1 :
  Get flow fields, domain 2 :
  Get flow fields, domain 3 :
  Get flow fields, domain 4 :
  Get flow fields, domain 5 :
  Get flow fields, domain 6 :
  Get flow fields, domain 7 :
  Get flow fields, domain 8 :
  Write SWAN depth file
  Write SWAN velocity file
  Write SWAN wind file
  Write SWAN input
  Using SWAN hotstart file: hot_2_20250710_050000.nc
<<Run SWAN...
>>...Check file swan_sh.log
>>...End of SWAN run
  Allocate output fields
  Read SWAN output
  WARNING: Found negative value(s) for dissip(2) in swanout file;
           value(s) set to zero
  Map WAVE parameters to FLOW grid          1
  Map WAVE parameters to FLOW grid          2
  Map WAVE parameters to FLOW grid          3
  Map WAVE parameters to FLOW grid          4
  Map WAVE parameters to FLOW grid          5
  Map WAVE parameters to FLOW grid          6
  Map WAVE parameters to FLOW grid          7
  Map WAVE parameters to FLOW grid          8
  Deallocate input fields
  Convert parameters
  Write to com-file
  Convert parameters
  Write to com-file
  Convert parameters
  Write to com-file
  Convert parameters
  Write to com-file
  Convert parameters
  Write to com-file
  Convert parameters
  Write to com-file
  Convert parameters
  Write to com-file
  Convert parameters
  Write to com-file
*  End of Delft3D-WAVE
*****************************************************************
Dimr [2026-05-19 15:29:03.748312] #0 >> Parallel Child: Current time:  16437600.00000 -- 0
Dimr [2026-05-19 15:29:03.748342] #0 >> 16437600.0:    DFlowFM.Update(     3600.00000)
Dimr [2026-05-19 15:29:03.748349] #1 >> 16437600.0:    DFlowFM.Update(     3600.00000)
Dimr [2026-05-19 15:29:03.748349] #2 >> 16437600.0:    DFlowFM.Update(     3600.00000)
Dimr [2026-05-19 15:29:03.748355] #3 >> 16437600.0:    DFlowFM.Update(     3600.00000)
Dimr [2026-05-19 15:29:03.748352] #4 >> 16437600.0:    DFlowFM.Update(     3600.00000)
Dimr [2026-05-19 15:29:03.748349] #5 >> 16437600.0:    DFlowFM.Update(     3600.00000)
Dimr [2026-05-19 15:29:03.748349] #6 >> 16437600.0:    DFlowFM.Update(     3600.00000)
Dimr [2026-05-19 15:29:03.748349] #7 >> 16437600.0:    DFlowFM.Update(     3600.00000)
** INFO   :           0d  7:00:00          1d 17:00:00          0d  0:04:26          0d  0:25:41        492    14.7%     8.21918
Dimr [2026-05-19 15:29:43.902025] #6 >> TIME LOOP    147600.00000 --  16588800.00000 --  16441200.00000
Dimr [2026-05-19 15:29:43.902134] #6 >> TIME LOOP      3600.00000 --  16588800.00000 --  16441200.00000 --         0.00000 
** INFO   :           0d  7:00:00          1d 17:00:00          0d  0:04:25          0d  0:25:34        492    14.7%     8.21918
Dimr [2026-05-19 15:29:43.904135] #7 >> TIME LOOP    147600.00000 --  16588800.00000 --  16441200.00000
Dimr [2026-05-19 15:29:43.904153] #7 >> TIME LOOP      3600.00000 --  16588800.00000 --  16441200.00000 --         0.00000 
** INFO   :           0d  7:00:00          1d 17:00:00          0d  0:04:26          0d  0:25:40        492    14.7%     8.21918
Dimr [2026-05-19 15:29:43.904307] #2 >> TIME LOOP    147600.00000 --  16588800.00000 --  16441200.00000
Dimr [2026-05-19 15:29:43.904333] #2 >> TIME LOOP      3600.00000 --  16588800.00000 --  16441200.00000 --         0.00000 
** INFO   :           0d  7:00:00          1d 17:00:00          0d  0:04:26          0d  0:25:40        492    14.7%     8.21918
Dimr [2026-05-19 15:29:43.904315] #5 >> TIME LOOP    147600.00000 --  16588800.00000 --  16441200.00000
Dimr [2026-05-19 15:29:43.904331] #5 >> TIME LOOP      3600.00000 --  16588800.00000 --  16441200.00000 --         0.00000 
** INFO   :           0d  7:00:00          1d 17:00:00          0d  0:04:26          0d  0:25:40        492    14.7%     8.21918
Dimr [2026-05-19 15:29:43.904612] #4 >> TIME LOOP    147600.00000 --  16588800.00000 --  16441200.00000
Dimr [2026-05-19 15:29:43.904629] #4 >> TIME LOOP      3600.00000 --  16588800.00000 --  16441200.00000 --         0.00000 
** INFO   :           0d  7:00:00          1d 17:00:00          0d  0:04:25          0d  0:25:33        492    14.7%     8.21918
Dimr [2026-05-19 15:29:43.905180] #1 >> TIME LOOP    147600.00000 --  16588800.00000 --  16441200.00000
Dimr [2026-05-19 15:29:43.905198] #1 >> TIME LOOP      3600.00000 --  16588800.00000 --  16441200.00000 --         0.00000 
** INFO   :           0d  7:00:00          1d 17:00:00          0d  0:04:25          0d  0:25:33        492    14.7%     8.21918
Dimr [2026-05-19 15:29:43.905687] #3 >> TIME LOOP    147600.00000 --  16588800.00000 --  16441200.00000
Dimr [2026-05-19 15:29:43.905703] #3 >> TIME LOOP      3600.00000 --  16588800.00000 --  16441200.00000 --         0.00000 
** INFO   :           0d  7:00:00          1d 17:00:00          0d  0:04:25          0d  0:25:32        492    14.7%     8.21918
Dimr [2026-05-19 15:29:43.906522] #0 >> TIME LOOP    147600.00000 --  16588800.00000 --  16441200.00000
Dimr [2026-05-19 15:29:43.906537] #0 >> TIME LOOP      3600.00000 --  16588800.00000 --  16441200.00000 --         0.00000 
Dimr [2026-05-19 15:29:43.906550] #7 >> Parallel Child: Current time:  16441200.00000 -- 0
Dimr [2026-05-19 15:29:43.906550] #0 >> Parallel Startgroup: Current time:  16441200.00000 --  16437600.00000
Dimr [2026-05-19 15:29:43.906568] #0 >> 16441200.0:    wave.Update(    3600.0)
*****************************************************************
*  Start of Delft3D-WAVE ...
Dimr [2026-05-19 15:29:43.906550] #1 >> Parallel Child: Current time:  16441200.00000 -- 0
Dimr [2026-05-19 15:29:43.906550] #2 >> Parallel Child: Current time:  16441200.00000 -- 0
Dimr [2026-05-19 15:29:43.906550] #3 >> Parallel Child: Current time:  16441200.00000 -- 0
Dimr [2026-05-19 15:29:43.906550] #4 >> Parallel Child: Current time:  16441200.00000 -- 0
Dimr [2026-05-19 15:29:43.906550] #5 >> Parallel Child: Current time:  16441200.00000 -- 0
Dimr [2026-05-19 15:29:43.906550] #6 >> Parallel Child: Current time:  16441200.00000 -- 0
  Start loop over SWAN grids, time =      274020.000 minutes since 20250101.000000
  Allocate input fields
  Allocate and read SWAN depth
  Get flow fields, domain 1 :
  Get flow fields, domain 2 :
  Get flow fields, domain 3 :
  Get flow fields, domain 4 :
  Get flow fields, domain 5 :
  Get flow fields, domain 6 :
  Get flow fields, domain 7 :
  Get flow fields, domain 8 :
  Write SWAN depth file
  Write SWAN velocity file
  Write SWAN wind file
  Write SWAN input
  Using SWAN hotstart file: hot_1_20250710_060000.nc
<<Run SWAN...
>>...Check file swan_sh.log
>>...End of SWAN run
  Allocate output fields
  Read SWAN output
  WARNING: Found negative value(s) for dissip(2) in swanout file;
           value(s) set to zero
  Map WAVE parameters to FLOW grid          1
  Map WAVE parameters to FLOW grid          2
  Map WAVE parameters to FLOW grid          3
  Map WAVE parameters to FLOW grid          4
  Map WAVE parameters to FLOW grid          5
  Map WAVE parameters to FLOW grid          6
  Map WAVE parameters to FLOW grid          7
  Map WAVE parameters to FLOW grid          8
  Deallocate input fields
  Allocate input fields
  Allocate and read SWAN depth
  Get flow fields, domain 1 :
  Get flow fields, domain 2 :
  Get flow fields, domain 3 :
  Get flow fields, domain 4 :
  Get flow fields, domain 5 :
  Get flow fields, domain 6 :
  Get flow fields, domain 7 :
  Get flow fields, domain 8 :
  Write SWAN depth file
  Write SWAN velocity file
  Write SWAN wind file
  Write SWAN input
  Using SWAN hotstart file: hot_2_20250710_060000.nc
<<Run SWAN...
>>...Check file swan_sh.log
>>...End of SWAN run
  Allocate output fields
  Read SWAN output
  WARNING: Found negative value(s) for dissip(2) in swanout file;
           value(s) set to zero
  Map WAVE parameters to FLOW grid          1
  Map WAVE parameters to FLOW grid          2
  Map WAVE parameters to FLOW grid          3
  Map WAVE parameters to FLOW grid          4
  Map WAVE parameters to FLOW grid          5
  Map WAVE parameters to FLOW grid          6
  Map WAVE parameters to FLOW grid          7
  Map WAVE parameters to FLOW grid          8
  Deallocate input fields
  Convert parameters
  Write to com-file
  Convert parameters
  Write to com-file
  Convert parameters
  Write to com-file
  Convert parameters
  Write to com-file
  Convert parameters
  Write to com-file
  Convert parameters
  Write to com-file
  Convert parameters
  Write to com-file
  Convert parameters
  Write to com-file
*  End of Delft3D-WAVE
*****************************************************************
Dimr [2026-05-19 15:29:58.198565] #0 >> Parallel Child: Current time:  16441200.00000 -- 0
Dimr [2026-05-19 15:29:58.198598] #0 >> 16441200.0:    DFlowFM.Update(     3600.00000)
Dimr [2026-05-19 15:29:58.198605] #1 >> 16441200.0:    DFlowFM.Update(     3600.00000)
Dimr [2026-05-19 15:29:58.198604] #2 >> 16441200.0:    DFlowFM.Update(     3600.00000)
Dimr [2026-05-19 15:29:58.198604] #3 >> 16441200.0:    DFlowFM.Update(     3600.00000)
Dimr [2026-05-19 15:29:58.198607] #4 >> 16441200.0:    DFlowFM.Update(     3600.00000)
Dimr [2026-05-19 15:29:58.198604] #5 >> 16441200.0:    DFlowFM.Update(     3600.00000)
Dimr [2026-05-19 15:29:58.198604] #6 >> 16441200.0:    DFlowFM.Update(     3600.00000)
Dimr [2026-05-19 15:29:58.198605] #7 >> 16441200.0:    DFlowFM.Update(     3600.00000)
** INFO   :  Minimum temperature encountered and limited in           10  cell(s).
** INFO   :  Minimum salinity encountered and limited in           10  cell(s).
** INFO   :  Minimum salinity encountered =   -384.026382613424
** INFO   :           0d  8:00:00          1d 16:00:00          0d  0:05:02          0d  0:24:56        480    16.8%     9.02256
Dimr [2026-05-19 15:30:34.798983] #6 >> TIME LOOP    144000.00000 --  16588800.00000 --  16444800.00000
Dimr [2026-05-19 15:30:34.799011] #6 >> TIME LOOP      3600.00000 --  16588800.00000 --  16444800.00000 --         0.00000 
** INFO   :           0d  8:00:00          1d 16:00:00          0d  0:05:01          0d  0:24:49        480    16.8%     9.02256
Dimr [2026-05-19 15:30:34.800958] #7 >> TIME LOOP    144000.00000 --  16588800.00000 --  16444800.00000
Dimr [2026-05-19 15:30:34.800974] #7 >> TIME LOOP      3600.00000 --  16588800.00000 --  16444800.00000 --         0.00000 
** INFO   :           0d  8:00:00          1d 16:00:00          0d  0:05:02          0d  0:24:55        480    16.8%     9.02256
** INFO   :           0d  8:00:00          1d 16:00:00          0d  0:05:02          0d  0:24:55        480    16.8%     9.02256
Dimr [2026-05-19 15:30:34.801191] #5 >> TIME LOOP    144000.00000 --  16588800.00000 --  16444800.00000
Dimr [2026-05-19 15:30:34.801205] #5 >> TIME LOOP      3600.00000 --  16588800.00000 --  16444800.00000 --         0.00000 
Dimr [2026-05-19 15:30:34.801208] #2 >> TIME LOOP    144000.00000 --  16588800.00000 --  16444800.00000
Dimr [2026-05-19 15:30:34.801235] #2 >> TIME LOOP      3600.00000 --  16588800.00000 --  16444800.00000 --         0.00000 
** INFO   :           0d  8:00:00          1d 16:00:00          0d  0:05:02          0d  0:24:55        480    16.8%     9.02256
Dimr [2026-05-19 15:30:34.801535] #4 >> TIME LOOP    144000.00000 --  16588800.00000 --  16444800.00000
Dimr [2026-05-19 15:30:34.801552] #4 >> TIME LOOP      3600.00000 --  16588800.00000 --  16444800.00000 --         0.00000 
** INFO   :           0d  8:00:00          1d 16:00:00          0d  0:05:01          0d  0:24:49        480    16.8%     9.02256
Dimr [2026-05-19 15:30:34.802029] #1 >> TIME LOOP    144000.00000 --  16588800.00000 --  16444800.00000
Dimr [2026-05-19 15:30:34.802047] #1 >> TIME LOOP      3600.00000 --  16588800.00000 --  16444800.00000 --         0.00000 
** INFO   :           0d  8:00:00          1d 16:00:00          0d  0:05:01          0d  0:24:49        480    16.8%     9.02256
Dimr [2026-05-19 15:30:34.802585] #3 >> TIME LOOP    144000.00000 --  16588800.00000 --  16444800.00000
Dimr [2026-05-19 15:30:34.802601] #3 >> TIME LOOP      3600.00000 --  16588800.00000 --  16444800.00000 --         0.00000 
** INFO   :           0d  8:00:00          1d 16:00:00          0d  0:05:01          0d  0:24:48        480    16.8%     9.02256
Dimr [2026-05-19 15:30:34.803537] #0 >> TIME LOOP    144000.00000 --  16588800.00000 --  16444800.00000
Dimr [2026-05-19 15:30:34.803553] #0 >> TIME LOOP      3600.00000 --  16588800.00000 --  16444800.00000 --         0.00000 
Dimr [2026-05-19 15:30:34.803565] #0 >> Parallel Startgroup: Current time:  16444800.00000 --  16441200.00000
Dimr [2026-05-19 15:30:34.803565] #1 >> Parallel Child: Current time:  16444800.00000 -- 0
Dimr [2026-05-19 15:30:34.803565] #2 >> Parallel Child: Current time:  16444800.00000 -- 0
Dimr [2026-05-19 15:30:34.803565] #3 >> Parallel Child: Current time:  16444800.00000 -- 0
Dimr [2026-05-19 15:30:34.803565] #4 >> Parallel Child: Current time:  16444800.00000 -- 0
Dimr [2026-05-19 15:30:34.803565] #5 >> Parallel Child: Current time:  16444800.00000 -- 0
Dimr [2026-05-19 15:30:34.803565] #6 >> Parallel Child: Current time:  16444800.00000 -- 0
Dimr [2026-05-19 15:30:34.803565] #7 >> Parallel Child: Current time:  16444800.00000 -- 0
Dimr [2026-05-19 15:30:34.803578] #0 >> 16444800.0:    wave.Update(    3600.0)
*****************************************************************
*  Start of Delft3D-WAVE ...
  Start loop over SWAN grids, time =      274080.000 minutes since 20250101.000000
  Allocate input fields
  Allocate and read SWAN depth
  Get flow fields, domain 1 :
  Get flow fields, domain 2 :
  Get flow fields, domain 3 :
  Get flow fields, domain 4 :
  Get flow fields, domain 5 :
  Get flow fields, domain 6 :
  Get flow fields, domain 7 :
  Get flow fields, domain 8 :
  Write SWAN depth file
  Write SWAN velocity file
  Write SWAN wind file
  Write SWAN input
  Using SWAN hotstart file: hot_1_20250710_070000.nc
<<Run SWAN...
>>...Check file swan_sh.log
>>...End of SWAN run
  Allocate output fields
  Read SWAN output
  WARNING: Found negative value(s) for dissip(2) in swanout file;
           value(s) set to zero
  Map WAVE parameters to FLOW grid          1
  Map WAVE parameters to FLOW grid          2
  Map WAVE parameters to FLOW grid          3
  Map WAVE parameters to FLOW grid          4
  Map WAVE parameters to FLOW grid          5
  Map WAVE parameters to FLOW grid          6
  Map WAVE parameters to FLOW grid          7
  Map WAVE parameters to FLOW grid          8
  Deallocate input fields
  Allocate input fields
  Allocate and read SWAN depth
  Get flow fields, domain 1 :
  Get flow fields, domain 2 :
  Get flow fields, domain 3 :
  Get flow fields, domain 4 :
  Get flow fields, domain 5 :
  Get flow fields, domain 6 :
  Get flow fields, domain 7 :
  Get flow fields, domain 8 :
  Write SWAN depth file
  Write SWAN velocity file
  Write SWAN wind file
  Write SWAN input
  Using SWAN hotstart file: hot_2_20250710_070000.nc
<<Run SWAN...
>>...Check file swan_sh.log
>>...End of SWAN run
  Allocate output fields
  Read SWAN output
  WARNING: Found negative value(s) for dissip(2) in swanout file;
           value(s) set to zero
  Map WAVE parameters to FLOW grid          1
  Map WAVE parameters to FLOW grid          2
  Map WAVE parameters to FLOW grid          3
  Map WAVE parameters to FLOW grid          4
  Map WAVE parameters to FLOW grid          5
  Map WAVE parameters to FLOW grid          6
  Map WAVE parameters to FLOW grid          7
  Map WAVE parameters to FLOW grid          8
  Deallocate input fields
  Convert parameters
  Write to com-file
  Convert parameters
  Write to com-file
  Convert parameters
  Write to com-file
  Convert parameters
  Write to com-file
  Convert parameters
  Write to com-file
  Convert parameters
  Write to com-file
  Convert parameters
  Write to com-file
  Convert parameters
  Write to com-file
*  End of Delft3D-WAVE
*****************************************************************
Dimr [2026-05-19 15:30:42.372751] #0 >> Parallel Child: Current time:  16444800.00000 -- 0
Dimr [2026-05-19 15:30:42.372784] #0 >> 16444800.0:    DFlowFM.Update(     3600.00000)
Dimr [2026-05-19 15:30:42.372791] #1 >> 16444800.0:    DFlowFM.Update(     3600.00000)
Dimr [2026-05-19 15:30:42.372791] #2 >> 16444800.0:    DFlowFM.Update(     3600.00000)
Dimr [2026-05-19 15:30:42.372791] #3 >> 16444800.0:    DFlowFM.Update(     3600.00000)
Dimr [2026-05-19 15:30:42.372793] #4 >> 16444800.0:    DFlowFM.Update(     3600.00000)
Dimr [2026-05-19 15:30:42.372788] #5 >> 16444800.0:    DFlowFM.Update(     3600.00000)
Dimr [2026-05-19 15:30:42.372787] #6 >> 16444800.0:    DFlowFM.Update(     3600.00000)
Dimr [2026-05-19 15:30:42.372789] #7 >> 16444800.0:    DFlowFM.Update(     3600.00000)
** INFO   :  Minimum salinity encountered and limited in           10  cell(s).
** INFO   :  Minimum salinity encountered =   -16.3238491670371
** INFO   :  Minimum temperature encountered and limited in           10  cell(s).
** INFO   :  Minimum salinity encountered and limited in           10  cell(s).
** INFO   :  Minimum salinity encountered =   -394.889149099076
** INFO   :  Minimum salinity encountered and limited in           10  cell(s).
** INFO   :  Minimum salinity encountered =   -43.4752238197483
** INFO   :  Minimum salinity encountered and limited in           10  cell(s).
** INFO   :  Minimum salinity encountered =   -3.97848227566865
** INFO   :  Minimum temperature encountered and limited in           10  cell(s).
** INFO   :  Minimum salinity encountered and limited in           10  cell(s).
** INFO   :  Minimum salinity encountered =   -1164.22041720983
** INFO   :  Minimum temperature encountered and limited in           10  cell(s).
** INFO   :           0d  9:00:00          1d 15:00:00          0d  0:05:36          0d  0:24:03        468    18.9%     9.62567
Dimr [2026-05-19 15:31:16.467916] #6 >> TIME LOOP    140400.00000 --  16588800.00000 --  16448400.00000
Dimr [2026-05-19 15:31:16.467946] #6 >> TIME LOOP      3600.00000 --  16588800.00000 --  16448400.00000 --         0.00000 
** INFO   :           0d  9:00:00          1d 15:00:00          0d  0:05:36          0d  0:24:02        468    18.9%     9.62567
** INFO   :           0d  9:00:00          1d 15:00:00          0d  0:05:34          0d  0:23:56        468    18.9%     9.62567
Dimr [2026-05-19 15:31:16.469998] #7 >> TIME LOOP    140400.00000 --  16588800.00000 --  16448400.00000
Dimr [2026-05-19 15:31:16.470014] #7 >> TIME LOOP      3600.00000 --  16588800.00000 --  16448400.00000 --         0.00000 
** INFO   :           0d  9:00:00          1d 15:00:00          0d  0:05:36          0d  0:24:02        468    18.9%     9.62567
Dimr [2026-05-19 15:31:16.470043] #2 >> TIME LOOP    140400.00000 --  16588800.00000 --  16448400.00000
Dimr [2026-05-19 15:31:16.470068] #2 >> TIME LOOP      3600.00000 --  16588800.00000 --  16448400.00000 --         0.00000 
Dimr [2026-05-19 15:31:16.470083] #5 >> TIME LOOP    140400.00000 --  16588800.00000 --  16448400.00000
Dimr [2026-05-19 15:31:16.470097] #5 >> TIME LOOP      3600.00000 --  16588800.00000 --  16448400.00000 --         0.00000 
** INFO   :           0d  9:00:00          1d 15:00:00          0d  0:05:36          0d  0:24:02        468    18.9%     9.62567
Dimr [2026-05-19 15:31:16.470388] #4 >> TIME LOOP    140400.00000 --  16588800.00000 --  16448400.00000
Dimr [2026-05-19 15:31:16.470404] #4 >> TIME LOOP      3600.00000 --  16588800.00000 --  16448400.00000 --         0.00000 
** INFO   :           0d  9:00:00          1d 15:00:00          0d  0:05:34          0d  0:23:55        468    18.9%     9.62567
Dimr [2026-05-19 15:31:16.470987] #1 >> TIME LOOP    140400.00000 --  16588800.00000 --  16448400.00000
Dimr [2026-05-19 15:31:16.471005] #1 >> TIME LOOP      3600.00000 --  16588800.00000 --  16448400.00000 --         0.00000 
** INFO   :           0d  9:00:00          1d 15:00:00          0d  0:05:34          0d  0:23:55        468    18.9%     9.62567
Dimr [2026-05-19 15:31:16.471446] #3 >> TIME LOOP    140400.00000 --  16588800.00000 --  16448400.00000
Dimr [2026-05-19 15:31:16.471461] #3 >> TIME LOOP      3600.00000 --  16588800.00000 --  16448400.00000 --         0.00000 
** INFO   :           0d  9:00:00          1d 15:00:00          0d  0:05:34          0d  0:23:54        468    18.9%     9.62567
Dimr [2026-05-19 15:31:16.472450] #0 >> TIME LOOP    140400.00000 --  16588800.00000 --  16448400.00000
Dimr [2026-05-19 15:31:16.472466] #0 >> TIME LOOP      3600.00000 --  16588800.00000 --  16448400.00000 --         0.00000 
Dimr [2026-05-19 15:31:16.472478] #2 >> Parallel Child: Current time:  16448400.00000 -- 0
Dimr [2026-05-19 15:31:16.472477] #0 >> Parallel Startgroup: Current time:  16448400.00000 --  16444800.00000
Dimr [2026-05-19 15:31:16.472494] #0 >> 16448400.0:    wave.Update(    3600.0)
*****************************************************************
*  Start of Delft3D-WAVE ...
Dimr [2026-05-19 15:31:16.472477] #1 >> Parallel Child: Current time:  16448400.00000 -- 0
Dimr [2026-05-19 15:31:16.472478] #3 >> Parallel Child: Current time:  16448400.00000 -- 0
Dimr [2026-05-19 15:31:16.472478] #4 >> Parallel Child: Current time:  16448400.00000 -- 0
Dimr [2026-05-19 15:31:16.472478] #5 >> Parallel Child: Current time:  16448400.00000 -- 0
Dimr [2026-05-19 15:31:16.472478] #6 >> Parallel Child: Current time:  16448400.00000 -- 0
Dimr [2026-05-19 15:31:16.472478] #7 >> Parallel Child: Current time:  16448400.00000 -- 0
  Start loop over SWAN grids, time =      274140.000 minutes since 20250101.000000
  Allocate input fields
  Allocate and read SWAN depth
  Get flow fields, domain 1 :
  Get flow fields, domain 2 :
  Get flow fields, domain 3 :
  Get flow fields, domain 4 :
  Get flow fields, domain 5 :
  Get flow fields, domain 6 :
  Get flow fields, domain 7 :
  Get flow fields, domain 8 :
  Write SWAN depth file
  Write SWAN velocity file
  Write SWAN wind file
  Write SWAN input
  Using SWAN hotstart file: hot_1_20250710_080000.nc
<<Run SWAN...
>>...Check file swan_sh.log
>>...End of SWAN run
  Allocate output fields
  Read SWAN output
  WARNING: Found negative value(s) for dissip(2) in swanout file;
           value(s) set to zero
  Map WAVE parameters to FLOW grid          1
  Map WAVE parameters to FLOW grid          2
  Map WAVE parameters to FLOW grid          3
  Map WAVE parameters to FLOW grid          4
  Map WAVE parameters to FLOW grid          5
  Map WAVE parameters to FLOW grid          6
  Map WAVE parameters to FLOW grid          7
  Map WAVE parameters to FLOW grid          8
  Deallocate input fields
  Allocate input fields
  Allocate and read SWAN depth
  Get flow fields, domain 1 :
  Get flow fields, domain 2 :
  Get flow fields, domain 3 :
  Get flow fields, domain 4 :
  Get flow fields, domain 5 :
  Get flow fields, domain 6 :
  Get flow fields, domain 7 :
  Get flow fields, domain 8 :
  Write SWAN depth file
  Write SWAN velocity file
  Write SWAN wind file
  Write SWAN input
  Using SWAN hotstart file: hot_2_20250710_080000.nc
<<Run SWAN...
>>...Check file swan_sh.log
>>...End of SWAN run
  Allocate output fields
  Read SWAN output
  WARNING: Found negative value(s) for dissip(2) in swanout file;
           value(s) set to zero
  Map WAVE parameters to FLOW grid          1
  Map WAVE parameters to FLOW grid          2
  Map WAVE parameters to FLOW grid          3
  Map WAVE parameters to FLOW grid          4
  Map WAVE parameters to FLOW grid          5
  Map WAVE parameters to FLOW grid          6
  Map WAVE parameters to FLOW grid          7
  Map WAVE parameters to FLOW grid          8
  Deallocate input fields
  Convert parameters
  Write to com-file
  Convert parameters
  Write to com-file
  Convert parameters
  Write to com-file
  Convert parameters
  Write to com-file
  Convert parameters
  Write to com-file
  Convert parameters
  Write to com-file
  Convert parameters
  Write to com-file
  Convert parameters
  Write to com-file
*  End of Delft3D-WAVE
*****************************************************************
Dimr [2026-05-19 15:31:24.823700] #0 >> Parallel Child: Current time:  16448400.00000 -- 0
Dimr [2026-05-19 15:31:24.823736] #0 >> 16448400.0:    DFlowFM.Update(     3600.00000)
Dimr [2026-05-19 15:31:24.823749] #1 >> 16448400.0:    DFlowFM.Update(     3600.00000)
Dimr [2026-05-19 15:31:24.823743] #2 >> 16448400.0:    DFlowFM.Update(     3600.00000)
Dimr [2026-05-19 15:31:24.823743] #3 >> 16448400.0:    DFlowFM.Update(     3600.00000)
Dimr [2026-05-19 15:31:24.823749] #4 >> 16448400.0:    DFlowFM.Update(     3600.00000)
Dimr [2026-05-19 15:31:24.823747] #5 >> 16448400.0:    DFlowFM.Update(     3600.00000)
Dimr [2026-05-19 15:31:24.823739] #6 >> 16448400.0:    DFlowFM.Update(     3600.00000)
Dimr [2026-05-19 15:31:24.823746] #7 >> 16448400.0:    DFlowFM.Update(     3600.00000)
** INFO   :  Minimum temperature encountered and limited in           10  cell(s).
** INFO   :  Minimum salinity encountered and limited in           10  cell(s).
** INFO   :  Minimum salinity encountered =   -37.7216557984444
** INFO   :  Minimum temperature encountered and limited in           10  cell(s).
** INFO   :  Minimum salinity encountered and limited in           10  cell(s).
** INFO   :  Minimum salinity encountered =   -40.0770592893812
** INFO   :  Minimum temperature encountered and limited in           10  cell(s).
** INFO   :  Minimum salinity encountered and limited in           10  cell(s).
** INFO   :  Minimum salinity encountered =   -115.472957648475
** INFO   :  Minimum temperature encountered and limited in           10  cell(s).
** INFO   :  Minimum salinity encountered and limited in           10  cell(s).
** INFO   :  Minimum salinity encountered =   -125.289665557351
** INFO   :  Warning limit reached: No more Minimum salinity limit messages will be displayed.
** INFO   :  Minimum temperature encountered and limited in           10  cell(s).
** INFO   :  Minimum temperature encountered and limited in           10  cell(s).
** INFO   :  Minimum temperature encountered and limited in           10  cell(s).
** INFO   :           0d 10:00:00          1d 14:00:00          0d  0:06:07          0d  0:23:05        456    21.0%    10.37464
Dimr [2026-05-19 15:31:56.698954] #6 >> TIME LOOP    136800.00000 --  16588800.00000 --  16452000.00000
Dimr [2026-05-19 15:31:56.698983] #6 >> TIME LOOP      3600.00000 --  16588800.00000 --  16452000.00000 --         0.00000 
** INFO   :           0d 10:00:00          1d 14:00:00          0d  0:06:06          0d  0:22:58        456    21.0%    10.37464
Dimr [2026-05-19 15:31:56.701044] #7 >> TIME LOOP    136800.00000 --  16588800.00000 --  16452000.00000
Dimr [2026-05-19 15:31:56.701061] #7 >> TIME LOOP      3600.00000 --  16588800.00000 --  16452000.00000 --         0.00000 
** INFO   :           0d 10:00:00          1d 14:00:00          0d  0:06:07          0d  0:23:04        456    21.0%    10.37464
Dimr [2026-05-19 15:31:56.701157] #5 >> TIME LOOP    136800.00000 --  16588800.00000 --  16452000.00000
Dimr [2026-05-19 15:31:56.701171] #5 >> TIME LOOP      3600.00000 --  16588800.00000 --  16452000.00000 --         0.00000 
** INFO   :           0d 10:00:00          1d 14:00:00          0d  0:06:07          0d  0:23:04        456    21.0%    10.37464
Dimr [2026-05-19 15:31:56.701282] #2 >> TIME LOOP    136800.00000 --  16588800.00000 --  16452000.00000
Dimr [2026-05-19 15:31:56.701306] #2 >> TIME LOOP      3600.00000 --  16588800.00000 --  16452000.00000 --         0.00000 
** INFO   :           0d 10:00:00          1d 14:00:00          0d  0:06:07          0d  0:23:04        456    21.0%    10.37464
Dimr [2026-05-19 15:31:56.701466] #4 >> TIME LOOP    136800.00000 --  16588800.00000 --  16452000.00000
Dimr [2026-05-19 15:31:56.701483] #4 >> TIME LOOP      3600.00000 --  16588800.00000 --  16452000.00000 --         0.00000 
** INFO   :           0d 10:00:00          1d 14:00:00          0d  0:06:05          0d  0:22:57        456    21.0%    10.37464
Dimr [2026-05-19 15:31:56.702011] #1 >> TIME LOOP    136800.00000 --  16588800.00000 --  16452000.00000
Dimr [2026-05-19 15:31:56.702030] #1 >> TIME LOOP      3600.00000 --  16588800.00000 --  16452000.00000 --         0.00000 
** INFO   :           0d 10:00:00          1d 14:00:00          0d  0:06:06          0d  0:22:57        456    21.0%    10.37464
Dimr [2026-05-19 15:31:56.702399] #3 >> TIME LOOP    136800.00000 --  16588800.00000 --  16452000.00000
Dimr [2026-05-19 15:31:56.702414] #3 >> TIME LOOP      3600.00000 --  16588800.00000 --  16452000.00000 --         0.00000 
** INFO   :           0d 10:00:00          1d 14:00:00          0d  0:06:05          0d  0:22:57        456    21.0%    10.37464
Dimr [2026-05-19 15:31:56.703439] #0 >> TIME LOOP    136800.00000 --  16588800.00000 --  16452000.00000
Dimr [2026-05-19 15:31:56.703454] #0 >> TIME LOOP      3600.00000 --  16588800.00000 --  16452000.00000 --         0.00000 
Dimr [2026-05-19 15:31:56.703466] #2 >> Parallel Child: Current time:  16452000.00000 -- 0
Dimr [2026-05-19 15:31:56.703466] #0 >> Parallel Startgroup: Current time:  16452000.00000 --  16448400.00000
Dimr [2026-05-19 15:31:56.703485] #0 >> 16452000.0:    wave.Update(    3600.0)
Dimr [2026-05-19 15:31:56.703466] #1 >> Parallel Child: Current time:  16452000.00000 -- 0
Dimr [2026-05-19 15:31:56.703466] #3 >> Parallel Child: Current time:  16452000.00000 -- 0
Dimr [2026-05-19 15:31:56.703466] #4 >> Parallel Child: Current time:  16452000.00000 -- 0
Dimr [2026-05-19 15:31:56.703466] #5 >> Parallel Child: Current time:  16452000.00000 -- 0
Dimr [2026-05-19 15:31:56.703466] #6 >> Parallel Child: Current time:  16452000.00000 -- 0
Dimr [2026-05-19 15:31:56.703466] #7 >> Parallel Child: Current time:  16452000.00000 -- 0
*****************************************************************
*  Start of Delft3D-WAVE ...
  Start loop over SWAN grids, time =      274200.000 minutes since 20250101.000000
  Allocate input fields
  Allocate and read SWAN depth
  Get flow fields, domain 1 :
  Get flow fields, domain 2 :
  Get flow fields, domain 3 :
  Get flow fields, domain 4 :
  Get flow fields, domain 5 :
  Get flow fields, domain 6 :
  Get flow fields, domain 7 :
  Get flow fields, domain 8 :
  Write SWAN depth file
  Write SWAN velocity file
  Write SWAN wind file
  Write SWAN input
  Using SWAN hotstart file: hot_1_20250710_090000.nc
<<Run SWAN...
>>...Check file swan_sh.log
>>...End of SWAN run
  Allocate output fields
  Read SWAN output
  WARNING: Found negative value(s) for dissip(2) in swanout file;
           value(s) set to zero
  Map WAVE parameters to FLOW grid          1
  Map WAVE parameters to FLOW grid          2
  Map WAVE parameters to FLOW grid          3
  Map WAVE parameters to FLOW grid          4
  Map WAVE parameters to FLOW grid          5
  Map WAVE parameters to FLOW grid          6
  Map WAVE parameters to FLOW grid          7
  Map WAVE parameters to FLOW grid          8
  Deallocate input fields
  Allocate input fields
  Allocate and read SWAN depth
  Get flow fields, domain 1 :
  Get flow fields, domain 2 :
  Get flow fields, domain 3 :
  Get flow fields, domain 4 :
  Get flow fields, domain 5 :
  Get flow fields, domain 6 :
  Get flow fields, domain 7 :
  Get flow fields, domain 8 :
  Write SWAN depth file
  Write SWAN velocity file
  Write SWAN wind file
  Write SWAN input
  Using SWAN hotstart file: hot_2_20250710_090000.nc
<<Run SWAN...
>>...Check file swan_sh.log
>>...End of SWAN run
  Allocate output fields
  Read SWAN output
  WARNING: Found negative value(s) for dissip(2) in swanout file;
           value(s) set to zero
  Map WAVE parameters to FLOW grid          1
  Map WAVE parameters to FLOW grid          2
  Map WAVE parameters to FLOW grid          3
  Map WAVE parameters to FLOW grid          4
  Map WAVE parameters to FLOW grid          5
  Map WAVE parameters to FLOW grid          6
  Map WAVE parameters to FLOW grid          7
  Map WAVE parameters to FLOW grid          8
  Deallocate input fields
  Convert parameters
  Write to com-file
  Convert parameters
  Write to com-file
  Convert parameters
  Write to com-file
  Convert parameters
  Write to com-file
  Convert parameters
  Write to com-file
  Convert parameters
  Write to com-file
  Convert parameters
  Write to com-file
  Convert parameters
  Write to com-file
*  End of Delft3D-WAVE
*****************************************************************
Dimr [2026-05-19 15:32:05.69219] #0 >> Parallel Child: Current time:  16452000.00000 -- 0
Dimr [2026-05-19 15:32:05.69250] #0 >> 16452000.0:    DFlowFM.Update(     3600.00000)
Dimr [2026-05-19 15:32:05.69258] #1 >> 16452000.0:    DFlowFM.Update(     3600.00000)
Dimr [2026-05-19 15:32:05.69258] #2 >> 16452000.0:    DFlowFM.Update(     3600.00000)
Dimr [2026-05-19 15:32:05.69262] #3 >> 16452000.0:    DFlowFM.Update(     3600.00000)
Dimr [2026-05-19 15:32:05.69255] #4 >> 16452000.0:    DFlowFM.Update(     3600.00000)
Dimr [2026-05-19 15:32:05.69255] #5 >> 16452000.0:    DFlowFM.Update(     3600.00000)
Dimr [2026-05-19 15:32:05.69255] #6 >> 16452000.0:    DFlowFM.Update(     3600.00000)
Dimr [2026-05-19 15:32:05.69254] #7 >> 16452000.0:    DFlowFM.Update(     3600.00000)
** INFO   :  Minimum temperature encountered and limited in           10  cell(s).
** INFO   :  Warning limit reached: No more Minimum temperature limit messages will be displayed.
** INFO   :  Minimum temperature encountered and limited in           10  cell(s).
** INFO   :  Minimum temperature encountered and limited in           10  cell(s).
** INFO   :  Minimum salinity encountered and limited in           10  cell(s).
** INFO   :  Minimum salinity encountered =   -492.725531942408
** INFO   :  Minimum temperature encountered and limited in           10  cell(s).
** INFO   :  Minimum temperature encountered and limited in           10  cell(s).
** INFO   :           0d 11:00:00          1d 13:00:00          0d  0:06:39          0d  0:22:12        444    23.1%    10.40462
Dimr [2026-05-19 15:32:36.953290] #6 >> TIME LOOP    133200.00000 --  16588800.00000 --  16455600.00000
Dimr [2026-05-19 15:32:36.953319] #6 >> TIME LOOP      3600.00000 --  16588800.00000 --  16455600.00000 --         0.00000 
** INFO   :           0d 11:00:00          1d 13:00:00          0d  0:06:37          0d  0:22:05        444    23.1%    10.40462
Dimr [2026-05-19 15:32:36.955111] #7 >> TIME LOOP    133200.00000 --  16588800.00000 --  16455600.00000
Dimr [2026-05-19 15:32:36.955128] #7 >> TIME LOOP      3600.00000 --  16588800.00000 --  16455600.00000 --         0.00000 
** INFO   :           0d 11:00:00          1d 13:00:00          0d  0:06:39          0d  0:22:11        444    23.1%    10.40462
Dimr [2026-05-19 15:32:36.955373] #2 >> TIME LOOP    133200.00000 --  16588800.00000 --  16455600.00000
Dimr [2026-05-19 15:32:36.955397] #2 >> TIME LOOP      3600.00000 --  16588800.00000 --  16455600.00000 --         0.00000 
** INFO   :           0d 11:00:00          1d 13:00:00          0d  0:06:39          0d  0:22:11        444    23.1%    10.40462
Dimr [2026-05-19 15:32:36.955390] #5 >> TIME LOOP    133200.00000 --  16588800.00000 --  16455600.00000
Dimr [2026-05-19 15:32:36.955406] #5 >> TIME LOOP      3600.00000 --  16588800.00000 --  16455600.00000 --         0.00000 
** INFO   :           0d 11:00:00          1d 13:00:00          0d  0:06:39          0d  0:22:11        444    23.1%    10.40462
Dimr [2026-05-19 15:32:36.955745] #4 >> TIME LOOP    133200.00000 --  16588800.00000 --  16455600.00000
Dimr [2026-05-19 15:32:36.955760] #4 >> TIME LOOP      3600.00000 --  16588800.00000 --  16455600.00000 --         0.00000 
** INFO   :           0d 11:00:00          1d 13:00:00          0d  0:06:37          0d  0:22:04        444    23.1%    10.40462
Dimr [2026-05-19 15:32:36.956323] #1 >> TIME LOOP    133200.00000 --  16588800.00000 --  16455600.00000
Dimr [2026-05-19 15:32:36.956342] #1 >> TIME LOOP      3600.00000 --  16588800.00000 --  16455600.00000 --         0.00000 
** INFO   :           0d 11:00:00          1d 13:00:00          0d  0:06:37          0d  0:22:04        444    23.1%    10.40462
Dimr [2026-05-19 15:32:36.956783] #3 >> TIME LOOP    133200.00000 --  16588800.00000 --  16455600.00000
Dimr [2026-05-19 15:32:36.956799] #3 >> TIME LOOP      3600.00000 --  16588800.00000 --  16455600.00000 --         0.00000 
** INFO   :           0d 11:00:00          1d 13:00:00          0d  0:06:36          0d  0:22:04        444    23.1%    10.40462
Dimr [2026-05-19 15:32:36.957794] #0 >> TIME LOOP    133200.00000 --  16588800.00000 --  16455600.00000
Dimr [2026-05-19 15:32:36.957809] #0 >> TIME LOOP      3600.00000 --  16588800.00000 --  16455600.00000 --         0.00000 
Dimr [2026-05-19 15:32:36.957820] #4 >> Parallel Child: Current time:  16455600.00000 -- 0
Dimr [2026-05-19 15:32:36.957820] #0 >> Parallel Startgroup: Current time:  16455600.00000 --  16452000.00000
Dimr [2026-05-19 15:32:36.957840] #0 >> 16455600.0:    wave.Update(    3600.0)
Dimr [2026-05-19 15:32:36.957820] #1 >> Parallel Child: Current time:  16455600.00000 -- 0
Dimr [2026-05-19 15:32:36.957820] #2 >> Parallel Child: Current time:  16455600.00000 -- 0
Dimr [2026-05-19 15:32:36.957820] #3 >> Parallel Child: Current time:  16455600.00000 -- 0
Dimr [2026-05-19 15:32:36.957820] #5 >> Parallel Child: Current time:  16455600.00000 -- 0
Dimr [2026-05-19 15:32:36.957820] #6 >> Parallel Child: Current time:  16455600.00000 -- 0
Dimr [2026-05-19 15:32:36.957820] #7 >> Parallel Child: Current time:  16455600.00000 -- 0
*****************************************************************
*  Start of Delft3D-WAVE ...
  Start loop over SWAN grids, time =      274260.000 minutes since 20250101.000000
  Allocate input fields
  Allocate and read SWAN depth
  Get flow fields, domain 1 :
  Get flow fields, domain 2 :
  Get flow fields, domain 3 :
  Get flow fields, domain 4 :
  Get flow fields, domain 5 :
  Get flow fields, domain 6 :
  Get flow fields, domain 7 :
  Get flow fields, domain 8 :
  Write SWAN depth file
  Write SWAN velocity file
  Write SWAN wind file
  Write SWAN input
  Using SWAN hotstart file: hot_1_20250710_100000.nc
<<Run SWAN...
>>...Check file swan_sh.log
>>...End of SWAN run
  Allocate output fields
  Read SWAN output
  WARNING: Found negative value(s) for dissip(2) in swanout file;
           value(s) set to zero
  Map WAVE parameters to FLOW grid          1
  Map WAVE parameters to FLOW grid          2
  Map WAVE parameters to FLOW grid          3
  Map WAVE parameters to FLOW grid          4
  Map WAVE parameters to FLOW grid          5
  Map WAVE parameters to FLOW grid          6
  Map WAVE parameters to FLOW grid          7
  Map WAVE parameters to FLOW grid          8
  Deallocate input fields
  Allocate input fields
  Allocate and read SWAN depth
  Get flow fields, domain 1 :
  Get flow fields, domain 2 :
  Get flow fields, domain 3 :
  Get flow fields, domain 4 :
  Get flow fields, domain 5 :
  Get flow fields, domain 6 :
  Get flow fields, domain 7 :
  Get flow fields, domain 8 :
  Write SWAN depth file
  Write SWAN velocity file
  Write SWAN wind file
  Write SWAN input
  Using SWAN hotstart file: hot_2_20250710_100000.nc
<<Run SWAN...
>>...Check file swan_sh.log
>>...End of SWAN run
  Allocate output fields
  Read SWAN output
  WARNING: Found negative value(s) for dissip(2) in swanout file;
           value(s) set to zero
  Map WAVE parameters to FLOW grid          1
  Map WAVE parameters to FLOW grid          2
  Map WAVE parameters to FLOW grid          3
  Map WAVE parameters to FLOW grid          4
  Map WAVE parameters to FLOW grid          5
  Map WAVE parameters to FLOW grid          6
  Map WAVE parameters to FLOW grid          7
  Map WAVE parameters to FLOW grid          8
  Deallocate input fields
  Convert parameters
  Write to com-file
  Convert parameters
  Write to com-file
  Convert parameters
  Write to com-file
  Convert parameters
  Write to com-file
  Convert parameters
  Write to com-file
  Convert parameters
  Write to com-file
  Convert parameters
  Write to com-file
  Convert parameters
  Write to com-file
*  End of Delft3D-WAVE
*****************************************************************
Dimr [2026-05-19 15:32:42.830140] #0 >> Parallel Child: Current time:  16455600.00000 -- 0
Dimr [2026-05-19 15:32:42.830170] #0 >> 16455600.0:    DFlowFM.Update(     3600.00000)
Dimr [2026-05-19 15:32:42.830177] #1 >> 16455600.0:    DFlowFM.Update(     3600.00000)
Dimr [2026-05-19 15:32:42.830177] #2 >> 16455600.0:    DFlowFM.Update(     3600.00000)
Dimr [2026-05-19 15:32:42.830177] #3 >> 16455600.0:    DFlowFM.Update(     3600.00000)
Dimr [2026-05-19 15:32:42.830174] #4 >> 16455600.0:    DFlowFM.Update(     3600.00000)
Dimr [2026-05-19 15:32:42.830173] #5 >> 16455600.0:    DFlowFM.Update(     3600.00000)
Dimr [2026-05-19 15:32:42.830174] #6 >> 16455600.0:    DFlowFM.Update(     3600.00000)
Dimr [2026-05-19 15:32:42.830174] #7 >> 16455600.0:    DFlowFM.Update(     3600.00000)
** INFO   :  Minimum temperature encountered and limited in           10  cell(s).
** INFO   :  Warning limit reached: No more Minimum temperature limit messages will be displayed.
** INFO   :  Minimum salinity encountered and limited in           10  cell(s).
** INFO   :  Minimum salinity encountered =   -74.1275046868684
** INFO   :  Minimum salinity encountered and limited in           10  cell(s).
** INFO   :  Minimum salinity encountered =   -225.272315424880
** INFO   :  Minimum salinity encountered and limited in           10  cell(s).
** INFO   :  Minimum salinity encountered =   -10.1398822800437
** INFO   :  Minimum salinity encountered and limited in           10  cell(s).
** INFO   :  Minimum salinity encountered =   -1.17467919402453
** INFO   :  Minimum salinity encountered and limited in           10  cell(s).
** INFO   :  Minimum salinity encountered =   -4.54174006749551
** INFO   :  Minimum salinity encountered and limited in           10  cell(s).
** INFO   :  Minimum salinity encountered =  -0.118903932833365
** INFO   :  Minimum salinity encountered and limited in           10  cell(s).
** INFO   :  Minimum salinity encountered =   -5.26792112241061
** INFO   :  Warning limit reached: No more Minimum salinity limit messages will be displayed.
** INFO   :           0d 12:00:00          1d 12:00:00          0d  0:07:08          0d  0:21:16        432    25.1%    11.00917
Dimr [2026-05-19 15:33:12.702379] #6 >> TIME LOOP    129600.00000 --  16588800.00000 --  16459200.00000
Dimr [2026-05-19 15:33:12.702406] #6 >> TIME LOOP      3600.00000 --  16588800.00000 --  16459200.00000 --         0.00000 
** INFO   :           0d 12:00:00          1d 12:00:00          0d  0:07:06          0d  0:21:10        432    25.1%    11.00917
Dimr [2026-05-19 15:33:12.704360] #7 >> TIME LOOP    129600.00000 --  16588800.00000 --  16459200.00000
Dimr [2026-05-19 15:33:12.704377] #7 >> TIME LOOP      3600.00000 --  16588800.00000 --  16459200.00000 --         0.00000 
** INFO   :           0d 12:00:00          1d 12:00:00          0d  0:07:08          0d  0:21:15        432    25.1%    11.00917
Dimr [2026-05-19 15:33:12.704587] #2 >> TIME LOOP    129600.00000 --  16588800.00000 --  16459200.00000
Dimr [2026-05-19 15:33:12.704612] #2 >> TIME LOOP      3600.00000 --  16588800.00000 --  16459200.00000 --         0.00000 
** INFO   :           0d 12:00:00          1d 12:00:00          0d  0:07:08          0d  0:21:15        432    25.1%    11.00917
Dimr [2026-05-19 15:33:12.704584] #5 >> TIME LOOP    129600.00000 --  16588800.00000 --  16459200.00000
Dimr [2026-05-19 15:33:12.704597] #5 >> TIME LOOP      3600.00000 --  16588800.00000 --  16459200.00000 --         0.00000 
** INFO   :           0d 12:00:00          1d 12:00:00          0d  0:07:08          0d  0:21:15        432    25.1%    11.00917
Dimr [2026-05-19 15:33:12.704927] #4 >> TIME LOOP    129600.00000 --  16588800.00000 --  16459200.00000
Dimr [2026-05-19 15:33:12.704943] #4 >> TIME LOOP      3600.00000 --  16588800.00000 --  16459200.00000 --         0.00000 
** INFO   :           0d 12:00:00          1d 12:00:00          0d  0:07:06          0d  0:21:09        432    25.1%    11.00917
Dimr [2026-05-19 15:33:12.705470] #1 >> TIME LOOP    129600.00000 --  16588800.00000 --  16459200.00000
Dimr [2026-05-19 15:33:12.705489] #1 >> TIME LOOP      3600.00000 --  16588800.00000 --  16459200.00000 --         0.00000 
** INFO   :           0d 12:00:00          1d 12:00:00          0d  0:07:06          0d  0:21:09        432    25.1%    11.00917
Dimr [2026-05-19 15:33:12.705945] #3 >> TIME LOOP    129600.00000 --  16588800.00000 --  16459200.00000
Dimr [2026-05-19 15:33:12.705962] #3 >> TIME LOOP      3600.00000 --  16588800.00000 --  16459200.00000 --         0.00000 
** INFO   :           0d 12:00:00          1d 12:00:00          0d  0:07:06          0d  0:21:08        432    25.1%    11.00917
Dimr [2026-05-19 15:33:12.706898] #0 >> TIME LOOP    129600.00000 --  16588800.00000 --  16459200.00000
Dimr [2026-05-19 15:33:12.706913] #0 >> TIME LOOP      3600.00000 --  16588800.00000 --  16459200.00000 --         0.00000 
Dimr [2026-05-19 15:33:12.706925] #7 >> Parallel Child: Current time:  16459200.00000 -- 0
Dimr [2026-05-19 15:33:12.706924] #0 >> Parallel Startgroup: Current time:  16459200.00000 --  16455600.00000
Dimr [2026-05-19 15:33:12.706942] #0 >> 16459200.0:    wave.Update(    3600.0)
*****************************************************************
*  Start of Delft3D-WAVE ...
Dimr [2026-05-19 15:33:12.706924] #1 >> Parallel Child: Current time:  16459200.00000 -- 0
Dimr [2026-05-19 15:33:12.706924] #2 >> Parallel Child: Current time:  16459200.00000 -- 0
Dimr [2026-05-19 15:33:12.706924] #3 >> Parallel Child: Current time:  16459200.00000 -- 0
Dimr [2026-05-19 15:33:12.706925] #4 >> Parallel Child: Current time:  16459200.00000 -- 0
Dimr [2026-05-19 15:33:12.706925] #5 >> Parallel Child: Current time:  16459200.00000 -- 0
Dimr [2026-05-19 15:33:12.706925] #6 >> Parallel Child: Current time:  16459200.00000 -- 0
  Start loop over SWAN grids, time =      274320.000 minutes since 20250101.000000
  Allocate input fields
  Allocate and read SWAN depth
  Get flow fields, domain 1 :
  Get flow fields, domain 2 :
  Get flow fields, domain 3 :
  Get flow fields, domain 4 :
  Get flow fields, domain 5 :
  Get flow fields, domain 6 :
  Get flow fields, domain 7 :
  Get flow fields, domain 8 :
  Write SWAN depth file
  Write SWAN velocity file
  Write SWAN wind file
  Write SWAN input
  Using SWAN hotstart file: hot_1_20250710_110000.nc
<<Run SWAN...
>>...Check file swan_sh.log
>>...End of SWAN run
  Allocate output fields
  Read SWAN output
  Map WAVE parameters to FLOW grid          1
  Map WAVE parameters to FLOW grid          2
  Map WAVE parameters to FLOW grid          3
  Map WAVE parameters to FLOW grid          4
  Map WAVE parameters to FLOW grid          5
  Map WAVE parameters to FLOW grid          6
  Map WAVE parameters to FLOW grid          7
  Map WAVE parameters to FLOW grid          8
  Deallocate input fields
  Allocate input fields
  Allocate and read SWAN depth
  Get flow fields, domain 1 :
  Get flow fields, domain 2 :
  Get flow fields, domain 3 :
  Get flow fields, domain 4 :
  Get flow fields, domain 5 :
  Get flow fields, domain 6 :
  Get flow fields, domain 7 :
  Get flow fields, domain 8 :
  Write SWAN depth file
  Write SWAN velocity file
  Write SWAN wind file
  Write SWAN input
  Using SWAN hotstart file: hot_2_20250710_110000.nc
<<Run SWAN...
>>...Check file swan_sh.log
>>...End of SWAN run
  Allocate output fields
  Read SWAN output
  WARNING: Found negative value(s) for dissip(2) in swanout file;
           value(s) set to zero
  Map WAVE parameters to FLOW grid          1
  Map WAVE parameters to FLOW grid          2
  Map WAVE parameters to FLOW grid          3
  Map WAVE parameters to FLOW grid          4
  Map WAVE parameters to FLOW grid          5
  Map WAVE parameters to FLOW grid          6
  Map WAVE parameters to FLOW grid          7
  Map WAVE parameters to FLOW grid          8
  Deallocate input fields
  Convert parameters
  Write to com-file
  Convert parameters
  Write to com-file
  Convert parameters
  Write to com-file
  Convert parameters
  Write to com-file
  Convert parameters
  Write to com-file
  Convert parameters
  Write to com-file
  Convert parameters
  Write to com-file
  Convert parameters
  Write to com-file
*  End of Delft3D-WAVE
*****************************************************************
Dimr [2026-05-19 15:33:17.810292] #0 >> Parallel Child: Current time:  16459200.00000 -- 0
Dimr [2026-05-19 15:33:17.810322] #0 >> 16459200.0:    DFlowFM.Update(     3600.00000)
Dimr [2026-05-19 15:33:17.810330] #1 >> 16459200.0:    DFlowFM.Update(     3600.00000)
Dimr [2026-05-19 15:33:17.810330] #2 >> 16459200.0:    DFlowFM.Update(     3600.00000)
Dimr [2026-05-19 15:33:17.810330] #3 >> 16459200.0:    DFlowFM.Update(     3600.00000)
Dimr [2026-05-19 15:33:17.810328] #4 >> 16459200.0:    DFlowFM.Update(     3600.00000)
Dimr [2026-05-19 15:33:17.810328] #5 >> 16459200.0:    DFlowFM.Update(     3600.00000)
Dimr [2026-05-19 15:33:17.810328] #6 >> 16459200.0:    DFlowFM.Update(     3600.00000)
Dimr [2026-05-19 15:33:17.810328] #7 >> 16459200.0:    DFlowFM.Update(     3600.00000)
** INFO   :           0d 13:00:00          1d 11:00:00          0d  0:07:35          0d  0:20:17        420    27.2%    11.96013
Dimr [2026-05-19 15:33:44.910590] #6 >> TIME LOOP    126000.00000 --  16588800.00000 --  16462800.00000
Dimr [2026-05-19 15:33:44.910617] #6 >> TIME LOOP      3600.00000 --  16588800.00000 --  16462800.00000 --         0.00000 
** INFO   :           0d 13:00:00          1d 11:00:00          0d  0:07:33          0d  0:20:11        420    27.2%    11.96013
Dimr [2026-05-19 15:33:44.912617] #7 >> TIME LOOP    126000.00000 --  16588800.00000 --  16462800.00000
Dimr [2026-05-19 15:33:44.912633] #7 >> TIME LOOP      3600.00000 --  16588800.00000 --  16462800.00000 --         0.00000 
** INFO   :           0d 13:00:00          1d 11:00:00          0d  0:07:35          0d  0:20:16        420    27.2%    11.96013
Dimr [2026-05-19 15:33:44.912701] #2 >> TIME LOOP    126000.00000 --  16588800.00000 --  16462800.00000
Dimr [2026-05-19 15:33:44.912734] #2 >> TIME LOOP      3600.00000 --  16588800.00000 --  16462800.00000 --         0.00000 
** INFO   :           0d 13:00:00          1d 11:00:00          0d  0:07:35          0d  0:20:16        420    27.2%    11.96013
Dimr [2026-05-19 15:33:44.912772] #5 >> TIME LOOP    126000.00000 --  16588800.00000 --  16462800.00000
Dimr [2026-05-19 15:33:44.912786] #5 >> TIME LOOP      3600.00000 --  16588800.00000 --  16462800.00000 --         0.00000 
** INFO   :           0d 13:00:00          1d 11:00:00          0d  0:07:35          0d  0:20:16        420    27.2%    11.96013
Dimr [2026-05-19 15:33:44.913131] #4 >> TIME LOOP    126000.00000 --  16588800.00000 --  16462800.00000
Dimr [2026-05-19 15:33:44.913147] #4 >> TIME LOOP      3600.00000 --  16588800.00000 --  16462800.00000 --         0.00000 
** INFO   :           0d 13:00:00          1d 11:00:00          0d  0:07:32          0d  0:20:10        420    27.2%    11.96013
Dimr [2026-05-19 15:33:44.913754] #1 >> TIME LOOP    126000.00000 --  16588800.00000 --  16462800.00000
Dimr [2026-05-19 15:33:44.913773] #1 >> TIME LOOP      3600.00000 --  16588800.00000 --  16462800.00000 --         0.00000 
** INFO   :           0d 13:00:00          1d 11:00:00          0d  0:07:32          0d  0:20:10        420    27.2%    11.96013
Dimr [2026-05-19 15:33:44.914111] #3 >> TIME LOOP    126000.00000 --  16588800.00000 --  16462800.00000
Dimr [2026-05-19 15:33:44.914127] #3 >> TIME LOOP      3600.00000 --  16588800.00000 --  16462800.00000 --         0.00000 
** INFO   :           0d 13:00:00          1d 11:00:00          0d  0:07:32          0d  0:20:10        420    27.2%    11.96013
Dimr [2026-05-19 15:33:44.915121] #0 >> TIME LOOP    126000.00000 --  16588800.00000 --  16462800.00000
Dimr [2026-05-19 15:33:44.915136] #0 >> TIME LOOP      3600.00000 --  16588800.00000 --  16462800.00000 --         0.00000 
Dimr [2026-05-19 15:33:44.915147] #0 >> Parallel Startgroup: Current time:  16462800.00000 --  16459200.00000
Dimr [2026-05-19 15:33:44.915161] #0 >> 16462800.0:    wave.Update(    3600.0)
*****************************************************************
*  Start of Delft3D-WAVE ...
Dimr [2026-05-19 15:33:44.915147] #1 >> Parallel Child: Current time:  16462800.00000 -- 0
Dimr [2026-05-19 15:33:44.915147] #2 >> Parallel Child: Current time:  16462800.00000 -- 0
Dimr [2026-05-19 15:33:44.915147] #3 >> Parallel Child: Current time:  16462800.00000 -- 0
Dimr [2026-05-19 15:33:44.915147] #4 >> Parallel Child: Current time:  16462800.00000 -- 0
Dimr [2026-05-19 15:33:44.915147] #5 >> Parallel Child: Current time:  16462800.00000 -- 0
Dimr [2026-05-19 15:33:44.915147] #6 >> Parallel Child: Current time:  16462800.00000 -- 0
Dimr [2026-05-19 15:33:44.915147] #7 >> Parallel Child: Current time:  16462800.00000 -- 0
  Start loop over SWAN grids, time =      274380.000 minutes since 20250101.000000
  Allocate input fields
  Allocate and read SWAN depth
  Get flow fields, domain 1 :
  Get flow fields, domain 2 :
  Get flow fields, domain 3 :
  Get flow fields, domain 4 :
  Get flow fields, domain 5 :
  Get flow fields, domain 6 :
  Get flow fields, domain 7 :
  Get flow fields, domain 8 :
  Write SWAN depth file
  Write SWAN velocity file
  Write SWAN wind file
  Write SWAN input
  Using SWAN hotstart file: hot_1_20250710_120000.nc
<<Run SWAN...
>>...Check file swan_sh.log
>>...End of SWAN run
  Allocate output fields
  Read SWAN output
  WARNING: Found negative value(s) for dissip(2) in swanout file;
           value(s) set to zero
  Map WAVE parameters to FLOW grid          1
  Map WAVE parameters to FLOW grid          2
  Map WAVE parameters to FLOW grid          3
  Map WAVE parameters to FLOW grid          4
  Map WAVE parameters to FLOW grid          5
  Map WAVE parameters to FLOW grid          6
  Map WAVE parameters to FLOW grid          7
  Map WAVE parameters to FLOW grid          8
  Deallocate input fields
  Allocate input fields
  Allocate and read SWAN depth
  Get flow fields, domain 1 :
  Get flow fields, domain 2 :
  Get flow fields, domain 3 :
  Get flow fields, domain 4 :
  Get flow fields, domain 5 :
  Get flow fields, domain 6 :
  Get flow fields, domain 7 :
  Get flow fields, domain 8 :
  Write SWAN depth file
  Write SWAN velocity file
  Write SWAN wind file
  Write SWAN input
  Using SWAN hotstart file: hot_2_20250710_120000.nc
<<Run SWAN...
>>...Check file swan_sh.log
>>...End of SWAN run
  Allocate output fields
  Read SWAN output
  WARNING: Found negative value(s) for dissip(2) in swanout file;
           value(s) set to zero
  Map WAVE parameters to FLOW grid          1
  Map WAVE parameters to FLOW grid          2
  Map WAVE parameters to FLOW grid          3
  Map WAVE parameters to FLOW grid          4
  Map WAVE parameters to FLOW grid          5
  Map WAVE parameters to FLOW grid          6
  Map WAVE parameters to FLOW grid          7
  Map WAVE parameters to FLOW grid          8
  Deallocate input fields
  Convert parameters
  Write to com-file
  Convert parameters
  Write to com-file
  Convert parameters
  Write to com-file
  Convert parameters
  Write to com-file
  Convert parameters
  Write to com-file
  Convert parameters
  Write to com-file
  Convert parameters
  Write to com-file
  Convert parameters
  Write to com-file
*  End of Delft3D-WAVE
*****************************************************************
Dimr [2026-05-19 15:33:50.777447] #0 >> Parallel Child: Current time:  16462800.00000 -- 0
Dimr [2026-05-19 15:33:50.777477] #0 >> 16462800.0:    DFlowFM.Update(     3600.00000)
Dimr [2026-05-19 15:33:50.777485] #1 >> 16462800.0:    DFlowFM.Update(     3600.00000)
Dimr [2026-05-19 15:33:50.777485] #2 >> 16462800.0:    DFlowFM.Update(     3600.00000)
Dimr [2026-05-19 15:33:50.777485] #3 >> 16462800.0:    DFlowFM.Update(     3600.00000)
Dimr [2026-05-19 15:33:50.777486] #4 >> 16462800.0:    DFlowFM.Update(     3600.00000)
Dimr [2026-05-19 15:33:50.777484] #5 >> 16462800.0:    DFlowFM.Update(     3600.00000)
Dimr [2026-05-19 15:33:50.777484] #6 >> 16462800.0:    DFlowFM.Update(     3600.00000)
Dimr [2026-05-19 15:33:50.777484] #7 >> 16462800.0:    DFlowFM.Update(     3600.00000)
** INFO   :           0d 14:00:00          1d 10:00:00          0d  0:07:59          0d  0:19:17        408    29.3%    13.13869
Dimr [2026-05-19 15:34:15.340112] #6 >> TIME LOOP    122400.00000 --  16588800.00000 --  16466400.00000
Dimr [2026-05-19 15:34:15.340139] #6 >> TIME LOOP      3600.00000 --  16588800.00000 --  16466400.00000 --         0.00000 
** INFO   :           0d 14:00:00          1d 10:00:00          0d  0:07:59          0d  0:19:16        408    29.3%    13.13869
Dimr [2026-05-19 15:34:15.342160] #2 >> TIME LOOP    122400.00000 --  16588800.00000 --  16466400.00000
Dimr [2026-05-19 15:34:15.342187] #2 >> TIME LOOP      3600.00000 --  16588800.00000 --  16466400.00000 --         0.00000 
** INFO   :           0d 14:00:00          1d 10:00:00          0d  0:07:57          0d  0:19:11        408    29.3%    13.13869
Dimr [2026-05-19 15:34:15.342170] #7 >> TIME LOOP    122400.00000 --  16588800.00000 --  16466400.00000
Dimr [2026-05-19 15:34:15.342188] #7 >> TIME LOOP      3600.00000 --  16588800.00000 --  16466400.00000 --         0.00000 
** INFO   :           0d 14:00:00          1d 10:00:00          0d  0:07:59          0d  0:19:16        408    29.3%    13.13869
Dimr [2026-05-19 15:34:15.342357] #5 >> TIME LOOP    122400.00000 --  16588800.00000 --  16466400.00000
Dimr [2026-05-19 15:34:15.342373] #5 >> TIME LOOP      3600.00000 --  16588800.00000 --  16466400.00000 --         0.00000 
** INFO   :           0d 14:00:00          1d 10:00:00          0d  0:07:59          0d  0:19:16        408    29.3%    13.13869
Dimr [2026-05-19 15:34:15.342723] #4 >> TIME LOOP    122400.00000 --  16588800.00000 --  16466400.00000
Dimr [2026-05-19 15:34:15.342739] #4 >> TIME LOOP      3600.00000 --  16588800.00000 --  16466400.00000 --         0.00000 
** INFO   :           0d 14:00:00          1d 10:00:00          0d  0:07:56          0d  0:19:10        408    29.3%    13.13869
Dimr [2026-05-19 15:34:15.343197] #1 >> TIME LOOP    122400.00000 --  16588800.00000 --  16466400.00000
Dimr [2026-05-19 15:34:15.343216] #1 >> TIME LOOP      3600.00000 --  16588800.00000 --  16466400.00000 --         0.00000 
** INFO   :           0d 14:00:00          1d 10:00:00          0d  0:07:56          0d  0:19:10        408    29.3%    13.13869
Dimr [2026-05-19 15:34:15.343646] #3 >> TIME LOOP    122400.00000 --  16588800.00000 --  16466400.00000
Dimr [2026-05-19 15:34:15.343662] #3 >> TIME LOOP      3600.00000 --  16588800.00000 --  16466400.00000 --         0.00000 
** INFO   :           0d 14:00:00          1d 10:00:00          0d  0:07:56          0d  0:19:09        408    29.3%    13.13869
Dimr [2026-05-19 15:34:15.344554] #0 >> TIME LOOP    122400.00000 --  16588800.00000 --  16466400.00000
Dimr [2026-05-19 15:34:15.344569] #0 >> TIME LOOP      3600.00000 --  16588800.00000 --  16466400.00000 --         0.00000 
Dimr [2026-05-19 15:34:15.344581] #0 >> Parallel Startgroup: Current time:  16466400.00000 --  16462800.00000
Dimr [2026-05-19 15:34:15.344581] #1 >> Parallel Child: Current time:  16466400.00000 -- 0
Dimr [2026-05-19 15:34:15.344596] #0 >> 16466400.0:    wave.Update(    3600.0)
*****************************************************************
*  Start of Delft3D-WAVE ...
Dimr [2026-05-19 15:34:15.344581] #2 >> Parallel Child: Current time:  16466400.00000 -- 0
Dimr [2026-05-19 15:34:15.344581] #3 >> Parallel Child: Current time:  16466400.00000 -- 0
Dimr [2026-05-19 15:34:15.344581] #4 >> Parallel Child: Current time:  16466400.00000 -- 0
Dimr [2026-05-19 15:34:15.344581] #5 >> Parallel Child: Current time:  16466400.00000 -- 0
Dimr [2026-05-19 15:34:15.344581] #6 >> Parallel Child: Current time:  16466400.00000 -- 0
Dimr [2026-05-19 15:34:15.344581] #7 >> Parallel Child: Current time:  16466400.00000 -- 0
  Start loop over SWAN grids, time =      274440.000 minutes since 20250101.000000
  Allocate input fields
  Allocate and read SWAN depth
  Get flow fields, domain 1 :
  Get flow fields, domain 2 :
  Get flow fields, domain 3 :
  Get flow fields, domain 4 :
  Get flow fields, domain 5 :
  Get flow fields, domain 6 :
  Get flow fields, domain 7 :
  Get flow fields, domain 8 :
  Write SWAN depth file
  Write SWAN velocity file
  Write SWAN wind file
  Write SWAN input
  Using SWAN hotstart file: hot_1_20250710_130000.nc
<<Run SWAN...
>>...Check file swan_sh.log
>>...End of SWAN run
  Allocate output fields
  Read SWAN output
  WARNING: Found negative value(s) for dissip(2) in swanout file;
           value(s) set to zero
  Map WAVE parameters to FLOW grid          1
  Map WAVE parameters to FLOW grid          2
  Map WAVE parameters to FLOW grid          3
  Map WAVE parameters to FLOW grid          4
  Map WAVE parameters to FLOW grid          5
  Map WAVE parameters to FLOW grid          6
  Map WAVE parameters to FLOW grid          7
  Map WAVE parameters to FLOW grid          8
  Deallocate input fields
  Allocate input fields
  Allocate and read SWAN depth
  Get flow fields, domain 1 :
  Get flow fields, domain 2 :
  Get flow fields, domain 3 :
  Get flow fields, domain 4 :
  Get flow fields, domain 5 :
  Get flow fields, domain 6 :
  Get flow fields, domain 7 :
  Get flow fields, domain 8 :
  Write SWAN depth file
  Write SWAN velocity file
  Write SWAN wind file
  Write SWAN input
  Using SWAN hotstart file: hot_2_20250710_130000.nc
<<Run SWAN...
>>...Check file swan_sh.log
>>...End of SWAN run
  Allocate output fields
  Read SWAN output
  WARNING: Found negative value(s) for dissip(2) in swanout file;
           value(s) set to zero
  Map WAVE parameters to FLOW grid          1
  Map WAVE parameters to FLOW grid          2
  Map WAVE parameters to FLOW grid          3
  Map WAVE parameters to FLOW grid          4
  Map WAVE parameters to FLOW grid          5
  Map WAVE parameters to FLOW grid          6
  Map WAVE parameters to FLOW grid          7
  Map WAVE parameters to FLOW grid          8
  Deallocate input fields
  Convert parameters
  Write to com-file
  Convert parameters
  Write to com-file
  Convert parameters
  Write to com-file
  Convert parameters
  Write to com-file
  Convert parameters
  Write to com-file
  Convert parameters
  Write to com-file
  Convert parameters
  Write to com-file
  Convert parameters
  Write to com-file
*  End of Delft3D-WAVE
*****************************************************************
Dimr [2026-05-19 15:34:20.420276] #0 >> Parallel Child: Current time:  16466400.00000 -- 0
Dimr [2026-05-19 15:34:20.420306] #0 >> 16466400.0:    DFlowFM.Update(     3600.00000)
Dimr [2026-05-19 15:34:20.420315] #1 >> 16466400.0:    DFlowFM.Update(     3600.00000)
Dimr [2026-05-19 15:34:20.420315] #2 >> 16466400.0:    DFlowFM.Update(     3600.00000)
Dimr [2026-05-19 15:34:20.420315] #3 >> 16466400.0:    DFlowFM.Update(     3600.00000)
Dimr [2026-05-19 15:34:20.420316] #4 >> 16466400.0:    DFlowFM.Update(     3600.00000)
Dimr [2026-05-19 15:34:20.420319] #5 >> 16466400.0:    DFlowFM.Update(     3600.00000)
Dimr [2026-05-19 15:34:20.420311] #6 >> 16466400.0:    DFlowFM.Update(     3600.00000)
Dimr [2026-05-19 15:34:20.420313] #7 >> 16466400.0:    DFlowFM.Update(     3600.00000)
** INFO   :           0d 15:00:00          1d  9:00:00          0d  0:08:21          0d  0:18:17        396    31.4%    14.22925
Dimr [2026-05-19 15:34:42.911118] #6 >> TIME LOOP    118800.00000 --  16588800.00000 --  16470000.00000
Dimr [2026-05-19 15:34:42.911145] #6 >> TIME LOOP      3600.00000 --  16588800.00000 --  16470000.00000 --         0.00000 
** INFO   :           0d 15:00:00          1d  9:00:00          0d  0:08:21          0d  0:18:16        396    31.4%    14.22925
Dimr [2026-05-19 15:34:42.913048] #2 >> TIME LOOP    118800.00000 --  16588800.00000 --  16470000.00000
** INFO   :           0d 15:00:00          1d  9:00:00          0d  0:08:19          0d  0:18:11        396    31.4%    14.22925
Dimr [2026-05-19 15:34:42.913049] #7 >> TIME LOOP    118800.00000 --  16588800.00000 --  16470000.00000
Dimr [2026-05-19 15:34:42.913066] #7 >> TIME LOOP      3600.00000 --  16588800.00000 --  16470000.00000 --         0.00000 
Dimr [2026-05-19 15:34:42.913072] #2 >> TIME LOOP      3600.00000 --  16588800.00000 --  16470000.00000 --         0.00000 
** INFO   :           0d 15:00:00          1d  9:00:00          0d  0:08:21          0d  0:18:16        396    31.4%    14.22925
Dimr [2026-05-19 15:34:42.913345] #5 >> TIME LOOP    118800.00000 --  16588800.00000 --  16470000.00000
Dimr [2026-05-19 15:34:42.913360] #5 >> TIME LOOP      3600.00000 --  16588800.00000 --  16470000.00000 --         0.00000 
** INFO   :           0d 15:00:00          1d  9:00:00          0d  0:08:21          0d  0:18:16        396    31.4%    14.22925
Dimr [2026-05-19 15:34:42.913646] #4 >> TIME LOOP    118800.00000 --  16588800.00000 --  16470000.00000
Dimr [2026-05-19 15:34:42.913663] #4 >> TIME LOOP      3600.00000 --  16588800.00000 --  16470000.00000 --         0.00000 
** INFO   :           0d 15:00:00          1d  9:00:00          0d  0:08:18          0d  0:18:10        396    31.4%    14.22925
Dimr [2026-05-19 15:34:42.913972] #1 >> TIME LOOP    118800.00000 --  16588800.00000 --  16470000.00000
Dimr [2026-05-19 15:34:42.913990] #1 >> TIME LOOP      3600.00000 --  16588800.00000 --  16470000.00000 --         0.00000 
** INFO   :           0d 15:00:00          1d  9:00:00          0d  0:08:18          0d  0:18:10        396    31.4%    14.22925
Dimr [2026-05-19 15:34:42.914469] #3 >> TIME LOOP    118800.00000 --  16588800.00000 --  16470000.00000
Dimr [2026-05-19 15:34:42.914485] #3 >> TIME LOOP      3600.00000 --  16588800.00000 --  16470000.00000 --         0.00000 
** INFO   :           0d 15:00:00          1d  9:00:00          0d  0:08:18          0d  0:18:09        396    31.4%    14.22925
Dimr [2026-05-19 15:34:42.915577] #0 >> TIME LOOP    118800.00000 --  16588800.00000 --  16470000.00000
Dimr [2026-05-19 15:34:42.915593] #0 >> TIME LOOP      3600.00000 --  16588800.00000 --  16470000.00000 --         0.00000 
Dimr [2026-05-19 15:34:42.915605] #4 >> Parallel Child: Current time:  16470000.00000 -- 0
Dimr [2026-05-19 15:34:42.915604] #5 >> Parallel Child: Current time:  16470000.00000 -- 0
Dimr [2026-05-19 15:34:42.915605] #6 >> Parallel Child: Current time:  16470000.00000 -- 0
Dimr [2026-05-19 15:34:42.915604] #7 >> Parallel Child: Current time:  16470000.00000 -- 0
Dimr [2026-05-19 15:34:42.915604] #0 >> Parallel Startgroup: Current time:  16470000.00000 --  16466400.00000
Dimr [2026-05-19 15:34:42.915621] #0 >> 16470000.0:    wave.Update(    3600.0)
*****************************************************************
*  Start of Delft3D-WAVE ...
  Start loop over SWAN grids, time =      274500.000 minutes since 20250101.000000
  Allocate input fields
Dimr [2026-05-19 15:34:42.915604] #1 >> Parallel Child: Current time:  16470000.00000 -- 0
Dimr [2026-05-19 15:34:42.915605] #2 >> Parallel Child: Current time:  16470000.00000 -- 0
Dimr [2026-05-19 15:34:42.915604] #3 >> Parallel Child: Current time:  16470000.00000 -- 0
  Allocate and read SWAN depth
  Get flow fields, domain 1 :
  Get flow fields, domain 2 :
  Get flow fields, domain 3 :
  Get flow fields, domain 4 :
  Get flow fields, domain 5 :
  Get flow fields, domain 6 :
  Get flow fields, domain 7 :
  Get flow fields, domain 8 :
  Write SWAN depth file
  Write SWAN velocity file
  Write SWAN wind file
  Write SWAN input
  Using SWAN hotstart file: hot_1_20250710_140000.nc
<<Run SWAN...
>>...Check file swan_sh.log
>>...End of SWAN run
  Allocate output fields
  Read SWAN output
  WARNING: Found negative value(s) for dissip(2) in swanout file;
           value(s) set to zero
  Map WAVE parameters to FLOW grid          1
  Map WAVE parameters to FLOW grid          2
  Map WAVE parameters to FLOW grid          3
  Map WAVE parameters to FLOW grid          4
  Map WAVE parameters to FLOW grid          5
  Map WAVE parameters to FLOW grid          6
  Map WAVE parameters to FLOW grid          7
  Map WAVE parameters to FLOW grid          8
  Deallocate input fields
  Allocate input fields
  Allocate and read SWAN depth
  Get flow fields, domain 1 :
  Get flow fields, domain 2 :
  Get flow fields, domain 3 :
  Get flow fields, domain 4 :
  Get flow fields, domain 5 :
  Get flow fields, domain 6 :
  Get flow fields, domain 7 :
  Get flow fields, domain 8 :
  Write SWAN depth file
  Write SWAN velocity file
  Write SWAN wind file
  Write SWAN input
  Using SWAN hotstart file: hot_2_20250710_140000.nc
<<Run SWAN...
>>...Check file swan_sh.log
>>...End of SWAN run
  Allocate output fields
  Read SWAN output
  WARNING: Found negative value(s) for dissip(2) in swanout file;
           value(s) set to zero
  Map WAVE parameters to FLOW grid          1
  Map WAVE parameters to FLOW grid          2
  Map WAVE parameters to FLOW grid          3
  Map WAVE parameters to FLOW grid          4
  Map WAVE parameters to FLOW grid          5
  Map WAVE parameters to FLOW grid          6
  Map WAVE parameters to FLOW grid          7
  Map WAVE parameters to FLOW grid          8
  Deallocate input fields
  Convert parameters
  Write to com-file
  Convert parameters
  Write to com-file
  Convert parameters
  Write to com-file
  Convert parameters
  Write to com-file
  Convert parameters
  Write to com-file
  Convert parameters
  Write to com-file
  Convert parameters
  Write to com-file
  Convert parameters
  Write to com-file
*  End of Delft3D-WAVE
*****************************************************************
Dimr [2026-05-19 15:34:48.758308] #0 >> Parallel Child: Current time:  16470000.00000 -- 0
Dimr [2026-05-19 15:34:48.758339] #0 >> 16470000.0:    DFlowFM.Update(     3600.00000)
Dimr [2026-05-19 15:34:48.758347] #1 >> 16470000.0:    DFlowFM.Update(     3600.00000)
Dimr [2026-05-19 15:34:48.758347] #2 >> 16470000.0:    DFlowFM.Update(     3600.00000)
Dimr [2026-05-19 15:34:48.758347] #3 >> 16470000.0:    DFlowFM.Update(     3600.00000)
Dimr [2026-05-19 15:34:48.758347] #4 >> 16470000.0:    DFlowFM.Update(     3600.00000)
Dimr [2026-05-19 15:34:48.758345] #5 >> 16470000.0:    DFlowFM.Update(     3600.00000)
Dimr [2026-05-19 15:34:48.758344] #6 >> 16470000.0:    DFlowFM.Update(     3600.00000)
Dimr [2026-05-19 15:34:48.758344] #7 >> 16470000.0:    DFlowFM.Update(     3600.00000)
** INFO   :           0d 16:00:00          1d  8:00:00          0d  0:08:42          0d  0:17:18        384    33.4%    15.85903
Dimr [2026-05-19 15:35:09.547139] #6 >> TIME LOOP    115200.00000 --  16588800.00000 --  16473600.00000
Dimr [2026-05-19 15:35:09.547168] #6 >> TIME LOOP      3600.00000 --  16588800.00000 --  16473600.00000 --         0.00000 
** INFO   :           0d 16:00:00          1d  8:00:00          0d  0:08:39          0d  0:17:12        384    33.4%    15.85903
Dimr [2026-05-19 15:35:09.549058] #7 >> TIME LOOP    115200.00000 --  16588800.00000 --  16473600.00000
Dimr [2026-05-19 15:35:09.549073] #7 >> TIME LOOP      3600.00000 --  16588800.00000 --  16473600.00000 --         0.00000 
** INFO   :           0d 16:00:00          1d  8:00:00          0d  0:08:41          0d  0:17:17        384    33.4%    15.85903
** INFO   :           0d 16:00:00          1d  8:00:00          0d  0:08:41          0d  0:17:17        384    33.4%    15.85903
Dimr [2026-05-19 15:35:09.549242] #5 >> TIME LOOP    115200.00000 --  16588800.00000 --  16473600.00000
Dimr [2026-05-19 15:35:09.549256] #5 >> TIME LOOP      3600.00000 --  16588800.00000 --  16473600.00000 --         0.00000 
Dimr [2026-05-19 15:35:09.549259] #2 >> TIME LOOP    115200.00000 --  16588800.00000 --  16473600.00000
Dimr [2026-05-19 15:35:09.549287] #2 >> TIME LOOP      3600.00000 --  16588800.00000 --  16473600.00000 --         0.00000 
** INFO   :           0d 16:00:00          1d  8:00:00          0d  0:08:41          0d  0:17:17        384    33.4%    15.85903
Dimr [2026-05-19 15:35:09.549735] #4 >> TIME LOOP    115200.00000 --  16588800.00000 --  16473600.00000
Dimr [2026-05-19 15:35:09.549753] #4 >> TIME LOOP      3600.00000 --  16588800.00000 --  16473600.00000 --         0.00000 
** INFO   :           0d 16:00:00          1d  8:00:00          0d  0:08:38          0d  0:17:11        384    33.4%    15.85903
Dimr [2026-05-19 15:35:09.550126] #1 >> TIME LOOP    115200.00000 --  16588800.00000 --  16473600.00000
Dimr [2026-05-19 15:35:09.550144] #1 >> TIME LOOP      3600.00000 --  16588800.00000 --  16473600.00000 --         0.00000 
** INFO   :           0d 16:00:00          1d  8:00:00          0d  0:08:38          0d  0:17:12        384    33.4%    15.85903
Dimr [2026-05-19 15:35:09.550602] #3 >> TIME LOOP    115200.00000 --  16588800.00000 --  16473600.00000
Dimr [2026-05-19 15:35:09.550618] #3 >> TIME LOOP      3600.00000 --  16588800.00000 --  16473600.00000 --         0.00000 
** INFO   :           0d 16:00:00          1d  8:00:00          0d  0:08:38          0d  0:17:11        384    33.4%    15.85903
Dimr [2026-05-19 15:35:09.551556] #0 >> TIME LOOP    115200.00000 --  16588800.00000 --  16473600.00000
Dimr [2026-05-19 15:35:09.551571] #0 >> TIME LOOP      3600.00000 --  16588800.00000 --  16473600.00000 --         0.00000 
Dimr [2026-05-19 15:35:09.551583] #7 >> Parallel Child: Current time:  16473600.00000 -- 0
Dimr [2026-05-19 15:35:09.551582] #0 >> Parallel Startgroup: Current time:  16473600.00000 --  16470000.00000
Dimr [2026-05-19 15:35:09.551605] #0 >> 16473600.0:    wave.Update(    3600.0)
*****************************************************************
*  Start of Delft3D-WAVE ...
Dimr [2026-05-19 15:35:09.551582] #1 >> Parallel Child: Current time:  16473600.00000 -- 0
Dimr [2026-05-19 15:35:09.551582] #2 >> Parallel Child: Current time:  16473600.00000 -- 0
Dimr [2026-05-19 15:35:09.551582] #3 >> Parallel Child: Current time:  16473600.00000 -- 0
Dimr [2026-05-19 15:35:09.551583] #4 >> Parallel Child: Current time:  16473600.00000 -- 0
Dimr [2026-05-19 15:35:09.551583] #5 >> Parallel Child: Current time:  16473600.00000 -- 0
Dimr [2026-05-19 15:35:09.551583] #6 >> Parallel Child: Current time:  16473600.00000 -- 0
  Start loop over SWAN grids, time =      274560.000 minutes since 20250101.000000
  Allocate input fields
  Allocate and read SWAN depth
  Get flow fields, domain 1 :
  Get flow fields, domain 2 :
  Get flow fields, domain 3 :
  Get flow fields, domain 4 :
  Get flow fields, domain 5 :
  Get flow fields, domain 6 :
  Get flow fields, domain 7 :
  Get flow fields, domain 8 :
  Write SWAN depth file
  Write SWAN velocity file
  Write SWAN wind file
  Write SWAN input
  Using SWAN hotstart file: hot_1_20250710_150000.nc
<<Run SWAN...
>>...Check file swan_sh.log
>>...End of SWAN run
  Allocate output fields
  Read SWAN output
  WARNING: Found negative value(s) for dissip(2) in swanout file;
           value(s) set to zero
  Map WAVE parameters to FLOW grid          1
  Map WAVE parameters to FLOW grid          2
  Map WAVE parameters to FLOW grid          3
  Map WAVE parameters to FLOW grid          4
  Map WAVE parameters to FLOW grid          5
  Map WAVE parameters to FLOW grid          6
  Map WAVE parameters to FLOW grid          7
  Map WAVE parameters to FLOW grid          8
  Deallocate input fields
  Allocate input fields
  Allocate and read SWAN depth
  Get flow fields, domain 1 :
  Get flow fields, domain 2 :
  Get flow fields, domain 3 :
  Get flow fields, domain 4 :
  Get flow fields, domain 5 :
  Get flow fields, domain 6 :
  Get flow fields, domain 7 :
  Get flow fields, domain 8 :
  Write SWAN depth file
  Write SWAN velocity file
  Write SWAN wind file
  Write SWAN input
  Using SWAN hotstart file: hot_2_20250710_150000.nc
<<Run SWAN...
>>...Check file swan_sh.log
>>...End of SWAN run
  Allocate output fields
  Read SWAN output
  WARNING: Found negative value(s) for dissip(2) in swanout file;
           value(s) set to zero
  Map WAVE parameters to FLOW grid          1
  Map WAVE parameters to FLOW grid          2
  Map WAVE parameters to FLOW grid          3
  Map WAVE parameters to FLOW grid          4
  Map WAVE parameters to FLOW grid          5
  Map WAVE parameters to FLOW grid          6
  Map WAVE parameters to FLOW grid          7
  Map WAVE parameters to FLOW grid          8
  Deallocate input fields
  Convert parameters
  Write to com-file
  Convert parameters
  Write to com-file
  Convert parameters
  Write to com-file
  Convert parameters
  Write to com-file
  Convert parameters
  Write to com-file
  Convert parameters
  Write to com-file
  Convert parameters
  Write to com-file
  Convert parameters
  Write to com-file
*  End of Delft3D-WAVE
*****************************************************************
Dimr [2026-05-19 15:35:14.755939] #0 >> Parallel Child: Current time:  16473600.00000 -- 0
Dimr [2026-05-19 15:35:14.755968] #0 >> 16473600.0:    DFlowFM.Update(     3600.00000)
Dimr [2026-05-19 15:35:14.755978] #1 >> 16473600.0:    DFlowFM.Update(     3600.00000)
Dimr [2026-05-19 15:35:14.755977] #2 >> 16473600.0:    DFlowFM.Update(     3600.00000)
Dimr [2026-05-19 15:35:14.755977] #3 >> 16473600.0:    DFlowFM.Update(     3600.00000)
Dimr [2026-05-19 15:35:14.755978] #4 >> 16473600.0:    DFlowFM.Update(     3600.00000)
Dimr [2026-05-19 15:35:14.755975] #5 >> 16473600.0:    DFlowFM.Update(     3600.00000)
Dimr [2026-05-19 15:35:14.755974] #6 >> 16473600.0:    DFlowFM.Update(     3600.00000)
Dimr [2026-05-19 15:35:14.755976] #7 >> 16473600.0:    DFlowFM.Update(     3600.00000)
** INFO   :           0d 17:00:00          1d  7:00:00          0d  0:09:03          0d  0:16:26        372    35.5%    14.93776
Dimr [2026-05-19 15:35:36.875789] #6 >> TIME LOOP    111600.00000 --  16588800.00000 --  16477200.00000
Dimr [2026-05-19 15:35:36.875816] #6 >> TIME LOOP      3600.00000 --  16588800.00000 --  16477200.00000 --         0.00000 
** INFO   :           0d 17:00:00          1d  7:00:00          0d  0:09:00          0d  0:16:20        372    35.5%    14.93776
Dimr [2026-05-19 15:35:36.877756] #7 >> TIME LOOP    111600.00000 --  16588800.00000 --  16477200.00000
Dimr [2026-05-19 15:35:36.877773] #7 >> TIME LOOP      3600.00000 --  16588800.00000 --  16477200.00000 --         0.00000 
** INFO   :           0d 17:00:00          1d  7:00:00          0d  0:09:03          0d  0:16:25        372    35.5%    14.93776
Dimr [2026-05-19 15:35:36.877996] #2 >> TIME LOOP    111600.00000 --  16588800.00000 --  16477200.00000
Dimr [2026-05-19 15:35:36.878021] #2 >> TIME LOOP      3600.00000 --  16588800.00000 --  16477200.00000 --         0.00000 
** INFO   :           0d 17:00:00          1d  7:00:00          0d  0:09:03          0d  0:16:25        372    35.5%    14.93776
Dimr [2026-05-19 15:35:36.878043] #5 >> TIME LOOP    111600.00000 --  16588800.00000 --  16477200.00000
Dimr [2026-05-19 15:35:36.878057] #5 >> TIME LOOP      3600.00000 --  16588800.00000 --  16477200.00000 --         0.00000 
** INFO   :           0d 17:00:00          1d  7:00:00          0d  0:09:03          0d  0:16:25        372    35.5%    14.93776
Dimr [2026-05-19 15:35:36.878365] #4 >> TIME LOOP    111600.00000 --  16588800.00000 --  16477200.00000
Dimr [2026-05-19 15:35:36.878381] #4 >> TIME LOOP      3600.00000 --  16588800.00000 --  16477200.00000 --         0.00000 
** INFO   :           0d 17:00:00          1d  7:00:00          0d  0:09:00          0d  0:16:20        372    35.5%    14.93776
Dimr [2026-05-19 15:35:36.878859] #1 >> TIME LOOP    111600.00000 --  16588800.00000 --  16477200.00000
Dimr [2026-05-19 15:35:36.878879] #1 >> TIME LOOP      3600.00000 --  16588800.00000 --  16477200.00000 --         0.00000 
** INFO   :           0d 17:00:00          1d  7:00:00          0d  0:09:00          0d  0:16:20        372    35.5%    14.93776
Dimr [2026-05-19 15:35:36.879354] #3 >> TIME LOOP    111600.00000 --  16588800.00000 --  16477200.00000
Dimr [2026-05-19 15:35:36.879370] #3 >> TIME LOOP      3600.00000 --  16588800.00000 --  16477200.00000 --         0.00000 
** INFO   :           0d 17:00:00          1d  7:00:00          0d  0:09:00          0d  0:16:19        372    35.5%    14.93776
Dimr [2026-05-19 15:35:36.880349] #0 >> TIME LOOP    111600.00000 --  16588800.00000 --  16477200.00000
Dimr [2026-05-19 15:35:36.880364] #0 >> TIME LOOP      3600.00000 --  16588800.00000 --  16477200.00000 --         0.00000 
Dimr [2026-05-19 15:35:36.880375] #0 >> Parallel Startgroup: Current time:  16477200.00000 --  16473600.00000
Dimr [2026-05-19 15:35:36.880388] #0 >> 16477200.0:    wave.Update(    3600.0)
*****************************************************************
*  Start of Delft3D-WAVE ...
Dimr [2026-05-19 15:35:36.880376] #1 >> Parallel Child: Current time:  16477200.00000 -- 0
Dimr [2026-05-19 15:35:36.880376] #2 >> Parallel Child: Current time:  16477200.00000 -- 0
Dimr [2026-05-19 15:35:36.880376] #3 >> Parallel Child: Current time:  16477200.00000 -- 0
Dimr [2026-05-19 15:35:36.880376] #4 >> Parallel Child: Current time:  16477200.00000 -- 0
Dimr [2026-05-19 15:35:36.880376] #5 >> Parallel Child: Current time:  16477200.00000 -- 0
Dimr [2026-05-19 15:35:36.880376] #6 >> Parallel Child: Current time:  16477200.00000 -- 0
Dimr [2026-05-19 15:35:36.880376] #7 >> Parallel Child: Current time:  16477200.00000 -- 0
  Start loop over SWAN grids, time =      274620.000 minutes since 20250101.000000
  Allocate input fields
  Allocate and read SWAN depth
  Get flow fields, domain 1 :
  Get flow fields, domain 2 :
  Get flow fields, domain 3 :
  Get flow fields, domain 4 :
  Get flow fields, domain 5 :
  Get flow fields, domain 6 :
  Get flow fields, domain 7 :
  Get flow fields, domain 8 :
  Write SWAN depth file
  Write SWAN velocity file
  Write SWAN wind file
  Write SWAN input
  Using SWAN hotstart file: hot_1_20250710_160000.nc
<<Run SWAN...
>>...Check file swan_sh.log
>>...End of SWAN run
  Allocate output fields
  Read SWAN output
  WARNING: Found negative value(s) for dissip(2) in swanout file;
           value(s) set to zero
  Map WAVE parameters to FLOW grid          1
  Map WAVE parameters to FLOW grid          2
  Map WAVE parameters to FLOW grid          3
  Map WAVE parameters to FLOW grid          4
  Map WAVE parameters to FLOW grid          5
  Map WAVE parameters to FLOW grid          6
  Map WAVE parameters to FLOW grid          7
  Map WAVE parameters to FLOW grid          8
  Deallocate input fields
  Allocate input fields
  Allocate and read SWAN depth
  Get flow fields, domain 1 :
  Get flow fields, domain 2 :
  Get flow fields, domain 3 :
  Get flow fields, domain 4 :
  Get flow fields, domain 5 :
  Get flow fields, domain 6 :
  Get flow fields, domain 7 :
  Get flow fields, domain 8 :
  Write SWAN depth file
  Write SWAN velocity file
  Write SWAN wind file
  Write SWAN input
  Using SWAN hotstart file: hot_2_20250710_160000.nc
<<Run SWAN...
>>...Check file swan_sh.log
>>...End of SWAN run
  Allocate output fields
  Read SWAN output
  WARNING: Found negative value(s) for dissip(2) in swanout file;
           value(s) set to zero
  Map WAVE parameters to FLOW grid          1
  Map WAVE parameters to FLOW grid          2
  Map WAVE parameters to FLOW grid          3
  Map WAVE parameters to FLOW grid          4
  Map WAVE parameters to FLOW grid          5
  Map WAVE parameters to FLOW grid          6
  Map WAVE parameters to FLOW grid          7
  Map WAVE parameters to FLOW grid          8
  Deallocate input fields
  Convert parameters
  Write to com-file
  Convert parameters
  Write to com-file
  Convert parameters
  Write to com-file
  Convert parameters
  Write to com-file
  Convert parameters
  Write to com-file
  Convert parameters
  Write to com-file
  Convert parameters
  Write to com-file
  Convert parameters
  Write to com-file
*  End of Delft3D-WAVE
*****************************************************************
Dimr [2026-05-19 15:35:42.849486] #0 >> Parallel Child: Current time:  16477200.00000 -- 0
Dimr [2026-05-19 15:35:42.849518] #0 >> 16477200.0:    DFlowFM.Update(     3600.00000)
Dimr [2026-05-19 15:35:42.849526] #1 >> 16477200.0:    DFlowFM.Update(     3600.00000)
Dimr [2026-05-19 15:35:42.849525] #2 >> 16477200.0:    DFlowFM.Update(     3600.00000)
Dimr [2026-05-19 15:35:42.849525] #3 >> 16477200.0:    DFlowFM.Update(     3600.00000)
Dimr [2026-05-19 15:35:42.849526] #4 >> 16477200.0:    DFlowFM.Update(     3600.00000)
Dimr [2026-05-19 15:35:42.849522] #5 >> 16477200.0:    DFlowFM.Update(     3600.00000)
Dimr [2026-05-19 15:35:42.849522] #6 >> 16477200.0:    DFlowFM.Update(     3600.00000)
Dimr [2026-05-19 15:35:42.849523] #7 >> 16477200.0:    DFlowFM.Update(     3600.00000)
** INFO   :           0d 18:00:00          1d  6:00:00          0d  0:09:25          0d  0:15:37        360    37.6%    14.87603
Dimr [2026-05-19 15:36:05.24551] #6 >> TIME LOOP    108000.00000 --  16588800.00000 --  16480800.00000
Dimr [2026-05-19 15:36:05.24579] #6 >> TIME LOOP      3600.00000 --  16588800.00000 --  16480800.00000 --         0.00000 
** INFO   :           0d 18:00:00          1d  6:00:00          0d  0:09:22          0d  0:15:32        360    37.6%    14.87603
Dimr [2026-05-19 15:36:05.26610] #7 >> TIME LOOP    108000.00000 --  16588800.00000 --  16480800.00000
Dimr [2026-05-19 15:36:05.26626] #7 >> TIME LOOP      3600.00000 --  16588800.00000 --  16480800.00000 --         0.00000 
** INFO   :           0d 18:00:00          1d  6:00:00          0d  0:09:25          0d  0:15:37        360    37.6%    14.87603
Dimr [2026-05-19 15:36:05.26756] #2 >> TIME LOOP    108000.00000 --  16588800.00000 --  16480800.00000
Dimr [2026-05-19 15:36:05.26781] #2 >> TIME LOOP      3600.00000 --  16588800.00000 --  16480800.00000 --         0.00000 
** INFO   :           0d 18:00:00          1d  6:00:00          0d  0:09:25          0d  0:15:37        360    37.6%    14.87603
Dimr [2026-05-19 15:36:05.26803] #5 >> TIME LOOP    108000.00000 --  16588800.00000 --  16480800.00000
Dimr [2026-05-19 15:36:05.26817] #5 >> TIME LOOP      3600.00000 --  16588800.00000 --  16480800.00000 --         0.00000 
** INFO   :           0d 18:00:00          1d  6:00:00          0d  0:09:25          0d  0:15:37        360    37.6%    14.87603
Dimr [2026-05-19 15:36:05.27105] #4 >> TIME LOOP    108000.00000 --  16588800.00000 --  16480800.00000
Dimr [2026-05-19 15:36:05.27120] #4 >> TIME LOOP      3600.00000 --  16588800.00000 --  16480800.00000 --         0.00000 
** INFO   :           0d 18:00:00          1d  6:00:00          0d  0:09:21          0d  0:15:32        360    37.6%    14.87603
Dimr [2026-05-19 15:36:05.27602] #1 >> TIME LOOP    108000.00000 --  16588800.00000 --  16480800.00000
Dimr [2026-05-19 15:36:05.27621] #1 >> TIME LOOP      3600.00000 --  16588800.00000 --  16480800.00000 --         0.00000 
** INFO   :           0d 18:00:00          1d  6:00:00          0d  0:09:22          0d  0:15:32        360    37.6%    14.87603
Dimr [2026-05-19 15:36:05.28150] #3 >> TIME LOOP    108000.00000 --  16588800.00000 --  16480800.00000
Dimr [2026-05-19 15:36:05.28167] #3 >> TIME LOOP      3600.00000 --  16588800.00000 --  16480800.00000 --         0.00000 
** INFO   :           0d 18:00:00          1d  6:00:00          0d  0:09:21          0d  0:15:31        360    37.6%    14.87603
Dimr [2026-05-19 15:36:05.29031] #0 >> TIME LOOP    108000.00000 --  16588800.00000 --  16480800.00000
Dimr [2026-05-19 15:36:05.29046] #0 >> TIME LOOP      3600.00000 --  16588800.00000 --  16480800.00000 --         0.00000 
Dimr [2026-05-19 15:36:05.29057] #1 >> Parallel Child: Current time:  16480800.00000 -- 0
Dimr [2026-05-19 15:36:05.29057] #0 >> Parallel Startgroup: Current time:  16480800.00000 --  16477200.00000
Dimr [2026-05-19 15:36:05.29057] #2 >> Parallel Child: Current time:  16480800.00000 -- 0
Dimr [2026-05-19 15:36:05.29057] #3 >> Parallel Child: Current time:  16480800.00000 -- 0
Dimr [2026-05-19 15:36:05.29058] #4 >> Parallel Child: Current time:  16480800.00000 -- 0
Dimr [2026-05-19 15:36:05.29057] #5 >> Parallel Child: Current time:  16480800.00000 -- 0
Dimr [2026-05-19 15:36:05.29057] #6 >> Parallel Child: Current time:  16480800.00000 -- 0
Dimr [2026-05-19 15:36:05.29057] #7 >> Parallel Child: Current time:  16480800.00000 -- 0
Dimr [2026-05-19 15:36:05.29080] #0 >> 16480800.0:    wave.Update(    3600.0)
*****************************************************************
*  Start of Delft3D-WAVE ...
  Start loop over SWAN grids, time =      274680.000 minutes since 20250101.000000
  Allocate input fields
  Allocate and read SWAN depth
  Get flow fields, domain 1 :
  Get flow fields, domain 2 :
  Get flow fields, domain 3 :
  Get flow fields, domain 4 :
  Get flow fields, domain 5 :
  Get flow fields, domain 6 :
  Get flow fields, domain 7 :
  Get flow fields, domain 8 :
  Write SWAN depth file
  Write SWAN velocity file
  Write SWAN wind file
  Write SWAN input
  Using SWAN hotstart file: hot_1_20250710_170000.nc
<<Run SWAN...
>>...Check file swan_sh.log
>>...End of SWAN run
  Allocate output fields
  Read SWAN output
  WARNING: Found negative value(s) for dissip(2) in swanout file;
           value(s) set to zero
  Map WAVE parameters to FLOW grid          1
  Map WAVE parameters to FLOW grid          2
  Map WAVE parameters to FLOW grid          3
  Map WAVE parameters to FLOW grid          4
  Map WAVE parameters to FLOW grid          5
  Map WAVE parameters to FLOW grid          6
  Map WAVE parameters to FLOW grid          7
  Map WAVE parameters to FLOW grid          8
  Deallocate input fields
  Allocate input fields
  Allocate and read SWAN depth
  Get flow fields, domain 1 :
  Get flow fields, domain 2 :
  Get flow fields, domain 3 :
  Get flow fields, domain 4 :
  Get flow fields, domain 5 :
  Get flow fields, domain 6 :
  Get flow fields, domain 7 :
  Get flow fields, domain 8 :
  Write SWAN depth file
  Write SWAN velocity file
  Write SWAN wind file
  Write SWAN input
  Using SWAN hotstart file: hot_2_20250710_170000.nc
<<Run SWAN...
>>...Check file swan_sh.log
>>...End of SWAN run
  Allocate output fields
  Read SWAN output
  WARNING: Found negative value(s) for dissip(2) in swanout file;
           value(s) set to zero
  Map WAVE parameters to FLOW grid          1
  Map WAVE parameters to FLOW grid          2
  Map WAVE parameters to FLOW grid          3
  Map WAVE parameters to FLOW grid          4
  Map WAVE parameters to FLOW grid          5
  Map WAVE parameters to FLOW grid          6
  Map WAVE parameters to FLOW grid          7
  Map WAVE parameters to FLOW grid          8
  Deallocate input fields
  Convert parameters
  Write to com-file
  Convert parameters
  Write to com-file
  Convert parameters
  Write to com-file
  Convert parameters
  Write to com-file
  Convert parameters
  Write to com-file
  Convert parameters
  Write to com-file
  Convert parameters
  Write to com-file
  Convert parameters
  Write to com-file
*  End of Delft3D-WAVE
*****************************************************************
Dimr [2026-05-19 15:36:10.873808] #0 >> Parallel Child: Current time:  16480800.00000 -- 0
Dimr [2026-05-19 15:36:10.873841] #0 >> 16480800.0:    DFlowFM.Update(     3600.00000)
Dimr [2026-05-19 15:36:10.873849] #1 >> 16480800.0:    DFlowFM.Update(     3600.00000)
Dimr [2026-05-19 15:36:10.873849] #2 >> 16480800.0:    DFlowFM.Update(     3600.00000)
Dimr [2026-05-19 15:36:10.873848] #3 >> 16480800.0:    DFlowFM.Update(     3600.00000)
Dimr [2026-05-19 15:36:10.873850] #4 >> 16480800.0:    DFlowFM.Update(     3600.00000)
Dimr [2026-05-19 15:36:10.873847] #5 >> 16480800.0:    DFlowFM.Update(     3600.00000)
Dimr [2026-05-19 15:36:10.873846] #6 >> 16480800.0:    DFlowFM.Update(     3600.00000)
Dimr [2026-05-19 15:36:10.873846] #7 >> 16480800.0:    DFlowFM.Update(     3600.00000)
** INFO   :           0d 19:00:00          1d  5:00:00          0d  0:09:43          0d  0:14:46        348    39.7%    17.64706
Dimr [2026-05-19 15:36:29.543485] #6 >> TIME LOOP    104400.00000 --  16588800.00000 --  16484400.00000
Dimr [2026-05-19 15:36:29.543512] #6 >> TIME LOOP      3600.00000 --  16588800.00000 --  16484400.00000 --         0.00000 
** INFO   :           0d 19:00:00          1d  5:00:00          0d  0:09:40          0d  0:14:41        348    39.7%    17.64706
Dimr [2026-05-19 15:36:29.545443] #7 >> TIME LOOP    104400.00000 --  16588800.00000 --  16484400.00000
Dimr [2026-05-19 15:36:29.545459] #7 >> TIME LOOP      3600.00000 --  16588800.00000 --  16484400.00000 --         0.00000 
** INFO   :           0d 19:00:00          1d  5:00:00          0d  0:09:43          0d  0:14:46        348    39.7%    17.64706
Dimr [2026-05-19 15:36:29.545695] #2 >> TIME LOOP    104400.00000 --  16588800.00000 --  16484400.00000
Dimr [2026-05-19 15:36:29.545724] #2 >> TIME LOOP      3600.00000 --  16588800.00000 --  16484400.00000 --         0.00000 
** INFO   :           0d 19:00:00          1d  5:00:00          0d  0:09:43          0d  0:14:46        348    39.7%    17.64706
Dimr [2026-05-19 15:36:29.545694] #5 >> TIME LOOP    104400.00000 --  16588800.00000 --  16484400.00000
Dimr [2026-05-19 15:36:29.545708] #5 >> TIME LOOP      3600.00000 --  16588800.00000 --  16484400.00000 --         0.00000 
** INFO   :           0d 19:00:00          1d  5:00:00          0d  0:09:43          0d  0:14:46        348    39.7%    17.64706
Dimr [2026-05-19 15:36:29.546025] #4 >> TIME LOOP    104400.00000 --  16588800.00000 --  16484400.00000
Dimr [2026-05-19 15:36:29.546041] #4 >> TIME LOOP      3600.00000 --  16588800.00000 --  16484400.00000 --         0.00000 
** INFO   :           0d 19:00:00          1d  5:00:00          0d  0:09:40          0d  0:14:41        348    39.7%    17.64706
Dimr [2026-05-19 15:36:29.546621] #1 >> TIME LOOP    104400.00000 --  16588800.00000 --  16484400.00000
Dimr [2026-05-19 15:36:29.546639] #1 >> TIME LOOP      3600.00000 --  16588800.00000 --  16484400.00000 --         0.00000 
** INFO   :           0d 19:00:00          1d  5:00:00          0d  0:09:40          0d  0:14:41        348    39.7%    17.64706
Dimr [2026-05-19 15:36:29.547086] #3 >> TIME LOOP    104400.00000 --  16588800.00000 --  16484400.00000
Dimr [2026-05-19 15:36:29.547102] #3 >> TIME LOOP      3600.00000 --  16588800.00000 --  16484400.00000 --         0.00000 
** INFO   :           0d 19:00:00          1d  5:00:00          0d  0:09:39          0d  0:14:40        348    39.7%    17.64706
Dimr [2026-05-19 15:36:29.548078] #0 >> TIME LOOP    104400.00000 --  16588800.00000 --  16484400.00000
Dimr [2026-05-19 15:36:29.548094] #0 >> TIME LOOP      3600.00000 --  16588800.00000 --  16484400.00000 --         0.00000 
Dimr [2026-05-19 15:36:29.548106] #7 >> Parallel Child: Current time:  16484400.00000 -- 0
Dimr [2026-05-19 15:36:29.548105] #0 >> Parallel Startgroup: Current time:  16484400.00000 --  16480800.00000
Dimr [2026-05-19 15:36:29.548125] #0 >> 16484400.0:    wave.Update(    3600.0)
*****************************************************************
*  Start of Delft3D-WAVE ...
Dimr [2026-05-19 15:36:29.548105] #1 >> Parallel Child: Current time:  16484400.00000 -- 0
Dimr [2026-05-19 15:36:29.548105] #2 >> Parallel Child: Current time:  16484400.00000 -- 0
Dimr [2026-05-19 15:36:29.548106] #3 >> Parallel Child: Current time:  16484400.00000 -- 0
Dimr [2026-05-19 15:36:29.548106] #4 >> Parallel Child: Current time:  16484400.00000 -- 0
Dimr [2026-05-19 15:36:29.548106] #5 >> Parallel Child: Current time:  16484400.00000 -- 0
Dimr [2026-05-19 15:36:29.548106] #6 >> Parallel Child: Current time:  16484400.00000 -- 0
  Start loop over SWAN grids, time =      274740.000 minutes since 20250101.000000
  Allocate input fields
  Allocate and read SWAN depth
  Get flow fields, domain 1 :
  Get flow fields, domain 2 :
  Get flow fields, domain 3 :
  Get flow fields, domain 4 :
  Get flow fields, domain 5 :
  Get flow fields, domain 6 :
  Get flow fields, domain 7 :
  Get flow fields, domain 8 :
  Write SWAN depth file
  Write SWAN velocity file
  Write SWAN wind file
  Write SWAN input
  Using SWAN hotstart file: hot_1_20250710_180000.nc
<<Run SWAN...
>>...Check file swan_sh.log
>>...End of SWAN run
  Allocate output fields
  Read SWAN output
  WARNING: Found negative value(s) for dissip(2) in swanout file;
           value(s) set to zero
  Map WAVE parameters to FLOW grid          1
  Map WAVE parameters to FLOW grid          2
  Map WAVE parameters to FLOW grid          3
  Map WAVE parameters to FLOW grid          4
  Map WAVE parameters to FLOW grid          5
  Map WAVE parameters to FLOW grid          6
  Map WAVE parameters to FLOW grid          7
  Map WAVE parameters to FLOW grid          8
  Deallocate input fields
  Allocate input fields
  Allocate and read SWAN depth
  Get flow fields, domain 1 :
  Get flow fields, domain 2 :
  Get flow fields, domain 3 :
  Get flow fields, domain 4 :
  Get flow fields, domain 5 :
  Get flow fields, domain 6 :
  Get flow fields, domain 7 :
  Get flow fields, domain 8 :
  Write SWAN depth file
  Write SWAN velocity file
  Write SWAN wind file
  Write SWAN input
  Using SWAN hotstart file: hot_2_20250710_180000.nc
<<Run SWAN...
>>...Check file swan_sh.log
>>...End of SWAN run
  Allocate output fields
  Read SWAN output
  WARNING: Found negative value(s) for dissip(2) in swanout file;
           value(s) set to zero
  Map WAVE parameters to FLOW grid          1
  Map WAVE parameters to FLOW grid          2
  Map WAVE parameters to FLOW grid          3
  Map WAVE parameters to FLOW grid          4
  Map WAVE parameters to FLOW grid          5
  Map WAVE parameters to FLOW grid          6
  Map WAVE parameters to FLOW grid          7
  Map WAVE parameters to FLOW grid          8
  Deallocate input fields
  Convert parameters
  Write to com-file
  Convert parameters
  Write to com-file
  Convert parameters
  Write to com-file
  Convert parameters
  Write to com-file
  Convert parameters
  Write to com-file
  Convert parameters
  Write to com-file
  Convert parameters
  Write to com-file
  Convert parameters
  Write to com-file
*  End of Delft3D-WAVE
*****************************************************************
Dimr [2026-05-19 15:36:35.364655] #0 >> Parallel Child: Current time:  16484400.00000 -- 0
Dimr [2026-05-19 15:36:35.364687] #0 >> 16484400.0:    DFlowFM.Update(     3600.00000)
Dimr [2026-05-19 15:36:35.364694] #1 >> 16484400.0:    DFlowFM.Update(     3600.00000)
Dimr [2026-05-19 15:36:35.364702] #2 >> 16484400.0:    DFlowFM.Update(     3600.00000)
Dimr [2026-05-19 15:36:35.364694] #3 >> 16484400.0:    DFlowFM.Update(     3600.00000)
Dimr [2026-05-19 15:36:35.364697] #4 >> 16484400.0:    DFlowFM.Update(     3600.00000)
Dimr [2026-05-19 15:36:35.364693] #5 >> 16484400.0:    DFlowFM.Update(     3600.00000)
Dimr [2026-05-19 15:36:35.364698] #6 >> 16484400.0:    DFlowFM.Update(     3600.00000)
Dimr [2026-05-19 15:36:35.364693] #7 >> 16484400.0:    DFlowFM.Update(     3600.00000)
** INFO   :           0d 20:00:00          1d  4:00:00          0d  0:09:57          0d  0:13:53        336    41.8%    22.92994
Dimr [2026-05-19 15:36:49.780116] #6 >> TIME LOOP    100800.00000 --  16588800.00000 --  16488000.00000
Dimr [2026-05-19 15:36:49.780145] #6 >> TIME LOOP      3600.00000 --  16588800.00000 --  16488000.00000 --         0.00000 
** INFO   :           0d 20:00:00          1d  4:00:00          0d  0:09:54          0d  0:13:48        336    41.8%    22.92994
Dimr [2026-05-19 15:36:49.782090] #7 >> TIME LOOP    100800.00000 --  16588800.00000 --  16488000.00000
Dimr [2026-05-19 15:36:49.782107] #7 >> TIME LOOP      3600.00000 --  16588800.00000 --  16488000.00000 --         0.00000 
** INFO   :           0d 20:00:00          1d  4:00:00          0d  0:09:57          0d  0:13:52        336    41.8%    22.92994
Dimr [2026-05-19 15:36:49.782197] #2 >> TIME LOOP    100800.00000 --  16588800.00000 --  16488000.00000
Dimr [2026-05-19 15:36:49.782229] #2 >> TIME LOOP      3600.00000 --  16588800.00000 --  16488000.00000 --         0.00000 
** INFO   :           0d 20:00:00          1d  4:00:00          0d  0:09:57          0d  0:13:52        336    41.8%    22.92994
Dimr [2026-05-19 15:36:49.782270] #5 >> TIME LOOP    100800.00000 --  16588800.00000 --  16488000.00000
Dimr [2026-05-19 15:36:49.782285] #5 >> TIME LOOP      3600.00000 --  16588800.00000 --  16488000.00000 --         0.00000 
** INFO   :           0d 20:00:00          1d  4:00:00          0d  0:09:57          0d  0:13:52        336    41.8%    22.92994
Dimr [2026-05-19 15:36:49.782562] #4 >> TIME LOOP    100800.00000 --  16588800.00000 --  16488000.00000
Dimr [2026-05-19 15:36:49.782578] #4 >> TIME LOOP      3600.00000 --  16588800.00000 --  16488000.00000 --         0.00000 
** INFO   :           0d 20:00:00          1d  4:00:00          0d  0:09:53          0d  0:13:47        336    41.8%    22.92994
Dimr [2026-05-19 15:36:49.783052] #1 >> TIME LOOP    100800.00000 --  16588800.00000 --  16488000.00000
Dimr [2026-05-19 15:36:49.783071] #1 >> TIME LOOP      3600.00000 --  16588800.00000 --  16488000.00000 --         0.00000 
** INFO   :           0d 20:00:00          1d  4:00:00          0d  0:09:53          0d  0:13:47        336    41.8%    22.92994
Dimr [2026-05-19 15:36:49.783530] #3 >> TIME LOOP    100800.00000 --  16588800.00000 --  16488000.00000
Dimr [2026-05-19 15:36:49.783546] #3 >> TIME LOOP      3600.00000 --  16588800.00000 --  16488000.00000 --         0.00000 
** INFO   :           0d 20:00:00          1d  4:00:00          0d  0:09:53          0d  0:13:47        336    41.8%    22.92994
Dimr [2026-05-19 15:36:49.784415] #0 >> TIME LOOP    100800.00000 --  16588800.00000 --  16488000.00000
Dimr [2026-05-19 15:36:49.784430] #0 >> TIME LOOP      3600.00000 --  16588800.00000 --  16488000.00000 --         0.00000 
Dimr [2026-05-19 15:36:49.784441] #0 >> Parallel Startgroup: Current time:  16488000.00000 --  16484400.00000
Dimr [2026-05-19 15:36:49.784441] #3 >> Parallel Child: Current time:  16488000.00000 -- 0
Dimr [2026-05-19 15:36:49.784441] #4 >> Parallel Child: Current time:  16488000.00000 -- 0
Dimr [2026-05-19 15:36:49.784441] #5 >> Parallel Child: Current time:  16488000.00000 -- 0
Dimr [2026-05-19 15:36:49.784441] #6 >> Parallel Child: Current time:  16488000.00000 -- 0
Dimr [2026-05-19 15:36:49.784441] #7 >> Parallel Child: Current time:  16488000.00000 -- 0
Dimr [2026-05-19 15:36:49.784453] #0 >> 16488000.0:    wave.Update(    3600.0)
*****************************************************************
*  Start of Delft3D-WAVE ...
  Start loop over SWAN grids, time =      274800.000 minutes since 20250101.000000
  Allocate input fields
Dimr [2026-05-19 15:36:49.784441] #1 >> Parallel Child: Current time:  16488000.00000 -- 0
Dimr [2026-05-19 15:36:49.784441] #2 >> Parallel Child: Current time:  16488000.00000 -- 0
  Allocate and read SWAN depth
  Get flow fields, domain 1 :
  Get flow fields, domain 2 :
  Get flow fields, domain 3 :
  Get flow fields, domain 4 :
  Get flow fields, domain 5 :
  Get flow fields, domain 6 :
  Get flow fields, domain 7 :
  Get flow fields, domain 8 :
  Write SWAN depth file
  Write SWAN velocity file
  Write SWAN wind file
  Write SWAN input
  Using SWAN hotstart file: hot_1_20250710_190000.nc
<<Run SWAN...
>>...Check file swan_sh.log
>>...End of SWAN run
  Allocate output fields
  Read SWAN output
  WARNING: Found negative value(s) for dissip(2) in swanout file;
           value(s) set to zero
  Map WAVE parameters to FLOW grid          1
  Map WAVE parameters to FLOW grid          2
  Map WAVE parameters to FLOW grid          3
  Map WAVE parameters to FLOW grid          4
  Map WAVE parameters to FLOW grid          5
  Map WAVE parameters to FLOW grid          6
  Map WAVE parameters to FLOW grid          7
  Map WAVE parameters to FLOW grid          8
  Deallocate input fields
  Allocate input fields
  Allocate and read SWAN depth
  Get flow fields, domain 1 :
  Get flow fields, domain 2 :
  Get flow fields, domain 3 :
  Get flow fields, domain 4 :
  Get flow fields, domain 5 :
  Get flow fields, domain 6 :
  Get flow fields, domain 7 :
  Get flow fields, domain 8 :
  Write SWAN depth file
  Write SWAN velocity file
  Write SWAN wind file
  Write SWAN input
  Using SWAN hotstart file: hot_2_20250710_190000.nc
<<Run SWAN...
>>...Check file swan_sh.log
>>...End of SWAN run
  Allocate output fields
  Read SWAN output
  WARNING: Found negative value(s) for dissip(2) in swanout file;
           value(s) set to zero
  Map WAVE parameters to FLOW grid          1
  Map WAVE parameters to FLOW grid          2
  Map WAVE parameters to FLOW grid          3
  Map WAVE parameters to FLOW grid          4
  Map WAVE parameters to FLOW grid          5
  Map WAVE parameters to FLOW grid          6
  Map WAVE parameters to FLOW grid          7
  Map WAVE parameters to FLOW grid          8
  Deallocate input fields
  Convert parameters
  Write to com-file
  Convert parameters
  Write to com-file
  Convert parameters
  Write to com-file
  Convert parameters
  Write to com-file
  Convert parameters
  Write to com-file
  Convert parameters
  Write to com-file
  Convert parameters
  Write to com-file
  Convert parameters
  Write to com-file
*  End of Delft3D-WAVE
*****************************************************************
Dimr [2026-05-19 15:36:55.718443] #0 >> Parallel Child: Current time:  16488000.00000 -- 0
Dimr [2026-05-19 15:36:55.718472] #0 >> 16488000.0:    DFlowFM.Update(     3600.00000)
Dimr [2026-05-19 15:36:55.718480] #1 >> 16488000.0:    DFlowFM.Update(     3600.00000)
Dimr [2026-05-19 15:36:55.718478] #2 >> 16488000.0:    DFlowFM.Update(     3600.00000)
Dimr [2026-05-19 15:36:55.718478] #3 >> 16488000.0:    DFlowFM.Update(     3600.00000)
Dimr [2026-05-19 15:36:55.718482] #4 >> 16488000.0:    DFlowFM.Update(     3600.00000)
Dimr [2026-05-19 15:36:55.718478] #5 >> 16488000.0:    DFlowFM.Update(     3600.00000)
Dimr [2026-05-19 15:36:55.718478] #6 >> 16488000.0:    DFlowFM.Update(     3600.00000)
Dimr [2026-05-19 15:36:55.718479] #7 >> 16488000.0:    DFlowFM.Update(     3600.00000)
** INFO   :           0d 21:00:00          1d  3:00:00          0d  0:10:14          0d  0:13:06        324    43.8%    19.14894
Dimr [2026-05-19 15:37:12.596422] #6 >> TIME LOOP     97200.00000 --  16588800.00000 --  16491600.00000
Dimr [2026-05-19 15:37:12.596467] #6 >> TIME LOOP      3600.00000 --  16588800.00000 --  16491600.00000 --         0.00000 
** INFO   :           0d 21:00:00          1d  3:00:00          0d  0:10:10          0d  0:13:01        324    43.8%    19.14894
Dimr [2026-05-19 15:37:12.598436] #7 >> TIME LOOP     97200.00000 --  16588800.00000 --  16491600.00000
Dimr [2026-05-19 15:37:12.598453] #7 >> TIME LOOP      3600.00000 --  16588800.00000 --  16491600.00000 --         0.00000 
** INFO   :           0d 21:00:00          1d  3:00:00          0d  0:10:13          0d  0:13:05        324    43.8%    19.14894
Dimr [2026-05-19 15:37:12.598498] #5 >> TIME LOOP     97200.00000 --  16588800.00000 --  16491600.00000
Dimr [2026-05-19 15:37:12.598511] #5 >> TIME LOOP      3600.00000 --  16588800.00000 --  16491600.00000 --         0.00000 
** INFO   :           0d 21:00:00          1d  3:00:00          0d  0:10:13          0d  0:13:05        324    43.8%    19.14894
Dimr [2026-05-19 15:37:12.598627] #2 >> TIME LOOP     97200.00000 --  16588800.00000 --  16491600.00000
Dimr [2026-05-19 15:37:12.598652] #2 >> TIME LOOP      3600.00000 --  16588800.00000 --  16491600.00000 --         0.00000 
** INFO   :           0d 21:00:00          1d  3:00:00          0d  0:10:13          0d  0:13:05        324    43.8%    19.14894
Dimr [2026-05-19 15:37:12.598892] #4 >> TIME LOOP     97200.00000 --  16588800.00000 --  16491600.00000
Dimr [2026-05-19 15:37:12.598909] #4 >> TIME LOOP      3600.00000 --  16588800.00000 --  16491600.00000 --         0.00000 
** INFO   :           0d 21:00:00          1d  3:00:00          0d  0:10:10          0d  0:13:01        324    43.8%    19.14894
Dimr [2026-05-19 15:37:12.599549] #1 >> TIME LOOP     97200.00000 --  16588800.00000 --  16491600.00000
Dimr [2026-05-19 15:37:12.599567] #1 >> TIME LOOP      3600.00000 --  16588800.00000 --  16491600.00000 --         0.00000 
** INFO   :           0d 21:00:00          1d  3:00:00          0d  0:10:10          0d  0:13:01        324    43.8%    19.14894
Dimr [2026-05-19 15:37:12.599992] #3 >> TIME LOOP     97200.00000 --  16588800.00000 --  16491600.00000
Dimr [2026-05-19 15:37:12.600008] #3 >> TIME LOOP      3600.00000 --  16588800.00000 --  16491600.00000 --         0.00000 
** INFO   :           0d 21:00:00          1d  3:00:00          0d  0:10:09          0d  0:13:00        324    43.8%    19.14894
Dimr [2026-05-19 15:37:12.600931] #0 >> TIME LOOP     97200.00000 --  16588800.00000 --  16491600.00000
Dimr [2026-05-19 15:37:12.600946] #0 >> TIME LOOP      3600.00000 --  16588800.00000 --  16491600.00000 --         0.00000 
Dimr [2026-05-19 15:37:12.600959] #6 >> Parallel Child: Current time:  16491600.00000 -- 0
Dimr [2026-05-19 15:37:12.600958] #7 >> Parallel Child: Current time:  16491600.00000 -- 0
Dimr [2026-05-19 15:37:12.600958] #0 >> Parallel Startgroup: Current time:  16491600.00000 --  16488000.00000
Dimr [2026-05-19 15:37:12.600979] #0 >> 16491600.0:    wave.Update(    3600.0)
*****************************************************************
*  Start of Delft3D-WAVE ...
Dimr [2026-05-19 15:37:12.600958] #1 >> Parallel Child: Current time:  16491600.00000 -- 0
Dimr [2026-05-19 15:37:12.600958] #2 >> Parallel Child: Current time:  16491600.00000 -- 0
Dimr [2026-05-19 15:37:12.600958] #3 >> Parallel Child: Current time:  16491600.00000 -- 0
Dimr [2026-05-19 15:37:12.600959] #4 >> Parallel Child: Current time:  16491600.00000 -- 0
Dimr [2026-05-19 15:37:12.600958] #5 >> Parallel Child: Current time:  16491600.00000 -- 0
  Start loop over SWAN grids, time =      274860.000 minutes since 20250101.000000
  Allocate input fields
  Allocate and read SWAN depth
  Get flow fields, domain 1 :
  Get flow fields, domain 2 :
  Get flow fields, domain 3 :
  Get flow fields, domain 4 :
  Get flow fields, domain 5 :
  Get flow fields, domain 6 :
  Get flow fields, domain 7 :
  Get flow fields, domain 8 :
  Write SWAN depth file
  Write SWAN velocity file
  Write SWAN wind file
  Write SWAN input
  Using SWAN hotstart file: hot_1_20250710_200000.nc
<<Run SWAN...
>>...Check file swan_sh.log
>>...End of SWAN run
  Allocate output fields
  Read SWAN output
  WARNING: Found negative value(s) for dissip(2) in swanout file;
           value(s) set to zero
  Map WAVE parameters to FLOW grid          1
  Map WAVE parameters to FLOW grid          2
  Map WAVE parameters to FLOW grid          3
  Map WAVE parameters to FLOW grid          4
  Map WAVE parameters to FLOW grid          5
  Map WAVE parameters to FLOW grid          6
  Map WAVE parameters to FLOW grid          7
  Map WAVE parameters to FLOW grid          8
  Deallocate input fields
  Allocate input fields
  Allocate and read SWAN depth
  Get flow fields, domain 1 :
  Get flow fields, domain 2 :
  Get flow fields, domain 3 :
  Get flow fields, domain 4 :
  Get flow fields, domain 5 :
  Get flow fields, domain 6 :
  Get flow fields, domain 7 :
  Get flow fields, domain 8 :
  Write SWAN depth file
  Write SWAN velocity file
  Write SWAN wind file
  Write SWAN input
  Using SWAN hotstart file: hot_2_20250710_200000.nc
<<Run SWAN...
>>...Check file swan_sh.log
>>...End of SWAN run
  Allocate output fields
  Read SWAN output
  WARNING: Found negative value(s) for dissip(2) in swanout file;
           value(s) set to zero
  Map WAVE parameters to FLOW grid          1
  Map WAVE parameters to FLOW grid          2
  Map WAVE parameters to FLOW grid          3
  Map WAVE parameters to FLOW grid          4
  Map WAVE parameters to FLOW grid          5
  Map WAVE parameters to FLOW grid          6
  Map WAVE parameters to FLOW grid          7
  Map WAVE parameters to FLOW grid          8
  Deallocate input fields
  Convert parameters
  Write to com-file
  Convert parameters
  Write to com-file
  Convert parameters
  Write to com-file
  Convert parameters
  Write to com-file
  Convert parameters
  Write to com-file
  Convert parameters
  Write to com-file
  Convert parameters
  Write to com-file
  Convert parameters
  Write to com-file
*  End of Delft3D-WAVE
*****************************************************************
Dimr [2026-05-19 15:37:19.309688] #0 >> Parallel Child: Current time:  16491600.00000 -- 0
Dimr [2026-05-19 15:37:19.309724] #0 >> 16491600.0:    DFlowFM.Update(     3600.00000)
Dimr [2026-05-19 15:37:19.309727] #6 >> 16491600.0:    DFlowFM.Update(     3600.00000)
Dimr [2026-05-19 15:37:19.309728] #1 >> 16491600.0:    DFlowFM.Update(     3600.00000)
Dimr [2026-05-19 15:37:19.309728] #2 >> 16491600.0:    DFlowFM.Update(     3600.00000)
Dimr [2026-05-19 15:37:19.309725] #3 >> 16491600.0:    DFlowFM.Update(     3600.00000)
Dimr [2026-05-19 15:37:19.309730] #4 >> 16491600.0:    DFlowFM.Update(     3600.00000)
Dimr [2026-05-19 15:37:19.309727] #5 >> 16491600.0:    DFlowFM.Update(     3600.00000)
Dimr [2026-05-19 15:37:19.309727] #7 >> 16491600.0:    DFlowFM.Update(     3600.00000)
** INFO   :           0d 22:00:00          1d  2:00:00          0d  0:10:35          0d  0:12:27        312    45.9%    15.12605
Dimr [2026-05-19 15:37:40.574660] #6 >> TIME LOOP     93600.00000 --  16588800.00000 --  16495200.00000
Dimr [2026-05-19 15:37:40.574688] #6 >> TIME LOOP      3600.00000 --  16588800.00000 --  16495200.00000 --         0.00000 
** INFO   :           0d 22:00:00          1d  2:00:00          0d  0:10:31          0d  0:12:23        312    45.9%    15.12605
Dimr [2026-05-19 15:37:40.576641] #7 >> TIME LOOP     93600.00000 --  16588800.00000 --  16495200.00000
Dimr [2026-05-19 15:37:40.576657] #7 >> TIME LOOP      3600.00000 --  16588800.00000 --  16495200.00000 --         0.00000 
** INFO   :           0d 22:00:00          1d  2:00:00          0d  0:10:34          0d  0:12:26        312    45.9%    15.12605
** INFO   :           0d 22:00:00          1d  2:00:00          0d  0:10:34          0d  0:12:27        312    45.9%    15.12605
Dimr [2026-05-19 15:37:40.576858] #5 >> TIME LOOP     93600.00000 --  16588800.00000 --  16495200.00000
Dimr [2026-05-19 15:37:40.576872] #5 >> TIME LOOP      3600.00000 --  16588800.00000 --  16495200.00000 --         0.00000 
Dimr [2026-05-19 15:37:40.576895] #2 >> TIME LOOP     93600.00000 --  16588800.00000 --  16495200.00000
Dimr [2026-05-19 15:37:40.576926] #2 >> TIME LOOP      3600.00000 --  16588800.00000 --  16495200.00000 --         0.00000 
** INFO   :           0d 22:00:00          1d  2:00:00          0d  0:10:34          0d  0:12:27        312    45.9%    15.12605
Dimr [2026-05-19 15:37:40.577135] #4 >> TIME LOOP     93600.00000 --  16588800.00000 --  16495200.00000
Dimr [2026-05-19 15:37:40.577152] #4 >> TIME LOOP      3600.00000 --  16588800.00000 --  16495200.00000 --         0.00000 
** INFO   :           0d 22:00:00          1d  2:00:00          0d  0:10:30          0d  0:12:22        312    45.9%    15.12605
Dimr [2026-05-19 15:37:40.577660] #1 >> TIME LOOP     93600.00000 --  16588800.00000 --  16495200.00000
Dimr [2026-05-19 15:37:40.577679] #1 >> TIME LOOP      3600.00000 --  16588800.00000 --  16495200.00000 --         0.00000 
** INFO   :           0d 22:00:00          1d  2:00:00          0d  0:10:30          0d  0:12:22        312    45.9%    15.12605
Dimr [2026-05-19 15:37:40.578151] #3 >> TIME LOOP     93600.00000 --  16588800.00000 --  16495200.00000
Dimr [2026-05-19 15:37:40.578167] #3 >> TIME LOOP      3600.00000 --  16588800.00000 --  16495200.00000 --         0.00000 
** INFO   :           0d 22:00:00          1d  2:00:00          0d  0:10:30          0d  0:12:22        312    45.9%    15.12605
Dimr [2026-05-19 15:37:40.579074] #0 >> TIME LOOP     93600.00000 --  16588800.00000 --  16495200.00000
Dimr [2026-05-19 15:37:40.579088] #0 >> TIME LOOP      3600.00000 --  16588800.00000 --  16495200.00000 --         0.00000 
Dimr [2026-05-19 15:37:40.579100] #0 >> Parallel Startgroup: Current time:  16495200.00000 --  16491600.00000
Dimr [2026-05-19 15:37:40.579100] #3 >> Parallel Child: Current time:  16495200.00000 -- 0
Dimr [2026-05-19 15:37:40.579117] #0 >> 16495200.0:    wave.Update(    3600.0)
*****************************************************************
*  Start of Delft3D-WAVE ...
Dimr [2026-05-19 15:37:40.579100] #1 >> Parallel Child: Current time:  16495200.00000 -- 0
Dimr [2026-05-19 15:37:40.579100] #2 >> Parallel Child: Current time:  16495200.00000 -- 0
Dimr [2026-05-19 15:37:40.579100] #4 >> Parallel Child: Current time:  16495200.00000 -- 0
Dimr [2026-05-19 15:37:40.579100] #5 >> Parallel Child: Current time:  16495200.00000 -- 0
Dimr [2026-05-19 15:37:40.579100] #6 >> Parallel Child: Current time:  16495200.00000 -- 0
Dimr [2026-05-19 15:37:40.579100] #7 >> Parallel Child: Current time:  16495200.00000 -- 0
  Start loop over SWAN grids, time =      274920.000 minutes since 20250101.000000
  Allocate input fields
  Allocate and read SWAN depth
  Get flow fields, domain 1 :
  Get flow fields, domain 2 :
  Get flow fields, domain 3 :
  Get flow fields, domain 4 :
  Get flow fields, domain 5 :
  Get flow fields, domain 6 :
  Get flow fields, domain 7 :
  Get flow fields, domain 8 :
  Write SWAN depth file
  Write SWAN velocity file
  Write SWAN wind file
  Write SWAN input
  Using SWAN hotstart file: hot_1_20250710_210000.nc
<<Run SWAN...
>>...Check file swan_sh.log
>>...End of SWAN run
  Allocate output fields
  Read SWAN output
  WARNING: Found negative value(s) for dissip(2) in swanout file;
           value(s) set to zero
  Map WAVE parameters to FLOW grid          1
  Map WAVE parameters to FLOW grid          2
  Map WAVE parameters to FLOW grid          3
  Map WAVE parameters to FLOW grid          4
  Map WAVE parameters to FLOW grid          5
  Map WAVE parameters to FLOW grid          6
  Map WAVE parameters to FLOW grid          7
  Map WAVE parameters to FLOW grid          8
  Deallocate input fields
  Allocate input fields
  Allocate and read SWAN depth
  Get flow fields, domain 1 :
  Get flow fields, domain 2 :
  Get flow fields, domain 3 :
  Get flow fields, domain 4 :
  Get flow fields, domain 5 :
  Get flow fields, domain 6 :
  Get flow fields, domain 7 :
  Get flow fields, domain 8 :
  Write SWAN depth file
  Write SWAN velocity file
  Write SWAN wind file
  Write SWAN input
  Using SWAN hotstart file: hot_2_20250710_210000.nc
<<Run SWAN...
>>...Check file swan_sh.log
>>...End of SWAN run
  Allocate output fields
  Read SWAN output
  WARNING: Found negative value(s) for dissip(2) in swanout file;
           value(s) set to zero
  Map WAVE parameters to FLOW grid          1
  Map WAVE parameters to FLOW grid          2
  Map WAVE parameters to FLOW grid          3
  Map WAVE parameters to FLOW grid          4
  Map WAVE parameters to FLOW grid          5
  Map WAVE parameters to FLOW grid          6
  Map WAVE parameters to FLOW grid          7
  Map WAVE parameters to FLOW grid          8
  Deallocate input fields
  Convert parameters
  Write to com-file
  Convert parameters
  Write to com-file
  Convert parameters
  Write to com-file
  Convert parameters
  Write to com-file
  Convert parameters
  Write to com-file
  Convert parameters
  Write to com-file
  Convert parameters
  Write to com-file
  Convert parameters
  Write to com-file
*  End of Delft3D-WAVE
*****************************************************************
Dimr [2026-05-19 15:37:45.654299] #0 >> Parallel Child: Current time:  16495200.00000 -- 0
Dimr [2026-05-19 15:37:45.654346] #0 >> 16495200.0:    DFlowFM.Update(     3600.00000)
Dimr [2026-05-19 15:37:45.654354] #1 >> 16495200.0:    DFlowFM.Update(     3600.00000)
Dimr [2026-05-19 15:37:45.654354] #2 >> 16495200.0:    DFlowFM.Update(     3600.00000)
Dimr [2026-05-19 15:37:45.654354] #3 >> 16495200.0:    DFlowFM.Update(     3600.00000)
Dimr [2026-05-19 15:37:45.654354] #4 >> 16495200.0:    DFlowFM.Update(     3600.00000)
Dimr [2026-05-19 15:37:45.654351] #5 >> 16495200.0:    DFlowFM.Update(     3600.00000)
Dimr [2026-05-19 15:37:45.654351] #6 >> 16495200.0:    DFlowFM.Update(     3600.00000)
Dimr [2026-05-19 15:37:45.654352] #7 >> 16495200.0:    DFlowFM.Update(     3600.00000)
** INFO   :           0d 23:00:00          1d  1:00:00          0d  0:10:56          0d  0:11:51        300    48.0%    14.69388
Dimr [2026-05-19 15:38:07.928679] #6 >> TIME LOOP     90000.00000 --  16588800.00000 --  16498800.00000
Dimr [2026-05-19 15:38:07.928707] #6 >> TIME LOOP      3600.00000 --  16588800.00000 --  16498800.00000 --         0.00000 
** INFO   :           0d 23:00:00          1d  1:00:00          0d  0:10:52          0d  0:11:47        300    48.0%    14.69388
Dimr [2026-05-19 15:38:07.930654] #7 >> TIME LOOP     90000.00000 --  16588800.00000 --  16498800.00000
Dimr [2026-05-19 15:38:07.930671] #7 >> TIME LOOP      3600.00000 --  16588800.00000 --  16498800.00000 --         0.00000 
** INFO   :           0d 23:00:00          1d  1:00:00          0d  0:10:56          0d  0:11:50        300    48.0%    14.69388
Dimr [2026-05-19 15:38:07.930718] #2 >> TIME LOOP     90000.00000 --  16588800.00000 --  16498800.00000
Dimr [2026-05-19 15:38:07.930746] #2 >> TIME LOOP      3600.00000 --  16588800.00000 --  16498800.00000 --         0.00000 
** INFO   :           0d 23:00:00          1d  1:00:00          0d  0:10:56          0d  0:11:50        300    48.0%    14.69388
Dimr [2026-05-19 15:38:07.930844] #5 >> TIME LOOP     90000.00000 --  16588800.00000 --  16498800.00000
Dimr [2026-05-19 15:38:07.930858] #5 >> TIME LOOP      3600.00000 --  16588800.00000 --  16498800.00000 --         0.00000 
** INFO   :           0d 23:00:00          1d  1:00:00          0d  0:10:56          0d  0:11:50        300    48.0%    14.69388
Dimr [2026-05-19 15:38:07.931163] #4 >> TIME LOOP     90000.00000 --  16588800.00000 --  16498800.00000
Dimr [2026-05-19 15:38:07.931179] #4 >> TIME LOOP      3600.00000 --  16588800.00000 --  16498800.00000 --         0.00000 
** INFO   :           0d 23:00:00          1d  1:00:00          0d  0:10:52          0d  0:11:46        300    48.0%    14.69388
Dimr [2026-05-19 15:38:07.931603] #1 >> TIME LOOP     90000.00000 --  16588800.00000 --  16498800.00000
Dimr [2026-05-19 15:38:07.931622] #1 >> TIME LOOP      3600.00000 --  16588800.00000 --  16498800.00000 --         0.00000 
** INFO   :           0d 23:00:00          1d  1:00:00          0d  0:10:52          0d  0:11:46        300    48.0%    14.69388
Dimr [2026-05-19 15:38:07.932074] #3 >> TIME LOOP     90000.00000 --  16588800.00000 --  16498800.00000
Dimr [2026-05-19 15:38:07.932090] #3 >> TIME LOOP      3600.00000 --  16588800.00000 --  16498800.00000 --         0.00000 
** INFO   :           0d 23:00:00          1d  1:00:00          0d  0:10:51          0d  0:11:46        300    48.0%    14.69388
Dimr [2026-05-19 15:38:07.933071] #0 >> TIME LOOP     90000.00000 --  16588800.00000 --  16498800.00000
Dimr [2026-05-19 15:38:07.933087] #0 >> TIME LOOP      3600.00000 --  16588800.00000 --  16498800.00000 --         0.00000 
Dimr [2026-05-19 15:38:07.933099] #0 >> Parallel Startgroup: Current time:  16498800.00000 --  16495200.00000
Dimr [2026-05-19 15:38:07.933099] #3 >> Parallel Child: Current time:  16498800.00000 -- 0
Dimr [2026-05-19 15:38:07.933113] #0 >> 16498800.0:    wave.Update(    3600.0)
*****************************************************************
*  Start of Delft3D-WAVE ...
Dimr [2026-05-19 15:38:07.933099] #1 >> Parallel Child: Current time:  16498800.00000 -- 0
Dimr [2026-05-19 15:38:07.933099] #2 >> Parallel Child: Current time:  16498800.00000 -- 0
Dimr [2026-05-19 15:38:07.933099] #4 >> Parallel Child: Current time:  16498800.00000 -- 0
Dimr [2026-05-19 15:38:07.933099] #5 >> Parallel Child: Current time:  16498800.00000 -- 0
Dimr [2026-05-19 15:38:07.933099] #6 >> Parallel Child: Current time:  16498800.00000 -- 0
Dimr [2026-05-19 15:38:07.933099] #7 >> Parallel Child: Current time:  16498800.00000 -- 0
  Start loop over SWAN grids, time =      274980.000 minutes since 20250101.000000
  Allocate input fields
  Allocate and read SWAN depth
  Get flow fields, domain 1 :
  Get flow fields, domain 2 :
  Get flow fields, domain 3 :
  Get flow fields, domain 4 :
  Get flow fields, domain 5 :
  Get flow fields, domain 6 :
  Get flow fields, domain 7 :
  Get flow fields, domain 8 :
  Write SWAN depth file
  Write SWAN velocity file
  Write SWAN wind file
  Write SWAN input
  Using SWAN hotstart file: hot_1_20250710_220000.nc
<<Run SWAN...
>>...Check file swan_sh.log
>>...End of SWAN run
  Allocate output fields
  Read SWAN output
  WARNING: Found negative value(s) for dissip(2) in swanout file;
           value(s) set to zero
  Map WAVE parameters to FLOW grid          1
  Map WAVE parameters to FLOW grid          2
  Map WAVE parameters to FLOW grid          3
  Map WAVE parameters to FLOW grid          4
  Map WAVE parameters to FLOW grid          5
  Map WAVE parameters to FLOW grid          6
  Map WAVE parameters to FLOW grid          7
  Map WAVE parameters to FLOW grid          8
  Deallocate input fields
  Allocate input fields
  Allocate and read SWAN depth
  Get flow fields, domain 1 :
  Get flow fields, domain 2 :
  Get flow fields, domain 3 :
  Get flow fields, domain 4 :
  Get flow fields, domain 5 :
  Get flow fields, domain 6 :
  Get flow fields, domain 7 :
  Get flow fields, domain 8 :
  Write SWAN depth file
  Write SWAN velocity file
  Write SWAN wind file
  Write SWAN input
  Using SWAN hotstart file: hot_2_20250710_220000.nc
<<Run SWAN...
>>...Check file swan_sh.log
>>...End of SWAN run
  Allocate output fields
  Read SWAN output
  WARNING: Found negative value(s) for dissip(2) in swanout file;
           value(s) set to zero
  Map WAVE parameters to FLOW grid          1
  Map WAVE parameters to FLOW grid          2
  Map WAVE parameters to FLOW grid          3
  Map WAVE parameters to FLOW grid          4
  Map WAVE parameters to FLOW grid          5
  Map WAVE parameters to FLOW grid          6
  Map WAVE parameters to FLOW grid          7
  Map WAVE parameters to FLOW grid          8
  Deallocate input fields
  Convert parameters
  Write to com-file
  Convert parameters
  Write to com-file
  Convert parameters
  Write to com-file
  Convert parameters
  Write to com-file
  Convert parameters
  Write to com-file
  Convert parameters
  Write to com-file
  Convert parameters
  Write to com-file
  Convert parameters
  Write to com-file
*  End of Delft3D-WAVE
*****************************************************************
Dimr [2026-05-19 15:38:20.350919] #0 >> Parallel Child: Current time:  16498800.00000 -- 0
Dimr [2026-05-19 15:38:20.350949] #0 >> 16498800.0:    DFlowFM.Update(     3600.00000)
Dimr [2026-05-19 15:38:20.350957] #1 >> 16498800.0:    DFlowFM.Update(     3600.00000)
Dimr [2026-05-19 15:38:20.350956] #2 >> 16498800.0:    DFlowFM.Update(     3600.00000)
Dimr [2026-05-19 15:38:20.350956] #3 >> 16498800.0:    DFlowFM.Update(     3600.00000)
Dimr [2026-05-19 15:38:20.350959] #4 >> 16498800.0:    DFlowFM.Update(     3600.00000)
Dimr [2026-05-19 15:38:20.350961] #5 >> 16498800.0:    DFlowFM.Update(     3600.00000)
Dimr [2026-05-19 15:38:20.350956] #6 >> 16498800.0:    DFlowFM.Update(     3600.00000)
Dimr [2026-05-19 15:38:20.350955] #7 >> 16498800.0:    DFlowFM.Update(     3600.00000)
** INFO   :           1d  0:00:00          1d  0:00:00          0d  0:11:17          0d  0:11:15        288    50.1%    15.72052
Dimr [2026-05-19 15:38:41.273064] #6 >> TIME LOOP     86400.00000 --  16588800.00000 --  16502400.00000
Dimr [2026-05-19 15:38:41.273091] #6 >> TIME LOOP      3600.00000 --  16588800.00000 --  16502400.00000 --         0.00000 
** INFO   :           1d  0:00:00          1d  0:00:00          0d  0:11:13          0d  0:11:10        288    50.1%    15.72052
Dimr [2026-05-19 15:38:41.276786] #7 >> TIME LOOP     86400.00000 --  16588800.00000 --  16502400.00000
Dimr [2026-05-19 15:38:41.276804] #7 >> TIME LOOP      3600.00000 --  16588800.00000 --  16502400.00000 --         0.00000 
** INFO   :           1d  0:00:00          1d  0:00:00          0d  0:11:16          0d  0:11:14        288    50.1%    15.72052
Dimr [2026-05-19 15:38:41.277369] #2 >> TIME LOOP     86400.00000 --  16588800.00000 --  16502400.00000
Dimr [2026-05-19 15:38:41.277395] #2 >> TIME LOOP      3600.00000 --  16588800.00000 --  16502400.00000 --         0.00000 
** INFO   :           1d  0:00:00          1d  0:00:00          0d  0:11:16          0d  0:11:14        288    50.1%    15.72052
Dimr [2026-05-19 15:38:41.277497] #5 >> TIME LOOP     86400.00000 --  16588800.00000 --  16502400.00000
Dimr [2026-05-19 15:38:41.277515] #5 >> TIME LOOP      3600.00000 --  16588800.00000 --  16502400.00000 --         0.00000 
** INFO   :           1d  0:00:00          1d  0:00:00          0d  0:11:16          0d  0:11:14        288    50.1%    15.72052
Dimr [2026-05-19 15:38:41.277923] #4 >> TIME LOOP     86400.00000 --  16588800.00000 --  16502400.00000
Dimr [2026-05-19 15:38:41.277939] #4 >> TIME LOOP      3600.00000 --  16588800.00000 --  16502400.00000 --         0.00000 
** INFO   :           1d  0:00:00          1d  0:00:00          0d  0:11:12          0d  0:11:10        288    50.1%    15.72052
Dimr [2026-05-19 15:38:41.279189] #1 >> TIME LOOP     86400.00000 --  16588800.00000 --  16502400.00000
Dimr [2026-05-19 15:38:41.279208] #1 >> TIME LOOP      3600.00000 --  16588800.00000 --  16502400.00000 --         0.00000 
** INFO   :           1d  0:00:00          1d  0:00:00          0d  0:11:12          0d  0:11:10        288    50.1%    15.72052
Dimr [2026-05-19 15:38:41.279338] #3 >> TIME LOOP     86400.00000 --  16588800.00000 --  16502400.00000
Dimr [2026-05-19 15:38:41.279354] #3 >> TIME LOOP      3600.00000 --  16588800.00000 --  16502400.00000 --         0.00000 
** INFO   :           1d  0:00:00          1d  0:00:00          0d  0:11:12          0d  0:11:09        288    50.1%    15.72052
Dimr [2026-05-19 15:38:41.280916] #0 >> TIME LOOP     86400.00000 --  16588800.00000 --  16502400.00000
Dimr [2026-05-19 15:38:41.280930] #0 >> TIME LOOP      3600.00000 --  16588800.00000 --  16502400.00000 --         0.00000 
Dimr [2026-05-19 15:38:41.280942] #0 >> Parallel Startgroup: Current time:  16502400.00000 --  16498800.00000
Dimr [2026-05-19 15:38:41.280955] #0 >> 16502400.0:    wave.Update(    3600.0)
*****************************************************************
*  Start of Delft3D-WAVE ...
Dimr [2026-05-19 15:38:41.280942] #1 >> Parallel Child: Current time:  16502400.00000 -- 0
Dimr [2026-05-19 15:38:41.280942] #2 >> Parallel Child: Current time:  16502400.00000 -- 0
Dimr [2026-05-19 15:38:41.280942] #3 >> Parallel Child: Current time:  16502400.00000 -- 0
Dimr [2026-05-19 15:38:41.280943] #4 >> Parallel Child: Current time:  16502400.00000 -- 0
Dimr [2026-05-19 15:38:41.280942] #5 >> Parallel Child: Current time:  16502400.00000 -- 0
Dimr [2026-05-19 15:38:41.280942] #6 >> Parallel Child: Current time:  16502400.00000 -- 0
Dimr [2026-05-19 15:38:41.280942] #7 >> Parallel Child: Current time:  16502400.00000 -- 0
  Start loop over SWAN grids, time =      275040.000 minutes since 20250101.000000
  Allocate input fields
  Allocate and read SWAN depth
  Get flow fields, domain 1 :
  Get flow fields, domain 2 :
  Get flow fields, domain 3 :
  Get flow fields, domain 4 :
  Get flow fields, domain 5 :
  Get flow fields, domain 6 :
  Get flow fields, domain 7 :
  Get flow fields, domain 8 :
  Write SWAN depth file
  Write SWAN velocity file
  Write SWAN wind file
  Write SWAN input
  Using SWAN hotstart file: hot_1_20250710_230000.nc
<<Run SWAN...
>>...Check file swan_sh.log
>>...End of SWAN run
  Allocate output fields
  Read SWAN output
  WARNING: Found negative value(s) for dissip(2) in swanout file;
           value(s) set to zero
  Map WAVE parameters to FLOW grid          1
  Map WAVE parameters to FLOW grid          2
  Map WAVE parameters to FLOW grid          3
  Map WAVE parameters to FLOW grid          4
  Map WAVE parameters to FLOW grid          5
  Map WAVE parameters to FLOW grid          6
  Map WAVE parameters to FLOW grid          7
  Map WAVE parameters to FLOW grid          8
  Deallocate input fields
  Allocate input fields
  Allocate and read SWAN depth
  Get flow fields, domain 1 :
  Get flow fields, domain 2 :
  Get flow fields, domain 3 :
  Get flow fields, domain 4 :
  Get flow fields, domain 5 :
  Get flow fields, domain 6 :
  Get flow fields, domain 7 :
  Get flow fields, domain 8 :
  Write SWAN depth file
  Write SWAN velocity file
  Write SWAN wind file
  Write SWAN input
  Using SWAN hotstart file: hot_2_20250710_230000.nc
<<Run SWAN...
>>...Check file swan_sh.log
>>...End of SWAN run
  Allocate output fields
  Read SWAN output
  WARNING: Found negative value(s) for dissip(2) in swanout file;
           value(s) set to zero
  Map WAVE parameters to FLOW grid          1
  Map WAVE parameters to FLOW grid          2
  Map WAVE parameters to FLOW grid          3
  Map WAVE parameters to FLOW grid          4
  Map WAVE parameters to FLOW grid          5
  Map WAVE parameters to FLOW grid          6
  Map WAVE parameters to FLOW grid          7
  Map WAVE parameters to FLOW grid          8
  Deallocate input fields
  Convert parameters
  Write to com-file
  Convert parameters
  Write to com-file
  Convert parameters
  Write to com-file
  Convert parameters
  Write to com-file
  Convert parameters
  Write to com-file
  Convert parameters
  Write to com-file
  Convert parameters
  Write to com-file
  Convert parameters
  Write to com-file
*  End of Delft3D-WAVE
*****************************************************************
Dimr [2026-05-19 15:38:48.14657] #0 >> Parallel Child: Current time:  16502400.00000 -- 0
Dimr [2026-05-19 15:38:48.14687] #0 >> 16502400.0:    DFlowFM.Update(     3600.00000)
Dimr [2026-05-19 15:38:48.14696] #1 >> 16502400.0:    DFlowFM.Update(     3600.00000)
Dimr [2026-05-19 15:38:48.14696] #2 >> 16502400.0:    DFlowFM.Update(     3600.00000)
Dimr [2026-05-19 15:38:48.14696] #3 >> 16502400.0:    DFlowFM.Update(     3600.00000)
Dimr [2026-05-19 15:38:48.14698] #4 >> 16502400.0:    DFlowFM.Update(     3600.00000)
Dimr [2026-05-19 15:38:48.14694] #5 >> 16502400.0:    DFlowFM.Update(     3600.00000)
Dimr [2026-05-19 15:38:48.14693] #6 >> 16502400.0:    DFlowFM.Update(     3600.00000)
Dimr [2026-05-19 15:38:48.14693] #7 >> 16502400.0:    DFlowFM.Update(     3600.00000)
** INFO   :           1d  1:00:00          0d 23:00:00          0d  0:11:37          0d  0:10:39        276    52.2%    16.00000
Dimr [2026-05-19 15:39:08.78428] #6 >> TIME LOOP     82800.00000 --  16588800.00000 --  16506000.00000
Dimr [2026-05-19 15:39:08.78455] #6 >> TIME LOOP      3600.00000 --  16588800.00000 --  16506000.00000 --         0.00000 
** INFO   :           1d  1:00:00          0d 23:00:00          0d  0:11:32          0d  0:10:35        276    52.2%    16.00000
Dimr [2026-05-19 15:39:08.80443] #7 >> TIME LOOP     82800.00000 --  16588800.00000 --  16506000.00000
Dimr [2026-05-19 15:39:08.80460] #7 >> TIME LOOP      3600.00000 --  16588800.00000 --  16506000.00000 --         0.00000 
** INFO   :           1d  1:00:00          0d 23:00:00          0d  0:11:36          0d  0:10:38        276    52.2%    16.00000
** INFO   :           1d  1:00:00          0d 23:00:00          0d  0:11:36          0d  0:10:38        276    52.2%    16.00000
Dimr [2026-05-19 15:39:08.80655] #5 >> TIME LOOP     82800.00000 --  16588800.00000 --  16506000.00000
Dimr [2026-05-19 15:39:08.80668] #5 >> TIME LOOP      3600.00000 --  16588800.00000 --  16506000.00000 --         0.00000 
Dimr [2026-05-19 15:39:08.80698] #2 >> TIME LOOP     82800.00000 --  16588800.00000 --  16506000.00000
Dimr [2026-05-19 15:39:08.80731] #2 >> TIME LOOP      3600.00000 --  16588800.00000 --  16506000.00000 --         0.00000 
** INFO   :           1d  1:00:00          0d 23:00:00          0d  0:11:36          0d  0:10:38        276    52.2%    16.00000
Dimr [2026-05-19 15:39:08.80938] #4 >> TIME LOOP     82800.00000 --  16588800.00000 --  16506000.00000
Dimr [2026-05-19 15:39:08.80955] #4 >> TIME LOOP      3600.00000 --  16588800.00000 --  16506000.00000 --         0.00000 
** INFO   :           1d  1:00:00          0d 23:00:00          0d  0:11:32          0d  0:10:34        276    52.2%    16.00000
Dimr [2026-05-19 15:39:08.81606] #1 >> TIME LOOP     82800.00000 --  16588800.00000 --  16506000.00000
Dimr [2026-05-19 15:39:08.81624] #1 >> TIME LOOP      3600.00000 --  16588800.00000 --  16506000.00000 --         0.00000 
** INFO   :           1d  1:00:00          0d 23:00:00          0d  0:11:32          0d  0:10:34        276    52.2%    16.00000
Dimr [2026-05-19 15:39:08.81983] #3 >> TIME LOOP     82800.00000 --  16588800.00000 --  16506000.00000
Dimr [2026-05-19 15:39:08.81998] #3 >> TIME LOOP      3600.00000 --  16588800.00000 --  16506000.00000 --         0.00000 
** INFO   :           1d  1:00:00          0d 23:00:00          0d  0:11:31          0d  0:10:34        276    52.2%    16.00000
Dimr [2026-05-19 15:39:08.82990] #0 >> TIME LOOP     82800.00000 --  16588800.00000 --  16506000.00000
Dimr [2026-05-19 15:39:08.83006] #0 >> TIME LOOP      3600.00000 --  16588800.00000 --  16506000.00000 --         0.00000 
Dimr [2026-05-19 15:39:08.83017] #1 >> Parallel Child: Current time:  16506000.00000 -- 0
Dimr [2026-05-19 15:39:08.83017] #4 >> Parallel Child: Current time:  16506000.00000 -- 0
Dimr [2026-05-19 15:39:08.83018] #6 >> Parallel Child: Current time:  16506000.00000 -- 0
Dimr [2026-05-19 15:39:08.83018] #7 >> Parallel Child: Current time:  16506000.00000 -- 0
Dimr [2026-05-19 15:39:08.83017] #0 >> Parallel Startgroup: Current time:  16506000.00000 --  16502400.00000
Dimr [2026-05-19 15:39:08.83036] #0 >> 16506000.0:    wave.Update(    3600.0)
*****************************************************************
*  Start of Delft3D-WAVE ...
Dimr [2026-05-19 15:39:08.83017] #2 >> Parallel Child: Current time:  16506000.00000 -- 0
Dimr [2026-05-19 15:39:08.83018] #3 >> Parallel Child: Current time:  16506000.00000 -- 0
Dimr [2026-05-19 15:39:08.83017] #5 >> Parallel Child: Current time:  16506000.00000 -- 0
  Start loop over SWAN grids, time =      275100.000 minutes since 20250101.000000
  Allocate input fields
  Allocate and read SWAN depth
  Get flow fields, domain 1 :
  Get flow fields, domain 2 :
  Get flow fields, domain 3 :
  Get flow fields, domain 4 :
  Get flow fields, domain 5 :
  Get flow fields, domain 6 :
  Get flow fields, domain 7 :
  Get flow fields, domain 8 :
  Write SWAN depth file
  Write SWAN velocity file
  Write SWAN wind file
  Write SWAN input
  Using SWAN hotstart file: hot_1_20250711_000000.nc
<<Run SWAN...
>>...Check file swan_sh.log
>>...End of SWAN run
  Allocate output fields
  Read SWAN output
  WARNING: Found negative value(s) for dissip(2) in swanout file;
           value(s) set to zero
  Map WAVE parameters to FLOW grid          1
  Map WAVE parameters to FLOW grid          2
  Map WAVE parameters to FLOW grid          3
  Map WAVE parameters to FLOW grid          4
  Map WAVE parameters to FLOW grid          5
  Map WAVE parameters to FLOW grid          6
  Map WAVE parameters to FLOW grid          7
  Map WAVE parameters to FLOW grid          8
  Deallocate input fields
  Allocate input fields
  Allocate and read SWAN depth
  Get flow fields, domain 1 :
  Get flow fields, domain 2 :
  Get flow fields, domain 3 :
  Get flow fields, domain 4 :
  Get flow fields, domain 5 :
  Get flow fields, domain 6 :
  Get flow fields, domain 7 :
  Get flow fields, domain 8 :
  Write SWAN depth file
  Write SWAN velocity file
  Write SWAN wind file
  Write SWAN input
  Using SWAN hotstart file: hot_2_20250711_000000.nc
<<Run SWAN...
>>...Check file swan_sh.log
>>...End of SWAN run
  Allocate output fields
  Read SWAN output
  WARNING: Found negative value(s) for dissip(2) in swanout file;
           value(s) set to zero
  Map WAVE parameters to FLOW grid          1
  Map WAVE parameters to FLOW grid          2
  Map WAVE parameters to FLOW grid          3
  Map WAVE parameters to FLOW grid          4
  Map WAVE parameters to FLOW grid          5
  Map WAVE parameters to FLOW grid          6
  Map WAVE parameters to FLOW grid          7
  Map WAVE parameters to FLOW grid          8
  Deallocate input fields
  Convert parameters
  Write to com-file
  Convert parameters
  Write to com-file
  Convert parameters
  Write to com-file
  Convert parameters
  Write to com-file
  Convert parameters
  Write to com-file
  Convert parameters
  Write to com-file
  Convert parameters
  Write to com-file
  Convert parameters
  Write to com-file
*  End of Delft3D-WAVE
*****************************************************************
Dimr [2026-05-19 15:39:17.862829] #0 >> Parallel Child: Current time:  16506000.00000 -- 0
Dimr [2026-05-19 15:39:17.862860] #0 >> 16506000.0:    DFlowFM.Update(     3600.00000)
Dimr [2026-05-19 15:39:17.862865] #1 >> 16506000.0:    DFlowFM.Update(     3600.00000)
Dimr [2026-05-19 15:39:17.862871] #2 >> 16506000.0:    DFlowFM.Update(     3600.00000)
Dimr [2026-05-19 15:39:17.862865] #3 >> 16506000.0:    DFlowFM.Update(     3600.00000)
Dimr [2026-05-19 15:39:17.862878] #4 >> 16506000.0:    DFlowFM.Update(     3600.00000)
Dimr [2026-05-19 15:39:17.862875] #5 >> 16506000.0:    DFlowFM.Update(     3600.00000)
Dimr [2026-05-19 15:39:17.862875] #6 >> 16506000.0:    DFlowFM.Update(     3600.00000)
Dimr [2026-05-19 15:39:17.862875] #7 >> 16506000.0:    DFlowFM.Update(     3600.00000)
** INFO   :           1d  2:00:00          0d 22:00:00          0d  0:11:55          0d  0:10:03        264    54.2%    17.30769
Dimr [2026-05-19 15:39:36.674626] #6 >> TIME LOOP     79200.00000 --  16588800.00000 --  16509600.00000
Dimr [2026-05-19 15:39:36.674655] #6 >> TIME LOOP      3600.00000 --  16588800.00000 --  16509600.00000 --         0.00000 
** INFO   :           1d  2:00:00          0d 22:00:00          0d  0:11:50          0d  0:09:59        264    54.2%    17.30769
Dimr [2026-05-19 15:39:36.676652] #7 >> TIME LOOP     79200.00000 --  16588800.00000 --  16509600.00000
Dimr [2026-05-19 15:39:36.676669] #7 >> TIME LOOP      3600.00000 --  16588800.00000 --  16509600.00000 --         0.00000 
** INFO   :           1d  2:00:00          0d 22:00:00          0d  0:11:54          0d  0:10:03        264    54.2%    17.30769
Dimr [2026-05-19 15:39:36.676873] #2 >> TIME LOOP     79200.00000 --  16588800.00000 --  16509600.00000
Dimr [2026-05-19 15:39:36.676897] #2 >> TIME LOOP      3600.00000 --  16588800.00000 --  16509600.00000 --         0.00000 
** INFO   :           1d  2:00:00          0d 22:00:00          0d  0:11:54          0d  0:10:02        264    54.2%    17.30769
Dimr [2026-05-19 15:39:36.676862] #5 >> TIME LOOP     79200.00000 --  16588800.00000 --  16509600.00000
Dimr [2026-05-19 15:39:36.676875] #5 >> TIME LOOP      3600.00000 --  16588800.00000 --  16509600.00000 --         0.00000 
** INFO   :           1d  2:00:00          0d 22:00:00          0d  0:11:55          0d  0:10:03        264    54.2%    17.30769
Dimr [2026-05-19 15:39:36.677174] #4 >> TIME LOOP     79200.00000 --  16588800.00000 --  16509600.00000
Dimr [2026-05-19 15:39:36.677190] #4 >> TIME LOOP      3600.00000 --  16588800.00000 --  16509600.00000 --         0.00000 
** INFO   :           1d  2:00:00          0d 22:00:00          0d  0:11:50          0d  0:09:59        264    54.2%    17.30769
Dimr [2026-05-19 15:39:36.677764] #1 >> TIME LOOP     79200.00000 --  16588800.00000 --  16509600.00000
Dimr [2026-05-19 15:39:36.677783] #1 >> TIME LOOP      3600.00000 --  16588800.00000 --  16509600.00000 --         0.00000 
** INFO   :           1d  2:00:00          0d 22:00:00          0d  0:11:50          0d  0:09:59        264    54.2%    17.30769
Dimr [2026-05-19 15:39:36.678202] #3 >> TIME LOOP     79200.00000 --  16588800.00000 --  16509600.00000
Dimr [2026-05-19 15:39:36.678218] #3 >> TIME LOOP      3600.00000 --  16588800.00000 --  16509600.00000 --         0.00000 
** INFO   :           1d  2:00:00          0d 22:00:00          0d  0:11:49          0d  0:09:58        264    54.2%    17.30769
Dimr [2026-05-19 15:39:36.679160] #0 >> TIME LOOP     79200.00000 --  16588800.00000 --  16509600.00000
Dimr [2026-05-19 15:39:36.679175] #0 >> TIME LOOP      3600.00000 --  16588800.00000 --  16509600.00000 --         0.00000 
Dimr [2026-05-19 15:39:36.679187] #4 >> Parallel Child: Current time:  16509600.00000 -- 0
Dimr [2026-05-19 15:39:36.679187] #5 >> Parallel Child: Current time:  16509600.00000 -- 0
Dimr [2026-05-19 15:39:36.679187] #6 >> Parallel Child: Current time:  16509600.00000 -- 0
Dimr [2026-05-19 15:39:36.679187] #7 >> Parallel Child: Current time:  16509600.00000 -- 0
Dimr [2026-05-19 15:39:36.679186] #0 >> Parallel Startgroup: Current time:  16509600.00000 --  16506000.00000
Dimr [2026-05-19 15:39:36.679206] #0 >> 16509600.0:    wave.Update(    3600.0)
*****************************************************************
*  Start of Delft3D-WAVE ...
Dimr [2026-05-19 15:39:36.679186] #1 >> Parallel Child: Current time:  16509600.00000 -- 0
Dimr [2026-05-19 15:39:36.679186] #2 >> Parallel Child: Current time:  16509600.00000 -- 0
Dimr [2026-05-19 15:39:36.679186] #3 >> Parallel Child: Current time:  16509600.00000 -- 0
  Start loop over SWAN grids, time =      275160.000 minutes since 20250101.000000
  Allocate input fields
  Allocate and read SWAN depth
  Get flow fields, domain 1 :
  Get flow fields, domain 2 :
  Get flow fields, domain 3 :
  Get flow fields, domain 4 :
  Get flow fields, domain 5 :
  Get flow fields, domain 6 :
  Get flow fields, domain 7 :
  Get flow fields, domain 8 :
  Write SWAN depth file
  Write SWAN velocity file
  Write SWAN wind file
  Write SWAN input
  Using SWAN hotstart file: hot_1_20250711_010000.nc
<<Run SWAN...
>>...Check file swan_sh.log
>>...End of SWAN run
  Allocate output fields
  Read SWAN output
  WARNING: Found negative value(s) for dissip(2) in swanout file;
           value(s) set to zero
  Map WAVE parameters to FLOW grid          1
  Map WAVE parameters to FLOW grid          2
  Map WAVE parameters to FLOW grid          3
  Map WAVE parameters to FLOW grid          4
  Map WAVE parameters to FLOW grid          5
  Map WAVE parameters to FLOW grid          6
  Map WAVE parameters to FLOW grid          7
  Map WAVE parameters to FLOW grid          8
  Deallocate input fields
  Allocate input fields
  Allocate and read SWAN depth
  Get flow fields, domain 1 :
  Get flow fields, domain 2 :
  Get flow fields, domain 3 :
  Get flow fields, domain 4 :
  Get flow fields, domain 5 :
  Get flow fields, domain 6 :
  Get flow fields, domain 7 :
  Get flow fields, domain 8 :
  Write SWAN depth file
  Write SWAN velocity file
  Write SWAN wind file
  Write SWAN input
  Using SWAN hotstart file: hot_2_20250711_010000.nc
<<Run SWAN...
>>...Check file swan_sh.log
>>...End of SWAN run
  Allocate output fields
  Read SWAN output
  WARNING: Found negative value(s) for dissip(2) in swanout file;
           value(s) set to zero
  Map WAVE parameters to FLOW grid          1
  Map WAVE parameters to FLOW grid          2
  Map WAVE parameters to FLOW grid          3
  Map WAVE parameters to FLOW grid          4
  Map WAVE parameters to FLOW grid          5
  Map WAVE parameters to FLOW grid          6
  Map WAVE parameters to FLOW grid          7
  Map WAVE parameters to FLOW grid          8
  Deallocate input fields
  Convert parameters
  Write to com-file
  Convert parameters
  Write to com-file
  Convert parameters
  Write to com-file
  Convert parameters
  Write to com-file
  Convert parameters
  Write to com-file
  Convert parameters
  Write to com-file
  Convert parameters
  Write to com-file
  Convert parameters
  Write to com-file
*  End of Delft3D-WAVE
*****************************************************************
Dimr [2026-05-19 15:39:41.747092] #0 >> Parallel Child: Current time:  16509600.00000 -- 0
Dimr [2026-05-19 15:39:41.747140] #0 >> 16509600.0:    DFlowFM.Update(     3600.00000)
Dimr [2026-05-19 15:39:41.747148] #1 >> 16509600.0:    DFlowFM.Update(     3600.00000)
Dimr [2026-05-19 15:39:41.747148] #2 >> 16509600.0:    DFlowFM.Update(     3600.00000)
Dimr [2026-05-19 15:39:41.747148] #3 >> 16509600.0:    DFlowFM.Update(     3600.00000)
Dimr [2026-05-19 15:39:41.747149] #4 >> 16509600.0:    DFlowFM.Update(     3600.00000)
Dimr [2026-05-19 15:39:41.747143] #5 >> 16509600.0:    DFlowFM.Update(     3600.00000)
Dimr [2026-05-19 15:39:41.747145] #6 >> 16509600.0:    DFlowFM.Update(     3600.00000)
Dimr [2026-05-19 15:39:41.747145] #7 >> 16509600.0:    DFlowFM.Update(     3600.00000)
** INFO   :           1d  3:00:00          0d 21:00:00          0d  0:12:13          0d  0:09:28        252    56.3%    17.64706
Dimr [2026-05-19 15:40:00.316851] #6 >> TIME LOOP     75600.00000 --  16588800.00000 --  16513200.00000
Dimr [2026-05-19 15:40:00.316878] #6 >> TIME LOOP      3600.00000 --  16588800.00000 --  16513200.00000 --         0.00000 
** INFO   :           1d  3:00:00          0d 21:00:00          0d  0:12:08          0d  0:09:25        252    56.3%    17.64706
Dimr [2026-05-19 15:40:00.318809] #7 >> TIME LOOP     75600.00000 --  16588800.00000 --  16513200.00000
Dimr [2026-05-19 15:40:00.318825] #7 >> TIME LOOP      3600.00000 --  16588800.00000 --  16513200.00000 --         0.00000 
** INFO   :           1d  3:00:00          0d 21:00:00          0d  0:12:12          0d  0:09:28        252    56.3%    17.64706
** INFO   :           1d  3:00:00          0d 21:00:00          0d  0:12:13          0d  0:09:28        252    56.3%    17.64706
Dimr [2026-05-19 15:40:00.319025] #5 >> TIME LOOP     75600.00000 --  16588800.00000 --  16513200.00000
Dimr [2026-05-19 15:40:00.319038] #5 >> TIME LOOP      3600.00000 --  16588800.00000 --  16513200.00000 --         0.00000 
Dimr [2026-05-19 15:40:00.319065] #2 >> TIME LOOP     75600.00000 --  16588800.00000 --  16513200.00000
Dimr [2026-05-19 15:40:00.319095] #2 >> TIME LOOP      3600.00000 --  16588800.00000 --  16513200.00000 --         0.00000 
** INFO   :           1d  3:00:00          0d 21:00:00          0d  0:12:13          0d  0:09:28        252    56.3%    17.64706
Dimr [2026-05-19 15:40:00.319445] #4 >> TIME LOOP     75600.00000 --  16588800.00000 --  16513200.00000
Dimr [2026-05-19 15:40:00.319464] #4 >> TIME LOOP      3600.00000 --  16588800.00000 --  16513200.00000 --         0.00000 
** INFO   :           1d  3:00:00          0d 21:00:00          0d  0:12:08          0d  0:09:24        252    56.3%    17.64706
Dimr [2026-05-19 15:40:00.319849] #1 >> TIME LOOP     75600.00000 --  16588800.00000 --  16513200.00000
Dimr [2026-05-19 15:40:00.319868] #1 >> TIME LOOP      3600.00000 --  16588800.00000 --  16513200.00000 --         0.00000 
** INFO   :           1d  3:00:00          0d 21:00:00          0d  0:12:08          0d  0:09:24        252    56.3%    17.64706
Dimr [2026-05-19 15:40:00.320352] #3 >> TIME LOOP     75600.00000 --  16588800.00000 --  16513200.00000
Dimr [2026-05-19 15:40:00.320367] #3 >> TIME LOOP      3600.00000 --  16588800.00000 --  16513200.00000 --         0.00000 
** INFO   :           1d  3:00:00          0d 21:00:00          0d  0:12:07          0d  0:09:24        252    56.3%    17.64706
Dimr [2026-05-19 15:40:00.321320] #0 >> TIME LOOP     75600.00000 --  16588800.00000 --  16513200.00000
Dimr [2026-05-19 15:40:00.321335] #0 >> TIME LOOP      3600.00000 --  16588800.00000 --  16513200.00000 --         0.00000 
Dimr [2026-05-19 15:40:00.321346] #2 >> Parallel Child: Current time:  16513200.00000 -- 0
Dimr [2026-05-19 15:40:00.321347] #5 >> Parallel Child: Current time:  16513200.00000 -- 0
Dimr [2026-05-19 15:40:00.321347] #7 >> Parallel Child: Current time:  16513200.00000 -- 0
Dimr [2026-05-19 15:40:00.321346] #0 >> Parallel Startgroup: Current time:  16513200.00000 --  16509600.00000
Dimr [2026-05-19 15:40:00.321363] #0 >> 16513200.0:    wave.Update(    3600.0)
*****************************************************************
*  Start of Delft3D-WAVE ...
Dimr [2026-05-19 15:40:00.321346] #1 >> Parallel Child: Current time:  16513200.00000 -- 0
Dimr [2026-05-19 15:40:00.321347] #3 >> Parallel Child: Current time:  16513200.00000 -- 0
Dimr [2026-05-19 15:40:00.321350] #4 >> Parallel Child: Current time:  16513200.00000 -- 0
Dimr [2026-05-19 15:40:00.321347] #6 >> Parallel Child: Current time:  16513200.00000 -- 0
  Start loop over SWAN grids, time =      275220.000 minutes since 20250101.000000
  Allocate input fields
  Allocate and read SWAN depth
  Get flow fields, domain 1 :
  Get flow fields, domain 2 :
  Get flow fields, domain 3 :
  Get flow fields, domain 4 :
  Get flow fields, domain 5 :
  Get flow fields, domain 6 :
  Get flow fields, domain 7 :
  Get flow fields, domain 8 :
  Write SWAN depth file
  Write SWAN velocity file
  Write SWAN wind file
  Write SWAN input
  Using SWAN hotstart file: hot_1_20250711_020000.nc
<<Run SWAN...
>>...Check file swan_sh.log
>>...End of SWAN run
  Allocate output fields
  Read SWAN output
  WARNING: Found negative value(s) for dissip(2) in swanout file;
           value(s) set to zero
  Map WAVE parameters to FLOW grid          1
  Map WAVE parameters to FLOW grid          2
  Map WAVE parameters to FLOW grid          3
  Map WAVE parameters to FLOW grid          4
  Map WAVE parameters to FLOW grid          5
  Map WAVE parameters to FLOW grid          6
  Map WAVE parameters to FLOW grid          7
  Map WAVE parameters to FLOW grid          8
  Deallocate input fields
  Allocate input fields
  Allocate and read SWAN depth
  Get flow fields, domain 1 :
  Get flow fields, domain 2 :
  Get flow fields, domain 3 :
  Get flow fields, domain 4 :
  Get flow fields, domain 5 :
  Get flow fields, domain 6 :
  Get flow fields, domain 7 :
  Get flow fields, domain 8 :
  Write SWAN depth file
  Write SWAN velocity file
  Write SWAN wind file
  Write SWAN input
  Using SWAN hotstart file: hot_2_20250711_020000.nc
<<Run SWAN...
>>...Check file swan_sh.log
>>...End of SWAN run
  Allocate output fields
  Read SWAN output
  WARNING: Found negative value(s) for dissip(2) in swanout file;
           value(s) set to zero
  Map WAVE parameters to FLOW grid          1
  Map WAVE parameters to FLOW grid          2
  Map WAVE parameters to FLOW grid          3
  Map WAVE parameters to FLOW grid          4
  Map WAVE parameters to FLOW grid          5
  Map WAVE parameters to FLOW grid          6
  Map WAVE parameters to FLOW grid          7
  Map WAVE parameters to FLOW grid          8
  Deallocate input fields
  Convert parameters
  Write to com-file
  Convert parameters
  Write to com-file
  Convert parameters
  Write to com-file
  Convert parameters
  Write to com-file
  Convert parameters
  Write to com-file
  Convert parameters
  Write to com-file
  Convert parameters
  Write to com-file
  Convert parameters
  Write to com-file
*  End of Delft3D-WAVE
*****************************************************************
Dimr [2026-05-19 15:40:05.495015] #0 >> Parallel Child: Current time:  16513200.00000 -- 0
Dimr [2026-05-19 15:40:05.495045] #0 >> 16513200.0:    DFlowFM.Update(     3600.00000)
Dimr [2026-05-19 15:40:05.495053] #1 >> 16513200.0:    DFlowFM.Update(     3600.00000)
Dimr [2026-05-19 15:40:05.495053] #2 >> 16513200.0:    DFlowFM.Update(     3600.00000)
Dimr [2026-05-19 15:40:05.495058] #3 >> 16513200.0:    DFlowFM.Update(     3600.00000)
Dimr [2026-05-19 15:40:05.495055] #4 >> 16513200.0:    DFlowFM.Update(     3600.00000)
Dimr [2026-05-19 15:40:05.495051] #5 >> 16513200.0:    DFlowFM.Update(     3600.00000)
Dimr [2026-05-19 15:40:05.495050] #6 >> 16513200.0:    DFlowFM.Update(     3600.00000)
Dimr [2026-05-19 15:40:05.495051] #7 >> 16513200.0:    DFlowFM.Update(     3600.00000)
** INFO   :           1d  4:00:00          0d 20:00:00          0d  0:12:31          0d  0:08:55        240    58.4%    17.64706
Dimr [2026-05-19 15:40:23.902129] #6 >> TIME LOOP     72000.00000 --  16588800.00000 --  16516800.00000
Dimr [2026-05-19 15:40:23.902156] #6 >> TIME LOOP      3600.00000 --  16588800.00000 --  16516800.00000 --         0.00000 
** INFO   :           1d  4:00:00          0d 20:00:00          0d  0:12:26          0d  0:08:51        240    58.4%    17.64706
Dimr [2026-05-19 15:40:23.904031] #7 >> TIME LOOP     72000.00000 --  16588800.00000 --  16516800.00000
Dimr [2026-05-19 15:40:23.904047] #7 >> TIME LOOP      3600.00000 --  16588800.00000 --  16516800.00000 --         0.00000 
** INFO   :           1d  4:00:00          0d 20:00:00          0d  0:12:31          0d  0:08:54        240    58.4%    17.64706
Dimr [2026-05-19 15:40:23.904385] #2 >> TIME LOOP     72000.00000 --  16588800.00000 --  16516800.00000
Dimr [2026-05-19 15:40:23.904410] #2 >> TIME LOOP      3600.00000 --  16588800.00000 --  16516800.00000 --         0.00000 
** INFO   :           1d  4:00:00          0d 20:00:00          0d  0:12:31          0d  0:08:55        240    58.4%    17.64706
Dimr [2026-05-19 15:40:23.904677] #4 >> TIME LOOP     72000.00000 --  16588800.00000 --  16516800.00000
Dimr [2026-05-19 15:40:23.904693] #4 >> TIME LOOP      3600.00000 --  16588800.00000 --  16516800.00000 --         0.00000 
** INFO   :           1d  4:00:00          0d 20:00:00          0d  0:12:30          0d  0:08:54        240    58.4%    17.64706
Dimr [2026-05-19 15:40:23.904849] #5 >> TIME LOOP     72000.00000 --  16588800.00000 --  16516800.00000
Dimr [2026-05-19 15:40:23.904863] #5 >> TIME LOOP      3600.00000 --  16588800.00000 --  16516800.00000 --         0.00000 
** INFO   :           1d  4:00:00          0d 20:00:00          0d  0:12:26          0d  0:08:51        240    58.4%    17.64706
Dimr [2026-05-19 15:40:23.905234] #1 >> TIME LOOP     72000.00000 --  16588800.00000 --  16516800.00000
Dimr [2026-05-19 15:40:23.905253] #1 >> TIME LOOP      3600.00000 --  16588800.00000 --  16516800.00000 --         0.00000 
** INFO   :           1d  4:00:00          0d 20:00:00          0d  0:12:26          0d  0:08:51        240    58.4%    17.64706
Dimr [2026-05-19 15:40:23.905627] #3 >> TIME LOOP     72000.00000 --  16588800.00000 --  16516800.00000
Dimr [2026-05-19 15:40:23.905642] #3 >> TIME LOOP      3600.00000 --  16588800.00000 --  16516800.00000 --         0.00000 
** INFO   :           1d  4:00:00          0d 20:00:00          0d  0:12:25          0d  0:08:51        240    58.4%    17.64706
Dimr [2026-05-19 15:40:23.906652] #0 >> TIME LOOP     72000.00000 --  16588800.00000 --  16516800.00000
Dimr [2026-05-19 15:40:23.906667] #0 >> TIME LOOP      3600.00000 --  16588800.00000 --  16516800.00000 --         0.00000 
Dimr [2026-05-19 15:40:23.906678] #3 >> Parallel Child: Current time:  16516800.00000 -- 0
Dimr [2026-05-19 15:40:23.906679] #5 >> Parallel Child: Current time:  16516800.00000 -- 0
Dimr [2026-05-19 15:40:23.906678] #0 >> Parallel Startgroup: Current time:  16516800.00000 --  16513200.00000
Dimr [2026-05-19 15:40:23.906699] #0 >> 16516800.0:    wave.Update(    3600.0)
*****************************************************************
*  Start of Delft3D-WAVE ...
Dimr [2026-05-19 15:40:23.906678] #1 >> Parallel Child: Current time:  16516800.00000 -- 0
Dimr [2026-05-19 15:40:23.906679] #2 >> Parallel Child: Current time:  16516800.00000 -- 0
Dimr [2026-05-19 15:40:23.906679] #4 >> Parallel Child: Current time:  16516800.00000 -- 0
Dimr [2026-05-19 15:40:23.906679] #6 >> Parallel Child: Current time:  16516800.00000 -- 0
Dimr [2026-05-19 15:40:23.906679] #7 >> Parallel Child: Current time:  16516800.00000 -- 0
  Start loop over SWAN grids, time =      275280.000 minutes since 20250101.000000
  Allocate input fields
  Allocate and read SWAN depth
  Get flow fields, domain 1 :
  Get flow fields, domain 2 :
  Get flow fields, domain 3 :
  Get flow fields, domain 4 :
  Get flow fields, domain 5 :
  Get flow fields, domain 6 :
  Get flow fields, domain 7 :
  Get flow fields, domain 8 :
  Write SWAN depth file
  Write SWAN velocity file
  Write SWAN wind file
  Write SWAN input
  Using SWAN hotstart file: hot_1_20250711_030000.nc
<<Run SWAN...
>>...Check file swan_sh.log
>>...End of SWAN run
  Allocate output fields
  Read SWAN output
  WARNING: Found negative value(s) for dissip(2) in swanout file;
           value(s) set to zero
  Map WAVE parameters to FLOW grid          1
  Map WAVE parameters to FLOW grid          2
  Map WAVE parameters to FLOW grid          3
  Map WAVE parameters to FLOW grid          4
  Map WAVE parameters to FLOW grid          5
  Map WAVE parameters to FLOW grid          6
  Map WAVE parameters to FLOW grid          7
  Map WAVE parameters to FLOW grid          8
  Deallocate input fields
  Allocate input fields
  Allocate and read SWAN depth
  Get flow fields, domain 1 :
  Get flow fields, domain 2 :
  Get flow fields, domain 3 :
  Get flow fields, domain 4 :
  Get flow fields, domain 5 :
  Get flow fields, domain 6 :
  Get flow fields, domain 7 :
  Get flow fields, domain 8 :
  Write SWAN depth file
  Write SWAN velocity file
  Write SWAN wind file
  Write SWAN input
  Using SWAN hotstart file: hot_2_20250711_030000.nc
<<Run SWAN...
>>...Check file swan_sh.log
>>...End of SWAN run
  Allocate output fields
  Read SWAN output
  WARNING: Found negative value(s) for dissip(2) in swanout file;
           value(s) set to zero
  Map WAVE parameters to FLOW grid          1
  Map WAVE parameters to FLOW grid          2
  Map WAVE parameters to FLOW grid          3
  Map WAVE parameters to FLOW grid          4
  Map WAVE parameters to FLOW grid          5
  Map WAVE parameters to FLOW grid          6
  Map WAVE parameters to FLOW grid          7
  Map WAVE parameters to FLOW grid          8
  Deallocate input fields
  Convert parameters
  Write to com-file
  Convert parameters
  Write to com-file
  Convert parameters
  Write to com-file
  Convert parameters
  Write to com-file
  Convert parameters
  Write to com-file
  Convert parameters
  Write to com-file
  Convert parameters
  Write to com-file
  Convert parameters
  Write to com-file
*  End of Delft3D-WAVE
*****************************************************************
Dimr [2026-05-19 15:40:30.623134] #0 >> Parallel Child: Current time:  16516800.00000 -- 0
Dimr [2026-05-19 15:40:30.623164] #0 >> 16516800.0:    DFlowFM.Update(     3600.00000)
Dimr [2026-05-19 15:40:30.623172] #1 >> 16516800.0:    DFlowFM.Update(     3600.00000)
Dimr [2026-05-19 15:40:30.623172] #2 >> 16516800.0:    DFlowFM.Update(     3600.00000)
Dimr [2026-05-19 15:40:30.623172] #3 >> 16516800.0:    DFlowFM.Update(     3600.00000)
Dimr [2026-05-19 15:40:30.623177] #4 >> 16516800.0:    DFlowFM.Update(     3600.00000)
Dimr [2026-05-19 15:40:30.623168] #5 >> 16516800.0:    DFlowFM.Update(     3600.00000)
Dimr [2026-05-19 15:40:30.623169] #6 >> 16516800.0:    DFlowFM.Update(     3600.00000)
Dimr [2026-05-19 15:40:30.623169] #7 >> 16516800.0:    DFlowFM.Update(     3600.00000)
** INFO   :  Maximum salinity encountered and limited in           10  cell(s).
** INFO   :  Maximum salinity encountered and limited in           10  cell(s).
** INFO   :  Maximum salinity encountered and limited in           10  cell(s).
** INFO   :  Maximum salinity encountered and limited in           10  cell(s).
** INFO   :  Maximum salinity encountered and limited in           10  cell(s).
** INFO   :  Maximum salinity encountered and limited in           10  cell(s).
** INFO   :  Maximum salinity encountered and limited in           10  cell(s).
** INFO   :  Maximum salinity encountered and limited in           10  cell(s).
** INFO   :  Maximum salinity encountered and limited in           10  cell(s).
** INFO   :  Maximum salinity encountered and limited in           10  cell(s).
** INFO   :  Warning limit reached: No more Maximum salinity limit messages will be displayed.
** INFO   :           1d  5:00:00          0d 19:00:00          0d  0:12:49          0d  0:08:22        228    60.5%    17.64706
Dimr [2026-05-19 15:40:48.586165] #6 >> TIME LOOP     68400.00000 --  16588800.00000 --  16520400.00000
Dimr [2026-05-19 15:40:48.586195] #6 >> TIME LOOP      3600.00000 --  16588800.00000 --  16520400.00000 --         0.00000 
** INFO   :           1d  5:00:00          0d 19:00:00          0d  0:12:44          0d  0:08:19        228    60.5%    17.64706
Dimr [2026-05-19 15:40:48.588209] #7 >> TIME LOOP     68400.00000 --  16588800.00000 --  16520400.00000
Dimr [2026-05-19 15:40:48.588226] #7 >> TIME LOOP      3600.00000 --  16588800.00000 --  16520400.00000 --         0.00000 
** INFO   :           1d  5:00:00          0d 19:00:00          0d  0:12:48          0d  0:08:22        228    60.5%    17.64706
Dimr [2026-05-19 15:40:48.588281] #2 >> TIME LOOP     68400.00000 --  16588800.00000 --  16520400.00000
Dimr [2026-05-19 15:40:48.588311] #2 >> TIME LOOP      3600.00000 --  16588800.00000 --  16520400.00000 --         0.00000 
** INFO   :           1d  5:00:00          0d 19:00:00          0d  0:12:48          0d  0:08:22        228    60.5%    17.64706
Dimr [2026-05-19 15:40:48.588355] #5 >> TIME LOOP     68400.00000 --  16588800.00000 --  16520400.00000
Dimr [2026-05-19 15:40:48.588369] #5 >> TIME LOOP      3600.00000 --  16588800.00000 --  16520400.00000 --         0.00000 
** INFO   :           1d  5:00:00          0d 19:00:00          0d  0:12:48          0d  0:08:22        228    60.5%    17.64706
Dimr [2026-05-19 15:40:48.588714] #4 >> TIME LOOP     68400.00000 --  16588800.00000 --  16520400.00000
Dimr [2026-05-19 15:40:48.588733] #4 >> TIME LOOP      3600.00000 --  16588800.00000 --  16520400.00000 --         0.00000 
** INFO   :           1d  5:00:00          0d 19:00:00          0d  0:12:43          0d  0:08:18        228    60.5%    17.64706
Dimr [2026-05-19 15:40:48.589234] #1 >> TIME LOOP     68400.00000 --  16588800.00000 --  16520400.00000
Dimr [2026-05-19 15:40:48.589252] #1 >> TIME LOOP      3600.00000 --  16588800.00000 --  16520400.00000 --         0.00000 
** INFO   :           1d  5:00:00          0d 19:00:00          0d  0:12:43          0d  0:08:18        228    60.5%    17.64706
Dimr [2026-05-19 15:40:48.589648] #3 >> TIME LOOP     68400.00000 --  16588800.00000 --  16520400.00000
Dimr [2026-05-19 15:40:48.589664] #3 >> TIME LOOP      3600.00000 --  16588800.00000 --  16520400.00000 --         0.00000 
** INFO   :           1d  5:00:00          0d 19:00:00          0d  0:12:42          0d  0:08:18        228    60.5%    17.64706
Dimr [2026-05-19 15:40:48.590673] #0 >> TIME LOOP     68400.00000 --  16588800.00000 --  16520400.00000
Dimr [2026-05-19 15:40:48.590688] #0 >> TIME LOOP      3600.00000 --  16588800.00000 --  16520400.00000 --         0.00000 
Dimr [2026-05-19 15:40:48.590701] #7 >> Parallel Child: Current time:  16520400.00000 -- 0
Dimr [2026-05-19 15:40:48.590701] #0 >> Parallel Startgroup: Current time:  16520400.00000 --  16516800.00000
Dimr [2026-05-19 15:40:48.590728] #0 >> 16520400.0:    wave.Update(    3600.0)
*****************************************************************
*  Start of Delft3D-WAVE ...
Dimr [2026-05-19 15:40:48.590701] #1 >> Parallel Child: Current time:  16520400.00000 -- 0
Dimr [2026-05-19 15:40:48.590701] #2 >> Parallel Child: Current time:  16520400.00000 -- 0
Dimr [2026-05-19 15:40:48.590701] #3 >> Parallel Child: Current time:  16520400.00000 -- 0
Dimr [2026-05-19 15:40:48.590701] #4 >> Parallel Child: Current time:  16520400.00000 -- 0
Dimr [2026-05-19 15:40:48.590701] #5 >> Parallel Child: Current time:  16520400.00000 -- 0
Dimr [2026-05-19 15:40:48.590701] #6 >> Parallel Child: Current time:  16520400.00000 -- 0
  Start loop over SWAN grids, time =      275340.000 minutes since 20250101.000000
  Allocate input fields
  Allocate and read SWAN depth
  Get flow fields, domain 1 :
  Get flow fields, domain 2 :
  Get flow fields, domain 3 :
  Get flow fields, domain 4 :
  Get flow fields, domain 5 :
  Get flow fields, domain 6 :
  Get flow fields, domain 7 :
  Get flow fields, domain 8 :
  Write SWAN depth file
  Write SWAN velocity file
  Write SWAN wind file
  Write SWAN input
  Using SWAN hotstart file: hot_1_20250711_040000.nc
<<Run SWAN...
>>...Check file swan_sh.log
>>...End of SWAN run
  Allocate output fields
  Read SWAN output
  WARNING: Found negative value(s) for dissip(2) in swanout file;
           value(s) set to zero
  Map WAVE parameters to FLOW grid          1
  Map WAVE parameters to FLOW grid          2
  Map WAVE parameters to FLOW grid          3
  Map WAVE parameters to FLOW grid          4
  Map WAVE parameters to FLOW grid          5
  Map WAVE parameters to FLOW grid          6
  Map WAVE parameters to FLOW grid          7
  Map WAVE parameters to FLOW grid          8
  Deallocate input fields
  Allocate input fields
  Allocate and read SWAN depth
  Get flow fields, domain 1 :
  Get flow fields, domain 2 :
  Get flow fields, domain 3 :
  Get flow fields, domain 4 :
  Get flow fields, domain 5 :
  Get flow fields, domain 6 :
  Get flow fields, domain 7 :
  Get flow fields, domain 8 :
  Write SWAN depth file
  Write SWAN velocity file
  Write SWAN wind file
  Write SWAN input
  Using SWAN hotstart file: hot_2_20250711_040000.nc
<<Run SWAN...
>>...Check file swan_sh.log
>>...End of SWAN run
  Allocate output fields
  Read SWAN output
  WARNING: Found negative value(s) for dissip(2) in swanout file;
           value(s) set to zero
  Map WAVE parameters to FLOW grid          1
  Map WAVE parameters to FLOW grid          2
  Map WAVE parameters to FLOW grid          3
  Map WAVE parameters to FLOW grid          4
  Map WAVE parameters to FLOW grid          5
  Map WAVE parameters to FLOW grid          6
  Map WAVE parameters to FLOW grid          7
  Map WAVE parameters to FLOW grid          8
  Deallocate input fields
  Convert parameters
  Write to com-file
  Convert parameters
  Write to com-file
  Convert parameters
  Write to com-file
  Convert parameters
  Write to com-file
  Convert parameters
  Write to com-file
  Convert parameters
  Write to com-file
  Convert parameters
  Write to com-file
  Convert parameters
  Write to com-file
*  End of Delft3D-WAVE
*****************************************************************
Dimr [2026-05-19 15:40:54.470192] #0 >> Parallel Child: Current time:  16520400.00000 -- 0
Dimr [2026-05-19 15:40:54.470222] #0 >> 16520400.0:    DFlowFM.Update(     3600.00000)
Dimr [2026-05-19 15:40:54.470228] #1 >> 16520400.0:    DFlowFM.Update(     3600.00000)
Dimr [2026-05-19 15:40:54.470227] #2 >> 16520400.0:    DFlowFM.Update(     3600.00000)
Dimr [2026-05-19 15:40:54.470227] #3 >> 16520400.0:    DFlowFM.Update(     3600.00000)
Dimr [2026-05-19 15:40:54.470235] #4 >> 16520400.0:    DFlowFM.Update(     3600.00000)
Dimr [2026-05-19 15:40:54.470232] #5 >> 16520400.0:    DFlowFM.Update(     3600.00000)
Dimr [2026-05-19 15:40:54.470232] #6 >> 16520400.0:    DFlowFM.Update(     3600.00000)
Dimr [2026-05-19 15:40:54.470232] #7 >> 16520400.0:    DFlowFM.Update(     3600.00000)
** INFO   :           1d  6:00:00          0d 18:00:00          0d  0:13:07          0d  0:07:51        216    62.6%    17.06161
Dimr [2026-05-19 15:41:13.171799] #6 >> TIME LOOP     64800.00000 --  16588800.00000 --  16524000.00000
Dimr [2026-05-19 15:41:13.171913] #6 >> TIME LOOP      3600.00000 --  16588800.00000 --  16524000.00000 --         0.00000 
** INFO   :           1d  6:00:00          0d 18:00:00          0d  0:13:02          0d  0:07:48        216    62.6%    17.06161
Dimr [2026-05-19 15:41:13.173831] #7 >> TIME LOOP     64800.00000 --  16588800.00000 --  16524000.00000
Dimr [2026-05-19 15:41:13.173850] #7 >> TIME LOOP      3600.00000 --  16588800.00000 --  16524000.00000 --         0.00000 
** INFO   :           1d  6:00:00          0d 18:00:00          0d  0:13:06          0d  0:07:50        216    62.6%    17.06161
Dimr [2026-05-19 15:41:13.173968] #2 >> TIME LOOP     64800.00000 --  16588800.00000 --  16524000.00000
Dimr [2026-05-19 15:41:13.173993] #2 >> TIME LOOP      3600.00000 --  16588800.00000 --  16524000.00000 --         0.00000 
** INFO   :           1d  6:00:00          0d 18:00:00          0d  0:13:06          0d  0:07:50        216    62.6%    17.06161
Dimr [2026-05-19 15:41:13.173973] #5 >> TIME LOOP     64800.00000 --  16588800.00000 --  16524000.00000
Dimr [2026-05-19 15:41:13.173987] #5 >> TIME LOOP      3600.00000 --  16588800.00000 --  16524000.00000 --         0.00000 
** INFO   :           1d  6:00:00          0d 18:00:00          0d  0:13:06          0d  0:07:51        216    62.6%    17.06161
Dimr [2026-05-19 15:41:13.174313] #4 >> TIME LOOP     64800.00000 --  16588800.00000 --  16524000.00000
Dimr [2026-05-19 15:41:13.174330] #4 >> TIME LOOP      3600.00000 --  16588800.00000 --  16524000.00000 --         0.00000 
** INFO   :           1d  6:00:00          0d 18:00:00          0d  0:13:01          0d  0:07:47        216    62.6%    17.06161
Dimr [2026-05-19 15:41:13.174912] #1 >> TIME LOOP     64800.00000 --  16588800.00000 --  16524000.00000
Dimr [2026-05-19 15:41:13.174931] #1 >> TIME LOOP      3600.00000 --  16588800.00000 --  16524000.00000 --         0.00000 
** INFO   :           1d  6:00:00          0d 18:00:00          0d  0:13:01          0d  0:07:47        216    62.6%    17.06161
Dimr [2026-05-19 15:41:13.175340] #3 >> TIME LOOP     64800.00000 --  16588800.00000 --  16524000.00000
Dimr [2026-05-19 15:41:13.175356] #3 >> TIME LOOP      3600.00000 --  16588800.00000 --  16524000.00000 --         0.00000 
** INFO   :           1d  6:00:00          0d 18:00:00          0d  0:13:01          0d  0:07:47        216    62.6%    17.06161
Dimr [2026-05-19 15:41:13.176529] #0 >> TIME LOOP     64800.00000 --  16588800.00000 --  16524000.00000
Dimr [2026-05-19 15:41:13.176545] #0 >> TIME LOOP      3600.00000 --  16588800.00000 --  16524000.00000 --         0.00000 
Dimr [2026-05-19 15:41:13.176568] #0 >> Parallel Startgroup: Current time:  16524000.00000 --  16520400.00000
Dimr [2026-05-19 15:41:13.176605] #0 >> 16524000.0:    wave.Update(    3600.0)
*****************************************************************
*  Start of Delft3D-WAVE ...
  Start loop over SWAN grids, time =      275400.000 minutes since 20250101.000000
  Allocate input fields
  Allocate and read SWAN depth
Dimr [2026-05-19 15:41:13.176568] #1 >> Parallel Child: Current time:  16524000.00000 -- 0
Dimr [2026-05-19 15:41:13.176568] #2 >> Parallel Child: Current time:  16524000.00000 -- 0
Dimr [2026-05-19 15:41:13.176568] #3 >> Parallel Child: Current time:  16524000.00000 -- 0
Dimr [2026-05-19 15:41:13.176569] #4 >> Parallel Child: Current time:  16524000.00000 -- 0
Dimr [2026-05-19 15:41:13.176569] #5 >> Parallel Child: Current time:  16524000.00000 -- 0
Dimr [2026-05-19 15:41:13.176568] #6 >> Parallel Child: Current time:  16524000.00000 -- 0
Dimr [2026-05-19 15:41:13.176568] #7 >> Parallel Child: Current time:  16524000.00000 -- 0
  Get flow fields, domain 1 :
  Get flow fields, domain 2 :
  Get flow fields, domain 3 :
  Get flow fields, domain 4 :
  Get flow fields, domain 5 :
  Get flow fields, domain 6 :
  Get flow fields, domain 7 :
  Get flow fields, domain 8 :
  Write SWAN depth file
  Write SWAN velocity file
  Write SWAN wind file
  Write SWAN input
  Using SWAN hotstart file: hot_1_20250711_050000.nc
<<Run SWAN...
>>...Check file swan_sh.log
>>...End of SWAN run
  Allocate output fields
  Read SWAN output
  WARNING: Found negative value(s) for dissip(2) in swanout file;
           value(s) set to zero
  Map WAVE parameters to FLOW grid          1
  Map WAVE parameters to FLOW grid          2
  Map WAVE parameters to FLOW grid          3
  Map WAVE parameters to FLOW grid          4
  Map WAVE parameters to FLOW grid          5
  Map WAVE parameters to FLOW grid          6
  Map WAVE parameters to FLOW grid          7
  Map WAVE parameters to FLOW grid          8
  Write WAVE map file, nest          1 time      275400.000
  Time written     275400
  Write WAVE NetCDF map file, nest          1 time 275400.000
 Number of non-existing grid points detected:            0
  Deallocate input fields
  Allocate input fields
  Allocate and read SWAN depth
  Get flow fields, domain 1 :
  Get flow fields, domain 2 :
  Get flow fields, domain 3 :
  Get flow fields, domain 4 :
  Get flow fields, domain 5 :
  Get flow fields, domain 6 :
  Get flow fields, domain 7 :
  Get flow fields, domain 8 :
  Write SWAN depth file
  Write SWAN velocity file
  Write SWAN wind file
  Write SWAN input
  Using SWAN hotstart file: hot_2_20250711_050000.nc
<<Run SWAN...
>>...Check file swan_sh.log
>>...End of SWAN run
  Allocate output fields
  Read SWAN output
  WARNING: Found negative value(s) for dissip(2) in swanout file;
           value(s) set to zero
  Map WAVE parameters to FLOW grid          1
  Map WAVE parameters to FLOW grid          2
  Map WAVE parameters to FLOW grid          3
  Map WAVE parameters to FLOW grid          4
  Map WAVE parameters to FLOW grid          5
  Map WAVE parameters to FLOW grid          6
  Map WAVE parameters to FLOW grid          7
  Map WAVE parameters to FLOW grid          8
  Write WAVE map file, nest          2 time      275400.000
  Time written     275400
  Write WAVE NetCDF map file, nest          2 time 275400.000
 Number of non-existing grid points detected:            0
  Deallocate input fields
  Convert parameters
  Write to com-file
  Convert parameters
  Write to com-file
  Convert parameters
  Write to com-file
  Convert parameters
  Write to com-file
  Convert parameters
  Write to com-file
  Convert parameters
  Write to com-file
  Convert parameters
  Write to com-file
  Convert parameters
  Write to com-file
*  End of Delft3D-WAVE
*****************************************************************
Dimr [2026-05-19 15:41:22.821184] #0 >> Parallel Child: Current time:  16524000.00000 -- 0
Dimr [2026-05-19 15:41:22.821215] #0 >> 16524000.0:    DFlowFM.Update(     3600.00000)
Dimr [2026-05-19 15:41:22.821221] #1 >> 16524000.0:    DFlowFM.Update(     3600.00000)
Dimr [2026-05-19 15:41:22.821221] #2 >> 16524000.0:    DFlowFM.Update(     3600.00000)
Dimr [2026-05-19 15:41:22.821221] #3 >> 16524000.0:    DFlowFM.Update(     3600.00000)
Dimr [2026-05-19 15:41:22.821225] #4 >> 16524000.0:    DFlowFM.Update(     3600.00000)
Dimr [2026-05-19 15:41:22.821231] #5 >> 16524000.0:    DFlowFM.Update(     3600.00000)
Dimr [2026-05-19 15:41:22.821225] #6 >> 16524000.0:    DFlowFM.Update(     3600.00000)
Dimr [2026-05-19 15:41:22.821225] #7 >> 16524000.0:    DFlowFM.Update(     3600.00000)
** INFO   :           1d  7:00:00          0d 17:00:00          0d  0:13:27          0d  0:07:21        204    64.6%    15.72052
Dimr [2026-05-19 15:41:42.927203] #6 >> TIME LOOP     61200.00000 --  16588800.00000 --  16527600.00000
Dimr [2026-05-19 15:41:42.927232] #6 >> TIME LOOP      3600.00000 --  16588800.00000 --  16527600.00000 --         0.00000 
** INFO   :           1d  7:00:00          0d 17:00:00          0d  0:13:26          0d  0:07:21        204    64.6%    15.72052
Dimr [2026-05-19 15:41:42.929120] #2 >> TIME LOOP     61200.00000 --  16588800.00000 --  16527600.00000
Dimr [2026-05-19 15:41:42.929145] #2 >> TIME LOOP      3600.00000 --  16588800.00000 --  16527600.00000 --         0.00000 
** INFO   :           1d  7:00:00          0d 17:00:00          0d  0:13:21          0d  0:07:18        204    64.6%    15.72052
Dimr [2026-05-19 15:41:42.929256] #7 >> TIME LOOP     61200.00000 --  16588800.00000 --  16527600.00000
Dimr [2026-05-19 15:41:42.929274] #7 >> TIME LOOP      3600.00000 --  16588800.00000 --  16527600.00000 --         0.00000 
** INFO   :           1d  7:00:00          0d 17:00:00          0d  0:13:26          0d  0:07:21        204    64.6%    15.72052
Dimr [2026-05-19 15:41:42.929413] #5 >> TIME LOOP     61200.00000 --  16588800.00000 --  16527600.00000
Dimr [2026-05-19 15:41:42.929427] #5 >> TIME LOOP      3600.00000 --  16588800.00000 --  16527600.00000 --         0.00000 
** INFO   :           1d  7:00:00          0d 17:00:00          0d  0:13:26          0d  0:07:21        204    64.6%    15.72052
Dimr [2026-05-19 15:41:42.929783] #4 >> TIME LOOP     61200.00000 --  16588800.00000 --  16527600.00000
Dimr [2026-05-19 15:41:42.929799] #4 >> TIME LOOP      3600.00000 --  16588800.00000 --  16527600.00000 --         0.00000 
** INFO   :           1d  7:00:00          0d 17:00:00          0d  0:13:21          0d  0:07:18        204    64.6%    15.72052
Dimr [2026-05-19 15:41:42.930083] #1 >> TIME LOOP     61200.00000 --  16588800.00000 --  16527600.00000
Dimr [2026-05-19 15:41:42.930101] #1 >> TIME LOOP      3600.00000 --  16588800.00000 --  16527600.00000 --         0.00000 
** INFO   :           1d  7:00:00          0d 17:00:00          0d  0:13:21          0d  0:07:18        204    64.6%    15.72052
Dimr [2026-05-19 15:41:42.930539] #3 >> TIME LOOP     61200.00000 --  16588800.00000 --  16527600.00000
Dimr [2026-05-19 15:41:42.930555] #3 >> TIME LOOP      3600.00000 --  16588800.00000 --  16527600.00000 --         0.00000 
** INFO   :           1d  7:00:00          0d 17:00:00          0d  0:13:20          0d  0:07:18        204    64.6%    15.72052
Dimr [2026-05-19 15:41:42.931737] #0 >> TIME LOOP     61200.00000 --  16588800.00000 --  16527600.00000
Dimr [2026-05-19 15:41:42.931754] #0 >> TIME LOOP      3600.00000 --  16588800.00000 --  16527600.00000 --         0.00000 
Dimr [2026-05-19 15:41:42.931765] #0 >> Parallel Startgroup: Current time:  16527600.00000 --  16524000.00000
Dimr [2026-05-19 15:41:42.931779] #0 >> 16527600.0:    wave.Update(    3600.0)
*****************************************************************
*  Start of Delft3D-WAVE ...
  Start loop over SWAN grids, time =      275460.000 minutes since 20250101.000000
  Allocate input fields
  Allocate and read SWAN depth
Dimr [2026-05-19 15:41:42.931766] #1 >> Parallel Child: Current time:  16527600.00000 -- 0
Dimr [2026-05-19 15:41:42.931766] #2 >> Parallel Child: Current time:  16527600.00000 -- 0
Dimr [2026-05-19 15:41:42.931766] #3 >> Parallel Child: Current time:  16527600.00000 -- 0
Dimr [2026-05-19 15:41:42.931766] #4 >> Parallel Child: Current time:  16527600.00000 -- 0
Dimr [2026-05-19 15:41:42.931765] #5 >> Parallel Child: Current time:  16527600.00000 -- 0
Dimr [2026-05-19 15:41:42.931766] #6 >> Parallel Child: Current time:  16527600.00000 -- 0
Dimr [2026-05-19 15:41:42.931766] #7 >> Parallel Child: Current time:  16527600.00000 -- 0
  Get flow fields, domain 1 :
  Get flow fields, domain 2 :
  Get flow fields, domain 3 :
  Get flow fields, domain 4 :
  Get flow fields, domain 5 :
  Get flow fields, domain 6 :
  Get flow fields, domain 7 :
  Get flow fields, domain 8 :
  Write SWAN depth file
  Write SWAN velocity file
  Write SWAN wind file
  Write SWAN input
  Using SWAN hotstart file: hot_1_20250711_060000.nc
<<Run SWAN...
>>...Check file swan_sh.log
>>...End of SWAN run
  Allocate output fields
  Read SWAN output
  WARNING: Found negative value(s) for dissip(2) in swanout file;
           value(s) set to zero
  Map WAVE parameters to FLOW grid          1
  Map WAVE parameters to FLOW grid          2
  Map WAVE parameters to FLOW grid          3
  Map WAVE parameters to FLOW grid          4
  Map WAVE parameters to FLOW grid          5
  Map WAVE parameters to FLOW grid          6
  Map WAVE parameters to FLOW grid          7
  Map WAVE parameters to FLOW grid          8
  Deallocate input fields
  Allocate input fields
  Allocate and read SWAN depth
  Get flow fields, domain 1 :
  Get flow fields, domain 2 :
  Get flow fields, domain 3 :
  Get flow fields, domain 4 :
  Get flow fields, domain 5 :
  Get flow fields, domain 6 :
  Get flow fields, domain 7 :
  Get flow fields, domain 8 :
  Write SWAN depth file
  Write SWAN velocity file
  Write SWAN wind file
  Write SWAN input
  Using SWAN hotstart file: hot_2_20250711_060000.nc
<<Run SWAN...
>>...Check file swan_sh.log
>>...End of SWAN run
  Allocate output fields
  Read SWAN output
  WARNING: Found negative value(s) for dissip(2) in swanout file;
           value(s) set to zero
  Map WAVE parameters to FLOW grid          1
  Map WAVE parameters to FLOW grid          2
  Map WAVE parameters to FLOW grid          3
  Map WAVE parameters to FLOW grid          4
  Map WAVE parameters to FLOW grid          5
  Map WAVE parameters to FLOW grid          6
  Map WAVE parameters to FLOW grid          7
  Map WAVE parameters to FLOW grid          8
  Deallocate input fields
  Convert parameters
  Write to com-file
  Convert parameters
  Write to com-file
  Convert parameters
  Write to com-file
  Convert parameters
  Write to com-file
  Convert parameters
  Write to com-file
  Convert parameters
  Write to com-file
  Convert parameters
  Write to com-file
  Convert parameters
  Write to com-file
*  End of Delft3D-WAVE
*****************************************************************
Dimr [2026-05-19 15:41:52.684137] #0 >> Parallel Child: Current time:  16527600.00000 -- 0
Dimr [2026-05-19 15:41:52.684169] #0 >> 16527600.0:    DFlowFM.Update(     3600.00000)
Dimr [2026-05-19 15:41:52.684174] #1 >> 16527600.0:    DFlowFM.Update(     3600.00000)
Dimr [2026-05-19 15:41:52.684174] #2 >> 16527600.0:    DFlowFM.Update(     3600.00000)
Dimr [2026-05-19 15:41:52.684175] #3 >> 16527600.0:    DFlowFM.Update(     3600.00000)
Dimr [2026-05-19 15:41:52.684177] #4 >> 16527600.0:    DFlowFM.Update(     3600.00000)
Dimr [2026-05-19 15:41:52.684177] #5 >> 16527600.0:    DFlowFM.Update(     3600.00000)
Dimr [2026-05-19 15:41:52.684177] #6 >> 16527600.0:    DFlowFM.Update(     3600.00000)
Dimr [2026-05-19 15:41:52.684177] #7 >> 16527600.0:    DFlowFM.Update(     3600.00000)
** INFO   :           1d  8:00:00          0d 16:00:00          0d  0:13:48          0d  0:06:53        192    66.7%    14.51613
Dimr [2026-05-19 15:42:14.276700] #6 >> TIME LOOP     57600.00000 --  16588800.00000 --  16531200.00000
Dimr [2026-05-19 15:42:14.276733] #6 >> TIME LOOP      3600.00000 --  16588800.00000 --  16531200.00000 --         0.00000 
** INFO   :           1d  8:00:00          0d 16:00:00          0d  0:13:42          0d  0:06:50        192    66.7%    14.51613
Dimr [2026-05-19 15:42:14.278691] #7 >> TIME LOOP     57600.00000 --  16588800.00000 --  16531200.00000
Dimr [2026-05-19 15:42:14.278708] #7 >> TIME LOOP      3600.00000 --  16588800.00000 --  16531200.00000 --         0.00000 
** INFO   :           1d  8:00:00          0d 16:00:00          0d  0:13:47          0d  0:06:52        192    66.7%    14.51613
** INFO   :           1d  8:00:00          0d 16:00:00          0d  0:13:47          0d  0:06:52        192    66.7%    14.51613
Dimr [2026-05-19 15:42:14.278918] #5 >> TIME LOOP     57600.00000 --  16588800.00000 --  16531200.00000
Dimr [2026-05-19 15:42:14.278934] #5 >> TIME LOOP      3600.00000 --  16588800.00000 --  16531200.00000 --         0.00000 
Dimr [2026-05-19 15:42:14.278975] #2 >> TIME LOOP     57600.00000 --  16588800.00000 --  16531200.00000
Dimr [2026-05-19 15:42:14.279005] #2 >> TIME LOOP      3600.00000 --  16588800.00000 --  16531200.00000 --         0.00000 
** INFO   :           1d  8:00:00          0d 16:00:00          0d  0:13:47          0d  0:06:53        192    66.7%    14.51613
Dimr [2026-05-19 15:42:14.279206] #4 >> TIME LOOP     57600.00000 --  16588800.00000 --  16531200.00000
Dimr [2026-05-19 15:42:14.279223] #4 >> TIME LOOP      3600.00000 --  16588800.00000 --  16531200.00000 --         0.00000 
** INFO   :           1d  8:00:00          0d 16:00:00          0d  0:13:42          0d  0:06:50        192    66.7%    14.51613
Dimr [2026-05-19 15:42:14.279857] #1 >> TIME LOOP     57600.00000 --  16588800.00000 --  16531200.00000
Dimr [2026-05-19 15:42:14.279876] #1 >> TIME LOOP      3600.00000 --  16588800.00000 --  16531200.00000 --         0.00000 
** INFO   :           1d  8:00:00          0d 16:00:00          0d  0:13:42          0d  0:06:50        192    66.7%    14.51613
Dimr [2026-05-19 15:42:14.280310] #3 >> TIME LOOP     57600.00000 --  16588800.00000 --  16531200.00000
Dimr [2026-05-19 15:42:14.280326] #3 >> TIME LOOP      3600.00000 --  16588800.00000 --  16531200.00000 --         0.00000 
** INFO   :           1d  8:00:00          0d 16:00:00          0d  0:13:41          0d  0:06:49        192    66.7%    14.51613
Dimr [2026-05-19 15:42:14.281283] #0 >> TIME LOOP     57600.00000 --  16588800.00000 --  16531200.00000
Dimr [2026-05-19 15:42:14.281298] #0 >> TIME LOOP      3600.00000 --  16588800.00000 --  16531200.00000 --         0.00000 
Dimr [2026-05-19 15:42:14.281309] #2 >> Parallel Child: Current time:  16531200.00000 -- 0
Dimr [2026-05-19 15:42:14.281309] #7 >> Parallel Child: Current time:  16531200.00000 -- 0
Dimr [2026-05-19 15:42:14.281309] #0 >> Parallel Startgroup: Current time:  16531200.00000 --  16527600.00000
Dimr [2026-05-19 15:42:14.281327] #0 >> 16531200.0:    wave.Update(    3600.0)
*****************************************************************
*  Start of Delft3D-WAVE ...
Dimr [2026-05-19 15:42:14.281309] #1 >> Parallel Child: Current time:  16531200.00000 -- 0
Dimr [2026-05-19 15:42:14.281309] #3 >> Parallel Child: Current time:  16531200.00000 -- 0
Dimr [2026-05-19 15:42:14.281309] #4 >> Parallel Child: Current time:  16531200.00000 -- 0
Dimr [2026-05-19 15:42:14.281309] #5 >> Parallel Child: Current time:  16531200.00000 -- 0
Dimr [2026-05-19 15:42:14.281309] #6 >> Parallel Child: Current time:  16531200.00000 -- 0
  Start loop over SWAN grids, time =      275520.000 minutes since 20250101.000000
  Allocate input fields
  Allocate and read SWAN depth
  Get flow fields, domain 1 :
  Get flow fields, domain 2 :
  Get flow fields, domain 3 :
  Get flow fields, domain 4 :
  Get flow fields, domain 5 :
  Get flow fields, domain 6 :
  Get flow fields, domain 7 :
  Get flow fields, domain 8 :
  Write SWAN depth file
  Write SWAN velocity file
  Write SWAN wind file
  Write SWAN input
  Using SWAN hotstart file: hot_1_20250711_070000.nc
<<Run SWAN...
>>...Check file swan_sh.log
>>...End of SWAN run
  Allocate output fields
  Read SWAN output
  WARNING: Found negative value(s) for dissip(2) in swanout file;
           value(s) set to zero
  Map WAVE parameters to FLOW grid          1
  Map WAVE parameters to FLOW grid          2
  Map WAVE parameters to FLOW grid          3
  Map WAVE parameters to FLOW grid          4
  Map WAVE parameters to FLOW grid          5
  Map WAVE parameters to FLOW grid          6
  Map WAVE parameters to FLOW grid          7
  Map WAVE parameters to FLOW grid          8
  Deallocate input fields
  Allocate input fields
  Allocate and read SWAN depth
  Get flow fields, domain 1 :
  Get flow fields, domain 2 :
  Get flow fields, domain 3 :
  Get flow fields, domain 4 :
  Get flow fields, domain 5 :
  Get flow fields, domain 6 :
  Get flow fields, domain 7 :
  Get flow fields, domain 8 :
  Write SWAN depth file
  Write SWAN velocity file
  Write SWAN wind file
  Write SWAN input
  Using SWAN hotstart file: hot_2_20250711_070000.nc
<<Run SWAN...
>>...Check file swan_sh.log
>>...End of SWAN run
  Allocate output fields
  Read SWAN output
  WARNING: Found negative value(s) for dissip(2) in swanout file;
           value(s) set to zero
  Map WAVE parameters to FLOW grid          1
  Map WAVE parameters to FLOW grid          2
  Map WAVE parameters to FLOW grid          3
  Map WAVE parameters to FLOW grid          4
  Map WAVE parameters to FLOW grid          5
  Map WAVE parameters to FLOW grid          6
  Map WAVE parameters to FLOW grid          7
  Map WAVE parameters to FLOW grid          8
  Deallocate input fields
  Convert parameters
  Write to com-file
  Convert parameters
  Write to com-file
  Convert parameters
  Write to com-file
  Convert parameters
  Write to com-file
  Convert parameters
  Write to com-file
  Convert parameters
  Write to com-file
  Convert parameters
  Write to com-file
  Convert parameters
  Write to com-file
*  End of Delft3D-WAVE
*****************************************************************
Dimr [2026-05-19 15:42:23.612448] #0 >> Parallel Child: Current time:  16531200.00000 -- 0
Dimr [2026-05-19 15:42:23.612478] #0 >> 16531200.0:    DFlowFM.Update(     3600.00000)
Dimr [2026-05-19 15:42:23.612485] #1 >> 16531200.0:    DFlowFM.Update(     3600.00000)
Dimr [2026-05-19 15:42:23.612485] #2 >> 16531200.0:    DFlowFM.Update(     3600.00000)
Dimr [2026-05-19 15:42:23.612485] #3 >> 16531200.0:    DFlowFM.Update(     3600.00000)
Dimr [2026-05-19 15:42:23.612487] #4 >> 16531200.0:    DFlowFM.Update(     3600.00000)
Dimr [2026-05-19 15:42:23.612491] #5 >> 16531200.0:    DFlowFM.Update(     3600.00000)
Dimr [2026-05-19 15:42:23.612486] #6 >> 16531200.0:    DFlowFM.Update(     3600.00000)
Dimr [2026-05-19 15:42:23.612485] #7 >> 16531200.0:    DFlowFM.Update(     3600.00000)
** INFO   :           1d  9:00:00          0d 15:00:00          0d  0:14:09          0d  0:06:25        180    68.8%    14.28571
Dimr [2026-05-19 15:42:45.489615] #6 >> TIME LOOP     54000.00000 --  16588800.00000 --  16534800.00000
Dimr [2026-05-19 15:42:45.489642] #6 >> TIME LOOP      3600.00000 --  16588800.00000 --  16534800.00000 --         0.00000 
** INFO   :           1d  9:00:00          0d 15:00:00          0d  0:14:03          0d  0:06:22        180    68.8%    14.28571
Dimr [2026-05-19 15:42:45.491589] #7 >> TIME LOOP     54000.00000 --  16588800.00000 --  16534800.00000
Dimr [2026-05-19 15:42:45.491606] #7 >> TIME LOOP      3600.00000 --  16588800.00000 --  16534800.00000 --         0.00000 
** INFO   :           1d  9:00:00          0d 15:00:00          0d  0:14:09          0d  0:06:25        180    68.8%    14.28571
Dimr [2026-05-19 15:42:45.491801] #2 >> TIME LOOP     54000.00000 --  16588800.00000 --  16534800.00000
Dimr [2026-05-19 15:42:45.491826] #2 >> TIME LOOP      3600.00000 --  16588800.00000 --  16534800.00000 --         0.00000 
** INFO   :           1d  9:00:00          0d 15:00:00          0d  0:14:08          0d  0:06:25        180    68.8%    14.28571
Dimr [2026-05-19 15:42:45.491862] #5 >> TIME LOOP     54000.00000 --  16588800.00000 --  16534800.00000
Dimr [2026-05-19 15:42:45.491876] #5 >> TIME LOOP      3600.00000 --  16588800.00000 --  16534800.00000 --         0.00000 
** INFO   :           1d  9:00:00          0d 15:00:00          0d  0:14:09          0d  0:06:25        180    68.8%    14.28571
Dimr [2026-05-19 15:42:45.492165] #4 >> TIME LOOP     54000.00000 --  16588800.00000 --  16534800.00000
Dimr [2026-05-19 15:42:45.492181] #4 >> TIME LOOP      3600.00000 --  16588800.00000 --  16534800.00000 --         0.00000 
** INFO   :           1d  9:00:00          0d 15:00:00          0d  0:14:03          0d  0:06:22        180    68.8%    14.28571
Dimr [2026-05-19 15:42:45.492730] #1 >> TIME LOOP     54000.00000 --  16588800.00000 --  16534800.00000
Dimr [2026-05-19 15:42:45.492748] #1 >> TIME LOOP      3600.00000 --  16588800.00000 --  16534800.00000 --         0.00000 
** INFO   :           1d  9:00:00          0d 15:00:00          0d  0:14:03          0d  0:06:22        180    68.8%    14.28571
Dimr [2026-05-19 15:42:45.493158] #3 >> TIME LOOP     54000.00000 --  16588800.00000 --  16534800.00000
Dimr [2026-05-19 15:42:45.493174] #3 >> TIME LOOP      3600.00000 --  16588800.00000 --  16534800.00000 --         0.00000 
** INFO   :           1d  9:00:00          0d 15:00:00          0d  0:14:02          0d  0:06:22        180    68.8%    14.28571
Dimr [2026-05-19 15:42:45.494179] #0 >> TIME LOOP     54000.00000 --  16588800.00000 --  16534800.00000
Dimr [2026-05-19 15:42:45.494195] #0 >> TIME LOOP      3600.00000 --  16588800.00000 --  16534800.00000 --         0.00000 
Dimr [2026-05-19 15:42:45.494206] #0 >> Parallel Startgroup: Current time:  16534800.00000 --  16531200.00000
Dimr [2026-05-19 15:42:45.494220] #0 >> 16534800.0:    wave.Update(    3600.0)
*****************************************************************
Dimr [2026-05-19 15:42:45.494206] #1 >> Parallel Child: Current time:  16534800.00000 -- 0
Dimr [2026-05-19 15:42:45.494206] #2 >> Parallel Child: Current time:  16534800.00000 -- 0
Dimr [2026-05-19 15:42:45.494206] #3 >> Parallel Child: Current time:  16534800.00000 -- 0
Dimr [2026-05-19 15:42:45.494207] #4 >> Parallel Child: Current time:  16534800.00000 -- 0
Dimr [2026-05-19 15:42:45.494207] #5 >> Parallel Child: Current time:  16534800.00000 -- 0
Dimr [2026-05-19 15:42:45.494207] #6 >> Parallel Child: Current time:  16534800.00000 -- 0
Dimr [2026-05-19 15:42:45.494207] #7 >> Parallel Child: Current time:  16534800.00000 -- 0
*  Start of Delft3D-WAVE ...
  Start loop over SWAN grids, time =      275580.000 minutes since 20250101.000000
  Allocate input fields
  Allocate and read SWAN depth
  Get flow fields, domain 1 :
  Get flow fields, domain 2 :
  Get flow fields, domain 3 :
  Get flow fields, domain 4 :
  Get flow fields, domain 5 :
  Get flow fields, domain 6 :
  Get flow fields, domain 7 :
  Get flow fields, domain 8 :
  Write SWAN depth file
  Write SWAN velocity file
  Write SWAN wind file
  Write SWAN input
  Using SWAN hotstart file: hot_1_20250711_080000.nc
<<Run SWAN...
>>...Check file swan_sh.log
>>...End of SWAN run
  Allocate output fields
  Read SWAN output
  WARNING: Found negative value(s) for dissip(2) in swanout file;
           value(s) set to zero
  Map WAVE parameters to FLOW grid          1
  Map WAVE parameters to FLOW grid          2
  Map WAVE parameters to FLOW grid          3
  Map WAVE parameters to FLOW grid          4
  Map WAVE parameters to FLOW grid          5
  Map WAVE parameters to FLOW grid          6
  Map WAVE parameters to FLOW grid          7
  Map WAVE parameters to FLOW grid          8
  Deallocate input fields
  Allocate input fields
  Allocate and read SWAN depth
  Get flow fields, domain 1 :
  Get flow fields, domain 2 :
  Get flow fields, domain 3 :
  Get flow fields, domain 4 :
  Get flow fields, domain 5 :
  Get flow fields, domain 6 :
  Get flow fields, domain 7 :
  Get flow fields, domain 8 :
  Write SWAN depth file
  Write SWAN velocity file
  Write SWAN wind file
  Write SWAN input
  Using SWAN hotstart file: hot_2_20250711_080000.nc
<<Run SWAN...
>>...Check file swan_sh.log
>>...End of SWAN run
  Allocate output fields
  Read SWAN output
  WARNING: Found negative value(s) for dissip(2) in swanout file;
           value(s) set to zero
  Map WAVE parameters to FLOW grid          1
  Map WAVE parameters to FLOW grid          2
  Map WAVE parameters to FLOW grid          3
  Map WAVE parameters to FLOW grid          4
  Map WAVE parameters to FLOW grid          5
  Map WAVE parameters to FLOW grid          6
  Map WAVE parameters to FLOW grid          7
  Map WAVE parameters to FLOW grid          8
  Deallocate input fields
  Convert parameters
  Write to com-file
  Convert parameters
  Write to com-file
  Convert parameters
  Write to com-file
  Convert parameters
  Write to com-file
  Convert parameters
  Write to com-file
  Convert parameters
  Write to com-file
  Convert parameters
  Write to com-file
  Convert parameters
  Write to com-file
*  End of Delft3D-WAVE
*****************************************************************
Dimr [2026-05-19 15:42:50.562035] #0 >> Parallel Child: Current time:  16534800.00000 -- 0
Dimr [2026-05-19 15:42:50.562065] #0 >> 16534800.0:    DFlowFM.Update(     3600.00000)
Dimr [2026-05-19 15:42:50.562071] #1 >> 16534800.0:    DFlowFM.Update(     3600.00000)
Dimr [2026-05-19 15:42:50.562070] #2 >> 16534800.0:    DFlowFM.Update(     3600.00000)
Dimr [2026-05-19 15:42:50.562070] #3 >> 16534800.0:    DFlowFM.Update(     3600.00000)
Dimr [2026-05-19 15:42:50.562082] #4 >> 16534800.0:    DFlowFM.Update(     3600.00000)
Dimr [2026-05-19 15:42:50.562082] #5 >> 16534800.0:    DFlowFM.Update(     3600.00000)
Dimr [2026-05-19 15:42:50.562082] #6 >> 16534800.0:    DFlowFM.Update(     3600.00000)
Dimr [2026-05-19 15:42:50.562082] #7 >> 16534800.0:    DFlowFM.Update(     3600.00000)
** INFO   :           1d 10:00:00          0d 14:00:00          0d  0:14:31          0d  0:05:58        168    70.9%    14.28571
Dimr [2026-05-19 15:43:12.599448] #6 >> TIME LOOP     50400.00000 --  16588800.00000 --  16538400.00000
Dimr [2026-05-19 15:43:12.599475] #6 >> TIME LOOP      3600.00000 --  16588800.00000 --  16538400.00000 --         0.00000 
** INFO   :           1d 10:00:00          0d 14:00:00          0d  0:14:25          0d  0:05:55        168    70.9%    14.28571
Dimr [2026-05-19 15:43:12.601488] #7 >> TIME LOOP     50400.00000 --  16588800.00000 --  16538400.00000
Dimr [2026-05-19 15:43:12.601506] #7 >> TIME LOOP      3600.00000 --  16588800.00000 --  16538400.00000 --         0.00000 
** INFO   :           1d 10:00:00          0d 14:00:00          0d  0:14:30          0d  0:05:57        168    70.9%    14.28571
Dimr [2026-05-19 15:43:12.601694] #5 >> TIME LOOP     50400.00000 --  16588800.00000 --  16538400.00000
Dimr [2026-05-19 15:43:12.601710] #5 >> TIME LOOP      3600.00000 --  16588800.00000 --  16538400.00000 --         0.00000 
** INFO   :           1d 10:00:00          0d 14:00:00          0d  0:14:30          0d  0:05:57        168    70.9%    14.28571
Dimr [2026-05-19 15:43:12.601778] #2 >> TIME LOOP     50400.00000 --  16588800.00000 --  16538400.00000
Dimr [2026-05-19 15:43:12.601809] #2 >> TIME LOOP      3600.00000 --  16588800.00000 --  16538400.00000 --         0.00000 
** INFO   :           1d 10:00:00          0d 14:00:00          0d  0:14:30          0d  0:05:57        168    70.9%    14.28571
Dimr [2026-05-19 15:43:12.601994] #4 >> TIME LOOP     50400.00000 --  16588800.00000 --  16538400.00000
Dimr [2026-05-19 15:43:12.602010] #4 >> TIME LOOP      3600.00000 --  16588800.00000 --  16538400.00000 --         0.00000 
** INFO   :           1d 10:00:00          0d 14:00:00          0d  0:14:24          0d  0:05:55        168    70.9%    14.28571
Dimr [2026-05-19 15:43:12.602581] #1 >> TIME LOOP     50400.00000 --  16588800.00000 --  16538400.00000
Dimr [2026-05-19 15:43:12.602600] #1 >> TIME LOOP      3600.00000 --  16588800.00000 --  16538400.00000 --         0.00000 
** INFO   :           1d 10:00:00          0d 14:00:00          0d  0:14:24          0d  0:05:55        168    70.9%    14.28571
Dimr [2026-05-19 15:43:12.603084] #3 >> TIME LOOP     50400.00000 --  16588800.00000 --  16538400.00000
Dimr [2026-05-19 15:43:12.603100] #3 >> TIME LOOP      3600.00000 --  16588800.00000 --  16538400.00000 --         0.00000 
** INFO   :           1d 10:00:00          0d 14:00:00          0d  0:14:24          0d  0:05:55        168    70.9%    14.28571
Dimr [2026-05-19 15:43:12.603992] #0 >> TIME LOOP     50400.00000 --  16588800.00000 --  16538400.00000
Dimr [2026-05-19 15:43:12.604007] #0 >> TIME LOOP      3600.00000 --  16588800.00000 --  16538400.00000 --         0.00000 
Dimr [2026-05-19 15:43:12.604019] #5 >> Parallel Child: Current time:  16538400.00000 -- 0
Dimr [2026-05-19 15:43:12.604019] #6 >> Parallel Child: Current time:  16538400.00000 -- 0
Dimr [2026-05-19 15:43:12.604019] #7 >> Parallel Child: Current time:  16538400.00000 -- 0
Dimr [2026-05-19 15:43:12.604019] #0 >> Parallel Startgroup: Current time:  16538400.00000 --  16534800.00000
Dimr [2026-05-19 15:43:12.604036] #0 >> 16538400.0:    wave.Update(    3600.0)
*****************************************************************
*  Start of Delft3D-WAVE ...
  Start loop over SWAN grids, time =      275640.000 minutes since 20250101.000000
  Allocate input fields
Dimr [2026-05-19 15:43:12.604019] #1 >> Parallel Child: Current time:  16538400.00000 -- 0
Dimr [2026-05-19 15:43:12.604019] #2 >> Parallel Child: Current time:  16538400.00000 -- 0
Dimr [2026-05-19 15:43:12.604019] #3 >> Parallel Child: Current time:  16538400.00000 -- 0
Dimr [2026-05-19 15:43:12.604019] #4 >> Parallel Child: Current time:  16538400.00000 -- 0
  Allocate and read SWAN depth
  Get flow fields, domain 1 :
  Get flow fields, domain 2 :
  Get flow fields, domain 3 :
  Get flow fields, domain 4 :
  Get flow fields, domain 5 :
  Get flow fields, domain 6 :
  Get flow fields, domain 7 :
  Get flow fields, domain 8 :
  Write SWAN depth file
  Write SWAN velocity file
  Write SWAN wind file
  Write SWAN input
  Using SWAN hotstart file: hot_1_20250711_090000.nc
<<Run SWAN...
>>...Check file swan_sh.log
>>...End of SWAN run
  Allocate output fields
  Read SWAN output
  WARNING: Found negative value(s) for dissip(2) in swanout file;
           value(s) set to zero
  Map WAVE parameters to FLOW grid          1
  Map WAVE parameters to FLOW grid          2
  Map WAVE parameters to FLOW grid          3
  Map WAVE parameters to FLOW grid          4
  Map WAVE parameters to FLOW grid          5
  Map WAVE parameters to FLOW grid          6
  Map WAVE parameters to FLOW grid          7
  Map WAVE parameters to FLOW grid          8
  Deallocate input fields
  Allocate input fields
  Allocate and read SWAN depth
  Get flow fields, domain 1 :
  Get flow fields, domain 2 :
  Get flow fields, domain 3 :
  Get flow fields, domain 4 :
  Get flow fields, domain 5 :
  Get flow fields, domain 6 :
  Get flow fields, domain 7 :
  Get flow fields, domain 8 :
  Write SWAN depth file
  Write SWAN velocity file
  Write SWAN wind file
  Write SWAN input
  Using SWAN hotstart file: hot_2_20250711_090000.nc
<<Run SWAN...
>>...Check file swan_sh.log
>>...End of SWAN run
  Allocate output fields
  Read SWAN output
  WARNING: Found negative value(s) for dissip(2) in swanout file;
           value(s) set to zero
  Map WAVE parameters to FLOW grid          1
  Map WAVE parameters to FLOW grid          2
  Map WAVE parameters to FLOW grid          3
  Map WAVE parameters to FLOW grid          4
  Map WAVE parameters to FLOW grid          5
  Map WAVE parameters to FLOW grid          6
  Map WAVE parameters to FLOW grid          7
  Map WAVE parameters to FLOW grid          8
  Deallocate input fields
  Convert parameters
  Write to com-file
  Convert parameters
  Write to com-file
  Convert parameters
  Write to com-file
  Convert parameters
  Write to com-file
  Convert parameters
  Write to com-file
  Convert parameters
  Write to com-file
  Convert parameters
  Write to com-file
  Convert parameters
  Write to com-file
*  End of Delft3D-WAVE
*****************************************************************
Dimr [2026-05-19 15:43:19.443048] #0 >> Parallel Child: Current time:  16538400.00000 -- 0
Dimr [2026-05-19 15:43:19.443080] #0 >> 16538400.0:    DFlowFM.Update(     3600.00000)
Dimr [2026-05-19 15:43:19.443085] #1 >> 16538400.0:    DFlowFM.Update(     3600.00000)
Dimr [2026-05-19 15:43:19.443085] #2 >> 16538400.0:    DFlowFM.Update(     3600.00000)
Dimr [2026-05-19 15:43:19.443085] #3 >> 16538400.0:    DFlowFM.Update(     3600.00000)
Dimr [2026-05-19 15:43:19.443087] #4 >> 16538400.0:    DFlowFM.Update(     3600.00000)
Dimr [2026-05-19 15:43:19.443087] #5 >> 16538400.0:    DFlowFM.Update(     3600.00000)
Dimr [2026-05-19 15:43:19.443087] #6 >> 16538400.0:    DFlowFM.Update(     3600.00000)
Dimr [2026-05-19 15:43:19.443087] #7 >> 16538400.0:    DFlowFM.Update(     3600.00000)
** INFO   :           1d 11:00:00          0d 13:00:00          0d  0:14:53          0d  0:05:31        156    73.0%    13.63636
Dimr [2026-05-19 15:43:42.453415] #6 >> TIME LOOP     46800.00000 --  16588800.00000 --  16542000.00000
Dimr [2026-05-19 15:43:42.453444] #6 >> TIME LOOP      3600.00000 --  16588800.00000 --  16542000.00000 --         0.00000 
** INFO   :           1d 11:00:00          0d 13:00:00          0d  0:14:47          0d  0:05:29        156    73.0%    13.63636
Dimr [2026-05-19 15:43:42.455380] #7 >> TIME LOOP     46800.00000 --  16588800.00000 --  16542000.00000
Dimr [2026-05-19 15:43:42.455397] #7 >> TIME LOOP      3600.00000 --  16588800.00000 --  16542000.00000 --         0.00000 
** INFO   :           1d 11:00:00          0d 13:00:00          0d  0:14:53          0d  0:05:31        156    73.0%    13.63636
Dimr [2026-05-19 15:43:42.455605] #2 >> TIME LOOP     46800.00000 --  16588800.00000 --  16542000.00000
Dimr [2026-05-19 15:43:42.455631] #2 >> TIME LOOP      3600.00000 --  16588800.00000 --  16542000.00000 --         0.00000 
** INFO   :           1d 11:00:00          0d 13:00:00          0d  0:14:53          0d  0:05:31        156    73.0%    13.63636
Dimr [2026-05-19 15:43:42.455611] #5 >> TIME LOOP     46800.00000 --  16588800.00000 --  16542000.00000
Dimr [2026-05-19 15:43:42.455625] #5 >> TIME LOOP      3600.00000 --  16588800.00000 --  16542000.00000 --         0.00000 
** INFO   :           1d 11:00:00          0d 13:00:00          0d  0:14:53          0d  0:05:31        156    73.0%    13.63636
Dimr [2026-05-19 15:43:42.455931] #4 >> TIME LOOP     46800.00000 --  16588800.00000 --  16542000.00000
Dimr [2026-05-19 15:43:42.455947] #4 >> TIME LOOP      3600.00000 --  16588800.00000 --  16542000.00000 --         0.00000 
** INFO   :           1d 11:00:00          0d 13:00:00          0d  0:14:47          0d  0:05:29        156    73.0%    13.63636
Dimr [2026-05-19 15:43:42.456518] #1 >> TIME LOOP     46800.00000 --  16588800.00000 --  16542000.00000
Dimr [2026-05-19 15:43:42.456537] #1 >> TIME LOOP      3600.00000 --  16588800.00000 --  16542000.00000 --         0.00000 
** INFO   :           1d 11:00:00          0d 13:00:00          0d  0:14:47          0d  0:05:29        156    73.0%    13.63636
Dimr [2026-05-19 15:43:42.457034] #3 >> TIME LOOP     46800.00000 --  16588800.00000 --  16542000.00000
Dimr [2026-05-19 15:43:42.457050] #3 >> TIME LOOP      3600.00000 --  16588800.00000 --  16542000.00000 --         0.00000 
** INFO   :           1d 11:00:00          0d 13:00:00          0d  0:14:46          0d  0:05:28        156    73.0%    13.63636
Dimr [2026-05-19 15:43:42.457998] #0 >> TIME LOOP     46800.00000 --  16588800.00000 --  16542000.00000
Dimr [2026-05-19 15:43:42.458013] #0 >> TIME LOOP      3600.00000 --  16588800.00000 --  16542000.00000 --         0.00000 
Dimr [2026-05-19 15:43:42.458025] #7 >> Parallel Child: Current time:  16542000.00000 -- 0
Dimr [2026-05-19 15:43:42.458024] #0 >> Parallel Startgroup: Current time:  16542000.00000 --  16538400.00000
Dimr [2026-05-19 15:43:42.458040] #0 >> 16542000.0:    wave.Update(    3600.0)
*****************************************************************
*  Start of Delft3D-WAVE ...
Dimr [2026-05-19 15:43:42.458025] #1 >> Parallel Child: Current time:  16542000.00000 -- 0
Dimr [2026-05-19 15:43:42.458025] #2 >> Parallel Child: Current time:  16542000.00000 -- 0
Dimr [2026-05-19 15:43:42.458025] #3 >> Parallel Child: Current time:  16542000.00000 -- 0
Dimr [2026-05-19 15:43:42.458025] #4 >> Parallel Child: Current time:  16542000.00000 -- 0
Dimr [2026-05-19 15:43:42.458024] #5 >> Parallel Child: Current time:  16542000.00000 -- 0
Dimr [2026-05-19 15:43:42.458025] #6 >> Parallel Child: Current time:  16542000.00000 -- 0
  Start loop over SWAN grids, time =      275700.000 minutes since 20250101.000000
  Allocate input fields
  Allocate and read SWAN depth
  Get flow fields, domain 1 :
  Get flow fields, domain 2 :
  Get flow fields, domain 3 :
  Get flow fields, domain 4 :
  Get flow fields, domain 5 :
  Get flow fields, domain 6 :
  Get flow fields, domain 7 :
  Get flow fields, domain 8 :
  Write SWAN depth file
  Write SWAN velocity file
  Write SWAN wind file
  Write SWAN input
  Using SWAN hotstart file: hot_1_20250711_100000.nc
<<Run SWAN...
>>...Check file swan_sh.log
>>...End of SWAN run
  Allocate output fields
  Read SWAN output
  WARNING: Found negative value(s) for dissip(2) in swanout file;
           value(s) set to zero
  Map WAVE parameters to FLOW grid          1
  Map WAVE parameters to FLOW grid          2
  Map WAVE parameters to FLOW grid          3
  Map WAVE parameters to FLOW grid          4
  Map WAVE parameters to FLOW grid          5
  Map WAVE parameters to FLOW grid          6
  Map WAVE parameters to FLOW grid          7
  Map WAVE parameters to FLOW grid          8
  Deallocate input fields
  Allocate input fields
  Allocate and read SWAN depth
  Get flow fields, domain 1 :
  Get flow fields, domain 2 :
  Get flow fields, domain 3 :
  Get flow fields, domain 4 :
  Get flow fields, domain 5 :
  Get flow fields, domain 6 :
  Get flow fields, domain 7 :
  Get flow fields, domain 8 :
  Write SWAN depth file
  Write SWAN velocity file
  Write SWAN wind file
  Write SWAN input
  Using SWAN hotstart file: hot_2_20250711_100000.nc
<<Run SWAN...
>>...Check file swan_sh.log
>>...End of SWAN run
  Allocate output fields
  Read SWAN output
  WARNING: Found negative value(s) for dissip(2) in swanout file;
           value(s) set to zero
  Map WAVE parameters to FLOW grid          1
  Map WAVE parameters to FLOW grid          2
  Map WAVE parameters to FLOW grid          3
  Map WAVE parameters to FLOW grid          4
  Map WAVE parameters to FLOW grid          5
  Map WAVE parameters to FLOW grid          6
  Map WAVE parameters to FLOW grid          7
  Map WAVE parameters to FLOW grid          8
  Deallocate input fields
  Convert parameters
  Write to com-file
  Convert parameters
  Write to com-file
  Convert parameters
  Write to com-file
  Convert parameters
  Write to com-file
  Convert parameters
  Write to com-file
  Convert parameters
  Write to com-file
  Convert parameters
  Write to com-file
  Convert parameters
  Write to com-file
*  End of Delft3D-WAVE
*****************************************************************
Dimr [2026-05-19 15:43:48.405374] #0 >> Parallel Child: Current time:  16542000.00000 -- 0
Dimr [2026-05-19 15:43:48.405404] #0 >> 16542000.0:    DFlowFM.Update(     3600.00000)
Dimr [2026-05-19 15:43:48.405411] #1 >> 16542000.0:    DFlowFM.Update(     3600.00000)
Dimr [2026-05-19 15:43:48.405409] #2 >> 16542000.0:    DFlowFM.Update(     3600.00000)
Dimr [2026-05-19 15:43:48.405410] #3 >> 16542000.0:    DFlowFM.Update(     3600.00000)
Dimr [2026-05-19 15:43:48.405411] #4 >> 16542000.0:    DFlowFM.Update(     3600.00000)
Dimr [2026-05-19 15:43:48.405411] #5 >> 16542000.0:    DFlowFM.Update(     3600.00000)
Dimr [2026-05-19 15:43:48.405411] #6 >> 16542000.0:    DFlowFM.Update(     3600.00000)
Dimr [2026-05-19 15:43:48.405411] #7 >> 16542000.0:    DFlowFM.Update(     3600.00000)
** INFO   :           1d 12:00:00          0d 12:00:00          0d  0:15:15          0d  0:05:04        144    75.0%    14.75410
Dimr [2026-05-19 15:44:10.102453] #6 >> TIME LOOP     43200.00000 --  16588800.00000 --  16545600.00000
Dimr [2026-05-19 15:44:10.102481] #6 >> TIME LOOP      3600.00000 --  16588800.00000 --  16545600.00000 --         0.00000 
** INFO   :           1d 12:00:00          0d 12:00:00          0d  0:15:08          0d  0:05:02        144    75.0%    14.75410
Dimr [2026-05-19 15:44:10.104452] #7 >> TIME LOOP     43200.00000 --  16588800.00000 --  16545600.00000
Dimr [2026-05-19 15:44:10.104469] #7 >> TIME LOOP      3600.00000 --  16588800.00000 --  16545600.00000 --         0.00000 
** INFO   :           1d 12:00:00          0d 12:00:00          0d  0:15:14          0d  0:05:04        144    75.0%    14.75410
Dimr [2026-05-19 15:44:10.104544] #5 >> TIME LOOP     43200.00000 --  16588800.00000 --  16545600.00000
Dimr [2026-05-19 15:44:10.104560] #5 >> TIME LOOP      3600.00000 --  16588800.00000 --  16545600.00000 --         0.00000 
** INFO   :           1d 12:00:00          0d 12:00:00          0d  0:15:14          0d  0:05:04        144    75.0%    14.75410
Dimr [2026-05-19 15:44:10.104669] #2 >> TIME LOOP     43200.00000 --  16588800.00000 --  16545600.00000
Dimr [2026-05-19 15:44:10.104695] #2 >> TIME LOOP      3600.00000 --  16588800.00000 --  16545600.00000 --         0.00000 
** INFO   :           1d 12:00:00          0d 12:00:00          0d  0:15:14          0d  0:05:04        144    75.0%    14.75410
Dimr [2026-05-19 15:44:10.104918] #4 >> TIME LOOP     43200.00000 --  16588800.00000 --  16545600.00000
Dimr [2026-05-19 15:44:10.104934] #4 >> TIME LOOP      3600.00000 --  16588800.00000 --  16545600.00000 --         0.00000 
** INFO   :           1d 12:00:00          0d 12:00:00          0d  0:15:08          0d  0:05:02        144    75.0%    14.75410
Dimr [2026-05-19 15:44:10.105484] #1 >> TIME LOOP     43200.00000 --  16588800.00000 --  16545600.00000
Dimr [2026-05-19 15:44:10.105503] #1 >> TIME LOOP      3600.00000 --  16588800.00000 --  16545600.00000 --         0.00000 
** INFO   :           1d 12:00:00          0d 12:00:00          0d  0:15:08          0d  0:05:02        144    75.0%    14.75410
Dimr [2026-05-19 15:44:10.105958] #3 >> TIME LOOP     43200.00000 --  16588800.00000 --  16545600.00000
Dimr [2026-05-19 15:44:10.105973] #3 >> TIME LOOP      3600.00000 --  16588800.00000 --  16545600.00000 --         0.00000 
** INFO   :           1d 12:00:00          0d 12:00:00          0d  0:15:07          0d  0:05:02        144    75.0%    14.75410
Dimr [2026-05-19 15:44:10.106968] #0 >> TIME LOOP     43200.00000 --  16588800.00000 --  16545600.00000
Dimr [2026-05-19 15:44:10.106982] #0 >> TIME LOOP      3600.00000 --  16588800.00000 --  16545600.00000 --         0.00000 
Dimr [2026-05-19 15:44:10.106994] #0 >> Parallel Startgroup: Current time:  16545600.00000 --  16542000.00000
Dimr [2026-05-19 15:44:10.106994] #1 >> Parallel Child: Current time:  16545600.00000 -- 0
Dimr [2026-05-19 15:44:10.106994] #2 >> Parallel Child: Current time:  16545600.00000 -- 0
Dimr [2026-05-19 15:44:10.106994] #3 >> Parallel Child: Current time:  16545600.00000 -- 0
Dimr [2026-05-19 15:44:10.106994] #4 >> Parallel Child: Current time:  16545600.00000 -- 0
Dimr [2026-05-19 15:44:10.106994] #5 >> Parallel Child: Current time:  16545600.00000 -- 0
Dimr [2026-05-19 15:44:10.106994] #6 >> Parallel Child: Current time:  16545600.00000 -- 0
Dimr [2026-05-19 15:44:10.106994] #7 >> Parallel Child: Current time:  16545600.00000 -- 0
Dimr [2026-05-19 15:44:10.107009] #0 >> 16545600.0:    wave.Update(    3600.0)
*****************************************************************
*  Start of Delft3D-WAVE ...
  Start loop over SWAN grids, time =      275760.000 minutes since 20250101.000000
  Allocate input fields
  Allocate and read SWAN depth
  Get flow fields, domain 1 :
  Get flow fields, domain 2 :
  Get flow fields, domain 3 :
  Get flow fields, domain 4 :
  Get flow fields, domain 5 :
  Get flow fields, domain 6 :
  Get flow fields, domain 7 :
  Get flow fields, domain 8 :
  Write SWAN depth file
  Write SWAN velocity file
  Write SWAN wind file
  Write SWAN input
  Using SWAN hotstart file: hot_1_20250711_110000.nc
<<Run SWAN...
>>...Check file swan_sh.log
>>...End of SWAN run
  Allocate output fields
  Read SWAN output
  WARNING: Found negative value(s) for dissip(2) in swanout file;
           value(s) set to zero
  Map WAVE parameters to FLOW grid          1
  Map WAVE parameters to FLOW grid          2
  Map WAVE parameters to FLOW grid          3
  Map WAVE parameters to FLOW grid          4
  Map WAVE parameters to FLOW grid          5
  Map WAVE parameters to FLOW grid          6
  Map WAVE parameters to FLOW grid          7
  Map WAVE parameters to FLOW grid          8
  Deallocate input fields
  Allocate input fields
  Allocate and read SWAN depth
  Get flow fields, domain 1 :
  Get flow fields, domain 2 :
  Get flow fields, domain 3 :
  Get flow fields, domain 4 :
  Get flow fields, domain 5 :
  Get flow fields, domain 6 :
  Get flow fields, domain 7 :
  Get flow fields, domain 8 :
  Write SWAN depth file
  Write SWAN velocity file
  Write SWAN wind file
  Write SWAN input
  Using SWAN hotstart file: hot_2_20250711_110000.nc
<<Run SWAN...
>>...Check file swan_sh.log
>>...End of SWAN run
  Allocate output fields
  Read SWAN output
  WARNING: Found negative value(s) for dissip(2) in swanout file;
           value(s) set to zero
  Map WAVE parameters to FLOW grid          1
  Map WAVE parameters to FLOW grid          2
  Map WAVE parameters to FLOW grid          3
  Map WAVE parameters to FLOW grid          4
  Map WAVE parameters to FLOW grid          5
  Map WAVE parameters to FLOW grid          6
  Map WAVE parameters to FLOW grid          7
  Map WAVE parameters to FLOW grid          8
  Deallocate input fields
  Convert parameters
  Write to com-file
  Convert parameters
  Write to com-file
  Convert parameters
  Write to com-file
  Convert parameters
  Write to com-file
  Convert parameters
  Write to com-file
  Convert parameters
  Write to com-file
  Convert parameters
  Write to com-file
  Convert parameters
  Write to com-file
*  End of Delft3D-WAVE
*****************************************************************
Dimr [2026-05-19 15:44:16.60322] #0 >> Parallel Child: Current time:  16545600.00000 -- 0
Dimr [2026-05-19 15:44:16.60353] #0 >> 16545600.0:    DFlowFM.Update(     3600.00000)
Dimr [2026-05-19 15:44:16.60359] #1 >> 16545600.0:    DFlowFM.Update(     3600.00000)
Dimr [2026-05-19 15:44:16.60359] #2 >> 16545600.0:    DFlowFM.Update(     3600.00000)
Dimr [2026-05-19 15:44:16.60359] #3 >> 16545600.0:    DFlowFM.Update(     3600.00000)
Dimr [2026-05-19 15:44:16.60361] #4 >> 16545600.0:    DFlowFM.Update(     3600.00000)
Dimr [2026-05-19 15:44:16.60361] #5 >> 16545600.0:    DFlowFM.Update(     3600.00000)
Dimr [2026-05-19 15:44:16.60361] #6 >> 16545600.0:    DFlowFM.Update(     3600.00000)
Dimr [2026-05-19 15:44:16.60360] #7 >> 16545600.0:    DFlowFM.Update(     3600.00000)
** INFO   :           1d 13:00:00          0d 11:00:00          0d  0:15:34          0d  0:04:37        132    77.1%    16.74419
Dimr [2026-05-19 15:44:35.505317] #6 >> TIME LOOP     39600.00000 --  16588800.00000 --  16549200.00000
Dimr [2026-05-19 15:44:35.505344] #6 >> TIME LOOP      3600.00000 --  16588800.00000 --  16549200.00000 --         0.00000 
** INFO   :           1d 13:00:00          0d 11:00:00          0d  0:15:33          0d  0:04:37        132    77.1%    16.74419
Dimr [2026-05-19 15:44:35.507517] #5 >> TIME LOOP     39600.00000 --  16588800.00000 --  16549200.00000
Dimr [2026-05-19 15:44:35.507533] #5 >> TIME LOOP      3600.00000 --  16588800.00000 --  16549200.00000 --         0.00000 
** INFO   :           1d 13:00:00          0d 11:00:00          0d  0:15:33          0d  0:04:37        132    77.1%    16.74419
Dimr [2026-05-19 15:44:35.507604] #2 >> TIME LOOP     39600.00000 --  16588800.00000 --  16549200.00000
Dimr [2026-05-19 15:44:35.507632] #2 >> TIME LOOP      3600.00000 --  16588800.00000 --  16549200.00000 --         0.00000 
** INFO   :           1d 13:00:00          0d 11:00:00          0d  0:15:27          0d  0:04:35        132    77.1%    16.74419
Dimr [2026-05-19 15:44:35.507704] #7 >> TIME LOOP     39600.00000 --  16588800.00000 --  16549200.00000
Dimr [2026-05-19 15:44:35.507723] #7 >> TIME LOOP      3600.00000 --  16588800.00000 --  16549200.00000 --         0.00000 
** INFO   :           1d 13:00:00          0d 11:00:00          0d  0:15:33          0d  0:04:37        132    77.1%    16.74419
Dimr [2026-05-19 15:44:35.507916] #4 >> TIME LOOP     39600.00000 --  16588800.00000 --  16549200.00000
Dimr [2026-05-19 15:44:35.507932] #4 >> TIME LOOP      3600.00000 --  16588800.00000 --  16549200.00000 --         0.00000 
** INFO   :           1d 13:00:00          0d 11:00:00          0d  0:15:27          0d  0:04:35        132    77.1%    16.74419
Dimr [2026-05-19 15:44:35.508434] #1 >> TIME LOOP     39600.00000 --  16588800.00000 --  16549200.00000
Dimr [2026-05-19 15:44:35.508452] #1 >> TIME LOOP      3600.00000 --  16588800.00000 --  16549200.00000 --         0.00000 
** INFO   :           1d 13:00:00          0d 11:00:00          0d  0:15:27          0d  0:04:35        132    77.1%    16.74419
Dimr [2026-05-19 15:44:35.508939] #3 >> TIME LOOP     39600.00000 --  16588800.00000 --  16549200.00000
Dimr [2026-05-19 15:44:35.508955] #3 >> TIME LOOP      3600.00000 --  16588800.00000 --  16549200.00000 --         0.00000 
** INFO   :           1d 13:00:00          0d 11:00:00          0d  0:15:26          0d  0:04:35        132    77.1%    16.74419
Dimr [2026-05-19 15:44:35.509863] #0 >> TIME LOOP     39600.00000 --  16588800.00000 --  16549200.00000
Dimr [2026-05-19 15:44:35.509878] #0 >> TIME LOOP      3600.00000 --  16588800.00000 --  16549200.00000 --         0.00000 
Dimr [2026-05-19 15:44:35.509889] #2 >> Parallel Child: Current time:  16549200.00000 -- 0
Dimr [2026-05-19 15:44:35.509890] #5 >> Parallel Child: Current time:  16549200.00000 -- 0
Dimr [2026-05-19 15:44:35.509890] #6 >> Parallel Child: Current time:  16549200.00000 -- 0
Dimr [2026-05-19 15:44:35.509889] #0 >> Parallel Startgroup: Current time:  16549200.00000 --  16545600.00000
Dimr [2026-05-19 15:44:35.509905] #0 >> 16549200.0:    wave.Update(    3600.0)
*****************************************************************
*  Start of Delft3D-WAVE ...
Dimr [2026-05-19 15:44:35.509890] #1 >> Parallel Child: Current time:  16549200.00000 -- 0
Dimr [2026-05-19 15:44:35.509890] #3 >> Parallel Child: Current time:  16549200.00000 -- 0
Dimr [2026-05-19 15:44:35.509890] #4 >> Parallel Child: Current time:  16549200.00000 -- 0
Dimr [2026-05-19 15:44:35.509890] #7 >> Parallel Child: Current time:  16549200.00000 -- 0
  Start loop over SWAN grids, time =      275820.000 minutes since 20250101.000000
  Allocate input fields
  Allocate and read SWAN depth
  Get flow fields, domain 1 :
  Get flow fields, domain 2 :
  Get flow fields, domain 3 :
  Get flow fields, domain 4 :
  Get flow fields, domain 5 :
  Get flow fields, domain 6 :
  Get flow fields, domain 7 :
  Get flow fields, domain 8 :
  Write SWAN depth file
  Write SWAN velocity file
  Write SWAN wind file
  Write SWAN input
  Using SWAN hotstart file: hot_1_20250711_120000.nc
<<Run SWAN...
>>...Check file swan_sh.log
>>...End of SWAN run
  Allocate output fields
  Read SWAN output
  WARNING: Found negative value(s) for dissip(2) in swanout file;
           value(s) set to zero
  Map WAVE parameters to FLOW grid          1
  Map WAVE parameters to FLOW grid          2
  Map WAVE parameters to FLOW grid          3
  Map WAVE parameters to FLOW grid          4
  Map WAVE parameters to FLOW grid          5
  Map WAVE parameters to FLOW grid          6
  Map WAVE parameters to FLOW grid          7
  Map WAVE parameters to FLOW grid          8
  Deallocate input fields
  Allocate input fields
  Allocate and read SWAN depth
  Get flow fields, domain 1 :
  Get flow fields, domain 2 :
  Get flow fields, domain 3 :
  Get flow fields, domain 4 :
  Get flow fields, domain 5 :
  Get flow fields, domain 6 :
  Get flow fields, domain 7 :
  Get flow fields, domain 8 :
  Write SWAN depth file
  Write SWAN velocity file
  Write SWAN wind file
  Write SWAN input
  Using SWAN hotstart file: hot_2_20250711_120000.nc
<<Run SWAN...
>>...Check file swan_sh.log
>>...End of SWAN run
  Allocate output fields
  Read SWAN output
  WARNING: Found negative value(s) for dissip(2) in swanout file;
           value(s) set to zero
  Map WAVE parameters to FLOW grid          1
  Map WAVE parameters to FLOW grid          2
  Map WAVE parameters to FLOW grid          3
  Map WAVE parameters to FLOW grid          4
  Map WAVE parameters to FLOW grid          5
  Map WAVE parameters to FLOW grid          6
  Map WAVE parameters to FLOW grid          7
  Map WAVE parameters to FLOW grid          8
  Deallocate input fields
  Convert parameters
  Write to com-file
  Convert parameters
  Write to com-file
  Convert parameters
  Write to com-file
  Convert parameters
  Write to com-file
  Convert parameters
  Write to com-file
  Convert parameters
  Write to com-file
  Convert parameters
  Write to com-file
  Convert parameters
  Write to com-file
*  End of Delft3D-WAVE
*****************************************************************
Dimr [2026-05-19 15:44:40.588959] #0 >> Parallel Child: Current time:  16549200.00000 -- 0
Dimr [2026-05-19 15:44:40.588989] #0 >> 16549200.0:    DFlowFM.Update(     3600.00000)
Dimr [2026-05-19 15:44:40.588999] #1 >> 16549200.0:    DFlowFM.Update(     3600.00000)
Dimr [2026-05-19 15:44:40.589005] #2 >> 16549200.0:    DFlowFM.Update(     3600.00000)
Dimr [2026-05-19 15:44:40.588996] #3 >> 16549200.0:    DFlowFM.Update(     3600.00000)
Dimr [2026-05-19 15:44:40.588999] #4 >> 16549200.0:    DFlowFM.Update(     3600.00000)
Dimr [2026-05-19 15:44:40.588999] #5 >> 16549200.0:    DFlowFM.Update(     3600.00000)
Dimr [2026-05-19 15:44:40.588999] #6 >> 16549200.0:    DFlowFM.Update(     3600.00000)
Dimr [2026-05-19 15:44:40.588999] #7 >> 16549200.0:    DFlowFM.Update(     3600.00000)
** INFO   :           1d 14:00:00          0d 10:00:00          0d  0:15:50          0d  0:04:09        120    79.2%    20.00000
Dimr [2026-05-19 15:44:56.979099] #6 >> TIME LOOP     36000.00000 --  16588800.00000 --  16552800.00000
Dimr [2026-05-19 15:44:56.979127] #6 >> TIME LOOP      3600.00000 --  16588800.00000 --  16552800.00000 --         0.00000 
** INFO   :           1d 14:00:00          0d 10:00:00          0d  0:15:49          0d  0:04:09        120    79.2%    20.00000
** INFO   :           1d 14:00:00          0d 10:00:00          0d  0:15:43          0d  0:04:08        120    79.2%    20.00000
Dimr [2026-05-19 15:44:56.981199] #7 >> TIME LOOP     36000.00000 --  16588800.00000 --  16552800.00000
Dimr [2026-05-19 15:44:56.981217] #7 >> TIME LOOP      3600.00000 --  16588800.00000 --  16552800.00000 --         0.00000 
Dimr [2026-05-19 15:44:56.981228] #2 >> TIME LOOP     36000.00000 --  16588800.00000 --  16552800.00000
Dimr [2026-05-19 15:44:56.981254] #2 >> TIME LOOP      3600.00000 --  16588800.00000 --  16552800.00000 --         0.00000 
** INFO   :           1d 14:00:00          0d 10:00:00          0d  0:15:49          0d  0:04:09        120    79.2%    20.00000
Dimr [2026-05-19 15:44:56.981336] #5 >> TIME LOOP     36000.00000 --  16588800.00000 --  16552800.00000
Dimr [2026-05-19 15:44:56.981351] #5 >> TIME LOOP      3600.00000 --  16588800.00000 --  16552800.00000 --         0.00000 
** INFO   :           1d 14:00:00          0d 10:00:00          0d  0:15:49          0d  0:04:09        120    79.2%    20.00000
Dimr [2026-05-19 15:44:56.981651] #4 >> TIME LOOP     36000.00000 --  16588800.00000 --  16552800.00000
Dimr [2026-05-19 15:44:56.981667] #4 >> TIME LOOP      3600.00000 --  16588800.00000 --  16552800.00000 --         0.00000 
** INFO   :           1d 14:00:00          0d 10:00:00          0d  0:15:42          0d  0:04:07        120    79.2%    20.00000
Dimr [2026-05-19 15:44:56.982117] #1 >> TIME LOOP     36000.00000 --  16588800.00000 --  16552800.00000
Dimr [2026-05-19 15:44:56.982135] #1 >> TIME LOOP      3600.00000 --  16588800.00000 --  16552800.00000 --         0.00000 
** INFO   :           1d 14:00:00          0d 10:00:00          0d  0:15:42          0d  0:04:07        120    79.2%    20.00000
Dimr [2026-05-19 15:44:56.982538] #3 >> TIME LOOP     36000.00000 --  16588800.00000 --  16552800.00000
Dimr [2026-05-19 15:44:56.982554] #3 >> TIME LOOP      3600.00000 --  16588800.00000 --  16552800.00000 --         0.00000 
** INFO   :           1d 14:00:00          0d 10:00:00          0d  0:15:42          0d  0:04:07        120    79.2%    20.00000
Dimr [2026-05-19 15:44:56.983520] #0 >> TIME LOOP     36000.00000 --  16588800.00000 --  16552800.00000
Dimr [2026-05-19 15:44:56.983535] #0 >> TIME LOOP      3600.00000 --  16588800.00000 --  16552800.00000 --         0.00000 
Dimr [2026-05-19 15:44:56.983546] #0 >> Parallel Startgroup: Current time:  16552800.00000 --  16549200.00000
Dimr [2026-05-19 15:44:56.983559] #0 >> 16552800.0:    wave.Update(    3600.0)
*****************************************************************
*  Start of Delft3D-WAVE ...
Dimr [2026-05-19 15:44:56.983546] #1 >> Parallel Child: Current time:  16552800.00000 -- 0
Dimr [2026-05-19 15:44:56.983546] #2 >> Parallel Child: Current time:  16552800.00000 -- 0
Dimr [2026-05-19 15:44:56.983547] #3 >> Parallel Child: Current time:  16552800.00000 -- 0
Dimr [2026-05-19 15:44:56.983547] #4 >> Parallel Child: Current time:  16552800.00000 -- 0
Dimr [2026-05-19 15:44:56.983546] #5 >> Parallel Child: Current time:  16552800.00000 -- 0
Dimr [2026-05-19 15:44:56.983546] #6 >> Parallel Child: Current time:  16552800.00000 -- 0
Dimr [2026-05-19 15:44:56.983546] #7 >> Parallel Child: Current time:  16552800.00000 -- 0
  Start loop over SWAN grids, time =      275880.000 minutes since 20250101.000000
  Allocate input fields
  Allocate and read SWAN depth
  Get flow fields, domain 1 :
  Get flow fields, domain 2 :
  Get flow fields, domain 3 :
  Get flow fields, domain 4 :
  Get flow fields, domain 5 :
  Get flow fields, domain 6 :
  Get flow fields, domain 7 :
  Get flow fields, domain 8 :
  Write SWAN depth file
  Write SWAN velocity file
  Write SWAN wind file
  Write SWAN input
  Using SWAN hotstart file: hot_1_20250711_130000.nc
<<Run SWAN...
>>...Check file swan_sh.log
>>...End of SWAN run
  Allocate output fields
  Read SWAN output
  Map WAVE parameters to FLOW grid          1
  Map WAVE parameters to FLOW grid          2
  Map WAVE parameters to FLOW grid          3
  Map WAVE parameters to FLOW grid          4
  Map WAVE parameters to FLOW grid          5
  Map WAVE parameters to FLOW grid          6
  Map WAVE parameters to FLOW grid          7
  Map WAVE parameters to FLOW grid          8
  Deallocate input fields
  Allocate input fields
  Allocate and read SWAN depth
  Get flow fields, domain 1 :
  Get flow fields, domain 2 :
  Get flow fields, domain 3 :
  Get flow fields, domain 4 :
  Get flow fields, domain 5 :
  Get flow fields, domain 6 :
  Get flow fields, domain 7 :
  Get flow fields, domain 8 :
  Write SWAN depth file
  Write SWAN velocity file
  Write SWAN wind file
  Write SWAN input
  Using SWAN hotstart file: hot_2_20250711_130000.nc
<<Run SWAN...
>>...Check file swan_sh.log
>>...End of SWAN run
  Allocate output fields
  Read SWAN output
  WARNING: Found negative value(s) for dissip(2) in swanout file;
           value(s) set to zero
  Map WAVE parameters to FLOW grid          1
  Map WAVE parameters to FLOW grid          2
  Map WAVE parameters to FLOW grid          3
  Map WAVE parameters to FLOW grid          4
  Map WAVE parameters to FLOW grid          5
  Map WAVE parameters to FLOW grid          6
  Map WAVE parameters to FLOW grid          7
  Map WAVE parameters to FLOW grid          8
  Deallocate input fields
  Convert parameters
  Write to com-file
  Convert parameters
  Write to com-file
  Convert parameters
  Write to com-file
  Convert parameters
  Write to com-file
  Convert parameters
  Write to com-file
  Convert parameters
  Write to com-file
  Convert parameters
  Write to com-file
  Convert parameters
  Write to com-file
*  End of Delft3D-WAVE
*****************************************************************
Dimr [2026-05-19 15:45:02.177697] #0 >> Parallel Child: Current time:  16552800.00000 -- 0
Dimr [2026-05-19 15:45:02.177733] #0 >> 16552800.0:    DFlowFM.Update(     3600.00000)
Dimr [2026-05-19 15:45:02.177739] #1 >> 16552800.0:    DFlowFM.Update(     3600.00000)
Dimr [2026-05-19 15:45:02.177739] #2 >> 16552800.0:    DFlowFM.Update(     3600.00000)
Dimr [2026-05-19 15:45:02.177739] #3 >> 16552800.0:    DFlowFM.Update(     3600.00000)
Dimr [2026-05-19 15:45:02.177740] #4 >> 16552800.0:    DFlowFM.Update(     3600.00000)
Dimr [2026-05-19 15:45:02.177739] #5 >> 16552800.0:    DFlowFM.Update(     3600.00000)
Dimr [2026-05-19 15:45:02.177740] #6 >> 16552800.0:    DFlowFM.Update(     3600.00000)
Dimr [2026-05-19 15:45:02.177740] #7 >> 16552800.0:    DFlowFM.Update(     3600.00000)
** INFO   :           1d 15:00:00          0d  9:00:00          0d  0:16:03          0d  0:03:42        108    81.3%    23.37662
Dimr [2026-05-19 15:45:16.339281] #6 >> TIME LOOP     32400.00000 --  16588800.00000 --  16556400.00000
Dimr [2026-05-19 15:45:16.339308] #6 >> TIME LOOP      3600.00000 --  16588800.00000 --  16556400.00000 --         0.00000 
** INFO   :           1d 15:00:00          0d  9:00:00          0d  0:15:57          0d  0:03:40        108    81.3%    23.37662
Dimr [2026-05-19 15:45:16.341207] #7 >> TIME LOOP     32400.00000 --  16588800.00000 --  16556400.00000
Dimr [2026-05-19 15:45:16.341223] #7 >> TIME LOOP      3600.00000 --  16588800.00000 --  16556400.00000 --         0.00000 
** INFO   :           1d 15:00:00          0d  9:00:00          0d  0:16:03          0d  0:03:42        108    81.3%    23.37662
Dimr [2026-05-19 15:45:16.341474] #2 >> TIME LOOP     32400.00000 --  16588800.00000 --  16556400.00000
Dimr [2026-05-19 15:45:16.341500] #2 >> TIME LOOP      3600.00000 --  16588800.00000 --  16556400.00000 --         0.00000 
** INFO   :           1d 15:00:00          0d  9:00:00          0d  0:16:03          0d  0:03:42        108    81.3%    23.37662
Dimr [2026-05-19 15:45:16.341482] #5 >> TIME LOOP     32400.00000 --  16588800.00000 --  16556400.00000
Dimr [2026-05-19 15:45:16.341496] #5 >> TIME LOOP      3600.00000 --  16588800.00000 --  16556400.00000 --         0.00000 
** INFO   :           1d 15:00:00          0d  9:00:00          0d  0:16:03          0d  0:03:42        108    81.3%    23.37662
Dimr [2026-05-19 15:45:16.341798] #4 >> TIME LOOP     32400.00000 --  16588800.00000 --  16556400.00000
Dimr [2026-05-19 15:45:16.341814] #4 >> TIME LOOP      3600.00000 --  16588800.00000 --  16556400.00000 --         0.00000 
** INFO   :           1d 15:00:00          0d  9:00:00          0d  0:15:56          0d  0:03:40        108    81.3%    23.37662
Dimr [2026-05-19 15:45:16.342399] #1 >> TIME LOOP     32400.00000 --  16588800.00000 --  16556400.00000
Dimr [2026-05-19 15:45:16.342418] #1 >> TIME LOOP      3600.00000 --  16588800.00000 --  16556400.00000 --         0.00000 
** INFO   :           1d 15:00:00          0d  9:00:00          0d  0:15:56          0d  0:03:40        108    81.3%    23.37662
Dimr [2026-05-19 15:45:16.342798] #3 >> TIME LOOP     32400.00000 --  16588800.00000 --  16556400.00000
Dimr [2026-05-19 15:45:16.342814] #3 >> TIME LOOP      3600.00000 --  16588800.00000 --  16556400.00000 --         0.00000 
** INFO   :           1d 15:00:00          0d  9:00:00          0d  0:15:55          0d  0:03:40        108    81.3%    23.37662
Dimr [2026-05-19 15:45:16.343884] #0 >> TIME LOOP     32400.00000 --  16588800.00000 --  16556400.00000
Dimr [2026-05-19 15:45:16.343899] #0 >> TIME LOOP      3600.00000 --  16588800.00000 --  16556400.00000 --         0.00000 
Dimr [2026-05-19 15:45:16.343912] #5 >> Parallel Child: Current time:  16556400.00000 -- 0
Dimr [2026-05-19 15:45:16.343912] #6 >> Parallel Child: Current time:  16556400.00000 -- 0
Dimr [2026-05-19 15:45:16.343911] #0 >> Parallel Startgroup: Current time:  16556400.00000 --  16552800.00000
Dimr [2026-05-19 15:45:16.343928] #0 >> 16556400.0:    wave.Update(    3600.0)
*****************************************************************
*  Start of Delft3D-WAVE ...
Dimr [2026-05-19 15:45:16.343912] #1 >> Parallel Child: Current time:  16556400.00000 -- 0
Dimr [2026-05-19 15:45:16.343911] #2 >> Parallel Child: Current time:  16556400.00000 -- 0
Dimr [2026-05-19 15:45:16.343911] #3 >> Parallel Child: Current time:  16556400.00000 -- 0
Dimr [2026-05-19 15:45:16.343912] #4 >> Parallel Child: Current time:  16556400.00000 -- 0
Dimr [2026-05-19 15:45:16.343912] #7 >> Parallel Child: Current time:  16556400.00000 -- 0
  Start loop over SWAN grids, time =      275940.000 minutes since 20250101.000000
  Allocate input fields
  Allocate and read SWAN depth
  Get flow fields, domain 1 :
  Get flow fields, domain 2 :
  Get flow fields, domain 3 :
  Get flow fields, domain 4 :
  Get flow fields, domain 5 :
  Get flow fields, domain 6 :
  Get flow fields, domain 7 :
  Get flow fields, domain 8 :
  Write SWAN depth file
  Write SWAN velocity file
  Write SWAN wind file
  Write SWAN input
  Using SWAN hotstart file: hot_1_20250711_140000.nc
<<Run SWAN...
>>...Check file swan_sh.log
>>...End of SWAN run
  Allocate output fields
  Read SWAN output
  WARNING: Found negative value(s) for dissip(2) in swanout file;
           value(s) set to zero
  Map WAVE parameters to FLOW grid          1
  Map WAVE parameters to FLOW grid          2
  Map WAVE parameters to FLOW grid          3
  Map WAVE parameters to FLOW grid          4
  Map WAVE parameters to FLOW grid          5
  Map WAVE parameters to FLOW grid          6
  Map WAVE parameters to FLOW grid          7
  Map WAVE parameters to FLOW grid          8
  Deallocate input fields
  Allocate input fields
  Allocate and read SWAN depth
  Get flow fields, domain 1 :
  Get flow fields, domain 2 :
  Get flow fields, domain 3 :
  Get flow fields, domain 4 :
  Get flow fields, domain 5 :
  Get flow fields, domain 6 :
  Get flow fields, domain 7 :
  Get flow fields, domain 8 :
  Write SWAN depth file
  Write SWAN velocity file
  Write SWAN wind file
  Write SWAN input
  Using SWAN hotstart file: hot_2_20250711_140000.nc
<<Run SWAN...
>>...Check file swan_sh.log
>>...End of SWAN run
  Allocate output fields
  Read SWAN output
  WARNING: Found negative value(s) for dissip(2) in swanout file;
           value(s) set to zero
  Map WAVE parameters to FLOW grid          1
  Map WAVE parameters to FLOW grid          2
  Map WAVE parameters to FLOW grid          3
  Map WAVE parameters to FLOW grid          4
  Map WAVE parameters to FLOW grid          5
  Map WAVE parameters to FLOW grid          6
  Map WAVE parameters to FLOW grid          7
  Map WAVE parameters to FLOW grid          8
  Deallocate input fields
  Convert parameters
  Write to com-file
  Convert parameters
  Write to com-file
  Convert parameters
  Write to com-file
  Convert parameters
  Write to com-file
  Convert parameters
  Write to com-file
  Convert parameters
  Write to com-file
  Convert parameters
  Write to com-file
  Convert parameters
  Write to com-file
*  End of Delft3D-WAVE
*****************************************************************
Dimr [2026-05-19 15:45:21.546900] #0 >> Parallel Child: Current time:  16556400.00000 -- 0
Dimr [2026-05-19 15:45:21.546930] #0 >> 16556400.0:    DFlowFM.Update(     3600.00000)
Dimr [2026-05-19 15:45:21.546937] #1 >> 16556400.0:    DFlowFM.Update(     3600.00000)
Dimr [2026-05-19 15:45:21.546937] #2 >> 16556400.0:    DFlowFM.Update(     3600.00000)
Dimr [2026-05-19 15:45:21.546937] #3 >> 16556400.0:    DFlowFM.Update(     3600.00000)
Dimr [2026-05-19 15:45:21.546939] #4 >> 16556400.0:    DFlowFM.Update(     3600.00000)
Dimr [2026-05-19 15:45:21.546944] #5 >> 16556400.0:    DFlowFM.Update(     3600.00000)
Dimr [2026-05-19 15:45:21.546939] #6 >> 16556400.0:    DFlowFM.Update(     3600.00000)
Dimr [2026-05-19 15:45:21.546939] #7 >> 16556400.0:    DFlowFM.Update(     3600.00000)
** INFO   :           1d 16:00:00          0d  8:00:00          0d  0:16:17          0d  0:03:15         96    83.4%    23.68421
Dimr [2026-05-19 15:45:35.595411] #6 >> TIME LOOP     28800.00000 --  16588800.00000 --  16560000.00000
Dimr [2026-05-19 15:45:35.595439] #6 >> TIME LOOP      3600.00000 --  16588800.00000 --  16560000.00000 --         0.00000 
** INFO   :           1d 16:00:00          0d  8:00:00          0d  0:16:10          0d  0:03:14         96    83.4%    23.68421
Dimr [2026-05-19 15:45:35.597391] #7 >> TIME LOOP     28800.00000 --  16588800.00000 --  16560000.00000
Dimr [2026-05-19 15:45:35.597407] #7 >> TIME LOOP      3600.00000 --  16588800.00000 --  16560000.00000 --         0.00000 
** INFO   :           1d 16:00:00          0d  8:00:00          0d  0:16:16          0d  0:03:15         96    83.4%    23.68421
Dimr [2026-05-19 15:45:35.597513] #5 >> TIME LOOP     28800.00000 --  16588800.00000 --  16560000.00000
Dimr [2026-05-19 15:45:35.597527] #5 >> TIME LOOP      3600.00000 --  16588800.00000 --  16560000.00000 --         0.00000 
** INFO   :           1d 16:00:00          0d  8:00:00          0d  0:16:16          0d  0:03:15         96    83.4%    23.68421
Dimr [2026-05-19 15:45:35.597663] #2 >> TIME LOOP     28800.00000 --  16588800.00000 --  16560000.00000
Dimr [2026-05-19 15:45:35.597688] #2 >> TIME LOOP      3600.00000 --  16588800.00000 --  16560000.00000 --         0.00000 
** INFO   :           1d 16:00:00          0d  8:00:00          0d  0:16:16          0d  0:03:15         96    83.4%    23.68421
Dimr [2026-05-19 15:45:35.597882] #4 >> TIME LOOP     28800.00000 --  16588800.00000 --  16560000.00000
Dimr [2026-05-19 15:45:35.597899] #4 >> TIME LOOP      3600.00000 --  16588800.00000 --  16560000.00000 --         0.00000 
** INFO   :           1d 16:00:00          0d  8:00:00          0d  0:16:09          0d  0:03:13         96    83.4%    23.68421
Dimr [2026-05-19 15:45:35.598455] #1 >> TIME LOOP     28800.00000 --  16588800.00000 --  16560000.00000
Dimr [2026-05-19 15:45:35.598474] #1 >> TIME LOOP      3600.00000 --  16588800.00000 --  16560000.00000 --         0.00000 
** INFO   :           1d 16:00:00          0d  8:00:00          0d  0:16:09          0d  0:03:13         96    83.4%    23.68421
Dimr [2026-05-19 15:45:35.599390] #3 >> TIME LOOP     28800.00000 --  16588800.00000 --  16560000.00000
Dimr [2026-05-19 15:45:35.599406] #3 >> TIME LOOP      3600.00000 --  16588800.00000 --  16560000.00000 --         0.00000 
** INFO   :           1d 16:00:00          0d  8:00:00          0d  0:16:09          0d  0:03:13         96    83.4%    23.68421
Dimr [2026-05-19 15:45:35.599972] #0 >> TIME LOOP     28800.00000 --  16588800.00000 --  16560000.00000
Dimr [2026-05-19 15:45:35.599987] #0 >> TIME LOOP      3600.00000 --  16588800.00000 --  16560000.00000 --         0.00000 
Dimr [2026-05-19 15:45:35.599998] #0 >> Parallel Startgroup: Current time:  16560000.00000 --  16556400.00000
Dimr [2026-05-19 15:45:35.599999] #1 >> Parallel Child: Current time:  16560000.00000 -- 0
Dimr [2026-05-19 15:45:35.599999] #2 >> Parallel Child: Current time:  16560000.00000 -- 0
Dimr [2026-05-19 15:45:35.599999] #3 >> Parallel Child: Current time:  16560000.00000 -- 0
Dimr [2026-05-19 15:45:35.599999] #4 >> Parallel Child: Current time:  16560000.00000 -- 0
Dimr [2026-05-19 15:45:35.599999] #5 >> Parallel Child: Current time:  16560000.00000 -- 0
Dimr [2026-05-19 15:45:35.599999] #6 >> Parallel Child: Current time:  16560000.00000 -- 0
Dimr [2026-05-19 15:45:35.599999] #7 >> Parallel Child: Current time:  16560000.00000 -- 0
Dimr [2026-05-19 15:45:35.600013] #0 >> 16560000.0:    wave.Update(    3600.0)
*****************************************************************
*  Start of Delft3D-WAVE ...
  Start loop over SWAN grids, time =      276000.000 minutes since 20250101.000000
  Allocate input fields
  Allocate and read SWAN depth
  Get flow fields, domain 1 :
  Get flow fields, domain 2 :
  Get flow fields, domain 3 :
  Get flow fields, domain 4 :
  Get flow fields, domain 5 :
  Get flow fields, domain 6 :
  Get flow fields, domain 7 :
  Get flow fields, domain 8 :
  Write SWAN depth file
  Write SWAN velocity file
  Write SWAN wind file
  Write SWAN input
  Using SWAN hotstart file: hot_1_20250711_150000.nc
<<Run SWAN...
>>...Check file swan_sh.log
>>...End of SWAN run
  Allocate output fields
  Read SWAN output
  Map WAVE parameters to FLOW grid          1
  Map WAVE parameters to FLOW grid          2
  Map WAVE parameters to FLOW grid          3
  Map WAVE parameters to FLOW grid          4
  Map WAVE parameters to FLOW grid          5
  Map WAVE parameters to FLOW grid          6
  Map WAVE parameters to FLOW grid          7
  Map WAVE parameters to FLOW grid          8
  Deallocate input fields
  Allocate input fields
  Allocate and read SWAN depth
  Get flow fields, domain 1 :
  Get flow fields, domain 2 :
  Get flow fields, domain 3 :
  Get flow fields, domain 4 :
  Get flow fields, domain 5 :
  Get flow fields, domain 6 :
  Get flow fields, domain 7 :
  Get flow fields, domain 8 :
  Write SWAN depth file
  Write SWAN velocity file
  Write SWAN wind file
  Write SWAN input
  Using SWAN hotstart file: hot_2_20250711_150000.nc
<<Run SWAN...
>>...Check file swan_sh.log
>>...End of SWAN run
  Allocate output fields
  Read SWAN output
  WARNING: Found negative value(s) for dissip(2) in swanout file;
           value(s) set to zero
  Map WAVE parameters to FLOW grid          1
  Map WAVE parameters to FLOW grid          2
  Map WAVE parameters to FLOW grid          3
  Map WAVE parameters to FLOW grid          4
  Map WAVE parameters to FLOW grid          5
  Map WAVE parameters to FLOW grid          6
  Map WAVE parameters to FLOW grid          7
  Map WAVE parameters to FLOW grid          8
  Deallocate input fields
  Convert parameters
  Write to com-file
  Convert parameters
  Write to com-file
  Convert parameters
  Write to com-file
  Convert parameters
  Write to com-file
  Convert parameters
  Write to com-file
  Convert parameters
  Write to com-file
  Convert parameters
  Write to com-file
  Convert parameters
  Write to com-file
*  End of Delft3D-WAVE
*****************************************************************
Dimr [2026-05-19 15:45:40.785033] #0 >> Parallel Child: Current time:  16560000.00000 -- 0
Dimr [2026-05-19 15:45:40.785063] #0 >> 16560000.0:    DFlowFM.Update(     3600.00000)
Dimr [2026-05-19 15:45:40.785069] #1 >> 16560000.0:    DFlowFM.Update(     3600.00000)
Dimr [2026-05-19 15:45:40.785075] #2 >> 16560000.0:    DFlowFM.Update(     3600.00000)
Dimr [2026-05-19 15:45:40.785069] #3 >> 16560000.0:    DFlowFM.Update(     3600.00000)
Dimr [2026-05-19 15:45:40.785071] #4 >> 16560000.0:    DFlowFM.Update(     3600.00000)
Dimr [2026-05-19 15:45:40.785071] #5 >> 16560000.0:    DFlowFM.Update(     3600.00000)
Dimr [2026-05-19 15:45:40.785071] #6 >> 16560000.0:    DFlowFM.Update(     3600.00000)
Dimr [2026-05-19 15:45:40.785071] #7 >> 16560000.0:    DFlowFM.Update(     3600.00000)
** INFO   :           1d 17:00:00          0d  7:00:00          0d  0:16:31          0d  0:02:49         84    85.4%    23.07692
Dimr [2026-05-19 15:45:55.241358] #6 >> TIME LOOP     25200.00000 --  16588800.00000 --  16563600.00000
Dimr [2026-05-19 15:45:55.241387] #6 >> TIME LOOP      3600.00000 --  16588800.00000 --  16563600.00000 --         0.00000 
** INFO   :           1d 17:00:00          0d  7:00:00          0d  0:16:24          0d  0:02:48         84    85.4%    23.07692
Dimr [2026-05-19 15:45:55.243465] #7 >> TIME LOOP     25200.00000 --  16588800.00000 --  16563600.00000
Dimr [2026-05-19 15:45:55.243482] #7 >> TIME LOOP      3600.00000 --  16588800.00000 --  16563600.00000 --         0.00000 
** INFO   :           1d 17:00:00          0d  7:00:00          0d  0:16:30          0d  0:02:49         84    85.4%    23.07692
Dimr [2026-05-19 15:45:55.243580] #2 >> TIME LOOP     25200.00000 --  16588800.00000 --  16563600.00000
Dimr [2026-05-19 15:45:55.243604] #2 >> TIME LOOP      3600.00000 --  16588800.00000 --  16563600.00000 --         0.00000 
** INFO   :           1d 17:00:00          0d  7:00:00          0d  0:16:30          0d  0:02:49         84    85.4%    23.07692
Dimr [2026-05-19 15:45:55.243571] #5 >> TIME LOOP     25200.00000 --  16588800.00000 --  16563600.00000
Dimr [2026-05-19 15:45:55.243585] #5 >> TIME LOOP      3600.00000 --  16588800.00000 --  16563600.00000 --         0.00000 
** INFO   :           1d 17:00:00          0d  7:00:00          0d  0:16:30          0d  0:02:49         84    85.4%    23.07692
Dimr [2026-05-19 15:45:55.243933] #4 >> TIME LOOP     25200.00000 --  16588800.00000 --  16563600.00000
Dimr [2026-05-19 15:45:55.243949] #4 >> TIME LOOP      3600.00000 --  16588800.00000 --  16563600.00000 --         0.00000 
** INFO   :           1d 17:00:00          0d  7:00:00          0d  0:16:23          0d  0:02:48         84    85.4%    23.07692
Dimr [2026-05-19 15:45:55.244495] #1 >> TIME LOOP     25200.00000 --  16588800.00000 --  16563600.00000
Dimr [2026-05-19 15:45:55.244514] #1 >> TIME LOOP      3600.00000 --  16588800.00000 --  16563600.00000 --         0.00000 
** INFO   :           1d 17:00:00          0d  7:00:00          0d  0:16:23          0d  0:02:48         84    85.4%    23.07692
Dimr [2026-05-19 15:45:55.244886] #3 >> TIME LOOP     25200.00000 --  16588800.00000 --  16563600.00000
Dimr [2026-05-19 15:45:55.244902] #3 >> TIME LOOP      3600.00000 --  16588800.00000 --  16563600.00000 --         0.00000 
** INFO   :           1d 17:00:00          0d  7:00:00          0d  0:16:22          0d  0:02:47         84    85.4%    23.07692
Dimr [2026-05-19 15:45:55.245911] #0 >> TIME LOOP     25200.00000 --  16588800.00000 --  16563600.00000
Dimr [2026-05-19 15:45:55.245926] #0 >> TIME LOOP      3600.00000 --  16588800.00000 --  16563600.00000 --         0.00000 
Dimr [2026-05-19 15:45:55.245938] #4 >> Parallel Child: Current time:  16563600.00000 -- 0
Dimr [2026-05-19 15:45:55.245938] #5 >> Parallel Child: Current time:  16563600.00000 -- 0
Dimr [2026-05-19 15:45:55.245938] #6 >> Parallel Child: Current time:  16563600.00000 -- 0
Dimr [2026-05-19 15:45:55.245938] #7 >> Parallel Child: Current time:  16563600.00000 -- 0
Dimr [2026-05-19 15:45:55.245938] #0 >> Parallel Startgroup: Current time:  16563600.00000 --  16560000.00000
Dimr [2026-05-19 15:45:55.245954] #0 >> 16563600.0:    wave.Update(    3600.0)
*****************************************************************
*  Start of Delft3D-WAVE ...
  Start loop over SWAN grids, time =      276060.000 minutes since 20250101.000000
  Allocate input fields
Dimr [2026-05-19 15:45:55.245938] #1 >> Parallel Child: Current time:  16563600.00000 -- 0
Dimr [2026-05-19 15:45:55.245938] #2 >> Parallel Child: Current time:  16563600.00000 -- 0
Dimr [2026-05-19 15:45:55.245938] #3 >> Parallel Child: Current time:  16563600.00000 -- 0
  Allocate and read SWAN depth
  Get flow fields, domain 1 :
  Get flow fields, domain 2 :
  Get flow fields, domain 3 :
  Get flow fields, domain 4 :
  Get flow fields, domain 5 :
  Get flow fields, domain 6 :
  Get flow fields, domain 7 :
  Get flow fields, domain 8 :
  Write SWAN depth file
  Write SWAN velocity file
  Write SWAN wind file
  Write SWAN input
  Using SWAN hotstart file: hot_1_20250711_160000.nc
<<Run SWAN...
>>...Check file swan_sh.log
>>...End of SWAN run
  Allocate output fields
  Read SWAN output
  Map WAVE parameters to FLOW grid          1
  Map WAVE parameters to FLOW grid          2
  Map WAVE parameters to FLOW grid          3
  Map WAVE parameters to FLOW grid          4
  Map WAVE parameters to FLOW grid          5
  Map WAVE parameters to FLOW grid          6
  Map WAVE parameters to FLOW grid          7
  Map WAVE parameters to FLOW grid          8
  Deallocate input fields
  Allocate input fields
  Allocate and read SWAN depth
  Get flow fields, domain 1 :
  Get flow fields, domain 2 :
  Get flow fields, domain 3 :
  Get flow fields, domain 4 :
  Get flow fields, domain 5 :
  Get flow fields, domain 6 :
  Get flow fields, domain 7 :
  Get flow fields, domain 8 :
  Write SWAN depth file
  Write SWAN velocity file
  Write SWAN wind file
  Write SWAN input
  Using SWAN hotstart file: hot_2_20250711_160000.nc
<<Run SWAN...
>>...Check file swan_sh.log
>>...End of SWAN run
  Allocate output fields
  Read SWAN output
  WARNING: Found negative value(s) for dissip(2) in swanout file;
           value(s) set to zero
  Map WAVE parameters to FLOW grid          1
  Map WAVE parameters to FLOW grid          2
  Map WAVE parameters to FLOW grid          3
  Map WAVE parameters to FLOW grid          4
  Map WAVE parameters to FLOW grid          5
  Map WAVE parameters to FLOW grid          6
  Map WAVE parameters to FLOW grid          7
  Map WAVE parameters to FLOW grid          8
  Deallocate input fields
  Convert parameters
  Write to com-file
  Convert parameters
  Write to com-file
  Convert parameters
  Write to com-file
  Convert parameters
  Write to com-file
  Convert parameters
  Write to com-file
  Convert parameters
  Write to com-file
  Convert parameters
  Write to com-file
  Convert parameters
  Write to com-file
*  End of Delft3D-WAVE
*****************************************************************
Dimr [2026-05-19 15:46:00.452470] #0 >> Parallel Child: Current time:  16563600.00000 -- 0
Dimr [2026-05-19 15:46:00.452502] #0 >> 16563600.0:    DFlowFM.Update(     3600.00000)
Dimr [2026-05-19 15:46:00.452509] #1 >> 16563600.0:    DFlowFM.Update(     3600.00000)
Dimr [2026-05-19 15:46:00.452510] #2 >> 16563600.0:    DFlowFM.Update(     3600.00000)
Dimr [2026-05-19 15:46:00.452509] #3 >> 16563600.0:    DFlowFM.Update(     3600.00000)
Dimr [2026-05-19 15:46:00.452512] #4 >> 16563600.0:    DFlowFM.Update(     3600.00000)
Dimr [2026-05-19 15:46:00.452511] #5 >> 16563600.0:    DFlowFM.Update(     3600.00000)
Dimr [2026-05-19 15:46:00.452511] #6 >> 16563600.0:    DFlowFM.Update(     3600.00000)
Dimr [2026-05-19 15:46:00.452511] #7 >> 16563600.0:    DFlowFM.Update(     3600.00000)
** INFO   :           1d 18:00:00          0d  6:00:00          0d  0:16:47          0d  0:02:24         72    87.5%    20.57143
Dimr [2026-05-19 15:46:16.494049] #6 >> TIME LOOP     21600.00000 --  16588800.00000 --  16567200.00000
Dimr [2026-05-19 15:46:16.494075] #6 >> TIME LOOP      3600.00000 --  16588800.00000 --  16567200.00000 --         0.00000 
** INFO   :           1d 18:00:00          0d  6:00:00          0d  0:16:39          0d  0:02:23         72    87.5%    20.57143
Dimr [2026-05-19 15:46:16.496094] #7 >> TIME LOOP     21600.00000 --  16588800.00000 --  16567200.00000
Dimr [2026-05-19 15:46:16.496112] #7 >> TIME LOOP      3600.00000 --  16588800.00000 --  16567200.00000 --         0.00000 
** INFO   :           1d 18:00:00          0d  6:00:00          0d  0:16:46          0d  0:02:23         72    87.5%    20.57143
Dimr [2026-05-19 15:46:16.496326] #5 >> TIME LOOP     21600.00000 --  16588800.00000 --  16567200.00000
Dimr [2026-05-19 15:46:16.496340] #5 >> TIME LOOP      3600.00000 --  16588800.00000 --  16567200.00000 --         0.00000 
** INFO   :           1d 18:00:00          0d  6:00:00          0d  0:16:46          0d  0:02:23         72    87.5%    20.57143
Dimr [2026-05-19 15:46:16.496389] #2 >> TIME LOOP     21600.00000 --  16588800.00000 --  16567200.00000
Dimr [2026-05-19 15:46:16.496421] #2 >> TIME LOOP      3600.00000 --  16588800.00000 --  16567200.00000 --         0.00000 
** INFO   :           1d 18:00:00          0d  6:00:00          0d  0:16:46          0d  0:02:23         72    87.5%    20.57143
Dimr [2026-05-19 15:46:16.496648] #4 >> TIME LOOP     21600.00000 --  16588800.00000 --  16567200.00000
Dimr [2026-05-19 15:46:16.496665] #4 >> TIME LOOP      3600.00000 --  16588800.00000 --  16567200.00000 --         0.00000 
** INFO   :           1d 18:00:00          0d  6:00:00          0d  0:16:39          0d  0:02:22         72    87.5%    20.57143
Dimr [2026-05-19 15:46:16.497261] #1 >> TIME LOOP     21600.00000 --  16588800.00000 --  16567200.00000
Dimr [2026-05-19 15:46:16.497279] #1 >> TIME LOOP      3600.00000 --  16588800.00000 --  16567200.00000 --         0.00000 
** INFO   :           1d 18:00:00          0d  6:00:00          0d  0:16:39          0d  0:02:22         72    87.5%    20.57143
Dimr [2026-05-19 15:46:16.497655] #3 >> TIME LOOP     21600.00000 --  16588800.00000 --  16567200.00000
Dimr [2026-05-19 15:46:16.497671] #3 >> TIME LOOP      3600.00000 --  16588800.00000 --  16567200.00000 --         0.00000 
** INFO   :           1d 18:00:00          0d  6:00:00          0d  0:16:38          0d  0:02:22         72    87.5%    20.57143
Dimr [2026-05-19 15:46:16.498697] #0 >> TIME LOOP     21600.00000 --  16588800.00000 --  16567200.00000
Dimr [2026-05-19 15:46:16.498713] #0 >> TIME LOOP      3600.00000 --  16588800.00000 --  16567200.00000 --         0.00000 
Dimr [2026-05-19 15:46:16.498730] #0 >> Parallel Startgroup: Current time:  16567200.00000 --  16563600.00000
Dimr [2026-05-19 15:46:16.498730] #1 >> Parallel Child: Current time:  16567200.00000 -- 0
Dimr [2026-05-19 15:46:16.498729] #2 >> Parallel Child: Current time:  16567200.00000 -- 0
Dimr [2026-05-19 15:46:16.498730] #3 >> Parallel Child: Current time:  16567200.00000 -- 0
Dimr [2026-05-19 15:46:16.498730] #4 >> Parallel Child: Current time:  16567200.00000 -- 0
Dimr [2026-05-19 15:46:16.498730] #5 >> Parallel Child: Current time:  16567200.00000 -- 0
Dimr [2026-05-19 15:46:16.498730] #6 >> Parallel Child: Current time:  16567200.00000 -- 0
Dimr [2026-05-19 15:46:16.498730] #7 >> Parallel Child: Current time:  16567200.00000 -- 0
Dimr [2026-05-19 15:46:16.498750] #0 >> 16567200.0:    wave.Update(    3600.0)
*****************************************************************
*  Start of Delft3D-WAVE ...
  Start loop over SWAN grids, time =      276120.000 minutes since 20250101.000000
  Allocate input fields
  Allocate and read SWAN depth
  Get flow fields, domain 1 :
  Get flow fields, domain 2 :
  Get flow fields, domain 3 :
  Get flow fields, domain 4 :
  Get flow fields, domain 5 :
  Get flow fields, domain 6 :
  Get flow fields, domain 7 :
  Get flow fields, domain 8 :
  Write SWAN depth file
  Write SWAN velocity file
  Write SWAN wind file
  Write SWAN input
  Using SWAN hotstart file: hot_1_20250711_170000.nc
<<Run SWAN...
>>...Check file swan_sh.log
>>...End of SWAN run
  Allocate output fields
  Read SWAN output
  Map WAVE parameters to FLOW grid          1
  Map WAVE parameters to FLOW grid          2
  Map WAVE parameters to FLOW grid          3
  Map WAVE parameters to FLOW grid          4
  Map WAVE parameters to FLOW grid          5
  Map WAVE parameters to FLOW grid          6
  Map WAVE parameters to FLOW grid          7
  Map WAVE parameters to FLOW grid          8
  Deallocate input fields
  Allocate input fields
  Allocate and read SWAN depth
  Get flow fields, domain 1 :
  Get flow fields, domain 2 :
  Get flow fields, domain 3 :
  Get flow fields, domain 4 :
  Get flow fields, domain 5 :
  Get flow fields, domain 6 :
  Get flow fields, domain 7 :
  Get flow fields, domain 8 :
  Write SWAN depth file
  Write SWAN velocity file
  Write SWAN wind file
  Write SWAN input
  Using SWAN hotstart file: hot_2_20250711_170000.nc
<<Run SWAN...
>>...Check file swan_sh.log
>>...End of SWAN run
  Allocate output fields
  Read SWAN output
  WARNING: Found negative value(s) for dissip(2) in swanout file;
           value(s) set to zero
  Map WAVE parameters to FLOW grid          1
  Map WAVE parameters to FLOW grid          2
  Map WAVE parameters to FLOW grid          3
  Map WAVE parameters to FLOW grid          4
  Map WAVE parameters to FLOW grid          5
  Map WAVE parameters to FLOW grid          6
  Map WAVE parameters to FLOW grid          7
  Map WAVE parameters to FLOW grid          8
  Deallocate input fields
  Convert parameters
  Write to com-file
  Convert parameters
  Write to com-file
  Convert parameters
  Write to com-file
  Convert parameters
  Write to com-file
  Convert parameters
  Write to com-file
  Convert parameters
  Write to com-file
  Convert parameters
  Write to com-file
  Convert parameters
  Write to com-file
*  End of Delft3D-WAVE
*****************************************************************
Dimr [2026-05-19 15:46:22.463604] #0 >> Parallel Child: Current time:  16567200.00000 -- 0
Dimr [2026-05-19 15:46:22.463636] #0 >> 16567200.0:    DFlowFM.Update(     3600.00000)
Dimr [2026-05-19 15:46:22.463641] #1 >> 16567200.0:    DFlowFM.Update(     3600.00000)
Dimr [2026-05-19 15:46:22.463640] #2 >> 16567200.0:    DFlowFM.Update(     3600.00000)
Dimr [2026-05-19 15:46:22.463640] #3 >> 16567200.0:    DFlowFM.Update(     3600.00000)
Dimr [2026-05-19 15:46:22.463643] #4 >> 16567200.0:    DFlowFM.Update(     3600.00000)
Dimr [2026-05-19 15:46:22.463647] #5 >> 16567200.0:    DFlowFM.Update(     3600.00000)
Dimr [2026-05-19 15:46:22.463643] #6 >> 16567200.0:    DFlowFM.Update(     3600.00000)
Dimr [2026-05-19 15:46:22.463642] #7 >> 16567200.0:    DFlowFM.Update(     3600.00000)
** INFO   :           1d 19:00:00          0d  5:00:00          0d  0:17:05          0d  0:01:59         60    89.6%    17.64706
Dimr [2026-05-19 15:46:41.23981] #6 >> TIME LOOP     18000.00000 --  16588800.00000 --  16570800.00000
Dimr [2026-05-19 15:46:41.24007] #6 >> TIME LOOP      3600.00000 --  16588800.00000 --  16570800.00000 --         0.00000 
** INFO   :           1d 19:00:00          0d  5:00:00          0d  0:16:57          0d  0:01:58         60    89.6%    17.64706
Dimr [2026-05-19 15:46:41.26086] #7 >> TIME LOOP     18000.00000 --  16588800.00000 --  16570800.00000
Dimr [2026-05-19 15:46:41.26103] #7 >> TIME LOOP      3600.00000 --  16588800.00000 --  16570800.00000 --         0.00000 
** INFO   :           1d 19:00:00          0d  5:00:00          0d  0:17:04          0d  0:01:59         60    89.6%    17.64706
Dimr [2026-05-19 15:46:41.26274] #2 >> TIME LOOP     18000.00000 --  16588800.00000 --  16570800.00000
Dimr [2026-05-19 15:46:41.26298] #2 >> TIME LOOP      3600.00000 --  16588800.00000 --  16570800.00000 --         0.00000 
** INFO   :           1d 19:00:00          0d  5:00:00          0d  0:17:04          0d  0:01:59         60    89.6%    17.64706
Dimr [2026-05-19 15:46:41.26295] #5 >> TIME LOOP     18000.00000 --  16588800.00000 --  16570800.00000
Dimr [2026-05-19 15:46:41.26309] #5 >> TIME LOOP      3600.00000 --  16588800.00000 --  16570800.00000 --         0.00000 
** INFO   :           1d 19:00:00          0d  5:00:00          0d  0:17:04          0d  0:01:59         60    89.6%    17.64706
Dimr [2026-05-19 15:46:41.26680] #4 >> TIME LOOP     18000.00000 --  16588800.00000 --  16570800.00000
Dimr [2026-05-19 15:46:41.26695] #4 >> TIME LOOP      3600.00000 --  16588800.00000 --  16570800.00000 --         0.00000 
** INFO   :           1d 19:00:00          0d  5:00:00          0d  0:16:57          0d  0:01:58         60    89.6%    17.64706
Dimr [2026-05-19 15:46:41.27050] #1 >> TIME LOOP     18000.00000 --  16588800.00000 --  16570800.00000
Dimr [2026-05-19 15:46:41.27068] #1 >> TIME LOOP      3600.00000 --  16588800.00000 --  16570800.00000 --         0.00000 
** INFO   :           1d 19:00:00          0d  5:00:00          0d  0:16:57          0d  0:01:58         60    89.6%    17.64706
Dimr [2026-05-19 15:46:41.27580] #3 >> TIME LOOP     18000.00000 --  16588800.00000 --  16570800.00000
Dimr [2026-05-19 15:46:41.27596] #3 >> TIME LOOP      3600.00000 --  16588800.00000 --  16570800.00000 --         0.00000 
** INFO   :           1d 19:00:00          0d  5:00:00          0d  0:16:56          0d  0:01:58         60    89.6%    17.64706
Dimr [2026-05-19 15:46:41.28584] #0 >> TIME LOOP     18000.00000 --  16588800.00000 --  16570800.00000
Dimr [2026-05-19 15:46:41.28599] #0 >> TIME LOOP      3600.00000 --  16588800.00000 --  16570800.00000 --         0.00000 
Dimr [2026-05-19 15:46:41.28611] #7 >> Parallel Child: Current time:  16570800.00000 -- 0
Dimr [2026-05-19 15:46:41.28611] #0 >> Parallel Startgroup: Current time:  16570800.00000 --  16567200.00000
Dimr [2026-05-19 15:46:41.28633] #0 >> 16570800.0:    wave.Update(    3600.0)
*****************************************************************
*  Start of Delft3D-WAVE ...
Dimr [2026-05-19 15:46:41.28611] #1 >> Parallel Child: Current time:  16570800.00000 -- 0
Dimr [2026-05-19 15:46:41.28611] #2 >> Parallel Child: Current time:  16570800.00000 -- 0
Dimr [2026-05-19 15:46:41.28611] #3 >> Parallel Child: Current time:  16570800.00000 -- 0
Dimr [2026-05-19 15:46:41.28611] #4 >> Parallel Child: Current time:  16570800.00000 -- 0
Dimr [2026-05-19 15:46:41.28611] #5 >> Parallel Child: Current time:  16570800.00000 -- 0
Dimr [2026-05-19 15:46:41.28611] #6 >> Parallel Child: Current time:  16570800.00000 -- 0
  Start loop over SWAN grids, time =      276180.000 minutes since 20250101.000000
  Allocate input fields
  Allocate and read SWAN depth
  Get flow fields, domain 1 :
  Get flow fields, domain 2 :
  Get flow fields, domain 3 :
  Get flow fields, domain 4 :
  Get flow fields, domain 5 :
  Get flow fields, domain 6 :
  Get flow fields, domain 7 :
  Get flow fields, domain 8 :
  Write SWAN depth file
  Write SWAN velocity file
  Write SWAN wind file
  Write SWAN input
  Using SWAN hotstart file: hot_1_20250711_180000.nc
<<Run SWAN...
>>...Check file swan_sh.log
>>...End of SWAN run
  Allocate output fields
  Read SWAN output
  WARNING: Found negative value(s) for dissip(2) in swanout file;
           value(s) set to zero
  Map WAVE parameters to FLOW grid          1
  Map WAVE parameters to FLOW grid          2
  Map WAVE parameters to FLOW grid          3
  Map WAVE parameters to FLOW grid          4
  Map WAVE parameters to FLOW grid          5
  Map WAVE parameters to FLOW grid          6
  Map WAVE parameters to FLOW grid          7
  Map WAVE parameters to FLOW grid          8
  Deallocate input fields
  Allocate input fields
  Allocate and read SWAN depth
  Get flow fields, domain 1 :
  Get flow fields, domain 2 :
  Get flow fields, domain 3 :
  Get flow fields, domain 4 :
  Get flow fields, domain 5 :
  Get flow fields, domain 6 :
  Get flow fields, domain 7 :
  Get flow fields, domain 8 :
  Write SWAN depth file
  Write SWAN velocity file
  Write SWAN wind file
  Write SWAN input
  Using SWAN hotstart file: hot_2_20250711_180000.nc
<<Run SWAN...
>>...Check file swan_sh.log
>>...End of SWAN run
  Allocate output fields
  Read SWAN output
  WARNING: Found negative value(s) for dissip(2) in swanout file;
           value(s) set to zero
  Map WAVE parameters to FLOW grid          1
  Map WAVE parameters to FLOW grid          2
  Map WAVE parameters to FLOW grid          3
  Map WAVE parameters to FLOW grid          4
  Map WAVE parameters to FLOW grid          5
  Map WAVE parameters to FLOW grid          6
  Map WAVE parameters to FLOW grid          7
  Map WAVE parameters to FLOW grid          8
  Deallocate input fields
  Convert parameters
  Write to com-file
  Convert parameters
  Write to com-file
  Convert parameters
  Write to com-file
  Convert parameters
  Write to com-file
  Convert parameters
  Write to com-file
  Convert parameters
  Write to com-file
  Convert parameters
  Write to com-file
  Convert parameters
  Write to com-file
*  End of Delft3D-WAVE
*****************************************************************
Dimr [2026-05-19 15:46:50.18942] #0 >> Parallel Child: Current time:  16570800.00000 -- 0
Dimr [2026-05-19 15:46:50.18972] #0 >> 16570800.0:    DFlowFM.Update(     3600.00000)
Dimr [2026-05-19 15:46:50.18978] #1 >> 16570800.0:    DFlowFM.Update(     3600.00000)
Dimr [2026-05-19 15:46:50.18979] #2 >> 16570800.0:    DFlowFM.Update(     3600.00000)
Dimr [2026-05-19 15:46:50.18978] #3 >> 16570800.0:    DFlowFM.Update(     3600.00000)
Dimr [2026-05-19 15:46:50.18980] #4 >> 16570800.0:    DFlowFM.Update(     3600.00000)
Dimr [2026-05-19 15:46:50.18980] #5 >> 16570800.0:    DFlowFM.Update(     3600.00000)
Dimr [2026-05-19 15:46:50.18979] #6 >> 16570800.0:    DFlowFM.Update(     3600.00000)
Dimr [2026-05-19 15:46:50.18979] #7 >> 16570800.0:    DFlowFM.Update(     3600.00000)
** INFO   :           1d 20:00:00          0d  4:00:00          0d  0:17:22          0d  0:01:35         48    91.7%    18.65285
Dimr [2026-05-19 15:47:07.173605] #6 >> TIME LOOP     14400.00000 --  16588800.00000 --  16574400.00000
Dimr [2026-05-19 15:47:07.173632] #6 >> TIME LOOP      3600.00000 --  16588800.00000 --  16574400.00000 --         0.00000 
** INFO   :           1d 20:00:00          0d  4:00:00          0d  0:17:14          0d  0:01:34         48    91.7%    18.65285
Dimr [2026-05-19 15:47:07.175572] #7 >> TIME LOOP     14400.00000 --  16588800.00000 --  16574400.00000
Dimr [2026-05-19 15:47:07.175589] #7 >> TIME LOOP      3600.00000 --  16588800.00000 --  16574400.00000 --         0.00000 
** INFO   :           1d 20:00:00          0d  4:00:00          0d  0:17:21          0d  0:01:34         48    91.7%    18.65285
** INFO   :           1d 20:00:00          0d  4:00:00          0d  0:17:21          0d  0:01:34         48    91.7%    18.65285
Dimr [2026-05-19 15:47:07.175825] #5 >> TIME LOOP     14400.00000 --  16588800.00000 --  16574400.00000
Dimr [2026-05-19 15:47:07.175840] #5 >> TIME LOOP      3600.00000 --  16588800.00000 --  16574400.00000 --         0.00000 
Dimr [2026-05-19 15:47:07.175854] #2 >> TIME LOOP     14400.00000 --  16588800.00000 --  16574400.00000
Dimr [2026-05-19 15:47:07.175886] #2 >> TIME LOOP      3600.00000 --  16588800.00000 --  16574400.00000 --         0.00000 
** INFO   :           1d 20:00:00          0d  4:00:00          0d  0:17:21          0d  0:01:34         48    91.7%    18.65285
Dimr [2026-05-19 15:47:07.176141] #4 >> TIME LOOP     14400.00000 --  16588800.00000 --  16574400.00000
Dimr [2026-05-19 15:47:07.176158] #4 >> TIME LOOP      3600.00000 --  16588800.00000 --  16574400.00000 --         0.00000 
** INFO   :           1d 20:00:00          0d  4:00:00          0d  0:17:13          0d  0:01:34         48    91.7%    18.65285
Dimr [2026-05-19 15:47:07.176761] #1 >> TIME LOOP     14400.00000 --  16588800.00000 --  16574400.00000
Dimr [2026-05-19 15:47:07.176779] #1 >> TIME LOOP      3600.00000 --  16588800.00000 --  16574400.00000 --         0.00000 
** INFO   :           1d 20:00:00          0d  4:00:00          0d  0:17:13          0d  0:01:34         48    91.7%    18.65285
Dimr [2026-05-19 15:47:07.177219] #3 >> TIME LOOP     14400.00000 --  16588800.00000 --  16574400.00000
Dimr [2026-05-19 15:47:07.177236] #3 >> TIME LOOP      3600.00000 --  16588800.00000 --  16574400.00000 --         0.00000 
** INFO   :           1d 20:00:00          0d  4:00:00          0d  0:17:12          0d  0:01:34         48    91.7%    18.65285
Dimr [2026-05-19 15:47:07.178224] #0 >> TIME LOOP     14400.00000 --  16588800.00000 --  16574400.00000
Dimr [2026-05-19 15:47:07.178239] #0 >> TIME LOOP      3600.00000 --  16588800.00000 --  16574400.00000 --         0.00000 
Dimr [2026-05-19 15:47:07.178251] #4 >> Parallel Child: Current time:  16574400.00000 -- 0
Dimr [2026-05-19 15:47:07.178251] #5 >> Parallel Child: Current time:  16574400.00000 -- 0
Dimr [2026-05-19 15:47:07.178251] #6 >> Parallel Child: Current time:  16574400.00000 -- 0
Dimr [2026-05-19 15:47:07.178251] #7 >> Parallel Child: Current time:  16574400.00000 -- 0
Dimr [2026-05-19 15:47:07.178251] #0 >> Parallel Startgroup: Current time:  16574400.00000 --  16570800.00000
Dimr [2026-05-19 15:47:07.178270] #0 >> 16574400.0:    wave.Update(    3600.0)
*****************************************************************
*  Start of Delft3D-WAVE ...
  Start loop over SWAN grids, time =      276240.000 minutes since 20250101.000000
  Allocate input fields
Dimr [2026-05-19 15:47:07.178251] #1 >> Parallel Child: Current time:  16574400.00000 -- 0
Dimr [2026-05-19 15:47:07.178251] #2 >> Parallel Child: Current time:  16574400.00000 -- 0
Dimr [2026-05-19 15:47:07.178251] #3 >> Parallel Child: Current time:  16574400.00000 -- 0
  Allocate and read SWAN depth
  Get flow fields, domain 1 :
  Get flow fields, domain 2 :
  Get flow fields, domain 3 :
  Get flow fields, domain 4 :
  Get flow fields, domain 5 :
  Get flow fields, domain 6 :
  Get flow fields, domain 7 :
  Get flow fields, domain 8 :
  Write SWAN depth file
  Write SWAN velocity file
  Write SWAN wind file
  Write SWAN input
  Using SWAN hotstart file: hot_1_20250711_190000.nc
<<Run SWAN...
>>...Check file swan_sh.log
>>...End of SWAN run
  Allocate output fields
  Read SWAN output
  WARNING: Found negative value(s) for dissip(2) in swanout file;
           value(s) set to zero
  Map WAVE parameters to FLOW grid          1
  Map WAVE parameters to FLOW grid          2
  Map WAVE parameters to FLOW grid          3
  Map WAVE parameters to FLOW grid          4
  Map WAVE parameters to FLOW grid          5
  Map WAVE parameters to FLOW grid          6
  Map WAVE parameters to FLOW grid          7
  Map WAVE parameters to FLOW grid          8
  Deallocate input fields
  Allocate input fields
  Allocate and read SWAN depth
  Get flow fields, domain 1 :
  Get flow fields, domain 2 :
  Get flow fields, domain 3 :
  Get flow fields, domain 4 :
  Get flow fields, domain 5 :
  Get flow fields, domain 6 :
  Get flow fields, domain 7 :
  Get flow fields, domain 8 :
  Write SWAN depth file
  Write SWAN velocity file
  Write SWAN wind file
  Write SWAN input
  Using SWAN hotstart file: hot_2_20250711_190000.nc
<<Run SWAN...
>>...Check file swan_sh.log
>>...End of SWAN run
  Allocate output fields
  Read SWAN output
  WARNING: Found negative value(s) for dissip(2) in swanout file;
           value(s) set to zero
  Map WAVE parameters to FLOW grid          1
  Map WAVE parameters to FLOW grid          2
  Map WAVE parameters to FLOW grid          3
  Map WAVE parameters to FLOW grid          4
  Map WAVE parameters to FLOW grid          5
  Map WAVE parameters to FLOW grid          6
  Map WAVE parameters to FLOW grid          7
  Map WAVE parameters to FLOW grid          8
  Deallocate input fields
  Convert parameters
  Write to com-file
  Convert parameters
  Write to com-file
  Convert parameters
  Write to com-file
  Convert parameters
  Write to com-file
  Convert parameters
  Write to com-file
  Convert parameters
  Write to com-file
  Convert parameters
  Write to com-file
  Convert parameters
  Write to com-file
*  End of Delft3D-WAVE
*****************************************************************
Dimr [2026-05-19 15:47:21.621513] #0 >> Parallel Child: Current time:  16574400.00000 -- 0
Dimr [2026-05-19 15:47:21.621543] #0 >> 16574400.0:    DFlowFM.Update(     3600.00000)
Dimr [2026-05-19 15:47:21.621548] #1 >> 16574400.0:    DFlowFM.Update(     3600.00000)
Dimr [2026-05-19 15:47:21.621548] #2 >> 16574400.0:    DFlowFM.Update(     3600.00000)
Dimr [2026-05-19 15:47:21.621548] #3 >> 16574400.0:    DFlowFM.Update(     3600.00000)
Dimr [2026-05-19 15:47:21.621552] #4 >> 16574400.0:    DFlowFM.Update(     3600.00000)
Dimr [2026-05-19 15:47:21.621557] #5 >> 16574400.0:    DFlowFM.Update(     3600.00000)
Dimr [2026-05-19 15:47:21.621552] #6 >> 16574400.0:    DFlowFM.Update(     3600.00000)
Dimr [2026-05-19 15:47:21.621552] #7 >> 16574400.0:    DFlowFM.Update(     3600.00000)
** WARNING: velocity magnitude above threshold: (cell index, ucmag[m/s]) =          13162     10.028229
Dimr [2026-05-19 15:47:31.500998] #4 >> kernel: velocity magnitude above threshold: (cell index, ucmag[m/s]) =          13162     10.028229
** INFO   : Performing direct write of solution state...
** INFO   : Simulation current time: nt = 11843, time1 =  16576909.09s (2025-07-11T20:41:49Z).
** INFO   : Done writing solution state.

===================================================================================
=   BAD TERMINATION OF ONE OF YOUR APPLICATION PROCESSES
=   RANK 0 PID 80379 RUNNING AT simit-server
=   KILLED BY SIGNAL: 9 (Killed)
===================================================================================

===================================================================================
=   BAD TERMINATION OF ONE OF YOUR APPLICATION PROCESSES
=   RANK 1 PID 80380 RUNNING AT simit-server
=   KILLED BY SIGNAL: 9 (Killed)
===================================================================================

===================================================================================
=   BAD TERMINATION OF ONE OF YOUR APPLICATION PROCESSES
=   RANK 2 PID 80381 RUNNING AT simit-server
=   KILLED BY SIGNAL: 9 (Killed)
===================================================================================

===================================================================================
=   BAD TERMINATION OF ONE OF YOUR APPLICATION PROCESSES
=   RANK 3 PID 80382 RUNNING AT simit-server
=   KILLED BY SIGNAL: 9 (Killed)
===================================================================================

===================================================================================
=   BAD TERMINATION OF ONE OF YOUR APPLICATION PROCESSES
=   RANK 4 PID 80383 RUNNING AT simit-server
=   KILLED BY SIGNAL: 11 (Segmentation fault)
===================================================================================

===================================================================================
=   BAD TERMINATION OF ONE OF YOUR APPLICATION PROCESSES
=   RANK 5 PID 80384 RUNNING AT simit-server
=   KILLED BY SIGNAL: 9 (Killed)
===================================================================================

===================================================================================
=   BAD TERMINATION OF ONE OF YOUR APPLICATION PROCESSES
=   RANK 6 PID 80385 RUNNING AT simit-server
=   KILLED BY SIGNAL: 9 (Killed)
===================================================================================

===================================================================================
=   BAD TERMINATION OF ONE OF YOUR APPLICATION PROCESSES
=   RANK 7 PID 80386 RUNNING AT simit-server
=   KILLED BY SIGNAL: 9 (Killed)
===================================================================================
