OMP_NUM_THREADS is already defined
    Configfile       : dimr_config.xml
    D3D_HOME         : /home/ciceromartinsjr/Scaricati/delft3dfm/lnx64/bin/..
    PROC_DEF_DIR     : /home/ciceromartinsjr/Scaricati/delft3dfm/lnx64/bin/../share/delft3d
    Working directory: /home/ciceromartinsjr/StagnoneDT/model/dflowfm_v04AE_d10d12
    Number of nodes  : 1
    Number of slots  : 8
    OMP_NUM_THREADS  : 8
    mpiexec è /opt/intel/oneapi/mpi/2021.10.0//bin/mpiexec
    FI_PROVIDER      : 
    I_MPI_FABRICS    : 

Contents of machinefile:
 
----------------------------------------------------------------------
executing:
 mpiexec -np 8 /home/ciceromartinsjr/Scaricati/delft3dfm/lnx64/bin/../bin/dimr dimr_config.xml 
#1: Running parallel with 8 partitions
Dimr [2026-05-18 18:13:57.511183] #1 >> Deltares, DIMR_EXE Version 2.00.057d2f7ceeafda462a1b4e598efa4ce4f0c97cc5, Oct  2 2025, 17:47:01
#2: Running parallel with 8 partitions
Dimr [2026-05-18 18:13:57.511182] #2 >> Deltares, DIMR_EXE Version 2.00.057d2f7ceeafda462a1b4e598efa4ce4f0c97cc5, Oct  2 2025, 17:47:01
#3: Running parallel with 8 partitions
Dimr [2026-05-18 18:13:57.511183] #3 >> Deltares, DIMR_EXE Version 2.00.057d2f7ceeafda462a1b4e598efa4ce4f0c97cc5, Oct  2 2025, 17:47:01
#4: Running parallel with 8 partitions
Dimr [2026-05-18 18:13:57.511194] #4 >> Deltares, DIMR_EXE Version 2.00.057d2f7ceeafda462a1b4e598efa4ce4f0c97cc5, Oct  2 2025, 17:47:01
#6: Running parallel with 8 partitions
Dimr [2026-05-18 18:13:57.511186] #6 >> Deltares, DIMR_EXE Version 2.00.057d2f7ceeafda462a1b4e598efa4ce4f0c97cc5, Oct  2 2025, 17:47:01
#7: Running parallel with 8 partitions
Dimr [2026-05-18 18:13:57.511193] #7 >> Deltares, DIMR_EXE Version 2.00.057d2f7ceeafda462a1b4e598efa4ce4f0c97cc5, Oct  2 2025, 17:47:01
Dimr [2026-05-18 18:13:57.511381] #1 >> Deltares, DIMR_LIB Version 1.02.057d2f7ceeafda462a1b4e598efa4ce4f0c97cc5, Oct  2 2025, 17:46:35
Dimr [2026-05-18 18:13:57.511381] #2 >> Deltares, DIMR_LIB Version 1.02.057d2f7ceeafda462a1b4e598efa4ce4f0c97cc5, Oct  2 2025, 17:46:35
Dimr [2026-05-18 18:13:57.511381] #3 >> Deltares, DIMR_LIB Version 1.02.057d2f7ceeafda462a1b4e598efa4ce4f0c97cc5, Oct  2 2025, 17:46:35
Dimr [2026-05-18 18:13:57.511384] #4 >> Deltares, DIMR_LIB Version 1.02.057d2f7ceeafda462a1b4e598efa4ce4f0c97cc5, Oct  2 2025, 17:46:35
Dimr [2026-05-18 18:13:57.511388] #6 >> Deltares, DIMR_LIB Version 1.02.057d2f7ceeafda462a1b4e598efa4ce4f0c97cc5, Oct  2 2025, 17:46:35
Dimr [2026-05-18 18:13:57.511384] #7 >> Deltares, DIMR_LIB Version 1.02.057d2f7ceeafda462a1b4e598efa4ce4f0c97cc5, Oct  2 2025, 17:46:35
#5: Running parallel with 8 partitions
Dimr [2026-05-18 18:13:57.511605] #5 >> Deltares, DIMR_EXE Version 2.00.057d2f7ceeafda462a1b4e598efa4ce4f0c97cc5, Oct  2 2025, 17:47:01
Dimr [2026-05-18 18:13:57.511795] #5 >> Deltares, DIMR_LIB Version 1.02.057d2f7ceeafda462a1b4e598efa4ce4f0c97cc5, Oct  2 2025, 17:46:35
#0: Running parallel with 8 partitions
Dimr [2026-05-18 18:13:57.512702] #0 >> Deltares, DIMR_EXE Version 2.00.057d2f7ceeafda462a1b4e598efa4ce4f0c97cc5, Oct  2 2025, 17:47:01
Dimr [2026-05-18 18:13:57.512908] #0 >> Deltares, DIMR_LIB Version 1.02.057d2f7ceeafda462a1b4e598efa4ce4f0c97cc5, Oct  2 2025, 17:46:35
Dimr [2026-05-18 18:13:57.533988] #0 >> 
Dimr [2026-05-18 18:13:57.534004] #0 >> Version Information of Components
Dimr [2026-05-18 18:13:57.534009] #0 >> =================================
Dimr [2026-05-18 18:13:57.534013] #0 >> dflowfm                            : Deltares, D-Flow FM1.2.184.057d2f7ceeafda462a1b4e598efa4ce4f0c97cc5
Dimr [2026-05-18 18:13:57.534212] #0 >> wave                               : 3.08.03.057d2f7ceeafda462a1b4e598efa4ce4f0c97cc5
Dimr [2026-05-18 18:13:57.534218] #0 >> ---------------------------------
Dimr [2026-05-18 18:13:57.534221] #0 >> 
Dimr [2026-05-18 18:13:57.543526] #0 >> DFlowFM.Initialize(Stagnone_dxy01_15m.mdu)
Dimr [2026-05-18 18:13:57.543537] #1 >> DFlowFM.Initialize(Stagnone_dxy01_15m.mdu)
Dimr [2026-05-18 18:13:57.543547] #2 >> DFlowFM.Initialize(Stagnone_dxy01_15m.mdu)
Dimr [2026-05-18 18:13:57.543548] #3 >> DFlowFM.Initialize(Stagnone_dxy01_15m.mdu)
Dimr [2026-05-18 18:13:57.543564] #4 >> DFlowFM.Initialize(Stagnone_dxy01_15m.mdu)
Dimr [2026-05-18 18:13:57.543563] #6 >> DFlowFM.Initialize(Stagnone_dxy01_15m.mdu)
Dimr [2026-05-18 18:13:57.543563] #7 >> DFlowFM.Initialize(Stagnone_dxy01_15m.mdu)
Dimr [2026-05-18 18:13:57.543582] #5 >> DFlowFM.Initialize(Stagnone_dxy01_15m.mdu)
** DEBUG  :            0  0.1000010      NOD(KMAX)
** DEBUG  :            6  0.7000070      XK (KMAX), YK (KMAX), ZK (KMAX), KC (KMAX), NMK (KMAX), RNOD(KMAX)
** DEBUG  :            0  0.1000010      NOD(KMAX)
** DEBUG  :            6  0.7000070      XK (KMAX), YK (KMAX), ZK (KMAX), KC (KMAX), NMK (KMAX), RNOD(KMAX)
** DEBUG  :            0  0.1000010      NOD(KMAX)
** DEBUG  :            6  0.7000070      XK (KMAX), YK (KMAX), ZK (KMAX), KC (KMAX), NMK (KMAX), RNOD(KMAX)
** DEBUG  :            0  0.1000010      NOD(KMAX)
** DEBUG  :            6  0.7000070      XK (KMAX), YK (KMAX), ZK (KMAX), KC (KMAX), NMK (KMAX), RNOD(KMAX)
** DEBUG  :            0  0.1000010      NOD(KMAX)
** DEBUG  :            0  0.1000010      NOD(KMAX)
** DEBUG  :            6  0.7000070      XK (KMAX), YK (KMAX), ZK (KMAX), KC (KMAX), NMK (KMAX), RNOD(KMAX)
** DEBUG  :            0  0.1000010      NOD(KMAX)
** DEBUG  :            6  0.7000070      XK (KMAX), YK (KMAX), ZK (KMAX), KC (KMAX), NMK (KMAX), RNOD(KMAX)
** DEBUG  :            6  0.7000070      XK (KMAX), YK (KMAX), ZK (KMAX), KC (KMAX), NMK (KMAX), RNOD(KMAX)
** DEBUG  :            0  0.1000010      NOD(KMAX)
** DEBUG  :            6  0.7000070      XK (KMAX), YK (KMAX), ZK (KMAX), KC (KMAX), NMK (KMAX), RNOD(KMAX)
 loading model
 loading model
 loading model
 loading model
 loading model
 loading model
 loading model
 loading model
** INFO   : no partitioning polygons file: read subdomain numbering from netfiles
** INFO   : no partitioning polygons file: read subdomain numbering from netfiles
** INFO   : no partitioning polygons file: read subdomain numbering from netfiles
** INFO   : no partitioning polygons file: read subdomain numbering from netfiles
** INFO   : no partitioning polygons file: read subdomain numbering from netfiles
** INFO   : no partitioning polygons file: read subdomain numbering from netfiles
** INFO   : no partitioning polygons file: read subdomain numbering from netfiles
** WARNING: D-WAVES coupling enabled and kmx>0, so layer interface coordinates are needed on com-file. FullGridOutput set to 1.
** WARNING: D-WAVES coupling enabled and kmx>0, so layer interface coordinates are needed on com-file. FullGridOutput set to 1.
Dimr [2026-05-18 18:13:57.578393] #3 >> kernel: D-WAVES coupling enabled and kmx>0, so layer interface coordinates are needed on com-file. FullGridOutput set to 1.
** WARNING:            6  0.7000070      XK (KMAX), YK (KMAX), ZK (KMAX), KC (KMAX), NMK (KMAX), RNOD(KMAX)
Dimr [2026-05-18 18:13:57.578414] #3 >> kernel:            6  0.7000070      XK (KMAX), YK (KMAX), ZK (KMAX), KC (KMAX), NMK (KMAX), RNOD(KMAX)
Dimr [2026-05-18 18:13:57.578410] #2 >> kernel: D-WAVES coupling enabled and kmx>0, so layer interface coordinates are needed on com-file. FullGridOutput set to 1.
** WARNING:            6  0.7000070      XK (KMAX), YK (KMAX), ZK (KMAX), KC (KMAX), NMK (KMAX), RNOD(KMAX)
Dimr [2026-05-18 18:13:57.578427] #2 >> kernel:            6  0.7000070      XK (KMAX), YK (KMAX), ZK (KMAX), KC (KMAX), NMK (KMAX), RNOD(KMAX)
** WARNING: D-WAVES coupling enabled and kmx>0, so layer interface coordinates are needed on com-file. FullGridOutput set to 1.
Dimr [2026-05-18 18:13:57.578477] #0 >> kernel: D-WAVES coupling enabled and kmx>0, so layer interface coordinates are needed on com-file. FullGridOutput set to 1.
** WARNING:            6  0.7000070      XK (KMAX), YK (KMAX), ZK (KMAX), KC (KMAX), NMK (KMAX), RNOD(KMAX)
Dimr [2026-05-18 18:13:57.578497] #0 >> kernel:            6  0.7000070      XK (KMAX), YK (KMAX), ZK (KMAX), KC (KMAX), NMK (KMAX), RNOD(KMAX)
** WARNING: D-WAVES coupling enabled and kmx>0, so layer interface coordinates are needed on com-file. FullGridOutput set to 1.
Dimr [2026-05-18 18:13:57.578511] #1 >> kernel: D-WAVES coupling enabled and kmx>0, so layer interface coordinates are needed on com-file. FullGridOutput set to 1.
** WARNING:            6  0.7000070      XK (KMAX), YK (KMAX), ZK (KMAX), KC (KMAX), NMK (KMAX), RNOD(KMAX)
Dimr [2026-05-18 18:13:57.578531] #1 >> kernel:            6  0.7000070      XK (KMAX), YK (KMAX), ZK (KMAX), KC (KMAX), NMK (KMAX), RNOD(KMAX)
** WARNING: MDU settings combine a restart file and a smoothing time: Tlfsmo =   3600.00000    . Be aware that you need to adjust TStartTlfsmo to obtain the same results between the original and restart simulations.
Dimr [2026-05-18 18:13:57.578734] #2 >> kernel: MDU settings combine a restart file and a smoothing time: Tlfsmo =   3600.00000    . Be aware that you need to adjust TStartTlfsmo to obtain the same results between the original and restart simulations.
** WARNING: D-WAVES coupling enabled and kmx>0, so layer interface coordinates are needed on com-file. FullGridOutput set to 1.
Dimr [2026-05-18 18:13:57.578746] #7 >> kernel: D-WAVES coupling enabled and kmx>0, so layer interface coordinates are needed on com-file. FullGridOutput set to 1.
** WARNING:            6  0.7000070      XK (KMAX), YK (KMAX), ZK (KMAX), KC (KMAX), NMK (KMAX), RNOD(KMAX)
** WARNING: MDU settings combine a restart file and a smoothing time: Tlfsmo =   3600.00000    . Be aware that you need to adjust TStartTlfsmo to obtain the same results between the original and restart simulations.
Dimr [2026-05-18 18:13:57.578770] #7 >> kernel:            6  0.7000070      XK (KMAX), YK (KMAX), ZK (KMAX), KC (KMAX), NMK (KMAX), RNOD(KMAX)
Dimr [2026-05-18 18:13:57.578780] #0 >> kernel: MDU settings combine a restart file and a smoothing time: Tlfsmo =   3600.00000    . Be aware that you need to adjust TStartTlfsmo to obtain the same results between the original and restart simulations.
** WARNING: MDU settings combine a restart file and a smoothing time: Tlfsmo =   3600.00000    . Be aware that you need to adjust TStartTlfsmo to obtain the same results between the original and restart simulations.
Dimr [2026-05-18 18:13:57.578816] #1 >> kernel: MDU settings combine a restart file and a smoothing time: Tlfsmo =   3600.00000    . Be aware that you need to adjust TStartTlfsmo to obtain the same results between the original and restart simulations.
** WARNING: MDU settings combine a restart file and a smoothing time: Tlfsmo =   3600.00000    . Be aware that you need to adjust TStartTlfsmo to obtain the same results between the original and restart simulations.
Dimr [2026-05-18 18:13:57.578811] #3 >> kernel: MDU settings combine a restart file and a smoothing time: Tlfsmo =   3600.00000    . Be aware that you need to adjust TStartTlfsmo to obtain the same results between the original and restart simulations.
** WARNING: MDU settings combine a restart file and a smoothing time: Tlfsmo =   3600.00000    . Be aware that you need to adjust TStartTlfsmo to obtain the same results between the original and restart simulations.
Dimr [2026-05-18 18:13:57.579093] #7 >> kernel: MDU settings combine a restart file and a smoothing time: Tlfsmo =   3600.00000    . Be aware that you need to adjust TStartTlfsmo to obtain the same results between the original and restart simulations.
** WARNING: D-WAVES coupling enabled and kmx>0, so layer interface coordinates are needed on com-file. FullGridOutput set to 1.
Dimr [2026-05-18 18:13:57.579205] #6 >> kernel: D-WAVES coupling enabled and kmx>0, so layer interface coordinates are needed on com-file. FullGridOutput set to 1.
** WARNING:            6  0.7000070      XK (KMAX), YK (KMAX), ZK (KMAX), KC (KMAX), NMK (KMAX), RNOD(KMAX)
** WARNING: D-WAVES coupling enabled and kmx>0, so layer interface coordinates are needed on com-file. FullGridOutput set to 1.
Dimr [2026-05-18 18:13:57.579228] #6 >> kernel:            6  0.7000070      XK (KMAX), YK (KMAX), ZK (KMAX), KC (KMAX), NMK (KMAX), RNOD(KMAX)
Dimr [2026-05-18 18:13:57.579245] #4 >> kernel: D-WAVES coupling enabled and kmx>0, so layer interface coordinates are needed on com-file. FullGridOutput set to 1.
** WARNING:            6  0.7000070      XK (KMAX), YK (KMAX), ZK (KMAX), KC (KMAX), NMK (KMAX), RNOD(KMAX)
** WARNING: While reading 'Stagnone_dxy01_15m_0002.mdu': keyword [numerics] qhrelax=0.01 was in file, but not used. Check possible typo.
Dimr [2026-05-18 18:13:57.579267] #4 >> kernel:            6  0.7000070      XK (KMAX), YK (KMAX), ZK (KMAX), KC (KMAX), NMK (KMAX), RNOD(KMAX)
Dimr [2026-05-18 18:13:57.579271] #2 >> kernel: While reading 'Stagnone_dxy01_15m_0002.mdu': keyword [numerics] qhrelax=0.01 was in file, but not used. Check possible typo.
** WARNING: While reading 'Stagnone_dxy01_15m_0000.mdu': keyword [numerics] qhrelax=0.01 was in file, but not used. Check possible typo.
Dimr [2026-05-18 18:13:57.579349] #0 >> kernel: While reading 'Stagnone_dxy01_15m_0000.mdu': keyword [numerics] qhrelax=0.01 was in file, but not used. Check possible typo.
** WARNING: While reading 'Stagnone_dxy01_15m_0001.mdu': keyword [numerics] qhrelax=0.01 was in file, but not used. Check possible typo.
Dimr [2026-05-18 18:13:57.579354] #1 >> kernel: While reading 'Stagnone_dxy01_15m_0001.mdu': keyword [numerics] qhrelax=0.01 was in file, but not used. Check possible typo.
** WARNING: While reading 'Stagnone_dxy01_15m_0003.mdu': keyword [numerics] qhrelax=0.01 was in file, but not used. Check possible typo.
Dimr [2026-05-18 18:13:57.579349] #3 >> kernel: While reading 'Stagnone_dxy01_15m_0003.mdu': keyword [numerics] qhrelax=0.01 was in file, but not used. Check possible typo.
** INFO   : no partitioning polygons file: read subdomain numbering from netfiles
** WARNING: MDU settings combine a restart file and a smoothing time: Tlfsmo =   3600.00000    . Be aware that you need to adjust TStartTlfsmo to obtain the same results between the original and restart simulations.
Dimr [2026-05-18 18:13:57.579550] #6 >> kernel: MDU settings combine a restart file and a smoothing time: Tlfsmo =   3600.00000    . Be aware that you need to adjust TStartTlfsmo to obtain the same results between the original and restart simulations.
** WARNING: MDU settings combine a restart file and a smoothing time: Tlfsmo =   3600.00000    . Be aware that you need to adjust TStartTlfsmo to obtain the same results between the original and restart simulations.
Dimr [2026-05-18 18:13:57.579587] #4 >> kernel: MDU settings combine a restart file and a smoothing time: Tlfsmo =   3600.00000    . Be aware that you need to adjust TStartTlfsmo to obtain the same results between the original and restart simulations.
** WARNING: While reading 'Stagnone_dxy01_15m_0007.mdu': keyword [numerics] qhrelax=0.01 was in file, but not used. Check possible typo.
Dimr [2026-05-18 18:13:57.579706] #7 >> kernel: While reading 'Stagnone_dxy01_15m_0007.mdu': keyword [numerics] qhrelax=0.01 was in file, but not used. Check possible typo.
** WARNING: While reading 'Stagnone_dxy01_15m_0002.mdu': keyword [wind] windspeedbreakpoints=0.0 100.0 was in file, but not used. Check possible typo.
Dimr [2026-05-18 18:13:57.579745] #2 >> kernel: While reading 'Stagnone_dxy01_15m_0002.mdu': keyword [wind] windspeedbreakpoints=0.0 100.0 was in file, but not used. Check possible typo.
** WARNING: While reading 'Stagnone_dxy01_15m_0003.mdu': keyword [wind] windspeedbreakpoints=0.0 100.0 was in file, but not used. Check possible typo.
** WARNING: While reading 'Stagnone_dxy01_15m_0001.mdu': keyword [wind] windspeedbreakpoints=0.0 100.0 was in file, but not used. Check possible typo.
Dimr [2026-05-18 18:13:57.579821] #1 >> kernel: While reading 'Stagnone_dxy01_15m_0001.mdu': keyword [wind] windspeedbreakpoints=0.0 100.0 was in file, but not used. Check possible typo.
Dimr [2026-05-18 18:13:57.579815] #3 >> kernel: While reading 'Stagnone_dxy01_15m_0003.mdu': keyword [wind] windspeedbreakpoints=0.0 100.0 was in file, but not used. Check possible typo.
** WARNING: While reading 'Stagnone_dxy01_15m_0000.mdu': keyword [wind] windspeedbreakpoints=0.0 100.0 was in file, but not used. Check possible typo.
Dimr [2026-05-18 18:13:57.579839] #0 >> kernel: While reading 'Stagnone_dxy01_15m_0000.mdu': keyword [wind] windspeedbreakpoints=0.0 100.0 was in file, but not used. Check possible typo.
** WARNING: While reading 'Stagnone_dxy01_15m_0002.mdu': keyword [output] wrishp_enc=0 was in file, but not used. Check possible typo.
Dimr [2026-05-18 18:13:57.579869] #2 >> kernel: While reading 'Stagnone_dxy01_15m_0002.mdu': keyword [output] wrishp_enc=0 was in file, but not used. Check possible typo.
** WARNING: While reading 'Stagnone_dxy01_15m_0003.mdu': keyword [output] wrishp_enc=0 was in file, but not used. Check possible typo.
Dimr [2026-05-18 18:13:57.579938] #3 >> kernel: While reading 'Stagnone_dxy01_15m_0003.mdu': keyword [output] wrishp_enc=0 was in file, but not used. Check possible typo.
** WARNING: While reading 'Stagnone_dxy01_15m_0001.mdu': keyword [output] wrishp_enc=0 was in file, but not used. Check possible typo.
Dimr [2026-05-18 18:13:57.579943] #1 >> kernel: While reading 'Stagnone_dxy01_15m_0001.mdu': keyword [output] wrishp_enc=0 was in file, but not used. Check possible typo.
** WARNING: While reading 'Stagnone_dxy01_15m_0000.mdu': keyword [output] wrishp_enc=0 was in file, but not used. Check possible typo.
Dimr [2026-05-18 18:13:57.579963] #0 >> kernel: While reading 'Stagnone_dxy01_15m_0000.mdu': keyword [output] wrishp_enc=0 was in file, but not used. Check possible typo.
** WARNING: While reading 'Stagnone_dxy01_15m_0002.mdu': keyword [output] waterlevelclasses=0.0 was in file, but not used. Check possible typo.
Dimr [2026-05-18 18:13:57.580085] #2 >> kernel: While reading 'Stagnone_dxy01_15m_0002.mdu': keyword [output] waterlevelclasses=0.0 was in file, but not used. Check possible typo.
** WARNING: While reading 'Stagnone_dxy01_15m_0002.mdu': keyword [output] waterdepthclasses=0.0 was in file, but not used. Check possible typo.
Dimr [2026-05-18 18:13:57.580096] #2 >> kernel: While reading 'Stagnone_dxy01_15m_0002.mdu': keyword [output] waterdepthclasses=0.0 was in file, but not used. Check possible typo.
** WARNING: While reading 'Stagnone_dxy01_15m_0003.mdu': keyword [output] waterlevelclasses=0.0 was in file, but not used. Check possible typo.
Dimr [2026-05-18 18:13:57.580154] #3 >> kernel: While reading 'Stagnone_dxy01_15m_0003.mdu': keyword [output] waterlevelclasses=0.0 was in file, but not used. Check possible typo.
** WARNING: While reading 'Stagnone_dxy01_15m_0001.mdu': keyword [output] waterlevelclasses=0.0 was in file, but not used. Check possible typo.
Dimr [2026-05-18 18:13:57.580157] #1 >> kernel: While reading 'Stagnone_dxy01_15m_0001.mdu': keyword [output] waterlevelclasses=0.0 was in file, but not used. Check possible typo.
** WARNING: While reading 'Stagnone_dxy01_15m_0001.mdu': keyword [output] waterdepthclasses=0.0 was in file, but not used. Check possible typo.
** WARNING: While reading 'Stagnone_dxy01_15m_0002.mdu': keyword [output] velocitydirectionclassesinterv=0.0 was in file, but not used. Check possible typo.
Dimr [2026-05-18 18:13:57.580160] #2 >> kernel: While reading 'Stagnone_dxy01_15m_0002.mdu': keyword [output] velocitydirectionclassesinterv=0.0 was in file, but not used. Check possible typo.
** WARNING: While reading 'Stagnone_dxy01_15m_0002.mdu': keyword [output] velocitymagnitudeclasses=0.0 was in file, but not used. Check possible typo.
Dimr [2026-05-18 18:13:57.580170] #2 >> kernel: While reading 'Stagnone_dxy01_15m_0002.mdu': keyword [output] velocitymagnitudeclasses=0.0 was in file, but not used. Check possible typo.
** WARNING: While reading 'Stagnone_dxy01_15m_0003.mdu': keyword [output] waterdepthclasses=0.0 was in file, but not used. Check possible typo.
Dimr [2026-05-18 18:13:57.580164] #3 >> kernel: While reading 'Stagnone_dxy01_15m_0003.mdu': keyword [output] waterdepthclasses=0.0 was in file, but not used. Check possible typo.
** WARNING: While reading 'Stagnone_dxy01_15m_0006.mdu': keyword [numerics] qhrelax=0.01 was in file, but not used. Check possible typo.
Dimr [2026-05-18 18:13:57.580174] #6 >> kernel: While reading 'Stagnone_dxy01_15m_0006.mdu': keyword [numerics] qhrelax=0.01 was in file, but not used. Check possible typo.
** WARNING: While reading 'Stagnone_dxy01_15m_0000.mdu': keyword [output] waterlevelclasses=0.0 was in file, but not used. Check possible typo.
Dimr [2026-05-18 18:13:57.580182] #0 >> kernel: While reading 'Stagnone_dxy01_15m_0000.mdu': keyword [output] waterlevelclasses=0.0 was in file, but not used. Check possible typo.
** WARNING: While reading 'Stagnone_dxy01_15m_0000.mdu': keyword [output] waterdepthclasses=0.0 was in file, but not used. Check possible typo.
Dimr [2026-05-18 18:13:57.580168] #1 >> kernel: While reading 'Stagnone_dxy01_15m_0001.mdu': keyword [output] waterdepthclasses=0.0 was in file, but not used. Check possible typo.
Dimr [2026-05-18 18:13:57.580194] #0 >> kernel: While reading 'Stagnone_dxy01_15m_0000.mdu': keyword [output] waterdepthclasses=0.0 was in file, but not used. Check possible typo.
** WARNING: While reading 'Stagnone_dxy01_15m_0004.mdu': keyword [numerics] qhrelax=0.01 was in file, but not used. Check possible typo.
Dimr [2026-05-18 18:13:57.580211] #4 >> kernel: While reading 'Stagnone_dxy01_15m_0004.mdu': keyword [numerics] qhrelax=0.01 was in file, but not used. Check possible typo.
** WARNING: While reading 'Stagnone_dxy01_15m_0001.mdu': keyword [output] velocitydirectionclassesinterv=0.0 was in file, but not used. Check possible typo.
Dimr [2026-05-18 18:13:57.580233] #1 >> kernel: While reading 'Stagnone_dxy01_15m_0001.mdu': keyword [output] velocitydirectionclassesinterv=0.0 was in file, but not used. Check possible typo.
** WARNING: While reading 'Stagnone_dxy01_15m_0001.mdu': keyword [output] velocitymagnitudeclasses=0.0 was in file, but not used. Check possible typo.
** WARNING: While reading 'Stagnone_dxy01_15m_0003.mdu': keyword [output] velocitydirectionclassesinterv=0.0 was in file, but not used. Check possible typo.
Dimr [2026-05-18 18:13:57.580228] #3 >> kernel: While reading 'Stagnone_dxy01_15m_0003.mdu': keyword [output] velocitydirectionclassesinterv=0.0 was in file, but not used. Check possible typo.
** WARNING: While reading 'Stagnone_dxy01_15m_0003.mdu': keyword [output] velocitymagnitudeclasses=0.0 was in file, but not used. Check possible typo.
Dimr [2026-05-18 18:13:57.580239] #3 >> kernel: While reading 'Stagnone_dxy01_15m_0003.mdu': keyword [output] velocitymagnitudeclasses=0.0 was in file, but not used. Check possible typo.
** WARNING: While reading 'Stagnone_dxy01_15m_0007.mdu': keyword [wind] windspeedbreakpoints=0.0 100.0 was in file, but not used. Check possible typo.
Dimr [2026-05-18 18:13:57.580242] #7 >> kernel: While reading 'Stagnone_dxy01_15m_0007.mdu': keyword [wind] windspeedbreakpoints=0.0 100.0 was in file, but not used. Check possible typo.
** WARNING: While reading 'Stagnone_dxy01_15m_0000.mdu': keyword [output] velocitydirectionclassesinterv=0.0 was in file, but not used. Check possible typo.
Dimr [2026-05-18 18:13:57.580258] #0 >> kernel: While reading 'Stagnone_dxy01_15m_0000.mdu': keyword [output] velocitydirectionclassesinterv=0.0 was in file, but not used. Check possible typo.
Dimr [2026-05-18 18:13:57.580244] #1 >> kernel: While reading 'Stagnone_dxy01_15m_0001.mdu': keyword [output] velocitymagnitudeclasses=0.0 was in file, but not used. Check possible typo.
** WARNING: While reading 'Stagnone_dxy01_15m_0000.mdu': keyword [output] velocitymagnitudeclasses=0.0 was in file, but not used. Check possible typo.
Dimr [2026-05-18 18:13:57.580269] #0 >> kernel: While reading 'Stagnone_dxy01_15m_0000.mdu': keyword [output] velocitymagnitudeclasses=0.0 was in file, but not used. Check possible typo.
** WARNING: While reading 'Stagnone_dxy01_15m_0007.mdu': keyword [output] wrishp_enc=0 was in file, but not used. Check possible typo.
Dimr [2026-05-18 18:13:57.580384] #7 >> kernel: While reading 'Stagnone_dxy01_15m_0007.mdu': keyword [output] wrishp_enc=0 was in file, but not used. Check possible typo.
** WARNING: While reading 'Stagnone_dxy01_15m_0007.mdu': keyword [output] waterlevelclasses=0.0 was in file, but not used. Check possible typo.
Dimr [2026-05-18 18:13:57.580630] #7 >> kernel: While reading 'Stagnone_dxy01_15m_0007.mdu': keyword [output] waterlevelclasses=0.0 was in file, but not used. Check possible typo.
** WARNING: While reading 'Stagnone_dxy01_15m_0007.mdu': keyword [output] waterdepthclasses=0.0 was in file, but not used. Check possible typo.
Dimr [2026-05-18 18:13:57.580642] #7 >> kernel: While reading 'Stagnone_dxy01_15m_0007.mdu': keyword [output] waterdepthclasses=0.0 was in file, but not used. Check possible typo.
** WARNING: While reading 'Stagnone_dxy01_15m_0006.mdu': keyword [wind] windspeedbreakpoints=0.0 100.0 was in file, but not used. Check possible typo.
Dimr [2026-05-18 18:13:57.580706] #6 >> kernel: While reading 'Stagnone_dxy01_15m_0006.mdu': keyword [wind] windspeedbreakpoints=0.0 100.0 was in file, but not used. Check possible typo.
** WARNING: While reading 'Stagnone_dxy01_15m_0007.mdu': keyword [output] velocitydirectionclassesinterv=0.0 was in file, but not used. Check possible typo.
Dimr [2026-05-18 18:13:57.580714] #7 >> kernel: While reading 'Stagnone_dxy01_15m_0007.mdu': keyword [output] velocitydirectionclassesinterv=0.0 was in file, but not used. Check possible typo.
** WARNING: While reading 'Stagnone_dxy01_15m_0007.mdu': keyword [output] velocitymagnitudeclasses=0.0 was in file, but not used. Check possible typo.
Dimr [2026-05-18 18:13:57.580731] #7 >> kernel: While reading 'Stagnone_dxy01_15m_0007.mdu': keyword [output] velocitymagnitudeclasses=0.0 was in file, but not used. Check possible typo.
** WARNING: While reading 'Stagnone_dxy01_15m_0004.mdu': keyword [wind] windspeedbreakpoints=0.0 100.0 was in file, but not used. Check possible typo.
Dimr [2026-05-18 18:13:57.580751] #4 >> kernel: While reading 'Stagnone_dxy01_15m_0004.mdu': keyword [wind] windspeedbreakpoints=0.0 100.0 was in file, but not used. Check possible typo.
** WARNING: While reading 'Stagnone_dxy01_15m_0006.mdu': keyword [output] wrishp_enc=0 was in file, but not used. Check possible typo.
Dimr [2026-05-18 18:13:57.580857] #6 >> kernel: While reading 'Stagnone_dxy01_15m_0006.mdu': keyword [output] wrishp_enc=0 was in file, but not used. Check possible typo.
** WARNING: While reading 'Stagnone_dxy01_15m_0004.mdu': keyword [output] wrishp_enc=0 was in file, but not used. Check possible typo.
Dimr [2026-05-18 18:13:57.580892] #4 >> kernel: While reading 'Stagnone_dxy01_15m_0004.mdu': keyword [output] wrishp_enc=0 was in file, but not used. Check possible typo.
** WARNING: While reading 'Stagnone_dxy01_15m_0006.mdu': keyword [output] waterlevelclasses=0.0 was in file, but not used. Check possible typo.
Dimr [2026-05-18 18:13:57.581103] #6 >> kernel: While reading 'Stagnone_dxy01_15m_0006.mdu': keyword [output] waterlevelclasses=0.0 was in file, but not used. Check possible typo.
** WARNING: While reading 'Stagnone_dxy01_15m_0006.mdu': keyword [output] waterdepthclasses=0.0 was in file, but not used. Check possible typo.
Dimr [2026-05-18 18:13:57.581116] #6 >> kernel: While reading 'Stagnone_dxy01_15m_0006.mdu': keyword [output] waterdepthclasses=0.0 was in file, but not used. Check possible typo.
** WARNING: While reading 'Stagnone_dxy01_15m_0004.mdu': keyword [output] waterlevelclasses=0.0 was in file, but not used. Check possible typo.
Dimr [2026-05-18 18:13:57.581137] #4 >> kernel: While reading 'Stagnone_dxy01_15m_0004.mdu': keyword [output] waterlevelclasses=0.0 was in file, but not used. Check possible typo.
** WARNING: While reading 'Stagnone_dxy01_15m_0004.mdu': keyword [output] waterdepthclasses=0.0 was in file, but not used. Check possible typo.
Dimr [2026-05-18 18:13:57.581151] #4 >> kernel: While reading 'Stagnone_dxy01_15m_0004.mdu': keyword [output] waterdepthclasses=0.0 was in file, but not used. Check possible typo.
** WARNING: While reading 'Stagnone_dxy01_15m_0006.mdu': keyword [output] velocitydirectionclassesinterv=0.0 was in file, but not used. Check possible typo.
Dimr [2026-05-18 18:13:57.581189] #6 >> kernel: While reading 'Stagnone_dxy01_15m_0006.mdu': keyword [output] velocitydirectionclassesinterv=0.0 was in file, but not used. Check possible typo.
** WARNING: While reading 'Stagnone_dxy01_15m_0006.mdu': keyword [output] velocitymagnitudeclasses=0.0 was in file, but not used. Check possible typo.
Dimr [2026-05-18 18:13:57.581201] #6 >> kernel: While reading 'Stagnone_dxy01_15m_0006.mdu': keyword [output] velocitymagnitudeclasses=0.0 was in file, but not used. Check possible typo.
** WARNING: While reading 'Stagnone_dxy01_15m_0004.mdu': keyword [output] velocitydirectionclassesinterv=0.0 was in file, but not used. Check possible typo.
Dimr [2026-05-18 18:13:57.581225] #4 >> kernel: While reading 'Stagnone_dxy01_15m_0004.mdu': keyword [output] velocitydirectionclassesinterv=0.0 was in file, but not used. Check possible typo.
** WARNING: While reading 'Stagnone_dxy01_15m_0004.mdu': keyword [output] velocitymagnitudeclasses=0.0 was in file, but not used. Check possible typo.
Dimr [2026-05-18 18:13:57.581237] #4 >> kernel: While reading 'Stagnone_dxy01_15m_0004.mdu': keyword [output] velocitymagnitudeclasses=0.0 was in file, but not used. Check possible typo.
** INFO   : Reading cache file: Stagnone_dxy01_15m_0002.cache
** INFO   : No cache file available initially. Proceeding with normal initialization.
** INFO   : Reading cache file: Stagnone_dxy01_15m_0003.cache
** INFO   : No cache file available initially. Proceeding with normal initialization.
** INFO   : Reading cache file: Stagnone_dxy01_15m_0001.cache
** INFO   : No cache file available initially. Proceeding with normal initialization.
** INFO   : Reading cache file: Stagnone_dxy01_15m_0000.cache
** INFO   : No cache file available initially. Proceeding with normal initialization.
** INFO   : Reading cache file: Stagnone_dxy01_15m_0006.cache
** INFO   : Reading cache file: Stagnone_dxy01_15m_0007.cache
** INFO   : No cache file available initially. Proceeding with normal initialization.
** INFO   : No cache file available initially. Proceeding with normal initialization.
** INFO   : Reading cache file: Stagnone_dxy01_15m_0004.cache
** INFO   : No cache file available initially. Proceeding with normal initialization.
** WARNING: D-WAVES coupling enabled and kmx>0, so layer interface coordinates are needed on com-file. FullGridOutput set to 1.
Dimr [2026-05-18 18:13:57.584416] #5 >> kernel: D-WAVES coupling enabled and kmx>0, so layer interface coordinates are needed on com-file. FullGridOutput set to 1.
** WARNING:            6  0.7000070      XK (KMAX), YK (KMAX), ZK (KMAX), KC (KMAX), NMK (KMAX), RNOD(KMAX)
Dimr [2026-05-18 18:13:57.584436] #5 >> kernel:            6  0.7000070      XK (KMAX), YK (KMAX), ZK (KMAX), KC (KMAX), NMK (KMAX), RNOD(KMAX)
** WARNING: MDU settings combine a restart file and a smoothing time: Tlfsmo =   3600.00000    . Be aware that you need to adjust TStartTlfsmo to obtain the same results between the original and restart simulations.
Dimr [2026-05-18 18:13:57.584715] #5 >> kernel: MDU settings combine a restart file and a smoothing time: Tlfsmo =   3600.00000    . Be aware that you need to adjust TStartTlfsmo to obtain the same results between the original and restart simulations.
** WARNING: While reading 'Stagnone_dxy01_15m_0005.mdu': keyword [numerics] qhrelax=0.01 was in file, but not used. Check possible typo.
Dimr [2026-05-18 18:13:57.585303] #5 >> kernel: While reading 'Stagnone_dxy01_15m_0005.mdu': keyword [numerics] qhrelax=0.01 was in file, but not used. Check possible typo.
** WARNING: While reading 'Stagnone_dxy01_15m_0005.mdu': keyword [wind] windspeedbreakpoints=0.0 100.0 was in file, but not used. Check possible typo.
Dimr [2026-05-18 18:13:57.585806] #5 >> kernel: While reading 'Stagnone_dxy01_15m_0005.mdu': keyword [wind] windspeedbreakpoints=0.0 100.0 was in file, but not used. Check possible typo.
** WARNING: While reading 'Stagnone_dxy01_15m_0005.mdu': keyword [output] wrishp_enc=0 was in file, but not used. Check possible typo.
Dimr [2026-05-18 18:13:57.585932] #5 >> kernel: While reading 'Stagnone_dxy01_15m_0005.mdu': keyword [output] wrishp_enc=0 was in file, but not used. Check possible typo.
** WARNING: While reading 'Stagnone_dxy01_15m_0005.mdu': keyword [output] waterlevelclasses=0.0 was in file, but not used. Check possible typo.
Dimr [2026-05-18 18:13:57.586153] #5 >> kernel: While reading 'Stagnone_dxy01_15m_0005.mdu': keyword [output] waterlevelclasses=0.0 was in file, but not used. Check possible typo.
** WARNING: While reading 'Stagnone_dxy01_15m_0005.mdu': keyword [output] waterdepthclasses=0.0 was in file, but not used. Check possible typo.
Dimr [2026-05-18 18:13:57.586164] #5 >> kernel: While reading 'Stagnone_dxy01_15m_0005.mdu': keyword [output] waterdepthclasses=0.0 was in file, but not used. Check possible typo.
** WARNING: While reading 'Stagnone_dxy01_15m_0005.mdu': keyword [output] velocitydirectionclassesinterv=0.0 was in file, but not used. Check possible typo.
Dimr [2026-05-18 18:13:57.586232] #5 >> kernel: While reading 'Stagnone_dxy01_15m_0005.mdu': keyword [output] velocitydirectionclassesinterv=0.0 was in file, but not used. Check possible typo.
** WARNING: While reading 'Stagnone_dxy01_15m_0005.mdu': keyword [output] velocitymagnitudeclasses=0.0 was in file, but not used. Check possible typo.
Dimr [2026-05-18 18:13:57.586243] #5 >> kernel: While reading 'Stagnone_dxy01_15m_0005.mdu': keyword [output] velocitymagnitudeclasses=0.0 was in file, but not used. Check possible typo.
** INFO   : Reading cache file: Stagnone_dxy01_15m_0005.cache
** INFO   : No cache file available initially. Proceeding with normal initialization.
ug_get_meshgeom, #12, ierr=0
ug_get_meshgeom, #12, ierr=0
ug_get_meshgeom, #12, ierr=0
ug_get_meshgeom, #12, ierr=0
ug_get_meshgeom, #12, ierr=0
ug_get_meshgeom, #12, ierr=0
ug_get_meshgeom, #12, ierr=0
ug_get_meshgeom, #12, ierr=0
** INFO   : Opened file : sicily2.ldb
** INFO   : Opened file : sicily2.ldb
** INFO   : Opened file : sicily2.ldb
** INFO   : Opened file : sicily2.ldb
** INFO   : Opened file : sicily2.ldb
** INFO   : Opened file : sicily2.ldb
** INFO   : Opened file : sicily2.ldb
** INFO   : Opened file : sicily2.ldb
** INFO   : Closed file : sicily2.ldb
** INFO   : Opened file : Stagnone_dxy01_15m.ldb
** INFO   : Closed file : Stagnone_dxy01_15m.ldb
** INFO   : Closed file : sicily2.ldb
** INFO   : Opened file : Stagnone_dxy01_15m.ldb
** INFO   : Closed file : Stagnone_dxy01_15m.ldb
** INFO   : Opened file : Stagnone_dxy01_15m_obs.xyn
** INFO   : Opened file : Stagnone_dxy01_15m_obs.xyn
** INFO   : Closed file : Stagnone_dxy01_15m_obs.xyn
** INFO   : Closed file : Stagnone_dxy01_15m_obs.xyn
 model loaded
 model loaded
** INFO   : Closed file : sicily2.ldb
** INFO   : Opened file : Stagnone_dxy01_15m.ldb
** INFO   : Closed file : Stagnone_dxy01_15m.ldb
** INFO   : Opened file : Stagnone_dxy01_15m_obs.xyn
** INFO   : Closed file : Stagnone_dxy01_15m_obs.xyn
 model loaded
** INFO   : Closed file : sicily2.ldb
** INFO   : Opened file : Stagnone_dxy01_15m.ldb
** INFO   : Closed file : Stagnone_dxy01_15m.ldb
** INFO   : Opened file : Stagnone_dxy01_15m_obs.xyn
** INFO   : Closed file : Stagnone_dxy01_15m_obs.xyn
 model loaded
** INFO   : Closed file : sicily2.ldb
** INFO   : Opened file : Stagnone_dxy01_15m.ldb
** INFO   : Closed file : Stagnone_dxy01_15m.ldb
** INFO   : Opened file : Stagnone_dxy01_15m_obs.xyn
** INFO   : Closed file : Stagnone_dxy01_15m_obs.xyn
 model loaded
** INFO   : Closed file : sicily2.ldb
** INFO   : Opened file : Stagnone_dxy01_15m.ldb
** INFO   : Closed file : Stagnone_dxy01_15m.ldb
** INFO   : Opened file : Stagnone_dxy01_15m_obs.xyn
** INFO   : Closed file : Stagnone_dxy01_15m_obs.xyn
** INFO   : Closed file : sicily2.ldb
 model loaded
** INFO   : Opened file : Stagnone_dxy01_15m.ldb
** INFO   : Closed file : Stagnone_dxy01_15m.ldb
** INFO   : Opened file : Stagnone_dxy01_15m_obs.xyn
** INFO   : Closed file : Stagnone_dxy01_15m_obs.xyn
 model loaded
** INFO   : Closed file : sicily2.ldb
** INFO   : Opened file : Stagnone_dxy01_15m.ldb
** INFO   : Closed file : Stagnone_dxy01_15m.ldb
** INFO   : Opened file : Stagnone_dxy01_15m_obs.xyn
** INFO   : Closed file : Stagnone_dxy01_15m_obs.xyn
 model loaded
 Initializing flow: flow_modelinit
** INFO   : Initializing flow model geometry...
 Initializing flow: flow_modelinit
** INFO   : Initializing flow model geometry...
 Initializing flow: flow_modelinit
** INFO   : Initializing flow model geometry...
 Initializing flow: flow_modelinit
** INFO   : Initializing flow model geometry...
 Initializing flow: flow_modelinit
** INFO   : Initializing flow model geometry...
 Initializing flow: flow_modelinit
** INFO   : Initializing flow model geometry...
 Initializing flow: flow_modelinit
** INFO   : Initializing flow model geometry...
 Initializing flow: flow_modelinit
** INFO   : Initializing flow model geometry...
** INFO   : removing dry cells...
** INFO   : Opened file : illegalcells_dry.pol
** INFO   : removing dry cells...
** INFO   : Opened file : illegalcells_dry.pol
** INFO   : removing dry cells...
** INFO   : Opened file : illegalcells_dry.pol
** INFO   : removing dry cells...
** INFO   : Opened file : illegalcells_dry.pol
** INFO   : removing dry cells...
** INFO   : Opened file : illegalcells_dry.pol
** INFO   : removing dry cells...
** INFO   : Opened file : illegalcells_dry.pol
** INFO   : removing dry cells...
** INFO   : Opened file : illegalcells_dry.pol
** INFO   : removing dry cells...
** INFO   : Opened file : illegalcells_dry.pol
** INFO   : Closed file : illegalcells_dry.pol
** INFO   : fixing global polygon...
** INFO   : Closed file : illegalcells_dry.pol
** INFO   : fixing global polygon...
** INFO   : Closed file : illegalcells_dry.pol
** INFO   : fixing global polygon...
** INFO   : Closed file : illegalcells_dry.pol
** INFO   : Closed file : illegalcells_dry.pol
** INFO   : fixing global polygon...
** INFO   : fixing global polygon...
** INFO   : Closed file : illegalcells_dry.pol
** INFO   : fixing global polygon...
** INFO   : done
** INFO   : done
** INFO   : done
** INFO   : done
** INFO   : done
** INFO   : done
** INFO   : Closed file : illegalcells_dry.pol
** INFO   : fixing global polygon...
** INFO   : Closed file : illegalcells_dry.pol
** INFO   : fixing global polygon...
** INFO   : done in      0.00000 sec.
** INFO   : done in      0.00000 sec.
** INFO   : done in      0.00000 sec.
** INFO   : done
** INFO   : done
** INFO   : done in      0.00100 sec.
** INFO   : done in      0.00100 sec.
** INFO   : done in      0.00100 sec.
** INFO   : done in      0.00100 sec.
** INFO   : done in      0.00100 sec.
** INFO   : Opened file : Stagnone_dxy01_15m_old.ext
** INFO   : Opened file : Stagnone_dxy01_15m_old.ext
** INFO   : Opened file : Stagnone_dxy01_15m_old.ext
** INFO   : Opened file : Stagnone_dxy01_15m_old.ext
** INFO   : Opened file : Stagnone_dxy01_15m_old.ext
** INFO   : Opened file : Stagnone_dxy01_15m_old.ext
** INFO   : Opened file : Stagnone_dxy01_15m_old.ext
** INFO   : Opened file : Stagnone_dxy01_15m_old.ext
** INFO   : disabled 144 boundary links
** INFO   : partition_reduce_mirrorcells, elapsed time:     0.40000E-02s.
** INFO   : Opened file : Stagnone_dxy01_15m.pli
** INFO   : Closed file : Stagnone_dxy01_15m.pli
** INFO   : disabled 52 boundary links
** INFO   : partition_reduce_mirrorcells, elapsed time:     0.40000E-02s.
** INFO   : disabled 192 boundary links
** INFO   : partition_reduce_mirrorcells, elapsed time:     0.30000E-02s.
** INFO   : disabled 103 boundary links
** INFO   : partition_reduce_mirrorcells, elapsed time:     0.30000E-02s.
** INFO   : disabled 89 boundary links
** INFO   : Opened file : Stagnone_dxy01_15m.pli
** INFO   : partition_reduce_mirrorcells, elapsed time:     0.10000E-02s.
** INFO   : disabled 35 boundary links
** INFO   : Closed file : Stagnone_dxy01_15m.pli
** INFO   : partition_reduce_mirrorcells, elapsed time:     0.50000E-02s.
** INFO   : Opened file : Stagnone_dxy01_15m.pli
** INFO   : boundary: 'Stagnone_dxy01_15m.pli' opened 38 cells.
** INFO   : waterlevelbnd Stagnone_dxy01_15m.pli      38 nr of open bndcells
** INFO   : Opened file : Stagnone_dxy01_15m.pli
** INFO   : Opened file : Stagnone_dxy01_15m.pli
** INFO   : Closed file : Stagnone_dxy01_15m.pli
** INFO   : Closed file : Stagnone_dxy01_15m.pli
** INFO   : Closed file : Stagnone_dxy01_15m.pli
** WARNING: Boundary link 00001625 already claimed [     12.0950,     38.0615]
** INFO   : Opened file : Stagnone_dxy01_15m.pli
Dimr [2026-05-18 18:13:57.697162] #1 >> kernel: Boundary link 00001625 already claimed [     12.0950,     38.0615]
** WARNING: Boundary link 00001776 already claimed [     12.1050,     38.0615]
Dimr [2026-05-18 18:13:57.697187] #1 >> kernel: Boundary link 00001776 already claimed [     12.1050,     38.0615]
** WARNING: Boundary link 00001915 already claimed [     12.1150,     38.0615]
Dimr [2026-05-18 18:13:57.697199] #1 >> kernel: Boundary link 00001915 already claimed [     12.1150,     38.0615]
** WARNING: Boundary link 00002068 already claimed [     12.1250,     38.0615]
Dimr [2026-05-18 18:13:57.697209] #1 >> kernel: Boundary link 00002068 already claimed [     12.1250,     38.0615]
** INFO   : Opened file : Stagnone_dxy01_15m.pli
** WARNING: Boundary link 00002204 already claimed [     12.1350,     38.0615]
Dimr [2026-05-18 18:13:57.697231] #1 >> kernel: Boundary link 00002204 already claimed [     12.1350,     38.0615]
** WARNING: Boundary link 00002337 already claimed [     12.1450,     38.0615]
Dimr [2026-05-18 18:13:57.697252] #1 >> kernel: Boundary link 00002337 already claimed [     12.1450,     38.0615]
** INFO   : Closed file : Stagnone_dxy01_15m.pli
** WARNING: Boundary link 00002483 already claimed [     12.1550,     38.0615]
Dimr [2026-05-18 18:13:57.697271] #1 >> kernel: Boundary link 00002483 already claimed [     12.1550,     38.0615]
** INFO   : disabled 90 boundary links
** INFO   : partition_reduce_mirrorcells, elapsed time:     0.30000E-02s.
** WARNING: Boundary link 00002620 already claimed [     12.1650,     38.0615]
Dimr [2026-05-18 18:13:57.697306] #1 >> kernel: Boundary link 00002620 already claimed [     12.1650,     38.0615]
** INFO   : disabled 147 boundary links
** INFO   : partition_reduce_mirrorcells, elapsed time:     0.40000E-02s.
** WARNING: Boundary link 00002758 already claimed [     12.1750,     38.0615]
Dimr [2026-05-18 18:13:57.697327] #1 >> kernel: Boundary link 00002758 already claimed [     12.1750,     38.0615]
** WARNING: Boundary link 00002894 already claimed [     12.1850,     38.0615]
Dimr [2026-05-18 18:13:57.697342] #1 >> kernel: Boundary link 00002894 already claimed [     12.1850,     38.0615]
** WARNING: Boundary link 00003038 already claimed [     12.1950,     38.0615]
Dimr [2026-05-18 18:13:57.697353] #1 >> kernel: Boundary link 00003038 already claimed [     12.1950,     38.0615]
** WARNING: Boundary link 00003187 already claimed [     12.2050,     38.0615]
Dimr [2026-05-18 18:13:57.697366] #1 >> kernel: Boundary link 00003187 already claimed [     12.2050,     38.0615]
** INFO   : Closed file : Stagnone_dxy01_15m.pli
** WARNING: Boundary link 00003311 already claimed [     12.2150,     38.0615]
Dimr [2026-05-18 18:13:57.697383] #1 >> kernel: Boundary link 00003311 already claimed [     12.2150,     38.0615]
** WARNING: Boundary link 00003443 already claimed [     12.2250,     38.0615]
Dimr [2026-05-18 18:13:57.697393] #1 >> kernel: Boundary link 00003443 already claimed [     12.2250,     38.0615]
** WARNING: Boundary link 00003566 already claimed [     12.2350,     38.0615]
Dimr [2026-05-18 18:13:57.697406] #1 >> kernel: Boundary link 00003566 already claimed [     12.2350,     38.0615]
** WARNING: Boundary link 00003708 already claimed [     12.2450,     38.0615]
Dimr [2026-05-18 18:13:57.697416] #1 >> kernel: Boundary link 00003708 already claimed [     12.2450,     38.0615]
** WARNING: Boundary link 00003826 already claimed [     12.2550,     38.0615]
Dimr [2026-05-18 18:13:57.697430] #1 >> kernel: Boundary link 00003826 already claimed [     12.2550,     38.0615]
** WARNING: Boundary link 00003961 already claimed [     12.2650,     38.0615]
Dimr [2026-05-18 18:13:57.697447] #1 >> kernel: Boundary link 00003961 already claimed [     12.2650,     38.0615]
** WARNING: Boundary link 00004074 already claimed [     12.2750,     38.0615]
Dimr [2026-05-18 18:13:57.697464] #1 >> kernel: Boundary link 00004074 already claimed [     12.2750,     38.0615]
** WARNING: Boundary link 00004190 already claimed [     12.2850,     38.0615]
Dimr [2026-05-18 18:13:57.697475] #1 >> kernel: Boundary link 00004190 already claimed [     12.2850,     38.0615]
** WARNING: Boundary link 00004325 already claimed [     12.2950,     38.0615]
Dimr [2026-05-18 18:13:57.697486] #1 >> kernel: Boundary link 00004325 already claimed [     12.2950,     38.0615]
** WARNING: Boundary link 00004444 already claimed [     12.3050,     38.0615]
Dimr [2026-05-18 18:13:57.697496] #1 >> kernel: Boundary link 00004444 already claimed [     12.3050,     38.0615]
** WARNING: Boundary link 00004560 already claimed [     12.3150,     38.0615]
Dimr [2026-05-18 18:13:57.697510] #1 >> kernel: Boundary link 00004560 already claimed [     12.3150,     38.0615]
** WARNING: Boundary link 00004668 already claimed [     12.3250,     38.0615]
Dimr [2026-05-18 18:13:57.697522] #1 >> kernel: Boundary link 00004668 already claimed [     12.3250,     38.0615]
** WARNING: Boundary link 00004679 already claimed [     12.4650,     38.0615]
** INFO   : Opened file : Stagnone_dxy01_15m.pli
Dimr [2026-05-18 18:13:57.697532] #1 >> kernel: Boundary link 00004679 already claimed [     12.4650,     38.0615]
** WARNING: Boundary link 00004782 already claimed [     12.3350,     38.0615]
Dimr [2026-05-18 18:13:57.697546] #1 >> kernel: Boundary link 00004782 already claimed [     12.3350,     38.0615]
** WARNING: Boundary link 00004792 already claimed [     12.4550,     38.0615]
Dimr [2026-05-18 18:13:57.697557] #1 >> kernel: Boundary link 00004792 already claimed [     12.4550,     38.0615]
** WARNING: Boundary link 00004874 already claimed [     12.3450,     38.0615]
** INFO   : Opened file : Stagnone_dxy01_15m.pli
Dimr [2026-05-18 18:13:57.697569] #1 >> kernel: Boundary link 00004874 already claimed [     12.3450,     38.0615]
** WARNING: Boundary link 00004886 already claimed [     12.4450,     38.0615]
Dimr [2026-05-18 18:13:57.697580] #1 >> kernel: Boundary link 00004886 already claimed [     12.4450,     38.0615]
** WARNING: Boundary link 00004969 already claimed [     12.3550,     38.0615]
Dimr [2026-05-18 18:13:57.697594] #1 >> kernel: Boundary link 00004969 already claimed [     12.3550,     38.0615]
** INFO   : Closed file : Stagnone_dxy01_15m.pli
** WARNING: Boundary link 00004975 already claimed [     12.4350,     38.0615]
Dimr [2026-05-18 18:13:57.697606] #1 >> kernel: Boundary link 00004975 already claimed [     12.4350,     38.0615]
** WARNING: Boundary link 00005063 already claimed [     12.3650,     38.0615]
Dimr [2026-05-18 18:13:57.697622] #1 >> kernel: Boundary link 00005063 already claimed [     12.3650,     38.0615]
** WARNING: Boundary link 00005076 already claimed [     12.4250,     38.0615]
** INFO   : boundary: 'Stagnone_dxy01_15m.pli' opened 33 cells.
** INFO   : waterlevelbnd Stagnone_dxy01_15m.pli      33 nr of open bndcells
Dimr [2026-05-18 18:13:57.697634] #1 >> kernel: Boundary link 00005076 already claimed [     12.4250,     38.0615]
** WARNING: Boundary link 00005156 already claimed [     12.3750,     38.0615]
Dimr [2026-05-18 18:13:57.697645] #1 >> kernel: Boundary link 00005156 already claimed [     12.3750,     38.0615]
** WARNING: Boundary link 00005162 already claimed [     12.4150,     38.0615]
** INFO   : Closed file : Stagnone_dxy01_15m.pli
Dimr [2026-05-18 18:13:57.697656] #1 >> kernel: Boundary link 00005162 already claimed [     12.4150,     38.0615]
** WARNING: Boundary link 00005249 already claimed [     12.3850,     38.0615]
** INFO   : boundary: 'Stagnone_dxy01_15m.pli' opened 0 cells.
** INFO   : waterlevelbnd Stagnone_dxy01_15m.pli       0 nr of open bndcells
Dimr [2026-05-18 18:13:57.697672] #1 >> kernel: Boundary link 00005249 already claimed [     12.3850,     38.0615]
** WARNING: Boundary link 00005258 already claimed [     12.4050,     38.0615]
Dimr [2026-05-18 18:13:57.697683] #1 >> kernel: Boundary link 00005258 already claimed [     12.4050,     38.0615]
** WARNING: Boundary link 00005342 already claimed [     12.3950,     38.0615]
** INFO   : Opened file : Stagnone_dxy01_15m.pli
Dimr [2026-05-18 18:13:57.697693] #1 >> kernel: Boundary link 00005342 already claimed [     12.3950,     38.0615]
** INFO   : Opened file : Stagnone_dxy01_15m.pli
** INFO   : Closed file : Stagnone_dxy01_15m.pli
** INFO   : Closed file : Stagnone_dxy01_15m.pli
** INFO   : boundary: 'Stagnone_dxy01_15m.pli' opened 0 cells.
** INFO   : waterlevelbnd Stagnone_dxy01_15m.pli       0 nr of open bndcells
** INFO   : Opened file : Stagnone_dxy01_15m.pli
** INFO   : Closed file : Stagnone_dxy01_15m.pli
** WARNING: Boundary link 00000834 already claimed [     11.9620,     37.9567]
Dimr [2026-05-18 18:13:57.697917] #4 >> kernel: Boundary link 00000834 already claimed [     11.9620,     37.9567]
** WARNING: Boundary link 00000971 already claimed [     11.9620,     37.9646]
Dimr [2026-05-18 18:13:57.697950] #4 >> kernel: Boundary link 00000971 already claimed [     11.9620,     37.9646]
** WARNING: Boundary link 00001110 already claimed [     11.9620,     37.9725]
Dimr [2026-05-18 18:13:57.697964] #4 >> kernel: Boundary link 00001110 already claimed [     11.9620,     37.9725]
** WARNING: Boundary link 00001268 already claimed [     11.9620,     37.9804]
Dimr [2026-05-18 18:13:57.697978] #4 >> kernel: Boundary link 00001268 already claimed [     11.9620,     37.9804]
** WARNING: Boundary link 00001417 already claimed [     11.9620,     37.9882]
Dimr [2026-05-18 18:13:57.697994] #4 >> kernel: Boundary link 00001417 already claimed [     11.9620,     37.9882]
** WARNING: Boundary link 00001556 already claimed [     11.9620,     37.9961]
Dimr [2026-05-18 18:13:57.698017] #4 >> kernel: Boundary link 00001556 already claimed [     11.9620,     37.9961]
** INFO   : boundary: 'Stagnone_dxy01_15m.pli' opened 15 cells.
** INFO   : waterlevelbnd Stagnone_dxy01_15m.pli      15 nr of open bndcells
** WARNING: Boundary link 00001691 already claimed [     11.9750,     38.0615]
Dimr [2026-05-18 18:13:57.698031] #4 >> kernel: Boundary link 00001691 already claimed [     11.9750,     38.0615]
** WARNING: Boundary link 00001693 already claimed [     11.9620,     38.0513]
Dimr [2026-05-18 18:13:57.698044] #4 >> kernel: Boundary link 00001693 already claimed [     11.9620,     38.0513]
** WARNING: Boundary link 00001696 already claimed [     11.9620,     38.0040]
Dimr [2026-05-18 18:13:57.698057] #4 >> kernel: Boundary link 00001696 already claimed [     11.9620,     38.0040]
** INFO   : Opened file : Stagnone_dxy01_15m.pli
** WARNING: Boundary link 00001843 already claimed [     11.9850,     38.0615]
Dimr [2026-05-18 18:13:57.698072] #4 >> kernel: Boundary link 00001843 already claimed [     11.9850,     38.0615]
** WARNING: Boundary link 00001847 already claimed [     11.9620,     38.0434]
Dimr [2026-05-18 18:13:57.698085] #4 >> kernel: Boundary link 00001847 already claimed [     11.9620,     38.0434]
** WARNING: Boundary link 00001850 already claimed [     11.9620,     38.0119]
Dimr [2026-05-18 18:13:57.698098] #4 >> kernel: Boundary link 00001850 already claimed [     11.9620,     38.0119]
** WARNING: Boundary link 00002008 already claimed [     11.9950,     38.0615]
Dimr [2026-05-18 18:13:57.698121] #4 >> kernel: Boundary link 00002008 already claimed [     11.9950,     38.0615]
** INFO   : Closed file : Stagnone_dxy01_15m.pli
** WARNING: Boundary link 00002014 already claimed [     11.9620,     38.0355]
Dimr [2026-05-18 18:13:57.698134] #4 >> kernel: Boundary link 00002014 already claimed [     11.9620,     38.0355]
** WARNING: Boundary link 00002017 already claimed [     11.9620,     38.0198]
** INFO   : boundary: 'Stagnone_dxy01_15m.pli' opened 0 cells.
** INFO   : waterlevelbnd Stagnone_dxy01_15m.pli       0 nr of open bndcells
Dimr [2026-05-18 18:13:57.698147] #4 >> kernel: Boundary link 00002017 already claimed [     11.9620,     38.0198]
** WARNING: Boundary link 00002152 already claimed [     12.0050,     38.0615]
Dimr [2026-05-18 18:13:57.698163] #4 >> kernel: Boundary link 00002152 already claimed [     12.0050,     38.0615]
** WARNING: Boundary link 00002160 already claimed [     11.9620,     38.0276]
Dimr [2026-05-18 18:13:57.698176] #4 >> kernel: Boundary link 00002160 already claimed [     11.9620,     38.0276]
** INFO   : Opened file : Stagnone_dxy01_15m.pli
** WARNING: Boundary link 00002290 already claimed [     12.0150,     38.0615]
Dimr [2026-05-18 18:13:57.698210] #4 >> kernel: Boundary link 00002290 already claimed [     12.0150,     38.0615]
** WARNING: Boundary link 00002416 already claimed [     12.0250,     38.0615]
Dimr [2026-05-18 18:13:57.698228] #4 >> kernel: Boundary link 00002416 already claimed [     12.0250,     38.0615]
** WARNING: Boundary link 00002572 already claimed [     12.0350,     38.0615]
Dimr [2026-05-18 18:13:57.698248] #4 >> kernel: Boundary link 00002572 already claimed [     12.0350,     38.0615]
** WARNING: Boundary link 00002682 already claimed [     12.0450,     38.0615]
Dimr [2026-05-18 18:13:57.698277] #4 >> kernel: Boundary link 00002682 already claimed [     12.0450,     38.0615]
** INFO   : Closed file : Stagnone_dxy01_15m.pli
** WARNING: Boundary link 00002820 already claimed [     12.0550,     38.0615]
Dimr [2026-05-18 18:13:57.698297] #4 >> kernel: Boundary link 00002820 already claimed [     12.0550,     38.0615]
** WARNING: Boundary link 00002944 already claimed [     12.0650,     38.0615]
Dimr [2026-05-18 18:13:57.698317] #4 >> kernel: Boundary link 00002944 already claimed [     12.0650,     38.0615]
** INFO   : boundary: 'Stagnone_dxy01_15m.pli' opened 38 cells.
** INFO   : salinitybnd Stagnone_dxy01_15m.pli      38 nr of salinity bndcells
** WARNING: Boundary link 00002986 already claimed [     12.1650,     38.0615]
Dimr [2026-05-18 18:13:57.698331] #4 >> kernel: Boundary link 00002986 already claimed [     12.1650,     38.0615]
** INFO   : Opened file : Stagnone_dxy01_15m.pli
** WARNING: Boundary link 00003089 already claimed [     12.0750,     38.0615]
Dimr [2026-05-18 18:13:57.698351] #4 >> kernel: Boundary link 00003089 already claimed [     12.0750,     38.0615]
** WARNING: Boundary link 00003120 already claimed [     12.1550,     38.0615]
Dimr [2026-05-18 18:13:57.698364] #4 >> kernel: Boundary link 00003120 already claimed [     12.1550,     38.0615]
** WARNING: Boundary link 00003250 already claimed [     12.0850,     38.0615]
Dimr [2026-05-18 18:13:57.698391] #4 >> kernel: Boundary link 00003250 already claimed [     12.0850,     38.0615]
** WARNING: Boundary link 00003277 already claimed [     12.1450,     38.0615]
Dimr [2026-05-18 18:13:57.698404] #4 >> kernel: Boundary link 00003277 already claimed [     12.1450,     38.0615]
** INFO   : boundary: 'Stagnone_dxy01_15m.pli' opened 63 cells.
** INFO   : Closed file : Stagnone_dxy01_15m.pli
** WARNING: Boundary link 00003407 already claimed [     12.0950,     38.0615]
Dimr [2026-05-18 18:13:57.698426] #4 >> kernel: Boundary link 00003407 already claimed [     12.0950,     38.0615]
** WARNING: Boundary link 00003432 already claimed [     12.1350,     38.0615]
** INFO   : waterlevelbnd Stagnone_dxy01_15m.pli      63 nr of open bndcells
Dimr [2026-05-18 18:13:57.698439] #4 >> kernel: Boundary link 00003432 already claimed [     12.1350,     38.0615]
** WARNING: Boundary link 00003550 already claimed [     12.1050,     38.0615]
Dimr [2026-05-18 18:13:57.698463] #4 >> kernel: Boundary link 00003550 already claimed [     12.1050,     38.0615]
** WARNING: Boundary link 00003568 already claimed [     12.1250,     38.0615]
** INFO   : boundary: 'Stagnone_dxy01_15m.pli' opened 0 cells.
Dimr [2026-05-18 18:13:57.698476] #4 >> kernel: Boundary link 00003568 already claimed [     12.1250,     38.0615]
** INFO   : Opened file : Stagnone_dxy01_15m.pli
** INFO   : waterlevelbnd Stagnone_dxy01_15m.pli       0 nr of open bndcells
** WARNING: Boundary link 00003682 already claimed [     12.1150,     38.0615]
Dimr [2026-05-18 18:13:57.698499] #4 >> kernel: Boundary link 00003682 already claimed [     12.1150,     38.0615]
** INFO   : Opened file : Stagnone_dxy01_15m.pli
** INFO   : Closed file : Stagnone_dxy01_15m.pli
** INFO   : Closed file : Stagnone_dxy01_15m.pli
** INFO   : boundary: 'Stagnone_dxy01_15m.pli' opened 0 cells.
** INFO   : waterlevelbnd Stagnone_dxy01_15m.pli       0 nr of open bndcells
** INFO   : Opened file : Stagnone_dxy01_15m.pli
** INFO   : boundary: 'Stagnone_dxy01_15m.pli' opened 0 cells.
** INFO   : waterlevelbnd Stagnone_dxy01_15m.pli       0 nr of open bndcells
** INFO   : Opened file : Stagnone_dxy01_15m.pli
** INFO   : Closed file : Stagnone_dxy01_15m.pli
** INFO   : boundary: 'Stagnone_dxy01_15m.pli' opened 38 cells.
** INFO   : temperaturebnd Stagnone_dxy01_15m.pli      38 nr of temperature bndcells
** INFO   : Closed file : Stagnone_dxy01_15m.pli
** INFO   : Opened file : Stagnone_dxy01_15m.pli
** INFO   : boundary: 'Stagnone_dxy01_15m.pli' opened 34 cells.
** INFO   : waterlevelbnd Stagnone_dxy01_15m.pli      34 nr of open bndcells
** INFO   : Closed file : Stagnone_dxy01_15m.pli
** WARNING: Boundary link 00004697 already claimed [     12.3950,     38.0615]
Dimr [2026-05-18 18:13:57.698953] #2 >> kernel: Boundary link 00004697 already claimed [     12.3950,     38.0615]
** INFO   : Opened file : Stagnone_dxy01_15m.pli
** WARNING: Boundary link 00004787 already claimed [     12.4050,     38.0615]
Dimr [2026-05-18 18:13:57.698998] #2 >> kernel: Boundary link 00004787 already claimed [     12.4050,     38.0615]
** WARNING: Boundary link 00004875 already claimed [     12.4150,     38.0615]
Dimr [2026-05-18 18:13:57.699035] #2 >> kernel: Boundary link 00004875 already claimed [     12.4150,     38.0615]
** INFO   : boundary: 'Stagnone_dxy01_15m.pli' opened 0 cells.
** INFO   : waterlevelbnd Stagnone_dxy01_15m.pli       0 nr of open bndcells
** WARNING: Boundary link 00004944 already claimed [     12.4250,     38.0615]
Dimr [2026-05-18 18:13:57.699057] #2 >> kernel: Boundary link 00004944 already claimed [     12.4250,     38.0615]
** WARNING: Boundary link 00005011 already claimed [     12.4350,     38.0615]
** INFO   : Closed file : Stagnone_dxy01_15m.pli
Dimr [2026-05-18 18:13:57.699078] #2 >> kernel: Boundary link 00005011 already claimed [     12.4350,     38.0615]
** WARNING: Boundary link 00005081 already claimed [     12.4450,     38.0615]
** WARNING: Boundary link 00002622 already claimed [     11.9620,     38.0119]
Dimr [2026-05-18 18:13:57.699092] #5 >> kernel: Boundary link 00002622 already claimed [     11.9620,     38.0119]
** INFO   : Opened file : Stagnone_dxy01_15m.pli
Dimr [2026-05-18 18:13:57.699101] #2 >> kernel: Boundary link 00005081 already claimed [     12.4450,     38.0615]
** WARNING: Boundary link 00005143 already claimed [     12.4550,     38.0615]
Dimr [2026-05-18 18:13:57.699120] #2 >> kernel: Boundary link 00005143 already claimed [     12.4550,     38.0615]
** WARNING: Boundary link 00005197 already claimed [     12.4650,     38.0615]
** WARNING: Boundary link 00002826 already claimed [     11.9620,     38.0040]
Dimr [2026-05-18 18:13:57.699125] #5 >> kernel: Boundary link 00002826 already claimed [     11.9620,     38.0040]
** WARNING: Boundary link 00003025 already claimed [     11.9620,     37.9961]
Dimr [2026-05-18 18:13:57.699150] #5 >> kernel: Boundary link 00003025 already claimed [     11.9620,     37.9961]
Dimr [2026-05-18 18:13:57.699146] #2 >> kernel: Boundary link 00005197 already claimed [     12.4650,     38.0615]
** WARNING: Boundary link 00005258 already claimed [     12.4750,     38.0615]
** WARNING: Boundary link 00003208 already claimed [     11.9620,     37.9882]
Dimr [2026-05-18 18:13:57.699173] #5 >> kernel: Boundary link 00003208 already claimed [     11.9620,     37.9882]
** INFO   : Closed file : Stagnone_dxy01_15m.pli
Dimr [2026-05-18 18:13:57.699174] #2 >> kernel: Boundary link 00005258 already claimed [     12.4750,     38.0615]
** WARNING: Boundary link 00005305 already claimed [     12.4850,     38.0615]
Dimr [2026-05-18 18:13:57.699196] #2 >> kernel: Boundary link 00005305 already claimed [     12.4850,     38.0615]
** WARNING: Boundary link 00003404 already claimed [     11.9620,     37.9804]
Dimr [2026-05-18 18:13:57.699213] #5 >> kernel: Boundary link 00003404 already claimed [     11.9620,     37.9804]
** WARNING: Boundary link 00005358 already claimed [     12.4950,     38.0615]
Dimr [2026-05-18 18:13:57.699222] #2 >> kernel: Boundary link 00005358 already claimed [     12.4950,     38.0615]
** WARNING: Boundary link 00005407 already claimed [     12.5050,     38.0615]
Dimr [2026-05-18 18:13:57.699240] #2 >> kernel: Boundary link 00005407 already claimed [     12.5050,     38.0615]
** WARNING: Boundary link 00003600 already claimed [     11.9620,     37.9725]
Dimr [2026-05-18 18:13:57.699246] #5 >> kernel: Boundary link 00003600 already claimed [     11.9620,     37.9725]
** WARNING: Boundary link 00005448 already claimed [     12.5150,     38.0615]
Dimr [2026-05-18 18:13:57.699259] #2 >> kernel: Boundary link 00005448 already claimed [     12.5150,     38.0615]
** WARNING: Boundary link 00003795 already claimed [     11.9620,     37.9646]
Dimr [2026-05-18 18:13:57.699272] #5 >> kernel: Boundary link 00003795 already claimed [     11.9620,     37.9646]
** WARNING: Boundary link 00003948 already claimed [     11.9620,     37.9567]
** INFO   : boundary: 'Stagnone_dxy01_15m.pli' opened 0 cells.
** INFO   : salinitybnd Stagnone_dxy01_15m.pli       0 nr of salinity bndcells
** WARNING: Boundary link 00005538 already claimed [     12.5250,     38.0622]
Dimr [2026-05-18 18:13:57.699286] #2 >> kernel: Boundary link 00005538 already claimed [     12.5250,     38.0622]
** WARNING: Boundary link 00005578 already claimed [     12.5325,     38.0623]
Dimr [2026-05-18 18:13:57.699292] #5 >> kernel: Boundary link 00003948 already claimed [     11.9620,     37.9567]
** WARNING: Boundary link 00004110 already claimed [     11.9620,     37.9488]
Dimr [2026-05-18 18:13:57.699308] #5 >> kernel: Boundary link 00004110 already claimed [     11.9620,     37.9488]
** INFO   : Opened file : Stagnone_dxy01_15m.pli
Dimr [2026-05-18 18:13:57.699304] #2 >> kernel: Boundary link 00005578 already claimed [     12.5325,     38.0623]
** WARNING: Boundary link 00004262 already claimed [     11.9620,     37.9409]
Dimr [2026-05-18 18:13:57.699323] #5 >> kernel: Boundary link 00004262 already claimed [     11.9620,     37.9409]
** WARNING: Boundary link 00004390 already claimed [     11.9620,     37.9331]
Dimr [2026-05-18 18:13:57.699338] #5 >> kernel: Boundary link 00004390 already claimed [     11.9620,     37.9331]
** WARNING: Boundary link 00004479 already claimed [     11.9620,     37.9252]
Dimr [2026-05-18 18:13:57.699351] #5 >> kernel: Boundary link 00004479 already claimed [     11.9620,     37.9252]
** WARNING: Boundary link 00004580 already claimed [     11.9620,     37.9173]
Dimr [2026-05-18 18:13:57.699365] #5 >> kernel: Boundary link 00004580 already claimed [     11.9620,     37.9173]
** INFO   : Closed file : Stagnone_dxy01_15m.pli
** INFO   : boundary: 'Stagnone_dxy01_15m.pli' opened 38 cells.
** INFO   : tracerbndlagoon_tracer Stagnone_dxy01_15m.pli      38 nr of tracer bndcells
** WARNING: Boundary link 00004664 already claimed [     11.9620,     37.9094]
Dimr [2026-05-18 18:13:57.699381] #5 >> kernel: Boundary link 00004664 already claimed [     11.9620,     37.9094]
** WARNING: Boundary link 00004745 already claimed [     11.9620,     37.9015]
Dimr [2026-05-18 18:13:57.699395] #5 >> kernel: Boundary link 00004745 already claimed [     11.9620,     37.9015]
** WARNING: Boundary link 00004798 already claimed [     11.9620,     37.8936]
Dimr [2026-05-18 18:13:57.699408] #5 >> kernel: Boundary link 00004798 already claimed [     11.9620,     37.8936]
** INFO   : Opened file : turbid_airport.pli
** INFO   : Closed file : turbid_airport.pli
** WARNING: Boundary link 00004866 already claimed [     11.9620,     37.8857]
Dimr [2026-05-18 18:13:57.699422] #5 >> kernel: Boundary link 00004866 already claimed [     11.9620,     37.8857]
** WARNING: Boundary link 00004910 already claimed [     11.9620,     37.8778]
** INFO   : boundary: 'turbid_airport.pli' opened 0 cells.
** INFO   : tracerbndturbid_airport turbid_airport.pli       0 nr of tracer bndcells
** INFO   : boundary: 'Stagnone_dxy01_15m.pli' opened 0 cells.
** INFO   : waterlevelbnd Stagnone_dxy01_15m.pli       0 nr of open bndcells
** INFO   : Opened file : Stagnone_dxy01_15m.pli
** INFO   : boundary: 'Stagnone_dxy01_15m.pli' opened 33 cells.
** INFO   : salinitybnd Stagnone_dxy01_15m.pli      33 nr of salinity bndcells
** INFO   : Opened file : Stagnone_dxy01_15m.pli
Dimr [2026-05-18 18:13:57.699442] #5 >> kernel: Boundary link 00004910 already claimed [     11.9620,     37.8778]
** WARNING: Boundary link 00004966 already claimed [     11.9620,     37.8699]
Dimr [2026-05-18 18:13:57.699457] #5 >> kernel: Boundary link 00004966 already claimed [     11.9620,     37.8699]
** WARNING: Boundary link 00005010 already claimed [     11.9620,     37.8620]
Dimr [2026-05-18 18:13:57.699471] #5 >> kernel: Boundary link 00005010 already claimed [     11.9620,     37.8620]
** WARNING: Boundary link 00005051 already claimed [     11.9620,     37.8541]
** INFO   : Opened file : turbid_saltpans.pli
** INFO   : Closed file : turbid_saltpans.pli
Dimr [2026-05-18 18:13:57.699484] #5 >> kernel: Boundary link 00005051 already claimed [     11.9620,     37.8541]
** WARNING: Boundary link 00005100 already claimed [     11.9620,     37.8462]
Dimr [2026-05-18 18:13:57.699499] #5 >> kernel: Boundary link 00005100 already claimed [     11.9620,     37.8462]
** INFO   : boundary: 'turbid_saltpans.pli' opened 0 cells.
** INFO   : tracerbndturbid_saltpans turbid_saltpans.pli       0 nr of tracer bndcells
** WARNING: Boundary link 00005135 already claimed [     11.9620,     37.8383]
Dimr [2026-05-18 18:13:57.699512] #5 >> kernel: Boundary link 00005135 already claimed [     11.9620,     37.8383]
** WARNING: Boundary link 00005172 already claimed [     11.9620,     37.8304]
Dimr [2026-05-18 18:13:57.699527] #5 >> kernel: Boundary link 00005172 already claimed [     11.9620,     37.8304]
** WARNING: Boundary link 00005220 already claimed [     11.9620,     37.8225]
** INFO   : Closed file : Stagnone_dxy01_15m.pli
Dimr [2026-05-18 18:13:57.699541] #5 >> kernel: Boundary link 00005220 already claimed [     11.9620,     37.8225]
** WARNING: Boundary link 00005253 already claimed [     11.9620,     37.8146]
Dimr [2026-05-18 18:13:57.699556] #5 >> kernel: Boundary link 00005253 already claimed [     11.9620,     37.8146]
** INFO   : Closed file : Stagnone_dxy01_15m.pli
** WARNING: Boundary link 00005292 already claimed [     11.9620,     37.8067]
Dimr [2026-05-18 18:13:57.699570] #5 >> kernel: Boundary link 00005292 already claimed [     11.9620,     37.8067]
** WARNING: Boundary link 00005331 already claimed [     11.9620,     37.7988]
Dimr [2026-05-18 18:13:57.699583] #5 >> kernel: Boundary link 00005331 already claimed [     11.9620,     37.7988]
** WARNING: Boundary link 00005372 already claimed [     11.9620,     37.7909]
Dimr [2026-05-18 18:13:57.699596] #5 >> kernel: Boundary link 00005372 already claimed [     11.9620,     37.7909]
** WARNING: Boundary link 00005415 already claimed [     11.9620,     37.7830]
Dimr [2026-05-18 18:13:57.699610] #5 >> kernel: Boundary link 00005415 already claimed [     11.9620,     37.7830]
** WARNING: Boundary link 00005460 already claimed [     11.9620,     37.7751]
Dimr [2026-05-18 18:13:57.699623] #5 >> kernel: Boundary link 00005460 already claimed [     11.9620,     37.7751]
** WARNING: Boundary link 00005505 already claimed [     11.9620,     37.7672]
Dimr [2026-05-18 18:13:57.699637] #5 >> kernel: Boundary link 00005505 already claimed [     11.9620,     37.7672]
** WARNING: Boundary link 00005552 already claimed [     11.9620,     37.7593]
Dimr [2026-05-18 18:13:57.699664] #5 >> kernel: Boundary link 00005552 already claimed [     11.9620,     37.7593]
** WARNING: Boundary link 00005603 already claimed [     11.9620,     37.7514]
Dimr [2026-05-18 18:13:57.699678] #5 >> kernel: Boundary link 00005603 already claimed [     11.9620,     37.7514]
** WARNING: Boundary link 00005656 already claimed [     11.9620,     37.7435]
Dimr [2026-05-18 18:13:57.699692] #5 >> kernel: Boundary link 00005656 already claimed [     11.9620,     37.7435]
** WARNING: Boundary link 00005713 already claimed [     11.9620,     37.7356]
Dimr [2026-05-18 18:13:57.699705] #5 >> kernel: Boundary link 00005713 already claimed [     11.9620,     37.7356]
** WARNING: Boundary link 00005770 already claimed [     11.9620,     37.7277]
Dimr [2026-05-18 18:13:57.699724] #5 >> kernel: Boundary link 00005770 already claimed [     11.9620,     37.7277]
** WARNING: Boundary link 00005827 already claimed [     11.9620,     37.7198]
Dimr [2026-05-18 18:13:57.699742] #5 >> kernel: Boundary link 00005827 already claimed [     11.9620,     37.7198]
** WARNING: Boundary link 00005884 already claimed [     11.9620,     37.7119]
Dimr [2026-05-18 18:13:57.699756] #5 >> kernel: Boundary link 00005884 already claimed [     11.9620,     37.7119]
** WARNING: Boundary link 00005997 already claimed [     11.9750,     37.7016]
Dimr [2026-05-18 18:13:57.699779] #5 >> kernel: Boundary link 00005997 already claimed [     11.9750,     37.7016]
** WARNING: Boundary link 00006050 already claimed [     11.9850,     37.7016]
Dimr [2026-05-18 18:13:57.699792] #5 >> kernel: Boundary link 00006050 already claimed [     11.9850,     37.7016]
** WARNING: Boundary link 00006101 already claimed [     11.9950,     37.7016]
Dimr [2026-05-18 18:13:57.699806] #5 >> kernel: Boundary link 00006101 already claimed [     11.9950,     37.7016]
** WARNING: Boundary link 00006151 already claimed [     12.0050,     37.7016]
Dimr [2026-05-18 18:13:57.699820] #5 >> kernel: Boundary link 00006151 already claimed [     12.0050,     37.7016]
** WARNING: Boundary link 00006196 already claimed [     12.0150,     37.7016]
Dimr [2026-05-18 18:13:57.699834] #5 >> kernel: Boundary link 00006196 already claimed [     12.0150,     37.7016]
** WARNING: Boundary link 00006239 already claimed [     12.0250,     37.7016]
** INFO   : boundary: 'Stagnone_dxy01_15m.pli' opened 0 cells.
** INFO   : waterlevelbnd Stagnone_dxy01_15m.pli       0 nr of open bndcells
Dimr [2026-05-18 18:13:57.699849] #5 >> kernel: Boundary link 00006239 already claimed [     12.0250,     37.7016]
** WARNING: Boundary link 00006280 already claimed [     12.0350,     37.7016]
Dimr [2026-05-18 18:13:57.699865] #5 >> kernel: Boundary link 00006280 already claimed [     12.0350,     37.7016]
** WARNING: Boundary link 00006320 already claimed [     12.0450,     37.7016]
Dimr [2026-05-18 18:13:57.699879] #5 >> kernel: Boundary link 00006320 already claimed [     12.0450,     37.7016]
** INFO   : Opened file : Stagnone_dxy01_15m.pli
** WARNING: Boundary link 00006355 already claimed [     12.0550,     37.7016]
Dimr [2026-05-18 18:13:57.699892] #5 >> kernel: Boundary link 00006355 already claimed [     12.0550,     37.7016]
** WARNING: Boundary link 00006388 already claimed [     12.0650,     37.7016]
Dimr [2026-05-18 18:13:57.699906] #5 >> kernel: Boundary link 00006388 already claimed [     12.0650,     37.7016]
** WARNING: Boundary link 00006419 already claimed [     12.0750,     37.7016]
Dimr [2026-05-18 18:13:57.699919] #5 >> kernel: Boundary link 00006419 already claimed [     12.0750,     37.7016]
** WARNING: Boundary link 00006448 already claimed [     12.0850,     37.7016]
Dimr [2026-05-18 18:13:57.699933] #5 >> kernel: Boundary link 00006448 already claimed [     12.0850,     37.7016]
** INFO   : boundary: 'Stagnone_dxy01_15m.pli' opened 0 cells.
** INFO   : salinitybnd Stagnone_dxy01_15m.pli       0 nr of salinity bndcells
** INFO   : Closed file : Stagnone_dxy01_15m.pli
** WARNING: Boundary link 00006475 already claimed [     12.0950,     37.7016]
Dimr [2026-05-18 18:13:57.699947] #5 >> kernel: Boundary link 00006475 already claimed [     12.0950,     37.7016]
** WARNING: Boundary link 00006500 already claimed [     12.1050,     37.7016]
Dimr [2026-05-18 18:13:57.699961] #5 >> kernel: Boundary link 00006500 already claimed [     12.1050,     37.7016]
** WARNING: Boundary link 00006523 already claimed [     12.1150,     37.7016]
** INFO   : Opened file : Stagnone_dxy01_15m.pli
Dimr [2026-05-18 18:13:57.699974] #5 >> kernel: Boundary link 00006523 already claimed [     12.1150,     37.7016]
** WARNING: Boundary link 00006544 already claimed [     12.1250,     37.7016]
Dimr [2026-05-18 18:13:57.699988] #5 >> kernel: Boundary link 00006544 already claimed [     12.1250,     37.7016]
** WARNING: Boundary link 00006563 already claimed [     12.1350,     37.7016]
Dimr [2026-05-18 18:13:57.700001] #5 >> kernel: Boundary link 00006563 already claimed [     12.1350,     37.7016]
** WARNING: Boundary link 00006581 already claimed [     12.1450,     37.7016]
Dimr [2026-05-18 18:13:57.700017] #5 >> kernel: Boundary link 00006581 already claimed [     12.1450,     37.7016]
** WARNING: Boundary link 00006594 already claimed [     12.1550,     37.7016]
Dimr [2026-05-18 18:13:57.700030] #5 >> kernel: Boundary link 00006594 already claimed [     12.1550,     37.7016]
** INFO   : Closed file : Stagnone_dxy01_15m.pli
** WARNING: Boundary link 00006605 already claimed [     12.1650,     37.7016]
Dimr [2026-05-18 18:13:57.700046] #5 >> kernel: Boundary link 00006605 already claimed [     12.1650,     37.7016]
** WARNING: Boundary link 00006614 already claimed [     12.1750,     37.7016]
Dimr [2026-05-18 18:13:57.700058] #5 >> kernel: Boundary link 00006614 already claimed [     12.1750,     37.7016]
** WARNING: Boundary link 00006621 already claimed [     12.1850,     37.7016]
** INFO   : boundary: 'Stagnone_dxy01_15m.pli' opened 0 cells.
Dimr [2026-05-18 18:13:57.700072] #5 >> kernel: Boundary link 00006621 already claimed [     12.1850,     37.7016]
** WARNING: Boundary link 00006626 already claimed [     12.1950,     37.7016]
Dimr [2026-05-18 18:13:57.700085] #5 >> kernel: Boundary link 00006626 already claimed [     12.1950,     37.7016]
** WARNING: Boundary link 00006629 already claimed [     12.2050,     37.7016]
** INFO   : temperaturebnd Stagnone_dxy01_15m.pli       0 nr of temperature bndcells
** INFO   : Opened file : Stagnone_dxy01_15m.pli
Dimr [2026-05-18 18:13:57.700099] #5 >> kernel: Boundary link 00006629 already claimed [     12.2050,     37.7016]
** INFO   : boundary: 'Stagnone_dxy01_15m.pli' opened 0 cells.
** INFO   : waterlevelbnd Stagnone_dxy01_15m.pli       0 nr of open bndcells
** INFO   : boundary: 'Stagnone_dxy01_15m.pli' opened 33 cells.
** INFO   : temperaturebnd Stagnone_dxy01_15m.pli      33 nr of temperature bndcells
** INFO   : Opened file : Stagnone_dxy01_15m.pli
** INFO   : Closed file : Stagnone_dxy01_15m.pli
** INFO   : Opened file : Stagnone_dxy01_15m.pli
** WARNING: Boundary link 00005266 already claimed [     12.4575,     37.7008]
** INFO   : Closed file : Stagnone_dxy01_15m.pli
Dimr [2026-05-18 18:13:57.700229] #7 >> kernel: Boundary link 00005266 already claimed [     12.4575,     37.7008]
** WARNING: Boundary link 00005313 already claimed [     12.4525,     37.7008]
Dimr [2026-05-18 18:13:57.700255] #7 >> kernel: Boundary link 00005313 already claimed [     12.4525,     37.7008]
** INFO   : Closed file : Stagnone_dxy01_15m.pli
** WARNING: Boundary link 00005361 already claimed [     12.4450,     37.7009]
Dimr [2026-05-18 18:13:57.700269] #7 >> kernel: Boundary link 00005361 already claimed [     12.4450,     37.7009]
** WARNING: Boundary link 00005453 already claimed [     12.4350,     37.7016]
Dimr [2026-05-18 18:13:57.700295] #7 >> kernel: Boundary link 00005453 already claimed [     12.4350,     37.7016]
** WARNING: Boundary link 00005500 already claimed [     12.4250,     37.7016]
Dimr [2026-05-18 18:13:57.700305] #7 >> kernel: Boundary link 00005500 already claimed [     12.4250,     37.7016]
** WARNING: Boundary link 00005545 already claimed [     12.4150,     37.7016]
Dimr [2026-05-18 18:13:57.700315] #7 >> kernel: Boundary link 00005545 already claimed [     12.4150,     37.7016]
** WARNING: Boundary link 00005590 already claimed [     12.4050,     37.7016]
Dimr [2026-05-18 18:13:57.700328] #7 >> kernel: Boundary link 00005590 already claimed [     12.4050,     37.7016]
** WARNING: Boundary link 00005635 already claimed [     12.3950,     37.7016]
Dimr [2026-05-18 18:13:57.700339] #7 >> kernel: Boundary link 00005635 already claimed [     12.3950,     37.7016]
** WARNING: Boundary link 00005681 already claimed [     12.3850,     37.7016]
Dimr [2026-05-18 18:13:57.700349] #7 >> kernel: Boundary link 00005681 already claimed [     12.3850,     37.7016]
** WARNING: Boundary link 00005725 already claimed [     12.3750,     37.7016]
Dimr [2026-05-18 18:13:57.700360] #7 >> kernel: Boundary link 00005725 already claimed [     12.3750,     37.7016]
** WARNING: Boundary link 00005766 already claimed [     12.3650,     37.7016]
Dimr [2026-05-18 18:13:57.700370] #7 >> kernel: Boundary link 00005766 already claimed [     12.3650,     37.7016]
** WARNING: Boundary link 00005807 already claimed [     12.3550,     37.7016]
Dimr [2026-05-18 18:13:57.700381] #7 >> kernel: Boundary link 00005807 already claimed [     12.3550,     37.7016]
** WARNING: Boundary link 00005849 already claimed [     12.3450,     37.7016]
Dimr [2026-05-18 18:13:57.700390] #7 >> kernel: Boundary link 00005849 already claimed [     12.3450,     37.7016]
** WARNING: Boundary link 00005889 already claimed [     12.3350,     37.7016]
Dimr [2026-05-18 18:13:57.700402] #7 >> kernel: Boundary link 00005889 already claimed [     12.3350,     37.7016]
** WARNING: Boundary link 00005927 already claimed [     12.3250,     37.7016]
Dimr [2026-05-18 18:13:57.700412] #7 >> kernel: Boundary link 00005927 already claimed [     12.3250,     37.7016]
** WARNING: Boundary link 00005962 already claimed [     12.3150,     37.7016]
Dimr [2026-05-18 18:13:57.700423] #7 >> kernel: Boundary link 00005962 already claimed [     12.3150,     37.7016]
** WARNING: Boundary link 00005998 already claimed [     12.3050,     37.7016]
Dimr [2026-05-18 18:13:57.700433] #7 >> kernel: Boundary link 00005998 already claimed [     12.3050,     37.7016]
** WARNING: Boundary link 00006032 already claimed [     12.2950,     37.7016]
Dimr [2026-05-18 18:13:57.700448] #7 >> kernel: Boundary link 00006032 already claimed [     12.2950,     37.7016]
** WARNING: Boundary link 00006064 already claimed [     12.2850,     37.7016]
Dimr [2026-05-18 18:13:57.700459] #7 >> kernel: Boundary link 00006064 already claimed [     12.2850,     37.7016]
** WARNING: Boundary link 00006094 already claimed [     12.2750,     37.7016]
Dimr [2026-05-18 18:13:57.700469] #7 >> kernel: Boundary link 00006094 already claimed [     12.2750,     37.7016]
** WARNING: Boundary link 00006122 already claimed [     12.2650,     37.7016]
Dimr [2026-05-18 18:13:57.700480] #7 >> kernel: Boundary link 00006122 already claimed [     12.2650,     37.7016]
** WARNING: Boundary link 00006148 already claimed [     12.2550,     37.7016]
Dimr [2026-05-18 18:13:57.700490] #7 >> kernel: Boundary link 00006148 already claimed [     12.2550,     37.7016]
** WARNING: Boundary link 00006172 already claimed [     12.2450,     37.7016]
Dimr [2026-05-18 18:13:57.700501] #7 >> kernel: Boundary link 00006172 already claimed [     12.2450,     37.7016]
** WARNING: Boundary link 00006194 already claimed [     12.2350,     37.7016]
Dimr [2026-05-18 18:13:57.700511] #7 >> kernel: Boundary link 00006194 already claimed [     12.2350,     37.7016]
** WARNING: Boundary link 00006214 already claimed [     12.2250,     37.7016]
Dimr [2026-05-18 18:13:57.700521] #7 >> kernel: Boundary link 00006214 already claimed [     12.2250,     37.7016]
** WARNING: Boundary link 00006232 already claimed [     12.2150,     37.7016]
Dimr [2026-05-18 18:13:57.700532] #7 >> kernel: Boundary link 00006232 already claimed [     12.2150,     37.7016]
** WARNING: Boundary link 00006248 already claimed [     12.2050,     37.7016]
Dimr [2026-05-18 18:13:57.700542] #7 >> kernel: Boundary link 00006248 already claimed [     12.2050,     37.7016]
** WARNING: Boundary link 00006262 already claimed [     12.1950,     37.7016]
Dimr [2026-05-18 18:13:57.700553] #7 >> kernel: Boundary link 00006262 already claimed [     12.1950,     37.7016]
** WARNING: Boundary link 00006273 already claimed [     12.1850,     37.7016]
Dimr [2026-05-18 18:13:57.700563] #7 >> kernel: Boundary link 00006273 already claimed [     12.1850,     37.7016]
** WARNING: Boundary link 00006285 already claimed [     12.1750,     37.7016]
Dimr [2026-05-18 18:13:57.700575] #7 >> kernel: Boundary link 00006285 already claimed [     12.1750,     37.7016]
** WARNING: Boundary link 00006295 already claimed [     12.1650,     37.7016]
Dimr [2026-05-18 18:13:57.700585] #7 >> kernel: Boundary link 00006295 already claimed [     12.1650,     37.7016]
** WARNING: Boundary link 00006303 already claimed [     12.1550,     37.7016]
Dimr [2026-05-18 18:13:57.700595] #7 >> kernel: Boundary link 00006303 already claimed [     12.1550,     37.7016]
** WARNING: Boundary link 00006309 already claimed [     12.1450,     37.7016]
Dimr [2026-05-18 18:13:57.700608] #7 >> kernel: Boundary link 00006309 already claimed [     12.1450,     37.7016]
** WARNING: Boundary link 00006313 already claimed [     12.1350,     37.7016]
Dimr [2026-05-18 18:13:57.700618] #7 >> kernel: Boundary link 00006313 already claimed [     12.1350,     37.7016]
** INFO   : boundary: 'Stagnone_dxy01_15m.pli' opened 0 cells.
** INFO   : waterlevelbnd Stagnone_dxy01_15m.pli       0 nr of open bndcells
** INFO   : Opened file : Stagnone_dxy01_15m.pli
** INFO   : boundary: 'Stagnone_dxy01_15m.pli' opened 15 cells.
** INFO   : boundary: 'Stagnone_dxy01_15m.pli' opened 0 cells.
** INFO   : temperaturebnd Stagnone_dxy01_15m.pli       0 nr of temperature bndcells
** INFO   : salinitybnd Stagnone_dxy01_15m.pli      15 nr of salinity bndcells
** INFO   : Opened file : Stagnone_dxy01_15m.pli
** INFO   : Opened file : Stagnone_dxy01_15m.pli
** INFO   : boundary: 'Stagnone_dxy01_15m.pli' opened 33 cells.
** INFO   : tracerbndlagoon_tracer Stagnone_dxy01_15m.pli      33 nr of tracer bndcells
** INFO   : boundary: 'Stagnone_dxy01_15m.pli' opened 63 cells.
** INFO   : salinitybnd Stagnone_dxy01_15m.pli      63 nr of salinity bndcells
** INFO   : Opened file : Stagnone_dxy01_15m.pli
** INFO   : Closed file : Stagnone_dxy01_15m.pli
** INFO   : Closed file : Stagnone_dxy01_15m.pli
** INFO   : Opened file : turbid_airport.pli
** INFO   : Closed file : turbid_airport.pli
** INFO   : Closed file : Stagnone_dxy01_15m.pli
** INFO   : boundary: 'turbid_airport.pli' opened 0 cells.
** INFO   : tracerbndturbid_airport turbid_airport.pli       0 nr of tracer bndcells
** INFO   : Closed file : Stagnone_dxy01_15m.pli
** INFO   : Opened file : turbid_saltpans.pli
** INFO   : Closed file : turbid_saltpans.pli
** INFO   : boundary: 'turbid_saltpans.pli' opened 0 cells.
** INFO   : boundary: 'Stagnone_dxy01_15m.pli' opened 0 cells.
** INFO   : tracerbndlagoon_tracer Stagnone_dxy01_15m.pli       0 nr of tracer bndcells
** INFO   : tracerbndturbid_saltpans turbid_saltpans.pli       0 nr of tracer bndcells
** INFO   : Opened file : turbid_airport.pli
** INFO   : Closed file : turbid_airport.pli
** INFO   : boundary: 'turbid_airport.pli' opened 0 cells.
** INFO   : tracerbndturbid_airport turbid_airport.pli       0 nr of tracer bndcells
** INFO   : Opened file : turbid_saltpans.pli
** INFO   : Closed file : turbid_saltpans.pli
** INFO   : boundary: 'Stagnone_dxy01_15m.pli' opened 0 cells.
** INFO   : salinitybnd Stagnone_dxy01_15m.pli       0 nr of salinity bndcells
** INFO   : boundary: 'turbid_saltpans.pli' opened 0 cells.
** INFO   : tracerbndturbid_saltpans turbid_saltpans.pli       0 nr of tracer bndcells
** INFO   : Opened file : Stagnone_dxy01_15m.pli
** INFO   : Closed file : Stagnone_dxy01_15m.pli
** INFO   : boundary: 'Stagnone_dxy01_15m.pli' opened 63 cells.
** INFO   : temperaturebnd Stagnone_dxy01_15m.pli      63 nr of temperature bndcells
** INFO   : Opened file : Stagnone_dxy01_15m.pli
** INFO   : Closed file : Stagnone_dxy01_15m.pli
** INFO   : boundary: 'Stagnone_dxy01_15m.pli' opened 0 cells.
** INFO   : tracerbndlagoon_tracer Stagnone_dxy01_15m.pli       0 nr of tracer bndcells
** INFO   : Opened file : turbid_airport.pli
** INFO   : Closed file : turbid_airport.pli
** INFO   : boundary: 'turbid_airport.pli' opened 0 cells.
** INFO   : tracerbndturbid_airport turbid_airport.pli       0 nr of tracer bndcells
** INFO   : Opened file : turbid_saltpans.pli
** INFO   : Closed file : turbid_saltpans.pli
** INFO   : boundary: 'turbid_saltpans.pli' opened 0 cells.
** INFO   : tracerbndturbid_saltpans turbid_saltpans.pli       0 nr of tracer bndcells
** INFO   : boundary: 'Stagnone_dxy01_15m.pli' opened 34 cells.
** INFO   : salinitybnd Stagnone_dxy01_15m.pli      34 nr of salinity bndcells
** INFO   : Opened file : Stagnone_dxy01_15m.pli
** INFO   : Closed file : Stagnone_dxy01_15m.pli
** INFO   : boundary: 'Stagnone_dxy01_15m.pli' opened 63 cells.
** INFO   : tracerbndlagoon_tracer Stagnone_dxy01_15m.pli      63 nr of tracer bndcells
** INFO   : Opened file : turbid_airport.pli
** INFO   : Closed file : turbid_airport.pli
** INFO   : boundary: 'turbid_airport.pli' opened 0 cells.
** INFO   : tracerbndturbid_airport turbid_airport.pli       0 nr of tracer bndcells
** INFO   : boundary: 'Stagnone_dxy01_15m.pli' opened 15 cells.
** INFO   : temperaturebnd Stagnone_dxy01_15m.pli      15 nr of temperature bndcells
** INFO   : Opened file : turbid_saltpans.pli
** INFO   : Closed file : turbid_saltpans.pli
** INFO   : Opened file : Stagnone_dxy01_15m.pli
** INFO   : boundary: 'turbid_saltpans.pli' opened 0 cells.
** INFO   : tracerbndturbid_saltpans turbid_saltpans.pli       0 nr of tracer bndcells
** INFO   : Closed file : Stagnone_dxy01_15m.pli
** INFO   : boundary: 'Stagnone_dxy01_15m.pli' opened 0 cells.
** INFO   : temperaturebnd Stagnone_dxy01_15m.pli       0 nr of temperature bndcells
** INFO   : Opened file : Stagnone_dxy01_15m.pli
** INFO   : Closed file : Stagnone_dxy01_15m.pli
** INFO   : boundary: 'Stagnone_dxy01_15m.pli' opened 34 cells.
** INFO   : temperaturebnd Stagnone_dxy01_15m.pli      34 nr of temperature bndcells
** INFO   : Opened file : Stagnone_dxy01_15m.pli
** INFO   : Closed file : Stagnone_dxy01_15m.pli
** INFO   : boundary: 'Stagnone_dxy01_15m.pli' opened 15 cells.
** INFO   : tracerbndlagoon_tracer Stagnone_dxy01_15m.pli      15 nr of tracer bndcells
** INFO   : Opened file : turbid_airport.pli
** INFO   : Closed file : turbid_airport.pli
** INFO   : boundary: 'turbid_airport.pli' opened 0 cells.
** INFO   : tracerbndturbid_airport turbid_airport.pli       0 nr of tracer bndcells
** INFO   : Opened file : turbid_saltpans.pli
** INFO   : Closed file : turbid_saltpans.pli
** INFO   : boundary: 'turbid_saltpans.pli' opened 0 cells.
** INFO   : tracerbndturbid_saltpans turbid_saltpans.pli       0 nr of tracer bndcells
** INFO   : boundary: 'Stagnone_dxy01_15m.pli' opened 0 cells.
** INFO   : tracerbndlagoon_tracer Stagnone_dxy01_15m.pli       0 nr of tracer bndcells
** INFO   : Opened file : turbid_airport.pli
** INFO   : Closed file : turbid_airport.pli
** INFO   : boundary: 'turbid_airport.pli' opened 0 cells.
** INFO   : tracerbndturbid_airport turbid_airport.pli       0 nr of tracer bndcells
** INFO   : Opened file : turbid_saltpans.pli
** INFO   : Closed file : turbid_saltpans.pli
** INFO   : boundary: 'turbid_saltpans.pli' opened 0 cells.
** INFO   : tracerbndturbid_saltpans turbid_saltpans.pli       0 nr of tracer bndcells
** INFO   : boundary: 'Stagnone_dxy01_15m.pli' opened 34 cells.
** INFO   : tracerbndlagoon_tracer Stagnone_dxy01_15m.pli      34 nr of tracer bndcells
** INFO   : Opened file : turbid_airport.pli
** INFO   : Closed file : turbid_airport.pli
** INFO   : boundary: 'turbid_airport.pli' opened 0 cells.
** INFO   : tracerbndturbid_airport turbid_airport.pli       0 nr of tracer bndcells
** INFO   : Opened file : turbid_saltpans.pli
** INFO   : Closed file : turbid_saltpans.pli
** INFO   : boundary: 'turbid_saltpans.pli' opened 0 cells.
** INFO   : tracerbndturbid_saltpans turbid_saltpans.pli       0 nr of tracer bndcells
** INFO   : Start partitioning model...
** INFO   : Start partitioning model...
** INFO   : Start partitioning model...
** INFO   : Start partitioning model...
** INFO   : Start partitioning model...
** INFO   : Start partitioning model...
** INFO   : added node-based ghostcells:             30
** INFO   : Start partitioning model...
** INFO   : added node-based ghostcells:             29
** INFO   : Start partitioning model...
** INFO   : added node-based ghostcells:             46
** INFO   : added node-based ghostcells:             15
** INFO   : added node-based ghostcells:              6
** INFO   : added node-based ghostcells:              5
** INFO   : added node-based ghostcells:             24
** INFO   : added node-based ghostcells:             26
** INFO   : added node-based ghostcells:             18
** INFO   : added node-based ghostcells:             16
** INFO   : added node-based ghostcells:             12
** INFO   : added node-based ghostcells:             13
** INFO   : added node-based ghostcells:             25
** INFO   : added node-based ghostcells:             15
** INFO   : added node-based ghostcells:             94
** INFO   : added node-based ghostcells:             10
** INFO   : added node-based ghostcells:             60
** INFO   : added node-based ghostcells:              3
** INFO   : added node-based ghostcells:            123
** INFO   : added node-based ghostcells:             68
** INFO   : added node-based ghostcells:            117
** INFO   : added node-based ghostcells:             21
** INFO   : added node-based ghostcells:             36
** INFO   : added node-based ghostcells:             54
** INFO   : added node-based ghostcells:             11
** INFO   : added node-based ghostcells:             76
** INFO   : added node-based ghostcells:             17
** INFO   : added node-based ghostcells:              0
** INFO   : added node-based ghostcells:              7
** INFO   : added node-based ghostcells:             11
** INFO   : added node-based ghostcells:             16
** INFO   : added node-based ghostcells:             61
** INFO   : added node-based ghostcells:             24
** INFO   : added node-based ghostcells:             13
** INFO   : added node-based ghostcells:             18
** INFO   : added node-based ghostcells:             16
** INFO   : added node-based ghostcells:              7
** INFO   : added node-based ghostcells:             13
** INFO   : added node-based ghostcells:             25
** INFO   : added node-based ghostcells:             12
** INFO   : added node-based ghostcells:             15
** INFO   : added node-based ghostcells:             94
** INFO   : added node-based ghostcells:             60
** INFO   : added node-based ghostcells:             10
** INFO   : added node-based ghostcells:            123
** INFO   : added node-based ghostcells:              6
** INFO   : added node-based ghostcells:             21
** INFO   : added node-based ghostcells:              3
** INFO   : added node-based ghostcells:            117
** INFO   : added node-based ghostcells:             36
** INFO   : added node-based ghostcells:             54
** INFO   : added node-based ghostcells:             76
** INFO   : added node-based ghostcells:             68
** INFO   : added node-based ghostcells:              6
** INFO   : added node-based ghostcells:              7
** INFO   : added node-based ghostcells:             16
** INFO   : added node-based ghostcells:              0
** INFO   : added node-based ghostcells:             11
** INFO   : added node-based ghostcells:             11
** INFO   : added node-based ghostcells:             17
** INFO   : added node-based ghostcells:             24
** INFO   : added node-based ghostcells:             61
** INFO   : added node-based ghostcells:             13
** INFO   : added node-based ghostcells:              6
** INFO   : added node-based ghostcells:             16
** INFO   : added node-based ghostcells:             13
** INFO   : added node-based ghostcells:              7
** INFO   : added node-based ghostcells:             18
** INFO   : added node-based ghostcells:             25
** INFO   : added node-based ghostcells:             12
** INFO   : added node-based ghostcells:             15
** INFO   : added node-based ghostcells:             94
** INFO   : added node-based ghostcells:             60
** INFO   : added node-based ghostcells:             10
** INFO   : added node-based ghostcells:            123
** INFO   : added node-based ghostcells:            117
** INFO   : added node-based ghostcells:              6
** INFO   : added node-based ghostcells:             21
** INFO   : added node-based ghostcells:             68
** INFO   : added node-based ghostcells:              3
** INFO   : added node-based ghostcells:             54
** INFO   : added node-based ghostcells:             36
** INFO   : added node-based ghostcells:             76
** INFO   : added node-based ghostcells:              6
** INFO   : added node-based ghostcells:              7
** INFO   : added node-based ghostcells:             11
** INFO   : added node-based ghostcells:             16
** INFO   : added node-based ghostcells:             24
** INFO   : added node-based ghostcells:              0
** INFO   : added node-based ghostcells:             11
** INFO   : added node-based ghostcells:             17
** INFO   : added node-based ghostcells:             61
** INFO   : added node-based ghostcells:             13
** INFO   : added node-based ghostcells:              6
** INFO   : added node-based ghostcells:             16
** INFO   : added node-based ghostcells:             13
** INFO   : added node-based ghostcells:              7
** INFO   : added node-based ghostcells:             18
** INFO   : added node-based ghostcells:             25
** INFO   : added node-based ghostcells:             94
** INFO   : added node-based ghostcells:             15
** INFO   : added node-based ghostcells:             12
** INFO   : added node-based ghostcells:            123
** INFO   : added node-based ghostcells:            117
** INFO   : added node-based ghostcells:             60
** INFO   : added node-based ghostcells:             10
** INFO   : added node-based ghostcells:              3
** INFO   : added node-based ghostcells:              6
** INFO   : added node-based ghostcells:             21
** INFO   : added node-based ghostcells:             36
** INFO   : added node-based ghostcells:             68
** INFO   : added node-based ghostcells:             76
** INFO   : added node-based ghostcells:              6
** INFO   : added node-based ghostcells:             54
** INFO   : added node-based ghostcells:             17
** INFO   : added node-based ghostcells:              0
** INFO   : added node-based ghostcells:             11
** INFO   : added node-based ghostcells:              7
** INFO   : added node-based ghostcells:             11
** INFO   : added node-based ghostcells:             61
** INFO   : added node-based ghostcells:             16
** INFO   : added node-based ghostcells:             13
** INFO   : added node-based ghostcells:             24
** INFO   : added node-based ghostcells:              6
** INFO   : partition_fixorientation_ghostlist: number of reversed flowlinks=              0
** INFO   : partition_fixorientation_ghostlist: number of reversed flowlinks=              2
** INFO   : Done partitioning model.
** INFO   : partition_fixorientation_ghostlist: number of reversed flowlinks=              0
** INFO   : Done partitioning model.
** INFO   : partition_fixorientation_ghostlist: number of reversed flowlinks=              0
** INFO   : Done partitioning model.
** INFO   : partition_fixorientation_ghostlist: number of reversed flowlinks=              0
** INFO   : Done partitioning model.
** INFO   : partition_fixorientation_ghostlist: number of reversed flowlinks=              0
** INFO   : Done partitioning model.
** INFO   : partition_fixorientation_ghostlist: number of reversed flowlinks=              0
** INFO   : Done partitioning model.
** INFO   : partition_fixorientation_ghostlist: number of reversed flowlinks=              0
** INFO   : Done partitioning model.
** INFO   : Done partitioning model.
** INFO   : merged 0 samples in .00 seconds.
** INFO   : merged 0 samples in .00 seconds.
** INFO   : merged 0 samples in .00 seconds.
** INFO   : merged 0 samples in .00 seconds.
** INFO   : merged 0 samples in .00 seconds.
** INFO   : merged 0 samples in .00 seconds.
** INFO   : merged 0 samples in .00 seconds.
** INFO   : merged 0 samples in .00 seconds.
** INFO   : setbedlevelfromextfile: Using bedlevel as specified in net-file.
** INFO   : setbedlevelfromextfile: Mirroring input bedlevels at open boundaries.
** INFO   : setbedlevelfromextfile: Using bedlevel as specified in net-file.
** INFO   : setbedlevelfromextfile: Using bedlevel as specified in net-file.
** INFO   : setbedlevelfromextfile: Mirroring input bedlevels at open boundaries.
** INFO   : setbedlevelfromextfile: Using bedlevel as specified in net-file.
** INFO   : setbedlevelfromextfile: Mirroring input bedlevels at open boundaries.
** INFO   : setbedlevelfromextfile: Using bedlevel as specified in net-file.
** INFO   : setbedlevelfromextfile: Using bedlevel as specified in net-file.
** INFO   : setbedlevelfromextfile: Mirroring input bedlevels at open boundaries.
** INFO   : setbedlevelfromextfile: Using bedlevel as specified in net-file.
** INFO   : setbedlevelfromextfile: Mirroring input bedlevels at open boundaries.
** INFO   : setbedlevelfromextfile: Mirroring input bedlevels at open boundaries.
** INFO   : setbedlevelfromextfile: Mirroring input bedlevels at open boundaries.
** INFO   : setbedlevelfromextfile: Using bedlevel as specified in net-file.
** INFO   : setbedlevelfromextfile: Mirroring input bedlevels at open boundaries.
** INFO   : Circumcentre distance dx(L)  < dxwuimin2D*wu(L) : xu, yu, old dx, new dx:       12.454147      37.840947      16.465750      17.037781
** INFO   : Circumcentre distance dx(L)  < dxwuimin2D*wu(L) : xu, yu, old dx, new dx:       12.450808      37.843274      12.747187      16.530360
** INFO   : Circumcentre distance dx(L)  < dxwuimin2D*wu(L) : xu, yu, old dx, new dx:       12.450997      37.845318       8.760003      11.748263
** INFO   : Circumcentre distance dx(L)  < dxwuimin2D*wu(L) : xu, yu, old dx, new dx:       12.468859      37.854891       7.566529      14.184789
** INFO   : Circumcentre distance dx(L)  < dxwuimin2D*wu(L) : xu, yu, old dx, new dx:       12.470859      37.856199       7.858187      11.925006
** INFO   : Circumcentre distance dx(L)  < dxwuimin2D*wu(L) : xu, yu, old dx, new dx:       12.462663      37.855225       8.057506      14.991088
** INFO   : Circumcentre distance dx(L)  < dxwuimin2D*wu(L) : xu, yu, old dx, new dx:       12.475145      37.866971      11.328186      11.373797
** INFO   : Circumcentre distance dx(L)  < dxwuimin2D*wu(L) : xu, yu, old dx, new dx:       12.457642      37.864039       5.891790      13.132865
** INFO   : Circumcentre distance dx(L)  < dxwuimin2D*wu(L) : xu, yu, old dx, new dx:       12.456303      37.863898       8.480899      11.599609
** INFO   : Circumcentre distance dx(L)  < dxwuimin2D*wu(L) : xu, yu, old dx, new dx:       12.459257      37.864443       9.212557      16.843140
** INFO   : Circumcentre distance dx(L)  < dxwuimin2D*wu(L) : xu, yu, old dx, new dx:       12.473936      37.867536      10.458327      13.626211
** INFO   : Circumcentre distance dx(L)  < dxwuimin2D*wu(L) : xu, yu, old dx, new dx:       12.475975      37.874533      11.792555      14.247444
** INFO   : Circumcentre distance dx(L)  < dxwuimin2D*wu(L) : xu, yu, old dx, new dx:       12.468713      37.873333       6.848076      14.333788
** INFO   : Circumcentre distance dx(L)  < dxwuimin2D*wu(L) : xu, yu, old dx, new dx:       12.466596      37.874229       9.473271      12.722172
** INFO   : Circumcentre distance dx(L)  < dxwuimin2D*wu(L) : xu, yu, old dx, new dx:       12.472154      37.875560       7.898676      14.523341
** INFO   : Circumcentre distance dx(L)  < dxwuimin2D*wu(L) : xu, yu, old dx, new dx:       12.480505      37.881025      11.269937      12.177121
** INFO   : Circumcentre distance dx(L)  < dxwuimin2D*wu(L) : xu, yu, old dx, new dx:       12.464155      37.876790       9.380083      10.620045
** INFO   : Circumcentre distance dx(L)  < dxwuimin2D*wu(L) : xu, yu, old dx, new dx:       12.457384      37.875466      11.715869      15.009886
** INFO   : Circumcentre distance dx(L)  < dxwuimin2D*wu(L) : xu, yu, old dx, new dx:       12.457373      37.881482       9.304368      15.111997
** INFO   : Circumcentre distance dx(L)  < dxwuimin2D*wu(L) : xu, yu, old dx, new dx:       12.452446      37.883326      14.006273      16.472752
** INFO   : Circumcentre distance dx(L)  < dxwuimin2D*wu(L) : xu, yu, old dx, new dx:       12.449989      37.883772      13.397253      14.225601
** INFO   : Circumcentre distance dx(L)  < dxwuimin2D*wu(L) : xu, yu, old dx, new dx:       12.458195      37.885130      12.405397      15.095376
** INFO   : Circumcentre distance dx(L)  < dxwuimin2D*wu(L) : xu, yu, old dx, new dx:       12.456965      37.887301       5.825460      12.867206
** INFO   : Circumcentre distance dx(L)  < dxwuimin2D*wu(L) : xu, yu, old dx, new dx:       12.453685      37.887997       8.530407      17.482250
** INFO   : Circumcentre distance dx(L)  < dxwuimin2D*wu(L) : xu, yu, old dx, new dx:       12.454781      37.888075      13.634276      15.787727
** INFO   : Circumcentre distance dx(L)  < dxwuimin2D*wu(L) : xu, yu, old dx, new dx:       12.456153      37.889080      13.262043      16.761516
** INFO   : Circumcentre distance dx(L)  < dxwuimin2D*wu(L) : xu, yu, old dx, new dx:       12.457468      37.889980      14.947606      16.157637
** INFO   : Circumcentre distance dx(L)  < dxwuimin2D*wu(L) : xu, yu, old dx, new dx:       12.461420      37.892062       8.451441      11.144981
** INFO   : Circumcentre distance dx(L)  < dxwuimin2D*wu(L) : xu, yu, old dx, new dx:       12.447712      37.893807       9.312563      12.557749
** INFO   : Circumcentre distance dx(L)  < dxwuimin2D*wu(L) : xu, yu, old dx, new dx:       12.458805      37.891719      10.962111      14.641806
** INFO   : Circumcentre distance dx(L)  < dxwuimin2D*wu(L) : xu, yu, old dx, new dx:       12.457292      37.891806       7.373271      12.508135
** INFO   : Circumcentre distance dx(L)  < dxwuimin2D*wu(L) : xu, yu, old dx, new dx:       12.467787      37.901158      12.874765      14.738334
** INFO   : Circumcentre distance dx(L)  < dxwuimin2D*wu(L) : xu, yu, old dx, new dx:       12.462088      37.897799       9.986153      13.352605
** INFO   : Circumcentre distance dx(L)  < dxwuimin2D*wu(L) : xu, yu, old dx, new dx:       12.462178      37.899868      10.468151      13.737331
** INFO   : Circumcentre distance dx(L)  < dxwuimin2D*wu(L) : xu, yu, old dx, new dx:       12.466291      37.829536      11.477686      14.120312
** INFO   : Circumcentre distance dx(L)  < dxwuimin2D*wu(L) : xu, yu, old dx, new dx:       12.466165      37.837557      12.745523      15.406288
** INFO   : Circumcentre distance dx(L)  < dxwuimin2D*wu(L) : xu, yu, old dx, new dx:       12.463783      37.837325      13.946018      14.143675
** INFO   : Circumcentre distance dx(L)  < dxwuimin2D*wu(L) : xu, yu, old dx, new dx:       12.460117      37.830272      13.988861      15.343706
** INFO   : Circumcentre distance dx(L)  < dxwuimin2D*wu(L) : xu, yu, old dx, new dx:       12.443797      37.813710      11.352413      11.927798
** INFO   : Circumcentre distance dx(L)  < dxwuimin2D*wu(L) : xu, yu, old dx, new dx:       12.454147      37.840947      16.465750      17.037781
** INFO   : Circumcentre distance dx(L)  < dxwuimin2D*wu(L) : xu, yu, old dx, new dx:       12.450808      37.843274      12.747187      16.530360
** INFO   : Circumcentre distance dx(L)  < dxwuimin2D*wu(L) : xu, yu, old dx, new dx:       12.453110      37.829484      13.273244      17.674335
** INFO   : Circumcentre distance dx(L)  < dxwuimin2D*wu(L) : xu, yu, old dx, new dx:       12.446097      37.835524      24.610224      26.552220
** INFO   : Done initializing flow model geometry.
** INFO   : Done initializing flow model geometry.
** INFO   : Done initializing flow model geometry.
** INFO   : Done initializing flow model geometry.
** INFO   : Done initializing flow model geometry.
** INFO   : Done initializing flow model geometry.
** INFO   : Done initializing flow model geometry.
** INFO   : Done initializing flow model geometry.
** WARNING: No Nodal Point Relations Specified, Set to (Default) Proportional.
Dimr [2026-05-18 18:13:57.776386] #6 >> kernel: No Nodal Point Relations Specified, Set to (Default) Proportional.
** WARNING: Exponent of Discharge Ratio Set to Default: k = 1
Dimr [2026-05-18 18:13:57.776415] #6 >> kernel: Exponent of Discharge Ratio Set to Default: k = 1
** WARNING: Exponent of Width Ratio Set to Default    : m = 0
Dimr [2026-05-18 18:13:57.776422] #6 >> kernel: Exponent of Width Ratio Set to Default    : m = 0
** WARNING: No Nodal Point Relations Specified, Set to (Default) Proportional.
Dimr [2026-05-18 18:13:57.778194] #2 >> kernel: No Nodal Point Relations Specified, Set to (Default) Proportional.
** WARNING: Exponent of Discharge Ratio Set to Default: k = 1
Dimr [2026-05-18 18:13:57.778218] #2 >> kernel: Exponent of Discharge Ratio Set to Default: k = 1
** WARNING: Exponent of Width Ratio Set to Default    : m = 0
Dimr [2026-05-18 18:13:57.778225] #2 >> kernel: Exponent of Width Ratio Set to Default    : m = 0
** WARNING: No Nodal Point Relations Specified, Set to (Default) Proportional.
Dimr [2026-05-18 18:13:57.779493] #7 >> kernel: No Nodal Point Relations Specified, Set to (Default) Proportional.
** WARNING: Exponent of Discharge Ratio Set to Default: k = 1
Dimr [2026-05-18 18:13:57.779513] #7 >> kernel: Exponent of Discharge Ratio Set to Default: k = 1
** WARNING: Exponent of Width Ratio Set to Default    : m = 0
Dimr [2026-05-18 18:13:57.779522] #7 >> kernel: Exponent of Width Ratio Set to Default    : m = 0
** WARNING: No Nodal Point Relations Specified, Set to (Default) Proportional.
Dimr [2026-05-18 18:13:57.780145] #3 >> kernel: No Nodal Point Relations Specified, Set to (Default) Proportional.
** WARNING: Exponent of Discharge Ratio Set to Default: k = 1
Dimr [2026-05-18 18:13:57.780162] #3 >> kernel: Exponent of Discharge Ratio Set to Default: k = 1
** WARNING: Exponent of Width Ratio Set to Default    : m = 0
Dimr [2026-05-18 18:13:57.780169] #3 >> kernel: Exponent of Width Ratio Set to Default    : m = 0
** WARNING: No Nodal Point Relations Specified, Set to (Default) Proportional.
Dimr [2026-05-18 18:13:57.780337] #1 >> kernel: No Nodal Point Relations Specified, Set to (Default) Proportional.
** WARNING: Exponent of Discharge Ratio Set to Default: k = 1
Dimr [2026-05-18 18:13:57.780353] #1 >> kernel: Exponent of Discharge Ratio Set to Default: k = 1
** WARNING: Exponent of Width Ratio Set to Default    : m = 0
Dimr [2026-05-18 18:13:57.780360] #1 >> kernel: Exponent of Width Ratio Set to Default    : m = 0
** WARNING: unstruc::flow_sedmorinit - Morphopol set but file does not exist, morphopol not used.
Dimr [2026-05-18 18:13:57.780382] #6 >> kernel: unstruc::flow_sedmorinit - Morphopol set but file does not exist, morphopol not used.
** WARNING: No Nodal Point Relations Specified, Set to (Default) Proportional.
Dimr [2026-05-18 18:13:57.780441] #4 >> kernel: No Nodal Point Relations Specified, Set to (Default) Proportional.
** WARNING: Exponent of Discharge Ratio Set to Default: k = 1
Dimr [2026-05-18 18:13:57.780461] #4 >> kernel: Exponent of Discharge Ratio Set to Default: k = 1
** WARNING: Exponent of Width Ratio Set to Default    : m = 0
Dimr [2026-05-18 18:13:57.780470] #4 >> kernel: Exponent of Width Ratio Set to Default    : m = 0
** WARNING: No Nodal Point Relations Specified, Set to (Default) Proportional.
Dimr [2026-05-18 18:13:57.781027] #0 >> kernel: No Nodal Point Relations Specified, Set to (Default) Proportional.
** WARNING: Exponent of Discharge Ratio Set to Default: k = 1
Dimr [2026-05-18 18:13:57.781045] #0 >> kernel: Exponent of Discharge Ratio Set to Default: k = 1
** WARNING: Exponent of Width Ratio Set to Default    : m = 0
Dimr [2026-05-18 18:13:57.781052] #0 >> kernel: Exponent of Width Ratio Set to Default    : m = 0
** WARNING: unstruc::flow_sedmorinit - Morphopol set but file does not exist, morphopol not used.
Dimr [2026-05-18 18:13:57.782074] #2 >> kernel: unstruc::flow_sedmorinit - Morphopol set but file does not exist, morphopol not used.
** WARNING: unstruc::flow_sedmorinit - Morphopol set but file does not exist, morphopol not used.
Dimr [2026-05-18 18:13:57.784040] #7 >> kernel: unstruc::flow_sedmorinit - Morphopol set but file does not exist, morphopol not used.
** WARNING: unstruc::flow_sedmorinit - Morphopol set but file does not exist, morphopol not used.
Dimr [2026-05-18 18:13:57.784285] #3 >> kernel: unstruc::flow_sedmorinit - Morphopol set but file does not exist, morphopol not used.
** WARNING: unstruc::flow_sedmorinit - Morphopol set but file does not exist, morphopol not used.
Dimr [2026-05-18 18:13:57.784506] #1 >> kernel: unstruc::flow_sedmorinit - Morphopol set but file does not exist, morphopol not used.
** WARNING: No Nodal Point Relations Specified, Set to (Default) Proportional.
Dimr [2026-05-18 18:13:57.784670] #5 >> kernel: No Nodal Point Relations Specified, Set to (Default) Proportional.
** WARNING: Exponent of Discharge Ratio Set to Default: k = 1
Dimr [2026-05-18 18:13:57.784695] #5 >> kernel: Exponent of Discharge Ratio Set to Default: k = 1
** WARNING: Exponent of Width Ratio Set to Default    : m = 0
Dimr [2026-05-18 18:13:57.784708] #5 >> kernel: Exponent of Width Ratio Set to Default    : m = 0
** WARNING: unstruc::flow_sedmorinit - Morphopol set but file does not exist, morphopol not used.
Dimr [2026-05-18 18:13:57.785070] #4 >> kernel: unstruc::flow_sedmorinit - Morphopol set but file does not exist, morphopol not used.
** WARNING: unstruc::flow_sedmorinit - Morphopol set but file does not exist, morphopol not used.
Dimr [2026-05-18 18:13:57.785235] #0 >> kernel: unstruc::flow_sedmorinit - Morphopol set but file does not exist, morphopol not used.
** WARNING: unstruc::flow_sedmorinit - Morphopol set but file does not exist, morphopol not used.
Dimr [2026-05-18 18:13:57.788932] #5 >> kernel: unstruc::flow_sedmorinit - Morphopol set but file does not exist, morphopol not used.
** INFO   : List of constituents defined in the model
** INFO   :        1 salt
** INFO   :        2 temperature
** INFO   :        3 sand_fine
** INFO   :        4 silt_fine
** INFO   :        5 lagoon_tracer
** INFO   :        6 turbid_airport
** INFO   :        7 turbid_saltpans
** INFO   : Finding flow nodes...
** INFO   : List of constituents defined in the model
** INFO   :        1 salt
** INFO   :        2 temperature
** INFO   :        3 sand_fine
** INFO   :        4 silt_fine
** INFO   :        5 lagoon_tracer
** INFO   :        6 turbid_airport
** INFO   :        7 turbid_saltpans
** INFO   : List of constituents defined in the model
** INFO   :        1 salt
** INFO   :        2 temperature
** INFO   :        3 sand_fine
** INFO   :        4 silt_fine
** INFO   :        5 lagoon_tracer
** INFO   :        6 turbid_airport
** INFO   :        7 turbid_saltpans
** INFO   : Finding flow nodes...
** INFO   : Finding flow nodes...
** INFO   : List of constituents defined in the model
** INFO   :        1 salt
** INFO   :        2 temperature
** INFO   :        3 sand_fine
** INFO   :        4 silt_fine
** INFO   :        5 lagoon_tracer
** INFO   :        6 turbid_airport
** INFO   :        7 turbid_saltpans
** INFO   : Finding flow nodes...
** INFO   : List of constituents defined in the model
** INFO   :        1 salt
** INFO   :        2 temperature
** INFO   :        3 sand_fine
** INFO   :        4 silt_fine
** INFO   :        5 lagoon_tracer
** INFO   :        6 turbid_airport
** INFO   :        7 turbid_saltpans
** INFO   : Finding flow nodes...
** INFO   : List of constituents defined in the model
** INFO   :        1 salt
** INFO   :        2 temperature
** INFO   :        3 sand_fine
** INFO   :        4 silt_fine
** INFO   :        5 lagoon_tracer
** INFO   :        6 turbid_airport
** INFO   :        7 turbid_saltpans
** INFO   : done in      0.00100 sec.
** INFO   : Finding flow nodes...
** INFO   : done in      0.00100 sec.
** INFO   : done in      0.00100 sec.
** INFO   : List of constituents defined in the model
** INFO   :        1 salt
** INFO   :        2 temperature
** INFO   :        3 sand_fine
** INFO   :        4 silt_fine
** INFO   :        5 lagoon_tracer
** INFO   :        6 turbid_airport
** INFO   :        7 turbid_saltpans
** INFO   : Finding flow nodes...
** INFO   : List of constituents defined in the model
** INFO   :        1 salt
** INFO   :        2 temperature
** INFO   :        3 sand_fine
** INFO   :        4 silt_fine
** INFO   :        5 lagoon_tracer
** INFO   :        6 turbid_airport
** INFO   :        7 turbid_saltpans
** INFO   : Finding flow nodes...
** INFO   : done in      0.00100 sec.
** INFO   : done in      0.00100 sec.
** INFO   : done in      0.00100 sec.
** INFO   : done in      0.00100 sec.
** INFO   : done in      0.00200 sec.
** INFO   : minimum Coriolis parameter :       0.000090
** INFO   : maximum Coriolis parameter :       0.000090
** INFO   : minimum Coriolis parameter :       0.000090
** INFO   : maximum Coriolis parameter :       0.000090
** INFO   : minimum Coriolis parameter :       0.000090
** INFO   : maximum Coriolis parameter :       0.000090
** INFO   : minimum Coriolis parameter :       0.000089
** INFO   : maximum Coriolis parameter :       0.000090
** INFO   : minimum Coriolis parameter :       0.000090
** INFO   : maximum Coriolis parameter :       0.000090
** INFO   : minimum Coriolis parameter :       0.000089
** INFO   : maximum Coriolis parameter :       0.000090
** INFO   : minimum Coriolis parameter :       0.000089
** INFO   : maximum Coriolis parameter :       0.000090
** INFO   : minimum Coriolis parameter :       0.000089
** INFO   : maximum Coriolis parameter :       0.000090
** INFO   : Start initializing external forcings...
** INFO   : Start initializing external forcings...
** INFO   : Start initializing external forcings...
** INFO   : Reading initial field file 'initialFields.ini'.
** INFO   : Start initializing external forcings...
** INFO   : Reading initial field file 'initialFields.ini'.
** INFO   : Start initializing external forcings...
** INFO   : Reading initial field file 'initialFields.ini'.
** INFO   : Start initializing external forcings...
** INFO   : Reading initial field file 'initialFields.ini'.
** INFO   : Start initializing external forcings...
** INFO   : Reading initial field file 'initialFields.ini'.
** INFO   : Reading initial field file 'initialFields.ini'.
** INFO   : Start initializing external forcings...
** INFO   : Reading initial field file 'initialFields.ini'.
** INFO   : Reading initial field file 'initialFields.ini'.
** INFO   : Opened file : initialsalinity_hypersaline.xyz
** INFO   : Opened file : initialsalinity_hypersaline.xyz
** INFO   : Opened file : initialsalinity_hypersaline.xyz
** INFO   : Opened file : initialsalinity_hypersaline.xyz
** INFO   : Opened file : initialsalinity_hypersaline.xyz
** INFO   : Opened file : initialsalinity_hypersaline.xyz
** INFO   : Opened file : initialsalinity_hypersaline.xyz
** INFO   : Opened file : initialsalinity_hypersaline.xyz
** INFO   : merged 0 samples in .02 seconds.
** INFO   : merged 0 samples in .02 seconds.
** INFO   : merged 0 samples in .02 seconds.
** INFO   : merged 0 samples in .02 seconds.
** INFO   : Closed file : initialsalinity_hypersaline.xyz
** INFO   : Closed file : initialsalinity_hypersaline.xyz
** INFO   : Closed file : initialsalinity_hypersaline.xyz
** INFO   : Closed file : initialsalinity_hypersaline.xyz
** INFO   : merged 0 samples in .02 seconds.
** INFO   : Closed file : initialsalinity_hypersaline.xyz
** INFO   : merged 0 samples in .02 seconds.
** INFO   : Closed file : initialsalinity_hypersaline.xyz
** INFO   : merged 0 samples in .02 seconds.
** INFO   : Closed file : initialsalinity_hypersaline.xyz
** INFO   : merged 0 samples in .02 seconds.
** INFO   : Closed file : initialsalinity_hypersaline.xyz
** INFO   : add_tracer: tracer lagoon_tracer already exists. No update required.
** INFO   : Opened file : lagoon_tracer_init.xyz
** INFO   : add_tracer: tracer lagoon_tracer already exists. No update required.
** INFO   : add_tracer: tracer lagoon_tracer already exists. No update required.
** INFO   : add_tracer: tracer lagoon_tracer already exists. No update required.
** INFO   : Opened file : lagoon_tracer_init.xyz
** INFO   : Opened file : lagoon_tracer_init.xyz
** INFO   : Opened file : lagoon_tracer_init.xyz
** INFO   : add_tracer: tracer lagoon_tracer already exists. No update required.
** INFO   : Opened file : lagoon_tracer_init.xyz
** INFO   : add_tracer: tracer lagoon_tracer already exists. No update required.
** INFO   : Opened file : lagoon_tracer_init.xyz
** INFO   : add_tracer: tracer lagoon_tracer already exists. No update required.
** INFO   : Opened file : lagoon_tracer_init.xyz
** INFO   : add_tracer: tracer lagoon_tracer already exists. No update required.
** INFO   : Opened file : lagoon_tracer_init.xyz
** INFO   : merged 0 samples in .02 seconds.
** INFO   : Closed file : lagoon_tracer_init.xyz
** INFO   : merged 0 samples in .02 seconds.
** INFO   : merged 0 samples in .02 seconds.
** INFO   : Closed file : lagoon_tracer_init.xyz
** INFO   : Closed file : lagoon_tracer_init.xyz
** INFO   : merged 0 samples in .02 seconds.
** INFO   : Closed file : lagoon_tracer_init.xyz
** INFO   : merged 0 samples in .02 seconds.
** INFO   : Closed file : lagoon_tracer_init.xyz
** INFO   : merged 0 samples in .02 seconds.
** INFO   : Closed file : lagoon_tracer_init.xyz
** INFO   : merged 0 samples in .02 seconds.
** INFO   : Closed file : lagoon_tracer_init.xyz
** INFO   : add_tracer: tracer turbid_airport already exists. No update required.
** INFO   : Opened file : turbid_airport_init.xyz
** INFO   : add_tracer: tracer turbid_airport already exists. No update required.
** INFO   : Opened file : turbid_airport_init.xyz
** INFO   : add_tracer: tracer turbid_airport already exists. No update required.
** INFO   : Opened file : turbid_airport_init.xyz
** INFO   : add_tracer: tracer turbid_airport already exists. No update required.
** INFO   : Opened file : turbid_airport_init.xyz
** INFO   : merged 0 samples in .02 seconds.
** INFO   : add_tracer: tracer turbid_airport already exists. No update required.
** INFO   : Opened file : turbid_airport_init.xyz
** INFO   : Closed file : lagoon_tracer_init.xyz
** INFO   : add_tracer: tracer turbid_airport already exists. No update required.
** INFO   : Opened file : turbid_airport_init.xyz
** INFO   : add_tracer: tracer turbid_airport already exists. No update required.
** INFO   : Opened file : turbid_airport_init.xyz
** INFO   : add_tracer: tracer turbid_airport already exists. No update required.
** INFO   : Opened file : turbid_airport_init.xyz
** INFO   : merged 0 samples in .02 seconds.
** INFO   : Closed file : turbid_airport_init.xyz
** INFO   : merged 0 samples in .02 seconds.
** INFO   : Closed file : turbid_airport_init.xyz
** INFO   : merged 0 samples in .02 seconds.
** INFO   : Closed file : turbid_airport_init.xyz
** INFO   : merged 0 samples in .02 seconds.
** INFO   : Closed file : turbid_airport_init.xyz
** INFO   : merged 0 samples in .02 seconds.
** INFO   : add_tracer: tracer turbid_saltpans already exists. No update required.
** INFO   : Opened file : turbid_saltpans_init.xyz
** INFO   : Closed file : turbid_airport_init.xyz
** INFO   : merged 0 samples in .02 seconds.
** INFO   : add_tracer: tracer turbid_saltpans already exists. No update required.
** INFO   : Opened file : turbid_saltpans_init.xyz
** INFO   : Closed file : turbid_airport_init.xyz
** INFO   : merged 0 samples in .02 seconds.
** INFO   : add_tracer: tracer turbid_saltpans already exists. No update required.
** INFO   : Opened file : turbid_saltpans_init.xyz
** INFO   : Closed file : turbid_airport_init.xyz
** INFO   : add_tracer: tracer turbid_saltpans already exists. No update required.
** INFO   : Opened file : turbid_saltpans_init.xyz
** INFO   : add_tracer: tracer turbid_saltpans already exists. No update required.
** INFO   : Opened file : turbid_saltpans_init.xyz
** INFO   : add_tracer: tracer turbid_saltpans already exists. No update required.
** INFO   : Opened file : turbid_saltpans_init.xyz
** INFO   : add_tracer: tracer turbid_saltpans already exists. No update required.
** INFO   : Opened file : turbid_saltpans_init.xyz
** INFO   : merged 0 samples in .02 seconds.
** INFO   : Closed file : turbid_airport_init.xyz
** INFO   : add_tracer: tracer turbid_saltpans already exists. No update required.
** INFO   : Opened file : turbid_saltpans_init.xyz
** INFO   : merged 0 samples in .02 seconds.
** INFO   : Closed file : turbid_saltpans_init.xyz
** INFO   : merged 0 samples in .02 seconds.
** INFO   : Closed file : turbid_saltpans_init.xyz
** INFO   : merged 0 samples in .02 seconds.
** INFO   : Closed file : turbid_saltpans_init.xyz
** INFO   : merged 0 samples in .02 seconds.
** INFO   : Closed file : turbid_saltpans_init.xyz
** INFO   : Finish initializing the initial field file 'initialFields.ini':       5 blocks have been read and handled.
** INFO   : Finish initializing the initial field file 'initialFields.ini':       5 blocks have been read and handled.
** INFO   : Finish initializing the initial field file 'initialFields.ini':       5 blocks have been read and handled.
** INFO   : Finish initializing the initial field file 'initialFields.ini':       5 blocks have been read and handled.
** INFO   : merged 0 samples in .02 seconds.
** INFO   : Closed file : turbid_saltpans_init.xyz
** INFO   : merged 0 samples in .02 seconds.
** INFO   : Closed file : turbid_saltpans_init.xyz
** INFO   : merged 0 samples in .02 seconds.
** INFO   : Closed file : turbid_saltpans_init.xyz
** INFO   : Opened file : turbid_airport.pli
** INFO   : Opened file : turbid_airport.pli
** INFO   : Closed file : turbid_airport.pli
** INFO   : Closed file : turbid_airport.pli
** INFO   : Succesfully added lateral turbid_airport.
** INFO   : Opened file : turbid_saltpans.pli
** INFO   : Succesfully added lateral turbid_airport.
** INFO   : Closed file : turbid_saltpans.pli
** INFO   : Opened file : turbid_saltpans.pli
** INFO   : Closed file : turbid_saltpans.pli
** INFO   : Succesfully added lateral turbid_saltpans.
** INFO   : Succesfully added lateral turbid_saltpans.
** INFO   : Finish initializing the initial field file 'initialFields.ini':       5 blocks have been read and handled.
** INFO   : Finish initializing the initial field file 'initialFields.ini':       5 blocks have been read and handled.
** INFO   : Finish initializing the initial field file 'initialFields.ini':       5 blocks have been read and handled.
** INFO   : Opened file : turbid_airport.pli
** INFO   : Closed file : turbid_airport.pli
** INFO   : Succesfully added lateral turbid_airport.
** INFO   : Opened file : turbid_saltpans.pli
** INFO   : Closed file : turbid_saltpans.pli
** INFO   : Succesfully added lateral turbid_saltpans.
** INFO   : merged 0 samples in .02 seconds.
** INFO   : Closed file : turbid_saltpans_init.xyz
** INFO   : Finish initializing the initial field file 'initialFields.ini':       5 blocks have been read and handled.
** INFO   : Opened file : turbid_airport.pli
** INFO   : Closed file : turbid_airport.pli
** INFO   : Succesfully added lateral turbid_airport.
** INFO   : Opened file : turbid_saltpans.pli
** INFO   : Closed file : turbid_saltpans.pli
** INFO   : Succesfully added lateral turbid_saltpans.
** INFO   : Opened file : turbid_airport.pli
** INFO   : Closed file : turbid_airport.pli
** INFO   : Succesfully added lateral turbid_airport.
** INFO   : Opened file : turbid_saltpans.pli
** INFO   : Closed file : turbid_saltpans.pli
** INFO   : Succesfully added lateral turbid_saltpans.
** INFO   : Opened file : turbid_airport.pli
** INFO   : Closed file : turbid_airport.pli
** INFO   : Succesfully added lateral turbid_airport.
** INFO   : Opened file : turbid_saltpans.pli
** INFO   : Closed file : turbid_saltpans.pli
** INFO   : Succesfully added lateral turbid_saltpans.
** INFO   : Opened file : turbid_airport.pli
** INFO   : Closed file : turbid_airport.pli
** INFO   : Succesfully added lateral turbid_airport.
** INFO   : Opened file : turbid_saltpans.pli
** INFO   : Closed file : turbid_saltpans.pli
** INFO   : Succesfully added lateral turbid_saltpans.
** INFO   : Opened file : turbid_airport.pli
** INFO   : Closed file : turbid_airport.pli
** INFO   : Succesfully added lateral turbid_airport.
** INFO   : Opened file : turbid_saltpans.pli
** INFO   : Closed file : turbid_saltpans.pli
** INFO   : Succesfully added lateral turbid_saltpans.
** WARNING: While reading 'Stagnone_dxy01_15m_new.ext': keyword [lateral] name=Turbid pulse — Birgi airport drainage was in file, but not used. Check possible typo.
** WARNING: While reading 'Stagnone_dxy01_15m_new.ext': keyword [lateral] name=Turbid pulse — Birgi airport drainage was in file, but not used. Check possible typo.
** WARNING: While reading 'Stagnone_dxy01_15m_new.ext': keyword [lateral] name=Turbid pulse — Birgi airport drainage was in file, but not used. Check possible typo.
Dimr [2026-05-18 18:13:58.390131] #2 >> kernel: While reading 'Stagnone_dxy01_15m_new.ext': keyword [lateral] name=Turbid pulse — Birgi airport drainage was in file, but not used. Check possible typo.
** WARNING: While reading 'Stagnone_dxy01_15m_new.ext': keyword [lateral] name=Turbid pulse — Birgi airport drainage was in file, but not used. Check possible typo.
Dimr [2026-05-18 18:13:58.390127] #3 >> kernel: While reading 'Stagnone_dxy01_15m_new.ext': keyword [lateral] name=Turbid pulse — Birgi airport drainage was in file, but not used. Check possible typo.
** WARNING: While reading 'Stagnone_dxy01_15m_new.ext': keyword [lateral] name=Turbid pulse — Trapani saltpans outflow was in file, but not used. Check possible typo.
** WARNING: While reading 'Stagnone_dxy01_15m_new.ext': keyword [lateral] name=Turbid pulse — Birgi airport drainage was in file, but not used. Check possible typo.
Dimr [2026-05-18 18:13:58.390123] #5 >> kernel: While reading 'Stagnone_dxy01_15m_new.ext': keyword [lateral] name=Turbid pulse — Birgi airport drainage was in file, but not used. Check possible typo.
** WARNING: While reading 'Stagnone_dxy01_15m_new.ext': keyword [lateral] name=Turbid pulse — Trapani saltpans outflow was in file, but not used. Check possible typo.
Dimr [2026-05-18 18:13:58.390151] #5 >> kernel: While reading 'Stagnone_dxy01_15m_new.ext': keyword [lateral] name=Turbid pulse — Trapani saltpans outflow was in file, but not used. Check possible typo.
** WARNING: While reading 'Stagnone_dxy01_15m_new.ext': keyword [lateral] name=Turbid pulse — Birgi airport drainage was in file, but not used. Check possible typo.
Dimr [2026-05-18 18:13:58.390128] #7 >> kernel: While reading 'Stagnone_dxy01_15m_new.ext': keyword [lateral] name=Turbid pulse — Birgi airport drainage was in file, but not used. Check possible typo.
** WARNING: While reading 'Stagnone_dxy01_15m_new.ext': keyword [lateral] name=Turbid pulse — Trapani saltpans outflow was in file, but not used. Check possible typo.
Dimr [2026-05-18 18:13:58.390154] #7 >> kernel: While reading 'Stagnone_dxy01_15m_new.ext': keyword [lateral] name=Turbid pulse — Trapani saltpans outflow was in file, but not used. Check possible typo.
Dimr [2026-05-18 18:13:58.390130] #0 >> kernel: While reading 'Stagnone_dxy01_15m_new.ext': keyword [lateral] name=Turbid pulse — Birgi airport drainage was in file, but not used. Check possible typo.
** WARNING: While reading 'Stagnone_dxy01_15m_new.ext': keyword [lateral] name=Turbid pulse — Trapani saltpans outflow was in file, but not used. Check possible typo.
Dimr [2026-05-18 18:13:58.390152] #0 >> kernel: While reading 'Stagnone_dxy01_15m_new.ext': keyword [lateral] name=Turbid pulse — Trapani saltpans outflow was in file, but not used. Check possible typo.
Dimr [2026-05-18 18:13:58.390126] #1 >> kernel: While reading 'Stagnone_dxy01_15m_new.ext': keyword [lateral] name=Turbid pulse — Birgi airport drainage was in file, but not used. Check possible typo.
** WARNING: While reading 'Stagnone_dxy01_15m_new.ext': keyword [lateral] name=Turbid pulse — Trapani saltpans outflow was in file, but not used. Check possible typo.
Dimr [2026-05-18 18:13:58.390154] #1 >> kernel: While reading 'Stagnone_dxy01_15m_new.ext': keyword [lateral] name=Turbid pulse — Trapani saltpans outflow was in file, but not used. Check possible typo.
** WARNING: While reading 'Stagnone_dxy01_15m_new.ext': keyword [lateral] name=Turbid pulse — Trapani saltpans outflow was in file, but not used. Check possible typo.
Dimr [2026-05-18 18:13:58.390155] #2 >> kernel: While reading 'Stagnone_dxy01_15m_new.ext': keyword [lateral] name=Turbid pulse — Trapani saltpans outflow was in file, but not used. Check possible typo.
Dimr [2026-05-18 18:13:58.390153] #3 >> kernel: While reading 'Stagnone_dxy01_15m_new.ext': keyword [lateral] name=Turbid pulse — Trapani saltpans outflow was in file, but not used. Check possible typo.
** WARNING: While reading 'Stagnone_dxy01_15m_new.ext': keyword [lateral] name=Turbid pulse — Birgi airport drainage was in file, but not used. Check possible typo.
Dimr [2026-05-18 18:13:58.390157] #4 >> kernel: While reading 'Stagnone_dxy01_15m_new.ext': keyword [lateral] name=Turbid pulse — Birgi airport drainage was in file, but not used. Check possible typo.
** WARNING: While reading 'Stagnone_dxy01_15m_new.ext': keyword [lateral] name=Turbid pulse — Trapani saltpans outflow was in file, but not used. Check possible typo.
Dimr [2026-05-18 18:13:58.390182] #4 >> kernel: While reading 'Stagnone_dxy01_15m_new.ext': keyword [lateral] name=Turbid pulse — Trapani saltpans outflow was in file, but not used. Check possible typo.
** WARNING: While reading 'Stagnone_dxy01_15m_new.ext': keyword [lateral] name=Turbid pulse — Birgi airport drainage was in file, but not used. Check possible typo.
Dimr [2026-05-18 18:13:58.390292] #6 >> kernel: While reading 'Stagnone_dxy01_15m_new.ext': keyword [lateral] name=Turbid pulse — Birgi airport drainage was in file, but not used. Check possible typo.
** WARNING: While reading 'Stagnone_dxy01_15m_new.ext': keyword [lateral] name=Turbid pulse — Trapani saltpans outflow was in file, but not used. Check possible typo.
Dimr [2026-05-18 18:13:58.390323] #6 >> kernel: While reading 'Stagnone_dxy01_15m_new.ext': keyword [lateral] name=Turbid pulse — Trapani saltpans outflow was in file, but not used. Check possible typo.
** INFO   : External Forcing or Initialising 'nudge_salinity_temperature' from file 'nudge_salinity_temperature_2025-07-01_00-00-00.nc'.
** INFO   : External Forcing or Initialising 'nudge_salinity_temperature' from file 'nudge_salinity_temperature_2025-07-01_00-00-00.nc'.
** INFO   : External Forcing or Initialising 'nudge_salinity_temperature' from file 'nudge_salinity_temperature_2025-07-01_00-00-00.nc'.
** INFO   : External Forcing or Initialising 'nudge_salinity_temperature' from file 'nudge_salinity_temperature_2025-07-01_00-00-00.nc'.
** INFO   : External Forcing or Initialising 'nudge_salinity_temperature' from file 'nudge_salinity_temperature_2025-07-01_00-00-00.nc'.
** INFO   : External Forcing or Initialising 'nudge_salinity_temperature' from file 'nudge_salinity_temperature_2025-07-01_00-00-00.nc'.
** INFO   : External Forcing or Initialising 'nudge_salinity_temperature' from file 'nudge_salinity_temperature_2025-07-01_00-00-00.nc'.
** INFO   : External Forcing or Initialising 'nudge_salinity_temperature' from file 'nudge_salinity_temperature_2025-07-01_00-00-00.nc'.
** INFO   : nudge_salinity_temperature: bounding box col0-col1 X row0-row1 = 1-9 X 1-6, ncols X nrows = 9 X 6, relcol X relrow = 1.00 X 1.00 = 1.00
** INFO   : sparse: data size = 28, ncols X nrows = 9 X 6 = 54 factor = 0.52
** INFO   : External Forcing or Initialising 'rainfall_rate' from file 'era5_mer_20250701to20250713_ERA5.nc'.
** INFO   : nudge_salinity_temperature: bounding box col0-col1 X row0-row1 = 1-9 X 1-6, ncols X nrows = 9 X 6, relcol X relrow = 1.00 X 1.00 = 1.00
** INFO   : sparse: data size = 18, ncols X nrows = 9 X 6 = 54 factor = 0.33
** INFO   : nudge_salinity_temperature: bounding box col0-col1 X row0-row1 = 1-9 X 1-6, ncols X nrows = 9 X 6, relcol X relrow = 1.00 X 1.00 = 1.00
** INFO   : sparse: data size = 24, ncols X nrows = 9 X 6 = 54 factor = 0.44
** INFO   : nudge_salinity_temperature: bounding box col0-col1 X row0-row1 = 1-9 X 1-6, ncols X nrows = 9 X 6, relcol X relrow = 1.00 X 1.00 = 1.00
** INFO   : nudge_salinity_temperature: bounding box col0-col1 X row0-row1 = 1-9 X 1-6, ncols X nrows = 9 X 6, relcol X relrow = 1.00 X 1.00 = 1.00
** INFO   : sparse: data size = 4, ncols X nrows = 9 X 6 = 54 factor = 0.07
** INFO   : sparse: data size = 21, ncols X nrows = 9 X 6 = 54 factor = 0.39
** INFO   : External Forcing or Initialising 'rainfall_rate' from file 'era5_mer_20250701to20250713_ERA5.nc'.
** INFO   : nudge_salinity_temperature: bounding box col0-col1 X row0-row1 = 1-9 X 1-6, ncols X nrows = 9 X 6, relcol X relrow = 1.00 X 1.00 = 1.00
** INFO   : sparse: data size = 20, ncols X nrows = 9 X 6 = 54 factor = 0.37
** INFO   : External Forcing or Initialising 'rainfall_rate' from file 'era5_mer_20250701to20250713_ERA5.nc'.
** INFO   : nudge_salinity_temperature: bounding box col0-col1 X row0-row1 = 1-9 X 1-6, ncols X nrows = 9 X 6, relcol X relrow = 1.00 X 1.00 = 1.00
** INFO   : sparse: data size = 12, ncols X nrows = 9 X 6 = 54 factor = 0.22
** INFO   : External Forcing or Initialising 'rainfall_rate' from file 'era5_mer_20250701to20250713_ERA5.nc'.
** INFO   : External Forcing or Initialising 'rainfall_rate' from file 'era5_mer_20250701to20250713_ERA5.nc'.
** INFO   : External Forcing or Initialising 'rainfall_rate' from file 'era5_mer_20250701to20250713_ERA5.nc'.
** INFO   : External Forcing or Initialising 'rainfall_rate' from file 'era5_mer_20250701to20250713_ERA5.nc'.
** INFO   : nudge_salinity_temperature: bounding box col0-col1 X row0-row1 = 1-9 X 1-6, ncols X nrows = 9 X 6, relcol X relrow = 1.00 X 1.00 = 1.00
** INFO   : sparse: data size = 18, ncols X nrows = 9 X 6 = 54 factor = 0.33
** INFO   : External Forcing or Initialising 'rainfall_rate' from file 'era5_mer_20250701to20250713_ERA5.nc'.
** INFO   : Closed file : Stagnone_dxy01_15m_old.ext
** INFO   : Closed file : Stagnone_dxy01_15m_old.ext
** INFO   : Closed file : Stagnone_dxy01_15m_old.ext
** INFO   : Closed file : Stagnone_dxy01_15m_old.ext
** INFO   : Closed file : Stagnone_dxy01_15m_old.ext
** INFO   : Closed file : Stagnone_dxy01_15m_old.ext
** INFO   : Closed file : Stagnone_dxy01_15m_old.ext
** INFO   : Closed file : Stagnone_dxy01_15m_old.ext
** INFO   : Done initializing external forcings.
** INFO   : Done initializing external forcings.
** INFO   : Done initializing external forcings.
** INFO   : Done initializing external forcings.
** INFO   : Done initializing external forcings.
** INFO   : Done initializing external forcings.
** INFO   : Done initializing external forcings.
** INFO   : Done initializing external forcings.
** INFO   : The restart file does not contain waterlevel info. on boundaries
** INFO   : Check flownodes numbering when restart:
** INFO   : Check flowlinks numbering when restart:
** INFO   : Check flownodes numbering when restart:
** INFO   : The restart file is of an old version, therefore no bedlevel info is read
** INFO   : Check flowlinks numbering when restart:
** INFO   : Check flownodes numbering when restart:
** INFO   : The restart file does not contain waterlevel info. on boundaries
** INFO   : Check flownodes numbering when restart:
** INFO   : The restart file does not contain waterlevel info. on boundaries
** INFO   : Check flownodes numbering when restart:
** INFO   : Check flownodes numbering when restart:
** INFO   : Check flownodes numbering when restart:
** INFO   : Check flownodes numbering when restart:
** INFO   : Check flowlinks numbering when restart:
** INFO   : Check flowlinks numbering when restart:
** INFO   : Check flowlinks numbering when restart:
** INFO   : Check flowlinks numbering when restart:
** INFO   : Check flowlinks numbering when restart:
** INFO   : Check flowlinks numbering when restart:
** INFO   : The restart file is of an old version, therefore no bedlevel info is read
** INFO   : The restart file is of an old version, therefore no bedlevel info is read
** INFO   : Finding flow nodes...
** INFO   : Finding flow nodes...
** INFO   : done in      0.00100 sec.
** INFO   : Finding flow nodes...
** INFO   : done in      0.00100 sec.
** INFO   : Finding flow nodes...
** INFO   : Finding flow nodes...
** INFO   : Finding flow nodes...
** INFO   : Finding flow nodes...
** INFO   : Finding flow nodes...
** INFO   : done in      0.00100 sec.
** INFO   : done in      0.00100 sec.
** INFO   : done in      0.00100 sec.
** INFO   : done in      0.00100 sec.
** INFO   : done in      0.00100 sec.
** INFO   : done in      0.00100 sec.
** WARNING: No humidity or dewpoint, airtemperature and cloudiness forcing found, setting temperature model [physics:Temperature] = 1 (Only transport)
Dimr [2026-05-18 18:13:58.898312] #2 >> kernel: No humidity or dewpoint, airtemperature and cloudiness forcing found, setting temperature model [physics:Temperature] = 1 (Only transport)
** WARNING: No humidity or dewpoint, airtemperature and cloudiness forcing found, setting temperature model [physics:Temperature] = 1 (Only transport)
Dimr [2026-05-18 18:13:58.907551] #6 >> kernel: No humidity or dewpoint, airtemperature and cloudiness forcing found, setting temperature model [physics:Temperature] = 1 (Only transport)
** WARNING: No humidity or dewpoint, airtemperature and cloudiness forcing found, setting temperature model [physics:Temperature] = 1 (Only transport)
Dimr [2026-05-18 18:13:58.918449] #4 >> kernel: No humidity or dewpoint, airtemperature and cloudiness forcing found, setting temperature model [physics:Temperature] = 1 (Only transport)
** WARNING: No humidity or dewpoint, airtemperature and cloudiness forcing found, setting temperature model [physics:Temperature] = 1 (Only transport)
Dimr [2026-05-18 18:13:58.926668] #5 >> kernel: No humidity or dewpoint, airtemperature and cloudiness forcing found, setting temperature model [physics:Temperature] = 1 (Only transport)
** WARNING: No humidity or dewpoint, airtemperature and cloudiness forcing found, setting temperature model [physics:Temperature] = 1 (Only transport)
Dimr [2026-05-18 18:13:59.243417] #3 >> kernel: No humidity or dewpoint, airtemperature and cloudiness forcing found, setting temperature model [physics:Temperature] = 1 (Only transport)
** WARNING: No humidity or dewpoint, airtemperature and cloudiness forcing found, setting temperature model [physics:Temperature] = 1 (Only transport)
Dimr [2026-05-18 18:13:59.243517] #1 >> kernel: No humidity or dewpoint, airtemperature and cloudiness forcing found, setting temperature model [physics:Temperature] = 1 (Only transport)
** WARNING: No humidity or dewpoint, airtemperature and cloudiness forcing found, setting temperature model [physics:Temperature] = 1 (Only transport)
Dimr [2026-05-18 18:13:59.247724] #0 >> kernel: No humidity or dewpoint, airtemperature and cloudiness forcing found, setting temperature model [physics:Temperature] = 1 (Only transport)
** WARNING: No humidity or dewpoint, airtemperature and cloudiness forcing found, setting temperature model [physics:Temperature] = 1 (Only transport)
Dimr [2026-05-18 18:13:59.270751] #7 >> kernel: No humidity or dewpoint, airtemperature and cloudiness forcing found, setting temperature model [physics:Temperature] = 1 (Only transport)
** INFO   : nogauss , nocg :           2185          1108
** INFO   : nogauss , nocg :           2048          1286
** INFO   : nogauss , nocg :           1930          1577
** INFO   : nogauss , nocg :           2184          1338
** INFO   : nogauss , nocg :           2177          1424
** INFO   : nogauss , nocg :           2039          1568
** INFO   : nogauss , nocg :           2160          1559
** INFO   : nogauss , nocg :           1941          1560
** WARNING: Programming error, please report: any_structures_lie_across_multiple_partitions found no partitions with nodes!
Dimr [2026-05-18 18:13:59.290232] #0 >> kernel: Programming error, please report: any_structures_lie_across_multiple_partitions found no partitions with nodes!
** WARNING: Programming error, please report: any_structures_lie_across_multiple_partitions found no partitions with nodes!
Dimr [2026-05-18 18:13:59.290233] #1 >> kernel: Programming error, please report: any_structures_lie_across_multiple_partitions found no partitions with nodes!
** WARNING: Programming error, please report: any_structures_lie_across_multiple_partitions found no partitions with nodes!
Dimr [2026-05-18 18:13:59.290233] #2 >> kernel: Programming error, please report: any_structures_lie_across_multiple_partitions found no partitions with nodes!
** WARNING: Programming error, please report: any_structures_lie_across_multiple_partitions found no partitions with nodes!
Dimr [2026-05-18 18:13:59.290233] #3 >> kernel: Programming error, please report: any_structures_lie_across_multiple_partitions found no partitions with nodes!
** WARNING: Programming error, please report: any_structures_lie_across_multiple_partitions found no partitions with nodes!
Dimr [2026-05-18 18:13:59.290237] #4 >> kernel: Programming error, please report: any_structures_lie_across_multiple_partitions found no partitions with nodes!
** WARNING: Programming error, please report: any_structures_lie_across_multiple_partitions found no partitions with nodes!
Dimr [2026-05-18 18:13:59.290236] #5 >> kernel: Programming error, please report: any_structures_lie_across_multiple_partitions found no partitions with nodes!
** WARNING: Programming error, please report: any_structures_lie_across_multiple_partitions found no partitions with nodes!
Dimr [2026-05-18 18:13:59.290236] #6 >> kernel: Programming error, please report: any_structures_lie_across_multiple_partitions found no partitions with nodes!
** WARNING: Programming error, please report: any_structures_lie_across_multiple_partitions found no partitions with nodes!
Dimr [2026-05-18 18:13:59.290236] #7 >> kernel: Programming error, please report: any_structures_lie_across_multiple_partitions found no partitions with nodes!
** INFO   : Finding flow nodes...
** INFO   : Finding flow nodes...
** INFO   : Finding flow nodes...
** INFO   : Finding flow nodes...
** INFO   : Finding flow nodes...
** INFO   : Finding flow nodes...
** INFO   : Finding flow nodes...
** INFO   : Finding flow nodes...
** INFO   : done in      0.00100 sec.
** INFO   : done in      0.00100 sec.
** INFO   : done in      0.00100 sec.
** INFO   : done in      0.00100 sec.
** INFO   : done in      0.00100 sec.
** INFO   : done in      0.00100 sec.
** INFO   : done in      0.00100 sec.
** INFO   : done in      0.00100 sec.
** WARNING: Viscosity coefficient was limited for 30 links.
Dimr [2026-05-18 18:13:59.304248] #6 >> kernel: Viscosity coefficient was limited for 30 links.
** WARNING: Viscosity coefficient was limited for 10 links.
Dimr [2026-05-18 18:13:59.304796] #3 >> kernel: Viscosity coefficient was limited for 10 links.
** INFO   : ** Model initialization was successful **
** INFO   : * Active Model definition:
** INFO   : ** Model initialization was successful **
** INFO   : * Active Model definition:
** INFO   : ** Model initialization was successful **
** INFO   : * Active Model definition:
** INFO   : **
** INFO   : Writing cache file: Stagnone_dxy01_15m_0000.cache, version: D-Flow FM, cache file, 1.01
** INFO   : **
** INFO   : **
** INFO   : Writing cache file: Stagnone_dxy01_15m_0006.cache, version: D-Flow FM, cache file, 1.01
** INFO   : Writing cache file: Stagnone_dxy01_15m_0003.cache, version: D-Flow FM, cache file, 1.01
** INFO   : ** Model initialization was successful **
** INFO   : * Active Model definition:
** INFO   : ** Model initialization was successful **
** INFO   : * Active Model definition:
** INFO   : ** Model initialization was successful **
** INFO   : * Active Model definition:
** INFO   : ** Model initialization was successful **
** INFO   : * Active Model definition:
** INFO   : **
** INFO   : Writing cache file: Stagnone_dxy01_15m_0001.cache, version: D-Flow FM, cache file, 1.01
** INFO   : **
** INFO   : Writing cache file: Stagnone_dxy01_15m_0002.cache, version: D-Flow FM, cache file, 1.01
** INFO   : ** Model initialization was successful **
** INFO   : * Active Model definition:
** INFO   : **
** INFO   : **
** INFO   : Writing cache file: Stagnone_dxy01_15m_0007.cache, version: D-Flow FM, cache file, 1.01
** INFO   : Writing cache file: Stagnone_dxy01_15m_0004.cache, version: D-Flow FM, cache file, 1.01
** INFO   : **
** INFO   : Writing cache file: Stagnone_dxy01_15m_0005.cache, version: D-Flow FM, cache file, 1.01
** INFO   : Modelinit finished   at: 18:13:59, 18-05-2026
** INFO   : 
** INFO   : 
** INFO   : nr of netnodes               ( )  :                     1791
** INFO   : nr of netlinks               ( )  :                     5086
** INFO   : 
** INFO   : nr of 2D netlinks            ( )  :                     5086
** INFO   : nr of 1D netlinks            ( )  :                        0
** INFO   : 
** INFO   : nr of netcells               ( )  :                     3293
** INFO   : nr of netcells 1D2D          ( )  :                     3293
** INFO   : 
** INFO   : nr of flownodes              ( )  :                     3293
** INFO   : nr of internal flownodes     ( )  :                     3293
** INFO   : nr of 2D internal flownodes  ( )  :                     3293
** INFO   : nr of 1D internal flownodes  ( )  :                        0
** INFO   : 
** INFO   : nr of openbnd cells       ( )     :                        0
** INFO   : nr of 2D boundaries       ( )     :                        0
** INFO   : nr of 1D boundaries       ( )     :                        0
** INFO   : nr of flowlinks           ( )     :                     4817
** INFO   : nr of internal links      ( )     :                     4817
** INFO   : nr of 1D links            ( )     :                        0
** INFO   : 
** INFO   : nr of closed walls     ( )  :                      269
** INFO   : max nr of layers       ( )  :                       10
** INFO   : nr of 3D cells         ( )  :                    32930
** INFO   : nr of 3D links         ( )  :                    48170
** INFO   : 
** INFO   : 
** INFO   : my model area          (m2) :         0.1437861189E+08
** INFO   : Modelinit finished   at: 18:13:59, 18-05-2026
** INFO   : 
** INFO   : 
** INFO   : nr of netnodes               ( )  :                     3266
** INFO   : nr of netlinks               ( )  :                     6867
** INFO   : 
** INFO   : nr of 2D netlinks            ( )  :                     6867
** INFO   : nr of 1D netlinks            ( )  :                        0
** INFO   : 
** INFO   : nr of netcells               ( )  :                     3601
** INFO   : nr of netcells 1D2D          ( )  :                     3601
** INFO   : 
** INFO   : nr of flownodes              ( )  :                     3601
** INFO   : nr of internal flownodes     ( )  :                     3601
** INFO   : nr of 2D internal flownodes  ( )  :                     3601
** INFO   : nr of 1D internal flownodes  ( )  :                        0
** INFO   : 
** INFO   : nr of openbnd cells       ( )     :                        0
** INFO   : nr of 2D boundaries       ( )     :                        0
** INFO   : nr of 1D boundaries       ( )     :                        0
** INFO   : nr of flowlinks           ( )     :                     6286
** INFO   : nr of internal links      ( )     :                     6286
** INFO   : nr of 1D links            ( )     :                        0
** INFO   : 
** INFO   : nr of closed walls     ( )  :                      581
** INFO   : max nr of layers       ( )  :                       10
** INFO   : nr of 3D cells         ( )  :                    36010
** INFO   : nr of 3D links         ( )  :                    62860
** INFO   : 
** INFO   : 
** INFO   : my model area          (m2) :         0.1661727062E+09
** INFO   : Modelinit finished   at: 18:13:59, 18-05-2026
** INFO   : 
** INFO   : 
** INFO   : nr of netnodes               ( )  :                     3397
** INFO   : nr of netlinks               ( )  :                     7115
** INFO   : 
** INFO   : nr of 2D netlinks            ( )  :                     7115
** INFO   : nr of 1D netlinks            ( )  :                        0
** INFO   : 
** INFO   : nr of netcells               ( )  :                     3719
** INFO   : nr of netcells 1D2D          ( )  :                     3719
** INFO   : 
** INFO   : nr of flownodes              ( )  :                     3719
** INFO   : nr of internal flownodes     ( )  :                     3719
** INFO   : nr of 2D internal flownodes  ( )  :                     3719
** INFO   : nr of 1D internal flownodes  ( )  :                        0
** INFO   : 
** INFO   : nr of openbnd cells       ( )     :                        0
** INFO   : nr of 2D boundaries       ( )     :                        0
** INFO   : nr of 1D boundaries       ( )     :                        0
** INFO   : nr of flowlinks           ( )     :                     6639
** INFO   : nr of internal links      ( )     :                     6639
** INFO   : nr of 1D links            ( )     :                        0
** INFO   : 
** INFO   : nr of closed walls     ( )  :                      476
** INFO   : max nr of layers       ( )  :                       10
** INFO   : nr of 3D cells         ( )  :                    37190
** INFO   : nr of 3D links         ( )  :                    66390
** INFO   : 
** INFO   : 
** INFO   : my model area          (m2) :         0.1325437043E+09
** INFO   : Modelinit finished   at: 18:13:59, 18-05-2026
** INFO   : 
** INFO   : 
** INFO   : nr of netnodes               ( )  :                     3094
** INFO   : nr of netlinks               ( )  :                     6413
** INFO   : 
** INFO   : nr of 2D netlinks            ( )  :                     6413
** INFO   : nr of 1D netlinks            ( )  :                        0
** INFO   : 
** INFO   : nr of netcells               ( )  :                     3319
** INFO   : nr of netcells 1D2D          ( )  :                     3319
** INFO   : 
** INFO   : nr of flownodes              ( )  :                     3334
** INFO   : nr of internal flownodes     ( )  :                     3319
** INFO   : nr of 2D internal flownodes  ( )  :                     3319
** INFO   : nr of 1D internal flownodes  ( )  :                        0
** INFO   : 
** INFO   : nr of openbnd cells       ( )     :                       15
** INFO   : nr of 2D boundaries       ( )     :                       15
** INFO   : nr of 1D boundaries       ( )     :                        0
** INFO   : nr of flowlinks           ( )     :                     5908
** INFO   : nr of internal links      ( )     :                     5893
** INFO   : nr of 1D links            ( )     :                        0
** INFO   : 
** INFO   : nr of closed walls     ( )  :                      505
** INFO   : max nr of layers       ( )  :                       10
** INFO   : nr of 3D cells         ( )  :                    33340
** INFO   : nr of 3D links         ( )  :                    59080
** INFO   : 
** INFO   : 
** INFO   : my model area          (m2) :         0.9498764792E+08
** INFO   : Modelinit finished   at: 18:13:59, 18-05-2026
** INFO   : 
** INFO   : 
** INFO   : nr of netnodes               ( )  :                     3239
** INFO   : nr of netlinks               ( )  :                     6807
** INFO   : 
** INFO   : nr of 2D netlinks            ( )  :                     6807
** INFO   : nr of 1D netlinks            ( )  :                        0
** INFO   : 
** INFO   : nr of netcells               ( )  :                     3569
** INFO   : nr of netcells 1D2D          ( )  :                     3569
** INFO   : Modelinit finished   at: 18:13:59, 18-05-2026
** INFO   : 
** INFO   : 
** INFO   : nr of netnodes               ( )  :                     2828
** INFO   : nr of netlinks               ( )  :                     6315
** INFO   : 
** INFO   : nr of 2D netlinks            ( )  :                     6315
** INFO   : nr of 1D netlinks            ( )  :                        0
** INFO   : 
** INFO   : nr of netcells               ( )  :                     3488
** INFO   : nr of netcells 1D2D          ( )  :                     3488
** INFO   : 
** INFO   : nr of flownodes              ( )  :                     3522
** INFO   : nr of internal flownodes     ( )  :                     3488
** INFO   : nr of 2D internal flownodes  ( )  :                     3488
** INFO   : nr of 1D internal flownodes  ( )  :                        0
** INFO   : 
** INFO   : nr of openbnd cells       ( )     :                       34
** INFO   : nr of 2D boundaries       ( )     :                       34
** INFO   : nr of 1D boundaries       ( )     :                        0
** INFO   : nr of flowlinks           ( )     :                     5861
** INFO   : nr of internal links      ( )     :                     5827
** INFO   : nr of 1D links            ( )     :                        0
** INFO   : 
** INFO   : nr of closed walls     ( )  :                      454
** INFO   : max nr of layers       ( )  :                       10
** INFO   : nr of 3D cells         ( )  :                    35220
** INFO   : nr of 3D links         ( )  :                    58610
** INFO   : 
** INFO   : 
** INFO   : 
** INFO   : nr of flownodes              ( )  :                     3607
** INFO   : nr of internal flownodes     ( )  :                     3569
** INFO   : nr of 2D internal flownodes  ( )  :                     3569
** INFO   : nr of 1D internal flownodes  ( )  :                        0
** INFO   : 
** INFO   : nr of openbnd cells       ( )     :                       38
** INFO   : nr of 2D boundaries       ( )     :                       38
** INFO   : nr of 1D boundaries       ( )     :                        0
** INFO   : nr of flowlinks           ( )     :                     6532
** INFO   : nr of internal links      ( )     :                     6494
** INFO   : nr of 1D links            ( )     :                        0
** INFO   : 
** INFO   : my model area          (m2) :         0.4128410741E+09
** INFO   : nr of closed walls     ( )  :                      275
** INFO   : max nr of layers       ( )  :                       10
** INFO   : nr of 3D cells         ( )  :                    36070
** INFO   : nr of 3D links         ( )  :                    65320
** INFO   : 
** INFO   : 
** INFO   : my model area          (m2) :         0.1977067821E+09
** INFO   : Modelinit finished   at: 18:13:59, 18-05-2026
** INFO   : 
** INFO   : 
** INFO   : nr of netnodes               ( )  :                     3134
** INFO   : nr of netlinks               ( )  :                     6602
** INFO   : 
** INFO   : nr of 2D netlinks            ( )  :                     6602
** INFO   : nr of 1D netlinks            ( )  :                        0
** INFO   : 
** INFO   : nr of netcells               ( )  :                     3468
** INFO   : nr of netcells 1D2D          ( )  :                     3468
** INFO   : 
** INFO   : nr of flownodes              ( )  :                     3501
** INFO   : nr of internal flownodes     ( )  :                     3468
** INFO   : nr of 2D internal flownodes  ( )  :                     3468
** INFO   : nr of 1D internal flownodes  ( )  :                        0
** INFO   : 
** INFO   : nr of openbnd cells       ( )     :                       33
** INFO   : nr of 2D boundaries       ( )     :                       33
** INFO   : nr of 1D boundaries       ( )     :                        0
** INFO   : nr of flowlinks           ( )     :                     6351
** INFO   : nr of internal links      ( )     :                     6318
** INFO   : nr of 1D links            ( )     :                        0
** INFO   : 
** INFO   : nr of closed walls     ( )  :                      251
** INFO   : max nr of layers       ( )  :                       10
** INFO   : nr of 3D cells         ( )  :                    35010
** INFO   : nr of 3D links         ( )  :                    63510
** INFO   : 
** INFO   : 
** INFO   : my model area          (m2) :         0.2291706163E+09
** INFO   : Modelinit finished   at: 18:13:59, 18-05-2026
** INFO   : 
** INFO   : 
** INFO   : nr of netnodes               ( )  :                     3188
** INFO   : nr of netlinks               ( )  :                     6631
** INFO   : 
** INFO   : nr of 2D netlinks            ( )  :                     6631
** INFO   : nr of 1D netlinks            ( )  :                        0
** INFO   : 
** INFO   : nr of netcells               ( )  :                     3444
** INFO   : nr of netcells 1D2D          ( )  :                     3444
** INFO   : 
** INFO   : nr of flownodes              ( )  :                     3507
** INFO   : nr of internal flownodes     ( )  :                     3444
** INFO   : nr of 2D internal flownodes  ( )  :                     3444
** INFO   : nr of 1D internal flownodes  ( )  :                        0
** INFO   : 
** INFO   : nr of openbnd cells       ( )     :                       63
** INFO   : nr of 2D boundaries       ( )     :                       63
** INFO   : nr of 1D boundaries       ( )     :                        0
** INFO   : nr of flowlinks           ( )     :                     6428
** INFO   : nr of internal links      ( )     :                     6365
** INFO   : nr of 1D links            ( )     :                        0
** INFO   : 
** INFO   : nr of closed walls     ( )  :                      203
** INFO   : max nr of layers       ( )  :                       10
** INFO   : nr of 3D cells         ( )  :                    35070
** INFO   : nr of 3D links         ( )  :                    64280
** INFO   : 
** INFO   : 
** INFO   : my model area          (m2) :         0.5524560489E+09
** INFO   : total model area       (m2) :         0.1800257192E+10
** INFO   : my model volume        (m3) :         0.7471416833E+10
** INFO   : total model area       (m2) :         0.1800257192E+10
** INFO   : my model volume        (m3) :         0.2317136165E+11
** INFO   : total model area       (m2) :         0.1800257192E+10
** INFO   : my model volume        (m3) :         0.2376258428E+10
** INFO   : total model volume     (m3) :         0.3147240452E+12
** INFO   : total model area       (m2) :         0.1800257192E+10
** INFO   : my model volume        (m3) :         0.8154832948E+10
** INFO   : total model volume     (m3) :         0.3147240452E+12
** INFO   : 
** INFO   : total model area       (m2) :         0.1800257192E+10
** INFO   : my model volume        (m3) :         0.5368737935E+11
** INFO   : total model volume     (m3) :         0.3147240452E+12
** INFO   : 
** INFO   : 
** INFO   : total model area       (m2) :         0.1800257192E+10
** INFO   : my model volume        (m3) :         0.1717110348E+12
** INFO   : total model volume     (m3) :         0.3147240452E+12
** INFO   : 
** INFO   : 
** INFO   : total model area       (m2) :         0.1800257192E+10
** INFO   : my model volume        (m3) :         0.1151338015E+08
** INFO   : total model volume     (m3) :         0.3147240452E+12
** INFO   : 
** INFO   : 
** INFO   : total model area       (m2) :         0.1800257192E+10
** INFO   : my model volume        (m3) :         0.4814024778E+11
** INFO   : total model volume     (m3) :         0.3147240452E+12
** INFO   : 
** INFO   : 
** INFO   : total model volume     (m3) :         0.3147240452E+12
** INFO   : 
** INFO   : 
** INFO   : total model volume     (m3) :         0.3147240452E+12
** INFO   : 
** INFO   : 
** INFO   : 
** INFO   : 
** INFO   : 
** INFO   : Writing initial output to file(s)...
** INFO   : Writing initial output to file(s)...
** INFO   : Writing initial output to file(s)...
** INFO   : Writing initial output to file(s)...
** INFO   : Writing initial output to file(s)...
** INFO   : Writing initial output to file(s)...
** INFO   : Writing initial output to file(s)...
** INFO   : Writing initial output to file(s)...
** INFO   :    Sim. time done   Sim. time left   Real time used   Real time left Steps left Complete% Interval-averaged time step
** INFO   :           0d  0:00:00          2d  0:00:00          0d  0:00:00     ??d ??:??:??            576     0.2%     0.00000
** INFO   : Done writing initial output to file(s).
Dimr [2026-05-18 18:13:59.423959] #6 >> PARALLEL:
Dimr [2026-05-18 18:13:59.423982] #6 >> Parallel Update: Current time:  16416000.00000 -- DFlowFM -- 6
Dimr [2026-05-18 18:13:59.423987] #6 >> TIME LOOP    172800.00000 --  16588800.00000 --  16416000.00000
Dimr [2026-05-18 18:13:59.423992] #6 >> TIME LOOP      3600.00000 --  16588800.00000 --  16416000.00000 --         0.00000 
** INFO   :    Sim. time done   Sim. time left   Real time used   Real time left Steps left Complete% Interval-averaged time step
** INFO   :           0d  0:00:00          2d  0:00:00          0d  0:00:00     ??d ??:??:??            576     0.2%     0.00000
** INFO   : Done writing initial output to file(s).
Dimr [2026-05-18 18:13:59.429059] #2 >> PARALLEL:
Dimr [2026-05-18 18:13:59.429080] #2 >> Parallel Update: Current time:  16416000.00000 -- DFlowFM -- 6
Dimr [2026-05-18 18:13:59.429085] #2 >> TIME LOOP    172800.00000 --  16588800.00000 --  16416000.00000
Dimr [2026-05-18 18:13:59.429090] #2 >> TIME LOOP      3600.00000 --  16588800.00000 --  16416000.00000 --         0.00000 
** INFO   :    Sim. time done   Sim. time left   Real time used   Real time left Steps left Complete% Interval-averaged time step
** INFO   :           0d  0:00:00          2d  0:00:00          0d  0:00:00     ??d ??:??:??            576     0.2%     0.00000
** INFO   : Done writing initial output to file(s).
Dimr [2026-05-18 18:13:59.430302] #7 >> PARALLEL:
Dimr [2026-05-18 18:13:59.430320] #7 >> Parallel Update: Current time:  16416000.00000 -- DFlowFM -- 6
Dimr [2026-05-18 18:13:59.430327] #7 >> TIME LOOP    172800.00000 --  16588800.00000 --  16416000.00000
Dimr [2026-05-18 18:13:59.430333] #7 >> TIME LOOP      3600.00000 --  16588800.00000 --  16416000.00000 --         0.00000 
** INFO   :    Sim. time done   Sim. time left   Real time used   Real time left Steps left Complete% Interval-averaged time step
** INFO   :           0d  0:00:00          2d  0:00:00          0d  0:00:00     ??d ??:??:??            576     0.2%     0.00000
** INFO   : Done writing initial output to file(s).
Dimr [2026-05-18 18:13:59.433463] #1 >> PARALLEL:
Dimr [2026-05-18 18:13:59.433479] #1 >> Parallel Update: Current time:  16416000.00000 -- DFlowFM -- 6
Dimr [2026-05-18 18:13:59.433484] #1 >> TIME LOOP    172800.00000 --  16588800.00000 --  16416000.00000
Dimr [2026-05-18 18:13:59.433489] #1 >> TIME LOOP      3600.00000 --  16588800.00000 --  16416000.00000 --         0.00000 
** INFO   :    Sim. time done   Sim. time left   Real time used   Real time left Steps left Complete% Interval-averaged time step
** INFO   :           0d  0:00:00          2d  0:00:00          0d  0:00:00     ??d ??:??:??            576     0.2%     0.00000
** INFO   : Done writing initial output to file(s).
Dimr [2026-05-18 18:13:59.433600] #3 >> PARALLEL:
Dimr [2026-05-18 18:13:59.433615] #3 >> Parallel Update: Current time:  16416000.00000 -- DFlowFM -- 6
Dimr [2026-05-18 18:13:59.433620] #3 >> TIME LOOP    172800.00000 --  16588800.00000 --  16416000.00000
Dimr [2026-05-18 18:13:59.433624] #3 >> TIME LOOP      3600.00000 --  16588800.00000 --  16416000.00000 --         0.00000 
** INFO   :    Sim. time done   Sim. time left   Real time used   Real time left Steps left Complete% Interval-averaged time step
** INFO   :           0d  0:00:00          2d  0:00:00          0d  0:00:00     ??d ??:??:??            576     0.2%     0.00000
** INFO   : Done writing initial output to file(s).
Dimr [2026-05-18 18:13:59.435847] #0 >> wave.Initialize(stagnone.mdw)

********************************************************************************
***
*** Deltares, D-Waves  Version 3.08.03.057d2f7ceeafda462a1b4e598efa4ce4f0c97cc5, Oct 02 2025, 17:48:20
***           built from : URL: all/release/2026.01
***
***           runid      : stagnone.mdw
***
********************************************************************************

*** MESSAGE: Delft3D-WAVE runs online with Delft3D-FLOW
 Domain            1  is using depth averaged flow velocity.
 Domain            2  is using depth averaged flow velocity.
 Done reading input
*** MESSAGE: Using data from 8 NetCDF files
             Base name: ../DFM_OUTPUT_Stagnone_dxy01_15m/Stagnone_dxy01_15m_com.nc
             Partition range: 0000 - 0007
  Initialising grids and grid mappings
 
Coordinate System: Spherical
 
** INFO   :    Sim. time done   Sim. time left   Real time used   Real time left Steps left Complete% Interval-averaged time step
** INFO   :           0d  0:00:00          2d  0:00:00          0d  0:00:00     ??d ??:??:??            576     0.2%     0.00000
** INFO   : Done writing initial output to file(s).
Dimr [2026-05-18 18:13:59.438315] #4 >> PARALLEL:
Dimr [2026-05-18 18:13:59.438333] #4 >> Parallel Update: Current time:  16416000.00000 -- DFlowFM -- 6
Dimr [2026-05-18 18:13:59.438338] #4 >> TIME LOOP    172800.00000 --  16588800.00000 --  16416000.00000
Dimr [2026-05-18 18:13:59.438342] #4 >> TIME LOOP      3600.00000 --  16588800.00000 --  16416000.00000 --         0.00000 
** INFO   :    Sim. time done   Sim. time left   Real time used   Real time left Steps left Complete% Interval-averaged time step
** INFO   :           0d  0:00:00          2d  0:00:00          0d  0:00:00     ??d ??:??:??            576     0.2%     0.00000
** INFO   : Done writing initial output to file(s).
Dimr [2026-05-18 18:13:59.439064] #5 >> PARALLEL:
Dimr [2026-05-18 18:13:59.439080] #5 >> Parallel Update: Current time:  16416000.00000 -- DFlowFM -- 6
Dimr [2026-05-18 18:13:59.439085] #5 >> TIME LOOP    172800.00000 --  16588800.00000 --  16416000.00000
Dimr [2026-05-18 18:13:59.439090] #5 >> TIME LOOP      3600.00000 --  16588800.00000 --  16416000.00000 --         0.00000 
 
Coordinate System: Spherical
 
<<Run ESMF_RegridWeightGen...
>>...Check file esmf_sh.log
Executing command: "ESMF_RegridWeightGen_in_Delft3D-WAVE.sh TMP_ESMF_RegridWeightGen_flow_source_0001.nc TMP_ESMF_RegridWeightGen_swan_grid_outer_grd_destination_0001.nc TMP_ESMF_RegridWeightGen_swan_grid_outer_grd_weights_0001to0001.nc"
>>...End of ESMF_RegridWeightGen run
<<Run ESMF_RegridWeightGen...
>>...Check file esmf_sh.log
Executing command: "ESMF_RegridWeightGen_in_Delft3D-WAVE.sh TMP_ESMF_RegridWeightGen_flow_source_0002.nc TMP_ESMF_RegridWeightGen_swan_grid_outer_grd_destination_0001.nc TMP_ESMF_RegridWeightGen_swan_grid_outer_grd_weights_0002to0001.nc"
>>...End of ESMF_RegridWeightGen run
<<Run ESMF_RegridWeightGen...
>>...Check file esmf_sh.log
Executing command: "ESMF_RegridWeightGen_in_Delft3D-WAVE.sh TMP_ESMF_RegridWeightGen_flow_source_0003.nc TMP_ESMF_RegridWeightGen_swan_grid_outer_grd_destination_0001.nc TMP_ESMF_RegridWeightGen_swan_grid_outer_grd_weights_0003to0001.nc"
>>...End of ESMF_RegridWeightGen run
<<Run ESMF_RegridWeightGen...
>>...Check file esmf_sh.log
Executing command: "ESMF_RegridWeightGen_in_Delft3D-WAVE.sh TMP_ESMF_RegridWeightGen_flow_source_0004.nc TMP_ESMF_RegridWeightGen_swan_grid_outer_grd_destination_0001.nc TMP_ESMF_RegridWeightGen_swan_grid_outer_grd_weights_0004to0001.nc"
>>...End of ESMF_RegridWeightGen run
<<Run ESMF_RegridWeightGen...
>>...Check file esmf_sh.log
Executing command: "ESMF_RegridWeightGen_in_Delft3D-WAVE.sh TMP_ESMF_RegridWeightGen_flow_source_0005.nc TMP_ESMF_RegridWeightGen_swan_grid_outer_grd_destination_0001.nc TMP_ESMF_RegridWeightGen_swan_grid_outer_grd_weights_0005to0001.nc"
>>...End of ESMF_RegridWeightGen run
<<Run ESMF_RegridWeightGen...
>>...Check file esmf_sh.log
Executing command: "ESMF_RegridWeightGen_in_Delft3D-WAVE.sh TMP_ESMF_RegridWeightGen_flow_source_0006.nc TMP_ESMF_RegridWeightGen_swan_grid_outer_grd_destination_0001.nc TMP_ESMF_RegridWeightGen_swan_grid_outer_grd_weights_0006to0001.nc"
>>...End of ESMF_RegridWeightGen run
<<Run ESMF_RegridWeightGen...
>>...Check file esmf_sh.log
Executing command: "ESMF_RegridWeightGen_in_Delft3D-WAVE.sh TMP_ESMF_RegridWeightGen_flow_source_0007.nc TMP_ESMF_RegridWeightGen_swan_grid_outer_grd_destination_0001.nc TMP_ESMF_RegridWeightGen_swan_grid_outer_grd_weights_0007to0001.nc"
>>...End of ESMF_RegridWeightGen run
<<Run ESMF_RegridWeightGen...
>>...Check file esmf_sh.log
Executing command: "ESMF_RegridWeightGen_in_Delft3D-WAVE.sh TMP_ESMF_RegridWeightGen_flow_source_0008.nc TMP_ESMF_RegridWeightGen_swan_grid_outer_grd_destination_0001.nc TMP_ESMF_RegridWeightGen_swan_grid_outer_grd_weights_0008to0001.nc"
>>...End of ESMF_RegridWeightGen run
<<Run ESMF_RegridWeightGen...
>>...Check file esmf_sh.log
Executing command: "ESMF_RegridWeightGen_in_Delft3D-WAVE.sh TMP_ESMF_RegridWeightGen_flow_source_0001.nc TMP_ESMF_RegridWeightGen_swan_grid_grd_destination_0002.nc TMP_ESMF_RegridWeightGen_swan_grid_grd_weights_0001to0002.nc"
>>...End of ESMF_RegridWeightGen run
<<Run ESMF_RegridWeightGen...
>>...Check file esmf_sh.log
Executing command: "ESMF_RegridWeightGen_in_Delft3D-WAVE.sh TMP_ESMF_RegridWeightGen_flow_source_0002.nc TMP_ESMF_RegridWeightGen_swan_grid_grd_destination_0002.nc TMP_ESMF_RegridWeightGen_swan_grid_grd_weights_0002to0002.nc"
>>...End of ESMF_RegridWeightGen run
<<Run ESMF_RegridWeightGen...
>>...Check file esmf_sh.log
Executing command: "ESMF_RegridWeightGen_in_Delft3D-WAVE.sh TMP_ESMF_RegridWeightGen_flow_source_0003.nc TMP_ESMF_RegridWeightGen_swan_grid_grd_destination_0002.nc TMP_ESMF_RegridWeightGen_swan_grid_grd_weights_0003to0002.nc"
>>...End of ESMF_RegridWeightGen run
<<Run ESMF_RegridWeightGen...
>>...Check file esmf_sh.log
Executing command: "ESMF_RegridWeightGen_in_Delft3D-WAVE.sh TMP_ESMF_RegridWeightGen_flow_source_0004.nc TMP_ESMF_RegridWeightGen_swan_grid_grd_destination_0002.nc TMP_ESMF_RegridWeightGen_swan_grid_grd_weights_0004to0002.nc"
>>...End of ESMF_RegridWeightGen run
<<Run ESMF_RegridWeightGen...
>>...Check file esmf_sh.log
Executing command: "ESMF_RegridWeightGen_in_Delft3D-WAVE.sh TMP_ESMF_RegridWeightGen_flow_source_0005.nc TMP_ESMF_RegridWeightGen_swan_grid_grd_destination_0002.nc TMP_ESMF_RegridWeightGen_swan_grid_grd_weights_0005to0002.nc"
>>...End of ESMF_RegridWeightGen run
WARNING Flow grid 5 is not overlapping with WAVE grid 2. Mapper not filled with weights.
<<Run ESMF_RegridWeightGen...
>>...Check file esmf_sh.log
Executing command: "ESMF_RegridWeightGen_in_Delft3D-WAVE.sh TMP_ESMF_RegridWeightGen_flow_source_0006.nc TMP_ESMF_RegridWeightGen_swan_grid_grd_destination_0002.nc TMP_ESMF_RegridWeightGen_swan_grid_grd_weights_0006to0002.nc"
>>...End of ESMF_RegridWeightGen run
WARNING Flow grid 6 is not overlapping with WAVE grid 2. Mapper not filled with weights.
<<Run ESMF_RegridWeightGen...
>>...Check file esmf_sh.log
Executing command: "ESMF_RegridWeightGen_in_Delft3D-WAVE.sh TMP_ESMF_RegridWeightGen_flow_source_0007.nc TMP_ESMF_RegridWeightGen_swan_grid_grd_destination_0002.nc TMP_ESMF_RegridWeightGen_swan_grid_grd_weights_0007to0002.nc"
>>...End of ESMF_RegridWeightGen run
<<Run ESMF_RegridWeightGen...
>>...Check file esmf_sh.log
Executing command: "ESMF_RegridWeightGen_in_Delft3D-WAVE.sh TMP_ESMF_RegridWeightGen_flow_source_0008.nc TMP_ESMF_RegridWeightGen_swan_grid_grd_destination_0002.nc TMP_ESMF_RegridWeightGen_swan_grid_grd_weights_0008to0002.nc"
>>...End of ESMF_RegridWeightGen run
Dimr [2026-05-18 18:14:02.110463] #0 >> PARALLEL:
Dimr [2026-05-18 18:14:02.110492] #0 >> Parallel Update: Current time:  16416000.00000 -- DFlowFM -- 3
Dimr [2026-05-18 18:14:02.110502] #0 >> TIME LOOP    172800.00000 --  16588800.00000 --  16416000.00000
Dimr [2026-05-18 18:14:02.110512] #0 >> TIME LOOP      3600.00000 --  16588800.00000 --  16416000.00000 --         0.00000 
Dimr [2026-05-18 18:14:02.110537] #0 >> Parallel Startgroup: Current time:  16416000.00000 --         0.00000
Dimr [2026-05-18 18:14:02.110541] #2 >> Parallel Child: Current time:  16416000.00000 -- 0
Dimr [2026-05-18 18:14:02.110541] #3 >> Parallel Child: Current time:  16416000.00000 -- 0
Dimr [2026-05-18 18:14:02.110550] #0 >> 16416000.0:    wave.Update(16416000.0)
Dimr [2026-05-18 18:14:02.110545] #1 >> Parallel Child: Current time:  16416000.00000 -- 0
*****************************************************************
*  Start of Delft3D-WAVE ...
Dimr [2026-05-18 18:14:02.110551] #7 >> Parallel Child: Current time:  16416000.00000 -- 0
Dimr [2026-05-18 18:14:02.110551] #4 >> Parallel Child: Current time:  16416000.00000 -- 0
Dimr [2026-05-18 18:14:02.110551] #5 >> Parallel Child: Current time:  16416000.00000 -- 0
Dimr [2026-05-18 18:14:02.110551] #6 >> Parallel Child: Current time:  16416000.00000 -- 0
  Start loop over SWAN grids, time =      273600.000 minutes since 20250101.000000
  Allocate input fields
  Allocate and read SWAN depth
  Get flow fields, domain 1 :
  Get flow fields, domain 2 :
  Get flow fields, domain 3 :
  Get flow fields, domain 4 :
  Get flow fields, domain 5 :
  Get flow fields, domain 6 :
  Get flow fields, domain 7 :
  Get flow fields, domain 8 :
  Write SWAN depth file
  Write SWAN velocity file
  Write SWAN wind file
  Write SWAN input
<<Run SWAN...
>>...Check file swan_sh.log
>>...End of SWAN run
  Allocate output fields
  Read SWAN output
  WARNING: Found negative value(s) for dissip(2) in swanout file;
           value(s) set to zero
  Map WAVE parameters to FLOW grid          1
  Map WAVE parameters to FLOW grid          2
  Map WAVE parameters to FLOW grid          3
  Map WAVE parameters to FLOW grid          4
  Map WAVE parameters to FLOW grid          5
  Map WAVE parameters to FLOW grid          6
  Map WAVE parameters to FLOW grid          7
  Map WAVE parameters to FLOW grid          8
  Write WAVE map file, nest          1 time      273600.000
  Time written     273600
  Write WAVE NetCDF map file, nest          1 time 273600.000
 Number of non-existing grid points detected:            0
  Deallocate input fields
  Allocate input fields
  Allocate and read SWAN depth
  Get flow fields, domain 1 :
  Get flow fields, domain 2 :
  Get flow fields, domain 3 :
  Get flow fields, domain 4 :
  Get flow fields, domain 5 :
  Get flow fields, domain 6 :
  Get flow fields, domain 7 :
  Get flow fields, domain 8 :
  Write SWAN depth file
  Write SWAN velocity file
  Write SWAN wind file
  Write SWAN input
<<Run SWAN...
>>...Check file swan_sh.log
>>...End of SWAN run
  Allocate output fields
  Read SWAN output
  WARNING: Found negative value(s) for dissip(2) in swanout file;
           value(s) set to zero
  Map WAVE parameters to FLOW grid          1
  Map WAVE parameters to FLOW grid          2
  Map WAVE parameters to FLOW grid          3
  Map WAVE parameters to FLOW grid          4
  Map WAVE parameters to FLOW grid          5
  Map WAVE parameters to FLOW grid          6
  Map WAVE parameters to FLOW grid          7
  Map WAVE parameters to FLOW grid          8
  Write WAVE map file, nest          2 time      273600.000
  Time written     273600
  Write WAVE NetCDF map file, nest          2 time 273600.000
 Number of non-existing grid points detected:            0
  Deallocate input fields
  Convert parameters
  Write to com-file
  Convert parameters
  Write to com-file
  Convert parameters
  Write to com-file
  Convert parameters
  Write to com-file
  Convert parameters
  Write to com-file
  Convert parameters
  Write to com-file
  Convert parameters
  Write to com-file
  Convert parameters
  Write to com-file
*  End of Delft3D-WAVE
*****************************************************************
Dimr [2026-05-18 18:14:17.429866] #0 >> Parallel Child: Current time:  16416000.00000 -- 0
Dimr [2026-05-18 18:14:17.429901] #0 >> 16416000.0:    DFlowFM.Update(     3600.00000)
Dimr [2026-05-18 18:14:17.429912] #1 >> 16416000.0:    DFlowFM.Update(     3600.00000)
Dimr [2026-05-18 18:14:17.429912] #2 >> 16416000.0:    DFlowFM.Update(     3600.00000)
Dimr [2026-05-18 18:14:17.429912] #3 >> 16416000.0:    DFlowFM.Update(     3600.00000)
Dimr [2026-05-18 18:14:17.429920] #4 >> 16416000.0:    DFlowFM.Update(     3600.00000)
Dimr [2026-05-18 18:14:17.429920] #5 >> 16416000.0:    DFlowFM.Update(     3600.00000)
Dimr [2026-05-18 18:14:17.429920] #6 >> 16416000.0:    DFlowFM.Update(     3600.00000)
Dimr [2026-05-18 18:14:17.429919] #7 >> 16416000.0:    DFlowFM.Update(     3600.00000)
 WARNING: ec_converter: no overlapping points found for quantity:
 hrms
 This is allowed in parallel runs
 WARNING: ec_converter: no overlapping points found for quantity:
 hrms
 This is allowed in parallel runs
 WARNING: ec_converter: no overlapping points found for quantity:
 hrms
 This is allowed in parallel runs
 WARNING: ec_converter: no overlapping points found for quantity:
 tp
 This is allowed in parallel runs
 WARNING: ec_converter: no overlapping points found for quantity:
 hrms
 This is allowed in parallel runs
 WARNING: ec_converter: no overlapping points found for quantity:
 tp
 This is allowed in parallel runs
 WARNING: ec_converter: no overlapping points found for quantity:
 tp
 This is allowed in parallel runs
 WARNING: ec_converter: no overlapping points found for quantity:
 dir
 This is allowed in parallel runs
 WARNING: ec_converter: no overlapping points found for quantity:
 tp
 This is allowed in parallel runs
 WARNING: ec_converter: no overlapping points found for quantity:
 dir
 This is allowed in parallel runs
 WARNING: ec_converter: no overlapping points found for quantity:
 dir
 This is allowed in parallel runs
 WARNING: ec_converter: no overlapping points found for quantity:
 dissurf
 This is allowed in parallel runs
 WARNING: ec_converter: no overlapping points found for quantity:
 dir
 This is allowed in parallel runs
 WARNING: ec_converter: no overlapping points found for quantity:
 diswcap
 This is allowed in parallel runs
 WARNING: ec_converter: no overlapping points found for quantity:
 dissurf
 This is allowed in parallel runs
 WARNING: ec_converter: no overlapping points found for quantity:
 dissurf
 This is allowed in parallel runs
 WARNING: ec_converter: no overlapping points found for quantity:
 dissurf
 This is allowed in parallel runs
 WARNING: ec_converter: no overlapping points found for quantity:
 fx
 This is allowed in parallel runs
 WARNING: ec_converter: no overlapping points found for quantity:
 diswcap
 This is allowed in parallel runs
 WARNING: ec_converter: no overlapping points found for quantity:
 diswcap
 This is allowed in parallel runs
 WARNING: ec_converter: no overlapping points found for quantity:
 fy
 This is allowed in parallel runs
 WARNING: ec_converter: no overlapping points found for quantity:
 fx
 This is allowed in parallel runs
 WARNING: ec_converter: no overlapping points found for quantity:
 diswcap
 This is allowed in parallel runs
 WARNING: ec_converter: no overlapping points found for quantity:
 fx
 This is allowed in parallel runs
 WARNING: ec_converter: no overlapping points found for quantity:
 fy
 This is allowed in parallel runs
 WARNING: ec_converter: no overlapping points found for quantity:
 wsbu
 This is allowed in parallel runs
 WARNING: ec_converter: no overlapping points found for quantity:
 fx
 This is allowed in parallel runs
 WARNING: ec_converter: no overlapping points found for quantity:
 wsbu
 This is allowed in parallel runs
 WARNING: ec_converter: no overlapping points found for quantity:
 fy
 This is allowed in parallel runs
 WARNING: ec_converter: no overlapping points found for quantity:
 wsbv
 This is allowed in parallel runs
 WARNING: ec_converter: no overlapping points found for quantity:
 fy
 This is allowed in parallel runs
 WARNING: ec_converter: no overlapping points found for quantity:
 wsbv
 This is allowed in parallel runs
 WARNING: ec_converter: no overlapping points found for quantity:
 mx
 This is allowed in parallel runs
 WARNING: ec_converter: no overlapping points found for quantity:
 wsbu
 This is allowed in parallel runs
 WARNING: ec_converter: no overlapping points found for quantity:
 wsbu
 This is allowed in parallel runs
 WARNING: ec_converter: no overlapping points found for quantity:
 mx
 This is allowed in parallel runs
 WARNING: ec_converter: no overlapping points found for quantity:
 my
 This is allowed in parallel runs
 WARNING: ec_converter: no overlapping points found for quantity:
 wsbv
 This is allowed in parallel runs
 WARNING: ec_converter: no overlapping points found for quantity:
 my
 This is allowed in parallel runs
 WARNING: ec_converter: no overlapping points found for quantity:
 wsbv
 This is allowed in parallel runs
 WARNING: ec_converter: no overlapping points found for quantity:
 ubot
 This is allowed in parallel runs
 WARNING: ec_converter: no overlapping points found for quantity:
 ubot
 This is allowed in parallel runs
 WARNING: ec_converter: no overlapping points found for quantity:
 mx
 This is allowed in parallel runs
 WARNING: ec_converter: no overlapping points found for quantity:
 mx
 This is allowed in parallel runs
 WARNING: ec_converter: no overlapping points found for quantity:
 my
 This is allowed in parallel runs
 WARNING: ec_converter: no overlapping points found for quantity:
 my
 This is allowed in parallel runs
 WARNING: ec_converter: no overlapping points found for quantity:
 ubot
 This is allowed in parallel runs
 WARNING: ec_converter: no overlapping points found for quantity:
 ubot
 This is allowed in parallel runs
** WARNING: Viscosity coefficient was limited for 30 links.
Dimr [2026-05-18 18:14:17.654865] #6 >> kernel: Viscosity coefficient was limited for 30 links.
 WARNING: ec_converter: no overlapping points found for quantity:
 hrms
 This is allowed in parallel runs
 WARNING: ec_converter: no overlapping points found for quantity:
 hrms
 This is allowed in parallel runs
 WARNING: ec_converter: no overlapping points found for quantity:
 hrms
 This is allowed in parallel runs
 WARNING: ec_converter: no overlapping points found for quantity:
 tp
 This is allowed in parallel runs
 WARNING: ec_converter: no overlapping points found for quantity:
 tp
 This is allowed in parallel runs
 WARNING: ec_converter: no overlapping points found for quantity:
 tp
 This is allowed in parallel runs
 WARNING: ec_converter: no overlapping points found for quantity:
 dir
 This is allowed in parallel runs
 WARNING: ec_converter: no overlapping points found for quantity:
 dir
 This is allowed in parallel runs
 WARNING: ec_converter: no overlapping points found for quantity:
 dir
 This is allowed in parallel runs
 WARNING: ec_converter: no overlapping points found for quantity:
 dissurf
 This is allowed in parallel runs
 WARNING: ec_converter: no overlapping points found for quantity:
 dissurf
 This is allowed in parallel runs
 WARNING: ec_converter: no overlapping points found for quantity:
 dissurf
 This is allowed in parallel runs
 WARNING: ec_converter: no overlapping points found for quantity:
 hrms
 This is allowed in parallel runs
 WARNING: ec_converter: no overlapping points found for quantity:
 diswcap
 This is allowed in parallel runs
 WARNING: ec_converter: no overlapping points found for quantity:
 diswcap
 This is allowed in parallel runs
 WARNING: ec_converter: no overlapping points found for quantity:
 diswcap
 This is allowed in parallel runs
 WARNING: ec_converter: no overlapping points found for quantity:
 fx
 This is allowed in parallel runs
 WARNING: ec_converter: no overlapping points found for quantity:
 tp
 This is allowed in parallel runs
 WARNING: ec_converter: no overlapping points found for quantity:
 fx
 This is allowed in parallel runs
 WARNING: ec_converter: no overlapping points found for quantity:
 fx
 This is allowed in parallel runs
 WARNING: ec_converter: no overlapping points found for quantity:
 fy
 This is allowed in parallel runs
 WARNING: ec_converter: no overlapping points found for quantity:
 fy
 This is allowed in parallel runs
 WARNING: ec_converter: no overlapping points found for quantity:
 dir
 This is allowed in parallel runs
 WARNING: ec_converter: no overlapping points found for quantity:
 fy
 This is allowed in parallel runs
 WARNING: ec_converter: no overlapping points found for quantity:
 wsbu
 This is allowed in parallel runs
 WARNING: ec_converter: no overlapping points found for quantity:
 wsbu
 This is allowed in parallel runs
 WARNING: ec_converter: no overlapping points found for quantity:
 wsbu
 This is allowed in parallel runs
 WARNING: ec_converter: no overlapping points found for quantity:
 dissurf
 This is allowed in parallel runs
 WARNING: ec_converter: no overlapping points found for quantity:
 wsbv
 This is allowed in parallel runs
 WARNING: ec_converter: no overlapping points found for quantity:
 wsbv
 This is allowed in parallel runs
 WARNING: ec_converter: no overlapping points found for quantity:
 wsbv
 This is allowed in parallel runs
 WARNING: ec_converter: no overlapping points found for quantity:
 diswcap
 This is allowed in parallel runs
 WARNING: ec_converter: no overlapping points found for quantity:
 mx
 This is allowed in parallel runs
 WARNING: ec_converter: no overlapping points found for quantity:
 mx
 This is allowed in parallel runs
 WARNING: ec_converter: no overlapping points found for quantity:
 mx
 This is allowed in parallel runs
 WARNING: ec_converter: no overlapping points found for quantity:
 fx
 This is allowed in parallel runs
 WARNING: ec_converter: no overlapping points found for quantity:
 my
 This is allowed in parallel runs
 WARNING: ec_converter: no overlapping points found for quantity:
 my
 This is allowed in parallel runs
 WARNING: ec_converter: no overlapping points found for quantity:
 my
 This is allowed in parallel runs
 WARNING: ec_converter: no overlapping points found for quantity:
 fy
 This is allowed in parallel runs
 WARNING: ec_converter: no overlapping points found for quantity:
 ubot
 This is allowed in parallel runs
 WARNING: ec_converter: no overlapping points found for quantity:
 ubot
 This is allowed in parallel runs
 WARNING: ec_converter: no overlapping points found for quantity:
 ubot
 This is allowed in parallel runs
 WARNING: ec_converter: no overlapping points found for quantity:
 wsbu
 This is allowed in parallel runs
 WARNING: ec_converter: no overlapping points found for quantity:
 wsbv
 This is allowed in parallel runs
 WARNING: ec_converter: no overlapping points found for quantity:
 mx
 This is allowed in parallel runs
 WARNING: ec_converter: no overlapping points found for quantity:
 my
 This is allowed in parallel runs
** WARNING: Viscosity coefficient was limited for 10 links.
Dimr [2026-05-18 18:14:17.833945] #3 >> kernel: Viscosity coefficient was limited for 10 links.
 WARNING: ec_converter: no overlapping points found for quantity:
 ubot
 This is allowed in parallel runs
** WARNING: Horizontal transport flux was limited for 60 links.
Dimr [2026-05-18 18:14:17.904554] #6 >> kernel: Horizontal transport flux was limited for 60 links.
** WARNING: Horizontal transport flux was limited for 110 links.
Dimr [2026-05-18 18:14:17.904989] #4 >> kernel: Horizontal transport flux was limited for 110 links.
** WARNING: Horizontal transport flux was limited for 57 links.
Dimr [2026-05-18 18:14:17.905145] #5 >> kernel: Horizontal transport flux was limited for 57 links.
** WARNING: Horizontal transport flux was limited for 10 links.
Dimr [2026-05-18 18:14:17.905455] #0 >> kernel: Horizontal transport flux was limited for 10 links.
** WARNING: Horizontal transport flux was limited for 20 links.
Dimr [2026-05-18 18:14:17.905649] #3 >> kernel: Horizontal transport flux was limited for 20 links.
** WARNING: Horizontal transport flux was limited for 275 links.
Dimr [2026-05-18 18:14:17.908655] #4 >> kernel: Horizontal transport flux was limited for 275 links.
** WARNING: Horizontal transport flux was limited for 150 links.
Dimr [2026-05-18 18:14:17.908837] #6 >> kernel: Horizontal transport flux was limited for 150 links.
** WARNING: Horizontal transport flux was limited for 142 links.
Dimr [2026-05-18 18:14:17.909127] #5 >> kernel: Horizontal transport flux was limited for 142 links.
** WARNING: Horizontal transport flux was limited for 25 links.
Dimr [2026-05-18 18:14:17.910079] #0 >> kernel: Horizontal transport flux was limited for 25 links.
** WARNING: Horizontal transport flux was limited for 50 links.
Dimr [2026-05-18 18:14:17.911095] #3 >> kernel: Horizontal transport flux was limited for 50 links.
** WARNING: Horizontal transport flux was limited for 19 links.
Dimr [2026-05-18 18:14:17.912013] #5 >> kernel: Horizontal transport flux was limited for 19 links.
** WARNING: Horizontal transport flux was limited for 47 links.
Dimr [2026-05-18 18:14:17.912094] #5 >> kernel: Horizontal transport flux was limited for 47 links.
** INFO   :  Minimum temperature encountered and limited in            8  cell(s).
** INFO   :  Minimum temperature encountered and limited in          760  cell(s).
** INFO   :  Maximum salinity encountered and limited in           90  cell(s).
** INFO   :  Minimum temperature encountered and limited in          180  cell(s).
** INFO   :  Maximum salinity encountered and limited in           20  cell(s).
** INFO   :  Minimum salinity encountered and limited in          760  cell(s).
** INFO   :  Minimum salinity encountered and limited in            8  cell(s).
** INFO   :  Minimum salinity encountered =  -1.610399872860207E-009
** INFO   :  Minimum salinity encountered =  -1.648422198741173E-009
** INFO   :  Minimum temperature encountered and limited in          960  cell(s).
** INFO   :  Minimum salinity encountered and limited in          180  cell(s).
** INFO   :  Minimum salinity encountered =  -1.473503163185944E-009
** INFO   :  Minimum temperature encountered and limited in         3044  cell(s).
** INFO   :  Minimum temperature encountered and limited in         4176  cell(s).
** INFO   :  Maximum salinity encountered and limited in           20  cell(s).
** INFO   :  Minimum temperature encountered and limited in         4132  cell(s).
** INFO   :  Minimum salinity encountered and limited in          960  cell(s).
** INFO   :  Minimum salinity encountered =  -2.392683664714668E-009
** INFO   :  Minimum salinity encountered and limited in         4176  cell(s).
** INFO   :  Minimum salinity encountered =  -2.502129708311049E-009
** INFO   :  Minimum salinity encountered and limited in         3044  cell(s).
** INFO   :  Minimum salinity encountered =  -2.517275853802990E-009
** INFO   :  Minimum salinity encountered and limited in         4132  cell(s).
** INFO   :  Minimum salinity encountered =  -3.042666207875300E-009
** INFO   :  Minimum temperature encountered and limited in         3208  cell(s).
** INFO   :  Minimum salinity encountered and limited in         3208  cell(s).
** INFO   :  Minimum salinity encountered =  -3.044095056531607E-009
** WARNING: Viscosity coefficient was limited for 30 links.
Dimr [2026-05-18 18:14:17.936921] #6 >> kernel: Viscosity coefficient was limited for 30 links.
** WARNING: Viscosity coefficient was limited for 10 links.
Dimr [2026-05-18 18:14:17.939225] #3 >> kernel: Viscosity coefficient was limited for 10 links.
** WARNING: Horizontal transport flux was limited for 60 links.
Dimr [2026-05-18 18:14:17.998987] #6 >> kernel: Horizontal transport flux was limited for 60 links.
** WARNING: Horizontal transport flux was limited for 101 links.
Dimr [2026-05-18 18:14:17.999376] #4 >> kernel: Horizontal transport flux was limited for 101 links.
** WARNING: Horizontal transport flux was limited for 90 links.
Dimr [2026-05-18 18:14:17.999527] #5 >> kernel: Horizontal transport flux was limited for 90 links.
** WARNING: Horizontal transport flux was limited for 7 links.
Dimr [2026-05-18 18:14:17.999875] #0 >> kernel: Horizontal transport flux was limited for 7 links.
** WARNING: Horizontal transport flux was limited for 20 links.
Dimr [2026-05-18 18:14:17.062] #3 >> kernel: Horizontal transport flux was limited for 20 links.
** WARNING: Horizontal transport flux was limited for 252 links.
Dimr [2026-05-18 18:14:18.3002] #4 >> kernel: Horizontal transport flux was limited for 252 links.
** WARNING: Horizontal transport flux was limited for 150 links.
Dimr [2026-05-18 18:14:18.3251] #6 >> kernel: Horizontal transport flux was limited for 150 links.
** WARNING: Horizontal transport flux was limited for 225 links.
Dimr [2026-05-18 18:14:18.3482] #5 >> kernel: Horizontal transport flux was limited for 225 links.
** WARNING: Horizontal transport flux was limited for 17 links.
Dimr [2026-05-18 18:14:18.4004] #0 >> kernel: Horizontal transport flux was limited for 17 links.
** WARNING: Horizontal transport flux was limited for 50 links.
Dimr [2026-05-18 18:14:18.4929] #3 >> kernel: Horizontal transport flux was limited for 50 links.
** WARNING: Viscosity coefficient was limited for 30 links.
Dimr [2026-05-18 18:14:18.30334] #6 >> kernel: Viscosity coefficient was limited for 30 links.
** WARNING: Viscosity coefficient was limited for 10 links.
Dimr [2026-05-18 18:14:18.32427] #3 >> kernel: Viscosity coefficient was limited for 10 links.
** WARNING: Horizontal transport flux was limited for 60 links.
Dimr [2026-05-18 18:14:18.95531] #6 >> kernel: Horizontal transport flux was limited for 60 links.
** WARNING: Horizontal transport flux was limited for 101 links.
Dimr [2026-05-18 18:14:18.95965] #4 >> kernel: Horizontal transport flux was limited for 101 links.
** WARNING: Horizontal transport flux was limited for 90 links.
Dimr [2026-05-18 18:14:18.96101] #5 >> kernel: Horizontal transport flux was limited for 90 links.
** WARNING: Horizontal transport flux was limited for 20 links.
Dimr [2026-05-18 18:14:18.96598] #3 >> kernel: Horizontal transport flux was limited for 20 links.
** WARNING: Horizontal transport flux was limited for 7 links.
Dimr [2026-05-18 18:14:18.96833] #0 >> kernel: Horizontal transport flux was limited for 7 links.
** WARNING: Horizontal transport flux was limited for 252 links.
Dimr [2026-05-18 18:14:18.99770] #4 >> kernel: Horizontal transport flux was limited for 252 links.
** WARNING: Horizontal transport flux was limited for 150 links.
Dimr [2026-05-18 18:14:18.99940] #6 >> kernel: Horizontal transport flux was limited for 150 links.
** WARNING: Horizontal transport flux was limited for 225 links.
Dimr [2026-05-18 18:14:18.100209] #5 >> kernel: Horizontal transport flux was limited for 225 links.
** WARNING: Horizontal transport flux was limited for 17 links.
Dimr [2026-05-18 18:14:18.100987] #0 >> kernel: Horizontal transport flux was limited for 17 links.
** WARNING: Horizontal transport flux was limited for 50 links.
Dimr [2026-05-18 18:14:18.101476] #3 >> kernel: Horizontal transport flux was limited for 50 links.
** WARNING: Viscosity coefficient was limited for 30 links.
Dimr [2026-05-18 18:14:18.126163] #6 >> kernel: Viscosity coefficient was limited for 30 links.
** WARNING: Viscosity coefficient was limited for 10 links.
Dimr [2026-05-18 18:14:18.127927] #3 >> kernel: Viscosity coefficient was limited for 10 links.
** WARNING: Horizontal transport flux was limited for 7 links.
Dimr [2026-05-18 18:14:18.193288] #0 >> kernel: Horizontal transport flux was limited for 7 links.
** WARNING: Horizontal transport flux was limited for 101 links.
Dimr [2026-05-18 18:14:18.193351] #4 >> kernel: Horizontal transport flux was limited for 101 links.
** WARNING: Horizontal transport flux was limited for 90 links.
Dimr [2026-05-18 18:14:18.195923] #5 >> kernel: Horizontal transport flux was limited for 90 links.
** WARNING: Horizontal transport flux was limited for 17 links.
Dimr [2026-05-18 18:14:18.197590] #0 >> kernel: Horizontal transport flux was limited for 17 links.
** WARNING: Horizontal transport flux was limited for 252 links.
Dimr [2026-05-18 18:14:18.197801] #4 >> kernel: Horizontal transport flux was limited for 252 links.
** WARNING: Horizontal transport flux was limited for 225 links.
Dimr [2026-05-18 18:14:18.200560] #5 >> kernel: Horizontal transport flux was limited for 225 links.
** WARNING: Horizontal transport flux was limited for 101 links.
Dimr [2026-05-18 18:14:18.289236] #4 >> kernel: Horizontal transport flux was limited for 101 links.
** WARNING: Horizontal transport flux was limited for 7 links.
Dimr [2026-05-18 18:14:18.289402] #0 >> kernel: Horizontal transport flux was limited for 7 links.
** WARNING: Horizontal transport flux was limited for 90 links.
Dimr [2026-05-18 18:14:18.290345] #5 >> kernel: Horizontal transport flux was limited for 90 links.
** WARNING: Horizontal transport flux was limited for 252 links.
Dimr [2026-05-18 18:14:18.293114] #4 >> kernel: Horizontal transport flux was limited for 252 links.
** WARNING: Horizontal transport flux was limited for 17 links.
Dimr [2026-05-18 18:14:18.293545] #0 >> kernel: Horizontal transport flux was limited for 17 links.
** WARNING: Horizontal transport flux was limited for 101 links.
Dimr [2026-05-18 18:14:18.384756] #4 >> kernel: Horizontal transport flux was limited for 101 links.
** WARNING: Horizontal transport flux was limited for 7 links.
Dimr [2026-05-18 18:14:18.385352] #0 >> kernel: Horizontal transport flux was limited for 7 links.
** WARNING: Viscosity coefficient was limited for 10 links.
Dimr [2026-05-18 18:14:22.212716] #1 >> kernel: Viscosity coefficient was limited for 10 links.
** WARNING: Viscosity coefficient was limited for 10 links.
Dimr [2026-05-18 18:14:22.309547] #1 >> kernel: Viscosity coefficient was limited for 10 links.
** WARNING: Viscosity coefficient was limited for 1 links.
Dimr [2026-05-18 18:14:22.405431] #1 >> kernel: Viscosity coefficient was limited for 1 links.
** WARNING: Viscosity coefficient was limited for 10 links.
Dimr [2026-05-18 18:14:22.690837] #7 >> kernel: Viscosity coefficient was limited for 10 links.
** WARNING: Horizontal transport flux was limited for 20 links.
Dimr [2026-05-18 18:14:22.754492] #7 >> kernel: Horizontal transport flux was limited for 20 links.
** WARNING: Horizontal transport flux was limited for 50 links.
Dimr [2026-05-18 18:14:22.759833] #7 >> kernel: Horizontal transport flux was limited for 50 links.
** WARNING: Viscosity coefficient was limited for 10 links.
Dimr [2026-05-18 18:14:22.787357] #7 >> kernel: Viscosity coefficient was limited for 10 links.
** WARNING: Horizontal transport flux was limited for 20 links.
Dimr [2026-05-18 18:14:22.849016] #7 >> kernel: Horizontal transport flux was limited for 20 links.
** WARNING: Horizontal transport flux was limited for 50 links.
Dimr [2026-05-18 18:14:22.854255] #7 >> kernel: Horizontal transport flux was limited for 50 links.
** WARNING: Viscosity coefficient was limited for 10 links.
Dimr [2026-05-18 18:14:22.882026] #7 >> kernel: Viscosity coefficient was limited for 10 links.
** WARNING: Horizontal transport flux was limited for 20 links.
Dimr [2026-05-18 18:14:22.944329] #7 >> kernel: Horizontal transport flux was limited for 20 links.
** WARNING: Horizontal transport flux was limited for 50 links.
Dimr [2026-05-18 18:14:22.949607] #7 >> kernel: Horizontal transport flux was limited for 50 links.
** WARNING: Viscosity coefficient was limited for 10 links.
Dimr [2026-05-18 18:14:22.977016] #7 >> kernel: Viscosity coefficient was limited for 10 links.
** WARNING: Horizontal transport flux was limited for 20 links.
Dimr [2026-05-18 18:14:23.37967] #7 >> kernel: Horizontal transport flux was limited for 20 links.
** INFO   :  Minimum temperature encountered and limited in           10  cell(s).
** INFO   :  Minimum salinity encountered and limited in           10  cell(s).
** INFO   :  Minimum salinity encountered =   -88.9202337364847
** WARNING: Horizontal transport flux was limited for 2 links.
Dimr [2026-05-18 18:14:34.712060] #1 >> kernel: Horizontal transport flux was limited for 2 links.
** WARNING: Horizontal transport flux was limited for 5 links.
Dimr [2026-05-18 18:14:34.715903] #1 >> kernel: Horizontal transport flux was limited for 5 links.
** WARNING: Horizontal transport flux was limited for 4 links.
Dimr [2026-05-18 18:14:34.813297] #1 >> kernel: Horizontal transport flux was limited for 4 links.
** WARNING: Horizontal transport flux was limited for 10 links.
Dimr [2026-05-18 18:14:34.817129] #1 >> kernel: Horizontal transport flux was limited for 10 links.
** WARNING: Horizontal transport flux was limited for 6 links.
Dimr [2026-05-18 18:14:34.914483] #1 >> kernel: Horizontal transport flux was limited for 6 links.
** WARNING: Horizontal transport flux was limited for 15 links.
Dimr [2026-05-18 18:14:34.918469] #1 >> kernel: Horizontal transport flux was limited for 15 links.
** WARNING: Horizontal transport flux was limited for 6 links.
Dimr [2026-05-18 18:14:35.15944] #1 >> kernel: Horizontal transport flux was limited for 6 links.
** WARNING: Horizontal transport flux was limited for 15 links.
Dimr [2026-05-18 18:14:35.19772] #1 >> kernel: Horizontal transport flux was limited for 15 links.
** INFO   :  Maximum salinity encountered and limited in           10  cell(s).
** INFO   :  Maximum salinity encountered and limited in           10  cell(s).
** INFO   :  Maximum salinity encountered and limited in           10  cell(s).
** INFO   :  Maximum salinity encountered and limited in           10  cell(s).
** INFO   :  Maximum salinity encountered and limited in           10  cell(s).
** INFO   :  Maximum salinity encountered and limited in           10  cell(s).
** INFO   :  Maximum salinity encountered and limited in           10  cell(s).
** INFO   :  Maximum salinity encountered and limited in           10  cell(s).
** INFO   :  Maximum salinity encountered and limited in           10  cell(s).
** INFO   :  Warning limit reached: No more Maximum salinity limit messages will be displayed.
** INFO   :  Maximum salinity encountered and limited in           10  cell(s).
** INFO   :  Maximum salinity encountered and limited in           10  cell(s).
** INFO   :  Maximum salinity encountered and limited in           10  cell(s).
** INFO   :  Maximum salinity encountered and limited in           10  cell(s).
** INFO   :  Maximum salinity encountered and limited in           10  cell(s).
** INFO   :  Maximum salinity encountered and limited in           10  cell(s).
** INFO   :  Maximum salinity encountered and limited in           10  cell(s).
** INFO   :  Maximum salinity encountered and limited in           10  cell(s).
** INFO   :  Maximum salinity encountered and limited in           10  cell(s).
** INFO   :  Maximum salinity encountered and limited in           10  cell(s).
** INFO   :  Warning limit reached: No more Maximum salinity limit messages will be displayed.
** WARNING: Viscosity coefficient was limited for 6 links.
Dimr [2026-05-18 18:14:56.124921] #2 >> kernel: Viscosity coefficient was limited for 6 links.
** WARNING: Horizontal transport flux was limited for 13 links.
Dimr [2026-05-18 18:14:56.188684] #2 >> kernel: Horizontal transport flux was limited for 13 links.
** WARNING: Horizontal transport flux was limited for 26 links.
Dimr [2026-05-18 18:14:56.193516] #2 >> kernel: Horizontal transport flux was limited for 26 links.
** WARNING: Viscosity coefficient was limited for 38 links.
Dimr [2026-05-18 18:14:56.223566] #2 >> kernel: Viscosity coefficient was limited for 38 links.
** WARNING: Horizontal transport flux was limited for 35 links.
Dimr [2026-05-18 18:14:56.287371] #2 >> kernel: Horizontal transport flux was limited for 35 links.
** WARNING: Horizontal transport flux was limited for 82 links.
Dimr [2026-05-18 18:14:56.292084] #2 >> kernel: Horizontal transport flux was limited for 82 links.
** WARNING: Horizontal transport flux was limited for 15 links.
Dimr [2026-05-18 18:14:56.294347] #2 >> kernel: Horizontal transport flux was limited for 15 links.
** WARNING: Horizontal transport flux was limited for 36 links.
Dimr [2026-05-18 18:14:56.294393] #2 >> kernel: Horizontal transport flux was limited for 36 links.
** WARNING: Viscosity coefficient was limited for 36 links.
Dimr [2026-05-18 18:14:56.322150] #2 >> kernel: Viscosity coefficient was limited for 36 links.
** WARNING: Horizontal transport flux was limited for 20 links.
Dimr [2026-05-18 18:14:56.387625] #2 >> kernel: Horizontal transport flux was limited for 20 links.
** WARNING: Horizontal transport flux was limited for 50 links.
Dimr [2026-05-18 18:14:56.392333] #2 >> kernel: Horizontal transport flux was limited for 50 links.
** INFO   :           0d  1:00:00          1d 23:00:00          0d  0:00:49          0d  0:35:31        564     2.3%     6.79245
Dimr [2026-05-18 18:15:07.76689] #6 >> TIME LOOP    169200.00000 --  16588800.00000 --  16419600.00000
Dimr [2026-05-18 18:15:07.76715] #6 >> TIME LOOP      3600.00000 --  16588800.00000 --  16419600.00000 --         0.00000 
** INFO   :           0d  1:00:00          1d 23:00:00          0d  0:00:49          0d  0:35:23        564     2.3%     6.79245
Dimr [2026-05-18 18:15:07.78793] #7 >> TIME LOOP    169200.00000 --  16588800.00000 --  16419600.00000
Dimr [2026-05-18 18:15:07.78811] #7 >> TIME LOOP      3600.00000 --  16588800.00000 --  16419600.00000 --         0.00000 
** INFO   :           0d  1:00:00          1d 23:00:00          0d  0:00:49          0d  0:35:29        564     2.3%     6.79245
Dimr [2026-05-18 18:15:07.79317] #5 >> TIME LOOP    169200.00000 --  16588800.00000 --  16419600.00000
Dimr [2026-05-18 18:15:07.79333] #5 >> TIME LOOP      3600.00000 --  16588800.00000 --  16419600.00000 --         0.00000 
** INFO   :           0d  1:00:00          1d 23:00:00          0d  0:00:49          0d  0:35:30        564     2.3%     6.79245
Dimr [2026-05-18 18:15:07.79517] #4 >> TIME LOOP    169200.00000 --  16588800.00000 --  16419600.00000
Dimr [2026-05-18 18:15:07.79534] #4 >> TIME LOOP      3600.00000 --  16588800.00000 --  16419600.00000 --         0.00000 
** INFO   :           0d  1:00:00          1d 23:00:00          0d  0:00:49          0d  0:35:30        564     2.3%     6.79245
Dimr [2026-05-18 18:15:07.79671] #2 >> TIME LOOP    169200.00000 --  16588800.00000 --  16419600.00000
Dimr [2026-05-18 18:15:07.79693] #2 >> TIME LOOP      3600.00000 --  16588800.00000 --  16419600.00000 --         0.00000 
** INFO   :           0d  1:00:00          1d 23:00:00          0d  0:00:49          0d  0:35:22        564     2.3%     6.79245
Dimr [2026-05-18 18:15:07.81569] #1 >> TIME LOOP    169200.00000 --  16588800.00000 --  16419600.00000
Dimr [2026-05-18 18:15:07.81585] #1 >> TIME LOOP      3600.00000 --  16588800.00000 --  16419600.00000 --         0.00000 
** INFO   :           0d  1:00:00          1d 23:00:00          0d  0:00:49          0d  0:35:22        564     2.3%     6.79245
Dimr [2026-05-18 18:15:07.81796] #3 >> TIME LOOP    169200.00000 --  16588800.00000 --  16419600.00000
Dimr [2026-05-18 18:15:07.81811] #3 >> TIME LOOP      3600.00000 --  16588800.00000 --  16419600.00000 --         0.00000 
** INFO   :           0d  1:00:00          1d 23:00:00          0d  0:00:49          0d  0:35:21        564     2.3%     6.79245
Dimr [2026-05-18 18:15:07.82586] #0 >> TIME LOOP    169200.00000 --  16588800.00000 --  16419600.00000
Dimr [2026-05-18 18:15:07.82604] #0 >> TIME LOOP      3600.00000 --  16588800.00000 --  16419600.00000 --         0.00000 
Dimr [2026-05-18 18:15:07.82616] #0 >> Parallel Startgroup: Current time:  16419600.00000 --  16416000.00000
Dimr [2026-05-18 18:15:07.82629] #0 >> 16419600.0:    wave.Update(    3600.0)
Dimr [2026-05-18 18:15:07.82617] #1 >> Parallel Child: Current time:  16419600.00000 -- 0
Dimr [2026-05-18 18:15:07.82616] #2 >> Parallel Child: Current time:  16419600.00000 -- 0
Dimr [2026-05-18 18:15:07.82616] #3 >> Parallel Child: Current time:  16419600.00000 -- 0
Dimr [2026-05-18 18:15:07.82617] #4 >> Parallel Child: Current time:  16419600.00000 -- 0
Dimr [2026-05-18 18:15:07.82617] #5 >> Parallel Child: Current time:  16419600.00000 -- 0
Dimr [2026-05-18 18:15:07.82617] #6 >> Parallel Child: Current time:  16419600.00000 -- 0
Dimr [2026-05-18 18:15:07.82617] #7 >> Parallel Child: Current time:  16419600.00000 -- 0
*****************************************************************
*  Start of Delft3D-WAVE ...
  Start loop over SWAN grids, time =      273660.000 minutes since 20250101.000000
  Allocate input fields
  Allocate and read SWAN depth
  Get flow fields, domain 1 :
  Get flow fields, domain 2 :
  Get flow fields, domain 3 :
  Get flow fields, domain 4 :
  Get flow fields, domain 5 :
  Get flow fields, domain 6 :
  Get flow fields, domain 7 :
  Get flow fields, domain 8 :
  Write SWAN depth file
  Write SWAN velocity file
  Write SWAN wind file
  Write SWAN input
  Using SWAN hotstart file: hot_1_20250710_000000.nc
<<Run SWAN...
>>...Check file swan_sh.log
>>...End of SWAN run
  Allocate output fields
  Read SWAN output
  WARNING: Found negative value(s) for dissip(2) in swanout file;
           value(s) set to zero
  Map WAVE parameters to FLOW grid          1
  Map WAVE parameters to FLOW grid          2
  Map WAVE parameters to FLOW grid          3
  Map WAVE parameters to FLOW grid          4
  Map WAVE parameters to FLOW grid          5
  Map WAVE parameters to FLOW grid          6
  Map WAVE parameters to FLOW grid          7
  Map WAVE parameters to FLOW grid          8
  Deallocate input fields
  Allocate input fields
  Allocate and read SWAN depth
  Get flow fields, domain 1 :
  Get flow fields, domain 2 :
  Get flow fields, domain 3 :
  Get flow fields, domain 4 :
  Get flow fields, domain 5 :
  Get flow fields, domain 6 :
  Get flow fields, domain 7 :
  Get flow fields, domain 8 :
  Write SWAN depth file
  Write SWAN velocity file
  Write SWAN wind file
  Write SWAN input
  Using SWAN hotstart file: hot_2_20250710_000000.nc
<<Run SWAN...
>>...Check file swan_sh.log
>>...End of SWAN run
  Allocate output fields
  Read SWAN output
  WARNING: Found negative value(s) for dissip(2) in swanout file;
           value(s) set to zero
  Map WAVE parameters to FLOW grid          1
  Map WAVE parameters to FLOW grid          2
  Map WAVE parameters to FLOW grid          3
  Map WAVE parameters to FLOW grid          4
  Map WAVE parameters to FLOW grid          5
  Map WAVE parameters to FLOW grid          6
  Map WAVE parameters to FLOW grid          7
  Map WAVE parameters to FLOW grid          8
  Deallocate input fields
  Convert parameters
  Write to com-file
  Convert parameters
  Write to com-file
  Convert parameters
  Write to com-file
  Convert parameters
  Write to com-file
  Convert parameters
  Write to com-file
  Convert parameters
  Write to com-file
  Convert parameters
  Write to com-file
  Convert parameters
  Write to com-file
*  End of Delft3D-WAVE
*****************************************************************
Dimr [2026-05-18 18:15:22.910905] #0 >> Parallel Child: Current time:  16419600.00000 -- 0
Dimr [2026-05-18 18:15:22.910941] #0 >> 16419600.0:    DFlowFM.Update(     3600.00000)
Dimr [2026-05-18 18:15:22.910952] #1 >> 16419600.0:    DFlowFM.Update(     3600.00000)
Dimr [2026-05-18 18:15:22.910950] #2 >> 16419600.0:    DFlowFM.Update(     3600.00000)
Dimr [2026-05-18 18:15:22.910953] #3 >> 16419600.0:    DFlowFM.Update(     3600.00000)
Dimr [2026-05-18 18:15:22.910964] #4 >> 16419600.0:    DFlowFM.Update(     3600.00000)
Dimr [2026-05-18 18:15:22.910964] #5 >> 16419600.0:    DFlowFM.Update(     3600.00000)
Dimr [2026-05-18 18:15:22.910962] #6 >> 16419600.0:    DFlowFM.Update(     3600.00000)
Dimr [2026-05-18 18:15:22.910962] #7 >> 16419600.0:    DFlowFM.Update(     3600.00000)
** INFO   :  Maximum salinity encountered and limited in           10  cell(s).
** INFO   :  Maximum salinity encountered and limited in           10  cell(s).
** INFO   :  Maximum salinity encountered and limited in           10  cell(s).
** INFO   :  Maximum salinity encountered and limited in           10  cell(s).
** INFO   :  Maximum salinity encountered and limited in           10  cell(s).
** INFO   :  Maximum salinity encountered and limited in           10  cell(s).
** INFO   :           0d  2:00:00          1d 22:00:00          0d  0:01:35          0d  0:34:58        552     4.3%     7.03125
Dimr [2026-05-18 18:16:09.287749] #6 >> TIME LOOP    165600.00000 --  16588800.00000 --  16423200.00000
Dimr [2026-05-18 18:16:09.287776] #6 >> TIME LOOP      3600.00000 --  16588800.00000 --  16423200.00000 --         0.00000 
** INFO   :           0d  2:00:00          1d 22:00:00          0d  0:01:35          0d  0:34:57        552     4.3%     7.03125
Dimr [2026-05-18 18:16:09.289586] #2 >> TIME LOOP    165600.00000 --  16588800.00000 --  16423200.00000
Dimr [2026-05-18 18:16:09.289610] #2 >> TIME LOOP      3600.00000 --  16588800.00000 --  16423200.00000 --         0.00000 
** INFO   :           0d  2:00:00          1d 22:00:00          0d  0:01:35          0d  0:34:49        552     4.3%     7.03125
Dimr [2026-05-18 18:16:09.289782] #7 >> TIME LOOP    165600.00000 --  16588800.00000 --  16423200.00000
Dimr [2026-05-18 18:16:09.289800] #7 >> TIME LOOP      3600.00000 --  16588800.00000 --  16423200.00000 --         0.00000 
** INFO   :           0d  2:00:00          1d 22:00:00          0d  0:01:35          0d  0:34:56        552     4.3%     7.03125
** INFO   :           0d  2:00:00          1d 22:00:00          0d  0:01:35          0d  0:34:56        552     4.3%     7.03125
Dimr [2026-05-18 18:16:09.290146] #4 >> TIME LOOP    165600.00000 --  16588800.00000 --  16423200.00000
Dimr [2026-05-18 18:16:09.290160] #4 >> TIME LOOP      3600.00000 --  16588800.00000 --  16423200.00000 --         0.00000 
Dimr [2026-05-18 18:16:09.290175] #5 >> TIME LOOP    165600.00000 --  16588800.00000 --  16423200.00000
Dimr [2026-05-18 18:16:09.290192] #5 >> TIME LOOP      3600.00000 --  16588800.00000 --  16423200.00000 --         0.00000 
** INFO   :           0d  2:00:00          1d 22:00:00          0d  0:01:35          0d  0:34:49        552     4.3%     7.03125
Dimr [2026-05-18 18:16:09.290986] #1 >> TIME LOOP    165600.00000 --  16588800.00000 --  16423200.00000
Dimr [2026-05-18 18:16:09.291004] #1 >> TIME LOOP      3600.00000 --  16588800.00000 --  16423200.00000 --         0.00000 
** INFO   :           0d  2:00:00          1d 22:00:00          0d  0:01:35          0d  0:34:49        552     4.3%     7.03125
Dimr [2026-05-18 18:16:09.291210] #3 >> TIME LOOP    165600.00000 --  16588800.00000 --  16423200.00000
Dimr [2026-05-18 18:16:09.291226] #3 >> TIME LOOP      3600.00000 --  16588800.00000 --  16423200.00000 --         0.00000 
** INFO   :           0d  2:00:00          1d 22:00:00          0d  0:01:35          0d  0:34:48        552     4.3%     7.03125
Dimr [2026-05-18 18:16:09.292076] #0 >> TIME LOOP    165600.00000 --  16588800.00000 --  16423200.00000
Dimr [2026-05-18 18:16:09.292092] #0 >> TIME LOOP      3600.00000 --  16588800.00000 --  16423200.00000 --         0.00000 
Dimr [2026-05-18 18:16:09.292104] #4 >> Parallel Child: Current time:  16423200.00000 -- 0
Dimr [2026-05-18 18:16:09.292104] #5 >> Parallel Child: Current time:  16423200.00000 -- 0
Dimr [2026-05-18 18:16:09.292104] #6 >> Parallel Child: Current time:  16423200.00000 -- 0
Dimr [2026-05-18 18:16:09.292104] #7 >> Parallel Child: Current time:  16423200.00000 -- 0
Dimr [2026-05-18 18:16:09.292104] #0 >> Parallel Startgroup: Current time:  16423200.00000 --  16419600.00000
Dimr [2026-05-18 18:16:09.292120] #0 >> 16423200.0:    wave.Update(    3600.0)
*****************************************************************
*  Start of Delft3D-WAVE ...
Dimr [2026-05-18 18:16:09.292104] #1 >> Parallel Child: Current time:  16423200.00000 -- 0
Dimr [2026-05-18 18:16:09.292104] #2 >> Parallel Child: Current time:  16423200.00000 -- 0
Dimr [2026-05-18 18:16:09.292104] #3 >> Parallel Child: Current time:  16423200.00000 -- 0
  Start loop over SWAN grids, time =      273720.000 minutes since 20250101.000000
  Allocate input fields
  Allocate and read SWAN depth
  Get flow fields, domain 1 :
  Get flow fields, domain 2 :
  Get flow fields, domain 3 :
  Get flow fields, domain 4 :
  Get flow fields, domain 5 :
  Get flow fields, domain 6 :
  Get flow fields, domain 7 :
  Get flow fields, domain 8 :
  Write SWAN depth file
  Write SWAN velocity file
  Write SWAN wind file
  Write SWAN input
  Using SWAN hotstart file: hot_1_20250710_010000.nc
<<Run SWAN...
>>...Check file swan_sh.log
>>...End of SWAN run
  Allocate output fields
  Read SWAN output
  WARNING: Found negative value(s) for dissip(2) in swanout file;
           value(s) set to zero
  Map WAVE parameters to FLOW grid          1
  Map WAVE parameters to FLOW grid          2
  Map WAVE parameters to FLOW grid          3
  Map WAVE parameters to FLOW grid          4
  Map WAVE parameters to FLOW grid          5
  Map WAVE parameters to FLOW grid          6
  Map WAVE parameters to FLOW grid          7
  Map WAVE parameters to FLOW grid          8
  Deallocate input fields
  Allocate input fields
  Allocate and read SWAN depth
  Get flow fields, domain 1 :
  Get flow fields, domain 2 :
  Get flow fields, domain 3 :
  Get flow fields, domain 4 :
  Get flow fields, domain 5 :
  Get flow fields, domain 6 :
  Get flow fields, domain 7 :
  Get flow fields, domain 8 :
  Write SWAN depth file
  Write SWAN velocity file
  Write SWAN wind file
  Write SWAN input
  Using SWAN hotstart file: hot_2_20250710_010000.nc
<<Run SWAN...
>>...Check file swan_sh.log
>>...End of SWAN run
  Allocate output fields
  Read SWAN output
  WARNING: Found negative value(s) for dissip(2) in swanout file;
           value(s) set to zero
  Map WAVE parameters to FLOW grid          1
  Map WAVE parameters to FLOW grid          2
  Map WAVE parameters to FLOW grid          3
  Map WAVE parameters to FLOW grid          4
  Map WAVE parameters to FLOW grid          5
  Map WAVE parameters to FLOW grid          6
  Map WAVE parameters to FLOW grid          7
  Map WAVE parameters to FLOW grid          8
  Deallocate input fields
  Convert parameters
  Write to com-file
  Convert parameters
  Write to com-file
  Convert parameters
  Write to com-file
  Convert parameters
  Write to com-file
  Convert parameters
  Write to com-file
  Convert parameters
  Write to com-file
  Convert parameters
  Write to com-file
  Convert parameters
  Write to com-file
*  End of Delft3D-WAVE
*****************************************************************
Dimr [2026-05-18 18:16:24.835169] #0 >> Parallel Child: Current time:  16423200.00000 -- 0
Dimr [2026-05-18 18:16:24.835200] #0 >> 16423200.0:    DFlowFM.Update(     3600.00000)
Dimr [2026-05-18 18:16:24.835205] #2 >> 16423200.0:    DFlowFM.Update(     3600.00000)
Dimr [2026-05-18 18:16:24.835205] #3 >> 16423200.0:    DFlowFM.Update(     3600.00000)
Dimr [2026-05-18 18:16:24.835212] #1 >> 16423200.0:    DFlowFM.Update(     3600.00000)
Dimr [2026-05-18 18:16:24.835215] #4 >> 16423200.0:    DFlowFM.Update(     3600.00000)
Dimr [2026-05-18 18:16:24.835212] #5 >> 16423200.0:    DFlowFM.Update(     3600.00000)
Dimr [2026-05-18 18:16:24.835208] #6 >> 16423200.0:    DFlowFM.Update(     3600.00000)
Dimr [2026-05-18 18:16:24.835214] #7 >> 16423200.0:    DFlowFM.Update(     3600.00000)
** INFO   :  Maximum salinity encountered and limited in           10  cell(s).
** INFO   :  Maximum salinity encountered and limited in           10  cell(s).
** INFO   :  Maximum salinity encountered and limited in           10  cell(s).
** INFO   :  Maximum salinity encountered and limited in           10  cell(s).
** INFO   :  Maximum salinity encountered and limited in           10  cell(s).
** INFO   :  Maximum salinity encountered and limited in           10  cell(s).
** INFO   :  Maximum salinity encountered and limited in           10  cell(s).
** INFO   :  Maximum salinity encountered and limited in           10  cell(s).
** INFO   :  Maximum salinity encountered and limited in           10  cell(s).
** INFO   :  Warning limit reached: No more Maximum salinity limit messages will be displayed.
** INFO   :           0d  3:00:00          1d 21:00:00          0d  0:02:04          0d  0:30:05        540     6.4%    11.11111
Dimr [2026-05-18 18:16:53.929771] #6 >> TIME LOOP    162000.00000 --  16588800.00000 --  16426800.00000
Dimr [2026-05-18 18:16:53.929799] #6 >> TIME LOOP      3600.00000 --  16588800.00000 --  16426800.00000 --         0.00000 
** INFO   :           0d  3:00:00          1d 21:00:00          0d  0:02:04          0d  0:30:04        540     6.4%    11.11111
Dimr [2026-05-18 18:16:53.931660] #2 >> TIME LOOP    162000.00000 --  16588800.00000 --  16426800.00000
Dimr [2026-05-18 18:16:53.931685] #2 >> TIME LOOP      3600.00000 --  16588800.00000 --  16426800.00000 --         0.00000 
** INFO   :           0d  3:00:00          1d 21:00:00          0d  0:02:03          0d  0:29:57        540     6.4%    11.11111
Dimr [2026-05-18 18:16:53.931940] #7 >> TIME LOOP    162000.00000 --  16588800.00000 --  16426800.00000
Dimr [2026-05-18 18:16:53.931959] #7 >> TIME LOOP      3600.00000 --  16588800.00000 --  16426800.00000 --         0.00000 
** INFO   :           0d  3:00:00          1d 21:00:00          0d  0:02:04          0d  0:30:04        540     6.4%    11.11111
** INFO   :           0d  3:00:00          1d 21:00:00          0d  0:02:04          0d  0:30:04        540     6.4%    11.11111
Dimr [2026-05-18 18:16:53.932165] #5 >> TIME LOOP    162000.00000 --  16588800.00000 --  16426800.00000
Dimr [2026-05-18 18:16:53.932179] #5 >> TIME LOOP      3600.00000 --  16588800.00000 --  16426800.00000 --         0.00000 
Dimr [2026-05-18 18:16:53.932198] #4 >> TIME LOOP    162000.00000 --  16588800.00000 --  16426800.00000
Dimr [2026-05-18 18:16:53.932211] #4 >> TIME LOOP      3600.00000 --  16588800.00000 --  16426800.00000 --         0.00000 
** INFO   :           0d  3:00:00          1d 21:00:00          0d  0:02:03          0d  0:29:56        540     6.4%    11.11111
Dimr [2026-05-18 18:16:53.933065] #1 >> TIME LOOP    162000.00000 --  16588800.00000 --  16426800.00000
Dimr [2026-05-18 18:16:53.933082] #1 >> TIME LOOP      3600.00000 --  16588800.00000 --  16426800.00000 --         0.00000 
** INFO   :           0d  3:00:00          1d 21:00:00          0d  0:02:03          0d  0:29:56        540     6.4%    11.11111
Dimr [2026-05-18 18:16:53.933223] #3 >> TIME LOOP    162000.00000 --  16588800.00000 --  16426800.00000
Dimr [2026-05-18 18:16:53.933240] #3 >> TIME LOOP      3600.00000 --  16588800.00000 --  16426800.00000 --         0.00000 
** INFO   :           0d  3:00:00          1d 21:00:00          0d  0:02:03          0d  0:29:55        540     6.4%    11.11111
Dimr [2026-05-18 18:16:53.934348] #0 >> TIME LOOP    162000.00000 --  16588800.00000 --  16426800.00000
Dimr [2026-05-18 18:16:53.934364] #0 >> TIME LOOP      3600.00000 --  16588800.00000 --  16426800.00000 --         0.00000 
Dimr [2026-05-18 18:16:53.934376] #4 >> Parallel Child: Current time:  16426800.00000 -- 0
Dimr [2026-05-18 18:16:53.934376] #5 >> Parallel Child: Current time:  16426800.00000 -- 0
Dimr [2026-05-18 18:16:53.934376] #7 >> Parallel Child: Current time:  16426800.00000 -- 0
Dimr [2026-05-18 18:16:53.934375] #0 >> Parallel Startgroup: Current time:  16426800.00000 --  16423200.00000
Dimr [2026-05-18 18:16:53.934394] #0 >> 16426800.0:    wave.Update(    3600.0)
*****************************************************************
*  Start of Delft3D-WAVE ...
Dimr [2026-05-18 18:16:53.934376] #1 >> Parallel Child: Current time:  16426800.00000 -- 0
Dimr [2026-05-18 18:16:53.934375] #2 >> Parallel Child: Current time:  16426800.00000 -- 0
Dimr [2026-05-18 18:16:53.934375] #3 >> Parallel Child: Current time:  16426800.00000 -- 0
Dimr [2026-05-18 18:16:53.934376] #6 >> Parallel Child: Current time:  16426800.00000 -- 0
  Start loop over SWAN grids, time =      273780.000 minutes since 20250101.000000
  Allocate input fields
  Allocate and read SWAN depth
  Get flow fields, domain 1 :
  Get flow fields, domain 2 :
  Get flow fields, domain 3 :
  Get flow fields, domain 4 :
  Get flow fields, domain 5 :
  Get flow fields, domain 6 :
  Get flow fields, domain 7 :
  Get flow fields, domain 8 :
  Write SWAN depth file
  Write SWAN velocity file
  Write SWAN wind file
  Write SWAN input
  Using SWAN hotstart file: hot_1_20250710_020000.nc
<<Run SWAN...
>>...Check file swan_sh.log
>>...End of SWAN run
  Allocate output fields
  Read SWAN output
  WARNING: Found negative value(s) for dissip(2) in swanout file;
           value(s) set to zero
  Map WAVE parameters to FLOW grid          1
  Map WAVE parameters to FLOW grid          2
  Map WAVE parameters to FLOW grid          3
  Map WAVE parameters to FLOW grid          4
  Map WAVE parameters to FLOW grid          5
  Map WAVE parameters to FLOW grid          6
  Map WAVE parameters to FLOW grid          7
  Map WAVE parameters to FLOW grid          8
  Deallocate input fields
  Allocate input fields
  Allocate and read SWAN depth
  Get flow fields, domain 1 :
  Get flow fields, domain 2 :
  Get flow fields, domain 3 :
  Get flow fields, domain 4 :
  Get flow fields, domain 5 :
  Get flow fields, domain 6 :
  Get flow fields, domain 7 :
  Get flow fields, domain 8 :
  Write SWAN depth file
  Write SWAN velocity file
  Write SWAN wind file
  Write SWAN input
  Using SWAN hotstart file: hot_2_20250710_020000.nc
<<Run SWAN...
>>...Check file swan_sh.log
>>...End of SWAN run
  Allocate output fields
  Read SWAN output
  WARNING: Found negative value(s) for dissip(2) in swanout file;
           value(s) set to zero
  Map WAVE parameters to FLOW grid          1
  Map WAVE parameters to FLOW grid          2
  Map WAVE parameters to FLOW grid          3
  Map WAVE parameters to FLOW grid          4
  Map WAVE parameters to FLOW grid          5
  Map WAVE parameters to FLOW grid          6
  Map WAVE parameters to FLOW grid          7
  Map WAVE parameters to FLOW grid          8
  Deallocate input fields
  Convert parameters
  Write to com-file
  Convert parameters
  Write to com-file
  Convert parameters
  Write to com-file
  Convert parameters
  Write to com-file
  Convert parameters
  Write to com-file
  Convert parameters
  Write to com-file
  Convert parameters
  Write to com-file
  Convert parameters
  Write to com-file
*  End of Delft3D-WAVE
*****************************************************************
Dimr [2026-05-18 18:17:08.270478] #0 >> Parallel Child: Current time:  16426800.00000 -- 0
Dimr [2026-05-18 18:17:08.270509] #0 >> 16426800.0:    DFlowFM.Update(     3600.00000)
Dimr [2026-05-18 18:17:08.270514] #2 >> 16426800.0:    DFlowFM.Update(     3600.00000)
Dimr [2026-05-18 18:17:08.270514] #3 >> 16426800.0:    DFlowFM.Update(     3600.00000)
Dimr [2026-05-18 18:17:08.270523] #4 >> 16426800.0:    DFlowFM.Update(     3600.00000)
Dimr [2026-05-18 18:17:08.270522] #5 >> 16426800.0:    DFlowFM.Update(     3600.00000)
Dimr [2026-05-18 18:17:08.270516] #6 >> 16426800.0:    DFlowFM.Update(     3600.00000)
Dimr [2026-05-18 18:17:08.270522] #7 >> 16426800.0:    DFlowFM.Update(     3600.00000)
Dimr [2026-05-18 18:17:08.270522] #1 >> 16426800.0:    DFlowFM.Update(     3600.00000)
** INFO   :           0d  4:00:00          1d 20:00:00          0d  0:02:33          0d  0:27:24        528     8.5%    11.07692
Dimr [2026-05-18 18:17:37.630762] #6 >> TIME LOOP    158400.00000 --  16588800.00000 --  16430400.00000
Dimr [2026-05-18 18:17:37.630788] #6 >> TIME LOOP      3600.00000 --  16588800.00000 --  16430400.00000 --         0.00000 
** INFO   :           0d  4:00:00          1d 20:00:00          0d  0:02:33          0d  0:27:24        528     8.5%    11.07692
Dimr [2026-05-18 18:17:37.632718] #2 >> TIME LOOP    158400.00000 --  16588800.00000 --  16430400.00000
Dimr [2026-05-18 18:17:37.632750] #2 >> TIME LOOP      3600.00000 --  16588800.00000 --  16430400.00000 --         0.00000 
** INFO   :           0d  4:00:00          1d 20:00:00          0d  0:02:32          0d  0:27:16        528     8.5%    11.07692
Dimr [2026-05-18 18:17:37.632776] #7 >> TIME LOOP    158400.00000 --  16588800.00000 --  16430400.00000
Dimr [2026-05-18 18:17:37.632792] #7 >> TIME LOOP      3600.00000 --  16588800.00000 --  16430400.00000 --         0.00000 
** INFO   :           0d  4:00:00          1d 20:00:00          0d  0:02:32          0d  0:27:23        528     8.5%    11.07692
** INFO   :           0d  4:00:00          1d 20:00:00          0d  0:02:32          0d  0:27:23        528     8.5%    11.07692
Dimr [2026-05-18 18:17:37.633173] #5 >> TIME LOOP    158400.00000 --  16588800.00000 --  16430400.00000
Dimr [2026-05-18 18:17:37.633186] #5 >> TIME LOOP      3600.00000 --  16588800.00000 --  16430400.00000 --         0.00000 
Dimr [2026-05-18 18:17:37.633229] #4 >> TIME LOOP    158400.00000 --  16588800.00000 --  16430400.00000
Dimr [2026-05-18 18:17:37.633242] #4 >> TIME LOOP      3600.00000 --  16588800.00000 --  16430400.00000 --         0.00000 
** INFO   :           0d  4:00:00          1d 20:00:00          0d  0:02:32          0d  0:27:16        528     8.5%    11.07692
Dimr [2026-05-18 18:17:37.634287] #1 >> TIME LOOP    158400.00000 --  16588800.00000 --  16430400.00000
Dimr [2026-05-18 18:17:37.634302] #1 >> TIME LOOP      3600.00000 --  16588800.00000 --  16430400.00000 --         0.00000 
** INFO   :           0d  4:00:00          1d 20:00:00          0d  0:02:32          0d  0:27:16        528     8.5%    11.07692
Dimr [2026-05-18 18:17:37.634271] #3 >> TIME LOOP    158400.00000 --  16588800.00000 --  16430400.00000
Dimr [2026-05-18 18:17:37.634289] #3 >> TIME LOOP      3600.00000 --  16588800.00000 --  16430400.00000 --         0.00000 
** INFO   :           0d  4:00:00          1d 20:00:00          0d  0:02:32          0d  0:27:15        528     8.5%    11.07692
Dimr [2026-05-18 18:17:37.635453] #0 >> TIME LOOP    158400.00000 --  16588800.00000 --  16430400.00000
Dimr [2026-05-18 18:17:37.635469] #0 >> TIME LOOP      3600.00000 --  16588800.00000 --  16430400.00000 --         0.00000 
Dimr [2026-05-18 18:17:37.635481] #0 >> Parallel Startgroup: Current time:  16430400.00000 --  16426800.00000
Dimr [2026-05-18 18:17:37.635493] #0 >> 16430400.0:    wave.Update(    3600.0)
*****************************************************************
*  Start of Delft3D-WAVE ...
Dimr [2026-05-18 18:17:37.635481] #1 >> Parallel Child: Current time:  16430400.00000 -- 0
Dimr [2026-05-18 18:17:37.635481] #2 >> Parallel Child: Current time:  16430400.00000 -- 0
Dimr [2026-05-18 18:17:37.635481] #3 >> Parallel Child: Current time:  16430400.00000 -- 0
Dimr [2026-05-18 18:17:37.635481] #4 >> Parallel Child: Current time:  16430400.00000 -- 0
Dimr [2026-05-18 18:17:37.635482] #5 >> Parallel Child: Current time:  16430400.00000 -- 0
Dimr [2026-05-18 18:17:37.635482] #6 >> Parallel Child: Current time:  16430400.00000 -- 0
Dimr [2026-05-18 18:17:37.635482] #7 >> Parallel Child: Current time:  16430400.00000 -- 0
  Start loop over SWAN grids, time =      273840.000 minutes since 20250101.000000
  Allocate input fields
  Allocate and read SWAN depth
  Get flow fields, domain 1 :
  Get flow fields, domain 2 :
  Get flow fields, domain 3 :
  Get flow fields, domain 4 :
  Get flow fields, domain 5 :
  Get flow fields, domain 6 :
  Get flow fields, domain 7 :
  Get flow fields, domain 8 :
  Write SWAN depth file
  Write SWAN velocity file
  Write SWAN wind file
  Write SWAN input
  Using SWAN hotstart file: hot_1_20250710_030000.nc
<<Run SWAN...
>>...Check file swan_sh.log
>>...End of SWAN run
  Allocate output fields
  Read SWAN output
  WARNING: Found negative value(s) for dissip(2) in swanout file;
           value(s) set to zero
  Map WAVE parameters to FLOW grid          1
  Map WAVE parameters to FLOW grid          2
  Map WAVE parameters to FLOW grid          3
  Map WAVE parameters to FLOW grid          4
  Map WAVE parameters to FLOW grid          5
  Map WAVE parameters to FLOW grid          6
  Map WAVE parameters to FLOW grid          7
  Map WAVE parameters to FLOW grid          8
  Deallocate input fields
  Allocate input fields
  Allocate and read SWAN depth
  Get flow fields, domain 1 :
  Get flow fields, domain 2 :
  Get flow fields, domain 3 :
  Get flow fields, domain 4 :
  Get flow fields, domain 5 :
  Get flow fields, domain 6 :
  Get flow fields, domain 7 :
  Get flow fields, domain 8 :
  Write SWAN depth file
  Write SWAN velocity file
  Write SWAN wind file
  Write SWAN input
  Using SWAN hotstart file: hot_2_20250710_030000.nc
<<Run SWAN...
>>...Check file swan_sh.log
>>...End of SWAN run
  Allocate output fields
  Read SWAN output
  WARNING: Found negative value(s) for dissip(2) in swanout file;
           value(s) set to zero
  Map WAVE parameters to FLOW grid          1
  Map WAVE parameters to FLOW grid          2
  Map WAVE parameters to FLOW grid          3
  Map WAVE parameters to FLOW grid          4
  Map WAVE parameters to FLOW grid          5
  Map WAVE parameters to FLOW grid          6
  Map WAVE parameters to FLOW grid          7
  Map WAVE parameters to FLOW grid          8
  Deallocate input fields
  Convert parameters
  Write to com-file
  Convert parameters
  Write to com-file
  Convert parameters
  Write to com-file
  Convert parameters
  Write to com-file
  Convert parameters
  Write to com-file
  Convert parameters
  Write to com-file
  Convert parameters
  Write to com-file
  Convert parameters
  Write to com-file
*  End of Delft3D-WAVE
*****************************************************************
Dimr [2026-05-18 18:17:51.956900] #0 >> Parallel Child: Current time:  16430400.00000 -- 0
Dimr [2026-05-18 18:17:51.956930] #0 >> 16430400.0:    DFlowFM.Update(     3600.00000)
Dimr [2026-05-18 18:17:51.956939] #1 >> 16430400.0:    DFlowFM.Update(     3600.00000)
Dimr [2026-05-18 18:17:51.956939] #2 >> 16430400.0:    DFlowFM.Update(     3600.00000)
Dimr [2026-05-18 18:17:51.956939] #3 >> 16430400.0:    DFlowFM.Update(     3600.00000)
Dimr [2026-05-18 18:17:51.956941] #4 >> 16430400.0:    DFlowFM.Update(     3600.00000)
Dimr [2026-05-18 18:17:51.956939] #5 >> 16430400.0:    DFlowFM.Update(     3600.00000)
Dimr [2026-05-18 18:17:51.956942] #6 >> 16430400.0:    DFlowFM.Update(     3600.00000)
Dimr [2026-05-18 18:17:51.956939] #7 >> 16430400.0:    DFlowFM.Update(     3600.00000)
** INFO   :  Minimum temperature encountered and limited in           10  cell(s).
** INFO   :  Maximum salinity encountered and limited in           10  cell(s).
** INFO   :  Maximum salinity encountered and limited in           10  cell(s).
** INFO   :  Maximum salinity encountered and limited in           10  cell(s).
** INFO   :  Warning limit reached: No more Maximum salinity limit messages will be displayed.
** INFO   :           0d  5:00:00          1d 19:00:00          0d  0:03:07          0d  0:26:20        516    10.6%     9.25450
Dimr [2026-05-18 18:18:26.566700] #6 >> TIME LOOP    154800.00000 --  16588800.00000 --  16434000.00000
Dimr [2026-05-18 18:18:26.566731] #6 >> TIME LOOP      3600.00000 --  16588800.00000 --  16434000.00000 --         0.00000 
** INFO   :           0d  5:00:00          1d 19:00:00          0d  0:03:07          0d  0:26:19        516    10.6%     9.25450
Dimr [2026-05-18 18:18:26.568479] #2 >> TIME LOOP    154800.00000 --  16588800.00000 --  16434000.00000
Dimr [2026-05-18 18:18:26.568501] #2 >> TIME LOOP      3600.00000 --  16588800.00000 --  16434000.00000 --         0.00000 
** INFO   :           0d  5:00:00          1d 19:00:00          0d  0:03:06          0d  0:26:12        516    10.6%     9.25450
Dimr [2026-05-18 18:18:26.568761] #7 >> TIME LOOP    154800.00000 --  16588800.00000 --  16434000.00000
Dimr [2026-05-18 18:18:26.568780] #7 >> TIME LOOP      3600.00000 --  16588800.00000 --  16434000.00000 --         0.00000 
** INFO   :           0d  5:00:00          1d 19:00:00          0d  0:03:07          0d  0:26:19        516    10.6%     9.25450
** INFO   :           0d  5:00:00          1d 19:00:00          0d  0:03:07          0d  0:26:18        516    10.6%     9.25450
Dimr [2026-05-18 18:18:26.569245] #4 >> TIME LOOP    154800.00000 --  16588800.00000 --  16434000.00000
Dimr [2026-05-18 18:18:26.569259] #4 >> TIME LOOP      3600.00000 --  16588800.00000 --  16434000.00000 --         0.00000 
Dimr [2026-05-18 18:18:26.569284] #5 >> TIME LOOP    154800.00000 --  16588800.00000 --  16434000.00000
Dimr [2026-05-18 18:18:26.569298] #5 >> TIME LOOP      3600.00000 --  16588800.00000 --  16434000.00000 --         0.00000 
** INFO   :           0d  5:00:00          1d 19:00:00          0d  0:03:06          0d  0:26:11        516    10.6%     9.25450
Dimr [2026-05-18 18:18:26.569887] #1 >> TIME LOOP    154800.00000 --  16588800.00000 --  16434000.00000
Dimr [2026-05-18 18:18:26.569905] #1 >> TIME LOOP      3600.00000 --  16588800.00000 --  16434000.00000 --         0.00000 
** INFO   :           0d  5:00:00          1d 19:00:00          0d  0:03:06          0d  0:26:12        516    10.6%     9.25450
Dimr [2026-05-18 18:18:26.570046] #3 >> TIME LOOP    154800.00000 --  16588800.00000 --  16434000.00000
Dimr [2026-05-18 18:18:26.570061] #3 >> TIME LOOP      3600.00000 --  16588800.00000 --  16434000.00000 --         0.00000 
** INFO   :           0d  5:00:00          1d 19:00:00          0d  0:03:06          0d  0:26:11        516    10.6%     9.25450
Dimr [2026-05-18 18:18:26.570971] #0 >> TIME LOOP    154800.00000 --  16588800.00000 --  16434000.00000
Dimr [2026-05-18 18:18:26.570987] #0 >> TIME LOOP      3600.00000 --  16588800.00000 --  16434000.00000 --         0.00000 
Dimr [2026-05-18 18:18:26.570998] #0 >> Parallel Startgroup: Current time:  16434000.00000 --  16430400.00000
Dimr [2026-05-18 18:18:26.570998] #3 >> Parallel Child: Current time:  16434000.00000 -- 0
Dimr [2026-05-18 18:18:26.570998] #4 >> Parallel Child: Current time:  16434000.00000 -- 0
Dimr [2026-05-18 18:18:26.570998] #5 >> Parallel Child: Current time:  16434000.00000 -- 0
Dimr [2026-05-18 18:18:26.570998] #6 >> Parallel Child: Current time:  16434000.00000 -- 0
Dimr [2026-05-18 18:18:26.570998] #7 >> Parallel Child: Current time:  16434000.00000 -- 0
Dimr [2026-05-18 18:18:26.571011] #0 >> 16434000.0:    wave.Update(    3600.0)
*****************************************************************
*  Start of Delft3D-WAVE ...
  Start loop over SWAN grids, time =      273900.000 minutes since 20250101.000000
  Allocate input fields
Dimr [2026-05-18 18:18:26.570998] #1 >> Parallel Child: Current time:  16434000.00000 -- 0
Dimr [2026-05-18 18:18:26.570998] #2 >> Parallel Child: Current time:  16434000.00000 -- 0
  Allocate and read SWAN depth
  Get flow fields, domain 1 :
  Get flow fields, domain 2 :
  Get flow fields, domain 3 :
  Get flow fields, domain 4 :
  Get flow fields, domain 5 :
  Get flow fields, domain 6 :
  Get flow fields, domain 7 :
  Get flow fields, domain 8 :
  Write SWAN depth file
  Write SWAN velocity file
  Write SWAN wind file
  Write SWAN input
  Using SWAN hotstart file: hot_1_20250710_040000.nc
<<Run SWAN...
>>...Check file swan_sh.log
>>...End of SWAN run
  Allocate output fields
  Read SWAN output
  WARNING: Found negative value(s) for dissip(2) in swanout file;
           value(s) set to zero
  Map WAVE parameters to FLOW grid          1
  Map WAVE parameters to FLOW grid          2
  Map WAVE parameters to FLOW grid          3
  Map WAVE parameters to FLOW grid          4
  Map WAVE parameters to FLOW grid          5
  Map WAVE parameters to FLOW grid          6
  Map WAVE parameters to FLOW grid          7
  Map WAVE parameters to FLOW grid          8
  Deallocate input fields
  Allocate input fields
  Allocate and read SWAN depth
  Get flow fields, domain 1 :
  Get flow fields, domain 2 :
  Get flow fields, domain 3 :
  Get flow fields, domain 4 :
  Get flow fields, domain 5 :
  Get flow fields, domain 6 :
  Get flow fields, domain 7 :
  Get flow fields, domain 8 :
  Write SWAN depth file
  Write SWAN velocity file
  Write SWAN wind file
  Write SWAN input
  Using SWAN hotstart file: hot_2_20250710_040000.nc
<<Run SWAN...
>>...Check file swan_sh.log
>>...End of SWAN run
  Allocate output fields
  Read SWAN output
  WARNING: Found negative value(s) for dissip(2) in swanout file;
           value(s) set to zero
  Map WAVE parameters to FLOW grid          1
  Map WAVE parameters to FLOW grid          2
  Map WAVE parameters to FLOW grid          3
  Map WAVE parameters to FLOW grid          4
  Map WAVE parameters to FLOW grid          5
  Map WAVE parameters to FLOW grid          6
  Map WAVE parameters to FLOW grid          7
  Map WAVE parameters to FLOW grid          8
  Deallocate input fields
  Convert parameters
  Write to com-file
  Convert parameters
  Write to com-file
  Convert parameters
  Write to com-file
  Convert parameters
  Write to com-file
  Convert parameters
  Write to com-file
  Convert parameters
  Write to com-file
  Convert parameters
  Write to com-file
  Convert parameters
  Write to com-file
*  End of Delft3D-WAVE
*****************************************************************
Dimr [2026-05-18 18:18:40.886606] #0 >> Parallel Child: Current time:  16434000.00000 -- 0
Dimr [2026-05-18 18:18:40.886652] #0 >> 16434000.0:    DFlowFM.Update(     3600.00000)
Dimr [2026-05-18 18:18:40.886658] #1 >> 16434000.0:    DFlowFM.Update(     3600.00000)
Dimr [2026-05-18 18:18:40.886668] #2 >> 16434000.0:    DFlowFM.Update(     3600.00000)
Dimr [2026-05-18 18:18:40.886667] #3 >> 16434000.0:    DFlowFM.Update(     3600.00000)
Dimr [2026-05-18 18:18:40.886660] #4 >> 16434000.0:    DFlowFM.Update(     3600.00000)
Dimr [2026-05-18 18:18:40.886660] #5 >> 16434000.0:    DFlowFM.Update(     3600.00000)
Dimr [2026-05-18 18:18:40.886661] #6 >> 16434000.0:    DFlowFM.Update(     3600.00000)
Dimr [2026-05-18 18:18:40.886660] #7 >> 16434000.0:    DFlowFM.Update(     3600.00000)
** INFO   :  Minimum temperature encountered and limited in           10  cell(s).
** INFO   :           0d  6:00:00          1d 18:00:00          0d  0:03:42          0d  0:25:31        504    12.7%     9.23077
Dimr [2026-05-18 18:19:16.301291] #6 >> TIME LOOP    151200.00000 --  16588800.00000 --  16437600.00000
Dimr [2026-05-18 18:19:16.301319] #6 >> TIME LOOP      3600.00000 --  16588800.00000 --  16437600.00000 --         0.00000 
** INFO   :           0d  6:00:00          1d 18:00:00          0d  0:03:42          0d  0:25:30        504    12.7%     9.23077
Dimr [2026-05-18 18:19:16.302981] #2 >> TIME LOOP    151200.00000 --  16588800.00000 --  16437600.00000
Dimr [2026-05-18 18:19:16.303003] #2 >> TIME LOOP      3600.00000 --  16588800.00000 --  16437600.00000 --         0.00000 
** INFO   :           0d  6:00:00          1d 18:00:00          0d  0:03:41          0d  0:25:23        504    12.7%     9.23077
Dimr [2026-05-18 18:19:16.303368] #7 >> TIME LOOP    151200.00000 --  16588800.00000 --  16437600.00000
Dimr [2026-05-18 18:19:16.303385] #7 >> TIME LOOP      3600.00000 --  16588800.00000 --  16437600.00000 --         0.00000 
** INFO   :           0d  6:00:00          1d 18:00:00          0d  0:03:42          0d  0:25:29        504    12.7%     9.23077
** INFO   :           0d  6:00:00          1d 18:00:00          0d  0:03:42          0d  0:25:30        504    12.7%     9.23077
Dimr [2026-05-18 18:19:16.303795] #5 >> TIME LOOP    151200.00000 --  16588800.00000 --  16437600.00000
Dimr [2026-05-18 18:19:16.303808] #5 >> TIME LOOP      3600.00000 --  16588800.00000 --  16437600.00000 --         0.00000 
Dimr [2026-05-18 18:19:16.303835] #4 >> TIME LOOP    151200.00000 --  16588800.00000 --  16437600.00000
Dimr [2026-05-18 18:19:16.303849] #4 >> TIME LOOP      3600.00000 --  16588800.00000 --  16437600.00000 --         0.00000 
** INFO   :           0d  6:00:00          1d 18:00:00          0d  0:03:41          0d  0:25:23        504    12.7%     9.23077
Dimr [2026-05-18 18:19:16.304413] #1 >> TIME LOOP    151200.00000 --  16588800.00000 --  16437600.00000
Dimr [2026-05-18 18:19:16.304431] #1 >> TIME LOOP      3600.00000 --  16588800.00000 --  16437600.00000 --         0.00000 
** INFO   :           0d  6:00:00          1d 18:00:00          0d  0:03:41          0d  0:25:23        504    12.7%     9.23077
Dimr [2026-05-18 18:19:16.304608] #3 >> TIME LOOP    151200.00000 --  16588800.00000 --  16437600.00000
Dimr [2026-05-18 18:19:16.304624] #3 >> TIME LOOP      3600.00000 --  16588800.00000 --  16437600.00000 --         0.00000 
** INFO   :           0d  6:00:00          1d 18:00:00          0d  0:03:40          0d  0:25:22        504    12.7%     9.23077
Dimr [2026-05-18 18:19:16.305501] #0 >> TIME LOOP    151200.00000 --  16588800.00000 --  16437600.00000
Dimr [2026-05-18 18:19:16.305518] #0 >> TIME LOOP      3600.00000 --  16588800.00000 --  16437600.00000 --         0.00000 
Dimr [2026-05-18 18:19:16.305530] #4 >> Parallel Child: Current time:  16437600.00000 -- 0
Dimr [2026-05-18 18:19:16.305530] #5 >> Parallel Child: Current time:  16437600.00000 -- 0
Dimr [2026-05-18 18:19:16.305530] #6 >> Parallel Child: Current time:  16437600.00000 -- 0
Dimr [2026-05-18 18:19:16.305530] #0 >> Parallel Startgroup: Current time:  16437600.00000 --  16434000.00000
Dimr [2026-05-18 18:19:16.305546] #0 >> 16437600.0:    wave.Update(    3600.0)
*****************************************************************
*  Start of Delft3D-WAVE ...
Dimr [2026-05-18 18:19:16.305530] #1 >> Parallel Child: Current time:  16437600.00000 -- 0
Dimr [2026-05-18 18:19:16.305530] #2 >> Parallel Child: Current time:  16437600.00000 -- 0
Dimr [2026-05-18 18:19:16.305530] #3 >> Parallel Child: Current time:  16437600.00000 -- 0
Dimr [2026-05-18 18:19:16.305530] #7 >> Parallel Child: Current time:  16437600.00000 -- 0
  Start loop over SWAN grids, time =      273960.000 minutes since 20250101.000000
  Allocate input fields
  Allocate and read SWAN depth
  Get flow fields, domain 1 :
  Get flow fields, domain 2 :
  Get flow fields, domain 3 :
  Get flow fields, domain 4 :
  Get flow fields, domain 5 :
  Get flow fields, domain 6 :
  Get flow fields, domain 7 :
  Get flow fields, domain 8 :
  Write SWAN depth file
  Write SWAN velocity file
  Write SWAN wind file
  Write SWAN input
  Using SWAN hotstart file: hot_1_20250710_050000.nc
<<Run SWAN...
>>...Check file swan_sh.log
>>...End of SWAN run
  Allocate output fields
  Read SWAN output
  WARNING: Found negative value(s) for dissip(2) in swanout file;
           value(s) set to zero
  Map WAVE parameters to FLOW grid          1
  Map WAVE parameters to FLOW grid          2
  Map WAVE parameters to FLOW grid          3
  Map WAVE parameters to FLOW grid          4
  Map WAVE parameters to FLOW grid          5
  Map WAVE parameters to FLOW grid          6
  Map WAVE parameters to FLOW grid          7
  Map WAVE parameters to FLOW grid          8
  Deallocate input fields
  Allocate input fields
  Allocate and read SWAN depth
  Get flow fields, domain 1 :
  Get flow fields, domain 2 :
  Get flow fields, domain 3 :
  Get flow fields, domain 4 :
  Get flow fields, domain 5 :
  Get flow fields, domain 6 :
  Get flow fields, domain 7 :
  Get flow fields, domain 8 :
  Write SWAN depth file
  Write SWAN velocity file
  Write SWAN wind file
  Write SWAN input
  Using SWAN hotstart file: hot_2_20250710_050000.nc
<<Run SWAN...
>>...Check file swan_sh.log
>>...End of SWAN run
  Allocate output fields
  Read SWAN output
  WARNING: Found negative value(s) for dissip(2) in swanout file;
           value(s) set to zero
  Map WAVE parameters to FLOW grid          1
  Map WAVE parameters to FLOW grid          2
  Map WAVE parameters to FLOW grid          3
  Map WAVE parameters to FLOW grid          4
  Map WAVE parameters to FLOW grid          5
  Map WAVE parameters to FLOW grid          6
  Map WAVE parameters to FLOW grid          7
  Map WAVE parameters to FLOW grid          8
  Deallocate input fields
  Convert parameters
  Write to com-file
  Convert parameters
  Write to com-file
  Convert parameters
  Write to com-file
  Convert parameters
  Write to com-file
  Convert parameters
  Write to com-file
  Convert parameters
  Write to com-file
  Convert parameters
  Write to com-file
  Convert parameters
  Write to com-file
*  End of Delft3D-WAVE
*****************************************************************
Dimr [2026-05-18 18:19:30.688868] #0 >> Parallel Child: Current time:  16437600.00000 -- 0
Dimr [2026-05-18 18:19:30.688899] #0 >> 16437600.0:    DFlowFM.Update(     3600.00000)
Dimr [2026-05-18 18:19:30.688905] #1 >> 16437600.0:    DFlowFM.Update(     3600.00000)
Dimr [2026-05-18 18:19:30.688905] #2 >> 16437600.0:    DFlowFM.Update(     3600.00000)
Dimr [2026-05-18 18:19:30.688905] #3 >> 16437600.0:    DFlowFM.Update(     3600.00000)
Dimr [2026-05-18 18:19:30.688906] #4 >> 16437600.0:    DFlowFM.Update(     3600.00000)
Dimr [2026-05-18 18:19:30.688906] #5 >> 16437600.0:    DFlowFM.Update(     3600.00000)
Dimr [2026-05-18 18:19:30.688906] #6 >> 16437600.0:    DFlowFM.Update(     3600.00000)
Dimr [2026-05-18 18:19:30.688906] #7 >> 16437600.0:    DFlowFM.Update(     3600.00000)
** INFO   :  Minimum temperature encountered and limited in           10  cell(s).
** INFO   :           0d  7:00:00          1d 17:00:00          0d  0:04:17          0d  0:24:46        492    14.7%     9.25450
Dimr [2026-05-18 18:20:06.126977] #6 >> TIME LOOP    147600.00000 --  16588800.00000 --  16441200.00000
Dimr [2026-05-18 18:20:06.127002] #6 >> TIME LOOP      3600.00000 --  16588800.00000 --  16441200.00000 --         0.00000 
** INFO   :           0d  7:00:00          1d 17:00:00          0d  0:04:17          0d  0:24:45        492    14.7%     9.25450
Dimr [2026-05-18 18:20:06.128931] #2 >> TIME LOOP    147600.00000 --  16588800.00000 --  16441200.00000
Dimr [2026-05-18 18:20:06.128955] #2 >> TIME LOOP      3600.00000 --  16588800.00000 --  16441200.00000 --         0.00000 
** INFO   :           0d  7:00:00          1d 17:00:00          0d  0:04:15          0d  0:24:38        492    14.7%     9.25450
Dimr [2026-05-18 18:20:06.129125] #7 >> TIME LOOP    147600.00000 --  16588800.00000 --  16441200.00000
Dimr [2026-05-18 18:20:06.129143] #7 >> TIME LOOP      3600.00000 --  16588800.00000 --  16441200.00000 --         0.00000 
** INFO   :           0d  7:00:00          1d 17:00:00          0d  0:04:17          0d  0:24:45        492    14.7%     9.25450
** INFO   :           0d  7:00:00          1d 17:00:00          0d  0:04:16          0d  0:24:45        492    14.7%     9.25450
Dimr [2026-05-18 18:20:06.129525] #4 >> TIME LOOP    147600.00000 --  16588800.00000 --  16441200.00000
Dimr [2026-05-18 18:20:06.129540] #4 >> TIME LOOP      3600.00000 --  16588800.00000 --  16441200.00000 --         0.00000 
Dimr [2026-05-18 18:20:06.129526] #5 >> TIME LOOP    147600.00000 --  16588800.00000 --  16441200.00000
Dimr [2026-05-18 18:20:06.129541] #5 >> TIME LOOP      3600.00000 --  16588800.00000 --  16441200.00000 --         0.00000 
** INFO   :           0d  7:00:00          1d 17:00:00          0d  0:04:15          0d  0:24:38        492    14.7%     9.25450
Dimr [2026-05-18 18:20:06.130308] #1 >> TIME LOOP    147600.00000 --  16588800.00000 --  16441200.00000
Dimr [2026-05-18 18:20:06.130326] #1 >> TIME LOOP      3600.00000 --  16588800.00000 --  16441200.00000 --         0.00000 
** INFO   :           0d  7:00:00          1d 17:00:00          0d  0:04:15          0d  0:24:38        492    14.7%     9.25450
Dimr [2026-05-18 18:20:06.130442] #3 >> TIME LOOP    147600.00000 --  16588800.00000 --  16441200.00000
Dimr [2026-05-18 18:20:06.130458] #3 >> TIME LOOP      3600.00000 --  16588800.00000 --  16441200.00000 --         0.00000 
** INFO   :           0d  7:00:00          1d 17:00:00          0d  0:04:15          0d  0:24:37        492    14.7%     9.25450
Dimr [2026-05-18 18:20:06.131489] #0 >> TIME LOOP    147600.00000 --  16588800.00000 --  16441200.00000
Dimr [2026-05-18 18:20:06.131504] #0 >> TIME LOOP      3600.00000 --  16588800.00000 --  16441200.00000 --         0.00000 
Dimr [2026-05-18 18:20:06.131515] #0 >> Parallel Startgroup: Current time:  16441200.00000 --  16437600.00000
Dimr [2026-05-18 18:20:06.131516] #4 >> Parallel Child: Current time:  16441200.00000 -- 0
Dimr [2026-05-18 18:20:06.131516] #5 >> Parallel Child: Current time:  16441200.00000 -- 0
Dimr [2026-05-18 18:20:06.131516] #6 >> Parallel Child: Current time:  16441200.00000 -- 0
Dimr [2026-05-18 18:20:06.131516] #7 >> Parallel Child: Current time:  16441200.00000 -- 0
Dimr [2026-05-18 18:20:06.131527] #0 >> 16441200.0:    wave.Update(    3600.0)
*****************************************************************
*  Start of Delft3D-WAVE ...
  Start loop over SWAN grids, time =      274020.000 minutes since 20250101.000000
  Allocate input fields
Dimr [2026-05-18 18:20:06.131516] #1 >> Parallel Child: Current time:  16441200.00000 -- 0
Dimr [2026-05-18 18:20:06.131516] #2 >> Parallel Child: Current time:  16441200.00000 -- 0
Dimr [2026-05-18 18:20:06.131515] #3 >> Parallel Child: Current time:  16441200.00000 -- 0
  Allocate and read SWAN depth
  Get flow fields, domain 1 :
  Get flow fields, domain 2 :
  Get flow fields, domain 3 :
  Get flow fields, domain 4 :
  Get flow fields, domain 5 :
  Get flow fields, domain 6 :
  Get flow fields, domain 7 :
  Get flow fields, domain 8 :
  Write SWAN depth file
  Write SWAN velocity file
  Write SWAN wind file
  Write SWAN input
  Using SWAN hotstart file: hot_1_20250710_060000.nc
<<Run SWAN...
>>...Check file swan_sh.log
>>...End of SWAN run
  Allocate output fields
  Read SWAN output
  WARNING: Found negative value(s) for dissip(2) in swanout file;
           value(s) set to zero
  Map WAVE parameters to FLOW grid          1
  Map WAVE parameters to FLOW grid          2
  Map WAVE parameters to FLOW grid          3
  Map WAVE parameters to FLOW grid          4
  Map WAVE parameters to FLOW grid          5
  Map WAVE parameters to FLOW grid          6
  Map WAVE parameters to FLOW grid          7
  Map WAVE parameters to FLOW grid          8
  Deallocate input fields
  Allocate input fields
  Allocate and read SWAN depth
  Get flow fields, domain 1 :
  Get flow fields, domain 2 :
  Get flow fields, domain 3 :
  Get flow fields, domain 4 :
  Get flow fields, domain 5 :
  Get flow fields, domain 6 :
  Get flow fields, domain 7 :
  Get flow fields, domain 8 :
  Write SWAN depth file
  Write SWAN velocity file
  Write SWAN wind file
  Write SWAN input
  Using SWAN hotstart file: hot_2_20250710_060000.nc
<<Run SWAN...
>>...Check file swan_sh.log
>>...End of SWAN run
  Allocate output fields
  Read SWAN output
  WARNING: Found negative value(s) for dissip(2) in swanout file;
           value(s) set to zero
  Map WAVE parameters to FLOW grid          1
  Map WAVE parameters to FLOW grid          2
  Map WAVE parameters to FLOW grid          3
  Map WAVE parameters to FLOW grid          4
  Map WAVE parameters to FLOW grid          5
  Map WAVE parameters to FLOW grid          6
  Map WAVE parameters to FLOW grid          7
  Map WAVE parameters to FLOW grid          8
  Deallocate input fields
  Convert parameters
  Write to com-file
  Convert parameters
  Write to com-file
  Convert parameters
  Write to com-file
  Convert parameters
  Write to com-file
  Convert parameters
  Write to com-file
  Convert parameters
  Write to com-file
  Convert parameters
  Write to com-file
  Convert parameters
  Write to com-file
*  End of Delft3D-WAVE
*****************************************************************
Dimr [2026-05-18 18:20:17.391436] #0 >> Parallel Child: Current time:  16441200.00000 -- 0
Dimr [2026-05-18 18:20:17.391467] #0 >> 16441200.0:    DFlowFM.Update(     3600.00000)
Dimr [2026-05-18 18:20:17.391477] #1 >> 16441200.0:    DFlowFM.Update(     3600.00000)
Dimr [2026-05-18 18:20:17.391477] #2 >> 16441200.0:    DFlowFM.Update(     3600.00000)
Dimr [2026-05-18 18:20:17.391478] #3 >> 16441200.0:    DFlowFM.Update(     3600.00000)
Dimr [2026-05-18 18:20:17.391477] #4 >> 16441200.0:    DFlowFM.Update(     3600.00000)
Dimr [2026-05-18 18:20:17.391477] #5 >> 16441200.0:    DFlowFM.Update(     3600.00000)
Dimr [2026-05-18 18:20:17.391478] #6 >> 16441200.0:    DFlowFM.Update(     3600.00000)
Dimr [2026-05-18 18:20:17.391477] #7 >> 16441200.0:    DFlowFM.Update(     3600.00000)
** INFO   :  Minimum temperature encountered and limited in           10  cell(s).
** INFO   :  Minimum salinity encountered and limited in           10  cell(s).
** INFO   :  Minimum salinity encountered =   -76.8465640227158
** INFO   :           0d  8:00:00          1d 16:00:00          0d  0:04:49          0d  0:23:48        480    16.8%    10.14085
Dimr [2026-05-18 18:20:49.745404] #6 >> TIME LOOP    144000.00000 --  16588800.00000 --  16444800.00000
Dimr [2026-05-18 18:20:49.745430] #6 >> TIME LOOP      3600.00000 --  16588800.00000 --  16444800.00000 --         0.00000 
** INFO   :           0d  8:00:00          1d 16:00:00          0d  0:04:48          0d  0:23:48        480    16.8%    10.14085
Dimr [2026-05-18 18:20:49.747147] #2 >> TIME LOOP    144000.00000 --  16588800.00000 --  16444800.00000
Dimr [2026-05-18 18:20:49.747172] #2 >> TIME LOOP      3600.00000 --  16588800.00000 --  16444800.00000 --         0.00000 
** INFO   :           0d  8:00:00          1d 16:00:00          0d  0:04:47          0d  0:23:41        480    16.8%    10.14085
Dimr [2026-05-18 18:20:49.747417] #7 >> TIME LOOP    144000.00000 --  16588800.00000 --  16444800.00000
Dimr [2026-05-18 18:20:49.747433] #7 >> TIME LOOP      3600.00000 --  16588800.00000 --  16444800.00000 --         0.00000 
** INFO   :           0d  8:00:00          1d 16:00:00          0d  0:04:48          0d  0:23:47        480    16.8%    10.14085
** INFO   :           0d  8:00:00          1d 16:00:00          0d  0:04:48          0d  0:23:47        480    16.8%    10.14085
Dimr [2026-05-18 18:20:49.747879] #5 >> TIME LOOP    144000.00000 --  16588800.00000 --  16444800.00000
Dimr [2026-05-18 18:20:49.747892] #4 >> TIME LOOP    144000.00000 --  16588800.00000 --  16444800.00000
Dimr [2026-05-18 18:20:49.747905] #4 >> TIME LOOP      3600.00000 --  16588800.00000 --  16444800.00000 --         0.00000 
Dimr [2026-05-18 18:20:49.747893] #5 >> TIME LOOP      3600.00000 --  16588800.00000 --  16444800.00000 --         0.00000 
** INFO   :           0d  8:00:00          1d 16:00:00          0d  0:04:47          0d  0:23:40        480    16.8%    10.14085
Dimr [2026-05-18 18:20:49.748537] #1 >> TIME LOOP    144000.00000 --  16588800.00000 --  16444800.00000
Dimr [2026-05-18 18:20:49.748554] #1 >> TIME LOOP      3600.00000 --  16588800.00000 --  16444800.00000 --         0.00000 
** INFO   :           0d  8:00:00          1d 16:00:00          0d  0:04:47          0d  0:23:41        480    16.8%    10.14085
Dimr [2026-05-18 18:20:49.748762] #3 >> TIME LOOP    144000.00000 --  16588800.00000 --  16444800.00000
Dimr [2026-05-18 18:20:49.748778] #3 >> TIME LOOP      3600.00000 --  16588800.00000 --  16444800.00000 --         0.00000 
** INFO   :           0d  8:00:00          1d 16:00:00          0d  0:04:47          0d  0:23:40        480    16.8%    10.14085
Dimr [2026-05-18 18:20:49.749579] #0 >> TIME LOOP    144000.00000 --  16588800.00000 --  16444800.00000
Dimr [2026-05-18 18:20:49.749596] #0 >> TIME LOOP      3600.00000 --  16588800.00000 --  16444800.00000 --         0.00000 
Dimr [2026-05-18 18:20:49.749607] #0 >> Parallel Startgroup: Current time:  16444800.00000 --  16441200.00000
Dimr [2026-05-18 18:20:49.749608] #3 >> Parallel Child: Current time:  16444800.00000 -- 0
Dimr [2026-05-18 18:20:49.749621] #0 >> 16444800.0:    wave.Update(    3600.0)
*****************************************************************
*  Start of Delft3D-WAVE ...
Dimr [2026-05-18 18:20:49.749608] #1 >> Parallel Child: Current time:  16444800.00000 -- 0
Dimr [2026-05-18 18:20:49.749608] #2 >> Parallel Child: Current time:  16444800.00000 -- 0
Dimr [2026-05-18 18:20:49.749608] #4 >> Parallel Child: Current time:  16444800.00000 -- 0
Dimr [2026-05-18 18:20:49.749608] #5 >> Parallel Child: Current time:  16444800.00000 -- 0
Dimr [2026-05-18 18:20:49.749608] #6 >> Parallel Child: Current time:  16444800.00000 -- 0
Dimr [2026-05-18 18:20:49.749608] #7 >> Parallel Child: Current time:  16444800.00000 -- 0
  Start loop over SWAN grids, time =      274080.000 minutes since 20250101.000000
  Allocate input fields
  Allocate and read SWAN depth
  Get flow fields, domain 1 :
  Get flow fields, domain 2 :
  Get flow fields, domain 3 :
  Get flow fields, domain 4 :
  Get flow fields, domain 5 :
  Get flow fields, domain 6 :
  Get flow fields, domain 7 :
  Get flow fields, domain 8 :
  Write SWAN depth file
  Write SWAN velocity file
  Write SWAN wind file
  Write SWAN input
  Using SWAN hotstart file: hot_1_20250710_070000.nc
<<Run SWAN...
>>...Check file swan_sh.log
>>...End of SWAN run
  Allocate output fields
  Read SWAN output
  WARNING: Found negative value(s) for dissip(2) in swanout file;
           value(s) set to zero
  Map WAVE parameters to FLOW grid          1
  Map WAVE parameters to FLOW grid          2
  Map WAVE parameters to FLOW grid          3
  Map WAVE parameters to FLOW grid          4
  Map WAVE parameters to FLOW grid          5
  Map WAVE parameters to FLOW grid          6
  Map WAVE parameters to FLOW grid          7
  Map WAVE parameters to FLOW grid          8
  Deallocate input fields
  Allocate input fields
  Allocate and read SWAN depth
  Get flow fields, domain 1 :
  Get flow fields, domain 2 :
  Get flow fields, domain 3 :
  Get flow fields, domain 4 :
  Get flow fields, domain 5 :
  Get flow fields, domain 6 :
  Get flow fields, domain 7 :
  Get flow fields, domain 8 :
  Write SWAN depth file
  Write SWAN velocity file
  Write SWAN wind file
  Write SWAN input
  Using SWAN hotstart file: hot_2_20250710_070000.nc
<<Run SWAN...
>>...Check file swan_sh.log
>>...End of SWAN run
  Allocate output fields
  Read SWAN output
  WARNING: Found negative value(s) for dissip(2) in swanout file;
           value(s) set to zero
  Map WAVE parameters to FLOW grid          1
  Map WAVE parameters to FLOW grid          2
  Map WAVE parameters to FLOW grid          3
  Map WAVE parameters to FLOW grid          4
  Map WAVE parameters to FLOW grid          5
  Map WAVE parameters to FLOW grid          6
  Map WAVE parameters to FLOW grid          7
  Map WAVE parameters to FLOW grid          8
  Deallocate input fields
  Convert parameters
  Write to com-file
  Convert parameters
  Write to com-file
  Convert parameters
  Write to com-file
  Convert parameters
  Write to com-file
  Convert parameters
  Write to com-file
  Convert parameters
  Write to com-file
  Convert parameters
  Write to com-file
  Convert parameters
  Write to com-file
*  End of Delft3D-WAVE
*****************************************************************
Dimr [2026-05-18 18:20:57.337551] #0 >> Parallel Child: Current time:  16444800.00000 -- 0
Dimr [2026-05-18 18:20:57.337581] #0 >> 16444800.0:    DFlowFM.Update(     3600.00000)
Dimr [2026-05-18 18:20:57.337595] #1 >> 16444800.0:    DFlowFM.Update(     3600.00000)
Dimr [2026-05-18 18:20:57.337586] #2 >> 16444800.0:    DFlowFM.Update(     3600.00000)
Dimr [2026-05-18 18:20:57.337586] #3 >> 16444800.0:    DFlowFM.Update(     3600.00000)
Dimr [2026-05-18 18:20:57.337597] #4 >> 16444800.0:    DFlowFM.Update(     3600.00000)
Dimr [2026-05-18 18:20:57.337595] #5 >> 16444800.0:    DFlowFM.Update(     3600.00000)
Dimr [2026-05-18 18:20:57.337590] #6 >> 16444800.0:    DFlowFM.Update(     3600.00000)
Dimr [2026-05-18 18:20:57.337595] #7 >> 16444800.0:    DFlowFM.Update(     3600.00000)
** INFO   :  Minimum temperature encountered and limited in           10  cell(s).
** INFO   :           0d  9:00:00          1d 15:00:00          0d  0:05:16          0d  0:22:36        468    18.9%    11.76471
Dimr [2026-05-18 18:21:25.137874] #6 >> TIME LOOP    140400.00000 --  16588800.00000 --  16448400.00000
Dimr [2026-05-18 18:21:25.137899] #6 >> TIME LOOP      3600.00000 --  16588800.00000 --  16448400.00000 --         0.00000 
** INFO   :           0d  9:00:00          1d 15:00:00          0d  0:05:16          0d  0:22:36        468    18.9%    11.76471
Dimr [2026-05-18 18:21:25.139760] #2 >> TIME LOOP    140400.00000 --  16588800.00000 --  16448400.00000
Dimr [2026-05-18 18:21:25.139783] #2 >> TIME LOOP      3600.00000 --  16588800.00000 --  16448400.00000 --         0.00000 
** INFO   :           0d  9:00:00          1d 15:00:00          0d  0:05:14          0d  0:22:29        468    18.9%    11.76471
Dimr [2026-05-18 18:21:25.139905] #7 >> TIME LOOP    140400.00000 --  16588800.00000 --  16448400.00000
Dimr [2026-05-18 18:21:25.139922] #7 >> TIME LOOP      3600.00000 --  16588800.00000 --  16448400.00000 --         0.00000 
** INFO   :           0d  9:00:00          1d 15:00:00          0d  0:05:16          0d  0:22:36        468    18.9%    11.76471
** INFO   :           0d  9:00:00          1d 15:00:00          0d  0:05:16          0d  0:22:36        468    18.9%    11.76471
Dimr [2026-05-18 18:21:25.140362] #5 >> TIME LOOP    140400.00000 --  16588800.00000 --  16448400.00000
Dimr [2026-05-18 18:21:25.140376] #5 >> TIME LOOP      3600.00000 --  16588800.00000 --  16448400.00000 --         0.00000 
Dimr [2026-05-18 18:21:25.140389] #4 >> TIME LOOP    140400.00000 --  16588800.00000 --  16448400.00000
Dimr [2026-05-18 18:21:25.140402] #4 >> TIME LOOP      3600.00000 --  16588800.00000 --  16448400.00000 --         0.00000 
** INFO   :           0d  9:00:00          1d 15:00:00          0d  0:05:14          0d  0:22:29        468    18.9%    11.76471
Dimr [2026-05-18 18:21:25.141148] #1 >> TIME LOOP    140400.00000 --  16588800.00000 --  16448400.00000
Dimr [2026-05-18 18:21:25.141166] #1 >> TIME LOOP      3600.00000 --  16588800.00000 --  16448400.00000 --         0.00000 
** INFO   :           0d  9:00:00          1d 15:00:00          0d  0:05:14          0d  0:22:29        468    18.9%    11.76471
Dimr [2026-05-18 18:21:25.141291] #3 >> TIME LOOP    140400.00000 --  16588800.00000 --  16448400.00000
Dimr [2026-05-18 18:21:25.141306] #3 >> TIME LOOP      3600.00000 --  16588800.00000 --  16448400.00000 --         0.00000 
** INFO   :           0d  9:00:00          1d 15:00:00          0d  0:05:14          0d  0:22:28        468    18.9%    11.76471
Dimr [2026-05-18 18:21:25.142243] #0 >> TIME LOOP    140400.00000 --  16588800.00000 --  16448400.00000
Dimr [2026-05-18 18:21:25.142259] #0 >> TIME LOOP      3600.00000 --  16588800.00000 --  16448400.00000 --         0.00000 
Dimr [2026-05-18 18:21:25.142270] #0 >> Parallel Startgroup: Current time:  16448400.00000 --  16444800.00000
Dimr [2026-05-18 18:21:25.142271] #4 >> Parallel Child: Current time:  16448400.00000 -- 0
Dimr [2026-05-18 18:21:25.142271] #6 >> Parallel Child: Current time:  16448400.00000 -- 0
Dimr [2026-05-18 18:21:25.142283] #0 >> 16448400.0:    wave.Update(    3600.0)
*****************************************************************
*  Start of Delft3D-WAVE ...
Dimr [2026-05-18 18:21:25.142271] #1 >> Parallel Child: Current time:  16448400.00000 -- 0
Dimr [2026-05-18 18:21:25.142271] #2 >> Parallel Child: Current time:  16448400.00000 -- 0
Dimr [2026-05-18 18:21:25.142271] #3 >> Parallel Child: Current time:  16448400.00000 -- 0
Dimr [2026-05-18 18:21:25.142271] #5 >> Parallel Child: Current time:  16448400.00000 -- 0
Dimr [2026-05-18 18:21:25.142271] #7 >> Parallel Child: Current time:  16448400.00000 -- 0
  Start loop over SWAN grids, time =      274140.000 minutes since 20250101.000000
  Allocate input fields
  Allocate and read SWAN depth
  Get flow fields, domain 1 :
  Get flow fields, domain 2 :
  Get flow fields, domain 3 :
  Get flow fields, domain 4 :
  Get flow fields, domain 5 :
  Get flow fields, domain 6 :
  Get flow fields, domain 7 :
  Get flow fields, domain 8 :
  Write SWAN depth file
  Write SWAN velocity file
  Write SWAN wind file
  Write SWAN input
  Using SWAN hotstart file: hot_1_20250710_080000.nc
<<Run SWAN...
>>...Check file swan_sh.log
>>...End of SWAN run
  Allocate output fields
  Read SWAN output
  WARNING: Found negative value(s) for dissip(2) in swanout file;
           value(s) set to zero
  Map WAVE parameters to FLOW grid          1
  Map WAVE parameters to FLOW grid          2
  Map WAVE parameters to FLOW grid          3
  Map WAVE parameters to FLOW grid          4
  Map WAVE parameters to FLOW grid          5
  Map WAVE parameters to FLOW grid          6
  Map WAVE parameters to FLOW grid          7
  Map WAVE parameters to FLOW grid          8
  Deallocate input fields
  Allocate input fields
  Allocate and read SWAN depth
  Get flow fields, domain 1 :
  Get flow fields, domain 2 :
  Get flow fields, domain 3 :
  Get flow fields, domain 4 :
  Get flow fields, domain 5 :
  Get flow fields, domain 6 :
  Get flow fields, domain 7 :
  Get flow fields, domain 8 :
  Write SWAN depth file
  Write SWAN velocity file
  Write SWAN wind file
  Write SWAN input
  Using SWAN hotstart file: hot_2_20250710_080000.nc
<<Run SWAN...
>>...Check file swan_sh.log
>>...End of SWAN run
  Allocate output fields
  Read SWAN output
  WARNING: Found negative value(s) for dissip(2) in swanout file;
           value(s) set to zero
  Map WAVE parameters to FLOW grid          1
  Map WAVE parameters to FLOW grid          2
  Map WAVE parameters to FLOW grid          3
  Map WAVE parameters to FLOW grid          4
  Map WAVE parameters to FLOW grid          5
  Map WAVE parameters to FLOW grid          6
  Map WAVE parameters to FLOW grid          7
  Map WAVE parameters to FLOW grid          8
  Deallocate input fields
  Convert parameters
  Write to com-file
  Convert parameters
  Write to com-file
  Convert parameters
  Write to com-file
  Convert parameters
  Write to com-file
  Convert parameters
  Write to com-file
  Convert parameters
  Write to com-file
  Convert parameters
  Write to com-file
  Convert parameters
  Write to com-file
*  End of Delft3D-WAVE
*****************************************************************
Dimr [2026-05-18 18:21:35.768188] #0 >> Parallel Child: Current time:  16448400.00000 -- 0
Dimr [2026-05-18 18:21:35.768236] #0 >> 16448400.0:    DFlowFM.Update(     3600.00000)
Dimr [2026-05-18 18:21:35.768242] #1 >> 16448400.0:    DFlowFM.Update(     3600.00000)
Dimr [2026-05-18 18:21:35.768241] #2 >> 16448400.0:    DFlowFM.Update(     3600.00000)
Dimr [2026-05-18 18:21:35.768241] #3 >> 16448400.0:    DFlowFM.Update(     3600.00000)
Dimr [2026-05-18 18:21:35.768243] #4 >> 16448400.0:    DFlowFM.Update(     3600.00000)
Dimr [2026-05-18 18:21:35.768243] #5 >> 16448400.0:    DFlowFM.Update(     3600.00000)
Dimr [2026-05-18 18:21:35.768242] #6 >> 16448400.0:    DFlowFM.Update(     3600.00000)
Dimr [2026-05-18 18:21:35.768243] #7 >> 16448400.0:    DFlowFM.Update(     3600.00000)
** INFO   :  Minimum temperature encountered and limited in           10  cell(s).
** INFO   :  Minimum salinity encountered and limited in           10  cell(s).
** INFO   :  Minimum salinity encountered =   -480.880947667071
** INFO   :  Minimum temperature encountered and limited in           10  cell(s).
** INFO   :  Minimum salinity encountered and limited in           10  cell(s).
** INFO   :  Minimum salinity encountered =   -81.7824678065227
** INFO   :  Minimum temperature encountered and limited in           10  cell(s).
** INFO   :  Minimum salinity encountered and limited in           10  cell(s).
** INFO   :  Minimum salinity encountered =   -154.902993940731
** INFO   :  Minimum temperature encountered and limited in           10  cell(s).
** INFO   :  Minimum temperature encountered and limited in           10  cell(s).
** INFO   :  Minimum salinity encountered and limited in           10  cell(s).
** INFO   :  Minimum salinity encountered =   -70.9248732472372
** INFO   :  Minimum salinity encountered and limited in           10  cell(s).
** INFO   :  Minimum salinity encountered =   -3.78762659901471
** INFO   :  Minimum temperature encountered and limited in           10  cell(s).
** INFO   :  Minimum salinity encountered and limited in           10  cell(s).
** INFO   :  Minimum salinity encountered =   -83.5250688234814
** INFO   :  Minimum temperature encountered and limited in           10  cell(s).
** INFO   :  Minimum salinity encountered and limited in           10  cell(s).
** INFO   :  Minimum salinity encountered =   -919.164648315112
** INFO   :  Minimum temperature encountered and limited in           10  cell(s).
** INFO   :  Minimum salinity encountered and limited in           10  cell(s).
** INFO   :  Minimum salinity encountered =   -1324.81217927220
** INFO   :           0d 10:00:00          1d 14:00:00          0d  0:05:39          0d  0:21:16        456    21.0%    14.22925
Dimr [2026-05-18 18:21:58.957921] #6 >> TIME LOOP    136800.00000 --  16588800.00000 --  16452000.00000
Dimr [2026-05-18 18:21:58.957950] #6 >> TIME LOOP      3600.00000 --  16588800.00000 --  16452000.00000 --         0.00000 
** INFO   :           0d 10:00:00          1d 14:00:00          0d  0:05:39          0d  0:21:16        456    21.0%    14.22925
Dimr [2026-05-18 18:21:58.959670] #2 >> TIME LOOP    136800.00000 --  16588800.00000 --  16452000.00000
Dimr [2026-05-18 18:21:58.959694] #2 >> TIME LOOP      3600.00000 --  16588800.00000 --  16452000.00000 --         0.00000 
** INFO   :           0d 10:00:00          1d 14:00:00          0d  0:05:37          0d  0:21:10        456    21.0%    14.22925
Dimr [2026-05-18 18:21:58.959954] #7 >> TIME LOOP    136800.00000 --  16588800.00000 --  16452000.00000
Dimr [2026-05-18 18:21:58.959972] #7 >> TIME LOOP      3600.00000 --  16588800.00000 --  16452000.00000 --         0.00000 
** INFO   :           0d 10:00:00          1d 14:00:00          0d  0:05:38          0d  0:21:15        456    21.0%    14.22925
Dimr [2026-05-18 18:21:58.960350] #5 >> TIME LOOP    136800.00000 --  16588800.00000 --  16452000.00000
Dimr [2026-05-18 18:21:58.960364] #5 >> TIME LOOP      3600.00000 --  16588800.00000 --  16452000.00000 --         0.00000 
** INFO   :           0d 10:00:00          1d 14:00:00          0d  0:05:38          0d  0:21:16        456    21.0%    14.22925
Dimr [2026-05-18 18:21:58.960431] #4 >> TIME LOOP    136800.00000 --  16588800.00000 --  16452000.00000
Dimr [2026-05-18 18:21:58.960446] #4 >> TIME LOOP      3600.00000 --  16588800.00000 --  16452000.00000 --         0.00000 
** INFO   :           0d 10:00:00          1d 14:00:00          0d  0:05:37          0d  0:21:09        456    21.0%    14.22925
Dimr [2026-05-18 18:21:58.960998] #1 >> TIME LOOP    136800.00000 --  16588800.00000 --  16452000.00000
Dimr [2026-05-18 18:21:58.961017] #1 >> TIME LOOP      3600.00000 --  16588800.00000 --  16452000.00000 --         0.00000 
** INFO   :           0d 10:00:00          1d 14:00:00          0d  0:05:37          0d  0:21:09        456    21.0%    14.22925
Dimr [2026-05-18 18:21:58.961235] #3 >> TIME LOOP    136800.00000 --  16588800.00000 --  16452000.00000
Dimr [2026-05-18 18:21:58.961251] #3 >> TIME LOOP      3600.00000 --  16588800.00000 --  16452000.00000 --         0.00000 
** INFO   :           0d 10:00:00          1d 14:00:00          0d  0:05:37          0d  0:21:08        456    21.0%    14.22925
Dimr [2026-05-18 18:21:58.962092] #0 >> TIME LOOP    136800.00000 --  16588800.00000 --  16452000.00000
Dimr [2026-05-18 18:21:58.962108] #0 >> TIME LOOP      3600.00000 --  16588800.00000 --  16452000.00000 --         0.00000 
Dimr [2026-05-18 18:21:58.962119] #0 >> Parallel Startgroup: Current time:  16452000.00000 --  16448400.00000
Dimr [2026-05-18 18:21:58.962119] #3 >> Parallel Child: Current time:  16452000.00000 -- 0
Dimr [2026-05-18 18:21:58.962119] #4 >> Parallel Child: Current time:  16452000.00000 -- 0
Dimr [2026-05-18 18:21:58.962132] #0 >> 16452000.0:    wave.Update(    3600.0)
*****************************************************************
*  Start of Delft3D-WAVE ...
Dimr [2026-05-18 18:21:58.962119] #1 >> Parallel Child: Current time:  16452000.00000 -- 0
Dimr [2026-05-18 18:21:58.962119] #2 >> Parallel Child: Current time:  16452000.00000 -- 0
Dimr [2026-05-18 18:21:58.962119] #5 >> Parallel Child: Current time:  16452000.00000 -- 0
Dimr [2026-05-18 18:21:58.962119] #6 >> Parallel Child: Current time:  16452000.00000 -- 0
Dimr [2026-05-18 18:21:58.962119] #7 >> Parallel Child: Current time:  16452000.00000 -- 0
  Start loop over SWAN grids, time =      274200.000 minutes since 20250101.000000
  Allocate input fields
  Allocate and read SWAN depth
  Get flow fields, domain 1 :
  Get flow fields, domain 2 :
  Get flow fields, domain 3 :
  Get flow fields, domain 4 :
  Get flow fields, domain 5 :
  Get flow fields, domain 6 :
  Get flow fields, domain 7 :
  Get flow fields, domain 8 :
  Write SWAN depth file
  Write SWAN velocity file
  Write SWAN wind file
  Write SWAN input
  Using SWAN hotstart file: hot_1_20250710_090000.nc
<<Run SWAN...
>>...Check file swan_sh.log
>>...End of SWAN run
  Allocate output fields
  Read SWAN output
  WARNING: Found negative value(s) for dissip(2) in swanout file;
           value(s) set to zero
  Map WAVE parameters to FLOW grid          1
  Map WAVE parameters to FLOW grid          2
  Map WAVE parameters to FLOW grid          3
  Map WAVE parameters to FLOW grid          4
  Map WAVE parameters to FLOW grid          5
  Map WAVE parameters to FLOW grid          6
  Map WAVE parameters to FLOW grid          7
  Map WAVE parameters to FLOW grid          8
  Deallocate input fields
  Allocate input fields
  Allocate and read SWAN depth
  Get flow fields, domain 1 :
  Get flow fields, domain 2 :
  Get flow fields, domain 3 :
  Get flow fields, domain 4 :
  Get flow fields, domain 5 :
  Get flow fields, domain 6 :
  Get flow fields, domain 7 :
  Get flow fields, domain 8 :
  Write SWAN depth file
  Write SWAN velocity file
  Write SWAN wind file
  Write SWAN input
  Using SWAN hotstart file: hot_2_20250710_090000.nc
<<Run SWAN...
>>...Check file swan_sh.log
>>...End of SWAN run
  Allocate output fields
  Read SWAN output
  WARNING: Found negative value(s) for dissip(2) in swanout file;
           value(s) set to zero
  Map WAVE parameters to FLOW grid          1
  Map WAVE parameters to FLOW grid          2
  Map WAVE parameters to FLOW grid          3
  Map WAVE parameters to FLOW grid          4
  Map WAVE parameters to FLOW grid          5
  Map WAVE parameters to FLOW grid          6
  Map WAVE parameters to FLOW grid          7
  Map WAVE parameters to FLOW grid          8
  Deallocate input fields
  Convert parameters
  Write to com-file
  Convert parameters
  Write to com-file
  Convert parameters
  Write to com-file
  Convert parameters
  Write to com-file
  Convert parameters
  Write to com-file
  Convert parameters
  Write to com-file
  Convert parameters
  Write to com-file
  Convert parameters
  Write to com-file
*  End of Delft3D-WAVE
*****************************************************************
Dimr [2026-05-18 18:22:06.515441] #0 >> Parallel Child: Current time:  16452000.00000 -- 0
Dimr [2026-05-18 18:22:06.515487] #0 >> 16452000.0:    DFlowFM.Update(     3600.00000)
Dimr [2026-05-18 18:22:06.515496] #1 >> 16452000.0:    DFlowFM.Update(     3600.00000)
Dimr [2026-05-18 18:22:06.515496] #2 >> 16452000.0:    DFlowFM.Update(     3600.00000)
Dimr [2026-05-18 18:22:06.515495] #3 >> 16452000.0:    DFlowFM.Update(     3600.00000)
Dimr [2026-05-18 18:22:06.515494] #4 >> 16452000.0:    DFlowFM.Update(     3600.00000)
Dimr [2026-05-18 18:22:06.515495] #5 >> 16452000.0:    DFlowFM.Update(     3600.00000)
Dimr [2026-05-18 18:22:06.515494] #6 >> 16452000.0:    DFlowFM.Update(     3600.00000)
Dimr [2026-05-18 18:22:06.515494] #7 >> 16452000.0:    DFlowFM.Update(     3600.00000)
** INFO   :  Minimum temperature encountered and limited in           10  cell(s).
** INFO   :  Minimum temperature encountered and limited in           10  cell(s).
** INFO   :  Warning limit reached: No more Minimum temperature limit messages will be displayed.
** INFO   :  Minimum salinity encountered and limited in           10  cell(s).
** INFO   :  Minimum salinity encountered =   -77.5825680414338
** INFO   :  Warning limit reached: No more Minimum salinity limit messages will be displayed.
** INFO   :  Minimum temperature encountered and limited in           10  cell(s).
** INFO   :  Minimum temperature encountered and limited in           10  cell(s).
** INFO   :  Minimum temperature encountered and limited in           10  cell(s).
** INFO   :  Warning limit reached: No more Minimum temperature limit messages will be displayed.
** INFO   :  Minimum salinity encountered and limited in           10  cell(s).
** INFO   :  Minimum salinity encountered =   -1.31884676806445
** INFO   :           0d 11:00:00          1d 13:00:00          0d  0:06:01          0d  0:20:06        444    23.1%    14.28571
Dimr [2026-05-18 18:22:29.628594] #6 >> TIME LOOP    133200.00000 --  16588800.00000 --  16455600.00000
Dimr [2026-05-18 18:22:29.628621] #6 >> TIME LOOP      3600.00000 --  16588800.00000 --  16455600.00000 --         0.00000 
** INFO   :           0d 11:00:00          1d 13:00:00          0d  0:06:01          0d  0:20:06        444    23.1%    14.28571
Dimr [2026-05-18 18:22:29.630473] #2 >> TIME LOOP    133200.00000 --  16588800.00000 --  16455600.00000
Dimr [2026-05-18 18:22:29.630498] #2 >> TIME LOOP      3600.00000 --  16588800.00000 --  16455600.00000 --         0.00000 
** INFO   :           0d 11:00:00          1d 13:00:00          0d  0:05:59          0d  0:20:00        444    23.1%    14.28571
Dimr [2026-05-18 18:22:29.630707] #7 >> TIME LOOP    133200.00000 --  16588800.00000 --  16455600.00000
Dimr [2026-05-18 18:22:29.630729] #7 >> TIME LOOP      3600.00000 --  16588800.00000 --  16455600.00000 --         0.00000 
** INFO   :           0d 11:00:00          1d 13:00:00          0d  0:06:01          0d  0:20:05        444    23.1%    14.28571
Dimr [2026-05-18 18:22:29.631099] #5 >> TIME LOOP    133200.00000 --  16588800.00000 --  16455600.00000
Dimr [2026-05-18 18:22:29.631114] #5 >> TIME LOOP      3600.00000 --  16588800.00000 --  16455600.00000 --         0.00000 
** INFO   :           0d 11:00:00          1d 13:00:00          0d  0:06:01          0d  0:20:06        444    23.1%    14.28571
Dimr [2026-05-18 18:22:29.631150] #4 >> TIME LOOP    133200.00000 --  16588800.00000 --  16455600.00000
Dimr [2026-05-18 18:22:29.631166] #4 >> TIME LOOP      3600.00000 --  16588800.00000 --  16455600.00000 --         0.00000 
** INFO   :           0d 11:00:00          1d 13:00:00          0d  0:05:59          0d  0:19:59        444    23.1%    14.28571
Dimr [2026-05-18 18:22:29.631777] #1 >> TIME LOOP    133200.00000 --  16588800.00000 --  16455600.00000
Dimr [2026-05-18 18:22:29.631794] #1 >> TIME LOOP      3600.00000 --  16588800.00000 --  16455600.00000 --         0.00000 
** INFO   :           0d 11:00:00          1d 13:00:00          0d  0:05:59          0d  0:20:00        444    23.1%    14.28571
Dimr [2026-05-18 18:22:29.632018] #3 >> TIME LOOP    133200.00000 --  16588800.00000 --  16455600.00000
Dimr [2026-05-18 18:22:29.632033] #3 >> TIME LOOP      3600.00000 --  16588800.00000 --  16455600.00000 --         0.00000 
** INFO   :           0d 11:00:00          1d 13:00:00          0d  0:05:59          0d  0:19:59        444    23.1%    14.28571
Dimr [2026-05-18 18:22:29.632873] #0 >> TIME LOOP    133200.00000 --  16588800.00000 --  16455600.00000
Dimr [2026-05-18 18:22:29.632888] #0 >> TIME LOOP      3600.00000 --  16588800.00000 --  16455600.00000 --         0.00000 
Dimr [2026-05-18 18:22:29.632899] #0 >> Parallel Startgroup: Current time:  16455600.00000 --  16452000.00000
Dimr [2026-05-18 18:22:29.632899] #6 >> Parallel Child: Current time:  16455600.00000 -- 0
Dimr [2026-05-18 18:22:29.632912] #0 >> 16455600.0:    wave.Update(    3600.0)
*****************************************************************
*  Start of Delft3D-WAVE ...
Dimr [2026-05-18 18:22:29.632899] #1 >> Parallel Child: Current time:  16455600.00000 -- 0
Dimr [2026-05-18 18:22:29.632899] #2 >> Parallel Child: Current time:  16455600.00000 -- 0
Dimr [2026-05-18 18:22:29.632899] #3 >> Parallel Child: Current time:  16455600.00000 -- 0
Dimr [2026-05-18 18:22:29.632899] #4 >> Parallel Child: Current time:  16455600.00000 -- 0
Dimr [2026-05-18 18:22:29.632899] #5 >> Parallel Child: Current time:  16455600.00000 -- 0
Dimr [2026-05-18 18:22:29.632899] #7 >> Parallel Child: Current time:  16455600.00000 -- 0
  Start loop over SWAN grids, time =      274260.000 minutes since 20250101.000000
  Allocate input fields
  Allocate and read SWAN depth
  Get flow fields, domain 1 :
  Get flow fields, domain 2 :
  Get flow fields, domain 3 :
  Get flow fields, domain 4 :
  Get flow fields, domain 5 :
  Get flow fields, domain 6 :
  Get flow fields, domain 7 :
  Get flow fields, domain 8 :
  Write SWAN depth file
  Write SWAN velocity file
  Write SWAN wind file
  Write SWAN input
  Using SWAN hotstart file: hot_1_20250710_100000.nc
<<Run SWAN...
>>...Check file swan_sh.log
>>...End of SWAN run
  Allocate output fields
  Read SWAN output
  WARNING: Found negative value(s) for dissip(2) in swanout file;
           value(s) set to zero
  Map WAVE parameters to FLOW grid          1
  Map WAVE parameters to FLOW grid          2
  Map WAVE parameters to FLOW grid          3
  Map WAVE parameters to FLOW grid          4
  Map WAVE parameters to FLOW grid          5
  Map WAVE parameters to FLOW grid          6
  Map WAVE parameters to FLOW grid          7
  Map WAVE parameters to FLOW grid          8
  Deallocate input fields
  Allocate input fields
  Allocate and read SWAN depth
  Get flow fields, domain 1 :
  Get flow fields, domain 2 :
  Get flow fields, domain 3 :
  Get flow fields, domain 4 :
  Get flow fields, domain 5 :
  Get flow fields, domain 6 :
  Get flow fields, domain 7 :
  Get flow fields, domain 8 :
  Write SWAN depth file
  Write SWAN velocity file
  Write SWAN wind file
  Write SWAN input
  Using SWAN hotstart file: hot_2_20250710_100000.nc
<<Run SWAN...
>>...Check file swan_sh.log
>>...End of SWAN run
  Allocate output fields
  Read SWAN output
  WARNING: Found negative value(s) for dissip(2) in swanout file;
           value(s) set to zero
  Map WAVE parameters to FLOW grid          1
  Map WAVE parameters to FLOW grid          2
  Map WAVE parameters to FLOW grid          3
  Map WAVE parameters to FLOW grid          4
  Map WAVE parameters to FLOW grid          5
  Map WAVE parameters to FLOW grid          6
  Map WAVE parameters to FLOW grid          7
  Map WAVE parameters to FLOW grid          8
  Deallocate input fields
  Convert parameters
  Write to com-file
  Convert parameters
  Write to com-file
  Convert parameters
  Write to com-file
  Convert parameters
  Write to com-file
  Convert parameters
  Write to com-file
  Convert parameters
  Write to com-file
  Convert parameters
  Write to com-file
  Convert parameters
  Write to com-file
*  End of Delft3D-WAVE
*****************************************************************
Dimr [2026-05-18 18:22:35.482324] #0 >> Parallel Child: Current time:  16455600.00000 -- 0
Dimr [2026-05-18 18:22:35.482357] #0 >> 16455600.0:    DFlowFM.Update(     3600.00000)
Dimr [2026-05-18 18:22:35.482365] #1 >> 16455600.0:    DFlowFM.Update(     3600.00000)
Dimr [2026-05-18 18:22:35.482365] #2 >> 16455600.0:    DFlowFM.Update(     3600.00000)
Dimr [2026-05-18 18:22:35.482363] #3 >> 16455600.0:    DFlowFM.Update(     3600.00000)
Dimr [2026-05-18 18:22:35.482364] #4 >> 16455600.0:    DFlowFM.Update(     3600.00000)
Dimr [2026-05-18 18:22:35.482364] #5 >> 16455600.0:    DFlowFM.Update(     3600.00000)
Dimr [2026-05-18 18:22:35.482364] #6 >> 16455600.0:    DFlowFM.Update(     3600.00000)
Dimr [2026-05-18 18:22:35.482364] #7 >> 16455600.0:    DFlowFM.Update(     3600.00000)
** INFO   :  Minimum salinity encountered and limited in           10  cell(s).
** INFO   :  Minimum salinity encountered =   -63.8362525261535
** INFO   :  Minimum salinity encountered and limited in           10  cell(s).
** INFO   :  Minimum salinity encountered =  -0.587562977351720
** INFO   :  Minimum salinity encountered and limited in           10  cell(s).
** INFO   :  Minimum salinity encountered =   -22.5180878001238
** INFO   :  Minimum salinity encountered and limited in           10  cell(s).
** INFO   :  Minimum salinity encountered =   -2.26049054645564
** INFO   :  Minimum salinity encountered and limited in           10  cell(s).
** INFO   :  Minimum salinity encountered =  -0.244478076620736
** INFO   :           0d 12:00:00          1d 12:00:00          0d  0:06:23          0d  0:19:02        432    25.1%    14.93776
Dimr [2026-05-18 18:22:57.819252] #6 >> TIME LOOP    129600.00000 --  16588800.00000 --  16459200.00000
Dimr [2026-05-18 18:22:57.819277] #6 >> TIME LOOP      3600.00000 --  16588800.00000 --  16459200.00000 --         0.00000 
** INFO   :           0d 12:00:00          1d 12:00:00          0d  0:06:21          0d  0:18:56        432    25.1%    14.93776
Dimr [2026-05-18 18:22:57.821310] #7 >> TIME LOOP    129600.00000 --  16588800.00000 --  16459200.00000
Dimr [2026-05-18 18:22:57.821327] #7 >> TIME LOOP      3600.00000 --  16588800.00000 --  16459200.00000 --         0.00000 
** INFO   :           0d 12:00:00          1d 12:00:00          0d  0:06:23          0d  0:19:02        432    25.1%    14.93776
Dimr [2026-05-18 18:22:57.821434] #2 >> TIME LOOP    129600.00000 --  16588800.00000 --  16459200.00000
Dimr [2026-05-18 18:22:57.821458] #2 >> TIME LOOP      3600.00000 --  16588800.00000 --  16459200.00000 --         0.00000 
** INFO   :           0d 12:00:00          1d 12:00:00          0d  0:06:23          0d  0:19:01        432    25.1%    14.93776
Dimr [2026-05-18 18:22:57.821739] #4 >> TIME LOOP    129600.00000 --  16588800.00000 --  16459200.00000
Dimr [2026-05-18 18:22:57.821753] #4 >> TIME LOOP      3600.00000 --  16588800.00000 --  16459200.00000 --         0.00000 
** INFO   :           0d 12:00:00          1d 12:00:00          0d  0:06:23          0d  0:19:01        432    25.1%    14.93776
Dimr [2026-05-18 18:22:57.821755] #5 >> TIME LOOP    129600.00000 --  16588800.00000 --  16459200.00000
Dimr [2026-05-18 18:22:57.821768] #5 >> TIME LOOP      3600.00000 --  16588800.00000 --  16459200.00000 --         0.00000 
** INFO   :           0d 12:00:00          1d 12:00:00          0d  0:06:21          0d  0:18:55        432    25.1%    14.93776
Dimr [2026-05-18 18:22:57.822616] #1 >> TIME LOOP    129600.00000 --  16588800.00000 --  16459200.00000
Dimr [2026-05-18 18:22:57.822636] #1 >> TIME LOOP      3600.00000 --  16588800.00000 --  16459200.00000 --         0.00000 
** INFO   :           0d 12:00:00          1d 12:00:00          0d  0:06:21          0d  0:18:55        432    25.1%    14.93776
Dimr [2026-05-18 18:22:57.822902] #3 >> TIME LOOP    129600.00000 --  16588800.00000 --  16459200.00000
Dimr [2026-05-18 18:22:57.822917] #3 >> TIME LOOP      3600.00000 --  16588800.00000 --  16459200.00000 --         0.00000 
** INFO   :           0d 12:00:00          1d 12:00:00          0d  0:06:21          0d  0:18:54        432    25.1%    14.93776
Dimr [2026-05-18 18:22:57.823776] #0 >> TIME LOOP    129600.00000 --  16588800.00000 --  16459200.00000
Dimr [2026-05-18 18:22:57.823791] #0 >> TIME LOOP      3600.00000 --  16588800.00000 --  16459200.00000 --         0.00000 
Dimr [2026-05-18 18:22:57.823803] #5 >> Parallel Child: Current time:  16459200.00000 -- 0
Dimr [2026-05-18 18:22:57.823803] #7 >> Parallel Child: Current time:  16459200.00000 -- 0
Dimr [2026-05-18 18:22:57.823803] #0 >> Parallel Startgroup: Current time:  16459200.00000 --  16455600.00000
Dimr [2026-05-18 18:22:57.823820] #0 >> 16459200.0:    wave.Update(    3600.0)
*****************************************************************
*  Start of Delft3D-WAVE ...
Dimr [2026-05-18 18:22:57.823803] #1 >> Parallel Child: Current time:  16459200.00000 -- 0
Dimr [2026-05-18 18:22:57.823803] #2 >> Parallel Child: Current time:  16459200.00000 -- 0
Dimr [2026-05-18 18:22:57.823803] #3 >> Parallel Child: Current time:  16459200.00000 -- 0
Dimr [2026-05-18 18:22:57.823803] #4 >> Parallel Child: Current time:  16459200.00000 -- 0
Dimr [2026-05-18 18:22:57.823803] #6 >> Parallel Child: Current time:  16459200.00000 -- 0
  Start loop over SWAN grids, time =      274320.000 minutes since 20250101.000000
  Allocate input fields
  Allocate and read SWAN depth
  Get flow fields, domain 1 :
  Get flow fields, domain 2 :
  Get flow fields, domain 3 :
  Get flow fields, domain 4 :
  Get flow fields, domain 5 :
  Get flow fields, domain 6 :
  Get flow fields, domain 7 :
  Get flow fields, domain 8 :
  Write SWAN depth file
  Write SWAN velocity file
  Write SWAN wind file
  Write SWAN input
  Using SWAN hotstart file: hot_1_20250710_110000.nc
<<Run SWAN...
>>...Check file swan_sh.log
>>...End of SWAN run
  Allocate output fields
  Read SWAN output
  WARNING: Found negative value(s) for dissip(2) in swanout file;
           value(s) set to zero
  Map WAVE parameters to FLOW grid          1
  Map WAVE parameters to FLOW grid          2
  Map WAVE parameters to FLOW grid          3
  Map WAVE parameters to FLOW grid          4
  Map WAVE parameters to FLOW grid          5
  Map WAVE parameters to FLOW grid          6
  Map WAVE parameters to FLOW grid          7
  Map WAVE parameters to FLOW grid          8
  Deallocate input fields
  Allocate input fields
  Allocate and read SWAN depth
  Get flow fields, domain 1 :
  Get flow fields, domain 2 :
  Get flow fields, domain 3 :
  Get flow fields, domain 4 :
  Get flow fields, domain 5 :
  Get flow fields, domain 6 :
  Get flow fields, domain 7 :
  Get flow fields, domain 8 :
  Write SWAN depth file
  Write SWAN velocity file
  Write SWAN wind file
  Write SWAN input
  Using SWAN hotstart file: hot_2_20250710_110000.nc
<<Run SWAN...
>>...Check file swan_sh.log
>>...End of SWAN run
  Allocate output fields
  Read SWAN output
  WARNING: Found negative value(s) for dissip(2) in swanout file;
           value(s) set to zero
  Map WAVE parameters to FLOW grid          1
  Map WAVE parameters to FLOW grid          2
  Map WAVE parameters to FLOW grid          3
  Map WAVE parameters to FLOW grid          4
  Map WAVE parameters to FLOW grid          5
  Map WAVE parameters to FLOW grid          6
  Map WAVE parameters to FLOW grid          7
  Map WAVE parameters to FLOW grid          8
  Deallocate input fields
  Convert parameters
  Write to com-file
  Convert parameters
  Write to com-file
  Convert parameters
  Write to com-file
  Convert parameters
  Write to com-file
  Convert parameters
  Write to com-file
  Convert parameters
  Write to com-file
  Convert parameters
  Write to com-file
  Convert parameters
  Write to com-file
*  End of Delft3D-WAVE
*****************************************************************
Dimr [2026-05-18 18:23:02.904713] #0 >> Parallel Child: Current time:  16459200.00000 -- 0
Dimr [2026-05-18 18:23:02.904755] #0 >> 16459200.0:    DFlowFM.Update(     3600.00000)
Dimr [2026-05-18 18:23:02.904760] #1 >> 16459200.0:    DFlowFM.Update(     3600.00000)
Dimr [2026-05-18 18:23:02.904760] #2 >> 16459200.0:    DFlowFM.Update(     3600.00000)
Dimr [2026-05-18 18:23:02.904760] #3 >> 16459200.0:    DFlowFM.Update(     3600.00000)
Dimr [2026-05-18 18:23:02.904762] #4 >> 16459200.0:    DFlowFM.Update(     3600.00000)
Dimr [2026-05-18 18:23:02.904762] #5 >> 16459200.0:    DFlowFM.Update(     3600.00000)
Dimr [2026-05-18 18:23:02.904762] #6 >> 16459200.0:    DFlowFM.Update(     3600.00000)
Dimr [2026-05-18 18:23:02.904761] #7 >> 16459200.0:    DFlowFM.Update(     3600.00000)
** INFO   :           0d 13:00:00          1d 11:00:00          0d  0:06:45          0d  0:18:03        420    27.2%    15.00000
Dimr [2026-05-18 18:23:24.819686] #6 >> TIME LOOP    126000.00000 --  16588800.00000 --  16462800.00000
Dimr [2026-05-18 18:23:24.819713] #6 >> TIME LOOP      3600.00000 --  16588800.00000 --  16462800.00000 --         0.00000 
** INFO   :           0d 13:00:00          1d 11:00:00          0d  0:06:42          0d  0:17:57        420    27.2%    15.00000
Dimr [2026-05-18 18:23:24.821676] #7 >> TIME LOOP    126000.00000 --  16588800.00000 --  16462800.00000
Dimr [2026-05-18 18:23:24.821695] #7 >> TIME LOOP      3600.00000 --  16588800.00000 --  16462800.00000 --         0.00000 
** INFO   :           0d 13:00:00          1d 11:00:00          0d  0:06:45          0d  0:18:02        420    27.2%    15.00000
Dimr [2026-05-18 18:23:24.821788] #2 >> TIME LOOP    126000.00000 --  16588800.00000 --  16462800.00000
Dimr [2026-05-18 18:23:24.821816] #2 >> TIME LOOP      3600.00000 --  16588800.00000 --  16462800.00000 --         0.00000 
** INFO   :           0d 13:00:00          1d 11:00:00          0d  0:06:45          0d  0:18:02        420    27.2%    15.00000
Dimr [2026-05-18 18:23:24.822164] #4 >> TIME LOOP    126000.00000 --  16588800.00000 --  16462800.00000
Dimr [2026-05-18 18:23:24.822179] #4 >> TIME LOOP      3600.00000 --  16588800.00000 --  16462800.00000 --         0.00000 
** INFO   :           0d 13:00:00          1d 11:00:00          0d  0:06:44          0d  0:18:02        420    27.2%    15.00000
Dimr [2026-05-18 18:23:24.822215] #5 >> TIME LOOP    126000.00000 --  16588800.00000 --  16462800.00000
Dimr [2026-05-18 18:23:24.822232] #5 >> TIME LOOP      3600.00000 --  16588800.00000 --  16462800.00000 --         0.00000 
** INFO   :           0d 13:00:00          1d 11:00:00          0d  0:06:42          0d  0:17:56        420    27.2%    15.00000
Dimr [2026-05-18 18:23:24.823173] #1 >> TIME LOOP    126000.00000 --  16588800.00000 --  16462800.00000
Dimr [2026-05-18 18:23:24.823191] #1 >> TIME LOOP      3600.00000 --  16588800.00000 --  16462800.00000 --         0.00000 
** INFO   :           0d 13:00:00          1d 11:00:00          0d  0:06:42          0d  0:17:56        420    27.2%    15.00000
Dimr [2026-05-18 18:23:24.823365] #3 >> TIME LOOP    126000.00000 --  16588800.00000 --  16462800.00000
Dimr [2026-05-18 18:23:24.823381] #3 >> TIME LOOP      3600.00000 --  16588800.00000 --  16462800.00000 --         0.00000 
** INFO   :           0d 13:00:00          1d 11:00:00          0d  0:06:42          0d  0:17:56        420    27.2%    15.00000
Dimr [2026-05-18 18:23:24.824248] #0 >> TIME LOOP    126000.00000 --  16588800.00000 --  16462800.00000
Dimr [2026-05-18 18:23:24.824263] #0 >> TIME LOOP      3600.00000 --  16588800.00000 --  16462800.00000 --         0.00000 
Dimr [2026-05-18 18:23:24.824274] #0 >> Parallel Startgroup: Current time:  16462800.00000 --  16459200.00000
Dimr [2026-05-18 18:23:24.824275] #4 >> Parallel Child: Current time:  16462800.00000 -- 0
Dimr [2026-05-18 18:23:24.824288] #0 >> 16462800.0:    wave.Update(    3600.0)
*****************************************************************
*  Start of Delft3D-WAVE ...
Dimr [2026-05-18 18:23:24.824275] #1 >> Parallel Child: Current time:  16462800.00000 -- 0
Dimr [2026-05-18 18:23:24.824275] #2 >> Parallel Child: Current time:  16462800.00000 -- 0
Dimr [2026-05-18 18:23:24.824275] #3 >> Parallel Child: Current time:  16462800.00000 -- 0
Dimr [2026-05-18 18:23:24.824276] #5 >> Parallel Child: Current time:  16462800.00000 -- 0
Dimr [2026-05-18 18:23:24.824275] #6 >> Parallel Child: Current time:  16462800.00000 -- 0
Dimr [2026-05-18 18:23:24.824275] #7 >> Parallel Child: Current time:  16462800.00000 -- 0
  Start loop over SWAN grids, time =      274380.000 minutes since 20250101.000000
  Allocate input fields
  Allocate and read SWAN depth
  Get flow fields, domain 1 :
  Get flow fields, domain 2 :
  Get flow fields, domain 3 :
  Get flow fields, domain 4 :
  Get flow fields, domain 5 :
  Get flow fields, domain 6 :
  Get flow fields, domain 7 :
  Get flow fields, domain 8 :
  Write SWAN depth file
  Write SWAN velocity file
  Write SWAN wind file
  Write SWAN input
  Using SWAN hotstart file: hot_1_20250710_120000.nc
<<Run SWAN...
>>...Check file swan_sh.log
>>...End of SWAN run
  Allocate output fields
  Read SWAN output
  WARNING: Found negative value(s) for dissip(2) in swanout file;
           value(s) set to zero
  Map WAVE parameters to FLOW grid          1
  Map WAVE parameters to FLOW grid          2
  Map WAVE parameters to FLOW grid          3
  Map WAVE parameters to FLOW grid          4
  Map WAVE parameters to FLOW grid          5
  Map WAVE parameters to FLOW grid          6
  Map WAVE parameters to FLOW grid          7
  Map WAVE parameters to FLOW grid          8
  Deallocate input fields
  Allocate input fields
  Allocate and read SWAN depth
  Get flow fields, domain 1 :
  Get flow fields, domain 2 :
  Get flow fields, domain 3 :
  Get flow fields, domain 4 :
  Get flow fields, domain 5 :
  Get flow fields, domain 6 :
  Get flow fields, domain 7 :
  Get flow fields, domain 8 :
  Write SWAN depth file
  Write SWAN velocity file
  Write SWAN wind file
  Write SWAN input
  Using SWAN hotstart file: hot_2_20250710_120000.nc
<<Run SWAN...
>>...Check file swan_sh.log
>>...End of SWAN run
  Allocate output fields
  Read SWAN output
  WARNING: Found negative value(s) for dissip(2) in swanout file;
           value(s) set to zero
  Map WAVE parameters to FLOW grid          1
  Map WAVE parameters to FLOW grid          2
  Map WAVE parameters to FLOW grid          3
  Map WAVE parameters to FLOW grid          4
  Map WAVE parameters to FLOW grid          5
  Map WAVE parameters to FLOW grid          6
  Map WAVE parameters to FLOW grid          7
  Map WAVE parameters to FLOW grid          8
  Deallocate input fields
  Convert parameters
  Write to com-file
  Convert parameters
  Write to com-file
  Convert parameters
  Write to com-file
  Convert parameters
  Write to com-file
  Convert parameters
  Write to com-file
  Convert parameters
  Write to com-file
  Convert parameters
  Write to com-file
  Convert parameters
  Write to com-file
*  End of Delft3D-WAVE
*****************************************************************
Dimr [2026-05-18 18:23:29.874748] #0 >> Parallel Child: Current time:  16462800.00000 -- 0
Dimr [2026-05-18 18:23:29.874781] #0 >> 16462800.0:    DFlowFM.Update(     3600.00000)
Dimr [2026-05-18 18:23:29.874789] #1 >> 16462800.0:    DFlowFM.Update(     3600.00000)
Dimr [2026-05-18 18:23:29.874788] #2 >> 16462800.0:    DFlowFM.Update(     3600.00000)
Dimr [2026-05-18 18:23:29.874789] #3 >> 16462800.0:    DFlowFM.Update(     3600.00000)
Dimr [2026-05-18 18:23:29.874789] #4 >> 16462800.0:    DFlowFM.Update(     3600.00000)
Dimr [2026-05-18 18:23:29.874789] #5 >> 16462800.0:    DFlowFM.Update(     3600.00000)
Dimr [2026-05-18 18:23:29.874789] #6 >> 16462800.0:    DFlowFM.Update(     3600.00000)
Dimr [2026-05-18 18:23:29.874789] #7 >> 16462800.0:    DFlowFM.Update(     3600.00000)
** INFO   :           0d 14:00:00          1d 10:00:00          0d  0:07:07          0d  0:17:10        408    29.3%    14.87603
Dimr [2026-05-18 18:23:52.201097] #6 >> TIME LOOP    122400.00000 --  16588800.00000 --  16466400.00000
Dimr [2026-05-18 18:23:52.201124] #6 >> TIME LOOP      3600.00000 --  16588800.00000 --  16466400.00000 --         0.00000 
** INFO   :           0d 14:00:00          1d 10:00:00          0d  0:07:04          0d  0:17:04        408    29.3%    14.87603
Dimr [2026-05-18 18:23:52.203193] #7 >> TIME LOOP    122400.00000 --  16588800.00000 --  16466400.00000
Dimr [2026-05-18 18:23:52.203210] #7 >> TIME LOOP      3600.00000 --  16588800.00000 --  16466400.00000 --         0.00000 
** INFO   :           0d 14:00:00          1d 10:00:00          0d  0:07:07          0d  0:17:10        408    29.3%    14.87603
Dimr [2026-05-18 18:23:52.203262] #2 >> TIME LOOP    122400.00000 --  16588800.00000 --  16466400.00000
Dimr [2026-05-18 18:23:52.203291] #2 >> TIME LOOP      3600.00000 --  16588800.00000 --  16466400.00000 --         0.00000 
** INFO   :           0d 14:00:00          1d 10:00:00          0d  0:07:06          0d  0:17:09        408    29.3%    14.87603
** INFO   :           0d 14:00:00          1d 10:00:00          0d  0:07:06          0d  0:17:09        408    29.3%    14.87603
Dimr [2026-05-18 18:23:52.203612] #5 >> TIME LOOP    122400.00000 --  16588800.00000 --  16466400.00000
Dimr [2026-05-18 18:23:52.203627] #5 >> TIME LOOP      3600.00000 --  16588800.00000 --  16466400.00000 --         0.00000 
Dimr [2026-05-18 18:23:52.203653] #4 >> TIME LOOP    122400.00000 --  16588800.00000 --  16466400.00000
Dimr [2026-05-18 18:23:52.203668] #4 >> TIME LOOP      3600.00000 --  16588800.00000 --  16466400.00000 --         0.00000 
** INFO   :           0d 14:00:00          1d 10:00:00          0d  0:07:04          0d  0:17:04        408    29.3%    14.87603
Dimr [2026-05-18 18:23:52.204673] #1 >> TIME LOOP    122400.00000 --  16588800.00000 --  16466400.00000
Dimr [2026-05-18 18:23:52.204691] #1 >> TIME LOOP      3600.00000 --  16588800.00000 --  16466400.00000 --         0.00000 
** INFO   :           0d 14:00:00          1d 10:00:00          0d  0:07:04          0d  0:17:04        408    29.3%    14.87603
Dimr [2026-05-18 18:23:52.204784] #3 >> TIME LOOP    122400.00000 --  16588800.00000 --  16466400.00000
Dimr [2026-05-18 18:23:52.204799] #3 >> TIME LOOP      3600.00000 --  16588800.00000 --  16466400.00000 --         0.00000 
** INFO   :           0d 14:00:00          1d 10:00:00          0d  0:07:04          0d  0:17:03        408    29.3%    14.87603
Dimr [2026-05-18 18:23:52.205733] #0 >> TIME LOOP    122400.00000 --  16588800.00000 --  16466400.00000
Dimr [2026-05-18 18:23:52.205748] #0 >> TIME LOOP      3600.00000 --  16588800.00000 --  16466400.00000 --         0.00000 
Dimr [2026-05-18 18:23:52.205759] #0 >> Parallel Startgroup: Current time:  16466400.00000 --  16462800.00000
Dimr [2026-05-18 18:23:52.205760] #2 >> Parallel Child: Current time:  16466400.00000 -- 0
Dimr [2026-05-18 18:23:52.205760] #3 >> Parallel Child: Current time:  16466400.00000 -- 0
Dimr [2026-05-18 18:23:52.205760] #6 >> Parallel Child: Current time:  16466400.00000 -- 0
Dimr [2026-05-18 18:23:52.205773] #0 >> 16466400.0:    wave.Update(    3600.0)
*****************************************************************
*  Start of Delft3D-WAVE ...
  Start loop over SWAN grids, time =      274440.000 minutes since 20250101.000000
  Allocate input fields
Dimr [2026-05-18 18:23:52.205760] #1 >> Parallel Child: Current time:  16466400.00000 -- 0
Dimr [2026-05-18 18:23:52.205760] #4 >> Parallel Child: Current time:  16466400.00000 -- 0
Dimr [2026-05-18 18:23:52.205760] #5 >> Parallel Child: Current time:  16466400.00000 -- 0
Dimr [2026-05-18 18:23:52.205760] #7 >> Parallel Child: Current time:  16466400.00000 -- 0
  Allocate and read SWAN depth
  Get flow fields, domain 1 :
  Get flow fields, domain 2 :
  Get flow fields, domain 3 :
  Get flow fields, domain 4 :
  Get flow fields, domain 5 :
  Get flow fields, domain 6 :
  Get flow fields, domain 7 :
  Get flow fields, domain 8 :
  Write SWAN depth file
  Write SWAN velocity file
  Write SWAN wind file
  Write SWAN input
  Using SWAN hotstart file: hot_1_20250710_130000.nc
<<Run SWAN...
>>...Check file swan_sh.log
>>...End of SWAN run
  Allocate output fields
  Read SWAN output
  WARNING: Found negative value(s) for dissip(2) in swanout file;
           value(s) set to zero
  Map WAVE parameters to FLOW grid          1
  Map WAVE parameters to FLOW grid          2
  Map WAVE parameters to FLOW grid          3
  Map WAVE parameters to FLOW grid          4
  Map WAVE parameters to FLOW grid          5
  Map WAVE parameters to FLOW grid          6
  Map WAVE parameters to FLOW grid          7
  Map WAVE parameters to FLOW grid          8
  Deallocate input fields
  Allocate input fields
  Allocate and read SWAN depth
  Get flow fields, domain 1 :
  Get flow fields, domain 2 :
  Get flow fields, domain 3 :
  Get flow fields, domain 4 :
  Get flow fields, domain 5 :
  Get flow fields, domain 6 :
  Get flow fields, domain 7 :
  Get flow fields, domain 8 :
  Write SWAN depth file
  Write SWAN velocity file
  Write SWAN wind file
  Write SWAN input
  Using SWAN hotstart file: hot_2_20250710_130000.nc
<<Run SWAN...
>>...Check file swan_sh.log
>>...End of SWAN run
  Allocate output fields
  Read SWAN output
  WARNING: Found negative value(s) for dissip(2) in swanout file;
           value(s) set to zero
  Map WAVE parameters to FLOW grid          1
  Map WAVE parameters to FLOW grid          2
  Map WAVE parameters to FLOW grid          3
  Map WAVE parameters to FLOW grid          4
  Map WAVE parameters to FLOW grid          5
  Map WAVE parameters to FLOW grid          6
  Map WAVE parameters to FLOW grid          7
  Map WAVE parameters to FLOW grid          8
  Deallocate input fields
  Convert parameters
  Write to com-file
  Convert parameters
  Write to com-file
  Convert parameters
  Write to com-file
  Convert parameters
  Write to com-file
  Convert parameters
  Write to com-file
  Convert parameters
  Write to com-file
  Convert parameters
  Write to com-file
  Convert parameters
  Write to com-file
*  End of Delft3D-WAVE
*****************************************************************
Dimr [2026-05-18 18:23:57.281214] #0 >> Parallel Child: Current time:  16466400.00000 -- 0
Dimr [2026-05-18 18:23:57.281246] #0 >> 16466400.0:    DFlowFM.Update(     3600.00000)
Dimr [2026-05-18 18:23:57.281259] #1 >> 16466400.0:    DFlowFM.Update(     3600.00000)
Dimr [2026-05-18 18:23:57.281252] #2 >> 16466400.0:    DFlowFM.Update(     3600.00000)
Dimr [2026-05-18 18:23:57.281251] #3 >> 16466400.0:    DFlowFM.Update(     3600.00000)
Dimr [2026-05-18 18:23:57.281270] #4 >> 16466400.0:    DFlowFM.Update(     3600.00000)
Dimr [2026-05-18 18:23:57.281268] #5 >> 16466400.0:    DFlowFM.Update(     3600.00000)
Dimr [2026-05-18 18:23:57.281262] #6 >> 16466400.0:    DFlowFM.Update(     3600.00000)
Dimr [2026-05-18 18:23:57.281268] #7 >> 16466400.0:    DFlowFM.Update(     3600.00000)
** INFO   :           0d 15:00:00          1d  9:00:00          0d  0:07:28          0d  0:16:20        396    31.4%    15.31915
Dimr [2026-05-18 18:24:19.9056] #6 >> TIME LOOP    118800.00000 --  16588800.00000 --  16470000.00000
Dimr [2026-05-18 18:24:19.9085] #6 >> TIME LOOP      3600.00000 --  16588800.00000 --  16470000.00000 --         0.00000 
** INFO   :           0d 15:00:00          1d  9:00:00          0d  0:07:28          0d  0:16:20        396    31.4%    15.31915
Dimr [2026-05-18 18:24:19.11103] #2 >> TIME LOOP    118800.00000 --  16588800.00000 --  16470000.00000
Dimr [2026-05-18 18:24:19.11126] #2 >> TIME LOOP      3600.00000 --  16588800.00000 --  16470000.00000 --         0.00000 
** INFO   :           0d 15:00:00          1d  9:00:00          0d  0:07:25          0d  0:16:14        396    31.4%    15.31915
Dimr [2026-05-18 18:24:19.11153] #7 >> TIME LOOP    118800.00000 --  16588800.00000 --  16470000.00000
Dimr [2026-05-18 18:24:19.11172] #7 >> TIME LOOP      3600.00000 --  16588800.00000 --  16470000.00000 --         0.00000 
** INFO   :           0d 15:00:00          1d  9:00:00          0d  0:07:28          0d  0:16:20        396    31.4%    15.31915
** INFO   :           0d 15:00:00          1d  9:00:00          0d  0:07:28          0d  0:16:19        396    31.4%    15.31915
Dimr [2026-05-18 18:24:19.11602] #5 >> TIME LOOP    118800.00000 --  16588800.00000 --  16470000.00000
Dimr [2026-05-18 18:24:19.11615] #5 >> TIME LOOP      3600.00000 --  16588800.00000 --  16470000.00000 --         0.00000 
Dimr [2026-05-18 18:24:19.11650] #4 >> TIME LOOP    118800.00000 --  16588800.00000 --  16470000.00000
Dimr [2026-05-18 18:24:19.11663] #4 >> TIME LOOP      3600.00000 --  16588800.00000 --  16470000.00000 --         0.00000 
** INFO   :           0d 15:00:00          1d  9:00:00          0d  0:07:25          0d  0:16:14        396    31.4%    15.31915
Dimr [2026-05-18 18:24:19.12549] #1 >> TIME LOOP    118800.00000 --  16588800.00000 --  16470000.00000
Dimr [2026-05-18 18:24:19.12567] #1 >> TIME LOOP      3600.00000 --  16588800.00000 --  16470000.00000 --         0.00000 
** INFO   :           0d 15:00:00          1d  9:00:00          0d  0:07:25          0d  0:16:14        396    31.4%    15.31915
Dimr [2026-05-18 18:24:19.12763] #3 >> TIME LOOP    118800.00000 --  16588800.00000 --  16470000.00000
Dimr [2026-05-18 18:24:19.12779] #3 >> TIME LOOP      3600.00000 --  16588800.00000 --  16470000.00000 --         0.00000 
** INFO   :           0d 15:00:00          1d  9:00:00          0d  0:07:25          0d  0:16:13        396    31.4%    15.31915
Dimr [2026-05-18 18:24:19.13625] #0 >> TIME LOOP    118800.00000 --  16588800.00000 --  16470000.00000
Dimr [2026-05-18 18:24:19.13641] #0 >> TIME LOOP      3600.00000 --  16588800.00000 --  16470000.00000 --         0.00000 
Dimr [2026-05-18 18:24:19.13651] #2 >> Parallel Child: Current time:  16470000.00000 -- 0
Dimr [2026-05-18 18:24:19.13651] #3 >> Parallel Child: Current time:  16470000.00000 -- 0
Dimr [2026-05-18 18:24:19.13652] #7 >> Parallel Child: Current time:  16470000.00000 -- 0
Dimr [2026-05-18 18:24:19.13651] #0 >> Parallel Startgroup: Current time:  16470000.00000 --  16466400.00000
Dimr [2026-05-18 18:24:19.13671] #0 >> 16470000.0:    wave.Update(    3600.0)
*****************************************************************
*  Start of Delft3D-WAVE ...
Dimr [2026-05-18 18:24:19.13651] #1 >> Parallel Child: Current time:  16470000.00000 -- 0
Dimr [2026-05-18 18:24:19.13651] #4 >> Parallel Child: Current time:  16470000.00000 -- 0
Dimr [2026-05-18 18:24:19.13652] #5 >> Parallel Child: Current time:  16470000.00000 -- 0
Dimr [2026-05-18 18:24:19.13652] #6 >> Parallel Child: Current time:  16470000.00000 -- 0
  Start loop over SWAN grids, time =      274500.000 minutes since 20250101.000000
  Allocate input fields
  Allocate and read SWAN depth
  Get flow fields, domain 1 :
  Get flow fields, domain 2 :
  Get flow fields, domain 3 :
  Get flow fields, domain 4 :
  Get flow fields, domain 5 :
  Get flow fields, domain 6 :
  Get flow fields, domain 7 :
  Get flow fields, domain 8 :
  Write SWAN depth file
  Write SWAN velocity file
  Write SWAN wind file
  Write SWAN input
  Using SWAN hotstart file: hot_1_20250710_140000.nc
<<Run SWAN...
>>...Check file swan_sh.log
>>...End of SWAN run
  Allocate output fields
  Read SWAN output
  WARNING: Found negative value(s) for dissip(2) in swanout file;
           value(s) set to zero
  Map WAVE parameters to FLOW grid          1
  Map WAVE parameters to FLOW grid          2
  Map WAVE parameters to FLOW grid          3
  Map WAVE parameters to FLOW grid          4
  Map WAVE parameters to FLOW grid          5
  Map WAVE parameters to FLOW grid          6
  Map WAVE parameters to FLOW grid          7
  Map WAVE parameters to FLOW grid          8
  Deallocate input fields
  Allocate input fields
  Allocate and read SWAN depth
  Get flow fields, domain 1 :
  Get flow fields, domain 2 :
  Get flow fields, domain 3 :
  Get flow fields, domain 4 :
  Get flow fields, domain 5 :
  Get flow fields, domain 6 :
  Get flow fields, domain 7 :
  Get flow fields, domain 8 :
  Write SWAN depth file
  Write SWAN velocity file
  Write SWAN wind file
  Write SWAN input
  Using SWAN hotstart file: hot_2_20250710_140000.nc
<<Run SWAN...
>>...Check file swan_sh.log
>>...End of SWAN run
  Allocate output fields
  Read SWAN output
  WARNING: Found negative value(s) for dissip(2) in swanout file;
           value(s) set to zero
  Map WAVE parameters to FLOW grid          1
  Map WAVE parameters to FLOW grid          2
  Map WAVE parameters to FLOW grid          3
  Map WAVE parameters to FLOW grid          4
  Map WAVE parameters to FLOW grid          5
  Map WAVE parameters to FLOW grid          6
  Map WAVE parameters to FLOW grid          7
  Map WAVE parameters to FLOW grid          8
  Deallocate input fields
  Convert parameters
  Write to com-file
  Convert parameters
  Write to com-file
  Convert parameters
  Write to com-file
  Convert parameters
  Write to com-file
  Convert parameters
  Write to com-file
  Convert parameters
  Write to com-file
  Convert parameters
  Write to com-file
  Convert parameters
  Write to com-file
*  End of Delft3D-WAVE
*****************************************************************
Dimr [2026-05-18 18:24:24.86842] #0 >> Parallel Child: Current time:  16470000.00000 -- 0
Dimr [2026-05-18 18:24:24.86875] #0 >> 16470000.0:    DFlowFM.Update(     3600.00000)
Dimr [2026-05-18 18:24:24.86880] #1 >> 16470000.0:    DFlowFM.Update(     3600.00000)
Dimr [2026-05-18 18:24:24.86880] #2 >> 16470000.0:    DFlowFM.Update(     3600.00000)
Dimr [2026-05-18 18:24:24.86880] #3 >> 16470000.0:    DFlowFM.Update(     3600.00000)
Dimr [2026-05-18 18:24:24.86880] #4 >> 16470000.0:    DFlowFM.Update(     3600.00000)
Dimr [2026-05-18 18:24:24.86881] #5 >> 16470000.0:    DFlowFM.Update(     3600.00000)
Dimr [2026-05-18 18:24:24.86880] #6 >> 16470000.0:    DFlowFM.Update(     3600.00000)
Dimr [2026-05-18 18:24:24.86880] #7 >> 16470000.0:    DFlowFM.Update(     3600.00000)
** INFO   :  Minimum salinity encountered and limited in           10  cell(s).
** INFO   :  Minimum salinity encountered =   -28.6344434581558
** INFO   :           0d 16:00:00          1d  8:00:00          0d  0:07:49          0d  0:15:32        384    33.4%    15.78947
Dimr [2026-05-18 18:24:45.195796] #6 >> TIME LOOP    115200.00000 --  16588800.00000 --  16473600.00000
Dimr [2026-05-18 18:24:45.195823] #6 >> TIME LOOP      3600.00000 --  16588800.00000 --  16473600.00000 --         0.00000 
** INFO   :           0d 16:00:00          1d  8:00:00          0d  0:07:48          0d  0:15:32        384    33.4%    15.78947
Dimr [2026-05-18 18:24:45.197910] #2 >> TIME LOOP    115200.00000 --  16588800.00000 --  16473600.00000
Dimr [2026-05-18 18:24:45.197934] #2 >> TIME LOOP      3600.00000 --  16588800.00000 --  16473600.00000 --         0.00000 
** INFO   :           0d 16:00:00          1d  8:00:00          0d  0:07:46          0d  0:15:27        384    33.4%    15.78947
Dimr [2026-05-18 18:24:45.197912] #7 >> TIME LOOP    115200.00000 --  16588800.00000 --  16473600.00000
Dimr [2026-05-18 18:24:45.197930] #7 >> TIME LOOP      3600.00000 --  16588800.00000 --  16473600.00000 --         0.00000 
** INFO   :           0d 16:00:00          1d  8:00:00          0d  0:07:48          0d  0:15:32        384    33.4%    15.78947
Dimr [2026-05-18 18:24:45.198225] #5 >> TIME LOOP    115200.00000 --  16588800.00000 --  16473600.00000
Dimr [2026-05-18 18:24:45.198239] #5 >> TIME LOOP      3600.00000 --  16588800.00000 --  16473600.00000 --         0.00000 
** INFO   :           0d 16:00:00          1d  8:00:00          0d  0:07:48          0d  0:15:32        384    33.4%    15.78947
Dimr [2026-05-18 18:24:45.198294] #4 >> TIME LOOP    115200.00000 --  16588800.00000 --  16473600.00000
Dimr [2026-05-18 18:24:45.198307] #4 >> TIME LOOP      3600.00000 --  16588800.00000 --  16473600.00000 --         0.00000 
** INFO   :           0d 16:00:00          1d  8:00:00          0d  0:07:46          0d  0:15:26        384    33.4%    15.78947
Dimr [2026-05-18 18:24:45.199236] #1 >> TIME LOOP    115200.00000 --  16588800.00000 --  16473600.00000
Dimr [2026-05-18 18:24:45.199255] #1 >> TIME LOOP      3600.00000 --  16588800.00000 --  16473600.00000 --         0.00000 
** INFO   :           0d 16:00:00          1d  8:00:00          0d  0:07:46          0d  0:15:27        384    33.4%    15.78947
Dimr [2026-05-18 18:24:45.199408] #3 >> TIME LOOP    115200.00000 --  16588800.00000 --  16473600.00000
Dimr [2026-05-18 18:24:45.199424] #3 >> TIME LOOP      3600.00000 --  16588800.00000 --  16473600.00000 --         0.00000 
** INFO   :           0d 16:00:00          1d  8:00:00          0d  0:07:45          0d  0:15:26        384    33.4%    15.78947
Dimr [2026-05-18 18:24:45.200381] #0 >> TIME LOOP    115200.00000 --  16588800.00000 --  16473600.00000
Dimr [2026-05-18 18:24:45.200397] #0 >> TIME LOOP      3600.00000 --  16588800.00000 --  16473600.00000 --         0.00000 
Dimr [2026-05-18 18:24:45.200408] #0 >> Parallel Startgroup: Current time:  16473600.00000 --  16470000.00000
Dimr [2026-05-18 18:24:45.200408] #7 >> Parallel Child: Current time:  16473600.00000 -- 0
Dimr [2026-05-18 18:24:45.200422] #0 >> 16473600.0:    wave.Update(    3600.0)
*****************************************************************
*  Start of Delft3D-WAVE ...
Dimr [2026-05-18 18:24:45.200408] #1 >> Parallel Child: Current time:  16473600.00000 -- 0
Dimr [2026-05-18 18:24:45.200408] #2 >> Parallel Child: Current time:  16473600.00000 -- 0
Dimr [2026-05-18 18:24:45.200408] #3 >> Parallel Child: Current time:  16473600.00000 -- 0
Dimr [2026-05-18 18:24:45.200408] #4 >> Parallel Child: Current time:  16473600.00000 -- 0
Dimr [2026-05-18 18:24:45.200408] #5 >> Parallel Child: Current time:  16473600.00000 -- 0
Dimr [2026-05-18 18:24:45.200408] #6 >> Parallel Child: Current time:  16473600.00000 -- 0
  Start loop over SWAN grids, time =      274560.000 minutes since 20250101.000000
  Allocate input fields
  Allocate and read SWAN depth
  Get flow fields, domain 1 :
  Get flow fields, domain 2 :
  Get flow fields, domain 3 :
  Get flow fields, domain 4 :
  Get flow fields, domain 5 :
  Get flow fields, domain 6 :
  Get flow fields, domain 7 :
  Get flow fields, domain 8 :
  Write SWAN depth file
  Write SWAN velocity file
  Write SWAN wind file
  Write SWAN input
  Using SWAN hotstart file: hot_1_20250710_150000.nc
<<Run SWAN...
>>...Check file swan_sh.log
>>...End of SWAN run
  Allocate output fields
  Read SWAN output
  WARNING: Found negative value(s) for dissip(2) in swanout file;
           value(s) set to zero
  Map WAVE parameters to FLOW grid          1
  Map WAVE parameters to FLOW grid          2
  Map WAVE parameters to FLOW grid          3
  Map WAVE parameters to FLOW grid          4
  Map WAVE parameters to FLOW grid          5
  Map WAVE parameters to FLOW grid          6
  Map WAVE parameters to FLOW grid          7
  Map WAVE parameters to FLOW grid          8
  Deallocate input fields
  Allocate input fields
  Allocate and read SWAN depth
  Get flow fields, domain 1 :
  Get flow fields, domain 2 :
  Get flow fields, domain 3 :
  Get flow fields, domain 4 :
  Get flow fields, domain 5 :
  Get flow fields, domain 6 :
  Get flow fields, domain 7 :
  Get flow fields, domain 8 :
  Write SWAN depth file
  Write SWAN velocity file
  Write SWAN wind file
  Write SWAN input
  Using SWAN hotstart file: hot_2_20250710_150000.nc
<<Run SWAN...
>>...Check file swan_sh.log
>>...End of SWAN run
  Allocate output fields
  Read SWAN output
  WARNING: Found negative value(s) for dissip(2) in swanout file;
           value(s) set to zero
  Map WAVE parameters to FLOW grid          1
  Map WAVE parameters to FLOW grid          2
  Map WAVE parameters to FLOW grid          3
  Map WAVE parameters to FLOW grid          4
  Map WAVE parameters to FLOW grid          5
  Map WAVE parameters to FLOW grid          6
  Map WAVE parameters to FLOW grid          7
  Map WAVE parameters to FLOW grid          8
  Deallocate input fields
  Convert parameters
  Write to com-file
  Convert parameters
  Write to com-file
  Convert parameters
  Write to com-file
  Convert parameters
  Write to com-file
  Convert parameters
  Write to com-file
  Convert parameters
  Write to com-file
  Convert parameters
  Write to com-file
  Convert parameters
  Write to com-file
*  End of Delft3D-WAVE
*****************************************************************
Dimr [2026-05-18 18:24:50.378153] #0 >> Parallel Child: Current time:  16473600.00000 -- 0
Dimr [2026-05-18 18:24:50.378184] #0 >> 16473600.0:    DFlowFM.Update(     3600.00000)
Dimr [2026-05-18 18:24:50.378193] #1 >> 16473600.0:    DFlowFM.Update(     3600.00000)
Dimr [2026-05-18 18:24:50.378193] #2 >> 16473600.0:    DFlowFM.Update(     3600.00000)
Dimr [2026-05-18 18:24:50.378193] #3 >> 16473600.0:    DFlowFM.Update(     3600.00000)
Dimr [2026-05-18 18:24:50.378189] #4 >> 16473600.0:    DFlowFM.Update(     3600.00000)
Dimr [2026-05-18 18:24:50.378191] #5 >> 16473600.0:    DFlowFM.Update(     3600.00000)
Dimr [2026-05-18 18:24:50.378191] #6 >> 16473600.0:    DFlowFM.Update(     3600.00000)
Dimr [2026-05-18 18:24:50.378191] #7 >> 16473600.0:    DFlowFM.Update(     3600.00000)
** INFO   :           0d 17:00:00          1d  7:00:00          0d  0:08:09          0d  0:14:48        372    35.5%    15.78947
Dimr [2026-05-18 18:25:11.461810] #6 >> TIME LOOP    111600.00000 --  16588800.00000 --  16477200.00000
Dimr [2026-05-18 18:25:11.461914] #6 >> TIME LOOP      3600.00000 --  16588800.00000 --  16477200.00000 --         0.00000 
** INFO   :           0d 17:00:00          1d  7:00:00          0d  0:08:09          0d  0:14:48        372    35.5%    15.78947
** INFO   :           0d 17:00:00          1d  7:00:00          0d  0:08:06          0d  0:14:42        372    35.5%    15.78947
Dimr [2026-05-18 18:25:11.463854] #7 >> TIME LOOP    111600.00000 --  16588800.00000 --  16477200.00000
Dimr [2026-05-18 18:25:11.463872] #7 >> TIME LOOP      3600.00000 --  16588800.00000 --  16477200.00000 --         0.00000 
Dimr [2026-05-18 18:25:11.463884] #2 >> TIME LOOP    111600.00000 --  16588800.00000 --  16477200.00000
Dimr [2026-05-18 18:25:11.463910] #2 >> TIME LOOP      3600.00000 --  16588800.00000 --  16477200.00000 --         0.00000 
** INFO   :           0d 17:00:00          1d  7:00:00          0d  0:08:09          0d  0:14:47        372    35.5%    15.78947
Dimr [2026-05-18 18:25:11.464147] #5 >> TIME LOOP    111600.00000 --  16588800.00000 --  16477200.00000
Dimr [2026-05-18 18:25:11.464163] #5 >> TIME LOOP      3600.00000 --  16588800.00000 --  16477200.00000 --         0.00000 
** INFO   :           0d 17:00:00          1d  7:00:00          0d  0:08:09          0d  0:14:47        372    35.5%    15.78947
Dimr [2026-05-18 18:25:11.464282] #4 >> TIME LOOP    111600.00000 --  16588800.00000 --  16477200.00000
Dimr [2026-05-18 18:25:11.464296] #4 >> TIME LOOP      3600.00000 --  16588800.00000 --  16477200.00000 --         0.00000 
** INFO   :           0d 17:00:00          1d  7:00:00          0d  0:08:06          0d  0:14:42        372    35.5%    15.78947
Dimr [2026-05-18 18:25:11.465204] #1 >> TIME LOOP    111600.00000 --  16588800.00000 --  16477200.00000
Dimr [2026-05-18 18:25:11.465223] #1 >> TIME LOOP      3600.00000 --  16588800.00000 --  16477200.00000 --         0.00000 
** INFO   :           0d 17:00:00          1d  7:00:00          0d  0:08:06          0d  0:14:42        372    35.5%    15.78947
Dimr [2026-05-18 18:25:11.465423] #3 >> TIME LOOP    111600.00000 --  16588800.00000 --  16477200.00000
Dimr [2026-05-18 18:25:11.465438] #3 >> TIME LOOP      3600.00000 --  16588800.00000 --  16477200.00000 --         0.00000 
** INFO   :           0d 17:00:00          1d  7:00:00          0d  0:08:06          0d  0:14:41        372    35.5%    15.78947
Dimr [2026-05-18 18:25:11.466330] #0 >> TIME LOOP    111600.00000 --  16588800.00000 --  16477200.00000
Dimr [2026-05-18 18:25:11.466346] #0 >> TIME LOOP      3600.00000 --  16588800.00000 --  16477200.00000 --         0.00000 
Dimr [2026-05-18 18:25:11.466357] #3 >> Parallel Child: Current time:  16477200.00000 -- 0
Dimr [2026-05-18 18:25:11.466357] #4 >> Parallel Child: Current time:  16477200.00000 -- 0
Dimr [2026-05-18 18:25:11.466357] #5 >> Parallel Child: Current time:  16477200.00000 -- 0
Dimr [2026-05-18 18:25:11.466357] #6 >> Parallel Child: Current time:  16477200.00000 -- 0
Dimr [2026-05-18 18:25:11.466357] #7 >> Parallel Child: Current time:  16477200.00000 -- 0
Dimr [2026-05-18 18:25:11.466357] #0 >> Parallel Startgroup: Current time:  16477200.00000 --  16473600.00000
Dimr [2026-05-18 18:25:11.466378] #0 >> 16477200.0:    wave.Update(    3600.0)
*****************************************************************
*  Start of Delft3D-WAVE ...
  Start loop over SWAN grids, time =      274620.000 minutes since 20250101.000000
  Allocate input fields
Dimr [2026-05-18 18:25:11.466357] #1 >> Parallel Child: Current time:  16477200.00000 -- 0
Dimr [2026-05-18 18:25:11.466357] #2 >> Parallel Child: Current time:  16477200.00000 -- 0
  Allocate and read SWAN depth
  Get flow fields, domain 1 :
  Get flow fields, domain 2 :
  Get flow fields, domain 3 :
  Get flow fields, domain 4 :
  Get flow fields, domain 5 :
  Get flow fields, domain 6 :
  Get flow fields, domain 7 :
  Get flow fields, domain 8 :
  Write SWAN depth file
  Write SWAN velocity file
  Write SWAN wind file
  Write SWAN input
  Using SWAN hotstart file: hot_1_20250710_160000.nc
<<Run SWAN...
>>...Check file swan_sh.log
>>...End of SWAN run
  Allocate output fields
  Read SWAN output
  WARNING: Found negative value(s) for dissip(2) in swanout file;
           value(s) set to zero
  Map WAVE parameters to FLOW grid          1
  Map WAVE parameters to FLOW grid          2
  Map WAVE parameters to FLOW grid          3
  Map WAVE parameters to FLOW grid          4
  Map WAVE parameters to FLOW grid          5
  Map WAVE parameters to FLOW grid          6
  Map WAVE parameters to FLOW grid          7
  Map WAVE parameters to FLOW grid          8
  Deallocate input fields
  Allocate input fields
  Allocate and read SWAN depth
  Get flow fields, domain 1 :
  Get flow fields, domain 2 :
  Get flow fields, domain 3 :
  Get flow fields, domain 4 :
  Get flow fields, domain 5 :
  Get flow fields, domain 6 :
  Get flow fields, domain 7 :
  Get flow fields, domain 8 :
  Write SWAN depth file
  Write SWAN velocity file
  Write SWAN wind file
  Write SWAN input
  Using SWAN hotstart file: hot_2_20250710_160000.nc
<<Run SWAN...
>>...Check file swan_sh.log
>>...End of SWAN run
  Allocate output fields
  Read SWAN output
  WARNING: Found negative value(s) for dissip(2) in swanout file;
           value(s) set to zero
  Map WAVE parameters to FLOW grid          1
  Map WAVE parameters to FLOW grid          2
  Map WAVE parameters to FLOW grid          3
  Map WAVE parameters to FLOW grid          4
  Map WAVE parameters to FLOW grid          5
  Map WAVE parameters to FLOW grid          6
  Map WAVE parameters to FLOW grid          7
  Map WAVE parameters to FLOW grid          8
  Deallocate input fields
  Convert parameters
  Write to com-file
  Convert parameters
  Write to com-file
  Convert parameters
  Write to com-file
  Convert parameters
  Write to com-file
  Convert parameters
  Write to com-file
  Convert parameters
  Write to com-file
  Convert parameters
  Write to com-file
  Convert parameters
  Write to com-file
*  End of Delft3D-WAVE
*****************************************************************
Dimr [2026-05-18 18:25:16.565364] #0 >> Parallel Child: Current time:  16477200.00000 -- 0
Dimr [2026-05-18 18:25:16.565396] #0 >> 16477200.0:    DFlowFM.Update(     3600.00000)
Dimr [2026-05-18 18:25:16.565404] #1 >> 16477200.0:    DFlowFM.Update(     3600.00000)
Dimr [2026-05-18 18:25:16.565404] #2 >> 16477200.0:    DFlowFM.Update(     3600.00000)
Dimr [2026-05-18 18:25:16.565404] #3 >> 16477200.0:    DFlowFM.Update(     3600.00000)
Dimr [2026-05-18 18:25:16.565401] #4 >> 16477200.0:    DFlowFM.Update(     3600.00000)
Dimr [2026-05-18 18:25:16.565402] #5 >> 16477200.0:    DFlowFM.Update(     3600.00000)
Dimr [2026-05-18 18:25:16.565400] #6 >> 16477200.0:    DFlowFM.Update(     3600.00000)
Dimr [2026-05-18 18:25:16.565401] #7 >> 16477200.0:    DFlowFM.Update(     3600.00000)
** INFO   :           0d 18:00:00          1d  6:00:00          0d  0:08:30          0d  0:14:07        360    37.6%    15.38462
Dimr [2026-05-18 18:25:38.111715] #6 >> TIME LOOP    108000.00000 --  16588800.00000 --  16480800.00000
Dimr [2026-05-18 18:25:38.111748] #6 >> TIME LOOP      3600.00000 --  16588800.00000 --  16480800.00000 --         0.00000 
** INFO   :           0d 18:00:00          1d  6:00:00          0d  0:08:27          0d  0:14:02        360    37.6%    15.38462
Dimr [2026-05-18 18:25:38.113667] #7 >> TIME LOOP    108000.00000 --  16588800.00000 --  16480800.00000
Dimr [2026-05-18 18:25:38.113685] #7 >> TIME LOOP      3600.00000 --  16588800.00000 --  16480800.00000 --         0.00000 
** INFO   :           0d 18:00:00          1d  6:00:00          0d  0:08:30          0d  0:14:06        360    37.6%    15.38462
Dimr [2026-05-18 18:25:38.113733] #2 >> TIME LOOP    108000.00000 --  16588800.00000 --  16480800.00000
Dimr [2026-05-18 18:25:38.113756] #2 >> TIME LOOP      3600.00000 --  16588800.00000 --  16480800.00000 --         0.00000 
** INFO   :           0d 18:00:00          1d  6:00:00          0d  0:08:30          0d  0:14:06        360    37.6%    15.38462
** INFO   :           0d 18:00:00          1d  6:00:00          0d  0:08:30          0d  0:14:06        360    37.6%    15.38462
Dimr [2026-05-18 18:25:38.114115] #4 >> TIME LOOP    108000.00000 --  16588800.00000 --  16480800.00000
Dimr [2026-05-18 18:25:38.114132] #4 >> TIME LOOP      3600.00000 --  16588800.00000 --  16480800.00000 --         0.00000 
Dimr [2026-05-18 18:25:38.114116] #5 >> TIME LOOP    108000.00000 --  16588800.00000 --  16480800.00000
Dimr [2026-05-18 18:25:38.114132] #5 >> TIME LOOP      3600.00000 --  16588800.00000 --  16480800.00000 --         0.00000 
** INFO   :           0d 18:00:00          1d  6:00:00          0d  0:08:27          0d  0:14:01        360    37.6%    15.38462
Dimr [2026-05-18 18:25:38.115071] #1 >> TIME LOOP    108000.00000 --  16588800.00000 --  16480800.00000
Dimr [2026-05-18 18:25:38.115091] #1 >> TIME LOOP      3600.00000 --  16588800.00000 --  16480800.00000 --         0.00000 
** INFO   :           0d 18:00:00          1d  6:00:00          0d  0:08:27          0d  0:14:01        360    37.6%    15.38462
Dimr [2026-05-18 18:25:38.115362] #3 >> TIME LOOP    108000.00000 --  16588800.00000 --  16480800.00000
Dimr [2026-05-18 18:25:38.115378] #3 >> TIME LOOP      3600.00000 --  16588800.00000 --  16480800.00000 --         0.00000 
** INFO   :           0d 18:00:00          1d  6:00:00          0d  0:08:27          0d  0:14:01        360    37.6%    15.38462
Dimr [2026-05-18 18:25:38.116216] #0 >> TIME LOOP    108000.00000 --  16588800.00000 --  16480800.00000
Dimr [2026-05-18 18:25:38.116232] #0 >> TIME LOOP      3600.00000 --  16588800.00000 --  16480800.00000 --         0.00000 
Dimr [2026-05-18 18:25:38.116243] #6 >> Parallel Child: Current time:  16480800.00000 -- 0
Dimr [2026-05-18 18:25:38.116243] #7 >> Parallel Child: Current time:  16480800.00000 -- 0
Dimr [2026-05-18 18:25:38.116243] #0 >> Parallel Startgroup: Current time:  16480800.00000 --  16477200.00000
Dimr [2026-05-18 18:25:38.116261] #0 >> 16480800.0:    wave.Update(    3600.0)
*****************************************************************
*  Start of Delft3D-WAVE ...
Dimr [2026-05-18 18:25:38.116243] #1 >> Parallel Child: Current time:  16480800.00000 -- 0
Dimr [2026-05-18 18:25:38.116243] #2 >> Parallel Child: Current time:  16480800.00000 -- 0
Dimr [2026-05-18 18:25:38.116243] #3 >> Parallel Child: Current time:  16480800.00000 -- 0
Dimr [2026-05-18 18:25:38.116243] #4 >> Parallel Child: Current time:  16480800.00000 -- 0
Dimr [2026-05-18 18:25:38.116243] #5 >> Parallel Child: Current time:  16480800.00000 -- 0
  Start loop over SWAN grids, time =      274680.000 minutes since 20250101.000000
  Allocate input fields
  Allocate and read SWAN depth
  Get flow fields, domain 1 :
  Get flow fields, domain 2 :
  Get flow fields, domain 3 :
  Get flow fields, domain 4 :
  Get flow fields, domain 5 :
  Get flow fields, domain 6 :
  Get flow fields, domain 7 :
  Get flow fields, domain 8 :
  Write SWAN depth file
  Write SWAN velocity file
  Write SWAN wind file
  Write SWAN input
  Using SWAN hotstart file: hot_1_20250710_170000.nc
<<Run SWAN...
>>...Check file swan_sh.log
>>...End of SWAN run
  Allocate output fields
  Read SWAN output
  WARNING: Found negative value(s) for dissip(2) in swanout file;
           value(s) set to zero
  Map WAVE parameters to FLOW grid          1
  Map WAVE parameters to FLOW grid          2
  Map WAVE parameters to FLOW grid          3
  Map WAVE parameters to FLOW grid          4
  Map WAVE parameters to FLOW grid          5
  Map WAVE parameters to FLOW grid          6
  Map WAVE parameters to FLOW grid          7
  Map WAVE parameters to FLOW grid          8
  Deallocate input fields
  Allocate input fields
  Allocate and read SWAN depth
  Get flow fields, domain 1 :
  Get flow fields, domain 2 :
  Get flow fields, domain 3 :
  Get flow fields, domain 4 :
  Get flow fields, domain 5 :
  Get flow fields, domain 6 :
  Get flow fields, domain 7 :
  Get flow fields, domain 8 :
  Write SWAN depth file
  Write SWAN velocity file
  Write SWAN wind file
  Write SWAN input
  Using SWAN hotstart file: hot_2_20250710_170000.nc
<<Run SWAN...
>>...Check file swan_sh.log
>>...End of SWAN run
  Allocate output fields
  Read SWAN output
  WARNING: Found negative value(s) for dissip(2) in swanout file;
           value(s) set to zero
  Map WAVE parameters to FLOW grid          1
  Map WAVE parameters to FLOW grid          2
  Map WAVE parameters to FLOW grid          3
  Map WAVE parameters to FLOW grid          4
  Map WAVE parameters to FLOW grid          5
  Map WAVE parameters to FLOW grid          6
  Map WAVE parameters to FLOW grid          7
  Map WAVE parameters to FLOW grid          8
  Deallocate input fields
  Convert parameters
  Write to com-file
  Convert parameters
  Write to com-file
  Convert parameters
  Write to com-file
  Convert parameters
  Write to com-file
  Convert parameters
  Write to com-file
  Convert parameters
  Write to com-file
  Convert parameters
  Write to com-file
  Convert parameters
  Write to com-file
*  End of Delft3D-WAVE
*****************************************************************
Dimr [2026-05-18 18:25:43.928436] #0 >> Parallel Child: Current time:  16480800.00000 -- 0
Dimr [2026-05-18 18:25:43.928486] #0 >> 16480800.0:    DFlowFM.Update(     3600.00000)
Dimr [2026-05-18 18:25:43.928491] #1 >> 16480800.0:    DFlowFM.Update(     3600.00000)
Dimr [2026-05-18 18:25:43.928492] #2 >> 16480800.0:    DFlowFM.Update(     3600.00000)
Dimr [2026-05-18 18:25:43.928491] #3 >> 16480800.0:    DFlowFM.Update(     3600.00000)
Dimr [2026-05-18 18:25:43.928488] #4 >> 16480800.0:    DFlowFM.Update(     3600.00000)
Dimr [2026-05-18 18:25:43.928489] #5 >> 16480800.0:    DFlowFM.Update(     3600.00000)
Dimr [2026-05-18 18:25:43.928497] #6 >> 16480800.0:    DFlowFM.Update(     3600.00000)
Dimr [2026-05-18 18:25:43.928489] #7 >> 16480800.0:    DFlowFM.Update(     3600.00000)
** INFO   :           0d 19:00:00          1d  5:00:00          0d  0:08:54          0d  0:13:32        348    39.7%    13.58491
Dimr [2026-05-18 18:26:07.910449] #6 >> TIME LOOP    104400.00000 --  16588800.00000 --  16484400.00000
Dimr [2026-05-18 18:26:07.910564] #6 >> TIME LOOP      3600.00000 --  16588800.00000 --  16484400.00000 --         0.00000 
** INFO   :           0d 19:00:00          1d  5:00:00          0d  0:08:54          0d  0:13:31        348    39.7%    13.58491
Dimr [2026-05-18 18:26:07.912240] #2 >> TIME LOOP    104400.00000 --  16588800.00000 --  16484400.00000
Dimr [2026-05-18 18:26:07.912265] #2 >> TIME LOOP      3600.00000 --  16588800.00000 --  16484400.00000 --         0.00000 
** INFO   :           0d 19:00:00          1d  5:00:00          0d  0:08:51          0d  0:13:26        348    39.7%    13.58491
Dimr [2026-05-18 18:26:07.912528] #7 >> TIME LOOP    104400.00000 --  16588800.00000 --  16484400.00000
Dimr [2026-05-18 18:26:07.912546] #7 >> TIME LOOP      3600.00000 --  16588800.00000 --  16484400.00000 --         0.00000 
** INFO   :           0d 19:00:00          1d  5:00:00          0d  0:08:54          0d  0:13:31        348    39.7%    13.58491
Dimr [2026-05-18 18:26:07.912944] #5 >> TIME LOOP    104400.00000 --  16588800.00000 --  16484400.00000
Dimr [2026-05-18 18:26:07.912959] #5 >> TIME LOOP      3600.00000 --  16588800.00000 --  16484400.00000 --         0.00000 
** INFO   :           0d 19:00:00          1d  5:00:00          0d  0:08:54          0d  0:13:31        348    39.7%    13.58491
Dimr [2026-05-18 18:26:07.913021] #4 >> TIME LOOP    104400.00000 --  16588800.00000 --  16484400.00000
Dimr [2026-05-18 18:26:07.913036] #4 >> TIME LOOP      3600.00000 --  16588800.00000 --  16484400.00000 --         0.00000 
** INFO   :           0d 19:00:00          1d  5:00:00          0d  0:08:50          0d  0:13:26        348    39.7%    13.58491
Dimr [2026-05-18 18:26:07.913670] #1 >> TIME LOOP    104400.00000 --  16588800.00000 --  16484400.00000
Dimr [2026-05-18 18:26:07.913689] #1 >> TIME LOOP      3600.00000 --  16588800.00000 --  16484400.00000 --         0.00000 
** INFO   :           0d 19:00:00          1d  5:00:00          0d  0:08:50          0d  0:13:26        348    39.7%    13.58491
Dimr [2026-05-18 18:26:07.913841] #3 >> TIME LOOP    104400.00000 --  16588800.00000 --  16484400.00000
Dimr [2026-05-18 18:26:07.913856] #3 >> TIME LOOP      3600.00000 --  16588800.00000 --  16484400.00000 --         0.00000 
** INFO   :           0d 19:00:00          1d  5:00:00          0d  0:08:50          0d  0:13:25        348    39.7%    13.58491
Dimr [2026-05-18 18:26:07.914787] #0 >> TIME LOOP    104400.00000 --  16588800.00000 --  16484400.00000
Dimr [2026-05-18 18:26:07.914803] #0 >> TIME LOOP      3600.00000 --  16588800.00000 --  16484400.00000 --         0.00000 
Dimr [2026-05-18 18:26:07.914815] #0 >> Parallel Startgroup: Current time:  16484400.00000 --  16480800.00000
Dimr [2026-05-18 18:26:07.914815] #1 >> Parallel Child: Current time:  16484400.00000 -- 0
Dimr [2026-05-18 18:26:07.914815] #2 >> Parallel Child: Current time:  16484400.00000 -- 0
Dimr [2026-05-18 18:26:07.914815] #3 >> Parallel Child: Current time:  16484400.00000 -- 0
Dimr [2026-05-18 18:26:07.914815] #4 >> Parallel Child: Current time:  16484400.00000 -- 0
Dimr [2026-05-18 18:26:07.914815] #5 >> Parallel Child: Current time:  16484400.00000 -- 0
Dimr [2026-05-18 18:26:07.914815] #6 >> Parallel Child: Current time:  16484400.00000 -- 0
Dimr [2026-05-18 18:26:07.914815] #7 >> Parallel Child: Current time:  16484400.00000 -- 0
Dimr [2026-05-18 18:26:07.914831] #0 >> 16484400.0:    wave.Update(    3600.0)
*****************************************************************
*  Start of Delft3D-WAVE ...
  Start loop over SWAN grids, time =      274740.000 minutes since 20250101.000000
  Allocate input fields
  Allocate and read SWAN depth
  Get flow fields, domain 1 :
  Get flow fields, domain 2 :
  Get flow fields, domain 3 :
  Get flow fields, domain 4 :
  Get flow fields, domain 5 :
  Get flow fields, domain 6 :
  Get flow fields, domain 7 :
  Get flow fields, domain 8 :
  Write SWAN depth file
  Write SWAN velocity file
  Write SWAN wind file
  Write SWAN input
  Using SWAN hotstart file: hot_1_20250710_180000.nc
<<Run SWAN...
>>...Check file swan_sh.log
>>...End of SWAN run
  Allocate output fields
  Read SWAN output
  Map WAVE parameters to FLOW grid          1
  Map WAVE parameters to FLOW grid          2
  Map WAVE parameters to FLOW grid          3
  Map WAVE parameters to FLOW grid          4
  Map WAVE parameters to FLOW grid          5
  Map WAVE parameters to FLOW grid          6
  Map WAVE parameters to FLOW grid          7
  Map WAVE parameters to FLOW grid          8
  Deallocate input fields
  Allocate input fields
  Allocate and read SWAN depth
  Get flow fields, domain 1 :
  Get flow fields, domain 2 :
  Get flow fields, domain 3 :
  Get flow fields, domain 4 :
  Get flow fields, domain 5 :
  Get flow fields, domain 6 :
  Get flow fields, domain 7 :
  Get flow fields, domain 8 :
  Write SWAN depth file
  Write SWAN velocity file
  Write SWAN wind file
  Write SWAN input
  Using SWAN hotstart file: hot_2_20250710_180000.nc
<<Run SWAN...
>>...Check file swan_sh.log
>>...End of SWAN run
  Allocate output fields
  Read SWAN output
  WARNING: Found negative value(s) for dissip(2) in swanout file;
           value(s) set to zero
  Map WAVE parameters to FLOW grid          1
  Map WAVE parameters to FLOW grid          2
  Map WAVE parameters to FLOW grid          3
  Map WAVE parameters to FLOW grid          4
  Map WAVE parameters to FLOW grid          5
  Map WAVE parameters to FLOW grid          6
  Map WAVE parameters to FLOW grid          7
  Map WAVE parameters to FLOW grid          8
  Deallocate input fields
  Convert parameters
  Write to com-file
  Convert parameters
  Write to com-file
  Convert parameters
  Write to com-file
  Convert parameters
  Write to com-file
  Convert parameters
  Write to com-file
  Convert parameters
  Write to com-file
  Convert parameters
  Write to com-file
  Convert parameters
  Write to com-file
*  End of Delft3D-WAVE
*****************************************************************
Dimr [2026-05-18 18:26:13.836970] #0 >> Parallel Child: Current time:  16484400.00000 -- 0
Dimr [2026-05-18 18:26:13.837018] #0 >> 16484400.0:    DFlowFM.Update(     3600.00000)
Dimr [2026-05-18 18:26:13.837027] #1 >> 16484400.0:    DFlowFM.Update(     3600.00000)
Dimr [2026-05-18 18:26:13.837027] #2 >> 16484400.0:    DFlowFM.Update(     3600.00000)
Dimr [2026-05-18 18:26:13.837027] #3 >> 16484400.0:    DFlowFM.Update(     3600.00000)
Dimr [2026-05-18 18:26:13.837025] #4 >> 16484400.0:    DFlowFM.Update(     3600.00000)
Dimr [2026-05-18 18:26:13.837024] #5 >> 16484400.0:    DFlowFM.Update(     3600.00000)
Dimr [2026-05-18 18:26:13.837023] #6 >> 16484400.0:    DFlowFM.Update(     3600.00000)
Dimr [2026-05-18 18:26:13.837022] #7 >> 16484400.0:    DFlowFM.Update(     3600.00000)
** INFO   :           0d 20:00:00          1d  4:00:00          0d  0:09:19          0d  0:13:00        336    41.8%    12.50000
Dimr [2026-05-18 18:26:39.746781] #6 >> TIME LOOP    100800.00000 --  16588800.00000 --  16488000.00000
Dimr [2026-05-18 18:26:39.746809] #6 >> TIME LOOP      3600.00000 --  16588800.00000 --  16488000.00000 --         0.00000 
** INFO   :           0d 20:00:00          1d  4:00:00          0d  0:09:19          0d  0:13:00        336    41.8%    12.50000
Dimr [2026-05-18 18:26:39.748800] #2 >> TIME LOOP    100800.00000 --  16588800.00000 --  16488000.00000
Dimr [2026-05-18 18:26:39.748826] #2 >> TIME LOOP      3600.00000 --  16588800.00000 --  16488000.00000 --         0.00000 
** INFO   :           0d 20:00:00          1d  4:00:00          0d  0:09:16          0d  0:12:55        336    41.8%    12.50000
Dimr [2026-05-18 18:26:39.748915] #7 >> TIME LOOP    100800.00000 --  16588800.00000 --  16488000.00000
Dimr [2026-05-18 18:26:39.748937] #7 >> TIME LOOP      3600.00000 --  16588800.00000 --  16488000.00000 --         0.00000 
** INFO   :           0d 20:00:00          1d  4:00:00          0d  0:09:19          0d  0:12:59        336    41.8%    12.50000
Dimr [2026-05-18 18:26:39.749346] #5 >> TIME LOOP    100800.00000 --  16588800.00000 --  16488000.00000
Dimr [2026-05-18 18:26:39.749361] #5 >> TIME LOOP      3600.00000 --  16588800.00000 --  16488000.00000 --         0.00000 
** INFO   :           0d 20:00:00          1d  4:00:00          0d  0:09:19          0d  0:13:00        336    41.8%    12.50000
Dimr [2026-05-18 18:26:39.749444] #4 >> TIME LOOP    100800.00000 --  16588800.00000 --  16488000.00000
Dimr [2026-05-18 18:26:39.749458] #4 >> TIME LOOP      3600.00000 --  16588800.00000 --  16488000.00000 --         0.00000 
** INFO   :           0d 20:00:00          1d  4:00:00          0d  0:09:16          0d  0:12:55        336    41.8%    12.50000
Dimr [2026-05-18 18:26:39.750184] #1 >> TIME LOOP    100800.00000 --  16588800.00000 --  16488000.00000
Dimr [2026-05-18 18:26:39.750202] #1 >> TIME LOOP      3600.00000 --  16588800.00000 --  16488000.00000 --         0.00000 
** INFO   :           0d 20:00:00          1d  4:00:00          0d  0:09:16          0d  0:12:55        336    41.8%    12.50000
Dimr [2026-05-18 18:26:39.750314] #3 >> TIME LOOP    100800.00000 --  16588800.00000 --  16488000.00000
Dimr [2026-05-18 18:26:39.750329] #3 >> TIME LOOP      3600.00000 --  16588800.00000 --  16488000.00000 --         0.00000 
** INFO   :           0d 20:00:00          1d  4:00:00          0d  0:09:15          0d  0:12:54        336    41.8%    12.50000
Dimr [2026-05-18 18:26:39.751428] #0 >> TIME LOOP    100800.00000 --  16588800.00000 --  16488000.00000
Dimr [2026-05-18 18:26:39.751444] #0 >> TIME LOOP      3600.00000 --  16588800.00000 --  16488000.00000 --         0.00000 
Dimr [2026-05-18 18:26:39.751456] #3 >> Parallel Child: Current time:  16488000.00000 -- 0
Dimr [2026-05-18 18:26:39.751456] #7 >> Parallel Child: Current time:  16488000.00000 -- 0
Dimr [2026-05-18 18:26:39.751456] #0 >> Parallel Startgroup: Current time:  16488000.00000 --  16484400.00000
Dimr [2026-05-18 18:26:39.751473] #0 >> 16488000.0:    wave.Update(    3600.0)
*****************************************************************
*  Start of Delft3D-WAVE ...
Dimr [2026-05-18 18:26:39.751456] #1 >> Parallel Child: Current time:  16488000.00000 -- 0
Dimr [2026-05-18 18:26:39.751456] #2 >> Parallel Child: Current time:  16488000.00000 -- 0
Dimr [2026-05-18 18:26:39.751456] #4 >> Parallel Child: Current time:  16488000.00000 -- 0
Dimr [2026-05-18 18:26:39.751456] #5 >> Parallel Child: Current time:  16488000.00000 -- 0
Dimr [2026-05-18 18:26:39.751456] #6 >> Parallel Child: Current time:  16488000.00000 -- 0
  Start loop over SWAN grids, time =      274800.000 minutes since 20250101.000000
  Allocate input fields
  Allocate and read SWAN depth
  Get flow fields, domain 1 :
  Get flow fields, domain 2 :
  Get flow fields, domain 3 :
  Get flow fields, domain 4 :
  Get flow fields, domain 5 :
  Get flow fields, domain 6 :
  Get flow fields, domain 7 :
  Get flow fields, domain 8 :
  Write SWAN depth file
  Write SWAN velocity file
  Write SWAN wind file
  Write SWAN input
  Using SWAN hotstart file: hot_1_20250710_190000.nc
<<Run SWAN...
>>...Check file swan_sh.log
>>...End of SWAN run
  Allocate output fields
  Read SWAN output
  WARNING: Found negative value(s) for dissip(2) in swanout file;
           value(s) set to zero
  Map WAVE parameters to FLOW grid          1
  Map WAVE parameters to FLOW grid          2
  Map WAVE parameters to FLOW grid          3
  Map WAVE parameters to FLOW grid          4
  Map WAVE parameters to FLOW grid          5
  Map WAVE parameters to FLOW grid          6
  Map WAVE parameters to FLOW grid          7
  Map WAVE parameters to FLOW grid          8
  Deallocate input fields
  Allocate input fields
  Allocate and read SWAN depth
  Get flow fields, domain 1 :
  Get flow fields, domain 2 :
  Get flow fields, domain 3 :
  Get flow fields, domain 4 :
  Get flow fields, domain 5 :
  Get flow fields, domain 6 :
  Get flow fields, domain 7 :
  Get flow fields, domain 8 :
  Write SWAN depth file
  Write SWAN velocity file
  Write SWAN wind file
  Write SWAN input
  Using SWAN hotstart file: hot_2_20250710_190000.nc
<<Run SWAN...
>>...Check file swan_sh.log
>>...End of SWAN run
  Allocate output fields
  Read SWAN output
  WARNING: Found negative value(s) for dissip(2) in swanout file;
           value(s) set to zero
  Map WAVE parameters to FLOW grid          1
  Map WAVE parameters to FLOW grid          2
  Map WAVE parameters to FLOW grid          3
  Map WAVE parameters to FLOW grid          4
  Map WAVE parameters to FLOW grid          5
  Map WAVE parameters to FLOW grid          6
  Map WAVE parameters to FLOW grid          7
  Map WAVE parameters to FLOW grid          8
  Deallocate input fields
  Convert parameters
  Write to com-file
  Convert parameters
  Write to com-file
  Convert parameters
  Write to com-file
  Convert parameters
  Write to com-file
  Convert parameters
  Write to com-file
  Convert parameters
  Write to com-file
  Convert parameters
  Write to com-file
  Convert parameters
  Write to com-file
*  End of Delft3D-WAVE
*****************************************************************
Dimr [2026-05-18 18:26:45.723456] #0 >> Parallel Child: Current time:  16488000.00000 -- 0
Dimr [2026-05-18 18:26:45.723505] #0 >> 16488000.0:    DFlowFM.Update(     3600.00000)
Dimr [2026-05-18 18:26:45.723511] #1 >> 16488000.0:    DFlowFM.Update(     3600.00000)
Dimr [2026-05-18 18:26:45.723511] #2 >> 16488000.0:    DFlowFM.Update(     3600.00000)
Dimr [2026-05-18 18:26:45.723512] #3 >> 16488000.0:    DFlowFM.Update(     3600.00000)
Dimr [2026-05-18 18:26:45.723507] #4 >> 16488000.0:    DFlowFM.Update(     3600.00000)
Dimr [2026-05-18 18:26:45.723507] #5 >> 16488000.0:    DFlowFM.Update(     3600.00000)
Dimr [2026-05-18 18:26:45.723514] #6 >> 16488000.0:    DFlowFM.Update(     3600.00000)
Dimr [2026-05-18 18:26:45.723507] #7 >> 16488000.0:    DFlowFM.Update(     3600.00000)
** INFO   :           0d 21:00:00          1d  3:00:00          0d  0:09:44          0d  0:12:28        324    43.8%    12.50000
Dimr [2026-05-18 18:27:11.109827] #6 >> TIME LOOP     97200.00000 --  16588800.00000 --  16491600.00000
Dimr [2026-05-18 18:27:11.109854] #6 >> TIME LOOP      3600.00000 --  16588800.00000 --  16491600.00000 --         0.00000 
** INFO   :           0d 21:00:00          1d  3:00:00          0d  0:09:44          0d  0:12:28        324    43.8%    12.50000
Dimr [2026-05-18 18:27:11.111432] #2 >> TIME LOOP     97200.00000 --  16588800.00000 --  16491600.00000
Dimr [2026-05-18 18:27:11.111456] #2 >> TIME LOOP      3600.00000 --  16588800.00000 --  16491600.00000 --         0.00000 
** INFO   :           0d 21:00:00          1d  3:00:00          0d  0:09:41          0d  0:12:24        324    43.8%    12.50000
Dimr [2026-05-18 18:27:11.111853] #7 >> TIME LOOP     97200.00000 --  16588800.00000 --  16491600.00000
Dimr [2026-05-18 18:27:11.111871] #7 >> TIME LOOP      3600.00000 --  16588800.00000 --  16491600.00000 --         0.00000 
** INFO   :           0d 21:00:00          1d  3:00:00          0d  0:09:44          0d  0:12:28        324    43.8%    12.50000
Dimr [2026-05-18 18:27:11.112251] #5 >> TIME LOOP     97200.00000 --  16588800.00000 --  16491600.00000
Dimr [2026-05-18 18:27:11.112267] #5 >> TIME LOOP      3600.00000 --  16588800.00000 --  16491600.00000 --         0.00000 
** INFO   :           0d 21:00:00          1d  3:00:00          0d  0:09:44          0d  0:12:28        324    43.8%    12.50000
Dimr [2026-05-18 18:27:11.112336] #4 >> TIME LOOP     97200.00000 --  16588800.00000 --  16491600.00000
Dimr [2026-05-18 18:27:11.112351] #4 >> TIME LOOP      3600.00000 --  16588800.00000 --  16491600.00000 --         0.00000 
** INFO   :           0d 21:00:00          1d  3:00:00          0d  0:09:40          0d  0:12:23        324    43.8%    12.50000
Dimr [2026-05-18 18:27:11.112903] #1 >> TIME LOOP     97200.00000 --  16588800.00000 --  16491600.00000
Dimr [2026-05-18 18:27:11.112923] #1 >> TIME LOOP      3600.00000 --  16588800.00000 --  16491600.00000 --         0.00000 
** INFO   :           0d 21:00:00          1d  3:00:00          0d  0:09:41          0d  0:12:23        324    43.8%    12.50000
Dimr [2026-05-18 18:27:11.113099] #3 >> TIME LOOP     97200.00000 --  16588800.00000 --  16491600.00000
Dimr [2026-05-18 18:27:11.113115] #3 >> TIME LOOP      3600.00000 --  16588800.00000 --  16491600.00000 --         0.00000 
** INFO   :           0d 21:00:00          1d  3:00:00          0d  0:09:40          0d  0:12:23        324    43.8%    12.50000
Dimr [2026-05-18 18:27:11.113981] #0 >> TIME LOOP     97200.00000 --  16588800.00000 --  16491600.00000
Dimr [2026-05-18 18:27:11.113998] #0 >> TIME LOOP      3600.00000 --  16588800.00000 --  16491600.00000 --         0.00000 
Dimr [2026-05-18 18:27:11.114010] #4 >> Parallel Child: Current time:  16491600.00000 -- 0
Dimr [2026-05-18 18:27:11.114010] #5 >> Parallel Child: Current time:  16491600.00000 -- 0
Dimr [2026-05-18 18:27:11.114010] #6 >> Parallel Child: Current time:  16491600.00000 -- 0
Dimr [2026-05-18 18:27:11.114010] #7 >> Parallel Child: Current time:  16491600.00000 -- 0
Dimr [2026-05-18 18:27:11.114009] #0 >> Parallel Startgroup: Current time:  16491600.00000 --  16488000.00000
Dimr [2026-05-18 18:27:11.114028] #0 >> 16491600.0:    wave.Update(    3600.0)
*****************************************************************
*  Start of Delft3D-WAVE ...
  Start loop over SWAN grids, time =      274860.000 minutes since 20250101.000000
  Allocate input fields
Dimr [2026-05-18 18:27:11.114009] #1 >> Parallel Child: Current time:  16491600.00000 -- 0
Dimr [2026-05-18 18:27:11.114009] #2 >> Parallel Child: Current time:  16491600.00000 -- 0
Dimr [2026-05-18 18:27:11.114009] #3 >> Parallel Child: Current time:  16491600.00000 -- 0
  Allocate and read SWAN depth
  Get flow fields, domain 1 :
  Get flow fields, domain 2 :
  Get flow fields, domain 3 :
  Get flow fields, domain 4 :
  Get flow fields, domain 5 :
  Get flow fields, domain 6 :
  Get flow fields, domain 7 :
  Get flow fields, domain 8 :
  Write SWAN depth file
  Write SWAN velocity file
  Write SWAN wind file
  Write SWAN input
  Using SWAN hotstart file: hot_1_20250710_200000.nc
<<Run SWAN...
>>...Check file swan_sh.log
>>...End of SWAN run
  Allocate output fields
  Read SWAN output
  WARNING: Found negative value(s) for dissip(2) in swanout file;
           value(s) set to zero
  Map WAVE parameters to FLOW grid          1
  Map WAVE parameters to FLOW grid          2
  Map WAVE parameters to FLOW grid          3
  Map WAVE parameters to FLOW grid          4
  Map WAVE parameters to FLOW grid          5
  Map WAVE parameters to FLOW grid          6
  Map WAVE parameters to FLOW grid          7
  Map WAVE parameters to FLOW grid          8
  Deallocate input fields
  Allocate input fields
  Allocate and read SWAN depth
  Get flow fields, domain 1 :
  Get flow fields, domain 2 :
  Get flow fields, domain 3 :
  Get flow fields, domain 4 :
  Get flow fields, domain 5 :
  Get flow fields, domain 6 :
  Get flow fields, domain 7 :
  Get flow fields, domain 8 :
  Write SWAN depth file
  Write SWAN velocity file
  Write SWAN wind file
  Write SWAN input
  Using SWAN hotstart file: hot_2_20250710_200000.nc
<<Run SWAN...
>>...Check file swan_sh.log
>>...End of SWAN run
  Allocate output fields
  Read SWAN output
  WARNING: Found negative value(s) for dissip(2) in swanout file;
           value(s) set to zero
  Map WAVE parameters to FLOW grid          1
  Map WAVE parameters to FLOW grid          2
  Map WAVE parameters to FLOW grid          3
  Map WAVE parameters to FLOW grid          4
  Map WAVE parameters to FLOW grid          5
  Map WAVE parameters to FLOW grid          6
  Map WAVE parameters to FLOW grid          7
  Map WAVE parameters to FLOW grid          8
  Deallocate input fields
  Convert parameters
  Write to com-file
  Convert parameters
  Write to com-file
  Convert parameters
  Write to com-file
  Convert parameters
  Write to com-file
  Convert parameters
  Write to com-file
  Convert parameters
  Write to com-file
  Convert parameters
  Write to com-file
  Convert parameters
  Write to com-file
*  End of Delft3D-WAVE
*****************************************************************
Dimr [2026-05-18 18:27:17.810765] #0 >> Parallel Child: Current time:  16491600.00000 -- 0
Dimr [2026-05-18 18:27:17.810811] #0 >> 16491600.0:    DFlowFM.Update(     3600.00000)
Dimr [2026-05-18 18:27:17.810819] #1 >> 16491600.0:    DFlowFM.Update(     3600.00000)
Dimr [2026-05-18 18:27:17.810820] #2 >> 16491600.0:    DFlowFM.Update(     3600.00000)
Dimr [2026-05-18 18:27:17.810820] #3 >> 16491600.0:    DFlowFM.Update(     3600.00000)
Dimr [2026-05-18 18:27:17.810816] #4 >> 16491600.0:    DFlowFM.Update(     3600.00000)
Dimr [2026-05-18 18:27:17.810815] #5 >> 16491600.0:    DFlowFM.Update(     3600.00000)
Dimr [2026-05-18 18:27:17.810817] #6 >> 16491600.0:    DFlowFM.Update(     3600.00000)
Dimr [2026-05-18 18:27:17.810816] #7 >> 16491600.0:    DFlowFM.Update(     3600.00000)
** INFO   :           0d 22:00:00          1d  2:00:00          0d  0:10:13          0d  0:12:02        312    45.9%    10.94225
Dimr [2026-05-18 18:27:46.661501] #6 >> TIME LOOP     93600.00000 --  16588800.00000 --  16495200.00000
Dimr [2026-05-18 18:27:46.661529] #6 >> TIME LOOP      3600.00000 --  16588800.00000 --  16495200.00000 --         0.00000 
** INFO   :           0d 22:00:00          1d  2:00:00          0d  0:10:13          0d  0:12:01        312    45.9%    10.94225
Dimr [2026-05-18 18:27:46.663272] #2 >> TIME LOOP     93600.00000 --  16588800.00000 --  16495200.00000
Dimr [2026-05-18 18:27:46.663296] #2 >> TIME LOOP      3600.00000 --  16588800.00000 --  16495200.00000 --         0.00000 
** INFO   :           0d 22:00:00          1d  2:00:00          0d  0:10:09          0d  0:11:57        312    45.9%    10.94225
Dimr [2026-05-18 18:27:46.663575] #7 >> TIME LOOP     93600.00000 --  16588800.00000 --  16495200.00000
Dimr [2026-05-18 18:27:46.663594] #7 >> TIME LOOP      3600.00000 --  16588800.00000 --  16495200.00000 --         0.00000 
** INFO   :           0d 22:00:00          1d  2:00:00          0d  0:10:12          0d  0:12:01        312    45.9%    10.94225
Dimr [2026-05-18 18:27:46.663842] #5 >> TIME LOOP     93600.00000 --  16588800.00000 --  16495200.00000
Dimr [2026-05-18 18:27:46.663857] #5 >> TIME LOOP      3600.00000 --  16588800.00000 --  16495200.00000 --         0.00000 
** INFO   :           0d 22:00:00          1d  2:00:00          0d  0:10:12          0d  0:12:01        312    45.9%    10.94225
** INFO   :           0d 22:00:00          1d  2:00:00          0d  0:10:09          0d  0:11:57        312    45.9%    10.94225
Dimr [2026-05-18 18:27:46.664533] #4 >> TIME LOOP     93600.00000 --  16588800.00000 --  16495200.00000
Dimr [2026-05-18 18:27:46.664548] #4 >> TIME LOOP      3600.00000 --  16588800.00000 --  16495200.00000 --         0.00000 
Dimr [2026-05-18 18:27:46.664587] #1 >> TIME LOOP     93600.00000 --  16588800.00000 --  16495200.00000
Dimr [2026-05-18 18:27:46.664610] #1 >> TIME LOOP      3600.00000 --  16588800.00000 --  16495200.00000 --         0.00000 
** INFO   :           0d 22:00:00          1d  2:00:00          0d  0:10:09          0d  0:11:57        312    45.9%    10.94225
Dimr [2026-05-18 18:27:46.664832] #3 >> TIME LOOP     93600.00000 --  16588800.00000 --  16495200.00000
Dimr [2026-05-18 18:27:46.664848] #3 >> TIME LOOP      3600.00000 --  16588800.00000 --  16495200.00000 --         0.00000 
** INFO   :           0d 22:00:00          1d  2:00:00          0d  0:10:08          0d  0:11:56        312    45.9%    10.94225
Dimr [2026-05-18 18:27:46.665698] #0 >> TIME LOOP     93600.00000 --  16588800.00000 --  16495200.00000
Dimr [2026-05-18 18:27:46.665714] #0 >> TIME LOOP      3600.00000 --  16588800.00000 --  16495200.00000 --         0.00000 
Dimr [2026-05-18 18:27:46.665731] #1 >> Parallel Child: Current time:  16495200.00000 -- 0
Dimr [2026-05-18 18:27:46.665730] #2 >> Parallel Child: Current time:  16495200.00000 -- 0
Dimr [2026-05-18 18:27:46.665731] #3 >> Parallel Child: Current time:  16495200.00000 -- 0
Dimr [2026-05-18 18:27:46.665731] #4 >> Parallel Child: Current time:  16495200.00000 -- 0
Dimr [2026-05-18 18:27:46.665731] #5 >> Parallel Child: Current time:  16495200.00000 -- 0
Dimr [2026-05-18 18:27:46.665731] #6 >> Parallel Child: Current time:  16495200.00000 -- 0
Dimr [2026-05-18 18:27:46.665731] #7 >> Parallel Child: Current time:  16495200.00000 -- 0
Dimr [2026-05-18 18:27:46.665731] #0 >> Parallel Startgroup: Current time:  16495200.00000 --  16491600.00000
Dimr [2026-05-18 18:27:46.665750] #0 >> 16495200.0:    wave.Update(    3600.0)
*****************************************************************
*  Start of Delft3D-WAVE ...
  Start loop over SWAN grids, time =      274920.000 minutes since 20250101.000000
  Allocate input fields
  Allocate and read SWAN depth
  Get flow fields, domain 1 :
  Get flow fields, domain 2 :
  Get flow fields, domain 3 :
  Get flow fields, domain 4 :
  Get flow fields, domain 5 :
  Get flow fields, domain 6 :
  Get flow fields, domain 7 :
  Get flow fields, domain 8 :
  Write SWAN depth file
  Write SWAN velocity file
  Write SWAN wind file
  Write SWAN input
  Using SWAN hotstart file: hot_1_20250710_210000.nc
<<Run SWAN...
>>...Check file swan_sh.log
>>...End of SWAN run
  Allocate output fields
  Read SWAN output
  WARNING: Found negative value(s) for dissip(2) in swanout file;
           value(s) set to zero
  Map WAVE parameters to FLOW grid          1
  Map WAVE parameters to FLOW grid          2
  Map WAVE parameters to FLOW grid          3
  Map WAVE parameters to FLOW grid          4
  Map WAVE parameters to FLOW grid          5
  Map WAVE parameters to FLOW grid          6
  Map WAVE parameters to FLOW grid          7
  Map WAVE parameters to FLOW grid          8
  Deallocate input fields
  Allocate input fields
  Allocate and read SWAN depth
  Get flow fields, domain 1 :
  Get flow fields, domain 2 :
  Get flow fields, domain 3 :
  Get flow fields, domain 4 :
  Get flow fields, domain 5 :
  Get flow fields, domain 6 :
  Get flow fields, domain 7 :
  Get flow fields, domain 8 :
  Write SWAN depth file
  Write SWAN velocity file
  Write SWAN wind file
  Write SWAN input
  Using SWAN hotstart file: hot_2_20250710_210000.nc
<<Run SWAN...
>>...Check file swan_sh.log
>>...End of SWAN run
  Allocate output fields
  Read SWAN output
  WARNING: Found negative value(s) for dissip(2) in swanout file;
           value(s) set to zero
  Map WAVE parameters to FLOW grid          1
  Map WAVE parameters to FLOW grid          2
  Map WAVE parameters to FLOW grid          3
  Map WAVE parameters to FLOW grid          4
  Map WAVE parameters to FLOW grid          5
  Map WAVE parameters to FLOW grid          6
  Map WAVE parameters to FLOW grid          7
  Map WAVE parameters to FLOW grid          8
  Deallocate input fields
  Convert parameters
  Write to com-file
  Convert parameters
  Write to com-file
  Convert parameters
  Write to com-file
  Convert parameters
  Write to com-file
  Convert parameters
  Write to com-file
  Convert parameters
  Write to com-file
  Convert parameters
  Write to com-file
  Convert parameters
  Write to com-file
*  End of Delft3D-WAVE
*****************************************************************
Dimr [2026-05-18 18:27:51.718829] #0 >> Parallel Child: Current time:  16495200.00000 -- 0
Dimr [2026-05-18 18:27:51.718877] #0 >> 16495200.0:    DFlowFM.Update(     3600.00000)
Dimr [2026-05-18 18:27:51.718884] #1 >> 16495200.0:    DFlowFM.Update(     3600.00000)
Dimr [2026-05-18 18:27:51.718884] #2 >> 16495200.0:    DFlowFM.Update(     3600.00000)
Dimr [2026-05-18 18:27:51.718884] #3 >> 16495200.0:    DFlowFM.Update(     3600.00000)
Dimr [2026-05-18 18:27:51.718882] #4 >> 16495200.0:    DFlowFM.Update(     3600.00000)
Dimr [2026-05-18 18:27:51.718881] #5 >> 16495200.0:    DFlowFM.Update(     3600.00000)
Dimr [2026-05-18 18:27:51.718880] #6 >> 16495200.0:    DFlowFM.Update(     3600.00000)
Dimr [2026-05-18 18:27:51.718881] #7 >> 16495200.0:    DFlowFM.Update(     3600.00000)
** INFO   :           0d 23:00:00          1d  1:00:00          0d  0:10:44          0d  0:11:38        300    48.0%     9.72973
Dimr [2026-05-18 18:28:23.593891] #6 >> TIME LOOP     90000.00000 --  16588800.00000 --  16498800.00000
Dimr [2026-05-18 18:28:23.593917] #6 >> TIME LOOP      3600.00000 --  16588800.00000 --  16498800.00000 --         0.00000 
** INFO   :           0d 23:00:00          1d  1:00:00          0d  0:10:44          0d  0:11:37        300    48.0%     9.72973
Dimr [2026-05-18 18:28:23.595727] #2 >> TIME LOOP     90000.00000 --  16588800.00000 --  16498800.00000
Dimr [2026-05-18 18:28:23.595752] #2 >> TIME LOOP      3600.00000 --  16588800.00000 --  16498800.00000 --         0.00000 
** INFO   :           0d 23:00:00          1d  1:00:00          0d  0:10:40          0d  0:11:33        300    48.0%     9.72973
Dimr [2026-05-18 18:28:23.596107] #7 >> TIME LOOP     90000.00000 --  16588800.00000 --  16498800.00000
Dimr [2026-05-18 18:28:23.596126] #7 >> TIME LOOP      3600.00000 --  16588800.00000 --  16498800.00000 --         0.00000 
** INFO   :           0d 23:00:00          1d  1:00:00          0d  0:10:44          0d  0:11:37        300    48.0%     9.72973
** INFO   :           0d 23:00:00          1d  1:00:00          0d  0:10:44          0d  0:11:37        300    48.0%     9.72973
Dimr [2026-05-18 18:28:23.596506] #5 >> TIME LOOP     90000.00000 --  16588800.00000 --  16498800.00000
Dimr [2026-05-18 18:28:23.596521] #5 >> TIME LOOP      3600.00000 --  16588800.00000 --  16498800.00000 --         0.00000 
Dimr [2026-05-18 18:28:23.596536] #4 >> TIME LOOP     90000.00000 --  16588800.00000 --  16498800.00000
Dimr [2026-05-18 18:28:23.596552] #4 >> TIME LOOP      3600.00000 --  16588800.00000 --  16498800.00000 --         0.00000 
** INFO   :           0d 23:00:00          1d  1:00:00          0d  0:10:40          0d  0:11:33        300    48.0%     9.72973
Dimr [2026-05-18 18:28:23.597119] #1 >> TIME LOOP     90000.00000 --  16588800.00000 --  16498800.00000
Dimr [2026-05-18 18:28:23.597137] #1 >> TIME LOOP      3600.00000 --  16588800.00000 --  16498800.00000 --         0.00000 
** INFO   :           0d 23:00:00          1d  1:00:00          0d  0:10:40          0d  0:11:33        300    48.0%     9.72973
Dimr [2026-05-18 18:28:23.597228] #3 >> TIME LOOP     90000.00000 --  16588800.00000 --  16498800.00000
Dimr [2026-05-18 18:28:23.597245] #3 >> TIME LOOP      3600.00000 --  16588800.00000 --  16498800.00000 --         0.00000 
** INFO   :           0d 23:00:00          1d  1:00:00          0d  0:10:39          0d  0:11:33        300    48.0%     9.72973
Dimr [2026-05-18 18:28:23.598127] #0 >> TIME LOOP     90000.00000 --  16588800.00000 --  16498800.00000
Dimr [2026-05-18 18:28:23.598142] #0 >> TIME LOOP      3600.00000 --  16588800.00000 --  16498800.00000 --         0.00000 
Dimr [2026-05-18 18:28:23.598154] #0 >> Parallel Startgroup: Current time:  16498800.00000 --  16495200.00000
Dimr [2026-05-18 18:28:23.598168] #0 >> 16498800.0:    wave.Update(    3600.0)
*****************************************************************
*  Start of Delft3D-WAVE ...
Dimr [2026-05-18 18:28:23.598154] #1 >> Parallel Child: Current time:  16498800.00000 -- 0
Dimr [2026-05-18 18:28:23.598154] #2 >> Parallel Child: Current time:  16498800.00000 -- 0
Dimr [2026-05-18 18:28:23.598154] #3 >> Parallel Child: Current time:  16498800.00000 -- 0
Dimr [2026-05-18 18:28:23.598154] #4 >> Parallel Child: Current time:  16498800.00000 -- 0
Dimr [2026-05-18 18:28:23.598154] #5 >> Parallel Child: Current time:  16498800.00000 -- 0
Dimr [2026-05-18 18:28:23.598154] #6 >> Parallel Child: Current time:  16498800.00000 -- 0
Dimr [2026-05-18 18:28:23.598154] #7 >> Parallel Child: Current time:  16498800.00000 -- 0
  Start loop over SWAN grids, time =      274980.000 minutes since 20250101.000000
  Allocate input fields
  Allocate and read SWAN depth
  Get flow fields, domain 1 :
  Get flow fields, domain 2 :
  Get flow fields, domain 3 :
  Get flow fields, domain 4 :
  Get flow fields, domain 5 :
  Get flow fields, domain 6 :
  Get flow fields, domain 7 :
  Get flow fields, domain 8 :
  Write SWAN depth file
  Write SWAN velocity file
  Write SWAN wind file
  Write SWAN input
  Using SWAN hotstart file: hot_1_20250710_220000.nc
<<Run SWAN...
>>...Check file swan_sh.log
>>...End of SWAN run
  Allocate output fields
  Read SWAN output
  WARNING: Found negative value(s) for dissip(2) in swanout file;
           value(s) set to zero
  Map WAVE parameters to FLOW grid          1
  Map WAVE parameters to FLOW grid          2
  Map WAVE parameters to FLOW grid          3
  Map WAVE parameters to FLOW grid          4
  Map WAVE parameters to FLOW grid          5
  Map WAVE parameters to FLOW grid          6
  Map WAVE parameters to FLOW grid          7
  Map WAVE parameters to FLOW grid          8
  Deallocate input fields
  Allocate input fields
  Allocate and read SWAN depth
  Get flow fields, domain 1 :
  Get flow fields, domain 2 :
  Get flow fields, domain 3 :
  Get flow fields, domain 4 :
  Get flow fields, domain 5 :
  Get flow fields, domain 6 :
  Get flow fields, domain 7 :
  Get flow fields, domain 8 :
  Write SWAN depth file
  Write SWAN velocity file
  Write SWAN wind file
  Write SWAN input
  Using SWAN hotstart file: hot_2_20250710_220000.nc
<<Run SWAN...
>>...Check file swan_sh.log
>>...End of SWAN run
  Allocate output fields
  Read SWAN output
  WARNING: Found negative value(s) for dissip(2) in swanout file;
           value(s) set to zero
  Map WAVE parameters to FLOW grid          1
  Map WAVE parameters to FLOW grid          2
  Map WAVE parameters to FLOW grid          3
  Map WAVE parameters to FLOW grid          4
  Map WAVE parameters to FLOW grid          5
  Map WAVE parameters to FLOW grid          6
  Map WAVE parameters to FLOW grid          7
  Map WAVE parameters to FLOW grid          8
  Deallocate input fields
  Convert parameters
  Write to com-file
  Convert parameters
  Write to com-file
  Convert parameters
  Write to com-file
  Convert parameters
  Write to com-file
  Convert parameters
  Write to com-file
  Convert parameters
  Write to com-file
  Convert parameters
  Write to com-file
  Convert parameters
  Write to com-file
*  End of Delft3D-WAVE
*****************************************************************
Dimr [2026-05-18 18:28:31.86630] #0 >> Parallel Child: Current time:  16498800.00000 -- 0
Dimr [2026-05-18 18:28:31.86677] #0 >> 16498800.0:    DFlowFM.Update(     3600.00000)
Dimr [2026-05-18 18:28:31.86686] #1 >> 16498800.0:    DFlowFM.Update(     3600.00000)
Dimr [2026-05-18 18:28:31.86686] #2 >> 16498800.0:    DFlowFM.Update(     3600.00000)
Dimr [2026-05-18 18:28:31.86685] #3 >> 16498800.0:    DFlowFM.Update(     3600.00000)
Dimr [2026-05-18 18:28:31.86685] #4 >> 16498800.0:    DFlowFM.Update(     3600.00000)
Dimr [2026-05-18 18:28:31.86684] #5 >> 16498800.0:    DFlowFM.Update(     3600.00000)
Dimr [2026-05-18 18:28:31.86683] #6 >> 16498800.0:    DFlowFM.Update(     3600.00000)
Dimr [2026-05-18 18:28:31.86682] #7 >> 16498800.0:    DFlowFM.Update(     3600.00000)
** INFO   :           1d  0:00:00          1d  0:00:00          0d  0:11:15          0d  0:11:13        288    50.1%    10.11236
Dimr [2026-05-18 18:29:02.520992] #6 >> TIME LOOP     86400.00000 --  16588800.00000 --  16502400.00000
Dimr [2026-05-18 18:29:02.521017] #6 >> TIME LOOP      3600.00000 --  16588800.00000 --  16502400.00000 --         0.00000 
** INFO   :           1d  0:00:00          1d  0:00:00          0d  0:11:15          0d  0:11:13        288    50.1%    10.11236
Dimr [2026-05-18 18:29:02.524332] #2 >> TIME LOOP     86400.00000 --  16588800.00000 --  16502400.00000
Dimr [2026-05-18 18:29:02.524357] #2 >> TIME LOOP      3600.00000 --  16588800.00000 --  16502400.00000 --         0.00000 
** INFO   :           1d  0:00:00          1d  0:00:00          0d  0:11:11          0d  0:11:09        288    50.1%    10.11236
Dimr [2026-05-18 18:29:02.524819] #7 >> TIME LOOP     86400.00000 --  16588800.00000 --  16502400.00000
Dimr [2026-05-18 18:29:02.524837] #7 >> TIME LOOP      3600.00000 --  16588800.00000 --  16502400.00000 --         0.00000 
** INFO   :           1d  0:00:00          1d  0:00:00          0d  0:11:15          0d  0:11:12        288    50.1%    10.11236
** INFO   :           1d  0:00:00          1d  0:00:00          0d  0:11:15          0d  0:11:12        288    50.1%    10.11236
Dimr [2026-05-18 18:29:02.525864] #4 >> TIME LOOP     86400.00000 --  16588800.00000 --  16502400.00000
Dimr [2026-05-18 18:29:02.525881] #4 >> TIME LOOP      3600.00000 --  16588800.00000 --  16502400.00000 --         0.00000 
Dimr [2026-05-18 18:29:02.525865] #5 >> TIME LOOP     86400.00000 --  16588800.00000 --  16502400.00000
Dimr [2026-05-18 18:29:02.525881] #5 >> TIME LOOP      3600.00000 --  16588800.00000 --  16502400.00000 --         0.00000 
** INFO   :           1d  0:00:00          1d  0:00:00          0d  0:11:11          0d  0:11:08        288    50.1%    10.11236
Dimr [2026-05-18 18:29:02.526954] #3 >> TIME LOOP     86400.00000 --  16588800.00000 --  16502400.00000
Dimr [2026-05-18 18:29:02.526971] #3 >> TIME LOOP      3600.00000 --  16588800.00000 --  16502400.00000 --         0.00000 
** INFO   :           1d  0:00:00          1d  0:00:00          0d  0:11:11          0d  0:11:08        288    50.1%    10.11236
Dimr [2026-05-18 18:29:02.527054] #1 >> TIME LOOP     86400.00000 --  16588800.00000 --  16502400.00000
Dimr [2026-05-18 18:29:02.527071] #1 >> TIME LOOP      3600.00000 --  16588800.00000 --  16502400.00000 --         0.00000 
** INFO   :           1d  0:00:00          1d  0:00:00          0d  0:11:10          0d  0:11:08        288    50.1%    10.11236
Dimr [2026-05-18 18:29:02.528338] #0 >> TIME LOOP     86400.00000 --  16588800.00000 --  16502400.00000
Dimr [2026-05-18 18:29:02.528353] #0 >> TIME LOOP      3600.00000 --  16588800.00000 --  16502400.00000 --         0.00000 
Dimr [2026-05-18 18:29:02.528364] #0 >> Parallel Startgroup: Current time:  16502400.00000 --  16498800.00000
Dimr [2026-05-18 18:29:02.528379] #0 >> 16502400.0:    wave.Update(    3600.0)
*****************************************************************
*  Start of Delft3D-WAVE ...
Dimr [2026-05-18 18:29:02.528364] #1 >> Parallel Child: Current time:  16502400.00000 -- 0
Dimr [2026-05-18 18:29:02.528364] #2 >> Parallel Child: Current time:  16502400.00000 -- 0
Dimr [2026-05-18 18:29:02.528364] #3 >> Parallel Child: Current time:  16502400.00000 -- 0
Dimr [2026-05-18 18:29:02.528364] #4 >> Parallel Child: Current time:  16502400.00000 -- 0
Dimr [2026-05-18 18:29:02.528364] #5 >> Parallel Child: Current time:  16502400.00000 -- 0
Dimr [2026-05-18 18:29:02.528364] #6 >> Parallel Child: Current time:  16502400.00000 -- 0
Dimr [2026-05-18 18:29:02.528365] #7 >> Parallel Child: Current time:  16502400.00000 -- 0
  Start loop over SWAN grids, time =      275040.000 minutes since 20250101.000000
  Allocate input fields
  Allocate and read SWAN depth
  Get flow fields, domain 1 :
  Get flow fields, domain 2 :
  Get flow fields, domain 3 :
  Get flow fields, domain 4 :
  Get flow fields, domain 5 :
  Get flow fields, domain 6 :
  Get flow fields, domain 7 :
  Get flow fields, domain 8 :
  Write SWAN depth file
  Write SWAN velocity file
  Write SWAN wind file
  Write SWAN input
  Using SWAN hotstart file: hot_1_20250710_230000.nc
<<Run SWAN...
>>...Check file swan_sh.log
>>...End of SWAN run
  Allocate output fields
  Read SWAN output
  WARNING: Found negative value(s) for dissip(2) in swanout file;
           value(s) set to zero
  Map WAVE parameters to FLOW grid          1
  Map WAVE parameters to FLOW grid          2
  Map WAVE parameters to FLOW grid          3
  Map WAVE parameters to FLOW grid          4
  Map WAVE parameters to FLOW grid          5
  Map WAVE parameters to FLOW grid          6
  Map WAVE parameters to FLOW grid          7
  Map WAVE parameters to FLOW grid          8
  Deallocate input fields
  Allocate input fields
  Allocate and read SWAN depth
  Get flow fields, domain 1 :
  Get flow fields, domain 2 :
  Get flow fields, domain 3 :
  Get flow fields, domain 4 :
  Get flow fields, domain 5 :
  Get flow fields, domain 6 :
  Get flow fields, domain 7 :
  Get flow fields, domain 8 :
  Write SWAN depth file
  Write SWAN velocity file
  Write SWAN wind file
  Write SWAN input
  Using SWAN hotstart file: hot_2_20250710_230000.nc
<<Run SWAN...
>>...Check file swan_sh.log
>>...End of SWAN run
  Allocate output fields
  Read SWAN output
  WARNING: Found negative value(s) for dissip(2) in swanout file;
           value(s) set to zero
  Map WAVE parameters to FLOW grid          1
  Map WAVE parameters to FLOW grid          2
  Map WAVE parameters to FLOW grid          3
  Map WAVE parameters to FLOW grid          4
  Map WAVE parameters to FLOW grid          5
  Map WAVE parameters to FLOW grid          6
  Map WAVE parameters to FLOW grid          7
  Map WAVE parameters to FLOW grid          8
  Deallocate input fields
  Convert parameters
  Write to com-file
  Convert parameters
  Write to com-file
  Convert parameters
  Write to com-file
  Convert parameters
  Write to com-file
  Convert parameters
  Write to com-file
  Convert parameters
  Write to com-file
  Convert parameters
  Write to com-file
  Convert parameters
  Write to com-file
*  End of Delft3D-WAVE
*****************************************************************
Dimr [2026-05-18 18:29:08.694957] #0 >> Parallel Child: Current time:  16502400.00000 -- 0
Dimr [2026-05-18 18:29:08.694990] #0 >> 16502400.0:    DFlowFM.Update(     3600.00000)
Dimr [2026-05-18 18:29:08.694997] #1 >> 16502400.0:    DFlowFM.Update(     3600.00000)
Dimr [2026-05-18 18:29:08.694997] #2 >> 16502400.0:    DFlowFM.Update(     3600.00000)
Dimr [2026-05-18 18:29:08.694997] #3 >> 16502400.0:    DFlowFM.Update(     3600.00000)
Dimr [2026-05-18 18:29:08.694991] #4 >> 16502400.0:    DFlowFM.Update(     3600.00000)
Dimr [2026-05-18 18:29:08.694993] #5 >> 16502400.0:    DFlowFM.Update(     3600.00000)
Dimr [2026-05-18 18:29:08.694993] #6 >> 16502400.0:    DFlowFM.Update(     3600.00000)
Dimr [2026-05-18 18:29:08.694993] #7 >> 16502400.0:    DFlowFM.Update(     3600.00000)
** INFO   :           1d  1:00:00          0d 23:00:00          0d  0:11:45          0d  0:10:47        276    52.2%    10.65089
Dimr [2026-05-18 18:29:39.112582] #6 >> TIME LOOP     82800.00000 --  16588800.00000 --  16506000.00000
Dimr [2026-05-18 18:29:39.112609] #6 >> TIME LOOP      3600.00000 --  16588800.00000 --  16506000.00000 --         0.00000 
** INFO   :           1d  1:00:00          0d 23:00:00          0d  0:11:41          0d  0:10:43        276    52.2%    10.65089
Dimr [2026-05-18 18:29:39.114623] #7 >> TIME LOOP     82800.00000 --  16588800.00000 --  16506000.00000
Dimr [2026-05-18 18:29:39.114642] #7 >> TIME LOOP      3600.00000 --  16588800.00000 --  16506000.00000 --         0.00000 
** INFO   :           1d  1:00:00          0d 23:00:00          0d  0:11:45          0d  0:10:46        276    52.2%    10.65089
Dimr [2026-05-18 18:29:39.114772] #2 >> TIME LOOP     82800.00000 --  16588800.00000 --  16506000.00000
Dimr [2026-05-18 18:29:39.114796] #2 >> TIME LOOP      3600.00000 --  16588800.00000 --  16506000.00000 --         0.00000 
** INFO   :           1d  1:00:00          0d 23:00:00          0d  0:11:45          0d  0:10:46        276    52.2%    10.65089
** INFO   :           1d  1:00:00          0d 23:00:00          0d  0:11:45          0d  0:10:46        276    52.2%    10.65089
Dimr [2026-05-18 18:29:39.115116] #4 >> TIME LOOP     82800.00000 --  16588800.00000 --  16506000.00000
Dimr [2026-05-18 18:29:39.115113] #5 >> TIME LOOP     82800.00000 --  16588800.00000 --  16506000.00000
Dimr [2026-05-18 18:29:39.115127] #5 >> TIME LOOP      3600.00000 --  16588800.00000 --  16506000.00000 --         0.00000 
Dimr [2026-05-18 18:29:39.115130] #4 >> TIME LOOP      3600.00000 --  16588800.00000 --  16506000.00000 --         0.00000 
** INFO   :           1d  1:00:00          0d 23:00:00          0d  0:11:40          0d  0:10:42        276    52.2%    10.65089
Dimr [2026-05-18 18:29:39.116095] #1 >> TIME LOOP     82800.00000 --  16588800.00000 --  16506000.00000
Dimr [2026-05-18 18:29:39.116114] #1 >> TIME LOOP      3600.00000 --  16588800.00000 --  16506000.00000 --         0.00000 
** INFO   :           1d  1:00:00          0d 23:00:00          0d  0:11:41          0d  0:10:42        276    52.2%    10.65089
Dimr [2026-05-18 18:29:39.116272] #3 >> TIME LOOP     82800.00000 --  16588800.00000 --  16506000.00000
Dimr [2026-05-18 18:29:39.116287] #3 >> TIME LOOP      3600.00000 --  16588800.00000 --  16506000.00000 --         0.00000 
** INFO   :           1d  1:00:00          0d 23:00:00          0d  0:11:40          0d  0:10:42        276    52.2%    10.65089
Dimr [2026-05-18 18:29:39.117188] #0 >> TIME LOOP     82800.00000 --  16588800.00000 --  16506000.00000
Dimr [2026-05-18 18:29:39.117204] #0 >> TIME LOOP      3600.00000 --  16588800.00000 --  16506000.00000 --         0.00000 
Dimr [2026-05-18 18:29:39.117215] #0 >> Parallel Startgroup: Current time:  16506000.00000 --  16502400.00000
Dimr [2026-05-18 18:29:39.117215] #1 >> Parallel Child: Current time:  16506000.00000 -- 0
Dimr [2026-05-18 18:29:39.117229] #0 >> 16506000.0:    wave.Update(    3600.0)
*****************************************************************
*  Start of Delft3D-WAVE ...
Dimr [2026-05-18 18:29:39.117215] #2 >> Parallel Child: Current time:  16506000.00000 -- 0
Dimr [2026-05-18 18:29:39.117215] #3 >> Parallel Child: Current time:  16506000.00000 -- 0
Dimr [2026-05-18 18:29:39.117216] #4 >> Parallel Child: Current time:  16506000.00000 -- 0
Dimr [2026-05-18 18:29:39.117216] #5 >> Parallel Child: Current time:  16506000.00000 -- 0
Dimr [2026-05-18 18:29:39.117216] #6 >> Parallel Child: Current time:  16506000.00000 -- 0
Dimr [2026-05-18 18:29:39.117216] #7 >> Parallel Child: Current time:  16506000.00000 -- 0
  Start loop over SWAN grids, time =      275100.000 minutes since 20250101.000000
  Allocate input fields
  Allocate and read SWAN depth
  Get flow fields, domain 1 :
  Get flow fields, domain 2 :
  Get flow fields, domain 3 :
  Get flow fields, domain 4 :
  Get flow fields, domain 5 :
  Get flow fields, domain 6 :
  Get flow fields, domain 7 :
  Get flow fields, domain 8 :
  Write SWAN depth file
  Write SWAN velocity file
  Write SWAN wind file
  Write SWAN input
  Using SWAN hotstart file: hot_1_20250711_000000.nc
<<Run SWAN...
>>...Check file swan_sh.log
>>...End of SWAN run
  Allocate output fields
  Read SWAN output
  WARNING: Found negative value(s) for dissip(2) in swanout file;
           value(s) set to zero
  Map WAVE parameters to FLOW grid          1
  Map WAVE parameters to FLOW grid          2
  Map WAVE parameters to FLOW grid          3
  Map WAVE parameters to FLOW grid          4
  Map WAVE parameters to FLOW grid          5
  Map WAVE parameters to FLOW grid          6
  Map WAVE parameters to FLOW grid          7
  Map WAVE parameters to FLOW grid          8
  Deallocate input fields
  Allocate input fields
  Allocate and read SWAN depth
  Get flow fields, domain 1 :
  Get flow fields, domain 2 :
  Get flow fields, domain 3 :
  Get flow fields, domain 4 :
  Get flow fields, domain 5 :
  Get flow fields, domain 6 :
  Get flow fields, domain 7 :
  Get flow fields, domain 8 :
  Write SWAN depth file
  Write SWAN velocity file
  Write SWAN wind file
  Write SWAN input
  Using SWAN hotstart file: hot_2_20250711_000000.nc
<<Run SWAN...
>>...Check file swan_sh.log
>>...End of SWAN run
  Allocate output fields
  Read SWAN output
  WARNING: Found negative value(s) for dissip(2) in swanout file;
           value(s) set to zero
  Map WAVE parameters to FLOW grid          1
  Map WAVE parameters to FLOW grid          2
  Map WAVE parameters to FLOW grid          3
  Map WAVE parameters to FLOW grid          4
  Map WAVE parameters to FLOW grid          5
  Map WAVE parameters to FLOW grid          6
  Map WAVE parameters to FLOW grid          7
  Map WAVE parameters to FLOW grid          8
  Deallocate input fields
  Convert parameters
  Write to com-file
  Convert parameters
  Write to com-file
  Convert parameters
  Write to com-file
  Convert parameters
  Write to com-file
  Convert parameters
  Write to com-file
  Convert parameters
  Write to com-file
  Convert parameters
  Write to com-file
  Convert parameters
  Write to com-file
*  End of Delft3D-WAVE
*****************************************************************
Dimr [2026-05-18 18:29:45.54897] #0 >> Parallel Child: Current time:  16506000.00000 -- 0
Dimr [2026-05-18 18:29:45.54944] #0 >> 16506000.0:    DFlowFM.Update(     3600.00000)
Dimr [2026-05-18 18:29:45.54952] #1 >> 16506000.0:    DFlowFM.Update(     3600.00000)
Dimr [2026-05-18 18:29:45.54952] #2 >> 16506000.0:    DFlowFM.Update(     3600.00000)
Dimr [2026-05-18 18:29:45.54952] #3 >> 16506000.0:    DFlowFM.Update(     3600.00000)
Dimr [2026-05-18 18:29:45.54949] #4 >> 16506000.0:    DFlowFM.Update(     3600.00000)
Dimr [2026-05-18 18:29:45.54948] #5 >> 16506000.0:    DFlowFM.Update(     3600.00000)
Dimr [2026-05-18 18:29:45.54955] #6 >> 16506000.0:    DFlowFM.Update(     3600.00000)
Dimr [2026-05-18 18:29:45.54948] #7 >> 16506000.0:    DFlowFM.Update(     3600.00000)
** INFO   :           1d  2:00:00          0d 22:00:00          0d  0:12:13          0d  0:10:18        264    54.2%    11.25000
Dimr [2026-05-18 18:30:13.524030] #6 >> TIME LOOP     79200.00000 --  16588800.00000 --  16509600.00000
Dimr [2026-05-18 18:30:13.524057] #6 >> TIME LOOP      3600.00000 --  16588800.00000 --  16509600.00000 --         0.00000 
** INFO   :           1d  2:00:00          0d 22:00:00          0d  0:12:13          0d  0:10:18        264    54.2%    11.25000
Dimr [2026-05-18 18:30:13.525910] #2 >> TIME LOOP     79200.00000 --  16588800.00000 --  16509600.00000
Dimr [2026-05-18 18:30:13.525935] #2 >> TIME LOOP      3600.00000 --  16588800.00000 --  16509600.00000 --         0.00000 
** INFO   :           1d  2:00:00          0d 22:00:00          0d  0:12:09          0d  0:10:15        264    54.2%    11.25000
Dimr [2026-05-18 18:30:13.526255] #7 >> TIME LOOP     79200.00000 --  16588800.00000 --  16509600.00000
Dimr [2026-05-18 18:30:13.526274] #7 >> TIME LOOP      3600.00000 --  16588800.00000 --  16509600.00000 --         0.00000 
** INFO   :           1d  2:00:00          0d 22:00:00          0d  0:12:13          0d  0:10:18        264    54.2%    11.25000
Dimr [2026-05-18 18:30:13.526546] #5 >> TIME LOOP     79200.00000 --  16588800.00000 --  16509600.00000
Dimr [2026-05-18 18:30:13.526561] #5 >> TIME LOOP      3600.00000 --  16588800.00000 --  16509600.00000 --         0.00000 
** INFO   :           1d  2:00:00          0d 22:00:00          0d  0:12:13          0d  0:10:18        264    54.2%    11.25000
Dimr [2026-05-18 18:30:13.526656] #4 >> TIME LOOP     79200.00000 --  16588800.00000 --  16509600.00000
Dimr [2026-05-18 18:30:13.526671] #4 >> TIME LOOP      3600.00000 --  16588800.00000 --  16509600.00000 --         0.00000 
** INFO   :           1d  2:00:00          0d 22:00:00          0d  0:12:08          0d  0:10:14        264    54.2%    11.25000
Dimr [2026-05-18 18:30:13.527302] #1 >> TIME LOOP     79200.00000 --  16588800.00000 --  16509600.00000
Dimr [2026-05-18 18:30:13.527320] #1 >> TIME LOOP      3600.00000 --  16588800.00000 --  16509600.00000 --         0.00000 
** INFO   :           1d  2:00:00          0d 22:00:00          0d  0:12:08          0d  0:10:14        264    54.2%    11.25000
Dimr [2026-05-18 18:30:13.527447] #3 >> TIME LOOP     79200.00000 --  16588800.00000 --  16509600.00000
Dimr [2026-05-18 18:30:13.527463] #3 >> TIME LOOP      3600.00000 --  16588800.00000 --  16509600.00000 --         0.00000 
** INFO   :           1d  2:00:00          0d 22:00:00          0d  0:12:08          0d  0:10:14        264    54.2%    11.25000
Dimr [2026-05-18 18:30:13.528563] #0 >> TIME LOOP     79200.00000 --  16588800.00000 --  16509600.00000
Dimr [2026-05-18 18:30:13.528578] #0 >> TIME LOOP      3600.00000 --  16588800.00000 --  16509600.00000 --         0.00000 
Dimr [2026-05-18 18:30:13.528589] #0 >> Parallel Startgroup: Current time:  16509600.00000 --  16506000.00000
Dimr [2026-05-18 18:30:13.528589] #6 >> Parallel Child: Current time:  16509600.00000 -- 0
Dimr [2026-05-18 18:30:13.528605] #0 >> 16509600.0:    wave.Update(    3600.0)
*****************************************************************
*  Start of Delft3D-WAVE ...
Dimr [2026-05-18 18:30:13.528589] #1 >> Parallel Child: Current time:  16509600.00000 -- 0
Dimr [2026-05-18 18:30:13.528589] #2 >> Parallel Child: Current time:  16509600.00000 -- 0
Dimr [2026-05-18 18:30:13.528589] #3 >> Parallel Child: Current time:  16509600.00000 -- 0
Dimr [2026-05-18 18:30:13.528589] #4 >> Parallel Child: Current time:  16509600.00000 -- 0
Dimr [2026-05-18 18:30:13.528589] #5 >> Parallel Child: Current time:  16509600.00000 -- 0
Dimr [2026-05-18 18:30:13.528589] #7 >> Parallel Child: Current time:  16509600.00000 -- 0
  Start loop over SWAN grids, time =      275160.000 minutes since 20250101.000000
  Allocate input fields
  Allocate and read SWAN depth
  Get flow fields, domain 1 :
  Get flow fields, domain 2 :
  Get flow fields, domain 3 :
  Get flow fields, domain 4 :
  Get flow fields, domain 5 :
  Get flow fields, domain 6 :
  Get flow fields, domain 7 :
  Get flow fields, domain 8 :
  Write SWAN depth file
  Write SWAN velocity file
  Write SWAN wind file
  Write SWAN input
  Using SWAN hotstart file: hot_1_20250711_010000.nc
<<Run SWAN...
>>...Check file swan_sh.log
>>...End of SWAN run
  Allocate output fields
  Read SWAN output
  WARNING: Found negative value(s) for dissip(2) in swanout file;
           value(s) set to zero
  Map WAVE parameters to FLOW grid          1
  Map WAVE parameters to FLOW grid          2
  Map WAVE parameters to FLOW grid          3
  Map WAVE parameters to FLOW grid          4
  Map WAVE parameters to FLOW grid          5
  Map WAVE parameters to FLOW grid          6
  Map WAVE parameters to FLOW grid          7
  Map WAVE parameters to FLOW grid          8
  Deallocate input fields
  Allocate input fields
  Allocate and read SWAN depth
  Get flow fields, domain 1 :
  Get flow fields, domain 2 :
  Get flow fields, domain 3 :
  Get flow fields, domain 4 :
  Get flow fields, domain 5 :
  Get flow fields, domain 6 :
  Get flow fields, domain 7 :
  Get flow fields, domain 8 :
  Write SWAN depth file
  Write SWAN velocity file
  Write SWAN wind file
  Write SWAN input
  Using SWAN hotstart file: hot_2_20250711_010000.nc
<<Run SWAN...
>>...Check file swan_sh.log
>>...End of SWAN run
  Allocate output fields
  Read SWAN output
  WARNING: Found negative value(s) for dissip(2) in swanout file;
           value(s) set to zero
  Map WAVE parameters to FLOW grid          1
  Map WAVE parameters to FLOW grid          2
  Map WAVE parameters to FLOW grid          3
  Map WAVE parameters to FLOW grid          4
  Map WAVE parameters to FLOW grid          5
  Map WAVE parameters to FLOW grid          6
  Map WAVE parameters to FLOW grid          7
  Map WAVE parameters to FLOW grid          8
  Deallocate input fields
  Convert parameters
  Write to com-file
  Convert parameters
  Write to com-file
  Convert parameters
  Write to com-file
  Convert parameters
  Write to com-file
  Convert parameters
  Write to com-file
  Convert parameters
  Write to com-file
  Convert parameters
  Write to com-file
  Convert parameters
  Write to com-file
*  End of Delft3D-WAVE
*****************************************************************
Dimr [2026-05-18 18:30:21.783780] #0 >> Parallel Child: Current time:  16509600.00000 -- 0
Dimr [2026-05-18 18:30:21.783828] #0 >> 16509600.0:    DFlowFM.Update(     3600.00000)
Dimr [2026-05-18 18:30:21.783836] #1 >> 16509600.0:    DFlowFM.Update(     3600.00000)
Dimr [2026-05-18 18:30:21.783836] #2 >> 16509600.0:    DFlowFM.Update(     3600.00000)
Dimr [2026-05-18 18:30:21.783836] #3 >> 16509600.0:    DFlowFM.Update(     3600.00000)
Dimr [2026-05-18 18:30:21.783833] #4 >> 16509600.0:    DFlowFM.Update(     3600.00000)
Dimr [2026-05-18 18:30:21.783833] #5 >> 16509600.0:    DFlowFM.Update(     3600.00000)
Dimr [2026-05-18 18:30:21.783835] #6 >> 16509600.0:    DFlowFM.Update(     3600.00000)
Dimr [2026-05-18 18:30:21.783833] #7 >> 16509600.0:    DFlowFM.Update(     3600.00000)
** INFO   :           1d  3:00:00          0d 21:00:00          0d  0:12:40          0d  0:09:49        252    56.3%    11.80328
Dimr [2026-05-18 18:30:48.741109] #6 >> TIME LOOP     75600.00000 --  16588800.00000 --  16513200.00000
Dimr [2026-05-18 18:30:48.741136] #6 >> TIME LOOP      3600.00000 --  16588800.00000 --  16513200.00000 --         0.00000 
** INFO   :           1d  3:00:00          0d 21:00:00          0d  0:12:39          0d  0:09:49        252    56.3%    11.80328
Dimr [2026-05-18 18:30:48.742903] #2 >> TIME LOOP     75600.00000 --  16588800.00000 --  16513200.00000
Dimr [2026-05-18 18:30:48.742927] #2 >> TIME LOOP      3600.00000 --  16588800.00000 --  16513200.00000 --         0.00000 
** INFO   :           1d  3:00:00          0d 21:00:00          0d  0:12:35          0d  0:09:45        252    56.3%    11.80328
Dimr [2026-05-18 18:30:48.743152] #7 >> TIME LOOP     75600.00000 --  16588800.00000 --  16513200.00000
Dimr [2026-05-18 18:30:48.743170] #7 >> TIME LOOP      3600.00000 --  16588800.00000 --  16513200.00000 --         0.00000 
** INFO   :           1d  3:00:00          0d 21:00:00          0d  0:12:39          0d  0:09:49        252    56.3%    11.80328
** INFO   :           1d  3:00:00          0d 21:00:00          0d  0:12:39          0d  0:09:49        252    56.3%    11.80328
Dimr [2026-05-18 18:30:48.743607] #5 >> TIME LOOP     75600.00000 --  16588800.00000 --  16513200.00000
Dimr [2026-05-18 18:30:48.743622] #5 >> TIME LOOP      3600.00000 --  16588800.00000 --  16513200.00000 --         0.00000 
Dimr [2026-05-18 18:30:48.743646] #4 >> TIME LOOP     75600.00000 --  16588800.00000 --  16513200.00000
Dimr [2026-05-18 18:30:48.743660] #4 >> TIME LOOP      3600.00000 --  16588800.00000 --  16513200.00000 --         0.00000 
** INFO   :           1d  3:00:00          0d 21:00:00          0d  0:12:35          0d  0:09:45        252    56.3%    11.80328
Dimr [2026-05-18 18:30:48.744365] #1 >> TIME LOOP     75600.00000 --  16588800.00000 --  16513200.00000
Dimr [2026-05-18 18:30:48.744383] #1 >> TIME LOOP      3600.00000 --  16588800.00000 --  16513200.00000 --         0.00000 
** INFO   :           1d  3:00:00          0d 21:00:00          0d  0:12:35          0d  0:09:45        252    56.3%    11.80328
Dimr [2026-05-18 18:30:48.744436] #3 >> TIME LOOP     75600.00000 --  16588800.00000 --  16513200.00000
Dimr [2026-05-18 18:30:48.744451] #3 >> TIME LOOP      3600.00000 --  16588800.00000 --  16513200.00000 --         0.00000 
** INFO   :           1d  3:00:00          0d 21:00:00          0d  0:12:34          0d  0:09:45        252    56.3%    11.80328
Dimr [2026-05-18 18:30:48.745540] #0 >> TIME LOOP     75600.00000 --  16588800.00000 --  16513200.00000
Dimr [2026-05-18 18:30:48.745556] #0 >> TIME LOOP      3600.00000 --  16588800.00000 --  16513200.00000 --         0.00000 
Dimr [2026-05-18 18:30:48.745567] #0 >> Parallel Startgroup: Current time:  16513200.00000 --  16509600.00000
Dimr [2026-05-18 18:30:48.745567] #1 >> Parallel Child: Current time:  16513200.00000 -- 0
Dimr [2026-05-18 18:30:48.745567] #2 >> Parallel Child: Current time:  16513200.00000 -- 0
Dimr [2026-05-18 18:30:48.745567] #3 >> Parallel Child: Current time:  16513200.00000 -- 0
Dimr [2026-05-18 18:30:48.745568] #4 >> Parallel Child: Current time:  16513200.00000 -- 0
Dimr [2026-05-18 18:30:48.745568] #5 >> Parallel Child: Current time:  16513200.00000 -- 0
Dimr [2026-05-18 18:30:48.745568] #6 >> Parallel Child: Current time:  16513200.00000 -- 0
Dimr [2026-05-18 18:30:48.745568] #7 >> Parallel Child: Current time:  16513200.00000 -- 0
Dimr [2026-05-18 18:30:48.745581] #0 >> 16513200.0:    wave.Update(    3600.0)
*****************************************************************
*  Start of Delft3D-WAVE ...
  Start loop over SWAN grids, time =      275220.000 minutes since 20250101.000000
  Allocate input fields
  Allocate and read SWAN depth
  Get flow fields, domain 1 :
  Get flow fields, domain 2 :
  Get flow fields, domain 3 :
  Get flow fields, domain 4 :
  Get flow fields, domain 5 :
  Get flow fields, domain 6 :
  Get flow fields, domain 7 :
  Get flow fields, domain 8 :
  Write SWAN depth file
  Write SWAN velocity file
  Write SWAN wind file
  Write SWAN input
  Using SWAN hotstart file: hot_1_20250711_020000.nc
<<Run SWAN...
>>...Check file swan_sh.log
>>...End of SWAN run
  Allocate output fields
  Read SWAN output
  WARNING: Found negative value(s) for dissip(2) in swanout file;
           value(s) set to zero
  Map WAVE parameters to FLOW grid          1
  Map WAVE parameters to FLOW grid          2
  Map WAVE parameters to FLOW grid          3
  Map WAVE parameters to FLOW grid          4
  Map WAVE parameters to FLOW grid          5
  Map WAVE parameters to FLOW grid          6
  Map WAVE parameters to FLOW grid          7
  Map WAVE parameters to FLOW grid          8
  Deallocate input fields
  Allocate input fields
  Allocate and read SWAN depth
  Get flow fields, domain 1 :
  Get flow fields, domain 2 :
  Get flow fields, domain 3 :
  Get flow fields, domain 4 :
  Get flow fields, domain 5 :
  Get flow fields, domain 6 :
  Get flow fields, domain 7 :
  Get flow fields, domain 8 :
  Write SWAN depth file
  Write SWAN velocity file
  Write SWAN wind file
  Write SWAN input
  Using SWAN hotstart file: hot_2_20250711_020000.nc
<<Run SWAN...
>>...Check file swan_sh.log
>>...End of SWAN run
  Allocate output fields
  Read SWAN output
  WARNING: Found negative value(s) for dissip(2) in swanout file;
           value(s) set to zero
  Map WAVE parameters to FLOW grid          1
  Map WAVE parameters to FLOW grid          2
  Map WAVE parameters to FLOW grid          3
  Map WAVE parameters to FLOW grid          4
  Map WAVE parameters to FLOW grid          5
  Map WAVE parameters to FLOW grid          6
  Map WAVE parameters to FLOW grid          7
  Map WAVE parameters to FLOW grid          8
  Deallocate input fields
  Convert parameters
  Write to com-file
  Convert parameters
  Write to com-file
  Convert parameters
  Write to com-file
  Convert parameters
  Write to com-file
  Convert parameters
  Write to com-file
  Convert parameters
  Write to com-file
  Convert parameters
  Write to com-file
  Convert parameters
  Write to com-file
*  End of Delft3D-WAVE
*****************************************************************
Dimr [2026-05-18 18:30:53.930944] #0 >> Parallel Child: Current time:  16513200.00000 -- 0
Dimr [2026-05-18 18:30:53.930990] #0 >> 16513200.0:    DFlowFM.Update(     3600.00000)
Dimr [2026-05-18 18:30:53.930998] #1 >> 16513200.0:    DFlowFM.Update(     3600.00000)
Dimr [2026-05-18 18:30:53.930998] #2 >> 16513200.0:    DFlowFM.Update(     3600.00000)
Dimr [2026-05-18 18:30:53.930998] #3 >> 16513200.0:    DFlowFM.Update(     3600.00000)
Dimr [2026-05-18 18:30:53.931005] #4 >> 16513200.0:    DFlowFM.Update(     3600.00000)
Dimr [2026-05-18 18:30:53.931006] #5 >> 16513200.0:    DFlowFM.Update(     3600.00000)
Dimr [2026-05-18 18:30:53.931006] #6 >> 16513200.0:    DFlowFM.Update(     3600.00000)
Dimr [2026-05-18 18:30:53.931005] #7 >> 16513200.0:    DFlowFM.Update(     3600.00000)
** INFO   :           1d  4:00:00          0d 20:00:00          0d  0:13:03          0d  0:09:18        240    58.4%    13.04348
Dimr [2026-05-18 18:31:17.913803] #6 >> TIME LOOP     72000.00000 --  16588800.00000 --  16516800.00000
Dimr [2026-05-18 18:31:17.913832] #6 >> TIME LOOP      3600.00000 --  16588800.00000 --  16516800.00000 --         0.00000 
** INFO   :           1d  4:00:00          0d 20:00:00          0d  0:13:03          0d  0:09:18        240    58.4%    13.04348
Dimr [2026-05-18 18:31:17.915607] #2 >> TIME LOOP     72000.00000 --  16588800.00000 --  16516800.00000
Dimr [2026-05-18 18:31:17.915632] #2 >> TIME LOOP      3600.00000 --  16588800.00000 --  16516800.00000 --         0.00000 
** INFO   :           1d  4:00:00          0d 20:00:00          0d  0:12:58          0d  0:09:14        240    58.4%    13.04348
Dimr [2026-05-18 18:31:17.915893] #7 >> TIME LOOP     72000.00000 --  16588800.00000 --  16516800.00000
Dimr [2026-05-18 18:31:17.915911] #7 >> TIME LOOP      3600.00000 --  16588800.00000 --  16516800.00000 --         0.00000 
** INFO   :           1d  4:00:00          0d 20:00:00          0d  0:13:03          0d  0:09:17        240    58.4%    13.04348
Dimr [2026-05-18 18:31:17.916216] #5 >> TIME LOOP     72000.00000 --  16588800.00000 --  16516800.00000
Dimr [2026-05-18 18:31:17.916230] #5 >> TIME LOOP      3600.00000 --  16588800.00000 --  16516800.00000 --         0.00000 
** INFO   :           1d  4:00:00          0d 20:00:00          0d  0:13:03          0d  0:09:17        240    58.4%    13.04348
Dimr [2026-05-18 18:31:17.916328] #4 >> TIME LOOP     72000.00000 --  16588800.00000 --  16516800.00000
Dimr [2026-05-18 18:31:17.916343] #4 >> TIME LOOP      3600.00000 --  16588800.00000 --  16516800.00000 --         0.00000 
** INFO   :           1d  4:00:00          0d 20:00:00          0d  0:12:58          0d  0:09:14        240    58.4%    13.04348
Dimr [2026-05-18 18:31:17.917059] #1 >> TIME LOOP     72000.00000 --  16588800.00000 --  16516800.00000
Dimr [2026-05-18 18:31:17.917077] #1 >> TIME LOOP      3600.00000 --  16588800.00000 --  16516800.00000 --         0.00000 
** INFO   :           1d  4:00:00          0d 20:00:00          0d  0:12:58          0d  0:09:14        240    58.4%    13.04348
Dimr [2026-05-18 18:31:17.917160] #3 >> TIME LOOP     72000.00000 --  16588800.00000 --  16516800.00000
Dimr [2026-05-18 18:31:17.917177] #3 >> TIME LOOP      3600.00000 --  16588800.00000 --  16516800.00000 --         0.00000 
** INFO   :           1d  4:00:00          0d 20:00:00          0d  0:12:57          0d  0:09:14        240    58.4%    13.04348
Dimr [2026-05-18 18:31:17.918304] #0 >> TIME LOOP     72000.00000 --  16588800.00000 --  16516800.00000
Dimr [2026-05-18 18:31:17.918320] #0 >> TIME LOOP      3600.00000 --  16588800.00000 --  16516800.00000 --         0.00000 
Dimr [2026-05-18 18:31:17.918331] #0 >> Parallel Startgroup: Current time:  16516800.00000 --  16513200.00000
Dimr [2026-05-18 18:31:17.918331] #1 >> Parallel Child: Current time:  16516800.00000 -- 0
Dimr [2026-05-18 18:31:17.918331] #2 >> Parallel Child: Current time:  16516800.00000 -- 0
Dimr [2026-05-18 18:31:17.918331] #3 >> Parallel Child: Current time:  16516800.00000 -- 0
Dimr [2026-05-18 18:31:17.918331] #4 >> Parallel Child: Current time:  16516800.00000 -- 0
Dimr [2026-05-18 18:31:17.918331] #5 >> Parallel Child: Current time:  16516800.00000 -- 0
Dimr [2026-05-18 18:31:17.918331] #6 >> Parallel Child: Current time:  16516800.00000 -- 0
Dimr [2026-05-18 18:31:17.918331] #7 >> Parallel Child: Current time:  16516800.00000 -- 0
Dimr [2026-05-18 18:31:17.918346] #0 >> 16516800.0:    wave.Update(    3600.0)
*****************************************************************
*  Start of Delft3D-WAVE ...
  Start loop over SWAN grids, time =      275280.000 minutes since 20250101.000000
  Allocate input fields
  Allocate and read SWAN depth
  Get flow fields, domain 1 :
  Get flow fields, domain 2 :
  Get flow fields, domain 3 :
  Get flow fields, domain 4 :
  Get flow fields, domain 5 :
  Get flow fields, domain 6 :
  Get flow fields, domain 7 :
  Get flow fields, domain 8 :
  Write SWAN depth file
  Write SWAN velocity file
  Write SWAN wind file
  Write SWAN input
  Using SWAN hotstart file: hot_1_20250711_030000.nc
<<Run SWAN...
>>...Check file swan_sh.log
>>...End of SWAN run
  Allocate output fields
  Read SWAN output
  WARNING: Found negative value(s) for dissip(2) in swanout file;
           value(s) set to zero
  Map WAVE parameters to FLOW grid          1
  Map WAVE parameters to FLOW grid          2
  Map WAVE parameters to FLOW grid          3
  Map WAVE parameters to FLOW grid          4
  Map WAVE parameters to FLOW grid          5
  Map WAVE parameters to FLOW grid          6
  Map WAVE parameters to FLOW grid          7
  Map WAVE parameters to FLOW grid          8
  Deallocate input fields
  Allocate input fields
  Allocate and read SWAN depth
  Get flow fields, domain 1 :
  Get flow fields, domain 2 :
  Get flow fields, domain 3 :
  Get flow fields, domain 4 :
  Get flow fields, domain 5 :
  Get flow fields, domain 6 :
  Get flow fields, domain 7 :
  Get flow fields, domain 8 :
  Write SWAN depth file
  Write SWAN velocity file
  Write SWAN wind file
  Write SWAN input
  Using SWAN hotstart file: hot_2_20250711_030000.nc
<<Run SWAN...
>>...Check file swan_sh.log
>>...End of SWAN run
  Allocate output fields
  Read SWAN output
  WARNING: Found negative value(s) for dissip(2) in swanout file;
           value(s) set to zero
  Map WAVE parameters to FLOW grid          1
  Map WAVE parameters to FLOW grid          2
  Map WAVE parameters to FLOW grid          3
  Map WAVE parameters to FLOW grid          4
  Map WAVE parameters to FLOW grid          5
  Map WAVE parameters to FLOW grid          6
  Map WAVE parameters to FLOW grid          7
  Map WAVE parameters to FLOW grid          8
  Deallocate input fields
  Convert parameters
  Write to com-file
  Convert parameters
  Write to com-file
  Convert parameters
  Write to com-file
  Convert parameters
  Write to com-file
  Convert parameters
  Write to com-file
  Convert parameters
  Write to com-file
  Convert parameters
  Write to com-file
  Convert parameters
  Write to com-file
*  End of Delft3D-WAVE
*****************************************************************
Dimr [2026-05-18 18:31:23.966467] #0 >> Parallel Child: Current time:  16516800.00000 -- 0
Dimr [2026-05-18 18:31:23.966515] #0 >> 16516800.0:    DFlowFM.Update(     3600.00000)
Dimr [2026-05-18 18:31:23.966523] #1 >> 16516800.0:    DFlowFM.Update(     3600.00000)
Dimr [2026-05-18 18:31:23.966523] #2 >> 16516800.0:    DFlowFM.Update(     3600.00000)
Dimr [2026-05-18 18:31:23.966523] #3 >> 16516800.0:    DFlowFM.Update(     3600.00000)
Dimr [2026-05-18 18:31:23.966518] #4 >> 16516800.0:    DFlowFM.Update(     3600.00000)
Dimr [2026-05-18 18:31:23.966519] #5 >> 16516800.0:    DFlowFM.Update(     3600.00000)
Dimr [2026-05-18 18:31:23.966520] #6 >> 16516800.0:    DFlowFM.Update(     3600.00000)
Dimr [2026-05-18 18:31:23.966518] #7 >> 16516800.0:    DFlowFM.Update(     3600.00000)
** INFO   :           1d  5:00:00          0d 19:00:00          0d  0:13:25          0d  0:08:46        228    60.5%    14.45783
Dimr [2026-05-18 18:31:46.96469] #6 >> TIME LOOP     68400.00000 --  16588800.00000 --  16520400.00000
Dimr [2026-05-18 18:31:46.96497] #6 >> TIME LOOP      3600.00000 --  16588800.00000 --  16520400.00000 --         0.00000 
** INFO   :           1d  5:00:00          0d 19:00:00          0d  0:13:25          0d  0:08:46        228    60.5%    14.45783
Dimr [2026-05-18 18:31:46.98021] #2 >> TIME LOOP     68400.00000 --  16588800.00000 --  16520400.00000
Dimr [2026-05-18 18:31:46.98047] #2 >> TIME LOOP      3600.00000 --  16588800.00000 --  16520400.00000 --         0.00000 
** INFO   :           1d  5:00:00          0d 19:00:00          0d  0:13:20          0d  0:08:43        228    60.5%    14.45783
Dimr [2026-05-18 18:31:46.98501] #7 >> TIME LOOP     68400.00000 --  16588800.00000 --  16520400.00000
Dimr [2026-05-18 18:31:46.98519] #7 >> TIME LOOP      3600.00000 --  16588800.00000 --  16520400.00000 --         0.00000 
** INFO   :           1d  5:00:00          0d 19:00:00          0d  0:13:24          0d  0:08:45        228    60.5%    14.45783
Dimr [2026-05-18 18:31:46.98901] #5 >> TIME LOOP     68400.00000 --  16588800.00000 --  16520400.00000
Dimr [2026-05-18 18:31:46.98917] #5 >> TIME LOOP      3600.00000 --  16588800.00000 --  16520400.00000 --         0.00000 
** INFO   :           1d  5:00:00          0d 19:00:00          0d  0:13:24          0d  0:08:46        228    60.5%    14.45783
Dimr [2026-05-18 18:31:46.98960] #4 >> TIME LOOP     68400.00000 --  16588800.00000 --  16520400.00000
Dimr [2026-05-18 18:31:46.98977] #4 >> TIME LOOP      3600.00000 --  16588800.00000 --  16520400.00000 --         0.00000 
** INFO   :           1d  5:00:00          0d 19:00:00          0d  0:13:20          0d  0:08:42        228    60.5%    14.45783
Dimr [2026-05-18 18:31:46.99359] #1 >> TIME LOOP     68400.00000 --  16588800.00000 --  16520400.00000
Dimr [2026-05-18 18:31:46.99377] #1 >> TIME LOOP      3600.00000 --  16588800.00000 --  16520400.00000 --         0.00000 
** INFO   :           1d  5:00:00          0d 19:00:00          0d  0:13:20          0d  0:08:42        228    60.5%    14.45783
Dimr [2026-05-18 18:31:46.99582] #3 >> TIME LOOP     68400.00000 --  16588800.00000 --  16520400.00000
Dimr [2026-05-18 18:31:46.99598] #3 >> TIME LOOP      3600.00000 --  16588800.00000 --  16520400.00000 --         0.00000 
** INFO   :           1d  5:00:00          0d 19:00:00          0d  0:13:19          0d  0:08:42        228    60.5%    14.45783
Dimr [2026-05-18 18:31:46.100416] #0 >> TIME LOOP     68400.00000 --  16588800.00000 --  16520400.00000
Dimr [2026-05-18 18:31:46.100432] #0 >> TIME LOOP      3600.00000 --  16588800.00000 --  16520400.00000 --         0.00000 
Dimr [2026-05-18 18:31:46.100444] #0 >> Parallel Startgroup: Current time:  16520400.00000 --  16516800.00000
Dimr [2026-05-18 18:31:46.100444] #4 >> Parallel Child: Current time:  16520400.00000 -- 0
Dimr [2026-05-18 18:31:46.100461] #0 >> 16520400.0:    wave.Update(    3600.0)
*****************************************************************
*  Start of Delft3D-WAVE ...
Dimr [2026-05-18 18:31:46.100444] #1 >> Parallel Child: Current time:  16520400.00000 -- 0
Dimr [2026-05-18 18:31:46.100444] #2 >> Parallel Child: Current time:  16520400.00000 -- 0
Dimr [2026-05-18 18:31:46.100444] #3 >> Parallel Child: Current time:  16520400.00000 -- 0
Dimr [2026-05-18 18:31:46.100444] #5 >> Parallel Child: Current time:  16520400.00000 -- 0
Dimr [2026-05-18 18:31:46.100444] #6 >> Parallel Child: Current time:  16520400.00000 -- 0
Dimr [2026-05-18 18:31:46.100444] #7 >> Parallel Child: Current time:  16520400.00000 -- 0
  Start loop over SWAN grids, time =      275340.000 minutes since 20250101.000000
  Allocate input fields
  Allocate and read SWAN depth
  Get flow fields, domain 1 :
  Get flow fields, domain 2 :
  Get flow fields, domain 3 :
  Get flow fields, domain 4 :
  Get flow fields, domain 5 :
  Get flow fields, domain 6 :
  Get flow fields, domain 7 :
  Get flow fields, domain 8 :
  Write SWAN depth file
  Write SWAN velocity file
  Write SWAN wind file
  Write SWAN input
  Using SWAN hotstart file: hot_1_20250711_040000.nc
<<Run SWAN...
>>...Check file swan_sh.log
>>...End of SWAN run
  Allocate output fields
  Read SWAN output
  WARNING: Found negative value(s) for dissip(2) in swanout file;
           value(s) set to zero
  Map WAVE parameters to FLOW grid          1
  Map WAVE parameters to FLOW grid          2
  Map WAVE parameters to FLOW grid          3
  Map WAVE parameters to FLOW grid          4
  Map WAVE parameters to FLOW grid          5
  Map WAVE parameters to FLOW grid          6
  Map WAVE parameters to FLOW grid          7
  Map WAVE parameters to FLOW grid          8
  Deallocate input fields
  Allocate input fields
  Allocate and read SWAN depth
  Get flow fields, domain 1 :
  Get flow fields, domain 2 :
  Get flow fields, domain 3 :
  Get flow fields, domain 4 :
  Get flow fields, domain 5 :
  Get flow fields, domain 6 :
  Get flow fields, domain 7 :
  Get flow fields, domain 8 :
  Write SWAN depth file
  Write SWAN velocity file
  Write SWAN wind file
  Write SWAN input
  Using SWAN hotstart file: hot_2_20250711_040000.nc
<<Run SWAN...
>>...Check file swan_sh.log
>>...End of SWAN run
  Allocate output fields
  Read SWAN output
  WARNING: Found negative value(s) for dissip(2) in swanout file;
           value(s) set to zero
  Map WAVE parameters to FLOW grid          1
  Map WAVE parameters to FLOW grid          2
  Map WAVE parameters to FLOW grid          3
  Map WAVE parameters to FLOW grid          4
  Map WAVE parameters to FLOW grid          5
  Map WAVE parameters to FLOW grid          6
  Map WAVE parameters to FLOW grid          7
  Map WAVE parameters to FLOW grid          8
  Deallocate input fields
  Convert parameters
  Write to com-file
  Convert parameters
  Write to com-file
  Convert parameters
  Write to com-file
  Convert parameters
  Write to com-file
  Convert parameters
  Write to com-file
  Convert parameters
  Write to com-file
  Convert parameters
  Write to com-file
  Convert parameters
  Write to com-file
*  End of Delft3D-WAVE
*****************************************************************
Dimr [2026-05-18 18:31:51.943962] #0 >> Parallel Child: Current time:  16520400.00000 -- 0
Dimr [2026-05-18 18:31:51.944022] #0 >> 16520400.0:    DFlowFM.Update(     3600.00000)
Dimr [2026-05-18 18:31:51.944029] #1 >> 16520400.0:    DFlowFM.Update(     3600.00000)
Dimr [2026-05-18 18:31:51.944029] #2 >> 16520400.0:    DFlowFM.Update(     3600.00000)
Dimr [2026-05-18 18:31:51.944029] #3 >> 16520400.0:    DFlowFM.Update(     3600.00000)
Dimr [2026-05-18 18:31:51.944027] #4 >> 16520400.0:    DFlowFM.Update(     3600.00000)
Dimr [2026-05-18 18:31:51.944025] #5 >> 16520400.0:    DFlowFM.Update(     3600.00000)
Dimr [2026-05-18 18:31:51.944026] #6 >> 16520400.0:    DFlowFM.Update(     3600.00000)
Dimr [2026-05-18 18:31:51.944027] #7 >> 16520400.0:    DFlowFM.Update(     3600.00000)
** INFO   :           1d  6:00:00          0d 18:00:00          0d  0:13:49          0d  0:08:16        216    62.6%    12.90323
Dimr [2026-05-18 18:32:16.868074] #6 >> TIME LOOP     64800.00000 --  16588800.00000 --  16524000.00000
Dimr [2026-05-18 18:32:16.868101] #6 >> TIME LOOP      3600.00000 --  16588800.00000 --  16524000.00000 --         0.00000 
** INFO   :           1d  6:00:00          0d 18:00:00          0d  0:13:49          0d  0:08:16        216    62.6%    12.90323
Dimr [2026-05-18 18:32:16.869699] #2 >> TIME LOOP     64800.00000 --  16588800.00000 --  16524000.00000
Dimr [2026-05-18 18:32:16.869729] #2 >> TIME LOOP      3600.00000 --  16588800.00000 --  16524000.00000 --         0.00000 
** INFO   :           1d  6:00:00          0d 18:00:00          0d  0:13:44          0d  0:08:13        216    62.6%    12.90323
Dimr [2026-05-18 18:32:16.870268] #7 >> TIME LOOP     64800.00000 --  16588800.00000 --  16524000.00000
Dimr [2026-05-18 18:32:16.870286] #7 >> TIME LOOP      3600.00000 --  16588800.00000 --  16524000.00000 --         0.00000 
** INFO   :           1d  6:00:00          0d 18:00:00          0d  0:13:49          0d  0:08:16        216    62.6%    12.90323
** INFO   :           1d  6:00:00          0d 18:00:00          0d  0:13:49          0d  0:08:16        216    62.6%    12.90323
Dimr [2026-05-18 18:32:16.870580] #5 >> TIME LOOP     64800.00000 --  16588800.00000 --  16524000.00000
Dimr [2026-05-18 18:32:16.870593] #5 >> TIME LOOP      3600.00000 --  16588800.00000 --  16524000.00000 --         0.00000 
Dimr [2026-05-18 18:32:16.870591] #4 >> TIME LOOP     64800.00000 --  16588800.00000 --  16524000.00000
Dimr [2026-05-18 18:32:16.870604] #4 >> TIME LOOP      3600.00000 --  16588800.00000 --  16524000.00000 --         0.00000 
** INFO   :           1d  6:00:00          0d 18:00:00          0d  0:13:44          0d  0:08:13        216    62.6%    12.90323
Dimr [2026-05-18 18:32:16.871050] #1 >> TIME LOOP     64800.00000 --  16588800.00000 --  16524000.00000
Dimr [2026-05-18 18:32:16.871068] #1 >> TIME LOOP      3600.00000 --  16588800.00000 --  16524000.00000 --         0.00000 
** INFO   :           1d  6:00:00          0d 18:00:00          0d  0:13:44          0d  0:08:13        216    62.6%    12.90323
Dimr [2026-05-18 18:32:16.871271] #3 >> TIME LOOP     64800.00000 --  16588800.00000 --  16524000.00000
Dimr [2026-05-18 18:32:16.871287] #3 >> TIME LOOP      3600.00000 --  16588800.00000 --  16524000.00000 --         0.00000 
** INFO   :           1d  6:00:00          0d 18:00:00          0d  0:13:43          0d  0:08:13        216    62.6%    12.90323
Dimr [2026-05-18 18:32:16.872152] #0 >> TIME LOOP     64800.00000 --  16588800.00000 --  16524000.00000
Dimr [2026-05-18 18:32:16.872168] #0 >> TIME LOOP      3600.00000 --  16588800.00000 --  16524000.00000 --         0.00000 
Dimr [2026-05-18 18:32:16.872180] #6 >> Parallel Child: Current time:  16524000.00000 -- 0
Dimr [2026-05-18 18:32:16.872180] #0 >> Parallel Startgroup: Current time:  16524000.00000 --  16520400.00000
Dimr [2026-05-18 18:32:16.872198] #0 >> 16524000.0:    wave.Update(    3600.0)
*****************************************************************
*  Start of Delft3D-WAVE ...
Dimr [2026-05-18 18:32:16.872180] #1 >> Parallel Child: Current time:  16524000.00000 -- 0
Dimr [2026-05-18 18:32:16.872180] #2 >> Parallel Child: Current time:  16524000.00000 -- 0
Dimr [2026-05-18 18:32:16.872180] #3 >> Parallel Child: Current time:  16524000.00000 -- 0
Dimr [2026-05-18 18:32:16.872180] #4 >> Parallel Child: Current time:  16524000.00000 -- 0
Dimr [2026-05-18 18:32:16.872180] #5 >> Parallel Child: Current time:  16524000.00000 -- 0
Dimr [2026-05-18 18:32:16.872180] #7 >> Parallel Child: Current time:  16524000.00000 -- 0
  Start loop over SWAN grids, time =      275400.000 minutes since 20250101.000000
  Allocate input fields
  Allocate and read SWAN depth
  Get flow fields, domain 1 :
  Get flow fields, domain 2 :
  Get flow fields, domain 3 :
  Get flow fields, domain 4 :
  Get flow fields, domain 5 :
  Get flow fields, domain 6 :
  Get flow fields, domain 7 :
  Get flow fields, domain 8 :
  Write SWAN depth file
  Write SWAN velocity file
  Write SWAN wind file
  Write SWAN input
  Using SWAN hotstart file: hot_1_20250711_050000.nc
<<Run SWAN...
>>...Check file swan_sh.log
>>...End of SWAN run
  Allocate output fields
  Read SWAN output
  WARNING: Found negative value(s) for dissip(2) in swanout file;
           value(s) set to zero
  Map WAVE parameters to FLOW grid          1
  Map WAVE parameters to FLOW grid          2
  Map WAVE parameters to FLOW grid          3
  Map WAVE parameters to FLOW grid          4
  Map WAVE parameters to FLOW grid          5
  Map WAVE parameters to FLOW grid          6
  Map WAVE parameters to FLOW grid          7
  Map WAVE parameters to FLOW grid          8
  Write WAVE map file, nest          1 time      275400.000
  Time written     275400
  Write WAVE NetCDF map file, nest          1 time 275400.000
 Number of non-existing grid points detected:            0
  Deallocate input fields
  Allocate input fields
  Allocate and read SWAN depth
  Get flow fields, domain 1 :
  Get flow fields, domain 2 :
  Get flow fields, domain 3 :
  Get flow fields, domain 4 :
  Get flow fields, domain 5 :
  Get flow fields, domain 6 :
  Get flow fields, domain 7 :
  Get flow fields, domain 8 :
  Write SWAN depth file
  Write SWAN velocity file
  Write SWAN wind file
  Write SWAN input
  Using SWAN hotstart file: hot_2_20250711_050000.nc
<<Run SWAN...
>>...Check file swan_sh.log
>>...End of SWAN run
  Allocate output fields
  Read SWAN output
  WARNING: Found negative value(s) for dissip(2) in swanout file;
           value(s) set to zero
  Map WAVE parameters to FLOW grid          1
  Map WAVE parameters to FLOW grid          2
  Map WAVE parameters to FLOW grid          3
  Map WAVE parameters to FLOW grid          4
  Map WAVE parameters to FLOW grid          5
  Map WAVE parameters to FLOW grid          6
  Map WAVE parameters to FLOW grid          7
  Map WAVE parameters to FLOW grid          8
  Write WAVE map file, nest          2 time      275400.000
  Time written     275400
  Write WAVE NetCDF map file, nest          2 time 275400.000
 Number of non-existing grid points detected:            0
  Deallocate input fields
  Convert parameters
  Write to com-file
  Convert parameters
  Write to com-file
  Convert parameters
  Write to com-file
  Convert parameters
  Write to com-file
  Convert parameters
  Write to com-file
  Convert parameters
  Write to com-file
  Convert parameters
  Write to com-file
  Convert parameters
  Write to com-file
*  End of Delft3D-WAVE
*****************************************************************
Dimr [2026-05-18 18:32:22.943233] #0 >> Parallel Child: Current time:  16524000.00000 -- 0
Dimr [2026-05-18 18:32:22.943291] #0 >> 16524000.0:    DFlowFM.Update(     3600.00000)
Dimr [2026-05-18 18:32:22.943295] #1 >> 16524000.0:    DFlowFM.Update(     3600.00000)
Dimr [2026-05-18 18:32:22.943295] #2 >> 16524000.0:    DFlowFM.Update(     3600.00000)
Dimr [2026-05-18 18:32:22.943295] #3 >> 16524000.0:    DFlowFM.Update(     3600.00000)
Dimr [2026-05-18 18:32:22.943290] #4 >> 16524000.0:    DFlowFM.Update(     3600.00000)
Dimr [2026-05-18 18:32:22.943291] #5 >> 16524000.0:    DFlowFM.Update(     3600.00000)
Dimr [2026-05-18 18:32:22.943290] #6 >> 16524000.0:    DFlowFM.Update(     3600.00000)
Dimr [2026-05-18 18:32:22.943290] #7 >> 16524000.0:    DFlowFM.Update(     3600.00000)
** INFO   :           1d  7:00:00          0d 17:00:00          0d  0:14:20          0d  0:07:50        204    64.6%    10.37464
Dimr [2026-05-18 18:32:54.128402] #6 >> TIME LOOP     61200.00000 --  16588800.00000 --  16527600.00000
Dimr [2026-05-18 18:32:54.128429] #6 >> TIME LOOP      3600.00000 --  16588800.00000 --  16527600.00000 --         0.00000 
** INFO   :           1d  7:00:00          0d 17:00:00          0d  0:14:20          0d  0:07:50        204    64.6%    10.37464
Dimr [2026-05-18 18:32:54.130099] #2 >> TIME LOOP     61200.00000 --  16588800.00000 --  16527600.00000
Dimr [2026-05-18 18:32:54.130124] #2 >> TIME LOOP      3600.00000 --  16588800.00000 --  16527600.00000 --         0.00000 
** INFO   :           1d  7:00:00          0d 17:00:00          0d  0:14:15          0d  0:07:47        204    64.6%    10.37464
Dimr [2026-05-18 18:32:54.130362] #7 >> TIME LOOP     61200.00000 --  16588800.00000 --  16527600.00000
Dimr [2026-05-18 18:32:54.130379] #7 >> TIME LOOP      3600.00000 --  16588800.00000 --  16527600.00000 --         0.00000 
** INFO   :           1d  7:00:00          0d 17:00:00          0d  0:14:20          0d  0:07:50        204    64.6%    10.37464
** INFO   :           1d  7:00:00          0d 17:00:00          0d  0:14:20          0d  0:07:50        204    64.6%    10.37464
Dimr [2026-05-18 18:32:54.130855] #4 >> TIME LOOP     61200.00000 --  16588800.00000 --  16527600.00000
Dimr [2026-05-18 18:32:54.130870] #4 >> TIME LOOP      3600.00000 --  16588800.00000 --  16527600.00000 --         0.00000 
Dimr [2026-05-18 18:32:54.130855] #5 >> TIME LOOP     61200.00000 --  16588800.00000 --  16527600.00000
Dimr [2026-05-18 18:32:54.130870] #5 >> TIME LOOP      3600.00000 --  16588800.00000 --  16527600.00000 --         0.00000 
** INFO   :           1d  7:00:00          0d 17:00:00          0d  0:14:14          0d  0:07:47        204    64.6%    10.37464
Dimr [2026-05-18 18:32:54.131556] #1 >> TIME LOOP     61200.00000 --  16588800.00000 --  16527600.00000
Dimr [2026-05-18 18:32:54.131575] #1 >> TIME LOOP      3600.00000 --  16588800.00000 --  16527600.00000 --         0.00000 
** INFO   :           1d  7:00:00          0d 17:00:00          0d  0:14:14          0d  0:07:47        204    64.6%    10.37464
Dimr [2026-05-18 18:32:54.131667] #3 >> TIME LOOP     61200.00000 --  16588800.00000 --  16527600.00000
Dimr [2026-05-18 18:32:54.131683] #3 >> TIME LOOP      3600.00000 --  16588800.00000 --  16527600.00000 --         0.00000 
** INFO   :           1d  7:00:00          0d 17:00:00          0d  0:14:14          0d  0:07:47        204    64.6%    10.37464
Dimr [2026-05-18 18:32:54.132728] #0 >> TIME LOOP     61200.00000 --  16588800.00000 --  16527600.00000
Dimr [2026-05-18 18:32:54.132744] #0 >> TIME LOOP      3600.00000 --  16588800.00000 --  16527600.00000 --         0.00000 
Dimr [2026-05-18 18:32:54.132756] #3 >> Parallel Child: Current time:  16527600.00000 -- 0
Dimr [2026-05-18 18:32:54.132756] #5 >> Parallel Child: Current time:  16527600.00000 -- 0
Dimr [2026-05-18 18:32:54.132756] #6 >> Parallel Child: Current time:  16527600.00000 -- 0
Dimr [2026-05-18 18:32:54.132756] #7 >> Parallel Child: Current time:  16527600.00000 -- 0
Dimr [2026-05-18 18:32:54.132755] #0 >> Parallel Startgroup: Current time:  16527600.00000 --  16524000.00000
Dimr [2026-05-18 18:32:54.132773] #0 >> 16527600.0:    wave.Update(    3600.0)
*****************************************************************
*  Start of Delft3D-WAVE ...
  Start loop over SWAN grids, time =      275460.000 minutes since 20250101.000000
  Allocate input fields
Dimr [2026-05-18 18:32:54.132756] #1 >> Parallel Child: Current time:  16527600.00000 -- 0
Dimr [2026-05-18 18:32:54.132756] #2 >> Parallel Child: Current time:  16527600.00000 -- 0
Dimr [2026-05-18 18:32:54.132756] #4 >> Parallel Child: Current time:  16527600.00000 -- 0
  Allocate and read SWAN depth
  Get flow fields, domain 1 :
  Get flow fields, domain 2 :
  Get flow fields, domain 3 :
  Get flow fields, domain 4 :
  Get flow fields, domain 5 :
  Get flow fields, domain 6 :
  Get flow fields, domain 7 :
  Get flow fields, domain 8 :
  Write SWAN depth file
  Write SWAN velocity file
  Write SWAN wind file
  Write SWAN input
  Using SWAN hotstart file: hot_1_20250711_060000.nc
<<Run SWAN...
>>...Check file swan_sh.log
>>...End of SWAN run
  Allocate output fields
  Read SWAN output
  WARNING: Found negative value(s) for dissip(2) in swanout file;
           value(s) set to zero
  Map WAVE parameters to FLOW grid          1
  Map WAVE parameters to FLOW grid          2
  Map WAVE parameters to FLOW grid          3
  Map WAVE parameters to FLOW grid          4
  Map WAVE parameters to FLOW grid          5
  Map WAVE parameters to FLOW grid          6
  Map WAVE parameters to FLOW grid          7
  Map WAVE parameters to FLOW grid          8
  Deallocate input fields
  Allocate input fields
  Allocate and read SWAN depth
  Get flow fields, domain 1 :
  Get flow fields, domain 2 :
  Get flow fields, domain 3 :
  Get flow fields, domain 4 :
  Get flow fields, domain 5 :
  Get flow fields, domain 6 :
  Get flow fields, domain 7 :
  Get flow fields, domain 8 :
  Write SWAN depth file
  Write SWAN velocity file
  Write SWAN wind file
  Write SWAN input
  Using SWAN hotstart file: hot_2_20250711_060000.nc
<<Run SWAN...
>>...Check file swan_sh.log
>>...End of SWAN run
  Allocate output fields
  Read SWAN output
  WARNING: Found negative value(s) for dissip(2) in swanout file;
           value(s) set to zero
  Map WAVE parameters to FLOW grid          1
  Map WAVE parameters to FLOW grid          2
  Map WAVE parameters to FLOW grid          3
  Map WAVE parameters to FLOW grid          4
  Map WAVE parameters to FLOW grid          5
  Map WAVE parameters to FLOW grid          6
  Map WAVE parameters to FLOW grid          7
  Map WAVE parameters to FLOW grid          8
  Deallocate input fields
  Convert parameters
  Write to com-file
  Convert parameters
  Write to com-file
  Convert parameters
  Write to com-file
  Convert parameters
  Write to com-file
  Convert parameters
  Write to com-file
  Convert parameters
  Write to com-file
  Convert parameters
  Write to com-file
  Convert parameters
  Write to com-file
*  End of Delft3D-WAVE
*****************************************************************
Dimr [2026-05-18 18:33:00.920441] #0 >> Parallel Child: Current time:  16527600.00000 -- 0
Dimr [2026-05-18 18:33:00.920487] #0 >> 16527600.0:    DFlowFM.Update(     3600.00000)
Dimr [2026-05-18 18:33:00.920502] #1 >> 16527600.0:    DFlowFM.Update(     3600.00000)
Dimr [2026-05-18 18:33:00.920498] #2 >> 16527600.0:    DFlowFM.Update(     3600.00000)
Dimr [2026-05-18 18:33:00.920498] #3 >> 16527600.0:    DFlowFM.Update(     3600.00000)
Dimr [2026-05-18 18:33:00.920502] #4 >> 16527600.0:    DFlowFM.Update(     3600.00000)
Dimr [2026-05-18 18:33:00.920500] #5 >> 16527600.0:    DFlowFM.Update(     3600.00000)
Dimr [2026-05-18 18:33:00.920493] #6 >> 16527600.0:    DFlowFM.Update(     3600.00000)
Dimr [2026-05-18 18:33:00.920501] #7 >> 16527600.0:    DFlowFM.Update(     3600.00000)
** INFO   :  Minimum temperature encountered and limited in           10  cell(s).
** INFO   :  Minimum salinity encountered and limited in           10  cell(s).
** INFO   :  Minimum salinity encountered =   -38.3652085727844
** INFO   :           1d  8:00:00          0d 16:00:00          0d  0:14:59          0d  0:07:28        192    66.7%     8.33333
Dimr [2026-05-18 18:33:39.871454] #6 >> TIME LOOP     57600.00000 --  16588800.00000 --  16531200.00000
Dimr [2026-05-18 18:33:39.871480] #6 >> TIME LOOP      3600.00000 --  16588800.00000 --  16531200.00000 --         0.00000 
** INFO   :           1d  8:00:00          0d 16:00:00          0d  0:14:58          0d  0:07:28        192    66.7%     8.33333
Dimr [2026-05-18 18:33:39.873207] #2 >> TIME LOOP     57600.00000 --  16588800.00000 --  16531200.00000
Dimr [2026-05-18 18:33:39.873233] #2 >> TIME LOOP      3600.00000 --  16588800.00000 --  16531200.00000 --         0.00000 
** INFO   :           1d  8:00:00          0d 16:00:00          0d  0:14:53          0d  0:07:25        192    66.7%     8.33333
Dimr [2026-05-18 18:33:39.873440] #7 >> TIME LOOP     57600.00000 --  16588800.00000 --  16531200.00000
Dimr [2026-05-18 18:33:39.873457] #7 >> TIME LOOP      3600.00000 --  16588800.00000 --  16531200.00000 --         0.00000 
** INFO   :           1d  8:00:00          0d 16:00:00          0d  0:14:58          0d  0:07:28        192    66.7%     8.33333
** INFO   :           1d  8:00:00          0d 16:00:00          0d  0:14:58          0d  0:07:28        192    66.7%     8.33333
Dimr [2026-05-18 18:33:39.873897] #4 >> TIME LOOP     57600.00000 --  16588800.00000 --  16531200.00000
Dimr [2026-05-18 18:33:39.873910] #4 >> TIME LOOP      3600.00000 --  16588800.00000 --  16531200.00000 --         0.00000 
Dimr [2026-05-18 18:33:39.873890] #5 >> TIME LOOP     57600.00000 --  16588800.00000 --  16531200.00000
Dimr [2026-05-18 18:33:39.873905] #5 >> TIME LOOP      3600.00000 --  16588800.00000 --  16531200.00000 --         0.00000 
** INFO   :           1d  8:00:00          0d 16:00:00          0d  0:14:53          0d  0:07:25        192    66.7%     8.33333
Dimr [2026-05-18 18:33:39.874519] #1 >> TIME LOOP     57600.00000 --  16588800.00000 --  16531200.00000
Dimr [2026-05-18 18:33:39.874538] #1 >> TIME LOOP      3600.00000 --  16588800.00000 --  16531200.00000 --         0.00000 
** INFO   :           1d  8:00:00          0d 16:00:00          0d  0:14:53          0d  0:07:25        192    66.7%     8.33333
Dimr [2026-05-18 18:33:39.874759] #3 >> TIME LOOP     57600.00000 --  16588800.00000 --  16531200.00000
Dimr [2026-05-18 18:33:39.874776] #3 >> TIME LOOP      3600.00000 --  16588800.00000 --  16531200.00000 --         0.00000 
** INFO   :           1d  8:00:00          0d 16:00:00          0d  0:14:52          0d  0:07:25        192    66.7%     8.33333
Dimr [2026-05-18 18:33:39.875606] #0 >> TIME LOOP     57600.00000 --  16588800.00000 --  16531200.00000
Dimr [2026-05-18 18:33:39.875622] #0 >> TIME LOOP      3600.00000 --  16588800.00000 --  16531200.00000 --         0.00000 
Dimr [2026-05-18 18:33:39.875633] #5 >> Parallel Child: Current time:  16531200.00000 -- 0
Dimr [2026-05-18 18:33:39.875633] #6 >> Parallel Child: Current time:  16531200.00000 -- 0
Dimr [2026-05-18 18:33:39.875633] #7 >> Parallel Child: Current time:  16531200.00000 -- 0
Dimr [2026-05-18 18:33:39.875633] #0 >> Parallel Startgroup: Current time:  16531200.00000 --  16527600.00000
Dimr [2026-05-18 18:33:39.875650] #0 >> 16531200.0:    wave.Update(    3600.0)
*****************************************************************
*  Start of Delft3D-WAVE ...
Dimr [2026-05-18 18:33:39.875633] #1 >> Parallel Child: Current time:  16531200.00000 -- 0
Dimr [2026-05-18 18:33:39.875633] #2 >> Parallel Child: Current time:  16531200.00000 -- 0
Dimr [2026-05-18 18:33:39.875633] #3 >> Parallel Child: Current time:  16531200.00000 -- 0
Dimr [2026-05-18 18:33:39.875633] #4 >> Parallel Child: Current time:  16531200.00000 -- 0
  Start loop over SWAN grids, time =      275520.000 minutes since 20250101.000000
  Allocate input fields
  Allocate and read SWAN depth
  Get flow fields, domain 1 :
  Get flow fields, domain 2 :
  Get flow fields, domain 3 :
  Get flow fields, domain 4 :
  Get flow fields, domain 5 :
  Get flow fields, domain 6 :
  Get flow fields, domain 7 :
  Get flow fields, domain 8 :
  Write SWAN depth file
  Write SWAN velocity file
  Write SWAN wind file
  Write SWAN input
  Using SWAN hotstart file: hot_1_20250711_070000.nc
<<Run SWAN...
>>...Check file swan_sh.log
>>...End of SWAN run
  Allocate output fields
  Read SWAN output
  WARNING: Found negative value(s) for dissip(2) in swanout file;
           value(s) set to zero
  Map WAVE parameters to FLOW grid          1
  Map WAVE parameters to FLOW grid          2
  Map WAVE parameters to FLOW grid          3
  Map WAVE parameters to FLOW grid          4
  Map WAVE parameters to FLOW grid          5
  Map WAVE parameters to FLOW grid          6
  Map WAVE parameters to FLOW grid          7
  Map WAVE parameters to FLOW grid          8
  Deallocate input fields
  Allocate input fields
  Allocate and read SWAN depth
  Get flow fields, domain 1 :
  Get flow fields, domain 2 :
  Get flow fields, domain 3 :
  Get flow fields, domain 4 :
  Get flow fields, domain 5 :
  Get flow fields, domain 6 :
  Get flow fields, domain 7 :
  Get flow fields, domain 8 :
  Write SWAN depth file
  Write SWAN velocity file
  Write SWAN wind file
  Write SWAN input
  Using SWAN hotstart file: hot_2_20250711_070000.nc
<<Run SWAN...
>>...Check file swan_sh.log
>>...End of SWAN run
  Allocate output fields
  Read SWAN output
  WARNING: Found negative value(s) for dissip(2) in swanout file;
           value(s) set to zero
  Map WAVE parameters to FLOW grid          1
  Map WAVE parameters to FLOW grid          2
  Map WAVE parameters to FLOW grid          3
  Map WAVE parameters to FLOW grid          4
  Map WAVE parameters to FLOW grid          5
  Map WAVE parameters to FLOW grid          6
  Map WAVE parameters to FLOW grid          7
  Map WAVE parameters to FLOW grid          8
  Deallocate input fields
  Convert parameters
  Write to com-file
  Convert parameters
  Write to com-file
  Convert parameters
  Write to com-file
  Convert parameters
  Write to com-file
  Convert parameters
  Write to com-file
  Convert parameters
  Write to com-file
  Convert parameters
  Write to com-file
  Convert parameters
  Write to com-file
*  End of Delft3D-WAVE
*****************************************************************
Dimr [2026-05-18 18:33:49.69271] #0 >> Parallel Child: Current time:  16531200.00000 -- 0
Dimr [2026-05-18 18:33:49.69304] #0 >> 16531200.0:    DFlowFM.Update(     3600.00000)
Dimr [2026-05-18 18:33:49.69305] #4 >> 16531200.0:    DFlowFM.Update(     3600.00000)
Dimr [2026-05-18 18:33:49.69305] #5 >> 16531200.0:    DFlowFM.Update(     3600.00000)
Dimr [2026-05-18 18:33:49.69306] #7 >> 16531200.0:    DFlowFM.Update(     3600.00000)
Dimr [2026-05-18 18:33:49.69309] #1 >> 16531200.0:    DFlowFM.Update(     3600.00000)
Dimr [2026-05-18 18:33:49.69309] #2 >> 16531200.0:    DFlowFM.Update(     3600.00000)
Dimr [2026-05-18 18:33:49.69309] #3 >> 16531200.0:    DFlowFM.Update(     3600.00000)
Dimr [2026-05-18 18:33:49.69313] #6 >> 16531200.0:    DFlowFM.Update(     3600.00000)
** INFO   :           1d  9:00:00          0d 15:00:00          0d  0:15:40          0d  0:07:06        180    68.8%     7.79221
Dimr [2026-05-18 18:34:31.37041] #6 >> TIME LOOP     54000.00000 --  16588800.00000 --  16534800.00000
Dimr [2026-05-18 18:34:31.37069] #6 >> TIME LOOP      3600.00000 --  16588800.00000 --  16534800.00000 --         0.00000 
** INFO   :           1d  9:00:00          0d 15:00:00          0d  0:15:40          0d  0:07:06        180    68.8%     7.79221
Dimr [2026-05-18 18:34:31.38640] #2 >> TIME LOOP     54000.00000 --  16588800.00000 --  16534800.00000
Dimr [2026-05-18 18:34:31.38666] #2 >> TIME LOOP      3600.00000 --  16588800.00000 --  16534800.00000 --         0.00000 
** INFO   :           1d  9:00:00          0d 15:00:00          0d  0:15:34          0d  0:07:04        180    68.8%     7.79221
Dimr [2026-05-18 18:34:31.39049] #7 >> TIME LOOP     54000.00000 --  16588800.00000 --  16534800.00000
Dimr [2026-05-18 18:34:31.39066] #7 >> TIME LOOP      3600.00000 --  16588800.00000 --  16534800.00000 --         0.00000 
** INFO   :           1d  9:00:00          0d 15:00:00          0d  0:15:39          0d  0:07:06        180    68.8%     7.79221
Dimr [2026-05-18 18:34:31.39407] #5 >> TIME LOOP     54000.00000 --  16588800.00000 --  16534800.00000
Dimr [2026-05-18 18:34:31.39422] #5 >> TIME LOOP      3600.00000 --  16588800.00000 --  16534800.00000 --         0.00000 
** INFO   :           1d  9:00:00          0d 15:00:00          0d  0:15:40          0d  0:07:06        180    68.8%     7.79221
Dimr [2026-05-18 18:34:31.39483] #4 >> TIME LOOP     54000.00000 --  16588800.00000 --  16534800.00000
Dimr [2026-05-18 18:34:31.39497] #4 >> TIME LOOP      3600.00000 --  16588800.00000 --  16534800.00000 --         0.00000 
** INFO   :           1d  9:00:00          0d 15:00:00          0d  0:15:34          0d  0:07:03        180    68.8%     7.79221
Dimr [2026-05-18 18:34:31.40087] #1 >> TIME LOOP     54000.00000 --  16588800.00000 --  16534800.00000
Dimr [2026-05-18 18:34:31.40105] #1 >> TIME LOOP      3600.00000 --  16588800.00000 --  16534800.00000 --         0.00000 
** INFO   :           1d  9:00:00          0d 15:00:00          0d  0:15:34          0d  0:07:04        180    68.8%     7.79221
Dimr [2026-05-18 18:34:31.40219] #3 >> TIME LOOP     54000.00000 --  16588800.00000 --  16534800.00000
Dimr [2026-05-18 18:34:31.40234] #3 >> TIME LOOP      3600.00000 --  16588800.00000 --  16534800.00000 --         0.00000 
** INFO   :           1d  9:00:00          0d 15:00:00          0d  0:15:33          0d  0:07:03        180    68.8%     7.79221
Dimr [2026-05-18 18:34:31.41005] #0 >> TIME LOOP     54000.00000 --  16588800.00000 --  16534800.00000
Dimr [2026-05-18 18:34:31.41022] #0 >> TIME LOOP      3600.00000 --  16588800.00000 --  16534800.00000 --         0.00000 
Dimr [2026-05-18 18:34:31.41034] #3 >> Parallel Child: Current time:  16534800.00000 -- 0
Dimr [2026-05-18 18:34:31.41034] #5 >> Parallel Child: Current time:  16534800.00000 -- 0
Dimr [2026-05-18 18:34:31.41035] #6 >> Parallel Child: Current time:  16534800.00000 -- 0
Dimr [2026-05-18 18:34:31.41034] #7 >> Parallel Child: Current time:  16534800.00000 -- 0
Dimr [2026-05-18 18:34:31.41034] #0 >> Parallel Startgroup: Current time:  16534800.00000 --  16531200.00000
Dimr [2026-05-18 18:34:31.41050] #0 >> 16534800.0:    wave.Update(    3600.0)
*****************************************************************
*  Start of Delft3D-WAVE ...
  Start loop over SWAN grids, time =      275580.000 minutes since 20250101.000000
  Allocate input fields
Dimr [2026-05-18 18:34:31.41034] #1 >> Parallel Child: Current time:  16534800.00000 -- 0
Dimr [2026-05-18 18:34:31.41034] #2 >> Parallel Child: Current time:  16534800.00000 -- 0
Dimr [2026-05-18 18:34:31.41034] #4 >> Parallel Child: Current time:  16534800.00000 -- 0
  Allocate and read SWAN depth
  Get flow fields, domain 1 :
  Get flow fields, domain 2 :
  Get flow fields, domain 3 :
  Get flow fields, domain 4 :
  Get flow fields, domain 5 :
  Get flow fields, domain 6 :
  Get flow fields, domain 7 :
  Get flow fields, domain 8 :
  Write SWAN depth file
  Write SWAN velocity file
  Write SWAN wind file
  Write SWAN input
  Using SWAN hotstart file: hot_1_20250711_080000.nc
<<Run SWAN...
>>...Check file swan_sh.log
>>...End of SWAN run
  Allocate output fields
  Read SWAN output
  WARNING: Found negative value(s) for dissip(2) in swanout file;
           value(s) set to zero
  Map WAVE parameters to FLOW grid          1
  Map WAVE parameters to FLOW grid          2
  Map WAVE parameters to FLOW grid          3
  Map WAVE parameters to FLOW grid          4
  Map WAVE parameters to FLOW grid          5
  Map WAVE parameters to FLOW grid          6
  Map WAVE parameters to FLOW grid          7
  Map WAVE parameters to FLOW grid          8
  Deallocate input fields
  Allocate input fields
  Allocate and read SWAN depth
  Get flow fields, domain 1 :
  Get flow fields, domain 2 :
  Get flow fields, domain 3 :
  Get flow fields, domain 4 :
  Get flow fields, domain 5 :
  Get flow fields, domain 6 :
  Get flow fields, domain 7 :
  Get flow fields, domain 8 :
  Write SWAN depth file
  Write SWAN velocity file
  Write SWAN wind file
  Write SWAN input
  Using SWAN hotstart file: hot_2_20250711_080000.nc
<<Run SWAN...
>>...Check file swan_sh.log
>>...End of SWAN run
  Allocate output fields
  Read SWAN output
  WARNING: Found negative value(s) for dissip(2) in swanout file;
           value(s) set to zero
  Map WAVE parameters to FLOW grid          1
  Map WAVE parameters to FLOW grid          2
  Map WAVE parameters to FLOW grid          3
  Map WAVE parameters to FLOW grid          4
  Map WAVE parameters to FLOW grid          5
  Map WAVE parameters to FLOW grid          6
  Map WAVE parameters to FLOW grid          7
  Map WAVE parameters to FLOW grid          8
  Deallocate input fields
  Convert parameters
  Write to com-file
  Convert parameters
  Write to com-file
  Convert parameters
  Write to com-file
  Convert parameters
  Write to com-file
  Convert parameters
  Write to com-file
  Convert parameters
  Write to com-file
  Convert parameters
  Write to com-file
  Convert parameters
  Write to com-file
*  End of Delft3D-WAVE
*****************************************************************
Dimr [2026-05-18 18:34:36.221831] #0 >> Parallel Child: Current time:  16534800.00000 -- 0
Dimr [2026-05-18 18:34:36.221862] #0 >> 16534800.0:    DFlowFM.Update(     3600.00000)
Dimr [2026-05-18 18:34:36.221867] #4 >> 16534800.0:    DFlowFM.Update(     3600.00000)
Dimr [2026-05-18 18:34:36.221866] #5 >> 16534800.0:    DFlowFM.Update(     3600.00000)
Dimr [2026-05-18 18:34:36.221867] #6 >> 16534800.0:    DFlowFM.Update(     3600.00000)
Dimr [2026-05-18 18:34:36.221865] #7 >> 16534800.0:    DFlowFM.Update(     3600.00000)
Dimr [2026-05-18 18:34:36.221870] #1 >> 16534800.0:    DFlowFM.Update(     3600.00000)
Dimr [2026-05-18 18:34:36.221870] #2 >> 16534800.0:    DFlowFM.Update(     3600.00000)
Dimr [2026-05-18 18:34:36.221870] #3 >> 16534800.0:    DFlowFM.Update(     3600.00000)
** INFO   :           1d 10:00:00          0d 14:00:00          0d  0:16:26          0d  0:06:45        168    70.9%     7.12871
Dimr [2026-05-18 18:35:22.212785] #6 >> TIME LOOP     50400.00000 --  16588800.00000 --  16538400.00000
Dimr [2026-05-18 18:35:22.212812] #6 >> TIME LOOP      3600.00000 --  16588800.00000 --  16538400.00000 --         0.00000 
** INFO   :           1d 10:00:00          0d 14:00:00          0d  0:16:25          0d  0:06:45        168    70.9%     7.12871
Dimr [2026-05-18 18:35:22.214416] #2 >> TIME LOOP     50400.00000 --  16588800.00000 --  16538400.00000
Dimr [2026-05-18 18:35:22.214440] #2 >> TIME LOOP      3600.00000 --  16588800.00000 --  16538400.00000 --         0.00000 
** INFO   :           1d 10:00:00          0d 14:00:00          0d  0:16:20          0d  0:06:42        168    70.9%     7.12871
Dimr [2026-05-18 18:35:22.214791] #7 >> TIME LOOP     50400.00000 --  16588800.00000 --  16538400.00000
Dimr [2026-05-18 18:35:22.214809] #7 >> TIME LOOP      3600.00000 --  16588800.00000 --  16538400.00000 --         0.00000 
** INFO   :           1d 10:00:00          0d 14:00:00          0d  0:16:25          0d  0:06:45        168    70.9%     7.12871
** INFO   :           1d 10:00:00          0d 14:00:00          0d  0:16:25          0d  0:06:45        168    70.9%     7.12871
Dimr [2026-05-18 18:35:22.215248] #4 >> TIME LOOP     50400.00000 --  16588800.00000 --  16538400.00000
Dimr [2026-05-18 18:35:22.215261] #4 >> TIME LOOP      3600.00000 --  16588800.00000 --  16538400.00000 --         0.00000 
Dimr [2026-05-18 18:35:22.215284] #5 >> TIME LOOP     50400.00000 --  16588800.00000 --  16538400.00000
Dimr [2026-05-18 18:35:22.215300] #5 >> TIME LOOP      3600.00000 --  16588800.00000 --  16538400.00000 --         0.00000 
** INFO   :           1d 10:00:00          0d 14:00:00          0d  0:16:19          0d  0:06:42        168    70.9%     7.12871
Dimr [2026-05-18 18:35:22.215775] #1 >> TIME LOOP     50400.00000 --  16588800.00000 --  16538400.00000
Dimr [2026-05-18 18:35:22.215793] #1 >> TIME LOOP      3600.00000 --  16588800.00000 --  16538400.00000 --         0.00000 
** INFO   :           1d 10:00:00          0d 14:00:00          0d  0:16:19          0d  0:06:42        168    70.9%     7.12871
Dimr [2026-05-18 18:35:22.215983] #3 >> TIME LOOP     50400.00000 --  16588800.00000 --  16538400.00000
Dimr [2026-05-18 18:35:22.215999] #3 >> TIME LOOP      3600.00000 --  16588800.00000 --  16538400.00000 --         0.00000 
** INFO   :           1d 10:00:00          0d 14:00:00          0d  0:16:19          0d  0:06:42        168    70.9%     7.12871
Dimr [2026-05-18 18:35:22.216829] #0 >> TIME LOOP     50400.00000 --  16588800.00000 --  16538400.00000
Dimr [2026-05-18 18:35:22.216845] #0 >> TIME LOOP      3600.00000 --  16588800.00000 --  16538400.00000 --         0.00000 
Dimr [2026-05-18 18:35:22.216858] #0 >> Parallel Startgroup: Current time:  16538400.00000 --  16534800.00000
Dimr [2026-05-18 18:35:22.216871] #0 >> 16538400.0:    wave.Update(    3600.0)
Dimr [2026-05-18 18:35:22.216858] #1 >> Parallel Child: Current time:  16538400.00000 -- 0
Dimr [2026-05-18 18:35:22.216858] #2 >> Parallel Child: Current time:  16538400.00000 -- 0
Dimr [2026-05-18 18:35:22.216858] #3 >> Parallel Child: Current time:  16538400.00000 -- 0
Dimr [2026-05-18 18:35:22.216858] #4 >> Parallel Child: Current time:  16538400.00000 -- 0
Dimr [2026-05-18 18:35:22.216858] #5 >> Parallel Child: Current time:  16538400.00000 -- 0
Dimr [2026-05-18 18:35:22.216858] #6 >> Parallel Child: Current time:  16538400.00000 -- 0
Dimr [2026-05-18 18:35:22.216858] #7 >> Parallel Child: Current time:  16538400.00000 -- 0
*****************************************************************
*  Start of Delft3D-WAVE ...
  Start loop over SWAN grids, time =      275640.000 minutes since 20250101.000000
  Allocate input fields
  Allocate and read SWAN depth
  Get flow fields, domain 1 :
  Get flow fields, domain 2 :
  Get flow fields, domain 3 :
  Get flow fields, domain 4 :
  Get flow fields, domain 5 :
  Get flow fields, domain 6 :
  Get flow fields, domain 7 :
  Get flow fields, domain 8 :
  Write SWAN depth file
  Write SWAN velocity file
  Write SWAN wind file
  Write SWAN input
  Using SWAN hotstart file: hot_1_20250711_090000.nc
<<Run SWAN...
>>...Check file swan_sh.log
>>...End of SWAN run
  Allocate output fields
  Read SWAN output
  WARNING: Found negative value(s) for dissip(2) in swanout file;
           value(s) set to zero
  Map WAVE parameters to FLOW grid          1
  Map WAVE parameters to FLOW grid          2
  Map WAVE parameters to FLOW grid          3
  Map WAVE parameters to FLOW grid          4
  Map WAVE parameters to FLOW grid          5
  Map WAVE parameters to FLOW grid          6
  Map WAVE parameters to FLOW grid          7
  Map WAVE parameters to FLOW grid          8
  Deallocate input fields
  Allocate input fields
  Allocate and read SWAN depth
  Get flow fields, domain 1 :
  Get flow fields, domain 2 :
  Get flow fields, domain 3 :
  Get flow fields, domain 4 :
  Get flow fields, domain 5 :
  Get flow fields, domain 6 :
  Get flow fields, domain 7 :
  Get flow fields, domain 8 :
  Write SWAN depth file
  Write SWAN velocity file
  Write SWAN wind file
  Write SWAN input
  Using SWAN hotstart file: hot_2_20250711_090000.nc
<<Run SWAN...
>>...Check file swan_sh.log
>>...End of SWAN run
  Allocate output fields
  Read SWAN output
  WARNING: Found negative value(s) for dissip(2) in swanout file;
           value(s) set to zero
  Map WAVE parameters to FLOW grid          1
  Map WAVE parameters to FLOW grid          2
  Map WAVE parameters to FLOW grid          3
  Map WAVE parameters to FLOW grid          4
  Map WAVE parameters to FLOW grid          5
  Map WAVE parameters to FLOW grid          6
  Map WAVE parameters to FLOW grid          7
  Map WAVE parameters to FLOW grid          8
  Deallocate input fields
  Convert parameters
  Write to com-file
  Convert parameters
  Write to com-file
  Convert parameters
  Write to com-file
  Convert parameters
  Write to com-file
  Convert parameters
  Write to com-file
  Convert parameters
  Write to com-file
  Convert parameters
  Write to com-file
  Convert parameters
  Write to com-file
*  End of Delft3D-WAVE
*****************************************************************
Dimr [2026-05-18 18:35:29.18060] #0 >> Parallel Child: Current time:  16538400.00000 -- 0
Dimr [2026-05-18 18:35:29.18091] #0 >> 16538400.0:    DFlowFM.Update(     3600.00000)
Dimr [2026-05-18 18:35:29.18099] #1 >> 16538400.0:    DFlowFM.Update(     3600.00000)
Dimr [2026-05-18 18:35:29.18098] #2 >> 16538400.0:    DFlowFM.Update(     3600.00000)
Dimr [2026-05-18 18:35:29.18098] #3 >> 16538400.0:    DFlowFM.Update(     3600.00000)
Dimr [2026-05-18 18:35:29.18097] #4 >> 16538400.0:    DFlowFM.Update(     3600.00000)
Dimr [2026-05-18 18:35:29.18097] #5 >> 16538400.0:    DFlowFM.Update(     3600.00000)
Dimr [2026-05-18 18:35:29.18097] #6 >> 16538400.0:    DFlowFM.Update(     3600.00000)
Dimr [2026-05-18 18:35:29.18098] #7 >> 16538400.0:    DFlowFM.Update(     3600.00000)
** INFO   :           1d 11:00:00          0d 13:00:00          0d  0:17:12          0d  0:06:22        156    73.0%     6.97674
Dimr [2026-05-18 18:36:16.35184] #6 >> TIME LOOP     46800.00000 --  16588800.00000 --  16542000.00000
Dimr [2026-05-18 18:36:16.35211] #6 >> TIME LOOP      3600.00000 --  16588800.00000 --  16542000.00000 --         0.00000 
** INFO   :           1d 11:00:00          0d 13:00:00          0d  0:17:06          0d  0:06:20        156    73.0%     6.97674
Dimr [2026-05-18 18:36:16.37224] #7 >> TIME LOOP     46800.00000 --  16588800.00000 --  16542000.00000
Dimr [2026-05-18 18:36:16.37241] #7 >> TIME LOOP      3600.00000 --  16588800.00000 --  16542000.00000 --         0.00000 
** INFO   :           1d 11:00:00          0d 13:00:00          0d  0:17:12          0d  0:06:22        156    73.0%     6.97674
Dimr [2026-05-18 18:36:16.37287] #2 >> TIME LOOP     46800.00000 --  16588800.00000 --  16542000.00000
Dimr [2026-05-18 18:36:16.37317] #2 >> TIME LOOP      3600.00000 --  16588800.00000 --  16542000.00000 --         0.00000 
** INFO   :           1d 11:00:00          0d 13:00:00          0d  0:17:11          0d  0:06:22        156    73.0%     6.97674
Dimr [2026-05-18 18:36:16.37551] #5 >> TIME LOOP     46800.00000 --  16588800.00000 --  16542000.00000
Dimr [2026-05-18 18:36:16.37567] #5 >> TIME LOOP      3600.00000 --  16588800.00000 --  16542000.00000 --         0.00000 
** INFO   :           1d 11:00:00          0d 13:00:00          0d  0:17:12          0d  0:06:22        156    73.0%     6.97674
Dimr [2026-05-18 18:36:16.37660] #4 >> TIME LOOP     46800.00000 --  16588800.00000 --  16542000.00000
Dimr [2026-05-18 18:36:16.37674] #4 >> TIME LOOP      3600.00000 --  16588800.00000 --  16542000.00000 --         0.00000 
** INFO   :           1d 11:00:00          0d 13:00:00          0d  0:17:06          0d  0:06:20        156    73.0%     6.97674
Dimr [2026-05-18 18:36:16.38516] #1 >> TIME LOOP     46800.00000 --  16588800.00000 --  16542000.00000
Dimr [2026-05-18 18:36:16.38536] #1 >> TIME LOOP      3600.00000 --  16588800.00000 --  16542000.00000 --         0.00000 
** INFO   :           1d 11:00:00          0d 13:00:00          0d  0:17:06          0d  0:06:20        156    73.0%     6.97674
Dimr [2026-05-18 18:36:16.38811] #3 >> TIME LOOP     46800.00000 --  16588800.00000 --  16542000.00000
Dimr [2026-05-18 18:36:16.38827] #3 >> TIME LOOP      3600.00000 --  16588800.00000 --  16542000.00000 --         0.00000 
** INFO   :           1d 11:00:00          0d 13:00:00          0d  0:17:05          0d  0:06:20        156    73.0%     6.97674
Dimr [2026-05-18 18:36:16.39537] #0 >> TIME LOOP     46800.00000 --  16588800.00000 --  16542000.00000
Dimr [2026-05-18 18:36:16.39552] #0 >> TIME LOOP      3600.00000 --  16588800.00000 --  16542000.00000 --         0.00000 
Dimr [2026-05-18 18:36:16.39563] #4 >> Parallel Child: Current time:  16542000.00000 -- 0
Dimr [2026-05-18 18:36:16.39563] #5 >> Parallel Child: Current time:  16542000.00000 -- 0
Dimr [2026-05-18 18:36:16.39563] #6 >> Parallel Child: Current time:  16542000.00000 -- 0
Dimr [2026-05-18 18:36:16.39563] #7 >> Parallel Child: Current time:  16542000.00000 -- 0
Dimr [2026-05-18 18:36:16.39563] #0 >> Parallel Startgroup: Current time:  16542000.00000 --  16538400.00000
Dimr [2026-05-18 18:36:16.39580] #0 >> 16542000.0:    wave.Update(    3600.0)
*****************************************************************
*  Start of Delft3D-WAVE ...
  Start loop over SWAN grids, time =      275700.000 minutes since 20250101.000000
  Allocate input fields
Dimr [2026-05-18 18:36:16.39563] #1 >> Parallel Child: Current time:  16542000.00000 -- 0
Dimr [2026-05-18 18:36:16.39563] #2 >> Parallel Child: Current time:  16542000.00000 -- 0
Dimr [2026-05-18 18:36:16.39563] #3 >> Parallel Child: Current time:  16542000.00000 -- 0
  Allocate and read SWAN depth
  Get flow fields, domain 1 :
  Get flow fields, domain 2 :
  Get flow fields, domain 3 :
  Get flow fields, domain 4 :
  Get flow fields, domain 5 :
  Get flow fields, domain 6 :
  Get flow fields, domain 7 :
  Get flow fields, domain 8 :
  Write SWAN depth file
  Write SWAN velocity file
  Write SWAN wind file
  Write SWAN input
  Using SWAN hotstart file: hot_1_20250711_100000.nc
<<Run SWAN...
>>...Check file swan_sh.log
>>...End of SWAN run
  Allocate output fields
  Read SWAN output
  WARNING: Found negative value(s) for dissip(2) in swanout file;
           value(s) set to zero
  Map WAVE parameters to FLOW grid          1
  Map WAVE parameters to FLOW grid          2
  Map WAVE parameters to FLOW grid          3
  Map WAVE parameters to FLOW grid          4
  Map WAVE parameters to FLOW grid          5
  Map WAVE parameters to FLOW grid          6
  Map WAVE parameters to FLOW grid          7
  Map WAVE parameters to FLOW grid          8
  Deallocate input fields
  Allocate input fields
  Allocate and read SWAN depth
  Get flow fields, domain 1 :
  Get flow fields, domain 2 :
  Get flow fields, domain 3 :
  Get flow fields, domain 4 :
  Get flow fields, domain 5 :
  Get flow fields, domain 6 :
  Get flow fields, domain 7 :
  Get flow fields, domain 8 :
  Write SWAN depth file
  Write SWAN velocity file
  Write SWAN wind file
  Write SWAN input
  Using SWAN hotstart file: hot_2_20250711_100000.nc
<<Run SWAN...
>>...Check file swan_sh.log
>>...End of SWAN run
  Allocate output fields
  Read SWAN output
  WARNING: Found negative value(s) for dissip(2) in swanout file;
           value(s) set to zero
  Map WAVE parameters to FLOW grid          1
  Map WAVE parameters to FLOW grid          2
  Map WAVE parameters to FLOW grid          3
  Map WAVE parameters to FLOW grid          4
  Map WAVE parameters to FLOW grid          5
  Map WAVE parameters to FLOW grid          6
  Map WAVE parameters to FLOW grid          7
  Map WAVE parameters to FLOW grid          8
  Deallocate input fields
  Convert parameters
  Write to com-file
  Convert parameters
  Write to com-file
  Convert parameters
  Write to com-file
  Convert parameters
  Write to com-file
  Convert parameters
  Write to com-file
  Convert parameters
  Write to com-file
  Convert parameters
  Write to com-file
  Convert parameters
  Write to com-file
*  End of Delft3D-WAVE
*****************************************************************
Dimr [2026-05-18 18:36:21.995295] #0 >> Parallel Child: Current time:  16542000.00000 -- 0
Dimr [2026-05-18 18:36:21.995328] #0 >> 16542000.0:    DFlowFM.Update(     3600.00000)
Dimr [2026-05-18 18:36:21.995334] #1 >> 16542000.0:    DFlowFM.Update(     3600.00000)
Dimr [2026-05-18 18:36:21.995334] #2 >> 16542000.0:    DFlowFM.Update(     3600.00000)
Dimr [2026-05-18 18:36:21.995334] #3 >> 16542000.0:    DFlowFM.Update(     3600.00000)
Dimr [2026-05-18 18:36:21.995330] #4 >> 16542000.0:    DFlowFM.Update(     3600.00000)
Dimr [2026-05-18 18:36:21.995331] #5 >> 16542000.0:    DFlowFM.Update(     3600.00000)
Dimr [2026-05-18 18:36:21.995332] #6 >> 16542000.0:    DFlowFM.Update(     3600.00000)
Dimr [2026-05-18 18:36:21.995331] #7 >> 16542000.0:    DFlowFM.Update(     3600.00000)
** INFO   :  Minimum temperature encountered and limited in           10  cell(s).
** INFO   :  Minimum salinity encountered and limited in           10  cell(s).
** INFO   :  Minimum salinity encountered =   -104.441671045731
** INFO   :           1d 12:00:00          0d 12:00:00          0d  0:17:58          0d  0:05:58        144    75.0%     7.08661
Dimr [2026-05-18 18:37:08.232675] #6 >> TIME LOOP     43200.00000 --  16588800.00000 --  16545600.00000
Dimr [2026-05-18 18:37:08.232702] #6 >> TIME LOOP      3600.00000 --  16588800.00000 --  16545600.00000 --         0.00000 
** INFO   :           1d 12:00:00          0d 12:00:00          0d  0:17:52          0d  0:05:56        144    75.0%     7.08661
Dimr [2026-05-18 18:37:08.234704] #7 >> TIME LOOP     43200.00000 --  16588800.00000 --  16545600.00000
Dimr [2026-05-18 18:37:08.234726] #7 >> TIME LOOP      3600.00000 --  16588800.00000 --  16545600.00000 --         0.00000 
** INFO   :           1d 12:00:00          0d 12:00:00          0d  0:17:58          0d  0:05:58        144    75.0%     7.08661
Dimr [2026-05-18 18:37:08.234785] #2 >> TIME LOOP     43200.00000 --  16588800.00000 --  16545600.00000
Dimr [2026-05-18 18:37:08.234813] #2 >> TIME LOOP      3600.00000 --  16588800.00000 --  16545600.00000 --         0.00000 
** INFO   :           1d 12:00:00          0d 12:00:00          0d  0:17:57          0d  0:05:58        144    75.0%     7.08661
** INFO   :           1d 12:00:00          0d 12:00:00          0d  0:17:57          0d  0:05:58        144    75.0%     7.08661
Dimr [2026-05-18 18:37:08.235153] #5 >> TIME LOOP     43200.00000 --  16588800.00000 --  16545600.00000
Dimr [2026-05-18 18:37:08.235167] #5 >> TIME LOOP      3600.00000 --  16588800.00000 --  16545600.00000 --         0.00000 
Dimr [2026-05-18 18:37:08.235189] #4 >> TIME LOOP     43200.00000 --  16588800.00000 --  16545600.00000
Dimr [2026-05-18 18:37:08.235205] #4 >> TIME LOOP      3600.00000 --  16588800.00000 --  16545600.00000 --         0.00000 
** INFO   :           1d 12:00:00          0d 12:00:00          0d  0:17:51          0d  0:05:56        144    75.0%     7.08661
Dimr [2026-05-18 18:37:08.236077] #1 >> TIME LOOP     43200.00000 --  16588800.00000 --  16545600.00000
Dimr [2026-05-18 18:37:08.236098] #1 >> TIME LOOP      3600.00000 --  16588800.00000 --  16545600.00000 --         0.00000 
** INFO   :           1d 12:00:00          0d 12:00:00          0d  0:17:51          0d  0:05:56        144    75.0%     7.08661
Dimr [2026-05-18 18:37:08.236306] #3 >> TIME LOOP     43200.00000 --  16588800.00000 --  16545600.00000
Dimr [2026-05-18 18:37:08.236321] #3 >> TIME LOOP      3600.00000 --  16588800.00000 --  16545600.00000 --         0.00000 
** INFO   :           1d 12:00:00          0d 12:00:00          0d  0:17:50          0d  0:05:56        144    75.0%     7.08661
Dimr [2026-05-18 18:37:08.237010] #0 >> TIME LOOP     43200.00000 --  16588800.00000 --  16545600.00000
Dimr [2026-05-18 18:37:08.237025] #0 >> TIME LOOP      3600.00000 --  16588800.00000 --  16545600.00000 --         0.00000 
Dimr [2026-05-18 18:37:08.237038] #2 >> Parallel Child: Current time:  16545600.00000 -- 0
Dimr [2026-05-18 18:37:08.237038] #3 >> Parallel Child: Current time:  16545600.00000 -- 0
Dimr [2026-05-18 18:37:08.237038] #4 >> Parallel Child: Current time:  16545600.00000 -- 0
Dimr [2026-05-18 18:37:08.237038] #5 >> Parallel Child: Current time:  16545600.00000 -- 0
Dimr [2026-05-18 18:37:08.237038] #6 >> Parallel Child: Current time:  16545600.00000 -- 0
Dimr [2026-05-18 18:37:08.237038] #7 >> Parallel Child: Current time:  16545600.00000 -- 0
Dimr [2026-05-18 18:37:08.237038] #0 >> Parallel Startgroup: Current time:  16545600.00000 --  16542000.00000
Dimr [2026-05-18 18:37:08.237058] #0 >> 16545600.0:    wave.Update(    3600.0)
*****************************************************************
*  Start of Delft3D-WAVE ...
  Start loop over SWAN grids, time =      275760.000 minutes since 20250101.000000
  Allocate input fields
Dimr [2026-05-18 18:37:08.237038] #1 >> Parallel Child: Current time:  16545600.00000 -- 0
  Allocate and read SWAN depth
  Get flow fields, domain 1 :
  Get flow fields, domain 2 :
  Get flow fields, domain 3 :
  Get flow fields, domain 4 :
  Get flow fields, domain 5 :
  Get flow fields, domain 6 :
  Get flow fields, domain 7 :
  Get flow fields, domain 8 :
  Write SWAN depth file
  Write SWAN velocity file
  Write SWAN wind file
  Write SWAN input
  Using SWAN hotstart file: hot_1_20250711_110000.nc
<<Run SWAN...
>>...Check file swan_sh.log
>>...End of SWAN run
  Allocate output fields
  Read SWAN output
  WARNING: Found negative value(s) for dissip(2) in swanout file;
           value(s) set to zero
  Map WAVE parameters to FLOW grid          1
  Map WAVE parameters to FLOW grid          2
  Map WAVE parameters to FLOW grid          3
  Map WAVE parameters to FLOW grid          4
  Map WAVE parameters to FLOW grid          5
  Map WAVE parameters to FLOW grid          6
  Map WAVE parameters to FLOW grid          7
  Map WAVE parameters to FLOW grid          8
  Deallocate input fields
  Allocate input fields
  Allocate and read SWAN depth
  Get flow fields, domain 1 :
  Get flow fields, domain 2 :
  Get flow fields, domain 3 :
  Get flow fields, domain 4 :
  Get flow fields, domain 5 :
  Get flow fields, domain 6 :
  Get flow fields, domain 7 :
  Get flow fields, domain 8 :
  Write SWAN depth file
  Write SWAN velocity file
  Write SWAN wind file
  Write SWAN input
  Using SWAN hotstart file: hot_2_20250711_110000.nc
<<Run SWAN...
>>...Check file swan_sh.log
>>...End of SWAN run
  Allocate output fields
  Read SWAN output
  WARNING: Found negative value(s) for dissip(2) in swanout file;
           value(s) set to zero
  Map WAVE parameters to FLOW grid          1
  Map WAVE parameters to FLOW grid          2
  Map WAVE parameters to FLOW grid          3
  Map WAVE parameters to FLOW grid          4
  Map WAVE parameters to FLOW grid          5
  Map WAVE parameters to FLOW grid          6
  Map WAVE parameters to FLOW grid          7
  Map WAVE parameters to FLOW grid          8
  Deallocate input fields
  Convert parameters
  Write to com-file
  Convert parameters
  Write to com-file
  Convert parameters
  Write to com-file
  Convert parameters
  Write to com-file
  Convert parameters
  Write to com-file
  Convert parameters
  Write to com-file
  Convert parameters
  Write to com-file
  Convert parameters
  Write to com-file
*  End of Delft3D-WAVE
*****************************************************************
Dimr [2026-05-18 18:37:13.444771] #0 >> Parallel Child: Current time:  16545600.00000 -- 0
Dimr [2026-05-18 18:37:13.444804] #0 >> 16545600.0:    DFlowFM.Update(     3600.00000)
Dimr [2026-05-18 18:37:13.444812] #1 >> 16545600.0:    DFlowFM.Update(     3600.00000)
Dimr [2026-05-18 18:37:13.444812] #2 >> 16545600.0:    DFlowFM.Update(     3600.00000)
Dimr [2026-05-18 18:37:13.444812] #3 >> 16545600.0:    DFlowFM.Update(     3600.00000)
Dimr [2026-05-18 18:37:13.444809] #4 >> 16545600.0:    DFlowFM.Update(     3600.00000)
Dimr [2026-05-18 18:37:13.444808] #5 >> 16545600.0:    DFlowFM.Update(     3600.00000)
Dimr [2026-05-18 18:37:13.444808] #6 >> 16545600.0:    DFlowFM.Update(     3600.00000)
Dimr [2026-05-18 18:37:13.444809] #7 >> 16545600.0:    DFlowFM.Update(     3600.00000)
** INFO   :           1d 13:00:00          0d 11:00:00          0d  0:18:44          0d  0:05:33        132    77.1%     7.04501
Dimr [2026-05-18 18:37:59.907326] #6 >> TIME LOOP     39600.00000 --  16588800.00000 --  16549200.00000
Dimr [2026-05-18 18:37:59.907353] #6 >> TIME LOOP      3600.00000 --  16588800.00000 --  16549200.00000 --         0.00000 
** INFO   :           1d 13:00:00          0d 11:00:00          0d  0:18:44          0d  0:05:33        132    77.1%     7.04501
Dimr [2026-05-18 18:37:59.909413] #2 >> TIME LOOP     39600.00000 --  16588800.00000 --  16549200.00000
Dimr [2026-05-18 18:37:59.909438] #2 >> TIME LOOP      3600.00000 --  16588800.00000 --  16549200.00000 --         0.00000 
** INFO   :           1d 13:00:00          0d 11:00:00          0d  0:18:37          0d  0:05:31        132    77.1%     7.04501
Dimr [2026-05-18 18:37:59.909482] #7 >> TIME LOOP     39600.00000 --  16588800.00000 --  16549200.00000
Dimr [2026-05-18 18:37:59.909498] #7 >> TIME LOOP      3600.00000 --  16588800.00000 --  16549200.00000 --         0.00000 
** INFO   :           1d 13:00:00          0d 11:00:00          0d  0:18:43          0d  0:05:33        132    77.1%     7.04501
Dimr [2026-05-18 18:37:59.909924] #4 >> TIME LOOP     39600.00000 --  16588800.00000 --  16549200.00000
Dimr [2026-05-18 18:37:59.909938] #4 >> TIME LOOP      3600.00000 --  16588800.00000 --  16549200.00000 --         0.00000 
** INFO   :           1d 13:00:00          0d 11:00:00          0d  0:18:43          0d  0:05:33        132    77.1%     7.04501
Dimr [2026-05-18 18:37:59.909981] #5 >> TIME LOOP     39600.00000 --  16588800.00000 --  16549200.00000
Dimr [2026-05-18 18:37:59.909994] #5 >> TIME LOOP      3600.00000 --  16588800.00000 --  16549200.00000 --         0.00000 
** INFO   :           1d 13:00:00          0d 11:00:00          0d  0:18:37          0d  0:05:31        132    77.1%     7.04501
Dimr [2026-05-18 18:37:59.910769] #1 >> TIME LOOP     39600.00000 --  16588800.00000 --  16549200.00000
Dimr [2026-05-18 18:37:59.910788] #1 >> TIME LOOP      3600.00000 --  16588800.00000 --  16549200.00000 --         0.00000 
** INFO   :           1d 13:00:00          0d 11:00:00          0d  0:18:37          0d  0:05:31        132    77.1%     7.04501
Dimr [2026-05-18 18:37:59.911312] #3 >> TIME LOOP     39600.00000 --  16588800.00000 --  16549200.00000
Dimr [2026-05-18 18:37:59.911328] #3 >> TIME LOOP      3600.00000 --  16588800.00000 --  16549200.00000 --         0.00000 
** INFO   :           1d 13:00:00          0d 11:00:00          0d  0:18:36          0d  0:05:31        132    77.1%     7.04501
Dimr [2026-05-18 18:37:59.911833] #0 >> TIME LOOP     39600.00000 --  16588800.00000 --  16549200.00000
Dimr [2026-05-18 18:37:59.911850] #0 >> TIME LOOP      3600.00000 --  16588800.00000 --  16549200.00000 --         0.00000 
Dimr [2026-05-18 18:37:59.911862] #0 >> Parallel Startgroup: Current time:  16549200.00000 --  16545600.00000
Dimr [2026-05-18 18:37:59.911875] #0 >> 16549200.0:    wave.Update(    3600.0)
*****************************************************************
Dimr [2026-05-18 18:37:59.911862] #1 >> Parallel Child: Current time:  16549200.00000 -- 0
Dimr [2026-05-18 18:37:59.911862] #2 >> Parallel Child: Current time:  16549200.00000 -- 0
Dimr [2026-05-18 18:37:59.911862] #3 >> Parallel Child: Current time:  16549200.00000 -- 0
Dimr [2026-05-18 18:37:59.911862] #4 >> Parallel Child: Current time:  16549200.00000 -- 0
Dimr [2026-05-18 18:37:59.911862] #5 >> Parallel Child: Current time:  16549200.00000 -- 0
Dimr [2026-05-18 18:37:59.911863] #6 >> Parallel Child: Current time:  16549200.00000 -- 0
Dimr [2026-05-18 18:37:59.911862] #7 >> Parallel Child: Current time:  16549200.00000 -- 0
*  Start of Delft3D-WAVE ...
  Start loop over SWAN grids, time =      275820.000 minutes since 20250101.000000
  Allocate input fields
  Allocate and read SWAN depth
  Get flow fields, domain 1 :
  Get flow fields, domain 2 :
  Get flow fields, domain 3 :
  Get flow fields, domain 4 :
  Get flow fields, domain 5 :
  Get flow fields, domain 6 :
  Get flow fields, domain 7 :
  Get flow fields, domain 8 :
  Write SWAN depth file
  Write SWAN velocity file
  Write SWAN wind file
  Write SWAN input
  Using SWAN hotstart file: hot_1_20250711_120000.nc
<<Run SWAN...
>>...Check file swan_sh.log
>>...End of SWAN run
  Allocate output fields
  Read SWAN output
  WARNING: Found negative value(s) for dissip(2) in swanout file;
           value(s) set to zero
  Map WAVE parameters to FLOW grid          1
  Map WAVE parameters to FLOW grid          2
  Map WAVE parameters to FLOW grid          3
  Map WAVE parameters to FLOW grid          4
  Map WAVE parameters to FLOW grid          5
  Map WAVE parameters to FLOW grid          6
  Map WAVE parameters to FLOW grid          7
  Map WAVE parameters to FLOW grid          8
  Deallocate input fields
  Allocate input fields
  Allocate and read SWAN depth
  Get flow fields, domain 1 :
  Get flow fields, domain 2 :
  Get flow fields, domain 3 :
  Get flow fields, domain 4 :
  Get flow fields, domain 5 :
  Get flow fields, domain 6 :
  Get flow fields, domain 7 :
  Get flow fields, domain 8 :
  Write SWAN depth file
  Write SWAN velocity file
  Write SWAN wind file
  Write SWAN input
  Using SWAN hotstart file: hot_2_20250711_120000.nc
<<Run SWAN...
>>...Check file swan_sh.log
>>...End of SWAN run
  Allocate output fields
  Read SWAN output
  WARNING: Found negative value(s) for dissip(2) in swanout file;
           value(s) set to zero
  Map WAVE parameters to FLOW grid          1
  Map WAVE parameters to FLOW grid          2
  Map WAVE parameters to FLOW grid          3
  Map WAVE parameters to FLOW grid          4
  Map WAVE parameters to FLOW grid          5
  Map WAVE parameters to FLOW grid          6
  Map WAVE parameters to FLOW grid          7
  Map WAVE parameters to FLOW grid          8
  Deallocate input fields
  Convert parameters
  Write to com-file
  Convert parameters
  Write to com-file
  Convert parameters
  Write to com-file
  Convert parameters
  Write to com-file
  Convert parameters
  Write to com-file
  Convert parameters
  Write to com-file
  Convert parameters
  Write to com-file
  Convert parameters
  Write to com-file
*  End of Delft3D-WAVE
*****************************************************************
Dimr [2026-05-18 18:38:05.92934] #0 >> Parallel Child: Current time:  16549200.00000 -- 0
Dimr [2026-05-18 18:38:05.92967] #0 >> 16549200.0:    DFlowFM.Update(     3600.00000)
Dimr [2026-05-18 18:38:05.92975] #1 >> 16549200.0:    DFlowFM.Update(     3600.00000)
Dimr [2026-05-18 18:38:05.92975] #2 >> 16549200.0:    DFlowFM.Update(     3600.00000)
Dimr [2026-05-18 18:38:05.92975] #3 >> 16549200.0:    DFlowFM.Update(     3600.00000)
Dimr [2026-05-18 18:38:05.92973] #4 >> 16549200.0:    DFlowFM.Update(     3600.00000)
Dimr [2026-05-18 18:38:05.92973] #5 >> 16549200.0:    DFlowFM.Update(     3600.00000)
Dimr [2026-05-18 18:38:05.92972] #6 >> 16549200.0:    DFlowFM.Update(     3600.00000)
Dimr [2026-05-18 18:38:05.92971] #7 >> 16549200.0:    DFlowFM.Update(     3600.00000)
** INFO   :  Minimum temperature encountered and limited in           10  cell(s).
** INFO   :  Minimum salinity encountered and limited in           10  cell(s).
** INFO   :  Minimum salinity encountered =   -235.896720462940
** INFO   :  Minimum temperature encountered and limited in           10  cell(s).
** INFO   :  Minimum salinity encountered and limited in           10  cell(s).
** INFO   :  Minimum salinity encountered =   -300.945798936814
** INFO   :  Minimum temperature encountered and limited in           10  cell(s).
** INFO   :  Minimum salinity encountered and limited in           10  cell(s).
** INFO   :  Minimum salinity encountered =   -29.6787045693488
** INFO   :           1d 14:00:00          0d 10:00:00          0d  0:19:31          0d  0:05:08        120    79.2%     6.81818
Dimr [2026-05-18 18:38:53.83709] #6 >> TIME LOOP     36000.00000 --  16588800.00000 --  16552800.00000
Dimr [2026-05-18 18:38:53.83741] #6 >> TIME LOOP      3600.00000 --  16588800.00000 --  16552800.00000 --         0.00000 
** INFO   :           1d 14:00:00          0d 10:00:00          0d  0:19:31          0d  0:05:07        120    79.2%     6.81818
Dimr [2026-05-18 18:38:53.85730] #2 >> TIME LOOP     36000.00000 --  16588800.00000 --  16552800.00000
Dimr [2026-05-18 18:38:53.85755] #2 >> TIME LOOP      3600.00000 --  16588800.00000 --  16552800.00000 --         0.00000 
** INFO   :           1d 14:00:00          0d 10:00:00          0d  0:19:25          0d  0:05:06        120    79.2%     6.81818
Dimr [2026-05-18 18:38:53.85732] #7 >> TIME LOOP     36000.00000 --  16588800.00000 --  16552800.00000
Dimr [2026-05-18 18:38:53.85751] #7 >> TIME LOOP      3600.00000 --  16588800.00000 --  16552800.00000 --         0.00000 
** INFO   :           1d 14:00:00          0d 10:00:00          0d  0:19:31          0d  0:05:07        120    79.2%     6.81818
Dimr [2026-05-18 18:38:53.86156] #5 >> TIME LOOP     36000.00000 --  16588800.00000 --  16552800.00000
Dimr [2026-05-18 18:38:53.86170] #5 >> TIME LOOP      3600.00000 --  16588800.00000 --  16552800.00000 --         0.00000 
** INFO   :           1d 14:00:00          0d 10:00:00          0d  0:19:31          0d  0:05:07        120    79.2%     6.81818
Dimr [2026-05-18 18:38:53.86217] #4 >> TIME LOOP     36000.00000 --  16588800.00000 --  16552800.00000
Dimr [2026-05-18 18:38:53.86230] #4 >> TIME LOOP      3600.00000 --  16588800.00000 --  16552800.00000 --         0.00000 
** INFO   :           1d 14:00:00          0d 10:00:00          0d  0:19:24          0d  0:05:06        120    79.2%     6.81818
Dimr [2026-05-18 18:38:53.87101] #1 >> TIME LOOP     36000.00000 --  16588800.00000 --  16552800.00000
Dimr [2026-05-18 18:38:53.87119] #1 >> TIME LOOP      3600.00000 --  16588800.00000 --  16552800.00000 --         0.00000 
** INFO   :           1d 14:00:00          0d 10:00:00          0d  0:19:24          0d  0:05:06        120    79.2%     6.81818
Dimr [2026-05-18 18:38:53.87248] #3 >> TIME LOOP     36000.00000 --  16588800.00000 --  16552800.00000
Dimr [2026-05-18 18:38:53.87264] #3 >> TIME LOOP      3600.00000 --  16588800.00000 --  16552800.00000 --         0.00000 
** INFO   :           1d 14:00:00          0d 10:00:00          0d  0:19:24          0d  0:05:06        120    79.2%     6.81818
Dimr [2026-05-18 18:38:53.88132] #0 >> TIME LOOP     36000.00000 --  16588800.00000 --  16552800.00000
Dimr [2026-05-18 18:38:53.88148] #0 >> TIME LOOP      3600.00000 --  16588800.00000 --  16552800.00000 --         0.00000 
Dimr [2026-05-18 18:38:53.88159] #0 >> Parallel Startgroup: Current time:  16552800.00000 --  16549200.00000
Dimr [2026-05-18 18:38:53.88159] #5 >> Parallel Child: Current time:  16552800.00000 -- 0
Dimr [2026-05-18 18:38:53.88159] #7 >> Parallel Child: Current time:  16552800.00000 -- 0
Dimr [2026-05-18 18:38:53.88175] #0 >> 16552800.0:    wave.Update(    3600.0)
*****************************************************************
*  Start of Delft3D-WAVE ...
Dimr [2026-05-18 18:38:53.88159] #1 >> Parallel Child: Current time:  16552800.00000 -- 0
Dimr [2026-05-18 18:38:53.88159] #2 >> Parallel Child: Current time:  16552800.00000 -- 0
Dimr [2026-05-18 18:38:53.88159] #3 >> Parallel Child: Current time:  16552800.00000 -- 0
Dimr [2026-05-18 18:38:53.88159] #4 >> Parallel Child: Current time:  16552800.00000 -- 0
Dimr [2026-05-18 18:38:53.88159] #6 >> Parallel Child: Current time:  16552800.00000 -- 0
  Start loop over SWAN grids, time =      275880.000 minutes since 20250101.000000
  Allocate input fields
  Allocate and read SWAN depth
  Get flow fields, domain 1 :
  Get flow fields, domain 2 :
  Get flow fields, domain 3 :
  Get flow fields, domain 4 :
  Get flow fields, domain 5 :
  Get flow fields, domain 6 :
  Get flow fields, domain 7 :
  Get flow fields, domain 8 :
  Write SWAN depth file
  Write SWAN velocity file
  Write SWAN wind file
  Write SWAN input
  Using SWAN hotstart file: hot_1_20250711_130000.nc
<<Run SWAN...
>>...Check file swan_sh.log
>>...End of SWAN run
  Allocate output fields
  Read SWAN output
  Map WAVE parameters to FLOW grid          1
  Map WAVE parameters to FLOW grid          2
  Map WAVE parameters to FLOW grid          3
  Map WAVE parameters to FLOW grid          4
  Map WAVE parameters to FLOW grid          5
  Map WAVE parameters to FLOW grid          6
  Map WAVE parameters to FLOW grid          7
  Map WAVE parameters to FLOW grid          8
  Deallocate input fields
  Allocate input fields
  Allocate and read SWAN depth
  Get flow fields, domain 1 :
  Get flow fields, domain 2 :
  Get flow fields, domain 3 :
  Get flow fields, domain 4 :
  Get flow fields, domain 5 :
  Get flow fields, domain 6 :
  Get flow fields, domain 7 :
  Get flow fields, domain 8 :
  Write SWAN depth file
  Write SWAN velocity file
  Write SWAN wind file
  Write SWAN input
  Using SWAN hotstart file: hot_2_20250711_130000.nc
<<Run SWAN...
>>...Check file swan_sh.log
>>...End of SWAN run
  Allocate output fields
  Read SWAN output
  WARNING: Found negative value(s) for dissip(2) in swanout file;
           value(s) set to zero
  Map WAVE parameters to FLOW grid          1
  Map WAVE parameters to FLOW grid          2
  Map WAVE parameters to FLOW grid          3
  Map WAVE parameters to FLOW grid          4
  Map WAVE parameters to FLOW grid          5
  Map WAVE parameters to FLOW grid          6
  Map WAVE parameters to FLOW grid          7
  Map WAVE parameters to FLOW grid          8
  Deallocate input fields
  Convert parameters
  Write to com-file
  Convert parameters
  Write to com-file
  Convert parameters
  Write to com-file
  Convert parameters
  Write to com-file
  Convert parameters
  Write to com-file
  Convert parameters
  Write to com-file
  Convert parameters
  Write to com-file
  Convert parameters
  Write to com-file
*  End of Delft3D-WAVE
*****************************************************************
Dimr [2026-05-18 18:38:58.392592] #0 >> Parallel Child: Current time:  16552800.00000 -- 0
Dimr [2026-05-18 18:38:58.392625] #0 >> 16552800.0:    DFlowFM.Update(     3600.00000)
Dimr [2026-05-18 18:38:58.392640] #1 >> 16552800.0:    DFlowFM.Update(     3600.00000)
Dimr [2026-05-18 18:38:58.392634] #2 >> 16552800.0:    DFlowFM.Update(     3600.00000)
Dimr [2026-05-18 18:38:58.392633] #3 >> 16552800.0:    DFlowFM.Update(     3600.00000)
Dimr [2026-05-18 18:38:58.392638] #4 >> 16552800.0:    DFlowFM.Update(     3600.00000)
Dimr [2026-05-18 18:38:58.392635] #5 >> 16552800.0:    DFlowFM.Update(     3600.00000)
Dimr [2026-05-18 18:38:58.392627] #6 >> 16552800.0:    DFlowFM.Update(     3600.00000)
Dimr [2026-05-18 18:38:58.392636] #7 >> 16552800.0:    DFlowFM.Update(     3600.00000)
** INFO   :  Minimum salinity encountered and limited in           10  cell(s).
** INFO   :  Minimum salinity encountered =   -52.4468831481359
** INFO   :  Warning limit reached: No more Minimum salinity limit messages will be displayed.
** INFO   :           1d 15:00:00          0d  9:00:00          0d  0:20:20          0d  0:04:41        108    81.3%     6.74157
Dimr [2026-05-18 18:39:47.9045] #6 >> TIME LOOP     32400.00000 --  16588800.00000 --  16556400.00000
Dimr [2026-05-18 18:39:47.9069] #6 >> TIME LOOP      3600.00000 --  16588800.00000 --  16556400.00000 --         0.00000 
** INFO   :           1d 15:00:00          0d  9:00:00          0d  0:20:19          0d  0:04:41        108    81.3%     6.74157
Dimr [2026-05-18 18:39:47.11036] #2 >> TIME LOOP     32400.00000 --  16588800.00000 --  16556400.00000
Dimr [2026-05-18 18:39:47.11062] #2 >> TIME LOOP      3600.00000 --  16588800.00000 --  16556400.00000 --         0.00000 
** INFO   :           1d 15:00:00          0d  9:00:00          0d  0:20:13          0d  0:04:39        108    81.3%     6.74157
Dimr [2026-05-18 18:39:47.11096] #7 >> TIME LOOP     32400.00000 --  16588800.00000 --  16556400.00000
Dimr [2026-05-18 18:39:47.11114] #7 >> TIME LOOP      3600.00000 --  16588800.00000 --  16556400.00000 --         0.00000 
** INFO   :           1d 15:00:00          0d  9:00:00          0d  0:20:19          0d  0:04:41        108    81.3%     6.74157
Dimr [2026-05-18 18:39:47.11410] #5 >> TIME LOOP     32400.00000 --  16588800.00000 --  16556400.00000
Dimr [2026-05-18 18:39:47.11424] #5 >> TIME LOOP      3600.00000 --  16588800.00000 --  16556400.00000 --         0.00000 
** INFO   :           1d 15:00:00          0d  9:00:00          0d  0:20:19          0d  0:04:41        108    81.3%     6.74157
Dimr [2026-05-18 18:39:47.11530] #4 >> TIME LOOP     32400.00000 --  16588800.00000 --  16556400.00000
Dimr [2026-05-18 18:39:47.11544] #4 >> TIME LOOP      3600.00000 --  16588800.00000 --  16556400.00000 --         0.00000 
** INFO   :           1d 15:00:00          0d  9:00:00          0d  0:20:12          0d  0:04:39        108    81.3%     6.74157
Dimr [2026-05-18 18:39:47.12320] #1 >> TIME LOOP     32400.00000 --  16588800.00000 --  16556400.00000
Dimr [2026-05-18 18:39:47.12341] #1 >> TIME LOOP      3600.00000 --  16588800.00000 --  16556400.00000 --         0.00000 
** INFO   :           1d 15:00:00          0d  9:00:00          0d  0:20:12          0d  0:04:39        108    81.3%     6.74157
Dimr [2026-05-18 18:39:47.12623] #3 >> TIME LOOP     32400.00000 --  16588800.00000 --  16556400.00000
Dimr [2026-05-18 18:39:47.12638] #3 >> TIME LOOP      3600.00000 --  16588800.00000 --  16556400.00000 --         0.00000 
** INFO   :           1d 15:00:00          0d  9:00:00          0d  0:20:11          0d  0:04:39        108    81.3%     6.74157
Dimr [2026-05-18 18:39:47.13450] #0 >> TIME LOOP     32400.00000 --  16588800.00000 --  16556400.00000
Dimr [2026-05-18 18:39:47.13466] #0 >> TIME LOOP      3600.00000 --  16588800.00000 --  16556400.00000 --         0.00000 
Dimr [2026-05-18 18:39:47.13477] #0 >> Parallel Startgroup: Current time:  16556400.00000 --  16552800.00000
Dimr [2026-05-18 18:39:47.13477] #1 >> Parallel Child: Current time:  16556400.00000 -- 0
Dimr [2026-05-18 18:39:47.13477] #2 >> Parallel Child: Current time:  16556400.00000 -- 0
Dimr [2026-05-18 18:39:47.13477] #3 >> Parallel Child: Current time:  16556400.00000 -- 0
Dimr [2026-05-18 18:39:47.13477] #4 >> Parallel Child: Current time:  16556400.00000 -- 0
Dimr [2026-05-18 18:39:47.13477] #5 >> Parallel Child: Current time:  16556400.00000 -- 0
Dimr [2026-05-18 18:39:47.13477] #6 >> Parallel Child: Current time:  16556400.00000 -- 0
Dimr [2026-05-18 18:39:47.13477] #7 >> Parallel Child: Current time:  16556400.00000 -- 0
Dimr [2026-05-18 18:39:47.13496] #0 >> 16556400.0:    wave.Update(    3600.0)
*****************************************************************
*  Start of Delft3D-WAVE ...
  Start loop over SWAN grids, time =      275940.000 minutes since 20250101.000000
  Allocate input fields
  Allocate and read SWAN depth
  Get flow fields, domain 1 :
  Get flow fields, domain 2 :
  Get flow fields, domain 3 :
  Get flow fields, domain 4 :
  Get flow fields, domain 5 :
  Get flow fields, domain 6 :
  Get flow fields, domain 7 :
  Get flow fields, domain 8 :
  Write SWAN depth file
  Write SWAN velocity file
  Write SWAN wind file
  Write SWAN input
  Using SWAN hotstart file: hot_1_20250711_140000.nc
<<Run SWAN...
>>...Check file swan_sh.log
>>...End of SWAN run
  Allocate output fields
  Read SWAN output
  Map WAVE parameters to FLOW grid          1
  Map WAVE parameters to FLOW grid          2
  Map WAVE parameters to FLOW grid          3
  Map WAVE parameters to FLOW grid          4
  Map WAVE parameters to FLOW grid          5
  Map WAVE parameters to FLOW grid          6
  Map WAVE parameters to FLOW grid          7
  Map WAVE parameters to FLOW grid          8
  Deallocate input fields
  Allocate input fields
  Allocate and read SWAN depth
  Get flow fields, domain 1 :
  Get flow fields, domain 2 :
  Get flow fields, domain 3 :
  Get flow fields, domain 4 :
  Get flow fields, domain 5 :
  Get flow fields, domain 6 :
  Get flow fields, domain 7 :
  Get flow fields, domain 8 :
  Write SWAN depth file
  Write SWAN velocity file
  Write SWAN wind file
  Write SWAN input
  Using SWAN hotstart file: hot_2_20250711_140000.nc
<<Run SWAN...
>>...Check file swan_sh.log
>>...End of SWAN run
  Allocate output fields
  Read SWAN output
  WARNING: Found negative value(s) for dissip(2) in swanout file;
           value(s) set to zero
  Map WAVE parameters to FLOW grid          1
  Map WAVE parameters to FLOW grid          2
  Map WAVE parameters to FLOW grid          3
  Map WAVE parameters to FLOW grid          4
  Map WAVE parameters to FLOW grid          5
  Map WAVE parameters to FLOW grid          6
  Map WAVE parameters to FLOW grid          7
  Map WAVE parameters to FLOW grid          8
  Deallocate input fields
  Convert parameters
  Write to com-file
  Convert parameters
  Write to com-file
  Convert parameters
  Write to com-file
  Convert parameters
  Write to com-file
  Convert parameters
  Write to com-file
  Convert parameters
  Write to com-file
  Convert parameters
  Write to com-file
  Convert parameters
  Write to com-file
*  End of Delft3D-WAVE
*****************************************************************
Dimr [2026-05-18 18:39:52.225702] #0 >> Parallel Child: Current time:  16556400.00000 -- 0
Dimr [2026-05-18 18:39:52.225753] #0 >> 16556400.0:    DFlowFM.Update(     3600.00000)
Dimr [2026-05-18 18:39:52.225760] #1 >> 16556400.0:    DFlowFM.Update(     3600.00000)
Dimr [2026-05-18 18:39:52.225760] #2 >> 16556400.0:    DFlowFM.Update(     3600.00000)
Dimr [2026-05-18 18:39:52.225760] #3 >> 16556400.0:    DFlowFM.Update(     3600.00000)
Dimr [2026-05-18 18:39:52.225756] #4 >> 16556400.0:    DFlowFM.Update(     3600.00000)
Dimr [2026-05-18 18:39:52.225757] #5 >> 16556400.0:    DFlowFM.Update(     3600.00000)
Dimr [2026-05-18 18:39:52.225758] #6 >> 16556400.0:    DFlowFM.Update(     3600.00000)
Dimr [2026-05-18 18:39:52.225758] #7 >> 16556400.0:    DFlowFM.Update(     3600.00000)
** INFO   :           1d 16:00:00          0d  8:00:00          0d  0:21:07          0d  0:04:13         96    83.4%     6.77966
Dimr [2026-05-18 18:40:40.363814] #6 >> TIME LOOP     28800.00000 --  16588800.00000 --  16560000.00000
Dimr [2026-05-18 18:40:40.363841] #6 >> TIME LOOP      3600.00000 --  16588800.00000 --  16560000.00000 --         0.00000 
** INFO   :           1d 16:00:00          0d  8:00:00          0d  0:21:07          0d  0:04:13         96    83.4%     6.77966
Dimr [2026-05-18 18:40:40.365408] #2 >> TIME LOOP     28800.00000 --  16588800.00000 --  16560000.00000
Dimr [2026-05-18 18:40:40.365432] #2 >> TIME LOOP      3600.00000 --  16588800.00000 --  16560000.00000 --         0.00000 
** INFO   :           1d 16:00:00          0d  8:00:00          0d  0:21:00          0d  0:04:12         96    83.4%     6.77966
Dimr [2026-05-18 18:40:40.365819] #7 >> TIME LOOP     28800.00000 --  16588800.00000 --  16560000.00000
Dimr [2026-05-18 18:40:40.365837] #7 >> TIME LOOP      3600.00000 --  16588800.00000 --  16560000.00000 --         0.00000 
** INFO   :           1d 16:00:00          0d  8:00:00          0d  0:21:06          0d  0:04:13         96    83.4%     6.77966
** INFO   :           1d 16:00:00          0d  8:00:00          0d  0:21:07          0d  0:04:13         96    83.4%     6.77966
Dimr [2026-05-18 18:40:40.366210] #5 >> TIME LOOP     28800.00000 --  16588800.00000 --  16560000.00000
Dimr [2026-05-18 18:40:40.366224] #5 >> TIME LOOP      3600.00000 --  16588800.00000 --  16560000.00000 --         0.00000 
Dimr [2026-05-18 18:40:40.366248] #4 >> TIME LOOP     28800.00000 --  16588800.00000 --  16560000.00000
Dimr [2026-05-18 18:40:40.366262] #4 >> TIME LOOP      3600.00000 --  16588800.00000 --  16560000.00000 --         0.00000 
** INFO   :           1d 16:00:00          0d  8:00:00          0d  0:21:00          0d  0:04:11         96    83.4%     6.77966
Dimr [2026-05-18 18:40:40.366706] #1 >> TIME LOOP     28800.00000 --  16588800.00000 --  16560000.00000
Dimr [2026-05-18 18:40:40.366729] #1 >> TIME LOOP      3600.00000 --  16588800.00000 --  16560000.00000 --         0.00000 
** INFO   :           1d 16:00:00          0d  8:00:00          0d  0:21:00          0d  0:04:11         96    83.4%     6.77966
Dimr [2026-05-18 18:40:40.366893] #3 >> TIME LOOP     28800.00000 --  16588800.00000 --  16560000.00000
Dimr [2026-05-18 18:40:40.366909] #3 >> TIME LOOP      3600.00000 --  16588800.00000 --  16560000.00000 --         0.00000 
** INFO   :           1d 16:00:00          0d  8:00:00          0d  0:20:59          0d  0:04:11         96    83.4%     6.77966
Dimr [2026-05-18 18:40:40.367759] #0 >> TIME LOOP     28800.00000 --  16588800.00000 --  16560000.00000
Dimr [2026-05-18 18:40:40.367776] #0 >> TIME LOOP      3600.00000 --  16588800.00000 --  16560000.00000 --         0.00000 
Dimr [2026-05-18 18:40:40.367788] #0 >> Parallel Startgroup: Current time:  16560000.00000 --  16556400.00000
Dimr [2026-05-18 18:40:40.367788] #3 >> Parallel Child: Current time:  16560000.00000 -- 0
Dimr [2026-05-18 18:40:40.367788] #5 >> Parallel Child: Current time:  16560000.00000 -- 0
Dimr [2026-05-18 18:40:40.367788] #6 >> Parallel Child: Current time:  16560000.00000 -- 0
Dimr [2026-05-18 18:40:40.367788] #7 >> Parallel Child: Current time:  16560000.00000 -- 0
Dimr [2026-05-18 18:40:40.367802] #0 >> 16560000.0:    wave.Update(    3600.0)
*****************************************************************
*  Start of Delft3D-WAVE ...
  Start loop over SWAN grids, time =      276000.000 minutes since 20250101.000000
  Allocate input fields
Dimr [2026-05-18 18:40:40.367788] #1 >> Parallel Child: Current time:  16560000.00000 -- 0
Dimr [2026-05-18 18:40:40.367788] #2 >> Parallel Child: Current time:  16560000.00000 -- 0
Dimr [2026-05-18 18:40:40.367788] #4 >> Parallel Child: Current time:  16560000.00000 -- 0
  Allocate and read SWAN depth
  Get flow fields, domain 1 :
  Get flow fields, domain 2 :
  Get flow fields, domain 3 :
  Get flow fields, domain 4 :
  Get flow fields, domain 5 :
  Get flow fields, domain 6 :
  Get flow fields, domain 7 :
  Get flow fields, domain 8 :
  Write SWAN depth file
  Write SWAN velocity file
  Write SWAN wind file
  Write SWAN input
  Using SWAN hotstart file: hot_1_20250711_150000.nc
<<Run SWAN...
>>...Check file swan_sh.log
>>...End of SWAN run
  Allocate output fields
  Read SWAN output
  WARNING: Found negative value(s) for dissip(2) in swanout file;
           value(s) set to zero
  Map WAVE parameters to FLOW grid          1
  Map WAVE parameters to FLOW grid          2
  Map WAVE parameters to FLOW grid          3
  Map WAVE parameters to FLOW grid          4
  Map WAVE parameters to FLOW grid          5
  Map WAVE parameters to FLOW grid          6
  Map WAVE parameters to FLOW grid          7
  Map WAVE parameters to FLOW grid          8
  Deallocate input fields
  Allocate input fields
  Allocate and read SWAN depth
  Get flow fields, domain 1 :
  Get flow fields, domain 2 :
  Get flow fields, domain 3 :
  Get flow fields, domain 4 :
  Get flow fields, domain 5 :
  Get flow fields, domain 6 :
  Get flow fields, domain 7 :
  Get flow fields, domain 8 :
  Write SWAN depth file
  Write SWAN velocity file
  Write SWAN wind file
  Write SWAN input
  Using SWAN hotstart file: hot_2_20250711_150000.nc
<<Run SWAN...
>>...Check file swan_sh.log
>>...End of SWAN run
  Allocate output fields
  Read SWAN output
  WARNING: Found negative value(s) for dissip(2) in swanout file;
           value(s) set to zero
  Map WAVE parameters to FLOW grid          1
  Map WAVE parameters to FLOW grid          2
  Map WAVE parameters to FLOW grid          3
  Map WAVE parameters to FLOW grid          4
  Map WAVE parameters to FLOW grid          5
  Map WAVE parameters to FLOW grid          6
  Map WAVE parameters to FLOW grid          7
  Map WAVE parameters to FLOW grid          8
  Deallocate input fields
  Convert parameters
  Write to com-file
  Convert parameters
  Write to com-file
  Convert parameters
  Write to com-file
  Convert parameters
  Write to com-file
  Convert parameters
  Write to com-file
  Convert parameters
  Write to com-file
  Convert parameters
  Write to com-file
  Convert parameters
  Write to com-file
*  End of Delft3D-WAVE
*****************************************************************
Dimr [2026-05-18 18:40:45.801018] #0 >> Parallel Child: Current time:  16560000.00000 -- 0
Dimr [2026-05-18 18:40:45.801065] #0 >> 16560000.0:    DFlowFM.Update(     3600.00000)
Dimr [2026-05-18 18:40:45.801073] #1 >> 16560000.0:    DFlowFM.Update(     3600.00000)
Dimr [2026-05-18 18:40:45.801073] #2 >> 16560000.0:    DFlowFM.Update(     3600.00000)
Dimr [2026-05-18 18:40:45.801073] #3 >> 16560000.0:    DFlowFM.Update(     3600.00000)
Dimr [2026-05-18 18:40:45.801075] #4 >> 16560000.0:    DFlowFM.Update(     3600.00000)
Dimr [2026-05-18 18:40:45.801071] #5 >> 16560000.0:    DFlowFM.Update(     3600.00000)
Dimr [2026-05-18 18:40:45.801072] #7 >> 16560000.0:    DFlowFM.Update(     3600.00000)
Dimr [2026-05-18 18:40:45.801656] #6 >> 16560000.0:    DFlowFM.Update(     3600.00000)
** INFO   :           1d 17:00:00          0d  7:00:00          0d  0:21:54          0d  0:03:44         84    85.4%     6.89655
Dimr [2026-05-18 18:41:33.132947] #6 >> TIME LOOP     25200.00000 --  16588800.00000 --  16563600.00000
Dimr [2026-05-18 18:41:33.132970] #6 >> TIME LOOP      3600.00000 --  16588800.00000 --  16563600.00000 --         0.00000 
** INFO   :           1d 17:00:00          0d  7:00:00          0d  0:21:54          0d  0:03:44         84    85.4%     6.89655
Dimr [2026-05-18 18:41:33.134671] #2 >> TIME LOOP     25200.00000 --  16588800.00000 --  16563600.00000
Dimr [2026-05-18 18:41:33.134695] #2 >> TIME LOOP      3600.00000 --  16588800.00000 --  16563600.00000 --         0.00000 
** INFO   :           1d 17:00:00          0d  7:00:00          0d  0:21:47          0d  0:03:43         84    85.4%     6.89655
Dimr [2026-05-18 18:41:33.134997] #7 >> TIME LOOP     25200.00000 --  16588800.00000 --  16563600.00000
Dimr [2026-05-18 18:41:33.135014] #7 >> TIME LOOP      3600.00000 --  16588800.00000 --  16563600.00000 --         0.00000 
** INFO   :           1d 17:00:00          0d  7:00:00          0d  0:21:53          0d  0:03:44         84    85.4%     6.89655
Dimr [2026-05-18 18:41:33.135450] #5 >> TIME LOOP     25200.00000 --  16588800.00000 --  16563600.00000
Dimr [2026-05-18 18:41:33.135465] #5 >> TIME LOOP      3600.00000 --  16588800.00000 --  16563600.00000 --         0.00000 
** INFO   :           1d 17:00:00          0d  7:00:00          0d  0:21:53          0d  0:03:44         84    85.4%     6.89655
Dimr [2026-05-18 18:41:33.135554] #4 >> TIME LOOP     25200.00000 --  16588800.00000 --  16563600.00000
Dimr [2026-05-18 18:41:33.135569] #4 >> TIME LOOP      3600.00000 --  16588800.00000 --  16563600.00000 --         0.00000 
** INFO   :           1d 17:00:00          0d  7:00:00          0d  0:21:46          0d  0:03:43         84    85.4%     6.89655
Dimr [2026-05-18 18:41:33.136144] #1 >> TIME LOOP     25200.00000 --  16588800.00000 --  16563600.00000
Dimr [2026-05-18 18:41:33.136161] #1 >> TIME LOOP      3600.00000 --  16588800.00000 --  16563600.00000 --         0.00000 
** INFO   :           1d 17:00:00          0d  7:00:00          0d  0:21:46          0d  0:03:43         84    85.4%     6.89655
Dimr [2026-05-18 18:41:33.136305] #3 >> TIME LOOP     25200.00000 --  16588800.00000 --  16563600.00000
Dimr [2026-05-18 18:41:33.136320] #3 >> TIME LOOP      3600.00000 --  16588800.00000 --  16563600.00000 --         0.00000 
** INFO   :           1d 17:00:00          0d  7:00:00          0d  0:21:45          0d  0:03:42         84    85.4%     6.89655
Dimr [2026-05-18 18:41:33.137104] #0 >> TIME LOOP     25200.00000 --  16588800.00000 --  16563600.00000
Dimr [2026-05-18 18:41:33.137120] #0 >> TIME LOOP      3600.00000 --  16588800.00000 --  16563600.00000 --         0.00000 
Dimr [2026-05-18 18:41:33.137131] #0 >> Parallel Startgroup: Current time:  16563600.00000 --  16560000.00000
Dimr [2026-05-18 18:41:33.137132] #2 >> Parallel Child: Current time:  16563600.00000 -- 0
Dimr [2026-05-18 18:41:33.137131] #3 >> Parallel Child: Current time:  16563600.00000 -- 0
Dimr [2026-05-18 18:41:33.137132] #4 >> Parallel Child: Current time:  16563600.00000 -- 0
Dimr [2026-05-18 18:41:33.137132] #5 >> Parallel Child: Current time:  16563600.00000 -- 0
Dimr [2026-05-18 18:41:33.137132] #6 >> Parallel Child: Current time:  16563600.00000 -- 0
Dimr [2026-05-18 18:41:33.137132] #7 >> Parallel Child: Current time:  16563600.00000 -- 0
Dimr [2026-05-18 18:41:33.137144] #0 >> 16563600.0:    wave.Update(    3600.0)
*****************************************************************
*  Start of Delft3D-WAVE ...
  Start loop over SWAN grids, time =      276060.000 minutes since 20250101.000000
  Allocate input fields
Dimr [2026-05-18 18:41:33.137132] #1 >> Parallel Child: Current time:  16563600.00000 -- 0
  Allocate and read SWAN depth
  Get flow fields, domain 1 :
  Get flow fields, domain 2 :
  Get flow fields, domain 3 :
  Get flow fields, domain 4 :
  Get flow fields, domain 5 :
  Get flow fields, domain 6 :
  Get flow fields, domain 7 :
  Get flow fields, domain 8 :
  Write SWAN depth file
  Write SWAN velocity file
  Write SWAN wind file
  Write SWAN input
  Using SWAN hotstart file: hot_1_20250711_160000.nc
<<Run SWAN...
>>...Check file swan_sh.log
>>...End of SWAN run
  Allocate output fields
  Read SWAN output
  WARNING: Found negative value(s) for dissip(2) in swanout file;
           value(s) set to zero
  Map WAVE parameters to FLOW grid          1
  Map WAVE parameters to FLOW grid          2
  Map WAVE parameters to FLOW grid          3
  Map WAVE parameters to FLOW grid          4
  Map WAVE parameters to FLOW grid          5
  Map WAVE parameters to FLOW grid          6
  Map WAVE parameters to FLOW grid          7
  Map WAVE parameters to FLOW grid          8
  Deallocate input fields
  Allocate input fields
  Allocate and read SWAN depth
  Get flow fields, domain 1 :
  Get flow fields, domain 2 :
  Get flow fields, domain 3 :
  Get flow fields, domain 4 :
  Get flow fields, domain 5 :
  Get flow fields, domain 6 :
  Get flow fields, domain 7 :
  Get flow fields, domain 8 :
  Write SWAN depth file
  Write SWAN velocity file
  Write SWAN wind file
  Write SWAN input
  Using SWAN hotstart file: hot_2_20250711_160000.nc
<<Run SWAN...
>>...Check file swan_sh.log
>>...End of SWAN run
  Allocate output fields
  Read SWAN output
  WARNING: Found negative value(s) for dissip(2) in swanout file;
           value(s) set to zero
  Map WAVE parameters to FLOW grid          1
  Map WAVE parameters to FLOW grid          2
  Map WAVE parameters to FLOW grid          3
  Map WAVE parameters to FLOW grid          4
  Map WAVE parameters to FLOW grid          5
  Map WAVE parameters to FLOW grid          6
  Map WAVE parameters to FLOW grid          7
  Map WAVE parameters to FLOW grid          8
  Deallocate input fields
  Convert parameters
  Write to com-file
  Convert parameters
  Write to com-file
  Convert parameters
  Write to com-file
  Convert parameters
  Write to com-file
  Convert parameters
  Write to com-file
  Convert parameters
  Write to com-file
  Convert parameters
  Write to com-file
  Convert parameters
  Write to com-file
*  End of Delft3D-WAVE
*****************************************************************
Dimr [2026-05-18 18:41:39.259027] #0 >> Parallel Child: Current time:  16563600.00000 -- 0
Dimr [2026-05-18 18:41:39.259074] #0 >> 16563600.0:    DFlowFM.Update(     3600.00000)
Dimr [2026-05-18 18:41:39.259082] #1 >> 16563600.0:    DFlowFM.Update(     3600.00000)
Dimr [2026-05-18 18:41:39.259082] #2 >> 16563600.0:    DFlowFM.Update(     3600.00000)
Dimr [2026-05-18 18:41:39.259082] #3 >> 16563600.0:    DFlowFM.Update(     3600.00000)
Dimr [2026-05-18 18:41:39.259079] #4 >> 16563600.0:    DFlowFM.Update(     3600.00000)
Dimr [2026-05-18 18:41:39.259077] #5 >> 16563600.0:    DFlowFM.Update(     3600.00000)
Dimr [2026-05-18 18:41:39.259078] #6 >> 16563600.0:    DFlowFM.Update(     3600.00000)
Dimr [2026-05-18 18:41:39.259079] #7 >> 16563600.0:    DFlowFM.Update(     3600.00000)
** INFO   :           1d 18:00:00          0d  6:00:00          0d  0:22:39          0d  0:03:14         72    87.5%     7.24346
Dimr [2026-05-18 18:42:24.332601] #6 >> TIME LOOP     21600.00000 --  16588800.00000 --  16567200.00000
Dimr [2026-05-18 18:42:24.332627] #6 >> TIME LOOP      3600.00000 --  16588800.00000 --  16567200.00000 --         0.00000 
** INFO   :           1d 18:00:00          0d  6:00:00          0d  0:22:38          0d  0:03:14         72    87.5%     7.24346
Dimr [2026-05-18 18:42:24.334343] #2 >> TIME LOOP     21600.00000 --  16588800.00000 --  16567200.00000
Dimr [2026-05-18 18:42:24.334369] #2 >> TIME LOOP      3600.00000 --  16588800.00000 --  16567200.00000 --         0.00000 
** INFO   :           1d 18:00:00          0d  6:00:00          0d  0:22:31          0d  0:03:13         72    87.5%     7.24346
Dimr [2026-05-18 18:42:24.334789] #7 >> TIME LOOP     21600.00000 --  16588800.00000 --  16567200.00000
Dimr [2026-05-18 18:42:24.334806] #7 >> TIME LOOP      3600.00000 --  16588800.00000 --  16567200.00000 --         0.00000 
** INFO   :           1d 18:00:00          0d  6:00:00          0d  0:22:38          0d  0:03:14         72    87.5%     7.24346
** INFO   :           1d 18:00:00          0d  6:00:00          0d  0:22:38          0d  0:03:14         72    87.5%     7.24346
Dimr [2026-05-18 18:42:24.335200] #5 >> TIME LOOP     21600.00000 --  16588800.00000 --  16567200.00000
Dimr [2026-05-18 18:42:24.335214] #5 >> TIME LOOP      3600.00000 --  16588800.00000 --  16567200.00000 --         0.00000 
Dimr [2026-05-18 18:42:24.335229] #4 >> TIME LOOP     21600.00000 --  16588800.00000 --  16567200.00000
Dimr [2026-05-18 18:42:24.335242] #4 >> TIME LOOP      3600.00000 --  16588800.00000 --  16567200.00000 --         0.00000 
** INFO   :           1d 18:00:00          0d  6:00:00          0d  0:22:31          0d  0:03:13         72    87.5%     7.24346
Dimr [2026-05-18 18:42:24.335600] #1 >> TIME LOOP     21600.00000 --  16588800.00000 --  16567200.00000
Dimr [2026-05-18 18:42:24.335619] #1 >> TIME LOOP      3600.00000 --  16588800.00000 --  16567200.00000 --         0.00000 
** INFO   :           1d 18:00:00          0d  6:00:00          0d  0:22:31          0d  0:03:13         72    87.5%     7.24346
Dimr [2026-05-18 18:42:24.335748] #3 >> TIME LOOP     21600.00000 --  16588800.00000 --  16567200.00000
Dimr [2026-05-18 18:42:24.335763] #3 >> TIME LOOP      3600.00000 --  16588800.00000 --  16567200.00000 --         0.00000 
** INFO   :           1d 18:00:00          0d  6:00:00          0d  0:22:30          0d  0:03:12         72    87.5%     7.24346
Dimr [2026-05-18 18:42:24.336595] #0 >> TIME LOOP     21600.00000 --  16588800.00000 --  16567200.00000
Dimr [2026-05-18 18:42:24.336610] #0 >> TIME LOOP      3600.00000 --  16588800.00000 --  16567200.00000 --         0.00000 
Dimr [2026-05-18 18:42:24.336620] #0 >> Parallel Startgroup: Current time:  16567200.00000 --  16563600.00000
Dimr [2026-05-18 18:42:24.336620] #1 >> Parallel Child: Current time:  16567200.00000 -- 0
Dimr [2026-05-18 18:42:24.336620] #4 >> Parallel Child: Current time:  16567200.00000 -- 0
Dimr [2026-05-18 18:42:24.336620] #5 >> Parallel Child: Current time:  16567200.00000 -- 0
Dimr [2026-05-18 18:42:24.336620] #6 >> Parallel Child: Current time:  16567200.00000 -- 0
Dimr [2026-05-18 18:42:24.336620] #7 >> Parallel Child: Current time:  16567200.00000 -- 0
Dimr [2026-05-18 18:42:24.336634] #0 >> 16567200.0:    wave.Update(    3600.0)
*****************************************************************
*  Start of Delft3D-WAVE ...
  Start loop over SWAN grids, time =      276120.000 minutes since 20250101.000000
  Allocate input fields
Dimr [2026-05-18 18:42:24.336621] #2 >> Parallel Child: Current time:  16567200.00000 -- 0
Dimr [2026-05-18 18:42:24.336620] #3 >> Parallel Child: Current time:  16567200.00000 -- 0
  Allocate and read SWAN depth
  Get flow fields, domain 1 :
  Get flow fields, domain 2 :
  Get flow fields, domain 3 :
  Get flow fields, domain 4 :
  Get flow fields, domain 5 :
  Get flow fields, domain 6 :
  Get flow fields, domain 7 :
  Get flow fields, domain 8 :
  Write SWAN depth file
  Write SWAN velocity file
  Write SWAN wind file
  Write SWAN input
  Using SWAN hotstart file: hot_1_20250711_170000.nc
<<Run SWAN...
>>...Check file swan_sh.log
>>...End of SWAN run
  Allocate output fields
  Read SWAN output
  WARNING: Found negative value(s) for dissip(2) in swanout file;
           value(s) set to zero
  Map WAVE parameters to FLOW grid          1
  Map WAVE parameters to FLOW grid          2
  Map WAVE parameters to FLOW grid          3
  Map WAVE parameters to FLOW grid          4
  Map WAVE parameters to FLOW grid          5
  Map WAVE parameters to FLOW grid          6
  Map WAVE parameters to FLOW grid          7
  Map WAVE parameters to FLOW grid          8
  Deallocate input fields
  Allocate input fields
  Allocate and read SWAN depth
  Get flow fields, domain 1 :
  Get flow fields, domain 2 :
  Get flow fields, domain 3 :
  Get flow fields, domain 4 :
  Get flow fields, domain 5 :
  Get flow fields, domain 6 :
  Get flow fields, domain 7 :
  Get flow fields, domain 8 :
  Write SWAN depth file
  Write SWAN velocity file
  Write SWAN wind file
  Write SWAN input
  Using SWAN hotstart file: hot_2_20250711_170000.nc
<<Run SWAN...
>>...Check file swan_sh.log
>>...End of SWAN run
  Allocate output fields
  Read SWAN output
  WARNING: Found negative value(s) for dissip(2) in swanout file;
           value(s) set to zero
  Map WAVE parameters to FLOW grid          1
  Map WAVE parameters to FLOW grid          2
  Map WAVE parameters to FLOW grid          3
  Map WAVE parameters to FLOW grid          4
  Map WAVE parameters to FLOW grid          5
  Map WAVE parameters to FLOW grid          6
  Map WAVE parameters to FLOW grid          7
  Map WAVE parameters to FLOW grid          8
  Deallocate input fields
  Convert parameters
  Write to com-file
  Convert parameters
  Write to com-file
  Convert parameters
  Write to com-file
  Convert parameters
  Write to com-file
  Convert parameters
  Write to com-file
  Convert parameters
  Write to com-file
  Convert parameters
  Write to com-file
  Convert parameters
  Write to com-file
*  End of Delft3D-WAVE
*****************************************************************
Dimr [2026-05-18 18:42:30.273124] #0 >> Parallel Child: Current time:  16567200.00000 -- 0
Dimr [2026-05-18 18:42:30.273173] #0 >> 16567200.0:    DFlowFM.Update(     3600.00000)
Dimr [2026-05-18 18:42:30.273183] #1 >> 16567200.0:    DFlowFM.Update(     3600.00000)
Dimr [2026-05-18 18:42:30.273183] #2 >> 16567200.0:    DFlowFM.Update(     3600.00000)
Dimr [2026-05-18 18:42:30.273184] #3 >> 16567200.0:    DFlowFM.Update(     3600.00000)
Dimr [2026-05-18 18:42:30.273181] #4 >> 16567200.0:    DFlowFM.Update(     3600.00000)
Dimr [2026-05-18 18:42:30.273180] #5 >> 16567200.0:    DFlowFM.Update(     3600.00000)
Dimr [2026-05-18 18:42:30.273180] #6 >> 16567200.0:    DFlowFM.Update(     3600.00000)
Dimr [2026-05-18 18:42:30.273177] #7 >> 16567200.0:    DFlowFM.Update(     3600.00000)
** INFO   :           1d 19:00:00          0d  5:00:00          0d  0:23:21          0d  0:02:43         60    89.6%     7.54717
Dimr [2026-05-18 18:43:13.566028] #6 >> TIME LOOP     18000.00000 --  16588800.00000 --  16570800.00000
Dimr [2026-05-18 18:43:13.566054] #6 >> TIME LOOP      3600.00000 --  16588800.00000 --  16570800.00000 --         0.00000 
** INFO   :           1d 19:00:00          0d  5:00:00          0d  0:23:21          0d  0:02:43         60    89.6%     7.54717
Dimr [2026-05-18 18:43:13.567757] #2 >> TIME LOOP     18000.00000 --  16588800.00000 --  16570800.00000
Dimr [2026-05-18 18:43:13.567782] #2 >> TIME LOOP      3600.00000 --  16588800.00000 --  16570800.00000 --         0.00000 
** INFO   :           1d 19:00:00          0d  5:00:00          0d  0:23:14          0d  0:02:42         60    89.6%     7.54717
Dimr [2026-05-18 18:43:13.568184] #7 >> TIME LOOP     18000.00000 --  16588800.00000 --  16570800.00000
Dimr [2026-05-18 18:43:13.568202] #7 >> TIME LOOP      3600.00000 --  16588800.00000 --  16570800.00000 --         0.00000 
** INFO   :           1d 19:00:00          0d  5:00:00          0d  0:23:21          0d  0:02:43         60    89.6%     7.54717
Dimr [2026-05-18 18:43:13.568560] #5 >> TIME LOOP     18000.00000 --  16588800.00000 --  16570800.00000
Dimr [2026-05-18 18:43:13.568574] #5 >> TIME LOOP      3600.00000 --  16588800.00000 --  16570800.00000 --         0.00000 
** INFO   :           1d 19:00:00          0d  5:00:00          0d  0:23:21          0d  0:02:43         60    89.6%     7.54717
Dimr [2026-05-18 18:43:13.568661] #4 >> TIME LOOP     18000.00000 --  16588800.00000 --  16570800.00000
Dimr [2026-05-18 18:43:13.568675] #4 >> TIME LOOP      3600.00000 --  16588800.00000 --  16570800.00000 --         0.00000 
** INFO   :           1d 19:00:00          0d  5:00:00          0d  0:23:13          0d  0:02:42         60    89.6%     7.54717
Dimr [2026-05-18 18:43:13.569083] #1 >> TIME LOOP     18000.00000 --  16588800.00000 --  16570800.00000
Dimr [2026-05-18 18:43:13.569101] #1 >> TIME LOOP      3600.00000 --  16588800.00000 --  16570800.00000 --         0.00000 
** INFO   :           1d 19:00:00          0d  5:00:00          0d  0:23:14          0d  0:02:42         60    89.6%     7.54717
Dimr [2026-05-18 18:43:13.569237] #3 >> TIME LOOP     18000.00000 --  16588800.00000 --  16570800.00000
Dimr [2026-05-18 18:43:13.569252] #3 >> TIME LOOP      3600.00000 --  16588800.00000 --  16570800.00000 --         0.00000 
** INFO   :           1d 19:00:00          0d  5:00:00          0d  0:23:12          0d  0:02:42         60    89.6%     7.54717
Dimr [2026-05-18 18:43:13.570055] #0 >> TIME LOOP     18000.00000 --  16588800.00000 --  16570800.00000
Dimr [2026-05-18 18:43:13.570071] #0 >> TIME LOOP      3600.00000 --  16588800.00000 --  16570800.00000 --         0.00000 
Dimr [2026-05-18 18:43:13.570082] #0 >> Parallel Startgroup: Current time:  16570800.00000 --  16567200.00000
Dimr [2026-05-18 18:43:13.570083] #1 >> Parallel Child: Current time:  16570800.00000 -- 0
Dimr [2026-05-18 18:43:13.570083] #2 >> Parallel Child: Current time:  16570800.00000 -- 0
Dimr [2026-05-18 18:43:13.570082] #3 >> Parallel Child: Current time:  16570800.00000 -- 0
Dimr [2026-05-18 18:43:13.570083] #4 >> Parallel Child: Current time:  16570800.00000 -- 0
Dimr [2026-05-18 18:43:13.570083] #5 >> Parallel Child: Current time:  16570800.00000 -- 0
Dimr [2026-05-18 18:43:13.570083] #6 >> Parallel Child: Current time:  16570800.00000 -- 0
Dimr [2026-05-18 18:43:13.570083] #7 >> Parallel Child: Current time:  16570800.00000 -- 0
Dimr [2026-05-18 18:43:13.570097] #0 >> 16570800.0:    wave.Update(    3600.0)
*****************************************************************
*  Start of Delft3D-WAVE ...
  Start loop over SWAN grids, time =      276180.000 minutes since 20250101.000000
  Allocate input fields
  Allocate and read SWAN depth
  Get flow fields, domain 1 :
  Get flow fields, domain 2 :
  Get flow fields, domain 3 :
  Get flow fields, domain 4 :
  Get flow fields, domain 5 :
  Get flow fields, domain 6 :
  Get flow fields, domain 7 :
  Get flow fields, domain 8 :
  Write SWAN depth file
  Write SWAN velocity file
  Write SWAN wind file
  Write SWAN input
  Using SWAN hotstart file: hot_1_20250711_180000.nc
<<Run SWAN...
>>...Check file swan_sh.log
>>...End of SWAN run
  Allocate output fields
  Read SWAN output
  WARNING: Found negative value(s) for dissip(2) in swanout file;
           value(s) set to zero
  Map WAVE parameters to FLOW grid          1
  Map WAVE parameters to FLOW grid          2
  Map WAVE parameters to FLOW grid          3
  Map WAVE parameters to FLOW grid          4
  Map WAVE parameters to FLOW grid          5
  Map WAVE parameters to FLOW grid          6
  Map WAVE parameters to FLOW grid          7
  Map WAVE parameters to FLOW grid          8
  Deallocate input fields
  Allocate input fields
  Allocate and read SWAN depth
  Get flow fields, domain 1 :
  Get flow fields, domain 2 :
  Get flow fields, domain 3 :
  Get flow fields, domain 4 :
  Get flow fields, domain 5 :
  Get flow fields, domain 6 :
  Get flow fields, domain 7 :
  Get flow fields, domain 8 :
  Write SWAN depth file
  Write SWAN velocity file
  Write SWAN wind file
  Write SWAN input
  Using SWAN hotstart file: hot_2_20250711_180000.nc
<<Run SWAN...
>>...Check file swan_sh.log
>>...End of SWAN run
  Allocate output fields
  Read SWAN output
  WARNING: Found negative value(s) for dissip(2) in swanout file;
           value(s) set to zero
  Map WAVE parameters to FLOW grid          1
  Map WAVE parameters to FLOW grid          2
  Map WAVE parameters to FLOW grid          3
  Map WAVE parameters to FLOW grid          4
  Map WAVE parameters to FLOW grid          5
  Map WAVE parameters to FLOW grid          6
  Map WAVE parameters to FLOW grid          7
  Map WAVE parameters to FLOW grid          8
  Deallocate input fields
  Convert parameters
  Write to com-file
  Convert parameters
  Write to com-file
  Convert parameters
  Write to com-file
  Convert parameters
  Write to com-file
  Convert parameters
  Write to com-file
  Convert parameters
  Write to com-file
  Convert parameters
  Write to com-file
  Convert parameters
  Write to com-file
*  End of Delft3D-WAVE
*****************************************************************
Dimr [2026-05-18 18:43:21.877155] #0 >> Parallel Child: Current time:  16570800.00000 -- 0
Dimr [2026-05-18 18:43:21.877202] #0 >> 16570800.0:    DFlowFM.Update(     3600.00000)
Dimr [2026-05-18 18:43:21.877209] #1 >> 16570800.0:    DFlowFM.Update(     3600.00000)
Dimr [2026-05-18 18:43:21.877209] #2 >> 16570800.0:    DFlowFM.Update(     3600.00000)
Dimr [2026-05-18 18:43:21.877209] #3 >> 16570800.0:    DFlowFM.Update(     3600.00000)
Dimr [2026-05-18 18:43:21.877205] #4 >> 16570800.0:    DFlowFM.Update(     3600.00000)
Dimr [2026-05-18 18:43:21.877206] #5 >> 16570800.0:    DFlowFM.Update(     3600.00000)
Dimr [2026-05-18 18:43:21.877206] #6 >> 16570800.0:    DFlowFM.Update(     3600.00000)
Dimr [2026-05-18 18:43:21.877205] #7 >> 16570800.0:    DFlowFM.Update(     3600.00000)
** INFO   :           1d 20:00:00          0d  4:00:00          0d  0:24:03          0d  0:02:11         48    91.7%     7.65957
Dimr [2026-05-18 18:44:04.16786] #6 >> TIME LOOP     14400.00000 --  16588800.00000 --  16574400.00000
Dimr [2026-05-18 18:44:04.16813] #6 >> TIME LOOP      3600.00000 --  16588800.00000 --  16574400.00000 --         0.00000 
** INFO   :           1d 20:00:00          0d  4:00:00          0d  0:24:03          0d  0:02:11         48    91.7%     7.65957
Dimr [2026-05-18 18:44:04.18574] #2 >> TIME LOOP     14400.00000 --  16588800.00000 --  16574400.00000
Dimr [2026-05-18 18:44:04.18597] #2 >> TIME LOOP      3600.00000 --  16588800.00000 --  16574400.00000 --         0.00000 
** INFO   :           1d 20:00:00          0d  4:00:00          0d  0:23:55          0d  0:02:10         48    91.7%     7.65957
Dimr [2026-05-18 18:44:04.18829] #7 >> TIME LOOP     14400.00000 --  16588800.00000 --  16574400.00000
Dimr [2026-05-18 18:44:04.18847] #7 >> TIME LOOP      3600.00000 --  16588800.00000 --  16574400.00000 --         0.00000 
** INFO   :           1d 20:00:00          0d  4:00:00          0d  0:24:02          0d  0:02:11         48    91.7%     7.65957
Dimr [2026-05-18 18:44:04.19121] #5 >> TIME LOOP     14400.00000 --  16588800.00000 --  16574400.00000
Dimr [2026-05-18 18:44:04.19137] #5 >> TIME LOOP      3600.00000 --  16588800.00000 --  16574400.00000 --         0.00000 
** INFO   :           1d 20:00:00          0d  4:00:00          0d  0:24:02          0d  0:02:11         48    91.7%     7.65957
Dimr [2026-05-18 18:44:04.19266] #4 >> TIME LOOP     14400.00000 --  16588800.00000 --  16574400.00000
Dimr [2026-05-18 18:44:04.19280] #4 >> TIME LOOP      3600.00000 --  16588800.00000 --  16574400.00000 --         0.00000 
** INFO   :           1d 20:00:00          0d  4:00:00          0d  0:23:55          0d  0:02:10         48    91.7%     7.65957
Dimr [2026-05-18 18:44:04.19767] #1 >> TIME LOOP     14400.00000 --  16588800.00000 --  16574400.00000
Dimr [2026-05-18 18:44:04.19789] #1 >> TIME LOOP      3600.00000 --  16588800.00000 --  16574400.00000 --         0.00000 
** INFO   :           1d 20:00:00          0d  4:00:00          0d  0:23:55          0d  0:02:10         48    91.7%     7.65957
Dimr [2026-05-18 18:44:04.20050] #3 >> TIME LOOP     14400.00000 --  16588800.00000 --  16574400.00000
Dimr [2026-05-18 18:44:04.20066] #3 >> TIME LOOP      3600.00000 --  16588800.00000 --  16574400.00000 --         0.00000 
** INFO   :           1d 20:00:00          0d  4:00:00          0d  0:23:54          0d  0:02:10         48    91.7%     7.65957
Dimr [2026-05-18 18:44:04.20922] #0 >> TIME LOOP     14400.00000 --  16588800.00000 --  16574400.00000
Dimr [2026-05-18 18:44:04.20938] #0 >> TIME LOOP      3600.00000 --  16588800.00000 --  16574400.00000 --         0.00000 
Dimr [2026-05-18 18:44:04.20949] #3 >> Parallel Child: Current time:  16574400.00000 -- 0
Dimr [2026-05-18 18:44:04.20949] #4 >> Parallel Child: Current time:  16574400.00000 -- 0
Dimr [2026-05-18 18:44:04.20949] #5 >> Parallel Child: Current time:  16574400.00000 -- 0
Dimr [2026-05-18 18:44:04.20949] #6 >> Parallel Child: Current time:  16574400.00000 -- 0
Dimr [2026-05-18 18:44:04.20949] #7 >> Parallel Child: Current time:  16574400.00000 -- 0
Dimr [2026-05-18 18:44:04.20949] #0 >> Parallel Startgroup: Current time:  16574400.00000 --  16570800.00000
Dimr [2026-05-18 18:44:04.20965] #0 >> 16574400.0:    wave.Update(    3600.0)
*****************************************************************
*  Start of Delft3D-WAVE ...
  Start loop over SWAN grids, time =      276240.000 minutes since 20250101.000000
  Allocate input fields
Dimr [2026-05-18 18:44:04.20949] #1 >> Parallel Child: Current time:  16574400.00000 -- 0
Dimr [2026-05-18 18:44:04.20949] #2 >> Parallel Child: Current time:  16574400.00000 -- 0
  Allocate and read SWAN depth
  Get flow fields, domain 1 :
  Get flow fields, domain 2 :
  Get flow fields, domain 3 :
  Get flow fields, domain 4 :
  Get flow fields, domain 5 :
  Get flow fields, domain 6 :
  Get flow fields, domain 7 :
  Get flow fields, domain 8 :
  Write SWAN depth file
  Write SWAN velocity file
  Write SWAN wind file
  Write SWAN input
  Using SWAN hotstart file: hot_1_20250711_190000.nc
<<Run SWAN...
>>...Check file swan_sh.log
>>...End of SWAN run
  Allocate output fields
  Read SWAN output
  WARNING: Found negative value(s) for dissip(2) in swanout file;
           value(s) set to zero
  Map WAVE parameters to FLOW grid          1
  Map WAVE parameters to FLOW grid          2
  Map WAVE parameters to FLOW grid          3
  Map WAVE parameters to FLOW grid          4
  Map WAVE parameters to FLOW grid          5
  Map WAVE parameters to FLOW grid          6
  Map WAVE parameters to FLOW grid          7
  Map WAVE parameters to FLOW grid          8
  Deallocate input fields
  Allocate input fields
  Allocate and read SWAN depth
  Get flow fields, domain 1 :
  Get flow fields, domain 2 :
  Get flow fields, domain 3 :
  Get flow fields, domain 4 :
  Get flow fields, domain 5 :
  Get flow fields, domain 6 :
  Get flow fields, domain 7 :
  Get flow fields, domain 8 :
  Write SWAN depth file
  Write SWAN velocity file
  Write SWAN wind file
  Write SWAN input
  Using SWAN hotstart file: hot_2_20250711_190000.nc
<<Run SWAN...
>>...Check file swan_sh.log
>>...End of SWAN run
  Allocate output fields
  Read SWAN output
  WARNING: Found negative value(s) for dissip(2) in swanout file;
           value(s) set to zero
  Map WAVE parameters to FLOW grid          1
  Map WAVE parameters to FLOW grid          2
  Map WAVE parameters to FLOW grid          3
  Map WAVE parameters to FLOW grid          4
  Map WAVE parameters to FLOW grid          5
  Map WAVE parameters to FLOW grid          6
  Map WAVE parameters to FLOW grid          7
  Map WAVE parameters to FLOW grid          8
  Deallocate input fields
  Convert parameters
  Write to com-file
  Convert parameters
  Write to com-file
  Convert parameters
  Write to com-file
  Convert parameters
  Write to com-file
  Convert parameters
  Write to com-file
  Convert parameters
  Write to com-file
  Convert parameters
  Write to com-file
  Convert parameters
  Write to com-file
*  End of Delft3D-WAVE
*****************************************************************
Dimr [2026-05-18 18:44:15.266234] #0 >> Parallel Child: Current time:  16574400.00000 -- 0
Dimr [2026-05-18 18:44:15.266281] #0 >> 16574400.0:    DFlowFM.Update(     3600.00000)
Dimr [2026-05-18 18:44:15.266289] #1 >> 16574400.0:    DFlowFM.Update(     3600.00000)
Dimr [2026-05-18 18:44:15.266289] #2 >> 16574400.0:    DFlowFM.Update(     3600.00000)
Dimr [2026-05-18 18:44:15.266289] #3 >> 16574400.0:    DFlowFM.Update(     3600.00000)
Dimr [2026-05-18 18:44:15.266286] #4 >> 16574400.0:    DFlowFM.Update(     3600.00000)
Dimr [2026-05-18 18:44:15.266285] #5 >> 16574400.0:    DFlowFM.Update(     3600.00000)
Dimr [2026-05-18 18:44:15.266286] #6 >> 16574400.0:    DFlowFM.Update(     3600.00000)
Dimr [2026-05-18 18:44:15.266284] #7 >> 16574400.0:    DFlowFM.Update(     3600.00000)
** INFO   :           1d 21:00:00          0d  3:00:00          0d  0:24:47          0d  0:01:39         36    93.8%     7.25806
Dimr [2026-05-18 18:44:59.615364] #6 >> TIME LOOP     10800.00000 --  16588800.00000 --  16578000.00000
Dimr [2026-05-18 18:44:59.615391] #6 >> TIME LOOP      3600.00000 --  16588800.00000 --  16578000.00000 --         0.00000 
** INFO   :           1d 21:00:00          0d  3:00:00          0d  0:24:46          0d  0:01:39         36    93.8%     7.25806
Dimr [2026-05-18 18:44:59.616993] #2 >> TIME LOOP     10800.00000 --  16588800.00000 --  16578000.00000
Dimr [2026-05-18 18:44:59.617019] #2 >> TIME LOOP      3600.00000 --  16588800.00000 --  16578000.00000 --         0.00000 
** INFO   :           1d 21:00:00          0d  3:00:00          0d  0:24:39          0d  0:01:38         36    93.8%     7.25806
Dimr [2026-05-18 18:44:59.617437] #7 >> TIME LOOP     10800.00000 --  16588800.00000 --  16578000.00000
Dimr [2026-05-18 18:44:59.617454] #7 >> TIME LOOP      3600.00000 --  16588800.00000 --  16578000.00000 --         0.00000 
** INFO   :           1d 21:00:00          0d  3:00:00          0d  0:24:46          0d  0:01:39         36    93.8%     7.25806
Dimr [2026-05-18 18:44:59.617765] #5 >> TIME LOOP     10800.00000 --  16588800.00000 --  16578000.00000
Dimr [2026-05-18 18:44:59.617780] #5 >> TIME LOOP      3600.00000 --  16588800.00000 --  16578000.00000 --         0.00000 
** INFO   :           1d 21:00:00          0d  3:00:00          0d  0:24:46          0d  0:01:39         36    93.8%     7.25806
Dimr [2026-05-18 18:44:59.617913] #4 >> TIME LOOP     10800.00000 --  16588800.00000 --  16578000.00000
Dimr [2026-05-18 18:44:59.617928] #4 >> TIME LOOP      3600.00000 --  16588800.00000 --  16578000.00000 --         0.00000 
** INFO   :           1d 21:00:00          0d  3:00:00          0d  0:24:39          0d  0:01:38         36    93.8%     7.25806
Dimr [2026-05-18 18:44:59.618271] #1 >> TIME LOOP     10800.00000 --  16588800.00000 --  16578000.00000
Dimr [2026-05-18 18:44:59.618289] #1 >> TIME LOOP      3600.00000 --  16588800.00000 --  16578000.00000 --         0.00000 
** INFO   :           1d 21:00:00          0d  3:00:00          0d  0:24:39          0d  0:01:38         36    93.8%     7.25806
Dimr [2026-05-18 18:44:59.618516] #3 >> TIME LOOP     10800.00000 --  16588800.00000 --  16578000.00000
Dimr [2026-05-18 18:44:59.618531] #3 >> TIME LOOP      3600.00000 --  16588800.00000 --  16578000.00000 --         0.00000 
** INFO   :           1d 21:00:00          0d  3:00:00          0d  0:24:38          0d  0:01:38         36    93.8%     7.25806
Dimr [2026-05-18 18:44:59.619432] #0 >> TIME LOOP     10800.00000 --  16588800.00000 --  16578000.00000
Dimr [2026-05-18 18:44:59.619449] #0 >> TIME LOOP      3600.00000 --  16588800.00000 --  16578000.00000 --         0.00000 
Dimr [2026-05-18 18:44:59.619460] #0 >> Parallel Startgroup: Current time:  16578000.00000 --  16574400.00000
Dimr [2026-05-18 18:44:59.619460] #3 >> Parallel Child: Current time:  16578000.00000 -- 0
Dimr [2026-05-18 18:44:59.619461] #4 >> Parallel Child: Current time:  16578000.00000 -- 0
Dimr [2026-05-18 18:44:59.619461] #5 >> Parallel Child: Current time:  16578000.00000 -- 0
Dimr [2026-05-18 18:44:59.619461] #6 >> Parallel Child: Current time:  16578000.00000 -- 0
Dimr [2026-05-18 18:44:59.619461] #7 >> Parallel Child: Current time:  16578000.00000 -- 0
Dimr [2026-05-18 18:44:59.619473] #0 >> 16578000.0:    wave.Update(    3600.0)
*****************************************************************
*  Start of Delft3D-WAVE ...
  Start loop over SWAN grids, time =      276300.000 minutes since 20250101.000000
  Allocate input fields
Dimr [2026-05-18 18:44:59.619460] #1 >> Parallel Child: Current time:  16578000.00000 -- 0
Dimr [2026-05-18 18:44:59.619460] #2 >> Parallel Child: Current time:  16578000.00000 -- 0
  Allocate and read SWAN depth
  Get flow fields, domain 1 :
  Get flow fields, domain 2 :
  Get flow fields, domain 3 :
  Get flow fields, domain 4 :
  Get flow fields, domain 5 :
  Get flow fields, domain 6 :
  Get flow fields, domain 7 :
  Get flow fields, domain 8 :
  Write SWAN depth file
  Write SWAN velocity file
  Write SWAN wind file
  Write SWAN input
  Using SWAN hotstart file: hot_1_20250711_200000.nc
<<Run SWAN...
>>...Check file swan_sh.log
>>...End of SWAN run
  Allocate output fields
  Read SWAN output
  Map WAVE parameters to FLOW grid          1
  Map WAVE parameters to FLOW grid          2
  Map WAVE parameters to FLOW grid          3
  Map WAVE parameters to FLOW grid          4
  Map WAVE parameters to FLOW grid          5
  Map WAVE parameters to FLOW grid          6
  Map WAVE parameters to FLOW grid          7
  Map WAVE parameters to FLOW grid          8
  Deallocate input fields
  Allocate input fields
  Allocate and read SWAN depth
  Get flow fields, domain 1 :
  Get flow fields, domain 2 :
  Get flow fields, domain 3 :
  Get flow fields, domain 4 :
  Get flow fields, domain 5 :
  Get flow fields, domain 6 :
  Get flow fields, domain 7 :
  Get flow fields, domain 8 :
  Write SWAN depth file
  Write SWAN velocity file
  Write SWAN wind file
  Write SWAN input
  Using SWAN hotstart file: hot_2_20250711_200000.nc
<<Run SWAN...
>>...Check file swan_sh.log
>>...End of SWAN run
  Allocate output fields
  Read SWAN output
  WARNING: Found negative value(s) for dissip(2) in swanout file;
           value(s) set to zero
  Map WAVE parameters to FLOW grid          1
  Map WAVE parameters to FLOW grid          2
  Map WAVE parameters to FLOW grid          3
  Map WAVE parameters to FLOW grid          4
  Map WAVE parameters to FLOW grid          5
  Map WAVE parameters to FLOW grid          6
  Map WAVE parameters to FLOW grid          7
  Map WAVE parameters to FLOW grid          8
  Deallocate input fields
  Convert parameters
  Write to com-file
  Convert parameters
  Write to com-file
  Convert parameters
  Write to com-file
  Convert parameters
  Write to com-file
  Convert parameters
  Write to com-file
  Convert parameters
  Write to com-file
  Convert parameters
  Write to com-file
  Convert parameters
  Write to com-file
*  End of Delft3D-WAVE
*****************************************************************
Dimr [2026-05-18 18:45:13.799455] #0 >> Parallel Child: Current time:  16578000.00000 -- 0
Dimr [2026-05-18 18:45:13.799501] #0 >> 16578000.0:    DFlowFM.Update(     3600.00000)
Dimr [2026-05-18 18:45:13.799509] #1 >> 16578000.0:    DFlowFM.Update(     3600.00000)
Dimr [2026-05-18 18:45:13.799508] #2 >> 16578000.0:    DFlowFM.Update(     3600.00000)
Dimr [2026-05-18 18:45:13.799508] #3 >> 16578000.0:    DFlowFM.Update(     3600.00000)
Dimr [2026-05-18 18:45:13.799504] #4 >> 16578000.0:    DFlowFM.Update(     3600.00000)
Dimr [2026-05-18 18:45:13.799505] #5 >> 16578000.0:    DFlowFM.Update(     3600.00000)
Dimr [2026-05-18 18:45:13.799504] #6 >> 16578000.0:    DFlowFM.Update(     3600.00000)
Dimr [2026-05-18 18:45:13.799505] #7 >> 16578000.0:    DFlowFM.Update(     3600.00000)
** INFO   :           1d 22:00:00          0d  2:00:00          0d  0:25:29          0d  0:01:06         24    95.8%     7.46888
Dimr [2026-05-18 18:45:56.645077] #6 >> TIME LOOP      7200.00000 --  16588800.00000 --  16581600.00000
Dimr [2026-05-18 18:45:56.645103] #6 >> TIME LOOP      3600.00000 --  16588800.00000 --  16581600.00000 --         0.00000 
** INFO   :           1d 22:00:00          0d  2:00:00          0d  0:25:29          0d  0:01:06         24    95.8%     7.46888
Dimr [2026-05-18 18:45:56.646730] #2 >> TIME LOOP      7200.00000 --  16588800.00000 --  16581600.00000
Dimr [2026-05-18 18:45:56.646754] #2 >> TIME LOOP      3600.00000 --  16588800.00000 --  16581600.00000 --         0.00000 
** INFO   :           1d 22:00:00          0d  2:00:00          0d  0:25:21          0d  0:01:06         24    95.8%     7.46888
Dimr [2026-05-18 18:45:56.647161] #7 >> TIME LOOP      7200.00000 --  16588800.00000 --  16581600.00000
Dimr [2026-05-18 18:45:56.647180] #7 >> TIME LOOP      3600.00000 --  16588800.00000 --  16581600.00000 --         0.00000 
** INFO   :           1d 22:00:00          0d  2:00:00          0d  0:25:28          0d  0:01:06         24    95.8%     7.46888
Dimr [2026-05-18 18:45:56.647306] #5 >> TIME LOOP      7200.00000 --  16588800.00000 --  16581600.00000
Dimr [2026-05-18 18:45:56.647321] #5 >> TIME LOOP      3600.00000 --  16588800.00000 --  16581600.00000 --         0.00000 
** INFO   :           1d 22:00:00          0d  2:00:00          0d  0:25:29          0d  0:01:06         24    95.8%     7.46888
Dimr [2026-05-18 18:45:56.647457] #4 >> TIME LOOP      7200.00000 --  16588800.00000 --  16581600.00000
Dimr [2026-05-18 18:45:56.647472] #4 >> TIME LOOP      3600.00000 --  16588800.00000 --  16581600.00000 --         0.00000 
** INFO   :           1d 22:00:00          0d  2:00:00          0d  0:25:21          0d  0:01:06         24    95.8%     7.46888
Dimr [2026-05-18 18:45:56.648015] #1 >> TIME LOOP      7200.00000 --  16588800.00000 --  16581600.00000
Dimr [2026-05-18 18:45:56.648034] #1 >> TIME LOOP      3600.00000 --  16588800.00000 --  16581600.00000 --         0.00000 
** INFO   :           1d 22:00:00          0d  2:00:00          0d  0:25:21          0d  0:01:06         24    95.8%     7.46888
Dimr [2026-05-18 18:45:56.648362] #3 >> TIME LOOP      7200.00000 --  16588800.00000 --  16581600.00000
Dimr [2026-05-18 18:45:56.648378] #3 >> TIME LOOP      3600.00000 --  16588800.00000 --  16581600.00000 --         0.00000 
** INFO   :           1d 22:00:00          0d  2:00:00          0d  0:25:20          0d  0:01:06         24    95.8%     7.46888
Dimr [2026-05-18 18:45:56.649281] #0 >> TIME LOOP      7200.00000 --  16588800.00000 --  16581600.00000
Dimr [2026-05-18 18:45:56.649297] #0 >> TIME LOOP      3600.00000 --  16588800.00000 --  16581600.00000 --         0.00000 
Dimr [2026-05-18 18:45:56.649309] #3 >> Parallel Child: Current time:  16581600.00000 -- 0
Dimr [2026-05-18 18:45:56.649309] #5 >> Parallel Child: Current time:  16581600.00000 -- 0
Dimr [2026-05-18 18:45:56.649309] #7 >> Parallel Child: Current time:  16581600.00000 -- 0
Dimr [2026-05-18 18:45:56.649308] #0 >> Parallel Startgroup: Current time:  16581600.00000 --  16578000.00000
Dimr [2026-05-18 18:45:56.649325] #0 >> 16581600.0:    wave.Update(    3600.0)
*****************************************************************
*  Start of Delft3D-WAVE ...
Dimr [2026-05-18 18:45:56.649309] #1 >> Parallel Child: Current time:  16581600.00000 -- 0
Dimr [2026-05-18 18:45:56.649309] #2 >> Parallel Child: Current time:  16581600.00000 -- 0
Dimr [2026-05-18 18:45:56.649309] #4 >> Parallel Child: Current time:  16581600.00000 -- 0
Dimr [2026-05-18 18:45:56.649309] #6 >> Parallel Child: Current time:  16581600.00000 -- 0
  Start loop over SWAN grids, time =      276360.000 minutes since 20250101.000000
  Allocate input fields
  Allocate and read SWAN depth
  Get flow fields, domain 1 :
  Get flow fields, domain 2 :
  Get flow fields, domain 3 :
  Get flow fields, domain 4 :
  Get flow fields, domain 5 :
  Get flow fields, domain 6 :
  Get flow fields, domain 7 :
  Get flow fields, domain 8 :
  Write SWAN depth file
  Write SWAN velocity file
  Write SWAN wind file
  Write SWAN input
  Using SWAN hotstart file: hot_1_20250711_210000.nc
<<Run SWAN...
>>...Check file swan_sh.log
>>...End of SWAN run
  Allocate output fields
  Read SWAN output
  WARNING: Found negative value(s) for dissip(2) in swanout file;
           value(s) set to zero
  Map WAVE parameters to FLOW grid          1
  Map WAVE parameters to FLOW grid          2
  Map WAVE parameters to FLOW grid          3
  Map WAVE parameters to FLOW grid          4
  Map WAVE parameters to FLOW grid          5
  Map WAVE parameters to FLOW grid          6
  Map WAVE parameters to FLOW grid          7
  Map WAVE parameters to FLOW grid          8
  Deallocate input fields
  Allocate input fields
  Allocate and read SWAN depth
  Get flow fields, domain 1 :
  Get flow fields, domain 2 :
  Get flow fields, domain 3 :
  Get flow fields, domain 4 :
  Get flow fields, domain 5 :
  Get flow fields, domain 6 :
  Get flow fields, domain 7 :
  Get flow fields, domain 8 :
  Write SWAN depth file
  Write SWAN velocity file
  Write SWAN wind file
  Write SWAN input
  Using SWAN hotstart file: hot_2_20250711_210000.nc
<<Run SWAN...
>>...Check file swan_sh.log
>>...End of SWAN run
  Allocate output fields
  Read SWAN output
  WARNING: Found negative value(s) for dissip(2) in swanout file;
           value(s) set to zero
  Map WAVE parameters to FLOW grid          1
  Map WAVE parameters to FLOW grid          2
  Map WAVE parameters to FLOW grid          3
  Map WAVE parameters to FLOW grid          4
  Map WAVE parameters to FLOW grid          5
  Map WAVE parameters to FLOW grid          6
  Map WAVE parameters to FLOW grid          7
  Map WAVE parameters to FLOW grid          8
  Deallocate input fields
  Convert parameters
  Write to com-file
  Convert parameters
  Write to com-file
  Convert parameters
  Write to com-file
  Convert parameters
  Write to com-file
  Convert parameters
  Write to com-file
  Convert parameters
  Write to com-file
  Convert parameters
  Write to com-file
  Convert parameters
  Write to com-file
*  End of Delft3D-WAVE
*****************************************************************
Dimr [2026-05-18 18:46:04.523239] #0 >> Parallel Child: Current time:  16581600.00000 -- 0
Dimr [2026-05-18 18:46:04.523284] #0 >> 16581600.0:    DFlowFM.Update(     3600.00000)
Dimr [2026-05-18 18:46:04.523297] #1 >> 16581600.0:    DFlowFM.Update(     3600.00000)
Dimr [2026-05-18 18:46:04.523294] #2 >> 16581600.0:    DFlowFM.Update(     3600.00000)
Dimr [2026-05-18 18:46:04.523294] #3 >> 16581600.0:    DFlowFM.Update(     3600.00000)
Dimr [2026-05-18 18:46:04.523299] #4 >> 16581600.0:    DFlowFM.Update(     3600.00000)
Dimr [2026-05-18 18:46:04.523297] #5 >> 16581600.0:    DFlowFM.Update(     3600.00000)
Dimr [2026-05-18 18:46:04.523289] #6 >> 16581600.0:    DFlowFM.Update(     3600.00000)
Dimr [2026-05-18 18:46:04.523298] #7 >> 16581600.0:    DFlowFM.Update(     3600.00000)
** INFO   :  Maximum salinity encountered and limited in           10  cell(s).
** INFO   :  Maximum salinity encountered and limited in           10  cell(s).
** INFO   :  Maximum salinity encountered and limited in           10  cell(s).
** INFO   :  Maximum salinity encountered and limited in           10  cell(s).
** INFO   :  Maximum salinity encountered and limited in           10  cell(s).
** INFO   :  Maximum salinity encountered and limited in           10  cell(s).
** INFO   :  Maximum salinity encountered and limited in           10  cell(s).
** INFO   :  Maximum salinity encountered and limited in           10  cell(s).
** INFO   :  Maximum salinity encountered and limited in           10  cell(s).
** INFO   :  Maximum salinity encountered and limited in           10  cell(s).
** INFO   :  Warning limit reached: No more Maximum salinity limit messages will be displayed.
** INFO   :           1d 23:00:00          0d  1:00:00          0d  0:26:09          0d  0:00:33         12    97.9%     7.91209
Dimr [2026-05-18 18:46:44.941480] #6 >> TIME LOOP      3600.00000 --  16588800.00000 --  16585200.00000
Dimr [2026-05-18 18:46:44.941507] #6 >> TIME LOOP      3600.00000 --  16588800.00000 --  16585200.00000 --         0.00000 
** INFO   :           1d 23:00:00          0d  1:00:00          0d  0:26:09          0d  0:00:33         12    97.9%     7.91209
Dimr [2026-05-18 18:46:44.943067] #2 >> TIME LOOP      3600.00000 --  16588800.00000 --  16585200.00000
Dimr [2026-05-18 18:46:44.943091] #2 >> TIME LOOP      3600.00000 --  16588800.00000 --  16585200.00000 --         0.00000 
** INFO   :           1d 23:00:00          0d  1:00:00          0d  0:26:01          0d  0:00:33         12    97.9%     7.91209
Dimr [2026-05-18 18:46:44.943540] #7 >> TIME LOOP      3600.00000 --  16588800.00000 --  16585200.00000
Dimr [2026-05-18 18:46:44.943559] #7 >> TIME LOOP      3600.00000 --  16588800.00000 --  16585200.00000 --         0.00000 
** INFO   :           1d 23:00:00          0d  1:00:00          0d  0:26:08          0d  0:00:33         12    97.9%     7.91209
Dimr [2026-05-18 18:46:44.943914] #5 >> TIME LOOP      3600.00000 --  16588800.00000 --  16585200.00000
Dimr [2026-05-18 18:46:44.943929] #5 >> TIME LOOP      3600.00000 --  16588800.00000 --  16585200.00000 --         0.00000 
** INFO   :           1d 23:00:00          0d  1:00:00          0d  0:26:09          0d  0:00:33         12    97.9%     7.91209
Dimr [2026-05-18 18:46:44.943983] #4 >> TIME LOOP      3600.00000 --  16588800.00000 --  16585200.00000
Dimr [2026-05-18 18:46:44.943998] #4 >> TIME LOOP      3600.00000 --  16588800.00000 --  16585200.00000 --         0.00000 
** INFO   :           1d 23:00:00          0d  1:00:00          0d  0:26:00          0d  0:00:33         12    97.9%     7.91209
Dimr [2026-05-18 18:46:44.944378] #1 >> TIME LOOP      3600.00000 --  16588800.00000 --  16585200.00000
Dimr [2026-05-18 18:46:44.944397] #1 >> TIME LOOP      3600.00000 --  16588800.00000 --  16585200.00000 --         0.00000 
** INFO   :           1d 23:00:00          0d  1:00:00          0d  0:26:01          0d  0:00:33         12    97.9%     7.91209
Dimr [2026-05-18 18:46:44.944603] #3 >> TIME LOOP      3600.00000 --  16588800.00000 --  16585200.00000
Dimr [2026-05-18 18:46:44.944619] #3 >> TIME LOOP      3600.00000 --  16588800.00000 --  16585200.00000 --         0.00000 
** INFO   :           1d 23:00:00          0d  1:00:00          0d  0:26:00          0d  0:00:33         12    97.9%     7.91209
Dimr [2026-05-18 18:46:44.945486] #0 >> TIME LOOP      3600.00000 --  16588800.00000 --  16585200.00000
Dimr [2026-05-18 18:46:44.945502] #0 >> TIME LOOP      3600.00000 --  16588800.00000 --  16585200.00000 --         0.00000 
Dimr [2026-05-18 18:46:44.945512] #0 >> Parallel Startgroup: Current time:  16585200.00000 --  16581600.00000
Dimr [2026-05-18 18:46:44.945513] #1 >> Parallel Child: Current time:  16585200.00000 -- 0
Dimr [2026-05-18 18:46:44.945527] #0 >> 16585200.0:    wave.Update(    3600.0)
*****************************************************************
*  Start of Delft3D-WAVE ...
Dimr [2026-05-18 18:46:44.945513] #2 >> Parallel Child: Current time:  16585200.00000 -- 0
Dimr [2026-05-18 18:46:44.945513] #3 >> Parallel Child: Current time:  16585200.00000 -- 0
Dimr [2026-05-18 18:46:44.945513] #4 >> Parallel Child: Current time:  16585200.00000 -- 0
Dimr [2026-05-18 18:46:44.945513] #5 >> Parallel Child: Current time:  16585200.00000 -- 0
Dimr [2026-05-18 18:46:44.945513] #6 >> Parallel Child: Current time:  16585200.00000 -- 0
Dimr [2026-05-18 18:46:44.945513] #7 >> Parallel Child: Current time:  16585200.00000 -- 0
  Start loop over SWAN grids, time =      276420.000 minutes since 20250101.000000
  Allocate input fields
  Allocate and read SWAN depth
  Get flow fields, domain 1 :
  Get flow fields, domain 2 :
  Get flow fields, domain 3 :
  Get flow fields, domain 4 :
  Get flow fields, domain 5 :
  Get flow fields, domain 6 :
  Get flow fields, domain 7 :
  Get flow fields, domain 8 :
  Write SWAN depth file
  Write SWAN velocity file
  Write SWAN wind file
  Write SWAN input
  Using SWAN hotstart file: hot_1_20250711_220000.nc
<<Run SWAN...
>>...Check file swan_sh.log
>>...End of SWAN run
  Allocate output fields
  Read SWAN output
  WARNING: Found negative value(s) for dissip(2) in swanout file;
           value(s) set to zero
  Map WAVE parameters to FLOW grid          1
  Map WAVE parameters to FLOW grid          2
  Map WAVE parameters to FLOW grid          3
  Map WAVE parameters to FLOW grid          4
  Map WAVE parameters to FLOW grid          5
  Map WAVE parameters to FLOW grid          6
  Map WAVE parameters to FLOW grid          7
  Map WAVE parameters to FLOW grid          8
  Deallocate input fields
  Allocate input fields
  Allocate and read SWAN depth
  Get flow fields, domain 1 :
  Get flow fields, domain 2 :
  Get flow fields, domain 3 :
  Get flow fields, domain 4 :
  Get flow fields, domain 5 :
  Get flow fields, domain 6 :
  Get flow fields, domain 7 :
  Get flow fields, domain 8 :
  Write SWAN depth file
  Write SWAN velocity file
  Write SWAN wind file
  Write SWAN input
  Using SWAN hotstart file: hot_2_20250711_220000.nc
<<Run SWAN...
>>...Check file swan_sh.log
>>...End of SWAN run
  Allocate output fields
  Read SWAN output
  WARNING: Found negative value(s) for dissip(2) in swanout file;
           value(s) set to zero
  Map WAVE parameters to FLOW grid          1
  Map WAVE parameters to FLOW grid          2
  Map WAVE parameters to FLOW grid          3
  Map WAVE parameters to FLOW grid          4
  Map WAVE parameters to FLOW grid          5
  Map WAVE parameters to FLOW grid          6
  Map WAVE parameters to FLOW grid          7
  Map WAVE parameters to FLOW grid          8
  Deallocate input fields
  Convert parameters
  Write to com-file
  Convert parameters
  Write to com-file
  Convert parameters
  Write to com-file
  Convert parameters
  Write to com-file
  Convert parameters
  Write to com-file
  Convert parameters
  Write to com-file
  Convert parameters
  Write to com-file
  Convert parameters
  Write to com-file
*  End of Delft3D-WAVE
*****************************************************************
Dimr [2026-05-18 18:46:52.942749] #0 >> Parallel Child: Current time:  16585200.00000 -- 0
Dimr [2026-05-18 18:46:52.942779] #0 >> 16585200.0:    DFlowFM.Update(     3600.00000)
Dimr [2026-05-18 18:46:52.942788] #1 >> 16585200.0:    DFlowFM.Update(     3600.00000)
Dimr [2026-05-18 18:46:52.942788] #2 >> 16585200.0:    DFlowFM.Update(     3600.00000)
Dimr [2026-05-18 18:46:52.942788] #3 >> 16585200.0:    DFlowFM.Update(     3600.00000)
Dimr [2026-05-18 18:46:52.942785] #4 >> 16585200.0:    DFlowFM.Update(     3600.00000)
Dimr [2026-05-18 18:46:52.942785] #5 >> 16585200.0:    DFlowFM.Update(     3600.00000)
Dimr [2026-05-18 18:46:52.942791] #6 >> 16585200.0:    DFlowFM.Update(     3600.00000)
Dimr [2026-05-18 18:46:52.942785] #7 >> 16585200.0:    DFlowFM.Update(     3600.00000)
** INFO   :           2d  0:00:00          0d  0:00:00          0d  0:26:49          0d  0:00:00          0   100.0%     8.20046
** INFO   :           2d  0:00:00          0d  0:00:00          0d  0:26:48          0d  0:00:00          0   100.0%     8.20046
** INFO   :           2d  0:00:00          0d  0:00:00          0d  0:26:40          0d  0:00:00          0   100.0%     8.20046
** INFO   :           2d  0:00:00          0d  0:00:00          0d  0:26:48          0d  0:00:00          0   100.0%     8.20046
** INFO   :           2d  0:00:00          0d  0:00:00          0d  0:26:48          0d  0:00:00          0   100.0%     8.20046
** INFO   :           2d  0:00:00          0d  0:00:00          0d  0:26:40          0d  0:00:00          0   100.0%     8.20046
** INFO   :           2d  0:00:00          0d  0:00:00          0d  0:26:40          0d  0:00:00          0   100.0%     8.20046
** INFO   :           2d  0:00:00          0d  0:00:00          0d  0:26:39          0d  0:00:00          0   100.0%     8.20046
Dimr [2026-05-18 18:47:32.772289] #0 >>     wave.Finalize()
Dimr [2026-05-18 18:47:32.772289] #1 >>     DFlowFM.Finalize()
** INFO   : 
** INFO   : 
** INFO   : 
** INFO   : extra timer:Flow geometry                                        0.0813899040
** INFO   : extra timer:Transport init                                       0.0117461681
Dimr [2026-05-18 18:47:32.772289] #2 >>     DFlowFM.Finalize()
** INFO   : 
** INFO   : 
** INFO   : 
** INFO   : extra timer:Flow geometry                                        0.0813500881
** INFO   : extra timer:Transport init                                       0.0102040768
** INFO   : extra timer:Observations init                                    0.0103819370
** INFO   : extra timer:Flow init                                            1.4802038670
** INFO   : extra timer:Remainder                                            0.0363059044
Dimr [2026-05-18 18:47:32.772290] #3 >>     DFlowFM.Finalize()
** INFO   : 
** INFO   : 
** INFO   : 
** INFO   : extra timer:Flow geometry                                        0.0813791752
** INFO   : extra timer:Transport init                                       0.0110449791
** INFO   : extra timer:Flow init                                            1.4802289009
** INFO   : extra timer:Remainder                                            0.0375299454
** INFO   : extra timer:Flow allocate arrays                                 0.0182180405
** INFO   : extra timer:Set boundaries                                       0.0989251137
** INFO   : extra timer:Sethuau                                             10.0193231106
** INFO   : extra timer:setdt                                               15.3844490051
Dimr [2026-05-18 18:47:32.772288] #4 >>     DFlowFM.Finalize()
** INFO   : 
** INFO   : 
** INFO   : 
** INFO   : extra timer:Flow geometry                                        0.0814559460
** INFO   : extra timer:Transport init                                       0.0111148357
** INFO   : extra timer:Flow init                                            1.4803719521
** INFO   : extra timer:Remainder                                            0.0357589722
** INFO   : extra timer:Flow allocate arrays                                 0.0181128979
** INFO   : extra timer:Set boundaries                                      10.7363729477
** INFO   : extra timer:Sethuau                                              9.0651957989
** INFO   : extra timer:setdt                                               40.1261506081
Dimr [2026-05-18 18:47:32.772288] #5 >>     DFlowFM.Finalize()
** INFO   : 
** INFO   : 
** INFO   : 
** INFO   : extra timer:Flow geometry                                        0.0814690590
** INFO   : extra timer:Sediment transport and morphology init               0.0115969181
** INFO   : extra timer:Transport init                                       0.0107200146
** INFO   : extra timer:Flow init                                            1.4803531170
** INFO   : extra timer:Remainder                                            0.0351059437
** INFO   : extra timer:Flow allocate arrays                                 0.0193438530
** INFO   : extra timer:Set boundaries                                      15.7088232040
** INFO   : extra timer:Sethuau                                              9.1458134651
** INFO   : extra timer:setdt                                               28.4856982231
** INFO   : extra timer:Compute advection term                              72.9484229088
** INFO   : extra timer:u0u1                                                 2.3998219967
** INFO   : extra timer:Setumod                                             92.3019564152
** INFO   : extra timer:Set conveyance                                       0.0398468971
Dimr [2026-05-18 18:47:32.772289] #6 >>     DFlowFM.Finalize()
** INFO   : 
** INFO   : 
** INFO   : 
** INFO   : extra timer:Flow geometry                                        0.0814321041
** INFO   : extra timer:Transport init                                       0.0103130341
** INFO   : extra timer:Observations init                                    0.0102651119
** INFO   : extra timer:Flow init                                            1.4803540707
** INFO   : extra timer:Remainder                                            0.0318529606
** INFO   : extra timer:Flow allocate arrays                                 0.0151259899
** INFO   : extra timer:Set boundaries                                       0.1437487602
** INFO   : extra timer:Sethuau                                              7.6101720333
** INFO   : extra timer:setdt                                               56.1335787773
** INFO   : extra timer:Compute advection term                              66.7087197304
** INFO   : extra timer:u0u1                                                 1.7787129879
** INFO   : extra timer:Setumod                                             83.9039289951
** INFO   : extra timer:Set conveyance                                       0.0391776562
** INFO   : extra timer:Set structures actual parameters                     0.0264606476
** INFO   : extra timer:Set bedlevel from ext-file                           0.0115401745
** INFO   : extra timer:Init iniFieldFile                                    0.3543279171
** INFO   : extra timer:step_reduce                                       1378.4852063656
Dimr [2026-05-18 18:47:32.772289] #7 >>     DFlowFM.Finalize()
** INFO   : 
** INFO   : 
** INFO   : 
** INFO   : extra timer:Flow geometry                                        0.0814321041
** INFO   : extra timer:Transport init                                       0.0102729797
** INFO   : extra timer:Observations init                                    0.0102999210
** INFO   : extra timer:Flow init                                            1.4803669453
** INFO   : extra timer:Remainder                                            0.0343899727
** INFO   : extra timer:Flow allocate arrays                                 0.0174820423
** INFO   : extra timer:Set boundaries                                      10.7816178799
** INFO   : extra timer:Sethuau                                              9.6955995560
** INFO   : extra timer:setdt                                               12.3631849289
** INFO   : extra timer:Compute advection term                              81.1260726452
** INFO   : extra timer:u0u1                                                 2.1928718090
** INFO   : extra timer:Setumod                                            104.0898158550
** INFO   : extra timer:Set conveyance                                       0.0380156040
** INFO   : extra timer:Set structures actual parameters                     0.0251851082
** INFO   : extra timer:Set bedlevel from ext-file                           0.0115101337
** INFO   : extra timer:Init iniFieldFile                                    0.3569200039
** INFO   : extra timer:step_reduce                                       1364.2698299885
** INFO   : extra timer:Transport                                          554.4307994843
** INFO   : extra timer:Output                                               3.8799731731
** INFO   : extra timer:Flow init                                            1.4802079201
** INFO   : extra timer:Remainder                                            0.0382440090
** INFO   : extra timer:Flow allocate arrays                                 0.0183191299
** INFO   : extra timer:Set boundaries                                      11.8756718636
** INFO   : extra timer:Sethuau                                              9.1252090931
** INFO   : extra timer:setdt                                               24.1144654751
** INFO   : extra timer:Compute advection term                              70.5543181896
** INFO   : extra timer:u0u1                                                 2.4394657612
** INFO   : extra timer:Setumod                                             91.2344577312
** INFO   : extra timer:Set conveyance                                       0.0393972397
** INFO   : extra timer:Set structures actual parameters                     0.0251452923
** INFO   : extra timer:Set bedlevel from ext-file                           0.0102829933
** INFO   : extra timer:Init iniFieldFile                                    0.3331520557
** INFO   : extra timer:step_reduce                                       1373.8592765331
** INFO   : extra timer:Transport                                          643.5768949986
** INFO   : extra timer:Output                                               4.0662822723
** INFO   : extra timer:fill_valobs                                          0.3331918716
** INFO   : extra timer:unc_write_map_filepointer_ugrid                      1.9069840908
** INFO   : extra timer:unc_write_map_filepointer_ugrid TIME wri             0.7290356159
** INFO   : extra timer:unc_write_map_filepointer_ugrid vars                 1.1707444191
** INFO   : extra timer:update HIS data DtUser                               0.4248633385
** INFO   : extra timer:call wrirst                                          0.0542104244
** INFO   : extra timer:call wrimap                                          1.9118235111
** INFO   : extra timer:Flow allocate arrays                                 0.0166370869
** INFO   : extra timer:Set boundaries                                       7.7813110352
** INFO   : extra timer:Sethuau                                              9.4537622929
** INFO   : extra timer:setdt                                               30.8971202374
** INFO   : extra timer:Compute advection term                              70.8078501225
** INFO   : extra timer:u0u1                                                 2.1979370117
** INFO   : extra timer:Setumod                                             96.9701964855
** INFO   : extra timer:Set conveyance                                       0.0388152599
** INFO   : extra timer:Set structures actual parameters                     0.0252430439
** INFO   : extra timer:Init iniFieldFile                                    0.3290450573
** INFO   : extra timer:step_reduce                                       1374.2015235424
** INFO   : extra timer:Transport                                          562.6712081432
** INFO   : extra timer:Output                                               3.8215968609
** INFO   : extra timer:fill_valobs                                          0.3122897148
** INFO   : extra timer:unc_write_map_filepointer_ugrid                      1.7920093536
** INFO   : extra timer:unc_write_map_filepointer_ugrid TIME wri             0.6792354584
** INFO   : extra timer:unc_write_map_filepointer_ugrid vars                 1.1058549881
** INFO   : extra timer:update HIS data DtUser                               0.4270734787
** INFO   : extra timer:call wrirst                                          0.0498332977
** INFO   : extra timer:call wrimap                                          1.7969825268
** INFO   : extra timer:call flow_externaloutput                             3.4220275879
** INFO   : extra timer:Settling velocity                                   89.2609863281
** INFO   : extra timer:Compute advection term                              82.4881548882
** INFO   : extra timer:u0u1                                                 2.3794229031
** INFO   : extra timer:Setumod                                            109.0200407505
** INFO   : extra timer:Set conveyance                                       0.0475468636
** INFO   : extra timer:Set structures actual parameters                     0.0251863003
** INFO   : extra timer:Init iniFieldFile                                    0.3309500217
** INFO   : extra timer:step_reduce                                       1363.7105216980
** INFO   : extra timer:Transport                                          523.8650865555
** INFO   : extra timer:Output                                               4.0563392639
** INFO   : extra timer:fill_valobs                                          0.3397638798
** INFO   : extra timer:unc_write_map_filepointer_ugrid                      1.9328596592
** INFO   : extra timer:unc_write_map_filepointer_ugrid TIME wri             0.7323527336
** INFO   : extra timer:unc_write_map_filepointer_ugrid vars                 1.1933338642
** INFO   : extra timer:update HIS data DtUser                               0.3954293728
** INFO   : extra timer:call wrirst                                          0.0529756546
** INFO   : extra timer:call wrimap                                          1.9376547337
** INFO   : extra timer:call flow_externaloutput                             3.6624345779
** INFO   : extra timer:Settling velocity                                   95.3237712383
** INFO   : extra timer:Erosed_call                                        309.7462251186
** INFO   : extra timer:Bott3d_call                                         61.2130572796
** INFO   : 
** INFO   : extra timer:Compute advection term                              66.3139631748
** INFO   : extra timer:u0u1                                                 2.3295497894
** INFO   : extra timer:Setumod                                             86.0482633114
** INFO   : extra timer:Set conveyance                                       0.0353035927
** INFO   : extra timer:Set structures actual parameters                     0.0242669582
** INFO   : extra timer:Set bedlevel from ext-file                           0.0112750530
** INFO   : extra timer:Init iniFieldFile                                    0.3599619865
** INFO   : extra timer:step_reduce                                       1377.3683111668
** INFO   : extra timer:Transport                                          617.4532337189
** INFO   : extra timer:Output                                               3.9643938541
** INFO   : extra timer:fill_valobs                                          0.3259181976
** INFO   : extra timer:unc_write_map_filepointer_ugrid                      1.8499338627
** INFO   : extra timer:unc_write_map_filepointer_ugrid TIME wri             0.6938292980
** INFO   : extra timer:unc_write_map_filepointer_ugrid vars                 1.1493935585
** INFO   : extra timer:update HIS data DtUser                               0.4431262016
** INFO   : extra timer:call wrirst                                          0.0546572208
** INFO   : extra timer:call wrimap                                          1.8546612263
** INFO   : extra timer:call flow_externaloutput                             3.5680582523
** INFO   : extra timer:Settling velocity                                   71.7368535995
** INFO   : extra timer:Erosed_call                                        240.1030025482
** INFO   : extra timer:Bott3d_call                                         60.8592936993
** INFO   : 
** INFO   : 
** INFO   : 
** INFO   : extra timer:Set structures actual parameters                     0.0247795582
** INFO   : extra timer:Set bedlevel from ext-file                           0.0123300552
** INFO   : extra timer:Init iniFieldFile                                    0.3992171288
** INFO   : extra timer:step_reduce                                       1371.1028196812
** INFO   : extra timer:Transport                                          549.3510453701
** INFO   : extra timer:Output                                               3.9596724510
** INFO   : extra timer:fill_valobs                                          0.3204324245
** INFO   : extra timer:unc_write_map_filepointer_ugrid                      1.8446462154
** INFO   : extra timer:unc_write_map_filepointer_ugrid TIME wri             0.6913170815
** INFO   : extra timer:unc_write_map_filepointer_ugrid vars                 1.1466224194
** INFO   : extra timer:update HIS data DtUser                               0.4371662140
** INFO   : extra timer:call wrirst                                          0.0555789471
** INFO   : extra timer:call wrimap                                          1.8493390083
** INFO   : extra timer:call flow_externaloutput                             3.5646598339
** INFO   : extra timer:Settling velocity                                   77.2518329620
** INFO   : extra timer:Erosed_call                                        302.8811359406
** INFO   : extra timer:Bott3d_call                                         60.4848594666
** INFO   : 
** INFO   : 
** INFO   : 
** INFO   : nr of timesteps        ( )  :         18047.0000000000
** INFO   : average timestep       (s)  :             9.5744680851
** INFO   : extra timer:Transport                                          655.2718086243
** INFO   : extra timer:Output                                               3.5795276165
** INFO   : extra timer:fill_valobs                                          0.2916891575
** INFO   : extra timer:unc_write_map_filepointer_ugrid                      1.6261477470
** INFO   : extra timer:unc_write_map_filepointer_ugrid TIME wri             0.6150026321
** INFO   : extra timer:unc_write_map_filepointer_ugrid vars                 1.0051860809
** INFO   : extra timer:update HIS data DtUser                               0.4482989311
** INFO   : extra timer:call wrirst                                          0.0447058678
** INFO   : extra timer:call wrimap                                          1.6311647892
** INFO   : extra timer:call flow_externaloutput                             3.1788165569
** INFO   : extra timer:Settling velocity                                   92.6314566135
** INFO   : extra timer:Erosed_call                                        173.8146476746
** INFO   : extra timer:Bott3d_call                                         71.3139286041
** INFO   : 
** INFO   : 
** INFO   : 
** INFO   : nr of timesteps        ( )  :         18047.0000000000
** INFO   : average timestep       (s)  :             9.5744680851
** INFO   : nr of setbacks         ( )  :         15476.0000000000
** INFO   : 
** INFO   : 
** INFO   : simulation period      (d)  :             2.0000000000
** INFO   : total computation time (d)  :             0.0233241757
** INFO   : time modelinit         (d)  :             0.0000215323
** INFO   : extra timer:fill_valobs                                          0.3119032383
** INFO   : extra timer:unc_write_map_filepointer_ugrid                      1.8067963123
** INFO   : extra timer:unc_write_map_filepointer_ugrid TIME wri             0.6810534000
** INFO   : extra timer:unc_write_map_filepointer_ugrid vars                 1.1191527843
** INFO   : extra timer:update HIS data DtUser                               0.4193742275
** INFO   : extra timer:call wrirst                                          0.0508728027
** INFO   : extra timer:call wrimap                                          1.8115160465
** INFO   : extra timer:call flow_externaloutput                             3.4840130806
** INFO   : extra timer:Settling velocity                                   97.6280245781
** INFO   : extra timer:Erosed_call                                        270.8940455914
** INFO   : extra timer:Bott3d_call                                         66.6431577206
** INFO   : 
** INFO   : 
** INFO   : 
** INFO   : nr of timesteps        ( )  :         18047.0000000000
** INFO   : average timestep       (s)  :             9.5744680851
** INFO   : nr of setbacks         ( )  :         15476.0000000000
** INFO   : 
** INFO   : 
** INFO   : simulation period      (d)  :             2.0000000000
** INFO   : total computation time (d)  :             0.0233241826
** INFO   : extra timer:call flow_externaloutput                             3.6728060246
** INFO   : extra timer:Settling velocity                                   74.1178991795
** INFO   : extra timer:Erosed_call                                        212.3096504211
** INFO   : extra timer:Bott3d_call                                         59.6175282001
** INFO   : 
** INFO   : 
** INFO   : 
** INFO   : nr of timesteps        ( )  :         18047.0000000000
** INFO   : average timestep       (s)  :             9.5744680851
** INFO   : nr of setbacks         ( )  :         15476.0000000000
** INFO   : 
** INFO   : 
** INFO   : simulation period      (d)  :             2.0000000000
** INFO   : total computation time (d)  :             0.0233241819
** INFO   : time modelinit         (d)  :             0.0000216485
** INFO   : time steps (+ plots)   (d)  :             0.0233025334
** INFO   : 
** INFO   : simulation period      (h)  :            48.0000000000
** INFO   : total computation time (h)  :             0.5597803650
** INFO   : time modelinit         (h)  :             0.0005195642
** INFO   : time steps (+ plots)   (h)  :             0.5592608008
** INFO   : 
** INFO   : simulation period      (s)  :        172800.0000000000
** INFO   : total computation time (s)  :          2015.2093141079
** INFO   : extra timer:Erosed_call                                        276.0431509018
** INFO   : extra timer:Bott3d_call                                         63.1514008045
** INFO   : 
** INFO   : 
** INFO   : 
** INFO   : nr of timesteps        ( )  :         18047.0000000000
** INFO   : average timestep       (s)  :             9.5744680851
** INFO   : nr of setbacks         ( )  :         15476.0000000000
** INFO   : 
** INFO   : 
** INFO   : simulation period      (d)  :             2.0000000000
** INFO   : total computation time (d)  :             0.0233241832
** INFO   : time modelinit         (d)  :             0.0000215987
** INFO   : time steps (+ plots)   (d)  :             0.0233025845
** INFO   : 
** INFO   : simulation period      (h)  :            48.0000000000
** INFO   : total computation time (h)  :             0.5597803970
** INFO   : time modelinit         (h)  :             0.0005183684
** INFO   : time steps (+ plots)   (h)  :             0.5592620286
** INFO   : 
** INFO   : simulation period      (s)  :        172800.0000000000
** INFO   : total computation time (s)  :          2015.2094290257
** INFO   : time modelinit         (s)  :             1.8661260605
** INFO   : 
** INFO   : 
** INFO   : nr of timesteps        ( )  :         18047.0000000000
** INFO   : average timestep       (s)  :             9.5744680851
** INFO   : nr of setbacks         ( )  :         15476.0000000000
** INFO   : 
** INFO   : 
** INFO   : simulation period      (d)  :             2.0000000000
** INFO   : total computation time (d)  :             0.0233241837
** INFO   : time modelinit         (d)  :             0.0000216520
** INFO   : time steps (+ plots)   (d)  :             0.0233025317
** INFO   : 
** INFO   : simulation period      (h)  :            48.0000000000
** INFO   : total computation time (h)  :             0.5597804097
** INFO   : time modelinit         (h)  :             0.0005196478
** INFO   : time steps (+ plots)   (h)  :             0.5592607619
** INFO   : 
** INFO   : simulation period      (s)  :        172800.0000000000
** INFO   : total computation time (s)  :          2015.2094750404
** INFO   : time modelinit         (s)  :             1.8707320690
** INFO   : time steps (+ plots)   (s)  :          2013.3387429714
** INFO   : 
** INFO   : 
** INFO   : time iniexternalforc.  (s)  :             0.5842280388
** INFO   : nr of timesteps        ( )  :         18047.0000000000
** INFO   : average timestep       (s)  :             9.5744680851
** INFO   : nr of setbacks         ( )  :         15476.0000000000
** INFO   : 
** INFO   : 
** INFO   : simulation period      (d)  :             2.0000000000
** INFO   : total computation time (d)  :             0.0233241747
** INFO   : time modelinit         (d)  :             0.0000216975
** INFO   : time steps (+ plots)   (d)  :             0.0233024772
** INFO   : 
** INFO   : simulation period      (h)  :            48.0000000000
** INFO   : total computation time (h)  :             0.5597801934
** INFO   : time modelinit         (h)  :             0.0005207398
** INFO   : time steps (+ plots)   (h)  :             0.5592594536
** INFO   : 
** INFO   : simulation period      (s)  :        172800.0000000000
** INFO   : total computation time (s)  :          2015.2086961269
** INFO   : time modelinit         (s)  :             1.8746631145
** INFO   : time steps (+ plots)   (s)  :          2013.3340330124
** INFO   : 
** INFO   : 
** INFO   : time iniexternalforc.  (s)  :             0.5842339993
** INFO   : 
** INFO   : nr of setbacks         ( )  :         15476.0000000000
** INFO   : 
** INFO   : 
** INFO   : simulation period      (d)  :             2.0000000000
** INFO   : total computation time (d)  :             0.0233241261
** INFO   : time modelinit         (d)  :             0.0000216576
** INFO   : time steps (+ plots)   (d)  :             0.0233024685
** INFO   : 
** INFO   : simulation period      (h)  :            48.0000000000
** INFO   : total computation time (h)  :             0.5597790270
** INFO   : time modelinit         (h)  :             0.0005197825
** INFO   : time steps (+ plots)   (h)  :             0.5592592445
** INFO   : 
** INFO   : simulation period      (s)  :        172800.0000000000
** INFO   : total computation time (s)  :          2015.2044970989
** INFO   : time modelinit         (s)  :             1.8712170124
** INFO   : time steps (+ plots)   (s)  :          2013.3332800865
** INFO   : 
** INFO   : 
** INFO   : time iniexternalforc.  (s)  :             0.5842380524
** INFO   : 
** INFO   : time inistep           (s)  :           234.1217026711
** INFO   : time setumod           (s)  :            92.2478232384
** INFO   : time furu              (s)  :           200.7325422764
** INFO   : time steps (+ plots)   (d)  :             0.0233026434
** INFO   : 
** INFO   : simulation period      (h)  :            48.0000000000
** INFO   : total computation time (h)  :             0.5597802158
** INFO   : time modelinit         (h)  :             0.0005167745
** INFO   : time steps (+ plots)   (h)  :             0.5592634414
** INFO   : 
** INFO   : simulation period      (s)  :        172800.0000000000
** INFO   : total computation time (s)  :          2015.2087769508
** INFO   : time modelinit         (s)  :             1.8603880405
** INFO   : time steps (+ plots)   (s)  :          2013.3483889103
** INFO   : 
** INFO   : 
** INFO   : time iniexternalforc.  (s)  :             0.5842862129
** INFO   : 
** INFO   : time inistep           (s)  :           227.8151984215
** INFO   : time setumod           (s)  :            83.8497905731
** INFO   : time furu              (s)  :           210.5047454834
** INFO   : time solve             (s)  :           117.7275426388
** INFO   : time gausselimination  (s)  :            10.8550000000
** INFO   : time gausssubstitution (s)  :             5.0810000004
** INFO   : time modelinit         (d)  :             0.0000216126
** INFO   : time steps (+ plots)   (d)  :             0.0233025700
** INFO   : 
** INFO   : simulation period      (h)  :            48.0000000000
** INFO   : total computation time (h)  :             0.5597803813
** INFO   : time modelinit         (h)  :             0.0005187016
** INFO   : time steps (+ plots)   (h)  :             0.5592616797
** INFO   : 
** INFO   : simulation period      (s)  :        172800.0000000000
** INFO   : total computation time (s)  :          2015.2093727589
** INFO   : time modelinit         (s)  :             1.8673257828
** INFO   : time steps (+ plots)   (s)  :          2013.3420469761
** INFO   : 
** INFO   : 
** INFO   : time iniexternalforc.  (s)  :             0.5842401981
** INFO   : 
** INFO   : time inistep           (s)  :           233.4905440807
** INFO   : time setumod           (s)  :           104.0396060944
** INFO   : time furu              (s)  :           230.9875402451
** INFO   : time solve             (s)  :            79.5807995796
** INFO   : time gausselimination  (s)  :            10.4509999998
** INFO   : time gausssubstitution (s)  :             4.9850000005
** INFO   : time totalsolve        (s)  :            79.6099999976
** INFO   : time modelinit         (s)  :             1.8704311848
** INFO   : time steps (+ plots)   (s)  :          2013.3388829231
** INFO   : 
** INFO   : 
** INFO   : time iniexternalforc.  (s)  :             0.5842111111
** INFO   : 
** INFO   : time inistep           (s)  :           223.1817171574
** INFO   : time setumod           (s)  :            91.1785593033
** INFO   : time furu              (s)  :           196.1692883968
** INFO   : time solve             (s)  :           124.1226372719
** INFO   : time gausselimination  (s)  :            11.6590000001
** INFO   : time gausssubstitution (s)  :             5.1160000003
** INFO   : time totalsolve        (s)  :           124.1789999985
** INFO   : time setexternalforc.  (s)  :            22.5720665455
** INFO   : time setext.forc.fetch (s)  :             0.0000000000
** INFO   : time setexternalfbnd.  (s)  :            11.9159569740
** INFO   : time steps             (s)  :          1599.5988812447
** INFO   : fraction solve/steps   ( )  :             0.0775961016
** INFO   : total/(dnt*ndx)        (s)  :             0.0000309577
** INFO   : av nr of cont. it s1it ( )  :             0.0001108156
** INFO   : time transport         (s)  :           643.5010000017
** INFO   : time steps (+ plots)   (s)  :          2013.3433029652
** INFO   : 
** INFO   : 
** INFO   : time iniexternalforc.  (s)  :             0.5842468739
** INFO   : 
** INFO   : time inistep           (s)  :           231.5693364143
** INFO   : time setumod           (s)  :            96.9168963432
** INFO   : time furu              (s)  :           226.2545928955
** INFO   : time solve             (s)  :            94.5293285847
** INFO   : time gausselimination  (s)  :            11.5070000000
** INFO   : time gausssubstitution (s)  :             4.9750000003
** INFO   : time totalsolve        (s)  :            94.4909999973
** INFO   : time setexternalforc.  (s)  :            14.2977349758
** INFO   : time setext.forc.fetch (s)  :             0.0000000000
** INFO   : time setexternalfbnd.  (s)  :             7.8198571205
** INFO   : time steps             (s)  :          1608.0980355740
** INFO   : fraction solve/steps   ( )  :             0.0587833120
** INFO   : total/(dnt*ndx)        (s)  :             0.0000334927
** INFO   : av nr of cont. it s1it ( )  :             0.0001108156
** INFO   : time transport         (s)  :           562.7819999999
** INFO   : time debug             (s)  :            17.1159999992
** INFO   : time erosed            (s)  :           367.0580000005
** INFO   : mass error from ssc limitation (10^6 kg)  :                    0.000
** INFO   : 
** INFO   : time inistep           (s)  :           233.5780651569
** INFO   : time setumod           (s)  :           108.9652798176
** INFO   : time furu              (s)  :           229.4509639740
** INFO   : time solve             (s)  :            78.4265494347
** INFO   : time gausselimination  (s)  :            11.6059999998
** INFO   : time gausssubstitution (s)  :             5.0550000004
** INFO   : time totalsolve        (s)  :            78.4019999977
** INFO   : time setexternalforc.  (s)  :            22.5016536713
** INFO   : time setext.forc.fetch (s)  :             0.0000000000
** INFO   : time setexternalfbnd.  (s)  :             0.0591609478
** INFO   : time steps             (s)  :          1599.7873148918
** INFO   : fraction solve/steps   ( )  :             0.0490231100
** INFO   : total/(dnt*ndx)        (s)  :             0.0000310093
** INFO   : av nr of cont. it s1it ( )  :             0.0001108156
** INFO   : time transport         (s)  :           523.8920000008
** INFO   : time debug             (s)  :            19.2269999997
** INFO   : time erosed            (s)  :           407.2589999997
** INFO   : mass error from ssc limitation (10^6 kg)  :                    0.000
** INFO   : 
** INFO   : Viscosity coefficient/Horizontal transport flux were limited on some links in the course of computation.
** INFO   : 
** INFO   : time inistep           (s)  :           227.9527909756
** INFO   : time setumod           (s)  :            85.9963116646
** INFO   : time furu              (s)  :           193.3604319096
** INFO   : time solve             (s)  :           131.6503210068
** INFO   : time gausselimination  (s)  :            11.5269999995
** INFO   : time gausssubstitution (s)  :             4.8190000003
** INFO   : time totalsolve        (s)  :           131.7559999982
** INFO   : time setexternalforc.  (s)  :            14.3108966351
** INFO   : time setext.forc.fetch (s)  :             0.0000000000
** INFO   : time setexternalfbnd.  (s)  :            10.7852210999
** INFO   : time steps             (s)  :          1607.8184721470
** INFO   : fraction solve/steps   ( )  :             0.0818813338
** INFO   : total/(dnt*ndx)        (s)  :             0.0000318950
** INFO   : av nr of cont. it s1it ( )  :             0.0001108156
** INFO   : time transport         (s)  :           617.4090000014
** INFO   : time debug             (s)  :            14.7379999995
** INFO   : time erosed            (s)  :           316.0379999991
** INFO   : mass error from ssc limitation (10^6 kg)  :                    0.000
** INFO   : 
** INFO   : Viscosity coefficient/Horizontal transport flux were limited on some links in the course of computation.
** INFO   : 
** INFO   : time solve             (s)  :           117.9044549465
** INFO   : time gausselimination  (s)  :            10.0650000000
** INFO   : time gausssubstitution (s)  :             4.5950000003
** INFO   : time totalsolve        (s)  :           117.9909999983
** INFO   : time setexternalforc.  (s)  :            14.4660482407
** INFO   : time setext.forc.fetch (s)  :             0.0000000000
** INFO   : time setexternalfbnd.  (s)  :            15.7646565437
** INFO   : time steps             (s)  :          1607.6089031696
** INFO   : fraction solve/steps   ( )  :             0.0733415041
** INFO   : total/(dnt*ndx)        (s)  :             0.0000318404
** INFO   : av nr of cont. it s1it ( )  :             0.0001108156
** INFO   : time transport         (s)  :           549.3860000012
** INFO   : time debug             (s)  :            16.0139999994
** INFO   : time erosed            (s)  :           383.1309999994
** INFO   : mass error from ssc limitation (10^6 kg)  :                    0.000
** INFO   : 
** INFO   : Viscosity coefficient/Horizontal transport flux were limited on some links in the course of computation.
** INFO   : 
** INFO   : Salinity, temperature and/or suspended sediment concentration (SSC) were limited in some cells during the simulation.
** INFO   : 
** INFO   : 
** INFO   : 
** INFO   : Computation started  at: 18:13:59, 18-05-2026
** INFO   : time totalsolve        (s)  :           117.8729999986
** INFO   : time setexternalforc.  (s)  :            13.9747560024
** INFO   : time setext.forc.fetch (s)  :             0.0000000000
** INFO   : time setexternalfbnd.  (s)  :             0.0991446972
** INFO   : time steps             (s)  :          1608.6715614796
** INFO   : fraction solve/steps   ( )  :             0.0731830819
** INFO   : total/(dnt*ndx)        (s)  :             0.0000339096
** INFO   : av nr of cont. it s1it ( )  :             0.0001108156
** INFO   : time transport         (s)  :           655.3010000000
** INFO   : time debug             (s)  :            15.4599999998
** INFO   : time erosed            (s)  :           271.5659999996
** INFO   : mass error from ssc limitation (10^6 kg)  :                    0.000
** INFO   : 
** INFO   : Viscosity coefficient/Horizontal transport flux were limited on some links in the course of computation.
** INFO   : 
** INFO   : Salinity, temperature and/or suspended sediment concentration (SSC) were limited in some cells during the simulation.
** INFO   : 
** INFO   : 
** INFO   : 
** INFO   : Computation started  at: 18:13:59, 18-05-2026
** INFO   : Computation finished at: 18:47:32, 18-05-2026
** INFO   : time setexternalforc.  (s)  :            22.4077851772
** INFO   : time setext.forc.fetch (s)  :             0.0000000000
** INFO   : time setexternalfbnd.  (s)  :            10.8304355145
** INFO   : time steps             (s)  :          1600.1668059826
** INFO   : fraction solve/steps   ( )  :             0.0497328149
** INFO   : total/(dnt*ndx)        (s)  :             0.0000317049
** INFO   : av nr of cont. it s1it ( )  :             0.0001108156
** INFO   : time transport         (s)  :           554.3800000011
** INFO   : time debug             (s)  :            18.8070000005
** INFO   : time erosed            (s)  :           372.6519999995
** INFO   : mass error from ssc limitation (10^6 kg)  :                    0.000
** INFO   : 
** INFO   : Viscosity coefficient/Horizontal transport flux were limited on some links in the course of computation.
** INFO   : 
** INFO   : Salinity, temperature and/or suspended sediment concentration (SSC) were limited in some cells during the simulation.
** INFO   : 
** INFO   : 
** INFO   : 
** INFO   : Computation started  at: 18:13:59, 18-05-2026
** INFO   : Computation finished at: 18:47:32, 18-05-2026
** INFO   : time debug             (s)  :            14.7519999992
** INFO   : time erosed            (s)  :           291.2029999989
** INFO   : mass error from ssc limitation (10^6 kg)  :                    0.000
** INFO   : 
** INFO   : Viscosity coefficient/Horizontal transport flux were limited on some links in the course of computation.
** INFO   : 
** INFO   : Salinity, temperature and/or suspended sediment concentration (SSC) were limited in some cells during the simulation.
** INFO   : 
** INFO   : 
** INFO   : 
** INFO   : Computation started  at: 18:13:59, 18-05-2026
** INFO   : Computation finished at: 18:47:32, 18-05-2026
** INFO   : 
** INFO   : simulation period      (h)  :            48.0000000000
** INFO   : total time in timeloop (h)  :             0.5592608008
** INFO   : MPI    : yes.         #processes   : 8, my_rank: 1
** INFO   : OpenMP : unavailable.
** INFO   : 
** INFO   : 
** INFO   : 
** INFO   : 
** INFO   : 
** INFO   : Viscosity coefficient/Horizontal transport flux were limited on some links in the course of computation.
** INFO   : 
** INFO   : Salinity, temperature and/or suspended sediment concentration (SSC) were limited in some cells during the simulation.
** INFO   : 
** INFO   : 
** INFO   : 
** INFO   : Computation started  at: 18:13:59, 18-05-2026
** INFO   : Computation finished at: 18:47:32, 18-05-2026
** INFO   : 
** INFO   : simulation period      (h)  :            48.0000000000
** INFO   : total time in timeloop (h)  :             0.5592620286
** INFO   : MPI    : yes.         #processes   : 8, my_rank: 2
** INFO   : OpenMP : unavailable.
** INFO   : 
** INFO   : 
** INFO   : 
** INFO   : 
** INFO   : Salinity, temperature and/or suspended sediment concentration (SSC) were limited in some cells during the simulation.
** INFO   : 
** INFO   : 
** INFO   : 
** INFO   : Computation started  at: 18:13:59, 18-05-2026
** INFO   : Computation finished at: 18:47:32, 18-05-2026
** INFO   : 
** INFO   : simulation period      (h)  :            48.0000000000
** INFO   : total time in timeloop (h)  :             0.5592607619
** INFO   : MPI    : yes.         #processes   : 8, my_rank: 3
** INFO   : OpenMP : unavailable.
** INFO   : 
** INFO   : 
** INFO   : 
** INFO   : 
** INFO   : Salinity, temperature and/or suspended sediment concentration (SSC) were limited in some cells during the simulation.
** INFO   : 
** INFO   : 
** INFO   : 
** INFO   : Computation started  at: 18:13:59, 18-05-2026
** INFO   : Computation finished at: 18:47:32, 18-05-2026
** INFO   : 
** INFO   : simulation period      (h)  :            48.0000000000
** INFO   : total time in timeloop (h)  :             0.5592594536
** INFO   : MPI    : yes.         #processes   : 8, my_rank: 4
** INFO   : OpenMP : unavailable.
** INFO   : 
** INFO   : 
** INFO   : 
** INFO   : 
** INFO   : Computation finished at: 18:47:32, 18-05-2026
** INFO   : 
** INFO   : simulation period      (h)  :            48.0000000000
** INFO   : total time in timeloop (h)  :             0.5592592445
** INFO   : MPI    : yes.         #processes   : 8, my_rank: 5
** INFO   : OpenMP : unavailable.
** INFO   : 
** INFO   : 
** INFO   : 
** INFO   : 
** INFO   : 
** INFO   : simulation period      (h)  :            48.0000000000
** INFO   : total time in timeloop (h)  :             0.5592634414
** INFO   : MPI    : yes.         #processes   : 8, my_rank: 6
** INFO   : OpenMP : unavailable.
** INFO   : 
** INFO   : 
** INFO   : 
** INFO   : 
** INFO   : 
** INFO   : simulation period      (h)  :            48.0000000000
** INFO   : total time in timeloop (h)  :             0.5592616797
** INFO   : MPI    : yes.         #processes   : 8, my_rank: 7
** INFO   : OpenMP : unavailable.
** INFO   : 
** INFO   : 
** INFO   : 
** INFO   : 
Dimr [2026-05-18 18:47:32.773282] #3 >> TIMER INFO:

Dimr [2026-05-18 18:47:32.773297] #3 >> DFlowFM	: 1632.650986 sec
Dimr [2026-05-18 18:47:32.773301] #3 >> wave	: 0.0 sec
Dimr [2026-05-18 18:47:32.773305] #3 >> DIMR_LIB	: 2015.752280 sec
Dimr [2026-05-18 18:47:32.773308] #3 >> DIMR_EXE	: 2015.262139 sec
Dimr [2026-05-18 18:47:32.773305] #6 >> TIMER INFO:

Dimr [2026-05-18 18:47:32.773321] #6 >> DFlowFM	: 1632.469687 sec
Dimr [2026-05-18 18:47:32.773325] #6 >> wave	: 0.0 sec
Dimr [2026-05-18 18:47:32.773328] #6 >> DIMR_LIB	: 2015.750225 sec
Dimr [2026-05-18 18:47:32.773331] #6 >> DIMR_EXE	: 2015.262158 sec
Dimr [2026-05-18 18:47:32.773946] #1 >> TIMER INFO:

Dimr [2026-05-18 18:47:32.773963] #1 >> DFlowFM	: 1632.642107 sec
Dimr [2026-05-18 18:47:32.773967] #1 >> wave	: 0.0 sec
Dimr [2026-05-18 18:47:32.773970] #1 >> DIMR_LIB	: 2015.753369 sec
Dimr [2026-05-18 18:47:32.773974] #1 >> DIMR_EXE	: 2015.262805 sec
Dimr [2026-05-18 18:47:32.773967] #2 >> TIMER INFO:

Dimr [2026-05-18 18:47:32.773982] #2 >> DFlowFM	: 1632.569159 sec
Dimr [2026-05-18 18:47:32.773986] #2 >> wave	: 0.0 sec
Dimr [2026-05-18 18:47:32.773990] #2 >> DIMR_LIB	: 2015.753384 sec
Dimr [2026-05-18 18:47:32.773993] #2 >> DIMR_EXE	: 2015.262823 sec
Dimr [2026-05-18 18:47:32.774056] #4 >> TIMER INFO:

Dimr [2026-05-18 18:47:32.774075] #4 >> DFlowFM	: 1632.612111 sec
Dimr [2026-05-18 18:47:32.774080] #4 >> wave	: 0.0 sec
Dimr [2026-05-18 18:47:32.774084] #4 >> DIMR_LIB	: 2015.750982 sec
Dimr [2026-05-18 18:47:32.774089] #4 >> DIMR_EXE	: 2015.262908 sec
Dimr [2026-05-18 18:47:32.774063] #5 >> TIMER INFO:

Dimr [2026-05-18 18:47:32.774079] #5 >> DFlowFM	: 1632.609997 sec
Dimr [2026-05-18 18:47:32.774084] #5 >> wave	: 0.0 sec
Dimr [2026-05-18 18:47:32.774088] #5 >> DIMR_LIB	: 2015.750979 sec
Dimr [2026-05-18 18:47:32.774092] #5 >> DIMR_EXE	: 2015.262500 sec
Dimr [2026-05-18 18:47:32.774073] #7 >> TIMER INFO:

Dimr [2026-05-18 18:47:32.774087] #7 >> DFlowFM	: 1632.580897 sec
Dimr [2026-05-18 18:47:32.774092] #7 >> wave	: 0.0 sec
Dimr [2026-05-18 18:47:32.774097] #7 >> DIMR_LIB	: 2015.750990 sec
Dimr [2026-05-18 18:47:32.774101] #7 >> DIMR_EXE	: 2015.262921 sec
Delft3D-WAVE finished normally.
Dimr [2026-05-18 18:47:32.777166] #0 >>     DFlowFM.Finalize()
** INFO   : 
** INFO   : 
** INFO   : 
** INFO   : extra timer:Flow geometry                                        0.0814068317
** INFO   : extra timer:Transport init                                       0.0116069317
** INFO   : extra timer:Flow init                                            1.4802548885
** INFO   : extra timer:Remainder                                            0.0383739471
** INFO   : extra timer:Flow allocate arrays                                 0.0188791752
** INFO   : extra timer:Set boundaries                                       0.1017880440
** INFO   : extra timer:Sethuau                                              9.5517320633
** INFO   : extra timer:setdt                                               26.0698580742
** INFO   : extra timer:Compute advection term                              73.8189983368
** INFO   : extra timer:u0u1                                                 2.4877479076
** INFO   : extra timer:Setumod                                             98.1141138077
** INFO   : extra timer:Set conveyance                                       0.0441806316
** INFO   : extra timer:Set structures actual parameters                     0.0261611938
** INFO   : extra timer:Set bedlevel from ext-file                           0.0107128620
** INFO   : extra timer:Init iniFieldFile                                    0.3321039677
** INFO   : extra timer:step_reduce                                       1371.5253629684
** INFO   : extra timer:Transport                                          594.4748265743
** INFO   : extra timer:Output                                               4.2758493423
** INFO   : extra timer:unc_write_his                                        0.1076691151
** INFO   : extra timer:fill_valobs                                          0.3403298855
** INFO   : extra timer:unc_write_his time data                              0.0442328453
** INFO   : extra timer:unc_write_his IDX data                               0.0153467655
** INFO   : extra timer:unc_write_map_filepointer_ugrid                      1.9770944118
** INFO   : extra timer:unc_write_map_filepointer_ugrid TIME wri             0.7512173653
** INFO   : extra timer:unc_write_map_filepointer_ugrid vars                 1.2193470001
** INFO   : extra timer:update HIS data DtUser                               0.4057290554
** INFO   : extra timer:call wrirst                                          0.0541098118
** INFO   : extra timer:call wrimap                                          1.9803719521
** INFO   : extra timer:call flow_externaloutput                             3.8834247589
** INFO   : extra timer:Settling velocity                                   84.2047398090
** INFO   : extra timer:Erosed_call                                        251.9233930111
** INFO   : extra timer:Bott3d_call                                         58.9906246662
** INFO   : 
** INFO   : 
** INFO   : 
** INFO   : nr of timesteps        ( )  :         18047.0000000000
** INFO   : average timestep       (s)  :             9.5744680851
** INFO   : nr of setbacks         ( )  :         15476.0000000000
** INFO   : 
** INFO   : 
** INFO   : simulation period      (d)  :             2.0000000000
** INFO   : total computation time (d)  :             0.0233242418
** INFO   : time modelinit         (d)  :             0.0000216797
** INFO   : time steps (+ plots)   (d)  :             0.0233025622
** INFO   : 
** INFO   : simulation period      (h)  :            48.0000000000
** INFO   : total computation time (h)  :             0.5597818042
** INFO   : time modelinit         (h)  :             0.0005203117
** INFO   : time steps (+ plots)   (h)  :             0.5592614925
** INFO   : 
** INFO   : simulation period      (s)  :        172800.0000000000
** INFO   : total computation time (s)  :          2015.2144949436
** INFO   : time modelinit         (s)  :             1.8731219769
** INFO   : time steps (+ plots)   (s)  :          2013.3413729668
** INFO   : 
** INFO   : 
** INFO   : time iniexternalforc.  (s)  :             0.5841929913
** INFO   : 
** INFO   : time inistep           (s)  :           224.5668475628
** INFO   : time setumod           (s)  :            98.0598616600
** INFO   : time furu              (s)  :           211.7276229858
** INFO   : time solve             (s)  :           104.3761472702
** INFO   : time gausselimination  (s)  :            11.7700000001
** INFO   : time gausssubstitution (s)  :             5.0890000005
** INFO   : time totalsolve        (s)  :           104.4309999979
** INFO   : time setexternalforc.  (s)  :            23.3803668022
** INFO   : time setext.forc.fetch (s)  :             0.0000000000
** INFO   : time setexternalfbnd.  (s)  :             0.0626740456
** INFO   : time steps             (s)  :          1598.6391284466
** INFO   : fraction solve/steps   ( )  :             0.0652906246
** INFO   : total/(dnt*ndx)        (s)  :             0.0000300255
** INFO   : av nr of cont. it s1it ( )  :             0.0001108156
** INFO   : time transport         (s)  :           594.4880000005
** INFO   : time debug             (s)  :            17.3589999993
** INFO   : time erosed            (s)  :           340.1709999998
** INFO   : mass error from ssc limitation (10^6 kg)  :                    0.000
** INFO   : 
** INFO   : Viscosity coefficient/Horizontal transport flux were limited on some links in the course of computation.
** INFO   : 
** INFO   : Salinity, temperature and/or suspended sediment concentration (SSC) were limited in some cells during the simulation.
** INFO   : 
** INFO   : 
** INFO   : 
** INFO   : Computation started  at: 18:13:59, 18-05-2026
** INFO   : Computation finished at: 18:47:32, 18-05-2026
** INFO   : 
** INFO   : simulation period      (h)  :            48.0000000000
** INFO   : total time in timeloop (h)  :             0.5592614925
** INFO   : MPI    : yes.         #processes   : 8, my_rank: 0
** INFO   : OpenMP : unavailable.
** INFO   : 
** INFO   : 
** INFO   : 
** INFO   : 
Dimr [2026-05-18 18:47:32.778138] #0 >> TIMER INFO:

Dimr [2026-05-18 18:47:32.778153] #0 >> DFlowFM	: 1632.698329 sec
Dimr [2026-05-18 18:47:32.778157] #0 >> wave	: 382.530073 sec
Dimr [2026-05-18 18:47:32.778160] #0 >> DIMR_LIB	: 2015.757824 sec
Dimr [2026-05-18 18:47:32.778163] #0 >> DIMR_EXE	: 2015.265474 sec
