    0.148007E+02    0.144139E+02    0.139384E+02    0.134864E+02
    0.130344E+02    0.125823E+02    0.121303E+02    0.116782E+02
    0.112978E+02    0.109572E+02    0.106166E+02    0.102760E+02
    0.919917E+01    0.887892E+01    0.856820E+01    0.825747E+01
    0.784256E+01    0.723880E+01    0.654684E+01    0.579607E+01
    0.536663E+01    0.462638E+01    0.337189E+01    0.227206E+01
    0.147270E+01    0.819482E+00    0.427066E+00    0.427066E+00
    0.427066E+00    0.427066E+00    0.427066E+00    0.427066E+00
    0.427066E+00    0.427066E+00    0.427066E+00    0.124108E+01
    0.124108E+01    0.124108E+01    0.124108E+01    0.124108E+01
    0.500000E-01    0.500000E-01    0.500000E-01    0.500000E-01
    0.500000E-01    0.500000E-01    0.500000E-01    0.500000E-01
    0.492367E+00    0.503586E+00    0.401637E+00    0.401637E+00
    0.401637E+00    0.401637E+00    0.401637E+00    0.401637E+00
    0.512134E+00    0.512134E+00    0.512134E+00    0.512134E+00
    0.512134E+00    0.141694E+01    0.141694E+01    0.141694E+01
    0.141694E+01    0.141694E+01    0.141694E+01    0.141694E+01
    0.141694E+01    0.141694E+01    0.136439E+01    0.136439E+01
    0.136439E+01    0.136439E+01    0.136439E+01    0.136439E+01
    0.136439E+01    0.136439E+01    0.136439E+01    0.130610E+01
    0.130610E+01    0.130610E+01    0.130610E+01    0.130610E+01
    0.130610E+01    0.130610E+01    0.130610E+01    0.130610E+01
    0.130610E+01    0.130610E+01    0.130610E+01    0.130610E+01
    0.101426E+01    0.101426E+01    0.101426E+01    0.101426E+01
    0.101426E+01    0.101426E+01    0.647259E+00    0.647259E+00
    0.647259E+00    0.647259E+00    0.647259E+00    0.647259E+00
    0.647259E+00    0.647259E+00    0.647259E+00    0.647259E+00
    0.647259E+00    0.647259E+00    0.647259E+00    0.647259E+00
    0.647259E+00    0.647259E+00    0.647259E+00    0.647259E+00
    0.711218E+00    0.711218E+00    0.711218E+00    0.711218E+00
    0.711218E+00    0.142097E+02    0.139306E+02    0.136515E+02
    0.132358E+02    0.128200E+02    0.124043E+02    0.119885E+02
    0.115728E+02    0.112322E+02    0.108915E+02    0.105509E+02
    0.102103E+02    0.904611E+01    0.870621E+01    0.836649E+01
    0.804935E+01    0.762433E+01    0.685629E+01    0.617047E+01
    0.531091E+01    0.480850E+01    0.403904E+01    0.300392E+01
    0.216719E+01    0.147270E+01    0.819482E+00    0.427066E+00
    0.427066E+00    0.427066E+00    0.427066E+00    0.427066E+00
    0.427066E+00    0.427066E+00    0.427066E+00    0.124108E+01
    0.124108E+01    0.124108E+01    0.124108E+01    0.124108E+01
    0.124108E+01    0.500000E-01    0.500000E-01    0.500000E-01
    0.500000E-01    0.500000E-01    0.500000E-01    0.500000E-01
    0.500000E-01    0.492367E+00    0.503586E+00    0.401637E+00
    0.401637E+00    0.401637E+00    0.401637E+00    0.401637E+00
    0.401637E+00    0.512134E+00    0.512134E+00    0.512134E+00
    0.512134E+00    0.512134E+00    0.141694E+01    0.141694E+01
    0.141694E+01    0.141694E+01    0.141694E+01    0.141694E+01
    0.141694E+01    0.141694E+01    0.136439E+01    0.136439E+01
    0.136439E+01    0.136439E+01    0.136439E+01    0.136439E+01
    0.136439E+01    0.136439E+01    0.136439E+01    0.130610E+01
    0.130610E+01    0.130610E+01    0.130610E+01    0.130610E+01
    0.130610E+01    0.130610E+01    0.130610E+01    0.130610E+01
    0.130610E+01    0.130610E+01    0.130610E+01    0.101426E+01
    0.101426E+01    0.101426E+01    0.101426E+01    0.101426E+01
    0.101426E+01    0.101426E+01    0.647259E+00    0.647259E+00
    0.647259E+00    0.647259E+00    0.647259E+00    0.647259E+00
    0.647259E+00    0.647259E+00    0.647259E+00    0.647259E+00
    0.647259E+00    0.647259E+00    0.647259E+00    0.647259E+00
    0.647259E+00    0.647259E+00    0.647259E+00    0.711218E+00
    0.711218E+00    0.711218E+00    0.711218E+00    0.711218E+00
    0.456439E+00    0.456439E+00    0.140148E+02    0.137284E+02
    0.134420E+02    0.130625E+02    0.126829E+02    0.123034E+02
    0.119239E+02    0.115444E+02    0.112038E+02    0.108631E+02
    0.105225E+02    0.988663E+01    0.890258E+01    0.855960E+01
    0.821655E+01    0.787350E+01    0.742422E+01    0.665619E+01
    0.578987E+01    0.476871E+01    0.425021E+01    0.349379E+01
    0.293274E+01    0.216719E+01    0.216719E+01    0.819482E+00
    0.427066E+00    0.427066E+00    0.427066E+00    0.427066E+00
    0.427066E+00    0.427066E+00    0.165595E+01    0.124108E+01
    0.124108E+01    0.124108E+01    0.124108E+01    0.124108E+01
    0.124108E+01    0.500000E-01    0.500000E-01    0.500000E-01
    0.500000E-01    0.500000E-01    0.500000E-01    0.500000E-01
    0.500000E-01    0.500000E-01    0.492367E+00    0.503586E+00
    0.401637E+00    0.401637E+00    0.401637E+00    0.401637E+00
    0.401637E+00    0.512134E+00    0.512134E+00    0.512134E+00
    0.512134E+00    0.512134E+00    0.141694E+01    0.141694E+01
    0.141694E+01    0.141694E+01    0.141694E+01    0.141694E+01
    0.141694E+01    0.141694E+01    0.136439E+01    0.136439E+01
    0.136439E+01    0.136439E+01    0.136439E+01    0.136439E+01
    0.136439E+01    0.136439E+01    0.136439E+01    0.130610E+01
    0.130610E+01    0.130610E+01    0.130610E+01    0.130610E+01
    0.130610E+01    0.130610E+01    0.130610E+01    0.130610E+01
    0.130610E+01    0.130610E+01    0.130610E+01    0.101426E+01
    0.101426E+01    0.101426E+01    0.101426E+01    0.101426E+01
    0.101426E+01    0.647259E+00    0.647259E+00    0.647259E+00
    0.647259E+00    0.647259E+00    0.647259E+00    0.647259E+00
    0.647259E+00    0.647259E+00    0.647259E+00    0.647259E+00
    0.647259E+00    0.647259E+00    0.647259E+00    0.647259E+00
    0.647259E+00    0.647259E+00    0.711218E+00    0.711218E+00
    0.711218E+00    0.711218E+00    0.711218E+00    0.456439E+00
    0.456439E+00    0.456439E+00    0.456439E+00    0.138199E+02
    0.135262E+02    0.132324E+02    0.128891E+02    0.125458E+02
    0.122025E+02    0.118592E+02    0.115159E+02    0.111753E+02
    0.108216E+02    0.101649E+02    0.950826E+01    0.879996E+01
    0.843981E+01    0.807963E+01    0.771944E+01    0.725731E+01
    0.648344E+01    0.570024E+01    0.471508E+01    0.415035E+01
    0.371272E+01    0.344217E+01    0.329960E+01    0.329960E+01
    0.344700E+01    0.344700E+01    0.332136E+01    0.427066E+00
    0.165595E+01    0.165595E+01    0.165595E+01    0.165595E+01
    0.124108E+01    0.124108E+01    0.124108E+01    0.124108E+01
    0.124108E+01    0.124108E+01    0.500000E-01    0.500000E-01
    0.500000E-01    0.500000E-01    0.500000E-01    0.500000E-01
    0.500000E-01    0.500000E-01    0.500000E-01    0.492367E+00
    0.503586E+00    0.401637E+00    0.401637E+00    0.401637E+00
    0.401637E+00    0.401637E+00    0.512134E+00    0.512134E+00
    0.512134E+00    0.512134E+00    0.512134E+00    0.141694E+01
    0.141694E+01    0.141694E+01    0.141694E+01    0.141694E+01
    0.141694E+01    0.141694E+01    0.141694E+01    0.136439E+01
    0.136439E+01    0.136439E+01    0.136439E+01    0.136439E+01
    0.136439E+01    0.136439E+01    0.136439E+01    0.130610E+01
    0.130610E+01    0.130610E+01    0.130610E+01    0.130610E+01
    0.130610E+01    0.130610E+01    0.130610E+01    0.130610E+01
    0.130610E+01    0.130610E+01    0.101426E+01    0.101426E+01
    0.101426E+01    0.101426E+01    0.101426E+01    0.101426E+01
    0.101426E+01    0.647259E+00    0.647259E+00    0.647259E+00
    0.647259E+00    0.647259E+00    0.647259E+00    0.647259E+00
    0.647259E+00    0.647259E+00    0.647259E+00    0.647259E+00
    0.647259E+00    0.647259E+00    0.647259E+00    0.647259E+00
    0.647259E+00    0.711218E+00    0.711218E+00    0.711218E+00
    0.711218E+00    0.711218E+00    0.456439E+00    0.456439E+00
    0.456439E+00    0.456439E+00    0.456439E+00    0.456439E+00
    0.136250E+02    0.133240E+02    0.130229E+02    0.127158E+02
    0.124088E+02    0.121017E+02    0.117946E+02    0.114875E+02
    0.110998E+02    0.104432E+02    0.978655E+01    0.912989E+01
    0.849196E+01    0.811836E+01    0.774479E+01    0.737122E+01
    0.702066E+01    0.626844E+01    0.551621E+01    0.484559E+01
    0.423837E+01    0.409629E+01    0.398697E+01    0.376031E+01
    0.344700E+01    0.344700E+01    0.332136E+01    0.332136E+01
    0.301318E+01    0.165595E+01    0.165595E+01    0.165595E+01
    0.124108E+01    0.124108E+01    0.124108E+01    0.124108E+01
    0.124108E+01    0.124108E+01    0.133131E+01    0.500000E-01
    0.500000E-01    0.500000E-01    0.500000E-01    0.500000E-01
    0.500000E-01    0.500000E-01    0.500000E-01    0.380801E+00
    0.492367E+00    0.503586E+00    0.401637E+00    0.401637E+00
    0.401637E+00    0.401637E+00    0.401637E+00    0.512134E+00
    0.512134E+00    0.512134E+00    0.512134E+00    0.512134E+00
    0.141694E+01    0.141694E+01    0.141694E+01    0.141694E+01
    0.141694E+01    0.141694E+01    0.141694E+01    0.136439E+01
    0.136439E+01    0.136439E+01    0.136439E+01    0.136439E+01
    0.136439E+01    0.136439E+01    0.136439E+01    0.130610E+01
    0.130610E+01    0.130610E+01    0.130610E+01    0.130610E+01
    0.130610E+01    0.130610E+01    0.130610E+01    0.130610E+01
    0.130610E+01    0.130610E+01    0.101426E+01    0.101426E+01
    0.101426E+01    0.101426E+01    0.101426E+01    0.101426E+01
    0.647259E+00    0.647259E+00    0.647259E+00    0.647259E+00
    0.647259E+00    0.647259E+00    0.647259E+00    0.647259E+00
    0.647259E+00    0.647259E+00    0.647259E+00    0.647259E+00
    0.647259E+00    0.647259E+00    0.647259E+00    0.647259E+00
    0.711218E+00    0.711218E+00    0.711218E+00    0.711218E+00
    0.711218E+00    0.456439E+00    0.456439E+00    0.456439E+00
    0.456439E+00    0.456439E+00    0.456439E+00    0.456439E+00
    0.456439E+00    0.134461E+02    0.131394E+02    0.128327E+02
    0.125621E+02    0.122915E+02    0.120208E+02    0.117502E+02
    0.114796E+02    0.108229E+02    0.101663E+02    0.950963E+01
    0.885298E+01    0.745207E+01    0.707845E+01    0.686450E+01
    0.677369E+01    0.655290E+01    0.594195E+01    0.533100E+01
    0.470976E+01    0.450224E+01    0.435024E+01    0.409961E+01
    0.384670E+01    0.357564E+01    0.332136E+01    0.332136E+01
    0.301318E+01    0.216005E+01    0.165595E+01    0.165595E+01
    0.165595E+01    0.124108E+01    0.124108E+01    0.124108E+01
    0.124108E+01    0.124108E+01    0.133131E+01    0.108868E+01
    0.500000E-01    0.500000E-01    0.500000E-01    0.500000E-01
    0.500000E-01    0.500000E-01    0.500000E-01    0.500000E-01
    0.380801E+00    0.492367E+00    0.503586E+00    0.401637E+00
    0.401637E+00    0.401637E+00    0.401637E+00    0.401637E+00
    0.512134E+00    0.512134E+00    0.512134E+00    0.512134E+00
    0.141694E+01    0.141694E+01    0.141694E+01    0.141694E+01
    0.141694E+01    0.141694E+01    0.141694E+01    0.136439E+01
    0.136439E+01    0.136439E+01    0.136439E+01    0.136439E+01
    0.136439E+01    0.136439E+01    0.136439E+01    0.130610E+01
    0.130610E+01    0.130610E+01    0.130610E+01    0.130610E+01
    0.130610E+01    0.130610E+01    0.130610E+01    0.130610E+01
    0.130610E+01    0.101426E+01    0.101426E+01    0.101426E+01
    0.101426E+01    0.101426E+01    0.101426E+01    0.101426E+01
    0.647259E+00    0.647259E+00    0.647259E+00    0.647259E+00
    0.647259E+00    0.647259E+00    0.647259E+00    0.647259E+00
    0.647259E+00    0.647259E+00    0.647259E+00    0.647259E+00
    0.647259E+00    0.647259E+00    0.647259E+00    0.711218E+00
    0.711218E+00    0.711218E+00    0.711218E+00    0.711218E+00
    0.456439E+00    0.456439E+00    0.456439E+00    0.456439E+00
    0.456439E+00    0.456439E+00    0.456439E+00    0.456439E+00
    0.456439E+00    0.456439E+00    0.133202E+02    0.130135E+02
    0.127068E+02    0.124734E+02    0.122399E+02    0.120064E+02
    0.117729E+02    0.115394E+02    0.108828E+02    0.102261E+02
    0.956949E+01    0.902752E+01    0.685804E+01    0.671674E+01
    0.657575E+01    0.643477E+01    0.620303E+01    0.569891E+01
    0.519478E+01    0.488163E+01    0.468794E+01    0.446204E+01
    0.413953E+01    0.379732E+01    0.355796E+01    0.339779E+01
    0.301318E+01    0.301318E+01    0.216005E+01    0.165595E+01
    0.165595E+01    0.148813E+01    0.124108E+01    0.124108E+01
    0.124108E+01    0.124108E+01    0.133131E+01    0.133131E+01
    0.108868E+01    0.500000E-01    0.500000E-01    0.500000E-01
    0.500000E-01    0.500000E-01    0.500000E-01    0.500000E-01
    0.500000E-01    0.380801E+00    0.492367E+00    0.503586E+00
    0.401637E+00    0.401637E+00    0.401637E+00    0.401637E+00
    0.512134E+00    0.512134E+00    0.512134E+00    0.512134E+00
    0.512134E+00    0.141694E+01    0.141694E+01    0.141694E+01
    0.141694E+01    0.141694E+01    0.141694E+01    0.141694E+01
    0.136439E+01    0.136439E+01    0.136439E+01    0.136439E+01
    0.136439E+01    0.136439E+01    0.136439E+01    0.130610E+01
    0.130610E+01    0.130610E+01    0.130610E+01    0.130610E+01
    0.130610E+01    0.130610E+01    0.130610E+01    0.130610E+01
    0.130610E+01    0.101426E+01    0.101426E+01    0.101426E+01
    0.101426E+01    0.101426E+01    0.101426E+01    0.647259E+00
    0.647259E+00    0.647259E+00    0.647259E+00    0.647259E+00
    0.647259E+00    0.647259E+00    0.647259E+00    0.647259E+00
    0.647259E+00    0.647259E+00    0.647259E+00    0.647259E+00
    0.647259E+00    0.647259E+00    0.711218E+00    0.711218E+00
    0.711218E+00    0.711218E+00    0.711218E+00    0.456439E+00
    0.456439E+00    0.456439E+00    0.456439E+00    0.456439E+00
    0.456439E+00    0.456439E+00    0.456439E+00    0.456439E+00
    0.456439E+00    0.456439E+00    0.456439E+00    0.131943E+02
    0.128876E+02    0.125809E+02    0.123846E+02    0.121883E+02
    0.119919E+02    0.117956E+02    0.115992E+02    0.109426E+02
    0.102971E+02    0.975647E+01    0.921582E+01    0.764545E+01
    0.729838E+01    0.695158E+01    0.660478E+01    0.621867E+01
    0.571455E+01    0.504789E+01    0.476826E+01    0.463125E+01
    0.444787E+01    0.416317E+01    0.390871E+01    0.358153E+01
    0.332364E+01    0.294280E+01    0.258373E+01    0.216005E+01
    0.165595E+01    0.165595E+01    0.148813E+01    0.124108E+01
    0.124108E+01    0.124108E+01    0.133131E+01    0.133131E+01
    0.108868E+01    0.108868E+01    0.500000E-01    0.500000E-01
    0.500000E-01    0.500000E-01    0.500000E-01    0.500000E-01
    0.500000E-01    0.380801E+00    0.380801E+00    0.492367E+00
    0.503586E+00    0.401637E+00    0.401637E+00    0.401637E+00
    0.401637E+00    0.512134E+00    0.512134E+00    0.512134E+00
    0.512134E+00    0.512134E+00    0.141694E+01    0.141694E+01
    0.141694E+01    0.141694E+01    0.141694E+01    0.141694E+01
    0.136439E+01    0.136439E+01    0.136439E+01    0.136439E+01
    0.136439E+01    0.136439E+01    0.136439E+01    0.130610E+01
    0.130610E+01    0.130610E+01    0.130610E+01    0.130610E+01
    0.130610E+01    0.130610E+01    0.130610E+01    0.130610E+01
    0.101426E+01    0.101426E+01    0.101426E+01    0.101426E+01
    0.101426E+01    0.101426E+01    0.101426E+01    0.647259E+00
    0.647259E+00    0.647259E+00    0.647259E+00    0.647259E+00
    0.647259E+00    0.647259E+00    0.647259E+00    0.647259E+00
    0.647259E+00    0.647259E+00    0.647259E+00    0.647259E+00
    0.647259E+00    0.711218E+00    0.711218E+00    0.711218E+00
    0.711218E+00    0.711218E+00    0.456439E+00    0.456439E+00
    0.456439E+00    0.456439E+00    0.456439E+00    0.456439E+00
    0.456439E+00    0.456439E+00    0.456439E+00    0.456439E+00
    0.456439E+00    0.456439E+00    0.456439E+00    0.456439E+00
    0.129926E+02    0.127617E+02    0.124551E+02    0.122959E+02
    0.121367E+02    0.119775E+02    0.118183E+02    0.116591E+02
    0.110261E+02    0.104854E+02    0.994477E+01    0.940412E+01
    0.843287E+01    0.788002E+01    0.732740E+01    0.677479E+01
    0.623430E+01    0.559942E+01    0.497894E+01    0.469848E+01
    0.460293E+01    0.446899E+01    0.421990E+01    0.397081E+01
    0.358664E+01    0.316598E+01    0.279499E+01    0.261953E+01
    0.234727E+01    0.199770E+01    0.172469E+01    0.148813E+01
    0.124108E+01    0.124108E+01    0.133131E+01    0.133131E+01
    0.141723E+01    0.108868E+01    0.108868E+01    0.500000E-01
    0.500000E-01    0.500000E-01    0.500000E-01    0.500000E-01
    0.500000E-01    0.500000E-01    0.380801E+00    0.380801E+00
    0.492367E+00    0.503586E+00    0.401637E+00    0.401637E+00
    0.401637E+00    0.401637E+00    0.512134E+00    0.512134E+00
    0.512134E+00    0.512134E+00    0.141694E+01    0.141694E+01
    0.141694E+01    0.141694E+01    0.141694E+01    0.141694E+01
    0.136439E+01    0.136439E+01    0.136439E+01    0.136439E+01
    0.136439E+01    0.136439E+01    0.136439E+01    0.130610E+01
    0.130610E+01    0.130610E+01    0.130610E+01    0.130610E+01
    0.130610E+01    0.130610E+01    0.130610E+01    0.130610E+01
    0.101426E+01    0.101426E+01    0.101426E+01    0.101426E+01
    0.101426E+01    0.101426E+01    0.647259E+00    0.647259E+00
    0.647259E+00    0.647259E+00    0.647259E+00    0.647259E+00
    0.647259E+00    0.647259E+00    0.647259E+00    0.647259E+00
    0.647259E+00    0.647259E+00    0.647259E+00    0.647259E+00
    0.711218E+00    0.711218E+00    0.711218E+00    0.711218E+00
    0.711218E+00    0.456439E+00    0.456439E+00    0.456439E+00
    0.456439E+00    0.456439E+00    0.456439E+00    0.456439E+00
    0.456439E+00    0.456439E+00    0.456439E+00    0.456439E+00
    0.456439E+00    0.456439E+00    0.456439E+00    0.456439E+00
    0.456439E+00    0.127533E+02    0.125710E+02    0.123886E+02
    0.122562E+02    0.121237E+02    0.119912E+02    0.118587E+02
    0.117448E+02    0.112357E+02    0.107265E+02    0.102174E+02
    0.970828E+01    0.919917E+01    0.849855E+01    0.779793E+01
    0.709732E+01    0.639253E+01    0.585135E+01    0.534955E+01
    0.498099E+01    0.465188E+01    0.452294E+01    0.429382E+01
    0.406470E+01    0.371269E+01    0.331014E+01    0.289234E+01
    0.259899E+01    0.230116E+01    0.213882E+01    0.199739E+01
    0.179181E+01    0.156457E+01    0.133131E+01    0.133131E+01
    0.141723E+01    0.108868E+01    0.108868E+01    0.108868E+01
    0.500000E-01    0.500000E-01    0.500000E-01    0.500000E-01
    0.500000E-01    0.500000E-01    0.225297E+00    0.380801E+00
    0.380801E+00    0.492367E+00    0.503586E+00    0.401637E+00
    0.401637E+00    0.401637E+00    0.401637E+00    0.512134E+00
    0.512134E+00    0.512134E+00    0.512134E+00    0.141694E+01
    0.141694E+01    0.141694E+01    0.141694E+01    0.141694E+01
    0.141694E+01    0.136439E+01    0.136439E+01    0.136439E+01
    0.136439E+01    0.136439E+01    0.136439E+01    0.130610E+01
    0.130610E+01    0.130610E+01    0.130610E+01    0.130610E+01
    0.130610E+01    0.130610E+01    0.130610E+01    0.101426E+01
    0.101426E+01    0.101426E+01    0.101426E+01    0.101426E+01
    0.101426E+01    0.101426E+01    0.647259E+00    0.647259E+00
    0.647259E+00    0.647259E+00    0.647259E+00    0.647259E+00
    0.647259E+00    0.647259E+00    0.647259E+00    0.647259E+00
    0.647259E+00    0.647259E+00    0.647259E+00    0.711218E+00
    0.711218E+00    0.711218E+00    0.711218E+00    0.711218E+00
    0.456439E+00    0.456439E+00    0.456439E+00    0.456439E+00
    0.456439E+00    0.456439E+00    0.456439E+00    0.456439E+00
    0.456439E+00    0.456439E+00    0.456439E+00    0.456439E+00
    0.456439E+00    0.456439E+00    0.456439E+00    0.456439E+00
    0.456439E+00    0.456439E+00    0.128037E+02    0.126391E+02
    0.124745E+02    0.123420E+02    0.122096E+02    0.120771E+02
    0.119509E+02    0.118968E+02    0.114998E+02    0.111029E+02
    0.107060E+02    0.103090E+02    0.991212E+01    0.921151E+01
    0.851090E+01    0.791193E+01    0.742950E+01    0.633408E+01
    0.592025E+01    0.550645E+01    0.509266E+01    0.472856E+01
    0.451356E+01    0.429856E+01    0.377607E+01    0.340612E+01
    0.302844E+01    0.262754E+01    0.223755E+01    0.212476E+01
    0.208206E+01    0.198230E+01    0.183619E+01    0.164774E+01
    0.141723E+01    0.141723E+01    0.108868E+01    0.108868E+01
    0.108868E+01    0.500000E-01    0.500000E-01    0.500000E-01
    0.500000E-01    0.500000E-01    0.576253E-01    0.225297E+00
    0.380801E+00    0.380801E+00    0.492367E+00    0.503586E+00
    0.401637E+00    0.401637E+00    0.401637E+00    0.431287E+00
    0.512134E+00    0.512134E+00    0.512134E+00    0.512134E+00
    0.141694E+01    0.141694E+01    0.141694E+01    0.141694E+01
    0.141694E+01    0.136439E+01    0.136439E+01    0.136439E+01
    0.136439E+01    0.136439E+01    0.136439E+01    0.130610E+01
    0.130610E+01    0.130610E+01    0.130610E+01    0.130610E+01
    0.130610E+01    0.130610E+01    0.130610E+01    0.101426E+01
    0.101426E+01    0.101426E+01    0.101426E+01    0.101426E+01
    0.101426E+01    0.647259E+00    0.647259E+00    0.647259E+00
    0.647259E+00    0.647259E+00    0.647259E+00    0.647259E+00
    0.647259E+00    0.647259E+00    0.647259E+00    0.647259E+00
    0.647259E+00    0.647259E+00    0.711218E+00    0.711218E+00
    0.711218E+00    0.711218E+00    0.711218E+00    0.456439E+00
    0.456439E+00    0.456439E+00    0.456439E+00    0.456439E+00
    0.456439E+00    0.456439E+00    0.456439E+00    0.456439E+00
    0.456439E+00    0.456439E+00    0.456439E+00    0.456439E+00
    0.456439E+00    0.456439E+00    0.456439E+00    0.456439E+00
    0.456439E+00    0.456439E+00    0.456439E+00    0.128540E+02
    0.127072E+02    0.125604E+02    0.124279E+02    0.122955E+02
    0.121630E+02    0.121029E+02    0.120488E+02    0.117640E+02
    0.114793E+02    0.111945E+02    0.109098E+02    0.106251E+02
    0.992447E+01    0.931443E+01    0.883201E+01    0.834959E+01
    0.748382E+01    0.691571E+01    0.634763E+01    0.577956E+01
    0.529974E+01    0.508474E+01    0.421944E+01    0.375386E+01
    0.346246E+01    0.314370E+01    0.277305E+01    0.242235E+01
    0.223251E+01    0.211953E+01    0.203642E+01    0.195316E+01
    0.178669E+01    0.152402E+01    0.137163E+01    0.108868E+01
    0.108868E+01    0.849234E+00    0.500000E-01    0.500000E-01
    0.500000E-01    0.500000E-01    0.576253E-01    0.225297E+00
    0.225297E+00    0.380801E+00    0.380801E+00    0.492367E+00
    0.503586E+00    0.401637E+00    0.401637E+00    0.401637E+00
    0.431287E+00    0.512134E+00    0.512134E+00    0.512134E+00
    0.141694E+01    0.141694E+01    0.141694E+01    0.141694E+01
    0.141694E+01    0.136439E+01    0.136439E+01    0.136439E+01
    0.136439E+01    0.136439E+01    0.136439E+01    0.130610E+01
    0.130610E+01    0.130610E+01    0.130610E+01    0.130610E+01
    0.130610E+01    0.130610E+01    0.101426E+01    0.101426E+01
    0.101426E+01    0.101426E+01    0.101426E+01    0.101426E+01
    0.101426E+01    0.647259E+00    0.647259E+00    0.647259E+00
    0.647259E+00    0.647259E+00    0.647259E+00    0.647259E+00
    0.647259E+00    0.647259E+00    0.647259E+00    0.647259E+00
    0.647259E+00    0.711218E+00    0.711218E+00    0.711218E+00
    0.711218E+00    0.711218E+00    0.456439E+00    0.456439E+00
    0.456439E+00    0.456439E+00    0.456439E+00    0.456439E+00
    0.456439E+00    0.456439E+00    0.456439E+00    0.456439E+00
    0.456439E+00    0.456439E+00    0.456439E+00    0.456439E+00
    0.456439E+00    0.456439E+00    0.456439E+00    0.456439E+00
    0.456439E+00    0.456439E+00    0.456439E+00    0.456439E+00
    0.129044E+02    0.127753E+02    0.126463E+02    0.125138E+02
    0.123813E+02    0.123090E+02    0.122549E+02    0.122008E+02
    0.120282E+02    0.118557E+02    0.116831E+02    0.115106E+02
    0.113380E+02    0.107169E+02    0.102345E+02    0.975209E+01
    0.926968E+01    0.863357E+01    0.791117E+01    0.718880E+01
    0.646645E+01    0.587092E+01    0.512637E+01    0.437959E+01
    0.413325E+01    0.389542E+01    0.345737E+01    0.307857E+01
    0.269978E+01    0.247538E+01    0.226868E+01    0.209336E+01
    0.203657E+01    0.188074E+01    0.166343E+01    0.150988E+01
    0.118922E+01    0.849234E+00    0.849234E+00    0.500000E-01
    0.500000E-01    0.500000E-01    0.576253E-01    0.576253E-01
    0.225297E+00    0.225297E+00    0.380801E+00    0.380801E+00
    0.492367E+00    0.503586E+00    0.401637E+00    0.401637E+00
    0.590147E+00    0.431287E+00    0.512134E+00    0.512134E+00
    0.512134E+00    0.141694E+01    0.141694E+01    0.141694E+01
    0.141694E+01    0.141694E+01    0.136439E+01    0.136439E+01
    0.136439E+01    0.136439E+01    0.136439E+01    0.130610E+01
    0.130610E+01    0.130610E+01    0.130610E+01    0.130610E+01
    0.130610E+01    0.130610E+01    0.101426E+01    0.101426E+01
    0.101426E+01    0.101426E+01    0.101426E+01    0.101426E+01
    0.647259E+00    0.647259E+00    0.647259E+00    0.647259E+00
    0.647259E+00    0.647259E+00    0.647259E+00    0.647259E+00
    0.647259E+00    0.647259E+00    0.647259E+00    0.647259E+00
    0.711218E+00    0.711218E+00    0.711218E+00    0.711218E+00
    0.711218E+00    0.456439E+00    0.456439E+00    0.456439E+00
    0.456439E+00    0.456439E+00    0.456439E+00    0.456439E+00
    0.456439E+00    0.456439E+00    0.456439E+00    0.456439E+00
    0.456439E+00    0.456439E+00    0.456439E+00    0.456439E+00
    0.456439E+00    0.456439E+00    0.456439E+00    0.456439E+00
    0.456439E+00    0.456439E+00    0.456439E+00    0.456439E+00
    0.456439E+00    0.129547E+02    0.128435E+02    0.127322E+02
    0.125997E+02    0.125152E+02    0.124610E+02    0.124069E+02
    0.124616E+02    0.123788E+02    0.122814E+02    0.121840E+02
    0.120865E+02    0.119891E+02    0.115102E+02    0.110313E+02
    0.105524E+02    0.100736E+02    0.959469E+01    0.876905E+01
    0.794340E+01    0.711775E+01    0.646193E+01    0.592202E+01
    0.561158E+01    0.516816E+01    0.465710E+01    0.415701E+01
    0.368988E+01    0.322276E+01    0.295218E+01    0.258835E+01
    0.232140E+01    0.214873E+01    0.198894E+01    0.175671E+01
    0.162728E+01    0.128752E+01    0.947274E+00    0.689181E+00
    0.689181E+00    0.500000E-01    0.500000E-01    0.113941E+00
    0.195167E+00    0.225297E+00    0.225297E+00    0.380801E+00
    0.380801E+00    0.492367E+00    0.503586E+00    0.401637E+00
    0.401637E+00    0.590147E+00    0.431287E+00    0.512134E+00
    0.512134E+00    0.137747E+01    0.141694E+01    0.141694E+01
    0.141694E+01    0.141694E+01    0.136439E+01    0.136439E+01
    0.136439E+01    0.136439E+01    0.136439E+01    0.130610E+01
    0.130610E+01    0.130610E+01    0.130610E+01    0.130610E+01
    0.130610E+01    0.101426E+01    0.101426E+01    0.101426E+01
    0.101426E+01    0.101426E+01    0.101426E+01    0.101426E+01
    0.647259E+00    0.647259E+00    0.647259E+00    0.647259E+00
    0.647259E+00    0.647259E+00    0.647259E+00    0.647259E+00
    0.647259E+00    0.647259E+00    0.647259E+00    0.711218E+00
    0.711218E+00    0.711218E+00    0.711218E+00    0.711218E+00
    0.456439E+00    0.456439E+00    0.456439E+00    0.456439E+00
    0.456439E+00    0.456439E+00    0.456439E+00    0.456439E+00
    0.456439E+00    0.456439E+00    0.456439E+00    0.456439E+00
    0.456439E+00    0.456439E+00    0.456439E+00    0.456439E+00
    0.456439E+00    0.456439E+00    0.456439E+00    0.456439E+00
    0.456439E+00    0.456439E+00    0.456439E+00    0.456439E+00
    0.456439E+00    0.456439E+00    0.130051E+02    0.129116E+02
    0.128181E+02    0.127213E+02    0.127017E+02    0.127414E+02
    0.129499E+02    0.129427E+02    0.128805E+02    0.128071E+02
    0.127097E+02    0.126123E+02    0.125148E+02    0.120466E+02
    0.115784E+02    0.111102E+02    0.106420E+02    0.101739E+02
    0.934823E+01    0.852259E+01    0.779533E+01    0.716149E+01
    0.687950E+01    0.637790E+01    0.587628E+01    0.537467E+01
    0.486717E+01    0.434201E+01    0.379531E+01    0.326844E+01
    0.292355E+01    0.262171E+01    0.244905E+01    0.219860E+01
    0.187883E+01    0.173113E+01    0.143744E+01    0.113250E+01
    0.877222E+00    0.877222E+00    0.100532E+01    0.113941E+00
    0.113941E+00    0.248650E+00    0.433496E+00    0.585979E+00
    0.792644E+00    0.874387E+00    0.957198E+00    0.981555E+00
    0.875953E+00    0.724634E+00    0.590147E+00    0.431287E+00
    0.512134E+00    0.512134E+00    0.137747E+01    0.141694E+01
    0.141694E+01    0.141694E+01    0.143898E+01    0.136439E+01
    0.136439E+01    0.136439E+01    0.136439E+01    0.130610E+01
    0.130610E+01    0.130610E+01    0.130610E+01    0.130610E+01
    0.130610E+01    0.101426E+01    0.101426E+01    0.101426E+01
    0.101426E+01    0.101426E+01    0.101426E+01    0.647259E+00
    0.647259E+00    0.647259E+00    0.647259E+00    0.647259E+00
    0.647259E+00    0.647259E+00    0.647259E+00    0.647259E+00
    0.647259E+00    0.647259E+00    0.711218E+00    0.711218E+00
    0.711218E+00    0.711218E+00    0.711218E+00    0.456439E+00
    0.456439E+00    0.456439E+00    0.456439E+00    0.456439E+00
    0.456439E+00    0.456439E+00    0.456439E+00    0.456439E+00
    0.456439E+00    0.456439E+00    0.456439E+00    0.456439E+00
    0.456439E+00    0.456439E+00    0.456439E+00    0.456439E+00
    0.456439E+00    0.456439E+00    0.456439E+00    0.456439E+00
    0.456439E+00    0.456439E+00    0.456439E+00    0.456439E+00
    0.456439E+00    0.456439E+00    0.456439E+00    0.130709E+02
    0.129888E+02    0.129796E+02    0.130516E+02    0.130913E+02
    0.133654E+02    0.134862E+02    0.134239E+02    0.133617E+02
    0.132994E+02    0.132354E+02    0.131380E+02    0.130406E+02
    0.125831E+02    0.121256E+02    0.116680E+02    0.112105E+02
    0.107530E+02    0.992740E+01    0.919043E+01    0.855659E+01
    0.792276E+01    0.750646E+01    0.703241E+01    0.655835E+01
    0.608430E+01    0.559747E+01    0.507231E+01    0.406360E+01
    0.357816E+01    0.328851E+01    0.302810E+01    0.276462E+01
    0.242677E+01    0.212415E+01    0.191065E+01    0.160626E+01
    0.142531E+01    0.126622E+01    0.100532E+01    0.100532E+01
    0.894789E+00    0.248650E+00    0.248650E+00    0.478664E+00
    0.751317E+00    0.997599E+00    0.118289E+01    0.124715E+01
    0.130821E+01    0.132840E+01    0.120571E+01    0.116995E+01
    0.113862E+01    0.111300E+01    0.127264E+01    0.137747E+01
    0.141694E+01    0.141694E+01    0.143898E+01    0.136439E+01
    0.136439E+01    0.136439E+01    0.136439E+01    0.130610E+01
    0.130610E+01    0.130610E+01    0.130610E+01    0.130610E+01
    0.101426E+01    0.101426E+01    0.101426E+01    0.101426E+01
    0.101426E+01    0.101426E+01    0.101426E+01    0.647259E+00
    0.647259E+00    0.647259E+00    0.647259E+00    0.647259E+00
    0.647259E+00    0.647259E+00    0.647259E+00    0.647259E+00
    0.647259E+00    0.711218E+00    0.711218E+00    0.711218E+00
    0.711218E+00    0.711218E+00    0.456439E+00    0.456439E+00
    0.456439E+00    0.456439E+00    0.456439E+00    0.456439E+00
    0.456439E+00    0.456439E+00    0.456439E+00    0.456439E+00
    0.456439E+00    0.456439E+00    0.456439E+00    0.456439E+00
    0.456439E+00    0.456439E+00    0.456439E+00    0.456439E+00
    0.456439E+00    0.456439E+00    0.456439E+00    0.456439E+00
    0.456439E+00    0.456439E+00    0.456439E+00    0.456439E+00
    0.456439E+00    0.456439E+00    0.456439E+00    0.456439E+00
    0.131647E+02    0.131445E+02    0.132783E+02    0.135829E+02
    0.138340E+02    0.140296E+02    0.139674E+02    0.139051E+02
    0.138429E+02    0.137806E+02    0.137184E+02    0.136562E+02
    0.135663E+02    0.131195E+02    0.126727E+02    0.122258E+02
    0.117790E+02    0.113322E+02    0.105855E+02    0.995168E+01
    0.931785E+01    0.868403E+01    0.813342E+01    0.768693E+01
    0.724042E+01    0.679393E+01    0.632777E+01    0.540458E+01
    0.445531E+01    0.394848E+01    0.369374E+01    0.340552E+01
    0.301683E+01    0.262814E+01    0.240221E+01    0.226879E+01
    0.207959E+01    0.200956E+01    0.186466E+01    0.158173E+01
    0.120995E+01    0.894789E+00    0.894789E+00    0.364111E+00
    0.364111E+00    0.734951E+00    0.109985E+01    0.133041E+01
    0.147532E+01    0.151954E+01    0.158156E+01    0.163227E+01
    0.164015E+01    0.169345E+01    0.171535E+01    0.167400E+01
    0.162379E+01    0.158809E+01    0.143898E+01    0.143898E+01
    0.136439E+01    0.136439E+01    0.136439E+01    0.130610E+01
    0.130610E+01    0.130610E+01    0.130610E+01    0.130610E+01
    0.101426E+01    0.101426E+01    0.101426E+01    0.101426E+01
    0.101426E+01    0.101426E+01    0.647259E+00    0.647259E+00
    0.647259E+00    0.647259E+00    0.647259E+00    0.647259E+00
    0.647259E+00    0.647259E+00    0.647259E+00    0.647259E+00
    0.711218E+00    0.711218E+00    0.711218E+00    0.711218E+00
    0.711218E+00    0.456439E+00    0.456439E+00    0.456439E+00
    0.456439E+00    0.456439E+00    0.456439E+00    0.456439E+00
    0.456439E+00    0.456439E+00    0.456439E+00    0.456439E+00
    0.456439E+00    0.456439E+00    0.456439E+00    0.456439E+00
    0.456439E+00    0.456439E+00    0.456439E+00    0.456439E+00
    0.456439E+00    0.456439E+00    0.456439E+00    0.456439E+00
    0.456439E+00    0.456439E+00    0.456439E+00    0.456439E+00
    0.456439E+00    0.456439E+00    0.456439E+00    0.456439E+00
    0.456439E+00    0.133094E+02    0.134432E+02    0.135770E+02
    0.137869E+02    0.142199E+02    0.144074E+02    0.143491E+02
    0.142909E+02    0.142326E+02    0.141744E+02    0.141161E+02
    0.140579E+02    0.139997E+02    0.135595E+02    0.131193E+02
    0.126791E+02    0.122389E+02    0.115825E+02    0.109777E+02
    0.103728E+02    0.976801E+01    0.916319E+01    0.855836E+01
    0.812894E+01    0.769952E+01    0.727010E+01    0.698236E+01
    0.600215E+01    0.537262E+01    0.476713E+01    0.416818E+01
    0.384541E+01    0.331851E+01    0.279161E+01    0.251363E+01
    0.231979E+01    0.220960E+01    0.216916E+01    0.204376E+01
    0.190553E+01    0.168832E+01    0.128933E+01    0.794314E+00
    0.794314E+00    0.364111E+00    0.714357E+00    0.117175E+01
    0.148272E+01    0.159772E+01    0.170061E+01    0.178473E+01
    0.182640E+01    0.186285E+01    0.192590E+01    0.193253E+01
    0.200157E+01    0.199447E+01    0.190981E+01    0.169004E+01
    0.149242E+01    0.136439E+01    0.136439E+01    0.130610E+01
    0.130610E+01    0.130610E+01    0.130610E+01    0.125456E+01
    0.101426E+01    0.101426E+01    0.101426E+01    0.101426E+01
    0.101426E+01    0.101426E+01    0.647259E+00    0.647259E+00
    0.647259E+00    0.647259E+00    0.647259E+00    0.647259E+00
    0.647259E+00    0.647259E+00    0.647259E+00    0.711218E+00
    0.711218E+00    0.711218E+00    0.711218E+00    0.711218E+00
    0.456439E+00    0.456439E+00    0.456439E+00    0.456439E+00
    0.456439E+00    0.456439E+00    0.456439E+00    0.456439E+00
    0.456439E+00    0.456439E+00    0.456439E+00    0.456439E+00
    0.456439E+00    0.456439E+00    0.456439E+00    0.456439E+00
    0.456439E+00    0.456439E+00    0.456439E+00    0.456439E+00
    0.456439E+00    0.456439E+00    0.456439E+00    0.456439E+00
    0.456439E+00    0.456439E+00    0.456439E+00    0.456439E+00
    0.456439E+00    0.456439E+00    0.456439E+00    0.456439E+00
    0.456439E+00    0.456439E+00    0.136081E+02    0.137419E+02
    0.138757E+02    0.140095E+02    0.144239E+02    0.146166E+02
    0.145689E+02    0.145211E+02    0.144734E+02    0.144257E+02
    0.143779E+02    0.143302E+02    0.142825E+02    0.138423E+02
    0.134021E+02    0.129619E+02    0.124107E+02    0.112968E+02
    0.107683E+02    0.102397E+02    0.971117E+01    0.918262E+01
    0.865408E+01    0.822466E+01    0.779525E+01    0.760644E+01
    0.760645E+01    0.684927E+01    0.620432E+01    0.555939E+01
    0.491446E+01    0.427806E+01    0.366722E+01    0.300343E+01
    0.255680E+01    0.238188E+01    0.224571E+01    0.222581E+01
    0.219055E+01    0.209490E+01    0.200923E+01    0.165890E+01
    0.119810E+01    0.119810E+01    0.714357E+00    0.714357E+00
    0.126274E+01    0.160400E+01    0.171324E+01    0.180577E+01
    0.186726E+01    0.191774E+01    0.195114E+01    0.197713E+01
    0.202249E+01    0.206156E+01    0.208708E+01    0.208574E+01
    0.204497E+01    0.179161E+01    0.161657E+01    0.130610E+01
    0.130610E+01    0.130610E+01    0.125456E+01    0.125456E+01
    0.101426E+01    0.101426E+01    0.101426E+01    0.101426E+01
    0.101426E+01    0.647259E+00    0.647259E+00    0.647259E+00
    0.647259E+00    0.647259E+00    0.647259E+00    0.647259E+00
    0.647259E+00    0.647259E+00    0.711218E+00    0.711218E+00
    0.711218E+00    0.711218E+00    0.711218E+00    0.456439E+00
    0.456439E+00    0.456439E+00    0.456439E+00    0.456439E+00
    0.456439E+00    0.456439E+00    0.456439E+00    0.456439E+00
    0.456439E+00    0.456439E+00    0.456439E+00    0.456439E+00
    0.456439E+00    0.456439E+00    0.456439E+00    0.456439E+00
    0.456439E+00    0.456439E+00    0.456439E+00    0.456439E+00
    0.456439E+00    0.456439E+00    0.456439E+00    0.456439E+00
    0.456439E+00    0.456439E+00    0.456439E+00    0.456439E+00
    0.456439E+00    0.456439E+00    0.456439E+00    0.456439E+00
    0.456439E+00    0.456439E+00    0.456439E+00    0.139068E+02
    0.140406E+02    0.141744E+02    0.143082E+02    0.146279E+02
    0.148259E+02    0.147886E+02    0.147514E+02    0.147142E+02
    0.146769E+02    0.146397E+02    0.146025E+02    0.145653E+02
    0.141251E+02    0.136849E+02    0.132389E+02    0.121250E+02
    0.110111E+02    0.105589E+02    0.101066E+02    0.965432E+01
    0.920206E+01    0.874980E+01    0.832039E+01    0.810983E+01
    0.810984E+01    0.810985E+01    0.764736E+01    0.690197E+01
    0.615659E+01    0.541122E+01    0.469949E+01    0.408866E+01
    0.287573E+01    0.246741E+01    0.234357E+01    0.224571E+01
    0.221867E+01    0.218853E+01    0.208641E+01    0.196738E+01
    0.163869E+01    0.131591E+01    0.131591E+01    0.927905E+00
    0.128147E+01    0.128147E+01    0.162012E+01    0.177309E+01
    0.186873E+01    0.193426E+01    0.199340E+01    0.203193E+01
    0.204482E+01    0.205992E+01    0.208474E+01    0.210630E+01
    0.211711E+01    0.210439E+01    0.198894E+01    0.184472E+01
    0.148824E+01    0.148824E+01    0.125456E+01    0.125456E+01
    0.101426E+01    0.101426E+01    0.101426E+01    0.101426E+01
    0.101426E+01    0.647259E+00    0.647259E+00    0.647259E+00
    0.647259E+00    0.647259E+00    0.647259E+00    0.647259E+00
    0.647259E+00    0.711218E+00    0.711218E+00    0.711218E+00
    0.711218E+00    0.711218E+00    0.456439E+00    0.456439E+00
    0.456439E+00    0.456439E+00    0.456439E+00    0.456439E+00
    0.456439E+00    0.456439E+00    0.456439E+00    0.456439E+00
    0.456439E+00    0.456439E+00    0.456439E+00    0.456439E+00
    0.456439E+00    0.456439E+00    0.456439E+00    0.456439E+00
    0.456439E+00    0.456439E+00    0.456439E+00    0.456439E+00
    0.456439E+00    0.456439E+00    0.456439E+00    0.456439E+00
    0.456439E+00    0.456439E+00    0.456439E+00    0.456439E+00
    0.456439E+00    0.456439E+00    0.456439E+00    0.456439E+00
    0.456439E+00    0.456439E+00    0.456439E+00    0.456439E+00
    0.142056E+02    0.143393E+02    0.144731E+02    0.146069E+02
    0.148320E+02    0.150351E+02    0.150084E+02    0.149817E+02
    0.149549E+02    0.149282E+02    0.149015E+02    0.148748E+02
    0.148480E+02    0.144079E+02    0.139677E+02    0.129532E+02
    0.118393E+02    0.107254E+02    0.103494E+02    0.997347E+01
    0.959748E+01    0.922150E+01    0.884552E+01    0.861324E+01
    0.861324E+01    0.861324E+01    0.861325E+01    0.844544E+01
    0.759961E+01    0.675380E+01    0.590799E+01    0.512092E+01
    0.400957E+01    0.282357E+01    0.272946E+01    0.261285E+01
    0.214180E+01    0.210513E+01    0.206845E+01    0.194865E+01
    0.180115E+01    0.169507E+01    0.129967E+01    0.101846E+01
    0.927905E+00    0.927905E+00    0.132613E+01    0.170538E+01
    0.182809E+01    0.190810E+01    0.199161E+01    0.206321E+01
    0.211561E+01    0.211035E+01    0.212427E+01    0.213555E+01
    0.213918E+01    0.214032E+01    0.215028E+01    0.213308E+01
    0.201481E+01    0.168416E+01    0.125456E+01    0.125456E+01
    0.101426E+01    0.101426E+01    0.101426E+01    0.101426E+01
    0.813024E+00    0.647259E+00    0.647259E+00    0.647259E+00
    0.647259E+00    0.647259E+00    0.647259E+00    0.647259E+00
    0.711218E+00    0.711218E+00    0.711218E+00    0.711218E+00
    0.711218E+00    0.456439E+00    0.456439E+00    0.456439E+00
    0.456439E+00    0.456439E+00    0.456439E+00    0.456439E+00
    0.456439E+00    0.456439E+00    0.456439E+00    0.456439E+00
    0.456439E+00    0.456439E+00    0.456439E+00    0.456439E+00
    0.456439E+00    0.456439E+00    0.456439E+00    0.456439E+00
    0.456439E+00    0.456439E+00    0.456439E+00    0.456439E+00
    0.456439E+00    0.456439E+00    0.456439E+00    0.456439E+00
    0.456439E+00    0.456439E+00    0.456439E+00    0.456439E+00
    0.456439E+00    0.456439E+00    0.456439E+00    0.456439E+00
    0.456439E+00    0.456439E+00    0.456439E+00    0.456439E+00
    0.456439E+00    0.145043E+02    0.146380E+02    0.147718E+02
    0.149056E+02    0.150394E+02    0.152444E+02    0.152282E+02
    0.152119E+02    0.151957E+02    0.151795E+02    0.151633E+02
    0.151470E+02    0.151308E+02    0.146907E+02    0.137814E+02
    0.126675E+02    0.115739E+02    0.106674E+02    0.102712E+02
    0.993868E+01    0.960616E+01    0.927364E+01    0.894111E+01
    0.894110E+01    0.894110E+01    0.894111E+01    0.894111E+01
    0.894111E+01    0.803813E+01    0.713510E+01    0.623208E+01
    0.531375E+01    0.406137E+01    0.357545E+01    0.298995E+01
    0.237417E+01    0.189920E+01    0.184687E+01    0.179455E+01
    0.167084E+01    0.163951E+01    0.159355E+01    0.148466E+01
    0.127005E+01    0.112754E+01    0.123447E+01    0.149539E+01
    0.173712E+01    0.183427E+01    0.196346E+01    0.206088E+01
    0.211631E+01    0.217278E+01    0.218251E+01    0.218632E+01
    0.219884E+01    0.219630E+01    0.219010E+01    0.218669E+01
    0.215829E+01    0.206585E+01    0.185872E+01    0.147113E+01
    0.101426E+01    0.101426E+01    0.101426E+01    0.813024E+00
    0.813024E+00    0.647259E+00    0.647259E+00    0.647259E+00
    0.647259E+00    0.647259E+00    0.647259E+00    0.711218E+00
    0.711218E+00    0.711218E+00    0.711218E+00    0.711218E+00
    0.456439E+00    0.456439E+00    0.456439E+00    0.456439E+00
    0.456439E+00    0.456439E+00    0.456439E+00    0.456439E+00
    0.456439E+00    0.456439E+00    0.456439E+00    0.456439E+00
    0.456439E+00    0.456439E+00    0.456439E+00    0.456439E+00
    0.456439E+00    0.456439E+00    0.456439E+00    0.456439E+00
    0.456439E+00    0.456439E+00    0.456439E+00    0.456439E+00
    0.456439E+00    0.456439E+00    0.456439E+00    0.456439E+00
    0.456439E+00    0.456439E+00    0.456439E+00    0.456439E+00
    0.456439E+00    0.456439E+00    0.456439E+00    0.456439E+00
    0.456439E+00    0.456439E+00    0.456439E+00    0.456439E+00
    0.456439E+00    0.456439E+00    0.148030E+02    0.149367E+02
    0.150705E+02    0.152043E+02    0.153381E+02    0.154536E+02
    0.154479E+02    0.154422E+02    0.154365E+02    0.154308E+02
    0.154250E+02    0.154193E+02    0.154136E+02    0.146095E+02
    0.136367E+02    0.127499E+02    0.114501E+02    0.109109E+02
    0.104614E+02    0.100341E+02    0.970159E+01    0.936907E+01
    0.903655E+01    0.903654E+01    0.903654E+01    0.903654E+01
    0.903654E+01    0.903654E+01    0.813357E+01    0.723055E+01
    0.643361E+01    0.557488E+01    0.408959E+01    0.347370E+01
    0.285792E+01    0.224215E+01    0.175755E+01    0.166671E+01
    0.157587E+01    0.155944E+01    0.153599E+01    0.149185E+01
    0.135823E+01    0.131883E+01    0.135652E+01    0.151901E+01
    0.163647E+01    0.174399E+01    0.190374E+01    0.199785E+01
    0.209536E+01    0.218250E+01    0.221398E+01    0.223674E+01
    0.224171E+01    0.225115E+01    0.225709E+01    0.224837E+01
    0.222261E+01    0.217650E+01    0.209618E+01    0.191556E+01
    0.160217E+01    0.113751E+01    0.113751E+01    0.813024E+00
    0.813024E+00    0.647259E+00    0.647259E+00    0.647259E+00
    0.647259E+00    0.647259E+00    0.711218E+00    0.711218E+00
    0.711218E+00    0.711218E+00    0.711218E+00    0.456439E+00
    0.456439E+00    0.456439E+00    0.456439E+00    0.456439E+00
    0.456439E+00    0.456439E+00    0.456439E+00    0.456439E+00
    0.456439E+00    0.456439E+00    0.456439E+00    0.456439E+00
    0.456439E+00    0.456439E+00    0.456439E+00    0.456439E+00
    0.456439E+00    0.456439E+00    0.456439E+00    0.456439E+00
    0.456439E+00    0.456439E+00    0.456439E+00    0.456439E+00
    0.456439E+00    0.456439E+00    0.456439E+00    0.456439E+00
    0.456439E+00    0.456439E+00    0.456439E+00    0.456439E+00
    0.456439E+00    0.456439E+00    0.456439E+00    0.456439E+00
    0.456439E+00    0.456439E+00    0.456439E+00    0.456439E+00
    0.456439E+00    0.456439E+00    0.456439E+00    0.149840E+02
    0.151130E+02    0.152419E+02    0.153709E+02    0.154998E+02
    0.155643E+02    0.155643E+02    0.155643E+02    0.155643E+02
    0.155643E+02    0.155643E+02    0.155643E+02    0.155643E+02
    0.147346E+02    0.138867E+02    0.124905E+02    0.116038E+02
    0.111543E+02    0.107049E+02    0.102554E+02    0.980596E+01
    0.946450E+01    0.913199E+01    0.913198E+01    0.913198E+01
    0.913198E+01    0.913198E+01    0.913198E+01    0.822901E+01
    0.742325E+01    0.669474E+01    0.583602E+01    0.409179E+01
    0.347587E+01    0.286009E+01    0.224431E+01    0.174290E+01
    0.158478E+01    0.142667E+01    0.139342E+01    0.140180E+01
    0.140498E+01    0.134847E+01    0.131100E+01    0.138314E+01
    0.152598E+01    0.163351E+01    0.173259E+01    0.185410E+01
    0.197653E+01    0.210447E+01    0.218917E+01    0.225414E+01
    0.228005E+01    0.229362E+01    0.229708E+01    0.229439E+01
    0.227913E+01    0.224959E+01    0.219307E+01    0.209491E+01
    0.190846E+01    0.163459E+01    0.127882E+01    0.813024E+00
    0.813024E+00    0.647259E+00    0.647259E+00    0.647259E+00
    0.647259E+00    0.711218E+00    0.711218E+00    0.711218E+00
    0.711218E+00    0.711218E+00    0.456439E+00    0.456439E+00
    0.456439E+00    0.456439E+00    0.456439E+00    0.456439E+00
    0.456439E+00    0.456439E+00    0.456439E+00    0.456439E+00
    0.456439E+00    0.456439E+00    0.456439E+00    0.456439E+00
    0.456439E+00    0.456439E+00    0.456439E+00    0.456439E+00
    0.456439E+00    0.456439E+00    0.456439E+00    0.456439E+00
    0.456439E+00    0.456439E+00    0.456439E+00    0.456439E+00
    0.456439E+00    0.456439E+00    0.456439E+00    0.456439E+00
    0.456439E+00    0.456439E+00    0.456439E+00    0.456439E+00
    0.456439E+00    0.456439E+00    0.456439E+00    0.456439E+00
    0.456439E+00    0.456439E+00    0.456439E+00    0.456439E+00
    0.456439E+00    0.456439E+00    0.456439E+00    0.456439E+00
    0.150242E+02    0.151426E+02    0.152610E+02    0.153794E+02
    0.154978E+02    0.155570E+02    0.155570E+02    0.155570E+02
    0.155570E+02    0.155570E+02    0.155570E+02    0.155570E+02
    0.155570E+02    0.144803E+02    0.133564E+02    0.122967E+02
    0.118472E+02    0.113978E+02    0.109483E+02    0.104989E+02
    0.100494E+02    0.959998E+01    0.922743E+01    0.922741E+01
    0.922741E+01    0.922741E+01    0.922741E+01    0.922741E+01
    0.841286E+01    0.768437E+01    0.695587E+01    0.605400E+01
    0.442412E+01    0.354705E+01    0.293127E+01    0.231548E+01
    0.179809E+01    0.157597E+01    0.135386E+01    0.129773E+01
    0.129057E+01    0.127686E+01    0.129210E+01    0.129731E+01
    0.135887E+01    0.143923E+01    0.159862E+01    0.169588E+01
    0.177988E+01    0.192951E+01    0.206838E+01    0.218564E+01
    0.226009E+01    0.229441E+01    0.230700E+01    0.231292E+01
    0.231651E+01    0.230570E+01    0.227056E+01    0.220626E+01
    0.212196E+01    0.194113E+01    0.171925E+01    0.142223E+01
    0.961967E+00    0.647259E+00    0.647259E+00    0.647259E+00
    0.711218E+00    0.711218E+00    0.711218E+00    0.711218E+00
    0.711218E+00    0.456439E+00    0.456439E+00    0.456439E+00
    0.456439E+00    0.456439E+00    0.456439E+00    0.456439E+00
    0.456439E+00    0.456439E+00    0.456439E+00    0.456439E+00
    0.456439E+00    0.456439E+00    0.456439E+00    0.456439E+00
    0.456439E+00    0.456439E+00    0.456439E+00    0.456439E+00
    0.456439E+00    0.456439E+00    0.456439E+00    0.456439E+00
    0.456439E+00    0.456439E+00    0.456439E+00    0.456439E+00
    0.456439E+00    0.456439E+00    0.456439E+00    0.456439E+00
    0.456439E+00    0.456439E+00    0.456439E+00    0.456439E+00
    0.456439E+00    0.456439E+00    0.456439E+00    0.456439E+00
    0.456439E+00    0.456439E+00    0.456439E+00    0.456439E+00
    0.456439E+00    0.456439E+00    0.456439E+00    0.456439E+00
    0.456439E+00    0.150644E+02    0.151723E+02    0.152801E+02
    0.153880E+02    0.154958E+02    0.155497E+02    0.155497E+02
    0.155497E+02    0.155497E+02    0.155497E+02    0.155497E+02
    0.155497E+02    0.155497E+02    0.146211E+02    0.133379E+02
    0.124808E+02    0.120303E+02    0.115799E+02    0.111294E+02
    0.106790E+02    0.102285E+02    0.977809E+01    0.932765E+01
    0.932762E+01    0.932762E+01    0.932762E+01    0.932762E+01
    0.906081E+01    0.838359E+01    0.770635E+01    0.702912E+01
    0.629930E+01    0.491009E+01    0.345568E+01    0.297472E+01
    0.246512E+01    0.193267E+01    0.165028E+01    0.136789E+01
    0.125631E+01    0.119892E+01    0.115526E+01    0.121263E+01
    0.126456E+01    0.129285E+01    0.136528E+01    0.144686E+01
    0.157541E+01    0.170226E+01    0.183233E+01    0.199970E+01
    0.215452E+01    0.224826E+01    0.228915E+01    0.231077E+01
    0.232171E+01    0.232165E+01    0.231594E+01    0.229820E+01
    0.223725E+01    0.213754E+01    0.200837E+01    0.182015E+01
    0.155311E+01    0.120324E+01    0.839600E+00    0.839600E+00
    0.711218E+00    0.711218E+00    0.711218E+00    0.711218E+00
    0.456439E+00    0.456439E+00    0.456439E+00    0.456439E+00
    0.456439E+00    0.456439E+00    0.456439E+00    0.456439E+00
    0.456439E+00    0.456439E+00    0.456439E+00    0.456439E+00
    0.456439E+00    0.456439E+00    0.456439E+00    0.456439E+00
    0.456439E+00    0.456439E+00    0.456439E+00    0.456439E+00
    0.456439E+00    0.456439E+00    0.456439E+00    0.456439E+00
    0.456439E+00    0.456439E+00    0.456439E+00    0.456439E+00
    0.456439E+00    0.456439E+00    0.456439E+00    0.456439E+00
    0.456439E+00    0.456439E+00    0.456439E+00    0.456439E+00
    0.456439E+00    0.456439E+00    0.456439E+00    0.456439E+00
    0.456439E+00    0.456439E+00    0.456439E+00    0.456439E+00
    0.456439E+00    0.456439E+00    0.456439E+00    0.456439E+00
    0.456439E+00    0.456439E+00    0.151046E+02    0.152019E+02
    0.152992E+02    0.153965E+02    0.154938E+02    0.155425E+02
    0.155425E+02    0.155425E+02    0.155425E+02    0.155425E+02
    0.155425E+02    0.155425E+02    0.155425E+02    0.149732E+02
    0.134588E+02    0.126007E+02    0.121482E+02    0.116957E+02
    0.112431E+02    0.107906E+02    0.103381E+02    0.988554E+01
    0.943301E+01    0.943299E+01    0.943299E+01    0.943299E+01
    0.902649E+01    0.861089E+01    0.804034E+01    0.746979E+01
    0.689923E+01    0.624942E+01    0.536154E+01    0.387674E+01
    0.310876E+01    0.257979E+01    0.210252E+01    0.178040E+01
    0.145827E+01    0.129829E+01    0.119236E+01    0.112569E+01
    0.117793E+01    0.123209E+01    0.126521E+01    0.130126E+01
    0.136328E+01    0.147383E+01    0.161078E+01    0.175085E+01
    0.192625E+01    0.210763E+01    0.221089E+01    0.225658E+01
    0.227427E+01    0.230484E+01    0.231363E+01    0.231005E+01
    0.229545E+01    0.226441E+01    0.221709E+01    0.208639E+01
    0.194076E+01    0.174653E+01    0.146138E+01    0.110054E+01
    0.711218E+00    0.711218E+00    0.711218E+00    0.456439E+00
    0.456439E+00    0.456439E+00    0.456439E+00    0.456439E+00
    0.456439E+00    0.456439E+00    0.456439E+00    0.456439E+00
    0.456439E+00    0.456439E+00    0.456439E+00    0.456439E+00
    0.456439E+00    0.456439E+00    0.456439E+00    0.456439E+00
    0.456439E+00    0.456439E+00    0.456439E+00    0.456439E+00
    0.456439E+00    0.456439E+00    0.456439E+00    0.456439E+00
    0.456439E+00    0.456439E+00    0.456439E+00    0.456439E+00
    0.456439E+00    0.456439E+00    0.456439E+00    0.456439E+00
    0.456439E+00    0.456439E+00    0.456439E+00    0.456439E+00
    0.456439E+00    0.456439E+00    0.456439E+00    0.456439E+00
    0.456439E+00    0.456439E+00    0.456439E+00    0.456439E+00
    0.456439E+00    0.456439E+00    0.456439E+00    0.456439E+00
    0.456439E+00    0.456439E+00    0.456439E+00    0.151449E+02
    0.152316E+02    0.153183E+02    0.154051E+02    0.154918E+02
    0.155352E+02    0.155352E+02    0.155352E+02    0.155352E+02
    0.155352E+02    0.155352E+02    0.155352E+02    0.155352E+02
    0.152855E+02    0.135798E+02    0.127207E+02    0.122661E+02
    0.118114E+02    0.113568E+02    0.109022E+02    0.104476E+02
    0.999299E+01    0.953838E+01    0.953836E+01    0.947322E+01
    0.900820E+01    0.854318E+01    0.816097E+01    0.769709E+01
    0.723322E+01    0.676934E+01    0.619955E+01    0.531200E+01
    0.433096E+01    0.348996E+01    0.286360E+01    0.230864E+01
    0.196790E+01    0.162717E+01    0.143200E+01    0.128537E+01
    0.117945E+01    0.119555E+01    0.121138E+01    0.124273E+01
    0.127850E+01    0.131036E+01    0.140696E+01    0.152542E+01
    0.167185E+01    0.186191E+01    0.206196E+01    0.215968E+01
    0.220953E+01    0.223834E+01    0.223789E+01    0.226399E+01
    0.227459E+01    0.226833E+01    0.224820E+01    0.220976E+01
    0.211105E+01    0.200778E+01    0.185968E+01    0.165675E+01
    0.131774E+01    0.920225E+00    0.920225E+00    0.456439E+00
    0.456439E+00    0.456439E+00    0.456439E+00    0.456439E+00
    0.456439E+00    0.456439E+00    0.456439E+00    0.456439E+00
    0.456439E+00    0.456439E+00    0.456439E+00    0.456439E+00
    0.456439E+00    0.456439E+00    0.456439E+00    0.456439E+00
    0.456439E+00    0.456439E+00    0.456439E+00    0.456439E+00
    0.456439E+00    0.456439E+00    0.456439E+00    0.456439E+00
    0.456439E+00    0.456439E+00    0.456439E+00    0.456439E+00
    0.456439E+00    0.456439E+00    0.456439E+00    0.456439E+00
    0.456439E+00    0.456439E+00    0.456439E+00    0.456439E+00
    0.456439E+00    0.456439E+00    0.456439E+00    0.456439E+00
    0.456439E+00    0.456439E+00    0.456439E+00    0.456439E+00
    0.456439E+00    0.456439E+00    0.456439E+00    0.456439E+00
    0.456439E+00    0.456439E+00    0.589619E+00    0.589619E+00
    0.151851E+02    0.152613E+02    0.153374E+02    0.154136E+02
    0.154898E+02    0.155279E+02    0.155279E+02    0.155279E+02
    0.155279E+02    0.155279E+02    0.155279E+02    0.155279E+02
    0.155279E+02    0.152783E+02    0.138663E+02    0.128406E+02
    0.123839E+02    0.119272E+02    0.114705E+02    0.110138E+02
    0.105571E+02    0.101004E+02    0.964375E+01    0.945489E+01
    0.898989E+01    0.852487E+01    0.805986E+01    0.746335E+01
    0.736556E+01    0.695308E+01    0.654059E+01    0.603072E+01
    0.522865E+01    0.442659E+01    0.376245E+01    0.314432E+01
    0.257925E+01    0.217343E+01    0.176761E+01    0.153883E+01
    0.136906E+01    0.123683E+01    0.121655E+01    0.119529E+01
    0.120480E+01    0.122804E+01    0.124887E+01    0.134086E+01
    0.146507E+01    0.161512E+01    0.180076E+01    0.197476E+01
    0.211447E+01    0.213477E+01    0.213092E+01    0.213691E+01
    0.217120E+01    0.220167E+01    0.221806E+01    0.222416E+01
    0.220938E+01    0.212361E+01    0.202140E+01    0.189254E+01
    0.171193E+01    0.147079E+01    0.105863E+01    0.456439E+00
    0.456439E+00    0.456439E+00    0.456439E+00    0.456439E+00
    0.456439E+00    0.456439E+00    0.456439E+00    0.456439E+00
    0.456439E+00    0.456439E+00    0.456439E+00    0.456439E+00
    0.456439E+00    0.456439E+00    0.456439E+00    0.456439E+00
    0.456439E+00    0.456439E+00    0.456439E+00    0.456439E+00
    0.456439E+00    0.456439E+00    0.456439E+00    0.456439E+00
    0.456439E+00    0.456439E+00    0.456439E+00    0.456439E+00
    0.456439E+00    0.456439E+00    0.456439E+00    0.456439E+00
    0.456439E+00    0.456439E+00    0.456439E+00    0.456439E+00
    0.456439E+00    0.456439E+00    0.456439E+00    0.456439E+00
    0.456439E+00    0.456439E+00    0.456439E+00    0.456439E+00
    0.456439E+00    0.456439E+00    0.456439E+00    0.456439E+00
    0.589619E+00    0.589619E+00    0.589619E+00    0.589619E+00
    0.589619E+00    0.152253E+02    0.152909E+02    0.153566E+02
    0.154222E+02    0.154878E+02    0.155206E+02    0.155206E+02
    0.155206E+02    0.155206E+02    0.155206E+02    0.155206E+02
    0.155206E+02    0.155206E+02    0.152710E+02    0.142185E+02
    0.129744E+02    0.125487E+02    0.120911E+02    0.116334E+02
    0.111757E+02    0.107180E+02    0.102604E+02    0.980270E+01
    0.933770E+01    0.887271E+01    0.840772E+01    0.784866E+01
    0.653552E+01    0.644273E+01    0.635001E+01    0.621995E+01
    0.575132E+01    0.511418E+01    0.447704E+01    0.393392E+01
    0.342216E+01    0.290981E+01    0.239571E+01    0.188162E+01
    0.162066E+01    0.144410E+01    0.129729E+01    0.123937E+01
    0.118090E+01    0.116873E+01    0.118477E+01    0.122239E+01
    0.129473E+01    0.142187E+01    0.154536E+01    0.173313E+01
    0.189844E+01    0.200672E+01    0.204986E+01    0.203603E+01
    0.208643E+01    0.213431E+01    0.218412E+01    0.221031E+01
    0.221890E+01    0.217552E+01    0.210052E+01    0.201276E+01
    0.184501E+01    0.169484E+01    0.147090E+01    0.117487E+01
    0.709420E+00    0.709420E+00    0.709420E+00    0.709420E+00
    0.709420E+00    0.709420E+00    0.709420E+00    0.709420E+00
    0.709420E+00    0.709420E+00    0.709420E+00    0.709420E+00
    0.709420E+00    0.709420E+00    0.709420E+00    0.709420E+00
    0.709420E+00    0.709420E+00    0.709420E+00    0.709420E+00
    0.709420E+00    0.709420E+00    0.709420E+00    0.709420E+00
    0.709420E+00    0.709420E+00    0.709420E+00    0.709420E+00
    0.709420E+00    0.709420E+00    0.709420E+00    0.709420E+00
    0.709420E+00    0.709420E+00    0.709420E+00    0.709420E+00
    0.709420E+00    0.709420E+00    0.709420E+00    0.709420E+00
    0.709420E+00    0.709420E+00    0.709420E+00    0.709420E+00
    0.709420E+00    0.545992E+00    0.545992E+00    0.589619E+00
    0.589619E+00    0.589619E+00    0.589619E+00    0.589619E+00
    0.589619E+00    0.589619E+00    0.152655E+02    0.153206E+02
    0.153757E+02    0.154307E+02    0.154858E+02    0.155134E+02
    0.155134E+02    0.155134E+02    0.155134E+02    0.155134E+02
    0.155134E+02    0.155134E+02    0.155134E+02    0.152637E+02
    0.148045E+02    0.134917E+02    0.126663E+02    0.122716E+02
    0.118397E+02    0.113820E+02    0.109243E+02    0.104667E+02
    0.100090E+02    0.954400E+01    0.907902E+01    0.847242E+01
    0.756609E+01    0.603082E+01    0.593145E+01    0.583221E+01
    0.573298E+01    0.553268E+01    0.502917E+01    0.452567E+01
    0.407668E+01    0.364587E+01    0.317471E+01    0.258243E+01
    0.199016E+01    0.168844E+01    0.148360E+01    0.131213E+01
    0.124082E+01    0.116958E+01    0.114268E+01    0.115450E+01
    0.119368E+01    0.124063E+01    0.132638E+01    0.144803E+01
    0.162911E+01    0.181016E+01    0.194134E+01    0.200760E+01
    0.203448E+01    0.210336E+01    0.215876E+01    0.218536E+01
    0.220406E+01    0.218772E+01    0.214021E+01    0.206541E+01
    0.196035E+01    0.183518E+01    0.164282E+01    0.141054E+01
    0.119301E+01    0.810828E+00    0.810828E+00    0.810828E+00
    0.810828E+00    0.810828E+00    0.810828E+00    0.810828E+00
    0.810828E+00    0.810828E+00    0.810828E+00    0.810828E+00
    0.810828E+00    0.810828E+00    0.810828E+00    0.810828E+00
    0.810828E+00    0.810828E+00    0.810828E+00    0.810828E+00
    0.810828E+00    0.810828E+00    0.810828E+00    0.810828E+00
    0.810828E+00    0.810828E+00    0.810828E+00    0.810828E+00
    0.810828E+00    0.810828E+00    0.810828E+00    0.810828E+00
    0.810828E+00    0.810828E+00    0.810828E+00    0.810828E+00
    0.810828E+00    0.810828E+00    0.810828E+00    0.810828E+00
    0.810828E+00    0.810828E+00    0.810828E+00    0.545992E+00
    0.545992E+00    0.545992E+00    0.589619E+00    0.589619E+00
    0.589619E+00    0.589619E+00    0.589619E+00    0.589619E+00
    0.589619E+00    0.589619E+00    0.589619E+00    0.155299E+02
    0.155803E+02    0.156308E+02    0.156812E+02    0.156829E+02
    0.155100E+02    0.155082E+02    0.155065E+02    0.155048E+02
    0.155031E+02    0.155013E+02    0.154996E+02    0.154979E+02
    0.149704E+02    0.144047E+02    0.139784E+02    0.128467E+02
    0.123582E+02    0.119636E+02    0.115689E+02    0.111306E+02
    0.106729E+02    0.102153E+02    0.975030E+01    0.909615E+01
    0.818984E+01    0.728352E+01    0.588129E+01    0.576995E+01
    0.565874E+01    0.554752E+01    0.536508E+01    0.496892E+01
    0.457275E+01    0.419533E+01    0.382415E+01    0.338449E+01
    0.273931E+01    0.209412E+01    0.174443E+01    0.149326E+01
    0.128879E+01    0.122448E+01    0.116025E+01    0.113083E+01
    0.111781E+01    0.113700E+01    0.115360E+01    0.120800E+01
    0.131712E+01    0.146597E+01    0.166491E+01    0.186549E+01
    0.196979E+01    0.207581E+01    0.212512E+01    0.218562E+01
    0.220961E+01    0.220165E+01    0.217730E+01    0.212092E+01
    0.204080E+01    0.196606E+01    0.184453E+01    0.169323E+01
    0.145064E+01    0.116721E+01    0.973087E+00    0.973087E+00
    0.973087E+00    0.973087E+00    0.973087E+00    0.973087E+00
    0.973087E+00    0.973087E+00    0.973087E+00    0.973087E+00
    0.973087E+00    0.973087E+00    0.973087E+00    0.973087E+00
    0.973087E+00    0.973087E+00    0.973087E+00    0.973087E+00
    0.973087E+00    0.973087E+00    0.973087E+00    0.973087E+00
    0.973087E+00    0.973087E+00    0.973087E+00    0.973087E+00
    0.973087E+00    0.973087E+00    0.973087E+00    0.973087E+00
    0.973087E+00    0.973087E+00    0.973087E+00    0.973087E+00
    0.973087E+00    0.973087E+00    0.973087E+00    0.973087E+00
    0.973087E+00    0.545992E+00    0.545992E+00    0.545992E+00
    0.545992E+00    0.545992E+00    0.589619E+00    0.589619E+00
    0.589619E+00    0.589619E+00    0.589619E+00    0.589619E+00
    0.589619E+00    0.589619E+00    0.589619E+00    0.589619E+00
    0.159733E+02    0.160237E+02    0.160742E+02    0.160125E+02
    0.158244E+02    0.155096E+02    0.155048E+02    0.155000E+02
    0.154952E+02    0.154903E+02    0.154855E+02    0.154807E+02
    0.154759E+02    0.152198E+02    0.146125E+02    0.138449E+02
    0.130975E+02    0.124448E+02    0.120502E+02    0.116555E+02
    0.112609E+02    0.108663E+02    0.104216E+02    0.971985E+01
    0.881356E+01    0.790726E+01    0.700095E+01    0.590028E+01
    0.566345E+01    0.553739E+01    0.542101E+01    0.524569E+01
    0.489352E+01    0.454135E+01    0.419065E+01    0.384044E+01
    0.341998E+01    0.278869E+01    0.215741E+01    0.175737E+01
    0.143443E+01    0.118609E+01    0.116202E+01    0.113864E+01
    0.112716E+01    0.110698E+01    0.108998E+01    0.106865E+01
    0.111040E+01    0.118725E+01    0.135426E+01    0.157758E+01
    0.179311E+01    0.197385E+01    0.210277E+01    0.217558E+01
    0.223948E+01    0.225651E+01    0.223624E+01    0.219120E+01
    0.212336E+01    0.206266E+01    0.198915E+01    0.189205E+01
    0.175141E+01    0.152484E+01    0.121422E+01    0.983186E+00
    0.983186E+00    0.983186E+00    0.983186E+00    0.983186E+00
    0.983186E+00    0.983186E+00    0.983186E+00    0.983186E+00
    0.983186E+00    0.983186E+00    0.983186E+00    0.983186E+00
    0.983186E+00    0.983186E+00    0.983186E+00    0.983186E+00
    0.983186E+00    0.983186E+00    0.983186E+00    0.983186E+00
    0.983186E+00    0.983186E+00    0.983186E+00    0.983186E+00
    0.983186E+00    0.983186E+00    0.983186E+00    0.983186E+00
    0.983186E+00    0.983186E+00    0.983186E+00    0.983186E+00
    0.983186E+00    0.983186E+00    0.983186E+00    0.545992E+00
    0.545992E+00    0.545992E+00    0.545992E+00    0.545992E+00
    0.545992E+00    0.589619E+00    0.589619E+00    0.589619E+00
    0.589619E+00    0.589619E+00    0.589619E+00    0.589619E+00
    0.589619E+00    0.589619E+00    0.589619E+00    0.589619E+00
    0.589619E+00    0.164167E+02    0.164671E+02    0.163420E+02
    0.161540E+02    0.159659E+02    0.155093E+02    0.155014E+02
    0.154935E+02    0.154855E+02    0.154776E+02    0.154697E+02
    0.154618E+02    0.154539E+02    0.151978E+02    0.149417E+02
    0.142546E+02    0.134870E+02    0.127194E+02    0.122948E+02
    0.118703E+02    0.114457E+02    0.110212E+02    0.105966E+02
    0.969033E+01    0.878403E+01    0.787774E+01    0.701055E+01
    0.604703E+01    0.581023E+01    0.557345E+01    0.533915E+01
    0.516283E+01    0.480665E+01    0.445048E+01    0.409253E+01
    0.373400E+01    0.332342E+01    0.275665E+01    0.218988E+01
    0.173769E+01    0.132370E+01    0.102358E+01    0.106544E+01
    0.110780E+01    0.112081E+01    0.110307E+01    0.107070E+01
    0.106175E+01    0.107742E+01    0.115211E+01    0.133618E+01
    0.159397E+01    0.179681E+01    0.199950E+01    0.216202E+01
    0.224400E+01    0.229129E+01    0.230604E+01    0.223584E+01
    0.216834E+01    0.209415E+01    0.205436E+01    0.199568E+01
    0.193725E+01    0.183136E+01    0.160135E+01    0.127860E+01
    0.976649E+00    0.976649E+00    0.976649E+00    0.976649E+00
    0.976649E+00    0.976649E+00    0.976649E+00    0.976649E+00
    0.976649E+00    0.976649E+00    0.976649E+00    0.976649E+00
    0.976649E+00    0.976649E+00    0.976649E+00    0.976649E+00
    0.976649E+00    0.976649E+00    0.976649E+00    0.976649E+00
    0.976649E+00    0.976649E+00    0.976649E+00    0.976649E+00
    0.976649E+00    0.976649E+00    0.976649E+00    0.976649E+00
    0.976649E+00    0.976649E+00    0.976649E+00    0.976649E+00
    0.976649E+00    0.545992E+00    0.545992E+00    0.545992E+00
    0.545992E+00    0.545992E+00    0.545992E+00    0.545992E+00
    0.545992E+00    0.589619E+00    0.589619E+00    0.589619E+00
    0.589619E+00    0.589619E+00    0.589619E+00    0.589619E+00
    0.589619E+00    0.589619E+00    0.589619E+00    0.589619E+00
    0.589619E+00    0.589619E+00    0.168596E+02    0.166716E+02
    0.164835E+02    0.162955E+02    0.160518E+02    0.155089E+02
    0.154979E+02    0.154869E+02    0.154759E+02    0.154649E+02
    0.154539E+02    0.154429E+02    0.154319E+02    0.151758E+02
    0.149197E+02    0.146636E+02    0.138968E+02    0.131292E+02
    0.126532E+02    0.121772E+02    0.117011E+02    0.112251E+02
    0.107491E+02    0.984287E+01    0.893659E+01    0.808505E+01
    0.732395E+01    0.608464E+01    0.584690E+01    0.560919E+01
    0.537148E+01    0.510196E+01    0.473699E+01    0.437202E+01
    0.398911E+01    0.360023E+01    0.318200E+01    0.267575E+01
    0.216949E+01    0.171756E+01    0.128374E+01    0.977222E+00
    0.105267E+01    0.112811E+01    0.114788E+01    0.114751E+01
    0.114675E+01    0.114582E+01    0.114475E+01    0.118844E+01
    0.134387E+01    0.161685E+01    0.191513E+01    0.210579E+01
    0.223764E+01    0.232538E+01    0.235232E+01    0.234599E+01
    0.225489E+01    0.211959E+01    0.203542E+01    0.199829E+01
    0.197730E+01    0.195320E+01    0.187397E+01    0.163244E+01
    0.133858E+01    0.100622E+01    0.100622E+01    0.100622E+01
    0.100622E+01    0.100622E+01    0.100622E+01    0.100622E+01
    0.100622E+01    0.100622E+01    0.100622E+01    0.100622E+01
    0.100622E+01    0.100622E+01    0.100622E+01    0.100622E+01
    0.100622E+01    0.100622E+01    0.100622E+01    0.100622E+01
    0.100622E+01    0.100622E+01    0.100622E+01    0.100622E+01
    0.100622E+01    0.100622E+01    0.100622E+01    0.100622E+01
    0.100622E+01    0.100622E+01    0.100622E+01    0.545992E+00
    0.545992E+00    0.545992E+00    0.545992E+00    0.545992E+00
    0.545992E+00    0.545992E+00    0.545992E+00    0.545992E+00
    0.589619E+00    0.589619E+00    0.589619E+00    0.589619E+00
    0.589619E+00    0.589619E+00    0.589619E+00    0.589619E+00
    0.589619E+00    0.589619E+00    0.589619E+00    0.589619E+00
    0.589619E+00    0.589619E+00    0.589619E+00    0.170011E+02
    0.168131E+02    0.166250E+02    0.164370E+02    0.160530E+02
    0.155086E+02    0.154945E+02    0.154804E+02    0.154663E+02
    0.154522E+02    0.154381E+02    0.154240E+02    0.154099E+02
    0.151538E+02    0.148977E+02    0.146416E+02    0.143066E+02
    0.135390E+02    0.130115E+02    0.124840E+02    0.119566E+02
    0.114291E+02    0.109017E+02    0.999541E+01    0.915953E+01
    0.839843E+01    0.763734E+01    0.604768E+01    0.580839E+01
    0.556911E+01    0.532983E+01    0.505611E+01    0.467907E+01
    0.430204E+01    0.388207E+01    0.344779E+01    0.300995E+01
    0.256147E+01    0.211299E+01    0.169711E+01    0.129210E+01
    0.100994E+01    0.109631E+01    0.118253E+01    0.120551E+01
    0.120630E+01    0.123281E+01    0.122003E+01    0.125827E+01
    0.131527E+01    0.155940E+01    0.182271E+01    0.202456E+01
    0.218860E+01    0.234172E+01    0.238927E+01    0.240683E+01
    0.239336E+01    0.230166E+01    0.213432E+01    0.200829E+01
    0.197635E+01    0.195829E+01    0.191954E+01    0.184158E+01
    0.164102E+01    0.132571E+01    0.104878E+01    0.104878E+01
    0.104878E+01    0.104878E+01    0.104878E+01    0.104878E+01
    0.104878E+01    0.104878E+01    0.104878E+01    0.104878E+01
    0.104878E+01    0.104878E+01    0.104878E+01    0.104878E+01
    0.104878E+01    0.104878E+01    0.104878E+01    0.104878E+01
    0.104878E+01    0.104878E+01    0.104878E+01    0.104878E+01
    0.104878E+01    0.104878E+01    0.104878E+01    0.104878E+01
    0.104878E+01    0.545992E+00    0.545992E+00    0.545992E+00
    0.545992E+00    0.545992E+00    0.545992E+00    0.545992E+00
    0.545992E+00    0.545992E+00    0.545992E+00    0.545992E+00
    0.589619E+00    0.589619E+00    0.589619E+00    0.589619E+00
    0.589619E+00    0.589619E+00    0.589619E+00    0.589619E+00
    0.589619E+00    0.589619E+00    0.589619E+00    0.589619E+00
    0.589619E+00    0.589619E+00    0.589619E+00    0.589619E+00
    0.171426E+02    0.169546E+02    0.167666E+02    0.165785E+02
    0.160542E+02    0.155083E+02    0.154911E+02    0.154739E+02
    0.154567E+02    0.154395E+02    0.154223E+02    0.154051E+02
    0.153879E+02    0.151318E+02    0.148757E+02    0.146196E+02
    0.143635E+02    0.139488E+02    0.133698E+02    0.127909E+02
    0.122120E+02    0.116331E+02    0.110542E+02    0.102340E+02
    0.947291E+01    0.871182E+01    0.795074E+01    0.629960E+01
    0.581737E+01    0.553463E+01    0.529475E+01    0.501194E+01
    0.460033E+01    0.418872E+01    0.372793E+01    0.325074E+01
    0.279143E+01    0.238579E+01    0.198016E+01    0.163154E+01
    0.130193E+01    0.107577E+01    0.116001E+01    0.124432E+01
    0.126798E+01    0.126890E+01    0.128920E+01    0.130635E+01
    0.139986E+01    0.154095E+01    0.170617E+01    0.194455E+01
    0.214952E+01    0.226861E+01    0.236653E+01    0.242544E+01
    0.243504E+01    0.242679E+01    0.232764E+01    0.216476E+01
    0.205183E+01    0.200228E+01    0.194887E+01    0.189804E+01
    0.180263E+01    0.162747E+01    0.131187E+01    0.111197E+01
    0.111197E+01    0.111197E+01    0.111197E+01    0.111197E+01
    0.111197E+01    0.111197E+01    0.111197E+01    0.111197E+01
    0.111197E+01    0.111197E+01    0.111197E+01    0.111197E+01
    0.111197E+01    0.111197E+01    0.111197E+01    0.111197E+01
    0.111197E+01    0.111197E+01    0.111197E+01    0.111197E+01
    0.111197E+01    0.111197E+01    0.111197E+01    0.111197E+01
    0.545992E+00    0.545992E+00    0.545992E+00    0.545992E+00
    0.545992E+00    0.545992E+00    0.545992E+00    0.545992E+00
    0.545992E+00    0.545992E+00    0.545992E+00    0.589619E+00
    0.589619E+00    0.589619E+00    0.589619E+00    0.589619E+00
    0.589619E+00    0.589619E+00    0.589619E+00    0.589619E+00
    0.589619E+00    0.589619E+00    0.589619E+00    0.589619E+00
    0.589619E+00    0.589619E+00    0.589619E+00    0.589619E+00
    0.589619E+00    0.172842E+02    0.170961E+02    0.169081E+02
    0.167200E+02    0.160555E+02    0.157350E+02    0.156319E+02
    0.156136E+02    0.155952E+02    0.155769E+02    0.155586E+02
    0.155402E+02    0.155219E+02    0.152467E+02    0.149715E+02
    0.146963E+02    0.144212E+02    0.141460E+02    0.135674E+02
    0.129888E+02    0.124102E+02    0.118317E+02    0.112531E+02
    0.104920E+02    0.973092E+01    0.896984E+01    0.820546E+01
    0.672884E+01    0.624651E+01    0.576434E+01    0.528217E+01
    0.496881E+01    0.450882E+01    0.404882E+01    0.354489E+01
    0.302631E+01    0.254437E+01    0.217242E+01    0.180047E+01
    0.153827E+01    0.131267E+01    0.116210E+01    0.123655E+01
    0.131086E+01    0.133125E+01    0.133457E+01    0.133054E+01
    0.137545E+01    0.147914E+01    0.159098E+01    0.176608E+01
    0.197133E+01    0.213851E+01    0.226387E+01    0.235388E+01
    0.236136E+01    0.239788E+01    0.235477E+01    0.226724E+01
    0.214570E+01    0.208628E+01    0.198755E+01    0.191896E+01
    0.186340E+01    0.179037E+01    0.164447E+01    0.133045E+01
    0.111853E+01    0.111853E+01    0.111853E+01    0.111853E+01
    0.111853E+01    0.111853E+01    0.111853E+01    0.111853E+01
    0.111853E+01    0.111853E+01    0.111853E+01    0.111853E+01
    0.111853E+01    0.111853E+01    0.111853E+01    0.111853E+01
    0.111853E+01    0.111853E+01    0.111853E+01    0.111853E+01
    0.111853E+01    0.111853E+01    0.525105E+00    0.545992E+00
    0.545992E+00    0.545992E+00    0.545992E+00    0.545992E+00
    0.545992E+00    0.545992E+00    0.545992E+00    0.545992E+00
    0.545992E+00    0.545992E+00    0.545992E+00    0.589619E+00
    0.589619E+00    0.589619E+00    0.589619E+00    0.589619E+00
    0.589619E+00    0.589619E+00    0.589619E+00    0.589619E+00
    0.589619E+00    0.589619E+00    0.589619E+00    0.589619E+00
    0.589619E+00    0.589619E+00    0.589619E+00    0.589619E+00
    0.589619E+00    0.589619E+00    0.174257E+02    0.172376E+02
    0.170496E+02    0.168615E+02    0.164383E+02    0.161891E+02
    0.160499E+02    0.159108E+02    0.158199E+02    0.158016E+02
    0.157832E+02    0.157649E+02    0.157466E+02    0.154412E+02
    0.151358E+02    0.148304E+02    0.145251E+02    0.142197E+02
    0.136715E+02    0.131234E+02    0.125752E+02    0.120271E+02
    0.114789E+02    0.107178E+02    0.995677E+01    0.919129E+01
    0.842007E+01    0.688703E+01    0.640462E+01    0.592244E+01
    0.544027E+01    0.495141E+01    0.444245E+01    0.393350E+01
    0.340650E+01    0.287349E+01    0.238596E+01    0.203498E+01
    0.168400E+01    0.149021E+01    0.134882E+01    0.125484E+01
    0.130272E+01    0.134992E+01    0.136405E+01    0.134929E+01
    0.136375E+01    0.139710E+01    0.148947E+01    0.163499E+01
    0.177284E+01    0.192419E+01    0.207982E+01    0.214793E+01
    0.217117E+01    0.223458E+01    0.220328E+01    0.221212E+01
    0.216352E+01    0.214987E+01    0.211588E+01    0.198785E+01
    0.187354E+01    0.179264E+01    0.173090E+01    0.148926E+01
    0.120409E+01    0.113357E+01    0.113357E+01    0.113357E+01
    0.113357E+01    0.113357E+01    0.113357E+01    0.113357E+01
    0.113357E+01    0.113357E+01    0.113357E+01    0.113357E+01
    0.113357E+01    0.113357E+01    0.113357E+01    0.113357E+01
    0.113357E+01    0.113357E+01    0.113357E+01    0.113357E+01
    0.113357E+01    0.525105E+00    0.525105E+00    0.545992E+00
    0.545992E+00    0.545992E+00    0.545992E+00    0.545992E+00
    0.545992E+00    0.545992E+00    0.545992E+00    0.545992E+00
    0.545992E+00    0.545992E+00    0.589619E+00    0.589619E+00
    0.589619E+00    0.589619E+00    0.589619E+00    0.589619E+00
    0.589619E+00    0.589619E+00    0.589619E+00    0.589619E+00
    0.589619E+00    0.589619E+00    0.589619E+00    0.589619E+00
    0.589619E+00    0.589619E+00    0.589619E+00    0.589619E+00
    0.589619E+00    0.589619E+00    0.589619E+00    0.175408E+02
    0.173527E+02    0.171647E+02    0.170667E+02    0.168923E+02
    0.166431E+02    0.165040E+02    0.163649E+02    0.162257E+02
    0.160866E+02    0.160079E+02    0.159896E+02    0.159712E+02
    0.156357E+02    0.153001E+02    0.149645E+02    0.146290E+02
    0.142934E+02    0.137757E+02    0.132579E+02    0.127402E+02
    0.122225E+02    0.117047E+02    0.109437E+02    0.101771E+02
    0.940589E+01    0.863468E+01    0.689605E+01    0.641367E+01
    0.593150E+01    0.544933E+01    0.494815E+01    0.438993E+01
    0.383171E+01    0.329267E+01    0.276004E+01    0.227629E+01
    0.193930E+01    0.160230E+01    0.146699E+01    0.139893E+01
    0.135103E+01    0.136327E+01    0.137487E+01    0.135551E+01
    0.133062E+01    0.131430E+01    0.133466E+01    0.144805E+01
    0.156330E+01    0.171350E+01    0.180332E+01    0.192670E+01
    0.198667E+01    0.199827E+01    0.193011E+01    0.198286E+01
    0.197920E+01    0.200027E+01    0.202483E+01    0.195825E+01
    0.185769E+01    0.172835E+01    0.161269E+01    0.150003E+01
    0.134399E+01    0.112251E+01    0.113357E+01    0.113357E+01
    0.113357E+01    0.113357E+01    0.113357E+01    0.113357E+01
    0.113357E+01    0.113357E+01    0.113357E+01    0.113357E+01
    0.113357E+01    0.113357E+01    0.113357E+01    0.113357E+01
    0.113357E+01    0.113357E+01    0.113357E+01    0.560369E+00
    0.560369E+00    0.525105E+00    0.525105E+00    0.545992E+00
    0.545992E+00    0.545992E+00    0.545992E+00    0.545992E+00
    0.545992E+00    0.545992E+00    0.545992E+00    0.545992E+00
    0.545992E+00    0.545992E+00    0.589619E+00    0.589619E+00
    0.589619E+00    0.589619E+00    0.589619E+00    0.589619E+00
    0.589619E+00    0.589619E+00    0.589619E+00    0.589619E+00
    0.589619E+00    0.589619E+00    0.589619E+00    0.589619E+00
    0.589619E+00    0.589619E+00    0.589619E+00    0.589619E+00
    0.589619E+00    0.589619E+00    0.589619E+00    0.589619E+00
    0.176422E+02    0.174542E+02    0.173764E+02    0.173765E+02
    0.171525E+02    0.170972E+02    0.169581E+02    0.168189E+02
    0.166798E+02    0.165407E+02    0.164016E+02    0.162625E+02
    0.161959E+02    0.158302E+02    0.154644E+02    0.150986E+02
    0.147329E+02    0.143671E+02    0.138798E+02    0.133925E+02
    0.129052E+02    0.124179E+02    0.119305E+02    0.111629E+02
    0.103917E+02    0.962049E+01    0.884929E+01    0.691871E+01
    0.645740E+01    0.598099E+01    0.549882E+01    0.499035E+01
    0.440292E+01    0.381550E+01    0.328139E+01    0.276505E+01
    0.229169E+01    0.194730E+01    0.160292E+01    0.147855E+01
    0.142754E+01    0.138929E+01    0.138935E+01    0.138941E+01
    0.124591E+01    0.125000E+01    0.124063E+01    0.124759E+01
    0.133950E+01    0.144490E+01    0.152923E+01    0.162158E+01
    0.169416E+01    0.174141E+01    0.174122E+01    0.167830E+01
    0.165656E+01    0.163163E+01    0.165377E+01    0.167144E+01
    0.164446E+01    0.156170E+01    0.143983E+01    0.127900E+01
    0.120787E+01    0.110965E+01    0.100488E+01    0.100488E+01
    0.100488E+01    0.113357E+01    0.113357E+01    0.113357E+01
    0.113357E+01    0.113357E+01    0.113357E+01    0.113357E+01
    0.113357E+01    0.113357E+01    0.113357E+01    0.113357E+01
    0.113357E+01    0.113357E+01    0.560369E+00    0.560369E+00
    0.560369E+00    0.525105E+00    0.525105E+00    0.545992E+00
    0.545992E+00    0.545992E+00    0.545992E+00    0.545992E+00
    0.545992E+00    0.545992E+00    0.545992E+00    0.545992E+00
    0.545992E+00    0.589619E+00    0.589619E+00    0.589619E+00
    0.589619E+00    0.589619E+00    0.589619E+00    0.589619E+00
    0.589619E+00    0.589619E+00    0.589619E+00    0.589619E+00
    0.589619E+00    0.589619E+00    0.589619E+00    0.589619E+00
    0.589619E+00    0.589619E+00    0.589619E+00    0.589619E+00
    0.589619E+00    0.589619E+00    0.589619E+00    0.589619E+00
    0.589619E+00    0.177436E+02    0.176862E+02    0.176862E+02
    0.176862E+02    0.171973E+02    0.172766E+02    0.171478E+02
    0.170190E+02    0.168902E+02    0.167614E+02    0.166327E+02
    0.165039E+02    0.163751E+02    0.160098E+02    0.156445E+02
    0.152792E+02    0.149140E+02    0.145487E+02    0.140833E+02
    0.136179E+02    0.131525E+02    0.126871E+02    0.122217E+02
    0.114505E+02    0.106793E+02    0.990813E+01    0.901963E+01
    0.694808E+01    0.648685E+01    0.602569E+01    0.556453E+01
    0.505486E+01    0.444808E+01    0.384130E+01    0.332044E+01
    0.282822E+01    0.236848E+01    0.200621E+01    0.164394E+01
    0.150718E+01    0.144559E+01    0.139940E+01    0.139942E+01
    0.139944E+01    0.117926E+01    0.110484E+01    0.112083E+01
    0.114845E+01    0.121351E+01    0.128851E+01    0.134828E+01
    0.142608E+01    0.147063E+01    0.147538E+01    0.145242E+01
    0.146498E+01    0.139742E+01    0.134168E+01    0.132992E+01
    0.134130E+01    0.132768E+01    0.122787E+01    0.107846E+01
    0.102220E+01    0.120787E+01    0.110965E+01    0.100488E+01
    0.100488E+01    0.100488E+01    0.100488E+01    0.100488E+01
    0.113357E+01    0.113357E+01    0.113357E+01    0.113357E+01
    0.113357E+01    0.113357E+01    0.113357E+01    0.113357E+01
    0.560369E+00    0.560369E+00    0.560369E+00    0.560369E+00
    0.560369E+00    0.525105E+00    0.525105E+00    0.545992E+00
    0.545992E+00    0.545992E+00    0.545992E+00    0.545992E+00
    0.545992E+00    0.545992E+00    0.545992E+00    0.545992E+00
    0.545992E+00    0.589619E+00    0.589619E+00    0.589619E+00
    0.589619E+00    0.589619E+00    0.589619E+00    0.589619E+00
    0.589619E+00    0.589619E+00    0.589619E+00    0.589619E+00
    0.589619E+00    0.589619E+00    0.589619E+00    0.589619E+00
    0.589619E+00    0.589619E+00    0.589619E+00    0.589619E+00
    0.589619E+00    0.589619E+00    0.589619E+00    0.589619E+00
    0.589619E+00    0.589619E+00    0.179959E+02    0.179959E+02
    0.179959E+02    0.179959E+02    0.172697E+02    0.173289E+02
    0.172152E+02    0.171015E+02    0.169879E+02    0.168742E+02
    0.167605E+02    0.166468E+02    0.165331E+02    0.161825E+02
    0.158320E+02    0.154814E+02    0.151308E+02    0.147802E+02
    0.143328E+02    0.138854E+02    0.134380E+02    0.129906E+02
    0.125431E+02    0.117720E+02    0.110008E+02    0.100792E+02
    0.900119E+01    0.697658E+01    0.652194E+01    0.606731E+01
    0.561268E+01    0.511959E+01    0.451109E+01    0.390258E+01
    0.338616E+01    0.290045E+01    0.243708E+01    0.204079E+01
    0.164450E+01    0.148441E+01    0.140305E+01    0.133001E+01
    0.131018E+01    0.131008E+01    0.103235E+01    0.895759E+00
    0.924359E+00    0.101676E+01    0.111153E+01    0.115806E+01
    0.121499E+01    0.124582E+01    0.129793E+01    0.131858E+01
    0.127744E+01    0.121696E+01    0.118358E+01    0.112546E+01
    0.112838E+01    0.113836E+01    0.112016E+01    0.101821E+01
    0.934950E+00    0.102220E+01    0.102220E+01    0.110965E+01
    0.100488E+01    0.100488E+01    0.100488E+01    0.100488E+01
    0.100488E+01    0.100488E+01    0.100488E+01    0.113357E+01
    0.113357E+01    0.113357E+01    0.113357E+01    0.560369E+00
    0.560369E+00    0.560369E+00    0.560369E+00    0.560369E+00
    0.560369E+00    0.525105E+00    0.525105E+00    0.545992E+00
    0.545992E+00    0.545992E+00    0.545992E+00    0.545992E+00
    0.545992E+00    0.545992E+00    0.545992E+00    0.545992E+00
    0.589619E+00    0.589619E+00    0.589619E+00    0.589619E+00
    0.589619E+00    0.589619E+00    0.589619E+00    0.589619E+00
    0.589619E+00    0.589619E+00    0.589619E+00    0.589619E+00
    0.589619E+00    0.589619E+00    0.589619E+00    0.589619E+00
    0.589619E+00    0.589619E+00    0.589619E+00    0.589619E+00
    0.589619E+00    0.589619E+00    0.589619E+00    0.589619E+00
    0.589619E+00    0.589619E+00    0.589619E+00    0.183056E+02
    0.183056E+02    0.183056E+02    0.183057E+02    0.175794E+02
    0.173812E+02    0.172826E+02    0.171840E+02    0.170855E+02
    0.169869E+02    0.168883E+02    0.167897E+02    0.166912E+02
    0.163553E+02    0.160194E+02    0.156835E+02    0.153476E+02
    0.150117E+02    0.145823E+02    0.141529E+02    0.137234E+02
    0.132940E+02    0.128646E+02    0.120934E+02    0.111387E+02
    0.100607E+02    0.898274E+01    0.700473E+01    0.655948E+01
    0.611424E+01    0.566899E+01    0.518442E+01    0.458188E+01
    0.397934E+01    0.346353E+01    0.297663E+01    0.250211E+01
    0.206476E+01    0.162740E+01    0.143921E+01    0.133407E+01
    0.124320E+01    0.119511E+01    0.109416E+01    0.906875E+00
    0.743002E+00    0.713259E+00    0.772621E+00    0.939513E+00
    0.104303E+01    0.104830E+01    0.109179E+01    0.110985E+01
    0.109710E+01    0.108586E+01    0.108073E+01    0.101325E+01
    0.985342E+00    0.990842E+00    0.101583E+01    0.101392E+01
    0.955050E+00    0.918247E+00    0.936721E+00    0.936721E+00
    0.936721E+00    0.100488E+01    0.100488E+01    0.100488E+01
    0.100488E+01    0.100488E+01    0.100488E+01    0.100488E+01
    0.100488E+01    0.635291E+00    0.560369E+00    0.560369E+00
    0.560369E+00    0.560369E+00    0.560369E+00    0.560369E+00
    0.560369E+00    0.525105E+00    0.525105E+00    0.545992E+00
    0.545992E+00    0.545992E+00    0.545992E+00    0.545992E+00
    0.545992E+00    0.545992E+00    0.545992E+00    0.545992E+00
    0.589619E+00    0.589619E+00    0.589619E+00    0.589619E+00
    0.589619E+00    0.589619E+00    0.589619E+00    0.589619E+00
    0.589619E+00    0.589619E+00    0.589619E+00    0.589619E+00
    0.589619E+00    0.589619E+00    0.589619E+00    0.589619E+00
    0.589619E+00    0.589619E+00    0.589619E+00    0.589619E+00
    0.589619E+00    0.589619E+00    0.589619E+00    0.589619E+00
    0.589619E+00    0.589619E+00    0.589619E+00    0.589619E+00
    0.186154E+02    0.186154E+02    0.186154E+02    0.186154E+02
    0.178892E+02    0.174335E+02    0.173500E+02    0.172665E+02
    0.171831E+02    0.170996E+02    0.170161E+02    0.169327E+02
    0.168492E+02    0.165280E+02    0.162068E+02    0.158856E+02
    0.155645E+02    0.152433E+02    0.148318E+02    0.144204E+02
    0.140089E+02    0.135975E+02    0.131860E+02    0.121982E+02
    0.111202E+02    0.100423E+02    0.896430E+01    0.699008E+01
    0.656547E+01    0.612956E+01    0.568692E+01    0.521197E+01
    0.464005E+01    0.406813E+01    0.354210E+01    0.303138E+01
    0.252783E+01    0.204580E+01    0.156378E+01    0.135945E+01
    0.123348E+01    0.107989E+01    0.106083E+01    0.100587E+01
    0.809098E+00    0.743002E+00    0.451140E+00    0.527118E+00
    0.743066E+00    0.898681E+00    0.915368E+00    0.952886E+00
    0.976761E+00    0.954462E+00    0.948737E+00    0.924244E+00
    0.879848E+00    0.867597E+00    0.885633E+00    0.914420E+00
    0.938105E+00    0.937802E+00    0.897005E+00    0.894755E+00
    0.894755E+00    0.894755E+00    0.894755E+00    0.894755E+00
    0.100488E+01    0.100488E+01    0.100488E+01    0.635291E+00
    0.635291E+00    0.635291E+00    0.635291E+00    0.560369E+00
    0.560369E+00    0.560369E+00    0.560369E+00    0.560369E+00
    0.560369E+00    0.525105E+00    0.525105E+00    0.545992E+00
    0.545992E+00    0.545992E+00    0.545992E+00    0.545992E+00
    0.545992E+00    0.545992E+00    0.545992E+00    0.589619E+00
    0.589619E+00    0.589619E+00    0.589619E+00    0.589619E+00
    0.589619E+00    0.589619E+00    0.589619E+00    0.589619E+00
    0.589619E+00    0.589619E+00    0.589619E+00    0.589619E+00
    0.589619E+00    0.589619E+00    0.589619E+00    0.589619E+00
    0.589619E+00    0.589619E+00    0.589619E+00    0.589619E+00
    0.589619E+00    0.589619E+00    0.589619E+00    0.589619E+00
    0.589619E+00    0.589619E+00    0.589619E+00    0.589619E+00
    0.589619E+00    0.189251E+02    0.189251E+02    0.189251E+02
    0.189251E+02    0.181989E+02    0.176518E+02    0.174259E+02
    0.173464E+02    0.172669E+02    0.171875E+02    0.171080E+02
    0.170286E+02    0.169491E+02    0.166620E+02    0.163748E+02
    0.160876E+02    0.158005E+02    0.155133E+02    0.150878E+02
    0.146622E+02    0.142367E+02    0.138112E+02    0.133856E+02
    0.123077E+02    0.112297E+02    0.101518E+02    0.902342E+01
    0.695897E+01    0.653424E+01    0.610971E+01    0.568518E+01
    0.522516E+01    0.469335E+01    0.416155E+01    0.362115E+01
    0.307788E+01    0.253840E+01    0.201032E+01    0.148223E+01
    0.122908E+01    0.969693E+00    0.858684E+00    0.882744E+00
    0.847632E+00    0.809098E+00    0.809098E+00    0.451140E+00
    0.307568E+00    0.618736E+00    0.704182E+00    0.783812E+00
    0.818600E+00    0.861756E+00    0.905591E+00    0.920024E+00
    0.902181E+00    0.869570E+00    0.822120E+00    0.831814E+00
    0.870656E+00    0.901099E+00    0.911875E+00    0.873652E+00
    0.851857E+00    0.851857E+00    0.851857E+00    0.851857E+00
    0.851857E+00    0.716284E+00    0.716284E+00    0.635291E+00
    0.635291E+00    0.635291E+00    0.635291E+00    0.560369E+00
    0.560369E+00    0.560369E+00    0.560369E+00    0.560369E+00
    0.560369E+00    0.525105E+00    0.525105E+00    0.545992E+00
    0.545992E+00    0.545992E+00    0.545992E+00    0.545992E+00
    0.545992E+00    0.545992E+00    0.545992E+00    0.589619E+00
    0.589619E+00    0.589619E+00    0.589619E+00    0.589619E+00
    0.589619E+00    0.589619E+00    0.589619E+00    0.589619E+00
    0.589619E+00    0.589619E+00    0.589619E+00    0.589619E+00
    0.589619E+00    0.589619E+00    0.589619E+00    0.589619E+00
    0.589619E+00    0.589619E+00    0.589619E+00    0.589619E+00
    0.589619E+00    0.589619E+00    0.589619E+00    0.589619E+00
    0.589619E+00    0.589619E+00    0.589619E+00    0.668682E+00
    0.668682E+00    0.668682E+00    0.192348E+02    0.192348E+02
    0.192349E+02    0.192349E+02    0.185840E+02    0.180412E+02
    0.177983E+02    0.175553E+02    0.173458E+02    0.172664E+02
    0.171869E+02    0.171075E+02    0.170280E+02    0.167819E+02
    0.165357E+02    0.162896E+02    0.160434E+02    0.157972E+02
    0.153461E+02    0.148949E+02    0.144437E+02    0.139925E+02
    0.135413E+02    0.124634E+02    0.113854E+02    0.102447E+02
    0.905191E+01    0.693243E+01    0.650244E+01    0.607270E+01
    0.564297E+01    0.519854E+01    0.471003E+01    0.422152E+01
    0.367169E+01    0.310142E+01    0.253879E+01    0.199908E+01
    0.128956E+01    0.902438E+00    0.647461E+00    0.595482E+00
    0.605131E+00    0.593277E+00    0.593277E+00    0.593277E+00
    0.307568E+00    0.307568E+00    0.435545E+00    0.620794E+00
    0.712598E+00    0.768265E+00    0.850625E+00    0.917436E+00
    0.935913E+00    0.922323E+00    0.869320E+00    0.822469E+00
    0.826070E+00    0.845369E+00    0.868124E+00    0.873899E+00
    0.852802E+00    0.812162E+00    0.812162E+00    0.812162E+00
    0.710550E+00    0.716284E+00    0.716284E+00    0.664098E+00
    0.635291E+00    0.635291E+00    0.635291E+00    0.635291E+00
    0.560369E+00    0.560369E+00    0.560369E+00    0.560369E+00
    0.560369E+00    0.525105E+00    0.525105E+00    0.545992E+00
    0.545992E+00    0.545992E+00    0.545992E+00    0.545992E+00
    0.545992E+00    0.545992E+00    0.589619E+00    0.589619E+00
    0.589619E+00    0.589619E+00    0.589619E+00    0.589619E+00
    0.589619E+00    0.589619E+00    0.589619E+00    0.589619E+00
    0.589619E+00    0.589619E+00    0.589619E+00    0.589619E+00
    0.589619E+00    0.589619E+00    0.589619E+00    0.589619E+00
    0.589619E+00    0.589619E+00    0.589619E+00    0.589619E+00
    0.589619E+00    0.589619E+00    0.589619E+00    0.589619E+00
    0.589619E+00    0.589619E+00    0.668682E+00    0.668682E+00
    0.668682E+00    0.668682E+00    0.668682E+00    0.194313E+02
    0.194313E+02    0.194313E+02    0.194313E+02    0.189735E+02
    0.184307E+02    0.181877E+02    0.179448E+02    0.177018E+02
    0.174589E+02    0.172658E+02    0.171864E+02    0.171069E+02
    0.169018E+02    0.166966E+02    0.164915E+02    0.162863E+02
    0.160812E+02    0.156043E+02    0.151275E+02    0.146506E+02
    0.141738E+02    0.136970E+02    0.126191E+02    0.114659E+02
    0.102732E+02    0.908041E+01    0.690737E+01    0.647045E+01
    0.603375E+01    0.559705E+01    0.515849E+01    0.471434E+01
    0.427020E+01    0.371263E+01    0.311722E+01    0.253574E+01
    0.175477E+01    0.925154E+00    0.699608E+00    0.515866E+00
    0.472921E+00    0.436839E+00    0.388015E+00    0.388015E+00
    0.388015E+00    0.307568E+00    0.435545E+00    0.435545E+00
    0.419116E+00    0.552541E+00    0.671145E+00    0.760875E+00
    0.842020E+00    0.865511E+00    0.849458E+00    0.813452E+00
    0.804984E+00    0.814499E+00    0.813040E+00    0.827295E+00
    0.829620E+00    0.821915E+00    0.779963E+00    0.779963E+00
    0.710550E+00    0.716284E+00    0.716284E+00    0.716284E+00
    0.664098E+00    0.635291E+00    0.635291E+00    0.635291E+00
    0.560369E+00    0.560369E+00    0.560369E+00    0.560369E+00
    0.560369E+00    0.525105E+00    0.525105E+00    0.545992E+00
    0.545992E+00    0.545992E+00    0.545992E+00    0.545992E+00
    0.545992E+00    0.545992E+00    0.589619E+00    0.589619E+00
    0.589619E+00    0.589619E+00    0.589619E+00    0.589619E+00
    0.589619E+00    0.589619E+00    0.589619E+00    0.589619E+00
    0.589619E+00    0.589619E+00    0.589619E+00    0.589619E+00
    0.589619E+00    0.589619E+00    0.589619E+00    0.589619E+00
    0.589619E+00    0.589619E+00    0.589619E+00    0.589619E+00
    0.589619E+00    0.589619E+00    0.589619E+00    0.589619E+00
    0.668682E+00    0.668682E+00    0.668682E+00    0.668682E+00
    0.668682E+00    0.668682E+00    0.668682E+00    0.668682E+00
    0.195921E+02    0.195921E+02    0.195921E+02    0.195921E+02
    0.191385E+02    0.188201E+02    0.185771E+02    0.183342E+02
    0.180912E+02    0.178483E+02    0.176054E+02    0.173624E+02
    0.171859E+02    0.170217E+02    0.168576E+02    0.166934E+02
    0.165293E+02    0.163651E+02    0.158626E+02    0.153601E+02
    0.148576E+02    0.143551E+02    0.138526E+02    0.126871E+02
    0.114944E+02    0.103016E+02    0.910890E+01    0.694976E+01
    0.646107E+01    0.599921E+01    0.556094E+01    0.512623E+01
    0.470219E+01    0.427815E+01    0.346257E+01    0.266965E+01
    0.205731E+01    0.141121E+01    0.902395E+00    0.508504E+00
    0.441223E+00    0.389658E+00    0.352390E+00    0.388015E+00
    0.388015E+00    0.388015E+00    0.435545E+00    0.435545E+00
    0.419116E+00    0.419116E+00    0.294423E+00    0.464102E+00
    0.622790E+00    0.694563E+00    0.728596E+00    0.759973E+00
    0.779836E+00    0.817942E+00    0.821198E+00    0.811150E+00
    0.806201E+00    0.820134E+00    0.828720E+00    0.787721E+00
    0.710550E+00    0.710550E+00    0.716284E+00    0.716284E+00
    0.695971E+00    0.664098E+00    0.635291E+00    0.635291E+00
    0.635291E+00    0.560369E+00    0.560369E+00    0.560369E+00
    0.560369E+00    0.525105E+00    0.525105E+00    0.545992E+00
    0.545992E+00    0.545992E+00    0.545992E+00    0.545992E+00
    0.545992E+00    0.589619E+00    0.589619E+00    0.589619E+00
    0.589619E+00    0.589619E+00    0.589619E+00    0.589619E+00
    0.589619E+00    0.589619E+00    0.589619E+00    0.589619E+00
    0.589619E+00    0.589619E+00    0.589619E+00    0.589619E+00
    0.589619E+00    0.589619E+00    0.589619E+00    0.589619E+00
    0.589619E+00    0.589619E+00    0.589619E+00    0.589619E+00
    0.589619E+00    0.589619E+00    0.589619E+00    0.668682E+00
    0.668682E+00    0.668682E+00    0.668682E+00    0.668682E+00
    0.668682E+00    0.668682E+00    0.668682E+00    0.668682E+00
    0.668682E+00    0.197528E+02    0.197528E+02    0.197528E+02
    0.197529E+02    0.191385E+02    0.189025E+02    0.186579E+02
    0.184132E+02    0.181686E+02    0.179240E+02    0.176794E+02
    0.174348E+02    0.171902E+02    0.170429E+02    0.168955E+02
    0.167482E+02    0.166009E+02    0.164536E+02    0.159393E+02
    0.154249E+02    0.149106E+02    0.143963E+02    0.138820E+02
    0.126893E+02    0.114965E+02    0.103038E+02    0.914500E+01
    0.701194E+01    0.652332E+01    0.603478E+01    0.554624E+01
    0.509625E+01    0.468521E+01    0.427417E+01    0.346184E+01
    0.265160E+01    0.166015E+01    0.122059E+01    0.835010E+00
    0.597039E+00    0.502316E+00    0.422706E+00    0.356504E+00
    0.356504E+00    0.356504E+00    0.388015E+00    0.388015E+00
    0.419116E+00    0.419116E+00    0.294423E+00    0.294423E+00
    0.313120E+00    0.513777E+00    0.618934E+00    0.675794E+00
    0.723177E+00    0.766460E+00    0.823431E+00    0.848049E+00
    0.854175E+00    0.864300E+00    0.888419E+00    0.906217E+00
    0.888357E+00    0.811827E+00    0.725844E+00    0.716284E+00
    0.716284E+00    0.695971E+00    0.664098E+00    0.635291E+00
    0.635291E+00    0.560369E+00    0.560369E+00    0.560369E+00
    0.560369E+00    0.525105E+00    0.525105E+00    0.545992E+00
    0.545992E+00    0.545992E+00    0.545992E+00    0.545992E+00
    0.545992E+00    0.589619E+00    0.589619E+00    0.589619E+00
    0.589619E+00    0.589619E+00    0.589619E+00    0.589619E+00
    0.589619E+00    0.589619E+00    0.589619E+00    0.589619E+00
    0.589619E+00    0.589619E+00    0.589619E+00    0.589619E+00
    0.589619E+00    0.589619E+00    0.589619E+00    0.589619E+00
    0.589619E+00    0.589619E+00    0.589619E+00    0.589619E+00
    0.589619E+00    0.668682E+00    0.668682E+00    0.668682E+00
    0.668682E+00    0.668682E+00    0.668682E+00    0.668682E+00
    0.668682E+00    0.668682E+00    0.668682E+00    0.668682E+00
    0.668682E+00    0.668682E+00    0.199136E+02    0.199136E+02
    0.199136E+02    0.199136E+02    0.191718E+02    0.189014E+02
    0.186547E+02    0.184079E+02    0.181612E+02    0.179145E+02
    0.176677E+02    0.174210E+02    0.171743E+02    0.170372E+02
    0.169001E+02    0.167630E+02    0.166259E+02    0.164889E+02
    0.159665E+02    0.154441E+02    0.149217E+02    0.143993E+02
    0.138770E+02    0.126843E+02    0.114916E+02    0.103401E+02
    0.921572E+01    0.701871E+01    0.650768E+01    0.599667E+01
    0.548566E+01    0.499689E+01    0.457483E+01    0.415277E+01
    0.347680E+01    0.272365E+01    0.154341E+01    0.115289E+01
    0.833829E+00    0.646959E+00    0.551718E+00    0.447828E+00
    0.357683E+00    0.357683E+00    0.357683E+00    0.357683E+00
    0.357683E+00    0.419116E+00    0.294423E+00    0.254230E+00
    0.254230E+00    0.254230E+00    0.477684E+00    0.626509E+00
    0.689050E+00    0.741525E+00    0.789919E+00    0.832109E+00
    0.882546E+00    0.913291E+00    0.940286E+00    0.974725E+00
    0.996191E+00    0.989681E+00    0.964311E+00    0.871616E+00
    0.810080E+00    0.743373E+00    0.695971E+00    0.664098E+00
    0.635291E+00    0.635291E+00    0.560369E+00    0.560369E+00
    0.560369E+00    0.525105E+00    0.525105E+00    0.545992E+00
    0.545992E+00    0.545992E+00    0.545992E+00    0.545992E+00
    0.589619E+00    0.589619E+00    0.589619E+00    0.589619E+00
    0.589619E+00    0.589619E+00    0.589619E+00    0.589619E+00
    0.589619E+00    0.589619E+00    0.589619E+00    0.589619E+00
    0.589619E+00    0.589619E+00    0.589619E+00    0.589619E+00
    0.589619E+00    0.589619E+00    0.589619E+00    0.589619E+00
    0.589619E+00    0.589619E+00    0.589619E+00    0.589619E+00
    0.668682E+00    0.668682E+00    0.668682E+00    0.668682E+00
    0.668682E+00    0.668682E+00    0.668682E+00    0.668682E+00
    0.668682E+00    0.668682E+00    0.668682E+00    0.668682E+00
    0.668682E+00    0.668682E+00    0.668682E+00    0.200744E+02
    0.200744E+02    0.200744E+02    0.200744E+02    0.193326E+02
    0.189003E+02    0.186515E+02    0.184026E+02    0.181537E+02
    0.179049E+02    0.176560E+02    0.174072E+02    0.171583E+02
    0.170315E+02    0.169047E+02    0.167778E+02    0.166510E+02
    0.165242E+02    0.159937E+02    0.154633E+02    0.149328E+02
    0.144024E+02    0.138719E+02    0.126793E+02    0.115352E+02
    0.104108E+02    0.928644E+01    0.701157E+01    0.647245E+01
    0.593333E+01    0.539421E+01    0.488009E+01    0.444097E+01
    0.400185E+01    0.333090E+01    0.258696E+01    0.149936E+01
    0.110544E+01    0.832130E+00    0.656176E+00    0.548643E+00
    0.430181E+00    0.357683E+00    0.357683E+00    0.357683E+00
    0.357683E+00    0.357683E+00    0.254230E+00    0.254230E+00
    0.254230E+00    0.254230E+00    0.254230E+00    0.482858E+00
    0.682749E+00    0.764639E+00    0.808693E+00    0.840759E+00
    0.871723E+00    0.919505E+00    0.942926E+00    0.969803E+00
    0.995253E+00    0.100819E+01    0.100346E+01    0.977015E+00
    0.928674E+00    0.871951E+00    0.809234E+00    0.728186E+00
    0.665126E+00    0.615251E+00    0.584633E+00    0.560369E+00
    0.560369E+00    0.525105E+00    0.525105E+00    0.545992E+00
    0.545992E+00    0.545992E+00    0.545992E+00    0.545992E+00
    0.589619E+00    0.589619E+00    0.589619E+00    0.589619E+00
    0.589619E+00    0.589619E+00    0.589619E+00    0.589619E+00
    0.589619E+00    0.589619E+00    0.589619E+00    0.589619E+00
    0.589619E+00    0.589619E+00    0.589619E+00    0.589619E+00
    0.589619E+00    0.589619E+00    0.589619E+00    0.589619E+00
    0.589619E+00    0.589619E+00    0.668682E+00    0.668682E+00
    0.668682E+00    0.668682E+00    0.668682E+00    0.668682E+00
    0.668682E+00    0.668682E+00    0.668682E+00    0.668682E+00
    0.668682E+00    0.668682E+00    0.668682E+00    0.668682E+00
    0.668682E+00    0.668682E+00    0.668682E+00    0.586850E+00
    0.202352E+02    0.202352E+02    0.202352E+02    0.202352E+02
    0.194934E+02    0.188992E+02    0.186483E+02    0.183973E+02
    0.181463E+02    0.178953E+02    0.176443E+02    0.173934E+02
    0.171424E+02    0.170258E+02    0.169092E+02    0.167926E+02
    0.166761E+02    0.165595E+02    0.160210E+02    0.154825E+02
    0.149440E+02    0.144055E+02    0.138669E+02    0.127303E+02
    0.116059E+02    0.104815E+02    0.935716E+01    0.696717E+01
    0.636911E+01    0.579449E+01    0.525046E+01    0.472671E+01
    0.426385E+01    0.380098E+01    0.312733E+01    0.247243E+01
    0.153511E+01    0.116121E+01    0.855917E+00    0.633348E+00
    0.535076E+00    0.409851E+00    0.409851E+00    0.409851E+00
    0.357683E+00    0.357683E+00    0.357683E+00    0.281488E+00
    0.254230E+00    0.254230E+00    0.576845E+00    0.576845E+00
    0.576845E+00    0.792488E+00    0.859669E+00    0.887616E+00
    0.917354E+00    0.920809E+00    0.945242E+00    0.952669E+00
    0.970621E+00    0.992218E+00    0.996705E+00    0.987093E+00
    0.937289E+00    0.874572E+00    0.839088E+00    0.800497E+00
    0.777813E+00    0.756082E+00    0.695691E+00    0.606838E+00
    0.545710E+00    0.525105E+00    0.525105E+00    0.545992E+00
    0.545992E+00    0.545992E+00    0.545992E+00    0.565095E+00
    0.589619E+00    0.589619E+00    0.589619E+00    0.589619E+00
    0.589619E+00    0.589619E+00    0.589619E+00    0.589619E+00
    0.589619E+00    0.589619E+00    0.589619E+00    0.589619E+00
    0.589619E+00    0.589619E+00    0.589619E+00    0.589619E+00
    0.589619E+00    0.589619E+00    0.589619E+00    0.589619E+00
    0.589619E+00    0.668682E+00    0.668682E+00    0.668682E+00
    0.668682E+00    0.668682E+00    0.668682E+00    0.668682E+00
    0.668682E+00    0.668682E+00    0.668682E+00    0.668682E+00
    0.668682E+00    0.668682E+00    0.668682E+00    0.668682E+00
    0.668682E+00    0.668682E+00    0.586850E+00    0.586850E+00
    0.586850E+00    0.203959E+02    0.203959E+02    0.203959E+02
    0.203959E+02    0.196401E+02    0.187750E+02    0.184912E+02
    0.182369E+02    0.179856E+02    0.177343E+02    0.174830E+02
    0.172316E+02    0.169803E+02    0.168597E+02    0.167390E+02
    0.166184E+02    0.164977E+02    0.163771E+02    0.158352E+02
    0.152934E+02    0.147515E+02    0.142096E+02    0.136678E+02
    0.125434E+02    0.114190E+02    0.102946E+02    0.921712E+01
    0.691491E+01    0.631668E+01    0.571873E+01    0.512078E+01
    0.456557E+01    0.407754E+01    0.358951E+01    0.301880E+01
    0.246164E+01    0.185712E+01    0.133149E+01    0.892875E+00
    0.655508E+00    0.565995E+00    0.440295E+00    0.440295E+00
    0.440295E+00    0.440295E+00    0.440295E+00    0.281488E+00
    0.281488E+00    0.281488E+00    0.281488E+00    0.475702E+00
    0.688928E+00    0.688928E+00    0.944573E+00    0.971887E+00
    0.955000E+00    0.953820E+00    0.951862E+00    0.953707E+00
    0.950722E+00    0.924983E+00    0.897877E+00    0.901221E+00
    0.850088E+00    0.816967E+00    0.798633E+00    0.793335E+00
    0.794145E+00    0.804167E+00    0.814097E+00    0.806695E+00
    0.703733E+00    0.564087E+00    0.516677E+00    0.545992E+00
    0.545992E+00    0.545992E+00    0.565095E+00    0.565095E+00
    0.589619E+00    0.589619E+00    0.589619E+00    0.589619E+00
    0.589619E+00    0.589619E+00    0.589619E+00    0.589619E+00
    0.589619E+00    0.589619E+00    0.589619E+00    0.589619E+00
    0.589619E+00    0.589619E+00    0.589619E+00    0.589619E+00
    0.589619E+00    0.589619E+00    0.589619E+00    0.668682E+00
    0.668682E+00    0.668682E+00    0.668682E+00    0.668682E+00
    0.668682E+00    0.668682E+00    0.668682E+00    0.668682E+00
    0.668682E+00    0.668682E+00    0.668682E+00    0.668682E+00
    0.668682E+00    0.668682E+00    0.668682E+00    0.668682E+00
    0.668682E+00    0.586850E+00    0.586850E+00    0.586850E+00
    0.586850E+00    0.586850E+00    0.205567E+02    0.205567E+02
    0.205567E+02    0.205567E+02    0.195116E+02    0.186464E+02
    0.183626E+02    0.180788E+02    0.177953E+02    0.175440E+02
    0.172926E+02    0.170413E+02    0.167900E+02    0.166625E+02
    0.165351E+02    0.164076E+02    0.162801E+02    0.161526E+02
    0.156083E+02    0.150640E+02    0.145197E+02    0.139753E+02
    0.134310E+02    0.123067E+02    0.111823E+02    0.101139E+02
    0.907421E+01    0.686496E+01    0.625644E+01    0.564813E+01
    0.503981E+01    0.445084E+01    0.391993E+01    0.338901E+01
    0.287857E+01    0.237496E+01    0.186020E+01    0.135057E+01
    0.965059E+00    0.800667E+00    0.661499E+00    0.512270E+00
    0.512270E+00    0.512270E+00    0.512270E+00    0.512270E+00
    0.281488E+00    0.281488E+00    0.281488E+00    0.281488E+00
    0.475702E+00    0.475702E+00    0.898059E+00    0.100777E+01
    0.998200E+00    0.963854E+00    0.957159E+00    0.962479E+00
    0.955305E+00    0.922820E+00    0.885258E+00    0.837176E+00
    0.793521E+00    0.770280E+00    0.757362E+00    0.765826E+00
    0.787185E+00    0.814677E+00    0.861027E+00    0.908581E+00
    0.933479E+00    0.848666E+00    0.699181E+00    0.567299E+00
    0.545299E+00    0.545299E+00    0.565095E+00    0.565095E+00
    0.589619E+00    0.589619E+00    0.589619E+00    0.589619E+00
    0.589619E+00    0.589619E+00    0.589619E+00    0.589619E+00
    0.589619E+00    0.589619E+00    0.589619E+00    0.589619E+00
    0.589619E+00    0.589619E+00    0.589619E+00    0.589619E+00
    0.589619E+00    0.589619E+00    0.668682E+00    0.668682E+00
    0.668682E+00    0.668682E+00    0.668682E+00    0.668682E+00
    0.668682E+00    0.668682E+00    0.668682E+00    0.668682E+00
    0.668682E+00    0.668682E+00    0.668682E+00    0.668682E+00
    0.668682E+00    0.668682E+00    0.668682E+00    0.668682E+00
    0.586850E+00    0.586850E+00    0.586850E+00    0.586850E+00
    0.586850E+00    0.586850E+00    0.586850E+00    0.205441E+02
    0.205441E+02    0.205441E+02    0.205441E+02    0.193830E+02
    0.185178E+02    0.182340E+02    0.179502E+02    0.176664E+02
    0.173826E+02    0.171023E+02    0.168510E+02    0.165997E+02
    0.164654E+02    0.163311E+02    0.161968E+02    0.160625E+02
    0.159281E+02    0.153814E+02    0.148346E+02    0.142878E+02
    0.137410E+02    0.131942E+02    0.120699E+02    0.110107E+02
    0.997102E+01    0.893130E+01    0.681551E+01    0.619483E+01
    0.557434E+01    0.495384E+01    0.434424E+01    0.376733E+01
    0.319042E+01    0.271567E+01    0.227499E+01    0.183546E+01
    0.149799E+01    0.114241E+01    0.867064E+00    0.745608E+00
    0.595343E+00    0.595343E+00    0.595343E+00    0.595343E+00
    0.595343E+00    0.281488E+00    0.281488E+00    0.281488E+00
    0.281488E+00    0.281488E+00    0.726807E+00    0.928327E+00
    0.968389E+00    0.974748E+00    0.956326E+00    0.966595E+00
    0.972185E+00    0.952577E+00    0.919183E+00    0.874811E+00
    0.811294E+00    0.779307E+00    0.776738E+00    0.794660E+00
    0.816284E+00    0.849240E+00    0.894172E+00    0.935503E+00
    0.100842E+01    0.101922E+01    0.963805E+00    0.834005E+00
    0.672987E+00    0.590864E+00    0.565095E+00    0.565095E+00
    0.589619E+00    0.589619E+00    0.589619E+00    0.589619E+00
    0.589619E+00    0.589619E+00    0.589619E+00    0.589619E+00
    0.589619E+00    0.589619E+00    0.589619E+00    0.589619E+00
    0.589619E+00    0.589619E+00    0.589619E+00    0.589619E+00
    0.668682E+00    0.668682E+00    0.668682E+00    0.668682E+00
    0.668682E+00    0.668682E+00    0.668682E+00    0.668682E+00
    0.668682E+00    0.668682E+00    0.668682E+00    0.668682E+00
    0.668682E+00    0.668682E+00    0.668682E+00    0.668682E+00
    0.668682E+00    0.668682E+00    0.668682E+00    0.586850E+00
    0.586850E+00    0.586850E+00    0.586850E+00    0.586850E+00
    0.586850E+00    0.586850E+00    0.586850E+00    0.586850E+00
    0.205042E+02    0.205042E+02    0.205042E+02    0.205042E+02
    0.192386E+02    0.183892E+02    0.181054E+02    0.178216E+02
    0.175378E+02    0.172540E+02    0.169702E+02    0.166864E+02
    0.164094E+02    0.162682E+02    0.161271E+02    0.159859E+02
    0.158448E+02    0.157037E+02    0.151544E+02    0.146052E+02
    0.140560E+02    0.135067E+02    0.129575E+02    0.119075E+02
    0.108678E+02    0.982810E+01    0.878839E+01    0.647233E+01
    0.602694E+01    0.552265E+01    0.490066E+01    0.428552E+01
    0.369089E+01    0.309627E+01    0.264628E+01    0.224453E+01
    0.186623E+01    0.155009E+01    0.118888E+01    0.926778E+00
    0.785188E+00    0.644000E+00    0.644000E+00    0.644000E+00
    0.644000E+00    0.644000E+00    0.462092E+00    0.462092E+00
    0.462092E+00    0.462092E+00    0.462092E+00    0.705523E+00
    0.955482E+00    0.101203E+01    0.103584E+01    0.102944E+01
    0.100590E+01    0.100759E+01    0.976919E+00    0.962194E+00
    0.897731E+00    0.842289E+00    0.784293E+00    0.805590E+00
    0.843960E+00    0.878820E+00    0.923765E+00    0.957661E+00
    0.102319E+01    0.108153E+01    0.110268E+01    0.108581E+01
    0.978905E+00    0.800389E+00    0.642231E+00    0.562803E+00
    0.589619E+00    0.589619E+00    0.589619E+00    0.589619E+00
    0.589619E+00    0.589619E+00    0.589619E+00    0.589619E+00
    0.589619E+00    0.589619E+00    0.589619E+00    0.589619E+00
    0.589619E+00    0.589619E+00    0.589619E+00    0.668682E+00
    0.668682E+00    0.668682E+00    0.668682E+00    0.668682E+00
    0.668682E+00    0.668682E+00    0.668682E+00    0.668682E+00
    0.668682E+00    0.668682E+00    0.668682E+00    0.668682E+00
    0.668682E+00    0.668682E+00    0.668682E+00    0.668682E+00
    0.668682E+00    0.668682E+00    0.586850E+00    0.586850E+00
    0.586850E+00    0.586850E+00    0.586850E+00    0.586850E+00
    0.586850E+00    0.586850E+00    0.586850E+00    0.586850E+00
    0.586850E+00    0.204643E+02    0.204643E+02    0.204643E+02
    0.204643E+02    0.190868E+02    0.182324E+02    0.179332E+02
    0.176341E+02    0.173350E+02    0.170359E+02    0.167368E+02
    0.164376E+02    0.161385E+02    0.160020E+02    0.158654E+02
    0.157289E+02    0.155924E+02    0.154558E+02    0.149013E+02
    0.143468E+02    0.137923E+02    0.132377E+02    0.126832E+02
    0.116435E+02    0.106039E+02    0.956418E+01    0.857027E+01
    0.608787E+01    0.564258E+01    0.519736E+01    0.475213E+01
    0.423351E+01    0.362514E+01    0.301677E+01    0.259002E+01
    0.222382E+01    0.187219E+01    0.156429E+01    0.122751E+01
    0.916582E+00    0.762618E+00    0.633677E+00    0.633677E+00
    0.633677E+00    0.633677E+00    0.633677E+00    0.370911E+00
    0.370911E+00    0.370911E+00    0.370911E+00    0.370911E+00
    0.776884E+00    0.993758E+00    0.111109E+01    0.115674E+01
    0.112799E+01    0.108020E+01    0.103679E+01    0.103895E+01
    0.103146E+01    0.100085E+01    0.931976E+00    0.869682E+00
    0.879266E+00    0.905364E+00    0.950310E+00    0.991560E+00
    0.103975E+01    0.109729E+01    0.115304E+01    0.117559E+01
    0.115693E+01    0.105826E+01    0.894118E+00    0.733323E+00
    0.589433E+00    0.589619E+00    0.589619E+00    0.589619E+00
    0.589619E+00    0.589619E+00    0.589619E+00    0.589619E+00
    0.589619E+00    0.589619E+00    0.589619E+00    0.589619E+00
    0.589619E+00    0.589619E+00    0.668682E+00    0.668682E+00
    0.668682E+00    0.668682E+00    0.668682E+00    0.668682E+00
    0.668682E+00    0.668682E+00    0.668682E+00    0.668682E+00
    0.668682E+00    0.668682E+00    0.668682E+00    0.668682E+00
    0.668682E+00    0.668682E+00    0.668682E+00    0.668682E+00
    0.668682E+00    0.586850E+00    0.586850E+00    0.586850E+00
    0.586850E+00    0.586850E+00    0.586850E+00    0.586850E+00
    0.586850E+00    0.586850E+00    0.586850E+00    0.586850E+00
    0.586850E+00    0.586850E+00    0.204244E+02    0.204244E+02
    0.204244E+02    0.204244E+02    0.189698E+02    0.180720E+02
    0.177556E+02    0.174393E+02    0.171230E+02    0.168067E+02
    0.164904E+02    0.161740E+02    0.158577E+02    0.157272E+02
    0.155967E+02    0.154661E+02    0.153356E+02    0.152051E+02
    0.146450E+02    0.140848E+02    0.135246E+02    0.129644E+02
    0.124043E+02    0.113646E+02    0.103250E+02    0.933917E+01
    0.837440E+01    0.608212E+01    0.563689E+01    0.519167E+01
    0.474645E+01    0.426571E+01    0.367841E+01    0.309111E+01
    0.265357E+01    0.226596E+01    0.189827E+01    0.158294E+01
    0.111325E+01    0.859041E+00    0.682364E+00    0.633677E+00
    0.633677E+00    0.633677E+00    0.633677E+00    0.633677E+00
    0.347723E+00    0.347723E+00    0.347723E+00    0.347723E+00
    0.347723E+00    0.867136E+00    0.103241E+01    0.118543E+01
    0.121710E+01    0.116977E+01    0.108951E+01    0.103591E+01
    0.104860E+01    0.108147E+01    0.108235E+01    0.102828E+01
    0.100279E+01    0.983775E+00    0.100510E+01    0.102958E+01
    0.107410E+01    0.110896E+01    0.114318E+01    0.120032E+01
    0.122019E+01    0.119191E+01    0.110802E+01    0.967317E+00
    0.798501E+00    0.589433E+00    0.589433E+00    0.589619E+00
    0.589619E+00    0.589619E+00    0.589619E+00    0.589619E+00
    0.589619E+00    0.589619E+00    0.589619E+00    0.589619E+00
    0.767221E+00    0.767221E+00    0.668682E+00    0.668682E+00
    0.668682E+00    0.668682E+00    0.668682E+00    0.668682E+00
    0.668682E+00    0.668682E+00    0.668682E+00    0.668682E+00
    0.668682E+00    0.668682E+00    0.668682E+00    0.668682E+00
    0.668682E+00    0.668682E+00    0.668682E+00    0.668682E+00
    0.586850E+00    0.586850E+00    0.586850E+00    0.586850E+00
    0.586850E+00    0.586850E+00    0.586850E+00    0.586850E+00
    0.586850E+00    0.586850E+00    0.586850E+00    0.586850E+00
    0.586850E+00    0.586850E+00    0.586850E+00    0.203845E+02
    0.203845E+02    0.203845E+02    0.203845E+02    0.189299E+02
    0.179116E+02    0.175781E+02    0.172445E+02    0.169110E+02
    0.165775E+02    0.162439E+02    0.159104E+02    0.155769E+02
    0.154524E+02    0.153279E+02    0.152034E+02    0.150789E+02
    0.149544E+02    0.143886E+02    0.138228E+02    0.132570E+02
    0.126912E+02    0.121253E+02    0.110857E+02    0.101080E+02
    0.914328E+01    0.817853E+01    0.611717E+01    0.567195E+01
    0.522673E+01    0.478151E+01    0.430698E+01    0.374449E+01
    0.318201E+01    0.273001E+01    0.231486E+01    0.190633E+01
    0.148052E+01    0.104721E+01    0.747665E+00    0.682364E+00
    0.682364E+00    0.633677E+00    0.633677E+00    0.633677E+00
    0.633677E+00    0.187663E+00    0.187663E+00    0.473444E+00
    0.473444E+00    0.473444E+00    0.776002E+00    0.107003E+01
    0.117420E+01    0.117128E+01    0.112335E+01    0.105643E+01
    0.103169E+01    0.105800E+01    0.112998E+01    0.116831E+01
    0.114611E+01    0.113779E+01    0.113991E+01    0.113666E+01
    0.116201E+01    0.119899E+01    0.121200E+01    0.120983E+01
    0.122666E+01    0.121610E+01    0.118484E+01    0.112015E+01
    0.990852E+00    0.838948E+00    0.838948E+00    0.755712E+00
    0.755712E+00    0.728390E+00    0.728390E+00    0.728390E+00
    0.728390E+00    0.728390E+00    0.750001E+00    0.750001E+00
    0.767221E+00    0.767221E+00    0.668682E+00    0.668682E+00
    0.668682E+00    0.668682E+00    0.668682E+00    0.668682E+00
    0.668682E+00    0.668682E+00    0.668682E+00    0.668682E+00
    0.668682E+00    0.668682E+00    0.668682E+00    0.668682E+00
    0.668682E+00    0.668682E+00    0.668682E+00    0.586850E+00
    0.586850E+00    0.586850E+00    0.586850E+00    0.586850E+00
    0.586850E+00    0.586850E+00    0.586850E+00    0.586850E+00
    0.586850E+00    0.586850E+00    0.586850E+00    0.586850E+00
    0.586850E+00    0.586850E+00    0.586850E+00    0.586850E+00
    0.203446E+02    0.203446E+02    0.203446E+02    0.203446E+02
    0.188900E+02    0.177512E+02    0.174005E+02    0.170497E+02
    0.166990E+02    0.163483E+02    0.159975E+02    0.156468E+02
    0.152961E+02    0.151776E+02    0.150591E+02    0.149406E+02
    0.148221E+02    0.147037E+02    0.141322E+02    0.135608E+02
    0.129893E+02    0.124179E+02    0.118464E+02    0.108769E+02
    0.991213E+01    0.894740E+01    0.798266E+01    0.607043E+01
    0.566390E+01    0.524834E+01    0.480313E+01    0.432841E+01
    0.376512E+01    0.320183E+01    0.274817E+01    0.228210E+01
    0.165762E+01    0.134093E+01    0.995611E+00    0.689011E+00
    0.689011E+00    0.689011E+00    0.682364E+00    0.633677E+00
    0.633677E+00    0.187663E+00    0.187663E+00    0.187663E+00
    0.187663E+00    0.475374E+00    0.475374E+00    0.777459E+00
    0.945928E+00    0.103386E+01    0.103285E+01    0.101926E+01
    0.989165E+00    0.999054E+00    0.105858E+01    0.116664E+01
    0.121619E+01    0.125240E+01    0.125486E+01    0.124751E+01
    0.126149E+01    0.128536E+01    0.131918E+01    0.133118E+01
    0.130875E+01    0.125082E+01    0.121679E+01    0.115996E+01
    0.108177E+01    0.979204E+00    0.850092E+00    0.755712E+00
    0.755712E+00    0.728390E+00    0.728390E+00    0.728390E+00
    0.728390E+00    0.866890E+00    0.750001E+00    0.750001E+00
    0.767221E+00    0.767221E+00    0.668682E+00    0.668682E+00
    0.668682E+00    0.668682E+00    0.668682E+00    0.668682E+00
    0.668682E+00    0.668682E+00    0.668682E+00    0.668682E+00
    0.668682E+00    0.668682E+00    0.668682E+00    0.668682E+00
    0.668682E+00    0.668682E+00    0.586850E+00    0.586850E+00
    0.586850E+00    0.586850E+00    0.586850E+00    0.586850E+00
    0.586850E+00    0.586850E+00    0.586850E+00    0.586850E+00
    0.586850E+00    0.586850E+00    0.586850E+00    0.586850E+00
    0.586850E+00    0.586850E+00    0.586850E+00    0.586850E+00
    0.586850E+00    0.203047E+02    0.203047E+02    0.203047E+02
    0.203047E+02    0.188360E+02    0.176089E+02    0.172415E+02
    0.168852E+02    0.165335E+02    0.161818E+02    0.158301E+02
    0.154783E+02    0.151266E+02    0.150092E+02    0.148917E+02
    0.147743E+02    0.146569E+02    0.145395E+02    0.139786E+02
    0.134178E+02    0.128570E+02    0.122961E+02    0.117353E+02
    0.107706E+02    0.980586E+01    0.884114E+01    0.772625E+01
    0.601747E+01    0.561081E+01    0.520438E+01    0.479795E+01
    0.434831E+01    0.378226E+01    0.321621E+01    0.268229E+01
    0.215038E+01    0.145165E+01    0.120629E+01    0.962425E+00
    0.685099E+00    0.685099E+00    0.685099E+00    0.685099E+00
    0.685099E+00    0.633677E+00    0.187663E+00    0.187663E+00
    0.187663E+00    0.187663E+00    0.187663E+00    0.455522E+00
    0.674852E+00    0.800610E+00    0.849206E+00    0.877274E+00
    0.862521E+00    0.857872E+00    0.885152E+00    0.980514E+00
    0.109296E+01    0.120564E+01    0.123058E+01    0.125496E+01
    0.126818E+01    0.128561E+01    0.130916E+01    0.136121E+01
    0.137279E+01    0.133216E+01    0.125149E+01    0.116839E+01
    0.107308E+01    0.100307E+01    0.917911E+00    0.856145E+00
    0.814246E+00    0.728390E+00    0.728390E+00    0.728390E+00
    0.866890E+00    0.866890E+00    0.750001E+00    0.750001E+00
    0.767221E+00    0.767221E+00    0.668682E+00    0.668682E+00
    0.668682E+00    0.668682E+00    0.668682E+00    0.668682E+00
    0.668682E+00    0.668682E+00    0.668682E+00    0.668682E+00
    0.668682E+00    0.668682E+00    0.668682E+00    0.668682E+00
    0.668682E+00    0.586850E+00    0.586850E+00    0.586850E+00
    0.586850E+00    0.586850E+00    0.586850E+00    0.586850E+00
    0.586850E+00    0.586850E+00    0.586850E+00    0.586850E+00
    0.586850E+00    0.586850E+00    0.586850E+00    0.586850E+00
    0.586850E+00    0.586850E+00    0.586850E+00    0.586850E+00
    0.586850E+00    0.586850E+00    0.202648E+02    0.202648E+02
    0.202648E+02    0.202648E+02    0.187031E+02    0.174759E+02
    0.171086E+02    0.167412E+02    0.163738E+02    0.160192E+02
    0.156674E+02    0.153157E+02    0.149640E+02    0.148473E+02
    0.147306E+02    0.146139E+02    0.144973E+02    0.143806E+02
    0.138314E+02    0.132822E+02    0.127329E+02    0.121837E+02
    0.116345E+02    0.106698E+02    0.970510E+01    0.856593E+01
    0.737673E+01    0.599831E+01    0.557191E+01    0.514555E+01
    0.471918E+01    0.425150E+01    0.365987E+01    0.306823E+01
    0.252138E+01    0.200913E+01    0.136025E+01    0.112425E+01
    0.877132E+00    0.611180E+00    0.611180E+00    0.611180E+00
    0.611180E+00    0.611180E+00    0.611180E+00    0.268380E+00
    0.268380E+00    0.268380E+00    0.268380E+00    0.268380E+00
    0.521161E+00    0.672082E+00    0.732187E+00    0.777311E+00
    0.803484E+00    0.776068E+00    0.724062E+00    0.760042E+00
    0.862105E+00    0.961361E+00    0.108496E+01    0.115292E+01
    0.120097E+01    0.124449E+01    0.125000E+01    0.124513E+01
    0.125007E+01    0.129439E+01    0.126422E+01    0.117265E+01
    0.108022E+01    0.972557E+00    0.903786E+00    0.869900E+00
    0.854857E+00    0.868852E+00    0.912185E+00    0.912185E+00
    0.866890E+00    0.866890E+00    0.750001E+00    0.750001E+00
    0.767221E+00    0.767221E+00    0.668682E+00    0.668682E+00
    0.668682E+00    0.668682E+00    0.668682E+00    0.668682E+00
    0.668682E+00    0.668682E+00    0.668682E+00    0.668682E+00
    0.668682E+00    0.668682E+00    0.668682E+00    0.668682E+00
    0.770430E+00    0.586850E+00    0.586850E+00    0.586850E+00
    0.586850E+00    0.586850E+00    0.586850E+00    0.586850E+00
    0.586850E+00    0.586850E+00    0.586850E+00    0.586850E+00
    0.586850E+00    0.586850E+00    0.586850E+00    0.586850E+00
    0.586850E+00    0.586850E+00    0.586850E+00    0.586850E+00
    0.586850E+00    0.586850E+00    0.586850E+00    0.201171E+02
    0.201171E+02    0.201171E+02    0.200892E+02    0.185702E+02
    0.173430E+02    0.169757E+02    0.166083E+02    0.162409E+02
    0.158736E+02    0.155062E+02    0.151531E+02    0.148014E+02
    0.146854E+02    0.145695E+02    0.144536E+02    0.143376E+02
    0.142217E+02    0.136841E+02    0.131465E+02    0.126089E+02
    0.120713E+02    0.115337E+02    0.105690E+02    0.940558E+01
    0.821640E+01    0.696839E+01    0.598095E+01    0.553368E+01
    0.508644E+01    0.463920E+01    0.414920E+01    0.353091E+01
    0.291261E+01    0.238218E+01    0.188193E+01    0.124961E+01
    0.103780E+01    0.785008E+00    0.611180E+00    0.611180E+00
    0.611180E+00    0.611180E+00    0.611180E+00    0.387175E+00
    0.387175E+00    0.387175E+00    0.387175E+00    0.387175E+00
    0.387175E+00    0.686946E+00    0.834780E+00    0.900205E+00
    0.916919E+00    0.921782E+00    0.850576E+00    0.724062E+00
    0.760042E+00    0.840685E+00    0.909999E+00    0.984855E+00
    0.108421E+01    0.113158E+01    0.110496E+01    0.108064E+01
    0.965914E+00    0.882889E+00    0.821370E+00    0.924558E+00
    0.954631E+00    0.914698E+00    0.868364E+00    0.854958E+00
    0.872310E+00    0.903382E+00    0.916168E+00    0.942138E+00
    0.866890E+00    0.866890E+00    0.750001E+00    0.750001E+00
    0.767221E+00    0.767221E+00    0.668682E+00    0.668682E+00
    0.668682E+00    0.668682E+00    0.668682E+00    0.668682E+00
    0.668682E+00    0.668682E+00    0.668682E+00    0.668682E+00
    0.668682E+00    0.742679E+00    0.742679E+00    0.770430E+00
    0.770430E+00    0.586850E+00    0.586850E+00    0.586850E+00
    0.586850E+00    0.586850E+00    0.586850E+00    0.586850E+00
    0.586850E+00    0.586850E+00    0.586850E+00    0.586850E+00
    0.586850E+00    0.586850E+00    0.586850E+00    0.586850E+00
    0.586850E+00    0.586850E+00    0.586850E+00    0.586850E+00
    0.586850E+00    0.586850E+00    0.586850E+00    0.586850E+00
    0.199658E+02    0.199658E+02    0.199343E+02    0.199003E+02
    0.185283E+02    0.172101E+02    0.168427E+02    0.164754E+02
    0.161080E+02    0.157407E+02    0.153733E+02    0.150059E+02
    0.146387E+02    0.145236E+02    0.144084E+02    0.142932E+02
    0.141780E+02    0.140628E+02    0.135369E+02    0.130109E+02
    0.124849E+02    0.119589E+02    0.114329E+02    0.102452E+02
    0.905604E+01    0.786687E+01    0.675664E+01    0.588669E+01
    0.521352E+01    0.493758E+01    0.448995E+01    0.400011E+01
    0.338362E+01    0.276712E+01    0.219942E+01    0.168985E+01
    0.111942E+01    0.917731E+00    0.785008E+00    0.785008E+00
    0.611180E+00    0.611180E+00    0.611180E+00    0.611180E+00
    0.486359E+00    0.486359E+00    0.486359E+00    0.486359E+00
    0.486359E+00    0.486359E+00    0.870193E+00    0.104958E+01
    0.113602E+01    0.113936E+01    0.110369E+01    0.102484E+01
    0.921348E+00    0.857512E+00    0.910765E+00    0.951575E+00
    0.972407E+00    0.100526E+01    0.101101E+01    0.985459E+00
    0.842572E+00    0.535258E+00    0.882889E+00    0.821370E+00
    0.346631E+00    0.669881E+00    0.732259E+00    0.801436E+00
    0.850425E+00    0.898050E+00    0.945053E+00    0.986473E+00
    0.101152E+01    0.965874E+00    0.750001E+00    0.750001E+00
    0.767221E+00    0.767221E+00    0.668682E+00    0.668682E+00
    0.668682E+00    0.668682E+00    0.668682E+00    0.668682E+00
    0.668682E+00    0.668682E+00    0.668682E+00    0.742679E+00
    0.742679E+00    0.742679E+00    0.770430E+00    0.770430E+00
    0.586850E+00    0.586850E+00    0.586850E+00    0.586850E+00
    0.586850E+00    0.586850E+00    0.586850E+00    0.586850E+00
    0.586850E+00    0.586850E+00    0.586850E+00    0.586850E+00
    0.586850E+00    0.586850E+00    0.586850E+00    0.586850E+00
    0.586850E+00    0.586850E+00    0.586850E+00    0.586850E+00
    0.586850E+00    0.586850E+00    0.586850E+00    0.586850E+00
    0.586850E+00    0.198133E+02    0.197793E+02    0.197454E+02
    0.197115E+02    0.185113E+02    0.171897E+02    0.168167E+02
    0.164436E+02    0.160705E+02    0.156974E+02    0.153244E+02
    0.149513E+02    0.145782E+02    0.143990E+02    0.142197E+02
    0.140405E+02    0.138612E+02    0.136820E+02    0.128592E+02
    0.121317E+02    0.116058E+02    0.110798E+02    0.105539E+02
    0.953387E+01    0.851381E+01    0.749374E+01    0.651836E+01
    0.567705E+01    0.483575E+01    0.444058E+01    0.419064E+01
    0.384971E+01    0.323554E+01    0.262138E+01    0.205382E+01
    0.150363E+01    0.102278E+01    0.843266E+00    0.843266E+00
    0.843266E+00    0.785008E+00    0.611180E+00    0.611180E+00
    0.611180E+00    0.541621E+00    0.541621E+00    0.541621E+00
    0.541621E+00    0.541621E+00    0.541621E+00    0.948069E+00
    0.119362E+01    0.129496E+01    0.132866E+01    0.131553E+01
    0.127604E+01    0.118711E+01    0.112147E+01    0.108521E+01
    0.107963E+01    0.103824E+01    0.993683E+00    0.933250E+00
    0.838227E+00    0.842572E+00    0.535258E+00    0.535258E+00
    0.346631E+00    0.346631E+00    0.669881E+00    0.468683E+00
    0.570738E+00    0.759772E+00    0.883046E+00    0.978861E+00
    0.106303E+01    0.109769E+01    0.109372E+01    0.937845E+00
    0.767221E+00    0.767221E+00    0.668682E+00    0.668682E+00
    0.668682E+00    0.668682E+00    0.668682E+00    0.668682E+00
    0.668682E+00    0.742679E+00    0.742679E+00    0.742679E+00
    0.742679E+00    0.770430E+00    0.770430E+00    0.770430E+00
    0.586850E+00    0.586850E+00    0.586850E+00    0.586850E+00
    0.586850E+00    0.586850E+00    0.586850E+00    0.586850E+00
    0.586850E+00    0.586850E+00    0.586850E+00    0.586850E+00
    0.586850E+00    0.586850E+00    0.586850E+00    0.586850E+00
    0.586850E+00    0.586850E+00    0.586850E+00    0.586850E+00
    0.586850E+00    0.586850E+00    0.586850E+00    0.586850E+00
    0.586850E+00    0.586850E+00    0.196244E+02    0.195905E+02
    0.195566E+02    0.195226E+02    0.184229E+02    0.171700E+02
    0.167912E+02    0.164124E+02    0.160336E+02    0.156547E+02
    0.152759E+02    0.148971E+02    0.145183E+02    0.142746E+02
    0.140309E+02    0.137872E+02    0.135436E+02    0.132999E+02
    0.124771E+02    0.116544E+02    0.108316E+02    0.101964E+02
    0.967047E+01    0.882048E+01    0.797047E+01    0.712046E+01
    0.627262E+01    0.543856E+01    0.487556E+01    0.445112E+01
    0.407288E+01    0.363733E+01    0.302893E+01    0.241477E+01
    0.178769E+01    0.140341E+01    0.100400E+01    0.761593E+00
    0.761593E+00    0.761593E+00    0.761593E+00    0.761593E+00
    0.611180E+00    0.611180E+00    0.610203E+00    0.610203E+00
    0.610203E+00    0.610203E+00    0.610203E+00    0.610203E+00
    0.974014E+00    0.125192E+01    0.138271E+01    0.141100E+01
    0.142490E+01    0.139801E+01    0.134613E+01    0.128363E+01
    0.122695E+01    0.118304E+01    0.114112E+01    0.106311E+01
    0.948261E+00    0.753981E+00    0.538422E+00    0.538422E+00
    0.538422E+00    0.346631E+00    0.346631E+00    0.468683E+00
    0.468683E+00    0.570738E+00    0.542528E+00    0.777984E+00
    0.945483E+00    0.104289E+01    0.116711E+01    0.120325E+01
    0.109703E+01    0.905197E+00    0.668682E+00    0.668682E+00
    0.668682E+00    0.668682E+00    0.668682E+00    0.668682E+00
    0.742679E+00    0.742679E+00    0.742679E+00    0.742679E+00
    0.770430E+00    0.770430E+00    0.770430E+00    0.586850E+00
    0.586850E+00    0.586850E+00    0.586850E+00    0.586850E+00
    0.586850E+00    0.586850E+00    0.586850E+00    0.586850E+00
    0.586850E+00    0.586850E+00    0.586850E+00    0.586850E+00
    0.586850E+00    0.586850E+00    0.586850E+00    0.586850E+00
    0.586850E+00    0.586850E+00    0.586850E+00    0.586850E+00
    0.586850E+00    0.586850E+00    0.586850E+00    0.586850E+00
    0.586850E+00    0.586850E+00    0.586850E+00    0.194356E+02
    0.194016E+02    0.193677E+02    0.193338E+02    0.182341E+02
    0.171503E+02    0.167657E+02    0.163812E+02    0.159966E+02
    0.156120E+02    0.152275E+02    0.148429E+02    0.144583E+02
    0.141502E+02    0.138421E+02    0.135340E+02    0.132259E+02
    0.129178E+02    0.120950E+02    0.112723E+02    0.104495E+02
    0.962672E+01    0.879805E+01    0.811227E+01    0.742658E+01
    0.674089E+01    0.609612E+01    0.553212E+01    0.496810E+01
    0.445078E+01    0.394901E+01    0.342081E+01    0.281331E+01
    0.215278E+01    0.154908E+01    0.129414E+01    0.100302E+01
    0.727691E+00    0.727691E+00    0.727691E+00    0.727691E+00
    0.727691E+00    0.727691E+00    0.727691E+00    0.667929E+00
    0.667929E+00    0.667929E+00    0.667929E+00    0.667929E+00
    0.667929E+00    0.102330E+01    0.128689E+01    0.139364E+01
    0.144254E+01    0.145605E+01    0.143658E+01    0.137981E+01
    0.130823E+01    0.125866E+01    0.121137E+01    0.116973E+01
    0.109327E+01    0.942427E+00    0.809196E+00    0.499935E+00
    0.499935E+00    0.499935E+00    0.499935E+00    0.468683E+00
    0.468683E+00    0.468683E+00    0.395629E+00    0.395629E+00
    0.670192E+00    0.874686E+00    0.104719E+01    0.116632E+01
    0.124676E+01    0.125760E+01    0.101948E+01    0.724075E+00
    0.724075E+00    0.724075E+00    0.742679E+00    0.742679E+00
    0.742679E+00    0.742679E+00    0.742679E+00    0.770430E+00
    0.770430E+00    0.770430E+00    0.770430E+00    0.586850E+00
    0.586850E+00    0.586850E+00    0.586850E+00    0.586850E+00
    0.586850E+00    0.586850E+00    0.586850E+00    0.586850E+00
    0.586850E+00    0.586850E+00    0.586850E+00    0.586850E+00
    0.586850E+00    0.586850E+00    0.586850E+00    0.586850E+00
    0.586850E+00    0.586850E+00    0.586850E+00    0.586850E+00
    0.586850E+00    0.586850E+00    0.586850E+00    0.586850E+00
    0.586850E+00    0.586850E+00    0.586850E+00    0.586850E+00
    0.192467E+02    0.192128E+02    0.191789E+02    0.191449E+02
    0.180453E+02    0.171143E+02    0.167243E+02    0.163343E+02
    0.159442E+02    0.155542E+02    0.151642E+02    0.147741E+02
    0.143841E+02    0.140123E+02    0.136405E+02    0.132687E+02
    0.128970E+02    0.125252E+02    0.120063E+02    0.114874E+02
    0.109685E+02    0.104496E+02    0.823835E+01    0.755254E+01
    0.690197E+01    0.638035E+01    0.584065E+01    0.524672E+01
    0.465279E+01    0.413806E+01    0.364974E+01    0.313163E+01
    0.254605E+01    0.197764E+01    0.145375E+01    0.119279E+01
    0.912941E+00    0.653650E+00    0.653650E+00    0.653650E+00
    0.653650E+00    0.653650E+00    0.653650E+00    0.653650E+00
    0.688064E+00    0.688064E+00    0.688064E+00    0.688064E+00
    0.688064E+00    0.688064E+00    0.100290E+01    0.128133E+01
    0.136071E+01    0.144305E+01    0.146302E+01    0.144403E+01
    0.137237E+01    0.130267E+01    0.124935E+01    0.118739E+01
    0.112980E+01    0.103427E+01    0.881232E+00    0.684422E+00
    0.499935E+00    0.499935E+00    0.499935E+00    0.308141E+00
    0.553403E+00    0.274880E+00    0.277113E+00    0.277113E+00
    0.277113E+00    0.633082E+00    0.838576E+00    0.102044E+01
    0.115695E+01    0.123598E+01    0.125841E+01    0.113931E+01
    0.834677E+00    0.834677E+00    0.742679E+00    0.742679E+00
    0.742679E+00    0.742679E+00    0.770430E+00    0.770430E+00
    0.770430E+00    0.770430E+00    0.586850E+00    0.586850E+00
    0.586850E+00    0.586850E+00    0.586850E+00    0.586850E+00
    0.586850E+00    0.586850E+00    0.586850E+00    0.586850E+00
    0.586850E+00    0.586850E+00    0.586850E+00    0.586850E+00
    0.586850E+00    0.586850E+00    0.586850E+00    0.586850E+00
    0.586850E+00    0.586850E+00    0.586850E+00    0.586850E+00
    0.586850E+00    0.586850E+00    0.586850E+00    0.586850E+00
    0.586850E+00    0.586850E+00    0.586850E+00    0.586850E+00
    0.586850E+00    0.190579E+02    0.190240E+02    0.189900E+02
    0.189561E+02    0.178086E+02    0.167416E+02    0.163565E+02
    0.159689E+02    0.155789E+02    0.151889E+02    0.147988E+02
    0.144088E+02    0.140187E+02    0.135989E+02    0.131791E+02
    0.127593E+02    0.123395E+02    0.119197E+02    0.114008E+02
    0.108820E+02    0.103631E+02    0.999487E+01    0.770340E+01
    0.717885E+01    0.665455E+01    0.613025E+01    0.558148E+01
    0.495928E+01    0.433707E+01    0.382619E+01    0.335242E+01
    0.287154E+01    0.236934E+01    0.181987E+01    0.134754E+01
    0.109623E+01    0.827725E+00    0.653650E+00    0.653650E+00
    0.653650E+00    0.653650E+00    0.653650E+00    0.653650E+00
    0.566923E+00    0.566923E+00    0.566923E+00    0.566923E+00
    0.566923E+00    0.566923E+00    0.566923E+00    0.985337E+00
    0.116009E+01    0.131114E+01    0.136691E+01    0.140167E+01
    0.139417E+01    0.130133E+01    0.125276E+01    0.117626E+01
    0.110249E+01    0.102931E+01    0.922182E+00    0.788699E+00
    0.610652E+00    0.610652E+00    0.308141E+00    0.308141E+00
    0.625037E+00    0.553403E+00    0.379076E+00    0.274880E+00
    0.341902E+00    0.341902E+00    0.628484E+00    0.826649E+00
    0.998195E+00    0.112852E+01    0.121185E+01    0.123009E+01
    0.119779E+01    0.950809E+00    0.742679E+00    0.742679E+00
    0.742679E+00    0.770430E+00    0.770430E+00    0.770430E+00
    0.770430E+00    0.770430E+00    0.586850E+00    0.586850E+00
    0.586850E+00    0.586850E+00    0.586850E+00    0.586850E+00
    0.586850E+00    0.586850E+00    0.586850E+00    0.586850E+00
    0.586850E+00    0.586850E+00    0.586850E+00    0.586850E+00
    0.586850E+00    0.586850E+00    0.586850E+00    0.586850E+00
    0.586850E+00    0.586850E+00    0.586850E+00    0.586850E+00
    0.586850E+00    0.586850E+00    0.586850E+00    0.586850E+00
    0.586850E+00    0.586850E+00    0.586850E+00    0.586850E+00
    0.586850E+00    0.586850E+00    0.188888E+02    0.188549E+02
    0.188210E+02    0.187871E+02    0.174339E+02    0.163669E+02
    0.159818E+02    0.155967E+02    0.152116E+02    0.148235E+02
    0.144335E+02    0.140435E+02    0.136534E+02    0.131856E+02
    0.127178E+02    0.122499E+02    0.117821E+02    0.113143E+02
    0.107954E+02    0.102765E+02    0.992911E+01    0.960215E+01
    0.755478E+01    0.698541E+01    0.641637E+01    0.584733E+01
    0.526442E+01    0.463987E+01    0.401531E+01    0.352766E+01
    0.308564E+01    0.262858E+01    0.213031E+01    0.149898E+01
    0.121349E+01    0.996931E+00    0.751919E+00    0.751919E+00
    0.751919E+00    0.653650E+00    0.653650E+00    0.653650E+00
    0.653650E+00    0.566923E+00    0.566923E+00    0.566923E+00
    0.566923E+00    0.566923E+00    0.566923E+00    0.566923E+00
    0.733978E+00    0.103313E+01    0.117855E+01    0.127419E+01
    0.129553E+01    0.128637E+01    0.122269E+01    0.116159E+01
    0.109433E+01    0.101423E+01    0.939867E+00    0.867966E+00
    0.784716E+00    0.641643E+00    0.487930E+00    0.308141E+00
    0.308141E+00    0.625037E+00    0.553403E+00    0.379076E+00
    0.274880E+00    0.274880E+00    0.516205E+00    0.698460E+00
    0.828266E+00    0.958959E+00    0.106982E+01    0.115429E+01
    0.121165E+01    0.120872E+01    0.110827E+01    0.854791E+00
    0.854791E+00    0.770430E+00    0.770430E+00    0.770430E+00
    0.770430E+00    0.586850E+00    0.586850E+00    0.586850E+00
    0.586850E+00    0.586850E+00    0.586850E+00    0.586850E+00
    0.586850E+00    0.586850E+00    0.586850E+00    0.586850E+00
    0.586850E+00    0.586850E+00    0.586850E+00    0.586850E+00
    0.586850E+00    0.586850E+00    0.586850E+00    0.586850E+00
    0.586850E+00    0.586850E+00    0.586850E+00    0.586850E+00
    0.586850E+00    0.586850E+00    0.586850E+00    0.586850E+00
    0.586850E+00    0.586850E+00    0.586850E+00    0.586850E+00
    0.586850E+00    0.586850E+00    0.586850E+00    0.189707E+02
    0.189368E+02    0.189028E+02    0.184351E+02    0.170592E+02
    0.159922E+02    0.156071E+02    0.152220E+02    0.148369E+02
    0.144518E+02    0.140667E+02    0.136781E+02    0.132881E+02
    0.127723E+02    0.122564E+02    0.117405E+02    0.112247E+02
    0.107088E+02    0.101903E+02    0.986335E+01    0.953639E+01
    0.920943E+01    0.737625E+01    0.678140E+01    0.617149E+01
    0.556158E+01    0.494877E+01    0.432724E+01    0.370571E+01
    0.321945E+01    0.280644E+01    0.237871E+01    0.190681E+01
    0.144391E+01    0.110861E+01    0.918223E+00    0.686860E+00
    0.686860E+00    0.686860E+00    0.686860E+00    0.686860E+00
    0.653650E+00    0.653650E+00    0.566923E+00    0.566923E+00
    0.566923E+00    0.566923E+00    0.566923E+00    0.566923E+00
    0.733978E+00    0.733978E+00    0.677553E+00    0.900734E+00
    0.107596E+01    0.116617E+01    0.115665E+01    0.111813E+01
    0.106252E+01    0.995008E+00    0.921873E+00    0.848913E+00
    0.812802E+00    0.796712E+00    0.786340E+00    0.742748E+00
    0.721102E+00    0.747476E+00    0.625037E+00    0.553403E+00
    0.379076E+00    0.339246E+00    0.638269E+00    0.748182E+00
    0.850086E+00    0.929200E+00    0.986732E+00    0.105416E+01
    0.113576E+01    0.121648E+01    0.124038E+01    0.121122E+01
    0.103106E+01    0.770430E+00    0.770430E+00    0.770430E+00
    0.770430E+00    0.586850E+00    0.586850E+00    0.586850E+00
    0.586850E+00    0.586850E+00    0.586850E+00    0.586850E+00
    0.586850E+00    0.586850E+00    0.586850E+00    0.586850E+00
    0.586850E+00    0.586850E+00    0.586850E+00    0.586850E+00
    0.586850E+00    0.586850E+00    0.586850E+00    0.586850E+00
    0.586850E+00    0.586850E+00    0.586850E+00    0.586850E+00
    0.586850E+00    0.586850E+00    0.586850E+00    0.586850E+00
    0.586850E+00    0.586850E+00    0.586850E+00    0.586850E+00
    0.586850E+00    0.586850E+00    0.586850E+00    0.586850E+00
    0.190525E+02    0.189965E+02    0.185008E+02    0.179322E+02
    0.165041E+02    0.156208E+02    0.152320E+02    0.148432E+02
    0.144544E+02    0.140656E+02    0.136768E+02    0.132879E+02
    0.128991E+02    0.123451E+02    0.117910E+02    0.112369E+02
    0.106828E+02    0.101288E+02    0.980181E+01    0.947486E+01
    0.914790E+01    0.882095E+01    0.688360E+01    0.636653E+01
    0.584980E+01    0.524591E+01    0.464803E+01    0.408627E+01
    0.352450E+01    0.296588E+01    0.240831E+01    0.200803E+01
    0.169516E+01    0.139639E+01    0.104892E+01    0.852124E+00
    0.634381E+00    0.634381E+00    0.634381E+00    0.634381E+00
    0.634381E+00    0.634381E+00    0.634381E+00    0.566923E+00
    0.566923E+00    0.566923E+00    0.566923E+00    0.566923E+00
    0.733978E+00    0.733978E+00    0.677553E+00    0.677553E+00
    0.464186E+00    0.795209E+00    0.957679E+00    0.102771E+01
    0.102302E+01    0.982540E+00    0.917357E+00    0.851872E+00
    0.817232E+00    0.822685E+00    0.853783E+00    0.911462E+00
    0.977435E+00    0.103115E+01    0.104173E+01    0.111678E+01
    0.104502E+01    0.966366E+00    0.908805E+00    0.913801E+00
    0.102318E+01    0.109295E+01    0.113273E+01    0.112340E+01
    0.112590E+01    0.116873E+01    0.124081E+01    0.129552E+01
    0.131482E+01    0.122890E+01    0.920293E+00    0.920293E+00
    0.920293E+00    0.586850E+00    0.586850E+00    0.586850E+00
    0.586850E+00    0.586850E+00    0.586850E+00    0.586850E+00
    0.586850E+00    0.586850E+00    0.586850E+00    0.586850E+00
    0.586850E+00    0.586850E+00    0.586850E+00    0.586850E+00
    0.586850E+00    0.586850E+00    0.586850E+00    0.586850E+00
    0.586850E+00    0.586850E+00    0.586850E+00    0.586850E+00
    0.586850E+00    0.586850E+00    0.586850E+00    0.586850E+00
    0.586850E+00    0.586850E+00    0.586850E+00    0.586850E+00
    0.586850E+00    0.586850E+00    0.586850E+00    0.586850E+00
    0.586850E+00    0.190622E+02    0.185666E+02    0.180709E+02
    0.173546E+02    0.159265E+02    0.152799E+02    0.148537E+02
    0.144274E+02    0.140012E+02    0.135749E+02    0.131487E+02
    0.127224E+02    0.122962E+02    0.117927E+02    0.112891E+02
    0.107856E+02    0.102821E+02    0.977858E+01    0.945164E+01
    0.912469E+01    0.879774E+01    0.846378E+01    0.642972E+01
    0.591237E+01    0.539528E+01    0.487819E+01    0.436481E+01
    0.386253E+01    0.336026E+01    0.289594E+01    0.244428E+01
    0.178145E+01    0.156240E+01    0.130483E+01    0.103894E+01
    0.800030E+00    0.585542E+00    0.585542E+00    0.585542E+00
    0.585542E+00    0.585542E+00    0.585542E+00    0.585542E+00
    0.585542E+00    0.566923E+00    0.566923E+00    0.566923E+00
    0.733978E+00    0.733978E+00    0.677553E+00    0.294911E+00
    0.294911E+00    0.294911E+00    0.696806E+00    0.882920E+00
    0.963958E+00    0.973965E+00    0.954290E+00    0.907395E+00
    0.861466E+00    0.863863E+00    0.896331E+00    0.936153E+00
    0.100044E+01    0.109931E+01    0.117804E+01    0.124281E+01
    0.130715E+01    0.130137E+01    0.123770E+01    0.119092E+01
    0.114978E+01    0.122476E+01    0.123874E+01    0.123583E+01
    0.122823E+01    0.123335E+01    0.124805E+01    0.128914E+01
    0.134201E+01    0.133815E+01    0.129469E+01    0.105076E+01
    0.105076E+01    0.586850E+00    0.586850E+00    0.586850E+00
    0.586850E+00    0.586850E+00    0.586850E+00    0.586850E+00
    0.586850E+00    0.586850E+00    0.586850E+00    0.586850E+00
    0.586850E+00    0.586850E+00    0.586850E+00    0.586850E+00
    0.586850E+00    0.586850E+00    0.586850E+00    0.586850E+00
    0.586850E+00    0.586850E+00    0.586850E+00    0.586850E+00
    0.586850E+00    0.586850E+00    0.586850E+00    0.586850E+00
    0.586850E+00    0.586850E+00    0.586850E+00    0.586850E+00
    0.586850E+00    0.586850E+00    0.586850E+00    0.586850E+00
    0.586850E+00    0.586850E+00    0.186323E+02    0.181366E+02
    0.176409E+02    0.167770E+02    0.155826E+02    0.149390E+02
    0.144753E+02    0.140116E+02    0.135479E+02    0.130842E+02
    0.126206E+02    0.121569E+02    0.116932E+02    0.112402E+02
    0.107873E+02    0.103343E+02    0.988137E+01    0.942841E+01
    0.910146E+01    0.877452E+01    0.843967E+01    0.810441E+01
    0.628170E+01    0.576125E+01    0.524095E+01    0.472065E+01
    0.421919E+01    0.377430E+01    0.332940E+01    0.287943E+01
    0.237850E+01    0.170322E+01    0.147476E+01    0.123044E+01
    0.964683E+00    0.734069E+00    0.528556E+00    0.528556E+00
    0.528556E+00    0.528556E+00    0.528556E+00    0.528556E+00
    0.528556E+00    0.528556E+00    0.566923E+00    0.332944E+00
    0.332944E+00    0.332944E+00    0.332944E+00    0.332944E+00
    0.332944E+00    0.481520E+00    0.481520E+00    0.738058E+00
    0.879481E+00    0.944974E+00    0.955411E+00    0.941454E+00
    0.914282E+00    0.906649E+00    0.924722E+00    0.967845E+00
    0.998023E+00    0.104502E+01    0.109782E+01    0.116409E+01
    0.125793E+01    0.132113E+01    0.132942E+01    0.129958E+01
    0.124993E+01    0.125776E+01    0.128752E+01    0.129731E+01
    0.129570E+01    0.129216E+01    0.128439E+01    0.128312E+01
    0.131573E+01    0.135159E+01    0.135067E+01    0.128795E+01
    0.110359E+01    0.806258E+00    0.586850E+00    0.586850E+00
    0.586850E+00    0.586850E+00    0.586850E+00    0.586850E+00
    0.586850E+00    0.586850E+00    0.586850E+00    0.586850E+00
    0.586850E+00    0.586850E+00    0.586850E+00    0.586850E+00
    0.586850E+00    0.586850E+00    0.586850E+00    0.586850E+00
    0.586850E+00    0.586850E+00    0.586850E+00    0.586850E+00
    0.586850E+00    0.586850E+00    0.586850E+00    0.586850E+00
    0.586850E+00    0.586850E+00    0.586850E+00    0.586850E+00
    0.586850E+00    0.586850E+00    0.586850E+00    0.586850E+00
    0.586850E+00    0.586850E+00    0.586850E+00    0.182023E+02
    0.177066E+02    0.172109E+02    0.161994E+02    0.152603E+02
    0.145980E+02    0.140969E+02    0.135958E+02    0.130947E+02
    0.125936E+02    0.120925E+02    0.115914E+02    0.110902E+02
    0.106878E+02    0.102854E+02    0.988304E+01    0.948064E+01
    0.907823E+01    0.875079E+01    0.841554E+01    0.808029E+01
    0.774504E+01    0.609778E+01    0.557464E+01    0.505158E+01
    0.452851E+01    0.408581E+01    0.368904E+01    0.329227E+01
    0.280792E+01    0.229437E+01    0.161883E+01    0.138942E+01
    0.114848E+01    0.885607E+00    0.660243E+00    0.464069E+00
    0.464069E+00    0.464069E+00    0.464069E+00    0.464069E+00
    0.464069E+00    0.464069E+00    0.464069E+00    0.332944E+00
    0.332944E+00    0.332944E+00    0.332944E+00    0.332944E+00
    0.332944E+00    0.332944E+00    0.332944E+00    0.674886E+00
    0.856515E+00    0.913124E+00    0.933753E+00    0.931716E+00
    0.932871E+00    0.924261E+00    0.949509E+00    0.998277E+00
    0.103714E+01    0.105688E+01    0.106411E+01    0.107834E+01
    0.110920E+01    0.114967E+01    0.120769E+01    0.123972E+01
    0.124010E+01    0.121975E+01    0.124749E+01    0.128099E+01
    0.128655E+01    0.127394E+01    0.125696E+01    0.125047E+01
    0.128473E+01    0.131763E+01    0.133864E+01    0.133472E+01
    0.125742E+01    0.107493E+01    0.827515E+00    0.593884E+00
    0.593884E+00    0.593884E+00    0.593884E+00    0.593884E+00
    0.593884E+00    0.593884E+00    0.593884E+00    0.593884E+00
    0.593884E+00    0.593884E+00    0.593884E+00    0.593884E+00
    0.593884E+00    0.593884E+00    0.593884E+00    0.593884E+00
    0.593884E+00    0.593884E+00    0.593884E+00    0.593884E+00
    0.593884E+00    0.593884E+00    0.593884E+00    0.593884E+00
    0.593884E+00    0.593884E+00    0.593884E+00    0.593884E+00
    0.593884E+00    0.593884E+00    0.593884E+00    0.593884E+00
    0.593884E+00    0.593884E+00    0.593884E+00    0.593884E+00
    0.177723E+02    0.172766E+02    0.167809E+02    0.157614E+02
    0.149380E+02    0.142165E+02    0.136836E+02    0.131508E+02
    0.126180E+02    0.120852E+02    0.115524E+02    0.110195E+02
    0.104867E+02    0.101301E+02    0.977346E+01    0.941683E+01
    0.906019E+01    0.870355E+01    0.836831E+01    0.803308E+01
    0.769783E+01    0.736259E+01    0.569196E+01    0.516879E+01
    0.472221E+01    0.438348E+01    0.402799E+01    0.362221E+01
    0.321643E+01    0.272983E+01    0.220575E+01    0.154387E+01
    0.130189E+01    0.105538E+01    0.805912E+00    0.588576E+00
    0.464069E+00    0.464069E+00    0.464069E+00    0.464069E+00
    0.464069E+00    0.464069E+00    0.464069E+00    0.464069E+00
    0.400125E+00    0.400125E+00    0.400125E+00    0.400125E+00
    0.400125E+00    0.400125E+00    0.400125E+00    0.400125E+00
    0.739395E+00    0.875868E+00    0.917559E+00    0.926190E+00
    0.908323E+00    0.912214E+00    0.925568E+00    0.963150E+00
    0.101345E+01    0.105970E+01    0.107752E+01    0.105995E+01
    0.101309E+01    0.101299E+01    0.104226E+01    0.108683E+01
    0.110930E+01    0.115507E+01    0.117992E+01    0.122561E+01
    0.124899E+01    0.124441E+01    0.121222E+01    0.120808E+01
    0.123666E+01    0.127173E+01    0.129648E+01    0.132087E+01
    0.129410E+01    0.119817E+01    0.102999E+01    0.861336E+00
    0.710384E+00    0.710384E+00    0.710384E+00    0.710384E+00
    0.710384E+00    0.710384E+00    0.710384E+00    0.710384E+00
    0.710384E+00    0.710384E+00    0.710384E+00    0.710384E+00
    0.710384E+00    0.710384E+00    0.710384E+00    0.710384E+00
    0.710384E+00    0.710384E+00    0.710384E+00    0.710384E+00
    0.710384E+00    0.710384E+00    0.710384E+00    0.710384E+00
    0.710384E+00    0.710384E+00    0.710384E+00    0.710384E+00
    0.710384E+00    0.710384E+00    0.710384E+00    0.710384E+00
    0.710384E+00    0.710384E+00    0.710384E+00    0.710384E+00
    0.710384E+00    0.173423E+02    0.168466E+02    0.163509E+02
    0.154392E+02    0.141543E+02    0.133938E+02    0.129500E+02
    0.125442E+02    0.120114E+02    0.114785E+02    0.109457E+02
    0.104129E+02    0.988007E+01    0.954263E+01    0.920519E+01
    0.886775E+01    0.853030E+01    0.819285E+01    0.785762E+01
    0.752239E+01    0.718715E+01    0.704470E+01    0.534613E+01
    0.500425E+01    0.466241E+01    0.432057E+01    0.395948E+01
    0.354062E+01    0.312177E+01    0.262234E+01    0.209604E+01
    0.142591E+01    0.120800E+01    0.961577E+00    0.727422E+00
    0.525524E+00    0.525524E+00    0.525524E+00    0.464069E+00
    0.464069E+00    0.464069E+00    0.464069E+00    0.464069E+00
    0.464069E+00    0.361622E+00    0.361622E+00    0.361622E+00
    0.361622E+00    0.361622E+00    0.361622E+00    0.361622E+00
    0.361622E+00    0.689700E+00    0.803393E+00    0.857224E+00
    0.864420E+00    0.860135E+00    0.856435E+00    0.876468E+00
    0.920544E+00    0.959372E+00    0.950867E+00    0.948207E+00
    0.907990E+00    0.854461E+00    0.856285E+00    0.899200E+00
    0.958419E+00    0.101548E+01    0.108738E+01    0.114979E+01
    0.119038E+01    0.121442E+01    0.120147E+01    0.118353E+01
    0.117441E+01    0.119311E+01    0.121332E+01    0.122622E+01
    0.125092E+01    0.122796E+01    0.113828E+01    0.991764E+00
    0.809395E+00    0.656954E+00    0.656954E+00    0.656954E+00
    0.656954E+00    0.656954E+00    0.656954E+00    0.656954E+00
    0.656954E+00    0.656954E+00    0.656954E+00    0.656954E+00
    0.656954E+00    0.656954E+00    0.656954E+00    0.656954E+00
    0.656954E+00    0.656954E+00    0.656954E+00    0.656954E+00
    0.656954E+00    0.656954E+00    0.656954E+00    0.656954E+00
    0.656954E+00    0.656954E+00    0.656954E+00    0.656954E+00
    0.656954E+00    0.656954E+00    0.656954E+00    0.656954E+00
    0.656954E+00    0.656954E+00    0.656954E+00    0.656954E+00
    0.656954E+00    0.656954E+00    0.169094E+02    0.164161E+02
    0.159228E+02    0.148366E+02    0.137188E+02    0.126985E+02
    0.119941E+02    0.116451E+02    0.112961E+02    0.108719E+02
    0.103391E+02    0.980625E+01    0.927343E+01    0.895518E+01
    0.863693E+01    0.831868E+01    0.800042E+01    0.768215E+01
    0.734693E+01    0.701405E+01    0.689243E+01    0.677081E+01
    0.530264E+01    0.494198E+01    0.458137E+01    0.422076E+01
    0.383723E+01    0.338488E+01    0.293253E+01    0.242473E+01
    0.188280E+01    0.133679E+01    0.110091E+01    0.868181E+00
    0.646213E+00    0.463014E+00    0.463014E+00    0.463014E+00
    0.463014E+00    0.463014E+00    0.464069E+00    0.464069E+00
    0.464069E+00    0.464069E+00    0.230939E+00    0.230939E+00
    0.380690E+00    0.380690E+00    0.380690E+00    0.380690E+00
    0.380690E+00    0.380690E+00    0.604789E+00    0.710108E+00
    0.753632E+00    0.783819E+00    0.799817E+00    0.802231E+00
    0.808372E+00    0.805627E+00    0.792974E+00    0.690747E+00
    0.605389E+00    0.470572E+00    0.437474E+00    0.581713E+00
    0.731372E+00    0.824210E+00    0.945875E+00    0.103564E+01
    0.109143E+01    0.115487E+01    0.118886E+01    0.117830E+01
    0.114923E+01    0.113189E+01    0.111657E+01    0.110924E+01
    0.110089E+01    0.108160E+01    0.106891E+01    0.984819E+00
    0.827045E+00    0.756519E+00    0.656954E+00    0.656954E+00
    0.656954E+00    0.656954E+00    0.656954E+00    0.656954E+00
    0.656954E+00    0.656954E+00    0.656954E+00    0.656954E+00
    0.656954E+00    0.656954E+00    0.656954E+00    0.656954E+00
    0.656954E+00    0.656954E+00    0.656954E+00    0.656954E+00
    0.656954E+00    0.656954E+00    0.656954E+00    0.656954E+00
    0.656954E+00    0.656954E+00    0.656954E+00    0.656954E+00
    0.656954E+00    0.656954E+00    0.656954E+00    0.656954E+00
    0.656954E+00    0.656954E+00    0.656954E+00    0.656954E+00
    0.656954E+00    0.656954E+00    0.656954E+00    0.164635E+02
    0.159834E+02    0.155034E+02    0.147940E+02    0.135755E+02
    0.123583E+02    0.112426E+02    0.106891E+02    0.103401E+02
    0.999117E+01    0.964219E+01    0.919961E+01    0.866679E+01
    0.836773E+01    0.806867E+01    0.776960E+01    0.747053E+01
    0.717146E+01    0.686177E+01    0.674015E+01    0.661854E+01
    0.624009E+01    0.529131E+01    0.487509E+01    0.449932E+01
    0.412356E+01    0.366568E+01    0.316936E+01    0.268997E+01
    0.218467E+01    0.167073E+01    0.118797E+01    0.996332E+00
    0.768934E+00    0.559707E+00    0.393896E+00    0.393896E+00
    0.393896E+00    0.393896E+00    0.393896E+00    0.393896E+00
    0.393896E+00    0.393896E+00    0.127175E+00    0.230939E+00
    0.230939E+00    0.230939E+00    0.230939E+00    0.230939E+00
    0.420899E+00    0.420899E+00    0.420899E+00    0.578424E+00
    0.634792E+00    0.674235E+00    0.701330E+00    0.722355E+00
    0.735527E+00    0.726043E+00    0.694768E+00    0.585908E+00
    0.479977E+00    0.605389E+00    0.470572E+00    0.437474E+00
    0.312067E+00    0.574825E+00    0.714052E+00    0.842190E+00
    0.944884E+00    0.101459E+01    0.108318E+01    0.111941E+01
    0.112657E+01    0.110593E+01    0.105784E+01    0.101838E+01
    0.978221E+00    0.926319E+00    0.918374E+00    0.861218E+00
    0.741806E+00    0.645808E+00    0.717571E+00    0.717571E+00
    0.717571E+00    0.656954E+00    0.656954E+00    0.656954E+00
    0.656954E+00    0.656954E+00    0.656954E+00    0.656954E+00
    0.656954E+00    0.656954E+00    0.656954E+00    0.656954E+00
    0.656954E+00    0.656954E+00    0.656954E+00    0.656954E+00
    0.656954E+00    0.656954E+00    0.656954E+00    0.656954E+00
    0.656954E+00    0.656954E+00    0.656954E+00    0.656954E+00
    0.656954E+00    0.656954E+00    0.656954E+00    0.656954E+00
    0.656954E+00    0.656954E+00    0.656954E+00    0.656954E+00
    0.656954E+00    0.656954E+00    0.656954E+00    0.656954E+00
    0.160175E+02    0.155507E+02    0.150839E+02    0.143767E+02
    0.135879E+02    0.123694E+02    0.111509E+02    0.993245E+01
    0.956843E+01    0.920444E+01    0.884045E+01    0.847646E+01
    0.811247E+01    0.782864E+01    0.754482E+01    0.726099E+01
    0.697716E+01    0.671379E+01    0.659258E+01    0.647135E+01
    0.635012E+01    0.613280E+01    0.536092E+01    0.463942E+01
    0.438165E+01    0.403730E+01    0.357941E+01    0.287506E+01
    0.222372E+01    0.183779E+01    0.148301E+01    0.116984E+01
    0.865740E+00    0.658611E+00    0.466311E+00    0.393896E+00
    0.393896E+00    0.393896E+00    0.393896E+00    0.393896E+00
    0.393896E+00    0.393896E+00    0.393896E+00    0.127175E+00
    0.127175E+00    0.127175E+00    0.230939E+00    0.230939E+00
    0.230939E+00    0.230939E+00    0.423864E+00    0.423864E+00
    0.580238E+00    0.618881E+00    0.620900E+00    0.604390E+00
    0.612646E+00    0.615850E+00    0.591490E+00    0.588010E+00
    0.517398E+00    0.364540E+00    0.364540E+00    0.213340E+00
    0.310950E+00    0.310950E+00    0.531812E+00    0.665916E+00
    0.763577E+00    0.845011E+00    0.923303E+00    0.101293E+01
    0.106454E+01    0.106587E+01    0.105068E+01    0.992320E+00
    0.921759E+00    0.821117E+00    0.722718E+00    0.660091E+00
    0.616519E+00    0.553727E+00    0.606398E+00    0.717571E+00
    0.717571E+00    0.717571E+00    0.717571E+00    0.717571E+00
    0.656954E+00    0.656954E+00    0.656954E+00    0.656954E+00
    0.656954E+00    0.656954E+00    0.656954E+00    0.656954E+00
    0.656954E+00    0.656954E+00    0.656954E+00    0.656954E+00
    0.656954E+00    0.656954E+00    0.656954E+00    0.656954E+00
    0.656954E+00    0.656954E+00    0.656954E+00    0.656954E+00
    0.656954E+00    0.656954E+00    0.656954E+00    0.656954E+00
    0.656954E+00    0.656954E+00    0.656954E+00    0.656954E+00
    0.656954E+00    0.656954E+00    0.656954E+00    0.656954E+00
    0.656954E+00    0.155715E+02    0.151180E+02    0.146645E+02
    0.139572E+02    0.132500E+02    0.123818E+02    0.111633E+02
    0.994485E+01    0.950786E+01    0.907091E+01    0.863396E+01
    0.819700E+01    0.776004E+01    0.747622E+01    0.719240E+01
    0.690858E+01    0.662053E+01    0.646091E+01    0.634157E+01
    0.622222E+01    0.610287E+01    0.592662E+01    0.545915E+01
    0.459184E+01    0.415445E+01    0.386042E+01    0.347045E+01
    0.279261E+01    0.203660E+01    0.154327E+01    0.127729E+01
    0.988974E+00    0.742033E+00    0.537831E+00    0.466311E+00
    0.466311E+00    0.393896E+00    0.393896E+00    0.393896E+00
    0.393896E+00    0.393896E+00    0.393896E+00    0.393896E+00
    0.127175E+00    0.127175E+00    0.127175E+00    0.127175E+00
    0.127175E+00    0.230939E+00    0.230939E+00    0.230939E+00
    0.458701E+00    0.564730E+00    0.579977E+00    0.558409E+00
    0.510620E+00    0.464658E+00    0.491914E+00    0.505304E+00
    0.478418E+00    0.517398E+00    0.364540E+00    0.199625E+00
    0.213340E+00    0.348511E+00    0.459795E+00    0.543998E+00
    0.671863E+00    0.722637E+00    0.771715E+00    0.835493E+00
    0.911045E+00    0.985050E+00    0.997301E+00    0.983088E+00
    0.927288E+00    0.832167E+00    0.676699E+00    0.542541E+00
    0.466290E+00    0.399187E+00    0.495361E+00    0.606398E+00
    0.606398E+00    0.717571E+00    0.717571E+00    0.717571E+00
    0.717571E+00    0.717571E+00    0.717571E+00    0.656954E+00
    0.656954E+00    0.656954E+00    0.656954E+00    0.656954E+00
    0.656954E+00    0.656954E+00    0.656954E+00    0.656954E+00
    0.656954E+00    0.656954E+00    0.656954E+00    0.656954E+00
    0.656954E+00    0.656954E+00    0.656954E+00    0.656954E+00
    0.656954E+00    0.656954E+00    0.656954E+00    0.656954E+00
    0.656954E+00    0.656954E+00    0.656954E+00    0.656954E+00
    0.656954E+00    0.656954E+00    0.656954E+00    0.656954E+00
    0.656954E+00    0.656954E+00    0.151256E+02    0.146853E+02
    0.142450E+02    0.135378E+02    0.128306E+02    0.121234E+02
    0.111757E+02    0.995724E+01    0.944729E+01    0.893737E+01
    0.842746E+01    0.791754E+01    0.740762E+01    0.712380E+01
    0.683998E+01    0.654981E+01    0.625799E+01    0.620802E+01
    0.609055E+01    0.597308E+01    0.585561E+01    0.568078E+01
    0.533386E+01    0.478554E+01    0.422402E+01    0.376445E+01
    0.325031E+01    0.251041E+01    0.164100E+01    0.133238E+01
    0.105108E+01    0.796230E+00    0.583659E+00    0.537831E+00
    0.537831E+00    0.466311E+00    0.466311E+00    0.393896E+00
    0.393896E+00    0.393896E+00    0.393896E+00    0.393896E+00
    0.127175E+00    0.127175E+00    0.127175E+00    0.127175E+00
    0.127175E+00    0.127175E+00    0.127175E+00    0.312229E+00
    0.312229E+00    0.463920E+00    0.539856E+00    0.535787E+00
    0.482503E+00    0.434512E+00    0.357120E+00    0.491914E+00
    0.505304E+00    0.478418E+00    0.361350E+00    0.332996E+00
    0.405626E+00    0.458379E+00    0.515269E+00    0.555314E+00
    0.571997E+00    0.607174E+00    0.666644E+00    0.711481E+00
    0.739842E+00    0.811645E+00    0.879274E+00    0.913863E+00
    0.913517E+00    0.850824E+00    0.710391E+00    0.513632E+00
    0.378697E+00    0.323989E+00    0.376599E+00    0.495361E+00
    0.495361E+00    0.606398E+00    0.606398E+00    0.717571E+00
    0.717571E+00    0.717571E+00    0.717571E+00    0.717571E+00
    0.717571E+00    0.717571E+00    0.656954E+00    0.656954E+00
    0.656954E+00    0.656954E+00    0.656954E+00    0.656954E+00
    0.656954E+00    0.656954E+00    0.656954E+00    0.656954E+00
    0.656954E+00    0.656954E+00    0.656954E+00    0.656954E+00
    0.656954E+00    0.656954E+00    0.656954E+00    0.656954E+00
    0.656954E+00    0.656954E+00    0.656954E+00    0.656954E+00
    0.656954E+00    0.656954E+00    0.656954E+00    0.656954E+00
    0.656954E+00    0.656954E+00    0.656954E+00    0.146796E+02
    0.142526E+02    0.138255E+02    0.131183E+02    0.124111E+02
    0.117039E+02    0.109967E+02    0.996964E+01    0.938672E+01
    0.880384E+01    0.822096E+01    0.763808E+01    0.705519E+01
    0.677088E+01    0.647907E+01    0.618726E+01    0.589544E+01
    0.587141E+01    0.580172E+01    0.568566E+01    0.556961E+01
    0.539883E+01    0.506386E+01    0.472890E+01    0.420685E+01
    0.362243E+01    0.287895E+01    0.211484E+01    0.144337E+01
    0.103540E+01    0.844188E+00    0.615914E+00    0.437085E+00
    0.437085E+00    0.437085E+00    0.537831E+00    0.466311E+00
    0.466311E+00    0.393896E+00    0.393896E+00    0.393896E+00
    0.393896E+00    0.148532E+00    0.148532E+00    0.127175E+00
    0.127175E+00    0.127175E+00    0.127175E+00    0.127175E+00
    0.127175E+00    0.300054E+00    0.449364E+00    0.509975E+00
    0.494952E+00    0.450959E+00    0.342783E+00    0.357120E+00
    0.357120E+00    0.406940E+00    0.406940E+00    0.483857E+00
    0.589390E+00    0.622979E+00    0.640587E+00    0.624770E+00
    0.605480E+00    0.578144E+00    0.558238E+00    0.566053E+00
    0.584147E+00    0.614718E+00    0.690780E+00    0.703517E+00
    0.810383E+00    0.769662E+00    0.638818E+00    0.522663E+00
    0.513632E+00    0.378697E+00    0.323989E+00    0.376599E+00
    0.376599E+00    0.495361E+00    0.495361E+00    0.606398E+00
    0.606398E+00    0.717571E+00    0.717571E+00    0.717571E+00
    0.717571E+00    0.717571E+00    0.717571E+00    0.717571E+00
    0.717571E+00    0.656954E+00    0.656954E+00    0.656954E+00
    0.656954E+00    0.656954E+00    0.656954E+00    0.656954E+00
    0.656954E+00    0.656954E+00    0.656954E+00    0.656954E+00
    0.656954E+00    0.656954E+00    0.656954E+00    0.656954E+00
    0.656954E+00    0.656954E+00    0.656954E+00    0.656954E+00
    0.656954E+00    0.656954E+00    0.656954E+00    0.656954E+00
    0.656954E+00    0.656954E+00    0.656954E+00    0.656954E+00
    0.142179E+02    0.138007E+02    0.133835E+02    0.126783E+02
    0.119731E+02    0.112680E+02    0.105628E+02    0.985759E+01
    0.922230E+01    0.858701E+01    0.795171E+01    0.731642E+01
    0.668112E+01    0.638930E+01    0.609750E+01    0.580569E+01
    0.551387E+01    0.527788E+01    0.526107E+01    0.524426E+01
    0.516468E+01    0.500606E+01    0.471973E+01    0.443341E+01
    0.392354E+01    0.320453E+01    0.219602E+01    0.169112E+01
    0.119636E+01    0.880305E+00    0.657966E+00    0.469809E+00
    0.325115E+00    0.325115E+00    0.325115E+00    0.325115E+00
    0.325115E+00    0.466311E+00    0.466311E+00    0.393896E+00
    0.393896E+00    0.148532E+00    0.148532E+00    0.148532E+00
    0.148532E+00    0.148532E+00    0.148532E+00    0.154128E+00
    0.154128E+00    0.154128E+00    0.397601E+00    0.467787E+00
    0.483895E+00    0.458404E+00    0.408783E+00    0.275520E+00
    0.275520E+00    0.317177E+00    0.317177E+00    0.513199E+00
    0.613641E+00    0.719738E+00    0.768122E+00    0.759338E+00
    0.719701E+00    0.666915E+00    0.588643E+00    0.539012E+00
    0.495945E+00    0.471622E+00    0.475108E+00    0.465081E+00
    0.467246E+00    0.473710E+00    0.422416E+00    0.447155E+00
    0.522663E+00    0.522663E+00    0.378697E+00    0.323989E+00
    0.376599E+00    0.376599E+00    0.376599E+00    0.495361E+00
    0.495361E+00    0.606398E+00    0.606398E+00    0.717571E+00
    0.717571E+00    0.717571E+00    0.717571E+00    0.717571E+00
    0.717571E+00    0.717571E+00    0.717571E+00    0.717571E+00
    0.656954E+00    0.656954E+00    0.656954E+00    0.656954E+00
    0.656954E+00    0.656954E+00    0.656954E+00    0.656954E+00
    0.656954E+00    0.656954E+00    0.656954E+00    0.656954E+00
    0.656954E+00    0.656954E+00    0.656954E+00    0.656954E+00
    0.656954E+00    0.656954E+00    0.656954E+00    0.656954E+00
    0.656954E+00    0.656954E+00    0.656954E+00    0.656954E+00
    0.656954E+00    0.137112E+02    0.132940E+02    0.128767E+02
    0.121794E+02    0.114821E+02    0.107847E+02    0.100874E+02
    0.939002E+01    0.876106E+01    0.813209E+01    0.750312E+01
    0.687415E+01    0.624517E+01    0.595336E+01    0.566155E+01
    0.537146E+01    0.516200E+01    0.479469E+01    0.476580E+01
    0.473690E+01    0.470799E+01    0.462243E+01    0.436689E+01
    0.411134E+01    0.348733E+01    0.274043E+01    0.168046E+01
    0.133555E+01    0.102222E+01    0.737458E+00    0.520737E+00
    0.362709E+00    0.325115E+00    0.325115E+00    0.325115E+00
    0.325115E+00    0.325115E+00    0.325115E+00    0.325115E+00
    0.466311E+00    0.393896E+00    0.188598E+00    0.148532E+00
    0.148532E+00    0.148532E+00    0.148532E+00    0.148532E+00
    0.148532E+00    0.275137E+00    0.275137E+00    0.465790E+00
    0.542749E+00    0.548683E+00    0.469686E+00    0.355957E+00
    0.244877E+00    0.143695E+00    0.143695E+00    0.313337E+00
    0.524686E+00    0.716654E+00    0.825336E+00    0.857577E+00
    0.847211E+00    0.808543E+00    0.757758E+00    0.666748E+00
    0.569664E+00    0.486447E+00    0.429288E+00    0.390273E+00
    0.365139E+00    0.467246E+00    0.473710E+00    0.422416E+00
    0.447155E+00    0.447155E+00    0.522663E+00    0.522663E+00
    0.323989E+00    0.376599E+00    0.376599E+00    0.376599E+00
    0.376599E+00    0.495361E+00    0.495361E+00    0.606398E+00
    0.606398E+00    0.717571E+00    0.717571E+00    0.717571E+00
    0.717571E+00    0.717571E+00    0.717571E+00    0.717571E+00
    0.717571E+00    0.717571E+00    0.717571E+00    0.656954E+00
    0.656954E+00    0.656954E+00    0.656954E+00    0.656954E+00
    0.656954E+00    0.656954E+00    0.656954E+00    0.656954E+00
    0.656954E+00    0.656954E+00    0.656954E+00    0.656954E+00
    0.656954E+00    0.656954E+00    0.656954E+00    0.656954E+00
    0.656954E+00    0.656954E+00    0.656954E+00    0.656954E+00
    0.656954E+00    0.656954E+00    0.132045E+02    0.127873E+02
    0.123700E+02    0.116805E+02    0.109910E+02    0.103015E+02
    0.961198E+01    0.892245E+01    0.829981E+01    0.767717E+01
    0.705452E+01    0.643187E+01    0.580922E+01    0.551741E+01
    0.523627E+01    0.502681E+01    0.481735E+01    0.460603E+01
    0.453278E+01    0.445952E+01    0.438626E+01    0.426321E+01
    0.399078E+01    0.371834E+01    0.309012E+01    0.232748E+01
    0.152013E+01    0.117474E+01    0.864255E+00    0.619689E+00
    0.429308E+00    0.296858E+00    0.296858E+00    0.296858E+00
    0.325115E+00    0.325115E+00    0.325115E+00    0.325115E+00
    0.325115E+00    0.325115E+00    0.188598E+00    0.188598E+00
    0.188598E+00    0.148532E+00    0.148532E+00    0.148532E+00
    0.148532E+00    0.148532E+00    0.148532E+00    0.374401E+00
    0.526990E+00    0.625740E+00    0.618426E+00    0.540965E+00
    0.368272E+00    0.218783E+00    0.143695E+00    0.149205E+00
    0.349786E+00    0.581186E+00    0.734939E+00    0.868968E+00
    0.908110E+00    0.905351E+00    0.873963E+00    0.820581E+00
    0.732599E+00    0.616797E+00    0.525441E+00    0.479852E+00
    0.424017E+00    0.365139E+00    0.365139E+00    0.473710E+00
    0.422416E+00    0.447155E+00    0.447155E+00    0.447155E+00
    0.522663E+00    0.323989E+00    0.376599E+00    0.376599E+00
    0.376599E+00    0.376599E+00    0.376599E+00    0.495361E+00
    0.495361E+00    0.606398E+00    0.606398E+00    0.717571E+00
    0.717571E+00    0.717571E+00    0.717571E+00    0.717571E+00
    0.717571E+00    0.717571E+00    0.717571E+00    0.717571E+00
    0.717571E+00    0.717571E+00    0.656954E+00    0.656954E+00
    0.656954E+00    0.656954E+00    0.656954E+00    0.656954E+00
    0.656954E+00    0.656954E+00    0.656954E+00    0.656954E+00
    0.656954E+00    0.656954E+00    0.656954E+00    0.656954E+00
    0.656954E+00    0.656954E+00    0.656954E+00    0.656954E+00
    0.656954E+00    0.656954E+00    0.656954E+00    0.125625E+02
    0.122806E+02    0.118633E+02    0.111817E+02    0.105000E+02
    0.981828E+01    0.913659E+01    0.845489E+01    0.783857E+01
    0.722225E+01    0.660592E+01    0.598960E+01    0.537326E+01
    0.510106E+01    0.489161E+01    0.468216E+01    0.443651E+01
    0.434843E+01    0.427930E+01    0.417496E+01    0.407062E+01
    0.385900E+01    0.351098E+01    0.322671E+01    0.264018E+01
    0.195284E+01    0.133200E+01    0.964137E+00    0.771048E+00
    0.556600E+00    0.373113E+00    0.296858E+00    0.296858E+00
    0.296858E+00    0.296858E+00    0.296858E+00    0.325115E+00
    0.325115E+00    0.325115E+00    0.325115E+00    0.188598E+00
    0.188598E+00    0.188598E+00    0.188598E+00    0.188598E+00
    0.320432E+00    0.224670E+00    0.224670E+00    0.224670E+00
    0.450961E+00    0.658848E+00    0.717662E+00    0.745690E+00
    0.603399E+00    0.412967E+00    0.218783E+00    0.253753E+00
    0.253753E+00    0.400368E+00    0.605007E+00    0.778384E+00
    0.879804E+00    0.913927E+00    0.919128E+00    0.905346E+00
    0.862395E+00    0.792959E+00    0.678778E+00    0.552818E+00
    0.490637E+00    0.388772E+00    0.388772E+00    0.388772E+00
    0.365139E+00    0.422416E+00    0.447155E+00    0.447155E+00
    0.447155E+00    0.447155E+00    0.522663E+00    0.376599E+00
    0.376599E+00    0.376599E+00    0.376599E+00    0.376599E+00
    0.376599E+00    0.495361E+00    0.495361E+00    0.606398E+00
    0.606398E+00    0.717571E+00    0.717571E+00    0.717571E+00
    0.717571E+00    0.717571E+00    0.717571E+00    0.717571E+00
    0.717571E+00    0.717571E+00    0.717571E+00    0.717571E+00
    0.717571E+00    0.656954E+00    0.656954E+00    0.656954E+00
    0.656954E+00    0.656954E+00    0.656954E+00    0.656954E+00
    0.656954E+00    0.656954E+00    0.656954E+00    0.656954E+00
    0.656954E+00    0.656954E+00    0.656954E+00    0.656954E+00
    0.656954E+00    0.656954E+00    0.656954E+00    0.656954E+00
    0.118768E+02    0.116388E+02    0.114007E+02    0.107280E+02
    0.100552E+02    0.938240E+01    0.870960E+01    0.803681E+01
    0.743023E+01    0.681825E+01    0.620628E+01    0.559430E+01
    0.498233E+01    0.478825E+01    0.459419E+01    0.440012E+01
    0.420444E+01    0.401231E+01    0.393796E+01    0.386082E+01
    0.376925E+01    0.355763E+01    0.302411E+01    0.250425E+01
    0.210740E+01    0.167299E+01    0.133919E+01    0.955309E+00
    0.681485E+00    0.481903E+00    0.303980E+00    0.303980E+00
    0.303980E+00    0.296858E+00    0.296858E+00    0.296858E+00
    0.296858E+00    0.296858E+00    0.325115E+00    0.188598E+00
    0.188598E+00    0.188598E+00    0.188598E+00    0.188598E+00
    0.188598E+00    0.188598E+00    0.320432E+00    0.307056E+00
    0.307056E+00    0.559825E+00    0.737070E+00    0.837070E+00
    0.839532E+00    0.786672E+00    0.571723E+00    0.448774E+00
    0.402534E+00    0.428456E+00    0.584533E+00    0.724653E+00
    0.799652E+00    0.871374E+00    0.898158E+00    0.893682E+00
    0.880155E+00    0.850345E+00    0.786555E+00    0.673283E+00
    0.542160E+00    0.458986E+00    0.388772E+00    0.388772E+00
    0.388772E+00    0.388772E+00    0.422416E+00    0.447155E+00
    0.447155E+00    0.447155E+00    0.447155E+00    0.447155E+00
    0.376599E+00    0.376599E+00    0.376599E+00    0.376599E+00
    0.376599E+00    0.376599E+00    0.376599E+00    0.495361E+00
    0.495361E+00    0.606398E+00    0.606398E+00    0.717571E+00
    0.717571E+00    0.717571E+00    0.717571E+00    0.717571E+00
    0.717571E+00    0.717571E+00    0.717571E+00    0.717571E+00
    0.717571E+00    0.717571E+00    0.717571E+00    0.717571E+00
    0.656954E+00    0.656954E+00    0.656954E+00    0.656954E+00
    0.656954E+00    0.656954E+00    0.656954E+00    0.656954E+00
    0.656954E+00    0.656954E+00    0.656954E+00    0.656954E+00
    0.656954E+00    0.656954E+00    0.656954E+00    0.656954E+00
    0.656954E+00    0.116115E+02    0.113233E+02    0.110351E+02
    0.103736E+02    0.971206E+01    0.905053E+01    0.838900E+01
    0.772747E+01    0.712571E+01    0.652395E+01    0.591420E+01
    0.530224E+01    0.469027E+01    0.454539E+01    0.440054E+01
    0.425568E+01    0.409690E+01    0.389637E+01    0.370385E+01
    0.359037E+01    0.348955E+01    0.330867E+01    0.288763E+01
    0.236157E+01    0.172131E+01    0.143606E+01    0.114234E+01
    0.845458E+00    0.578010E+00    0.379473E+00    0.303980E+00
    0.303980E+00    0.303980E+00    0.303980E+00    0.303980E+00
    0.296858E+00    0.296858E+00    0.296858E+00    0.296858E+00
    0.188598E+00    0.188598E+00    0.188598E+00    0.188598E+00
    0.188598E+00    0.188598E+00    0.188598E+00    0.320432E+00
    0.320432E+00    0.546805E+00    0.734183E+00    0.891781E+00
    0.976737E+00    0.100809E+01    0.975341E+00    0.861676E+00
    0.756746E+00    0.799497E+00    0.776979E+00    0.825026E+00
    0.857247E+00    0.884564E+00    0.852674E+00    0.863704E+00
    0.832026E+00    0.804908E+00    0.769356E+00    0.700878E+00
    0.640244E+00    0.517953E+00    0.425274E+00    0.425274E+00
    0.425274E+00    0.388772E+00    0.388772E+00    0.388772E+00
    0.447155E+00    0.447155E+00    0.447155E+00    0.447155E+00
    0.447155E+00    0.376599E+00    0.376599E+00    0.376599E+00
    0.376599E+00    0.376599E+00    0.376599E+00    0.376599E+00
    0.376599E+00    0.495361E+00    0.495361E+00    0.606398E+00
    0.606398E+00    0.717571E+00    0.717571E+00    0.717571E+00
    0.717571E+00    0.717571E+00    0.717571E+00    0.717571E+00
    0.717571E+00    0.717571E+00    0.717571E+00    0.717571E+00
    0.717571E+00    0.717571E+00    0.717571E+00    0.656954E+00
    0.656954E+00    0.656954E+00    0.656954E+00    0.656954E+00
    0.656954E+00    0.656954E+00    0.656954E+00    0.656954E+00
    0.656954E+00    0.656954E+00    0.656954E+00    0.656954E+00
    0.656954E+00    0.656954E+00    0.113462E+02    0.110078E+02
    0.106694E+02    0.100192E+02    0.936893E+01    0.871867E+01
    0.806840E+01    0.741814E+01    0.681638E+01    0.621463E+01
    0.561287E+01    0.501017E+01    0.439821E+01    0.430254E+01
    0.420688E+01    0.411123E+01    0.398936E+01    0.380996E+01
    0.365854E+01    0.349060E+01    0.331716E+01    0.308183E+01
    0.264406E+01    0.209998E+01    0.153042E+01    0.124309E+01
    0.974311E+00    0.721755E+00    0.473643E+00    0.379473E+00
    0.379473E+00    0.303980E+00    0.303980E+00    0.303980E+00
    0.303980E+00    0.303980E+00    0.303980E+00    0.549000E+00
    0.549000E+00    0.188598E+00    0.188598E+00    0.188598E+00
    0.188598E+00    0.188598E+00    0.188598E+00    0.188598E+00
    0.188598E+00    0.562622E+00    0.735718E+00    0.947805E+00
    0.107246E+01    0.112538E+01    0.114606E+01    0.112718E+01
    0.110035E+01    0.110295E+01    0.108238E+01    0.111878E+01
    0.103931E+01    0.101010E+01    0.959293E+00    0.907621E+00
    0.858089E+00    0.784088E+00    0.723268E+00    0.667533E+00
    0.636870E+00    0.572534E+00    0.484943E+00    0.380957E+00
    0.380957E+00    0.380957E+00    0.380957E+00    0.380957E+00
    0.388772E+00    0.388772E+00    0.447155E+00    0.447155E+00
    0.447155E+00    0.447155E+00    0.447155E+00    0.376599E+00
    0.376599E+00    0.376599E+00    0.376599E+00    0.376599E+00
    0.376599E+00    0.376599E+00    0.376599E+00    0.495361E+00
    0.495361E+00    0.606398E+00    0.606398E+00    0.717571E+00
    0.717571E+00    0.717571E+00    0.717571E+00    0.717571E+00
    0.717571E+00    0.717571E+00    0.717571E+00    0.717571E+00
    0.717571E+00    0.717571E+00    0.717571E+00    0.717571E+00
    0.717571E+00    0.717571E+00    0.656954E+00    0.656954E+00
    0.656954E+00    0.656954E+00    0.656954E+00    0.656954E+00
    0.656954E+00    0.656954E+00    0.656954E+00    0.656954E+00
    0.656954E+00    0.656954E+00    0.656954E+00    0.110809E+02
    0.106923E+02    0.103038E+02    0.966479E+01    0.902579E+01
    0.838680E+01    0.774780E+01    0.710880E+01    0.650706E+01
    0.590531E+01    0.530356E+01    0.471966E+01    0.419928E+01
    0.413545E+01    0.407163E+01    0.400781E+01    0.393135E+01
    0.376719E+01    0.360304E+01    0.338735E+01    0.315448E+01
    0.286672E+01    0.241429E+01    0.190603E+01    0.134539E+01
    0.111471E+01    0.858272E+00    0.585799E+00    0.473643E+00
    0.473643E+00    0.379473E+00    0.379473E+00    0.303980E+00
    0.303980E+00    0.303980E+00    0.303980E+00    0.549000E+00
    0.549000E+00    0.549000E+00    0.549000E+00    0.313841E+00
    0.313841E+00    0.313841E+00    0.313841E+00    0.313841E+00
    0.313841E+00    0.313841E+00    0.699076E+00    0.963127E+00
    0.110935E+01    0.121130E+01    0.125645E+01    0.127063E+01
    0.126522E+01    0.125468E+01    0.124320E+01    0.123471E+01
    0.120603E+01    0.115791E+01    0.107957E+01    0.100894E+01
    0.936367E+00    0.857762E+00    0.745216E+00    0.637926E+00
    0.581398E+00    0.574665E+00    0.514225E+00    0.484943E+00
    0.380957E+00    0.380957E+00    0.380957E+00    0.380957E+00
    0.380957E+00    0.380957E+00    0.380957E+00    0.447155E+00
    0.447155E+00    0.447155E+00    0.447155E+00    0.447155E+00
    0.376599E+00    0.376599E+00    0.376599E+00    0.376599E+00
    0.376599E+00    0.376599E+00    0.376599E+00    0.376599E+00
    0.376599E+00    0.495361E+00    0.495361E+00    0.606398E+00
    0.606398E+00    0.717571E+00    0.717571E+00    0.717571E+00
    0.717571E+00    0.717571E+00    0.717571E+00    0.717571E+00
    0.717571E+00    0.717571E+00    0.717571E+00    0.717571E+00
    0.717571E+00    0.717571E+00    0.717571E+00    0.717571E+00
    0.717571E+00    0.656954E+00    0.656954E+00    0.656954E+00
    0.656954E+00    0.656954E+00    0.656954E+00    0.656954E+00
    0.656954E+00    0.656954E+00    0.656954E+00    0.656954E+00
    0.108746E+02    0.104655E+02    0.100563E+02    0.941229E+01
    0.876828E+01    0.812426E+01    0.748025E+01    0.683623E+01
    0.625709E+01    0.567795E+01    0.509880E+01    0.452508E+01
    0.417102E+01    0.410718E+01    0.405859E+01    0.401330E+01
    0.392930E+01    0.372908E+01    0.352886E+01    0.327770E+01
    0.300956E+01    0.269535E+01    0.225992E+01    0.176818E+01
    0.126698E+01    0.101242E+01    0.744044E+00    0.499372E+00
    0.365092E+00    0.365092E+00    0.365092E+00    0.365092E+00
    0.365092E+00    0.303980E+00    0.473912E+00    0.506829E+00
    0.549000E+00    0.549000E+00    0.549000E+00    0.549000E+00
    0.449556E+00    0.449556E+00    0.449556E+00    0.449556E+00
    0.449556E+00    0.449556E+00    0.449556E+00    0.797878E+00
    0.107346E+01    0.120957E+01    0.126807E+01    0.128989E+01
    0.131095E+01    0.131115E+01    0.129764E+01    0.128584E+01
    0.126148E+01    0.122930E+01    0.118170E+01    0.109252E+01
    0.984620E+00    0.891328E+00    0.822088E+00    0.718118E+00
    0.572843E+00    0.526225E+00    0.531504E+00    0.514225E+00
    0.514225E+00    0.380957E+00    0.380957E+00    0.380957E+00
    0.380957E+00    0.380957E+00    0.380957E+00    0.380957E+00
    0.380957E+00    0.447155E+00    0.447155E+00    0.447155E+00
    0.447155E+00    0.447155E+00    0.376599E+00    0.376599E+00
    0.376599E+00    0.376599E+00    0.376599E+00    0.376599E+00
    0.376599E+00    0.376599E+00    0.376599E+00    0.495361E+00
    0.495361E+00    0.606398E+00    0.606398E+00    0.717571E+00
    0.717571E+00    0.717571E+00    0.717571E+00    0.717571E+00
    0.717571E+00    0.717571E+00    0.717571E+00    0.717571E+00
    0.717571E+00    0.717571E+00    0.717571E+00    0.717571E+00
    0.717571E+00    0.717571E+00    0.717571E+00    0.717571E+00
    0.656954E+00    0.656954E+00    0.656954E+00    0.656954E+00
    0.656954E+00    0.656954E+00    0.656954E+00    0.656954E+00
    0.656954E+00    0.107703E+02    0.103917E+02    0.100130E+02
    0.933588E+01    0.865871E+01    0.798153E+01    0.730435E+01
    0.662717E+01    0.604803E+01    0.546890E+01    0.491397E+01
    0.450770E+01    0.415539E+01    0.411060E+01    0.406584E+01
    0.402108E+01    0.392350E+01    0.366739E+01    0.341128E+01
    0.312885E+01    0.283764E+01    0.251369E+01    0.209149E+01
    0.166955E+01    0.114354E+01    0.915047E+00    0.676606E+00
    0.458087E+00    0.362570E+00    0.362570E+00    0.362570E+00
    0.362570E+00    0.304901E+00    0.416228E+00    0.473912E+00
    0.506829E+00    0.549000E+00    0.549000E+00    0.549000E+00
    0.549000E+00    0.100496E+01    0.403459E+00    0.403459E+00
    0.403459E+00    0.403459E+00    0.403459E+00    0.403459E+00
    0.757410E+00    0.976766E+00    0.113176E+01    0.121954E+01
    0.125410E+01    0.125727E+01    0.126711E+01    0.126352E+01
    0.125563E+01    0.122599E+01    0.118438E+01    0.112189E+01
    0.102884E+01    0.915456E+00    0.834862E+00    0.738132E+00
    0.665772E+00    0.574917E+00    0.509936E+00    0.531504E+00
    0.531504E+00    0.514225E+00    0.514225E+00    0.380957E+00
    0.380957E+00    0.380957E+00    0.380957E+00    0.380957E+00
    0.380957E+00    0.380957E+00    0.380957E+00    0.447155E+00
    0.447155E+00    0.447155E+00    0.447155E+00    0.376599E+00
    0.376599E+00    0.376599E+00    0.376599E+00    0.376599E+00
    0.376599E+00    0.376599E+00    0.376599E+00    0.376599E+00
    0.376599E+00    0.495361E+00    0.495361E+00    0.606398E+00
    0.606398E+00    0.717571E+00    0.717571E+00    0.717571E+00
    0.717571E+00    0.717571E+00    0.717571E+00    0.717571E+00
    0.717571E+00    0.717571E+00    0.717571E+00    0.717571E+00
    0.717571E+00    0.717571E+00    0.717571E+00    0.717571E+00
    0.717571E+00    0.717571E+00    0.717571E+00    0.656954E+00
    0.656954E+00    0.656954E+00    0.656954E+00    0.656954E+00
    0.656954E+00    0.656954E+00    0.106660E+02    0.103179E+02
    0.996980E+01    0.925948E+01    0.854913E+01    0.783879E+01
    0.712845E+01    0.641811E+01    0.583898E+01    0.530285E+01
    0.489658E+01    0.449031E+01    0.416036E+01    0.411695E+01
    0.407357E+01    0.403019E+01    0.391159E+01    0.356725E+01
    0.322291E+01    0.291605E+01    0.262170E+01    0.229538E+01
    0.195779E+01    0.160954E+01    0.109256E+01    0.866993E+00
    0.691715E+00    0.535288E+00    0.383027E+00    0.383027E+00
    0.383027E+00    0.304901E+00    0.304901E+00    0.416228E+00
    0.473912E+00    0.506829E+00    0.549000E+00    0.549000E+00
    0.549000E+00    0.100496E+01    0.100496E+01    0.100496E+01
    0.260278E+00    0.260278E+00    0.260278E+00    0.260278E+00
    0.260278E+00    0.502678E+00    0.823175E+00    0.949005E+00
    0.107717E+01    0.112917E+01    0.115703E+01    0.119391E+01
    0.119822E+01    0.117828E+01    0.114962E+01    0.109039E+01
    0.970489E+00    0.885539E+00    0.814499E+00    0.738554E+00
    0.653966E+00    0.593784E+00    0.518064E+00    0.452219E+00
    0.452219E+00    0.452219E+00    0.531504E+00    0.514225E+00
    0.380957E+00    0.380957E+00    0.380957E+00    0.380957E+00
    0.380957E+00    0.380957E+00    0.380957E+00    0.380957E+00
    0.380957E+00    0.447155E+00    0.447155E+00    0.447155E+00
    0.376599E+00    0.376599E+00    0.376599E+00    0.376599E+00
    0.376599E+00    0.376599E+00    0.376599E+00    0.376599E+00
    0.376599E+00    0.376599E+00    0.376599E+00    0.495361E+00
    0.495361E+00    0.606398E+00    0.606398E+00    0.717571E+00
    0.717571E+00    0.717571E+00    0.717571E+00    0.717571E+00
    0.717571E+00    0.717571E+00    0.717571E+00    0.717571E+00
    0.717571E+00    0.717571E+00    0.717571E+00    0.717571E+00
    0.717571E+00    0.717571E+00    0.717571E+00    0.717571E+00
    0.717571E+00    0.717571E+00    0.656954E+00    0.656954E+00
    0.656954E+00    0.656954E+00    0.656954E+00    0.105616E+02
    0.102441E+02    0.992655E+01    0.918307E+01    0.843956E+01
    0.769606E+01    0.695255E+01    0.620904E+01    0.569172E+01
    0.528546E+01    0.487919E+01    0.447293E+01    0.416643E+01
    0.412639E+01    0.408383E+01    0.404127E+01    0.390429E+01
    0.348398E+01    0.306366E+01    0.272495E+01    0.241345E+01
    0.210997E+01    0.183054E+01    0.160735E+01    0.108725E+01
    0.872308E+00    0.746297E+00    0.630841E+00    0.481135E+00
    0.481135E+00    0.304901E+00    0.304901E+00    0.429582E+00
    0.416228E+00    0.473912E+00    0.506829E+00    0.549000E+00
    0.549000E+00    0.549000E+00    0.100496E+01    0.100496E+01
    0.100496E+01    0.248795E+01    0.260278E+00    0.260278E+00
    0.260278E+00    0.260278E+00    0.502678E+00    0.476237E+00
    0.607504E+00    0.754920E+00    0.871264E+00    0.956600E+00
    0.100912E+01    0.102447E+01    0.101618E+01    0.975827E+00
    0.919478E+00    0.853829E+00    0.777002E+00    0.726018E+00
    0.642931E+00    0.593264E+00    0.549818E+00    0.499771E+00
    0.415041E+00    0.415041E+00    0.362586E+00    0.362586E+00
    0.362586E+00    0.362586E+00    0.338016E+00    0.279325E+00
    0.380957E+00    0.380957E+00    0.380957E+00    0.380957E+00
    0.380957E+00    0.380957E+00    0.380957E+00    0.447155E+00
    0.447155E+00    0.447155E+00    0.376599E+00    0.376599E+00
    0.376599E+00    0.376599E+00    0.376599E+00    0.376599E+00
    0.376599E+00    0.376599E+00    0.376599E+00    0.376599E+00
    0.376599E+00    0.495361E+00    0.495361E+00    0.606398E+00
    0.606398E+00    0.717571E+00    0.717571E+00    0.717571E+00
    0.717571E+00    0.717571E+00    0.717571E+00    0.717571E+00
    0.717571E+00    0.717571E+00    0.717571E+00    0.717571E+00
    0.717571E+00    0.717571E+00    0.717571E+00    0.717571E+00
    0.717571E+00    0.717571E+00    0.717571E+00    0.717571E+00
    0.717571E+00    0.656954E+00    0.656954E+00    0.656954E+00
    0.105333E+02    0.102473E+02    0.996134E+01    0.920733E+01
    0.845329E+01    0.769925E+01    0.694521E+01    0.619118E+01
    0.578490E+01    0.537864E+01    0.497239E+01    0.457171E+01
    0.417414E+01    0.413483E+01    0.409556E+01    0.405521E+01
    0.390370E+01    0.342526E+01    0.294682E+01    0.256545E+01
    0.221643E+01    0.188481E+01    0.167353E+01    0.150356E+01
    0.114427E+01    0.879273E+00    0.727672E+00    0.650395E+00
    0.571286E+00    0.444318E+00    0.304901E+00    0.304901E+00
    0.429582E+00    0.416228E+00    0.473912E+00    0.506829E+00
    0.549000E+00    0.549000E+00    0.105994E+01    0.100496E+01
    0.100496E+01    0.100496E+01    0.248795E+01    0.234933E+01
    0.260278E+00    0.260278E+00    0.260278E+00    0.476237E+00
    0.476237E+00    0.607504E+00    0.407757E+00    0.581098E+00
    0.686101E+00    0.799003E+00    0.815601E+00    0.805910E+00
    0.776909E+00    0.734023E+00    0.687953E+00    0.645412E+00
    0.623587E+00    0.580459E+00    0.555548E+00    0.530768E+00
    0.489290E+00    0.412014E+00    0.362586E+00    0.362586E+00
    0.362586E+00    0.338016E+00    0.338016E+00    0.279325E+00
    0.279325E+00    0.279325E+00    0.279325E+00    0.279325E+00
    0.279325E+00    0.279325E+00    0.279325E+00    0.279325E+00
    0.279325E+00    0.279325E+00    0.447155E+00    0.376599E+00
    0.376599E+00    0.376599E+00    0.376599E+00    0.376599E+00
    0.376599E+00    0.376599E+00    0.376599E+00    0.376599E+00
    0.376599E+00    0.376599E+00    0.376599E+00    0.495361E+00
    0.495361E+00    0.606398E+00    0.606398E+00    0.717571E+00
    0.717571E+00    0.717571E+00    0.717571E+00    0.717571E+00
    0.717571E+00    0.717571E+00    0.717571E+00    0.717571E+00
    0.717571E+00    0.717571E+00    0.717571E+00    0.717571E+00
    0.717571E+00    0.717571E+00    0.717571E+00    0.717571E+00
    0.717571E+00    0.717571E+00    0.717571E+00    0.717571E+00
    0.656954E+00    0.106097E+02    0.103567E+02    0.101036E+02
    0.937025E+01    0.863686E+01    0.790347E+01    0.717008E+01
    0.643670E+01    0.603043E+01    0.562418E+01    0.523013E+01
    0.488489E+01    0.434760E+01    0.426944E+01    0.419139E+01
    0.411335E+01    0.392699E+01    0.341566E+01    0.286026E+01
    0.238011E+01    0.203625E+01    0.174082E+01    0.159066E+01
    0.144051E+01    0.118079E+01    0.964096E+00    0.735825E+00
    0.679269E+00    0.615006E+00    0.540880E+00    0.509380E+00
    0.513706E+00    0.429582E+00    0.416228E+00    0.473912E+00
    0.506829E+00    0.549000E+00    0.549000E+00    0.105994E+01
    0.100496E+01    0.100496E+01    0.248714E+01    0.248795E+01
    0.234933E+01    0.205952E+01    0.165785E+01    0.128814E+01
    0.476237E+00    0.476237E+00    0.407757E+00    0.407757E+00
    0.581098E+00    0.388503E+00    0.551942E+00    0.614060E+00
    0.613205E+00    0.581920E+00    0.554075E+00    0.539904E+00
    0.541890E+00    0.557294E+00    0.545279E+00    0.523674E+00
    0.515060E+00    0.506702E+00    0.443212E+00    0.401178E+00
    0.401178E+00    0.338016E+00    0.338016E+00    0.279325E+00
    0.279325E+00    0.279325E+00    0.279325E+00    0.279325E+00
    0.279325E+00    0.279325E+00    0.279325E+00    0.279325E+00
    0.279325E+00    0.279325E+00    0.279325E+00    0.279325E+00
    0.279325E+00    0.376599E+00    0.376599E+00    0.376599E+00
    0.376599E+00    0.376599E+00    0.376599E+00    0.376599E+00
    0.376599E+00    0.376599E+00    0.376599E+00    0.376599E+00
    0.376599E+00    0.495361E+00    0.495361E+00    0.606398E+00
    0.606398E+00    0.717571E+00    0.717571E+00    0.717571E+00
    0.717571E+00    0.717571E+00    0.717571E+00    0.717571E+00
    0.717571E+00    0.717571E+00    0.717571E+00    0.717571E+00
    0.717571E+00    0.717571E+00    0.717571E+00    0.717571E+00
    0.717571E+00    0.717571E+00    0.717571E+00    0.717571E+00
    0.717571E+00    0.717571E+00    0.106861E+02    0.104660E+02
    0.102459E+02    0.953317E+01    0.882043E+01    0.810769E+01
    0.739495E+01    0.668222E+01    0.627595E+01    0.588855E+01
    0.554331E+01    0.519806E+01    0.473684E+01    0.456943E+01
    0.440209E+01    0.423474E+01    0.398142E+01    0.347009E+01
    0.259566E+01    0.216111E+01    0.187803E+01    0.163959E+01
    0.153507E+01    0.143054E+01    0.124807E+01    0.122851E+01
    0.109907E+01    0.949724E+00    0.873840E+00    0.944661E+00
    0.124283E+01    0.131267E+01    0.133846E+01    0.118804E+01
    0.100431E+01    0.104752E+01    0.109027E+01    0.109917E+01
    0.105994E+01    0.100496E+01    0.100496E+01    0.248714E+01
    0.248795E+01    0.234933E+01    0.205952E+01    0.165785E+01
    0.128814E+01    0.128814E+01    0.128814E+01    0.407757E+00
    0.407757E+00    0.388503E+00    0.388503E+00    0.551942E+00
    0.364566E+00    0.432532E+00    0.428729E+00    0.437472E+00
    0.424295E+00    0.454964E+00    0.489447E+00    0.497410E+00
    0.497547E+00    0.503966E+00    0.491045E+00    0.452272E+00
    0.408178E+00    0.338016E+00    0.338016E+00    0.279325E+00
    0.279325E+00    0.279325E+00    0.279325E+00    0.279325E+00
    0.279325E+00    0.279325E+00    0.279325E+00    0.279325E+00
    0.279325E+00    0.279325E+00    0.279325E+00    0.279325E+00
    0.279325E+00    0.279325E+00    0.279325E+00    0.376599E+00
    0.376599E+00    0.376599E+00    0.376599E+00    0.376599E+00
    0.376599E+00    0.376599E+00    0.376599E+00    0.376599E+00
    0.376599E+00    0.376599E+00    0.376599E+00    0.495361E+00
    0.495361E+00    0.606398E+00    0.606398E+00    0.717571E+00
    0.717571E+00    0.717571E+00    0.717571E+00    0.717571E+00
    0.717571E+00    0.717571E+00    0.717571E+00    0.717571E+00
    0.717571E+00    0.717571E+00    0.717571E+00    0.717571E+00
    0.717571E+00    0.717571E+00    0.717571E+00    0.717571E+00
    0.717571E+00    0.717571E+00    0.717571E+00    0.107625E+02
    0.105753E+02    0.103882E+02    0.969609E+01    0.900400E+01
    0.831191E+01    0.761982E+01    0.692774E+01    0.654696E+01
    0.620172E+01    0.585648E+01    0.551124E+01    0.512608E+01
    0.486941E+01    0.461278E+01    0.435614E+01    0.403584E+01
    0.322001E+01    0.244046E+01    0.214526E+01    0.189493E+01
    0.169311E+01    0.163681E+01    0.158052E+01    0.158825E+01
    0.161733E+01    0.158855E+01    0.138608E+01    0.161813E+01
    0.187907E+01    0.212712E+01    0.219637E+01    0.224297E+01
    0.228899E+01    0.237644E+01    0.243629E+01    0.244827E+01
    0.242876E+01    0.239131E+01    0.235535E+01    0.239051E+01
    0.248714E+01    0.248795E+01    0.234933E+01    0.205952E+01
    0.165785E+01    0.128814E+01    0.128814E+01    0.152301E+01
    0.152301E+01    0.388503E+00    0.388503E+00    0.388503E+00
    0.364566E+00    0.364566E+00    0.280335E+00    0.389199E+00
    0.386224E+00    0.360570E+00    0.364382E+00    0.389817E+00
    0.422477E+00    0.437258E+00    0.431477E+00    0.426125E+00
    0.400133E+00    0.360329E+00    0.298585E+00    0.279325E+00
    0.279325E+00    0.279325E+00    0.279325E+00    0.279325E+00
    0.279325E+00    0.279325E+00    0.279325E+00    0.279325E+00
    0.279325E+00    0.279325E+00    0.279325E+00    0.279325E+00
    0.279325E+00    0.279325E+00    0.279325E+00    0.279325E+00
    0.279325E+00    0.279325E+00    0.376599E+00    0.376599E+00
    0.376599E+00    0.376599E+00    0.376599E+00    0.376599E+00
    0.376599E+00    0.376599E+00    0.376599E+00    0.376599E+00
    0.376599E+00    0.495361E+00    0.495361E+00    0.606398E+00
    0.606398E+00    0.717571E+00    0.717571E+00    0.717571E+00
    0.717571E+00    0.717571E+00    0.717571E+00    0.717571E+00
    0.717571E+00    0.717571E+00    0.717571E+00    0.717571E+00
    0.717571E+00    0.717571E+00    0.717571E+00    0.717571E+00
    0.717571E+00    0.717571E+00    0.717571E+00    0.717571E+00
    0.108638E+02    0.106982E+02    0.105326E+02    0.988729E+01
    0.924193E+01    0.859657E+01    0.795121E+01    0.730586E+01
    0.696935E+01    0.663285E+01    0.629636E+01    0.595987E+01
    0.562339E+01    0.531986E+01    0.501634E+01    0.471283E+01
    0.425029E+01    0.319931E+01    0.273006E+01    0.242597E+01
    0.212187E+01    0.192739E+01    0.192234E+01    0.191730E+01
    0.201693E+01    0.215146E+01    0.220178E+01    0.242461E+01
    0.277899E+01    0.281785E+01    0.276889E+01    0.282933E+01
    0.289795E+01    0.295513E+01    0.306203E+01    0.309527E+01
    0.308239E+01    0.305278E+01    0.302374E+01    0.297292E+01
    0.300808E+01    0.300310E+01    0.303357E+01    0.299163E+01
    0.265915E+01    0.225358E+01    0.188349E+01    0.152301E+01
    0.152301E+01    0.177214E+01    0.199641E+01    0.199641E+01
    0.364566E+00    0.286257E+00    0.286257E+00    0.286257E+00
    0.391011E+00    0.373771E+00    0.332559E+00    0.320436E+00
    0.331741E+00    0.340768E+00    0.338611E+00    0.358011E+00
    0.330971E+00    0.350408E+00    0.321818E+00    0.283922E+00
    0.271941E+00    0.271941E+00    0.271941E+00    0.271941E+00
    0.271941E+00    0.271941E+00    0.271941E+00    0.271941E+00
    0.271941E+00    0.271941E+00    0.271941E+00    0.271941E+00
    0.271941E+00    0.271941E+00    0.271941E+00    0.271941E+00
    0.271941E+00    0.271941E+00    0.271941E+00    0.271941E+00
    0.376599E+00    0.376599E+00    0.376599E+00    0.376599E+00
    0.376599E+00    0.376599E+00    0.376599E+00    0.376599E+00
    0.376599E+00    0.376599E+00    0.376599E+00    0.495361E+00
    0.495361E+00    0.606398E+00    0.606398E+00    0.717571E+00
    0.717571E+00    0.717571E+00    0.717571E+00    0.717571E+00
    0.717571E+00    0.717571E+00    0.717571E+00    0.717571E+00
    0.717571E+00    0.717571E+00    0.717571E+00    0.717571E+00
    0.717571E+00    0.717571E+00    0.717571E+00    0.717571E+00
    0.717571E+00    0.109928E+02    0.108362E+02    0.106796E+02
    0.101098E+02    0.953997E+01    0.897018E+01    0.840039E+01
    0.783061E+01    0.751252E+01    0.719444E+01    0.687638E+01
    0.655831E+01    0.624025E+01    0.593673E+01    0.563321E+01
    0.529152E+01    0.492942E+01    0.363992E+01    0.327372E+01
    0.290765E+01    0.254158E+01    0.227231E+01    0.229349E+01
    0.232374E+01    0.254849E+01    0.282250E+01    0.311523E+01
    0.346407E+01    0.381293E+01    0.374574E+01    0.369300E+01
    0.431415E+01    0.440442E+01    0.449345E+01    0.452958E+01
    0.454807E+01    0.452466E+01    0.447643E+01    0.443274E+01
    0.431512E+01    0.414852E+01    0.398132E+01    0.381115E+01
    0.356854E+01    0.319575E+01    0.279054E+01    0.237770E+01
    0.205505E+01    0.177214E+01    0.177214E+01    0.199641E+01
    0.199641E+01    0.199641E+01    0.340554E+00    0.340554E+00
    0.340554E+00    0.412215E+00    0.395448E+00    0.335187E+00
    0.298479E+00    0.289281E+00    0.278408E+00    0.257287E+00
    0.282659E+00    0.342568E+00    0.382497E+00    0.327885E+00
    0.281428E+00    0.271941E+00    0.271941E+00    0.271941E+00
    0.271941E+00    0.271941E+00    0.271941E+00    0.271941E+00
    0.271941E+00    0.271941E+00    0.271941E+00    0.271941E+00
    0.271941E+00    0.271941E+00    0.271941E+00    0.271941E+00
    0.271941E+00    0.271941E+00    0.271941E+00    0.271941E+00
    0.271941E+00    0.271941E+00    0.376599E+00    0.376599E+00
    0.376599E+00    0.376599E+00    0.376599E+00    0.376599E+00
    0.376599E+00    0.376599E+00    0.376599E+00    0.376599E+00
    0.376599E+00    0.495361E+00    0.495361E+00    0.606398E+00
    0.606398E+00    0.717571E+00    0.717571E+00    0.717571E+00
    0.717571E+00    0.717571E+00    0.717571E+00    0.717571E+00
    0.717571E+00    0.717571E+00    0.717571E+00    0.717571E+00
    0.717571E+00    0.717571E+00    0.717571E+00    0.717571E+00
    0.717571E+00    0.717571E+00    0.111218E+02    0.109741E+02
    0.108265E+02    0.103323E+02    0.983802E+01    0.934380E+01
    0.884957E+01    0.835535E+01    0.805569E+01    0.775604E+01
    0.745639E+01    0.715675E+01    0.685712E+01    0.655360E+01
    0.621480E+01    0.585270E+01    0.549061E+01    0.457649E+01
    0.408345E+01    0.359050E+01    0.309755E+01    0.273311E+01
    0.275469E+01    0.283172E+01    0.318778E+01    0.363691E+01
    0.405815E+01    0.439570E+01    0.473326E+01    0.479401E+01
    0.503961E+01    0.538348E+01    0.548502E+01    0.558091E+01
    0.561495E+01    0.559031E+01    0.554966E+01    0.546092E+01
    0.539251E+01    0.529571E+01    0.518120E+01    0.496147E+01
    0.457216E+01    0.419069E+01    0.376141E+01    0.349621E+01
    0.302000E+01    0.265741E+01    0.238785E+01    0.207604E+01
    0.199641E+01    0.199641E+01    0.214123E+01    0.340554E+00
    0.340554E+00    0.340554E+00    0.427918E+00    0.419673E+00
    0.354604E+00    0.301310E+00    0.276992E+00    0.283731E+00
    0.257287E+00    0.282659E+00    0.342568E+00    0.484800E+00
    0.378928E+00    0.279608E+00    0.279608E+00    0.279608E+00
    0.271941E+00    0.271941E+00    0.271941E+00    0.271941E+00
    0.271941E+00    0.271941E+00    0.271941E+00    0.271941E+00
    0.271941E+00    0.271941E+00    0.271941E+00    0.271941E+00
    0.271941E+00    0.271941E+00    0.271941E+00    0.271941E+00
    0.271941E+00    0.271941E+00    0.271941E+00    0.271941E+00
    0.271941E+00    0.376599E+00    0.376599E+00    0.376599E+00
    0.376599E+00    0.376599E+00    0.376599E+00    0.376599E+00
    0.376599E+00    0.376599E+00    0.376599E+00    0.495361E+00
    0.495361E+00    0.606398E+00    0.606398E+00    0.717571E+00
    0.717571E+00    0.717571E+00    0.717571E+00    0.717571E+00
    0.717571E+00    0.717571E+00    0.717571E+00    0.717571E+00
    0.717571E+00    0.717571E+00    0.717571E+00    0.717571E+00
    0.717571E+00    0.717571E+00    0.717571E+00    0.112507E+02
    0.111121E+02    0.109734E+02    0.105547E+02    0.101361E+02
    0.971741E+01    0.929875E+01    0.888010E+01    0.859886E+01
    0.831763E+01    0.803641E+01    0.775519E+01    0.747398E+01
    0.713809E+01    0.677599E+01    0.641389E+01    0.605180E+01
    0.551305E+01    0.489317E+01    0.427334E+01    0.365351E+01
    0.319390E+01    0.328904E+01    0.371735E+01    0.401395E+01
    0.454788E+01    0.502963E+01    0.535480E+01    0.567997E+01
    0.593947E+01    0.617709E+01    0.638091E+01    0.648335E+01
    0.658579E+01    0.659258E+01    0.656748E+01    0.652360E+01
    0.642337E+01    0.632315E+01    0.619471E+01    0.605688E+01
    0.582953E+01    0.533358E+01    0.512839E+01    0.493221E+01
    0.460018E+01    0.425113E+01    0.387593E+01    0.350479E+01
    0.296875E+01    0.255533E+01    0.214123E+01    0.214123E+01
    0.208223E+01    0.419122E+00    0.419122E+00    0.419122E+00
    0.420980E+00    0.367741E+00    0.325845E+00    0.338164E+00
    0.283731E+00    0.283731E+00    0.282659E+00    0.484800E+00
    0.484800E+00    0.378928E+00    0.279608E+00    0.279608E+00
    0.279608E+00    0.279608E+00    0.279608E+00    0.271941E+00
    0.271941E+00    0.271941E+00    0.271941E+00    0.271941E+00
    0.271941E+00    0.271941E+00    0.271941E+00    0.271941E+00
    0.271941E+00    0.271941E+00    0.271941E+00    0.271941E+00
    0.271941E+00    0.271941E+00    0.271941E+00    0.271941E+00
    0.271941E+00    0.271941E+00    0.271941E+00    0.376599E+00
    0.376599E+00    0.376599E+00    0.376599E+00    0.376599E+00
    0.376599E+00    0.376599E+00    0.376599E+00    0.376599E+00
    0.376599E+00    0.495361E+00    0.495361E+00    0.606398E+00
    0.606398E+00    0.717571E+00    0.717571E+00    0.717571E+00
    0.717571E+00    0.717571E+00    0.717571E+00    0.717571E+00
    0.717571E+00    0.717571E+00    0.717571E+00    0.717571E+00
    0.717571E+00    0.717571E+00    0.717571E+00    0.717571E+00
    0.114489E+02    0.113205E+02    0.111921E+02    0.108091E+02
    0.104260E+02    0.100429E+02    0.965979E+01    0.928598E+01
    0.904769E+01    0.880941E+01    0.857113E+01    0.833286E+01
    0.809460E+01    0.775539E+01    0.741617E+01    0.707697E+01
    0.673777E+01    0.639858E+01    0.571903E+01    0.503948E+01
    0.435993E+01    0.426643E+01    0.478324E+01    0.505177E+01
    0.532307E+01    0.559437E+01    0.602791E+01    0.633969E+01
    0.665147E+01    0.689602E+01    0.711816E+01    0.731082E+01
    0.741501E+01    0.751921E+01    0.752575E+01    0.749972E+01
    0.744959E+01    0.732709E+01    0.720459E+01    0.703665E+01
    0.685357E+01    0.659229E+01    0.626166E+01    0.596843E+01
    0.570530E+01    0.534687E+01    0.499550E+01    0.459534E+01
    0.420714E+01    0.347809E+01    0.280208E+01    0.249547E+01
    0.208223E+01    0.208223E+01    0.441717E+00    0.399227E+00
    0.399227E+00    0.442523E+00    0.408594E+00    0.392079E+00
    0.338164E+00    0.338164E+00    0.283731E+00    0.283731E+00
    0.484800E+00    0.484800E+00    0.378928E+00    0.279608E+00
    0.279608E+00    0.279608E+00    0.279608E+00    0.279608E+00
    0.279608E+00    0.279608E+00    0.271941E+00    0.271941E+00
    0.271941E+00    0.271941E+00    0.271941E+00    0.271941E+00
    0.271941E+00    0.271941E+00    0.271941E+00    0.271941E+00
    0.271941E+00    0.271941E+00    0.271941E+00    0.271941E+00
    0.271941E+00    0.271941E+00    0.271941E+00    0.271941E+00
    0.271941E+00    0.271941E+00    0.376599E+00    0.376599E+00
    0.376599E+00    0.376599E+00    0.376599E+00    0.376599E+00
    0.376599E+00    0.376599E+00    0.376599E+00    0.495361E+00
    0.495361E+00    0.606398E+00    0.606398E+00    0.717571E+00
    0.717571E+00    0.717571E+00    0.717571E+00    0.717571E+00
    0.717571E+00    0.717571E+00    0.717571E+00    0.717571E+00
    0.717571E+00    0.717571E+00    0.717571E+00    0.717571E+00
    0.717571E+00    0.117085E+02    0.115916E+02    0.114748E+02
    0.110917E+02    0.107086E+02    0.103255E+02    0.994849E+01
    0.958613E+01    0.941261E+01    0.923909E+01    0.906557E+01
    0.889206E+01    0.871855E+01    0.842259E+01    0.812662E+01
    0.783066E+01    0.753471E+01    0.723877E+01    0.655923E+01
    0.587969E+01    0.571428E+01    0.576560E+01    0.614906E+01
    0.632071E+01    0.649232E+01    0.666395E+01    0.686908E+01
    0.717474E+01    0.751374E+01    0.777041E+01    0.795751E+01
    0.812408E+01    0.822908E+01    0.826041E+01    0.818218E+01
    0.816059E+01    0.811123E+01    0.797855E+01    0.785552E+01
    0.770033E+01    0.752223E+01    0.731536E+01    0.702213E+01
    0.674414E+01    0.644850E+01    0.612771E+01    0.578708E+01
    0.538693E+01    0.484466E+01    0.415104E+01    0.347642E+01
    0.279582E+01    0.237842E+01    0.237842E+01    0.441717E+00
    0.441717E+00    0.589817E+00    0.582638E+00    0.555447E+00
    0.544495E+00    0.544495E+00    0.544495E+00    0.338164E+00
    0.283731E+00    0.484800E+00    0.484800E+00    0.378928E+00
    0.279608E+00    0.279608E+00    0.279608E+00    0.279608E+00
    0.279608E+00    0.279608E+00    0.279608E+00    0.279608E+00
    0.279608E+00    0.271941E+00    0.271941E+00    0.271941E+00
    0.271941E+00    0.271941E+00    0.271941E+00    0.271941E+00
    0.271941E+00    0.271941E+00    0.271941E+00    0.271941E+00
    0.271941E+00    0.271941E+00    0.271941E+00    0.271941E+00
    0.271941E+00    0.271941E+00    0.271941E+00    0.271941E+00
    0.376599E+00    0.376599E+00    0.376599E+00    0.376599E+00
    0.376599E+00    0.376599E+00    0.376599E+00    0.376599E+00
    0.376599E+00    0.495361E+00    0.495361E+00    0.606398E+00
    0.606398E+00    0.717571E+00    0.717571E+00    0.717571E+00
    0.717571E+00    0.717571E+00    0.717571E+00    0.717571E+00
    0.717571E+00    0.717571E+00    0.717571E+00    0.717571E+00
    0.717571E+00    0.717571E+00    0.119681E+02    0.118627E+02
    0.117574E+02    0.113743E+02    0.109912E+02    0.106110E+02
    0.102486E+02    0.988629E+01    0.977753E+01    0.966877E+01
    0.956001E+01    0.945126E+01    0.934251E+01    0.908979E+01
    0.883707E+01    0.858436E+01    0.833165E+01    0.807896E+01
    0.739943E+01    0.719785E+01    0.724915E+01    0.730046E+01
    0.754645E+01    0.753451E+01    0.752253E+01    0.751056E+01
    0.757799E+01    0.789220E+01    0.835760E+01    0.857563E+01
    0.871121E+01    0.883914E+01    0.892523E+01    0.867716E+01
    0.860563E+01    0.859298E+01    0.855032E+01    0.842012E+01
    0.833365E+01    0.821392E+01    0.808311E+01    0.791169E+01
    0.762238E+01    0.740219E+01    0.715853E+01    0.690705E+01
    0.661842E+01    0.618178E+01    0.510061E+01    0.440700E+01
    0.410856E+01    0.388818E+01    0.319770E+01    0.246942E+01
    0.142953E+01    0.986572E+00    0.848164E+00    0.933303E+00
    0.814372E+00    0.544495E+00    0.544495E+00    0.544495E+00
    0.544495E+00    0.544495E+00    0.484800E+00    0.484800E+00
    0.378928E+00    0.279608E+00    0.279608E+00    0.279608E+00
    0.279608E+00    0.279608E+00    0.279608E+00    0.279608E+00
    0.279608E+00    0.279608E+00    0.279608E+00    0.279608E+00
    0.271941E+00    0.271941E+00    0.271941E+00    0.271941E+00
    0.271941E+00    0.271941E+00    0.271941E+00    0.271941E+00
    0.271941E+00    0.271941E+00    0.271941E+00    0.271941E+00
    0.271941E+00    0.271941E+00    0.271941E+00    0.271941E+00
    0.271941E+00    0.271941E+00    0.271941E+00    0.376599E+00
    0.376599E+00    0.376599E+00    0.376599E+00    0.376599E+00
    0.376599E+00    0.376599E+00    0.376599E+00    0.495361E+00
    0.495361E+00    0.606398E+00    0.606398E+00    0.717571E+00
    0.717571E+00    0.717571E+00    0.717571E+00    0.717571E+00
    0.717571E+00    0.717571E+00    0.717571E+00    0.717571E+00
    0.717571E+00    0.717571E+00    0.717571E+00    0.122277E+02
    0.121339E+02    0.120400E+02    0.116569E+02    0.112739E+02
    0.109111E+02    0.105488E+02    0.101865E+02    0.101425E+02
    0.100985E+02    0.100545E+02    0.100105E+02    0.996647E+01
    0.975699E+01    0.954752E+01    0.933805E+01    0.912860E+01
    0.891915E+01    0.868142E+01    0.873271E+01    0.878401E+01
    0.883533E+01    0.894384E+01    0.874830E+01    0.855273E+01
    0.835717E+01    0.828689E+01    0.873607E+01    0.920147E+01
    0.938085E+01    0.946491E+01    0.955421E+01    0.934198E+01
    0.909391E+01    0.902909E+01    0.902537E+01    0.898941E+01
    0.889825E+01    0.881178E+01    0.872751E+01    0.864398E+01
    0.850803E+01    0.828042E+01    0.806023E+01    0.786856E+01
    0.768640E+01    0.744975E+01    0.647541E+01    0.585732E+01
    0.569384E+01    0.537917E+01    0.470370E+01    0.387136E+01
    0.305541E+01    0.217925E+01    0.145718E+01    0.134637E+01
    0.125043E+01    0.116186E+01    0.116186E+01    0.116186E+01
    0.544495E+00    0.544495E+00    0.544495E+00    0.484800E+00
    0.484800E+00    0.378928E+00    0.279608E+00    0.279608E+00
    0.279608E+00    0.279608E+00    0.279608E+00    0.279608E+00
    0.279608E+00    0.279608E+00    0.279608E+00    0.279608E+00
    0.279608E+00    0.279608E+00    0.279608E+00    0.271941E+00
    0.271941E+00    0.271941E+00    0.271941E+00    0.271941E+00
    0.271941E+00    0.271941E+00    0.271941E+00    0.271941E+00
    0.271941E+00    0.271941E+00    0.271941E+00    0.271941E+00
    0.271941E+00    0.271941E+00    0.271941E+00    0.271941E+00
    0.271941E+00    0.376599E+00    0.376599E+00    0.376599E+00
    0.376599E+00    0.376599E+00    0.376599E+00    0.376599E+00
    0.376599E+00    0.495361E+00    0.495361E+00    0.606398E+00
    0.606398E+00    0.717571E+00    0.717571E+00    0.717571E+00
    0.717571E+00    0.717571E+00    0.717571E+00    0.717571E+00
    0.717571E+00    0.717571E+00    0.717571E+00    0.717571E+00
    0.124873E+02    0.124050E+02    0.123226E+02    0.119396E+02
    0.115736E+02    0.112113E+02    0.108639E+02    0.107330E+02
    0.106034E+02    0.105864E+02    0.105693E+02    0.105523E+02
    0.105352E+02    0.103267E+02    0.101182E+02    0.990963E+01
    0.970110E+01    0.949257E+01    0.953381E+01    0.957506E+01
    0.961632E+01    0.965758E+01    0.969884E+01    0.942689E+01
    0.915494E+01    0.888298E+01    0.912588E+01    0.110247E+02
    0.110348E+02    0.110460E+02    0.110573E+02    0.110685E+02
    0.110798E+02    0.109257E+02    0.107717E+02    0.106176E+02
    0.104636E+02    0.103092E+02    0.102632E+02    0.102142E+02
    0.101653E+02    0.101163E+02    0.100673E+02    0.965340E+01
    0.907219E+01    0.849100E+01    0.813639E+01    0.760834E+01
    0.728665E+01    0.666550E+01    0.604436E+01    0.537000E+01
    0.469815E+01    0.422729E+01    0.351899E+01    0.278152E+01
    0.242861E+01    0.125043E+01    0.116186E+01    0.116186E+01
    0.116186E+01    0.116186E+01    0.116186E+01    0.544495E+00
    0.383379E+01    0.484800E+00    0.378928E+00    0.279608E+00
    0.279608E+00    0.279608E+00    0.279608E+00    0.279608E+00
    0.279608E+00    0.279608E+00    0.279608E+00    0.279608E+00
    0.279608E+00    0.279608E+00    0.279608E+00    0.279608E+00
    0.279608E+00    0.279608E+00    0.271941E+00    0.271941E+00
    0.271941E+00    0.271941E+00    0.271941E+00    0.271941E+00
    0.271941E+00    0.271941E+00    0.271941E+00    0.271941E+00
    0.271941E+00    0.271941E+00    0.271941E+00    0.271941E+00
    0.271941E+00    0.271941E+00    0.271941E+00    0.271941E+00
    0.376599E+00    0.376599E+00    0.376599E+00    0.376599E+00
    0.376599E+00    0.376599E+00    0.376599E+00    0.495361E+00
    0.495361E+00    0.606398E+00    0.606398E+00    0.717571E+00
    0.717571E+00    0.717571E+00    0.717571E+00    0.717571E+00
    0.717571E+00    0.717571E+00    0.717571E+00    0.717571E+00
    0.717571E+00    0.127470E+02    0.126761E+02    0.126053E+02
    0.122366E+02    0.119054E+02    0.115771E+02    0.116242E+02
    0.114551E+02    0.112860E+02    0.111169E+02    0.110987E+02
    0.110817E+02    0.110646E+02    0.108269E+02    0.105892E+02
    0.103514E+02    0.101137E+02    0.987598E+01    0.989999E+01
    0.992402E+01    0.994806E+01    0.997209E+01    0.999613E+01
    0.972419E+01    0.945223E+01    0.956194E+01    0.979513E+01
    0.112744E+02    0.112746E+02    0.112793E+02    0.112906E+02
    0.113018E+02    0.113131E+02    0.111590E+02    0.110050E+02
    0.108510E+02    0.106954E+02    0.105389E+02    0.105127E+02
    0.104770E+02    0.104280E+02    0.103791E+02    0.103301E+02
    0.993057E+01    0.953104E+01    0.913151E+01    0.873478E+01
    0.861849E+01    0.798557E+01    0.735260E+01    0.671964E+01
    0.613995E+01    0.572012E+01    0.513199E+01    0.471638E+01
    0.436109E+01    0.242861E+01    0.433077E+01    0.433077E+01
    0.395620E+01    0.395620E+01    0.395620E+01    0.395620E+01
    0.383379E+01    0.383379E+01    0.376380E+01    0.376380E+01
    0.279608E+00    0.279608E+00    0.279608E+00    0.279608E+00
    0.279608E+00    0.279608E+00    0.279608E+00    0.279608E+00
    0.279608E+00    0.279608E+00    0.279608E+00    0.279608E+00
    0.279608E+00    0.279608E+00    0.279608E+00    0.279608E+00
    0.279608E+00    0.271941E+00    0.271941E+00    0.271941E+00
    0.271941E+00    0.271941E+00    0.271941E+00    0.271941E+00
    0.271941E+00    0.271941E+00    0.271941E+00    0.500000E-01
    0.500000E-01    0.500000E-01    0.500000E-01    0.500000E-01
    0.500000E-01    0.500000E-01    0.500000E-01    0.190010E+00
    0.190010E+00    0.190010E+00    0.190010E+00    0.190010E+00
    0.190010E+00    0.190010E+00    0.495361E+00    0.606398E+00
    0.606398E+00    0.717571E+00    0.717571E+00    0.717571E+00
    0.717571E+00    0.717571E+00    0.717571E+00    0.717571E+00
    0.717571E+00    0.717571E+00    0.130365E+02    0.128666E+02
    0.126967E+02    0.125269E+02    0.123888E+02    0.124367E+02
    0.123464E+02    0.121772E+02    0.120081E+02    0.118390E+02
    0.116700E+02    0.116111E+02    0.115941E+02    0.113271E+02
    0.110602E+02    0.107933E+02    0.105263E+02    0.102594E+02
    0.102662E+02    0.102730E+02    0.102798E+02    0.102866E+02
    0.102934E+02    0.100215E+02    0.101062E+02    0.103394E+02
    0.105726E+02    0.115241E+02    0.115242E+02    0.115242E+02
    0.115242E+02    0.115351E+02    0.115464E+02    0.113924E+02
    0.112382E+02    0.110817E+02    0.109251E+02    0.107685E+02
    0.107424E+02    0.107163E+02    0.106902E+02    0.106418E+02
    0.105929E+02    0.101934E+02    0.979384E+01    0.959249E+01
    0.947620E+01    0.935991E+01    0.870720E+01    0.805444E+01
    0.740170E+01    0.680717E+01    0.631612E+01    0.534904E+01
    0.489703E+01    0.483634E+01    0.470107E+01    0.433077E+01
    0.433077E+01    0.395620E+01    0.395620E+01    0.395620E+01
    0.383379E+01    0.383379E+01    0.376380E+01    0.376380E+01
    0.342601E+01    0.141735E+01    0.141735E+01    0.141735E+01
    0.141735E+01    0.141735E+01    0.141735E+01    0.140480E+01
    0.279608E+00    0.279608E+00    0.279608E+00    0.279608E+00
    0.279608E+00    0.279608E+00    0.279608E+00    0.279608E+00
    0.279608E+00    0.619365E+00    0.619365E+00    0.619365E+00
    0.619365E+00    0.619365E+00    0.619365E+00    0.500000E-01
    0.500000E-01    0.500000E-01    0.500000E-01    0.500000E-01
    0.500000E-01    0.500000E-01    0.500000E-01    0.500000E-01
    0.500000E-01    0.500000E-01    0.190010E+00    0.190010E+00
    0.190010E+00    0.190010E+00    0.190010E+00    0.190010E+00
    0.190010E+00    0.190010E+00    0.190010E+00    0.190010E+00
    0.190010E+00    0.406044E+00    0.406044E+00    0.406044E+00
    0.406044E+00    0.406044E+00    0.406044E+00    0.406044E+00
    0.498154E+00    0.498154E+00    0.498154E+00    0.134096E+02
    0.133749E+02    0.133402E+02    0.133055E+02    0.132709E+02
    0.132376E+02    0.130685E+02    0.128994E+02    0.127303E+02
    0.125612E+02    0.123921E+02    0.122230E+02    0.121235E+02
    0.118274E+02    0.115312E+02    0.112351E+02    0.109389E+02
    0.106428E+02    0.106324E+02    0.106219E+02    0.106115E+02
    0.106011E+02    0.105907E+02    0.106505E+02    0.108836E+02
    0.111168E+02    0.113500E+02    0.117737E+02    0.117738E+02
    0.117738E+02    0.117738E+02    0.117738E+02    0.117797E+02
    0.116245E+02    0.114679E+02    0.113113E+02    0.111547E+02
    0.109982E+02    0.109720E+02    0.109459E+02    0.109198E+02
    0.108937E+02    0.108557E+02    0.105665E+02    0.104502E+02
    0.103339E+02    0.102176E+02    0.101013E+02    0.942882E+01
    0.875628E+01    0.808376E+01    0.747439E+01    0.654856E+01
    0.597101E+01    0.546474E+01    0.538516E+01    0.524842E+01
    0.488342E+01    0.451842E+01    0.395620E+01    0.395620E+01
    0.383379E+01    0.383379E+01    0.376380E+01    0.376380E+01
    0.342601E+01    0.342601E+01    0.141735E+01    0.141735E+01
    0.141735E+01    0.141735E+01    0.141735E+01    0.140480E+01
    0.140480E+01    0.117808E+01    0.117808E+01    0.117808E+01
    0.117808E+01    0.117808E+01    0.117808E+01    0.117808E+01
    0.619365E+00    0.619365E+00    0.619365E+00    0.619365E+00
    0.619365E+00    0.619365E+00    0.619365E+00    0.500000E-01
    0.500000E-01    0.500000E-01    0.500000E-01    0.500000E-01
    0.500000E-01    0.500000E-01    0.500000E-01    0.500000E-01
    0.500000E-01    0.500000E-01    0.190010E+00    0.190010E+00
    0.190010E+00    0.190010E+00    0.190010E+00    0.190010E+00
    0.190010E+00    0.190010E+00    0.190010E+00    0.190010E+00
    0.190010E+00    0.406044E+00    0.406044E+00    0.406044E+00
    0.406044E+00    0.406044E+00    0.406044E+00    0.498154E+00
    0.498154E+00    0.498154E+00    0.498154E+00    0.498154E+00
    0.138986E+02    0.138639E+02    0.138292E+02    0.138008E+02
    0.137725E+02    0.136445E+02    0.134752E+02    0.133060E+02
    0.131368E+02    0.129675E+02    0.127983E+02    0.126291E+02
    0.124598E+02    0.121531E+02    0.118465E+02    0.115398E+02
    0.112331E+02    0.109411E+02    0.109223E+02    0.109035E+02
    0.108847E+02    0.108659E+02    0.108471E+02    0.110803E+02
    0.113134E+02    0.115466E+02    0.117798E+02    0.118420E+02
    0.118420E+02    0.118420E+02    0.118420E+02    0.118420E+02
    0.118420E+02    0.116854E+02    0.115289E+02    0.113723E+02
    0.112157E+02    0.110875E+02    0.110626E+02    0.110377E+02
    0.110128E+02    0.109879E+02    0.109629E+02    0.108467E+02
    0.107304E+02    0.106141E+02    0.104978E+02    0.105111E+02
    0.983149E+01    0.915181E+01    0.847214E+01    0.824425E+01
    0.746049E+01    0.702009E+01    0.651382E+01    0.600756E+01
    0.573494E+01    0.537839E+01    0.502184E+01    0.446174E+01
    0.383379E+01    0.383379E+01    0.376380E+01    0.376380E+01
    0.342601E+01    0.342601E+01    0.141735E+01    0.141735E+01
    0.141735E+01    0.141735E+01    0.141735E+01    0.140480E+01
    0.140480E+01    0.117808E+01    0.117808E+01    0.117808E+01
    0.117808E+01    0.117808E+01    0.117808E+01    0.117808E+01
    0.619365E+00    0.619365E+00    0.619365E+00    0.619365E+00
    0.619365E+00    0.619365E+00    0.500000E-01    0.500000E-01
    0.500000E-01    0.500000E-01    0.500000E-01    0.500000E-01
    0.500000E-01    0.500000E-01    0.500000E-01    0.500000E-01
    0.500000E-01    0.500000E-01    0.190010E+00    0.190010E+00
    0.190010E+00    0.190010E+00    0.190010E+00    0.190010E+00
    0.190010E+00    0.190010E+00    0.190010E+00    0.190010E+00
    0.406044E+00    0.406044E+00    0.406044E+00    0.406044E+00
    0.406044E+00    0.406044E+00    0.406044E+00    0.498154E+00
    0.498154E+00    0.498154E+00    0.498154E+00    0.498154E+00
    0.498154E+00    0.141484E+02    0.141485E+02    0.141670E+02
    0.140883E+02    0.140014E+02    0.138732E+02    0.137038E+02
    0.135343E+02    0.133648E+02    0.131954E+02    0.130259E+02
    0.128565E+02    0.126870E+02    0.123803E+02    0.120736E+02
    0.117669E+02    0.114707E+02    0.111913E+02    0.111691E+02
    0.111469E+02    0.111247E+02    0.111025E+02    0.110804E+02
    0.113135E+02    0.115467E+02    0.117799E+02    0.118912E+02
    0.118076E+02    0.118076E+02    0.118076E+02    0.118076E+02
    0.118076E+02    0.118076E+02    0.116510E+02    0.114945E+02
    0.113379E+02    0.112016E+02    0.110976E+02    0.110746E+02
    0.110515E+02    0.110285E+02    0.110054E+02    0.109823E+02
    0.108660E+02    0.107498E+02    0.106335E+02    0.106096E+02
    0.107335E+02    0.100538E+02    0.937415E+01    0.914502E+01
    0.902311E+01    0.849648E+01    0.795635E+01    0.741624E+01
    0.687614E+01    0.638266E+01    0.602905E+01    0.548554E+01
    0.487991E+01    0.440031E+01    0.376380E+01    0.376380E+01
    0.342601E+01    0.342601E+01    0.287117E+01    0.141735E+01
    0.141735E+01    0.141735E+01    0.141735E+01    0.140480E+01
    0.140480E+01    0.117808E+01    0.117808E+01    0.117808E+01
    0.117808E+01    0.117808E+01    0.117808E+01    0.619365E+00
    0.619365E+00    0.619365E+00    0.619365E+00    0.619365E+00
    0.619365E+00    0.619365E+00    0.500000E-01    0.500000E-01
    0.500000E-01    0.500000E-01    0.500000E-01    0.500000E-01
    0.500000E-01    0.500000E-01    0.500000E-01    0.500000E-01
    0.500000E-01    0.190010E+00    0.190010E+00    0.190010E+00
    0.190010E+00    0.190010E+00    0.190010E+00    0.190010E+00
    0.190010E+00    0.190010E+00    0.190010E+00    0.190010E+00
    0.406044E+00    0.406044E+00    0.406044E+00    0.406044E+00
    0.406044E+00    0.406044E+00    0.498154E+00    0.498154E+00
    0.498154E+00    0.498154E+00    0.498154E+00    0.498154E+00
    0.498154E+00    0.390079E+00    0.145147E+02    0.144909E+02
    0.144040E+02    0.143171E+02    0.142302E+02    0.141020E+02
    0.139323E+02    0.137626E+02    0.135929E+02    0.134232E+02
    0.132535E+02    0.130838E+02    0.129142E+02    0.126075E+02
    0.123008E+02    0.120004E+02    0.117209E+02    0.114415E+02
    0.114159E+02    0.113903E+02    0.113648E+02    0.113392E+02
    0.113136E+02    0.115468E+02    0.117800E+02    0.119404E+02
    0.118568E+02    0.117732E+02    0.117732E+02    0.117732E+02
    0.117732E+02    0.117732E+02    0.117732E+02    0.116167E+02
    0.114601E+02    0.113156E+02    0.112117E+02    0.111077E+02
    0.110865E+02    0.110653E+02    0.110441E+02    0.110229E+02
    0.110017E+02    0.108854E+02    0.107692E+02    0.107080E+02
    0.108319E+02    0.109558E+02    0.102761E+02    0.100195E+02
    0.989755E+01    0.977564E+01    0.942452E+01    0.883254E+01
    0.824056E+01    0.764860E+01    0.711622E+01    0.667039E+01
    0.568667E+01    0.525155E+01    0.499930E+01    0.453331E+01
    0.342601E+01    0.342601E+01    0.287117E+01    0.141735E+01
    0.141735E+01    0.141735E+01    0.141735E+01    0.140480E+01
    0.140480E+01    0.117808E+01    0.117808E+01    0.117808E+01
    0.117808E+01    0.117808E+01    0.117808E+01    0.619365E+00
    0.619365E+00    0.619365E+00    0.619365E+00    0.619365E+00
    0.619365E+00    0.500000E-01    0.500000E-01    0.500000E-01
    0.500000E-01    0.500000E-01    0.500000E-01    0.500000E-01
    0.500000E-01    0.500000E-01    0.500000E-01    0.500000E-01
    0.500000E-01    0.190010E+00    0.190010E+00    0.190010E+00
    0.190010E+00    0.190010E+00    0.190010E+00    0.190010E+00
    0.190010E+00    0.190010E+00    0.190010E+00    0.406044E+00
    0.406044E+00    0.406044E+00    0.406044E+00    0.406044E+00
    0.406044E+00    0.406044E+00    0.498154E+00    0.498154E+00
    0.498154E+00    0.498154E+00    0.498154E+00    0.498154E+00
    0.390079E+00    0.390079E+00    0.390079E+00    0.148066E+02
    0.147197E+02    0.146329E+02    0.145460E+02    0.144591E+02
    0.143307E+02    0.141608E+02    0.139909E+02    0.138210E+02
    0.136510E+02    0.134811E+02    0.133112E+02    0.131413E+02
    0.128347E+02    0.125300E+02    0.122506E+02    0.119711E+02
    0.116916E+02    0.116627E+02    0.116338E+02    0.116048E+02
    0.115759E+02    0.115469E+02    0.117801E+02    0.119896E+02
    0.119060E+02    0.118224E+02    0.117388E+02    0.117388E+02
    0.117388E+02    0.117388E+02    0.117388E+02    0.117388E+02
    0.115823E+02    0.114296E+02    0.113257E+02    0.112218E+02
    0.111178E+02    0.110985E+02    0.110791E+02    0.110598E+02
    0.110404E+02    0.110211E+02    0.109048E+02    0.108065E+02
    0.109303E+02    0.110542E+02    0.111781E+02    0.108939E+02
    0.107720E+02    0.106501E+02    0.105282E+02    0.103526E+02
    0.970872E+01    0.906489E+01    0.842105E+01    0.784977E+01
    0.694727E+01    0.624423E+01    0.571059E+01    0.549141E+01
    0.507997E+01    0.397268E+01    0.287117E+01    0.287117E+01
    0.141735E+01    0.141735E+01    0.141735E+01    0.140480E+01
    0.140480E+01    0.117808E+01    0.117808E+01    0.117808E+01
    0.117808E+01    0.117808E+01    0.619365E+00    0.619365E+00
    0.619365E+00    0.619365E+00    0.619365E+00    0.619365E+00
    0.619365E+00    0.500000E-01    0.500000E-01    0.500000E-01
    0.500000E-01    0.500000E-01    0.500000E-01    0.500000E-01
    0.500000E-01    0.500000E-01    0.500000E-01    0.500000E-01
    0.500000E-01    0.190010E+00    0.190010E+00    0.190010E+00
    0.190010E+00    0.190010E+00    0.190010E+00    0.190010E+00
    0.190010E+00    0.190010E+00    0.190010E+00    0.406044E+00
    0.406044E+00    0.406044E+00    0.406044E+00    0.406044E+00
    0.406044E+00    0.498154E+00    0.498154E+00    0.498154E+00
    0.498154E+00    0.498154E+00    0.498154E+00    0.498154E+00
    0.390079E+00    0.390079E+00    0.390079E+00    0.390079E+00
    0.150355E+02    0.149486E+02    0.148617E+02    0.147748E+02
    0.146880E+02    0.145594E+02    0.143893E+02    0.142192E+02
    0.140490E+02    0.138789E+02    0.137088E+02    0.135386E+02
    0.133685E+02    0.130618E+02    0.127802E+02    0.125007E+02
    0.122213E+02    0.119418E+02    0.119095E+02    0.118772E+02
    0.118448E+02    0.118125E+02    0.117802E+02    0.120133E+02
    0.119552E+02    0.118716E+02    0.117880E+02    0.117044E+02
    0.117044E+02    0.117044E+02    0.117044E+02    0.117044E+02
    0.117044E+02    0.115479E+02    0.114397E+02    0.113358E+02
    0.112319E+02    0.111279E+02    0.111104E+02    0.110929E+02
    0.110755E+02    0.110580E+02    0.110405E+02    0.109242E+02
    0.110288E+02    0.111527E+02    0.112636E+02    0.112239E+02
    0.111243E+02    0.110024E+02    0.108804E+02    0.107585E+02
    0.106366E+02    0.997693E+01    0.931721E+01    0.865749E+01
    0.819174E+01    0.769296E+01    0.713490E+01    0.660127E+01
    0.606764E+01    0.552181E+01    0.452733E+01    0.344712E+01
    0.204701E+01    0.141735E+01    0.141735E+01    0.140480E+01
    0.140480E+01    0.117808E+01    0.117808E+01    0.117808E+01
    0.117808E+01    0.117808E+01    0.619365E+00    0.619365E+00
    0.619365E+00    0.619365E+00    0.619365E+00    0.619365E+00
    0.500000E-01    0.500000E-01    0.500000E-01    0.500000E-01
    0.500000E-01    0.500000E-01    0.500000E-01    0.500000E-01
    0.500000E-01    0.500000E-01    0.500000E-01    0.500000E-01
    0.190010E+00    0.190010E+00    0.190010E+00    0.190010E+00
    0.190010E+00    0.190010E+00    0.190010E+00    0.190010E+00
    0.190010E+00    0.190010E+00    0.406044E+00    0.406044E+00
    0.406044E+00    0.406044E+00    0.406044E+00    0.406044E+00
    0.406044E+00    0.498154E+00    0.498154E+00    0.498154E+00
    0.498154E+00    0.498154E+00    0.498154E+00    0.390079E+00
    0.390079E+00    0.390079E+00    0.390079E+00    0.390079E+00
    0.390079E+00    0.152643E+02    0.151774E+02    0.150906E+02
    0.150037E+02    0.149168E+02    0.147882E+02    0.146178E+02
    0.144475E+02    0.142771E+02    0.141067E+02    0.139364E+02
    0.137660E+02    0.135957E+02    0.133098E+02    0.130304E+02
    0.127509E+02    0.124715E+02    0.121920E+02    0.121563E+02
    0.121206E+02    0.120849E+02    0.120492E+02    0.120135E+02
    0.120044E+02    0.119208E+02    0.118372E+02    0.117536E+02
    0.116700E+02    0.116700E+02    0.116700E+02    0.116700E+02
    0.116700E+02    0.116700E+02    0.115537E+02    0.114498E+02
    0.113459E+02    0.112419E+02    0.111380E+02    0.111224E+02
    0.111068E+02    0.110911E+02    0.110755E+02    0.110599E+02
    0.111222E+02    0.112290E+02    0.113167E+02    0.112884E+02
    0.111918E+02    0.110952E+02    0.109986E+02    0.108804E+02
    0.107585E+02    0.106366E+02    0.997694E+01    0.931723E+01
    0.876446E+01    0.822906E+01    0.806003E+01    0.755066E+01
    0.704128E+01    0.653190E+01    0.590353E+01    0.491810E+01
    0.391818E+01    0.278761E+01    0.209528E+01    0.140480E+01
    0.140480E+01    0.117808E+01    0.117808E+01    0.117808E+01
    0.117808E+01    0.115449E+01    0.619365E+00    0.619365E+00
    0.619365E+00    0.619365E+00    0.619365E+00    0.619365E+00
    0.500000E-01    0.500000E-01    0.500000E-01    0.500000E-01
    0.500000E-01    0.500000E-01    0.500000E-01    0.500000E-01
    0.500000E-01    0.500000E-01    0.500000E-01    0.500000E-01
    0.190010E+00    0.190010E+00    0.190010E+00    0.190010E+00
    0.190010E+00    0.190010E+00    0.190010E+00    0.190010E+00
    0.190010E+00    0.190010E+00    0.406044E+00    0.406044E+00
    0.406044E+00    0.406044E+00    0.406044E+00    0.406044E+00
    0.498154E+00    0.498154E+00    0.498154E+00    0.498154E+00
    0.498154E+00    0.498154E+00    0.498154E+00    0.390079E+00
    0.390079E+00    0.390079E+00    0.390079E+00    0.390079E+00
    0.390079E+00    0.500000E-01    0.154214E+02    0.153345E+02
    0.152476E+02    0.151608E+02    0.150739E+02    0.149452E+02
    0.147748E+02    0.146044E+02    0.144339E+02    0.142635E+02
    0.140931E+02    0.139227E+02    0.137798E+02    0.136874E+02
    0.135724E+02    0.132930E+02    0.131270E+02    0.129843E+02
    0.128416E+02    0.126989E+02    0.125563E+02    0.124136E+02
    0.122709E+02    0.121825E+02    0.121379E+02    0.120543E+02
    0.119644E+02    0.118732E+02    0.117820E+02    0.116908E+02
    0.115996E+02    0.115084E+02    0.114172E+02    0.113727E+02
    0.113549E+02    0.112510E+02    0.112311E+02    0.112285E+02
    0.112259E+02    0.112233E+02    0.112175E+02    0.112024E+02
    0.111872E+02    0.111936E+02    0.113542E+02    0.113312E+02
    0.112562E+02    0.111597E+02    0.110631E+02    0.109665E+02
    0.108699E+02    0.107585E+02    0.106366E+02    0.997695E+01
    0.941805E+01    0.888266E+01    0.834726E+01    0.824540E+01
    0.777030E+01    0.729518E+01    0.682006E+01    0.621739E+01
    0.533649E+01    0.435327E+01    0.335543E+01    0.282299E+01
    0.197389E+01    0.117808E+01    0.117808E+01    0.117808E+01
    0.115449E+01    0.115449E+01    0.619365E+00    0.619365E+00
    0.619365E+00    0.619365E+00    0.619365E+00    0.500000E-01
    0.500000E-01    0.500000E-01    0.500000E-01    0.500000E-01
    0.500000E-01    0.500000E-01    0.500000E-01    0.500000E-01
    0.500000E-01    0.500000E-01    0.500000E-01    0.500000E-01
    0.190010E+00    0.190010E+00    0.190010E+00    0.190010E+00
    0.190010E+00    0.190010E+00    0.190010E+00    0.190010E+00
    0.190010E+00    0.406044E+00    0.406044E+00    0.406044E+00
    0.406044E+00    0.406044E+00    0.406044E+00    0.406044E+00
    0.498154E+00    0.498154E+00    0.498154E+00    0.498154E+00
    0.498154E+00    0.498154E+00    0.390079E+00    0.390079E+00
    0.390079E+00    0.390079E+00    0.390079E+00    0.390079E+00
    0.390079E+00    0.500000E-01    0.500000E-01    0.155507E+02
    0.154639E+02    0.153770E+02    0.152901E+02    0.152032E+02
    0.150746E+02    0.149042E+02    0.147337E+02    0.145633E+02
    0.143929E+02    0.142225E+02    0.140776E+02    0.139473E+02
    0.138393E+02    0.137582E+02    0.136463E+02    0.135036E+02
    0.133609E+02    0.132183E+02    0.130756E+02    0.129329E+02
    0.127902E+02    0.126476E+02    0.125049E+02    0.123670E+02
    0.122543E+02    0.121631E+02    0.120719E+02    0.119807E+02
    0.118895E+02    0.117983E+02    0.117071E+02    0.116159E+02
    0.115247E+02    0.114233E+02    0.113514E+02    0.110866E+02
    0.111287E+02    0.111707E+02    0.112128E+02    0.112548E+02
    0.112968E+02    0.113370E+02    0.113343E+02    0.113261E+02
    0.113207E+02    0.112241E+02    0.111275E+02    0.110310E+02
    0.109344E+02    0.108378E+02    0.107413E+02    0.106366E+02
    0.100716E+02    0.953624E+01    0.900086E+01    0.846547E+01
    0.798507E+01    0.798503E+01    0.770458E+01    0.723854E+01
    0.666999E+01    0.579385E+01    0.484573E+01    0.397185E+01
    0.345966E+01    0.252506E+01    0.157583E+01    0.157583E+01
    0.115449E+01    0.115449E+01    0.619365E+00    0.619365E+00
    0.619365E+00    0.619365E+00    0.619365E+00    0.500000E-01
    0.500000E-01    0.500000E-01    0.500000E-01    0.500000E-01
    0.500000E-01    0.500000E-01    0.500000E-01    0.500000E-01
    0.500000E-01    0.500000E-01    0.500000E-01    0.190010E+00
    0.190010E+00    0.190010E+00    0.190010E+00    0.190010E+00
    0.190010E+00    0.190010E+00    0.190010E+00    0.190010E+00
    0.190010E+00    0.406044E+00    0.406044E+00    0.406044E+00
    0.406044E+00    0.406044E+00    0.406044E+00    0.498154E+00
    0.498154E+00    0.498154E+00    0.498154E+00    0.498154E+00
    0.498154E+00    0.498154E+00    0.390079E+00    0.390079E+00
    0.390079E+00    0.390079E+00    0.390079E+00    0.390079E+00
    0.500000E-01    0.500000E-01    0.500000E-01    0.500000E-01
    0.156801E+02    0.155932E+02    0.155063E+02    0.154195E+02
    0.153326E+02    0.152039E+02    0.150335E+02    0.148631E+02
    0.146927E+02    0.145223E+02    0.143754E+02    0.142451E+02
    0.141148E+02    0.139913E+02    0.139101E+02    0.137982E+02
    0.136555E+02    0.135129E+02    0.133702E+02    0.132275E+02
    0.130849E+02    0.129422E+02    0.127996E+02    0.126654E+02
    0.125312E+02    0.124185E+02    0.123273E+02    0.122361E+02
    0.121449E+02    0.120537E+02    0.119625E+02    0.118713E+02
    0.117798E+02    0.116705E+02    0.115611E+02    0.114892E+02
    0.114549E+02    0.112965E+02    0.108490E+02    0.108815E+02
    0.109236E+02    0.109656E+02    0.110076E+02    0.110496E+02
    0.110917E+02    0.110525E+02    0.109319E+02    0.108114E+02
    0.106908E+02    0.105703E+02    0.104498E+02    0.103292E+02
    0.102087E+02    0.967331E+01    0.913795E+01    0.860257E+01
    0.811503E+01    0.756434E+01    0.756433E+01    0.756432E+01
    0.756432E+01    0.713535E+01    0.629175E+01    0.534756E+01
    0.438864E+01    0.398154E+01    0.302789E+01    0.196871E+01
    0.115449E+01    0.115449E+01    0.619365E+00    0.619365E+00
    0.619365E+00    0.619365E+00    0.259163E+00    0.500000E-01
    0.500000E-01    0.500000E-01    0.500000E-01    0.500000E-01
    0.500000E-01    0.500000E-01    0.500000E-01    0.500000E-01
    0.500000E-01    0.500000E-01    0.500000E-01    0.190010E+00
    0.190010E+00    0.190010E+00    0.190010E+00    0.190010E+00
    0.190010E+00    0.190010E+00    0.190010E+00    0.190010E+00
    0.406044E+00    0.406044E+00    0.406044E+00    0.406044E+00
    0.406044E+00    0.406044E+00    0.406044E+00    0.498154E+00
    0.498154E+00    0.498154E+00    0.498154E+00    0.498154E+00
    0.498154E+00    0.390079E+00    0.390079E+00    0.390079E+00
    0.390079E+00    0.390079E+00    0.390079E+00    0.390079E+00
    0.500000E-01    0.500000E-01    0.500000E-01    0.500000E-01
    0.500000E-01    0.158094E+02    0.157226E+02    0.156357E+02
    0.155488E+02    0.154619E+02    0.153333E+02    0.151629E+02
    0.149925E+02    0.148220E+02    0.146732E+02    0.145429E+02
    0.144126E+02    0.142823E+02    0.141520E+02    0.140621E+02
    0.139502E+02    0.138075E+02    0.136648E+02    0.135222E+02
    0.133795E+02    0.132368E+02    0.130980E+02    0.129638E+02
    0.128296E+02    0.126953E+02    0.125826E+02    0.124914E+02
    0.124002E+02    0.123090E+02    0.122178E+02    0.121266E+02
    0.120270E+02    0.119177E+02    0.118083E+02    0.116989E+02
    0.116270E+02    0.115927E+02    0.115584E+02    0.115104E+02
    0.110630E+02    0.106157E+02    0.106343E+02    0.106764E+02
    0.107184E+02    0.107604E+02    0.107052E+02    0.105527E+02
    0.104002E+02    0.102476E+02    0.100951E+02    0.994254E+01
    0.979000E+01    0.963745E+01    0.910211E+01    0.856675E+01
    0.809065E+01    0.766017E+01    0.743377E+01    0.740740E+01
    0.738103E+01    0.735465E+01    0.712409E+01    0.628093E+01
    0.587743E+01    0.480995E+01    0.427045E+01    0.336910E+01
    0.233466E+01    0.123516E+01    0.619365E+00    0.619365E+00
    0.619365E+00    0.259163E+00    0.259163E+00    0.500000E-01
    0.500000E-01    0.500000E-01    0.500000E-01    0.500000E-01
    0.500000E-01    0.500000E-01    0.500000E-01    0.500000E-01
    0.500000E-01    0.500000E-01    0.500000E-01    0.190010E+00
    0.190010E+00    0.190010E+00    0.190010E+00    0.190010E+00
    0.190010E+00    0.190010E+00    0.190010E+00    0.190010E+00
    0.406044E+00    0.406044E+00    0.406044E+00    0.406044E+00
    0.406044E+00    0.406044E+00    0.498154E+00    0.498154E+00
    0.498154E+00    0.498154E+00    0.498154E+00    0.498154E+00
    0.498154E+00    0.390079E+00    0.390079E+00    0.390079E+00
    0.390079E+00    0.390079E+00    0.390079E+00    0.500000E-01
    0.500000E-01    0.500000E-01    0.500000E-01    0.500000E-01
    0.500000E-01    0.500000E-01    0.159979E+02    0.158519E+02
    0.157650E+02    0.156782E+02    0.155913E+02    0.154627E+02
    0.152922E+02    0.151218E+02    0.149710E+02    0.148407E+02
    0.147104E+02    0.145801E+02    0.144498E+02    0.143195E+02
    0.142140E+02    0.141021E+02    0.139594E+02    0.138168E+02
    0.136741E+02    0.135314E+02    0.133964E+02    0.132622E+02
    0.131280E+02    0.129937E+02    0.128595E+02    0.127468E+02
    0.126556E+02    0.125644E+02    0.124732E+02    0.123820E+02
    0.122742E+02    0.121649E+02    0.120555E+02    0.119461E+02
    0.118367E+02    0.117648E+02    0.117305E+02    0.116962E+02
    0.116618E+02    0.116275E+02    0.112771E+02    0.108297E+02
    0.103823E+02    0.103872E+02    0.104292E+02    0.103580E+02
    0.101734E+02    0.998891E+01    0.980438E+01    0.961985E+01
    0.943532E+01    0.925078E+01    0.906624E+01    0.853090E+01
    0.806626E+01    0.763579E+01    0.720532E+01    0.739334E+01
    0.733240E+01    0.727146E+01    0.721051E+01    0.696506E+01
    0.673754E+01    0.634975E+01    0.501557E+01    0.439716E+01
    0.349388E+01    0.250900E+01    0.128556E+01    0.702541E+00
    0.702541E+00    0.259163E+00    0.259163E+00    0.500000E-01
    0.500000E-01    0.500000E-01    0.500000E-01    0.500000E-01
    0.500000E-01    0.500000E-01    0.500000E-01    0.500000E-01
    0.500000E-01    0.500000E-01    0.118303E+00    0.190010E+00
    0.190010E+00    0.190010E+00    0.190010E+00    0.190010E+00
    0.190010E+00    0.190010E+00    0.190010E+00    0.406044E+00
    0.406044E+00    0.406044E+00    0.406044E+00    0.406044E+00
    0.406044E+00    0.406044E+00    0.498154E+00    0.498154E+00
    0.498154E+00    0.498154E+00    0.498154E+00    0.498154E+00
    0.390079E+00    0.390079E+00    0.390079E+00    0.390079E+00
    0.390079E+00    0.390079E+00    0.390079E+00    0.500000E-01
    0.500000E-01    0.500000E-01    0.500000E-01    0.500000E-01
    0.500000E-01    0.500000E-01    0.500000E-01    0.161938E+02
    0.160470E+02    0.159001E+02    0.158075E+02    0.157207E+02
    0.155920E+02    0.154216E+02    0.152688E+02    0.151385E+02
    0.150082E+02    0.148779E+02    0.147476E+02    0.146173E+02
    0.144871E+02    0.143660E+02    0.142540E+02    0.141114E+02
    0.139687E+02    0.138291E+02    0.136948E+02    0.135606E+02
    0.134264E+02    0.132921E+02    0.131579E+02    0.130237E+02
    0.129109E+02    0.128198E+02    0.127286E+02    0.126308E+02
    0.125214E+02    0.124120E+02    0.123027E+02    0.121933E+02
    0.120839E+02    0.119745E+02    0.119027E+02    0.118683E+02
    0.118340E+02    0.117996E+02    0.117653E+02    0.117310E+02
    0.114911E+02    0.110437E+02    0.105964E+02    0.101490E+02
    0.100107E+02    0.979419E+01    0.957767E+01    0.936114E+01
    0.914462E+01    0.892809E+01    0.871156E+01    0.849503E+01
    0.804186E+01    0.761140E+01    0.718093E+01    0.675046E+01
    0.692762E+01    0.708337E+01    0.712796E+01    0.705978E+01
    0.695177E+01    0.672425E+01    0.654137E+01    0.540799E+01
    0.469465E+01    0.373563E+01    0.266435E+01    0.131792E+01
    0.698987E+00    0.259163E+00    0.259163E+00    0.500000E-01
    0.500000E-01    0.500000E-01    0.500000E-01    0.500000E-01
    0.500000E-01    0.500000E-01    0.500000E-01    0.500000E-01
    0.500000E-01    0.500000E-01    0.118303E+00    0.190010E+00
    0.190010E+00    0.190010E+00    0.190010E+00    0.190010E+00
    0.190010E+00    0.190010E+00    0.190010E+00    0.406044E+00
    0.406044E+00    0.406044E+00    0.406044E+00    0.406044E+00
    0.406044E+00    0.498154E+00    0.498154E+00    0.498154E+00
    0.498154E+00    0.498154E+00    0.498154E+00    0.498154E+00
    0.390079E+00    0.390079E+00    0.390079E+00    0.390079E+00
    0.390079E+00    0.390079E+00    0.500000E-01    0.500000E-01
    0.500000E-01    0.500000E-01    0.500000E-01    0.500000E-01
    0.500000E-01    0.500000E-01    0.500000E-01    0.500000E-01
    0.163896E+02    0.162428E+02    0.160960E+02    0.159492E+02
    0.158500E+02    0.157214E+02    0.155666E+02    0.154363E+02
    0.153060E+02    0.151757E+02    0.150454E+02    0.149151E+02
    0.147849E+02    0.146546E+02    0.145243E+02    0.144060E+02
    0.142633E+02    0.141275E+02    0.139932E+02    0.138590E+02
    0.137248E+02    0.135905E+02    0.134563E+02    0.133221E+02
    0.131878E+02    0.130751E+02    0.129839E+02    0.128780E+02
    0.127686E+02    0.126592E+02    0.125499E+02    0.124405E+02
    0.123311E+02    0.122217E+02    0.121123E+02    0.120405E+02
    0.120061E+02    0.119718E+02    0.119375E+02    0.119031E+02
    0.118688E+02    0.118345E+02    0.117051E+02    0.112578E+02
    0.108076E+02    0.102797E+02    0.995115E+01    0.972514E+01
    0.950235E+01    0.927955E+01    0.905677E+01    0.883398E+01
    0.861120E+01    0.818076E+01    0.775031E+01    0.731987E+01
    0.679042E+01    0.634937E+01    0.650514E+01    0.666087E+01
    0.681659E+01    0.681041E+01    0.681041E+01    0.667157E+01
    0.595393E+01    0.529973E+01    0.421750E+01    0.296262E+01
    0.133767E+01    0.659842E+00    0.217417E+00    0.500000E-01
    0.500000E-01    0.500000E-01    0.500000E-01    0.500000E-01
    0.500000E-01    0.500000E-01    0.500000E-01    0.500000E-01
    0.500000E-01    0.118303E+00    0.118303E+00    0.190010E+00
    0.190010E+00    0.190010E+00    0.190010E+00    0.190010E+00
    0.190010E+00    0.190010E+00    0.406044E+00    0.406044E+00
    0.406044E+00    0.406044E+00    0.406044E+00    0.406044E+00
    0.406044E+00    0.498154E+00    0.498154E+00    0.498154E+00
    0.498154E+00    0.498154E+00    0.498154E+00    0.390079E+00
    0.390079E+00    0.390079E+00    0.390079E+00    0.390079E+00
    0.390079E+00    0.390079E+00    0.500000E-01    0.500000E-01
    0.500000E-01    0.500000E-01    0.500000E-01    0.500000E-01
    0.500000E-01    0.500000E-01    0.500000E-01    0.500000E-01
    0.500000E-01    0.165855E+02    0.164386E+02    0.162918E+02
    0.161450E+02    0.159982E+02    0.158644E+02    0.157341E+02
    0.156038E+02    0.154735E+02    0.153432E+02    0.152129E+02
    0.150826E+02    0.149524E+02    0.148221E+02    0.146918E+02
    0.145601E+02    0.144259E+02    0.142916E+02    0.141574E+02
    0.140231E+02    0.138889E+02    0.137547E+02    0.136204E+02
    0.134862E+02    0.133520E+02    0.132346E+02    0.131252E+02
    0.130158E+02    0.129064E+02    0.127971E+02    0.126877E+02
    0.125783E+02    0.124689E+02    0.123595E+02    0.122502E+02
    0.121783E+02    0.121440E+02    0.121096E+02    0.120753E+02
    0.120409E+02    0.120066E+02    0.119723E+02    0.119379E+02
    0.119036E+02    0.112917E+02    0.107638E+02    0.104352E+02
    0.101067E+02    0.978533E+01    0.956255E+01    0.933976E+01
    0.911698E+01    0.889420E+01    0.846377E+01    0.803333E+01
    0.748300E+01    0.686127E+01    0.618940E+01    0.630597E+01
    0.642268E+01    0.653938E+01    0.662692E+01    0.662692E+01
    0.685859E+01    0.631612E+01    0.605230E+01    0.493037E+01
    0.314746E+01    0.152790E+01    0.664221E+00    0.191964E+00
    0.500000E-01    0.500000E-01    0.500000E-01    0.500000E-01
    0.500000E-01    0.500000E-01    0.500000E-01    0.500000E-01
    0.500000E-01    0.118303E+00    0.118303E+00    0.190010E+00
    0.190010E+00    0.190010E+00    0.190010E+00    0.190010E+00
    0.190010E+00    0.190010E+00    0.406044E+00    0.406044E+00
    0.406044E+00    0.406044E+00    0.406044E+00    0.406044E+00
    0.498154E+00    0.498154E+00    0.498154E+00    0.498154E+00
    0.498154E+00    0.498154E+00    0.498154E+00    0.390079E+00
    0.390079E+00    0.390079E+00    0.390079E+00    0.390079E+00
    0.390079E+00    0.500000E-01    0.500000E-01    0.500000E-01
    0.500000E-01    0.500000E-01    0.500000E-01    0.500000E-01
    0.500000E-01    0.500000E-01    0.500000E-01    0.500000E-01
    0.500000E-01    0.500000E-01    0.168741E+02    0.167273E+02
    0.165805E+02    0.164337E+02    0.162869E+02    0.161465E+02
    0.160127E+02    0.158788E+02    0.157450E+02    0.156111E+02
    0.154773E+02    0.153434E+02    0.152096E+02    0.150757E+02
    0.149419E+02    0.148096E+02    0.146788E+02    0.145480E+02
    0.144172E+02    0.142864E+02    0.141556E+02    0.140248E+02
    0.138941E+02    0.137633E+02    0.136325E+02    0.135184E+02
    0.134210E+02    0.133236E+02    0.132262E+02    0.131288E+02
    0.130314E+02    0.129340E+02    0.128366E+02    0.127392E+02
    0.126418E+02    0.125759E+02    0.125416E+02    0.125072E+02
    0.124729E+02    0.124386E+02    0.124042E+02    0.123699E+02
    0.123356E+02    0.122704E+02    0.117758E+02    0.112479E+02
    0.109193E+02    0.105908E+02    0.102622E+02    0.993366E+01
    0.962276E+01    0.939998E+01    0.917720E+01    0.874678E+01
    0.817556E+01    0.755384E+01    0.693211E+01    0.612185E+01
    0.619078E+01    0.625982E+01    0.632886E+01    0.639967E+01
    0.663839E+01    0.687710E+01    0.685669E+01    0.682159E+01
    0.500034E+01    0.377378E+01    0.209092E+01    0.932407E+00
    0.306461E+00    0.718953E-01    0.500000E-01    0.500000E-01
    0.500000E-01    0.500000E-01    0.500000E-01    0.500000E-01
    0.708524E-01    0.118303E+00    0.118303E+00    0.190010E+00
    0.190010E+00    0.190010E+00    0.190010E+00    0.190010E+00
    0.190010E+00    0.406044E+00    0.406044E+00    0.406044E+00
    0.406044E+00    0.406044E+00    0.406044E+00    0.406044E+00
    0.498154E+00    0.498154E+00    0.498154E+00    0.498154E+00
    0.498154E+00    0.498154E+00    0.390079E+00    0.390079E+00
    0.390079E+00    0.390079E+00    0.390079E+00    0.390079E+00
    0.390079E+00    0.500000E-01    0.500000E-01    0.500000E-01
    0.500000E-01    0.500000E-01    0.500000E-01    0.500000E-01
    0.500000E-01    0.500000E-01    0.500000E-01    0.500000E-01
    0.500000E-01    0.500000E-01    0.500000E-01    0.171814E+02
    0.170346E+02    0.168878E+02    0.167410E+02    0.165942E+02
    0.164517E+02    0.163136E+02    0.161755E+02    0.160373E+02
    0.158992E+02    0.157611E+02    0.156229E+02    0.154848E+02
    0.153467E+02    0.152086E+02    0.150762E+02    0.149495E+02
    0.148229E+02    0.146962E+02    0.145696E+02    0.144430E+02
    0.143163E+02    0.141897E+02    0.140631E+02    0.139365E+02
    0.138316E+02    0.137486E+02    0.136656E+02    0.135825E+02
    0.134995E+02    0.134165E+02    0.133335E+02    0.132505E+02
    0.131675E+02    0.130845E+02    0.130258E+02    0.129915E+02
    0.129571E+02    0.129228E+02    0.128884E+02    0.128541E+02
    0.128198E+02    0.127496E+02    0.126695E+02    0.121834E+02
    0.117319E+02    0.114034E+02    0.110748E+02    0.107463E+02
    0.104178E+02    0.100892E+02    0.976068E+01    0.946020E+01
    0.886811E+01    0.824639E+01    0.762467E+01    0.700296E+01
    0.635275E+01    0.618172E+01    0.610157E+01    0.616329E+01
    0.628039E+01    0.656366E+01    0.684694E+01    0.686929E+01
    0.685707E+01    0.579821E+01    0.473932E+01    0.322840E+01
    0.130833E+01    0.588941E+00    0.192915E+00    0.564470E-01
    0.500000E-01    0.500000E-01    0.500000E-01    0.708524E-01
    0.708524E-01    0.118303E+00    0.118303E+00    0.190010E+00
    0.190010E+00    0.190010E+00    0.190010E+00    0.190010E+00
    0.190010E+00    0.406044E+00    0.406044E+00    0.406044E+00
    0.406044E+00    0.406044E+00    0.406044E+00    0.498154E+00
    0.498154E+00    0.498154E+00    0.498154E+00    0.498154E+00
    0.498154E+00    0.498154E+00    0.390079E+00    0.390079E+00
    0.390079E+00    0.390079E+00    0.390079E+00    0.390079E+00
    0.500000E-01    0.500000E-01    0.500000E-01    0.500000E-01
    0.500000E-01    0.500000E-01    0.500000E-01    0.500000E-01
    0.500000E-01    0.500000E-01    0.500000E-01    0.500000E-01
    0.500000E-01    0.500000E-01    0.500000E-01    0.500000E-01
    0.174888E+02    0.173420E+02    0.171951E+02    0.170483E+02
    0.169015E+02    0.167569E+02    0.166145E+02    0.164721E+02
    0.163297E+02    0.161873E+02    0.160449E+02    0.159024E+02
    0.157600E+02    0.156176E+02    0.154752E+02    0.153428E+02
    0.152203E+02    0.150978E+02    0.149753E+02    0.148528E+02
    0.147303E+02    0.146078E+02    0.144853E+02    0.143629E+02
    0.142404E+02    0.141448E+02    0.140762E+02    0.140076E+02
    0.139389E+02    0.138703E+02    0.138016E+02    0.137330E+02
    0.136644E+02    0.135958E+02    0.135272E+02    0.134757E+02
    0.134413E+02    0.134070E+02    0.133727E+02    0.133383E+02
    0.133040E+02    0.132288E+02    0.131488E+02    0.130687E+02
    0.125497E+02    0.121396E+02    0.118610E+02    0.115824E+02
    0.113038E+02    0.110252E+02    0.107465E+02    0.104679E+02
    0.101893E+02    0.956763E+01    0.894590E+01    0.832418E+01
    0.761408E+01    0.663781E+01    0.646680E+01    0.629581E+01
    0.612482E+01    0.613613E+01    0.647204E+01    0.680796E+01
    0.684346E+01    0.677880E+01    0.583511E+01    0.517582E+01
    0.407158E+01    0.205596E+01    0.100789E+01    0.442603E+00
    0.162986E+00    0.549532E-01    0.549532E-01    0.708524E-01
    0.708524E-01    0.118303E+00    0.118303E+00    0.190010E+00
    0.190010E+00    0.190010E+00    0.190010E+00    0.190010E+00
    0.406044E+00    0.406044E+00    0.406044E+00    0.406044E+00
    0.406044E+00    0.406044E+00    0.406044E+00    0.498154E+00
    0.498154E+00    0.498154E+00    0.498154E+00    0.498154E+00
    0.498154E+00    0.390079E+00    0.390079E+00    0.390079E+00
    0.390079E+00    0.390079E+00    0.390079E+00    0.390079E+00
    0.500000E-01    0.500000E-01    0.500000E-01    0.500000E-01
    0.500000E-01    0.500000E-01    0.500000E-01    0.500000E-01
    0.500000E-01    0.500000E-01    0.500000E-01    0.500000E-01
    0.500000E-01    0.500000E-01    0.500000E-01    0.500000E-01
    0.500000E-01    0.177961E+02    0.176493E+02    0.175025E+02
    0.173557E+02    0.172089E+02    0.170621E+02    0.169154E+02
    0.167687E+02    0.166220E+02    0.164753E+02    0.163287E+02
    0.161820E+02    0.160353E+02    0.158886E+02    0.157419E+02
    0.156094E+02    0.154911E+02    0.153727E+02    0.152544E+02
    0.151360E+02    0.150177E+02    0.148993E+02    0.147810E+02
    0.146627E+02    0.145443E+02    0.144580E+02    0.144038E+02
    0.143495E+02    0.142953E+02    0.142410E+02    0.141868E+02
    0.141325E+02    0.140783E+02    0.140241E+02    0.139698E+02
    0.139256E+02    0.138912E+02    0.138569E+02    0.138225E+02
    0.137882E+02    0.137081E+02    0.136280E+02    0.135479E+02
    0.134678E+02    0.129252E+02    0.125349E+02    0.123143E+02
    0.120937E+02    0.118732E+02    0.116526E+02    0.114320E+02
    0.112114E+02    0.109908E+02    0.103691E+02    0.974740E+01
    0.902064E+01    0.824641E+01    0.729915E+01    0.698368E+01
    0.666825E+01    0.635282E+01    0.620186E+01    0.654438E+01
    0.652743E+01    0.638075E+01    0.630629E+01    0.531899E+01
    0.495825E+01    0.412044E+01    0.280351E+01    0.161847E+01
    0.793993E+00    0.351622E+00    0.145747E+00    0.708524E-01
    0.708524E-01    0.118303E+00    0.118303E+00    0.190010E+00
    0.190010E+00    0.190010E+00    0.190010E+00    0.190010E+00
    0.406044E+00    0.406044E+00    0.406044E+00    0.406044E+00
    0.406044E+00    0.406044E+00    0.498154E+00    0.498154E+00
    0.498154E+00    0.498154E+00    0.498154E+00    0.498154E+00
    0.498154E+00    0.390079E+00    0.390079E+00    0.390079E+00
    0.390079E+00    0.390079E+00    0.390079E+00    0.500000E-01
    0.500000E-01    0.500000E-01    0.500000E-01    0.500000E-01
    0.500000E-01    0.500000E-01    0.500000E-01    0.500000E-01
    0.500000E-01    0.500000E-01    0.500000E-01    0.500000E-01
    0.500000E-01    0.500000E-01    0.500000E-01    0.500000E-01
    0.500000E-01    0.500000E-01    0.181601E+02    0.179622E+02
    0.178098E+02    0.176630E+02    0.175162E+02    0.173673E+02
    0.172163E+02    0.170654E+02    0.169144E+02    0.167634E+02
    0.166125E+02    0.164615E+02    0.163105E+02    0.161596E+02
    0.160086E+02    0.158760E+02    0.157618E+02    0.156476E+02
    0.155334E+02    0.154192E+02    0.153050E+02    0.151908E+02
    0.150766E+02    0.149624E+02    0.148483E+02    0.147712E+02
    0.147314E+02    0.146915E+02    0.146516E+02    0.146118E+02
    0.145719E+02    0.145321E+02    0.144922E+02    0.144524E+02
    0.144125E+02    0.143754E+02    0.143411E+02    0.143068E+02
    0.142674E+02    0.141873E+02    0.141072E+02    0.140271E+02
    0.139470E+02    0.138669E+02    0.133244E+02    0.129302E+02
    0.127677E+02    0.126051E+02    0.124425E+02    0.122800E+02
    0.121174E+02    0.119548E+02    0.117923E+02    0.111706E+02
    0.104272E+02    0.965296E+01    0.887873E+01    0.801453E+01
    0.753387E+01    0.705324E+01    0.657262E+01    0.629777E+01
    0.639465E+01    0.600194E+01    0.584345E+01    0.576039E+01
    0.551306E+01    0.507000E+01    0.417562E+01    0.292277E+01
    0.230920E+01    0.135082E+01    0.711802E+00    0.339924E+00
    0.220265E+00    0.118303E+00    0.118303E+00    0.190010E+00
    0.190010E+00    0.190010E+00    0.190010E+00    0.491526E+00
    0.406044E+00    0.406044E+00    0.406044E+00    0.406044E+00
    0.406044E+00    0.406044E+00    0.498154E+00    0.498154E+00
    0.498154E+00    0.498154E+00    0.498154E+00    0.498154E+00
    0.390079E+00    0.390079E+00    0.390079E+00    0.390079E+00
    0.390079E+00    0.390079E+00    0.390079E+00    0.500000E-01
    0.500000E-01    0.500000E-01    0.500000E-01    0.500000E-01
    0.500000E-01    0.500000E-01    0.500000E-01    0.500000E-01
    0.500000E-01    0.500000E-01    0.500000E-01    0.500000E-01
    0.500000E-01    0.500000E-01    0.500000E-01    0.500000E-01
    0.500000E-01    0.500000E-01    0.500000E-01    0.185240E+02
    0.183262E+02    0.181283E+02    0.179703E+02    0.178235E+02
    0.176725E+02    0.175173E+02    0.173620E+02    0.172067E+02
    0.170515E+02    0.168962E+02    0.167410E+02    0.165858E+02
    0.164305E+02    0.162753E+02    0.161426E+02    0.160326E+02
    0.159225E+02    0.158125E+02    0.157024E+02    0.155924E+02
    0.154823E+02    0.153723E+02    0.152622E+02    0.151522E+02
    0.150844E+02    0.150590E+02    0.150335E+02    0.150080E+02
    0.149825E+02    0.149571E+02    0.149316E+02    0.149061E+02
    0.148807E+02    0.148552E+02    0.148253E+02    0.147910E+02
    0.147466E+02    0.146665E+02    0.145864E+02    0.145063E+02
    0.144262E+02    0.143461E+02    0.142660E+02    0.137235E+02
    0.133256E+02    0.132210E+02    0.131165E+02    0.130119E+02
    0.129074E+02    0.128028E+02    0.126983E+02    0.125938E+02
    0.118337E+02    0.110595E+02    0.102853E+02    0.951105E+01
    0.872992E+01    0.808406E+01    0.743824E+01    0.679243E+01
    0.627167E+01    0.613785E+01    0.591149E+01    0.582842E+01
    0.566905E+01    0.543475E+01    0.506307E+01    0.477441E+01
    0.365968E+01    0.287871E+01    0.204667E+01    0.114306E+01
    0.714652E+00    0.423143E+00    0.263396E+00    0.190010E+00
    0.190010E+00    0.190010E+00    0.491526E+00    0.491526E+00
    0.406044E+00    0.406044E+00    0.406044E+00    0.406044E+00
    0.406044E+00    0.498154E+00    0.498154E+00    0.498154E+00
    0.498154E+00    0.498154E+00    0.498154E+00    0.498154E+00
    0.390079E+00    0.390079E+00    0.390079E+00    0.390079E+00
    0.390079E+00    0.390079E+00    0.500000E-01    0.500000E-01
    0.500000E-01    0.500000E-01    0.500000E-01    0.500000E-01
    0.500000E-01    0.500000E-01    0.500000E-01    0.500000E-01
    0.500000E-01    0.500000E-01    0.500000E-01    0.500000E-01
    0.500000E-01    0.500000E-01    0.500000E-01    0.500000E-01
    0.500000E-01    0.500000E-01    0.500000E-01    0.500000E-01
    0.188879E+02    0.186901E+02    0.184923E+02    0.182945E+02
    0.181309E+02    0.179777E+02    0.178182E+02    0.176586E+02
    0.174991E+02    0.173396E+02    0.171800E+02    0.170205E+02
    0.168610E+02    0.167015E+02    0.165420E+02    0.164092E+02
    0.163033E+02    0.161974E+02    0.160915E+02    0.159856E+02
    0.158797E+02    0.157738E+02    0.156679E+02    0.155620E+02
    0.154561E+02    0.153976E+02    0.153865E+02    0.153755E+02
    0.153644E+02    0.153533E+02    0.153422E+02    0.153311E+02
    0.153200E+02    0.153090E+02    0.152979E+02    0.152752E+02
    0.152258E+02    0.151457E+02    0.150656E+02    0.149855E+02
    0.149054E+02    0.148253E+02    0.147452E+02    0.146651E+02
    0.141392E+02    0.138289E+02    0.137008E+02    0.135942E+02
    0.134945E+02    0.133948E+02    0.132951E+02    0.131955E+02
    0.130958E+02    0.123628E+02    0.116298E+02    0.108968E+02
    0.101638E+02    0.943082E+01    0.877118E+01    0.811155E+01
    0.746989E+01    0.695845E+01    0.604763E+01    0.588538E+01
    0.572332E+01    0.556125E+01    0.538961E+01    0.527941E+01
    0.516921E+01    0.441655E+01    0.350868E+01    0.228065E+01
    0.158948E+01    0.119411E+01    0.837781E+00    0.621753E+00
    0.483745E+00    0.483745E+00    0.491526E+00    0.491526E+00
    0.406044E+00    0.406044E+00    0.406044E+00    0.406044E+00
    0.406044E+00    0.498154E+00    0.498154E+00    0.498154E+00
    0.498154E+00    0.498154E+00    0.498154E+00    0.390079E+00
    0.390079E+00    0.390079E+00    0.390079E+00    0.390079E+00
    0.390079E+00    0.390079E+00    0.500000E-01    0.500000E-01
    0.500000E-01    0.500000E-01    0.500000E-01    0.500000E-01
    0.500000E-01    0.500000E-01    0.500000E-01    0.500000E-01
    0.500000E-01    0.500000E-01    0.500000E-01    0.500000E-01
    0.500000E-01    0.500000E-01    0.500000E-01    0.500000E-01
    0.500000E-01    0.500000E-01    0.500000E-01    0.500000E-01
    0.500000E-01    0.192518E+02    0.190540E+02    0.188562E+02
    0.186584E+02    0.184606E+02    0.182829E+02    0.181191E+02
    0.179553E+02    0.177915E+02    0.176277E+02    0.174638E+02
    0.173000E+02    0.171362E+02    0.169724E+02    0.168086E+02
    0.166759E+02    0.165741E+02    0.164723E+02    0.163706E+02
    0.162688E+02    0.161671E+02    0.160653E+02    0.159636E+02
    0.158618E+02    0.157601E+02    0.157108E+02    0.157141E+02
    0.157174E+02    0.157207E+02    0.157240E+02    0.157273E+02
    0.157306E+02    0.157340E+02    0.157373E+02    0.157406E+02
    0.157050E+02    0.156249E+02    0.155448E+02    0.154647E+02
    0.153846E+02    0.153045E+02    0.152244E+02    0.151443E+02
    0.150643E+02    0.146679E+02    0.143577E+02    0.142295E+02
    0.141014E+02    0.139733E+02    0.138695E+02    0.137698E+02
    0.136701E+02    0.135704E+02    0.128824E+02    0.121944E+02
    0.115064E+02    0.108184E+02    0.101304E+02    0.947080E+01
    0.882185E+01    0.831041E+01    0.779898E+01    0.696848E+01
    0.665287E+01    0.633732E+01    0.602178E+01    0.575755E+01
    0.564735E+01    0.514887E+01    0.425281E+01    0.384476E+01
    0.314001E+01    0.238302E+01    0.178228E+01    0.133594E+01
    0.108709E+01    0.789057E+00    0.491526E+00    0.491526E+00
    0.406044E+00    0.406044E+00    0.406044E+00    0.406044E+00
    0.517371E+00    0.498154E+00    0.498154E+00    0.498154E+00
    0.498154E+00    0.498154E+00    0.498154E+00    0.390079E+00
    0.390079E+00    0.390079E+00    0.390079E+00    0.390079E+00
    0.390079E+00    0.500000E-01    0.500000E-01    0.500000E-01
    0.500000E-01    0.500000E-01    0.500000E-01    0.500000E-01
    0.500000E-01    0.500000E-01    0.500000E-01    0.500000E-01
    0.500000E-01    0.500000E-01    0.500000E-01    0.500000E-01
    0.500000E-01    0.500000E-01    0.500000E-01    0.500000E-01
    0.500000E-01    0.500000E-01    0.500000E-01    0.500000E-01
    0.500000E-01    0.500000E-01    0.198464E+02    0.196345E+02
    0.194226E+02    0.192108E+02    0.189989E+02    0.188003E+02
    0.186150E+02    0.184298E+02    0.182445E+02    0.180593E+02
    0.178740E+02    0.176888E+02    0.175036E+02    0.173183E+02
    0.171331E+02    0.169809E+02    0.168618E+02    0.167427E+02
    0.166236E+02    0.165045E+02    0.163855E+02    0.162664E+02
    0.161473E+02    0.160282E+02    0.159091E+02    0.158471E+02
    0.158423E+02    0.158375E+02    0.158326E+02    0.158278E+02
    0.158229E+02    0.158181E+02    0.158133E+02    0.158084E+02
    0.158036E+02    0.157611E+02    0.156810E+02    0.156009E+02
    0.155208E+02    0.154407E+02    0.153606E+02    0.152806E+02
    0.152005E+02    0.152017E+02    0.151967E+02    0.148864E+02
    0.147583E+02    0.146301E+02    0.145020E+02    0.143739E+02
    0.142458E+02    0.141448E+02    0.140451E+02    0.134021E+02
    0.127591E+02    0.121161E+02    0.114730E+02    0.108300E+02
    0.101738E+02    0.966237E+01    0.915094E+01    0.863951E+01
    0.796640E+01    0.748584E+01    0.700531E+01    0.652480E+01
    0.613683E+01    0.575044E+01    0.491625E+01    0.449593E+01
    0.424883E+01    0.383007E+01    0.294887E+01    0.217194E+01
    0.175592E+01    0.149708E+01    0.116253E+01    0.799484E+00
    0.406044E+00    0.406044E+00    0.406044E+00    0.517371E+00
    0.517371E+00    0.498154E+00    0.498154E+00    0.498154E+00
    0.498154E+00    0.498154E+00    0.390079E+00    0.390079E+00
    0.390079E+00    0.390079E+00    0.390079E+00    0.390079E+00
    0.390079E+00    0.500000E-01    0.500000E-01    0.500000E-01
    0.500000E-01    0.500000E-01    0.500000E-01    0.500000E-01
    0.500000E-01    0.500000E-01    0.500000E-01    0.500000E-01
    0.500000E-01    0.500000E-01    0.500000E-01    0.500000E-01
    0.500000E-01    0.500000E-01    0.500000E-01    0.500000E-01
    0.500000E-01    0.500000E-01    0.500000E-01    0.500000E-01
    0.500000E-01    0.500000E-01    0.500000E-01    0.204546E+02
    0.202278E+02    0.200010E+02    0.197742E+02    0.195474E+02
    0.193302E+02    0.191225E+02    0.189148E+02    0.187071E+02
    0.184994E+02    0.182917E+02    0.180840E+02    0.178763E+02
    0.176686E+02    0.174609E+02    0.172882E+02    0.171505E+02
    0.170129E+02    0.168752E+02    0.167375E+02    0.165998E+02
    0.164621E+02    0.163244E+02    0.161867E+02    0.160490E+02
    0.159730E+02    0.159587E+02    0.159444E+02    0.159301E+02
    0.159158E+02    0.159015E+02    0.158872E+02    0.158729E+02
    0.158585E+02    0.158442E+02    0.157970E+02    0.157169E+02
    0.156368E+02    0.155567E+02    0.154767E+02    0.153966E+02
    0.153165E+02    0.153289E+02    0.153507E+02    0.154226E+02
    0.154151E+02    0.152870E+02    0.151589E+02    0.150307E+02
    0.149026E+02    0.147745E+02    0.146464E+02    0.145198E+02
    0.139218E+02    0.133237E+02    0.127257E+02    0.121277E+02
    0.115296E+02    0.110143E+02    0.105029E+02    0.999146E+01
    0.948004E+01    0.896433E+01    0.831880E+01    0.767330E+01
    0.702781E+01    0.643032E+01    0.603080E+01    0.536579E+01
    0.487577E+01    0.451568E+01    0.410880E+01    0.332161E+01
    0.258944E+01    0.226442E+01    0.193778E+01    0.154616E+01
    0.114454E+01    0.728187E+00    0.728187E+00    0.517371E+00
    0.517371E+00    0.498154E+00    0.498154E+00    0.498154E+00
    0.498154E+00    0.498154E+00    0.390079E+00    0.390079E+00
    0.390079E+00    0.390079E+00    0.390079E+00    0.390079E+00
    0.500000E-01    0.500000E-01    0.500000E-01    0.500000E-01
    0.500000E-01    0.500000E-01    0.500000E-01    0.500000E-01
    0.500000E-01    0.500000E-01    0.500000E-01    0.500000E-01
    0.500000E-01    0.500000E-01    0.500000E-01    0.500000E-01
    0.500000E-01    0.500000E-01    0.500000E-01    0.500000E-01
    0.500000E-01    0.500000E-01    0.500000E-01    0.500000E-01
    0.500000E-01    0.500000E-01    0.500000E-01    0.500000E-01
    0.210628E+02    0.208211E+02    0.205794E+02    0.203377E+02
    0.200960E+02    0.198601E+02    0.196299E+02    0.193997E+02
    0.191696E+02    0.189395E+02    0.187093E+02    0.184792E+02
    0.182490E+02    0.180189E+02    0.177888E+02    0.175956E+02
    0.174393E+02    0.172830E+02    0.171267E+02    0.169704E+02
    0.168141E+02    0.166578E+02    0.165015E+02    0.163453E+02
    0.161890E+02    0.160989E+02    0.160751E+02    0.160514E+02
    0.160276E+02    0.160038E+02    0.159800E+02    0.159562E+02
    0.159324E+02    0.159087E+02    0.158849E+02    0.158329E+02
    0.157528E+02    0.156727E+02    0.155927E+02    0.155126E+02
    0.154341E+02    0.154560E+02    0.154779E+02    0.154998E+02
    0.155537E+02    0.155632E+02    0.154470E+02    0.153309E+02
    0.152147E+02    0.150986E+02    0.149825E+02    0.148663E+02
    0.147502E+02    0.141535E+02    0.135567E+02    0.129599E+02
    0.123631E+02    0.117636E+02    0.113148E+02    0.108660E+02
    0.104172E+02    0.996847E+01    0.951970E+01    0.886968E+01
    0.821966E+01    0.758179E+01    0.690772E+01    0.642716E+01
    0.593465E+01    0.544464E+01    0.495464E+01    0.445186E+01
    0.391185E+01    0.331463E+01    0.263865E+01    0.234413E+01
    0.192664E+01    0.144554E+01    0.887281E+00    0.517371E+00
    0.517371E+00    0.498154E+00    0.498154E+00    0.498154E+00
    0.498154E+00    0.599442E+00    0.390079E+00    0.390079E+00
    0.390079E+00    0.390079E+00    0.390079E+00    0.390079E+00
    0.500000E-01    0.500000E-01    0.500000E-01    0.500000E-01
    0.500000E-01    0.500000E-01    0.500000E-01    0.500000E-01
    0.500000E-01    0.500000E-01    0.500000E-01    0.500000E-01
    0.500000E-01    0.500000E-01    0.500000E-01    0.500000E-01
    0.500000E-01    0.500000E-01    0.500000E-01    0.500000E-01
    0.500000E-01    0.500000E-01    0.500000E-01    0.500000E-01
    0.500000E-01    0.500000E-01    0.500000E-01    0.500000E-01
    0.500000E-01    0.216710E+02    0.214144E+02    0.211578E+02
    0.209012E+02    0.206445E+02    0.203899E+02    0.201373E+02
    0.198847E+02    0.196321E+02    0.193795E+02    0.191270E+02
    0.188744E+02    0.186218E+02    0.183692E+02    0.181166E+02
    0.179029E+02    0.177280E+02    0.175531E+02    0.173782E+02
    0.172033E+02    0.170284E+02    0.168536E+02    0.166787E+02
    0.165038E+02    0.163289E+02    0.162248E+02    0.161916E+02
    0.161583E+02    0.161251E+02    0.160918E+02    0.160585E+02
    0.160253E+02    0.159920E+02    0.159588E+02    0.159255E+02
    0.158688E+02    0.157887E+02    0.157087E+02    0.156286E+02
    0.155613E+02    0.155832E+02    0.156050E+02    0.156269E+02
    0.156488E+02    0.156848E+02    0.157004E+02    0.155966E+02
    0.154928E+02    0.153890E+02    0.152852E+02    0.151814E+02
    0.150776E+02    0.149738E+02    0.143770E+02    0.137802E+02
    0.131835E+02    0.125845E+02    0.119844E+02    0.116000E+02
    0.112157E+02    0.108313E+02    0.104470E+02    0.100626E+02
    0.941259E+01    0.877131E+01    0.819087E+01    0.761044E+01
    0.664970E+01    0.623216E+01    0.581462E+01    0.539709E+01
    0.494894E+01    0.440301E+01    0.379711E+01    0.313034E+01
    0.275992E+01    0.229914E+01    0.179257E+01    0.113842E+01
    0.772038E+00    0.498154E+00    0.498154E+00    0.498154E+00
    0.599442E+00    0.599442E+00    0.390079E+00    0.390079E+00
    0.390079E+00    0.390079E+00    0.390079E+00    0.500000E-01
    0.500000E-01    0.500000E-01    0.500000E-01    0.500000E-01
    0.500000E-01    0.500000E-01    0.500000E-01    0.500000E-01
    0.500000E-01    0.500000E-01    0.500000E-01    0.500000E-01
    0.500000E-01    0.500000E-01    0.500000E-01    0.500000E-01
    0.500000E-01    0.500000E-01    0.500000E-01    0.500000E-01
    0.500000E-01    0.500000E-01    0.500000E-01    0.500000E-01
    0.500000E-01    0.500000E-01    0.500000E-01    0.500000E-01
    0.500000E-01    0.500000E-01    0.222792E+02    0.220077E+02
    0.217362E+02    0.214646E+02    0.211931E+02    0.209198E+02
    0.206448E+02    0.203697E+02    0.200947E+02    0.198196E+02
    0.195446E+02    0.192696E+02    0.189945E+02    0.187195E+02
    0.184445E+02    0.182102E+02    0.180167E+02    0.178232E+02
    0.176297E+02    0.174362E+02    0.172428E+02    0.170493E+02
    0.168558E+02    0.166623E+02    0.164688E+02    0.163507E+02
    0.163080E+02    0.162653E+02    0.162225E+02    0.161798E+02
    0.161371E+02    0.160943E+02    0.160516E+02    0.160089E+02
    0.159662E+02    0.159048E+02    0.158247E+02    0.157446E+02
    0.156884E+02    0.157103E+02    0.157322E+02    0.157541E+02
    0.157760E+02    0.157978E+02    0.158197E+02    0.158377E+02
    0.157462E+02    0.156547E+02    0.155632E+02    0.154718E+02
    0.153803E+02    0.152888E+02    0.151973E+02    0.146006E+02
    0.140038E+02    0.134053E+02    0.128053E+02    0.122052E+02
    0.118852E+02    0.115653E+02    0.112454E+02    0.109254E+02
    0.106055E+02    0.996082E+01    0.938039E+01    0.879996E+01
    0.821953E+01    0.687618E+01    0.652779E+01    0.618263E+01
    0.583747E+01    0.543415E+01    0.485633E+01    0.421109E+01
    0.355068E+01    0.313777E+01    0.264597E+01    0.210652E+01
    0.141540E+01    0.103136E+01    0.715767E+00    0.715767E+00
    0.599442E+00    0.599442E+00    0.390079E+00    0.390079E+00
    0.390079E+00    0.390079E+00    0.390079E+00    0.500000E-01
    0.500000E-01    0.500000E-01    0.500000E-01    0.500000E-01
    0.500000E-01    0.500000E-01    0.500000E-01    0.500000E-01
    0.500000E-01    0.500000E-01    0.500000E-01    0.500000E-01
    0.500000E-01    0.500000E-01    0.500000E-01    0.500000E-01
    0.500000E-01    0.500000E-01    0.500000E-01    0.500000E-01
    0.500000E-01    0.500000E-01    0.500000E-01    0.500000E-01
    0.500000E-01    0.500000E-01    0.500000E-01    0.500000E-01
    0.500000E-01    0.500000E-01    0.500000E-01    0.228874E+02
    0.226010E+02    0.223145E+02    0.220281E+02    0.217417E+02
    0.214497E+02    0.211522E+02    0.208547E+02    0.205572E+02
    0.202597E+02    0.199622E+02    0.196647E+02    0.193673E+02
    0.190698E+02    0.187723E+02    0.185175E+02    0.183054E+02
    0.180933E+02    0.178813E+02    0.176692E+02    0.174571E+02
    0.172450E+02    0.170329E+02    0.168208E+02    0.166088E+02
    0.164766E+02    0.164244E+02    0.163722E+02    0.163200E+02
    0.162678E+02    0.162156E+02    0.161634E+02    0.161112E+02
    0.160590E+02    0.160068E+02    0.159407E+02    0.158606E+02
    0.158156E+02    0.158375E+02    0.158594E+02    0.158812E+02
    0.159031E+02    0.159250E+02    0.159469E+02    0.159688E+02
    0.159750E+02    0.158958E+02    0.158166E+02    0.157375E+02
    0.156583E+02    0.155792E+02    0.155000E+02    0.154209E+02
    0.148241E+02    0.142262E+02    0.136261E+02    0.130261E+02
    0.124344E+02    0.121749E+02    0.119175E+02    0.116601E+02
    0.114027E+02    0.111454E+02    0.105649E+02    0.998450E+01
    0.940408E+01    0.882365E+01    0.751323E+01    0.705274E+01
    0.660041E+01    0.625526E+01    0.585195E+01    0.528273E+01
    0.475059E+01    0.401640E+01    0.348571E+01    0.294429E+01
    0.226399E+01    0.176495E+01    0.128684E+01    0.927272E+00
    0.599442E+00    0.599442E+00    0.390079E+00    0.390079E+00
    0.390079E+00    0.390079E+00    0.173242E+00    0.500000E-01
    0.500000E-01    0.500000E-01    0.500000E-01    0.500000E-01
    0.500000E-01    0.500000E-01    0.500000E-01    0.500000E-01
    0.500000E-01    0.500000E-01    0.500000E-01    0.500000E-01
    0.500000E-01    0.500000E-01    0.500000E-01    0.500000E-01
    0.500000E-01    0.500000E-01    0.500000E-01    0.500000E-01
    0.500000E-01    0.500000E-01    0.500000E-01    0.500000E-01
    0.500000E-01    0.500000E-01    0.500000E-01    0.500000E-01
    0.500000E-01    0.500000E-01    0.500000E-01    0.500000E-01
    0.234956E+02    0.231943E+02    0.228929E+02    0.225916E+02
    0.222902E+02    0.219796E+02    0.216596E+02    0.213397E+02
    0.210197E+02    0.206998E+02    0.203799E+02    0.200599E+02
    0.197400E+02    0.194201E+02    0.191002E+02    0.188249E+02
    0.185942E+02    0.183635E+02    0.181328E+02    0.179021E+02
    0.176714E+02    0.174407E+02    0.172101E+02    0.169794E+02
    0.167487E+02    0.166025E+02    0.165408E+02    0.164792E+02
    0.164175E+02    0.163558E+02    0.162941E+02    0.162325E+02
    0.161708E+02    0.161091E+02    0.160474E+02    0.159766E+02
    0.159428E+02    0.159646E+02    0.159865E+02    0.160084E+02
    0.160303E+02    0.160522E+02    0.160740E+02    0.160959E+02
    0.161178E+02    0.161122E+02    0.160454E+02    0.159786E+02
    0.159117E+02    0.158449E+02    0.157781E+02    0.157112E+02
    0.156444E+02    0.150470E+02    0.144470E+02    0.138085E+02
    0.132563E+02    0.129461E+02    0.126300E+02    0.123547E+02
    0.120973E+02    0.118400E+02    0.115826E+02    0.110022E+02
    0.104217E+02    0.984133E+01    0.925924E+01    0.813151E+01
    0.767312E+01    0.721497E+01    0.675683E+01    0.628005E+01
    0.574736E+01    0.521467E+01    0.454674E+01    0.383371E+01
    0.302775E+01    0.267967E+01    0.213994E+01    0.145282E+01
    0.113522E+01    0.762291E+00    0.390079E+00    0.390079E+00
    0.390079E+00    0.173242E+00    0.173242E+00    0.500000E-01
    0.500000E-01    0.500000E-01    0.500000E-01    0.500000E-01
    0.500000E-01    0.500000E-01    0.500000E-01    0.500000E-01
    0.500000E-01    0.500000E-01    0.500000E-01    0.500000E-01
    0.500000E-01    0.500000E-01    0.500000E-01    0.500000E-01
    0.500000E-01    0.500000E-01    0.500000E-01    0.500000E-01
    0.500000E-01    0.500000E-01    0.500000E-01    0.500000E-01
    0.500000E-01    0.500000E-01    0.500000E-01    0.500000E-01
    0.500000E-01    0.500000E-01    0.500000E-01    0.500000E-01
    0.500000E-01    0.241041E+02    0.237883E+02    0.234725E+02
    0.231567E+02    0.228408E+02    0.225121E+02    0.221706E+02
    0.218290E+02    0.214874E+02    0.211459E+02    0.208043E+02
    0.204628E+02    0.201212E+02    0.197797E+02    0.194381E+02
    0.191427E+02    0.188935E+02    0.186443E+02    0.183951E+02
    0.181459E+02    0.178967E+02    0.176475E+02    0.173983E+02
    0.171491E+02    0.168999E+02    0.167402E+02    0.166701E+02
    0.166000E+02    0.165299E+02    0.164598E+02    0.163897E+02
    0.163196E+02    0.162495E+02    0.161794E+02    0.161093E+02
    0.160853E+02    0.161076E+02    0.161298E+02    0.161520E+02
    0.161742E+02    0.161964E+02    0.162186E+02    0.162409E+02
    0.162631E+02    0.162853E+02    0.162689E+02    0.162136E+02
    0.161584E+02    0.161032E+02    0.160480E+02    0.159928E+02
    0.159376E+02    0.158759E+02    0.151956E+02    0.145326E+02
    0.140779E+02    0.137739E+02    0.134578E+02    0.131417E+02
    0.128255E+02    0.125345E+02    0.122772E+02    0.120198E+02
    0.114394E+02    0.108590E+02    0.102767E+02    0.969407E+01
    0.832925E+01    0.792353E+01    0.751803E+01    0.711253E+01
    0.667204E+01    0.612655E+01    0.558107E+01    0.490995E+01
    0.425321E+01    0.333594E+01    0.293591E+01    0.245280E+01
    0.168775E+01    0.134405E+01    0.923556E+00    0.509516E+00
    0.509516E+00    0.173242E+00    0.173242E+00    0.500000E-01
    0.500000E-01    0.500000E-01    0.500000E-01    0.500000E-01
    0.500000E-01    0.500000E-01    0.500000E-01    0.500000E-01
    0.500000E-01    0.500000E-01    0.500000E-01    0.500000E-01
    0.500000E-01    0.500000E-01    0.500000E-01    0.500000E-01
    0.500000E-01    0.500000E-01    0.500000E-01    0.500000E-01
    0.500000E-01    0.500000E-01    0.500000E-01    0.500000E-01
    0.500000E-01    0.500000E-01    0.500000E-01    0.500000E-01
    0.500000E-01    0.500000E-01    0.500000E-01    0.500000E-01
    0.500000E-01    0.500000E-01    0.247173E+02    0.243944E+02
    0.240714E+02    0.237485E+02    0.234256E+02    0.230893E+02
    0.227396E+02    0.223900E+02    0.220404E+02    0.216908E+02
    0.213412E+02    0.209916E+02    0.206420E+02    0.202924E+02
    0.199428E+02    0.196348E+02    0.193683E+02    0.191019E+02
    0.188355E+02    0.185690E+02    0.183026E+02    0.180362E+02
    0.177698E+02    0.175034E+02    0.172369E+02    0.170731E+02
    0.170117E+02    0.169504E+02    0.168890E+02    0.168277E+02
    0.167664E+02    0.167050E+02    0.166437E+02    0.165824E+02
    0.165210E+02    0.165045E+02    0.165327E+02    0.165609E+02
    0.165891E+02    0.166173E+02    0.166456E+02    0.166738E+02
    0.167020E+02    0.167302E+02    0.167585E+02    0.167450E+02
    0.166898E+02    0.166345E+02    0.165793E+02    0.165241E+02
    0.164689E+02    0.164131E+02    0.162385E+02    0.156568E+02
    0.148996E+02    0.146004E+02    0.142856E+02    0.139695E+02
    0.136534E+02    0.133372E+02    0.130211E+02    0.127144E+02
    0.124570E+02    0.118766E+02    0.112941E+02    0.107115E+02
    0.101289E+02    0.855748E+01    0.818417E+01    0.782756E+01
    0.747095E+01    0.706393E+01    0.650564E+01    0.594734E+01
    0.532172E+01    0.467364E+01    0.364258E+01    0.319695E+01
    0.272774E+01    0.192257E+01    0.155214E+01    0.108880E+01
    0.627078E+00    0.173242E+00    0.173242E+00    0.500000E-01
    0.500000E-01    0.500000E-01    0.500000E-01    0.500000E-01
    0.500000E-01    0.500000E-01    0.500000E-01    0.500000E-01
    0.500000E-01    0.500000E-01    0.500000E-01    0.500000E-01
    0.500000E-01    0.500000E-01    0.500000E-01    0.500000E-01
    0.500000E-01    0.500000E-01    0.500000E-01    0.500000E-01
    0.500000E-01    0.500000E-01    0.500000E-01    0.500000E-01
    0.500000E-01    0.500000E-01    0.500000E-01    0.500000E-01
    0.500000E-01    0.500000E-01    0.500000E-01    0.500000E-01
    0.500000E-01    0.500000E-01    0.500000E-01    0.253305E+02
    0.250005E+02    0.246704E+02    0.243403E+02    0.240103E+02
    0.236664E+02    0.233087E+02    0.229510E+02    0.225934E+02
    0.222357E+02    0.218780E+02    0.215204E+02    0.211627E+02
    0.208051E+02    0.204475E+02    0.201268E+02    0.198431E+02
    0.195595E+02    0.192758E+02    0.189922E+02    0.187085E+02
    0.184249E+02    0.181413E+02    0.178576E+02    0.175740E+02
    0.174059E+02    0.173533E+02    0.173007E+02    0.172482E+02
    0.171956E+02    0.171430E+02    0.170905E+02    0.170379E+02
    0.169854E+02    0.169328E+02    0.169236E+02    0.169578E+02
    0.169920E+02    0.170263E+02    0.170605E+02    0.170947E+02
    0.171289E+02    0.171631E+02    0.171974E+02    0.172316E+02
    0.172211E+02    0.171659E+02    0.171107E+02    0.170555E+02
    0.170003E+02    0.169451E+02    0.167757E+02    0.166011E+02
    0.158526E+02    0.154472E+02    0.150876E+02    0.147740E+02
    0.144603E+02    0.141466E+02    0.138330E+02    0.135193E+02
    0.132057E+02    0.128920E+02    0.123094E+02    0.117269E+02
    0.111443E+02    0.105617E+02    0.918373E+01    0.870483E+01
    0.822601E+01    0.786483E+01    0.745457E+01    0.688330E+01
    0.631203E+01    0.568317E+01    0.500798E+01    0.393035E+01
    0.351130E+01    0.300320E+01    0.215729E+01    0.176048E+01
    0.125165E+01    0.743891E+00    0.240587E+00    0.500000E-01
    0.500000E-01    0.500000E-01    0.500000E-01    0.500000E-01
    0.500000E-01    0.500000E-01    0.500000E-01    0.500000E-01
    0.500000E-01    0.500000E-01    0.500000E-01    0.500000E-01
    0.500000E-01    0.500000E-01    0.500000E-01    0.500000E-01
    0.500000E-01    0.500000E-01    0.500000E-01    0.500000E-01
    0.500000E-01    0.500000E-01    0.500000E-01    0.500000E-01
    0.500000E-01    0.500000E-01    0.500000E-01    0.500000E-01
    0.500000E-01    0.500000E-01    0.500000E-01    0.500000E-01
    0.500000E-01    0.500000E-01    0.500000E-01    0.500000E-01
    0.259438E+02    0.256065E+02    0.252693E+02    0.249322E+02
    0.245950E+02    0.242435E+02    0.238778E+02    0.235121E+02
    0.231463E+02    0.227806E+02    0.224149E+02    0.220492E+02
    0.216835E+02    0.213178E+02    0.209521E+02    0.206188E+02
    0.203180E+02    0.200171E+02    0.197162E+02    0.194154E+02
    0.191145E+02    0.188136E+02    0.185128E+02    0.182119E+02
    0.179111E+02    0.177387E+02    0.176949E+02    0.176511E+02
    0.176073E+02    0.175635E+02    0.175197E+02    0.174759E+02
    0.174321E+02    0.173883E+02    0.173446E+02    0.173428E+02
    0.173830E+02    0.174232E+02    0.174634E+02    0.175036E+02
    0.175438E+02    0.175840E+02    0.176243E+02    0.176645E+02
    0.177047E+02    0.176972E+02    0.176420E+02    0.175868E+02
    0.175316E+02    0.174764E+02    0.173129E+02    0.171383E+02
    0.169637E+02    0.162733E+02    0.156430E+02    0.152978E+02
    0.150128E+02    0.147278E+02    0.144428E+02    0.141578E+02
    0.138729E+02    0.135879E+02    0.133029E+02    0.127203E+02
    0.121378E+02    0.115552E+02    0.109548E+02    0.976293E+01
    0.928928E+01    0.881567E+01    0.834206E+01    0.784083E+01
    0.725668E+01    0.667254E+01    0.601338E+01    0.532920E+01
    0.424600E+01    0.377479E+01    0.327197E+01    0.239109E+01
    0.196779E+01    0.141382E+01    0.860994E+00    0.308725E+00
    0.500000E-01    0.500000E-01    0.500000E-01    0.500000E-01
    0.500000E-01    0.500000E-01    0.500000E-01    0.500000E-01
    0.500000E-01    0.500000E-01    0.500000E-01    0.500000E-01
    0.500000E-01    0.500000E-01    0.500000E-01    0.500000E-01
    0.500000E-01    0.500000E-01    0.500000E-01    0.500000E-01
    0.500000E-01    0.500000E-01    0.500000E-01    0.500000E-01
    0.500000E-01    0.500000E-01    0.500000E-01    0.500000E-01
    0.500000E-01    0.500000E-01    0.500000E-01    0.500000E-01
    0.500000E-01    0.500000E-01    0.500000E-01    0.500000E-01
    0.500000E-01    0.265570E+02    0.262126E+02    0.258683E+02
    0.255240E+02    0.251797E+02    0.248206E+02    0.244468E+02
    0.240731E+02    0.236993E+02    0.233255E+02    0.229518E+02
    0.225780E+02    0.222043E+02    0.218305E+02    0.214568E+02
    0.211109E+02    0.207928E+02    0.204747E+02    0.201566E+02
    0.198385E+02    0.195204E+02    0.192024E+02    0.188843E+02
    0.185662E+02    0.182481E+02    0.180716E+02    0.180365E+02
    0.180015E+02    0.179665E+02    0.179314E+02    0.178964E+02
    0.178614E+02    0.178264E+02    0.177913E+02    0.177563E+02
    0.177619E+02    0.178081E+02    0.178543E+02    0.179005E+02
    0.179467E+02    0.179929E+02    0.180392E+02    0.180854E+02
    0.181316E+02    0.181778E+02    0.181734E+02    0.181181E+02
    0.180629E+02    0.180077E+02    0.178501E+02    0.176754E+02
    0.175008E+02    0.173262E+02    0.167945E+02    0.158388E+02
    0.155079E+02    0.152516E+02    0.149953E+02    0.147390E+02
    0.144827E+02    0.142264E+02    0.139701E+02    0.137138E+02
    0.131312E+02    0.125486E+02    0.119460E+02    0.113420E+02
    0.991638E+01    0.949507E+01    0.907376E+01    0.865245E+01
    0.818745E+01    0.759135E+01    0.699525E+01    0.633310E+01
    0.562707E+01    0.452072E+01    0.408356E+01    0.355031E+01
    0.280279E+01    0.211682E+01    0.156252E+01    0.979313E+00
    0.381163E+00    0.500000E-01    0.500000E-01    0.500000E-01
    0.500000E-01    0.500000E-01    0.500000E-01    0.500000E-01
    0.500000E-01    0.500000E-01    0.500000E-01    0.500000E-01
    0.500000E-01    0.500000E-01    0.500000E-01    0.500000E-01
    0.500000E-01    0.500000E-01    0.500000E-01    0.500000E-01
    0.500000E-01    0.500000E-01    0.500000E-01    0.500000E-01
    0.500000E-01    0.500000E-01    0.500000E-01    0.500000E-01
    0.500000E-01    0.500000E-01    0.500000E-01    0.500000E-01
    0.500000E-01    0.500000E-01    0.500000E-01    0.500000E-01
    0.500000E-01    0.500000E-01    0.271702E+02    0.268187E+02
    0.264673E+02    0.261158E+02    0.257644E+02    0.253977E+02
    0.250159E+02    0.246341E+02    0.242523E+02    0.238705E+02
    0.234887E+02    0.231069E+02    0.227251E+02    0.223433E+02
    0.219615E+02    0.216029E+02    0.212676E+02    0.209323E+02
    0.205970E+02    0.202617E+02    0.199264E+02    0.195911E+02
    0.192558E+02    0.189205E+02    0.185852E+02    0.184044E+02
    0.183781E+02    0.183519E+02    0.183256E+02    0.182993E+02
    0.182731E+02    0.182468E+02    0.182206E+02    0.181943E+02
    0.181681E+02    0.181811E+02    0.182333E+02    0.182855E+02
    0.183377E+02    0.183899E+02    0.184421E+02    0.184943E+02
    0.185465E+02    0.185987E+02    0.186510E+02    0.186495E+02
    0.185943E+02    0.185391E+02    0.183872E+02    0.182126E+02
    0.180380E+02    0.178634E+02    0.176888E+02    0.173157E+02
    0.161405E+02    0.157181E+02    0.154904E+02    0.152628E+02
    0.150352E+02    0.148075E+02    0.145799E+02    0.143523E+02
    0.141247E+02    0.135411E+02    0.129371E+02    0.123331E+02
    0.117292E+02    0.101090E+02    0.970888E+01    0.933318E+01
    0.895749E+01    0.852377E+01    0.791597E+01    0.730818E+01
    0.662217E+01    0.591007E+01    0.479882E+01    0.435457E+01
    0.382369E+01    0.317194E+01    0.231539E+01    0.173748E+01
    0.112027E+01    0.490503E+00    0.500000E-01    0.500000E-01
    0.500000E-01    0.500000E-01    0.500000E-01    0.500000E-01
    0.500000E-01    0.500000E-01    0.500000E-01    0.500000E-01
    0.500000E-01    0.500000E-01    0.500000E-01    0.500000E-01
    0.500000E-01    0.500000E-01    0.500000E-01    0.500000E-01
    0.500000E-01    0.500000E-01    0.500000E-01    0.500000E-01
    0.500000E-01    0.500000E-01    0.500000E-01    0.500000E-01
    0.500000E-01    0.500000E-01    0.500000E-01    0.500000E-01
    0.500000E-01    0.500000E-01    0.500000E-01    0.500000E-01
    0.500000E-01    0.500000E-01    0.500000E-01    0.277834E+02
    0.274248E+02    0.270662E+02    0.267076E+02    0.263491E+02
    0.259749E+02    0.255850E+02    0.251951E+02    0.248052E+02
    0.244154E+02    0.240255E+02    0.236357E+02    0.232458E+02
    0.228560E+02    0.224661E+02    0.220950E+02    0.217424E+02
    0.213899E+02    0.210374E+02    0.206848E+02    0.203323E+02
    0.199798E+02    0.196273E+02    0.192748E+02    0.189223E+02
    0.187372E+02    0.187197E+02    0.187022E+02    0.186847E+02
    0.186673E+02    0.186498E+02    0.186323E+02    0.186148E+02
    0.185973E+02    0.185798E+02    0.186002E+02    0.186584E+02
    0.187166E+02    0.187748E+02    0.188330E+02    0.188912E+02
    0.189494E+02    0.190076E+02    0.190659E+02    0.191241E+02
    0.191256E+02    0.190704E+02    0.189244E+02    0.187498E+02
    0.185752E+02    0.184006E+02    0.182260E+02    0.180514E+02
    0.178368E+02    0.166617E+02    0.159528E+02    0.157498E+02
    0.155467E+02    0.153437E+02    0.151407E+02    0.149376E+02
    0.147346E+02    0.145316E+02    0.139276E+02    0.133237E+02
    0.127197E+02    0.121157E+02    0.105681E+02    0.100922E+02
    0.961629E+01    0.922603E+01    0.878986E+01    0.817220E+01
    0.755455E+01    0.686608E+01    0.614147E+01    0.497949E+01
    0.454000E+01    0.402755E+01    0.338276E+01    0.260877E+01
    0.192956E+01    0.131455E+01    0.686863E+00    0.100255E+00
    0.500000E-01    0.500000E-01    0.500000E-01    0.500000E-01
    0.500000E-01    0.500000E-01    0.500000E-01    0.500000E-01
    0.500000E-01    0.500000E-01    0.500000E-01    0.500000E-01
    0.500000E-01    0.500000E-01    0.500000E-01    0.500000E-01
    0.500000E-01    0.500000E-01    0.500000E-01    0.500000E-01
    0.500000E-01    0.500000E-01    0.500000E-01    0.500000E-01
    0.500000E-01    0.500000E-01    0.500000E-01    0.500000E-01
    0.500000E-01    0.500000E-01    0.500000E-01    0.500000E-01
    0.500000E-01    0.500000E-01    0.500000E-01    0.500000E-01
    0.283966E+02    0.280309E+02    0.276652E+02    0.272995E+02
    0.269338E+02    0.265520E+02    0.261540E+02    0.257561E+02
    0.253582E+02    0.249603E+02    0.245624E+02    0.241645E+02
    0.237666E+02    0.233687E+02    0.229708E+02    0.225870E+02
    0.222172E+02    0.218475E+02    0.214777E+02    0.211080E+02
    0.207382E+02    0.203685E+02    0.199988E+02    0.196290E+02
    0.192593E+02    0.190701E+02    0.190613E+02    0.190526E+02
    0.190439E+02    0.190352E+02    0.190264E+02    0.190177E+02
    0.190090E+02    0.190003E+02    0.189916E+02    0.190193E+02
    0.190835E+02    0.191477E+02    0.192119E+02    0.192761E+02
    0.193403E+02    0.194046E+02    0.194688E+02    0.195330E+02
    0.195972E+02    0.196017E+02    0.194616E+02    0.192870E+02
    0.191124E+02    0.189378E+02    0.187632E+02    0.185886E+02
    0.184140E+02    0.182394E+02    0.172214E+02    0.165531E+02
    0.162202E+02    0.159298E+02    0.157268E+02    0.155237E+02
    0.153207E+02    0.151177E+02    0.149146E+02    0.143107E+02
    0.137067E+02    0.131028E+02    0.124548E+02    0.109732E+02
    0.105019E+02    0.100308E+02    0.955972E+01    0.904959E+01
    0.842227E+01    0.779495E+01    0.709253E+01    0.636508E+01
    0.520524E+01    0.475059E+01    0.421387E+01    0.356601E+01
    0.279706E+01    0.212587E+01    0.151880E+01    0.899378E+00
    0.279951E+00    0.500000E-01    0.500000E-01    0.500000E-01
    0.500000E-01    0.500000E-01    0.500000E-01    0.500000E-01
    0.500000E-01    0.500000E-01    0.500000E-01    0.500000E-01
    0.500000E-01    0.500000E-01    0.500000E-01    0.500000E-01
    0.500000E-01    0.500000E-01    0.500000E-01    0.500000E-01
    0.500000E-01    0.500000E-01    0.500000E-01    0.500000E-01
    0.500000E-01    0.500000E-01    0.500000E-01    0.500000E-01
    0.500000E-01    0.500000E-01    0.500000E-01    0.500000E-01
    0.500000E-01    0.500000E-01    0.500000E-01    0.500000E-01
    0.500000E-01    0.289547E+02    0.285852E+02    0.282157E+02
    0.278462E+02    0.274768E+02    0.270906E+02    0.266878E+02
    0.262850E+02    0.258822E+02    0.254794E+02    0.250766E+02
    0.246738E+02    0.242710E+02    0.238682E+02    0.234654E+02
    0.230700E+02    0.226819E+02    0.222938E+02    0.219058E+02
    0.215177E+02    0.211296E+02    0.207416E+02    0.203535E+02
    0.199654E+02    0.195774E+02    0.193808E+02    0.193757E+02
    0.193706E+02    0.193655E+02    0.193604E+02    0.193553E+02
    0.193502E+02    0.193451E+02    0.193400E+02    0.193349E+02
    0.193669E+02    0.194361E+02    0.195053E+02    0.195745E+02
    0.196437E+02    0.197129E+02    0.197820E+02    0.198512E+02
    0.199204E+02    0.199896E+02    0.199369E+02    0.197623E+02
    0.195877E+02    0.194131E+02    0.192385E+02    0.190639E+02
    0.188893E+02    0.187147E+02    0.185401E+02    0.178515E+02
    0.171832E+02    0.168503E+02    0.165174E+02    0.161845E+02
    0.159068E+02    0.157038E+02    0.155007E+02    0.152977E+02
    0.146938E+02    0.140897E+02    0.134365E+02    0.127832E+02
    0.110858E+02    0.106452E+02    0.102048E+02    0.976440E+01
    0.927513E+01    0.863916E+01    0.800320E+01    0.729864E+01
    0.656351E+01    0.535911E+01    0.491595E+01    0.439846E+01
    0.374815E+01    0.298519E+01    0.232233E+01    0.172300E+01
    0.111155E+01    0.500118E+00    0.500000E-01    0.500000E-01
    0.500000E-01    0.500000E-01    0.500000E-01    0.500000E-01
    0.500000E-01    0.500000E-01    0.500000E-01    0.500000E-01
    0.500000E-01    0.500000E-01    0.500000E-01    0.500000E-01
    0.500000E-01    0.500000E-01    0.500000E-01    0.500000E-01
    0.500000E-01    0.500000E-01    0.500000E-01    0.500000E-01
    0.500000E-01    0.500000E-01    0.500000E-01    0.500000E-01
    0.500000E-01    0.500000E-01    0.500000E-01    0.500000E-01
    0.500000E-01    0.500000E-01    0.500000E-01    0.500000E-01
    0.500000E-01    0.500000E-01    0.292451E+02    0.288881E+02
    0.285310E+02    0.281740E+02    0.278170E+02    0.274423E+02
    0.270499E+02    0.266576E+02    0.262652E+02    0.258729E+02
    0.254805E+02    0.250882E+02    0.246959E+02    0.243035E+02
    0.239112E+02    0.235092E+02    0.230974E+02    0.226856E+02
    0.222738E+02    0.218620E+02    0.214503E+02    0.210385E+02
    0.206267E+02    0.202150E+02    0.198032E+02    0.195841E+02
    0.195576E+02    0.195311E+02    0.195046E+02    0.194781E+02
    0.194516E+02    0.194251E+02    0.193986E+02    0.193721E+02
    0.193456E+02    0.193669E+02    0.194361E+02    0.195053E+02
    0.195745E+02    0.196437E+02    0.197129E+02    0.197821E+02
    0.198512E+02    0.199204E+02    0.199896E+02    0.199369E+02
    0.197623E+02    0.195877E+02    0.194131E+02    0.192385E+02
    0.190639E+02    0.188893E+02    0.187229E+02    0.187164E+02
    0.184815E+02    0.178133E+02    0.174803E+02    0.171474E+02
    0.168145E+02    0.164816E+02    0.161487E+02    0.158838E+02
    0.156808E+02    0.150714E+02    0.144181E+02    0.137648E+02
    0.131115E+02    0.112563E+02    0.108037E+02    0.103883E+02
    0.997296E+01    0.950027E+01    0.885564E+01    0.821101E+01
    0.751742E+01    0.678090E+01    0.557478E+01    0.509411E+01
    0.458335E+01    0.393098E+01    0.329546E+01    0.253423E+01
    0.184490E+01    0.132353E+01    0.720275E+00    0.161073E+00
    0.500000E-01    0.500000E-01    0.500000E-01    0.500000E-01
    0.500000E-01    0.500000E-01    0.500000E-01    0.500000E-01
    0.500000E-01    0.500000E-01    0.500000E-01    0.500000E-01
    0.500000E-01    0.500000E-01    0.500000E-01    0.500000E-01
    0.500000E-01    0.500000E-01    0.500000E-01    0.500000E-01
    0.500000E-01    0.500000E-01    0.500000E-01    0.500000E-01
    0.500000E-01    0.500000E-01    0.500000E-01    0.500000E-01
    0.500000E-01    0.500000E-01    0.500000E-01    0.500000E-01
    0.500000E-01    0.500000E-01    0.500000E-01    0.295355E+02
    0.291909E+02    0.288463E+02    0.285018E+02    0.281572E+02
    0.277940E+02    0.274121E+02    0.270302E+02    0.266483E+02
    0.262664E+02    0.258845E+02    0.255026E+02    0.251207E+02
    0.247389E+02    0.243570E+02    0.239483E+02    0.235128E+02
    0.230773E+02    0.226418E+02    0.222064E+02    0.217709E+02
    0.213354E+02    0.208999E+02    0.204645E+02    0.200290E+02
    0.197873E+02    0.197394E+02    0.196915E+02    0.196436E+02
    0.195957E+02    0.195479E+02    0.195000E+02    0.194521E+02
    0.194042E+02    0.193563E+02    0.193669E+02    0.194361E+02
    0.195053E+02    0.195745E+02    0.196437E+02    0.197129E+02
    0.197821E+02    0.198512E+02    0.199204E+02    0.199896E+02
    0.199369E+02    0.197623E+02    0.195877E+02    0.194131E+02
    0.192385E+02    0.190639E+02    0.189159E+02    0.189094E+02
    0.189029E+02    0.185952E+02    0.183417E+02    0.180138E+02
    0.176858E+02    0.173579E+02    0.170300E+02    0.167021E+02
    0.163742E+02    0.160463E+02    0.153930E+02    0.147397E+02
    0.140865E+02    0.134332E+02    0.116820E+02    0.111613E+02
    0.106407E+02    0.101986E+02    0.972373E+01    0.907029E+01
    0.841685E+01    0.776487E+01    0.709234E+01    0.608682E+01
    0.542500E+01    0.476937E+01    0.388495E+01    0.348603E+01
    0.282826E+01    0.207163E+01    0.153596E+01    0.940528E+00
    0.345797E+00    0.500000E-01    0.500000E-01    0.500000E-01
    0.500000E-01    0.500000E-01    0.500000E-01    0.500000E-01
    0.500000E-01    0.500000E-01    0.500000E-01    0.500000E-01
    0.500000E-01    0.500000E-01    0.500000E-01    0.500000E-01
    0.500000E-01    0.500000E-01    0.500000E-01    0.500000E-01
    0.500000E-01    0.500000E-01    0.500000E-01    0.500000E-01
    0.500000E-01    0.500000E-01    0.500000E-01    0.500000E-01
    0.500000E-01    0.500000E-01    0.500000E-01    0.500000E-01
    0.500000E-01    0.500000E-01    0.500000E-01    0.500000E-01
    0.298259E+02    0.294938E+02    0.291616E+02    0.288295E+02
    0.284974E+02    0.281456E+02    0.277742E+02    0.274027E+02
    0.270313E+02    0.266599E+02    0.262884E+02    0.259170E+02
    0.255456E+02    0.251742E+02    0.248028E+02    0.243874E+02
    0.239282E+02    0.234691E+02    0.230099E+02    0.225507E+02
    0.220915E+02    0.216323E+02    0.211732E+02    0.207140E+02
    0.202548E+02    0.199906E+02    0.199213E+02    0.198520E+02
    0.197827E+02    0.197134E+02    0.196441E+02    0.195749E+02
    0.195056E+02    0.194363E+02    0.193670E+02    0.193669E+02
    0.194361E+02    0.195053E+02    0.195745E+02    0.196437E+02
    0.197129E+02    0.197820E+02    0.198512E+02    0.199204E+02
    0.199896E+02    0.199369E+02    0.197623E+02    0.195877E+02
    0.194131E+02    0.192385E+02    0.191089E+02    0.191024E+02
    0.190959E+02    0.190895E+02    0.187027E+02    0.184616E+02
    0.181587E+02    0.178557E+02    0.175528E+02    0.172498E+02
    0.169469E+02    0.166439E+02    0.163410E+02    0.156877E+02
    0.150345E+02    0.143812E+02    0.137853E+02    0.121733E+02
    0.116220E+02    0.110708E+02    0.105196E+02    0.994111E+01
    0.928074E+01    0.862038E+01    0.790379E+01    0.728738E+01
    0.660816E+01    0.574049E+01    0.479531E+01    0.409409E+01
    0.366241E+01    0.303354E+01    0.227601E+01    0.174858E+01
    0.116096E+01    0.573528E+00    0.500000E-01    0.500000E-01
    0.500000E-01    0.500000E-01    0.500000E-01    0.500000E-01
    0.500000E-01    0.500000E-01    0.500000E-01    0.500000E-01
    0.500000E-01    0.500000E-01    0.500000E-01    0.500000E-01
    0.500000E-01    0.500000E-01    0.500000E-01    0.500000E-01
    0.500000E-01    0.500000E-01    0.500000E-01    0.500000E-01
    0.500000E-01    0.500000E-01    0.500000E-01    0.500000E-01
    0.500000E-01    0.500000E-01    0.500000E-01    0.500000E-01
    0.500000E-01    0.500000E-01    0.500000E-01    0.500000E-01
    0.500000E-01    0.301163E+02    0.297966E+02    0.294769E+02
    0.291573E+02    0.288376E+02    0.284973E+02    0.281363E+02
    0.277753E+02    0.274143E+02    0.270534E+02    0.266924E+02
    0.263314E+02    0.259704E+02    0.256095E+02    0.252485E+02
    0.248266E+02    0.243437E+02    0.238608E+02    0.233779E+02
    0.228950E+02    0.224121E+02    0.219292E+02    0.214464E+02
    0.209635E+02    0.204806E+02    0.201938E+02    0.201031E+02
    0.200125E+02    0.199218E+02    0.198311E+02    0.197404E+02
    0.196497E+02    0.195591E+02    0.194684E+02    0.193777E+02
    0.193669E+02    0.194361E+02    0.195053E+02    0.195745E+02
    0.196437E+02    0.197129E+02    0.197820E+02    0.198512E+02
    0.199204E+02    0.199896E+02    0.199369E+02    0.197623E+02
    0.195877E+02    0.194131E+02    0.193020E+02    0.192955E+02
    0.192890E+02    0.192825E+02    0.192760E+02    0.188594E+02
    0.185816E+02    0.183036E+02    0.180256E+02    0.177476E+02
    0.174696E+02    0.171917E+02    0.169137E+02    0.166357E+02
    0.159825E+02    0.153331E+02    0.147399E+02    0.141467E+02
    0.129060E+02    0.122114E+02    0.115167E+02    0.108221E+02
    0.101361E+02    0.947574E+01    0.843193E+01    0.780423E+01
    0.735219E+01    0.679626E+01    0.599081E+01    0.501390E+01
    0.429830E+01    0.386561E+01    0.327627E+01    0.256233E+01
    0.180437E+01    0.138111E+01    0.801797E+00    0.222234E+00
    0.500000E-01    0.500000E-01    0.500000E-01    0.500000E-01
    0.500000E-01    0.500000E-01    0.500000E-01    0.500000E-01
    0.500000E-01    0.500000E-01    0.500000E-01    0.500000E-01
    0.500000E-01    0.500000E-01    0.500000E-01    0.500000E-01
    0.500000E-01    0.500000E-01    0.500000E-01    0.500000E-01
    0.500000E-01    0.500000E-01    0.500000E-01    0.500000E-01
    0.500000E-01    0.500000E-01    0.500000E-01    0.500000E-01
    0.500000E-01    0.500000E-01    0.500000E-01    0.500000E-01
    0.500000E-01    0.500000E-01    0.304066E+02    0.300994E+02
    0.297922E+02    0.294850E+02    0.291778E+02    0.288490E+02
    0.284984E+02    0.281479E+02    0.277974E+02    0.274469E+02
    0.270963E+02    0.267458E+02    0.263953E+02    0.260448E+02
    0.256943E+02    0.252657E+02    0.247591E+02    0.242525E+02
    0.237459E+02    0.232393E+02    0.227328E+02    0.222262E+02
    0.217196E+02    0.212130E+02    0.207064E+02    0.203971E+02
    0.202850E+02    0.201729E+02    0.200608E+02    0.199488E+02
    0.198367E+02    0.197246E+02    0.196125E+02    0.195005E+02
    0.193884E+02    0.193669E+02    0.194361E+02    0.195053E+02
    0.195745E+02    0.196437E+02    0.197129E+02    0.197820E+02
    0.198512E+02    0.199204E+02    0.199896E+02    0.199369E+02
    0.197623E+02    0.195877E+02    0.194950E+02    0.194885E+02
    0.194820E+02    0.194755E+02    0.194690E+02    0.194625E+02
    0.190459E+02    0.187015E+02    0.184485E+02    0.181955E+02
    0.179425E+02    0.176895E+02    0.174364E+02    0.171834E+02
    0.169304E+02    0.162877E+02    0.156945E+02    0.151013E+02
    0.145081E+02    0.136388E+02    0.128007E+02    0.119627E+02
    0.111247E+02    0.103311E+02    0.936367E+01    0.824741E+01
    0.784303E+01    0.751558E+01    0.700856E+01    0.625851E+01
    0.541666E+01    0.449322E+01    0.404582E+01    0.349097E+01
    0.284146E+01    0.206647E+01    0.160143E+01    0.103050E+01
    0.459486E+00    0.500000E-01    0.500000E-01    0.500000E-01
    0.500000E-01    0.500000E-01    0.500000E-01    0.500000E-01
    0.500000E-01    0.500000E-01    0.500000E-01    0.500000E-01
    0.500000E-01    0.500000E-01    0.500000E-01    0.500000E-01
    0.500000E-01    0.500000E-01    0.500000E-01    0.500000E-01
    0.500000E-01    0.500000E-01    0.500000E-01    0.500000E-01
    0.500000E-01    0.500000E-01    0.500000E-01    0.500000E-01
    0.500000E-01    0.500000E-01    0.500000E-01    0.500000E-01
    0.500000E-01    0.500000E-01    0.500000E-01    0.306970E+02
    0.304023E+02    0.301075E+02    0.298128E+02    0.295180E+02
    0.292006E+02    0.288606E+02    0.285205E+02    0.281804E+02
    0.278403E+02    0.275003E+02    0.271602E+02    0.268202E+02
    0.264801E+02    0.261401E+02    0.257049E+02    0.251746E+02
    0.246443E+02    0.241140E+02    0.235837E+02    0.230534E+02
    0.225231E+02    0.219928E+02    0.214625E+02    0.209322E+02
    0.206003E+02    0.204669E+02    0.203334E+02    0.201999E+02
    0.200664E+02    0.199330E+02    0.197995E+02    0.196660E+02
    0.195326E+02    0.193991E+02    0.193669E+02    0.194361E+02
    0.195053E+02    0.195745E+02    0.196437E+02    0.197129E+02
    0.197821E+02    0.198512E+02    0.199204E+02    0.199896E+02
    0.199369E+02    0.197623E+02    0.196880E+02    0.196815E+02
    0.196750E+02    0.196685E+02    0.196620E+02    0.196555E+02
    0.196490E+02    0.192325E+02    0.188342E+02    0.185998E+02
    0.183653E+02    0.181309E+02    0.178964E+02    0.176620E+02
    0.174275E+02    0.171931E+02    0.166011E+02    0.160092E+02
    0.154172E+02    0.148252E+02    0.142333E+02    0.132886E+02
    0.123440E+02    0.113993E+02    0.103803E+02    0.933848E+01
    0.864260E+01    0.821677E+01    0.772872E+01    0.717520E+01
    0.642382E+01    0.557992E+01    0.464629E+01    0.421824E+01
    0.367260E+01    0.306139E+01    0.227848E+01    0.182296E+01
    0.126530E+01    0.707223E+00    0.170712E+00    0.500000E-01
    0.500000E-01    0.500000E-01    0.500000E-01    0.500000E-01
    0.500000E-01    0.500000E-01    0.500000E-01    0.500000E-01
    0.500000E-01    0.500000E-01    0.500000E-01    0.500000E-01
    0.500000E-01    0.500000E-01    0.500000E-01    0.500000E-01
    0.500000E-01    0.500000E-01    0.500000E-01    0.500000E-01
    0.500000E-01    0.500000E-01    0.500000E-01    0.500000E-01
    0.500000E-01    0.500000E-01    0.500000E-01    0.500000E-01
    0.500000E-01    0.500000E-01    0.500000E-01    0.500000E-01
    0.309874E+02    0.307051E+02    0.304228E+02    0.301405E+02
    0.298583E+02    0.295523E+02    0.292227E+02    0.288931E+02
    0.285634E+02    0.282338E+02    0.279042E+02    0.275746E+02
    0.272450E+02    0.269154E+02    0.265858E+02    0.261440E+02
    0.255900E+02    0.250360E+02    0.244820E+02    0.239280E+02
    0.233740E+02    0.228200E+02    0.222660E+02    0.217120E+02
    0.211580E+02    0.208036E+02    0.206487E+02    0.204938E+02
    0.203390E+02    0.201841E+02    0.200292E+02    0.198744E+02
    0.197195E+02    0.195647E+02    0.194098E+02    0.193669E+02
    0.194361E+02    0.195053E+02    0.195745E+02    0.196437E+02
    0.197129E+02    0.197820E+02    0.198512E+02    0.199204E+02
    0.199896E+02    0.199369E+02    0.198811E+02    0.198746E+02
    0.198681E+02    0.198616E+02    0.198551E+02    0.198486E+02
    0.198421E+02    0.198356E+02    0.193282E+02    0.188278E+02
    0.186865E+02    0.185350E+02    0.183006E+02    0.180661E+02
    0.178317E+02    0.175972E+02    0.173628E+02    0.167756E+02
    0.161885E+02    0.156013E+02    0.150142E+02    0.144270E+02
    0.134824E+02    0.125378E+02    0.116408E+02    0.107378E+02
    0.933474E+01    0.885212E+01    0.836956E+01    0.788699E+01
    0.733683E+01    0.658376E+01    0.581960E+01    0.482376E+01
    0.438112E+01    0.384888E+01    0.330510E+01    0.263811E+01
    0.194360E+01    0.150198E+01    0.958222E+00    0.433687E+00
    0.752709E-01    0.500000E-01    0.500000E-01    0.500000E-01
    0.500000E-01    0.500000E-01    0.500000E-01    0.500000E-01
    0.500000E-01    0.500000E-01    0.500000E-01    0.500000E-01
    0.500000E-01    0.500000E-01    0.500000E-01    0.500000E-01
    0.500000E-01    0.500000E-01    0.500000E-01    0.500000E-01
    0.500000E-01    0.500000E-01    0.500000E-01    0.500000E-01
    0.500000E-01    0.500000E-01    0.500000E-01    0.500000E-01
    0.500000E-01    0.500000E-01    0.500000E-01    0.500000E-01
    0.500000E-01    0.311884E+02    0.309203E+02    0.306522E+02
    0.303840E+02    0.301159E+02    0.298228E+02    0.295048E+02
    0.291868E+02    0.288688E+02    0.285507E+02    0.282327E+02
    0.279147E+02    0.275967E+02    0.272787E+02    0.269607E+02
    0.265160E+02    0.259447E+02    0.253734E+02    0.248021E+02
    0.242308E+02    0.236595E+02    0.230883E+02    0.225170E+02
    0.219457E+02    0.213744E+02    0.210003E+02    0.208233E+02
    0.206463E+02    0.204693E+02    0.202923E+02    0.201153E+02
    0.199383E+02    0.197613E+02    0.195843E+02    0.194073E+02
    0.193532E+02    0.194220E+02    0.194908E+02    0.195596E+02
    0.196284E+02    0.196972E+02    0.197660E+02    0.198348E+02
    0.199037E+02    0.199725E+02    0.200036E+02    0.199971E+02
    0.199906E+02    0.199841E+02    0.199776E+02    0.199711E+02
    0.199646E+02    0.199581E+02    0.199520E+02    0.193207E+02
    0.188202E+02    0.186789E+02    0.185377E+02    0.183964E+02
    0.182358E+02    0.180014E+02    0.177669E+02    0.175325E+02
    0.169502E+02    0.163678E+02    0.157855E+02    0.152032E+02
    0.146208E+02    0.136762E+02    0.127740E+02    0.119365E+02
    0.110990E+02    0.940983E+01    0.894743E+01    0.848509E+01
    0.802275E+01    0.748776E+01    0.677914E+01    0.612013E+01
    0.521600E+01    0.457222E+01    0.379886E+01    0.336412E+01
    0.296421E+01    0.234359E+01    0.173272E+01    0.119295E+01
    0.696765E+00    0.322647E+00    0.545089E-01    0.500000E-01
    0.500000E-01    0.500000E-01    0.500000E-01    0.500000E-01
    0.500000E-01    0.500000E-01    0.500000E-01    0.500000E-01
    0.500000E-01    0.500000E-01    0.500000E-01    0.500000E-01
    0.500000E-01    0.500000E-01    0.500000E-01    0.500000E-01
    0.500000E-01    0.500000E-01    0.500000E-01    0.500000E-01
    0.500000E-01    0.500000E-01    0.500000E-01    0.500000E-01
    0.500000E-01    0.500000E-01    0.500000E-01    0.500000E-01
    0.500000E-01    0.500000E-01    0.311652E+02    0.309155E+02
    0.306658E+02    0.304162E+02    0.301665E+02    0.298899E+02
    0.295863E+02    0.292827E+02    0.289791E+02    0.286755E+02
    0.283719E+02    0.280683E+02    0.277647E+02    0.274611E+02
    0.271575E+02    0.267195E+02    0.261470E+02    0.255745E+02
    0.250020E+02    0.244295E+02    0.238571E+02    0.232846E+02
    0.227121E+02    0.221396E+02    0.215672E+02    0.211804E+02
    0.209794E+02    0.207784E+02    0.205775E+02    0.203765E+02
    0.201755E+02    0.199745E+02    0.197735E+02    0.195725E+02
    0.193715E+02    0.193048E+02    0.193723E+02    0.194398E+02
    0.195073E+02    0.195748E+02    0.196423E+02    0.197098E+02
    0.197773E+02    0.198448E+02    0.199123E+02    0.199428E+02
    0.199363E+02    0.199298E+02    0.199233E+02    0.199168E+02
    0.199103E+02    0.199038E+02    0.198985E+02    0.198985E+02
    0.193139E+02    0.188126E+02    0.186714E+02    0.185301E+02
    0.183888E+02    0.182476E+02    0.181063E+02    0.179366E+02
    0.177022E+02    0.171247E+02    0.165472E+02    0.159697E+02
    0.153921E+02    0.148146E+02    0.139072E+02    0.130697E+02
    0.122322E+02    0.113947E+02    0.952643E+01    0.905659E+01
    0.860842E+01    0.816025E+01    0.765952E+01    0.700099E+01
    0.634247E+01    0.561467E+01    0.472860E+01    0.396414E+01
    0.357301E+01    0.316630E+01    0.264311E+01    0.197066E+01
    0.144988E+01    0.959872E+00    0.577107E+00    0.274805E+00
    0.500000E-01    0.500000E-01    0.500000E-01    0.500000E-01
    0.500000E-01    0.500000E-01    0.500000E-01    0.500000E-01
    0.500000E-01    0.500000E-01    0.500000E-01    0.500000E-01
    0.500000E-01    0.500000E-01    0.500000E-01    0.500000E-01
    0.500000E-01    0.500000E-01    0.500000E-01    0.500000E-01
    0.500000E-01    0.500000E-01    0.500000E-01    0.500000E-01
    0.500000E-01    0.500000E-01    0.500000E-01    0.500000E-01
    0.500000E-01    0.500000E-01    0.500000E-01    0.311419E+02
    0.309107E+02    0.306795E+02    0.304483E+02    0.302171E+02
    0.299570E+02    0.296678E+02    0.293786E+02    0.290894E+02
    0.288003E+02    0.285111E+02    0.282219E+02    0.279327E+02
    0.276436E+02    0.273544E+02    0.269230E+02    0.263493E+02
    0.257756E+02    0.252019E+02    0.246283E+02    0.240546E+02
    0.234809E+02    0.229072E+02    0.223336E+02    0.217599E+02
    0.213606E+02    0.211356E+02    0.209106E+02    0.206857E+02
    0.204607E+02    0.202357E+02    0.200107E+02    0.197858E+02
    0.195608E+02    0.193358E+02    0.192564E+02    0.193226E+02
    0.193888E+02    0.194550E+02    0.195212E+02    0.195874E+02
    0.196536E+02    0.197198E+02    0.197860E+02    0.198522E+02
    0.198821E+02    0.198756E+02    0.198691E+02    0.198626E+02
    0.198561E+02    0.198496E+02    0.198449E+02    0.198449E+02
    0.198449E+02    0.193138E+02    0.188086E+02    0.186697E+02
    0.185308E+02    0.183919E+02    0.182530E+02    0.181142E+02
    0.179753E+02    0.178364E+02    0.172618E+02    0.166872E+02
    0.161126E+02    0.155380E+02    0.149634E+02    0.141259E+02
    0.132884E+02    0.124509E+02    0.116134E+02    0.973947E+01
    0.925343E+01    0.876771E+01    0.830182E+01    0.780149E+01
    0.714458E+01    0.648766E+01    0.587466E+01    0.524478E+01
    0.442983E+01    0.389210E+01    0.327775E+01    0.260757E+01
    0.233046E+01    0.171823E+01    0.115087E+01    0.832201E+00
    0.507894E+00    0.183608E+00    0.500000E-01    0.500000E-01
    0.500000E-01    0.500000E-01    0.500000E-01    0.500000E-01
    0.500000E-01    0.500000E-01    0.500000E-01    0.500000E-01
    0.500000E-01    0.500000E-01    0.500000E-01    0.500000E-01
    0.500000E-01    0.500000E-01    0.500000E-01    0.500000E-01
    0.500000E-01    0.500000E-01    0.500000E-01    0.500000E-01
    0.500000E-01    0.500000E-01    0.500000E-01    0.500000E-01
    0.500000E-01    0.500000E-01    0.500000E-01    0.500000E-01
    0.311186E+02    0.309059E+02    0.306932E+02    0.304805E+02
    0.302678E+02    0.300240E+02    0.297493E+02    0.294745E+02
    0.291998E+02    0.289250E+02    0.286503E+02    0.283755E+02
    0.281008E+02    0.278260E+02    0.275513E+02    0.271265E+02
    0.265516E+02    0.259767E+02    0.254018E+02    0.248270E+02
    0.242521E+02    0.236772E+02    0.231024E+02    0.225275E+02
    0.219527E+02    0.215407E+02    0.212918E+02    0.210428E+02
    0.207939E+02    0.205449E+02    0.202959E+02    0.200470E+02
    0.197980E+02    0.195491E+02    0.193001E+02    0.192081E+02
    0.192730E+02    0.193379E+02    0.194028E+02    0.194676E+02
    0.195325E+02    0.195974E+02    0.196623E+02    0.197272E+02
    0.197921E+02    0.198213E+02    0.198148E+02    0.198083E+02
    0.198018E+02    0.197953E+02    0.197914E+02    0.197914E+02
    0.197914E+02    0.197914E+02    0.193138E+02    0.188124E+02
    0.186810E+02    0.185497E+02    0.184183E+02    0.182870E+02
    0.181556E+02    0.180243E+02    0.178929E+02    0.173171E+02
    0.167412E+02    0.161653E+02    0.155895E+02    0.150136E+02
    0.141761E+02    0.133386E+02    0.125056E+02    0.117218E+02
    0.100319E+02    0.949907E+01    0.896667E+01    0.843426E+01
    0.787101E+01    0.721518E+01    0.655368E+01    0.592708E+01
    0.537920E+01    0.483564E+01    0.419057E+01    0.345160E+01
    0.293926E+01    0.257156E+01    0.205668E+01    0.144249E+01
    0.108649E+01    0.740552E+00    0.394873E+00    0.500000E-01
    0.500000E-01    0.500000E-01    0.500000E-01    0.500000E-01
    0.500000E-01    0.500000E-01    0.500000E-01    0.500000E-01
    0.500000E-01    0.500000E-01    0.500000E-01    0.500000E-01
    0.500000E-01    0.500000E-01    0.500000E-01    0.500000E-01
    0.500000E-01    0.500000E-01    0.500000E-01    0.500000E-01
    0.500000E-01    0.500000E-01    0.500000E-01    0.500000E-01
    0.500000E-01    0.500000E-01    0.500000E-01    0.500000E-01
    0.500000E-01    0.310954E+02    0.309011E+02    0.307069E+02
    0.305126E+02    0.303184E+02    0.300911E+02    0.298308E+02
    0.295704E+02    0.293101E+02    0.290498E+02    0.287894E+02
    0.285291E+02    0.282688E+02    0.280085E+02    0.277481E+02
    0.273299E+02    0.267539E+02    0.261778E+02    0.256017E+02
    0.250257E+02    0.244496E+02    0.238736E+02    0.232975E+02
    0.227215E+02    0.221454E+02    0.217209E+02    0.214479E+02
    0.211750E+02    0.209021E+02    0.206291E+02    0.203562E+02
    0.200832E+02    0.198103E+02    0.195373E+02    0.192644E+02
    0.191597E+02    0.192233E+02    0.192869E+02    0.193505E+02
    0.194141E+02    0.194776E+02    0.195412E+02    0.196048E+02
    0.196684E+02    0.197320E+02    0.197605E+02    0.197540E+02
    0.197475E+02    0.197410E+02    0.197378E+02    0.197378E+02
    0.197378E+02    0.197378E+02    0.197378E+02    0.192743E+02
    0.188162E+02    0.186923E+02    0.185685E+02    0.184447E+02
    0.183209E+02    0.181971E+02    0.180733E+02    0.179495E+02
    0.173724E+02    0.167952E+02    0.162181E+02    0.156409E+02
    0.150638E+02    0.142263E+02    0.133992E+02    0.126154E+02
    0.118316E+02    0.104864E+02    0.981152E+01    0.913684E+01
    0.846216E+01    0.779220E+01    0.713638E+01    0.629992E+01
    0.578870E+01    0.539466E+01    0.496648E+01    0.443587E+01
    0.368650E+01    0.313806E+01    0.281197E+01    0.234654E+01
    0.178267E+01    0.126229E+01    0.973962E+00    0.605713E+00
    0.237459E+00    0.500000E-01    0.500000E-01    0.500000E-01
    0.500000E-01    0.500000E-01    0.500000E-01    0.500000E-01
    0.500000E-01    0.500000E-01    0.500000E-01    0.500000E-01
    0.500000E-01    0.500000E-01    0.500000E-01    0.500000E-01
    0.500000E-01    0.500000E-01    0.500000E-01    0.500000E-01
    0.500000E-01    0.500000E-01    0.500000E-01    0.500000E-01
    0.500000E-01    0.500000E-01    0.500000E-01    0.500000E-01
    0.500000E-01    0.500000E-01    0.310721E+02    0.308963E+02
    0.307206E+02    0.305448E+02    0.303690E+02    0.301582E+02
    0.299123E+02    0.296663E+02    0.294204E+02    0.291745E+02
    0.289286E+02    0.286827E+02    0.284368E+02    0.281909E+02
    0.279450E+02    0.275334E+02    0.269562E+02    0.263789E+02
    0.258017E+02    0.252244E+02    0.246471E+02    0.240699E+02
    0.234926E+02    0.229154E+02    0.223382E+02    0.219011E+02
    0.216041E+02    0.213072E+02    0.210103E+02    0.207133E+02
    0.204164E+02    0.201195E+02    0.198225E+02    0.195256E+02
    0.192287E+02    0.191113E+02    0.191736E+02    0.192359E+02
    0.192982E+02    0.193605E+02    0.194227E+02    0.194850E+02
    0.195473E+02    0.196096E+02    0.196719E+02    0.196998E+02
    0.196933E+02    0.196868E+02    0.196842E+02    0.196842E+02
    0.196842E+02    0.196842E+02    0.196842E+02    0.196842E+02
    0.192207E+02    0.188199E+02    0.187037E+02    0.185874E+02
    0.184711E+02    0.183549E+02    0.182386E+02    0.181224E+02
    0.180061E+02    0.174277E+02    0.168493E+02    0.162708E+02
    0.156924E+02    0.151140E+02    0.142928E+02    0.135090E+02
    0.127252E+02    0.119415E+02    0.109410E+02    0.101240E+02
    0.930701E+01    0.849006E+01    0.771339E+01    0.690890E+01
    0.602531E+01    0.564433E+01    0.534921E+01    0.499522E+01
    0.446461E+01    0.392034E+01    0.333875E+01    0.300657E+01
    0.256633E+01    0.206568E+01    0.152094E+01    0.119721E+01
    0.808467E+00    0.419962E+00    0.764809E-01    0.500000E-01
    0.500000E-01    0.500000E-01    0.500000E-01    0.500000E-01
    0.500000E-01    0.500000E-01    0.500000E-01    0.500000E-01
    0.500000E-01    0.500000E-01    0.500000E-01    0.500000E-01
    0.500000E-01    0.500000E-01    0.500000E-01    0.500000E-01
    0.500000E-01    0.500000E-01    0.500000E-01    0.500000E-01
    0.500000E-01    0.500000E-01    0.500000E-01    0.500000E-01
    0.500000E-01    0.500000E-01    0.500000E-01    0.310489E+02
    0.308916E+02    0.307342E+02    0.305769E+02    0.304196E+02
    0.302252E+02    0.299937E+02    0.297623E+02    0.295308E+02
    0.292993E+02    0.290678E+02    0.288363E+02    0.286048E+02
    0.283734E+02    0.281419E+02    0.277369E+02    0.271585E+02
    0.265800E+02    0.260016E+02    0.254231E+02    0.248447E+02
    0.242662E+02    0.236878E+02    0.231093E+02    0.225309E+02
    0.220812E+02    0.217603E+02    0.214394E+02    0.211185E+02
    0.207975E+02    0.204766E+02    0.201557E+02    0.198348E+02
    0.195139E+02    0.191929E+02    0.190630E+02    0.191240E+02
    0.191849E+02    0.192459E+02    0.193069E+02    0.193678E+02
    0.194288E+02    0.194898E+02    0.195508E+02    0.196117E+02
    0.196390E+02    0.196325E+02    0.196307E+02    0.196307E+02
    0.196307E+02    0.196307E+02    0.196307E+02    0.196307E+02
    0.196307E+02    0.191672E+02    0.187980E+02    0.186831E+02
    0.185716E+02    0.184601E+02    0.183486E+02    0.182370E+02
    0.181255E+02    0.180140E+02    0.174275E+02    0.168410E+02
    0.162544E+02    0.156679E+02    0.150814E+02    0.142865E+02
    0.134916E+02    0.126968E+02    0.119019E+02    0.111070E+02
    0.102006E+02    0.929427E+01    0.838788E+01    0.750104E+01
    0.660111E+01    0.598871E+01    0.558986E+01    0.519402E+01
    0.484004E+01    0.434847E+01    0.384139E+01    0.335987E+01
    0.302190E+01    0.260220E+01    0.214395E+01    0.160749E+01
    0.129288E+01    0.908226E+00    0.521856E+00    0.135372E+00
    0.500000E-01    0.500000E-01    0.500000E-01    0.500000E-01
    0.500000E-01    0.500000E-01    0.500000E-01    0.500000E-01
    0.500000E-01    0.500000E-01    0.500000E-01    0.500000E-01
    0.500000E-01    0.500000E-01    0.500000E-01    0.500000E-01
    0.500000E-01    0.500000E-01    0.500000E-01    0.500000E-01
    0.500000E-01    0.500000E-01    0.500000E-01    0.500000E-01
    0.500000E-01    0.500000E-01    0.500000E-01    0.500000E-01
    0.310256E+02    0.308868E+02    0.307479E+02    0.306091E+02
    0.304702E+02    0.302923E+02    0.300752E+02    0.298582E+02
    0.296411E+02    0.294240E+02    0.292070E+02    0.289899E+02
    0.287729E+02    0.285558E+02    0.283388E+02    0.279404E+02
    0.273608E+02    0.267811E+02    0.262015E+02    0.256218E+02
    0.250422E+02    0.244625E+02    0.238829E+02    0.233033E+02
    0.227236E+02    0.222614E+02    0.219165E+02    0.215716E+02
    0.212267E+02    0.208817E+02    0.205368E+02    0.201919E+02
    0.198470E+02    0.195021E+02    0.191572E+02    0.190146E+02
    0.190743E+02    0.191340E+02    0.191936E+02    0.192533E+02
    0.193130E+02    0.193726E+02    0.194323E+02    0.194920E+02
    0.195516E+02    0.195782E+02    0.195771E+02    0.195771E+02
    0.195771E+02    0.195771E+02    0.195771E+02    0.195771E+02
    0.195771E+02    0.195771E+02    0.191198E+02    0.187551E+02
    0.186270E+02    0.184989E+02    0.183856E+02    0.182741E+02
    0.181626E+02    0.180511E+02    0.179396E+02    0.173334E+02
    0.167271E+02    0.161209E+02    0.155147E+02    0.149085E+02
    0.140837E+02    0.132590E+02    0.124342E+02    0.116095E+02
    0.107847E+02    0.987834E+01    0.897197E+01    0.812973E+01
    0.732886E+01    0.629382E+01    0.587244E+01    0.545113E+01
    0.502981E+01    0.459833E+01    0.413640E+01    0.374481E+01
    0.309692E+01    0.285390E+01    0.247321E+01    0.208720E+01
    0.166386E+01    0.118121E+01    0.897237E+00    0.537302E+00
    0.177152E+00    0.500000E-01    0.500000E-01    0.500000E-01
    0.500000E-01    0.500000E-01    0.500000E-01    0.500000E-01
    0.500000E-01    0.500000E-01    0.500000E-01    0.500000E-01
    0.500000E-01    0.500000E-01    0.500000E-01    0.500000E-01
    0.500000E-01    0.500000E-01    0.500000E-01    0.500000E-01
    0.500000E-01    0.500000E-01    0.500000E-01    0.500000E-01
    0.500000E-01    0.500000E-01    0.500000E-01    0.500000E-01
    0.500000E-01    0.308754E+02    0.307652E+02    0.306551E+02
    0.305449E+02    0.304348E+02    0.302762E+02    0.300692E+02
    0.298622E+02    0.296552E+02    0.294481E+02    0.292411E+02
    0.290341E+02    0.288271E+02    0.286201E+02    0.284130E+02
    0.280223E+02    0.274480E+02    0.268736E+02    0.262992E+02
    0.257248E+02    0.251504E+02    0.245760E+02    0.240016E+02
    0.234272E+02    0.228528E+02    0.223814E+02    0.220129E+02
    0.216445E+02    0.212760E+02    0.209075E+02    0.205391E+02
    0.201706E+02    0.198022E+02    0.194337E+02    0.190652E+02
    0.189115E+02    0.189725E+02    0.190336E+02    0.190946E+02
    0.191556E+02    0.192167E+02    0.192777E+02    0.193387E+02
    0.193997E+02    0.194607E+02    0.194913E+02    0.194913E+02
    0.194913E+02    0.194913E+02    0.194913E+02    0.194913E+02
    0.194913E+02    0.194913E+02    0.194888E+02    0.190769E+02
    0.187121E+02    0.185840E+02    0.184560E+02    0.183279E+02
    0.181998E+02    0.180881E+02    0.179766E+02    0.178651E+02
    0.172392E+02    0.166133E+02    0.159874E+02    0.153615E+02
    0.147356E+02    0.138810E+02    0.130263E+02    0.121717E+02
    0.113170E+02    0.104624E+02    0.955602E+01    0.870817E+01
    0.791748E+01    0.712678E+01    0.608835E+01    0.560874E+01
    0.512917E+01    0.464961E+01    0.417444E+01    0.380126E+01
    0.348711E+01    0.299076E+01    0.264952E+01    0.223663E+01
    0.191667E+01    0.162496E+01    0.112956E+01    0.880719E+00
    0.547969E+00    0.215718E+00    0.500000E-01    0.500000E-01
    0.500000E-01    0.500000E-01    0.500000E-01    0.500000E-01
    0.500000E-01    0.500000E-01    0.500000E-01    0.500000E-01
    0.500000E-01    0.500000E-01    0.500000E-01    0.500000E-01
    0.500000E-01    0.500000E-01    0.500000E-01    0.500000E-01
    0.500000E-01    0.500000E-01    0.500000E-01    0.500000E-01
    0.500000E-01    0.500000E-01    0.500000E-01    0.500000E-01
    0.500000E-01    0.500000E-01    0.305349E+02    0.304688E+02
    0.304026E+02    0.303365E+02    0.302704E+02    0.301355E+02
    0.299320E+02    0.297285E+02    0.295249E+02    0.293214E+02
    0.291179E+02    0.289143E+02    0.287108E+02    0.285073E+02
    0.283037E+02    0.279222E+02    0.273627E+02    0.268032E+02
    0.262437E+02    0.256842E+02    0.251247E+02    0.245652E+02
    0.240057E+02    0.234462E+02    0.228868E+02    0.224113E+02
    0.220199E+02    0.216286E+02    0.212372E+02    0.208458E+02
    0.204544E+02    0.200630E+02    0.196717E+02    0.192803E+02
    0.188889E+02    0.187264E+02    0.187928E+02    0.188592E+02
    0.189255E+02    0.189919E+02    0.190583E+02    0.191247E+02
    0.191910E+02    0.192574E+02    0.193238E+02    0.193570E+02
    0.193570E+02    0.193570E+02    0.193570E+02    0.193570E+02
    0.193570E+02    0.193570E+02    0.193532E+02    0.193406E+02
    0.190283E+02    0.186691E+02    0.185411E+02    0.184130E+02
    0.182850E+02    0.181569E+02    0.180288E+02    0.179022E+02
    0.177907E+02    0.171451E+02    0.164995E+02    0.158539E+02
    0.152084E+02    0.145628E+02    0.136782E+02    0.127937E+02
    0.119092E+02    0.110246E+02    0.101401E+02    0.928657E+01
    0.849590E+01    0.770522E+01    0.691453E+01    0.567414E+01
    0.529346E+01    0.477981E+01    0.426616E+01    0.380501E+01
    0.350144E+01    0.319786E+01    0.288962E+01    0.247870E+01
    0.196662E+01    0.179286E+01    0.155186E+01    0.109323E+01
    0.864490E+00    0.559050E+00    0.253737E+00    0.500000E-01
    0.500000E-01    0.500000E-01    0.500000E-01    0.500000E-01
    0.500000E-01    0.500000E-01    0.500000E-01    0.500000E-01
    0.500000E-01    0.500000E-01    0.500000E-01    0.500000E-01
    0.500000E-01    0.500000E-01    0.500000E-01    0.500000E-01
    0.500000E-01    0.500000E-01    0.500000E-01    0.500000E-01
    0.500000E-01    0.500000E-01    0.500000E-01    0.500000E-01
    0.500000E-01    0.500000E-01    0.500000E-01    0.301945E+02
    0.301723E+02    0.301502E+02    0.301281E+02    0.301059E+02
    0.299949E+02    0.297948E+02    0.295948E+02    0.293947E+02
    0.291947E+02    0.289946E+02    0.287945E+02    0.285945E+02
    0.283944E+02    0.281944E+02    0.278221E+02    0.272775E+02
    0.267329E+02    0.261883E+02    0.256437E+02    0.250991E+02
    0.245545E+02    0.240099E+02    0.234653E+02    0.229207E+02
    0.224412E+02    0.220269E+02    0.216126E+02    0.211984E+02
    0.207841E+02    0.203698E+02    0.199555E+02    0.195412E+02
    0.191269E+02    0.187126E+02    0.185413E+02    0.186130E+02
    0.186847E+02    0.187565E+02    0.188282E+02    0.188999E+02
    0.189717E+02    0.190434E+02    0.191151E+02    0.191868E+02
    0.192227E+02    0.192227E+02    0.192227E+02    0.192227E+02
    0.192227E+02    0.192227E+02    0.192175E+02    0.192050E+02
    0.191924E+02    0.189595E+02    0.186093E+02    0.184697E+02
    0.183301E+02    0.181905E+02    0.180509E+02    0.179113E+02
    0.177717E+02    0.176321E+02    0.169675E+02    0.163029E+02
    0.156384E+02    0.149738E+02    0.143092E+02    0.134001E+02
    0.124910E+02    0.115819E+02    0.106727E+02    0.976362E+01
    0.897295E+01    0.818229E+01    0.739162E+01    0.660494E+01
    0.496522E+01    0.462015E+01    0.427514E+01    0.387813E+01
    0.342336E+01    0.314527E+01    0.286717E+01    0.261301E+01
    0.233719E+01    0.191052E+01    0.171338E+01    0.147160E+01
    0.105690E+01    0.847958E+00    0.569927E+00    0.291719E+00
    0.500000E-01    0.500000E-01    0.500000E-01    0.500000E-01
    0.500000E-01    0.500000E-01    0.500000E-01    0.500000E-01
    0.500000E-01    0.500000E-01    0.500000E-01    0.500000E-01
    0.500000E-01    0.500000E-01    0.500000E-01    0.500000E-01
    0.500000E-01    0.500000E-01    0.500000E-01    0.500000E-01
    0.500000E-01    0.500000E-01    0.500000E-01    0.500000E-01
    0.500000E-01    0.500000E-01    0.500000E-01    0.500000E-01
    0.298540E+02    0.298759E+02    0.298978E+02    0.299196E+02
    0.299415E+02    0.298542E+02    0.296576E+02    0.294611E+02
    0.292645E+02    0.290679E+02    0.288713E+02    0.286748E+02
    0.284782E+02    0.282816E+02    0.280851E+02    0.277219E+02
    0.271922E+02    0.266625E+02    0.261328E+02    0.256031E+02
    0.250734E+02    0.245437E+02    0.240140E+02    0.234843E+02
    0.229546E+02    0.224712E+02    0.220339E+02    0.215967E+02
    0.211595E+02    0.207223E+02    0.202851E+02    0.198479E+02
    0.194107E+02    0.189734E+02    0.185362E+02    0.183562E+02
    0.184332E+02    0.185103E+02    0.185874E+02    0.186645E+02
    0.187416E+02    0.188186E+02    0.188957E+02    0.189728E+02
    0.190499E+02    0.190884E+02    0.190884E+02    0.190884E+02
    0.190884E+02    0.190884E+02    0.190819E+02    0.190693E+02
    0.190568E+02    0.190442E+02    0.188906E+02    0.185271E+02
    0.183606E+02    0.181941E+02    0.180276E+02    0.178611E+02
    0.176946E+02    0.175281E+02    0.173616E+02    0.166789E+02
    0.159963E+02    0.153137E+02    0.146310E+02    0.139484E+02
    0.130218E+02    0.120951E+02    0.111685E+02    0.102419E+02
    0.931525E+01    0.852459E+01    0.773394E+01    0.695159E+01
    0.620024E+01    0.447341E+01    0.410885E+01    0.374429E+01
    0.337974E+01    0.304539E+01    0.280167E+01    0.255796E+01
    0.231239E+01    0.206967E+01    0.169003E+01    0.157600E+01
    0.139324E+01    0.102051E+01    0.832088E+00    0.581006E+00
    0.330018E+00    0.859523E-01    0.500000E-01    0.500000E-01
    0.500000E-01    0.500000E-01    0.500000E-01    0.500000E-01
    0.500000E-01    0.500000E-01    0.500000E-01    0.500000E-01
    0.500000E-01    0.500000E-01    0.500000E-01    0.500000E-01
    0.500000E-01    0.500000E-01    0.500000E-01    0.500000E-01
    0.500000E-01    0.500000E-01    0.500000E-01    0.500000E-01
    0.500000E-01    0.500000E-01    0.500000E-01    0.500000E-01
    0.500000E-01    0.295135E+02    0.295794E+02    0.296453E+02
    0.297112E+02    0.297771E+02    0.297135E+02    0.295204E+02
    0.293273E+02    0.291343E+02    0.289412E+02    0.287481E+02
    0.285550E+02    0.283619E+02    0.281688E+02    0.279757E+02
    0.276218E+02    0.271070E+02    0.265922E+02    0.260774E+02
    0.255626E+02    0.250478E+02    0.245330E+02    0.240182E+02
    0.235034E+02    0.229886E+02    0.225011E+02    0.220410E+02
    0.215808E+02    0.211207E+02    0.206606E+02    0.202004E+02
    0.197403E+02    0.192802E+02    0.188200E+02    0.183599E+02
    0.181710E+02    0.182535E+02    0.183359E+02    0.184183E+02
    0.185008E+02    0.185832E+02    0.186656E+02    0.187481E+02
    0.188305E+02    0.189129E+02    0.189541E+02    0.189541E+02
    0.189541E+02    0.189541E+02    0.189462E+02    0.189337E+02
    0.189211E+02    0.189086E+02    0.188960E+02    0.187541E+02
    0.184448E+02    0.182514E+02    0.180580E+02    0.178646E+02
    0.176713E+02    0.174779E+02    0.172845E+02    0.170911E+02
    0.163904E+02    0.156897E+02    0.149889E+02    0.142882E+02
    0.135875E+02    0.126434E+02    0.116993E+02    0.107551E+02
    0.981101E+01    0.886687E+01    0.807623E+01    0.729821E+01
    0.654688E+01    0.579555E+01    0.425383E+01    0.384524E+01
    0.343665E+01    0.302805E+01    0.267205E+01    0.247385E+01
    0.227565E+01    0.205186E+01    0.186881E+01    0.162828E+01
    0.149115E+01    0.131220E+01    0.979589E+00    0.814958E+00
    0.591866E+00    0.368464E+00    0.144985E+00    0.500000E-01
    0.500000E-01    0.500000E-01    0.500000E-01    0.500000E-01
    0.500000E-01    0.500000E-01    0.500000E-01    0.500000E-01
    0.500000E-01    0.500000E-01    0.500000E-01    0.500000E-01
    0.500000E-01    0.500000E-01    0.500000E-01    0.500000E-01
    0.500000E-01    0.500000E-01    0.500000E-01    0.500000E-01
    0.500000E-01    0.500000E-01    0.500000E-01    0.500000E-01
    0.500000E-01    0.500000E-01    0.291731E+02    0.292830E+02
    0.293929E+02    0.295028E+02    0.296127E+02    0.295728E+02
    0.293832E+02    0.291936E+02    0.290040E+02    0.288144E+02
    0.286248E+02    0.284352E+02    0.282456E+02    0.280560E+02
    0.278664E+02    0.275216E+02    0.270217E+02    0.265218E+02
    0.260219E+02    0.255220E+02    0.250221E+02    0.245222E+02
    0.240223E+02    0.235224E+02    0.230225E+02    0.225310E+02
    0.220480E+02    0.215649E+02    0.210819E+02    0.205988E+02
    0.201158E+02    0.196327E+02    0.191497E+02    0.186666E+02
    0.181836E+02    0.179859E+02    0.180737E+02    0.181615E+02
    0.182493E+02    0.183371E+02    0.184248E+02    0.185126E+02
    0.186004E+02    0.186882E+02    0.187760E+02    0.188198E+02
    0.188198E+02    0.188198E+02    0.188105E+02    0.187980E+02
    0.187855E+02    0.187729E+02    0.187604E+02    0.187478E+02
    0.186059E+02    0.183625E+02    0.181423E+02    0.179220E+02
    0.177017E+02    0.174814E+02    0.172612E+02    0.170409E+02
    0.168206E+02    0.161018E+02    0.153830E+02    0.146642E+02
    0.139454E+02    0.132266E+02    0.122650E+02    0.113034E+02
    0.103418E+02    0.938014E+01    0.841850E+01    0.764481E+01
    0.689349E+01    0.614217E+01    0.539085E+01    0.389632E+01
    0.357118E+01    0.313937E+01    0.270756E+01    0.234525E+01
    0.219152E+01    0.203779E+01    0.186207E+01    0.168766E+01
    0.141153E+01    0.135428E+01    0.124669E+01    0.104644E+01
    0.778571E+00    0.597623E+00    0.406040E+00    0.209473E+00
    0.500000E-01    0.500000E-01    0.500000E-01    0.500000E-01
    0.500000E-01    0.500000E-01    0.500000E-01    0.500000E-01
    0.500000E-01    0.500000E-01    0.500000E-01    0.500000E-01
    0.500000E-01    0.500000E-01    0.500000E-01    0.500000E-01
    0.500000E-01    0.500000E-01    0.500000E-01    0.500000E-01
    0.500000E-01    0.500000E-01    0.500000E-01    0.500000E-01
    0.500000E-01    0.500000E-01    0.500000E-01    0.288326E+02
    0.289865E+02    0.291404E+02    0.292944E+02    0.294483E+02
    0.294322E+02    0.292461E+02    0.290599E+02    0.288738E+02
    0.286877E+02    0.285016E+02    0.283154E+02    0.281293E+02
    0.279432E+02    0.277571E+02    0.274215E+02    0.269365E+02
    0.264515E+02    0.259665E+02    0.254815E+02    0.249965E+02
    0.245114E+02    0.240264E+02    0.235414E+02    0.230564E+02
    0.225609E+02    0.220550E+02    0.215490E+02    0.210430E+02
    0.205371E+02    0.200311E+02    0.195251E+02    0.190192E+02
    0.185132E+02    0.180072E+02    0.178008E+02    0.178939E+02
    0.179871E+02    0.180802E+02    0.181733E+02    0.182665E+02
    0.183596E+02    0.184527E+02    0.185459E+02    0.186390E+02
    0.186856E+02    0.186856E+02    0.186749E+02    0.186623E+02
    0.186498E+02    0.186373E+02    0.186247E+02    0.186122E+02
    0.185996E+02    0.184577E+02    0.180652E+02    0.178051E+02
    0.175710E+02    0.173370E+02    0.171029E+02    0.168689E+02
    0.166348E+02    0.164007E+02    0.156755E+02    0.149503E+02
    0.142251E+02    0.134998E+02    0.127746E+02    0.118182E+02
    0.108618E+02    0.990538E+01    0.894897E+01    0.799256E+01
    0.724125E+01    0.648995E+01    0.573864E+01    0.501667E+01
    0.338498E+01    0.307167E+01    0.275850E+01    0.242185E+01
    0.207038E+01    0.195995E+01    0.184952E+01    0.170417E+01
    0.162029E+01    0.139167E+01    0.133441E+01    0.123007E+01
    0.103707E+01    0.766417E+00    0.591777E+00    0.405872E+00
    0.215807E+00    0.500000E-01    0.500000E-01    0.500000E-01
    0.500000E-01    0.500000E-01    0.500000E-01    0.500000E-01
    0.500000E-01    0.500000E-01    0.500000E-01    0.500000E-01
    0.500000E-01    0.500000E-01    0.500000E-01    0.500000E-01
    0.500000E-01    0.500000E-01    0.500000E-01    0.500000E-01
    0.500000E-01    0.500000E-01    0.500000E-01    0.500000E-01
    0.500000E-01    0.500000E-01    0.500000E-01    0.500000E-01
    0.284921E+02    0.286901E+02    0.288880E+02    0.290859E+02
    0.292839E+02    0.292915E+02    0.291089E+02    0.289262E+02
    0.287436E+02    0.285609E+02    0.283783E+02    0.281957E+02
    0.280130E+02    0.278304E+02    0.276477E+02    0.273213E+02
    0.268512E+02    0.263811E+02    0.259110E+02    0.254409E+02
    0.249708E+02    0.245007E+02    0.240306E+02    0.235605E+02
    0.230904E+02    0.225909E+02    0.220620E+02    0.215331E+02
    0.210042E+02    0.204753E+02    0.199464E+02    0.194176E+02
    0.188887E+02    0.183598E+02    0.178309E+02    0.176157E+02
    0.177142E+02    0.178127E+02    0.179112E+02    0.180096E+02
    0.181081E+02    0.182066E+02    0.183051E+02    0.184036E+02
    0.185020E+02    0.185513E+02    0.185392E+02    0.185267E+02
    0.185141E+02    0.185016E+02    0.184891E+02    0.184765E+02
    0.184640E+02    0.184514E+02    0.180911E+02    0.176045E+02
    0.173093E+02    0.170142E+02    0.167600E+02    0.165259E+02
    0.162919E+02    0.160578E+02    0.158237E+02    0.151043E+02
    0.143849E+02    0.136654E+02    0.129460E+02    0.122265E+02
    0.112993E+02    0.103720E+02    0.944476E+01    0.851749E+01
    0.759023E+01    0.683893E+01    0.608763E+01    0.538512E+01
    0.481079E+01    0.316510E+01    0.285610E+01    0.254719E+01
    0.223829E+01    0.198439E+01    0.189553E+01    0.179890E+01
    0.169285E+01    0.162550E+01    0.152173E+01    0.142785E+01
    0.128419E+01    0.945777E+00    0.779692E+00    0.553392E+00
    0.326451E+00    0.103515E+00    0.500000E-01    0.500000E-01
    0.500000E-01    0.500000E-01    0.500000E-01    0.500000E-01
    0.500000E-01    0.500000E-01    0.500000E-01    0.500000E-01
    0.500000E-01    0.500000E-01    0.500000E-01    0.500000E-01
    0.500000E-01    0.500000E-01    0.500000E-01    0.500000E-01
    0.500000E-01    0.500000E-01    0.500000E-01    0.500000E-01
    0.500000E-01    0.500000E-01    0.500000E-01    0.500000E-01
    0.500000E-01    0.279943E+02    0.282248E+02    0.284553E+02
    0.286858E+02    0.289163E+02    0.289457E+02    0.287741E+02
    0.286026E+02    0.284310E+02    0.282594E+02    0.280877E+02
    0.279161E+02    0.277445E+02    0.275729E+02    0.274013E+02
    0.270811E+02    0.266122E+02    0.261434E+02    0.256746E+02
    0.252058E+02    0.247369E+02    0.242681E+02    0.237992E+02
    0.233304E+02    0.228615E+02    0.223629E+02    0.218345E+02
    0.213061E+02    0.207777E+02    0.202493E+02    0.197209E+02
    0.191925E+02    0.186641E+02    0.181357E+02    0.176073E+02
    0.173937E+02    0.174950E+02    0.175962E+02    0.176974E+02
    0.177986E+02    0.178999E+02    0.180011E+02    0.181023E+02
    0.182035E+02    0.183047E+02    0.183491E+02    0.183366E+02
    0.183240E+02    0.183115E+02    0.182990E+02    0.182864E+02
    0.182739E+02    0.182613E+02    0.181699E+02    0.176303E+02
    0.171438E+02    0.168486E+02    0.165534E+02    0.162583E+02
    0.159631E+02    0.157149E+02    0.154808E+02    0.152467E+02
    0.145331E+02    0.138195E+02    0.131058E+02    0.123921E+02
    0.116785E+02    0.107804E+02    0.988225E+01    0.898413E+01
    0.808601E+01    0.718789E+01    0.643660E+01    0.575355E+01
    0.517923E+01    0.460490E+01    0.323472E+01    0.293423E+01
    0.263382E+01    0.233341E+01    0.208588E+01    0.198386E+01
    0.187491E+01    0.173911E+01    0.170393E+01    0.162812E+01
    0.154076E+01    0.135451E+01    0.974093E+00    0.775716E+00
    0.502950E+00    0.230562E+00    0.500000E-01    0.500000E-01
    0.500000E-01    0.500000E-01    0.500000E-01    0.500000E-01
    0.500000E-01    0.500000E-01    0.500000E-01    0.500000E-01
    0.500000E-01    0.500000E-01    0.500000E-01    0.500000E-01
    0.500000E-01    0.500000E-01    0.500000E-01    0.500000E-01
    0.500000E-01    0.500000E-01    0.500000E-01    0.500000E-01
    0.500000E-01    0.500000E-01    0.500000E-01    0.500000E-01
    0.500000E-01    0.500000E-01    0.273490E+02    0.276014E+02
    0.278537E+02    0.281061E+02    0.283585E+02    0.284079E+02
    0.282544E+02    0.281009E+02    0.279475E+02    0.277940E+02
    0.276405E+02    0.274870E+02    0.273335E+02    0.271800E+02
    0.270264E+02    0.267095E+02    0.262292E+02    0.257489E+02
    0.252686E+02    0.247883E+02    0.243080E+02    0.238276E+02
    0.233473E+02    0.228670E+02    0.223866E+02    0.218935E+02
    0.213875E+02    0.208815E+02    0.203755E+02    0.198695E+02
    0.193635E+02    0.188575E+02    0.183515E+02    0.178455E+02
    0.173395E+02    0.171373E+02    0.172388E+02    0.173403E+02
    0.174418E+02    0.175434E+02    0.176449E+02    0.177464E+02
    0.178479E+02    0.179494E+02    0.180510E+02    0.180954E+02
    0.180829E+02    0.180704E+02    0.180579E+02    0.180453E+02
    0.180328E+02    0.180202E+02    0.179020E+02    0.176454E+02
    0.171981E+02    0.166830E+02    0.163879E+02    0.160927E+02
    0.157976E+02    0.155024E+02    0.152072E+02    0.149121E+02
    0.146697E+02    0.139619E+02    0.132540E+02    0.125462E+02
    0.118383E+02    0.111304E+02    0.102615E+02    0.939249E+01
    0.852351E+01    0.765453E+01    0.678555E+01    0.612197E+01
    0.554766E+01    0.497334E+01    0.439902E+01    0.325551E+01
    0.304400E+01    0.274846E+01    0.245204E+01    0.220248E+01
    0.209353E+01    0.197035E+01    0.190705E+01    0.183525E+01
    0.175131E+01    0.164931E+01    0.135642E+01    0.109141E+01
    0.772376E+00    0.453229E+00    0.134430E+00    0.500000E-01
    0.500000E-01    0.500000E-01    0.500000E-01    0.500000E-01
    0.500000E-01    0.500000E-01    0.500000E-01    0.500000E-01
    0.500000E-01    0.500000E-01    0.500000E-01    0.500000E-01
    0.500000E-01    0.500000E-01    0.500000E-01    0.500000E-01
    0.500000E-01    0.500000E-01    0.500000E-01    0.500000E-01
    0.500000E-01    0.500000E-01    0.500000E-01    0.500000E-01
    0.500000E-01    0.500000E-01    0.500000E-01    0.267037E+02
    0.269779E+02    0.272522E+02    0.275264E+02    0.278006E+02
    0.278701E+02    0.277347E+02    0.275993E+02    0.274639E+02
    0.273286E+02    0.271932E+02    0.270578E+02    0.269224E+02
    0.267870E+02    0.266516E+02    0.263380E+02    0.258462E+02
    0.253544E+02    0.248626E+02    0.243708E+02    0.238790E+02
    0.233872E+02    0.228954E+02    0.224036E+02    0.219117E+02
    0.214240E+02    0.209405E+02    0.204569E+02    0.199733E+02
    0.194897E+02    0.190061E+02    0.185225E+02    0.180389E+02
    0.175553E+02    0.170717E+02    0.168808E+02    0.169826E+02
    0.170844E+02    0.171863E+02    0.172881E+02    0.173899E+02
    0.174917E+02    0.175935E+02    0.176954E+02    0.177972E+02
    0.178418E+02    0.178293E+02    0.178167E+02    0.178042E+02
    0.177917E+02    0.177791E+02    0.176341E+02    0.173775E+02
    0.171209E+02    0.168228E+02    0.162574E+02    0.159392E+02
    0.156211E+02    0.153029E+02    0.149848E+02    0.146666E+02
    0.143485E+02    0.140303E+02    0.133399E+02    0.126495E+02
    0.119590E+02    0.112686E+02    0.105781E+02    0.975374E+01
    0.892933E+01    0.810491E+01    0.728049E+01    0.645608E+01
    0.588176E+01    0.530745E+01    0.473315E+01    0.421503E+01
    0.323314E+01    0.302167E+01    0.281024E+01    0.259142E+01
    0.234187E+01    0.223070E+01    0.210650E+01    0.199838E+01
    0.195798E+01    0.187638E+01    0.176820E+01    0.141875E+01
    0.113382E+01    0.768825E+00    0.403439E+00    0.759884E-01
    0.500000E-01    0.500000E-01    0.500000E-01    0.500000E-01
    0.500000E-01    0.500000E-01    0.500000E-01    0.500000E-01
    0.500000E-01    0.500000E-01    0.500000E-01    0.500000E-01
    0.500000E-01    0.500000E-01    0.500000E-01    0.500000E-01
    0.500000E-01    0.500000E-01    0.500000E-01    0.500000E-01
    0.500000E-01    0.500000E-01    0.500000E-01    0.500000E-01
    0.500000E-01    0.500000E-01    0.500000E-01    0.408369E+01
    0.260584E+02    0.263545E+02    0.266506E+02    0.269467E+02
    0.272428E+02    0.273322E+02    0.272150E+02    0.270977E+02
    0.269804E+02    0.268632E+02    0.267459E+02    0.266286E+02
    0.265113E+02    0.263940E+02    0.262768E+02    0.259665E+02
    0.254632E+02    0.249599E+02    0.244566E+02    0.239533E+02
    0.234500E+02    0.229467E+02    0.224434E+02    0.219401E+02
    0.214368E+02    0.209546E+02    0.204934E+02    0.200322E+02
    0.195710E+02    0.191099E+02    0.186487E+02    0.181875E+02
    0.177263E+02    0.172651E+02    0.168039E+02    0.166243E+02
    0.167265E+02    0.168286E+02    0.169307E+02    0.170328E+02
    0.171349E+02    0.172370E+02    0.173392E+02    0.174413E+02
    0.175434E+02    0.175882E+02    0.175756E+02    0.175631E+02
    0.175506E+02    0.175380E+02    0.173662E+02    0.171096E+02
    0.168530E+02    0.165964E+02    0.164474E+02    0.158610E+02
    0.155007E+02    0.151404E+02    0.147801E+02    0.144198E+02
    0.140595E+02    0.136992E+02    0.133389E+02    0.126756E+02
    0.120123E+02    0.113490E+02    0.106857E+02    0.100224E+02
    0.925535E+01    0.848834E+01    0.772132E+01    0.695430E+01
    0.618728E+01    0.561297E+01    0.503868E+01    0.454735E+01
    0.421673E+01    0.326540E+01    0.306461E+01    0.286383E+01
    0.266306E+01    0.248451E+01    0.237265E+01    0.225767E+01
    0.216748E+01    0.208956E+01    0.200162E+01    0.188760E+01
    0.149783E+01    0.117608E+01    0.764717E+00    0.352991E+00
    0.500000E-01    0.500000E-01    0.500000E-01    0.500000E-01
    0.500000E-01    0.500000E-01    0.500000E-01    0.500000E-01
    0.500000E-01    0.500000E-01    0.500000E-01    0.500000E-01
    0.500000E-01    0.500000E-01    0.500000E-01    0.500000E-01
    0.500000E-01    0.500000E-01    0.500000E-01    0.500000E-01
    0.500000E-01    0.500000E-01    0.500000E-01    0.500000E-01
    0.500000E-01    0.500000E-01    0.408369E+01    0.408369E+01
    0.408369E+01    0.254131E+02    0.257311E+02    0.260490E+02
    0.263670E+02    0.266850E+02    0.267944E+02    0.266952E+02
    0.265961E+02    0.264969E+02    0.263978E+02    0.262986E+02
    0.261994E+02    0.261003E+02    0.260011E+02    0.259019E+02
    0.255949E+02    0.250802E+02    0.245654E+02    0.240506E+02
    0.235359E+02    0.230211E+02    0.225063E+02    0.219915E+02
    0.214767E+02    0.209619E+02    0.204851E+02    0.200464E+02
    0.196076E+02    0.191688E+02    0.187300E+02    0.182912E+02
    0.178524E+02    0.174136E+02    0.169749E+02    0.165361E+02
    0.163679E+02    0.164703E+02    0.165727E+02    0.166751E+02
    0.167775E+02    0.168799E+02    0.169824E+02    0.170848E+02
    0.171872E+02    0.172896E+02    0.173345E+02    0.173220E+02
    0.173095E+02    0.172969E+02    0.170982E+02    0.168416E+02
    0.165851E+02    0.163285E+02    0.160718E+02    0.159274E+02
    0.154645E+02    0.150621E+02    0.146597E+02    0.142572E+02
    0.138548E+02    0.134524E+02    0.130499E+02    0.126475E+02
    0.120113E+02    0.113751E+02    0.107389E+02    0.101028E+02
    0.946656E+01    0.875696E+01    0.804734E+01    0.733773E+01
    0.662810E+01    0.591848E+01    0.534419E+01    0.487966E+01
    0.454905E+01    0.421844E+01    0.334058E+01    0.315882E+01
    0.297705E+01    0.279529E+01    0.263100E+01    0.251473E+01
    0.239799E+01    0.226678E+01    0.221814E+01    0.212727E+01
    0.200634E+01    0.159104E+01    0.121920E+01    0.760484E+00
    0.303132E+00    0.500000E-01    0.500000E-01    0.500000E-01
    0.500000E-01    0.500000E-01    0.500000E-01    0.500000E-01
    0.500000E-01    0.500000E-01    0.500000E-01    0.500000E-01
    0.500000E-01    0.500000E-01    0.500000E-01    0.500000E-01
    0.500000E-01    0.500000E-01    0.500000E-01    0.500000E-01
    0.500000E-01    0.500000E-01    0.500000E-01    0.500000E-01
    0.488441E+01    0.488441E+01    0.408369E+01    0.408369E+01
    0.408369E+01    0.408369E+01    0.247678E+02    0.251076E+02
    0.254475E+02    0.257873E+02    0.261272E+02    0.262566E+02
    0.261755E+02    0.260945E+02    0.260134E+02    0.259324E+02
    0.258513E+02    0.257703E+02    0.256892E+02    0.256081E+02
    0.255271E+02    0.252234E+02    0.246972E+02    0.241709E+02
    0.236446E+02    0.231184E+02    0.225921E+02    0.220659E+02
    0.215396E+02    0.210133E+02    0.204870E+02    0.200157E+02
    0.195993E+02    0.191830E+02    0.187666E+02    0.183502E+02
    0.179338E+02    0.175174E+02    0.171010E+02    0.166846E+02
    0.162682E+02    0.161114E+02    0.162141E+02    0.163168E+02
    0.164195E+02    0.165223E+02    0.166250E+02    0.167277E+02
    0.168304E+02    0.169331E+02    0.170358E+02    0.170809E+02
    0.170683E+02    0.170558E+02    0.168303E+02    0.165737E+02
    0.163171E+02    0.160605E+02    0.158039E+02    0.155473E+02
    0.154029E+02    0.150681E+02    0.146235E+02    0.141790E+02
    0.137344E+02    0.132898E+02    0.128452E+02    0.124006E+02
    0.119560E+02    0.113470E+02    0.107379E+02    0.101289E+02
    0.951983E+01    0.891077E+01    0.825856E+01    0.760635E+01
    0.695413E+01    0.630191E+01    0.564968E+01    0.521196E+01
    0.488135E+01    0.455075E+01    0.422014E+01    0.355619E+01
    0.343187E+01    0.326394E+01    0.308998E+01    0.293016E+01
    0.281275E+01    0.259667E+01    0.243823E+01    0.235455E+01
    0.225918E+01    0.212942E+01    0.166957E+01    0.126154E+01
    0.756412E+00    0.252928E+00    0.500000E-01    0.500000E-01
    0.500000E-01    0.500000E-01    0.500000E-01    0.500000E-01
    0.500000E-01    0.500000E-01    0.500000E-01    0.500000E-01
    0.500000E-01    0.500000E-01    0.500000E-01    0.500000E-01
    0.500000E-01    0.500000E-01    0.500000E-01    0.500000E-01
    0.500000E-01    0.500000E-01    0.500000E-01    0.500000E-01
    0.488441E+01    0.488441E+01    0.408369E+01    0.408369E+01
    0.408369E+01    0.408369E+01    0.408369E+01    0.241225E+02
    0.244842E+02    0.248459E+02    0.252076E+02    0.255693E+02
    0.257187E+02    0.256558E+02    0.255929E+02    0.255299E+02
    0.254670E+02    0.254040E+02    0.253411E+02    0.252781E+02
    0.252152E+02    0.251522E+02    0.248519E+02    0.243141E+02
    0.237764E+02    0.232387E+02    0.227009E+02    0.221632E+02
    0.216254E+02    0.210877E+02    0.205499E+02    0.200121E+02
    0.195463E+02    0.191523E+02    0.187583E+02    0.183643E+02
    0.179704E+02    0.175764E+02    0.171824E+02    0.167884E+02
    0.163944E+02    0.160004E+02    0.158549E+02    0.159579E+02
    0.160610E+02    0.161640E+02    0.162670E+02    0.163700E+02
    0.164730E+02    0.165760E+02    0.166790E+02    0.167820E+02
    0.168272E+02    0.168147E+02    0.165623E+02    0.163057E+02
    0.160492E+02    0.157926E+02    0.155360E+02    0.152794E+02
    0.150228E+02    0.148784E+02    0.144056E+02    0.141557E+02
    0.136944E+02    0.132332E+02    0.127719E+02    0.123106E+02
    0.118494E+02    0.113881E+02    0.108214E+02    0.102547E+02
    0.968799E+01    0.912129E+01    0.855459E+01    0.797911E+01
    0.740362E+01    0.682814E+01    0.625265E+01    0.567716E+01
    0.534655E+01    0.501596E+01    0.468536E+01    0.439835E+01
    0.386966E+01    0.374529E+01    0.362099E+01    0.349668E+01
    0.333808E+01    0.311191E+01    0.285855E+01    0.260542E+01
    0.256491E+01    0.245042E+01    0.230263E+01    0.178598E+01
    0.132841E+01    0.781320E+00    0.234562E+00    0.500000E-01
    0.500000E-01    0.500000E-01    0.500000E-01    0.500000E-01
    0.500000E-01    0.500000E-01    0.500000E-01    0.500000E-01
    0.500000E-01    0.500000E-01    0.500000E-01    0.500000E-01
    0.500000E-01    0.500000E-01    0.500000E-01    0.500000E-01
    0.500000E-01    0.500000E-01    0.500000E-01    0.500000E-01
    0.488441E+01    0.488441E+01    0.488441E+01    0.408369E+01
    0.408369E+01    0.408369E+01    0.408369E+01    0.408369E+01
    0.234772E+02    0.238608E+02    0.242444E+02    0.246279E+02
    0.250115E+02    0.251809E+02    0.251361E+02    0.250912E+02
    0.250464E+02    0.250016E+02    0.249568E+02    0.249119E+02
    0.248671E+02    0.248222E+02    0.247774E+02    0.244803E+02
    0.239311E+02    0.233819E+02    0.228327E+02    0.222834E+02
    0.217342E+02    0.211850E+02    0.206357E+02    0.200865E+02
    0.195372E+02    0.190768E+02    0.187053E+02    0.183337E+02
    0.179621E+02    0.175905E+02    0.172190E+02    0.168474E+02
    0.164758E+02    0.161042E+02    0.157326E+02    0.155985E+02
    0.157018E+02    0.158051E+02    0.159084E+02    0.160117E+02
    0.161150E+02    0.162183E+02    0.163216E+02    0.164249E+02
    0.165282E+02    0.165509E+02    0.162943E+02    0.160378E+02
    0.157812E+02    0.155246E+02    0.152680E+02    0.150115E+02
    0.147549E+02    0.144983E+02    0.138795E+02    0.132995E+02
    0.131636E+02    0.130276E+02    0.127461E+02    0.122849E+02
    0.118236E+02    0.113623E+02    0.109011E+02    0.103867E+02
    0.987234E+01    0.935798E+01    0.884361E+01    0.832925E+01
    0.784318E+01    0.735710E+01    0.687103E+01    0.638495E+01
    0.589888E+01    0.556828E+01    0.523769E+01    0.496690E+01
    0.478382E+01    0.418013E+01    0.409968E+01    0.401935E+01
    0.393902E+01    0.381654E+01    0.356757E+01    0.322020E+01
    0.312196E+01    0.300071E+01    0.284473E+01    0.261832E+01
    0.208876E+01    0.159231E+01    0.102482E+01    0.457063E+00
    0.457063E+00    0.457063E+00    0.500000E-01    0.500000E-01
    0.500000E-01    0.500000E-01    0.500000E-01    0.500000E-01
    0.500000E-01    0.500000E-01    0.500000E-01    0.500000E-01
    0.500000E-01    0.500000E-01    0.500000E-01    0.500000E-01
    0.500000E-01    0.500000E-01    0.500000E-01    0.488441E+01
    0.488441E+01    0.488441E+01    0.488441E+01    0.408369E+01
    0.408369E+01    0.408369E+01    0.408369E+01    0.408369E+01
    0.408369E+01    0.234872E+02    0.237576E+02    0.240279E+02
    0.242982E+02    0.245686E+02    0.246640E+02    0.245846E+02
    0.245052E+02    0.244258E+02    0.243465E+02    0.242671E+02
    0.241876E+02    0.241082E+02    0.240288E+02    0.239494E+02
    0.236498E+02    0.231300E+02    0.226103E+02    0.220905E+02
    0.215707E+02    0.210509E+02    0.205312E+02    0.200114E+02
    0.194916E+02    0.189718E+02    0.185404E+02    0.181975E+02
    0.178547E+02    0.175118E+02    0.171689E+02    0.168260E+02
    0.164831E+02    0.161401E+02    0.157972E+02    0.154543E+02
    0.153314E+02    0.154285E+02    0.155255E+02    0.156226E+02
    0.157196E+02    0.158167E+02    0.159137E+02    0.160108E+02
    0.161078E+02    0.162049E+02    0.161251E+02    0.158685E+02
    0.156120E+02    0.153554E+02    0.150988E+02    0.148423E+02
    0.145857E+02    0.143291E+02    0.142960E+02    0.127735E+02
    0.121934E+02    0.120575E+02    0.119216E+02    0.117856E+02
    0.116497E+02    0.113366E+02    0.108753E+02    0.104140E+02
    0.995201E+01    0.948999E+01    0.902797E+01    0.856594E+01
    0.810391E+01    0.770725E+01    0.731059E+01    0.691392E+01
    0.651726E+01    0.612060E+01    0.579001E+01    0.553546E+01
    0.535237E+01    0.516929E+01    0.448868E+01    0.447931E+01
    0.447006E+01    0.446080E+01    0.439164E+01    0.407182E+01
    0.370376E+01    0.344472E+01    0.341566E+01    0.324019E+01
    0.298915E+01    0.243816E+01    0.193146E+01    0.135144E+01
    0.771448E+00    0.771448E+00    0.771448E+00    0.771448E+00
    0.481298E+00    0.500000E-01    0.500000E-01    0.500000E-01
    0.500000E-01    0.500000E-01    0.500000E-01    0.500000E-01
    0.500000E-01    0.500000E-01    0.500000E-01    0.500000E-01
    0.500000E-01    0.500000E-01    0.500000E-01    0.488441E+01
    0.488441E+01    0.488441E+01    0.488441E+01    0.408369E+01
    0.408369E+01    0.408369E+01    0.408369E+01    0.408369E+01
    0.408369E+01    0.408369E+01    0.238768E+02    0.239556E+02
    0.240345E+02    0.241133E+02    0.241921E+02    0.241593E+02
    0.240148E+02    0.238704E+02    0.237259E+02    0.235814E+02
    0.234370E+02    0.232925E+02    0.231480E+02    0.230035E+02
    0.228590E+02    0.225534E+02    0.220868E+02    0.216202E+02
    0.211536E+02    0.206870E+02    0.202204E+02    0.197538E+02
    0.192871E+02    0.188205E+02    0.183538E+02    0.179652E+02
    0.176547E+02    0.173441E+02    0.170335E+02    0.167229E+02
    0.164124E+02    0.161018E+02    0.157912E+02    0.154806E+02
    0.151700E+02    0.150582E+02    0.151452E+02    0.152322E+02
    0.153192E+02    0.154063E+02    0.154933E+02    0.155803E+02
    0.156673E+02    0.157543E+02    0.158413E+02    0.157565E+02
    0.154999E+02    0.152434E+02    0.149868E+02    0.147302E+02
    0.144736E+02    0.142171E+02    0.142382E+02    0.144750E+02
    0.125608E+02    0.110873E+02    0.109514E+02    0.108155E+02
    0.106796E+02    0.105436E+02    0.104077E+02    0.102717E+02
    0.992701E+01    0.951733E+01    0.910764E+01    0.869796E+01
    0.828827E+01    0.787857E+01    0.757132E+01    0.726407E+01
    0.695682E+01    0.664957E+01    0.634232E+01    0.610401E+01
    0.592092E+01    0.573784E+01    0.555477E+01    0.513518E+01
    0.502212E+01    0.500785E+01    0.502362E+01    0.495260E+01
    0.462118E+01    0.433715E+01    0.408761E+01    0.386300E+01
    0.360608E+01    0.336835E+01    0.294247E+01    0.216034E+01
    0.167805E+01    0.108593E+01    0.108593E+01    0.108593E+01
    0.481298E+00    0.481298E+00    0.500000E-01    0.500000E-01
    0.500000E-01    0.500000E-01    0.500000E-01    0.500000E-01
    0.500000E-01    0.500000E-01    0.500000E-01    0.500000E-01
    0.500000E-01    0.500000E-01    0.500000E-01    0.488441E+01
    0.488441E+01    0.488441E+01    0.488441E+01    0.488441E+01
    0.408369E+01    0.408369E+01    0.408369E+01    0.408369E+01
    0.408369E+01    0.408369E+01    0.408369E+01    0.242663E+02
    0.241537E+02    0.240410E+02    0.239283E+02    0.238157E+02
    0.236546E+02    0.234450E+02    0.232355E+02    0.230259E+02
    0.228164E+02    0.226069E+02    0.223973E+02    0.221877E+02
    0.219782E+02    0.217686E+02    0.214571E+02    0.210436E+02
    0.206302E+02    0.202168E+02    0.198033E+02    0.193898E+02
    0.189764E+02    0.185629E+02    0.181494E+02    0.177359E+02
    0.173901E+02    0.171118E+02    0.168336E+02    0.165553E+02
    0.162770E+02    0.159988E+02    0.157205E+02    0.154422E+02
    0.151639E+02    0.148857E+02    0.147850E+02    0.148620E+02
    0.149389E+02    0.150159E+02    0.150929E+02    0.151698E+02
    0.152468E+02    0.153238E+02    0.154007E+02    0.154777E+02
    0.153878E+02    0.151313E+02    0.148747E+02    0.146182E+02
    0.143616E+02    0.141050E+02    0.141805E+02    0.144173E+02
    0.146541E+02    0.134346E+02    0.112752E+02    0.111026E+02
    0.109300E+02    0.107574E+02    0.105848E+02    0.104122E+02
    0.102396E+02    0.100670E+02    0.967494E+01    0.928290E+01
    0.889086E+01    0.849882E+01    0.784392E+01    0.762379E+01
    0.740367E+01    0.718355E+01    0.696344E+01    0.674334E+01
    0.656025E+01    0.637717E+01    0.619409E+01    0.603947E+01
    0.596535E+01    0.585230E+01    0.573927E+01    0.562624E+01
    0.553770E+01    0.526033E+01    0.498952E+01    0.463937E+01
    0.426710E+01    0.388355E+01    0.365817E+01    0.333605E+01
    0.250421E+01    0.200483E+01    0.140047E+01    0.140047E+01
    0.481298E+00    0.481298E+00    0.500000E-01    0.500000E-01
    0.500000E-01    0.500000E-01    0.500000E-01    0.500000E-01
    0.500000E-01    0.500000E-01    0.500000E-01    0.500000E-01
    0.500000E-01    0.500000E-01    0.500000E-01    0.488441E+01
    0.488441E+01    0.488441E+01    0.488441E+01    0.488441E+01
    0.408369E+01    0.408369E+01    0.408369E+01    0.408369E+01
    0.408369E+01    0.408369E+01    0.408369E+01    0.408369E+01
    0.246559E+02    0.243517E+02    0.240476E+02    0.237434E+02
    0.234392E+02    0.231498E+02    0.228752E+02    0.226006E+02
    0.223260E+02    0.220514E+02    0.217768E+02    0.215021E+02
    0.212275E+02    0.209528E+02    0.206782E+02    0.203607E+02
    0.200005E+02    0.196402E+02    0.192799E+02    0.189196E+02
    0.185593E+02    0.181990E+02    0.178387E+02    0.174783E+02
    0.171180E+02    0.168149E+02    0.165690E+02    0.163230E+02
    0.160771E+02    0.158311E+02    0.155852E+02    0.153392E+02
    0.150933E+02    0.148473E+02    0.146013E+02    0.145118E+02
    0.145787E+02    0.146457E+02    0.147126E+02    0.147795E+02
    0.148464E+02    0.149133E+02    0.149802E+02    0.150471E+02
    0.151140E+02    0.150192E+02    0.147627E+02    0.145061E+02
    0.142496E+02    0.139930E+02    0.141227E+02    0.143595E+02
    0.145963E+02    0.148331E+02    0.143084E+02    0.121216E+02
    0.118936E+02    0.116657E+02    0.114377E+02    0.112098E+02
    0.109819E+02    0.107540E+02    0.105260E+02    0.101340E+02
    0.974198E+01    0.934994E+01    0.876740E+01    0.790631E+01
    0.777216E+01    0.763801E+01    0.750387E+01    0.736973E+01
    0.723560E+01    0.705252E+01    0.686944E+01    0.672350E+01
    0.661933E+01    0.644433E+01    0.638053E+01    0.631675E+01
    0.625297E+01    0.613189E+01    0.583884E+01    0.554580E+01
    0.517033E+01    0.475046E+01    0.438683E+01    0.411431E+01
    0.369626E+01    0.284311E+01    0.233197E+01    0.171510E+01
    0.109830E+01    0.481298E+00    0.481298E+00    0.500000E-01
    0.500000E-01    0.500000E-01    0.500000E-01    0.500000E-01
    0.500000E-01    0.500000E-01    0.500000E-01    0.500000E-01
    0.500000E-01    0.500000E-01    0.500000E-01    0.488441E+01
    0.488441E+01    0.488441E+01    0.488441E+01    0.488441E+01
    0.408369E+01    0.408369E+01    0.408369E+01    0.408369E+01
    0.408369E+01    0.408369E+01    0.408369E+01    0.408369E+01
    0.389763E+01    0.250455E+02    0.245498E+02    0.240541E+02
    0.235585E+02    0.230628E+02    0.226451E+02    0.223054E+02
    0.219657E+02    0.216260E+02    0.212864E+02    0.209467E+02
    0.206070E+02    0.202672E+02    0.199275E+02    0.195878E+02
    0.192644E+02    0.189573E+02    0.186501E+02    0.183430E+02
    0.180359E+02    0.177287E+02    0.174216E+02    0.171144E+02
    0.168073E+02    0.165001E+02    0.162397E+02    0.160261E+02
    0.158125E+02    0.155989E+02    0.153852E+02    0.151716E+02
    0.149579E+02    0.147443E+02    0.145306E+02    0.143170E+02
    0.142386E+02    0.142955E+02    0.143524E+02    0.144093E+02
    0.144661E+02    0.145230E+02    0.145799E+02    0.146367E+02
    0.146936E+02    0.147504E+02    0.146506E+02    0.143940E+02
    0.141375E+02    0.138809E+02    0.140650E+02    0.143018E+02
    0.145386E+02    0.147754E+02    0.150122E+02    0.151822E+02
    0.129679E+02    0.126846E+02    0.124014E+02    0.121181E+02
    0.118349E+02    0.115516E+02    0.112684E+02    0.109851E+02
    0.105931E+02    0.102011E+02    0.969086E+01    0.882978E+01
    0.796870E+01    0.792053E+01    0.787236E+01    0.782419E+01
    0.777602E+01    0.772786E+01    0.754478E+01    0.740753E+01
    0.730335E+01    0.719918E+01    0.675601E+01    0.676494E+01
    0.677387E+01    0.678280E+01    0.670805E+01    0.638218E+01
    0.605631E+01    0.567264E+01    0.526969E+01    0.467850E+01
    0.448303E+01    0.408288E+01    0.345962E+01    0.257981E+01
    0.202214E+01    0.140052E+01    0.771485E+00    0.148902E+00
    0.500000E-01    0.500000E-01    0.500000E-01    0.500000E-01
    0.500000E-01    0.500000E-01    0.500000E-01    0.500000E-01
    0.500000E-01    0.500000E-01    0.500000E-01    0.488441E+01
    0.488441E+01    0.488441E+01    0.488441E+01    0.488441E+01
    0.488441E+01    0.408369E+01    0.408369E+01    0.408369E+01
    0.408369E+01    0.408369E+01    0.408369E+01    0.408369E+01
    0.389763E+01    0.389763E+01    0.254350E+02    0.247479E+02
    0.240607E+02    0.233735E+02    0.226863E+02    0.221404E+02
    0.217356E+02    0.213308E+02    0.209261E+02    0.205213E+02
    0.201166E+02    0.197118E+02    0.193070E+02    0.189022E+02
    0.184974E+02    0.181680E+02    0.179141E+02    0.176601E+02
    0.174061E+02    0.171522E+02    0.168982E+02    0.166442E+02
    0.163902E+02    0.161362E+02    0.158822E+02    0.156646E+02
    0.154833E+02    0.153019E+02    0.151206E+02    0.149393E+02
    0.147580E+02    0.145767E+02    0.143953E+02    0.142140E+02
    0.140327E+02    0.139654E+02    0.140123E+02    0.140591E+02
    0.141059E+02    0.141527E+02    0.141996E+02    0.142464E+02
    0.142932E+02    0.143400E+02    0.143868E+02    0.142820E+02
    0.140254E+02    0.137705E+02    0.140073E+02    0.142441E+02
    0.144809E+02    0.147177E+02    0.149544E+02    0.151912E+02
    0.154280E+02    0.138143E+02    0.134757E+02    0.131371E+02
    0.127985E+02    0.124599E+02    0.121213E+02    0.117828E+02
    0.114442E+02    0.110522E+02    0.106143E+02    0.975323E+01
    0.889215E+01    0.803111E+01    0.806891E+01    0.810671E+01
    0.814451E+01    0.818231E+01    0.822012E+01    0.809156E+01
    0.798738E+01    0.788320E+01    0.777903E+01    0.742145E+01
    0.732558E+01    0.731232E+01    0.734257E+01    0.728395E+01
    0.695867E+01    0.663339E+01    0.624986E+01    0.582650E+01
    0.519718E+01    0.487603E+01    0.444777E+01    0.382547E+01
    0.302798E+01    0.233633E+01    0.170281E+01    0.106153E+01
    0.420286E+00    0.500000E-01    0.500000E-01    0.500000E-01
    0.500000E-01    0.500000E-01    0.500000E-01    0.500000E-01
    0.500000E-01    0.500000E-01    0.535469E+01    0.488441E+01
    0.488441E+01    0.488441E+01    0.488441E+01    0.488441E+01
    0.488441E+01    0.408369E+01    0.408369E+01    0.408369E+01
    0.408369E+01    0.408369E+01    0.408369E+01    0.408369E+01
    0.389763E+01    0.389763E+01    0.389763E+01    0.258246E+02
    0.249459E+02    0.240673E+02    0.231886E+02    0.223099E+02
    0.216356E+02    0.211658E+02    0.206960E+02    0.202261E+02
    0.197563E+02    0.192865E+02    0.188166E+02    0.183467E+02
    0.178769E+02    0.174070E+02    0.170717E+02    0.168709E+02
    0.166701E+02    0.164693E+02    0.162685E+02    0.160676E+02
    0.158668E+02    0.156660E+02    0.154651E+02    0.152643E+02
    0.150894E+02    0.149404E+02    0.147914E+02    0.146424E+02
    0.144934E+02    0.143444E+02    0.141954E+02    0.140464E+02
    0.138974E+02    0.137483E+02    0.136922E+02    0.137290E+02
    0.137658E+02    0.138026E+02    0.138394E+02    0.138761E+02
    0.139129E+02    0.139497E+02    0.139865E+02    0.140232E+02
    0.139133E+02    0.137128E+02    0.139496E+02    0.141863E+02
    0.144231E+02    0.146599E+02    0.148967E+02    0.151335E+02
    0.153703E+02    0.156071E+02    0.146606E+02    0.142667E+02
    0.138728E+02    0.134789E+02    0.130849E+02    0.126910E+02
    0.122972E+02    0.119033E+02    0.115112E+02    0.106767E+02
    0.981559E+01    0.920147E+01    0.894246E+01    0.863550E+01
    0.869723E+01    0.875896E+01    0.882070E+01    0.888245E+01
    0.877828E+01    0.867410E+01    0.856993E+01    0.844758E+01
    0.823363E+01    0.813775E+01    0.804190E+01    0.794606E+01
    0.785975E+01    0.754891E+01    0.723807E+01    0.683127E+01
    0.636952E+01    0.562593E+01    0.538007E+01    0.491749E+01
    0.428681E+01    0.357764E+01    0.268831E+01    0.203783E+01
    0.138093E+01    0.729028E+00    0.139279E+00    0.500000E-01
    0.500000E-01    0.500000E-01    0.500000E-01    0.500000E-01
    0.500000E-01    0.535469E+01    0.535469E+01    0.535469E+01
    0.488441E+01    0.488441E+01    0.488441E+01    0.488441E+01
    0.488441E+01    0.408369E+01    0.408369E+01    0.408369E+01
    0.408369E+01    0.408369E+01    0.408369E+01    0.408369E+01
    0.389763E+01    0.389763E+01    0.389763E+01    0.389763E+01
    0.262141E+02    0.251440E+02    0.240738E+02    0.230036E+02
    0.219334E+02    0.211309E+02    0.205960E+02    0.200611E+02
    0.195262E+02    0.189913E+02    0.184564E+02    0.179214E+02
    0.173865E+02    0.168516E+02    0.163166E+02    0.159753E+02
    0.158277E+02    0.156800E+02    0.155324E+02    0.153847E+02
    0.152371E+02    0.150894E+02    0.149417E+02    0.147941E+02
    0.146464E+02    0.145142E+02    0.143975E+02    0.142809E+02
    0.141642E+02    0.140475E+02    0.139308E+02    0.138141E+02
    0.136974E+02    0.135807E+02    0.134640E+02    0.134190E+02
    0.134458E+02    0.134725E+02    0.134993E+02    0.135260E+02
    0.135527E+02    0.135795E+02    0.136062E+02    0.136329E+02
    0.136596E+02    0.136551E+02    0.138918E+02    0.141286E+02
    0.143654E+02    0.146022E+02    0.148390E+02    0.150758E+02
    0.153125E+02    0.155493E+02    0.157861E+02    0.155069E+02
    0.150577E+02    0.146085E+02    0.141592E+02    0.137100E+02
    0.132608E+02    0.128115E+02    0.123623E+02    0.117095E+02
    0.111456E+02    0.106636E+02    0.105224E+02    0.101814E+02
    0.984036E+01    0.949936E+01    0.948692E+01    0.954866E+01
    0.961041E+01    0.950623E+01    0.940206E+01    0.927500E+01
    0.912814E+01    0.895695E+01    0.880904E+01    0.866113E+01
    0.851323E+01    0.832556E+01    0.801853E+01    0.772043E+01
    0.730336E+01    0.706181E+01    0.671383E+01    0.624354E+01
    0.572038E+01    0.502567E+01    0.452032E+01    0.371844E+01
    0.294932E+01    0.231791E+01    0.168826E+01    0.113874E+01
    0.500000E-01    0.500000E-01    0.500000E-01    0.500000E-01
    0.500000E-01    0.535469E+01    0.535469E+01    0.535469E+01
    0.488441E+01    0.488441E+01    0.488441E+01    0.488441E+01
    0.488441E+01    0.488441E+01    0.408369E+01    0.408369E+01
    0.408369E+01    0.408369E+01    0.408369E+01    0.408369E+01
    0.389763E+01    0.389763E+01    0.389763E+01    0.389763E+01
    0.389763E+01    0.275924E+02    0.264652E+02    0.253380E+02
    0.242109E+02    0.230837E+02    0.222232E+02    0.216293E+02
    0.210355E+02    0.204417E+02    0.198478E+02    0.192540E+02
    0.186603E+02    0.180665E+02    0.174727E+02    0.168789E+02
    0.165016E+02    0.163407E+02    0.161797E+02    0.160188E+02
    0.158579E+02    0.156970E+02    0.155361E+02    0.153752E+02
    0.152143E+02    0.150535E+02    0.149246E+02    0.148278E+02
    0.147310E+02    0.146342E+02    0.145374E+02    0.144406E+02
    0.143438E+02    0.142471E+02    0.141503E+02    0.140535E+02
    0.140357E+02    0.140967E+02    0.141578E+02    0.142189E+02
    0.142799E+02    0.143410E+02    0.144021E+02    0.144632E+02
    0.145243E+02    0.145854E+02    0.147354E+02    0.149741E+02
    0.152128E+02    0.154515E+02    0.156903E+02    0.159291E+02
    0.161678E+02    0.164066E+02    0.166454E+02    0.168842E+02
    0.167721E+02    0.163091E+02    0.158461E+02    0.153831E+02
    0.149201E+02    0.144571E+02    0.139941E+02    0.135157E+02
    0.129275E+02    0.121630E+02    0.120421E+02    0.117613E+02
    0.114203E+02    0.110793E+02    0.107383E+02    0.103973E+02
    0.102766E+02    0.103384E+02    0.102342E+02    0.101024E+02
    0.995556E+01    0.980871E+01    0.964849E+01    0.942988E+01
    0.921129E+01    0.899269E+01    0.875200E+01    0.845020E+01
    0.816712E+01    0.803408E+01    0.815190E+01    0.801649E+01
    0.736302E+01    0.664240E+01    0.593395E+01    0.572176E+01
    0.519766E+01    0.451686E+01    0.369796E+01    0.309638E+01
    0.257697E+01    0.231484E+01    0.231484E+01    0.231484E+01
    0.498992E+01    0.535469E+01    0.535469E+01    0.535469E+01
    0.535469E+01    0.488441E+01    0.488441E+01    0.488441E+01
    0.488441E+01    0.488441E+01    0.408369E+01    0.408369E+01
    0.408369E+01    0.408369E+01    0.408369E+01    0.408369E+01
    0.389763E+01    0.389763E+01    0.389763E+01    0.389763E+01
    0.389763E+01    0.389763E+01    0.292985E+02    0.281588E+02
    0.270191E+02    0.258794E+02    0.247398E+02    0.238446E+02
    0.231939E+02    0.225433E+02    0.218926E+02    0.212420E+02
    0.205914E+02    0.199407E+02    0.192901E+02    0.186395E+02
    0.179889E+02    0.175655E+02    0.173694E+02    0.171732E+02
    0.169770E+02    0.167809E+02    0.165847E+02    0.163886E+02
    0.161925E+02    0.159963E+02    0.158002E+02    0.156616E+02
    0.155806E+02    0.154996E+02    0.154186E+02    0.153376E+02
    0.152566E+02    0.151756E+02    0.150946E+02    0.150136E+02
    0.149326E+02    0.149472E+02    0.150573E+02    0.151674E+02
    0.152776E+02    0.153877E+02    0.154978E+02    0.156080E+02
    0.157182E+02    0.158283E+02    0.159385E+02    0.161143E+02
    0.163556E+02    0.165970E+02    0.168384E+02    0.170798E+02
    0.173211E+02    0.175625E+02    0.178040E+02    0.180454E+02
    0.182868E+02    0.181760E+02    0.177130E+02    0.172500E+02
    0.167870E+02    0.163240E+02    0.158610E+02    0.153837E+02
    0.148991E+02    0.143653E+02    0.137700E+02    0.133412E+02
    0.130002E+02    0.126592E+02    0.123182E+02    0.119772E+02
    0.116362E+02    0.112952E+02    0.110663E+02    0.109298E+02
    0.107830E+02    0.106361E+02    0.104893E+02    0.103400E+02
    0.100507E+02    0.976144E+01    0.947215E+01    0.917998E+01
    0.898086E+01    0.904658E+01    0.908540E+01    0.918569E+01
    0.922095E+01    0.888544E+01    0.823073E+01    0.760553E+01
    0.699016E+01    0.632406E+01    0.586775E+01    0.541500E+01
    0.453525E+01    0.400132E+01    0.368595E+01    0.368595E+01
    0.498992E+01    0.535469E+01    0.535469E+01    0.535469E+01
    0.535469E+01    0.488441E+01    0.488441E+01    0.488441E+01
    0.488441E+01    0.488441E+01    0.408369E+01    0.408369E+01
    0.408369E+01    0.408369E+01    0.408369E+01    0.408369E+01
    0.389763E+01    0.389763E+01    0.389763E+01    0.389763E+01
    0.389763E+01    0.389763E+01    0.389763E+01    0.310045E+02
    0.298523E+02    0.287002E+02    0.275480E+02    0.263959E+02
    0.254661E+02    0.247586E+02    0.240511E+02    0.233436E+02
    0.226361E+02    0.219287E+02    0.212212E+02    0.205138E+02
    0.198064E+02    0.190989E+02    0.186295E+02    0.183981E+02
    0.181667E+02    0.179352E+02    0.177038E+02    0.174724E+02
    0.172411E+02    0.170097E+02    0.167783E+02    0.165469E+02
    0.163986E+02    0.163334E+02    0.162682E+02    0.162029E+02
    0.161377E+02    0.160725E+02    0.160073E+02    0.159421E+02
    0.158769E+02    0.158117E+02    0.158587E+02    0.160179E+02
    0.161771E+02    0.163363E+02    0.164955E+02    0.166547E+02
    0.168139E+02    0.169731E+02    0.171324E+02    0.172916E+02
    0.174932E+02    0.177372E+02    0.179812E+02    0.182252E+02
    0.184692E+02    0.187132E+02    0.189573E+02    0.192013E+02
    0.194454E+02    0.196894E+02    0.195800E+02    0.191169E+02
    0.186539E+02    0.181910E+02    0.177280E+02    0.172516E+02
    0.167670E+02    0.162825E+02    0.157838E+02    0.151885E+02
    0.146788E+02    0.142546E+02    0.138305E+02    0.134063E+02
    0.129822E+02    0.125581E+02    0.121340E+02    0.117099E+02
    0.115630E+02    0.114162E+02    0.112693E+02    0.111224E+02
    0.106873E+02    0.103825E+02    0.100777E+02    0.977292E+01
    0.100919E+02    0.101025E+02    0.101634E+02    0.102022E+02
    0.102410E+02    0.102375E+02    0.100251E+02    0.980839E+01
    0.897591E+01    0.808417E+01    0.728640E+01    0.698247E+01
    0.679331E+01    0.629819E+01    0.570740E+01    0.529263E+01
    0.498992E+01    0.498992E+01    0.535469E+01    0.535469E+01
    0.535469E+01    0.587782E+01    0.488441E+01    0.488441E+01
    0.488441E+01    0.488441E+01    0.488441E+01    0.408369E+01
    0.408369E+01    0.408369E+01    0.408369E+01    0.408369E+01
    0.389763E+01    0.389763E+01    0.389763E+01    0.389763E+01
    0.389763E+01    0.389763E+01    0.389763E+01    0.389763E+01
    0.327106E+02    0.315459E+02    0.303813E+02    0.292166E+02
    0.280520E+02    0.270875E+02    0.263232E+02    0.255589E+02
    0.247946E+02    0.240303E+02    0.232660E+02    0.225017E+02
    0.217374E+02    0.209732E+02    0.202089E+02    0.196935E+02
    0.194268E+02    0.191601E+02    0.188935E+02    0.186268E+02
    0.183602E+02    0.180935E+02    0.178269E+02    0.175603E+02
    0.172937E+02    0.171356E+02    0.170862E+02    0.170367E+02
    0.169873E+02    0.169379E+02    0.168884E+02    0.168390E+02
    0.167896E+02    0.167402E+02    0.166908E+02    0.167702E+02
    0.169785E+02    0.171867E+02    0.173950E+02    0.176032E+02
    0.178115E+02    0.180198E+02    0.182281E+02    0.184364E+02
    0.186447E+02    0.188722E+02    0.191188E+02    0.193654E+02
    0.196120E+02    0.198587E+02    0.201053E+02    0.203520E+02
    0.205987E+02    0.208453E+02    0.210920E+02    0.209839E+02
    0.205209E+02    0.200579E+02    0.195949E+02    0.191196E+02
    0.186350E+02    0.181504E+02    0.176658E+02    0.171813E+02
    0.166070E+02    0.160441E+02    0.155134E+02    0.149828E+02
    0.144522E+02    0.139216E+02    0.133910E+02    0.128604E+02
    0.123298E+02    0.121829E+02    0.120360E+02    0.118892E+02
    0.115213E+02    0.109378E+02    0.106331E+02    0.103283E+02
    0.106174E+02    0.109414E+02    0.110921E+02    0.110601E+02
    0.110281E+02    0.109960E+02    0.109189E+02    0.107064E+02
    0.105024E+02    0.105041E+02    0.993083E+01    0.918961E+01
    0.861616E+01    0.803730E+01    0.757273E+01    0.715256E+01
    0.662452E+01    0.623205E+01    0.573006E+01    0.535469E+01
    0.535469E+01    0.587782E+01    0.577951E+01    0.488441E+01
    0.488441E+01    0.488441E+01    0.488441E+01    0.408369E+01
    0.408369E+01    0.408369E+01    0.408369E+01    0.408369E+01
    0.389763E+01    0.389763E+01    0.389763E+01    0.389763E+01
    0.389763E+01    0.389763E+01    0.389763E+01    0.389763E+01
    0.389763E+01    0.344166E+02    0.332395E+02    0.320624E+02
    0.308852E+02    0.297081E+02    0.287090E+02    0.278878E+02
    0.270667E+02    0.262455E+02    0.254244E+02    0.246033E+02
    0.237822E+02    0.229611E+02    0.221400E+02    0.213189E+02
    0.207574E+02    0.204555E+02    0.201536E+02    0.198517E+02
    0.195498E+02    0.192479E+02    0.189460E+02    0.186441E+02
    0.183423E+02    0.180404E+02    0.178726E+02    0.178390E+02
    0.178053E+02    0.177717E+02    0.177380E+02    0.177044E+02
    0.176707E+02    0.176371E+02    0.176035E+02    0.175699E+02
    0.176818E+02    0.179391E+02    0.181964E+02    0.184537E+02
    0.187110E+02    0.189683E+02    0.192257E+02    0.194830E+02
    0.197404E+02    0.199978E+02    0.202511E+02    0.205003E+02
    0.207496E+02    0.209988E+02    0.212481E+02    0.214974E+02
    0.217467E+02    0.219960E+02    0.222453E+02    0.224947E+02
    0.223878E+02    0.219248E+02    0.214618E+02    0.209876E+02
    0.205030E+02    0.200184E+02    0.195338E+02    0.190492E+02
    0.185647E+02    0.180255E+02    0.174094E+02    0.167722E+02
    0.161351E+02    0.154980E+02    0.148609E+02    0.142238E+02
    0.135867E+02    0.129496E+02    0.128027E+02    0.126559E+02
    0.123553E+02    0.117719E+02    0.111884E+02    0.108836E+02
    0.111423E+02    0.114664E+02    0.117904E+02    0.120214E+02
    0.119003E+02    0.117791E+02    0.116580E+02    0.115141E+02
    0.113070E+02    0.111145E+02    0.111161E+02    0.111825E+02
    0.108151E+02    0.991280E+01    0.910806E+01    0.853872E+01
    0.827598E+01    0.754058E+01    0.715145E+01    0.668174E+01
    0.597350E+01    0.587782E+01    0.587782E+01    0.577951E+01
    0.488441E+01    0.488441E+01    0.488441E+01    0.408369E+01
    0.408369E+01    0.408369E+01    0.408369E+01    0.408369E+01
    0.389763E+01    0.389763E+01    0.389763E+01    0.389763E+01
    0.389763E+01    0.389763E+01    0.389763E+01    0.389763E+01
    0.389763E+01    0.389763E+01    0.361227E+02    0.349330E+02
    0.337434E+02    0.325538E+02    0.313643E+02    0.303305E+02
    0.294525E+02    0.285745E+02    0.276965E+02    0.268185E+02
    0.259406E+02    0.250627E+02    0.241847E+02    0.233068E+02
    0.224289E+02    0.218214E+02    0.214842E+02    0.211470E+02
    0.208099E+02    0.204727E+02    0.201356E+02    0.197985E+02
    0.194614E+02    0.191242E+02    0.187871E+02    0.186096E+02
    0.185918E+02    0.185739E+02    0.185560E+02    0.185382E+02
    0.185203E+02    0.185025E+02    0.184846E+02    0.184668E+02
    0.184490E+02    0.185933E+02    0.188996E+02    0.192060E+02
    0.195124E+02    0.198188E+02    0.201252E+02    0.204316E+02
    0.207380E+02    0.210444E+02    0.213509E+02    0.216300E+02
    0.218819E+02    0.221338E+02    0.223857E+02    0.226376E+02
    0.228895E+02    0.231414E+02    0.233934E+02    0.236453E+02
    0.238973E+02    0.237918E+02    0.233288E+02    0.228555E+02
    0.223709E+02    0.218863E+02    0.214017E+02    0.209172E+02
    0.204326E+02    0.199481E+02    0.194441E+02    0.187746E+02
    0.180310E+02    0.172874E+02    0.165438E+02    0.158002E+02
    0.150566E+02    0.143130E+02    0.135695E+02    0.134226E+02
    0.131893E+02    0.126059E+02    0.120224E+02    0.114390E+02
    0.116673E+02    0.119913E+02    0.123153E+02    0.126394E+02
    0.129506E+02    0.127404E+02    0.125302E+02    0.123200E+02
    0.121115E+02    0.122267E+02    0.123356E+02    0.122361E+02
    0.122532E+02    0.120630E+02    0.112032E+02    0.109887E+02
    0.107797E+02    0.102882E+02    0.976713E+01    0.914788E+01
    0.842877E+01    0.764242E+01    0.704005E+01    0.643732E+01
    0.577951E+01    0.488441E+01    0.488441E+01    0.488441E+01
    0.408369E+01    0.408369E+01    0.408369E+01    0.408369E+01
    0.389763E+01    0.389763E+01    0.389763E+01    0.389763E+01
    0.389763E+01    0.389763E+01    0.389763E+01    0.389763E+01
    0.389763E+01    0.389763E+01    0.389763E+01    0.378287E+02
    0.366266E+02    0.354245E+02    0.342224E+02    0.330204E+02
    0.319519E+02    0.310171E+02    0.300823E+02    0.291475E+02
    0.282127E+02    0.272779E+02    0.263431E+02    0.254084E+02
    0.244736E+02    0.235389E+02    0.228853E+02    0.225129E+02
    0.221405E+02    0.217681E+02    0.213957E+02    0.210233E+02
    0.206509E+02    0.202786E+02    0.199062E+02    0.195339E+02
    0.193466E+02    0.193445E+02    0.193425E+02    0.193404E+02
    0.193383E+02    0.193363E+02    0.193342E+02    0.193322E+02
    0.193301E+02    0.193281E+02    0.195048E+02    0.198602E+02
    0.202157E+02    0.205711E+02    0.209265E+02    0.212820E+02
    0.216375E+02    0.219930E+02    0.223484E+02    0.227040E+02
    0.230090E+02    0.232635E+02    0.235180E+02    0.237725E+02
    0.240270E+02    0.242816E+02    0.245361E+02    0.247907E+02
    0.250453E+02    0.252999E+02    0.251957E+02    0.247235E+02
    0.242389E+02    0.237543E+02    0.232697E+02    0.227851E+02
    0.223005E+02    0.218160E+02    0.213314E+02    0.208469E+02
    0.201399E+02    0.192898E+02    0.184397E+02    0.175896E+02
    0.167395E+02    0.158895E+02    0.150394E+02    0.141893E+02
    0.140233E+02    0.134398E+02    0.128983E+02    0.126543E+02
    0.126435E+02    0.125759E+02    0.128742E+02    0.131982E+02
    0.135223E+02    0.138463E+02    0.136219E+02    0.133974E+02
    0.131868E+02    0.132419E+02    0.137865E+02    0.137140E+02
    0.136144E+02    0.135149E+02    0.133007E+02    0.129650E+02
    0.126294E+02    0.122019E+02    0.116780E+02    0.111311E+02
    0.103424E+02    0.955370E+01    0.876736E+01    0.798180E+01
    0.724992E+01    0.636021E+01    0.539846E+01    0.539846E+01
    0.440251E+01    0.408369E+01    0.408369E+01    0.408369E+01
    0.389763E+01    0.389763E+01    0.389763E+01    0.389763E+01
    0.389763E+01    0.389763E+01    0.389763E+01    0.389763E+01
    0.389763E+01    0.389763E+01    0.389763E+01    0.389763E+01
    0.395348E+02    0.383202E+02    0.371056E+02    0.358910E+02
    0.346765E+02    0.335734E+02    0.325817E+02    0.315901E+02
    0.305984E+02    0.296068E+02    0.286152E+02    0.276236E+02
    0.266320E+02    0.256405E+02    0.246489E+02    0.239493E+02
    0.235416E+02    0.231340E+02    0.227263E+02    0.223187E+02
    0.219110E+02    0.215034E+02    0.210958E+02    0.206882E+02
    0.202806E+02    0.200836E+02    0.200973E+02    0.201110E+02
    0.201248E+02    0.201385E+02    0.201522E+02    0.201659E+02
    0.201797E+02    0.201934E+02    0.202072E+02    0.204163E+02
    0.208208E+02    0.212253E+02    0.216298E+02    0.220343E+02
    0.224388E+02    0.228434E+02    0.232479E+02    0.236525E+02
    0.240570E+02    0.243879E+02    0.246450E+02    0.249022E+02
    0.251593E+02    0.254165E+02    0.256737E+02    0.259309E+02
    0.261881E+02    0.264453E+02    0.267025E+02    0.265915E+02
    0.261069E+02    0.256222E+02    0.251377E+02    0.246531E+02
    0.241685E+02    0.236839E+02    0.231994E+02    0.227148E+02
    0.222303E+02    0.215052E+02    0.205486E+02    0.195920E+02
    0.186354E+02    0.176789E+02    0.167223E+02    0.157657E+02
    0.148092E+02    0.144869E+02    0.142218E+02    0.140636E+02
    0.140972E+02    0.140297E+02    0.139621E+02    0.138946E+02
    0.140876E+02    0.144116E+02    0.147356E+02    0.145112E+02
    0.142871E+02    0.143421E+02    0.143972E+02    0.148424E+02
    0.146550E+02    0.144675E+02    0.142800E+02    0.140555E+02
    0.137198E+02    0.132479E+02    0.128120E+02    0.124387E+02
    0.119675E+02    0.112026E+02    0.104377E+02    0.959862E+01
    0.873477E+01    0.786446E+01    0.697397E+01    0.601642E+01
    0.505363E+01    0.440251E+01    0.408369E+01    0.408369E+01
    0.389763E+01    0.389763E+01    0.389763E+01    0.389763E+01
    0.389763E+01    0.389763E+01    0.389763E+01    0.389763E+01
    0.389763E+01    0.389763E+01    0.389763E+01    0.389763E+01
    0.389763E+01    0.415891E+02    0.404093E+02    0.392296E+02
    0.380499E+02    0.368702E+02    0.357780E+02    0.347735E+02
    0.337689E+02    0.327644E+02    0.317599E+02    0.307554E+02
    0.297509E+02    0.287465E+02    0.277420E+02    0.267376E+02
    0.260098E+02    0.255586E+02    0.251075E+02    0.246563E+02
    0.242052E+02    0.237541E+02    0.233030E+02    0.228519E+02
    0.224009E+02    0.219498E+02    0.217162E+02    0.217002E+02
    0.216841E+02    0.216680E+02    0.216520E+02    0.216360E+02
    0.216199E+02    0.216039E+02    0.215879E+02    0.215720E+02
    0.217547E+02    0.221361E+02    0.225175E+02    0.228990E+02
    0.232804E+02    0.236619E+02    0.240433E+02    0.244248E+02
    0.248063E+02    0.251878E+02    0.254926E+02    0.257205E+02
    0.259485E+02    0.261765E+02    0.264045E+02    0.266325E+02
    0.268605E+02    0.270886E+02    0.273166E+02    0.275446E+02
    0.274202E+02    0.269433E+02    0.264664E+02    0.259895E+02
    0.255126E+02    0.250358E+02    0.245589E+02    0.240820E+02
    0.236052E+02    0.231283E+02    0.224047E+02    0.214342E+02
    0.204638E+02    0.194934E+02    0.185229E+02    0.175525E+02
    0.165821E+02    0.157256E+02    0.158184E+02    0.154730E+02
    0.155269E+02    0.154834E+02    0.154159E+02    0.153483E+02
    0.152808E+02    0.152133E+02    0.153009E+02    0.156250E+02
    0.154006E+02    0.154424E+02    0.154975E+02    0.155526E+02
    0.158121E+02    0.155217E+02    0.152314E+02    0.149410E+02
    0.146394E+02    0.142118E+02    0.135882E+02    0.132844E+02
    0.130872E+02    0.127550E+02    0.120180E+02    0.112809E+02
    0.103800E+02    0.942459E+01    0.847732E+01    0.751977E+01
    0.656224E+01    0.558674E+01    0.463766E+01    0.413773E+01
    0.389763E+01    0.389763E+01    0.389763E+01    0.389763E+01
    0.389763E+01    0.389763E+01    0.389763E+01    0.389763E+01
    0.389763E+01    0.389763E+01    0.389763E+01    0.389763E+01
    0.389763E+01    0.389763E+01    0.436956E+02    0.425577E+02
    0.414199E+02    0.402821E+02    0.391444E+02    0.380701E+02
    0.370592E+02    0.360483E+02    0.350375E+02    0.340267E+02
    0.330159E+02    0.320051E+02    0.309944E+02    0.299836E+02
    0.289729E+02    0.282196E+02    0.277237E+02    0.272278E+02
    0.267320E+02    0.262361E+02    0.257403E+02    0.252445E+02
    0.247487E+02    0.242530E+02    0.237572E+02    0.234830E+02
    0.234303E+02    0.233777E+02    0.233250E+02    0.232724E+02
    0.232198E+02    0.231672E+02    0.231146E+02    0.230620E+02
    0.230095E+02    0.231570E+02    0.235045E+02    0.238521E+02
    0.241996E+02    0.245472E+02    0.248948E+02    0.252424E+02
    0.255901E+02    0.259377E+02    0.262853E+02    0.265562E+02
    0.267502E+02    0.269443E+02    0.271383E+02    0.273324E+02
    0.275265E+02    0.277205E+02    0.279146E+02    0.281087E+02
    0.283028E+02    0.281659E+02    0.276978E+02    0.272298E+02
    0.267617E+02    0.262937E+02    0.258257E+02    0.253577E+02
    0.248896E+02    0.244216E+02    0.239536E+02    0.232344E+02
    0.222640E+02    0.212936E+02    0.203231E+02    0.193527E+02
    0.183823E+02    0.175191E+02    0.166863E+02    0.163143E+02
    0.168116E+02    0.169372E+02    0.168696E+02    0.168021E+02
    0.167345E+02    0.166670E+02    0.165994E+02    0.165319E+02
    0.165143E+02    0.165427E+02    0.165978E+02    0.166529E+02
    0.167080E+02    0.167817E+02    0.163885E+02    0.159953E+02
    0.156020E+02    0.151757E+02    0.146949E+02    0.144126E+02
    0.140133E+02    0.137535E+02    0.134285E+02    0.126590E+02
    0.118895E+02    0.109308E+02    0.990901E+01    0.888936E+01
    0.787610E+01    0.686284E+01    0.590067E+01    0.492614E+01
    0.428143E+01    0.406592E+01    0.406592E+01    0.406592E+01
    0.406592E+01    0.406592E+01    0.406592E+01    0.406592E+01
    0.406592E+01    0.406592E+01    0.406592E+01    0.406592E+01
    0.406592E+01    0.406592E+01    0.406592E+01    0.458021E+02
    0.447062E+02    0.436103E+02    0.425144E+02    0.414186E+02
    0.403621E+02    0.393449E+02    0.383277E+02    0.373106E+02
    0.362935E+02    0.352764E+02    0.342593E+02    0.332423E+02
    0.322252E+02    0.312082E+02    0.304294E+02    0.298888E+02
    0.293482E+02    0.288076E+02    0.282671E+02    0.277266E+02
    0.271861E+02    0.266456E+02    0.261051E+02    0.255646E+02
    0.252498E+02    0.251605E+02    0.250713E+02    0.249820E+02
    0.248928E+02    0.248036E+02    0.247145E+02    0.246253E+02
    0.245361E+02    0.244470E+02    0.245592E+02    0.248729E+02
    0.251866E+02    0.255003E+02    0.258141E+02    0.261278E+02
    0.264415E+02    0.267553E+02    0.270690E+02    0.273828E+02
    0.276198E+02    0.277799E+02    0.279400E+02    0.281001E+02
    0.282603E+02    0.284204E+02    0.285806E+02    0.287407E+02
    0.289009E+02    0.290611E+02    0.289115E+02    0.284523E+02
    0.279931E+02    0.275340E+02    0.270748E+02    0.266156E+02
    0.261564E+02    0.256973E+02    0.252381E+02    0.247790E+02
    0.240642E+02    0.230938E+02    0.221234E+02    0.211529E+02
    0.201825E+02    0.193127E+02    0.184799E+02    0.176471E+02
    0.170596E+02    0.173075E+02    0.175451E+02    0.175227E+02
    0.175004E+02    0.174780E+02    0.174557E+02    0.174333E+02
    0.174110E+02    0.173887E+02    0.174113E+02    0.174338E+02
    0.174564E+02    0.174790E+02    0.175016E+02    0.170981E+02
    0.166945E+02    0.163101E+02    0.158565E+02    0.157504E+02
    0.153635E+02    0.149642E+02    0.145649E+02    0.140871E+02
    0.132773E+02    0.124675E+02    0.114515E+02    0.103666E+02
    0.928397E+01    0.820773E+01    0.713149E+01    0.615358E+01
    0.520846E+01    0.449172E+01    0.406592E+01    0.406592E+01
    0.406592E+01    0.406592E+01    0.406592E+01    0.406592E+01
    0.406592E+01    0.406592E+01    0.406592E+01    0.406592E+01
    0.406592E+01    0.406592E+01    0.406592E+01    0.500000E-01
    0.479086E+02    0.468546E+02    0.458006E+02    0.447467E+02
    0.436928E+02    0.426541E+02    0.416306E+02    0.406071E+02
    0.395837E+02    0.385603E+02    0.375369E+02    0.365135E+02
    0.354901E+02    0.344668E+02    0.334435E+02    0.326392E+02
    0.320538E+02    0.314686E+02    0.308833E+02    0.302980E+02
    0.297128E+02    0.291276E+02    0.285424E+02    0.279572E+02
    0.273720E+02    0.270165E+02    0.268907E+02    0.267648E+02
    0.266390E+02    0.265133E+02    0.263875E+02    0.262617E+02
    0.261360E+02    0.260102E+02    0.258845E+02    0.259615E+02
    0.262414E+02    0.265212E+02    0.268010E+02    0.270809E+02
    0.273608E+02    0.276406E+02    0.279205E+02    0.282004E+02
    0.284803E+02    0.286834E+02    0.288095E+02    0.289357E+02
    0.290619E+02    0.291881E+02    0.293143E+02    0.294406E+02
    0.295668E+02    0.296930E+02    0.298193E+02    0.296572E+02
    0.292068E+02    0.287565E+02    0.283062E+02    0.278558E+02
    0.274055E+02    0.269552E+02    0.265049E+02    0.260546E+02
    0.256043E+02    0.248939E+02    0.239235E+02    0.229531E+02
    0.219827E+02    0.211063E+02    0.202735E+02    0.194407E+02
    0.186079E+02    0.180487E+02    0.178034E+02    0.180661E+02
    0.180940E+02    0.181219E+02    0.181497E+02    0.181776E+02
    0.182056E+02    0.182335E+02    0.182614E+02    0.182478E+02
    0.182343E+02    0.182207E+02    0.182072E+02    0.181936E+02
    0.177901E+02    0.173970E+02    0.171744E+02    0.167202E+02
    0.161445E+02    0.158254E+02    0.155062E+02    0.151870E+02
    0.147352E+02    0.138852E+02    0.130353E+02    0.119630E+02
    0.108166E+02    0.967196E+01    0.853249E+01    0.739303E+01
    0.639932E+01    0.539668E+01    0.449172E+01    0.449172E+01
    0.406592E+01    0.406592E+01    0.406592E+01    0.406592E+01
    0.406592E+01    0.406592E+01    0.406592E+01    0.406592E+01
    0.406592E+01    0.406592E+01    0.406592E+01    0.500000E-01
    0.500000E-01    0.500151E+02    0.490030E+02    0.479910E+02
    0.469790E+02    0.459670E+02    0.449461E+02    0.439163E+02
    0.428865E+02    0.418568E+02    0.408271E+02    0.397974E+02
    0.387677E+02    0.377380E+02    0.367084E+02    0.356788E+02
    0.348489E+02    0.342189E+02    0.335889E+02    0.329589E+02
    0.323290E+02    0.316990E+02    0.310691E+02    0.304392E+02
    0.298093E+02    0.291794E+02    0.287833E+02    0.286208E+02
    0.284584E+02    0.282961E+02    0.281337E+02    0.279713E+02
    0.278090E+02    0.276466E+02    0.274843E+02    0.273220E+02
    0.273638E+02    0.276098E+02    0.278557E+02    0.281017E+02
    0.283477E+02    0.285937E+02    0.288397E+02    0.290857E+02
    0.293318E+02    0.295778E+02    0.297470E+02    0.298392E+02
    0.299315E+02    0.300237E+02    0.301160E+02    0.302083E+02
    0.303006E+02    0.303929E+02    0.304852E+02    0.305775E+02
    0.304029E+02    0.299614E+02    0.295199E+02    0.290784E+02
    0.286369E+02    0.281954E+02    0.277540E+02    0.273125E+02
    0.268711E+02    0.264296E+02    0.257237E+02    0.247533E+02
    0.237829E+02    0.228998E+02    0.220670E+02    0.212342E+02
    0.204014E+02    0.195687E+02    0.190226E+02    0.183692E+02
    0.185871E+02    0.186652E+02    0.187433E+02    0.188215E+02
    0.188996E+02    0.189778E+02    0.190559E+02    0.191341E+02
    0.190844E+02    0.190347E+02    0.189850E+02    0.189353E+02
    0.188856E+02    0.184838E+02    0.182613E+02    0.180387E+02
    0.175845E+02    0.164731E+02    0.162416E+02    0.160100E+02
    0.157784E+02    0.153822E+02    0.144921E+02    0.136021E+02
    0.124737E+02    0.112659E+02    0.100593E+02    0.885661E+01
    0.765390E+01    0.657588E+01    0.553121E+01    0.553121E+01
    0.553121E+01    0.449172E+01    0.406592E+01    0.406592E+01
    0.406592E+01    0.406592E+01    0.406592E+01    0.406592E+01
    0.406592E+01    0.406592E+01    0.500000E-01    0.500000E-01
    0.500000E-01    0.500000E-01    0.521216E+02    0.511515E+02
    0.501813E+02    0.492112E+02    0.482412E+02    0.472381E+02
    0.462020E+02    0.451660E+02    0.441299E+02    0.430939E+02
    0.420579E+02    0.410219E+02    0.399859E+02    0.389500E+02
    0.379141E+02    0.370587E+02    0.363840E+02    0.357093E+02
    0.350346E+02    0.343599E+02    0.336853E+02    0.330106E+02
    0.323360E+02    0.316614E+02    0.309868E+02    0.305500E+02
    0.303510E+02    0.301520E+02    0.299531E+02    0.297541E+02
    0.295552E+02    0.293562E+02    0.291573E+02    0.289584E+02
    0.287595E+02    0.287661E+02    0.289782E+02    0.291903E+02
    0.294024E+02    0.296145E+02    0.298267E+02    0.300388E+02
    0.302510E+02    0.304631E+02    0.306753E+02    0.308106E+02
    0.308689E+02    0.309272E+02    0.309855E+02    0.310439E+02
    0.311022E+02    0.311606E+02    0.312189E+02    0.312773E+02
    0.313357E+02    0.311485E+02    0.307159E+02    0.302832E+02
    0.298506E+02    0.294180E+02    0.289854E+02    0.285527E+02
    0.281201E+02    0.276875E+02    0.272549E+02    0.265535E+02
    0.255831E+02    0.246933E+02    0.238605E+02    0.230278E+02
    0.221950E+02    0.213622E+02    0.205295E+02    0.199834E+02
    0.193582E+02    0.191081E+02    0.192365E+02    0.193648E+02
    0.194932E+02    0.196216E+02    0.197500E+02    0.198784E+02
    0.200068E+02    0.199209E+02    0.198351E+02    0.197493E+02
    0.196635E+02    0.195776E+02    0.193481E+02    0.191256E+02
    0.189030E+02    0.184825E+02    0.175751E+02    0.170750E+02
    0.168483E+02    0.165371E+02    0.159936E+02    0.150655E+02
    0.141373E+02    0.129545E+02    0.116868E+02    0.104344E+02
    0.922821E+01    0.756065E+01    0.635393E+01    0.545249E+01
    0.545249E+01    0.483602E+01    0.483602E+01    0.483602E+01
    0.483602E+01    0.483602E+01    0.483602E+01    0.483602E+01
    0.406592E+01    0.406592E+01    0.500000E-01    0.500000E-01
    0.500000E-01    0.500000E-01    0.500000E-01    0.542281E+02
    0.532999E+02    0.523717E+02    0.514435E+02    0.505154E+02
    0.495301E+02    0.484877E+02    0.474454E+02    0.464030E+02
    0.453607E+02    0.443184E+02    0.432761E+02    0.422338E+02
    0.411916E+02    0.401493E+02    0.392685E+02    0.385491E+02
    0.378296E+02    0.371102E+02    0.363909E+02    0.356715E+02
    0.349522E+02    0.342328E+02    0.335135E+02    0.327942E+02
    0.323168E+02    0.320812E+02    0.318456E+02    0.316101E+02
    0.313745E+02    0.311390E+02    0.309035E+02    0.306680E+02
    0.304325E+02    0.301970E+02    0.301684E+02    0.303466E+02
    0.305249E+02    0.307031E+02    0.308814E+02    0.310596E+02
    0.312379E+02    0.314162E+02    0.315945E+02    0.317728E+02
    0.318741E+02    0.318985E+02    0.319229E+02    0.319473E+02
    0.319717E+02    0.319961E+02    0.320206E+02    0.320450E+02
    0.320694E+02    0.320939E+02    0.318942E+02    0.314704E+02
    0.310466E+02    0.306228E+02    0.301990E+02    0.297753E+02
    0.293515E+02    0.289278E+02    0.285040E+02    0.280803E+02
    0.273832E+02    0.264868E+02    0.256541E+02    0.248213E+02
    0.239885E+02    0.231557E+02    0.223230E+02    0.214902E+02
    0.209442E+02    0.203446E+02    0.196513E+02    0.194209E+02
    0.194520E+02    0.195825E+02    0.197129E+02    0.198433E+02
    0.199738E+02    0.201042E+02    0.199788E+02    0.198677E+02
    0.197804E+02    0.196931E+02    0.196058E+02    0.193833E+02
    0.191608E+02    0.189383E+02    0.186841E+02    0.183349E+02
    0.179857E+02    0.175711E+02    0.171559E+02    0.166030E+02
    0.156368E+02    0.146707E+02    0.134335E+02    0.121060E+02
    0.107031E+02    0.893158E+01    0.722660E+01    0.578983E+01
    0.535738E+01    0.483602E+01    0.483602E+01    0.483602E+01
    0.483602E+01    0.483602E+01    0.483602E+01    0.483602E+01
    0.483602E+01    0.483602E+01    0.500000E-01    0.500000E-01
    0.500000E-01    0.500000E-01    0.500000E-01    0.500000E-01
    0.563346E+02    0.554483E+02    0.545621E+02    0.536758E+02
    0.527896E+02    0.518221E+02    0.507734E+02    0.497248E+02
    0.486761E+02    0.476275E+02    0.465789E+02    0.455303E+02
    0.444817E+02    0.434332E+02    0.423846E+02    0.414783E+02
    0.407141E+02    0.399500E+02    0.391859E+02    0.384218E+02
    0.376577E+02    0.368937E+02    0.361296E+02    0.353656E+02
    0.346016E+02    0.340835E+02    0.338113E+02    0.335392E+02
    0.332671E+02    0.329949E+02    0.327228E+02    0.324508E+02
    0.321787E+02    0.319066E+02    0.316346E+02    0.315707E+02
    0.317151E+02    0.318594E+02    0.320038E+02    0.321482E+02
    0.322926E+02    0.324370E+02    0.325814E+02    0.327259E+02
    0.328703E+02    0.329377E+02    0.329282E+02    0.329187E+02
    0.329091E+02    0.328996E+02    0.328901E+02    0.328806E+02
    0.328711E+02    0.328616E+02    0.328521E+02    0.326399E+02
    0.322249E+02    0.318100E+02    0.313950E+02    0.309801E+02
    0.305652E+02    0.301503E+02    0.297354E+02    0.293205E+02
    0.289056E+02    0.282803E+02    0.274476E+02    0.266148E+02
    0.257820E+02    0.249492E+02    0.241165E+02    0.232837E+02
    0.224510E+02    0.218604E+02    0.212686E+02    0.206246E+02
    0.200647E+02    0.198908E+02    0.197169E+02    0.197774E+02
    0.199079E+02    0.200383E+02    0.201687E+02    0.200433E+02
    0.199179E+02    0.197924E+02    0.196931E+02    0.196058E+02
    0.193833E+02    0.191608E+02    0.189383E+02    0.186841E+02
    0.183349E+02    0.179857E+02    0.174860E+02    0.169359E+02
    0.162817E+02    0.153146E+02    0.140526E+02    0.127393E+02
    0.113103E+02    0.985539E+01    0.847546E+01    0.712014E+01
    0.580446E+01    0.529832E+01    0.486620E+01    0.486620E+01
    0.486620E+01    0.486620E+01    0.486620E+01    0.486620E+01
    0.486620E+01    0.486620E+01    0.500000E-01    0.500000E-01
    0.500000E-01    0.500000E-01    0.500000E-01    0.500000E-01
    0.500000E-01    0.585874E+02    0.577085E+02    0.568297E+02
    0.559508E+02    0.550720E+02    0.541041E+02    0.530470E+02
    0.519899E+02    0.509328E+02    0.498758E+02    0.488187E+02
    0.477617E+02    0.467047E+02    0.456478E+02    0.445908E+02
    0.436571E+02    0.428466E+02    0.420362E+02    0.412258E+02
    0.404153E+02    0.396049E+02    0.387946E+02    0.379842E+02
    0.371739E+02    0.363635E+02    0.357865E+02    0.354429E+02
    0.350992E+02    0.347556E+02    0.344120E+02    0.340685E+02
    0.337249E+02    0.333813E+02    0.330378E+02    0.326942E+02
    0.325656E+02    0.326520E+02    0.327384E+02    0.328248E+02
    0.329112E+02    0.329976E+02    0.330841E+02    0.331705E+02
    0.332569E+02    0.333433E+02    0.333744E+02    0.333501E+02
    0.333258E+02    0.333015E+02    0.332772E+02    0.332529E+02
    0.332286E+02    0.332043E+02    0.331800E+02    0.331557E+02
    0.329361E+02    0.325213E+02    0.321065E+02    0.316916E+02
    0.312768E+02    0.308620E+02    0.304472E+02    0.300324E+02
    0.296176E+02    0.291782E+02    0.282274E+02    0.274468E+02
    0.266662E+02    0.258856E+02    0.251050E+02    0.243244E+02
    0.235438E+02    0.227632E+02    0.224134E+02    0.220146E+02
    0.215213E+02    0.209047E+02    0.205346E+02    0.203607E+02
    0.201868E+02    0.200129E+02    0.201028E+02    0.202333E+02
    0.201078E+02    0.199824E+02    0.198570E+02    0.197315E+02
    0.195978E+02    0.193772E+02    0.191547E+02    0.189322E+02
    0.186779E+02    0.183283E+02    0.179787E+02    0.173728E+02
    0.166851E+02    0.157820E+02    0.142324E+02    0.125307E+02
    0.107398E+02    0.101527E+02    0.850476E+01    0.770322E+01
    0.651306E+01    0.538679E+01    0.485985E+01    0.486620E+01
    0.486620E+01    0.486620E+01    0.486620E+01    0.486620E+01
    0.486620E+01    0.500000E-01    0.500000E-01    0.500000E-01
    0.500000E-01    0.500000E-01    0.500000E-01    0.500000E-01
    0.500000E-01    0.500000E-01    0.608417E+02    0.599699E+02
    0.590981E+02    0.582263E+02    0.573546E+02    0.563859E+02
    0.553204E+02    0.542549E+02    0.531893E+02    0.521239E+02
    0.510584E+02    0.499929E+02    0.489275E+02    0.478621E+02
    0.467967E+02    0.458356E+02    0.449788E+02    0.441220E+02
    0.432652E+02    0.424085E+02    0.415517E+02    0.406950E+02
    0.398383E+02    0.389816E+02    0.381249E+02    0.374888E+02
    0.370733E+02    0.366578E+02    0.362424E+02    0.358269E+02
    0.354114E+02    0.349960E+02    0.345806E+02    0.341652E+02
    0.337497E+02    0.335561E+02    0.335842E+02    0.336124E+02
    0.336405E+02    0.336687E+02    0.336969E+02    0.337250E+02
    0.337532E+02    0.337814E+02    0.338096E+02    0.338042E+02
    0.337653E+02    0.337264E+02    0.336876E+02    0.336487E+02
    0.336098E+02    0.335709E+02    0.335321E+02    0.334932E+02
    0.334543E+02    0.332275E+02    0.328127E+02    0.323978E+02
    0.319830E+02    0.315682E+02    0.311534E+02    0.307386E+02
    0.303230E+02    0.298756E+02    0.294283E+02    0.281635E+02
    0.274356E+02    0.267077E+02    0.259798E+02    0.252519E+02
    0.245240E+02    0.237961E+02    0.230682E+02    0.227280E+02
    0.223692E+02    0.219704E+02    0.215716E+02    0.211728E+02
    0.209828E+02    0.208089E+02    0.206350E+02    0.204611E+02
    0.202872E+02    0.198347E+02    0.193823E+02    0.189298E+02
    0.184178E+02    0.177363E+02    0.177781E+02    0.177265E+02
    0.175040E+02    0.172262E+02    0.167824E+02    0.163386E+02
    0.154285E+02    0.143819E+02    0.135715E+02    0.123929E+02
    0.112207E+02    0.976119E+01    0.878124E+01    0.763765E+01
    0.631457E+01    0.537441E+01    0.433389E+01    0.375012E+01
    0.375012E+01    0.375012E+01    0.486620E+01    0.486620E+01
    0.486620E+01    0.500000E-01    0.500000E-01    0.500000E-01
    0.500000E-01    0.500000E-01    0.500000E-01    0.500000E-01
    0.500000E-01    0.500000E-01    0.500000E-01    0.630961E+02
    0.622313E+02    0.613666E+02    0.605018E+02    0.596371E+02
    0.586678E+02    0.575938E+02    0.565198E+02    0.554459E+02
    0.543719E+02    0.532980E+02    0.522241E+02    0.511503E+02
    0.500764E+02    0.490026E+02    0.480141E+02    0.471109E+02
    0.462078E+02    0.453047E+02    0.444016E+02    0.434985E+02
    0.425954E+02    0.416924E+02    0.407894E+02    0.398863E+02
    0.391911E+02    0.387038E+02    0.382164E+02    0.377291E+02
    0.372417E+02    0.367544E+02    0.362671E+02    0.357798E+02
    0.352926E+02    0.348053E+02    0.345466E+02    0.345165E+02
    0.344864E+02    0.344563E+02    0.344262E+02    0.343961E+02
    0.343660E+02    0.343359E+02    0.343059E+02    0.342758E+02
    0.342340E+02    0.341806E+02    0.341271E+02    0.340737E+02
    0.340202E+02    0.339668E+02    0.339133E+02    0.338599E+02
    0.338064E+02    0.337530E+02    0.335188E+02    0.331040E+02
    0.326892E+02    0.322744E+02    0.318596E+02    0.314448E+02
    0.310204E+02    0.305731E+02    0.301257E+02    0.296784E+02
    0.280996E+02    0.274244E+02    0.267492E+02    0.260740E+02
    0.253988E+02    0.247236E+02    0.240485E+02    0.233733E+02
    0.230330E+02    0.226928E+02    0.223250E+02    0.219262E+02
    0.215275E+02    0.208565E+02    0.203224E+02    0.201485E+02
    0.199746E+02    0.198007E+02    0.192775E+02    0.187543E+02
    0.182311E+02    0.176567E+02    0.169291E+02    0.162014E+02
    0.159840E+02    0.159368E+02    0.157678E+02    0.152331E+02
    0.146984E+02    0.134691E+02    0.120494E+02    0.109739E+02
    0.105549E+02    0.951931E+01    0.842900E+01    0.733490E+01
    0.616710E+01    0.499746E+01    0.387561E+01    0.300301E+01
    0.255560E+01    0.255560E+01    0.255560E+01    0.255560E+01
    0.255560E+01    0.500000E-01    0.500000E-01    0.500000E-01
    0.500000E-01    0.500000E-01    0.500000E-01    0.500000E-01
    0.500000E-01    0.500000E-01    0.500000E-01    0.500000E-01
    0.653505E+02    0.644927E+02    0.636350E+02    0.627773E+02
    0.619197E+02    0.609496E+02    0.598672E+02    0.587848E+02
    0.577024E+02    0.566200E+02    0.555377E+02    0.544553E+02
    0.533730E+02    0.522907E+02    0.512084E+02    0.501926E+02
    0.492431E+02    0.482936E+02    0.473441E+02    0.463947E+02
    0.454453E+02    0.444959E+02    0.435465E+02    0.425971E+02
    0.416478E+02    0.408935E+02    0.403342E+02    0.397750E+02
    0.392158E+02    0.386566E+02    0.380974E+02    0.375383E+02
    0.369791E+02    0.364200E+02    0.358608E+02    0.355371E+02
    0.354487E+02    0.353603E+02    0.352720E+02    0.351837E+02
    0.350953E+02    0.350070E+02    0.349187E+02    0.348304E+02
    0.347420E+02    0.346639E+02    0.345958E+02    0.345278E+02
    0.344598E+02    0.343917E+02    0.343237E+02    0.342557E+02
    0.341877E+02    0.341196E+02    0.340516E+02    0.338102E+02
    0.333954E+02    0.329806E+02    0.325658E+02    0.321510E+02
    0.317179E+02    0.312705E+02    0.308232E+02    0.303758E+02
    0.296436E+02    0.280356E+02    0.274132E+02    0.267907E+02
    0.261682E+02    0.255458E+02    0.249233E+02    0.243008E+02
    0.236783E+02    0.233381E+02    0.229979E+02    0.226577E+02
    0.222809E+02    0.218821E+02    0.212111E+02    0.205402E+02
    0.198692E+02    0.194882E+02    0.193143E+02    0.187203E+02
    0.181263E+02    0.175323E+02    0.169049E+02    0.161772E+02
    0.154482E+02    0.149628E+02    0.145586E+02    0.141217E+02
    0.135426E+02    0.122967E+02    0.112617E+02    0.102971E+02
    0.911900E+01    0.818654E+01    0.760026E+01    0.661728E+01
    0.554127E+01    0.449390E+01    0.351784E+01    0.253976E+01
    0.193622E+01    0.255560E+01    0.255560E+01    0.255560E+01
    0.255560E+01    0.500000E-01    0.500000E-01    0.500000E-01
    0.500000E-01    0.500000E-01    0.500000E-01    0.500000E-01
    0.500000E-01    0.500000E-01    0.500000E-01    0.500000E-01
    0.500000E-01    0.676048E+02    0.667542E+02    0.659035E+02
    0.650528E+02    0.642022E+02    0.632315E+02    0.621406E+02
    0.610498E+02    0.599589E+02    0.588681E+02    0.577773E+02
    0.566865E+02    0.555958E+02    0.545050E+02    0.534143E+02
    0.523710E+02    0.513752E+02    0.503794E+02    0.493836E+02
    0.483878E+02    0.473921E+02    0.463963E+02    0.454006E+02
    0.444049E+02    0.434092E+02    0.425958E+02    0.419647E+02
    0.413336E+02    0.407025E+02    0.400715E+02    0.394404E+02
    0.388094E+02    0.381784E+02    0.375474E+02    0.369163E+02
    0.365275E+02    0.363809E+02    0.362343E+02    0.360877E+02
    0.359411E+02    0.357946E+02    0.356480E+02    0.355014E+02
    0.353548E+02    0.352083E+02    0.350937E+02    0.350111E+02
    0.349285E+02    0.348459E+02    0.347632E+02    0.346806E+02
    0.345981E+02    0.345155E+02    0.344329E+02    0.343503E+02
    0.341016E+02    0.336868E+02    0.332720E+02    0.328572E+02
    0.324153E+02    0.319680E+02    0.315206E+02    0.310733E+02
    0.306259E+02    0.295533E+02    0.279717E+02    0.274019E+02
    0.268322E+02    0.262624E+02    0.256927E+02    0.251229E+02
    0.245532E+02    0.239834E+02    0.236432E+02    0.233030E+02
    0.229627E+02    0.226225E+02    0.222367E+02    0.215658E+02
    0.208948E+02    0.202239E+02    0.195529E+02    0.188387E+02
    0.181784E+02    0.175182E+02    0.168580E+02    0.161467E+02
    0.154024E+02    0.146582E+02    0.139184E+02    0.131800E+02
    0.122177E+02    0.107991E+02    0.942613E+01    0.869481E+01
    0.820885E+01    0.728444E+01    0.627536E+01    0.536474E+01
    0.457033E+01    0.385946E+01    0.307646E+01    0.229886E+01
    0.151142E+01    0.884380E+00    0.884380E+00    0.884380E+00
    0.255560E+01    0.500000E-01    0.500000E-01    0.500000E-01
    0.500000E-01    0.500000E-01    0.500000E-01    0.500000E-01
    0.500000E-01    0.500000E-01    0.500000E-01    0.500000E-01
    0.500000E-01    0.500000E-01    0.698592E+02    0.690156E+02
    0.681720E+02    0.673284E+02    0.664848E+02    0.655133E+02
    0.644140E+02    0.633147E+02    0.622154E+02    0.611162E+02
    0.600170E+02    0.589177E+02    0.578185E+02    0.567193E+02
    0.556202E+02    0.545495E+02    0.535073E+02    0.524652E+02
    0.514230E+02    0.503809E+02    0.493388E+02    0.482967E+02
    0.472547E+02    0.462126E+02    0.451706E+02    0.442981E+02
    0.435951E+02    0.428922E+02    0.421892E+02    0.414863E+02
    0.407834E+02    0.400805E+02    0.393776E+02    0.386748E+02
    0.379719E+02    0.375180E+02    0.373131E+02    0.371083E+02
    0.369034E+02    0.366986E+02    0.364938E+02    0.362890E+02
    0.360841E+02    0.358793E+02    0.356745E+02    0.355235E+02
    0.354263E+02    0.353291E+02    0.352319E+02    0.351348E+02
    0.350376E+02    0.349404E+02    0.348433E+02    0.347461E+02
    0.346489E+02    0.343930E+02    0.339782E+02    0.335601E+02
    0.331127E+02    0.326654E+02    0.322180E+02    0.317707E+02
    0.313234E+02    0.308760E+02    0.294630E+02    0.279417E+02
    0.274205E+02    0.268993E+02    0.263780E+02    0.258568E+02
    0.253356E+02    0.248143E+02    0.242931E+02    0.239512E+02
    0.236092E+02    0.232673E+02    0.229254E+02    0.225834E+02
    0.221588E+02    0.217341E+02    0.213095E+02    0.208849E+02
    0.185192E+02    0.178588E+02    0.171308E+02    0.162248E+02
    0.152998E+02    0.143177E+02    0.133356E+02    0.125363E+02
    0.114005E+02    0.100783E+02    0.899018E+01    0.771073E+01
    0.658061E+01    0.565742E+01    0.493212E+01    0.424725E+01
    0.367084E+01    0.301096E+01    0.235118E+01    0.169088E+01
    0.103138E+01    0.386578E+00    0.592876E-01    0.592876E-01
    0.592876E-01    0.500000E-01    0.500000E-01    0.500000E-01
    0.500000E-01    0.500000E-01    0.500000E-01    0.500000E-01
    0.500000E-01    0.500000E-01    0.500000E-01    0.500000E-01
    0.500000E-01    0.500000E-01    0.500000E-01    0.721136E+02
    0.712770E+02    0.704404E+02    0.696039E+02    0.687673E+02
    0.677952E+02    0.666874E+02    0.655797E+02    0.644720E+02
    0.633643E+02    0.622566E+02    0.611489E+02    0.600413E+02
    0.589337E+02    0.578260E+02    0.567280E+02    0.556395E+02
    0.545510E+02    0.534625E+02    0.523740E+02    0.512856E+02
    0.501972E+02    0.491088E+02    0.480204E+02    0.469320E+02
    0.460004E+02    0.452256E+02    0.444507E+02    0.436760E+02
    0.429012E+02    0.421264E+02    0.413516E+02    0.405769E+02
    0.398021E+02    0.390274E+02    0.385085E+02    0.382454E+02
    0.379823E+02    0.377192E+02    0.374561E+02    0.371930E+02
    0.369299E+02    0.366669E+02    0.364038E+02    0.361407E+02
    0.359533E+02    0.358416E+02    0.357298E+02    0.356180E+02
    0.355063E+02    0.353945E+02    0.352828E+02    0.351711E+02
    0.350593E+02    0.349476E+02    0.346843E+02    0.342575E+02
    0.338101E+02    0.333628E+02    0.329155E+02    0.324681E+02
    0.320208E+02    0.315735E+02    0.311261E+02    0.294425E+02
    0.281300E+02    0.277215E+02    0.272628E+02    0.267416E+02
    0.262204E+02    0.256992E+02    0.251779E+02    0.246567E+02
    0.242931E+02    0.239294E+02    0.235657E+02    0.232021E+02
    0.228384E+02    0.224138E+02    0.219891E+02    0.215645E+02
    0.208782E+02    0.181934E+02    0.172859E+02    0.163784E+02
    0.154710E+02    0.144911E+02    0.132937E+02    0.120962E+02
    0.105920E+02    0.915735E+01    0.100783E+02    0.899018E+01
    0.771073E+01    0.658061E+01    0.367666E+01    0.293619E+01
    0.239453E+01    0.187088E+01    0.134439E+01    0.818498E+00
    0.290612E+00    0.598537E-01    0.500000E-01    0.500000E-01
    0.500000E-01    0.500000E-01    0.500000E-01    0.500000E-01
    0.500000E-01    0.500000E-01    0.500000E-01    0.500000E-01
    0.500000E-01    0.500000E-01    0.500000E-01    0.500000E-01
    0.500000E-01    0.500000E-01    0.500000E-01    0.500000E-01
    0.743991E+02    0.735707E+02    0.727422E+02    0.719138E+02
    0.710854E+02    0.701132E+02    0.689971E+02    0.678811E+02
    0.667651E+02    0.656491E+02    0.645331E+02    0.634172E+02
    0.623012E+02    0.611853E+02    0.600694E+02    0.589436E+02
    0.578077E+02    0.566719E+02    0.555361E+02    0.544003E+02
    0.532645E+02    0.521288E+02    0.509931E+02    0.498574E+02
    0.487217E+02    0.477295E+02    0.468808E+02    0.460322E+02
    0.451836E+02    0.443350E+02    0.434864E+02    0.426378E+02
    0.417893E+02    0.409407E+02    0.400922E+02    0.395057E+02
    0.391815E+02    0.388572E+02    0.385330E+02    0.382087E+02
    0.378845E+02    0.375603E+02    0.372361E+02    0.369118E+02
    0.365876E+02    0.363609E+02    0.362316E+02    0.361024E+02
    0.359731E+02    0.358439E+02    0.357146E+02    0.355854E+02
    0.354561E+02    0.353269E+02    0.351976E+02    0.349094E+02
    0.344620E+02    0.340147E+02    0.335674E+02    0.331200E+02
    0.326727E+02    0.322254E+02    0.317780E+02    0.313307E+02
    0.295915E+02    0.282790E+02    0.278705E+02    0.274620E+02
    0.270535E+02    0.265840E+02    0.260628E+02    0.255416E+02
    0.250203E+02    0.246349E+02    0.242496E+02    0.238642E+02
    0.234788E+02    0.230934E+02    0.226688E+02    0.222441E+02
    0.215227E+02    0.207804E+02    0.178084E+02    0.168855E+02
    0.159629E+02    0.150402E+02    0.140489E+02    0.127976E+02
    0.112125E+02    0.105920E+02    0.915735E+01    0.526954E+01
    0.395628E+01    0.282374E+01    0.157923E+01    0.157923E+01
    0.873301E+00    0.458516E+00    0.196834E+00    0.758504E-01
    0.500000E-01    0.500000E-01    0.500000E-01    0.500000E-01
    0.500000E-01    0.500000E-01    0.500000E-01    0.500000E-01
    0.500000E-01    0.500000E-01    0.500000E-01    0.500000E-01
    0.500000E-01    0.500000E-01    0.500000E-01    0.500000E-01
    0.500000E-01    0.500000E-01    0.500000E-01    0.500000E-01
    0.500000E-01    0.769385E+02    0.761269E+02    0.753154E+02
    0.745039E+02    0.736924E+02    0.727251E+02    0.716020E+02
    0.704788E+02    0.693557E+02    0.682327E+02    0.671096E+02
    0.659866E+02    0.648636E+02    0.637406E+02    0.626176E+02
    0.614606E+02    0.602694E+02    0.590783E+02    0.578872E+02
    0.566961E+02    0.555050E+02    0.543140E+02    0.531230E+02
    0.519319E+02    0.507409E+02    0.496763E+02    0.487379E+02
    0.477996E+02    0.468613E+02    0.459231E+02    0.449848E+02
    0.440466E+02    0.431083E+02    0.421701E+02    0.412319E+02
    0.405582E+02    0.401492E+02    0.397401E+02    0.393311E+02
    0.389221E+02    0.385131E+02    0.381041E+02    0.376951E+02
    0.372861E+02    0.368771E+02    0.365873E+02    0.364168E+02
    0.362463E+02    0.360758E+02    0.359053E+02    0.357347E+02
    0.355642E+02    0.353937E+02    0.352232E+02    0.350527E+02
    0.347438E+02    0.342964E+02    0.338491E+02    0.334018E+02
    0.329545E+02    0.325071E+02    0.320598E+02    0.316125E+02
    0.311858E+02    0.297406E+02    0.284280E+02    0.280195E+02
    0.276110E+02    0.272025E+02    0.267940E+02    0.263855E+02
    0.259052E+02    0.253840E+02    0.249768E+02    0.245697E+02
    0.241626E+02    0.237555E+02    0.233484E+02    0.229096E+02
    0.221672E+02    0.214249E+02    0.204042E+02    0.175858E+02
    0.165420E+02    0.156060E+02    0.146699E+02    0.135452E+02
    0.119602E+02    0.101062E+02    0.829781E+01    0.829781E+01
    0.526954E+01    0.395628E+01    0.282374E+01    0.155698E+01
    0.374784E+00    0.500000E-01    0.500000E-01    0.500000E-01
    0.500000E-01    0.500000E-01    0.500000E-01    0.500000E-01
    0.500000E-01    0.500000E-01    0.500000E-01    0.500000E-01
    0.500000E-01    0.500000E-01    0.500000E-01    0.500000E-01
    0.500000E-01    0.500000E-01    0.500000E-01    0.500000E-01
    0.500000E-01    0.500000E-01    0.500000E-01    0.500000E-01
    0.500000E-01    0.500000E-01    0.794778E+02    0.786832E+02
    0.778886E+02    0.770940E+02    0.762994E+02    0.753370E+02
    0.742068E+02    0.730766E+02    0.719464E+02    0.708162E+02
    0.696861E+02    0.685560E+02    0.674259E+02    0.662958E+02
    0.651658E+02    0.639776E+02    0.627311E+02    0.614847E+02
    0.602383E+02    0.589919E+02    0.577455E+02    0.564992E+02
    0.552528E+02    0.540065E+02    0.527602E+02    0.516231E+02
    0.505951E+02    0.495671E+02    0.485391E+02    0.475111E+02
    0.464832E+02    0.454553E+02    0.444274E+02    0.433994E+02
    0.423715E+02    0.416107E+02    0.411169E+02    0.406230E+02
    0.401292E+02    0.396354E+02    0.391417E+02    0.386479E+02
    0.381541E+02    0.376603E+02    0.371666E+02    0.368138E+02
    0.366020E+02    0.363902E+02    0.361784E+02    0.359666E+02
    0.357548E+02    0.355431E+02    0.353313E+02    0.351195E+02
    0.349077E+02    0.345782E+02    0.341309E+02    0.336835E+02
    0.332362E+02    0.327889E+02    0.323416E+02    0.318962E+02
    0.314699E+02    0.310436E+02    0.298441E+02    0.285714E+02
    0.281653E+02    0.277592E+02    0.273531E+02    0.269470E+02
    0.265408E+02    0.261347E+02    0.257286E+02    0.253028E+02
    0.248770E+02    0.244512E+02    0.240254E+02    0.235054E+02
    0.227779E+02    0.220504E+02    0.213229E+02    0.203318E+02
    0.183661E+02    0.163676E+02    0.156323E+02    0.147246E+02
    0.135705E+02    0.118020E+02    0.946194E+01    0.803464E+01
    0.713020E+01    0.567493E+01    0.394287E+01    0.274910E+01
    0.141396E+01    0.238613E+00    0.500000E-01    0.500000E-01
    0.500000E-01    0.500000E-01    0.500000E-01    0.500000E-01
    0.500000E-01    0.500000E-01    0.500000E-01    0.500000E-01
    0.500000E-01    0.500000E-01    0.500000E-01    0.500000E-01
    0.500000E-01    0.500000E-01    0.500000E-01    0.500000E-01
    0.500000E-01    0.500000E-01    0.500000E-01    0.500000E-01
    0.500000E-01    0.500000E-01    0.500000E-01    0.820172E+02
    0.812394E+02    0.804617E+02    0.796840E+02    0.789064E+02
    0.779489E+02    0.768116E+02    0.756743E+02    0.745371E+02
    0.733998E+02    0.722626E+02    0.711254E+02    0.699883E+02
    0.688511E+02    0.677140E+02    0.664946E+02    0.651928E+02
    0.638911E+02    0.625894E+02    0.612877E+02    0.599860E+02
    0.586843E+02    0.573827E+02    0.560811E+02    0.547795E+02
    0.535699E+02    0.524522E+02    0.513345E+02    0.502169E+02
    0.490992E+02    0.479816E+02    0.468640E+02    0.457464E+02
    0.446288E+02    0.435112E+02    0.426631E+02    0.420845E+02
    0.415059E+02    0.409274E+02    0.403488E+02    0.397702E+02
    0.391917E+02    0.386131E+02    0.380346E+02    0.374560E+02
    0.370402E+02    0.367872E+02    0.365341E+02    0.362811E+02
    0.360280E+02    0.357750E+02    0.355219E+02    0.352689E+02
    0.350158E+02    0.347628E+02    0.344126E+02    0.339653E+02
    0.335180E+02    0.330706E+02    0.326233E+02    0.321803E+02
    0.317540E+02    0.313277E+02    0.309014E+02    0.299440E+02
    0.286799E+02    0.282909E+02    0.279019E+02    0.275129E+02
    0.271239E+02    0.267348E+02    0.263458E+02    0.259568E+02
    0.255310E+02    0.251052E+02    0.246794E+02    0.241712E+02
    0.230591E+02    0.224380E+02    0.218169E+02    0.211958E+02
    0.204262E+02    0.189038E+02    0.166133E+02    0.152272E+02
    0.144919E+02    0.135130E+02    0.118030E+02    0.997042E+01
    0.818482E+01    0.732683E+01    0.581891E+01    0.399895E+01
    0.274910E+01    0.141396E+01    0.238613E+00    0.500000E-01
    0.500000E-01    0.500000E-01    0.500000E-01    0.500000E-01
    0.500000E-01    0.500000E-01    0.500000E-01    0.500000E-01
    0.500000E-01    0.500000E-01    0.500000E-01    0.500000E-01
    0.500000E-01    0.500000E-01    0.500000E-01    0.500000E-01
    0.500000E-01    0.500000E-01    0.500000E-01    0.500000E-01
    0.500000E-01    0.500000E-01    0.500000E-01    0.500000E-01
    0.845565E+02    0.837957E+02    0.830349E+02    0.822741E+02
    0.815134E+02    0.805608E+02    0.794164E+02    0.782721E+02
    0.771277E+02    0.759834E+02    0.748391E+02    0.736949E+02
    0.725506E+02    0.714064E+02    0.702622E+02    0.690116E+02
    0.676545E+02    0.662975E+02    0.649404E+02    0.635835E+02
    0.622265E+02    0.608695E+02    0.595126E+02    0.581557E+02
    0.567988E+02    0.555166E+02    0.543093E+02    0.531019E+02
    0.518946E+02    0.506873E+02    0.494800E+02    0.482727E+02
    0.470654E+02    0.458582E+02    0.446509E+02    0.437156E+02
    0.430522E+02    0.423889E+02    0.417255E+02    0.410622E+02
    0.403988E+02    0.397355E+02    0.390722E+02    0.384088E+02
    0.377455E+02    0.372667E+02    0.369723E+02    0.366780E+02
    0.363837E+02    0.360894E+02    0.357951E+02    0.355008E+02
    0.352064E+02    0.349121E+02    0.346178E+02    0.342470E+02
    0.337997E+02    0.333524E+02    0.329051E+02    0.324644E+02
    0.320381E+02    0.316118E+02    0.311855E+02    0.307593E+02
    0.299073E+02    0.287885E+02    0.284166E+02    0.280446E+02
    0.276727E+02    0.273008E+02    0.269288E+02    0.265569E+02
    0.261850E+02    0.257592E+02    0.253334E+02    0.247756E+02
    0.241653E+02    0.226128E+02    0.220981E+02    0.215834E+02
    0.210686E+02    0.203788E+02    0.191637E+02    0.174759E+02
    0.156021E+02    0.138673E+02    0.128432E+02    0.117697E+02
    0.103350E+02    0.886912E+01    0.759414E+01    0.581991E+01
    0.399895E+01    0.399895E+01    0.141396E+01    0.238613E+00
    0.500000E-01    0.500000E-01    0.500000E-01    0.500000E-01
    0.500000E-01    0.500000E-01    0.500000E-01    0.500000E-01
    0.500000E-01    0.500000E-01    0.500000E-01    0.500000E-01
    0.500000E-01    0.500000E-01    0.500000E-01    0.500000E-01
    0.500000E-01    0.500000E-01    0.500000E-01    0.500000E-01
    0.500000E-01    0.500000E-01    0.500000E-01    0.500000E-01
    0.500000E-01    0.870959E+02    0.863520E+02    0.856081E+02
    0.848642E+02    0.841203E+02    0.831727E+02    0.820212E+02
    0.808698E+02    0.797184E+02    0.785670E+02    0.774156E+02
    0.762643E+02    0.751130E+02    0.739617E+02    0.728104E+02
    0.715285E+02    0.701162E+02    0.687038E+02    0.672915E+02
    0.658792E+02    0.644670E+02    0.630547E+02    0.616425E+02
    0.602303E+02    0.588181E+02    0.574634E+02    0.561664E+02
    0.548694E+02    0.535724E+02    0.522754E+02    0.509784E+02
    0.496814E+02    0.483845E+02    0.470876E+02    0.457906E+02
    0.447681E+02    0.440199E+02    0.432718E+02    0.425236E+02
    0.417755E+02    0.410274E+02    0.402793E+02    0.395312E+02
    0.387831E+02    0.380350E+02    0.374931E+02    0.371575E+02
    0.368219E+02    0.364864E+02    0.361508E+02    0.358152E+02
    0.354796E+02    0.351440E+02    0.348084E+02    0.344728E+02
    0.340814E+02    0.336341E+02    0.331868E+02    0.327484E+02
    0.323222E+02    0.318959E+02    0.314696E+02    0.310433E+02
    0.306171E+02    0.297651E+02    0.288971E+02    0.285422E+02
    0.281874E+02    0.278325E+02    0.274777E+02    0.271228E+02
    0.267680E+02    0.264131E+02    0.259873E+02    0.253799E+02
    0.247696E+02    0.241594E+02    0.222559E+02    0.218107E+02
    0.213826E+02    0.209546E+02    0.203325E+02    0.191280E+02
    0.179235E+02    0.165651E+02    0.151553E+02    0.129133E+02
    0.120273E+02    0.109032E+02    0.939813E+01    0.768445E+01
    0.581991E+01    0.434324E+01    0.273369E+01    0.273369E+01
    0.273369E+01    0.500000E-01    0.500000E-01    0.500000E-01
    0.500000E-01    0.500000E-01    0.500000E-01    0.500000E-01
    0.500000E-01    0.500000E-01    0.500000E-01    0.500000E-01
    0.500000E-01    0.500000E-01    0.500000E-01    0.500000E-01
    0.500000E-01    0.500000E-01    0.500000E-01    0.500000E-01
    0.500000E-01    0.500000E-01    0.500000E-01    0.500000E-01
    0.500000E-01    0.500000E-01    0.896352E+02    0.889082E+02
    0.881812E+02    0.874543E+02    0.867273E+02    0.857846E+02
    0.846260E+02    0.834675E+02    0.823091E+02    0.811506E+02
    0.799921E+02    0.788337E+02    0.776753E+02    0.765169E+02
    0.753586E+02    0.740456E+02    0.725779E+02    0.711102E+02
    0.696426E+02    0.681750E+02    0.667075E+02    0.652399E+02
    0.637724E+02    0.623049E+02    0.608373E+02    0.594102E+02
    0.580235E+02    0.566368E+02    0.552501E+02    0.538635E+02
    0.524768E+02    0.510902E+02    0.497035E+02    0.483169E+02
    0.469303E+02    0.458205E+02    0.449876E+02    0.441547E+02
    0.433218E+02    0.424889E+02    0.416560E+02    0.408231E+02
    0.399902E+02    0.391573E+02    0.383245E+02    0.377196E+02
    0.373427E+02    0.369659E+02    0.365890E+02    0.362121E+02
    0.358353E+02    0.354584E+02    0.350816E+02    0.347047E+02
    0.343279E+02    0.339158E+02    0.334685E+02    0.330325E+02
    0.326062E+02    0.321799E+02    0.317537E+02    0.313274E+02
    0.309011E+02    0.304749E+02    0.296229E+02    0.290262E+02
    0.286850E+02    0.283438E+02    0.280026E+02    0.276614E+02
    0.273202E+02    0.269790E+02    0.266379E+02    0.260276E+02
    0.254174E+02    0.248072E+02    0.241970E+02    0.222923E+02
    0.218155E+02    0.213388E+02    0.208983E+02    0.202905E+02
    0.191433E+02    0.179962E+02    0.166522E+02    0.153617E+02
    0.131808E+02    0.123543E+02    0.112531E+02    0.966481E+01
    0.766510E+01    0.592015E+01    0.434324E+01    0.273369E+01
    0.273369E+01    0.104965E+01    0.104965E+01    0.500000E-01
    0.500000E-01    0.668447E+00    0.668447E+00    0.115044E+01
    0.115044E+01    0.273189E+01    0.309999E+01    0.276730E+01
    0.276730E+01    0.276730E+01    0.276730E+01    0.500000E-01
    0.500000E-01    0.500000E-01    0.500000E-01    0.500000E-01
    0.500000E-01    0.500000E-01    0.500000E-01    0.500000E-01
    0.500000E-01    0.500000E-01    0.500000E-01    0.921746E+02
    0.914645E+02    0.907544E+02    0.900443E+02    0.893343E+02
    0.883965E+02    0.872309E+02    0.860653E+02    0.848997E+02
    0.837342E+02    0.825686E+02    0.814031E+02    0.802376E+02
    0.790722E+02    0.779067E+02    0.765625E+02    0.750396E+02
    0.735166E+02    0.719937E+02    0.704708E+02    0.689480E+02
    0.674251E+02    0.659023E+02    0.643794E+02    0.628566E+02
    0.613570E+02    0.598806E+02    0.584042E+02    0.569279E+02
    0.554515E+02    0.539752E+02    0.524989E+02    0.510226E+02
    0.495463E+02    0.480700E+02    0.468730E+02    0.459553E+02
    0.450376E+02    0.441199E+02    0.432022E+02    0.422846E+02
    0.413669E+02    0.404492E+02    0.395316E+02    0.386139E+02
    0.379460E+02    0.375279E+02    0.371098E+02    0.366917E+02
    0.362735E+02    0.358554E+02    0.354373E+02    0.350192E+02
    0.346010E+02    0.341829E+02    0.337502E+02    0.333165E+02
    0.328902E+02    0.324640E+02    0.320377E+02    0.316115E+02
    0.311852E+02    0.307590E+02    0.303327E+02    0.294593E+02
    0.288570E+02    0.287287E+02    0.285548E+02    0.282136E+02
    0.278724E+02    0.275312E+02    0.271900E+02    0.268488E+02
    0.262386E+02    0.256284E+02    0.250182E+02    0.244157E+02
    0.223467E+02    0.218697E+02    0.213930E+02    0.209163E+02
    0.202852E+02    0.191910E+02    0.180968E+02    0.168678E+02
    0.155939E+02    0.135436E+02    0.127250E+02    0.116027E+02
    0.995559E+01    0.787196E+01    0.605328E+01    0.440948E+01
    0.272922E+01    0.104965E+01    0.104965E+01    0.104965E+01
    0.500000E-01    0.500000E-01    0.668447E+00    0.668447E+00
    0.115044E+01    0.115044E+01    0.273189E+01    0.309999E+01
    0.276730E+01    0.276730E+01    0.276730E+01    0.276730E+01
    0.276730E+01    0.500000E-01    0.500000E-01    0.500000E-01
    0.500000E-01    0.500000E-01    0.500000E-01    0.500000E-01
    0.500000E-01    0.500000E-01    0.500000E-01    0.500000E-01
    0.947049E+02    0.940069E+02    0.933090E+02    0.926110E+02
    0.919131E+02    0.909807E+02    0.898139E+02    0.886471E+02
    0.874804E+02    0.863136E+02    0.851469E+02    0.839802E+02
    0.828135E+02    0.816469E+02    0.804803E+02    0.791130E+02
    0.775451E+02    0.759772E+02    0.744093E+02    0.728414E+02
    0.712736E+02    0.697058E+02    0.681380E+02    0.665702E+02
    0.650025E+02    0.634396E+02    0.618816E+02    0.603236E+02
    0.587656E+02    0.572077E+02    0.556497E+02    0.540918E+02
    0.525339E+02    0.509760E+02    0.494182E+02    0.481295E+02
    0.471100E+02    0.460905E+02    0.450711E+02    0.440516E+02
    0.430322E+02    0.420128E+02    0.409934E+02    0.399740E+02
    0.389546E+02    0.382100E+02    0.377401E+02    0.372702E+02
    0.368004E+02    0.363306E+02    0.358607E+02    0.353909E+02
    0.349210E+02    0.344512E+02    0.339813E+02    0.335333E+02
    0.331070E+02    0.326808E+02    0.322546E+02    0.318283E+02
    0.314021E+02    0.309758E+02    0.305495E+02    0.301249E+02
    0.292650E+02    0.286627E+02    0.285344E+02    0.284061E+02
    0.282778E+02    0.280833E+02    0.277422E+02    0.274010E+02
    0.270598E+02    0.264496E+02    0.258400E+02    0.252378E+02
    0.246356E+02    0.224658E+02    0.219888E+02    0.215121E+02
    0.210354E+02    0.204135E+02    0.193561E+02    0.182987E+02
    0.170789E+02    0.158808E+02    0.138118E+02    0.130574E+02
    0.119596E+02    0.102547E+02    0.809043E+01    0.618610E+01
    0.447378E+01    0.272457E+01    0.975094E+00    0.975094E+00
    0.975094E+00    0.500000E-01    0.500000E-01    0.476573E+00
    0.107509E+01    0.167338E+01    0.220011E+01    0.273189E+01
    0.309999E+01    0.276730E+01    0.276730E+01    0.276730E+01
    0.276730E+01    0.276730E+01    0.276730E+01    0.276730E+01
    0.500000E-01    0.500000E-01    0.500000E-01    0.500000E-01
    0.500000E-01    0.500000E-01    0.500000E-01    0.500000E-01
    0.500000E-01
