x-coordinates
  0.11949999999999999E+02   0.11959099999999999E+02   0.11968200000000000E+02   0.11977300000000000E+02   0.11986400000000000E+02   0.11995500000000000E+02
  0.12004600000000000E+02   0.12013700000000000E+02   0.12022800000000000E+02   0.12031900000000000E+02   0.12041000000000000E+02   0.12050100000000000E+02
  0.12059200000000001E+02   0.12068300000000001E+02   0.12077400000000001E+02   0.12086499999999999E+02   0.12095599999999999E+02   0.12104699999999999E+02
  0.12113799999999999E+02   0.12122900000000000E+02   0.12132000000000000E+02   0.12141100000000000E+02   0.12150200000000000E+02   0.12159300000000000E+02
  0.12168400000000000E+02   0.12177500000000000E+02   0.12186600000000000E+02   0.12195700000000000E+02   0.12204800000000001E+02   0.12213900000000001E+02
  0.12223000000000001E+02   0.12232100000000001E+02   0.12241199999999999E+02   0.12250299999999999E+02   0.12259399999999999E+02   0.12268500000000000E+02
  0.12277600000000000E+02   0.12286700000000000E+02   0.12295800000000000E+02   0.12304900000000000E+02   0.12314000000000000E+02   0.12323100000000000E+02
  0.12332200000000000E+02   0.12341300000000000E+02   0.12350400000000000E+02   0.12359500000000001E+02   0.12368600000000001E+02   0.12377700000000001E+02
  0.12386799999999999E+02   0.12395899999999999E+02   0.12404999999999999E+02   0.12414099999999999E+02   0.12423200000000000E+02   0.12432300000000000E+02
  0.12441400000000000E+02   0.12450500000000000E+02   0.12459600000000000E+02   0.12468700000000000E+02   0.12477800000000000E+02   0.12486900000000000E+02
  0.12496000000000000E+02   0.12505100000000001E+02   0.12514200000000001E+02   0.12523300000000001E+02   0.12532400000000001E+02   0.12541499999999999E+02
  0.12550599999999999E+02   0.12559699999999999E+02   0.12568800000000000E+02
  0.11949999999999999E+02   0.11959099999999999E+02   0.11968200000000000E+02   0.11977300000000000E+02   0.11986400000000000E+02   0.11995500000000000E+02
  0.12004600000000000E+02   0.12013700000000000E+02   0.12022800000000000E+02   0.12031900000000000E+02   0.12041000000000000E+02   0.12050100000000000E+02
  0.12059200000000001E+02   0.12068300000000001E+02   0.12077400000000001E+02   0.12086499999999999E+02   0.12095599999999999E+02   0.12104699999999999E+02
  0.12113799999999999E+02   0.12122900000000000E+02   0.12132000000000000E+02   0.12141100000000000E+02   0.12150200000000000E+02   0.12159300000000000E+02
  0.12168400000000000E+02   0.12177500000000000E+02   0.12186600000000000E+02   0.12195700000000000E+02   0.12204800000000001E+02   0.12213900000000001E+02
  0.12223000000000001E+02   0.12232100000000001E+02   0.12241199999999999E+02   0.12250299999999999E+02   0.12259399999999999E+02   0.12268500000000000E+02
  0.12277600000000000E+02   0.12286700000000000E+02   0.12295800000000000E+02   0.12304900000000000E+02   0.12314000000000000E+02   0.12323100000000000E+02
  0.12332200000000000E+02   0.12341300000000000E+02   0.12350400000000000E+02   0.12359500000000001E+02   0.12368600000000001E+02   0.12377700000000001E+02
  0.12386799999999999E+02   0.12395899999999999E+02   0.12404999999999999E+02   0.12414099999999999E+02   0.12423200000000000E+02   0.12432300000000000E+02
  0.12441400000000000E+02   0.12450500000000000E+02   0.12459600000000000E+02   0.12468700000000000E+02   0.12477800000000000E+02   0.12486900000000000E+02
  0.12496000000000000E+02   0.12505100000000001E+02   0.12514200000000001E+02   0.12523300000000001E+02   0.12532400000000001E+02   0.12541499999999999E+02
  0.12550599999999999E+02   0.12559699999999999E+02   0.12568800000000000E+02
  0.11949999999999999E+02   0.11959099999999999E+02   0.11968200000000000E+02   0.11977300000000000E+02   0.11986400000000000E+02   0.11995500000000000E+02
  0.12004600000000000E+02   0.12013700000000000E+02   0.12022800000000000E+02   0.12031900000000000E+02   0.12041000000000000E+02   0.12050100000000000E+02
  0.12059200000000001E+02   0.12068300000000001E+02   0.12077400000000001E+02   0.12086499999999999E+02   0.12095599999999999E+02   0.12104699999999999E+02
  0.12113799999999999E+02   0.12122900000000000E+02   0.12132000000000000E+02   0.12141100000000000E+02   0.12150200000000000E+02   0.12159300000000000E+02
  0.12168400000000000E+02   0.12177500000000000E+02   0.12186600000000000E+02   0.12195700000000000E+02   0.12204800000000001E+02   0.12213900000000001E+02
  0.12223000000000001E+02   0.12232100000000001E+02   0.12241199999999999E+02   0.12250299999999999E+02   0.12259399999999999E+02   0.12268500000000000E+02
  0.12277600000000000E+02   0.12286700000000000E+02   0.12295800000000000E+02   0.12304900000000000E+02   0.12314000000000000E+02   0.12323100000000000E+02
  0.12332200000000000E+02   0.12341300000000000E+02   0.12350400000000000E+02   0.12359500000000001E+02   0.12368600000000001E+02   0.12377700000000001E+02
  0.12386799999999999E+02   0.12395899999999999E+02   0.12404999999999999E+02   0.12414099999999999E+02   0.12423200000000000E+02   0.12432300000000000E+02
  0.12441400000000000E+02   0.12450500000000000E+02   0.12459600000000000E+02   0.12468700000000000E+02   0.12477800000000000E+02   0.12486900000000000E+02
  0.12496000000000000E+02   0.12505100000000001E+02   0.12514200000000001E+02   0.12523300000000001E+02   0.12532400000000001E+02   0.12541499999999999E+02
  0.12550599999999999E+02   0.12559699999999999E+02   0.12568800000000000E+02
  0.11949999999999999E+02   0.11959099999999999E+02   0.11968200000000000E+02   0.11977300000000000E+02   0.11986400000000000E+02   0.11995500000000000E+02
  0.12004600000000000E+02   0.12013700000000000E+02   0.12022800000000000E+02   0.12031900000000000E+02   0.12041000000000000E+02   0.12050100000000000E+02
  0.12059200000000001E+02   0.12068300000000001E+02   0.12077400000000001E+02   0.12086499999999999E+02   0.12095599999999999E+02   0.12104699999999999E+02
  0.12113799999999999E+02   0.12122900000000000E+02   0.12132000000000000E+02   0.12141100000000000E+02   0.12150200000000000E+02   0.12159300000000000E+02
  0.12168400000000000E+02   0.12177500000000000E+02   0.12186600000000000E+02   0.12195700000000000E+02   0.12204800000000001E+02   0.12213900000000001E+02
  0.12223000000000001E+02   0.12232100000000001E+02   0.12241199999999999E+02   0.12250299999999999E+02   0.12259399999999999E+02   0.12268500000000000E+02
  0.12277600000000000E+02   0.12286700000000000E+02   0.12295800000000000E+02   0.12304900000000000E+02   0.12314000000000000E+02   0.12323100000000000E+02
  0.12332200000000000E+02   0.12341300000000000E+02   0.12350400000000000E+02   0.12359500000000001E+02   0.12368600000000001E+02   0.12377700000000001E+02
  0.12386799999999999E+02   0.12395899999999999E+02   0.12404999999999999E+02   0.12414099999999999E+02   0.12423200000000000E+02   0.12432300000000000E+02
  0.12441400000000000E+02   0.12450500000000000E+02   0.12459600000000000E+02   0.12468700000000000E+02   0.12477800000000000E+02   0.12486900000000000E+02
  0.12496000000000000E+02   0.12505100000000001E+02   0.12514200000000001E+02   0.12523300000000001E+02   0.12532400000000001E+02   0.12541499999999999E+02
  0.12550599999999999E+02   0.12559699999999999E+02   0.12568800000000000E+02
  0.11949999999999999E+02   0.11959099999999999E+02   0.11968200000000000E+02   0.11977300000000000E+02   0.11986400000000000E+02   0.11995500000000000E+02
  0.12004600000000000E+02   0.12013700000000000E+02   0.12022800000000000E+02   0.12031900000000000E+02   0.12041000000000000E+02   0.12050100000000000E+02
  0.12059200000000001E+02   0.12068300000000001E+02   0.12077400000000001E+02   0.12086499999999999E+02   0.12095599999999999E+02   0.12104699999999999E+02
  0.12113799999999999E+02   0.12122900000000000E+02   0.12132000000000000E+02   0.12141100000000000E+02   0.12150200000000000E+02   0.12159300000000000E+02
  0.12168400000000000E+02   0.12177500000000000E+02   0.12186600000000000E+02   0.12195700000000000E+02   0.12204800000000001E+02   0.12213900000000001E+02
  0.12223000000000001E+02   0.12232100000000001E+02   0.12241199999999999E+02   0.12250299999999999E+02   0.12259399999999999E+02   0.12268500000000000E+02
  0.12277600000000000E+02   0.12286700000000000E+02   0.12295800000000000E+02   0.12304900000000000E+02   0.12314000000000000E+02   0.12323100000000000E+02
  0.12332200000000000E+02   0.12341300000000000E+02   0.12350400000000000E+02   0.12359500000000001E+02   0.12368600000000001E+02   0.12377700000000001E+02
  0.12386799999999999E+02   0.12395899999999999E+02   0.12404999999999999E+02   0.12414099999999999E+02   0.12423200000000000E+02   0.12432300000000000E+02
  0.12441400000000000E+02   0.12450500000000000E+02   0.12459600000000000E+02   0.12468700000000000E+02   0.12477800000000000E+02   0.12486900000000000E+02
  0.12496000000000000E+02   0.12505100000000001E+02   0.12514200000000001E+02   0.12523300000000001E+02   0.12532400000000001E+02   0.12541499999999999E+02
  0.12550599999999999E+02   0.12559699999999999E+02   0.12568800000000000E+02
  0.11949999999999999E+02   0.11959099999999999E+02   0.11968200000000000E+02   0.11977300000000000E+02   0.11986400000000000E+02   0.11995500000000000E+02
  0.12004600000000000E+02   0.12013700000000000E+02   0.12022800000000000E+02   0.12031900000000000E+02   0.12041000000000000E+02   0.12050100000000000E+02
  0.12059200000000001E+02   0.12068300000000001E+02   0.12077400000000001E+02   0.12086499999999999E+02   0.12095599999999999E+02   0.12104699999999999E+02
  0.12113799999999999E+02   0.12122900000000000E+02   0.12132000000000000E+02   0.12141100000000000E+02   0.12150200000000000E+02   0.12159300000000000E+02
  0.12168400000000000E+02   0.12177500000000000E+02   0.12186600000000000E+02   0.12195700000000000E+02   0.12204800000000001E+02   0.12213900000000001E+02
  0.12223000000000001E+02   0.12232100000000001E+02   0.12241199999999999E+02   0.12250299999999999E+02   0.12259399999999999E+02   0.12268500000000000E+02
  0.12277600000000000E+02   0.12286700000000000E+02   0.12295800000000000E+02   0.12304900000000000E+02   0.12314000000000000E+02   0.12323100000000000E+02
  0.12332200000000000E+02   0.12341300000000000E+02   0.12350400000000000E+02   0.12359500000000001E+02   0.12368600000000001E+02   0.12377700000000001E+02
  0.12386799999999999E+02   0.12395899999999999E+02   0.12404999999999999E+02   0.12414099999999999E+02   0.12423200000000000E+02   0.12432300000000000E+02
  0.12441400000000000E+02   0.12450500000000000E+02   0.12459600000000000E+02   0.12468700000000000E+02   0.12477800000000000E+02   0.12486900000000000E+02
  0.12496000000000000E+02   0.12505100000000001E+02   0.12514200000000001E+02   0.12523300000000001E+02   0.12532400000000001E+02   0.12541499999999999E+02
  0.12550599999999999E+02   0.12559699999999999E+02   0.12568800000000000E+02
  0.11949999999999999E+02   0.11959099999999999E+02   0.11968200000000000E+02   0.11977300000000000E+02   0.11986400000000000E+02   0.11995500000000000E+02
  0.12004600000000000E+02   0.12013700000000000E+02   0.12022800000000000E+02   0.12031900000000000E+02   0.12041000000000000E+02   0.12050100000000000E+02
  0.12059200000000001E+02   0.12068300000000001E+02   0.12077400000000001E+02   0.12086499999999999E+02   0.12095599999999999E+02   0.12104699999999999E+02
  0.12113799999999999E+02   0.12122900000000000E+02   0.12132000000000000E+02   0.12141100000000000E+02   0.12150200000000000E+02   0.12159300000000000E+02
  0.12168400000000000E+02   0.12177500000000000E+02   0.12186600000000000E+02   0.12195700000000000E+02   0.12204800000000001E+02   0.12213900000000001E+02
  0.12223000000000001E+02   0.12232100000000001E+02   0.12241199999999999E+02   0.12250299999999999E+02   0.12259399999999999E+02   0.12268500000000000E+02
  0.12277600000000000E+02   0.12286700000000000E+02   0.12295800000000000E+02   0.12304900000000000E+02   0.12314000000000000E+02   0.12323100000000000E+02
  0.12332200000000000E+02   0.12341300000000000E+02   0.12350400000000000E+02   0.12359500000000001E+02   0.12368600000000001E+02   0.12377700000000001E+02
  0.12386799999999999E+02   0.12395899999999999E+02   0.12404999999999999E+02   0.12414099999999999E+02   0.12423200000000000E+02   0.12432300000000000E+02
  0.12441400000000000E+02   0.12450500000000000E+02   0.12459600000000000E+02   0.12468700000000000E+02   0.12477800000000000E+02   0.12486900000000000E+02
  0.12496000000000000E+02   0.12505100000000001E+02   0.12514200000000001E+02   0.12523300000000001E+02   0.12532400000000001E+02   0.12541499999999999E+02
  0.12550599999999999E+02   0.12559699999999999E+02   0.12568800000000000E+02
  0.11949999999999999E+02   0.11959099999999999E+02   0.11968200000000000E+02   0.11977300000000000E+02   0.11986400000000000E+02   0.11995500000000000E+02
  0.12004600000000000E+02   0.12013700000000000E+02   0.12022800000000000E+02   0.12031900000000000E+02   0.12041000000000000E+02   0.12050100000000000E+02
  0.12059200000000001E+02   0.12068300000000001E+02   0.12077400000000001E+02   0.12086499999999999E+02   0.12095599999999999E+02   0.12104699999999999E+02
  0.12113799999999999E+02   0.12122900000000000E+02   0.12132000000000000E+02   0.12141100000000000E+02   0.12150200000000000E+02   0.12159300000000000E+02
  0.12168400000000000E+02   0.12177500000000000E+02   0.12186600000000000E+02   0.12195700000000000E+02   0.12204800000000001E+02   0.12213900000000001E+02
  0.12223000000000001E+02   0.12232100000000001E+02   0.12241199999999999E+02   0.12250299999999999E+02   0.12259399999999999E+02   0.12268500000000000E+02
  0.12277600000000000E+02   0.12286700000000000E+02   0.12295800000000000E+02   0.12304900000000000E+02   0.12314000000000000E+02   0.12323100000000000E+02
  0.12332200000000000E+02   0.12341300000000000E+02   0.12350400000000000E+02   0.12359500000000001E+02   0.12368600000000001E+02   0.12377700000000001E+02
  0.12386799999999999E+02   0.12395899999999999E+02   0.12404999999999999E+02   0.12414099999999999E+02   0.12423200000000000E+02   0.12432300000000000E+02
  0.12441400000000000E+02   0.12450500000000000E+02   0.12459600000000000E+02   0.12468700000000000E+02   0.12477800000000000E+02   0.12486900000000000E+02
  0.12496000000000000E+02   0.12505100000000001E+02   0.12514200000000001E+02   0.12523300000000001E+02   0.12532400000000001E+02   0.12541499999999999E+02
  0.12550599999999999E+02   0.12559699999999999E+02   0.12568800000000000E+02
  0.11949999999999999E+02   0.11959099999999999E+02   0.11968200000000000E+02   0.11977300000000000E+02   0.11986400000000000E+02   0.11995500000000000E+02
  0.12004600000000000E+02   0.12013700000000000E+02   0.12022800000000000E+02   0.12031900000000000E+02   0.12041000000000000E+02   0.12050100000000000E+02
  0.12059200000000001E+02   0.12068300000000001E+02   0.12077400000000001E+02   0.12086499999999999E+02   0.12095599999999999E+02   0.12104699999999999E+02
  0.12113799999999999E+02   0.12122900000000000E+02   0.12132000000000000E+02   0.12141100000000000E+02   0.12150200000000000E+02   0.12159300000000000E+02
  0.12168400000000000E+02   0.12177500000000000E+02   0.12186600000000000E+02   0.12195700000000000E+02   0.12204800000000001E+02   0.12213900000000001E+02
  0.12223000000000001E+02   0.12232100000000001E+02   0.12241199999999999E+02   0.12250299999999999E+02   0.12259399999999999E+02   0.12268500000000000E+02
  0.12277600000000000E+02   0.12286700000000000E+02   0.12295800000000000E+02   0.12304900000000000E+02   0.12314000000000000E+02   0.12323100000000000E+02
  0.12332200000000000E+02   0.12341300000000000E+02   0.12350400000000000E+02   0.12359500000000001E+02   0.12368600000000001E+02   0.12377700000000001E+02
  0.12386799999999999E+02   0.12395899999999999E+02   0.12404999999999999E+02   0.12414099999999999E+02   0.12423200000000000E+02   0.12432300000000000E+02
  0.12441400000000000E+02   0.12450500000000000E+02   0.12459600000000000E+02   0.12468700000000000E+02   0.12477800000000000E+02   0.12486900000000000E+02
  0.12496000000000000E+02   0.12505100000000001E+02   0.12514200000000001E+02   0.12523300000000001E+02   0.12532400000000001E+02   0.12541499999999999E+02
  0.12550599999999999E+02   0.12559699999999999E+02   0.12568800000000000E+02
  0.11949999999999999E+02   0.11959099999999999E+02   0.11968200000000000E+02   0.11977300000000000E+02   0.11986400000000000E+02   0.11995500000000000E+02
  0.12004600000000000E+02   0.12013700000000000E+02   0.12022800000000000E+02   0.12031900000000000E+02   0.12041000000000000E+02   0.12050100000000000E+02
  0.12059200000000001E+02   0.12068300000000001E+02   0.12077400000000001E+02   0.12086499999999999E+02   0.12095599999999999E+02   0.12104699999999999E+02
  0.12113799999999999E+02   0.12122900000000000E+02   0.12132000000000000E+02   0.12141100000000000E+02   0.12150200000000000E+02   0.12159300000000000E+02
  0.12168400000000000E+02   0.12177500000000000E+02   0.12186600000000000E+02   0.12195700000000000E+02   0.12204800000000001E+02   0.12213900000000001E+02
  0.12223000000000001E+02   0.12232100000000001E+02   0.12241199999999999E+02   0.12250299999999999E+02   0.12259399999999999E+02   0.12268500000000000E+02
  0.12277600000000000E+02   0.12286700000000000E+02   0.12295800000000000E+02   0.12304900000000000E+02   0.12314000000000000E+02   0.12323100000000000E+02
  0.12332200000000000E+02   0.12341300000000000E+02   0.12350400000000000E+02   0.12359500000000001E+02   0.12368600000000001E+02   0.12377700000000001E+02
  0.12386799999999999E+02   0.12395899999999999E+02   0.12404999999999999E+02   0.12414099999999999E+02   0.12423200000000000E+02   0.12432300000000000E+02
  0.12441400000000000E+02   0.12450500000000000E+02   0.12459600000000000E+02   0.12468700000000000E+02   0.12477800000000000E+02   0.12486900000000000E+02
  0.12496000000000000E+02   0.12505100000000001E+02   0.12514200000000001E+02   0.12523300000000001E+02   0.12532400000000001E+02   0.12541499999999999E+02
  0.12550599999999999E+02   0.12559699999999999E+02   0.12568800000000000E+02
  0.11949999999999999E+02   0.11959099999999999E+02   0.11968200000000000E+02   0.11977300000000000E+02   0.11986400000000000E+02   0.11995500000000000E+02
  0.12004600000000000E+02   0.12013700000000000E+02   0.12022800000000000E+02   0.12031900000000000E+02   0.12041000000000000E+02   0.12050100000000000E+02
  0.12059200000000001E+02   0.12068300000000001E+02   0.12077400000000001E+02   0.12086499999999999E+02   0.12095599999999999E+02   0.12104699999999999E+02
  0.12113799999999999E+02   0.12122900000000000E+02   0.12132000000000000E+02   0.12141100000000000E+02   0.12150200000000000E+02   0.12159300000000000E+02
  0.12168400000000000E+02   0.12177500000000000E+02   0.12186600000000000E+02   0.12195700000000000E+02   0.12204800000000001E+02   0.12213900000000001E+02
  0.12223000000000001E+02   0.12232100000000001E+02   0.12241199999999999E+02   0.12250299999999999E+02   0.12259399999999999E+02   0.12268500000000000E+02
  0.12277600000000000E+02   0.12286700000000000E+02   0.12295800000000000E+02   0.12304900000000000E+02   0.12314000000000000E+02   0.12323100000000000E+02
  0.12332200000000000E+02   0.12341300000000000E+02   0.12350400000000000E+02   0.12359500000000001E+02   0.12368600000000001E+02   0.12377700000000001E+02
  0.12386799999999999E+02   0.12395899999999999E+02   0.12404999999999999E+02   0.12414099999999999E+02   0.12423200000000000E+02   0.12432300000000000E+02
  0.12441400000000000E+02   0.12450500000000000E+02   0.12459600000000000E+02   0.12468700000000000E+02   0.12477800000000000E+02   0.12486900000000000E+02
  0.12496000000000000E+02   0.12505100000000001E+02   0.12514200000000001E+02   0.12523300000000001E+02   0.12532400000000001E+02   0.12541499999999999E+02
  0.12550599999999999E+02   0.12559699999999999E+02   0.12568800000000000E+02
  0.11949999999999999E+02   0.11959099999999999E+02   0.11968200000000000E+02   0.11977300000000000E+02   0.11986400000000000E+02   0.11995500000000000E+02
  0.12004600000000000E+02   0.12013700000000000E+02   0.12022800000000000E+02   0.12031900000000000E+02   0.12041000000000000E+02   0.12050100000000000E+02
  0.12059200000000001E+02   0.12068300000000001E+02   0.12077400000000001E+02   0.12086499999999999E+02   0.12095599999999999E+02   0.12104699999999999E+02
  0.12113799999999999E+02   0.12122900000000000E+02   0.12132000000000000E+02   0.12141100000000000E+02   0.12150200000000000E+02   0.12159300000000000E+02
  0.12168400000000000E+02   0.12177500000000000E+02   0.12186600000000000E+02   0.12195700000000000E+02   0.12204800000000001E+02   0.12213900000000001E+02
  0.12223000000000001E+02   0.12232100000000001E+02   0.12241199999999999E+02   0.12250299999999999E+02   0.12259399999999999E+02   0.12268500000000000E+02
  0.12277600000000000E+02   0.12286700000000000E+02   0.12295800000000000E+02   0.12304900000000000E+02   0.12314000000000000E+02   0.12323100000000000E+02
  0.12332200000000000E+02   0.12341300000000000E+02   0.12350400000000000E+02   0.12359500000000001E+02   0.12368600000000001E+02   0.12377700000000001E+02
  0.12386799999999999E+02   0.12395899999999999E+02   0.12404999999999999E+02   0.12414099999999999E+02   0.12423200000000000E+02   0.12432300000000000E+02
  0.12441400000000000E+02   0.12450500000000000E+02   0.12459600000000000E+02   0.12468700000000000E+02   0.12477800000000000E+02   0.12486900000000000E+02
  0.12496000000000000E+02   0.12505100000000001E+02   0.12514200000000001E+02   0.12523300000000001E+02   0.12532400000000001E+02   0.12541499999999999E+02
  0.12550599999999999E+02   0.12559699999999999E+02   0.12568800000000000E+02
  0.11949999999999999E+02   0.11959099999999999E+02   0.11968200000000000E+02   0.11977300000000000E+02   0.11986400000000000E+02   0.11995500000000000E+02
  0.12004600000000000E+02   0.12013700000000000E+02   0.12022800000000000E+02   0.12031900000000000E+02   0.12041000000000000E+02   0.12050100000000000E+02
  0.12059200000000001E+02   0.12068300000000001E+02   0.12077400000000001E+02   0.12086499999999999E+02   0.12095599999999999E+02   0.12104699999999999E+02
  0.12113799999999999E+02   0.12122900000000000E+02   0.12132000000000000E+02   0.12141100000000000E+02   0.12150200000000000E+02   0.12159300000000000E+02
  0.12168400000000000E+02   0.12177500000000000E+02   0.12186600000000000E+02   0.12195700000000000E+02   0.12204800000000001E+02   0.12213900000000001E+02
  0.12223000000000001E+02   0.12232100000000001E+02   0.12241199999999999E+02   0.12250299999999999E+02   0.12259399999999999E+02   0.12268500000000000E+02
  0.12277600000000000E+02   0.12286700000000000E+02   0.12295800000000000E+02   0.12304900000000000E+02   0.12314000000000000E+02   0.12323100000000000E+02
  0.12332200000000000E+02   0.12341300000000000E+02   0.12350400000000000E+02   0.12359500000000001E+02   0.12368600000000001E+02   0.12377700000000001E+02
  0.12386799999999999E+02   0.12395899999999999E+02   0.12404999999999999E+02   0.12414099999999999E+02   0.12423200000000000E+02   0.12432300000000000E+02
  0.12441400000000000E+02   0.12450500000000000E+02   0.12459600000000000E+02   0.12468700000000000E+02   0.12477800000000000E+02   0.12486900000000000E+02
  0.12496000000000000E+02   0.12505100000000001E+02   0.12514200000000001E+02   0.12523300000000001E+02   0.12532400000000001E+02   0.12541499999999999E+02
  0.12550599999999999E+02   0.12559699999999999E+02   0.12568800000000000E+02
  0.11949999999999999E+02   0.11959099999999999E+02   0.11968200000000000E+02   0.11977300000000000E+02   0.11986400000000000E+02   0.11995500000000000E+02
  0.12004600000000000E+02   0.12013700000000000E+02   0.12022800000000000E+02   0.12031900000000000E+02   0.12041000000000000E+02   0.12050100000000000E+02
  0.12059200000000001E+02   0.12068300000000001E+02   0.12077400000000001E+02   0.12086499999999999E+02   0.12095599999999999E+02   0.12104699999999999E+02
  0.12113799999999999E+02   0.12122900000000000E+02   0.12132000000000000E+02   0.12141100000000000E+02   0.12150200000000000E+02   0.12159300000000000E+02
  0.12168400000000000E+02   0.12177500000000000E+02   0.12186600000000000E+02   0.12195700000000000E+02   0.12204800000000001E+02   0.12213900000000001E+02
  0.12223000000000001E+02   0.12232100000000001E+02   0.12241199999999999E+02   0.12250299999999999E+02   0.12259399999999999E+02   0.12268500000000000E+02
  0.12277600000000000E+02   0.12286700000000000E+02   0.12295800000000000E+02   0.12304900000000000E+02   0.12314000000000000E+02   0.12323100000000000E+02
  0.12332200000000000E+02   0.12341300000000000E+02   0.12350400000000000E+02   0.12359500000000001E+02   0.12368600000000001E+02   0.12377700000000001E+02
  0.12386799999999999E+02   0.12395899999999999E+02   0.12404999999999999E+02   0.12414099999999999E+02   0.12423200000000000E+02   0.12432300000000000E+02
  0.12441400000000000E+02   0.12450500000000000E+02   0.12459600000000000E+02   0.12468700000000000E+02   0.12477800000000000E+02   0.12486900000000000E+02
  0.12496000000000000E+02   0.12505100000000001E+02   0.12514200000000001E+02   0.12523300000000001E+02   0.12532400000000001E+02   0.12541499999999999E+02
  0.12550599999999999E+02   0.12559699999999999E+02   0.12568800000000000E+02
  0.11949999999999999E+02   0.11959099999999999E+02   0.11968200000000000E+02   0.11977300000000000E+02   0.11986400000000000E+02   0.11995500000000000E+02
  0.12004600000000000E+02   0.12013700000000000E+02   0.12022800000000000E+02   0.12031900000000000E+02   0.12041000000000000E+02   0.12050100000000000E+02
  0.12059200000000001E+02   0.12068300000000001E+02   0.12077400000000001E+02   0.12086499999999999E+02   0.12095599999999999E+02   0.12104699999999999E+02
  0.12113799999999999E+02   0.12122900000000000E+02   0.12132000000000000E+02   0.12141100000000000E+02   0.12150200000000000E+02   0.12159300000000000E+02
  0.12168400000000000E+02   0.12177500000000000E+02   0.12186600000000000E+02   0.12195700000000000E+02   0.12204800000000001E+02   0.12213900000000001E+02
  0.12223000000000001E+02   0.12232100000000001E+02   0.12241199999999999E+02   0.12250299999999999E+02   0.12259399999999999E+02   0.12268500000000000E+02
  0.12277600000000000E+02   0.12286700000000000E+02   0.12295800000000000E+02   0.12304900000000000E+02   0.12314000000000000E+02   0.12323100000000000E+02
  0.12332200000000000E+02   0.12341300000000000E+02   0.12350400000000000E+02   0.12359500000000001E+02   0.12368600000000001E+02   0.12377700000000001E+02
  0.12386799999999999E+02   0.12395899999999999E+02   0.12404999999999999E+02   0.12414099999999999E+02   0.12423200000000000E+02   0.12432300000000000E+02
  0.12441400000000000E+02   0.12450500000000000E+02   0.12459600000000000E+02   0.12468700000000000E+02   0.12477800000000000E+02   0.12486900000000000E+02
  0.12496000000000000E+02   0.12505100000000001E+02   0.12514200000000001E+02   0.12523300000000001E+02   0.12532400000000001E+02   0.12541499999999999E+02
  0.12550599999999999E+02   0.12559699999999999E+02   0.12568800000000000E+02
  0.11949999999999999E+02   0.11959099999999999E+02   0.11968200000000000E+02   0.11977300000000000E+02   0.11986400000000000E+02   0.11995500000000000E+02
  0.12004600000000000E+02   0.12013700000000000E+02   0.12022800000000000E+02   0.12031900000000000E+02   0.12041000000000000E+02   0.12050100000000000E+02
  0.12059200000000001E+02   0.12068300000000001E+02   0.12077400000000001E+02   0.12086499999999999E+02   0.12095599999999999E+02   0.12104699999999999E+02
  0.12113799999999999E+02   0.12122900000000000E+02   0.12132000000000000E+02   0.12141100000000000E+02   0.12150200000000000E+02   0.12159300000000000E+02
  0.12168400000000000E+02   0.12177500000000000E+02   0.12186600000000000E+02   0.12195700000000000E+02   0.12204800000000001E+02   0.12213900000000001E+02
  0.12223000000000001E+02   0.12232100000000001E+02   0.12241199999999999E+02   0.12250299999999999E+02   0.12259399999999999E+02   0.12268500000000000E+02
  0.12277600000000000E+02   0.12286700000000000E+02   0.12295800000000000E+02   0.12304900000000000E+02   0.12314000000000000E+02   0.12323100000000000E+02
  0.12332200000000000E+02   0.12341300000000000E+02   0.12350400000000000E+02   0.12359500000000001E+02   0.12368600000000001E+02   0.12377700000000001E+02
  0.12386799999999999E+02   0.12395899999999999E+02   0.12404999999999999E+02   0.12414099999999999E+02   0.12423200000000000E+02   0.12432300000000000E+02
  0.12441400000000000E+02   0.12450500000000000E+02   0.12459600000000000E+02   0.12468700000000000E+02   0.12477800000000000E+02   0.12486900000000000E+02
  0.12496000000000000E+02   0.12505100000000001E+02   0.12514200000000001E+02   0.12523300000000001E+02   0.12532400000000001E+02   0.12541499999999999E+02
  0.12550599999999999E+02   0.12559699999999999E+02   0.12568800000000000E+02
  0.11949999999999999E+02   0.11959099999999999E+02   0.11968200000000000E+02   0.11977300000000000E+02   0.11986400000000000E+02   0.11995500000000000E+02
  0.12004600000000000E+02   0.12013700000000000E+02   0.12022800000000000E+02   0.12031900000000000E+02   0.12041000000000000E+02   0.12050100000000000E+02
  0.12059200000000001E+02   0.12068300000000001E+02   0.12077400000000001E+02   0.12086499999999999E+02   0.12095599999999999E+02   0.12104699999999999E+02
  0.12113799999999999E+02   0.12122900000000000E+02   0.12132000000000000E+02   0.12141100000000000E+02   0.12150200000000000E+02   0.12159300000000000E+02
  0.12168400000000000E+02   0.12177500000000000E+02   0.12186600000000000E+02   0.12195700000000000E+02   0.12204800000000001E+02   0.12213900000000001E+02
  0.12223000000000001E+02   0.12232100000000001E+02   0.12241199999999999E+02   0.12250299999999999E+02   0.12259399999999999E+02   0.12268500000000000E+02
  0.12277600000000000E+02   0.12286700000000000E+02   0.12295800000000000E+02   0.12304900000000000E+02   0.12314000000000000E+02   0.12323100000000000E+02
  0.12332200000000000E+02   0.12341300000000000E+02   0.12350400000000000E+02   0.12359500000000001E+02   0.12368600000000001E+02   0.12377700000000001E+02
  0.12386799999999999E+02   0.12395899999999999E+02   0.12404999999999999E+02   0.12414099999999999E+02   0.12423200000000000E+02   0.12432300000000000E+02
  0.12441400000000000E+02   0.12450500000000000E+02   0.12459600000000000E+02   0.12468700000000000E+02   0.12477800000000000E+02   0.12486900000000000E+02
  0.12496000000000000E+02   0.12505100000000001E+02   0.12514200000000001E+02   0.12523300000000001E+02   0.12532400000000001E+02   0.12541499999999999E+02
  0.12550599999999999E+02   0.12559699999999999E+02   0.12568800000000000E+02
  0.11949999999999999E+02   0.11959099999999999E+02   0.11968200000000000E+02   0.11977300000000000E+02   0.11986400000000000E+02   0.11995500000000000E+02
  0.12004600000000000E+02   0.12013700000000000E+02   0.12022800000000000E+02   0.12031900000000000E+02   0.12041000000000000E+02   0.12050100000000000E+02
  0.12059200000000001E+02   0.12068300000000001E+02   0.12077400000000001E+02   0.12086499999999999E+02   0.12095599999999999E+02   0.12104699999999999E+02
  0.12113799999999999E+02   0.12122900000000000E+02   0.12132000000000000E+02   0.12141100000000000E+02   0.12150200000000000E+02   0.12159300000000000E+02
  0.12168400000000000E+02   0.12177500000000000E+02   0.12186600000000000E+02   0.12195700000000000E+02   0.12204800000000001E+02   0.12213900000000001E+02
  0.12223000000000001E+02   0.12232100000000001E+02   0.12241199999999999E+02   0.12250299999999999E+02   0.12259399999999999E+02   0.12268500000000000E+02
  0.12277600000000000E+02   0.12286700000000000E+02   0.12295800000000000E+02   0.12304900000000000E+02   0.12314000000000000E+02   0.12323100000000000E+02
  0.12332200000000000E+02   0.12341300000000000E+02   0.12350400000000000E+02   0.12359500000000001E+02   0.12368600000000001E+02   0.12377700000000001E+02
  0.12386799999999999E+02   0.12395899999999999E+02   0.12404999999999999E+02   0.12414099999999999E+02   0.12423200000000000E+02   0.12432300000000000E+02
  0.12441400000000000E+02   0.12450500000000000E+02   0.12459600000000000E+02   0.12468700000000000E+02   0.12477800000000000E+02   0.12486900000000000E+02
  0.12496000000000000E+02   0.12505100000000001E+02   0.12514200000000001E+02   0.12523300000000001E+02   0.12532400000000001E+02   0.12541499999999999E+02
  0.12550599999999999E+02   0.12559699999999999E+02   0.12568800000000000E+02
  0.11949999999999999E+02   0.11959099999999999E+02   0.11968200000000000E+02   0.11977300000000000E+02   0.11986400000000000E+02   0.11995500000000000E+02
  0.12004600000000000E+02   0.12013700000000000E+02   0.12022800000000000E+02   0.12031900000000000E+02   0.12041000000000000E+02   0.12050100000000000E+02
  0.12059200000000001E+02   0.12068300000000001E+02   0.12077400000000001E+02   0.12086499999999999E+02   0.12095599999999999E+02   0.12104699999999999E+02
  0.12113799999999999E+02   0.12122900000000000E+02   0.12132000000000000E+02   0.12141100000000000E+02   0.12150200000000000E+02   0.12159300000000000E+02
  0.12168400000000000E+02   0.12177500000000000E+02   0.12186600000000000E+02   0.12195700000000000E+02   0.12204800000000001E+02   0.12213900000000001E+02
  0.12223000000000001E+02   0.12232100000000001E+02   0.12241199999999999E+02   0.12250299999999999E+02   0.12259399999999999E+02   0.12268500000000000E+02
  0.12277600000000000E+02   0.12286700000000000E+02   0.12295800000000000E+02   0.12304900000000000E+02   0.12314000000000000E+02   0.12323100000000000E+02
  0.12332200000000000E+02   0.12341300000000000E+02   0.12350400000000000E+02   0.12359500000000001E+02   0.12368600000000001E+02   0.12377700000000001E+02
  0.12386799999999999E+02   0.12395899999999999E+02   0.12404999999999999E+02   0.12414099999999999E+02   0.12423200000000000E+02   0.12432300000000000E+02
  0.12441400000000000E+02   0.12450500000000000E+02   0.12459600000000000E+02   0.12468700000000000E+02   0.12477800000000000E+02   0.12486900000000000E+02
  0.12496000000000000E+02   0.12505100000000001E+02   0.12514200000000001E+02   0.12523300000000001E+02   0.12532400000000001E+02   0.12541499999999999E+02
  0.12550599999999999E+02   0.12559699999999999E+02   0.12568800000000000E+02
  0.11949999999999999E+02   0.11959099999999999E+02   0.11968200000000000E+02   0.11977300000000000E+02   0.11986400000000000E+02   0.11995500000000000E+02
  0.12004600000000000E+02   0.12013700000000000E+02   0.12022800000000000E+02   0.12031900000000000E+02   0.12041000000000000E+02   0.12050100000000000E+02
  0.12059200000000001E+02   0.12068300000000001E+02   0.12077400000000001E+02   0.12086499999999999E+02   0.12095599999999999E+02   0.12104699999999999E+02
  0.12113799999999999E+02   0.12122900000000000E+02   0.12132000000000000E+02   0.12141100000000000E+02   0.12150200000000000E+02   0.12159300000000000E+02
  0.12168400000000000E+02   0.12177500000000000E+02   0.12186600000000000E+02   0.12195700000000000E+02   0.12204800000000001E+02   0.12213900000000001E+02
  0.12223000000000001E+02   0.12232100000000001E+02   0.12241199999999999E+02   0.12250299999999999E+02   0.12259399999999999E+02   0.12268500000000000E+02
  0.12277600000000000E+02   0.12286700000000000E+02   0.12295800000000000E+02   0.12304900000000000E+02   0.12314000000000000E+02   0.12323100000000000E+02
  0.12332200000000000E+02   0.12341300000000000E+02   0.12350400000000000E+02   0.12359500000000001E+02   0.12368600000000001E+02   0.12377700000000001E+02
  0.12386799999999999E+02   0.12395899999999999E+02   0.12404999999999999E+02   0.12414099999999999E+02   0.12423200000000000E+02   0.12432300000000000E+02
  0.12441400000000000E+02   0.12450500000000000E+02   0.12459600000000000E+02   0.12468700000000000E+02   0.12477800000000000E+02   0.12486900000000000E+02
  0.12496000000000000E+02   0.12505100000000001E+02   0.12514200000000001E+02   0.12523300000000001E+02   0.12532400000000001E+02   0.12541499999999999E+02
  0.12550599999999999E+02   0.12559699999999999E+02   0.12568800000000000E+02
  0.11949999999999999E+02   0.11959099999999999E+02   0.11968200000000000E+02   0.11977300000000000E+02   0.11986400000000000E+02   0.11995500000000000E+02
  0.12004600000000000E+02   0.12013700000000000E+02   0.12022800000000000E+02   0.12031900000000000E+02   0.12041000000000000E+02   0.12050100000000000E+02
  0.12059200000000001E+02   0.12068300000000001E+02   0.12077400000000001E+02   0.12086499999999999E+02   0.12095599999999999E+02   0.12104699999999999E+02
  0.12113799999999999E+02   0.12122900000000000E+02   0.12132000000000000E+02   0.12141100000000000E+02   0.12150200000000000E+02   0.12159300000000000E+02
  0.12168400000000000E+02   0.12177500000000000E+02   0.12186600000000000E+02   0.12195700000000000E+02   0.12204800000000001E+02   0.12213900000000001E+02
  0.12223000000000001E+02   0.12232100000000001E+02   0.12241199999999999E+02   0.12250299999999999E+02   0.12259399999999999E+02   0.12268500000000000E+02
  0.12277600000000000E+02   0.12286700000000000E+02   0.12295800000000000E+02   0.12304900000000000E+02   0.12314000000000000E+02   0.12323100000000000E+02
  0.12332200000000000E+02   0.12341300000000000E+02   0.12350400000000000E+02   0.12359500000000001E+02   0.12368600000000001E+02   0.12377700000000001E+02
  0.12386799999999999E+02   0.12395899999999999E+02   0.12404999999999999E+02   0.12414099999999999E+02   0.12423200000000000E+02   0.12432300000000000E+02
  0.12441400000000000E+02   0.12450500000000000E+02   0.12459600000000000E+02   0.12468700000000000E+02   0.12477800000000000E+02   0.12486900000000000E+02
  0.12496000000000000E+02   0.12505100000000001E+02   0.12514200000000001E+02   0.12523300000000001E+02   0.12532400000000001E+02   0.12541499999999999E+02
  0.12550599999999999E+02   0.12559699999999999E+02   0.12568800000000000E+02
  0.11949999999999999E+02   0.11959099999999999E+02   0.11968200000000000E+02   0.11977300000000000E+02   0.11986400000000000E+02   0.11995500000000000E+02
  0.12004600000000000E+02   0.12013700000000000E+02   0.12022800000000000E+02   0.12031900000000000E+02   0.12041000000000000E+02   0.12050100000000000E+02
  0.12059200000000001E+02   0.12068300000000001E+02   0.12077400000000001E+02   0.12086499999999999E+02   0.12095599999999999E+02   0.12104699999999999E+02
  0.12113799999999999E+02   0.12122900000000000E+02   0.12132000000000000E+02   0.12141100000000000E+02   0.12150200000000000E+02   0.12159300000000000E+02
  0.12168400000000000E+02   0.12177500000000000E+02   0.12186600000000000E+02   0.12195700000000000E+02   0.12204800000000001E+02   0.12213900000000001E+02
  0.12223000000000001E+02   0.12232100000000001E+02   0.12241199999999999E+02   0.12250299999999999E+02   0.12259399999999999E+02   0.12268500000000000E+02
  0.12277600000000000E+02   0.12286700000000000E+02   0.12295800000000000E+02   0.12304900000000000E+02   0.12314000000000000E+02   0.12323100000000000E+02
  0.12332200000000000E+02   0.12341300000000000E+02   0.12350400000000000E+02   0.12359500000000001E+02   0.12368600000000001E+02   0.12377700000000001E+02
  0.12386799999999999E+02   0.12395899999999999E+02   0.12404999999999999E+02   0.12414099999999999E+02   0.12423200000000000E+02   0.12432300000000000E+02
  0.12441400000000000E+02   0.12450500000000000E+02   0.12459600000000000E+02   0.12468700000000000E+02   0.12477800000000000E+02   0.12486900000000000E+02
  0.12496000000000000E+02   0.12505100000000001E+02   0.12514200000000001E+02   0.12523300000000001E+02   0.12532400000000001E+02   0.12541499999999999E+02
  0.12550599999999999E+02   0.12559699999999999E+02   0.12568800000000000E+02
  0.11949999999999999E+02   0.11959099999999999E+02   0.11968200000000000E+02   0.11977300000000000E+02   0.11986400000000000E+02   0.11995500000000000E+02
  0.12004600000000000E+02   0.12013700000000000E+02   0.12022800000000000E+02   0.12031900000000000E+02   0.12041000000000000E+02   0.12050100000000000E+02
  0.12059200000000001E+02   0.12068300000000001E+02   0.12077400000000001E+02   0.12086499999999999E+02   0.12095599999999999E+02   0.12104699999999999E+02
  0.12113799999999999E+02   0.12122900000000000E+02   0.12132000000000000E+02   0.12141100000000000E+02   0.12150200000000000E+02   0.12159300000000000E+02
  0.12168400000000000E+02   0.12177500000000000E+02   0.12186600000000000E+02   0.12195700000000000E+02   0.12204800000000001E+02   0.12213900000000001E+02
  0.12223000000000001E+02   0.12232100000000001E+02   0.12241199999999999E+02   0.12250299999999999E+02   0.12259399999999999E+02   0.12268500000000000E+02
  0.12277600000000000E+02   0.12286700000000000E+02   0.12295800000000000E+02   0.12304900000000000E+02   0.12314000000000000E+02   0.12323100000000000E+02
  0.12332200000000000E+02   0.12341300000000000E+02   0.12350400000000000E+02   0.12359500000000001E+02   0.12368600000000001E+02   0.12377700000000001E+02
  0.12386799999999999E+02   0.12395899999999999E+02   0.12404999999999999E+02   0.12414099999999999E+02   0.12423200000000000E+02   0.12432300000000000E+02
  0.12441400000000000E+02   0.12450500000000000E+02   0.12459600000000000E+02   0.12468700000000000E+02   0.12477800000000000E+02   0.12486900000000000E+02
  0.12496000000000000E+02   0.12505100000000001E+02   0.12514200000000001E+02   0.12523300000000001E+02   0.12532400000000001E+02   0.12541499999999999E+02
  0.12550599999999999E+02   0.12559699999999999E+02   0.12568800000000000E+02
  0.11949999999999999E+02   0.11959099999999999E+02   0.11968200000000000E+02   0.11977300000000000E+02   0.11986400000000000E+02   0.11995500000000000E+02
  0.12004600000000000E+02   0.12013700000000000E+02   0.12022800000000000E+02   0.12031900000000000E+02   0.12041000000000000E+02   0.12050100000000000E+02
  0.12059200000000001E+02   0.12068300000000001E+02   0.12077400000000001E+02   0.12086499999999999E+02   0.12095599999999999E+02   0.12104699999999999E+02
  0.12113799999999999E+02   0.12122900000000000E+02   0.12132000000000000E+02   0.12141100000000000E+02   0.12150200000000000E+02   0.12159300000000000E+02
  0.12168400000000000E+02   0.12177500000000000E+02   0.12186600000000000E+02   0.12195700000000000E+02   0.12204800000000001E+02   0.12213900000000001E+02
  0.12223000000000001E+02   0.12232100000000001E+02   0.12241199999999999E+02   0.12250299999999999E+02   0.12259399999999999E+02   0.12268500000000000E+02
  0.12277600000000000E+02   0.12286700000000000E+02   0.12295800000000000E+02   0.12304900000000000E+02   0.12314000000000000E+02   0.12323100000000000E+02
  0.12332200000000000E+02   0.12341300000000000E+02   0.12350400000000000E+02   0.12359500000000001E+02   0.12368600000000001E+02   0.12377700000000001E+02
  0.12386799999999999E+02   0.12395899999999999E+02   0.12404999999999999E+02   0.12414099999999999E+02   0.12423200000000000E+02   0.12432300000000000E+02
  0.12441400000000000E+02   0.12450500000000000E+02   0.12459600000000000E+02   0.12468700000000000E+02   0.12477800000000000E+02   0.12486900000000000E+02
  0.12496000000000000E+02   0.12505100000000001E+02   0.12514200000000001E+02   0.12523300000000001E+02   0.12532400000000001E+02   0.12541499999999999E+02
  0.12550599999999999E+02   0.12559699999999999E+02   0.12568800000000000E+02
  0.11949999999999999E+02   0.11959099999999999E+02   0.11968200000000000E+02   0.11977300000000000E+02   0.11986400000000000E+02   0.11995500000000000E+02
  0.12004600000000000E+02   0.12013700000000000E+02   0.12022800000000000E+02   0.12031900000000000E+02   0.12041000000000000E+02   0.12050100000000000E+02
  0.12059200000000001E+02   0.12068300000000001E+02   0.12077400000000001E+02   0.12086499999999999E+02   0.12095599999999999E+02   0.12104699999999999E+02
  0.12113799999999999E+02   0.12122900000000000E+02   0.12132000000000000E+02   0.12141100000000000E+02   0.12150200000000000E+02   0.12159300000000000E+02
  0.12168400000000000E+02   0.12177500000000000E+02   0.12186600000000000E+02   0.12195700000000000E+02   0.12204800000000001E+02   0.12213900000000001E+02
  0.12223000000000001E+02   0.12232100000000001E+02   0.12241199999999999E+02   0.12250299999999999E+02   0.12259399999999999E+02   0.12268500000000000E+02
  0.12277600000000000E+02   0.12286700000000000E+02   0.12295800000000000E+02   0.12304900000000000E+02   0.12314000000000000E+02   0.12323100000000000E+02
  0.12332200000000000E+02   0.12341300000000000E+02   0.12350400000000000E+02   0.12359500000000001E+02   0.12368600000000001E+02   0.12377700000000001E+02
  0.12386799999999999E+02   0.12395899999999999E+02   0.12404999999999999E+02   0.12414099999999999E+02   0.12423200000000000E+02   0.12432300000000000E+02
  0.12441400000000000E+02   0.12450500000000000E+02   0.12459600000000000E+02   0.12468700000000000E+02   0.12477800000000000E+02   0.12486900000000000E+02
  0.12496000000000000E+02   0.12505100000000001E+02   0.12514200000000001E+02   0.12523300000000001E+02   0.12532400000000001E+02   0.12541499999999999E+02
  0.12550599999999999E+02   0.12559699999999999E+02   0.12568800000000000E+02
  0.11949999999999999E+02   0.11959099999999999E+02   0.11968200000000000E+02   0.11977300000000000E+02   0.11986400000000000E+02   0.11995500000000000E+02
  0.12004600000000000E+02   0.12013700000000000E+02   0.12022800000000000E+02   0.12031900000000000E+02   0.12041000000000000E+02   0.12050100000000000E+02
  0.12059200000000001E+02   0.12068300000000001E+02   0.12077400000000001E+02   0.12086499999999999E+02   0.12095599999999999E+02   0.12104699999999999E+02
  0.12113799999999999E+02   0.12122900000000000E+02   0.12132000000000000E+02   0.12141100000000000E+02   0.12150200000000000E+02   0.12159300000000000E+02
  0.12168400000000000E+02   0.12177500000000000E+02   0.12186600000000000E+02   0.12195700000000000E+02   0.12204800000000001E+02   0.12213900000000001E+02
  0.12223000000000001E+02   0.12232100000000001E+02   0.12241199999999999E+02   0.12250299999999999E+02   0.12259399999999999E+02   0.12268500000000000E+02
  0.12277600000000000E+02   0.12286700000000000E+02   0.12295800000000000E+02   0.12304900000000000E+02   0.12314000000000000E+02   0.12323100000000000E+02
  0.12332200000000000E+02   0.12341300000000000E+02   0.12350400000000000E+02   0.12359500000000001E+02   0.12368600000000001E+02   0.12377700000000001E+02
  0.12386799999999999E+02   0.12395899999999999E+02   0.12404999999999999E+02   0.12414099999999999E+02   0.12423200000000000E+02   0.12432300000000000E+02
  0.12441400000000000E+02   0.12450500000000000E+02   0.12459600000000000E+02   0.12468700000000000E+02   0.12477800000000000E+02   0.12486900000000000E+02
  0.12496000000000000E+02   0.12505100000000001E+02   0.12514200000000001E+02   0.12523300000000001E+02   0.12532400000000001E+02   0.12541499999999999E+02
  0.12550599999999999E+02   0.12559699999999999E+02   0.12568800000000000E+02
  0.11949999999999999E+02   0.11959099999999999E+02   0.11968200000000000E+02   0.11977300000000000E+02   0.11986400000000000E+02   0.11995500000000000E+02
  0.12004600000000000E+02   0.12013700000000000E+02   0.12022800000000000E+02   0.12031900000000000E+02   0.12041000000000000E+02   0.12050100000000000E+02
  0.12059200000000001E+02   0.12068300000000001E+02   0.12077400000000001E+02   0.12086499999999999E+02   0.12095599999999999E+02   0.12104699999999999E+02
  0.12113799999999999E+02   0.12122900000000000E+02   0.12132000000000000E+02   0.12141100000000000E+02   0.12150200000000000E+02   0.12159300000000000E+02
  0.12168400000000000E+02   0.12177500000000000E+02   0.12186600000000000E+02   0.12195700000000000E+02   0.12204800000000001E+02   0.12213900000000001E+02
  0.12223000000000001E+02   0.12232100000000001E+02   0.12241199999999999E+02   0.12250299999999999E+02   0.12259399999999999E+02   0.12268500000000000E+02
  0.12277600000000000E+02   0.12286700000000000E+02   0.12295800000000000E+02   0.12304900000000000E+02   0.12314000000000000E+02   0.12323100000000000E+02
  0.12332200000000000E+02   0.12341300000000000E+02   0.12350400000000000E+02   0.12359500000000001E+02   0.12368600000000001E+02   0.12377700000000001E+02
  0.12386799999999999E+02   0.12395899999999999E+02   0.12404999999999999E+02   0.12414099999999999E+02   0.12423200000000000E+02   0.12432300000000000E+02
  0.12441400000000000E+02   0.12450500000000000E+02   0.12459600000000000E+02   0.12468700000000000E+02   0.12477800000000000E+02   0.12486900000000000E+02
  0.12496000000000000E+02   0.12505100000000001E+02   0.12514200000000001E+02   0.12523300000000001E+02   0.12532400000000001E+02   0.12541499999999999E+02
  0.12550599999999999E+02   0.12559699999999999E+02   0.12568800000000000E+02
  0.11949999999999999E+02   0.11959099999999999E+02   0.11968200000000000E+02   0.11977300000000000E+02   0.11986400000000000E+02   0.11995500000000000E+02
  0.12004600000000000E+02   0.12013700000000000E+02   0.12022800000000000E+02   0.12031900000000000E+02   0.12041000000000000E+02   0.12050100000000000E+02
  0.12059200000000001E+02   0.12068300000000001E+02   0.12077400000000001E+02   0.12086499999999999E+02   0.12095599999999999E+02   0.12104699999999999E+02
  0.12113799999999999E+02   0.12122900000000000E+02   0.12132000000000000E+02   0.12141100000000000E+02   0.12150200000000000E+02   0.12159300000000000E+02
  0.12168400000000000E+02   0.12177500000000000E+02   0.12186600000000000E+02   0.12195700000000000E+02   0.12204800000000001E+02   0.12213900000000001E+02
  0.12223000000000001E+02   0.12232100000000001E+02   0.12241199999999999E+02   0.12250299999999999E+02   0.12259399999999999E+02   0.12268500000000000E+02
  0.12277600000000000E+02   0.12286700000000000E+02   0.12295800000000000E+02   0.12304900000000000E+02   0.12314000000000000E+02   0.12323100000000000E+02
  0.12332200000000000E+02   0.12341300000000000E+02   0.12350400000000000E+02   0.12359500000000001E+02   0.12368600000000001E+02   0.12377700000000001E+02
  0.12386799999999999E+02   0.12395899999999999E+02   0.12404999999999999E+02   0.12414099999999999E+02   0.12423200000000000E+02   0.12432300000000000E+02
  0.12441400000000000E+02   0.12450500000000000E+02   0.12459600000000000E+02   0.12468700000000000E+02   0.12477800000000000E+02   0.12486900000000000E+02
  0.12496000000000000E+02   0.12505100000000001E+02   0.12514200000000001E+02   0.12523300000000001E+02   0.12532400000000001E+02   0.12541499999999999E+02
  0.12550599999999999E+02   0.12559699999999999E+02   0.12568800000000000E+02
  0.11949999999999999E+02   0.11959099999999999E+02   0.11968200000000000E+02   0.11977300000000000E+02   0.11986400000000000E+02   0.11995500000000000E+02
  0.12004600000000000E+02   0.12013700000000000E+02   0.12022800000000000E+02   0.12031900000000000E+02   0.12041000000000000E+02   0.12050100000000000E+02
  0.12059200000000001E+02   0.12068300000000001E+02   0.12077400000000001E+02   0.12086499999999999E+02   0.12095599999999999E+02   0.12104699999999999E+02
  0.12113799999999999E+02   0.12122900000000000E+02   0.12132000000000000E+02   0.12141100000000000E+02   0.12150200000000000E+02   0.12159300000000000E+02
  0.12168400000000000E+02   0.12177500000000000E+02   0.12186600000000000E+02   0.12195700000000000E+02   0.12204800000000001E+02   0.12213900000000001E+02
  0.12223000000000001E+02   0.12232100000000001E+02   0.12241199999999999E+02   0.12250299999999999E+02   0.12259399999999999E+02   0.12268500000000000E+02
  0.12277600000000000E+02   0.12286700000000000E+02   0.12295800000000000E+02   0.12304900000000000E+02   0.12314000000000000E+02   0.12323100000000000E+02
  0.12332200000000000E+02   0.12341300000000000E+02   0.12350400000000000E+02   0.12359500000000001E+02   0.12368600000000001E+02   0.12377700000000001E+02
  0.12386799999999999E+02   0.12395899999999999E+02   0.12404999999999999E+02   0.12414099999999999E+02   0.12423200000000000E+02   0.12432300000000000E+02
  0.12441400000000000E+02   0.12450500000000000E+02   0.12459600000000000E+02   0.12468700000000000E+02   0.12477800000000000E+02   0.12486900000000000E+02
  0.12496000000000000E+02   0.12505100000000001E+02   0.12514200000000001E+02   0.12523300000000001E+02   0.12532400000000001E+02   0.12541499999999999E+02
  0.12550599999999999E+02   0.12559699999999999E+02   0.12568800000000000E+02
  0.11949999999999999E+02   0.11959099999999999E+02   0.11968200000000000E+02   0.11977300000000000E+02   0.11986400000000000E+02   0.11995500000000000E+02
  0.12004600000000000E+02   0.12013700000000000E+02   0.12022800000000000E+02   0.12031900000000000E+02   0.12041000000000000E+02   0.12050100000000000E+02
  0.12059200000000001E+02   0.12068300000000001E+02   0.12077400000000001E+02   0.12086499999999999E+02   0.12095599999999999E+02   0.12104699999999999E+02
  0.12113799999999999E+02   0.12122900000000000E+02   0.12132000000000000E+02   0.12141100000000000E+02   0.12150200000000000E+02   0.12159300000000000E+02
  0.12168400000000000E+02   0.12177500000000000E+02   0.12186600000000000E+02   0.12195700000000000E+02   0.12204800000000001E+02   0.12213900000000001E+02
  0.12223000000000001E+02   0.12232100000000001E+02   0.12241199999999999E+02   0.12250299999999999E+02   0.12259399999999999E+02   0.12268500000000000E+02
  0.12277600000000000E+02   0.12286700000000000E+02   0.12295800000000000E+02   0.12304900000000000E+02   0.12314000000000000E+02   0.12323100000000000E+02
  0.12332200000000000E+02   0.12341300000000000E+02   0.12350400000000000E+02   0.12359500000000001E+02   0.12368600000000001E+02   0.12377700000000001E+02
  0.12386799999999999E+02   0.12395899999999999E+02   0.12404999999999999E+02   0.12414099999999999E+02   0.12423200000000000E+02   0.12432300000000000E+02
  0.12441400000000000E+02   0.12450500000000000E+02   0.12459600000000000E+02   0.12468700000000000E+02   0.12477800000000000E+02   0.12486900000000000E+02
  0.12496000000000000E+02   0.12505100000000001E+02   0.12514200000000001E+02   0.12523300000000001E+02   0.12532400000000001E+02   0.12541499999999999E+02
  0.12550599999999999E+02   0.12559699999999999E+02   0.12568800000000000E+02
  0.11949999999999999E+02   0.11959099999999999E+02   0.11968200000000000E+02   0.11977300000000000E+02   0.11986400000000000E+02   0.11995500000000000E+02
  0.12004600000000000E+02   0.12013700000000000E+02   0.12022800000000000E+02   0.12031900000000000E+02   0.12041000000000000E+02   0.12050100000000000E+02
  0.12059200000000001E+02   0.12068300000000001E+02   0.12077400000000001E+02   0.12086499999999999E+02   0.12095599999999999E+02   0.12104699999999999E+02
  0.12113799999999999E+02   0.12122900000000000E+02   0.12132000000000000E+02   0.12141100000000000E+02   0.12150200000000000E+02   0.12159300000000000E+02
  0.12168400000000000E+02   0.12177500000000000E+02   0.12186600000000000E+02   0.12195700000000000E+02   0.12204800000000001E+02   0.12213900000000001E+02
  0.12223000000000001E+02   0.12232100000000001E+02   0.12241199999999999E+02   0.12250299999999999E+02   0.12259399999999999E+02   0.12268500000000000E+02
  0.12277600000000000E+02   0.12286700000000000E+02   0.12295800000000000E+02   0.12304900000000000E+02   0.12314000000000000E+02   0.12323100000000000E+02
  0.12332200000000000E+02   0.12341300000000000E+02   0.12350400000000000E+02   0.12359500000000001E+02   0.12368600000000001E+02   0.12377700000000001E+02
  0.12386799999999999E+02   0.12395899999999999E+02   0.12404999999999999E+02   0.12414099999999999E+02   0.12423200000000000E+02   0.12432300000000000E+02
  0.12441400000000000E+02   0.12450500000000000E+02   0.12459600000000000E+02   0.12468700000000000E+02   0.12477800000000000E+02   0.12486900000000000E+02
  0.12496000000000000E+02   0.12505100000000001E+02   0.12514200000000001E+02   0.12523300000000001E+02   0.12532400000000001E+02   0.12541499999999999E+02
  0.12550599999999999E+02   0.12559699999999999E+02   0.12568800000000000E+02
  0.11949999999999999E+02   0.11959099999999999E+02   0.11968200000000000E+02   0.11977300000000000E+02   0.11986400000000000E+02   0.11995500000000000E+02
  0.12004600000000000E+02   0.12013700000000000E+02   0.12022800000000000E+02   0.12031900000000000E+02   0.12041000000000000E+02   0.12050100000000000E+02
  0.12059200000000001E+02   0.12068300000000001E+02   0.12077400000000001E+02   0.12086499999999999E+02   0.12095599999999999E+02   0.12104699999999999E+02
  0.12113799999999999E+02   0.12122900000000000E+02   0.12132000000000000E+02   0.12141100000000000E+02   0.12150200000000000E+02   0.12159300000000000E+02
  0.12168400000000000E+02   0.12177500000000000E+02   0.12186600000000000E+02   0.12195700000000000E+02   0.12204800000000001E+02   0.12213900000000001E+02
  0.12223000000000001E+02   0.12232100000000001E+02   0.12241199999999999E+02   0.12250299999999999E+02   0.12259399999999999E+02   0.12268500000000000E+02
  0.12277600000000000E+02   0.12286700000000000E+02   0.12295800000000000E+02   0.12304900000000000E+02   0.12314000000000000E+02   0.12323100000000000E+02
  0.12332200000000000E+02   0.12341300000000000E+02   0.12350400000000000E+02   0.12359500000000001E+02   0.12368600000000001E+02   0.12377700000000001E+02
  0.12386799999999999E+02   0.12395899999999999E+02   0.12404999999999999E+02   0.12414099999999999E+02   0.12423200000000000E+02   0.12432300000000000E+02
  0.12441400000000000E+02   0.12450500000000000E+02   0.12459600000000000E+02   0.12468700000000000E+02   0.12477800000000000E+02   0.12486900000000000E+02
  0.12496000000000000E+02   0.12505100000000001E+02   0.12514200000000001E+02   0.12523300000000001E+02   0.12532400000000001E+02   0.12541499999999999E+02
  0.12550599999999999E+02   0.12559699999999999E+02   0.12568800000000000E+02
  0.11949999999999999E+02   0.11959099999999999E+02   0.11968200000000000E+02   0.11977300000000000E+02   0.11986400000000000E+02   0.11995500000000000E+02
  0.12004600000000000E+02   0.12013700000000000E+02   0.12022800000000000E+02   0.12031900000000000E+02   0.12041000000000000E+02   0.12050100000000000E+02
  0.12059200000000001E+02   0.12068300000000001E+02   0.12077400000000001E+02   0.12086499999999999E+02   0.12095599999999999E+02   0.12104699999999999E+02
  0.12113799999999999E+02   0.12122900000000000E+02   0.12132000000000000E+02   0.12141100000000000E+02   0.12150200000000000E+02   0.12159300000000000E+02
  0.12168400000000000E+02   0.12177500000000000E+02   0.12186600000000000E+02   0.12195700000000000E+02   0.12204800000000001E+02   0.12213900000000001E+02
  0.12223000000000001E+02   0.12232100000000001E+02   0.12241199999999999E+02   0.12250299999999999E+02   0.12259399999999999E+02   0.12268500000000000E+02
  0.12277600000000000E+02   0.12286700000000000E+02   0.12295800000000000E+02   0.12304900000000000E+02   0.12314000000000000E+02   0.12323100000000000E+02
  0.12332200000000000E+02   0.12341300000000000E+02   0.12350400000000000E+02   0.12359500000000001E+02   0.12368600000000001E+02   0.12377700000000001E+02
  0.12386799999999999E+02   0.12395899999999999E+02   0.12404999999999999E+02   0.12414099999999999E+02   0.12423200000000000E+02   0.12432300000000000E+02
  0.12441400000000000E+02   0.12450500000000000E+02   0.12459600000000000E+02   0.12468700000000000E+02   0.12477800000000000E+02   0.12486900000000000E+02
  0.12496000000000000E+02   0.12505100000000001E+02   0.12514200000000001E+02   0.12523300000000001E+02   0.12532400000000001E+02   0.12541499999999999E+02
  0.12550599999999999E+02   0.12559699999999999E+02   0.12568800000000000E+02
  0.11949999999999999E+02   0.11959099999999999E+02   0.11968200000000000E+02   0.11977300000000000E+02   0.11986400000000000E+02   0.11995500000000000E+02
  0.12004600000000000E+02   0.12013700000000000E+02   0.12022800000000000E+02   0.12031900000000000E+02   0.12041000000000000E+02   0.12050100000000000E+02
  0.12059200000000001E+02   0.12068300000000001E+02   0.12077400000000001E+02   0.12086499999999999E+02   0.12095599999999999E+02   0.12104699999999999E+02
  0.12113799999999999E+02   0.12122900000000000E+02   0.12132000000000000E+02   0.12141100000000000E+02   0.12150200000000000E+02   0.12159300000000000E+02
  0.12168400000000000E+02   0.12177500000000000E+02   0.12186600000000000E+02   0.12195700000000000E+02   0.12204800000000001E+02   0.12213900000000001E+02
  0.12223000000000001E+02   0.12232100000000001E+02   0.12241199999999999E+02   0.12250299999999999E+02   0.12259399999999999E+02   0.12268500000000000E+02
  0.12277600000000000E+02   0.12286700000000000E+02   0.12295800000000000E+02   0.12304900000000000E+02   0.12314000000000000E+02   0.12323100000000000E+02
  0.12332200000000000E+02   0.12341300000000000E+02   0.12350400000000000E+02   0.12359500000000001E+02   0.12368600000000001E+02   0.12377700000000001E+02
  0.12386799999999999E+02   0.12395899999999999E+02   0.12404999999999999E+02   0.12414099999999999E+02   0.12423200000000000E+02   0.12432300000000000E+02
  0.12441400000000000E+02   0.12450500000000000E+02   0.12459600000000000E+02   0.12468700000000000E+02   0.12477800000000000E+02   0.12486900000000000E+02
  0.12496000000000000E+02   0.12505100000000001E+02   0.12514200000000001E+02   0.12523300000000001E+02   0.12532400000000001E+02   0.12541499999999999E+02
  0.12550599999999999E+02   0.12559699999999999E+02   0.12568800000000000E+02
  0.11949999999999999E+02   0.11959099999999999E+02   0.11968200000000000E+02   0.11977300000000000E+02   0.11986400000000000E+02   0.11995500000000000E+02
  0.12004600000000000E+02   0.12013700000000000E+02   0.12022800000000000E+02   0.12031900000000000E+02   0.12041000000000000E+02   0.12050100000000000E+02
  0.12059200000000001E+02   0.12068300000000001E+02   0.12077400000000001E+02   0.12086499999999999E+02   0.12095599999999999E+02   0.12104699999999999E+02
  0.12113799999999999E+02   0.12122900000000000E+02   0.12132000000000000E+02   0.12141100000000000E+02   0.12150200000000000E+02   0.12159300000000000E+02
  0.12168400000000000E+02   0.12177500000000000E+02   0.12186600000000000E+02   0.12195700000000000E+02   0.12204800000000001E+02   0.12213900000000001E+02
  0.12223000000000001E+02   0.12232100000000001E+02   0.12241199999999999E+02   0.12250299999999999E+02   0.12259399999999999E+02   0.12268500000000000E+02
  0.12277600000000000E+02   0.12286700000000000E+02   0.12295800000000000E+02   0.12304900000000000E+02   0.12314000000000000E+02   0.12323100000000000E+02
  0.12332200000000000E+02   0.12341300000000000E+02   0.12350400000000000E+02   0.12359500000000001E+02   0.12368600000000001E+02   0.12377700000000001E+02
  0.12386799999999999E+02   0.12395899999999999E+02   0.12404999999999999E+02   0.12414099999999999E+02   0.12423200000000000E+02   0.12432300000000000E+02
  0.12441400000000000E+02   0.12450500000000000E+02   0.12459600000000000E+02   0.12468700000000000E+02   0.12477800000000000E+02   0.12486900000000000E+02
  0.12496000000000000E+02   0.12505100000000001E+02   0.12514200000000001E+02   0.12523300000000001E+02   0.12532400000000001E+02   0.12541499999999999E+02
  0.12550599999999999E+02   0.12559699999999999E+02   0.12568800000000000E+02
  0.11949999999999999E+02   0.11959099999999999E+02   0.11968200000000000E+02   0.11977300000000000E+02   0.11986400000000000E+02   0.11995500000000000E+02
  0.12004600000000000E+02   0.12013700000000000E+02   0.12022800000000000E+02   0.12031900000000000E+02   0.12041000000000000E+02   0.12050100000000000E+02
  0.12059200000000001E+02   0.12068300000000001E+02   0.12077400000000001E+02   0.12086499999999999E+02   0.12095599999999999E+02   0.12104699999999999E+02
  0.12113799999999999E+02   0.12122900000000000E+02   0.12132000000000000E+02   0.12141100000000000E+02   0.12150200000000000E+02   0.12159300000000000E+02
  0.12168400000000000E+02   0.12177500000000000E+02   0.12186600000000000E+02   0.12195700000000000E+02   0.12204800000000001E+02   0.12213900000000001E+02
  0.12223000000000001E+02   0.12232100000000001E+02   0.12241199999999999E+02   0.12250299999999999E+02   0.12259399999999999E+02   0.12268500000000000E+02
  0.12277600000000000E+02   0.12286700000000000E+02   0.12295800000000000E+02   0.12304900000000000E+02   0.12314000000000000E+02   0.12323100000000000E+02
  0.12332200000000000E+02   0.12341300000000000E+02   0.12350400000000000E+02   0.12359500000000001E+02   0.12368600000000001E+02   0.12377700000000001E+02
  0.12386799999999999E+02   0.12395899999999999E+02   0.12404999999999999E+02   0.12414099999999999E+02   0.12423200000000000E+02   0.12432300000000000E+02
  0.12441400000000000E+02   0.12450500000000000E+02   0.12459600000000000E+02   0.12468700000000000E+02   0.12477800000000000E+02   0.12486900000000000E+02
  0.12496000000000000E+02   0.12505100000000001E+02   0.12514200000000001E+02   0.12523300000000001E+02   0.12532400000000001E+02   0.12541499999999999E+02
  0.12550599999999999E+02   0.12559699999999999E+02   0.12568800000000000E+02
  0.11949999999999999E+02   0.11959099999999999E+02   0.11968200000000000E+02   0.11977300000000000E+02   0.11986400000000000E+02   0.11995500000000000E+02
  0.12004600000000000E+02   0.12013700000000000E+02   0.12022800000000000E+02   0.12031900000000000E+02   0.12041000000000000E+02   0.12050100000000000E+02
  0.12059200000000001E+02   0.12068300000000001E+02   0.12077400000000001E+02   0.12086499999999999E+02   0.12095599999999999E+02   0.12104699999999999E+02
  0.12113799999999999E+02   0.12122900000000000E+02   0.12132000000000000E+02   0.12141100000000000E+02   0.12150200000000000E+02   0.12159300000000000E+02
  0.12168400000000000E+02   0.12177500000000000E+02   0.12186600000000000E+02   0.12195700000000000E+02   0.12204800000000001E+02   0.12213900000000001E+02
  0.12223000000000001E+02   0.12232100000000001E+02   0.12241199999999999E+02   0.12250299999999999E+02   0.12259399999999999E+02   0.12268500000000000E+02
  0.12277600000000000E+02   0.12286700000000000E+02   0.12295800000000000E+02   0.12304900000000000E+02   0.12314000000000000E+02   0.12323100000000000E+02
  0.12332200000000000E+02   0.12341300000000000E+02   0.12350400000000000E+02   0.12359500000000001E+02   0.12368600000000001E+02   0.12377700000000001E+02
  0.12386799999999999E+02   0.12395899999999999E+02   0.12404999999999999E+02   0.12414099999999999E+02   0.12423200000000000E+02   0.12432300000000000E+02
  0.12441400000000000E+02   0.12450500000000000E+02   0.12459600000000000E+02   0.12468700000000000E+02   0.12477800000000000E+02   0.12486900000000000E+02
  0.12496000000000000E+02   0.12505100000000001E+02   0.12514200000000001E+02   0.12523300000000001E+02   0.12532400000000001E+02   0.12541499999999999E+02
  0.12550599999999999E+02   0.12559699999999999E+02   0.12568800000000000E+02
  0.11949999999999999E+02   0.11959099999999999E+02   0.11968200000000000E+02   0.11977300000000000E+02   0.11986400000000000E+02   0.11995500000000000E+02
  0.12004600000000000E+02   0.12013700000000000E+02   0.12022800000000000E+02   0.12031900000000000E+02   0.12041000000000000E+02   0.12050100000000000E+02
  0.12059200000000001E+02   0.12068300000000001E+02   0.12077400000000001E+02   0.12086499999999999E+02   0.12095599999999999E+02   0.12104699999999999E+02
  0.12113799999999999E+02   0.12122900000000000E+02   0.12132000000000000E+02   0.12141100000000000E+02   0.12150200000000000E+02   0.12159300000000000E+02
  0.12168400000000000E+02   0.12177500000000000E+02   0.12186600000000000E+02   0.12195700000000000E+02   0.12204800000000001E+02   0.12213900000000001E+02
  0.12223000000000001E+02   0.12232100000000001E+02   0.12241199999999999E+02   0.12250299999999999E+02   0.12259399999999999E+02   0.12268500000000000E+02
  0.12277600000000000E+02   0.12286700000000000E+02   0.12295800000000000E+02   0.12304900000000000E+02   0.12314000000000000E+02   0.12323100000000000E+02
  0.12332200000000000E+02   0.12341300000000000E+02   0.12350400000000000E+02   0.12359500000000001E+02   0.12368600000000001E+02   0.12377700000000001E+02
  0.12386799999999999E+02   0.12395899999999999E+02   0.12404999999999999E+02   0.12414099999999999E+02   0.12423200000000000E+02   0.12432300000000000E+02
  0.12441400000000000E+02   0.12450500000000000E+02   0.12459600000000000E+02   0.12468700000000000E+02   0.12477800000000000E+02   0.12486900000000000E+02
  0.12496000000000000E+02   0.12505100000000001E+02   0.12514200000000001E+02   0.12523300000000001E+02   0.12532400000000001E+02   0.12541499999999999E+02
  0.12550599999999999E+02   0.12559699999999999E+02   0.12568800000000000E+02
  0.11949999999999999E+02   0.11959099999999999E+02   0.11968200000000000E+02   0.11977300000000000E+02   0.11986400000000000E+02   0.11995500000000000E+02
  0.12004600000000000E+02   0.12013700000000000E+02   0.12022800000000000E+02   0.12031900000000000E+02   0.12041000000000000E+02   0.12050100000000000E+02
  0.12059200000000001E+02   0.12068300000000001E+02   0.12077400000000001E+02   0.12086499999999999E+02   0.12095599999999999E+02   0.12104699999999999E+02
  0.12113799999999999E+02   0.12122900000000000E+02   0.12132000000000000E+02   0.12141100000000000E+02   0.12150200000000000E+02   0.12159300000000000E+02
  0.12168400000000000E+02   0.12177500000000000E+02   0.12186600000000000E+02   0.12195700000000000E+02   0.12204800000000001E+02   0.12213900000000001E+02
  0.12223000000000001E+02   0.12232100000000001E+02   0.12241199999999999E+02   0.12250299999999999E+02   0.12259399999999999E+02   0.12268500000000000E+02
  0.12277600000000000E+02   0.12286700000000000E+02   0.12295800000000000E+02   0.12304900000000000E+02   0.12314000000000000E+02   0.12323100000000000E+02
  0.12332200000000000E+02   0.12341300000000000E+02   0.12350400000000000E+02   0.12359500000000001E+02   0.12368600000000001E+02   0.12377700000000001E+02
  0.12386799999999999E+02   0.12395899999999999E+02   0.12404999999999999E+02   0.12414099999999999E+02   0.12423200000000000E+02   0.12432300000000000E+02
  0.12441400000000000E+02   0.12450500000000000E+02   0.12459600000000000E+02   0.12468700000000000E+02   0.12477800000000000E+02   0.12486900000000000E+02
  0.12496000000000000E+02   0.12505100000000001E+02   0.12514200000000001E+02   0.12523300000000001E+02   0.12532400000000001E+02   0.12541499999999999E+02
  0.12550599999999999E+02   0.12559699999999999E+02   0.12568800000000000E+02
  0.11949999999999999E+02   0.11959099999999999E+02   0.11968200000000000E+02   0.11977300000000000E+02   0.11986400000000000E+02   0.11995500000000000E+02
  0.12004600000000000E+02   0.12013700000000000E+02   0.12022800000000000E+02   0.12031900000000000E+02   0.12041000000000000E+02   0.12050100000000000E+02
  0.12059200000000001E+02   0.12068300000000001E+02   0.12077400000000001E+02   0.12086499999999999E+02   0.12095599999999999E+02   0.12104699999999999E+02
  0.12113799999999999E+02   0.12122900000000000E+02   0.12132000000000000E+02   0.12141100000000000E+02   0.12150200000000000E+02   0.12159300000000000E+02
  0.12168400000000000E+02   0.12177500000000000E+02   0.12186600000000000E+02   0.12195700000000000E+02   0.12204800000000001E+02   0.12213900000000001E+02
  0.12223000000000001E+02   0.12232100000000001E+02   0.12241199999999999E+02   0.12250299999999999E+02   0.12259399999999999E+02   0.12268500000000000E+02
  0.12277600000000000E+02   0.12286700000000000E+02   0.12295800000000000E+02   0.12304900000000000E+02   0.12314000000000000E+02   0.12323100000000000E+02
  0.12332200000000000E+02   0.12341300000000000E+02   0.12350400000000000E+02   0.12359500000000001E+02   0.12368600000000001E+02   0.12377700000000001E+02
  0.12386799999999999E+02   0.12395899999999999E+02   0.12404999999999999E+02   0.12414099999999999E+02   0.12423200000000000E+02   0.12432300000000000E+02
  0.12441400000000000E+02   0.12450500000000000E+02   0.12459600000000000E+02   0.12468700000000000E+02   0.12477800000000000E+02   0.12486900000000000E+02
  0.12496000000000000E+02   0.12505100000000001E+02   0.12514200000000001E+02   0.12523300000000001E+02   0.12532400000000001E+02   0.12541499999999999E+02
  0.12550599999999999E+02   0.12559699999999999E+02   0.12568800000000000E+02
  0.11949999999999999E+02   0.11959099999999999E+02   0.11968200000000000E+02   0.11977300000000000E+02   0.11986400000000000E+02   0.11995500000000000E+02
  0.12004600000000000E+02   0.12013700000000000E+02   0.12022800000000000E+02   0.12031900000000000E+02   0.12041000000000000E+02   0.12050100000000000E+02
  0.12059200000000001E+02   0.12068300000000001E+02   0.12077400000000001E+02   0.12086499999999999E+02   0.12095599999999999E+02   0.12104699999999999E+02
  0.12113799999999999E+02   0.12122900000000000E+02   0.12132000000000000E+02   0.12141100000000000E+02   0.12150200000000000E+02   0.12159300000000000E+02
  0.12168400000000000E+02   0.12177500000000000E+02   0.12186600000000000E+02   0.12195700000000000E+02   0.12204800000000001E+02   0.12213900000000001E+02
  0.12223000000000001E+02   0.12232100000000001E+02   0.12241199999999999E+02   0.12250299999999999E+02   0.12259399999999999E+02   0.12268500000000000E+02
  0.12277600000000000E+02   0.12286700000000000E+02   0.12295800000000000E+02   0.12304900000000000E+02   0.12314000000000000E+02   0.12323100000000000E+02
  0.12332200000000000E+02   0.12341300000000000E+02   0.12350400000000000E+02   0.12359500000000001E+02   0.12368600000000001E+02   0.12377700000000001E+02
  0.12386799999999999E+02   0.12395899999999999E+02   0.12404999999999999E+02   0.12414099999999999E+02   0.12423200000000000E+02   0.12432300000000000E+02
  0.12441400000000000E+02   0.12450500000000000E+02   0.12459600000000000E+02   0.12468700000000000E+02   0.12477800000000000E+02   0.12486900000000000E+02
  0.12496000000000000E+02   0.12505100000000001E+02   0.12514200000000001E+02   0.12523300000000001E+02   0.12532400000000001E+02   0.12541499999999999E+02
  0.12550599999999999E+02   0.12559699999999999E+02   0.12568800000000000E+02
  0.11949999999999999E+02   0.11959099999999999E+02   0.11968200000000000E+02   0.11977300000000000E+02   0.11986400000000000E+02   0.11995500000000000E+02
  0.12004600000000000E+02   0.12013700000000000E+02   0.12022800000000000E+02   0.12031900000000000E+02   0.12041000000000000E+02   0.12050100000000000E+02
  0.12059200000000001E+02   0.12068300000000001E+02   0.12077400000000001E+02   0.12086499999999999E+02   0.12095599999999999E+02   0.12104699999999999E+02
  0.12113799999999999E+02   0.12122900000000000E+02   0.12132000000000000E+02   0.12141100000000000E+02   0.12150200000000000E+02   0.12159300000000000E+02
  0.12168400000000000E+02   0.12177500000000000E+02   0.12186600000000000E+02   0.12195700000000000E+02   0.12204800000000001E+02   0.12213900000000001E+02
  0.12223000000000001E+02   0.12232100000000001E+02   0.12241199999999999E+02   0.12250299999999999E+02   0.12259399999999999E+02   0.12268500000000000E+02
  0.12277600000000000E+02   0.12286700000000000E+02   0.12295800000000000E+02   0.12304900000000000E+02   0.12314000000000000E+02   0.12323100000000000E+02
  0.12332200000000000E+02   0.12341300000000000E+02   0.12350400000000000E+02   0.12359500000000001E+02   0.12368600000000001E+02   0.12377700000000001E+02
  0.12386799999999999E+02   0.12395899999999999E+02   0.12404999999999999E+02   0.12414099999999999E+02   0.12423200000000000E+02   0.12432300000000000E+02
  0.12441400000000000E+02   0.12450500000000000E+02   0.12459600000000000E+02   0.12468700000000000E+02   0.12477800000000000E+02   0.12486900000000000E+02
  0.12496000000000000E+02   0.12505100000000001E+02   0.12514200000000001E+02   0.12523300000000001E+02   0.12532400000000001E+02   0.12541499999999999E+02
  0.12550599999999999E+02   0.12559699999999999E+02   0.12568800000000000E+02
  0.11949999999999999E+02   0.11959099999999999E+02   0.11968200000000000E+02   0.11977300000000000E+02   0.11986400000000000E+02   0.11995500000000000E+02
  0.12004600000000000E+02   0.12013700000000000E+02   0.12022800000000000E+02   0.12031900000000000E+02   0.12041000000000000E+02   0.12050100000000000E+02
  0.12059200000000001E+02   0.12068300000000001E+02   0.12077400000000001E+02   0.12086499999999999E+02   0.12095599999999999E+02   0.12104699999999999E+02
  0.12113799999999999E+02   0.12122900000000000E+02   0.12132000000000000E+02   0.12141100000000000E+02   0.12150200000000000E+02   0.12159300000000000E+02
  0.12168400000000000E+02   0.12177500000000000E+02   0.12186600000000000E+02   0.12195700000000000E+02   0.12204800000000001E+02   0.12213900000000001E+02
  0.12223000000000001E+02   0.12232100000000001E+02   0.12241199999999999E+02   0.12250299999999999E+02   0.12259399999999999E+02   0.12268500000000000E+02
  0.12277600000000000E+02   0.12286700000000000E+02   0.12295800000000000E+02   0.12304900000000000E+02   0.12314000000000000E+02   0.12323100000000000E+02
  0.12332200000000000E+02   0.12341300000000000E+02   0.12350400000000000E+02   0.12359500000000001E+02   0.12368600000000001E+02   0.12377700000000001E+02
  0.12386799999999999E+02   0.12395899999999999E+02   0.12404999999999999E+02   0.12414099999999999E+02   0.12423200000000000E+02   0.12432300000000000E+02
  0.12441400000000000E+02   0.12450500000000000E+02   0.12459600000000000E+02   0.12468700000000000E+02   0.12477800000000000E+02   0.12486900000000000E+02
  0.12496000000000000E+02   0.12505100000000001E+02   0.12514200000000001E+02   0.12523300000000001E+02   0.12532400000000001E+02   0.12541499999999999E+02
  0.12550599999999999E+02   0.12559699999999999E+02   0.12568800000000000E+02
  0.11949999999999999E+02   0.11959099999999999E+02   0.11968200000000000E+02   0.11977300000000000E+02   0.11986400000000000E+02   0.11995500000000000E+02
  0.12004600000000000E+02   0.12013700000000000E+02   0.12022800000000000E+02   0.12031900000000000E+02   0.12041000000000000E+02   0.12050100000000000E+02
  0.12059200000000001E+02   0.12068300000000001E+02   0.12077400000000001E+02   0.12086499999999999E+02   0.12095599999999999E+02   0.12104699999999999E+02
  0.12113799999999999E+02   0.12122900000000000E+02   0.12132000000000000E+02   0.12141100000000000E+02   0.12150200000000000E+02   0.12159300000000000E+02
  0.12168400000000000E+02   0.12177500000000000E+02   0.12186600000000000E+02   0.12195700000000000E+02   0.12204800000000001E+02   0.12213900000000001E+02
  0.12223000000000001E+02   0.12232100000000001E+02   0.12241199999999999E+02   0.12250299999999999E+02   0.12259399999999999E+02   0.12268500000000000E+02
  0.12277600000000000E+02   0.12286700000000000E+02   0.12295800000000000E+02   0.12304900000000000E+02   0.12314000000000000E+02   0.12323100000000000E+02
  0.12332200000000000E+02   0.12341300000000000E+02   0.12350400000000000E+02   0.12359500000000001E+02   0.12368600000000001E+02   0.12377700000000001E+02
  0.12386799999999999E+02   0.12395899999999999E+02   0.12404999999999999E+02   0.12414099999999999E+02   0.12423200000000000E+02   0.12432300000000000E+02
  0.12441400000000000E+02   0.12450500000000000E+02   0.12459600000000000E+02   0.12468700000000000E+02   0.12477800000000000E+02   0.12486900000000000E+02
  0.12496000000000000E+02   0.12505100000000001E+02   0.12514200000000001E+02   0.12523300000000001E+02   0.12532400000000001E+02   0.12541499999999999E+02
  0.12550599999999999E+02   0.12559699999999999E+02   0.12568800000000000E+02
  0.11949999999999999E+02   0.11959099999999999E+02   0.11968200000000000E+02   0.11977300000000000E+02   0.11986400000000000E+02   0.11995500000000000E+02
  0.12004600000000000E+02   0.12013700000000000E+02   0.12022800000000000E+02   0.12031900000000000E+02   0.12041000000000000E+02   0.12050100000000000E+02
  0.12059200000000001E+02   0.12068300000000001E+02   0.12077400000000001E+02   0.12086499999999999E+02   0.12095599999999999E+02   0.12104699999999999E+02
  0.12113799999999999E+02   0.12122900000000000E+02   0.12132000000000000E+02   0.12141100000000000E+02   0.12150200000000000E+02   0.12159300000000000E+02
  0.12168400000000000E+02   0.12177500000000000E+02   0.12186600000000000E+02   0.12195700000000000E+02   0.12204800000000001E+02   0.12213900000000001E+02
  0.12223000000000001E+02   0.12232100000000001E+02   0.12241199999999999E+02   0.12250299999999999E+02   0.12259399999999999E+02   0.12268500000000000E+02
  0.12277600000000000E+02   0.12286700000000000E+02   0.12295800000000000E+02   0.12304900000000000E+02   0.12314000000000000E+02   0.12323100000000000E+02
  0.12332200000000000E+02   0.12341300000000000E+02   0.12350400000000000E+02   0.12359500000000001E+02   0.12368600000000001E+02   0.12377700000000001E+02
  0.12386799999999999E+02   0.12395899999999999E+02   0.12404999999999999E+02   0.12414099999999999E+02   0.12423200000000000E+02   0.12432300000000000E+02
  0.12441400000000000E+02   0.12450500000000000E+02   0.12459600000000000E+02   0.12468700000000000E+02   0.12477800000000000E+02   0.12486900000000000E+02
  0.12496000000000000E+02   0.12505100000000001E+02   0.12514200000000001E+02   0.12523300000000001E+02   0.12532400000000001E+02   0.12541499999999999E+02
  0.12550599999999999E+02   0.12559699999999999E+02   0.12568800000000000E+02
  0.11949999999999999E+02   0.11959099999999999E+02   0.11968200000000000E+02   0.11977300000000000E+02   0.11986400000000000E+02   0.11995500000000000E+02
  0.12004600000000000E+02   0.12013700000000000E+02   0.12022800000000000E+02   0.12031900000000000E+02   0.12041000000000000E+02   0.12050100000000000E+02
  0.12059200000000001E+02   0.12068300000000001E+02   0.12077400000000001E+02   0.12086499999999999E+02   0.12095599999999999E+02   0.12104699999999999E+02
  0.12113799999999999E+02   0.12122900000000000E+02   0.12132000000000000E+02   0.12141100000000000E+02   0.12150200000000000E+02   0.12159300000000000E+02
  0.12168400000000000E+02   0.12177500000000000E+02   0.12186600000000000E+02   0.12195700000000000E+02   0.12204800000000001E+02   0.12213900000000001E+02
  0.12223000000000001E+02   0.12232100000000001E+02   0.12241199999999999E+02   0.12250299999999999E+02   0.12259399999999999E+02   0.12268500000000000E+02
  0.12277600000000000E+02   0.12286700000000000E+02   0.12295800000000000E+02   0.12304900000000000E+02   0.12314000000000000E+02   0.12323100000000000E+02
  0.12332200000000000E+02   0.12341300000000000E+02   0.12350400000000000E+02   0.12359500000000001E+02   0.12368600000000001E+02   0.12377700000000001E+02
  0.12386799999999999E+02   0.12395899999999999E+02   0.12404999999999999E+02   0.12414099999999999E+02   0.12423200000000000E+02   0.12432300000000000E+02
  0.12441400000000000E+02   0.12450500000000000E+02   0.12459600000000000E+02   0.12468700000000000E+02   0.12477800000000000E+02   0.12486900000000000E+02
  0.12496000000000000E+02   0.12505100000000001E+02   0.12514200000000001E+02   0.12523300000000001E+02   0.12532400000000001E+02   0.12541499999999999E+02
  0.12550599999999999E+02   0.12559699999999999E+02   0.12568800000000000E+02
  0.11949999999999999E+02   0.11959099999999999E+02   0.11968200000000000E+02   0.11977300000000000E+02   0.11986400000000000E+02   0.11995500000000000E+02
  0.12004600000000000E+02   0.12013700000000000E+02   0.12022800000000000E+02   0.12031900000000000E+02   0.12041000000000000E+02   0.12050100000000000E+02
  0.12059200000000001E+02   0.12068300000000001E+02   0.12077400000000001E+02   0.12086499999999999E+02   0.12095599999999999E+02   0.12104699999999999E+02
  0.12113799999999999E+02   0.12122900000000000E+02   0.12132000000000000E+02   0.12141100000000000E+02   0.12150200000000000E+02   0.12159300000000000E+02
  0.12168400000000000E+02   0.12177500000000000E+02   0.12186600000000000E+02   0.12195700000000000E+02   0.12204800000000001E+02   0.12213900000000001E+02
  0.12223000000000001E+02   0.12232100000000001E+02   0.12241199999999999E+02   0.12250299999999999E+02   0.12259399999999999E+02   0.12268500000000000E+02
  0.12277600000000000E+02   0.12286700000000000E+02   0.12295800000000000E+02   0.12304900000000000E+02   0.12314000000000000E+02   0.12323100000000000E+02
  0.12332200000000000E+02   0.12341300000000000E+02   0.12350400000000000E+02   0.12359500000000001E+02   0.12368600000000001E+02   0.12377700000000001E+02
  0.12386799999999999E+02   0.12395899999999999E+02   0.12404999999999999E+02   0.12414099999999999E+02   0.12423200000000000E+02   0.12432300000000000E+02
  0.12441400000000000E+02   0.12450500000000000E+02   0.12459600000000000E+02   0.12468700000000000E+02   0.12477800000000000E+02   0.12486900000000000E+02
  0.12496000000000000E+02   0.12505100000000001E+02   0.12514200000000001E+02   0.12523300000000001E+02   0.12532400000000001E+02   0.12541499999999999E+02
  0.12550599999999999E+02   0.12559699999999999E+02   0.12568800000000000E+02
  0.11949999999999999E+02   0.11959099999999999E+02   0.11968200000000000E+02   0.11977300000000000E+02   0.11986400000000000E+02   0.11995500000000000E+02
  0.12004600000000000E+02   0.12013700000000000E+02   0.12022800000000000E+02   0.12031900000000000E+02   0.12041000000000000E+02   0.12050100000000000E+02
  0.12059200000000001E+02   0.12068300000000001E+02   0.12077400000000001E+02   0.12086499999999999E+02   0.12095599999999999E+02   0.12104699999999999E+02
  0.12113799999999999E+02   0.12122900000000000E+02   0.12132000000000000E+02   0.12141100000000000E+02   0.12150200000000000E+02   0.12159300000000000E+02
  0.12168400000000000E+02   0.12177500000000000E+02   0.12186600000000000E+02   0.12195700000000000E+02   0.12204800000000001E+02   0.12213900000000001E+02
  0.12223000000000001E+02   0.12232100000000001E+02   0.12241199999999999E+02   0.12250299999999999E+02   0.12259399999999999E+02   0.12268500000000000E+02
  0.12277600000000000E+02   0.12286700000000000E+02   0.12295800000000000E+02   0.12304900000000000E+02   0.12314000000000000E+02   0.12323100000000000E+02
  0.12332200000000000E+02   0.12341300000000000E+02   0.12350400000000000E+02   0.12359500000000001E+02   0.12368600000000001E+02   0.12377700000000001E+02
  0.12386799999999999E+02   0.12395899999999999E+02   0.12404999999999999E+02   0.12414099999999999E+02   0.12423200000000000E+02   0.12432300000000000E+02
  0.12441400000000000E+02   0.12450500000000000E+02   0.12459600000000000E+02   0.12468700000000000E+02   0.12477800000000000E+02   0.12486900000000000E+02
  0.12496000000000000E+02   0.12505100000000001E+02   0.12514200000000001E+02   0.12523300000000001E+02   0.12532400000000001E+02   0.12541499999999999E+02
  0.12550599999999999E+02   0.12559699999999999E+02   0.12568800000000000E+02
  0.11949999999999999E+02   0.11959099999999999E+02   0.11968200000000000E+02   0.11977300000000000E+02   0.11986400000000000E+02   0.11995500000000000E+02
  0.12004600000000000E+02   0.12013700000000000E+02   0.12022800000000000E+02   0.12031900000000000E+02   0.12041000000000000E+02   0.12050100000000000E+02
  0.12059200000000001E+02   0.12068300000000001E+02   0.12077400000000001E+02   0.12086499999999999E+02   0.12095599999999999E+02   0.12104699999999999E+02
  0.12113799999999999E+02   0.12122900000000000E+02   0.12132000000000000E+02   0.12141100000000000E+02   0.12150200000000000E+02   0.12159300000000000E+02
  0.12168400000000000E+02   0.12177500000000000E+02   0.12186600000000000E+02   0.12195700000000000E+02   0.12204800000000001E+02   0.12213900000000001E+02
  0.12223000000000001E+02   0.12232100000000001E+02   0.12241199999999999E+02   0.12250299999999999E+02   0.12259399999999999E+02   0.12268500000000000E+02
  0.12277600000000000E+02   0.12286700000000000E+02   0.12295800000000000E+02   0.12304900000000000E+02   0.12314000000000000E+02   0.12323100000000000E+02
  0.12332200000000000E+02   0.12341300000000000E+02   0.12350400000000000E+02   0.12359500000000001E+02   0.12368600000000001E+02   0.12377700000000001E+02
  0.12386799999999999E+02   0.12395899999999999E+02   0.12404999999999999E+02   0.12414099999999999E+02   0.12423200000000000E+02   0.12432300000000000E+02
  0.12441400000000000E+02   0.12450500000000000E+02   0.12459600000000000E+02   0.12468700000000000E+02   0.12477800000000000E+02   0.12486900000000000E+02
  0.12496000000000000E+02   0.12505100000000001E+02   0.12514200000000001E+02   0.12523300000000001E+02   0.12532400000000001E+02   0.12541499999999999E+02
  0.12550599999999999E+02   0.12559699999999999E+02   0.12568800000000000E+02
  0.11949999999999999E+02   0.11959099999999999E+02   0.11968200000000000E+02   0.11977300000000000E+02   0.11986400000000000E+02   0.11995500000000000E+02
  0.12004600000000000E+02   0.12013700000000000E+02   0.12022800000000000E+02   0.12031900000000000E+02   0.12041000000000000E+02   0.12050100000000000E+02
  0.12059200000000001E+02   0.12068300000000001E+02   0.12077400000000001E+02   0.12086499999999999E+02   0.12095599999999999E+02   0.12104699999999999E+02
  0.12113799999999999E+02   0.12122900000000000E+02   0.12132000000000000E+02   0.12141100000000000E+02   0.12150200000000000E+02   0.12159300000000000E+02
  0.12168400000000000E+02   0.12177500000000000E+02   0.12186600000000000E+02   0.12195700000000000E+02   0.12204800000000001E+02   0.12213900000000001E+02
  0.12223000000000001E+02   0.12232100000000001E+02   0.12241199999999999E+02   0.12250299999999999E+02   0.12259399999999999E+02   0.12268500000000000E+02
  0.12277600000000000E+02   0.12286700000000000E+02   0.12295800000000000E+02   0.12304900000000000E+02   0.12314000000000000E+02   0.12323100000000000E+02
  0.12332200000000000E+02   0.12341300000000000E+02   0.12350400000000000E+02   0.12359500000000001E+02   0.12368600000000001E+02   0.12377700000000001E+02
  0.12386799999999999E+02   0.12395899999999999E+02   0.12404999999999999E+02   0.12414099999999999E+02   0.12423200000000000E+02   0.12432300000000000E+02
  0.12441400000000000E+02   0.12450500000000000E+02   0.12459600000000000E+02   0.12468700000000000E+02   0.12477800000000000E+02   0.12486900000000000E+02
  0.12496000000000000E+02   0.12505100000000001E+02   0.12514200000000001E+02   0.12523300000000001E+02   0.12532400000000001E+02   0.12541499999999999E+02
  0.12550599999999999E+02   0.12559699999999999E+02   0.12568800000000000E+02
  0.11949999999999999E+02   0.11959099999999999E+02   0.11968200000000000E+02   0.11977300000000000E+02   0.11986400000000000E+02   0.11995500000000000E+02
  0.12004600000000000E+02   0.12013700000000000E+02   0.12022800000000000E+02   0.12031900000000000E+02   0.12041000000000000E+02   0.12050100000000000E+02
  0.12059200000000001E+02   0.12068300000000001E+02   0.12077400000000001E+02   0.12086499999999999E+02   0.12095599999999999E+02   0.12104699999999999E+02
  0.12113799999999999E+02   0.12122900000000000E+02   0.12132000000000000E+02   0.12141100000000000E+02   0.12150200000000000E+02   0.12159300000000000E+02
  0.12168400000000000E+02   0.12177500000000000E+02   0.12186600000000000E+02   0.12195700000000000E+02   0.12204800000000001E+02   0.12213900000000001E+02
  0.12223000000000001E+02   0.12232100000000001E+02   0.12241199999999999E+02   0.12250299999999999E+02   0.12259399999999999E+02   0.12268500000000000E+02
  0.12277600000000000E+02   0.12286700000000000E+02   0.12295800000000000E+02   0.12304900000000000E+02   0.12314000000000000E+02   0.12323100000000000E+02
  0.12332200000000000E+02   0.12341300000000000E+02   0.12350400000000000E+02   0.12359500000000001E+02   0.12368600000000001E+02   0.12377700000000001E+02
  0.12386799999999999E+02   0.12395899999999999E+02   0.12404999999999999E+02   0.12414099999999999E+02   0.12423200000000000E+02   0.12432300000000000E+02
  0.12441400000000000E+02   0.12450500000000000E+02   0.12459600000000000E+02   0.12468700000000000E+02   0.12477800000000000E+02   0.12486900000000000E+02
  0.12496000000000000E+02   0.12505100000000001E+02   0.12514200000000001E+02   0.12523300000000001E+02   0.12532400000000001E+02   0.12541499999999999E+02
  0.12550599999999999E+02   0.12559699999999999E+02   0.12568800000000000E+02
  0.11949999999999999E+02   0.11959099999999999E+02   0.11968200000000000E+02   0.11977300000000000E+02   0.11986400000000000E+02   0.11995500000000000E+02
  0.12004600000000000E+02   0.12013700000000000E+02   0.12022800000000000E+02   0.12031900000000000E+02   0.12041000000000000E+02   0.12050100000000000E+02
  0.12059200000000001E+02   0.12068300000000001E+02   0.12077400000000001E+02   0.12086499999999999E+02   0.12095599999999999E+02   0.12104699999999999E+02
  0.12113799999999999E+02   0.12122900000000000E+02   0.12132000000000000E+02   0.12141100000000000E+02   0.12150200000000000E+02   0.12159300000000000E+02
  0.12168400000000000E+02   0.12177500000000000E+02   0.12186600000000000E+02   0.12195700000000000E+02   0.12204800000000001E+02   0.12213900000000001E+02
  0.12223000000000001E+02   0.12232100000000001E+02   0.12241199999999999E+02   0.12250299999999999E+02   0.12259399999999999E+02   0.12268500000000000E+02
  0.12277600000000000E+02   0.12286700000000000E+02   0.12295800000000000E+02   0.12304900000000000E+02   0.12314000000000000E+02   0.12323100000000000E+02
  0.12332200000000000E+02   0.12341300000000000E+02   0.12350400000000000E+02   0.12359500000000001E+02   0.12368600000000001E+02   0.12377700000000001E+02
  0.12386799999999999E+02   0.12395899999999999E+02   0.12404999999999999E+02   0.12414099999999999E+02   0.12423200000000000E+02   0.12432300000000000E+02
  0.12441400000000000E+02   0.12450500000000000E+02   0.12459600000000000E+02   0.12468700000000000E+02   0.12477800000000000E+02   0.12486900000000000E+02
  0.12496000000000000E+02   0.12505100000000001E+02   0.12514200000000001E+02   0.12523300000000001E+02   0.12532400000000001E+02   0.12541499999999999E+02
  0.12550599999999999E+02   0.12559699999999999E+02   0.12568800000000000E+02
  0.11949999999999999E+02   0.11959099999999999E+02   0.11968200000000000E+02   0.11977300000000000E+02   0.11986400000000000E+02   0.11995500000000000E+02
  0.12004600000000000E+02   0.12013700000000000E+02   0.12022800000000000E+02   0.12031900000000000E+02   0.12041000000000000E+02   0.12050100000000000E+02
  0.12059200000000001E+02   0.12068300000000001E+02   0.12077400000000001E+02   0.12086499999999999E+02   0.12095599999999999E+02   0.12104699999999999E+02
  0.12113799999999999E+02   0.12122900000000000E+02   0.12132000000000000E+02   0.12141100000000000E+02   0.12150200000000000E+02   0.12159300000000000E+02
  0.12168400000000000E+02   0.12177500000000000E+02   0.12186600000000000E+02   0.12195700000000000E+02   0.12204800000000001E+02   0.12213900000000001E+02
  0.12223000000000001E+02   0.12232100000000001E+02   0.12241199999999999E+02   0.12250299999999999E+02   0.12259399999999999E+02   0.12268500000000000E+02
  0.12277600000000000E+02   0.12286700000000000E+02   0.12295800000000000E+02   0.12304900000000000E+02   0.12314000000000000E+02   0.12323100000000000E+02
  0.12332200000000000E+02   0.12341300000000000E+02   0.12350400000000000E+02   0.12359500000000001E+02   0.12368600000000001E+02   0.12377700000000001E+02
  0.12386799999999999E+02   0.12395899999999999E+02   0.12404999999999999E+02   0.12414099999999999E+02   0.12423200000000000E+02   0.12432300000000000E+02
  0.12441400000000000E+02   0.12450500000000000E+02   0.12459600000000000E+02   0.12468700000000000E+02   0.12477800000000000E+02   0.12486900000000000E+02
  0.12496000000000000E+02   0.12505100000000001E+02   0.12514200000000001E+02   0.12523300000000001E+02   0.12532400000000001E+02   0.12541499999999999E+02
  0.12550599999999999E+02   0.12559699999999999E+02   0.12568800000000000E+02
  0.11949999999999999E+02   0.11959099999999999E+02   0.11968200000000000E+02   0.11977300000000000E+02   0.11986400000000000E+02   0.11995500000000000E+02
  0.12004600000000000E+02   0.12013700000000000E+02   0.12022800000000000E+02   0.12031900000000000E+02   0.12041000000000000E+02   0.12050100000000000E+02
  0.12059200000000001E+02   0.12068300000000001E+02   0.12077400000000001E+02   0.12086499999999999E+02   0.12095599999999999E+02   0.12104699999999999E+02
  0.12113799999999999E+02   0.12122900000000000E+02   0.12132000000000000E+02   0.12141100000000000E+02   0.12150200000000000E+02   0.12159300000000000E+02
  0.12168400000000000E+02   0.12177500000000000E+02   0.12186600000000000E+02   0.12195700000000000E+02   0.12204800000000001E+02   0.12213900000000001E+02
  0.12223000000000001E+02   0.12232100000000001E+02   0.12241199999999999E+02   0.12250299999999999E+02   0.12259399999999999E+02   0.12268500000000000E+02
  0.12277600000000000E+02   0.12286700000000000E+02   0.12295800000000000E+02   0.12304900000000000E+02   0.12314000000000000E+02   0.12323100000000000E+02
  0.12332200000000000E+02   0.12341300000000000E+02   0.12350400000000000E+02   0.12359500000000001E+02   0.12368600000000001E+02   0.12377700000000001E+02
  0.12386799999999999E+02   0.12395899999999999E+02   0.12404999999999999E+02   0.12414099999999999E+02   0.12423200000000000E+02   0.12432300000000000E+02
  0.12441400000000000E+02   0.12450500000000000E+02   0.12459600000000000E+02   0.12468700000000000E+02   0.12477800000000000E+02   0.12486900000000000E+02
  0.12496000000000000E+02   0.12505100000000001E+02   0.12514200000000001E+02   0.12523300000000001E+02   0.12532400000000001E+02   0.12541499999999999E+02
  0.12550599999999999E+02   0.12559699999999999E+02   0.12568800000000000E+02
y-coordinates
  0.37689999999999998E+02   0.37689999999999998E+02   0.37689999999999998E+02   0.37689999999999998E+02   0.37689999999999998E+02   0.37689999999999998E+02
  0.37689999999999998E+02   0.37689999999999998E+02   0.37689999999999998E+02   0.37689999999999998E+02   0.37689999999999998E+02   0.37689999999999998E+02
  0.37689999999999998E+02   0.37689999999999998E+02   0.37689999999999998E+02   0.37689999999999998E+02   0.37689999999999998E+02   0.37689999999999998E+02
  0.37689999999999998E+02   0.37689999999999998E+02   0.37689999999999998E+02   0.37689999999999998E+02   0.37689999999999998E+02   0.37689999999999998E+02
  0.37689999999999998E+02   0.37689999999999998E+02   0.37689999999999998E+02   0.37689999999999998E+02   0.37689999999999998E+02   0.37689999999999998E+02
  0.37689999999999998E+02   0.37689999999999998E+02   0.37689999999999998E+02   0.37689999999999998E+02   0.37689999999999998E+02   0.37689999999999998E+02
  0.37689999999999998E+02   0.37689999999999998E+02   0.37689999999999998E+02   0.37689999999999998E+02   0.37689999999999998E+02   0.37689999999999998E+02
  0.37689999999999998E+02   0.37689999999999998E+02   0.37689999999999998E+02   0.37689999999999998E+02   0.37689999999999998E+02   0.37689999999999998E+02
  0.37689999999999998E+02   0.37689999999999998E+02   0.37689999999999998E+02   0.37689999999999998E+02   0.37689999999999998E+02   0.37689999999999998E+02
  0.37689999999999998E+02   0.37689999999999998E+02   0.37689999999999998E+02   0.37689999999999998E+02   0.37689999999999998E+02   0.37689999999999998E+02
  0.37689999999999998E+02   0.37689999999999998E+02   0.37689999999999998E+02   0.37689999999999998E+02   0.37689999999999998E+02   0.37689999999999998E+02
  0.37689999999999998E+02   0.37689999999999998E+02   0.37689999999999998E+02
  0.37697200000000002E+02   0.37697200000000002E+02   0.37697200000000002E+02   0.37697200000000002E+02   0.37697200000000002E+02   0.37697200000000002E+02
  0.37697200000000002E+02   0.37697200000000002E+02   0.37697200000000002E+02   0.37697200000000002E+02   0.37697200000000002E+02   0.37697200000000002E+02
  0.37697200000000002E+02   0.37697200000000002E+02   0.37697200000000002E+02   0.37697200000000002E+02   0.37697200000000002E+02   0.37697200000000002E+02
  0.37697200000000002E+02   0.37697200000000002E+02   0.37697200000000002E+02   0.37697200000000002E+02   0.37697200000000002E+02   0.37697200000000002E+02
  0.37697200000000002E+02   0.37697200000000002E+02   0.37697200000000002E+02   0.37697200000000002E+02   0.37697200000000002E+02   0.37697200000000002E+02
  0.37697200000000002E+02   0.37697200000000002E+02   0.37697200000000002E+02   0.37697200000000002E+02   0.37697200000000002E+02   0.37697200000000002E+02
  0.37697200000000002E+02   0.37697200000000002E+02   0.37697200000000002E+02   0.37697200000000002E+02   0.37697200000000002E+02   0.37697200000000002E+02
  0.37697200000000002E+02   0.37697200000000002E+02   0.37697200000000002E+02   0.37697200000000002E+02   0.37697200000000002E+02   0.37697200000000002E+02
  0.37697200000000002E+02   0.37697200000000002E+02   0.37697200000000002E+02   0.37697200000000002E+02   0.37697200000000002E+02   0.37697200000000002E+02
  0.37697200000000002E+02   0.37697200000000002E+02   0.37697200000000002E+02   0.37697200000000002E+02   0.37697200000000002E+02   0.37697200000000002E+02
  0.37697200000000002E+02   0.37697200000000002E+02   0.37697200000000002E+02   0.37697200000000002E+02   0.37697200000000002E+02   0.37697200000000002E+02
  0.37697200000000002E+02   0.37697200000000002E+02   0.37697200000000002E+02
  0.37704400000000000E+02   0.37704400000000000E+02   0.37704400000000000E+02   0.37704400000000000E+02   0.37704400000000000E+02   0.37704400000000000E+02
  0.37704400000000000E+02   0.37704400000000000E+02   0.37704400000000000E+02   0.37704400000000000E+02   0.37704400000000000E+02   0.37704400000000000E+02
  0.37704400000000000E+02   0.37704400000000000E+02   0.37704400000000000E+02   0.37704400000000000E+02   0.37704400000000000E+02   0.37704400000000000E+02
  0.37704400000000000E+02   0.37704400000000000E+02   0.37704400000000000E+02   0.37704400000000000E+02   0.37704400000000000E+02   0.37704400000000000E+02
  0.37704400000000000E+02   0.37704400000000000E+02   0.37704400000000000E+02   0.37704400000000000E+02   0.37704400000000000E+02   0.37704400000000000E+02
  0.37704400000000000E+02   0.37704400000000000E+02   0.37704400000000000E+02   0.37704400000000000E+02   0.37704400000000000E+02   0.37704400000000000E+02
  0.37704400000000000E+02   0.37704400000000000E+02   0.37704400000000000E+02   0.37704400000000000E+02   0.37704400000000000E+02   0.37704400000000000E+02
  0.37704400000000000E+02   0.37704400000000000E+02   0.37704400000000000E+02   0.37704400000000000E+02   0.37704400000000000E+02   0.37704400000000000E+02
  0.37704400000000000E+02   0.37704400000000000E+02   0.37704400000000000E+02   0.37704400000000000E+02   0.37704400000000000E+02   0.37704400000000000E+02
  0.37704400000000000E+02   0.37704400000000000E+02   0.37704400000000000E+02   0.37704400000000000E+02   0.37704400000000000E+02   0.37704400000000000E+02
  0.37704400000000000E+02   0.37704400000000000E+02   0.37704400000000000E+02   0.37704400000000000E+02   0.37704400000000000E+02   0.37704400000000000E+02
  0.37704400000000000E+02   0.37704400000000000E+02   0.37704400000000000E+02
  0.37711599999999997E+02   0.37711599999999997E+02   0.37711599999999997E+02   0.37711599999999997E+02   0.37711599999999997E+02   0.37711599999999997E+02
  0.37711599999999997E+02   0.37711599999999997E+02   0.37711599999999997E+02   0.37711599999999997E+02   0.37711599999999997E+02   0.37711599999999997E+02
  0.37711599999999997E+02   0.37711599999999997E+02   0.37711599999999997E+02   0.37711599999999997E+02   0.37711599999999997E+02   0.37711599999999997E+02
  0.37711599999999997E+02   0.37711599999999997E+02   0.37711599999999997E+02   0.37711599999999997E+02   0.37711599999999997E+02   0.37711599999999997E+02
  0.37711599999999997E+02   0.37711599999999997E+02   0.37711599999999997E+02   0.37711599999999997E+02   0.37711599999999997E+02   0.37711599999999997E+02
  0.37711599999999997E+02   0.37711599999999997E+02   0.37711599999999997E+02   0.37711599999999997E+02   0.37711599999999997E+02   0.37711599999999997E+02
  0.37711599999999997E+02   0.37711599999999997E+02   0.37711599999999997E+02   0.37711599999999997E+02   0.37711599999999997E+02   0.37711599999999997E+02
  0.37711599999999997E+02   0.37711599999999997E+02   0.37711599999999997E+02   0.37711599999999997E+02   0.37711599999999997E+02   0.37711599999999997E+02
  0.37711599999999997E+02   0.37711599999999997E+02   0.37711599999999997E+02   0.37711599999999997E+02   0.37711599999999997E+02   0.37711599999999997E+02
  0.37711599999999997E+02   0.37711599999999997E+02   0.37711599999999997E+02   0.37711599999999997E+02   0.37711599999999997E+02   0.37711599999999997E+02
  0.37711599999999997E+02   0.37711599999999997E+02   0.37711599999999997E+02   0.37711599999999997E+02   0.37711599999999997E+02   0.37711599999999997E+02
  0.37711599999999997E+02   0.37711599999999997E+02   0.37711599999999997E+02
  0.37718800000000002E+02   0.37718800000000002E+02   0.37718800000000002E+02   0.37718800000000002E+02   0.37718800000000002E+02   0.37718800000000002E+02
  0.37718800000000002E+02   0.37718800000000002E+02   0.37718800000000002E+02   0.37718800000000002E+02   0.37718800000000002E+02   0.37718800000000002E+02
  0.37718800000000002E+02   0.37718800000000002E+02   0.37718800000000002E+02   0.37718800000000002E+02   0.37718800000000002E+02   0.37718800000000002E+02
  0.37718800000000002E+02   0.37718800000000002E+02   0.37718800000000002E+02   0.37718800000000002E+02   0.37718800000000002E+02   0.37718800000000002E+02
  0.37718800000000002E+02   0.37718800000000002E+02   0.37718800000000002E+02   0.37718800000000002E+02   0.37718800000000002E+02   0.37718800000000002E+02
  0.37718800000000002E+02   0.37718800000000002E+02   0.37718800000000002E+02   0.37718800000000002E+02   0.37718800000000002E+02   0.37718800000000002E+02
  0.37718800000000002E+02   0.37718800000000002E+02   0.37718800000000002E+02   0.37718800000000002E+02   0.37718800000000002E+02   0.37718800000000002E+02
  0.37718800000000002E+02   0.37718800000000002E+02   0.37718800000000002E+02   0.37718800000000002E+02   0.37718800000000002E+02   0.37718800000000002E+02
  0.37718800000000002E+02   0.37718800000000002E+02   0.37718800000000002E+02   0.37718800000000002E+02   0.37718800000000002E+02   0.37718800000000002E+02
  0.37718800000000002E+02   0.37718800000000002E+02   0.37718800000000002E+02   0.37718800000000002E+02   0.37718800000000002E+02   0.37718800000000002E+02
  0.37718800000000002E+02   0.37718800000000002E+02   0.37718800000000002E+02   0.37718800000000002E+02   0.37718800000000002E+02   0.37718800000000002E+02
  0.37718800000000002E+02   0.37718800000000002E+02   0.37718800000000002E+02
  0.37725999999999999E+02   0.37725999999999999E+02   0.37725999999999999E+02   0.37725999999999999E+02   0.37725999999999999E+02   0.37725999999999999E+02
  0.37725999999999999E+02   0.37725999999999999E+02   0.37725999999999999E+02   0.37725999999999999E+02   0.37725999999999999E+02   0.37725999999999999E+02
  0.37725999999999999E+02   0.37725999999999999E+02   0.37725999999999999E+02   0.37725999999999999E+02   0.37725999999999999E+02   0.37725999999999999E+02
  0.37725999999999999E+02   0.37725999999999999E+02   0.37725999999999999E+02   0.37725999999999999E+02   0.37725999999999999E+02   0.37725999999999999E+02
  0.37725999999999999E+02   0.37725999999999999E+02   0.37725999999999999E+02   0.37725999999999999E+02   0.37725999999999999E+02   0.37725999999999999E+02
  0.37725999999999999E+02   0.37725999999999999E+02   0.37725999999999999E+02   0.37725999999999999E+02   0.37725999999999999E+02   0.37725999999999999E+02
  0.37725999999999999E+02   0.37725999999999999E+02   0.37725999999999999E+02   0.37725999999999999E+02   0.37725999999999999E+02   0.37725999999999999E+02
  0.37725999999999999E+02   0.37725999999999999E+02   0.37725999999999999E+02   0.37725999999999999E+02   0.37725999999999999E+02   0.37725999999999999E+02
  0.37725999999999999E+02   0.37725999999999999E+02   0.37725999999999999E+02   0.37725999999999999E+02   0.37725999999999999E+02   0.37725999999999999E+02
  0.37725999999999999E+02   0.37725999999999999E+02   0.37725999999999999E+02   0.37725999999999999E+02   0.37725999999999999E+02   0.37725999999999999E+02
  0.37725999999999999E+02   0.37725999999999999E+02   0.37725999999999999E+02   0.37725999999999999E+02   0.37725999999999999E+02   0.37725999999999999E+02
  0.37725999999999999E+02   0.37725999999999999E+02   0.37725999999999999E+02
  0.37733199999999997E+02   0.37733199999999997E+02   0.37733199999999997E+02   0.37733199999999997E+02   0.37733199999999997E+02   0.37733199999999997E+02
  0.37733199999999997E+02   0.37733199999999997E+02   0.37733199999999997E+02   0.37733199999999997E+02   0.37733199999999997E+02   0.37733199999999997E+02
  0.37733199999999997E+02   0.37733199999999997E+02   0.37733199999999997E+02   0.37733199999999997E+02   0.37733199999999997E+02   0.37733199999999997E+02
  0.37733199999999997E+02   0.37733199999999997E+02   0.37733199999999997E+02   0.37733199999999997E+02   0.37733199999999997E+02   0.37733199999999997E+02
  0.37733199999999997E+02   0.37733199999999997E+02   0.37733199999999997E+02   0.37733199999999997E+02   0.37733199999999997E+02   0.37733199999999997E+02
  0.37733199999999997E+02   0.37733199999999997E+02   0.37733199999999997E+02   0.37733199999999997E+02   0.37733199999999997E+02   0.37733199999999997E+02
  0.37733199999999997E+02   0.37733199999999997E+02   0.37733199999999997E+02   0.37733199999999997E+02   0.37733199999999997E+02   0.37733199999999997E+02
  0.37733199999999997E+02   0.37733199999999997E+02   0.37733199999999997E+02   0.37733199999999997E+02   0.37733199999999997E+02   0.37733199999999997E+02
  0.37733199999999997E+02   0.37733199999999997E+02   0.37733199999999997E+02   0.37733199999999997E+02   0.37733199999999997E+02   0.37733199999999997E+02
  0.37733199999999997E+02   0.37733199999999997E+02   0.37733199999999997E+02   0.37733199999999997E+02   0.37733199999999997E+02   0.37733199999999997E+02
  0.37733199999999997E+02   0.37733199999999997E+02   0.37733199999999997E+02   0.37733199999999997E+02   0.37733199999999997E+02   0.37733199999999997E+02
  0.37733199999999997E+02   0.37733199999999997E+02   0.37733199999999997E+02
  0.37740400000000001E+02   0.37740400000000001E+02   0.37740400000000001E+02   0.37740400000000001E+02   0.37740400000000001E+02   0.37740400000000001E+02
  0.37740400000000001E+02   0.37740400000000001E+02   0.37740400000000001E+02   0.37740400000000001E+02   0.37740400000000001E+02   0.37740400000000001E+02
  0.37740400000000001E+02   0.37740400000000001E+02   0.37740400000000001E+02   0.37740400000000001E+02   0.37740400000000001E+02   0.37740400000000001E+02
  0.37740400000000001E+02   0.37740400000000001E+02   0.37740400000000001E+02   0.37740400000000001E+02   0.37740400000000001E+02   0.37740400000000001E+02
  0.37740400000000001E+02   0.37740400000000001E+02   0.37740400000000001E+02   0.37740400000000001E+02   0.37740400000000001E+02   0.37740400000000001E+02
  0.37740400000000001E+02   0.37740400000000001E+02   0.37740400000000001E+02   0.37740400000000001E+02   0.37740400000000001E+02   0.37740400000000001E+02
  0.37740400000000001E+02   0.37740400000000001E+02   0.37740400000000001E+02   0.37740400000000001E+02   0.37740400000000001E+02   0.37740400000000001E+02
  0.37740400000000001E+02   0.37740400000000001E+02   0.37740400000000001E+02   0.37740400000000001E+02   0.37740400000000001E+02   0.37740400000000001E+02
  0.37740400000000001E+02   0.37740400000000001E+02   0.37740400000000001E+02   0.37740400000000001E+02   0.37740400000000001E+02   0.37740400000000001E+02
  0.37740400000000001E+02   0.37740400000000001E+02   0.37740400000000001E+02   0.37740400000000001E+02   0.37740400000000001E+02   0.37740400000000001E+02
  0.37740400000000001E+02   0.37740400000000001E+02   0.37740400000000001E+02   0.37740400000000001E+02   0.37740400000000001E+02   0.37740400000000001E+02
  0.37740400000000001E+02   0.37740400000000001E+02   0.37740400000000001E+02
  0.37747599999999998E+02   0.37747599999999998E+02   0.37747599999999998E+02   0.37747599999999998E+02   0.37747599999999998E+02   0.37747599999999998E+02
  0.37747599999999998E+02   0.37747599999999998E+02   0.37747599999999998E+02   0.37747599999999998E+02   0.37747599999999998E+02   0.37747599999999998E+02
  0.37747599999999998E+02   0.37747599999999998E+02   0.37747599999999998E+02   0.37747599999999998E+02   0.37747599999999998E+02   0.37747599999999998E+02
  0.37747599999999998E+02   0.37747599999999998E+02   0.37747599999999998E+02   0.37747599999999998E+02   0.37747599999999998E+02   0.37747599999999998E+02
  0.37747599999999998E+02   0.37747599999999998E+02   0.37747599999999998E+02   0.37747599999999998E+02   0.37747599999999998E+02   0.37747599999999998E+02
  0.37747599999999998E+02   0.37747599999999998E+02   0.37747599999999998E+02   0.37747599999999998E+02   0.37747599999999998E+02   0.37747599999999998E+02
  0.37747599999999998E+02   0.37747599999999998E+02   0.37747599999999998E+02   0.37747599999999998E+02   0.37747599999999998E+02   0.37747599999999998E+02
  0.37747599999999998E+02   0.37747599999999998E+02   0.37747599999999998E+02   0.37747599999999998E+02   0.37747599999999998E+02   0.37747599999999998E+02
  0.37747599999999998E+02   0.37747599999999998E+02   0.37747599999999998E+02   0.37747599999999998E+02   0.37747599999999998E+02   0.37747599999999998E+02
  0.37747599999999998E+02   0.37747599999999998E+02   0.37747599999999998E+02   0.37747599999999998E+02   0.37747599999999998E+02   0.37747599999999998E+02
  0.37747599999999998E+02   0.37747599999999998E+02   0.37747599999999998E+02   0.37747599999999998E+02   0.37747599999999998E+02   0.37747599999999998E+02
  0.37747599999999998E+02   0.37747599999999998E+02   0.37747599999999998E+02
  0.37754800000000003E+02   0.37754800000000003E+02   0.37754800000000003E+02   0.37754800000000003E+02   0.37754800000000003E+02   0.37754800000000003E+02
  0.37754800000000003E+02   0.37754800000000003E+02   0.37754800000000003E+02   0.37754800000000003E+02   0.37754800000000003E+02   0.37754800000000003E+02
  0.37754800000000003E+02   0.37754800000000003E+02   0.37754800000000003E+02   0.37754800000000003E+02   0.37754800000000003E+02   0.37754800000000003E+02
  0.37754800000000003E+02   0.37754800000000003E+02   0.37754800000000003E+02   0.37754800000000003E+02   0.37754800000000003E+02   0.37754800000000003E+02
  0.37754800000000003E+02   0.37754800000000003E+02   0.37754800000000003E+02   0.37754800000000003E+02   0.37754800000000003E+02   0.37754800000000003E+02
  0.37754800000000003E+02   0.37754800000000003E+02   0.37754800000000003E+02   0.37754800000000003E+02   0.37754800000000003E+02   0.37754800000000003E+02
  0.37754800000000003E+02   0.37754800000000003E+02   0.37754800000000003E+02   0.37754800000000003E+02   0.37754800000000003E+02   0.37754800000000003E+02
  0.37754800000000003E+02   0.37754800000000003E+02   0.37754800000000003E+02   0.37754800000000003E+02   0.37754800000000003E+02   0.37754800000000003E+02
  0.37754800000000003E+02   0.37754800000000003E+02   0.37754800000000003E+02   0.37754800000000003E+02   0.37754800000000003E+02   0.37754800000000003E+02
  0.37754800000000003E+02   0.37754800000000003E+02   0.37754800000000003E+02   0.37754800000000003E+02   0.37754800000000003E+02   0.37754800000000003E+02
  0.37754800000000003E+02   0.37754800000000003E+02   0.37754800000000003E+02   0.37754800000000003E+02   0.37754800000000003E+02   0.37754800000000003E+02
  0.37754800000000003E+02   0.37754800000000003E+02   0.37754800000000003E+02
  0.37762000000000000E+02   0.37762000000000000E+02   0.37762000000000000E+02   0.37762000000000000E+02   0.37762000000000000E+02   0.37762000000000000E+02
  0.37762000000000000E+02   0.37762000000000000E+02   0.37762000000000000E+02   0.37762000000000000E+02   0.37762000000000000E+02   0.37762000000000000E+02
  0.37762000000000000E+02   0.37762000000000000E+02   0.37762000000000000E+02   0.37762000000000000E+02   0.37762000000000000E+02   0.37762000000000000E+02
  0.37762000000000000E+02   0.37762000000000000E+02   0.37762000000000000E+02   0.37762000000000000E+02   0.37762000000000000E+02   0.37762000000000000E+02
  0.37762000000000000E+02   0.37762000000000000E+02   0.37762000000000000E+02   0.37762000000000000E+02   0.37762000000000000E+02   0.37762000000000000E+02
  0.37762000000000000E+02   0.37762000000000000E+02   0.37762000000000000E+02   0.37762000000000000E+02   0.37762000000000000E+02   0.37762000000000000E+02
  0.37762000000000000E+02   0.37762000000000000E+02   0.37762000000000000E+02   0.37762000000000000E+02   0.37762000000000000E+02   0.37762000000000000E+02
  0.37762000000000000E+02   0.37762000000000000E+02   0.37762000000000000E+02   0.37762000000000000E+02   0.37762000000000000E+02   0.37762000000000000E+02
  0.37762000000000000E+02   0.37762000000000000E+02   0.37762000000000000E+02   0.37762000000000000E+02   0.37762000000000000E+02   0.37762000000000000E+02
  0.37762000000000000E+02   0.37762000000000000E+02   0.37762000000000000E+02   0.37762000000000000E+02   0.37762000000000000E+02   0.37762000000000000E+02
  0.37762000000000000E+02   0.37762000000000000E+02   0.37762000000000000E+02   0.37762000000000000E+02   0.37762000000000000E+02   0.37762000000000000E+02
  0.37762000000000000E+02   0.37762000000000000E+02   0.37762000000000000E+02
  0.37769199999999998E+02   0.37769199999999998E+02   0.37769199999999998E+02   0.37769199999999998E+02   0.37769199999999998E+02   0.37769199999999998E+02
  0.37769199999999998E+02   0.37769199999999998E+02   0.37769199999999998E+02   0.37769199999999998E+02   0.37769199999999998E+02   0.37769199999999998E+02
  0.37769199999999998E+02   0.37769199999999998E+02   0.37769199999999998E+02   0.37769199999999998E+02   0.37769199999999998E+02   0.37769199999999998E+02
  0.37769199999999998E+02   0.37769199999999998E+02   0.37769199999999998E+02   0.37769199999999998E+02   0.37769199999999998E+02   0.37769199999999998E+02
  0.37769199999999998E+02   0.37769199999999998E+02   0.37769199999999998E+02   0.37769199999999998E+02   0.37769199999999998E+02   0.37769199999999998E+02
  0.37769199999999998E+02   0.37769199999999998E+02   0.37769199999999998E+02   0.37769199999999998E+02   0.37769199999999998E+02   0.37769199999999998E+02
  0.37769199999999998E+02   0.37769199999999998E+02   0.37769199999999998E+02   0.37769199999999998E+02   0.37769199999999998E+02   0.37769199999999998E+02
  0.37769199999999998E+02   0.37769199999999998E+02   0.37769199999999998E+02   0.37769199999999998E+02   0.37769199999999998E+02   0.37769199999999998E+02
  0.37769199999999998E+02   0.37769199999999998E+02   0.37769199999999998E+02   0.37769199999999998E+02   0.37769199999999998E+02   0.37769199999999998E+02
  0.37769199999999998E+02   0.37769199999999998E+02   0.37769199999999998E+02   0.37769199999999998E+02   0.37769199999999998E+02   0.37769199999999998E+02
  0.37769199999999998E+02   0.37769199999999998E+02   0.37769199999999998E+02   0.37769199999999998E+02   0.37769199999999998E+02   0.37769199999999998E+02
  0.37769199999999998E+02   0.37769199999999998E+02   0.37769199999999998E+02
  0.37776400000000002E+02   0.37776400000000002E+02   0.37776400000000002E+02   0.37776400000000002E+02   0.37776400000000002E+02   0.37776400000000002E+02
  0.37776400000000002E+02   0.37776400000000002E+02   0.37776400000000002E+02   0.37776400000000002E+02   0.37776400000000002E+02   0.37776400000000002E+02
  0.37776400000000002E+02   0.37776400000000002E+02   0.37776400000000002E+02   0.37776400000000002E+02   0.37776400000000002E+02   0.37776400000000002E+02
  0.37776400000000002E+02   0.37776400000000002E+02   0.37776400000000002E+02   0.37776400000000002E+02   0.37776400000000002E+02   0.37776400000000002E+02
  0.37776400000000002E+02   0.37776400000000002E+02   0.37776400000000002E+02   0.37776400000000002E+02   0.37776400000000002E+02   0.37776400000000002E+02
  0.37776400000000002E+02   0.37776400000000002E+02   0.37776400000000002E+02   0.37776400000000002E+02   0.37776400000000002E+02   0.37776400000000002E+02
  0.37776400000000002E+02   0.37776400000000002E+02   0.37776400000000002E+02   0.37776400000000002E+02   0.37776400000000002E+02   0.37776400000000002E+02
  0.37776400000000002E+02   0.37776400000000002E+02   0.37776400000000002E+02   0.37776400000000002E+02   0.37776400000000002E+02   0.37776400000000002E+02
  0.37776400000000002E+02   0.37776400000000002E+02   0.37776400000000002E+02   0.37776400000000002E+02   0.37776400000000002E+02   0.37776400000000002E+02
  0.37776400000000002E+02   0.37776400000000002E+02   0.37776400000000002E+02   0.37776400000000002E+02   0.37776400000000002E+02   0.37776400000000002E+02
  0.37776400000000002E+02   0.37776400000000002E+02   0.37776400000000002E+02   0.37776400000000002E+02   0.37776400000000002E+02   0.37776400000000002E+02
  0.37776400000000002E+02   0.37776400000000002E+02   0.37776400000000002E+02
  0.37783600000000000E+02   0.37783600000000000E+02   0.37783600000000000E+02   0.37783600000000000E+02   0.37783600000000000E+02   0.37783600000000000E+02
  0.37783600000000000E+02   0.37783600000000000E+02   0.37783600000000000E+02   0.37783600000000000E+02   0.37783600000000000E+02   0.37783600000000000E+02
  0.37783600000000000E+02   0.37783600000000000E+02   0.37783600000000000E+02   0.37783600000000000E+02   0.37783600000000000E+02   0.37783600000000000E+02
  0.37783600000000000E+02   0.37783600000000000E+02   0.37783600000000000E+02   0.37783600000000000E+02   0.37783600000000000E+02   0.37783600000000000E+02
  0.37783600000000000E+02   0.37783600000000000E+02   0.37783600000000000E+02   0.37783600000000000E+02   0.37783600000000000E+02   0.37783600000000000E+02
  0.37783600000000000E+02   0.37783600000000000E+02   0.37783600000000000E+02   0.37783600000000000E+02   0.37783600000000000E+02   0.37783600000000000E+02
  0.37783600000000000E+02   0.37783600000000000E+02   0.37783600000000000E+02   0.37783600000000000E+02   0.37783600000000000E+02   0.37783600000000000E+02
  0.37783600000000000E+02   0.37783600000000000E+02   0.37783600000000000E+02   0.37783600000000000E+02   0.37783600000000000E+02   0.37783600000000000E+02
  0.37783600000000000E+02   0.37783600000000000E+02   0.37783600000000000E+02   0.37783600000000000E+02   0.37783600000000000E+02   0.37783600000000000E+02
  0.37783600000000000E+02   0.37783600000000000E+02   0.37783600000000000E+02   0.37783600000000000E+02   0.37783600000000000E+02   0.37783600000000000E+02
  0.37783600000000000E+02   0.37783600000000000E+02   0.37783600000000000E+02   0.37783600000000000E+02   0.37783600000000000E+02   0.37783600000000000E+02
  0.37783600000000000E+02   0.37783600000000000E+02   0.37783600000000000E+02
  0.37790799999999997E+02   0.37790799999999997E+02   0.37790799999999997E+02   0.37790799999999997E+02   0.37790799999999997E+02   0.37790799999999997E+02
  0.37790799999999997E+02   0.37790799999999997E+02   0.37790799999999997E+02   0.37790799999999997E+02   0.37790799999999997E+02   0.37790799999999997E+02
  0.37790799999999997E+02   0.37790799999999997E+02   0.37790799999999997E+02   0.37790799999999997E+02   0.37790799999999997E+02   0.37790799999999997E+02
  0.37790799999999997E+02   0.37790799999999997E+02   0.37790799999999997E+02   0.37790799999999997E+02   0.37790799999999997E+02   0.37790799999999997E+02
  0.37790799999999997E+02   0.37790799999999997E+02   0.37790799999999997E+02   0.37790799999999997E+02   0.37790799999999997E+02   0.37790799999999997E+02
  0.37790799999999997E+02   0.37790799999999997E+02   0.37790799999999997E+02   0.37790799999999997E+02   0.37790799999999997E+02   0.37790799999999997E+02
  0.37790799999999997E+02   0.37790799999999997E+02   0.37790799999999997E+02   0.37790799999999997E+02   0.37790799999999997E+02   0.37790799999999997E+02
  0.37790799999999997E+02   0.37790799999999997E+02   0.37790799999999997E+02   0.37790799999999997E+02   0.37790799999999997E+02   0.37790799999999997E+02
  0.37790799999999997E+02   0.37790799999999997E+02   0.37790799999999997E+02   0.37790799999999997E+02   0.37790799999999997E+02   0.37790799999999997E+02
  0.37790799999999997E+02   0.37790799999999997E+02   0.37790799999999997E+02   0.37790799999999997E+02   0.37790799999999997E+02   0.37790799999999997E+02
  0.37790799999999997E+02   0.37790799999999997E+02   0.37790799999999997E+02   0.37790799999999997E+02   0.37790799999999997E+02   0.37790799999999997E+02
  0.37790799999999997E+02   0.37790799999999997E+02   0.37790799999999997E+02
  0.37798000000000002E+02   0.37798000000000002E+02   0.37798000000000002E+02   0.37798000000000002E+02   0.37798000000000002E+02   0.37798000000000002E+02
  0.37798000000000002E+02   0.37798000000000002E+02   0.37798000000000002E+02   0.37798000000000002E+02   0.37798000000000002E+02   0.37798000000000002E+02
  0.37798000000000002E+02   0.37798000000000002E+02   0.37798000000000002E+02   0.37798000000000002E+02   0.37798000000000002E+02   0.37798000000000002E+02
  0.37798000000000002E+02   0.37798000000000002E+02   0.37798000000000002E+02   0.37798000000000002E+02   0.37798000000000002E+02   0.37798000000000002E+02
  0.37798000000000002E+02   0.37798000000000002E+02   0.37798000000000002E+02   0.37798000000000002E+02   0.37798000000000002E+02   0.37798000000000002E+02
  0.37798000000000002E+02   0.37798000000000002E+02   0.37798000000000002E+02   0.37798000000000002E+02   0.37798000000000002E+02   0.37798000000000002E+02
  0.37798000000000002E+02   0.37798000000000002E+02   0.37798000000000002E+02   0.37798000000000002E+02   0.37798000000000002E+02   0.37798000000000002E+02
  0.37798000000000002E+02   0.37798000000000002E+02   0.37798000000000002E+02   0.37798000000000002E+02   0.37798000000000002E+02   0.37798000000000002E+02
  0.37798000000000002E+02   0.37798000000000002E+02   0.37798000000000002E+02   0.37798000000000002E+02   0.37798000000000002E+02   0.37798000000000002E+02
  0.37798000000000002E+02   0.37798000000000002E+02   0.37798000000000002E+02   0.37798000000000002E+02   0.37798000000000002E+02   0.37798000000000002E+02
  0.37798000000000002E+02   0.37798000000000002E+02   0.37798000000000002E+02   0.37798000000000002E+02   0.37798000000000002E+02   0.37798000000000002E+02
  0.37798000000000002E+02   0.37798000000000002E+02   0.37798000000000002E+02
  0.37805199999999999E+02   0.37805199999999999E+02   0.37805199999999999E+02   0.37805199999999999E+02   0.37805199999999999E+02   0.37805199999999999E+02
  0.37805199999999999E+02   0.37805199999999999E+02   0.37805199999999999E+02   0.37805199999999999E+02   0.37805199999999999E+02   0.37805199999999999E+02
  0.37805199999999999E+02   0.37805199999999999E+02   0.37805199999999999E+02   0.37805199999999999E+02   0.37805199999999999E+02   0.37805199999999999E+02
  0.37805199999999999E+02   0.37805199999999999E+02   0.37805199999999999E+02   0.37805199999999999E+02   0.37805199999999999E+02   0.37805199999999999E+02
  0.37805199999999999E+02   0.37805199999999999E+02   0.37805199999999999E+02   0.37805199999999999E+02   0.37805199999999999E+02   0.37805199999999999E+02
  0.37805199999999999E+02   0.37805199999999999E+02   0.37805199999999999E+02   0.37805199999999999E+02   0.37805199999999999E+02   0.37805199999999999E+02
  0.37805199999999999E+02   0.37805199999999999E+02   0.37805199999999999E+02   0.37805199999999999E+02   0.37805199999999999E+02   0.37805199999999999E+02
  0.37805199999999999E+02   0.37805199999999999E+02   0.37805199999999999E+02   0.37805199999999999E+02   0.37805199999999999E+02   0.37805199999999999E+02
  0.37805199999999999E+02   0.37805199999999999E+02   0.37805199999999999E+02   0.37805199999999999E+02   0.37805199999999999E+02   0.37805199999999999E+02
  0.37805199999999999E+02   0.37805199999999999E+02   0.37805199999999999E+02   0.37805199999999999E+02   0.37805199999999999E+02   0.37805199999999999E+02
  0.37805199999999999E+02   0.37805199999999999E+02   0.37805199999999999E+02   0.37805199999999999E+02   0.37805199999999999E+02   0.37805199999999999E+02
  0.37805199999999999E+02   0.37805199999999999E+02   0.37805199999999999E+02
  0.37812399999999997E+02   0.37812399999999997E+02   0.37812399999999997E+02   0.37812399999999997E+02   0.37812399999999997E+02   0.37812399999999997E+02
  0.37812399999999997E+02   0.37812399999999997E+02   0.37812399999999997E+02   0.37812399999999997E+02   0.37812399999999997E+02   0.37812399999999997E+02
  0.37812399999999997E+02   0.37812399999999997E+02   0.37812399999999997E+02   0.37812399999999997E+02   0.37812399999999997E+02   0.37812399999999997E+02
  0.37812399999999997E+02   0.37812399999999997E+02   0.37812399999999997E+02   0.37812399999999997E+02   0.37812399999999997E+02   0.37812399999999997E+02
  0.37812399999999997E+02   0.37812399999999997E+02   0.37812399999999997E+02   0.37812399999999997E+02   0.37812399999999997E+02   0.37812399999999997E+02
  0.37812399999999997E+02   0.37812399999999997E+02   0.37812399999999997E+02   0.37812399999999997E+02   0.37812399999999997E+02   0.37812399999999997E+02
  0.37812399999999997E+02   0.37812399999999997E+02   0.37812399999999997E+02   0.37812399999999997E+02   0.37812399999999997E+02   0.37812399999999997E+02
  0.37812399999999997E+02   0.37812399999999997E+02   0.37812399999999997E+02   0.37812399999999997E+02   0.37812399999999997E+02   0.37812399999999997E+02
  0.37812399999999997E+02   0.37812399999999997E+02   0.37812399999999997E+02   0.37812399999999997E+02   0.37812399999999997E+02   0.37812399999999997E+02
  0.37812399999999997E+02   0.37812399999999997E+02   0.37812399999999997E+02   0.37812399999999997E+02   0.37812399999999997E+02   0.37812399999999997E+02
  0.37812399999999997E+02   0.37812399999999997E+02   0.37812399999999997E+02   0.37812399999999997E+02   0.37812399999999997E+02   0.37812399999999997E+02
  0.37812399999999997E+02   0.37812399999999997E+02   0.37812399999999997E+02
  0.37819600000000001E+02   0.37819600000000001E+02   0.37819600000000001E+02   0.37819600000000001E+02   0.37819600000000001E+02   0.37819600000000001E+02
  0.37819600000000001E+02   0.37819600000000001E+02   0.37819600000000001E+02   0.37819600000000001E+02   0.37819600000000001E+02   0.37819600000000001E+02
  0.37819600000000001E+02   0.37819600000000001E+02   0.37819600000000001E+02   0.37819600000000001E+02   0.37819600000000001E+02   0.37819600000000001E+02
  0.37819600000000001E+02   0.37819600000000001E+02   0.37819600000000001E+02   0.37819600000000001E+02   0.37819600000000001E+02   0.37819600000000001E+02
  0.37819600000000001E+02   0.37819600000000001E+02   0.37819600000000001E+02   0.37819600000000001E+02   0.37819600000000001E+02   0.37819600000000001E+02
  0.37819600000000001E+02   0.37819600000000001E+02   0.37819600000000001E+02   0.37819600000000001E+02   0.37819600000000001E+02   0.37819600000000001E+02
  0.37819600000000001E+02   0.37819600000000001E+02   0.37819600000000001E+02   0.37819600000000001E+02   0.37819600000000001E+02   0.37819600000000001E+02
  0.37819600000000001E+02   0.37819600000000001E+02   0.37819600000000001E+02   0.37819600000000001E+02   0.37819600000000001E+02   0.37819600000000001E+02
  0.37819600000000001E+02   0.37819600000000001E+02   0.37819600000000001E+02   0.37819600000000001E+02   0.37819600000000001E+02   0.37819600000000001E+02
  0.37819600000000001E+02   0.37819600000000001E+02   0.37819600000000001E+02   0.37819600000000001E+02   0.37819600000000001E+02   0.37819600000000001E+02
  0.37819600000000001E+02   0.37819600000000001E+02   0.37819600000000001E+02   0.37819600000000001E+02   0.37819600000000001E+02   0.37819600000000001E+02
  0.37819600000000001E+02   0.37819600000000001E+02   0.37819600000000001E+02
  0.37826799999999999E+02   0.37826799999999999E+02   0.37826799999999999E+02   0.37826799999999999E+02   0.37826799999999999E+02   0.37826799999999999E+02
  0.37826799999999999E+02   0.37826799999999999E+02   0.37826799999999999E+02   0.37826799999999999E+02   0.37826799999999999E+02   0.37826799999999999E+02
  0.37826799999999999E+02   0.37826799999999999E+02   0.37826799999999999E+02   0.37826799999999999E+02   0.37826799999999999E+02   0.37826799999999999E+02
  0.37826799999999999E+02   0.37826799999999999E+02   0.37826799999999999E+02   0.37826799999999999E+02   0.37826799999999999E+02   0.37826799999999999E+02
  0.37826799999999999E+02   0.37826799999999999E+02   0.37826799999999999E+02   0.37826799999999999E+02   0.37826799999999999E+02   0.37826799999999999E+02
  0.37826799999999999E+02   0.37826799999999999E+02   0.37826799999999999E+02   0.37826799999999999E+02   0.37826799999999999E+02   0.37826799999999999E+02
  0.37826799999999999E+02   0.37826799999999999E+02   0.37826799999999999E+02   0.37826799999999999E+02   0.37826799999999999E+02   0.37826799999999999E+02
  0.37826799999999999E+02   0.37826799999999999E+02   0.37826799999999999E+02   0.37826799999999999E+02   0.37826799999999999E+02   0.37826799999999999E+02
  0.37826799999999999E+02   0.37826799999999999E+02   0.37826799999999999E+02   0.37826799999999999E+02   0.37826799999999999E+02   0.37826799999999999E+02
  0.37826799999999999E+02   0.37826799999999999E+02   0.37826799999999999E+02   0.37826799999999999E+02   0.37826799999999999E+02   0.37826799999999999E+02
  0.37826799999999999E+02   0.37826799999999999E+02   0.37826799999999999E+02   0.37826799999999999E+02   0.37826799999999999E+02   0.37826799999999999E+02
  0.37826799999999999E+02   0.37826799999999999E+02   0.37826799999999999E+02
  0.37834000000000003E+02   0.37834000000000003E+02   0.37834000000000003E+02   0.37834000000000003E+02   0.37834000000000003E+02   0.37834000000000003E+02
  0.37834000000000003E+02   0.37834000000000003E+02   0.37834000000000003E+02   0.37834000000000003E+02   0.37834000000000003E+02   0.37834000000000003E+02
  0.37834000000000003E+02   0.37834000000000003E+02   0.37834000000000003E+02   0.37834000000000003E+02   0.37834000000000003E+02   0.37834000000000003E+02
  0.37834000000000003E+02   0.37834000000000003E+02   0.37834000000000003E+02   0.37834000000000003E+02   0.37834000000000003E+02   0.37834000000000003E+02
  0.37834000000000003E+02   0.37834000000000003E+02   0.37834000000000003E+02   0.37834000000000003E+02   0.37834000000000003E+02   0.37834000000000003E+02
  0.37834000000000003E+02   0.37834000000000003E+02   0.37834000000000003E+02   0.37834000000000003E+02   0.37834000000000003E+02   0.37834000000000003E+02
  0.37834000000000003E+02   0.37834000000000003E+02   0.37834000000000003E+02   0.37834000000000003E+02   0.37834000000000003E+02   0.37834000000000003E+02
  0.37834000000000003E+02   0.37834000000000003E+02   0.37834000000000003E+02   0.37834000000000003E+02   0.37834000000000003E+02   0.37834000000000003E+02
  0.37834000000000003E+02   0.37834000000000003E+02   0.37834000000000003E+02   0.37834000000000003E+02   0.37834000000000003E+02   0.37834000000000003E+02
  0.37834000000000003E+02   0.37834000000000003E+02   0.37834000000000003E+02   0.37834000000000003E+02   0.37834000000000003E+02   0.37834000000000003E+02
  0.37834000000000003E+02   0.37834000000000003E+02   0.37834000000000003E+02   0.37834000000000003E+02   0.37834000000000003E+02   0.37834000000000003E+02
  0.37834000000000003E+02   0.37834000000000003E+02   0.37834000000000003E+02
  0.37841200000000001E+02   0.37841200000000001E+02   0.37841200000000001E+02   0.37841200000000001E+02   0.37841200000000001E+02   0.37841200000000001E+02
  0.37841200000000001E+02   0.37841200000000001E+02   0.37841200000000001E+02   0.37841200000000001E+02   0.37841200000000001E+02   0.37841200000000001E+02
  0.37841200000000001E+02   0.37841200000000001E+02   0.37841200000000001E+02   0.37841200000000001E+02   0.37841200000000001E+02   0.37841200000000001E+02
  0.37841200000000001E+02   0.37841200000000001E+02   0.37841200000000001E+02   0.37841200000000001E+02   0.37841200000000001E+02   0.37841200000000001E+02
  0.37841200000000001E+02   0.37841200000000001E+02   0.37841200000000001E+02   0.37841200000000001E+02   0.37841200000000001E+02   0.37841200000000001E+02
  0.37841200000000001E+02   0.37841200000000001E+02   0.37841200000000001E+02   0.37841200000000001E+02   0.37841200000000001E+02   0.37841200000000001E+02
  0.37841200000000001E+02   0.37841200000000001E+02   0.37841200000000001E+02   0.37841200000000001E+02   0.37841200000000001E+02   0.37841200000000001E+02
  0.37841200000000001E+02   0.37841200000000001E+02   0.37841200000000001E+02   0.37841200000000001E+02   0.37841200000000001E+02   0.37841200000000001E+02
  0.37841200000000001E+02   0.37841200000000001E+02   0.37841200000000001E+02   0.37841200000000001E+02   0.37841200000000001E+02   0.37841200000000001E+02
  0.37841200000000001E+02   0.37841200000000001E+02   0.37841200000000001E+02   0.37841200000000001E+02   0.37841200000000001E+02   0.37841200000000001E+02
  0.37841200000000001E+02   0.37841200000000001E+02   0.37841200000000001E+02   0.37841200000000001E+02   0.37841200000000001E+02   0.37841200000000001E+02
  0.37841200000000001E+02   0.37841200000000001E+02   0.37841200000000001E+02
  0.37848399999999998E+02   0.37848399999999998E+02   0.37848399999999998E+02   0.37848399999999998E+02   0.37848399999999998E+02   0.37848399999999998E+02
  0.37848399999999998E+02   0.37848399999999998E+02   0.37848399999999998E+02   0.37848399999999998E+02   0.37848399999999998E+02   0.37848399999999998E+02
  0.37848399999999998E+02   0.37848399999999998E+02   0.37848399999999998E+02   0.37848399999999998E+02   0.37848399999999998E+02   0.37848399999999998E+02
  0.37848399999999998E+02   0.37848399999999998E+02   0.37848399999999998E+02   0.37848399999999998E+02   0.37848399999999998E+02   0.37848399999999998E+02
  0.37848399999999998E+02   0.37848399999999998E+02   0.37848399999999998E+02   0.37848399999999998E+02   0.37848399999999998E+02   0.37848399999999998E+02
  0.37848399999999998E+02   0.37848399999999998E+02   0.37848399999999998E+02   0.37848399999999998E+02   0.37848399999999998E+02   0.37848399999999998E+02
  0.37848399999999998E+02   0.37848399999999998E+02   0.37848399999999998E+02   0.37848399999999998E+02   0.37848399999999998E+02   0.37848399999999998E+02
  0.37848399999999998E+02   0.37848399999999998E+02   0.37848399999999998E+02   0.37848399999999998E+02   0.37848399999999998E+02   0.37848399999999998E+02
  0.37848399999999998E+02   0.37848399999999998E+02   0.37848399999999998E+02   0.37848399999999998E+02   0.37848399999999998E+02   0.37848399999999998E+02
  0.37848399999999998E+02   0.37848399999999998E+02   0.37848399999999998E+02   0.37848399999999998E+02   0.37848399999999998E+02   0.37848399999999998E+02
  0.37848399999999998E+02   0.37848399999999998E+02   0.37848399999999998E+02   0.37848399999999998E+02   0.37848399999999998E+02   0.37848399999999998E+02
  0.37848399999999998E+02   0.37848399999999998E+02   0.37848399999999998E+02
  0.37855600000000003E+02   0.37855600000000003E+02   0.37855600000000003E+02   0.37855600000000003E+02   0.37855600000000003E+02   0.37855600000000003E+02
  0.37855600000000003E+02   0.37855600000000003E+02   0.37855600000000003E+02   0.37855600000000003E+02   0.37855600000000003E+02   0.37855600000000003E+02
  0.37855600000000003E+02   0.37855600000000003E+02   0.37855600000000003E+02   0.37855600000000003E+02   0.37855600000000003E+02   0.37855600000000003E+02
  0.37855600000000003E+02   0.37855600000000003E+02   0.37855600000000003E+02   0.37855600000000003E+02   0.37855600000000003E+02   0.37855600000000003E+02
  0.37855600000000003E+02   0.37855600000000003E+02   0.37855600000000003E+02   0.37855600000000003E+02   0.37855600000000003E+02   0.37855600000000003E+02
  0.37855600000000003E+02   0.37855600000000003E+02   0.37855600000000003E+02   0.37855600000000003E+02   0.37855600000000003E+02   0.37855600000000003E+02
  0.37855600000000003E+02   0.37855600000000003E+02   0.37855600000000003E+02   0.37855600000000003E+02   0.37855600000000003E+02   0.37855600000000003E+02
  0.37855600000000003E+02   0.37855600000000003E+02   0.37855600000000003E+02   0.37855600000000003E+02   0.37855600000000003E+02   0.37855600000000003E+02
  0.37855600000000003E+02   0.37855600000000003E+02   0.37855600000000003E+02   0.37855600000000003E+02   0.37855600000000003E+02   0.37855600000000003E+02
  0.37855600000000003E+02   0.37855600000000003E+02   0.37855600000000003E+02   0.37855600000000003E+02   0.37855600000000003E+02   0.37855600000000003E+02
  0.37855600000000003E+02   0.37855600000000003E+02   0.37855600000000003E+02   0.37855600000000003E+02   0.37855600000000003E+02   0.37855600000000003E+02
  0.37855600000000003E+02   0.37855600000000003E+02   0.37855600000000003E+02
  0.37862800000000000E+02   0.37862800000000000E+02   0.37862800000000000E+02   0.37862800000000000E+02   0.37862800000000000E+02   0.37862800000000000E+02
  0.37862800000000000E+02   0.37862800000000000E+02   0.37862800000000000E+02   0.37862800000000000E+02   0.37862800000000000E+02   0.37862800000000000E+02
  0.37862800000000000E+02   0.37862800000000000E+02   0.37862800000000000E+02   0.37862800000000000E+02   0.37862800000000000E+02   0.37862800000000000E+02
  0.37862800000000000E+02   0.37862800000000000E+02   0.37862800000000000E+02   0.37862800000000000E+02   0.37862800000000000E+02   0.37862800000000000E+02
  0.37862800000000000E+02   0.37862800000000000E+02   0.37862800000000000E+02   0.37862800000000000E+02   0.37862800000000000E+02   0.37862800000000000E+02
  0.37862800000000000E+02   0.37862800000000000E+02   0.37862800000000000E+02   0.37862800000000000E+02   0.37862800000000000E+02   0.37862800000000000E+02
  0.37862800000000000E+02   0.37862800000000000E+02   0.37862800000000000E+02   0.37862800000000000E+02   0.37862800000000000E+02   0.37862800000000000E+02
  0.37862800000000000E+02   0.37862800000000000E+02   0.37862800000000000E+02   0.37862800000000000E+02   0.37862800000000000E+02   0.37862800000000000E+02
  0.37862800000000000E+02   0.37862800000000000E+02   0.37862800000000000E+02   0.37862800000000000E+02   0.37862800000000000E+02   0.37862800000000000E+02
  0.37862800000000000E+02   0.37862800000000000E+02   0.37862800000000000E+02   0.37862800000000000E+02   0.37862800000000000E+02   0.37862800000000000E+02
  0.37862800000000000E+02   0.37862800000000000E+02   0.37862800000000000E+02   0.37862800000000000E+02   0.37862800000000000E+02   0.37862800000000000E+02
  0.37862800000000000E+02   0.37862800000000000E+02   0.37862800000000000E+02
  0.37869999999999997E+02   0.37869999999999997E+02   0.37869999999999997E+02   0.37869999999999997E+02   0.37869999999999997E+02   0.37869999999999997E+02
  0.37869999999999997E+02   0.37869999999999997E+02   0.37869999999999997E+02   0.37869999999999997E+02   0.37869999999999997E+02   0.37869999999999997E+02
  0.37869999999999997E+02   0.37869999999999997E+02   0.37869999999999997E+02   0.37869999999999997E+02   0.37869999999999997E+02   0.37869999999999997E+02
  0.37869999999999997E+02   0.37869999999999997E+02   0.37869999999999997E+02   0.37869999999999997E+02   0.37869999999999997E+02   0.37869999999999997E+02
  0.37869999999999997E+02   0.37869999999999997E+02   0.37869999999999997E+02   0.37869999999999997E+02   0.37869999999999997E+02   0.37869999999999997E+02
  0.37869999999999997E+02   0.37869999999999997E+02   0.37869999999999997E+02   0.37869999999999997E+02   0.37869999999999997E+02   0.37869999999999997E+02
  0.37869999999999997E+02   0.37869999999999997E+02   0.37869999999999997E+02   0.37869999999999997E+02   0.37869999999999997E+02   0.37869999999999997E+02
  0.37869999999999997E+02   0.37869999999999997E+02   0.37869999999999997E+02   0.37869999999999997E+02   0.37869999999999997E+02   0.37869999999999997E+02
  0.37869999999999997E+02   0.37869999999999997E+02   0.37869999999999997E+02   0.37869999999999997E+02   0.37869999999999997E+02   0.37869999999999997E+02
  0.37869999999999997E+02   0.37869999999999997E+02   0.37869999999999997E+02   0.37869999999999997E+02   0.37869999999999997E+02   0.37869999999999997E+02
  0.37869999999999997E+02   0.37869999999999997E+02   0.37869999999999997E+02   0.37869999999999997E+02   0.37869999999999997E+02   0.37869999999999997E+02
  0.37869999999999997E+02   0.37869999999999997E+02   0.37869999999999997E+02
  0.37877200000000002E+02   0.37877200000000002E+02   0.37877200000000002E+02   0.37877200000000002E+02   0.37877200000000002E+02   0.37877200000000002E+02
  0.37877200000000002E+02   0.37877200000000002E+02   0.37877200000000002E+02   0.37877200000000002E+02   0.37877200000000002E+02   0.37877200000000002E+02
  0.37877200000000002E+02   0.37877200000000002E+02   0.37877200000000002E+02   0.37877200000000002E+02   0.37877200000000002E+02   0.37877200000000002E+02
  0.37877200000000002E+02   0.37877200000000002E+02   0.37877200000000002E+02   0.37877200000000002E+02   0.37877200000000002E+02   0.37877200000000002E+02
  0.37877200000000002E+02   0.37877200000000002E+02   0.37877200000000002E+02   0.37877200000000002E+02   0.37877200000000002E+02   0.37877200000000002E+02
  0.37877200000000002E+02   0.37877200000000002E+02   0.37877200000000002E+02   0.37877200000000002E+02   0.37877200000000002E+02   0.37877200000000002E+02
  0.37877200000000002E+02   0.37877200000000002E+02   0.37877200000000002E+02   0.37877200000000002E+02   0.37877200000000002E+02   0.37877200000000002E+02
  0.37877200000000002E+02   0.37877200000000002E+02   0.37877200000000002E+02   0.37877200000000002E+02   0.37877200000000002E+02   0.37877200000000002E+02
  0.37877200000000002E+02   0.37877200000000002E+02   0.37877200000000002E+02   0.37877200000000002E+02   0.37877200000000002E+02   0.37877200000000002E+02
  0.37877200000000002E+02   0.37877200000000002E+02   0.37877200000000002E+02   0.37877200000000002E+02   0.37877200000000002E+02   0.37877200000000002E+02
  0.37877200000000002E+02   0.37877200000000002E+02   0.37877200000000002E+02   0.37877200000000002E+02   0.37877200000000002E+02   0.37877200000000002E+02
  0.37877200000000002E+02   0.37877200000000002E+02   0.37877200000000002E+02
  0.37884399999999999E+02   0.37884399999999999E+02   0.37884399999999999E+02   0.37884399999999999E+02   0.37884399999999999E+02   0.37884399999999999E+02
  0.37884399999999999E+02   0.37884399999999999E+02   0.37884399999999999E+02   0.37884399999999999E+02   0.37884399999999999E+02   0.37884399999999999E+02
  0.37884399999999999E+02   0.37884399999999999E+02   0.37884399999999999E+02   0.37884399999999999E+02   0.37884399999999999E+02   0.37884399999999999E+02
  0.37884399999999999E+02   0.37884399999999999E+02   0.37884399999999999E+02   0.37884399999999999E+02   0.37884399999999999E+02   0.37884399999999999E+02
  0.37884399999999999E+02   0.37884399999999999E+02   0.37884399999999999E+02   0.37884399999999999E+02   0.37884399999999999E+02   0.37884399999999999E+02
  0.37884399999999999E+02   0.37884399999999999E+02   0.37884399999999999E+02   0.37884399999999999E+02   0.37884399999999999E+02   0.37884399999999999E+02
  0.37884399999999999E+02   0.37884399999999999E+02   0.37884399999999999E+02   0.37884399999999999E+02   0.37884399999999999E+02   0.37884399999999999E+02
  0.37884399999999999E+02   0.37884399999999999E+02   0.37884399999999999E+02   0.37884399999999999E+02   0.37884399999999999E+02   0.37884399999999999E+02
  0.37884399999999999E+02   0.37884399999999999E+02   0.37884399999999999E+02   0.37884399999999999E+02   0.37884399999999999E+02   0.37884399999999999E+02
  0.37884399999999999E+02   0.37884399999999999E+02   0.37884399999999999E+02   0.37884399999999999E+02   0.37884399999999999E+02   0.37884399999999999E+02
  0.37884399999999999E+02   0.37884399999999999E+02   0.37884399999999999E+02   0.37884399999999999E+02   0.37884399999999999E+02   0.37884399999999999E+02
  0.37884399999999999E+02   0.37884399999999999E+02   0.37884399999999999E+02
  0.37891599999999997E+02   0.37891599999999997E+02   0.37891599999999997E+02   0.37891599999999997E+02   0.37891599999999997E+02   0.37891599999999997E+02
  0.37891599999999997E+02   0.37891599999999997E+02   0.37891599999999997E+02   0.37891599999999997E+02   0.37891599999999997E+02   0.37891599999999997E+02
  0.37891599999999997E+02   0.37891599999999997E+02   0.37891599999999997E+02   0.37891599999999997E+02   0.37891599999999997E+02   0.37891599999999997E+02
  0.37891599999999997E+02   0.37891599999999997E+02   0.37891599999999997E+02   0.37891599999999997E+02   0.37891599999999997E+02   0.37891599999999997E+02
  0.37891599999999997E+02   0.37891599999999997E+02   0.37891599999999997E+02   0.37891599999999997E+02   0.37891599999999997E+02   0.37891599999999997E+02
  0.37891599999999997E+02   0.37891599999999997E+02   0.37891599999999997E+02   0.37891599999999997E+02   0.37891599999999997E+02   0.37891599999999997E+02
  0.37891599999999997E+02   0.37891599999999997E+02   0.37891599999999997E+02   0.37891599999999997E+02   0.37891599999999997E+02   0.37891599999999997E+02
  0.37891599999999997E+02   0.37891599999999997E+02   0.37891599999999997E+02   0.37891599999999997E+02   0.37891599999999997E+02   0.37891599999999997E+02
  0.37891599999999997E+02   0.37891599999999997E+02   0.37891599999999997E+02   0.37891599999999997E+02   0.37891599999999997E+02   0.37891599999999997E+02
  0.37891599999999997E+02   0.37891599999999997E+02   0.37891599999999997E+02   0.37891599999999997E+02   0.37891599999999997E+02   0.37891599999999997E+02
  0.37891599999999997E+02   0.37891599999999997E+02   0.37891599999999997E+02   0.37891599999999997E+02   0.37891599999999997E+02   0.37891599999999997E+02
  0.37891599999999997E+02   0.37891599999999997E+02   0.37891599999999997E+02
  0.37898800000000001E+02   0.37898800000000001E+02   0.37898800000000001E+02   0.37898800000000001E+02   0.37898800000000001E+02   0.37898800000000001E+02
  0.37898800000000001E+02   0.37898800000000001E+02   0.37898800000000001E+02   0.37898800000000001E+02   0.37898800000000001E+02   0.37898800000000001E+02
  0.37898800000000001E+02   0.37898800000000001E+02   0.37898800000000001E+02   0.37898800000000001E+02   0.37898800000000001E+02   0.37898800000000001E+02
  0.37898800000000001E+02   0.37898800000000001E+02   0.37898800000000001E+02   0.37898800000000001E+02   0.37898800000000001E+02   0.37898800000000001E+02
  0.37898800000000001E+02   0.37898800000000001E+02   0.37898800000000001E+02   0.37898800000000001E+02   0.37898800000000001E+02   0.37898800000000001E+02
  0.37898800000000001E+02   0.37898800000000001E+02   0.37898800000000001E+02   0.37898800000000001E+02   0.37898800000000001E+02   0.37898800000000001E+02
  0.37898800000000001E+02   0.37898800000000001E+02   0.37898800000000001E+02   0.37898800000000001E+02   0.37898800000000001E+02   0.37898800000000001E+02
  0.37898800000000001E+02   0.37898800000000001E+02   0.37898800000000001E+02   0.37898800000000001E+02   0.37898800000000001E+02   0.37898800000000001E+02
  0.37898800000000001E+02   0.37898800000000001E+02   0.37898800000000001E+02   0.37898800000000001E+02   0.37898800000000001E+02   0.37898800000000001E+02
  0.37898800000000001E+02   0.37898800000000001E+02   0.37898800000000001E+02   0.37898800000000001E+02   0.37898800000000001E+02   0.37898800000000001E+02
  0.37898800000000001E+02   0.37898800000000001E+02   0.37898800000000001E+02   0.37898800000000001E+02   0.37898800000000001E+02   0.37898800000000001E+02
  0.37898800000000001E+02   0.37898800000000001E+02   0.37898800000000001E+02
  0.37905999999999999E+02   0.37905999999999999E+02   0.37905999999999999E+02   0.37905999999999999E+02   0.37905999999999999E+02   0.37905999999999999E+02
  0.37905999999999999E+02   0.37905999999999999E+02   0.37905999999999999E+02   0.37905999999999999E+02   0.37905999999999999E+02   0.37905999999999999E+02
  0.37905999999999999E+02   0.37905999999999999E+02   0.37905999999999999E+02   0.37905999999999999E+02   0.37905999999999999E+02   0.37905999999999999E+02
  0.37905999999999999E+02   0.37905999999999999E+02   0.37905999999999999E+02   0.37905999999999999E+02   0.37905999999999999E+02   0.37905999999999999E+02
  0.37905999999999999E+02   0.37905999999999999E+02   0.37905999999999999E+02   0.37905999999999999E+02   0.37905999999999999E+02   0.37905999999999999E+02
  0.37905999999999999E+02   0.37905999999999999E+02   0.37905999999999999E+02   0.37905999999999999E+02   0.37905999999999999E+02   0.37905999999999999E+02
  0.37905999999999999E+02   0.37905999999999999E+02   0.37905999999999999E+02   0.37905999999999999E+02   0.37905999999999999E+02   0.37905999999999999E+02
  0.37905999999999999E+02   0.37905999999999999E+02   0.37905999999999999E+02   0.37905999999999999E+02   0.37905999999999999E+02   0.37905999999999999E+02
  0.37905999999999999E+02   0.37905999999999999E+02   0.37905999999999999E+02   0.37905999999999999E+02   0.37905999999999999E+02   0.37905999999999999E+02
  0.37905999999999999E+02   0.37905999999999999E+02   0.37905999999999999E+02   0.37905999999999999E+02   0.37905999999999999E+02   0.37905999999999999E+02
  0.37905999999999999E+02   0.37905999999999999E+02   0.37905999999999999E+02   0.37905999999999999E+02   0.37905999999999999E+02   0.37905999999999999E+02
  0.37905999999999999E+02   0.37905999999999999E+02   0.37905999999999999E+02
  0.37913200000000003E+02   0.37913200000000003E+02   0.37913200000000003E+02   0.37913200000000003E+02   0.37913200000000003E+02   0.37913200000000003E+02
  0.37913200000000003E+02   0.37913200000000003E+02   0.37913200000000003E+02   0.37913200000000003E+02   0.37913200000000003E+02   0.37913200000000003E+02
  0.37913200000000003E+02   0.37913200000000003E+02   0.37913200000000003E+02   0.37913200000000003E+02   0.37913200000000003E+02   0.37913200000000003E+02
  0.37913200000000003E+02   0.37913200000000003E+02   0.37913200000000003E+02   0.37913200000000003E+02   0.37913200000000003E+02   0.37913200000000003E+02
  0.37913200000000003E+02   0.37913200000000003E+02   0.37913200000000003E+02   0.37913200000000003E+02   0.37913200000000003E+02   0.37913200000000003E+02
  0.37913200000000003E+02   0.37913200000000003E+02   0.37913200000000003E+02   0.37913200000000003E+02   0.37913200000000003E+02   0.37913200000000003E+02
  0.37913200000000003E+02   0.37913200000000003E+02   0.37913200000000003E+02   0.37913200000000003E+02   0.37913200000000003E+02   0.37913200000000003E+02
  0.37913200000000003E+02   0.37913200000000003E+02   0.37913200000000003E+02   0.37913200000000003E+02   0.37913200000000003E+02   0.37913200000000003E+02
  0.37913200000000003E+02   0.37913200000000003E+02   0.37913200000000003E+02   0.37913200000000003E+02   0.37913200000000003E+02   0.37913200000000003E+02
  0.37913200000000003E+02   0.37913200000000003E+02   0.37913200000000003E+02   0.37913200000000003E+02   0.37913200000000003E+02   0.37913200000000003E+02
  0.37913200000000003E+02   0.37913200000000003E+02   0.37913200000000003E+02   0.37913200000000003E+02   0.37913200000000003E+02   0.37913200000000003E+02
  0.37913200000000003E+02   0.37913200000000003E+02   0.37913200000000003E+02
  0.37920400000000001E+02   0.37920400000000001E+02   0.37920400000000001E+02   0.37920400000000001E+02   0.37920400000000001E+02   0.37920400000000001E+02
  0.37920400000000001E+02   0.37920400000000001E+02   0.37920400000000001E+02   0.37920400000000001E+02   0.37920400000000001E+02   0.37920400000000001E+02
  0.37920400000000001E+02   0.37920400000000001E+02   0.37920400000000001E+02   0.37920400000000001E+02   0.37920400000000001E+02   0.37920400000000001E+02
  0.37920400000000001E+02   0.37920400000000001E+02   0.37920400000000001E+02   0.37920400000000001E+02   0.37920400000000001E+02   0.37920400000000001E+02
  0.37920400000000001E+02   0.37920400000000001E+02   0.37920400000000001E+02   0.37920400000000001E+02   0.37920400000000001E+02   0.37920400000000001E+02
  0.37920400000000001E+02   0.37920400000000001E+02   0.37920400000000001E+02   0.37920400000000001E+02   0.37920400000000001E+02   0.37920400000000001E+02
  0.37920400000000001E+02   0.37920400000000001E+02   0.37920400000000001E+02   0.37920400000000001E+02   0.37920400000000001E+02   0.37920400000000001E+02
  0.37920400000000001E+02   0.37920400000000001E+02   0.37920400000000001E+02   0.37920400000000001E+02   0.37920400000000001E+02   0.37920400000000001E+02
  0.37920400000000001E+02   0.37920400000000001E+02   0.37920400000000001E+02   0.37920400000000001E+02   0.37920400000000001E+02   0.37920400000000001E+02
  0.37920400000000001E+02   0.37920400000000001E+02   0.37920400000000001E+02   0.37920400000000001E+02   0.37920400000000001E+02   0.37920400000000001E+02
  0.37920400000000001E+02   0.37920400000000001E+02   0.37920400000000001E+02   0.37920400000000001E+02   0.37920400000000001E+02   0.37920400000000001E+02
  0.37920400000000001E+02   0.37920400000000001E+02   0.37920400000000001E+02
  0.37927599999999998E+02   0.37927599999999998E+02   0.37927599999999998E+02   0.37927599999999998E+02   0.37927599999999998E+02   0.37927599999999998E+02
  0.37927599999999998E+02   0.37927599999999998E+02   0.37927599999999998E+02   0.37927599999999998E+02   0.37927599999999998E+02   0.37927599999999998E+02
  0.37927599999999998E+02   0.37927599999999998E+02   0.37927599999999998E+02   0.37927599999999998E+02   0.37927599999999998E+02   0.37927599999999998E+02
  0.37927599999999998E+02   0.37927599999999998E+02   0.37927599999999998E+02   0.37927599999999998E+02   0.37927599999999998E+02   0.37927599999999998E+02
  0.37927599999999998E+02   0.37927599999999998E+02   0.37927599999999998E+02   0.37927599999999998E+02   0.37927599999999998E+02   0.37927599999999998E+02
  0.37927599999999998E+02   0.37927599999999998E+02   0.37927599999999998E+02   0.37927599999999998E+02   0.37927599999999998E+02   0.37927599999999998E+02
  0.37927599999999998E+02   0.37927599999999998E+02   0.37927599999999998E+02   0.37927599999999998E+02   0.37927599999999998E+02   0.37927599999999998E+02
  0.37927599999999998E+02   0.37927599999999998E+02   0.37927599999999998E+02   0.37927599999999998E+02   0.37927599999999998E+02   0.37927599999999998E+02
  0.37927599999999998E+02   0.37927599999999998E+02   0.37927599999999998E+02   0.37927599999999998E+02   0.37927599999999998E+02   0.37927599999999998E+02
  0.37927599999999998E+02   0.37927599999999998E+02   0.37927599999999998E+02   0.37927599999999998E+02   0.37927599999999998E+02   0.37927599999999998E+02
  0.37927599999999998E+02   0.37927599999999998E+02   0.37927599999999998E+02   0.37927599999999998E+02   0.37927599999999998E+02   0.37927599999999998E+02
  0.37927599999999998E+02   0.37927599999999998E+02   0.37927599999999998E+02
  0.37934800000000003E+02   0.37934800000000003E+02   0.37934800000000003E+02   0.37934800000000003E+02   0.37934800000000003E+02   0.37934800000000003E+02
  0.37934800000000003E+02   0.37934800000000003E+02   0.37934800000000003E+02   0.37934800000000003E+02   0.37934800000000003E+02   0.37934800000000003E+02
  0.37934800000000003E+02   0.37934800000000003E+02   0.37934800000000003E+02   0.37934800000000003E+02   0.37934800000000003E+02   0.37934800000000003E+02
  0.37934800000000003E+02   0.37934800000000003E+02   0.37934800000000003E+02   0.37934800000000003E+02   0.37934800000000003E+02   0.37934800000000003E+02
  0.37934800000000003E+02   0.37934800000000003E+02   0.37934800000000003E+02   0.37934800000000003E+02   0.37934800000000003E+02   0.37934800000000003E+02
  0.37934800000000003E+02   0.37934800000000003E+02   0.37934800000000003E+02   0.37934800000000003E+02   0.37934800000000003E+02   0.37934800000000003E+02
  0.37934800000000003E+02   0.37934800000000003E+02   0.37934800000000003E+02   0.37934800000000003E+02   0.37934800000000003E+02   0.37934800000000003E+02
  0.37934800000000003E+02   0.37934800000000003E+02   0.37934800000000003E+02   0.37934800000000003E+02   0.37934800000000003E+02   0.37934800000000003E+02
  0.37934800000000003E+02   0.37934800000000003E+02   0.37934800000000003E+02   0.37934800000000003E+02   0.37934800000000003E+02   0.37934800000000003E+02
  0.37934800000000003E+02   0.37934800000000003E+02   0.37934800000000003E+02   0.37934800000000003E+02   0.37934800000000003E+02   0.37934800000000003E+02
  0.37934800000000003E+02   0.37934800000000003E+02   0.37934800000000003E+02   0.37934800000000003E+02   0.37934800000000003E+02   0.37934800000000003E+02
  0.37934800000000003E+02   0.37934800000000003E+02   0.37934800000000003E+02
  0.37942000000000000E+02   0.37942000000000000E+02   0.37942000000000000E+02   0.37942000000000000E+02   0.37942000000000000E+02   0.37942000000000000E+02
  0.37942000000000000E+02   0.37942000000000000E+02   0.37942000000000000E+02   0.37942000000000000E+02   0.37942000000000000E+02   0.37942000000000000E+02
  0.37942000000000000E+02   0.37942000000000000E+02   0.37942000000000000E+02   0.37942000000000000E+02   0.37942000000000000E+02   0.37942000000000000E+02
  0.37942000000000000E+02   0.37942000000000000E+02   0.37942000000000000E+02   0.37942000000000000E+02   0.37942000000000000E+02   0.37942000000000000E+02
  0.37942000000000000E+02   0.37942000000000000E+02   0.37942000000000000E+02   0.37942000000000000E+02   0.37942000000000000E+02   0.37942000000000000E+02
  0.37942000000000000E+02   0.37942000000000000E+02   0.37942000000000000E+02   0.37942000000000000E+02   0.37942000000000000E+02   0.37942000000000000E+02
  0.37942000000000000E+02   0.37942000000000000E+02   0.37942000000000000E+02   0.37942000000000000E+02   0.37942000000000000E+02   0.37942000000000000E+02
  0.37942000000000000E+02   0.37942000000000000E+02   0.37942000000000000E+02   0.37942000000000000E+02   0.37942000000000000E+02   0.37942000000000000E+02
  0.37942000000000000E+02   0.37942000000000000E+02   0.37942000000000000E+02   0.37942000000000000E+02   0.37942000000000000E+02   0.37942000000000000E+02
  0.37942000000000000E+02   0.37942000000000000E+02   0.37942000000000000E+02   0.37942000000000000E+02   0.37942000000000000E+02   0.37942000000000000E+02
  0.37942000000000000E+02   0.37942000000000000E+02   0.37942000000000000E+02   0.37942000000000000E+02   0.37942000000000000E+02   0.37942000000000000E+02
  0.37942000000000000E+02   0.37942000000000000E+02   0.37942000000000000E+02
  0.37949199999999998E+02   0.37949199999999998E+02   0.37949199999999998E+02   0.37949199999999998E+02   0.37949199999999998E+02   0.37949199999999998E+02
  0.37949199999999998E+02   0.37949199999999998E+02   0.37949199999999998E+02   0.37949199999999998E+02   0.37949199999999998E+02   0.37949199999999998E+02
  0.37949199999999998E+02   0.37949199999999998E+02   0.37949199999999998E+02   0.37949199999999998E+02   0.37949199999999998E+02   0.37949199999999998E+02
  0.37949199999999998E+02   0.37949199999999998E+02   0.37949199999999998E+02   0.37949199999999998E+02   0.37949199999999998E+02   0.37949199999999998E+02
  0.37949199999999998E+02   0.37949199999999998E+02   0.37949199999999998E+02   0.37949199999999998E+02   0.37949199999999998E+02   0.37949199999999998E+02
  0.37949199999999998E+02   0.37949199999999998E+02   0.37949199999999998E+02   0.37949199999999998E+02   0.37949199999999998E+02   0.37949199999999998E+02
  0.37949199999999998E+02   0.37949199999999998E+02   0.37949199999999998E+02   0.37949199999999998E+02   0.37949199999999998E+02   0.37949199999999998E+02
  0.37949199999999998E+02   0.37949199999999998E+02   0.37949199999999998E+02   0.37949199999999998E+02   0.37949199999999998E+02   0.37949199999999998E+02
  0.37949199999999998E+02   0.37949199999999998E+02   0.37949199999999998E+02   0.37949199999999998E+02   0.37949199999999998E+02   0.37949199999999998E+02
  0.37949199999999998E+02   0.37949199999999998E+02   0.37949199999999998E+02   0.37949199999999998E+02   0.37949199999999998E+02   0.37949199999999998E+02
  0.37949199999999998E+02   0.37949199999999998E+02   0.37949199999999998E+02   0.37949199999999998E+02   0.37949199999999998E+02   0.37949199999999998E+02
  0.37949199999999998E+02   0.37949199999999998E+02   0.37949199999999998E+02
  0.37956400000000002E+02   0.37956400000000002E+02   0.37956400000000002E+02   0.37956400000000002E+02   0.37956400000000002E+02   0.37956400000000002E+02
  0.37956400000000002E+02   0.37956400000000002E+02   0.37956400000000002E+02   0.37956400000000002E+02   0.37956400000000002E+02   0.37956400000000002E+02
  0.37956400000000002E+02   0.37956400000000002E+02   0.37956400000000002E+02   0.37956400000000002E+02   0.37956400000000002E+02   0.37956400000000002E+02
  0.37956400000000002E+02   0.37956400000000002E+02   0.37956400000000002E+02   0.37956400000000002E+02   0.37956400000000002E+02   0.37956400000000002E+02
  0.37956400000000002E+02   0.37956400000000002E+02   0.37956400000000002E+02   0.37956400000000002E+02   0.37956400000000002E+02   0.37956400000000002E+02
  0.37956400000000002E+02   0.37956400000000002E+02   0.37956400000000002E+02   0.37956400000000002E+02   0.37956400000000002E+02   0.37956400000000002E+02
  0.37956400000000002E+02   0.37956400000000002E+02   0.37956400000000002E+02   0.37956400000000002E+02   0.37956400000000002E+02   0.37956400000000002E+02
  0.37956400000000002E+02   0.37956400000000002E+02   0.37956400000000002E+02   0.37956400000000002E+02   0.37956400000000002E+02   0.37956400000000002E+02
  0.37956400000000002E+02   0.37956400000000002E+02   0.37956400000000002E+02   0.37956400000000002E+02   0.37956400000000002E+02   0.37956400000000002E+02
  0.37956400000000002E+02   0.37956400000000002E+02   0.37956400000000002E+02   0.37956400000000002E+02   0.37956400000000002E+02   0.37956400000000002E+02
  0.37956400000000002E+02   0.37956400000000002E+02   0.37956400000000002E+02   0.37956400000000002E+02   0.37956400000000002E+02   0.37956400000000002E+02
  0.37956400000000002E+02   0.37956400000000002E+02   0.37956400000000002E+02
  0.37963600000000000E+02   0.37963600000000000E+02   0.37963600000000000E+02   0.37963600000000000E+02   0.37963600000000000E+02   0.37963600000000000E+02
  0.37963600000000000E+02   0.37963600000000000E+02   0.37963600000000000E+02   0.37963600000000000E+02   0.37963600000000000E+02   0.37963600000000000E+02
  0.37963600000000000E+02   0.37963600000000000E+02   0.37963600000000000E+02   0.37963600000000000E+02   0.37963600000000000E+02   0.37963600000000000E+02
  0.37963600000000000E+02   0.37963600000000000E+02   0.37963600000000000E+02   0.37963600000000000E+02   0.37963600000000000E+02   0.37963600000000000E+02
  0.37963600000000000E+02   0.37963600000000000E+02   0.37963600000000000E+02   0.37963600000000000E+02   0.37963600000000000E+02   0.37963600000000000E+02
  0.37963600000000000E+02   0.37963600000000000E+02   0.37963600000000000E+02   0.37963600000000000E+02   0.37963600000000000E+02   0.37963600000000000E+02
  0.37963600000000000E+02   0.37963600000000000E+02   0.37963600000000000E+02   0.37963600000000000E+02   0.37963600000000000E+02   0.37963600000000000E+02
  0.37963600000000000E+02   0.37963600000000000E+02   0.37963600000000000E+02   0.37963600000000000E+02   0.37963600000000000E+02   0.37963600000000000E+02
  0.37963600000000000E+02   0.37963600000000000E+02   0.37963600000000000E+02   0.37963600000000000E+02   0.37963600000000000E+02   0.37963600000000000E+02
  0.37963600000000000E+02   0.37963600000000000E+02   0.37963600000000000E+02   0.37963600000000000E+02   0.37963600000000000E+02   0.37963600000000000E+02
  0.37963600000000000E+02   0.37963600000000000E+02   0.37963600000000000E+02   0.37963600000000000E+02   0.37963600000000000E+02   0.37963600000000000E+02
  0.37963600000000000E+02   0.37963600000000000E+02   0.37963600000000000E+02
  0.37970799999999997E+02   0.37970799999999997E+02   0.37970799999999997E+02   0.37970799999999997E+02   0.37970799999999997E+02   0.37970799999999997E+02
  0.37970799999999997E+02   0.37970799999999997E+02   0.37970799999999997E+02   0.37970799999999997E+02   0.37970799999999997E+02   0.37970799999999997E+02
  0.37970799999999997E+02   0.37970799999999997E+02   0.37970799999999997E+02   0.37970799999999997E+02   0.37970799999999997E+02   0.37970799999999997E+02
  0.37970799999999997E+02   0.37970799999999997E+02   0.37970799999999997E+02   0.37970799999999997E+02   0.37970799999999997E+02   0.37970799999999997E+02
  0.37970799999999997E+02   0.37970799999999997E+02   0.37970799999999997E+02   0.37970799999999997E+02   0.37970799999999997E+02   0.37970799999999997E+02
  0.37970799999999997E+02   0.37970799999999997E+02   0.37970799999999997E+02   0.37970799999999997E+02   0.37970799999999997E+02   0.37970799999999997E+02
  0.37970799999999997E+02   0.37970799999999997E+02   0.37970799999999997E+02   0.37970799999999997E+02   0.37970799999999997E+02   0.37970799999999997E+02
  0.37970799999999997E+02   0.37970799999999997E+02   0.37970799999999997E+02   0.37970799999999997E+02   0.37970799999999997E+02   0.37970799999999997E+02
  0.37970799999999997E+02   0.37970799999999997E+02   0.37970799999999997E+02   0.37970799999999997E+02   0.37970799999999997E+02   0.37970799999999997E+02
  0.37970799999999997E+02   0.37970799999999997E+02   0.37970799999999997E+02   0.37970799999999997E+02   0.37970799999999997E+02   0.37970799999999997E+02
  0.37970799999999997E+02   0.37970799999999997E+02   0.37970799999999997E+02   0.37970799999999997E+02   0.37970799999999997E+02   0.37970799999999997E+02
  0.37970799999999997E+02   0.37970799999999997E+02   0.37970799999999997E+02
  0.37978000000000002E+02   0.37978000000000002E+02   0.37978000000000002E+02   0.37978000000000002E+02   0.37978000000000002E+02   0.37978000000000002E+02
  0.37978000000000002E+02   0.37978000000000002E+02   0.37978000000000002E+02   0.37978000000000002E+02   0.37978000000000002E+02   0.37978000000000002E+02
  0.37978000000000002E+02   0.37978000000000002E+02   0.37978000000000002E+02   0.37978000000000002E+02   0.37978000000000002E+02   0.37978000000000002E+02
  0.37978000000000002E+02   0.37978000000000002E+02   0.37978000000000002E+02   0.37978000000000002E+02   0.37978000000000002E+02   0.37978000000000002E+02
  0.37978000000000002E+02   0.37978000000000002E+02   0.37978000000000002E+02   0.37978000000000002E+02   0.37978000000000002E+02   0.37978000000000002E+02
  0.37978000000000002E+02   0.37978000000000002E+02   0.37978000000000002E+02   0.37978000000000002E+02   0.37978000000000002E+02   0.37978000000000002E+02
  0.37978000000000002E+02   0.37978000000000002E+02   0.37978000000000002E+02   0.37978000000000002E+02   0.37978000000000002E+02   0.37978000000000002E+02
  0.37978000000000002E+02   0.37978000000000002E+02   0.37978000000000002E+02   0.37978000000000002E+02   0.37978000000000002E+02   0.37978000000000002E+02
  0.37978000000000002E+02   0.37978000000000002E+02   0.37978000000000002E+02   0.37978000000000002E+02   0.37978000000000002E+02   0.37978000000000002E+02
  0.37978000000000002E+02   0.37978000000000002E+02   0.37978000000000002E+02   0.37978000000000002E+02   0.37978000000000002E+02   0.37978000000000002E+02
  0.37978000000000002E+02   0.37978000000000002E+02   0.37978000000000002E+02   0.37978000000000002E+02   0.37978000000000002E+02   0.37978000000000002E+02
  0.37978000000000002E+02   0.37978000000000002E+02   0.37978000000000002E+02
  0.37985199999999999E+02   0.37985199999999999E+02   0.37985199999999999E+02   0.37985199999999999E+02   0.37985199999999999E+02   0.37985199999999999E+02
  0.37985199999999999E+02   0.37985199999999999E+02   0.37985199999999999E+02   0.37985199999999999E+02   0.37985199999999999E+02   0.37985199999999999E+02
  0.37985199999999999E+02   0.37985199999999999E+02   0.37985199999999999E+02   0.37985199999999999E+02   0.37985199999999999E+02   0.37985199999999999E+02
  0.37985199999999999E+02   0.37985199999999999E+02   0.37985199999999999E+02   0.37985199999999999E+02   0.37985199999999999E+02   0.37985199999999999E+02
  0.37985199999999999E+02   0.37985199999999999E+02   0.37985199999999999E+02   0.37985199999999999E+02   0.37985199999999999E+02   0.37985199999999999E+02
  0.37985199999999999E+02   0.37985199999999999E+02   0.37985199999999999E+02   0.37985199999999999E+02   0.37985199999999999E+02   0.37985199999999999E+02
  0.37985199999999999E+02   0.37985199999999999E+02   0.37985199999999999E+02   0.37985199999999999E+02   0.37985199999999999E+02   0.37985199999999999E+02
  0.37985199999999999E+02   0.37985199999999999E+02   0.37985199999999999E+02   0.37985199999999999E+02   0.37985199999999999E+02   0.37985199999999999E+02
  0.37985199999999999E+02   0.37985199999999999E+02   0.37985199999999999E+02   0.37985199999999999E+02   0.37985199999999999E+02   0.37985199999999999E+02
  0.37985199999999999E+02   0.37985199999999999E+02   0.37985199999999999E+02   0.37985199999999999E+02   0.37985199999999999E+02   0.37985199999999999E+02
  0.37985199999999999E+02   0.37985199999999999E+02   0.37985199999999999E+02   0.37985199999999999E+02   0.37985199999999999E+02   0.37985199999999999E+02
  0.37985199999999999E+02   0.37985199999999999E+02   0.37985199999999999E+02
  0.37992400000000004E+02   0.37992400000000004E+02   0.37992400000000004E+02   0.37992400000000004E+02   0.37992400000000004E+02   0.37992400000000004E+02
  0.37992400000000004E+02   0.37992400000000004E+02   0.37992400000000004E+02   0.37992400000000004E+02   0.37992400000000004E+02   0.37992400000000004E+02
  0.37992400000000004E+02   0.37992400000000004E+02   0.37992400000000004E+02   0.37992400000000004E+02   0.37992400000000004E+02   0.37992400000000004E+02
  0.37992400000000004E+02   0.37992400000000004E+02   0.37992400000000004E+02   0.37992400000000004E+02   0.37992400000000004E+02   0.37992400000000004E+02
  0.37992400000000004E+02   0.37992400000000004E+02   0.37992400000000004E+02   0.37992400000000004E+02   0.37992400000000004E+02   0.37992400000000004E+02
  0.37992400000000004E+02   0.37992400000000004E+02   0.37992400000000004E+02   0.37992400000000004E+02   0.37992400000000004E+02   0.37992400000000004E+02
  0.37992400000000004E+02   0.37992400000000004E+02   0.37992400000000004E+02   0.37992400000000004E+02   0.37992400000000004E+02   0.37992400000000004E+02
  0.37992400000000004E+02   0.37992400000000004E+02   0.37992400000000004E+02   0.37992400000000004E+02   0.37992400000000004E+02   0.37992400000000004E+02
  0.37992400000000004E+02   0.37992400000000004E+02   0.37992400000000004E+02   0.37992400000000004E+02   0.37992400000000004E+02   0.37992400000000004E+02
  0.37992400000000004E+02   0.37992400000000004E+02   0.37992400000000004E+02   0.37992400000000004E+02   0.37992400000000004E+02   0.37992400000000004E+02
  0.37992400000000004E+02   0.37992400000000004E+02   0.37992400000000004E+02   0.37992400000000004E+02   0.37992400000000004E+02   0.37992400000000004E+02
  0.37992400000000004E+02   0.37992400000000004E+02   0.37992400000000004E+02
  0.37999600000000001E+02   0.37999600000000001E+02   0.37999600000000001E+02   0.37999600000000001E+02   0.37999600000000001E+02   0.37999600000000001E+02
  0.37999600000000001E+02   0.37999600000000001E+02   0.37999600000000001E+02   0.37999600000000001E+02   0.37999600000000001E+02   0.37999600000000001E+02
  0.37999600000000001E+02   0.37999600000000001E+02   0.37999600000000001E+02   0.37999600000000001E+02   0.37999600000000001E+02   0.37999600000000001E+02
  0.37999600000000001E+02   0.37999600000000001E+02   0.37999600000000001E+02   0.37999600000000001E+02   0.37999600000000001E+02   0.37999600000000001E+02
  0.37999600000000001E+02   0.37999600000000001E+02   0.37999600000000001E+02   0.37999600000000001E+02   0.37999600000000001E+02   0.37999600000000001E+02
  0.37999600000000001E+02   0.37999600000000001E+02   0.37999600000000001E+02   0.37999600000000001E+02   0.37999600000000001E+02   0.37999600000000001E+02
  0.37999600000000001E+02   0.37999600000000001E+02   0.37999600000000001E+02   0.37999600000000001E+02   0.37999600000000001E+02   0.37999600000000001E+02
  0.37999600000000001E+02   0.37999600000000001E+02   0.37999600000000001E+02   0.37999600000000001E+02   0.37999600000000001E+02   0.37999600000000001E+02
  0.37999600000000001E+02   0.37999600000000001E+02   0.37999600000000001E+02   0.37999600000000001E+02   0.37999600000000001E+02   0.37999600000000001E+02
  0.37999600000000001E+02   0.37999600000000001E+02   0.37999600000000001E+02   0.37999600000000001E+02   0.37999600000000001E+02   0.37999600000000001E+02
  0.37999600000000001E+02   0.37999600000000001E+02   0.37999600000000001E+02   0.37999600000000001E+02   0.37999600000000001E+02   0.37999600000000001E+02
  0.37999600000000001E+02   0.37999600000000001E+02   0.37999600000000001E+02
  0.38006799999999998E+02   0.38006799999999998E+02   0.38006799999999998E+02   0.38006799999999998E+02   0.38006799999999998E+02   0.38006799999999998E+02
  0.38006799999999998E+02   0.38006799999999998E+02   0.38006799999999998E+02   0.38006799999999998E+02   0.38006799999999998E+02   0.38006799999999998E+02
  0.38006799999999998E+02   0.38006799999999998E+02   0.38006799999999998E+02   0.38006799999999998E+02   0.38006799999999998E+02   0.38006799999999998E+02
  0.38006799999999998E+02   0.38006799999999998E+02   0.38006799999999998E+02   0.38006799999999998E+02   0.38006799999999998E+02   0.38006799999999998E+02
  0.38006799999999998E+02   0.38006799999999998E+02   0.38006799999999998E+02   0.38006799999999998E+02   0.38006799999999998E+02   0.38006799999999998E+02
  0.38006799999999998E+02   0.38006799999999998E+02   0.38006799999999998E+02   0.38006799999999998E+02   0.38006799999999998E+02   0.38006799999999998E+02
  0.38006799999999998E+02   0.38006799999999998E+02   0.38006799999999998E+02   0.38006799999999998E+02   0.38006799999999998E+02   0.38006799999999998E+02
  0.38006799999999998E+02   0.38006799999999998E+02   0.38006799999999998E+02   0.38006799999999998E+02   0.38006799999999998E+02   0.38006799999999998E+02
  0.38006799999999998E+02   0.38006799999999998E+02   0.38006799999999998E+02   0.38006799999999998E+02   0.38006799999999998E+02   0.38006799999999998E+02
  0.38006799999999998E+02   0.38006799999999998E+02   0.38006799999999998E+02   0.38006799999999998E+02   0.38006799999999998E+02   0.38006799999999998E+02
  0.38006799999999998E+02   0.38006799999999998E+02   0.38006799999999998E+02   0.38006799999999998E+02   0.38006799999999998E+02   0.38006799999999998E+02
  0.38006799999999998E+02   0.38006799999999998E+02   0.38006799999999998E+02
  0.38014000000000003E+02   0.38014000000000003E+02   0.38014000000000003E+02   0.38014000000000003E+02   0.38014000000000003E+02   0.38014000000000003E+02
  0.38014000000000003E+02   0.38014000000000003E+02   0.38014000000000003E+02   0.38014000000000003E+02   0.38014000000000003E+02   0.38014000000000003E+02
  0.38014000000000003E+02   0.38014000000000003E+02   0.38014000000000003E+02   0.38014000000000003E+02   0.38014000000000003E+02   0.38014000000000003E+02
  0.38014000000000003E+02   0.38014000000000003E+02   0.38014000000000003E+02   0.38014000000000003E+02   0.38014000000000003E+02   0.38014000000000003E+02
  0.38014000000000003E+02   0.38014000000000003E+02   0.38014000000000003E+02   0.38014000000000003E+02   0.38014000000000003E+02   0.38014000000000003E+02
  0.38014000000000003E+02   0.38014000000000003E+02   0.38014000000000003E+02   0.38014000000000003E+02   0.38014000000000003E+02   0.38014000000000003E+02
  0.38014000000000003E+02   0.38014000000000003E+02   0.38014000000000003E+02   0.38014000000000003E+02   0.38014000000000003E+02   0.38014000000000003E+02
  0.38014000000000003E+02   0.38014000000000003E+02   0.38014000000000003E+02   0.38014000000000003E+02   0.38014000000000003E+02   0.38014000000000003E+02
  0.38014000000000003E+02   0.38014000000000003E+02   0.38014000000000003E+02   0.38014000000000003E+02   0.38014000000000003E+02   0.38014000000000003E+02
  0.38014000000000003E+02   0.38014000000000003E+02   0.38014000000000003E+02   0.38014000000000003E+02   0.38014000000000003E+02   0.38014000000000003E+02
  0.38014000000000003E+02   0.38014000000000003E+02   0.38014000000000003E+02   0.38014000000000003E+02   0.38014000000000003E+02   0.38014000000000003E+02
  0.38014000000000003E+02   0.38014000000000003E+02   0.38014000000000003E+02
  0.38021200000000000E+02   0.38021200000000000E+02   0.38021200000000000E+02   0.38021200000000000E+02   0.38021200000000000E+02   0.38021200000000000E+02
  0.38021200000000000E+02   0.38021200000000000E+02   0.38021200000000000E+02   0.38021200000000000E+02   0.38021200000000000E+02   0.38021200000000000E+02
  0.38021200000000000E+02   0.38021200000000000E+02   0.38021200000000000E+02   0.38021200000000000E+02   0.38021200000000000E+02   0.38021200000000000E+02
  0.38021200000000000E+02   0.38021200000000000E+02   0.38021200000000000E+02   0.38021200000000000E+02   0.38021200000000000E+02   0.38021200000000000E+02
  0.38021200000000000E+02   0.38021200000000000E+02   0.38021200000000000E+02   0.38021200000000000E+02   0.38021200000000000E+02   0.38021200000000000E+02
  0.38021200000000000E+02   0.38021200000000000E+02   0.38021200000000000E+02   0.38021200000000000E+02   0.38021200000000000E+02   0.38021200000000000E+02
  0.38021200000000000E+02   0.38021200000000000E+02   0.38021200000000000E+02   0.38021200000000000E+02   0.38021200000000000E+02   0.38021200000000000E+02
  0.38021200000000000E+02   0.38021200000000000E+02   0.38021200000000000E+02   0.38021200000000000E+02   0.38021200000000000E+02   0.38021200000000000E+02
  0.38021200000000000E+02   0.38021200000000000E+02   0.38021200000000000E+02   0.38021200000000000E+02   0.38021200000000000E+02   0.38021200000000000E+02
  0.38021200000000000E+02   0.38021200000000000E+02   0.38021200000000000E+02   0.38021200000000000E+02   0.38021200000000000E+02   0.38021200000000000E+02
  0.38021200000000000E+02   0.38021200000000000E+02   0.38021200000000000E+02   0.38021200000000000E+02   0.38021200000000000E+02   0.38021200000000000E+02
  0.38021200000000000E+02   0.38021200000000000E+02   0.38021200000000000E+02
  0.38028399999999998E+02   0.38028399999999998E+02   0.38028399999999998E+02   0.38028399999999998E+02   0.38028399999999998E+02   0.38028399999999998E+02
  0.38028399999999998E+02   0.38028399999999998E+02   0.38028399999999998E+02   0.38028399999999998E+02   0.38028399999999998E+02   0.38028399999999998E+02
  0.38028399999999998E+02   0.38028399999999998E+02   0.38028399999999998E+02   0.38028399999999998E+02   0.38028399999999998E+02   0.38028399999999998E+02
  0.38028399999999998E+02   0.38028399999999998E+02   0.38028399999999998E+02   0.38028399999999998E+02   0.38028399999999998E+02   0.38028399999999998E+02
  0.38028399999999998E+02   0.38028399999999998E+02   0.38028399999999998E+02   0.38028399999999998E+02   0.38028399999999998E+02   0.38028399999999998E+02
  0.38028399999999998E+02   0.38028399999999998E+02   0.38028399999999998E+02   0.38028399999999998E+02   0.38028399999999998E+02   0.38028399999999998E+02
  0.38028399999999998E+02   0.38028399999999998E+02   0.38028399999999998E+02   0.38028399999999998E+02   0.38028399999999998E+02   0.38028399999999998E+02
  0.38028399999999998E+02   0.38028399999999998E+02   0.38028399999999998E+02   0.38028399999999998E+02   0.38028399999999998E+02   0.38028399999999998E+02
  0.38028399999999998E+02   0.38028399999999998E+02   0.38028399999999998E+02   0.38028399999999998E+02   0.38028399999999998E+02   0.38028399999999998E+02
  0.38028399999999998E+02   0.38028399999999998E+02   0.38028399999999998E+02   0.38028399999999998E+02   0.38028399999999998E+02   0.38028399999999998E+02
  0.38028399999999998E+02   0.38028399999999998E+02   0.38028399999999998E+02   0.38028399999999998E+02   0.38028399999999998E+02   0.38028399999999998E+02
  0.38028399999999998E+02   0.38028399999999998E+02   0.38028399999999998E+02
  0.38035600000000002E+02   0.38035600000000002E+02   0.38035600000000002E+02   0.38035600000000002E+02   0.38035600000000002E+02   0.38035600000000002E+02
  0.38035600000000002E+02   0.38035600000000002E+02   0.38035600000000002E+02   0.38035600000000002E+02   0.38035600000000002E+02   0.38035600000000002E+02
  0.38035600000000002E+02   0.38035600000000002E+02   0.38035600000000002E+02   0.38035600000000002E+02   0.38035600000000002E+02   0.38035600000000002E+02
  0.38035600000000002E+02   0.38035600000000002E+02   0.38035600000000002E+02   0.38035600000000002E+02   0.38035600000000002E+02   0.38035600000000002E+02
  0.38035600000000002E+02   0.38035600000000002E+02   0.38035600000000002E+02   0.38035600000000002E+02   0.38035600000000002E+02   0.38035600000000002E+02
  0.38035600000000002E+02   0.38035600000000002E+02   0.38035600000000002E+02   0.38035600000000002E+02   0.38035600000000002E+02   0.38035600000000002E+02
  0.38035600000000002E+02   0.38035600000000002E+02   0.38035600000000002E+02   0.38035600000000002E+02   0.38035600000000002E+02   0.38035600000000002E+02
  0.38035600000000002E+02   0.38035600000000002E+02   0.38035600000000002E+02   0.38035600000000002E+02   0.38035600000000002E+02   0.38035600000000002E+02
  0.38035600000000002E+02   0.38035600000000002E+02   0.38035600000000002E+02   0.38035600000000002E+02   0.38035600000000002E+02   0.38035600000000002E+02
  0.38035600000000002E+02   0.38035600000000002E+02   0.38035600000000002E+02   0.38035600000000002E+02   0.38035600000000002E+02   0.38035600000000002E+02
  0.38035600000000002E+02   0.38035600000000002E+02   0.38035600000000002E+02   0.38035600000000002E+02   0.38035600000000002E+02   0.38035600000000002E+02
  0.38035600000000002E+02   0.38035600000000002E+02   0.38035600000000002E+02
  0.38042800000000000E+02   0.38042800000000000E+02   0.38042800000000000E+02   0.38042800000000000E+02   0.38042800000000000E+02   0.38042800000000000E+02
  0.38042800000000000E+02   0.38042800000000000E+02   0.38042800000000000E+02   0.38042800000000000E+02   0.38042800000000000E+02   0.38042800000000000E+02
  0.38042800000000000E+02   0.38042800000000000E+02   0.38042800000000000E+02   0.38042800000000000E+02   0.38042800000000000E+02   0.38042800000000000E+02
  0.38042800000000000E+02   0.38042800000000000E+02   0.38042800000000000E+02   0.38042800000000000E+02   0.38042800000000000E+02   0.38042800000000000E+02
  0.38042800000000000E+02   0.38042800000000000E+02   0.38042800000000000E+02   0.38042800000000000E+02   0.38042800000000000E+02   0.38042800000000000E+02
  0.38042800000000000E+02   0.38042800000000000E+02   0.38042800000000000E+02   0.38042800000000000E+02   0.38042800000000000E+02   0.38042800000000000E+02
  0.38042800000000000E+02   0.38042800000000000E+02   0.38042800000000000E+02   0.38042800000000000E+02   0.38042800000000000E+02   0.38042800000000000E+02
  0.38042800000000000E+02   0.38042800000000000E+02   0.38042800000000000E+02   0.38042800000000000E+02   0.38042800000000000E+02   0.38042800000000000E+02
  0.38042800000000000E+02   0.38042800000000000E+02   0.38042800000000000E+02   0.38042800000000000E+02   0.38042800000000000E+02   0.38042800000000000E+02
  0.38042800000000000E+02   0.38042800000000000E+02   0.38042800000000000E+02   0.38042800000000000E+02   0.38042800000000000E+02   0.38042800000000000E+02
  0.38042800000000000E+02   0.38042800000000000E+02   0.38042800000000000E+02   0.38042800000000000E+02   0.38042800000000000E+02   0.38042800000000000E+02
  0.38042800000000000E+02   0.38042800000000000E+02   0.38042800000000000E+02
  0.38049999999999997E+02   0.38049999999999997E+02   0.38049999999999997E+02   0.38049999999999997E+02   0.38049999999999997E+02   0.38049999999999997E+02
  0.38049999999999997E+02   0.38049999999999997E+02   0.38049999999999997E+02   0.38049999999999997E+02   0.38049999999999997E+02   0.38049999999999997E+02
  0.38049999999999997E+02   0.38049999999999997E+02   0.38049999999999997E+02   0.38049999999999997E+02   0.38049999999999997E+02   0.38049999999999997E+02
  0.38049999999999997E+02   0.38049999999999997E+02   0.38049999999999997E+02   0.38049999999999997E+02   0.38049999999999997E+02   0.38049999999999997E+02
  0.38049999999999997E+02   0.38049999999999997E+02   0.38049999999999997E+02   0.38049999999999997E+02   0.38049999999999997E+02   0.38049999999999997E+02
  0.38049999999999997E+02   0.38049999999999997E+02   0.38049999999999997E+02   0.38049999999999997E+02   0.38049999999999997E+02   0.38049999999999997E+02
  0.38049999999999997E+02   0.38049999999999997E+02   0.38049999999999997E+02   0.38049999999999997E+02   0.38049999999999997E+02   0.38049999999999997E+02
  0.38049999999999997E+02   0.38049999999999997E+02   0.38049999999999997E+02   0.38049999999999997E+02   0.38049999999999997E+02   0.38049999999999997E+02
  0.38049999999999997E+02   0.38049999999999997E+02   0.38049999999999997E+02   0.38049999999999997E+02   0.38049999999999997E+02   0.38049999999999997E+02
  0.38049999999999997E+02   0.38049999999999997E+02   0.38049999999999997E+02   0.38049999999999997E+02   0.38049999999999997E+02   0.38049999999999997E+02
  0.38049999999999997E+02   0.38049999999999997E+02   0.38049999999999997E+02   0.38049999999999997E+02   0.38049999999999997E+02   0.38049999999999997E+02
  0.38049999999999997E+02   0.38049999999999997E+02   0.38049999999999997E+02
  0.38057200000000002E+02   0.38057200000000002E+02   0.38057200000000002E+02   0.38057200000000002E+02   0.38057200000000002E+02   0.38057200000000002E+02
  0.38057200000000002E+02   0.38057200000000002E+02   0.38057200000000002E+02   0.38057200000000002E+02   0.38057200000000002E+02   0.38057200000000002E+02
  0.38057200000000002E+02   0.38057200000000002E+02   0.38057200000000002E+02   0.38057200000000002E+02   0.38057200000000002E+02   0.38057200000000002E+02
  0.38057200000000002E+02   0.38057200000000002E+02   0.38057200000000002E+02   0.38057200000000002E+02   0.38057200000000002E+02   0.38057200000000002E+02
  0.38057200000000002E+02   0.38057200000000002E+02   0.38057200000000002E+02   0.38057200000000002E+02   0.38057200000000002E+02   0.38057200000000002E+02
  0.38057200000000002E+02   0.38057200000000002E+02   0.38057200000000002E+02   0.38057200000000002E+02   0.38057200000000002E+02   0.38057200000000002E+02
  0.38057200000000002E+02   0.38057200000000002E+02   0.38057200000000002E+02   0.38057200000000002E+02   0.38057200000000002E+02   0.38057200000000002E+02
  0.38057200000000002E+02   0.38057200000000002E+02   0.38057200000000002E+02   0.38057200000000002E+02   0.38057200000000002E+02   0.38057200000000002E+02
  0.38057200000000002E+02   0.38057200000000002E+02   0.38057200000000002E+02   0.38057200000000002E+02   0.38057200000000002E+02   0.38057200000000002E+02
  0.38057200000000002E+02   0.38057200000000002E+02   0.38057200000000002E+02   0.38057200000000002E+02   0.38057200000000002E+02   0.38057200000000002E+02
  0.38057200000000002E+02   0.38057200000000002E+02   0.38057200000000002E+02   0.38057200000000002E+02   0.38057200000000002E+02   0.38057200000000002E+02
  0.38057200000000002E+02   0.38057200000000002E+02   0.38057200000000002E+02
  0.38064399999999999E+02   0.38064399999999999E+02   0.38064399999999999E+02   0.38064399999999999E+02   0.38064399999999999E+02   0.38064399999999999E+02
  0.38064399999999999E+02   0.38064399999999999E+02   0.38064399999999999E+02   0.38064399999999999E+02   0.38064399999999999E+02   0.38064399999999999E+02
  0.38064399999999999E+02   0.38064399999999999E+02   0.38064399999999999E+02   0.38064399999999999E+02   0.38064399999999999E+02   0.38064399999999999E+02
  0.38064399999999999E+02   0.38064399999999999E+02   0.38064399999999999E+02   0.38064399999999999E+02   0.38064399999999999E+02   0.38064399999999999E+02
  0.38064399999999999E+02   0.38064399999999999E+02   0.38064399999999999E+02   0.38064399999999999E+02   0.38064399999999999E+02   0.38064399999999999E+02
  0.38064399999999999E+02   0.38064399999999999E+02   0.38064399999999999E+02   0.38064399999999999E+02   0.38064399999999999E+02   0.38064399999999999E+02
  0.38064399999999999E+02   0.38064399999999999E+02   0.38064399999999999E+02   0.38064399999999999E+02   0.38064399999999999E+02   0.38064399999999999E+02
  0.38064399999999999E+02   0.38064399999999999E+02   0.38064399999999999E+02   0.38064399999999999E+02   0.38064399999999999E+02   0.38064399999999999E+02
  0.38064399999999999E+02   0.38064399999999999E+02   0.38064399999999999E+02   0.38064399999999999E+02   0.38064399999999999E+02   0.38064399999999999E+02
  0.38064399999999999E+02   0.38064399999999999E+02   0.38064399999999999E+02   0.38064399999999999E+02   0.38064399999999999E+02   0.38064399999999999E+02
  0.38064399999999999E+02   0.38064399999999999E+02   0.38064399999999999E+02   0.38064399999999999E+02   0.38064399999999999E+02   0.38064399999999999E+02
  0.38064399999999999E+02   0.38064399999999999E+02   0.38064399999999999E+02
  0.38071599999999997E+02   0.38071599999999997E+02   0.38071599999999997E+02   0.38071599999999997E+02   0.38071599999999997E+02   0.38071599999999997E+02
  0.38071599999999997E+02   0.38071599999999997E+02   0.38071599999999997E+02   0.38071599999999997E+02   0.38071599999999997E+02   0.38071599999999997E+02
  0.38071599999999997E+02   0.38071599999999997E+02   0.38071599999999997E+02   0.38071599999999997E+02   0.38071599999999997E+02   0.38071599999999997E+02
  0.38071599999999997E+02   0.38071599999999997E+02   0.38071599999999997E+02   0.38071599999999997E+02   0.38071599999999997E+02   0.38071599999999997E+02
  0.38071599999999997E+02   0.38071599999999997E+02   0.38071599999999997E+02   0.38071599999999997E+02   0.38071599999999997E+02   0.38071599999999997E+02
  0.38071599999999997E+02   0.38071599999999997E+02   0.38071599999999997E+02   0.38071599999999997E+02   0.38071599999999997E+02   0.38071599999999997E+02
  0.38071599999999997E+02   0.38071599999999997E+02   0.38071599999999997E+02   0.38071599999999997E+02   0.38071599999999997E+02   0.38071599999999997E+02
  0.38071599999999997E+02   0.38071599999999997E+02   0.38071599999999997E+02   0.38071599999999997E+02   0.38071599999999997E+02   0.38071599999999997E+02
  0.38071599999999997E+02   0.38071599999999997E+02   0.38071599999999997E+02   0.38071599999999997E+02   0.38071599999999997E+02   0.38071599999999997E+02
  0.38071599999999997E+02   0.38071599999999997E+02   0.38071599999999997E+02   0.38071599999999997E+02   0.38071599999999997E+02   0.38071599999999997E+02
  0.38071599999999997E+02   0.38071599999999997E+02   0.38071599999999997E+02   0.38071599999999997E+02   0.38071599999999997E+02   0.38071599999999997E+02
  0.38071599999999997E+02   0.38071599999999997E+02   0.38071599999999997E+02
