    0.256852E+00    0.256629E+00    0.256319E+00    0.256046E+00
    0.255773E+00    0.255501E+00    0.255228E+00    0.254955E+00
    0.254695E+00    0.254435E+00    0.254175E+00    0.253915E+00
    0.253670E+00    0.252779E+00    0.252286E+00    0.251793E+00
    0.250480E+00    0.250038E+00    0.249469E+00    0.247981E+00
    0.247698E+00    0.246579E+00    0.247102E+00    0.246712E+00
    0.246905E+00    0.245172E+00    0.243045E+00    0.243045E+00
    0.243045E+00    0.243045E+00    0.243045E+00    0.243045E+00
    0.243045E+00    0.243045E+00    0.243045E+00   -0.978192E-01
   -0.978192E-01   -0.978192E-01   -0.978192E-01   -0.978192E-01
   -0.294615E+00   -0.298496E+00   -0.298496E+00   -0.298496E+00
   -0.298496E+00   -0.298496E+00   -0.298496E+00   -0.298496E+00
   -0.446700E+00   -0.455424E+00   -0.462245E+00   -0.462245E+00
   -0.462245E+00   -0.462245E+00   -0.462245E+00   -0.462245E+00
   -0.527310E+00   -0.527310E+00   -0.527310E+00   -0.527310E+00
   -0.527310E+00   -0.579248E+00   -0.579248E+00   -0.579248E+00
   -0.579248E+00   -0.579248E+00   -0.579248E+00   -0.579248E+00
   -0.579248E+00   -0.579248E+00   -0.676057E+00   -0.676057E+00
   -0.676057E+00   -0.676057E+00   -0.676057E+00   -0.676057E+00
   -0.676057E+00   -0.676057E+00   -0.676057E+00   -0.718304E+00
   -0.718304E+00   -0.718304E+00   -0.718304E+00   -0.718304E+00
   -0.718304E+00   -0.718304E+00   -0.718304E+00   -0.718304E+00
   -0.718304E+00   -0.718304E+00   -0.718304E+00   -0.718304E+00
   -0.851024E+00   -0.851024E+00   -0.851024E+00   -0.851024E+00
   -0.851024E+00   -0.851024E+00   -0.985761E+00   -0.985761E+00
   -0.985761E+00   -0.985761E+00   -0.985761E+00   -0.985761E+00
   -0.985761E+00   -0.985761E+00   -0.985761E+00   -0.985761E+00
   -0.985761E+00   -0.985761E+00   -0.985761E+00   -0.985761E+00
   -0.985761E+00   -0.985761E+00   -0.985761E+00   -0.985761E+00
   -0.107249E+01   -0.107249E+01   -0.107249E+01   -0.107249E+01
   -0.107249E+01    0.255441E+00    0.255318E+00    0.255195E+00
    0.254895E+00    0.254595E+00    0.254294E+00    0.253994E+00
    0.253694E+00    0.253434E+00    0.253174E+00    0.252914E+00
    0.252654E+00    0.252169E+00    0.250446E+00    0.248723E+00
    0.247957E+00    0.246373E+00    0.241513E+00    0.240764E+00
    0.238091E+00    0.235308E+00    0.232294E+00    0.229379E+00
    0.228583E+00    0.246905E+00    0.245172E+00    0.243045E+00
    0.243045E+00    0.243045E+00    0.243045E+00    0.243045E+00
    0.243045E+00    0.243045E+00    0.243045E+00   -0.978192E-01
   -0.978192E-01   -0.978192E-01   -0.978192E-01   -0.978192E-01
   -0.978192E-01   -0.294615E+00   -0.298496E+00   -0.298496E+00
   -0.298496E+00   -0.298496E+00   -0.298496E+00   -0.298496E+00
   -0.298496E+00   -0.446700E+00   -0.455424E+00   -0.462245E+00
   -0.462245E+00   -0.462245E+00   -0.462245E+00   -0.462245E+00
   -0.462245E+00   -0.527310E+00   -0.527310E+00   -0.527310E+00
   -0.527310E+00   -0.527310E+00   -0.579248E+00   -0.579248E+00
   -0.579248E+00   -0.579248E+00   -0.579248E+00   -0.579248E+00
   -0.579248E+00   -0.579248E+00   -0.676057E+00   -0.676057E+00
   -0.676057E+00   -0.676057E+00   -0.676057E+00   -0.676057E+00
   -0.676057E+00   -0.676057E+00   -0.676057E+00   -0.718304E+00
   -0.718304E+00   -0.718304E+00   -0.718304E+00   -0.718304E+00
   -0.718304E+00   -0.718304E+00   -0.718304E+00   -0.718304E+00
   -0.718304E+00   -0.718304E+00   -0.718304E+00   -0.851024E+00
   -0.851024E+00   -0.851024E+00   -0.851024E+00   -0.851024E+00
   -0.851024E+00   -0.851024E+00   -0.985761E+00   -0.985761E+00
   -0.985761E+00   -0.985761E+00   -0.985761E+00   -0.985761E+00
   -0.985761E+00   -0.985761E+00   -0.985761E+00   -0.985761E+00
   -0.985761E+00   -0.985761E+00   -0.985761E+00   -0.985761E+00
   -0.985761E+00   -0.985761E+00   -0.985761E+00   -0.107249E+01
   -0.107249E+01   -0.107249E+01   -0.107249E+01   -0.107249E+01
   -0.116060E+01   -0.116060E+01    0.254417E+00    0.254244E+00
    0.254071E+00    0.253621E+00    0.253170E+00    0.252720E+00
    0.252270E+00    0.251819E+00    0.251559E+00    0.251299E+00
    0.251039E+00    0.250226E+00    0.250813E+00    0.248898E+00
    0.246982E+00    0.245066E+00    0.242414E+00    0.237554E+00
    0.230661E+00    0.223457E+00    0.219445E+00    0.213922E+00
    0.208704E+00    0.228583E+00    0.228583E+00    0.245172E+00
    0.243045E+00    0.243045E+00    0.243045E+00    0.243045E+00
    0.243045E+00    0.243045E+00   -0.212784E-01   -0.978192E-01
   -0.978192E-01   -0.978192E-01   -0.978192E-01   -0.978192E-01
   -0.978192E-01   -0.294615E+00   -0.294615E+00   -0.298496E+00
   -0.298496E+00   -0.298496E+00   -0.298496E+00   -0.298496E+00
   -0.298496E+00   -0.298496E+00   -0.446700E+00   -0.455424E+00
   -0.462245E+00   -0.462245E+00   -0.462245E+00   -0.462245E+00
   -0.462245E+00   -0.527310E+00   -0.527310E+00   -0.527310E+00
   -0.527310E+00   -0.527310E+00   -0.579248E+00   -0.579248E+00
   -0.579248E+00   -0.579248E+00   -0.579248E+00   -0.579248E+00
   -0.579248E+00   -0.579248E+00   -0.676057E+00   -0.676057E+00
   -0.676057E+00   -0.676057E+00   -0.676057E+00   -0.676057E+00
   -0.676057E+00   -0.676057E+00   -0.676057E+00   -0.718304E+00
   -0.718304E+00   -0.718304E+00   -0.718304E+00   -0.718304E+00
   -0.718304E+00   -0.718304E+00   -0.718304E+00   -0.718304E+00
   -0.718304E+00   -0.718304E+00   -0.718304E+00   -0.851024E+00
   -0.851024E+00   -0.851024E+00   -0.851024E+00   -0.851024E+00
   -0.851024E+00   -0.985761E+00   -0.985761E+00   -0.985761E+00
   -0.985761E+00   -0.985761E+00   -0.985761E+00   -0.985761E+00
   -0.985761E+00   -0.985761E+00   -0.985761E+00   -0.985761E+00
   -0.985761E+00   -0.985761E+00   -0.985761E+00   -0.985761E+00
   -0.985761E+00   -0.985761E+00   -0.107249E+01   -0.107249E+01
   -0.107249E+01   -0.107249E+01   -0.107249E+01   -0.116060E+01
   -0.116060E+01   -0.116060E+01   -0.116060E+01    0.253393E+00
    0.253170E+00    0.252947E+00    0.252347E+00    0.251746E+00
    0.251146E+00    0.250545E+00    0.249945E+00    0.249685E+00
    0.249400E+00    0.248548E+00    0.247696E+00    0.250063E+00
    0.247156E+00    0.244248E+00    0.241340E+00    0.237944E+00
    0.230955E+00    0.220569E+00    0.212146E+00    0.206959E+00
    0.195586E+00    0.187490E+00    0.177356E+00    0.177356E+00
    0.141690E+00    0.141690E+00    0.101883E+00    0.243045E+00
   -0.212784E-01   -0.212784E-01   -0.212784E-01   -0.212784E-01
   -0.978192E-01   -0.978192E-01   -0.978192E-01   -0.978192E-01
   -0.978192E-01   -0.978192E-01   -0.294615E+00   -0.294615E+00
   -0.298496E+00   -0.298496E+00   -0.298496E+00   -0.298496E+00
   -0.298496E+00   -0.298496E+00   -0.298496E+00   -0.446700E+00
   -0.455424E+00   -0.462245E+00   -0.462245E+00   -0.462245E+00
   -0.462245E+00   -0.462245E+00   -0.527310E+00   -0.527310E+00
   -0.527310E+00   -0.527310E+00   -0.527310E+00   -0.579248E+00
   -0.579248E+00   -0.579248E+00   -0.579248E+00   -0.579248E+00
   -0.579248E+00   -0.579248E+00   -0.579248E+00   -0.676057E+00
   -0.676057E+00   -0.676057E+00   -0.676057E+00   -0.676057E+00
   -0.676057E+00   -0.676057E+00   -0.676057E+00   -0.718304E+00
   -0.718304E+00   -0.718304E+00   -0.718304E+00   -0.718304E+00
   -0.718304E+00   -0.718304E+00   -0.718304E+00   -0.718304E+00
   -0.718304E+00   -0.718304E+00   -0.851024E+00   -0.851024E+00
   -0.851024E+00   -0.851024E+00   -0.851024E+00   -0.851024E+00
   -0.851024E+00   -0.985761E+00   -0.985761E+00   -0.985761E+00
   -0.985761E+00   -0.985761E+00   -0.985761E+00   -0.985761E+00
   -0.985761E+00   -0.985761E+00   -0.985761E+00   -0.985761E+00
   -0.985761E+00   -0.985761E+00   -0.985761E+00   -0.985761E+00
   -0.985761E+00   -0.107249E+01   -0.107249E+01   -0.107249E+01
   -0.107249E+01   -0.107249E+01   -0.116060E+01   -0.116060E+01
   -0.116060E+01   -0.116060E+01   -0.116060E+01   -0.116060E+01
    0.252369E+00    0.252097E+00    0.251824E+00    0.251073E+00
    0.250322E+00    0.249572E+00    0.248821E+00    0.248070E+00
    0.247722E+00    0.246870E+00    0.246018E+00    0.245165E+00
    0.246261E+00    0.242579E+00    0.238896E+00    0.235214E+00
    0.229489E+00    0.218713E+00    0.207937E+00    0.200414E+00
    0.193353E+00    0.171747E+00    0.163309E+00    0.153960E+00
    0.141690E+00    0.141690E+00    0.101883E+00    0.101883E+00
    0.500237E-01   -0.212784E-01   -0.212784E-01   -0.212784E-01
   -0.978192E-01   -0.978192E-01   -0.978192E-01   -0.978192E-01
   -0.978192E-01   -0.978192E-01   -0.145487E+00   -0.294615E+00
   -0.294615E+00   -0.298496E+00   -0.298496E+00   -0.298496E+00
   -0.298496E+00   -0.298496E+00   -0.298496E+00   -0.441087E+00
   -0.446700E+00   -0.455424E+00   -0.462245E+00   -0.462245E+00
   -0.462245E+00   -0.462245E+00   -0.462245E+00   -0.527310E+00
   -0.527310E+00   -0.527310E+00   -0.527310E+00   -0.527310E+00
   -0.579248E+00   -0.579248E+00   -0.579248E+00   -0.579248E+00
   -0.579248E+00   -0.579248E+00   -0.579248E+00   -0.676057E+00
   -0.676057E+00   -0.676057E+00   -0.676057E+00   -0.676057E+00
   -0.676057E+00   -0.676057E+00   -0.676057E+00   -0.718304E+00
   -0.718304E+00   -0.718304E+00   -0.718304E+00   -0.718304E+00
   -0.718304E+00   -0.718304E+00   -0.718304E+00   -0.718304E+00
   -0.718304E+00   -0.718304E+00   -0.851024E+00   -0.851024E+00
   -0.851024E+00   -0.851024E+00   -0.851024E+00   -0.851024E+00
   -0.985761E+00   -0.985761E+00   -0.985761E+00   -0.985761E+00
   -0.985761E+00   -0.985761E+00   -0.985761E+00   -0.985761E+00
   -0.985761E+00   -0.985761E+00   -0.985761E+00   -0.985761E+00
   -0.985761E+00   -0.985761E+00   -0.985761E+00   -0.985761E+00
   -0.107249E+01   -0.107249E+01   -0.107249E+01   -0.107249E+01
   -0.107249E+01   -0.116060E+01   -0.116060E+01   -0.116060E+01
   -0.116060E+01   -0.116060E+01   -0.116060E+01   -0.116060E+01
   -0.116060E+01    0.251175E+00    0.250864E+00    0.250552E+00
    0.249413E+00    0.248275E+00    0.247136E+00    0.245997E+00
    0.244858E+00    0.244006E+00    0.243154E+00    0.242301E+00
    0.241449E+00    0.231584E+00    0.227901E+00    0.223854E+00
    0.219526E+00    0.213142E+00    0.200585E+00    0.188029E+00
    0.179819E+00    0.165876E+00    0.149207E+00    0.142111E+00
    0.133186E+00    0.116137E+00    0.101883E+00    0.101883E+00
    0.500237E-01   -0.826954E-02   -0.212784E-01   -0.212784E-01
   -0.212784E-01   -0.978192E-01   -0.978192E-01   -0.978192E-01
   -0.978192E-01   -0.978192E-01   -0.145487E+00   -0.255493E+00
   -0.294615E+00   -0.294615E+00   -0.298496E+00   -0.298496E+00
   -0.298496E+00   -0.298496E+00   -0.298496E+00   -0.298496E+00
   -0.441087E+00   -0.446700E+00   -0.455424E+00   -0.462245E+00
   -0.462245E+00   -0.462245E+00   -0.462245E+00   -0.462245E+00
   -0.527310E+00   -0.527310E+00   -0.527310E+00   -0.527310E+00
   -0.579248E+00   -0.579248E+00   -0.579248E+00   -0.579248E+00
   -0.579248E+00   -0.579248E+00   -0.579248E+00   -0.676057E+00
   -0.676057E+00   -0.676057E+00   -0.676057E+00   -0.676057E+00
   -0.676057E+00   -0.676057E+00   -0.676057E+00   -0.718304E+00
   -0.718304E+00   -0.718304E+00   -0.718304E+00   -0.718304E+00
   -0.718304E+00   -0.718304E+00   -0.718304E+00   -0.718304E+00
   -0.718304E+00   -0.851024E+00   -0.851024E+00   -0.851024E+00
   -0.851024E+00   -0.851024E+00   -0.851024E+00   -0.851024E+00
   -0.985761E+00   -0.985761E+00   -0.985761E+00   -0.985761E+00
   -0.985761E+00   -0.985761E+00   -0.985761E+00   -0.985761E+00
   -0.985761E+00   -0.985761E+00   -0.985761E+00   -0.985761E+00
   -0.985761E+00   -0.985761E+00   -0.985761E+00   -0.107249E+01
   -0.107249E+01   -0.107249E+01   -0.107249E+01   -0.107249E+01
   -0.116060E+01   -0.116060E+01   -0.116060E+01   -0.116060E+01
   -0.116060E+01   -0.116060E+01   -0.116060E+01   -0.116060E+01
   -0.116060E+01   -0.116060E+01    0.249413E+00    0.249102E+00
    0.248791E+00    0.246474E+00    0.244157E+00    0.241840E+00
    0.239523E+00    0.237205E+00    0.236353E+00    0.235501E+00
    0.234649E+00    0.223582E+00    0.215546E+00    0.211083E+00
    0.206620E+00    0.202157E+00    0.195335E+00    0.181433E+00
    0.167530E+00    0.151372E+00    0.137089E+00    0.124771E+00
    0.118347E+00    0.956266E-01    0.766107E-01    0.674873E-01
    0.500237E-01    0.500237E-01   -0.826954E-02   -0.212784E-01
   -0.212784E-01   -0.830772E-01   -0.978192E-01   -0.978192E-01
   -0.978192E-01   -0.978192E-01   -0.145487E+00   -0.145487E+00
   -0.255493E+00   -0.294615E+00   -0.294615E+00   -0.298496E+00
   -0.298496E+00   -0.298496E+00   -0.298496E+00   -0.298496E+00
   -0.298496E+00   -0.441087E+00   -0.446700E+00   -0.455424E+00
   -0.462245E+00   -0.462245E+00   -0.462245E+00   -0.462245E+00
   -0.527310E+00   -0.527310E+00   -0.527310E+00   -0.527310E+00
   -0.527310E+00   -0.579248E+00   -0.579248E+00   -0.579248E+00
   -0.579248E+00   -0.579248E+00   -0.579248E+00   -0.579248E+00
   -0.676057E+00   -0.676057E+00   -0.676057E+00   -0.676057E+00
   -0.676057E+00   -0.676057E+00   -0.676057E+00   -0.718304E+00
   -0.718304E+00   -0.718304E+00   -0.718304E+00   -0.718304E+00
   -0.718304E+00   -0.718304E+00   -0.718304E+00   -0.718304E+00
   -0.718304E+00   -0.851024E+00   -0.851024E+00   -0.851024E+00
   -0.851024E+00   -0.851024E+00   -0.851024E+00   -0.985761E+00
   -0.985761E+00   -0.985761E+00   -0.985761E+00   -0.985761E+00
   -0.985761E+00   -0.985761E+00   -0.985761E+00   -0.985761E+00
   -0.985761E+00   -0.985761E+00   -0.985761E+00   -0.985761E+00
   -0.985761E+00   -0.985761E+00   -0.107249E+01   -0.107249E+01
   -0.107249E+01   -0.107249E+01   -0.107249E+01   -0.116060E+01
   -0.116060E+01   -0.116060E+01   -0.116060E+01   -0.116060E+01
   -0.116060E+01   -0.116060E+01   -0.116060E+01   -0.116060E+01
   -0.116060E+01   -0.116060E+01   -0.116060E+01    0.247652E+00
    0.247341E+00    0.247029E+00    0.243534E+00    0.240039E+00
    0.236543E+00    0.233048E+00    0.229553E+00    0.228700E+00
    0.226855E+00    0.215672E+00    0.204488E+00    0.195294E+00
    0.190277E+00    0.185260E+00    0.180243E+00    0.173005E+00
    0.159102E+00    0.137544E+00    0.119916E+00    0.104238E+00
    0.908731E-01    0.799253E-01    0.653592E-01    0.456648E-01
    0.384828E-01    0.217183E-01    0.541864E-02   -0.826954E-02
   -0.212784E-01   -0.212784E-01   -0.830772E-01   -0.978192E-01
   -0.978192E-01   -0.978192E-01   -0.145487E+00   -0.145487E+00
   -0.255493E+00   -0.255493E+00   -0.294615E+00   -0.294615E+00
   -0.298496E+00   -0.298496E+00   -0.298496E+00   -0.298496E+00
   -0.298496E+00   -0.441087E+00   -0.441087E+00   -0.446700E+00
   -0.455424E+00   -0.462245E+00   -0.462245E+00   -0.462245E+00
   -0.462245E+00   -0.527310E+00   -0.527310E+00   -0.527310E+00
   -0.527310E+00   -0.527310E+00   -0.579248E+00   -0.579248E+00
   -0.579248E+00   -0.579248E+00   -0.579248E+00   -0.579248E+00
   -0.676057E+00   -0.676057E+00   -0.676057E+00   -0.676057E+00
   -0.676057E+00   -0.676057E+00   -0.676057E+00   -0.718304E+00
   -0.718304E+00   -0.718304E+00   -0.718304E+00   -0.718304E+00
   -0.718304E+00   -0.718304E+00   -0.718304E+00   -0.718304E+00
   -0.851024E+00   -0.851024E+00   -0.851024E+00   -0.851024E+00
   -0.851024E+00   -0.851024E+00   -0.851024E+00   -0.985761E+00
   -0.985761E+00   -0.985761E+00   -0.985761E+00   -0.985761E+00
   -0.985761E+00   -0.985761E+00   -0.985761E+00   -0.985761E+00
   -0.985761E+00   -0.985761E+00   -0.985761E+00   -0.985761E+00
   -0.985761E+00   -0.107249E+01   -0.107249E+01   -0.107249E+01
   -0.107249E+01   -0.107249E+01   -0.116060E+01   -0.116060E+01
   -0.116060E+01   -0.116060E+01   -0.116060E+01   -0.116060E+01
   -0.116060E+01   -0.116060E+01   -0.116060E+01   -0.116060E+01
   -0.116060E+01   -0.116060E+01   -0.116060E+01   -0.116060E+01
    0.245979E+00    0.245579E+00    0.245268E+00    0.240595E+00
    0.235921E+00    0.231247E+00    0.226574E+00    0.221900E+00
    0.218945E+00    0.207761E+00    0.196578E+00    0.185394E+00
    0.175043E+00    0.169471E+00    0.163900E+00    0.158328E+00
    0.150674E+00    0.130613E+00    0.102295E+00    0.877016E-01
    0.710031E-01    0.548226E-01    0.401970E-01    0.255710E-01
    0.879197E-02   -0.597045E-02   -0.243978E-01   -0.317339E-01
   -0.431588E-01   -0.566407E-01   -0.708002E-01   -0.830772E-01
   -0.978192E-01   -0.978192E-01   -0.145487E+00   -0.145487E+00
   -0.193502E+00   -0.255493E+00   -0.255493E+00   -0.294615E+00
   -0.294615E+00   -0.298496E+00   -0.298496E+00   -0.298496E+00
   -0.298496E+00   -0.298496E+00   -0.441087E+00   -0.441087E+00
   -0.446700E+00   -0.455424E+00   -0.462245E+00   -0.462245E+00
   -0.462245E+00   -0.462245E+00   -0.527310E+00   -0.527310E+00
   -0.527310E+00   -0.527310E+00   -0.579248E+00   -0.579248E+00
   -0.579248E+00   -0.579248E+00   -0.579248E+00   -0.579248E+00
   -0.676057E+00   -0.676057E+00   -0.676057E+00   -0.676057E+00
   -0.676057E+00   -0.676057E+00   -0.676057E+00   -0.718304E+00
   -0.718304E+00   -0.718304E+00   -0.718304E+00   -0.718304E+00
   -0.718304E+00   -0.718304E+00   -0.718304E+00   -0.718304E+00
   -0.851024E+00   -0.851024E+00   -0.851024E+00   -0.851024E+00
   -0.851024E+00   -0.851024E+00   -0.985761E+00   -0.985761E+00
   -0.985761E+00   -0.985761E+00   -0.985761E+00   -0.985761E+00
   -0.985761E+00   -0.985761E+00   -0.985761E+00   -0.985761E+00
   -0.985761E+00   -0.985761E+00   -0.985761E+00   -0.985761E+00
   -0.107249E+01   -0.107249E+01   -0.107249E+01   -0.107249E+01
   -0.107249E+01   -0.116060E+01   -0.116060E+01   -0.116060E+01
   -0.116060E+01   -0.116060E+01   -0.116060E+01   -0.116060E+01
   -0.116060E+01   -0.116060E+01   -0.116060E+01   -0.116060E+01
   -0.116060E+01   -0.116060E+01   -0.116060E+01   -0.116060E+01
   -0.116060E+01    0.243420E+00    0.242867E+00    0.242314E+00
    0.236793E+00    0.231272E+00    0.225751E+00    0.220230E+00
    0.210934E+00    0.199259E+00    0.187583E+00    0.175908E+00
    0.164232E+00    0.152555E+00    0.146585E+00    0.140615E+00
    0.134645E+00    0.115360E+00    0.783468E-01    0.562374E-01
    0.470211E-01    0.367237E-01    0.204874E-01    0.563781E-02
   -0.921207E-02   -0.237184E-01   -0.389307E-01   -0.556483E-01
   -0.623001E-01   -0.715762E-01   -0.912052E-01   -0.106253E+00
   -0.118097E+00   -0.131016E+00   -0.145487E+00   -0.145487E+00
   -0.193502E+00   -0.255493E+00   -0.255493E+00   -0.255493E+00
   -0.294615E+00   -0.294615E+00   -0.298496E+00   -0.298496E+00
   -0.298496E+00   -0.298496E+00   -0.413980E+00   -0.441087E+00
   -0.441087E+00   -0.446700E+00   -0.455424E+00   -0.462245E+00
   -0.462245E+00   -0.462245E+00   -0.462245E+00   -0.527310E+00
   -0.527310E+00   -0.527310E+00   -0.527310E+00   -0.579248E+00
   -0.579248E+00   -0.579248E+00   -0.579248E+00   -0.579248E+00
   -0.579248E+00   -0.676057E+00   -0.676057E+00   -0.676057E+00
   -0.676057E+00   -0.676057E+00   -0.676057E+00   -0.718304E+00
   -0.718304E+00   -0.718304E+00   -0.718304E+00   -0.718304E+00
   -0.718304E+00   -0.718304E+00   -0.718304E+00   -0.851024E+00
   -0.851024E+00   -0.851024E+00   -0.851024E+00   -0.851024E+00
   -0.851024E+00   -0.851024E+00   -0.985761E+00   -0.985761E+00
   -0.985761E+00   -0.985761E+00   -0.985761E+00   -0.985761E+00
   -0.985761E+00   -0.985761E+00   -0.985761E+00   -0.985761E+00
   -0.985761E+00   -0.985761E+00   -0.985761E+00   -0.107249E+01
   -0.107249E+01   -0.107249E+01   -0.107249E+01   -0.107249E+01
   -0.116060E+01   -0.116060E+01   -0.116060E+01   -0.116060E+01
   -0.116060E+01   -0.116060E+01   -0.116060E+01   -0.116060E+01
   -0.116060E+01   -0.116060E+01   -0.116060E+01   -0.116060E+01
   -0.116060E+01   -0.116060E+01   -0.116060E+01   -0.116060E+01
   -0.116060E+01   -0.116060E+01    0.238141E+00    0.237224E+00
    0.236307E+00    0.230786E+00    0.225265E+00    0.219744E+00
    0.212938E+00    0.191487E+00    0.178059E+00    0.164631E+00
    0.151202E+00    0.137773E+00    0.124345E+00    0.118374E+00
    0.112404E+00    0.101168E+00    0.838916E-01    0.274209E-01
    0.182384E-01    0.905713E-02   -0.124376E-03   -0.107624E-01
   -0.257703E-01   -0.407784E-01   -0.579100E-01   -0.726526E-01
   -0.852169E-01   -0.912444E-01   -0.116100E+00   -0.135666E+00
   -0.142889E+00   -0.154665E+00   -0.167121E+00   -0.179977E+00
   -0.193502E+00   -0.193502E+00   -0.255493E+00   -0.255493E+00
   -0.255493E+00   -0.294615E+00   -0.294615E+00   -0.298496E+00
   -0.298496E+00   -0.298496E+00   -0.354004E+00   -0.413980E+00
   -0.441087E+00   -0.441087E+00   -0.446700E+00   -0.455424E+00
   -0.462245E+00   -0.462245E+00   -0.462245E+00   -0.520259E+00
   -0.527310E+00   -0.527310E+00   -0.527310E+00   -0.527310E+00
   -0.579248E+00   -0.579248E+00   -0.579248E+00   -0.579248E+00
   -0.579248E+00   -0.676057E+00   -0.676057E+00   -0.676057E+00
   -0.676057E+00   -0.676057E+00   -0.676057E+00   -0.718304E+00
   -0.718304E+00   -0.718304E+00   -0.718304E+00   -0.718304E+00
   -0.718304E+00   -0.718304E+00   -0.718304E+00   -0.851024E+00
   -0.851024E+00   -0.851024E+00   -0.851024E+00   -0.851024E+00
   -0.851024E+00   -0.985761E+00   -0.985761E+00   -0.985761E+00
   -0.985761E+00   -0.985761E+00   -0.985761E+00   -0.985761E+00
   -0.985761E+00   -0.985761E+00   -0.985761E+00   -0.985761E+00
   -0.985761E+00   -0.985761E+00   -0.107249E+01   -0.107249E+01
   -0.107249E+01   -0.107249E+01   -0.107249E+01   -0.116060E+01
   -0.116060E+01   -0.116060E+01   -0.116060E+01   -0.116060E+01
   -0.116060E+01   -0.116060E+01   -0.116060E+01   -0.116060E+01
   -0.116060E+01   -0.116060E+01   -0.116060E+01   -0.116060E+01
   -0.116060E+01   -0.116060E+01   -0.116060E+01   -0.116060E+01
   -0.116060E+01   -0.116060E+01   -0.116060E+01    0.232862E+00
    0.231581E+00    0.230299E+00    0.224779E+00    0.219258E+00
    0.213737E+00    0.193490E+00    0.172039E+00    0.156859E+00
    0.141678E+00    0.126497E+00    0.111315E+00    0.961336E-01
    0.901635E-01    0.795010E-01    0.622253E-01    0.449493E-01
    0.316206E-02   -0.590222E-02   -0.149648E-01   -0.240276E-01
   -0.345765E-01   -0.495842E-01   -0.724887E-01   -0.905416E-01
   -0.106480E+00   -0.119941E+00   -0.130934E+00   -0.145202E+00
   -0.164125E+00   -0.170755E+00   -0.184097E+00   -0.196960E+00
   -0.210286E+00   -0.226808E+00   -0.241464E+00   -0.255493E+00
   -0.255493E+00   -0.303702E+00   -0.294615E+00   -0.294615E+00
   -0.298496E+00   -0.298496E+00   -0.354004E+00   -0.413980E+00
   -0.413980E+00   -0.441087E+00   -0.441087E+00   -0.446700E+00
   -0.455424E+00   -0.462245E+00   -0.462245E+00   -0.462245E+00
   -0.520259E+00   -0.527310E+00   -0.527310E+00   -0.527310E+00
   -0.579248E+00   -0.579248E+00   -0.579248E+00   -0.579248E+00
   -0.579248E+00   -0.676057E+00   -0.676057E+00   -0.676057E+00
   -0.676057E+00   -0.676057E+00   -0.676057E+00   -0.718304E+00
   -0.718304E+00   -0.718304E+00   -0.718304E+00   -0.718304E+00
   -0.718304E+00   -0.718304E+00   -0.851024E+00   -0.851024E+00
   -0.851024E+00   -0.851024E+00   -0.851024E+00   -0.851024E+00
   -0.851024E+00   -0.985761E+00   -0.985761E+00   -0.985761E+00
   -0.985761E+00   -0.985761E+00   -0.985761E+00   -0.985761E+00
   -0.985761E+00   -0.985761E+00   -0.985761E+00   -0.985761E+00
   -0.985761E+00   -0.107249E+01   -0.107249E+01   -0.107249E+01
   -0.107249E+01   -0.107249E+01   -0.116060E+01   -0.116060E+01
   -0.116060E+01   -0.116060E+01   -0.116060E+01   -0.116060E+01
   -0.116060E+01   -0.116060E+01   -0.116060E+01   -0.116060E+01
   -0.116060E+01   -0.116060E+01   -0.116060E+01   -0.116060E+01
   -0.116060E+01   -0.116060E+01   -0.116060E+01   -0.116060E+01
   -0.116060E+01   -0.116060E+01   -0.116060E+01   -0.116060E+01
    0.227583E+00    0.225938E+00    0.224292E+00    0.218772E+00
    0.213251E+00    0.195492E+00    0.174042E+00    0.152592E+00
    0.135658E+00    0.118725E+00    0.101791E+00    0.848569E-01
    0.679226E-01    0.578334E-01    0.405582E-01    0.232828E-01
    0.600699E-02   -0.210968E-01   -0.300429E-01   -0.389867E-01
   -0.479308E-01   -0.583906E-01   -0.798284E-01   -0.110570E+00
   -0.128395E+00   -0.145149E+00   -0.156670E+00   -0.171019E+00
   -0.185369E+00   -0.193549E+00   -0.201081E+00   -0.227000E+00
   -0.229867E+00   -0.253052E+00   -0.269799E+00   -0.276979E+00
   -0.289868E+00   -0.303702E+00   -0.303702E+00   -0.294615E+00
   -0.294615E+00   -0.347956E+00   -0.354004E+00   -0.354004E+00
   -0.413980E+00   -0.413980E+00   -0.441087E+00   -0.441087E+00
   -0.446700E+00   -0.455424E+00   -0.462245E+00   -0.462245E+00
   -0.511559E+00   -0.520259E+00   -0.527310E+00   -0.527310E+00
   -0.527310E+00   -0.579248E+00   -0.579248E+00   -0.579248E+00
   -0.579248E+00   -0.579248E+00   -0.676057E+00   -0.676057E+00
   -0.676057E+00   -0.676057E+00   -0.676057E+00   -0.718304E+00
   -0.718304E+00   -0.718304E+00   -0.718304E+00   -0.718304E+00
   -0.718304E+00   -0.718304E+00   -0.851024E+00   -0.851024E+00
   -0.851024E+00   -0.851024E+00   -0.851024E+00   -0.851024E+00
   -0.985761E+00   -0.985761E+00   -0.985761E+00   -0.985761E+00
   -0.985761E+00   -0.985761E+00   -0.985761E+00   -0.985761E+00
   -0.985761E+00   -0.985761E+00   -0.985761E+00   -0.985761E+00
   -0.107249E+01   -0.107249E+01   -0.107249E+01   -0.107249E+01
   -0.107249E+01   -0.116060E+01   -0.116060E+01   -0.116060E+01
   -0.116060E+01   -0.116060E+01   -0.116060E+01   -0.116060E+01
   -0.116060E+01   -0.116060E+01   -0.116060E+01   -0.116060E+01
   -0.116060E+01   -0.116060E+01   -0.116060E+01   -0.116060E+01
   -0.116060E+01   -0.116060E+01   -0.116060E+01   -0.116060E+01
   -0.116060E+01   -0.116060E+01   -0.116060E+01   -0.116060E+01
   -0.116060E+01    0.222305E+00    0.220295E+00    0.218285E+00
    0.212764E+00    0.197494E+00    0.176044E+00    0.154594E+00
    0.127112E+00    0.111394E+00    0.932874E-01    0.751802E-01
    0.570728E-01    0.389651E-01    0.216110E-01    0.425666E-02
   -0.130979E-01   -0.304528E-01   -0.478079E-01   -0.566723E-01
   -0.655365E-01   -0.744009E-01   -0.949601E-01   -0.134801E+00
   -0.160692E+00   -0.171674E+00   -0.180758E+00   -0.191222E+00
   -0.205828E+00   -0.220434E+00   -0.229683E+00   -0.243771E+00
   -0.263191E+00   -0.275954E+00   -0.284690E+00   -0.302380E+00
   -0.314263E+00   -0.326058E+00   -0.338121E+00   -0.352013E+00
   -0.352013E+00   -0.347956E+00   -0.347956E+00   -0.392662E+00
   -0.403622E+00   -0.413980E+00   -0.413980E+00   -0.441087E+00
   -0.441087E+00   -0.446700E+00   -0.455424E+00   -0.462245E+00
   -0.462245E+00   -0.511559E+00   -0.520259E+00   -0.527310E+00
   -0.527310E+00   -0.573004E+00   -0.579248E+00   -0.579248E+00
   -0.579248E+00   -0.579248E+00   -0.676057E+00   -0.676057E+00
   -0.676057E+00   -0.676057E+00   -0.676057E+00   -0.718304E+00
   -0.718304E+00   -0.718304E+00   -0.718304E+00   -0.718304E+00
   -0.718304E+00   -0.851024E+00   -0.851024E+00   -0.851024E+00
   -0.851024E+00   -0.851024E+00   -0.851024E+00   -0.851024E+00
   -0.985761E+00   -0.985761E+00   -0.985761E+00   -0.985761E+00
   -0.985761E+00   -0.985761E+00   -0.985761E+00   -0.985761E+00
   -0.985761E+00   -0.985761E+00   -0.985761E+00   -0.107249E+01
   -0.107249E+01   -0.107249E+01   -0.107249E+01   -0.107249E+01
   -0.116060E+01   -0.116060E+01   -0.116060E+01   -0.116060E+01
   -0.116060E+01   -0.116060E+01   -0.116060E+01   -0.116060E+01
   -0.116060E+01   -0.116060E+01   -0.116060E+01   -0.116060E+01
   -0.116060E+01   -0.116060E+01   -0.116060E+01   -0.116060E+01
   -0.116060E+01   -0.116060E+01   -0.116060E+01   -0.116060E+01
   -0.116060E+01   -0.116060E+01   -0.116060E+01   -0.116060E+01
   -0.116060E+01   -0.116060E+01    0.217026E+00    0.214652E+00
    0.212277E+00    0.199495E+00    0.174374E+00    0.142948E+00
    0.106073E+00    0.894118E-01    0.770167E-01    0.628165E-01
    0.447096E-01    0.266024E-01    0.849492E-02   -0.909933E-02
   -0.266938E-01   -0.442886E-01   -0.618836E-01   -0.794789E-01
   -0.883431E-01   -0.972072E-01   -0.110388E+00   -0.127667E+00
   -0.184576E+00   -0.193631E+00   -0.202681E+00   -0.211732E+00
   -0.222214E+00   -0.236988E+00   -0.252140E+00   -0.269117E+00
   -0.283635E+00   -0.297714E+00   -0.310476E+00   -0.324205E+00
   -0.343268E+00   -0.351072E+00   -0.363126E+00   -0.375074E+00
   -0.386750E+00   -0.386750E+00   -0.436974E+00   -0.392662E+00
   -0.392662E+00   -0.441956E+00   -0.448702E+00   -0.459807E+00
   -0.468307E+00   -0.475492E+00   -0.485504E+00   -0.493899E+00
   -0.500351E+00   -0.504798E+00   -0.511559E+00   -0.520259E+00
   -0.527310E+00   -0.527310E+00   -0.573004E+00   -0.579248E+00
   -0.579248E+00   -0.579248E+00   -0.624253E+00   -0.676057E+00
   -0.676057E+00   -0.676057E+00   -0.676057E+00   -0.718304E+00
   -0.718304E+00   -0.718304E+00   -0.718304E+00   -0.718304E+00
   -0.718304E+00   -0.851024E+00   -0.851024E+00   -0.851024E+00
   -0.851024E+00   -0.851024E+00   -0.851024E+00   -0.985761E+00
   -0.985761E+00   -0.985761E+00   -0.985761E+00   -0.985761E+00
   -0.985761E+00   -0.985761E+00   -0.985761E+00   -0.985761E+00
   -0.985761E+00   -0.985761E+00   -0.107249E+01   -0.107249E+01
   -0.107249E+01   -0.107249E+01   -0.107249E+01   -0.116060E+01
   -0.116060E+01   -0.116060E+01   -0.116060E+01   -0.116060E+01
   -0.116060E+01   -0.116060E+01   -0.116060E+01   -0.116060E+01
   -0.116060E+01   -0.116060E+01   -0.116060E+01   -0.116060E+01
   -0.116060E+01   -0.116060E+01   -0.116060E+01   -0.116060E+01
   -0.116060E+01   -0.116060E+01   -0.116060E+01   -0.116060E+01
   -0.116060E+01   -0.116060E+01   -0.116060E+01   -0.116060E+01
   -0.116060E+01   -0.116060E+01   -0.116060E+01    0.208641E+00
    0.206031E+00    0.197469E+00    0.161095E+00    0.129669E+00
    0.906781E-01    0.641061E-01    0.517115E-01    0.393165E-01
    0.269213E-01    0.142390E-01   -0.386800E-02   -0.219752E-01
   -0.398096E-01   -0.576443E-01   -0.754792E-01   -0.933144E-01
   -0.111150E+00   -0.120014E+00   -0.132767E+00   -0.150046E+00
   -0.167324E+00   -0.209105E+00   -0.218064E+00   -0.227020E+00
   -0.235976E+00   -0.246387E+00   -0.261161E+00   -0.284396E+00
   -0.302313E+00   -0.318083E+00   -0.333102E+00   -0.346515E+00
   -0.360459E+00   -0.374006E+00   -0.380181E+00   -0.394177E+00
   -0.410813E+00   -0.424466E+00   -0.436974E+00   -0.436974E+00
   -0.501233E+00   -0.441956E+00   -0.441956E+00   -0.489512E+00
   -0.499184E+00   -0.506098E+00   -0.517277E+00   -0.522784E+00
   -0.532258E+00   -0.542178E+00   -0.545506E+00   -0.551050E+00
   -0.558509E+00   -0.563002E+00   -0.572274E+00   -0.573004E+00
   -0.579248E+00   -0.579248E+00   -0.624253E+00   -0.676057E+00
   -0.676057E+00   -0.676057E+00   -0.676057E+00   -0.718304E+00
   -0.718304E+00   -0.718304E+00   -0.718304E+00   -0.718304E+00
   -0.851024E+00   -0.851024E+00   -0.851024E+00   -0.851024E+00
   -0.851024E+00   -0.851024E+00   -0.851024E+00   -0.985761E+00
   -0.985761E+00   -0.985761E+00   -0.985761E+00   -0.985761E+00
   -0.985761E+00   -0.985761E+00   -0.985761E+00   -0.985761E+00
   -0.985761E+00   -0.107249E+01   -0.107249E+01   -0.107249E+01
   -0.107249E+01   -0.107249E+01   -0.116060E+01   -0.116060E+01
   -0.116060E+01   -0.116060E+01   -0.116060E+01   -0.116060E+01
   -0.116060E+01   -0.116060E+01   -0.116060E+01   -0.116060E+01
   -0.116060E+01   -0.116060E+01   -0.116060E+01   -0.116060E+01
   -0.116060E+01   -0.116060E+01   -0.116060E+01   -0.116060E+01
   -0.116060E+01   -0.116060E+01   -0.116060E+01   -0.116060E+01
   -0.116060E+01   -0.116060E+01   -0.116060E+01   -0.116060E+01
   -0.116060E+01   -0.116060E+01   -0.116060E+01   -0.116060E+01
    0.194619E+00    0.186952E+00    0.166691E+00    0.123490E+00
    0.735644E-01    0.387997E-01    0.264056E-01    0.140112E-01
    0.161642E-02   -0.107787E-01   -0.231741E-01   -0.355698E-01
   -0.524454E-01   -0.705200E-01   -0.885948E-01   -0.106670E+00
   -0.124745E+00   -0.142821E+00   -0.155148E+00   -0.172426E+00
   -0.189704E+00   -0.206982E+00   -0.233633E+00   -0.242498E+00
   -0.251359E+00   -0.260221E+00   -0.270560E+00   -0.292298E+00
   -0.324456E+00   -0.336086E+00   -0.352649E+00   -0.368584E+00
   -0.382640E+00   -0.396695E+00   -0.412063E+00   -0.431219E+00
   -0.446197E+00   -0.452758E+00   -0.461554E+00   -0.474045E+00
   -0.486308E+00   -0.501233E+00   -0.501233E+00   -0.527028E+00
   -0.527028E+00   -0.538269E+00   -0.549992E+00   -0.555989E+00
   -0.562443E+00   -0.568321E+00   -0.578804E+00   -0.587817E+00
   -0.593532E+00   -0.602550E+00   -0.606740E+00   -0.609712E+00
   -0.611526E+00   -0.620838E+00   -0.624253E+00   -0.624253E+00
   -0.676057E+00   -0.676057E+00   -0.676057E+00   -0.718304E+00
   -0.718304E+00   -0.718304E+00   -0.718304E+00   -0.718304E+00
   -0.851024E+00   -0.851024E+00   -0.851024E+00   -0.851024E+00
   -0.851024E+00   -0.851024E+00   -0.985761E+00   -0.985761E+00
   -0.985761E+00   -0.985761E+00   -0.985761E+00   -0.985761E+00
   -0.985761E+00   -0.985761E+00   -0.985761E+00   -0.985761E+00
   -0.107249E+01   -0.107249E+01   -0.107249E+01   -0.107249E+01
   -0.107249E+01   -0.116060E+01   -0.116060E+01   -0.116060E+01
   -0.116060E+01   -0.116060E+01   -0.116060E+01   -0.116060E+01
   -0.116060E+01   -0.116060E+01   -0.116060E+01   -0.116060E+01
   -0.116060E+01   -0.116060E+01   -0.116060E+01   -0.116060E+01
   -0.116060E+01   -0.116060E+01   -0.116060E+01   -0.116060E+01
   -0.116060E+01   -0.116060E+01   -0.116060E+01   -0.116060E+01
   -0.116060E+01   -0.116060E+01   -0.116060E+01   -0.116060E+01
   -0.116060E+01   -0.116060E+01   -0.116060E+01   -0.116060E+01
   -0.116060E+01    0.176435E+00    0.156174E+00    0.135913E+00
    0.105423E+00    0.449927E-01    0.852777E-02   -0.394660E-02
   -0.164211E-01   -0.288958E-01   -0.413706E-01   -0.538457E-01
   -0.663208E-01   -0.787961E-01   -0.970194E-01   -0.115243E+00
   -0.133467E+00   -0.151691E+00   -0.173670E+00   -0.191122E+00
   -0.208573E+00   -0.226025E+00   -0.243477E+00   -0.260930E+00
   -0.269732E+00   -0.278535E+00   -0.287338E+00   -0.307501E+00
   -0.349038E+00   -0.369356E+00   -0.378314E+00   -0.387414E+00
   -0.403425E+00   -0.417782E+00   -0.432139E+00   -0.446047E+00
   -0.459906E+00   -0.475695E+00   -0.481378E+00   -0.489627E+00
   -0.508407E+00   -0.522766E+00   -0.534450E+00   -0.548935E+00
   -0.548935E+00   -0.527028E+00   -0.577171E+00   -0.584865E+00
   -0.593263E+00   -0.600781E+00   -0.610724E+00   -0.620700E+00
   -0.628507E+00   -0.633341E+00   -0.642847E+00   -0.648850E+00
   -0.652115E+00   -0.661140E+00   -0.661565E+00   -0.665916E+00
   -0.670167E+00   -0.676057E+00   -0.676057E+00   -0.718304E+00
   -0.718304E+00   -0.718304E+00   -0.718304E+00   -0.805166E+00
   -0.851024E+00   -0.851024E+00   -0.851024E+00   -0.851024E+00
   -0.851024E+00   -0.851024E+00   -0.985761E+00   -0.985761E+00
   -0.985761E+00   -0.985761E+00   -0.985761E+00   -0.985761E+00
   -0.985761E+00   -0.985761E+00   -0.985761E+00   -0.107249E+01
   -0.107249E+01   -0.107249E+01   -0.107249E+01   -0.107249E+01
   -0.116060E+01   -0.116060E+01   -0.116060E+01   -0.116060E+01
   -0.116060E+01   -0.116060E+01   -0.116060E+01   -0.116060E+01
   -0.116060E+01   -0.116060E+01   -0.116060E+01   -0.116060E+01
   -0.116060E+01   -0.116060E+01   -0.116060E+01   -0.116060E+01
   -0.116060E+01   -0.116060E+01   -0.116060E+01   -0.116060E+01
   -0.116060E+01   -0.116060E+01   -0.116060E+01   -0.116060E+01
   -0.116060E+01   -0.116060E+01   -0.116060E+01   -0.116060E+01
   -0.116060E+01   -0.116060E+01   -0.116060E+01   -0.116060E+01
   -0.116060E+01   -0.116060E+01    0.145657E+00    0.125396E+00
    0.105135E+00    0.848734E-01    0.269266E-01   -0.964059E-02
   -0.223249E-01   -0.350094E-01   -0.476940E-01   -0.603788E-01
   -0.730637E-01   -0.857488E-01   -0.984341E-01   -0.116657E+00
   -0.134881E+00   -0.153104E+00   -0.173255E+00   -0.203181E+00
   -0.221091E+00   -0.239000E+00   -0.256910E+00   -0.274819E+00
   -0.292730E+00   -0.301532E+00   -0.310335E+00   -0.323925E+00
   -0.341274E+00   -0.397141E+00   -0.406072E+00   -0.415001E+00
   -0.423931E+00   -0.434263E+00   -0.448803E+00   -0.464125E+00
   -0.480882E+00   -0.495175E+00   -0.507163E+00   -0.512236E+00
   -0.535669E+00   -0.553951E+00   -0.560445E+00   -0.571674E+00
   -0.582209E+00   -0.582209E+00   -0.577171E+00   -0.577171E+00
   -0.625474E+00   -0.634640E+00   -0.644039E+00   -0.653066E+00
   -0.660992E+00   -0.668300E+00   -0.675502E+00   -0.682175E+00
   -0.689144E+00   -0.695704E+00   -0.699049E+00   -0.702618E+00
   -0.709105E+00   -0.710881E+00   -0.715492E+00   -0.718304E+00
   -0.718304E+00   -0.718304E+00   -0.805166E+00   -0.805166E+00
   -0.851024E+00   -0.851024E+00   -0.851024E+00   -0.851024E+00
   -0.851024E+00   -0.985761E+00   -0.985761E+00   -0.985761E+00
   -0.985761E+00   -0.985761E+00   -0.985761E+00   -0.985761E+00
   -0.985761E+00   -0.985761E+00   -0.107249E+01   -0.107249E+01
   -0.107249E+01   -0.107249E+01   -0.107249E+01   -0.116060E+01
   -0.116060E+01   -0.116060E+01   -0.116060E+01   -0.116060E+01
   -0.116060E+01   -0.116060E+01   -0.116060E+01   -0.116060E+01
   -0.116060E+01   -0.116060E+01   -0.116060E+01   -0.116060E+01
   -0.116060E+01   -0.116060E+01   -0.116060E+01   -0.116060E+01
   -0.116060E+01   -0.116060E+01   -0.116060E+01   -0.116060E+01
   -0.116060E+01   -0.116060E+01   -0.116060E+01   -0.116060E+01
   -0.116060E+01   -0.116060E+01   -0.116060E+01   -0.116060E+01
   -0.116060E+01   -0.116060E+01   -0.116060E+01   -0.116060E+01
   -0.116060E+01   -0.116060E+01   -0.116060E+01    0.114878E+00
    0.946176E-01    0.743568E-01    0.540957E-01    0.886055E-02
   -0.278090E-01   -0.407032E-01   -0.535976E-01   -0.664922E-01
   -0.793869E-01   -0.922818E-01   -0.105177E+00   -0.118072E+00
   -0.136295E+00   -0.154518E+00   -0.172842E+00   -0.202767E+00
   -0.232692E+00   -0.251059E+00   -0.269426E+00   -0.287794E+00
   -0.306162E+00   -0.324529E+00   -0.333332E+00   -0.346489E+00
   -0.363838E+00   -0.381186E+00   -0.422062E+00   -0.430921E+00
   -0.439779E+00   -0.448636E+00   -0.458914E+00   -0.473454E+00
   -0.496883E+00   -0.514660E+00   -0.530312E+00   -0.543320E+00
   -0.554330E+00   -0.567918E+00   -0.584426E+00   -0.590145E+00
   -0.603022E+00   -0.616307E+00   -0.616307E+00   -0.680919E+00
   -0.664453E+00   -0.664453E+00   -0.674194E+00   -0.683646E+00
   -0.693420E+00   -0.701696E+00   -0.708841E+00   -0.716784E+00
   -0.725206E+00   -0.731021E+00   -0.736476E+00   -0.739338E+00
   -0.746236E+00   -0.750745E+00   -0.754550E+00   -0.757907E+00
   -0.759857E+00   -0.759857E+00   -0.805166E+00   -0.805166E+00
   -0.851024E+00   -0.851024E+00   -0.851024E+00   -0.851024E+00
   -0.851024E+00   -0.985761E+00   -0.985761E+00   -0.985761E+00
   -0.985761E+00   -0.985761E+00   -0.985761E+00   -0.985761E+00
   -0.985761E+00   -0.107249E+01   -0.107249E+01   -0.107249E+01
   -0.107249E+01   -0.107249E+01   -0.116060E+01   -0.116060E+01
   -0.116060E+01   -0.116060E+01   -0.116060E+01   -0.116060E+01
   -0.116060E+01   -0.116060E+01   -0.116060E+01   -0.116060E+01
   -0.116060E+01   -0.116060E+01   -0.116060E+01   -0.116060E+01
   -0.116060E+01   -0.116060E+01   -0.116060E+01   -0.116060E+01
   -0.116060E+01   -0.116060E+01   -0.116060E+01   -0.116060E+01
   -0.116060E+01   -0.116060E+01   -0.116060E+01   -0.116060E+01
   -0.116060E+01   -0.116060E+01   -0.116060E+01   -0.116060E+01
   -0.116060E+01   -0.116060E+01   -0.116060E+01   -0.116060E+01
   -0.116060E+01   -0.116060E+01   -0.116060E+01   -0.116060E+01
    0.840996E-01    0.638393E-01    0.435788E-01    0.233180E-01
   -0.920555E-02   -0.459774E-01   -0.590816E-01   -0.721859E-01
   -0.852904E-01   -0.983950E-01   -0.111500E+00   -0.124605E+00
   -0.137710E+00   -0.155933E+00   -0.174156E+00   -0.202353E+00
   -0.232278E+00   -0.262203E+00   -0.281028E+00   -0.299853E+00
   -0.318678E+00   -0.337504E+00   -0.356329E+00   -0.369054E+00
   -0.386402E+00   -0.403750E+00   -0.421098E+00   -0.446984E+00
   -0.455771E+00   -0.464556E+00   -0.473341E+00   -0.483565E+00
   -0.505494E+00   -0.538736E+00   -0.555179E+00   -0.571295E+00
   -0.581346E+00   -0.595080E+00   -0.608814E+00   -0.622812E+00
   -0.636898E+00   -0.649781E+00   -0.663883E+00   -0.673036E+00
   -0.680919E+00   -0.680919E+00   -0.702088E+00   -0.711376E+00
   -0.723223E+00   -0.732448E+00   -0.740716E+00   -0.745121E+00
   -0.756230E+00   -0.759376E+00   -0.771085E+00   -0.776835E+00
   -0.784171E+00   -0.785140E+00   -0.792170E+00   -0.796522E+00
   -0.799978E+00   -0.802294E+00   -0.805166E+00   -0.805166E+00
   -0.851024E+00   -0.851024E+00   -0.851024E+00   -0.851024E+00
   -0.939003E+00   -0.985761E+00   -0.985761E+00   -0.985761E+00
   -0.985761E+00   -0.985761E+00   -0.985761E+00   -0.985761E+00
   -0.107249E+01   -0.107249E+01   -0.107249E+01   -0.107249E+01
   -0.107249E+01   -0.116060E+01   -0.116060E+01   -0.116060E+01
   -0.116060E+01   -0.116060E+01   -0.116060E+01   -0.116060E+01
   -0.116060E+01   -0.116060E+01   -0.116060E+01   -0.116060E+01
   -0.116060E+01   -0.116060E+01   -0.116060E+01   -0.116060E+01
   -0.116060E+01   -0.116060E+01   -0.116060E+01   -0.116060E+01
   -0.116060E+01   -0.116060E+01   -0.116060E+01   -0.116060E+01
   -0.116060E+01   -0.116060E+01   -0.116060E+01   -0.116060E+01
   -0.116060E+01   -0.116060E+01   -0.116060E+01   -0.116060E+01
   -0.116060E+01   -0.116060E+01   -0.116060E+01   -0.116060E+01
   -0.116060E+01   -0.116060E+01   -0.116060E+01   -0.116060E+01
   -0.116060E+01    0.533211E-01    0.330611E-01    0.128008E-01
   -0.745970E-02   -0.277205E-01   -0.641458E-01   -0.774599E-01
   -0.907742E-01   -0.104089E+00   -0.117403E+00   -0.130718E+00
   -0.144033E+00   -0.157348E+00   -0.175570E+00   -0.201941E+00
   -0.231865E+00   -0.262702E+00   -0.295527E+00   -0.311185E+00
   -0.330271E+00   -0.349357E+00   -0.368443E+00   -0.387529E+00
   -0.405015E+00   -0.422500E+00   -0.439986E+00   -0.457473E+00
   -0.474959E+00   -0.483703E+00   -0.492447E+00   -0.501191E+00
   -0.523062E+00   -0.564475E+00   -0.588652E+00   -0.597919E+00
   -0.606743E+00   -0.616882E+00   -0.630964E+00   -0.645047E+00
   -0.659132E+00   -0.665950E+00   -0.675072E+00   -0.692294E+00
   -0.708985E+00   -0.719053E+00   -0.732312E+00   -0.742168E+00
   -0.750760E+00   -0.757313E+00   -0.771619E+00   -0.782566E+00
   -0.788546E+00   -0.796870E+00   -0.806518E+00   -0.812249E+00
   -0.819846E+00   -0.825421E+00   -0.828550E+00   -0.833840E+00
   -0.839098E+00   -0.842804E+00   -0.845170E+00   -0.847529E+00
   -0.851024E+00   -0.851024E+00   -0.851024E+00   -0.939003E+00
   -0.939003E+00   -0.985761E+00   -0.985761E+00   -0.985761E+00
   -0.985761E+00   -0.985761E+00   -0.985761E+00   -0.107249E+01
   -0.107249E+01   -0.107249E+01   -0.107249E+01   -0.107249E+01
   -0.116060E+01   -0.116060E+01   -0.116060E+01   -0.116060E+01
   -0.116060E+01   -0.116060E+01   -0.116060E+01   -0.116060E+01
   -0.116060E+01   -0.116060E+01   -0.116060E+01   -0.116060E+01
   -0.116060E+01   -0.116060E+01   -0.116060E+01   -0.116060E+01
   -0.116060E+01   -0.116060E+01   -0.116060E+01   -0.116060E+01
   -0.116060E+01   -0.116060E+01   -0.116060E+01   -0.116060E+01
   -0.116060E+01   -0.116060E+01   -0.116060E+01   -0.116060E+01
   -0.116060E+01   -0.116060E+01   -0.116060E+01   -0.116060E+01
   -0.116060E+01   -0.116060E+01   -0.116060E+01   -0.116060E+01
   -0.116060E+01   -0.116060E+01   -0.116060E+01   -0.116060E+01
   -0.116060E+01   -0.116060E+01    0.225426E-01    0.228284E-02
   -0.179771E-01   -0.382374E-01   -0.584979E-01   -0.823142E-01
   -0.958383E-01   -0.109362E+00   -0.122887E+00   -0.136411E+00
   -0.149936E+00   -0.163461E+00   -0.176986E+00   -0.201530E+00
   -0.237792E+00   -0.277923E+00   -0.318468E+00   -0.333900E+00
   -0.346692E+00   -0.360676E+00   -0.379762E+00   -0.398848E+00
   -0.417934E+00   -0.435741E+00   -0.453549E+00   -0.471357E+00
   -0.489165E+00   -0.506973E+00   -0.515717E+00   -0.524461E+00
   -0.541038E+00   -0.567310E+00   -0.610130E+00   -0.620406E+00
   -0.630684E+00   -0.640963E+00   -0.652281E+00   -0.666720E+00
   -0.681159E+00   -0.697551E+00   -0.704463E+00   -0.711103E+00
   -0.726642E+00   -0.747648E+00   -0.758523E+00   -0.778013E+00
   -0.780970E+00   -0.791547E+00   -0.807432E+00   -0.812210E+00
   -0.821099E+00   -0.829294E+00   -0.837855E+00   -0.841942E+00
   -0.851808E+00   -0.860646E+00   -0.865787E+00   -0.871295E+00
   -0.876524E+00   -0.881800E+00   -0.885844E+00   -0.888220E+00
   -0.890576E+00   -0.893069E+00   -0.893069E+00   -0.939003E+00
   -0.939003E+00   -0.985761E+00   -0.985761E+00   -0.985761E+00
   -0.985761E+00   -0.985761E+00   -0.107249E+01   -0.107249E+01
   -0.107249E+01   -0.107249E+01   -0.107249E+01   -0.116060E+01
   -0.116060E+01   -0.116060E+01   -0.116060E+01   -0.116060E+01
   -0.116060E+01   -0.116060E+01   -0.116060E+01   -0.116060E+01
   -0.116060E+01   -0.116060E+01   -0.116060E+01   -0.116060E+01
   -0.116060E+01   -0.116060E+01   -0.116060E+01   -0.116060E+01
   -0.116060E+01   -0.116060E+01   -0.116060E+01   -0.116060E+01
   -0.116060E+01   -0.116060E+01   -0.116060E+01   -0.116060E+01
   -0.116060E+01   -0.116060E+01   -0.116060E+01   -0.116060E+01
   -0.116060E+01   -0.116060E+01   -0.116060E+01   -0.116060E+01
   -0.116060E+01   -0.116060E+01   -0.116060E+01   -0.116060E+01
   -0.116060E+01   -0.116060E+01   -0.116060E+01   -0.116060E+01
   -0.116060E+01   -0.116060E+01   -0.116060E+01   -0.447364E-02
   -0.248916E-01   -0.453098E-01   -0.657282E-01   -0.861468E-01
   -0.103175E+00   -0.116813E+00   -0.130452E+00   -0.144090E+00
   -0.157729E+00   -0.171368E+00   -0.185007E+00   -0.203246E+00
   -0.253094E+00   -0.293185E+00   -0.333825E+00   -0.359481E+00
   -0.372272E+00   -0.385064E+00   -0.397856E+00   -0.410649E+00
   -0.429253E+00   -0.448339E+00   -0.466468E+00   -0.484597E+00
   -0.502727E+00   -0.520857E+00   -0.538987E+00   -0.547730E+00
   -0.563655E+00   -0.585286E+00   -0.611558E+00   -0.632954E+00
   -0.646514E+00   -0.660075E+00   -0.673636E+00   -0.687508E+00
   -0.702314E+00   -0.717119E+00   -0.733603E+00   -0.750646E+00
   -0.766034E+00   -0.776154E+00   -0.793818E+00   -0.802813E+00
   -0.807997E+00   -0.820652E+00   -0.832717E+00   -0.842834E+00
   -0.852653E+00   -0.861862E+00   -0.870658E+00   -0.878324E+00
   -0.888654E+00   -0.896411E+00   -0.904248E+00   -0.907965E+00
   -0.913432E+00   -0.919129E+00   -0.924656E+00   -0.928539E+00
   -0.931184E+00   -0.933771E+00   -0.936467E+00   -0.939003E+00
   -0.939003E+00   -0.985761E+00   -0.985761E+00   -0.985761E+00
   -0.985761E+00   -0.107249E+01   -0.107249E+01   -0.107249E+01
   -0.107249E+01   -0.107249E+01   -0.116060E+01   -0.116060E+01
   -0.116060E+01   -0.116060E+01   -0.116060E+01   -0.116060E+01
   -0.116060E+01   -0.116060E+01   -0.116060E+01   -0.116060E+01
   -0.116060E+01   -0.116060E+01   -0.116060E+01   -0.116060E+01
   -0.116060E+01   -0.116060E+01   -0.116060E+01   -0.116060E+01
   -0.116060E+01   -0.116060E+01   -0.116060E+01   -0.116060E+01
   -0.116060E+01   -0.116060E+01   -0.116060E+01   -0.116060E+01
   -0.116060E+01   -0.116060E+01   -0.116060E+01   -0.116060E+01
   -0.116060E+01   -0.116060E+01   -0.116060E+01   -0.116060E+01
   -0.116060E+01   -0.116060E+01   -0.116060E+01   -0.116060E+01
   -0.116060E+01   -0.116060E+01   -0.116060E+01   -0.116060E+01
   -0.116060E+01   -0.116060E+01   -0.116060E+01   -0.116060E+01
   -0.269886E-01   -0.477547E-01   -0.685210E-01   -0.892874E-01
   -0.110054E+00   -0.127256E+00   -0.140895E+00   -0.154533E+00
   -0.168171E+00   -0.181810E+00   -0.195449E+00   -0.213148E+00
   -0.237428E+00   -0.284023E+00   -0.349359E+00   -0.385062E+00
   -0.397853E+00   -0.410645E+00   -0.423436E+00   -0.436228E+00
   -0.449021E+00   -0.461813E+00   -0.478744E+00   -0.497195E+00
   -0.515646E+00   -0.534097E+00   -0.552549E+00   -0.571001E+00
   -0.586274E+00   -0.607904E+00   -0.629534E+00   -0.656664E+00
   -0.668132E+00   -0.676624E+00   -0.691931E+00   -0.707239E+00
   -0.722516E+00   -0.737698E+00   -0.752881E+00   -0.769056E+00
   -0.785438E+00   -0.801693E+00   -0.816729E+00   -0.832637E+00
   -0.843867E+00   -0.844542E+00   -0.851135E+00   -0.867586E+00
   -0.882095E+00   -0.892269E+00   -0.902582E+00   -0.911250E+00
   -0.920066E+00   -0.928400E+00   -0.934713E+00   -0.939056E+00
   -0.950016E+00   -0.955747E+00   -0.961540E+00   -0.967288E+00
   -0.971747E+00   -0.974489E+00   -0.977378E+00   -0.980033E+00
   -0.982422E+00   -0.985761E+00   -0.985761E+00   -0.985761E+00
   -0.107249E+01   -0.107249E+01   -0.107249E+01   -0.107249E+01
   -0.107249E+01   -0.116060E+01   -0.116060E+01   -0.116060E+01
   -0.116060E+01   -0.116060E+01   -0.116060E+01   -0.116060E+01
   -0.116060E+01   -0.116060E+01   -0.116060E+01   -0.116060E+01
   -0.116060E+01   -0.116060E+01   -0.116060E+01   -0.116060E+01
   -0.116060E+01   -0.116060E+01   -0.116060E+01   -0.116060E+01
   -0.116060E+01   -0.116060E+01   -0.116060E+01   -0.116060E+01
   -0.116060E+01   -0.116060E+01   -0.116060E+01   -0.116060E+01
   -0.116060E+01   -0.116060E+01   -0.116060E+01   -0.116060E+01
   -0.116060E+01   -0.116060E+01   -0.116060E+01   -0.116060E+01
   -0.116060E+01   -0.116060E+01   -0.116060E+01   -0.116060E+01
   -0.116060E+01   -0.116060E+01   -0.116060E+01   -0.116060E+01
   -0.116060E+01   -0.116060E+01   -0.116060E+01   -0.116060E+01
   -0.116060E+01   -0.495036E-01   -0.706178E-01   -0.917321E-01
   -0.112847E+00   -0.133961E+00   -0.151338E+00   -0.164976E+00
   -0.178614E+00   -0.192252E+00   -0.205890E+00   -0.223051E+00
   -0.247330E+00   -0.271610E+00   -0.303736E+00   -0.372167E+00
   -0.413988E+00   -0.427465E+00   -0.440941E+00   -0.454418E+00
   -0.467894E+00   -0.481371E+00   -0.494849E+00   -0.508326E+00
   -0.526944E+00   -0.545562E+00   -0.564180E+00   -0.582798E+00
   -0.603349E+00   -0.624259E+00   -0.645169E+00   -0.666080E+00
   -0.686280E+00   -0.707867E+00   -0.722073E+00   -0.731344E+00
   -0.741898E+00   -0.757272E+00   -0.772845E+00   -0.788418E+00
   -0.803907E+00   -0.819315E+00   -0.834351E+00   -0.847458E+00
   -0.860818E+00   -0.881543E+00   -0.891277E+00   -0.901909E+00
   -0.911470E+00   -0.920994E+00   -0.932547E+00   -0.942170E+00
   -0.952045E+00   -0.960726E+00   -0.969561E+00   -0.983205E+00
   -0.988446E+00   -0.992044E+00   -0.998099E+00   -0.100478E+01
   -0.101031E+01   -0.101502E+01   -0.101834E+01   -0.102037E+01
   -0.102317E+01   -0.102590E+01   -0.102709E+01   -0.102709E+01
   -0.107249E+01   -0.107249E+01   -0.107249E+01   -0.107249E+01
   -0.116060E+01   -0.116060E+01   -0.116060E+01   -0.116060E+01
   -0.116060E+01   -0.116060E+01   -0.116060E+01   -0.116060E+01
   -0.116060E+01   -0.116060E+01   -0.116060E+01   -0.116060E+01
   -0.116060E+01   -0.116060E+01   -0.116060E+01   -0.116060E+01
   -0.116060E+01   -0.116060E+01   -0.116060E+01   -0.116060E+01
   -0.116060E+01   -0.116060E+01   -0.116060E+01   -0.116060E+01
   -0.116060E+01   -0.116060E+01   -0.116060E+01   -0.116060E+01
   -0.116060E+01   -0.116060E+01   -0.116060E+01   -0.116060E+01
   -0.116060E+01   -0.116060E+01   -0.116060E+01   -0.116060E+01
   -0.116060E+01   -0.116060E+01   -0.116060E+01   -0.116060E+01
   -0.116060E+01   -0.116060E+01   -0.116060E+01   -0.116060E+01
   -0.116060E+01   -0.116060E+01   -0.116060E+01   -0.116060E+01
   -0.116060E+01   -0.116060E+01   -0.720186E-01   -0.934808E-01
   -0.114943E+00   -0.136406E+00   -0.157869E+00   -0.175419E+00
   -0.189057E+00   -0.202694E+00   -0.216332E+00   -0.232955E+00
   -0.257234E+00   -0.281512E+00   -0.305791E+00   -0.341634E+00
   -0.390173E+00   -0.432703E+00   -0.447605E+00   -0.462507E+00
   -0.477408E+00   -0.492310E+00   -0.507212E+00   -0.522115E+00
   -0.537017E+00   -0.555635E+00   -0.574252E+00   -0.592870E+00
   -0.611991E+00   -0.636060E+00   -0.655473E+00   -0.674885E+00
   -0.694299E+00   -0.713375E+00   -0.731446E+00   -0.753774E+00
   -0.767823E+00   -0.779112E+00   -0.791574E+00   -0.807559E+00
   -0.823545E+00   -0.838846E+00   -0.853920E+00   -0.868440E+00
   -0.881251E+00   -0.893983E+00   -0.913969E+00   -0.927667E+00
   -0.934775E+00   -0.948566E+00   -0.960093E+00   -0.972030E+00
   -0.983318E+00   -0.991811E+00   -0.100121E+01   -0.101087E+01
   -0.101855E+01   -0.102365E+01   -0.103538E+01   -0.104088E+01
   -0.104821E+01   -0.105423E+01   -0.105880E+01   -0.106156E+01
   -0.106433E+01   -0.106728E+01   -0.107009E+01   -0.107156E+01
   -0.107249E+01   -0.107249E+01   -0.107249E+01   -0.116060E+01
   -0.116060E+01   -0.116060E+01   -0.116060E+01   -0.116060E+01
   -0.116060E+01   -0.116060E+01   -0.116060E+01   -0.116060E+01
   -0.116060E+01   -0.116060E+01   -0.116060E+01   -0.116060E+01
   -0.116060E+01   -0.116060E+01   -0.116060E+01   -0.116060E+01
   -0.116060E+01   -0.116060E+01   -0.116060E+01   -0.116060E+01
   -0.116060E+01   -0.116060E+01   -0.116060E+01   -0.116060E+01
   -0.116060E+01   -0.116060E+01   -0.116060E+01   -0.116060E+01
   -0.116060E+01   -0.116060E+01   -0.116060E+01   -0.116060E+01
   -0.116060E+01   -0.116060E+01   -0.116060E+01   -0.116060E+01
   -0.116060E+01   -0.116060E+01   -0.116060E+01   -0.116060E+01
   -0.116060E+01   -0.116060E+01   -0.116060E+01   -0.116060E+01
   -0.116060E+01   -0.116060E+01   -0.116060E+01   -0.116060E+01
   -0.116060E+01   -0.116060E+01   -0.116060E+01   -0.945336E-01
   -0.116344E+00   -0.138154E+00   -0.159965E+00   -0.181776E+00
   -0.199500E+00   -0.213138E+00   -0.226775E+00   -0.242860E+00
   -0.267138E+00   -0.291416E+00   -0.315694E+00   -0.339973E+00
   -0.379120E+00   -0.408179E+00   -0.451419E+00   -0.467745E+00
   -0.484072E+00   -0.500399E+00   -0.516726E+00   -0.533053E+00
   -0.549381E+00   -0.565708E+00   -0.584326E+00   -0.603024E+00
   -0.622216E+00   -0.641409E+00   -0.668771E+00   -0.686686E+00
   -0.704601E+00   -0.722517E+00   -0.740471E+00   -0.758538E+00
   -0.777273E+00   -0.794390E+00   -0.809769E+00   -0.825408E+00
   -0.841830E+00   -0.858251E+00   -0.873992E+00   -0.889507E+00
   -0.904719E+00   -0.919030E+00   -0.933351E+00   -0.950543E+00
   -0.962126E+00   -0.973503E+00   -0.986397E+00   -0.999271E+00
   -0.101208E+01   -0.102270E+01   -0.103258E+01   -0.104206E+01
   -0.105192E+01   -0.106180E+01   -0.106903E+01   -0.107636E+01
   -0.108365E+01   -0.109030E+01   -0.109655E+01   -0.110118E+01
   -0.110464E+01   -0.110791E+01   -0.111105E+01   -0.111432E+01
   -0.111615E+01   -0.111630E+01   -0.111630E+01   -0.116060E+01
   -0.116060E+01   -0.116060E+01   -0.116060E+01   -0.116060E+01
   -0.116060E+01   -0.116060E+01   -0.116060E+01   -0.116060E+01
   -0.116060E+01   -0.116060E+01   -0.116060E+01   -0.116060E+01
   -0.116060E+01   -0.116060E+01   -0.116060E+01   -0.116060E+01
   -0.116060E+01   -0.116060E+01   -0.116060E+01   -0.116060E+01
   -0.116060E+01   -0.116060E+01   -0.116060E+01   -0.116060E+01
   -0.116060E+01   -0.116060E+01   -0.116060E+01   -0.116060E+01
   -0.116060E+01   -0.116060E+01   -0.116060E+01   -0.116060E+01
   -0.116060E+01   -0.116060E+01   -0.116060E+01   -0.116060E+01
   -0.116060E+01   -0.116060E+01   -0.116060E+01   -0.116060E+01
   -0.116060E+01   -0.116060E+01   -0.116060E+01   -0.116060E+01
   -0.116060E+01   -0.116060E+01   -0.116060E+01   -0.116060E+01
   -0.116060E+01   -0.116060E+01   -0.193803E+01   -0.193803E+01
   -0.117049E+00   -0.139207E+00   -0.161366E+00   -0.183524E+00
   -0.205683E+00   -0.223582E+00   -0.237219E+00   -0.252766E+00
   -0.277043E+00   -0.301321E+00   -0.325598E+00   -0.349877E+00
   -0.374155E+00   -0.413301E+00   -0.440430E+00   -0.470134E+00
   -0.487886E+00   -0.505638E+00   -0.523390E+00   -0.541142E+00
   -0.558894E+00   -0.576647E+00   -0.594400E+00   -0.613250E+00
   -0.632442E+00   -0.651634E+00   -0.670827E+00   -0.705374E+00
   -0.717995E+00   -0.735190E+00   -0.752384E+00   -0.769850E+00
   -0.788134E+00   -0.806417E+00   -0.824167E+00   -0.841740E+00
   -0.859135E+00   -0.875998E+00   -0.892860E+00   -0.909046E+00
   -0.925007E+00   -0.940752E+00   -0.955853E+00   -0.970961E+00
   -0.989931E+00   -0.998596E+00   -0.101121E+01   -0.102475E+01
   -0.103852E+01   -0.105135E+01   -0.106234E+01   -0.107274E+01
   -0.108281E+01   -0.109401E+01   -0.110262E+01   -0.111285E+01
   -0.111947E+01   -0.112624E+01   -0.113270E+01   -0.113961E+01
   -0.114516E+01   -0.114830E+01   -0.115173E+01   -0.115530E+01
   -0.115903E+01   -0.115992E+01   -0.115901E+01   -0.116060E+01
   -0.116060E+01   -0.116060E+01   -0.116060E+01   -0.116060E+01
   -0.116060E+01   -0.116060E+01   -0.116060E+01   -0.116060E+01
   -0.116060E+01   -0.116060E+01   -0.116060E+01   -0.116060E+01
   -0.116060E+01   -0.116060E+01   -0.116060E+01   -0.116060E+01
   -0.116060E+01   -0.116060E+01   -0.116060E+01   -0.116060E+01
   -0.116060E+01   -0.116060E+01   -0.116060E+01   -0.116060E+01
   -0.116060E+01   -0.116060E+01   -0.116060E+01   -0.116060E+01
   -0.116060E+01   -0.116060E+01   -0.116060E+01   -0.116060E+01
   -0.116060E+01   -0.116060E+01   -0.116060E+01   -0.116060E+01
   -0.116060E+01   -0.116060E+01   -0.116060E+01   -0.116060E+01
   -0.116060E+01   -0.116060E+01   -0.116060E+01   -0.116060E+01
   -0.116060E+01   -0.116060E+01   -0.116060E+01   -0.116060E+01
   -0.193803E+01   -0.193803E+01   -0.193803E+01   -0.193803E+01
   -0.193803E+01   -0.139564E+00   -0.162070E+00   -0.184577E+00
   -0.207084E+00   -0.229591E+00   -0.247663E+00   -0.262673E+00
   -0.286949E+00   -0.311226E+00   -0.335503E+00   -0.359781E+00
   -0.384059E+00   -0.408337E+00   -0.447483E+00   -0.478328E+00
   -0.494757E+00   -0.511517E+00   -0.529937E+00   -0.548357E+00
   -0.566778E+00   -0.585198E+00   -0.603619E+00   -0.622040E+00
   -0.641232E+00   -0.660423E+00   -0.679615E+00   -0.699086E+00
   -0.745596E+00   -0.758146E+00   -0.770693E+00   -0.783782E+00
   -0.801353E+00   -0.820052E+00   -0.838752E+00   -0.856929E+00
   -0.874933E+00   -0.892763E+00   -0.910070E+00   -0.927378E+00
   -0.944015E+00   -0.960427E+00   -0.976573E+00   -0.991918E+00
   -0.100727E+01   -0.102792E+01   -0.104053E+01   -0.105005E+01
   -0.106407E+01   -0.107713E+01   -0.109080E+01   -0.110241E+01
   -0.111309E+01   -0.112339E+01   -0.113013E+01   -0.114100E+01
   -0.115457E+01   -0.116195E+01   -0.116868E+01   -0.117560E+01
   -0.118205E+01   -0.118750E+01   -0.119120E+01   -0.119580E+01
   -0.120223E+01   -0.120305E+01   -0.120628E+01   -0.120409E+01
   -0.120397E+01   -0.120397E+01   -0.120397E+01   -0.120397E+01
   -0.120397E+01   -0.120397E+01   -0.120397E+01   -0.120397E+01
   -0.120397E+01   -0.120397E+01   -0.120397E+01   -0.120397E+01
   -0.120397E+01   -0.120397E+01   -0.120397E+01   -0.120397E+01
   -0.120397E+01   -0.120397E+01   -0.120397E+01   -0.120397E+01
   -0.120397E+01   -0.120397E+01   -0.120397E+01   -0.120397E+01
   -0.120397E+01   -0.120397E+01   -0.120397E+01   -0.120397E+01
   -0.120397E+01   -0.120397E+01   -0.120397E+01   -0.120397E+01
   -0.120397E+01   -0.120397E+01   -0.120397E+01   -0.120397E+01
   -0.120397E+01   -0.120397E+01   -0.120397E+01   -0.120397E+01
   -0.120397E+01   -0.120397E+01   -0.120397E+01   -0.120397E+01
   -0.120397E+01   -0.189161E+01   -0.189161E+01   -0.193803E+01
   -0.193803E+01   -0.193803E+01   -0.193803E+01   -0.193803E+01
   -0.193803E+01   -0.193803E+01   -0.162079E+00   -0.184933E+00
   -0.207788E+00   -0.230643E+00   -0.253498E+00   -0.272581E+00
   -0.296856E+00   -0.321133E+00   -0.345409E+00   -0.369686E+00
   -0.393963E+00   -0.418241E+00   -0.442518E+00   -0.481664E+00
   -0.512538E+00   -0.527676E+00   -0.542824E+00   -0.557981E+00
   -0.575071E+00   -0.593491E+00   -0.611911E+00   -0.630332E+00
   -0.648753E+00   -0.667944E+00   -0.687135E+00   -0.706747E+00
   -0.727248E+00   -0.774358E+00   -0.788469E+00   -0.802578E+00
   -0.816687E+00   -0.832053E+00   -0.851188E+00   -0.870324E+00
   -0.888952E+00   -0.907411E+00   -0.925700E+00   -0.943482E+00
   -0.961264E+00   -0.978382E+00   -0.995279E+00   -0.101191E+01
   -0.102774E+01   -0.104357E+01   -0.106272E+01   -0.107791E+01
   -0.108915E+01   -0.110278E+01   -0.111629E+01   -0.113014E+01
   -0.114187E+01   -0.115182E+01   -0.116283E+01   -0.117536E+01
   -0.118234E+01   -0.119292E+01   -0.120270E+01   -0.120379E+01
   -0.122023E+01   -0.122640E+01   -0.123008E+01   -0.123538E+01
   -0.124283E+01   -0.124407E+01   -0.124594E+01   -0.124430E+01
   -0.125012E+01   -0.124911E+01   -0.124911E+01   -0.124911E+01
   -0.124911E+01   -0.124911E+01   -0.124911E+01   -0.124911E+01
   -0.124911E+01   -0.124911E+01   -0.124911E+01   -0.124911E+01
   -0.124911E+01   -0.124911E+01   -0.124911E+01   -0.124911E+01
   -0.124911E+01   -0.124911E+01   -0.124911E+01   -0.124911E+01
   -0.124911E+01   -0.124911E+01   -0.124911E+01   -0.124911E+01
   -0.124911E+01   -0.124911E+01   -0.124911E+01   -0.124911E+01
   -0.124911E+01   -0.124911E+01   -0.124911E+01   -0.124911E+01
   -0.124911E+01   -0.124911E+01   -0.124911E+01   -0.124911E+01
   -0.124911E+01   -0.124911E+01   -0.124911E+01   -0.124911E+01
   -0.124911E+01   -0.124911E+01   -0.124911E+01   -0.189161E+01
   -0.189161E+01   -0.189161E+01   -0.193803E+01   -0.193803E+01
   -0.193803E+01   -0.193803E+01   -0.193803E+01   -0.193803E+01
   -0.193803E+01   -0.193803E+01   -0.193803E+01   -0.182162E+00
   -0.205171E+00   -0.228180E+00   -0.251189E+00   -0.274260E+00
   -0.301607E+00   -0.325481E+00   -0.349356E+00   -0.373230E+00
   -0.397105E+00   -0.420980E+00   -0.444855E+00   -0.468730E+00
   -0.495919E+00   -0.526586E+00   -0.557398E+00   -0.575737E+00
   -0.590891E+00   -0.606047E+00   -0.621204E+00   -0.638624E+00
   -0.657045E+00   -0.675465E+00   -0.694656E+00   -0.714408E+00
   -0.734909E+00   -0.755409E+00   -0.793494E+00   -0.810478E+00
   -0.827461E+00   -0.844444E+00   -0.862079E+00   -0.881667E+00
   -0.901256E+00   -0.920354E+00   -0.939288E+00   -0.958059E+00
   -0.976338E+00   -0.994619E+00   -0.101225E+01   -0.102965E+01
   -0.104684E+01   -0.106336E+01   -0.107988E+01   -0.109861E+01
   -0.111874E+01   -0.112386E+01   -0.114048E+01   -0.115499E+01
   -0.116883E+01   -0.118275E+01   -0.119106E+01   -0.120396E+01
   -0.121281E+01   -0.122790E+01   -0.123524E+01   -0.124543E+01
   -0.125352E+01   -0.126152E+01   -0.126951E+01   -0.127487E+01
   -0.127993E+01   -0.128404E+01   -0.128845E+01   -0.129236E+01
   -0.129515E+01   -0.129517E+01   -0.129516E+01   -0.129516E+01
   -0.129516E+01   -0.129516E+01   -0.129516E+01   -0.129516E+01
   -0.129516E+01   -0.129516E+01   -0.129516E+01   -0.129516E+01
   -0.129516E+01   -0.129516E+01   -0.129516E+01   -0.129516E+01
   -0.129516E+01   -0.129516E+01   -0.129516E+01   -0.129516E+01
   -0.129516E+01   -0.129516E+01   -0.129516E+01   -0.129516E+01
   -0.129516E+01   -0.129516E+01   -0.129516E+01   -0.129516E+01
   -0.129516E+01   -0.129516E+01   -0.129516E+01   -0.129516E+01
   -0.129516E+01   -0.129516E+01   -0.129516E+01   -0.129516E+01
   -0.129516E+01   -0.129516E+01   -0.129516E+01   -0.129516E+01
   -0.129516E+01   -0.189161E+01   -0.189161E+01   -0.189161E+01
   -0.189161E+01   -0.189161E+01   -0.193803E+01   -0.193803E+01
   -0.193803E+01   -0.193803E+01   -0.193803E+01   -0.193803E+01
   -0.193803E+01   -0.193803E+01   -0.193803E+01   -0.193803E+01
   -0.200305E+00   -0.223313E+00   -0.246322E+00   -0.269473E+00
   -0.292786E+00   -0.326519E+00   -0.349671E+00   -0.372822E+00
   -0.395974E+00   -0.419126E+00   -0.442278E+00   -0.465430E+00
   -0.488583E+00   -0.512075E+00   -0.540350E+00   -0.570808E+00
   -0.601288E+00   -0.623801E+00   -0.638958E+00   -0.654114E+00
   -0.669271E+00   -0.684428E+00   -0.702178E+00   -0.722070E+00
   -0.742570E+00   -0.763071E+00   -0.783571E+00   -0.822789E+00
   -0.836861E+00   -0.854749E+00   -0.872970E+00   -0.891650E+00
   -0.911703E+00   -0.931756E+00   -0.951337E+00   -0.970760E+00
   -0.990026E+00   -0.100882E+01   -0.102762E+01   -0.104577E+01
   -0.106371E+01   -0.108144E+01   -0.109854E+01   -0.111565E+01
   -0.113484E+01   -0.115419E+01   -0.116725E+01   -0.117958E+01
   -0.119340E+01   -0.120680E+01   -0.122112E+01   -0.123296E+01
   -0.124538E+01   -0.125684E+01   -0.126644E+01   -0.127519E+01
   -0.129157E+01   -0.129620E+01   -0.130459E+01   -0.131315E+01
   -0.131980E+01   -0.132433E+01   -0.132885E+01   -0.133345E+01
   -0.133810E+01   -0.134025E+01   -0.134060E+01   -0.134090E+01
   -0.134090E+01   -0.134090E+01   -0.134090E+01   -0.134090E+01
   -0.134090E+01   -0.134090E+01   -0.134090E+01   -0.134090E+01
   -0.134090E+01   -0.134090E+01   -0.134090E+01   -0.134090E+01
   -0.134090E+01   -0.134090E+01   -0.134090E+01   -0.134090E+01
   -0.134090E+01   -0.134090E+01   -0.134090E+01   -0.134090E+01
   -0.134090E+01   -0.134090E+01   -0.134090E+01   -0.134090E+01
   -0.134090E+01   -0.134090E+01   -0.134090E+01   -0.134090E+01
   -0.134090E+01   -0.134090E+01   -0.134090E+01   -0.134090E+01
   -0.134090E+01   -0.134090E+01   -0.134090E+01   -0.189161E+01
   -0.189161E+01   -0.189161E+01   -0.189161E+01   -0.189161E+01
   -0.189161E+01   -0.193803E+01   -0.193803E+01   -0.193803E+01
   -0.193803E+01   -0.193803E+01   -0.193803E+01   -0.193803E+01
   -0.193803E+01   -0.193803E+01   -0.193803E+01   -0.193803E+01
   -0.193803E+01   -0.218448E+00   -0.241456E+00   -0.264687E+00
   -0.287999E+00   -0.311311E+00   -0.351432E+00   -0.373860E+00
   -0.396289E+00   -0.418718E+00   -0.441147E+00   -0.463576E+00
   -0.486006E+00   -0.508435E+00   -0.531927E+00   -0.555419E+00
   -0.584780E+00   -0.615238E+00   -0.645696E+00   -0.662050E+00
   -0.678403E+00   -0.694756E+00   -0.711110E+00   -0.727464E+00
   -0.747963E+00   -0.768463E+00   -0.788963E+00   -0.809878E+00
   -0.859784E+00   -0.873855E+00   -0.887924E+00   -0.902079E+00
   -0.920877E+00   -0.941402E+00   -0.961928E+00   -0.982002E+00
   -0.100193E+01   -0.102170E+01   -0.104102E+01   -0.106034E+01
   -0.107903E+01   -0.109752E+01   -0.111578E+01   -0.113340E+01
   -0.115102E+01   -0.117067E+01   -0.118900E+01   -0.119970E+01
   -0.121569E+01   -0.123101E+01   -0.124843E+01   -0.126059E+01
   -0.127399E+01   -0.128542E+01   -0.129836E+01   -0.131104E+01
   -0.132196E+01   -0.133165E+01   -0.134403E+01   -0.135014E+01
   -0.135657E+01   -0.136385E+01   -0.136875E+01   -0.137371E+01
   -0.137839E+01   -0.138315E+01   -0.138561E+01   -0.138625E+01
   -0.138676E+01   -0.138676E+01   -0.138676E+01   -0.138676E+01
   -0.138676E+01   -0.138676E+01   -0.138676E+01   -0.138676E+01
   -0.138676E+01   -0.138676E+01   -0.138676E+01   -0.138676E+01
   -0.138676E+01   -0.138676E+01   -0.138676E+01   -0.138676E+01
   -0.138676E+01   -0.138676E+01   -0.138676E+01   -0.138676E+01
   -0.138676E+01   -0.138676E+01   -0.138676E+01   -0.138676E+01
   -0.138676E+01   -0.138676E+01   -0.138676E+01   -0.138676E+01
   -0.138676E+01   -0.138676E+01   -0.138676E+01   -0.138676E+01
   -0.138676E+01   -0.189161E+01   -0.189161E+01   -0.189161E+01
   -0.189161E+01   -0.189161E+01   -0.189161E+01   -0.189161E+01
   -0.189161E+01   -0.193803E+01   -0.193803E+01   -0.193803E+01
   -0.193803E+01   -0.193803E+01   -0.193803E+01   -0.193803E+01
   -0.193803E+01   -0.193803E+01   -0.193803E+01   -0.193803E+01
   -0.193803E+01   -0.193803E+01   -0.236591E+00   -0.259902E+00
   -0.283214E+00   -0.306525E+00   -0.332514E+00   -0.376344E+00
   -0.398050E+00   -0.419756E+00   -0.441462E+00   -0.463168E+00
   -0.484874E+00   -0.506581E+00   -0.528288E+00   -0.551779E+00
   -0.575271E+00   -0.598763E+00   -0.629209E+00   -0.659667E+00
   -0.678079E+00   -0.696490E+00   -0.714901E+00   -0.733312E+00
   -0.751724E+00   -0.772223E+00   -0.792723E+00   -0.813803E+00
   -0.835843E+00   -0.885633E+00   -0.901286E+00   -0.916938E+00
   -0.932590E+00   -0.949581E+00   -0.970588E+00   -0.991595E+00
   -0.101217E+01   -0.103261E+01   -0.105290E+01   -0.107276E+01
   -0.109262E+01   -0.111187E+01   -0.113092E+01   -0.114974E+01
   -0.116786E+01   -0.118599E+01   -0.120099E+01   -0.121891E+01
   -0.123832E+01   -0.125946E+01   -0.126895E+01   -0.128493E+01
   -0.129393E+01   -0.130942E+01   -0.132699E+01   -0.133991E+01
   -0.135233E+01   -0.136373E+01   -0.137267E+01   -0.138334E+01
   -0.138785E+01   -0.140249E+01   -0.140813E+01   -0.141330E+01
   -0.141898E+01   -0.142428E+01   -0.142880E+01   -0.143111E+01
   -0.143193E+01   -0.143247E+01   -0.143247E+01   -0.143247E+01
   -0.143247E+01   -0.143247E+01   -0.143247E+01   -0.143247E+01
   -0.143247E+01   -0.143247E+01   -0.143247E+01   -0.143247E+01
   -0.143247E+01   -0.143247E+01   -0.143247E+01   -0.143247E+01
   -0.143247E+01   -0.143247E+01   -0.143247E+01   -0.143247E+01
   -0.143247E+01   -0.143247E+01   -0.143247E+01   -0.143247E+01
   -0.143247E+01   -0.143247E+01   -0.143247E+01   -0.143247E+01
   -0.143247E+01   -0.143247E+01   -0.143247E+01   -0.189161E+01
   -0.189161E+01   -0.189161E+01   -0.189161E+01   -0.189161E+01
   -0.189161E+01   -0.189161E+01   -0.189161E+01   -0.189161E+01
   -0.193803E+01   -0.193803E+01   -0.193803E+01   -0.193803E+01
   -0.193803E+01   -0.193803E+01   -0.193803E+01   -0.193803E+01
   -0.193803E+01   -0.193803E+01   -0.193803E+01   -0.193803E+01
   -0.193803E+01   -0.193803E+01   -0.193803E+01   -0.255118E+00
   -0.278429E+00   -0.301740E+00   -0.325051E+00   -0.357787E+00
   -0.401256E+00   -0.422239E+00   -0.443222E+00   -0.464205E+00
   -0.485189E+00   -0.506173E+00   -0.527157E+00   -0.548141E+00
   -0.571632E+00   -0.595123E+00   -0.618614E+00   -0.643181E+00
   -0.673638E+00   -0.694108E+00   -0.714576E+00   -0.735045E+00
   -0.755515E+00   -0.775984E+00   -0.796483E+00   -0.817729E+00
   -0.839768E+00   -0.861808E+00   -0.903870E+00   -0.922186E+00
   -0.940502E+00   -0.958818E+00   -0.977929E+00   -0.999422E+00
   -0.102092E+01   -0.104201E+01   -0.106296E+01   -0.108378E+01
   -0.110419E+01   -0.112461E+01   -0.114443E+01   -0.116405E+01
   -0.118342E+01   -0.120205E+01   -0.122067E+01   -0.123540E+01
   -0.124880E+01   -0.127946E+01   -0.129115E+01   -0.130805E+01
   -0.132434E+01   -0.133834E+01   -0.135237E+01   -0.136190E+01
   -0.137984E+01   -0.139401E+01   -0.140526E+01   -0.141521E+01
   -0.142510E+01   -0.143562E+01   -0.144553E+01   -0.145242E+01
   -0.145649E+01   -0.146123E+01   -0.146835E+01   -0.147425E+01
   -0.147743E+01   -0.148038E+01   -0.148047E+01   -0.148047E+01
   -0.148047E+01   -0.148047E+01   -0.148047E+01   -0.148047E+01
   -0.148047E+01   -0.148047E+01   -0.148047E+01   -0.148047E+01
   -0.148047E+01   -0.148047E+01   -0.148047E+01   -0.148047E+01
   -0.148047E+01   -0.148047E+01   -0.148047E+01   -0.148047E+01
   -0.148047E+01   -0.148047E+01   -0.148047E+01   -0.148047E+01
   -0.148047E+01   -0.148047E+01   -0.148047E+01   -0.148047E+01
   -0.148047E+01   -0.189161E+01   -0.189161E+01   -0.189161E+01
   -0.189161E+01   -0.189161E+01   -0.189161E+01   -0.189161E+01
   -0.189161E+01   -0.189161E+01   -0.189161E+01   -0.189161E+01
   -0.193803E+01   -0.193803E+01   -0.193803E+01   -0.193803E+01
   -0.193803E+01   -0.193803E+01   -0.193803E+01   -0.193803E+01
   -0.193803E+01   -0.193803E+01   -0.193803E+01   -0.193803E+01
   -0.193803E+01   -0.193803E+01   -0.193803E+01   -0.193803E+01
   -0.273645E+00   -0.296956E+00   -0.320266E+00   -0.343577E+00
   -0.383061E+00   -0.426169E+00   -0.446429E+00   -0.466689E+00
   -0.486949E+00   -0.507210E+00   -0.527471E+00   -0.547732E+00
   -0.567993E+00   -0.591484E+00   -0.614975E+00   -0.638466E+00
   -0.661957E+00   -0.687609E+00   -0.710136E+00   -0.732663E+00
   -0.755190E+00   -0.777717E+00   -0.800244E+00   -0.821656E+00
   -0.843695E+00   -0.865734E+00   -0.887773E+00   -0.931153E+00
   -0.946928E+00   -0.965628E+00   -0.984957E+00   -0.100495E+01
   -0.102696E+01   -0.104896E+01   -0.107059E+01   -0.109209E+01
   -0.111347E+01   -0.113447E+01   -0.115548E+01   -0.117591E+01
   -0.119615E+01   -0.121620E+01   -0.123565E+01   -0.125510E+01
   -0.127253E+01   -0.128594E+01   -0.131479E+01   -0.132759E+01
   -0.134509E+01   -0.136229E+01   -0.137860E+01   -0.139426E+01
   -0.140898E+01   -0.142381E+01   -0.143510E+01   -0.144692E+01
   -0.145776E+01   -0.146790E+01   -0.147864E+01   -0.148938E+01
   -0.149583E+01   -0.150760E+01   -0.150881E+01   -0.151543E+01
   -0.151899E+01   -0.152364E+01   -0.152216E+01   -0.152302E+01
   -0.152302E+01   -0.152302E+01   -0.152302E+01   -0.152302E+01
   -0.152302E+01   -0.152302E+01   -0.152302E+01   -0.152302E+01
   -0.152302E+01   -0.152302E+01   -0.152302E+01   -0.152302E+01
   -0.152302E+01   -0.152302E+01   -0.152302E+01   -0.152302E+01
   -0.152302E+01   -0.152302E+01   -0.152302E+01   -0.152302E+01
   -0.152302E+01   -0.152302E+01   -0.152302E+01   -0.152302E+01
   -0.189161E+01   -0.189161E+01   -0.189161E+01   -0.189161E+01
   -0.189161E+01   -0.189161E+01   -0.189161E+01   -0.189161E+01
   -0.189161E+01   -0.189161E+01   -0.189161E+01   -0.193803E+01
   -0.193803E+01   -0.193803E+01   -0.193803E+01   -0.193803E+01
   -0.193803E+01   -0.193803E+01   -0.193803E+01   -0.193803E+01
   -0.193803E+01   -0.193803E+01   -0.193803E+01   -0.193803E+01
   -0.193803E+01   -0.193803E+01   -0.193803E+01   -0.193803E+01
   -0.193803E+01   -0.292172E+00   -0.315482E+00   -0.338793E+00
   -0.362103E+00   -0.408334E+00   -0.448917E+00   -0.467180E+00
   -0.487175E+00   -0.507170E+00   -0.527165E+00   -0.547160E+00
   -0.567155E+00   -0.587150E+00   -0.610794E+00   -0.634437E+00
   -0.658081E+00   -0.681725E+00   -0.705369E+00   -0.728845E+00
   -0.752321E+00   -0.775798E+00   -0.799274E+00   -0.822751E+00
   -0.844789E+00   -0.866828E+00   -0.888866E+00   -0.911390E+00
   -0.963986E+00   -0.979764E+00   -0.995539E+00   -0.101131E+01
   -0.103117E+01   -0.105369E+01   -0.107622E+01   -0.109840E+01
   -0.112047E+01   -0.114243E+01   -0.116404E+01   -0.118566E+01
   -0.120673E+01   -0.122763E+01   -0.124841E+01   -0.126889E+01
   -0.128938E+01   -0.130744E+01   -0.132456E+01   -0.134731E+01
   -0.136417E+01   -0.138199E+01   -0.139942E+01   -0.141670E+01
   -0.143100E+01   -0.144763E+01   -0.145760E+01   -0.147524E+01
   -0.148895E+01   -0.150003E+01   -0.151149E+01   -0.152212E+01
   -0.153316E+01   -0.154241E+01   -0.154738E+01   -0.155597E+01
   -0.155692E+01   -0.156790E+01   -0.157062E+01   -0.156847E+01
   -0.157216E+01   -0.157216E+01   -0.157216E+01   -0.157216E+01
   -0.157216E+01   -0.157216E+01   -0.157216E+01   -0.157216E+01
   -0.157216E+01   -0.157216E+01   -0.157216E+01   -0.157216E+01
   -0.157216E+01   -0.157216E+01   -0.157216E+01   -0.157216E+01
   -0.157216E+01   -0.157216E+01   -0.157216E+01   -0.157216E+01
   -0.157216E+01   -0.157216E+01   -0.187232E+01   -0.189161E+01
   -0.189161E+01   -0.189161E+01   -0.189161E+01   -0.189161E+01
   -0.189161E+01   -0.189161E+01   -0.189161E+01   -0.189161E+01
   -0.189161E+01   -0.189161E+01   -0.189161E+01   -0.193803E+01
   -0.193803E+01   -0.193803E+01   -0.193803E+01   -0.193803E+01
   -0.193803E+01   -0.193803E+01   -0.193803E+01   -0.193803E+01
   -0.193803E+01   -0.193803E+01   -0.193803E+01   -0.193803E+01
   -0.193803E+01   -0.193803E+01   -0.193803E+01   -0.193803E+01
   -0.193803E+01   -0.193803E+01   -0.310699E+00   -0.334009E+00
   -0.357319E+00   -0.380629E+00   -0.432063E+00   -0.472359E+00
   -0.489885E+00   -0.507411E+00   -0.525924E+00   -0.545918E+00
   -0.565913E+00   -0.585908E+00   -0.605903E+00   -0.629788E+00
   -0.653674E+00   -0.677559E+00   -0.701444E+00   -0.725330E+00
   -0.749112E+00   -0.772893E+00   -0.796675E+00   -0.820457E+00
   -0.844239E+00   -0.866277E+00   -0.888315E+00   -0.910999E+00
   -0.934526E+00   -0.986235E+00   -0.100360E+01   -0.102096E+01
   -0.103833E+01   -0.105711E+01   -0.108016E+01   -0.110321E+01
   -0.112595E+01   -0.114859E+01   -0.117113E+01   -0.119337E+01
   -0.121560E+01   -0.123731E+01   -0.125883E+01   -0.128026E+01
   -0.130138E+01   -0.132252E+01   -0.134072E+01   -0.136279E+01
   -0.138670E+01   -0.140264E+01   -0.141890E+01   -0.143804E+01
   -0.145450E+01   -0.147073E+01   -0.148630E+01   -0.150668E+01
   -0.152213E+01   -0.152890E+01   -0.154340E+01   -0.155485E+01
   -0.156561E+01   -0.157697E+01   -0.158674E+01   -0.159320E+01
   -0.160105E+01   -0.160811E+01   -0.161214E+01   -0.161809E+01
   -0.161943E+01   -0.161869E+01   -0.161869E+01   -0.161869E+01
   -0.161869E+01   -0.161869E+01   -0.161869E+01   -0.161869E+01
   -0.161869E+01   -0.161869E+01   -0.161869E+01   -0.161869E+01
   -0.161869E+01   -0.161869E+01   -0.161869E+01   -0.161869E+01
   -0.161869E+01   -0.161869E+01   -0.161869E+01   -0.161869E+01
   -0.161869E+01   -0.187232E+01   -0.187232E+01   -0.189161E+01
   -0.189161E+01   -0.189161E+01   -0.189161E+01   -0.189161E+01
   -0.189161E+01   -0.189161E+01   -0.189161E+01   -0.189161E+01
   -0.189161E+01   -0.189161E+01   -0.193803E+01   -0.193803E+01
   -0.193803E+01   -0.193803E+01   -0.193803E+01   -0.193803E+01
   -0.193803E+01   -0.193803E+01   -0.193803E+01   -0.193803E+01
   -0.193803E+01   -0.193803E+01   -0.193803E+01   -0.193803E+01
   -0.193803E+01   -0.193803E+01   -0.193803E+01   -0.193803E+01
   -0.193803E+01   -0.193803E+01   -0.193803E+01   -0.326046E+00
   -0.349355E+00   -0.372665E+00   -0.396262E+00   -0.455502E+00
   -0.495800E+00   -0.513326E+00   -0.530852E+00   -0.548379E+00
   -0.565905E+00   -0.584667E+00   -0.604661E+00   -0.624656E+00
   -0.648783E+00   -0.672910E+00   -0.697037E+00   -0.721164E+00
   -0.745291E+00   -0.769378E+00   -0.793465E+00   -0.817552E+00
   -0.841639E+00   -0.865727E+00   -0.887764E+00   -0.910608E+00
   -0.934135E+00   -0.957661E+00   -0.100266E+01   -0.102249E+01
   -0.104231E+01   -0.106214E+01   -0.108290E+01   -0.110647E+01
   -0.113005E+01   -0.115335E+01   -0.117657E+01   -0.119970E+01
   -0.122256E+01   -0.124541E+01   -0.126774E+01   -0.128989E+01
   -0.131190E+01   -0.133349E+01   -0.135508E+01   -0.137959E+01
   -0.140759E+01   -0.142186E+01   -0.143647E+01   -0.145599E+01
   -0.147582E+01   -0.149329E+01   -0.150952E+01   -0.152618E+01
   -0.154175E+01   -0.155698E+01   -0.157858E+01   -0.158493E+01
   -0.159813E+01   -0.161155E+01   -0.162149E+01   -0.163136E+01
   -0.163886E+01   -0.164563E+01   -0.165246E+01   -0.165981E+01
   -0.166478E+01   -0.166672E+01   -0.161869E+01   -0.161869E+01
   -0.161869E+01   -0.161869E+01   -0.161869E+01   -0.161869E+01
   -0.161869E+01   -0.161869E+01   -0.161869E+01   -0.161869E+01
   -0.161869E+01   -0.161869E+01   -0.161869E+01   -0.161869E+01
   -0.161869E+01   -0.161869E+01   -0.161869E+01   -0.185407E+01
   -0.185407E+01   -0.187232E+01   -0.187232E+01   -0.189161E+01
   -0.189161E+01   -0.189161E+01   -0.189161E+01   -0.189161E+01
   -0.189161E+01   -0.189161E+01   -0.189161E+01   -0.189161E+01
   -0.189161E+01   -0.189161E+01   -0.193803E+01   -0.193803E+01
   -0.193803E+01   -0.193803E+01   -0.193803E+01   -0.193803E+01
   -0.193803E+01   -0.193803E+01   -0.193803E+01   -0.193803E+01
   -0.193803E+01   -0.193803E+01   -0.193803E+01   -0.193803E+01
   -0.193803E+01   -0.193803E+01   -0.193803E+01   -0.193803E+01
   -0.193803E+01   -0.193803E+01   -0.193803E+01   -0.193803E+01
   -0.339739E+00   -0.363048E+00   -0.386709E+00   -0.410618E+00
   -0.472510E+00   -0.519242E+00   -0.536767E+00   -0.554293E+00
   -0.571820E+00   -0.589346E+00   -0.606872E+00   -0.624399E+00
   -0.643409E+00   -0.667777E+00   -0.692146E+00   -0.716514E+00
   -0.740883E+00   -0.765252E+00   -0.789644E+00   -0.814037E+00
   -0.838429E+00   -0.862822E+00   -0.887214E+00   -0.910218E+00
   -0.933744E+00   -0.957271E+00   -0.980797E+00   -0.102741E+01
   -0.104502E+01   -0.106483E+01   -0.108546E+01   -0.110697E+01
   -0.113108E+01   -0.115519E+01   -0.117908E+01   -0.120289E+01
   -0.122663E+01   -0.125014E+01   -0.127366E+01   -0.129637E+01
   -0.131882E+01   -0.134099E+01   -0.136234E+01   -0.138368E+01
   -0.141134E+01   -0.142903E+01   -0.144365E+01   -0.146731E+01
   -0.148807E+01   -0.150783E+01   -0.152806E+01   -0.154176E+01
   -0.155966E+01   -0.157765E+01   -0.159619E+01   -0.160836E+01
   -0.162529E+01   -0.163656E+01   -0.164629E+01   -0.166040E+01
   -0.166926E+01   -0.167786E+01   -0.168646E+01   -0.169320E+01
   -0.170101E+01   -0.170261E+01   -0.170501E+01   -0.170501E+01
   -0.170501E+01   -0.161869E+01   -0.161869E+01   -0.161869E+01
   -0.161869E+01   -0.161869E+01   -0.161869E+01   -0.161869E+01
   -0.161869E+01   -0.161869E+01   -0.161869E+01   -0.161869E+01
   -0.161869E+01   -0.161869E+01   -0.185407E+01   -0.185407E+01
   -0.185407E+01   -0.187232E+01   -0.187232E+01   -0.189161E+01
   -0.189161E+01   -0.189161E+01   -0.189161E+01   -0.189161E+01
   -0.189161E+01   -0.189161E+01   -0.189161E+01   -0.189161E+01
   -0.189161E+01   -0.193803E+01   -0.193803E+01   -0.193803E+01
   -0.193803E+01   -0.193803E+01   -0.193803E+01   -0.193803E+01
   -0.193803E+01   -0.193803E+01   -0.193803E+01   -0.193803E+01
   -0.193803E+01   -0.193803E+01   -0.193803E+01   -0.193803E+01
   -0.193803E+01   -0.193803E+01   -0.193803E+01   -0.193803E+01
   -0.193803E+01   -0.193803E+01   -0.193803E+01   -0.193803E+01
   -0.193803E+01   -0.353433E+00   -0.377157E+00   -0.401065E+00
   -0.424973E+00   -0.482369E+00   -0.533657E+00   -0.551705E+00
   -0.569753E+00   -0.587802E+00   -0.605850E+00   -0.623899E+00
   -0.641947E+00   -0.659996E+00   -0.684576E+00   -0.709156E+00
   -0.733736E+00   -0.758317E+00   -0.782897E+00   -0.807568E+00
   -0.832239E+00   -0.856910E+00   -0.881582E+00   -0.906253E+00
   -0.929779E+00   -0.953305E+00   -0.976831E+00   -0.100090E+01
   -0.105624E+01   -0.107385E+01   -0.109147E+01   -0.110908E+01
   -0.113020E+01   -0.115485E+01   -0.117950E+01   -0.120398E+01
   -0.122840E+01   -0.125276E+01   -0.127694E+01   -0.130113E+01
   -0.132411E+01   -0.134670E+01   -0.136884E+01   -0.138967E+01
   -0.141050E+01   -0.143694E+01   -0.145403E+01   -0.146736E+01
   -0.149342E+01   -0.150808E+01   -0.152604E+01   -0.154311E+01
   -0.155896E+01   -0.157476E+01   -0.158996E+01   -0.160461E+01
   -0.161926E+01   -0.163242E+01   -0.164459E+01   -0.165728E+01
   -0.166925E+01   -0.168024E+01   -0.168823E+01   -0.169639E+01
   -0.170411E+01   -0.170101E+01   -0.170261E+01   -0.170501E+01
   -0.170501E+01   -0.170501E+01   -0.170501E+01   -0.170501E+01
   -0.161869E+01   -0.161869E+01   -0.161869E+01   -0.161869E+01
   -0.161869E+01   -0.161869E+01   -0.161869E+01   -0.161869E+01
   -0.185407E+01   -0.185407E+01   -0.185407E+01   -0.185407E+01
   -0.185407E+01   -0.187232E+01   -0.187232E+01   -0.189161E+01
   -0.189161E+01   -0.189161E+01   -0.189161E+01   -0.189161E+01
   -0.189161E+01   -0.189161E+01   -0.189161E+01   -0.189161E+01
   -0.189161E+01   -0.193803E+01   -0.193803E+01   -0.193803E+01
   -0.193803E+01   -0.193803E+01   -0.193803E+01   -0.193803E+01
   -0.193803E+01   -0.193803E+01   -0.193803E+01   -0.193803E+01
   -0.193803E+01   -0.193803E+01   -0.193803E+01   -0.193803E+01
   -0.193803E+01   -0.193803E+01   -0.193803E+01   -0.193803E+01
   -0.193803E+01   -0.193803E+01   -0.193803E+01   -0.193803E+01
   -0.193803E+01   -0.193803E+01   -0.367606E+00   -0.391514E+00
   -0.415421E+00   -0.439329E+00   -0.492696E+00   -0.543893E+00
   -0.562705E+00   -0.581518E+00   -0.600330E+00   -0.619142E+00
   -0.637955E+00   -0.656768E+00   -0.675580E+00   -0.700358E+00
   -0.725135E+00   -0.749913E+00   -0.774691E+00   -0.799469E+00
   -0.824407E+00   -0.849345E+00   -0.874282E+00   -0.899221E+00
   -0.924159E+00   -0.947684E+00   -0.971210E+00   -0.995426E+00
   -0.102036E+01   -0.107438E+01   -0.109346E+01   -0.111255E+01
   -0.113164E+01   -0.115226E+01   -0.117746E+01   -0.120266E+01
   -0.122774E+01   -0.125278E+01   -0.127778E+01   -0.130266E+01
   -0.132753E+01   -0.135063E+01   -0.137312E+01   -0.139520E+01
   -0.141593E+01   -0.143660E+01   -0.146148E+01   -0.147589E+01
   -0.149061E+01   -0.150735E+01   -0.152274E+01   -0.153872E+01
   -0.155419E+01   -0.156858E+01   -0.158331E+01   -0.159679E+01
   -0.161410E+01   -0.162625E+01   -0.163774E+01   -0.164970E+01
   -0.166171E+01   -0.167378E+01   -0.168404E+01   -0.169267E+01
   -0.170135E+01   -0.170411E+01   -0.170411E+01   -0.170261E+01
   -0.170501E+01   -0.170501E+01   -0.170501E+01   -0.170501E+01
   -0.170501E+01   -0.170501E+01   -0.170501E+01   -0.161869E+01
   -0.161869E+01   -0.161869E+01   -0.161869E+01   -0.185407E+01
   -0.185407E+01   -0.185407E+01   -0.185407E+01   -0.185407E+01
   -0.185407E+01   -0.187232E+01   -0.187232E+01   -0.189161E+01
   -0.189161E+01   -0.189161E+01   -0.189161E+01   -0.189161E+01
   -0.189161E+01   -0.189161E+01   -0.189161E+01   -0.189161E+01
   -0.193803E+01   -0.193803E+01   -0.193803E+01   -0.193803E+01
   -0.193803E+01   -0.193803E+01   -0.193803E+01   -0.193803E+01
   -0.193803E+01   -0.193803E+01   -0.193803E+01   -0.193803E+01
   -0.193803E+01   -0.193803E+01   -0.193803E+01   -0.193803E+01
   -0.193803E+01   -0.193803E+01   -0.193803E+01   -0.193803E+01
   -0.193803E+01   -0.193803E+01   -0.193803E+01   -0.193803E+01
   -0.193803E+01   -0.193803E+01   -0.193803E+01   -0.381963E+00
   -0.405870E+00   -0.429777E+00   -0.453685E+00   -0.507051E+00
   -0.554130E+00   -0.573706E+00   -0.593282E+00   -0.612858E+00
   -0.632435E+00   -0.652011E+00   -0.671588E+00   -0.691164E+00
   -0.716139E+00   -0.741115E+00   -0.766090E+00   -0.791066E+00
   -0.816041E+00   -0.841246E+00   -0.866450E+00   -0.891655E+00
   -0.916859E+00   -0.942064E+00   -0.965589E+00   -0.989957E+00
   -0.101489E+01   -0.103982E+01   -0.108785E+01   -0.110905E+01
   -0.113026E+01   -0.115147E+01   -0.117381E+01   -0.119956E+01
   -0.122531E+01   -0.125100E+01   -0.127667E+01   -0.130231E+01
   -0.132789E+01   -0.135348E+01   -0.137661E+01   -0.139892E+01
   -0.142086E+01   -0.144167E+01   -0.146270E+01   -0.147986E+01
   -0.149254E+01   -0.150833E+01   -0.152440E+01   -0.153812E+01
   -0.155144E+01   -0.156468E+01   -0.157841E+01   -0.159074E+01
   -0.160576E+01   -0.161884E+01   -0.162962E+01   -0.164280E+01
   -0.165479E+01   -0.166634E+01   -0.167774E+01   -0.168762E+01
   -0.169810E+01   -0.170553E+01   -0.171451E+01   -0.171451E+01
   -0.171451E+01   -0.170501E+01   -0.170501E+01   -0.170501E+01
   -0.170501E+01   -0.170501E+01   -0.170501E+01   -0.170501E+01
   -0.170501E+01   -0.182911E+01   -0.185407E+01   -0.185407E+01
   -0.185407E+01   -0.185407E+01   -0.185407E+01   -0.185407E+01
   -0.185407E+01   -0.187232E+01   -0.187232E+01   -0.189161E+01
   -0.189161E+01   -0.189161E+01   -0.189161E+01   -0.189161E+01
   -0.189161E+01   -0.189161E+01   -0.189161E+01   -0.189161E+01
   -0.193803E+01   -0.193803E+01   -0.193803E+01   -0.193803E+01
   -0.193803E+01   -0.193803E+01   -0.193803E+01   -0.193803E+01
   -0.193803E+01   -0.193803E+01   -0.193803E+01   -0.193803E+01
   -0.193803E+01   -0.193803E+01   -0.193803E+01   -0.193803E+01
   -0.193803E+01   -0.193803E+01   -0.193803E+01   -0.193803E+01
   -0.193803E+01   -0.193803E+01   -0.193803E+01   -0.193803E+01
   -0.193803E+01   -0.193803E+01   -0.193803E+01   -0.193803E+01
   -0.396320E+00   -0.420226E+00   -0.444133E+00   -0.468040E+00
   -0.521406E+00   -0.564366E+00   -0.584707E+00   -0.605047E+00
   -0.625387E+00   -0.645727E+00   -0.666067E+00   -0.686408E+00
   -0.706748E+00   -0.731921E+00   -0.757094E+00   -0.782267E+00
   -0.807440E+00   -0.832614E+00   -0.858085E+00   -0.883555E+00
   -0.909027E+00   -0.934498E+00   -0.959969E+00   -0.984489E+00
   -0.100942E+01   -0.103436E+01   -0.105929E+01   -0.110958E+01
   -0.112885E+01   -0.114971E+01   -0.117150E+01   -0.119442E+01
   -0.122072E+01   -0.124702E+01   -0.127307E+01   -0.129905E+01
   -0.132495E+01   -0.135060E+01   -0.137626E+01   -0.139937E+01
   -0.142242E+01   -0.144720E+01   -0.146504E+01   -0.148139E+01
   -0.150241E+01   -0.149254E+01   -0.152832E+01   -0.153738E+01
   -0.155231E+01   -0.156149E+01   -0.157586E+01   -0.158829E+01
   -0.160271E+01   -0.161291E+01   -0.162497E+01   -0.163706E+01
   -0.164818E+01   -0.165933E+01   -0.167074E+01   -0.168185E+01
   -0.169158E+01   -0.170166E+01   -0.171064E+01   -0.171974E+01
   -0.171974E+01   -0.171974E+01   -0.171974E+01   -0.171974E+01
   -0.170501E+01   -0.170501E+01   -0.170501E+01   -0.182911E+01
   -0.182911E+01   -0.182911E+01   -0.182911E+01   -0.185407E+01
   -0.185407E+01   -0.185407E+01   -0.185407E+01   -0.185407E+01
   -0.185407E+01   -0.187232E+01   -0.187232E+01   -0.189161E+01
   -0.189161E+01   -0.189161E+01   -0.189161E+01   -0.189161E+01
   -0.189161E+01   -0.189161E+01   -0.189161E+01   -0.193803E+01
   -0.193803E+01   -0.193803E+01   -0.193803E+01   -0.193803E+01
   -0.193803E+01   -0.193803E+01   -0.193803E+01   -0.193803E+01
   -0.193803E+01   -0.193803E+01   -0.193803E+01   -0.193803E+01
   -0.193803E+01   -0.193803E+01   -0.193803E+01   -0.193803E+01
   -0.193803E+01   -0.193803E+01   -0.193803E+01   -0.193803E+01
   -0.193803E+01   -0.193803E+01   -0.193803E+01   -0.193803E+01
   -0.193803E+01   -0.193803E+01   -0.193803E+01   -0.193803E+01
   -0.193803E+01   -0.410676E+00   -0.434583E+00   -0.458489E+00
   -0.482396E+00   -0.535761E+00   -0.577701E+00   -0.596653E+00
   -0.617196E+00   -0.637738E+00   -0.658281E+00   -0.678823E+00
   -0.699366E+00   -0.719909E+00   -0.745232E+00   -0.770555E+00
   -0.795878E+00   -0.821201E+00   -0.846525E+00   -0.872213E+00
   -0.897902E+00   -0.923591E+00   -0.949280E+00   -0.974970E+00
   -0.999903E+00   -0.102484E+01   -0.104977E+01   -0.107508E+01
   -0.113450E+01   -0.115377E+01   -0.117304E+01   -0.119230E+01
   -0.121467E+01   -0.124151E+01   -0.126835E+01   -0.129468E+01
   -0.132085E+01   -0.134685E+01   -0.137234E+01   -0.139783E+01
   -0.142297E+01   -0.144826E+01   -0.146900E+01   -0.148346E+01
   -0.149782E+01   -0.150241E+01   -0.150241E+01   -0.152832E+01
   -0.155370E+01   -0.156487E+01   -0.157484E+01   -0.158595E+01
   -0.159722E+01   -0.160848E+01   -0.161915E+01   -0.162993E+01
   -0.164177E+01   -0.165388E+01   -0.166348E+01   -0.167325E+01
   -0.168558E+01   -0.169560E+01   -0.170591E+01   -0.171592E+01
   -0.172523E+01   -0.172523E+01   -0.172523E+01   -0.172523E+01
   -0.172523E+01   -0.178022E+01   -0.178022E+01   -0.182911E+01
   -0.182911E+01   -0.182911E+01   -0.182911E+01   -0.185407E+01
   -0.185407E+01   -0.185407E+01   -0.185407E+01   -0.185407E+01
   -0.185407E+01   -0.187232E+01   -0.187232E+01   -0.189161E+01
   -0.189161E+01   -0.189161E+01   -0.189161E+01   -0.189161E+01
   -0.189161E+01   -0.189161E+01   -0.189161E+01   -0.193803E+01
   -0.193803E+01   -0.193803E+01   -0.193803E+01   -0.193803E+01
   -0.193803E+01   -0.193803E+01   -0.193803E+01   -0.193803E+01
   -0.193803E+01   -0.193803E+01   -0.193803E+01   -0.193803E+01
   -0.193803E+01   -0.193803E+01   -0.193803E+01   -0.193803E+01
   -0.193803E+01   -0.193803E+01   -0.193803E+01   -0.193803E+01
   -0.193803E+01   -0.193803E+01   -0.193803E+01   -0.193803E+01
   -0.193803E+01   -0.193803E+01   -0.193803E+01   -0.204089E+01
   -0.204089E+01   -0.204089E+01   -0.425033E+00   -0.448939E+00
   -0.472845E+00   -0.496752E+00   -0.551346E+00   -0.593359E+00
   -0.612126E+00   -0.630894E+00   -0.650025E+00   -0.670568E+00
   -0.691110E+00   -0.711653E+00   -0.732195E+00   -0.757651E+00
   -0.783107E+00   -0.808563E+00   -0.834019E+00   -0.859475E+00
   -0.885364E+00   -0.911253E+00   -0.937143E+00   -0.963032E+00
   -0.988922E+00   -0.101385E+01   -0.103879E+01   -0.106420E+01
   -0.109000E+01   -0.114800E+01   -0.116855E+01   -0.118910E+01
   -0.120965E+01   -0.123190E+01   -0.125927E+01   -0.128663E+01
   -0.131247E+01   -0.133780E+01   -0.136317E+01   -0.138861E+01
   -0.141346E+01   -0.143390E+01   -0.145295E+01   -0.147032E+01
   -0.148765E+01   -0.150117E+01   -0.150117E+01   -0.150117E+01
   -0.155370E+01   -0.155370E+01   -0.156353E+01   -0.157488E+01
   -0.158624E+01   -0.159706E+01   -0.160830E+01   -0.161986E+01
   -0.163151E+01   -0.164327E+01   -0.165407E+01   -0.166542E+01
   -0.167753E+01   -0.168836E+01   -0.169943E+01   -0.170996E+01
   -0.172051E+01   -0.173086E+01   -0.173086E+01   -0.173086E+01
   -0.175209E+01   -0.178022E+01   -0.178022E+01   -0.181904E+01
   -0.182911E+01   -0.182911E+01   -0.182911E+01   -0.182911E+01
   -0.185407E+01   -0.185407E+01   -0.185407E+01   -0.185407E+01
   -0.185407E+01   -0.187232E+01   -0.187232E+01   -0.189161E+01
   -0.189161E+01   -0.189161E+01   -0.189161E+01   -0.189161E+01
   -0.189161E+01   -0.189161E+01   -0.193803E+01   -0.193803E+01
   -0.193803E+01   -0.193803E+01   -0.193803E+01   -0.193803E+01
   -0.193803E+01   -0.193803E+01   -0.193803E+01   -0.193803E+01
   -0.193803E+01   -0.193803E+01   -0.193803E+01   -0.193803E+01
   -0.193803E+01   -0.193803E+01   -0.193803E+01   -0.193803E+01
   -0.193803E+01   -0.193803E+01   -0.193803E+01   -0.193803E+01
   -0.193803E+01   -0.193803E+01   -0.193803E+01   -0.193803E+01
   -0.193803E+01   -0.193803E+01   -0.204089E+01   -0.204089E+01
   -0.204089E+01   -0.204089E+01   -0.204089E+01   -0.435083E+00
   -0.458988E+00   -0.482894E+00   -0.506744E+00   -0.567003E+00
   -0.609017E+00   -0.627784E+00   -0.646552E+00   -0.665319E+00
   -0.684087E+00   -0.703397E+00   -0.723939E+00   -0.744481E+00
   -0.770070E+00   -0.795659E+00   -0.821248E+00   -0.846837E+00
   -0.872426E+00   -0.898515E+00   -0.924604E+00   -0.950694E+00
   -0.976784E+00   -0.100287E+01   -0.102781E+01   -0.105331E+01
   -0.107911E+01   -0.110492E+01   -0.115764E+01   -0.117991E+01
   -0.120218E+01   -0.122444E+01   -0.124811E+01   -0.127599E+01
   -0.130387E+01   -0.132896E+01   -0.135312E+01   -0.137760E+01
   -0.140163E+01   -0.142192E+01   -0.144072E+01   -0.145564E+01
   -0.147021E+01   -0.148448E+01   -0.149746E+01   -0.149746E+01
   -0.149746E+01   -0.155370E+01   -0.156353E+01   -0.156353E+01
   -0.157211E+01   -0.158321E+01   -0.159575E+01   -0.160699E+01
   -0.161974E+01   -0.163131E+01   -0.164259E+01   -0.165602E+01
   -0.166775E+01   -0.167888E+01   -0.169092E+01   -0.170256E+01
   -0.171394E+01   -0.172481E+01   -0.173612E+01   -0.173612E+01
   -0.175209E+01   -0.178022E+01   -0.178022E+01   -0.178022E+01
   -0.181904E+01   -0.182911E+01   -0.182911E+01   -0.182911E+01
   -0.185407E+01   -0.185407E+01   -0.185407E+01   -0.185407E+01
   -0.185407E+01   -0.187232E+01   -0.187232E+01   -0.189161E+01
   -0.189161E+01   -0.189161E+01   -0.189161E+01   -0.189161E+01
   -0.189161E+01   -0.189161E+01   -0.193803E+01   -0.193803E+01
   -0.193803E+01   -0.193803E+01   -0.193803E+01   -0.193803E+01
   -0.193803E+01   -0.193803E+01   -0.193803E+01   -0.193803E+01
   -0.193803E+01   -0.193803E+01   -0.193803E+01   -0.193803E+01
   -0.193803E+01   -0.193803E+01   -0.193803E+01   -0.193803E+01
   -0.193803E+01   -0.193803E+01   -0.193803E+01   -0.193803E+01
   -0.193803E+01   -0.193803E+01   -0.193803E+01   -0.193803E+01
   -0.204089E+01   -0.204089E+01   -0.204089E+01   -0.204089E+01
   -0.204089E+01   -0.204089E+01   -0.204089E+01   -0.204089E+01
   -0.443776E+00   -0.467681E+00   -0.491520E+00   -0.515330E+00
   -0.576926E+00   -0.624675E+00   -0.643442E+00   -0.662209E+00
   -0.680976E+00   -0.699744E+00   -0.718512E+00   -0.737279E+00
   -0.756767E+00   -0.782489E+00   -0.808211E+00   -0.833932E+00
   -0.859654E+00   -0.885377E+00   -0.911666E+00   -0.937956E+00
   -0.964245E+00   -0.990535E+00   -0.101683E+01   -0.104242E+01
   -0.106823E+01   -0.109403E+01   -0.111983E+01   -0.117436E+01
   -0.119515E+01   -0.121693E+01   -0.123959E+01   -0.126366E+01
   -0.129199E+01   -0.132031E+01   -0.134524E+01   -0.136908E+01
   -0.139093E+01   -0.140666E+01   -0.142212E+01   -0.144363E+01
   -0.145646E+01   -0.146973E+01   -0.148155E+01   -0.149746E+01
   -0.149746E+01   -0.149746E+01   -0.156353E+01   -0.156353E+01
   -0.157211E+01   -0.157211E+01   -0.158208E+01   -0.159269E+01
   -0.160586E+01   -0.161761E+01   -0.163105E+01   -0.164384E+01
   -0.165560E+01   -0.166880E+01   -0.168143E+01   -0.169371E+01
   -0.170600E+01   -0.171771E+01   -0.172939E+01   -0.174132E+01
   -0.175209E+01   -0.175209E+01   -0.178022E+01   -0.178022E+01
   -0.180827E+01   -0.181904E+01   -0.182911E+01   -0.182911E+01
   -0.182911E+01   -0.185407E+01   -0.185407E+01   -0.185407E+01
   -0.185407E+01   -0.187232E+01   -0.187232E+01   -0.189161E+01
   -0.189161E+01   -0.189161E+01   -0.189161E+01   -0.189161E+01
   -0.189161E+01   -0.193803E+01   -0.193803E+01   -0.193803E+01
   -0.193803E+01   -0.193803E+01   -0.193803E+01   -0.193803E+01
   -0.193803E+01   -0.193803E+01   -0.193803E+01   -0.193803E+01
   -0.193803E+01   -0.193803E+01   -0.193803E+01   -0.193803E+01
   -0.193803E+01   -0.193803E+01   -0.193803E+01   -0.193803E+01
   -0.193803E+01   -0.193803E+01   -0.193803E+01   -0.193803E+01
   -0.193803E+01   -0.193803E+01   -0.193803E+01   -0.204089E+01
   -0.204089E+01   -0.204089E+01   -0.204089E+01   -0.204089E+01
   -0.204089E+01   -0.204089E+01   -0.204089E+01   -0.204089E+01
   -0.204089E+01   -0.452469E+00   -0.476297E+00   -0.500107E+00
   -0.523916E+00   -0.582635E+00   -0.632662E+00   -0.651740E+00
   -0.670818E+00   -0.689896E+00   -0.708974E+00   -0.728052E+00
   -0.747130E+00   -0.766209E+00   -0.791992E+00   -0.817776E+00
   -0.843560E+00   -0.869343E+00   -0.895127E+00   -0.921536E+00
   -0.947945E+00   -0.974354E+00   -0.100076E+01   -0.102717E+01
   -0.105298E+01   -0.107878E+01   -0.110458E+01   -0.113068E+01
   -0.119314E+01   -0.121394E+01   -0.123473E+01   -0.125552E+01
   -0.127902E+01   -0.130777E+01   -0.133652E+01   -0.136155E+01
   -0.138413E+01   -0.140494E+01   -0.141641E+01   -0.142973E+01
   -0.144371E+01   -0.145684E+01   -0.146912E+01   -0.147995E+01
   -0.147995E+01   -0.147995E+01   -0.149746E+01   -0.149746E+01
   -0.157211E+01   -0.157211E+01   -0.158208E+01   -0.158208E+01
   -0.159329E+01   -0.160360E+01   -0.161914E+01   -0.163090E+01
   -0.164414E+01   -0.165733E+01   -0.167064E+01   -0.168347E+01
   -0.169645E+01   -0.170938E+01   -0.172156E+01   -0.173344E+01
   -0.174637E+01   -0.175808E+01   -0.176981E+01   -0.178022E+01
   -0.178022E+01   -0.180827E+01   -0.181904E+01   -0.182911E+01
   -0.182911E+01   -0.185407E+01   -0.185407E+01   -0.185407E+01
   -0.185407E+01   -0.187232E+01   -0.187232E+01   -0.189161E+01
   -0.189161E+01   -0.189161E+01   -0.189161E+01   -0.189161E+01
   -0.189161E+01   -0.193803E+01   -0.193803E+01   -0.193803E+01
   -0.193803E+01   -0.193803E+01   -0.193803E+01   -0.193803E+01
   -0.193803E+01   -0.193803E+01   -0.193803E+01   -0.193803E+01
   -0.193803E+01   -0.193803E+01   -0.193803E+01   -0.193803E+01
   -0.193803E+01   -0.193803E+01   -0.193803E+01   -0.193803E+01
   -0.193803E+01   -0.193803E+01   -0.193803E+01   -0.193803E+01
   -0.193803E+01   -0.204089E+01   -0.204089E+01   -0.204089E+01
   -0.204089E+01   -0.204089E+01   -0.204089E+01   -0.204089E+01
   -0.204089E+01   -0.204089E+01   -0.204089E+01   -0.204089E+01
   -0.204089E+01   -0.204089E+01   -0.461074E+00   -0.484884E+00
   -0.508693E+00   -0.532503E+00   -0.588939E+00   -0.638564E+00
   -0.658037E+00   -0.677510E+00   -0.696984E+00   -0.716457E+00
   -0.735930E+00   -0.755403E+00   -0.774877E+00   -0.800703E+00
   -0.826529E+00   -0.852355E+00   -0.878182E+00   -0.904009E+00
   -0.930515E+00   -0.957021E+00   -0.983527E+00   -0.101003E+01
   -0.103654E+01   -0.106234E+01   -0.108815E+01   -0.111431E+01
   -0.114071E+01   -0.120235E+01   -0.122355E+01   -0.124475E+01
   -0.126594E+01   -0.128873E+01   -0.131630E+01   -0.134387E+01
   -0.136737E+01   -0.138798E+01   -0.141490E+01   -0.142299E+01
   -0.143239E+01   -0.144393E+01   -0.145537E+01   -0.146619E+01
   -0.147620E+01   -0.147620E+01   -0.147620E+01   -0.147620E+01
   -0.147620E+01   -0.157211E+01   -0.158208E+01   -0.159142E+01
   -0.159142E+01   -0.159142E+01   -0.160336E+01   -0.161727E+01
   -0.163009E+01   -0.164432E+01   -0.165859E+01   -0.167272E+01
   -0.168547E+01   -0.169940E+01   -0.171261E+01   -0.172559E+01
   -0.173832E+01   -0.175100E+01   -0.176390E+01   -0.177532E+01
   -0.178667E+01   -0.179777E+01   -0.180827E+01   -0.181904E+01
   -0.182911E+01   -0.182911E+01   -0.185407E+01   -0.185407E+01
   -0.185407E+01   -0.187232E+01   -0.187232E+01   -0.189161E+01
   -0.189161E+01   -0.189161E+01   -0.189161E+01   -0.189161E+01
   -0.193803E+01   -0.193803E+01   -0.193803E+01   -0.193803E+01
   -0.193803E+01   -0.193803E+01   -0.193803E+01   -0.193803E+01
   -0.193803E+01   -0.193803E+01   -0.193803E+01   -0.193803E+01
   -0.193803E+01   -0.193803E+01   -0.193803E+01   -0.193803E+01
   -0.193803E+01   -0.193803E+01   -0.193803E+01   -0.193803E+01
   -0.193803E+01   -0.193803E+01   -0.193803E+01   -0.193803E+01
   -0.204089E+01   -0.204089E+01   -0.204089E+01   -0.204089E+01
   -0.204089E+01   -0.204089E+01   -0.204089E+01   -0.204089E+01
   -0.204089E+01   -0.204089E+01   -0.204089E+01   -0.204089E+01
   -0.204089E+01   -0.204089E+01   -0.204089E+01   -0.469662E+00
   -0.493471E+00   -0.517280E+00   -0.541089E+00   -0.597525E+00
   -0.644466E+00   -0.664335E+00   -0.684203E+00   -0.704071E+00
   -0.723940E+00   -0.743808E+00   -0.763677E+00   -0.783545E+00
   -0.809414E+00   -0.835283E+00   -0.861151E+00   -0.887020E+00
   -0.912890E+00   -0.939493E+00   -0.966097E+00   -0.992701E+00
   -0.101930E+01   -0.104591E+01   -0.107171E+01   -0.109794E+01
   -0.112434E+01   -0.115075E+01   -0.120916E+01   -0.123086E+01
   -0.125256E+01   -0.127426E+01   -0.129704E+01   -0.132302E+01
   -0.134901E+01   -0.137021E+01   -0.138892E+01   -0.140999E+01
   -0.141754E+01   -0.142705E+01   -0.143769E+01   -0.144861E+01
   -0.145842E+01   -0.147620E+01   -0.147620E+01   -0.147620E+01
   -0.147620E+01   -0.147620E+01   -0.159142E+01   -0.159142E+01
   -0.159142E+01   -0.159142E+01   -0.159142E+01   -0.160013E+01
   -0.161437E+01   -0.162841E+01   -0.164290E+01   -0.165752E+01
   -0.167222E+01   -0.168796E+01   -0.170110E+01   -0.171504E+01
   -0.172804E+01   -0.174180E+01   -0.175601E+01   -0.176999E+01
   -0.178157E+01   -0.179300E+01   -0.180460E+01   -0.181596E+01
   -0.182724E+01   -0.183779E+01   -0.184562E+01   -0.185407E+01
   -0.185407E+01   -0.187232E+01   -0.187232E+01   -0.189161E+01
   -0.189161E+01   -0.189161E+01   -0.189161E+01   -0.189161E+01
   -0.193803E+01   -0.193803E+01   -0.193803E+01   -0.193803E+01
   -0.193803E+01   -0.193803E+01   -0.193803E+01   -0.193803E+01
   -0.193803E+01   -0.193803E+01   -0.193803E+01   -0.193803E+01
   -0.193803E+01   -0.193803E+01   -0.193803E+01   -0.193803E+01
   -0.193803E+01   -0.193803E+01   -0.193803E+01   -0.193803E+01
   -0.193803E+01   -0.193803E+01   -0.204089E+01   -0.204089E+01
   -0.204089E+01   -0.204089E+01   -0.204089E+01   -0.204089E+01
   -0.204089E+01   -0.204089E+01   -0.204089E+01   -0.204089E+01
   -0.204089E+01   -0.204089E+01   -0.204089E+01   -0.204089E+01
   -0.204089E+01   -0.204089E+01   -0.204089E+01   -0.200063E+01
   -0.478249E+00   -0.502058E+00   -0.525867E+00   -0.549675E+00
   -0.606111E+00   -0.650369E+00   -0.670632E+00   -0.690896E+00
   -0.711159E+00   -0.731422E+00   -0.751686E+00   -0.771950E+00
   -0.792213E+00   -0.818125E+00   -0.844036E+00   -0.869948E+00
   -0.895859E+00   -0.921771E+00   -0.948472E+00   -0.975173E+00
   -0.100187E+01   -0.102858E+01   -0.105528E+01   -0.108157E+01
   -0.110797E+01   -0.113437E+01   -0.116078E+01   -0.121827E+01
   -0.123688E+01   -0.125688E+01   -0.127867E+01   -0.130078E+01
   -0.132389E+01   -0.134699E+01   -0.136681E+01   -0.138366E+01
   -0.139924E+01   -0.140851E+01   -0.141822E+01   -0.142957E+01
   -0.143954E+01   -0.144976E+01   -0.144976E+01   -0.144976E+01
   -0.147620E+01   -0.147620E+01   -0.147620E+01   -0.154660E+01
   -0.159142E+01   -0.159142E+01   -0.159668E+01   -0.159668E+01
   -0.159668E+01   -0.160884E+01   -0.162634E+01   -0.164125E+01
   -0.165645E+01   -0.167179E+01   -0.168741E+01   -0.170158E+01
   -0.171697E+01   -0.173189E+01   -0.174569E+01   -0.176059E+01
   -0.177474E+01   -0.178761E+01   -0.179988E+01   -0.181168E+01
   -0.182361E+01   -0.183568E+01   -0.184568E+01   -0.185387E+01
   -0.186401E+01   -0.187232E+01   -0.187232E+01   -0.189161E+01
   -0.189161E+01   -0.189161E+01   -0.189161E+01   -0.191966E+01
   -0.193803E+01   -0.193803E+01   -0.193803E+01   -0.193803E+01
   -0.193803E+01   -0.193803E+01   -0.193803E+01   -0.193803E+01
   -0.193803E+01   -0.193803E+01   -0.193803E+01   -0.193803E+01
   -0.193803E+01   -0.193803E+01   -0.193803E+01   -0.193803E+01
   -0.193803E+01   -0.193803E+01   -0.193803E+01   -0.193803E+01
   -0.193803E+01   -0.204089E+01   -0.204089E+01   -0.204089E+01
   -0.204089E+01   -0.204089E+01   -0.204089E+01   -0.204089E+01
   -0.204089E+01   -0.204089E+01   -0.204089E+01   -0.204089E+01
   -0.204089E+01   -0.204089E+01   -0.204089E+01   -0.204089E+01
   -0.204089E+01   -0.204089E+01   -0.200063E+01   -0.200063E+01
   -0.200063E+01   -0.486836E+00   -0.510645E+00   -0.534453E+00
   -0.558262E+00   -0.614625E+00   -0.656688E+00   -0.675820E+00
   -0.696037E+00   -0.716364E+00   -0.736691E+00   -0.757019E+00
   -0.777346E+00   -0.797674E+00   -0.823533E+00   -0.849392E+00
   -0.875251E+00   -0.901110E+00   -0.926970E+00   -0.953652E+00
   -0.980334E+00   -0.100702E+01   -0.103370E+01   -0.106038E+01
   -0.108678E+01   -0.111318E+01   -0.113958E+01   -0.116599E+01
   -0.122786E+01   -0.124648E+01   -0.126510E+01   -0.128372E+01
   -0.130357E+01   -0.132352E+01   -0.134346E+01   -0.136020E+01
   -0.137501E+01   -0.138899E+01   -0.139940E+01   -0.141067E+01
   -0.142217E+01   -0.143059E+01   -0.144032E+01   -0.144032E+01
   -0.144032E+01   -0.144032E+01   -0.144032E+01   -0.154660E+01
   -0.154660E+01   -0.154660E+01   -0.154660E+01   -0.157178E+01
   -0.159192E+01   -0.159192E+01   -0.160754E+01   -0.162389E+01
   -0.164005E+01   -0.165551E+01   -0.167163E+01   -0.168744E+01
   -0.170364E+01   -0.171983E+01   -0.173461E+01   -0.175015E+01
   -0.176515E+01   -0.177978E+01   -0.179368E+01   -0.180643E+01
   -0.181887E+01   -0.183151E+01   -0.184432E+01   -0.185498E+01
   -0.186471E+01   -0.187355E+01   -0.188230E+01   -0.189161E+01
   -0.189161E+01   -0.189161E+01   -0.191966E+01   -0.191966E+01
   -0.193803E+01   -0.193803E+01   -0.193803E+01   -0.193803E+01
   -0.193803E+01   -0.193803E+01   -0.193803E+01   -0.193803E+01
   -0.193803E+01   -0.193803E+01   -0.193803E+01   -0.193803E+01
   -0.193803E+01   -0.193803E+01   -0.193803E+01   -0.193803E+01
   -0.193803E+01   -0.193803E+01   -0.193803E+01   -0.204089E+01
   -0.204089E+01   -0.204089E+01   -0.204089E+01   -0.204089E+01
   -0.204089E+01   -0.204089E+01   -0.204089E+01   -0.204089E+01
   -0.204089E+01   -0.204089E+01   -0.204089E+01   -0.204089E+01
   -0.204089E+01   -0.204089E+01   -0.204089E+01   -0.204089E+01
   -0.204089E+01   -0.200063E+01   -0.200063E+01   -0.200063E+01
   -0.200063E+01   -0.200063E+01   -0.495424E+00   -0.519232E+00
   -0.543040E+00   -0.566848E+00   -0.621736E+00   -0.663801E+00
   -0.682932E+00   -0.702064E+00   -0.721205E+00   -0.741532E+00
   -0.761859E+00   -0.782187E+00   -0.802514E+00   -0.828302E+00
   -0.854091E+00   -0.879879E+00   -0.905668E+00   -0.931457E+00
   -0.958098E+00   -0.984738E+00   -0.101138E+01   -0.103802E+01
   -0.106466E+01   -0.109106E+01   -0.111746E+01   -0.114387E+01
   -0.117028E+01   -0.123300E+01   -0.125099E+01   -0.126897E+01
   -0.128695E+01   -0.130470E+01   -0.132175E+01   -0.133879E+01
   -0.135319E+01   -0.136670E+01   -0.137947E+01   -0.138985E+01
   -0.140346E+01   -0.141263E+01   -0.142128E+01   -0.143144E+01
   -0.143144E+01   -0.143144E+01   -0.143144E+01   -0.143144E+01
   -0.154660E+01   -0.154660E+01   -0.154660E+01   -0.154660E+01
   -0.157178E+01   -0.157178E+01   -0.158938E+01   -0.160493E+01
   -0.161934E+01   -0.163805E+01   -0.165530E+01   -0.167241E+01
   -0.168752E+01   -0.170439E+01   -0.172110E+01   -0.173828E+01
   -0.175398E+01   -0.176909E+01   -0.178507E+01   -0.179976E+01
   -0.181287E+01   -0.182610E+01   -0.183965E+01   -0.185288E+01
   -0.186366E+01   -0.187331E+01   -0.188305E+01   -0.189266E+01
   -0.190205E+01   -0.190205E+01   -0.191966E+01   -0.191966E+01
   -0.193803E+01   -0.193803E+01   -0.193803E+01   -0.193803E+01
   -0.193803E+01   -0.193803E+01   -0.193803E+01   -0.193803E+01
   -0.193803E+01   -0.193803E+01   -0.193803E+01   -0.193803E+01
   -0.193803E+01   -0.193803E+01   -0.193803E+01   -0.193803E+01
   -0.193803E+01   -0.193803E+01   -0.204089E+01   -0.204089E+01
   -0.204089E+01   -0.204089E+01   -0.204089E+01   -0.204089E+01
   -0.204089E+01   -0.204089E+01   -0.204089E+01   -0.204089E+01
   -0.204089E+01   -0.204089E+01   -0.204089E+01   -0.204089E+01
   -0.204089E+01   -0.204089E+01   -0.204089E+01   -0.204089E+01
   -0.200063E+01   -0.200063E+01   -0.200063E+01   -0.200063E+01
   -0.200063E+01   -0.200063E+01   -0.200063E+01   -0.499620E+00
   -0.523428E+00   -0.547236E+00   -0.570502E+00   -0.628847E+00
   -0.670914E+00   -0.690045E+00   -0.709176E+00   -0.728307E+00
   -0.747439E+00   -0.766700E+00   -0.787027E+00   -0.807354E+00
   -0.833072E+00   -0.858790E+00   -0.884508E+00   -0.910226E+00
   -0.935944E+00   -0.962543E+00   -0.989142E+00   -0.101574E+01
   -0.104234E+01   -0.106894E+01   -0.109534E+01   -0.112175E+01
   -0.114816E+01   -0.117457E+01   -0.123737E+01   -0.125461E+01
   -0.127184E+01   -0.128907E+01   -0.130554E+01   -0.131973E+01
   -0.133392E+01   -0.134646E+01   -0.135844E+01   -0.136993E+01
   -0.137943E+01   -0.139042E+01   -0.140360E+01   -0.141118E+01
   -0.142130E+01   -0.142130E+01   -0.142130E+01   -0.142130E+01
   -0.142130E+01   -0.154660E+01   -0.154660E+01   -0.154660E+01
   -0.154660E+01   -0.154660E+01   -0.157100E+01   -0.158309E+01
   -0.160201E+01   -0.161887E+01   -0.163592E+01   -0.165303E+01
   -0.167074E+01   -0.168865E+01   -0.170595E+01   -0.172332E+01
   -0.174081E+01   -0.175745E+01   -0.177351E+01   -0.179007E+01
   -0.180544E+01   -0.181945E+01   -0.183325E+01   -0.184550E+01
   -0.186047E+01   -0.187316E+01   -0.188280E+01   -0.189267E+01
   -0.190264E+01   -0.191218E+01   -0.191966E+01   -0.191966E+01
   -0.193803E+01   -0.193803E+01   -0.193803E+01   -0.193803E+01
   -0.193803E+01   -0.193803E+01   -0.193803E+01   -0.193803E+01
   -0.193803E+01   -0.193803E+01   -0.193803E+01   -0.193803E+01
   -0.193803E+01   -0.193803E+01   -0.193803E+01   -0.193803E+01
   -0.204089E+01   -0.204089E+01   -0.204089E+01   -0.204089E+01
   -0.204089E+01   -0.204089E+01   -0.204089E+01   -0.204089E+01
   -0.204089E+01   -0.204089E+01   -0.204089E+01   -0.204089E+01
   -0.204089E+01   -0.204089E+01   -0.204089E+01   -0.204089E+01
   -0.204089E+01   -0.204089E+01   -0.204089E+01   -0.200063E+01
   -0.200063E+01   -0.200063E+01   -0.200063E+01   -0.200063E+01
   -0.200063E+01   -0.200063E+01   -0.200063E+01   -0.200063E+01
   -0.503125E+00   -0.526932E+00   -0.550116E+00   -0.573159E+00
   -0.632190E+00   -0.678026E+00   -0.697157E+00   -0.716288E+00
   -0.735419E+00   -0.754550E+00   -0.773682E+00   -0.792813E+00
   -0.812194E+00   -0.837841E+00   -0.863489E+00   -0.889136E+00
   -0.914784E+00   -0.940432E+00   -0.966989E+00   -0.993546E+00
   -0.102010E+01   -0.104666E+01   -0.107322E+01   -0.109963E+01
   -0.112604E+01   -0.115245E+01   -0.117886E+01   -0.123434E+01
   -0.125001E+01   -0.126617E+01   -0.128331E+01   -0.129927E+01
   -0.131170E+01   -0.132413E+01   -0.133554E+01   -0.134661E+01
   -0.135721E+01   -0.136649E+01   -0.137747E+01   -0.138984E+01
   -0.139860E+01   -0.140898E+01   -0.140898E+01   -0.140898E+01
   -0.140898E+01   -0.140898E+01   -0.154145E+01   -0.154145E+01
   -0.154145E+01   -0.154145E+01   -0.154145E+01   -0.155737E+01
   -0.157653E+01   -0.159367E+01   -0.161231E+01   -0.163093E+01
   -0.164921E+01   -0.166574E+01   -0.168829E+01   -0.170170E+01
   -0.172561E+01   -0.173881E+01   -0.175842E+01   -0.177573E+01
   -0.179429E+01   -0.180982E+01   -0.182516E+01   -0.183833E+01
   -0.185406E+01   -0.186846E+01   -0.188085E+01   -0.189042E+01
   -0.190033E+01   -0.191330E+01   -0.192253E+01   -0.193003E+01
   -0.193803E+01   -0.193803E+01   -0.193803E+01   -0.193803E+01
   -0.193803E+01   -0.193803E+01   -0.193803E+01   -0.193803E+01
   -0.193803E+01   -0.193803E+01   -0.193803E+01   -0.193803E+01
   -0.193803E+01   -0.193803E+01   -0.193803E+01   -0.204089E+01
   -0.204089E+01   -0.204089E+01   -0.204089E+01   -0.204089E+01
   -0.204089E+01   -0.204089E+01   -0.204089E+01   -0.204089E+01
   -0.204089E+01   -0.204089E+01   -0.204089E+01   -0.204089E+01
   -0.204089E+01   -0.204089E+01   -0.204089E+01   -0.204089E+01
   -0.204089E+01   -0.204089E+01   -0.200063E+01   -0.200063E+01
   -0.200063E+01   -0.200063E+01   -0.200063E+01   -0.200063E+01
   -0.200063E+01   -0.200063E+01   -0.200063E+01   -0.200063E+01
   -0.200063E+01   -0.506629E+00   -0.529730E+00   -0.552772E+00
   -0.575815E+00   -0.633759E+00   -0.680183E+00   -0.699276E+00
   -0.718368E+00   -0.737461E+00   -0.756553E+00   -0.775645E+00
   -0.794738E+00   -0.813831E+00   -0.839301E+00   -0.864771E+00
   -0.890241E+00   -0.915711E+00   -0.941182E+00   -0.967558E+00
   -0.993934E+00   -0.102031E+01   -0.104669E+01   -0.107306E+01
   -0.109947E+01   -0.112588E+01   -0.115230E+01   -0.117728E+01
   -0.123027E+01   -0.124594E+01   -0.126161E+01   -0.127727E+01
   -0.129200E+01   -0.130282E+01   -0.131364E+01   -0.132403E+01
   -0.133427E+01   -0.134424E+01   -0.135344E+01   -0.136417E+01
   -0.137610E+01   -0.138462E+01   -0.139623E+01   -0.139623E+01
   -0.139623E+01   -0.139623E+01   -0.139623E+01   -0.153100E+01
   -0.153100E+01   -0.153100E+01   -0.153100E+01   -0.153100E+01
   -0.154960E+01   -0.156816E+01   -0.158520E+01   -0.160381E+01
   -0.162549E+01   -0.164314E+01   -0.166322E+01   -0.168309E+01
   -0.170305E+01   -0.172160E+01   -0.174053E+01   -0.176128E+01
   -0.177824E+01   -0.179715E+01   -0.181426E+01   -0.182986E+01
   -0.184537E+01   -0.186110E+01   -0.187634E+01   -0.188942E+01
   -0.190055E+01   -0.191199E+01   -0.192362E+01   -0.193260E+01
   -0.194005E+01   -0.193803E+01   -0.193803E+01   -0.193803E+01
   -0.193803E+01   -0.193803E+01   -0.193803E+01   -0.193803E+01
   -0.193803E+01   -0.193803E+01   -0.193803E+01   -0.193803E+01
   -0.193803E+01   -0.193803E+01   -0.204089E+01   -0.204089E+01
   -0.204089E+01   -0.204089E+01   -0.204089E+01   -0.204089E+01
   -0.204089E+01   -0.204089E+01   -0.204089E+01   -0.204089E+01
   -0.204089E+01   -0.204089E+01   -0.204089E+01   -0.204089E+01
   -0.204089E+01   -0.204089E+01   -0.204089E+01   -0.204089E+01
   -0.204089E+01   -0.200063E+01   -0.200063E+01   -0.200063E+01
   -0.200063E+01   -0.200063E+01   -0.200063E+01   -0.200063E+01
   -0.200063E+01   -0.200063E+01   -0.200063E+01   -0.200063E+01
   -0.200063E+01   -0.200063E+01   -0.509345E+00   -0.532387E+00
   -0.555429E+00   -0.578471E+00   -0.635665E+00   -0.681727E+00
   -0.700776E+00   -0.719825E+00   -0.738874E+00   -0.757923E+00
   -0.776973E+00   -0.796022E+00   -0.815071E+00   -0.840350E+00
   -0.865630E+00   -0.890910E+00   -0.916189E+00   -0.941469E+00
   -0.967647E+00   -0.993825E+00   -0.102000E+01   -0.104618E+01
   -0.107236E+01   -0.109877E+01   -0.112518E+01   -0.114992E+01
   -0.117400E+01   -0.122690E+01   -0.124139E+01   -0.125587E+01
   -0.127036E+01   -0.128357E+01   -0.129296E+01   -0.130235E+01
   -0.131183E+01   -0.132133E+01   -0.133076E+01   -0.133976E+01
   -0.134880E+01   -0.136207E+01   -0.136993E+01   -0.139623E+01
   -0.139623E+01   -0.139623E+01   -0.139623E+01   -0.139623E+01
   -0.151977E+01   -0.151977E+01   -0.151977E+01   -0.151977E+01
   -0.151977E+01   -0.154279E+01   -0.155910E+01   -0.157695E+01
   -0.159911E+01   -0.161779E+01   -0.163864E+01   -0.165913E+01
   -0.167965E+01   -0.170239E+01   -0.172106E+01   -0.174006E+01
   -0.176191E+01   -0.178062E+01   -0.180060E+01   -0.181868E+01
   -0.183505E+01   -0.185149E+01   -0.186792E+01   -0.188384E+01
   -0.189792E+01   -0.190920E+01   -0.192050E+01   -0.193166E+01
   -0.194348E+01   -0.194005E+01   -0.194005E+01   -0.193803E+01
   -0.193803E+01   -0.193803E+01   -0.193803E+01   -0.193803E+01
   -0.193803E+01   -0.193803E+01   -0.193803E+01   -0.193803E+01
   -0.203543E+01   -0.203543E+01   -0.204089E+01   -0.204089E+01
   -0.204089E+01   -0.204089E+01   -0.204089E+01   -0.204089E+01
   -0.204089E+01   -0.204089E+01   -0.204089E+01   -0.204089E+01
   -0.204089E+01   -0.204089E+01   -0.204089E+01   -0.204089E+01
   -0.204089E+01   -0.204089E+01   -0.204089E+01   -0.204089E+01
   -0.200063E+01   -0.200063E+01   -0.200063E+01   -0.200063E+01
   -0.200063E+01   -0.200063E+01   -0.200063E+01   -0.200063E+01
   -0.200063E+01   -0.200063E+01   -0.200063E+01   -0.200063E+01
   -0.200063E+01   -0.200063E+01   -0.200063E+01   -0.512002E+00
   -0.535044E+00   -0.558085E+00   -0.581127E+00   -0.638321E+00
   -0.683271E+00   -0.702276E+00   -0.721282E+00   -0.740288E+00
   -0.759294E+00   -0.778300E+00   -0.797305E+00   -0.816311E+00
   -0.841400E+00   -0.866489E+00   -0.891578E+00   -0.916668E+00
   -0.941757E+00   -0.967736E+00   -0.993716E+00   -0.101970E+01
   -0.104568E+01   -0.107166E+01   -0.109807E+01   -0.112255E+01
   -0.114664E+01   -0.117072E+01   -0.122361E+01   -0.123679E+01
   -0.124996E+01   -0.126313E+01   -0.127501E+01   -0.128299E+01
   -0.129097E+01   -0.129955E+01   -0.130834E+01   -0.131670E+01
   -0.132282E+01   -0.133470E+01   -0.134771E+01   -0.136993E+01
   -0.136993E+01   -0.139623E+01   -0.139623E+01   -0.139623E+01
   -0.139623E+01   -0.146559E+01   -0.146559E+01   -0.151141E+01
   -0.151141E+01   -0.151141E+01   -0.153019E+01   -0.155080E+01
   -0.157082E+01   -0.159091E+01   -0.161121E+01   -0.163353E+01
   -0.165582E+01   -0.167655E+01   -0.169942E+01   -0.171924E+01
   -0.174353E+01   -0.176390E+01   -0.178251E+01   -0.180351E+01
   -0.182300E+01   -0.184033E+01   -0.185769E+01   -0.187433E+01
   -0.189167E+01   -0.190608E+01   -0.191815E+01   -0.192953E+01
   -0.194138E+01   -0.195275E+01   -0.195275E+01   -0.197209E+01
   -0.197209E+01   -0.198587E+01   -0.198587E+01   -0.198587E+01
   -0.198587E+01   -0.198587E+01   -0.202247E+01   -0.202247E+01
   -0.203543E+01   -0.203543E+01   -0.204089E+01   -0.204089E+01
   -0.204089E+01   -0.204089E+01   -0.204089E+01   -0.204089E+01
   -0.204089E+01   -0.204089E+01   -0.204089E+01   -0.204089E+01
   -0.204089E+01   -0.204089E+01   -0.204089E+01   -0.204089E+01
   -0.204089E+01   -0.204089E+01   -0.204089E+01   -0.200063E+01
   -0.200063E+01   -0.200063E+01   -0.200063E+01   -0.200063E+01
   -0.200063E+01   -0.200063E+01   -0.200063E+01   -0.200063E+01
   -0.200063E+01   -0.200063E+01   -0.200063E+01   -0.200063E+01
   -0.200063E+01   -0.200063E+01   -0.200063E+01   -0.200063E+01
   -0.514659E+00   -0.537700E+00   -0.560742E+00   -0.583783E+00
   -0.640976E+00   -0.684814E+00   -0.703777E+00   -0.722739E+00
   -0.741702E+00   -0.760664E+00   -0.779627E+00   -0.798589E+00
   -0.817552E+00   -0.842450E+00   -0.867349E+00   -0.892247E+00
   -0.917146E+00   -0.942044E+00   -0.967826E+00   -0.993607E+00
   -0.101939E+01   -0.104517E+01   -0.107095E+01   -0.109519E+01
   -0.111927E+01   -0.114336E+01   -0.116744E+01   -0.121277E+01
   -0.122547E+01   -0.123826E+01   -0.125134E+01   -0.126292E+01
   -0.126999E+01   -0.127706E+01   -0.128537E+01   -0.129338E+01
   -0.130579E+01   -0.131169E+01   -0.132042E+01   -0.133110E+01
   -0.133110E+01   -0.133110E+01   -0.136993E+01   -0.139623E+01
   -0.139623E+01   -0.146559E+01   -0.146559E+01   -0.146559E+01
   -0.146559E+01   -0.149881E+01   -0.149881E+01   -0.151912E+01
   -0.154126E+01   -0.156189E+01   -0.158225E+01   -0.160515E+01
   -0.162813E+01   -0.165052E+01   -0.167344E+01   -0.169663E+01
   -0.171889E+01   -0.174304E+01   -0.176184E+01   -0.178339E+01
   -0.180654E+01   -0.182656E+01   -0.184473E+01   -0.186269E+01
   -0.188051E+01   -0.189964E+01   -0.191309E+01   -0.192572E+01
   -0.193833E+01   -0.195058E+01   -0.196297E+01   -0.197209E+01
   -0.197209E+01   -0.198587E+01   -0.198587E+01   -0.198587E+01
   -0.198587E+01   -0.200785E+01   -0.202247E+01   -0.202247E+01
   -0.203543E+01   -0.203543E+01   -0.204089E+01   -0.204089E+01
   -0.204089E+01   -0.204089E+01   -0.204089E+01   -0.204089E+01
   -0.204089E+01   -0.204089E+01   -0.204089E+01   -0.204089E+01
   -0.204089E+01   -0.204089E+01   -0.204089E+01   -0.204089E+01
   -0.204089E+01   -0.204089E+01   -0.200063E+01   -0.200063E+01
   -0.200063E+01   -0.200063E+01   -0.200063E+01   -0.200063E+01
   -0.200063E+01   -0.200063E+01   -0.200063E+01   -0.200063E+01
   -0.200063E+01   -0.200063E+01   -0.200063E+01   -0.200063E+01
   -0.200063E+01   -0.200063E+01   -0.200063E+01   -0.200063E+01
   -0.200063E+01   -0.517316E+00   -0.540357E+00   -0.563398E+00
   -0.586439E+00   -0.643008E+00   -0.683214E+00   -0.701492E+00
   -0.720255E+00   -0.739215E+00   -0.758174E+00   -0.777134E+00
   -0.796094E+00   -0.815054E+00   -0.839630E+00   -0.864206E+00
   -0.888783E+00   -0.913359E+00   -0.937935E+00   -0.963336E+00
   -0.988736E+00   -0.101414E+01   -0.103954E+01   -0.106494E+01
   -0.108902E+01   -0.111311E+01   -0.113719E+01   -0.115756E+01
   -0.120135E+01   -0.121406E+01   -0.122676E+01   -0.123946E+01
   -0.125056E+01   -0.125676E+01   -0.126295E+01   -0.126988E+01
   -0.127692E+01   -0.128946E+01   -0.129587E+01   -0.130473E+01
   -0.131415E+01   -0.131415E+01   -0.131415E+01   -0.131415E+01
   -0.131415E+01   -0.139623E+01   -0.146559E+01   -0.146559E+01
   -0.146559E+01   -0.146559E+01   -0.146559E+01   -0.148321E+01
   -0.150414E+01   -0.152635E+01   -0.154754E+01   -0.156942E+01
   -0.159319E+01   -0.161644E+01   -0.163950E+01   -0.166453E+01
   -0.168828E+01   -0.171341E+01   -0.173388E+01   -0.175897E+01
   -0.178192E+01   -0.180508E+01   -0.182645E+01   -0.184531E+01
   -0.186432E+01   -0.188383E+01   -0.190436E+01   -0.191967E+01
   -0.193254E+01   -0.194500E+01   -0.195814E+01   -0.197051E+01
   -0.198011E+01   -0.198587E+01   -0.198587E+01   -0.198587E+01
   -0.200785E+01   -0.200785E+01   -0.202247E+01   -0.202247E+01
   -0.203543E+01   -0.203543E+01   -0.204089E+01   -0.204089E+01
   -0.204089E+01   -0.204089E+01   -0.204089E+01   -0.204089E+01
   -0.204089E+01   -0.204089E+01   -0.204089E+01   -0.204089E+01
   -0.204089E+01   -0.204089E+01   -0.204089E+01   -0.204089E+01
   -0.204089E+01   -0.200063E+01   -0.200063E+01   -0.200063E+01
   -0.200063E+01   -0.200063E+01   -0.200063E+01   -0.200063E+01
   -0.200063E+01   -0.200063E+01   -0.200063E+01   -0.200063E+01
   -0.200063E+01   -0.200063E+01   -0.200063E+01   -0.200063E+01
   -0.200063E+01   -0.200063E+01   -0.200063E+01   -0.200063E+01
   -0.200063E+01   -0.200063E+01   -0.519973E+00   -0.543014E+00
   -0.566054E+00   -0.589095E+00   -0.641574E+00   -0.681781E+00
   -0.700060E+00   -0.718338E+00   -0.736617E+00   -0.755447E+00
   -0.774407E+00   -0.793366E+00   -0.812326E+00   -0.836572E+00
   -0.860818E+00   -0.885064E+00   -0.909310E+00   -0.933556E+00
   -0.958563E+00   -0.983571E+00   -0.100858E+01   -0.103359E+01
   -0.105859E+01   -0.108268E+01   -0.110676E+01   -0.112653E+01
   -0.114506E+01   -0.119227E+01   -0.120323E+01   -0.121420E+01
   -0.122516E+01   -0.123483E+01   -0.124063E+01   -0.124643E+01
   -0.125315E+01   -0.125979E+01   -0.127163E+01   -0.127870E+01
   -0.128673E+01   -0.129671E+01   -0.129671E+01   -0.129671E+01
   -0.129671E+01   -0.129671E+01   -0.129671E+01   -0.144733E+01
   -0.144733E+01   -0.144733E+01   -0.144733E+01   -0.144733E+01
   -0.146579E+01   -0.148839E+01   -0.150987E+01   -0.153295E+01
   -0.155445E+01   -0.157890E+01   -0.160567E+01   -0.162770E+01
   -0.165449E+01   -0.167807E+01   -0.170520E+01   -0.172890E+01
   -0.175348E+01   -0.178025E+01   -0.180290E+01   -0.182633E+01
   -0.184476E+01   -0.186708E+01   -0.188496E+01   -0.190628E+01
   -0.192345E+01   -0.193802E+01   -0.195115E+01   -0.196441E+01
   -0.197765E+01   -0.198719E+01   -0.199398E+01   -0.199398E+01
   -0.200785E+01   -0.200785E+01   -0.202247E+01   -0.202247E+01
   -0.203543E+01   -0.203543E+01   -0.204089E+01   -0.204089E+01
   -0.204089E+01   -0.204089E+01   -0.204089E+01   -0.204089E+01
   -0.204089E+01   -0.204089E+01   -0.204089E+01   -0.204089E+01
   -0.204089E+01   -0.204089E+01   -0.204089E+01   -0.204089E+01
   -0.203137E+01   -0.200063E+01   -0.200063E+01   -0.200063E+01
   -0.200063E+01   -0.200063E+01   -0.200063E+01   -0.200063E+01
   -0.200063E+01   -0.200063E+01   -0.200063E+01   -0.200063E+01
   -0.200063E+01   -0.200063E+01   -0.200063E+01   -0.200063E+01
   -0.200063E+01   -0.200063E+01   -0.200063E+01   -0.200063E+01
   -0.200063E+01   -0.200063E+01   -0.200063E+01   -0.519060E+00
   -0.542101E+00   -0.565141E+00   -0.586770E+00   -0.640140E+00
   -0.680349E+00   -0.698627E+00   -0.716905E+00   -0.735184E+00
   -0.753462E+00   -0.771740E+00   -0.790638E+00   -0.809598E+00
   -0.833513E+00   -0.857429E+00   -0.881345E+00   -0.905261E+00
   -0.929176E+00   -0.953791E+00   -0.978406E+00   -0.100302E+01
   -0.102764E+01   -0.105225E+01   -0.107634E+01   -0.109550E+01
   -0.111403E+01   -0.113551E+01   -0.118329E+01   -0.119244E+01
   -0.120159E+01   -0.121073E+01   -0.121895E+01   -0.122437E+01
   -0.122979E+01   -0.123595E+01   -0.124234E+01   -0.125426E+01
   -0.126081E+01   -0.126797E+01   -0.129671E+01   -0.129671E+01
   -0.129671E+01   -0.129671E+01   -0.129671E+01   -0.142996E+01
   -0.142996E+01   -0.142996E+01   -0.142996E+01   -0.142996E+01
   -0.142996E+01   -0.144865E+01   -0.147066E+01   -0.149435E+01
   -0.151831E+01   -0.153926E+01   -0.156508E+01   -0.160567E+01
   -0.162770E+01   -0.164475E+01   -0.167060E+01   -0.169608E+01
   -0.172307E+01   -0.174934E+01   -0.177575E+01   -0.180077E+01
   -0.182469E+01   -0.184660E+01   -0.186735E+01   -0.188982E+01
   -0.191105E+01   -0.192907E+01   -0.194285E+01   -0.195698E+01
   -0.197105E+01   -0.198451E+01   -0.199537E+01   -0.200173E+01
   -0.200785E+01   -0.200785E+01   -0.202247E+01   -0.202247E+01
   -0.203543E+01   -0.203543E+01   -0.204089E+01   -0.204089E+01
   -0.204089E+01   -0.204089E+01   -0.204089E+01   -0.204089E+01
   -0.204089E+01   -0.204089E+01   -0.204089E+01   -0.204089E+01
   -0.204089E+01   -0.204265E+01   -0.204265E+01   -0.203137E+01
   -0.203137E+01   -0.200063E+01   -0.200063E+01   -0.200063E+01
   -0.200063E+01   -0.200063E+01   -0.200063E+01   -0.200063E+01
   -0.200063E+01   -0.200063E+01   -0.200063E+01   -0.200063E+01
   -0.200063E+01   -0.200063E+01   -0.200063E+01   -0.200063E+01
   -0.200063E+01   -0.200063E+01   -0.200063E+01   -0.200063E+01
   -0.200063E+01   -0.200063E+01   -0.200063E+01   -0.200063E+01
   -0.518030E+00   -0.541070E+00   -0.562513E+00   -0.583838E+00
   -0.637586E+00   -0.678917E+00   -0.697195E+00   -0.715473E+00
   -0.733751E+00   -0.752029E+00   -0.770306E+00   -0.788584E+00
   -0.806870E+00   -0.830455E+00   -0.854040E+00   -0.877626E+00
   -0.901211E+00   -0.924797E+00   -0.949019E+00   -0.973242E+00
   -0.997464E+00   -0.102169E+01   -0.104591E+01   -0.106447E+01
   -0.108301E+01   -0.110154E+01   -0.112330E+01   -0.115432E+01
   -0.117611E+01   -0.118560E+01   -0.119471E+01   -0.120280E+01
   -0.120782E+01   -0.121283E+01   -0.121532E+01   -0.122085E+01
   -0.123601E+01   -0.124160E+01   -0.126797E+01   -0.126797E+01
   -0.129671E+01   -0.129671E+01   -0.129671E+01   -0.129671E+01
   -0.141022E+01   -0.141022E+01   -0.141022E+01   -0.141022E+01
   -0.141022E+01   -0.141022E+01   -0.142962E+01   -0.145506E+01
   -0.147765E+01   -0.150206E+01   -0.152674E+01   -0.155386E+01
   -0.158157E+01   -0.160796E+01   -0.162992E+01   -0.166326E+01
   -0.168900E+01   -0.171651E+01   -0.174794E+01   -0.176995E+01
   -0.179667E+01   -0.182591E+01   -0.184660E+01   -0.186735E+01
   -0.189138E+01   -0.191624E+01   -0.193318E+01   -0.194824E+01
   -0.196292E+01   -0.197773E+01   -0.199191E+01   -0.200254E+01
   -0.200939E+01   -0.201596E+01   -0.202247E+01   -0.202247E+01
   -0.203543E+01   -0.203543E+01   -0.204089E+01   -0.204089E+01
   -0.204089E+01   -0.204089E+01   -0.204089E+01   -0.204089E+01
   -0.204089E+01   -0.204089E+01   -0.204089E+01   -0.204265E+01
   -0.204265E+01   -0.204265E+01   -0.203137E+01   -0.203137E+01
   -0.200063E+01   -0.200063E+01   -0.200063E+01   -0.200063E+01
   -0.200063E+01   -0.200063E+01   -0.200063E+01   -0.200063E+01
   -0.200063E+01   -0.200063E+01   -0.200063E+01   -0.200063E+01
   -0.200063E+01   -0.200063E+01   -0.200063E+01   -0.200063E+01
   -0.200063E+01   -0.200063E+01   -0.200063E+01   -0.200063E+01
   -0.200063E+01   -0.200063E+01   -0.200063E+01   -0.200063E+01
   -0.200063E+01   -0.516933E+00   -0.538257E+00   -0.559582E+00
   -0.580906E+00   -0.634724E+00   -0.675866E+00   -0.693755E+00
   -0.711645E+00   -0.729534E+00   -0.747424E+00   -0.765313E+00
   -0.783202E+00   -0.801092E+00   -0.824246E+00   -0.847400E+00
   -0.870554E+00   -0.893709E+00   -0.916863E+00   -0.944476E+00
   -0.971001E+00   -0.995221E+00   -0.101944E+01   -0.104366E+01
   -0.106067E+01   -0.107767E+01   -0.109468E+01   -0.111286E+01
   -0.113456E+01   -0.115626E+01   -0.116878E+01   -0.117833E+01
   -0.118663E+01   -0.119124E+01   -0.119585E+01   -0.119827E+01
   -0.119992E+01   -0.121604E+01   -0.122358E+01   -0.122358E+01
   -0.122358E+01   -0.126797E+01   -0.129671E+01   -0.129671E+01
   -0.129671E+01   -0.139179E+01   -0.139179E+01   -0.139179E+01
   -0.139179E+01   -0.139179E+01   -0.139179E+01   -0.141089E+01
   -0.143416E+01   -0.145932E+01   -0.148343E+01   -0.150794E+01
   -0.153462E+01   -0.156422E+01   -0.159204E+01   -0.162239E+01
   -0.165168E+01   -0.168193E+01   -0.170903E+01   -0.173847E+01
   -0.176620E+01   -0.179667E+01   -0.182591E+01   -0.182591E+01
   -0.189138E+01   -0.189138E+01   -0.191624E+01   -0.193820E+01
   -0.195398E+01   -0.196702E+01   -0.198332E+01   -0.199924E+01
   -0.201031E+01   -0.201567E+01   -0.202278E+01   -0.202982E+01
   -0.203543E+01   -0.203543E+01   -0.204089E+01   -0.204089E+01
   -0.204089E+01   -0.204089E+01   -0.204089E+01   -0.204089E+01
   -0.204089E+01   -0.204265E+01   -0.204265E+01   -0.204265E+01
   -0.204265E+01   -0.203137E+01   -0.203137E+01   -0.203137E+01
   -0.200063E+01   -0.200063E+01   -0.200063E+01   -0.200063E+01
   -0.200063E+01   -0.200063E+01   -0.200063E+01   -0.200063E+01
   -0.200063E+01   -0.200063E+01   -0.200063E+01   -0.200063E+01
   -0.200063E+01   -0.200063E+01   -0.200063E+01   -0.200063E+01
   -0.200063E+01   -0.200063E+01   -0.200063E+01   -0.200063E+01
   -0.200063E+01   -0.200063E+01   -0.200063E+01   -0.200063E+01
   -0.200063E+01   -0.200063E+01   -0.514002E+00   -0.535326E+00
   -0.556650E+00   -0.577974E+00   -0.631832E+00   -0.672805E+00
   -0.690304E+00   -0.707803E+00   -0.725302E+00   -0.742801E+00
   -0.760299E+00   -0.777798E+00   -0.795297E+00   -0.818019E+00
   -0.840742E+00   -0.863464E+00   -0.886186E+00   -0.908909E+00
   -0.936522E+00   -0.964135E+00   -0.991748E+00   -0.101722E+01
   -0.104144E+01   -0.105691E+01   -0.107238E+01   -0.108785E+01
   -0.110488E+01   -0.112639E+01   -0.114101E+01   -0.115163E+01
   -0.116092E+01   -0.116871E+01   -0.117219E+01   -0.117680E+01
   -0.118289E+01   -0.118502E+01   -0.119368E+01   -0.120067E+01
   -0.120067E+01   -0.120067E+01   -0.120067E+01   -0.120067E+01
   -0.129671E+01   -0.129671E+01   -0.136629E+01   -0.136629E+01
   -0.136629E+01   -0.136629E+01   -0.136629E+01   -0.136629E+01
   -0.138573E+01   -0.140993E+01   -0.143518E+01   -0.145962E+01
   -0.148444E+01   -0.151151E+01   -0.154208E+01   -0.157238E+01
   -0.160293E+01   -0.163394E+01   -0.166365E+01   -0.169320E+01
   -0.172109E+01   -0.175686E+01   -0.177936E+01   -0.177936E+01
   -0.177936E+01   -0.189138E+01   -0.189138E+01   -0.193820E+01
   -0.193820E+01   -0.195398E+01   -0.196483E+01   -0.198168E+01
   -0.199826E+01   -0.200892E+01   -0.201786E+01   -0.202415E+01
   -0.203085E+01   -0.203650E+01   -0.204089E+01   -0.204089E+01
   -0.204089E+01   -0.204089E+01   -0.204089E+01   -0.204089E+01
   -0.204265E+01   -0.204265E+01   -0.204265E+01   -0.204265E+01
   -0.203137E+01   -0.203137E+01   -0.203137E+01   -0.200063E+01
   -0.200063E+01   -0.200063E+01   -0.200063E+01   -0.200063E+01
   -0.200063E+01   -0.200063E+01   -0.200063E+01   -0.200063E+01
   -0.200063E+01   -0.200063E+01   -0.200063E+01   -0.200063E+01
   -0.200063E+01   -0.200063E+01   -0.200063E+01   -0.200063E+01
   -0.200063E+01   -0.200063E+01   -0.200063E+01   -0.200063E+01
   -0.200063E+01   -0.200063E+01   -0.200063E+01   -0.200063E+01
   -0.200063E+01   -0.200063E+01   -0.200063E+01   -0.511071E+00
   -0.532395E+00   -0.553719E+00   -0.575042E+00   -0.628900E+00
   -0.669745E+00   -0.686853E+00   -0.703961E+00   -0.721070E+00
   -0.738178E+00   -0.755286E+00   -0.772394E+00   -0.789502E+00
   -0.811792E+00   -0.834083E+00   -0.856373E+00   -0.878664E+00
   -0.900954E+00   -0.928567E+00   -0.956180E+00   -0.983793E+00
   -0.101141E+01   -0.103871E+01   -0.105270E+01   -0.106669E+01
   -0.108067E+01   -0.109489E+01   -0.110949E+01   -0.112409E+01
   -0.113450E+01   -0.114352E+01   -0.115111E+01   -0.115441E+01
   -0.115779E+01   -0.116186E+01   -0.116676E+01   -0.117335E+01
   -0.117942E+01   -0.117942E+01   -0.117942E+01   -0.117942E+01
   -0.117942E+01   -0.117942E+01   -0.117942E+01   -0.133852E+01
   -0.133852E+01   -0.133852E+01   -0.133852E+01   -0.133852E+01
   -0.133852E+01   -0.135876E+01   -0.138387E+01   -0.140787E+01
   -0.143519E+01   -0.146138E+01   -0.149134E+01   -0.151903E+01
   -0.154941E+01   -0.157970E+01   -0.161260E+01   -0.164703E+01
   -0.167530E+01   -0.170753E+01   -0.173392E+01   -0.175896E+01
   -0.175896E+01   -0.175896E+01   -0.175896E+01   -0.193820E+01
   -0.193820E+01   -0.193820E+01   -0.196571E+01   -0.196571E+01
   -0.198062E+01   -0.199678E+01   -0.200903E+01   -0.201612E+01
   -0.202409E+01   -0.203054E+01   -0.203795E+01   -0.204118E+01
   -0.204118E+01   -0.204118E+01   -0.204265E+01   -0.204265E+01
   -0.204265E+01   -0.204265E+01   -0.204265E+01   -0.203137E+01
   -0.203137E+01   -0.203137E+01   -0.203137E+01   -0.200063E+01
   -0.200063E+01   -0.200063E+01   -0.200063E+01   -0.200063E+01
   -0.200063E+01   -0.200063E+01   -0.200063E+01   -0.200063E+01
   -0.200063E+01   -0.200063E+01   -0.200063E+01   -0.200063E+01
   -0.200063E+01   -0.200063E+01   -0.200063E+01   -0.200063E+01
   -0.200063E+01   -0.200063E+01   -0.200063E+01   -0.200063E+01
   -0.200063E+01   -0.200063E+01   -0.200063E+01   -0.200063E+01
   -0.200063E+01   -0.200063E+01   -0.200063E+01   -0.200063E+01
   -0.508140E+00   -0.529463E+00   -0.550787E+00   -0.572111E+00
   -0.625967E+00   -0.666427E+00   -0.683163E+00   -0.699899E+00
   -0.716635E+00   -0.733371E+00   -0.750107E+00   -0.766843E+00
   -0.783578E+00   -0.805434E+00   -0.827290E+00   -0.849145E+00
   -0.871001E+00   -0.892856E+00   -0.913852E+00   -0.934848E+00
   -0.955844E+00   -0.976840E+00   -0.102159E+01   -0.103558E+01
   -0.104982E+01   -0.106500E+01   -0.107989E+01   -0.109389E+01
   -0.110789E+01   -0.111770E+01   -0.112612E+01   -0.113325E+01
   -0.113631E+01   -0.113820E+01   -0.114333E+01   -0.114646E+01
   -0.115222E+01   -0.115905E+01   -0.115905E+01   -0.115905E+01
   -0.115905E+01   -0.115905E+01   -0.115905E+01   -0.115905E+01
   -0.131141E+01   -0.131141E+01   -0.131141E+01   -0.131141E+01
   -0.131141E+01   -0.131141E+01   -0.133226E+01   -0.135724E+01
   -0.137703E+01   -0.141035E+01   -0.143205E+01   -0.146373E+01
   -0.149487E+01   -0.152643E+01   -0.155861E+01   -0.159319E+01
   -0.162612E+01   -0.165876E+01   -0.169090E+01   -0.171808E+01
   -0.175896E+01   -0.175896E+01   -0.175896E+01   -0.175346E+01
   -0.183051E+01   -0.193485E+01   -0.196203E+01   -0.196203E+01
   -0.196203E+01   -0.197913E+01   -0.199679E+01   -0.200853E+01
   -0.201613E+01   -0.202368E+01   -0.203122E+01   -0.203840E+01
   -0.204220E+01   -0.204220E+01   -0.204265E+01   -0.204265E+01
   -0.204265E+01   -0.204265E+01   -0.203137E+01   -0.203137E+01
   -0.203137E+01   -0.203137E+01   -0.200063E+01   -0.200063E+01
   -0.200063E+01   -0.200063E+01   -0.200063E+01   -0.200063E+01
   -0.200063E+01   -0.200063E+01   -0.200063E+01   -0.200063E+01
   -0.200063E+01   -0.200063E+01   -0.200063E+01   -0.200063E+01
   -0.200063E+01   -0.200063E+01   -0.200063E+01   -0.200063E+01
   -0.200063E+01   -0.200063E+01   -0.200063E+01   -0.200063E+01
   -0.200063E+01   -0.200063E+01   -0.200063E+01   -0.200063E+01
   -0.200063E+01   -0.200063E+01   -0.200063E+01   -0.200063E+01
   -0.200063E+01   -0.505209E+00   -0.526532E+00   -0.547855E+00
   -0.569179E+00   -0.621679E+00   -0.658157E+00   -0.674718E+00
   -0.691369E+00   -0.708104E+00   -0.724840E+00   -0.741575E+00
   -0.758311E+00   -0.775046E+00   -0.796403E+00   -0.817760E+00
   -0.839117E+00   -0.860474E+00   -0.881830E+00   -0.902826E+00
   -0.923822E+00   -0.944817E+00   -0.963980E+00   -0.100489E+01
   -0.101998E+01   -0.103506E+01   -0.105014E+01   -0.106481E+01
   -0.107824E+01   -0.109167E+01   -0.110089E+01   -0.110870E+01
   -0.111510E+01   -0.111724E+01   -0.111913E+01   -0.112386E+01
   -0.112612E+01   -0.113067E+01   -0.115905E+01   -0.115905E+01
   -0.115905E+01   -0.115905E+01   -0.115905E+01   -0.115905E+01
   -0.128416E+01   -0.128416E+01   -0.128416E+01   -0.128416E+01
   -0.128416E+01   -0.128416E+01   -0.128416E+01   -0.130651E+01
   -0.132865E+01   -0.135559E+01   -0.137986E+01   -0.141024E+01
   -0.144077E+01   -0.147161E+01   -0.150354E+01   -0.153749E+01
   -0.157199E+01   -0.160537E+01   -0.164098E+01   -0.167573E+01
   -0.170747E+01   -0.170747E+01   -0.175346E+01   -0.175346E+01
   -0.180761E+01   -0.183051E+01   -0.186609E+01   -0.193485E+01
   -0.195696E+01   -0.195696E+01   -0.197603E+01   -0.199487E+01
   -0.200809E+01   -0.201589E+01   -0.202362E+01   -0.203134E+01
   -0.203917E+01   -0.204208E+01   -0.204265E+01   -0.204265E+01
   -0.204265E+01   -0.203137E+01   -0.203137E+01   -0.203137E+01
   -0.203137E+01   -0.203137E+01   -0.200063E+01   -0.200063E+01
   -0.200063E+01   -0.200063E+01   -0.200063E+01   -0.200063E+01
   -0.200063E+01   -0.200063E+01   -0.200063E+01   -0.200063E+01
   -0.200063E+01   -0.200063E+01   -0.200063E+01   -0.200063E+01
   -0.200063E+01   -0.200063E+01   -0.200063E+01   -0.200063E+01
   -0.200063E+01   -0.200063E+01   -0.200063E+01   -0.200063E+01
   -0.200063E+01   -0.200063E+01   -0.200063E+01   -0.200063E+01
   -0.200063E+01   -0.200063E+01   -0.200063E+01   -0.200063E+01
   -0.200063E+01   -0.200063E+01   -0.502110E+00   -0.523433E+00
   -0.544756E+00   -0.566079E+00   -0.613478E+00   -0.649958E+00
   -0.666519E+00   -0.683080E+00   -0.699641E+00   -0.716308E+00
   -0.733044E+00   -0.749779E+00   -0.766514E+00   -0.787372E+00
   -0.808230E+00   -0.829089E+00   -0.849946E+00   -0.870804E+00
   -0.891800E+00   -0.912795E+00   -0.931705E+00   -0.950366E+00
   -0.994857E+00   -0.100828E+01   -0.102171E+01   -0.103513E+01
   -0.104851E+01   -0.106172E+01   -0.107493E+01   -0.108375E+01
   -0.109112E+01   -0.109718E+01   -0.109820E+01   -0.109633E+01
   -0.110326E+01   -0.110527E+01   -0.110901E+01   -0.110901E+01
   -0.110901E+01   -0.115905E+01   -0.115905E+01   -0.115905E+01
   -0.115905E+01   -0.128416E+01   -0.128416E+01   -0.128416E+01
   -0.128416E+01   -0.128416E+01   -0.128416E+01   -0.128416E+01
   -0.128079E+01   -0.130445E+01   -0.132856E+01   -0.135610E+01
   -0.138317E+01   -0.141349E+01   -0.144301E+01   -0.147560E+01
   -0.151216E+01   -0.155026E+01   -0.158552E+01   -0.162121E+01
   -0.165634E+01   -0.169127E+01   -0.172822E+01   -0.175346E+01
   -0.175346E+01   -0.180761E+01   -0.183051E+01   -0.186609E+01
   -0.193485E+01   -0.193485E+01   -0.195106E+01   -0.197180E+01
   -0.199187E+01   -0.200473E+01   -0.201372E+01   -0.202156E+01
   -0.203032E+01   -0.203822E+01   -0.204085E+01   -0.204129E+01
   -0.204129E+01   -0.203137E+01   -0.203137E+01   -0.203137E+01
   -0.203137E+01   -0.200063E+01   -0.200063E+01   -0.200063E+01
   -0.200063E+01   -0.200063E+01   -0.200063E+01   -0.200063E+01
   -0.200063E+01   -0.200063E+01   -0.200063E+01   -0.200063E+01
   -0.200063E+01   -0.200063E+01   -0.200063E+01   -0.200063E+01
   -0.200063E+01   -0.200063E+01   -0.200063E+01   -0.200063E+01
   -0.200063E+01   -0.200063E+01   -0.200063E+01   -0.200063E+01
   -0.200063E+01   -0.200063E+01   -0.200063E+01   -0.200063E+01
   -0.200063E+01   -0.200063E+01   -0.200063E+01   -0.200063E+01
   -0.200063E+01   -0.200063E+01   -0.200063E+01   -0.496888E+00
   -0.518211E+00   -0.539534E+00   -0.556617E+00   -0.605278E+00
   -0.641759E+00   -0.658320E+00   -0.674881E+00   -0.691441E+00
   -0.708002E+00   -0.724563E+00   -0.741247E+00   -0.757982E+00
   -0.778341E+00   -0.798701E+00   -0.819060E+00   -0.839419E+00
   -0.859778E+00   -0.880769E+00   -0.899430E+00   -0.918091E+00
   -0.936752E+00   -0.983775E+00   -0.996065E+00   -0.100797E+01
   -0.101988E+01   -0.103207E+01   -0.104510E+01   -0.105813E+01
   -0.106672E+01   -0.107367E+01   -0.107826E+01   -0.107571E+01
   -0.107541E+01   -0.108246E+01   -0.108430E+01   -0.108721E+01
   -0.108721E+01   -0.108721E+01   -0.108721E+01   -0.108721E+01
   -0.115905E+01   -0.115905E+01   -0.128416E+01   -0.128416E+01
   -0.128416E+01   -0.128416E+01   -0.128416E+01   -0.128416E+01
   -0.128079E+01   -0.128079E+01   -0.126789E+01   -0.129074E+01
   -0.132076E+01   -0.134537E+01   -0.137682E+01   -0.141138E+01
   -0.144557E+01   -0.147939E+01   -0.151406E+01   -0.155012E+01
   -0.158859E+01   -0.162626E+01   -0.166366E+01   -0.170163E+01
   -0.173556E+01   -0.176928E+01   -0.180761E+01   -0.183051E+01
   -0.186609E+01   -0.189171E+01   -0.191328E+01   -0.193481E+01
   -0.195631E+01   -0.197608E+01   -0.199098E+01   -0.200041E+01
   -0.200928E+01   -0.201813E+01   -0.202665E+01   -0.203129E+01
   -0.203159E+01   -0.203137E+01   -0.203137E+01   -0.203137E+01
   -0.203137E+01   -0.200063E+01   -0.200063E+01   -0.200063E+01
   -0.200063E+01   -0.200063E+01   -0.200063E+01   -0.200063E+01
   -0.200063E+01   -0.200063E+01   -0.200063E+01   -0.200063E+01
   -0.200063E+01   -0.200063E+01   -0.200063E+01   -0.200063E+01
   -0.200063E+01   -0.200063E+01   -0.200063E+01   -0.200063E+01
   -0.200063E+01   -0.200063E+01   -0.200063E+01   -0.200063E+01
   -0.200063E+01   -0.200063E+01   -0.200063E+01   -0.200063E+01
   -0.200063E+01   -0.200063E+01   -0.200063E+01   -0.200063E+01
   -0.200063E+01   -0.200063E+01   -0.200063E+01   -0.200063E+01
   -0.491666E+00   -0.512773E+00   -0.529583E+00   -0.549069E+00
   -0.600095E+00   -0.633780E+00   -0.650275E+00   -0.666769E+00
   -0.683263E+00   -0.699758E+00   -0.716252E+00   -0.732746E+00
   -0.749240E+00   -0.769099E+00   -0.788958E+00   -0.808817E+00
   -0.828675E+00   -0.848534E+00   -0.867195E+00   -0.885856E+00
   -0.904517E+00   -0.923178E+00   -0.961642E+00   -0.975839E+00
   -0.990030E+00   -0.100209E+01   -0.101433E+01   -0.102756E+01
   -0.104079E+01   -0.104987E+01   -0.105757E+01   -0.106236E+01
   -0.106039E+01   -0.105908E+01   -0.106004E+01   -0.106263E+01
   -0.106517E+01   -0.106517E+01   -0.106517E+01   -0.106517E+01
   -0.106517E+01   -0.106517E+01   -0.106517E+01   -0.128416E+01
   -0.128416E+01   -0.128416E+01   -0.128416E+01   -0.128416E+01
   -0.128079E+01   -0.128079E+01   -0.126789E+01   -0.126789E+01
   -0.125931E+01   -0.128239E+01   -0.130814E+01   -0.133912E+01
   -0.137354E+01   -0.140860E+01   -0.144315E+01   -0.147862E+01
   -0.151562E+01   -0.155481E+01   -0.159376E+01   -0.163270E+01
   -0.167162E+01   -0.170791E+01   -0.174199E+01   -0.177541E+01
   -0.180659E+01   -0.184354E+01   -0.187183E+01   -0.189357E+01
   -0.191638E+01   -0.193786E+01   -0.196002E+01   -0.197537E+01
   -0.198562E+01   -0.199523E+01   -0.200443E+01   -0.201405E+01
   -0.201943E+01   -0.202003E+01   -0.202029E+01   -0.202029E+01
   -0.202029E+01   -0.200063E+01   -0.200063E+01   -0.200063E+01
   -0.200063E+01   -0.200063E+01   -0.200063E+01   -0.200063E+01
   -0.200063E+01   -0.200063E+01   -0.200063E+01   -0.200063E+01
   -0.200063E+01   -0.200063E+01   -0.200063E+01   -0.200063E+01
   -0.200063E+01   -0.200063E+01   -0.200063E+01   -0.200063E+01
   -0.200063E+01   -0.200063E+01   -0.200063E+01   -0.200063E+01
   -0.200063E+01   -0.200063E+01   -0.200063E+01   -0.200063E+01
   -0.200063E+01   -0.200063E+01   -0.200063E+01   -0.200063E+01
   -0.200063E+01   -0.200063E+01   -0.200063E+01   -0.200063E+01
   -0.200063E+01   -0.485739E+00   -0.502549E+00   -0.519358E+00
   -0.544262E+00   -0.595288E+00   -0.627789E+00   -0.643620E+00
   -0.659450E+00   -0.675280E+00   -0.691110E+00   -0.706940E+00
   -0.722770E+00   -0.738600E+00   -0.757944E+00   -0.777287E+00
   -0.796631E+00   -0.815974E+00   -0.835317E+00   -0.853978E+00
   -0.872639E+00   -0.891299E+00   -0.907956E+00   -0.940716E+00
   -0.954716E+00   -0.968708E+00   -0.982699E+00   -0.996551E+00
   -0.100998E+01   -0.102341E+01   -0.103235E+01   -0.103979E+01
   -0.104202E+01   -0.104259E+01   -0.104125E+01   -0.104075E+01
   -0.104148E+01   -0.104312E+01   -0.104312E+01   -0.104312E+01
   -0.104312E+01   -0.104312E+01   -0.104312E+01   -0.104312E+01
   -0.104312E+01   -0.128416E+01   -0.128416E+01   -0.128416E+01
   -0.128079E+01   -0.128079E+01   -0.126789E+01   -0.122331E+01
   -0.122331E+01   -0.122331E+01   -0.124666E+01   -0.127197E+01
   -0.130195E+01   -0.133749E+01   -0.137275E+01   -0.140782E+01
   -0.144322E+01   -0.148043E+01   -0.152125E+01   -0.156066E+01
   -0.160092E+01   -0.164119E+01   -0.167924E+01   -0.171457E+01
   -0.175024E+01   -0.178460E+01   -0.182177E+01   -0.184708E+01
   -0.187312E+01   -0.189710E+01   -0.191989E+01   -0.194326E+01
   -0.196022E+01   -0.197000E+01   -0.198056E+01   -0.199127E+01
   -0.200175E+01   -0.200723E+01   -0.200822E+01   -0.200940E+01
   -0.200940E+01   -0.200063E+01   -0.200063E+01   -0.200063E+01
   -0.200063E+01   -0.200063E+01   -0.200063E+01   -0.200063E+01
   -0.200063E+01   -0.200063E+01   -0.200063E+01   -0.200063E+01
   -0.200063E+01   -0.200063E+01   -0.200063E+01   -0.200063E+01
   -0.200063E+01   -0.200063E+01   -0.200063E+01   -0.200063E+01
   -0.200063E+01   -0.200063E+01   -0.200063E+01   -0.200063E+01
   -0.200063E+01   -0.200063E+01   -0.200063E+01   -0.200063E+01
   -0.200063E+01   -0.200063E+01   -0.200063E+01   -0.200063E+01
   -0.200063E+01   -0.200063E+01   -0.200063E+01   -0.200063E+01
   -0.200063E+01   -0.200063E+01   -0.475516E+00   -0.492325E+00
   -0.509134E+00   -0.539456E+00   -0.589703E+00   -0.621799E+00
   -0.636965E+00   -0.652131E+00   -0.667297E+00   -0.682463E+00
   -0.697629E+00   -0.712795E+00   -0.727960E+00   -0.746788E+00
   -0.765617E+00   -0.784445E+00   -0.803272E+00   -0.822100E+00
   -0.840761E+00   -0.859421E+00   -0.875820E+00   -0.892105E+00
   -0.929308E+00   -0.941536E+00   -0.953760E+00   -0.965983E+00
   -0.978544E+00   -0.992122E+00   -0.100570E+01   -0.101468E+01
   -0.102202E+01   -0.102457E+01   -0.102305E+01   -0.102157E+01
   -0.102030E+01   -0.102020E+01   -0.102107E+01   -0.102107E+01
   -0.102107E+01   -0.102107E+01   -0.102107E+01   -0.102107E+01
   -0.102107E+01   -0.102107E+01   -0.128416E+01   -0.112770E+01
   -0.112770E+01   -0.112770E+01   -0.112770E+01   -0.112770E+01
   -0.112770E+01   -0.118596E+01   -0.118596E+01   -0.120897E+01
   -0.123428E+01   -0.126558E+01   -0.130135E+01   -0.133670E+01
   -0.137049E+01   -0.140840E+01   -0.144736E+01   -0.148865E+01
   -0.152775E+01   -0.157012E+01   -0.161024E+01   -0.165044E+01
   -0.168934E+01   -0.172486E+01   -0.175978E+01   -0.179643E+01
   -0.182722E+01   -0.185166E+01   -0.187701E+01   -0.190194E+01
   -0.192614E+01   -0.194472E+01   -0.195708E+01   -0.196588E+01
   -0.197792E+01   -0.198858E+01   -0.199481E+01   -0.199717E+01
   -0.199820E+01   -0.199989E+01   -0.200063E+01   -0.200063E+01
   -0.200063E+01   -0.200063E+01   -0.200063E+01   -0.200063E+01
   -0.200063E+01   -0.200063E+01   -0.200063E+01   -0.200063E+01
   -0.200063E+01   -0.200063E+01   -0.200063E+01   -0.200063E+01
   -0.200063E+01   -0.200063E+01   -0.200063E+01   -0.200063E+01
   -0.200063E+01   -0.200063E+01   -0.200063E+01   -0.200063E+01
   -0.200063E+01   -0.200063E+01   -0.200063E+01   -0.200063E+01
   -0.200063E+01   -0.200063E+01   -0.200063E+01   -0.200063E+01
   -0.200063E+01   -0.200063E+01   -0.200063E+01   -0.200063E+01
   -0.200063E+01   -0.200063E+01   -0.200063E+01   -0.465292E+00
   -0.482101E+00   -0.498910E+00   -0.534649E+00   -0.584046E+00
   -0.615808E+00   -0.630310E+00   -0.644812E+00   -0.659313E+00
   -0.673815E+00   -0.688317E+00   -0.702819E+00   -0.717321E+00
   -0.735633E+00   -0.753946E+00   -0.772258E+00   -0.790571E+00
   -0.808883E+00   -0.827399E+00   -0.843685E+00   -0.859970E+00
   -0.876255E+00   -0.916182E+00   -0.926885E+00   -0.937586E+00
   -0.948287E+00   -0.960321E+00   -0.973989E+00   -0.987656E+00
   -0.996560E+00   -0.100388E+01   -0.100365E+01   -0.100258E+01
   -0.100206E+01   -0.100036E+01   -0.999605E+00   -0.100196E+01
   -0.100196E+01   -0.100196E+01   -0.100196E+01   -0.100196E+01
   -0.100196E+01   -0.100196E+01   -0.100196E+01   -0.112770E+01
   -0.112770E+01   -0.112770E+01   -0.112770E+01   -0.112770E+01
   -0.112770E+01   -0.112770E+01   -0.112770E+01   -0.114989E+01
   -0.117392E+01   -0.119596E+01   -0.122517E+01   -0.126229E+01
   -0.130174E+01   -0.133167E+01   -0.136573E+01   -0.141064E+01
   -0.145199E+01   -0.149368E+01   -0.153604E+01   -0.157950E+01
   -0.162232E+01   -0.165802E+01   -0.169585E+01   -0.173607E+01
   -0.177350E+01   -0.180366E+01   -0.182739E+01   -0.185396E+01
   -0.188000E+01   -0.191082E+01   -0.192881E+01   -0.193732E+01
   -0.195193E+01   -0.196199E+01   -0.197336E+01   -0.198088E+01
   -0.198352E+01   -0.198470E+01   -0.198700E+01   -0.198926E+01
   -0.198926E+01   -0.198926E+01   -0.198926E+01   -0.198926E+01
   -0.198926E+01   -0.198926E+01   -0.198926E+01   -0.198926E+01
   -0.198926E+01   -0.198926E+01   -0.198926E+01   -0.198926E+01
   -0.198926E+01   -0.198926E+01   -0.198926E+01   -0.198926E+01
   -0.198926E+01   -0.198926E+01   -0.198926E+01   -0.198926E+01
   -0.198926E+01   -0.198926E+01   -0.198926E+01   -0.198926E+01
   -0.198926E+01   -0.198926E+01   -0.198926E+01   -0.198926E+01
   -0.198926E+01   -0.198926E+01   -0.198926E+01   -0.198926E+01
   -0.198926E+01   -0.198926E+01   -0.198926E+01   -0.198926E+01
   -0.455068E+00   -0.471877E+00   -0.488685E+00   -0.529378E+00
   -0.578389E+00   -0.608894E+00   -0.622834E+00   -0.636773E+00
   -0.650712E+00   -0.664651E+00   -0.678591E+00   -0.692529E+00
   -0.706468E+00   -0.724271E+00   -0.742074E+00   -0.759877E+00
   -0.777680E+00   -0.795482E+00   -0.811768E+00   -0.828053E+00
   -0.844338E+00   -0.860623E+00   -0.892441E+00   -0.903145E+00
   -0.914773E+00   -0.927707E+00   -0.940758E+00   -0.954154E+00
   -0.967551E+00   -0.976387E+00   -0.983568E+00   -0.986330E+00
   -0.984587E+00   -0.982932E+00   -0.981490E+00   -0.980544E+00
   -0.100196E+01   -0.100196E+01   -0.100196E+01   -0.100196E+01
   -0.100196E+01   -0.100196E+01   -0.100196E+01   -0.100196E+01
   -0.109157E+01   -0.109157E+01   -0.109157E+01   -0.109157E+01
   -0.109157E+01   -0.109157E+01   -0.109157E+01   -0.109157E+01
   -0.111311E+01   -0.113694E+01   -0.115913E+01   -0.119718E+01
   -0.121869E+01   -0.125426E+01   -0.129277E+01   -0.132700E+01
   -0.136641E+01   -0.140869E+01   -0.145054E+01   -0.149669E+01
   -0.153223E+01   -0.157730E+01   -0.161773E+01   -0.165807E+01
   -0.169524E+01   -0.173575E+01   -0.176917E+01   -0.179544E+01
   -0.182466E+01   -0.185119E+01   -0.187570E+01   -0.189523E+01
   -0.190911E+01   -0.192161E+01   -0.193488E+01   -0.195090E+01
   -0.195610E+01   -0.196097E+01   -0.196321E+01   -0.196575E+01
   -0.196862E+01   -0.196862E+01   -0.196862E+01   -0.196862E+01
   -0.196862E+01   -0.196862E+01   -0.196862E+01   -0.196862E+01
   -0.196862E+01   -0.196862E+01   -0.196862E+01   -0.196862E+01
   -0.196862E+01   -0.196862E+01   -0.196862E+01   -0.196862E+01
   -0.196862E+01   -0.196862E+01   -0.196862E+01   -0.196862E+01
   -0.196862E+01   -0.196862E+01   -0.196862E+01   -0.196862E+01
   -0.196862E+01   -0.196862E+01   -0.196862E+01   -0.196862E+01
   -0.196862E+01   -0.196862E+01   -0.196862E+01   -0.196862E+01
   -0.196862E+01   -0.196862E+01   -0.196862E+01   -0.196862E+01
   -0.196862E+01   -0.444844E+00   -0.461652E+00   -0.478461E+00
   -0.523721E+00   -0.560526E+00   -0.590539E+00   -0.609563E+00
   -0.624743E+00   -0.638682E+00   -0.652621E+00   -0.666560E+00
   -0.680499E+00   -0.694437E+00   -0.711762E+00   -0.729087E+00
   -0.746412E+00   -0.763736E+00   -0.781061E+00   -0.797346E+00
   -0.813631E+00   -0.829916E+00   -0.840809E+00   -0.870592E+00
   -0.883197E+00   -0.895799E+00   -0.908401E+00   -0.921130E+00
   -0.934238E+00   -0.947347E+00   -0.955989E+00   -0.963141E+00
   -0.964748E+00   -0.966031E+00   -0.963961E+00   -0.963085E+00
   -0.962165E+00   -0.962165E+00   -0.962165E+00   -0.100196E+01
   -0.100196E+01   -0.100196E+01   -0.100196E+01   -0.100196E+01
   -0.100196E+01   -0.105459E+01   -0.105459E+01   -0.105459E+01
   -0.105459E+01   -0.105459E+01   -0.105459E+01   -0.105459E+01
   -0.105459E+01   -0.107532E+01   -0.109739E+01   -0.111911E+01
   -0.114596E+01   -0.118262E+01   -0.121572E+01   -0.125050E+01
   -0.128580E+01   -0.132944E+01   -0.136710E+01   -0.140473E+01
   -0.145285E+01   -0.149432E+01   -0.153614E+01   -0.157619E+01
   -0.161516E+01   -0.165532E+01   -0.169511E+01   -0.173098E+01
   -0.175692E+01   -0.178554E+01   -0.181575E+01   -0.184319E+01
   -0.186288E+01   -0.187940E+01   -0.189252E+01   -0.190569E+01
   -0.192098E+01   -0.193039E+01   -0.193488E+01   -0.193909E+01
   -0.194278E+01   -0.194705E+01   -0.194705E+01   -0.194705E+01
   -0.194705E+01   -0.194705E+01   -0.194705E+01   -0.194705E+01
   -0.194705E+01   -0.194705E+01   -0.194705E+01   -0.194705E+01
   -0.194705E+01   -0.194705E+01   -0.194705E+01   -0.194705E+01
   -0.194705E+01   -0.194705E+01   -0.194705E+01   -0.194705E+01
   -0.194705E+01   -0.194705E+01   -0.194705E+01   -0.194705E+01
   -0.194705E+01   -0.194705E+01   -0.194705E+01   -0.194705E+01
   -0.194705E+01   -0.194705E+01   -0.194705E+01   -0.194705E+01
   -0.194705E+01   -0.194705E+01   -0.194705E+01   -0.194705E+01
   -0.194705E+01   -0.194705E+01   -0.435769E+00   -0.452489E+00
   -0.469208E+00   -0.498890E+00   -0.533035E+00   -0.566052E+00
   -0.594117E+00   -0.609854E+00   -0.625590E+00   -0.640590E+00
   -0.654529E+00   -0.668467E+00   -0.682406E+00   -0.699253E+00
   -0.716100E+00   -0.732946E+00   -0.749793E+00   -0.766639E+00
   -0.782924E+00   -0.799143E+00   -0.809454E+00   -0.819764E+00
   -0.858253E+00   -0.868853E+00   -0.879451E+00   -0.890048E+00
   -0.901179E+00   -0.913912E+00   -0.926645E+00   -0.935193E+00
   -0.940249E+00   -0.946407E+00   -0.945590E+00   -0.945000E+00
   -0.944703E+00   -0.943820E+00   -0.943820E+00   -0.943820E+00
   -0.943820E+00   -0.943820E+00   -0.100196E+01   -0.100196E+01
   -0.100196E+01   -0.100196E+01   -0.905806E+00   -0.905806E+00
   -0.101779E+01   -0.101779E+01   -0.101779E+01   -0.101779E+01
   -0.101779E+01   -0.101779E+01   -0.103828E+01   -0.105846E+01
   -0.107936E+01   -0.110690E+01   -0.114016E+01   -0.117422E+01
   -0.120789E+01   -0.124231E+01   -0.128023E+01   -0.132339E+01
   -0.136943E+01   -0.140421E+01   -0.144768E+01   -0.148678E+01
   -0.153422E+01   -0.157398E+01   -0.161517E+01   -0.165576E+01
   -0.168949E+01   -0.172152E+01   -0.175329E+01   -0.178008E+01
   -0.181252E+01   -0.183016E+01   -0.184869E+01   -0.186410E+01
   -0.187814E+01   -0.189067E+01   -0.190288E+01   -0.190895E+01
   -0.191432E+01   -0.191942E+01   -0.194705E+01   -0.194705E+01
   -0.194705E+01   -0.194705E+01   -0.194705E+01   -0.194705E+01
   -0.194705E+01   -0.194705E+01   -0.194705E+01   -0.194705E+01
   -0.194705E+01   -0.194705E+01   -0.194705E+01   -0.194705E+01
   -0.194705E+01   -0.194705E+01   -0.194705E+01   -0.194705E+01
   -0.194705E+01   -0.194705E+01   -0.194705E+01   -0.194705E+01
   -0.194705E+01   -0.194705E+01   -0.194705E+01   -0.194705E+01
   -0.194705E+01   -0.194705E+01   -0.194705E+01   -0.194705E+01
   -0.194705E+01   -0.194705E+01   -0.194705E+01   -0.194705E+01
   -0.194705E+01   -0.194705E+01   -0.194705E+01   -0.431963E+00
   -0.448185E+00   -0.464408E+00   -0.481970E+00   -0.509674E+00
   -0.537458E+00   -0.571577E+00   -0.594408E+00   -0.610144E+00
   -0.625880E+00   -0.641616E+00   -0.656436E+00   -0.670375E+00
   -0.686743E+00   -0.703112E+00   -0.719481E+00   -0.735849E+00
   -0.752218E+00   -0.767788E+00   -0.778099E+00   -0.788410E+00
   -0.801587E+00   -0.841358E+00   -0.853492E+00   -0.862471E+00
   -0.871449E+00   -0.881949E+00   -0.894578E+00   -0.907008E+00
   -0.913562E+00   -0.918157E+00   -0.922102E+00   -0.926730E+00
   -0.926039E+00   -0.926665E+00   -0.928560E+00   -0.928560E+00
   -0.928560E+00   -0.928560E+00   -0.928560E+00   -0.928560E+00
   -0.928560E+00   -0.928560E+00   -0.850880E+00   -0.905806E+00
   -0.905806E+00   -0.905806E+00   -0.905806E+00   -0.905806E+00
   -0.982645E+00   -0.982645E+00   -0.982645E+00   -0.100091E+01
   -0.102050E+01   -0.103991E+01   -0.106684E+01   -0.110015E+01
   -0.113917E+01   -0.116457E+01   -0.119935E+01   -0.123432E+01
   -0.127488E+01   -0.136943E+01   -0.140421E+01   -0.144768E+01
   -0.144797E+01   -0.149497E+01   -0.153292E+01   -0.157481E+01
   -0.161683E+01   -0.165238E+01   -0.168373E+01   -0.171237E+01
   -0.174486E+01   -0.177512E+01   -0.179834E+01   -0.181680E+01
   -0.183261E+01   -0.184884E+01   -0.186741E+01   -0.187858E+01
   -0.188397E+01   -0.188989E+01   -0.189635E+01   -0.189635E+01
   -0.189635E+01   -0.194705E+01   -0.194705E+01   -0.194705E+01
   -0.194705E+01   -0.194705E+01   -0.194705E+01   -0.194705E+01
   -0.194705E+01   -0.194705E+01   -0.194705E+01   -0.194705E+01
   -0.194705E+01   -0.194705E+01   -0.194705E+01   -0.194705E+01
   -0.194705E+01   -0.194705E+01   -0.194705E+01   -0.194705E+01
   -0.194705E+01   -0.194705E+01   -0.194705E+01   -0.194705E+01
   -0.194705E+01   -0.194705E+01   -0.194705E+01   -0.194705E+01
   -0.194705E+01   -0.194705E+01   -0.194705E+01   -0.194705E+01
   -0.194705E+01   -0.194705E+01   -0.194705E+01   -0.194705E+01
   -0.428156E+00   -0.443882E+00   -0.459607E+00   -0.477127E+00
   -0.496272E+00   -0.523976E+00   -0.551679E+00   -0.579382E+00
   -0.595137E+00   -0.610891E+00   -0.626645E+00   -0.642399E+00
   -0.658153E+00   -0.674142E+00   -0.690131E+00   -0.706120E+00
   -0.722109E+00   -0.738852E+00   -0.749068E+00   -0.759283E+00
   -0.769498E+00   -0.780792E+00   -0.805655E+00   -0.829421E+00
   -0.841909E+00   -0.851822E+00   -0.862322E+00   -0.877390E+00
   -0.891837E+00   -0.897984E+00   -0.902036E+00   -0.903824E+00
   -0.905727E+00   -0.907355E+00   -0.908683E+00   -0.928560E+00
   -0.928560E+00   -0.928560E+00   -0.928560E+00   -0.928560E+00
   -0.928560E+00   -0.928560E+00   -0.928560E+00   -0.850880E+00
   -0.850880E+00   -0.850880E+00   -0.905806E+00   -0.905806E+00
   -0.905806E+00   -0.905806E+00   -0.948920E+00   -0.948920E+00
   -0.965939E+00   -0.986725E+00   -0.100207E+01   -0.102709E+01
   -0.106273E+01   -0.109404E+01   -0.112183E+01   -0.115698E+01
   -0.118916E+01   -0.123376E+01   -0.123376E+01   -0.127861E+01
   -0.140554E+01   -0.140554E+01   -0.144550E+01   -0.149053E+01
   -0.153457E+01   -0.157704E+01   -0.161313E+01   -0.164615E+01
   -0.167740E+01   -0.170713E+01   -0.173996E+01   -0.176424E+01
   -0.178533E+01   -0.180197E+01   -0.181982E+01   -0.183743E+01
   -0.185203E+01   -0.185770E+01   -0.186595E+01   -0.189635E+01
   -0.189635E+01   -0.189635E+01   -0.189635E+01   -0.189635E+01
   -0.194705E+01   -0.194705E+01   -0.194705E+01   -0.194705E+01
   -0.194705E+01   -0.194705E+01   -0.194705E+01   -0.194705E+01
   -0.194705E+01   -0.194705E+01   -0.194705E+01   -0.194705E+01
   -0.194705E+01   -0.194705E+01   -0.194705E+01   -0.194705E+01
   -0.194705E+01   -0.194705E+01   -0.194705E+01   -0.194705E+01
   -0.194705E+01   -0.194705E+01   -0.194705E+01   -0.194705E+01
   -0.194705E+01   -0.194705E+01   -0.194705E+01   -0.194705E+01
   -0.194705E+01   -0.194705E+01   -0.194705E+01   -0.194705E+01
   -0.194705E+01   -0.424350E+00   -0.439578E+00   -0.454807E+00
   -0.472327E+00   -0.489846E+00   -0.510573E+00   -0.538276E+00
   -0.565979E+00   -0.581824E+00   -0.597668E+00   -0.613511E+00
   -0.629355E+00   -0.645199E+00   -0.661187E+00   -0.677176E+00
   -0.693165E+00   -0.708068E+00   -0.729569E+00   -0.739319E+00
   -0.749069E+00   -0.758818E+00   -0.769162E+00   -0.783116E+00
   -0.803128E+00   -0.817391E+00   -0.829735E+00   -0.841728E+00
   -0.852665E+00   -0.863565E+00   -0.876326E+00   -0.882498E+00
   -0.884977E+00   -0.887254E+00   -0.890217E+00   -0.908683E+00
   -0.908683E+00   -0.928560E+00   -0.928560E+00   -0.928560E+00
   -0.928560E+00   -0.928560E+00   -0.928560E+00   -0.928560E+00
   -0.850880E+00   -0.850880E+00   -0.850880E+00   -0.850880E+00
   -0.850880E+00   -0.905806E+00   -0.905806E+00   -0.905806E+00
   -0.922151E+00   -0.939265E+00   -0.956184E+00   -0.973147E+00
   -0.998784E+00   -0.102651E+01   -0.106101E+01   -0.109159E+01
   -0.112111E+01   -0.118916E+01   -0.123376E+01   -0.124895E+01
   -0.127861E+01   -0.132555E+01   -0.136689E+01   -0.141008E+01
   -0.145181E+01   -0.149346E+01   -0.153556E+01   -0.157221E+01
   -0.160312E+01   -0.163723E+01   -0.166722E+01   -0.169973E+01
   -0.172707E+01   -0.174985E+01   -0.176294E+01   -0.178518E+01
   -0.180512E+01   -0.181639E+01   -0.182609E+01   -0.186595E+01
   -0.186595E+01   -0.189635E+01   -0.189635E+01   -0.189635E+01
   -0.189635E+01   -0.189635E+01   -0.189635E+01   -0.194705E+01
   -0.194705E+01   -0.194705E+01   -0.194705E+01   -0.194705E+01
   -0.194705E+01   -0.194705E+01   -0.194705E+01   -0.194705E+01
   -0.194705E+01   -0.194705E+01   -0.194705E+01   -0.194705E+01
   -0.194705E+01   -0.194705E+01   -0.194705E+01   -0.194705E+01
   -0.194705E+01   -0.194705E+01   -0.194705E+01   -0.194705E+01
   -0.194705E+01   -0.194705E+01   -0.194705E+01   -0.194705E+01
   -0.194705E+01   -0.194705E+01   -0.194705E+01   -0.194705E+01
   -0.194705E+01   -0.194705E+01   -0.420543E+00   -0.435275E+00
   -0.450006E+00   -0.467526E+00   -0.485045E+00   -0.502565E+00
   -0.524874E+00   -0.552576E+00   -0.568510E+00   -0.584444E+00
   -0.600377E+00   -0.616311E+00   -0.632244E+00   -0.648232E+00
   -0.664221E+00   -0.678574E+00   -0.692504E+00   -0.720286E+00
   -0.729570E+00   -0.738854E+00   -0.748138E+00   -0.758133E+00
   -0.770260E+00   -0.785439E+00   -0.799210E+00   -0.810901E+00
   -0.822402E+00   -0.831103E+00   -0.842016E+00   -0.856380E+00
   -0.861435E+00   -0.865073E+00   -0.868221E+00   -0.890217E+00
   -0.890217E+00   -0.908683E+00   -0.908683E+00   -0.928560E+00
   -0.928560E+00   -0.928560E+00   -0.928560E+00   -0.928560E+00
   -0.850880E+00   -0.850880E+00   -0.850880E+00   -0.850880E+00
   -0.850880E+00   -0.850880E+00   -0.850880E+00   -0.883138E+00
   -0.883138E+00   -0.898160E+00   -0.913872E+00   -0.929738E+00
   -0.946507E+00   -0.969462E+00   -0.990237E+00   -0.106101E+01
   -0.109159E+01   -0.112111E+01   -0.112338E+01   -0.116431E+01
   -0.120386E+01   -0.124441E+01   -0.128468E+01   -0.132554E+01
   -0.136753E+01   -0.140892E+01   -0.145117E+01   -0.149330E+01
   -0.153044E+01   -0.156100E+01   -0.159620E+01   -0.162977E+01
   -0.165730E+01   -0.168639E+01   -0.170668E+01   -0.173210E+01
   -0.174943E+01   -0.177128E+01   -0.178646E+01   -0.182609E+01
   -0.182609E+01   -0.186595E+01   -0.186595E+01   -0.189635E+01
   -0.189635E+01   -0.189635E+01   -0.189635E+01   -0.189635E+01
   -0.189635E+01   -0.189635E+01   -0.194705E+01   -0.194705E+01
   -0.194705E+01   -0.194705E+01   -0.194705E+01   -0.194705E+01
   -0.194705E+01   -0.194705E+01   -0.194705E+01   -0.194705E+01
   -0.194705E+01   -0.194705E+01   -0.194705E+01   -0.194705E+01
   -0.194705E+01   -0.194705E+01   -0.194705E+01   -0.194705E+01
   -0.194705E+01   -0.194705E+01   -0.194705E+01   -0.194705E+01
   -0.194705E+01   -0.194705E+01   -0.194705E+01   -0.194705E+01
   -0.194705E+01   -0.194705E+01   -0.194705E+01   -0.416736E+00
   -0.430971E+00   -0.445206E+00   -0.462725E+00   -0.480244E+00
   -0.497764E+00   -0.515283E+00   -0.539173E+00   -0.555197E+00
   -0.571220E+00   -0.587243E+00   -0.603266E+00   -0.619289E+00
   -0.635151E+00   -0.649081E+00   -0.663011E+00   -0.676941E+00
   -0.708292E+00   -0.718145E+00   -0.727079E+00   -0.736012E+00
   -0.745714E+00   -0.757723E+00   -0.769731E+00   -0.781131E+00
   -0.792328E+00   -0.802906E+00   -0.808446E+00   -0.816992E+00
   -0.833607E+00   -0.840632E+00   -0.845173E+00   -0.849295E+00
   -0.849295E+00   -0.849295E+00   -0.890217E+00   -0.908683E+00
   -0.908683E+00   -0.928560E+00   -0.928560E+00   -0.928560E+00
   -0.928560E+00   -0.797535E+00   -0.797535E+00   -0.850880E+00
   -0.850880E+00   -0.850880E+00   -0.850880E+00   -0.850880E+00
   -0.850880E+00   -0.859228E+00   -0.872497E+00   -0.889518E+00
   -0.905508E+00   -0.918879E+00   -0.942665E+00   -0.990237E+00
   -0.990237E+00   -0.106279E+01   -0.106279E+01   -0.109327E+01
   -0.112725E+01   -0.116641E+01   -0.120603E+01   -0.124560E+01
   -0.128613E+01   -0.132700E+01   -0.136847E+01   -0.141005E+01
   -0.145213E+01   -0.148853E+01   -0.152234E+01   -0.155509E+01
   -0.159405E+01   -0.162031E+01   -0.164799E+01   -0.166952E+01
   -0.173210E+01   -0.174943E+01   -0.177128E+01   -0.178646E+01
   -0.178646E+01   -0.182609E+01   -0.182609E+01   -0.186595E+01
   -0.186595E+01   -0.189635E+01   -0.189635E+01   -0.189635E+01
   -0.189635E+01   -0.189635E+01   -0.189635E+01   -0.189635E+01
   -0.189635E+01   -0.194705E+01   -0.194705E+01   -0.194705E+01
   -0.194705E+01   -0.194705E+01   -0.194705E+01   -0.194705E+01
   -0.194705E+01   -0.194705E+01   -0.194705E+01   -0.194705E+01
   -0.194705E+01   -0.194705E+01   -0.194705E+01   -0.194705E+01
   -0.194705E+01   -0.194705E+01   -0.194705E+01   -0.194705E+01
   -0.194705E+01   -0.194705E+01   -0.194705E+01   -0.194705E+01
   -0.194705E+01   -0.194705E+01   -0.194705E+01   -0.194705E+01
   -0.411060E+00   -0.424926E+00   -0.438793E+00   -0.456254E+00
   -0.473714E+00   -0.491174E+00   -0.508635E+00   -0.526095E+00
   -0.542118E+00   -0.558141E+00   -0.574165E+00   -0.590188E+00
   -0.606211E+00   -0.620141E+00   -0.634070E+00   -0.648000E+00
   -0.661930E+00   -0.687984E+00   -0.698887E+00   -0.709789E+00
   -0.719445E+00   -0.729027E+00   -0.740554E+00   -0.752082E+00
   -0.763362E+00   -0.773367E+00   -0.788378E+00   -0.793946E+00
   -0.802178E+00   -0.811341E+00   -0.819240E+00   -0.825274E+00
   -0.831894E+00   -0.831894E+00   -0.831894E+00   -0.831894E+00
   -0.831894E+00   -0.908683E+00   -0.908683E+00   -0.928560E+00
   -0.928560E+00   -0.797535E+00   -0.797535E+00   -0.797535E+00
   -0.797535E+00   -0.797535E+00   -0.797535E+00   -0.827798E+00
   -0.827798E+00   -0.827798E+00   -0.838456E+00   -0.849007E+00
   -0.861467E+00   -0.875182E+00   -0.889740E+00   -0.906639E+00
   -0.906639E+00   -0.996161E+00   -0.996161E+00   -0.101973E+01
   -0.105263E+01   -0.109078E+01   -0.112898E+01   -0.116749E+01
   -0.120613E+01   -0.124584E+01   -0.128657E+01   -0.132703E+01
   -0.136700E+01   -0.140772E+01   -0.144590E+01   -0.148062E+01
   -0.151403E+01   -0.155223E+01   -0.157875E+01   -0.161286E+01
   -0.166952E+01   -0.166952E+01   -0.174943E+01   -0.177128E+01
   -0.178646E+01   -0.178646E+01   -0.178646E+01   -0.182609E+01
   -0.182609E+01   -0.186595E+01   -0.186595E+01   -0.189635E+01
   -0.189635E+01   -0.189635E+01   -0.189635E+01   -0.189635E+01
   -0.189635E+01   -0.189635E+01   -0.189635E+01   -0.189635E+01
   -0.194705E+01   -0.194705E+01   -0.194705E+01   -0.194705E+01
   -0.194705E+01   -0.194705E+01   -0.194705E+01   -0.194705E+01
   -0.194705E+01   -0.194705E+01   -0.194705E+01   -0.194705E+01
   -0.194705E+01   -0.194705E+01   -0.194705E+01   -0.194705E+01
   -0.194705E+01   -0.194705E+01   -0.194705E+01   -0.194705E+01
   -0.194705E+01   -0.194705E+01   -0.194705E+01   -0.194705E+01
   -0.194705E+01   -0.400038E+00   -0.413905E+00   -0.427771E+00
   -0.445005E+00   -0.462240E+00   -0.479474E+00   -0.496708E+00
   -0.513942E+00   -0.529709E+00   -0.545477E+00   -0.561244E+00
   -0.577012E+00   -0.592779E+00   -0.606709E+00   -0.620638E+00
   -0.634480E+00   -0.644187E+00   -0.670452E+00   -0.680932E+00
   -0.691409E+00   -0.701885E+00   -0.712515E+00   -0.723606E+00
   -0.734697E+00   -0.744789E+00   -0.754547E+00   -0.765745E+00
   -0.773710E+00   -0.782348E+00   -0.791147E+00   -0.798923E+00
   -0.804910E+00   -0.831894E+00   -0.831894E+00   -0.831894E+00
   -0.831894E+00   -0.831894E+00   -0.831894E+00   -0.831894E+00
   -0.908683E+00   -0.928560E+00   -0.768267E+00   -0.797535E+00
   -0.797535E+00   -0.797535E+00   -0.797535E+00   -0.797535E+00
   -0.797535E+00   -0.808545E+00   -0.808545E+00   -0.817197E+00
   -0.830838E+00   -0.839727E+00   -0.854010E+00   -0.867346E+00
   -0.887066E+00   -0.903420E+00   -0.903420E+00   -0.966860E+00
   -0.992471E+00   -0.102033E+01   -0.105693E+01   -0.109425E+01
   -0.113083E+01   -0.116860E+01   -0.120707E+01   -0.124743E+01
   -0.128869E+01   -0.132950E+01   -0.136830E+01   -0.140558E+01
   -0.143857E+01   -0.151403E+01   -0.155223E+01   -0.157875E+01
   -0.161286E+01   -0.161286E+01   -0.166952E+01   -0.166952E+01
   -0.177128E+01   -0.178646E+01   -0.178646E+01   -0.178646E+01
   -0.178646E+01   -0.182609E+01   -0.182609E+01   -0.186595E+01
   -0.186595E+01   -0.189635E+01   -0.189635E+01   -0.189635E+01
   -0.189635E+01   -0.189635E+01   -0.189635E+01   -0.189635E+01
   -0.189635E+01   -0.189635E+01   -0.189635E+01   -0.194705E+01
   -0.194705E+01   -0.194705E+01   -0.194705E+01   -0.194705E+01
   -0.194705E+01   -0.194705E+01   -0.194705E+01   -0.194705E+01
   -0.194705E+01   -0.194705E+01   -0.194705E+01   -0.194705E+01
   -0.194705E+01   -0.194705E+01   -0.194705E+01   -0.194705E+01
   -0.194705E+01   -0.194705E+01   -0.194705E+01   -0.194705E+01
   -0.194705E+01   -0.194705E+01   -0.389016E+00   -0.402883E+00
   -0.416749E+00   -0.433757E+00   -0.450765E+00   -0.467773E+00
   -0.484781E+00   -0.501788E+00   -0.517300E+00   -0.532812E+00
   -0.548324E+00   -0.563836E+00   -0.579347E+00   -0.593277E+00
   -0.606660E+00   -0.616367E+00   -0.626074E+00   -0.660334E+00
   -0.669254E+00   -0.678171E+00   -0.687087E+00   -0.696468E+00
   -0.707242E+00   -0.718015E+00   -0.728027E+00   -0.734063E+00
   -0.751300E+00   -0.757136E+00   -0.764008E+00   -0.772482E+00
   -0.780095E+00   -0.788044E+00   -0.788044E+00   -0.788044E+00
   -0.831894E+00   -0.831894E+00   -0.831894E+00   -0.831894E+00
   -0.831894E+00   -0.831894E+00   -0.768267E+00   -0.768267E+00
   -0.768267E+00   -0.797535E+00   -0.797535E+00   -0.797535E+00
   -0.797535E+00   -0.797535E+00   -0.797535E+00   -0.799472E+00
   -0.805869E+00   -0.817534E+00   -0.829738E+00   -0.840545E+00
   -0.852418E+00   -0.863705E+00   -0.903420E+00   -0.922756E+00
   -0.947801E+00   -0.969578E+00   -0.998434E+00   -0.103530E+01
   -0.107414E+01   -0.110711E+01   -0.114403E+01   -0.118127E+01
   -0.122066E+01   -0.126040E+01   -0.130046E+01   -0.133882E+01
   -0.137200E+01   -0.143857E+01   -0.143857E+01   -0.155223E+01
   -0.157875E+01   -0.161286E+01   -0.161286E+01   -0.161286E+01
   -0.166952E+01   -0.177128E+01   -0.178646E+01   -0.178646E+01
   -0.178646E+01   -0.178646E+01   -0.178646E+01   -0.182609E+01
   -0.182609E+01   -0.186595E+01   -0.186595E+01   -0.189635E+01
   -0.189635E+01   -0.189635E+01   -0.189635E+01   -0.189635E+01
   -0.189635E+01   -0.189635E+01   -0.189635E+01   -0.189635E+01
   -0.189635E+01   -0.189635E+01   -0.194705E+01   -0.194705E+01
   -0.194705E+01   -0.194705E+01   -0.194705E+01   -0.194705E+01
   -0.194705E+01   -0.194705E+01   -0.194705E+01   -0.194705E+01
   -0.194705E+01   -0.194705E+01   -0.194705E+01   -0.194705E+01
   -0.194705E+01   -0.194705E+01   -0.194705E+01   -0.194705E+01
   -0.194705E+01   -0.194705E+01   -0.194705E+01   -0.376337E+00
   -0.391861E+00   -0.405727E+00   -0.422509E+00   -0.439290E+00
   -0.456072E+00   -0.472854E+00   -0.489635E+00   -0.504892E+00
   -0.520148E+00   -0.535404E+00   -0.550660E+00   -0.565916E+00
   -0.578840E+00   -0.588547E+00   -0.598254E+00   -0.610559E+00
   -0.644166E+00   -0.656352E+00   -0.664176E+00   -0.672000E+00
   -0.681102E+00   -0.692263E+00   -0.702814E+00   -0.709873E+00
   -0.715767E+00   -0.727187E+00   -0.737411E+00   -0.746255E+00
   -0.754346E+00   -0.760843E+00   -0.788044E+00   -0.788044E+00
   -0.788044E+00   -0.788044E+00   -0.788044E+00   -0.831894E+00
   -0.831894E+00   -0.831894E+00   -0.831894E+00   -0.768267E+00
   -0.768267E+00   -0.768267E+00   -0.768267E+00   -0.768267E+00
   -0.776579E+00   -0.791001E+00   -0.791001E+00   -0.791001E+00
   -0.792471E+00   -0.799887E+00   -0.809890E+00   -0.818885E+00
   -0.833446E+00   -0.841365E+00   -0.863705E+00   -0.908995E+00
   -0.908995E+00   -0.930510E+00   -0.954521E+00   -0.983730E+00
   -0.101744E+01   -0.105265E+01   -0.108652E+01   -0.111999E+01
   -0.115658E+01   -0.119456E+01   -0.123214E+01   -0.127545E+01
   -0.130704E+01   -0.133867E+01   -0.133867E+01   -0.133867E+01
   -0.143857E+01   -0.157875E+01   -0.161286E+01   -0.161286E+01
   -0.161286E+01   -0.161286E+01   -0.166952E+01   -0.178646E+01
   -0.178646E+01   -0.178646E+01   -0.178646E+01   -0.178646E+01
   -0.178646E+01   -0.182609E+01   -0.182609E+01   -0.186595E+01
   -0.186595E+01   -0.189635E+01   -0.189635E+01   -0.189635E+01
   -0.189635E+01   -0.189635E+01   -0.189635E+01   -0.189635E+01
   -0.189635E+01   -0.189635E+01   -0.189635E+01   -0.189635E+01
   -0.189635E+01   -0.194705E+01   -0.194705E+01   -0.194705E+01
   -0.194705E+01   -0.194705E+01   -0.194705E+01   -0.194705E+01
   -0.194705E+01   -0.194705E+01   -0.194705E+01   -0.194705E+01
   -0.194705E+01   -0.194705E+01   -0.194705E+01   -0.194705E+01
   -0.194705E+01   -0.194705E+01   -0.194705E+01   -0.194705E+01
   -0.361734E+00   -0.378071E+00   -0.394409E+00   -0.410979E+00
   -0.427550E+00   -0.444121E+00   -0.460691E+00   -0.477262E+00
   -0.493761E+00   -0.508842E+00   -0.523922E+00   -0.539002E+00
   -0.554082E+00   -0.563689E+00   -0.573295E+00   -0.582901E+00
   -0.594123E+00   -0.613909E+00   -0.635849E+00   -0.646897E+00
   -0.656235E+00   -0.665337E+00   -0.678272E+00   -0.691077E+00
   -0.698039E+00   -0.703804E+00   -0.711520E+00   -0.720399E+00
   -0.728546E+00   -0.736659E+00   -0.745247E+00   -0.745247E+00
   -0.745247E+00   -0.788044E+00   -0.788044E+00   -0.788044E+00
   -0.788044E+00   -0.788044E+00   -0.831894E+00   -0.768267E+00
   -0.768267E+00   -0.768267E+00   -0.768267E+00   -0.768267E+00
   -0.768267E+00   -0.768267E+00   -0.776579E+00   -0.784377E+00
   -0.784377E+00   -0.785771E+00   -0.791624E+00   -0.802690E+00
   -0.813155E+00   -0.822952E+00   -0.831564E+00   -0.850447E+00
   -0.874786E+00   -0.891279E+00   -0.915458E+00   -0.939117E+00
   -0.966908E+00   -0.999196E+00   -0.103144E+01   -0.106467E+01
   -0.109726E+01   -0.113059E+01   -0.116745E+01   -0.120614E+01
   -0.124339E+01   -0.127559E+01   -0.133867E+01   -0.133867E+01
   -0.133867E+01   -0.133867E+01   -0.157875E+01   -0.161286E+01
   -0.161286E+01   -0.161286E+01   -0.161286E+01   -0.161286E+01
   -0.178646E+01   -0.178646E+01   -0.178646E+01   -0.178646E+01
   -0.178646E+01   -0.178646E+01   -0.178646E+01   -0.182609E+01
   -0.182609E+01   -0.186595E+01   -0.186595E+01   -0.189635E+01
   -0.189635E+01   -0.189635E+01   -0.189635E+01   -0.189635E+01
   -0.189635E+01   -0.189635E+01   -0.189635E+01   -0.189635E+01
   -0.189635E+01   -0.189635E+01   -0.189635E+01   -0.189635E+01
   -0.194705E+01   -0.194705E+01   -0.194705E+01   -0.194705E+01
   -0.194705E+01   -0.194705E+01   -0.194705E+01   -0.194705E+01
   -0.194705E+01   -0.194705E+01   -0.194705E+01   -0.194705E+01
   -0.194705E+01   -0.194705E+01   -0.194705E+01   -0.194705E+01
   -0.194705E+01   -0.349236E+00   -0.365838E+00   -0.382440E+00
   -0.398833E+00   -0.415226E+00   -0.431618E+00   -0.448011E+00
   -0.464403E+00   -0.482169E+00   -0.499935E+00   -0.515600E+00
   -0.530680E+00   -0.545760E+00   -0.555044E+00   -0.564328E+00
   -0.573611E+00   -0.584591E+00   -0.600662E+00   -0.616026E+00
   -0.627202E+00   -0.638191E+00   -0.648822E+00   -0.658378E+00
   -0.668260E+00   -0.679875E+00   -0.687777E+00   -0.695294E+00
   -0.703066E+00   -0.710436E+00   -0.717439E+00   -0.745247E+00
   -0.745247E+00   -0.745247E+00   -0.745247E+00   -0.745247E+00
   -0.788044E+00   -0.788044E+00   -0.788044E+00   -0.788044E+00
   -0.768267E+00   -0.768267E+00   -0.768267E+00   -0.768267E+00
   -0.768267E+00   -0.768267E+00   -0.768267E+00   -0.776579E+00
   -0.776579E+00   -0.777452E+00   -0.779575E+00   -0.784505E+00
   -0.794282E+00   -0.803901E+00   -0.813283E+00   -0.823962E+00
   -0.839189E+00   -0.864960E+00   -0.882047E+00   -0.902132E+00
   -0.923984E+00   -0.950204E+00   -0.980841E+00   -0.101173E+01
   -0.104253E+01   -0.107407E+01   -0.110720E+01   -0.114573E+01
   -0.117643E+01   -0.121117E+01   -0.124611E+01   -0.124611E+01
   -0.124611E+01   -0.133867E+01   -0.133867E+01   -0.133867E+01
   -0.161286E+01   -0.161286E+01   -0.161286E+01   -0.161286E+01
   -0.161286E+01   -0.178646E+01   -0.178646E+01   -0.178646E+01
   -0.178646E+01   -0.178646E+01   -0.178646E+01   -0.178646E+01
   -0.178646E+01   -0.182609E+01   -0.182609E+01   -0.186595E+01
   -0.186595E+01   -0.189635E+01   -0.189635E+01   -0.189635E+01
   -0.189635E+01   -0.189635E+01   -0.189635E+01   -0.189635E+01
   -0.189635E+01   -0.189635E+01   -0.189635E+01   -0.189635E+01
   -0.189635E+01   -0.189635E+01   -0.189635E+01   -0.194705E+01
   -0.194705E+01   -0.194705E+01   -0.194705E+01   -0.194705E+01
   -0.194705E+01   -0.194705E+01   -0.194705E+01   -0.194705E+01
   -0.194705E+01   -0.194705E+01   -0.194705E+01   -0.194705E+01
   -0.194705E+01   -0.194705E+01   -0.336739E+00   -0.353606E+00
   -0.370472E+00   -0.386687E+00   -0.402902E+00   -0.419116E+00
   -0.435331E+00   -0.451545E+00   -0.469311E+00   -0.487076E+00
   -0.504842E+00   -0.522358E+00   -0.537438E+00   -0.546399E+00
   -0.555361E+00   -0.564322E+00   -0.575060E+00   -0.589266E+00
   -0.601003E+00   -0.612045E+00   -0.622855E+00   -0.633352E+00
   -0.642689E+00   -0.652335E+00   -0.665240E+00   -0.671167E+00
   -0.678512E+00   -0.686061E+00   -0.693800E+00   -0.717439E+00
   -0.717439E+00   -0.745247E+00   -0.745247E+00   -0.745247E+00
   -0.745247E+00   -0.745247E+00   -0.745247E+00   -0.636735E+00
   -0.636735E+00   -0.768267E+00   -0.768267E+00   -0.768267E+00
   -0.768267E+00   -0.768267E+00   -0.768267E+00   -0.768267E+00
   -0.768267E+00   -0.770377E+00   -0.771295E+00   -0.772698E+00
   -0.777573E+00   -0.786810E+00   -0.795936E+00   -0.805287E+00
   -0.814956E+00   -0.831223E+00   -0.849028E+00   -0.867563E+00
   -0.890569E+00   -0.909539E+00   -0.935408E+00   -0.964470E+00
   -0.992821E+00   -0.102303E+01   -0.105181E+01   -0.108416E+01
   -0.111811E+01   -0.115084E+01   -0.118370E+01   -0.121489E+01
   -0.121489E+01   -0.121489E+01   -0.121489E+01   -0.121489E+01
   -0.133867E+01   -0.133867E+01   -0.161286E+01   -0.161286E+01
   -0.161286E+01   -0.161286E+01   -0.161286E+01   -0.178646E+01
   -0.178646E+01   -0.178646E+01   -0.178646E+01   -0.178646E+01
   -0.178646E+01   -0.178646E+01   -0.178646E+01   -0.182609E+01
   -0.182609E+01   -0.186595E+01   -0.186595E+01   -0.189635E+01
   -0.189635E+01   -0.189635E+01   -0.189635E+01   -0.189635E+01
   -0.189635E+01   -0.189635E+01   -0.189635E+01   -0.189635E+01
   -0.189635E+01   -0.189635E+01   -0.189635E+01   -0.189635E+01
   -0.189635E+01   -0.189635E+01   -0.194705E+01   -0.194705E+01
   -0.194705E+01   -0.194705E+01   -0.194705E+01   -0.194705E+01
   -0.194705E+01   -0.194705E+01   -0.194705E+01   -0.194705E+01
   -0.194705E+01   -0.194705E+01   -0.194705E+01   -0.324242E+00
   -0.341373E+00   -0.358504E+00   -0.374541E+00   -0.390577E+00
   -0.406614E+00   -0.422650E+00   -0.438687E+00   -0.456452E+00
   -0.474218E+00   -0.491983E+00   -0.506646E+00   -0.525433E+00
   -0.534187E+00   -0.542939E+00   -0.551692E+00   -0.562693E+00
   -0.574389E+00   -0.586084E+00   -0.597003E+00   -0.607663E+00
   -0.617944E+00   -0.627090E+00   -0.636724E+00   -0.647235E+00
   -0.655322E+00   -0.662878E+00   -0.671239E+00   -0.693800E+00
   -0.693800E+00   -0.717439E+00   -0.717439E+00   -0.745247E+00
   -0.745247E+00   -0.745247E+00   -0.745247E+00   -0.636735E+00
   -0.636735E+00   -0.636735E+00   -0.636735E+00   -0.758784E+00
   -0.758784E+00   -0.758784E+00   -0.758784E+00   -0.758784E+00
   -0.758784E+00   -0.758784E+00   -0.761145E+00   -0.762761E+00
   -0.765655E+00   -0.771442E+00   -0.780559E+00   -0.790605E+00
   -0.800324E+00   -0.810090E+00   -0.824596E+00   -0.844541E+00
   -0.863870E+00   -0.882167E+00   -0.901887E+00   -0.925939E+00
   -0.954325E+00   -0.981876E+00   -0.101081E+01   -0.103863E+01
   -0.106741E+01   -0.109921E+01   -0.113062E+01   -0.118370E+01
   -0.121489E+01   -0.121489E+01   -0.121489E+01   -0.121489E+01
   -0.121489E+01   -0.121489E+01   -0.121489E+01   -0.161286E+01
   -0.161286E+01   -0.161286E+01   -0.161286E+01   -0.161286E+01
   -0.178646E+01   -0.178646E+01   -0.178646E+01   -0.178646E+01
   -0.178646E+01   -0.178646E+01   -0.178646E+01   -0.178646E+01
   -0.178646E+01   -0.182609E+01   -0.182609E+01   -0.186595E+01
   -0.186595E+01   -0.189635E+01   -0.189635E+01   -0.189635E+01
   -0.189635E+01   -0.189635E+01   -0.189635E+01   -0.189635E+01
   -0.189635E+01   -0.189635E+01   -0.189635E+01   -0.189635E+01
   -0.189635E+01   -0.189635E+01   -0.189635E+01   -0.189635E+01
   -0.189635E+01   -0.194705E+01   -0.194705E+01   -0.194705E+01
   -0.194705E+01   -0.194705E+01   -0.194705E+01   -0.194705E+01
   -0.194705E+01   -0.194705E+01   -0.194705E+01   -0.194705E+01
   -0.311731E+00   -0.328979E+00   -0.346226E+00   -0.362101E+00
   -0.377975E+00   -0.393850E+00   -0.409724E+00   -0.425598E+00
   -0.439434E+00   -0.453270E+00   -0.467105E+00   -0.480926E+00
   -0.506682E+00   -0.515436E+00   -0.526041E+00   -0.537048E+00
   -0.548197E+00   -0.559777E+00   -0.571357E+00   -0.582172E+00
   -0.592732E+00   -0.602939E+00   -0.612025E+00   -0.621600E+00
   -0.634600E+00   -0.640336E+00   -0.647325E+00   -0.656087E+00
   -0.660820E+00   -0.660820E+00   -0.660820E+00   -0.660820E+00
   -0.660820E+00   -0.745247E+00   -0.626585E+00   -0.631538E+00
   -0.636735E+00   -0.636735E+00   -0.636735E+00   -0.636735E+00
   -0.748458E+00   -0.748458E+00   -0.748458E+00   -0.748458E+00
   -0.748458E+00   -0.748458E+00   -0.748458E+00   -0.751933E+00
   -0.755835E+00   -0.759020E+00   -0.764932E+00   -0.775324E+00
   -0.787167E+00   -0.796152E+00   -0.805699E+00   -0.820629E+00
   -0.839621E+00   -0.858184E+00   -0.875449E+00   -0.897121E+00
   -0.921974E+00   -0.949218E+00   -0.969929E+00   -0.996333E+00
   -0.102736E+01   -0.105248E+01   -0.107940E+01   -0.113062E+01
   -0.113062E+01   -0.121489E+01   -0.121489E+01   -0.121489E+01
   -0.121489E+01   -0.121489E+01   -0.121489E+01   -0.121489E+01
   -0.121489E+01   -0.161286E+01   -0.161286E+01   -0.161286E+01
   -0.161286E+01   -0.161286E+01   -0.178646E+01   -0.178646E+01
   -0.178646E+01   -0.178646E+01   -0.178646E+01   -0.178646E+01
   -0.178646E+01   -0.178646E+01   -0.178646E+01   -0.182609E+01
   -0.182609E+01   -0.186595E+01   -0.186595E+01   -0.189635E+01
   -0.189635E+01   -0.189635E+01   -0.189635E+01   -0.189635E+01
   -0.189635E+01   -0.189635E+01   -0.189635E+01   -0.189635E+01
   -0.189635E+01   -0.189635E+01   -0.189635E+01   -0.189635E+01
   -0.189635E+01   -0.189635E+01   -0.189635E+01   -0.189635E+01
   -0.194705E+01   -0.194705E+01   -0.194705E+01   -0.194705E+01
   -0.194705E+01   -0.194705E+01   -0.194705E+01   -0.194705E+01
   -0.194705E+01   -0.299195E+00   -0.316305E+00   -0.333414E+00
   -0.349154E+00   -0.364894E+00   -0.380633E+00   -0.396372E+00
   -0.412112E+00   -0.425947E+00   -0.439783E+00   -0.453555E+00
   -0.466937E+00   -0.491470E+00   -0.501967E+00   -0.512463E+00
   -0.522958E+00   -0.533697E+00   -0.545165E+00   -0.556633E+00
   -0.567350E+00   -0.577817E+00   -0.587927E+00   -0.596965E+00
   -0.607435E+00   -0.617347E+00   -0.625120E+00   -0.631990E+00
   -0.641143E+00   -0.644964E+00   -0.644964E+00   -0.644964E+00
   -0.644964E+00   -0.616579E+00   -0.621630E+00   -0.626585E+00
   -0.631538E+00   -0.636735E+00   -0.636735E+00   -0.636735E+00
   -0.636735E+00   -0.642686E+00   -0.738312E+00   -0.738312E+00
   -0.738312E+00   -0.738312E+00   -0.738312E+00   -0.738312E+00
   -0.742903E+00   -0.746835E+00   -0.751737E+00   -0.759330E+00
   -0.770812E+00   -0.781075E+00   -0.792059E+00   -0.803044E+00
   -0.816060E+00   -0.834674E+00   -0.854481E+00   -0.872851E+00
   -0.890463E+00   -0.911937E+00   -0.936716E+00   -0.961264E+00
   -0.985502E+00   -0.101027E+01   -0.103671E+01   -0.107940E+01
   -0.107940E+01   -0.113062E+01   -0.113062E+01   -0.121489E+01
   -0.121489E+01   -0.121489E+01   -0.121489E+01   -0.121489E+01
   -0.121489E+01   -0.121489E+01   -0.121489E+01   -0.161286E+01
   -0.161286E+01   -0.161286E+01   -0.161286E+01   -0.178646E+01
   -0.178646E+01   -0.178646E+01   -0.178646E+01   -0.178646E+01
   -0.178646E+01   -0.178646E+01   -0.178646E+01   -0.178646E+01
   -0.178646E+01   -0.182609E+01   -0.182609E+01   -0.186595E+01
   -0.186595E+01   -0.189635E+01   -0.189635E+01   -0.189635E+01
   -0.189635E+01   -0.189635E+01   -0.189635E+01   -0.189635E+01
   -0.189635E+01   -0.189635E+01   -0.189635E+01   -0.189635E+01
   -0.189635E+01   -0.189635E+01   -0.189635E+01   -0.189635E+01
   -0.189635E+01   -0.189635E+01   -0.189635E+01   -0.194705E+01
   -0.194705E+01   -0.194705E+01   -0.194705E+01   -0.194705E+01
   -0.194705E+01   -0.194705E+01   -0.286660E+00   -0.303631E+00
   -0.320602E+00   -0.336207E+00   -0.351812E+00   -0.367416E+00
   -0.383021E+00   -0.398626E+00   -0.412461E+00   -0.426184E+00
   -0.439565E+00   -0.452947E+00   -0.482028E+00   -0.491181E+00
   -0.500333E+00   -0.509484E+00   -0.519189E+00   -0.530553E+00
   -0.541916E+00   -0.552544E+00   -0.562925E+00   -0.572971E+00
   -0.581923E+00   -0.592318E+00   -0.604251E+00   -0.609835E+00
   -0.617261E+00   -0.624314E+00   -0.631905E+00   -0.631905E+00
   -0.631905E+00   -0.616579E+00   -0.616579E+00   -0.621630E+00
   -0.626585E+00   -0.631538E+00   -0.636735E+00   -0.636735E+00
   -0.636735E+00   -0.642686E+00   -0.642686E+00   -0.642686E+00
   -0.728405E+00   -0.728405E+00   -0.728405E+00   -0.728405E+00
   -0.728405E+00   -0.732395E+00   -0.739503E+00   -0.744859E+00
   -0.753643E+00   -0.765493E+00   -0.775945E+00   -0.787319E+00
   -0.799164E+00   -0.812351E+00   -0.830804E+00   -0.848501E+00
   -0.868059E+00   -0.883599E+00   -0.904438E+00   -0.927871E+00
   -0.951181E+00   -0.974239E+00   -0.997599E+00   -0.102009E+01
   -0.102009E+01   -0.102009E+01   -0.107940E+01   -0.113062E+01
   -0.121489E+01   -0.121489E+01   -0.121489E+01   -0.121489E+01
   -0.121489E+01   -0.121489E+01   -0.121489E+01   -0.121489E+01
   -0.121489E+01   -0.161286E+01   -0.161286E+01   -0.161286E+01
   -0.178646E+01   -0.178646E+01   -0.178646E+01   -0.178646E+01
   -0.178646E+01   -0.178646E+01   -0.178646E+01   -0.178646E+01
   -0.178646E+01   -0.178646E+01   -0.178646E+01   -0.182609E+01
   -0.182609E+01   -0.186595E+01   -0.186595E+01   -0.189635E+01
   -0.189635E+01   -0.189635E+01   -0.189635E+01   -0.189635E+01
   -0.189635E+01   -0.189635E+01   -0.189635E+01   -0.189635E+01
   -0.189635E+01   -0.189635E+01   -0.189635E+01   -0.189635E+01
   -0.189635E+01   -0.189635E+01   -0.189635E+01   -0.189635E+01
   -0.189635E+01   -0.189635E+01   -0.194705E+01   -0.194705E+01
   -0.194705E+01   -0.194705E+01   -0.194705E+01   -0.274125E+00
   -0.290957E+00   -0.307790E+00   -0.323260E+00   -0.338730E+00
   -0.354200E+00   -0.369670E+00   -0.385139E+00   -0.398813E+00
   -0.412194E+00   -0.425576E+00   -0.438958E+00   -0.468598E+00
   -0.478824E+00   -0.487179E+00   -0.495533E+00   -0.504620E+00
   -0.515902E+00   -0.527184E+00   -0.537746E+00   -0.548067E+00
   -0.558031E+00   -0.566924E+00   -0.576057E+00   -0.586890E+00
   -0.594722E+00   -0.601905E+00   -0.609304E+00   -0.617228E+00
   -0.617228E+00   -0.616579E+00   -0.616579E+00   -0.615381E+00
   -0.621630E+00   -0.626585E+00   -0.631538E+00   -0.636735E+00
   -0.636735E+00   -0.636735E+00   -0.642686E+00   -0.642686E+00
   -0.642686E+00   -0.645488E+00   -0.728405E+00   -0.728405E+00
   -0.728405E+00   -0.728405E+00   -0.732395E+00   -0.731318E+00
   -0.737171E+00   -0.747694E+00   -0.758738E+00   -0.770022E+00
   -0.781784E+00   -0.792608E+00   -0.806846E+00   -0.825270E+00
   -0.841486E+00   -0.859326E+00   -0.877610E+00   -0.895976E+00
   -0.918003E+00   -0.938752E+00   -0.964772E+00   -0.981084E+00
   -0.100448E+01   -0.100448E+01   -0.996499E+00   -0.996499E+00
   -0.996499E+00   -0.996499E+00   -0.960980E+00   -0.949002E+00
   -0.121489E+01   -0.121489E+01   -0.121489E+01   -0.121489E+01
   -0.121489E+01   -0.121489E+01   -0.121489E+01   -0.161286E+01
   -0.161286E+01   -0.161286E+01   -0.178646E+01   -0.178646E+01
   -0.178646E+01   -0.178646E+01   -0.178646E+01   -0.178646E+01
   -0.178646E+01   -0.178646E+01   -0.178646E+01   -0.178646E+01
   -0.178646E+01   -0.182609E+01   -0.182609E+01   -0.186595E+01
   -0.186595E+01   -0.189635E+01   -0.189635E+01   -0.189635E+01
   -0.189635E+01   -0.189635E+01   -0.189635E+01   -0.189635E+01
   -0.189635E+01   -0.189635E+01   -0.189635E+01   -0.189635E+01
   -0.189635E+01   -0.189635E+01   -0.189635E+01   -0.189635E+01
   -0.189635E+01   -0.189635E+01   -0.189635E+01   -0.189635E+01
   -0.189635E+01   -0.194705E+01   -0.194705E+01   -0.194705E+01
   -0.261216E+00   -0.277921E+00   -0.294626E+00   -0.309976E+00
   -0.325326E+00   -0.340675E+00   -0.356024E+00   -0.371374E+00
   -0.384756E+00   -0.398137E+00   -0.411519E+00   -0.424915E+00
   -0.449366E+00   -0.460138E+00   -0.470906E+00   -0.480889E+00
   -0.489963E+00   -0.501197E+00   -0.512430E+00   -0.522961E+00
   -0.533258E+00   -0.543203E+00   -0.552387E+00   -0.561748E+00
   -0.571998E+00   -0.581503E+00   -0.590490E+00   -0.596552E+00
   -0.602333E+00   -0.609839E+00   -0.616579E+00   -0.616579E+00
   -0.615381E+00   -0.621630E+00   -0.626585E+00   -0.631538E+00
   -0.636735E+00   -0.636735E+00   -0.637479E+00   -0.642686E+00
   -0.642686E+00   -0.642686E+00   -0.645488E+00   -0.651246E+00
   -0.728405E+00   -0.728405E+00   -0.728405E+00   -0.731318E+00
   -0.731318E+00   -0.737171E+00   -0.737610E+00   -0.747567E+00
   -0.758949E+00   -0.770698E+00   -0.781475E+00   -0.795130E+00
   -0.811626E+00   -0.827974E+00   -0.844207E+00   -0.860769E+00
   -0.878830E+00   -0.897403E+00   -0.915194E+00   -0.938638E+00
   -0.959710E+00   -0.978560E+00   -0.996499E+00   -0.996499E+00
   -0.996499E+00   -0.960980E+00   -0.960980E+00   -0.949002E+00
   -0.949002E+00   -0.949002E+00   -0.949002E+00   -0.949002E+00
   -0.949002E+00   -0.949002E+00   -0.949002E+00   -0.949002E+00
   -0.949002E+00   -0.949002E+00   -0.161286E+01   -0.178646E+01
   -0.178646E+01   -0.178646E+01   -0.178646E+01   -0.178646E+01
   -0.178646E+01   -0.178646E+01   -0.178646E+01   -0.178646E+01
   -0.178646E+01   -0.178646E+01   -0.178646E+01   -0.182609E+01
   -0.182609E+01   -0.186595E+01   -0.186595E+01   -0.189635E+01
   -0.189635E+01   -0.189635E+01   -0.189635E+01   -0.189635E+01
   -0.189635E+01   -0.189635E+01   -0.189635E+01   -0.189635E+01
   -0.189635E+01   -0.189635E+01   -0.189635E+01   -0.189635E+01
   -0.189635E+01   -0.189635E+01   -0.189635E+01   -0.189635E+01
   -0.189635E+01   -0.189635E+01   -0.189635E+01   -0.189635E+01
   -0.194705E+01   -0.247793E+00   -0.264386E+00   -0.280979E+00
   -0.296228E+00   -0.311477E+00   -0.326726E+00   -0.341974E+00
   -0.357223E+00   -0.370605E+00   -0.383986E+00   -0.397400E+00
   -0.410942E+00   -0.431254E+00   -0.442447E+00   -0.453637E+00
   -0.464827E+00   -0.476021E+00   -0.487227E+00   -0.498854E+00
   -0.509645E+00   -0.519092E+00   -0.528520E+00   -0.537894E+00
   -0.547267E+00   -0.557468E+00   -0.567400E+00   -0.573582E+00
   -0.580764E+00   -0.587886E+00   -0.595381E+00   -0.602218E+00
   -0.608344E+00   -0.615381E+00   -0.621630E+00   -0.626585E+00
   -0.631538E+00   -0.636735E+00   -0.636735E+00   -0.637479E+00
   -0.642686E+00   -0.642686E+00   -0.639684E+00   -0.645488E+00
   -0.651246E+00   -0.657131E+00   -0.663655E+00   -0.668110E+00
   -0.731318E+00   -0.731318E+00   -0.737610E+00   -0.737610E+00
   -0.747567E+00   -0.748525E+00   -0.757937E+00   -0.768573E+00
   -0.781646E+00   -0.796820E+00   -0.812223E+00   -0.827676E+00
   -0.842975E+00   -0.861156E+00   -0.878592E+00   -0.896106E+00
   -0.918667E+00   -0.933123E+00   -0.956012E+00   -0.971787E+00
   -0.971787E+00   -0.960980E+00   -0.960980E+00   -0.949002E+00
   -0.949002E+00   -0.949002E+00   -0.949002E+00   -0.949002E+00
   -0.949002E+00   -0.949002E+00   -0.949002E+00   -0.949002E+00
   -0.949002E+00   -0.949002E+00   -0.949002E+00   -0.949002E+00
   -0.949002E+00   -0.178646E+01   -0.178646E+01   -0.178646E+01
   -0.178646E+01   -0.178646E+01   -0.178646E+01   -0.178646E+01
   -0.178646E+01   -0.178646E+01   -0.178646E+01   -0.178646E+01
   -0.178646E+01   -0.182609E+01   -0.182609E+01   -0.186595E+01
   -0.186595E+01   -0.189635E+01   -0.189635E+01   -0.189635E+01
   -0.189635E+01   -0.189635E+01   -0.189635E+01   -0.189635E+01
   -0.189635E+01   -0.189635E+01   -0.189635E+01   -0.189635E+01
   -0.189635E+01   -0.189635E+01   -0.189635E+01   -0.189635E+01
   -0.189635E+01   -0.189635E+01   -0.189635E+01   -0.189635E+01
   -0.189635E+01   -0.189635E+01   -0.234371E+00   -0.250851E+00
   -0.267331E+00   -0.282479E+00   -0.297628E+00   -0.312776E+00
   -0.327924E+00   -0.343072E+00   -0.356454E+00   -0.369885E+00
   -0.383427E+00   -0.396968E+00   -0.414599E+00   -0.426763E+00
   -0.438925E+00   -0.451087E+00   -0.463009E+00   -0.474215E+00
   -0.488897E+00   -0.498243E+00   -0.505765E+00   -0.513756E+00
   -0.523158E+00   -0.532560E+00   -0.542317E+00   -0.550895E+00
   -0.558699E+00   -0.567289E+00   -0.576102E+00   -0.584542E+00
   -0.588495E+00   -0.594447E+00   -0.600690E+00   -0.607517E+00
   -0.615534E+00   -0.620831E+00   -0.625964E+00   -0.631721E+00
   -0.637479E+00   -0.642686E+00   -0.642686E+00   -0.639684E+00
   -0.645488E+00   -0.651246E+00   -0.657131E+00   -0.663655E+00
   -0.668110E+00   -0.668110E+00   -0.668110E+00   -0.737610E+00
   -0.737610E+00   -0.748525E+00   -0.748525E+00   -0.757937E+00
   -0.757194E+00   -0.767687E+00   -0.781918E+00   -0.796255E+00
   -0.810961E+00   -0.824794E+00   -0.844682E+00   -0.858146E+00
   -0.875869E+00   -0.895372E+00   -0.910594E+00   -0.927775E+00
   -0.946235E+00   -0.960980E+00   -0.960980E+00   -0.949002E+00
   -0.949002E+00   -0.949002E+00   -0.949002E+00   -0.949002E+00
   -0.949002E+00   -0.949002E+00   -0.949002E+00   -0.949002E+00
   -0.949002E+00   -0.949002E+00   -0.949002E+00   -0.949002E+00
   -0.949002E+00   -0.949002E+00   -0.949002E+00   -0.178646E+01
   -0.178646E+01   -0.178646E+01   -0.178646E+01   -0.178646E+01
   -0.178646E+01   -0.178646E+01   -0.178646E+01   -0.178646E+01
   -0.178646E+01   -0.178646E+01   -0.178646E+01   -0.182609E+01
   -0.182609E+01   -0.186595E+01   -0.186595E+01   -0.189635E+01
   -0.189635E+01   -0.189635E+01   -0.189635E+01   -0.189635E+01
   -0.189635E+01   -0.189635E+01   -0.189635E+01   -0.189635E+01
   -0.189635E+01   -0.189635E+01   -0.189635E+01   -0.189635E+01
   -0.189635E+01   -0.189635E+01   -0.189635E+01   -0.189635E+01
   -0.189635E+01   -0.189635E+01   -0.189635E+01   -0.220948E+00
   -0.237316E+00   -0.253683E+00   -0.268731E+00   -0.283779E+00
   -0.298827E+00   -0.313874E+00   -0.328922E+00   -0.342370E+00
   -0.355912E+00   -0.369454E+00   -0.382995E+00   -0.397944E+00
   -0.411079E+00   -0.424213E+00   -0.437346E+00   -0.449998E+00
   -0.464118E+00   -0.476264E+00   -0.485214E+00   -0.491698E+00
   -0.498920E+00   -0.508356E+00   -0.517791E+00   -0.526607E+00
   -0.535217E+00   -0.544024E+00   -0.553419E+00   -0.560906E+00
   -0.567331E+00   -0.574182E+00   -0.580520E+00   -0.586925E+00
   -0.593378E+00   -0.599659E+00   -0.605675E+00   -0.611337E+00
   -0.616949E+00   -0.622561E+00   -0.628186E+00   -0.633898E+00
   -0.639684E+00   -0.645488E+00   -0.651246E+00   -0.657131E+00
   -0.663655E+00   -0.668110E+00   -0.668110E+00   -0.664540E+00
   -0.664540E+00   -0.748525E+00   -0.748525E+00   -0.748525E+00
   -0.757194E+00   -0.757194E+00   -0.755426E+00   -0.767147E+00
   -0.780665E+00   -0.794109E+00   -0.806022E+00   -0.821813E+00
   -0.837770E+00   -0.854263E+00   -0.867895E+00   -0.886062E+00
   -0.902496E+00   -0.917123E+00   -0.935391E+00   -0.949002E+00
   -0.949002E+00   -0.949002E+00   -0.949002E+00   -0.949002E+00
   -0.949002E+00   -0.949002E+00   -0.949002E+00   -0.949002E+00
   -0.949002E+00   -0.949002E+00   -0.949002E+00   -0.949002E+00
   -0.949002E+00   -0.949002E+00   -0.949002E+00   -0.949002E+00
   -0.949002E+00   -0.949002E+00   -0.178646E+01   -0.178646E+01
   -0.178646E+01   -0.178646E+01   -0.178646E+01   -0.178646E+01
   -0.178646E+01   -0.178646E+01   -0.178646E+01   -0.178646E+01
   -0.178646E+01   -0.182609E+01   -0.182609E+01   -0.186595E+01
   -0.186595E+01   -0.189635E+01   -0.189635E+01   -0.189635E+01
   -0.189635E+01   -0.189635E+01   -0.189635E+01   -0.189635E+01
   -0.189635E+01   -0.189635E+01   -0.189635E+01   -0.189635E+01
   -0.189635E+01   -0.189635E+01   -0.189635E+01   -0.189635E+01
   -0.189635E+01   -0.189635E+01   -0.189635E+01   -0.189635E+01
   -0.207095E+00   -0.223359E+00   -0.239622E+00   -0.254581E+00
   -0.269539E+00   -0.284497E+00   -0.299455E+00   -0.314413E+00
   -0.327930E+00   -0.341447E+00   -0.354963E+00   -0.368480E+00
   -0.381996E+00   -0.395640E+00   -0.409284E+00   -0.422927E+00
   -0.435339E+00   -0.449006E+00   -0.457589E+00   -0.467029E+00
   -0.476467E+00   -0.484000E+00   -0.493474E+00   -0.502948E+00
   -0.511826E+00   -0.520506E+00   -0.529365E+00   -0.537648E+00
   -0.545586E+00   -0.553392E+00   -0.561836E+00   -0.569567E+00
   -0.576052E+00   -0.581633E+00   -0.589810E+00   -0.594592E+00
   -0.601084E+00   -0.606820E+00   -0.611729E+00   -0.619018E+00
   -0.623564E+00   -0.630133E+00   -0.635208E+00   -0.639565E+00
   -0.645620E+00   -0.652252E+00   -0.658654E+00   -0.664540E+00
   -0.664540E+00   -0.660352E+00   -0.661700E+00   -0.661700E+00
   -0.757194E+00   -0.741552E+00   -0.741552E+00   -0.741552E+00
   -0.752424E+00   -0.764958E+00   -0.777119E+00   -0.790864E+00
   -0.802439E+00   -0.818672E+00   -0.831800E+00   -0.850781E+00
   -0.861551E+00   -0.875577E+00   -0.891216E+00   -0.905766E+00
   -0.920177E+00   -0.920177E+00   -0.920177E+00   -0.920177E+00
   -0.920177E+00   -0.920177E+00   -0.920177E+00   -0.920177E+00
   -0.920177E+00   -0.920177E+00   -0.920177E+00   -0.920177E+00
   -0.920177E+00   -0.920177E+00   -0.920177E+00   -0.920177E+00
   -0.920177E+00   -0.920177E+00   -0.920177E+00   -0.920177E+00
   -0.178646E+01   -0.178646E+01   -0.178646E+01   -0.178646E+01
   -0.178646E+01   -0.178646E+01   -0.178646E+01   -0.178646E+01
   -0.178646E+01   -0.178646E+01   -0.178646E+01   -0.182609E+01
   -0.182609E+01   -0.186595E+01   -0.186595E+01   -0.189635E+01
   -0.189635E+01   -0.189635E+01   -0.189635E+01   -0.189635E+01
   -0.189635E+01   -0.189635E+01   -0.189635E+01   -0.189635E+01
   -0.189635E+01   -0.189635E+01   -0.189635E+01   -0.189635E+01
   -0.189635E+01   -0.189635E+01   -0.189635E+01   -0.189635E+01
   -0.189635E+01   -0.192767E+00   -0.208936E+00   -0.225105E+00
   -0.239986E+00   -0.254867E+00   -0.269747E+00   -0.284628E+00
   -0.299509E+00   -0.312973E+00   -0.326437E+00   -0.339900E+00
   -0.353364E+00   -0.366827E+00   -0.380471E+00   -0.394115E+00
   -0.406616E+00   -0.418508E+00   -0.430378E+00   -0.440288E+00
   -0.450198E+00   -0.460107E+00   -0.469912E+00   -0.479406E+00
   -0.489413E+00   -0.498478E+00   -0.506346E+00   -0.514246E+00
   -0.522238E+00   -0.530231E+00   -0.539194E+00   -0.547896E+00
   -0.551393E+00   -0.558125E+00   -0.564831E+00   -0.571262E+00
   -0.577601E+00   -0.584016E+00   -0.590017E+00   -0.595990E+00
   -0.602339E+00   -0.608997E+00   -0.615467E+00   -0.621324E+00
   -0.627257E+00   -0.633430E+00   -0.640107E+00   -0.647284E+00
   -0.654064E+00   -0.660352E+00   -0.660352E+00   -0.661700E+00
   -0.661700E+00   -0.661700E+00   -0.727332E+00   -0.727332E+00
   -0.727332E+00   -0.737668E+00   -0.749285E+00   -0.760433E+00
   -0.773009E+00   -0.785873E+00   -0.799452E+00   -0.812915E+00
   -0.825352E+00   -0.840668E+00   -0.854394E+00   -0.870252E+00
   -0.882276E+00   -0.920177E+00   -0.920177E+00   -0.920177E+00
   -0.920177E+00   -0.920177E+00   -0.920177E+00   -0.920177E+00
   -0.920177E+00   -0.920177E+00   -0.920177E+00   -0.920177E+00
   -0.920177E+00   -0.920177E+00   -0.920177E+00   -0.920177E+00
   -0.920177E+00   -0.920177E+00   -0.920177E+00   -0.920177E+00
   -0.920177E+00   -0.920177E+00   -0.178646E+01   -0.178646E+01
   -0.178646E+01   -0.178646E+01   -0.178646E+01   -0.178646E+01
   -0.178646E+01   -0.178646E+01   -0.178646E+01   -0.178646E+01
   -0.178646E+01   -0.182609E+01   -0.182609E+01   -0.186595E+01
   -0.186595E+01   -0.189635E+01   -0.189635E+01   -0.189635E+01
   -0.189635E+01   -0.189635E+01   -0.189635E+01   -0.189635E+01
   -0.189635E+01   -0.189635E+01   -0.189635E+01   -0.189635E+01
   -0.189635E+01   -0.189635E+01   -0.189635E+01   -0.189635E+01
   -0.189635E+01   -0.189635E+01   -0.178438E+00   -0.194512E+00
   -0.210587E+00   -0.225391E+00   -0.240194E+00   -0.254998E+00
   -0.269801E+00   -0.284604E+00   -0.298015E+00   -0.311426E+00
   -0.324837E+00   -0.338248E+00   -0.351659E+00   -0.365302E+00
   -0.377891E+00   -0.389782E+00   -0.401673E+00   -0.413552E+00
   -0.424425E+00   -0.435297E+00   -0.446169E+00   -0.456697E+00
   -0.466214E+00   -0.478867E+00   -0.486630E+00   -0.492763E+00
   -0.499389E+00   -0.507493E+00   -0.515597E+00   -0.524088E+00
   -0.531651E+00   -0.537786E+00   -0.544752E+00   -0.551601E+00
   -0.558045E+00   -0.564657E+00   -0.571180E+00   -0.577436E+00
   -0.583565E+00   -0.589759E+00   -0.596026E+00   -0.602785E+00
   -0.609925E+00   -0.616676E+00   -0.624540E+00   -0.629738E+00
   -0.637830E+00   -0.644817E+00   -0.650373E+00   -0.657466E+00
   -0.661700E+00   -0.661700E+00   -0.657722E+00   -0.727332E+00
   -0.727332E+00   -0.727332E+00   -0.723138E+00   -0.733854E+00
   -0.745161E+00   -0.756122E+00   -0.768957E+00   -0.780694E+00
   -0.812915E+00   -0.825352E+00   -0.840668E+00   -0.833210E+00
   -0.843999E+00   -0.856420E+00   -0.856420E+00   -0.856420E+00
   -0.920177E+00   -0.920177E+00   -0.920177E+00   -0.920177E+00
   -0.920177E+00   -0.920177E+00   -0.920177E+00   -0.920177E+00
   -0.920177E+00   -0.920177E+00   -0.920177E+00   -0.920177E+00
   -0.920177E+00   -0.920177E+00   -0.920177E+00   -0.920177E+00
   -0.920177E+00   -0.920177E+00   -0.920177E+00   -0.920177E+00
   -0.920177E+00   -0.178646E+01   -0.178646E+01   -0.178646E+01
   -0.178646E+01   -0.178646E+01   -0.178646E+01   -0.178646E+01
   -0.178646E+01   -0.178646E+01   -0.178646E+01   -0.182609E+01
   -0.182609E+01   -0.186595E+01   -0.186595E+01   -0.189635E+01
   -0.189635E+01   -0.189635E+01   -0.189635E+01   -0.189635E+01
   -0.189635E+01   -0.189635E+01   -0.189635E+01   -0.189635E+01
   -0.189635E+01   -0.189635E+01   -0.189635E+01   -0.189635E+01
   -0.189635E+01   -0.189635E+01   -0.189635E+01   -0.164109E+00
   -0.180089E+00   -0.196069E+00   -0.210796E+00   -0.225522E+00
   -0.240248E+00   -0.254974E+00   -0.269700E+00   -0.283058E+00
   -0.296416E+00   -0.309774E+00   -0.323133E+00   -0.336490E+00
   -0.349166E+00   -0.361057E+00   -0.372948E+00   -0.384839E+00
   -0.396726E+00   -0.408561E+00   -0.420397E+00   -0.432232E+00
   -0.443482E+00   -0.455632E+00   -0.465022E+00   -0.473173E+00
   -0.478465E+00   -0.484488E+00   -0.492703E+00   -0.500918E+00
   -0.508695E+00   -0.516325E+00   -0.523810E+00   -0.530856E+00
   -0.537902E+00   -0.544685E+00   -0.551380E+00   -0.557986E+00
   -0.564330E+00   -0.570673E+00   -0.577014E+00   -0.583354E+00
   -0.590050E+00   -0.597815E+00   -0.603116E+00   -0.608204E+00
   -0.614954E+00   -0.621795E+00   -0.628967E+00   -0.636149E+00
   -0.644583E+00   -0.652271E+00   -0.657722E+00   -0.657722E+00
   -0.653585E+00   -0.707631E+00   -0.707631E+00   -0.707631E+00
   -0.718761E+00   -0.728419E+00   -0.738936E+00   -0.749916E+00
   -0.780694E+00   -0.780694E+00   -0.825352E+00   -0.833210E+00
   -0.833210E+00   -0.843999E+00   -0.856420E+00   -0.856420E+00
   -0.856420E+00   -0.856420E+00   -0.856420E+00   -0.920177E+00
   -0.920177E+00   -0.920177E+00   -0.920177E+00   -0.920177E+00
   -0.920177E+00   -0.920177E+00   -0.920177E+00   -0.920177E+00
   -0.920177E+00   -0.920177E+00   -0.920177E+00   -0.920177E+00
   -0.920177E+00   -0.920177E+00   -0.920177E+00   -0.920177E+00
   -0.920177E+00   -0.920177E+00   -0.920177E+00   -0.178646E+01
   -0.178646E+01   -0.178646E+01   -0.178646E+01   -0.178646E+01
   -0.178646E+01   -0.178646E+01   -0.178646E+01   -0.178646E+01
   -0.178646E+01   -0.182609E+01   -0.182609E+01   -0.186595E+01
   -0.186595E+01   -0.189635E+01   -0.189635E+01   -0.189635E+01
   -0.189635E+01   -0.189635E+01   -0.189635E+01   -0.189635E+01
   -0.189635E+01   -0.189635E+01   -0.189635E+01   -0.189635E+01
   -0.189635E+01   -0.189635E+01   -0.189635E+01   -0.189635E+01
   -0.150884E+00   -0.166325E+00   -0.181766E+00   -0.196456E+00
   -0.211145E+00   -0.225835E+00   -0.240524E+00   -0.257340E+00
   -0.270058E+00   -0.282776E+00   -0.295494E+00   -0.308212E+00
   -0.320929E+00   -0.332816E+00   -0.344702E+00   -0.356588E+00
   -0.368475E+00   -0.380361E+00   -0.392649E+00   -0.404938E+00
   -0.417226E+00   -0.428035E+00   -0.438653E+00   -0.446046E+00
   -0.454500E+00   -0.462955E+00   -0.469546E+00   -0.477871E+00
   -0.486197E+00   -0.494101E+00   -0.501864E+00   -0.509487E+00
   -0.516688E+00   -0.523889E+00   -0.530831E+00   -0.537688E+00
   -0.544458E+00   -0.550969E+00   -0.557480E+00   -0.563969E+00
   -0.570451E+00   -0.577253E+00   -0.583990E+00   -0.590494E+00
   -0.596286E+00   -0.603095E+00   -0.609940E+00   -0.617053E+00
   -0.624194E+00   -0.633305E+00   -0.643171E+00   -0.649015E+00
   -0.653585E+00   -0.653585E+00   -0.668690E+00   -0.692300E+00
   -0.692300E+00   -0.701839E+00   -0.711429E+00   -0.722249E+00
   -0.749916E+00   -0.749916E+00   -0.780694E+00   -0.780694E+00
   -0.833210E+00   -0.833210E+00   -0.843999E+00   -0.856420E+00
   -0.856420E+00   -0.856420E+00   -0.856420E+00   -0.856420E+00
   -0.856420E+00   -0.856420E+00   -0.920177E+00   -0.920177E+00
   -0.920177E+00   -0.920177E+00   -0.920177E+00   -0.920177E+00
   -0.920177E+00   -0.920177E+00   -0.920177E+00   -0.920177E+00
   -0.920177E+00   -0.920177E+00   -0.920177E+00   -0.920177E+00
   -0.920177E+00   -0.920177E+00   -0.920177E+00   -0.920177E+00
   -0.920177E+00   -0.920177E+00   -0.178646E+01   -0.178646E+01
   -0.178646E+01   -0.178646E+01   -0.178646E+01   -0.178646E+01
   -0.178646E+01   -0.178646E+01   -0.178646E+01   -0.182609E+01
   -0.182609E+01   -0.186595E+01   -0.186595E+01   -0.189635E+01
   -0.189635E+01   -0.189635E+01   -0.189635E+01   -0.189635E+01
   -0.189635E+01   -0.189635E+01   -0.189635E+01   -0.189635E+01
   -0.189635E+01   -0.189635E+01   -0.189635E+01   -0.189635E+01
   -0.189635E+01   -0.138640E+00   -0.153147E+00   -0.167653E+00
   -0.182343E+00   -0.197032E+00   -0.211722E+00   -0.227799E+00
   -0.247245E+00   -0.258800E+00   -0.270355E+00   -0.281909E+00
   -0.293464E+00   -0.305019E+00   -0.316896E+00   -0.328774E+00
   -0.340651E+00   -0.352529E+00   -0.364406E+00   -0.376694E+00
   -0.388983E+00   -0.400031E+00   -0.410556E+00   -0.419663E+00
   -0.428641E+00   -0.437618E+00   -0.446595E+00   -0.455422E+00
   -0.463798E+00   -0.472817E+00   -0.481209E+00   -0.488579E+00
   -0.495925E+00   -0.503197E+00   -0.511053E+00   -0.518472E+00
   -0.525007E+00   -0.531555E+00   -0.538143E+00   -0.545267E+00
   -0.552180E+00   -0.558348E+00   -0.564599E+00   -0.571104E+00
   -0.578099E+00   -0.585106E+00   -0.591497E+00   -0.598068E+00
   -0.605180E+00   -0.612725E+00   -0.621172E+00   -0.629975E+00
   -0.638743E+00   -0.644055E+00   -0.644055E+00   -0.668690E+00
   -0.668690E+00   -0.676571E+00   -0.686434E+00   -0.695521E+00
   -0.704777E+00   -0.704777E+00   -0.704777E+00   -0.749916E+00
   -0.780694E+00   -0.833210E+00   -0.833210E+00   -0.843999E+00
   -0.856420E+00   -0.856420E+00   -0.856420E+00   -0.856420E+00
   -0.856420E+00   -0.856420E+00   -0.856420E+00   -0.856420E+00
   -0.856420E+00   -0.920177E+00   -0.920177E+00   -0.920177E+00
   -0.920177E+00   -0.920177E+00   -0.920177E+00   -0.920177E+00
   -0.920177E+00   -0.920177E+00   -0.920177E+00   -0.920177E+00
   -0.920177E+00   -0.920177E+00   -0.920177E+00   -0.920177E+00
   -0.920177E+00   -0.920177E+00   -0.920177E+00   -0.920177E+00
   -0.178646E+01   -0.178646E+01   -0.178646E+01   -0.178646E+01
   -0.178646E+01   -0.178646E+01   -0.178646E+01   -0.178646E+01
   -0.178646E+01   -0.182609E+01   -0.182609E+01   -0.186595E+01
   -0.186595E+01   -0.189635E+01   -0.189635E+01   -0.189635E+01
   -0.189635E+01   -0.189635E+01   -0.189635E+01   -0.189635E+01
   -0.189635E+01   -0.189635E+01   -0.189635E+01   -0.189635E+01
   -0.189635E+01   -0.189635E+01   -0.126397E+00   -0.139969E+00
   -0.153541E+00   -0.168230E+00   -0.182919E+00   -0.198259E+00
   -0.217704E+00   -0.237149E+00   -0.247541E+00   -0.257933E+00
   -0.268325E+00   -0.278717E+00   -0.289108E+00   -0.300977E+00
   -0.312846E+00   -0.324714E+00   -0.336582E+00   -0.348451E+00
   -0.360739E+00   -0.371874E+00   -0.382400E+00   -0.392925E+00
   -0.402619E+00   -0.412558E+00   -0.422498E+00   -0.432438E+00
   -0.441987E+00   -0.450528E+00   -0.461984E+00   -0.469749E+00
   -0.476285E+00   -0.483004E+00   -0.490426E+00   -0.500499E+00
   -0.507372E+00   -0.513178E+00   -0.519180E+00   -0.525906E+00
   -0.535058E+00   -0.541449E+00   -0.546919E+00   -0.552647E+00
   -0.559277E+00   -0.568134E+00   -0.574564E+00   -0.580186E+00
   -0.586180E+00   -0.593404E+00   -0.602590E+00   -0.611036E+00
   -0.616630E+00   -0.621072E+00   -0.631778E+00   -0.636860E+00
   -0.641098E+00   -0.652858E+00   -0.660055E+00   -0.667348E+00
   -0.679354E+00   -0.704777E+00   -0.704777E+00   -0.704777E+00
   -0.704777E+00   -0.704777E+00   -0.833210E+00   -0.833210E+00
   -0.843999E+00   -0.856420E+00   -0.856420E+00   -0.856420E+00
   -0.856420E+00   -0.856420E+00   -0.856420E+00   -0.856420E+00
   -0.856420E+00   -0.856420E+00   -0.856420E+00   -0.856420E+00
   -0.920177E+00   -0.920177E+00   -0.920177E+00   -0.920177E+00
   -0.920177E+00   -0.920177E+00   -0.920177E+00   -0.920177E+00
   -0.920177E+00   -0.920177E+00   -0.920177E+00   -0.920177E+00
   -0.920177E+00   -0.920177E+00   -0.920177E+00   -0.920177E+00
   -0.920177E+00   -0.920177E+00   -0.920177E+00   -0.178646E+01
   -0.178646E+01   -0.178646E+01   -0.178646E+01   -0.178646E+01
   -0.178646E+01   -0.178646E+01   -0.178646E+01   -0.182609E+01
   -0.182609E+01   -0.186595E+01   -0.186595E+01   -0.189635E+01
   -0.189635E+01   -0.189635E+01   -0.189635E+01   -0.189635E+01
   -0.189635E+01   -0.189635E+01   -0.189635E+01   -0.189635E+01
   -0.189635E+01   -0.189635E+01   -0.189635E+01   -0.114154E+00
   -0.126791E+00   -0.139428E+00   -0.154117E+00   -0.168806E+00
   -0.188164E+00   -0.207609E+00   -0.227053E+00   -0.236282E+00
   -0.245511E+00   -0.254740E+00   -0.263969E+00   -0.273198E+00
   -0.285057E+00   -0.296917E+00   -0.308777E+00   -0.320636E+00
   -0.332496E+00   -0.343718E+00   -0.354243E+00   -0.364768E+00
   -0.375293E+00   -0.385574E+00   -0.396476E+00   -0.407379E+00
   -0.418281E+00   -0.428552E+00   -0.439695E+00   -0.451151E+00
   -0.458290E+00   -0.463990E+00   -0.470083E+00   -0.479871E+00
   -0.489944E+00   -0.496271E+00   -0.501350E+00   -0.506805E+00
   -0.515698E+00   -0.524850E+00   -0.530718E+00   -0.535490E+00
   -0.540695E+00   -0.549313E+00   -0.558169E+00   -0.564023E+00
   -0.568875E+00   -0.574293E+00   -0.582975E+00   -0.587988E+00
   -0.592252E+00   -0.597328E+00   -0.604281E+00   -0.611903E+00
   -0.619963E+00   -0.626744E+00   -0.633562E+00   -0.643862E+00
   -0.650435E+00   -0.660088E+00   -0.660088E+00   -0.660088E+00
   -0.704777E+00   -0.704777E+00   -0.704777E+00   -0.833210E+00
   -0.833210E+00   -0.843999E+00   -0.856420E+00   -0.856420E+00
   -0.856420E+00   -0.856420E+00   -0.856420E+00   -0.856420E+00
   -0.856420E+00   -0.856420E+00   -0.856420E+00   -0.856420E+00
   -0.856420E+00   -0.856420E+00   -0.856420E+00   -0.920177E+00
   -0.920177E+00   -0.920177E+00   -0.920177E+00   -0.920177E+00
   -0.920177E+00   -0.920177E+00   -0.920177E+00   -0.920177E+00
   -0.920177E+00   -0.920177E+00   -0.920177E+00   -0.920177E+00
   -0.920177E+00   -0.920177E+00   -0.920177E+00   -0.920177E+00
   -0.920177E+00   -0.178646E+01   -0.178646E+01   -0.178646E+01
   -0.178646E+01   -0.178646E+01   -0.178646E+01   -0.178646E+01
   -0.178646E+01   -0.182609E+01   -0.182609E+01   -0.186595E+01
   -0.186595E+01   -0.189635E+01   -0.189635E+01   -0.189635E+01
   -0.189635E+01   -0.189635E+01   -0.189635E+01   -0.189635E+01
   -0.189635E+01   -0.189635E+01   -0.189635E+01   -0.189635E+01
   -0.101911E+00   -0.113613E+00   -0.125315E+00   -0.140004E+00
   -0.158624E+00   -0.178069E+00   -0.197749E+00   -0.210875E+00
   -0.221791E+00   -0.230536E+00   -0.239281E+00   -0.248026E+00
   -0.256770E+00   -0.268620E+00   -0.280469E+00   -0.292318E+00
   -0.304167E+00   -0.316016E+00   -0.326551E+00   -0.337087E+00
   -0.347622E+00   -0.358158E+00   -0.368693E+00   -0.379996E+00
   -0.391298E+00   -0.402601E+00   -0.411847E+00   -0.412796E+00
   -0.420999E+00   -0.429174E+00   -0.437350E+00   -0.445525E+00
   -0.453700E+00   -0.461019E+00   -0.468337E+00   -0.475655E+00
   -0.482972E+00   -0.490318E+00   -0.497156E+00   -0.503981E+00
   -0.510806E+00   -0.517630E+00   -0.524455E+00   -0.532053E+00
   -0.541667E+00   -0.551280E+00   -0.558203E+00   -0.564343E+00
   -0.568438E+00   -0.575160E+00   -0.581883E+00   -0.588831E+00
   -0.596608E+00   -0.604580E+00   -0.612456E+00   -0.619818E+00
   -0.627163E+00   -0.650435E+00   -0.660088E+00   -0.660088E+00
   -0.660088E+00   -0.660088E+00   -0.660088E+00   -0.704777E+00
   -0.564408E+00   -0.833210E+00   -0.843999E+00   -0.856420E+00
   -0.856420E+00   -0.856420E+00   -0.856420E+00   -0.856420E+00
   -0.856420E+00   -0.856420E+00   -0.856420E+00   -0.856420E+00
   -0.856420E+00   -0.856420E+00   -0.856420E+00   -0.856420E+00
   -0.856420E+00   -0.856420E+00   -0.920177E+00   -0.920177E+00
   -0.920177E+00   -0.920177E+00   -0.920177E+00   -0.920177E+00
   -0.920177E+00   -0.920177E+00   -0.920177E+00   -0.920177E+00
   -0.920177E+00   -0.920177E+00   -0.920177E+00   -0.920177E+00
   -0.920177E+00   -0.920177E+00   -0.920177E+00   -0.920177E+00
   -0.178646E+01   -0.178646E+01   -0.178646E+01   -0.178646E+01
   -0.178646E+01   -0.178646E+01   -0.178646E+01   -0.182609E+01
   -0.182609E+01   -0.186595E+01   -0.186595E+01   -0.189635E+01
   -0.189635E+01   -0.189635E+01   -0.189635E+01   -0.189635E+01
   -0.189635E+01   -0.189635E+01   -0.189635E+01   -0.189635E+01
   -0.189635E+01   -0.896672E-01   -0.100435E+00   -0.111203E+00
   -0.129092E+00   -0.149028E+00   -0.168883E+00   -0.178686E+00
   -0.190364E+00   -0.202042E+00   -0.213719E+00   -0.222486E+00
   -0.231230E+00   -0.239975E+00   -0.251813E+00   -0.263650E+00
   -0.275487E+00   -0.287325E+00   -0.299162E+00   -0.309715E+00
   -0.320269E+00   -0.330822E+00   -0.341375E+00   -0.351928E+00
   -0.363230E+00   -0.374533E+00   -0.384422E+00   -0.393854E+00
   -0.396940E+00   -0.405324E+00   -0.413621E+00   -0.421796E+00
   -0.429971E+00   -0.438146E+00   -0.445465E+00   -0.452783E+00
   -0.460100E+00   -0.467540E+00   -0.475068E+00   -0.481994E+00
   -0.488877E+00   -0.495702E+00   -0.502526E+00   -0.509351E+00
   -0.516776E+00   -0.524200E+00   -0.531625E+00   -0.539042E+00
   -0.545639E+00   -0.552804E+00   -0.559969E+00   -0.567134E+00
   -0.574482E+00   -0.582382E+00   -0.590469E+00   -0.598059E+00
   -0.605548E+00   -0.627163E+00   -0.591558E+00   -0.591558E+00
   -0.577290E+00   -0.577290E+00   -0.577290E+00   -0.577290E+00
   -0.564408E+00   -0.564408E+00   -0.551088E+00   -0.551088E+00
   -0.856420E+00   -0.856420E+00   -0.856420E+00   -0.856420E+00
   -0.856420E+00   -0.856420E+00   -0.856420E+00   -0.856420E+00
   -0.856420E+00   -0.856420E+00   -0.856420E+00   -0.856420E+00
   -0.856420E+00   -0.856420E+00   -0.856420E+00   -0.856420E+00
   -0.856420E+00   -0.920177E+00   -0.920177E+00   -0.920177E+00
   -0.920177E+00   -0.920177E+00   -0.920177E+00   -0.920177E+00
   -0.920177E+00   -0.920177E+00   -0.920177E+00   -0.316224E+00
   -0.316224E+00   -0.316224E+00   -0.233439E+00   -0.233439E+00
   -0.233439E+00   -0.233439E+00   -0.233439E+00   -0.116989E+00
   -0.116989E+00   -0.116989E+00   -0.116989E+00   -0.116989E+00
   -0.116989E+00   -0.116989E+00   -0.182609E+01   -0.186595E+01
   -0.186595E+01   -0.189635E+01   -0.189635E+01   -0.189635E+01
   -0.189635E+01   -0.189635E+01   -0.189635E+01   -0.189635E+01
   -0.189635E+01   -0.189635E+01   -0.537568E-01   -0.755738E-01
   -0.973907E-01   -0.119208E+00   -0.137384E+00   -0.147180E+00
   -0.158175E+00   -0.169853E+00   -0.181530E+00   -0.193208E+00
   -0.204885E+00   -0.214435E+00   -0.223180E+00   -0.235005E+00
   -0.246831E+00   -0.258657E+00   -0.270482E+00   -0.282307E+00
   -0.292879E+00   -0.303450E+00   -0.314021E+00   -0.324592E+00
   -0.335163E+00   -0.346465E+00   -0.356447E+00   -0.365879E+00
   -0.375311E+00   -0.381084E+00   -0.389468E+00   -0.397852E+00
   -0.406236E+00   -0.414417E+00   -0.422592E+00   -0.429911E+00
   -0.437234E+00   -0.444762E+00   -0.452291E+00   -0.459818E+00
   -0.466744E+00   -0.473669E+00   -0.480595E+00   -0.487422E+00
   -0.494246E+00   -0.501671E+00   -0.509096E+00   -0.515942E+00
   -0.522539E+00   -0.529137E+00   -0.537042E+00   -0.544948E+00
   -0.552853E+00   -0.560757E+00   -0.568736E+00   -0.577247E+00
   -0.584496E+00   -0.587683E+00   -0.590384E+00   -0.591558E+00
   -0.591558E+00   -0.577290E+00   -0.577290E+00   -0.577290E+00
   -0.564408E+00   -0.564408E+00   -0.551088E+00   -0.551088E+00
   -0.538350E+00   -0.506537E+00   -0.506537E+00   -0.506537E+00
   -0.506537E+00   -0.506537E+00   -0.506537E+00   -0.487021E+00
   -0.856420E+00   -0.856420E+00   -0.856420E+00   -0.856420E+00
   -0.856420E+00   -0.856420E+00   -0.856420E+00   -0.856420E+00
   -0.856420E+00   -0.392664E+00   -0.392664E+00   -0.392664E+00
   -0.392664E+00   -0.392664E+00   -0.392664E+00   -0.316224E+00
   -0.316224E+00   -0.316224E+00   -0.316224E+00   -0.316224E+00
   -0.316224E+00   -0.316224E+00   -0.233439E+00   -0.233439E+00
   -0.233439E+00   -0.233439E+00   -0.116989E+00   -0.116989E+00
   -0.116989E+00   -0.116989E+00   -0.116989E+00   -0.116989E+00
   -0.116989E+00   -0.116989E+00   -0.116989E+00   -0.116989E+00
   -0.116989E+00   -0.274586E-01   -0.274586E-01   -0.274586E-01
   -0.274586E-01   -0.274586E-01   -0.274586E-01   -0.274586E-01
    0.350840E-01    0.350840E-01    0.350840E-01   -0.339778E-01
   -0.537287E-01   -0.734795E-01   -0.932300E-01   -0.112980E+00
   -0.125986E+00   -0.137664E+00   -0.149342E+00   -0.161019E+00
   -0.172696E+00   -0.184373E+00   -0.196050E+00   -0.206384E+00
   -0.218198E+00   -0.230012E+00   -0.241826E+00   -0.253640E+00
   -0.265453E+00   -0.276043E+00   -0.286632E+00   -0.297221E+00
   -0.307809E+00   -0.318398E+00   -0.328472E+00   -0.337904E+00
   -0.347336E+00   -0.356767E+00   -0.365228E+00   -0.373612E+00
   -0.381996E+00   -0.390380E+00   -0.398764E+00   -0.407039E+00
   -0.414457E+00   -0.421985E+00   -0.429513E+00   -0.437041E+00
   -0.444569E+00   -0.451494E+00   -0.458420E+00   -0.465345E+00
   -0.472270E+00   -0.479142E+00   -0.486245E+00   -0.492842E+00
   -0.499440E+00   -0.506037E+00   -0.512635E+00   -0.521281E+00
   -0.529927E+00   -0.538573E+00   -0.547033E+00   -0.554862E+00
   -0.558262E+00   -0.564657E+00   -0.567979E+00   -0.571047E+00
   -0.573757E+00   -0.576466E+00   -0.577290E+00   -0.577290E+00
   -0.564408E+00   -0.564408E+00   -0.551088E+00   -0.551088E+00
   -0.538350E+00   -0.538350E+00   -0.506537E+00   -0.506537E+00
   -0.506537E+00   -0.506537E+00   -0.506537E+00   -0.487021E+00
   -0.487021E+00   -0.464741E+00   -0.464741E+00   -0.464741E+00
   -0.464741E+00   -0.464741E+00   -0.464741E+00   -0.464741E+00
   -0.392664E+00   -0.392664E+00   -0.392664E+00   -0.392664E+00
   -0.392664E+00   -0.392664E+00   -0.392664E+00   -0.316224E+00
   -0.316224E+00   -0.316224E+00   -0.316224E+00   -0.316224E+00
   -0.316224E+00   -0.233439E+00   -0.233439E+00   -0.233439E+00
   -0.233439E+00   -0.233439E+00   -0.116989E+00   -0.116989E+00
   -0.116989E+00   -0.116989E+00   -0.116989E+00   -0.116989E+00
   -0.116989E+00   -0.116989E+00   -0.116989E+00   -0.116989E+00
   -0.116989E+00   -0.274586E-01   -0.274586E-01   -0.274586E-01
   -0.274586E-01   -0.274586E-01   -0.274586E-01    0.350840E-01
    0.350840E-01    0.350840E-01    0.350840E-01    0.350840E-01
   -0.199548E-01   -0.397058E-01   -0.594568E-01   -0.790849E-01
   -0.945561E-01   -0.106266E+00   -0.118275E+00   -0.130284E+00
   -0.142293E+00   -0.154302E+00   -0.166310E+00   -0.178319E+00
   -0.190327E+00   -0.202137E+00   -0.213947E+00   -0.225756E+00
   -0.237565E+00   -0.251411E+00   -0.261624E+00   -0.271838E+00
   -0.282051E+00   -0.292264E+00   -0.302477E+00   -0.311909E+00
   -0.321340E+00   -0.330772E+00   -0.340203E+00   -0.351375E+00
   -0.359464E+00   -0.367553E+00   -0.375642E+00   -0.383731E+00
   -0.391819E+00   -0.399347E+00   -0.406875E+00   -0.414403E+00
   -0.421931E+00   -0.430860E+00   -0.437532E+00   -0.444203E+00
   -0.450875E+00   -0.457547E+00   -0.464218E+00   -0.470816E+00
   -0.477413E+00   -0.484011E+00   -0.490608E+00   -0.498127E+00
   -0.507041E+00   -0.515954E+00   -0.524868E+00   -0.527924E+00
   -0.530288E+00   -0.534975E+00   -0.541370E+00   -0.547765E+00
   -0.552440E+00   -0.557607E+00   -0.562774E+00   -0.564212E+00
   -0.564408E+00   -0.564408E+00   -0.551088E+00   -0.551088E+00
   -0.538350E+00   -0.538350E+00   -0.506537E+00   -0.506537E+00
   -0.506537E+00   -0.506537E+00   -0.506537E+00   -0.487021E+00
   -0.487021E+00   -0.464741E+00   -0.464741E+00   -0.464741E+00
   -0.464741E+00   -0.464741E+00   -0.464741E+00   -0.464741E+00
   -0.392664E+00   -0.392664E+00   -0.392664E+00   -0.392664E+00
   -0.392664E+00   -0.392664E+00   -0.316224E+00   -0.316224E+00
   -0.316224E+00   -0.316224E+00   -0.316224E+00   -0.316224E+00
   -0.316224E+00   -0.233439E+00   -0.233439E+00   -0.233439E+00
   -0.233439E+00   -0.233439E+00   -0.116989E+00   -0.116989E+00
   -0.116989E+00   -0.116989E+00   -0.116989E+00   -0.116989E+00
   -0.116989E+00   -0.116989E+00   -0.116989E+00   -0.116989E+00
   -0.274586E-01   -0.274586E-01   -0.274586E-01   -0.274586E-01
   -0.274586E-01   -0.274586E-01   -0.274586E-01    0.350840E-01
    0.350840E-01    0.350840E-01    0.350840E-01    0.350840E-01
    0.350840E-01   -0.138443E-01   -0.329205E-01   -0.516393E-01
   -0.636124E-01   -0.750226E-01   -0.869917E-01   -0.995202E-01
   -0.112048E+00   -0.124577E+00   -0.137104E+00   -0.149632E+00
   -0.162160E+00   -0.174688E+00   -0.186497E+00   -0.198307E+00
   -0.210116E+00   -0.223376E+00   -0.238958E+00   -0.248573E+00
   -0.258188E+00   -0.267803E+00   -0.277418E+00   -0.287032E+00
   -0.296464E+00   -0.305896E+00   -0.315327E+00   -0.325999E+00
   -0.338654E+00   -0.346281E+00   -0.353908E+00   -0.361535E+00
   -0.369162E+00   -0.376789E+00   -0.384317E+00   -0.391845E+00
   -0.399373E+00   -0.407899E+00   -0.418022E+00   -0.424297E+00
   -0.430572E+00   -0.436847E+00   -0.443122E+00   -0.449396E+00
   -0.455994E+00   -0.462591E+00   -0.469189E+00   -0.476442E+00
   -0.484747E+00   -0.493661E+00   -0.502574E+00   -0.506112E+00
   -0.508369E+00   -0.508291E+00   -0.515163E+00   -0.522036E+00
   -0.528908E+00   -0.535568E+00   -0.541588E+00   -0.547676E+00
   -0.549679E+00   -0.550268E+00   -0.551088E+00   -0.551088E+00
   -0.538350E+00   -0.538350E+00   -0.522068E+00   -0.506537E+00
   -0.506537E+00   -0.506537E+00   -0.506537E+00   -0.487021E+00
   -0.487021E+00   -0.464741E+00   -0.464741E+00   -0.464741E+00
   -0.464741E+00   -0.464741E+00   -0.464741E+00   -0.392664E+00
   -0.392664E+00   -0.392664E+00   -0.392664E+00   -0.392664E+00
   -0.392664E+00   -0.392664E+00   -0.316224E+00   -0.316224E+00
   -0.316224E+00   -0.316224E+00   -0.316224E+00   -0.316224E+00
   -0.233439E+00   -0.233439E+00   -0.233439E+00   -0.233439E+00
   -0.233439E+00   -0.116989E+00   -0.116989E+00   -0.116989E+00
   -0.116989E+00   -0.116989E+00   -0.116989E+00   -0.116989E+00
   -0.116989E+00   -0.116989E+00   -0.116989E+00   -0.116989E+00
   -0.274586E-01   -0.274586E-01   -0.274586E-01   -0.274586E-01
   -0.274586E-01   -0.274586E-01    0.350840E-01    0.350840E-01
    0.350840E-01    0.350840E-01    0.350840E-01    0.350840E-01
    0.350840E-01    0.740676E-01   -0.547551E-02   -0.212584E-01
   -0.326688E-01   -0.440791E-01   -0.554892E-01   -0.677178E-01
   -0.807654E-01   -0.938128E-01   -0.106860E+00   -0.119907E+00
   -0.132954E+00   -0.146001E+00   -0.159048E+00   -0.170857E+00
   -0.182666E+00   -0.195342E+00   -0.210923E+00   -0.226505E+00
   -0.235522E+00   -0.244539E+00   -0.253555E+00   -0.262572E+00
   -0.271588E+00   -0.281020E+00   -0.290451E+00   -0.300623E+00
   -0.313278E+00   -0.325933E+00   -0.333098E+00   -0.340263E+00
   -0.347429E+00   -0.354594E+00   -0.361758E+00   -0.369286E+00
   -0.376814E+00   -0.384938E+00   -0.395061E+00   -0.405183E+00
   -0.411062E+00   -0.416940E+00   -0.422818E+00   -0.428696E+00
   -0.434574E+00   -0.441172E+00   -0.447769E+00   -0.454758E+00
   -0.463063E+00   -0.471367E+00   -0.480281E+00   -0.484147E+00
   -0.486404E+00   -0.488662E+00   -0.489597E+00   -0.497201E+00
   -0.504805E+00   -0.512410E+00   -0.519618E+00   -0.525672E+00
   -0.531914E+00   -0.534370E+00   -0.535563E+00   -0.536836E+00
   -0.538350E+00   -0.538350E+00   -0.522068E+00   -0.506537E+00
   -0.506537E+00   -0.506537E+00   -0.506537E+00   -0.487021E+00
   -0.487021E+00   -0.464741E+00   -0.464741E+00   -0.464741E+00
   -0.464741E+00   -0.464741E+00   -0.464741E+00   -0.392664E+00
   -0.392664E+00   -0.392664E+00   -0.392664E+00   -0.392664E+00
   -0.392664E+00   -0.316224E+00   -0.316224E+00   -0.316224E+00
   -0.316224E+00   -0.316224E+00   -0.316224E+00   -0.316224E+00
   -0.233439E+00   -0.233439E+00   -0.233439E+00   -0.233439E+00
   -0.233439E+00   -0.116989E+00   -0.116989E+00   -0.116989E+00
   -0.116989E+00   -0.116989E+00   -0.116989E+00   -0.116989E+00
   -0.116989E+00   -0.116989E+00   -0.116989E+00   -0.274586E-01
   -0.274586E-01   -0.274586E-01   -0.274586E-01   -0.274586E-01
   -0.274586E-01   -0.274586E-01    0.350840E-01    0.350840E-01
    0.350840E-01    0.350840E-01    0.350840E-01    0.350840E-01
    0.740676E-01    0.740676E-01    0.740676E-01    0.968504E-02
   -0.172540E-02   -0.131357E-01   -0.245458E-01   -0.359557E-01
   -0.484438E-01   -0.620106E-01   -0.755772E-01   -0.891437E-01
   -0.102710E+00   -0.116276E+00   -0.129842E+00   -0.143408E+00
   -0.155217E+00   -0.167308E+00   -0.182889E+00   -0.198471E+00
   -0.214052E+00   -0.222471E+00   -0.230889E+00   -0.239307E+00
   -0.247726E+00   -0.256144E+00   -0.265575E+00   -0.275247E+00
   -0.287902E+00   -0.300557E+00   -0.313212E+00   -0.319915E+00
   -0.326619E+00   -0.333322E+00   -0.340025E+00   -0.346728E+00
   -0.354256E+00   -0.361977E+00   -0.372100E+00   -0.382223E+00
   -0.392345E+00   -0.397827E+00   -0.403308E+00   -0.408790E+00
   -0.414271E+00   -0.419752E+00   -0.426350E+00   -0.433074E+00
   -0.441379E+00   -0.449683E+00   -0.457987E+00   -0.462182E+00
   -0.464440E+00   -0.466697E+00   -0.468955E+00   -0.470902E+00
   -0.479238E+00   -0.487575E+00   -0.495912E+00   -0.503669E+00
   -0.508505E+00   -0.508550E+00   -0.513906E+00   -0.515737E+00
   -0.517155E+00   -0.518669E+00   -0.522068E+00   -0.522068E+00
   -0.506537E+00   -0.506537E+00   -0.506537E+00   -0.487021E+00
   -0.487021E+00   -0.464741E+00   -0.464741E+00   -0.464741E+00
   -0.464741E+00   -0.464741E+00   -0.392664E+00   -0.392664E+00
   -0.392664E+00   -0.392664E+00   -0.392664E+00   -0.392664E+00
   -0.392664E+00   -0.316224E+00   -0.316224E+00   -0.316224E+00
   -0.316224E+00   -0.316224E+00   -0.316224E+00   -0.233439E+00
   -0.233439E+00   -0.233439E+00   -0.233439E+00   -0.233439E+00
   -0.233439E+00   -0.116989E+00   -0.116989E+00   -0.116989E+00
   -0.116989E+00   -0.116989E+00   -0.116989E+00   -0.116989E+00
   -0.116989E+00   -0.116989E+00   -0.116989E+00   -0.274586E-01
   -0.274586E-01   -0.274586E-01   -0.274586E-01   -0.274586E-01
   -0.274586E-01    0.350840E-01    0.350840E-01    0.350840E-01
    0.350840E-01    0.350840E-01    0.350840E-01    0.350840E-01
    0.740676E-01    0.740676E-01    0.740676E-01    0.740676E-01
    0.292179E-01    0.178076E-01    0.639748E-02   -0.501247E-02
   -0.164223E-01   -0.291700E-01   -0.432559E-01   -0.573417E-01
   -0.714272E-01   -0.855127E-01   -0.995980E-01   -0.113683E+00
   -0.127768E+00   -0.139577E+00   -0.154856E+00   -0.170437E+00
   -0.186018E+00   -0.201599E+00   -0.209420E+00   -0.217240E+00
   -0.225060E+00   -0.232880E+00   -0.240699E+00   -0.250131E+00
   -0.262526E+00   -0.275181E+00   -0.287836E+00   -0.300491E+00
   -0.306732E+00   -0.312974E+00   -0.319215E+00   -0.325457E+00
   -0.331698E+00   -0.339225E+00   -0.349140E+00   -0.359262E+00
   -0.369385E+00   -0.379507E+00   -0.384592E+00   -0.389677E+00
   -0.394761E+00   -0.399846E+00   -0.404930E+00   -0.411527E+00
   -0.419695E+00   -0.427999E+00   -0.434420E+00   -0.436398E+00
   -0.441822E+00   -0.444080E+00   -0.446338E+00   -0.448595E+00
   -0.450852E+00   -0.459413E+00   -0.467974E+00   -0.476534E+00
   -0.482895E+00   -0.477863E+00   -0.481283E+00   -0.486640E+00
   -0.491996E+00   -0.494921E+00   -0.498516E+00   -0.502353E+00
   -0.509481E+00   -0.506537E+00   -0.506537E+00   -0.487021E+00
   -0.487021E+00   -0.464741E+00   -0.464741E+00   -0.464741E+00
   -0.464741E+00   -0.464741E+00   -0.392664E+00   -0.392664E+00
   -0.392664E+00   -0.392664E+00   -0.392664E+00   -0.392664E+00
   -0.316224E+00   -0.316224E+00   -0.316224E+00   -0.316224E+00
   -0.316224E+00   -0.316224E+00   -0.316224E+00   -0.233439E+00
   -0.233439E+00   -0.233439E+00   -0.233439E+00   -0.233439E+00
   -0.116989E+00   -0.116989E+00   -0.116989E+00   -0.116989E+00
   -0.116989E+00   -0.116989E+00   -0.116989E+00   -0.116989E+00
   -0.116989E+00   -0.116989E+00   -0.274586E-01   -0.274586E-01
   -0.274586E-01   -0.274586E-01   -0.274586E-01   -0.274586E-01
   -0.274586E-01    0.350840E-01    0.350840E-01    0.350840E-01
    0.350840E-01    0.350840E-01    0.350840E-01    0.740676E-01
    0.740676E-01    0.740676E-01    0.740676E-01    0.740676E-01
    0.740676E-01    0.487507E-01    0.373406E-01    0.259306E-01
    0.145208E-01    0.311120E-02   -0.989613E-02   -0.245012E-01
   -0.391061E-01   -0.537109E-01   -0.683154E-01   -0.829199E-01
   -0.975242E-01   -0.112128E+00   -0.126822E+00   -0.142403E+00
   -0.157985E+00   -0.173566E+00   -0.189146E+00   -0.196368E+00
   -0.203590E+00   -0.210812E+00   -0.218034E+00   -0.225255E+00
   -0.237151E+00   -0.249806E+00   -0.262461E+00   -0.275115E+00
   -0.287770E+00   -0.293549E+00   -0.299329E+00   -0.305109E+00
   -0.310888E+00   -0.316667E+00   -0.326179E+00   -0.336302E+00
   -0.346424E+00   -0.356547E+00   -0.366669E+00   -0.371357E+00
   -0.376045E+00   -0.380733E+00   -0.385421E+00   -0.390108E+00
   -0.397281E+00   -0.403104E+00   -0.407634E+00   -0.405331E+00
   -0.411189E+00   -0.417046E+00   -0.422904E+00   -0.425691E+00
   -0.427948E+00   -0.430205E+00   -0.438766E+00   -0.447326E+00
   -0.452319E+00   -0.456733E+00   -0.457505E+00   -0.461336E+00
   -0.465168E+00   -0.469000E+00   -0.472814E+00   -0.476576E+00
   -0.481015E+00   -0.483330E+00   -0.486997E+00   -0.487021E+00
   -0.487021E+00   -0.464741E+00   -0.464741E+00   -0.464741E+00
   -0.464741E+00   -0.419029E+00   -0.392664E+00   -0.392664E+00
   -0.392664E+00   -0.392664E+00   -0.392664E+00   -0.392664E+00
   -0.316224E+00   -0.316224E+00   -0.316224E+00   -0.316224E+00
   -0.316224E+00   -0.316224E+00   -0.233439E+00   -0.233439E+00
   -0.233439E+00   -0.233439E+00   -0.233439E+00   -0.233439E+00
   -0.116989E+00   -0.116989E+00   -0.116989E+00   -0.116989E+00
   -0.116989E+00   -0.116989E+00   -0.116989E+00   -0.116989E+00
   -0.116989E+00   -0.116989E+00   -0.274586E-01   -0.274586E-01
   -0.274586E-01   -0.274586E-01   -0.274586E-01   -0.274586E-01
    0.350840E-01    0.350840E-01    0.350840E-01    0.350840E-01
    0.350840E-01    0.350840E-01    0.350840E-01    0.740676E-01
    0.740676E-01    0.740676E-01    0.740676E-01    0.740676E-01
    0.740676E-01    0.718743E-01    0.626717E-01    0.512617E-01
    0.398518E-01    0.284420E-01    0.170323E-01    0.395279E-02
   -0.107965E-01   -0.255458E-01   -0.402949E-01   -0.550440E-01
   -0.697929E-01   -0.845417E-01   -0.938694E-01   -0.980128E-01
   -0.103443E+00   -0.119023E+00   -0.130411E+00   -0.140939E+00
   -0.151466E+00   -0.161992E+00   -0.172518E+00   -0.183043E+00
   -0.193568E+00   -0.202317E+00   -0.210326E+00   -0.222980E+00
   -0.232175E+00   -0.240660E+00   -0.249145E+00   -0.257629E+00
   -0.266112E+00   -0.274595E+00   -0.283077E+00   -0.290110E+00
   -0.296523E+00   -0.306645E+00   -0.316752E+00   -0.326855E+00
   -0.336958E+00   -0.347060E+00   -0.355747E+00   -0.360324E+00
   -0.364901E+00   -0.370333E+00   -0.379792E+00   -0.376843E+00
   -0.380121E+00   -0.385979E+00   -0.391837E+00   -0.397694E+00
   -0.403551E+00   -0.407301E+00   -0.409558E+00   -0.418118E+00
   -0.423316E+00   -0.427730E+00   -0.432144E+00   -0.442734E+00
   -0.444411E+00   -0.446089E+00   -0.447767E+00   -0.449965E+00
   -0.453184E+00   -0.457537E+00   -0.462999E+00   -0.463243E+00
   -0.465086E+00   -0.464741E+00   -0.464741E+00   -0.464741E+00
   -0.419029E+00   -0.419029E+00   -0.392664E+00   -0.392664E+00
   -0.392664E+00   -0.392664E+00   -0.392664E+00   -0.316224E+00
   -0.316224E+00   -0.316224E+00   -0.316224E+00   -0.316224E+00
   -0.316224E+00   -0.316224E+00   -0.233439E+00   -0.233439E+00
   -0.233439E+00   -0.233439E+00   -0.233439E+00   -0.233439E+00
   -0.116989E+00   -0.116989E+00   -0.116989E+00   -0.116989E+00
   -0.116989E+00   -0.116989E+00   -0.116989E+00   -0.116989E+00
   -0.116989E+00   -0.274586E-01   -0.274586E-01   -0.274586E-01
   -0.274586E-01   -0.274586E-01   -0.274586E-01   -0.274586E-01
    0.350840E-01    0.350840E-01    0.350840E-01    0.350840E-01
    0.350840E-01    0.350840E-01    0.740676E-01    0.740676E-01
    0.740676E-01    0.740676E-01    0.740676E-01    0.740676E-01
    0.740676E-01    0.718743E-01    0.718743E-01    0.744262E-01
    0.630164E-01    0.516067E-01    0.401970E-01    0.287875E-01
    0.157081E-01    0.959010E-03   -0.137900E-01   -0.285390E-01
   -0.432878E-01   -0.580365E-01   -0.677546E-01   -0.745986E-01
   -0.798514E-01   -0.831939E-01   -0.901294E-01   -0.100656E+00
   -0.111182E+00   -0.121708E+00   -0.132234E+00   -0.142759E+00
   -0.153285E+00   -0.163810E+00   -0.174335E+00   -0.184345E+00
   -0.193394E+00   -0.201878E+00   -0.210362E+00   -0.218845E+00
   -0.227329E+00   -0.235812E+00   -0.244295E+00   -0.252778E+00
   -0.261261E+00   -0.269605E+00   -0.276874E+00   -0.287583E+00
   -0.294151E+00   -0.300720E+00   -0.307288E+00   -0.313857E+00
   -0.320425E+00   -0.327144E+00   -0.337244E+00   -0.344841E+00
   -0.349053E+00   -0.354911E+00   -0.360769E+00   -0.366627E+00
   -0.372484E+00   -0.378341E+00   -0.384198E+00   -0.388911E+00
   -0.394313E+00   -0.398727E+00   -0.403141E+00   -0.407554E+00
   -0.416914E+00   -0.421522E+00   -0.424024E+00   -0.425131E+00
   -0.426761E+00   -0.429955E+00   -0.433877E+00   -0.435633E+00
   -0.438694E+00   -0.440634E+00   -0.442091E+00   -0.442091E+00
   -0.419029E+00   -0.419029E+00   -0.392664E+00   -0.392664E+00
   -0.392664E+00   -0.392664E+00   -0.392664E+00   -0.316224E+00
   -0.316224E+00   -0.316224E+00   -0.316224E+00   -0.316224E+00
   -0.316224E+00   -0.233439E+00   -0.233439E+00   -0.233439E+00
   -0.233439E+00   -0.233439E+00   -0.233439E+00   -0.116989E+00
   -0.116989E+00   -0.116989E+00   -0.116989E+00   -0.116989E+00
   -0.116989E+00   -0.116989E+00   -0.116989E+00   -0.116989E+00
   -0.116989E+00   -0.274586E-01   -0.274586E-01   -0.274586E-01
   -0.274586E-01   -0.274586E-01   -0.274586E-01    0.350840E-01
    0.350840E-01    0.350840E-01    0.350840E-01    0.350840E-01
    0.350840E-01    0.350840E-01    0.740676E-01    0.740676E-01
    0.740676E-01    0.740676E-01    0.740676E-01    0.740676E-01
    0.718743E-01    0.718743E-01    0.718743E-01    0.718743E-01
    0.861808E-01    0.747711E-01    0.633615E-01    0.519520E-01
    0.405427E-01    0.274635E-01    0.127146E-01   -0.203427E-02
   -0.167830E-01   -0.315316E-01   -0.416398E-01   -0.484839E-01
   -0.553278E-01   -0.616900E-01   -0.650324E-01   -0.719676E-01
   -0.824938E-01   -0.930198E-01   -0.103546E+00   -0.114071E+00
   -0.124597E+00   -0.135122E+00   -0.145635E+00   -0.155249E+00
   -0.164863E+00   -0.173911E+00   -0.182395E+00   -0.190879E+00
   -0.199362E+00   -0.207846E+00   -0.216329E+00   -0.224812E+00
   -0.233291E+00   -0.241529E+00   -0.249767E+00   -0.257036E+00
   -0.263337E+00   -0.272003E+00   -0.286178E+00   -0.292896E+00
   -0.299464E+00   -0.306032E+00   -0.312600E+00   -0.319167E+00
   -0.325735E+00   -0.331561E+00   -0.336645E+00   -0.341729E+00
   -0.346812E+00   -0.351896E+00   -0.356979E+00   -0.362062E+00
   -0.367145E+00   -0.371559E+00   -0.375973E+00   -0.380386E+00
   -0.384461E+00   -0.387122E+00   -0.391729E+00   -0.396337E+00
   -0.400944E+00   -0.403621E+00   -0.406347E+00   -0.410212E+00
   -0.414982E+00   -0.414720E+00   -0.416023E+00   -0.417236E+00
   -0.419029E+00   -0.419029E+00   -0.392664E+00   -0.392664E+00
   -0.392664E+00   -0.392664E+00   -0.343165E+00   -0.316224E+00
   -0.316224E+00   -0.316224E+00   -0.316224E+00   -0.316224E+00
   -0.316224E+00   -0.233439E+00   -0.233439E+00   -0.233439E+00
   -0.233439E+00   -0.233439E+00   -0.233439E+00   -0.116989E+00
   -0.116989E+00   -0.116989E+00   -0.116989E+00   -0.116989E+00
   -0.116989E+00   -0.116989E+00   -0.116989E+00   -0.116989E+00
   -0.274586E-01   -0.274586E-01   -0.274586E-01   -0.274586E-01
   -0.274586E-01   -0.274586E-01   -0.274586E-01    0.350840E-01
    0.350840E-01    0.350840E-01    0.350840E-01    0.350840E-01
    0.350840E-01    0.740676E-01    0.740676E-01    0.740676E-01
    0.740676E-01    0.740676E-01    0.740676E-01    0.740676E-01
    0.718743E-01    0.718743E-01    0.718743E-01    0.718743E-01
    0.718743E-01    0.979353E-01    0.865258E-01    0.751164E-01
    0.637071E-01    0.522978E-01    0.392189E-01    0.244701E-01
    0.972148E-02   -0.502705E-02   -0.155250E-01   -0.223692E-01
   -0.292132E-01   -0.360570E-01   -0.429007E-01   -0.468709E-01
   -0.538059E-01   -0.643319E-01   -0.748578E-01   -0.853835E-01
   -0.959090E-01   -0.106434E+00   -0.116538E+00   -0.126152E+00
   -0.135766E+00   -0.145380E+00   -0.154429E+00   -0.162913E+00
   -0.171396E+00   -0.179879E+00   -0.188363E+00   -0.196846E+00
   -0.205215E+00   -0.213453E+00   -0.221691E+00   -0.229928E+00
   -0.237197E+00   -0.243498E+00   -0.249799E+00   -0.256358E+00
   -0.270533E+00   -0.284708E+00   -0.291639E+00   -0.298207E+00
   -0.304774E+00   -0.311342E+00   -0.316652E+00   -0.320702E+00
   -0.324753E+00   -0.328804E+00   -0.332854E+00   -0.336904E+00
   -0.340955E+00   -0.345005E+00   -0.349418E+00   -0.353832E+00
   -0.357826E+00   -0.361496E+00   -0.368004E+00   -0.370929E+00
   -0.373853E+00   -0.376778E+00   -0.379651E+00   -0.382370E+00
   -0.384170E+00   -0.386866E+00   -0.389455E+00   -0.390945E+00
   -0.393646E+00   -0.392633E+00   -0.392664E+00   -0.392664E+00
   -0.392664E+00   -0.343165E+00   -0.343165E+00   -0.316224E+00
   -0.316224E+00   -0.316224E+00   -0.316224E+00   -0.316224E+00
   -0.233439E+00   -0.233439E+00   -0.233439E+00   -0.233439E+00
   -0.233439E+00   -0.233439E+00   -0.233439E+00   -0.116989E+00
   -0.116989E+00   -0.116989E+00   -0.116989E+00   -0.116989E+00
   -0.116989E+00   -0.116989E+00   -0.116989E+00   -0.116989E+00
   -0.274586E-01   -0.274586E-01   -0.274586E-01   -0.274586E-01
   -0.274586E-01   -0.274586E-01    0.350840E-01    0.350840E-01
    0.350840E-01    0.350840E-01    0.350840E-01    0.350840E-01
    0.350840E-01    0.740676E-01    0.740676E-01    0.740676E-01
    0.740676E-01    0.740676E-01    0.740676E-01    0.718743E-01
    0.718743E-01    0.718743E-01    0.718743E-01    0.718743E-01
    0.718743E-01    0.718743E-01    0.100888E+00    0.982805E-01
    0.868713E-01    0.754621E-01    0.640530E-01    0.509742E-01
    0.362257E-01    0.214772E-01    0.105897E-01    0.374547E-02
   -0.309861E-02   -0.994252E-02   -0.167863E-01   -0.236299E-01
   -0.287095E-01   -0.356442E-01   -0.461700E-01   -0.566957E-01
   -0.672213E-01   -0.777467E-01   -0.874419E-01   -0.970561E-01
   -0.106670E+00   -0.116284E+00   -0.125898E+00   -0.134946E+00
   -0.143430E+00   -0.151913E+00   -0.160397E+00   -0.168880E+00
   -0.177139E+00   -0.185377E+00   -0.193615E+00   -0.201853E+00
   -0.210090E+00   -0.217359E+00   -0.223660E+00   -0.229960E+00
   -0.236261E+00   -0.242561E+00   -0.254887E+00   -0.269062E+00
   -0.283236E+00   -0.290381E+00   -0.296949E+00   -0.301742E+00
   -0.304760E+00   -0.307777E+00   -0.310795E+00   -0.313813E+00
   -0.316830E+00   -0.319847E+00   -0.322864E+00   -0.327278E+00
   -0.331191E+00   -0.334861E+00   -0.338532E+00   -0.352201E+00
   -0.352921E+00   -0.353640E+00   -0.354359E+00   -0.355570E+00
   -0.357820E+00   -0.360270E+00   -0.363162E+00   -0.364213E+00
   -0.365626E+00   -0.366745E+00   -0.366924E+00   -0.368974E+00
   -0.368974E+00   -0.343165E+00   -0.343165E+00   -0.316224E+00
   -0.316224E+00   -0.316224E+00   -0.316224E+00   -0.316224E+00
   -0.233439E+00   -0.233439E+00   -0.233439E+00   -0.233439E+00
   -0.233439E+00   -0.233439E+00   -0.147793E+00   -0.116989E+00
   -0.116989E+00   -0.116989E+00   -0.116989E+00   -0.116989E+00
   -0.116989E+00   -0.116989E+00   -0.116989E+00   -0.274586E-01
   -0.274586E-01   -0.274586E-01   -0.274586E-01   -0.274586E-01
   -0.274586E-01   -0.274586E-01    0.350840E-01    0.350840E-01
    0.350840E-01    0.350840E-01    0.350840E-01    0.350840E-01
    0.740676E-01    0.740676E-01    0.740676E-01    0.740676E-01
    0.740676E-01    0.740676E-01    0.740676E-01    0.718743E-01
    0.718743E-01    0.718743E-01    0.718743E-01    0.718743E-01
    0.718743E-01    0.680962E-01    0.680962E-01    0.102748E+00
    0.100260E+00    0.977719E-01    0.872171E-01    0.758082E-01
    0.627296E-01    0.479812E-01    0.367044E-01    0.298601E-01
    0.230160E-01    0.161720E-01    0.932817E-02    0.248451E-02
   -0.435898E-02   -0.105480E-01   -0.174824E-01   -0.280081E-01
   -0.385337E-01   -0.487313E-01   -0.583457E-01   -0.679599E-01
   -0.775740E-01   -0.871879E-01   -0.968016E-01   -0.106415E+00
   -0.115464E+00   -0.123947E+00   -0.132430E+00   -0.140825E+00
   -0.149064E+00   -0.157301E+00   -0.165539E+00   -0.173777E+00
   -0.182014E+00   -0.190251E+00   -0.197520E+00   -0.203821E+00
   -0.210122E+00   -0.216422E+00   -0.222722E+00   -0.229023E+00
   -0.239241E+00   -0.253415E+00   -0.267588E+00   -0.281762E+00
   -0.286832E+00   -0.288817E+00   -0.290802E+00   -0.292786E+00
   -0.294771E+00   -0.296755E+00   -0.298740E+00   -0.300724E+00
   -0.304556E+00   -0.308226E+00   -0.311897E+00   -0.315567E+00
   -0.323996E+00   -0.328074E+00   -0.330255E+00   -0.330513E+00
   -0.331269E+00   -0.333519E+00   -0.334863E+00   -0.337120E+00
   -0.339253E+00   -0.340306E+00   -0.341217E+00   -0.341214E+00
   -0.343003E+00   -0.343165E+00   -0.343165E+00   -0.316224E+00
   -0.316224E+00   -0.316224E+00   -0.316224E+00   -0.261896E+00
   -0.233439E+00   -0.233439E+00   -0.233439E+00   -0.233439E+00
   -0.233439E+00   -0.233439E+00   -0.147793E+00   -0.116989E+00
   -0.116989E+00   -0.116989E+00   -0.116989E+00   -0.116989E+00
   -0.116989E+00   -0.116989E+00   -0.116989E+00   -0.274586E-01
   -0.274586E-01   -0.274586E-01   -0.274586E-01   -0.274586E-01
   -0.274586E-01    0.350840E-01    0.350840E-01    0.350840E-01
    0.350840E-01    0.350840E-01    0.350840E-01    0.350840E-01
    0.740676E-01    0.740676E-01    0.740676E-01    0.740676E-01
    0.740676E-01    0.740676E-01    0.718743E-01    0.718743E-01
    0.718743E-01    0.718743E-01    0.718743E-01    0.718743E-01
    0.718743E-01    0.680962E-01    0.680962E-01    0.680962E-01
    0.104607E+00    0.102119E+00    0.996312E-01    0.971434E-01
    0.875634E-01    0.744849E-01    0.628191E-01    0.559747E-01
    0.491305E-01    0.422865E-01    0.354426E-01    0.285988E-01
    0.217553E-01    0.149119E-01    0.806865E-02    0.679325E-03
   -0.984626E-02   -0.196352E-01   -0.292496E-01   -0.388638E-01
   -0.484779E-01   -0.580918E-01   -0.677056E-01   -0.773192E-01
   -0.869326E-01   -0.959810E-01   -0.104464E+00   -0.112750E+00
   -0.120988E+00   -0.129226E+00   -0.137463E+00   -0.145701E+00
   -0.153939E+00   -0.162176E+00   -0.170413E+00   -0.177682E+00
   -0.183983E+00   -0.190283E+00   -0.196583E+00   -0.202884E+00
   -0.209184E+00   -0.215484E+00   -0.223594E+00   -0.237767E+00
   -0.251934E+00   -0.261393E+00   -0.266758E+00   -0.268650E+00
   -0.270434E+00   -0.272217E+00   -0.273999E+00   -0.275782E+00
   -0.277565E+00   -0.281235E+00   -0.284906E+00   -0.288577E+00
   -0.291957E+00   -0.292509E+00   -0.296587E+00   -0.300664E+00
   -0.304741E+00   -0.307026E+00   -0.308900E+00   -0.311142E+00
   -0.315513E+00   -0.314506E+00   -0.314977E+00   -0.315679E+00
   -0.315504E+00   -0.317031E+00   -0.316967E+00   -0.316224E+00
   -0.316224E+00   -0.316224E+00   -0.261896E+00   -0.261896E+00
   -0.233439E+00   -0.233439E+00   -0.233439E+00   -0.233439E+00
   -0.233439E+00   -0.147793E+00   -0.147793E+00   -0.116989E+00
   -0.116989E+00   -0.116989E+00   -0.116989E+00   -0.116989E+00
   -0.116989E+00   -0.116989E+00   -0.274586E-01   -0.274586E-01
   -0.274586E-01   -0.274586E-01   -0.274586E-01   -0.274586E-01
   -0.274586E-01    0.350840E-01    0.350840E-01    0.350840E-01
    0.350840E-01    0.350840E-01    0.350840E-01    0.740676E-01
    0.740676E-01    0.740676E-01    0.740676E-01    0.740676E-01
    0.740676E-01    0.740676E-01    0.718743E-01    0.718743E-01
    0.718743E-01    0.718743E-01    0.718743E-01    0.718743E-01
    0.680962E-01    0.680962E-01    0.680962E-01    0.680962E-01
    0.630860E-01    0.106466E+00    0.103978E+00    0.101490E+00
    0.990027E-01    0.965150E-01    0.889338E-01    0.820893E-01
    0.752450E-01    0.684009E-01    0.615570E-01    0.547132E-01
    0.478695E-01    0.410261E-01    0.341828E-01    0.273396E-01
    0.190755E-01    0.946091E-02   -0.153545E-03   -0.976783E-02
   -0.193820E-01   -0.289959E-01   -0.386097E-01   -0.482233E-01
   -0.578368E-01   -0.674501E-01   -0.764353E-01   -0.846737E-01
   -0.929119E-01   -0.101150E+00   -0.109388E+00   -0.117626E+00
   -0.125863E+00   -0.134100E+00   -0.142338E+00   -0.150575E+00
   -0.157844E+00   -0.164144E+00   -0.170445E+00   -0.176745E+00
   -0.183045E+00   -0.189345E+00   -0.195645E+00   -0.201944E+00
   -0.208244E+00   -0.221719E+00   -0.231179E+00   -0.236543E+00
   -0.241907E+00   -0.247027E+00   -0.248810E+00   -0.250593E+00
   -0.252375E+00   -0.254158E+00   -0.257829E+00   -0.261499E+00
   -0.264819E+00   -0.267930E+00   -0.273471E+00   -0.275689E+00
   -0.277904E+00   -0.280118E+00   -0.282247E+00   -0.284122E+00
   -0.285730E+00   -0.286703E+00   -0.290428E+00   -0.291365E+00
   -0.291443E+00   -0.289733E+00   -0.291005E+00   -0.290739E+00
   -0.289735E+00   -0.289735E+00   -0.261896E+00   -0.261896E+00
   -0.233439E+00   -0.233439E+00   -0.233439E+00   -0.233439E+00
   -0.233439E+00   -0.147793E+00   -0.147793E+00   -0.116989E+00
   -0.116989E+00   -0.116989E+00   -0.116989E+00   -0.116989E+00
   -0.116989E+00   -0.116989E+00   -0.274586E-01   -0.274586E-01
   -0.274586E-01   -0.274586E-01   -0.274586E-01   -0.274586E-01
    0.350840E-01    0.350840E-01    0.350840E-01    0.350840E-01
    0.350840E-01    0.350840E-01    0.350840E-01    0.740676E-01
    0.740676E-01    0.740676E-01    0.740676E-01    0.740676E-01
    0.740676E-01    0.718743E-01    0.718743E-01    0.718743E-01
    0.718743E-01    0.718743E-01    0.718743E-01    0.718743E-01
    0.680962E-01    0.680962E-01    0.680962E-01    0.680962E-01
    0.630860E-01    0.630860E-01    0.107882E+00    0.105394E+00
    0.102906E+00    0.100418E+00    0.979307E-01    0.935788E-01
    0.873626E-01    0.811464E-01    0.749301E-01    0.687139E-01
    0.624977E-01    0.562816E-01    0.500655E-01    0.438496E-01
    0.376337E-01    0.300555E-01    0.211147E-01    0.121740E-01
    0.323343E-02   -0.570712E-02   -0.146476E-01   -0.235879E-01
   -0.325281E-01   -0.414681E-01   -0.504079E-01   -0.588162E-01
   -0.666931E-01   -0.745698E-01   -0.824464E-01   -0.903229E-01
   -0.981992E-01   -0.106075E+00   -0.113951E+00   -0.121827E+00
   -0.129703E+00   -0.136791E+00   -0.143091E+00   -0.149392E+00
   -0.155692E+00   -0.161992E+00   -0.168292E+00   -0.174591E+00
   -0.180891E+00   -0.185866E+00   -0.191504E+00   -0.200964E+00
   -0.206328E+00   -0.211692E+00   -0.217056E+00   -0.222420E+00
   -0.227186E+00   -0.228969E+00   -0.230751E+00   -0.234422E+00
   -0.237681E+00   -0.240791E+00   -0.243902E+00   -0.257195E+00
   -0.257138E+00   -0.257077E+00   -0.257016E+00   -0.257417E+00
   -0.259017E+00   -0.260617E+00   -0.264785E+00   -0.270204E+00
   -0.267226E+00   -0.262297E+00   -0.263355E+00   -0.265100E+00
   -0.264136E+00   -0.262992E+00   -0.261896E+00   -0.261896E+00
   -0.233439E+00   -0.233439E+00   -0.233439E+00   -0.233439E+00
   -0.178002E+00   -0.147793E+00   -0.147793E+00   -0.116989E+00
   -0.116989E+00   -0.116989E+00   -0.116989E+00   -0.116989E+00
   -0.116989E+00   -0.274586E-01   -0.274586E-01   -0.274586E-01
   -0.274586E-01   -0.274586E-01   -0.274586E-01   -0.274586E-01
    0.350840E-01    0.350840E-01    0.350840E-01    0.350840E-01
    0.350840E-01    0.350840E-01    0.740676E-01    0.740676E-01
    0.740676E-01    0.740676E-01    0.740676E-01    0.740676E-01
    0.740676E-01    0.718743E-01    0.718743E-01    0.718743E-01
    0.718743E-01    0.718743E-01    0.718743E-01    0.680962E-01
    0.680962E-01    0.680962E-01    0.680962E-01    0.630860E-01
    0.630860E-01    0.630860E-01    0.630860E-01    0.109208E+00
    0.106720E+00    0.104233E+00    0.101745E+00    0.992572E-01
    0.952823E-01    0.898200E-01    0.843576E-01    0.788953E-01
    0.734330E-01    0.679707E-01    0.625085E-01    0.570463E-01
    0.515842E-01    0.461223E-01    0.393255E-01    0.311938E-01
    0.230621E-01    0.149306E-01    0.679905E-02   -0.133236E-02
   -0.946365E-02   -0.175948E-01   -0.257258E-01   -0.338566E-01
   -0.416433E-01   -0.490861E-01   -0.565287E-01   -0.639712E-01
   -0.714135E-01   -0.788556E-01   -0.862977E-01   -0.937395E-01
   -0.101181E+00   -0.108623E+00   -0.115493E+00   -0.121794E+00
   -0.128094E+00   -0.134394E+00   -0.140694E+00   -0.146994E+00
   -0.153294E+00   -0.158055E+00   -0.162388E+00   -0.170583E+00
   -0.170749E+00   -0.176113E+00   -0.181478E+00   -0.186841E+00
   -0.192205E+00   -0.197568E+00   -0.202932E+00   -0.207345E+00
   -0.210542E+00   -0.213653E+00   -0.216764E+00   -0.219874E+00
   -0.226672E+00   -0.230380E+00   -0.232480E+00   -0.232070E+00
   -0.232131E+00   -0.233604E+00   -0.235078E+00   -0.236006E+00
   -0.240752E+00   -0.236551E+00   -0.237327E+00   -0.239623E+00
   -0.236944E+00   -0.237486E+00   -0.236208E+00   -0.234930E+00
   -0.233439E+00   -0.233439E+00   -0.233439E+00   -0.178002E+00
   -0.178002E+00   -0.147793E+00   -0.147793E+00   -0.116989E+00
   -0.116989E+00   -0.116989E+00   -0.116989E+00   -0.116989E+00
   -0.116989E+00   -0.274586E-01   -0.274586E-01   -0.274586E-01
   -0.274586E-01   -0.274586E-01   -0.274586E-01    0.350840E-01
    0.350840E-01    0.350840E-01    0.350840E-01    0.350840E-01
    0.350840E-01    0.350840E-01    0.740676E-01    0.740676E-01
    0.740676E-01    0.740676E-01    0.740676E-01    0.740676E-01
    0.718743E-01    0.718743E-01    0.718743E-01    0.718743E-01
    0.718743E-01    0.718743E-01    0.718743E-01    0.680962E-01
    0.680962E-01    0.680962E-01    0.680962E-01    0.630860E-01
    0.630860E-01    0.630860E-01    0.630860E-01    0.630860E-01
    0.110534E+00    0.108047E+00    0.105559E+00    0.103071E+00
    0.100584E+00    0.969857E-01    0.922773E-01    0.875689E-01
    0.828605E-01    0.781521E-01    0.734437E-01    0.687353E-01
    0.640271E-01    0.593189E-01    0.546108E-01    0.485955E-01
    0.412729E-01    0.339503E-01    0.266277E-01    0.193052E-01
    0.119828E-01    0.466058E-02   -0.266154E-02   -0.998349E-02
   -0.173053E-01   -0.244704E-01   -0.314790E-01   -0.384875E-01
   -0.454959E-01   -0.525041E-01   -0.595121E-01   -0.665200E-01
   -0.735277E-01   -0.805352E-01   -0.875425E-01   -0.941964E-01
   -0.100497E+00   -0.106797E+00   -0.113097E+00   -0.119397E+00
   -0.125696E+00   -0.130243E+00   -0.134576E+00   -0.138909E+00
   -0.154675E+00   -0.152355E+00   -0.156738E+00   -0.161120E+00
   -0.165503E+00   -0.169885E+00   -0.174267E+00   -0.178649E+00
   -0.183030E+00   -0.186141E+00   -0.189252E+00   -0.192363E+00
   -0.195224E+00   -0.193564E+00   -0.197271E+00   -0.200979E+00
   -0.204686E+00   -0.206813E+00   -0.208138E+00   -0.209462E+00
   -0.210352E+00   -0.211098E+00   -0.213124E+00   -0.212897E+00
   -0.211480E+00   -0.210000E+00   -0.211330E+00   -0.209475E+00
   -0.208012E+00   -0.206611E+00   -0.206611E+00   -0.178002E+00
   -0.178002E+00   -0.147793E+00   -0.147793E+00   -0.116989E+00
   -0.116989E+00   -0.116989E+00   -0.116989E+00   -0.116989E+00
   -0.274586E-01   -0.274586E-01   -0.274586E-01   -0.274586E-01
   -0.274586E-01   -0.274586E-01   -0.274586E-01    0.350840E-01
    0.350840E-01    0.350840E-01    0.350840E-01    0.350840E-01
    0.350840E-01    0.740676E-01    0.740676E-01    0.740676E-01
    0.740676E-01    0.740676E-01    0.740676E-01    0.740676E-01
    0.718743E-01    0.718743E-01    0.718743E-01    0.718743E-01
    0.718743E-01    0.718743E-01    0.680962E-01    0.680962E-01
    0.680962E-01    0.680962E-01    0.680962E-01    0.630860E-01
    0.630860E-01    0.630860E-01    0.630860E-01    0.630860E-01
    0.630860E-01    0.111859E+00    0.109373E+00    0.106885E+00
    0.104398E+00    0.101910E+00    0.986892E-01    0.947347E-01
    0.907802E-01    0.868256E-01    0.828711E-01    0.789166E-01
    0.749622E-01    0.710078E-01    0.670536E-01    0.630994E-01
    0.578655E-01    0.513519E-01    0.448383E-01    0.383248E-01
    0.318114E-01    0.252980E-01    0.187848E-01    0.122717E-01
    0.575881E-02   -0.753941E-03   -0.729752E-02   -0.138720E-01
   -0.204464E-01   -0.270206E-01   -0.335947E-01   -0.401686E-01
   -0.467424E-01   -0.533159E-01   -0.598893E-01   -0.664625E-01
   -0.728992E-01   -0.791995E-01   -0.854997E-01   -0.917996E-01
   -0.980974E-01   -0.102431E+00   -0.106765E+00   -0.111098E+00
   -0.115431E+00   -0.136623E+00   -0.135878E+00   -0.139120E+00
   -0.142362E+00   -0.145604E+00   -0.148845E+00   -0.152087E+00
   -0.155328E+00   -0.158569E+00   -0.161680E+00   -0.164791E+00
   -0.167605E+00   -0.170285E+00   -0.169185E+00   -0.173622E+00
   -0.178059E+00   -0.182497E+00   -0.186151E+00   -0.187456E+00
   -0.188070E+00   -0.188603E+00   -0.187225E+00   -0.182895E+00
   -0.185690E+00   -0.186914E+00   -0.186159E+00   -0.182372E+00
   -0.183282E+00   -0.181374E+00   -0.179549E+00   -0.178002E+00
   -0.178002E+00   -0.147793E+00   -0.147793E+00   -0.116989E+00
   -0.116989E+00   -0.116989E+00   -0.116989E+00   -0.116989E+00
   -0.274586E-01   -0.274586E-01   -0.274586E-01   -0.274586E-01
   -0.274586E-01   -0.274586E-01    0.350840E-01    0.350840E-01
    0.350840E-01    0.350840E-01    0.350840E-01    0.350840E-01
    0.350840E-01    0.740676E-01    0.740676E-01    0.740676E-01
    0.740676E-01    0.740676E-01    0.740676E-01    0.718743E-01
    0.718743E-01    0.718743E-01    0.718743E-01    0.718743E-01
    0.718743E-01    0.718743E-01    0.680962E-01    0.680962E-01
    0.680962E-01    0.680962E-01    0.630860E-01    0.630860E-01
    0.630860E-01    0.630860E-01    0.630860E-01    0.630860E-01
    0.630860E-01    0.630860E-01    0.110751E+00    0.110458E+00
    0.108212E+00    0.105724E+00    0.103237E+00    0.100393E+00
    0.971921E-01    0.939915E-01    0.907908E-01    0.875902E-01
    0.843896E-01    0.811891E-01    0.779886E-01    0.747882E-01
    0.715880E-01    0.671356E-01    0.614310E-01    0.557264E-01
    0.500220E-01    0.443176E-01    0.386132E-01    0.329090E-01
    0.272050E-01    0.215011E-01    0.157974E-01    0.987539E-02
    0.373503E-02   -0.240521E-02   -0.854531E-02   -0.146853E-01
   -0.208251E-01   -0.269647E-01   -0.331042E-01   -0.392434E-01
   -0.453825E-01   -0.516021E-01   -0.579023E-01   -0.642024E-01
   -0.702855E-01   -0.746193E-01   -0.789529E-01   -0.832864E-01
   -0.876196E-01   -0.919526E-01   -0.113144E+00   -0.119400E+00
   -0.121502E+00   -0.123603E+00   -0.125704E+00   -0.127806E+00
   -0.129907E+00   -0.132007E+00   -0.134108E+00   -0.137219E+00
   -0.139986E+00   -0.142666E+00   -0.145346E+00   -0.146061E+00
   -0.151332E+00   -0.156605E+00   -0.161877E+00   -0.166157E+00
   -0.166990E+00   -0.166881E+00   -0.164855E+00   -0.161612E+00
   -0.160021E+00   -0.164313E+00   -0.165705E+00   -0.159887E+00
   -0.157770E+00   -0.158511E+00   -0.154077E+00   -0.153024E+00
   -0.150788E+00   -0.147793E+00   -0.147793E+00   -0.116989E+00
   -0.116989E+00   -0.116989E+00   -0.116989E+00   -0.576910E-01
   -0.274586E-01   -0.274586E-01   -0.274586E-01   -0.274586E-01
   -0.274586E-01   -0.274586E-01    0.350840E-01    0.350840E-01
    0.350840E-01    0.350840E-01    0.350840E-01    0.350840E-01
    0.740676E-01    0.740676E-01    0.740676E-01    0.740676E-01
    0.740676E-01    0.740676E-01    0.740676E-01    0.718743E-01
    0.718743E-01    0.718743E-01    0.718743E-01    0.718743E-01
    0.718743E-01    0.680962E-01    0.680962E-01    0.680962E-01
    0.680962E-01    0.680962E-01    0.630860E-01    0.630860E-01
    0.630860E-01    0.630860E-01    0.630860E-01    0.630860E-01
    0.630860E-01    0.630860E-01    0.630860E-01    0.109644E+00
    0.109350E+00    0.109057E+00    0.107051E+00    0.104563E+00
    0.102096E+00    0.996495E-01    0.972027E-01    0.947560E-01
    0.923093E-01    0.898626E-01    0.874159E-01    0.849694E-01
    0.825229E-01    0.800765E-01    0.764056E-01    0.715101E-01
    0.666145E-01    0.617191E-01    0.568237E-01    0.519284E-01
    0.470333E-01    0.421383E-01    0.372434E-01    0.323487E-01
    0.270483E-01    0.213421E-01    0.156359E-01    0.992997E-02
    0.422414E-02   -0.148154E-02   -0.718705E-02   -0.128924E-01
   -0.185975E-01   -0.243025E-01   -0.303050E-01   -0.366051E-01
   -0.424734E-01   -0.468074E-01   -0.511412E-01   -0.554747E-01
   -0.598081E-01   -0.641413E-01   -0.684742E-01   -0.896658E-01
   -0.102923E+00   -0.103884E+00   -0.104844E+00   -0.105805E+00
   -0.106766E+00   -0.107726E+00   -0.108687E+00   -0.109647E+00
   -0.112367E+00   -0.115048E+00   -0.117728E+00   -0.120408E+00
   -0.122936E+00   -0.129043E+00   -0.135150E+00   -0.141257E+00
   -0.145721E+00   -0.140628E+00   -0.131772E+00   -0.128530E+00
   -0.130828E+00   -0.133807E+00   -0.137097E+00   -0.134520E+00
   -0.130242E+00   -0.132530E+00   -0.131301E+00   -0.126822E+00
   -0.124355E+00   -0.124433E+00   -0.121962E+00   -0.116989E+00
   -0.116989E+00   -0.116989E+00   -0.576910E-01   -0.576910E-01
   -0.274586E-01   -0.274586E-01   -0.274586E-01   -0.274586E-01
   -0.274586E-01    0.350840E-01    0.350840E-01    0.350840E-01
    0.350840E-01    0.350840E-01    0.350840E-01    0.350840E-01
    0.740676E-01    0.740676E-01    0.740676E-01    0.740676E-01
    0.740676E-01    0.740676E-01    0.718743E-01    0.718743E-01
    0.718743E-01    0.718743E-01    0.718743E-01    0.718743E-01
    0.718743E-01    0.680962E-01    0.680962E-01    0.680962E-01
    0.680962E-01    0.680962E-01    0.630860E-01    0.630860E-01
    0.630860E-01    0.630860E-01    0.630860E-01    0.630860E-01
    0.630860E-01    0.630860E-01    0.630860E-01    0.630860E-01
    0.108536E+00    0.108243E+00    0.107949E+00    0.107656E+00
    0.105890E+00    0.103800E+00    0.102107E+00    0.100414E+00
    0.987212E-01    0.970283E-01    0.953355E-01    0.936428E-01
    0.919501E-01    0.902576E-01    0.885651E-01    0.856756E-01
    0.815891E-01    0.775027E-01    0.734162E-01    0.693299E-01
    0.652436E-01    0.611575E-01    0.570715E-01    0.529857E-01
    0.489001E-01    0.442212E-01    0.389491E-01    0.336771E-01
    0.284053E-01    0.231335E-01    0.178620E-01    0.125906E-01
    0.731939E-02    0.204837E-02   -0.322245E-02   -0.900787E-02
   -0.146613E-01   -0.189954E-01   -0.233293E-01   -0.276630E-01
   -0.319965E-01   -0.363298E-01   -0.406630E-01   -0.449959E-01
   -0.652436E-01   -0.749804E-01   -0.793055E-01   -0.810114E-01
   -0.818770E-01   -0.827424E-01   -0.836076E-01   -0.844725E-01
   -0.853373E-01   -0.878880E-01   -0.904386E-01   -0.929890E-01
   -0.955391E-01   -0.980890E-01   -0.104266E+00   -0.110443E+00
   -0.115999E+00   -0.117060E+00   -0.979481E-01   -0.992643E-01
   -0.101758E+00   -0.104252E+00   -0.106327E+00   -0.105839E+00
   -0.105351E+00   -0.107633E+00   -0.111528E+00   -0.103221E+00
   -0.101705E+00   -0.997165E-01   -0.951485E-01   -0.925669E-01
   -0.904857E-01   -0.904857E-01   -0.576910E-01   -0.576910E-01
   -0.274586E-01   -0.274586E-01   -0.274586E-01   -0.274586E-01
   -0.274586E-01    0.350840E-01    0.350840E-01    0.350840E-01
    0.350840E-01    0.350840E-01    0.350840E-01    0.740676E-01
    0.740676E-01    0.740676E-01    0.740676E-01    0.740676E-01
    0.740676E-01    0.740676E-01    0.718743E-01    0.718743E-01
    0.718743E-01    0.718743E-01    0.718743E-01    0.718743E-01
    0.680962E-01    0.680962E-01    0.680962E-01    0.680962E-01
    0.680962E-01    0.630860E-01    0.630860E-01    0.630860E-01
    0.630860E-01    0.630860E-01    0.630860E-01    0.630860E-01
    0.630860E-01    0.630860E-01    0.630860E-01    0.630860E-01
    0.597271E-01    0.107429E+00    0.107135E+00    0.106842E+00
    0.106548E+00    0.106255E+00    0.105503E+00    0.104564E+00
    0.103625E+00    0.102686E+00    0.101747E+00    0.100809E+00
    0.998697E-01    0.989309E-01    0.979922E-01    0.970537E-01
    0.949457E-01    0.916682E-01    0.883907E-01    0.851134E-01
    0.818360E-01    0.785588E-01    0.752817E-01    0.720048E-01
    0.687280E-01    0.654514E-01    0.613941E-01    0.565561E-01
    0.517183E-01    0.468805E-01    0.420429E-01    0.372055E-01
    0.323683E-01    0.275312E-01    0.226943E-01    0.178576E-01
    0.131509E-01    0.881667E-02    0.448262E-02    0.148771E-03
   -0.418488E-02   -0.851833E-02   -0.128516E-01   -0.171846E-01
   -0.215175E-01   -0.343703E-01   -0.441075E-01   -0.484325E-01
   -0.527573E-01   -0.570818E-01   -0.584467E-01   -0.593119E-01
   -0.601768E-01   -0.610416E-01   -0.634507E-01   -0.658597E-01
   -0.682685E-01   -0.706770E-01   -0.730854E-01   -0.792622E-01
   -0.850703E-01   -0.861316E-01   -0.871926E-01   -0.737771E-01
   -0.768022E-01   -0.798288E-01   -0.828552E-01   -0.850033E-01
   -0.845153E-01   -0.827701E-01   -0.850676E-01   -0.824121E-01
   -0.715580E-01   -0.730612E-01   -0.732864E-01   -0.700917E-01
   -0.659808E-01   -0.625144E-01   -0.576910E-01   -0.576910E-01
   -0.274586E-01   -0.274586E-01   -0.274586E-01   -0.274586E-01
    0.185374E-01    0.350840E-01    0.350840E-01    0.350840E-01
    0.350840E-01    0.350840E-01    0.350840E-01    0.740676E-01
    0.740676E-01    0.740676E-01    0.740676E-01    0.740676E-01
    0.740676E-01    0.718743E-01    0.718743E-01    0.718743E-01
    0.718743E-01    0.718743E-01    0.718743E-01    0.718743E-01
    0.680962E-01    0.680962E-01    0.680962E-01    0.680962E-01
    0.680962E-01    0.630860E-01    0.630860E-01    0.630860E-01
    0.630860E-01    0.630860E-01    0.630860E-01    0.630860E-01
    0.630860E-01    0.630860E-01    0.630860E-01    0.597271E-01
    0.597271E-01    0.597271E-01    0.106306E+00    0.106012E+00
    0.105719E+00    0.105425E+00    0.105131E+00    0.104572E+00
    0.103747E+00    0.102923E+00    0.102098E+00    0.101273E+00
    0.100448E+00    0.996233E-01    0.987984E-01    0.979736E-01
    0.971488E-01    0.952962E-01    0.924157E-01    0.895352E-01
    0.866547E-01    0.837743E-01    0.808938E-01    0.780133E-01
    0.751329E-01    0.722525E-01    0.693721E-01    0.657764E-01
    0.614650E-01    0.571537E-01    0.528424E-01    0.485312E-01
    0.442199E-01    0.399088E-01    0.355977E-01    0.312867E-01
    0.269757E-01    0.226535E-01    0.183197E-01    0.139860E-01
    0.965238E-02    0.531884E-02    0.985367E-03   -0.334803E-02
   -0.768135E-02   -0.942304E-02   -0.349702E-02   -0.132346E-01
   -0.175596E-01   -0.218843E-01   -0.262087E-01   -0.305329E-01
   -0.348568E-01   -0.358811E-01   -0.367458E-01   -0.390134E-01
   -0.412808E-01   -0.435480E-01   -0.458150E-01   -0.480817E-01
   -0.541413E-01   -0.552028E-01   -0.562640E-01   -0.573250E-01
   -0.510502E-01   -0.546478E-01   -0.582467E-01   -0.618454E-01
   -0.644227E-01   -0.630406E-01   -0.602086E-01   -0.562742E-01
   -0.515103E-01   -0.483545E-01   -0.512456E-01   -0.498201E-01
   -0.418982E-01   -0.387361E-01   -0.349803E-01   -0.317340E-01
   -0.274586E-01   -0.274586E-01   -0.274586E-01    0.185374E-01
    0.185374E-01    0.350840E-01    0.350840E-01    0.350840E-01
    0.350840E-01    0.350840E-01    0.740676E-01    0.740676E-01
    0.740676E-01    0.740676E-01    0.740676E-01    0.740676E-01
    0.740676E-01    0.718743E-01    0.718743E-01    0.718743E-01
    0.718743E-01    0.718743E-01    0.718743E-01    0.680962E-01
    0.680962E-01    0.680962E-01    0.680962E-01    0.680962E-01
    0.680962E-01    0.630860E-01    0.630860E-01    0.630860E-01
    0.630860E-01    0.630860E-01    0.630860E-01    0.630860E-01
    0.630860E-01    0.630860E-01    0.630860E-01    0.597271E-01
    0.597271E-01    0.597271E-01    0.597271E-01    0.105182E+00
    0.104889E+00    0.104595E+00    0.104301E+00    0.104007E+00
    0.103486E+00    0.102738E+00    0.101989E+00    0.101241E+00
    0.100492E+00    0.997437E-01    0.989953E-01    0.982468E-01
    0.974983E-01    0.967498E-01    0.951216E-01    0.926135E-01
    0.901055E-01    0.875974E-01    0.850894E-01    0.825813E-01
    0.800733E-01    0.775653E-01    0.750573E-01    0.725494E-01
    0.694056E-01    0.656260E-01    0.618463E-01    0.580666E-01
    0.542870E-01    0.505074E-01    0.467279E-01    0.429485E-01
    0.391691E-01    0.353899E-01    0.313334E-01    0.269997E-01
    0.226661E-01    0.183325E-01    0.139990E-01    0.966559E-02
    0.533226E-02    0.394557E-02    0.286169E-02    0.107648E-01
    0.176383E-01    0.133134E-01    0.898876E-02    0.466438E-02
    0.340263E-03   -0.398359E-02   -0.830719E-02   -0.124501E-01
   -0.145760E-01   -0.167019E-01   -0.188275E-01   -0.209529E-01
   -0.230781E-01   -0.242737E-01   -0.253352E-01   -0.263964E-01
   -0.274574E-01   -0.283233E-01   -0.324934E-01   -0.366646E-01
   -0.408356E-01   -0.425405E-01   -0.354344E-01   -0.287787E-01
   -0.298237E-01   -0.277618E-01   -0.249258E-01   -0.265850E-01
   -0.236841E-01   -0.145957E-01   -0.131026E-01   -0.100262E-01
   -0.672348E-02   -0.234041E-02   -0.234041E-02    0.185374E-01
    0.185374E-01    0.350840E-01    0.350840E-01    0.350840E-01
    0.350840E-01    0.350840E-01    0.740676E-01    0.740676E-01
    0.740676E-01    0.740676E-01    0.740676E-01    0.740676E-01
    0.718743E-01    0.718743E-01    0.718743E-01    0.718743E-01
    0.718743E-01    0.718743E-01    0.718743E-01    0.680962E-01
    0.680962E-01    0.680962E-01    0.680962E-01    0.680962E-01
    0.630860E-01    0.630860E-01    0.630860E-01    0.630860E-01
    0.630860E-01    0.630860E-01    0.630860E-01    0.630860E-01
    0.630860E-01    0.630860E-01    0.597271E-01    0.597271E-01
    0.597271E-01    0.597271E-01    0.597271E-01    0.597271E-01
    0.104059E+00    0.103765E+00    0.103471E+00    0.103177E+00
    0.102883E+00    0.102400E+00    0.101728E+00    0.101056E+00
    0.100384E+00    0.997115E-01    0.990394E-01    0.983672E-01
    0.976951E-01    0.970230E-01    0.963508E-01    0.949470E-01
    0.928114E-01    0.906758E-01    0.885401E-01    0.864045E-01
    0.842689E-01    0.821333E-01    0.799977E-01    0.778621E-01
    0.757266E-01    0.730349E-01    0.697869E-01    0.665389E-01
    0.632908E-01    0.600429E-01    0.567949E-01    0.535471E-01
    0.502993E-01    0.470516E-01    0.438039E-01    0.400133E-01
    0.356797E-01    0.313461E-01    0.270126E-01    0.226792E-01
    0.183983E-01    0.173143E-01    0.162303E-01    0.151464E-01
    0.198262E-01    0.275525E-01    0.237387E-01    0.199250E-01
    0.161114E-01    0.122979E-01    0.848449E-02    0.467117E-02
    0.858009E-03   -0.126387E-02   -0.338555E-02   -0.550711E-02
   -0.762856E-02   -0.516474E-02   -0.564569E-02   -0.612654E-02
   -0.660722E-02   -0.708773E-02   -0.756803E-02   -0.117549E-01
   -0.159418E-01   -0.192212E-01   -0.185711E-01    0.296475E-02
    0.202394E-02    0.978939E-03   -0.658016E-04   -0.419025E-03
    0.113639E-02    0.290776E-02    0.382613E-02    0.672821E-02
    0.957322E-02    0.120932E-01    0.150797E-01    0.185374E-01
    0.185374E-01    0.350840E-01    0.350840E-01    0.350840E-01
    0.350840E-01    0.631954E-01    0.740676E-01    0.740676E-01
    0.740676E-01    0.740676E-01    0.740676E-01    0.740676E-01
    0.718743E-01    0.718743E-01    0.718743E-01    0.718743E-01
    0.718743E-01    0.718743E-01    0.680962E-01    0.680962E-01
    0.680962E-01    0.680962E-01    0.680962E-01    0.680962E-01
    0.630860E-01    0.630860E-01    0.630860E-01    0.630860E-01
    0.630860E-01    0.630860E-01    0.630860E-01    0.630860E-01
    0.630860E-01    0.630860E-01    0.597271E-01    0.597271E-01
    0.597271E-01    0.597271E-01    0.597271E-01    0.597271E-01
    0.597271E-01    0.102935E+00    0.102641E+00    0.102347E+00
    0.102053E+00    0.101759E+00    0.101314E+00    0.100718E+00
    0.100122E+00    0.995266E-01    0.989308E-01    0.983350E-01
    0.977392E-01    0.971434E-01    0.965477E-01    0.959519E-01
    0.947724E-01    0.930092E-01    0.912460E-01    0.894828E-01
    0.877196E-01    0.859564E-01    0.841932E-01    0.824301E-01
    0.806670E-01    0.789039E-01    0.766642E-01    0.739478E-01
    0.712314E-01    0.685151E-01    0.657987E-01    0.630824E-01
    0.603662E-01    0.576501E-01    0.549340E-01    0.522180E-01
    0.486933E-01    0.443597E-01    0.400262E-01    0.356927E-01
    0.317672E-01    0.306830E-01    0.295990E-01    0.285150E-01
    0.274312E-01    0.288876E-01    0.368751E-01    0.335863E-01
    0.302977E-01    0.270091E-01    0.237206E-01    0.204322E-01
    0.171439E-01    0.138557E-01    0.117339E-01    0.961222E-02
    0.749069E-02    0.909079E-02    0.125481E-01    0.126643E-01
    0.127805E-01    0.128970E-01    0.130135E-01    0.131303E-01
    0.894348E-02    0.540879E-02    0.641727E-02    0.742597E-02
    0.171371E-01    0.176841E-01    0.182311E-01    0.187783E-01
    0.195777E-01    0.209917E-01    0.224516E-01    0.234534E-01
    0.246348E-01    0.265257E-01    0.286253E-01    0.307575E-01
    0.325026E-01    0.350840E-01    0.350840E-01    0.350840E-01
    0.631954E-01    0.631954E-01    0.740676E-01    0.740676E-01
    0.740676E-01    0.740676E-01    0.740676E-01    0.718743E-01
    0.718743E-01    0.718743E-01    0.718743E-01    0.718743E-01
    0.718743E-01    0.718743E-01    0.680962E-01    0.680962E-01
    0.680962E-01    0.680962E-01    0.680962E-01    0.680962E-01
    0.630860E-01    0.630860E-01    0.630860E-01    0.630860E-01
    0.630860E-01    0.630860E-01    0.630860E-01    0.630860E-01
    0.630860E-01    0.597271E-01    0.597271E-01    0.597271E-01
    0.597271E-01    0.597271E-01    0.597271E-01    0.597271E-01
    0.597271E-01    0.597271E-01    0.101812E+00    0.101517E+00
    0.101223E+00    0.100929E+00    0.100635E+00    0.100228E+00
    0.997083E-01    0.991889E-01    0.986695E-01    0.981501E-01
    0.976307E-01    0.971112E-01    0.965918E-01    0.960724E-01
    0.955529E-01    0.945978E-01    0.932071E-01    0.918163E-01
    0.904255E-01    0.890348E-01    0.876440E-01    0.862532E-01
    0.848625E-01    0.834718E-01    0.820811E-01    0.802935E-01
    0.781087E-01    0.759240E-01    0.737393E-01    0.715546E-01
    0.693700E-01    0.671854E-01    0.650009E-01    0.628164E-01
    0.606321E-01    0.573732E-01    0.530397E-01    0.487062E-01
    0.451361E-01    0.440519E-01    0.429677E-01    0.418837E-01
    0.407997E-01    0.397159E-01    0.386321E-01    0.461977E-01
    0.434340E-01    0.406703E-01    0.379067E-01    0.351432E-01
    0.323798E-01    0.296165E-01    0.268534E-01    0.247316E-01
    0.226100E-01    0.233466E-01    0.268037E-01    0.302610E-01
    0.309742E-01    0.316876E-01    0.324011E-01    0.331148E-01
    0.338287E-01    0.300391E-01    0.310473E-01    0.320558E-01
    0.330645E-01    0.311311E-01    0.331659E-01    0.353030E-01
    0.374403E-01    0.392067E-01    0.398604E-01    0.406956E-01
    0.430930E-01    0.425418E-01    0.434782E-01    0.448376E-01
    0.460546E-01    0.471808E-01    0.486695E-01    0.486695E-01
    0.631954E-01    0.631954E-01    0.740676E-01    0.740676E-01
    0.740676E-01    0.740676E-01    0.740676E-01    0.718743E-01
    0.718743E-01    0.718743E-01    0.718743E-01    0.718743E-01
    0.718743E-01    0.680962E-01    0.680962E-01    0.680962E-01
    0.680962E-01    0.680962E-01    0.680962E-01    0.630860E-01
    0.630860E-01    0.630860E-01    0.630860E-01    0.630860E-01
    0.630860E-01    0.630860E-01    0.630860E-01    0.630860E-01
    0.630860E-01    0.597271E-01    0.597271E-01    0.597271E-01
    0.597271E-01    0.597271E-01    0.597271E-01    0.597271E-01
    0.597271E-01    0.597271E-01    0.597271E-01    0.100688E+00
    0.100394E+00    0.100099E+00    0.998048E-01    0.995103E-01
    0.991416E-01    0.986986E-01    0.982555E-01    0.978125E-01
    0.973694E-01    0.969263E-01    0.964832E-01    0.960401E-01
    0.955970E-01    0.951540E-01    0.944232E-01    0.934049E-01
    0.923866E-01    0.913682E-01    0.903499E-01    0.893315E-01
    0.883132E-01    0.872949E-01    0.862766E-01    0.852584E-01
    0.839228E-01    0.822697E-01    0.806166E-01    0.789635E-01
    0.773105E-01    0.756575E-01    0.740045E-01    0.723517E-01
    0.706989E-01    0.690462E-01    0.660531E-01    0.617196E-01
    0.585051E-01    0.574208E-01    0.563365E-01    0.552524E-01
    0.541684E-01    0.530844E-01    0.520006E-01    0.509169E-01
    0.555204E-01    0.532817E-01    0.510430E-01    0.488044E-01
    0.465659E-01    0.443275E-01    0.420892E-01    0.398511E-01
    0.377293E-01    0.376026E-01    0.410596E-01    0.445167E-01
    0.476909E-01    0.489325E-01    0.502259E-01    0.515194E-01
    0.528130E-01    0.541065E-01    0.551145E-01    0.561224E-01
    0.571305E-01    0.581385E-01    0.554588E-01    0.539431E-01
    0.526842E-01    0.548214E-01    0.565878E-01    0.570906E-01
    0.569431E-01    0.591542E-01    0.581193E-01    0.587666E-01
    0.598535E-01    0.615537E-01    0.610551E-01    0.624776E-01
    0.631954E-01    0.631954E-01    0.740676E-01    0.740676E-01
    0.740676E-01    0.740676E-01    0.732398E-01    0.718743E-01
    0.718743E-01    0.718743E-01    0.718743E-01    0.718743E-01
    0.718743E-01    0.680962E-01    0.680962E-01    0.680962E-01
    0.680962E-01    0.680962E-01    0.680962E-01    0.630860E-01
    0.630860E-01    0.630860E-01    0.630860E-01    0.630860E-01
    0.630860E-01    0.630860E-01    0.630860E-01    0.630860E-01
    0.597271E-01    0.597271E-01    0.597271E-01    0.597271E-01
    0.597271E-01    0.597271E-01    0.597271E-01    0.597271E-01
    0.597271E-01    0.597271E-01    0.597271E-01    0.597271E-01
    0.995646E-01    0.992700E-01    0.989754E-01    0.986808E-01
    0.983862E-01    0.980555E-01    0.976888E-01    0.973221E-01
    0.969554E-01    0.965887E-01    0.962219E-01    0.958552E-01
    0.954885E-01    0.951217E-01    0.947550E-01    0.942487E-01
    0.936028E-01    0.929569E-01    0.923109E-01    0.916650E-01
    0.910191E-01    0.903732E-01    0.897273E-01    0.890814E-01
    0.884356E-01    0.875520E-01    0.864306E-01    0.853092E-01
    0.841877E-01    0.830663E-01    0.819450E-01    0.808237E-01
    0.797024E-01    0.785813E-01    0.774603E-01    0.747330E-01
    0.718742E-01    0.707898E-01    0.697054E-01    0.686212E-01
    0.675371E-01    0.664531E-01    0.653692E-01    0.642853E-01
    0.632016E-01    0.648432E-01    0.631294E-01    0.614157E-01
    0.597021E-01    0.579886E-01    0.562752E-01    0.545619E-01
    0.528487E-01    0.518589E-01    0.553156E-01    0.573965E-01
    0.570404E-01    0.556033E-01    0.554793E-01    0.563412E-01
    0.576347E-01    0.589282E-01    0.602218E-01    0.612297E-01
    0.622376E-01    0.632456E-01    0.632797E-01    0.787216E-01
    0.772329E-01    0.757439E-01    0.742549E-01    0.731005E-01
    0.729499E-01    0.727994E-01    0.721403E-01    0.713116E-01
    0.717189E-01    0.728504E-01    0.717688E-01    0.749712E-01
    0.743849E-01    0.742344E-01    0.740676E-01    0.740676E-01
    0.740676E-01    0.732398E-01    0.732398E-01    0.718743E-01
    0.718743E-01    0.718743E-01    0.718743E-01    0.718743E-01
    0.680962E-01    0.680962E-01    0.680962E-01    0.680962E-01
    0.680962E-01    0.680962E-01    0.680962E-01    0.630860E-01
    0.630860E-01    0.630860E-01    0.630860E-01    0.630860E-01
    0.630860E-01    0.630860E-01    0.630860E-01    0.630860E-01
    0.597271E-01    0.597271E-01    0.597271E-01    0.597271E-01
    0.597271E-01    0.597271E-01    0.597271E-01    0.597271E-01
    0.597271E-01    0.597271E-01    0.597271E-01    0.597271E-01
    0.577428E-01    0.984448E-01    0.981500E-01    0.978552E-01
    0.975604E-01    0.972656E-01    0.969708E-01    0.966761E-01
    0.963813E-01    0.960865E-01    0.957918E-01    0.954970E-01
    0.952022E-01    0.949074E-01    0.946126E-01    0.943177E-01
    0.940230E-01    0.937282E-01    0.934335E-01    0.931387E-01
    0.928439E-01    0.925491E-01    0.922543E-01    0.919595E-01
    0.916647E-01    0.913699E-01    0.909136E-01    0.902959E-01
    0.896783E-01    0.890605E-01    0.884428E-01    0.878251E-01
    0.872074E-01    0.865896E-01    0.859719E-01    0.853541E-01
    0.845060E-01    0.834276E-01    0.823492E-01    0.812708E-01
    0.801923E-01    0.791139E-01    0.780354E-01    0.769570E-01
    0.758785E-01    0.748001E-01    0.736516E-01    0.724331E-01
    0.712146E-01    0.699960E-01    0.687775E-01    0.675590E-01
    0.663405E-01    0.651716E-01    0.669850E-01    0.681820E-01
    0.664591E-01    0.636397E-01    0.635156E-01    0.633916E-01
    0.632677E-01    0.637499E-01    0.650434E-01    0.663370E-01
    0.673449E-01    0.683528E-01    0.682477E-01    0.679849E-01
    0.782966E-01    0.774169E-01    0.765371E-01    0.756572E-01
    0.749432E-01    0.747266E-01    0.745100E-01    0.738343E-01
    0.734944E-01    0.761911E-01    0.759196E-01    0.757115E-01
    0.754124E-01    0.751650E-01    0.748850E-01    0.746107E-01
    0.746107E-01    0.732398E-01    0.732398E-01    0.718743E-01
    0.718743E-01    0.718743E-01    0.718743E-01    0.718743E-01
    0.680962E-01    0.680962E-01    0.680962E-01    0.680962E-01
    0.680962E-01    0.680962E-01    0.643152E-01    0.630860E-01
    0.630860E-01    0.630860E-01    0.630860E-01    0.630860E-01
    0.630860E-01    0.630860E-01    0.630860E-01    0.597271E-01
    0.597271E-01    0.597271E-01    0.597271E-01    0.597271E-01
    0.597271E-01    0.597271E-01    0.597271E-01    0.597271E-01
    0.597271E-01    0.597271E-01    0.597271E-01    0.577428E-01
    0.577428E-01    0.577428E-01    0.973876E-01    0.970920E-01
    0.967963E-01    0.965006E-01    0.962050E-01    0.959093E-01
    0.956137E-01    0.953181E-01    0.950225E-01    0.947269E-01
    0.944312E-01    0.941356E-01    0.938399E-01    0.935442E-01
    0.932486E-01    0.929529E-01    0.926573E-01    0.923617E-01
    0.920661E-01    0.917705E-01    0.914748E-01    0.911792E-01
    0.908835E-01    0.905878E-01    0.902922E-01    0.898557E-01
    0.892784E-01    0.887011E-01    0.881238E-01    0.875464E-01
    0.869691E-01    0.863918E-01    0.858144E-01    0.852371E-01
    0.846597E-01    0.838815E-01    0.829023E-01    0.819231E-01
    0.809439E-01    0.799647E-01    0.789855E-01    0.780063E-01
    0.770270E-01    0.760478E-01    0.750686E-01    0.739698E-01
    0.727513E-01    0.715328E-01    0.703143E-01    0.690958E-01
    0.678772E-01    0.666634E-01    0.663596E-01    0.704484E-01
    0.758776E-01    0.719782E-01    0.715520E-01    0.714280E-01
    0.713040E-01    0.711800E-01    0.710562E-01    0.711586E-01
    0.724522E-01    0.734600E-01    0.732158E-01    0.729530E-01
    0.726901E-01    0.777960E-01    0.775088E-01    0.771946E-01
    0.768805E-01    0.765754E-01    0.762976E-01    0.760197E-01
    0.757517E-01    0.754869E-01    0.750839E-01    0.749305E-01
    0.746350E-01    0.743249E-01    0.740747E-01    0.737969E-01
    0.735190E-01    0.732398E-01    0.732398E-01    0.718743E-01
    0.718743E-01    0.718743E-01    0.718743E-01    0.694449E-01
    0.680962E-01    0.680962E-01    0.680962E-01    0.680962E-01
    0.680962E-01    0.680962E-01    0.643152E-01    0.630860E-01
    0.630860E-01    0.630860E-01    0.630860E-01    0.630860E-01
    0.630860E-01    0.630860E-01    0.630860E-01    0.597271E-01
    0.597271E-01    0.597271E-01    0.597271E-01    0.597271E-01
    0.597271E-01    0.597271E-01    0.597271E-01    0.597271E-01
    0.597271E-01    0.597271E-01    0.577428E-01    0.577428E-01
    0.577428E-01    0.577428E-01    0.577428E-01    0.963304E-01
    0.960339E-01    0.957374E-01    0.954409E-01    0.951443E-01
    0.948478E-01    0.945514E-01    0.942549E-01    0.939584E-01
    0.936620E-01    0.933655E-01    0.930690E-01    0.927724E-01
    0.924759E-01    0.921794E-01    0.918829E-01    0.915864E-01
    0.912900E-01    0.909935E-01    0.906970E-01    0.904005E-01
    0.901040E-01    0.898075E-01    0.895110E-01    0.892145E-01
    0.887977E-01    0.882608E-01    0.877239E-01    0.871870E-01
    0.866501E-01    0.861131E-01    0.855762E-01    0.850392E-01
    0.845023E-01    0.839653E-01    0.832568E-01    0.823769E-01
    0.814969E-01    0.806170E-01    0.797370E-01    0.788570E-01
    0.779771E-01    0.770971E-01    0.762171E-01    0.753372E-01
    0.742880E-01    0.730695E-01    0.718510E-01    0.706325E-01
    0.694140E-01    0.681955E-01    0.678515E-01    0.675477E-01
    0.696938E-01    0.758366E-01    0.788456E-01    0.787175E-01
    0.785893E-01    0.784612E-01    0.783330E-01    0.782048E-01
    0.780767E-01    0.779485E-01    0.776857E-01    0.774229E-01
    0.771601E-01    0.768973E-01    0.763080E-01    0.761929E-01
    0.760777E-01    0.757711E-01    0.754665E-01    0.751907E-01
    0.749150E-01    0.746475E-01    0.743856E-01    0.740152E-01
    0.737840E-01    0.735406E-01    0.732375E-01    0.729845E-01
    0.727087E-01    0.724330E-01    0.721572E-01    0.718743E-01
    0.718743E-01    0.718743E-01    0.694449E-01    0.694449E-01
    0.680962E-01    0.680962E-01    0.680962E-01    0.680962E-01
    0.680962E-01    0.643152E-01    0.643152E-01    0.630860E-01
    0.630860E-01    0.630860E-01    0.630860E-01    0.630860E-01
    0.630860E-01    0.630860E-01    0.597271E-01    0.597271E-01
    0.597271E-01    0.597271E-01    0.597271E-01    0.597271E-01
    0.597271E-01    0.597271E-01    0.597271E-01    0.597271E-01
    0.597271E-01    0.577428E-01    0.577428E-01    0.577428E-01
    0.577428E-01    0.577428E-01    0.577428E-01    0.577428E-01
    0.952732E-01    0.949758E-01    0.946785E-01    0.943811E-01
    0.940837E-01    0.937864E-01    0.934890E-01    0.931917E-01
    0.928944E-01    0.925971E-01    0.922997E-01    0.920023E-01
    0.917050E-01    0.914076E-01    0.911102E-01    0.908129E-01
    0.905156E-01    0.902182E-01    0.899209E-01    0.896236E-01
    0.893262E-01    0.890289E-01    0.887315E-01    0.884341E-01
    0.881367E-01    0.877398E-01    0.872433E-01    0.867468E-01
    0.862502E-01    0.857537E-01    0.852571E-01    0.847606E-01
    0.842640E-01    0.837675E-01    0.832709E-01    0.826323E-01
    0.818515E-01    0.810708E-01    0.802901E-01    0.795094E-01
    0.787286E-01    0.779479E-01    0.771672E-01    0.763864E-01
    0.756057E-01    0.746061E-01    0.733876E-01    0.721692E-01
    0.709507E-01    0.697322E-01    0.693433E-01    0.690395E-01
    0.687357E-01    0.699578E-01    0.750819E-01    0.780658E-01
    0.778880E-01    0.777101E-01    0.775323E-01    0.773545E-01
    0.771766E-01    0.769987E-01    0.768209E-01    0.765581E-01
    0.762953E-01    0.760325E-01    0.757761E-01    0.748942E-01
    0.747694E-01    0.746445E-01    0.745197E-01    0.743576E-01
    0.740839E-01    0.738102E-01    0.735461E-01    0.732853E-01
    0.728780E-01    0.727382E-01    0.724469E-01    0.721500E-01
    0.718943E-01    0.716206E-01    0.713469E-01    0.710732E-01
    0.707995E-01    0.707995E-01    0.694449E-01    0.694449E-01
    0.680962E-01    0.680962E-01    0.680962E-01    0.680962E-01
    0.680962E-01    0.643152E-01    0.643152E-01    0.630860E-01
    0.630860E-01    0.630860E-01    0.630860E-01    0.630860E-01
    0.630860E-01    0.630860E-01    0.597271E-01    0.597271E-01
    0.597271E-01    0.597271E-01    0.597271E-01    0.597271E-01
    0.597271E-01    0.597271E-01    0.597271E-01    0.597271E-01
    0.577428E-01    0.577428E-01    0.577428E-01    0.577428E-01
    0.577428E-01    0.577428E-01    0.577428E-01    0.577428E-01
    0.577428E-01    0.942160E-01    0.939178E-01    0.936195E-01
    0.933213E-01    0.930231E-01    0.927249E-01    0.924267E-01
    0.921285E-01    0.918304E-01    0.915321E-01    0.912339E-01
    0.909357E-01    0.906375E-01    0.903393E-01    0.900410E-01
    0.897428E-01    0.894447E-01    0.891465E-01    0.888483E-01
    0.885501E-01    0.882519E-01    0.879537E-01    0.876555E-01
    0.873573E-01    0.870590E-01    0.866818E-01    0.862257E-01
    0.857696E-01    0.853135E-01    0.848573E-01    0.844012E-01
    0.839450E-01    0.834888E-01    0.830327E-01    0.825765E-01
    0.820077E-01    0.813262E-01    0.806447E-01    0.799632E-01
    0.792817E-01    0.786002E-01    0.779187E-01    0.772372E-01
    0.765557E-01    0.758743E-01    0.749243E-01    0.737058E-01
    0.724874E-01    0.712689E-01    0.708352E-01    0.705314E-01
    0.702275E-01    0.699237E-01    0.706766E-01    0.743273E-01
    0.772860E-01    0.770585E-01    0.768309E-01    0.766034E-01
    0.763759E-01    0.761484E-01    0.759208E-01    0.756933E-01
    0.754305E-01    0.751677E-01    0.749122E-01    0.746571E-01
    0.741512E-01    0.739286E-01    0.737061E-01    0.734835E-01
    0.732487E-01    0.729771E-01    0.727055E-01    0.724419E-01
    0.721841E-01    0.718286E-01    0.715951E-01    0.713517E-01
    0.710241E-01    0.708821E-01    0.705370E-01    0.702609E-01
    0.699892E-01    0.697176E-01    0.694449E-01    0.694449E-01
    0.680962E-01    0.680962E-01    0.680962E-01    0.680962E-01
    0.657119E-01    0.643152E-01    0.643152E-01    0.630860E-01
    0.630860E-01    0.630860E-01    0.630860E-01    0.630860E-01
    0.630860E-01    0.597271E-01    0.597271E-01    0.597271E-01
    0.597271E-01    0.597271E-01    0.597271E-01    0.597271E-01
    0.597271E-01    0.597271E-01    0.597271E-01    0.577428E-01
    0.577428E-01    0.577428E-01    0.577428E-01    0.577428E-01
    0.577428E-01    0.577428E-01    0.577428E-01    0.577428E-01
    0.577428E-01    0.577428E-01    0.931588E-01    0.928597E-01
    0.925606E-01    0.922615E-01    0.919624E-01    0.916634E-01
    0.913644E-01    0.910653E-01    0.907663E-01    0.904672E-01
    0.901682E-01    0.898691E-01    0.895700E-01    0.892710E-01
    0.889719E-01    0.886728E-01    0.883738E-01    0.880748E-01
    0.877757E-01    0.874767E-01    0.871776E-01    0.868786E-01
    0.865795E-01    0.862804E-01    0.859813E-01    0.856239E-01
    0.852082E-01    0.847924E-01    0.843767E-01    0.839609E-01
    0.835452E-01    0.831294E-01    0.827136E-01    0.822978E-01
    0.818821E-01    0.813831E-01    0.808008E-01    0.802186E-01
    0.796363E-01    0.790541E-01    0.784718E-01    0.778895E-01
    0.773073E-01    0.767250E-01    0.761428E-01    0.752424E-01
    0.740240E-01    0.728056E-01    0.723271E-01    0.720232E-01
    0.717194E-01    0.714156E-01    0.711118E-01    0.713954E-01
    0.740522E-01    0.765061E-01    0.762290E-01    0.759518E-01
    0.756746E-01    0.753973E-01    0.751201E-01    0.748429E-01
    0.745657E-01    0.743033E-01    0.740483E-01    0.737932E-01
    0.735382E-01    0.733128E-01    0.730535E-01    0.727457E-01
    0.724380E-01    0.721398E-01    0.718702E-01    0.716007E-01
    0.713406E-01    0.710836E-01    0.706235E-01    0.704245E-01
    0.702530E-01    0.700109E-01    0.697864E-01    0.694437E-01
    0.691748E-01    0.689053E-01    0.686357E-01    0.683662E-01
    0.680962E-01    0.680962E-01    0.680962E-01    0.657119E-01
    0.657119E-01    0.643152E-01    0.643152E-01    0.630860E-01
    0.630860E-01    0.630860E-01    0.630860E-01    0.630860E-01
    0.630860E-01    0.597271E-01    0.597271E-01    0.597271E-01
    0.597271E-01    0.597271E-01    0.597271E-01    0.597271E-01
    0.597271E-01    0.597271E-01    0.577428E-01    0.577428E-01
    0.577428E-01    0.577428E-01    0.577428E-01    0.577428E-01
    0.577428E-01    0.577428E-01    0.577428E-01    0.577428E-01
    0.577428E-01    0.577428E-01    0.577428E-01    0.921016E-01
    0.918016E-01    0.915017E-01    0.912018E-01    0.909018E-01
    0.906019E-01    0.903020E-01    0.900021E-01    0.897023E-01
    0.894023E-01    0.891024E-01    0.888025E-01    0.885026E-01
    0.882027E-01    0.879027E-01    0.876028E-01    0.873029E-01
    0.870030E-01    0.867031E-01    0.864032E-01    0.861033E-01
    0.858034E-01    0.855035E-01    0.852035E-01    0.849036E-01
    0.845659E-01    0.841906E-01    0.838153E-01    0.834399E-01
    0.830645E-01    0.826892E-01    0.823138E-01    0.819384E-01
    0.815630E-01    0.811876E-01    0.807585E-01    0.802755E-01
    0.797925E-01    0.793094E-01    0.788264E-01    0.783434E-01
    0.778604E-01    0.773774E-01    0.768943E-01    0.764113E-01
    0.755606E-01    0.743422E-01    0.738189E-01    0.735151E-01
    0.732112E-01    0.729074E-01    0.726036E-01    0.722998E-01
    0.721142E-01    0.747710E-01    0.756876E-01    0.753678E-01
    0.750480E-01    0.747282E-01    0.744084E-01    0.740885E-01
    0.737687E-01    0.734489E-01    0.731938E-01    0.729388E-01
    0.726838E-01    0.724287E-01    0.718249E-01    0.717161E-01
    0.716074E-01    0.713286E-01    0.710309E-01    0.707634E-01
    0.704960E-01    0.702364E-01    0.699826E-01    0.696421E-01
    0.694063E-01    0.691586E-01    0.688926E-01    0.686416E-01
    0.683559E-01    0.680888E-01    0.678213E-01    0.675538E-01
    0.672864E-01    0.670189E-01    0.670189E-01    0.657119E-01
    0.657119E-01    0.643152E-01    0.643152E-01    0.630860E-01
    0.630860E-01    0.630860E-01    0.630860E-01    0.630860E-01
    0.597271E-01    0.597271E-01    0.597271E-01    0.597271E-01
    0.597271E-01    0.597271E-01    0.597271E-01    0.597271E-01
    0.597271E-01    0.577428E-01    0.577428E-01    0.577428E-01
    0.577428E-01    0.577428E-01    0.577428E-01    0.577428E-01
    0.577428E-01    0.577428E-01    0.577428E-01    0.577428E-01
    0.577428E-01    0.577428E-01    0.577428E-01    0.577428E-01
    0.910444E-01    0.907436E-01    0.904428E-01    0.901420E-01
    0.898412E-01    0.895404E-01    0.892397E-01    0.889389E-01
    0.886382E-01    0.883374E-01    0.880367E-01    0.877359E-01
    0.874351E-01    0.871343E-01    0.868335E-01    0.865328E-01
    0.862320E-01    0.859313E-01    0.856305E-01    0.853298E-01
    0.850290E-01    0.847282E-01    0.844275E-01    0.841267E-01
    0.838259E-01    0.835080E-01    0.831731E-01    0.828381E-01
    0.825031E-01    0.821682E-01    0.818332E-01    0.814982E-01
    0.811632E-01    0.808282E-01    0.804932E-01    0.801339E-01
    0.797501E-01    0.793663E-01    0.789825E-01    0.785988E-01
    0.782150E-01    0.778312E-01    0.774474E-01    0.770636E-01
    0.766799E-01    0.758788E-01    0.753108E-01    0.750069E-01
    0.747031E-01    0.743993E-01    0.740955E-01    0.737916E-01
    0.734878E-01    0.731840E-01    0.747429E-01    0.743353E-01
    0.741951E-01    0.739962E-01    0.736764E-01    0.733565E-01
    0.730367E-01    0.727169E-01    0.723970E-01    0.721420E-01
    0.718870E-01    0.716320E-01    0.713686E-01    0.704535E-01
    0.703305E-01    0.702075E-01    0.700845E-01    0.699258E-01
    0.696604E-01    0.693950E-01    0.691388E-01    0.688857E-01
    0.684175E-01    0.682322E-01    0.680643E-01    0.678003E-01
    0.675514E-01    0.672682E-01    0.670027E-01    0.667373E-01
    0.664719E-01    0.662065E-01    0.659411E-01    0.657119E-01
    0.657119E-01    0.643152E-01    0.643152E-01    0.630860E-01
    0.630860E-01    0.630860E-01    0.630860E-01    0.630860E-01
    0.597271E-01    0.597271E-01    0.597271E-01    0.597271E-01
    0.597271E-01    0.597271E-01    0.597271E-01    0.597271E-01
    0.577428E-01    0.577428E-01    0.577428E-01    0.577428E-01
    0.577428E-01    0.577428E-01    0.577428E-01    0.577428E-01
    0.577428E-01    0.577428E-01    0.577428E-01    0.577428E-01
    0.577428E-01    0.577428E-01    0.577428E-01    0.577428E-01
    0.577428E-01    0.900742E-01    0.897716E-01    0.894691E-01
    0.891665E-01    0.888640E-01    0.885614E-01    0.882589E-01
    0.879564E-01    0.876539E-01    0.873513E-01    0.870488E-01
    0.867463E-01    0.864437E-01    0.861411E-01    0.858386E-01
    0.855361E-01    0.852335E-01    0.849310E-01    0.846285E-01
    0.843260E-01    0.840234E-01    0.837209E-01    0.834183E-01
    0.831158E-01    0.828132E-01    0.825107E-01    0.822082E-01
    0.819056E-01    0.816031E-01    0.813006E-01    0.809980E-01
    0.806955E-01    0.803929E-01    0.800904E-01    0.797878E-01
    0.794853E-01    0.791828E-01    0.788803E-01    0.785777E-01
    0.782752E-01    0.779727E-01    0.776701E-01    0.773676E-01
    0.770650E-01    0.767624E-01    0.764593E-01    0.761555E-01
    0.758516E-01    0.755478E-01    0.752440E-01    0.749402E-01
    0.746363E-01    0.743325E-01    0.740286E-01    0.733495E-01
    0.729420E-01    0.728018E-01    0.726615E-01    0.725213E-01
    0.723047E-01    0.719849E-01    0.716651E-01    0.713452E-01
    0.710902E-01    0.708352E-01    0.705708E-01    0.703063E-01
    0.697104E-01    0.694963E-01    0.692822E-01    0.690681E-01
    0.688416E-01    0.685779E-01    0.683142E-01    0.680585E-01
    0.677995E-01    0.674556E-01    0.672175E-01    0.669699E-01
    0.667080E-01    0.664612E-01    0.661804E-01    0.659166E-01
    0.656533E-01    0.653900E-01    0.651267E-01    0.648634E-01
    0.645954E-01    0.643152E-01    0.643152E-01    0.630860E-01
    0.630860E-01    0.630860E-01    0.630860E-01    0.610613E-01
    0.597271E-01    0.597271E-01    0.597271E-01    0.597271E-01
    0.597271E-01    0.597271E-01    0.597271E-01    0.577428E-01
    0.577428E-01    0.577428E-01    0.577428E-01    0.577428E-01
    0.577428E-01    0.577428E-01    0.577428E-01    0.577428E-01
    0.577428E-01    0.577428E-01    0.577428E-01    0.577428E-01
    0.577428E-01    0.577428E-01    0.577428E-01    0.577428E-01
    0.577428E-01    0.577428E-01    0.895272E-01    0.892185E-01
    0.889097E-01    0.886009E-01    0.882921E-01    0.879834E-01
    0.876746E-01    0.873659E-01    0.870571E-01    0.867483E-01
    0.864396E-01    0.861308E-01    0.858220E-01    0.855132E-01
    0.852044E-01    0.848957E-01    0.845869E-01    0.842782E-01
    0.839694E-01    0.836606E-01    0.833519E-01    0.830431E-01
    0.827343E-01    0.824255E-01    0.821167E-01    0.818080E-01
    0.814992E-01    0.811905E-01    0.808817E-01    0.805730E-01
    0.802642E-01    0.799554E-01    0.796466E-01    0.793379E-01
    0.790291E-01    0.787203E-01    0.784115E-01    0.781028E-01
    0.777940E-01    0.774853E-01    0.771765E-01    0.768677E-01
    0.765589E-01    0.762502E-01    0.759414E-01    0.756351E-01
    0.753313E-01    0.750275E-01    0.747236E-01    0.744198E-01
    0.741160E-01    0.738122E-01    0.735069E-01    0.731729E-01
    0.719561E-01    0.715486E-01    0.714084E-01    0.712682E-01
    0.711279E-01    0.709877E-01    0.708475E-01    0.706133E-01
    0.702934E-01    0.700374E-01    0.697729E-01    0.695085E-01
    0.692441E-01    0.688801E-01    0.686476E-01    0.683593E-01
    0.680709E-01    0.677890E-01    0.675267E-01    0.672643E-01
    0.670028E-01    0.667427E-01    0.663298E-01    0.662082E-01
    0.659291E-01    0.656685E-01    0.654093E-01    0.652264E-01
    0.648712E-01    0.645885E-01    0.643270E-01    0.640654E-01
    0.638039E-01    0.635423E-01    0.632881E-01    0.630860E-01
    0.630860E-01    0.630860E-01    0.610613E-01    0.610613E-01
    0.597271E-01    0.597271E-01    0.597271E-01    0.597271E-01
    0.597271E-01    0.597271E-01    0.577428E-01    0.577428E-01
    0.577428E-01    0.577428E-01    0.577428E-01    0.577428E-01
    0.577428E-01    0.577428E-01    0.577428E-01    0.577428E-01
    0.577428E-01    0.577428E-01    0.577428E-01    0.577428E-01
    0.577428E-01    0.577428E-01    0.577428E-01    0.577428E-01
    0.577428E-01    0.577428E-01    0.577428E-01    0.889803E-01
    0.886653E-01    0.883503E-01    0.880353E-01    0.877203E-01
    0.874053E-01    0.870903E-01    0.867753E-01    0.864603E-01
    0.861453E-01    0.858303E-01    0.855153E-01    0.852003E-01
    0.848853E-01    0.845703E-01    0.842553E-01    0.839403E-01
    0.836253E-01    0.833103E-01    0.829953E-01    0.826803E-01
    0.823653E-01    0.820503E-01    0.817353E-01    0.814203E-01
    0.811053E-01    0.807903E-01    0.804753E-01    0.801603E-01
    0.798453E-01    0.795303E-01    0.792153E-01    0.789003E-01
    0.785853E-01    0.782703E-01    0.779553E-01    0.776403E-01
    0.773253E-01    0.770103E-01    0.766953E-01    0.763803E-01
    0.760653E-01    0.757503E-01    0.754353E-01    0.751203E-01
    0.748109E-01    0.745071E-01    0.742033E-01    0.738995E-01
    0.735956E-01    0.732918E-01    0.729832E-01    0.726493E-01
    0.723153E-01    0.713922E-01    0.703182E-01    0.701694E-01
    0.700207E-01    0.698720E-01    0.697232E-01    0.695745E-01
    0.694257E-01    0.692769E-01    0.690125E-01    0.687481E-01
    0.684837E-01    0.682192E-01    0.676650E-01    0.675355E-01
    0.674060E-01    0.671579E-01    0.668759E-01    0.666129E-01
    0.663499E-01    0.660866E-01    0.658239E-01    0.654319E-01
    0.653292E-01    0.651669E-01    0.647979E-01    0.644853E-01
    0.642459E-01    0.639523E-01    0.636886E-01    0.634261E-01
    0.631636E-01    0.629012E-01    0.626387E-01    0.623837E-01
    0.620777E-01    0.620777E-01    0.610613E-01    0.610613E-01
    0.597271E-01    0.597271E-01    0.597271E-01    0.597271E-01
    0.597271E-01    0.577428E-01    0.577428E-01    0.577428E-01
    0.577428E-01    0.577428E-01    0.577428E-01    0.577428E-01
    0.577428E-01    0.577428E-01    0.577428E-01    0.577428E-01
    0.577428E-01    0.577428E-01    0.577428E-01    0.577428E-01
    0.577428E-01    0.577428E-01    0.577428E-01    0.577428E-01
    0.577428E-01    0.577428E-01    0.577428E-01    0.509287E-01
    0.884334E-01    0.881122E-01    0.877909E-01    0.874697E-01
    0.871484E-01    0.868272E-01    0.865060E-01    0.861848E-01
    0.858636E-01    0.855423E-01    0.852211E-01    0.848999E-01
    0.845786E-01    0.842574E-01    0.839361E-01    0.836149E-01
    0.832937E-01    0.829725E-01    0.826513E-01    0.823300E-01
    0.820088E-01    0.816876E-01    0.813663E-01    0.810451E-01
    0.807238E-01    0.804026E-01    0.800814E-01    0.797602E-01
    0.794389E-01    0.791177E-01    0.787965E-01    0.784753E-01
    0.781540E-01    0.778328E-01    0.775115E-01    0.771903E-01
    0.768691E-01    0.765479E-01    0.762266E-01    0.759054E-01
    0.755842E-01    0.752629E-01    0.749417E-01    0.746204E-01
    0.742992E-01    0.739867E-01    0.736829E-01    0.733791E-01
    0.730753E-01    0.727715E-01    0.724596E-01    0.721256E-01
    0.717917E-01    0.714577E-01    0.708382E-01    0.697429E-01
    0.695514E-01    0.693599E-01    0.691684E-01    0.689769E-01
    0.687854E-01    0.685939E-01    0.684024E-01    0.681380E-01
    0.678736E-01    0.676092E-01    0.673421E-01    0.665619E-01
    0.664355E-01    0.663091E-01    0.661827E-01    0.660221E-01
    0.657586E-01    0.654951E-01    0.651949E-01    0.649236E-01
    0.646999E-01    0.646188E-01    0.641833E-01    0.637838E-01
    0.636080E-01    0.633465E-01    0.630742E-01    0.628079E-01
    0.625442E-01    0.622804E-01    0.620166E-01    0.617529E-01
    0.614888E-01    0.612223E-01    0.610613E-01    0.610613E-01
    0.597271E-01    0.597271E-01    0.597271E-01    0.597271E-01
    0.577428E-01    0.577428E-01    0.577428E-01    0.577428E-01
    0.577428E-01    0.577428E-01    0.577428E-01    0.577428E-01
    0.577428E-01    0.577428E-01    0.577428E-01    0.577428E-01
    0.577428E-01    0.577428E-01    0.577428E-01    0.577428E-01
    0.577428E-01    0.577428E-01    0.577428E-01    0.577428E-01
    0.509287E-01    0.509287E-01    0.509287E-01    0.509287E-01
    0.509287E-01    0.878865E-01    0.875590E-01    0.872315E-01
    0.869041E-01    0.865766E-01    0.862491E-01    0.859217E-01
    0.855942E-01    0.852668E-01    0.849393E-01    0.846119E-01
    0.842844E-01    0.839569E-01    0.836295E-01    0.833020E-01
    0.829745E-01    0.826471E-01    0.823196E-01    0.819922E-01
    0.816647E-01    0.813373E-01    0.810098E-01    0.806823E-01
    0.803548E-01    0.800273E-01    0.796999E-01    0.793724E-01
    0.790450E-01    0.787176E-01    0.783901E-01    0.780626E-01
    0.777352E-01    0.774077E-01    0.770802E-01    0.767527E-01
    0.764253E-01    0.760978E-01    0.757704E-01    0.754429E-01
    0.751155E-01    0.747880E-01    0.744606E-01    0.741331E-01
    0.738056E-01    0.734781E-01    0.731625E-01    0.728587E-01
    0.725549E-01    0.722511E-01    0.719359E-01    0.716020E-01
    0.712680E-01    0.709341E-01    0.706001E-01    0.700952E-01
    0.691677E-01    0.689334E-01    0.686992E-01    0.684649E-01
    0.682307E-01    0.679964E-01    0.677622E-01    0.675279E-01
    0.672635E-01    0.669989E-01    0.667317E-01    0.664644E-01
    0.658713E-01    0.657596E-01    0.656480E-01    0.655364E-01
    0.653868E-01    0.651233E-01    0.647271E-01    0.643875E-01
    0.640795E-01    0.638283E-01    0.636561E-01    0.633664E-01
    0.629608E-01    0.627193E-01    0.624610E-01    0.622506E-01
    0.619659E-01    0.616622E-01    0.613972E-01    0.611321E-01
    0.608671E-01    0.606021E-01    0.603371E-01    0.601784E-01
    0.597271E-01    0.597271E-01    0.597271E-01    0.577428E-01
    0.577428E-01    0.577428E-01    0.577428E-01    0.577428E-01
    0.577428E-01    0.577428E-01    0.577428E-01    0.577428E-01
    0.577428E-01    0.577428E-01    0.577428E-01    0.577428E-01
    0.577428E-01    0.577428E-01    0.577428E-01    0.577428E-01
    0.577428E-01    0.577428E-01    0.509287E-01    0.509287E-01
    0.509287E-01    0.509287E-01    0.509287E-01    0.509287E-01
    0.509287E-01    0.509287E-01    0.873396E-01    0.870059E-01
    0.866722E-01    0.863385E-01    0.860047E-01    0.856710E-01
    0.853374E-01    0.850037E-01    0.846700E-01    0.843363E-01
    0.840026E-01    0.836689E-01    0.833352E-01    0.830015E-01
    0.826678E-01    0.823341E-01    0.820004E-01    0.816668E-01
    0.813331E-01    0.809994E-01    0.806657E-01    0.803320E-01
    0.799983E-01    0.796646E-01    0.793309E-01    0.789972E-01
    0.786635E-01    0.783298E-01    0.779962E-01    0.776625E-01
    0.773288E-01    0.769951E-01    0.766614E-01    0.763277E-01
    0.759939E-01    0.756603E-01    0.753266E-01    0.749929E-01
    0.746592E-01    0.743256E-01    0.739919E-01    0.736582E-01
    0.733245E-01    0.729907E-01    0.726570E-01    0.723383E-01
    0.720345E-01    0.717307E-01    0.714122E-01    0.710783E-01
    0.707444E-01    0.704104E-01    0.700765E-01    0.697426E-01
    0.692376E-01    0.685924E-01    0.683154E-01    0.680384E-01
    0.677614E-01    0.674844E-01    0.672074E-01    0.669304E-01
    0.666534E-01    0.663885E-01    0.661213E-01    0.658540E-01
    0.655868E-01    0.651806E-01    0.650837E-01    0.649868E-01
    0.648899E-01    0.647514E-01    0.643817E-01    0.638529E-01
    0.634712E-01    0.631354E-01    0.629136E-01    0.626603E-01
    0.623491E-01    0.620317E-01    0.618474E-01    0.615790E-01
    0.613615E-01    0.610558E-01    0.607802E-01    0.605139E-01
    0.602476E-01    0.599813E-01    0.597151E-01    0.594488E-01
    0.592928E-01    0.588312E-01    0.588312E-01    0.577428E-01
    0.577428E-01    0.577428E-01    0.577428E-01    0.577428E-01
    0.577428E-01    0.577428E-01    0.577428E-01    0.577428E-01
    0.577428E-01    0.577428E-01    0.577428E-01    0.577428E-01
    0.577428E-01    0.577428E-01    0.577428E-01    0.509287E-01
    0.509287E-01    0.509287E-01    0.509287E-01    0.509287E-01
    0.509287E-01    0.509287E-01    0.509287E-01    0.509287E-01
    0.509287E-01    0.509287E-01    0.509287E-01    0.867926E-01
    0.864527E-01    0.861128E-01    0.857728E-01    0.854329E-01
    0.850930E-01    0.847531E-01    0.844132E-01    0.840732E-01
    0.837333E-01    0.833934E-01    0.830535E-01    0.827135E-01
    0.823736E-01    0.820336E-01    0.816937E-01    0.813538E-01
    0.810139E-01    0.806740E-01    0.803341E-01    0.799942E-01
    0.796542E-01    0.793143E-01    0.789744E-01    0.786344E-01
    0.782945E-01    0.779546E-01    0.776147E-01    0.772748E-01
    0.769349E-01    0.765949E-01    0.762550E-01    0.759151E-01
    0.755751E-01    0.752352E-01    0.748953E-01    0.745554E-01
    0.742154E-01    0.738755E-01    0.735356E-01    0.731957E-01
    0.728558E-01    0.725158E-01    0.721759E-01    0.718359E-01
    0.715141E-01    0.712103E-01    0.708885E-01    0.705546E-01
    0.702207E-01    0.698868E-01    0.695528E-01    0.692189E-01
    0.688850E-01    0.683801E-01    0.679455E-01    0.676368E-01
    0.673280E-01    0.670192E-01    0.667105E-01    0.664017E-01
    0.660929E-01    0.657841E-01    0.655165E-01    0.652490E-01
    0.649815E-01    0.647139E-01    0.644463E-01    0.643604E-01
    0.642745E-01    0.641887E-01    0.638352E-01    0.631055E-01
    0.625494E-01    0.623379E-01    0.622050E-01    0.620421E-01
    0.617877E-01    0.614748E-01    0.612139E-01    0.609659E-01
    0.607008E-01    0.604414E-01    0.601728E-01    0.598982E-01
    0.596307E-01    0.593631E-01    0.590956E-01    0.588280E-01
    0.585605E-01    0.582930E-01    0.581001E-01    0.577428E-01
    0.577428E-01    0.577428E-01    0.577428E-01    0.577428E-01
    0.577428E-01    0.577428E-01    0.577428E-01    0.577428E-01
    0.577428E-01    0.577428E-01    0.577428E-01    0.577428E-01
    0.577428E-01    0.509287E-01    0.509287E-01    0.509287E-01
    0.509287E-01    0.509287E-01    0.509287E-01    0.509287E-01
    0.509287E-01    0.509287E-01    0.509287E-01    0.509287E-01
    0.509287E-01    0.509287E-01    0.509287E-01    0.509287E-01
    0.862457E-01    0.858995E-01    0.855534E-01    0.852072E-01
    0.848610E-01    0.845149E-01    0.841687E-01    0.838226E-01
    0.834765E-01    0.831303E-01    0.827842E-01    0.824380E-01
    0.820918E-01    0.817457E-01    0.813995E-01    0.810533E-01
    0.807072E-01    0.803611E-01    0.800149E-01    0.796688E-01
    0.793226E-01    0.789765E-01    0.786303E-01    0.782841E-01
    0.779379E-01    0.775918E-01    0.772457E-01    0.768995E-01
    0.765534E-01    0.762072E-01    0.758611E-01    0.755149E-01
    0.751688E-01    0.748226E-01    0.744764E-01    0.741303E-01
    0.737841E-01    0.734380E-01    0.730918E-01    0.727457E-01
    0.723995E-01    0.720534E-01    0.717072E-01    0.713610E-01
    0.710149E-01    0.706899E-01    0.703648E-01    0.700309E-01
    0.696970E-01    0.693631E-01    0.690292E-01    0.686953E-01
    0.683613E-01    0.680274E-01    0.674118E-01    0.668529E-01
    0.666703E-01    0.664738E-01    0.661650E-01    0.658562E-01
    0.655474E-01    0.652386E-01    0.649298E-01    0.646610E-01
    0.643923E-01    0.641234E-01    0.638546E-01    0.635858E-01
    0.634999E-01    0.634140E-01    0.632510E-01    0.629812E-01
    0.618113E-01    0.616573E-01    0.615033E-01    0.613493E-01
    0.611699E-01    0.609142E-01    0.606299E-01    0.602714E-01
    0.600934E-01    0.598226E-01    0.595536E-01    0.593103E-01
    0.590948E-01    0.587474E-01    0.584786E-01    0.582098E-01
    0.579410E-01    0.576722E-01    0.574034E-01    0.571346E-01
    0.569016E-01    0.569016E-01    0.569016E-01    0.569016E-01
    0.569016E-01    0.569016E-01    0.569016E-01    0.569016E-01
    0.569016E-01    0.530185E-01    0.530185E-01    0.530185E-01
    0.509287E-01    0.509287E-01    0.509287E-01    0.509287E-01
    0.509287E-01    0.509287E-01    0.509287E-01    0.509287E-01
    0.509287E-01    0.509287E-01    0.509287E-01    0.509287E-01
    0.509287E-01    0.509287E-01    0.509287E-01    0.509287E-01
    0.509287E-01    0.857496E-01    0.853967E-01    0.850438E-01
    0.846909E-01    0.843379E-01    0.839850E-01    0.836321E-01
    0.832792E-01    0.829263E-01    0.825734E-01    0.822204E-01
    0.818675E-01    0.815146E-01    0.811616E-01    0.808087E-01
    0.804558E-01    0.801029E-01    0.797500E-01    0.793971E-01
    0.790441E-01    0.786912E-01    0.783383E-01    0.779854E-01
    0.776324E-01    0.772795E-01    0.769266E-01    0.765737E-01
    0.762208E-01    0.758678E-01    0.755149E-01    0.751620E-01
    0.748091E-01    0.744562E-01    0.741032E-01    0.737503E-01
    0.733974E-01    0.730445E-01    0.726916E-01    0.723386E-01
    0.719857E-01    0.716328E-01    0.712799E-01    0.709269E-01
    0.705740E-01    0.702211E-01    0.698776E-01    0.695437E-01
    0.692099E-01    0.688759E-01    0.685420E-01    0.682081E-01
    0.678742E-01    0.675403E-01    0.672023E-01    0.663177E-01
    0.657587E-01    0.655761E-01    0.653935E-01    0.652108E-01
    0.650020E-01    0.646932E-01    0.643844E-01    0.640756E-01
    0.638056E-01    0.635355E-01    0.632654E-01    0.629954E-01
    0.627253E-01    0.626394E-01    0.624848E-01    0.622256E-01
    0.619663E-01    0.612324E-01    0.610003E-01    0.607683E-01
    0.605362E-01    0.602983E-01    0.600354E-01    0.597645E-01
    0.594843E-01    0.593756E-01    0.590263E-01    0.587091E-01
    0.584042E-01    0.581195E-01    0.579868E-01    0.575986E-01
    0.573240E-01    0.570540E-01    0.567839E-01    0.565138E-01
    0.562438E-01    0.560066E-01    0.560066E-01    0.560066E-01
    0.560066E-01    0.560066E-01    0.560066E-01    0.530185E-01
    0.530185E-01    0.530185E-01    0.530185E-01    0.509287E-01
    0.509287E-01    0.509287E-01    0.509287E-01    0.509287E-01
    0.509287E-01    0.509287E-01    0.509287E-01    0.509287E-01
    0.509287E-01    0.509287E-01    0.509287E-01    0.509287E-01
    0.509287E-01    0.509287E-01    0.509287E-01    0.509287E-01
    0.509287E-01    0.509287E-01    0.853812E-01    0.850202E-01
    0.846591E-01    0.842981E-01    0.839370E-01    0.835760E-01
    0.832150E-01    0.828540E-01    0.824929E-01    0.821319E-01
    0.817709E-01    0.814098E-01    0.810488E-01    0.806877E-01
    0.803267E-01    0.799657E-01    0.796047E-01    0.792436E-01
    0.788826E-01    0.785216E-01    0.781605E-01    0.777995E-01
    0.774385E-01    0.770774E-01    0.767164E-01    0.763553E-01
    0.759943E-01    0.756333E-01    0.752723E-01    0.749113E-01
    0.745502E-01    0.741892E-01    0.738281E-01    0.734671E-01
    0.731060E-01    0.727450E-01    0.723840E-01    0.720230E-01
    0.716620E-01    0.713009E-01    0.709399E-01    0.705789E-01
    0.702178E-01    0.698568E-01    0.694957E-01    0.691482E-01
    0.688144E-01    0.684805E-01    0.681466E-01    0.678127E-01
    0.674787E-01    0.671448E-01    0.668002E-01    0.664053E-01
    0.652790E-01    0.646646E-01    0.644819E-01    0.642993E-01
    0.641166E-01    0.639340E-01    0.637513E-01    0.635301E-01
    0.632214E-01    0.629501E-01    0.626787E-01    0.624074E-01
    0.621361E-01    0.618648E-01    0.617187E-01    0.614594E-01
    0.612002E-01    0.609410E-01    0.604802E-01    0.602790E-01
    0.599923E-01    0.597057E-01    0.594228E-01    0.591515E-01
    0.588802E-01    0.585574E-01    0.582233E-01    0.578942E-01
    0.577599E-01    0.575236E-01    0.572538E-01    0.570143E-01
    0.567107E-01    0.564383E-01    0.561669E-01    0.558956E-01
    0.556243E-01    0.553530E-01    0.550816E-01    0.550816E-01
    0.550816E-01    0.530185E-01    0.530185E-01    0.530185E-01
    0.530185E-01    0.530185E-01    0.509287E-01    0.509287E-01
    0.509287E-01    0.509287E-01    0.509287E-01    0.509287E-01
    0.509287E-01    0.509287E-01    0.509287E-01    0.509287E-01
    0.509287E-01    0.509287E-01    0.509287E-01    0.509287E-01
    0.509287E-01    0.509287E-01    0.509287E-01    0.509287E-01
    0.509287E-01    0.471000E-01    0.471000E-01    0.850127E-01
    0.846436E-01    0.842744E-01    0.839053E-01    0.835361E-01
    0.831670E-01    0.827979E-01    0.824287E-01    0.820596E-01
    0.816905E-01    0.813213E-01    0.809522E-01    0.805830E-01
    0.802139E-01    0.798447E-01    0.794755E-01    0.791064E-01
    0.787373E-01    0.783681E-01    0.779990E-01    0.776299E-01
    0.772607E-01    0.768916E-01    0.765224E-01    0.761532E-01
    0.757841E-01    0.754150E-01    0.750459E-01    0.746767E-01
    0.743076E-01    0.739384E-01    0.735693E-01    0.732001E-01
    0.728310E-01    0.724618E-01    0.720927E-01    0.717235E-01
    0.713544E-01    0.709853E-01    0.706161E-01    0.702470E-01
    0.698778E-01    0.695087E-01    0.691395E-01    0.687704E-01
    0.684188E-01    0.680850E-01    0.677511E-01    0.674172E-01
    0.670833E-01    0.667494E-01    0.663981E-01    0.660032E-01
    0.656083E-01    0.647250E-01    0.637337E-01    0.635385E-01
    0.633433E-01    0.631480E-01    0.629528E-01    0.627576E-01
    0.625624E-01    0.623671E-01    0.620946E-01    0.618220E-01
    0.615494E-01    0.612768E-01    0.610042E-01    0.607450E-01
    0.604858E-01    0.602265E-01    0.599673E-01    0.593235E-01
    0.591867E-01    0.590500E-01    0.588341E-01    0.585509E-01
    0.582784E-01    0.580058E-01    0.577325E-01    0.574454E-01
    0.571118E-01    0.570023E-01    0.567888E-01    0.564440E-01
    0.561070E-01    0.559459E-01    0.555746E-01    0.552799E-01
    0.550073E-01    0.547347E-01    0.544621E-01    0.541896E-01
    0.541896E-01    0.530185E-01    0.530185E-01    0.530185E-01
    0.530185E-01    0.509287E-01    0.509287E-01    0.509287E-01
    0.509287E-01    0.509287E-01    0.509287E-01    0.509287E-01
    0.509287E-01    0.509287E-01    0.509287E-01    0.509287E-01
    0.509287E-01    0.509287E-01    0.509287E-01    0.509287E-01
    0.509287E-01    0.509287E-01    0.471000E-01    0.471000E-01
    0.471000E-01    0.471000E-01    0.471000E-01    0.471000E-01
    0.846443E-01    0.842670E-01    0.838898E-01    0.835125E-01
    0.831352E-01    0.827580E-01    0.823807E-01    0.820035E-01
    0.816262E-01    0.812490E-01    0.808717E-01    0.804945E-01
    0.801172E-01    0.797400E-01    0.793627E-01    0.789854E-01
    0.786082E-01    0.782309E-01    0.778537E-01    0.774764E-01
    0.770992E-01    0.767219E-01    0.763447E-01    0.759674E-01
    0.755901E-01    0.752129E-01    0.748356E-01    0.744584E-01
    0.740812E-01    0.737039E-01    0.733266E-01    0.729494E-01
    0.725721E-01    0.721948E-01    0.718176E-01    0.714403E-01
    0.710631E-01    0.706858E-01    0.703086E-01    0.699314E-01
    0.695541E-01    0.691768E-01    0.687996E-01    0.684223E-01
    0.680450E-01    0.676894E-01    0.673556E-01    0.670217E-01
    0.666878E-01    0.663539E-01    0.659959E-01    0.656010E-01
    0.652062E-01    0.648113E-01    0.641710E-01    0.631598E-01
    0.629245E-01    0.626893E-01    0.624540E-01    0.622187E-01
    0.619835E-01    0.617482E-01    0.615129E-01    0.612391E-01
    0.609652E-01    0.606914E-01    0.604175E-01    0.601437E-01
    0.598845E-01    0.596252E-01    0.593645E-01    0.590873E-01
    0.583189E-01    0.581867E-01    0.580548E-01    0.579228E-01
    0.577555E-01    0.574821E-01    0.572038E-01    0.568776E-01
    0.565923E-01    0.563126E-01    0.562039E-01    0.557547E-01
    0.553764E-01    0.552231E-01    0.549518E-01    0.546719E-01
    0.543929E-01    0.541190E-01    0.538452E-01    0.535713E-01
    0.532975E-01    0.530185E-01    0.530185E-01    0.530185E-01
    0.509287E-01    0.509287E-01    0.509287E-01    0.509287E-01
    0.509287E-01    0.509287E-01    0.509287E-01    0.509287E-01
    0.509287E-01    0.509287E-01    0.509287E-01    0.509287E-01
    0.509287E-01    0.509287E-01    0.509287E-01    0.471000E-01
    0.471000E-01    0.471000E-01    0.471000E-01    0.471000E-01
    0.471000E-01    0.471000E-01    0.471000E-01    0.471000E-01
    0.471000E-01    0.842758E-01    0.838905E-01    0.835051E-01
    0.831197E-01    0.827343E-01    0.823490E-01    0.819636E-01
    0.815783E-01    0.811929E-01    0.808075E-01    0.804222E-01
    0.800368E-01    0.796514E-01    0.792661E-01    0.788807E-01
    0.784953E-01    0.781100E-01    0.777246E-01    0.773392E-01
    0.769539E-01    0.765685E-01    0.761831E-01    0.757978E-01
    0.754124E-01    0.750270E-01    0.746416E-01    0.742563E-01
    0.738709E-01    0.734856E-01    0.731002E-01    0.727149E-01
    0.723295E-01    0.719441E-01    0.715587E-01    0.711733E-01
    0.707880E-01    0.704026E-01    0.700173E-01    0.696319E-01
    0.692466E-01    0.688612E-01    0.684758E-01    0.680904E-01
    0.677051E-01    0.673197E-01    0.669600E-01    0.666262E-01
    0.662923E-01    0.659584E-01    0.655937E-01    0.651989E-01
    0.648040E-01    0.644092E-01    0.640143E-01    0.634379E-01
    0.625859E-01    0.623106E-01    0.620353E-01    0.617600E-01
    0.614846E-01    0.612093E-01    0.609340E-01    0.606587E-01
    0.603836E-01    0.601085E-01    0.598334E-01    0.595583E-01
    0.592831E-01    0.590239E-01    0.587612E-01    0.584841E-01
    0.582069E-01    0.576253E-01    0.575078E-01    0.573905E-01
    0.572731E-01    0.571167E-01    0.568432E-01    0.564166E-01
    0.560631E-01    0.557416E-01    0.554347E-01    0.551719E-01
    0.549807E-01    0.545979E-01    0.543302E-01    0.540583E-01
    0.538647E-01    0.535073E-01    0.532307E-01    0.529556E-01
    0.526805E-01    0.524054E-01    0.521332E-01    0.521332E-01
    0.509287E-01    0.509287E-01    0.509287E-01    0.509287E-01
    0.509287E-01    0.509287E-01    0.509287E-01    0.509287E-01
    0.509287E-01    0.509287E-01    0.509287E-01    0.509287E-01
    0.471000E-01    0.471000E-01    0.471000E-01    0.471000E-01
    0.471000E-01    0.471000E-01    0.471000E-01    0.471000E-01
    0.471000E-01    0.471000E-01    0.471000E-01    0.471000E-01
    0.471000E-01    0.471000E-01    0.839074E-01    0.835139E-01
    0.831204E-01    0.827269E-01    0.823334E-01    0.819400E-01
    0.815465E-01    0.811530E-01    0.807596E-01    0.803661E-01
    0.799726E-01    0.795791E-01    0.791856E-01    0.787922E-01
    0.783987E-01    0.780052E-01    0.776117E-01    0.772183E-01
    0.768248E-01    0.764313E-01    0.760378E-01    0.756444E-01
    0.752509E-01    0.748574E-01    0.744639E-01    0.740704E-01
    0.736770E-01    0.732835E-01    0.728900E-01    0.724965E-01
    0.721031E-01    0.717096E-01    0.713161E-01    0.709226E-01
    0.705291E-01    0.701356E-01    0.697422E-01    0.693487E-01
    0.689552E-01    0.685618E-01    0.681683E-01    0.677748E-01
    0.673813E-01    0.669878E-01    0.665943E-01    0.662306E-01
    0.658968E-01    0.655629E-01    0.651915E-01    0.647967E-01
    0.644019E-01    0.640070E-01    0.636122E-01    0.632173E-01
    0.626409E-01    0.620119E-01    0.616966E-01    0.613813E-01
    0.610659E-01    0.607506E-01    0.604352E-01    0.601198E-01
    0.598045E-01    0.595281E-01    0.592517E-01    0.589754E-01
    0.586990E-01    0.584226E-01    0.581580E-01    0.578808E-01
    0.576036E-01    0.573265E-01    0.569318E-01    0.568289E-01
    0.567261E-01    0.566233E-01    0.564778E-01    0.560783E-01
    0.554433E-01    0.552260E-01    0.548812E-01    0.545568E-01
    0.542940E-01    0.539717E-01    0.535685E-01    0.534306E-01
    0.531715E-01    0.529258E-01    0.525953E-01    0.523424E-01
    0.520661E-01    0.517897E-01    0.515133E-01    0.512369E-01
    0.509287E-01    0.509287E-01    0.509287E-01    0.509287E-01
    0.509287E-01    0.509287E-01    0.509287E-01    0.509287E-01
    0.509287E-01    0.471000E-01    0.471000E-01    0.471000E-01
    0.471000E-01    0.471000E-01    0.471000E-01    0.471000E-01
    0.471000E-01    0.471000E-01    0.471000E-01    0.471000E-01
    0.471000E-01    0.471000E-01    0.471000E-01    0.471000E-01
    0.471000E-01    0.471000E-01    0.471000E-01    0.835389E-01
    0.831374E-01    0.827358E-01    0.823342E-01    0.819326E-01
    0.815310E-01    0.811294E-01    0.807278E-01    0.803262E-01
    0.799246E-01    0.795231E-01    0.791215E-01    0.787199E-01
    0.783183E-01    0.779167E-01    0.775151E-01    0.771135E-01
    0.767119E-01    0.763103E-01    0.759088E-01    0.755072E-01
    0.751056E-01    0.747040E-01    0.743024E-01    0.739008E-01
    0.734992E-01    0.730976E-01    0.726960E-01    0.722945E-01
    0.718929E-01    0.714913E-01    0.710897E-01    0.706881E-01
    0.702865E-01    0.698849E-01    0.694833E-01    0.690817E-01
    0.686801E-01    0.682786E-01    0.678770E-01    0.674754E-01
    0.670738E-01    0.666722E-01    0.662706E-01    0.658690E-01
    0.655012E-01    0.651674E-01    0.647893E-01    0.643945E-01
    0.639997E-01    0.636049E-01    0.632100E-01    0.628152E-01
    0.624203E-01    0.618439E-01    0.613077E-01    0.609934E-01
    0.606529E-01    0.603123E-01    0.599718E-01    0.596313E-01
    0.592908E-01    0.589502E-01    0.586726E-01    0.583950E-01
    0.581173E-01    0.578397E-01    0.575620E-01    0.572844E-01
    0.570068E-01    0.567292E-01    0.564516E-01    0.561739E-01
    0.560802E-01    0.559866E-01    0.558929E-01    0.555602E-01
    0.546976E-01    0.542893E-01    0.541493E-01    0.540033E-01
    0.536789E-01    0.534148E-01    0.530912E-01    0.528384E-01
    0.525642E-01    0.522870E-01    0.520177E-01    0.517039E-01
    0.514541E-01    0.511765E-01    0.508989E-01    0.506212E-01
    0.503436E-01    0.500862E-01    0.500862E-01    0.500862E-01
    0.500862E-01    0.500862E-01    0.500862E-01    0.471000E-01
    0.471000E-01    0.471000E-01    0.471000E-01    0.471000E-01
    0.471000E-01    0.471000E-01    0.471000E-01    0.471000E-01
    0.471000E-01    0.471000E-01    0.471000E-01    0.471000E-01
    0.471000E-01    0.471000E-01    0.471000E-01    0.471000E-01
    0.471000E-01    0.471000E-01    0.471000E-01    0.471000E-01
    0.831705E-01    0.827608E-01    0.823511E-01    0.819414E-01
    0.815317E-01    0.811220E-01    0.807123E-01    0.803026E-01
    0.798929E-01    0.794832E-01    0.790735E-01    0.786638E-01
    0.782541E-01    0.778444E-01    0.774347E-01    0.770250E-01
    0.766153E-01    0.762056E-01    0.757959E-01    0.753862E-01
    0.749765E-01    0.745668E-01    0.741571E-01    0.737474E-01
    0.733376E-01    0.729279E-01    0.725183E-01    0.721086E-01
    0.716989E-01    0.712892E-01    0.708795E-01    0.704698E-01
    0.700601E-01    0.696504E-01    0.692406E-01    0.688309E-01
    0.684212E-01    0.680116E-01    0.676019E-01    0.671922E-01
    0.667825E-01    0.663728E-01    0.659631E-01    0.655533E-01
    0.651436E-01    0.647718E-01    0.643871E-01    0.639923E-01
    0.635975E-01    0.632027E-01    0.628078E-01    0.624130E-01
    0.620182E-01    0.616233E-01    0.608737E-01    0.602136E-01
    0.599992E-01    0.597848E-01    0.594581E-01    0.591176E-01
    0.587771E-01    0.584365E-01    0.580960E-01    0.578171E-01
    0.575382E-01    0.572593E-01    0.569804E-01    0.567015E-01
    0.564226E-01    0.561438E-01    0.558649E-01    0.555860E-01
    0.553071E-01    0.552134E-01    0.551197E-01    0.549290E-01
    0.546531E-01    0.535058E-01    0.533353E-01    0.531649E-01
    0.529945E-01    0.528004E-01    0.525353E-01    0.522609E-01
    0.518351E-01    0.516832E-01    0.514025E-01    0.511253E-01
    0.508932E-01    0.506142E-01    0.502869E-01    0.500081E-01
    0.497292E-01    0.494503E-01    0.491714E-01    0.491714E-01
    0.491714E-01    0.471000E-01    0.471000E-01    0.471000E-01
    0.471000E-01    0.471000E-01    0.471000E-01    0.471000E-01
    0.471000E-01    0.471000E-01    0.471000E-01    0.471000E-01
    0.471000E-01    0.471000E-01    0.471000E-01    0.471000E-01
    0.471000E-01    0.471000E-01    0.471000E-01    0.471000E-01
    0.471000E-01    0.471000E-01    0.471000E-01    0.471000E-01
    0.471000E-01    0.828020E-01    0.823842E-01    0.819664E-01
    0.815486E-01    0.811308E-01    0.807130E-01    0.802952E-01
    0.798774E-01    0.794595E-01    0.790417E-01    0.786239E-01
    0.782061E-01    0.777883E-01    0.773705E-01    0.769526E-01
    0.765348E-01    0.761170E-01    0.756992E-01    0.752814E-01
    0.748636E-01    0.744458E-01    0.740280E-01    0.736102E-01
    0.731924E-01    0.727745E-01    0.723567E-01    0.719389E-01
    0.715211E-01    0.711033E-01    0.706855E-01    0.702677E-01
    0.698499E-01    0.694320E-01    0.690142E-01    0.685964E-01
    0.681786E-01    0.677608E-01    0.673430E-01    0.669252E-01
    0.665074E-01    0.660896E-01    0.656718E-01    0.652539E-01
    0.648361E-01    0.644183E-01    0.640120E-01    0.636172E-01
    0.632223E-01    0.628275E-01    0.624327E-01    0.620379E-01
    0.616431E-01    0.612482E-01    0.608415E-01    0.597796E-01
    0.591194E-01    0.589051E-01    0.586907E-01    0.584763E-01
    0.582619E-01    0.579228E-01    0.575823E-01    0.572418E-01
    0.569616E-01    0.566815E-01    0.564013E-01    0.561212E-01
    0.558410E-01    0.555608E-01    0.552807E-01    0.550005E-01
    0.547204E-01    0.544402E-01    0.543465E-01    0.541643E-01
    0.538956E-01    0.536269E-01    0.529226E-01    0.526735E-01
    0.524246E-01    0.521756E-01    0.519226E-01    0.516480E-01
    0.513670E-01    0.511006E-01    0.509879E-01    0.506626E-01
    0.502773E-01    0.499780E-01    0.496640E-01    0.493974E-01
    0.491172E-01    0.488371E-01    0.485569E-01    0.482768E-01
    0.482768E-01    0.471000E-01    0.471000E-01    0.471000E-01
    0.471000E-01    0.471000E-01    0.471000E-01    0.471000E-01
    0.471000E-01    0.471000E-01    0.471000E-01    0.471000E-01
    0.471000E-01    0.471000E-01    0.471000E-01    0.471000E-01
    0.471000E-01    0.471000E-01    0.471000E-01    0.471000E-01
    0.471000E-01    0.471000E-01    0.471000E-01    0.471000E-01
    0.471000E-01    0.471000E-01    0.824336E-01    0.820077E-01
    0.815817E-01    0.811558E-01    0.807299E-01    0.803039E-01
    0.798780E-01    0.794521E-01    0.790262E-01    0.786003E-01
    0.781744E-01    0.777484E-01    0.773225E-01    0.768966E-01
    0.764706E-01    0.760447E-01    0.756188E-01    0.751929E-01
    0.747670E-01    0.743411E-01    0.739151E-01    0.734892E-01
    0.730633E-01    0.726373E-01    0.722114E-01    0.717855E-01
    0.713596E-01    0.709337E-01    0.705077E-01    0.700818E-01
    0.696559E-01    0.692300E-01    0.688040E-01    0.683781E-01
    0.679522E-01    0.675262E-01    0.671003E-01    0.666744E-01
    0.662485E-01    0.658226E-01    0.653967E-01    0.649707E-01
    0.645448E-01    0.641189E-01    0.636929E-01    0.632825E-01
    0.628878E-01    0.624930E-01    0.620981E-01    0.617033E-01
    0.613085E-01    0.609137E-01    0.605003E-01    0.600445E-01
    0.588032E-01    0.580253E-01    0.578109E-01    0.575965E-01
    0.573821E-01    0.571677E-01    0.569533E-01    0.567281E-01
    0.563875E-01    0.561061E-01    0.558247E-01    0.555433E-01
    0.552619E-01    0.549805E-01    0.546991E-01    0.544176E-01
    0.541362E-01    0.538548E-01    0.535733E-01    0.533997E-01
    0.531310E-01    0.528623E-01    0.525936E-01    0.520979E-01
    0.519221E-01    0.516272E-01    0.513322E-01    0.510406E-01
    0.507592E-01    0.504778E-01    0.502557E-01    0.501608E-01
    0.494061E-01    0.492646E-01    0.490758E-01    0.487712E-01
    0.485078E-01    0.482264E-01    0.479450E-01    0.476636E-01
    0.473822E-01    0.471000E-01    0.471000E-01    0.471000E-01
    0.471000E-01    0.471000E-01    0.471000E-01    0.471000E-01
    0.471000E-01    0.471000E-01    0.471000E-01    0.471000E-01
    0.471000E-01    0.471000E-01    0.471000E-01    0.471000E-01
    0.471000E-01    0.471000E-01    0.471000E-01    0.471000E-01
    0.471000E-01    0.471000E-01    0.471000E-01    0.471000E-01
    0.471000E-01    0.471000E-01    0.471000E-01    0.820651E-01
    0.816311E-01    0.811971E-01    0.807630E-01    0.803290E-01
    0.798949E-01    0.794609E-01    0.790269E-01    0.785929E-01
    0.781588E-01    0.777248E-01    0.772908E-01    0.768567E-01
    0.764227E-01    0.759886E-01    0.755546E-01    0.751206E-01
    0.746865E-01    0.742525E-01    0.738185E-01    0.733845E-01
    0.729504E-01    0.725164E-01    0.720823E-01    0.716483E-01
    0.712142E-01    0.707802E-01    0.703462E-01    0.699122E-01
    0.694781E-01    0.690441E-01    0.686101E-01    0.681760E-01
    0.677420E-01    0.673079E-01    0.668739E-01    0.664399E-01
    0.660058E-01    0.655718E-01    0.651378E-01    0.647038E-01
    0.642697E-01    0.638357E-01    0.634016E-01    0.629676E-01
    0.625531E-01    0.621584E-01    0.617636E-01    0.613688E-01
    0.609740E-01    0.605791E-01    0.601591E-01    0.597033E-01
    0.592475E-01    0.582492E-01    0.571545E-01    0.569229E-01
    0.566913E-01    0.564597E-01    0.562281E-01    0.559965E-01
    0.557649E-01    0.555333E-01    0.552506E-01    0.549680E-01
    0.546853E-01    0.544026E-01    0.541199E-01    0.538373E-01
    0.535546E-01    0.532719E-01    0.529892E-01    0.527065E-01
    0.524378E-01    0.521691E-01    0.519004E-01    0.516312E-01
    0.509326E-01    0.507887E-01    0.506448E-01    0.504543E-01
    0.501624E-01    0.498797E-01    0.495970E-01    0.493240E-01
    0.490855E-01    0.487566E-01    0.484692E-01    0.481887E-01
    0.478784E-01    0.476183E-01    0.473356E-01    0.470529E-01
    0.467702E-01    0.464876E-01    0.462137E-01    0.462137E-01
    0.462137E-01    0.462137E-01    0.462137E-01    0.462137E-01
    0.462137E-01    0.462137E-01    0.462137E-01    0.462137E-01
    0.462137E-01    0.462137E-01    0.462137E-01    0.462137E-01
    0.462137E-01    0.462137E-01    0.462137E-01    0.462137E-01
    0.462137E-01    0.462137E-01    0.462137E-01    0.462137E-01
    0.462137E-01    0.462137E-01    0.462137E-01    0.462137E-01
    0.816967E-01    0.812545E-01    0.808124E-01    0.803702E-01
    0.799281E-01    0.794859E-01    0.790438E-01    0.786017E-01
    0.781595E-01    0.777174E-01    0.772752E-01    0.768331E-01
    0.763909E-01    0.759488E-01    0.755066E-01    0.750645E-01
    0.746223E-01    0.741802E-01    0.737381E-01    0.732959E-01
    0.728538E-01    0.724116E-01    0.719695E-01    0.715273E-01
    0.710852E-01    0.706430E-01    0.702009E-01    0.697588E-01
    0.693166E-01    0.688745E-01    0.684323E-01    0.679902E-01
    0.675480E-01    0.671059E-01    0.666637E-01    0.662215E-01
    0.657794E-01    0.653373E-01    0.648952E-01    0.644530E-01
    0.640109E-01    0.635687E-01    0.631266E-01    0.626844E-01
    0.622422E-01    0.618237E-01    0.614290E-01    0.610342E-01
    0.606394E-01    0.602446E-01    0.598179E-01    0.593621E-01
    0.589063E-01    0.584505E-01    0.576952E-01    0.565806E-01
    0.563089E-01    0.560373E-01    0.557657E-01    0.554940E-01
    0.552224E-01    0.549507E-01    0.546791E-01    0.543952E-01
    0.541112E-01    0.538273E-01    0.535433E-01    0.532594E-01
    0.529754E-01    0.526915E-01    0.524076E-01    0.521236E-01
    0.518397E-01    0.515710E-01    0.513023E-01    0.510326E-01
    0.507591E-01    0.500256E-01    0.498469E-01    0.496681E-01
    0.494893E-01    0.492842E-01    0.490003E-01    0.487163E-01
    0.484429E-01    0.481729E-01    0.476505E-01    0.475071E-01
    0.473017E-01    0.469856E-01    0.467287E-01    0.464448E-01
    0.461608E-01    0.458769E-01    0.455930E-01    0.453179E-01
    0.453179E-01    0.453179E-01    0.453179E-01    0.453179E-01
    0.453179E-01    0.453179E-01    0.453179E-01    0.453179E-01
    0.453179E-01    0.453179E-01    0.453179E-01    0.453179E-01
    0.453179E-01    0.453179E-01    0.453179E-01    0.453179E-01
    0.453179E-01    0.453179E-01    0.453179E-01    0.453179E-01
    0.453179E-01    0.453179E-01    0.453179E-01    0.453179E-01
    0.453179E-01    0.813282E-01    0.808780E-01    0.804277E-01
    0.799775E-01    0.795272E-01    0.790769E-01    0.786267E-01
    0.781764E-01    0.777262E-01    0.772759E-01    0.768257E-01
    0.763754E-01    0.759251E-01    0.754749E-01    0.750246E-01
    0.745743E-01    0.741241E-01    0.736739E-01    0.732236E-01
    0.727734E-01    0.723231E-01    0.718728E-01    0.714226E-01
    0.709723E-01    0.705220E-01    0.700718E-01    0.696215E-01
    0.691713E-01    0.687210E-01    0.682708E-01    0.678205E-01
    0.673703E-01    0.669200E-01    0.664697E-01    0.660194E-01
    0.655692E-01    0.651190E-01    0.646687E-01    0.642185E-01
    0.637682E-01    0.633180E-01    0.628677E-01    0.624174E-01
    0.619672E-01    0.615169E-01    0.610943E-01    0.606996E-01
    0.603048E-01    0.599100E-01    0.594766E-01    0.590208E-01
    0.585651E-01    0.581093E-01    0.576535E-01    0.569340E-01
    0.560066E-01    0.556950E-01    0.553833E-01    0.550716E-01
    0.547599E-01    0.544483E-01    0.541366E-01    0.538249E-01
    0.535397E-01    0.532545E-01    0.529693E-01    0.526841E-01
    0.523988E-01    0.521136E-01    0.518285E-01    0.515433E-01
    0.512580E-01    0.509728E-01    0.507041E-01    0.504339E-01
    0.501605E-01    0.498870E-01    0.494425E-01    0.491851E-01
    0.489277E-01    0.486703E-01    0.484060E-01    0.481208E-01
    0.478356E-01    0.475615E-01    0.472892E-01    0.469940E-01
    0.467002E-01    0.464147E-01    0.460734E-01    0.458392E-01
    0.455540E-01    0.452688E-01    0.449836E-01    0.446984E-01
    0.444221E-01    0.444221E-01    0.444221E-01    0.444221E-01
    0.444221E-01    0.444221E-01    0.444221E-01    0.444221E-01
    0.444221E-01    0.444221E-01    0.444221E-01    0.444221E-01
    0.444221E-01    0.444221E-01    0.444221E-01    0.444221E-01
    0.444221E-01    0.444221E-01    0.444221E-01    0.444221E-01
    0.444221E-01    0.444221E-01    0.444221E-01    0.444221E-01
    0.444221E-01    0.444221E-01    0.809598E-01    0.805014E-01
    0.800430E-01    0.795847E-01    0.791263E-01    0.786679E-01
    0.782096E-01    0.777512E-01    0.772928E-01    0.768345E-01
    0.763761E-01    0.759177E-01    0.754594E-01    0.750010E-01
    0.745426E-01    0.740842E-01    0.736259E-01    0.731675E-01
    0.727092E-01    0.722508E-01    0.717924E-01    0.713341E-01
    0.708757E-01    0.704173E-01    0.699589E-01    0.695005E-01
    0.690422E-01    0.685838E-01    0.681255E-01    0.676671E-01
    0.672087E-01    0.667504E-01    0.662920E-01    0.658336E-01
    0.653752E-01    0.649168E-01    0.644585E-01    0.640001E-01
    0.635418E-01    0.630834E-01    0.626251E-01    0.621667E-01
    0.617083E-01    0.612499E-01    0.607915E-01    0.603649E-01
    0.599702E-01    0.595754E-01    0.591353E-01    0.586796E-01
    0.582238E-01    0.577681E-01    0.573123E-01    0.568565E-01
    0.561370E-01    0.554327E-01    0.550810E-01    0.547293E-01
    0.543776E-01    0.540258E-01    0.536741E-01    0.533224E-01
    0.529706E-01    0.526842E-01    0.523977E-01    0.521112E-01
    0.518248E-01    0.515383E-01    0.512518E-01    0.509654E-01
    0.506789E-01    0.503925E-01    0.501060E-01    0.498353E-01
    0.495618E-01    0.492884E-01    0.490149E-01    0.485842E-01
    0.484212E-01    0.481224E-01    0.478235E-01    0.475278E-01
    0.472413E-01    0.469549E-01    0.466791E-01    0.463947E-01
    0.458662E-01    0.457208E-01    0.455229E-01    0.452558E-01
    0.450567E-01    0.446543E-01    0.443767E-01    0.440902E-01
    0.438038E-01    0.435435E-01    0.435435E-01    0.435435E-01
    0.435435E-01    0.435435E-01    0.435435E-01    0.435435E-01
    0.435435E-01    0.435435E-01    0.435435E-01    0.435435E-01
    0.435435E-01    0.435435E-01    0.435435E-01    0.435435E-01
    0.435435E-01    0.435435E-01    0.435435E-01    0.435435E-01
    0.435435E-01    0.435435E-01    0.435435E-01    0.435435E-01
    0.435435E-01    0.435435E-01    0.435435E-01    0.805913E-01
    0.801249E-01    0.796584E-01    0.791919E-01    0.787254E-01
    0.782589E-01    0.777925E-01    0.773260E-01    0.768595E-01
    0.763930E-01    0.759265E-01    0.754601E-01    0.749936E-01
    0.745271E-01    0.740606E-01    0.735941E-01    0.731276E-01
    0.726612E-01    0.721947E-01    0.717282E-01    0.712617E-01
    0.707953E-01    0.703288E-01    0.698623E-01    0.693958E-01
    0.689293E-01    0.684628E-01    0.679964E-01    0.675299E-01
    0.670634E-01    0.665970E-01    0.661305E-01    0.656640E-01
    0.651975E-01    0.647310E-01    0.642645E-01    0.637980E-01
    0.633316E-01    0.628651E-01    0.623986E-01    0.619322E-01
    0.614657E-01    0.609992E-01    0.605327E-01    0.600662E-01
    0.596355E-01    0.592408E-01    0.587940E-01    0.583383E-01
    0.578825E-01    0.574268E-01    0.569711E-01    0.565153E-01
    0.560595E-01    0.553400E-01    0.546682E-01    0.543499E-01
    0.539777E-01    0.536054E-01    0.532332E-01    0.528609E-01
    0.524887E-01    0.521164E-01    0.518287E-01    0.515410E-01
    0.512532E-01    0.509655E-01    0.506778E-01    0.503900E-01
    0.501023E-01    0.498146E-01    0.495269E-01    0.492391E-01
    0.489657E-01    0.486923E-01    0.484188E-01    0.481446E-01
    0.474190E-01    0.472711E-01    0.471233E-01    0.469456E-01
    0.466496E-01    0.463619E-01    0.460742E-01    0.457707E-01
    0.453596E-01    0.452315E-01    0.449312E-01    0.446355E-01
    0.443339E-01    0.439520E-01    0.437732E-01    0.434846E-01
    0.431969E-01    0.429092E-01    0.435435E-01    0.435435E-01
    0.435435E-01    0.435435E-01    0.435435E-01    0.435435E-01
    0.435435E-01    0.435435E-01    0.435435E-01    0.435435E-01
    0.435435E-01    0.435435E-01    0.435435E-01    0.435435E-01
    0.435435E-01    0.435435E-01    0.435435E-01    0.435435E-01
    0.435435E-01    0.435435E-01    0.435435E-01    0.435435E-01
    0.435435E-01    0.435435E-01    0.435435E-01    0.435435E-01
    0.802229E-01    0.797483E-01    0.792737E-01    0.787991E-01
    0.783245E-01    0.778499E-01    0.773753E-01    0.769007E-01
    0.764262E-01    0.759516E-01    0.754770E-01    0.750024E-01
    0.745278E-01    0.740532E-01    0.735786E-01    0.731040E-01
    0.726294E-01    0.721548E-01    0.716803E-01    0.712057E-01
    0.707311E-01    0.702565E-01    0.697819E-01    0.693073E-01
    0.688327E-01    0.683581E-01    0.678835E-01    0.674089E-01
    0.669343E-01    0.664598E-01    0.659852E-01    0.655106E-01
    0.650360E-01    0.645614E-01    0.640867E-01    0.636121E-01
    0.631376E-01    0.626630E-01    0.621884E-01    0.617138E-01
    0.612393E-01    0.607647E-01    0.602901E-01    0.598154E-01
    0.593408E-01    0.589061E-01    0.584527E-01    0.579970E-01
    0.575412E-01    0.570855E-01    0.566298E-01    0.561740E-01
    0.557183E-01    0.552625E-01    0.543353E-01    0.535741E-01
    0.533279E-01    0.530818E-01    0.527512E-01    0.523789E-01
    0.520067E-01    0.516344E-01    0.512622E-01    0.509732E-01
    0.506842E-01    0.503952E-01    0.501062E-01    0.498172E-01
    0.495282E-01    0.492393E-01    0.489503E-01    0.486613E-01
    0.483723E-01    0.480989E-01    0.478254E-01    0.475506E-01
    0.472725E-01    0.465458E-01    0.463586E-01    0.461713E-01
    0.459841E-01    0.457716E-01    0.454832E-01    0.451992E-01
    0.448485E-01    0.444742E-01    0.441380E-01    0.439356E-01
    0.437536E-01    0.434143E-01    0.431705E-01    0.428815E-01
    0.425925E-01    0.423035E-01    0.420255E-01    0.420255E-01
    0.420255E-01    0.435435E-01    0.435435E-01    0.435435E-01
    0.435435E-01    0.435435E-01    0.435435E-01    0.435435E-01
    0.435435E-01    0.435435E-01    0.435435E-01    0.435435E-01
    0.435435E-01    0.435435E-01    0.435435E-01    0.435435E-01
    0.435435E-01    0.435435E-01    0.435435E-01    0.435435E-01
    0.435435E-01    0.435435E-01    0.435435E-01    0.435435E-01
    0.435435E-01    0.798544E-01    0.793717E-01    0.788890E-01
    0.784063E-01    0.779236E-01    0.774409E-01    0.769582E-01
    0.764755E-01    0.759928E-01    0.755101E-01    0.750274E-01
    0.745447E-01    0.740620E-01    0.735793E-01    0.730966E-01
    0.726139E-01    0.721312E-01    0.716485E-01    0.711658E-01
    0.706831E-01    0.702004E-01    0.697177E-01    0.692350E-01
    0.687523E-01    0.682695E-01    0.677868E-01    0.673042E-01
    0.668215E-01    0.663388E-01    0.658561E-01    0.653734E-01
    0.648907E-01    0.644080E-01    0.639252E-01    0.634425E-01
    0.629598E-01    0.624771E-01    0.619944E-01    0.615118E-01
    0.610291E-01    0.605463E-01    0.600636E-01    0.595809E-01
    0.590982E-01    0.586155E-01    0.581463E-01    0.576906E-01
    0.572349E-01    0.567791E-01    0.563234E-01    0.558677E-01
    0.554120E-01    0.549562E-01    0.544808E-01    0.532412E-01
    0.524799E-01    0.522338E-01    0.519877E-01    0.517415E-01
    0.514954E-01    0.511524E-01    0.507802E-01    0.504079E-01
    0.501177E-01    0.498275E-01    0.495372E-01    0.492470E-01
    0.489567E-01    0.486665E-01    0.483762E-01    0.480860E-01
    0.477957E-01    0.475054E-01    0.472320E-01    0.469567E-01
    0.466786E-01    0.464004E-01    0.459626E-01    0.456968E-01
    0.454310E-01    0.451651E-01    0.448937E-01    0.446128E-01
    0.443358E-01    0.440367E-01    0.437338E-01    0.434419E-01
    0.431517E-01    0.428169E-01    0.425031E-01    0.422809E-01
    0.419907E-01    0.417004E-01    0.414102E-01    0.411411E-01
    0.411411E-01    0.411411E-01    0.411411E-01    0.411411E-01
    0.435435E-01    0.435435E-01    0.435435E-01    0.435435E-01
    0.435435E-01    0.435435E-01    0.435435E-01    0.435435E-01
    0.435435E-01    0.435435E-01    0.435435E-01    0.435435E-01
    0.435435E-01    0.435435E-01    0.435435E-01    0.435435E-01
    0.435435E-01    0.435435E-01    0.435435E-01    0.435435E-01
    0.435435E-01    0.435435E-01    0.794860E-01    0.789952E-01
    0.785044E-01    0.780135E-01    0.775227E-01    0.770319E-01
    0.765411E-01    0.760503E-01    0.755595E-01    0.750687E-01
    0.745779E-01    0.740870E-01    0.735962E-01    0.731054E-01
    0.726146E-01    0.721237E-01    0.716330E-01    0.711422E-01
    0.706513E-01    0.701605E-01    0.696697E-01    0.691789E-01
    0.686881E-01    0.681973E-01    0.677064E-01    0.672156E-01
    0.667248E-01    0.662340E-01    0.657432E-01    0.652524E-01
    0.647616E-01    0.642708E-01    0.637799E-01    0.632891E-01
    0.627983E-01    0.623075E-01    0.618167E-01    0.613259E-01
    0.608351E-01    0.603443E-01    0.598534E-01    0.593626E-01
    0.588718E-01    0.583810E-01    0.578901E-01    0.574169E-01
    0.569612E-01    0.565055E-01    0.560498E-01    0.555940E-01
    0.551383E-01    0.546826E-01    0.542005E-01    0.536838E-01
    0.523276E-01    0.513858E-01    0.511396E-01    0.508935E-01
    0.506474E-01    0.504012E-01    0.501551E-01    0.499089E-01
    0.495537E-01    0.492622E-01    0.489707E-01    0.486792E-01
    0.483877E-01    0.480962E-01    0.478047E-01    0.475132E-01
    0.472216E-01    0.469301E-01    0.466386E-01    0.463628E-01
    0.460846E-01    0.458064E-01    0.455283E-01    0.450704E-01
    0.449187E-01    0.446176E-01    0.443149E-01    0.440186E-01
    0.437416E-01    0.434607E-01    0.429875E-01    0.428319E-01
    0.425574E-01    0.422746E-01    0.418976E-01    0.416829E-01
    0.413914E-01    0.410999E-01    0.408084E-01    0.405186E-01
    0.411411E-01    0.411411E-01    0.411411E-01    0.411411E-01
    0.411411E-01    0.411411E-01    0.411411E-01    0.411411E-01
    0.435435E-01    0.435435E-01    0.435435E-01    0.435435E-01
    0.435435E-01    0.435435E-01    0.435435E-01    0.435435E-01
    0.435435E-01    0.435435E-01    0.435435E-01    0.435435E-01
    0.435435E-01    0.435435E-01    0.435435E-01    0.435435E-01
    0.435435E-01    0.435435E-01    0.435435E-01    0.791175E-01
    0.786186E-01    0.781197E-01    0.776207E-01    0.771218E-01
    0.766229E-01    0.761240E-01    0.756251E-01    0.751261E-01
    0.746272E-01    0.741283E-01    0.736294E-01    0.731304E-01
    0.726315E-01    0.721326E-01    0.716336E-01    0.711347E-01
    0.706358E-01    0.701369E-01    0.696380E-01    0.691390E-01
    0.686401E-01    0.681412E-01    0.676422E-01    0.671433E-01
    0.666444E-01    0.661455E-01    0.656466E-01    0.651476E-01
    0.646487E-01    0.641498E-01    0.636509E-01    0.631519E-01
    0.626530E-01    0.621540E-01    0.616551E-01    0.611562E-01
    0.606573E-01    0.601584E-01    0.596595E-01    0.591605E-01
    0.586616E-01    0.581627E-01    0.576637E-01    0.571648E-01
    0.566875E-01    0.562318E-01    0.557761E-01    0.553204E-01
    0.548647E-01    0.544089E-01    0.539201E-01    0.534035E-01
    0.528868E-01    0.517736E-01    0.505755E-01    0.503075E-01
    0.500395E-01    0.497715E-01    0.495035E-01    0.492355E-01
    0.489675E-01    0.486995E-01    0.484067E-01    0.481140E-01
    0.478212E-01    0.475284E-01    0.472356E-01    0.469429E-01
    0.466501E-01    0.463573E-01    0.460645E-01    0.457717E-01
    0.454936E-01    0.452154E-01    0.449372E-01    0.446579E-01
    0.439051E-01    0.437535E-01    0.436018E-01    0.434370E-01
    0.431407E-01    0.428619E-01    0.425802E-01    0.422720E-01
    0.419672E-01    0.416729E-01    0.413888E-01    0.410642E-01
    0.407946E-01    0.405018E-01    0.402091E-01    0.399163E-01
    0.396342E-01    0.396342E-01    0.396342E-01    0.411411E-01
    0.411411E-01    0.411411E-01    0.411411E-01    0.411411E-01
    0.411411E-01    0.411411E-01    0.411411E-01    0.411411E-01
    0.435435E-01    0.435435E-01    0.435435E-01    0.435435E-01
    0.435435E-01    0.435435E-01    0.435435E-01    0.435435E-01
    0.435435E-01    0.435435E-01    0.435435E-01    0.435435E-01
    0.435435E-01    0.435435E-01    0.435435E-01    0.167074E-01
    0.787491E-01    0.782421E-01    0.777350E-01    0.772280E-01
    0.767209E-01    0.762139E-01    0.757069E-01    0.751998E-01
    0.746928E-01    0.741858E-01    0.736787E-01    0.731717E-01
    0.726646E-01    0.721576E-01    0.716505E-01    0.711435E-01
    0.706365E-01    0.701295E-01    0.696224E-01    0.691154E-01
    0.686084E-01    0.681013E-01    0.675943E-01    0.670872E-01
    0.665802E-01    0.660731E-01    0.655661E-01    0.650591E-01
    0.645521E-01    0.640450E-01    0.635380E-01    0.630310E-01
    0.625239E-01    0.620169E-01    0.615098E-01    0.610028E-01
    0.604957E-01    0.599887E-01    0.594817E-01    0.589747E-01
    0.584676E-01    0.579606E-01    0.574536E-01    0.569465E-01
    0.564394E-01    0.559581E-01    0.555024E-01    0.550467E-01
    0.545910E-01    0.541353E-01    0.536398E-01    0.531231E-01
    0.526065E-01    0.520898E-01    0.512196E-01    0.500015E-01
    0.496935E-01    0.493855E-01    0.490774E-01    0.487694E-01
    0.484614E-01    0.481533E-01    0.478453E-01    0.475512E-01
    0.472572E-01    0.469632E-01    0.466691E-01    0.463751E-01
    0.460811E-01    0.457870E-01    0.454930E-01    0.451990E-01
    0.449049E-01    0.446267E-01    0.443486E-01    0.440688E-01
    0.437858E-01    0.430659E-01    0.428702E-01    0.426745E-01
    0.424789E-01    0.422623E-01    0.419829E-01    0.416416E-01
    0.412280E-01    0.410659E-01    0.407884E-01    0.405032E-01
    0.401727E-01    0.399063E-01    0.396123E-01    0.393182E-01
    0.390242E-01    0.396342E-01    0.396342E-01    0.396342E-01
    0.396342E-01    0.396342E-01    0.411411E-01    0.411411E-01
    0.411411E-01    0.411411E-01    0.411411E-01    0.411411E-01
    0.411411E-01    0.411411E-01    0.411411E-01    0.411411E-01
    0.435435E-01    0.435435E-01    0.435435E-01    0.435435E-01
    0.435435E-01    0.435435E-01    0.435435E-01    0.435435E-01
    0.435435E-01    0.435435E-01    0.167074E-01    0.167074E-01
    0.167074E-01    0.783806E-01    0.778655E-01    0.773503E-01
    0.768352E-01    0.763200E-01    0.758049E-01    0.752897E-01
    0.747746E-01    0.742595E-01    0.737443E-01    0.732292E-01
    0.727140E-01    0.721989E-01    0.716837E-01    0.711685E-01
    0.706534E-01    0.701383E-01    0.696231E-01    0.691080E-01
    0.685928E-01    0.680777E-01    0.675625E-01    0.670474E-01
    0.665322E-01    0.660171E-01    0.655019E-01    0.649868E-01
    0.644716E-01    0.639565E-01    0.634414E-01    0.629262E-01
    0.624111E-01    0.618959E-01    0.613807E-01    0.608656E-01
    0.603504E-01    0.598353E-01    0.593202E-01    0.588050E-01
    0.582899E-01    0.577747E-01    0.572596E-01    0.567444E-01
    0.562293E-01    0.557141E-01    0.552287E-01    0.547730E-01
    0.543173E-01    0.538616E-01    0.533594E-01    0.528428E-01
    0.523261E-01    0.518094E-01    0.512928E-01    0.504301E-01
    0.494276E-01    0.490796E-01    0.487315E-01    0.483834E-01
    0.480353E-01    0.476872E-01    0.473391E-01    0.469910E-01
    0.466958E-01    0.464005E-01    0.461052E-01    0.458099E-01
    0.455145E-01    0.452193E-01    0.449240E-01    0.446287E-01
    0.443334E-01    0.440381E-01    0.437599E-01    0.434796E-01
    0.431967E-01    0.429137E-01    0.424827E-01    0.422085E-01
    0.419342E-01    0.416599E-01    0.413844E-01    0.411031E-01
    0.407611E-01    0.404835E-01    0.401815E-01    0.399039E-01
    0.396175E-01    0.392328E-01    0.390180E-01    0.387227E-01
    0.384274E-01    0.381321E-01    0.381321E-01    0.381321E-01
    0.396342E-01    0.396342E-01    0.396342E-01    0.396342E-01
    0.396342E-01    0.411411E-01    0.411411E-01    0.411411E-01
    0.411411E-01    0.411411E-01    0.411411E-01    0.411411E-01
    0.411411E-01    0.411411E-01    0.411411E-01    0.411411E-01
    0.435435E-01    0.288725E-01    0.288725E-01    0.288725E-01
    0.193965E-01    0.193965E-01    0.167074E-01    0.167074E-01
    0.167074E-01    0.167074E-01    0.780122E-01    0.774889E-01
    0.769657E-01    0.764424E-01    0.759191E-01    0.753959E-01
    0.748726E-01    0.743494E-01    0.738261E-01    0.733029E-01
    0.727796E-01    0.722563E-01    0.717331E-01    0.712098E-01
    0.706865E-01    0.701633E-01    0.696400E-01    0.691168E-01
    0.685935E-01    0.680703E-01    0.675470E-01    0.670237E-01
    0.665005E-01    0.659772E-01    0.654539E-01    0.649307E-01
    0.644074E-01    0.638842E-01    0.633609E-01    0.628377E-01
    0.623144E-01    0.617912E-01    0.612679E-01    0.607446E-01
    0.602213E-01    0.596981E-01    0.591748E-01    0.586516E-01
    0.581283E-01    0.576051E-01    0.570818E-01    0.565586E-01
    0.560353E-01    0.555120E-01    0.549887E-01    0.544993E-01
    0.540436E-01    0.535879E-01    0.530790E-01    0.525624E-01
    0.520458E-01    0.515291E-01    0.510124E-01    0.504958E-01
    0.496331E-01    0.488537E-01    0.484656E-01    0.480775E-01
    0.476893E-01    0.473012E-01    0.469131E-01    0.465250E-01
    0.461368E-01    0.458403E-01    0.455437E-01    0.452471E-01
    0.449506E-01    0.446540E-01    0.443575E-01    0.440609E-01
    0.437644E-01    0.434678E-01    0.431712E-01    0.428904E-01
    0.426075E-01    0.423246E-01    0.420416E-01    0.415566E-01
    0.414010E-01    0.411128E-01    0.408063E-01    0.405059E-01
    0.402242E-01    0.398802E-01    0.394686E-01    0.393000E-01
    0.390194E-01    0.387317E-01    0.383456E-01    0.381297E-01
    0.378332E-01    0.375366E-01    0.372555E-01    0.372555E-01
    0.372555E-01    0.372555E-01    0.372555E-01    0.396342E-01
    0.396342E-01    0.396342E-01    0.396342E-01    0.396342E-01
    0.411411E-01    0.411411E-01    0.411411E-01    0.288725E-01
    0.288725E-01    0.288725E-01    0.288725E-01    0.288725E-01
    0.288725E-01    0.288725E-01    0.288725E-01    0.288725E-01
    0.193965E-01    0.193965E-01    0.167074E-01    0.167074E-01
    0.167074E-01    0.167074E-01    0.167074E-01    0.776437E-01
    0.771124E-01    0.765810E-01    0.760496E-01    0.755182E-01
    0.749869E-01    0.744555E-01    0.739241E-01    0.733928E-01
    0.728614E-01    0.723300E-01    0.717987E-01    0.712673E-01
    0.707359E-01    0.702045E-01    0.696731E-01    0.691418E-01
    0.686104E-01    0.680791E-01    0.675477E-01    0.670163E-01
    0.664850E-01    0.659536E-01    0.654222E-01    0.648908E-01
    0.643594E-01    0.638281E-01    0.632967E-01    0.627654E-01
    0.622340E-01    0.617026E-01    0.611713E-01    0.606399E-01
    0.601085E-01    0.595771E-01    0.590457E-01    0.585144E-01
    0.579830E-01    0.574517E-01    0.569203E-01    0.563889E-01
    0.558576E-01    0.553262E-01    0.547948E-01    0.542634E-01
    0.537699E-01    0.533142E-01    0.527986E-01    0.522820E-01
    0.517654E-01    0.512487E-01    0.507321E-01    0.502154E-01
    0.496988E-01    0.488361E-01    0.480285E-01    0.477064E-01
    0.473025E-01    0.468985E-01    0.464945E-01    0.460906E-01
    0.456866E-01    0.452826E-01    0.449848E-01    0.446870E-01
    0.443891E-01    0.440913E-01    0.437935E-01    0.434957E-01
    0.431978E-01    0.429000E-01    0.426022E-01    0.423044E-01
    0.420215E-01    0.417385E-01    0.414556E-01    0.411713E-01
    0.403914E-01    0.402358E-01    0.400802E-01    0.399247E-01
    0.396280E-01    0.393443E-01    0.389997E-01    0.387428E-01
    0.384341E-01    0.381349E-01    0.378460E-01    0.374584E-01
    0.372414E-01    0.369436E-01    0.366458E-01    0.372555E-01
    0.372555E-01    0.372555E-01    0.372555E-01    0.372555E-01
    0.372555E-01    0.372555E-01    0.372555E-01    0.300545E-01
    0.300545E-01    0.300545E-01    0.288725E-01    0.288725E-01
    0.288725E-01    0.288725E-01    0.288725E-01    0.288725E-01
    0.288725E-01    0.288725E-01    0.288725E-01    0.288725E-01
    0.193965E-01    0.193965E-01    0.193965E-01    0.167074E-01
    0.167074E-01    0.167074E-01    0.167074E-01    0.167074E-01
    0.772753E-01    0.767358E-01    0.761963E-01    0.756568E-01
    0.751173E-01    0.745779E-01    0.740384E-01    0.734989E-01
    0.729594E-01    0.724200E-01    0.718805E-01    0.713410E-01
    0.708015E-01    0.702620E-01    0.697225E-01    0.691830E-01
    0.686436E-01    0.681041E-01    0.675646E-01    0.670251E-01
    0.664857E-01    0.659462E-01    0.654067E-01    0.648672E-01
    0.643277E-01    0.637882E-01    0.632487E-01    0.627093E-01
    0.621698E-01    0.616303E-01    0.610908E-01    0.605514E-01
    0.600119E-01    0.594724E-01    0.589329E-01    0.583934E-01
    0.578539E-01    0.573145E-01    0.567750E-01    0.562355E-01
    0.556960E-01    0.551565E-01    0.546170E-01    0.540775E-01
    0.535380E-01    0.530348E-01    0.525182E-01    0.520016E-01
    0.514850E-01    0.509683E-01    0.504517E-01    0.499351E-01
    0.494184E-01    0.489018E-01    0.477967E-01    0.469343E-01
    0.466565E-01    0.463786E-01    0.460443E-01    0.456403E-01
    0.452363E-01    0.448323E-01    0.444283E-01    0.441293E-01
    0.438302E-01    0.435311E-01    0.432320E-01    0.429329E-01
    0.426339E-01    0.423348E-01    0.420357E-01    0.417366E-01
    0.414375E-01    0.411546E-01    0.408717E-01    0.405869E-01
    0.402992E-01    0.395861E-01    0.393820E-01    0.391779E-01
    0.389737E-01    0.387495E-01    0.384654E-01    0.381764E-01
    0.377092E-01    0.375340E-01    0.372504E-01    0.369603E-01
    0.365712E-01    0.363531E-01    0.360540E-01    0.357550E-01
    0.357550E-01    0.357550E-01    0.372555E-01    0.372555E-01
    0.372555E-01    0.372555E-01    0.300545E-01    0.300545E-01
    0.300545E-01    0.300545E-01    0.288725E-01    0.288725E-01
    0.288725E-01    0.288725E-01    0.288725E-01    0.288725E-01
    0.288725E-01    0.288725E-01    0.288725E-01    0.193965E-01
    0.193965E-01    0.193965E-01    0.193965E-01    0.167074E-01
    0.167074E-01    0.167074E-01    0.167074E-01    0.167074E-01
    0.167074E-01    0.769068E-01    0.763592E-01    0.758116E-01
    0.752640E-01    0.747164E-01    0.741688E-01    0.736213E-01
    0.730737E-01    0.725261E-01    0.719785E-01    0.714309E-01
    0.708833E-01    0.703357E-01    0.697881E-01    0.692405E-01
    0.686929E-01    0.681453E-01    0.675977E-01    0.670502E-01
    0.665026E-01    0.659550E-01    0.654074E-01    0.648598E-01
    0.643122E-01    0.637646E-01    0.632170E-01    0.626694E-01
    0.621218E-01    0.615742E-01    0.610266E-01    0.604791E-01
    0.599315E-01    0.593839E-01    0.588362E-01    0.582886E-01
    0.577410E-01    0.571935E-01    0.566459E-01    0.560983E-01
    0.555507E-01    0.550031E-01    0.544555E-01    0.539079E-01
    0.533603E-01    0.528127E-01    0.522806E-01    0.517640E-01
    0.512474E-01    0.507308E-01    0.502142E-01    0.496975E-01
    0.491809E-01    0.486643E-01    0.481069E-01    0.467026E-01
    0.458402E-01    0.455623E-01    0.452844E-01    0.450065E-01
    0.447286E-01    0.443821E-01    0.439781E-01    0.435741E-01
    0.432738E-01    0.429734E-01    0.426731E-01    0.423728E-01
    0.420724E-01    0.417721E-01    0.414717E-01    0.411714E-01
    0.408710E-01    0.405707E-01    0.402878E-01    0.400024E-01
    0.397148E-01    0.394271E-01    0.390030E-01    0.387203E-01
    0.384375E-01    0.381548E-01    0.378717E-01    0.375855E-01
    0.372959E-01    0.369781E-01    0.366675E-01    0.363659E-01
    0.360746E-01    0.356840E-01    0.354648E-01    0.351645E-01
    0.348863E-01    0.348863E-01    0.348863E-01    0.348863E-01
    0.315683E-01    0.300545E-01    0.300545E-01    0.300545E-01
    0.300545E-01    0.300545E-01    0.288725E-01    0.288725E-01
    0.288725E-01    0.288725E-01    0.288725E-01    0.288725E-01
    0.288725E-01    0.288725E-01    0.288725E-01    0.193965E-01
    0.193965E-01    0.193965E-01    0.193965E-01    0.167074E-01
    0.167074E-01    0.167074E-01    0.167074E-01    0.167074E-01
    0.167074E-01    0.167074E-01    0.765384E-01    0.759827E-01
    0.754270E-01    0.748713E-01    0.743155E-01    0.737598E-01
    0.732041E-01    0.726485E-01    0.720928E-01    0.715371E-01
    0.709814E-01    0.704256E-01    0.698699E-01    0.693142E-01
    0.687585E-01    0.682028E-01    0.676471E-01    0.670914E-01
    0.665357E-01    0.659800E-01    0.654243E-01    0.648686E-01
    0.643129E-01    0.637572E-01    0.632014E-01    0.626457E-01
    0.620901E-01    0.615344E-01    0.609787E-01    0.604230E-01
    0.598673E-01    0.593116E-01    0.587558E-01    0.582001E-01
    0.576444E-01    0.570887E-01    0.565330E-01    0.559773E-01
    0.554216E-01    0.548659E-01    0.543102E-01    0.537545E-01
    0.531988E-01    0.526431E-01    0.520873E-01    0.515512E-01
    0.510346E-01    0.505180E-01    0.500014E-01    0.494848E-01
    0.489682E-01    0.484515E-01    0.478843E-01    0.472779E-01
    0.458481E-01    0.447460E-01    0.444682E-01    0.441903E-01
    0.439124E-01    0.436345E-01    0.433566E-01    0.430787E-01
    0.427199E-01    0.424183E-01    0.421167E-01    0.418151E-01
    0.415135E-01    0.412119E-01    0.409103E-01    0.406087E-01
    0.403071E-01    0.400054E-01    0.397038E-01    0.394179E-01
    0.391303E-01    0.388427E-01    0.385550E-01    0.380427E-01
    0.378832E-01    0.376080E-01    0.372976E-01    0.369932E-01
    0.367067E-01    0.364071E-01    0.359543E-01    0.358015E-01
    0.354943E-01    0.351862E-01    0.349491E-01    0.344833E-01
    0.342749E-01    0.340016E-01    0.340016E-01    0.340016E-01
    0.315683E-01    0.315683E-01    0.300545E-01    0.300545E-01
    0.300545E-01    0.300545E-01    0.288725E-01    0.288725E-01
    0.288725E-01    0.288725E-01    0.288725E-01    0.288725E-01
    0.288725E-01    0.288725E-01    0.288725E-01    0.193965E-01
    0.193965E-01    0.193965E-01    0.193965E-01    0.193965E-01
    0.167074E-01    0.167074E-01    0.167074E-01    0.167074E-01
    0.167074E-01    0.167074E-01    0.167074E-01    0.761699E-01
    0.756061E-01    0.750423E-01    0.744785E-01    0.739146E-01
    0.733508E-01    0.727870E-01    0.722232E-01    0.716594E-01
    0.710956E-01    0.705318E-01    0.699680E-01    0.694041E-01
    0.688403E-01    0.682765E-01    0.677127E-01    0.671489E-01
    0.665851E-01    0.660213E-01    0.654574E-01    0.648936E-01
    0.643298E-01    0.637660E-01    0.632022E-01    0.626383E-01
    0.620745E-01    0.615107E-01    0.609469E-01    0.603831E-01
    0.598193E-01    0.592555E-01    0.586917E-01    0.581278E-01
    0.575640E-01    0.570002E-01    0.564363E-01    0.558725E-01
    0.553087E-01    0.547449E-01    0.541811E-01    0.536173E-01
    0.530535E-01    0.524897E-01    0.519258E-01    0.513620E-01
    0.508218E-01    0.503052E-01    0.497886E-01    0.492720E-01
    0.487554E-01    0.482388E-01    0.476617E-01    0.470553E-01
    0.464488E-01    0.452850E-01    0.440013E-01    0.437183E-01
    0.434354E-01    0.431524E-01    0.428694E-01    0.425864E-01
    0.423034E-01    0.420204E-01    0.417183E-01    0.414163E-01
    0.411143E-01    0.408123E-01    0.404034E-01    0.400901E-01
    0.397768E-01    0.394635E-01    0.391503E-01    0.388370E-01
    0.385493E-01    0.382617E-01    0.379740E-01    0.376847E-01
    0.368774E-01    0.367180E-01    0.365586E-01    0.363992E-01
    0.361153E-01    0.358138E-01    0.355105E-01    0.352777E-01
    0.351536E-01    0.347484E-01    0.343350E-01    0.339964E-01
    0.335929E-01    0.333854E-01    0.330869E-01    0.330869E-01
    0.315683E-01    0.315683E-01    0.300545E-01    0.300545E-01
    0.300545E-01    0.300545E-01    0.288725E-01    0.288725E-01
    0.288725E-01    0.288725E-01    0.288725E-01    0.288725E-01
    0.288725E-01    0.288725E-01    0.288725E-01    0.193965E-01
    0.193965E-01    0.193965E-01    0.193965E-01    0.193965E-01
    0.167074E-01    0.167074E-01    0.167074E-01    0.167074E-01
    0.167074E-01    0.167074E-01    0.167074E-01    0.167074E-01
    0.758015E-01    0.752296E-01    0.746576E-01    0.740857E-01
    0.735137E-01    0.729418E-01    0.723699E-01    0.717980E-01
    0.712261E-01    0.706541E-01    0.700822E-01    0.695103E-01
    0.689384E-01    0.683664E-01    0.677945E-01    0.672225E-01
    0.666506E-01    0.660787E-01    0.655068E-01    0.649349E-01
    0.643630E-01    0.637910E-01    0.632191E-01    0.626471E-01
    0.620752E-01    0.615033E-01    0.609314E-01    0.603594E-01
    0.597875E-01    0.592156E-01    0.586437E-01    0.580717E-01
    0.574998E-01    0.569279E-01    0.563559E-01    0.557840E-01
    0.552121E-01    0.546402E-01    0.540683E-01    0.534963E-01
    0.529244E-01    0.523525E-01    0.517805E-01    0.512086E-01
    0.506366E-01    0.500924E-01    0.495758E-01    0.490592E-01
    0.485426E-01    0.480260E-01    0.474391E-01    0.468327E-01
    0.462262E-01    0.456198E-01    0.447219E-01    0.434345E-01
    0.431438E-01    0.428531E-01    0.425624E-01    0.422717E-01
    0.419810E-01    0.416903E-01    0.413996E-01    0.410976E-01
    0.407956E-01    0.404935E-01    0.401141E-01    0.396213E-01
    0.392911E-01    0.389609E-01    0.386306E-01    0.383004E-01
    0.379701E-01    0.376825E-01    0.373949E-01    0.371050E-01
    0.368126E-01    0.361064E-01    0.358938E-01    0.356811E-01
    0.354685E-01    0.352330E-01    0.349289E-01    0.346247E-01
    0.343303E-01    0.342151E-01    0.335238E-01    0.333357E-01
    0.331096E-01    0.327001E-01    0.324958E-01    0.321917E-01
    0.318876E-01    0.315683E-01    0.315683E-01    0.300545E-01
    0.300545E-01    0.300545E-01    0.288725E-01    0.288725E-01
    0.288725E-01    0.288725E-01    0.288725E-01    0.288725E-01
    0.288725E-01    0.288725E-01    0.288725E-01    0.193965E-01
    0.193965E-01    0.193965E-01    0.193965E-01    0.193965E-01
    0.167074E-01    0.167074E-01    0.167074E-01    0.167074E-01
    0.167074E-01    0.167074E-01    0.167074E-01    0.167074E-01
    0.155347E-01    0.754330E-01    0.748530E-01    0.742730E-01
    0.736929E-01    0.731129E-01    0.725328E-01    0.719528E-01
    0.713728E-01    0.707927E-01    0.702127E-01    0.696327E-01
    0.690526E-01    0.684726E-01    0.678925E-01    0.673125E-01
    0.667324E-01    0.661524E-01    0.655724E-01    0.649923E-01
    0.644123E-01    0.638323E-01    0.632522E-01    0.626722E-01
    0.620921E-01    0.615121E-01    0.609320E-01    0.603520E-01
    0.597720E-01    0.591920E-01    0.586119E-01    0.580319E-01
    0.574518E-01    0.568718E-01    0.562917E-01    0.557117E-01
    0.551316E-01    0.545516E-01    0.539716E-01    0.533916E-01
    0.528115E-01    0.522315E-01    0.516515E-01    0.510714E-01
    0.504914E-01    0.499113E-01    0.493630E-01    0.488464E-01
    0.483298E-01    0.478133E-01    0.472164E-01    0.466100E-01
    0.460036E-01    0.453972E-01    0.447907E-01    0.441587E-01
    0.428676E-01    0.425692E-01    0.422708E-01    0.419724E-01
    0.416740E-01    0.413756E-01    0.410772E-01    0.407788E-01
    0.404768E-01    0.401748E-01    0.398247E-01    0.393320E-01
    0.388393E-01    0.384921E-01    0.381449E-01    0.377977E-01
    0.374505E-01    0.371033E-01    0.368157E-01    0.365253E-01
    0.362329E-01    0.359405E-01    0.355233E-01    0.352320E-01
    0.349408E-01    0.346496E-01    0.343548E-01    0.340494E-01
    0.337440E-01    0.334492E-01    0.331580E-01    0.327847E-01
    0.324699E-01    0.322170E-01    0.319354E-01    0.316107E-01
    0.312918E-01    0.309955E-01    0.306901E-01    0.303847E-01
    0.300545E-01    0.300545E-01    0.288725E-01    0.288725E-01
    0.288725E-01    0.288725E-01    0.288725E-01    0.288725E-01
    0.288725E-01    0.288725E-01    0.288725E-01    0.193965E-01
    0.193965E-01    0.193965E-01    0.193965E-01    0.193965E-01
    0.193965E-01    0.167074E-01    0.167074E-01    0.167074E-01
    0.167074E-01    0.167074E-01    0.167074E-01    0.167074E-01
    0.155347E-01    0.155347E-01    0.750646E-01    0.744764E-01
    0.738883E-01    0.733001E-01    0.727120E-01    0.721238E-01
    0.715357E-01    0.709475E-01    0.703594E-01    0.697712E-01
    0.691831E-01    0.685949E-01    0.680068E-01    0.674186E-01
    0.668305E-01    0.662423E-01    0.656542E-01    0.650660E-01
    0.644779E-01    0.638897E-01    0.633016E-01    0.627134E-01
    0.621253E-01    0.615371E-01    0.609490E-01    0.603608E-01
    0.597727E-01    0.591845E-01    0.585964E-01    0.580083E-01
    0.574201E-01    0.568319E-01    0.562438E-01    0.556556E-01
    0.550674E-01    0.544793E-01    0.538912E-01    0.533030E-01
    0.527149E-01    0.521268E-01    0.515386E-01    0.509505E-01
    0.503623E-01    0.497741E-01    0.491860E-01    0.486336E-01
    0.481170E-01    0.476002E-01    0.469938E-01    0.463874E-01
    0.457809E-01    0.451745E-01    0.445681E-01    0.439617E-01
    0.433552E-01    0.423007E-01    0.419946E-01    0.416886E-01
    0.413825E-01    0.410764E-01    0.407703E-01    0.404642E-01
    0.401580E-01    0.398560E-01    0.395354E-01    0.390427E-01
    0.385499E-01    0.380572E-01    0.376931E-01    0.373289E-01
    0.369648E-01    0.366006E-01    0.362365E-01    0.359455E-01
    0.356532E-01    0.353607E-01    0.350683E-01    0.345287E-01
    0.343654E-01    0.341032E-01    0.337890E-01    0.334766E-01
    0.331699E-01    0.328633E-01    0.325682E-01    0.322762E-01
    0.317615E-01    0.315667E-01    0.313300E-01    0.310252E-01
    0.307313E-01    0.304009E-01    0.301034E-01    0.297967E-01
    0.294901E-01    0.291834E-01    0.288725E-01    0.288725E-01
    0.288725E-01    0.288725E-01    0.288725E-01    0.288725E-01
    0.288725E-01    0.288725E-01    0.224648E-01    0.193965E-01
    0.193965E-01    0.193965E-01    0.193965E-01    0.193965E-01
    0.193965E-01    0.167074E-01    0.167074E-01    0.167074E-01
    0.167074E-01    0.167074E-01    0.167074E-01    0.167074E-01
    0.155347E-01    0.155347E-01    0.155347E-01    0.746961E-01
    0.740999E-01    0.735036E-01    0.729073E-01    0.723111E-01
    0.717148E-01    0.711186E-01    0.705223E-01    0.699261E-01
    0.693298E-01    0.687335E-01    0.681373E-01    0.675410E-01
    0.669447E-01    0.663484E-01    0.657522E-01    0.651559E-01
    0.645597E-01    0.639634E-01    0.633672E-01    0.627709E-01
    0.621747E-01    0.615784E-01    0.609821E-01    0.603858E-01
    0.597896E-01    0.591933E-01    0.585971E-01    0.580008E-01
    0.574046E-01    0.568083E-01    0.562120E-01    0.556158E-01
    0.550195E-01    0.544232E-01    0.538270E-01    0.532307E-01
    0.526345E-01    0.520382E-01    0.514420E-01    0.508457E-01
    0.502494E-01    0.496532E-01    0.490569E-01    0.484606E-01
    0.479042E-01    0.473774E-01    0.467710E-01    0.461647E-01
    0.455583E-01    0.449519E-01    0.443455E-01    0.437390E-01
    0.431326E-01    0.425262E-01    0.417339E-01    0.414201E-01
    0.411063E-01    0.407925E-01    0.404787E-01    0.401649E-01
    0.398511E-01    0.395373E-01    0.392353E-01    0.387533E-01
    0.382606E-01    0.375641E-01    0.370297E-01    0.368451E-01
    0.364762E-01    0.361074E-01    0.357385E-01    0.353696E-01
    0.350772E-01    0.347848E-01    0.344924E-01    0.341917E-01
    0.333635E-01    0.332002E-01    0.330369E-01    0.328736E-01
    0.325984E-01    0.322905E-01    0.319826E-01    0.316861E-01
    0.313925E-01    0.310060E-01    0.306893E-01    0.304430E-01
    0.301369E-01    0.298394E-01    0.295152E-01    0.292113E-01
    0.289034E-01    0.285955E-01    0.282876E-01    0.281184E-01
    0.281184E-01    0.281184E-01    0.281184E-01    0.281184E-01
    0.281184E-01    0.224648E-01    0.224648E-01    0.224648E-01
    0.193965E-01    0.193965E-01    0.193965E-01    0.193965E-01
    0.193965E-01    0.167074E-01    0.167074E-01    0.167074E-01
    0.167074E-01    0.167074E-01    0.167074E-01    0.167074E-01
    0.155347E-01    0.155347E-01    0.155347E-01    0.155347E-01
    0.743277E-01    0.737233E-01    0.731189E-01    0.725146E-01
    0.719102E-01    0.713058E-01    0.707014E-01    0.700971E-01
    0.694927E-01    0.688883E-01    0.682840E-01    0.676796E-01
    0.670752E-01    0.664708E-01    0.658664E-01    0.652621E-01
    0.646577E-01    0.640533E-01    0.634490E-01    0.628446E-01
    0.622402E-01    0.616359E-01    0.610315E-01    0.604271E-01
    0.598227E-01    0.592183E-01    0.586140E-01    0.580096E-01
    0.574053E-01    0.568009E-01    0.561965E-01    0.555921E-01
    0.549878E-01    0.543834E-01    0.537790E-01    0.531746E-01
    0.525703E-01    0.519659E-01    0.513615E-01    0.507572E-01
    0.501528E-01    0.495484E-01    0.489440E-01    0.483396E-01
    0.477353E-01    0.471547E-01    0.465483E-01    0.459419E-01
    0.453356E-01    0.447292E-01    0.441228E-01    0.435164E-01
    0.429100E-01    0.423036E-01    0.416971E-01    0.411670E-01
    0.408455E-01    0.405240E-01    0.402025E-01    0.398810E-01
    0.395595E-01    0.392380E-01    0.389165E-01    0.383736E-01
    0.376356E-01    0.368745E-01    0.360750E-01    0.359074E-01
    0.357399E-01    0.355723E-01    0.352405E-01    0.348716E-01
    0.345028E-01    0.342104E-01    0.339180E-01    0.336151E-01
    0.333031E-01    0.325488E-01    0.323953E-01    0.322419E-01
    0.320886E-01    0.318965E-01    0.315882E-01    0.312090E-01
    0.308641E-01    0.305397E-01    0.299839E-01    0.298280E-01
    0.296148E-01    0.292649E-01    0.289396E-01    0.285453E-01
    0.282740E-01    0.280101E-01    0.277009E-01    0.274014E-01
    0.281184E-01    0.281184E-01    0.281184E-01    0.281184E-01
    0.281184E-01    0.224648E-01    0.224648E-01    0.224648E-01
    0.193965E-01    0.193965E-01    0.193965E-01    0.193965E-01
    0.193965E-01    0.193965E-01    0.167074E-01    0.167074E-01
    0.167074E-01    0.167074E-01    0.167074E-01    0.167074E-01
    0.155347E-01    0.155347E-01    0.155347E-01    0.155347E-01
    0.155347E-01    0.739592E-01    0.733468E-01    0.727343E-01
    0.721218E-01    0.715093E-01    0.708968E-01    0.702843E-01
    0.696718E-01    0.690594E-01    0.684469E-01    0.678344E-01
    0.672219E-01    0.666094E-01    0.659969E-01    0.653844E-01
    0.647720E-01    0.641595E-01    0.635470E-01    0.629345E-01
    0.623221E-01    0.617096E-01    0.610971E-01    0.604846E-01
    0.598721E-01    0.592596E-01    0.586471E-01    0.580346E-01
    0.574222E-01    0.568097E-01    0.561972E-01    0.555847E-01
    0.549722E-01    0.543597E-01    0.537472E-01    0.531347E-01
    0.525223E-01    0.519098E-01    0.512973E-01    0.506849E-01
    0.500724E-01    0.494599E-01    0.488474E-01    0.482349E-01
    0.476224E-01    0.470099E-01    0.463974E-01    0.457850E-01
    0.451725E-01    0.445600E-01    0.439475E-01    0.433351E-01
    0.427226E-01    0.421101E-01    0.414976E-01    0.408851E-01
    0.404171E-01    0.400937E-01    0.397703E-01    0.394469E-01
    0.391235E-01    0.388001E-01    0.384767E-01    0.380307E-01
    0.368553E-01    0.361743E-01    0.353107E-01    0.349527E-01
    0.347852E-01    0.346176E-01    0.344500E-01    0.342825E-01
    0.340048E-01    0.336359E-01    0.333435E-01    0.330385E-01
    0.327265E-01    0.324145E-01    0.318596E-01    0.317195E-01
    0.315796E-01    0.314397E-01    0.312576E-01    0.309078E-01
    0.304091E-01    0.300244E-01    0.296498E-01    0.292921E-01
    0.291646E-01    0.289356E-01    0.283884E-01    0.280561E-01
    0.277376E-01    0.273833E-01    0.270365E-01    0.268073E-01
    0.264958E-01    0.261317E-01    0.261317E-01    0.261317E-01
    0.240262E-01    0.224648E-01    0.224648E-01    0.224648E-01
    0.224648E-01    0.193965E-01    0.193965E-01    0.193965E-01
    0.193965E-01    0.193965E-01    0.167074E-01    0.167074E-01
    0.167074E-01    0.167074E-01    0.167074E-01    0.167074E-01
    0.155347E-01    0.155347E-01    0.155347E-01    0.155347E-01
    0.155347E-01    0.155347E-01    0.735908E-01    0.729702E-01
    0.723496E-01    0.717290E-01    0.711084E-01    0.704878E-01
    0.698672E-01    0.692466E-01    0.686260E-01    0.680054E-01
    0.673848E-01    0.667642E-01    0.661436E-01    0.655230E-01
    0.649024E-01    0.642818E-01    0.636612E-01    0.630407E-01
    0.624201E-01    0.617995E-01    0.611789E-01    0.605583E-01
    0.599377E-01    0.593171E-01    0.586965E-01    0.580759E-01
    0.574553E-01    0.568347E-01    0.562141E-01    0.555935E-01
    0.549729E-01    0.543523E-01    0.537317E-01    0.531111E-01
    0.524905E-01    0.518699E-01    0.512493E-01    0.506288E-01
    0.500082E-01    0.493876E-01    0.487670E-01    0.481464E-01
    0.475258E-01    0.469052E-01    0.462846E-01    0.456640E-01
    0.450434E-01    0.444228E-01    0.438022E-01    0.431816E-01
    0.425610E-01    0.419404E-01    0.413198E-01    0.406992E-01
    0.400786E-01    0.396066E-01    0.392832E-01    0.389598E-01
    0.386364E-01    0.383130E-01    0.379896E-01    0.375519E-01
    0.370570E-01    0.361424E-01    0.347034E-01    0.339980E-01
    0.338305E-01    0.336629E-01    0.334954E-01    0.333278E-01
    0.331602E-01    0.329926E-01    0.327690E-01    0.324619E-01
    0.321499E-01    0.318379E-01    0.315260E-01    0.311703E-01
    0.310438E-01    0.309173E-01    0.307908E-01    0.306066E-01
    0.299339E-01    0.292593E-01    0.290927E-01    0.287642E-01
    0.284049E-01    0.280515E-01    0.275939E-01    0.273619E-01
    0.272052E-01    0.268692E-01    0.265463E-01    0.262189E-01
    0.257970E-01    0.256042E-01    0.252946E-01    0.252946E-01
    0.240262E-01    0.224648E-01    0.224648E-01    0.224648E-01
    0.224648E-01    0.193965E-01    0.193965E-01    0.193965E-01
    0.193965E-01    0.193965E-01    0.167074E-01    0.167074E-01
    0.167074E-01    0.167074E-01    0.167074E-01    0.167074E-01
    0.155347E-01    0.155347E-01    0.155347E-01    0.155347E-01
    0.155347E-01    0.155347E-01    0.155347E-01    0.732223E-01
    0.725936E-01    0.719649E-01    0.713362E-01    0.707075E-01
    0.700788E-01    0.694501E-01    0.688214E-01    0.681927E-01
    0.675640E-01    0.669353E-01    0.663066E-01    0.656779E-01
    0.650491E-01    0.644204E-01    0.637917E-01    0.631630E-01
    0.625343E-01    0.619056E-01    0.612769E-01    0.606482E-01
    0.600195E-01    0.593908E-01    0.587621E-01    0.581333E-01
    0.575046E-01    0.568759E-01    0.562473E-01    0.556186E-01
    0.549899E-01    0.543612E-01    0.537324E-01    0.531037E-01
    0.524750E-01    0.518463E-01    0.512176E-01    0.505889E-01
    0.499602E-01    0.493315E-01    0.487028E-01    0.480741E-01
    0.474454E-01    0.468167E-01    0.461879E-01    0.455592E-01
    0.449305E-01    0.443018E-01    0.436731E-01    0.430444E-01
    0.424157E-01    0.417870E-01    0.411583E-01    0.405296E-01
    0.399009E-01    0.392721E-01    0.387961E-01    0.384727E-01
    0.381493E-01    0.378259E-01    0.375025E-01    0.370732E-01
    0.365782E-01    0.360833E-01    0.354682E-01    0.340292E-01
    0.332279E-01    0.330651E-01    0.329022E-01    0.327393E-01
    0.325764E-01    0.324135E-01    0.322506E-01    0.320877E-01
    0.317758E-01    0.314638E-01    0.311519E-01    0.308399E-01
    0.303987E-01    0.302752E-01    0.301516E-01    0.300281E-01
    0.296485E-01    0.283701E-01    0.281111E-01    0.279445E-01
    0.277779E-01    0.275207E-01    0.272075E-01    0.268929E-01
    0.266822E-01    0.265538E-01    0.260414E-01    0.256834E-01
    0.253300E-01    0.250170E-01    0.246785E-01    0.243613E-01
    0.240262E-01    0.240262E-01    0.224648E-01    0.224648E-01
    0.224648E-01    0.212069E-01    0.193965E-01    0.193965E-01
    0.193965E-01    0.193965E-01    0.193965E-01    0.167074E-01
    0.167074E-01    0.167074E-01    0.167074E-01    0.167074E-01
    0.155347E-01    0.155347E-01    0.155347E-01    0.155347E-01
    0.155347E-01    0.155347E-01    0.155347E-01    0.155347E-01
    0.728539E-01    0.722171E-01    0.715802E-01    0.709434E-01
    0.703066E-01    0.696698E-01    0.690330E-01    0.683962E-01
    0.677593E-01    0.671225E-01    0.664857E-01    0.658489E-01
    0.652121E-01    0.645752E-01    0.639384E-01    0.633016E-01
    0.626648E-01    0.620280E-01    0.613912E-01    0.607544E-01
    0.601175E-01    0.594807E-01    0.588439E-01    0.582071E-01
    0.575702E-01    0.569334E-01    0.562966E-01    0.556598E-01
    0.550230E-01    0.543862E-01    0.537494E-01    0.531125E-01
    0.524757E-01    0.518389E-01    0.512020E-01    0.505652E-01
    0.499284E-01    0.492916E-01    0.486548E-01    0.480180E-01
    0.473812E-01    0.467444E-01    0.461075E-01    0.454707E-01
    0.448339E-01    0.441970E-01    0.435602E-01    0.429234E-01
    0.422866E-01    0.416498E-01    0.410130E-01    0.403762E-01
    0.397394E-01    0.391025E-01    0.384657E-01    0.379856E-01
    0.376622E-01    0.373388E-01    0.370154E-01    0.365944E-01
    0.360995E-01    0.356046E-01    0.351096E-01    0.346147E-01
    0.333550E-01    0.325568E-01    0.323999E-01    0.322430E-01
    0.320862E-01    0.319293E-01    0.317724E-01    0.316155E-01
    0.314586E-01    0.311466E-01    0.308347E-01    0.305227E-01
    0.301117E-01    0.296040E-01    0.294805E-01    0.293569E-01
    0.289923E-01    0.286135E-01    0.274915E-01    0.273354E-01
    0.271795E-01    0.270236E-01    0.268283E-01    0.265151E-01
    0.261203E-01    0.257091E-01    0.252692E-01    0.248841E-01
    0.247266E-01    0.244831E-01    0.241719E-01    0.238793E-01
    0.235408E-01    0.232403E-01    0.229006E-01    0.224648E-01
    0.224648E-01    0.212069E-01    0.197265E-01    0.193965E-01
    0.193965E-01    0.193965E-01    0.193965E-01    0.167074E-01
    0.167074E-01    0.167074E-01    0.167074E-01    0.167074E-01
    0.155347E-01    0.155347E-01    0.155347E-01    0.155347E-01
    0.155347E-01    0.155347E-01    0.155347E-01    0.155347E-01
    0.155347E-01    0.724854E-01    0.718405E-01    0.711956E-01
    0.705506E-01    0.699057E-01    0.692608E-01    0.686158E-01
    0.679709E-01    0.673260E-01    0.666811E-01    0.660361E-01
    0.653912E-01    0.647463E-01    0.641013E-01    0.634564E-01
    0.628115E-01    0.621665E-01    0.615216E-01    0.608767E-01
    0.602318E-01    0.595869E-01    0.589419E-01    0.582970E-01
    0.576520E-01    0.570071E-01    0.563622E-01    0.557173E-01
    0.550723E-01    0.544274E-01    0.537825E-01    0.531376E-01
    0.524926E-01    0.518477E-01    0.512028E-01    0.505578E-01
    0.499129E-01    0.492680E-01    0.486231E-01    0.479781E-01
    0.473332E-01    0.466883E-01    0.460434E-01    0.453984E-01
    0.447535E-01    0.441085E-01    0.434636E-01    0.428187E-01
    0.421738E-01    0.415288E-01    0.408839E-01    0.402390E-01
    0.395941E-01    0.389491E-01    0.383042E-01    0.376592E-01
    0.371750E-01    0.368517E-01    0.365283E-01    0.361156E-01
    0.356207E-01    0.351258E-01    0.346309E-01    0.341360E-01
    0.336410E-01    0.326807E-01    0.318857E-01    0.317348E-01
    0.315839E-01    0.314330E-01    0.312821E-01    0.311312E-01
    0.309803E-01    0.308294E-01    0.305174E-01    0.302055E-01
    0.298247E-01    0.293170E-01    0.288094E-01    0.286858E-01
    0.283336E-01    0.279547E-01    0.275759E-01    0.267980E-01
    0.266554E-01    0.265129E-01    0.263705E-01    0.261853E-01
    0.258202E-01    0.253141E-01    0.249028E-01    0.245232E-01
    0.241881E-01    0.240589E-01    0.238204E-01    0.234405E-01
    0.232181E-01    0.228224E-01    0.225415E-01    0.222448E-01
    0.218035E-01    0.212069E-01    0.212069E-01    0.197265E-01
    0.193965E-01    0.193965E-01    0.193965E-01    0.167074E-01
    0.167074E-01    0.167074E-01    0.167074E-01    0.167074E-01
    0.155347E-01    0.155347E-01    0.155347E-01    0.155347E-01
    0.155347E-01    0.155347E-01    0.155347E-01    0.155347E-01
    0.155347E-01    0.155347E-01    0.721170E-01    0.714639E-01
    0.708109E-01    0.701578E-01    0.695048E-01    0.688518E-01
    0.681987E-01    0.675457E-01    0.668927E-01    0.662396E-01
    0.655866E-01    0.649335E-01    0.642805E-01    0.636274E-01
    0.629744E-01    0.623213E-01    0.616683E-01    0.610153E-01
    0.603623E-01    0.597092E-01    0.590562E-01    0.584031E-01
    0.577501E-01    0.570970E-01    0.564440E-01    0.557909E-01
    0.551379E-01    0.544849E-01    0.538319E-01    0.531788E-01
    0.525258E-01    0.518727E-01    0.512197E-01    0.505666E-01
    0.499136E-01    0.492605E-01    0.486075E-01    0.479545E-01
    0.473015E-01    0.466484E-01    0.459954E-01    0.453423E-01
    0.446893E-01    0.440362E-01    0.433832E-01    0.427301E-01
    0.420771E-01    0.414241E-01    0.407711E-01    0.401180E-01
    0.394650E-01    0.388119E-01    0.381589E-01    0.375058E-01
    0.368528E-01    0.363645E-01    0.360412E-01    0.356367E-01
    0.351419E-01    0.346470E-01    0.341521E-01    0.336572E-01
    0.331623E-01    0.326674E-01    0.320065E-01    0.312145E-01
    0.310696E-01    0.309247E-01    0.307798E-01    0.306349E-01
    0.304900E-01    0.303451E-01    0.302002E-01    0.298883E-01
    0.295376E-01    0.290300E-01    0.285223E-01    0.280147E-01
    0.276748E-01    0.272960E-01    0.269172E-01    0.265384E-01
    0.261045E-01    0.259754E-01    0.258464E-01    0.257173E-01
    0.255201E-01    0.248003E-01    0.241347E-01    0.239648E-01
    0.236474E-01    0.233316E-01    0.231763E-01    0.227782E-01
    0.222835E-01    0.219672E-01    0.216510E-01    0.213349E-01
    0.210176E-01    0.206994E-01    0.203156E-01    0.199636E-01
    0.197265E-01    0.193965E-01    0.193965E-01    0.193965E-01
    0.167074E-01    0.167074E-01    0.167074E-01    0.167074E-01
    0.155347E-01    0.155347E-01    0.155347E-01    0.155347E-01
    0.155347E-01    0.155347E-01    0.155347E-01    0.155347E-01
    0.155347E-01    0.155347E-01    0.155347E-01    0.717485E-01
    0.710874E-01    0.704262E-01    0.697651E-01    0.691039E-01
    0.684428E-01    0.677816E-01    0.671205E-01    0.664593E-01
    0.657982E-01    0.651370E-01    0.644759E-01    0.638147E-01
    0.631535E-01    0.624924E-01    0.618312E-01    0.611701E-01
    0.605090E-01    0.598478E-01    0.591867E-01    0.585255E-01
    0.578644E-01    0.572032E-01    0.565420E-01    0.558809E-01
    0.552197E-01    0.545586E-01    0.538974E-01    0.532363E-01
    0.525751E-01    0.519140E-01    0.512528E-01    0.505917E-01
    0.499305E-01    0.492693E-01    0.486082E-01    0.479470E-01
    0.472859E-01    0.466248E-01    0.459636E-01    0.453025E-01
    0.446413E-01    0.439802E-01    0.433190E-01    0.426578E-01
    0.419967E-01    0.413355E-01    0.406744E-01    0.400133E-01
    0.393521E-01    0.386910E-01    0.380298E-01    0.373686E-01
    0.367075E-01    0.360463E-01    0.355540E-01    0.351579E-01
    0.346630E-01    0.341682E-01    0.336733E-01    0.331784E-01
    0.326835E-01    0.321886E-01    0.316937E-01    0.311988E-01
    0.305434E-01    0.304045E-01    0.302656E-01    0.301267E-01
    0.299878E-01    0.298489E-01    0.297099E-01    0.295710E-01
    0.292505E-01    0.287429E-01    0.282023E-01    0.274362E-01
    0.269307E-01    0.267565E-01    0.263912E-01    0.260124E-01
    0.256336E-01    0.252548E-01    0.251279E-01    0.250010E-01
    0.248645E-01    0.245425E-01    0.232142E-01    0.229781E-01
    0.228082E-01    0.226383E-01    0.224194E-01    0.221012E-01
    0.217830E-01    0.214324E-01    0.211142E-01    0.207968E-01
    0.204787E-01    0.201605E-01    0.198423E-01    0.195241E-01
    0.192051E-01    0.189021E-01    0.186266E-01    0.186266E-01
    0.169964E-01    0.167074E-01    0.167074E-01    0.167074E-01
    0.155347E-01    0.155347E-01    0.155347E-01    0.155347E-01
    0.155347E-01    0.155347E-01    0.155347E-01    0.155347E-01
    0.155347E-01    0.155347E-01    0.155347E-01    0.155347E-01
    0.713801E-01    0.707108E-01    0.700416E-01    0.693723E-01
    0.687030E-01    0.680337E-01    0.673645E-01    0.666952E-01
    0.660260E-01    0.653567E-01    0.646875E-01    0.640182E-01
    0.633489E-01    0.626796E-01    0.620104E-01    0.613411E-01
    0.606719E-01    0.600026E-01    0.593334E-01    0.586641E-01
    0.579948E-01    0.573256E-01    0.566563E-01    0.559870E-01
    0.553177E-01    0.546485E-01    0.539792E-01    0.533100E-01
    0.526407E-01    0.519715E-01    0.513022E-01    0.506329E-01
    0.499637E-01    0.492944E-01    0.486251E-01    0.479558E-01
    0.472866E-01    0.466173E-01    0.459481E-01    0.452788E-01
    0.446096E-01    0.439403E-01    0.432710E-01    0.426017E-01
    0.419325E-01    0.412632E-01    0.405940E-01    0.399247E-01
    0.392555E-01    0.385862E-01    0.379169E-01    0.372477E-01
    0.365784E-01    0.359091E-01    0.352398E-01    0.346790E-01
    0.341842E-01    0.336893E-01    0.331945E-01    0.326996E-01
    0.322047E-01    0.317098E-01    0.312149E-01    0.307200E-01
    0.302251E-01    0.298722E-01    0.297393E-01    0.296064E-01
    0.294735E-01    0.293406E-01    0.292077E-01    0.290748E-01
    0.289418E-01    0.282883E-01    0.275305E-01    0.267306E-01
    0.259658E-01    0.257916E-01    0.256174E-01    0.254432E-01
    0.251329E-01    0.247541E-01    0.243753E-01    0.242484E-01
    0.241213E-01    0.237994E-01    0.234775E-01    0.223839E-01
    0.222254E-01    0.220669E-01    0.219085E-01    0.217101E-01
    0.213919E-01    0.209813E-01    0.205926E-01    0.202456E-01
    0.199055E-01    0.195863E-01    0.192670E-01    0.189477E-01
    0.186285E-01    0.183132E-01    0.180100E-01    0.176893E-01
    0.172146E-01    0.169964E-01    0.167074E-01    0.167074E-01
    0.155347E-01    0.155347E-01    0.155347E-01    0.155347E-01
    0.155347E-01    0.155347E-01    0.155347E-01    0.155347E-01
    0.155347E-01    0.155347E-01    0.155347E-01    0.155347E-01
    0.155347E-01    0.710116E-01    0.703343E-01    0.696569E-01
    0.689795E-01    0.683021E-01    0.676247E-01    0.669474E-01
    0.662700E-01    0.655926E-01    0.649153E-01    0.642379E-01
    0.635605E-01    0.628831E-01    0.622058E-01    0.615284E-01
    0.608510E-01    0.601736E-01    0.594963E-01    0.588189E-01
    0.581415E-01    0.574642E-01    0.567868E-01    0.561094E-01
    0.554320E-01    0.547546E-01    0.540772E-01    0.533999E-01
    0.527225E-01    0.520452E-01    0.513678E-01    0.506904E-01
    0.500130E-01    0.493356E-01    0.486583E-01    0.479809E-01
    0.473035E-01    0.466261E-01    0.459488E-01    0.452714E-01
    0.445940E-01    0.439167E-01    0.432393E-01    0.425619E-01
    0.418845E-01    0.412071E-01    0.405297E-01    0.398524E-01
    0.391750E-01    0.384977E-01    0.378203E-01    0.371429E-01
    0.364655E-01    0.357882E-01    0.351108E-01    0.344334E-01
    0.338452E-01    0.333463E-01    0.328473E-01    0.323484E-01
    0.318495E-01    0.313505E-01    0.308515E-01    0.303526E-01
    0.298536E-01    0.293546E-01    0.290391E-01    0.289070E-01
    0.287749E-01    0.286427E-01    0.285106E-01    0.283785E-01
    0.282463E-01    0.278556E-01    0.268024E-01    0.260250E-01
    0.251416E-01    0.248267E-01    0.246526E-01    0.244784E-01
    0.243042E-01    0.241299E-01    0.238746E-01    0.234958E-01
    0.233689E-01    0.230563E-01    0.227343E-01    0.224124E-01
    0.216862E-01    0.215412E-01    0.213962E-01    0.212512E-01
    0.210629E-01    0.206824E-01    0.201687E-01    0.197548E-01
    0.193741E-01    0.190084E-01    0.186879E-01    0.183673E-01
    0.180468E-01    0.177263E-01    0.174080E-01    0.170873E-01
    0.167666E-01    0.165610E-01    0.164255E-01    0.158253E-01
    0.155347E-01    0.155347E-01    0.155347E-01    0.155347E-01
    0.155347E-01    0.155347E-01    0.155347E-01    0.155347E-01
    0.155347E-01    0.155347E-01    0.155347E-01    0.155347E-01
    0.155347E-01    0.155347E-01    0.706432E-01    0.699577E-01
    0.692722E-01    0.685867E-01    0.679012E-01    0.672157E-01
    0.665303E-01    0.658448E-01    0.651593E-01    0.644738E-01
    0.637883E-01    0.631028E-01    0.624174E-01    0.617319E-01
    0.610464E-01    0.603609E-01    0.596754E-01    0.589899E-01
    0.583044E-01    0.576190E-01    0.569335E-01    0.562480E-01
    0.555625E-01    0.548770E-01    0.541915E-01    0.535060E-01
    0.528205E-01    0.521351E-01    0.514496E-01    0.507641E-01
    0.500786E-01    0.493931E-01    0.487076E-01    0.480221E-01
    0.473366E-01    0.466511E-01    0.459657E-01    0.452802E-01
    0.445947E-01    0.439093E-01    0.432238E-01    0.425383E-01
    0.418528E-01    0.411673E-01    0.404818E-01    0.397963E-01
    0.391108E-01    0.384254E-01    0.377399E-01    0.370544E-01
    0.363689E-01    0.356834E-01    0.349979E-01    0.343124E-01
    0.336269E-01    0.330323E-01    0.325287E-01    0.320251E-01
    0.315215E-01    0.310179E-01    0.305142E-01    0.300106E-01
    0.295069E-01    0.290033E-01    0.284996E-01    0.281817E-01
    0.280496E-01    0.279175E-01    0.277854E-01    0.276532E-01
    0.275211E-01    0.271455E-01    0.267008E-01    0.262202E-01
    0.246690E-01    0.238618E-01    0.236877E-01    0.235135E-01
    0.233393E-01    0.231651E-01    0.229909E-01    0.228166E-01
    0.226164E-01    0.223131E-01    0.219912E-01    0.216693E-01
    0.213474E-01    0.209886E-01    0.208570E-01    0.207254E-01
    0.205939E-01    0.203834E-01    0.196153E-01    0.189592E-01
    0.187860E-01    0.184802E-01    0.181113E-01    0.177895E-01
    0.174677E-01    0.171459E-01    0.168241E-01    0.165023E-01
    0.161805E-01    0.158587E-01    0.155474E-01    0.153793E-01
    0.147734E-01    0.146299E-01    0.146299E-01    0.146299E-01
    0.146299E-01    0.146299E-01    0.146299E-01    0.146299E-01
    0.146299E-01    0.146299E-01    0.146299E-01    0.146299E-01
    0.146299E-01    0.146299E-01    0.146299E-01    0.702747E-01
    0.695811E-01    0.688875E-01    0.681939E-01    0.675003E-01
    0.668067E-01    0.661131E-01    0.654196E-01    0.647260E-01
    0.640324E-01    0.633388E-01    0.626452E-01    0.619516E-01
    0.612580E-01    0.605643E-01    0.598707E-01    0.591772E-01
    0.584836E-01    0.577900E-01    0.570964E-01    0.564028E-01
    0.557092E-01    0.550156E-01    0.543220E-01    0.536284E-01
    0.529348E-01    0.522412E-01    0.515476E-01    0.508540E-01
    0.501604E-01    0.494668E-01    0.487732E-01    0.480796E-01
    0.473860E-01    0.466924E-01    0.459988E-01    0.453052E-01
    0.446116E-01    0.439181E-01    0.432245E-01    0.425309E-01
    0.418373E-01    0.411437E-01    0.404500E-01    0.397564E-01
    0.390628E-01    0.383692E-01    0.376757E-01    0.369821E-01
    0.362885E-01    0.355949E-01    0.349013E-01    0.342077E-01
    0.335141E-01    0.328204E-01    0.322195E-01    0.317112E-01
    0.312029E-01    0.306946E-01    0.301862E-01    0.296779E-01
    0.291696E-01    0.286612E-01    0.281529E-01    0.276445E-01
    0.273243E-01    0.271922E-01    0.270601E-01    0.269280E-01
    0.267959E-01    0.264353E-01    0.259907E-01    0.255461E-01
    0.252883E-01    0.240868E-01    0.232060E-01    0.229961E-01
    0.227862E-01    0.225764E-01    0.223665E-01    0.221567E-01
    0.219468E-01    0.217369E-01    0.214139E-01    0.210908E-01
    0.207678E-01    0.204447E-01    0.201216E-01    0.199915E-01
    0.198613E-01    0.196975E-01    0.192797E-01    0.180069E-01
    0.177942E-01    0.176210E-01    0.174478E-01    0.172141E-01
    0.168911E-01    0.165680E-01    0.162450E-01    0.159219E-01
    0.155989E-01    0.152758E-01    0.149528E-01    0.146412E-01
    0.143334E-01    0.140026E-01    0.146299E-01    0.146299E-01
    0.146299E-01    0.146299E-01    0.146299E-01    0.146299E-01
    0.146299E-01    0.146299E-01    0.146299E-01    0.146299E-01
    0.146299E-01    0.146299E-01    0.146299E-01   -0.273343E-04
    0.699063E-01    0.692046E-01    0.685029E-01    0.678011E-01
    0.670994E-01    0.663977E-01    0.656960E-01    0.649943E-01
    0.642926E-01    0.635909E-01    0.628892E-01    0.621875E-01
    0.614858E-01    0.607841E-01    0.600823E-01    0.593806E-01
    0.586789E-01    0.579772E-01    0.572755E-01    0.565738E-01
    0.558721E-01    0.551704E-01    0.544687E-01    0.537670E-01
    0.530652E-01    0.523635E-01    0.516618E-01    0.509601E-01
    0.502585E-01    0.495568E-01    0.488550E-01    0.481533E-01
    0.474516E-01    0.467499E-01    0.460482E-01    0.453464E-01
    0.446448E-01    0.439431E-01    0.432414E-01    0.425397E-01
    0.418380E-01    0.411362E-01    0.404345E-01    0.397328E-01
    0.390311E-01    0.383294E-01    0.376277E-01    0.369260E-01
    0.362243E-01    0.355226E-01    0.348209E-01    0.341192E-01
    0.334174E-01    0.327157E-01    0.320140E-01    0.314066E-01
    0.308936E-01    0.303806E-01    0.298676E-01    0.293546E-01
    0.288416E-01    0.283286E-01    0.278156E-01    0.273025E-01
    0.267895E-01    0.264669E-01    0.263348E-01    0.262027E-01
    0.260706E-01    0.257252E-01    0.252806E-01    0.248360E-01
    0.243914E-01    0.240147E-01    0.235046E-01    0.226040E-01
    0.223545E-01    0.221050E-01    0.218555E-01    0.216060E-01
    0.213565E-01    0.211070E-01    0.208574E-01    0.205331E-01
    0.202088E-01    0.198845E-01    0.195602E-01    0.192359E-01
    0.191057E-01    0.189572E-01    0.185107E-01    0.180707E-01
    0.173231E-01    0.170764E-01    0.168297E-01    0.165831E-01
    0.163170E-01    0.159927E-01    0.156684E-01    0.153441E-01
    0.150198E-01    0.146954E-01    0.143711E-01    0.140468E-01
    0.137349E-01    0.134257E-01    0.140026E-01    0.140026E-01
    0.146299E-01    0.146299E-01    0.146299E-01    0.146299E-01
    0.146299E-01    0.146299E-01    0.146299E-01    0.146299E-01
    0.146299E-01    0.146299E-01    0.146299E-01   -0.273343E-04
   -0.273343E-04    0.695378E-01    0.688280E-01    0.681182E-01
    0.674084E-01    0.666985E-01    0.659887E-01    0.652789E-01
    0.645691E-01    0.638593E-01    0.631495E-01    0.624396E-01
    0.617298E-01    0.610200E-01    0.603102E-01    0.596003E-01
    0.588905E-01    0.581807E-01    0.574709E-01    0.567611E-01
    0.560513E-01    0.553414E-01    0.546316E-01    0.539218E-01
    0.532120E-01    0.525021E-01    0.517923E-01    0.510825E-01
    0.503727E-01    0.496629E-01    0.489531E-01    0.482433E-01
    0.475334E-01    0.468236E-01    0.461138E-01    0.454039E-01
    0.446941E-01    0.439843E-01    0.432745E-01    0.425647E-01
    0.418549E-01    0.411451E-01    0.404352E-01    0.397254E-01
    0.390156E-01    0.383057E-01    0.375959E-01    0.368861E-01
    0.361763E-01    0.354665E-01    0.347567E-01    0.340469E-01
    0.333370E-01    0.326272E-01    0.319174E-01    0.312075E-01
    0.305938E-01    0.300761E-01    0.295584E-01    0.290407E-01
    0.285230E-01    0.280053E-01    0.274876E-01    0.269699E-01
    0.264522E-01    0.259345E-01    0.256096E-01    0.254775E-01
    0.253453E-01    0.250150E-01    0.245704E-01    0.241258E-01
    0.236812E-01    0.232366E-01    0.228047E-01    0.228244E-01
    0.220021E-01    0.217129E-01    0.214238E-01    0.211346E-01
    0.208455E-01    0.205563E-01    0.202672E-01    0.199780E-01
    0.196524E-01    0.193268E-01    0.190013E-01    0.186757E-01
    0.183501E-01    0.182169E-01    0.177704E-01    0.173239E-01
    0.168839E-01    0.167273E-01    0.164003E-01    0.160734E-01
    0.157465E-01    0.154199E-01    0.150943E-01    0.147687E-01
    0.144432E-01    0.141176E-01    0.137920E-01    0.134664E-01
    0.131408E-01    0.128270E-01    0.125168E-01    0.125168E-01
    0.125168E-01    0.140026E-01    0.146299E-01    0.146299E-01
    0.146299E-01    0.146299E-01    0.146299E-01    0.146299E-01
    0.146299E-01    0.146299E-01   -0.273343E-04   -0.273343E-04
   -0.273343E-04   -0.273343E-04    0.691694E-01    0.684514E-01
    0.677335E-01    0.670156E-01    0.662976E-01    0.655797E-01
    0.648618E-01    0.641439E-01    0.634259E-01    0.627080E-01
    0.619901E-01    0.612721E-01    0.605542E-01    0.598363E-01
    0.591183E-01    0.584004E-01    0.576825E-01    0.569646E-01
    0.562466E-01    0.555287E-01    0.548108E-01    0.540928E-01
    0.533749E-01    0.526570E-01    0.519390E-01    0.512211E-01
    0.505032E-01    0.497852E-01    0.490673E-01    0.483494E-01
    0.476315E-01    0.469135E-01    0.461956E-01    0.454776E-01
    0.447597E-01    0.440418E-01    0.433238E-01    0.426059E-01
    0.418880E-01    0.411701E-01    0.404522E-01    0.397342E-01
    0.390163E-01    0.382983E-01    0.375804E-01    0.368624E-01
    0.361445E-01    0.354266E-01    0.347087E-01    0.339908E-01
    0.332728E-01    0.325549E-01    0.318370E-01    0.311190E-01
    0.304011E-01    0.297809E-01    0.292585E-01    0.287362E-01
    0.282138E-01    0.276914E-01    0.271690E-01    0.266466E-01
    0.261242E-01    0.256018E-01    0.250794E-01    0.247522E-01
    0.246201E-01    0.243048E-01    0.238603E-01    0.234157E-01
    0.229711E-01    0.225265E-01    0.220819E-01    0.216500E-01
    0.215508E-01    0.214001E-01    0.210713E-01    0.207425E-01
    0.204137E-01    0.200849E-01    0.197561E-01    0.194273E-01
    0.190985E-01    0.187717E-01    0.184449E-01    0.181180E-01
    0.177912E-01    0.174643E-01    0.170301E-01    0.165836E-01
    0.161371E-01    0.157130E-01    0.154186E-01    0.153057E-01
    0.149743E-01    0.147215E-01    0.145228E-01    0.141959E-01
    0.138691E-01    0.135422E-01    0.132154E-01    0.128889E-01
    0.125632E-01    0.122675E-01    0.119613E-01    0.114850E-01
    0.114850E-01    0.103236E-01    0.103236E-01    0.103236E-01
    0.103236E-01    0.103236E-01    0.103236E-01    0.103236E-01
    0.146299E-01    0.146299E-01   -0.273343E-04   -0.273343E-04
   -0.273343E-04   -0.273343E-04   -0.273343E-04    0.688009E-01
    0.680749E-01    0.673488E-01    0.666228E-01    0.658967E-01
    0.651707E-01    0.644447E-01    0.637186E-01    0.629926E-01
    0.622666E-01    0.615405E-01    0.608145E-01    0.600884E-01
    0.593624E-01    0.586363E-01    0.579103E-01    0.571842E-01
    0.564582E-01    0.557322E-01    0.550061E-01    0.542801E-01
    0.535540E-01    0.528280E-01    0.521019E-01    0.513759E-01
    0.506498E-01    0.499238E-01    0.491978E-01    0.484718E-01
    0.477457E-01    0.470197E-01    0.462936E-01    0.455676E-01
    0.448415E-01    0.441155E-01    0.433894E-01    0.426634E-01
    0.419374E-01    0.412113E-01    0.404853E-01    0.397593E-01
    0.390332E-01    0.383071E-01    0.375811E-01    0.368550E-01
    0.361290E-01    0.354030E-01    0.346769E-01    0.339509E-01
    0.332249E-01    0.324988E-01    0.317728E-01    0.310467E-01
    0.303207E-01    0.295946E-01    0.289680E-01    0.284410E-01
    0.279139E-01    0.273869E-01    0.268598E-01    0.263327E-01
    0.258057E-01    0.252786E-01    0.247515E-01    0.242244E-01
    0.238948E-01    0.235946E-01    0.231501E-01    0.227055E-01
    0.222609E-01    0.218163E-01    0.213717E-01    0.209271E-01
    0.204953E-01    0.202702E-01    0.202887E-01    0.201465E-01
    0.198711E-01    0.195407E-01    0.192103E-01    0.188799E-01
    0.185495E-01    0.182191E-01    0.178915E-01    0.175642E-01
    0.172373E-01    0.169104E-01    0.165835E-01    0.161733E-01
    0.157631E-01    0.153529E-01    0.149626E-01    0.145991E-01
    0.141936E-01    0.139808E-01    0.138247E-01    0.136256E-01
    0.132975E-01    0.129694E-01    0.126413E-01    0.123132E-01
    0.119926E-01    0.115441E-01    0.110977E-01    0.106685E-01
    0.104493E-01    0.103236E-01    0.103236E-01    0.103236E-01
    0.103236E-01    0.103236E-01    0.103236E-01    0.103236E-01
    0.103236E-01    0.103236E-01   -0.273343E-04   -0.273343E-04
   -0.273343E-04   -0.273343E-04   -0.273343E-04   -0.273343E-04
    0.684325E-01    0.676983E-01    0.669642E-01    0.662300E-01
    0.654958E-01    0.647617E-01    0.640275E-01    0.632934E-01
    0.625593E-01    0.618251E-01    0.610910E-01    0.603568E-01
    0.596226E-01    0.588885E-01    0.581543E-01    0.574201E-01
    0.566860E-01    0.559519E-01    0.552177E-01    0.544836E-01
    0.537494E-01    0.530153E-01    0.522811E-01    0.515469E-01
    0.508128E-01    0.500786E-01    0.493445E-01    0.486103E-01
    0.478762E-01    0.471420E-01    0.464079E-01    0.456737E-01
    0.449396E-01    0.442054E-01    0.434712E-01    0.427371E-01
    0.420029E-01    0.412688E-01    0.405346E-01    0.398005E-01
    0.390663E-01    0.383322E-01    0.375980E-01    0.368639E-01
    0.361297E-01    0.353955E-01    0.346614E-01    0.339273E-01
    0.331931E-01    0.324590E-01    0.317248E-01    0.309907E-01
    0.302565E-01    0.295223E-01    0.287881E-01    0.281552E-01
    0.276234E-01    0.270917E-01    0.265600E-01    0.260282E-01
    0.254965E-01    0.249647E-01    0.244329E-01    0.239011E-01
    0.233693E-01    0.228844E-01    0.224398E-01    0.219953E-01
    0.215507E-01    0.211062E-01    0.206616E-01    0.202170E-01
    0.197724E-01    0.194457E-01    0.191219E-01    0.189740E-01
    0.189462E-01    0.187844E-01    0.186225E-01    0.183308E-01
    0.180004E-01    0.176700E-01    0.173396E-01    0.170121E-01
    0.166845E-01    0.163569E-01    0.160298E-01    0.157029E-01
    0.153306E-01    0.149582E-01    0.145858E-01    0.142239E-01
    0.138932E-01    0.135182E-01    0.132350E-01    0.129926E-01
    0.127288E-01    0.124007E-01    0.121034E-01    0.117831E-01
    0.114373E-01    0.110774E-01    0.107027E-01    0.103447E-01
    0.997352E-02    0.968128E-02    0.938246E-02    0.938246E-02
    0.938246E-02    0.938246E-02    0.938246E-02    0.938246E-02
    0.938246E-02    0.938246E-02    0.301301E-03   -0.273343E-04
   -0.273343E-04   -0.273343E-04   -0.273343E-04   -0.273343E-04
   -0.273343E-04    0.680640E-01    0.673218E-01    0.665795E-01
    0.658372E-01    0.650949E-01    0.643527E-01    0.636104E-01
    0.628682E-01    0.621259E-01    0.613837E-01    0.606414E-01
    0.598991E-01    0.591568E-01    0.584146E-01    0.576723E-01
    0.569300E-01    0.561878E-01    0.554455E-01    0.547033E-01
    0.539610E-01    0.532187E-01    0.524765E-01    0.517342E-01
    0.509919E-01    0.502496E-01    0.495074E-01    0.487651E-01
    0.480229E-01    0.472806E-01    0.465384E-01    0.457961E-01
    0.450538E-01    0.443115E-01    0.435693E-01    0.428270E-01
    0.420847E-01    0.413425E-01    0.406002E-01    0.398580E-01
    0.391157E-01    0.383734E-01    0.376312E-01    0.368889E-01
    0.361466E-01    0.354043E-01    0.346621E-01    0.339198E-01
    0.331776E-01    0.324353E-01    0.316931E-01    0.309508E-01
    0.302085E-01    0.294662E-01    0.287240E-01    0.279817E-01
    0.273446E-01    0.268129E-01    0.262811E-01    0.257493E-01
    0.252175E-01    0.246857E-01    0.241539E-01    0.236221E-01
    0.230902E-01    0.225179E-01    0.220330E-01    0.216065E-01
    0.211799E-01    0.207534E-01    0.203268E-01    0.199002E-01
    0.194736E-01    0.190470E-01    0.186980E-01    0.182865E-01
    0.179179E-01    0.176779E-01    0.175841E-01    0.174223E-01
    0.172604E-01    0.170985E-01    0.167905E-01    0.164601E-01
    0.161326E-01    0.158050E-01    0.154775E-01    0.151499E-01
    0.148204E-01    0.144876E-01    0.141529E-01    0.138182E-01
    0.134845E-01    0.131539E-01    0.128233E-01    0.124926E-01
    0.121620E-01    0.118013E-01    0.113503E-01    0.109033E-01
    0.104896E-01    0.102685E-01    0.100500E-01    0.985082E-02
    0.951701E-02    0.918986E-02    0.888708E-02    0.938246E-02
    0.938246E-02    0.938246E-02    0.938246E-02    0.938246E-02
    0.938246E-02    0.940144E-03    0.638375E-03    0.301301E-03
   -0.273343E-04   -0.273343E-04   -0.273343E-04   -0.273343E-04
   -0.273343E-04   -0.273343E-04    0.676956E-01    0.669452E-01
    0.661948E-01    0.654444E-01    0.646941E-01    0.639437E-01
    0.631933E-01    0.624429E-01    0.616926E-01    0.609422E-01
    0.601918E-01    0.594414E-01    0.586911E-01    0.579407E-01
    0.571903E-01    0.564399E-01    0.556895E-01    0.549392E-01
    0.541888E-01    0.534384E-01    0.526881E-01    0.519377E-01
    0.511873E-01    0.504369E-01    0.496865E-01    0.489361E-01
    0.481858E-01    0.474354E-01    0.466851E-01    0.459347E-01
    0.451843E-01    0.444339E-01    0.436835E-01    0.429331E-01
    0.421827E-01    0.414324E-01    0.406820E-01    0.399317E-01
    0.391813E-01    0.384309E-01    0.376805E-01    0.369302E-01
    0.361798E-01    0.354294E-01    0.346790E-01    0.339286E-01
    0.331782E-01    0.324279E-01    0.316775E-01    0.309272E-01
    0.301768E-01    0.294264E-01    0.286760E-01    0.279256E-01
    0.271752E-01    0.265341E-01    0.260024E-01    0.254706E-01
    0.249388E-01    0.244070E-01    0.238752E-01    0.233434E-01
    0.228103E-01    0.222249E-01    0.216394E-01    0.211850E-01
    0.207766E-01    0.203683E-01    0.199599E-01    0.195516E-01
    0.191432E-01    0.187348E-01    0.183264E-01    0.179895E-01
    0.176290E-01    0.172175E-01    0.168059E-01    0.163943E-01
    0.162282E-01    0.160664E-01    0.159045E-01    0.157426E-01
    0.155807E-01    0.151316E-01    0.146825E-01    0.142334E-01
    0.138129E-01    0.134909E-01    0.134388E-01    0.132624E-01
    0.129277E-01    0.125937E-01    0.122618E-01    0.119299E-01
    0.116002E-01    0.112711E-01    0.109297E-01    0.105560E-01
    0.101978E-01    0.982619E-02    0.952948E-02    0.919950E-02
    0.889070E-02    0.862205E-02    0.830923E-02    0.803899E-02
    0.803899E-02    0.803899E-02    0.938246E-02    0.938246E-02
    0.938246E-02    0.119702E-02    0.940144E-03    0.638375E-03
    0.301301E-03   -0.273343E-04   -0.273343E-04   -0.273343E-04
   -0.273343E-04   -0.273343E-04   -0.273343E-04    0.673271E-01
    0.665686E-01    0.658102E-01    0.650517E-01    0.642932E-01
    0.635347E-01    0.627762E-01    0.620177E-01    0.612592E-01
    0.605007E-01    0.597423E-01    0.589838E-01    0.582253E-01
    0.574668E-01    0.567083E-01    0.559498E-01    0.551913E-01
    0.544328E-01    0.536744E-01    0.529159E-01    0.521574E-01
    0.513989E-01    0.506404E-01    0.498819E-01    0.491234E-01
    0.483649E-01    0.476064E-01    0.468480E-01    0.460895E-01
    0.453310E-01    0.445725E-01    0.438140E-01    0.430555E-01
    0.422970E-01    0.415385E-01    0.407800E-01    0.400216E-01
    0.392631E-01    0.385046E-01    0.377461E-01    0.369876E-01
    0.362291E-01    0.354706E-01    0.347121E-01    0.339536E-01
    0.331951E-01    0.324367E-01    0.316782E-01    0.309197E-01
    0.301613E-01    0.294028E-01    0.286443E-01    0.278858E-01
    0.271273E-01    0.263687E-01    0.257236E-01    0.251918E-01
    0.246601E-01    0.241283E-01    0.235965E-01    0.230647E-01
    0.225172E-01    0.219318E-01    0.213464E-01    0.207610E-01
    0.203370E-01    0.199468E-01    0.195566E-01    0.191665E-01
    0.187763E-01    0.183861E-01    0.179959E-01    0.176057E-01
    0.172689E-01    0.169320E-01    0.165600E-01    0.161485E-01
    0.157369E-01    0.154456E-01    0.151900E-01    0.150281E-01
    0.148662E-01    0.147043E-01    0.142931E-01    0.138818E-01
    0.134706E-01    0.130653E-01    0.126781E-01    0.122909E-01
    0.120733E-01    0.119092E-01    0.117029E-01    0.113698E-01
    0.110367E-01    0.106157E-01    0.101653E-01    0.989465E-02
    0.970645E-02    0.937083E-02    0.903768E-02    0.870453E-02
    0.839382E-02    0.804727E-02    0.769405E-02    0.733904E-02
    0.705508E-02    0.705508E-02    0.705508E-02    0.705508E-02
    0.705508E-02    0.119702E-02    0.119702E-02    0.940144E-03
    0.638375E-03    0.301301E-03   -0.273343E-04   -0.273343E-04
   -0.273343E-04   -0.273343E-04   -0.273343E-04   -0.273343E-04
    0.669587E-01    0.661921E-01    0.654255E-01    0.646589E-01
    0.638923E-01    0.631257E-01    0.623591E-01    0.615925E-01
    0.608259E-01    0.600593E-01    0.592927E-01    0.585261E-01
    0.577595E-01    0.569929E-01    0.562263E-01    0.554597E-01
    0.546931E-01    0.539265E-01    0.531599E-01    0.523933E-01
    0.516267E-01    0.508601E-01    0.500935E-01    0.493269E-01
    0.485603E-01    0.477937E-01    0.470271E-01    0.462605E-01
    0.454939E-01    0.447273E-01    0.439607E-01    0.431941E-01
    0.424275E-01    0.416609E-01    0.408943E-01    0.401277E-01
    0.393611E-01    0.385945E-01    0.378279E-01    0.370613E-01
    0.362947E-01    0.355281E-01    0.347615E-01    0.339949E-01
    0.332283E-01    0.324617E-01    0.316951E-01    0.309285E-01
    0.301619E-01    0.293953E-01    0.286287E-01    0.278621E-01
    0.270955E-01    0.263289E-01    0.255623E-01    0.249131E-01
    0.243813E-01    0.238496E-01    0.233178E-01    0.227860E-01
    0.222241E-01    0.216387E-01    0.210533E-01    0.204679E-01
    0.199004E-01    0.194889E-01    0.191170E-01    0.187450E-01
    0.183730E-01    0.180011E-01    0.176291E-01    0.172571E-01
    0.168851E-01    0.165482E-01    0.162114E-01    0.158746E-01
    0.154910E-01    0.150795E-01    0.147882E-01    0.144969E-01
    0.142056E-01    0.139898E-01    0.138279E-01    0.134545E-01
    0.130811E-01    0.127077E-01    0.123308E-01    0.119469E-01
    0.116113E-01    0.113378E-01    0.110852E-01    0.108124E-01
    0.104794E-01    0.101476E-01    0.978484E-02    0.941180E-02
    0.904261E-02    0.873973E-02    0.849424E-02    0.815724E-02
    0.780546E-02    0.743989E-02    0.709392E-02    0.675982E-02
    0.646472E-02    0.705508E-02    0.705508E-02    0.705508E-02
    0.705508E-02    0.119702E-02    0.119702E-02    0.119702E-02
    0.940144E-03    0.638375E-03    0.301301E-03   -0.273343E-04
   -0.273343E-04   -0.273343E-04   -0.273343E-04   -0.273343E-04
   -0.118248E-02    0.665902E-01    0.658155E-01    0.650408E-01
    0.642661E-01    0.634914E-01    0.627167E-01    0.619420E-01
    0.611673E-01    0.603926E-01    0.596178E-01    0.588431E-01
    0.580684E-01    0.572937E-01    0.565190E-01    0.557442E-01
    0.549695E-01    0.541948E-01    0.534201E-01    0.526454E-01
    0.518707E-01    0.510960E-01    0.503213E-01    0.495466E-01
    0.487719E-01    0.479971E-01    0.472224E-01    0.464477E-01
    0.456730E-01    0.448983E-01    0.441236E-01    0.433489E-01
    0.425742E-01    0.417995E-01    0.410248E-01    0.402500E-01
    0.394753E-01    0.387006E-01    0.379259E-01    0.371512E-01
    0.363765E-01    0.356018E-01    0.348271E-01    0.340524E-01
    0.332777E-01    0.325029E-01    0.317282E-01    0.309535E-01
    0.301788E-01    0.294041E-01    0.286294E-01    0.278547E-01
    0.270800E-01    0.263053E-01    0.255306E-01    0.247558E-01
    0.241026E-01    0.235708E-01    0.230391E-01    0.225073E-01
    0.219310E-01    0.213456E-01    0.207602E-01    0.201748E-01
    0.195894E-01    0.190432E-01    0.186409E-01    0.182871E-01
    0.179334E-01    0.175796E-01    0.172258E-01    0.168720E-01
    0.165182E-01    0.161644E-01    0.158276E-01    0.154908E-01
    0.151539E-01    0.148171E-01    0.144220E-01    0.141308E-01
    0.138395E-01    0.135482E-01    0.132569E-01    0.129325E-01
    0.125944E-01    0.122564E-01    0.119184E-01    0.115996E-01
    0.112639E-01    0.109282E-01    0.105926E-01    0.102571E-01
    0.989487E-02    0.945276E-02    0.902959E-02    0.883870E-02
    0.860269E-02    0.825554E-02    0.788964E-02    0.752829E-02
    0.719087E-02    0.687227E-02    0.656048E-02    0.622884E-02
    0.589317E-02    0.555750E-02    0.555750E-02    0.555750E-02
    0.705508E-02    0.146628E-02    0.119702E-02    0.119702E-02
    0.119702E-02    0.940144E-03    0.638375E-03    0.301301E-03
   -0.273343E-04   -0.273343E-04   -0.273343E-04   -0.273343E-04
   -0.118248E-02   -0.118248E-02    0.662218E-01    0.654390E-01
    0.646561E-01    0.638733E-01    0.630905E-01    0.623076E-01
    0.615248E-01    0.607420E-01    0.599592E-01    0.591764E-01
    0.583936E-01    0.576107E-01    0.568279E-01    0.560451E-01
    0.552622E-01    0.544794E-01    0.536966E-01    0.529138E-01
    0.521310E-01    0.513482E-01    0.505654E-01    0.497825E-01
    0.489997E-01    0.482169E-01    0.474340E-01    0.466512E-01
    0.458684E-01    0.450856E-01    0.443028E-01    0.435200E-01
    0.427371E-01    0.419543E-01    0.411715E-01    0.403886E-01
    0.396058E-01    0.388230E-01    0.380402E-01    0.372574E-01
    0.364746E-01    0.356918E-01    0.349089E-01    0.341261E-01
    0.333433E-01    0.325604E-01    0.317776E-01    0.309948E-01
    0.302120E-01    0.294292E-01    0.286464E-01    0.278635E-01
    0.270807E-01    0.262979E-01    0.255151E-01    0.247322E-01
    0.239494E-01    0.232921E-01    0.227603E-01    0.222232E-01
    0.216378E-01    0.210525E-01    0.204671E-01    0.198817E-01
    0.192963E-01    0.187109E-01    0.181861E-01    0.177913E-01
    0.174543E-01    0.171173E-01    0.167803E-01    0.164433E-01
    0.161062E-01    0.157692E-01    0.154322E-01    0.150952E-01
    0.147583E-01    0.144214E-01    0.140844E-01    0.137475E-01
    0.134267E-01    0.131059E-01    0.127851E-01    0.124643E-01
    0.117588E-01    0.114208E-01    0.111247E-01    0.109388E-01
    0.107151E-01    0.103781E-01    0.100412E-01    0.970530E-02
    0.937000E-02    0.905681E-02    0.880944E-02    0.837908E-02
    0.797593E-02    0.764163E-02    0.731882E-02    0.699039E-02
    0.667188E-02    0.633494E-02    0.599801E-02    0.566108E-02
    0.532415E-02    0.498721E-02    0.465028E-02    0.465028E-02
    0.465028E-02    0.179632E-02    0.146628E-02    0.112183E-02
    0.119702E-02    0.119702E-02    0.940144E-03    0.638375E-03
    0.301301E-03   -0.273343E-04   -0.273343E-04   -0.273343E-04
   -0.118248E-02   -0.118248E-02   -0.228551E-02    0.658533E-01
    0.650624E-01    0.642715E-01    0.634805E-01    0.626896E-01
    0.618986E-01    0.611077E-01    0.603168E-01    0.595259E-01
    0.587349E-01    0.579440E-01    0.571531E-01    0.563621E-01
    0.555712E-01    0.547802E-01    0.539893E-01    0.531984E-01
    0.524075E-01    0.516165E-01    0.508256E-01    0.500347E-01
    0.492437E-01    0.484528E-01    0.476619E-01    0.468709E-01
    0.460800E-01    0.452891E-01    0.444981E-01    0.437072E-01
    0.429163E-01    0.421254E-01    0.413344E-01    0.405435E-01
    0.397525E-01    0.389616E-01    0.381706E-01    0.373797E-01
    0.365888E-01    0.357979E-01    0.350070E-01    0.342160E-01
    0.334251E-01    0.326341E-01    0.318432E-01    0.310522E-01
    0.302613E-01    0.294704E-01    0.286795E-01    0.278886E-01
    0.270976E-01    0.263067E-01    0.255158E-01    0.247248E-01
    0.239339E-01    0.231429E-01    0.224816E-01    0.219300E-01
    0.213447E-01    0.207593E-01    0.201740E-01    0.195886E-01
    0.190032E-01    0.184178E-01    0.178325E-01    0.172450E-01
    0.166970E-01    0.165063E-01    0.162504E-01    0.159134E-01
    0.155764E-01    0.152394E-01    0.149024E-01    0.145653E-01
    0.142271E-01    0.138889E-01    0.135507E-01    0.132125E-01
    0.128743E-01    0.125536E-01    0.122328E-01    0.119120E-01
    0.114786E-01    0.106405E-01    0.104471E-01    0.102536E-01
    0.100602E-01    0.983060E-02    0.949253E-02    0.915445E-02
    0.887231E-02    0.859058E-02    0.905681E-02    0.880944E-02
    0.837908E-02    0.797593E-02    0.676974E-02    0.644862E-02
    0.611042E-02    0.577223E-02    0.543403E-02    0.509584E-02
    0.475764E-02    0.441945E-02    0.408125E-02    0.376771E-02
    0.376771E-02    0.179632E-02    0.179632E-02    0.146628E-02
    0.112183E-02    0.119702E-02    0.119702E-02    0.940144E-03
    0.638375E-03    0.301301E-03   -0.273343E-04   -0.273343E-04
   -0.118248E-02   -0.118248E-02   -0.228551E-02   -0.228551E-02
    0.654849E-01    0.646858E-01    0.638868E-01    0.630877E-01
    0.622887E-01    0.614896E-01    0.606906E-01    0.598916E-01
    0.590925E-01    0.582935E-01    0.574944E-01    0.566954E-01
    0.558963E-01    0.550973E-01    0.542982E-01    0.534992E-01
    0.527002E-01    0.519011E-01    0.511021E-01    0.503031E-01
    0.495040E-01    0.487050E-01    0.479059E-01    0.471068E-01
    0.463078E-01    0.455087E-01    0.447097E-01    0.439107E-01
    0.431117E-01    0.423126E-01    0.415136E-01    0.407145E-01
    0.399155E-01    0.391164E-01    0.383173E-01    0.375183E-01
    0.367193E-01    0.359202E-01    0.351212E-01    0.343222E-01
    0.335231E-01    0.327241E-01    0.319250E-01    0.311260E-01
    0.303269E-01    0.295278E-01    0.287288E-01    0.279298E-01
    0.271308E-01    0.263317E-01    0.255327E-01    0.247336E-01
    0.239346E-01    0.231355E-01    0.223364E-01    0.216442E-01
    0.210589E-01    0.204736E-01    0.198882E-01    0.193029E-01
    0.187175E-01    0.181322E-01    0.175468E-01    0.169614E-01
    0.160998E-01    0.155518E-01    0.153610E-01    0.151703E-01
    0.149795E-01    0.147095E-01    0.143725E-01    0.140355E-01
    0.136985E-01    0.133590E-01    0.130196E-01    0.126801E-01
    0.123406E-01    0.120012E-01    0.116804E-01    0.113596E-01
    0.109111E-01    0.104535E-01    0.100530E-01    0.978052E-02
    0.950794E-02    0.923536E-02    0.894641E-02    0.861025E-02
    0.828589E-02    0.887231E-02    0.859058E-02    0.622272E-02
    0.598795E-02    0.566023E-02    0.588409E-02    0.588409E-02
    0.555149E-02    0.521203E-02    0.487258E-02    0.453312E-02
    0.419366E-02    0.385421E-02    0.351475E-02    0.317529E-02
    0.284269E-02    0.284269E-02    0.179632E-02    0.179632E-02
    0.146628E-02    0.112183E-02    0.750025E-03    0.442118E-03
    0.120178E-03   -0.219279E-03   -0.545175E-03   -0.776044E-03
   -0.118248E-02   -0.118248E-02   -0.228551E-02   -0.228551E-02
   -0.228551E-02    0.651164E-01    0.643093E-01    0.635021E-01
    0.626950E-01    0.618878E-01    0.610806E-01    0.602735E-01
    0.594663E-01    0.586592E-01    0.578520E-01    0.570449E-01
    0.562377E-01    0.554306E-01    0.546234E-01    0.538162E-01
    0.530091E-01    0.522019E-01    0.513948E-01    0.505876E-01
    0.497805E-01    0.489733E-01    0.481662E-01    0.473590E-01
    0.465518E-01    0.457447E-01    0.449375E-01    0.441304E-01
    0.433232E-01    0.425161E-01    0.417089E-01    0.409018E-01
    0.400946E-01    0.392874E-01    0.384803E-01    0.376731E-01
    0.368659E-01    0.360588E-01    0.352517E-01    0.344445E-01
    0.336374E-01    0.328302E-01    0.320231E-01    0.312159E-01
    0.304087E-01    0.296015E-01    0.287944E-01    0.279872E-01
    0.271801E-01    0.263730E-01    0.255658E-01    0.247587E-01
    0.239515E-01    0.231443E-01    0.223372E-01    0.215300E-01
    0.208337E-01    0.202484E-01    0.196631E-01    0.190777E-01
    0.184924E-01    0.179071E-01    0.173217E-01    0.167363E-01
    0.161113E-01    0.149546E-01    0.144066E-01    0.142158E-01
    0.140251E-01    0.138343E-01    0.136435E-01    0.134527E-01
    0.131686E-01    0.128316E-01    0.124909E-01    0.121502E-01
    0.118095E-01    0.114688E-01    0.111280E-01    0.108012E-01
    0.103436E-01    0.988606E-02    0.936721E-02    0.937386E-02
    0.908683E-02    0.874498E-02    0.840313E-02    0.804953E-02
    0.772518E-02    0.734475E-02    0.700766E-02    0.700766E-02
    0.622272E-02    0.598795E-02    0.566023E-02    0.533580E-02
    0.499508E-02    0.465437E-02    0.431365E-02    0.397293E-02
    0.363221E-02    0.329149E-02    0.295077E-02    0.261005E-02
    0.226933E-02    0.192861E-02    0.168214E-02    0.115748E-02
    0.890220E-03    0.565742E-03    0.234431E-03   -0.309999E-04
   -0.362194E-03   -0.702780E-03   -0.104337E-02   -0.136169E-02
   -0.161986E-02   -0.193639E-02   -0.228551E-02   -0.228551E-02
   -0.228551E-02   -0.228551E-02    0.647480E-01    0.639327E-01
    0.631174E-01    0.623022E-01    0.614869E-01    0.606716E-01
    0.598564E-01    0.590411E-01    0.582258E-01    0.574106E-01
    0.565953E-01    0.557800E-01    0.549648E-01    0.541495E-01
    0.533342E-01    0.525189E-01    0.517037E-01    0.508884E-01
    0.500732E-01    0.492579E-01    0.484427E-01    0.476274E-01
    0.468121E-01    0.459968E-01    0.451815E-01    0.443663E-01
    0.435510E-01    0.427358E-01    0.419205E-01    0.411052E-01
    0.402900E-01    0.394747E-01    0.386594E-01    0.378442E-01
    0.370289E-01    0.362136E-01    0.353983E-01    0.345831E-01
    0.337678E-01    0.329526E-01    0.321373E-01    0.313220E-01
    0.305068E-01    0.296915E-01    0.288762E-01    0.280609E-01
    0.272457E-01    0.264304E-01    0.256152E-01    0.247999E-01
    0.239846E-01    0.231694E-01    0.223541E-01    0.215388E-01
    0.207235E-01    0.200232E-01    0.194379E-01    0.188526E-01
    0.182673E-01    0.176819E-01    0.170966E-01    0.165075E-01
    0.158818E-01    0.152560E-01    0.143396E-01    0.133385E-01
    0.131423E-01    0.129460E-01    0.127498E-01    0.125535E-01
    0.123573E-01    0.121610E-01    0.119647E-01    0.116230E-01
    0.112812E-01    0.109394E-01    0.105976E-01    0.102548E-01
    0.980260E-02    0.935037E-02    0.889813E-02    0.846177E-02
    0.811233E-02    0.800670E-02    0.783654E-02    0.751893E-02
    0.714751E-02    0.671171E-02    0.624499E-02    0.606949E-02
    0.575356E-02    0.545201E-02    0.511525E-02    0.478892E-02
    0.449875E-02    0.415685E-02    0.376301E-02    0.341526E-02
    0.307328E-02    0.273130E-02    0.238931E-02    0.204734E-02
    0.170536E-02    0.136337E-02    0.102139E-02    0.670965E-03
    0.401736E-03    0.537855E-04   -0.310318E-03   -0.460344E-03
   -0.309999E-04   -0.362194E-03   -0.702780E-03   -0.104337E-02
   -0.136169E-02   -0.161986E-02   -0.193639E-02   -0.228551E-02
   -0.228551E-02   -0.228551E-02   -0.228551E-02    0.643795E-01
    0.635562E-01    0.627328E-01    0.619094E-01    0.610860E-01
    0.602626E-01    0.594392E-01    0.586159E-01    0.577925E-01
    0.569691E-01    0.561458E-01    0.553224E-01    0.544990E-01
    0.536756E-01    0.528522E-01    0.520288E-01    0.512055E-01
    0.503821E-01    0.495587E-01    0.487354E-01    0.479120E-01
    0.470886E-01    0.462652E-01    0.454418E-01    0.446184E-01
    0.437950E-01    0.429717E-01    0.421483E-01    0.413249E-01
    0.405016E-01    0.396782E-01    0.388548E-01    0.380314E-01
    0.372080E-01    0.363846E-01    0.355612E-01    0.347379E-01
    0.339145E-01    0.330912E-01    0.322678E-01    0.314444E-01
    0.306210E-01    0.297976E-01    0.289742E-01    0.281508E-01
    0.273275E-01    0.265041E-01    0.256807E-01    0.248574E-01
    0.240340E-01    0.232106E-01    0.223872E-01    0.215639E-01
    0.207405E-01    0.199171E-01    0.192127E-01    0.186274E-01
    0.180421E-01    0.174568E-01    0.168714E-01    0.162779E-01
    0.156522E-01    0.150265E-01    0.144008E-01    0.137658E-01
    0.127453E-01    0.125099E-01    0.122746E-01    0.120393E-01
    0.118040E-01    0.115686E-01    0.113333E-01    0.110979E-01
    0.107561E-01    0.104144E-01    0.100726E-01    0.973590E-02
    0.938121E-02    0.896702E-02    0.855283E-02    0.813862E-02
    0.774158E-02    0.737263E-02    0.694513E-02    0.667630E-02
    0.650612E-02    0.626645E-02    0.581829E-02    0.538801E-02
    0.517963E-02    0.491966E-02    0.459071E-02    0.431336E-02
    0.478892E-02    0.449875E-02    0.415685E-02    0.376301E-02
    0.341526E-02    0.222150E-02    0.189061E-02    0.148714E-02
    0.119826E-02    0.861136E-03    0.525373E-03    0.102139E-02
    0.670965E-03    0.401736E-03    0.537855E-04   -0.310318E-03
   -0.460344E-03   -0.460344E-03   -0.362194E-03   -0.702780E-03
   -0.104337E-02   -0.136169E-02   -0.161986E-02   -0.193639E-02
   -0.228551E-02   -0.228551E-02   -0.228551E-02   -0.228551E-02
    0.640111E-01    0.631796E-01    0.623481E-01    0.615166E-01
    0.606851E-01    0.598536E-01    0.590221E-01    0.581906E-01
    0.573592E-01    0.565277E-01    0.556962E-01    0.548647E-01
    0.540332E-01    0.532017E-01    0.523702E-01    0.515387E-01
    0.507072E-01    0.498758E-01    0.490443E-01    0.482128E-01
    0.473813E-01    0.465498E-01    0.457183E-01    0.448868E-01
    0.440553E-01    0.432238E-01    0.423923E-01    0.415609E-01
    0.407294E-01    0.398979E-01    0.390664E-01    0.382349E-01
    0.374034E-01    0.365719E-01    0.357404E-01    0.349089E-01
    0.340774E-01    0.332460E-01    0.324145E-01    0.315830E-01
    0.307515E-01    0.299200E-01    0.290885E-01    0.282570E-01
    0.274255E-01    0.265940E-01    0.257625E-01    0.249311E-01
    0.240996E-01    0.232681E-01    0.224366E-01    0.216051E-01
    0.207736E-01    0.199421E-01    0.191106E-01    0.184022E-01
    0.178169E-01    0.172316E-01    0.166463E-01    0.160483E-01
    0.154226E-01    0.147969E-01    0.141712E-01    0.135455E-01
    0.130331E-01    0.121520E-01    0.118776E-01    0.116032E-01
    0.113288E-01    0.110544E-01    0.107799E-01    0.105055E-01
    0.102311E-01    0.988931E-02    0.954753E-02    0.921397E-02
    0.888368E-02    0.850760E-02    0.813145E-02    0.775528E-02
    0.737911E-02    0.701059E-02    0.666506E-02    0.628350E-02
    0.595078E-02    0.564965E-02    0.540260E-02    0.503194E-02
    0.465010E-02    0.431045E-02    0.402289E-02    0.372117E-02
    0.431336E-02    0.431336E-02    0.449875E-02    0.415685E-02
    0.376301E-02    0.222150E-02    0.222150E-02    0.189061E-02
    0.148714E-02    0.119826E-02    0.861136E-03    0.525373E-03
    0.525373E-03    0.670965E-03    0.401736E-03    0.537855E-04
   -0.310318E-03   -0.460344E-03   -0.460344E-03   -0.460344E-03
   -0.702780E-03   -0.104337E-02   -0.136169E-02   -0.161986E-02
   -0.193639E-02   -0.228551E-02   -0.228551E-02   -0.228551E-02
   -0.228551E-02    0.636426E-01    0.628030E-01    0.619634E-01
    0.611238E-01    0.602842E-01    0.594446E-01    0.586050E-01
    0.577654E-01    0.569258E-01    0.560862E-01    0.552466E-01
    0.544070E-01    0.535674E-01    0.527278E-01    0.518882E-01
    0.510486E-01    0.502090E-01    0.493694E-01    0.485298E-01
    0.476902E-01    0.468506E-01    0.460110E-01    0.451714E-01
    0.443318E-01    0.434922E-01    0.426526E-01    0.418130E-01
    0.409734E-01    0.401338E-01    0.392942E-01    0.384546E-01
    0.376150E-01    0.367754E-01    0.359358E-01    0.350962E-01
    0.342566E-01    0.334170E-01    0.325774E-01    0.317378E-01
    0.308982E-01    0.300586E-01    0.292190E-01    0.283794E-01
    0.275398E-01    0.267001E-01    0.258605E-01    0.250210E-01
    0.241814E-01    0.233418E-01    0.225022E-01    0.216626E-01
    0.208230E-01    0.199834E-01    0.191438E-01    0.183041E-01
    0.175917E-01    0.170064E-01    0.164211E-01    0.158187E-01
    0.151930E-01    0.145673E-01    0.139416E-01    0.133159E-01
    0.126902E-01    0.121779E-01    0.115588E-01    0.112453E-01
    0.109318E-01    0.106183E-01    0.103048E-01    0.999127E-02
    0.967776E-02    0.936424E-02    0.902248E-02    0.869203E-02
    0.836174E-02    0.803146E-02    0.758001E-02    0.728803E-02
    0.694286E-02    0.659768E-02    0.625235E-02    0.590659E-02
    0.556081E-02    0.522756E-02    0.489847E-02    0.432492E-02
    0.408154E-02    0.383198E-02    0.348632E-02    0.315262E-02
    0.372117E-02    0.155002E-02    0.121342E-02    0.121342E-02
    0.121342E-02    0.222150E-02    0.222150E-02    0.222150E-02
    0.189061E-02    0.148714E-02    0.119826E-02    0.861136E-03
    0.525373E-03    0.525373E-03    0.525373E-03    0.401736E-03
    0.537855E-04   -0.310318E-03   -0.460344E-03   -0.460344E-03
   -0.460344E-03   -0.702780E-03   -0.104337E-02   -0.136169E-02
   -0.161986E-02   -0.193639E-02   -0.228551E-02   -0.228551E-02
   -0.228551E-02   -0.228551E-02    0.632742E-01    0.624265E-01
    0.615787E-01    0.607310E-01    0.598833E-01    0.590356E-01
    0.581879E-01    0.573402E-01    0.564925E-01    0.556448E-01
    0.547971E-01    0.539493E-01    0.531016E-01    0.522539E-01
    0.514062E-01    0.505585E-01    0.497108E-01    0.488631E-01
    0.480154E-01    0.471677E-01    0.463199E-01    0.454722E-01
    0.446245E-01    0.437768E-01    0.429290E-01    0.420813E-01
    0.412336E-01    0.403859E-01    0.395382E-01    0.386905E-01
    0.378428E-01    0.369951E-01    0.361474E-01    0.352997E-01
    0.344519E-01    0.336042E-01    0.327565E-01    0.319088E-01
    0.310611E-01    0.302134E-01    0.293657E-01    0.285180E-01
    0.276703E-01    0.268225E-01    0.259748E-01    0.251271E-01
    0.242794E-01    0.234317E-01    0.225840E-01    0.217363E-01
    0.208886E-01    0.200409E-01    0.191931E-01    0.183454E-01
    0.174977E-01    0.167812E-01    0.161959E-01    0.155890E-01
    0.149633E-01    0.143377E-01    0.137120E-01    0.130863E-01
    0.124606E-01    0.118349E-01    0.113226E-01    0.109106E-01
    0.105659E-01    0.102212E-01    0.987643E-02    0.953168E-02
    0.918693E-02    0.884217E-02    0.849740E-02    0.816714E-02
    0.783687E-02    0.750659E-02    0.717631E-02    0.641481E-02
    0.622052E-02    0.602627E-02    0.571979E-02    0.537415E-02
    0.502712E-02    0.468009E-02    0.434653E-02    0.401535E-02
    0.356486E-02    0.326346E-02    0.294495E-02    0.260009E-02
    0.226550E-02    0.189665E-02    0.155002E-02    0.121342E-02
    0.121342E-02   -0.104365E-04   -0.104365E-04   -0.239625E-02
   -0.239625E-02   -0.218365E-02   -0.218365E-02   -0.247406E-02
   -0.247406E-02   -0.406858E-02   -0.445467E-02   -0.469995E-02
   -0.469995E-02   -0.469995E-02   -0.469995E-02   -0.460344E-03
   -0.460344E-03   -0.460344E-03   -0.460344E-03   -0.104337E-02
   -0.136169E-02   -0.161986E-02   -0.193639E-02   -0.228551E-02
   -0.228551E-02   -0.228551E-02   -0.228551E-02    0.629057E-01
    0.620499E-01    0.611941E-01    0.603382E-01    0.594824E-01
    0.586266E-01    0.577708E-01    0.569150E-01    0.560591E-01
    0.552033E-01    0.543475E-01    0.534917E-01    0.526358E-01
    0.517800E-01    0.509242E-01    0.500683E-01    0.492125E-01
    0.483567E-01    0.475009E-01    0.466451E-01    0.457893E-01
    0.449334E-01    0.440776E-01    0.432218E-01    0.423659E-01
    0.415101E-01    0.406543E-01    0.397985E-01    0.389427E-01
    0.380869E-01    0.372310E-01    0.363752E-01    0.355194E-01
    0.346635E-01    0.338077E-01    0.329519E-01    0.320961E-01
    0.312403E-01    0.303844E-01    0.295286E-01    0.286728E-01
    0.278170E-01    0.269611E-01    0.261053E-01    0.252494E-01
    0.243936E-01    0.235378E-01    0.226820E-01    0.218262E-01
    0.209704E-01    0.201146E-01    0.192587E-01    0.184029E-01
    0.175471E-01    0.166912E-01    0.159706E-01    0.153593E-01
    0.147337E-01    0.141080E-01    0.134823E-01    0.128567E-01
    0.122310E-01    0.116053E-01    0.109796E-01    0.103477E-01
    0.978266E-02    0.958415E-02    0.935428E-02    0.900955E-02
    0.866481E-02    0.832006E-02    0.797531E-02    0.763055E-02
    0.730029E-02    0.697002E-02    0.663975E-02    0.630493E-02
    0.537496E-02    0.516379E-02    0.495260E-02    0.474141E-02
    0.449594E-02    0.414766E-02    0.379937E-02    0.346370E-02
    0.313223E-02    0.254601E-02    0.230962E-02    0.205792E-02
    0.171181E-02    0.137594E-02    0.101247E-02    0.664760E-03
    0.316470E-03   -0.104365E-04   -0.104365E-04   -0.104365E-04
   -0.239625E-02   -0.239625E-02   -0.218365E-02   -0.218365E-02
   -0.247406E-02   -0.247406E-02   -0.406858E-02   -0.445467E-02
   -0.469995E-02   -0.469995E-02   -0.469995E-02   -0.469995E-02
   -0.469995E-02   -0.460344E-03   -0.460344E-03   -0.460344E-03
   -0.104337E-02   -0.136169E-02   -0.161986E-02   -0.193639E-02
   -0.228551E-02   -0.228551E-02   -0.228551E-02   -0.228551E-02
    0.625373E-01    0.616733E-01    0.608094E-01    0.599455E-01
    0.590815E-01    0.582176E-01    0.573537E-01    0.564897E-01
    0.556258E-01    0.547619E-01    0.538979E-01    0.530340E-01
    0.521701E-01    0.513061E-01    0.504422E-01    0.495782E-01
    0.487143E-01    0.478504E-01    0.469865E-01    0.461225E-01
    0.452586E-01    0.443946E-01    0.435307E-01    0.426668E-01
    0.418028E-01    0.409389E-01    0.400750E-01    0.392110E-01
    0.383471E-01    0.374832E-01    0.366192E-01    0.357553E-01
    0.348914E-01    0.340274E-01    0.331635E-01    0.322995E-01
    0.314356E-01    0.305717E-01    0.297078E-01    0.288438E-01
    0.279799E-01    0.271160E-01    0.262520E-01    0.253881E-01
    0.245241E-01    0.236602E-01    0.227963E-01    0.219323E-01
    0.210684E-01    0.202045E-01    0.193405E-01    0.184766E-01
    0.176127E-01    0.167487E-01    0.158847E-01    0.151399E-01
    0.145143E-01    0.138887E-01    0.132630E-01    0.126374E-01
    0.120117E-01    0.113860E-01    0.107604E-01    0.101346E-01
    0.920252E-02    0.863744E-02    0.843893E-02    0.824041E-02
    0.804189E-02    0.779794E-02    0.745320E-02    0.710845E-02
    0.676369E-02    0.643344E-02    0.610285E-02    0.576784E-02
    0.543283E-02    0.479180E-02    0.450204E-02    0.421226E-02
    0.392247E-02    0.361774E-02    0.326819E-02    0.291864E-02
    0.258265E-02    0.224905E-02    0.180270E-02    0.149455E-02
    0.117089E-02    0.823521E-03    0.486386E-03    0.121937E-03
   -0.227321E-03   -0.576872E-03   -0.900941E-03   -0.900941E-03
   -0.900941E-03   -0.239625E-02   -0.239625E-02   -0.267573E-02
   -0.302373E-02   -0.337328E-02   -0.367535E-02   -0.406858E-02
   -0.445467E-02   -0.469995E-02   -0.469995E-02   -0.469995E-02
   -0.469995E-02   -0.469995E-02   -0.469995E-02   -0.469995E-02
   -0.460344E-03   -0.104337E-02   -0.136169E-02   -0.161986E-02
   -0.193639E-02   -0.228551E-02   -0.228551E-02   -0.228551E-02
   -0.228551E-02
   -0.215019E+01   -0.214828E+01   -0.214633E+01   -0.214386E+01
   -0.214140E+01   -0.213894E+01   -0.213647E+01   -0.213401E+01
   -0.213167E+01   -0.212932E+01   -0.212698E+01   -0.212463E+01
   -0.211980E+01   -0.211715E+01   -0.211498E+01   -0.211281E+01
   -0.210963E+01   -0.210708E+01   -0.210416E+01   -0.209980E+01
   -0.209781E+01   -0.209449E+01   -0.209280E+01   -0.209024E+01
   -0.208837E+01   -0.208432E+01   -0.208008E+01   -0.208008E+01
   -0.208008E+01   -0.208008E+01   -0.208008E+01   -0.208008E+01
   -0.208008E+01   -0.208008E+01   -0.208008E+01   -0.169956E+01
   -0.169956E+01   -0.169956E+01   -0.169956E+01   -0.169956E+01
   -0.147341E+01   -0.146809E+01   -0.146809E+01   -0.146809E+01
   -0.146809E+01   -0.146809E+01   -0.146809E+01   -0.146809E+01
   -0.129944E+01   -0.128882E+01   -0.128028E+01   -0.128028E+01
   -0.128028E+01   -0.128028E+01   -0.128028E+01   -0.128028E+01
   -0.120636E+01   -0.120636E+01   -0.120636E+01   -0.120636E+01
   -0.120636E+01   -0.114805E+01   -0.114805E+01   -0.114805E+01
   -0.114805E+01   -0.114805E+01   -0.114805E+01   -0.114805E+01
   -0.114805E+01   -0.114805E+01   -0.104298E+01   -0.104298E+01
   -0.104298E+01   -0.104298E+01   -0.104298E+01   -0.104298E+01
   -0.104298E+01   -0.104298E+01   -0.104298E+01   -0.997685E+00
   -0.997685E+00   -0.997685E+00   -0.997685E+00   -0.997685E+00
   -0.997685E+00   -0.997685E+00   -0.997685E+00   -0.997685E+00
   -0.997685E+00   -0.997685E+00   -0.997685E+00   -0.997685E+00
   -0.856877E+00   -0.856877E+00   -0.856877E+00   -0.856877E+00
   -0.856877E+00   -0.856877E+00   -0.714490E+00   -0.714490E+00
   -0.714490E+00   -0.714490E+00   -0.714490E+00   -0.714490E+00
   -0.714490E+00   -0.714490E+00   -0.714490E+00   -0.714490E+00
   -0.714490E+00   -0.714490E+00   -0.714490E+00   -0.714490E+00
   -0.714490E+00   -0.714490E+00   -0.714490E+00   -0.714490E+00
   -0.623240E+00   -0.623240E+00   -0.623240E+00   -0.623240E+00
   -0.623240E+00   -0.214955E+01   -0.214767E+01   -0.214579E+01
   -0.214330E+01   -0.214080E+01   -0.213830E+01   -0.213581E+01
   -0.213331E+01   -0.213096E+01   -0.212861E+01   -0.212626E+01
   -0.212392E+01   -0.211904E+01   -0.211539E+01   -0.211173E+01
   -0.210923E+01   -0.210574E+01   -0.209828E+01   -0.209514E+01
   -0.208948E+01   -0.208474E+01   -0.207933E+01   -0.207396E+01
   -0.207098E+01   -0.208837E+01   -0.208432E+01   -0.208008E+01
   -0.208008E+01   -0.208008E+01   -0.208008E+01   -0.208008E+01
   -0.208008E+01   -0.208008E+01   -0.208008E+01   -0.169956E+01
   -0.169956E+01   -0.169956E+01   -0.169956E+01   -0.169956E+01
   -0.169956E+01   -0.147341E+01   -0.146809E+01   -0.146809E+01
   -0.146809E+01   -0.146809E+01   -0.146809E+01   -0.146809E+01
   -0.146809E+01   -0.129944E+01   -0.128882E+01   -0.128028E+01
   -0.128028E+01   -0.128028E+01   -0.128028E+01   -0.128028E+01
   -0.128028E+01   -0.120636E+01   -0.120636E+01   -0.120636E+01
   -0.120636E+01   -0.120636E+01   -0.114805E+01   -0.114805E+01
   -0.114805E+01   -0.114805E+01   -0.114805E+01   -0.114805E+01
   -0.114805E+01   -0.114805E+01   -0.104298E+01   -0.104298E+01
   -0.104298E+01   -0.104298E+01   -0.104298E+01   -0.104298E+01
   -0.104298E+01   -0.104298E+01   -0.104298E+01   -0.997685E+00
   -0.997685E+00   -0.997685E+00   -0.997685E+00   -0.997685E+00
   -0.997685E+00   -0.997685E+00   -0.997685E+00   -0.997685E+00
   -0.997685E+00   -0.997685E+00   -0.997685E+00   -0.856877E+00
   -0.856877E+00   -0.856877E+00   -0.856877E+00   -0.856877E+00
   -0.856877E+00   -0.856877E+00   -0.714490E+00   -0.714490E+00
   -0.714490E+00   -0.714490E+00   -0.714490E+00   -0.714490E+00
   -0.714490E+00   -0.714490E+00   -0.714490E+00   -0.714490E+00
   -0.714490E+00   -0.714490E+00   -0.714490E+00   -0.714490E+00
   -0.714490E+00   -0.714490E+00   -0.714490E+00   -0.623240E+00
   -0.623240E+00   -0.623240E+00   -0.623240E+00   -0.623240E+00
   -0.530736E+00   -0.530736E+00   -0.214907E+01   -0.214716E+01
   -0.214526E+01   -0.214259E+01   -0.213992E+01   -0.213725E+01
   -0.213459E+01   -0.213192E+01   -0.212957E+01   -0.212722E+01
   -0.212487E+01   -0.212190E+01   -0.211836E+01   -0.211450E+01
   -0.211064E+01   -0.210678E+01   -0.210202E+01   -0.209456E+01
   -0.208469E+01   -0.207393E+01   -0.206781E+01   -0.205965E+01
   -0.205192E+01   -0.207098E+01   -0.207098E+01   -0.208432E+01
   -0.208008E+01   -0.208008E+01   -0.208008E+01   -0.208008E+01
   -0.208008E+01   -0.208008E+01   -0.178774E+01   -0.169956E+01
   -0.169956E+01   -0.169956E+01   -0.169956E+01   -0.169956E+01
   -0.169956E+01   -0.147341E+01   -0.147341E+01   -0.146809E+01
   -0.146809E+01   -0.146809E+01   -0.146809E+01   -0.146809E+01
   -0.146809E+01   -0.146809E+01   -0.129944E+01   -0.128882E+01
   -0.128028E+01   -0.128028E+01   -0.128028E+01   -0.128028E+01
   -0.128028E+01   -0.120636E+01   -0.120636E+01   -0.120636E+01
   -0.120636E+01   -0.120636E+01   -0.114805E+01   -0.114805E+01
   -0.114805E+01   -0.114805E+01   -0.114805E+01   -0.114805E+01
   -0.114805E+01   -0.114805E+01   -0.104298E+01   -0.104298E+01
   -0.104298E+01   -0.104298E+01   -0.104298E+01   -0.104298E+01
   -0.104298E+01   -0.104298E+01   -0.104298E+01   -0.997685E+00
   -0.997685E+00   -0.997685E+00   -0.997685E+00   -0.997685E+00
   -0.997685E+00   -0.997685E+00   -0.997685E+00   -0.997685E+00
   -0.997685E+00   -0.997685E+00   -0.997685E+00   -0.856877E+00
   -0.856877E+00   -0.856877E+00   -0.856877E+00   -0.856877E+00
   -0.856877E+00   -0.714490E+00   -0.714490E+00   -0.714490E+00
   -0.714490E+00   -0.714490E+00   -0.714490E+00   -0.714490E+00
   -0.714490E+00   -0.714490E+00   -0.714490E+00   -0.714490E+00
   -0.714490E+00   -0.714490E+00   -0.714490E+00   -0.714490E+00
   -0.714490E+00   -0.714490E+00   -0.623240E+00   -0.623240E+00
   -0.623240E+00   -0.623240E+00   -0.623240E+00   -0.530736E+00
   -0.530736E+00   -0.530736E+00   -0.530736E+00   -0.214859E+01
   -0.214666E+01   -0.214473E+01   -0.214189E+01   -0.213905E+01
   -0.213621E+01   -0.213337E+01   -0.213052E+01   -0.212818E+01
   -0.212580E+01   -0.212278E+01   -0.211976E+01   -0.211799E+01
   -0.211308E+01   -0.210818E+01   -0.210328E+01   -0.209774E+01
   -0.208787E+01   -0.207417E+01   -0.206237E+01   -0.205475E+01
   -0.203963E+01   -0.202883E+01   -0.201604E+01   -0.201604E+01
   -0.197517E+01   -0.197517E+01   -0.192999E+01   -0.208008E+01
   -0.178774E+01   -0.178774E+01   -0.178774E+01   -0.178774E+01
   -0.169956E+01   -0.169956E+01   -0.169956E+01   -0.169956E+01
   -0.169956E+01   -0.169956E+01   -0.147341E+01   -0.147341E+01
   -0.146809E+01   -0.146809E+01   -0.146809E+01   -0.146809E+01
   -0.146809E+01   -0.146809E+01   -0.146809E+01   -0.129944E+01
   -0.128882E+01   -0.128028E+01   -0.128028E+01   -0.128028E+01
   -0.128028E+01   -0.128028E+01   -0.120636E+01   -0.120636E+01
   -0.120636E+01   -0.120636E+01   -0.120636E+01   -0.114805E+01
   -0.114805E+01   -0.114805E+01   -0.114805E+01   -0.114805E+01
   -0.114805E+01   -0.114805E+01   -0.114805E+01   -0.104298E+01
   -0.104298E+01   -0.104298E+01   -0.104298E+01   -0.104298E+01
   -0.104298E+01   -0.104298E+01   -0.104298E+01   -0.997685E+00
   -0.997685E+00   -0.997685E+00   -0.997685E+00   -0.997685E+00
   -0.997685E+00   -0.997685E+00   -0.997685E+00   -0.997685E+00
   -0.997685E+00   -0.997685E+00   -0.856877E+00   -0.856877E+00
   -0.856877E+00   -0.856877E+00   -0.856877E+00   -0.856877E+00
   -0.856877E+00   -0.714490E+00   -0.714490E+00   -0.714490E+00
   -0.714490E+00   -0.714490E+00   -0.714490E+00   -0.714490E+00
   -0.714490E+00   -0.714490E+00   -0.714490E+00   -0.714490E+00
   -0.714490E+00   -0.714490E+00   -0.714490E+00   -0.714490E+00
   -0.714490E+00   -0.623240E+00   -0.623240E+00   -0.623240E+00
   -0.623240E+00   -0.623240E+00   -0.530736E+00   -0.530736E+00
   -0.530736E+00   -0.530736E+00   -0.530736E+00   -0.530736E+00
   -0.214810E+01   -0.214615E+01   -0.214420E+01   -0.214119E+01
   -0.213817E+01   -0.213516E+01   -0.213215E+01   -0.212913E+01
   -0.212668E+01   -0.212366E+01   -0.212064E+01   -0.211762E+01
   -0.211429E+01   -0.210857E+01   -0.210285E+01   -0.209714E+01
   -0.208897E+01   -0.207484E+01   -0.206071E+01   -0.205030E+01
   -0.204044E+01   -0.201361E+01   -0.200262E+01   -0.199054E+01
   -0.197517E+01   -0.197517E+01   -0.192999E+01   -0.192999E+01
   -0.187116E+01   -0.178774E+01   -0.178774E+01   -0.178774E+01
   -0.169956E+01   -0.169956E+01   -0.169956E+01   -0.169956E+01
   -0.169956E+01   -0.169956E+01   -0.164611E+01   -0.147341E+01
   -0.147341E+01   -0.146809E+01   -0.146809E+01   -0.146809E+01
   -0.146809E+01   -0.146809E+01   -0.146809E+01   -0.130674E+01
   -0.129944E+01   -0.128882E+01   -0.128028E+01   -0.128028E+01
   -0.128028E+01   -0.128028E+01   -0.128028E+01   -0.120636E+01
   -0.120636E+01   -0.120636E+01   -0.120636E+01   -0.120636E+01
   -0.114805E+01   -0.114805E+01   -0.114805E+01   -0.114805E+01
   -0.114805E+01   -0.114805E+01   -0.114805E+01   -0.104298E+01
   -0.104298E+01   -0.104298E+01   -0.104298E+01   -0.104298E+01
   -0.104298E+01   -0.104298E+01   -0.104298E+01   -0.997685E+00
   -0.997685E+00   -0.997685E+00   -0.997685E+00   -0.997685E+00
   -0.997685E+00   -0.997685E+00   -0.997685E+00   -0.997685E+00
   -0.997685E+00   -0.997685E+00   -0.856877E+00   -0.856877E+00
   -0.856877E+00   -0.856877E+00   -0.856877E+00   -0.856877E+00
   -0.714490E+00   -0.714490E+00   -0.714490E+00   -0.714490E+00
   -0.714490E+00   -0.714490E+00   -0.714490E+00   -0.714490E+00
   -0.714490E+00   -0.714490E+00   -0.714490E+00   -0.714490E+00
   -0.714490E+00   -0.714490E+00   -0.714490E+00   -0.714490E+00
   -0.623240E+00   -0.623240E+00   -0.623240E+00   -0.623240E+00
   -0.623240E+00   -0.530736E+00   -0.530736E+00   -0.530736E+00
   -0.530736E+00   -0.530736E+00   -0.530736E+00   -0.530736E+00
   -0.530736E+00   -0.214744E+01   -0.214547E+01   -0.214350E+01
   -0.214005E+01   -0.213659E+01   -0.213314E+01   -0.212968E+01
   -0.212623E+01   -0.212321E+01   -0.212019E+01   -0.211717E+01
   -0.211415E+01   -0.209876E+01   -0.209304E+01   -0.208686E+01
   -0.208033E+01   -0.207140E+01   -0.205530E+01   -0.203920E+01
   -0.202803E+01   -0.201051E+01   -0.198960E+01   -0.197998E+01
   -0.196824E+01   -0.194697E+01   -0.192999E+01   -0.192999E+01
   -0.187116E+01   -0.180374E+01   -0.178774E+01   -0.178774E+01
   -0.178774E+01   -0.169956E+01   -0.169956E+01   -0.169956E+01
   -0.169956E+01   -0.169956E+01   -0.164611E+01   -0.152239E+01
   -0.147341E+01   -0.147341E+01   -0.146809E+01   -0.146809E+01
   -0.146809E+01   -0.146809E+01   -0.146809E+01   -0.146809E+01
   -0.130674E+01   -0.129944E+01   -0.128882E+01   -0.128028E+01
   -0.128028E+01   -0.128028E+01   -0.128028E+01   -0.128028E+01
   -0.120636E+01   -0.120636E+01   -0.120636E+01   -0.120636E+01
   -0.114805E+01   -0.114805E+01   -0.114805E+01   -0.114805E+01
   -0.114805E+01   -0.114805E+01   -0.114805E+01   -0.104298E+01
   -0.104298E+01   -0.104298E+01   -0.104298E+01   -0.104298E+01
   -0.104298E+01   -0.104298E+01   -0.104298E+01   -0.997685E+00
   -0.997685E+00   -0.997685E+00   -0.997685E+00   -0.997685E+00
   -0.997685E+00   -0.997685E+00   -0.997685E+00   -0.997685E+00
   -0.997685E+00   -0.856877E+00   -0.856877E+00   -0.856877E+00
   -0.856877E+00   -0.856877E+00   -0.856877E+00   -0.856877E+00
   -0.714490E+00   -0.714490E+00   -0.714490E+00   -0.714490E+00
   -0.714490E+00   -0.714490E+00   -0.714490E+00   -0.714490E+00
   -0.714490E+00   -0.714490E+00   -0.714490E+00   -0.714490E+00
   -0.714490E+00   -0.714490E+00   -0.714490E+00   -0.623240E+00
   -0.623240E+00   -0.623240E+00   -0.623240E+00   -0.623240E+00
   -0.530736E+00   -0.530736E+00   -0.530736E+00   -0.530736E+00
   -0.530736E+00   -0.530736E+00   -0.530736E+00   -0.530736E+00
   -0.530736E+00   -0.530736E+00   -0.214618E+01   -0.214421E+01
   -0.214224E+01   -0.213746E+01   -0.213267E+01   -0.212789E+01
   -0.212310E+01   -0.211831E+01   -0.211529E+01   -0.211227E+01
   -0.210925E+01   -0.209468E+01   -0.208177E+01   -0.207506E+01
   -0.206835E+01   -0.206164E+01   -0.205222E+01   -0.203464E+01
   -0.201705E+01   -0.199693E+01   -0.197908E+01   -0.196345E+01
   -0.195446E+01   -0.192681E+01   -0.190374E+01   -0.189217E+01
   -0.187116E+01   -0.187116E+01   -0.180374E+01   -0.178774E+01
   -0.178774E+01   -0.171699E+01   -0.169956E+01   -0.169956E+01
   -0.169956E+01   -0.169956E+01   -0.164611E+01   -0.164611E+01
   -0.152239E+01   -0.147341E+01   -0.147341E+01   -0.146809E+01
   -0.146809E+01   -0.146809E+01   -0.146809E+01   -0.146809E+01
   -0.146809E+01   -0.130674E+01   -0.129944E+01   -0.128882E+01
   -0.128028E+01   -0.128028E+01   -0.128028E+01   -0.128028E+01
   -0.120636E+01   -0.120636E+01   -0.120636E+01   -0.120636E+01
   -0.120636E+01   -0.114805E+01   -0.114805E+01   -0.114805E+01
   -0.114805E+01   -0.114805E+01   -0.114805E+01   -0.114805E+01
   -0.104298E+01   -0.104298E+01   -0.104298E+01   -0.104298E+01
   -0.104298E+01   -0.104298E+01   -0.104298E+01   -0.997685E+00
   -0.997685E+00   -0.997685E+00   -0.997685E+00   -0.997685E+00
   -0.997685E+00   -0.997685E+00   -0.997685E+00   -0.997685E+00
   -0.997685E+00   -0.856877E+00   -0.856877E+00   -0.856877E+00
   -0.856877E+00   -0.856877E+00   -0.856877E+00   -0.714490E+00
   -0.714490E+00   -0.714490E+00   -0.714490E+00   -0.714490E+00
   -0.714490E+00   -0.714490E+00   -0.714490E+00   -0.714490E+00
   -0.714490E+00   -0.714490E+00   -0.714490E+00   -0.714490E+00
   -0.714490E+00   -0.714490E+00   -0.623240E+00   -0.623240E+00
   -0.623240E+00   -0.623240E+00   -0.623240E+00   -0.530736E+00
   -0.530736E+00   -0.530736E+00   -0.530736E+00   -0.530736E+00
   -0.530736E+00   -0.530736E+00   -0.530736E+00   -0.530736E+00
   -0.530736E+00   -0.530736E+00   -0.530736E+00   -0.214493E+01
   -0.214296E+01   -0.214098E+01   -0.213487E+01   -0.212875E+01
   -0.212263E+01   -0.211652E+01   -0.211040E+01   -0.210738E+01
   -0.210324E+01   -0.208853E+01   -0.207383E+01   -0.206025E+01
   -0.205284E+01   -0.204542E+01   -0.203801E+01   -0.202805E+01
   -0.201047E+01   -0.198379E+01   -0.196218E+01   -0.194304E+01
   -0.192643E+01   -0.191241E+01   -0.189437E+01   -0.187039E+01
   -0.186078E+01   -0.184034E+01   -0.182044E+01   -0.180374E+01
   -0.178774E+01   -0.178774E+01   -0.171699E+01   -0.169956E+01
   -0.169956E+01   -0.169956E+01   -0.164611E+01   -0.164611E+01
   -0.152239E+01   -0.152239E+01   -0.147341E+01   -0.147341E+01
   -0.146809E+01   -0.146809E+01   -0.146809E+01   -0.146809E+01
   -0.146809E+01   -0.130674E+01   -0.130674E+01   -0.129944E+01
   -0.128882E+01   -0.128028E+01   -0.128028E+01   -0.128028E+01
   -0.128028E+01   -0.120636E+01   -0.120636E+01   -0.120636E+01
   -0.120636E+01   -0.120636E+01   -0.114805E+01   -0.114805E+01
   -0.114805E+01   -0.114805E+01   -0.114805E+01   -0.114805E+01
   -0.104298E+01   -0.104298E+01   -0.104298E+01   -0.104298E+01
   -0.104298E+01   -0.104298E+01   -0.104298E+01   -0.997685E+00
   -0.997685E+00   -0.997685E+00   -0.997685E+00   -0.997685E+00
   -0.997685E+00   -0.997685E+00   -0.997685E+00   -0.997685E+00
   -0.856877E+00   -0.856877E+00   -0.856877E+00   -0.856877E+00
   -0.856877E+00   -0.856877E+00   -0.856877E+00   -0.714490E+00
   -0.714490E+00   -0.714490E+00   -0.714490E+00   -0.714490E+00
   -0.714490E+00   -0.714490E+00   -0.714490E+00   -0.714490E+00
   -0.714490E+00   -0.714490E+00   -0.714490E+00   -0.714490E+00
   -0.714490E+00   -0.623240E+00   -0.623240E+00   -0.623240E+00
   -0.623240E+00   -0.623240E+00   -0.530736E+00   -0.530736E+00
   -0.530736E+00   -0.530736E+00   -0.530736E+00   -0.530736E+00
   -0.530736E+00   -0.530736E+00   -0.530736E+00   -0.530736E+00
   -0.530736E+00   -0.530736E+00   -0.530736E+00   -0.530736E+00
   -0.214386E+01   -0.214170E+01   -0.213973E+01   -0.213228E+01
   -0.212483E+01   -0.211738E+01   -0.210993E+01   -0.210248E+01
   -0.209709E+01   -0.208238E+01   -0.206768E+01   -0.205297E+01
   -0.203874E+01   -0.203062E+01   -0.202249E+01   -0.201437E+01
   -0.200388E+01   -0.197898E+01   -0.194453E+01   -0.192671E+01
   -0.190661E+01   -0.188701E+01   -0.186891E+01   -0.185081E+01
   -0.183030E+01   -0.181196E+01   -0.178955E+01   -0.178004E+01
   -0.176589E+01   -0.174929E+01   -0.173197E+01   -0.171699E+01
   -0.169956E+01   -0.169956E+01   -0.164611E+01   -0.164611E+01
   -0.159230E+01   -0.152239E+01   -0.152239E+01   -0.147341E+01
   -0.147341E+01   -0.146809E+01   -0.146809E+01   -0.146809E+01
   -0.146809E+01   -0.146809E+01   -0.130674E+01   -0.130674E+01
   -0.129944E+01   -0.128882E+01   -0.128028E+01   -0.128028E+01
   -0.128028E+01   -0.128028E+01   -0.120636E+01   -0.120636E+01
   -0.120636E+01   -0.120636E+01   -0.114805E+01   -0.114805E+01
   -0.114805E+01   -0.114805E+01   -0.114805E+01   -0.114805E+01
   -0.104298E+01   -0.104298E+01   -0.104298E+01   -0.104298E+01
   -0.104298E+01   -0.104298E+01   -0.104298E+01   -0.997685E+00
   -0.997685E+00   -0.997685E+00   -0.997685E+00   -0.997685E+00
   -0.997685E+00   -0.997685E+00   -0.997685E+00   -0.997685E+00
   -0.856877E+00   -0.856877E+00   -0.856877E+00   -0.856877E+00
   -0.856877E+00   -0.856877E+00   -0.714490E+00   -0.714490E+00
   -0.714490E+00   -0.714490E+00   -0.714490E+00   -0.714490E+00
   -0.714490E+00   -0.714490E+00   -0.714490E+00   -0.714490E+00
   -0.714490E+00   -0.714490E+00   -0.714490E+00   -0.714490E+00
   -0.623240E+00   -0.623240E+00   -0.623240E+00   -0.623240E+00
   -0.623240E+00   -0.530736E+00   -0.530736E+00   -0.530736E+00
   -0.530736E+00   -0.530736E+00   -0.530736E+00   -0.530736E+00
   -0.530736E+00   -0.530736E+00   -0.530736E+00   -0.530736E+00
   -0.530736E+00   -0.530736E+00   -0.530736E+00   -0.530736E+00
   -0.530736E+00   -0.214196E+01   -0.213955E+01   -0.213715E+01
   -0.212874E+01   -0.212034E+01   -0.211193E+01   -0.210352E+01
   -0.209065E+01   -0.207543E+01   -0.206021E+01   -0.204499E+01
   -0.202977E+01   -0.201455E+01   -0.200591E+01   -0.199728E+01
   -0.198864E+01   -0.196489E+01   -0.192038E+01   -0.189387E+01
   -0.188211E+01   -0.186914E+01   -0.184949E+01   -0.183119E+01
   -0.181288E+01   -0.179506E+01   -0.177642E+01   -0.175594E+01
   -0.174709E+01   -0.173527E+01   -0.171159E+01   -0.169360E+01
   -0.167897E+01   -0.166328E+01   -0.164611E+01   -0.164611E+01
   -0.159230E+01   -0.152239E+01   -0.152239E+01   -0.152239E+01
   -0.147341E+01   -0.147341E+01   -0.146809E+01   -0.146809E+01
   -0.146809E+01   -0.146809E+01   -0.133988E+01   -0.130674E+01
   -0.130674E+01   -0.129944E+01   -0.128882E+01   -0.128028E+01
   -0.128028E+01   -0.128028E+01   -0.128028E+01   -0.120636E+01
   -0.120636E+01   -0.120636E+01   -0.120636E+01   -0.114805E+01
   -0.114805E+01   -0.114805E+01   -0.114805E+01   -0.114805E+01
   -0.114805E+01   -0.104298E+01   -0.104298E+01   -0.104298E+01
   -0.104298E+01   -0.104298E+01   -0.104298E+01   -0.997685E+00
   -0.997685E+00   -0.997685E+00   -0.997685E+00   -0.997685E+00
   -0.997685E+00   -0.997685E+00   -0.997685E+00   -0.856877E+00
   -0.856877E+00   -0.856877E+00   -0.856877E+00   -0.856877E+00
   -0.856877E+00   -0.856877E+00   -0.714490E+00   -0.714490E+00
   -0.714490E+00   -0.714490E+00   -0.714490E+00   -0.714490E+00
   -0.714490E+00   -0.714490E+00   -0.714490E+00   -0.714490E+00
   -0.714490E+00   -0.714490E+00   -0.714490E+00   -0.623240E+00
   -0.623240E+00   -0.623240E+00   -0.623240E+00   -0.623240E+00
   -0.530736E+00   -0.530736E+00   -0.530736E+00   -0.530736E+00
   -0.530736E+00   -0.530736E+00   -0.530736E+00   -0.530736E+00
   -0.530736E+00   -0.530736E+00   -0.530736E+00   -0.530736E+00
   -0.530736E+00   -0.530736E+00   -0.530736E+00   -0.530736E+00
   -0.530736E+00   -0.530736E+00   -0.213693E+01   -0.213406E+01
   -0.213119E+01   -0.212278E+01   -0.211438E+01   -0.210597E+01
   -0.209604E+01   -0.206879E+01   -0.205173E+01   -0.203467E+01
   -0.201760E+01   -0.200054E+01   -0.198347E+01   -0.197484E+01
   -0.196620E+01   -0.195171E+01   -0.193049E+01   -0.186405E+01
   -0.185231E+01   -0.184056E+01   -0.182882E+01   -0.181540E+01
   -0.179695E+01   -0.177850E+01   -0.175768E+01   -0.173969E+01
   -0.172413E+01   -0.171588E+01   -0.168642E+01   -0.166314E+01
   -0.165388E+01   -0.163939E+01   -0.162416E+01   -0.160855E+01
   -0.159230E+01   -0.159230E+01   -0.152239E+01   -0.152239E+01
   -0.152239E+01   -0.147341E+01   -0.147341E+01   -0.146809E+01
   -0.146809E+01   -0.146809E+01   -0.140678E+01   -0.133988E+01
   -0.130674E+01   -0.130674E+01   -0.129944E+01   -0.128882E+01
   -0.128028E+01   -0.128028E+01   -0.128028E+01   -0.121507E+01
   -0.120636E+01   -0.120636E+01   -0.120636E+01   -0.120636E+01
   -0.114805E+01   -0.114805E+01   -0.114805E+01   -0.114805E+01
   -0.114805E+01   -0.104298E+01   -0.104298E+01   -0.104298E+01
   -0.104298E+01   -0.104298E+01   -0.104298E+01   -0.997685E+00
   -0.997685E+00   -0.997685E+00   -0.997685E+00   -0.997685E+00
   -0.997685E+00   -0.997685E+00   -0.997685E+00   -0.856877E+00
   -0.856877E+00   -0.856877E+00   -0.856877E+00   -0.856877E+00
   -0.856877E+00   -0.714490E+00   -0.714490E+00   -0.714490E+00
   -0.714490E+00   -0.714490E+00   -0.714490E+00   -0.714490E+00
   -0.714490E+00   -0.714490E+00   -0.714490E+00   -0.714490E+00
   -0.714490E+00   -0.714490E+00   -0.623240E+00   -0.623240E+00
   -0.623240E+00   -0.623240E+00   -0.623240E+00   -0.530736E+00
   -0.530736E+00   -0.530736E+00   -0.530736E+00   -0.530736E+00
   -0.530736E+00   -0.530736E+00   -0.530736E+00   -0.530736E+00
   -0.530736E+00   -0.530736E+00   -0.530736E+00   -0.530736E+00
   -0.530736E+00   -0.530736E+00   -0.530736E+00   -0.530736E+00
   -0.530736E+00   -0.530736E+00   -0.530736E+00   -0.213190E+01
   -0.212857E+01   -0.212523E+01   -0.211682E+01   -0.210842E+01
   -0.210001E+01   -0.207419E+01   -0.204694E+01   -0.202803E+01
   -0.200912E+01   -0.199021E+01   -0.197131E+01   -0.195240E+01
   -0.194376E+01   -0.192991E+01   -0.190869E+01   -0.188747E+01
   -0.183797E+01   -0.182629E+01   -0.181462E+01   -0.180294E+01
   -0.178957E+01   -0.177112E+01   -0.174344E+01   -0.172176E+01
   -0.170266E+01   -0.168628E+01   -0.167255E+01   -0.165521E+01
   -0.163256E+01   -0.162384E+01   -0.160751E+01   -0.159186E+01
   -0.157574E+01   -0.155588E+01   -0.153871E+01   -0.152239E+01
   -0.152239E+01   -0.146874E+01   -0.147341E+01   -0.147341E+01
   -0.146809E+01   -0.146809E+01   -0.140678E+01   -0.133988E+01
   -0.133988E+01   -0.130674E+01   -0.130674E+01   -0.129944E+01
   -0.128882E+01   -0.128028E+01   -0.128028E+01   -0.128028E+01
   -0.121507E+01   -0.120636E+01   -0.120636E+01   -0.120636E+01
   -0.114805E+01   -0.114805E+01   -0.114805E+01   -0.114805E+01
   -0.114805E+01   -0.104298E+01   -0.104298E+01   -0.104298E+01
   -0.104298E+01   -0.104298E+01   -0.104298E+01   -0.997685E+00
   -0.997685E+00   -0.997685E+00   -0.997685E+00   -0.997685E+00
   -0.997685E+00   -0.997685E+00   -0.856877E+00   -0.856877E+00
   -0.856877E+00   -0.856877E+00   -0.856877E+00   -0.856877E+00
   -0.856877E+00   -0.714490E+00   -0.714490E+00   -0.714490E+00
   -0.714490E+00   -0.714490E+00   -0.714490E+00   -0.714490E+00
   -0.714490E+00   -0.714490E+00   -0.714490E+00   -0.714490E+00
   -0.714490E+00   -0.623240E+00   -0.623240E+00   -0.623240E+00
   -0.623240E+00   -0.623240E+00   -0.530736E+00   -0.530736E+00
   -0.530736E+00   -0.530736E+00   -0.530736E+00   -0.530736E+00
   -0.530736E+00   -0.530736E+00   -0.530736E+00   -0.530736E+00
   -0.530736E+00   -0.530736E+00   -0.530736E+00   -0.530736E+00
   -0.530736E+00   -0.530736E+00   -0.530736E+00   -0.530736E+00
   -0.530736E+00   -0.530736E+00   -0.530736E+00   -0.530736E+00
   -0.212688E+01   -0.212307E+01   -0.211927E+01   -0.211086E+01
   -0.210246E+01   -0.207958E+01   -0.205233E+01   -0.202508E+01
   -0.200433E+01   -0.198358E+01   -0.196282E+01   -0.194207E+01
   -0.192132E+01   -0.190810E+01   -0.188689E+01   -0.186567E+01
   -0.184445E+01   -0.181189E+01   -0.180028E+01   -0.178867E+01
   -0.177706E+01   -0.176375E+01   -0.173778E+01   -0.170122E+01
   -0.168015E+01   -0.166030E+01   -0.164621E+01   -0.162880E+01
   -0.161138E+01   -0.160084E+01   -0.159105E+01   -0.156094E+01
   -0.155617E+01   -0.152917E+01   -0.150928E+01   -0.150026E+01
   -0.148490E+01   -0.146874E+01   -0.146874E+01   -0.147341E+01
   -0.147341E+01   -0.141463E+01   -0.140678E+01   -0.140678E+01
   -0.133988E+01   -0.133988E+01   -0.130674E+01   -0.130674E+01
   -0.129944E+01   -0.128882E+01   -0.128028E+01   -0.128028E+01
   -0.122548E+01   -0.121507E+01   -0.120636E+01   -0.120636E+01
   -0.120636E+01   -0.114805E+01   -0.114805E+01   -0.114805E+01
   -0.114805E+01   -0.114805E+01   -0.104298E+01   -0.104298E+01
   -0.104298E+01   -0.104298E+01   -0.104298E+01   -0.997685E+00
   -0.997685E+00   -0.997685E+00   -0.997685E+00   -0.997685E+00
   -0.997685E+00   -0.997685E+00   -0.856877E+00   -0.856877E+00
   -0.856877E+00   -0.856877E+00   -0.856877E+00   -0.856877E+00
   -0.714490E+00   -0.714490E+00   -0.714490E+00   -0.714490E+00
   -0.714490E+00   -0.714490E+00   -0.714490E+00   -0.714490E+00
   -0.714490E+00   -0.714490E+00   -0.714490E+00   -0.714490E+00
   -0.623240E+00   -0.623240E+00   -0.623240E+00   -0.623240E+00
   -0.623240E+00   -0.530736E+00   -0.530736E+00   -0.530736E+00
   -0.530736E+00   -0.530736E+00   -0.530736E+00   -0.530736E+00
   -0.530736E+00   -0.530736E+00   -0.530736E+00   -0.530736E+00
   -0.530736E+00   -0.530736E+00   -0.530736E+00   -0.530736E+00
   -0.530736E+00   -0.530736E+00   -0.530736E+00   -0.530736E+00
   -0.530736E+00   -0.530736E+00   -0.530736E+00   -0.530736E+00
   -0.530736E+00   -0.212185E+01   -0.211758E+01   -0.211331E+01
   -0.210490E+01   -0.208496E+01   -0.205772E+01   -0.203047E+01
   -0.199657E+01   -0.197730E+01   -0.195532E+01   -0.193333E+01
   -0.191135E+01   -0.188936E+01   -0.186807E+01   -0.184677E+01
   -0.182548E+01   -0.180418E+01   -0.178289E+01   -0.177132E+01
   -0.175976E+01   -0.174820E+01   -0.172348E+01   -0.167647E+01
   -0.164619E+01   -0.163275E+01   -0.162143E+01   -0.160853E+01
   -0.159087E+01   -0.157322E+01   -0.156152E+01   -0.154456E+01
   -0.152175E+01   -0.150641E+01   -0.149506E+01   -0.147406E+01
   -0.145999E+01   -0.144582E+01   -0.143136E+01   -0.141509E+01
   -0.141509E+01   -0.141463E+01   -0.141463E+01   -0.136537E+01
   -0.135215E+01   -0.133988E+01   -0.133988E+01   -0.130674E+01
   -0.130674E+01   -0.129944E+01   -0.128882E+01   -0.128028E+01
   -0.128028E+01   -0.122548E+01   -0.121507E+01   -0.120636E+01
   -0.120636E+01   -0.115576E+01   -0.114805E+01   -0.114805E+01
   -0.114805E+01   -0.114805E+01   -0.104298E+01   -0.104298E+01
   -0.104298E+01   -0.104298E+01   -0.104298E+01   -0.997685E+00
   -0.997685E+00   -0.997685E+00   -0.997685E+00   -0.997685E+00
   -0.997685E+00   -0.856877E+00   -0.856877E+00   -0.856877E+00
   -0.856877E+00   -0.856877E+00   -0.856877E+00   -0.856877E+00
   -0.714490E+00   -0.714490E+00   -0.714490E+00   -0.714490E+00
   -0.714490E+00   -0.714490E+00   -0.714490E+00   -0.714490E+00
   -0.714490E+00   -0.714490E+00   -0.714490E+00   -0.623240E+00
   -0.623240E+00   -0.623240E+00   -0.623240E+00   -0.623240E+00
   -0.530736E+00   -0.530736E+00   -0.530736E+00   -0.530736E+00
   -0.530736E+00   -0.530736E+00   -0.530736E+00   -0.530736E+00
   -0.530736E+00   -0.530736E+00   -0.530736E+00   -0.530736E+00
   -0.530736E+00   -0.530736E+00   -0.530736E+00   -0.530736E+00
   -0.530736E+00   -0.530736E+00   -0.530736E+00   -0.530736E+00
   -0.530736E+00   -0.530736E+00   -0.530736E+00   -0.530736E+00
   -0.530736E+00   -0.530736E+00   -0.211682E+01   -0.211209E+01
   -0.210735E+01   -0.209035E+01   -0.205875E+01   -0.201967E+01
   -0.197507E+01   -0.195458E+01   -0.193910E+01   -0.192157E+01
   -0.189959E+01   -0.187760E+01   -0.185562E+01   -0.183409E+01
   -0.181256E+01   -0.179103E+01   -0.176950E+01   -0.174797E+01
   -0.173641E+01   -0.172484E+01   -0.170853E+01   -0.168771E+01
   -0.162162E+01   -0.161031E+01   -0.159901E+01   -0.158771E+01
   -0.157478E+01   -0.155697E+01   -0.153873E+01   -0.151850E+01
   -0.150114E+01   -0.148428E+01   -0.146894E+01   -0.145254E+01
   -0.142988E+01   -0.142026E+01   -0.140584E+01   -0.139150E+01
   -0.137757E+01   -0.137757E+01   -0.132207E+01   -0.136537E+01
   -0.136537E+01   -0.131122E+01   -0.130272E+01   -0.128947E+01
   -0.127910E+01   -0.127016E+01   -0.125818E+01   -0.124796E+01
   -0.123985E+01   -0.123387E+01   -0.122548E+01   -0.121507E+01
   -0.120636E+01   -0.120636E+01   -0.115576E+01   -0.114805E+01
   -0.114805E+01   -0.114805E+01   -0.109952E+01   -0.104298E+01
   -0.104298E+01   -0.104298E+01   -0.104298E+01   -0.997685E+00
   -0.997685E+00   -0.997685E+00   -0.997685E+00   -0.997685E+00
   -0.997685E+00   -0.856877E+00   -0.856877E+00   -0.856877E+00
   -0.856877E+00   -0.856877E+00   -0.856877E+00   -0.714490E+00
   -0.714490E+00   -0.714490E+00   -0.714490E+00   -0.714490E+00
   -0.714490E+00   -0.714490E+00   -0.714490E+00   -0.714490E+00
   -0.714490E+00   -0.714490E+00   -0.623240E+00   -0.623240E+00
   -0.623240E+00   -0.623240E+00   -0.623240E+00   -0.530736E+00
   -0.530736E+00   -0.530736E+00   -0.530736E+00   -0.530736E+00
   -0.530736E+00   -0.530736E+00   -0.530736E+00   -0.530736E+00
   -0.530736E+00   -0.530736E+00   -0.530736E+00   -0.530736E+00
   -0.530736E+00   -0.530736E+00   -0.530736E+00   -0.530736E+00
   -0.530736E+00   -0.530736E+00   -0.530736E+00   -0.530736E+00
   -0.530736E+00   -0.530736E+00   -0.530736E+00   -0.530736E+00
   -0.530736E+00   -0.530736E+00   -0.530736E+00   -0.210809E+01
   -0.210306E+01   -0.209122E+01   -0.204602E+01   -0.200694E+01
   -0.196019E+01   -0.192808E+01   -0.191260E+01   -0.189712E+01
   -0.188164E+01   -0.186584E+01   -0.184385E+01   -0.182187E+01
   -0.180010E+01   -0.177834E+01   -0.175658E+01   -0.173481E+01
   -0.171305E+01   -0.170149E+01   -0.168565E+01   -0.166483E+01
   -0.164401E+01   -0.159520E+01   -0.158395E+01   -0.157271E+01
   -0.156147E+01   -0.154858E+01   -0.153077E+01   -0.150326E+01
   -0.148214E+01   -0.146359E+01   -0.144584E+01   -0.142980E+01
   -0.141319E+01   -0.139689E+01   -0.138896E+01   -0.137229E+01
   -0.135287E+01   -0.133687E+01   -0.132207E+01   -0.132207E+01
   -0.125060E+01   -0.131122E+01   -0.131122E+01   -0.125890E+01
   -0.124750E+01   -0.123880E+01   -0.122562E+01   -0.121856E+01
   -0.120716E+01   -0.119549E+01   -0.119074E+01   -0.118369E+01
   -0.117460E+01   -0.116863E+01   -0.115763E+01   -0.115576E+01
   -0.114805E+01   -0.114805E+01   -0.109952E+01   -0.104298E+01
   -0.104298E+01   -0.104298E+01   -0.104298E+01   -0.997685E+00
   -0.997685E+00   -0.997685E+00   -0.997685E+00   -0.997685E+00
   -0.856877E+00   -0.856877E+00   -0.856877E+00   -0.856877E+00
   -0.856877E+00   -0.856877E+00   -0.856877E+00   -0.714490E+00
   -0.714490E+00   -0.714490E+00   -0.714490E+00   -0.714490E+00
   -0.714490E+00   -0.714490E+00   -0.714490E+00   -0.714490E+00
   -0.714490E+00   -0.623240E+00   -0.623240E+00   -0.623240E+00
   -0.623240E+00   -0.623240E+00   -0.530736E+00   -0.530736E+00
   -0.530736E+00   -0.530736E+00   -0.530736E+00   -0.530736E+00
   -0.530736E+00   -0.530736E+00   -0.530736E+00   -0.530736E+00
   -0.530736E+00   -0.530736E+00   -0.530736E+00   -0.530736E+00
   -0.530736E+00   -0.530736E+00   -0.530736E+00   -0.530736E+00
   -0.530736E+00   -0.530736E+00   -0.530736E+00   -0.530736E+00
   -0.530736E+00   -0.530736E+00   -0.530736E+00   -0.530736E+00
   -0.530736E+00   -0.530736E+00   -0.530736E+00   -0.530736E+00
   -0.209265E+01   -0.208184E+01   -0.205665E+01   -0.200437E+01
   -0.194357E+01   -0.190157E+01   -0.188609E+01   -0.187062E+01
   -0.185514E+01   -0.183966E+01   -0.182418E+01   -0.180870E+01
   -0.178812E+01   -0.176612E+01   -0.174413E+01   -0.172213E+01
   -0.170013E+01   -0.167813E+01   -0.166276E+01   -0.164194E+01
   -0.162112E+01   -0.160030E+01   -0.156878E+01   -0.155759E+01
   -0.154641E+01   -0.153522E+01   -0.152238E+01   -0.149658E+01
   -0.145908E+01   -0.144523E+01   -0.142592E+01   -0.140727E+01
   -0.139056E+01   -0.137385E+01   -0.135574E+01   -0.133331E+01
   -0.131561E+01   -0.130750E+01   -0.129686E+01   -0.128205E+01
   -0.126761E+01   -0.125060E+01   -0.125060E+01   -0.121879E+01
   -0.121879E+01   -0.120567E+01   -0.119204E+01   -0.118439E+01
   -0.117621E+01   -0.116904E+01   -0.115654E+01   -0.114593E+01
   -0.113868E+01   -0.112800E+01   -0.112237E+01   -0.111817E+01
   -0.111515E+01   -0.110424E+01   -0.109952E+01   -0.109952E+01
   -0.104298E+01   -0.104298E+01   -0.104298E+01   -0.997685E+00
   -0.997685E+00   -0.997685E+00   -0.997685E+00   -0.997685E+00
   -0.856877E+00   -0.856877E+00   -0.856877E+00   -0.856877E+00
   -0.856877E+00   -0.856877E+00   -0.714490E+00   -0.714490E+00
   -0.714490E+00   -0.714490E+00   -0.714490E+00   -0.714490E+00
   -0.714490E+00   -0.714490E+00   -0.714490E+00   -0.714490E+00
   -0.623240E+00   -0.623240E+00   -0.623240E+00   -0.623240E+00
   -0.623240E+00   -0.530736E+00   -0.530736E+00   -0.530736E+00
   -0.530736E+00   -0.530736E+00   -0.530736E+00   -0.530736E+00
   -0.530736E+00   -0.530736E+00   -0.530736E+00   -0.530736E+00
   -0.530736E+00   -0.530736E+00   -0.530736E+00   -0.530736E+00
   -0.530736E+00   -0.530736E+00   -0.530736E+00   -0.530736E+00
   -0.530736E+00   -0.530736E+00   -0.530736E+00   -0.530736E+00
   -0.530736E+00   -0.530736E+00   -0.530736E+00   -0.530736E+00
   -0.530736E+00   -0.530736E+00   -0.530736E+00   -0.530736E+00
   -0.530736E+00   -0.207246E+01   -0.204727E+01   -0.202208E+01
   -0.198481E+01   -0.191218E+01   -0.186807E+01   -0.185249E+01
   -0.183691E+01   -0.182132E+01   -0.180574E+01   -0.179016E+01
   -0.177458E+01   -0.175900E+01   -0.173686E+01   -0.171471E+01
   -0.169257E+01   -0.167043E+01   -0.164394E+01   -0.162297E+01
   -0.160200E+01   -0.158103E+01   -0.156006E+01   -0.153909E+01
   -0.152794E+01   -0.151680E+01   -0.150565E+01   -0.148185E+01
   -0.143366E+01   -0.140999E+01   -0.139911E+01   -0.138808E+01
   -0.136935E+01   -0.135236E+01   -0.133537E+01   -0.131896E+01
   -0.130263E+01   -0.128400E+01   -0.127679E+01   -0.126671E+01
   -0.124480E+01   -0.122829E+01   -0.121460E+01   -0.119807E+01
   -0.119807E+01   -0.121879E+01   -0.116405E+01   -0.115467E+01
   -0.114460E+01   -0.113547E+01   -0.112375E+01   -0.111195E+01
   -0.110265E+01   -0.109648E+01   -0.108533E+01   -0.107788E+01
   -0.107350E+01   -0.106283E+01   -0.106130E+01   -0.105567E+01
   -0.105014E+01   -0.104298E+01   -0.104298E+01   -0.997685E+00
   -0.997685E+00   -0.997685E+00   -0.997685E+00   -0.905735E+00
   -0.856877E+00   -0.856877E+00   -0.856877E+00   -0.856877E+00
   -0.856877E+00   -0.856877E+00   -0.714490E+00   -0.714490E+00
   -0.714490E+00   -0.714490E+00   -0.714490E+00   -0.714490E+00
   -0.714490E+00   -0.714490E+00   -0.714490E+00   -0.623240E+00
   -0.623240E+00   -0.623240E+00   -0.623240E+00   -0.623240E+00
   -0.530736E+00   -0.530736E+00   -0.530736E+00   -0.530736E+00
   -0.530736E+00   -0.530736E+00   -0.530736E+00   -0.530736E+00
   -0.530736E+00   -0.530736E+00   -0.530736E+00   -0.530736E+00
   -0.530736E+00   -0.530736E+00   -0.530736E+00   -0.530736E+00
   -0.530736E+00   -0.530736E+00   -0.530736E+00   -0.530736E+00
   -0.530736E+00   -0.530736E+00   -0.530736E+00   -0.530736E+00
   -0.530736E+00   -0.530736E+00   -0.530736E+00   -0.530736E+00
   -0.530736E+00   -0.530736E+00   -0.530736E+00   -0.530736E+00
   -0.530736E+00   -0.530736E+00   -0.203789E+01   -0.201270E+01
   -0.198751E+01   -0.196232E+01   -0.189262E+01   -0.184837E+01
   -0.183252E+01   -0.181667E+01   -0.180082E+01   -0.178497E+01
   -0.176912E+01   -0.175327E+01   -0.173742E+01   -0.171528E+01
   -0.169313E+01   -0.167099E+01   -0.164662E+01   -0.161095E+01
   -0.158958E+01   -0.156821E+01   -0.154684E+01   -0.152546E+01
   -0.150409E+01   -0.149294E+01   -0.148180E+01   -0.146542E+01
   -0.144495E+01   -0.138085E+01   -0.136999E+01   -0.135914E+01
   -0.134828E+01   -0.133584E+01   -0.131868E+01   -0.130063E+01
   -0.128109E+01   -0.126435E+01   -0.125015E+01   -0.124356E+01
   -0.121671E+01   -0.119564E+01   -0.118772E+01   -0.117457E+01
   -0.116225E+01   -0.116225E+01   -0.116405E+01   -0.116405E+01
   -0.111129E+01   -0.110043E+01   -0.108938E+01   -0.107867E+01
   -0.106922E+01   -0.106037E+01   -0.105184E+01   -0.104367E+01
   -0.103527E+01   -0.102733E+01   -0.102281E+01   -0.101801E+01
   -0.101020E+01   -0.100737E+01   -0.100163E+01   -0.997685E+00
   -0.997685E+00   -0.997685E+00   -0.905735E+00   -0.905735E+00
   -0.856877E+00   -0.856877E+00   -0.856877E+00   -0.856877E+00
   -0.856877E+00   -0.714490E+00   -0.714490E+00   -0.714490E+00
   -0.714490E+00   -0.714490E+00   -0.714490E+00   -0.714490E+00
   -0.714490E+00   -0.714490E+00   -0.623240E+00   -0.623240E+00
   -0.623240E+00   -0.623240E+00   -0.623240E+00   -0.530736E+00
   -0.530736E+00   -0.530736E+00   -0.530736E+00   -0.530736E+00
   -0.530736E+00   -0.530736E+00   -0.530736E+00   -0.530736E+00
   -0.530736E+00   -0.530736E+00   -0.530736E+00   -0.530736E+00
   -0.530736E+00   -0.530736E+00   -0.530736E+00   -0.530736E+00
   -0.530736E+00   -0.530736E+00   -0.530736E+00   -0.530736E+00
   -0.530736E+00   -0.530736E+00   -0.530736E+00   -0.530736E+00
   -0.530736E+00   -0.530736E+00   -0.530736E+00   -0.530736E+00
   -0.530736E+00   -0.530736E+00   -0.530736E+00   -0.530736E+00
   -0.530736E+00   -0.530736E+00   -0.530736E+00   -0.200332E+01
   -0.197813E+01   -0.195294E+01   -0.192775E+01   -0.187306E+01
   -0.182868E+01   -0.181256E+01   -0.179644E+01   -0.178032E+01
   -0.176420E+01   -0.174808E+01   -0.173196E+01   -0.171584E+01
   -0.169370E+01   -0.167156E+01   -0.164930E+01   -0.161363E+01
   -0.157796E+01   -0.155619E+01   -0.153441E+01   -0.151264E+01
   -0.149086E+01   -0.146909E+01   -0.145794E+01   -0.144204E+01
   -0.142157E+01   -0.140109E+01   -0.135397E+01   -0.134316E+01
   -0.133235E+01   -0.132155E+01   -0.130915E+01   -0.129199E+01
   -0.126480E+01   -0.124426E+01   -0.122620E+01   -0.121101E+01
   -0.119798E+01   -0.118215E+01   -0.116302E+01   -0.115589E+01
   -0.114084E+01   -0.112552E+01   -0.112552E+01   -0.105423E+01
   -0.106962E+01   -0.106962E+01   -0.105827E+01   -0.104716E+01
   -0.103573E+01   -0.102594E+01   -0.101738E+01   -0.100797E+01
   -0.998105E+00   -0.991027E+00   -0.984281E+00   -0.980286E+00
   -0.972074E+00   -0.966471E+00   -0.961474E+00   -0.957020E+00
   -0.954059E+00   -0.954059E+00   -0.905735E+00   -0.905735E+00
   -0.856877E+00   -0.856877E+00   -0.856877E+00   -0.856877E+00
   -0.856877E+00   -0.714490E+00   -0.714490E+00   -0.714490E+00
   -0.714490E+00   -0.714490E+00   -0.714490E+00   -0.714490E+00
   -0.714490E+00   -0.623240E+00   -0.623240E+00   -0.623240E+00
   -0.623240E+00   -0.623240E+00   -0.530736E+00   -0.530736E+00
   -0.530736E+00   -0.530736E+00   -0.530736E+00   -0.530736E+00
   -0.530736E+00   -0.530736E+00   -0.530736E+00   -0.530736E+00
   -0.530736E+00   -0.530736E+00   -0.530736E+00   -0.530736E+00
   -0.530736E+00   -0.530736E+00   -0.530736E+00   -0.530736E+00
   -0.530736E+00   -0.530736E+00   -0.530736E+00   -0.530736E+00
   -0.530736E+00   -0.530736E+00   -0.530736E+00   -0.530736E+00
   -0.530736E+00   -0.530736E+00   -0.530736E+00   -0.530736E+00
   -0.530736E+00   -0.530736E+00   -0.530736E+00   -0.530736E+00
   -0.530736E+00   -0.530736E+00   -0.530736E+00   -0.530736E+00
   -0.196874E+01   -0.194356E+01   -0.191837E+01   -0.189318E+01
   -0.185351E+01   -0.180899E+01   -0.179260E+01   -0.177621E+01
   -0.175982E+01   -0.174343E+01   -0.172704E+01   -0.171065E+01
   -0.169426E+01   -0.167212E+01   -0.164998E+01   -0.161630E+01
   -0.158064E+01   -0.154497E+01   -0.152279E+01   -0.150062E+01
   -0.147844E+01   -0.145627E+01   -0.143409E+01   -0.141866E+01
   -0.139818E+01   -0.137771E+01   -0.135723E+01   -0.132709E+01
   -0.131633E+01   -0.130557E+01   -0.129482E+01   -0.128246E+01
   -0.125696E+01   -0.121891E+01   -0.120008E+01   -0.118162E+01
   -0.116981E+01   -0.115385E+01   -0.113788E+01   -0.112170E+01
   -0.110545E+01   -0.109055E+01   -0.107417E+01   -0.106335E+01
   -0.105423E+01   -0.105423E+01   -0.102947E+01   -0.101853E+01
   -0.100488E+01   -0.994195E+00   -0.984472E+00   -0.978837E+00
   -0.966086E+00   -0.961932E+00   -0.948609E+00   -0.941626E+00
   -0.933022E+00   -0.931096E+00   -0.922872E+00   -0.917376E+00
   -0.912856E+00   -0.909561E+00   -0.905735E+00   -0.905735E+00
   -0.856877E+00   -0.856877E+00   -0.856877E+00   -0.856877E+00
   -0.763966E+00   -0.714490E+00   -0.714490E+00   -0.714490E+00
   -0.714490E+00   -0.714490E+00   -0.714490E+00   -0.714490E+00
   -0.623240E+00   -0.623240E+00   -0.623240E+00   -0.623240E+00
   -0.623240E+00   -0.530736E+00   -0.530736E+00   -0.530736E+00
   -0.530736E+00   -0.530736E+00   -0.530736E+00   -0.530736E+00
   -0.530736E+00   -0.530736E+00   -0.530736E+00   -0.530736E+00
   -0.530736E+00   -0.530736E+00   -0.530736E+00   -0.530736E+00
   -0.530736E+00   -0.530736E+00   -0.530736E+00   -0.530736E+00
   -0.530736E+00   -0.530736E+00   -0.530736E+00   -0.530736E+00
   -0.530736E+00   -0.530736E+00   -0.530736E+00   -0.530736E+00
   -0.530736E+00   -0.530736E+00   -0.530736E+00   -0.530736E+00
   -0.530736E+00   -0.530736E+00   -0.530736E+00   -0.530736E+00
   -0.530736E+00   -0.530736E+00   -0.530736E+00   -0.530736E+00
   -0.530736E+00   -0.193417E+01   -0.190898E+01   -0.188379E+01
   -0.185860E+01   -0.183342E+01   -0.178930E+01   -0.177264E+01
   -0.175598E+01   -0.173932E+01   -0.172266E+01   -0.170600E+01
   -0.168934E+01   -0.167268E+01   -0.165054E+01   -0.161898E+01
   -0.158331E+01   -0.154658E+01   -0.150783E+01   -0.148931E+01
   -0.146691E+01   -0.144450E+01   -0.142210E+01   -0.139969E+01
   -0.137908E+01   -0.135847E+01   -0.133786E+01   -0.131725E+01
   -0.129664E+01   -0.128591E+01   -0.127519E+01   -0.126446E+01
   -0.123918E+01   -0.119198E+01   -0.116448E+01   -0.115357E+01
   -0.114315E+01   -0.113127E+01   -0.111498E+01   -0.109868E+01
   -0.108242E+01   -0.107422E+01   -0.106349E+01   -0.104384E+01
   -0.102473E+01   -0.101307E+01   -0.997896E+00   -0.986552E+00
   -0.976498E+00   -0.968676E+00   -0.952404E+00   -0.939824E+00
   -0.932747E+00   -0.923023E+00   -0.911897E+00   -0.905038E+00
   -0.896155E+00   -0.889395E+00   -0.885370E+00   -0.878930E+00
   -0.872553E+00   -0.867843E+00   -0.864552E+00   -0.861270E+00
   -0.856877E+00   -0.856877E+00   -0.856877E+00   -0.763966E+00
   -0.763966E+00   -0.714490E+00   -0.714490E+00   -0.714490E+00
   -0.714490E+00   -0.714490E+00   -0.714490E+00   -0.623240E+00
   -0.623240E+00   -0.623240E+00   -0.623240E+00   -0.623240E+00
   -0.530736E+00   -0.530736E+00   -0.530736E+00   -0.530736E+00
   -0.530736E+00   -0.530736E+00   -0.530736E+00   -0.530736E+00
   -0.530736E+00   -0.530736E+00   -0.530736E+00   -0.530736E+00
   -0.530736E+00   -0.530736E+00   -0.530736E+00   -0.530736E+00
   -0.530736E+00   -0.530736E+00   -0.530736E+00   -0.530736E+00
   -0.530736E+00   -0.530736E+00   -0.530736E+00   -0.530736E+00
   -0.530736E+00   -0.530736E+00   -0.530736E+00   -0.530736E+00
   -0.530736E+00   -0.530736E+00   -0.530736E+00   -0.530736E+00
   -0.530736E+00   -0.530736E+00   -0.530736E+00   -0.530736E+00
   -0.530736E+00   -0.530736E+00   -0.530736E+00   -0.530736E+00
   -0.530736E+00   -0.530736E+00   -0.189960E+01   -0.187441E+01
   -0.184922E+01   -0.182403E+01   -0.179884E+01   -0.176961E+01
   -0.175268E+01   -0.173575E+01   -0.171882E+01   -0.170189E+01
   -0.168496E+01   -0.166803E+01   -0.165110E+01   -0.162165E+01
   -0.157857E+01   -0.153098E+01   -0.148350E+01   -0.146519E+01
   -0.144993E+01   -0.143332E+01   -0.141091E+01   -0.138851E+01
   -0.136610E+01   -0.134518E+01   -0.132425E+01   -0.130333E+01
   -0.128240E+01   -0.126148E+01   -0.125075E+01   -0.124002E+01
   -0.122082E+01   -0.119078E+01   -0.114197E+01   -0.112998E+01
   -0.111799E+01   -0.110600E+01   -0.109285E+01   -0.107623E+01
   -0.105960E+01   -0.104102E+01   -0.103273E+01   -0.102466E+01
   -0.100666E+01   -0.983146E+00   -0.970540E+00   -0.948752E+00
   -0.944960E+00   -0.932917E+00   -0.915025E+00   -0.909099E+00
   -0.898825E+00   -0.889289E+00   -0.879481E+00   -0.874407E+00
   -0.863000E+00   -0.853011E+00   -0.846766E+00   -0.840213E+00
   -0.833921E+00   -0.827616E+00   -0.822612E+00   -0.819369E+00
   -0.816145E+00   -0.812778E+00   -0.812778E+00   -0.763966E+00
   -0.763966E+00   -0.714490E+00   -0.714490E+00   -0.714490E+00
   -0.714490E+00   -0.714490E+00   -0.623240E+00   -0.623240E+00
   -0.623240E+00   -0.623240E+00   -0.623240E+00   -0.530736E+00
   -0.530736E+00   -0.530736E+00   -0.530736E+00   -0.530736E+00
   -0.530736E+00   -0.530736E+00   -0.530736E+00   -0.530736E+00
   -0.530736E+00   -0.530736E+00   -0.530736E+00   -0.530736E+00
   -0.530736E+00   -0.530736E+00   -0.530736E+00   -0.530736E+00
   -0.530736E+00   -0.530736E+00   -0.530736E+00   -0.530736E+00
   -0.530736E+00   -0.530736E+00   -0.530736E+00   -0.530736E+00
   -0.530736E+00   -0.530736E+00   -0.530736E+00   -0.530736E+00
   -0.530736E+00   -0.530736E+00   -0.530736E+00   -0.530736E+00
   -0.530736E+00   -0.530736E+00   -0.530736E+00   -0.530736E+00
   -0.530736E+00   -0.530736E+00   -0.530736E+00   -0.530736E+00
   -0.530736E+00   -0.530736E+00   -0.530736E+00   -0.186920E+01
   -0.184384E+01   -0.181848E+01   -0.179311E+01   -0.176775E+01
   -0.174653E+01   -0.172945E+01   -0.171238E+01   -0.169530E+01
   -0.167822E+01   -0.166114E+01   -0.164407E+01   -0.162189E+01
   -0.156299E+01   -0.151538E+01   -0.146794E+01   -0.143781E+01
   -0.142255E+01   -0.140729E+01   -0.139203E+01   -0.137677E+01
   -0.135492E+01   -0.133251E+01   -0.131127E+01   -0.129003E+01
   -0.126879E+01   -0.124755E+01   -0.122631E+01   -0.121559E+01
   -0.119709E+01   -0.117242E+01   -0.114239E+01   -0.111710E+01
   -0.110156E+01   -0.108603E+01   -0.107050E+01   -0.105460E+01
   -0.103763E+01   -0.102066E+01   -0.100199E+01   -0.982763E+00
   -0.965320E+00   -0.953393E+00   -0.933451E+00   -0.923009E+00
   -0.916636E+00   -0.902425E+00   -0.888872E+00   -0.877263E+00
   -0.865970E+00   -0.855410E+00   -0.845347E+00   -0.836488E+00
   -0.824761E+00   -0.815707E+00   -0.806768E+00   -0.802213E+00
   -0.795736E+00   -0.789055E+00   -0.782519E+00   -0.777723E+00
   -0.774249E+00   -0.770844E+00   -0.767326E+00   -0.763966E+00
   -0.763966E+00   -0.714490E+00   -0.714490E+00   -0.714490E+00
   -0.714490E+00   -0.623240E+00   -0.623240E+00   -0.623240E+00
   -0.623240E+00   -0.623240E+00   -0.530736E+00   -0.530736E+00
   -0.530736E+00   -0.530736E+00   -0.530736E+00   -0.530736E+00
   -0.530736E+00   -0.530736E+00   -0.530736E+00   -0.530736E+00
   -0.530736E+00   -0.530736E+00   -0.530736E+00   -0.530736E+00
   -0.530736E+00   -0.530736E+00   -0.530736E+00   -0.530736E+00
   -0.530736E+00   -0.530736E+00   -0.530736E+00   -0.530736E+00
   -0.530736E+00   -0.530736E+00   -0.530736E+00   -0.530736E+00
   -0.530736E+00   -0.530736E+00   -0.530736E+00   -0.530736E+00
   -0.530736E+00   -0.530736E+00   -0.530736E+00   -0.530736E+00
   -0.530736E+00   -0.530736E+00   -0.530736E+00   -0.530736E+00
   -0.530736E+00   -0.530736E+00   -0.530736E+00   -0.530736E+00
   -0.530736E+00   -0.530736E+00   -0.530736E+00   -0.530736E+00
   -0.184381E+01   -0.181806E+01   -0.179231E+01   -0.176656E+01
   -0.174081E+01   -0.171939E+01   -0.170232E+01   -0.168524E+01
   -0.166816E+01   -0.165109E+01   -0.163401E+01   -0.161243E+01
   -0.158356E+01   -0.152861E+01   -0.145242E+01   -0.141043E+01
   -0.139517E+01   -0.137991E+01   -0.136466E+01   -0.134940E+01
   -0.133414E+01   -0.131888E+01   -0.129892E+01   -0.127737E+01
   -0.125581E+01   -0.123426E+01   -0.121270E+01   -0.119115E+01
   -0.117336E+01   -0.114869E+01   -0.112402E+01   -0.109309E+01
   -0.107892E+01   -0.106880E+01   -0.105139E+01   -0.103397E+01
   -0.101657E+01   -0.999243E+00   -0.981914E+00   -0.963604E+00
   -0.945106E+00   -0.926749E+00   -0.909720E+00   -0.891715E+00
   -0.878873E+00   -0.877528E+00   -0.869775E+00   -0.851524E+00
   -0.835305E+00   -0.823700E+00   -0.812036E+00   -0.802166E+00
   -0.792137E+00   -0.782667E+00   -0.775357E+00   -0.769974E+00
   -0.757778E+00   -0.751098E+00   -0.744337E+00   -0.737647E+00
   -0.732316E+00   -0.728794E+00   -0.725119E+00   -0.721695E+00
   -0.718547E+00   -0.714490E+00   -0.714490E+00   -0.714490E+00
   -0.623240E+00   -0.623240E+00   -0.623240E+00   -0.623240E+00
   -0.623240E+00   -0.530736E+00   -0.530736E+00   -0.530736E+00
   -0.530736E+00   -0.530736E+00   -0.530736E+00   -0.530736E+00
   -0.530736E+00   -0.530736E+00   -0.530736E+00   -0.530736E+00
   -0.530736E+00   -0.530736E+00   -0.530736E+00   -0.530736E+00
   -0.530736E+00   -0.530736E+00   -0.530736E+00   -0.530736E+00
   -0.530736E+00   -0.530736E+00   -0.530736E+00   -0.530736E+00
   -0.530736E+00   -0.530736E+00   -0.530736E+00   -0.530736E+00
   -0.530736E+00   -0.530736E+00   -0.530736E+00   -0.530736E+00
   -0.530736E+00   -0.530736E+00   -0.530736E+00   -0.530736E+00
   -0.530736E+00   -0.530736E+00   -0.530736E+00   -0.530736E+00
   -0.530736E+00   -0.530736E+00   -0.530736E+00   -0.530736E+00
   -0.530736E+00   -0.530736E+00   -0.530736E+00   -0.530736E+00
   -0.530736E+00   -0.181841E+01   -0.179227E+01   -0.176614E+01
   -0.174000E+01   -0.171386E+01   -0.169226E+01   -0.167518E+01
   -0.165811E+01   -0.164103E+01   -0.162395E+01   -0.160297E+01
   -0.157410E+01   -0.154523E+01   -0.150658E+01   -0.142702E+01
   -0.137825E+01   -0.136224E+01   -0.134623E+01   -0.133022E+01
   -0.131420E+01   -0.129819E+01   -0.128218E+01   -0.126617E+01
   -0.124445E+01   -0.122273E+01   -0.120102E+01   -0.117930E+01
   -0.115543E+01   -0.113159E+01   -0.110775E+01   -0.108391E+01
   -0.106089E+01   -0.103610E+01   -0.101920E+01   -0.100844E+01
   -0.996273E+00   -0.978784E+00   -0.961085E+00   -0.943385E+00
   -0.925858E+00   -0.908448E+00   -0.891453E+00   -0.876613E+00
   -0.861485E+00   -0.838341E+00   -0.827294E+00   -0.815376E+00
   -0.804532E+00   -0.793706E+00   -0.780722E+00   -0.769831E+00
   -0.758753E+00   -0.748935E+00   -0.738957E+00   -0.723887E+00
   -0.717750E+00   -0.713349E+00   -0.706401E+00   -0.698786E+00
   -0.692347E+00   -0.686821E+00   -0.682758E+00   -0.680034E+00
   -0.676508E+00   -0.673063E+00   -0.671215E+00   -0.671215E+00
   -0.623240E+00   -0.623240E+00   -0.623240E+00   -0.623240E+00
   -0.530736E+00   -0.530736E+00   -0.530736E+00   -0.530736E+00
   -0.530736E+00   -0.530736E+00   -0.530736E+00   -0.530736E+00
   -0.530736E+00   -0.530736E+00   -0.530736E+00   -0.530736E+00
   -0.530736E+00   -0.530736E+00   -0.530736E+00   -0.530736E+00
   -0.530736E+00   -0.530736E+00   -0.530736E+00   -0.530736E+00
   -0.530736E+00   -0.530736E+00   -0.530736E+00   -0.530736E+00
   -0.530736E+00   -0.530736E+00   -0.530736E+00   -0.530736E+00
   -0.530736E+00   -0.530736E+00   -0.530736E+00   -0.530736E+00
   -0.530736E+00   -0.530736E+00   -0.530736E+00   -0.530736E+00
   -0.530736E+00   -0.530736E+00   -0.530736E+00   -0.530736E+00
   -0.530736E+00   -0.530736E+00   -0.530736E+00   -0.530736E+00
   -0.530736E+00   -0.530736E+00   -0.530736E+00   -0.530736E+00
   -0.530736E+00   -0.530736E+00   -0.179301E+01   -0.176649E+01
   -0.173997E+01   -0.171344E+01   -0.168692E+01   -0.166512E+01
   -0.164805E+01   -0.163097E+01   -0.161390E+01   -0.159351E+01
   -0.156464E+01   -0.153577E+01   -0.150690E+01   -0.146409E+01
   -0.140692E+01   -0.135737E+01   -0.133979E+01   -0.132222E+01
   -0.130464E+01   -0.128706E+01   -0.126948E+01   -0.125191E+01
   -0.123433E+01   -0.121261E+01   -0.119089E+01   -0.116918E+01
   -0.114706E+01   -0.111912E+01   -0.109700E+01   -0.107488E+01
   -0.105275E+01   -0.103103E+01   -0.101048E+01   -0.984813E+00
   -0.968667E+00   -0.955695E+00   -0.941443E+00   -0.923349E+00
   -0.905255E+00   -0.887980E+00   -0.870979E+00   -0.854605E+00
   -0.840160E+00   -0.825798E+00   -0.803507E+00   -0.788194E+00
   -0.780161E+00   -0.764771E+00   -0.751872E+00   -0.738536E+00
   -0.725936E+00   -0.716386E+00   -0.705856E+00   -0.695061E+00
   -0.686410E+00   -0.680442E+00   -0.667527E+00   -0.661197E+00
   -0.652979E+00   -0.646122E+00   -0.640789E+00   -0.637366E+00
   -0.633924E+00   -0.630292E+00   -0.626800E+00   -0.624722E+00
   -0.623240E+00   -0.623240E+00   -0.623240E+00   -0.530736E+00
   -0.530736E+00   -0.530736E+00   -0.530736E+00   -0.530736E+00
   -0.530736E+00   -0.530736E+00   -0.530736E+00   -0.530736E+00
   -0.530736E+00   -0.530736E+00   -0.530736E+00   -0.530736E+00
   -0.530736E+00   -0.530736E+00   -0.530736E+00   -0.530736E+00
   -0.530736E+00   -0.530736E+00   -0.530736E+00   -0.530736E+00
   -0.530736E+00   -0.530736E+00   -0.530736E+00   -0.530736E+00
   -0.530736E+00   -0.530736E+00   -0.530736E+00   -0.530736E+00
   -0.530736E+00   -0.530736E+00   -0.530736E+00   -0.530736E+00
   -0.530736E+00   -0.530736E+00   -0.530736E+00   -0.530736E+00
   -0.530736E+00   -0.530736E+00   -0.530736E+00   -0.530736E+00
   -0.530736E+00   -0.530736E+00   -0.530736E+00   -0.530736E+00
   -0.530736E+00   -0.530736E+00   -0.530736E+00   -0.530736E+00
   -0.530736E+00   -0.530736E+00   -0.530736E+00   -0.176761E+01
   -0.174070E+01   -0.171380E+01   -0.168689E+01   -0.165998E+01
   -0.163799E+01   -0.162091E+01   -0.160384E+01   -0.158405E+01
   -0.155518E+01   -0.152631E+01   -0.149744E+01   -0.146857E+01
   -0.142205E+01   -0.138682E+01   -0.133649E+01   -0.131735E+01
   -0.129821E+01   -0.127906E+01   -0.125992E+01   -0.124077E+01
   -0.122163E+01   -0.120249E+01   -0.118077E+01   -0.115899E+01
   -0.113681E+01   -0.111464E+01   -0.108281E+01   -0.106241E+01
   -0.104200E+01   -0.102160E+01   -0.100116E+01   -0.980615E+00
   -0.959269E+00   -0.939753E+00   -0.922288E+00   -0.904560E+00
   -0.886047E+00   -0.867533E+00   -0.849838E+00   -0.832416E+00
   -0.815348E+00   -0.799338E+00   -0.783317E+00   -0.764151E+00
   -0.751172E+00   -0.738545E+00   -0.724224E+00   -0.709938E+00
   -0.695729E+00   -0.683875E+00   -0.672909E+00   -0.662381E+00
   -0.651410E+00   -0.640403E+00   -0.632312E+00   -0.624128E+00
   -0.616001E+00   -0.608551E+00   -0.601492E+00   -0.596155E+00
   -0.592064E+00   -0.588161E+00   -0.584390E+00   -0.580488E+00
   -0.578096E+00   -0.577464E+00   -0.577464E+00   -0.530736E+00
   -0.530736E+00   -0.530736E+00   -0.530736E+00   -0.530736E+00
   -0.530736E+00   -0.530736E+00   -0.530736E+00   -0.530736E+00
   -0.530736E+00   -0.530736E+00   -0.530736E+00   -0.530736E+00
   -0.530736E+00   -0.530736E+00   -0.530736E+00   -0.530736E+00
   -0.530736E+00   -0.530736E+00   -0.530736E+00   -0.530736E+00
   -0.530736E+00   -0.530736E+00   -0.530736E+00   -0.530736E+00
   -0.530736E+00   -0.530736E+00   -0.530736E+00   -0.530736E+00
   -0.530736E+00   -0.530736E+00   -0.530736E+00   -0.530736E+00
   -0.530736E+00   -0.530736E+00   -0.530736E+00   -0.530736E+00
   -0.530736E+00   -0.530736E+00   -0.530736E+00   -0.530736E+00
   -0.530736E+00   -0.530736E+00   -0.530736E+00   -0.530736E+00
   -0.530736E+00   -0.530736E+00   -0.530736E+00   -0.530736E+00
   -0.530736E+00   -0.530736E+00    0.269990E+00    0.269990E+00
   -0.174221E+01   -0.171492E+01   -0.168762E+01   -0.166033E+01
   -0.163304E+01   -0.161086E+01   -0.159378E+01   -0.157459E+01
   -0.154572E+01   -0.151685E+01   -0.148798E+01   -0.145911E+01
   -0.143024E+01   -0.138372E+01   -0.135068E+01   -0.131561E+01
   -0.129490E+01   -0.127419E+01   -0.125348E+01   -0.123277E+01
   -0.121207E+01   -0.119136E+01   -0.117065E+01   -0.114874E+01
   -0.112657E+01   -0.110439E+01   -0.108222E+01   -0.104231E+01
   -0.102786E+01   -0.100828E+01   -0.988705E+00   -0.968835E+00
   -0.948080E+00   -0.927324E+00   -0.907251E+00   -0.887404E+00
   -0.867784E+00   -0.848845E+00   -0.829907E+00   -0.811785E+00
   -0.793936E+00   -0.776349E+00   -0.759543E+00   -0.742732E+00
   -0.721730E+00   -0.711950E+00   -0.698023E+00   -0.683093E+00
   -0.667902E+00   -0.653710E+00   -0.641571E+00   -0.630082E+00
   -0.619000E+00   -0.606680E+00   -0.597111E+00   -0.585912E+00
   -0.578541E+00   -0.571016E+00   -0.563798E+00   -0.556110E+00
   -0.549890E+00   -0.546163E+00   -0.542171E+00   -0.538017E+00
   -0.533710E+00   -0.532353E+00   -0.532824E+00   -0.530736E+00
   -0.530736E+00   -0.530736E+00   -0.530736E+00   -0.530736E+00
   -0.530736E+00   -0.530736E+00   -0.530736E+00   -0.530736E+00
   -0.530736E+00   -0.530736E+00   -0.530736E+00   -0.530736E+00
   -0.530736E+00   -0.530736E+00   -0.530736E+00   -0.530736E+00
   -0.530736E+00   -0.530736E+00   -0.530736E+00   -0.530736E+00
   -0.530736E+00   -0.530736E+00   -0.530736E+00   -0.530736E+00
   -0.530736E+00   -0.530736E+00   -0.530736E+00   -0.530736E+00
   -0.530736E+00   -0.530736E+00   -0.530736E+00   -0.530736E+00
   -0.530736E+00   -0.530736E+00   -0.530736E+00   -0.530736E+00
   -0.530736E+00   -0.530736E+00   -0.530736E+00   -0.530736E+00
   -0.530736E+00   -0.530736E+00   -0.530736E+00   -0.530736E+00
   -0.530736E+00   -0.530736E+00   -0.530736E+00   -0.530736E+00
    0.269990E+00    0.269990E+00    0.269990E+00    0.269990E+00
    0.269990E+00   -0.171681E+01   -0.168913E+01   -0.166145E+01
   -0.163378E+01   -0.160610E+01   -0.158372E+01   -0.156512E+01
   -0.153626E+01   -0.150739E+01   -0.147852E+01   -0.144965E+01
   -0.142078E+01   -0.139191E+01   -0.134539E+01   -0.130818E+01
   -0.128807E+01   -0.126855E+01   -0.124711E+01   -0.122566E+01
   -0.120422E+01   -0.118278E+01   -0.116133E+01   -0.113989E+01
   -0.111771E+01   -0.109554E+01   -0.107337E+01   -0.105091E+01
   -0.997919E+00   -0.983546E+00   -0.969176E+00   -0.954198E+00
   -0.934226E+00   -0.913064E+00   -0.891902E+00   -0.871413E+00
   -0.851148E+00   -0.831106E+00   -0.811738E+00   -0.792370E+00
   -0.773817E+00   -0.755536E+00   -0.737573E+00   -0.720566E+00
   -0.703556E+00   -0.680815E+00   -0.666805E+00   -0.656317E+00
   -0.640906E+00   -0.626537E+00   -0.611537E+00   -0.598792E+00
   -0.587097E+00   -0.575784E+00   -0.568257E+00   -0.556456E+00
   -0.541679E+00   -0.533588E+00   -0.526162E+00   -0.518540E+00
   -0.511363E+00   -0.505304E+00   -0.501082E+00   -0.495938E+00
   -0.488778E+00   -0.487613E+00   -0.483862E+00   -0.485791E+00
   -0.485515E+00   -0.485515E+00   -0.485515E+00   -0.485515E+00
   -0.485515E+00   -0.485515E+00   -0.485515E+00   -0.485515E+00
   -0.485515E+00   -0.485515E+00   -0.485515E+00   -0.485515E+00
   -0.485515E+00   -0.485515E+00   -0.485515E+00   -0.485515E+00
   -0.485515E+00   -0.485515E+00   -0.485515E+00   -0.485515E+00
   -0.485515E+00   -0.485515E+00   -0.485515E+00   -0.485515E+00
   -0.485515E+00   -0.485515E+00   -0.485515E+00   -0.485515E+00
   -0.485515E+00   -0.485515E+00   -0.485515E+00   -0.485515E+00
   -0.485515E+00   -0.485515E+00   -0.485515E+00   -0.485515E+00
   -0.485515E+00   -0.485515E+00   -0.485515E+00   -0.485515E+00
   -0.485515E+00   -0.485515E+00   -0.485515E+00   -0.485515E+00
   -0.485515E+00    0.223865E+00    0.223865E+00    0.269990E+00
    0.269990E+00    0.269990E+00    0.269990E+00    0.269990E+00
    0.269990E+00    0.269990E+00   -0.169141E+01   -0.166335E+01
   -0.163528E+01   -0.160722E+01   -0.157916E+01   -0.155566E+01
   -0.152679E+01   -0.149792E+01   -0.146906E+01   -0.144019E+01
   -0.141132E+01   -0.138245E+01   -0.135358E+01   -0.130706E+01
   -0.127025E+01   -0.125157E+01   -0.123343E+01   -0.121577E+01
   -0.119586E+01   -0.117442E+01   -0.115297E+01   -0.113153E+01
   -0.111009E+01   -0.108791E+01   -0.106574E+01   -0.104314E+01
   -0.101965E+01   -0.966134E+00   -0.950051E+00   -0.933970E+00
   -0.917889E+00   -0.900431E+00   -0.878840E+00   -0.857249E+00
   -0.836318E+00   -0.815608E+00   -0.795119E+00   -0.775290E+00
   -0.755461E+00   -0.736443E+00   -0.717695E+00   -0.699267E+00
   -0.681799E+00   -0.664324E+00   -0.643346E+00   -0.626580E+00
   -0.614279E+00   -0.599376E+00   -0.584596E+00   -0.569462E+00
   -0.556628E+00   -0.545780E+00   -0.533791E+00   -0.520247E+00
   -0.512515E+00   -0.501009E+00   -0.490413E+00   -0.489068E+00
   -0.471367E+00   -0.464657E+00   -0.460470E+00   -0.454668E+00
   -0.446537E+00   -0.444940E+00   -0.442698E+00   -0.444105E+00
   -0.437725E+00   -0.438445E+00   -0.438445E+00   -0.438445E+00
   -0.438445E+00   -0.438445E+00   -0.438445E+00   -0.438445E+00
   -0.438445E+00   -0.438445E+00   -0.438445E+00   -0.438445E+00
   -0.438445E+00   -0.438445E+00   -0.438445E+00   -0.438445E+00
   -0.438445E+00   -0.438445E+00   -0.438445E+00   -0.438445E+00
   -0.438445E+00   -0.438445E+00   -0.438445E+00   -0.438445E+00
   -0.438445E+00   -0.438445E+00   -0.438445E+00   -0.438445E+00
   -0.438445E+00   -0.438445E+00   -0.438445E+00   -0.438445E+00
   -0.438445E+00   -0.438445E+00   -0.438445E+00   -0.438445E+00
   -0.438445E+00   -0.438445E+00   -0.438445E+00   -0.438445E+00
   -0.438445E+00   -0.438445E+00   -0.438445E+00    0.223865E+00
    0.223865E+00    0.223865E+00    0.269990E+00    0.269990E+00
    0.269990E+00    0.269990E+00    0.269990E+00    0.269990E+00
    0.269990E+00    0.269990E+00    0.269990E+00   -0.166862E+01
   -0.164038E+01   -0.161215E+01   -0.158392E+01   -0.155562E+01
   -0.152265E+01   -0.149426E+01   -0.146588E+01   -0.143750E+01
   -0.140911E+01   -0.138073E+01   -0.135234E+01   -0.132396E+01
   -0.129201E+01   -0.125564E+01   -0.121892E+01   -0.119656E+01
   -0.117879E+01   -0.116113E+01   -0.114346E+01   -0.112317E+01
   -0.110173E+01   -0.108029E+01   -0.105811E+01   -0.103538E+01
   -0.101189E+01   -0.988395E+00   -0.944937E+00   -0.925707E+00
   -0.906479E+00   -0.887250E+00   -0.867319E+00   -0.845280E+00
   -0.823241E+00   -0.801848E+00   -0.780671E+00   -0.759710E+00
   -0.739395E+00   -0.719079E+00   -0.699567E+00   -0.680323E+00
   -0.661353E+00   -0.643201E+00   -0.625041E+00   -0.604581E+00
   -0.582572E+00   -0.576899E+00   -0.558836E+00   -0.543059E+00
   -0.527988E+00   -0.512914E+00   -0.503893E+00   -0.489913E+00
   -0.480312E+00   -0.464073E+00   -0.456105E+00   -0.445149E+00
   -0.436413E+00   -0.427781E+00   -0.419165E+00   -0.413284E+00
   -0.407788E+00   -0.403261E+00   -0.398419E+00   -0.394098E+00
   -0.390926E+00   -0.390650E+00   -0.390413E+00   -0.390413E+00
   -0.390413E+00   -0.390413E+00   -0.390413E+00   -0.390413E+00
   -0.390413E+00   -0.390413E+00   -0.390413E+00   -0.390413E+00
   -0.390413E+00   -0.390413E+00   -0.390413E+00   -0.390413E+00
   -0.390413E+00   -0.390413E+00   -0.390413E+00   -0.390413E+00
   -0.390413E+00   -0.390413E+00   -0.390413E+00   -0.390413E+00
   -0.390413E+00   -0.390413E+00   -0.390413E+00   -0.390413E+00
   -0.390413E+00   -0.390413E+00   -0.390413E+00   -0.390413E+00
   -0.390413E+00   -0.390413E+00   -0.390413E+00   -0.390413E+00
   -0.390413E+00   -0.390413E+00   -0.390413E+00   -0.390413E+00
   -0.390413E+00    0.223865E+00    0.223865E+00    0.223865E+00
    0.223865E+00    0.223865E+00    0.269990E+00    0.269990E+00
    0.269990E+00    0.269990E+00    0.269990E+00    0.269990E+00
    0.269990E+00    0.269990E+00    0.269990E+00    0.269990E+00
   -0.164791E+01   -0.161967E+01   -0.159144E+01   -0.156306E+01
   -0.153452E+01   -0.149388E+01   -0.146637E+01   -0.143885E+01
   -0.141134E+01   -0.138382E+01   -0.135631E+01   -0.132879E+01
   -0.130128E+01   -0.127377E+01   -0.124051E+01   -0.120464E+01
   -0.116871E+01   -0.114182E+01   -0.112415E+01   -0.110649E+01
   -0.108882E+01   -0.107115E+01   -0.105049E+01   -0.102761E+01
   -0.100412E+01   -0.980627E+00   -0.957137E+00   -0.912422E+00
   -0.896525E+00   -0.876317E+00   -0.855732E+00   -0.834668E+00
   -0.812168E+00   -0.789669E+00   -0.767800E+00   -0.746141E+00
   -0.724692E+00   -0.703873E+00   -0.683054E+00   -0.663029E+00
   -0.643268E+00   -0.623768E+00   -0.605045E+00   -0.586317E+00
   -0.565387E+00   -0.544285E+00   -0.530115E+00   -0.516771E+00
   -0.501808E+00   -0.487295E+00   -0.471812E+00   -0.459099E+00
   -0.445760E+00   -0.433428E+00   -0.423096E+00   -0.413712E+00
   -0.396237E+00   -0.391241E+00   -0.382263E+00   -0.373114E+00
   -0.365989E+00   -0.361090E+00   -0.356185E+00   -0.351216E+00
   -0.346184E+00   -0.343753E+00   -0.343194E+00   -0.342689E+00
   -0.342689E+00   -0.342689E+00   -0.342689E+00   -0.342689E+00
   -0.342689E+00   -0.342689E+00   -0.342689E+00   -0.342689E+00
   -0.342689E+00   -0.342689E+00   -0.342689E+00   -0.342689E+00
   -0.342689E+00   -0.342689E+00   -0.342689E+00   -0.342689E+00
   -0.342689E+00   -0.342689E+00   -0.342689E+00   -0.342689E+00
   -0.342689E+00   -0.342689E+00   -0.342689E+00   -0.342689E+00
   -0.342689E+00   -0.342689E+00   -0.342689E+00   -0.342689E+00
   -0.342689E+00   -0.342689E+00   -0.342689E+00   -0.342689E+00
   -0.342689E+00   -0.342689E+00   -0.342689E+00    0.223865E+00
    0.223865E+00    0.223865E+00    0.223865E+00    0.223865E+00
    0.223865E+00    0.269990E+00    0.269990E+00    0.269990E+00
    0.269990E+00    0.269990E+00    0.269990E+00    0.269990E+00
    0.269990E+00    0.269990E+00    0.269990E+00    0.269990E+00
    0.269990E+00   -0.162720E+01   -0.159896E+01   -0.157050E+01
   -0.154196E+01   -0.151342E+01   -0.146511E+01   -0.143847E+01
   -0.141182E+01   -0.138518E+01   -0.135853E+01   -0.133189E+01
   -0.130524E+01   -0.127859E+01   -0.125109E+01   -0.122358E+01
   -0.118902E+01   -0.115314E+01   -0.111727E+01   -0.109825E+01
   -0.107923E+01   -0.106021E+01   -0.104119E+01   -0.102217E+01
   -0.998677E+00   -0.975188E+00   -0.951699E+00   -0.927785E+00
   -0.871327E+00   -0.855432E+00   -0.839538E+00   -0.823547E+00
   -0.802366E+00   -0.779397E+00   -0.756427E+00   -0.734071E+00
   -0.711918E+00   -0.689969E+00   -0.668633E+00   -0.647297E+00
   -0.626745E+00   -0.606454E+00   -0.586432E+00   -0.567216E+00
   -0.547997E+00   -0.526611E+00   -0.506705E+00   -0.495162E+00
   -0.477937E+00   -0.461404E+00   -0.442634E+00   -0.429569E+00
   -0.415250E+00   -0.403025E+00   -0.389220E+00   -0.375671E+00
   -0.364052E+00   -0.353756E+00   -0.340630E+00   -0.334139E+00
   -0.327299E+00   -0.319556E+00   -0.314350E+00   -0.309054E+00
   -0.304070E+00   -0.298998E+00   -0.296304E+00   -0.295510E+00
   -0.294843E+00   -0.294843E+00   -0.294843E+00   -0.294843E+00
   -0.294843E+00   -0.294843E+00   -0.294843E+00   -0.294843E+00
   -0.294843E+00   -0.294843E+00   -0.294843E+00   -0.294843E+00
   -0.294843E+00   -0.294843E+00   -0.294843E+00   -0.294843E+00
   -0.294843E+00   -0.294843E+00   -0.294843E+00   -0.294843E+00
   -0.294843E+00   -0.294843E+00   -0.294843E+00   -0.294843E+00
   -0.294843E+00   -0.294843E+00   -0.294843E+00   -0.294843E+00
   -0.294843E+00   -0.294843E+00   -0.294843E+00   -0.294843E+00
   -0.294843E+00    0.223865E+00    0.223865E+00    0.223865E+00
    0.223865E+00    0.223865E+00    0.223865E+00    0.223865E+00
    0.223865E+00    0.269990E+00    0.269990E+00    0.269990E+00
    0.269990E+00    0.269990E+00    0.269990E+00    0.269990E+00
    0.269990E+00    0.269990E+00    0.269990E+00    0.269990E+00
    0.269990E+00    0.269990E+00   -0.160649E+01   -0.157795E+01
   -0.154940E+01   -0.152086E+01   -0.148911E+01   -0.143634E+01
   -0.141057E+01   -0.138479E+01   -0.135902E+01   -0.133324E+01
   -0.130747E+01   -0.128169E+01   -0.125591E+01   -0.122841E+01
   -0.120090E+01   -0.117339E+01   -0.113752E+01   -0.110165E+01
   -0.108030E+01   -0.105896E+01   -0.103761E+01   -0.101626E+01
   -0.994914E+00   -0.971425E+00   -0.947936E+00   -0.923854E+00
   -0.898791E+00   -0.842604E+00   -0.824966E+00   -0.807328E+00
   -0.789690E+00   -0.770600E+00   -0.747151E+00   -0.723702E+00
   -0.700845E+00   -0.678186E+00   -0.655724E+00   -0.633855E+00
   -0.611985E+00   -0.590887E+00   -0.570045E+00   -0.549489E+00
   -0.529790E+00   -0.510091E+00   -0.493887E+00   -0.474499E+00
   -0.453554E+00   -0.430853E+00   -0.420663E+00   -0.403492E+00
   -0.393867E+00   -0.377376E+00   -0.358694E+00   -0.344962E+00
   -0.331771E+00   -0.319695E+00   -0.310267E+00   -0.299030E+00
   -0.294291E+00   -0.278843E+00   -0.272925E+00   -0.267490E+00
   -0.261509E+00   -0.255942E+00   -0.251191E+00   -0.248713E+00
   -0.247804E+00   -0.247165E+00   -0.247165E+00   -0.247165E+00
   -0.247165E+00   -0.247165E+00   -0.247165E+00   -0.247165E+00
   -0.247165E+00   -0.247165E+00   -0.247165E+00   -0.247165E+00
   -0.247165E+00   -0.247165E+00   -0.247165E+00   -0.247165E+00
   -0.247165E+00   -0.247165E+00   -0.247165E+00   -0.247165E+00
   -0.247165E+00   -0.247165E+00   -0.247165E+00   -0.247165E+00
   -0.247165E+00   -0.247165E+00   -0.247165E+00   -0.247165E+00
   -0.247165E+00   -0.247165E+00   -0.247165E+00    0.223865E+00
    0.223865E+00    0.223865E+00    0.223865E+00    0.223865E+00
    0.223865E+00    0.223865E+00    0.223865E+00    0.223865E+00
    0.269990E+00    0.269990E+00    0.269990E+00    0.269990E+00
    0.269990E+00    0.269990E+00    0.269990E+00    0.269990E+00
    0.269990E+00    0.269990E+00    0.269990E+00    0.269990E+00
    0.269990E+00    0.269990E+00    0.269990E+00   -0.158539E+01
   -0.155684E+01   -0.152830E+01   -0.149976E+01   -0.145990E+01
   -0.140758E+01   -0.138267E+01   -0.135777E+01   -0.133286E+01
   -0.130795E+01   -0.128305E+01   -0.125814E+01   -0.123323E+01
   -0.120573E+01   -0.117822E+01   -0.115071E+01   -0.112191E+01
   -0.108603E+01   -0.106236E+01   -0.103868E+01   -0.101501E+01
   -0.991336E+00   -0.967661E+00   -0.944173E+00   -0.919921E+00
   -0.894859E+00   -0.869796E+00   -0.822329E+00   -0.801757E+00
   -0.781185E+00   -0.760613E+00   -0.739199E+00   -0.715264E+00
   -0.691328E+00   -0.667964E+00   -0.644789E+00   -0.621804E+00
   -0.599390E+00   -0.576976E+00   -0.555319E+00   -0.533914E+00
   -0.512814E+00   -0.492635E+00   -0.472462E+00   -0.456581E+00
   -0.442166E+00   -0.409182E+00   -0.396730E+00   -0.378640E+00
   -0.361210E+00   -0.346312E+00   -0.331483E+00   -0.321438E+00
   -0.302418E+00   -0.287427E+00   -0.275600E+00   -0.265180E+00
   -0.254823E+00   -0.243799E+00   -0.233441E+00   -0.226255E+00
   -0.222045E+00   -0.217120E+00   -0.209708E+00   -0.203583E+00
   -0.200273E+00   -0.197185E+00   -0.197088E+00   -0.197088E+00
   -0.197088E+00   -0.197088E+00   -0.197088E+00   -0.197088E+00
   -0.197088E+00   -0.197088E+00   -0.197088E+00   -0.197088E+00
   -0.197088E+00   -0.197088E+00   -0.197088E+00   -0.197088E+00
   -0.197088E+00   -0.197088E+00   -0.197088E+00   -0.197088E+00
   -0.197088E+00   -0.197088E+00   -0.197088E+00   -0.197088E+00
   -0.197088E+00   -0.197088E+00   -0.197088E+00   -0.197088E+00
   -0.197088E+00    0.223865E+00    0.223865E+00    0.223865E+00
    0.223865E+00    0.223865E+00    0.223865E+00    0.223865E+00
    0.223865E+00    0.223865E+00    0.223865E+00    0.223865E+00
    0.269990E+00    0.269990E+00    0.269990E+00    0.269990E+00
    0.269990E+00    0.269990E+00    0.269990E+00    0.269990E+00
    0.269990E+00    0.269990E+00    0.269990E+00    0.269990E+00
    0.269990E+00    0.269990E+00    0.269990E+00    0.269990E+00
   -0.156428E+01   -0.153574E+01   -0.150720E+01   -0.147866E+01
   -0.143070E+01   -0.137881E+01   -0.135477E+01   -0.133074E+01
   -0.130670E+01   -0.128266E+01   -0.125863E+01   -0.123459E+01
   -0.121055E+01   -0.118305E+01   -0.115554E+01   -0.112803E+01
   -0.110052E+01   -0.107042E+01   -0.104441E+01   -0.101841E+01
   -0.992412E+00   -0.966410E+00   -0.940409E+00   -0.915988E+00
   -0.890926E+00   -0.865864E+00   -0.840802E+00   -0.791814E+00
   -0.774189E+00   -0.753220E+00   -0.731531E+00   -0.709153E+00
   -0.684707E+00   -0.660260E+00   -0.636357E+00   -0.612634E+00
   -0.589091E+00   -0.566092E+00   -0.543092E+00   -0.520829E+00
   -0.498810E+00   -0.477043E+00   -0.456035E+00   -0.435033E+00
   -0.416340E+00   -0.401909E+00   -0.371002E+00   -0.357381E+00
   -0.338727E+00   -0.320433E+00   -0.303116E+00   -0.286617E+00
   -0.271113E+00   -0.255485E+00   -0.243660E+00   -0.231274E+00
   -0.219995E+00   -0.209473E+00   -0.198300E+00   -0.187114E+00
   -0.180474E+00   -0.168216E+00   -0.167129E+00   -0.160305E+00
   -0.156695E+00   -0.151936E+00   -0.153540E+00   -0.152717E+00
   -0.152717E+00   -0.152717E+00   -0.152717E+00   -0.152717E+00
   -0.152717E+00   -0.152717E+00   -0.152717E+00   -0.152717E+00
   -0.152717E+00   -0.152717E+00   -0.152717E+00   -0.152717E+00
   -0.152717E+00   -0.152717E+00   -0.152717E+00   -0.152717E+00
   -0.152717E+00   -0.152717E+00   -0.152717E+00   -0.152717E+00
   -0.152717E+00   -0.152717E+00   -0.152717E+00   -0.152717E+00
    0.223865E+00    0.223865E+00    0.223865E+00    0.223865E+00
    0.223865E+00    0.223865E+00    0.223865E+00    0.223865E+00
    0.223865E+00    0.223865E+00    0.223865E+00    0.269990E+00
    0.269990E+00    0.269990E+00    0.269990E+00    0.269990E+00
    0.269990E+00    0.269990E+00    0.269990E+00    0.269990E+00
    0.269990E+00    0.269990E+00    0.269990E+00    0.269990E+00
    0.269990E+00    0.269990E+00    0.269990E+00    0.269990E+00
    0.269990E+00   -0.154318E+01   -0.151464E+01   -0.148610E+01
   -0.145756E+01   -0.140150E+01   -0.135266E+01   -0.133095E+01
   -0.130723E+01   -0.128352E+01   -0.125980E+01   -0.123608E+01
   -0.121237E+01   -0.118865E+01   -0.116098E+01   -0.113331E+01
   -0.110563E+01   -0.107796E+01   -0.105029E+01   -0.102323E+01
   -0.996170E+00   -0.969110E+00   -0.942051E+00   -0.914991E+00
   -0.889929E+00   -0.864868E+00   -0.839806E+00   -0.814242E+00
   -0.755016E+00   -0.737387E+00   -0.719763E+00   -0.702138E+00
   -0.679939E+00   -0.654966E+00   -0.629994E+00   -0.605532E+00
   -0.581241E+00   -0.557119E+00   -0.533509E+00   -0.509899E+00
   -0.486999E+00   -0.464337E+00   -0.441830E+00   -0.419780E+00
   -0.397716E+00   -0.378373E+00   -0.360075E+00   -0.335853E+00
   -0.317899E+00   -0.298944E+00   -0.280451E+00   -0.262206E+00
   -0.247217E+00   -0.229757E+00   -0.219375E+00   -0.200862E+00
   -0.186559E+00   -0.175116E+00   -0.163264E+00   -0.152279E+00
   -0.140883E+00   -0.131363E+00   -0.126366E+00   -0.117533E+00
   -0.116797E+00   -0.105472E+00   -0.102780E+00   -0.105174E+00
   -0.101442E+00   -0.101442E+00   -0.101442E+00   -0.101442E+00
   -0.101442E+00   -0.101442E+00   -0.101442E+00   -0.101442E+00
   -0.101442E+00   -0.101442E+00   -0.101442E+00   -0.101442E+00
   -0.101442E+00   -0.101442E+00   -0.101442E+00   -0.101442E+00
   -0.101442E+00   -0.101442E+00   -0.101442E+00   -0.101442E+00
   -0.101442E+00   -0.101442E+00    0.204692E+00    0.223865E+00
    0.223865E+00    0.223865E+00    0.223865E+00    0.223865E+00
    0.223865E+00    0.223865E+00    0.223865E+00    0.223865E+00
    0.223865E+00    0.223865E+00    0.223865E+00    0.269990E+00
    0.269990E+00    0.269990E+00    0.269990E+00    0.269990E+00
    0.269990E+00    0.269990E+00    0.269990E+00    0.269990E+00
    0.269990E+00    0.269990E+00    0.269990E+00    0.269990E+00
    0.269990E+00    0.269990E+00    0.269990E+00    0.269990E+00
    0.269990E+00    0.269990E+00   -0.152208E+01   -0.149354E+01
   -0.146500E+01   -0.143646E+01   -0.137425E+01   -0.132577E+01
   -0.130492E+01   -0.128406E+01   -0.126206E+01   -0.123835E+01
   -0.121463E+01   -0.119091E+01   -0.116720E+01   -0.113927E+01
   -0.111133E+01   -0.108340E+01   -0.105547E+01   -0.102754E+01
   -0.100016E+01   -0.972780E+00   -0.945400E+00   -0.918019E+00
   -0.890639E+00   -0.865578E+00   -0.840517E+00   -0.814786E+00
   -0.788182E+00   -0.730081E+00   -0.710693E+00   -0.691308E+00
   -0.671922E+00   -0.651008E+00   -0.625505E+00   -0.600003E+00
   -0.574978E+00   -0.550112E+00   -0.525406E+00   -0.501178E+00
   -0.476949E+00   -0.453426E+00   -0.430137E+00   -0.407001E+00
   -0.384317E+00   -0.361624E+00   -0.342143E+00   -0.318560E+00
   -0.293212E+00   -0.276328E+00   -0.259151E+00   -0.238894E+00
   -0.221589E+00   -0.204651E+00   -0.188395E+00   -0.167046E+00
   -0.150890E+00   -0.144060E+00   -0.129075E+00   -0.117320E+00
   -0.106250E+00   -0.946074E-01   -0.846074E-01   -0.781122E-01
   -0.701609E-01   -0.630720E-01   -0.590988E-01   -0.531463E-01
   -0.519572E-01   -0.528967E-01   -0.528967E-01   -0.528967E-01
   -0.528967E-01   -0.528967E-01   -0.528967E-01   -0.528967E-01
   -0.528967E-01   -0.528967E-01   -0.528967E-01   -0.528967E-01
   -0.528967E-01   -0.528967E-01   -0.528967E-01   -0.528967E-01
   -0.528967E-01   -0.528967E-01   -0.528967E-01   -0.528967E-01
   -0.528967E-01    0.204692E+00    0.204692E+00    0.223865E+00
    0.223865E+00    0.223865E+00    0.223865E+00    0.223865E+00
    0.223865E+00    0.223865E+00    0.223865E+00    0.223865E+00
    0.223865E+00    0.223865E+00    0.269990E+00    0.269990E+00
    0.269990E+00    0.269990E+00    0.269990E+00    0.269990E+00
    0.269990E+00    0.269990E+00    0.269990E+00    0.269990E+00
    0.269990E+00    0.269990E+00    0.269990E+00    0.269990E+00
    0.269990E+00    0.269990E+00    0.269990E+00    0.269990E+00
    0.269990E+00    0.269990E+00    0.269990E+00   -0.150448E+01
   -0.147594E+01   -0.144740E+01   -0.141850E+01   -0.134736E+01
   -0.129888E+01   -0.127803E+01   -0.125717E+01   -0.123632E+01
   -0.121546E+01   -0.119318E+01   -0.116946E+01   -0.114574E+01
   -0.111755E+01   -0.108936E+01   -0.106117E+01   -0.103298E+01
   -0.100479E+01   -0.977092E+00   -0.949391E+00   -0.921690E+00
   -0.893988E+00   -0.866287E+00   -0.841226E+00   -0.815330E+00
   -0.788726E+00   -0.762121E+00   -0.711674E+00   -0.689557E+00
   -0.667443E+00   -0.645328E+00   -0.622233E+00   -0.596199E+00
   -0.570163E+00   -0.544573E+00   -0.519130E+00   -0.493835E+00
   -0.468985E+00   -0.444133E+00   -0.419992E+00   -0.396087E+00
   -0.372381E+00   -0.349267E+00   -0.326144E+00   -0.299951E+00
   -0.270060E+00   -0.255020E+00   -0.239746E+00   -0.219170E+00
   -0.198241E+00   -0.179951E+00   -0.163068E+00   -0.145724E+00
   -0.129560E+00   -0.113760E+00   -0.912217E-01   -0.849502E-01
   -0.714147E-01   -0.576834E-01   -0.475767E-01   -0.375727E-01
   -0.300507E-01   -0.233185E-01   -0.165007E-01   -0.916994E-02
   -0.426252E-02   -0.257589E-02   -0.528967E-01   -0.528967E-01
   -0.528967E-01   -0.528967E-01   -0.528967E-01   -0.528967E-01
   -0.528967E-01   -0.528967E-01   -0.528967E-01   -0.528967E-01
   -0.528967E-01   -0.528967E-01   -0.528967E-01   -0.528967E-01
   -0.528967E-01   -0.528967E-01   -0.528967E-01    0.186555E+00
    0.186555E+00    0.204692E+00    0.204692E+00    0.223865E+00
    0.223865E+00    0.223865E+00    0.223865E+00    0.223865E+00
    0.223865E+00    0.223865E+00    0.223865E+00    0.223865E+00
    0.223865E+00    0.223865E+00    0.269990E+00    0.269990E+00
    0.269990E+00    0.269990E+00    0.269990E+00    0.269990E+00
    0.269990E+00    0.269990E+00    0.269990E+00    0.269990E+00
    0.269990E+00    0.269990E+00    0.269990E+00    0.269990E+00
    0.269990E+00    0.269990E+00    0.269990E+00    0.269990E+00
    0.269990E+00    0.269990E+00    0.269990E+00    0.269990E+00
   -0.148870E+01   -0.146016E+01   -0.143118E+01   -0.140188E+01
   -0.132780E+01   -0.127200E+01   -0.125114E+01   -0.123029E+01
   -0.120943E+01   -0.118858E+01   -0.116772E+01   -0.114686E+01
   -0.112429E+01   -0.109584E+01   -0.106739E+01   -0.103894E+01
   -0.101049E+01   -0.982045E+00   -0.954023E+00   -0.926002E+00
   -0.897979E+00   -0.869957E+00   -0.841935E+00   -0.815872E+00
   -0.789269E+00   -0.762665E+00   -0.736061E+00   -0.683725E+00
   -0.664208E+00   -0.642153E+00   -0.619140E+00   -0.595235E+00
   -0.568654E+00   -0.542073E+00   -0.515894E+00   -0.489849E+00
   -0.463937E+00   -0.438428E+00   -0.412918E+00   -0.388417E+00
   -0.364252E+00   -0.340432E+00   -0.317651E+00   -0.294877E+00
   -0.265434E+00   -0.246653E+00   -0.231275E+00   -0.206431E+00
   -0.184555E+00   -0.163754E+00   -0.142626E+00   -0.128502E+00
   -0.109900E+00   -0.912296E-01   -0.720352E-01   -0.595488E-01
   -0.421449E-01   -0.307218E-01   -0.209204E-01   -0.650960E-02
    0.237061E-02    0.109711E-01    0.195663E-01    0.261794E-01
    0.339700E-01    0.351749E-01    0.374628E-01    0.374628E-01
    0.374628E-01   -0.528967E-01   -0.528967E-01   -0.528967E-01
   -0.528967E-01   -0.528967E-01   -0.528967E-01   -0.528967E-01
   -0.528967E-01   -0.528967E-01   -0.528967E-01   -0.528967E-01
   -0.528967E-01   -0.528967E-01    0.186555E+00    0.186555E+00
    0.186555E+00    0.204692E+00    0.204692E+00    0.223865E+00
    0.223865E+00    0.223865E+00    0.223865E+00    0.223865E+00
    0.223865E+00    0.223865E+00    0.223865E+00    0.223865E+00
    0.223865E+00    0.269990E+00    0.269990E+00    0.269990E+00
    0.269990E+00    0.269990E+00    0.269990E+00    0.269990E+00
    0.269990E+00    0.269990E+00    0.269990E+00    0.269990E+00
    0.269990E+00    0.269990E+00    0.269990E+00    0.269990E+00
    0.269990E+00    0.269990E+00    0.269990E+00    0.269990E+00
    0.269990E+00    0.269990E+00    0.269990E+00    0.269990E+00
    0.269990E+00   -0.147292E+01   -0.144386E+01   -0.141456E+01
   -0.138526E+01   -0.131637E+01   -0.125538E+01   -0.123392E+01
   -0.121246E+01   -0.119100E+01   -0.116954E+01   -0.114808E+01
   -0.112662E+01   -0.110516E+01   -0.107648E+01   -0.104780E+01
   -0.101912E+01   -0.990442E+00   -0.961761E+00   -0.933441E+00
   -0.905122E+00   -0.876802E+00   -0.848482E+00   -0.820161E+00
   -0.793558E+00   -0.766955E+00   -0.740351E+00   -0.713179E+00
   -0.651088E+00   -0.631573E+00   -0.612059E+00   -0.592545E+00
   -0.569108E+00   -0.541975E+00   -0.514841E+00   -0.488063E+00
   -0.461403E+00   -0.434861E+00   -0.408674E+00   -0.382488E+00
   -0.357754E+00   -0.333504E+00   -0.309780E+00   -0.287634E+00
   -0.265489E+00   -0.237452E+00   -0.219376E+00   -0.205483E+00
   -0.178120E+00   -0.162837E+00   -0.144086E+00   -0.126361E+00
   -0.110009E+00   -0.937377E-01   -0.780605E-01   -0.629858E-01
   -0.479833E-01   -0.346308E-01   -0.222914E-01   -0.942826E-02
    0.270478E-02    0.137737E-01    0.216848E-01    0.297756E-01
    0.374262E-01    0.339700E-01    0.351749E-01    0.374628E-01
    0.374628E-01    0.374628E-01    0.374628E-01    0.374628E-01
   -0.528967E-01   -0.528967E-01   -0.528967E-01   -0.528967E-01
   -0.528967E-01   -0.528967E-01   -0.528967E-01   -0.528967E-01
    0.186555E+00    0.186555E+00    0.186555E+00    0.186555E+00
    0.186555E+00    0.204692E+00    0.204692E+00    0.223865E+00
    0.223865E+00    0.223865E+00    0.223865E+00    0.223865E+00
    0.223865E+00    0.223865E+00    0.223865E+00    0.223865E+00
    0.223865E+00    0.269990E+00    0.269990E+00    0.269990E+00
    0.269990E+00    0.269990E+00    0.269990E+00    0.269990E+00
    0.269990E+00    0.269990E+00    0.269990E+00    0.269990E+00
    0.269990E+00    0.269990E+00    0.269990E+00    0.269990E+00
    0.269990E+00    0.269990E+00    0.269990E+00    0.269990E+00
    0.269990E+00    0.269990E+00    0.269990E+00    0.269990E+00
    0.269990E+00    0.269990E+00   -0.145653E+01   -0.142724E+01
   -0.139794E+01   -0.136864E+01   -0.130440E+01   -0.124351E+01
   -0.122117E+01   -0.119883E+01   -0.117648E+01   -0.115414E+01
   -0.113180E+01   -0.110946E+01   -0.108711E+01   -0.105821E+01
   -0.102932E+01   -0.100042E+01   -0.971517E+00   -0.942617E+00
   -0.914011E+00   -0.885404E+00   -0.856797E+00   -0.828189E+00
   -0.799582E+00   -0.772979E+00   -0.746376E+00   -0.719044E+00
   -0.690953E+00   -0.630498E+00   -0.609329E+00   -0.588159E+00
   -0.566990E+00   -0.544189E+00   -0.516493E+00   -0.488798E+00
   -0.461405E+00   -0.434113E+00   -0.406921E+00   -0.380033E+00
   -0.353144E+00   -0.328354E+00   -0.304262E+00   -0.280670E+00
   -0.258658E+00   -0.236704E+00   -0.210605E+00   -0.195450E+00
   -0.180158E+00   -0.162790E+00   -0.146871E+00   -0.130313E+00
   -0.114372E+00   -0.996602E-01   -0.845434E-01   -0.707833E-01
   -0.530537E-01   -0.407014E-01   -0.291075E-01   -0.170263E-01
   -0.490757E-02    0.727984E-02    0.175533E-01    0.261162E-01
    0.347305E-01    0.374262E-01    0.374262E-01    0.351749E-01
    0.374628E-01    0.374628E-01    0.374628E-01    0.374628E-01
    0.374628E-01    0.374628E-01    0.374628E-01   -0.528967E-01
   -0.528967E-01   -0.528967E-01   -0.528967E-01    0.186555E+00
    0.186555E+00    0.186555E+00    0.186555E+00    0.186555E+00
    0.186555E+00    0.204692E+00    0.204692E+00    0.223865E+00
    0.223865E+00    0.223865E+00    0.223865E+00    0.223865E+00
    0.223865E+00    0.223865E+00    0.223865E+00    0.223865E+00
    0.269990E+00    0.269990E+00    0.269990E+00    0.269990E+00
    0.269990E+00    0.269990E+00    0.269990E+00    0.269990E+00
    0.269990E+00    0.269990E+00    0.269990E+00    0.269990E+00
    0.269990E+00    0.269990E+00    0.269990E+00    0.269990E+00
    0.269990E+00    0.269990E+00    0.269990E+00    0.269990E+00
    0.269990E+00    0.269990E+00    0.269990E+00    0.269990E+00
    0.269990E+00    0.269990E+00    0.269990E+00   -0.143991E+01
   -0.141061E+01   -0.138132E+01   -0.135202E+01   -0.128778E+01
   -0.123164E+01   -0.120842E+01   -0.118519E+01   -0.116197E+01
   -0.113874E+01   -0.111552E+01   -0.109229E+01   -0.106906E+01
   -0.103995E+01   -0.101083E+01   -0.981710E+00   -0.952592E+00
   -0.923474E+00   -0.894580E+00   -0.865686E+00   -0.836792E+00
   -0.807897E+00   -0.779003E+00   -0.752400E+00   -0.724908E+00
   -0.696818E+00   -0.668727E+00   -0.615164E+00   -0.591617E+00
   -0.568070E+00   -0.544522E+00   -0.519796E+00   -0.491534E+00
   -0.463273E+00   -0.435259E+00   -0.407327E+00   -0.379478E+00
   -0.351877E+00   -0.324275E+00   -0.299504E+00   -0.275676E+00
   -0.252282E+00   -0.230188E+00   -0.208174E+00   -0.190278E+00
   -0.177021E+00   -0.160762E+00   -0.144136E+00   -0.130103E+00
   -0.116509E+00   -0.102945E+00   -0.890556E-01   -0.764945E-01
   -0.612438E-01   -0.479798E-01   -0.371113E-01   -0.238495E-01
   -0.117953E-01   -0.190829E-03    0.112565E-01    0.211309E-01
    0.315353E-01    0.389058E-01    0.478174E-01    0.478174E-01
    0.478174E-01    0.374628E-01    0.374628E-01    0.374628E-01
    0.374628E-01    0.374628E-01    0.374628E-01    0.374628E-01
    0.374628E-01    0.161752E+00    0.186555E+00    0.186555E+00
    0.186555E+00    0.186555E+00    0.186555E+00    0.186555E+00
    0.186555E+00    0.204692E+00    0.204692E+00    0.223865E+00
    0.223865E+00    0.223865E+00    0.223865E+00    0.223865E+00
    0.223865E+00    0.223865E+00    0.223865E+00    0.223865E+00
    0.269990E+00    0.269990E+00    0.269990E+00    0.269990E+00
    0.269990E+00    0.269990E+00    0.269990E+00    0.269990E+00
    0.269990E+00    0.269990E+00    0.269990E+00    0.269990E+00
    0.269990E+00    0.269990E+00    0.269990E+00    0.269990E+00
    0.269990E+00    0.269990E+00    0.269990E+00    0.269990E+00
    0.269990E+00    0.269990E+00    0.269990E+00    0.269990E+00
    0.269990E+00    0.269990E+00    0.269990E+00    0.269990E+00
   -0.142329E+01   -0.139399E+01   -0.136470E+01   -0.133540E+01
   -0.127116E+01   -0.121978E+01   -0.119567E+01   -0.117156E+01
   -0.114745E+01   -0.112334E+01   -0.109923E+01   -0.107512E+01
   -0.105101E+01   -0.102168E+01   -0.992341E+00   -0.963004E+00
   -0.933667E+00   -0.904330E+00   -0.875149E+00   -0.845968E+00
   -0.816787E+00   -0.787605E+00   -0.758424E+00   -0.730771E+00
   -0.702682E+00   -0.674592E+00   -0.646502E+00   -0.590292E+00
   -0.569057E+00   -0.545953E+00   -0.521744E+00   -0.496382E+00
   -0.467559E+00   -0.438736E+00   -0.410362E+00   -0.382138E+00
   -0.354064E+00   -0.326440E+00   -0.298816E+00   -0.274094E+00
   -0.249538E+00   -0.223349E+00   -0.204497E+00   -0.187309E+00
   -0.165365E+00   -0.177021E+00   -0.139063E+00   -0.129914E+00
   -0.114691E+00   -0.105541E+00   -0.908890E-01   -0.783885E-01
   -0.638998E-01   -0.536148E-01   -0.414941E-01   -0.293570E-01
   -0.182588E-01   -0.712785E-02    0.428046E-02    0.153802E-01
    0.250758E-01    0.350943E-01    0.440130E-01    0.530480E-01
    0.530480E-01    0.530480E-01    0.530480E-01    0.530480E-01
    0.374628E-01    0.374628E-01    0.374628E-01    0.161752E+00
    0.161752E+00    0.161752E+00    0.161752E+00    0.186555E+00
    0.186555E+00    0.186555E+00    0.186555E+00    0.186555E+00
    0.186555E+00    0.204692E+00    0.204692E+00    0.223865E+00
    0.223865E+00    0.223865E+00    0.223865E+00    0.223865E+00
    0.223865E+00    0.223865E+00    0.223865E+00    0.269990E+00
    0.269990E+00    0.269990E+00    0.269990E+00    0.269990E+00
    0.269990E+00    0.269990E+00    0.269990E+00    0.269990E+00
    0.269990E+00    0.269990E+00    0.269990E+00    0.269990E+00
    0.269990E+00    0.269990E+00    0.269990E+00    0.269990E+00
    0.269990E+00    0.269990E+00    0.269990E+00    0.269990E+00
    0.269990E+00    0.269990E+00    0.269990E+00    0.269990E+00
    0.269990E+00    0.269990E+00    0.269990E+00    0.269990E+00
    0.269990E+00   -0.140667E+01   -0.137737E+01   -0.134808E+01
   -0.131878E+01   -0.125454E+01   -0.120414E+01   -0.118164E+01
   -0.115730E+01   -0.113296E+01   -0.110862E+01   -0.108427E+01
   -0.105993E+01   -0.103559E+01   -0.100608E+01   -0.976568E+00
   -0.947057E+00   -0.917547E+00   -0.888037E+00   -0.858614E+00
   -0.829192E+00   -0.799770E+00   -0.770347E+00   -0.740924E+00
   -0.712835E+00   -0.684746E+00   -0.656657E+00   -0.628149E+00
   -0.561747E+00   -0.540508E+00   -0.519275E+00   -0.498042E+00
   -0.473346E+00   -0.443963E+00   -0.414579E+00   -0.385947E+00
   -0.357565E+00   -0.329432E+00   -0.302051E+00   -0.274669E+00
   -0.247908E+00   -0.220993E+00   -0.199325E+00   -0.184207E+00
   -0.169199E+00   -0.165365E+00   -0.165365E+00   -0.139063E+00
   -0.112151E+00   -0.101024E+00   -0.910001E-01   -0.799387E-01
   -0.687467E-01   -0.575320E-01   -0.469585E-01   -0.362573E-01
   -0.244384E-01   -0.123831E-01   -0.284665E-02    0.686311E-02
    0.191279E-01    0.290900E-01    0.393253E-01    0.492764E-01
    0.585285E-01    0.585285E-01    0.585285E-01    0.585285E-01
    0.585285E-01    0.113176E+00    0.113176E+00    0.161752E+00
    0.161752E+00    0.161752E+00    0.161752E+00    0.186555E+00
    0.186555E+00    0.186555E+00    0.186555E+00    0.186555E+00
    0.186555E+00    0.204692E+00    0.204692E+00    0.223865E+00
    0.223865E+00    0.223865E+00    0.223865E+00    0.223865E+00
    0.223865E+00    0.223865E+00    0.223865E+00    0.269990E+00
    0.269990E+00    0.269990E+00    0.269990E+00    0.269990E+00
    0.269990E+00    0.269990E+00    0.269990E+00    0.269990E+00
    0.269990E+00    0.269990E+00    0.269990E+00    0.269990E+00
    0.269990E+00    0.269990E+00    0.269990E+00    0.269990E+00
    0.269990E+00    0.269990E+00    0.269990E+00    0.269990E+00
    0.269990E+00    0.269990E+00    0.269990E+00    0.269990E+00
    0.269990E+00    0.269990E+00    0.269990E+00    0.372197E+00
    0.372197E+00    0.372197E+00   -0.139005E+01   -0.136075E+01
   -0.133146E+01   -0.130216E+01   -0.123625E+01   -0.118576E+01
   -0.116347E+01   -0.114118E+01   -0.111848E+01   -0.109414E+01
   -0.106979E+01   -0.104545E+01   -0.102111E+01   -0.991441E+00
   -0.961774E+00   -0.932107E+00   -0.902439E+00   -0.872772E+00
   -0.843125E+00   -0.813478E+00   -0.783831E+00   -0.754184E+00
   -0.724537E+00   -0.696448E+00   -0.668359E+00   -0.639749E+00
   -0.610707E+00   -0.546075E+00   -0.523370E+00   -0.500669E+00
   -0.477967E+00   -0.453460E+00   -0.423531E+00   -0.393602E+00
   -0.365552E+00   -0.338128E+00   -0.310729E+00   -0.283409E+00
   -0.257000E+00   -0.235241E+00   -0.214901E+00   -0.196917E+00
   -0.179025E+00   -0.165095E+00   -0.165095E+00   -0.165095E+00
   -0.112151E+00   -0.112151E+00   -0.102151E+00   -0.908697E-01
   -0.795801E-01   -0.688315E-01   -0.576599E-01   -0.461757E-01
   -0.345950E-01   -0.229085E-01   -0.121763E-01   -0.902172E-03
    0.111315E-01    0.218942E-01    0.328943E-01    0.433582E-01
    0.538441E-01    0.641248E-01    0.641248E-01    0.641248E-01
    0.852255E-01    0.113176E+00    0.113176E+00    0.151755E+00
    0.161752E+00    0.161752E+00    0.161752E+00    0.161752E+00
    0.186555E+00    0.186555E+00    0.186555E+00    0.186555E+00
    0.186555E+00    0.204692E+00    0.204692E+00    0.223865E+00
    0.223865E+00    0.223865E+00    0.223865E+00    0.223865E+00
    0.223865E+00    0.223865E+00    0.269990E+00    0.269990E+00
    0.269990E+00    0.269990E+00    0.269990E+00    0.269990E+00
    0.269990E+00    0.269990E+00    0.269990E+00    0.269990E+00
    0.269990E+00    0.269990E+00    0.269990E+00    0.269990E+00
    0.269990E+00    0.269990E+00    0.269990E+00    0.269990E+00
    0.269990E+00    0.269990E+00    0.269990E+00    0.269990E+00
    0.269990E+00    0.269990E+00    0.269990E+00    0.269990E+00
    0.269990E+00    0.269990E+00    0.372197E+00    0.372197E+00
    0.372197E+00    0.372197E+00    0.372197E+00   -0.137835E+01
   -0.134906E+01   -0.131977E+01   -0.129043E+01   -0.121787E+01
   -0.116737E+01   -0.114508E+01   -0.112280E+01   -0.110051E+01
   -0.107823E+01   -0.105531E+01   -0.103097E+01   -0.100663E+01
   -0.976804E+00   -0.946980E+00   -0.917156E+00   -0.887332E+00
   -0.857508E+00   -0.827636E+00   -0.797765E+00   -0.767893E+00
   -0.738021E+00   -0.708149E+00   -0.680061E+00   -0.651348E+00
   -0.622307E+00   -0.593266E+00   -0.534750E+00   -0.510082E+00
   -0.485418E+00   -0.460753E+00   -0.434637E+00   -0.404168E+00
   -0.373698E+00   -0.346514E+00   -0.320424E+00   -0.294028E+00
   -0.268560E+00   -0.246912E+00   -0.227302E+00   -0.211522E+00
   -0.196515E+00   -0.181876E+00   -0.168563E+00   -0.168563E+00
   -0.168563E+00   -0.112151E+00   -0.102151E+00   -0.102151E+00
   -0.936226E-01   -0.825912E-01   -0.701295E-01   -0.589685E-01
   -0.462942E-01   -0.348009E-01   -0.235858E-01   -0.102446E-01
    0.141052E-02    0.124750E-01    0.244392E-01    0.360040E-01
    0.473125E-01    0.581174E-01    0.693555E-01    0.693555E-01
    0.852255E-01    0.113176E+00    0.113176E+00    0.113176E+00
    0.151755E+00    0.161752E+00    0.161752E+00    0.161752E+00
    0.186555E+00    0.186555E+00    0.186555E+00    0.186555E+00
    0.186555E+00    0.204692E+00    0.204692E+00    0.223865E+00
    0.223865E+00    0.223865E+00    0.223865E+00    0.223865E+00
    0.223865E+00    0.223865E+00    0.269990E+00    0.269990E+00
    0.269990E+00    0.269990E+00    0.269990E+00    0.269990E+00
    0.269990E+00    0.269990E+00    0.269990E+00    0.269990E+00
    0.269990E+00    0.269990E+00    0.269990E+00    0.269990E+00
    0.269990E+00    0.269990E+00    0.269990E+00    0.269990E+00
    0.269990E+00    0.269990E+00    0.269990E+00    0.269990E+00
    0.269990E+00    0.269990E+00    0.269990E+00    0.269990E+00
    0.372197E+00    0.372197E+00    0.372197E+00    0.372197E+00
    0.372197E+00    0.372197E+00    0.372197E+00    0.372197E+00
   -0.136821E+01   -0.133892E+01   -0.130957E+01   -0.128021E+01
   -0.120612E+01   -0.114898E+01   -0.112670E+01   -0.110441E+01
   -0.108213E+01   -0.105984E+01   -0.103755E+01   -0.101527E+01
   -0.992148E+00   -0.962167E+00   -0.932186E+00   -0.902205E+00
   -0.872224E+00   -0.842243E+00   -0.812147E+00   -0.782051E+00
   -0.751954E+00   -0.721858E+00   -0.691761E+00   -0.662946E+00
   -0.633906E+00   -0.604865E+00   -0.575824E+00   -0.515085E+00
   -0.492235E+00   -0.468187E+00   -0.443077E+00   -0.416512E+00
   -0.385579E+00   -0.354646E+00   -0.327852E+00   -0.302273E+00
   -0.278754E+00   -0.262037E+00   -0.245727E+00   -0.223135E+00
   -0.209964E+00   -0.196455E+00   -0.184427E+00   -0.168563E+00
   -0.168563E+00   -0.168563E+00   -0.102151E+00   -0.102151E+00
   -0.936226E-01   -0.936226E-01   -0.837124E-01   -0.731752E-01
   -0.600882E-01   -0.484110E-01   -0.350550E-01   -0.223485E-01
   -0.106607E-01    0.246046E-02    0.150107E-01    0.272124E-01
    0.394207E-01    0.510626E-01    0.626671E-01    0.745230E-01
    0.852255E-01    0.852255E-01    0.113176E+00    0.113176E+00
    0.141052E+00    0.151755E+00    0.161752E+00    0.161752E+00
    0.161752E+00    0.186555E+00    0.186555E+00    0.186555E+00
    0.186555E+00    0.204692E+00    0.204692E+00    0.223865E+00
    0.223865E+00    0.223865E+00    0.223865E+00    0.223865E+00
    0.223865E+00    0.269990E+00    0.269990E+00    0.269990E+00
    0.269990E+00    0.269990E+00    0.269990E+00    0.269990E+00
    0.269990E+00    0.269990E+00    0.269990E+00    0.269990E+00
    0.269990E+00    0.269990E+00    0.269990E+00    0.269990E+00
    0.269990E+00    0.269990E+00    0.269990E+00    0.269990E+00
    0.269990E+00    0.269990E+00    0.269990E+00    0.269990E+00
    0.269990E+00    0.269990E+00    0.269990E+00    0.372197E+00
    0.372197E+00    0.372197E+00    0.372197E+00    0.372197E+00
    0.372197E+00    0.372197E+00    0.372197E+00    0.372197E+00
    0.372197E+00   -0.135807E+01   -0.132872E+01   -0.129935E+01
   -0.126998E+01   -0.119925E+01   -0.113946E+01   -0.111679E+01
   -0.109412E+01   -0.107145E+01   -0.104878E+01   -0.102611E+01
   -0.100344E+01   -0.980773E+00   -0.950705E+00   -0.920637E+00
   -0.890569E+00   -0.860501E+00   -0.830432E+00   -0.800190E+00
   -0.769948E+00   -0.739706E+00   -0.709464E+00   -0.679222E+00
   -0.650182E+00   -0.621141E+00   -0.592101E+00   -0.562712E+00
   -0.492975E+00   -0.470127E+00   -0.447280E+00   -0.424433E+00
   -0.398591E+00   -0.367217E+00   -0.335842E+00   -0.308939E+00
   -0.284664E+00   -0.262699E+00   -0.250749E+00   -0.236811E+00
   -0.222339E+00   -0.208909E+00   -0.196520E+00   -0.185627E+00
   -0.185627E+00   -0.185627E+00   -0.168563E+00   -0.168563E+00
   -0.936226E-01   -0.936226E-01   -0.837124E-01   -0.837124E-01
   -0.725783E-01   -0.623345E-01   -0.468924E-01   -0.352032E-01
   -0.220516E-01   -0.893624E-02    0.428507E-02    0.170378E-01
    0.299325E-01    0.427831E-01    0.548871E-01    0.666933E-01
    0.795364E-01    0.911706E-01    0.102834E+00    0.113176E+00
    0.113176E+00    0.141052E+00    0.151755E+00    0.161752E+00
    0.161752E+00    0.186555E+00    0.186555E+00    0.186555E+00
    0.186555E+00    0.204692E+00    0.204692E+00    0.223865E+00
    0.223865E+00    0.223865E+00    0.223865E+00    0.223865E+00
    0.223865E+00    0.269990E+00    0.269990E+00    0.269990E+00
    0.269990E+00    0.269990E+00    0.269990E+00    0.269990E+00
    0.269990E+00    0.269990E+00    0.269990E+00    0.269990E+00
    0.269990E+00    0.269990E+00    0.269990E+00    0.269990E+00
    0.269990E+00    0.269990E+00    0.269990E+00    0.269990E+00
    0.269990E+00    0.269990E+00    0.269990E+00    0.269990E+00
    0.269990E+00    0.372197E+00    0.372197E+00    0.372197E+00
    0.372197E+00    0.372197E+00    0.372197E+00    0.372197E+00
    0.372197E+00    0.372197E+00    0.372197E+00    0.372197E+00
    0.372197E+00    0.372197E+00   -0.134786E+01   -0.131850E+01
   -0.128913E+01   -0.125976E+01   -0.119169E+01   -0.113236E+01
   -0.110920E+01   -0.108604E+01   -0.106288E+01   -0.103972E+01
   -0.101656E+01   -0.993402E+00   -0.970242E+00   -0.940106E+00
   -0.909970E+00   -0.879833E+00   -0.849697E+00   -0.819560E+00
   -0.789194E+00   -0.758828E+00   -0.728461E+00   -0.698095E+00
   -0.667728E+00   -0.638689E+00   -0.609649E+00   -0.580185E+00
   -0.550443E+00   -0.481882E+00   -0.458515E+00   -0.435147E+00
   -0.411780E+00   -0.386747E+00   -0.356714E+00   -0.326682E+00
   -0.301279E+00   -0.279140E+00   -0.250749E+00   -0.242598E+00
   -0.233088E+00   -0.221342E+00   -0.209817E+00   -0.199014E+00
   -0.189048E+00   -0.189048E+00   -0.189048E+00   -0.189048E+00
   -0.189048E+00   -0.936226E-01   -0.837124E-01   -0.744387E-01
   -0.744387E-01   -0.744387E-01   -0.625691E-01   -0.487441E-01
   -0.360077E-01   -0.218700E-01   -0.768806E-02    0.635111E-02
    0.190219E-01    0.328655E-01    0.459896E-01    0.588922E-01
    0.715371E-01    0.841355E-01    0.969581E-01    0.108304E+00
    0.119582E+00    0.130611E+00    0.141052E+00    0.151755E+00
    0.161752E+00    0.161752E+00    0.186555E+00    0.186555E+00
    0.186555E+00    0.204692E+00    0.204692E+00    0.223865E+00
    0.223865E+00    0.223865E+00    0.223865E+00    0.223865E+00
    0.269990E+00    0.269990E+00    0.269990E+00    0.269990E+00
    0.269990E+00    0.269990E+00    0.269990E+00    0.269990E+00
    0.269990E+00    0.269990E+00    0.269990E+00    0.269990E+00
    0.269990E+00    0.269990E+00    0.269990E+00    0.269990E+00
    0.269990E+00    0.269990E+00    0.269990E+00    0.269990E+00
    0.269990E+00    0.269990E+00    0.269990E+00    0.269990E+00
    0.372197E+00    0.372197E+00    0.372197E+00    0.372197E+00
    0.372197E+00    0.372197E+00    0.372197E+00    0.372197E+00
    0.372197E+00    0.372197E+00    0.372197E+00    0.372197E+00
    0.372197E+00    0.372197E+00    0.372197E+00   -0.133764E+01
   -0.130827E+01   -0.127891E+01   -0.124954E+01   -0.118147E+01
   -0.112525E+01   -0.110160E+01   -0.107795E+01   -0.105431E+01
   -0.103066E+01   -0.100701E+01   -0.983360E+00   -0.959711E+00
   -0.929507E+00   -0.899303E+00   -0.869098E+00   -0.838893E+00
   -0.808688E+00   -0.778198E+00   -0.747707E+00   -0.717216E+00
   -0.686726E+00   -0.656235E+00   -0.627195E+00   -0.597656E+00
   -0.567915E+00   -0.538174E+00   -0.473559E+00   -0.449541E+00
   -0.425522E+00   -0.401503E+00   -0.376429E+00   -0.348187E+00
   -0.319944E+00   -0.297125E+00   -0.277106E+00   -0.255233E+00
   -0.247577E+00   -0.238015E+00   -0.227284E+00   -0.216352E+00
   -0.206597E+00   -0.189048E+00   -0.189048E+00   -0.189048E+00
   -0.189048E+00   -0.189048E+00   -0.744387E-01   -0.744387E-01
   -0.744387E-01   -0.744387E-01   -0.744387E-01   -0.657758E-01
   -0.516295E-01   -0.376760E-01   -0.232753E-01   -0.874776E-02
    0.585720E-02    0.214916E-01    0.345495E-01    0.484071E-01
    0.613250E-01    0.749918E-01    0.891215E-01    0.103009E+00
    0.114517E+00    0.125877E+00    0.137405E+00    0.148694E+00
    0.159901E+00    0.170381E+00    0.178167E+00    0.186555E+00
    0.186555E+00    0.204692E+00    0.204692E+00    0.223865E+00
    0.223865E+00    0.223865E+00    0.223865E+00    0.223865E+00
    0.269990E+00    0.269990E+00    0.269990E+00    0.269990E+00
    0.269990E+00    0.269990E+00    0.269990E+00    0.269990E+00
    0.269990E+00    0.269990E+00    0.269990E+00    0.269990E+00
    0.269990E+00    0.269990E+00    0.269990E+00    0.269990E+00
    0.269990E+00    0.269990E+00    0.269990E+00    0.269990E+00
    0.269990E+00    0.269990E+00    0.372197E+00    0.372197E+00
    0.372197E+00    0.372197E+00    0.372197E+00    0.372197E+00
    0.372197E+00    0.372197E+00    0.372197E+00    0.372197E+00
    0.372197E+00    0.372197E+00    0.372197E+00    0.372197E+00
    0.372197E+00    0.372197E+00    0.372197E+00    0.332198E+00
   -0.132742E+01   -0.129805E+01   -0.126869E+01   -0.123932E+01
   -0.117125E+01   -0.111814E+01   -0.109401E+01   -0.106987E+01
   -0.104573E+01   -0.102159E+01   -0.997456E+00   -0.973318E+00
   -0.949180E+00   -0.918908E+00   -0.888635E+00   -0.858362E+00
   -0.828089E+00   -0.797817E+00   -0.767202E+00   -0.736586E+00
   -0.705972E+00   -0.675356E+00   -0.644741E+00   -0.615127E+00
   -0.585386E+00   -0.555646E+00   -0.525905E+00   -0.461879E+00
   -0.441505E+00   -0.419505E+00   -0.395373E+00   -0.371021E+00
   -0.346010E+00   -0.320999E+00   -0.299732E+00   -0.281846E+00
   -0.265768E+00   -0.256479E+00   -0.246726E+00   -0.235329E+00
   -0.225363E+00   -0.215200E+00   -0.215200E+00   -0.215200E+00
   -0.189048E+00   -0.189048E+00   -0.189048E+00   -0.118977E+00
   -0.744387E-01   -0.744387E-01   -0.692060E-01   -0.692060E-01
   -0.692060E-01   -0.571292E-01   -0.397324E-01   -0.249205E-01
   -0.981598E-02    0.542358E-02    0.209485E-01    0.350281E-01
    0.503187E-01    0.651442E-01    0.788667E-01    0.936695E-01
    0.107725E+00    0.120517E+00    0.132709E+00    0.144432E+00
    0.156294E+00    0.168285E+00    0.178223E+00    0.186364E+00
    0.196437E+00    0.204692E+00    0.204692E+00    0.223865E+00
    0.223865E+00    0.223865E+00    0.223865E+00    0.251736E+00
    0.269990E+00    0.269990E+00    0.269990E+00    0.269990E+00
    0.269990E+00    0.269990E+00    0.269990E+00    0.269990E+00
    0.269990E+00    0.269990E+00    0.269990E+00    0.269990E+00
    0.269990E+00    0.269990E+00    0.269990E+00    0.269990E+00
    0.269990E+00    0.269990E+00    0.269990E+00    0.269990E+00
    0.269990E+00    0.372197E+00    0.372197E+00    0.372197E+00
    0.372197E+00    0.372197E+00    0.372197E+00    0.372197E+00
    0.372197E+00    0.372197E+00    0.372197E+00    0.372197E+00
    0.372197E+00    0.372197E+00    0.372197E+00    0.372197E+00
    0.372197E+00    0.372197E+00    0.332198E+00    0.332198E+00
    0.332198E+00   -0.131719E+01   -0.128783E+01   -0.125846E+01
   -0.122910E+01   -0.116109E+01   -0.111023E+01   -0.108736E+01
   -0.106327E+01   -0.103905E+01   -0.101483E+01   -0.990617E+00
   -0.966401E+00   -0.942184E+00   -0.911938E+00   -0.881692E+00
   -0.851446E+00   -0.821199E+00   -0.790953E+00   -0.760330E+00
   -0.729706E+00   -0.699082E+00   -0.668459E+00   -0.637835E+00
   -0.608095E+00   -0.578355E+00   -0.548615E+00   -0.518825E+00
   -0.449488E+00   -0.429110E+00   -0.408738E+00   -0.388366E+00
   -0.366654E+00   -0.345180E+00   -0.323706E+00   -0.305940E+00
   -0.290395E+00   -0.275864E+00   -0.265464E+00   -0.254180E+00
   -0.242658E+00   -0.234255E+00   -0.224587E+00   -0.224587E+00
   -0.224587E+00   -0.224587E+00   -0.224587E+00   -0.118977E+00
   -0.118977E+00   -0.118977E+00   -0.118977E+00   -0.939563E-01
   -0.739364E-01   -0.739364E-01   -0.584181E-01   -0.421674E-01
   -0.261137E-01   -0.107448E-01    0.526549E-02    0.209813E-01
    0.370763E-01    0.531618E-01    0.678534E-01    0.832947E-01
    0.982003E-01    0.112740E+00    0.126545E+00    0.139220E+00
    0.151582E+00    0.164145E+00    0.176867E+00    0.187463E+00
    0.197127E+00    0.205919E+00    0.214613E+00    0.223865E+00
    0.223865E+00    0.223865E+00    0.251736E+00    0.251736E+00
    0.269990E+00    0.269990E+00    0.269990E+00    0.269990E+00
    0.269990E+00    0.269990E+00    0.269990E+00    0.269990E+00
    0.269990E+00    0.269990E+00    0.269990E+00    0.269990E+00
    0.269990E+00    0.269990E+00    0.269990E+00    0.269990E+00
    0.269990E+00    0.269990E+00    0.269990E+00    0.372197E+00
    0.372197E+00    0.372197E+00    0.372197E+00    0.372197E+00
    0.372197E+00    0.372197E+00    0.372197E+00    0.372197E+00
    0.372197E+00    0.372197E+00    0.372197E+00    0.372197E+00
    0.372197E+00    0.372197E+00    0.372197E+00    0.372197E+00
    0.372197E+00    0.332198E+00    0.332198E+00    0.332198E+00
    0.332198E+00    0.332198E+00   -0.130697E+01   -0.127761E+01
   -0.124824E+01   -0.121888E+01   -0.115222E+01   -0.110135E+01
   -0.107848E+01   -0.105562E+01   -0.103274E+01   -0.100852E+01
   -0.984304E+00   -0.960087E+00   -0.935871E+00   -0.905670E+00
   -0.875468E+00   -0.845267E+00   -0.815066E+00   -0.784864E+00
   -0.754255E+00   -0.723645E+00   -0.693036E+00   -0.662426E+00
   -0.631816E+00   -0.602077E+00   -0.572337E+00   -0.542538E+00
   -0.512707E+00   -0.442767E+00   -0.422992E+00   -0.403224E+00
   -0.383456E+00   -0.364074E+00   -0.345851E+00   -0.327627E+00
   -0.312504E+00   -0.298415E+00   -0.285206E+00   -0.274846E+00
   -0.261298E+00   -0.252114E+00   -0.243506E+00   -0.233408E+00
   -0.233408E+00   -0.233408E+00   -0.233408E+00   -0.233408E+00
   -0.118977E+00   -0.118977E+00   -0.118977E+00   -0.118977E+00
   -0.939563E-01   -0.939563E-01   -0.764637E-01   -0.610117E-01
   -0.466871E-01   -0.281027E-01   -0.109567E-01    0.604864E-02
    0.210584E-01    0.378207E-01    0.544250E-01    0.714939E-01
    0.870989E-01    0.102114E+00    0.117991E+00    0.132589E+00
    0.145621E+00    0.158766E+00    0.172232E+00    0.185374E+00
    0.196090E+00    0.205681E+00    0.215358E+00    0.224907E+00
    0.234237E+00    0.234237E+00    0.251736E+00    0.251736E+00
    0.269990E+00    0.269990E+00    0.269990E+00    0.269990E+00
    0.269990E+00    0.269990E+00    0.269990E+00    0.269990E+00
    0.269990E+00    0.269990E+00    0.269990E+00    0.269990E+00
    0.269990E+00    0.269990E+00    0.269990E+00    0.269990E+00
    0.269990E+00    0.269990E+00    0.372197E+00    0.372197E+00
    0.372197E+00    0.372197E+00    0.372197E+00    0.372197E+00
    0.372197E+00    0.372197E+00    0.372197E+00    0.372197E+00
    0.372197E+00    0.372197E+00    0.372197E+00    0.372197E+00
    0.372197E+00    0.372197E+00    0.372197E+00    0.372197E+00
    0.332198E+00    0.332198E+00    0.332198E+00    0.332198E+00
    0.332198E+00    0.332198E+00    0.332198E+00   -0.130199E+01
   -0.127262E+01   -0.124326E+01   -0.121431E+01   -0.114334E+01
   -0.109247E+01   -0.106960E+01   -0.104674E+01   -0.102387E+01
   -0.100100E+01   -0.977990E+00   -0.953774E+00   -0.929558E+00
   -0.899401E+00   -0.869245E+00   -0.839089E+00   -0.808932E+00
   -0.778776E+00   -0.748180E+00   -0.717584E+00   -0.686989E+00
   -0.656393E+00   -0.625797E+00   -0.596058E+00   -0.566249E+00
   -0.536420E+00   -0.506590E+00   -0.437039E+00   -0.417973E+00
   -0.398915E+00   -0.379856E+00   -0.361807E+00   -0.346784E+00
   -0.331761E+00   -0.318721E+00   -0.306342E+00   -0.294565E+00
   -0.285119E+00   -0.274184E+00   -0.261081E+00   -0.253537E+00
   -0.243485E+00   -0.243485E+00   -0.243485E+00   -0.243485E+00
   -0.243485E+00   -0.118977E+00   -0.118977E+00   -0.118977E+00
   -0.118977E+00   -0.118977E+00   -0.947270E-01   -0.827091E-01
   -0.639081E-01   -0.471541E-01   -0.302183E-01   -0.132110E-01
    0.438019E-02    0.221808E-01    0.393761E-01    0.566315E-01
    0.740125E-01    0.905527E-01    0.106506E+00    0.122963E+00
    0.138233E+00    0.152154E+00    0.165874E+00    0.178039E+00
    0.192917E+00    0.205524E+00    0.215111E+00    0.224920E+00
    0.234824E+00    0.244298E+00    0.251736E+00    0.251736E+00
    0.269990E+00    0.269990E+00    0.269990E+00    0.269990E+00
    0.269990E+00    0.269990E+00    0.269990E+00    0.269990E+00
    0.269990E+00    0.269990E+00    0.269990E+00    0.269990E+00
    0.269990E+00    0.269990E+00    0.269990E+00    0.269990E+00
    0.372197E+00    0.372197E+00    0.372197E+00    0.372197E+00
    0.372197E+00    0.372197E+00    0.372197E+00    0.372197E+00
    0.372197E+00    0.372197E+00    0.372197E+00    0.372197E+00
    0.372197E+00    0.372197E+00    0.372197E+00    0.372197E+00
    0.372197E+00    0.372197E+00    0.372197E+00    0.332198E+00
    0.332198E+00    0.332198E+00    0.332198E+00    0.332198E+00
    0.332198E+00    0.332198E+00    0.332198E+00    0.332198E+00
   -0.129783E+01   -0.126847E+01   -0.123958E+01   -0.121081E+01
   -0.113898E+01   -0.108359E+01   -0.106073E+01   -0.103786E+01
   -0.101499E+01   -0.992127E+00   -0.969260E+00   -0.946393E+00
   -0.923244E+00   -0.893133E+00   -0.863022E+00   -0.832910E+00
   -0.802799E+00   -0.772687E+00   -0.742105E+00   -0.711524E+00
   -0.680942E+00   -0.650360E+00   -0.619778E+00   -0.589960E+00
   -0.560131E+00   -0.530302E+00   -0.500472E+00   -0.438502E+00
   -0.421419E+00   -0.403707E+00   -0.384736E+00   -0.367244E+00
   -0.354187E+00   -0.341130E+00   -0.329348E+00   -0.317992E+00
   -0.307190E+00   -0.297967E+00   -0.287037E+00   -0.274745E+00
   -0.266042E+00   -0.255724E+00   -0.255724E+00   -0.255724E+00
   -0.255724E+00   -0.255724E+00   -0.124094E+00   -0.124094E+00
   -0.124094E+00   -0.124094E+00   -0.124094E+00   -0.108270E+00
   -0.892293E-01   -0.721977E-01   -0.536800E-01   -0.351714E-01
   -0.170111E-01   -0.583605E-03    0.218260E-01    0.351502E-01
    0.589050E-01    0.720298E-01    0.915084E-01    0.108711E+00
    0.127156E+00    0.142587E+00    0.157835E+00    0.170921E+00
    0.186547E+00    0.200854E+00    0.213165E+00    0.222684E+00
    0.232526E+00    0.245419E+00    0.254588E+00    0.262039E+00
    0.269990E+00    0.269990E+00    0.269990E+00    0.269990E+00
    0.269990E+00    0.269990E+00    0.269990E+00    0.269990E+00
    0.269990E+00    0.269990E+00    0.269990E+00    0.269990E+00
    0.269990E+00    0.269990E+00    0.269990E+00    0.372197E+00
    0.372197E+00    0.372197E+00    0.372197E+00    0.372197E+00
    0.372197E+00    0.372197E+00    0.372197E+00    0.372197E+00
    0.372197E+00    0.372197E+00    0.372197E+00    0.372197E+00
    0.372197E+00    0.372197E+00    0.372197E+00    0.372197E+00
    0.372197E+00    0.372197E+00    0.332198E+00    0.332198E+00
    0.332198E+00    0.332198E+00    0.332198E+00    0.332198E+00
    0.332198E+00    0.332198E+00    0.332198E+00    0.332198E+00
    0.332198E+00   -0.129367E+01   -0.126486E+01   -0.123608E+01
   -0.120731E+01   -0.113675E+01   -0.108063E+01   -0.105775E+01
   -0.103488E+01   -0.101200E+01   -0.989128E+00   -0.966252E+00
   -0.943377E+00   -0.920501E+00   -0.890543E+00   -0.860585E+00
   -0.830627E+00   -0.800669E+00   -0.770710E+00   -0.740283E+00
   -0.709856E+00   -0.679429E+00   -0.649002E+00   -0.618575E+00
   -0.588746E+00   -0.558917E+00   -0.529089E+00   -0.500747E+00
   -0.440977E+00   -0.423896E+00   -0.406816E+00   -0.389737E+00
   -0.373762E+00   -0.362498E+00   -0.351234E+00   -0.340595E+00
   -0.330164E+00   -0.320056E+00   -0.310919E+00   -0.300253E+00
   -0.288399E+00   -0.279931E+00   -0.268394E+00   -0.268394E+00
   -0.268394E+00   -0.268394E+00   -0.268394E+00   -0.134474E+00
   -0.134474E+00   -0.134474E+00   -0.134474E+00   -0.134474E+00
   -0.115992E+00   -0.975535E-01   -0.806136E-01   -0.621222E-01
   -0.405814E-01   -0.230423E-01   -0.308693E-02    0.166527E-01
    0.364887E-01    0.549237E-01    0.737355E-01    0.943528E-01
    0.111211E+00    0.129999E+00    0.147000E+00    0.162498E+00
    0.177909E+00    0.193550E+00    0.208687E+00    0.221688E+00
    0.232748E+00    0.244113E+00    0.255666E+00    0.264591E+00
    0.271996E+00    0.269990E+00    0.269990E+00    0.269990E+00
    0.269990E+00    0.269990E+00    0.269990E+00    0.269990E+00
    0.269990E+00    0.269990E+00    0.269990E+00    0.269990E+00
    0.269990E+00    0.269990E+00    0.372197E+00    0.372197E+00
    0.372197E+00    0.372197E+00    0.372197E+00    0.372197E+00
    0.372197E+00    0.372197E+00    0.372197E+00    0.372197E+00
    0.372197E+00    0.372197E+00    0.372197E+00    0.372197E+00
    0.372197E+00    0.372197E+00    0.372197E+00    0.372197E+00
    0.372197E+00    0.332198E+00    0.332198E+00    0.332198E+00
    0.332198E+00    0.332198E+00    0.332198E+00    0.332198E+00
    0.332198E+00    0.332198E+00    0.332198E+00    0.332198E+00
    0.332198E+00    0.332198E+00   -0.129013E+01   -0.126135E+01
   -0.123258E+01   -0.120381E+01   -0.113412E+01   -0.107840E+01
   -0.105551E+01   -0.103263E+01   -0.100974E+01   -0.986856E+00
   -0.963971E+00   -0.941085E+00   -0.918200E+00   -0.888409E+00
   -0.858617E+00   -0.828826E+00   -0.799034E+00   -0.769242E+00
   -0.738988E+00   -0.708733E+00   -0.678478E+00   -0.648223E+00
   -0.617968E+00   -0.588139E+00   -0.558311E+00   -0.530233E+00
   -0.502839E+00   -0.443567E+00   -0.427671E+00   -0.411775E+00
   -0.395880E+00   -0.381540E+00   -0.371868E+00   -0.362196E+00
   -0.352565E+00   -0.342948E+00   -0.333451E+00   -0.324507E+00
   -0.315525E+00   -0.302340E+00   -0.294533E+00   -0.268394E+00
   -0.268394E+00   -0.268394E+00   -0.268394E+00   -0.268394E+00
   -0.145632E+00   -0.145632E+00   -0.145632E+00   -0.145632E+00
   -0.145632E+00   -0.122760E+00   -0.106557E+00   -0.888098E-01
   -0.667916E-01   -0.482304E-01   -0.275146E-01   -0.715734E-02
    0.132387E-01    0.358374E-01    0.543884E-01    0.732695E-01
    0.949841E-01    0.113574E+00    0.133425E+00    0.151388E+00
    0.167655E+00    0.183994E+00    0.200320E+00    0.216140E+00
    0.230133E+00    0.241344E+00    0.252568E+00    0.263658E+00
    0.275404E+00    0.271996E+00    0.271996E+00    0.269990E+00
    0.269990E+00    0.269990E+00    0.269990E+00    0.269990E+00
    0.269990E+00    0.269990E+00    0.269990E+00    0.269990E+00
    0.366774E+00    0.366774E+00    0.372197E+00    0.372197E+00
    0.372197E+00    0.372197E+00    0.372197E+00    0.372197E+00
    0.372197E+00    0.372197E+00    0.372197E+00    0.372197E+00
    0.372197E+00    0.372197E+00    0.372197E+00    0.372197E+00
    0.372197E+00    0.372197E+00    0.372197E+00    0.372197E+00
    0.332198E+00    0.332198E+00    0.332198E+00    0.332198E+00
    0.332198E+00    0.332198E+00    0.332198E+00    0.332198E+00
    0.332198E+00    0.332198E+00    0.332198E+00    0.332198E+00
    0.332198E+00    0.332198E+00    0.332198E+00   -0.128662E+01
   -0.125785E+01   -0.122908E+01   -0.120031E+01   -0.113062E+01
   -0.107616E+01   -0.105327E+01   -0.103037E+01   -0.100748E+01
   -0.984584E+00   -0.961689E+00   -0.938794E+00   -0.915899E+00
   -0.886274E+00   -0.856649E+00   -0.827024E+00   -0.797399E+00
   -0.767774E+00   -0.737692E+00   -0.707609E+00   -0.677526E+00
   -0.647443E+00   -0.617361E+00   -0.587533E+00   -0.559719E+00
   -0.532325E+00   -0.504931E+00   -0.446170E+00   -0.431586E+00
   -0.417002E+00   -0.402418E+00   -0.389454E+00   -0.381352E+00
   -0.373249E+00   -0.364613E+00   -0.355799E+00   -0.347426E+00
   -0.341338E+00   -0.329542E+00   -0.316608E+00   -0.294533E+00
   -0.294533E+00   -0.268394E+00   -0.268394E+00   -0.268394E+00
   -0.268394E+00   -0.199471E+00   -0.199471E+00   -0.153937E+00
   -0.153937E+00   -0.153937E+00   -0.135276E+00   -0.114803E+00
   -0.949014E-01   -0.749448E-01   -0.547700E-01   -0.325861E-01
   -0.104404E-01    0.101590E-01    0.328876E-01    0.525790E-01
    0.767138E-01    0.969581E-01    0.115450E+00    0.136314E+00
    0.155683E+00    0.172908E+00    0.190152E+00    0.206691E+00
    0.223920E+00    0.238239E+00    0.250236E+00    0.261545E+00
    0.273321E+00    0.284612E+00    0.284612E+00    0.303840E+00
    0.303840E+00    0.317528E+00    0.317528E+00    0.317528E+00
    0.317528E+00    0.317528E+00    0.353901E+00    0.353901E+00
    0.366774E+00    0.366774E+00    0.372197E+00    0.372197E+00
    0.372197E+00    0.372197E+00    0.372197E+00    0.372197E+00
    0.372197E+00    0.372197E+00    0.372197E+00    0.372197E+00
    0.372197E+00    0.372197E+00    0.372197E+00    0.372197E+00
    0.372197E+00    0.372197E+00    0.372197E+00    0.332198E+00
    0.332198E+00    0.332198E+00    0.332198E+00    0.332198E+00
    0.332198E+00    0.332198E+00    0.332198E+00    0.332198E+00
    0.332198E+00    0.332198E+00    0.332198E+00    0.332198E+00
    0.332198E+00    0.332198E+00    0.332198E+00    0.332198E+00
   -0.128312E+01   -0.125435E+01   -0.122558E+01   -0.119681E+01
   -0.112713E+01   -0.107393E+01   -0.105103E+01   -0.102812E+01
   -0.100522E+01   -0.982312E+00   -0.959407E+00   -0.936502E+00
   -0.913597E+00   -0.884139E+00   -0.854681E+00   -0.825223E+00
   -0.795765E+00   -0.766306E+00   -0.736396E+00   -0.706485E+00
   -0.676575E+00   -0.646664E+00   -0.616753E+00   -0.589203E+00
   -0.561810E+00   -0.534416E+00   -0.507023E+00   -0.456089E+00
   -0.442271E+00   -0.428296E+00   -0.413805E+00   -0.401160E+00
   -0.394051E+00   -0.386943E+00   -0.378598E+00   -0.370592E+00
   -0.358267E+00   -0.352406E+00   -0.343726E+00   -0.333117E+00
   -0.333117E+00   -0.333117E+00   -0.294533E+00   -0.268394E+00
   -0.268394E+00   -0.199471E+00   -0.199471E+00   -0.199471E+00
   -0.199471E+00   -0.166462E+00   -0.166462E+00   -0.146277E+00
   -0.124279E+00   -0.103779E+00   -0.835502E-01   -0.607908E-01
   -0.379571E-01   -0.157113E-01    0.706945E-02    0.301098E-01
    0.522276E-01    0.762238E-01    0.949151E-01    0.116321E+00
    0.139325E+00    0.159217E+00    0.177276E+00    0.195120E+00
    0.212833E+00    0.231839E+00    0.245204E+00    0.257756E+00
    0.270291E+00    0.282458E+00    0.294768E+00    0.303840E+00
    0.303840E+00    0.317528E+00    0.317528E+00    0.317528E+00
    0.317528E+00    0.339372E+00    0.353901E+00    0.353901E+00
    0.366774E+00    0.366774E+00    0.372197E+00    0.372197E+00
    0.372197E+00    0.372197E+00    0.372197E+00    0.372197E+00
    0.372197E+00    0.372197E+00    0.372197E+00    0.372197E+00
    0.372197E+00    0.372197E+00    0.372197E+00    0.372197E+00
    0.372197E+00    0.372197E+00    0.332198E+00    0.332198E+00
    0.332198E+00    0.332198E+00    0.332198E+00    0.332198E+00
    0.332198E+00    0.332198E+00    0.332198E+00    0.332198E+00
    0.332198E+00    0.332198E+00    0.332198E+00    0.332198E+00
    0.332198E+00    0.332198E+00    0.332198E+00    0.332198E+00
    0.332198E+00   -0.127962E+01   -0.125085E+01   -0.122208E+01
   -0.119331E+01   -0.112429E+01   -0.107498E+01   -0.105276E+01
   -0.103006E+01   -0.100715E+01   -0.984249E+00   -0.961344E+00
   -0.938438E+00   -0.915533E+00   -0.886377E+00   -0.857221E+00
   -0.828065E+00   -0.798909E+00   -0.769753E+00   -0.740202E+00
   -0.710651E+00   -0.681100E+00   -0.651550E+00   -0.621999E+00
   -0.594605E+00   -0.567212E+00   -0.539819E+00   -0.516168E+00
   -0.466569E+00   -0.452747E+00   -0.438931E+00   -0.425116E+00
   -0.413157E+00   -0.406997E+00   -0.400838E+00   -0.393952E+00
   -0.386958E+00   -0.374495E+00   -0.368124E+00   -0.359322E+00
   -0.349961E+00   -0.349961E+00   -0.349961E+00   -0.349961E+00
   -0.349961E+00   -0.268394E+00   -0.199471E+00   -0.199471E+00
   -0.199471E+00   -0.199471E+00   -0.199471E+00   -0.181965E+00
   -0.161167E+00   -0.139092E+00   -0.118037E+00   -0.963000E-01
   -0.726768E-01   -0.495718E-01   -0.266594E-01   -0.179057E-02
    0.218169E-01    0.467858E-01    0.671240E-01    0.920561E-01
    0.114862E+00    0.137882E+00    0.159111E+00    0.177851E+00
    0.196746E+00    0.216129E+00    0.236529E+00    0.251745E+00
    0.264533E+00    0.276914E+00    0.289972E+00    0.302268E+00
    0.311807E+00    0.317528E+00    0.317528E+00    0.317528E+00
    0.339372E+00    0.339372E+00    0.353901E+00    0.353901E+00
    0.366774E+00    0.366774E+00    0.372197E+00    0.372197E+00
    0.372197E+00    0.372197E+00    0.372197E+00    0.372197E+00
    0.372197E+00    0.372197E+00    0.372197E+00    0.372197E+00
    0.372197E+00    0.372197E+00    0.372197E+00    0.372197E+00
    0.372197E+00    0.332198E+00    0.332198E+00    0.332198E+00
    0.332198E+00    0.332198E+00    0.332198E+00    0.332198E+00
    0.332198E+00    0.332198E+00    0.332198E+00    0.332198E+00
    0.332198E+00    0.332198E+00    0.332198E+00    0.332198E+00
    0.332198E+00    0.332198E+00    0.332198E+00    0.332198E+00
    0.332198E+00    0.332198E+00   -0.127612E+01   -0.124735E+01
   -0.121858E+01   -0.118981E+01   -0.112517E+01   -0.107585E+01
   -0.105364E+01   -0.103143E+01   -0.100922E+01   -0.986445E+00
   -0.963540E+00   -0.940635E+00   -0.917730E+00   -0.888884E+00
   -0.860039E+00   -0.831194E+00   -0.802348E+00   -0.773503E+00
   -0.744323E+00   -0.715143E+00   -0.685964E+00   -0.656784E+00
   -0.627604E+00   -0.600212E+00   -0.572819E+00   -0.549773E+00
   -0.527973E+00   -0.475446E+00   -0.463381E+00   -0.451320E+00
   -0.439259E+00   -0.428773E+00   -0.423014E+00   -0.417255E+00
   -0.410569E+00   -0.403975E+00   -0.392207E+00   -0.385185E+00
   -0.377204E+00   -0.367289E+00   -0.367289E+00   -0.367289E+00
   -0.367289E+00   -0.367289E+00   -0.367289E+00   -0.217616E+00
   -0.217616E+00   -0.217616E+00   -0.217616E+00   -0.217616E+00
   -0.199272E+00   -0.176817E+00   -0.155470E+00   -0.132536E+00
   -0.111176E+00   -0.868765E-01   -0.602733E-01   -0.383883E-01
   -0.117612E-01    0.116719E-01    0.386246E-01    0.621818E-01
    0.866051E-01    0.113204E+00    0.135716E+00    0.158991E+00
    0.177309E+00    0.199492E+00    0.217251E+00    0.238440E+00
    0.255502E+00    0.269975E+00    0.283026E+00    0.296206E+00
    0.309359E+00    0.318835E+00    0.325589E+00    0.325589E+00
    0.339372E+00    0.339372E+00    0.353901E+00    0.353901E+00
    0.366774E+00    0.366774E+00    0.372197E+00    0.372197E+00
    0.372197E+00    0.372197E+00    0.372197E+00    0.372197E+00
    0.372197E+00    0.372197E+00    0.372197E+00    0.372197E+00
    0.372197E+00    0.372197E+00    0.372197E+00    0.372197E+00
    0.362740E+00    0.332198E+00    0.332198E+00    0.332198E+00
    0.332198E+00    0.332198E+00    0.332198E+00    0.332198E+00
    0.332198E+00    0.332198E+00    0.332198E+00    0.332198E+00
    0.332198E+00    0.332198E+00    0.332198E+00    0.332198E+00
    0.332198E+00    0.332198E+00    0.332198E+00    0.332198E+00
    0.332198E+00    0.332198E+00    0.332198E+00   -0.127720E+01
   -0.124843E+01   -0.121966E+01   -0.119223E+01   -0.112605E+01
   -0.107673E+01   -0.105452E+01   -0.103231E+01   -0.101010E+01
   -0.987886E+00   -0.965674E+00   -0.942831E+00   -0.919926E+00
   -0.891392E+00   -0.862857E+00   -0.834322E+00   -0.805787E+00
   -0.777252E+00   -0.748444E+00   -0.719635E+00   -0.690827E+00
   -0.662018E+00   -0.633210E+00   -0.605818E+00   -0.583377E+00
   -0.561578E+00   -0.536541E+00   -0.484249E+00   -0.474022E+00
   -0.463798E+00   -0.453575E+00   -0.444561E+00   -0.439175E+00
   -0.433790E+00   -0.427667E+00   -0.421317E+00   -0.409467E+00
   -0.402960E+00   -0.395844E+00   -0.367289E+00   -0.367289E+00
   -0.367289E+00   -0.367289E+00   -0.367289E+00   -0.234880E+00
   -0.234880E+00   -0.234880E+00   -0.234880E+00   -0.234880E+00
   -0.234880E+00   -0.216307E+00   -0.194439E+00   -0.170893E+00
   -0.147086E+00   -0.126270E+00   -0.100608E+00   -0.602733E-01
   -0.383883E-01   -0.214436E-01    0.425020E-02    0.295609E-01
    0.563822E-01    0.824877E-01    0.108730E+00    0.133594E+00
    0.157368E+00    0.179138E+00    0.199755E+00    0.222086E+00
    0.243182E+00    0.261083E+00    0.274776E+00    0.288821E+00
    0.302801E+00    0.316181E+00    0.326970E+00    0.333288E+00
    0.339372E+00    0.339372E+00    0.353901E+00    0.353901E+00
    0.366774E+00    0.366774E+00    0.372197E+00    0.372197E+00
    0.372197E+00    0.372197E+00    0.372197E+00    0.372197E+00
    0.372197E+00    0.372197E+00    0.372197E+00    0.372197E+00
    0.372197E+00    0.373946E+00    0.373946E+00    0.362740E+00
    0.362740E+00    0.332198E+00    0.332198E+00    0.332198E+00
    0.332198E+00    0.332198E+00    0.332198E+00    0.332198E+00
    0.332198E+00    0.332198E+00    0.332198E+00    0.332198E+00
    0.332198E+00    0.332198E+00    0.332198E+00    0.332198E+00
    0.332198E+00    0.332198E+00    0.332198E+00    0.332198E+00
    0.332198E+00    0.332198E+00    0.332198E+00    0.332198E+00
   -0.127842E+01   -0.124966E+01   -0.122241E+01   -0.119527E+01
   -0.112853E+01   -0.107761E+01   -0.105540E+01   -0.103319E+01
   -0.101098E+01   -0.988765E+00   -0.966553E+00   -0.944342E+00
   -0.922123E+00   -0.893899E+00   -0.865675E+00   -0.837450E+00
   -0.809226E+00   -0.781002E+00   -0.752565E+00   -0.724127E+00
   -0.695690E+00   -0.667253E+00   -0.638816E+00   -0.616981E+00
   -0.595182E+00   -0.573383E+00   -0.548260E+00   -0.513671E+00
   -0.489903E+00   -0.479682E+00   -0.469493E+00   -0.460605E+00
   -0.455622E+00   -0.450639E+00   -0.448163E+00   -0.442672E+00
   -0.427603E+00   -0.422046E+00   -0.395844E+00   -0.395844E+00
   -0.367289E+00   -0.367289E+00   -0.367289E+00   -0.367289E+00
   -0.254491E+00   -0.254491E+00   -0.254491E+00   -0.254491E+00
   -0.254491E+00   -0.254491E+00   -0.235215E+00   -0.209933E+00
   -0.187484E+00   -0.163229E+00   -0.138706E+00   -0.111763E+00
   -0.842199E-01   -0.580042E-01   -0.361773E-01   -0.304447E-02
    0.225263E-01    0.498706E-01    0.810992E-01    0.102966E+00
    0.129523E+00    0.158575E+00    0.179138E+00    0.199755E+00
    0.223629E+00    0.248336E+00    0.265171E+00    0.280134E+00
    0.294721E+00    0.309440E+00    0.323531E+00    0.334089E+00
    0.340902E+00    0.347432E+00    0.353901E+00    0.353901E+00
    0.366774E+00    0.366774E+00    0.372197E+00    0.372197E+00
    0.372197E+00    0.372197E+00    0.372197E+00    0.372197E+00
    0.372197E+00    0.372197E+00    0.372197E+00    0.373946E+00
    0.373946E+00    0.373946E+00    0.362740E+00    0.362740E+00
    0.332198E+00    0.332198E+00    0.332198E+00    0.332198E+00
    0.332198E+00    0.332198E+00    0.332198E+00    0.332198E+00
    0.332198E+00    0.332198E+00    0.332198E+00    0.332198E+00
    0.332198E+00    0.332198E+00    0.332198E+00    0.332198E+00
    0.332198E+00    0.332198E+00    0.332198E+00    0.332198E+00
    0.332198E+00    0.332198E+00    0.332198E+00    0.332198E+00
    0.332198E+00   -0.127972E+01   -0.125258E+01   -0.122545E+01
   -0.119831E+01   -0.113144E+01   -0.108070E+01   -0.105887E+01
   -0.103703E+01   -0.101520E+01   -0.993365E+00   -0.971531E+00
   -0.949696E+00   -0.927862E+00   -0.900054E+00   -0.872247E+00
   -0.844439E+00   -0.816631E+00   -0.788824E+00   -0.756225E+00
   -0.724962E+00   -0.696527E+00   -0.668093E+00   -0.639658E+00
   -0.619638E+00   -0.599618E+00   -0.579598E+00   -0.558456E+00
   -0.533944E+00   -0.509432E+00   -0.495707E+00   -0.485481E+00
   -0.476676E+00   -0.472093E+00   -0.467510E+00   -0.465107E+00
   -0.463465E+00   -0.447450E+00   -0.439953E+00   -0.439953E+00
   -0.439953E+00   -0.395844E+00   -0.367289E+00   -0.367289E+00
   -0.367289E+00   -0.272807E+00   -0.272807E+00   -0.272807E+00
   -0.272807E+00   -0.272807E+00   -0.272807E+00   -0.253829E+00
   -0.230707E+00   -0.205698E+00   -0.181746E+00   -0.157389E+00
   -0.130875E+00   -0.101462E+00   -0.738174E-01   -0.436611E-01
   -0.145597E-01    0.155029E-01    0.424356E-01    0.716829E-01
    0.992386E-01    0.129523E+00    0.158575E+00    0.158575E+00
    0.223629E+00    0.223629E+00    0.248336E+00    0.270154E+00
    0.285841E+00    0.298794E+00    0.314995E+00    0.330816E+00
    0.341816E+00    0.347145E+00    0.354202E+00    0.361201E+00
    0.366774E+00    0.366774E+00    0.372197E+00    0.372197E+00
    0.372197E+00    0.372197E+00    0.372197E+00    0.372197E+00
    0.372197E+00    0.373946E+00    0.373946E+00    0.373946E+00
    0.373946E+00    0.362740E+00    0.362740E+00    0.362740E+00
    0.332198E+00    0.332198E+00    0.332198E+00    0.332198E+00
    0.332198E+00    0.332198E+00    0.332198E+00    0.332198E+00
    0.332198E+00    0.332198E+00    0.332198E+00    0.332198E+00
    0.332198E+00    0.332198E+00    0.332198E+00    0.332198E+00
    0.332198E+00    0.332198E+00    0.332198E+00    0.332198E+00
    0.332198E+00    0.332198E+00    0.332198E+00    0.332198E+00
    0.332198E+00    0.332198E+00   -0.128276E+01   -0.125562E+01
   -0.122849E+01   -0.120135E+01   -0.113440E+01   -0.108381E+01
   -0.106235E+01   -0.104090E+01   -0.101944E+01   -0.997986E+00
   -0.976531E+00   -0.955076E+00   -0.933621E+00   -0.906231E+00
   -0.878840E+00   -0.851449E+00   -0.824059E+00   -0.796669E+00
   -0.764071E+00   -0.731472E+00   -0.698874E+00   -0.668907E+00
   -0.640473E+00   -0.622242E+00   -0.604012E+00   -0.585782E+00
   -0.565982E+00   -0.541671E+00   -0.524900E+00   -0.513083E+00
   -0.502919E+00   -0.494476E+00   -0.491027E+00   -0.486444E+00
   -0.480386E+00   -0.478278E+00   -0.469669E+00   -0.462727E+00
   -0.462727E+00   -0.462727E+00   -0.462727E+00   -0.462727E+00
   -0.367289E+00   -0.367289E+00   -0.298149E+00   -0.298149E+00
   -0.298149E+00   -0.298149E+00   -0.298149E+00   -0.298149E+00
   -0.278825E+00   -0.254781E+00   -0.229687E+00   -0.205407E+00
   -0.180742E+00   -0.153843E+00   -0.123460E+00   -0.933535E-01
   -0.629992E-01   -0.321822E-01   -0.266529E-02    0.266993E-01
    0.544170E-01    0.899641E-01    0.112319E+00    0.112319E+00
    0.112319E+00    0.223629E+00    0.223629E+00    0.270154E+00
    0.270154E+00    0.285841E+00    0.296616E+00    0.313360E+00
    0.329836E+00    0.340434E+00    0.349315E+00    0.355562E+00
    0.362229E+00    0.367840E+00    0.372197E+00    0.372197E+00
    0.372197E+00    0.372197E+00    0.372197E+00    0.372197E+00
    0.373946E+00    0.373946E+00    0.373946E+00    0.373946E+00
    0.362740E+00    0.362740E+00    0.362740E+00    0.332198E+00
    0.332198E+00    0.332198E+00    0.332198E+00    0.332198E+00
    0.332198E+00    0.332198E+00    0.332198E+00    0.332198E+00
    0.332198E+00    0.332198E+00    0.332198E+00    0.332198E+00
    0.332198E+00    0.332198E+00    0.332198E+00    0.332198E+00
    0.332198E+00    0.332198E+00    0.332198E+00    0.332198E+00
    0.332198E+00    0.332198E+00    0.332198E+00    0.332198E+00
    0.332198E+00    0.332198E+00    0.332198E+00   -0.128580E+01
   -0.125866E+01   -0.123153E+01   -0.120439E+01   -0.113744E+01
   -0.108691E+01   -0.106584E+01   -0.104476E+01   -0.102368E+01
   -0.100261E+01   -0.981532E+00   -0.960456E+00   -0.939380E+00
   -0.912407E+00   -0.885433E+00   -0.858460E+00   -0.831487E+00
   -0.804514E+00   -0.771916E+00   -0.739318E+00   -0.706721E+00
   -0.674123E+00   -0.641841E+00   -0.625338E+00   -0.608837E+00
   -0.592336E+00   -0.575693E+00   -0.558941E+00   -0.542189E+00
   -0.530437E+00   -0.520352E+00   -0.511970E+00   -0.508695E+00
   -0.505329E+00   -0.501289E+00   -0.496417E+00   -0.489870E+00
   -0.483838E+00   -0.483838E+00   -0.483838E+00   -0.483838E+00
   -0.483838E+00   -0.483838E+00   -0.483838E+00   -0.325738E+00
   -0.325738E+00   -0.325738E+00   -0.325738E+00   -0.325738E+00
   -0.325738E+00   -0.305630E+00   -0.280676E+00   -0.256833E+00
   -0.229686E+00   -0.203657E+00   -0.173885E+00   -0.146368E+00
   -0.116181E+00   -0.860788E-01   -0.533880E-01   -0.191796E-01
    0.891203E-02    0.409468E-01    0.671657E-01    0.920529E-01
    0.920529E-01    0.920529E-01    0.920529E-01    0.270154E+00
    0.270154E+00    0.270154E+00    0.297497E+00    0.297497E+00
    0.312313E+00    0.328373E+00    0.340546E+00    0.347590E+00
    0.355508E+00    0.361919E+00    0.369280E+00    0.372491E+00
    0.372491E+00    0.372491E+00    0.373946E+00    0.373946E+00
    0.373946E+00    0.373946E+00    0.373946E+00    0.362740E+00
    0.362740E+00    0.362740E+00    0.362740E+00    0.332198E+00
    0.332198E+00    0.332198E+00    0.332198E+00    0.332198E+00
    0.332198E+00    0.332198E+00    0.332198E+00    0.332198E+00
    0.332198E+00    0.332198E+00    0.332198E+00    0.332198E+00
    0.332198E+00    0.332198E+00    0.332198E+00    0.332198E+00
    0.332198E+00    0.332198E+00    0.332198E+00    0.332198E+00
    0.332198E+00    0.332198E+00    0.332198E+00    0.332198E+00
    0.332198E+00    0.332198E+00    0.332198E+00    0.332198E+00
   -0.128883E+01   -0.126170E+01   -0.123456E+01   -0.120743E+01
   -0.114048E+01   -0.109030E+01   -0.106958E+01   -0.104887E+01
   -0.102815E+01   -0.100744E+01   -0.986722E+00   -0.966007E+00
   -0.945293E+00   -0.918740E+00   -0.892188E+00   -0.865635E+00
   -0.839083E+00   -0.812530E+00   -0.787423E+00   -0.762315E+00
   -0.737208E+00   -0.712101E+00   -0.659022E+00   -0.642518E+00
   -0.625753E+00   -0.608020E+00   -0.590674E+00   -0.574494E+00
   -0.558315E+00   -0.547149E+00   -0.537655E+00   -0.529716E+00
   -0.526681E+00   -0.524797E+00   -0.519705E+00   -0.516586E+00
   -0.510863E+00   -0.504081E+00   -0.504081E+00   -0.504081E+00
   -0.504081E+00   -0.504081E+00   -0.504081E+00   -0.504081E+00
   -0.352678E+00   -0.352678E+00   -0.352678E+00   -0.352678E+00
   -0.352678E+00   -0.352678E+00   -0.331963E+00   -0.307136E+00
   -0.287472E+00   -0.254360E+00   -0.232797E+00   -0.201317E+00
   -0.170372E+00   -0.139021E+00   -0.107037E+00   -0.726787E-01
   -0.399511E-01   -0.751536E-02    0.244138E-01    0.514236E-01
    0.920529E-01    0.920529E-01    0.920529E-01    0.865801E-01
    0.163150E+00    0.266833E+00    0.293837E+00    0.293837E+00
    0.293837E+00    0.310829E+00    0.328383E+00    0.340048E+00
    0.347598E+00    0.355103E+00    0.362590E+00    0.369730E+00
    0.373504E+00    0.373504E+00    0.373946E+00    0.373946E+00
    0.373946E+00    0.373946E+00    0.362740E+00    0.362740E+00
    0.362740E+00    0.362740E+00    0.332198E+00    0.332198E+00
    0.332198E+00    0.332198E+00    0.332198E+00    0.332198E+00
    0.332198E+00    0.332198E+00    0.332198E+00    0.332198E+00
    0.332198E+00    0.332198E+00    0.332198E+00    0.332198E+00
    0.332198E+00    0.332198E+00    0.332198E+00    0.332198E+00
    0.332198E+00    0.332198E+00    0.332198E+00    0.332198E+00
    0.332198E+00    0.332198E+00    0.332198E+00    0.332198E+00
    0.332198E+00    0.332198E+00    0.332198E+00    0.332198E+00
    0.332198E+00   -0.129187E+01   -0.126474E+01   -0.123760E+01
   -0.121047E+01   -0.114505E+01   -0.109928E+01   -0.107861E+01
   -0.105791E+01   -0.103720E+01   -0.101648E+01   -0.995769E+00
   -0.975055E+00   -0.954341E+00   -0.928279E+00   -0.902216E+00
   -0.876154E+00   -0.850092E+00   -0.824030E+00   -0.798922E+00
   -0.773815E+00   -0.748708E+00   -0.725408E+00   -0.675789E+00
   -0.658152E+00   -0.640518E+00   -0.622884E+00   -0.605750E+00
   -0.590115E+00   -0.574480E+00   -0.563885E+00   -0.554971E+00
   -0.547753E+00   -0.545626E+00   -0.543748E+00   -0.539051E+00
   -0.536802E+00   -0.532280E+00   -0.504081E+00   -0.504081E+00
   -0.504081E+00   -0.504081E+00   -0.504081E+00   -0.504081E+00
   -0.379756E+00   -0.379756E+00   -0.379756E+00   -0.379756E+00
   -0.379756E+00   -0.379756E+00   -0.379756E+00   -0.357545E+00
   -0.335548E+00   -0.308780E+00   -0.284660E+00   -0.254477E+00
   -0.224136E+00   -0.193493E+00   -0.161757E+00   -0.128028E+00
   -0.937386E-01   -0.605743E-01   -0.251875E-01    0.933943E-02
    0.408816E-01    0.408816E-01    0.865801E-01    0.865801E-01
    0.140387E+00    0.163150E+00    0.198500E+00    0.266833E+00
    0.288800E+00    0.288800E+00    0.307746E+00    0.326467E+00
    0.339603E+00    0.347359E+00    0.355041E+00    0.362714E+00
    0.370489E+00    0.373384E+00    0.373946E+00    0.373946E+00
    0.373946E+00    0.362740E+00    0.362740E+00    0.362740E+00
    0.362740E+00    0.362740E+00    0.332198E+00    0.332198E+00
    0.332198E+00    0.332198E+00    0.332198E+00    0.332198E+00
    0.332198E+00    0.332198E+00    0.332198E+00    0.332198E+00
    0.332198E+00    0.332198E+00    0.332198E+00    0.332198E+00
    0.332198E+00    0.332198E+00    0.332198E+00    0.332198E+00
    0.332198E+00    0.332198E+00    0.332198E+00    0.332198E+00
    0.332198E+00    0.332198E+00    0.332198E+00    0.332198E+00
    0.332198E+00    0.332198E+00    0.332198E+00    0.332198E+00
    0.332198E+00    0.332198E+00   -0.129516E+01   -0.126802E+01
   -0.124089E+01   -0.121376E+01   -0.115402E+01   -0.110824E+01
   -0.108757E+01   -0.106690E+01   -0.104623E+01   -0.102553E+01
   -0.100482E+01   -0.984103E+00   -0.963389E+00   -0.937817E+00
   -0.912245E+00   -0.886673E+00   -0.861101E+00   -0.835529E+00
   -0.810422E+00   -0.785315E+00   -0.762264E+00   -0.739459E+00
   -0.686094E+00   -0.670116E+00   -0.654143E+00   -0.638169E+00
   -0.622309E+00   -0.606788E+00   -0.591266E+00   -0.580997E+00
   -0.572478E+00   -0.565557E+00   -0.564547E+00   -0.566406E+00
   -0.559520E+00   -0.557521E+00   -0.553809E+00   -0.553809E+00
   -0.553809E+00   -0.504081E+00   -0.504081E+00   -0.504081E+00
   -0.504081E+00   -0.379756E+00   -0.379756E+00   -0.379756E+00
   -0.379756E+00   -0.379756E+00   -0.379756E+00   -0.379756E+00
   -0.383109E+00   -0.359594E+00   -0.335640E+00   -0.308275E+00
   -0.281373E+00   -0.251241E+00   -0.221914E+00   -0.189528E+00
   -0.153200E+00   -0.115335E+00   -0.802972E-01   -0.448285E-01
   -0.992964E-02    0.247835E-01    0.615005E-01    0.865801E-01
    0.865801E-01    0.140387E+00    0.163150E+00    0.198500E+00
    0.266833E+00    0.266833E+00    0.282933E+00    0.303549E+00
    0.323488E+00    0.336271E+00    0.345204E+00    0.352991E+00
    0.361699E+00    0.369552E+00    0.372159E+00    0.372597E+00
    0.372597E+00    0.362740E+00    0.362740E+00    0.362740E+00
    0.362740E+00    0.332198E+00    0.332198E+00    0.332198E+00
    0.332198E+00    0.332198E+00    0.332198E+00    0.332198E+00
    0.332198E+00    0.332198E+00    0.332198E+00    0.332198E+00
    0.332198E+00    0.332198E+00    0.332198E+00    0.332198E+00
    0.332198E+00    0.332198E+00    0.332198E+00    0.332198E+00
    0.332198E+00    0.332198E+00    0.332198E+00    0.332198E+00
    0.332198E+00    0.332198E+00    0.332198E+00    0.332198E+00
    0.332198E+00    0.332198E+00    0.332198E+00    0.332198E+00
    0.332198E+00    0.332198E+00    0.332198E+00   -0.130158E+01
   -0.127444E+01   -0.124731E+01   -0.122494E+01   -0.116298E+01
   -0.111721E+01   -0.109653E+01   -0.107586E+01   -0.105519E+01
   -0.103452E+01   -0.101385E+01   -0.993150E+00   -0.972437E+00
   -0.947355E+00   -0.922273E+00   -0.897191E+00   -0.872109E+00
   -0.847028E+00   -0.821926E+00   -0.799120E+00   -0.776315E+00
   -0.753510E+00   -0.697519E+00   -0.682636E+00   -0.668180E+00
   -0.653723E+00   -0.639018E+00   -0.623567E+00   -0.608116E+00
   -0.598008E+00   -0.589850E+00   -0.584365E+00   -0.586895E+00
   -0.587195E+00   -0.580186E+00   -0.578361E+00   -0.575471E+00
   -0.575471E+00   -0.575471E+00   -0.575471E+00   -0.575471E+00
   -0.504081E+00   -0.504081E+00   -0.379756E+00   -0.379756E+00
   -0.379756E+00   -0.379756E+00   -0.379756E+00   -0.379756E+00
   -0.383109E+00   -0.383109E+00   -0.395925E+00   -0.373216E+00
   -0.343385E+00   -0.318932E+00   -0.287686E+00   -0.253337E+00
   -0.219366E+00   -0.185761E+00   -0.151303E+00   -0.115472E+00
   -0.772518E-01   -0.398105E-01   -0.264858E-02    0.350798E-01
    0.688007E-01    0.102304E+00    0.140387E+00    0.163150E+00
    0.198500E+00    0.223963E+00    0.245396E+00    0.266794E+00
    0.288154E+00    0.307796E+00    0.322604E+00    0.331973E+00
    0.340786E+00    0.349586E+00    0.358053E+00    0.362657E+00
    0.362961E+00    0.362740E+00    0.362740E+00    0.362740E+00
    0.362740E+00    0.332198E+00    0.332198E+00    0.332198E+00
    0.332198E+00    0.332198E+00    0.332198E+00    0.332198E+00
    0.332198E+00    0.332198E+00    0.332198E+00    0.332198E+00
    0.332198E+00    0.332198E+00    0.332198E+00    0.332198E+00
    0.332198E+00    0.332198E+00    0.332198E+00    0.332198E+00
    0.332198E+00    0.332198E+00    0.332198E+00    0.332198E+00
    0.332198E+00    0.332198E+00    0.332198E+00    0.332198E+00
    0.332198E+00    0.332198E+00    0.332198E+00    0.332198E+00
    0.332198E+00    0.332198E+00    0.332198E+00    0.332198E+00
   -0.130800E+01   -0.128110E+01   -0.125904E+01   -0.123361E+01
   -0.116864E+01   -0.112595E+01   -0.110535E+01   -0.108475E+01
   -0.106415E+01   -0.104355E+01   -0.102295E+01   -0.100235E+01
   -0.981750E+00   -0.957161E+00   -0.932571E+00   -0.907982E+00
   -0.883393E+00   -0.858804E+00   -0.835998E+00   -0.813193E+00
   -0.790388E+00   -0.767583E+00   -0.720761E+00   -0.703745E+00
   -0.686735E+00   -0.672114E+00   -0.657312E+00   -0.641470E+00
   -0.625629E+00   -0.614896E+00   -0.605866E+00   -0.600163E+00
   -0.602121E+00   -0.603424E+00   -0.602465E+00   -0.599890E+00
   -0.597371E+00   -0.597371E+00   -0.597371E+00   -0.597371E+00
   -0.597371E+00   -0.597371E+00   -0.597371E+00   -0.379756E+00
   -0.379756E+00   -0.379756E+00   -0.379756E+00   -0.379756E+00
   -0.383109E+00   -0.383109E+00   -0.395925E+00   -0.395925E+00
   -0.404453E+00   -0.381515E+00   -0.355934E+00   -0.325143E+00
   -0.290947E+00   -0.256102E+00   -0.221768E+00   -0.186523E+00
   -0.149756E+00   -0.110816E+00   -0.721151E-01   -0.334125E-01
    0.525787E-02    0.413246E-01    0.751857E-01    0.108390E+00
    0.139379E+00    0.176091E+00    0.204204E+00    0.225813E+00
    0.248474E+00    0.269823E+00    0.291838E+00    0.307089E+00
    0.317278E+00    0.326832E+00    0.335972E+00    0.345530E+00
    0.350874E+00    0.351474E+00    0.351734E+00    0.351734E+00
    0.351734E+00    0.332198E+00    0.332198E+00    0.332198E+00
    0.332198E+00    0.332198E+00    0.332198E+00    0.332198E+00
    0.332198E+00    0.332198E+00    0.332198E+00    0.332198E+00
    0.332198E+00    0.332198E+00    0.332198E+00    0.332198E+00
    0.332198E+00    0.332198E+00    0.332198E+00    0.332198E+00
    0.332198E+00    0.332198E+00    0.332198E+00    0.332198E+00
    0.332198E+00    0.332198E+00    0.332198E+00    0.332198E+00
    0.332198E+00    0.332198E+00    0.332198E+00    0.332198E+00
    0.332198E+00    0.332198E+00    0.332198E+00    0.332198E+00
    0.332198E+00   -0.131521E+01   -0.129314E+01   -0.127107E+01
   -0.123885E+01   -0.117388E+01   -0.113266E+01   -0.111277E+01
   -0.109289E+01   -0.107300E+01   -0.105312E+01   -0.103323E+01
   -0.101335E+01   -0.993460E+00   -0.969384E+00   -0.945307E+00
   -0.921231E+00   -0.897155E+00   -0.873078E+00   -0.850273E+00
   -0.827468E+00   -0.804663E+00   -0.783829E+00   -0.742733E+00
   -0.725918E+00   -0.709112E+00   -0.692307E+00   -0.675647E+00
   -0.659422E+00   -0.643198E+00   -0.632371E+00   -0.623344E+00
   -0.620377E+00   -0.619803E+00   -0.621136E+00   -0.621631E+00
   -0.620910E+00   -0.619281E+00   -0.619281E+00   -0.619281E+00
   -0.619281E+00   -0.619281E+00   -0.619281E+00   -0.619281E+00
   -0.619281E+00   -0.379756E+00   -0.379756E+00   -0.379756E+00
   -0.383109E+00   -0.383109E+00   -0.395925E+00   -0.440225E+00
   -0.440225E+00   -0.440225E+00   -0.417019E+00   -0.391875E+00
   -0.362080E+00   -0.326764E+00   -0.291727E+00   -0.256878E+00
   -0.221705E+00   -0.184722E+00   -0.144167E+00   -0.105003E+00
   -0.649949E-01   -0.249835E-01    0.128293E-01    0.479362E-01
    0.833821E-01    0.117525E+00    0.154466E+00    0.179608E+00
    0.205491E+00    0.229318E+00    0.251967E+00    0.275191E+00
    0.292037E+00    0.301757E+00    0.312248E+00    0.322891E+00
    0.333312E+00    0.338749E+00    0.339733E+00    0.340910E+00
    0.340910E+00    0.332198E+00    0.332198E+00    0.332198E+00
    0.332198E+00    0.332198E+00    0.332198E+00    0.332198E+00
    0.332198E+00    0.332198E+00    0.332198E+00    0.332198E+00
    0.332198E+00    0.332198E+00    0.332198E+00    0.332198E+00
    0.332198E+00    0.332198E+00    0.332198E+00    0.332198E+00
    0.332198E+00    0.332198E+00    0.332198E+00    0.332198E+00
    0.332198E+00    0.332198E+00    0.332198E+00    0.332198E+00
    0.332198E+00    0.332198E+00    0.332198E+00    0.332198E+00
    0.332198E+00    0.332198E+00    0.332198E+00    0.332198E+00
    0.332198E+00    0.332198E+00   -0.132724E+01   -0.130517E+01
   -0.128311E+01   -0.124409E+01   -0.118014E+01   -0.113937E+01
   -0.112020E+01   -0.110103E+01   -0.108186E+01   -0.106269E+01
   -0.104351E+01   -0.102434E+01   -0.100517E+01   -0.981607E+00
   -0.958044E+00   -0.934480E+00   -0.910916E+00   -0.887353E+00
   -0.864548E+00   -0.841744E+00   -0.821162E+00   -0.800692E+00
   -0.754698E+00   -0.739693E+00   -0.724693E+00   -0.709693E+00
   -0.694306E+00   -0.677757E+00   -0.661207E+00   -0.650299E+00
   -0.641151E+00   -0.637717E+00   -0.639222E+00   -0.640696E+00
   -0.641952E+00   -0.642059E+00   -0.641191E+00   -0.641191E+00
   -0.641191E+00   -0.641191E+00   -0.641191E+00   -0.641191E+00
   -0.641191E+00   -0.641191E+00   -0.379756E+00   -0.535233E+00
   -0.535233E+00   -0.535233E+00   -0.535233E+00   -0.535233E+00
   -0.535233E+00   -0.477339E+00   -0.477339E+00   -0.454474E+00
   -0.429327E+00   -0.398221E+00   -0.362679E+00   -0.327548E+00
   -0.293971E+00   -0.256297E+00   -0.217586E+00   -0.176560E+00
   -0.137700E+00   -0.956018E-01   -0.557325E-01   -0.157853E-01
    0.228685E-01    0.581653E-01    0.928595E-01    0.129284E+00
    0.159875E+00    0.184165E+00    0.209349E+00    0.234126E+00
    0.258175E+00    0.276639E+00    0.288923E+00    0.297667E+00
    0.309629E+00    0.320223E+00    0.326411E+00    0.328761E+00
    0.329782E+00    0.331461E+00    0.332198E+00    0.332198E+00
    0.332198E+00    0.332198E+00    0.332198E+00    0.332198E+00
    0.332198E+00    0.332198E+00    0.332198E+00    0.332198E+00
    0.332198E+00    0.332198E+00    0.332198E+00    0.332198E+00
    0.332198E+00    0.332198E+00    0.332198E+00    0.332198E+00
    0.332198E+00    0.332198E+00    0.332198E+00    0.332198E+00
    0.332198E+00    0.332198E+00    0.332198E+00    0.332198E+00
    0.332198E+00    0.332198E+00    0.332198E+00    0.332198E+00
    0.332198E+00    0.332198E+00    0.332198E+00    0.332198E+00
    0.332198E+00    0.332198E+00    0.332198E+00   -0.133927E+01
   -0.131721E+01   -0.129514E+01   -0.124934E+01   -0.118649E+01
   -0.114609E+01   -0.112763E+01   -0.110917E+01   -0.109071E+01
   -0.107225E+01   -0.105380E+01   -0.103534E+01   -0.101688E+01
   -0.993831E+00   -0.970780E+00   -0.947729E+00   -0.924678E+00
   -0.901628E+00   -0.878965E+00   -0.858495E+00   -0.838025E+00
   -0.817555E+00   -0.768577E+00   -0.755130E+00   -0.741684E+00
   -0.728238E+00   -0.713276E+00   -0.696470E+00   -0.679664E+00
   -0.668578E+00   -0.659399E+00   -0.658808E+00   -0.659783E+00
   -0.660176E+00   -0.661803E+00   -0.662524E+00   -0.660182E+00
   -0.660182E+00   -0.660182E+00   -0.660182E+00   -0.660182E+00
   -0.660182E+00   -0.660182E+00   -0.660182E+00   -0.535233E+00
   -0.535233E+00   -0.535233E+00   -0.535233E+00   -0.535233E+00
   -0.535233E+00   -0.535233E+00   -0.535233E+00   -0.513178E+00
   -0.489304E+00   -0.467406E+00   -0.438379E+00   -0.401493E+00
   -0.362290E+00   -0.332551E+00   -0.298704E+00   -0.254075E+00
   -0.212989E+00   -0.171562E+00   -0.129467E+00   -0.862835E-01
   -0.437342E-01   -0.825840E-02    0.293378E-01    0.693003E-01
    0.106498E+00    0.136467E+00    0.160047E+00    0.186448E+00
    0.212321E+00    0.242947E+00    0.260824E+00    0.269281E+00
    0.283804E+00    0.293800E+00    0.305098E+00    0.312574E+00
    0.315191E+00    0.316363E+00    0.318653E+00    0.320895E+00
    0.320895E+00    0.320895E+00    0.320895E+00    0.320895E+00
    0.320895E+00    0.320895E+00    0.320895E+00    0.320895E+00
    0.320895E+00    0.320895E+00    0.320895E+00    0.320895E+00
    0.320895E+00    0.320895E+00    0.320895E+00    0.320895E+00
    0.320895E+00    0.320895E+00    0.320895E+00    0.320895E+00
    0.320895E+00    0.320895E+00    0.320895E+00    0.320895E+00
    0.320895E+00    0.320895E+00    0.320895E+00    0.320895E+00
    0.320895E+00    0.320895E+00    0.320895E+00    0.320895E+00
    0.320895E+00    0.320895E+00    0.320895E+00    0.320895E+00
   -0.135131E+01   -0.132924E+01   -0.130718E+01   -0.125518E+01
   -0.119285E+01   -0.115386E+01   -0.113600E+01   -0.111815E+01
   -0.110030E+01   -0.108244E+01   -0.106459E+01   -0.104674E+01
   -0.102888E+01   -0.100634E+01   -0.983798E+00   -0.961255E+00
   -0.938712E+00   -0.916170E+00   -0.895700E+00   -0.875230E+00
   -0.854760E+00   -0.834291E+00   -0.794282E+00   -0.780834E+00
   -0.766328E+00   -0.750326E+00   -0.734165E+00   -0.717525E+00
   -0.700886E+00   -0.689841E+00   -0.680609E+00   -0.676500E+00
   -0.678056E+00   -0.679491E+00   -0.680672E+00   -0.681478E+00
   -0.660182E+00   -0.660182E+00   -0.660182E+00   -0.660182E+00
   -0.660182E+00   -0.660182E+00   -0.660182E+00   -0.660182E+00
   -0.571137E+00   -0.571137E+00   -0.571137E+00   -0.571137E+00
   -0.571137E+00   -0.571137E+00   -0.571137E+00   -0.571137E+00
   -0.549732E+00   -0.526052E+00   -0.504005E+00   -0.466190E+00
   -0.444819E+00   -0.409473E+00   -0.371202E+00   -0.337186E+00
   -0.298023E+00   -0.256014E+00   -0.214427E+00   -0.168572E+00
   -0.133253E+00   -0.884709E-01   -0.482960E-01   -0.820592E-02
    0.287323E-01    0.689860E-01    0.102195E+00    0.128294E+00
    0.157334E+00    0.183695E+00    0.208052E+00    0.227460E+00
    0.241251E+00    0.253672E+00    0.266857E+00    0.282777E+00
    0.287941E+00    0.292787E+00    0.295015E+00    0.297539E+00
    0.300390E+00    0.300390E+00    0.300390E+00    0.300390E+00
    0.300390E+00    0.300390E+00    0.300390E+00    0.300390E+00
    0.300390E+00    0.300390E+00    0.300390E+00    0.300390E+00
    0.300390E+00    0.300390E+00    0.300390E+00    0.300390E+00
    0.300390E+00    0.300390E+00    0.300390E+00    0.300390E+00
    0.300390E+00    0.300390E+00    0.300390E+00    0.300390E+00
    0.300390E+00    0.300390E+00    0.300390E+00    0.300390E+00
    0.300390E+00    0.300390E+00    0.300390E+00    0.300390E+00
    0.300390E+00    0.300390E+00    0.300390E+00    0.300390E+00
    0.300390E+00   -0.136334E+01   -0.134128E+01   -0.131921E+01
   -0.126154E+01   -0.121367E+01   -0.117561E+01   -0.115127E+01
   -0.113177E+01   -0.111392E+01   -0.109607E+01   -0.107821E+01
   -0.106036E+01   -0.104251E+01   -0.102045E+01   -0.998383E+00
   -0.976320E+00   -0.954258E+00   -0.932195E+00   -0.911726E+00
   -0.891256E+00   -0.870787E+00   -0.856234E+00   -0.817948E+00
   -0.802296E+00   -0.786646E+00   -0.770996E+00   -0.755146E+00
   -0.738693E+00   -0.722240E+00   -0.711194E+00   -0.701950E+00
   -0.698837E+00   -0.696995E+00   -0.698734E+00   -0.699109E+00
   -0.699757E+00   -0.699757E+00   -0.699757E+00   -0.660182E+00
   -0.660182E+00   -0.660182E+00   -0.660182E+00   -0.660182E+00
   -0.660182E+00   -0.607886E+00   -0.607886E+00   -0.607886E+00
   -0.607886E+00   -0.607886E+00   -0.607886E+00   -0.607886E+00
   -0.607886E+00   -0.587286E+00   -0.565349E+00   -0.543771E+00
   -0.517088E+00   -0.480658E+00   -0.447763E+00   -0.413203E+00
   -0.378134E+00   -0.334769E+00   -0.297342E+00   -0.259951E+00
   -0.212129E+00   -0.170924E+00   -0.129371E+00   -0.895742E-01
   -0.508466E-01   -0.109359E-01    0.286043E-01    0.642433E-01
    0.900208E-01    0.118457E+00    0.148484E+00    0.175749E+00
    0.195313E+00    0.211734E+00    0.224770E+00    0.237853E+00
    0.253044E+00    0.262402E+00    0.266856E+00    0.271041E+00
    0.274715E+00    0.278952E+00    0.278952E+00    0.278952E+00
    0.278952E+00    0.278952E+00    0.278952E+00    0.278952E+00
    0.278952E+00    0.278952E+00    0.278952E+00    0.278952E+00
    0.278952E+00    0.278952E+00    0.278952E+00    0.278952E+00
    0.278952E+00    0.278952E+00    0.278952E+00    0.278952E+00
    0.278952E+00    0.278952E+00    0.278952E+00    0.278952E+00
    0.278952E+00    0.278952E+00    0.278952E+00    0.278952E+00
    0.278952E+00    0.278952E+00    0.278952E+00    0.278952E+00
    0.278952E+00    0.278952E+00    0.278952E+00    0.278952E+00
    0.278952E+00    0.278952E+00   -0.137399E+01   -0.135204E+01
   -0.133009E+01   -0.129162E+01   -0.124751E+01   -0.120504E+01
   -0.116941E+01   -0.114918E+01   -0.112895E+01   -0.110969E+01
   -0.109184E+01   -0.107399E+01   -0.105613E+01   -0.103455E+01
   -0.101297E+01   -0.991386E+00   -0.969803E+00   -0.948221E+00
   -0.927752E+00   -0.907355E+00   -0.893441E+00   -0.879527E+00
   -0.831364E+00   -0.817832E+00   -0.804304E+00   -0.790776E+00
   -0.776590E+00   -0.760425E+00   -0.744261E+00   -0.733287E+00
   -0.725896E+00   -0.717826E+00   -0.718051E+00   -0.717973E+00
   -0.717523E+00   -0.718003E+00   -0.718003E+00   -0.718003E+00
   -0.718003E+00   -0.718003E+00   -0.660182E+00   -0.660182E+00
   -0.660182E+00   -0.660182E+00   -0.755728E+00   -0.755728E+00
   -0.644447E+00   -0.644447E+00   -0.644447E+00   -0.644447E+00
   -0.644447E+00   -0.644447E+00   -0.624089E+00   -0.604034E+00
   -0.583266E+00   -0.555900E+00   -0.522852E+00   -0.489003E+00
   -0.455548E+00   -0.421344E+00   -0.383668E+00   -0.340773E+00
   -0.295031E+00   -0.260464E+00   -0.217273E+00   -0.178417E+00
   -0.131272E+00   -0.917611E-01   -0.508341E-01   -0.104989E-01
    0.230140E-01    0.548429E-01    0.864103E-01    0.113039E+00
    0.145271E+00    0.162803E+00    0.181210E+00    0.196526E+00
    0.210473E+00    0.222929E+00    0.235059E+00    0.241097E+00
    0.246425E+00    0.251499E+00    0.278952E+00    0.278952E+00
    0.278952E+00    0.278952E+00    0.278952E+00    0.278952E+00
    0.278952E+00    0.278952E+00    0.278952E+00    0.278952E+00
    0.278952E+00    0.278952E+00    0.278952E+00    0.278952E+00
    0.278952E+00    0.278952E+00    0.278952E+00    0.278952E+00
    0.278952E+00    0.278952E+00    0.278952E+00    0.278952E+00
    0.278952E+00    0.278952E+00    0.278952E+00    0.278952E+00
    0.278952E+00    0.278952E+00    0.278952E+00    0.278952E+00
    0.278952E+00    0.278952E+00    0.278952E+00    0.278952E+00
    0.278952E+00    0.278952E+00    0.278952E+00   -0.137831E+01
   -0.135698E+01   -0.133565E+01   -0.131247E+01   -0.127654E+01
   -0.124050E+01   -0.119642E+01   -0.116733E+01   -0.114709E+01
   -0.112686E+01   -0.110663E+01   -0.108761E+01   -0.106976E+01
   -0.104866E+01   -0.102755E+01   -0.100645E+01   -0.985349E+00
   -0.964247E+00   -0.944561E+00   -0.930648E+00   -0.916734E+00
   -0.899205E+00   -0.850041E+00   -0.834516E+00   -0.822701E+00
   -0.810887E+00   -0.797150E+00   -0.780949E+00   -0.765018E+00
   -0.755855E+00   -0.748949E+00   -0.743119E+00   -0.737320E+00
   -0.737213E+00   -0.735597E+00   -0.733184E+00   -0.733184E+00
   -0.733184E+00   -0.733184E+00   -0.733184E+00   -0.733184E+00
   -0.733184E+00   -0.733184E+00   -0.810308E+00   -0.755728E+00
   -0.755728E+00   -0.755728E+00   -0.755728E+00   -0.755728E+00
   -0.679373E+00   -0.679373E+00   -0.679373E+00   -0.661227E+00
   -0.641759E+00   -0.622468E+00   -0.595712E+00   -0.562614E+00
   -0.523832E+00   -0.498593E+00   -0.464036E+00   -0.429287E+00
   -0.388980E+00   -0.295031E+00   -0.260464E+00   -0.217273E+00
   -0.216982E+00   -0.170275E+00   -0.132562E+00   -0.909383E-01
   -0.491812E-01   -0.138639E-01    0.172918E-01    0.457520E-01
    0.780334E-01    0.108103E+00    0.131184E+00    0.149520E+00
    0.165232E+00    0.181360E+00    0.199811E+00    0.210911E+00
    0.216270E+00    0.222152E+00    0.228573E+00    0.228573E+00
    0.228573E+00    0.278952E+00    0.278952E+00    0.278952E+00
    0.278952E+00    0.278952E+00    0.278952E+00    0.278952E+00
    0.278952E+00    0.278952E+00    0.278952E+00    0.278952E+00
    0.278952E+00    0.278952E+00    0.278952E+00    0.278952E+00
    0.278952E+00    0.278952E+00    0.278952E+00    0.278952E+00
    0.278952E+00    0.278952E+00    0.278952E+00    0.278952E+00
    0.278952E+00    0.278952E+00    0.278952E+00    0.278952E+00
    0.278952E+00    0.278952E+00    0.278952E+00    0.278952E+00
    0.278952E+00    0.278952E+00    0.278952E+00    0.278952E+00
   -0.138262E+01   -0.136191E+01   -0.134121E+01   -0.131809E+01
   -0.129292E+01   -0.125698E+01   -0.122105E+01   -0.118511E+01
   -0.116483E+01   -0.114454E+01   -0.112426E+01   -0.110397E+01
   -0.108369E+01   -0.106296E+01   -0.104224E+01   -0.102152E+01
   -0.100080E+01   -0.979009E+00   -0.965222E+00   -0.951436E+00
   -0.937650E+00   -0.922523E+00   -0.890766E+00   -0.861215E+00
   -0.845290E+00   -0.832382E+00   -0.818645E+00   -0.799137E+00
   -0.780472E+00   -0.771973E+00   -0.765952E+00   -0.762676E+00
   -0.759346E+00   -0.756463E+00   -0.754051E+00   -0.733184E+00
   -0.733184E+00   -0.733184E+00   -0.733184E+00   -0.733184E+00
   -0.733184E+00   -0.733184E+00   -0.733184E+00   -0.810308E+00
   -0.810308E+00   -0.810308E+00   -0.755728E+00   -0.755728E+00
   -0.755728E+00   -0.755728E+00   -0.712886E+00   -0.712886E+00
   -0.695974E+00   -0.675319E+00   -0.660067E+00   -0.635210E+00
   -0.599797E+00   -0.568679E+00   -0.541071E+00   -0.506140E+00
   -0.474159E+00   -0.429839E+00   -0.429839E+00   -0.385275E+00
   -0.259143E+00   -0.259143E+00   -0.219439E+00   -0.174690E+00
   -0.130923E+00   -0.887255E-01   -0.528656E-01   -0.200488E-01
    0.110030E-01    0.405455E-01    0.731730E-01    0.972990E-01
    0.118251E+00    0.134787E+00    0.152527E+00    0.170027E+00
    0.184528E+00    0.190166E+00    0.198368E+00    0.228573E+00
    0.228573E+00    0.228573E+00    0.228573E+00    0.228573E+00
    0.278952E+00    0.278952E+00    0.278952E+00    0.278952E+00
    0.278952E+00    0.278952E+00    0.278952E+00    0.278952E+00
    0.278952E+00    0.278952E+00    0.278952E+00    0.278952E+00
    0.278952E+00    0.278952E+00    0.278952E+00    0.278952E+00
    0.278952E+00    0.278952E+00    0.278952E+00    0.278952E+00
    0.278952E+00    0.278952E+00    0.278952E+00    0.278952E+00
    0.278952E+00    0.278952E+00    0.278952E+00    0.278952E+00
    0.278952E+00    0.278952E+00    0.278952E+00    0.278952E+00
    0.278952E+00   -0.138694E+01   -0.136685E+01   -0.134676E+01
   -0.132364E+01   -0.130053E+01   -0.127337E+01   -0.123743E+01
   -0.120150E+01   -0.118096E+01   -0.116041E+01   -0.113987E+01
   -0.111933E+01   -0.109879E+01   -0.107807E+01   -0.105735E+01
   -0.103663E+01   -0.101709E+01   -0.988887E+00   -0.975722E+00
   -0.962557E+00   -0.949391E+00   -0.935477E+00   -0.917048E+00
   -0.891094E+00   -0.872739E+00   -0.856918E+00   -0.841457E+00
   -0.827080E+00   -0.812430E+00   -0.795618E+00   -0.787263E+00
   -0.783097E+00   -0.779160E+00   -0.774631E+00   -0.754051E+00
   -0.754051E+00   -0.733184E+00   -0.733184E+00   -0.733184E+00
   -0.733184E+00   -0.733184E+00   -0.733184E+00   -0.733184E+00
   -0.810308E+00   -0.810308E+00   -0.810308E+00   -0.810308E+00
   -0.810308E+00   -0.755728E+00   -0.755728E+00   -0.755728E+00
   -0.739486E+00   -0.722480E+00   -0.705668E+00   -0.688811E+00
   -0.663336E+00   -0.635786E+00   -0.601498E+00   -0.571115E+00
   -0.541780E+00   -0.474159E+00   -0.429839E+00   -0.414742E+00
   -0.385275E+00   -0.338632E+00   -0.297554E+00   -0.254629E+00
   -0.213162E+00   -0.171775E+00   -0.129942E+00   -0.935235E-01
   -0.628049E-01   -0.289156E-01    0.889671E-03    0.331928E-01
    0.603633E-01    0.830004E-01    0.960010E-01    0.118100E+00
    0.137922E+00    0.149118E+00    0.158758E+00    0.198368E+00
    0.198368E+00    0.228573E+00    0.228573E+00    0.228573E+00
    0.228573E+00    0.228573E+00    0.228573E+00    0.278952E+00
    0.278952E+00    0.278952E+00    0.278952E+00    0.278952E+00
    0.278952E+00    0.278952E+00    0.278952E+00    0.278952E+00
    0.278952E+00    0.278952E+00    0.278952E+00    0.278952E+00
    0.278952E+00    0.278952E+00    0.278952E+00    0.278952E+00
    0.278952E+00    0.278952E+00    0.278952E+00    0.278952E+00
    0.278952E+00    0.278952E+00    0.278952E+00    0.278952E+00
    0.278952E+00    0.278952E+00    0.278952E+00    0.278952E+00
    0.278952E+00    0.278952E+00   -0.139125E+01   -0.137179E+01
   -0.135232E+01   -0.132920E+01   -0.130609E+01   -0.128297E+01
   -0.125382E+01   -0.121788E+01   -0.119708E+01   -0.117628E+01
   -0.115549E+01   -0.113469E+01   -0.111389E+01   -0.109317E+01
   -0.107245E+01   -0.105350E+01   -0.103502E+01   -0.998766E+00
   -0.986221E+00   -0.973677E+00   -0.961133E+00   -0.947685E+00
   -0.931524E+00   -0.911573E+00   -0.893571E+00   -0.878221E+00
   -0.863114E+00   -0.851258E+00   -0.836143E+00   -0.817752E+00
   -0.810540E+00   -0.804881E+00   -0.799890E+00   -0.774631E+00
   -0.774631E+00   -0.754051E+00   -0.754051E+00   -0.733184E+00
   -0.733184E+00   -0.733184E+00   -0.733184E+00   -0.733184E+00
   -0.810308E+00   -0.810308E+00   -0.810308E+00   -0.810308E+00
   -0.810308E+00   -0.810308E+00   -0.810308E+00   -0.778253E+00
   -0.778253E+00   -0.763326E+00   -0.747713E+00   -0.731947E+00
   -0.715284E+00   -0.692474E+00   -0.671829E+00   -0.601498E+00
   -0.571115E+00   -0.541780E+00   -0.539529E+00   -0.498849E+00
   -0.459551E+00   -0.419259E+00   -0.379241E+00   -0.338641E+00
   -0.296912E+00   -0.255789E+00   -0.213800E+00   -0.171936E+00
   -0.135031E+00   -0.104666E+00   -0.696847E-01   -0.363283E-01
   -0.897226E-02    0.199381E-01    0.400942E-01    0.653565E-01
    0.825814E-01    0.104291E+00    0.119371E+00    0.158758E+00
    0.158758E+00    0.198368E+00    0.198368E+00    0.228573E+00
    0.228573E+00    0.228573E+00    0.228573E+00    0.228573E+00
    0.228573E+00    0.228573E+00    0.278952E+00    0.278952E+00
    0.278952E+00    0.278952E+00    0.278952E+00    0.278952E+00
    0.278952E+00    0.278952E+00    0.278952E+00    0.278952E+00
    0.278952E+00    0.278952E+00    0.278952E+00    0.278952E+00
    0.278952E+00    0.278952E+00    0.278952E+00    0.278952E+00
    0.278952E+00    0.278952E+00    0.278952E+00    0.278952E+00
    0.278952E+00    0.278952E+00    0.278952E+00    0.278952E+00
    0.278952E+00    0.278952E+00    0.278952E+00   -0.139557E+01
   -0.137673E+01   -0.135788E+01   -0.133476E+01   -0.131165E+01
   -0.128853E+01   -0.126541E+01   -0.123427E+01   -0.121321E+01
   -0.119216E+01   -0.117110E+01   -0.115004E+01   -0.112899E+01
   -0.110841E+01   -0.108992E+01   -0.107144E+01   -0.105296E+01
   -0.101197E+01   -0.998789E+00   -0.986713E+00   -0.974638E+00
   -0.961571E+00   -0.945531E+00   -0.929491E+00   -0.914235E+00
   -0.899239E+00   -0.884818E+00   -0.876562E+00   -0.864576E+00
   -0.843046E+00   -0.833526E+00   -0.826674E+00   -0.820452E+00
   -0.820452E+00   -0.820452E+00   -0.774631E+00   -0.754051E+00
   -0.754051E+00   -0.733184E+00   -0.733184E+00   -0.733184E+00
   -0.733184E+00   -0.863317E+00   -0.863317E+00   -0.810308E+00
   -0.810308E+00   -0.810308E+00   -0.810308E+00   -0.810308E+00
   -0.810308E+00   -0.802012E+00   -0.788827E+00   -0.771914E+00
   -0.756024E+00   -0.742738E+00   -0.719102E+00   -0.671829E+00
   -0.671829E+00   -0.599738E+00   -0.599738E+00   -0.569443E+00
   -0.535678E+00   -0.496765E+00   -0.457400E+00   -0.418072E+00
   -0.377800E+00   -0.337192E+00   -0.295979E+00   -0.254663E+00
   -0.212850E+00   -0.176677E+00   -0.143083E+00   -0.110534E+00
   -0.718231E-01   -0.457257E-01   -0.182265E-01    0.317540E-02
    0.653565E-01    0.825814E-01    0.104291E+00    0.119371E+00
    0.119371E+00    0.158758E+00    0.158758E+00    0.198368E+00
    0.198368E+00    0.228573E+00    0.228573E+00    0.228573E+00
    0.228573E+00    0.228573E+00    0.228573E+00    0.228573E+00
    0.228573E+00    0.278952E+00    0.278952E+00    0.278952E+00
    0.278952E+00    0.278952E+00    0.278952E+00    0.278952E+00
    0.278952E+00    0.278952E+00    0.278952E+00    0.278952E+00
    0.278952E+00    0.278952E+00    0.278952E+00    0.278952E+00
    0.278952E+00    0.278952E+00    0.278952E+00    0.278952E+00
    0.278952E+00    0.278952E+00    0.278952E+00    0.278952E+00
    0.278952E+00    0.278952E+00    0.278952E+00    0.278952E+00
   -0.140229E+01   -0.138391E+01   -0.136553E+01   -0.134247E+01
   -0.131941E+01   -0.129635E+01   -0.127329E+01   -0.125023E+01
   -0.122905E+01   -0.120787E+01   -0.118669E+01   -0.116551E+01
   -0.114433E+01   -0.112585E+01   -0.110737E+01   -0.108889E+01
   -0.107041E+01   -0.103537E+01   -0.102093E+01   -0.100649E+01
   -0.993552E+00   -0.980609E+00   -0.965061E+00   -0.949513E+00
   -0.934380E+00   -0.920684E+00   -0.900475E+00   -0.892327E+00
   -0.880827E+00   -0.868183E+00   -0.857235E+00   -0.848468E+00
   -0.839425E+00   -0.839425E+00   -0.839425E+00   -0.839425E+00
   -0.839425E+00   -0.754051E+00   -0.754051E+00   -0.733184E+00
   -0.733184E+00   -0.863317E+00   -0.863317E+00   -0.863317E+00
   -0.863317E+00   -0.863317E+00   -0.863317E+00   -0.833244E+00
   -0.833244E+00   -0.833244E+00   -0.822653E+00   -0.812169E+00
   -0.799787E+00   -0.786160E+00   -0.771693E+00   -0.754900E+00
   -0.754900E+00   -0.665942E+00   -0.665942E+00   -0.642527E+00
   -0.609830E+00   -0.571922E+00   -0.533963E+00   -0.495694E+00
   -0.457296E+00   -0.417834E+00   -0.377364E+00   -0.337161E+00
   -0.297444E+00   -0.256981E+00   -0.219037E+00   -0.184533E+00
   -0.151334E+00   -0.113377E+00   -0.870294E-01   -0.531342E-01
    0.317540E-02    0.317540E-02    0.825814E-01    0.104291E+00
    0.119371E+00    0.119371E+00    0.119371E+00    0.158758E+00
    0.158758E+00    0.198368E+00    0.198368E+00    0.228573E+00
    0.228573E+00    0.228573E+00    0.228573E+00    0.228573E+00
    0.228573E+00    0.228573E+00    0.228573E+00    0.228573E+00
    0.278952E+00    0.278952E+00    0.278952E+00    0.278952E+00
    0.278952E+00    0.278952E+00    0.278952E+00    0.278952E+00
    0.278952E+00    0.278952E+00    0.278952E+00    0.278952E+00
    0.278952E+00    0.278952E+00    0.278952E+00    0.278952E+00
    0.278952E+00    0.278952E+00    0.278952E+00    0.278952E+00
    0.278952E+00    0.278952E+00    0.278952E+00    0.278952E+00
    0.278952E+00   -0.141588E+01   -0.139750E+01   -0.137912E+01
   -0.135629E+01   -0.133346E+01   -0.131063E+01   -0.128780E+01
   -0.126497E+01   -0.124405E+01   -0.122313E+01   -0.120221E+01
   -0.118129E+01   -0.116038E+01   -0.114189E+01   -0.112341E+01
   -0.110503E+01   -0.109157E+01   -0.105566E+01   -0.104171E+01
   -0.102776E+01   -0.101382E+01   -0.999585E+00   -0.984485E+00
   -0.969385E+00   -0.955540E+00   -0.942113E+00   -0.925961E+00
   -0.915089E+00   -0.903265E+00   -0.890972E+00   -0.879955E+00
   -0.871342E+00   -0.839425E+00   -0.839425E+00   -0.839425E+00
   -0.839425E+00   -0.839425E+00   -0.839425E+00   -0.839425E+00
   -0.754051E+00   -0.733184E+00   -0.892992E+00   -0.863317E+00
   -0.863317E+00   -0.863317E+00   -0.863317E+00   -0.863317E+00
   -0.863317E+00   -0.852376E+00   -0.852376E+00   -0.843779E+00
   -0.830224E+00   -0.821390E+00   -0.807197E+00   -0.793945E+00
   -0.774350E+00   -0.758099E+00   -0.758099E+00   -0.695059E+00
   -0.669610E+00   -0.641928E+00   -0.605559E+00   -0.568471E+00
   -0.532125E+00   -0.494590E+00   -0.456360E+00   -0.416254E+00
   -0.375259E+00   -0.334708E+00   -0.296152E+00   -0.259100E+00
   -0.226324E+00   -0.151334E+00   -0.113377E+00   -0.870294E-01
   -0.531342E-01   -0.531342E-01    0.317540E-02    0.317540E-02
    0.104291E+00    0.119371E+00    0.119371E+00    0.119371E+00
    0.119371E+00    0.158758E+00    0.158758E+00    0.198368E+00
    0.198368E+00    0.228573E+00    0.228573E+00    0.228573E+00
    0.228573E+00    0.228573E+00    0.228573E+00    0.228573E+00
    0.228573E+00    0.228573E+00    0.228573E+00    0.278952E+00
    0.278952E+00    0.278952E+00    0.278952E+00    0.278952E+00
    0.278952E+00    0.278952E+00    0.278952E+00    0.278952E+00
    0.278952E+00    0.278952E+00    0.278952E+00    0.278952E+00
    0.278952E+00    0.278952E+00    0.278952E+00    0.278952E+00
    0.278952E+00    0.278952E+00    0.278952E+00    0.278952E+00
    0.278952E+00    0.278952E+00   -0.142948E+01   -0.141110E+01
   -0.139272E+01   -0.137012E+01   -0.134752E+01   -0.132491E+01
   -0.130231E+01   -0.127971E+01   -0.125905E+01   -0.123839E+01
   -0.121773E+01   -0.119708E+01   -0.117642E+01   -0.115794E+01
   -0.114010E+01   -0.112663E+01   -0.111317E+01   -0.106764E+01
   -0.105549E+01   -0.104335E+01   -0.103120E+01   -0.101840E+01
   -0.100363E+01   -0.988857E+00   -0.975094E+00   -0.966118E+00
   -0.942690E+00   -0.934274E+00   -0.924472E+00   -0.912512E+00
   -0.901637E+00   -0.890850E+00   -0.890850E+00   -0.890850E+00
   -0.839425E+00   -0.839425E+00   -0.839425E+00   -0.839425E+00
   -0.839425E+00   -0.839425E+00   -0.892992E+00   -0.892992E+00
   -0.892992E+00   -0.863317E+00   -0.863317E+00   -0.863317E+00
   -0.863317E+00   -0.863317E+00   -0.863317E+00   -0.861392E+00
   -0.855035E+00   -0.843444E+00   -0.831316E+00   -0.820578E+00
   -0.808780E+00   -0.797563E+00   -0.758099E+00   -0.738885E+00
   -0.713998E+00   -0.692358E+00   -0.663684E+00   -0.627046E+00
   -0.588460E+00   -0.555696E+00   -0.519005E+00   -0.481999E+00
   -0.442856E+00   -0.403366E+00   -0.363560E+00   -0.325445E+00
   -0.292474E+00   -0.226324E+00   -0.226324E+00   -0.113377E+00
   -0.870294E-01   -0.531342E-01   -0.531342E-01   -0.531342E-01
    0.317540E-02    0.104291E+00    0.119371E+00    0.119371E+00
    0.119371E+00    0.119371E+00    0.119371E+00    0.158758E+00
    0.158758E+00    0.198368E+00    0.198368E+00    0.228573E+00
    0.228573E+00    0.228573E+00    0.228573E+00    0.228573E+00
    0.228573E+00    0.228573E+00    0.228573E+00    0.228573E+00
    0.228573E+00    0.228573E+00    0.278952E+00    0.278952E+00
    0.278952E+00    0.278952E+00    0.278952E+00    0.278952E+00
    0.278952E+00    0.278952E+00    0.278952E+00    0.278952E+00
    0.278952E+00    0.278952E+00    0.278952E+00    0.278952E+00
    0.278952E+00    0.278952E+00    0.278952E+00    0.278952E+00
    0.278952E+00    0.278952E+00    0.278952E+00   -0.144532E+01
   -0.142470E+01   -0.140632E+01   -0.138394E+01   -0.136157E+01
   -0.133920E+01   -0.131682E+01   -0.129445E+01   -0.127405E+01
   -0.125365E+01   -0.123326E+01   -0.121286E+01   -0.119246E+01
   -0.117517E+01   -0.116170E+01   -0.114823E+01   -0.113118E+01
   -0.108711E+01   -0.107074E+01   -0.105985E+01   -0.104897E+01
   -0.103636E+01   -0.102100E+01   -0.100646E+01   -0.996250E+00
   -0.987486E+00   -0.971447E+00   -0.957435E+00   -0.945210E+00
   -0.933698E+00   -0.924352E+00   -0.890850E+00   -0.890850E+00
   -0.890850E+00   -0.890850E+00   -0.890850E+00   -0.839425E+00
   -0.839425E+00   -0.839425E+00   -0.839425E+00   -0.892992E+00
   -0.892992E+00   -0.892992E+00   -0.892992E+00   -0.892992E+00
   -0.884141E+00   -0.869809E+00   -0.869809E+00   -0.869809E+00
   -0.868349E+00   -0.860980E+00   -0.851039E+00   -0.842101E+00
   -0.827632E+00   -0.819763E+00   -0.797563E+00   -0.752560E+00
   -0.752560E+00   -0.731180E+00   -0.707320E+00   -0.678295E+00
   -0.644793E+00   -0.609805E+00   -0.576154E+00   -0.542891E+00
   -0.506536E+00   -0.468793E+00   -0.431448E+00   -0.388410E+00
   -0.357025E+00   -0.325589E+00   -0.325589E+00   -0.325589E+00
   -0.226324E+00   -0.870294E-01   -0.531342E-01   -0.531342E-01
   -0.531342E-01   -0.531342E-01    0.317540E-02    0.119371E+00
    0.119371E+00    0.119371E+00    0.119371E+00    0.119371E+00
    0.119371E+00    0.158758E+00    0.158758E+00    0.198368E+00
    0.198368E+00    0.228573E+00    0.228573E+00    0.228573E+00
    0.228573E+00    0.228573E+00    0.228573E+00    0.228573E+00
    0.228573E+00    0.228573E+00    0.228573E+00    0.228573E+00
    0.228573E+00    0.278952E+00    0.278952E+00    0.278952E+00
    0.278952E+00    0.278952E+00    0.278952E+00    0.278952E+00
    0.278952E+00    0.278952E+00    0.278952E+00    0.278952E+00
    0.278952E+00    0.278952E+00    0.278952E+00    0.278952E+00
    0.278952E+00    0.278952E+00    0.278952E+00    0.278952E+00
   -0.146385E+01   -0.144210E+01   -0.142035E+01   -0.139819E+01
   -0.137603E+01   -0.135387E+01   -0.133171E+01   -0.130955E+01
   -0.128734E+01   -0.126712E+01   -0.124691E+01   -0.122669E+01
   -0.120647E+01   -0.119314E+01   -0.117982E+01   -0.116649E+01
   -0.115102E+01   -0.112433E+01   -0.109529E+01   -0.108040E+01
   -0.106764E+01   -0.105503E+01   -0.103727E+01   -0.101968E+01
   -0.100970E+01   -0.100123E+01   -0.990128E+00   -0.977529E+00
   -0.965915E+00   -0.954371E+00   -0.942759E+00   -0.942759E+00
   -0.942759E+00   -0.890850E+00   -0.890850E+00   -0.890850E+00
   -0.890850E+00   -0.890850E+00   -0.839425E+00   -0.892992E+00
   -0.892992E+00   -0.892992E+00   -0.892992E+00   -0.892992E+00
   -0.892992E+00   -0.892992E+00   -0.884141E+00   -0.876392E+00
   -0.876392E+00   -0.875007E+00   -0.869190E+00   -0.858194E+00
   -0.847795E+00   -0.838060E+00   -0.829502E+00   -0.810738E+00
   -0.786553E+00   -0.770164E+00   -0.746137E+00   -0.722627E+00
   -0.695011E+00   -0.662927E+00   -0.630885E+00   -0.597869E+00
   -0.565478E+00   -0.532364E+00   -0.495738E+00   -0.457291E+00
   -0.420271E+00   -0.388272E+00   -0.325589E+00   -0.325589E+00
   -0.325589E+00   -0.325589E+00   -0.870294E-01   -0.531342E-01
   -0.531342E-01   -0.531342E-01   -0.531342E-01   -0.531342E-01
    0.119371E+00    0.119371E+00    0.119371E+00    0.119371E+00
    0.119371E+00    0.119371E+00    0.119371E+00    0.158758E+00
    0.158758E+00    0.198368E+00    0.198368E+00    0.228573E+00
    0.228573E+00    0.228573E+00    0.228573E+00    0.228573E+00
    0.228573E+00    0.228573E+00    0.228573E+00    0.228573E+00
    0.228573E+00    0.228573E+00    0.228573E+00    0.228573E+00
    0.278952E+00    0.278952E+00    0.278952E+00    0.278952E+00
    0.278952E+00    0.278952E+00    0.278952E+00    0.278952E+00
    0.278952E+00    0.278952E+00    0.278952E+00    0.278952E+00
    0.278952E+00    0.278952E+00    0.278952E+00    0.278952E+00
    0.278952E+00   -0.147972E+01   -0.145753E+01   -0.143534E+01
   -0.141337E+01   -0.139139E+01   -0.136941E+01   -0.134743E+01
   -0.132545E+01   -0.130147E+01   -0.127748E+01   -0.125644E+01
   -0.123623E+01   -0.121601E+01   -0.120314E+01   -0.119027E+01
   -0.117741E+01   -0.116228E+01   -0.114036E+01   -0.111938E+01
   -0.110417E+01   -0.108928E+01   -0.107478E+01   -0.106145E+01
   -0.104744E+01   -0.103098E+01   -0.102000E+01   -0.100911E+01
   -0.997866E+00   -0.987200E+00   -0.977191E+00   -0.942759E+00
   -0.942759E+00   -0.942759E+00   -0.942759E+00   -0.942759E+00
   -0.890850E+00   -0.890850E+00   -0.890850E+00   -0.890850E+00
   -0.892992E+00   -0.892992E+00   -0.892992E+00   -0.892992E+00
   -0.892992E+00   -0.892992E+00   -0.892992E+00   -0.884141E+00
   -0.884141E+00   -0.883273E+00   -0.881164E+00   -0.876264E+00
   -0.866550E+00   -0.856991E+00   -0.847671E+00   -0.837056E+00
   -0.821925E+00   -0.796317E+00   -0.779339E+00   -0.759379E+00
   -0.737665E+00   -0.711610E+00   -0.681166E+00   -0.650476E+00
   -0.619870E+00   -0.588522E+00   -0.555604E+00   -0.517321E+00
   -0.486809E+00   -0.452289E+00   -0.417570E+00   -0.417570E+00
   -0.417570E+00   -0.325589E+00   -0.325589E+00   -0.325589E+00
   -0.531342E-01   -0.531342E-01   -0.531342E-01   -0.531342E-01
   -0.531342E-01    0.119371E+00    0.119371E+00    0.119371E+00
    0.119371E+00    0.119371E+00    0.119371E+00    0.119371E+00
    0.119371E+00    0.158758E+00    0.158758E+00    0.198368E+00
    0.198368E+00    0.228573E+00    0.228573E+00    0.228573E+00
    0.228573E+00    0.228573E+00    0.228573E+00    0.228573E+00
    0.228573E+00    0.228573E+00    0.228573E+00    0.228573E+00
    0.228573E+00    0.228573E+00    0.228573E+00    0.278952E+00
    0.278952E+00    0.278952E+00    0.278952E+00    0.278952E+00
    0.278952E+00    0.278952E+00    0.278952E+00    0.278952E+00
    0.278952E+00    0.278952E+00    0.278952E+00    0.278952E+00
    0.278952E+00    0.278952E+00   -0.149558E+01   -0.147296E+01
   -0.145034E+01   -0.142854E+01   -0.140674E+01   -0.138494E+01
   -0.136315E+01   -0.134135E+01   -0.131737E+01   -0.129338E+01
   -0.126940E+01   -0.124577E+01   -0.122555E+01   -0.121314E+01
   -0.120073E+01   -0.118832E+01   -0.117354E+01   -0.115410E+01
   -0.113793E+01   -0.112273E+01   -0.110785E+01   -0.109335E+01
   -0.108023E+01   -0.106646E+01   -0.104831E+01   -0.103968E+01
   -0.102896E+01   -0.101795E+01   -0.100674E+01   -0.977191E+00
   -0.977191E+00   -0.942759E+00   -0.942759E+00   -0.942759E+00
   -0.942759E+00   -0.942759E+00   -0.942759E+00   -0.106584E+01
   -0.106584E+01   -0.892992E+00   -0.892992E+00   -0.892992E+00
   -0.892992E+00   -0.892992E+00   -0.892992E+00   -0.892992E+00
   -0.892992E+00   -0.890682E+00   -0.889711E+00   -0.888269E+00
   -0.883377E+00   -0.874308E+00   -0.865091E+00   -0.855761E+00
   -0.846277E+00   -0.830053E+00   -0.812302E+00   -0.793860E+00
   -0.771099E+00   -0.752128E+00   -0.726393E+00   -0.697576E+00
   -0.669325E+00   -0.639369E+00   -0.610727E+00   -0.578621E+00
   -0.544899E+00   -0.512337E+00   -0.479660E+00   -0.448673E+00
   -0.448673E+00   -0.448673E+00   -0.448673E+00   -0.448673E+00
   -0.325589E+00   -0.325589E+00   -0.531342E-01   -0.531342E-01
   -0.531342E-01   -0.531342E-01   -0.531342E-01    0.119371E+00
    0.119371E+00    0.119371E+00    0.119371E+00    0.119371E+00
    0.119371E+00    0.119371E+00    0.119371E+00    0.158758E+00
    0.158758E+00    0.198368E+00    0.198368E+00    0.228573E+00
    0.228573E+00    0.228573E+00    0.228573E+00    0.228573E+00
    0.228573E+00    0.228573E+00    0.228573E+00    0.228573E+00
    0.228573E+00    0.228573E+00    0.228573E+00    0.228573E+00
    0.228573E+00    0.228573E+00    0.278952E+00    0.278952E+00
    0.278952E+00    0.278952E+00    0.278952E+00    0.278952E+00
    0.278952E+00    0.278952E+00    0.278952E+00    0.278952E+00
    0.278952E+00    0.278952E+00    0.278952E+00   -0.151144E+01
   -0.148839E+01   -0.146533E+01   -0.144371E+01   -0.142210E+01
   -0.140048E+01   -0.137887E+01   -0.135725E+01   -0.133327E+01
   -0.130928E+01   -0.128530E+01   -0.126544E+01   -0.123992E+01
   -0.122780E+01   -0.121569E+01   -0.120358E+01   -0.118857E+01
   -0.117245E+01   -0.115633E+01   -0.114117E+01   -0.112633E+01
   -0.111196E+01   -0.109904E+01   -0.108533E+01   -0.107025E+01
   -0.105895E+01   -0.104798E+01   -0.103595E+01   -0.100674E+01
   -0.100674E+01   -0.977191E+00   -0.977191E+00   -0.942759E+00
   -0.942759E+00   -0.942759E+00   -0.942759E+00   -0.106584E+01
   -0.106584E+01   -0.106584E+01   -0.106584E+01   -0.904808E+00
   -0.904808E+00   -0.904808E+00   -0.904808E+00   -0.904808E+00
   -0.904808E+00   -0.904808E+00   -0.902121E+00   -0.900388E+00
   -0.897079E+00   -0.891081E+00   -0.882016E+00   -0.871802E+00
   -0.861922E+00   -0.852012E+00   -0.837454E+00   -0.817576E+00
   -0.798264E+00   -0.780050E+00   -0.760348E+00   -0.736401E+00
   -0.708177E+00   -0.680790E+00   -0.652027E+00   -0.624382E+00
   -0.595811E+00   -0.564234E+00   -0.533082E+00   -0.479660E+00
   -0.448673E+00   -0.448673E+00   -0.448673E+00   -0.448673E+00
   -0.448673E+00   -0.448673E+00   -0.448673E+00   -0.531342E-01
   -0.531342E-01   -0.531342E-01   -0.531342E-01   -0.531342E-01
    0.119371E+00    0.119371E+00    0.119371E+00    0.119371E+00
    0.119371E+00    0.119371E+00    0.119371E+00    0.119371E+00
    0.119371E+00    0.158758E+00    0.158758E+00    0.198368E+00
    0.198368E+00    0.228573E+00    0.228573E+00    0.228573E+00
    0.228573E+00    0.228573E+00    0.228573E+00    0.228573E+00
    0.228573E+00    0.228573E+00    0.228573E+00    0.228573E+00
    0.228573E+00    0.228573E+00    0.228573E+00    0.228573E+00
    0.228573E+00    0.278952E+00    0.278952E+00    0.278952E+00
    0.278952E+00    0.278952E+00    0.278952E+00    0.278952E+00
    0.278952E+00    0.278952E+00    0.278952E+00    0.278952E+00
   -0.152735E+01   -0.150407E+01   -0.148079E+01   -0.145933E+01
   -0.143788E+01   -0.141643E+01   -0.139498E+01   -0.137353E+01
   -0.135476E+01   -0.133600E+01   -0.131723E+01   -0.129848E+01
   -0.126314E+01   -0.125102E+01   -0.123658E+01   -0.122164E+01
   -0.120644E+01   -0.119044E+01   -0.117445E+01   -0.115940E+01
   -0.114466E+01   -0.113038E+01   -0.111753E+01   -0.110390E+01
   -0.108574E+01   -0.107733E+01   -0.106711E+01   -0.105447E+01
   -0.104735E+01   -0.104735E+01   -0.104735E+01   -0.104735E+01
   -0.104735E+01   -0.942759E+00   -0.108086E+01   -0.107344E+01
   -0.106584E+01   -0.106584E+01   -0.106584E+01   -0.106584E+01
   -0.917918E+00   -0.917918E+00   -0.917918E+00   -0.917918E+00
   -0.917918E+00   -0.917918E+00   -0.917918E+00   -0.913879E+00
   -0.909316E+00   -0.905753E+00   -0.899420E+00   -0.888748E+00
   -0.876529E+00   -0.867298E+00   -0.857666E+00   -0.842496E+00
   -0.823423E+00   -0.804876E+00   -0.787475E+00   -0.765783E+00
   -0.741000E+00   -0.713918E+00   -0.693313E+00   -0.667076E+00
   -0.636170E+00   -0.611295E+00   -0.584567E+00   -0.533082E+00
   -0.533082E+00   -0.448673E+00   -0.448673E+00   -0.448673E+00
   -0.448673E+00   -0.448673E+00   -0.448673E+00   -0.448673E+00
   -0.448673E+00   -0.531342E-01   -0.531342E-01   -0.531342E-01
   -0.531342E-01   -0.531342E-01    0.119371E+00    0.119371E+00
    0.119371E+00    0.119371E+00    0.119371E+00    0.119371E+00
    0.119371E+00    0.119371E+00    0.119371E+00    0.158758E+00
    0.158758E+00    0.198368E+00    0.198368E+00    0.228573E+00
    0.228573E+00    0.228573E+00    0.228573E+00    0.228573E+00
    0.228573E+00    0.228573E+00    0.228573E+00    0.228573E+00
    0.228573E+00    0.228573E+00    0.228573E+00    0.228573E+00
    0.228573E+00    0.228573E+00    0.228573E+00    0.228573E+00
    0.278952E+00    0.278952E+00    0.278952E+00    0.278952E+00
    0.278952E+00    0.278952E+00    0.278952E+00    0.278952E+00
    0.278952E+00   -0.154332E+01   -0.152018E+01   -0.149704E+01
   -0.147572E+01   -0.145441E+01   -0.143309E+01   -0.141178E+01
   -0.139046E+01   -0.137170E+01   -0.135293E+01   -0.133423E+01
   -0.131592E+01   -0.128197E+01   -0.126766E+01   -0.125335E+01
   -0.123903E+01   -0.122433E+01   -0.120845E+01   -0.119258E+01
   -0.117763E+01   -0.116300E+01   -0.114882E+01   -0.113604E+01
   -0.112129E+01   -0.110691E+01   -0.109600E+01   -0.108595E+01
   -0.107273E+01   -0.106673E+01   -0.106673E+01   -0.106673E+01
   -0.106673E+01   -0.109864E+01   -0.108829E+01   -0.108086E+01
   -0.107344E+01   -0.106584E+01   -0.106584E+01   -0.106584E+01
   -0.106584E+01   -0.105565E+01   -0.930727E+00   -0.930727E+00
   -0.930727E+00   -0.930727E+00   -0.930727E+00   -0.930727E+00
   -0.925426E+00   -0.920813E+00   -0.915192E+00   -0.906900E+00
   -0.894848E+00   -0.884221E+00   -0.872748E+00   -0.861411E+00
   -0.848101E+00   -0.829322E+00   -0.809372E+00   -0.790871E+00
   -0.773113E+00   -0.751651E+00   -0.726993E+00   -0.702581E+00
   -0.678441E+00   -0.653781E+00   -0.627629E+00   -0.584567E+00
   -0.584567E+00   -0.533082E+00   -0.533082E+00   -0.448673E+00
   -0.448673E+00   -0.448673E+00   -0.448673E+00   -0.448673E+00
   -0.448673E+00   -0.448673E+00   -0.448673E+00   -0.531342E-01
   -0.531342E-01   -0.531342E-01   -0.531342E-01    0.119371E+00
    0.119371E+00    0.119371E+00    0.119371E+00    0.119371E+00
    0.119371E+00    0.119371E+00    0.119371E+00    0.119371E+00
    0.119371E+00    0.158758E+00    0.158758E+00    0.198368E+00
    0.198368E+00    0.228573E+00    0.228573E+00    0.228573E+00
    0.228573E+00    0.228573E+00    0.228573E+00    0.228573E+00
    0.228573E+00    0.228573E+00    0.228573E+00    0.228573E+00
    0.228573E+00    0.228573E+00    0.228573E+00    0.228573E+00
    0.228573E+00    0.228573E+00    0.228573E+00    0.278952E+00
    0.278952E+00    0.278952E+00    0.278952E+00    0.278952E+00
    0.278952E+00    0.278952E+00   -0.155929E+01   -0.153629E+01
   -0.151328E+01   -0.149211E+01   -0.147093E+01   -0.144975E+01
   -0.142858E+01   -0.140740E+01   -0.138864E+01   -0.136998E+01
   -0.135167E+01   -0.133336E+01   -0.129367E+01   -0.128101E+01
   -0.126835E+01   -0.125570E+01   -0.124227E+01   -0.122650E+01
   -0.121073E+01   -0.119589E+01   -0.118134E+01   -0.116724E+01
   -0.115454E+01   -0.113986E+01   -0.112299E+01   -0.111476E+01
   -0.110388E+01   -0.109354E+01   -0.108255E+01   -0.108255E+01
   -0.108255E+01   -0.109864E+01   -0.109864E+01   -0.108829E+01
   -0.108086E+01   -0.107344E+01   -0.106584E+01   -0.106584E+01
   -0.106584E+01   -0.105565E+01   -0.105565E+01   -0.105565E+01
   -0.943382E+00   -0.943382E+00   -0.943382E+00   -0.943382E+00
   -0.943382E+00   -0.938731E+00   -0.930371E+00   -0.924090E+00
   -0.914502E+00   -0.901828E+00   -0.890892E+00   -0.878859E+00
   -0.866421E+00   -0.852812E+00   -0.834084E+00   -0.816191E+00
   -0.796461E+00   -0.780714E+00   -0.759787E+00   -0.736456E+00
   -0.713260E+00   -0.690306E+00   -0.667079E+00   -0.644809E+00
   -0.644809E+00   -0.644809E+00   -0.584567E+00   -0.533082E+00
   -0.448673E+00   -0.448673E+00   -0.448673E+00   -0.448673E+00
   -0.448673E+00   -0.448673E+00   -0.448673E+00   -0.448673E+00
   -0.448673E+00   -0.531342E-01   -0.531342E-01   -0.531342E-01
    0.119371E+00    0.119371E+00    0.119371E+00    0.119371E+00
    0.119371E+00    0.119371E+00    0.119371E+00    0.119371E+00
    0.119371E+00    0.119371E+00    0.119371E+00    0.158758E+00
    0.158758E+00    0.198368E+00    0.198368E+00    0.228573E+00
    0.228573E+00    0.228573E+00    0.228573E+00    0.228573E+00
    0.228573E+00    0.228573E+00    0.228573E+00    0.228573E+00
    0.228573E+00    0.228573E+00    0.228573E+00    0.228573E+00
    0.228573E+00    0.228573E+00    0.228573E+00    0.228573E+00
    0.228573E+00    0.228573E+00    0.278952E+00    0.278952E+00
    0.278952E+00    0.278952E+00    0.278952E+00   -0.157526E+01
   -0.155240E+01   -0.152953E+01   -0.150849E+01   -0.148745E+01
   -0.146642E+01   -0.144538E+01   -0.142434E+01   -0.140573E+01
   -0.138743E+01   -0.136912E+01   -0.135081E+01   -0.131045E+01
   -0.129640E+01   -0.128473E+01   -0.127306E+01   -0.126039E+01
   -0.124471E+01   -0.122903E+01   -0.121425E+01   -0.119978E+01
   -0.118576E+01   -0.117311E+01   -0.116015E+01   -0.114440E+01
   -0.113340E+01   -0.112289E+01   -0.111208E+01   -0.110067E+01
   -0.110067E+01   -0.109864E+01   -0.109864E+01   -0.109769E+01
   -0.108829E+01   -0.108086E+01   -0.107344E+01   -0.106584E+01
   -0.106584E+01   -0.106584E+01   -0.105565E+01   -0.105565E+01
   -0.105565E+01   -0.105143E+01   -0.943382E+00   -0.943382E+00
   -0.943382E+00   -0.943382E+00   -0.938731E+00   -0.940950E+00
   -0.934211E+00   -0.922358E+00   -0.910638E+00   -0.898600E+00
   -0.886007E+00   -0.874592E+00   -0.859786E+00   -0.840829E+00
   -0.824592E+00   -0.806234E+00   -0.787738E+00   -0.769028E+00
   -0.747192E+00   -0.726584E+00   -0.700674E+00   -0.684845E+00
   -0.661377E+00   -0.661377E+00   -0.672166E+00   -0.672166E+00
   -0.672166E+00   -0.672166E+00   -0.713236E+00   -0.727745E+00
   -0.448673E+00   -0.448673E+00   -0.448673E+00   -0.448673E+00
   -0.448673E+00   -0.448673E+00   -0.448673E+00   -0.531342E-01
   -0.531342E-01   -0.531342E-01    0.119371E+00    0.119371E+00
    0.119371E+00    0.119371E+00    0.119371E+00    0.119371E+00
    0.119371E+00    0.119371E+00    0.119371E+00    0.119371E+00
    0.119371E+00    0.158758E+00    0.158758E+00    0.198368E+00
    0.198368E+00    0.228573E+00    0.228573E+00    0.228573E+00
    0.228573E+00    0.228573E+00    0.228573E+00    0.228573E+00
    0.228573E+00    0.228573E+00    0.228573E+00    0.228573E+00
    0.228573E+00    0.228573E+00    0.228573E+00    0.228573E+00
    0.228573E+00    0.228573E+00    0.228573E+00    0.228573E+00
    0.228573E+00    0.278952E+00    0.278952E+00    0.278952E+00
   -0.159177E+01   -0.156903E+01   -0.154630E+01   -0.152538E+01
   -0.150446E+01   -0.148355E+01   -0.146263E+01   -0.144171E+01
   -0.142340E+01   -0.140509E+01   -0.138679E+01   -0.136845E+01
   -0.133463E+01   -0.131990E+01   -0.130517E+01   -0.129143E+01
   -0.127877E+01   -0.126314E+01   -0.124752E+01   -0.123278E+01
   -0.121833E+01   -0.120433E+01   -0.119130E+01   -0.117803E+01
   -0.116347E+01   -0.115024E+01   -0.113711E+01   -0.112803E+01
   -0.111944E+01   -0.110849E+01   -0.109864E+01   -0.109864E+01
   -0.109769E+01   -0.108829E+01   -0.108086E+01   -0.107344E+01
   -0.106584E+01   -0.106584E+01   -0.106320E+01   -0.105565E+01
   -0.105565E+01   -0.105565E+01   -0.105143E+01   -0.104377E+01
   -0.943382E+00   -0.943382E+00   -0.943382E+00   -0.940950E+00
   -0.940950E+00   -0.934211E+00   -0.935658E+00   -0.925173E+00
   -0.912941E+00   -0.900268E+00   -0.888783E+00   -0.874522E+00
   -0.857648E+00   -0.840943E+00   -0.824380E+00   -0.807463E+00
   -0.789103E+00   -0.770916E+00   -0.753156E+00   -0.729474E+00
   -0.708475E+00   -0.689737E+00   -0.672166E+00   -0.672166E+00
   -0.672166E+00   -0.713236E+00   -0.713236E+00   -0.727745E+00
   -0.727745E+00   -0.727745E+00   -0.727745E+00   -0.727745E+00
   -0.727745E+00   -0.727745E+00   -0.727745E+00   -0.727745E+00
   -0.727745E+00   -0.727745E+00   -0.531342E-01    0.119371E+00
    0.119371E+00    0.119371E+00    0.119371E+00    0.119371E+00
    0.119371E+00    0.119371E+00    0.119371E+00    0.119371E+00
    0.119371E+00    0.119371E+00    0.119371E+00    0.158758E+00
    0.158758E+00    0.198368E+00    0.198368E+00    0.228573E+00
    0.228573E+00    0.228573E+00    0.228573E+00    0.228573E+00
    0.228573E+00    0.228573E+00    0.228573E+00    0.228573E+00
    0.228573E+00    0.228573E+00    0.228573E+00    0.228573E+00
    0.228573E+00    0.228573E+00    0.228573E+00    0.228573E+00
    0.228573E+00    0.228573E+00    0.228573E+00    0.228573E+00
    0.278952E+00   -0.160902E+01   -0.158639E+01   -0.156377E+01
   -0.154296E+01   -0.152214E+01   -0.150133E+01   -0.148051E+01
   -0.145970E+01   -0.144139E+01   -0.142308E+01   -0.140470E+01
   -0.138607E+01   -0.135765E+01   -0.134235E+01   -0.132706E+01
   -0.131176E+01   -0.129639E+01   -0.128079E+01   -0.126459E+01
   -0.124941E+01   -0.123609E+01   -0.122278E+01   -0.120950E+01
   -0.119622E+01   -0.118201E+01   -0.116814E+01   -0.115820E+01
   -0.114802E+01   -0.113779E+01   -0.112691E+01   -0.111691E+01
   -0.110785E+01   -0.109769E+01   -0.108829E+01   -0.108086E+01
   -0.107344E+01   -0.106584E+01   -0.106584E+01   -0.106320E+01
   -0.105565E+01   -0.105565E+01   -0.105915E+01   -0.105143E+01
   -0.104377E+01   -0.103601E+01   -0.102782E+01   -0.102263E+01
   -0.940950E+00   -0.940950E+00   -0.935658E+00   -0.935658E+00
   -0.925173E+00   -0.926555E+00   -0.916581E+00   -0.905176E+00
   -0.891501E+00   -0.875894E+00   -0.860080E+00   -0.844224E+00
   -0.828526E+00   -0.810024E+00   -0.792607E+00   -0.775118E+00
   -0.752339E+00   -0.737819E+00   -0.715023E+00   -0.699534E+00
   -0.699534E+00   -0.713236E+00   -0.713236E+00   -0.727745E+00
   -0.727745E+00   -0.727745E+00   -0.727745E+00   -0.727745E+00
   -0.727745E+00   -0.727745E+00   -0.727745E+00   -0.727745E+00
   -0.727745E+00   -0.727745E+00   -0.727745E+00   -0.727745E+00
   -0.727745E+00    0.119371E+00    0.119371E+00    0.119371E+00
    0.119371E+00    0.119371E+00    0.119371E+00    0.119371E+00
    0.119371E+00    0.119371E+00    0.119371E+00    0.119371E+00
    0.119371E+00    0.158758E+00    0.158758E+00    0.198368E+00
    0.198368E+00    0.228573E+00    0.228573E+00    0.228573E+00
    0.228573E+00    0.228573E+00    0.228573E+00    0.228573E+00
    0.228573E+00    0.228573E+00    0.228573E+00    0.228573E+00
    0.228573E+00    0.228573E+00    0.228573E+00    0.228573E+00
    0.228573E+00    0.228573E+00    0.228573E+00    0.228573E+00
    0.228573E+00    0.228573E+00   -0.162626E+01   -0.160376E+01
   -0.158125E+01   -0.156053E+01   -0.153982E+01   -0.151911E+01
   -0.149839E+01   -0.147768E+01   -0.145937E+01   -0.144096E+01
   -0.142232E+01   -0.140369E+01   -0.137914E+01   -0.136255E+01
   -0.134596E+01   -0.132936E+01   -0.131302E+01   -0.129742E+01
   -0.127685E+01   -0.126358E+01   -0.125281E+01   -0.124141E+01
   -0.122811E+01   -0.121480E+01   -0.120113E+01   -0.118890E+01
   -0.117740E+01   -0.116535E+01   -0.115281E+01   -0.114048E+01
   -0.113440E+01   -0.112563E+01   -0.111647E+01   -0.110659E+01
   -0.109506E+01   -0.108732E+01   -0.107989E+01   -0.107154E+01
   -0.106320E+01   -0.105565E+01   -0.105565E+01   -0.105915E+01
   -0.105143E+01   -0.104377E+01   -0.103601E+01   -0.102782E+01
   -0.102263E+01   -0.102263E+01   -0.102263E+01   -0.935658E+00
   -0.935658E+00   -0.926555E+00   -0.926555E+00   -0.916581E+00
   -0.919644E+00   -0.908929E+00   -0.894225E+00   -0.879434E+00
   -0.864267E+00   -0.849981E+00   -0.829546E+00   -0.816181E+00
   -0.798371E+00   -0.778358E+00   -0.763291E+00   -0.746132E+00
   -0.727757E+00   -0.713236E+00   -0.713236E+00   -0.727745E+00
   -0.727745E+00   -0.727745E+00   -0.727745E+00   -0.727745E+00
   -0.727745E+00   -0.727745E+00   -0.727745E+00   -0.727745E+00
   -0.727745E+00   -0.727745E+00   -0.727745E+00   -0.727745E+00
   -0.727745E+00   -0.727745E+00   -0.727745E+00    0.119371E+00
    0.119371E+00    0.119371E+00    0.119371E+00    0.119371E+00
    0.119371E+00    0.119371E+00    0.119371E+00    0.119371E+00
    0.119371E+00    0.119371E+00    0.119371E+00    0.158758E+00
    0.158758E+00    0.198368E+00    0.198368E+00    0.228573E+00
    0.228573E+00    0.228573E+00    0.228573E+00    0.228573E+00
    0.228573E+00    0.228573E+00    0.228573E+00    0.228573E+00
    0.228573E+00    0.228573E+00    0.228573E+00    0.228573E+00
    0.228573E+00    0.228573E+00    0.228573E+00    0.228573E+00
    0.228573E+00    0.228573E+00    0.228573E+00   -0.164351E+01
   -0.162112E+01   -0.159872E+01   -0.157811E+01   -0.155750E+01
   -0.153689E+01   -0.151628E+01   -0.149566E+01   -0.147722E+01
   -0.145858E+01   -0.143995E+01   -0.142131E+01   -0.140064E+01
   -0.138275E+01   -0.136485E+01   -0.134696E+01   -0.132965E+01
   -0.130987E+01   -0.129238E+01   -0.127994E+01   -0.127055E+01
   -0.126018E+01   -0.124684E+01   -0.123350E+01   -0.122097E+01
   -0.120870E+01   -0.119623E+01   -0.118312E+01   -0.117196E+01
   -0.116234E+01   -0.115266E+01   -0.114345E+01   -0.113413E+01
   -0.112475E+01   -0.111560E+01   -0.110692E+01   -0.109881E+01
   -0.109078E+01   -0.108276E+01   -0.107475E+01   -0.106687E+01
   -0.105915E+01   -0.105143E+01   -0.104377E+01   -0.103601E+01
   -0.102782E+01   -0.102263E+01   -0.102263E+01   -0.102839E+01
   -0.102839E+01   -0.926555E+00   -0.926555E+00   -0.926555E+00
   -0.919644E+00   -0.919644E+00   -0.924584E+00   -0.912436E+00
   -0.898404E+00   -0.884461E+00   -0.872238E+00   -0.856111E+00
   -0.839611E+00   -0.822996E+00   -0.809341E+00   -0.790759E+00
   -0.774251E+00   -0.759572E+00   -0.741297E+00   -0.727745E+00
   -0.727745E+00   -0.727745E+00   -0.727745E+00   -0.727745E+00
   -0.727745E+00   -0.727745E+00   -0.727745E+00   -0.727745E+00
   -0.727745E+00   -0.727745E+00   -0.727745E+00   -0.727745E+00
   -0.727745E+00   -0.727745E+00   -0.727745E+00   -0.727745E+00
   -0.727745E+00   -0.727745E+00    0.119371E+00    0.119371E+00
    0.119371E+00    0.119371E+00    0.119371E+00    0.119371E+00
    0.119371E+00    0.119371E+00    0.119371E+00    0.119371E+00
    0.119371E+00    0.158758E+00    0.158758E+00    0.198368E+00
    0.198368E+00    0.228573E+00    0.228573E+00    0.228573E+00
    0.228573E+00    0.228573E+00    0.228573E+00    0.228573E+00
    0.228573E+00    0.228573E+00    0.228573E+00    0.228573E+00
    0.228573E+00    0.228573E+00    0.228573E+00    0.228573E+00
    0.228573E+00    0.228573E+00    0.228573E+00    0.228573E+00
   -0.166137E+01   -0.163908E+01   -0.161679E+01   -0.159626E+01
   -0.157574E+01   -0.155522E+01   -0.153470E+01   -0.151417E+01
   -0.149556E+01   -0.147695E+01   -0.145834E+01   -0.143973E+01
   -0.142112E+01   -0.140254E+01   -0.138397E+01   -0.136540E+01
   -0.134809E+01   -0.132813E+01   -0.131594E+01   -0.130289E+01
   -0.128984E+01   -0.127909E+01   -0.126571E+01   -0.125234E+01
   -0.123974E+01   -0.122741E+01   -0.121488E+01   -0.120311E+01
   -0.119176E+01   -0.118043E+01   -0.116862E+01   -0.115749E+01
   -0.114812E+01   -0.114002E+01   -0.112823E+01   -0.112136E+01
   -0.111213E+01   -0.110400E+01   -0.109701E+01   -0.108673E+01
   -0.108048E+01   -0.107175E+01   -0.106504E+01   -0.105928E+01
   -0.105133E+01   -0.104301E+01   -0.103535E+01   -0.102839E+01
   -0.102839E+01   -0.103479E+01   -0.103488E+01   -0.103488E+01
   -0.919644E+00   -0.941945E+00   -0.941945E+00   -0.941945E+00
   -0.930607E+00   -0.917509E+00   -0.904887E+00   -0.890440E+00
   -0.878499E+00   -0.861903E+00   -0.848671E+00   -0.828811E+00
   -0.818231E+00   -0.804009E+00   -0.788237E+00   -0.773588E+00
   -0.759059E+00   -0.759059E+00   -0.759059E+00   -0.759059E+00
   -0.759059E+00   -0.759059E+00   -0.759059E+00   -0.759059E+00
   -0.759059E+00   -0.759059E+00   -0.759059E+00   -0.759059E+00
   -0.759059E+00   -0.759059E+00   -0.759059E+00   -0.759059E+00
   -0.759059E+00   -0.759059E+00   -0.759059E+00   -0.759059E+00
    0.119371E+00    0.119371E+00    0.119371E+00    0.119371E+00
    0.119371E+00    0.119371E+00    0.119371E+00    0.119371E+00
    0.119371E+00    0.119371E+00    0.119371E+00    0.158758E+00
    0.158758E+00    0.198368E+00    0.198368E+00    0.228573E+00
    0.228573E+00    0.228573E+00    0.228573E+00    0.228573E+00
    0.228573E+00    0.228573E+00    0.228573E+00    0.228573E+00
    0.228573E+00    0.228573E+00    0.228573E+00    0.228573E+00
    0.228573E+00    0.228573E+00    0.228573E+00    0.228573E+00
    0.228573E+00   -0.167989E+01   -0.165769E+01   -0.163549E+01
   -0.161505E+01   -0.159460E+01   -0.157416E+01   -0.155371E+01
   -0.153327E+01   -0.151471E+01   -0.149615E+01   -0.147759E+01
   -0.145903E+01   -0.144047E+01   -0.142189E+01   -0.140332E+01
   -0.138609E+01   -0.136957E+01   -0.135171E+01   -0.133803E+01
   -0.132436E+01   -0.131069E+01   -0.129709E+01   -0.128370E+01
   -0.126957E+01   -0.125667E+01   -0.124544E+01   -0.123417E+01
   -0.122276E+01   -0.121135E+01   -0.119879E+01   -0.118660E+01
   -0.118095E+01   -0.117129E+01   -0.116166E+01   -0.115249E+01
   -0.114347E+01   -0.113443E+01   -0.112599E+01   -0.111759E+01
   -0.110890E+01   -0.109986E+01   -0.109113E+01   -0.108340E+01
   -0.107557E+01   -0.106748E+01   -0.105910E+01   -0.105042E+01
   -0.104230E+01   -0.103479E+01   -0.103479E+01   -0.103488E+01
   -0.103488E+01   -0.103488E+01   -0.959721E+00   -0.959721E+00
   -0.959721E+00   -0.948878E+00   -0.936654E+00   -0.925043E+00
   -0.911702E+00   -0.898260E+00   -0.884325E+00   -0.870525E+00
   -0.857819E+00   -0.841909E+00   -0.827915E+00   -0.811661E+00
   -0.799567E+00   -0.759059E+00   -0.759059E+00   -0.759059E+00
   -0.759059E+00   -0.759059E+00   -0.759059E+00   -0.759059E+00
   -0.759059E+00   -0.759059E+00   -0.759059E+00   -0.759059E+00
   -0.759059E+00   -0.759059E+00   -0.759059E+00   -0.759059E+00
   -0.759059E+00   -0.759059E+00   -0.759059E+00   -0.759059E+00
   -0.759059E+00   -0.759059E+00    0.119371E+00    0.119371E+00
    0.119371E+00    0.119371E+00    0.119371E+00    0.119371E+00
    0.119371E+00    0.119371E+00    0.119371E+00    0.119371E+00
    0.119371E+00    0.158758E+00    0.158758E+00    0.198368E+00
    0.198368E+00    0.228573E+00    0.228573E+00    0.228573E+00
    0.228573E+00    0.228573E+00    0.228573E+00    0.228573E+00
    0.228573E+00    0.228573E+00    0.228573E+00    0.228573E+00
    0.228573E+00    0.228573E+00    0.228573E+00    0.228573E+00
    0.228573E+00    0.228573E+00   -0.169842E+01   -0.167631E+01
   -0.165420E+01   -0.163383E+01   -0.161347E+01   -0.159310E+01
   -0.157273E+01   -0.155236E+01   -0.153385E+01   -0.151534E+01
   -0.149683E+01   -0.147833E+01   -0.145982E+01   -0.144124E+01
   -0.142391E+01   -0.140739E+01   -0.139088E+01   -0.137356E+01
   -0.135861E+01   -0.134365E+01   -0.132870E+01   -0.131414E+01
   -0.130071E+01   -0.128280E+01   -0.127165E+01   -0.126277E+01
   -0.125323E+01   -0.124170E+01   -0.123018E+01   -0.121823E+01
   -0.120749E+01   -0.119854E+01   -0.118864E+01   -0.117886E+01
   -0.116968E+01   -0.116037E+01   -0.115121E+01   -0.114250E+01
   -0.113392E+01   -0.112546E+01   -0.111697E+01   -0.110787E+01
   -0.109846E+01   -0.108956E+01   -0.107925E+01   -0.107272E+01
   -0.106292E+01   -0.105449E+01   -0.104784E+01   -0.103947E+01
   -0.103488E+01   -0.103488E+01   -0.104153E+01   -0.959721E+00
   -0.959721E+00   -0.959721E+00   -0.966875E+00   -0.955604E+00
   -0.943460E+00   -0.932070E+00   -0.918455E+00   -0.906219E+00
   -0.870525E+00   -0.857819E+00   -0.841909E+00   -0.851798E+00
   -0.840924E+00   -0.828173E+00   -0.828173E+00   -0.828173E+00
   -0.759059E+00   -0.759059E+00   -0.759059E+00   -0.759059E+00
   -0.759059E+00   -0.759059E+00   -0.759059E+00   -0.759059E+00
   -0.759059E+00   -0.759059E+00   -0.759059E+00   -0.759059E+00
   -0.759059E+00   -0.759059E+00   -0.759059E+00   -0.759059E+00
   -0.759059E+00   -0.759059E+00   -0.759059E+00   -0.759059E+00
   -0.759059E+00    0.119371E+00    0.119371E+00    0.119371E+00
    0.119371E+00    0.119371E+00    0.119371E+00    0.119371E+00
    0.119371E+00    0.119371E+00    0.119371E+00    0.158758E+00
    0.158758E+00    0.198368E+00    0.198368E+00    0.228573E+00
    0.228573E+00    0.228573E+00    0.228573E+00    0.228573E+00
    0.228573E+00    0.228573E+00    0.228573E+00    0.228573E+00
    0.228573E+00    0.228573E+00    0.228573E+00    0.228573E+00
    0.228573E+00    0.228573E+00    0.228573E+00   -0.171694E+01
   -0.169493E+01   -0.167291E+01   -0.165262E+01   -0.163233E+01
   -0.161203E+01   -0.159174E+01   -0.157145E+01   -0.155299E+01
   -0.153454E+01   -0.151608E+01   -0.149762E+01   -0.147917E+01
   -0.146173E+01   -0.144522E+01   -0.142870E+01   -0.141219E+01
   -0.139541E+01   -0.137918E+01   -0.136295E+01   -0.134671E+01
   -0.133119E+01   -0.131397E+01   -0.130015E+01   -0.128882E+01
   -0.128107E+01   -0.127235E+01   -0.126071E+01   -0.124907E+01
   -0.123804E+01   -0.122723E+01   -0.121662E+01   -0.120663E+01
   -0.119664E+01   -0.118710E+01   -0.117770E+01   -0.116845E+01
   -0.115964E+01   -0.115084E+01   -0.114221E+01   -0.113364E+01
   -0.112466E+01   -0.111444E+01   -0.110750E+01   -0.110109E+01
   -0.109259E+01   -0.108404E+01   -0.107533E+01   -0.106662E+01
   -0.105655E+01   -0.104748E+01   -0.104153E+01   -0.104153E+01
   -0.104821E+01   -0.985972E+00   -0.985972E+00   -0.985972E+00
   -0.974153E+00   -0.963786E+00   -0.952545E+00   -0.940872E+00
   -0.906219E+00   -0.906219E+00   -0.857819E+00   -0.851798E+00
   -0.851798E+00   -0.840924E+00   -0.828173E+00   -0.828173E+00
   -0.828173E+00   -0.828173E+00   -0.828173E+00   -0.759059E+00
   -0.759059E+00   -0.759059E+00   -0.759059E+00   -0.759059E+00
   -0.759059E+00   -0.759059E+00   -0.759059E+00   -0.759059E+00
   -0.759059E+00   -0.759059E+00   -0.759059E+00   -0.759059E+00
   -0.759059E+00   -0.759059E+00   -0.759059E+00   -0.759059E+00
   -0.759059E+00   -0.759059E+00   -0.759059E+00    0.119371E+00
    0.119371E+00    0.119371E+00    0.119371E+00    0.119371E+00
    0.119371E+00    0.119371E+00    0.119371E+00    0.119371E+00
    0.119371E+00    0.158758E+00    0.158758E+00    0.198368E+00
    0.198368E+00    0.228573E+00    0.228573E+00    0.228573E+00
    0.228573E+00    0.228573E+00    0.228573E+00    0.228573E+00
    0.228573E+00    0.228573E+00    0.228573E+00    0.228573E+00
    0.228573E+00    0.228573E+00    0.228573E+00    0.228573E+00
   -0.173409E+01   -0.171279E+01   -0.169149E+01   -0.167124E+01
   -0.165098E+01   -0.163072E+01   -0.161046E+01   -0.158715E+01
   -0.156953E+01   -0.155192E+01   -0.153430E+01   -0.151668E+01
   -0.149907E+01   -0.148255E+01   -0.146604E+01   -0.144953E+01
   -0.143301E+01   -0.141650E+01   -0.139966E+01   -0.138283E+01
   -0.136599E+01   -0.135084E+01   -0.133494E+01   -0.132438E+01
   -0.131267E+01   -0.130096E+01   -0.129153E+01   -0.127977E+01
   -0.126801E+01   -0.125686E+01   -0.124590E+01   -0.123515E+01
   -0.122499E+01   -0.121484E+01   -0.120512E+01   -0.119555E+01
   -0.118612E+01   -0.117713E+01   -0.116815E+01   -0.115935E+01
   -0.115063E+01   -0.114153E+01   -0.113269E+01   -0.112416E+01
   -0.111682E+01   -0.110821E+01   -0.109965E+01   -0.109096E+01
   -0.108227E+01   -0.107136E+01   -0.105953E+01   -0.105307E+01
   -0.104821E+01   -0.104821E+01   -0.103288E+01   -0.100484E+01
   -0.100484E+01   -0.994594E+00   -0.984298E+00   -0.972617E+00
   -0.940872E+00   -0.940872E+00   -0.906219E+00   -0.906219E+00
   -0.851798E+00   -0.851798E+00   -0.840924E+00   -0.828173E+00
   -0.828173E+00   -0.828173E+00   -0.828173E+00   -0.828173E+00
   -0.828173E+00   -0.828173E+00   -0.759059E+00   -0.759059E+00
   -0.759059E+00   -0.759059E+00   -0.759059E+00   -0.759059E+00
   -0.759059E+00   -0.759059E+00   -0.759059E+00   -0.759059E+00
   -0.759059E+00   -0.759059E+00   -0.759059E+00   -0.759059E+00
   -0.759059E+00   -0.759059E+00   -0.759059E+00   -0.759059E+00
   -0.759059E+00   -0.759059E+00    0.119371E+00    0.119371E+00
    0.119371E+00    0.119371E+00    0.119371E+00    0.119371E+00
    0.119371E+00    0.119371E+00    0.119371E+00    0.158758E+00
    0.158758E+00    0.198368E+00    0.198368E+00    0.228573E+00
    0.228573E+00    0.228573E+00    0.228573E+00    0.228573E+00
    0.228573E+00    0.228573E+00    0.228573E+00    0.228573E+00
    0.228573E+00    0.228573E+00    0.228573E+00    0.228573E+00
    0.228573E+00   -0.175000E+01   -0.172998E+01   -0.170996E+01
   -0.168970E+01   -0.166944E+01   -0.164918E+01   -0.162693E+01
   -0.159983E+01   -0.158376E+01   -0.156768E+01   -0.155160E+01
   -0.153553E+01   -0.151945E+01   -0.150294E+01   -0.148643E+01
   -0.146992E+01   -0.145341E+01   -0.143691E+01   -0.142007E+01
   -0.140323E+01   -0.138790E+01   -0.137320E+01   -0.135920E+01
   -0.134679E+01   -0.133439E+01   -0.132198E+01   -0.130972E+01
   -0.129791E+01   -0.128521E+01   -0.127342E+01   -0.126304E+01
   -0.125270E+01   -0.124247E+01   -0.123144E+01   -0.122111E+01
   -0.121201E+01   -0.120293E+01   -0.119385E+01   -0.118406E+01
   -0.117471E+01   -0.116642E+01   -0.115808E+01   -0.114955E+01
   -0.114037E+01   -0.113140E+01   -0.112331E+01   -0.111507E+01
   -0.110638E+01   -0.109715E+01   -0.108705E+01   -0.107660E+01
   -0.106641E+01   -0.106055E+01   -0.106055E+01   -0.103288E+01
   -0.103288E+01   -0.102415E+01   -0.101335E+01   -0.100357E+01
   -0.993387E+00   -0.993387E+00   -0.993387E+00   -0.940872E+00
   -0.906219E+00   -0.851798E+00   -0.851798E+00   -0.840924E+00
   -0.828173E+00   -0.828173E+00   -0.828173E+00   -0.828173E+00
   -0.828173E+00   -0.828173E+00   -0.828173E+00   -0.828173E+00
   -0.828173E+00   -0.759059E+00   -0.759059E+00   -0.759059E+00
   -0.759059E+00   -0.759059E+00   -0.759059E+00   -0.759059E+00
   -0.759059E+00   -0.759059E+00   -0.759059E+00   -0.759059E+00
   -0.759059E+00   -0.759059E+00   -0.759059E+00   -0.759059E+00
   -0.759059E+00   -0.759059E+00   -0.759059E+00   -0.759059E+00
    0.119371E+00    0.119371E+00    0.119371E+00    0.119371E+00
    0.119371E+00    0.119371E+00    0.119371E+00    0.119371E+00
    0.119371E+00    0.158758E+00    0.158758E+00    0.198368E+00
    0.198368E+00    0.228573E+00    0.228573E+00    0.228573E+00
    0.228573E+00    0.228573E+00    0.228573E+00    0.228573E+00
    0.228573E+00    0.228573E+00    0.228573E+00    0.228573E+00
    0.228573E+00    0.228573E+00   -0.176592E+01   -0.174717E+01
   -0.172842E+01   -0.170816E+01   -0.168791E+01   -0.166671E+01
   -0.163962E+01   -0.161252E+01   -0.159798E+01   -0.158345E+01
   -0.156891E+01   -0.155437E+01   -0.153984E+01   -0.152333E+01
   -0.150683E+01   -0.149032E+01   -0.147382E+01   -0.145731E+01
   -0.144048E+01   -0.142504E+01   -0.141034E+01   -0.139564E+01
   -0.138135E+01   -0.136767E+01   -0.135399E+01   -0.134030E+01
   -0.132709E+01   -0.131505E+01   -0.129898E+01   -0.128807E+01
   -0.127889E+01   -0.126944E+01   -0.125901E+01   -0.124495E+01
   -0.123538E+01   -0.122731E+01   -0.121900E+01   -0.120974E+01
   -0.119721E+01   -0.118856E+01   -0.118122E+01   -0.117357E+01
   -0.116488E+01   -0.115324E+01   -0.114498E+01   -0.113785E+01
   -0.113034E+01   -0.112151E+01   -0.111022E+01   -0.110012E+01
   -0.109358E+01   -0.108858E+01   -0.107603E+01   -0.107031E+01
   -0.106557E+01   -0.105209E+01   -0.104429E+01   -0.103641E+01
   -0.102293E+01   -0.993387E+00   -0.993387E+00   -0.993387E+00
   -0.993387E+00   -0.993387E+00   -0.851798E+00   -0.851798E+00
   -0.840924E+00   -0.828173E+00   -0.828173E+00   -0.828173E+00
   -0.828173E+00   -0.828173E+00   -0.828173E+00   -0.828173E+00
   -0.828173E+00   -0.828173E+00   -0.828173E+00   -0.828173E+00
   -0.759059E+00   -0.759059E+00   -0.759059E+00   -0.759059E+00
   -0.759059E+00   -0.759059E+00   -0.759059E+00   -0.759059E+00
   -0.759059E+00   -0.759059E+00   -0.759059E+00   -0.759059E+00
   -0.759059E+00   -0.759059E+00   -0.759059E+00   -0.759059E+00
   -0.759059E+00   -0.759059E+00   -0.759059E+00    0.119371E+00
    0.119371E+00    0.119371E+00    0.119371E+00    0.119371E+00
    0.119371E+00    0.119371E+00    0.119371E+00    0.158758E+00
    0.158758E+00    0.198368E+00    0.198368E+00    0.228573E+00
    0.228573E+00    0.228573E+00    0.228573E+00    0.228573E+00
    0.228573E+00    0.228573E+00    0.228573E+00    0.228573E+00
    0.228573E+00    0.228573E+00    0.228573E+00   -0.178184E+01
   -0.176436E+01   -0.174688E+01   -0.172663E+01   -0.170637E+01
   -0.167940E+01   -0.165230E+01   -0.162520E+01   -0.161221E+01
   -0.159921E+01   -0.158622E+01   -0.157322E+01   -0.156022E+01
   -0.154372E+01   -0.152722E+01   -0.151072E+01   -0.149422E+01
   -0.147772E+01   -0.146217E+01   -0.144748E+01   -0.143278E+01
   -0.141808E+01   -0.140350E+01   -0.138854E+01   -0.137359E+01
   -0.135863E+01   -0.134446E+01   -0.132882E+01   -0.131275E+01
   -0.130273E+01   -0.129474E+01   -0.128619E+01   -0.127251E+01
   -0.125845E+01   -0.124965E+01   -0.124261E+01   -0.123506E+01
   -0.122288E+01   -0.121035E+01   -0.120241E+01   -0.119601E+01
   -0.118907E+01   -0.117775E+01   -0.116611E+01   -0.115857E+01
   -0.115240E+01   -0.114560E+01   -0.113495E+01   -0.112891E+01
   -0.112399E+01   -0.111795E+01   -0.110951E+01   -0.110064E+01
   -0.109124E+01   -0.108345E+01   -0.107572E+01   -0.106400E+01
   -0.105672E+01   -0.104570E+01   -0.104570E+01   -0.104570E+01
   -0.993387E+00   -0.993387E+00   -0.993387E+00   -0.851798E+00
   -0.851798E+00   -0.840924E+00   -0.828173E+00   -0.828173E+00
   -0.828173E+00   -0.828173E+00   -0.828173E+00   -0.828173E+00
   -0.828173E+00   -0.828173E+00   -0.828173E+00   -0.828173E+00
   -0.828173E+00   -0.828173E+00   -0.828173E+00   -0.759059E+00
   -0.759059E+00   -0.759059E+00   -0.759059E+00   -0.759059E+00
   -0.759059E+00   -0.759059E+00   -0.759059E+00   -0.759059E+00
   -0.759059E+00   -0.759059E+00   -0.759059E+00   -0.759059E+00
   -0.759059E+00   -0.759059E+00   -0.759059E+00   -0.759059E+00
   -0.759059E+00    0.119371E+00    0.119371E+00    0.119371E+00
    0.119371E+00    0.119371E+00    0.119371E+00    0.119371E+00
    0.119371E+00    0.158758E+00    0.158758E+00    0.198368E+00
    0.198368E+00    0.228573E+00    0.228573E+00    0.228573E+00
    0.228573E+00    0.228573E+00    0.228573E+00    0.228573E+00
    0.228573E+00    0.228573E+00    0.228573E+00    0.228573E+00
   -0.179775E+01   -0.178155E+01   -0.176534E+01   -0.174509E+01
   -0.171918E+01   -0.169208E+01   -0.166451E+01   -0.164586E+01
   -0.163071E+01   -0.161835E+01   -0.160600E+01   -0.159364E+01
   -0.158129E+01   -0.156479E+01   -0.154829E+01   -0.153179E+01
   -0.151529E+01   -0.149880E+01   -0.148408E+01   -0.146937E+01
   -0.145465E+01   -0.143994E+01   -0.142522E+01   -0.140973E+01
   -0.139425E+01   -0.137876E+01   -0.136581E+01   -0.136324E+01
   -0.135179E+01   -0.134037E+01   -0.132895E+01   -0.131753E+01
   -0.130611E+01   -0.129600E+01   -0.128590E+01   -0.127579E+01
   -0.126569E+01   -0.125555E+01   -0.124635E+01   -0.123719E+01
   -0.122802E+01   -0.121886E+01   -0.120969E+01   -0.119997E+01
   -0.118758E+01   -0.117519E+01   -0.116630E+01   -0.115869E+01
   -0.115386E+01   -0.114557E+01   -0.113729E+01   -0.112885E+01
   -0.111971E+01   -0.111023E+01   -0.110089E+01   -0.109233E+01
   -0.108409E+01   -0.105672E+01   -0.104570E+01   -0.104570E+01
   -0.104570E+01   -0.104570E+01   -0.104570E+01   -0.993387E+00
   -0.115909E+01   -0.851798E+00   -0.840924E+00   -0.828173E+00
   -0.828173E+00   -0.828173E+00   -0.828173E+00   -0.828173E+00
   -0.828173E+00   -0.828173E+00   -0.828173E+00   -0.828173E+00
   -0.828173E+00   -0.828173E+00   -0.828173E+00   -0.828173E+00
   -0.828173E+00   -0.828173E+00   -0.759059E+00   -0.759059E+00
   -0.759059E+00   -0.759059E+00   -0.759059E+00   -0.759059E+00
   -0.759059E+00   -0.759059E+00   -0.759059E+00   -0.759059E+00
   -0.759059E+00   -0.759059E+00   -0.759059E+00   -0.759059E+00
   -0.759059E+00   -0.759059E+00   -0.759059E+00   -0.759059E+00
    0.119371E+00    0.119371E+00    0.119371E+00    0.119371E+00
    0.119371E+00    0.119371E+00    0.119371E+00    0.158758E+00
    0.158758E+00    0.198368E+00    0.198368E+00    0.228573E+00
    0.228573E+00    0.228573E+00    0.228573E+00    0.228573E+00
    0.228573E+00    0.228573E+00    0.228573E+00    0.228573E+00
    0.228573E+00   -0.181367E+01   -0.179874E+01   -0.178381E+01
   -0.175894E+01   -0.173086E+01   -0.170288E+01   -0.168834E+01
   -0.167220E+01   -0.165606E+01   -0.163993E+01   -0.162754E+01
   -0.161519E+01   -0.160283E+01   -0.158634E+01   -0.156984E+01
   -0.155335E+01   -0.153685E+01   -0.152036E+01   -0.150561E+01
   -0.149087E+01   -0.147613E+01   -0.146138E+01   -0.144664E+01
   -0.143115E+01   -0.141566E+01   -0.140191E+01   -0.138872E+01
   -0.138348E+01   -0.137179E+01   -0.136022E+01   -0.134880E+01
   -0.133738E+01   -0.132596E+01   -0.131585E+01   -0.130575E+01
   -0.129564E+01   -0.128537E+01   -0.127498E+01   -0.126562E+01
   -0.125634E+01   -0.124718E+01   -0.123801E+01   -0.122885E+01
   -0.121935E+01   -0.120986E+01   -0.120036E+01   -0.119087E+01
   -0.118225E+01   -0.117338E+01   -0.116451E+01   -0.115565E+01
   -0.114665E+01   -0.113726E+01   -0.112760E+01   -0.111873E+01
   -0.111001E+01   -0.108409E+01   -0.112720E+01   -0.112720E+01
   -0.114414E+01   -0.114414E+01   -0.114414E+01   -0.114414E+01
   -0.115909E+01   -0.115909E+01   -0.117418E+01   -0.117418E+01
   -0.828173E+00   -0.828173E+00   -0.828173E+00   -0.828173E+00
   -0.828173E+00   -0.828173E+00   -0.828173E+00   -0.828173E+00
   -0.828173E+00   -0.828173E+00   -0.828173E+00   -0.828173E+00
   -0.828173E+00   -0.828173E+00   -0.828173E+00   -0.828173E+00
   -0.828173E+00   -0.759059E+00   -0.759059E+00   -0.759059E+00
   -0.759059E+00   -0.759059E+00   -0.759059E+00   -0.759059E+00
   -0.759059E+00   -0.759059E+00   -0.759059E+00   -0.142338E+01
   -0.142338E+01   -0.142338E+01   -0.150951E+01   -0.150951E+01
   -0.150951E+01   -0.150951E+01   -0.150951E+01   -0.162807E+01
   -0.162807E+01   -0.162807E+01   -0.162807E+01   -0.162807E+01
   -0.162807E+01   -0.162807E+01    0.158758E+00    0.198368E+00
    0.198368E+00    0.228573E+00    0.228573E+00    0.228573E+00
    0.228573E+00    0.228573E+00    0.228573E+00    0.228573E+00
    0.228573E+00    0.228573E+00   -0.186192E+01   -0.183143E+01
   -0.180094E+01   -0.177044E+01   -0.174477E+01   -0.173024E+01
   -0.171468E+01   -0.169854E+01   -0.168240E+01   -0.166626E+01
   -0.165013E+01   -0.163673E+01   -0.162438E+01   -0.160789E+01
   -0.159139E+01   -0.157490E+01   -0.155841E+01   -0.154192E+01
   -0.152714E+01   -0.151237E+01   -0.149760E+01   -0.148283E+01
   -0.146806E+01   -0.145257E+01   -0.143870E+01   -0.142551E+01
   -0.141232E+01   -0.140372E+01   -0.139203E+01   -0.138034E+01
   -0.136865E+01   -0.135722E+01   -0.134581E+01   -0.133570E+01
   -0.132559E+01   -0.131520E+01   -0.130481E+01   -0.129442E+01
   -0.128506E+01   -0.127570E+01   -0.126634E+01   -0.125717E+01
   -0.124800E+01   -0.123851E+01   -0.122901E+01   -0.122012E+01
   -0.121150E+01   -0.120287E+01   -0.119303E+01   -0.118319E+01
   -0.117335E+01   -0.116363E+01   -0.115412E+01   -0.114387E+01
   -0.113536E+01   -0.113164E+01   -0.112851E+01   -0.112720E+01
   -0.112720E+01   -0.114414E+01   -0.114414E+01   -0.114414E+01
   -0.115909E+01   -0.115909E+01   -0.117418E+01   -0.117418E+01
   -0.118813E+01   -0.122152E+01   -0.122152E+01   -0.122152E+01
   -0.122152E+01   -0.122152E+01   -0.122152E+01   -0.124226E+01
   -0.828173E+00   -0.828173E+00   -0.828173E+00   -0.828173E+00
   -0.828173E+00   -0.828173E+00   -0.828173E+00   -0.828173E+00
   -0.828173E+00   -0.134299E+01   -0.134299E+01   -0.134299E+01
   -0.134299E+01   -0.134299E+01   -0.134299E+01   -0.142338E+01
   -0.142338E+01   -0.142338E+01   -0.142338E+01   -0.142338E+01
   -0.142338E+01   -0.142338E+01   -0.150951E+01   -0.150951E+01
   -0.150951E+01   -0.150951E+01   -0.162807E+01   -0.162807E+01
   -0.162807E+01   -0.162807E+01   -0.162807E+01   -0.162807E+01
   -0.162807E+01   -0.162807E+01   -0.162807E+01   -0.162807E+01
   -0.162807E+01   -0.171837E+01   -0.171837E+01   -0.171837E+01
   -0.171837E+01   -0.171837E+01   -0.171837E+01   -0.171837E+01
   -0.177863E+01   -0.177863E+01   -0.177863E+01   -0.188650E+01
   -0.185880E+01   -0.183110E+01   -0.180340E+01   -0.177570E+01
   -0.175716E+01   -0.174102E+01   -0.172488E+01   -0.170874E+01
   -0.169260E+01   -0.167647E+01   -0.166033E+01   -0.164592E+01
   -0.162943E+01   -0.161294E+01   -0.159645E+01   -0.157996E+01
   -0.156348E+01   -0.154867E+01   -0.153387E+01   -0.151907E+01
   -0.150427E+01   -0.148947E+01   -0.147549E+01   -0.146230E+01
   -0.144911E+01   -0.143593E+01   -0.142395E+01   -0.141227E+01
   -0.140058E+01   -0.138889E+01   -0.137720E+01   -0.136565E+01
   -0.135541E+01   -0.134502E+01   -0.133463E+01   -0.132424E+01
   -0.131386E+01   -0.130450E+01   -0.129514E+01   -0.128578E+01
   -0.127642E+01   -0.126716E+01   -0.125800E+01   -0.124937E+01
   -0.124074E+01   -0.123212E+01   -0.122349E+01   -0.121268E+01
   -0.120187E+01   -0.119106E+01   -0.118061E+01   -0.117117E+01
   -0.116696E+01   -0.115913E+01   -0.115525E+01   -0.115166E+01
   -0.114847E+01   -0.114529E+01   -0.114414E+01   -0.114414E+01
   -0.115909E+01   -0.115909E+01   -0.117418E+01   -0.117418E+01
   -0.118813E+01   -0.118813E+01   -0.122152E+01   -0.122152E+01
   -0.122152E+01   -0.122152E+01   -0.122152E+01   -0.124226E+01
   -0.124226E+01   -0.126580E+01   -0.126580E+01   -0.126580E+01
   -0.126580E+01   -0.126580E+01   -0.126580E+01   -0.126580E+01
   -0.134299E+01   -0.134299E+01   -0.134299E+01   -0.134299E+01
   -0.134299E+01   -0.134299E+01   -0.134299E+01   -0.142338E+01
   -0.142338E+01   -0.142338E+01   -0.142338E+01   -0.142338E+01
   -0.142338E+01   -0.150951E+01   -0.150951E+01   -0.150951E+01
   -0.150951E+01   -0.150951E+01   -0.162807E+01   -0.162807E+01
   -0.162807E+01   -0.162807E+01   -0.162807E+01   -0.162807E+01
   -0.162807E+01   -0.162807E+01   -0.162807E+01   -0.162807E+01
   -0.162807E+01   -0.171837E+01   -0.171837E+01   -0.171837E+01
   -0.171837E+01   -0.171837E+01   -0.171837E+01   -0.177863E+01
   -0.177863E+01   -0.177863E+01   -0.177863E+01   -0.177863E+01
   -0.190470E+01   -0.187700E+01   -0.184929E+01   -0.182168E+01
   -0.179939E+01   -0.178284E+01   -0.176624E+01   -0.174964E+01
   -0.173304E+01   -0.171644E+01   -0.169984E+01   -0.168324E+01
   -0.166665E+01   -0.165016E+01   -0.163367E+01   -0.161718E+01
   -0.160069E+01   -0.158128E+01   -0.156699E+01   -0.155271E+01
   -0.153843E+01   -0.152415E+01   -0.150987E+01   -0.149668E+01
   -0.148349E+01   -0.147030E+01   -0.145711E+01   -0.144144E+01
   -0.143016E+01   -0.141888E+01   -0.140760E+01   -0.139632E+01
   -0.138504E+01   -0.137465E+01   -0.136426E+01   -0.135387E+01
   -0.134348E+01   -0.133107E+01   -0.132205E+01   -0.131302E+01
   -0.130399E+01   -0.129496E+01   -0.128593E+01   -0.127731E+01
   -0.126868E+01   -0.126005E+01   -0.125142E+01   -0.124142E+01
   -0.123026E+01   -0.121910E+01   -0.120794E+01   -0.120380E+01
   -0.120088E+01   -0.119510E+01   -0.118728E+01   -0.117945E+01
   -0.117385E+01   -0.116765E+01   -0.116145E+01   -0.115956E+01
   -0.115909E+01   -0.115909E+01   -0.117418E+01   -0.117418E+01
   -0.118813E+01   -0.118813E+01   -0.122152E+01   -0.122152E+01
   -0.122152E+01   -0.122152E+01   -0.122152E+01   -0.124226E+01
   -0.124226E+01   -0.126580E+01   -0.126580E+01   -0.126580E+01
   -0.126580E+01   -0.126580E+01   -0.126580E+01   -0.126580E+01
   -0.134299E+01   -0.134299E+01   -0.134299E+01   -0.134299E+01
   -0.134299E+01   -0.134299E+01   -0.142338E+01   -0.142338E+01
   -0.142338E+01   -0.142338E+01   -0.142338E+01   -0.142338E+01
   -0.142338E+01   -0.150951E+01   -0.150951E+01   -0.150951E+01
   -0.150951E+01   -0.150951E+01   -0.162807E+01   -0.162807E+01
   -0.162807E+01   -0.162807E+01   -0.162807E+01   -0.162807E+01
   -0.162807E+01   -0.162807E+01   -0.162807E+01   -0.162807E+01
   -0.171837E+01   -0.171837E+01   -0.171837E+01   -0.171837E+01
   -0.171837E+01   -0.171837E+01   -0.171837E+01   -0.177863E+01
   -0.177863E+01   -0.177863E+01   -0.177863E+01   -0.177863E+01
   -0.177863E+01   -0.191299E+01   -0.188579E+01   -0.185885E+01
   -0.184155E+01   -0.182506E+01   -0.180815E+01   -0.179083E+01
   -0.177351E+01   -0.175619E+01   -0.173887E+01   -0.172154E+01
   -0.170422E+01   -0.168690E+01   -0.167041E+01   -0.165393E+01
   -0.163744E+01   -0.161886E+01   -0.159695E+01   -0.158350E+01
   -0.157004E+01   -0.155659E+01   -0.154314E+01   -0.152968E+01
   -0.151650E+01   -0.150331E+01   -0.149012E+01   -0.147516E+01
   -0.145737E+01   -0.144673E+01   -0.143608E+01   -0.142544E+01
   -0.141480E+01   -0.140416E+01   -0.139377E+01   -0.138338E+01
   -0.137299E+01   -0.136116E+01   -0.134704E+01   -0.133853E+01
   -0.133002E+01   -0.132151E+01   -0.131300E+01   -0.130450E+01
   -0.129587E+01   -0.128724E+01   -0.127861E+01   -0.126900E+01
   -0.125783E+01   -0.124667E+01   -0.123550E+01   -0.123077E+01
   -0.122757E+01   -0.122746E+01   -0.121902E+01   -0.121057E+01
   -0.120213E+01   -0.119398E+01   -0.118674E+01   -0.117929E+01
   -0.117656E+01   -0.117555E+01   -0.117418E+01   -0.117418E+01
   -0.118813E+01   -0.118813E+01   -0.120595E+01   -0.122152E+01
   -0.122152E+01   -0.122152E+01   -0.122152E+01   -0.124226E+01
   -0.124226E+01   -0.126580E+01   -0.126580E+01   -0.126580E+01
   -0.126580E+01   -0.126580E+01   -0.126580E+01   -0.134299E+01
   -0.134299E+01   -0.134299E+01   -0.134299E+01   -0.134299E+01
   -0.134299E+01   -0.134299E+01   -0.142338E+01   -0.142338E+01
   -0.142338E+01   -0.142338E+01   -0.142338E+01   -0.142338E+01
   -0.150951E+01   -0.150951E+01   -0.150951E+01   -0.150951E+01
   -0.150951E+01   -0.162807E+01   -0.162807E+01   -0.162807E+01
   -0.162807E+01   -0.162807E+01   -0.162807E+01   -0.162807E+01
   -0.162807E+01   -0.162807E+01   -0.162807E+01   -0.162807E+01
   -0.171837E+01   -0.171837E+01   -0.171837E+01   -0.171837E+01
   -0.171837E+01   -0.171837E+01   -0.177863E+01   -0.177863E+01
   -0.177863E+01   -0.177863E+01   -0.177863E+01   -0.177863E+01
   -0.177863E+01   -0.181334E+01   -0.192295E+01   -0.190021E+01
   -0.188372E+01   -0.186723E+01   -0.185074E+01   -0.183347E+01
   -0.181542E+01   -0.179738E+01   -0.177933E+01   -0.176129E+01
   -0.174325E+01   -0.172520E+01   -0.170716E+01   -0.169067E+01
   -0.167418E+01   -0.165645E+01   -0.163454E+01   -0.161263E+01
   -0.160000E+01   -0.158738E+01   -0.157475E+01   -0.156213E+01
   -0.154950E+01   -0.153632E+01   -0.152313E+01   -0.150888E+01
   -0.149109E+01   -0.147330E+01   -0.146329E+01   -0.145329E+01
   -0.144328E+01   -0.143328E+01   -0.142327E+01   -0.141289E+01
   -0.140250E+01   -0.139125E+01   -0.137713E+01   -0.136301E+01
   -0.135502E+01   -0.134703E+01   -0.133904E+01   -0.133105E+01
   -0.132306E+01   -0.131443E+01   -0.130580E+01   -0.129659E+01
   -0.128541E+01   -0.127423E+01   -0.126307E+01   -0.125794E+01
   -0.125474E+01   -0.125154E+01   -0.125009E+01   -0.124069E+01
   -0.123129E+01   -0.122189E+01   -0.121303E+01   -0.120569E+01
   -0.119776E+01   -0.119440E+01   -0.119256E+01   -0.119057E+01
   -0.118813E+01   -0.118813E+01   -0.120595E+01   -0.122152E+01
   -0.122152E+01   -0.122152E+01   -0.122152E+01   -0.124226E+01
   -0.124226E+01   -0.126580E+01   -0.126580E+01   -0.126580E+01
   -0.126580E+01   -0.126580E+01   -0.126580E+01   -0.134299E+01
   -0.134299E+01   -0.134299E+01   -0.134299E+01   -0.134299E+01
   -0.134299E+01   -0.142338E+01   -0.142338E+01   -0.142338E+01
   -0.142338E+01   -0.142338E+01   -0.142338E+01   -0.142338E+01
   -0.150951E+01   -0.150951E+01   -0.150951E+01   -0.150951E+01
   -0.150951E+01   -0.162807E+01   -0.162807E+01   -0.162807E+01
   -0.162807E+01   -0.162807E+01   -0.162807E+01   -0.162807E+01
   -0.162807E+01   -0.162807E+01   -0.162807E+01   -0.171837E+01
   -0.171837E+01   -0.171837E+01   -0.171837E+01   -0.171837E+01
   -0.171837E+01   -0.171837E+01   -0.177863E+01   -0.177863E+01
   -0.177863E+01   -0.177863E+01   -0.177863E+01   -0.177863E+01
   -0.181334E+01   -0.181334E+01   -0.181334E+01   -0.194238E+01
   -0.192589E+01   -0.190939E+01   -0.189290E+01   -0.187641E+01
   -0.185878E+01   -0.184001E+01   -0.182125E+01   -0.180248E+01
   -0.178371E+01   -0.176495E+01   -0.174618E+01   -0.172742E+01
   -0.171093E+01   -0.169403E+01   -0.167212E+01   -0.165021E+01
   -0.162830E+01   -0.161650E+01   -0.160471E+01   -0.159291E+01
   -0.158112E+01   -0.156932E+01   -0.155613E+01   -0.154260E+01
   -0.152481E+01   -0.150702E+01   -0.148923E+01   -0.147986E+01
   -0.147049E+01   -0.146113E+01   -0.145176E+01   -0.144239E+01
   -0.143200E+01   -0.142134E+01   -0.140721E+01   -0.139309E+01
   -0.137897E+01   -0.137150E+01   -0.136403E+01   -0.135656E+01
   -0.134909E+01   -0.134162E+01   -0.133299E+01   -0.132417E+01
   -0.131299E+01   -0.130182E+01   -0.129064E+01   -0.128512E+01
   -0.128191E+01   -0.127871E+01   -0.127551E+01   -0.127271E+01
   -0.126236E+01   -0.125200E+01   -0.124165E+01   -0.123207E+01
   -0.122576E+01   -0.122500E+01   -0.121812E+01   -0.121548E+01
   -0.121329E+01   -0.121085E+01   -0.120595E+01   -0.120595E+01
   -0.122152E+01   -0.122152E+01   -0.122152E+01   -0.124226E+01
   -0.124226E+01   -0.126580E+01   -0.126580E+01   -0.126580E+01
   -0.126580E+01   -0.126580E+01   -0.134299E+01   -0.134299E+01
   -0.134299E+01   -0.134299E+01   -0.134299E+01   -0.134299E+01
   -0.134299E+01   -0.142338E+01   -0.142338E+01   -0.142338E+01
   -0.142338E+01   -0.142338E+01   -0.142338E+01   -0.150951E+01
   -0.150951E+01   -0.150951E+01   -0.150951E+01   -0.150951E+01
   -0.150951E+01   -0.162807E+01   -0.162807E+01   -0.162807E+01
   -0.162807E+01   -0.162807E+01   -0.162807E+01   -0.162807E+01
   -0.162807E+01   -0.162807E+01   -0.162807E+01   -0.171837E+01
   -0.171837E+01   -0.171837E+01   -0.171837E+01   -0.171837E+01
   -0.171837E+01   -0.177863E+01   -0.177863E+01   -0.177863E+01
   -0.177863E+01   -0.177863E+01   -0.177863E+01   -0.177863E+01
   -0.181334E+01   -0.181334E+01   -0.181334E+01   -0.181334E+01
   -0.196805E+01   -0.195156E+01   -0.193507E+01   -0.191858E+01
   -0.190209E+01   -0.188410E+01   -0.186461E+01   -0.184512E+01
   -0.182563E+01   -0.180614E+01   -0.178665E+01   -0.176716E+01
   -0.174767E+01   -0.173118E+01   -0.170971E+01   -0.168780E+01
   -0.166589E+01   -0.164398E+01   -0.163301E+01   -0.162204E+01
   -0.161107E+01   -0.160011E+01   -0.158914E+01   -0.157595E+01
   -0.155853E+01   -0.154074E+01   -0.152295E+01   -0.150516E+01
   -0.149643E+01   -0.148770E+01   -0.147897E+01   -0.147024E+01
   -0.146151E+01   -0.145112E+01   -0.143730E+01   -0.142318E+01
   -0.140906E+01   -0.139494E+01   -0.138798E+01   -0.138103E+01
   -0.137408E+01   -0.136713E+01   -0.136018E+01   -0.135155E+01
   -0.134058E+01   -0.132940E+01   -0.132029E+01   -0.131684E+01
   -0.130956E+01   -0.130636E+01   -0.130315E+01   -0.129995E+01
   -0.129674E+01   -0.128610E+01   -0.127545E+01   -0.126480E+01
   -0.125633E+01   -0.126139E+01   -0.125675E+01   -0.124987E+01
   -0.124299E+01   -0.123899E+01   -0.123385E+01   -0.122839E+01
   -0.121884E+01   -0.122152E+01   -0.122152E+01   -0.124226E+01
   -0.124226E+01   -0.126580E+01   -0.126580E+01   -0.126580E+01
   -0.126580E+01   -0.126580E+01   -0.134299E+01   -0.134299E+01
   -0.134299E+01   -0.134299E+01   -0.134299E+01   -0.134299E+01
   -0.142338E+01   -0.142338E+01   -0.142338E+01   -0.142338E+01
   -0.142338E+01   -0.142338E+01   -0.142338E+01   -0.150951E+01
   -0.150951E+01   -0.150951E+01   -0.150951E+01   -0.150951E+01
   -0.162807E+01   -0.162807E+01   -0.162807E+01   -0.162807E+01
   -0.162807E+01   -0.162807E+01   -0.162807E+01   -0.162807E+01
   -0.162807E+01   -0.162807E+01   -0.171837E+01   -0.171837E+01
   -0.171837E+01   -0.171837E+01   -0.171837E+01   -0.171837E+01
   -0.171837E+01   -0.177863E+01   -0.177863E+01   -0.177863E+01
   -0.177863E+01   -0.177863E+01   -0.177863E+01   -0.181334E+01
   -0.181334E+01   -0.181334E+01   -0.181334E+01   -0.181334E+01
   -0.181334E+01   -0.199373E+01   -0.197724E+01   -0.196074E+01
   -0.194425E+01   -0.192776E+01   -0.190941E+01   -0.188920E+01
   -0.186899E+01   -0.184877E+01   -0.182856E+01   -0.180835E+01
   -0.178814E+01   -0.176793E+01   -0.174729E+01   -0.172538E+01
   -0.170347E+01   -0.168156E+01   -0.165965E+01   -0.164951E+01
   -0.163937E+01   -0.162924E+01   -0.161910E+01   -0.160896E+01
   -0.159225E+01   -0.157446E+01   -0.155667E+01   -0.153888E+01
   -0.152109E+01   -0.151300E+01   -0.150491E+01   -0.149681E+01
   -0.148872E+01   -0.148063E+01   -0.146739E+01   -0.145327E+01
   -0.143914E+01   -0.142502E+01   -0.141090E+01   -0.140447E+01
   -0.139804E+01   -0.139161E+01   -0.138517E+01   -0.137874E+01
   -0.136897E+01   -0.136051E+01   -0.135364E+01   -0.135518E+01
   -0.134735E+01   -0.133952E+01   -0.133168E+01   -0.132780E+01
   -0.132460E+01   -0.132139E+01   -0.131075E+01   -0.130010E+01
   -0.129337E+01   -0.128727E+01   -0.128509E+01   -0.127994E+01
   -0.127478E+01   -0.126962E+01   -0.126441E+01   -0.125906E+01
   -0.125260E+01   -0.124847E+01   -0.124335E+01   -0.124226E+01
   -0.124226E+01   -0.126580E+01   -0.126580E+01   -0.126580E+01
   -0.126580E+01   -0.131525E+01   -0.134299E+01   -0.134299E+01
   -0.134299E+01   -0.134299E+01   -0.134299E+01   -0.134299E+01
   -0.142338E+01   -0.142338E+01   -0.142338E+01   -0.142338E+01
   -0.142338E+01   -0.142338E+01   -0.150951E+01   -0.150951E+01
   -0.150951E+01   -0.150951E+01   -0.150951E+01   -0.150951E+01
   -0.162807E+01   -0.162807E+01   -0.162807E+01   -0.162807E+01
   -0.162807E+01   -0.162807E+01   -0.162807E+01   -0.162807E+01
   -0.162807E+01   -0.162807E+01   -0.171837E+01   -0.171837E+01
   -0.171837E+01   -0.171837E+01   -0.171837E+01   -0.171837E+01
   -0.177863E+01   -0.177863E+01   -0.177863E+01   -0.177863E+01
   -0.177863E+01   -0.177863E+01   -0.177863E+01   -0.181334E+01
   -0.181334E+01   -0.181334E+01   -0.181334E+01   -0.181334E+01
   -0.181334E+01   -0.180392E+01   -0.201203E+01   -0.199554E+01
   -0.197905E+01   -0.196256E+01   -0.194607E+01   -0.192762E+01
   -0.190720E+01   -0.188679E+01   -0.186638E+01   -0.184597E+01
   -0.182555E+01   -0.180514E+01   -0.179129E+01   -0.178392E+01
   -0.177492E+01   -0.175301E+01   -0.173694E+01   -0.172207E+01
   -0.170720E+01   -0.169233E+01   -0.167746E+01   -0.166260E+01
   -0.164773E+01   -0.163540E+01   -0.162415E+01   -0.160636E+01
   -0.159340E+01   -0.158143E+01   -0.156946E+01   -0.155749E+01
   -0.154553E+01   -0.153356E+01   -0.152160E+01   -0.151170E+01
   -0.150273E+01   -0.148861E+01   -0.147470E+01   -0.146082E+01
   -0.144695E+01   -0.143308E+01   -0.142115E+01   -0.141486E+01
   -0.140857E+01   -0.140119E+01   -0.138829E+01   -0.139057E+01
   -0.138570E+01   -0.137786E+01   -0.137003E+01   -0.136220E+01
   -0.135437E+01   -0.134924E+01   -0.134604E+01   -0.133540E+01
   -0.132844E+01   -0.132234E+01   -0.131624E+01   -0.130231E+01
   -0.129958E+01   -0.129686E+01   -0.129414E+01   -0.129075E+01
   -0.128579E+01   -0.127939E+01   -0.127146E+01   -0.127016E+01
   -0.126680E+01   -0.126580E+01   -0.126580E+01   -0.126580E+01
   -0.131525E+01   -0.131525E+01   -0.134299E+01   -0.134299E+01
   -0.134299E+01   -0.134299E+01   -0.134299E+01   -0.142338E+01
   -0.142338E+01   -0.142338E+01   -0.142338E+01   -0.142338E+01
   -0.142338E+01   -0.142338E+01   -0.150951E+01   -0.150951E+01
   -0.150951E+01   -0.150951E+01   -0.150951E+01   -0.150951E+01
   -0.162807E+01   -0.162807E+01   -0.162807E+01   -0.162807E+01
   -0.162807E+01   -0.162807E+01   -0.162807E+01   -0.162807E+01
   -0.162807E+01   -0.171837E+01   -0.171837E+01   -0.171837E+01
   -0.171837E+01   -0.171837E+01   -0.171837E+01   -0.171837E+01
   -0.177863E+01   -0.177863E+01   -0.177863E+01   -0.177863E+01
   -0.177863E+01   -0.177863E+01   -0.181334E+01   -0.181334E+01
   -0.181334E+01   -0.181334E+01   -0.181334E+01   -0.181334E+01
   -0.181334E+01   -0.180392E+01   -0.180392E+01   -0.202750E+01
   -0.201101E+01   -0.199451E+01   -0.197802E+01   -0.196153E+01
   -0.194308E+01   -0.192267E+01   -0.190225E+01   -0.188184E+01
   -0.186143E+01   -0.184102E+01   -0.182669E+01   -0.181585E+01
   -0.180705E+01   -0.180071E+01   -0.179010E+01   -0.177523E+01
   -0.176036E+01   -0.174549E+01   -0.173063E+01   -0.171576E+01
   -0.170089E+01   -0.168602E+01   -0.167115E+01   -0.165679E+01
   -0.164382E+01   -0.163185E+01   -0.161989E+01   -0.160792E+01
   -0.159595E+01   -0.158399E+01   -0.157202E+01   -0.156005E+01
   -0.154809E+01   -0.153614E+01   -0.152558E+01   -0.151084E+01
   -0.150148E+01   -0.149212E+01   -0.148276E+01   -0.147340E+01
   -0.146404E+01   -0.145448E+01   -0.144061E+01   -0.143018E+01
   -0.142404E+01   -0.141621E+01   -0.140838E+01   -0.140055E+01
   -0.139271E+01   -0.138488E+01   -0.137705E+01   -0.137069E+01
   -0.136351E+01   -0.135741E+01   -0.135131E+01   -0.134522E+01
   -0.133242E+01   -0.132608E+01   -0.132230E+01   -0.132022E+01
   -0.131742E+01   -0.131248E+01   -0.130634E+01   -0.130253E+01
   -0.129789E+01   -0.129429E+01   -0.129097E+01   -0.129097E+01
   -0.131525E+01   -0.131525E+01   -0.134299E+01   -0.134299E+01
   -0.134299E+01   -0.134299E+01   -0.134299E+01   -0.142338E+01
   -0.142338E+01   -0.142338E+01   -0.142338E+01   -0.142338E+01
   -0.142338E+01   -0.150951E+01   -0.150951E+01   -0.150951E+01
   -0.150951E+01   -0.150951E+01   -0.150951E+01   -0.162807E+01
   -0.162807E+01   -0.162807E+01   -0.162807E+01   -0.162807E+01
   -0.162807E+01   -0.162807E+01   -0.162807E+01   -0.162807E+01
   -0.162807E+01   -0.171837E+01   -0.171837E+01   -0.171837E+01
   -0.171837E+01   -0.171837E+01   -0.171837E+01   -0.177863E+01
   -0.177863E+01   -0.177863E+01   -0.177863E+01   -0.177863E+01
   -0.177863E+01   -0.177863E+01   -0.181334E+01   -0.181334E+01
   -0.181334E+01   -0.181334E+01   -0.181334E+01   -0.181334E+01
   -0.180392E+01   -0.180392E+01   -0.180392E+01   -0.180392E+01
   -0.204296E+01   -0.202647E+01   -0.200998E+01   -0.199349E+01
   -0.197699E+01   -0.195854E+01   -0.193813E+01   -0.191772E+01
   -0.189731E+01   -0.187689E+01   -0.186210E+01   -0.185125E+01
   -0.184040E+01   -0.183018E+01   -0.182384E+01   -0.181323E+01
   -0.179836E+01   -0.178349E+01   -0.176863E+01   -0.175376E+01
   -0.173889E+01   -0.172402E+01   -0.170916E+01   -0.169519E+01
   -0.168122E+01   -0.166825E+01   -0.165628E+01   -0.164432E+01
   -0.163235E+01   -0.162038E+01   -0.160842E+01   -0.159645E+01
   -0.158448E+01   -0.157255E+01   -0.156063E+01   -0.155006E+01
   -0.154086E+01   -0.152869E+01   -0.150959E+01   -0.150003E+01
   -0.149067E+01   -0.148131E+01   -0.147196E+01   -0.146260E+01
   -0.145324E+01   -0.144509E+01   -0.143815E+01   -0.143121E+01
   -0.142427E+01   -0.141733E+01   -0.141039E+01   -0.140345E+01
   -0.139651E+01   -0.139041E+01   -0.138432E+01   -0.137822E+01
   -0.137237E+01   -0.136718E+01   -0.136083E+01   -0.135449E+01
   -0.134815E+01   -0.134407E+01   -0.133943E+01   -0.133333E+01
   -0.132587E+01   -0.132495E+01   -0.132192E+01   -0.131878E+01
   -0.131525E+01   -0.131525E+01   -0.134299E+01   -0.134299E+01
   -0.134299E+01   -0.134299E+01   -0.139570E+01   -0.142338E+01
   -0.142338E+01   -0.142338E+01   -0.142338E+01   -0.142338E+01
   -0.142338E+01   -0.150951E+01   -0.150951E+01   -0.150951E+01
   -0.150951E+01   -0.150951E+01   -0.150951E+01   -0.162807E+01
   -0.162807E+01   -0.162807E+01   -0.162807E+01   -0.162807E+01
   -0.162807E+01   -0.162807E+01   -0.162807E+01   -0.162807E+01
   -0.171837E+01   -0.171837E+01   -0.171837E+01   -0.171837E+01
   -0.171837E+01   -0.171837E+01   -0.171837E+01   -0.177863E+01
   -0.177863E+01   -0.177863E+01   -0.177863E+01   -0.177863E+01
   -0.177863E+01   -0.181334E+01   -0.181334E+01   -0.181334E+01
   -0.181334E+01   -0.181334E+01   -0.181334E+01   -0.181334E+01
   -0.180392E+01   -0.180392E+01   -0.180392E+01   -0.180392E+01
   -0.180392E+01   -0.205842E+01   -0.204193E+01   -0.202544E+01
   -0.200895E+01   -0.199246E+01   -0.197401E+01   -0.195359E+01
   -0.193318E+01   -0.191277E+01   -0.189750E+01   -0.188666E+01
   -0.187581E+01   -0.186496E+01   -0.185411E+01   -0.184697E+01
   -0.183636E+01   -0.182149E+01   -0.180662E+01   -0.179176E+01
   -0.177689E+01   -0.176202E+01   -0.174757E+01   -0.173359E+01
   -0.171962E+01   -0.170565E+01   -0.169268E+01   -0.168071E+01
   -0.166874E+01   -0.165678E+01   -0.164481E+01   -0.163284E+01
   -0.162090E+01   -0.160897E+01   -0.159704E+01   -0.158511E+01
   -0.157454E+01   -0.156534E+01   -0.155615E+01   -0.154662E+01
   -0.152752E+01   -0.150842E+01   -0.149859E+01   -0.148923E+01
   -0.147987E+01   -0.147051E+01   -0.146296E+01   -0.145721E+01
   -0.145146E+01   -0.144572E+01   -0.143997E+01   -0.143422E+01
   -0.142847E+01   -0.142272E+01   -0.141663E+01   -0.141053E+01
   -0.140474E+01   -0.139919E+01   -0.138938E+01   -0.138494E+01
   -0.138049E+01   -0.137605E+01   -0.137155E+01   -0.136692E+01
   -0.136295E+01   -0.135773E+01   -0.135344E+01   -0.135005E+01
   -0.134534E+01   -0.134440E+01   -0.134299E+01   -0.134299E+01
   -0.134299E+01   -0.139570E+01   -0.139570E+01   -0.142338E+01
   -0.142338E+01   -0.142338E+01   -0.142338E+01   -0.142338E+01
   -0.150951E+01   -0.150951E+01   -0.150951E+01   -0.150951E+01
   -0.150951E+01   -0.150951E+01   -0.150951E+01   -0.162807E+01
   -0.162807E+01   -0.162807E+01   -0.162807E+01   -0.162807E+01
   -0.162807E+01   -0.162807E+01   -0.162807E+01   -0.162807E+01
   -0.171837E+01   -0.171837E+01   -0.171837E+01   -0.171837E+01
   -0.171837E+01   -0.171837E+01   -0.177863E+01   -0.177863E+01
   -0.177863E+01   -0.177863E+01   -0.177863E+01   -0.177863E+01
   -0.177863E+01   -0.181334E+01   -0.181334E+01   -0.181334E+01
   -0.181334E+01   -0.181334E+01   -0.181334E+01   -0.180392E+01
   -0.180392E+01   -0.180392E+01   -0.180392E+01   -0.180392E+01
   -0.180392E+01   -0.180392E+01   -0.206300E+01   -0.205739E+01
   -0.204090E+01   -0.202441E+01   -0.200792E+01   -0.198947E+01
   -0.196906E+01   -0.194865E+01   -0.193291E+01   -0.192206E+01
   -0.191121E+01   -0.190037E+01   -0.188952E+01   -0.187867E+01
   -0.187010E+01   -0.185949E+01   -0.184462E+01   -0.182975E+01
   -0.181489E+01   -0.180002E+01   -0.178597E+01   -0.177199E+01
   -0.175802E+01   -0.174405E+01   -0.173008E+01   -0.171711E+01
   -0.170514E+01   -0.169317E+01   -0.168121E+01   -0.166924E+01
   -0.165731E+01   -0.164538E+01   -0.163345E+01   -0.162152E+01
   -0.160959E+01   -0.159903E+01   -0.158983E+01   -0.158063E+01
   -0.157143E+01   -0.156223E+01   -0.154545E+01   -0.152635E+01
   -0.150725E+01   -0.149715E+01   -0.148779E+01   -0.148083E+01
   -0.147628E+01   -0.147172E+01   -0.146716E+01   -0.146261E+01
   -0.145805E+01   -0.145349E+01   -0.144894E+01   -0.144284E+01
   -0.143711E+01   -0.143156E+01   -0.142601E+01   -0.140769E+01
   -0.140573E+01   -0.140377E+01   -0.140182E+01   -0.139920E+01
   -0.139487E+01   -0.139013E+01   -0.138455E+01   -0.138191E+01
   -0.137848E+01   -0.137542E+01   -0.137302E+01   -0.136908E+01
   -0.136908E+01   -0.139570E+01   -0.139570E+01   -0.142338E+01
   -0.142338E+01   -0.142338E+01   -0.142338E+01   -0.142338E+01
   -0.150951E+01   -0.150951E+01   -0.150951E+01   -0.150951E+01
   -0.150951E+01   -0.150951E+01   -0.159728E+01   -0.162807E+01
   -0.162807E+01   -0.162807E+01   -0.162807E+01   -0.162807E+01
   -0.162807E+01   -0.162807E+01   -0.162807E+01   -0.171837E+01
   -0.171837E+01   -0.171837E+01   -0.171837E+01   -0.171837E+01
   -0.171837E+01   -0.171837E+01   -0.177863E+01   -0.177863E+01
   -0.177863E+01   -0.177863E+01   -0.177863E+01   -0.177863E+01
   -0.181334E+01   -0.181334E+01   -0.181334E+01   -0.181334E+01
   -0.181334E+01   -0.181334E+01   -0.181334E+01   -0.180392E+01
   -0.180392E+01   -0.180392E+01   -0.180392E+01   -0.180392E+01
   -0.180392E+01   -0.179288E+01   -0.179288E+01   -0.206622E+01
   -0.206077E+01   -0.205531E+01   -0.203988E+01   -0.202339E+01
   -0.200493E+01   -0.198452E+01   -0.196831E+01   -0.195746E+01
   -0.194662E+01   -0.193577E+01   -0.192492E+01   -0.191408E+01
   -0.190323E+01   -0.189323E+01   -0.188262E+01   -0.186775E+01
   -0.185289E+01   -0.183834E+01   -0.182437E+01   -0.181039E+01
   -0.179642E+01   -0.178245E+01   -0.176848E+01   -0.175450E+01
   -0.174153E+01   -0.172957E+01   -0.171760E+01   -0.170565E+01
   -0.169372E+01   -0.168179E+01   -0.166986E+01   -0.165793E+01
   -0.164600E+01   -0.163407E+01   -0.162351E+01   -0.161431E+01
   -0.160511E+01   -0.159591E+01   -0.158671E+01   -0.157752E+01
   -0.156339E+01   -0.154429E+01   -0.152519E+01   -0.150609E+01
   -0.149871E+01   -0.149534E+01   -0.149198E+01   -0.148861E+01
   -0.148525E+01   -0.148188E+01   -0.147852E+01   -0.147515E+01
   -0.146948E+01   -0.146393E+01   -0.145838E+01   -0.145282E+01
   -0.144041E+01   -0.143438E+01   -0.143063E+01   -0.142919E+01
   -0.142703E+01   -0.142270E+01   -0.141900E+01   -0.141399E+01
   -0.141003E+01   -0.140691E+01   -0.140397E+01   -0.140163E+01
   -0.139788E+01   -0.139570E+01   -0.139570E+01   -0.142338E+01
   -0.142338E+01   -0.142338E+01   -0.142338E+01   -0.148068E+01
   -0.150951E+01   -0.150951E+01   -0.150951E+01   -0.150951E+01
   -0.150951E+01   -0.150951E+01   -0.159728E+01   -0.162807E+01
   -0.162807E+01   -0.162807E+01   -0.162807E+01   -0.162807E+01
   -0.162807E+01   -0.162807E+01   -0.162807E+01   -0.171837E+01
   -0.171837E+01   -0.171837E+01   -0.171837E+01   -0.171837E+01
   -0.171837E+01   -0.177863E+01   -0.177863E+01   -0.177863E+01
   -0.177863E+01   -0.177863E+01   -0.177863E+01   -0.177863E+01
   -0.181334E+01   -0.181334E+01   -0.181334E+01   -0.181334E+01
   -0.181334E+01   -0.181334E+01   -0.180392E+01   -0.180392E+01
   -0.180392E+01   -0.180392E+01   -0.180392E+01   -0.180392E+01
   -0.180392E+01   -0.179288E+01   -0.179288E+01   -0.179288E+01
   -0.206945E+01   -0.206399E+01   -0.205853E+01   -0.205308E+01
   -0.203885E+01   -0.202040E+01   -0.200372E+01   -0.199287E+01
   -0.198202E+01   -0.197117E+01   -0.196033E+01   -0.194948E+01
   -0.193863E+01   -0.192779E+01   -0.191694E+01   -0.190575E+01
   -0.189088E+01   -0.187674E+01   -0.186277E+01   -0.184879E+01
   -0.183482E+01   -0.182085E+01   -0.180688E+01   -0.179290E+01
   -0.177893E+01   -0.176596E+01   -0.175400E+01   -0.174206E+01
   -0.173013E+01   -0.171820E+01   -0.170627E+01   -0.169434E+01
   -0.168241E+01   -0.167048E+01   -0.165856E+01   -0.164799E+01
   -0.163879E+01   -0.162959E+01   -0.162040E+01   -0.161120E+01
   -0.160200E+01   -0.159280E+01   -0.158133E+01   -0.156223E+01
   -0.154311E+01   -0.152904E+01   -0.152138E+01   -0.151811E+01
   -0.151497E+01   -0.151184E+01   -0.150871E+01   -0.150558E+01
   -0.150244E+01   -0.149689E+01   -0.149134E+01   -0.148579E+01
   -0.148042E+01   -0.147696E+01   -0.147092E+01   -0.146489E+01
   -0.145885E+01   -0.145484E+01   -0.145072E+01   -0.144598E+01
   -0.143837E+01   -0.143792E+01   -0.143534E+01   -0.143252E+01
   -0.143025E+01   -0.142669E+01   -0.142459E+01   -0.142338E+01
   -0.142338E+01   -0.142338E+01   -0.148068E+01   -0.148068E+01
   -0.150951E+01   -0.150951E+01   -0.150951E+01   -0.150951E+01
   -0.150951E+01   -0.159728E+01   -0.159728E+01   -0.162807E+01
   -0.162807E+01   -0.162807E+01   -0.162807E+01   -0.162807E+01
   -0.162807E+01   -0.162807E+01   -0.171837E+01   -0.171837E+01
   -0.171837E+01   -0.171837E+01   -0.171837E+01   -0.171837E+01
   -0.171837E+01   -0.177863E+01   -0.177863E+01   -0.177863E+01
   -0.177863E+01   -0.177863E+01   -0.177863E+01   -0.181334E+01
   -0.181334E+01   -0.181334E+01   -0.181334E+01   -0.181334E+01
   -0.181334E+01   -0.181334E+01   -0.180392E+01   -0.180392E+01
   -0.180392E+01   -0.180392E+01   -0.180392E+01   -0.180392E+01
   -0.179288E+01   -0.179288E+01   -0.179288E+01   -0.179288E+01
   -0.177735E+01   -0.207267E+01   -0.206722E+01   -0.206176E+01
   -0.205630E+01   -0.205084E+01   -0.203912E+01   -0.202827E+01
   -0.201743E+01   -0.200658E+01   -0.199573E+01   -0.198489E+01
   -0.197404E+01   -0.196319E+01   -0.195235E+01   -0.194150E+01
   -0.192911E+01   -0.191514E+01   -0.190117E+01   -0.188719E+01
   -0.187322E+01   -0.185925E+01   -0.184527E+01   -0.183130E+01
   -0.181733E+01   -0.180336E+01   -0.179040E+01   -0.177847E+01
   -0.176654E+01   -0.175461E+01   -0.174268E+01   -0.173075E+01
   -0.171882E+01   -0.170689E+01   -0.169497E+01   -0.168304E+01
   -0.167247E+01   -0.166328E+01   -0.165408E+01   -0.164488E+01
   -0.163568E+01   -0.162648E+01   -0.161728E+01   -0.160809E+01
   -0.159889E+01   -0.157928E+01   -0.156521E+01   -0.155754E+01
   -0.154988E+01   -0.154253E+01   -0.153939E+01   -0.153626E+01
   -0.153313E+01   -0.153000E+01   -0.152444E+01   -0.151889E+01
   -0.151356E+01   -0.150836E+01   -0.149899E+01   -0.149505E+01
   -0.149111E+01   -0.148718E+01   -0.148320E+01   -0.147908E+01
   -0.147495E+01   -0.147117E+01   -0.146518E+01   -0.146198E+01
   -0.145946E+01   -0.145893E+01   -0.145556E+01   -0.145357E+01
   -0.145235E+01   -0.145235E+01   -0.148068E+01   -0.148068E+01
   -0.150951E+01   -0.150951E+01   -0.150951E+01   -0.150951E+01
   -0.150951E+01   -0.159728E+01   -0.159728E+01   -0.162807E+01
   -0.162807E+01   -0.162807E+01   -0.162807E+01   -0.162807E+01
   -0.162807E+01   -0.162807E+01   -0.171837E+01   -0.171837E+01
   -0.171837E+01   -0.171837E+01   -0.171837E+01   -0.171837E+01
   -0.177863E+01   -0.177863E+01   -0.177863E+01   -0.177863E+01
   -0.177863E+01   -0.177863E+01   -0.177863E+01   -0.181334E+01
   -0.181334E+01   -0.181334E+01   -0.181334E+01   -0.181334E+01
   -0.181334E+01   -0.180392E+01   -0.180392E+01   -0.180392E+01
   -0.180392E+01   -0.180392E+01   -0.180392E+01   -0.180392E+01
   -0.179288E+01   -0.179288E+01   -0.179288E+01   -0.179288E+01
   -0.177735E+01   -0.177735E+01   -0.207530E+01   -0.206984E+01
   -0.206438E+01   -0.205893E+01   -0.205347E+01   -0.204570E+01
   -0.203562E+01   -0.202553E+01   -0.201545E+01   -0.200537E+01
   -0.199528E+01   -0.198520E+01   -0.197512E+01   -0.196504E+01
   -0.195495E+01   -0.194332E+01   -0.193015E+01   -0.191698E+01
   -0.190380E+01   -0.189063E+01   -0.187745E+01   -0.186428E+01
   -0.185111E+01   -0.183793E+01   -0.182476E+01   -0.181241E+01
   -0.180088E+01   -0.178934E+01   -0.177781E+01   -0.176628E+01
   -0.175475E+01   -0.174322E+01   -0.173169E+01   -0.172016E+01
   -0.170863E+01   -0.169827E+01   -0.168907E+01   -0.167987E+01
   -0.167067E+01   -0.166147E+01   -0.165227E+01   -0.164308E+01
   -0.163388E+01   -0.162596E+01   -0.161545E+01   -0.160138E+01
   -0.159371E+01   -0.158605E+01   -0.157838E+01   -0.157072E+01
   -0.156381E+01   -0.156068E+01   -0.155755E+01   -0.155200E+01
   -0.154671E+01   -0.154151E+01   -0.153631E+01   -0.151780E+01
   -0.151642E+01   -0.151505E+01   -0.151368E+01   -0.151162E+01
   -0.150749E+01   -0.150336E+01   -0.149645E+01   -0.148831E+01
   -0.148842E+01   -0.149182E+01   -0.148834E+01   -0.148433E+01
   -0.148297E+01   -0.148180E+01   -0.148068E+01   -0.148068E+01
   -0.150951E+01   -0.150951E+01   -0.150951E+01   -0.150951E+01
   -0.156714E+01   -0.159728E+01   -0.159728E+01   -0.162807E+01
   -0.162807E+01   -0.162807E+01   -0.162807E+01   -0.162807E+01
   -0.162807E+01   -0.171837E+01   -0.171837E+01   -0.171837E+01
   -0.171837E+01   -0.171837E+01   -0.171837E+01   -0.171837E+01
   -0.177863E+01   -0.177863E+01   -0.177863E+01   -0.177863E+01
   -0.177863E+01   -0.177863E+01   -0.181334E+01   -0.181334E+01
   -0.181334E+01   -0.181334E+01   -0.181334E+01   -0.181334E+01
   -0.181334E+01   -0.180392E+01   -0.180392E+01   -0.180392E+01
   -0.180392E+01   -0.180392E+01   -0.180392E+01   -0.179288E+01
   -0.179288E+01   -0.179288E+01   -0.179288E+01   -0.177735E+01
   -0.177735E+01   -0.177735E+01   -0.177735E+01   -0.207780E+01
   -0.207235E+01   -0.206689E+01   -0.206143E+01   -0.205598E+01
   -0.204866E+01   -0.203950E+01   -0.203033E+01   -0.202117E+01
   -0.201200E+01   -0.200283E+01   -0.199367E+01   -0.198450E+01
   -0.197534E+01   -0.196617E+01   -0.195548E+01   -0.194327E+01
   -0.193105E+01   -0.191884E+01   -0.190662E+01   -0.189441E+01
   -0.188219E+01   -0.186998E+01   -0.185776E+01   -0.184555E+01
   -0.183392E+01   -0.182286E+01   -0.181181E+01   -0.180076E+01
   -0.178971E+01   -0.177865E+01   -0.176760E+01   -0.175655E+01
   -0.174550E+01   -0.173445E+01   -0.172432E+01   -0.171512E+01
   -0.170593E+01   -0.169673E+01   -0.168753E+01   -0.167833E+01
   -0.166913E+01   -0.166142E+01   -0.165413E+01   -0.164039E+01
   -0.163754E+01   -0.162988E+01   -0.162221E+01   -0.161455E+01
   -0.160689E+01   -0.159923E+01   -0.159156E+01   -0.158510E+01
   -0.157985E+01   -0.157465E+01   -0.156946E+01   -0.156426E+01
   -0.155309E+01   -0.154719E+01   -0.154322E+01   -0.154224E+01
   -0.154049E+01   -0.153641E+01   -0.153233E+01   -0.152885E+01
   -0.152136E+01   -0.152246E+01   -0.151968E+01   -0.151512E+01
   -0.151508E+01   -0.151242E+01   -0.151130E+01   -0.151017E+01
   -0.150951E+01   -0.150951E+01   -0.150951E+01   -0.156714E+01
   -0.156714E+01   -0.159728E+01   -0.159728E+01   -0.162807E+01
   -0.162807E+01   -0.162807E+01   -0.162807E+01   -0.162807E+01
   -0.162807E+01   -0.171837E+01   -0.171837E+01   -0.171837E+01
   -0.171837E+01   -0.171837E+01   -0.171837E+01   -0.177863E+01
   -0.177863E+01   -0.177863E+01   -0.177863E+01   -0.177863E+01
   -0.177863E+01   -0.177863E+01   -0.181334E+01   -0.181334E+01
   -0.181334E+01   -0.181334E+01   -0.181334E+01   -0.181334E+01
   -0.180392E+01   -0.180392E+01   -0.180392E+01   -0.180392E+01
   -0.180392E+01   -0.180392E+01   -0.180392E+01   -0.179288E+01
   -0.179288E+01   -0.179288E+01   -0.179288E+01   -0.177735E+01
   -0.177735E+01   -0.177735E+01   -0.177735E+01   -0.177735E+01
   -0.208031E+01   -0.207485E+01   -0.206939E+01   -0.206394E+01
   -0.205848E+01   -0.205163E+01   -0.204338E+01   -0.203513E+01
   -0.202688E+01   -0.201863E+01   -0.201038E+01   -0.200214E+01
   -0.199389E+01   -0.198564E+01   -0.197739E+01   -0.196764E+01
   -0.195638E+01   -0.194513E+01   -0.193387E+01   -0.192262E+01
   -0.191136E+01   -0.190011E+01   -0.188885E+01   -0.187760E+01
   -0.186634E+01   -0.185543E+01   -0.184485E+01   -0.183428E+01
   -0.182370E+01   -0.181313E+01   -0.180256E+01   -0.179198E+01
   -0.178141E+01   -0.177084E+01   -0.176027E+01   -0.175038E+01
   -0.174118E+01   -0.173198E+01   -0.172279E+01   -0.171359E+01
   -0.170439E+01   -0.169689E+01   -0.168959E+01   -0.168229E+01
   -0.165929E+01   -0.165941E+01   -0.165287E+01   -0.164633E+01
   -0.163979E+01   -0.163325E+01   -0.162671E+01   -0.162017E+01
   -0.161363E+01   -0.160843E+01   -0.160323E+01   -0.159804E+01
   -0.159291E+01   -0.159136E+01   -0.158547E+01   -0.157958E+01
   -0.157369E+01   -0.156944E+01   -0.156542E+01   -0.156139E+01
   -0.155793E+01   -0.155465E+01   -0.154869E+01   -0.154694E+01
   -0.154632E+01   -0.154504E+01   -0.154126E+01   -0.154073E+01
   -0.153970E+01   -0.153862E+01   -0.153862E+01   -0.156714E+01
   -0.156714E+01   -0.159728E+01   -0.159728E+01   -0.162807E+01
   -0.162807E+01   -0.162807E+01   -0.162807E+01   -0.162807E+01
   -0.171837E+01   -0.171837E+01   -0.171837E+01   -0.171837E+01
   -0.171837E+01   -0.171837E+01   -0.171837E+01   -0.177863E+01
   -0.177863E+01   -0.177863E+01   -0.177863E+01   -0.177863E+01
   -0.177863E+01   -0.181334E+01   -0.181334E+01   -0.181334E+01
   -0.181334E+01   -0.181334E+01   -0.181334E+01   -0.181334E+01
   -0.180392E+01   -0.180392E+01   -0.180392E+01   -0.180392E+01
   -0.180392E+01   -0.180392E+01   -0.179288E+01   -0.179288E+01
   -0.179288E+01   -0.179288E+01   -0.179288E+01   -0.177735E+01
   -0.177735E+01   -0.177735E+01   -0.177735E+01   -0.177735E+01
   -0.177735E+01   -0.208281E+01   -0.207736E+01   -0.207190E+01
   -0.206644E+01   -0.206099E+01   -0.205459E+01   -0.204726E+01
   -0.203993E+01   -0.203260E+01   -0.202527E+01   -0.201793E+01
   -0.201060E+01   -0.200327E+01   -0.199594E+01   -0.198861E+01
   -0.197980E+01   -0.196950E+01   -0.195920E+01   -0.194891E+01
   -0.193861E+01   -0.192832E+01   -0.191802E+01   -0.190772E+01
   -0.189743E+01   -0.188713E+01   -0.187694E+01   -0.186684E+01
   -0.185675E+01   -0.184665E+01   -0.183656E+01   -0.182646E+01
   -0.181637E+01   -0.180627E+01   -0.179618E+01   -0.178608E+01
   -0.177644E+01   -0.176724E+01   -0.175804E+01   -0.174884E+01
   -0.173965E+01   -0.173235E+01   -0.172505E+01   -0.171775E+01
   -0.171045E+01   -0.168081E+01   -0.167895E+01   -0.167372E+01
   -0.166848E+01   -0.166325E+01   -0.165801E+01   -0.165278E+01
   -0.164755E+01   -0.164231E+01   -0.163711E+01   -0.163192E+01
   -0.162681E+01   -0.162174E+01   -0.161998E+01   -0.161317E+01
   -0.160636E+01   -0.159954E+01   -0.159343E+01   -0.158941E+01
   -0.158549E+01   -0.158208E+01   -0.158127E+01   -0.158286E+01
   -0.157757E+01   -0.157354E+01   -0.157169E+01   -0.157294E+01
   -0.156960E+01   -0.156889E+01   -0.156819E+01   -0.156714E+01
   -0.156714E+01   -0.159728E+01   -0.159728E+01   -0.162807E+01
   -0.162807E+01   -0.162807E+01   -0.162807E+01   -0.162807E+01
   -0.171837E+01   -0.171837E+01   -0.171837E+01   -0.171837E+01
   -0.171837E+01   -0.171837E+01   -0.177863E+01   -0.177863E+01
   -0.177863E+01   -0.177863E+01   -0.177863E+01   -0.177863E+01
   -0.177863E+01   -0.181334E+01   -0.181334E+01   -0.181334E+01
   -0.181334E+01   -0.181334E+01   -0.181334E+01   -0.180392E+01
   -0.180392E+01   -0.180392E+01   -0.180392E+01   -0.180392E+01
   -0.180392E+01   -0.180392E+01   -0.179288E+01   -0.179288E+01
   -0.179288E+01   -0.179288E+01   -0.177735E+01   -0.177735E+01
   -0.177735E+01   -0.177735E+01   -0.177735E+01   -0.177735E+01
   -0.177735E+01   -0.177735E+01   -0.208245E+01   -0.207958E+01
   -0.207440E+01   -0.206895E+01   -0.206349E+01   -0.205756E+01
   -0.205114E+01   -0.204473E+01   -0.203831E+01   -0.203190E+01
   -0.202548E+01   -0.201907E+01   -0.201266E+01   -0.200624E+01
   -0.199983E+01   -0.199195E+01   -0.198262E+01   -0.197328E+01
   -0.196394E+01   -0.195461E+01   -0.194527E+01   -0.193593E+01
   -0.192660E+01   -0.191726E+01   -0.190792E+01   -0.189845E+01
   -0.188883E+01   -0.187921E+01   -0.186960E+01   -0.185998E+01
   -0.185036E+01   -0.184075E+01   -0.183113E+01   -0.182152E+01
   -0.181190E+01   -0.180249E+01   -0.179330E+01   -0.178410E+01
   -0.177511E+01   -0.176781E+01   -0.176051E+01   -0.175321E+01
   -0.174592E+01   -0.173862E+01   -0.170897E+01   -0.169850E+01
   -0.169457E+01   -0.169064E+01   -0.168671E+01   -0.168278E+01
   -0.167885E+01   -0.167492E+01   -0.167100E+01   -0.166580E+01
   -0.166070E+01   -0.165563E+01   -0.165056E+01   -0.164722E+01
   -0.163935E+01   -0.163148E+01   -0.162361E+01   -0.161671E+01
   -0.161276E+01   -0.160893E+01   -0.160849E+01   -0.160984E+01
   -0.160922E+01   -0.160198E+01   -0.159744E+01   -0.160042E+01
   -0.160047E+01   -0.159705E+01   -0.159877E+01   -0.159711E+01
   -0.159680E+01   -0.159728E+01   -0.159728E+01   -0.162807E+01
   -0.162807E+01   -0.162807E+01   -0.162807E+01   -0.168897E+01
   -0.171837E+01   -0.171837E+01   -0.171837E+01   -0.171837E+01
   -0.171837E+01   -0.171837E+01   -0.177863E+01   -0.177863E+01
   -0.177863E+01   -0.177863E+01   -0.177863E+01   -0.177863E+01
   -0.181334E+01   -0.181334E+01   -0.181334E+01   -0.181334E+01
   -0.181334E+01   -0.181334E+01   -0.181334E+01   -0.180392E+01
   -0.180392E+01   -0.180392E+01   -0.180392E+01   -0.180392E+01
   -0.180392E+01   -0.179288E+01   -0.179288E+01   -0.179288E+01
   -0.179288E+01   -0.179288E+01   -0.177735E+01   -0.177735E+01
   -0.177735E+01   -0.177735E+01   -0.177735E+01   -0.177735E+01
   -0.177735E+01   -0.177735E+01   -0.177735E+01   -0.208209E+01
   -0.207921E+01   -0.207634E+01   -0.207145E+01   -0.206600E+01
   -0.206052E+01   -0.205502E+01   -0.204953E+01   -0.204403E+01
   -0.203853E+01   -0.203303E+01   -0.202754E+01   -0.202204E+01
   -0.201655E+01   -0.201105E+01   -0.200411E+01   -0.199573E+01
   -0.198736E+01   -0.197898E+01   -0.197060E+01   -0.196222E+01
   -0.195385E+01   -0.194547E+01   -0.193709E+01   -0.192871E+01
   -0.191996E+01   -0.191082E+01   -0.190168E+01   -0.189254E+01
   -0.188340E+01   -0.187427E+01   -0.186513E+01   -0.185599E+01
   -0.184685E+01   -0.183772E+01   -0.182855E+01   -0.181935E+01
   -0.181057E+01   -0.180327E+01   -0.179597E+01   -0.178868E+01
   -0.178138E+01   -0.177408E+01   -0.176678E+01   -0.173714E+01
   -0.171804E+01   -0.171542E+01   -0.171280E+01   -0.171017E+01
   -0.170755E+01   -0.170493E+01   -0.170230E+01   -0.169968E+01
   -0.169460E+01   -0.168953E+01   -0.168446E+01   -0.167939E+01
   -0.167445E+01   -0.166553E+01   -0.165661E+01   -0.164768E+01
   -0.164021E+01   -0.164139E+01   -0.164803E+01   -0.164939E+01
   -0.164445E+01   -0.163872E+01   -0.163244E+01   -0.163202E+01
   -0.163346E+01   -0.162855E+01   -0.162705E+01   -0.162833E+01
   -0.162831E+01   -0.162561E+01   -0.162530E+01   -0.162807E+01
   -0.162807E+01   -0.162807E+01   -0.168897E+01   -0.168897E+01
   -0.171837E+01   -0.171837E+01   -0.171837E+01   -0.171837E+01
   -0.171837E+01   -0.177863E+01   -0.177863E+01   -0.177863E+01
   -0.177863E+01   -0.177863E+01   -0.177863E+01   -0.177863E+01
   -0.181334E+01   -0.181334E+01   -0.181334E+01   -0.181334E+01
   -0.181334E+01   -0.181334E+01   -0.180392E+01   -0.180392E+01
   -0.180392E+01   -0.180392E+01   -0.180392E+01   -0.180392E+01
   -0.180392E+01   -0.179288E+01   -0.179288E+01   -0.179288E+01
   -0.179288E+01   -0.179288E+01   -0.177735E+01   -0.177735E+01
   -0.177735E+01   -0.177735E+01   -0.177735E+01   -0.177735E+01
   -0.177735E+01   -0.177735E+01   -0.177735E+01   -0.177735E+01
   -0.208172E+01   -0.207885E+01   -0.207598E+01   -0.207311E+01
   -0.206850E+01   -0.206348E+01   -0.205890E+01   -0.205432E+01
   -0.204974E+01   -0.204516E+01   -0.204059E+01   -0.203601E+01
   -0.203143E+01   -0.202685E+01   -0.202227E+01   -0.201627E+01
   -0.200885E+01   -0.200143E+01   -0.199401E+01   -0.198660E+01
   -0.197918E+01   -0.197176E+01   -0.196434E+01   -0.195692E+01
   -0.194951E+01   -0.194147E+01   -0.193281E+01   -0.192415E+01
   -0.191549E+01   -0.190683E+01   -0.189817E+01   -0.188951E+01
   -0.188085E+01   -0.187219E+01   -0.186353E+01   -0.185461E+01
   -0.184603E+01   -0.183873E+01   -0.183144E+01   -0.182414E+01
   -0.181684E+01   -0.180954E+01   -0.180224E+01   -0.179495E+01
   -0.176639E+01   -0.175115E+01   -0.174429E+01   -0.174072E+01
   -0.173820E+01   -0.173569E+01   -0.173317E+01   -0.173066E+01
   -0.172815E+01   -0.172316E+01   -0.171818E+01   -0.171319E+01
   -0.170821E+01   -0.170323E+01   -0.169421E+01   -0.168520E+01
   -0.167680E+01   -0.167282E+01   -0.168850E+01   -0.168461E+01
   -0.167945E+01   -0.167429E+01   -0.166947E+01   -0.166701E+01
   -0.166455E+01   -0.165921E+01   -0.165224E+01   -0.165701E+01
   -0.165606E+01   -0.165568E+01   -0.165747E+01   -0.165718E+01
   -0.165667E+01   -0.165667E+01   -0.168897E+01   -0.168897E+01
   -0.171837E+01   -0.171837E+01   -0.171837E+01   -0.171837E+01
   -0.171837E+01   -0.177863E+01   -0.177863E+01   -0.177863E+01
   -0.177863E+01   -0.177863E+01   -0.177863E+01   -0.181334E+01
   -0.181334E+01   -0.181334E+01   -0.181334E+01   -0.181334E+01
   -0.181334E+01   -0.181334E+01   -0.180392E+01   -0.180392E+01
   -0.180392E+01   -0.180392E+01   -0.180392E+01   -0.180392E+01
   -0.179288E+01   -0.179288E+01   -0.179288E+01   -0.179288E+01
   -0.179288E+01   -0.177735E+01   -0.177735E+01   -0.177735E+01
   -0.177735E+01   -0.177735E+01   -0.177735E+01   -0.177735E+01
   -0.177735E+01   -0.177735E+01   -0.177735E+01   -0.177735E+01
   -0.177587E+01   -0.208136E+01   -0.207849E+01   -0.207562E+01
   -0.207275E+01   -0.206987E+01   -0.206645E+01   -0.206278E+01
   -0.205912E+01   -0.205546E+01   -0.205180E+01   -0.204814E+01
   -0.204447E+01   -0.204081E+01   -0.203715E+01   -0.203349E+01
   -0.202843E+01   -0.202197E+01   -0.201551E+01   -0.200905E+01
   -0.200259E+01   -0.199613E+01   -0.198967E+01   -0.198321E+01
   -0.197676E+01   -0.197030E+01   -0.196298E+01   -0.195480E+01
   -0.194661E+01   -0.193843E+01   -0.193025E+01   -0.192207E+01
   -0.191389E+01   -0.190571E+01   -0.189753E+01   -0.188935E+01
   -0.188150E+01   -0.187420E+01   -0.186690E+01   -0.185960E+01
   -0.185230E+01   -0.184500E+01   -0.183771E+01   -0.183041E+01
   -0.182311E+01   -0.180310E+01   -0.178786E+01   -0.178100E+01
   -0.177414E+01   -0.176728E+01   -0.176414E+01   -0.176162E+01
   -0.175911E+01   -0.175659E+01   -0.175170E+01   -0.174681E+01
   -0.174192E+01   -0.173703E+01   -0.173214E+01   -0.172312E+01
   -0.171447E+01   -0.171050E+01   -0.170652E+01   -0.171670E+01
   -0.171076E+01   -0.170482E+01   -0.169888E+01   -0.169381E+01
   -0.169135E+01   -0.168943E+01   -0.168373E+01   -0.168398E+01
   -0.169192E+01   -0.168770E+01   -0.168467E+01   -0.168453E+01
   -0.168603E+01   -0.168658E+01   -0.168897E+01   -0.168897E+01
   -0.171837E+01   -0.171837E+01   -0.171837E+01   -0.171837E+01
   -0.176409E+01   -0.177863E+01   -0.177863E+01   -0.177863E+01
   -0.177863E+01   -0.177863E+01   -0.177863E+01   -0.181334E+01
   -0.181334E+01   -0.181334E+01   -0.181334E+01   -0.181334E+01
   -0.181334E+01   -0.180392E+01   -0.180392E+01   -0.180392E+01
   -0.180392E+01   -0.180392E+01   -0.180392E+01   -0.180392E+01
   -0.179288E+01   -0.179288E+01   -0.179288E+01   -0.179288E+01
   -0.179288E+01   -0.177735E+01   -0.177735E+01   -0.177735E+01
   -0.177735E+01   -0.177735E+01   -0.177735E+01   -0.177735E+01
   -0.177735E+01   -0.177735E+01   -0.177735E+01   -0.177587E+01
   -0.177587E+01   -0.177587E+01   -0.208085E+01   -0.207797E+01
   -0.207510E+01   -0.207222E+01   -0.206935E+01   -0.206614E+01
   -0.206262E+01   -0.205909E+01   -0.205557E+01   -0.205204E+01
   -0.204852E+01   -0.204499E+01   -0.204147E+01   -0.203794E+01
   -0.203441E+01   -0.202966E+01   -0.202367E+01   -0.201769E+01
   -0.201170E+01   -0.200572E+01   -0.199973E+01   -0.199375E+01
   -0.198776E+01   -0.198178E+01   -0.197579E+01   -0.196901E+01
   -0.196144E+01   -0.195387E+01   -0.194630E+01   -0.193873E+01
   -0.193116E+01   -0.192359E+01   -0.191602E+01   -0.190845E+01
   -0.190088E+01   -0.189344E+01   -0.188614E+01   -0.187885E+01
   -0.187155E+01   -0.186425E+01   -0.185695E+01   -0.184965E+01
   -0.184236E+01   -0.183784E+01   -0.183982E+01   -0.182458E+01
   -0.181771E+01   -0.181085E+01   -0.180399E+01   -0.179713E+01
   -0.179027E+01   -0.178756E+01   -0.178504E+01   -0.178024E+01
   -0.177544E+01   -0.177064E+01   -0.176585E+01   -0.176105E+01
   -0.175215E+01   -0.174817E+01   -0.174420E+01   -0.174022E+01
   -0.174342E+01   -0.173664E+01   -0.172986E+01   -0.172309E+01
   -0.171739E+01   -0.171531E+01   -0.171386E+01   -0.171505E+01
   -0.171762E+01   -0.171833E+01   -0.171226E+01   -0.171013E+01
   -0.171484E+01   -0.171560E+01   -0.171640E+01   -0.171675E+01
   -0.171837E+01   -0.171837E+01   -0.171837E+01   -0.176409E+01
   -0.176409E+01   -0.177863E+01   -0.177863E+01   -0.177863E+01
   -0.177863E+01   -0.177863E+01   -0.181334E+01   -0.181334E+01
   -0.181334E+01   -0.181334E+01   -0.181334E+01   -0.181334E+01
   -0.181334E+01   -0.180392E+01   -0.180392E+01   -0.180392E+01
   -0.180392E+01   -0.180392E+01   -0.180392E+01   -0.179288E+01
   -0.179288E+01   -0.179288E+01   -0.179288E+01   -0.179288E+01
   -0.179288E+01   -0.177735E+01   -0.177735E+01   -0.177735E+01
   -0.177735E+01   -0.177735E+01   -0.177735E+01   -0.177735E+01
   -0.177735E+01   -0.177735E+01   -0.177735E+01   -0.177587E+01
   -0.177587E+01   -0.177587E+01   -0.177587E+01   -0.208032E+01
   -0.207744E+01   -0.207456E+01   -0.207169E+01   -0.206881E+01
   -0.206565E+01   -0.206222E+01   -0.205878E+01   -0.205535E+01
   -0.205191E+01   -0.204848E+01   -0.204504E+01   -0.204161E+01
   -0.203817E+01   -0.203474E+01   -0.203025E+01   -0.202471E+01
   -0.201917E+01   -0.201363E+01   -0.200809E+01   -0.200255E+01
   -0.199700E+01   -0.199146E+01   -0.198592E+01   -0.198038E+01
   -0.197414E+01   -0.196718E+01   -0.196023E+01   -0.195328E+01
   -0.194632E+01   -0.193937E+01   -0.193242E+01   -0.192546E+01
   -0.191851E+01   -0.191156E+01   -0.190443E+01   -0.189714E+01
   -0.188984E+01   -0.188254E+01   -0.187524E+01   -0.186794E+01
   -0.186065E+01   -0.185651E+01   -0.185271E+01   -0.185753E+01
   -0.186129E+01   -0.185443E+01   -0.184757E+01   -0.184070E+01
   -0.183384E+01   -0.182698E+01   -0.182012E+01   -0.181349E+01
   -0.180878E+01   -0.180408E+01   -0.179937E+01   -0.179466E+01
   -0.178996E+01   -0.178585E+01   -0.178187E+01   -0.177790E+01
   -0.177392E+01   -0.177013E+01   -0.176252E+01   -0.175491E+01
   -0.174729E+01   -0.174192E+01   -0.174449E+01   -0.174813E+01
   -0.174428E+01   -0.174387E+01   -0.174426E+01   -0.173943E+01
   -0.173822E+01   -0.174449E+01   -0.174348E+01   -0.174347E+01
   -0.174360E+01   -0.174509E+01   -0.174509E+01   -0.176409E+01
   -0.176409E+01   -0.177863E+01   -0.177863E+01   -0.177863E+01
   -0.177863E+01   -0.177863E+01   -0.181334E+01   -0.181334E+01
   -0.181334E+01   -0.181334E+01   -0.181334E+01   -0.181334E+01
   -0.180392E+01   -0.180392E+01   -0.180392E+01   -0.180392E+01
   -0.180392E+01   -0.180392E+01   -0.180392E+01   -0.179288E+01
   -0.179288E+01   -0.179288E+01   -0.179288E+01   -0.179288E+01
   -0.177735E+01   -0.177735E+01   -0.177735E+01   -0.177735E+01
   -0.177735E+01   -0.177735E+01   -0.177735E+01   -0.177735E+01
   -0.177735E+01   -0.177735E+01   -0.177587E+01   -0.177587E+01
   -0.177587E+01   -0.177587E+01   -0.177587E+01   -0.177587E+01
   -0.207980E+01   -0.207691E+01   -0.207403E+01   -0.207115E+01
   -0.206827E+01   -0.206516E+01   -0.206181E+01   -0.205847E+01
   -0.205512E+01   -0.205178E+01   -0.204843E+01   -0.204509E+01
   -0.204175E+01   -0.203840E+01   -0.203506E+01   -0.203084E+01
   -0.202574E+01   -0.202065E+01   -0.201555E+01   -0.201045E+01
   -0.200536E+01   -0.200026E+01   -0.199517E+01   -0.199007E+01
   -0.198498E+01   -0.197926E+01   -0.197293E+01   -0.196659E+01
   -0.196025E+01   -0.195392E+01   -0.194758E+01   -0.194125E+01
   -0.193491E+01   -0.192858E+01   -0.192224E+01   -0.191543E+01
   -0.190813E+01   -0.190083E+01   -0.189353E+01   -0.188623E+01
   -0.187899E+01   -0.187519E+01   -0.187138E+01   -0.186757E+01
   -0.186930E+01   -0.187400E+01   -0.186765E+01   -0.186130E+01
   -0.185495E+01   -0.184860E+01   -0.184225E+01   -0.183590E+01
   -0.182955E+01   -0.182485E+01   -0.182015E+01   -0.181544E+01
   -0.181074E+01   -0.181022E+01   -0.180695E+01   -0.180369E+01
   -0.180042E+01   -0.179716E+01   -0.179389E+01   -0.178625E+01
   -0.177862E+01   -0.177191E+01   -0.176868E+01   -0.178594E+01
   -0.178220E+01   -0.177835E+01   -0.177450E+01   -0.177127E+01
   -0.176969E+01   -0.176798E+01   -0.176464E+01   -0.176513E+01
   -0.176481E+01   -0.176410E+01   -0.176351E+01   -0.176409E+01
   -0.176409E+01   -0.177863E+01   -0.177863E+01   -0.177863E+01
   -0.177863E+01   -0.180503E+01   -0.181334E+01   -0.181334E+01
   -0.181334E+01   -0.181334E+01   -0.181334E+01   -0.181334E+01
   -0.180392E+01   -0.180392E+01   -0.180392E+01   -0.180392E+01
   -0.180392E+01   -0.180392E+01   -0.179288E+01   -0.179288E+01
   -0.179288E+01   -0.179288E+01   -0.179288E+01   -0.179288E+01
   -0.177735E+01   -0.177735E+01   -0.177735E+01   -0.177735E+01
   -0.177735E+01   -0.177735E+01   -0.177735E+01   -0.177735E+01
   -0.177735E+01   -0.177735E+01   -0.177587E+01   -0.177587E+01
   -0.177587E+01   -0.177587E+01   -0.177587E+01   -0.177587E+01
   -0.177587E+01   -0.207927E+01   -0.207639E+01   -0.207350E+01
   -0.207062E+01   -0.206773E+01   -0.206466E+01   -0.206141E+01
   -0.205816E+01   -0.205490E+01   -0.205165E+01   -0.204839E+01
   -0.204514E+01   -0.204189E+01   -0.203863E+01   -0.203538E+01
   -0.203143E+01   -0.202678E+01   -0.202212E+01   -0.201747E+01
   -0.201282E+01   -0.200817E+01   -0.200352E+01   -0.199887E+01
   -0.199422E+01   -0.198957E+01   -0.198439E+01   -0.197867E+01
   -0.197295E+01   -0.196723E+01   -0.196151E+01   -0.195580E+01
   -0.195008E+01   -0.194436E+01   -0.193864E+01   -0.193293E+01
   -0.192642E+01   -0.191912E+01   -0.191182E+01   -0.190452E+01
   -0.189766E+01   -0.189386E+01   -0.189005E+01   -0.188624E+01
   -0.188244E+01   -0.188107E+01   -0.188603E+01   -0.188020E+01
   -0.187438E+01   -0.186856E+01   -0.186273E+01   -0.185691E+01
   -0.185109E+01   -0.184527E+01   -0.184056E+01   -0.183586E+01
   -0.183115E+01   -0.182985E+01   -0.183024E+01   -0.182770E+01
   -0.182517E+01   -0.182263E+01   -0.182010E+01   -0.181756E+01
   -0.180993E+01   -0.180296E+01   -0.180062E+01   -0.179828E+01
   -0.180178E+01   -0.179966E+01   -0.179754E+01   -0.179543E+01
   -0.179345E+01   -0.179170E+01   -0.178952E+01   -0.178620E+01
   -0.178473E+01   -0.178331E+01   -0.178214E+01   -0.178032E+01
   -0.177909E+01   -0.177863E+01   -0.177863E+01   -0.177863E+01
   -0.180503E+01   -0.180503E+01   -0.181334E+01   -0.181334E+01
   -0.181334E+01   -0.181334E+01   -0.181334E+01   -0.180392E+01
   -0.180392E+01   -0.180392E+01   -0.180392E+01   -0.180392E+01
   -0.180392E+01   -0.180392E+01   -0.179288E+01   -0.179288E+01
   -0.179288E+01   -0.179288E+01   -0.179288E+01   -0.179288E+01
   -0.177735E+01   -0.177735E+01   -0.177735E+01   -0.177735E+01
   -0.177735E+01   -0.177735E+01   -0.177735E+01   -0.177735E+01
   -0.177735E+01   -0.177587E+01   -0.177587E+01   -0.177587E+01
   -0.177587E+01   -0.177587E+01   -0.177587E+01   -0.177587E+01
   -0.177587E+01   -0.177587E+01   -0.207875E+01   -0.207586E+01
   -0.207297E+01   -0.207008E+01   -0.206719E+01   -0.206417E+01
   -0.206101E+01   -0.205784E+01   -0.205468E+01   -0.205152E+01
   -0.204835E+01   -0.204519E+01   -0.204203E+01   -0.203886E+01
   -0.203570E+01   -0.203201E+01   -0.202781E+01   -0.202360E+01
   -0.201940E+01   -0.201519E+01   -0.201099E+01   -0.200678E+01
   -0.200257E+01   -0.199837E+01   -0.199416E+01   -0.198951E+01
   -0.198441E+01   -0.197931E+01   -0.197421E+01   -0.196911E+01
   -0.196401E+01   -0.195891E+01   -0.195381E+01   -0.194871E+01
   -0.194361E+01   -0.193741E+01   -0.193011E+01   -0.192281E+01
   -0.191634E+01   -0.191253E+01   -0.190872E+01   -0.190491E+01
   -0.190111E+01   -0.189730E+01   -0.189349E+01   -0.189806E+01
   -0.189276E+01   -0.188746E+01   -0.188217E+01   -0.187687E+01
   -0.187157E+01   -0.186627E+01   -0.186098E+01   -0.185627E+01
   -0.185157E+01   -0.184948E+01   -0.184986E+01   -0.185025E+01
   -0.184845E+01   -0.184665E+01   -0.184484E+01   -0.184304E+01
   -0.184124E+01   -0.183400E+01   -0.183167E+01   -0.182933E+01
   -0.182699E+01   -0.181743E+01   -0.181693E+01   -0.181654E+01
   -0.181616E+01   -0.181520E+01   -0.181250E+01   -0.180961E+01
   -0.180777E+01   -0.180433E+01   -0.180182E+01   -0.179979E+01
   -0.179691E+01   -0.179496E+01   -0.179297E+01   -0.179297E+01
   -0.180503E+01   -0.180503E+01   -0.181334E+01   -0.181334E+01
   -0.181334E+01   -0.181334E+01   -0.181334E+01   -0.180392E+01
   -0.180392E+01   -0.180392E+01   -0.180392E+01   -0.180392E+01
   -0.180392E+01   -0.179288E+01   -0.179288E+01   -0.179288E+01
   -0.179288E+01   -0.179288E+01   -0.179288E+01   -0.177735E+01
   -0.177735E+01   -0.177735E+01   -0.177735E+01   -0.177735E+01
   -0.177735E+01   -0.177735E+01   -0.177735E+01   -0.177735E+01
   -0.177735E+01   -0.177587E+01   -0.177587E+01   -0.177587E+01
   -0.177587E+01   -0.177587E+01   -0.177587E+01   -0.177587E+01
   -0.177587E+01   -0.177587E+01   -0.177587E+01   -0.207822E+01
   -0.207533E+01   -0.207244E+01   -0.206955E+01   -0.206666E+01
   -0.206368E+01   -0.206060E+01   -0.205753E+01   -0.205446E+01
   -0.205138E+01   -0.204831E+01   -0.204524E+01   -0.204217E+01
   -0.203909E+01   -0.203602E+01   -0.203260E+01   -0.202884E+01
   -0.202508E+01   -0.202132E+01   -0.201756E+01   -0.201380E+01
   -0.201004E+01   -0.200628E+01   -0.200252E+01   -0.199875E+01
   -0.199463E+01   -0.199015E+01   -0.198567E+01   -0.198119E+01
   -0.197670E+01   -0.197222E+01   -0.196774E+01   -0.196326E+01
   -0.195877E+01   -0.195429E+01   -0.194840E+01   -0.194110E+01
   -0.193501E+01   -0.193120E+01   -0.192739E+01   -0.192359E+01
   -0.191978E+01   -0.191597E+01   -0.191217E+01   -0.190836E+01
   -0.191009E+01   -0.190532E+01   -0.190054E+01   -0.189577E+01
   -0.189100E+01   -0.188623E+01   -0.188146E+01   -0.187669E+01
   -0.187199E+01   -0.186910E+01   -0.186949E+01   -0.186988E+01
   -0.186996E+01   -0.186881E+01   -0.186772E+01   -0.186663E+01
   -0.186553E+01   -0.186444E+01   -0.186210E+01   -0.185976E+01
   -0.185743E+01   -0.185509E+01   -0.184477E+01   -0.184017E+01
   -0.183588E+01   -0.183549E+01   -0.183453E+01   -0.183161E+01
   -0.182773E+01   -0.182583E+01   -0.182168E+01   -0.181870E+01
   -0.181578E+01   -0.181396E+01   -0.181005E+01   -0.180781E+01
   -0.180503E+01   -0.180503E+01   -0.181334E+01   -0.181334E+01
   -0.181334E+01   -0.181334E+01   -0.180868E+01   -0.180392E+01
   -0.180392E+01   -0.180392E+01   -0.180392E+01   -0.180392E+01
   -0.180392E+01   -0.179288E+01   -0.179288E+01   -0.179288E+01
   -0.179288E+01   -0.179288E+01   -0.179288E+01   -0.177735E+01
   -0.177735E+01   -0.177735E+01   -0.177735E+01   -0.177735E+01
   -0.177735E+01   -0.177735E+01   -0.177735E+01   -0.177735E+01
   -0.177587E+01   -0.177587E+01   -0.177587E+01   -0.177587E+01
   -0.177587E+01   -0.177587E+01   -0.177587E+01   -0.177587E+01
   -0.177587E+01   -0.177587E+01   -0.177587E+01   -0.177587E+01
   -0.207769E+01   -0.207480E+01   -0.207191E+01   -0.206901E+01
   -0.206612E+01   -0.206318E+01   -0.206020E+01   -0.205722E+01
   -0.205423E+01   -0.205125E+01   -0.204827E+01   -0.204529E+01
   -0.204231E+01   -0.203932E+01   -0.203634E+01   -0.203319E+01
   -0.202988E+01   -0.202656E+01   -0.202324E+01   -0.201993E+01
   -0.201661E+01   -0.201330E+01   -0.200998E+01   -0.200666E+01
   -0.200335E+01   -0.199976E+01   -0.199589E+01   -0.199203E+01
   -0.198816E+01   -0.198430E+01   -0.198043E+01   -0.197657E+01
   -0.197270E+01   -0.196884E+01   -0.196497E+01   -0.195939E+01
   -0.195368E+01   -0.194987E+01   -0.194606E+01   -0.194226E+01
   -0.193845E+01   -0.193464E+01   -0.193084E+01   -0.192703E+01
   -0.192322E+01   -0.192212E+01   -0.191787E+01   -0.191363E+01
   -0.190938E+01   -0.190514E+01   -0.190089E+01   -0.189665E+01
   -0.189240E+01   -0.188873E+01   -0.188912E+01   -0.188766E+01
   -0.188352E+01   -0.187922E+01   -0.187663E+01   -0.187508E+01
   -0.187399E+01   -0.187290E+01   -0.187180E+01   -0.186947E+01
   -0.186713E+01   -0.186479E+01   -0.186127E+01   -0.187092E+01
   -0.186636E+01   -0.186179E+01   -0.185723E+01   -0.185284E+01
   -0.184896E+01   -0.184508E+01   -0.184092E+01   -0.183667E+01
   -0.183160E+01   -0.182975E+01   -0.182551E+01   -0.182437E+01
   -0.182069E+01   -0.181679E+01   -0.181334E+01   -0.181334E+01
   -0.181334E+01   -0.180868E+01   -0.180868E+01   -0.180392E+01
   -0.180392E+01   -0.180392E+01   -0.180392E+01   -0.180392E+01
   -0.179288E+01   -0.179288E+01   -0.179288E+01   -0.179288E+01
   -0.179288E+01   -0.179288E+01   -0.179288E+01   -0.177735E+01
   -0.177735E+01   -0.177735E+01   -0.177735E+01   -0.177735E+01
   -0.177735E+01   -0.177735E+01   -0.177735E+01   -0.177735E+01
   -0.177587E+01   -0.177587E+01   -0.177587E+01   -0.177587E+01
   -0.177587E+01   -0.177587E+01   -0.177587E+01   -0.177587E+01
   -0.177587E+01   -0.177587E+01   -0.177587E+01   -0.177587E+01
   -0.177614E+01   -0.207718E+01   -0.207428E+01   -0.207139E+01
   -0.206849E+01   -0.206559E+01   -0.206270E+01   -0.205980E+01
   -0.205690E+01   -0.205401E+01   -0.205111E+01   -0.204821E+01
   -0.204531E+01   -0.204242E+01   -0.203952E+01   -0.203662E+01
   -0.203373E+01   -0.203083E+01   -0.202793E+01   -0.202504E+01
   -0.202214E+01   -0.201924E+01   -0.201635E+01   -0.201345E+01
   -0.201055E+01   -0.200766E+01   -0.200457E+01   -0.200129E+01
   -0.199801E+01   -0.199473E+01   -0.199145E+01   -0.198817E+01
   -0.198489E+01   -0.198161E+01   -0.197833E+01   -0.197505E+01
   -0.197151E+01   -0.196771E+01   -0.196391E+01   -0.196011E+01
   -0.195631E+01   -0.195251E+01   -0.194871E+01   -0.194491E+01
   -0.194111E+01   -0.193731E+01   -0.193353E+01   -0.192978E+01
   -0.192603E+01   -0.192228E+01   -0.191853E+01   -0.191479E+01
   -0.191104E+01   -0.190733E+01   -0.190526E+01   -0.190261E+01
   -0.189717E+01   -0.189106E+01   -0.188848E+01   -0.188589E+01
   -0.188330E+01   -0.188135E+01   -0.188026E+01   -0.187917E+01
   -0.187683E+01   -0.187449E+01   -0.187081E+01   -0.186693E+01
   -0.187073E+01   -0.186686E+01   -0.186299E+01   -0.185912E+01
   -0.185522E+01   -0.185125E+01   -0.184727E+01   -0.184309E+01
   -0.183917E+01   -0.183649E+01   -0.183329E+01   -0.182990E+01
   -0.182508E+01   -0.182175E+01   -0.181769E+01   -0.181372E+01
   -0.181372E+01   -0.180868E+01   -0.180868E+01   -0.180392E+01
   -0.180392E+01   -0.180392E+01   -0.180392E+01   -0.180392E+01
   -0.179288E+01   -0.179288E+01   -0.179288E+01   -0.179288E+01
   -0.179288E+01   -0.179288E+01   -0.178129E+01   -0.177735E+01
   -0.177735E+01   -0.177735E+01   -0.177735E+01   -0.177735E+01
   -0.177735E+01   -0.177735E+01   -0.177735E+01   -0.177587E+01
   -0.177587E+01   -0.177587E+01   -0.177587E+01   -0.177587E+01
   -0.177587E+01   -0.177587E+01   -0.177587E+01   -0.177587E+01
   -0.177587E+01   -0.177587E+01   -0.177587E+01   -0.177614E+01
   -0.177614E+01   -0.177614E+01   -0.207684E+01   -0.207394E+01
   -0.207104E+01   -0.206814E+01   -0.206525E+01   -0.206235E+01
   -0.205945E+01   -0.205655E+01   -0.205365E+01   -0.205075E+01
   -0.204785E+01   -0.204496E+01   -0.204206E+01   -0.203916E+01
   -0.203626E+01   -0.203336E+01   -0.203046E+01   -0.202756E+01
   -0.202466E+01   -0.202176E+01   -0.201887E+01   -0.201597E+01
   -0.201307E+01   -0.201017E+01   -0.200727E+01   -0.200421E+01
   -0.200097E+01   -0.199774E+01   -0.199451E+01   -0.199127E+01
   -0.198804E+01   -0.198481E+01   -0.198158E+01   -0.197834E+01
   -0.197511E+01   -0.197165E+01   -0.196796E+01   -0.196428E+01
   -0.196059E+01   -0.195690E+01   -0.195322E+01   -0.194953E+01
   -0.194584E+01   -0.194215E+01   -0.193847E+01   -0.193475E+01
   -0.193100E+01   -0.192725E+01   -0.192350E+01   -0.191975E+01
   -0.191600E+01   -0.191226E+01   -0.190935E+01   -0.190927E+01
   -0.191082E+01   -0.190330E+01   -0.190032E+01   -0.189774E+01
   -0.189515E+01   -0.189256E+01   -0.188997E+01   -0.188763E+01
   -0.188653E+01   -0.188420E+01   -0.188034E+01   -0.187646E+01
   -0.187258E+01   -0.187048E+01   -0.186727E+01   -0.186404E+01
   -0.186082E+01   -0.185738E+01   -0.185332E+01   -0.184925E+01
   -0.184534E+01   -0.184147E+01   -0.183560E+01   -0.183249E+01
   -0.182902E+01   -0.182417E+01   -0.182082E+01   -0.181676E+01
   -0.181269E+01   -0.180868E+01   -0.180868E+01   -0.180392E+01
   -0.180392E+01   -0.180392E+01   -0.180392E+01   -0.179770E+01
   -0.179288E+01   -0.179288E+01   -0.179288E+01   -0.179288E+01
   -0.179288E+01   -0.179288E+01   -0.178129E+01   -0.177735E+01
   -0.177735E+01   -0.177735E+01   -0.177735E+01   -0.177735E+01
   -0.177735E+01   -0.177735E+01   -0.177735E+01   -0.177587E+01
   -0.177587E+01   -0.177587E+01   -0.177587E+01   -0.177587E+01
   -0.177587E+01   -0.177587E+01   -0.177587E+01   -0.177587E+01
   -0.177587E+01   -0.177587E+01   -0.177614E+01   -0.177614E+01
   -0.177614E+01   -0.177614E+01   -0.177614E+01   -0.207650E+01
   -0.207360E+01   -0.207070E+01   -0.206780E+01   -0.206490E+01
   -0.206200E+01   -0.205910E+01   -0.205620E+01   -0.205330E+01
   -0.205040E+01   -0.204750E+01   -0.204460E+01   -0.204169E+01
   -0.203879E+01   -0.203589E+01   -0.203299E+01   -0.203009E+01
   -0.202719E+01   -0.202429E+01   -0.202139E+01   -0.201849E+01
   -0.201559E+01   -0.201269E+01   -0.200979E+01   -0.200689E+01
   -0.200384E+01   -0.200066E+01   -0.199747E+01   -0.199429E+01
   -0.199110E+01   -0.198791E+01   -0.198473E+01   -0.198154E+01
   -0.197836E+01   -0.197517E+01   -0.197179E+01   -0.196822E+01
   -0.196464E+01   -0.196107E+01   -0.195750E+01   -0.195392E+01
   -0.195035E+01   -0.194678E+01   -0.194320E+01   -0.193963E+01
   -0.193597E+01   -0.193222E+01   -0.192847E+01   -0.192472E+01
   -0.192097E+01   -0.191722E+01   -0.191428E+01   -0.191137E+01
   -0.190881E+01   -0.191135E+01   -0.191134E+01   -0.190875E+01
   -0.190616E+01   -0.190357E+01   -0.190098E+01   -0.189839E+01
   -0.189580E+01   -0.189321E+01   -0.188933E+01   -0.188545E+01
   -0.188157E+01   -0.187769E+01   -0.186942E+01   -0.186632E+01
   -0.186321E+01   -0.185999E+01   -0.185655E+01   -0.185247E+01
   -0.184840E+01   -0.184448E+01   -0.184060E+01   -0.183473E+01
   -0.183155E+01   -0.182811E+01   -0.182325E+01   -0.181989E+01
   -0.181582E+01   -0.181174E+01   -0.180767E+01   -0.180392E+01
   -0.180392E+01   -0.180392E+01   -0.179770E+01   -0.179770E+01
   -0.179288E+01   -0.179288E+01   -0.179288E+01   -0.179288E+01
   -0.179288E+01   -0.178129E+01   -0.178129E+01   -0.177735E+01
   -0.177735E+01   -0.177735E+01   -0.177735E+01   -0.177735E+01
   -0.177735E+01   -0.177735E+01   -0.177587E+01   -0.177587E+01
   -0.177587E+01   -0.177587E+01   -0.177587E+01   -0.177587E+01
   -0.177587E+01   -0.177587E+01   -0.177587E+01   -0.177587E+01
   -0.177587E+01   -0.177614E+01   -0.177614E+01   -0.177614E+01
   -0.177614E+01   -0.177614E+01   -0.177614E+01   -0.177614E+01
   -0.207616E+01   -0.207326E+01   -0.207036E+01   -0.206746E+01
   -0.206455E+01   -0.206165E+01   -0.205875E+01   -0.205585E+01
   -0.205294E+01   -0.205004E+01   -0.204714E+01   -0.204424E+01
   -0.204133E+01   -0.203843E+01   -0.203553E+01   -0.203262E+01
   -0.202972E+01   -0.202682E+01   -0.202392E+01   -0.202101E+01
   -0.201811E+01   -0.201521E+01   -0.201231E+01   -0.200940E+01
   -0.200650E+01   -0.200348E+01   -0.200034E+01   -0.199720E+01
   -0.199406E+01   -0.199093E+01   -0.198779E+01   -0.198465E+01
   -0.198151E+01   -0.197837E+01   -0.197523E+01   -0.197193E+01
   -0.196847E+01   -0.196501E+01   -0.196155E+01   -0.195809E+01
   -0.195463E+01   -0.195117E+01   -0.194771E+01   -0.194425E+01
   -0.194079E+01   -0.193719E+01   -0.193344E+01   -0.192969E+01
   -0.192594E+01   -0.192219E+01   -0.191920E+01   -0.191629E+01
   -0.191338E+01   -0.191013E+01   -0.191089E+01   -0.191085E+01
   -0.190822E+01   -0.190560E+01   -0.190297E+01   -0.190035E+01
   -0.189772E+01   -0.189510E+01   -0.189247E+01   -0.188859E+01
   -0.188471E+01   -0.188084E+01   -0.187692E+01   -0.186842E+01
   -0.186530E+01   -0.186219E+01   -0.185907E+01   -0.185572E+01
   -0.185163E+01   -0.184755E+01   -0.184361E+01   -0.183972E+01
   -0.183381E+01   -0.183069E+01   -0.182720E+01   -0.182234E+01
   -0.181896E+01   -0.181488E+01   -0.181079E+01   -0.180671E+01
   -0.180263E+01   -0.180263E+01   -0.179770E+01   -0.179770E+01
   -0.179288E+01   -0.179288E+01   -0.179288E+01   -0.179288E+01
   -0.179288E+01   -0.178129E+01   -0.178129E+01   -0.177735E+01
   -0.177735E+01   -0.177735E+01   -0.177735E+01   -0.177735E+01
   -0.177735E+01   -0.177735E+01   -0.177587E+01   -0.177587E+01
   -0.177587E+01   -0.177587E+01   -0.177587E+01   -0.177587E+01
   -0.177587E+01   -0.177587E+01   -0.177587E+01   -0.177587E+01
   -0.177614E+01   -0.177614E+01   -0.177614E+01   -0.177614E+01
   -0.177614E+01   -0.177614E+01   -0.177614E+01   -0.177614E+01
   -0.177614E+01   -0.207582E+01   -0.207292E+01   -0.207002E+01
   -0.206711E+01   -0.206421E+01   -0.206130E+01   -0.205840E+01
   -0.205549E+01   -0.205259E+01   -0.204968E+01   -0.204678E+01
   -0.204388E+01   -0.204097E+01   -0.203807E+01   -0.203516E+01
   -0.203226E+01   -0.202935E+01   -0.202645E+01   -0.202354E+01
   -0.202064E+01   -0.201773E+01   -0.201483E+01   -0.201193E+01
   -0.200902E+01   -0.200612E+01   -0.200312E+01   -0.200003E+01
   -0.199693E+01   -0.199384E+01   -0.199075E+01   -0.198766E+01
   -0.198457E+01   -0.198148E+01   -0.197838E+01   -0.197529E+01
   -0.197207E+01   -0.196873E+01   -0.196538E+01   -0.196203E+01
   -0.195869E+01   -0.195534E+01   -0.195199E+01   -0.194865E+01
   -0.194530E+01   -0.194195E+01   -0.193841E+01   -0.193466E+01
   -0.193091E+01   -0.192716E+01   -0.192413E+01   -0.192122E+01
   -0.191831E+01   -0.191540E+01   -0.191225E+01   -0.191042E+01
   -0.191036E+01   -0.190770E+01   -0.190504E+01   -0.190238E+01
   -0.189972E+01   -0.189706E+01   -0.189440E+01   -0.189174E+01
   -0.188786E+01   -0.188398E+01   -0.188006E+01   -0.187614E+01
   -0.186788E+01   -0.186469E+01   -0.186150E+01   -0.185830E+01
   -0.185488E+01   -0.185079E+01   -0.184670E+01   -0.184276E+01
   -0.183885E+01   -0.183296E+01   -0.182976E+01   -0.182630E+01
   -0.182175E+01   -0.181810E+01   -0.181391E+01   -0.180985E+01
   -0.180575E+01   -0.180166E+01   -0.179770E+01   -0.179770E+01
   -0.179288E+01   -0.179288E+01   -0.179288E+01   -0.179288E+01
   -0.178669E+01   -0.178129E+01   -0.178129E+01   -0.177735E+01
   -0.177735E+01   -0.177735E+01   -0.177735E+01   -0.177735E+01
   -0.177735E+01   -0.177587E+01   -0.177587E+01   -0.177587E+01
   -0.177587E+01   -0.177587E+01   -0.177587E+01   -0.177587E+01
   -0.177587E+01   -0.177587E+01   -0.177587E+01   -0.177614E+01
   -0.177614E+01   -0.177614E+01   -0.177614E+01   -0.177614E+01
   -0.177614E+01   -0.177614E+01   -0.177614E+01   -0.177614E+01
   -0.177614E+01   -0.177614E+01   -0.207549E+01   -0.207258E+01
   -0.206967E+01   -0.206677E+01   -0.206386E+01   -0.206095E+01
   -0.205805E+01   -0.205514E+01   -0.205223E+01   -0.204933E+01
   -0.204642E+01   -0.204352E+01   -0.204061E+01   -0.203770E+01
   -0.203480E+01   -0.203189E+01   -0.202898E+01   -0.202608E+01
   -0.202317E+01   -0.202026E+01   -0.201736E+01   -0.201445E+01
   -0.201154E+01   -0.200864E+01   -0.200573E+01   -0.200276E+01
   -0.199971E+01   -0.199667E+01   -0.199362E+01   -0.199058E+01
   -0.198753E+01   -0.198449E+01   -0.198144E+01   -0.197840E+01
   -0.197535E+01   -0.197221E+01   -0.196898E+01   -0.196575E+01
   -0.196251E+01   -0.195928E+01   -0.195605E+01   -0.195281E+01
   -0.194958E+01   -0.194635E+01   -0.194312E+01   -0.193962E+01
   -0.193588E+01   -0.193213E+01   -0.192906E+01   -0.192615E+01
   -0.192324E+01   -0.192033E+01   -0.191742E+01   -0.191438E+01
   -0.191080E+01   -0.190988E+01   -0.190718E+01   -0.190449E+01
   -0.190179E+01   -0.189909E+01   -0.189639E+01   -0.189370E+01
   -0.189100E+01   -0.188712E+01   -0.188320E+01   -0.187928E+01
   -0.187536E+01   -0.186728E+01   -0.186405E+01   -0.186079E+01
   -0.185753E+01   -0.185405E+01   -0.184995E+01   -0.184584E+01
   -0.184189E+01   -0.183798E+01   -0.183199E+01   -0.182881E+01
   -0.182532E+01   -0.182129E+01   -0.181696E+01   -0.181295E+01
   -0.180890E+01   -0.180479E+01   -0.180069E+01   -0.179658E+01
   -0.179288E+01   -0.179288E+01   -0.179288E+01   -0.178669E+01
   -0.178669E+01   -0.178129E+01   -0.178129E+01   -0.177735E+01
   -0.177735E+01   -0.177735E+01   -0.177735E+01   -0.177735E+01
   -0.177735E+01   -0.177587E+01   -0.177587E+01   -0.177587E+01
   -0.177587E+01   -0.177587E+01   -0.177587E+01   -0.177587E+01
   -0.177587E+01   -0.177587E+01   -0.177614E+01   -0.177614E+01
   -0.177614E+01   -0.177614E+01   -0.177614E+01   -0.177614E+01
   -0.177614E+01   -0.177614E+01   -0.177614E+01   -0.177614E+01
   -0.177614E+01   -0.177614E+01   -0.177614E+01   -0.207515E+01
   -0.207224E+01   -0.206933E+01   -0.206642E+01   -0.206351E+01
   -0.206061E+01   -0.205770E+01   -0.205479E+01   -0.205188E+01
   -0.204897E+01   -0.204606E+01   -0.204316E+01   -0.204025E+01
   -0.203734E+01   -0.203443E+01   -0.203152E+01   -0.202861E+01
   -0.202570E+01   -0.202280E+01   -0.201989E+01   -0.201698E+01
   -0.201407E+01   -0.201116E+01   -0.200825E+01   -0.200535E+01
   -0.200239E+01   -0.199940E+01   -0.199640E+01   -0.199340E+01
   -0.199040E+01   -0.198740E+01   -0.198441E+01   -0.198141E+01
   -0.197841E+01   -0.197541E+01   -0.197235E+01   -0.196923E+01
   -0.196611E+01   -0.196299E+01   -0.195988E+01   -0.195676E+01
   -0.195364E+01   -0.195052E+01   -0.194740E+01   -0.194428E+01
   -0.194084E+01   -0.193709E+01   -0.193398E+01   -0.193107E+01
   -0.192816E+01   -0.192525E+01   -0.192234E+01   -0.191944E+01
   -0.191650E+01   -0.191292E+01   -0.190947E+01   -0.190675E+01
   -0.190402E+01   -0.190129E+01   -0.189856E+01   -0.189584E+01
   -0.189311E+01   -0.189038E+01   -0.188646E+01   -0.188254E+01
   -0.187863E+01   -0.187471E+01   -0.186622E+01   -0.186308E+01
   -0.185994E+01   -0.185670E+01   -0.185322E+01   -0.184911E+01
   -0.184499E+01   -0.184103E+01   -0.183711E+01   -0.183119E+01
   -0.182797E+01   -0.182441E+01   -0.182032E+01   -0.181619E+01
   -0.181201E+01   -0.180795E+01   -0.180383E+01   -0.179972E+01
   -0.179560E+01   -0.179148E+01   -0.179148E+01   -0.178669E+01
   -0.178669E+01   -0.178129E+01   -0.178129E+01   -0.177735E+01
   -0.177735E+01   -0.177735E+01   -0.177735E+01   -0.177735E+01
   -0.177587E+01   -0.177587E+01   -0.177587E+01   -0.177587E+01
   -0.177587E+01   -0.177587E+01   -0.177587E+01   -0.177587E+01
   -0.177587E+01   -0.177614E+01   -0.177614E+01   -0.177614E+01
   -0.177614E+01   -0.177614E+01   -0.177614E+01   -0.177614E+01
   -0.177614E+01   -0.177614E+01   -0.177614E+01   -0.177614E+01
   -0.177614E+01   -0.177614E+01   -0.177614E+01   -0.177614E+01
   -0.207481E+01   -0.207190E+01   -0.206899E+01   -0.206608E+01
   -0.206317E+01   -0.206026E+01   -0.205735E+01   -0.205444E+01
   -0.205153E+01   -0.204862E+01   -0.204571E+01   -0.204280E+01
   -0.203989E+01   -0.203697E+01   -0.203406E+01   -0.203115E+01
   -0.202824E+01   -0.202533E+01   -0.202242E+01   -0.201951E+01
   -0.201660E+01   -0.201369E+01   -0.201078E+01   -0.200787E+01
   -0.200496E+01   -0.200203E+01   -0.199908E+01   -0.199613E+01
   -0.199318E+01   -0.199023E+01   -0.198728E+01   -0.198433E+01
   -0.198137E+01   -0.197842E+01   -0.197547E+01   -0.197249E+01
   -0.196949E+01   -0.196648E+01   -0.196348E+01   -0.196047E+01
   -0.195746E+01   -0.195446E+01   -0.195145E+01   -0.194845E+01
   -0.194544E+01   -0.194206E+01   -0.193891E+01   -0.193600E+01
   -0.193309E+01   -0.193018E+01   -0.192727E+01   -0.192436E+01
   -0.192145E+01   -0.191854E+01   -0.191434E+01   -0.190959E+01
   -0.190684E+01   -0.190410E+01   -0.190137E+01   -0.189864E+01
   -0.189591E+01   -0.189319E+01   -0.189046E+01   -0.188654E+01
   -0.188262E+01   -0.187870E+01   -0.187462E+01   -0.186524E+01
   -0.186210E+01   -0.185896E+01   -0.185582E+01   -0.185244E+01
   -0.184831E+01   -0.184419E+01   -0.184021E+01   -0.183628E+01
   -0.183020E+01   -0.182701E+01   -0.182350E+01   -0.181940E+01
   -0.181527E+01   -0.181107E+01   -0.180700E+01   -0.180287E+01
   -0.179875E+01   -0.179462E+01   -0.179049E+01   -0.178669E+01
   -0.178669E+01   -0.178129E+01   -0.178129E+01   -0.177735E+01
   -0.177735E+01   -0.177735E+01   -0.177735E+01   -0.177735E+01
   -0.177587E+01   -0.177587E+01   -0.177587E+01   -0.177587E+01
   -0.177587E+01   -0.177587E+01   -0.177587E+01   -0.177587E+01
   -0.177614E+01   -0.177614E+01   -0.177614E+01   -0.177614E+01
   -0.177614E+01   -0.177614E+01   -0.177614E+01   -0.177614E+01
   -0.177614E+01   -0.177614E+01   -0.177614E+01   -0.177614E+01
   -0.177614E+01   -0.177614E+01   -0.177614E+01   -0.177614E+01
   -0.177614E+01   -0.207472E+01   -0.207180E+01   -0.206889E+01
   -0.206598E+01   -0.206307E+01   -0.206016E+01   -0.205725E+01
   -0.205434E+01   -0.205143E+01   -0.204852E+01   -0.204561E+01
   -0.204270E+01   -0.203979E+01   -0.203688E+01   -0.203396E+01
   -0.203105E+01   -0.202814E+01   -0.202523E+01   -0.202232E+01
   -0.201941E+01   -0.201650E+01   -0.201359E+01   -0.201068E+01
   -0.200777E+01   -0.200486E+01   -0.200195E+01   -0.199904E+01
   -0.199612E+01   -0.199321E+01   -0.199030E+01   -0.198739E+01
   -0.198448E+01   -0.198157E+01   -0.197866E+01   -0.197575E+01
   -0.197284E+01   -0.196993E+01   -0.196702E+01   -0.196411E+01
   -0.196120E+01   -0.195828E+01   -0.195537E+01   -0.195246E+01
   -0.194955E+01   -0.194664E+01   -0.194373E+01   -0.194082E+01
   -0.193791E+01   -0.193500E+01   -0.193209E+01   -0.192918E+01
   -0.192627E+01   -0.192336E+01   -0.192046E+01   -0.191446E+01
   -0.190972E+01   -0.190696E+01   -0.190421E+01   -0.190146E+01
   -0.189872E+01   -0.189599E+01   -0.189326E+01   -0.189054E+01
   -0.188662E+01   -0.188270E+01   -0.187860E+01   -0.187449E+01
   -0.186471E+01   -0.186157E+01   -0.185844E+01   -0.185530E+01
   -0.185192E+01   -0.184778E+01   -0.184364E+01   -0.183966E+01
   -0.183560E+01   -0.182942E+01   -0.182618E+01   -0.182260E+01
   -0.181849E+01   -0.181434E+01   -0.181013E+01   -0.180605E+01
   -0.180191E+01   -0.179777E+01   -0.179364E+01   -0.178950E+01
   -0.178539E+01   -0.178129E+01   -0.178129E+01   -0.177735E+01
   -0.177735E+01   -0.177735E+01   -0.177735E+01   -0.177703E+01
   -0.177587E+01   -0.177587E+01   -0.177587E+01   -0.177587E+01
   -0.177587E+01   -0.177587E+01   -0.177587E+01   -0.177614E+01
   -0.177614E+01   -0.177614E+01   -0.177614E+01   -0.177614E+01
   -0.177614E+01   -0.177614E+01   -0.177614E+01   -0.177614E+01
   -0.177614E+01   -0.177614E+01   -0.177614E+01   -0.177614E+01
   -0.177614E+01   -0.177614E+01   -0.177614E+01   -0.177614E+01
   -0.177614E+01   -0.177614E+01   -0.207581E+01   -0.207291E+01
   -0.207000E+01   -0.206710E+01   -0.206420E+01   -0.206129E+01
   -0.205839E+01   -0.205549E+01   -0.205258E+01   -0.204968E+01
   -0.204677E+01   -0.204387E+01   -0.204097E+01   -0.203806E+01
   -0.203516E+01   -0.203225E+01   -0.202935E+01   -0.202645E+01
   -0.202354E+01   -0.202064E+01   -0.201774E+01   -0.201483E+01
   -0.201193E+01   -0.200902E+01   -0.200612E+01   -0.200322E+01
   -0.200031E+01   -0.199741E+01   -0.199450E+01   -0.199160E+01
   -0.198870E+01   -0.198579E+01   -0.198289E+01   -0.197998E+01
   -0.197708E+01   -0.197418E+01   -0.197127E+01   -0.196837E+01
   -0.196546E+01   -0.196256E+01   -0.195966E+01   -0.195675E+01
   -0.195385E+01   -0.195095E+01   -0.194804E+01   -0.194513E+01
   -0.194223E+01   -0.193932E+01   -0.193641E+01   -0.193350E+01
   -0.193059E+01   -0.192768E+01   -0.192478E+01   -0.192206E+01
   -0.191458E+01   -0.190984E+01   -0.190709E+01   -0.190434E+01
   -0.190158E+01   -0.189883E+01   -0.189608E+01   -0.189334E+01
   -0.189061E+01   -0.188667E+01   -0.188257E+01   -0.187847E+01
   -0.187436E+01   -0.186467E+01   -0.186144E+01   -0.185831E+01
   -0.185517E+01   -0.185179E+01   -0.184765E+01   -0.184350E+01
   -0.183939E+01   -0.183530E+01   -0.182941E+01   -0.182607E+01
   -0.182245E+01   -0.181833E+01   -0.181423E+01   -0.180994E+01
   -0.180515E+01   -0.180125E+01   -0.179711E+01   -0.179296E+01
   -0.178881E+01   -0.178467E+01   -0.178057E+01   -0.177735E+01
   -0.177735E+01   -0.177735E+01   -0.177703E+01   -0.177703E+01
   -0.177587E+01   -0.177587E+01   -0.177587E+01   -0.177587E+01
   -0.177587E+01   -0.177587E+01   -0.177614E+01   -0.177614E+01
   -0.177614E+01   -0.177614E+01   -0.177614E+01   -0.177614E+01
   -0.177614E+01   -0.177614E+01   -0.177614E+01   -0.177614E+01
   -0.177614E+01   -0.177614E+01   -0.177614E+01   -0.177614E+01
   -0.177614E+01   -0.177614E+01   -0.177614E+01   -0.177614E+01
   -0.177614E+01   -0.177614E+01   -0.177614E+01   -0.207691E+01
   -0.207401E+01   -0.207112E+01   -0.206822E+01   -0.206532E+01
   -0.206243E+01   -0.205953E+01   -0.205663E+01   -0.205373E+01
   -0.205084E+01   -0.204794E+01   -0.204504E+01   -0.204215E+01
   -0.203925E+01   -0.203635E+01   -0.203345E+01   -0.203056E+01
   -0.202766E+01   -0.202476E+01   -0.202187E+01   -0.201897E+01
   -0.201607E+01   -0.201318E+01   -0.201028E+01   -0.200738E+01
   -0.200448E+01   -0.200159E+01   -0.199869E+01   -0.199579E+01
   -0.199290E+01   -0.199000E+01   -0.198710E+01   -0.198421E+01
   -0.198131E+01   -0.197841E+01   -0.197551E+01   -0.197262E+01
   -0.196972E+01   -0.196682E+01   -0.196393E+01   -0.196103E+01
   -0.195813E+01   -0.195524E+01   -0.195234E+01   -0.194944E+01
   -0.194654E+01   -0.194363E+01   -0.194072E+01   -0.193781E+01
   -0.193490E+01   -0.193199E+01   -0.192911E+01   -0.192639E+01
   -0.192367E+01   -0.191601E+01   -0.191023E+01   -0.190750E+01
   -0.190476E+01   -0.190202E+01   -0.189928E+01   -0.189654E+01
   -0.189381E+01   -0.189107E+01   -0.188697E+01   -0.188286E+01
   -0.187876E+01   -0.187466E+01   -0.186683E+01   -0.186341E+01
   -0.185999E+01   -0.185679E+01   -0.185341E+01   -0.184926E+01
   -0.184512E+01   -0.184097E+01   -0.183684E+01   -0.183160E+01
   -0.182791E+01   -0.182405E+01   -0.181903E+01   -0.181558E+01
   -0.181168E+01   -0.180699E+01   -0.180318E+01   -0.179904E+01
   -0.179489E+01   -0.179074E+01   -0.178660E+01   -0.178250E+01
   -0.177880E+01   -0.177880E+01   -0.177703E+01   -0.177703E+01
   -0.177587E+01   -0.177587E+01   -0.177587E+01   -0.177587E+01
   -0.177587E+01   -0.177614E+01   -0.177614E+01   -0.177614E+01
   -0.177614E+01   -0.177614E+01   -0.177614E+01   -0.177614E+01
   -0.177614E+01   -0.177614E+01   -0.177614E+01   -0.177614E+01
   -0.177614E+01   -0.177614E+01   -0.177614E+01   -0.177614E+01
   -0.177614E+01   -0.177614E+01   -0.177614E+01   -0.177614E+01
   -0.177614E+01   -0.177614E+01   -0.177614E+01   -0.178288E+01
   -0.207801E+01   -0.207512E+01   -0.207223E+01   -0.206934E+01
   -0.206645E+01   -0.206356E+01   -0.206067E+01   -0.205778E+01
   -0.205489E+01   -0.205200E+01   -0.204911E+01   -0.204622E+01
   -0.204333E+01   -0.204044E+01   -0.203755E+01   -0.203466E+01
   -0.203176E+01   -0.202887E+01   -0.202598E+01   -0.202309E+01
   -0.202020E+01   -0.201731E+01   -0.201442E+01   -0.201153E+01
   -0.200864E+01   -0.200575E+01   -0.200286E+01   -0.199997E+01
   -0.199708E+01   -0.199419E+01   -0.199130E+01   -0.198841E+01
   -0.198552E+01   -0.198263E+01   -0.197974E+01   -0.197685E+01
   -0.197396E+01   -0.197107E+01   -0.196818E+01   -0.196529E+01
   -0.196240E+01   -0.195951E+01   -0.195662E+01   -0.195373E+01
   -0.195084E+01   -0.194794E+01   -0.194503E+01   -0.194212E+01
   -0.193921E+01   -0.193630E+01   -0.193344E+01   -0.193072E+01
   -0.192800E+01   -0.192528E+01   -0.191745E+01   -0.191171E+01
   -0.190905E+01   -0.190638E+01   -0.190371E+01   -0.190105E+01
   -0.189838E+01   -0.189571E+01   -0.189305E+01   -0.188894E+01
   -0.188484E+01   -0.188074E+01   -0.187660E+01   -0.186919E+01
   -0.186573E+01   -0.186227E+01   -0.185880E+01   -0.185517E+01
   -0.185102E+01   -0.184688E+01   -0.184253E+01   -0.183849E+01
   -0.183444E+01   -0.183037E+01   -0.182519E+01   -0.182108E+01
   -0.181772E+01   -0.181387E+01   -0.180922E+01   -0.180541E+01
   -0.180127E+01   -0.179712E+01   -0.179298E+01   -0.178883E+01
   -0.178469E+01   -0.178059E+01   -0.177703E+01   -0.177703E+01
   -0.177587E+01   -0.177587E+01   -0.177587E+01   -0.177587E+01
   -0.177614E+01   -0.177614E+01   -0.177614E+01   -0.177614E+01
   -0.177614E+01   -0.177614E+01   -0.177614E+01   -0.177614E+01
   -0.177614E+01   -0.177614E+01   -0.177614E+01   -0.177614E+01
   -0.177614E+01   -0.177614E+01   -0.177614E+01   -0.177614E+01
   -0.177614E+01   -0.177614E+01   -0.177614E+01   -0.177614E+01
   -0.178288E+01   -0.178288E+01   -0.178288E+01   -0.178288E+01
   -0.178288E+01   -0.207910E+01   -0.207622E+01   -0.207334E+01
   -0.207046E+01   -0.206757E+01   -0.206469E+01   -0.206181E+01
   -0.205892E+01   -0.205604E+01   -0.205316E+01   -0.205027E+01
   -0.204739E+01   -0.204451E+01   -0.204162E+01   -0.203874E+01
   -0.203586E+01   -0.203297E+01   -0.203009E+01   -0.202721E+01
   -0.202432E+01   -0.202144E+01   -0.201856E+01   -0.201567E+01
   -0.201279E+01   -0.200991E+01   -0.200702E+01   -0.200414E+01
   -0.200126E+01   -0.199837E+01   -0.199549E+01   -0.199261E+01
   -0.198972E+01   -0.198684E+01   -0.198396E+01   -0.198107E+01
   -0.197819E+01   -0.197531E+01   -0.197242E+01   -0.196954E+01
   -0.196666E+01   -0.196377E+01   -0.196089E+01   -0.195801E+01
   -0.195512E+01   -0.195224E+01   -0.194934E+01   -0.194643E+01
   -0.194352E+01   -0.194062E+01   -0.193778E+01   -0.193506E+01
   -0.193233E+01   -0.192961E+01   -0.192689E+01   -0.191900E+01
   -0.191319E+01   -0.191060E+01   -0.190800E+01   -0.190541E+01
   -0.190281E+01   -0.190022E+01   -0.189762E+01   -0.189502E+01
   -0.189092E+01   -0.188682E+01   -0.188268E+01   -0.187854E+01
   -0.187232E+01   -0.186864E+01   -0.186495E+01   -0.186127E+01
   -0.185747E+01   -0.185333E+01   -0.184796E+01   -0.184387E+01
   -0.184033E+01   -0.183666E+01   -0.183266E+01   -0.182753E+01
   -0.182308E+01   -0.181995E+01   -0.181599E+01   -0.181173E+01
   -0.180711E+01   -0.180350E+01   -0.179936E+01   -0.179521E+01
   -0.179107E+01   -0.178693E+01   -0.178279E+01   -0.177924E+01
   -0.177587E+01   -0.177587E+01   -0.177587E+01   -0.177614E+01
   -0.177614E+01   -0.177614E+01   -0.177614E+01   -0.177614E+01
   -0.177614E+01   -0.177614E+01   -0.177614E+01   -0.177614E+01
   -0.177614E+01   -0.177614E+01   -0.177614E+01   -0.177614E+01
   -0.177614E+01   -0.177614E+01   -0.177614E+01   -0.177614E+01
   -0.177614E+01   -0.177614E+01   -0.178288E+01   -0.178288E+01
   -0.178288E+01   -0.178288E+01   -0.178288E+01   -0.178288E+01
   -0.178288E+01   -0.178288E+01   -0.208020E+01   -0.207733E+01
   -0.207445E+01   -0.207157E+01   -0.206870E+01   -0.206582E+01
   -0.206294E+01   -0.206007E+01   -0.205719E+01   -0.205431E+01
   -0.205144E+01   -0.204856E+01   -0.204569E+01   -0.204281E+01
   -0.203993E+01   -0.203706E+01   -0.203418E+01   -0.203130E+01
   -0.202843E+01   -0.202555E+01   -0.202267E+01   -0.201980E+01
   -0.201692E+01   -0.201404E+01   -0.201117E+01   -0.200829E+01
   -0.200542E+01   -0.200254E+01   -0.199966E+01   -0.199679E+01
   -0.199391E+01   -0.199103E+01   -0.198816E+01   -0.198528E+01
   -0.198240E+01   -0.197953E+01   -0.197665E+01   -0.197377E+01
   -0.197090E+01   -0.196802E+01   -0.196515E+01   -0.196227E+01
   -0.195939E+01   -0.195652E+01   -0.195364E+01   -0.195075E+01
   -0.194784E+01   -0.194493E+01   -0.194211E+01   -0.193939E+01
   -0.193667E+01   -0.193394E+01   -0.193122E+01   -0.192850E+01
   -0.192061E+01   -0.191467E+01   -0.191215E+01   -0.190962E+01
   -0.190710E+01   -0.190458E+01   -0.190205E+01   -0.189953E+01
   -0.189700E+01   -0.189289E+01   -0.188875E+01   -0.188461E+01
   -0.188047E+01   -0.187545E+01   -0.187154E+01   -0.186764E+01
   -0.186374E+01   -0.185977E+01   -0.185465E+01   -0.184882E+01
   -0.184554E+01   -0.184238E+01   -0.183891E+01   -0.183497E+01
   -0.183065E+01   -0.182544E+01   -0.182216E+01   -0.181816E+01
   -0.181411E+01   -0.180925E+01   -0.180573E+01   -0.180159E+01
   -0.179745E+01   -0.179331E+01   -0.178917E+01   -0.178503E+01
   -0.178148E+01   -0.177749E+01   -0.177749E+01   -0.177614E+01
   -0.177614E+01   -0.177614E+01   -0.177614E+01   -0.177614E+01
   -0.177614E+01   -0.177614E+01   -0.177614E+01   -0.177614E+01
   -0.177614E+01   -0.177614E+01   -0.177614E+01   -0.177614E+01
   -0.177614E+01   -0.177614E+01   -0.177614E+01   -0.178288E+01
   -0.178288E+01   -0.178288E+01   -0.178288E+01   -0.178288E+01
   -0.178288E+01   -0.178288E+01   -0.178288E+01   -0.178288E+01
   -0.178288E+01   -0.178288E+01   -0.178288E+01   -0.208130E+01
   -0.207843E+01   -0.207556E+01   -0.207269E+01   -0.206982E+01
   -0.206695E+01   -0.206408E+01   -0.206121E+01   -0.205834E+01
   -0.205547E+01   -0.205260E+01   -0.204973E+01   -0.204686E+01
   -0.204400E+01   -0.204113E+01   -0.203826E+01   -0.203539E+01
   -0.203252E+01   -0.202965E+01   -0.202678E+01   -0.202391E+01
   -0.202104E+01   -0.201817E+01   -0.201530E+01   -0.201243E+01
   -0.200956E+01   -0.200669E+01   -0.200382E+01   -0.200095E+01
   -0.199808E+01   -0.199521E+01   -0.199234E+01   -0.198947E+01
   -0.198660E+01   -0.198373E+01   -0.198087E+01   -0.197800E+01
   -0.197513E+01   -0.197226E+01   -0.196939E+01   -0.196652E+01
   -0.196365E+01   -0.196078E+01   -0.195791E+01   -0.195504E+01
   -0.195215E+01   -0.194924E+01   -0.194644E+01   -0.194372E+01
   -0.194100E+01   -0.193828E+01   -0.193556E+01   -0.193283E+01
   -0.193011E+01   -0.192223E+01   -0.191634E+01   -0.191386E+01
   -0.191139E+01   -0.190892E+01   -0.190645E+01   -0.190398E+01
   -0.190151E+01   -0.189904E+01   -0.189490E+01   -0.189076E+01
   -0.188662E+01   -0.188248E+01   -0.187834E+01   -0.187427E+01
   -0.187020E+01   -0.186614E+01   -0.186141E+01   -0.185512E+01
   -0.185140E+01   -0.184809E+01   -0.184468E+01   -0.184113E+01
   -0.183719E+01   -0.183288E+01   -0.182751E+01   -0.182440E+01
   -0.182038E+01   -0.181637E+01   -0.181148E+01   -0.180796E+01
   -0.180382E+01   -0.179968E+01   -0.179555E+01   -0.179141E+01
   -0.178727E+01   -0.178313E+01   -0.177940E+01   -0.177614E+01
   -0.177614E+01   -0.177614E+01   -0.177614E+01   -0.177614E+01
   -0.177614E+01   -0.177614E+01   -0.177614E+01   -0.177614E+01
   -0.177614E+01   -0.177614E+01   -0.177614E+01   -0.177614E+01
   -0.177614E+01   -0.178288E+01   -0.178288E+01   -0.178288E+01
   -0.178288E+01   -0.178288E+01   -0.178288E+01   -0.178288E+01
   -0.178288E+01   -0.178288E+01   -0.178288E+01   -0.178288E+01
   -0.178288E+01   -0.178288E+01   -0.178288E+01   -0.178288E+01
   -0.208240E+01   -0.207953E+01   -0.207667E+01   -0.207381E+01
   -0.207095E+01   -0.206808E+01   -0.206522E+01   -0.206236E+01
   -0.205950E+01   -0.205663E+01   -0.205377E+01   -0.205091E+01
   -0.204804E+01   -0.204518E+01   -0.204232E+01   -0.203946E+01
   -0.203659E+01   -0.203373E+01   -0.203087E+01   -0.202801E+01
   -0.202514E+01   -0.202228E+01   -0.201942E+01   -0.201656E+01
   -0.201369E+01   -0.201083E+01   -0.200797E+01   -0.200510E+01
   -0.200224E+01   -0.199938E+01   -0.199652E+01   -0.199365E+01
   -0.199079E+01   -0.198793E+01   -0.198507E+01   -0.198220E+01
   -0.197934E+01   -0.197648E+01   -0.197361E+01   -0.197075E+01
   -0.196789E+01   -0.196503E+01   -0.196216E+01   -0.195930E+01
   -0.195644E+01   -0.195355E+01   -0.195078E+01   -0.194805E+01
   -0.194533E+01   -0.194261E+01   -0.193989E+01   -0.193717E+01
   -0.193445E+01   -0.193172E+01   -0.192443E+01   -0.191920E+01
   -0.191638E+01   -0.191359E+01   -0.191112E+01   -0.190865E+01
   -0.190617E+01   -0.190370E+01   -0.190123E+01   -0.189709E+01
   -0.189296E+01   -0.188882E+01   -0.188468E+01   -0.188054E+01
   -0.187648E+01   -0.187241E+01   -0.186840E+01   -0.186413E+01
   -0.185693E+01   -0.185357E+01   -0.185021E+01   -0.184685E+01
   -0.184335E+01   -0.183941E+01   -0.183526E+01   -0.182991E+01
   -0.182661E+01   -0.182261E+01   -0.181847E+01   -0.181423E+01
   -0.180985E+01   -0.180606E+01   -0.180192E+01   -0.179778E+01
   -0.179364E+01   -0.178951E+01   -0.178537E+01   -0.178123E+01
   -0.177734E+01   -0.177734E+01   -0.177734E+01   -0.177734E+01
   -0.177734E+01   -0.177734E+01   -0.177734E+01   -0.177734E+01
   -0.177734E+01   -0.178203E+01   -0.178203E+01   -0.178203E+01
   -0.178288E+01   -0.178288E+01   -0.178288E+01   -0.178288E+01
   -0.178288E+01   -0.178288E+01   -0.178288E+01   -0.178288E+01
   -0.178288E+01   -0.178288E+01   -0.178288E+01   -0.178288E+01
   -0.178288E+01   -0.178288E+01   -0.178288E+01   -0.178288E+01
   -0.178288E+01   -0.208364E+01   -0.208078E+01   -0.207793E+01
   -0.207507E+01   -0.207222E+01   -0.206936E+01   -0.206651E+01
   -0.206365E+01   -0.206080E+01   -0.205794E+01   -0.205509E+01
   -0.205223E+01   -0.204938E+01   -0.204652E+01   -0.204367E+01
   -0.204081E+01   -0.203796E+01   -0.203510E+01   -0.203225E+01
   -0.202939E+01   -0.202654E+01   -0.202368E+01   -0.202083E+01
   -0.201797E+01   -0.201512E+01   -0.201226E+01   -0.200941E+01
   -0.200655E+01   -0.200370E+01   -0.200084E+01   -0.199799E+01
   -0.199513E+01   -0.199228E+01   -0.198942E+01   -0.198657E+01
   -0.198371E+01   -0.198086E+01   -0.197800E+01   -0.197515E+01
   -0.197229E+01   -0.196944E+01   -0.196658E+01   -0.196373E+01
   -0.196088E+01   -0.195802E+01   -0.195523E+01   -0.195251E+01
   -0.194979E+01   -0.194707E+01   -0.194435E+01   -0.194162E+01
   -0.193890E+01   -0.193618E+01   -0.193346E+01   -0.192730E+01
   -0.192208E+01   -0.191925E+01   -0.191642E+01   -0.191359E+01
   -0.191084E+01   -0.190837E+01   -0.190590E+01   -0.190343E+01
   -0.189929E+01   -0.189516E+01   -0.189102E+01   -0.188688E+01
   -0.188275E+01   -0.187868E+01   -0.187466E+01   -0.187073E+01
   -0.186679E+01   -0.185841E+01   -0.185525E+01   -0.185208E+01
   -0.184892E+01   -0.184557E+01   -0.184153E+01   -0.183740E+01
   -0.183275E+01   -0.182899E+01   -0.182399E+01   -0.182022E+01
   -0.181656E+01   -0.181227E+01   -0.180832E+01   -0.180409E+01
   -0.180002E+01   -0.179588E+01   -0.179175E+01   -0.178761E+01
   -0.178347E+01   -0.177958E+01   -0.177958E+01   -0.177958E+01
   -0.177958E+01   -0.177958E+01   -0.177958E+01   -0.178203E+01
   -0.178203E+01   -0.178203E+01   -0.178203E+01   -0.178288E+01
   -0.178288E+01   -0.178288E+01   -0.178288E+01   -0.178288E+01
   -0.178288E+01   -0.178288E+01   -0.178288E+01   -0.178288E+01
   -0.178288E+01   -0.178288E+01   -0.178288E+01   -0.178288E+01
   -0.178288E+01   -0.178288E+01   -0.178288E+01   -0.178288E+01
   -0.178288E+01   -0.178288E+01   -0.208524E+01   -0.208239E+01
   -0.207955E+01   -0.207670E+01   -0.207386E+01   -0.207101E+01
   -0.206817E+01   -0.206532E+01   -0.206248E+01   -0.205963E+01
   -0.205679E+01   -0.205394E+01   -0.205110E+01   -0.204825E+01
   -0.204541E+01   -0.204256E+01   -0.203972E+01   -0.203687E+01
   -0.203403E+01   -0.203118E+01   -0.202834E+01   -0.202549E+01
   -0.202265E+01   -0.201980E+01   -0.201696E+01   -0.201411E+01
   -0.201127E+01   -0.200842E+01   -0.200558E+01   -0.200273E+01
   -0.199989E+01   -0.199704E+01   -0.199420E+01   -0.199135E+01
   -0.198851E+01   -0.198566E+01   -0.198282E+01   -0.197997E+01
   -0.197713E+01   -0.197428E+01   -0.197144E+01   -0.196859E+01
   -0.196575E+01   -0.196290E+01   -0.196006E+01   -0.195727E+01
   -0.195455E+01   -0.195183E+01   -0.194911E+01   -0.194639E+01
   -0.194367E+01   -0.194094E+01   -0.193824E+01   -0.193559E+01
   -0.193003E+01   -0.192495E+01   -0.192212E+01   -0.191929E+01
   -0.191647E+01   -0.191364E+01   -0.191081E+01   -0.190809E+01
   -0.190562E+01   -0.190149E+01   -0.189735E+01   -0.189322E+01
   -0.188908E+01   -0.188495E+01   -0.188093E+01   -0.187699E+01
   -0.187305E+01   -0.186912E+01   -0.186033E+01   -0.185708E+01
   -0.185406E+01   -0.185104E+01   -0.184774E+01   -0.184360E+01
   -0.183947E+01   -0.183507E+01   -0.183039E+01   -0.182582E+01
   -0.182241E+01   -0.181879E+01   -0.181468E+01   -0.181032E+01
   -0.180632E+01   -0.180226E+01   -0.179812E+01   -0.179399E+01
   -0.178985E+01   -0.178572E+01   -0.178158E+01   -0.178158E+01
   -0.178158E+01   -0.178203E+01   -0.178203E+01   -0.178203E+01
   -0.178203E+01   -0.178203E+01   -0.178288E+01   -0.178288E+01
   -0.178288E+01   -0.178288E+01   -0.178288E+01   -0.178288E+01
   -0.178288E+01   -0.178288E+01   -0.178288E+01   -0.178288E+01
   -0.178288E+01   -0.178288E+01   -0.178288E+01   -0.178288E+01
   -0.178288E+01   -0.178288E+01   -0.178288E+01   -0.178288E+01
   -0.178288E+01   -0.178774E+01   -0.178774E+01   -0.208684E+01
   -0.208400E+01   -0.208117E+01   -0.207833E+01   -0.207550E+01
   -0.207266E+01   -0.206983E+01   -0.206699E+01   -0.206416E+01
   -0.206132E+01   -0.205849E+01   -0.205565E+01   -0.205282E+01
   -0.204998E+01   -0.204715E+01   -0.204431E+01   -0.204148E+01
   -0.203864E+01   -0.203581E+01   -0.203297E+01   -0.203014E+01
   -0.202730E+01   -0.202447E+01   -0.202163E+01   -0.201880E+01
   -0.201596E+01   -0.201313E+01   -0.201029E+01   -0.200746E+01
   -0.200462E+01   -0.200179E+01   -0.199895E+01   -0.199612E+01
   -0.199328E+01   -0.199045E+01   -0.198761E+01   -0.198478E+01
   -0.198194E+01   -0.197910E+01   -0.197627E+01   -0.197343E+01
   -0.197060E+01   -0.196776E+01   -0.196493E+01   -0.196209E+01
   -0.195932E+01   -0.195659E+01   -0.195387E+01   -0.195115E+01
   -0.194843E+01   -0.194571E+01   -0.194301E+01   -0.194036E+01
   -0.193771E+01   -0.193147E+01   -0.192739E+01   -0.192459E+01
   -0.192180E+01   -0.191900E+01   -0.191621E+01   -0.191341E+01
   -0.191061E+01   -0.190782E+01   -0.190369E+01   -0.189955E+01
   -0.189542E+01   -0.189129E+01   -0.188715E+01   -0.188322E+01
   -0.187928E+01   -0.187534E+01   -0.187141E+01   -0.186328E+01
   -0.185987E+01   -0.185646E+01   -0.185326E+01   -0.184996E+01
   -0.184582E+01   -0.184169E+01   -0.183756E+01   -0.183335E+01
   -0.182877E+01   -0.182500E+01   -0.182070E+01   -0.181591E+01
   -0.181270E+01   -0.180866E+01   -0.180419E+01   -0.180036E+01
   -0.179623E+01   -0.179209E+01   -0.178796E+01   -0.178383E+01
   -0.178383E+01   -0.178203E+01   -0.178203E+01   -0.178203E+01
   -0.178203E+01   -0.178288E+01   -0.178288E+01   -0.178288E+01
   -0.178288E+01   -0.178288E+01   -0.178288E+01   -0.178288E+01
   -0.178288E+01   -0.178288E+01   -0.178288E+01   -0.178288E+01
   -0.178288E+01   -0.178288E+01   -0.178288E+01   -0.178288E+01
   -0.178288E+01   -0.178288E+01   -0.178774E+01   -0.178774E+01
   -0.178774E+01   -0.178774E+01   -0.178774E+01   -0.178774E+01
   -0.208844E+01   -0.208561E+01   -0.208279E+01   -0.207996E+01
   -0.207714E+01   -0.207431E+01   -0.207149E+01   -0.206866E+01
   -0.206584E+01   -0.206301E+01   -0.206019E+01   -0.205736E+01
   -0.205453E+01   -0.205171E+01   -0.204888E+01   -0.204606E+01
   -0.204323E+01   -0.204041E+01   -0.203758E+01   -0.203476E+01
   -0.203193E+01   -0.202911E+01   -0.202628E+01   -0.202346E+01
   -0.202063E+01   -0.201781E+01   -0.201498E+01   -0.201216E+01
   -0.200933E+01   -0.200651E+01   -0.200368E+01   -0.200086E+01
   -0.199803E+01   -0.199521E+01   -0.199238E+01   -0.198956E+01
   -0.198673E+01   -0.198391E+01   -0.198108E+01   -0.197826E+01
   -0.197543E+01   -0.197261E+01   -0.196978E+01   -0.196696E+01
   -0.196413E+01   -0.196136E+01   -0.195864E+01   -0.195592E+01
   -0.195319E+01   -0.195047E+01   -0.194778E+01   -0.194513E+01
   -0.194249E+01   -0.193984E+01   -0.193291E+01   -0.192888E+01
   -0.192619E+01   -0.192349E+01   -0.192080E+01   -0.191810E+01
   -0.191541E+01   -0.191271E+01   -0.191001E+01   -0.190588E+01
   -0.190175E+01   -0.189762E+01   -0.189349E+01   -0.188936E+01
   -0.188542E+01   -0.188148E+01   -0.187753E+01   -0.187340E+01
   -0.186629E+01   -0.186281E+01   -0.185933E+01   -0.185585E+01
   -0.185220E+01   -0.184807E+01   -0.184390E+01   -0.183950E+01
   -0.183553E+01   -0.183157E+01   -0.182752E+01   -0.182247E+01
   -0.181826E+01   -0.181487E+01   -0.181103E+01   -0.180638E+01
   -0.180260E+01   -0.179847E+01   -0.179434E+01   -0.179020E+01
   -0.178607E+01   -0.178203E+01   -0.178203E+01   -0.178203E+01
   -0.178288E+01   -0.178288E+01   -0.178288E+01   -0.178288E+01
   -0.178288E+01   -0.178288E+01   -0.178288E+01   -0.178288E+01
   -0.178288E+01   -0.178288E+01   -0.178288E+01   -0.178288E+01
   -0.178288E+01   -0.178288E+01   -0.178288E+01   -0.178774E+01
   -0.178774E+01   -0.178774E+01   -0.178774E+01   -0.178774E+01
   -0.178774E+01   -0.178774E+01   -0.178774E+01   -0.178774E+01
   -0.178774E+01   -0.209004E+01   -0.208722E+01   -0.208441E+01
   -0.208159E+01   -0.207878E+01   -0.207596E+01   -0.207314E+01
   -0.207033E+01   -0.206751E+01   -0.206470E+01   -0.206188E+01
   -0.205907E+01   -0.205625E+01   -0.205344E+01   -0.205062E+01
   -0.204781E+01   -0.204499E+01   -0.204218E+01   -0.203936E+01
   -0.203655E+01   -0.203373E+01   -0.203092E+01   -0.202810E+01
   -0.202529E+01   -0.202247E+01   -0.201966E+01   -0.201684E+01
   -0.201403E+01   -0.201121E+01   -0.200840E+01   -0.200558E+01
   -0.200277E+01   -0.199995E+01   -0.199714E+01   -0.199432E+01
   -0.199151E+01   -0.198869E+01   -0.198588E+01   -0.198306E+01
   -0.198024E+01   -0.197743E+01   -0.197461E+01   -0.197180E+01
   -0.196898E+01   -0.196617E+01   -0.196340E+01   -0.196068E+01
   -0.195796E+01   -0.195524E+01   -0.195255E+01   -0.194991E+01
   -0.194726E+01   -0.194461E+01   -0.194196E+01   -0.193486E+01
   -0.193038E+01   -0.192778E+01   -0.192519E+01   -0.192259E+01
   -0.192000E+01   -0.191740E+01   -0.191481E+01   -0.191221E+01
   -0.190808E+01   -0.190395E+01   -0.189982E+01   -0.189569E+01
   -0.189156E+01   -0.188762E+01   -0.188365E+01   -0.187952E+01
   -0.187540E+01   -0.186942E+01   -0.186572E+01   -0.186202E+01
   -0.185832E+01   -0.185451E+01   -0.185038E+01   -0.184488E+01
   -0.184085E+01   -0.183738E+01   -0.183379E+01   -0.182986E+01
   -0.182479E+01   -0.182017E+01   -0.181709E+01   -0.181313E+01
   -0.180895E+01   -0.180433E+01   -0.180071E+01   -0.179658E+01
   -0.179245E+01   -0.178832E+01   -0.178423E+01   -0.178423E+01
   -0.178288E+01   -0.178288E+01   -0.178288E+01   -0.178288E+01
   -0.178288E+01   -0.178288E+01   -0.178288E+01   -0.178288E+01
   -0.178288E+01   -0.178288E+01   -0.178288E+01   -0.178288E+01
   -0.178774E+01   -0.178774E+01   -0.178774E+01   -0.178774E+01
   -0.178774E+01   -0.178774E+01   -0.178774E+01   -0.178774E+01
   -0.178774E+01   -0.178774E+01   -0.178774E+01   -0.178774E+01
   -0.178774E+01   -0.178774E+01   -0.209164E+01   -0.208883E+01
   -0.208602E+01   -0.208322E+01   -0.208041E+01   -0.207761E+01
   -0.207480E+01   -0.207200E+01   -0.206919E+01   -0.206639E+01
   -0.206358E+01   -0.206078E+01   -0.205797E+01   -0.205517E+01
   -0.205236E+01   -0.204956E+01   -0.204675E+01   -0.204395E+01
   -0.204114E+01   -0.203834E+01   -0.203553E+01   -0.203273E+01
   -0.202992E+01   -0.202712E+01   -0.202431E+01   -0.202151E+01
   -0.201870E+01   -0.201589E+01   -0.201309E+01   -0.201028E+01
   -0.200748E+01   -0.200467E+01   -0.200187E+01   -0.199906E+01
   -0.199626E+01   -0.199345E+01   -0.199065E+01   -0.198784E+01
   -0.198504E+01   -0.198223E+01   -0.197943E+01   -0.197662E+01
   -0.197382E+01   -0.197101E+01   -0.196821E+01   -0.196544E+01
   -0.196272E+01   -0.196000E+01   -0.195732E+01   -0.195468E+01
   -0.195203E+01   -0.194938E+01   -0.194674E+01   -0.194409E+01
   -0.193699E+01   -0.193187E+01   -0.192938E+01   -0.192688E+01
   -0.192439E+01   -0.192189E+01   -0.191940E+01   -0.191690E+01
   -0.191441E+01   -0.191028E+01   -0.190615E+01   -0.190202E+01
   -0.189789E+01   -0.189377E+01   -0.188977E+01   -0.188564E+01
   -0.188152E+01   -0.187739E+01   -0.187255E+01   -0.186863E+01
   -0.186471E+01   -0.186079E+01   -0.185682E+01   -0.185156E+01
   -0.184586E+01   -0.184251E+01   -0.183937E+01   -0.183602E+01
   -0.183209E+01   -0.182779E+01   -0.182278E+01   -0.181937E+01
   -0.181533E+01   -0.181131E+01   -0.180653E+01   -0.180295E+01
   -0.179882E+01   -0.179469E+01   -0.179056E+01   -0.178644E+01
   -0.178288E+01   -0.178288E+01   -0.178288E+01   -0.178288E+01
   -0.178288E+01   -0.178288E+01   -0.178288E+01   -0.178288E+01
   -0.178288E+01   -0.178774E+01   -0.178774E+01   -0.178774E+01
   -0.178774E+01   -0.178774E+01   -0.178774E+01   -0.178774E+01
   -0.178774E+01   -0.178774E+01   -0.178774E+01   -0.178774E+01
   -0.178774E+01   -0.178774E+01   -0.178774E+01   -0.178774E+01
   -0.178774E+01   -0.178774E+01   -0.178774E+01   -0.209324E+01
   -0.209044E+01   -0.208764E+01   -0.208485E+01   -0.208205E+01
   -0.207926E+01   -0.207646E+01   -0.207367E+01   -0.207087E+01
   -0.206808E+01   -0.206528E+01   -0.206249E+01   -0.205969E+01
   -0.205690E+01   -0.205410E+01   -0.205131E+01   -0.204851E+01
   -0.204572E+01   -0.204292E+01   -0.204012E+01   -0.203733E+01
   -0.203453E+01   -0.203174E+01   -0.202894E+01   -0.202615E+01
   -0.202335E+01   -0.202056E+01   -0.201776E+01   -0.201497E+01
   -0.201217E+01   -0.200938E+01   -0.200658E+01   -0.200379E+01
   -0.200099E+01   -0.199820E+01   -0.199540E+01   -0.199261E+01
   -0.198981E+01   -0.198702E+01   -0.198422E+01   -0.198142E+01
   -0.197863E+01   -0.197583E+01   -0.197304E+01   -0.197024E+01
   -0.196749E+01   -0.196476E+01   -0.196210E+01   -0.195945E+01
   -0.195680E+01   -0.195415E+01   -0.195151E+01   -0.194886E+01
   -0.194621E+01   -0.193911E+01   -0.193370E+01   -0.193119E+01
   -0.192876E+01   -0.192633E+01   -0.192390E+01   -0.192147E+01
   -0.191903E+01   -0.191660E+01   -0.191247E+01   -0.190835E+01
   -0.190422E+01   -0.190010E+01   -0.189597E+01   -0.189184E+01
   -0.188772E+01   -0.188359E+01   -0.187946E+01   -0.187534E+01
   -0.187128E+01   -0.186722E+01   -0.186317E+01   -0.185837E+01
   -0.185216E+01   -0.184839E+01   -0.184499E+01   -0.184159E+01
   -0.183825E+01   -0.183432E+01   -0.183002E+01   -0.182462E+01
   -0.182156E+01   -0.181757E+01   -0.181356E+01   -0.180878E+01
   -0.180519E+01   -0.180106E+01   -0.179694E+01   -0.179281E+01
   -0.178868E+01   -0.178486E+01   -0.178486E+01   -0.178486E+01
   -0.178486E+01   -0.178486E+01   -0.178486E+01   -0.178774E+01
   -0.178774E+01   -0.178774E+01   -0.178774E+01   -0.178774E+01
   -0.178774E+01   -0.178774E+01   -0.178774E+01   -0.178774E+01
   -0.178774E+01   -0.178774E+01   -0.178774E+01   -0.178774E+01
   -0.178774E+01   -0.178774E+01   -0.178774E+01   -0.178774E+01
   -0.178774E+01   -0.178774E+01   -0.178774E+01   -0.178774E+01
   -0.209483E+01   -0.209205E+01   -0.208926E+01   -0.208648E+01
   -0.208369E+01   -0.208091E+01   -0.207812E+01   -0.207534E+01
   -0.207255E+01   -0.206977E+01   -0.206698E+01   -0.206420E+01
   -0.206141E+01   -0.205863E+01   -0.205584E+01   -0.205306E+01
   -0.205027E+01   -0.204748E+01   -0.204470E+01   -0.204191E+01
   -0.203913E+01   -0.203634E+01   -0.203356E+01   -0.203077E+01
   -0.202799E+01   -0.202520E+01   -0.202242E+01   -0.201963E+01
   -0.201685E+01   -0.201406E+01   -0.201128E+01   -0.200849E+01
   -0.200570E+01   -0.200292E+01   -0.200013E+01   -0.199735E+01
   -0.199456E+01   -0.199178E+01   -0.198899E+01   -0.198621E+01
   -0.198342E+01   -0.198064E+01   -0.197785E+01   -0.197507E+01
   -0.197228E+01   -0.196953E+01   -0.196687E+01   -0.196422E+01
   -0.196157E+01   -0.195893E+01   -0.195628E+01   -0.195363E+01
   -0.195099E+01   -0.194834E+01   -0.194167E+01   -0.193657E+01
   -0.193378E+01   -0.193100E+01   -0.192852E+01   -0.192609E+01
   -0.192366E+01   -0.192123E+01   -0.191880E+01   -0.191467E+01
   -0.191055E+01   -0.190642E+01   -0.190230E+01   -0.189817E+01
   -0.189405E+01   -0.188992E+01   -0.188580E+01   -0.188167E+01
   -0.187755E+01   -0.187349E+01   -0.186944E+01   -0.186545E+01
   -0.186132E+01   -0.185393E+01   -0.185061E+01   -0.184728E+01
   -0.184395E+01   -0.184048E+01   -0.183655E+01   -0.183251E+01
   -0.182716E+01   -0.182379E+01   -0.181980E+01   -0.181570E+01
   -0.181152E+01   -0.180684E+01   -0.180330E+01   -0.179918E+01
   -0.179505E+01   -0.179093E+01   -0.178680E+01   -0.178680E+01
   -0.178680E+01   -0.178774E+01   -0.178774E+01   -0.178774E+01
   -0.178774E+01   -0.178774E+01   -0.178774E+01   -0.178774E+01
   -0.178774E+01   -0.178774E+01   -0.178774E+01   -0.178774E+01
   -0.178774E+01   -0.178774E+01   -0.178774E+01   -0.178774E+01
   -0.178774E+01   -0.178774E+01   -0.178774E+01   -0.178774E+01
   -0.178774E+01   -0.178774E+01   -0.178774E+01   -0.178774E+01
   -0.178774E+01   -0.209643E+01   -0.209366E+01   -0.209088E+01
   -0.208811E+01   -0.208533E+01   -0.208256E+01   -0.207978E+01
   -0.207701E+01   -0.207423E+01   -0.207146E+01   -0.206868E+01
   -0.206591E+01   -0.206313E+01   -0.206035E+01   -0.205758E+01
   -0.205480E+01   -0.205203E+01   -0.204925E+01   -0.204648E+01
   -0.204370E+01   -0.204093E+01   -0.203815E+01   -0.203538E+01
   -0.203260E+01   -0.202983E+01   -0.202705E+01   -0.202427E+01
   -0.202150E+01   -0.201872E+01   -0.201595E+01   -0.201317E+01
   -0.201040E+01   -0.200762E+01   -0.200485E+01   -0.200207E+01
   -0.199930E+01   -0.199652E+01   -0.199375E+01   -0.199097E+01
   -0.198819E+01   -0.198542E+01   -0.198264E+01   -0.197987E+01
   -0.197709E+01   -0.197432E+01   -0.197161E+01   -0.196896E+01
   -0.196631E+01   -0.196367E+01   -0.196102E+01   -0.195837E+01
   -0.195573E+01   -0.195308E+01   -0.195045E+01   -0.194454E+01
   -0.193944E+01   -0.193666E+01   -0.193387E+01   -0.193108E+01
   -0.192829E+01   -0.192586E+01   -0.192342E+01   -0.192099E+01
   -0.191687E+01   -0.191275E+01   -0.190862E+01   -0.190450E+01
   -0.190038E+01   -0.189625E+01   -0.189213E+01   -0.188801E+01
   -0.188388E+01   -0.187976E+01   -0.187570E+01   -0.187171E+01
   -0.186779E+01   -0.186387E+01   -0.185541E+01   -0.185229E+01
   -0.184916E+01   -0.184603E+01   -0.184270E+01   -0.183866E+01
   -0.183454E+01   -0.182999E+01   -0.182620E+01   -0.182152E+01
   -0.181736E+01   -0.181385E+01   -0.180883E+01   -0.180555E+01
   -0.180142E+01   -0.179730E+01   -0.179318E+01   -0.178905E+01
   -0.178905E+01   -0.178774E+01   -0.178774E+01   -0.178774E+01
   -0.178774E+01   -0.178774E+01   -0.178774E+01   -0.178774E+01
   -0.178774E+01   -0.178774E+01   -0.178774E+01   -0.178774E+01
   -0.178774E+01   -0.178774E+01   -0.178774E+01   -0.178774E+01
   -0.178774E+01   -0.178774E+01   -0.178774E+01   -0.178774E+01
   -0.178774E+01   -0.178774E+01   -0.178774E+01   -0.178774E+01
   -0.178774E+01   -0.178774E+01   -0.209803E+01   -0.209527E+01
   -0.209250E+01   -0.208974E+01   -0.208697E+01   -0.208421E+01
   -0.208144E+01   -0.207868E+01   -0.207591E+01   -0.207314E+01
   -0.207038E+01   -0.206761E+01   -0.206485E+01   -0.206208E+01
   -0.205932E+01   -0.205655E+01   -0.205379E+01   -0.205102E+01
   -0.204826E+01   -0.204549E+01   -0.204273E+01   -0.203996E+01
   -0.203719E+01   -0.203443E+01   -0.203166E+01   -0.202890E+01
   -0.202613E+01   -0.202337E+01   -0.202060E+01   -0.201784E+01
   -0.201507E+01   -0.201231E+01   -0.200954E+01   -0.200678E+01
   -0.200401E+01   -0.200124E+01   -0.199848E+01   -0.199571E+01
   -0.199295E+01   -0.199018E+01   -0.198742E+01   -0.198465E+01
   -0.198189E+01   -0.197912E+01   -0.197636E+01   -0.197365E+01
   -0.197100E+01   -0.196836E+01   -0.196571E+01   -0.196306E+01
   -0.196041E+01   -0.195777E+01   -0.195514E+01   -0.195257E+01
   -0.194711E+01   -0.194232E+01   -0.193953E+01   -0.193674E+01
   -0.193395E+01   -0.193116E+01   -0.192838E+01   -0.192562E+01
   -0.192319E+01   -0.191907E+01   -0.191495E+01   -0.191082E+01
   -0.190670E+01   -0.190258E+01   -0.189846E+01   -0.189434E+01
   -0.189022E+01   -0.188609E+01   -0.188197E+01   -0.187798E+01
   -0.187405E+01   -0.187013E+01   -0.186620E+01   -0.185751E+01
   -0.185419E+01   -0.185118E+01   -0.184817E+01   -0.184488E+01
   -0.184076E+01   -0.183664E+01   -0.183263E+01   -0.182857E+01
   -0.182310E+01   -0.181970E+01   -0.181610E+01   -0.181108E+01
   -0.180779E+01   -0.180367E+01   -0.179954E+01   -0.179542E+01
   -0.179130E+01   -0.178774E+01   -0.178774E+01   -0.178774E+01
   -0.178774E+01   -0.178774E+01   -0.178774E+01   -0.178774E+01
   -0.178774E+01   -0.178774E+01   -0.178774E+01   -0.178774E+01
   -0.178774E+01   -0.178774E+01   -0.178774E+01   -0.178774E+01
   -0.178774E+01   -0.178774E+01   -0.178774E+01   -0.178774E+01
   -0.178774E+01   -0.178774E+01   -0.178774E+01   -0.178774E+01
   -0.178774E+01   -0.178774E+01   -0.178774E+01   -0.209963E+01
   -0.209688E+01   -0.209412E+01   -0.209137E+01   -0.208861E+01
   -0.208586E+01   -0.208310E+01   -0.208034E+01   -0.207759E+01
   -0.207483E+01   -0.207208E+01   -0.206932E+01   -0.206657E+01
   -0.206381E+01   -0.206106E+01   -0.205830E+01   -0.205555E+01
   -0.205279E+01   -0.205003E+01   -0.204728E+01   -0.204452E+01
   -0.204177E+01   -0.203901E+01   -0.203626E+01   -0.203350E+01
   -0.203075E+01   -0.202799E+01   -0.202524E+01   -0.202248E+01
   -0.201972E+01   -0.201697E+01   -0.201421E+01   -0.201146E+01
   -0.200870E+01   -0.200595E+01   -0.200319E+01   -0.200044E+01
   -0.199768E+01   -0.199493E+01   -0.199217E+01   -0.198941E+01
   -0.198666E+01   -0.198390E+01   -0.198115E+01   -0.197839E+01
   -0.197569E+01   -0.197304E+01   -0.197040E+01   -0.196775E+01
   -0.196510E+01   -0.196246E+01   -0.195984E+01   -0.195727E+01
   -0.195470E+01   -0.194855E+01   -0.194460E+01   -0.194185E+01
   -0.193911E+01   -0.193636E+01   -0.193362E+01   -0.193087E+01
   -0.192813E+01   -0.192538E+01   -0.192126E+01   -0.191714E+01
   -0.191302E+01   -0.190890E+01   -0.190478E+01   -0.190066E+01
   -0.189654E+01   -0.189243E+01   -0.188831E+01   -0.188419E+01
   -0.188026E+01   -0.187634E+01   -0.187241E+01   -0.186849E+01
   -0.186047E+01   -0.185707E+01   -0.185368E+01   -0.185040E+01
   -0.184711E+01   -0.184299E+01   -0.183887E+01   -0.183490E+01
   -0.183095E+01   -0.182474E+01   -0.182171E+01   -0.181834E+01
   -0.181333E+01   -0.181003E+01   -0.180591E+01   -0.180179E+01
   -0.179767E+01   -0.179355E+01   -0.178956E+01   -0.178956E+01
   -0.178956E+01   -0.178956E+01   -0.178956E+01   -0.178956E+01
   -0.178956E+01   -0.178956E+01   -0.178956E+01   -0.178956E+01
   -0.178956E+01   -0.178956E+01   -0.178956E+01   -0.178956E+01
   -0.178956E+01   -0.178956E+01   -0.178956E+01   -0.178956E+01
   -0.178956E+01   -0.178956E+01   -0.178956E+01   -0.178956E+01
   -0.178956E+01   -0.178956E+01   -0.178956E+01   -0.178956E+01
   -0.210123E+01   -0.209849E+01   -0.209574E+01   -0.209300E+01
   -0.209025E+01   -0.208751E+01   -0.208476E+01   -0.208201E+01
   -0.207927E+01   -0.207652E+01   -0.207378E+01   -0.207103E+01
   -0.206829E+01   -0.206554E+01   -0.206280E+01   -0.206005E+01
   -0.205730E+01   -0.205456E+01   -0.205181E+01   -0.204907E+01
   -0.204632E+01   -0.204358E+01   -0.204083E+01   -0.203809E+01
   -0.203534E+01   -0.203259E+01   -0.202985E+01   -0.202710E+01
   -0.202436E+01   -0.202161E+01   -0.201887E+01   -0.201612E+01
   -0.201338E+01   -0.201063E+01   -0.200789E+01   -0.200514E+01
   -0.200239E+01   -0.199965E+01   -0.199690E+01   -0.199416E+01
   -0.199141E+01   -0.198867E+01   -0.198592E+01   -0.198318E+01
   -0.198043E+01   -0.197773E+01   -0.197509E+01   -0.197244E+01
   -0.196979E+01   -0.196715E+01   -0.196454E+01   -0.196197E+01
   -0.195939E+01   -0.195682E+01   -0.194999E+01   -0.194609E+01
   -0.194345E+01   -0.194080E+01   -0.193816E+01   -0.193551E+01
   -0.193287E+01   -0.193022E+01   -0.192758E+01   -0.192346E+01
   -0.191934E+01   -0.191522E+01   -0.191111E+01   -0.190699E+01
   -0.190287E+01   -0.189875E+01   -0.189463E+01   -0.189052E+01
   -0.188640E+01   -0.188247E+01   -0.187855E+01   -0.187463E+01
   -0.187071E+01   -0.186278E+01   -0.185947E+01   -0.185616E+01
   -0.185285E+01   -0.184933E+01   -0.184522E+01   -0.184110E+01
   -0.183713E+01   -0.183320E+01   -0.182754E+01   -0.182414E+01
   -0.182058E+01   -0.181559E+01   -0.181227E+01   -0.180815E+01
   -0.180404E+01   -0.179992E+01   -0.179580E+01   -0.179181E+01
   -0.179181E+01   -0.179181E+01   -0.179181E+01   -0.179181E+01
   -0.179181E+01   -0.179181E+01   -0.179181E+01   -0.179181E+01
   -0.179181E+01   -0.179181E+01   -0.179181E+01   -0.179181E+01
   -0.179181E+01   -0.179181E+01   -0.179181E+01   -0.179181E+01
   -0.179181E+01   -0.179181E+01   -0.179181E+01   -0.179181E+01
   -0.179181E+01   -0.179181E+01   -0.179181E+01   -0.179181E+01
   -0.179181E+01   -0.210283E+01   -0.210010E+01   -0.209736E+01
   -0.209463E+01   -0.209189E+01   -0.208915E+01   -0.208642E+01
   -0.208368E+01   -0.208095E+01   -0.207821E+01   -0.207548E+01
   -0.207274E+01   -0.207001E+01   -0.206727E+01   -0.206453E+01
   -0.206180E+01   -0.205906E+01   -0.205633E+01   -0.205359E+01
   -0.205086E+01   -0.204812E+01   -0.204539E+01   -0.204265E+01
   -0.203991E+01   -0.203718E+01   -0.203444E+01   -0.203171E+01
   -0.202897E+01   -0.202624E+01   -0.202350E+01   -0.202077E+01
   -0.201803E+01   -0.201529E+01   -0.201256E+01   -0.200982E+01
   -0.200709E+01   -0.200435E+01   -0.200162E+01   -0.199888E+01
   -0.199614E+01   -0.199341E+01   -0.199067E+01   -0.198794E+01
   -0.198520E+01   -0.198247E+01   -0.197978E+01   -0.197713E+01
   -0.197448E+01   -0.197184E+01   -0.196924E+01   -0.196666E+01
   -0.196409E+01   -0.196152E+01   -0.195895E+01   -0.195202E+01
   -0.194759E+01   -0.194504E+01   -0.194250E+01   -0.193995E+01
   -0.193741E+01   -0.193486E+01   -0.193232E+01   -0.192977E+01
   -0.192566E+01   -0.192154E+01   -0.191743E+01   -0.191331E+01
   -0.190919E+01   -0.190508E+01   -0.190096E+01   -0.189684E+01
   -0.189273E+01   -0.188861E+01   -0.188469E+01   -0.188076E+01
   -0.187685E+01   -0.187293E+01   -0.186426E+01   -0.186115E+01
   -0.185804E+01   -0.185492E+01   -0.185156E+01   -0.184745E+01
   -0.184333E+01   -0.183936E+01   -0.183544E+01   -0.182920E+01
   -0.182618E+01   -0.182282E+01   -0.181789E+01   -0.181451E+01
   -0.181040E+01   -0.180628E+01   -0.180216E+01   -0.179805E+01
   -0.179406E+01   -0.179406E+01   -0.179406E+01   -0.179406E+01
   -0.179406E+01   -0.179406E+01   -0.179406E+01   -0.179406E+01
   -0.179406E+01   -0.179406E+01   -0.179406E+01   -0.179406E+01
   -0.179406E+01   -0.179406E+01   -0.179406E+01   -0.179406E+01
   -0.179406E+01   -0.179406E+01   -0.179406E+01   -0.179406E+01
   -0.179406E+01   -0.179406E+01   -0.179406E+01   -0.179406E+01
   -0.179406E+01   -0.179406E+01   -0.210443E+01   -0.210171E+01
   -0.209898E+01   -0.209626E+01   -0.209353E+01   -0.209080E+01
   -0.208808E+01   -0.208535E+01   -0.208263E+01   -0.207990E+01
   -0.207718E+01   -0.207445E+01   -0.207172E+01   -0.206900E+01
   -0.206627E+01   -0.206355E+01   -0.206082E+01   -0.205810E+01
   -0.205537E+01   -0.205264E+01   -0.204992E+01   -0.204719E+01
   -0.204447E+01   -0.204174E+01   -0.203902E+01   -0.203629E+01
   -0.203357E+01   -0.203084E+01   -0.202811E+01   -0.202539E+01
   -0.202266E+01   -0.201994E+01   -0.201721E+01   -0.201449E+01
   -0.201176E+01   -0.200904E+01   -0.200631E+01   -0.200358E+01
   -0.200086E+01   -0.199813E+01   -0.199541E+01   -0.199268E+01
   -0.198996E+01   -0.198723E+01   -0.198450E+01   -0.198182E+01
   -0.197917E+01   -0.197652E+01   -0.197393E+01   -0.197136E+01
   -0.196879E+01   -0.196622E+01   -0.196364E+01   -0.196107E+01
   -0.195414E+01   -0.194908E+01   -0.194664E+01   -0.194419E+01
   -0.194175E+01   -0.193930E+01   -0.193686E+01   -0.193441E+01
   -0.193197E+01   -0.192786E+01   -0.192374E+01   -0.191963E+01
   -0.191551E+01   -0.191140E+01   -0.190728E+01   -0.190317E+01
   -0.189905E+01   -0.189494E+01   -0.189082E+01   -0.188690E+01
   -0.188298E+01   -0.187906E+01   -0.187515E+01   -0.186644E+01
   -0.186309E+01   -0.186008E+01   -0.185707E+01   -0.185379E+01
   -0.184967E+01   -0.184556E+01   -0.184159E+01   -0.183773E+01
   -0.183205E+01   -0.182865E+01   -0.182499E+01   -0.182086E+01
   -0.181647E+01   -0.181260E+01   -0.180853E+01   -0.180441E+01
   -0.180030E+01   -0.179630E+01   -0.179630E+01   -0.179630E+01
   -0.179630E+01   -0.179630E+01   -0.179630E+01   -0.179630E+01
   -0.179630E+01   -0.179630E+01   -0.179630E+01   -0.179630E+01
   -0.179630E+01   -0.179630E+01   -0.179630E+01   -0.179630E+01
   -0.179630E+01   -0.179630E+01   -0.179630E+01   -0.179630E+01
   -0.179630E+01   -0.179630E+01   -0.179630E+01   -0.179630E+01
   -0.179630E+01   -0.179630E+01   -0.179630E+01   -0.210603E+01
   -0.210332E+01   -0.210060E+01   -0.209788E+01   -0.209517E+01
   -0.209245E+01   -0.208974E+01   -0.208702E+01   -0.208431E+01
   -0.208159E+01   -0.207887E+01   -0.207616E+01   -0.207344E+01
   -0.207073E+01   -0.206801E+01   -0.206530E+01   -0.206258E+01
   -0.205986E+01   -0.205715E+01   -0.205443E+01   -0.205172E+01
   -0.204900E+01   -0.204629E+01   -0.204357E+01   -0.204086E+01
   -0.203814E+01   -0.203542E+01   -0.203271E+01   -0.202999E+01
   -0.202728E+01   -0.202456E+01   -0.202185E+01   -0.201913E+01
   -0.201641E+01   -0.201370E+01   -0.201098E+01   -0.200827E+01
   -0.200555E+01   -0.200284E+01   -0.200012E+01   -0.199740E+01
   -0.199469E+01   -0.199197E+01   -0.198926E+01   -0.198654E+01
   -0.198386E+01   -0.198121E+01   -0.197863E+01   -0.197606E+01
   -0.197349E+01   -0.197091E+01   -0.196834E+01   -0.196577E+01
   -0.196320E+01   -0.195627E+01   -0.195107E+01   -0.194852E+01
   -0.194613E+01   -0.194374E+01   -0.194134E+01   -0.193895E+01
   -0.193656E+01   -0.193417E+01   -0.193005E+01   -0.192594E+01
   -0.192183E+01   -0.191771E+01   -0.191360E+01   -0.190949E+01
   -0.190537E+01   -0.190126E+01   -0.189715E+01   -0.189303E+01
   -0.188912E+01   -0.188520E+01   -0.188128E+01   -0.187736E+01
   -0.186940E+01   -0.186601E+01   -0.186262E+01   -0.185930E+01
   -0.185602E+01   -0.185190E+01   -0.184779E+01   -0.184395E+01
   -0.184069E+01   -0.183365E+01   -0.183064E+01   -0.182722E+01
   -0.182321E+01   -0.181915E+01   -0.181481E+01   -0.181077E+01
   -0.180666E+01   -0.180254E+01   -0.179630E+01   -0.179630E+01
   -0.179630E+01   -0.179630E+01   -0.179630E+01   -0.179630E+01
   -0.179630E+01   -0.179630E+01   -0.179630E+01   -0.179630E+01
   -0.179630E+01   -0.179630E+01   -0.179630E+01   -0.179630E+01
   -0.179630E+01   -0.179630E+01   -0.179630E+01   -0.179630E+01
   -0.179630E+01   -0.179630E+01   -0.179630E+01   -0.179630E+01
   -0.179630E+01   -0.179630E+01   -0.179630E+01   -0.179630E+01
   -0.210763E+01   -0.210493E+01   -0.210222E+01   -0.209951E+01
   -0.209681E+01   -0.209410E+01   -0.209140E+01   -0.208869E+01
   -0.208599E+01   -0.208328E+01   -0.208057E+01   -0.207787E+01
   -0.207516E+01   -0.207246E+01   -0.206975E+01   -0.206705E+01
   -0.206434E+01   -0.206163E+01   -0.205893E+01   -0.205622E+01
   -0.205352E+01   -0.205081E+01   -0.204811E+01   -0.204540E+01
   -0.204269E+01   -0.203999E+01   -0.203728E+01   -0.203458E+01
   -0.203187E+01   -0.202916E+01   -0.202646E+01   -0.202375E+01
   -0.202105E+01   -0.201834E+01   -0.201564E+01   -0.201293E+01
   -0.201022E+01   -0.200752E+01   -0.200481E+01   -0.200211E+01
   -0.199940E+01   -0.199670E+01   -0.199399E+01   -0.199128E+01
   -0.198858E+01   -0.198590E+01   -0.198333E+01   -0.198076E+01
   -0.197818E+01   -0.197561E+01   -0.197304E+01   -0.197047E+01
   -0.196789E+01   -0.196532E+01   -0.195892E+01   -0.195394E+01
   -0.195119E+01   -0.194844E+01   -0.194593E+01   -0.194354E+01
   -0.194115E+01   -0.193875E+01   -0.193636E+01   -0.193225E+01
   -0.192814E+01   -0.192403E+01   -0.191992E+01   -0.191580E+01
   -0.191169E+01   -0.190758E+01   -0.190347E+01   -0.189936E+01
   -0.189525E+01   -0.189133E+01   -0.188741E+01   -0.188349E+01
   -0.187958E+01   -0.187162E+01   -0.186833E+01   -0.186503E+01
   -0.186174E+01   -0.185824E+01   -0.185413E+01   -0.185009E+01
   -0.184590E+01   -0.184273E+01   -0.183765E+01   -0.183333E+01
   -0.182954E+01   -0.182459E+01   -0.182124E+01   -0.181713E+01
   -0.181302E+01   -0.180891E+01   -0.180495E+01   -0.180495E+01
   -0.180495E+01   -0.179630E+01   -0.179630E+01   -0.179630E+01
   -0.179630E+01   -0.179630E+01   -0.179630E+01   -0.179630E+01
   -0.179630E+01   -0.179630E+01   -0.179630E+01   -0.179630E+01
   -0.179630E+01   -0.179630E+01   -0.179630E+01   -0.179630E+01
   -0.179630E+01   -0.179630E+01   -0.179630E+01   -0.179630E+01
   -0.179630E+01   -0.179630E+01   -0.179630E+01   -0.179630E+01
   -0.179630E+01   -0.210923E+01   -0.210654E+01   -0.210384E+01
   -0.210114E+01   -0.209845E+01   -0.209575E+01   -0.209306E+01
   -0.209036E+01   -0.208766E+01   -0.208497E+01   -0.208227E+01
   -0.207958E+01   -0.207688E+01   -0.207419E+01   -0.207149E+01
   -0.206879E+01   -0.206610E+01   -0.206340E+01   -0.206071E+01
   -0.205801E+01   -0.205532E+01   -0.205262E+01   -0.204992E+01
   -0.204723E+01   -0.204453E+01   -0.204184E+01   -0.203914E+01
   -0.203644E+01   -0.203375E+01   -0.203105E+01   -0.202836E+01
   -0.202566E+01   -0.202297E+01   -0.202027E+01   -0.201757E+01
   -0.201488E+01   -0.201218E+01   -0.200949E+01   -0.200679E+01
   -0.200409E+01   -0.200140E+01   -0.199870E+01   -0.199601E+01
   -0.199331E+01   -0.199062E+01   -0.198798E+01   -0.198541E+01
   -0.198284E+01   -0.198027E+01   -0.197769E+01   -0.197512E+01
   -0.197255E+01   -0.196998E+01   -0.196743E+01   -0.196179E+01
   -0.195681E+01   -0.195406E+01   -0.195132E+01   -0.194857E+01
   -0.194582E+01   -0.194334E+01   -0.194095E+01   -0.193856E+01
   -0.193445E+01   -0.193034E+01   -0.192623E+01   -0.192212E+01
   -0.191801E+01   -0.191390E+01   -0.190979E+01   -0.190568E+01
   -0.190157E+01   -0.189746E+01   -0.189354E+01   -0.188962E+01
   -0.188571E+01   -0.188180E+01   -0.187310E+01   -0.187001E+01
   -0.186691E+01   -0.186382E+01   -0.186047E+01   -0.185649E+01
   -0.185257E+01   -0.184689E+01   -0.184389E+01   -0.183992E+01
   -0.183581E+01   -0.183199E+01   -0.182711E+01   -0.182348E+01
   -0.181937E+01   -0.181526E+01   -0.181115E+01   -0.180734E+01
   -0.180734E+01   -0.180734E+01   -0.180734E+01   -0.180734E+01
   -0.179630E+01   -0.179630E+01   -0.179630E+01   -0.179630E+01
   -0.179630E+01   -0.179630E+01   -0.179630E+01   -0.179630E+01
   -0.179630E+01   -0.179630E+01   -0.179630E+01   -0.179630E+01
   -0.179630E+01   -0.179630E+01   -0.179630E+01   -0.179630E+01
   -0.179630E+01   -0.179630E+01   -0.179630E+01   -0.179630E+01
   -0.179630E+01   -0.179630E+01   -0.211083E+01   -0.210814E+01
   -0.210546E+01   -0.210277E+01   -0.210009E+01   -0.209740E+01
   -0.209472E+01   -0.209203E+01   -0.208934E+01   -0.208666E+01
   -0.208397E+01   -0.208129E+01   -0.207860E+01   -0.207591E+01
   -0.207323E+01   -0.207054E+01   -0.206786E+01   -0.206517E+01
   -0.206249E+01   -0.205980E+01   -0.205711E+01   -0.205443E+01
   -0.205174E+01   -0.204906E+01   -0.204637E+01   -0.204368E+01
   -0.204100E+01   -0.203831E+01   -0.203563E+01   -0.203294E+01
   -0.203026E+01   -0.202757E+01   -0.202488E+01   -0.202220E+01
   -0.201951E+01   -0.201683E+01   -0.201414E+01   -0.201145E+01
   -0.200877E+01   -0.200608E+01   -0.200340E+01   -0.200071E+01
   -0.199802E+01   -0.199534E+01   -0.199265E+01   -0.199002E+01
   -0.198745E+01   -0.198488E+01   -0.198231E+01   -0.197974E+01
   -0.197716E+01   -0.197459E+01   -0.197205E+01   -0.196955E+01
   -0.196418E+01   -0.195968E+01   -0.195694E+01   -0.195419E+01
   -0.195144E+01   -0.194869E+01   -0.194594E+01   -0.194319E+01
   -0.194075E+01   -0.193664E+01   -0.193254E+01   -0.192843E+01
   -0.192432E+01   -0.192021E+01   -0.191610E+01   -0.191199E+01
   -0.190789E+01   -0.190378E+01   -0.189967E+01   -0.189576E+01
   -0.189184E+01   -0.188793E+01   -0.188402E+01   -0.187537E+01
   -0.187198E+01   -0.186898E+01   -0.186597E+01   -0.186275E+01
   -0.185883E+01   -0.185441E+01   -0.184955E+01   -0.184617E+01
   -0.184216E+01   -0.183817E+01   -0.183353E+01   -0.182983E+01
   -0.182572E+01   -0.182162E+01   -0.181751E+01   -0.181342E+01
   -0.180734E+01   -0.180734E+01   -0.180734E+01   -0.180734E+01
   -0.180734E+01   -0.180734E+01   -0.180734E+01   -0.180734E+01
   -0.179630E+01   -0.179630E+01   -0.179630E+01   -0.179630E+01
   -0.179630E+01   -0.179630E+01   -0.179630E+01   -0.179630E+01
   -0.179630E+01   -0.179630E+01   -0.179630E+01   -0.179630E+01
   -0.179630E+01   -0.179630E+01   -0.179630E+01   -0.179630E+01
   -0.179630E+01   -0.179630E+01   -0.179630E+01   -0.211243E+01
   -0.210975E+01   -0.210708E+01   -0.210440E+01   -0.210173E+01
   -0.209905E+01   -0.209637E+01   -0.209370E+01   -0.209102E+01
   -0.208835E+01   -0.208567E+01   -0.208300E+01   -0.208032E+01
   -0.207764E+01   -0.207497E+01   -0.207229E+01   -0.206962E+01
   -0.206694E+01   -0.206426E+01   -0.206159E+01   -0.205891E+01
   -0.205624E+01   -0.205356E+01   -0.205088E+01   -0.204821E+01
   -0.204553E+01   -0.204286E+01   -0.204018E+01   -0.203750E+01
   -0.203483E+01   -0.203215E+01   -0.202948E+01   -0.202680E+01
   -0.202413E+01   -0.202145E+01   -0.201877E+01   -0.201610E+01
   -0.201342E+01   -0.201075E+01   -0.200807E+01   -0.200539E+01
   -0.200272E+01   -0.200004E+01   -0.199737E+01   -0.199469E+01
   -0.199207E+01   -0.198949E+01   -0.198692E+01   -0.198435E+01
   -0.198178E+01   -0.197921E+01   -0.197667E+01   -0.197418E+01
   -0.197168E+01   -0.196563E+01   -0.196181E+01   -0.195911E+01
   -0.195642E+01   -0.195372E+01   -0.195103E+01   -0.194834E+01
   -0.194564E+01   -0.194295E+01   -0.193884E+01   -0.193473E+01
   -0.193063E+01   -0.192652E+01   -0.192242E+01   -0.191831E+01
   -0.191420E+01   -0.191010E+01   -0.190599E+01   -0.190188E+01
   -0.189797E+01   -0.189406E+01   -0.189015E+01   -0.188624E+01
   -0.187833E+01   -0.187494E+01   -0.187156E+01   -0.186820E+01
   -0.186497E+01   -0.186106E+01   -0.185664E+01   -0.185136E+01
   -0.184836E+01   -0.184439E+01   -0.184041E+01   -0.183563E+01
   -0.183207E+01   -0.182797E+01   -0.182386E+01   -0.181975E+01
   -0.181568E+01   -0.181568E+01   -0.181568E+01   -0.180734E+01
   -0.180734E+01   -0.180734E+01   -0.180734E+01   -0.180734E+01
   -0.180734E+01   -0.180734E+01   -0.180734E+01   -0.180734E+01
   -0.179630E+01   -0.179630E+01   -0.179630E+01   -0.179630E+01
   -0.179630E+01   -0.179630E+01   -0.179630E+01   -0.179630E+01
   -0.179630E+01   -0.179630E+01   -0.179630E+01   -0.179630E+01
   -0.179630E+01   -0.179630E+01   -0.179630E+01   -0.181123E+01
   -0.211403E+01   -0.211136E+01   -0.210870E+01   -0.210603E+01
   -0.210337E+01   -0.210070E+01   -0.209803E+01   -0.209537E+01
   -0.209270E+01   -0.209004E+01   -0.208737E+01   -0.208470E+01
   -0.208204E+01   -0.207937E+01   -0.207671E+01   -0.207404E+01
   -0.207137E+01   -0.206871E+01   -0.206604E+01   -0.206338E+01
   -0.206071E+01   -0.205804E+01   -0.205538E+01   -0.205271E+01
   -0.205005E+01   -0.204738E+01   -0.204471E+01   -0.204205E+01
   -0.203938E+01   -0.203672E+01   -0.203405E+01   -0.203139E+01
   -0.202872E+01   -0.202605E+01   -0.202339E+01   -0.202072E+01
   -0.201806E+01   -0.201539E+01   -0.201272E+01   -0.201006E+01
   -0.200739E+01   -0.200473E+01   -0.200206E+01   -0.199939E+01
   -0.199673E+01   -0.199411E+01   -0.199154E+01   -0.198896E+01
   -0.198639E+01   -0.198382E+01   -0.198130E+01   -0.197880E+01
   -0.197630E+01   -0.197380E+01   -0.196707E+01   -0.196330E+01
   -0.196071E+01   -0.195811E+01   -0.195552E+01   -0.195292E+01
   -0.195033E+01   -0.194774E+01   -0.194514E+01   -0.194104E+01
   -0.193693E+01   -0.193283E+01   -0.192872E+01   -0.192462E+01
   -0.192051E+01   -0.191641E+01   -0.191230E+01   -0.190820E+01
   -0.190409E+01   -0.190018E+01   -0.189627E+01   -0.189236E+01
   -0.188846E+01   -0.188046E+01   -0.187719E+01   -0.187391E+01
   -0.187063E+01   -0.186720E+01   -0.186329E+01   -0.185901E+01
   -0.185400E+01   -0.185064E+01   -0.184663E+01   -0.184264E+01
   -0.183788E+01   -0.183431E+01   -0.183021E+01   -0.182610E+01
   -0.182200E+01   -0.181568E+01   -0.181568E+01   -0.181568E+01
   -0.181568E+01   -0.181568E+01   -0.180734E+01   -0.180734E+01
   -0.180734E+01   -0.180734E+01   -0.180734E+01   -0.180734E+01
   -0.180734E+01   -0.180734E+01   -0.180734E+01   -0.180734E+01
   -0.179630E+01   -0.179630E+01   -0.179630E+01   -0.179630E+01
   -0.179630E+01   -0.179630E+01   -0.179630E+01   -0.179630E+01
   -0.179630E+01   -0.179630E+01   -0.181123E+01   -0.181123E+01
   -0.181123E+01   -0.211563E+01   -0.211297E+01   -0.211032E+01
   -0.210766E+01   -0.210501E+01   -0.210235E+01   -0.209969E+01
   -0.209704E+01   -0.209438E+01   -0.209173E+01   -0.208907E+01
   -0.208641E+01   -0.208376E+01   -0.208110E+01   -0.207845E+01
   -0.207579E+01   -0.207313E+01   -0.207048E+01   -0.206782E+01
   -0.206517E+01   -0.206251E+01   -0.205985E+01   -0.205720E+01
   -0.205454E+01   -0.205189E+01   -0.204923E+01   -0.204657E+01
   -0.204392E+01   -0.204126E+01   -0.203860E+01   -0.203595E+01
   -0.203329E+01   -0.203064E+01   -0.202798E+01   -0.202533E+01
   -0.202267E+01   -0.202001E+01   -0.201736E+01   -0.201470E+01
   -0.201204E+01   -0.200939E+01   -0.200673E+01   -0.200408E+01
   -0.200142E+01   -0.199876E+01   -0.199615E+01   -0.199358E+01
   -0.199101E+01   -0.198843E+01   -0.198592E+01   -0.198342E+01
   -0.198092E+01   -0.197843E+01   -0.197593E+01   -0.196918E+01
   -0.196479E+01   -0.196230E+01   -0.195981E+01   -0.195731E+01
   -0.195482E+01   -0.195233E+01   -0.194983E+01   -0.194734E+01
   -0.194324E+01   -0.193913E+01   -0.193503E+01   -0.193093E+01
   -0.192682E+01   -0.192272E+01   -0.191862E+01   -0.191451E+01
   -0.191041E+01   -0.190631E+01   -0.190239E+01   -0.189849E+01
   -0.189458E+01   -0.189067E+01   -0.188195E+01   -0.187887E+01
   -0.187579E+01   -0.187271E+01   -0.186943E+01   -0.186552E+01
   -0.186124E+01   -0.185588E+01   -0.185288E+01   -0.184886E+01
   -0.184488E+01   -0.184025E+01   -0.183655E+01   -0.183245E+01
   -0.182835E+01   -0.182424E+01   -0.182424E+01   -0.182424E+01
   -0.181568E+01   -0.181568E+01   -0.181568E+01   -0.181568E+01
   -0.181568E+01   -0.180734E+01   -0.180734E+01   -0.180734E+01
   -0.180734E+01   -0.180734E+01   -0.180734E+01   -0.180734E+01
   -0.180734E+01   -0.180734E+01   -0.180734E+01   -0.180734E+01
   -0.179630E+01   -0.182811E+01   -0.182811E+01   -0.182811E+01
   -0.181864E+01   -0.181864E+01   -0.181123E+01   -0.181123E+01
   -0.181123E+01   -0.181123E+01   -0.211723E+01   -0.211458E+01
   -0.211194E+01   -0.210929E+01   -0.210664E+01   -0.210400E+01
   -0.210135E+01   -0.209871E+01   -0.209606E+01   -0.209341E+01
   -0.209077E+01   -0.208812E+01   -0.208548E+01   -0.208283E+01
   -0.208018E+01   -0.207754E+01   -0.207489E+01   -0.207225E+01
   -0.206960E+01   -0.206695E+01   -0.206431E+01   -0.206166E+01
   -0.205902E+01   -0.205637E+01   -0.205372E+01   -0.205108E+01
   -0.204843E+01   -0.204579E+01   -0.204314E+01   -0.204049E+01
   -0.203785E+01   -0.203520E+01   -0.203255E+01   -0.202991E+01
   -0.202726E+01   -0.202462E+01   -0.202197E+01   -0.201932E+01
   -0.201668E+01   -0.201403E+01   -0.201139E+01   -0.200874E+01
   -0.200609E+01   -0.200345E+01   -0.200080E+01   -0.199819E+01
   -0.199562E+01   -0.199305E+01   -0.199054E+01   -0.198804E+01
   -0.198555E+01   -0.198305E+01   -0.198055E+01   -0.197805E+01
   -0.197130E+01   -0.196629E+01   -0.196389E+01   -0.196150E+01
   -0.195911E+01   -0.195671E+01   -0.195432E+01   -0.195193E+01
   -0.194953E+01   -0.194543E+01   -0.194133E+01   -0.193723E+01
   -0.193313E+01   -0.192903E+01   -0.192493E+01   -0.192082E+01
   -0.191672E+01   -0.191262E+01   -0.190852E+01   -0.190461E+01
   -0.190070E+01   -0.189680E+01   -0.189289E+01   -0.188430E+01
   -0.188092E+01   -0.187787E+01   -0.187488E+01   -0.187165E+01
   -0.186775E+01   -0.186348E+01   -0.185845E+01   -0.185510E+01
   -0.185110E+01   -0.184712E+01   -0.184249E+01   -0.183879E+01
   -0.183469E+01   -0.183059E+01   -0.182670E+01   -0.182670E+01
   -0.182670E+01   -0.182670E+01   -0.182670E+01   -0.181568E+01
   -0.181568E+01   -0.181568E+01   -0.181568E+01   -0.181568E+01
   -0.180734E+01   -0.180734E+01   -0.180734E+01   -0.182811E+01
   -0.182811E+01   -0.182811E+01   -0.182811E+01   -0.182811E+01
   -0.182811E+01   -0.182811E+01   -0.182811E+01   -0.182811E+01
   -0.181864E+01   -0.181864E+01   -0.181123E+01   -0.181123E+01
   -0.181123E+01   -0.181123E+01   -0.181123E+01   -0.211883E+01
   -0.211619E+01   -0.211356E+01   -0.211092E+01   -0.210828E+01
   -0.210565E+01   -0.210301E+01   -0.210038E+01   -0.209774E+01
   -0.209510E+01   -0.209247E+01   -0.208983E+01   -0.208720E+01
   -0.208456E+01   -0.208192E+01   -0.207929E+01   -0.207665E+01
   -0.207401E+01   -0.207138E+01   -0.206874E+01   -0.206611E+01
   -0.206347E+01   -0.206083E+01   -0.205820E+01   -0.205556E+01
   -0.205293E+01   -0.205029E+01   -0.204765E+01   -0.204502E+01
   -0.204238E+01   -0.203974E+01   -0.203711E+01   -0.203447E+01
   -0.203184E+01   -0.202920E+01   -0.202656E+01   -0.202393E+01
   -0.202129E+01   -0.201866E+01   -0.201602E+01   -0.201338E+01
   -0.201075E+01   -0.200811E+01   -0.200548E+01   -0.200284E+01
   -0.200024E+01   -0.199766E+01   -0.199516E+01   -0.199267E+01
   -0.199017E+01   -0.198767E+01   -0.198517E+01   -0.198268E+01
   -0.198018E+01   -0.197343E+01   -0.196844E+01   -0.196585E+01
   -0.196350E+01   -0.196114E+01   -0.195879E+01   -0.195644E+01
   -0.195408E+01   -0.195173E+01   -0.194763E+01   -0.194353E+01
   -0.193943E+01   -0.193533E+01   -0.193123E+01   -0.192713E+01
   -0.192303E+01   -0.191893E+01   -0.191483E+01   -0.191073E+01
   -0.190683E+01   -0.190292E+01   -0.189901E+01   -0.189511E+01
   -0.188726E+01   -0.188388E+01   -0.188050E+01   -0.187711E+01
   -0.187388E+01   -0.186998E+01   -0.186571E+01   -0.186029E+01
   -0.185729E+01   -0.185333E+01   -0.184935E+01   -0.184473E+01
   -0.184103E+01   -0.183693E+01   -0.183283E+01   -0.182670E+01
   -0.182670E+01   -0.182670E+01   -0.182670E+01   -0.182670E+01
   -0.182670E+01   -0.182670E+01   -0.182670E+01   -0.183030E+01
   -0.183030E+01   -0.183030E+01   -0.182811E+01   -0.182811E+01
   -0.182811E+01   -0.182811E+01   -0.182811E+01   -0.182811E+01
   -0.182811E+01   -0.182811E+01   -0.182811E+01   -0.182811E+01
   -0.181864E+01   -0.181864E+01   -0.181864E+01   -0.181123E+01
   -0.181123E+01   -0.181123E+01   -0.181123E+01   -0.181123E+01
   -0.212043E+01   -0.211780E+01   -0.211518E+01   -0.211255E+01
   -0.210992E+01   -0.210730E+01   -0.210467E+01   -0.210205E+01
   -0.209942E+01   -0.209679E+01   -0.209417E+01   -0.209154E+01
   -0.208891E+01   -0.208629E+01   -0.208366E+01   -0.208104E+01
   -0.207841E+01   -0.207578E+01   -0.207316E+01   -0.207053E+01
   -0.206790E+01   -0.206528E+01   -0.206265E+01   -0.206003E+01
   -0.205740E+01   -0.205477E+01   -0.205215E+01   -0.204952E+01
   -0.204690E+01   -0.204427E+01   -0.204164E+01   -0.203902E+01
   -0.203639E+01   -0.203376E+01   -0.203114E+01   -0.202851E+01
   -0.202589E+01   -0.202326E+01   -0.202063E+01   -0.201801E+01
   -0.201538E+01   -0.201276E+01   -0.201013E+01   -0.200750E+01
   -0.200488E+01   -0.200228E+01   -0.199979E+01   -0.199729E+01
   -0.199479E+01   -0.199229E+01   -0.198980E+01   -0.198730E+01
   -0.198480E+01   -0.198230E+01   -0.197616E+01   -0.197131E+01
   -0.196860E+01   -0.196589E+01   -0.196334E+01   -0.196099E+01
   -0.195863E+01   -0.195628E+01   -0.195393E+01   -0.194983E+01
   -0.194573E+01   -0.194163E+01   -0.193753E+01   -0.193343E+01
   -0.192934E+01   -0.192524E+01   -0.192114E+01   -0.191704E+01
   -0.191294E+01   -0.190904E+01   -0.190513E+01   -0.190123E+01
   -0.189733E+01   -0.188931E+01   -0.188605E+01   -0.188279E+01
   -0.187953E+01   -0.187611E+01   -0.187220E+01   -0.186779E+01
   -0.186290E+01   -0.185957E+01   -0.185557E+01   -0.185159E+01
   -0.184697E+01   -0.184327E+01   -0.183917E+01   -0.183508E+01
   -0.183508E+01   -0.183508E+01   -0.182670E+01   -0.182670E+01
   -0.182670E+01   -0.182670E+01   -0.183030E+01   -0.183030E+01
   -0.183030E+01   -0.183030E+01   -0.182811E+01   -0.182811E+01
   -0.182811E+01   -0.182811E+01   -0.182811E+01   -0.182811E+01
   -0.182811E+01   -0.182811E+01   -0.182811E+01   -0.181864E+01
   -0.181864E+01   -0.181864E+01   -0.181864E+01   -0.181123E+01
   -0.181123E+01   -0.181123E+01   -0.181123E+01   -0.181123E+01
   -0.181123E+01   -0.212203E+01   -0.211941E+01   -0.211680E+01
   -0.211418E+01   -0.211156E+01   -0.210895E+01   -0.210633E+01
   -0.210371E+01   -0.210110E+01   -0.209848E+01   -0.209587E+01
   -0.209325E+01   -0.209063E+01   -0.208802E+01   -0.208540E+01
   -0.208278E+01   -0.208017E+01   -0.207755E+01   -0.207494E+01
   -0.207232E+01   -0.206970E+01   -0.206709E+01   -0.206447E+01
   -0.206185E+01   -0.205924E+01   -0.205662E+01   -0.205401E+01
   -0.205139E+01   -0.204877E+01   -0.204616E+01   -0.204354E+01
   -0.204092E+01   -0.203831E+01   -0.203569E+01   -0.203308E+01
   -0.203046E+01   -0.202784E+01   -0.202523E+01   -0.202261E+01
   -0.201999E+01   -0.201738E+01   -0.201476E+01   -0.201215E+01
   -0.200953E+01   -0.200691E+01   -0.200436E+01   -0.200186E+01
   -0.199936E+01   -0.199686E+01   -0.199437E+01   -0.199187E+01
   -0.198937E+01   -0.198687E+01   -0.198435E+01   -0.197903E+01
   -0.197418E+01   -0.197147E+01   -0.196876E+01   -0.196605E+01
   -0.196334E+01   -0.196083E+01   -0.195847E+01   -0.195612E+01
   -0.195202E+01   -0.194793E+01   -0.194383E+01   -0.193973E+01
   -0.193564E+01   -0.193154E+01   -0.192744E+01   -0.192335E+01
   -0.191925E+01   -0.191516E+01   -0.191125E+01   -0.190735E+01
   -0.190345E+01   -0.189955E+01   -0.189079E+01   -0.188773E+01
   -0.188467E+01   -0.188161E+01   -0.187833E+01   -0.187443E+01
   -0.187002E+01   -0.186475E+01   -0.186176E+01   -0.185780E+01
   -0.185383E+01   -0.184921E+01   -0.184551E+01   -0.184142E+01
   -0.183762E+01   -0.183762E+01   -0.183762E+01   -0.183762E+01
   -0.183600E+01   -0.183030E+01   -0.183030E+01   -0.183030E+01
   -0.183030E+01   -0.183030E+01   -0.182811E+01   -0.182811E+01
   -0.182811E+01   -0.182811E+01   -0.182811E+01   -0.182811E+01
   -0.182811E+01   -0.182811E+01   -0.182811E+01   -0.181864E+01
   -0.181864E+01   -0.181864E+01   -0.181864E+01   -0.181123E+01
   -0.181123E+01   -0.181123E+01   -0.181123E+01   -0.181123E+01
   -0.181123E+01   -0.181123E+01   -0.212363E+01   -0.212102E+01
   -0.211841E+01   -0.211581E+01   -0.211320E+01   -0.211060E+01
   -0.210799E+01   -0.210538E+01   -0.210278E+01   -0.210017E+01
   -0.209756E+01   -0.209496E+01   -0.209235E+01   -0.208975E+01
   -0.208714E+01   -0.208453E+01   -0.208193E+01   -0.207932E+01
   -0.207671E+01   -0.207411E+01   -0.207150E+01   -0.206890E+01
   -0.206629E+01   -0.206368E+01   -0.206108E+01   -0.205847E+01
   -0.205586E+01   -0.205326E+01   -0.205065E+01   -0.204805E+01
   -0.204544E+01   -0.204283E+01   -0.204023E+01   -0.203762E+01
   -0.203501E+01   -0.203241E+01   -0.202980E+01   -0.202720E+01
   -0.202459E+01   -0.202198E+01   -0.201938E+01   -0.201677E+01
   -0.201416E+01   -0.201156E+01   -0.200895E+01   -0.200640E+01
   -0.200390E+01   -0.200140E+01   -0.199891E+01   -0.199641E+01
   -0.199391E+01   -0.199141E+01   -0.198889E+01   -0.198635E+01
   -0.198180E+01   -0.197705E+01   -0.197434E+01   -0.197163E+01
   -0.196893E+01   -0.196622E+01   -0.196351E+01   -0.196080E+01
   -0.195832E+01   -0.195422E+01   -0.195013E+01   -0.194603E+01
   -0.194194E+01   -0.193784E+01   -0.193375E+01   -0.192965E+01
   -0.192556E+01   -0.192146E+01   -0.191737E+01   -0.191347E+01
   -0.190957E+01   -0.190567E+01   -0.190177E+01   -0.189323E+01
   -0.188985E+01   -0.188677E+01   -0.188378E+01   -0.188056E+01
   -0.187666E+01   -0.187261E+01   -0.186751E+01   -0.186407E+01
   -0.185985E+01   -0.185585E+01   -0.185187E+01   -0.184714E+01
   -0.184366E+01   -0.183995E+01   -0.183995E+01   -0.183995E+01
   -0.183600E+01   -0.183600E+01   -0.183030E+01   -0.183030E+01
   -0.183030E+01   -0.183030E+01   -0.182811E+01   -0.182811E+01
   -0.182811E+01   -0.182811E+01   -0.182811E+01   -0.182811E+01
   -0.182811E+01   -0.182811E+01   -0.182811E+01   -0.181864E+01
   -0.181864E+01   -0.181864E+01   -0.181864E+01   -0.181864E+01
   -0.181123E+01   -0.181123E+01   -0.181123E+01   -0.181123E+01
   -0.181123E+01   -0.181123E+01   -0.181123E+01   -0.212523E+01
   -0.212263E+01   -0.212003E+01   -0.211744E+01   -0.211484E+01
   -0.211225E+01   -0.210965E+01   -0.210705E+01   -0.210446E+01
   -0.210186E+01   -0.209926E+01   -0.209667E+01   -0.209407E+01
   -0.209147E+01   -0.208888E+01   -0.208628E+01   -0.208369E+01
   -0.208109E+01   -0.207849E+01   -0.207590E+01   -0.207330E+01
   -0.207070E+01   -0.206811E+01   -0.206551E+01   -0.206292E+01
   -0.206032E+01   -0.205772E+01   -0.205513E+01   -0.205253E+01
   -0.204993E+01   -0.204734E+01   -0.204474E+01   -0.204214E+01
   -0.203955E+01   -0.203695E+01   -0.203436E+01   -0.203176E+01
   -0.202916E+01   -0.202657E+01   -0.202397E+01   -0.202137E+01
   -0.201878E+01   -0.201618E+01   -0.201358E+01   -0.201099E+01
   -0.200844E+01   -0.200594E+01   -0.200345E+01   -0.200095E+01
   -0.199845E+01   -0.199595E+01   -0.199342E+01   -0.199088E+01
   -0.198834E+01   -0.198444E+01   -0.197975E+01   -0.197701E+01
   -0.197427E+01   -0.197153E+01   -0.196879E+01   -0.196605E+01
   -0.196331E+01   -0.196057E+01   -0.195648E+01   -0.195238E+01
   -0.194829E+01   -0.194419E+01   -0.193923E+01   -0.193530E+01
   -0.193137E+01   -0.192744E+01   -0.192351E+01   -0.191958E+01
   -0.191568E+01   -0.191178E+01   -0.190788E+01   -0.190398E+01
   -0.189619E+01   -0.189282E+01   -0.188944E+01   -0.188606E+01
   -0.188279E+01   -0.187872E+01   -0.187462E+01   -0.187032E+01
   -0.186643E+01   -0.186140E+01   -0.185757E+01   -0.185416E+01
   -0.184936E+01   -0.184590E+01   -0.184187E+01   -0.184187E+01
   -0.183600E+01   -0.183600E+01   -0.183030E+01   -0.183030E+01
   -0.183030E+01   -0.183030E+01   -0.182811E+01   -0.182811E+01
   -0.182811E+01   -0.182811E+01   -0.182811E+01   -0.182811E+01
   -0.182811E+01   -0.182811E+01   -0.182811E+01   -0.181864E+01
   -0.181864E+01   -0.181864E+01   -0.181864E+01   -0.181864E+01
   -0.181123E+01   -0.181123E+01   -0.181123E+01   -0.181123E+01
   -0.181123E+01   -0.181123E+01   -0.181123E+01   -0.181123E+01
   -0.212683E+01   -0.212424E+01   -0.212165E+01   -0.211907E+01
   -0.211648E+01   -0.211389E+01   -0.211131E+01   -0.210872E+01
   -0.210614E+01   -0.210355E+01   -0.210096E+01   -0.209838E+01
   -0.209579E+01   -0.209320E+01   -0.209062E+01   -0.208803E+01
   -0.208544E+01   -0.208286E+01   -0.208027E+01   -0.207769E+01
   -0.207510E+01   -0.207251E+01   -0.206993E+01   -0.206734E+01
   -0.206475E+01   -0.206217E+01   -0.205958E+01   -0.205699E+01
   -0.205441E+01   -0.205182E+01   -0.204923E+01   -0.204665E+01
   -0.204406E+01   -0.204148E+01   -0.203889E+01   -0.203630E+01
   -0.203372E+01   -0.203113E+01   -0.202854E+01   -0.202596E+01
   -0.202337E+01   -0.202078E+01   -0.201820E+01   -0.201561E+01
   -0.201303E+01   -0.201048E+01   -0.200799E+01   -0.200549E+01
   -0.200299E+01   -0.200049E+01   -0.199796E+01   -0.199542E+01
   -0.199287E+01   -0.199033E+01   -0.198707E+01   -0.198237E+01
   -0.197958E+01   -0.197679E+01   -0.197400E+01   -0.197122E+01
   -0.196843E+01   -0.196564E+01   -0.196285E+01   -0.195876E+01
   -0.195467E+01   -0.195057E+01   -0.194585E+01   -0.194020E+01
   -0.193652E+01   -0.193284E+01   -0.192916E+01   -0.192547E+01
   -0.192179E+01   -0.191789E+01   -0.191399E+01   -0.191010E+01
   -0.190620E+01   -0.189815E+01   -0.189491E+01   -0.189167E+01
   -0.188842E+01   -0.188497E+01   -0.188088E+01   -0.187678E+01
   -0.187284E+01   -0.186881E+01   -0.186323E+01   -0.185993E+01
   -0.185640E+01   -0.185161E+01   -0.184814E+01   -0.184405E+01
   -0.183996E+01   -0.183600E+01   -0.183600E+01   -0.183030E+01
   -0.183030E+01   -0.183030E+01   -0.182811E+01   -0.182811E+01
   -0.182811E+01   -0.182811E+01   -0.182811E+01   -0.182811E+01
   -0.182811E+01   -0.182811E+01   -0.182811E+01   -0.181864E+01
   -0.181864E+01   -0.181864E+01   -0.181864E+01   -0.181864E+01
   -0.181123E+01   -0.181123E+01   -0.181123E+01   -0.181123E+01
   -0.181123E+01   -0.181123E+01   -0.181123E+01   -0.181123E+01
   -0.180803E+01   -0.212843E+01   -0.212585E+01   -0.212327E+01
   -0.212070E+01   -0.211812E+01   -0.211554E+01   -0.211297E+01
   -0.211039E+01   -0.210781E+01   -0.210524E+01   -0.210266E+01
   -0.210009E+01   -0.209751E+01   -0.209493E+01   -0.209236E+01
   -0.208978E+01   -0.208720E+01   -0.208463E+01   -0.208205E+01
   -0.207947E+01   -0.207690E+01   -0.207432E+01   -0.207174E+01
   -0.206917E+01   -0.206659E+01   -0.206402E+01   -0.206144E+01
   -0.205886E+01   -0.205629E+01   -0.205371E+01   -0.205113E+01
   -0.204856E+01   -0.204598E+01   -0.204340E+01   -0.204083E+01
   -0.203825E+01   -0.203567E+01   -0.203310E+01   -0.203052E+01
   -0.202795E+01   -0.202537E+01   -0.202279E+01   -0.202022E+01
   -0.201764E+01   -0.201506E+01   -0.201253E+01   -0.201003E+01
   -0.200753E+01   -0.200503E+01   -0.200249E+01   -0.199995E+01
   -0.199741E+01   -0.199486E+01   -0.199232E+01   -0.198971E+01
   -0.198498E+01   -0.198215E+01   -0.197931E+01   -0.197648E+01
   -0.197364E+01   -0.197081E+01   -0.196797E+01   -0.196514E+01
   -0.196104E+01   -0.195695E+01   -0.195246E+01   -0.194682E+01
   -0.194117E+01   -0.193774E+01   -0.193431E+01   -0.193087E+01
   -0.192744E+01   -0.192400E+01   -0.192010E+01   -0.191621E+01
   -0.191232E+01   -0.190842E+01   -0.189963E+01   -0.189659E+01
   -0.189354E+01   -0.189050E+01   -0.188719E+01   -0.188310E+01
   -0.187901E+01   -0.187507E+01   -0.187118E+01   -0.186510E+01
   -0.186211E+01   -0.185856E+01   -0.185448E+01   -0.184997E+01
   -0.184625E+01   -0.184220E+01   -0.183811E+01   -0.183403E+01
   -0.183030E+01   -0.183030E+01   -0.182811E+01   -0.182811E+01
   -0.182811E+01   -0.182811E+01   -0.182811E+01   -0.182811E+01
   -0.182811E+01   -0.182811E+01   -0.182811E+01   -0.181864E+01
   -0.181864E+01   -0.181864E+01   -0.181864E+01   -0.181864E+01
   -0.181864E+01   -0.181123E+01   -0.181123E+01   -0.181123E+01
   -0.181123E+01   -0.181123E+01   -0.181123E+01   -0.181123E+01
   -0.180803E+01   -0.180803E+01   -0.213003E+01   -0.212746E+01
   -0.212489E+01   -0.212233E+01   -0.211976E+01   -0.211719E+01
   -0.211463E+01   -0.211206E+01   -0.210949E+01   -0.210693E+01
   -0.210436E+01   -0.210179E+01   -0.209923E+01   -0.209666E+01
   -0.209409E+01   -0.209153E+01   -0.208896E+01   -0.208640E+01
   -0.208383E+01   -0.208126E+01   -0.207870E+01   -0.207613E+01
   -0.207356E+01   -0.207100E+01   -0.206843E+01   -0.206586E+01
   -0.206330E+01   -0.206073E+01   -0.205816E+01   -0.205560E+01
   -0.205303E+01   -0.205046E+01   -0.204790E+01   -0.204533E+01
   -0.204277E+01   -0.204020E+01   -0.203763E+01   -0.203507E+01
   -0.203250E+01   -0.202993E+01   -0.202737E+01   -0.202480E+01
   -0.202223E+01   -0.201967E+01   -0.201710E+01   -0.201457E+01
   -0.201207E+01   -0.200957E+01   -0.200703E+01   -0.200448E+01
   -0.200194E+01   -0.199940E+01   -0.199685E+01   -0.199431E+01
   -0.199176E+01   -0.198760E+01   -0.198471E+01   -0.198183E+01
   -0.197895E+01   -0.197607E+01   -0.197319E+01   -0.197030E+01
   -0.196742E+01   -0.196333E+01   -0.195908E+01   -0.195344E+01
   -0.194779E+01   -0.194215E+01   -0.193896E+01   -0.193577E+01
   -0.193259E+01   -0.192940E+01   -0.192622E+01   -0.192232E+01
   -0.191843E+01   -0.191453E+01   -0.191064E+01   -0.190216E+01
   -0.189879E+01   -0.189567E+01   -0.189268E+01   -0.188942E+01
   -0.188533E+01   -0.188124E+01   -0.187730E+01   -0.187341E+01
   -0.186768E+01   -0.186439E+01   -0.186080E+01   -0.185674E+01
   -0.185259E+01   -0.184849E+01   -0.184445E+01   -0.184036E+01
   -0.183627E+01   -0.183219E+01   -0.182811E+01   -0.182811E+01
   -0.182811E+01   -0.182811E+01   -0.182811E+01   -0.182811E+01
   -0.182811E+01   -0.182811E+01   -0.183066E+01   -0.181864E+01
   -0.181864E+01   -0.181864E+01   -0.181864E+01   -0.181864E+01
   -0.181864E+01   -0.181123E+01   -0.181123E+01   -0.181123E+01
   -0.181123E+01   -0.181123E+01   -0.181123E+01   -0.181123E+01
   -0.180803E+01   -0.180803E+01   -0.180803E+01   -0.213163E+01
   -0.212907E+01   -0.212651E+01   -0.212396E+01   -0.212140E+01
   -0.211884E+01   -0.211629E+01   -0.211373E+01   -0.211117E+01
   -0.210862E+01   -0.210606E+01   -0.210350E+01   -0.210095E+01
   -0.209839E+01   -0.209583E+01   -0.209328E+01   -0.209072E+01
   -0.208816E+01   -0.208561E+01   -0.208305E+01   -0.208049E+01
   -0.207794E+01   -0.207538E+01   -0.207282E+01   -0.207027E+01
   -0.206771E+01   -0.206516E+01   -0.206260E+01   -0.206004E+01
   -0.205749E+01   -0.205493E+01   -0.205237E+01   -0.204982E+01
   -0.204726E+01   -0.204470E+01   -0.204215E+01   -0.203959E+01
   -0.203703E+01   -0.203448E+01   -0.203192E+01   -0.202936E+01
   -0.202681E+01   -0.202425E+01   -0.202169E+01   -0.201914E+01
   -0.201661E+01   -0.201411E+01   -0.201156E+01   -0.200902E+01
   -0.200648E+01   -0.200393E+01   -0.200139E+01   -0.199884E+01
   -0.199630E+01   -0.199375E+01   -0.199021E+01   -0.198728E+01
   -0.198435E+01   -0.198142E+01   -0.197849E+01   -0.197556E+01
   -0.197263E+01   -0.196970E+01   -0.196561E+01   -0.196005E+01
   -0.195441E+01   -0.194827E+01   -0.194424E+01   -0.194090E+01
   -0.193778E+01   -0.193466E+01   -0.193154E+01   -0.192843E+01
   -0.192453E+01   -0.192064E+01   -0.191675E+01   -0.191278E+01
   -0.190512E+01   -0.190175E+01   -0.189838E+01   -0.189501E+01
   -0.189165E+01   -0.188756E+01   -0.188348E+01   -0.187953E+01
   -0.187564E+01   -0.186959E+01   -0.186661E+01   -0.186304E+01
   -0.185898E+01   -0.185503E+01   -0.185072E+01   -0.184670E+01
   -0.184261E+01   -0.183852E+01   -0.183444E+01   -0.183068E+01
   -0.183068E+01   -0.183068E+01   -0.183068E+01   -0.183068E+01
   -0.183068E+01   -0.183066E+01   -0.183066E+01   -0.183066E+01
   -0.181864E+01   -0.181864E+01   -0.181864E+01   -0.181864E+01
   -0.181864E+01   -0.181123E+01   -0.181123E+01   -0.181123E+01
   -0.181123E+01   -0.181123E+01   -0.181123E+01   -0.181123E+01
   -0.180803E+01   -0.180803E+01   -0.180803E+01   -0.180803E+01
   -0.213322E+01   -0.213068E+01   -0.212813E+01   -0.212559E+01
   -0.212304E+01   -0.212049E+01   -0.211795E+01   -0.211540E+01
   -0.211285E+01   -0.211031E+01   -0.210776E+01   -0.210521E+01
   -0.210267E+01   -0.210012E+01   -0.209757E+01   -0.209503E+01
   -0.209248E+01   -0.208993E+01   -0.208739E+01   -0.208484E+01
   -0.208229E+01   -0.207975E+01   -0.207720E+01   -0.207465E+01
   -0.207211E+01   -0.206956E+01   -0.206701E+01   -0.206447E+01
   -0.206192E+01   -0.205937E+01   -0.205683E+01   -0.205428E+01
   -0.205173E+01   -0.204919E+01   -0.204664E+01   -0.204409E+01
   -0.204155E+01   -0.203900E+01   -0.203645E+01   -0.203391E+01
   -0.203136E+01   -0.202881E+01   -0.202627E+01   -0.202372E+01
   -0.202117E+01   -0.201864E+01   -0.201610E+01   -0.201355E+01
   -0.201101E+01   -0.200847E+01   -0.200592E+01   -0.200338E+01
   -0.200083E+01   -0.199829E+01   -0.199575E+01   -0.199282E+01
   -0.198985E+01   -0.198687E+01   -0.198389E+01   -0.198092E+01
   -0.197794E+01   -0.197496E+01   -0.197199E+01   -0.196645E+01
   -0.196022E+01   -0.195434E+01   -0.195014E+01   -0.194677E+01
   -0.194340E+01   -0.194004E+01   -0.193687E+01   -0.193376E+01
   -0.193064E+01   -0.192675E+01   -0.192285E+01   -0.191886E+01
   -0.191478E+01   -0.190821E+01   -0.190467E+01   -0.190114E+01
   -0.189761E+01   -0.189393E+01   -0.188985E+01   -0.188518E+01
   -0.188086E+01   -0.187726E+01   -0.187249E+01   -0.186901E+01
   -0.186530E+01   -0.186092E+01   -0.185708E+01   -0.185262E+01
   -0.184872E+01   -0.184486E+01   -0.184077E+01   -0.183681E+01
   -0.183068E+01   -0.183068E+01   -0.183068E+01   -0.183068E+01
   -0.183068E+01   -0.183066E+01   -0.183066E+01   -0.183066E+01
   -0.181864E+01   -0.181864E+01   -0.181864E+01   -0.181864E+01
   -0.181864E+01   -0.181864E+01   -0.181123E+01   -0.181123E+01
   -0.181123E+01   -0.181123E+01   -0.181123E+01   -0.181123E+01
   -0.180803E+01   -0.180803E+01   -0.180803E+01   -0.180803E+01
   -0.180803E+01   -0.213482E+01   -0.213229E+01   -0.212975E+01
   -0.212721E+01   -0.212468E+01   -0.212214E+01   -0.211960E+01
   -0.211707E+01   -0.211453E+01   -0.211199E+01   -0.210946E+01
   -0.210692E+01   -0.210438E+01   -0.210185E+01   -0.209931E+01
   -0.209677E+01   -0.209424E+01   -0.209170E+01   -0.208916E+01
   -0.208663E+01   -0.208409E+01   -0.208155E+01   -0.207902E+01
   -0.207648E+01   -0.207395E+01   -0.207141E+01   -0.206887E+01
   -0.206634E+01   -0.206380E+01   -0.206126E+01   -0.205872E+01
   -0.205619E+01   -0.205365E+01   -0.205112E+01   -0.204858E+01
   -0.204604E+01   -0.204351E+01   -0.204097E+01   -0.203843E+01
   -0.203590E+01   -0.203336E+01   -0.203082E+01   -0.202829E+01
   -0.202575E+01   -0.202321E+01   -0.202068E+01   -0.201814E+01
   -0.201560E+01   -0.201307E+01   -0.201053E+01   -0.200799E+01
   -0.200546E+01   -0.200292E+01   -0.200038E+01   -0.199785E+01
   -0.199508E+01   -0.199209E+01   -0.198911E+01   -0.198612E+01
   -0.198313E+01   -0.198014E+01   -0.197715E+01   -0.197396E+01
   -0.196769E+01   -0.196058E+01   -0.195629E+01   -0.195267E+01
   -0.194930E+01   -0.194593E+01   -0.194257E+01   -0.193920E+01
   -0.193597E+01   -0.193285E+01   -0.192896E+01   -0.192494E+01
   -0.192086E+01   -0.191678E+01   -0.191133E+01   -0.190758E+01
   -0.190383E+01   -0.190008E+01   -0.189624E+01   -0.189182E+01
   -0.188618E+01   -0.188223E+01   -0.187913E+01   -0.187552E+01
   -0.187160E+01   -0.186734E+01   -0.186239E+01   -0.185923E+01
   -0.185527E+01   -0.185098E+01   -0.184671E+01   -0.184300E+01
   -0.183894E+01   -0.183567E+01   -0.183567E+01   -0.183567E+01
   -0.183582E+01   -0.183066E+01   -0.183066E+01   -0.183066E+01
   -0.183066E+01   -0.181864E+01   -0.181864E+01   -0.181864E+01
   -0.181864E+01   -0.181864E+01   -0.181123E+01   -0.181123E+01
   -0.181123E+01   -0.181123E+01   -0.181123E+01   -0.181123E+01
   -0.180803E+01   -0.180803E+01   -0.180803E+01   -0.180803E+01
   -0.180803E+01   -0.180803E+01   -0.213642E+01   -0.213390E+01
   -0.213137E+01   -0.212884E+01   -0.212632E+01   -0.212379E+01
   -0.212126E+01   -0.211874E+01   -0.211621E+01   -0.211368E+01
   -0.211116E+01   -0.210863E+01   -0.210610E+01   -0.210358E+01
   -0.210105E+01   -0.209852E+01   -0.209600E+01   -0.209347E+01
   -0.209094E+01   -0.208842E+01   -0.208589E+01   -0.208336E+01
   -0.208084E+01   -0.207831E+01   -0.207578E+01   -0.207326E+01
   -0.207073E+01   -0.206820E+01   -0.206568E+01   -0.206315E+01
   -0.206062E+01   -0.205810E+01   -0.205557E+01   -0.205304E+01
   -0.205052E+01   -0.204799E+01   -0.204546E+01   -0.204294E+01
   -0.204041E+01   -0.203788E+01   -0.203536E+01   -0.203283E+01
   -0.203030E+01   -0.202778E+01   -0.202525E+01   -0.202272E+01
   -0.202020E+01   -0.201767E+01   -0.201514E+01   -0.201262E+01
   -0.201009E+01   -0.200756E+01   -0.200504E+01   -0.200251E+01
   -0.199998E+01   -0.199722E+01   -0.199424E+01   -0.199125E+01
   -0.198826E+01   -0.198527E+01   -0.198228E+01   -0.197911E+01
   -0.197584E+01   -0.197085E+01   -0.196370E+01   -0.195856E+01
   -0.195520E+01   -0.195183E+01   -0.194846E+01   -0.194510E+01
   -0.194173E+01   -0.193836E+01   -0.193506E+01   -0.193103E+01
   -0.192695E+01   -0.192287E+01   -0.191878E+01   -0.191446E+01
   -0.191049E+01   -0.190652E+01   -0.190255E+01   -0.189845E+01
   -0.189241E+01   -0.188781E+01   -0.188444E+01   -0.188127E+01
   -0.187792E+01   -0.187364E+01   -0.186885E+01   -0.186503E+01
   -0.186154E+01   -0.185717E+01   -0.185326E+01   -0.184933E+01
   -0.184471E+01   -0.184116E+01   -0.183710E+01   -0.183710E+01
   -0.183582E+01   -0.183066E+01   -0.183066E+01   -0.183066E+01
   -0.183066E+01   -0.181864E+01   -0.181864E+01   -0.181864E+01
   -0.181864E+01   -0.181864E+01   -0.181123E+01   -0.181123E+01
   -0.181123E+01   -0.181123E+01   -0.181123E+01   -0.181123E+01
   -0.180803E+01   -0.180803E+01   -0.180803E+01   -0.180803E+01
   -0.180803E+01   -0.180803E+01   -0.180803E+01   -0.213802E+01
   -0.213551E+01   -0.213299E+01   -0.213047E+01   -0.212796E+01
   -0.212544E+01   -0.212292E+01   -0.212041E+01   -0.211789E+01
   -0.211537E+01   -0.211286E+01   -0.211034E+01   -0.210782E+01
   -0.210531E+01   -0.210279E+01   -0.210027E+01   -0.209776E+01
   -0.209524E+01   -0.209272E+01   -0.209021E+01   -0.208769E+01
   -0.208517E+01   -0.208265E+01   -0.208014E+01   -0.207762E+01
   -0.207510E+01   -0.207259E+01   -0.207007E+01   -0.206755E+01
   -0.206504E+01   -0.206252E+01   -0.206000E+01   -0.205749E+01
   -0.205497E+01   -0.205245E+01   -0.204994E+01   -0.204742E+01
   -0.204490E+01   -0.204239E+01   -0.203987E+01   -0.203735E+01
   -0.203484E+01   -0.203232E+01   -0.202980E+01   -0.202729E+01
   -0.202477E+01   -0.202225E+01   -0.201974E+01   -0.201722E+01
   -0.201470E+01   -0.201219E+01   -0.200967E+01   -0.200715E+01
   -0.200464E+01   -0.200212E+01   -0.199937E+01   -0.199638E+01
   -0.199339E+01   -0.199040E+01   -0.198741E+01   -0.198425E+01
   -0.198098E+01   -0.197771E+01   -0.197395E+01   -0.196680E+01
   -0.196150E+01   -0.195805E+01   -0.195460E+01   -0.195115E+01
   -0.194770E+01   -0.194424E+01   -0.194079E+01   -0.193734E+01
   -0.193326E+01   -0.192918E+01   -0.192510E+01   -0.192102E+01
   -0.191591E+01   -0.191190E+01   -0.190788E+01   -0.190386E+01
   -0.190074E+01   -0.189386E+01   -0.189037E+01   -0.188700E+01
   -0.188364E+01   -0.188016E+01   -0.187608E+01   -0.187199E+01
   -0.186785E+01   -0.186392E+01   -0.185856E+01   -0.185507E+01
   -0.185160E+01   -0.184752E+01   -0.184350E+01   -0.183943E+01
   -0.183582E+01   -0.183582E+01   -0.183066E+01   -0.183066E+01
   -0.183066E+01   -0.182777E+01   -0.181864E+01   -0.181864E+01
   -0.181864E+01   -0.181864E+01   -0.181864E+01   -0.181123E+01
   -0.181123E+01   -0.181123E+01   -0.181123E+01   -0.181123E+01
   -0.180803E+01   -0.180803E+01   -0.180803E+01   -0.180803E+01
   -0.180803E+01   -0.180803E+01   -0.180803E+01   -0.180803E+01
   -0.213962E+01   -0.213712E+01   -0.213461E+01   -0.213210E+01
   -0.212960E+01   -0.212709E+01   -0.212458E+01   -0.212208E+01
   -0.211957E+01   -0.211706E+01   -0.211456E+01   -0.211205E+01
   -0.210954E+01   -0.210703E+01   -0.210453E+01   -0.210202E+01
   -0.209951E+01   -0.209701E+01   -0.209450E+01   -0.209199E+01
   -0.208949E+01   -0.208698E+01   -0.208447E+01   -0.208197E+01
   -0.207946E+01   -0.207695E+01   -0.207445E+01   -0.207194E+01
   -0.206943E+01   -0.206693E+01   -0.206442E+01   -0.206191E+01
   -0.205941E+01   -0.205690E+01   -0.205439E+01   -0.205188E+01
   -0.204938E+01   -0.204687E+01   -0.204436E+01   -0.204186E+01
   -0.203935E+01   -0.203684E+01   -0.203434E+01   -0.203183E+01
   -0.202932E+01   -0.202682E+01   -0.202431E+01   -0.202180E+01
   -0.201930E+01   -0.201679E+01   -0.201428E+01   -0.201178E+01
   -0.200927E+01   -0.200676E+01   -0.200426E+01   -0.200151E+01
   -0.199852E+01   -0.199553E+01   -0.199254E+01   -0.198940E+01
   -0.198613E+01   -0.198286E+01   -0.197959E+01   -0.197632E+01
   -0.196991E+01   -0.196455E+01   -0.196099E+01   -0.195743E+01
   -0.195387E+01   -0.195031E+01   -0.194676E+01   -0.194320E+01
   -0.193964E+01   -0.193555E+01   -0.193147E+01   -0.192739E+01
   -0.192253E+01   -0.191690E+01   -0.191289E+01   -0.190887E+01
   -0.190571E+01   -0.190261E+01   -0.189676E+01   -0.189321E+01
   -0.188967E+01   -0.188613E+01   -0.188245E+01   -0.187837E+01
   -0.187364E+01   -0.186991E+01   -0.186555E+01   -0.186109E+01
   -0.185758E+01   -0.185352E+01   -0.184947E+01   -0.184567E+01
   -0.184128E+01   -0.183738E+01   -0.183330E+01   -0.183066E+01
   -0.183066E+01   -0.182777E+01   -0.182271E+01   -0.181864E+01
   -0.181864E+01   -0.181864E+01   -0.181864E+01   -0.181123E+01
   -0.181123E+01   -0.181123E+01   -0.181123E+01   -0.181123E+01
   -0.180803E+01   -0.180803E+01   -0.180803E+01   -0.180803E+01
   -0.180803E+01   -0.180803E+01   -0.180803E+01   -0.180803E+01
   -0.180803E+01   -0.214122E+01   -0.213873E+01   -0.213623E+01
   -0.213373E+01   -0.213124E+01   -0.212874E+01   -0.212624E+01
   -0.212374E+01   -0.212125E+01   -0.211875E+01   -0.211625E+01
   -0.211376E+01   -0.211126E+01   -0.210876E+01   -0.210627E+01
   -0.210377E+01   -0.210127E+01   -0.209878E+01   -0.209628E+01
   -0.209378E+01   -0.209129E+01   -0.208879E+01   -0.208629E+01
   -0.208380E+01   -0.208130E+01   -0.207880E+01   -0.207630E+01
   -0.207381E+01   -0.207131E+01   -0.206881E+01   -0.206632E+01
   -0.206382E+01   -0.206132E+01   -0.205883E+01   -0.205633E+01
   -0.205383E+01   -0.205134E+01   -0.204884E+01   -0.204634E+01
   -0.204384E+01   -0.204135E+01   -0.203885E+01   -0.203635E+01
   -0.203386E+01   -0.203136E+01   -0.202886E+01   -0.202637E+01
   -0.202387E+01   -0.202137E+01   -0.201888E+01   -0.201638E+01
   -0.201388E+01   -0.201139E+01   -0.200889E+01   -0.200639E+01
   -0.200365E+01   -0.200066E+01   -0.199767E+01   -0.199454E+01
   -0.199127E+01   -0.198800E+01   -0.198473E+01   -0.198146E+01
   -0.197820E+01   -0.197301E+01   -0.196761E+01   -0.196394E+01
   -0.196027E+01   -0.195660E+01   -0.195293E+01   -0.194927E+01
   -0.194560E+01   -0.194193E+01   -0.193785E+01   -0.193377E+01
   -0.192914E+01   -0.192352E+01   -0.191789E+01   -0.191387E+01
   -0.191068E+01   -0.190757E+01   -0.190447E+01   -0.189989E+01
   -0.189613E+01   -0.189237E+01   -0.188861E+01   -0.188477E+01
   -0.188027E+01   -0.187464E+01   -0.187091E+01   -0.186781E+01
   -0.186412E+01   -0.186018E+01   -0.185568E+01   -0.185076E+01
   -0.184788E+01   -0.184277E+01   -0.183913E+01   -0.183529E+01
   -0.183060E+01   -0.182777E+01   -0.182777E+01   -0.182271E+01
   -0.181864E+01   -0.181864E+01   -0.181864E+01   -0.181123E+01
   -0.181123E+01   -0.181123E+01   -0.181123E+01   -0.181123E+01
   -0.180803E+01   -0.180803E+01   -0.180803E+01   -0.180803E+01
   -0.180803E+01   -0.180803E+01   -0.180803E+01   -0.180803E+01
   -0.180803E+01   -0.180803E+01   -0.214282E+01   -0.214034E+01
   -0.213785E+01   -0.213536E+01   -0.213288E+01   -0.213039E+01
   -0.212790E+01   -0.212541E+01   -0.212293E+01   -0.212044E+01
   -0.211795E+01   -0.211547E+01   -0.211298E+01   -0.211049E+01
   -0.210801E+01   -0.210552E+01   -0.210303E+01   -0.210054E+01
   -0.209806E+01   -0.209557E+01   -0.209308E+01   -0.209060E+01
   -0.208811E+01   -0.208562E+01   -0.208314E+01   -0.208065E+01
   -0.207816E+01   -0.207568E+01   -0.207319E+01   -0.207070E+01
   -0.206821E+01   -0.206573E+01   -0.206324E+01   -0.206075E+01
   -0.205827E+01   -0.205578E+01   -0.205329E+01   -0.205081E+01
   -0.204832E+01   -0.204583E+01   -0.204335E+01   -0.204086E+01
   -0.203837E+01   -0.203588E+01   -0.203340E+01   -0.203091E+01
   -0.202842E+01   -0.202594E+01   -0.202345E+01   -0.202096E+01
   -0.201848E+01   -0.201599E+01   -0.201350E+01   -0.201102E+01
   -0.200853E+01   -0.200579E+01   -0.200280E+01   -0.199968E+01
   -0.199641E+01   -0.199315E+01   -0.198988E+01   -0.198661E+01
   -0.198334E+01   -0.198007E+01   -0.197612E+01   -0.197066E+01
   -0.196688E+01   -0.196310E+01   -0.195933E+01   -0.195555E+01
   -0.195178E+01   -0.194800E+01   -0.194422E+01   -0.194014E+01
   -0.193576E+01   -0.193013E+01   -0.192451E+01   -0.191888E+01
   -0.191564E+01   -0.191253E+01   -0.190943E+01   -0.190633E+01
   -0.190302E+01   -0.189904E+01   -0.189506E+01   -0.189108E+01
   -0.188690E+01   -0.188079E+01   -0.187638E+01   -0.187301E+01
   -0.186983E+01   -0.186650E+01   -0.186248E+01   -0.185842E+01
   -0.185439E+01   -0.185031E+01   -0.184623E+01   -0.184216E+01
   -0.183808E+01   -0.183401E+01   -0.183010E+01   -0.182629E+01
   -0.182271E+01   -0.181864E+01   -0.181864E+01   -0.181864E+01
   -0.181123E+01   -0.181123E+01   -0.181123E+01   -0.181123E+01
   -0.180803E+01   -0.180803E+01   -0.180803E+01   -0.180803E+01
   -0.180803E+01   -0.180803E+01   -0.180803E+01   -0.180803E+01
   -0.180803E+01   -0.180803E+01   -0.180803E+01   -0.214442E+01
   -0.214195E+01   -0.213947E+01   -0.213699E+01   -0.213451E+01
   -0.213204E+01   -0.212956E+01   -0.212708E+01   -0.212461E+01
   -0.212213E+01   -0.211965E+01   -0.211718E+01   -0.211470E+01
   -0.211222E+01   -0.210974E+01   -0.210727E+01   -0.210479E+01
   -0.210231E+01   -0.209984E+01   -0.209736E+01   -0.209488E+01
   -0.209241E+01   -0.208993E+01   -0.208745E+01   -0.208497E+01
   -0.208250E+01   -0.208002E+01   -0.207754E+01   -0.207507E+01
   -0.207259E+01   -0.207011E+01   -0.206764E+01   -0.206516E+01
   -0.206268E+01   -0.206021E+01   -0.205773E+01   -0.205525E+01
   -0.205277E+01   -0.205030E+01   -0.204782E+01   -0.204534E+01
   -0.204287E+01   -0.204039E+01   -0.203791E+01   -0.203544E+01
   -0.203296E+01   -0.203048E+01   -0.202800E+01   -0.202553E+01
   -0.202305E+01   -0.202057E+01   -0.201810E+01   -0.201562E+01
   -0.201314E+01   -0.201067E+01   -0.200793E+01   -0.200483E+01
   -0.200156E+01   -0.199829E+01   -0.199502E+01   -0.199175E+01
   -0.198848E+01   -0.198521E+01   -0.198195E+01   -0.197868E+01
   -0.197371E+01   -0.196982E+01   -0.196594E+01   -0.196206E+01
   -0.195817E+01   -0.195429E+01   -0.195040E+01   -0.194652E+01
   -0.194237E+01   -0.193675E+01   -0.193104E+01   -0.192496E+01
   -0.192118E+01   -0.191782E+01   -0.191470E+01   -0.191160E+01
   -0.190850E+01   -0.190539E+01   -0.190138E+01   -0.189736E+01
   -0.189335E+01   -0.188928E+01   -0.188240E+01   -0.187895E+01
   -0.187559E+01   -0.187222E+01   -0.186874E+01   -0.186467E+01
   -0.186059E+01   -0.185653E+01   -0.185245E+01   -0.184838E+01
   -0.184431E+01   -0.184023E+01   -0.183616E+01   -0.183209E+01
   -0.182815E+01   -0.182427E+01   -0.182013E+01   -0.182013E+01
   -0.181419E+01   -0.181123E+01   -0.181123E+01   -0.181123E+01
   -0.180803E+01   -0.180803E+01   -0.180803E+01   -0.180803E+01
   -0.180803E+01   -0.180803E+01   -0.180803E+01   -0.180803E+01
   -0.180803E+01   -0.180803E+01   -0.180803E+01   -0.180803E+01
   -0.214602E+01   -0.214355E+01   -0.214109E+01   -0.213862E+01
   -0.213615E+01   -0.213369E+01   -0.213122E+01   -0.212875E+01
   -0.212629E+01   -0.212382E+01   -0.212135E+01   -0.211888E+01
   -0.211642E+01   -0.211395E+01   -0.211148E+01   -0.210902E+01
   -0.210655E+01   -0.210408E+01   -0.210162E+01   -0.209915E+01
   -0.209668E+01   -0.209421E+01   -0.209175E+01   -0.208928E+01
   -0.208681E+01   -0.208435E+01   -0.208188E+01   -0.207941E+01
   -0.207694E+01   -0.207448E+01   -0.207201E+01   -0.206954E+01
   -0.206708E+01   -0.206461E+01   -0.206214E+01   -0.205968E+01
   -0.205721E+01   -0.205474E+01   -0.205227E+01   -0.204981E+01
   -0.204734E+01   -0.204487E+01   -0.204241E+01   -0.203994E+01
   -0.203747E+01   -0.203501E+01   -0.203254E+01   -0.203007E+01
   -0.202760E+01   -0.202514E+01   -0.202267E+01   -0.202020E+01
   -0.201774E+01   -0.201527E+01   -0.201280E+01   -0.200997E+01
   -0.200670E+01   -0.200343E+01   -0.200016E+01   -0.199689E+01
   -0.199363E+01   -0.199036E+01   -0.198709E+01   -0.198382E+01
   -0.198055E+01   -0.197676E+01   -0.197277E+01   -0.196878E+01
   -0.196478E+01   -0.196079E+01   -0.195680E+01   -0.195281E+01
   -0.194881E+01   -0.194297E+01   -0.193676E+01   -0.193120E+01
   -0.192709E+01   -0.192373E+01   -0.192038E+01   -0.191702E+01
   -0.191383E+01   -0.191072E+01   -0.190762E+01   -0.190361E+01
   -0.189959E+01   -0.189552E+01   -0.189146E+01   -0.188537E+01
   -0.188182E+01   -0.187827E+01   -0.187472E+01   -0.187104E+01
   -0.186697E+01   -0.186216E+01   -0.185802E+01   -0.185437E+01
   -0.185062E+01   -0.184654E+01   -0.184247E+01   -0.183840E+01
   -0.183433E+01   -0.183031E+01   -0.182642E+01   -0.182235E+01
   -0.181756E+01   -0.181419E+01   -0.181123E+01   -0.181123E+01
   -0.180803E+01   -0.180803E+01   -0.180803E+01   -0.180803E+01
   -0.180803E+01   -0.180803E+01   -0.180803E+01   -0.180803E+01
   -0.180803E+01   -0.180803E+01   -0.180803E+01   -0.180803E+01
   -0.180803E+01   -0.214762E+01   -0.214516E+01   -0.214271E+01
   -0.214025E+01   -0.213779E+01   -0.213534E+01   -0.213288E+01
   -0.213042E+01   -0.212796E+01   -0.212551E+01   -0.212305E+01
   -0.212059E+01   -0.211814E+01   -0.211568E+01   -0.211322E+01
   -0.211077E+01   -0.210831E+01   -0.210585E+01   -0.210339E+01
   -0.210094E+01   -0.209848E+01   -0.209602E+01   -0.209357E+01
   -0.209111E+01   -0.208865E+01   -0.208619E+01   -0.208374E+01
   -0.208128E+01   -0.207882E+01   -0.207637E+01   -0.207391E+01
   -0.207145E+01   -0.206899E+01   -0.206654E+01   -0.206408E+01
   -0.206162E+01   -0.205917E+01   -0.205671E+01   -0.205425E+01
   -0.205180E+01   -0.204934E+01   -0.204688E+01   -0.204442E+01
   -0.204197E+01   -0.203951E+01   -0.203705E+01   -0.203460E+01
   -0.203214E+01   -0.202968E+01   -0.202722E+01   -0.202477E+01
   -0.202231E+01   -0.201985E+01   -0.201740E+01   -0.201494E+01
   -0.201208E+01   -0.200882E+01   -0.200555E+01   -0.200229E+01
   -0.199902E+01   -0.199576E+01   -0.199250E+01   -0.198923E+01
   -0.198597E+01   -0.198271E+01   -0.197907E+01   -0.197506E+01
   -0.197106E+01   -0.196705E+01   -0.196305E+01   -0.195904E+01
   -0.195503E+01   -0.195168E+01   -0.194458E+01   -0.193744E+01
   -0.193318E+01   -0.192964E+01   -0.192629E+01   -0.192293E+01
   -0.191957E+01   -0.191621E+01   -0.191295E+01   -0.190985E+01
   -0.190584E+01   -0.190177E+01   -0.189770E+01   -0.189363E+01
   -0.188851E+01   -0.188474E+01   -0.188097E+01   -0.187720E+01
   -0.187336E+01   -0.186879E+01   -0.186317E+01   -0.185940E+01
   -0.185625E+01   -0.185287E+01   -0.184880E+01   -0.184473E+01
   -0.184066E+01   -0.183659E+01   -0.183254E+01   -0.182847E+01
   -0.182440E+01   -0.182030E+01   -0.181635E+01   -0.181093E+01
   -0.180803E+01   -0.180803E+01   -0.180803E+01   -0.180803E+01
   -0.180803E+01   -0.180803E+01   -0.180803E+01   -0.180803E+01
   -0.180803E+01   -0.180803E+01   -0.180803E+01   -0.180803E+01
   -0.180803E+01   -0.180803E+01   -0.214922E+01   -0.214677E+01
   -0.214433E+01   -0.214188E+01   -0.213943E+01   -0.213699E+01
   -0.213454E+01   -0.213209E+01   -0.212964E+01   -0.212720E+01
   -0.212475E+01   -0.212230E+01   -0.211986E+01   -0.211741E+01
   -0.211496E+01   -0.211251E+01   -0.211007E+01   -0.210762E+01
   -0.210517E+01   -0.210273E+01   -0.210028E+01   -0.209783E+01
   -0.209538E+01   -0.209294E+01   -0.209049E+01   -0.208804E+01
   -0.208560E+01   -0.208315E+01   -0.208070E+01   -0.207825E+01
   -0.207581E+01   -0.207336E+01   -0.207091E+01   -0.206847E+01
   -0.206602E+01   -0.206357E+01   -0.206112E+01   -0.205868E+01
   -0.205623E+01   -0.205378E+01   -0.205134E+01   -0.204889E+01
   -0.204644E+01   -0.204399E+01   -0.204155E+01   -0.203910E+01
   -0.203665E+01   -0.203421E+01   -0.203176E+01   -0.202931E+01
   -0.202686E+01   -0.202442E+01   -0.202197E+01   -0.201952E+01
   -0.201708E+01   -0.201422E+01   -0.201097E+01   -0.200771E+01
   -0.200445E+01   -0.200119E+01   -0.199793E+01   -0.199468E+01
   -0.199142E+01   -0.198816E+01   -0.198490E+01   -0.198127E+01
   -0.197726E+01   -0.197326E+01   -0.196925E+01   -0.196525E+01
   -0.196124E+01   -0.195785E+01   -0.195463E+01   -0.194606E+01
   -0.194025E+01   -0.193555E+01   -0.193220E+01   -0.192884E+01
   -0.192548E+01   -0.192212E+01   -0.191876E+01   -0.191540E+01
   -0.191208E+01   -0.190801E+01   -0.190395E+01   -0.189988E+01
   -0.189581E+01   -0.189164E+01   -0.188766E+01   -0.188367E+01
   -0.187968E+01   -0.187542E+01   -0.186923E+01   -0.186501E+01
   -0.186165E+01   -0.185846E+01   -0.185512E+01   -0.185105E+01
   -0.184698E+01   -0.184291E+01   -0.183885E+01   -0.183478E+01
   -0.183071E+01   -0.182664E+01   -0.182272E+01   -0.181874E+01
   -0.181314E+01   -0.181036E+01   -0.181036E+01   -0.181036E+01
   -0.181036E+01   -0.181036E+01   -0.181036E+01   -0.181036E+01
   -0.181036E+01   -0.181036E+01   -0.181036E+01   -0.181036E+01
   -0.181036E+01   -0.181036E+01   -0.181036E+01   -0.215082E+01
   -0.214838E+01   -0.214595E+01   -0.214351E+01   -0.214107E+01
   -0.213863E+01   -0.213620E+01   -0.213376E+01   -0.213132E+01
   -0.212889E+01   -0.212645E+01   -0.212401E+01   -0.212157E+01
   -0.211914E+01   -0.211670E+01   -0.211426E+01   -0.211183E+01
   -0.210939E+01   -0.210695E+01   -0.210451E+01   -0.210208E+01
   -0.209964E+01   -0.209720E+01   -0.209477E+01   -0.209233E+01
   -0.208989E+01   -0.208745E+01   -0.208502E+01   -0.208258E+01
   -0.208014E+01   -0.207770E+01   -0.207527E+01   -0.207283E+01
   -0.207039E+01   -0.206796E+01   -0.206552E+01   -0.206308E+01
   -0.206064E+01   -0.205821E+01   -0.205577E+01   -0.205333E+01
   -0.205090E+01   -0.204846E+01   -0.204602E+01   -0.204358E+01
   -0.204115E+01   -0.203871E+01   -0.203627E+01   -0.203384E+01
   -0.203140E+01   -0.202896E+01   -0.202652E+01   -0.202409E+01
   -0.202165E+01   -0.201921E+01   -0.201637E+01   -0.201312E+01
   -0.200986E+01   -0.200661E+01   -0.200336E+01   -0.200011E+01
   -0.199686E+01   -0.199360E+01   -0.199035E+01   -0.198710E+01
   -0.198347E+01   -0.197946E+01   -0.197546E+01   -0.197145E+01
   -0.196745E+01   -0.196401E+01   -0.196079E+01   -0.195757E+01
   -0.194844E+01   -0.194173E+01   -0.193719E+01   -0.193392E+01
   -0.193065E+01   -0.192738E+01   -0.192411E+01   -0.192084E+01
   -0.191757E+01   -0.191431E+01   -0.191024E+01   -0.190617E+01
   -0.190211E+01   -0.189804E+01   -0.189397E+01   -0.188996E+01
   -0.188595E+01   -0.188203E+01   -0.187738E+01   -0.187101E+01
   -0.186760E+01   -0.186424E+01   -0.186088E+01   -0.185737E+01
   -0.185330E+01   -0.184924E+01   -0.184517E+01   -0.184110E+01
   -0.183704E+01   -0.183297E+01   -0.182890E+01   -0.182498E+01
   -0.182111E+01   -0.181662E+01   -0.181036E+01   -0.181036E+01
   -0.181036E+01   -0.181036E+01   -0.181036E+01   -0.181036E+01
   -0.181036E+01   -0.181036E+01   -0.181036E+01   -0.181036E+01
   -0.181036E+01   -0.181036E+01   -0.181036E+01   -0.180818E+01
   -0.215242E+01   -0.214999E+01   -0.214757E+01   -0.214514E+01
   -0.214271E+01   -0.214028E+01   -0.213786E+01   -0.213543E+01
   -0.213300E+01   -0.213057E+01   -0.212815E+01   -0.212572E+01
   -0.212329E+01   -0.212087E+01   -0.211844E+01   -0.211601E+01
   -0.211358E+01   -0.211116E+01   -0.210873E+01   -0.210630E+01
   -0.210388E+01   -0.210145E+01   -0.209902E+01   -0.209659E+01
   -0.209417E+01   -0.209174E+01   -0.208931E+01   -0.208688E+01
   -0.208446E+01   -0.208203E+01   -0.207960E+01   -0.207718E+01
   -0.207475E+01   -0.207232E+01   -0.206989E+01   -0.206747E+01
   -0.206504E+01   -0.206261E+01   -0.206018E+01   -0.205776E+01
   -0.205533E+01   -0.205290E+01   -0.205048E+01   -0.204805E+01
   -0.204562E+01   -0.204319E+01   -0.204077E+01   -0.203834E+01
   -0.203591E+01   -0.203349E+01   -0.203106E+01   -0.202863E+01
   -0.202620E+01   -0.202378E+01   -0.202135E+01   -0.201851E+01
   -0.201527E+01   -0.201202E+01   -0.200877E+01   -0.200553E+01
   -0.200228E+01   -0.199904E+01   -0.199579E+01   -0.199254E+01
   -0.198930E+01   -0.198567E+01   -0.198166E+01   -0.197766E+01
   -0.197365E+01   -0.197018E+01   -0.196696E+01   -0.196374E+01
   -0.196052E+01   -0.195169E+01   -0.194321E+01   -0.193872E+01
   -0.193555E+01   -0.193238E+01   -0.192921E+01   -0.192604E+01
   -0.192287E+01   -0.191970E+01   -0.191653E+01   -0.191247E+01
   -0.190840E+01   -0.190434E+01   -0.190027E+01   -0.189621E+01
   -0.189220E+01   -0.188824E+01   -0.188502E+01   -0.188043E+01
   -0.187255E+01   -0.186937E+01   -0.186620E+01   -0.186302E+01
   -0.185962E+01   -0.185556E+01   -0.185149E+01   -0.184743E+01
   -0.184336E+01   -0.183930E+01   -0.183523E+01   -0.183117E+01
   -0.182725E+01   -0.182338E+01   -0.181662E+01   -0.181662E+01
   -0.181036E+01   -0.181036E+01   -0.181036E+01   -0.181036E+01
   -0.181036E+01   -0.181036E+01   -0.181036E+01   -0.181036E+01
   -0.181036E+01   -0.181036E+01   -0.181036E+01   -0.180818E+01
   -0.180818E+01   -0.215402E+01   -0.215160E+01   -0.214919E+01
   -0.214677E+01   -0.214435E+01   -0.214193E+01   -0.213952E+01
   -0.213710E+01   -0.213468E+01   -0.213226E+01   -0.212985E+01
   -0.212743E+01   -0.212501E+01   -0.212260E+01   -0.212018E+01
   -0.211776E+01   -0.211534E+01   -0.211293E+01   -0.211051E+01
   -0.210809E+01   -0.210567E+01   -0.210326E+01   -0.210084E+01
   -0.209842E+01   -0.209600E+01   -0.209359E+01   -0.209117E+01
   -0.208875E+01   -0.208634E+01   -0.208392E+01   -0.208150E+01
   -0.207908E+01   -0.207667E+01   -0.207425E+01   -0.207183E+01
   -0.206941E+01   -0.206700E+01   -0.206458E+01   -0.206216E+01
   -0.205975E+01   -0.205733E+01   -0.205491E+01   -0.205249E+01
   -0.205008E+01   -0.204766E+01   -0.204524E+01   -0.204282E+01
   -0.204041E+01   -0.203799E+01   -0.203557E+01   -0.203315E+01
   -0.203074E+01   -0.202832E+01   -0.202590E+01   -0.202349E+01
   -0.202066E+01   -0.201742E+01   -0.201418E+01   -0.201094E+01
   -0.200770E+01   -0.200445E+01   -0.200121E+01   -0.199797E+01
   -0.199473E+01   -0.199149E+01   -0.198787E+01   -0.198386E+01
   -0.197986E+01   -0.197635E+01   -0.197313E+01   -0.196991E+01
   -0.196669E+01   -0.196347E+01   -0.195477E+01   -0.194494E+01
   -0.194025E+01   -0.193718E+01   -0.193411E+01   -0.193104E+01
   -0.192797E+01   -0.192490E+01   -0.192183E+01   -0.191876E+01
   -0.191470E+01   -0.191064E+01   -0.190657E+01   -0.190251E+01
   -0.189845E+01   -0.189444E+01   -0.189123E+01   -0.188801E+01
   -0.188342E+01   -0.187405E+01   -0.187107E+01   -0.186810E+01
   -0.186512E+01   -0.186188E+01   -0.185781E+01   -0.185375E+01
   -0.184969E+01   -0.184562E+01   -0.184156E+01   -0.183749E+01
   -0.183343E+01   -0.182951E+01   -0.182564E+01   -0.182564E+01
   -0.182564E+01   -0.181662E+01   -0.181036E+01   -0.181036E+01
   -0.181036E+01   -0.181036E+01   -0.181036E+01   -0.181036E+01
   -0.181036E+01   -0.181036E+01   -0.180818E+01   -0.180818E+01
   -0.180818E+01   -0.180818E+01   -0.215562E+01   -0.215321E+01
   -0.215080E+01   -0.214840E+01   -0.214599E+01   -0.214358E+01
   -0.214118E+01   -0.213877E+01   -0.213636E+01   -0.213395E+01
   -0.213155E+01   -0.212914E+01   -0.212673E+01   -0.212432E+01
   -0.212192E+01   -0.211951E+01   -0.211710E+01   -0.211469E+01
   -0.211229E+01   -0.210988E+01   -0.210747E+01   -0.210506E+01
   -0.210266E+01   -0.210025E+01   -0.209784E+01   -0.209544E+01
   -0.209303E+01   -0.209062E+01   -0.208821E+01   -0.208581E+01
   -0.208340E+01   -0.208099E+01   -0.207858E+01   -0.207618E+01
   -0.207377E+01   -0.207136E+01   -0.206895E+01   -0.206655E+01
   -0.206414E+01   -0.206173E+01   -0.205933E+01   -0.205692E+01
   -0.205451E+01   -0.205210E+01   -0.204970E+01   -0.204729E+01
   -0.204488E+01   -0.204247E+01   -0.204007E+01   -0.203766E+01
   -0.203525E+01   -0.203284E+01   -0.203044E+01   -0.202803E+01
   -0.202562E+01   -0.202280E+01   -0.201957E+01   -0.201633E+01
   -0.201310E+01   -0.200986E+01   -0.200663E+01   -0.200339E+01
   -0.200016E+01   -0.199692E+01   -0.199369E+01   -0.199007E+01
   -0.198606E+01   -0.198252E+01   -0.197930E+01   -0.197608E+01
   -0.197286E+01   -0.196964E+01   -0.196642E+01   -0.195772E+01
   -0.194819E+01   -0.194178E+01   -0.193881E+01   -0.193584E+01
   -0.193287E+01   -0.192990E+01   -0.192693E+01   -0.192396E+01
   -0.192099E+01   -0.191693E+01   -0.191287E+01   -0.190881E+01
   -0.190475E+01   -0.190068E+01   -0.189744E+01   -0.189422E+01
   -0.189100E+01   -0.188661E+01   -0.187929E+01   -0.187415E+01
   -0.187119E+01   -0.186790E+01   -0.186413E+01   -0.186007E+01
   -0.185600E+01   -0.185194E+01   -0.184788E+01   -0.184382E+01
   -0.183975E+01   -0.183561E+01   -0.183168E+01   -0.182781E+01
   -0.182781E+01   -0.182572E+01   -0.182572E+01   -0.182572E+01
   -0.182572E+01   -0.182572E+01   -0.182572E+01   -0.182572E+01
   -0.181036E+01   -0.181036E+01   -0.180818E+01   -0.180818E+01
   -0.180818E+01   -0.180818E+01   -0.180818E+01   -0.215722E+01
   -0.215482E+01   -0.215242E+01   -0.215003E+01   -0.214763E+01
   -0.214523E+01   -0.214283E+01   -0.214044E+01   -0.213804E+01
   -0.213564E+01   -0.213324E+01   -0.213085E+01   -0.212845E+01
   -0.212605E+01   -0.212366E+01   -0.212126E+01   -0.211886E+01
   -0.211646E+01   -0.211407E+01   -0.211167E+01   -0.210927E+01
   -0.210687E+01   -0.210448E+01   -0.210208E+01   -0.209968E+01
   -0.209728E+01   -0.209489E+01   -0.209249E+01   -0.209009E+01
   -0.208769E+01   -0.208530E+01   -0.208290E+01   -0.208050E+01
   -0.207810E+01   -0.207571E+01   -0.207331E+01   -0.207091E+01
   -0.206851E+01   -0.206612E+01   -0.206372E+01   -0.206132E+01
   -0.205893E+01   -0.205653E+01   -0.205413E+01   -0.205173E+01
   -0.204934E+01   -0.204694E+01   -0.204454E+01   -0.204214E+01
   -0.203975E+01   -0.203735E+01   -0.203495E+01   -0.203255E+01
   -0.203016E+01   -0.202776E+01   -0.202495E+01   -0.202172E+01
   -0.201849E+01   -0.201526E+01   -0.201203E+01   -0.200880E+01
   -0.200557E+01   -0.200234E+01   -0.199912E+01   -0.199589E+01
   -0.199227E+01   -0.198869E+01   -0.198547E+01   -0.198225E+01
   -0.197903E+01   -0.197581E+01   -0.197259E+01   -0.196937E+01
   -0.196067E+01   -0.195180E+01   -0.194523E+01   -0.194124E+01
   -0.193805E+01   -0.193508E+01   -0.193212E+01   -0.192915E+01
   -0.192619E+01   -0.192322E+01   -0.191834E+01   -0.191377E+01
   -0.190971E+01   -0.190565E+01   -0.190158E+01   -0.189845E+01
   -0.189532E+01   -0.189218E+01   -0.188882E+01   -0.188395E+01
   -0.187805E+01   -0.187383E+01   -0.187015E+01   -0.186638E+01
   -0.186232E+01   -0.185826E+01   -0.185420E+01   -0.185014E+01
   -0.184606E+01   -0.184284E+01   -0.183894E+01   -0.183381E+01
   -0.183110E+01   -0.182572E+01   -0.182572E+01   -0.182572E+01
   -0.182572E+01   -0.182572E+01   -0.182572E+01   -0.182572E+01
   -0.182572E+01   -0.182572E+01   -0.180818E+01   -0.180818E+01
   -0.180818E+01   -0.180818E+01   -0.180818E+01   -0.180818E+01
   -0.215882E+01   -0.215643E+01   -0.215404E+01   -0.215166E+01
   -0.214927E+01   -0.214688E+01   -0.214449E+01   -0.214211E+01
   -0.213972E+01   -0.213733E+01   -0.213494E+01   -0.213256E+01
   -0.213017E+01   -0.212778E+01   -0.212539E+01   -0.212301E+01
   -0.212062E+01   -0.211823E+01   -0.211584E+01   -0.211346E+01
   -0.211107E+01   -0.210868E+01   -0.210629E+01   -0.210391E+01
   -0.210152E+01   -0.209913E+01   -0.209674E+01   -0.209436E+01
   -0.209197E+01   -0.208958E+01   -0.208719E+01   -0.208481E+01
   -0.208242E+01   -0.208003E+01   -0.207765E+01   -0.207526E+01
   -0.207287E+01   -0.207048E+01   -0.206809E+01   -0.206571E+01
   -0.206332E+01   -0.206093E+01   -0.205855E+01   -0.205616E+01
   -0.205377E+01   -0.205138E+01   -0.204900E+01   -0.204661E+01
   -0.204422E+01   -0.204183E+01   -0.203945E+01   -0.203706E+01
   -0.203467E+01   -0.203228E+01   -0.202990E+01   -0.202709E+01
   -0.202387E+01   -0.202064E+01   -0.201742E+01   -0.201420E+01
   -0.201098E+01   -0.200775E+01   -0.200453E+01   -0.200131E+01
   -0.199808E+01   -0.199485E+01   -0.199163E+01   -0.198841E+01
   -0.198519E+01   -0.198197E+01   -0.197875E+01   -0.197553E+01
   -0.197231E+01   -0.196493E+01   -0.195759E+01   -0.195064E+01
   -0.194481E+01   -0.194114E+01   -0.193747E+01   -0.193434E+01
   -0.193138E+01   -0.192841E+01   -0.192545E+01   -0.192057E+01
   -0.191569E+01   -0.191081E+01   -0.190649E+01   -0.190243E+01
   -0.189938E+01   -0.189634E+01   -0.189329E+01   -0.188999E+01
   -0.188593E+01   -0.188078E+01   -0.187641E+01   -0.187254E+01
   -0.186863E+01   -0.186457E+01   -0.186043E+01   -0.185635E+01
   -0.185170E+01   -0.184723E+01   -0.184419E+01   -0.184076E+01
   -0.183619E+01   -0.183259E+01   -0.182847E+01   -0.182847E+01
   -0.182847E+01   -0.182847E+01   -0.182847E+01   -0.182847E+01
   -0.182847E+01   -0.182847E+01   -0.181176E+01   -0.180818E+01
   -0.180818E+01   -0.180818E+01   -0.180818E+01   -0.180818E+01
   -0.180818E+01   -0.216042E+01   -0.215804E+01   -0.215566E+01
   -0.215329E+01   -0.215091E+01   -0.214853E+01   -0.214615E+01
   -0.214378E+01   -0.214140E+01   -0.213902E+01   -0.213664E+01
   -0.213427E+01   -0.213189E+01   -0.212951E+01   -0.212713E+01
   -0.212476E+01   -0.212238E+01   -0.212000E+01   -0.211762E+01
   -0.211525E+01   -0.211287E+01   -0.211049E+01   -0.210811E+01
   -0.210574E+01   -0.210336E+01   -0.210098E+01   -0.209860E+01
   -0.209623E+01   -0.209385E+01   -0.209147E+01   -0.208909E+01
   -0.208672E+01   -0.208434E+01   -0.208196E+01   -0.207958E+01
   -0.207721E+01   -0.207483E+01   -0.207245E+01   -0.207007E+01
   -0.206770E+01   -0.206532E+01   -0.206294E+01   -0.206056E+01
   -0.205819E+01   -0.205581E+01   -0.205343E+01   -0.205105E+01
   -0.204868E+01   -0.204630E+01   -0.204392E+01   -0.204154E+01
   -0.203916E+01   -0.203679E+01   -0.203441E+01   -0.203203E+01
   -0.202923E+01   -0.202601E+01   -0.202279E+01   -0.201956E+01
   -0.201634E+01   -0.201312E+01   -0.200990E+01   -0.200667E+01
   -0.200345E+01   -0.200050E+01   -0.199571E+01   -0.199254E+01
   -0.198936E+01   -0.198619E+01   -0.198301E+01   -0.197983E+01
   -0.197666E+01   -0.197348E+01   -0.196913E+01   -0.196324E+01
   -0.195664E+01   -0.194948E+01   -0.194472E+01   -0.194104E+01
   -0.193737E+01   -0.193370E+01   -0.193064E+01   -0.192768E+01
   -0.192280E+01   -0.191792E+01   -0.191304E+01   -0.190816E+01
   -0.190329E+01   -0.190032E+01   -0.189736E+01   -0.189440E+01
   -0.189117E+01   -0.188711E+01   -0.188305E+01   -0.187899E+01
   -0.187493E+01   -0.187109E+01   -0.186788E+01   -0.186385E+01
   -0.185878E+01   -0.185607E+01   -0.184950E+01   -0.184586E+01
   -0.184249E+01   -0.183847E+01   -0.183476E+01   -0.182847E+01
   -0.182847E+01   -0.182847E+01   -0.182847E+01   -0.182847E+01
   -0.182847E+01   -0.181958E+01   -0.181575E+01   -0.181176E+01
   -0.180818E+01   -0.180818E+01   -0.180818E+01   -0.180818E+01
   -0.180818E+01   -0.180818E+01   -0.216202E+01   -0.215965E+01
   -0.215728E+01   -0.215492E+01   -0.215255E+01   -0.215018E+01
   -0.214781E+01   -0.214544E+01   -0.214308E+01   -0.214071E+01
   -0.213834E+01   -0.213597E+01   -0.213361E+01   -0.213124E+01
   -0.212887E+01   -0.212650E+01   -0.212414E+01   -0.212177E+01
   -0.211940E+01   -0.211703E+01   -0.211467E+01   -0.211230E+01
   -0.210993E+01   -0.210756E+01   -0.210520E+01   -0.210283E+01
   -0.210046E+01   -0.209809E+01   -0.209573E+01   -0.209336E+01
   -0.209099E+01   -0.208862E+01   -0.208626E+01   -0.208389E+01
   -0.208152E+01   -0.207915E+01   -0.207679E+01   -0.207442E+01
   -0.207205E+01   -0.206968E+01   -0.206732E+01   -0.206495E+01
   -0.206258E+01   -0.206021E+01   -0.205784E+01   -0.205548E+01
   -0.205311E+01   -0.205074E+01   -0.204837E+01   -0.204601E+01
   -0.204364E+01   -0.204127E+01   -0.203890E+01   -0.203654E+01
   -0.203417E+01   -0.203137E+01   -0.202815E+01   -0.202493E+01
   -0.202171E+01   -0.201848E+01   -0.201526E+01   -0.201204E+01
   -0.200882E+01   -0.200596E+01   -0.200310E+01   -0.199655E+01
   -0.199342E+01   -0.199029E+01   -0.198715E+01   -0.198402E+01
   -0.198089E+01   -0.197776E+01   -0.197463E+01   -0.197058E+01
   -0.196595E+01   -0.196006E+01   -0.195416E+01   -0.194827E+01
   -0.194456E+01   -0.194089E+01   -0.193722E+01   -0.193355E+01
   -0.192988E+01   -0.192667E+01   -0.192346E+01   -0.192025E+01
   -0.191610E+01   -0.190876E+01   -0.190321E+01   -0.189960E+01
   -0.189664E+01   -0.189341E+01   -0.188936E+01   -0.188530E+01
   -0.188063E+01   -0.187579E+01   -0.187199E+01   -0.186895E+01
   -0.186553E+01   -0.186099E+01   -0.185737E+01   -0.185332E+01
   -0.184869E+01   -0.184472E+01   -0.184062E+01   -0.183662E+01
   -0.183662E+01   -0.183662E+01   -0.182847E+01   -0.182847E+01
   -0.182847E+01   -0.182352E+01   -0.181958E+01   -0.181575E+01
   -0.181176E+01   -0.180818E+01   -0.180818E+01   -0.180818E+01
   -0.180818E+01   -0.180818E+01   -0.180818E+01   -0.216362E+01
   -0.216126E+01   -0.215890E+01   -0.215654E+01   -0.215419E+01
   -0.215183E+01   -0.214947E+01   -0.214711E+01   -0.214476E+01
   -0.214240E+01   -0.214004E+01   -0.213768E+01   -0.213533E+01
   -0.213297E+01   -0.213061E+01   -0.212825E+01   -0.212590E+01
   -0.212354E+01   -0.212118E+01   -0.211882E+01   -0.211646E+01
   -0.211411E+01   -0.211175E+01   -0.210939E+01   -0.210703E+01
   -0.210468E+01   -0.210232E+01   -0.209996E+01   -0.209760E+01
   -0.209525E+01   -0.209289E+01   -0.209053E+01   -0.208817E+01
   -0.208582E+01   -0.208346E+01   -0.208110E+01   -0.207874E+01
   -0.207639E+01   -0.207403E+01   -0.207167E+01   -0.206931E+01
   -0.206695E+01   -0.206460E+01   -0.206224E+01   -0.205988E+01
   -0.205752E+01   -0.205517E+01   -0.205281E+01   -0.205045E+01
   -0.204809E+01   -0.204574E+01   -0.204338E+01   -0.204102E+01
   -0.203866E+01   -0.203631E+01   -0.203352E+01   -0.203029E+01
   -0.202707E+01   -0.202385E+01   -0.202062E+01   -0.201740E+01
   -0.201429E+01   -0.201142E+01   -0.200856E+01   -0.200570E+01
   -0.199738E+01   -0.199430E+01   -0.199121E+01   -0.198812E+01
   -0.198504E+01   -0.198195E+01   -0.197886E+01   -0.197578E+01
   -0.197173E+01   -0.196768E+01   -0.196276E+01   -0.195687E+01
   -0.195098E+01   -0.194620E+01   -0.194173E+01   -0.193806E+01
   -0.193439E+01   -0.193072E+01   -0.192759E+01   -0.192447E+01
   -0.192135E+01   -0.191768E+01   -0.191241E+01   -0.190713E+01
   -0.190311E+01   -0.189943E+01   -0.189565E+01   -0.189160E+01
   -0.188755E+01   -0.188408E+01   -0.188088E+01   -0.187439E+01
   -0.187065E+01   -0.186728E+01   -0.186323E+01   -0.185917E+01
   -0.185506E+01   -0.185053E+01   -0.184666E+01   -0.184319E+01
   -0.183924E+01   -0.183924E+01   -0.183924E+01   -0.183924E+01
   -0.183924E+01   -0.182352E+01   -0.182352E+01   -0.181958E+01
   -0.181575E+01   -0.181176E+01   -0.180818E+01   -0.180818E+01
   -0.180818E+01   -0.180818E+01   -0.180818E+01   -0.180818E+01
   -0.216522E+01   -0.216287E+01   -0.216052E+01   -0.215817E+01
   -0.215583E+01   -0.215348E+01   -0.215113E+01   -0.214878E+01
   -0.214644E+01   -0.214409E+01   -0.214174E+01   -0.213939E+01
   -0.213704E+01   -0.213470E+01   -0.213235E+01   -0.213000E+01
   -0.212765E+01   -0.212531E+01   -0.212296E+01   -0.212061E+01
   -0.211826E+01   -0.211592E+01   -0.211357E+01   -0.211122E+01
   -0.210887E+01   -0.210653E+01   -0.210418E+01   -0.210183E+01
   -0.209948E+01   -0.209713E+01   -0.209479E+01   -0.209244E+01
   -0.209009E+01   -0.208774E+01   -0.208540E+01   -0.208305E+01
   -0.208070E+01   -0.207835E+01   -0.207601E+01   -0.207366E+01
   -0.207131E+01   -0.206896E+01   -0.206661E+01   -0.206427E+01
   -0.206192E+01   -0.205957E+01   -0.205722E+01   -0.205488E+01
   -0.205253E+01   -0.205018E+01   -0.204783E+01   -0.204549E+01
   -0.204314E+01   -0.204079E+01   -0.203844E+01   -0.203566E+01
   -0.203243E+01   -0.202921E+01   -0.202599E+01   -0.202277E+01
   -0.201975E+01   -0.201689E+01   -0.201403E+01   -0.201117E+01
   -0.200681E+01   -0.199822E+01   -0.199518E+01   -0.199214E+01
   -0.198909E+01   -0.198605E+01   -0.198301E+01   -0.197997E+01
   -0.197693E+01   -0.197288E+01   -0.196883E+01   -0.196478E+01
   -0.195958E+01   -0.195369E+01   -0.194891E+01   -0.194414E+01
   -0.193936E+01   -0.193523E+01   -0.193156E+01   -0.192852E+01
   -0.192548E+01   -0.192245E+01   -0.191885E+01   -0.191365E+01
   -0.190960E+01   -0.190568E+01   -0.190181E+01   -0.189790E+01
   -0.189378E+01   -0.188863E+01   -0.188507E+01   -0.188204E+01
   -0.187742E+01   -0.187336E+01   -0.186948E+01   -0.186533E+01
   -0.186068E+01   -0.185753E+01   -0.185343E+01   -0.184919E+01
   -0.184522E+01   -0.183924E+01   -0.183924E+01   -0.183924E+01
   -0.183924E+01   -0.182352E+01   -0.182352E+01   -0.182352E+01
   -0.181958E+01   -0.181575E+01   -0.181176E+01   -0.180818E+01
   -0.180818E+01   -0.180818E+01   -0.180818E+01   -0.180818E+01
   -0.180645E+01   -0.216682E+01   -0.216448E+01   -0.216214E+01
   -0.215980E+01   -0.215747E+01   -0.215513E+01   -0.215279E+01
   -0.215045E+01   -0.214811E+01   -0.214578E+01   -0.214344E+01
   -0.214110E+01   -0.213876E+01   -0.213643E+01   -0.213409E+01
   -0.213175E+01   -0.212941E+01   -0.212708E+01   -0.212474E+01
   -0.212240E+01   -0.212006E+01   -0.211772E+01   -0.211539E+01
   -0.211305E+01   -0.211071E+01   -0.210837E+01   -0.210604E+01
   -0.210370E+01   -0.210136E+01   -0.209902E+01   -0.209668E+01
   -0.209435E+01   -0.209201E+01   -0.208967E+01   -0.208733E+01
   -0.208500E+01   -0.208266E+01   -0.208032E+01   -0.207798E+01
   -0.207564E+01   -0.207331E+01   -0.207097E+01   -0.206863E+01
   -0.206629E+01   -0.206396E+01   -0.206162E+01   -0.205928E+01
   -0.205694E+01   -0.205461E+01   -0.205227E+01   -0.204993E+01
   -0.204759E+01   -0.204525E+01   -0.204292E+01   -0.204058E+01
   -0.203780E+01   -0.203458E+01   -0.203135E+01   -0.202813E+01
   -0.202521E+01   -0.202235E+01   -0.201949E+01   -0.201663E+01
   -0.201377E+01   -0.200762E+01   -0.199906E+01   -0.199606E+01
   -0.199306E+01   -0.199006E+01   -0.198707E+01   -0.198407E+01
   -0.198107E+01   -0.197807E+01   -0.197403E+01   -0.196998E+01
   -0.196593E+01   -0.196188E+01   -0.195640E+01   -0.195162E+01
   -0.194684E+01   -0.194207E+01   -0.193729E+01   -0.193253E+01
   -0.192958E+01   -0.192662E+01   -0.192367E+01   -0.192039E+01
   -0.191634E+01   -0.191229E+01   -0.190824E+01   -0.190419E+01
   -0.190027E+01   -0.189709E+01   -0.189266E+01   -0.188736E+01
   -0.188374E+01   -0.187945E+01   -0.187571E+01   -0.187180E+01
   -0.186773E+01   -0.186389E+01   -0.185963E+01   -0.185559E+01
   -0.185154E+01   -0.184749E+01   -0.184749E+01   -0.184749E+01
   -0.183924E+01   -0.183830E+01   -0.182352E+01   -0.182352E+01
   -0.182352E+01   -0.181958E+01   -0.181575E+01   -0.181176E+01
   -0.180818E+01   -0.180818E+01   -0.180818E+01   -0.180818E+01
   -0.180645E+01   -0.180645E+01   -0.216842E+01   -0.216609E+01
   -0.216376E+01   -0.216143E+01   -0.215911E+01   -0.215678E+01
   -0.215445E+01   -0.215212E+01   -0.214979E+01   -0.214747E+01
   -0.214514E+01   -0.214281E+01   -0.214048E+01   -0.213816E+01
   -0.213583E+01   -0.213350E+01   -0.213117E+01   -0.212884E+01
   -0.212652E+01   -0.212419E+01   -0.212186E+01   -0.211953E+01
   -0.211720E+01   -0.211488E+01   -0.211255E+01   -0.211022E+01
   -0.210789E+01   -0.210557E+01   -0.210324E+01   -0.210091E+01
   -0.209858E+01   -0.209625E+01   -0.209393E+01   -0.209160E+01
   -0.208927E+01   -0.208694E+01   -0.208462E+01   -0.208229E+01
   -0.207996E+01   -0.207763E+01   -0.207530E+01   -0.207298E+01
   -0.207065E+01   -0.206832E+01   -0.206599E+01   -0.206367E+01
   -0.206134E+01   -0.205901E+01   -0.205668E+01   -0.205435E+01
   -0.205203E+01   -0.204970E+01   -0.204737E+01   -0.204504E+01
   -0.204272E+01   -0.203994E+01   -0.203672E+01   -0.203353E+01
   -0.203067E+01   -0.202781E+01   -0.202495E+01   -0.202209E+01
   -0.201923E+01   -0.201637E+01   -0.200844E+01   -0.200000E+01
   -0.199705E+01   -0.199409E+01   -0.199113E+01   -0.198818E+01
   -0.198522E+01   -0.198226E+01   -0.197931E+01   -0.197526E+01
   -0.197121E+01   -0.196716E+01   -0.196311E+01   -0.195906E+01
   -0.195521E+01   -0.195135E+01   -0.194750E+01   -0.194364E+01
   -0.193551E+01   -0.193255E+01   -0.192949E+01   -0.192615E+01
   -0.192263E+01   -0.191858E+01   -0.191453E+01   -0.191048E+01
   -0.190577E+01   -0.190123E+01   -0.189848E+01   -0.189471E+01
   -0.188948E+01   -0.188618E+01   -0.188230E+01   -0.187805E+01
   -0.187405E+01   -0.187000E+01   -0.186595E+01   -0.186190E+01
   -0.185785E+01   -0.185380E+01   -0.184975E+01   -0.184975E+01
   -0.184975E+01   -0.184195E+01   -0.183830E+01   -0.183410E+01
   -0.182352E+01   -0.182352E+01   -0.181958E+01   -0.181575E+01
   -0.181176E+01   -0.180818E+01   -0.180818E+01   -0.180818E+01
   -0.180645E+01   -0.180645E+01   -0.180606E+01   -0.217002E+01
   -0.216770E+01   -0.216538E+01   -0.216306E+01   -0.216074E+01
   -0.215843E+01   -0.215611E+01   -0.215379E+01   -0.215147E+01
   -0.214916E+01   -0.214684E+01   -0.214452E+01   -0.214220E+01
   -0.213988E+01   -0.213757E+01   -0.213525E+01   -0.213293E+01
   -0.213061E+01   -0.212829E+01   -0.212598E+01   -0.212366E+01
   -0.212134E+01   -0.211902E+01   -0.211671E+01   -0.211439E+01
   -0.211207E+01   -0.210975E+01   -0.210743E+01   -0.210512E+01
   -0.210280E+01   -0.210048E+01   -0.209816E+01   -0.209584E+01
   -0.209353E+01   -0.209121E+01   -0.208889E+01   -0.208657E+01
   -0.208426E+01   -0.208194E+01   -0.207962E+01   -0.207730E+01
   -0.207498E+01   -0.207267E+01   -0.207035E+01   -0.206803E+01
   -0.206571E+01   -0.206340E+01   -0.206108E+01   -0.205876E+01
   -0.205644E+01   -0.205412E+01   -0.205181E+01   -0.204949E+01
   -0.204717E+01   -0.204485E+01   -0.204208E+01   -0.203899E+01
   -0.203613E+01   -0.203327E+01   -0.203041E+01   -0.202755E+01
   -0.202469E+01   -0.202183E+01   -0.201897E+01   -0.200987E+01
   -0.200281E+01   -0.199947E+01   -0.199630E+01   -0.199334E+01
   -0.199039E+01   -0.198743E+01   -0.198448E+01   -0.198152E+01
   -0.197747E+01   -0.197343E+01   -0.196938E+01   -0.196533E+01
   -0.196128E+01   -0.195743E+01   -0.195357E+01   -0.194972E+01
   -0.194640E+01   -0.193834E+01   -0.193502E+01   -0.193169E+01
   -0.192837E+01   -0.192486E+01   -0.192082E+01   -0.191677E+01
   -0.191319E+01   -0.190982E+01   -0.190123E+01   -0.189848E+01
   -0.189471E+01   -0.188948E+01   -0.188824E+01   -0.188439E+01
   -0.188035E+01   -0.187630E+01   -0.187225E+01   -0.186821E+01
   -0.186416E+01   -0.186011E+01   -0.185607E+01   -0.185231E+01
   -0.185231E+01   -0.184195E+01   -0.184195E+01   -0.183830E+01
   -0.183410E+01   -0.182352E+01   -0.182352E+01   -0.181958E+01
   -0.181575E+01   -0.181176E+01   -0.180818E+01   -0.180818E+01
   -0.180645E+01   -0.180645E+01   -0.180606E+01   -0.180606E+01
   -0.217162E+01   -0.216931E+01   -0.216700E+01   -0.216469E+01
   -0.216238E+01   -0.216008E+01   -0.215777E+01   -0.215546E+01
   -0.215315E+01   -0.215084E+01   -0.214854E+01   -0.214623E+01
   -0.214392E+01   -0.214161E+01   -0.213931E+01   -0.213700E+01
   -0.213469E+01   -0.213238E+01   -0.213007E+01   -0.212777E+01
   -0.212546E+01   -0.212315E+01   -0.212084E+01   -0.211853E+01
   -0.211623E+01   -0.211392E+01   -0.211161E+01   -0.210930E+01
   -0.210699E+01   -0.210469E+01   -0.210238E+01   -0.210007E+01
   -0.209776E+01   -0.209545E+01   -0.209315E+01   -0.209084E+01
   -0.208853E+01   -0.208622E+01   -0.208392E+01   -0.208161E+01
   -0.207930E+01   -0.207699E+01   -0.207468E+01   -0.207238E+01
   -0.207007E+01   -0.206776E+01   -0.206545E+01   -0.206314E+01
   -0.206084E+01   -0.205853E+01   -0.205622E+01   -0.205391E+01
   -0.205160E+01   -0.204930E+01   -0.204699E+01   -0.204441E+01
   -0.204154E+01   -0.203868E+01   -0.203582E+01   -0.203296E+01
   -0.203010E+01   -0.202724E+01   -0.202438E+01   -0.202152E+01
   -0.201280E+01   -0.200574E+01   -0.200240E+01   -0.199907E+01
   -0.199573E+01   -0.199260E+01   -0.198964E+01   -0.198669E+01
   -0.198373E+01   -0.197969E+01   -0.197564E+01   -0.197160E+01
   -0.196755E+01   -0.196351E+01   -0.195965E+01   -0.195579E+01
   -0.195255E+01   -0.194934E+01   -0.193983E+01   -0.193670E+01
   -0.193358E+01   -0.193045E+01   -0.192710E+01   -0.192308E+01
   -0.191923E+01   -0.191319E+01   -0.190982E+01   -0.190864E+01
   -0.190476E+01   -0.190107E+01   -0.189061E+01   -0.189061E+01
   -0.188665E+01   -0.188260E+01   -0.187856E+01   -0.187451E+01
   -0.187047E+01   -0.186642E+01   -0.186238E+01   -0.185833E+01
   -0.185437E+01   -0.185437E+01   -0.184195E+01   -0.184195E+01
   -0.183830E+01   -0.183410E+01   -0.183014E+01   -0.182601E+01
   -0.182192E+01   -0.181788E+01   -0.181386E+01   -0.181004E+01
   -0.180645E+01   -0.180645E+01   -0.180606E+01   -0.180606E+01
   -0.180606E+01   -0.217321E+01   -0.217092E+01   -0.216862E+01
   -0.216632E+01   -0.216402E+01   -0.216173E+01   -0.215943E+01
   -0.215713E+01   -0.215483E+01   -0.215253E+01   -0.215024E+01
   -0.214794E+01   -0.214564E+01   -0.214334E+01   -0.214104E+01
   -0.213875E+01   -0.213645E+01   -0.213415E+01   -0.213185E+01
   -0.212955E+01   -0.212726E+01   -0.212496E+01   -0.212266E+01
   -0.212036E+01   -0.211806E+01   -0.211577E+01   -0.211347E+01
   -0.211117E+01   -0.210887E+01   -0.210657E+01   -0.210428E+01
   -0.210198E+01   -0.209968E+01   -0.209738E+01   -0.209508E+01
   -0.209279E+01   -0.209049E+01   -0.208819E+01   -0.208589E+01
   -0.208360E+01   -0.208130E+01   -0.207900E+01   -0.207670E+01
   -0.207440E+01   -0.207211E+01   -0.206981E+01   -0.206751E+01
   -0.206521E+01   -0.206291E+01   -0.206062E+01   -0.205832E+01
   -0.205602E+01   -0.205372E+01   -0.205142E+01   -0.204913E+01
   -0.204655E+01   -0.204369E+01   -0.204083E+01   -0.203797E+01
   -0.203510E+01   -0.203224E+01   -0.202938E+01   -0.202652E+01
   -0.202371E+01   -0.201574E+01   -0.200868E+01   -0.200534E+01
   -0.200200E+01   -0.199867E+01   -0.199533E+01   -0.199199E+01
   -0.198890E+01   -0.198594E+01   -0.198190E+01   -0.197786E+01
   -0.197381E+01   -0.196977E+01   -0.196573E+01   -0.196190E+01
   -0.195870E+01   -0.195549E+01   -0.195160E+01   -0.194181E+01
   -0.193846E+01   -0.193551E+01   -0.193256E+01   -0.192946E+01
   -0.192561E+01   -0.192131E+01   -0.191703E+01   -0.191703E+01
   -0.190864E+01   -0.190476E+01   -0.190107E+01   -0.189699E+01
   -0.189294E+01   -0.188890E+01   -0.188485E+01   -0.188081E+01
   -0.187677E+01   -0.187272E+01   -0.186868E+01   -0.186464E+01
   -0.186059E+01   -0.185655E+01   -0.185315E+01   -0.184848E+01
   -0.184446E+01   -0.184038E+01   -0.183631E+01   -0.183208E+01
   -0.182801E+01   -0.182397E+01   -0.181992E+01   -0.181593E+01
   -0.181303E+01   -0.180819E+01   -0.180606E+01   -0.180606E+01
   -0.180606E+01   -0.180606E+01   -0.217481E+01   -0.217253E+01
   -0.217024E+01   -0.216795E+01   -0.216566E+01   -0.216337E+01
   -0.216109E+01   -0.215880E+01   -0.215651E+01   -0.215422E+01
   -0.215193E+01   -0.214965E+01   -0.214736E+01   -0.214507E+01
   -0.214278E+01   -0.214050E+01   -0.213821E+01   -0.213592E+01
   -0.213363E+01   -0.213134E+01   -0.212905E+01   -0.212677E+01
   -0.212448E+01   -0.212219E+01   -0.211990E+01   -0.211761E+01
   -0.211533E+01   -0.211304E+01   -0.211075E+01   -0.210846E+01
   -0.210617E+01   -0.210389E+01   -0.210160E+01   -0.209931E+01
   -0.209702E+01   -0.209473E+01   -0.209245E+01   -0.209016E+01
   -0.208787E+01   -0.208558E+01   -0.208329E+01   -0.208101E+01
   -0.207872E+01   -0.207643E+01   -0.207414E+01   -0.207185E+01
   -0.206957E+01   -0.206728E+01   -0.206499E+01   -0.206270E+01
   -0.206041E+01   -0.205813E+01   -0.205584E+01   -0.205355E+01
   -0.205126E+01   -0.204869E+01   -0.204583E+01   -0.204297E+01
   -0.204011E+01   -0.203725E+01   -0.203439E+01   -0.203153E+01
   -0.202872E+01   -0.202591E+01   -0.201731E+01   -0.201141E+01
   -0.200809E+01   -0.200477E+01   -0.200145E+01   -0.199812E+01
   -0.199480E+01   -0.199148E+01   -0.198816E+01   -0.198411E+01
   -0.198007E+01   -0.197603E+01   -0.197199E+01   -0.196775E+01
   -0.196456E+01   -0.196137E+01   -0.195818E+01   -0.195454E+01
   -0.194737E+01   -0.194150E+01   -0.193784E+01   -0.193479E+01
   -0.193178E+01   -0.192846E+01   -0.192329E+01   -0.191842E+01
   -0.191541E+01   -0.191160E+01   -0.190700E+01   -0.190326E+01
   -0.189909E+01   -0.189505E+01   -0.189114E+01   -0.188711E+01
   -0.188307E+01   -0.187902E+01   -0.187498E+01   -0.187094E+01
   -0.186690E+01   -0.186286E+01   -0.185881E+01   -0.185490E+01
   -0.185107E+01   -0.184682E+01   -0.184260E+01   -0.183902E+01
   -0.183208E+01   -0.182801E+01   -0.182397E+01   -0.181992E+01
   -0.181593E+01   -0.181303E+01   -0.180819E+01   -0.180606E+01
   -0.180606E+01   -0.180606E+01   -0.180606E+01   -0.217641E+01
   -0.217414E+01   -0.217186E+01   -0.216958E+01   -0.216730E+01
   -0.216502E+01   -0.216275E+01   -0.216047E+01   -0.215819E+01
   -0.215591E+01   -0.215363E+01   -0.215136E+01   -0.214908E+01
   -0.214680E+01   -0.214452E+01   -0.214224E+01   -0.213997E+01
   -0.213769E+01   -0.213541E+01   -0.213313E+01   -0.213085E+01
   -0.212858E+01   -0.212630E+01   -0.212402E+01   -0.212174E+01
   -0.211946E+01   -0.211718E+01   -0.211491E+01   -0.211263E+01
   -0.211035E+01   -0.210807E+01   -0.210579E+01   -0.210352E+01
   -0.210124E+01   -0.209896E+01   -0.209668E+01   -0.209440E+01
   -0.209213E+01   -0.208985E+01   -0.208757E+01   -0.208529E+01
   -0.208301E+01   -0.208074E+01   -0.207846E+01   -0.207618E+01
   -0.207390E+01   -0.207162E+01   -0.206935E+01   -0.206707E+01
   -0.206479E+01   -0.206251E+01   -0.206023E+01   -0.205796E+01
   -0.205568E+01   -0.205340E+01   -0.205083E+01   -0.204797E+01
   -0.204511E+01   -0.204225E+01   -0.203939E+01   -0.203654E+01
   -0.203373E+01   -0.203092E+01   -0.202811E+01   -0.201878E+01
   -0.201293E+01   -0.200971E+01   -0.200649E+01   -0.200326E+01
   -0.200004E+01   -0.199681E+01   -0.199359E+01   -0.199037E+01
   -0.198633E+01   -0.198228E+01   -0.197824E+01   -0.197429E+01
   -0.196859E+01   -0.196548E+01   -0.196238E+01   -0.195928E+01
   -0.195594E+01   -0.195138E+01   -0.194551E+01   -0.194100E+01
   -0.193734E+01   -0.193381E+01   -0.193063E+01   -0.192668E+01
   -0.192080E+01   -0.191751E+01   -0.191377E+01   -0.190944E+01
   -0.190326E+01   -0.189909E+01   -0.189505E+01   -0.189114E+01
   -0.188711E+01   -0.188464E+01   -0.188113E+01   -0.187724E+01
   -0.187306E+01   -0.186901E+01   -0.186501E+01   -0.185881E+01
   -0.185490E+01   -0.185107E+01   -0.184682E+01   -0.184260E+01
   -0.183902E+01   -0.183902E+01   -0.182801E+01   -0.182397E+01
   -0.181992E+01   -0.181593E+01   -0.181303E+01   -0.180819E+01
   -0.180606E+01   -0.180606E+01   -0.180606E+01   -0.180606E+01
   -0.217801E+01   -0.217575E+01   -0.217348E+01   -0.217121E+01
   -0.216894E+01   -0.216667E+01   -0.216441E+01   -0.216214E+01
   -0.215987E+01   -0.215760E+01   -0.215533E+01   -0.215306E+01
   -0.215080E+01   -0.214853E+01   -0.214626E+01   -0.214399E+01
   -0.214172E+01   -0.213946E+01   -0.213719E+01   -0.213492E+01
   -0.213265E+01   -0.213038E+01   -0.212812E+01   -0.212585E+01
   -0.212358E+01   -0.212131E+01   -0.211904E+01   -0.211678E+01
   -0.211451E+01   -0.211224E+01   -0.210997E+01   -0.210770E+01
   -0.210543E+01   -0.210317E+01   -0.210090E+01   -0.209863E+01
   -0.209636E+01   -0.209409E+01   -0.209183E+01   -0.208956E+01
   -0.208729E+01   -0.208502E+01   -0.208275E+01   -0.208049E+01
   -0.207822E+01   -0.207595E+01   -0.207368E+01   -0.207141E+01
   -0.206914E+01   -0.206688E+01   -0.206461E+01   -0.206234E+01
   -0.206007E+01   -0.205780E+01   -0.205554E+01   -0.205297E+01
   -0.205011E+01   -0.204725E+01   -0.204439E+01   -0.204155E+01
   -0.203874E+01   -0.203592E+01   -0.203311E+01   -0.203030E+01
   -0.202066E+01   -0.201445E+01   -0.201133E+01   -0.200820E+01
   -0.200508E+01   -0.200195E+01   -0.199883E+01   -0.199570E+01
   -0.199258E+01   -0.198854E+01   -0.198450E+01   -0.198060E+01
   -0.197675E+01   -0.196942E+01   -0.196641E+01   -0.196339E+01
   -0.196037E+01   -0.195710E+01   -0.195306E+01   -0.194822E+01
   -0.194318E+01   -0.193842E+01   -0.193470E+01   -0.193170E+01
   -0.192785E+01   -0.192378E+01   -0.191987E+01   -0.191626E+01
   -0.190944E+01   -0.190944E+01   -0.189909E+01   -0.189505E+01
   -0.189114E+01   -0.188464E+01   -0.188464E+01   -0.188113E+01
   -0.187724E+01   -0.187306E+01   -0.186901E+01   -0.186501E+01
   -0.186501E+01   -0.185490E+01   -0.185107E+01   -0.184682E+01
   -0.184260E+01   -0.183902E+01   -0.183902E+01   -0.183902E+01
   -0.182397E+01   -0.181992E+01   -0.181593E+01   -0.181303E+01
   -0.180819E+01   -0.180606E+01   -0.180606E+01   -0.180606E+01
   -0.180606E+01   -0.217961E+01   -0.217736E+01   -0.217510E+01
   -0.217284E+01   -0.217058E+01   -0.216832E+01   -0.216606E+01
   -0.216381E+01   -0.216155E+01   -0.215929E+01   -0.215703E+01
   -0.215477E+01   -0.215252E+01   -0.215026E+01   -0.214800E+01
   -0.214574E+01   -0.214348E+01   -0.214122E+01   -0.213897E+01
   -0.213671E+01   -0.213445E+01   -0.213219E+01   -0.212993E+01
   -0.212768E+01   -0.212542E+01   -0.212316E+01   -0.212090E+01
   -0.211864E+01   -0.211638E+01   -0.211413E+01   -0.211187E+01
   -0.210961E+01   -0.210735E+01   -0.210509E+01   -0.210284E+01
   -0.210058E+01   -0.209832E+01   -0.209606E+01   -0.209380E+01
   -0.209155E+01   -0.208929E+01   -0.208703E+01   -0.208477E+01
   -0.208251E+01   -0.208025E+01   -0.207800E+01   -0.207574E+01
   -0.207348E+01   -0.207122E+01   -0.206896E+01   -0.206671E+01
   -0.206445E+01   -0.206219E+01   -0.205993E+01   -0.205767E+01
   -0.205511E+01   -0.205225E+01   -0.204939E+01   -0.204655E+01
   -0.204374E+01   -0.204093E+01   -0.203812E+01   -0.203531E+01
   -0.203250E+01   -0.202286E+01   -0.201597E+01   -0.201294E+01
   -0.200992E+01   -0.200689E+01   -0.200387E+01   -0.200084E+01
   -0.199782E+01   -0.199479E+01   -0.199075E+01   -0.198690E+01
   -0.198306E+01   -0.197922E+01   -0.197065E+01   -0.196757E+01
   -0.196462E+01   -0.196168E+01   -0.195846E+01   -0.195442E+01
   -0.195039E+01   -0.194649E+01   -0.194265E+01   -0.193700E+01
   -0.193380E+01   -0.193020E+01   -0.192616E+01   -0.192227E+01
   -0.191626E+01   -0.191632E+01   -0.191231E+01   -0.191231E+01
   -0.191231E+01   -0.188464E+01   -0.188464E+01   -0.188464E+01
   -0.188113E+01   -0.187724E+01   -0.187306E+01   -0.186901E+01
   -0.186501E+01   -0.186501E+01   -0.186501E+01   -0.185107E+01
   -0.184682E+01   -0.184260E+01   -0.183902E+01   -0.183902E+01
   -0.183902E+01   -0.182397E+01   -0.181992E+01   -0.181593E+01
   -0.181303E+01   -0.180819E+01   -0.180606E+01   -0.180606E+01
   -0.180606E+01   -0.180606E+01   -0.218121E+01   -0.217896E+01
   -0.217672E+01   -0.217447E+01   -0.217222E+01   -0.216997E+01
   -0.216772E+01   -0.216548E+01   -0.216323E+01   -0.216098E+01
   -0.215873E+01   -0.215648E+01   -0.215423E+01   -0.215199E+01
   -0.214974E+01   -0.214749E+01   -0.214524E+01   -0.214299E+01
   -0.214075E+01   -0.213850E+01   -0.213625E+01   -0.213400E+01
   -0.213175E+01   -0.212950E+01   -0.212726E+01   -0.212501E+01
   -0.212276E+01   -0.212051E+01   -0.211826E+01   -0.211601E+01
   -0.211377E+01   -0.211152E+01   -0.210927E+01   -0.210702E+01
   -0.210477E+01   -0.210253E+01   -0.210028E+01   -0.209803E+01
   -0.209578E+01   -0.209353E+01   -0.209128E+01   -0.208904E+01
   -0.208679E+01   -0.208454E+01   -0.208229E+01   -0.208004E+01
   -0.207780E+01   -0.207555E+01   -0.207330E+01   -0.207105E+01
   -0.206880E+01   -0.206655E+01   -0.206431E+01   -0.206206E+01
   -0.205981E+01   -0.205726E+01   -0.205439E+01   -0.205156E+01
   -0.204875E+01   -0.204594E+01   -0.204313E+01   -0.204032E+01
   -0.203751E+01   -0.203470E+01   -0.202506E+01   -0.201763E+01
   -0.201468E+01   -0.201174E+01   -0.200879E+01   -0.200584E+01
   -0.200290E+01   -0.199995E+01   -0.199700E+01   -0.199316E+01
   -0.198932E+01   -0.198547E+01   -0.198163E+01   -0.197361E+01
   -0.197028E+01   -0.196695E+01   -0.196390E+01   -0.196069E+01
   -0.195665E+01   -0.195262E+01   -0.194872E+01   -0.194488E+01
   -0.193892E+01   -0.193586E+01   -0.193244E+01   -0.192843E+01
   -0.192433E+01   -0.192028E+01   -0.191632E+01   -0.191231E+01
   -0.191231E+01   -0.191079E+01   -0.191079E+01   -0.189675E+01
   -0.189675E+01   -0.188638E+01   -0.188638E+01   -0.188229E+01
   -0.188229E+01   -0.187640E+01   -0.187222E+01   -0.186822E+01
   -0.186822E+01   -0.186822E+01   -0.186822E+01   -0.183902E+01
   -0.183902E+01   -0.183902E+01   -0.183902E+01   -0.181992E+01
   -0.181593E+01   -0.181303E+01   -0.180819E+01   -0.180606E+01
   -0.180606E+01   -0.180606E+01   -0.180606E+01   -0.218281E+01
   -0.218057E+01   -0.217834E+01   -0.217610E+01   -0.217386E+01
   -0.217162E+01   -0.216938E+01   -0.216714E+01   -0.216491E+01
   -0.216267E+01   -0.216043E+01   -0.215819E+01   -0.215595E+01
   -0.215372E+01   -0.215148E+01   -0.214924E+01   -0.214700E+01
   -0.214476E+01   -0.214252E+01   -0.214029E+01   -0.213805E+01
   -0.213581E+01   -0.213357E+01   -0.213133E+01   -0.212909E+01
   -0.212686E+01   -0.212462E+01   -0.212238E+01   -0.212014E+01
   -0.211790E+01   -0.211566E+01   -0.211343E+01   -0.211119E+01
   -0.210895E+01   -0.210671E+01   -0.210447E+01   -0.210224E+01
   -0.210000E+01   -0.209776E+01   -0.209552E+01   -0.209328E+01
   -0.209104E+01   -0.208881E+01   -0.208657E+01   -0.208433E+01
   -0.208209E+01   -0.207985E+01   -0.207761E+01   -0.207538E+01
   -0.207314E+01   -0.207090E+01   -0.206866E+01   -0.206642E+01
   -0.206418E+01   -0.206195E+01   -0.205940E+01   -0.205657E+01
   -0.205376E+01   -0.205095E+01   -0.204814E+01   -0.204533E+01
   -0.204251E+01   -0.203970E+01   -0.203689E+01   -0.202756E+01
   -0.202052E+01   -0.201719E+01   -0.201395E+01   -0.201100E+01
   -0.200805E+01   -0.200511E+01   -0.200216E+01   -0.199922E+01
   -0.199537E+01   -0.199153E+01   -0.198769E+01   -0.198385E+01
   -0.197626E+01   -0.197297E+01   -0.196968E+01   -0.196639E+01
   -0.196291E+01   -0.195888E+01   -0.195485E+01   -0.195096E+01
   -0.194711E+01   -0.194150E+01   -0.193827E+01   -0.193468E+01
   -0.193067E+01   -0.192657E+01   -0.192251E+01   -0.191854E+01
   -0.191451E+01   -0.191079E+01   -0.191079E+01   -0.191079E+01
   -0.189675E+01   -0.189675E+01   -0.188638E+01   -0.188638E+01
   -0.188229E+01   -0.188229E+01   -0.187640E+01   -0.187222E+01
   -0.186822E+01   -0.186822E+01   -0.186822E+01   -0.186822E+01
   -0.186822E+01   -0.183902E+01   -0.183902E+01   -0.183902E+01
   -0.181992E+01   -0.181593E+01   -0.181303E+01   -0.180819E+01
   -0.180606E+01   -0.180606E+01   -0.180606E+01   -0.180606E+01
   -0.218441E+01   -0.218218E+01   -0.217996E+01   -0.217773E+01
   -0.217550E+01   -0.217327E+01   -0.217104E+01   -0.216881E+01
   -0.216659E+01   -0.216436E+01   -0.216213E+01   -0.215990E+01
   -0.215767E+01   -0.215544E+01   -0.215322E+01   -0.215099E+01
   -0.214876E+01   -0.214653E+01   -0.214430E+01   -0.214207E+01
   -0.213985E+01   -0.213762E+01   -0.213539E+01   -0.213316E+01
   -0.213093E+01   -0.212870E+01   -0.212648E+01   -0.212425E+01
   -0.212202E+01   -0.211979E+01   -0.211756E+01   -0.211533E+01
   -0.211311E+01   -0.211088E+01   -0.210865E+01   -0.210642E+01
   -0.210419E+01   -0.210196E+01   -0.209974E+01   -0.209751E+01
   -0.209528E+01   -0.209305E+01   -0.209082E+01   -0.208859E+01
   -0.208637E+01   -0.208414E+01   -0.208191E+01   -0.207968E+01
   -0.207745E+01   -0.207522E+01   -0.207300E+01   -0.207077E+01
   -0.206854E+01   -0.206631E+01   -0.206408E+01   -0.206156E+01
   -0.205875E+01   -0.205594E+01   -0.205313E+01   -0.205032E+01
   -0.204751E+01   -0.204470E+01   -0.204189E+01   -0.203908E+01
   -0.203049E+01   -0.202345E+01   -0.202013E+01   -0.201680E+01
   -0.201348E+01   -0.201027E+01   -0.200732E+01   -0.200437E+01
   -0.200143E+01   -0.199758E+01   -0.199374E+01   -0.198990E+01
   -0.198607E+01   -0.197774E+01   -0.197465E+01   -0.197156E+01
   -0.196847E+01   -0.196514E+01   -0.196111E+01   -0.195708E+01
   -0.195319E+01   -0.194935E+01   -0.194338E+01   -0.194033E+01
   -0.193692E+01   -0.193291E+01   -0.192882E+01   -0.192475E+01
   -0.192079E+01   -0.191676E+01   -0.191302E+01   -0.191302E+01
   -0.191302E+01   -0.189675E+01   -0.189675E+01   -0.189256E+01
   -0.188853E+01   -0.188450E+01   -0.188069E+01   -0.187640E+01
   -0.187222E+01   -0.186822E+01   -0.186822E+01   -0.186822E+01
   -0.186822E+01   -0.186822E+01   -0.186822E+01   -0.186822E+01
   -0.183902E+01   -0.181992E+01   -0.181593E+01   -0.181303E+01
   -0.180819E+01   -0.180606E+01   -0.180606E+01   -0.180606E+01
   -0.180606E+01
