Time(UTC),Level
01 Oct 2025 00:00:45,0.193
01 Oct 2025 00:01:30,0.150
01 Oct 2025 00:02:15,0.180
01 Oct 2025 00:03:30,0.180
01 Oct 2025 00:04:30,0.182
01 Oct 2025 00:05:00,0.208
01 Oct 2025 00:06:30,0.086
01 Oct 2025 00:09:45,0.131
01 Oct 2025 00:11:30,0.092
01 Oct 2025 00:12:00,0.191
01 Oct 2025 00:21:00,0.150
01 Oct 2025 00:21:15,0.136
01 Oct 2025 00:21:45,0.231
01 Oct 2025 00:23:15,0.129
01 Oct 2025 00:25:30,0.206
01 Oct 2025 00:27:00,0.149
01 Oct 2025 00:29:45,0.165
01 Oct 2025 00:30:15,0.135
01 Oct 2025 00:30:30,0.176
01 Oct 2025 00:34:00,0.238
01 Oct 2025 00:36:00,0.216
01 Oct 2025 00:37:00,0.162
01 Oct 2025 00:38:45,0.168
01 Oct 2025 00:40:45,0.097
01 Oct 2025 00:42:45,0.206
01 Oct 2025 00:43:45,0.177
01 Oct 2025 00:45:30,0.145
01 Oct 2025 00:46:30,0.136
01 Oct 2025 00:51:30,0.194
01 Oct 2025 00:53:15,0.206
01 Oct 2025 00:57:15,0.267
01 Oct 2025 00:58:15,0.140
01 Oct 2025 01:04:45,0.129
01 Oct 2025 01:05:30,0.187
01 Oct 2025 01:06:45,0.163
01 Oct 2025 01:12:00,0.224
01 Oct 2025 01:14:00,0.177
01 Oct 2025 01:14:15,0.172
01 Oct 2025 01:20:15,0.108
01 Oct 2025 01:21:30,0.213
01 Oct 2025 01:23:15,0.159
01 Oct 2025 01:23:30,0.204
01 Oct 2025 01:24:15,0.218
01 Oct 2025 01:24:45,0.190
01 Oct 2025 01:25:45,0.155
01 Oct 2025 01:27:15,0.125
01 Oct 2025 01:28:00,0.244
01 Oct 2025 01:30:15,0.120
01 Oct 2025 01:33:45,0.231
01 Oct 2025 01:34:00,0.142
01 Oct 2025 01:35:15,0.248
01 Oct 2025 01:36:45,0.015
01 Oct 2025 01:41:45,0.132
01 Oct 2025 01:46:30,0.224
01 Oct 2025 01:50:00,0.146
01 Oct 2025 01:51:15,0.270
01 Oct 2025 01:55:15,0.230
01 Oct 2025 01:55:45,0.040
01 Oct 2025 01:58:30,0.157
01 Oct 2025 02:00:45,0.333
01 Oct 2025 02:01:15,0.264
01 Oct 2025 02:02:00,0.069
01 Oct 2025 02:02:45,0.192
01 Oct 2025 02:05:45,0.274
01 Oct 2025 02:09:30,0.258
01 Oct 2025 02:10:00,0.098
01 Oct 2025 02:12:15,0.151
01 Oct 2025 02:13:15,0.149
01 Oct 2025 02:14:00,0.085
01 Oct 2025 02:17:30,0.151
01 Oct 2025 02:18:15,0.048
01 Oct 2025 02:18:45,0.090
01 Oct 2025 02:19:45,0.187
01 Oct 2025 02:20:30,0.261
01 Oct 2025 02:23:15,0.051
01 Oct 2025 02:25:30,0.226
01 Oct 2025 02:26:00,0.231
01 Oct 2025 02:30:00,0.174
01 Oct 2025 02:34:00,0.157
01 Oct 2025 02:37:15,0.204
01 Oct 2025 02:41:00,0.038
01 Oct 2025 02:41:30,0.067
01 Oct 2025 02:44:15,0.270
01 Oct 2025 02:46:30,0.282
01 Oct 2025 02:49:45,0.239
01 Oct 2025 02:53:00,0.050
01 Oct 2025 02:55:15,0.291
01 Oct 2025 02:56:45,0.168
01 Oct 2025 02:57:30,0.184
01 Oct 2025 02:58:00,0.123
01 Oct 2025 03:02:30,0.267
01 Oct 2025 03:04:00,0.202
01 Oct 2025 03:08:30,0.121
01 Oct 2025 03:08:45,0.109
01 Oct 2025 03:11:45,0.146
01 Oct 2025 03:13:00,0.173
01 Oct 2025 03:15:00,0.161
01 Oct 2025 03:16:15,0.100
01 Oct 2025 03:16:30,0.229
01 Oct 2025 03:20:15,0.195
01 Oct 2025 03:21:45,0.216
01 Oct 2025 03:23:45,0.107
01 Oct 2025 03:24:15,0.110
01 Oct 2025 03:26:00,0.212
01 Oct 2025 03:26:15,0.120
01 Oct 2025 03:28:00,0.201
01 Oct 2025 03:32:45,0.185
01 Oct 2025 03:38:30,0.225
01 Oct 2025 03:41:45,0.316
01 Oct 2025 03:42:00,0.256
01 Oct 2025 03:43:00,0.122
01 Oct 2025 03:44:00,0.172
01 Oct 2025 03:45:15,0.140
01 Oct 2025 03:45:30,0.168
01 Oct 2025 03:46:30,0.170
01 Oct 2025 03:47:15,0.211
01 Oct 2025 03:50:45,0.193
01 Oct 2025 03:53:00,0.175
01 Oct 2025 03:53:45,0.095
01 Oct 2025 03:54:00,0.198
01 Oct 2025 03:55:15,0.188
01 Oct 2025 03:58:00,0.129
01 Oct 2025 04:01:15,0.138
01 Oct 2025 04:01:45,0.158
01 Oct 2025 04:06:00,0.105
01 Oct 2025 04:07:45,0.142
01 Oct 2025 04:08:00,0.163
01 Oct 2025 04:11:15,0.155
01 Oct 2025 04:12:15,0.209
01 Oct 2025 04:13:45,0.218
01 Oct 2025 04:15:00,0.261
01 Oct 2025 04:16:45,0.174
01 Oct 2025 04:17:30,0.186
01 Oct 2025 04:19:00,0.125
01 Oct 2025 04:20:15,0.166
01 Oct 2025 04:30:00,0.125
01 Oct 2025 04:31:30,0.109
01 Oct 2025 04:33:30,0.172
01 Oct 2025 04:34:00,0.199
01 Oct 2025 04:35:30,0.195
01 Oct 2025 04:43:00,0.089
01 Oct 2025 04:43:45,0.179
01 Oct 2025 04:46:15,0.150
01 Oct 2025 04:46:30,0.120
01 Oct 2025 04:47:45,0.186
01 Oct 2025 04:48:30,0.131
01 Oct 2025 04:51:45,0.168
01 Oct 2025 04:52:45,0.072
01 Oct 2025 04:53:00,0.124
01 Oct 2025 04:56:00,0.149
01 Oct 2025 04:56:15,0.167
01 Oct 2025 05:00:00,0.169
01 Oct 2025 05:03:15,0.122
01 Oct 2025 05:04:15,0.162
01 Oct 2025 05:06:30,0.107
01 Oct 2025 05:11:30,0.083
01 Oct 2025 05:14:15,0.087
01 Oct 2025 05:15:30,0.186
01 Oct 2025 05:16:30,0.148
01 Oct 2025 05:17:15,0.140
01 Oct 2025 05:18:30,0.112
01 Oct 2025 05:19:30,0.086
01 Oct 2025 05:20:45,0.178
01 Oct 2025 05:21:15,0.134
01 Oct 2025 05:27:30,0.151
01 Oct 2025 05:30:00,0.082
01 Oct 2025 05:32:15,0.090
01 Oct 2025 05:34:00,0.092
01 Oct 2025 05:34:30,0.147
01 Oct 2025 05:40:15,0.168
01 Oct 2025 05:41:00,0.171
01 Oct 2025 05:41:30,0.091
01 Oct 2025 05:43:30,0.145
01 Oct 2025 05:56:30,0.152
01 Oct 2025 05:56:45,0.158
01 Oct 2025 05:57:00,0.151
01 Oct 2025 05:57:15,0.131
01 Oct 2025 06:00:00,0.156
01 Oct 2025 06:01:15,0.084
01 Oct 2025 06:01:30,0.089
01 Oct 2025 06:01:45,0.091
01 Oct 2025 06:06:00,0.108
01 Oct 2025 06:06:30,0.130
01 Oct 2025 06:07:00,0.079
01 Oct 2025 06:08:00,0.070
01 Oct 2025 06:10:45,0.104
01 Oct 2025 06:12:00,0.059
01 Oct 2025 06:14:15,0.139
01 Oct 2025 06:15:45,0.098
01 Oct 2025 06:16:45,0.070
01 Oct 2025 06:17:30,0.080
01 Oct 2025 06:19:00,0.106
01 Oct 2025 06:19:15,0.137
01 Oct 2025 06:20:00,0.137
01 Oct 2025 06:20:15,0.142
01 Oct 2025 06:26:15,0.128
01 Oct 2025 06:28:15,0.071
01 Oct 2025 06:28:45,0.113
01 Oct 2025 06:30:15,0.094
01 Oct 2025 06:30:30,0.047
01 Oct 2025 06:31:00,0.142
01 Oct 2025 06:31:15,0.146
01 Oct 2025 06:33:30,0.087
01 Oct 2025 06:34:15,0.068
01 Oct 2025 06:35:00,0.082
01 Oct 2025 06:38:00,0.170
01 Oct 2025 06:40:15,0.109
01 Oct 2025 06:41:15,0.097
01 Oct 2025 06:41:30,0.140
01 Oct 2025 06:49:30,0.162
01 Oct 2025 06:50:30,0.011
01 Oct 2025 06:57:00,0.104
01 Oct 2025 06:58:45,0.115
01 Oct 2025 06:59:00,0.140
01 Oct 2025 06:59:45,0.096
01 Oct 2025 07:01:15,0.081
01 Oct 2025 07:01:30,0.167
01 Oct 2025 07:04:15,0.083
01 Oct 2025 07:04:30,0.192
01 Oct 2025 07:05:00,0.090
01 Oct 2025 07:06:00,0.133
01 Oct 2025 07:07:15,0.143
01 Oct 2025 07:08:30,0.071
01 Oct 2025 07:08:45,0.175
01 Oct 2025 07:09:30,0.169
01 Oct 2025 07:10:30,0.126
01 Oct 2025 07:15:00,0.158
01 Oct 2025 07:15:30,0.109
01 Oct 2025 07:16:45,0.154
01 Oct 2025 07:19:15,0.138
01 Oct 2025 07:21:30,0.107
01 Oct 2025 07:24:00,0.073
01 Oct 2025 07:25:15,0.145
01 Oct 2025 07:29:45,0.076
01 Oct 2025 07:31:15,0.114
01 Oct 2025 07:34:45,0.173
01 Oct 2025 07:36:00,0.108
01 Oct 2025 07:36:45,0.133
01 Oct 2025 07:38:15,0.111
01 Oct 2025 07:40:30,0.111
01 Oct 2025 07:41:45,0.066
01 Oct 2025 07:43:00,0.096
01 Oct 2025 07:44:45,0.127
01 Oct 2025 07:46:00,0.100
01 Oct 2025 07:47:00,0.057
01 Oct 2025 07:50:30,0.134
01 Oct 2025 07:54:00,0.145
01 Oct 2025 07:55:45,0.109
01 Oct 2025 07:56:30,0.125
01 Oct 2025 07:58:00,0.094
01 Oct 2025 08:00:15,0.065
01 Oct 2025 08:01:15,0.051
01 Oct 2025 08:02:30,0.151
01 Oct 2025 08:03:30,0.147
01 Oct 2025 08:04:45,0.110
01 Oct 2025 08:05:45,0.106
01 Oct 2025 08:08:30,0.080
01 Oct 2025 08:10:30,0.004
01 Oct 2025 08:13:00,0.122
01 Oct 2025 08:14:15,0.006
01 Oct 2025 08:15:00,-0.022
01 Oct 2025 08:20:00,0.077
01 Oct 2025 08:21:15,0.033
01 Oct 2025 08:22:15,0.066
01 Oct 2025 08:23:30,0.138
01 Oct 2025 08:24:00,0.146
01 Oct 2025 08:30:45,0.150
01 Oct 2025 08:32:30,0.099
01 Oct 2025 08:35:00,0.149
01 Oct 2025 08:36:15,0.091
01 Oct 2025 08:36:30,0.066
01 Oct 2025 08:39:15,0.036
01 Oct 2025 08:40:45,0.028
01 Oct 2025 08:41:15,0.041
01 Oct 2025 08:42:30,0.073
01 Oct 2025 08:43:30,0.076
01 Oct 2025 08:44:15,0.122
01 Oct 2025 08:46:30,0.126
01 Oct 2025 08:47:00,0.127
01 Oct 2025 08:51:15,0.079
01 Oct 2025 08:51:30,0.083
01 Oct 2025 08:53:00,0.106
01 Oct 2025 08:53:45,0.130
01 Oct 2025 08:56:00,0.135
01 Oct 2025 08:56:15,0.085
01 Oct 2025 08:57:00,0.073
01 Oct 2025 08:57:45,0.143
01 Oct 2025 08:58:45,0.031
01 Oct 2025 09:01:00,0.143
01 Oct 2025 09:02:30,0.098
01 Oct 2025 09:05:15,0.105
01 Oct 2025 09:06:30,0.129
01 Oct 2025 09:06:45,0.154
01 Oct 2025 09:08:00,0.108
01 Oct 2025 09:10:15,0.139
01 Oct 2025 09:11:00,0.096
01 Oct 2025 09:12:00,0.118
01 Oct 2025 09:14:45,0.120
01 Oct 2025 09:15:00,0.068
01 Oct 2025 09:15:30,0.136
01 Oct 2025 09:15:45,0.158
01 Oct 2025 09:18:15,0.110
01 Oct 2025 09:20:00,0.138
01 Oct 2025 09:21:15,0.106
01 Oct 2025 09:26:30,0.102
01 Oct 2025 09:27:00,0.151
01 Oct 2025 09:34:30,0.127
01 Oct 2025 09:36:15,0.115
01 Oct 2025 09:39:00,0.095
01 Oct 2025 09:41:00,0.130
01 Oct 2025 09:42:00,0.075
01 Oct 2025 09:44:15,0.067
01 Oct 2025 09:44:45,0.120
01 Oct 2025 09:45:45,0.102
01 Oct 2025 09:49:15,0.099
01 Oct 2025 09:50:45,0.110
01 Oct 2025 09:51:15,0.194
01 Oct 2025 09:57:15,0.120
01 Oct 2025 09:59:15,0.090
01 Oct 2025 10:02:30,0.100
01 Oct 2025 10:02:45,0.099
01 Oct 2025 10:03:15,0.110
01 Oct 2025 10:03:45,0.100
01 Oct 2025 10:04:15,0.129
01 Oct 2025 10:07:00,0.073
01 Oct 2025 10:09:30,0.100
01 Oct 2025 10:11:00,0.102
01 Oct 2025 10:13:30,0.096
01 Oct 2025 10:15:45,0.090
01 Oct 2025 10:24:30,0.132
01 Oct 2025 10:26:00,0.161
01 Oct 2025 10:26:15,0.071
01 Oct 2025 10:27:00,0.185
01 Oct 2025 10:27:30,0.161
01 Oct 2025 10:29:00,0.143
01 Oct 2025 10:29:45,0.025
01 Oct 2025 10:30:00,0.081
01 Oct 2025 10:30:30,-0.035
01 Oct 2025 10:30:45,-0.026
01 Oct 2025 10:33:15,0.120
01 Oct 2025 10:33:30,0.126
01 Oct 2025 10:34:15,0.119
01 Oct 2025 10:37:00,0.066
01 Oct 2025 10:37:45,0.153
01 Oct 2025 10:38:00,0.136
01 Oct 2025 10:38:15,0.209
01 Oct 2025 10:40:30,0.157
01 Oct 2025 10:42:15,0.177
01 Oct 2025 10:42:30,0.138
01 Oct 2025 10:43:00,0.032
01 Oct 2025 10:44:15,0.175
01 Oct 2025 10:45:45,0.160
01 Oct 2025 10:47:45,0.083
01 Oct 2025 10:48:15,0.072
01 Oct 2025 10:48:45,0.092
01 Oct 2025 10:50:45,0.047
01 Oct 2025 10:52:15,0.107
01 Oct 2025 10:55:30,0.160
01 Oct 2025 10:58:15,0.128
01 Oct 2025 10:59:45,0.108
01 Oct 2025 11:00:15,0.075
01 Oct 2025 11:07:45,0.128
01 Oct 2025 11:09:00,0.079
01 Oct 2025 11:10:45,0.154
01 Oct 2025 11:11:00,0.171
01 Oct 2025 11:12:00,0.138
01 Oct 2025 11:13:30,0.157
01 Oct 2025 11:13:45,0.166
01 Oct 2025 11:16:45,0.160
01 Oct 2025 11:18:30,0.109
01 Oct 2025 11:18:45,0.158
01 Oct 2025 11:19:00,0.138
01 Oct 2025 11:20:15,0.160
01 Oct 2025 11:22:15,0.149
01 Oct 2025 11:26:45,0.167
01 Oct 2025 11:33:15,0.175
01 Oct 2025 11:34:45,0.157
01 Oct 2025 11:41:00,0.164
01 Oct 2025 11:44:15,0.207
01 Oct 2025 11:45:30,0.185
01 Oct 2025 11:45:45,0.097
01 Oct 2025 11:46:45,0.178
01 Oct 2025 11:48:45,0.130
01 Oct 2025 11:49:00,0.154
01 Oct 2025 11:50:15,0.147
01 Oct 2025 11:52:30,0.258
01 Oct 2025 12:01:00,0.106
01 Oct 2025 12:01:30,0.178
01 Oct 2025 12:02:00,0.115
01 Oct 2025 12:04:00,0.162
01 Oct 2025 12:05:15,0.176
01 Oct 2025 12:05:30,0.192
01 Oct 2025 12:05:45,0.149
01 Oct 2025 12:07:15,0.149
01 Oct 2025 12:10:15,0.135
01 Oct 2025 12:11:15,0.119
01 Oct 2025 12:11:45,0.222
01 Oct 2025 12:13:45,0.132
01 Oct 2025 12:14:15,0.142
01 Oct 2025 12:20:00,0.189
01 Oct 2025 12:23:00,0.170
01 Oct 2025 12:26:30,0.141
01 Oct 2025 12:26:45,0.137
01 Oct 2025 12:29:45,0.210
01 Oct 2025 12:35:30,0.184
01 Oct 2025 12:37:30,0.206
01 Oct 2025 12:38:15,0.178
01 Oct 2025 12:38:30,0.172
01 Oct 2025 12:41:30,0.191
01 Oct 2025 12:41:45,0.171
01 Oct 2025 12:42:00,0.191
01 Oct 2025 12:44:45,0.208
01 Oct 2025 12:45:30,0.187
01 Oct 2025 12:46:30,0.141
01 Oct 2025 12:50:15,0.189
01 Oct 2025 12:50:30,0.161
01 Oct 2025 12:51:30,0.145
01 Oct 2025 12:53:15,0.179
01 Oct 2025 12:53:45,0.148
01 Oct 2025 13:02:15,0.223
01 Oct 2025 13:03:00,0.213
01 Oct 2025 13:04:30,0.234
01 Oct 2025 13:04:45,0.190
01 Oct 2025 13:07:15,0.196
01 Oct 2025 13:17:00,0.163
01 Oct 2025 13:17:15,0.183
01 Oct 2025 13:18:00,0.219
01 Oct 2025 13:18:45,0.223
01 Oct 2025 13:19:00,0.174
01 Oct 2025 13:19:45,0.178
01 Oct 2025 13:22:00,0.159
01 Oct 2025 13:22:45,0.167
01 Oct 2025 13:25:30,0.182
01 Oct 2025 13:26:00,0.193
01 Oct 2025 13:26:15,0.204
01 Oct 2025 13:29:00,0.209
01 Oct 2025 13:32:00,0.167
01 Oct 2025 13:33:30,0.197
01 Oct 2025 13:36:15,0.187
01 Oct 2025 13:37:30,0.191
01 Oct 2025 13:38:00,0.232
01 Oct 2025 13:38:30,0.234
01 Oct 2025 13:40:00,0.217
01 Oct 2025 13:40:45,0.218
01 Oct 2025 13:43:15,0.143
01 Oct 2025 13:44:00,0.199
01 Oct 2025 13:46:45,0.153
01 Oct 2025 13:48:00,0.198
01 Oct 2025 13:52:00,0.204
01 Oct 2025 13:53:30,0.198
01 Oct 2025 13:55:45,0.198
01 Oct 2025 13:59:00,0.197
01 Oct 2025 13:59:15,0.231
01 Oct 2025 14:01:00,0.224
01 Oct 2025 14:05:30,0.225
01 Oct 2025 14:06:15,0.193
01 Oct 2025 14:10:15,0.254
01 Oct 2025 14:11:00,0.211
01 Oct 2025 14:11:45,0.214
01 Oct 2025 14:14:30,0.225
01 Oct 2025 14:15:00,0.217
01 Oct 2025 14:20:30,0.193
01 Oct 2025 14:22:15,0.192
01 Oct 2025 14:23:15,0.178
01 Oct 2025 14:25:00,0.184
01 Oct 2025 14:29:30,0.231
01 Oct 2025 14:30:00,0.203
01 Oct 2025 14:33:15,0.234
01 Oct 2025 14:33:45,0.215
01 Oct 2025 14:34:00,0.175
01 Oct 2025 14:35:30,0.196
01 Oct 2025 14:35:45,0.211
01 Oct 2025 14:38:00,0.265
01 Oct 2025 14:38:15,0.199
01 Oct 2025 14:38:30,0.212
01 Oct 2025 14:40:15,0.245
01 Oct 2025 14:44:00,0.221
01 Oct 2025 14:50:15,0.198
01 Oct 2025 14:51:00,0.177
01 Oct 2025 14:57:30,0.218
01 Oct 2025 14:58:15,0.232
01 Oct 2025 15:03:00,0.258
01 Oct 2025 15:06:00,0.213
01 Oct 2025 15:06:45,0.203
01 Oct 2025 15:08:15,0.224
01 Oct 2025 15:09:15,0.220
01 Oct 2025 15:11:45,0.199
01 Oct 2025 15:16:30,0.216
01 Oct 2025 15:21:00,0.196
01 Oct 2025 15:23:00,0.223
01 Oct 2025 15:23:15,0.235
01 Oct 2025 15:24:15,0.216
01 Oct 2025 15:25:30,0.203
01 Oct 2025 15:33:30,0.238
01 Oct 2025 15:35:30,0.198
01 Oct 2025 15:40:30,0.187
01 Oct 2025 15:41:00,0.194
01 Oct 2025 15:43:00,0.207
01 Oct 2025 15:45:45,0.206
01 Oct 2025 15:49:15,0.223
01 Oct 2025 15:50:30,0.209
01 Oct 2025 15:53:00,0.181
01 Oct 2025 15:54:30,0.217
01 Oct 2025 15:56:30,0.213
01 Oct 2025 16:01:45,0.241
01 Oct 2025 16:05:30,0.184
01 Oct 2025 16:05:45,0.207
01 Oct 2025 16:06:00,0.274
01 Oct 2025 16:07:30,0.200
01 Oct 2025 16:08:45,0.202
01 Oct 2025 16:09:00,0.223
01 Oct 2025 16:13:30,0.210
01 Oct 2025 16:15:30,0.227
01 Oct 2025 16:16:00,0.238
01 Oct 2025 16:16:45,0.223
01 Oct 2025 16:17:00,0.191
01 Oct 2025 16:17:45,0.225
01 Oct 2025 16:22:00,0.208
01 Oct 2025 16:29:45,0.162
01 Oct 2025 16:30:45,0.226
01 Oct 2025 16:31:30,0.231
01 Oct 2025 16:32:00,0.196
01 Oct 2025 16:33:15,0.223
01 Oct 2025 16:39:45,0.209
01 Oct 2025 16:40:15,0.202
01 Oct 2025 16:41:00,0.216
01 Oct 2025 16:42:30,0.236
01 Oct 2025 16:43:30,0.200
01 Oct 2025 16:46:30,0.245
01 Oct 2025 16:47:15,0.226
01 Oct 2025 16:47:30,0.213
01 Oct 2025 16:53:15,0.222
01 Oct 2025 16:59:00,0.202
01 Oct 2025 16:59:30,0.230
01 Oct 2025 17:01:15,0.195
01 Oct 2025 17:04:15,0.198
01 Oct 2025 17:05:00,0.226
01 Oct 2025 17:08:00,0.224
01 Oct 2025 17:09:00,0.175
01 Oct 2025 17:09:15,0.199
01 Oct 2025 17:09:30,0.183
01 Oct 2025 17:14:00,0.290
01 Oct 2025 17:17:30,0.237
01 Oct 2025 17:17:45,0.189
01 Oct 2025 17:18:00,0.202
01 Oct 2025 17:20:45,0.213
01 Oct 2025 17:21:00,0.201
01 Oct 2025 17:22:15,0.228
01 Oct 2025 17:22:45,0.198
01 Oct 2025 17:26:15,0.207
01 Oct 2025 17:27:15,0.158
01 Oct 2025 17:28:00,0.137
01 Oct 2025 17:31:15,0.209
01 Oct 2025 17:31:45,0.189
01 Oct 2025 17:34:45,0.184
01 Oct 2025 17:36:00,0.176
01 Oct 2025 17:37:45,0.173
01 Oct 2025 17:43:30,0.193
01 Oct 2025 17:46:00,0.216
01 Oct 2025 17:47:30,0.165
01 Oct 2025 17:51:00,0.154
01 Oct 2025 17:54:00,0.178
01 Oct 2025 17:56:15,0.181
01 Oct 2025 17:56:45,0.195
01 Oct 2025 17:58:00,0.223
01 Oct 2025 17:58:30,0.203
01 Oct 2025 18:00:15,0.182
01 Oct 2025 18:02:45,0.172
01 Oct 2025 18:04:15,0.185
01 Oct 2025 18:04:45,0.199
01 Oct 2025 18:10:30,0.154
01 Oct 2025 18:11:15,0.185
01 Oct 2025 18:12:30,0.172
01 Oct 2025 18:15:45,0.186
01 Oct 2025 18:18:00,0.177
01 Oct 2025 18:18:15,0.212
01 Oct 2025 18:20:30,0.195
01 Oct 2025 18:21:00,0.179
01 Oct 2025 18:21:15,0.205
01 Oct 2025 18:31:45,0.191
01 Oct 2025 18:34:00,0.178
01 Oct 2025 18:35:45,0.176
01 Oct 2025 18:40:00,0.202
01 Oct 2025 18:40:30,0.156
01 Oct 2025 18:43:00,0.175
01 Oct 2025 18:44:15,0.131
01 Oct 2025 18:45:45,0.162
01 Oct 2025 18:47:00,0.167
01 Oct 2025 18:47:30,0.213
01 Oct 2025 18:49:00,0.138
01 Oct 2025 18:50:30,0.147
01 Oct 2025 18:53:00,0.180
01 Oct 2025 18:54:45,0.161
01 Oct 2025 18:58:45,0.142
01 Oct 2025 19:03:00,0.125
01 Oct 2025 19:04:15,0.171
01 Oct 2025 19:06:15,0.155
01 Oct 2025 19:07:15,0.143
01 Oct 2025 19:07:30,0.181
01 Oct 2025 19:07:45,0.160
01 Oct 2025 19:08:15,0.172
01 Oct 2025 19:09:45,0.172
01 Oct 2025 19:10:30,0.126
01 Oct 2025 19:11:15,0.155
01 Oct 2025 19:12:30,0.127
01 Oct 2025 19:18:30,0.197
01 Oct 2025 19:20:00,0.153
01 Oct 2025 19:22:30,0.155
01 Oct 2025 19:24:15,0.139
01 Oct 2025 19:25:45,0.147
01 Oct 2025 19:26:30,0.145
01 Oct 2025 19:27:45,0.144
01 Oct 2025 19:29:45,0.174
01 Oct 2025 19:30:00,0.133
01 Oct 2025 19:31:00,0.138
01 Oct 2025 19:34:45,0.170
01 Oct 2025 19:40:30,0.151
01 Oct 2025 19:40:45,0.176
01 Oct 2025 19:46:00,0.119
01 Oct 2025 19:48:15,0.134
01 Oct 2025 19:54:00,0.145
01 Oct 2025 19:59:15,0.166
01 Oct 2025 19:59:30,0.181
01 Oct 2025 20:05:45,0.124
01 Oct 2025 20:07:15,0.103
01 Oct 2025 20:08:15,0.112
01 Oct 2025 20:08:45,0.119
01 Oct 2025 20:09:00,0.138
01 Oct 2025 20:09:30,0.194
01 Oct 2025 20:13:30,0.110
01 Oct 2025 20:14:00,0.152
01 Oct 2025 20:22:15,0.114
01 Oct 2025 20:22:30,0.160
01 Oct 2025 20:25:15,0.117
01 Oct 2025 20:27:15,0.159
01 Oct 2025 20:29:00,0.087
01 Oct 2025 20:31:00,0.120
01 Oct 2025 20:33:00,0.147
01 Oct 2025 20:35:30,0.088
01 Oct 2025 20:35:45,0.106
01 Oct 2025 20:39:45,0.133
01 Oct 2025 20:45:30,0.047
01 Oct 2025 20:45:45,0.112
01 Oct 2025 20:46:30,0.121
01 Oct 2025 20:47:45,0.083
01 Oct 2025 20:49:00,0.094
01 Oct 2025 20:50:30,0.143
01 Oct 2025 20:52:00,0.161
01 Oct 2025 20:55:45,0.063
01 Oct 2025 20:57:30,0.099
01 Oct 2025 20:59:00,0.115
01 Oct 2025 20:59:30,0.082
01 Oct 2025 21:00:30,0.130
01 Oct 2025 21:01:15,0.139
01 Oct 2025 21:01:30,0.151
01 Oct 2025 21:03:30,0.146
01 Oct 2025 21:06:45,0.087
01 Oct 2025 21:09:00,0.136
01 Oct 2025 21:10:30,0.148
01 Oct 2025 21:14:30,0.162
01 Oct 2025 21:19:30,0.115
01 Oct 2025 21:26:00,0.082
01 Oct 2025 21:26:15,0.103
01 Oct 2025 21:27:00,0.131
01 Oct 2025 21:33:30,0.078
01 Oct 2025 21:34:45,0.158
01 Oct 2025 21:35:30,0.096
01 Oct 2025 21:38:15,0.112
01 Oct 2025 21:38:45,0.099
01 Oct 2025 21:42:15,0.098
01 Oct 2025 21:42:45,0.146
01 Oct 2025 21:43:30,0.123
01 Oct 2025 21:46:30,0.114
01 Oct 2025 21:47:45,0.119
01 Oct 2025 21:49:30,0.106
01 Oct 2025 21:52:15,0.146
01 Oct 2025 21:54:30,0.127
01 Oct 2025 21:55:45,0.120
01 Oct 2025 21:59:45,0.101
01 Oct 2025 22:01:45,0.082
01 Oct 2025 22:03:00,0.124
01 Oct 2025 22:06:30,0.047
01 Oct 2025 22:07:45,0.109
01 Oct 2025 22:08:00,0.072
01 Oct 2025 22:09:45,0.145
01 Oct 2025 22:11:30,0.128
01 Oct 2025 22:12:45,0.111
01 Oct 2025 22:18:30,0.068
01 Oct 2025 22:20:00,0.104
01 Oct 2025 22:23:15,0.086
01 Oct 2025 22:28:00,0.072
01 Oct 2025 22:28:15,0.083
01 Oct 2025 22:28:45,0.101
01 Oct 2025 22:30:30,0.066
01 Oct 2025 22:31:15,0.121
01 Oct 2025 22:34:15,0.142
01 Oct 2025 22:35:00,0.105
01 Oct 2025 22:35:45,0.079
01 Oct 2025 22:38:30,0.073
01 Oct 2025 22:40:30,0.128
01 Oct 2025 22:44:15,0.114
01 Oct 2025 22:52:30,0.105
01 Oct 2025 22:53:30,0.107
01 Oct 2025 22:56:30,0.104
01 Oct 2025 22:57:30,0.065
01 Oct 2025 22:58:00,0.129
01 Oct 2025 23:00:00,0.133
01 Oct 2025 23:02:15,0.127
01 Oct 2025 23:04:15,0.089
01 Oct 2025 23:05:15,0.110
01 Oct 2025 23:09:30,0.034
01 Oct 2025 23:10:45,0.106
01 Oct 2025 23:11:15,0.080
01 Oct 2025 23:14:00,0.121
01 Oct 2025 23:18:00,0.130
01 Oct 2025 23:27:00,0.114
01 Oct 2025 23:30:30,0.069
01 Oct 2025 23:34:30,0.079
01 Oct 2025 23:39:00,0.136
01 Oct 2025 23:39:30,0.110
01 Oct 2025 23:40:45,0.066
01 Oct 2025 23:41:30,0.125
01 Oct 2025 23:43:15,0.066
01 Oct 2025 23:47:45,0.102
01 Oct 2025 23:48:45,0.121
01 Oct 2025 23:50:30,0.115
01 Oct 2025 23:54:45,0.086
01 Oct 2025 23:56:15,0.098
01 Oct 2025 23:56:30,0.165
01 Oct 2025 23:57:45,0.102
01 Oct 2025 23:58:15,0.075
02 Oct 2025 00:02:00,0.138
02 Oct 2025 00:07:45,0.162
02 Oct 2025 00:08:15,0.154
02 Oct 2025 00:12:45,0.110
02 Oct 2025 00:18:00,0.112
02 Oct 2025 00:19:15,0.059
02 Oct 2025 00:19:30,0.118
02 Oct 2025 00:19:45,0.144
02 Oct 2025 00:21:00,0.038
02 Oct 2025 00:21:45,0.127
02 Oct 2025 00:22:15,0.141
02 Oct 2025 00:23:15,0.116
02 Oct 2025 00:24:15,0.138
02 Oct 2025 00:24:45,0.166
02 Oct 2025 00:29:45,0.069
02 Oct 2025 00:30:00,0.166
02 Oct 2025 00:31:45,0.111
02 Oct 2025 00:33:30,0.130
02 Oct 2025 00:35:00,0.183
02 Oct 2025 00:35:45,0.114
02 Oct 2025 00:38:00,0.109
02 Oct 2025 00:42:30,0.118
02 Oct 2025 00:43:15,0.137
02 Oct 2025 00:44:15,0.115
02 Oct 2025 00:44:45,0.125
02 Oct 2025 00:45:15,0.174
02 Oct 2025 00:45:30,0.172
02 Oct 2025 00:45:45,0.128
02 Oct 2025 00:48:30,0.175
02 Oct 2025 00:50:15,0.146
02 Oct 2025 00:54:45,0.177
02 Oct 2025 00:55:00,0.091
02 Oct 2025 00:55:15,0.144
02 Oct 2025 00:57:30,0.262
02 Oct 2025 00:58:15,0.138
02 Oct 2025 00:59:15,0.081
02 Oct 2025 00:59:45,0.124
02 Oct 2025 01:00:30,0.167
02 Oct 2025 01:07:00,0.186
02 Oct 2025 01:08:30,0.196
02 Oct 2025 01:10:15,0.113
02 Oct 2025 01:11:00,0.124
02 Oct 2025 01:11:30,0.169
02 Oct 2025 01:14:30,0.108
02 Oct 2025 01:14:45,0.200
02 Oct 2025 01:15:30,0.173
02 Oct 2025 01:15:45,0.148
02 Oct 2025 01:16:00,0.129
02 Oct 2025 01:18:30,0.139
02 Oct 2025 01:20:45,0.142
02 Oct 2025 01:22:45,0.188
02 Oct 2025 01:23:45,0.110
02 Oct 2025 01:25:15,0.193
02 Oct 2025 01:26:30,0.173
02 Oct 2025 01:30:45,0.139
02 Oct 2025 01:31:00,0.176
02 Oct 2025 01:34:15,0.157
02 Oct 2025 01:35:15,0.204
02 Oct 2025 01:37:45,0.187
02 Oct 2025 01:41:30,0.147
02 Oct 2025 01:42:45,0.096
02 Oct 2025 01:43:00,0.150
02 Oct 2025 01:48:00,0.121
02 Oct 2025 01:51:45,0.138
02 Oct 2025 01:53:15,0.181
02 Oct 2025 01:53:30,0.142
02 Oct 2025 01:53:45,0.151
02 Oct 2025 01:54:30,0.160
02 Oct 2025 01:55:45,0.105
02 Oct 2025 01:56:00,0.196
02 Oct 2025 01:59:00,0.167
02 Oct 2025 01:59:30,0.096
02 Oct 2025 01:59:45,0.145
02 Oct 2025 02:02:15,0.155
02 Oct 2025 02:03:00,0.114
02 Oct 2025 02:04:30,0.166
02 Oct 2025 02:07:45,0.059
02 Oct 2025 02:10:00,0.158
02 Oct 2025 02:10:45,0.129
02 Oct 2025 02:11:15,0.067
02 Oct 2025 02:11:30,0.187
02 Oct 2025 02:12:00,0.180
02 Oct 2025 02:12:15,0.133
02 Oct 2025 02:14:45,0.208
02 Oct 2025 02:15:45,0.093
02 Oct 2025 02:23:30,0.129
02 Oct 2025 02:30:00,0.049
02 Oct 2025 02:32:45,0.204
02 Oct 2025 02:34:30,0.261
02 Oct 2025 02:37:00,0.123
02 Oct 2025 02:40:15,0.066
02 Oct 2025 02:42:45,0.227
02 Oct 2025 02:43:00,0.212
02 Oct 2025 02:44:30,0.253
02 Oct 2025 02:47:45,0.142
02 Oct 2025 02:48:30,0.132
02 Oct 2025 02:55:00,0.121
02 Oct 2025 02:57:00,0.142
02 Oct 2025 03:00:00,0.043
02 Oct 2025 03:01:15,0.117
02 Oct 2025 03:02:00,0.027
02 Oct 2025 03:06:15,0.125
02 Oct 2025 03:08:30,0.159
02 Oct 2025 03:08:45,0.151
02 Oct 2025 03:10:15,0.062
02 Oct 2025 03:10:30,0.099
02 Oct 2025 03:12:30,0.252
02 Oct 2025 03:18:00,0.106
02 Oct 2025 03:23:30,0.313
02 Oct 2025 03:26:00,0.027
02 Oct 2025 03:28:30,0.066
02 Oct 2025 03:29:45,0.175
02 Oct 2025 03:33:00,0.160
02 Oct 2025 03:33:30,0.177
02 Oct 2025 03:37:45,0.172
02 Oct 2025 03:42:15,0.185
02 Oct 2025 03:44:00,0.132
02 Oct 2025 03:45:45,0.207
02 Oct 2025 03:46:45,0.152
02 Oct 2025 03:47:30,0.120
02 Oct 2025 03:48:15,0.126
02 Oct 2025 03:48:30,0.153
02 Oct 2025 03:49:00,0.224
02 Oct 2025 03:51:45,0.072
02 Oct 2025 03:53:30,0.276
02 Oct 2025 03:55:00,0.156
02 Oct 2025 03:55:30,0.156
02 Oct 2025 03:57:30,0.170
02 Oct 2025 04:02:45,0.185
02 Oct 2025 04:10:15,0.229
02 Oct 2025 04:11:45,0.273
02 Oct 2025 04:12:00,0.213
02 Oct 2025 04:19:30,0.118
02 Oct 2025 04:20:45,0.065
02 Oct 2025 04:22:00,0.109
02 Oct 2025 04:24:30,0.073
02 Oct 2025 04:26:30,0.209
02 Oct 2025 04:27:45,0.159
02 Oct 2025 04:31:30,0.115
02 Oct 2025 04:34:00,0.257
02 Oct 2025 04:34:30,0.134
02 Oct 2025 04:34:45,0.115
02 Oct 2025 04:36:15,0.029
02 Oct 2025 04:39:45,0.211
02 Oct 2025 04:41:45,0.095
02 Oct 2025 04:46:30,0.181
02 Oct 2025 04:47:45,0.203
02 Oct 2025 04:49:30,0.188
02 Oct 2025 04:51:00,0.109
02 Oct 2025 04:52:15,0.214
02 Oct 2025 04:54:30,0.169
02 Oct 2025 04:57:30,0.221
02 Oct 2025 05:03:45,0.154
02 Oct 2025 05:04:15,0.081
02 Oct 2025 05:08:30,0.288
02 Oct 2025 05:08:45,0.102
02 Oct 2025 05:12:45,0.229
02 Oct 2025 05:13:00,0.122
02 Oct 2025 05:13:30,0.102
02 Oct 2025 05:14:00,0.149
02 Oct 2025 05:18:30,0.142
02 Oct 2025 05:20:45,0.112
02 Oct 2025 05:25:45,0.101
02 Oct 2025 05:26:15,0.105
02 Oct 2025 05:27:45,0.061
02 Oct 2025 05:28:45,0.009
02 Oct 2025 05:29:15,0.175
02 Oct 2025 05:35:00,0.187
02 Oct 2025 05:36:45,0.081
02 Oct 2025 05:37:45,0.090
02 Oct 2025 05:41:45,0.179
02 Oct 2025 05:43:00,0.069
02 Oct 2025 05:52:15,0.223
02 Oct 2025 05:52:45,0.121
02 Oct 2025 05:56:30,0.268
02 Oct 2025 05:56:45,0.013
02 Oct 2025 05:58:45,0.179
02 Oct 2025 06:02:30,0.162
02 Oct 2025 06:12:00,0.161
02 Oct 2025 06:14:45,0.290
02 Oct 2025 06:17:00,0.058
02 Oct 2025 06:22:00,0.159
02 Oct 2025 06:22:15,0.166
02 Oct 2025 06:23:30,0.163
02 Oct 2025 06:23:45,0.076
02 Oct 2025 06:24:00,0.244
02 Oct 2025 06:24:30,0.080
02 Oct 2025 06:26:00,0.093
02 Oct 2025 06:27:30,0.227
02 Oct 2025 06:27:45,0.086
02 Oct 2025 06:28:15,-0.028
02 Oct 2025 06:28:45,0.164
02 Oct 2025 06:30:15,0.101
02 Oct 2025 06:32:45,0.118
02 Oct 2025 06:33:15,0.158
02 Oct 2025 06:39:15,0.226
02 Oct 2025 06:40:00,0.174
02 Oct 2025 06:40:45,0.097
02 Oct 2025 06:41:45,0.140
02 Oct 2025 06:43:00,0.127
02 Oct 2025 06:44:00,0.003
02 Oct 2025 06:45:30,0.082
02 Oct 2025 06:46:00,0.120
02 Oct 2025 06:54:30,0.094
02 Oct 2025 06:58:00,0.092
02 Oct 2025 07:00:15,0.130
02 Oct 2025 07:02:00,0.005
02 Oct 2025 07:02:45,0.179
02 Oct 2025 07:07:45,0.079
02 Oct 2025 07:08:00,0.265
02 Oct 2025 07:14:15,-0.028
02 Oct 2025 07:15:00,0.197
02 Oct 2025 07:19:15,0.001
02 Oct 2025 07:19:30,0.029
02 Oct 2025 07:23:45,0.111
02 Oct 2025 07:24:00,0.071
02 Oct 2025 07:26:00,0.096
02 Oct 2025 07:28:45,0.021
02 Oct 2025 07:34:30,0.082
02 Oct 2025 07:37:30,0.040
02 Oct 2025 07:38:15,0.033
02 Oct 2025 07:40:15,0.115
02 Oct 2025 07:46:00,0.077
02 Oct 2025 07:48:45,0.099
02 Oct 2025 07:53:15,0.008
02 Oct 2025 07:55:00,-0.020
02 Oct 2025 07:56:00,0.071
02 Oct 2025 07:56:15,-0.020
02 Oct 2025 07:58:00,0.073
02 Oct 2025 07:58:15,0.047
02 Oct 2025 08:00:30,0.250
02 Oct 2025 08:01:30,0.046
02 Oct 2025 08:05:00,0.080
02 Oct 2025 08:09:30,0.022
02 Oct 2025 08:10:30,0.078
02 Oct 2025 08:16:15,0.305
02 Oct 2025 08:16:30,0.075
02 Oct 2025 08:17:15,0.112
02 Oct 2025 08:20:00,-0.161
02 Oct 2025 08:30:30,-0.041
02 Oct 2025 08:30:45,0.002
02 Oct 2025 08:31:15,-0.142
02 Oct 2025 08:32:15,0.126
02 Oct 2025 08:38:30,0.021
02 Oct 2025 08:39:15,0.073
02 Oct 2025 08:40:15,-0.032
02 Oct 2025 08:41:00,0.093
02 Oct 2025 08:42:45,0.220
02 Oct 2025 08:43:45,0.074
02 Oct 2025 08:47:45,-0.150
02 Oct 2025 08:48:00,-0.064
02 Oct 2025 08:50:00,0.179
02 Oct 2025 08:51:30,-0.049
02 Oct 2025 08:52:45,-0.032
02 Oct 2025 08:54:45,-0.032
02 Oct 2025 09:00:00,0.123
02 Oct 2025 09:00:15,0.104
02 Oct 2025 09:00:45,0.276
02 Oct 2025 09:02:30,0.042
02 Oct 2025 09:04:00,-0.080
02 Oct 2025 09:05:00,0.158
02 Oct 2025 09:06:45,0.142
02 Oct 2025 09:07:00,0.216
02 Oct 2025 09:07:45,-0.122
02 Oct 2025 09:09:15,-0.003
02 Oct 2025 09:10:30,-0.209
02 Oct 2025 09:14:30,0.212
02 Oct 2025 09:16:15,0.016
02 Oct 2025 09:17:30,-0.022
02 Oct 2025 09:19:30,0.046
02 Oct 2025 09:19:45,0.142
02 Oct 2025 09:20:30,0.051
02 Oct 2025 09:22:00,0.253
02 Oct 2025 09:23:45,-0.080
02 Oct 2025 09:24:30,0.012
02 Oct 2025 09:27:45,-0.011
02 Oct 2025 09:28:30,-0.098
02 Oct 2025 09:28:45,0.228
02 Oct 2025 09:31:15,0.182
02 Oct 2025 09:33:30,-0.085
02 Oct 2025 09:36:15,0.025
02 Oct 2025 09:37:30,0.088
02 Oct 2025 09:37:45,0.191
02 Oct 2025 09:40:15,0.010
02 Oct 2025 09:42:30,0.173
02 Oct 2025 09:44:15,0.066
02 Oct 2025 09:51:15,0.179
02 Oct 2025 10:08:30,0.336
02 Oct 2025 10:10:30,0.313
02 Oct 2025 10:18:45,-0.036
02 Oct 2025 10:21:00,-0.044
02 Oct 2025 10:21:15,0.033
02 Oct 2025 10:21:45,-0.098
02 Oct 2025 10:22:15,0.077
02 Oct 2025 10:22:45,0.031
02 Oct 2025 10:23:00,-0.273
02 Oct 2025 10:23:15,-0.172
02 Oct 2025 10:29:45,0.468
02 Oct 2025 10:31:45,-0.160
02 Oct 2025 10:35:15,-0.215
02 Oct 2025 10:36:15,0.016
02 Oct 2025 10:38:45,0.055
02 Oct 2025 10:39:00,-0.068
02 Oct 2025 10:41:45,-0.006
02 Oct 2025 10:42:00,0.171
02 Oct 2025 10:43:00,-0.014
02 Oct 2025 10:44:45,-0.209
02 Oct 2025 10:45:15,0.054
02 Oct 2025 10:45:30,-0.230
02 Oct 2025 10:45:45,0.028
02 Oct 2025 10:51:00,-0.070
02 Oct 2025 10:52:00,-0.023
02 Oct 2025 10:53:00,-0.149
02 Oct 2025 10:56:30,0.152
02 Oct 2025 10:57:00,0.309
02 Oct 2025 10:57:15,0.268
02 Oct 2025 11:00:15,-0.023
02 Oct 2025 11:00:45,0.104
02 Oct 2025 11:07:45,-0.280
02 Oct 2025 11:10:30,-0.153
02 Oct 2025 11:11:45,-0.151
02 Oct 2025 11:16:00,0.312
02 Oct 2025 11:17:00,0.154
02 Oct 2025 11:17:30,-0.120
02 Oct 2025 11:20:00,-0.237
02 Oct 2025 11:22:45,0.164
02 Oct 2025 11:23:15,-0.246
02 Oct 2025 11:26:00,0.169
02 Oct 2025 11:32:45,-0.061
02 Oct 2025 11:33:30,0.038
02 Oct 2025 11:37:30,-0.086
02 Oct 2025 11:39:45,0.229
02 Oct 2025 11:40:00,0.293
02 Oct 2025 11:41:00,0.226
02 Oct 2025 11:42:00,0.140
02 Oct 2025 11:43:00,0.151
02 Oct 2025 11:44:45,0.246
02 Oct 2025 11:48:30,0.154
02 Oct 2025 11:48:45,-0.030
02 Oct 2025 11:53:15,0.021
02 Oct 2025 11:54:15,0.073
02 Oct 2025 11:55:15,0.299
02 Oct 2025 11:57:30,0.185
02 Oct 2025 11:58:15,-0.314
02 Oct 2025 11:59:15,-0.196
02 Oct 2025 11:59:45,0.272
02 Oct 2025 12:02:15,0.151
02 Oct 2025 12:03:15,0.085
02 Oct 2025 12:05:30,-0.053
02 Oct 2025 12:06:30,0.212
02 Oct 2025 12:11:15,0.045
02 Oct 2025 12:11:45,-0.171
02 Oct 2025 12:12:30,0.190
02 Oct 2025 12:14:00,-0.010
02 Oct 2025 12:14:15,0.110
02 Oct 2025 12:15:00,0.137
02 Oct 2025 12:15:30,0.094
02 Oct 2025 12:16:15,-0.074
02 Oct 2025 12:19:15,-0.042
02 Oct 2025 12:21:15,0.044
02 Oct 2025 12:23:00,0.602
02 Oct 2025 12:23:30,0.088
02 Oct 2025 12:24:30,0.110
02 Oct 2025 12:25:00,0.257
02 Oct 2025 12:27:00,0.450
02 Oct 2025 12:33:30,0.181
02 Oct 2025 12:34:00,0.258
02 Oct 2025 12:34:45,-0.020
02 Oct 2025 12:36:15,0.067
02 Oct 2025 12:38:45,0.355
02 Oct 2025 12:39:30,0.115
02 Oct 2025 12:40:15,0.136
02 Oct 2025 12:43:30,0.045
02 Oct 2025 12:43:45,0.339
02 Oct 2025 12:46:15,-0.278
02 Oct 2025 12:48:30,-0.227
02 Oct 2025 12:51:00,-0.073
02 Oct 2025 12:51:45,0.431
02 Oct 2025 12:52:00,0.238
02 Oct 2025 12:58:00,-0.037
02 Oct 2025 13:00:45,0.228
02 Oct 2025 13:06:00,0.176
02 Oct 2025 13:07:15,0.041
02 Oct 2025 13:11:15,0.140
02 Oct 2025 13:11:30,0.559
02 Oct 2025 13:12:00,-0.021
02 Oct 2025 13:14:00,0.568
02 Oct 2025 13:15:00,-0.198
02 Oct 2025 13:17:45,0.178
02 Oct 2025 13:19:30,0.558
02 Oct 2025 13:24:45,-0.148
02 Oct 2025 13:26:30,0.133
02 Oct 2025 13:27:00,-0.144
02 Oct 2025 13:27:45,0.324
02 Oct 2025 13:29:00,0.404
02 Oct 2025 13:29:30,0.017
02 Oct 2025 13:30:45,-0.035
02 Oct 2025 13:34:00,0.050
02 Oct 2025 13:34:15,0.241
02 Oct 2025 13:37:00,0.028
02 Oct 2025 13:39:15,0.001
02 Oct 2025 13:41:45,-0.168
02 Oct 2025 13:42:00,0.108
02 Oct 2025 13:44:00,-0.145
02 Oct 2025 13:50:45,0.040
02 Oct 2025 13:51:30,0.189
02 Oct 2025 13:52:45,0.463
02 Oct 2025 13:54:00,0.113
02 Oct 2025 13:54:15,0.133
02 Oct 2025 13:57:00,-0.208
02 Oct 2025 13:57:45,0.217
02 Oct 2025 13:58:15,0.135
02 Oct 2025 14:02:00,0.335
02 Oct 2025 14:03:30,-0.012
02 Oct 2025 14:03:45,0.519
02 Oct 2025 14:04:00,0.012
02 Oct 2025 14:04:15,0.021
02 Oct 2025 14:06:45,-0.032
02 Oct 2025 14:07:00,0.280
02 Oct 2025 14:07:15,0.061
02 Oct 2025 14:08:00,0.099
02 Oct 2025 14:10:00,0.082
02 Oct 2025 14:13:15,-0.154
02 Oct 2025 14:17:45,0.788
02 Oct 2025 14:19:45,-0.098
02 Oct 2025 14:20:00,0.140
02 Oct 2025 14:20:15,-0.010
02 Oct 2025 14:22:45,0.489
02 Oct 2025 14:25:45,-0.190
02 Oct 2025 14:26:15,0.276
02 Oct 2025 14:26:30,0.301
02 Oct 2025 14:28:15,0.133
02 Oct 2025 14:34:45,0.070
02 Oct 2025 14:35:15,0.060
02 Oct 2025 14:36:30,0.552
02 Oct 2025 14:37:00,0.347
02 Oct 2025 14:37:30,0.052
02 Oct 2025 14:42:00,0.559
02 Oct 2025 14:42:30,0.096
02 Oct 2025 14:42:45,0.274
02 Oct 2025 14:43:45,-0.115
02 Oct 2025 14:46:15,-0.411
02 Oct 2025 14:47:00,0.154
02 Oct 2025 14:50:30,0.083
02 Oct 2025 14:50:45,0.245
02 Oct 2025 14:55:15,0.104
02 Oct 2025 14:56:00,0.155
02 Oct 2025 14:58:00,0.726
02 Oct 2025 15:00:15,-0.230
02 Oct 2025 15:02:15,0.447
02 Oct 2025 15:03:00,0.571
02 Oct 2025 15:04:15,0.714
02 Oct 2025 15:08:30,0.607
02 Oct 2025 15:09:00,-0.342
02 Oct 2025 15:11:30,-0.012
02 Oct 2025 15:12:30,0.436
02 Oct 2025 15:12:45,0.370
02 Oct 2025 15:15:00,0.080
02 Oct 2025 15:15:45,0.288
02 Oct 2025 15:18:15,0.310
02 Oct 2025 15:20:00,-0.058
02 Oct 2025 15:20:45,0.454
02 Oct 2025 15:22:15,0.102
02 Oct 2025 15:22:30,0.402
02 Oct 2025 15:23:00,0.087
02 Oct 2025 15:26:45,0.101
02 Oct 2025 15:28:45,-0.017
02 Oct 2025 15:31:15,0.002
02 Oct 2025 15:31:30,0.238
02 Oct 2025 15:32:15,-0.002
02 Oct 2025 15:34:30,0.436
02 Oct 2025 15:34:45,0.608
02 Oct 2025 15:35:00,0.604
02 Oct 2025 15:37:30,0.251
02 Oct 2025 15:38:15,-0.035
02 Oct 2025 15:39:45,-0.234
02 Oct 2025 15:41:00,-0.124
02 Oct 2025 15:42:30,0.286
02 Oct 2025 15:44:45,0.635
02 Oct 2025 15:46:30,0.125
02 Oct 2025 15:48:15,0.538
02 Oct 2025 15:50:30,-0.444
02 Oct 2025 15:52:00,0.647
02 Oct 2025 15:53:30,0.092
02 Oct 2025 15:53:45,0.157
02 Oct 2025 15:54:15,0.295
02 Oct 2025 15:56:00,-0.004
02 Oct 2025 15:59:45,0.634
02 Oct 2025 16:00:30,-0.089
02 Oct 2025 16:04:15,0.625
02 Oct 2025 16:04:45,-0.087
02 Oct 2025 16:07:15,0.667
02 Oct 2025 16:07:30,-0.245
02 Oct 2025 16:09:30,0.355
02 Oct 2025 16:11:00,-0.001
02 Oct 2025 16:14:00,0.000
02 Oct 2025 16:19:00,0.491
02 Oct 2025 16:22:00,0.540
02 Oct 2025 16:22:15,0.268
02 Oct 2025 16:23:15,-0.022
02 Oct 2025 16:25:15,0.021
02 Oct 2025 16:26:00,0.108
02 Oct 2025 16:33:45,0.313
02 Oct 2025 16:38:00,0.830
02 Oct 2025 16:41:15,-0.234
02 Oct 2025 16:42:15,-0.005
02 Oct 2025 16:44:00,-0.126
02 Oct 2025 16:45:15,0.291
02 Oct 2025 16:47:00,0.179
02 Oct 2025 16:47:30,0.380
02 Oct 2025 16:49:30,-0.428
02 Oct 2025 16:51:00,0.247
02 Oct 2025 16:51:45,-0.623
02 Oct 2025 16:52:00,-0.049
02 Oct 2025 16:53:30,-0.240
02 Oct 2025 16:55:00,0.019
02 Oct 2025 17:01:30,0.238
02 Oct 2025 17:04:00,0.689
02 Oct 2025 17:08:30,0.582
02 Oct 2025 17:10:45,0.095
02 Oct 2025 17:11:15,0.184
02 Oct 2025 17:14:30,0.549
02 Oct 2025 17:14:45,0.393
02 Oct 2025 17:15:45,-0.144
02 Oct 2025 17:18:15,0.050
02 Oct 2025 17:18:45,-0.025
02 Oct 2025 17:20:15,-0.036
02 Oct 2025 17:23:30,0.162
02 Oct 2025 17:25:30,0.222
02 Oct 2025 17:30:45,0.187
02 Oct 2025 17:31:00,-0.254
02 Oct 2025 17:32:00,0.531
02 Oct 2025 17:32:15,-0.280
02 Oct 2025 17:36:30,0.790
02 Oct 2025 17:39:15,0.697
02 Oct 2025 17:42:15,0.464
02 Oct 2025 17:42:30,0.500
02 Oct 2025 17:44:15,0.581
02 Oct 2025 17:47:15,0.951
02 Oct 2025 17:48:00,0.266
02 Oct 2025 17:53:15,0.043
02 Oct 2025 17:55:00,0.529
02 Oct 2025 17:55:45,0.814
02 Oct 2025 17:56:45,-0.220
02 Oct 2025 17:59:30,-0.003
02 Oct 2025 18:02:15,-0.169
02 Oct 2025 18:03:30,0.254
02 Oct 2025 18:05:45,-0.307
02 Oct 2025 18:09:30,0.832
02 Oct 2025 18:10:30,0.134
02 Oct 2025 18:11:30,0.017
02 Oct 2025 18:23:45,0.318
02 Oct 2025 18:24:15,0.297
02 Oct 2025 18:24:30,0.563
02 Oct 2025 18:25:30,0.285
02 Oct 2025 18:25:45,-0.019
02 Oct 2025 18:26:30,-0.054
02 Oct 2025 18:28:15,0.245
02 Oct 2025 18:29:30,0.221
02 Oct 2025 18:30:00,0.255
02 Oct 2025 18:34:15,0.051
02 Oct 2025 18:35:45,-0.148
02 Oct 2025 18:36:30,-0.115
02 Oct 2025 18:44:30,-0.141
02 Oct 2025 18:46:45,0.141
02 Oct 2025 18:53:00,0.091
02 Oct 2025 18:54:15,0.005
02 Oct 2025 18:55:00,0.017
02 Oct 2025 18:58:15,-0.144
02 Oct 2025 18:59:45,0.238
02 Oct 2025 19:02:45,0.062
02 Oct 2025 19:04:30,0.079
02 Oct 2025 19:04:45,0.495
02 Oct 2025 19:05:30,0.240
02 Oct 2025 19:08:00,0.307
02 Oct 2025 19:08:30,0.208
02 Oct 2025 19:08:45,-0.197
02 Oct 2025 19:09:30,0.706
02 Oct 2025 19:18:00,-0.003
02 Oct 2025 19:20:30,0.156
02 Oct 2025 19:23:00,0.329
02 Oct 2025 19:23:15,0.186
02 Oct 2025 19:23:45,-0.345
02 Oct 2025 19:24:30,-0.062
02 Oct 2025 19:32:45,0.249
02 Oct 2025 19:33:15,0.323
02 Oct 2025 19:35:15,0.157
02 Oct 2025 19:35:45,0.156
02 Oct 2025 19:37:00,0.294
02 Oct 2025 19:37:30,0.372
02 Oct 2025 19:42:15,0.040
02 Oct 2025 19:45:00,0.171
02 Oct 2025 19:45:15,0.115
02 Oct 2025 19:47:30,0.109
02 Oct 2025 19:51:30,0.589
02 Oct 2025 19:54:00,0.008
02 Oct 2025 19:54:15,0.247
02 Oct 2025 19:54:30,0.473
02 Oct 2025 19:55:45,0.077
02 Oct 2025 19:59:15,0.022
02 Oct 2025 19:59:45,-0.169
02 Oct 2025 20:03:30,0.099
02 Oct 2025 20:18:30,0.181
02 Oct 2025 20:18:45,0.085
02 Oct 2025 20:20:30,-0.181
02 Oct 2025 20:22:00,-0.087
02 Oct 2025 20:22:15,0.228
02 Oct 2025 20:28:45,-0.349
02 Oct 2025 20:32:00,-0.276
02 Oct 2025 20:37:45,0.250
02 Oct 2025 20:40:45,0.037
02 Oct 2025 20:44:45,-0.028
02 Oct 2025 20:49:30,-0.087
02 Oct 2025 20:52:00,0.053
02 Oct 2025 20:55:15,-0.308
02 Oct 2025 20:55:45,0.459
02 Oct 2025 20:57:15,-0.247
02 Oct 2025 20:58:15,0.147
02 Oct 2025 20:59:45,0.342
02 Oct 2025 21:07:30,0.090
02 Oct 2025 21:11:00,0.387
02 Oct 2025 21:12:30,0.073
02 Oct 2025 21:14:00,0.733
02 Oct 2025 21:14:30,0.116
02 Oct 2025 21:17:30,-0.060
02 Oct 2025 21:18:15,-0.261
02 Oct 2025 21:21:15,0.352
02 Oct 2025 21:22:45,0.413
02 Oct 2025 21:25:00,0.277
02 Oct 2025 21:29:30,-0.350
02 Oct 2025 21:30:15,-0.211
02 Oct 2025 21:33:30,-0.037
02 Oct 2025 21:34:00,-0.718
02 Oct 2025 21:34:15,-0.044
02 Oct 2025 21:42:00,0.595
02 Oct 2025 21:42:15,-0.129
02 Oct 2025 21:43:45,0.213
02 Oct 2025 21:45:30,0.193
02 Oct 2025 21:45:45,0.199
02 Oct 2025 21:49:45,-0.349
02 Oct 2025 21:51:45,0.008
02 Oct 2025 21:53:00,0.221
02 Oct 2025 21:53:15,-0.436
02 Oct 2025 21:55:00,0.723
02 Oct 2025 21:55:45,0.446
02 Oct 2025 21:56:45,-0.203
02 Oct 2025 21:57:45,0.242
02 Oct 2025 21:59:00,-0.123
02 Oct 2025 21:59:15,0.380
02 Oct 2025 21:59:45,0.186
02 Oct 2025 22:01:00,0.244
02 Oct 2025 22:01:30,-0.208
02 Oct 2025 22:01:45,-0.519
02 Oct 2025 22:03:15,0.100
02 Oct 2025 22:04:45,-0.241
02 Oct 2025 22:05:15,0.121
02 Oct 2025 22:06:00,-0.353
02 Oct 2025 22:08:15,0.263
02 Oct 2025 22:11:30,0.176
02 Oct 2025 22:11:45,0.275
02 Oct 2025 22:18:00,-0.272
02 Oct 2025 22:18:30,0.090
02 Oct 2025 22:18:45,0.496
02 Oct 2025 22:20:00,-0.431
02 Oct 2025 22:25:30,0.305
02 Oct 2025 22:26:30,0.185
02 Oct 2025 22:36:15,0.037
02 Oct 2025 22:41:00,0.056
02 Oct 2025 22:41:45,-0.154
02 Oct 2025 22:42:15,-0.768
02 Oct 2025 22:43:00,0.429
02 Oct 2025 22:43:30,0.360
02 Oct 2025 22:44:00,-0.025
02 Oct 2025 22:46:00,0.244
02 Oct 2025 22:47:15,-0.121
02 Oct 2025 22:48:15,-0.131
02 Oct 2025 22:48:45,-0.142
02 Oct 2025 22:49:15,-0.207
02 Oct 2025 22:51:30,-0.250
02 Oct 2025 22:57:15,0.727
02 Oct 2025 22:57:30,-0.492
02 Oct 2025 22:58:30,0.330
02 Oct 2025 22:59:00,-0.087
02 Oct 2025 22:59:45,-0.280
02 Oct 2025 23:01:45,-0.102
02 Oct 2025 23:02:00,0.193
02 Oct 2025 23:02:15,0.167
02 Oct 2025 23:05:30,0.621
02 Oct 2025 23:08:15,0.235
02 Oct 2025 23:11:30,0.317
02 Oct 2025 23:12:00,-0.144
02 Oct 2025 23:12:45,-0.227
02 Oct 2025 23:17:15,-0.067
02 Oct 2025 23:17:30,-0.222
02 Oct 2025 23:18:45,0.394
02 Oct 2025 23:20:15,-0.332
02 Oct 2025 23:21:00,0.438
02 Oct 2025 23:22:00,0.587
02 Oct 2025 23:26:30,0.353
02 Oct 2025 23:28:45,-0.582
02 Oct 2025 23:33:00,-0.257
02 Oct 2025 23:33:45,-0.484
02 Oct 2025 23:37:00,0.191
02 Oct 2025 23:38:00,0.417
02 Oct 2025 23:44:00,-0.255
02 Oct 2025 23:46:45,0.107
02 Oct 2025 23:49:00,0.209
02 Oct 2025 23:50:30,0.133
02 Oct 2025 23:53:15,0.216
03 Oct 2025 00:03:30,-0.004
03 Oct 2025 00:04:00,-0.131
03 Oct 2025 00:06:00,-0.166
03 Oct 2025 00:06:30,-0.165
03 Oct 2025 00:06:45,0.029
03 Oct 2025 00:08:15,0.295
03 Oct 2025 00:11:45,-0.041
03 Oct 2025 00:12:30,0.107
03 Oct 2025 00:13:15,-0.326
03 Oct 2025 00:18:00,-0.210
03 Oct 2025 00:23:30,-0.156
03 Oct 2025 00:26:15,0.042
03 Oct 2025 00:31:30,-0.184
03 Oct 2025 00:32:00,0.015
03 Oct 2025 00:33:00,-0.171
03 Oct 2025 00:33:15,0.523
03 Oct 2025 00:36:00,0.501
03 Oct 2025 00:37:00,0.158
03 Oct 2025 00:37:30,-0.280
03 Oct 2025 00:41:00,-0.083
03 Oct 2025 00:41:30,-0.165
03 Oct 2025 00:42:00,-0.276
03 Oct 2025 00:46:30,0.522
03 Oct 2025 00:47:30,-0.217
03 Oct 2025 00:48:30,-0.219
03 Oct 2025 00:51:00,0.390
03 Oct 2025 00:53:00,-0.184
03 Oct 2025 00:55:00,-0.395
03 Oct 2025 00:59:45,0.089
03 Oct 2025 01:00:15,0.227
03 Oct 2025 01:01:00,0.666
03 Oct 2025 01:02:15,0.211
03 Oct 2025 01:03:30,-0.087
03 Oct 2025 01:05:00,0.241
03 Oct 2025 01:05:30,-0.600
03 Oct 2025 01:06:30,0.402
03 Oct 2025 01:08:15,0.433
03 Oct 2025 01:13:45,-0.100
03 Oct 2025 01:15:30,-0.288
03 Oct 2025 01:17:00,-0.431
03 Oct 2025 01:18:30,-0.341
03 Oct 2025 01:21:00,-0.087
03 Oct 2025 01:22:30,-0.285
03 Oct 2025 01:22:45,0.037
03 Oct 2025 01:25:45,-0.353
03 Oct 2025 01:34:30,-0.004
03 Oct 2025 01:35:00,0.188
03 Oct 2025 01:35:45,-0.516
03 Oct 2025 01:37:15,-0.166
03 Oct 2025 01:39:30,0.359
03 Oct 2025 01:41:45,-0.159
03 Oct 2025 01:45:30,0.383
03 Oct 2025 01:46:15,0.154
03 Oct 2025 01:47:00,0.054
03 Oct 2025 01:47:15,-0.288
03 Oct 2025 01:49:00,-0.128
03 Oct 2025 01:50:00,0.057
03 Oct 2025 01:50:45,0.000
03 Oct 2025 01:52:15,-0.149
03 Oct 2025 01:54:45,-0.027
03 Oct 2025 01:56:45,0.466
03 Oct 2025 02:01:30,0.213
03 Oct 2025 02:04:00,0.037
03 Oct 2025 02:04:30,0.058
03 Oct 2025 02:04:45,0.809
03 Oct 2025 02:08:30,-0.335
03 Oct 2025 02:11:45,-0.349
03 Oct 2025 02:13:30,0.223
03 Oct 2025 02:14:45,-0.317
03 Oct 2025 02:16:15,-0.207
03 Oct 2025 02:16:30,0.289
03 Oct 2025 02:20:00,0.001
03 Oct 2025 02:20:15,0.552
03 Oct 2025 02:20:30,0.073
03 Oct 2025 02:22:15,0.023
03 Oct 2025 02:22:45,0.308
03 Oct 2025 02:24:00,0.432
03 Oct 2025 02:26:00,0.692
03 Oct 2025 02:27:00,-0.190
03 Oct 2025 02:28:15,0.323
03 Oct 2025 02:37:00,0.738
03 Oct 2025 02:41:30,0.539
03 Oct 2025 02:42:00,0.173
03 Oct 2025 02:42:45,-0.007
03 Oct 2025 02:43:30,-0.243
03 Oct 2025 02:46:15,0.294
03 Oct 2025 02:47:15,0.144
03 Oct 2025 02:48:00,0.200
03 Oct 2025 02:48:15,-0.405
03 Oct 2025 02:49:30,0.090
03 Oct 2025 02:54:45,0.053
03 Oct 2025 02:55:45,0.170
03 Oct 2025 02:57:45,-0.046
03 Oct 2025 03:03:45,-0.027
03 Oct 2025 03:05:45,0.442
03 Oct 2025 03:07:45,0.581
03 Oct 2025 03:11:00,-0.285
03 Oct 2025 03:13:00,-0.140
03 Oct 2025 03:13:45,-0.061
03 Oct 2025 03:16:45,0.027
03 Oct 2025 03:18:00,0.131
03 Oct 2025 03:19:00,-0.100
03 Oct 2025 03:26:15,-0.076
03 Oct 2025 03:26:30,0.148
03 Oct 2025 03:28:00,0.324
03 Oct 2025 03:28:30,0.232
03 Oct 2025 03:28:45,0.592
03 Oct 2025 03:29:30,-0.046
03 Oct 2025 03:30:45,0.158
03 Oct 2025 03:31:00,0.382
03 Oct 2025 03:31:30,0.308
03 Oct 2025 03:32:30,0.101
03 Oct 2025 03:36:00,-0.137
03 Oct 2025 03:36:30,0.251
03 Oct 2025 03:36:45,-0.351
03 Oct 2025 03:37:30,0.423
03 Oct 2025 03:39:45,-0.406
03 Oct 2025 03:40:15,-0.135
03 Oct 2025 03:49:30,-0.149
03 Oct 2025 03:54:00,0.603
03 Oct 2025 03:56:00,0.446
03 Oct 2025 03:56:15,0.223
03 Oct 2025 03:59:00,0.130
03 Oct 2025 03:59:45,-0.093
03 Oct 2025 04:00:15,0.396
03 Oct 2025 04:00:45,0.129
03 Oct 2025 04:01:30,-0.082
03 Oct 2025 04:02:30,0.405
03 Oct 2025 04:12:45,0.550
03 Oct 2025 04:14:30,0.195
03 Oct 2025 04:15:30,0.500
03 Oct 2025 04:17:30,-0.102
03 Oct 2025 04:18:15,-0.139
03 Oct 2025 04:20:00,0.090
03 Oct 2025 04:24:30,-0.032
03 Oct 2025 04:26:00,0.360
03 Oct 2025 04:27:30,0.036
03 Oct 2025 04:28:00,0.056
03 Oct 2025 04:29:30,0.402
03 Oct 2025 04:31:15,0.185
03 Oct 2025 04:36:45,0.201
03 Oct 2025 04:38:00,0.232
03 Oct 2025 04:39:30,-0.109
03 Oct 2025 04:41:15,-0.518
03 Oct 2025 04:44:15,0.290
03 Oct 2025 04:46:30,0.184
03 Oct 2025 04:48:15,0.153
03 Oct 2025 04:48:30,-0.039
03 Oct 2025 04:49:15,-0.161
03 Oct 2025 04:51:15,0.288
03 Oct 2025 04:53:15,-0.219
03 Oct 2025 04:54:15,0.501
03 Oct 2025 04:56:00,0.434
03 Oct 2025 04:56:15,-0.279
03 Oct 2025 04:58:00,-0.381
03 Oct 2025 05:01:15,-0.207
03 Oct 2025 05:01:45,-0.374
03 Oct 2025 05:02:30,-0.002
03 Oct 2025 05:06:15,0.075
03 Oct 2025 05:10:15,-0.096
03 Oct 2025 05:11:00,0.496
03 Oct 2025 05:12:30,0.049
03 Oct 2025 05:13:00,-0.102
03 Oct 2025 05:14:15,0.369
03 Oct 2025 05:17:00,-0.120
03 Oct 2025 05:17:30,-0.205
03 Oct 2025 05:20:30,0.347
03 Oct 2025 05:24:00,0.232
03 Oct 2025 05:30:30,0.141
03 Oct 2025 05:31:30,-0.114
03 Oct 2025 05:32:00,0.189
03 Oct 2025 05:35:30,0.533
03 Oct 2025 05:35:45,0.424
03 Oct 2025 05:36:45,-0.054
03 Oct 2025 05:37:45,0.348
03 Oct 2025 05:39:15,-0.234
03 Oct 2025 05:41:45,0.498
03 Oct 2025 05:45:30,0.011
03 Oct 2025 05:46:00,-0.399
03 Oct 2025 05:49:15,0.246
03 Oct 2025 05:50:30,-0.357
03 Oct 2025 05:54:30,-0.037
03 Oct 2025 05:56:30,0.449
03 Oct 2025 06:02:30,0.676
03 Oct 2025 06:04:00,0.233
03 Oct 2025 06:05:15,0.156
03 Oct 2025 06:05:30,0.022
03 Oct 2025 06:06:15,-0.285
03 Oct 2025 06:07:00,0.376
03 Oct 2025 06:08:45,-0.238
03 Oct 2025 06:09:30,-0.050
03 Oct 2025 06:13:15,0.226
03 Oct 2025 06:14:00,0.035
03 Oct 2025 06:15:00,-0.222
03 Oct 2025 06:21:45,-0.105
03 Oct 2025 06:25:30,0.038
03 Oct 2025 06:28:15,-0.026
03 Oct 2025 06:29:15,-0.191
03 Oct 2025 06:32:45,-0.383
03 Oct 2025 06:33:30,-0.119
03 Oct 2025 06:33:45,-0.311
03 Oct 2025 06:39:30,0.563
03 Oct 2025 06:40:15,-0.191
03 Oct 2025 06:42:45,0.255
03 Oct 2025 06:45:00,0.194
03 Oct 2025 06:47:45,0.020
03 Oct 2025 06:49:15,0.191
03 Oct 2025 06:51:30,-0.311
03 Oct 2025 06:55:00,-0.226
03 Oct 2025 06:56:30,0.057
03 Oct 2025 07:02:00,-0.035
03 Oct 2025 07:03:30,-0.153
03 Oct 2025 07:06:15,-0.267
03 Oct 2025 07:06:45,0.136
03 Oct 2025 07:07:00,0.206
03 Oct 2025 07:07:30,0.386
03 Oct 2025 07:08:15,0.166
03 Oct 2025 07:11:00,0.091
03 Oct 2025 07:12:00,0.055
03 Oct 2025 07:12:30,-0.277
03 Oct 2025 07:12:45,-0.474
03 Oct 2025 07:13:15,-0.050
03 Oct 2025 07:14:30,0.107
03 Oct 2025 07:17:15,0.555
03 Oct 2025 07:17:30,0.389
03 Oct 2025 07:19:45,-0.101
03 Oct 2025 07:20:45,0.163
03 Oct 2025 07:21:00,0.108
03 Oct 2025 07:22:30,0.314
03 Oct 2025 07:24:00,0.311
03 Oct 2025 07:35:30,0.308
03 Oct 2025 07:38:30,-0.173
03 Oct 2025 07:39:00,0.015
03 Oct 2025 07:39:30,-0.204
03 Oct 2025 07:39:45,0.379
03 Oct 2025 07:43:15,0.570
03 Oct 2025 07:43:45,-0.219
03 Oct 2025 07:46:00,0.265
03 Oct 2025 07:48:30,0.505
03 Oct 2025 07:52:30,-0.376
03 Oct 2025 08:00:00,-0.636
03 Oct 2025 08:03:00,-0.043
03 Oct 2025 08:04:30,-0.019
03 Oct 2025 08:05:00,-0.095
03 Oct 2025 08:07:45,-0.089
03 Oct 2025 08:09:00,-0.340
03 Oct 2025 08:10:45,0.408
03 Oct 2025 08:11:30,0.018
03 Oct 2025 08:11:45,-0.284
03 Oct 2025 08:13:00,0.165
03 Oct 2025 08:18:45,-0.237
03 Oct 2025 08:23:45,-0.386
03 Oct 2025 08:24:00,0.691
03 Oct 2025 08:25:15,0.517
03 Oct 2025 08:26:00,0.302
03 Oct 2025 08:27:00,-0.035
03 Oct 2025 08:32:00,-0.228
03 Oct 2025 08:32:15,-0.300
03 Oct 2025 08:35:15,-0.145
03 Oct 2025 08:35:30,0.226
03 Oct 2025 08:36:00,-0.048
03 Oct 2025 08:36:15,0.449
03 Oct 2025 08:36:45,-0.500
03 Oct 2025 08:38:30,-0.459
03 Oct 2025 08:39:30,-0.136
03 Oct 2025 08:44:30,-0.076
03 Oct 2025 08:45:30,-0.166
03 Oct 2025 08:48:45,-0.271
03 Oct 2025 08:49:30,0.084
03 Oct 2025 08:51:15,0.230
03 Oct 2025 08:53:00,-0.161
03 Oct 2025 08:54:15,-0.157
03 Oct 2025 09:01:00,-0.104
03 Oct 2025 09:03:00,-0.481
03 Oct 2025 09:03:15,0.117
03 Oct 2025 09:04:45,-0.043
03 Oct 2025 09:07:45,0.177
03 Oct 2025 09:08:30,0.304
03 Oct 2025 09:09:00,0.214
03 Oct 2025 09:13:15,-0.357
03 Oct 2025 09:15:45,-0.333
03 Oct 2025 09:16:00,-0.064
03 Oct 2025 09:16:30,0.042
03 Oct 2025 09:17:30,-0.382
03 Oct 2025 09:19:45,0.292
03 Oct 2025 09:29:30,0.335
03 Oct 2025 09:31:15,-0.461
03 Oct 2025 09:34:45,-0.172
03 Oct 2025 09:36:00,-0.180
03 Oct 2025 09:38:45,-0.354
03 Oct 2025 09:39:15,-0.531
03 Oct 2025 09:39:30,-0.215
03 Oct 2025 09:44:30,-0.159
03 Oct 2025 09:48:30,-0.255
03 Oct 2025 09:50:00,-0.074
03 Oct 2025 09:50:45,-0.403
03 Oct 2025 10:00:00,0.216
03 Oct 2025 10:00:30,0.376
03 Oct 2025 10:01:30,-0.286
03 Oct 2025 10:02:30,0.598
03 Oct 2025 10:03:15,0.339
03 Oct 2025 10:03:30,0.101
03 Oct 2025 10:05:00,0.108
03 Oct 2025 10:10:30,-0.367
03 Oct 2025 10:12:00,0.452
03 Oct 2025 10:12:15,-0.197
03 Oct 2025 10:13:30,0.177
03 Oct 2025 10:16:30,-0.061
03 Oct 2025 10:18:30,0.351
03 Oct 2025 10:19:15,-0.418
03 Oct 2025 10:21:15,-0.398
03 Oct 2025 10:22:15,-0.082
03 Oct 2025 10:25:15,0.553
03 Oct 2025 10:25:45,0.059
03 Oct 2025 10:26:30,0.458
03 Oct 2025 10:27:00,-0.214
03 Oct 2025 10:32:15,-0.474
03 Oct 2025 10:32:30,0.350
03 Oct 2025 10:33:45,0.365
03 Oct 2025 10:34:45,0.434
03 Oct 2025 10:36:00,0.316
03 Oct 2025 10:37:30,0.245
03 Oct 2025 10:37:45,-0.345
03 Oct 2025 10:38:00,-0.295
03 Oct 2025 10:40:00,-0.229
03 Oct 2025 10:41:15,0.255
03 Oct 2025 10:43:00,0.313
03 Oct 2025 10:46:30,-0.202
03 Oct 2025 10:47:45,0.297
03 Oct 2025 10:52:45,0.694
03 Oct 2025 10:55:45,0.246
03 Oct 2025 10:57:00,0.031
03 Oct 2025 10:57:15,-0.347
03 Oct 2025 10:58:45,-0.255
03 Oct 2025 10:59:15,0.425
03 Oct 2025 11:03:15,-0.201
03 Oct 2025 11:04:00,0.312
03 Oct 2025 11:05:15,0.009
03 Oct 2025 11:08:15,0.439
03 Oct 2025 11:09:00,0.484
03 Oct 2025 11:10:30,-0.266
03 Oct 2025 11:12:45,0.181
03 Oct 2025 11:14:45,-0.220
03 Oct 2025 11:16:15,0.176
03 Oct 2025 11:18:45,-0.172
03 Oct 2025 11:20:45,-0.192
03 Oct 2025 11:21:00,-0.717
03 Oct 2025 11:21:45,-0.045
03 Oct 2025 11:22:45,-0.011
03 Oct 2025 11:25:00,0.114
03 Oct 2025 11:26:30,-0.156
03 Oct 2025 11:28:45,0.292
03 Oct 2025 11:29:15,-0.178
03 Oct 2025 11:30:30,0.214
03 Oct 2025 11:37:15,-0.254
03 Oct 2025 11:38:45,0.051
03 Oct 2025 11:39:30,-0.176
03 Oct 2025 11:41:45,-0.436
03 Oct 2025 11:42:15,0.303
03 Oct 2025 11:42:30,-0.137
03 Oct 2025 11:43:00,-0.401
03 Oct 2025 11:48:15,0.039
03 Oct 2025 11:54:15,0.527
03 Oct 2025 11:56:00,0.351
03 Oct 2025 11:56:15,0.532
03 Oct 2025 11:58:15,0.119
03 Oct 2025 11:59:15,0.022
03 Oct 2025 12:01:15,-0.126
03 Oct 2025 12:03:00,0.581
03 Oct 2025 12:06:30,-0.253
03 Oct 2025 12:08:30,-0.264
03 Oct 2025 12:10:00,0.104
03 Oct 2025 12:10:45,-0.402
03 Oct 2025 12:17:00,0.518
03 Oct 2025 12:17:30,-0.384
03 Oct 2025 12:18:30,0.606
03 Oct 2025 12:20:45,0.428
03 Oct 2025 12:21:30,-0.138
03 Oct 2025 12:22:30,0.146
03 Oct 2025 12:25:15,0.528
03 Oct 2025 12:27:00,-0.248
03 Oct 2025 12:28:30,-0.099
03 Oct 2025 12:29:45,0.176
03 Oct 2025 12:33:30,-0.243
03 Oct 2025 12:35:00,0.294
03 Oct 2025 12:35:15,0.627
03 Oct 2025 12:37:30,-0.161
03 Oct 2025 12:39:15,0.374
03 Oct 2025 12:40:45,0.050
03 Oct 2025 12:41:30,0.408
03 Oct 2025 12:42:00,-0.331
03 Oct 2025 12:49:45,-0.342
03 Oct 2025 12:50:45,0.634
03 Oct 2025 12:52:00,0.357
03 Oct 2025 12:57:00,-0.197
03 Oct 2025 12:57:15,0.289
03 Oct 2025 12:58:45,-0.034
03 Oct 2025 13:01:15,-0.056
03 Oct 2025 13:01:45,-0.328
03 Oct 2025 13:02:45,-0.336
03 Oct 2025 13:04:30,-0.384
03 Oct 2025 13:08:00,-0.186
03 Oct 2025 13:08:30,-0.245
03 Oct 2025 13:10:00,0.158
03 Oct 2025 13:10:45,-0.091
03 Oct 2025 13:14:00,-0.297
03 Oct 2025 13:14:15,-0.668
03 Oct 2025 13:19:30,-0.258
03 Oct 2025 13:22:30,0.079
03 Oct 2025 13:23:00,0.469
03 Oct 2025 13:23:45,-0.223
03 Oct 2025 13:24:30,-0.017
03 Oct 2025 13:31:00,0.522
03 Oct 2025 13:32:00,0.377
03 Oct 2025 13:36:00,0.661
03 Oct 2025 13:39:45,-0.423
03 Oct 2025 13:42:45,0.386
03 Oct 2025 13:44:15,-0.266
03 Oct 2025 13:44:30,-0.044
03 Oct 2025 13:44:45,-0.160
03 Oct 2025 13:46:30,-0.365
03 Oct 2025 13:54:15,0.409
03 Oct 2025 14:02:15,0.350
03 Oct 2025 14:02:30,0.828
03 Oct 2025 14:04:15,-0.153
03 Oct 2025 14:04:30,0.734
03 Oct 2025 14:05:30,0.316
03 Oct 2025 14:06:15,0.090
03 Oct 2025 14:10:00,0.234
03 Oct 2025 14:12:30,-0.150
03 Oct 2025 14:13:45,0.631
03 Oct 2025 14:14:15,0.702
03 Oct 2025 14:14:45,0.512
03 Oct 2025 14:17:30,-0.152
03 Oct 2025 14:18:00,-0.244
03 Oct 2025 14:21:30,0.258
03 Oct 2025 14:25:00,-0.092
03 Oct 2025 14:28:15,0.392
03 Oct 2025 14:33:30,-0.519
03 Oct 2025 14:34:30,-0.193
03 Oct 2025 14:35:15,0.955
03 Oct 2025 14:42:00,-0.242
03 Oct 2025 14:44:45,-0.121
03 Oct 2025 14:49:00,0.878
03 Oct 2025 14:51:30,-0.292
03 Oct 2025 14:51:45,-0.433
03 Oct 2025 14:52:00,0.191
03 Oct 2025 14:53:45,0.788
03 Oct 2025 14:54:30,0.398
03 Oct 2025 14:56:45,-0.134
03 Oct 2025 14:57:30,0.489
03 Oct 2025 14:57:45,-0.073
03 Oct 2025 14:59:15,0.000
03 Oct 2025 15:00:45,0.308
03 Oct 2025 15:05:00,-0.679
03 Oct 2025 15:06:45,0.815
03 Oct 2025 15:16:15,-0.224
03 Oct 2025 15:18:15,0.564
03 Oct 2025 15:20:30,0.040
03 Oct 2025 15:24:00,0.262
03 Oct 2025 15:25:45,-0.020
03 Oct 2025 15:27:45,0.505
03 Oct 2025 15:28:15,-0.137
03 Oct 2025 15:28:30,-0.232
03 Oct 2025 15:31:15,-0.360
03 Oct 2025 15:32:15,-0.108
03 Oct 2025 15:33:45,-0.453
03 Oct 2025 15:34:00,0.101
03 Oct 2025 15:38:00,-0.494
03 Oct 2025 15:38:15,0.345
03 Oct 2025 15:38:30,-0.526
03 Oct 2025 15:40:15,-0.435
03 Oct 2025 15:41:30,-0.132
03 Oct 2025 15:44:15,-0.901
03 Oct 2025 15:47:00,-0.046
03 Oct 2025 15:47:45,0.251
03 Oct 2025 15:49:30,1.064
03 Oct 2025 15:50:45,-0.066
03 Oct 2025 15:51:45,0.345
03 Oct 2025 15:52:00,-0.284
03 Oct 2025 15:58:00,-0.018
03 Oct 2025 16:00:00,0.036
03 Oct 2025 16:01:45,-0.389
03 Oct 2025 16:04:30,-0.102
03 Oct 2025 16:06:30,0.908
03 Oct 2025 16:07:30,-0.348
03 Oct 2025 16:11:30,0.337
03 Oct 2025 16:13:15,0.339
03 Oct 2025 16:13:30,-0.063
03 Oct 2025 16:16:45,0.196
03 Oct 2025 16:18:45,-0.301
03 Oct 2025 16:19:00,-0.142
03 Oct 2025 16:21:15,0.330
03 Oct 2025 16:22:30,0.396
03 Oct 2025 16:25:30,-0.089
03 Oct 2025 16:28:15,-0.358
03 Oct 2025 16:30:30,0.282
03 Oct 2025 16:33:30,-0.366
03 Oct 2025 16:41:30,0.586
03 Oct 2025 16:41:45,0.340
03 Oct 2025 16:45:00,0.607
03 Oct 2025 16:49:45,-0.031
03 Oct 2025 16:51:15,0.017
03 Oct 2025 16:53:15,0.463
03 Oct 2025 16:54:45,-0.494
03 Oct 2025 16:57:30,0.427
03 Oct 2025 16:58:15,-0.297
03 Oct 2025 16:59:00,-0.242
03 Oct 2025 17:01:00,-0.396
03 Oct 2025 17:03:45,0.417
03 Oct 2025 17:04:30,0.325
03 Oct 2025 17:07:00,-0.426
03 Oct 2025 17:07:30,0.220
03 Oct 2025 17:13:45,0.276
03 Oct 2025 17:14:00,0.631
03 Oct 2025 17:19:15,-0.488
03 Oct 2025 17:20:00,-0.185
03 Oct 2025 17:25:45,-0.035
03 Oct 2025 17:26:00,0.304
03 Oct 2025 17:27:45,0.242
03 Oct 2025 17:28:30,0.731
03 Oct 2025 17:29:15,1.143
03 Oct 2025 17:30:15,-0.245
03 Oct 2025 17:36:45,0.068
03 Oct 2025 17:37:45,0.241
03 Oct 2025 17:38:45,-0.188
03 Oct 2025 17:41:15,-0.149
03 Oct 2025 17:42:45,0.699
03 Oct 2025 17:43:15,0.856
03 Oct 2025 17:44:45,-0.173
03 Oct 2025 17:46:45,0.231
03 Oct 2025 17:47:15,0.466
03 Oct 2025 17:47:30,0.328
03 Oct 2025 17:48:00,-0.190
03 Oct 2025 17:49:15,0.150
03 Oct 2025 17:52:45,-0.007
03 Oct 2025 17:54:15,0.146
03 Oct 2025 17:58:45,-0.422
03 Oct 2025 18:00:45,1.073
03 Oct 2025 18:02:30,-0.436
03 Oct 2025 18:02:45,0.417
03 Oct 2025 18:03:00,0.359
03 Oct 2025 18:05:30,0.333
03 Oct 2025 18:05:45,1.019
03 Oct 2025 18:07:45,0.313
03 Oct 2025 18:08:45,0.165
03 Oct 2025 18:09:45,0.443
03 Oct 2025 18:11:30,-0.219
03 Oct 2025 18:16:15,0.476
03 Oct 2025 18:17:30,0.644
03 Oct 2025 18:20:00,0.325
03 Oct 2025 18:20:45,-0.072
03 Oct 2025 18:21:00,0.605
03 Oct 2025 18:22:30,0.223
03 Oct 2025 18:23:00,0.615
03 Oct 2025 18:30:00,-0.218
03 Oct 2025 18:31:30,-0.046
03 Oct 2025 18:35:00,0.123
03 Oct 2025 18:36:00,-0.087
03 Oct 2025 18:37:00,0.402
03 Oct 2025 18:38:15,-0.047
03 Oct 2025 18:38:30,-0.477
03 Oct 2025 18:43:45,0.552
03 Oct 2025 18:44:30,-0.071
03 Oct 2025 18:47:30,-0.406
03 Oct 2025 18:51:00,0.364
03 Oct 2025 18:51:30,0.173
03 Oct 2025 18:52:00,0.027
03 Oct 2025 18:53:00,0.861
03 Oct 2025 18:55:30,0.614
03 Oct 2025 18:56:15,0.165
03 Oct 2025 18:57:15,-0.192
03 Oct 2025 18:58:00,0.034
03 Oct 2025 18:58:45,1.076
03 Oct 2025 18:59:15,0.458
03 Oct 2025 19:00:00,0.673
03 Oct 2025 19:00:15,-0.421
03 Oct 2025 19:01:30,-0.454
03 Oct 2025 19:03:00,-0.230
03 Oct 2025 19:03:45,-0.097
03 Oct 2025 19:05:30,-0.283
03 Oct 2025 19:11:15,0.660
03 Oct 2025 19:12:00,0.236
03 Oct 2025 19:13:15,-0.510
03 Oct 2025 19:14:15,-0.267
03 Oct 2025 19:15:15,0.816
03 Oct 2025 19:20:00,0.620
03 Oct 2025 19:23:45,0.204
03 Oct 2025 19:24:15,0.460
03 Oct 2025 19:26:45,-0.266
03 Oct 2025 19:27:00,0.675
03 Oct 2025 19:28:00,-0.201
03 Oct 2025 19:29:00,0.113
03 Oct 2025 19:31:15,0.074
03 Oct 2025 19:32:15,0.421
03 Oct 2025 19:35:45,0.470
03 Oct 2025 19:47:45,0.079
03 Oct 2025 19:49:30,-0.134
03 Oct 2025 19:51:30,-0.259
03 Oct 2025 19:52:00,-0.009
03 Oct 2025 19:55:30,-0.165
03 Oct 2025 19:56:15,-0.274
03 Oct 2025 19:59:15,-0.299
03 Oct 2025 20:01:30,0.318
03 Oct 2025 20:07:00,0.632
03 Oct 2025 20:08:30,0.455
03 Oct 2025 20:09:00,0.142
03 Oct 2025 20:10:15,0.304
03 Oct 2025 20:12:15,-0.120
03 Oct 2025 20:12:45,0.728
03 Oct 2025 20:14:15,-0.232
03 Oct 2025 20:15:00,0.661
03 Oct 2025 20:15:15,0.323
03 Oct 2025 20:22:30,0.248
03 Oct 2025 20:27:00,-0.089
03 Oct 2025 20:27:45,-0.020
03 Oct 2025 20:28:30,0.107
03 Oct 2025 20:30:00,-0.455
03 Oct 2025 20:30:15,0.314
03 Oct 2025 20:31:45,0.808
03 Oct 2025 20:34:30,-0.046
03 Oct 2025 20:35:15,0.413
03 Oct 2025 20:35:30,-0.224
03 Oct 2025 20:47:15,-0.446
03 Oct 2025 20:53:00,0.371
03 Oct 2025 20:55:30,0.233
03 Oct 2025 20:56:00,-0.015
03 Oct 2025 20:56:30,-0.595
03 Oct 2025 20:58:45,0.649
03 Oct 2025 20:59:45,-0.406
03 Oct 2025 21:00:15,0.617
03 Oct 2025 21:01:30,0.276
03 Oct 2025 21:02:30,0.271
03 Oct 2025 21:08:45,-0.331
03 Oct 2025 21:12:30,-0.442
03 Oct 2025 21:14:30,-0.159
03 Oct 2025 21:16:15,-0.592
03 Oct 2025 21:18:00,0.062
03 Oct 2025 21:18:15,0.006
03 Oct 2025 21:19:30,0.625
03 Oct 2025 21:22:30,0.237
03 Oct 2025 21:24:00,0.166
03 Oct 2025 21:27:00,0.129
03 Oct 2025 21:27:45,0.482
03 Oct 2025 21:32:30,-0.121
03 Oct 2025 21:35:15,-0.070
03 Oct 2025 21:37:00,0.028
03 Oct 2025 21:38:15,0.540
03 Oct 2025 21:42:45,0.373
03 Oct 2025 21:45:30,0.591
03 Oct 2025 21:48:00,0.470
03 Oct 2025 21:49:00,-0.134
03 Oct 2025 21:49:45,0.229
03 Oct 2025 21:51:00,0.120
03 Oct 2025 21:51:30,0.093
03 Oct 2025 21:52:15,0.380
03 Oct 2025 21:57:15,0.535
03 Oct 2025 22:01:30,-0.124
03 Oct 2025 22:05:15,0.363
03 Oct 2025 22:05:45,0.128
03 Oct 2025 22:06:00,-0.039
03 Oct 2025 22:08:15,-0.309
03 Oct 2025 22:08:30,-0.402
03 Oct 2025 22:11:15,0.019
03 Oct 2025 22:16:00,0.044
03 Oct 2025 22:16:30,0.268
03 Oct 2025 22:17:15,-0.691
03 Oct 2025 22:19:00,0.629
03 Oct 2025 22:23:00,-0.320
03 Oct 2025 22:23:15,0.283
03 Oct 2025 22:24:30,0.241
03 Oct 2025 22:25:00,0.112
03 Oct 2025 22:29:45,0.062
03 Oct 2025 22:31:00,-0.105
03 Oct 2025 22:32:15,0.006
03 Oct 2025 22:35:15,-0.221
03 Oct 2025 22:36:15,-0.225
03 Oct 2025 22:42:30,-0.536
03 Oct 2025 22:43:30,-0.086
03 Oct 2025 22:44:30,0.455
03 Oct 2025 22:44:45,-0.477
03 Oct 2025 22:49:15,0.175
03 Oct 2025 22:50:45,0.493
03 Oct 2025 22:53:45,0.010
03 Oct 2025 22:54:15,-0.129
03 Oct 2025 22:54:30,-0.348
03 Oct 2025 22:59:00,-0.217
03 Oct 2025 23:02:15,0.257
03 Oct 2025 23:03:45,0.115
03 Oct 2025 23:04:45,0.379
03 Oct 2025 23:07:00,-0.159
03 Oct 2025 23:09:15,-0.004
03 Oct 2025 23:09:45,0.409
03 Oct 2025 23:11:45,-0.385
03 Oct 2025 23:13:00,-0.143
03 Oct 2025 23:18:45,0.006
03 Oct 2025 23:22:15,0.270
03 Oct 2025 23:22:45,-0.053
03 Oct 2025 23:26:30,-0.058
03 Oct 2025 23:27:30,-0.347
03 Oct 2025 23:28:15,-0.470
03 Oct 2025 23:33:30,0.021
03 Oct 2025 23:34:15,0.434
03 Oct 2025 23:35:00,-0.696
03 Oct 2025 23:37:00,-0.379
03 Oct 2025 23:40:15,0.581
03 Oct 2025 23:41:15,0.080
03 Oct 2025 23:42:15,-0.453
03 Oct 2025 23:43:00,0.477
03 Oct 2025 23:43:15,0.438
03 Oct 2025 23:44:30,-0.639
03 Oct 2025 23:49:45,0.319
03 Oct 2025 23:50:30,-0.380
03 Oct 2025 23:50:45,0.167
03 Oct 2025 23:52:30,0.780
03 Oct 2025 23:52:45,0.488
04 Oct 2025 00:03:00,-0.077
04 Oct 2025 00:03:15,0.722
04 Oct 2025 00:04:30,0.036
04 Oct 2025 00:05:00,0.278
04 Oct 2025 00:06:15,-0.408
04 Oct 2025 00:13:15,0.209
04 Oct 2025 00:13:30,-0.046
04 Oct 2025 00:14:30,-0.087
04 Oct 2025 00:14:45,-0.177
04 Oct 2025 00:15:00,-0.066
04 Oct 2025 00:17:30,-0.187
04 Oct 2025 00:18:00,0.370
04 Oct 2025 00:18:15,0.147
04 Oct 2025 00:20:00,-0.205
04 Oct 2025 00:28:30,0.132
04 Oct 2025 00:28:45,-0.182
04 Oct 2025 00:31:30,0.220
04 Oct 2025 00:33:00,-0.243
04 Oct 2025 00:38:00,-0.261
04 Oct 2025 00:39:15,-0.332
04 Oct 2025 00:39:45,-0.294
04 Oct 2025 00:40:00,-0.340
04 Oct 2025 00:40:15,-0.391
04 Oct 2025 00:41:00,0.110
04 Oct 2025 00:41:45,-0.400
04 Oct 2025 00:42:15,-0.300
04 Oct 2025 00:47:15,-0.013
04 Oct 2025 00:47:30,-0.291
04 Oct 2025 00:50:45,-0.045
04 Oct 2025 00:51:30,-0.016
04 Oct 2025 00:52:00,-0.028
04 Oct 2025 00:52:45,0.451
04 Oct 2025 00:55:00,0.034
04 Oct 2025 00:58:30,-0.229
04 Oct 2025 01:01:15,0.051
04 Oct 2025 01:02:15,-0.645
04 Oct 2025 01:02:30,-0.107
04 Oct 2025 01:07:00,0.064
04 Oct 2025 01:07:15,0.133
04 Oct 2025 01:08:00,0.079
04 Oct 2025 01:11:45,0.293
04 Oct 2025 01:14:15,0.283
04 Oct 2025 01:16:15,0.507
04 Oct 2025 01:18:15,-0.366
04 Oct 2025 01:18:45,0.133
04 Oct 2025 01:19:45,-0.299
04 Oct 2025 01:20:45,0.102
04 Oct 2025 01:22:45,-0.308
04 Oct 2025 01:24:15,0.457
04 Oct 2025 01:26:15,-0.081
04 Oct 2025 01:27:30,-0.411
04 Oct 2025 01:30:00,0.053
04 Oct 2025 01:33:45,-0.272
04 Oct 2025 01:36:30,-0.293
04 Oct 2025 01:37:30,-0.064
04 Oct 2025 01:38:15,0.031
04 Oct 2025 01:40:00,0.236
04 Oct 2025 01:41:00,0.213
04 Oct 2025 01:41:15,0.479
04 Oct 2025 01:41:30,-0.086
04 Oct 2025 01:42:15,0.504
04 Oct 2025 01:43:45,-0.530
04 Oct 2025 01:44:30,0.426
04 Oct 2025 01:45:45,-0.531
04 Oct 2025 01:53:15,0.002
04 Oct 2025 01:55:00,0.270
04 Oct 2025 01:57:15,-0.247
04 Oct 2025 01:57:45,0.251
04 Oct 2025 02:00:00,0.666
04 Oct 2025 02:01:15,0.077
04 Oct 2025 02:01:30,0.223
04 Oct 2025 02:02:00,0.423
04 Oct 2025 02:02:45,0.188
04 Oct 2025 02:04:45,0.597
04 Oct 2025 02:05:45,0.508
04 Oct 2025 02:07:45,0.273
04 Oct 2025 02:10:45,0.140
04 Oct 2025 02:13:45,-0.104
04 Oct 2025 02:20:45,-0.070
04 Oct 2025 02:21:30,0.010
04 Oct 2025 02:22:15,0.204
04 Oct 2025 02:26:15,0.177
04 Oct 2025 02:31:00,-0.127
04 Oct 2025 02:33:00,0.200
04 Oct 2025 02:34:45,-0.223
04 Oct 2025 02:36:30,-0.076
04 Oct 2025 02:36:45,0.480
04 Oct 2025 02:37:15,0.067
04 Oct 2025 02:41:00,0.282
04 Oct 2025 02:41:45,-0.157
04 Oct 2025 02:42:00,0.309
04 Oct 2025 02:45:30,0.637
04 Oct 2025 02:52:30,-0.286
04 Oct 2025 02:55:45,-0.230
04 Oct 2025 03:00:45,0.393
04 Oct 2025 03:01:30,0.364
04 Oct 2025 03:05:15,0.108
04 Oct 2025 03:16:45,0.242
04 Oct 2025 03:19:00,0.250
04 Oct 2025 03:23:30,0.270
04 Oct 2025 03:25:15,-0.002
04 Oct 2025 03:26:00,0.040
04 Oct 2025 03:30:15,0.229
04 Oct 2025 03:33:45,-0.023
04 Oct 2025 03:36:00,0.198
04 Oct 2025 03:37:00,-0.026
04 Oct 2025 03:38:15,0.066
04 Oct 2025 03:39:30,-0.324
04 Oct 2025 03:43:00,-0.104
04 Oct 2025 03:44:00,0.080
04 Oct 2025 03:45:45,-0.088
04 Oct 2025 03:51:30,-0.036
04 Oct 2025 03:55:15,0.405
04 Oct 2025 03:57:15,0.178
04 Oct 2025 03:58:30,0.310
04 Oct 2025 03:58:45,-0.009
04 Oct 2025 04:00:00,0.056
04 Oct 2025 04:01:15,-0.037
04 Oct 2025 04:02:15,0.363
04 Oct 2025 04:02:45,0.135
04 Oct 2025 04:07:00,0.252
04 Oct 2025 04:17:30,-0.173
04 Oct 2025 04:18:15,-0.171
04 Oct 2025 04:20:00,0.340
04 Oct 2025 04:21:15,0.263
04 Oct 2025 04:25:15,0.392
04 Oct 2025 04:26:45,-0.229
04 Oct 2025 04:29:30,-0.060
04 Oct 2025 04:30:15,0.025
04 Oct 2025 04:30:45,0.113
04 Oct 2025 04:31:00,-0.022
04 Oct 2025 04:32:00,0.164
04 Oct 2025 04:32:30,0.275
04 Oct 2025 04:35:15,0.329
04 Oct 2025 04:35:45,-0.080
04 Oct 2025 04:38:00,0.041
04 Oct 2025 04:39:15,0.158
04 Oct 2025 04:41:30,-0.029
04 Oct 2025 04:41:45,-0.089
04 Oct 2025 04:42:00,0.421
04 Oct 2025 04:44:00,0.115
04 Oct 2025 04:47:30,-0.081
04 Oct 2025 04:49:00,0.045
04 Oct 2025 04:49:15,0.176
04 Oct 2025 04:49:30,0.339
04 Oct 2025 04:58:45,0.135
04 Oct 2025 04:59:00,0.515
04 Oct 2025 05:00:00,-0.043
04 Oct 2025 05:08:00,0.289
04 Oct 2025 05:09:00,0.274
04 Oct 2025 05:09:45,-0.049
04 Oct 2025 05:13:30,0.415
04 Oct 2025 05:15:30,0.397
04 Oct 2025 05:16:30,0.265
04 Oct 2025 05:19:15,0.194
04 Oct 2025 05:20:30,0.137
04 Oct 2025 05:20:45,0.064
04 Oct 2025 05:22:00,0.170
04 Oct 2025 05:23:30,0.384
04 Oct 2025 05:23:45,0.056
04 Oct 2025 05:27:15,0.405
04 Oct 2025 05:29:45,0.411
04 Oct 2025 05:31:45,-0.003
04 Oct 2025 05:33:45,-0.002
04 Oct 2025 05:35:00,0.281
04 Oct 2025 05:43:15,0.048
04 Oct 2025 05:46:00,-0.033
04 Oct 2025 05:46:15,0.397
04 Oct 2025 05:47:45,-0.097
04 Oct 2025 05:52:15,0.081
04 Oct 2025 05:53:00,-0.006
04 Oct 2025 05:54:45,0.270
04 Oct 2025 05:55:00,0.076
04 Oct 2025 05:55:15,0.426
04 Oct 2025 05:57:00,0.350
04 Oct 2025 06:01:15,0.245
04 Oct 2025 06:02:45,0.353
04 Oct 2025 06:05:30,0.255
04 Oct 2025 06:05:45,0.122
04 Oct 2025 06:06:45,0.241
04 Oct 2025 06:07:15,0.275
04 Oct 2025 06:09:30,0.254
04 Oct 2025 06:11:30,0.400
04 Oct 2025 06:16:30,0.417
04 Oct 2025 06:17:30,0.177
04 Oct 2025 06:17:45,0.272
04 Oct 2025 06:18:30,-0.153
04 Oct 2025 06:19:15,-0.279
04 Oct 2025 06:20:15,0.186
04 Oct 2025 06:20:30,0.262
04 Oct 2025 06:26:45,0.620
04 Oct 2025 06:27:00,0.186
04 Oct 2025 06:29:00,0.171
04 Oct 2025 06:29:15,0.332
04 Oct 2025 06:33:00,0.140
04 Oct 2025 06:39:30,0.146
04 Oct 2025 06:39:45,0.427
04 Oct 2025 06:43:30,0.107
04 Oct 2025 06:45:45,0.051
04 Oct 2025 06:46:00,-0.064
04 Oct 2025 06:46:30,0.134
04 Oct 2025 06:46:45,0.458
04 Oct 2025 06:50:30,0.243
04 Oct 2025 06:51:15,-0.242
04 Oct 2025 07:02:15,0.171
04 Oct 2025 07:02:45,0.188
04 Oct 2025 07:04:15,0.020
04 Oct 2025 07:04:30,-0.032
04 Oct 2025 07:09:15,0.105
04 Oct 2025 07:09:45,0.396
04 Oct 2025 07:10:15,0.042
04 Oct 2025 07:10:30,0.149
04 Oct 2025 07:12:30,0.044
04 Oct 2025 07:13:00,0.249
04 Oct 2025 07:14:30,-0.012
04 Oct 2025 07:15:00,0.278
04 Oct 2025 07:18:30,-0.014
04 Oct 2025 07:22:00,0.326
04 Oct 2025 07:24:00,0.303
04 Oct 2025 07:24:30,0.560
04 Oct 2025 07:28:15,0.282
04 Oct 2025 07:28:45,0.282
04 Oct 2025 07:29:45,0.428
04 Oct 2025 07:30:00,0.565
04 Oct 2025 07:30:15,0.263
04 Oct 2025 07:30:45,0.226
04 Oct 2025 07:31:45,0.293
04 Oct 2025 07:32:15,-0.165
04 Oct 2025 07:33:45,-0.053
04 Oct 2025 07:34:30,-0.156
04 Oct 2025 07:38:30,0.269
04 Oct 2025 07:39:00,0.152
04 Oct 2025 07:48:30,0.141
04 Oct 2025 07:51:00,0.591
04 Oct 2025 07:53:00,0.006
04 Oct 2025 07:55:45,0.108
04 Oct 2025 07:57:30,0.129
04 Oct 2025 08:02:45,0.228
04 Oct 2025 08:06:00,0.186
04 Oct 2025 08:06:45,0.052
04 Oct 2025 08:07:45,0.249
04 Oct 2025 08:08:00,0.249
04 Oct 2025 08:09:15,0.399
04 Oct 2025 08:11:15,0.007
04 Oct 2025 08:13:15,-0.002
04 Oct 2025 08:13:45,-0.064
04 Oct 2025 08:16:00,0.166
04 Oct 2025 08:16:15,0.073
04 Oct 2025 08:16:30,0.239
04 Oct 2025 08:18:15,0.316
04 Oct 2025 08:21:15,-0.128
04 Oct 2025 08:22:15,0.023
04 Oct 2025 08:23:15,0.201
04 Oct 2025 08:28:15,-0.023
04 Oct 2025 08:32:00,0.128
04 Oct 2025 08:32:15,0.293
04 Oct 2025 08:33:30,-0.011
04 Oct 2025 08:34:30,0.186
04 Oct 2025 08:38:30,-0.086
04 Oct 2025 08:43:00,-0.278
04 Oct 2025 08:44:15,0.024
04 Oct 2025 08:45:30,0.406
04 Oct 2025 08:50:00,0.156
04 Oct 2025 08:51:30,-0.233
04 Oct 2025 08:52:15,0.005
04 Oct 2025 08:52:45,0.012
04 Oct 2025 08:53:15,0.338
04 Oct 2025 08:56:30,0.035
04 Oct 2025 08:57:00,0.104
04 Oct 2025 09:04:45,0.253
04 Oct 2025 09:08:45,0.141
04 Oct 2025 09:11:00,0.050
04 Oct 2025 09:11:15,0.218
04 Oct 2025 09:14:00,-0.007
04 Oct 2025 09:14:30,-0.104
04 Oct 2025 09:15:15,0.388
04 Oct 2025 09:16:15,0.231
04 Oct 2025 09:17:15,0.516
04 Oct 2025 09:18:30,0.205
04 Oct 2025 09:20:45,0.552
04 Oct 2025 09:22:15,0.135
04 Oct 2025 09:23:00,0.107
04 Oct 2025 09:26:30,0.343
04 Oct 2025 09:27:45,0.267
04 Oct 2025 09:31:00,0.005
04 Oct 2025 09:33:00,0.372
04 Oct 2025 09:35:00,-0.082
04 Oct 2025 09:38:00,-0.305
04 Oct 2025 09:38:45,0.191
04 Oct 2025 09:39:00,0.084
04 Oct 2025 09:39:45,-0.167
04 Oct 2025 09:41:00,0.394
04 Oct 2025 09:43:45,-0.007
04 Oct 2025 09:44:00,-0.322
04 Oct 2025 09:49:30,0.074
04 Oct 2025 09:52:30,0.038
04 Oct 2025 09:55:30,-0.093
04 Oct 2025 09:56:15,0.399
04 Oct 2025 09:56:30,0.059
04 Oct 2025 10:00:15,0.293
04 Oct 2025 10:02:15,-0.322
04 Oct 2025 10:04:00,-0.224
04 Oct 2025 10:06:45,0.009
04 Oct 2025 10:08:45,0.184
04 Oct 2025 10:12:45,-0.165
04 Oct 2025 10:13:15,0.239
04 Oct 2025 10:16:15,-0.273
04 Oct 2025 10:17:45,-0.197
04 Oct 2025 10:18:45,-0.149
04 Oct 2025 10:20:15,0.203
04 Oct 2025 10:23:15,0.069
04 Oct 2025 10:28:15,0.100
04 Oct 2025 10:29:00,-0.504
04 Oct 2025 10:29:15,-0.062
04 Oct 2025 10:31:15,-0.024
04 Oct 2025 10:39:00,0.071
04 Oct 2025 10:41:45,0.269
04 Oct 2025 10:42:30,0.329
04 Oct 2025 10:45:00,0.064
04 Oct 2025 10:47:15,0.355
04 Oct 2025 10:47:45,0.239
04 Oct 2025 10:48:00,0.123
04 Oct 2025 10:48:15,-0.012
04 Oct 2025 10:54:45,-0.134
04 Oct 2025 10:59:00,-0.381
04 Oct 2025 11:01:15,0.023
04 Oct 2025 11:05:45,-0.468
04 Oct 2025 11:06:30,-0.128
04 Oct 2025 11:07:00,0.180
04 Oct 2025 11:09:30,0.058
04 Oct 2025 11:10:30,-0.077
04 Oct 2025 11:14:00,0.131
04 Oct 2025 11:15:00,-0.202
04 Oct 2025 11:16:15,0.109
04 Oct 2025 11:16:45,0.214
04 Oct 2025 11:17:45,0.030
04 Oct 2025 11:20:15,0.102
04 Oct 2025 11:22:15,-0.163
04 Oct 2025 11:27:00,-0.261
04 Oct 2025 11:28:00,-0.130
04 Oct 2025 11:31:00,0.269
04 Oct 2025 11:31:30,-0.263
04 Oct 2025 11:32:00,-0.126
04 Oct 2025 11:34:00,0.098
04 Oct 2025 11:35:45,0.197
04 Oct 2025 11:40:00,-0.128
04 Oct 2025 11:40:30,-0.123
04 Oct 2025 11:41:15,0.074
04 Oct 2025 11:42:15,0.085
04 Oct 2025 11:46:00,0.291
04 Oct 2025 11:47:15,-0.098
04 Oct 2025 11:52:00,0.078
04 Oct 2025 11:52:30,0.433
04 Oct 2025 11:57:15,0.086
04 Oct 2025 11:59:15,0.173
04 Oct 2025 12:00:45,0.179
04 Oct 2025 12:02:45,-0.046
04 Oct 2025 12:03:15,-0.083
04 Oct 2025 12:04:45,0.177
04 Oct 2025 12:09:45,0.160
04 Oct 2025 12:11:15,-0.169
04 Oct 2025 12:13:45,0.187
04 Oct 2025 12:15:30,0.262
04 Oct 2025 12:17:15,-0.025
04 Oct 2025 12:19:45,0.042
04 Oct 2025 12:21:30,0.180
04 Oct 2025 12:23:00,-0.027
04 Oct 2025 12:23:15,0.039
04 Oct 2025 12:24:15,0.056
04 Oct 2025 12:24:30,0.040
04 Oct 2025 12:25:45,0.239
04 Oct 2025 12:26:00,-0.113
04 Oct 2025 12:26:30,0.080
04 Oct 2025 12:28:15,-0.185
04 Oct 2025 12:32:00,-0.068
04 Oct 2025 12:34:00,0.209
04 Oct 2025 12:35:30,-0.079
04 Oct 2025 12:37:45,-0.111
04 Oct 2025 12:40:45,-0.090
04 Oct 2025 12:42:00,-0.182
04 Oct 2025 12:43:15,0.118
04 Oct 2025 12:45:15,0.340
04 Oct 2025 12:45:45,0.048
04 Oct 2025 12:50:45,0.134
04 Oct 2025 12:55:30,0.089
04 Oct 2025 12:57:30,0.098
04 Oct 2025 12:58:00,-0.147
04 Oct 2025 13:01:45,-0.163
04 Oct 2025 13:02:15,0.279
04 Oct 2025 13:04:45,0.044
04 Oct 2025 13:07:15,0.061
04 Oct 2025 13:14:15,0.203
04 Oct 2025 13:14:45,0.199
04 Oct 2025 13:18:30,-0.074
04 Oct 2025 13:22:45,0.277
04 Oct 2025 13:26:00,0.010
04 Oct 2025 13:28:30,0.162
04 Oct 2025 13:40:30,-0.094
04 Oct 2025 13:41:15,0.133
04 Oct 2025 13:42:00,0.119
04 Oct 2025 13:44:30,0.026
04 Oct 2025 13:46:00,0.268
04 Oct 2025 13:46:30,0.339
04 Oct 2025 13:50:45,0.107
04 Oct 2025 13:52:15,-0.073
04 Oct 2025 13:52:45,0.069
04 Oct 2025 13:53:45,-0.006
04 Oct 2025 13:55:30,0.028
04 Oct 2025 14:01:00,0.123
04 Oct 2025 14:01:30,-0.141
04 Oct 2025 14:01:45,0.069
04 Oct 2025 14:09:00,0.149
04 Oct 2025 14:09:45,0.045
04 Oct 2025 14:11:30,0.277
04 Oct 2025 14:12:00,0.031
04 Oct 2025 14:15:15,0.099
04 Oct 2025 14:15:45,-0.059
04 Oct 2025 14:19:30,0.227
04 Oct 2025 14:22:00,0.259
04 Oct 2025 14:22:30,0.010
04 Oct 2025 14:22:45,-0.004
04 Oct 2025 14:27:00,0.331
04 Oct 2025 14:31:15,0.348
04 Oct 2025 14:31:30,0.134
04 Oct 2025 14:32:30,-0.043
04 Oct 2025 14:33:30,0.371
04 Oct 2025 14:37:45,0.196
04 Oct 2025 14:41:30,0.049
04 Oct 2025 14:42:15,0.183
04 Oct 2025 14:42:45,-0.076
04 Oct 2025 14:44:30,-0.024
04 Oct 2025 14:47:00,0.081
04 Oct 2025 14:47:15,0.265
04 Oct 2025 14:49:00,0.172
04 Oct 2025 14:50:00,0.250
04 Oct 2025 14:52:45,-0.052
04 Oct 2025 14:53:30,0.087
04 Oct 2025 14:57:15,0.183
04 Oct 2025 15:00:30,0.323
04 Oct 2025 15:02:15,0.123
04 Oct 2025 15:06:00,-0.029
04 Oct 2025 15:09:45,-0.006
04 Oct 2025 15:13:15,0.244
04 Oct 2025 15:15:45,0.081
04 Oct 2025 15:16:45,0.189
04 Oct 2025 15:19:45,0.128
04 Oct 2025 15:21:15,0.176
04 Oct 2025 15:25:00,0.064
04 Oct 2025 15:26:00,0.217
04 Oct 2025 15:28:45,0.259
04 Oct 2025 15:30:30,0.306
04 Oct 2025 15:32:30,0.184
04 Oct 2025 15:34:00,0.293
04 Oct 2025 15:39:00,0.312
04 Oct 2025 15:41:30,0.159
04 Oct 2025 15:43:15,0.085
04 Oct 2025 15:44:15,0.338
04 Oct 2025 15:48:15,0.140
04 Oct 2025 15:49:45,-0.009
04 Oct 2025 15:51:15,0.156
04 Oct 2025 15:51:45,0.161
04 Oct 2025 15:53:00,0.095
04 Oct 2025 16:00:45,0.095
04 Oct 2025 16:06:00,0.260
04 Oct 2025 16:06:30,0.335
04 Oct 2025 16:10:00,0.176
04 Oct 2025 16:10:15,0.323
04 Oct 2025 16:11:30,0.213
04 Oct 2025 16:17:00,0.131
04 Oct 2025 16:19:30,0.238
04 Oct 2025 16:22:30,0.294
04 Oct 2025 16:24:45,0.318
04 Oct 2025 16:28:15,0.260
04 Oct 2025 16:30:45,0.251
04 Oct 2025 16:32:00,0.307
04 Oct 2025 16:33:15,0.183
04 Oct 2025 16:34:15,0.110
04 Oct 2025 16:36:15,0.258
04 Oct 2025 16:36:45,0.069
04 Oct 2025 16:37:45,0.089
04 Oct 2025 16:38:45,0.232
04 Oct 2025 16:39:00,0.196
04 Oct 2025 16:39:30,0.326
04 Oct 2025 16:43:15,0.090
04 Oct 2025 16:52:00,0.276
04 Oct 2025 16:52:15,0.236
04 Oct 2025 16:55:30,0.412
04 Oct 2025 16:56:45,0.411
04 Oct 2025 17:00:15,0.133
04 Oct 2025 17:01:15,0.345
04 Oct 2025 17:02:15,0.248
04 Oct 2025 17:04:00,0.118
04 Oct 2025 17:04:30,0.295
04 Oct 2025 17:09:15,0.238
04 Oct 2025 17:09:45,0.316
04 Oct 2025 17:10:15,0.141
04 Oct 2025 17:10:30,0.266
04 Oct 2025 17:17:15,0.159
04 Oct 2025 17:19:45,0.357
04 Oct 2025 17:25:00,0.270
04 Oct 2025 17:31:15,0.206
04 Oct 2025 17:33:00,0.253
04 Oct 2025 17:35:15,0.235
04 Oct 2025 17:35:45,0.291
04 Oct 2025 17:36:45,0.252
04 Oct 2025 17:40:15,0.249
04 Oct 2025 17:41:00,0.297
04 Oct 2025 17:42:30,0.256
04 Oct 2025 17:43:15,0.150
04 Oct 2025 17:44:15,0.231
04 Oct 2025 17:45:15,0.149
04 Oct 2025 17:48:30,0.216
04 Oct 2025 17:49:30,0.185
04 Oct 2025 17:50:30,0.254
04 Oct 2025 17:53:00,0.228
04 Oct 2025 17:55:15,0.237
04 Oct 2025 17:56:00,0.240
04 Oct 2025 18:02:00,0.269
04 Oct 2025 18:02:30,0.244
04 Oct 2025 18:02:45,0.311
04 Oct 2025 18:04:15,0.206
04 Oct 2025 18:05:00,0.240
04 Oct 2025 18:05:45,0.160
04 Oct 2025 18:06:45,0.265
04 Oct 2025 18:10:00,0.346
04 Oct 2025 18:13:45,0.096
04 Oct 2025 18:14:00,0.378
04 Oct 2025 18:15:15,0.210
04 Oct 2025 18:18:00,0.262
04 Oct 2025 18:19:45,0.153
04 Oct 2025 18:20:45,0.259
04 Oct 2025 18:28:15,0.231
04 Oct 2025 18:30:45,0.239
04 Oct 2025 18:35:30,0.254
04 Oct 2025 18:35:45,0.308
04 Oct 2025 18:36:45,0.166
04 Oct 2025 18:39:15,0.159
04 Oct 2025 18:40:00,0.302
04 Oct 2025 18:40:30,0.359
04 Oct 2025 18:41:15,0.191
04 Oct 2025 18:41:45,0.217
04 Oct 2025 18:43:30,0.302
04 Oct 2025 18:44:30,0.335
04 Oct 2025 18:47:45,0.353
04 Oct 2025 18:48:30,0.232
04 Oct 2025 18:52:15,0.202
04 Oct 2025 18:59:45,0.248
04 Oct 2025 19:00:15,0.233
04 Oct 2025 19:02:30,0.242
04 Oct 2025 19:06:00,0.214
04 Oct 2025 19:07:15,0.235
04 Oct 2025 19:11:15,0.281
04 Oct 2025 19:12:00,0.135
04 Oct 2025 19:13:45,0.098
04 Oct 2025 19:14:00,0.325
04 Oct 2025 19:14:15,0.197
04 Oct 2025 19:14:30,0.145
04 Oct 2025 19:19:45,0.145
04 Oct 2025 19:21:30,0.087
04 Oct 2025 19:23:00,0.125
04 Oct 2025 19:24:15,0.235
04 Oct 2025 19:24:30,0.217
04 Oct 2025 19:26:15,0.231
04 Oct 2025 19:27:30,0.204
04 Oct 2025 19:29:15,0.097
04 Oct 2025 19:29:45,0.157
04 Oct 2025 19:30:15,0.197
04 Oct 2025 19:30:45,0.115
04 Oct 2025 19:35:30,0.165
04 Oct 2025 19:38:00,0.139
04 Oct 2025 19:40:00,0.367
04 Oct 2025 19:42:30,0.275
04 Oct 2025 19:44:15,0.290
04 Oct 2025 19:45:00,0.277
04 Oct 2025 19:45:30,0.314
04 Oct 2025 19:45:45,0.106
04 Oct 2025 19:47:15,0.238
04 Oct 2025 19:49:15,0.137
04 Oct 2025 19:50:00,0.238
04 Oct 2025 19:50:45,0.333
04 Oct 2025 19:51:15,0.300
04 Oct 2025 20:00:00,0.172
04 Oct 2025 20:00:15,0.218
04 Oct 2025 20:01:30,0.179
04 Oct 2025 20:02:30,0.198
04 Oct 2025 20:04:15,0.119
04 Oct 2025 20:06:30,0.172
04 Oct 2025 20:07:30,0.282
04 Oct 2025 20:10:15,0.225
04 Oct 2025 20:12:30,0.293
04 Oct 2025 20:14:30,0.150
04 Oct 2025 20:17:30,0.266
04 Oct 2025 20:17:45,0.125
04 Oct 2025 20:20:15,0.208
04 Oct 2025 20:22:00,0.119
04 Oct 2025 20:22:30,0.313
04 Oct 2025 20:23:15,-0.045
04 Oct 2025 20:23:45,0.096
04 Oct 2025 20:28:00,0.050
04 Oct 2025 20:28:30,0.086
04 Oct 2025 20:33:15,0.192
04 Oct 2025 20:34:45,0.199
04 Oct 2025 20:36:30,0.324
04 Oct 2025 20:36:45,0.197
04 Oct 2025 20:37:30,0.029
04 Oct 2025 20:38:15,0.215
04 Oct 2025 20:41:45,0.172
04 Oct 2025 20:44:15,0.168
04 Oct 2025 20:47:30,0.089
04 Oct 2025 20:48:15,0.154
04 Oct 2025 20:48:45,0.083
04 Oct 2025 20:49:15,0.183
04 Oct 2025 20:50:15,0.109
04 Oct 2025 20:52:30,0.126
04 Oct 2025 20:54:00,0.137
04 Oct 2025 20:57:00,0.047
04 Oct 2025 20:57:45,0.224
04 Oct 2025 20:59:00,0.089
04 Oct 2025 21:02:00,0.130
04 Oct 2025 21:03:15,0.259
04 Oct 2025 21:06:00,0.211
04 Oct 2025 21:08:15,0.116
04 Oct 2025 21:09:45,0.183
04 Oct 2025 21:10:45,0.112
04 Oct 2025 21:13:45,0.022
04 Oct 2025 21:14:30,0.175
04 Oct 2025 21:17:30,0.227
04 Oct 2025 21:20:30,0.192
04 Oct 2025 21:23:15,0.079
04 Oct 2025 21:25:00,0.111
04 Oct 2025 21:30:30,0.035
04 Oct 2025 21:30:45,0.060
04 Oct 2025 21:33:00,-0.027
04 Oct 2025 21:33:30,0.170
04 Oct 2025 21:36:45,0.093
04 Oct 2025 21:48:45,0.062
04 Oct 2025 21:49:00,0.113
04 Oct 2025 21:55:30,0.129
04 Oct 2025 22:00:00,0.142
04 Oct 2025 22:03:00,0.005
04 Oct 2025 22:03:15,0.130
04 Oct 2025 22:05:00,0.008
04 Oct 2025 22:05:45,0.079
04 Oct 2025 22:07:00,0.162
04 Oct 2025 22:07:15,0.034
04 Oct 2025 22:09:30,0.019
04 Oct 2025 22:10:30,0.091
04 Oct 2025 22:10:45,-0.045
04 Oct 2025 22:12:30,0.036
04 Oct 2025 22:13:30,0.111
04 Oct 2025 22:14:30,0.073
04 Oct 2025 22:15:15,0.023
04 Oct 2025 22:17:00,0.091
04 Oct 2025 22:18:45,0.156
04 Oct 2025 22:21:15,0.075
04 Oct 2025 22:22:30,0.097
04 Oct 2025 22:22:45,-0.001
04 Oct 2025 22:23:15,0.015
04 Oct 2025 22:26:15,0.093
04 Oct 2025 22:27:00,0.057
04 Oct 2025 22:28:15,0.056
04 Oct 2025 22:30:00,-0.009
04 Oct 2025 22:37:30,0.011
04 Oct 2025 22:39:30,0.097
04 Oct 2025 22:41:00,0.066
04 Oct 2025 22:41:30,0.029
04 Oct 2025 22:41:45,0.052
04 Oct 2025 22:43:45,0.018
04 Oct 2025 22:44:45,-0.033
04 Oct 2025 22:45:45,0.058
04 Oct 2025 22:46:30,0.029
04 Oct 2025 22:47:30,0.087
04 Oct 2025 22:49:30,0.044
04 Oct 2025 22:57:15,0.083
04 Oct 2025 23:01:45,0.061
04 Oct 2025 23:05:00,0.095
04 Oct 2025 23:05:30,0.102
04 Oct 2025 23:08:15,-0.015
04 Oct 2025 23:14:15,0.033
04 Oct 2025 23:18:15,0.079
04 Oct 2025 23:26:45,0.044
04 Oct 2025 23:30:00,-0.033
04 Oct 2025 23:31:15,0.057
04 Oct 2025 23:33:30,-0.018
04 Oct 2025 23:34:30,0.022
04 Oct 2025 23:36:00,-0.037
04 Oct 2025 23:37:30,0.020
04 Oct 2025 23:38:45,-0.001
04 Oct 2025 23:40:45,0.048
04 Oct 2025 23:41:00,0.065
04 Oct 2025 23:41:30,-0.015
04 Oct 2025 23:42:30,0.008
04 Oct 2025 23:44:15,-0.005
04 Oct 2025 23:48:15,0.045
04 Oct 2025 23:53:30,-0.064
04 Oct 2025 23:53:45,-0.022
04 Oct 2025 23:55:00,-0.052
05 Oct 2025 00:02:15,-0.058
05 Oct 2025 00:04:45,0.124
05 Oct 2025 00:05:30,0.036
05 Oct 2025 00:08:30,-0.031
05 Oct 2025 00:10:15,-0.001
05 Oct 2025 00:11:00,0.029
05 Oct 2025 00:16:00,0.031
05 Oct 2025 00:18:30,0.064
05 Oct 2025 00:19:45,-0.041
05 Oct 2025 00:20:15,-0.062
05 Oct 2025 00:21:30,0.032
05 Oct 2025 00:23:45,0.015
05 Oct 2025 00:24:30,0.020
05 Oct 2025 00:26:30,0.046
05 Oct 2025 00:28:30,0.000
05 Oct 2025 00:30:30,0.122
05 Oct 2025 00:31:30,0.017
05 Oct 2025 00:33:00,0.070
05 Oct 2025 00:34:00,0.076
05 Oct 2025 00:36:00,-0.022
05 Oct 2025 00:37:15,0.053
05 Oct 2025 00:40:45,-0.005
05 Oct 2025 00:42:30,0.010
05 Oct 2025 00:48:15,0.046
05 Oct 2025 00:50:45,0.003
05 Oct 2025 00:55:00,0.046
05 Oct 2025 00:57:15,-0.086
05 Oct 2025 01:02:15,0.010
05 Oct 2025 01:03:30,0.047
05 Oct 2025 01:03:45,0.051
05 Oct 2025 01:04:15,0.041
05 Oct 2025 01:05:00,-0.005
05 Oct 2025 01:07:30,0.127
05 Oct 2025 01:09:00,0.011
05 Oct 2025 01:10:15,0.030
05 Oct 2025 01:12:00,0.036
05 Oct 2025 01:12:30,0.007
05 Oct 2025 01:16:30,0.023
05 Oct 2025 01:16:45,0.044
05 Oct 2025 01:17:30,0.013
05 Oct 2025 01:20:15,0.040
05 Oct 2025 01:22:15,0.060
05 Oct 2025 01:22:45,0.009
05 Oct 2025 01:30:00,0.063
05 Oct 2025 01:34:15,0.088
05 Oct 2025 01:34:30,0.068
05 Oct 2025 01:35:45,0.034
05 Oct 2025 01:40:15,0.088
05 Oct 2025 01:40:30,0.072
05 Oct 2025 01:41:15,0.104
05 Oct 2025 01:41:30,0.121
05 Oct 2025 01:42:30,0.035
05 Oct 2025 01:43:30,0.037
05 Oct 2025 01:45:00,0.090
05 Oct 2025 01:45:15,0.006
05 Oct 2025 01:51:30,0.048
05 Oct 2025 01:52:15,0.097
05 Oct 2025 01:53:30,0.012
05 Oct 2025 01:58:00,0.031
05 Oct 2025 01:58:30,0.084
05 Oct 2025 02:00:15,0.026
05 Oct 2025 02:03:30,0.047
05 Oct 2025 02:03:45,0.041
05 Oct 2025 02:05:00,0.084
05 Oct 2025 02:05:15,0.011
05 Oct 2025 02:06:00,0.058
05 Oct 2025 02:06:15,0.065
05 Oct 2025 02:06:45,0.027
05 Oct 2025 02:07:00,0.007
05 Oct 2025 02:09:00,0.083
05 Oct 2025 02:11:15,0.070
05 Oct 2025 02:11:30,0.034
05 Oct 2025 02:18:30,0.040
05 Oct 2025 02:21:00,0.059
05 Oct 2025 02:22:00,0.066
05 Oct 2025 02:24:30,0.059
05 Oct 2025 02:26:30,0.075
05 Oct 2025 02:27:45,0.116
05 Oct 2025 02:28:30,0.120
05 Oct 2025 02:31:00,0.011
05 Oct 2025 02:31:30,0.085
05 Oct 2025 02:38:30,0.091
05 Oct 2025 02:39:00,0.057
05 Oct 2025 02:40:45,0.117
05 Oct 2025 02:46:45,0.159
05 Oct 2025 02:47:30,0.080
05 Oct 2025 02:48:45,0.102
05 Oct 2025 02:49:30,0.108
05 Oct 2025 02:51:00,0.119
05 Oct 2025 02:54:15,0.074
05 Oct 2025 02:57:15,0.108
05 Oct 2025 02:57:45,0.065
05 Oct 2025 02:58:00,0.076
05 Oct 2025 03:01:00,0.076
05 Oct 2025 03:02:15,0.075
05 Oct 2025 03:02:45,0.091
05 Oct 2025 03:03:00,0.088
05 Oct 2025 03:06:15,0.133
05 Oct 2025 03:08:00,0.113
05 Oct 2025 03:08:45,0.126
05 Oct 2025 03:09:15,0.104
05 Oct 2025 03:12:00,0.134
05 Oct 2025 03:17:15,0.128
05 Oct 2025 03:17:30,0.118
05 Oct 2025 03:24:00,0.094
05 Oct 2025 03:24:15,0.127
05 Oct 2025 03:26:15,0.151
05 Oct 2025 03:27:15,0.066
05 Oct 2025 03:28:30,0.131
05 Oct 2025 03:29:15,0.140
05 Oct 2025 03:32:30,0.129
05 Oct 2025 03:35:30,0.119
05 Oct 2025 03:37:30,0.128
05 Oct 2025 03:37:45,0.099
05 Oct 2025 03:41:45,0.124
05 Oct 2025 03:42:15,0.126
05 Oct 2025 03:43:30,0.167
05 Oct 2025 03:45:15,0.227
05 Oct 2025 03:45:30,0.145
05 Oct 2025 03:48:30,0.201
05 Oct 2025 03:49:15,0.172
05 Oct 2025 03:50:45,0.147
05 Oct 2025 03:52:00,0.160
05 Oct 2025 04:00:00,0.140
05 Oct 2025 04:02:00,0.162
05 Oct 2025 04:04:15,0.196
05 Oct 2025 04:06:00,0.136
05 Oct 2025 04:06:45,0.148
05 Oct 2025 04:07:30,0.148
05 Oct 2025 04:08:15,0.193
05 Oct 2025 04:11:00,0.191
05 Oct 2025 04:15:00,0.141
05 Oct 2025 04:16:00,0.169
05 Oct 2025 04:16:30,0.145
05 Oct 2025 04:17:00,0.145
05 Oct 2025 04:20:00,0.206
05 Oct 2025 04:26:30,0.211
05 Oct 2025 04:26:45,0.126
05 Oct 2025 04:31:00,0.126
05 Oct 2025 04:31:45,0.129
05 Oct 2025 04:32:00,0.142
05 Oct 2025 04:34:15,0.242
05 Oct 2025 04:39:15,0.178
05 Oct 2025 04:43:30,0.132
05 Oct 2025 04:44:15,0.195
05 Oct 2025 04:46:45,0.198
05 Oct 2025 04:47:15,0.217
05 Oct 2025 04:48:30,0.170
05 Oct 2025 04:51:30,0.256
05 Oct 2025 04:52:45,0.210
05 Oct 2025 04:54:00,0.175
05 Oct 2025 04:55:15,0.133
05 Oct 2025 04:56:15,0.209
05 Oct 2025 04:57:15,0.227
05 Oct 2025 04:58:45,0.196
05 Oct 2025 04:59:00,0.224
05 Oct 2025 05:00:00,0.147
05 Oct 2025 05:01:15,0.193
05 Oct 2025 05:02:00,0.190
05 Oct 2025 05:02:30,0.217
05 Oct 2025 05:04:45,0.238
05 Oct 2025 05:11:15,0.242
05 Oct 2025 05:12:30,0.179
05 Oct 2025 05:16:00,0.189
05 Oct 2025 05:16:30,0.188
05 Oct 2025 05:21:45,0.242
05 Oct 2025 05:26:00,0.217
05 Oct 2025 05:26:45,0.188
05 Oct 2025 05:27:00,0.280
05 Oct 2025 05:27:15,0.206
05 Oct 2025 05:28:45,0.245
05 Oct 2025 05:29:45,0.251
05 Oct 2025 05:32:30,0.218
05 Oct 2025 05:34:30,0.220
05 Oct 2025 05:38:00,0.221
05 Oct 2025 05:39:45,0.190
05 Oct 2025 05:40:30,0.275
05 Oct 2025 05:41:15,0.279
05 Oct 2025 05:45:45,0.203
05 Oct 2025 05:47:00,0.211
05 Oct 2025 05:47:45,0.191
05 Oct 2025 05:52:15,0.263
05 Oct 2025 05:53:30,0.195
05 Oct 2025 05:53:45,0.238
05 Oct 2025 05:55:45,0.259
05 Oct 2025 05:56:30,0.193
05 Oct 2025 05:57:45,0.235
05 Oct 2025 06:00:00,0.292
05 Oct 2025 06:02:00,0.184
05 Oct 2025 06:03:15,0.214
05 Oct 2025 06:06:45,0.206
05 Oct 2025 06:08:00,0.239
05 Oct 2025 06:10:30,0.192
05 Oct 2025 06:11:00,0.248
05 Oct 2025 06:15:00,0.230
05 Oct 2025 06:15:15,0.181
05 Oct 2025 06:15:45,0.236
05 Oct 2025 06:16:00,0.213
05 Oct 2025 06:18:45,0.304
05 Oct 2025 06:26:00,0.226
05 Oct 2025 06:26:15,0.195
05 Oct 2025 06:28:00,0.268
05 Oct 2025 06:30:30,0.224
05 Oct 2025 06:31:30,0.223
05 Oct 2025 06:32:00,0.256
05 Oct 2025 06:32:15,0.246
05 Oct 2025 06:32:45,0.164
05 Oct 2025 06:33:15,0.232
05 Oct 2025 06:34:45,0.213
05 Oct 2025 06:35:00,0.273
05 Oct 2025 06:37:45,0.181
05 Oct 2025 06:38:15,0.249
05 Oct 2025 06:40:15,0.243
05 Oct 2025 06:43:45,0.227
05 Oct 2025 06:44:15,0.232
05 Oct 2025 06:44:30,0.262
05 Oct 2025 06:49:45,0.215
05 Oct 2025 06:50:15,0.203
05 Oct 2025 06:51:15,0.159
05 Oct 2025 06:52:45,0.267
05 Oct 2025 06:53:30,0.220
05 Oct 2025 06:54:15,0.236
05 Oct 2025 06:56:00,0.196
05 Oct 2025 06:56:45,0.239
05 Oct 2025 06:57:15,0.234
05 Oct 2025 06:58:15,0.257
05 Oct 2025 07:01:15,0.223
05 Oct 2025 07:01:45,0.200
05 Oct 2025 07:02:15,0.249
05 Oct 2025 07:03:00,0.230
05 Oct 2025 07:05:30,0.194
05 Oct 2025 07:08:15,0.265
05 Oct 2025 07:08:45,0.243
05 Oct 2025 07:09:15,0.241
05 Oct 2025 07:12:15,0.179
05 Oct 2025 07:13:45,0.262
05 Oct 2025 07:14:00,0.179
05 Oct 2025 07:19:00,0.283
05 Oct 2025 07:19:15,0.264
05 Oct 2025 07:19:30,0.189
05 Oct 2025 07:20:45,0.217
05 Oct 2025 07:23:15,0.246
05 Oct 2025 07:25:15,0.213
05 Oct 2025 07:25:45,0.219
05 Oct 2025 07:26:15,0.199
05 Oct 2025 07:27:30,0.241
05 Oct 2025 07:32:15,0.179
05 Oct 2025 07:33:15,0.225
05 Oct 2025 07:33:30,0.192
05 Oct 2025 07:36:00,0.225
05 Oct 2025 07:40:45,0.146
05 Oct 2025 07:43:00,0.181
05 Oct 2025 07:50:00,0.165
05 Oct 2025 07:50:15,0.204
05 Oct 2025 07:51:30,0.229
05 Oct 2025 07:51:45,0.207
05 Oct 2025 07:52:00,0.207
05 Oct 2025 07:54:30,0.167
05 Oct 2025 07:57:15,0.178
05 Oct 2025 07:58:45,0.224
05 Oct 2025 08:00:15,0.204
05 Oct 2025 08:02:30,0.210
05 Oct 2025 08:03:15,0.186
05 Oct 2025 08:04:15,0.180
05 Oct 2025 08:06:00,0.202
05 Oct 2025 08:06:45,0.197
05 Oct 2025 08:07:15,0.154
05 Oct 2025 08:07:45,0.224
05 Oct 2025 08:08:30,0.218
05 Oct 2025 08:14:00,0.177
05 Oct 2025 08:14:45,0.186
05 Oct 2025 08:15:00,0.120
05 Oct 2025 08:17:15,0.128
05 Oct 2025 08:18:00,0.126
05 Oct 2025 08:23:00,0.153
05 Oct 2025 08:23:45,0.186
05 Oct 2025 08:25:30,0.214
05 Oct 2025 08:27:15,0.192
05 Oct 2025 08:27:45,0.185
05 Oct 2025 08:28:00,0.164
05 Oct 2025 08:28:45,0.182
05 Oct 2025 08:32:45,0.183
05 Oct 2025 08:33:15,0.155
05 Oct 2025 08:33:45,0.147
05 Oct 2025 08:34:45,0.187
05 Oct 2025 08:37:00,0.126
05 Oct 2025 08:37:15,0.172
05 Oct 2025 08:38:30,0.153
05 Oct 2025 08:39:00,0.126
05 Oct 2025 08:39:45,0.152
05 Oct 2025 08:44:45,0.151
05 Oct 2025 08:45:15,0.168
05 Oct 2025 08:46:30,0.159
05 Oct 2025 08:53:45,0.159
05 Oct 2025 08:55:15,0.110
05 Oct 2025 08:58:45,0.116
05 Oct 2025 08:59:00,0.151
05 Oct 2025 08:59:30,0.114
05 Oct 2025 09:00:00,0.150
05 Oct 2025 09:01:15,0.116
05 Oct 2025 09:03:45,0.106
05 Oct 2025 09:04:30,0.156
05 Oct 2025 09:06:00,0.136
05 Oct 2025 09:09:30,0.141
05 Oct 2025 09:12:45,0.109
05 Oct 2025 09:13:00,0.138
05 Oct 2025 09:16:15,0.105
05 Oct 2025 09:17:00,0.098
05 Oct 2025 09:17:30,0.098
05 Oct 2025 09:20:45,0.170
05 Oct 2025 09:24:00,0.104
05 Oct 2025 09:25:15,0.087
05 Oct 2025 09:25:45,0.157
05 Oct 2025 09:27:15,0.120
05 Oct 2025 09:29:00,0.060
05 Oct 2025 09:31:45,0.049
05 Oct 2025 09:32:30,0.089
05 Oct 2025 09:38:15,0.042
05 Oct 2025 09:41:45,0.045
05 Oct 2025 09:47:15,0.048
05 Oct 2025 09:47:45,0.125
05 Oct 2025 09:51:45,0.136
05 Oct 2025 09:52:45,0.066
05 Oct 2025 09:56:30,0.152
05 Oct 2025 09:59:00,0.095
05 Oct 2025 09:59:45,0.095
05 Oct 2025 10:04:45,0.103
05 Oct 2025 10:05:45,0.116
05 Oct 2025 10:09:30,0.042
05 Oct 2025 10:09:45,0.045
05 Oct 2025 10:10:15,0.071
05 Oct 2025 10:15:00,-0.012
05 Oct 2025 10:18:00,0.046
05 Oct 2025 10:21:15,0.105
05 Oct 2025 10:23:15,0.048
05 Oct 2025 10:29:30,0.048
05 Oct 2025 10:31:45,0.032
05 Oct 2025 10:33:30,0.043
05 Oct 2025 10:34:45,0.009
05 Oct 2025 10:36:15,-0.025
05 Oct 2025 10:37:15,0.053
05 Oct 2025 10:44:30,0.033
05 Oct 2025 10:45:00,0.123
05 Oct 2025 10:48:15,-0.005
05 Oct 2025 10:49:45,-0.034
05 Oct 2025 10:53:15,0.072
05 Oct 2025 10:54:45,0.005
05 Oct 2025 10:55:00,0.039
05 Oct 2025 10:55:15,-0.004
05 Oct 2025 10:56:30,-0.058
05 Oct 2025 10:58:00,0.048
05 Oct 2025 10:59:15,0.041
05 Oct 2025 11:01:00,0.025
05 Oct 2025 11:01:30,0.037
05 Oct 2025 11:03:15,-0.028
05 Oct 2025 11:07:30,-0.011
05 Oct 2025 11:09:30,0.041
05 Oct 2025 11:11:45,-0.016
05 Oct 2025 11:14:15,0.036
05 Oct 2025 11:17:30,0.005
05 Oct 2025 11:18:00,0.092
05 Oct 2025 11:20:00,0.017
05 Oct 2025 11:22:15,0.022
05 Oct 2025 11:24:00,0.028
05 Oct 2025 11:25:45,0.007
05 Oct 2025 11:26:30,0.011
05 Oct 2025 11:28:30,0.015
05 Oct 2025 11:28:45,-0.012
05 Oct 2025 11:29:00,-0.014
05 Oct 2025 11:29:15,-0.056
05 Oct 2025 11:36:00,0.045
05 Oct 2025 11:37:15,-0.006
05 Oct 2025 11:38:30,-0.003
05 Oct 2025 11:40:15,-0.003
05 Oct 2025 11:40:30,-0.005
05 Oct 2025 11:40:45,-0.010
05 Oct 2025 11:41:00,-0.019
05 Oct 2025 11:44:45,0.013
05 Oct 2025 11:45:15,-0.005
05 Oct 2025 11:46:45,0.024
05 Oct 2025 11:50:00,-0.016
05 Oct 2025 11:52:30,0.073
05 Oct 2025 11:56:30,-0.003
05 Oct 2025 11:58:45,0.044
05 Oct 2025 11:59:00,0.025
05 Oct 2025 12:00:30,0.021
05 Oct 2025 12:02:00,-0.051
05 Oct 2025 12:02:45,0.023
05 Oct 2025 12:05:00,0.035
05 Oct 2025 12:07:00,0.057
05 Oct 2025 12:08:00,0.009
05 Oct 2025 12:12:00,0.002
05 Oct 2025 12:14:00,0.029
05 Oct 2025 12:15:30,-0.012
05 Oct 2025 12:19:30,-0.043
05 Oct 2025 12:20:30,0.053
05 Oct 2025 12:20:45,0.011
05 Oct 2025 12:25:00,-0.058
05 Oct 2025 12:27:45,-0.007
05 Oct 2025 12:32:45,-0.031
05 Oct 2025 12:33:30,0.036
05 Oct 2025 12:34:00,-0.008
05 Oct 2025 12:34:45,0.080
05 Oct 2025 12:35:15,0.014
05 Oct 2025 12:37:45,0.064
05 Oct 2025 12:38:30,0.049
05 Oct 2025 12:42:45,0.064
05 Oct 2025 12:46:45,-0.020
05 Oct 2025 12:48:45,0.027
05 Oct 2025 12:49:45,0.034
05 Oct 2025 12:50:30,0.036
05 Oct 2025 12:52:00,0.025
05 Oct 2025 12:53:15,0.054
05 Oct 2025 12:56:45,0.059
05 Oct 2025 12:58:00,-0.011
05 Oct 2025 12:58:45,0.034
05 Oct 2025 12:59:15,-0.010
05 Oct 2025 13:03:15,0.059
05 Oct 2025 13:05:15,0.048
05 Oct 2025 13:07:30,0.065
05 Oct 2025 13:08:45,0.055
05 Oct 2025 13:09:15,0.031
05 Oct 2025 13:12:45,0.065
05 Oct 2025 13:14:15,0.087
05 Oct 2025 13:15:15,0.058
05 Oct 2025 13:23:45,0.037
05 Oct 2025 13:24:15,-0.003
05 Oct 2025 13:25:15,0.065
05 Oct 2025 13:25:45,0.103
05 Oct 2025 13:27:30,0.037
05 Oct 2025 13:29:00,0.056
05 Oct 2025 13:29:45,0.068
05 Oct 2025 13:32:15,0.087
05 Oct 2025 13:32:30,0.058
05 Oct 2025 13:33:15,0.004
05 Oct 2025 13:33:30,0.049
05 Oct 2025 13:33:45,0.054
05 Oct 2025 13:34:00,0.022
05 Oct 2025 13:35:00,0.065
05 Oct 2025 13:35:15,0.120
05 Oct 2025 13:36:30,0.025
05 Oct 2025 13:38:45,0.041
05 Oct 2025 13:44:00,0.070
05 Oct 2025 13:47:15,0.078
05 Oct 2025 13:48:15,0.116
05 Oct 2025 13:48:45,0.064
05 Oct 2025 13:49:30,0.038
05 Oct 2025 13:53:30,0.096
05 Oct 2025 13:54:15,0.068
05 Oct 2025 13:54:30,0.160
05 Oct 2025 13:56:30,0.117
05 Oct 2025 13:57:15,-0.006
05 Oct 2025 13:57:30,0.105
05 Oct 2025 13:58:45,0.079
05 Oct 2025 14:00:45,0.124
05 Oct 2025 14:01:30,0.052
05 Oct 2025 14:03:00,0.064
05 Oct 2025 14:08:30,0.102
05 Oct 2025 14:08:45,0.081
05 Oct 2025 14:10:00,0.081
05 Oct 2025 14:13:00,0.088
05 Oct 2025 14:16:15,0.139
05 Oct 2025 14:18:15,0.081
05 Oct 2025 14:22:45,0.068
05 Oct 2025 14:23:00,0.049
05 Oct 2025 14:26:30,0.083
05 Oct 2025 14:30:45,0.034
05 Oct 2025 14:32:15,0.052
05 Oct 2025 14:32:45,0.130
05 Oct 2025 14:35:15,0.157
05 Oct 2025 14:35:45,0.096
05 Oct 2025 14:37:15,0.137
05 Oct 2025 14:38:00,0.052
05 Oct 2025 14:40:00,0.126
05 Oct 2025 14:42:00,0.085
05 Oct 2025 14:42:15,0.128
05 Oct 2025 14:42:45,0.160
05 Oct 2025 14:45:45,0.098
05 Oct 2025 14:47:15,0.125
05 Oct 2025 14:48:15,0.153
05 Oct 2025 14:48:45,0.128
05 Oct 2025 14:49:30,-0.011
05 Oct 2025 14:50:15,0.035
05 Oct 2025 14:50:30,0.133
05 Oct 2025 14:53:00,0.132
05 Oct 2025 14:56:30,0.065
05 Oct 2025 14:57:45,0.187
05 Oct 2025 14:58:00,0.091
05 Oct 2025 14:59:15,0.163
05 Oct 2025 15:03:45,0.187
05 Oct 2025 15:06:30,0.137
05 Oct 2025 15:07:30,0.157
05 Oct 2025 15:09:15,0.150
05 Oct 2025 15:12:00,0.139
05 Oct 2025 15:14:45,0.168
05 Oct 2025 15:15:45,0.148
05 Oct 2025 15:17:15,0.141
05 Oct 2025 15:17:45,0.143
05 Oct 2025 15:23:15,0.151
05 Oct 2025 15:27:30,0.175
05 Oct 2025 15:31:15,0.209
05 Oct 2025 15:31:30,0.156
05 Oct 2025 15:31:45,0.197
05 Oct 2025 15:36:45,0.211
05 Oct 2025 15:37:00,0.189
05 Oct 2025 15:43:45,0.209
05 Oct 2025 15:44:45,0.149
05 Oct 2025 15:45:30,0.191
05 Oct 2025 15:47:30,0.217
05 Oct 2025 15:54:30,0.233
05 Oct 2025 15:56:00,0.182
05 Oct 2025 15:56:30,0.172
05 Oct 2025 15:58:00,0.230
05 Oct 2025 16:02:00,0.202
05 Oct 2025 16:03:45,0.219
05 Oct 2025 16:05:45,0.196
05 Oct 2025 16:10:45,0.233
05 Oct 2025 16:12:30,0.193
05 Oct 2025 16:12:45,0.205
05 Oct 2025 16:13:00,0.195
05 Oct 2025 16:17:15,0.210
05 Oct 2025 16:18:45,0.227
05 Oct 2025 16:19:30,0.241
05 Oct 2025 16:21:30,0.221
05 Oct 2025 16:24:15,0.218
05 Oct 2025 16:27:00,0.235
05 Oct 2025 16:28:00,0.241
05 Oct 2025 16:29:00,0.222
05 Oct 2025 16:30:15,0.233
05 Oct 2025 16:30:45,0.269
05 Oct 2025 16:31:45,0.252
05 Oct 2025 16:34:00,0.207
05 Oct 2025 16:35:45,0.227
05 Oct 2025 16:39:45,0.254
05 Oct 2025 16:42:00,0.297
05 Oct 2025 16:45:00,0.244
05 Oct 2025 16:46:00,0.257
05 Oct 2025 16:47:00,0.292
05 Oct 2025 16:47:45,0.256
05 Oct 2025 16:48:30,0.242
05 Oct 2025 16:51:00,0.276
05 Oct 2025 16:53:15,0.297
05 Oct 2025 16:54:00,0.287
05 Oct 2025 16:56:30,0.268
05 Oct 2025 16:56:45,0.239
05 Oct 2025 16:57:45,0.259
05 Oct 2025 16:58:45,0.278
05 Oct 2025 17:00:30,0.227
05 Oct 2025 17:00:45,0.281
05 Oct 2025 17:01:30,0.247
05 Oct 2025 17:02:15,0.287
05 Oct 2025 17:09:15,0.224
05 Oct 2025 17:10:00,0.305
05 Oct 2025 17:14:45,0.309
05 Oct 2025 17:15:00,0.253
05 Oct 2025 17:15:45,0.265
05 Oct 2025 17:19:00,0.270
05 Oct 2025 17:19:30,0.275
05 Oct 2025 17:22:30,0.284
05 Oct 2025 17:23:00,0.286
05 Oct 2025 17:23:45,0.239
05 Oct 2025 17:24:45,0.286
05 Oct 2025 17:25:30,0.306
05 Oct 2025 17:27:45,0.225
05 Oct 2025 17:29:00,0.276
05 Oct 2025 17:31:30,0.285
05 Oct 2025 17:32:00,0.281
05 Oct 2025 17:33:45,0.321
05 Oct 2025 17:35:30,0.258
05 Oct 2025 17:37:15,0.335
05 Oct 2025 17:41:30,0.322
05 Oct 2025 17:42:15,0.352
05 Oct 2025 17:45:00,0.360
05 Oct 2025 17:46:15,0.298
05 Oct 2025 17:49:15,0.317
05 Oct 2025 17:54:00,0.273
05 Oct 2025 18:01:00,0.335
05 Oct 2025 18:01:15,0.291
05 Oct 2025 18:01:30,0.274
05 Oct 2025 18:02:00,0.320
05 Oct 2025 18:03:45,0.270
05 Oct 2025 18:05:45,0.322
05 Oct 2025 18:12:45,0.283
05 Oct 2025 18:13:45,0.267
05 Oct 2025 18:20:15,0.316
05 Oct 2025 18:24:45,0.302
05 Oct 2025 18:26:45,0.324
05 Oct 2025 18:28:45,0.263
05 Oct 2025 18:31:30,0.311
05 Oct 2025 18:34:15,0.301
05 Oct 2025 18:37:00,0.302
05 Oct 2025 18:43:00,0.369
05 Oct 2025 18:47:15,0.258
05 Oct 2025 18:50:30,0.363
05 Oct 2025 18:51:30,0.324
05 Oct 2025 18:54:45,0.333
05 Oct 2025 18:58:45,0.347
05 Oct 2025 19:03:30,0.344
05 Oct 2025 19:07:00,0.349
05 Oct 2025 19:07:30,0.284
05 Oct 2025 19:10:15,0.280
05 Oct 2025 19:15:45,0.296
05 Oct 2025 19:16:00,0.238
05 Oct 2025 19:17:15,0.309
05 Oct 2025 19:17:45,0.292
05 Oct 2025 19:19:30,0.281
05 Oct 2025 19:21:00,0.285
05 Oct 2025 19:25:00,0.278
05 Oct 2025 19:26:15,0.311
05 Oct 2025 19:27:00,0.303
05 Oct 2025 19:30:45,0.292
05 Oct 2025 19:32:30,0.317
05 Oct 2025 19:36:45,0.272
05 Oct 2025 19:37:30,0.322
05 Oct 2025 19:46:30,0.257
05 Oct 2025 19:48:45,0.228
05 Oct 2025 19:52:00,0.311
05 Oct 2025 19:53:00,0.296
05 Oct 2025 19:53:15,0.287
05 Oct 2025 19:54:45,0.251
05 Oct 2025 19:56:00,0.272
05 Oct 2025 19:58:15,0.301
05 Oct 2025 19:58:45,0.291
05 Oct 2025 19:59:15,0.244
05 Oct 2025 20:00:30,0.275
05 Oct 2025 20:02:15,0.294
05 Oct 2025 20:04:45,0.300
05 Oct 2025 20:06:45,0.279
05 Oct 2025 20:08:45,0.269
05 Oct 2025 20:09:15,0.260
05 Oct 2025 20:10:00,0.227
05 Oct 2025 20:13:15,0.195
05 Oct 2025 20:13:30,0.266
05 Oct 2025 20:15:30,0.250
05 Oct 2025 20:17:30,0.262
05 Oct 2025 20:22:00,0.213
05 Oct 2025 20:23:30,0.185
05 Oct 2025 20:24:00,0.255
05 Oct 2025 20:24:15,0.248
05 Oct 2025 20:25:15,0.230
05 Oct 2025 20:27:45,0.181
05 Oct 2025 20:28:45,0.258
05 Oct 2025 20:30:00,0.196
05 Oct 2025 20:31:00,0.300
05 Oct 2025 20:38:00,0.225
05 Oct 2025 20:38:15,0.259
05 Oct 2025 20:39:45,0.233
05 Oct 2025 20:40:30,0.251
05 Oct 2025 20:41:00,0.229
05 Oct 2025 20:42:15,0.219
05 Oct 2025 20:44:30,0.209
05 Oct 2025 20:45:30,0.287
05 Oct 2025 20:46:15,0.245
05 Oct 2025 20:47:00,0.198
05 Oct 2025 20:51:30,0.237
05 Oct 2025 20:55:30,0.193
05 Oct 2025 20:55:45,0.308
05 Oct 2025 20:56:15,0.129
05 Oct 2025 20:57:00,0.197
05 Oct 2025 20:58:00,0.267
05 Oct 2025 20:59:00,0.221
05 Oct 2025 20:59:45,0.165
05 Oct 2025 21:04:45,0.187
05 Oct 2025 21:05:00,0.216
05 Oct 2025 21:07:30,0.204
05 Oct 2025 21:11:30,0.173
05 Oct 2025 21:12:30,0.099
05 Oct 2025 21:13:15,0.263
05 Oct 2025 21:15:15,0.192
05 Oct 2025 21:20:15,0.254
05 Oct 2025 21:23:00,0.184
05 Oct 2025 21:23:15,0.208
05 Oct 2025 21:24:15,0.187
05 Oct 2025 21:28:30,0.139
05 Oct 2025 21:29:45,0.207
05 Oct 2025 21:32:30,0.165
05 Oct 2025 21:33:30,0.195
05 Oct 2025 21:34:00,0.214
05 Oct 2025 21:35:45,0.116
05 Oct 2025 21:36:45,0.080
05 Oct 2025 21:42:00,0.190
05 Oct 2025 21:42:30,0.220
05 Oct 2025 21:42:45,0.140
05 Oct 2025 21:44:45,0.118
05 Oct 2025 21:46:15,0.130
05 Oct 2025 21:48:30,0.074
05 Oct 2025 21:49:15,0.113
05 Oct 2025 21:50:30,0.126
05 Oct 2025 21:51:15,0.169
05 Oct 2025 21:52:45,0.150
05 Oct 2025 21:54:00,0.149
05 Oct 2025 21:59:15,0.159
05 Oct 2025 22:00:00,0.146
05 Oct 2025 22:01:30,0.182
05 Oct 2025 22:01:45,0.148
05 Oct 2025 22:06:00,0.008
05 Oct 2025 22:09:45,0.071
05 Oct 2025 22:11:45,0.005
05 Oct 2025 22:12:00,0.051
05 Oct 2025 22:13:15,0.047
05 Oct 2025 22:14:15,0.184
05 Oct 2025 22:14:30,0.258
05 Oct 2025 22:15:30,0.153
05 Oct 2025 22:22:00,0.145
05 Oct 2025 22:23:45,0.093
05 Oct 2025 22:26:15,0.052
05 Oct 2025 22:27:30,0.266
05 Oct 2025 22:30:45,0.274
05 Oct 2025 22:33:30,0.026
05 Oct 2025 22:34:00,0.109
05 Oct 2025 22:34:45,0.066
05 Oct 2025 22:38:15,0.080
05 Oct 2025 22:41:30,0.048
05 Oct 2025 22:43:15,0.170
05 Oct 2025 22:46:30,0.066
05 Oct 2025 22:47:00,0.069
05 Oct 2025 22:47:15,-0.039
05 Oct 2025 22:47:45,-0.022
05 Oct 2025 22:48:30,0.094
05 Oct 2025 22:49:30,-0.005
05 Oct 2025 22:50:45,0.080
05 Oct 2025 22:51:15,0.022
05 Oct 2025 22:52:00,0.045
05 Oct 2025 22:54:00,0.056
05 Oct 2025 22:54:45,0.076
05 Oct 2025 22:56:15,0.179
05 Oct 2025 22:57:15,0.082
05 Oct 2025 23:00:45,0.091
05 Oct 2025 23:01:15,0.063
05 Oct 2025 23:02:00,0.242
05 Oct 2025 23:11:00,-0.011
05 Oct 2025 23:13:15,0.080
05 Oct 2025 23:17:00,0.140
05 Oct 2025 23:22:30,0.160
05 Oct 2025 23:24:45,0.052
05 Oct 2025 23:26:00,0.195
05 Oct 2025 23:31:00,0.060
05 Oct 2025 23:32:00,-0.027
05 Oct 2025 23:37:00,-0.098
05 Oct 2025 23:39:30,-0.068
05 Oct 2025 23:39:45,-0.141
05 Oct 2025 23:42:15,0.001
05 Oct 2025 23:44:00,-0.077
05 Oct 2025 23:44:30,-0.111
05 Oct 2025 23:48:15,0.148
05 Oct 2025 23:48:45,-0.014
05 Oct 2025 23:50:45,0.011
05 Oct 2025 23:52:30,0.068
05 Oct 2025 23:55:00,0.044
05 Oct 2025 23:55:15,0.037
05 Oct 2025 23:56:00,0.137
05 Oct 2025 23:56:45,-0.076
05 Oct 2025 23:57:00,0.005
06 Oct 2025 00:02:30,0.053
06 Oct 2025 00:11:15,-0.144
06 Oct 2025 00:14:00,0.000
06 Oct 2025 00:15:45,0.117
06 Oct 2025 00:16:00,0.156
06 Oct 2025 00:16:45,0.064
06 Oct 2025 00:17:00,0.103
06 Oct 2025 00:20:15,0.087
06 Oct 2025 00:21:45,0.198
06 Oct 2025 00:22:45,-0.080
06 Oct 2025 00:25:15,0.313
06 Oct 2025 00:28:00,0.070
06 Oct 2025 00:28:45,-0.102
06 Oct 2025 00:31:15,-0.002
06 Oct 2025 00:32:00,-0.115
06 Oct 2025 00:34:00,-0.075
06 Oct 2025 00:34:30,-0.230
06 Oct 2025 00:35:00,-0.009
06 Oct 2025 00:36:00,-0.172
06 Oct 2025 00:36:30,-0.218
06 Oct 2025 00:38:00,-0.048
06 Oct 2025 00:44:45,0.143
06 Oct 2025 00:46:30,-0.101
06 Oct 2025 00:47:15,0.173
06 Oct 2025 00:48:15,-0.193
06 Oct 2025 00:50:00,-0.341
06 Oct 2025 00:56:30,-0.015
06 Oct 2025 00:58:00,-0.028
06 Oct 2025 00:58:15,0.000
06 Oct 2025 00:59:45,0.091
06 Oct 2025 01:01:15,-0.062
06 Oct 2025 01:02:45,-0.066
06 Oct 2025 01:03:00,-0.136
06 Oct 2025 01:06:00,-0.070
06 Oct 2025 01:07:00,0.066
06 Oct 2025 01:08:00,0.020
06 Oct 2025 01:11:30,-0.098
06 Oct 2025 01:14:15,0.015
06 Oct 2025 01:16:45,-0.084
06 Oct 2025 01:17:30,0.145
06 Oct 2025 01:17:45,0.120
06 Oct 2025 01:19:45,0.051
06 Oct 2025 01:23:15,-0.207
06 Oct 2025 01:25:30,-0.186
06 Oct 2025 01:31:45,0.041
06 Oct 2025 01:35:15,-0.273
06 Oct 2025 01:37:15,0.093
06 Oct 2025 01:39:00,0.033
06 Oct 2025 01:39:30,0.181
06 Oct 2025 01:41:45,-0.058
06 Oct 2025 01:43:15,-0.089
06 Oct 2025 01:43:30,-0.096
06 Oct 2025 01:45:00,0.104
06 Oct 2025 01:53:30,-0.226
06 Oct 2025 01:53:45,0.032
06 Oct 2025 01:55:30,0.089
06 Oct 2025 01:55:45,0.019
06 Oct 2025 01:59:00,0.078
06 Oct 2025 02:01:30,0.142
06 Oct 2025 02:03:45,0.007
06 Oct 2025 02:05:15,0.025
06 Oct 2025 02:06:00,-0.020
06 Oct 2025 02:08:45,0.034
06 Oct 2025 02:09:30,-0.068
06 Oct 2025 02:17:45,0.207
06 Oct 2025 02:18:30,-0.166
06 Oct 2025 02:21:15,-0.168
06 Oct 2025 02:24:15,-0.060
06 Oct 2025 02:26:30,-0.272
06 Oct 2025 02:28:00,-0.145
06 Oct 2025 02:29:15,0.102
06 Oct 2025 02:32:45,-0.027
06 Oct 2025 02:40:45,0.036
06 Oct 2025 02:42:45,0.300
06 Oct 2025 02:44:30,-0.109
06 Oct 2025 02:48:45,0.329
06 Oct 2025 02:49:15,0.290
06 Oct 2025 02:50:00,0.138
06 Oct 2025 02:52:45,0.361
06 Oct 2025 02:53:30,-0.092
06 Oct 2025 02:54:15,0.198
06 Oct 2025 02:54:45,0.246
06 Oct 2025 02:55:00,-0.006
06 Oct 2025 02:55:45,0.112
06 Oct 2025 02:56:30,-0.039
06 Oct 2025 03:02:30,0.005
06 Oct 2025 03:02:45,0.052
06 Oct 2025 03:03:15,0.142
06 Oct 2025 03:03:30,0.177
06 Oct 2025 03:04:00,0.331
06 Oct 2025 03:05:00,-0.031
06 Oct 2025 03:05:15,0.010
06 Oct 2025 03:06:45,0.415
06 Oct 2025 03:12:45,0.115
06 Oct 2025 03:15:30,0.021
06 Oct 2025 03:22:00,0.183
06 Oct 2025 03:23:00,0.030
06 Oct 2025 03:29:30,0.271
06 Oct 2025 03:29:45,0.061
06 Oct 2025 03:30:15,-0.032
06 Oct 2025 03:30:30,0.314
06 Oct 2025 03:33:15,0.136
06 Oct 2025 03:34:15,0.031
06 Oct 2025 03:37:45,0.077
06 Oct 2025 03:38:00,-0.160
06 Oct 2025 03:38:30,0.399
06 Oct 2025 03:39:00,-0.353
06 Oct 2025 03:39:45,0.190
06 Oct 2025 03:40:45,0.223
06 Oct 2025 03:41:15,0.195
06 Oct 2025 03:41:30,-0.002
06 Oct 2025 03:42:15,0.445
06 Oct 2025 03:44:30,0.184
06 Oct 2025 03:50:15,-0.068
06 Oct 2025 03:52:45,0.333
06 Oct 2025 03:54:30,-0.165
06 Oct 2025 03:56:45,0.124
06 Oct 2025 03:57:00,-0.033
06 Oct 2025 03:58:15,0.262
06 Oct 2025 03:58:45,0.431
06 Oct 2025 04:00:15,0.265
06 Oct 2025 04:02:00,0.373
06 Oct 2025 04:05:30,0.143
06 Oct 2025 04:08:30,0.052
06 Oct 2025 04:12:00,-0.132
06 Oct 2025 04:13:45,0.008
06 Oct 2025 04:15:00,-0.047
06 Oct 2025 04:15:15,0.166
06 Oct 2025 04:16:15,0.273
06 Oct 2025 04:20:15,-0.003
06 Oct 2025 04:20:30,-0.181
06 Oct 2025 04:25:45,0.206
06 Oct 2025 04:28:00,0.041
06 Oct 2025 04:32:00,0.255
06 Oct 2025 04:33:45,-0.240
06 Oct 2025 04:34:00,0.067
06 Oct 2025 04:34:15,0.074
06 Oct 2025 04:35:15,0.209
06 Oct 2025 04:40:30,0.426
06 Oct 2025 04:42:00,0.108
06 Oct 2025 04:44:30,0.301
06 Oct 2025 04:45:15,-0.042
06 Oct 2025 04:45:30,0.235
06 Oct 2025 04:46:15,0.015
06 Oct 2025 04:48:30,0.424
06 Oct 2025 04:50:15,0.230
06 Oct 2025 04:50:45,0.231
06 Oct 2025 04:56:45,0.110
06 Oct 2025 04:58:15,0.225
06 Oct 2025 04:59:30,0.028
06 Oct 2025 05:05:15,0.159
06 Oct 2025 05:07:15,0.099
06 Oct 2025 05:09:30,0.332
06 Oct 2025 05:12:15,0.108
06 Oct 2025 05:14:00,0.122
06 Oct 2025 05:15:00,0.131
06 Oct 2025 05:15:15,0.324
06 Oct 2025 05:17:15,0.067
06 Oct 2025 05:18:45,0.131
06 Oct 2025 05:21:15,0.346
06 Oct 2025 05:25:15,0.083
06 Oct 2025 05:25:30,0.322
06 Oct 2025 05:26:30,0.036
06 Oct 2025 05:28:00,0.065
06 Oct 2025 05:30:45,-0.124
06 Oct 2025 05:32:30,0.274
06 Oct 2025 05:33:15,0.464
06 Oct 2025 05:33:45,-0.066
06 Oct 2025 05:36:45,0.156
06 Oct 2025 05:37:30,0.118
06 Oct 2025 05:38:30,0.090
06 Oct 2025 05:40:15,0.129
06 Oct 2025 05:40:45,0.050
06 Oct 2025 05:45:15,0.273
06 Oct 2025 05:47:15,-0.026
06 Oct 2025 05:47:45,0.708
06 Oct 2025 05:50:30,-0.040
06 Oct 2025 05:51:30,0.278
06 Oct 2025 05:52:45,0.132
06 Oct 2025 05:55:00,0.137
06 Oct 2025 05:56:15,0.367
06 Oct 2025 05:56:30,0.276
06 Oct 2025 05:57:15,-0.054
06 Oct 2025 05:59:15,0.552
06 Oct 2025 06:00:15,0.020
06 Oct 2025 06:00:30,-0.001
06 Oct 2025 06:04:00,0.055
06 Oct 2025 06:07:00,0.305
06 Oct 2025 06:07:15,0.281
06 Oct 2025 06:08:30,0.384
06 Oct 2025 06:08:45,0.339
06 Oct 2025 06:09:30,0.118
06 Oct 2025 06:10:15,0.316
06 Oct 2025 06:11:00,0.436
06 Oct 2025 06:13:00,0.407
06 Oct 2025 06:17:15,-0.197
06 Oct 2025 06:20:45,0.409
06 Oct 2025 06:22:45,0.402
06 Oct 2025 06:26:30,0.590
06 Oct 2025 06:27:15,0.245
06 Oct 2025 06:29:00,0.129
06 Oct 2025 06:30:30,0.485
06 Oct 2025 06:31:30,0.180
06 Oct 2025 06:34:45,0.627
06 Oct 2025 06:35:15,-0.305
06 Oct 2025 06:38:45,0.242
06 Oct 2025 06:39:30,0.582
06 Oct 2025 06:41:45,-0.118
06 Oct 2025 06:43:15,0.205
06 Oct 2025 06:44:15,0.260
06 Oct 2025 06:44:45,0.086
06 Oct 2025 06:45:15,0.244
06 Oct 2025 06:47:00,0.150
06 Oct 2025 06:48:45,0.568
06 Oct 2025 06:56:30,0.085
06 Oct 2025 06:57:30,0.055
06 Oct 2025 07:00:00,0.195
06 Oct 2025 07:00:45,0.124
06 Oct 2025 07:01:45,-0.094
06 Oct 2025 07:09:00,0.273
06 Oct 2025 07:13:45,-0.003
06 Oct 2025 07:15:30,0.035
06 Oct 2025 07:20:30,0.097
06 Oct 2025 07:23:30,0.412
06 Oct 2025 07:24:00,-0.038
06 Oct 2025 07:25:15,0.317
06 Oct 2025 07:27:30,0.494
06 Oct 2025 07:28:15,0.135
06 Oct 2025 07:29:30,-0.067
06 Oct 2025 07:38:00,0.131
06 Oct 2025 07:39:30,0.492
06 Oct 2025 07:40:15,0.380
06 Oct 2025 07:41:00,-0.088
06 Oct 2025 07:41:45,0.008
06 Oct 2025 07:42:45,-0.034
06 Oct 2025 07:45:00,0.188
06 Oct 2025 07:52:30,0.434
06 Oct 2025 07:53:15,0.308
06 Oct 2025 07:55:15,0.355
06 Oct 2025 07:56:45,0.322
06 Oct 2025 07:59:00,0.338
06 Oct 2025 07:59:45,0.088
06 Oct 2025 08:00:15,-0.076
06 Oct 2025 08:04:15,-0.036
06 Oct 2025 08:04:45,0.341
06 Oct 2025 08:06:15,0.305
06 Oct 2025 08:06:45,0.233
06 Oct 2025 08:07:45,0.202
06 Oct 2025 08:08:00,0.182
06 Oct 2025 08:09:00,0.065
06 Oct 2025 08:15:15,0.305
06 Oct 2025 08:17:15,0.125
06 Oct 2025 08:19:45,0.274
06 Oct 2025 08:20:00,0.210
06 Oct 2025 08:20:15,0.540
06 Oct 2025 08:21:15,0.223
06 Oct 2025 08:27:30,-0.005
06 Oct 2025 08:28:45,0.141
06 Oct 2025 08:30:30,-0.002
06 Oct 2025 08:30:45,0.066
06 Oct 2025 08:33:30,0.370
06 Oct 2025 08:35:30,0.047
06 Oct 2025 08:35:45,0.141
06 Oct 2025 08:37:00,0.311
06 Oct 2025 08:38:30,0.268
06 Oct 2025 08:38:45,0.053
06 Oct 2025 08:39:30,0.435
06 Oct 2025 08:40:45,-0.089
06 Oct 2025 08:41:15,-0.055
06 Oct 2025 08:44:45,-0.305
06 Oct 2025 08:45:15,0.200
06 Oct 2025 08:46:30,0.041
06 Oct 2025 08:48:00,-0.327
06 Oct 2025 08:52:00,-0.162
06 Oct 2025 08:54:00,0.242
06 Oct 2025 08:55:30,0.334
06 Oct 2025 08:56:15,-0.262
06 Oct 2025 08:56:30,0.105
06 Oct 2025 08:57:45,0.497
06 Oct 2025 08:58:00,0.445
06 Oct 2025 08:59:00,0.492
06 Oct 2025 09:00:00,0.343
06 Oct 2025 09:04:45,0.083
06 Oct 2025 09:05:30,-0.177
06 Oct 2025 09:12:00,0.600
06 Oct 2025 09:13:00,-0.094
06 Oct 2025 09:14:30,0.061
06 Oct 2025 09:18:30,0.323
06 Oct 2025 09:19:30,-0.258
06 Oct 2025 09:20:45,0.283
06 Oct 2025 09:22:30,-0.045
06 Oct 2025 09:27:15,-0.040
06 Oct 2025 09:31:30,-0.122
06 Oct 2025 09:32:15,-0.428
06 Oct 2025 09:32:30,0.068
06 Oct 2025 09:32:45,-0.122
06 Oct 2025 09:34:15,-0.192
06 Oct 2025 09:35:30,0.191
06 Oct 2025 09:38:30,0.075
06 Oct 2025 09:39:00,-0.011
06 Oct 2025 09:39:30,-0.154
06 Oct 2025 09:40:15,0.325
06 Oct 2025 09:44:30,0.094
06 Oct 2025 09:46:45,-0.188
06 Oct 2025 09:48:15,0.048
06 Oct 2025 09:49:15,0.112
06 Oct 2025 09:49:45,0.392
06 Oct 2025 09:51:15,-0.059
06 Oct 2025 09:52:45,-0.005
06 Oct 2025 09:55:15,0.493
06 Oct 2025 09:57:45,0.215
06 Oct 2025 10:01:45,0.100
06 Oct 2025 10:03:00,-0.058
06 Oct 2025 10:05:00,0.248
06 Oct 2025 10:05:15,-0.183
06 Oct 2025 10:16:30,0.030
06 Oct 2025 10:21:30,-0.146
06 Oct 2025 10:22:00,-0.086
06 Oct 2025 10:24:30,-0.045
06 Oct 2025 10:25:00,0.148
06 Oct 2025 10:26:30,0.105
06 Oct 2025 10:27:15,0.003
06 Oct 2025 10:29:45,-0.248
06 Oct 2025 10:30:15,-0.238
06 Oct 2025 10:35:15,-0.103
06 Oct 2025 10:35:45,0.208
06 Oct 2025 10:41:00,-0.108
06 Oct 2025 10:41:45,-0.253
06 Oct 2025 10:43:30,-0.154
06 Oct 2025 10:44:45,0.410
06 Oct 2025 10:45:45,0.131
06 Oct 2025 10:47:45,-0.334
06 Oct 2025 10:48:45,0.423
06 Oct 2025 10:49:00,-0.228
06 Oct 2025 10:53:00,-0.311
06 Oct 2025 11:00:15,-0.336
06 Oct 2025 11:00:30,0.037
06 Oct 2025 11:01:45,0.024
06 Oct 2025 11:02:45,0.425
06 Oct 2025 11:05:30,0.387
06 Oct 2025 11:06:45,0.048
06 Oct 2025 11:07:15,-0.267
06 Oct 2025 11:07:30,-0.277
06 Oct 2025 11:07:45,-0.182
06 Oct 2025 11:09:00,-0.368
06 Oct 2025 11:11:00,0.070
06 Oct 2025 11:11:15,0.208
06 Oct 2025 11:12:15,0.154
06 Oct 2025 11:13:30,-0.121
06 Oct 2025 11:13:45,-0.013
06 Oct 2025 11:14:45,-0.166
06 Oct 2025 11:15:00,0.252
06 Oct 2025 11:16:00,-0.227
06 Oct 2025 11:18:30,-0.240
06 Oct 2025 11:20:00,-0.003
06 Oct 2025 11:21:30,-0.120
06 Oct 2025 11:26:30,0.535
06 Oct 2025 11:27:15,0.319
06 Oct 2025 11:28:45,0.108
06 Oct 2025 11:29:30,0.358
06 Oct 2025 11:29:45,0.459
06 Oct 2025 11:30:30,-0.335
06 Oct 2025 11:33:45,0.130
06 Oct 2025 11:35:15,-0.311
06 Oct 2025 11:36:00,-0.188
06 Oct 2025 11:37:00,0.265
06 Oct 2025 11:39:15,-0.092
06 Oct 2025 11:43:00,0.157
06 Oct 2025 11:44:00,0.162
06 Oct 2025 11:45:15,-0.298
06 Oct 2025 11:47:45,-0.056
06 Oct 2025 11:50:00,-0.009
06 Oct 2025 11:51:00,-0.473
06 Oct 2025 11:52:30,0.107
06 Oct 2025 11:57:15,-0.009
06 Oct 2025 12:00:00,-0.036
06 Oct 2025 12:01:00,-0.314
06 Oct 2025 12:01:15,0.318
06 Oct 2025 12:02:15,-0.242
06 Oct 2025 12:04:15,0.062
06 Oct 2025 12:04:30,0.080
06 Oct 2025 12:09:00,0.028
06 Oct 2025 12:11:15,-0.477
06 Oct 2025 12:13:00,-0.046
06 Oct 2025 12:15:15,-0.107
06 Oct 2025 12:17:45,-0.430
06 Oct 2025 12:20:30,-0.429
06 Oct 2025 12:22:15,0.131
06 Oct 2025 12:24:30,-0.123
06 Oct 2025 12:25:45,-0.405
06 Oct 2025 12:26:45,0.039
06 Oct 2025 12:29:00,0.417
06 Oct 2025 12:30:00,0.113
06 Oct 2025 12:32:00,0.293
06 Oct 2025 12:34:15,-0.002
06 Oct 2025 12:35:00,-0.217
06 Oct 2025 12:36:00,-0.496
06 Oct 2025 12:38:00,-0.249
06 Oct 2025 12:38:45,-0.529
06 Oct 2025 12:44:00,-0.058
06 Oct 2025 12:45:30,-0.416
06 Oct 2025 12:45:45,0.173
06 Oct 2025 12:46:00,0.050
06 Oct 2025 12:47:45,-0.150
06 Oct 2025 12:53:00,-0.251
06 Oct 2025 12:54:00,-0.034
06 Oct 2025 12:56:45,-0.156
06 Oct 2025 12:59:00,-0.091
06 Oct 2025 13:02:00,-0.276
06 Oct 2025 13:03:45,-0.091
06 Oct 2025 13:08:30,-0.033
06 Oct 2025 13:09:30,-0.292
06 Oct 2025 13:10:00,-0.003
06 Oct 2025 13:12:00,0.060
06 Oct 2025 13:12:15,-0.384
06 Oct 2025 13:12:45,0.174
06 Oct 2025 13:17:00,-0.208
06 Oct 2025 13:22:15,-0.113
06 Oct 2025 13:24:00,-0.336
06 Oct 2025 13:24:30,-0.304
06 Oct 2025 13:25:45,-0.227
06 Oct 2025 13:26:30,0.326
06 Oct 2025 13:29:15,-0.098
06 Oct 2025 13:33:30,0.125
06 Oct 2025 13:36:45,0.263
06 Oct 2025 13:37:00,-0.159
06 Oct 2025 13:38:15,-0.250
06 Oct 2025 13:39:15,-0.136
06 Oct 2025 13:39:30,0.210
06 Oct 2025 13:40:15,0.069
06 Oct 2025 13:40:45,-0.450
06 Oct 2025 13:41:30,-0.286
06 Oct 2025 13:43:30,-0.392
06 Oct 2025 13:45:30,-0.570
06 Oct 2025 13:47:45,-0.418
06 Oct 2025 13:49:00,0.292
06 Oct 2025 13:50:15,-0.037
06 Oct 2025 13:50:45,-0.355
06 Oct 2025 13:52:00,0.049
06 Oct 2025 13:53:00,-0.099
06 Oct 2025 13:53:30,0.052
06 Oct 2025 13:54:15,-0.307
06 Oct 2025 13:56:15,0.314
06 Oct 2025 13:57:00,0.277
06 Oct 2025 14:03:30,0.277
06 Oct 2025 14:04:15,-0.131
06 Oct 2025 14:05:45,-0.384
06 Oct 2025 14:08:45,-0.076
06 Oct 2025 14:09:00,0.108
06 Oct 2025 14:09:45,0.053
06 Oct 2025 14:18:45,-0.006
06 Oct 2025 14:19:45,-0.329
06 Oct 2025 14:20:15,-0.196
06 Oct 2025 14:22:00,0.382
06 Oct 2025 14:22:30,-0.168
06 Oct 2025 14:24:15,0.265
06 Oct 2025 14:30:15,-0.091
06 Oct 2025 14:36:45,0.103
06 Oct 2025 14:41:45,0.148
06 Oct 2025 14:42:45,0.226
06 Oct 2025 14:44:45,0.064
06 Oct 2025 14:48:45,-0.168
06 Oct 2025 14:49:45,-0.160
06 Oct 2025 14:50:00,-0.092
06 Oct 2025 14:55:00,-0.085
06 Oct 2025 14:58:15,0.593
06 Oct 2025 14:58:45,-0.221
06 Oct 2025 15:01:45,-0.091
06 Oct 2025 15:04:15,0.016
06 Oct 2025 15:07:15,-0.323
06 Oct 2025 15:07:30,-0.144
06 Oct 2025 15:09:15,-0.080
06 Oct 2025 15:11:00,-0.545
06 Oct 2025 15:13:45,-0.073
06 Oct 2025 15:14:00,-0.102
06 Oct 2025 15:17:45,-0.075
06 Oct 2025 15:20:00,-0.439
06 Oct 2025 15:24:45,-0.147
06 Oct 2025 15:26:15,-0.055
06 Oct 2025 15:27:30,-0.137
06 Oct 2025 15:29:15,0.010
06 Oct 2025 15:33:30,-0.032
06 Oct 2025 15:34:30,0.273
06 Oct 2025 15:42:30,-0.073
06 Oct 2025 15:44:30,-0.059
06 Oct 2025 15:44:45,-0.005
06 Oct 2025 15:46:00,-0.186
06 Oct 2025 15:48:00,-0.133
06 Oct 2025 15:49:45,-0.260
06 Oct 2025 15:51:30,-0.205
06 Oct 2025 15:53:00,-0.084
06 Oct 2025 15:57:30,0.224
06 Oct 2025 15:58:00,0.209
06 Oct 2025 16:00:15,-0.066
06 Oct 2025 16:02:00,0.040
06 Oct 2025 16:02:15,0.042
06 Oct 2025 16:02:30,-0.042
06 Oct 2025 16:04:30,0.038
06 Oct 2025 16:05:45,0.325
06 Oct 2025 16:07:00,-0.263
06 Oct 2025 16:07:45,0.175
06 Oct 2025 16:08:30,-0.211
06 Oct 2025 16:10:45,0.187
06 Oct 2025 16:12:30,0.405
06 Oct 2025 16:15:00,0.240
06 Oct 2025 16:15:15,0.432
06 Oct 2025 16:15:30,-0.013
06 Oct 2025 16:17:00,0.308
06 Oct 2025 16:20:00,-0.226
06 Oct 2025 16:26:30,0.172
06 Oct 2025 16:27:15,-0.281
06 Oct 2025 16:31:00,-0.036
06 Oct 2025 16:31:45,0.049
06 Oct 2025 16:32:00,0.002
06 Oct 2025 16:35:45,0.260
06 Oct 2025 16:41:30,-0.149
06 Oct 2025 16:45:00,-0.005
06 Oct 2025 16:49:15,0.141
06 Oct 2025 16:50:15,0.202
06 Oct 2025 16:51:00,0.077
06 Oct 2025 16:52:45,0.272
06 Oct 2025 16:54:30,0.157
06 Oct 2025 16:57:15,0.389
06 Oct 2025 17:03:30,0.185
06 Oct 2025 17:05:45,-0.188
06 Oct 2025 17:06:15,0.083
06 Oct 2025 17:09:00,-0.137
06 Oct 2025 17:09:45,0.189
06 Oct 2025 17:11:15,-0.017
06 Oct 2025 17:12:45,0.123
06 Oct 2025 17:15:00,0.229
06 Oct 2025 17:15:30,0.006
06 Oct 2025 17:15:45,0.239
06 Oct 2025 17:17:15,0.268
06 Oct 2025 17:18:15,0.333
06 Oct 2025 17:20:00,0.075
06 Oct 2025 17:23:30,0.298
06 Oct 2025 17:25:30,0.036
06 Oct 2025 17:27:45,-0.030
06 Oct 2025 17:28:00,0.263
06 Oct 2025 17:28:45,-0.133
06 Oct 2025 17:30:30,0.325
06 Oct 2025 17:32:15,0.096
06 Oct 2025 17:32:30,-0.129
06 Oct 2025 17:36:15,0.313
06 Oct 2025 17:38:30,0.151
06 Oct 2025 17:39:15,-0.165
06 Oct 2025 17:39:45,0.120
06 Oct 2025 17:40:15,-0.003
06 Oct 2025 17:44:45,-0.152
06 Oct 2025 17:45:45,-0.077
06 Oct 2025 17:53:15,0.232
06 Oct 2025 17:53:30,0.118
06 Oct 2025 17:59:30,0.142
06 Oct 2025 18:00:30,-0.051
06 Oct 2025 18:00:45,0.052
06 Oct 2025 18:03:15,0.339
06 Oct 2025 18:08:45,0.295
06 Oct 2025 18:13:30,0.093
06 Oct 2025 18:17:15,0.447
06 Oct 2025 18:18:15,-0.038
06 Oct 2025 18:18:30,-0.068
06 Oct 2025 18:20:30,0.692
06 Oct 2025 18:21:00,0.172
06 Oct 2025 18:21:30,0.105
06 Oct 2025 18:21:45,0.178
06 Oct 2025 18:27:00,0.036
06 Oct 2025 18:27:30,0.012
06 Oct 2025 18:28:00,0.107
06 Oct 2025 18:30:45,0.402
06 Oct 2025 18:32:30,0.184
06 Oct 2025 18:35:30,0.147
06 Oct 2025 18:36:15,0.394
06 Oct 2025 18:36:30,0.277
06 Oct 2025 18:40:45,0.365
06 Oct 2025 18:41:15,0.228
06 Oct 2025 18:43:30,0.045
06 Oct 2025 18:45:00,0.292
06 Oct 2025 18:45:30,0.201
06 Oct 2025 18:46:45,0.078
06 Oct 2025 18:49:30,0.179
06 Oct 2025 18:50:00,0.246
06 Oct 2025 19:00:00,-0.055
06 Oct 2025 19:01:30,0.640
06 Oct 2025 19:03:45,0.235
06 Oct 2025 19:06:00,0.352
06 Oct 2025 19:07:00,0.094
06 Oct 2025 19:10:15,0.208
06 Oct 2025 19:10:30,0.225
06 Oct 2025 19:11:00,0.394
06 Oct 2025 19:11:15,0.348
06 Oct 2025 19:14:30,0.190
06 Oct 2025 19:18:45,0.265
06 Oct 2025 19:21:15,0.325
06 Oct 2025 19:22:45,0.199
06 Oct 2025 19:23:45,0.534
06 Oct 2025 19:25:30,-0.026
06 Oct 2025 19:29:00,0.073
06 Oct 2025 19:29:15,0.405
06 Oct 2025 19:32:45,0.366
06 Oct 2025 19:34:45,0.097
06 Oct 2025 19:35:00,-0.062
06 Oct 2025 19:37:00,0.159
06 Oct 2025 19:38:30,0.168
06 Oct 2025 19:39:15,0.044
06 Oct 2025 19:41:30,0.191
06 Oct 2025 19:42:00,0.204
06 Oct 2025 19:42:15,-0.003
06 Oct 2025 19:43:00,-0.255
06 Oct 2025 19:44:15,-0.041
06 Oct 2025 19:45:15,-0.037
06 Oct 2025 19:48:45,0.146
06 Oct 2025 19:49:15,0.292
06 Oct 2025 19:49:30,0.140
06 Oct 2025 19:51:00,0.070
06 Oct 2025 19:52:30,0.431
06 Oct 2025 19:53:15,0.305
06 Oct 2025 19:55:45,0.221
06 Oct 2025 20:00:15,0.298
06 Oct 2025 20:00:45,0.184
06 Oct 2025 20:04:45,0.396
06 Oct 2025 20:06:45,0.263
06 Oct 2025 20:07:00,0.249
06 Oct 2025 20:08:45,0.116
06 Oct 2025 20:11:30,0.299
06 Oct 2025 20:12:30,-0.164
06 Oct 2025 20:12:45,0.001
06 Oct 2025 20:14:30,0.249
06 Oct 2025 20:19:00,0.148
06 Oct 2025 20:19:15,-0.014
06 Oct 2025 20:21:00,0.362
06 Oct 2025 20:22:30,-0.007
06 Oct 2025 20:25:30,0.150
06 Oct 2025 20:27:15,-0.137
06 Oct 2025 20:27:45,0.058
06 Oct 2025 20:28:45,0.009
06 Oct 2025 20:29:00,0.315
06 Oct 2025 20:29:30,0.165
06 Oct 2025 20:29:45,0.194
06 Oct 2025 20:30:45,-0.073
06 Oct 2025 20:31:30,0.497
06 Oct 2025 20:31:45,0.373
06 Oct 2025 20:33:00,-0.013
06 Oct 2025 20:35:45,0.422
06 Oct 2025 20:39:30,-0.010
06 Oct 2025 20:41:00,0.053
06 Oct 2025 20:42:00,0.043
06 Oct 2025 20:47:30,0.239
06 Oct 2025 20:48:00,0.259
06 Oct 2025 20:48:30,0.273
06 Oct 2025 20:48:45,-0.128
06 Oct 2025 20:49:00,0.308
06 Oct 2025 20:50:30,0.375
06 Oct 2025 20:52:15,0.068
06 Oct 2025 20:53:45,0.214
06 Oct 2025 20:57:15,0.058
06 Oct 2025 20:57:30,-0.009
06 Oct 2025 20:58:15,0.326
06 Oct 2025 21:01:00,0.502
06 Oct 2025 21:01:45,0.218
06 Oct 2025 21:02:00,0.225
06 Oct 2025 21:02:45,0.307
06 Oct 2025 21:07:00,0.285
06 Oct 2025 21:08:15,-0.105
06 Oct 2025 21:09:15,0.259
06 Oct 2025 21:11:30,0.225
06 Oct 2025 21:12:15,-0.036
06 Oct 2025 21:16:45,0.008
06 Oct 2025 21:17:15,0.314
06 Oct 2025 21:18:15,0.065
06 Oct 2025 21:23:30,-0.068
06 Oct 2025 21:27:15,-0.154
06 Oct 2025 21:28:15,0.114
06 Oct 2025 21:30:45,0.089
06 Oct 2025 21:32:45,0.218
06 Oct 2025 21:37:00,0.045
06 Oct 2025 21:38:15,0.036
06 Oct 2025 21:38:45,0.383
06 Oct 2025 21:39:00,-0.204
06 Oct 2025 21:39:45,-0.121
06 Oct 2025 21:45:00,0.292
06 Oct 2025 21:45:15,0.070
06 Oct 2025 21:45:30,0.166
06 Oct 2025 21:45:45,0.383
06 Oct 2025 21:50:00,0.111
06 Oct 2025 21:51:00,0.009
06 Oct 2025 21:51:30,-0.047
06 Oct 2025 21:53:15,-0.001
06 Oct 2025 21:53:30,0.172
06 Oct 2025 21:55:30,-0.010
06 Oct 2025 21:58:15,0.218
06 Oct 2025 22:01:00,-0.156
06 Oct 2025 22:01:30,-0.005
06 Oct 2025 22:07:00,-0.303
06 Oct 2025 22:08:00,-0.128
06 Oct 2025 22:09:30,-0.141
06 Oct 2025 22:10:30,0.227
06 Oct 2025 22:11:30,0.010
06 Oct 2025 22:13:15,-0.170
06 Oct 2025 22:14:00,0.227
06 Oct 2025 22:15:15,0.412
06 Oct 2025 22:18:45,-0.062
06 Oct 2025 22:20:30,-0.048
06 Oct 2025 22:21:15,0.012
06 Oct 2025 22:28:45,0.368
06 Oct 2025 22:29:45,-0.351
06 Oct 2025 22:30:30,-0.015
06 Oct 2025 22:37:45,0.257
06 Oct 2025 22:38:45,-0.178
06 Oct 2025 22:39:00,0.039
06 Oct 2025 22:41:45,-0.102
06 Oct 2025 22:43:45,0.081
06 Oct 2025 22:45:00,0.027
06 Oct 2025 22:47:00,0.035
06 Oct 2025 22:48:30,-0.215
06 Oct 2025 22:52:30,0.166
06 Oct 2025 22:54:00,0.145
06 Oct 2025 22:54:15,0.104
06 Oct 2025 22:54:45,-0.050
06 Oct 2025 22:55:45,-0.086
06 Oct 2025 22:57:00,0.074
06 Oct 2025 22:58:45,0.018
06 Oct 2025 23:01:00,-0.016
06 Oct 2025 23:02:45,0.097
06 Oct 2025 23:03:30,-0.081
06 Oct 2025 23:04:00,-0.076
06 Oct 2025 23:04:15,-0.160
06 Oct 2025 23:07:00,-0.025
06 Oct 2025 23:13:45,0.068
06 Oct 2025 23:14:15,-0.370
06 Oct 2025 23:16:00,0.297
06 Oct 2025 23:16:15,0.037
06 Oct 2025 23:17:45,0.042
06 Oct 2025 23:18:00,-0.246
06 Oct 2025 23:18:15,-0.074
06 Oct 2025 23:19:45,-0.023
06 Oct 2025 23:21:30,0.284
06 Oct 2025 23:22:30,0.177
06 Oct 2025 23:25:00,-0.111
06 Oct 2025 23:26:00,0.004
06 Oct 2025 23:26:15,-0.129
06 Oct 2025 23:28:45,-0.311
06 Oct 2025 23:30:00,-0.255
06 Oct 2025 23:32:00,-0.154
06 Oct 2025 23:32:45,-0.183
06 Oct 2025 23:33:45,-0.190
06 Oct 2025 23:35:45,-0.212
06 Oct 2025 23:37:15,-0.058
06 Oct 2025 23:38:45,-0.223
06 Oct 2025 23:39:00,-0.057
06 Oct 2025 23:40:00,-0.014
06 Oct 2025 23:41:00,0.026
06 Oct 2025 23:47:00,-0.268
06 Oct 2025 23:47:30,-0.149
06 Oct 2025 23:50:00,0.014
06 Oct 2025 23:52:00,0.144
06 Oct 2025 23:53:45,0.138
06 Oct 2025 23:56:15,-0.050
06 Oct 2025 23:59:00,0.098
07 Oct 2025 00:00:30,-0.207
07 Oct 2025 00:01:45,-0.139
07 Oct 2025 00:05:15,-0.140
07 Oct 2025 00:09:00,-0.250
07 Oct 2025 00:09:15,-0.014
07 Oct 2025 00:10:30,-0.248
07 Oct 2025 00:10:45,0.003
07 Oct 2025 00:11:15,-0.212
07 Oct 2025 00:15:00,-0.091
07 Oct 2025 00:15:45,-0.057
07 Oct 2025 00:16:00,0.003
07 Oct 2025 00:18:30,-0.317
07 Oct 2025 00:22:30,-0.045
07 Oct 2025 00:24:30,0.027
07 Oct 2025 00:25:30,-0.247
07 Oct 2025 00:26:00,0.008
07 Oct 2025 00:27:15,-0.176
07 Oct 2025 00:29:15,-0.316
07 Oct 2025 00:37:45,-0.201
07 Oct 2025 00:40:15,0.075
07 Oct 2025 00:42:45,-0.008
07 Oct 2025 00:45:45,-0.278
07 Oct 2025 00:46:30,-0.068
07 Oct 2025 00:47:30,-0.276
07 Oct 2025 00:48:30,0.194
07 Oct 2025 00:48:45,-0.129
07 Oct 2025 00:49:00,-0.155
07 Oct 2025 00:49:45,-0.386
07 Oct 2025 00:50:45,-0.301
07 Oct 2025 00:53:15,-0.143
07 Oct 2025 00:53:30,-0.141
07 Oct 2025 00:54:00,-0.095
07 Oct 2025 00:55:00,0.063
07 Oct 2025 00:56:45,-0.058
07 Oct 2025 00:59:15,-0.154
07 Oct 2025 00:59:45,0.069
07 Oct 2025 01:00:15,-0.147
07 Oct 2025 01:03:45,-0.160
07 Oct 2025 01:05:00,-0.293
07 Oct 2025 01:05:45,-0.195
07 Oct 2025 01:09:00,-0.189
07 Oct 2025 01:13:45,-0.001
07 Oct 2025 01:18:45,0.034
07 Oct 2025 01:19:00,0.068
07 Oct 2025 01:21:00,-0.030
07 Oct 2025 01:21:45,-0.069
07 Oct 2025 01:22:30,-0.011
07 Oct 2025 01:23:15,-0.142
07 Oct 2025 01:25:30,-0.161
07 Oct 2025 01:26:30,-0.219
07 Oct 2025 01:35:00,-0.325
07 Oct 2025 01:37:00,-0.086
07 Oct 2025 01:37:45,-0.206
07 Oct 2025 01:38:00,-0.010
07 Oct 2025 01:39:15,-0.012
07 Oct 2025 01:39:45,-0.122
07 Oct 2025 01:43:15,-0.290
07 Oct 2025 01:43:45,-0.288
07 Oct 2025 01:44:00,0.015
07 Oct 2025 01:46:45,-0.369
07 Oct 2025 01:47:00,-0.147
07 Oct 2025 01:50:30,-0.173
07 Oct 2025 01:51:15,-0.214
07 Oct 2025 01:56:00,-0.155
07 Oct 2025 01:56:15,-0.197
07 Oct 2025 01:56:30,-0.296
07 Oct 2025 01:58:00,-0.132
07 Oct 2025 01:59:00,-0.023
07 Oct 2025 02:02:45,-0.144
07 Oct 2025 02:05:45,-0.246
07 Oct 2025 02:09:00,0.022
07 Oct 2025 02:10:30,-0.203
07 Oct 2025 02:12:00,-0.048
07 Oct 2025 02:13:15,0.092
07 Oct 2025 02:13:30,-0.333
07 Oct 2025 02:14:00,-0.253
07 Oct 2025 02:15:15,-0.387
07 Oct 2025 02:15:45,-0.075
07 Oct 2025 02:22:15,-0.225
07 Oct 2025 02:23:45,-0.146
07 Oct 2025 02:26:30,-0.048
07 Oct 2025 02:27:00,-0.029
07 Oct 2025 02:27:30,-0.227
07 Oct 2025 02:30:30,-0.210
07 Oct 2025 02:31:00,0.043
07 Oct 2025 02:31:15,-0.155
07 Oct 2025 02:31:45,-0.005
07 Oct 2025 02:35:15,0.021
07 Oct 2025 02:39:00,0.109
07 Oct 2025 02:40:45,-0.131
07 Oct 2025 02:41:00,0.115
07 Oct 2025 02:47:00,-0.252
07 Oct 2025 02:48:15,-0.225
07 Oct 2025 02:49:30,0.157
07 Oct 2025 02:50:00,-0.013
07 Oct 2025 02:53:30,-0.065
07 Oct 2025 02:54:15,-0.063
07 Oct 2025 02:59:15,-0.057
07 Oct 2025 03:00:00,0.103
07 Oct 2025 03:00:15,-0.173
07 Oct 2025 03:01:15,-0.290
07 Oct 2025 03:08:15,-0.136
07 Oct 2025 03:10:45,0.133
07 Oct 2025 03:11:00,-0.153
07 Oct 2025 03:12:45,-0.032
07 Oct 2025 03:23:30,-0.014
07 Oct 2025 03:25:15,-0.206
07 Oct 2025 03:26:45,-0.262
07 Oct 2025 03:29:30,0.016
07 Oct 2025 03:30:30,0.079
07 Oct 2025 03:32:15,0.027
07 Oct 2025 03:33:15,0.079
07 Oct 2025 03:34:30,0.047
07 Oct 2025 03:36:30,0.105
07 Oct 2025 03:41:00,-0.238
07 Oct 2025 03:43:45,0.183
07 Oct 2025 03:45:30,-0.106
07 Oct 2025 03:45:45,-0.170
07 Oct 2025 03:47:00,0.105
07 Oct 2025 03:49:00,-0.044
07 Oct 2025 03:53:00,-0.012
07 Oct 2025 03:59:15,0.087
07 Oct 2025 04:09:00,-0.041
07 Oct 2025 04:10:00,-0.017
07 Oct 2025 04:14:15,0.023
07 Oct 2025 04:20:00,0.027
07 Oct 2025 04:21:00,-0.125
07 Oct 2025 04:22:45,-0.142
07 Oct 2025 04:23:30,0.076
07 Oct 2025 04:26:30,0.074
07 Oct 2025 04:28:30,0.196
07 Oct 2025 04:29:00,0.188
07 Oct 2025 04:29:45,0.128
07 Oct 2025 04:31:45,0.138
07 Oct 2025 04:32:45,-0.078
07 Oct 2025 04:33:30,0.024
07 Oct 2025 04:33:45,-0.216
07 Oct 2025 04:34:00,0.082
07 Oct 2025 04:36:00,0.120
07 Oct 2025 04:36:45,-0.173
07 Oct 2025 04:42:30,-0.072
07 Oct 2025 04:44:00,0.060
07 Oct 2025 04:48:15,0.040
07 Oct 2025 04:49:00,0.112
07 Oct 2025 04:52:30,-0.077
07 Oct 2025 04:52:45,0.269
07 Oct 2025 04:54:00,0.148
07 Oct 2025 04:57:45,-0.059
07 Oct 2025 05:01:15,0.100
07 Oct 2025 05:02:15,0.192
07 Oct 2025 05:04:30,0.208
07 Oct 2025 05:09:30,-0.082
07 Oct 2025 05:13:15,-0.007
07 Oct 2025 05:13:30,0.133
07 Oct 2025 05:13:45,-0.142
07 Oct 2025 05:16:00,0.068
07 Oct 2025 05:17:00,0.068
07 Oct 2025 05:17:15,0.023
07 Oct 2025 05:18:15,0.195
07 Oct 2025 05:20:00,0.148
07 Oct 2025 05:22:45,0.070
07 Oct 2025 05:23:45,0.111
07 Oct 2025 05:27:15,0.126
07 Oct 2025 05:33:15,0.102
07 Oct 2025 05:34:30,0.057
07 Oct 2025 05:39:45,0.171
07 Oct 2025 05:42:45,0.213
07 Oct 2025 05:44:45,0.169
07 Oct 2025 05:46:00,0.220
07 Oct 2025 05:47:00,0.098
07 Oct 2025 05:48:30,0.226
07 Oct 2025 05:51:15,0.072
07 Oct 2025 05:52:00,0.094
07 Oct 2025 05:53:15,0.091
07 Oct 2025 05:55:00,0.161
07 Oct 2025 05:58:45,0.263
07 Oct 2025 05:59:15,0.142
07 Oct 2025 06:04:45,0.179
07 Oct 2025 06:05:45,-0.034
07 Oct 2025 06:06:30,0.228
07 Oct 2025 06:08:45,0.173
07 Oct 2025 06:09:15,0.100
07 Oct 2025 06:09:45,0.226
07 Oct 2025 06:10:30,0.119
07 Oct 2025 06:11:30,0.175
07 Oct 2025 06:12:15,0.009
07 Oct 2025 06:14:00,0.130
07 Oct 2025 06:14:30,0.100
07 Oct 2025 06:15:30,0.157
07 Oct 2025 06:17:45,0.044
07 Oct 2025 06:18:00,0.165
07 Oct 2025 06:19:00,0.181
07 Oct 2025 06:19:30,0.255
07 Oct 2025 06:20:00,0.114
07 Oct 2025 06:20:45,0.165
07 Oct 2025 06:22:45,0.119
07 Oct 2025 06:27:30,0.123
07 Oct 2025 06:30:00,0.195
07 Oct 2025 06:30:45,0.114
07 Oct 2025 06:31:45,0.173
07 Oct 2025 06:33:15,0.133
07 Oct 2025 06:34:45,0.204
07 Oct 2025 06:35:45,0.203
07 Oct 2025 06:45:45,0.195
07 Oct 2025 06:51:45,-0.091
07 Oct 2025 06:53:45,0.259
07 Oct 2025 06:55:15,0.292
07 Oct 2025 06:56:30,0.090
07 Oct 2025 06:57:30,0.133
07 Oct 2025 07:00:15,0.128
07 Oct 2025 07:00:30,0.250
07 Oct 2025 07:04:45,0.032
07 Oct 2025 07:06:30,0.130
07 Oct 2025 07:08:00,0.301
07 Oct 2025 07:10:15,0.285
07 Oct 2025 07:12:00,0.207
07 Oct 2025 07:21:15,0.262
07 Oct 2025 07:25:00,0.240
07 Oct 2025 07:27:15,0.172
07 Oct 2025 07:27:45,0.230
07 Oct 2025 07:30:45,0.206
07 Oct 2025 07:33:00,0.227
07 Oct 2025 07:42:00,0.299
07 Oct 2025 07:46:15,0.243
07 Oct 2025 07:47:15,0.192
07 Oct 2025 07:53:45,0.155
07 Oct 2025 07:58:15,0.173
07 Oct 2025 08:07:30,0.213
07 Oct 2025 08:08:30,0.125
07 Oct 2025 08:09:00,0.197
07 Oct 2025 08:11:00,0.203
07 Oct 2025 08:12:30,0.170
07 Oct 2025 08:13:15,0.303
07 Oct 2025 08:15:00,0.115
07 Oct 2025 08:15:45,-0.258
07 Oct 2025 08:21:30,0.318
07 Oct 2025 08:24:00,0.059
07 Oct 2025 08:25:30,0.079
07 Oct 2025 08:26:00,0.152
07 Oct 2025 08:30:00,0.289
07 Oct 2025 08:31:00,0.339
07 Oct 2025 08:32:00,0.195
07 Oct 2025 08:34:00,0.148
07 Oct 2025 08:34:45,0.205
07 Oct 2025 08:35:00,0.014
07 Oct 2025 08:35:15,0.255
07 Oct 2025 08:37:15,0.041
07 Oct 2025 08:39:00,0.227
07 Oct 2025 08:41:15,0.079
07 Oct 2025 08:41:30,0.335
07 Oct 2025 08:42:15,0.092
07 Oct 2025 08:43:00,0.256
07 Oct 2025 08:43:15,0.010
07 Oct 2025 08:47:30,0.298
07 Oct 2025 08:49:15,0.248
07 Oct 2025 08:51:15,-0.005
07 Oct 2025 08:51:30,0.164
07 Oct 2025 08:52:00,0.137
07 Oct 2025 08:56:45,0.167
07 Oct 2025 08:57:30,0.125
07 Oct 2025 08:57:45,-0.046
07 Oct 2025 09:01:45,0.151
07 Oct 2025 09:02:15,0.094
07 Oct 2025 09:04:45,-0.127
07 Oct 2025 09:07:15,0.108
07 Oct 2025 09:11:30,0.233
07 Oct 2025 09:12:45,0.194
07 Oct 2025 09:16:30,0.067
07 Oct 2025 09:20:30,0.006
07 Oct 2025 09:22:30,0.207
07 Oct 2025 09:23:45,0.203
07 Oct 2025 09:25:30,0.187
07 Oct 2025 09:28:00,0.061
07 Oct 2025 09:28:30,0.116
07 Oct 2025 09:32:15,0.296
07 Oct 2025 09:32:45,-0.094
07 Oct 2025 09:34:15,0.061
07 Oct 2025 09:35:45,0.066
07 Oct 2025 09:37:15,0.071
07 Oct 2025 09:38:30,0.260
07 Oct 2025 09:39:15,0.086
07 Oct 2025 09:41:15,0.216
07 Oct 2025 09:41:45,0.127
07 Oct 2025 09:42:00,-0.064
07 Oct 2025 09:42:45,0.165
07 Oct 2025 09:46:15,0.147
07 Oct 2025 09:46:45,0.182
07 Oct 2025 09:49:00,0.200
07 Oct 2025 09:53:00,0.033
07 Oct 2025 09:53:15,0.105
07 Oct 2025 09:58:15,-0.073
07 Oct 2025 10:01:00,0.108
07 Oct 2025 10:01:30,-0.080
07 Oct 2025 10:02:15,0.183
07 Oct 2025 10:13:30,0.075
07 Oct 2025 10:15:30,-0.145
07 Oct 2025 10:16:15,0.204
07 Oct 2025 10:20:45,0.009
07 Oct 2025 10:21:00,-0.062
07 Oct 2025 10:21:15,0.118
07 Oct 2025 10:25:15,0.142
07 Oct 2025 10:27:00,0.111
07 Oct 2025 10:28:15,0.067
07 Oct 2025 10:29:30,0.009
07 Oct 2025 10:29:45,0.132
07 Oct 2025 10:31:30,0.052
07 Oct 2025 10:33:45,-0.126
07 Oct 2025 10:34:00,0.189
07 Oct 2025 10:35:30,0.138
07 Oct 2025 10:37:00,0.033
07 Oct 2025 10:39:00,0.028
07 Oct 2025 10:45:15,-0.201
07 Oct 2025 10:45:30,0.020
07 Oct 2025 10:57:30,0.112
07 Oct 2025 10:58:30,-0.316
07 Oct 2025 11:02:45,-0.227
07 Oct 2025 11:05:15,0.083
07 Oct 2025 11:06:15,-0.075
07 Oct 2025 11:06:30,-0.068
07 Oct 2025 11:15:15,-0.162
07 Oct 2025 11:17:45,-0.025
07 Oct 2025 11:19:30,-0.053
07 Oct 2025 11:25:15,0.050
07 Oct 2025 11:25:30,0.017
07 Oct 2025 11:27:15,-0.133
07 Oct 2025 11:29:30,0.022
07 Oct 2025 11:29:45,0.049
07 Oct 2025 11:32:45,0.014
07 Oct 2025 11:38:45,0.185
07 Oct 2025 11:41:00,-0.223
07 Oct 2025 11:42:30,-0.028
07 Oct 2025 11:45:15,-0.032
07 Oct 2025 11:45:30,-0.194
07 Oct 2025 11:48:30,-0.033
07 Oct 2025 11:49:00,-0.117
07 Oct 2025 11:49:30,-0.103
07 Oct 2025 11:56:15,-0.459
07 Oct 2025 12:00:30,-0.135
07 Oct 2025 12:02:30,0.248
07 Oct 2025 12:04:00,0.221
07 Oct 2025 12:05:45,-0.008
07 Oct 2025 12:08:30,-0.224
07 Oct 2025 12:08:45,0.056
07 Oct 2025 12:10:15,-0.148
07 Oct 2025 12:11:15,-0.278
07 Oct 2025 12:11:30,-0.112
07 Oct 2025 12:14:15,-0.181
07 Oct 2025 12:15:00,-0.206
07 Oct 2025 12:16:15,0.011
07 Oct 2025 12:18:30,-0.177
07 Oct 2025 12:19:00,-0.041
07 Oct 2025 12:24:45,-0.119
07 Oct 2025 12:25:30,-0.351
07 Oct 2025 12:26:00,-0.054
07 Oct 2025 12:29:00,-0.208
07 Oct 2025 12:30:00,-0.137
07 Oct 2025 12:31:00,-0.224
07 Oct 2025 12:32:30,-0.187
07 Oct 2025 12:34:30,-0.074
07 Oct 2025 12:36:00,-0.253
07 Oct 2025 12:37:15,-0.113
07 Oct 2025 12:43:00,0.077
07 Oct 2025 12:45:30,0.049
07 Oct 2025 12:46:15,-0.149
07 Oct 2025 12:46:45,-0.179
07 Oct 2025 12:48:00,-0.058
07 Oct 2025 12:49:30,-0.100
07 Oct 2025 12:53:30,-0.059
07 Oct 2025 12:56:30,-0.088
07 Oct 2025 13:01:15,-0.162
07 Oct 2025 13:04:00,-0.418
07 Oct 2025 13:08:45,-0.073
07 Oct 2025 13:11:15,-0.046
07 Oct 2025 13:13:45,-0.200
07 Oct 2025 13:15:45,-0.047
07 Oct 2025 13:17:30,-0.218
07 Oct 2025 13:17:45,-0.317
07 Oct 2025 13:21:45,-0.113
07 Oct 2025 13:22:15,-0.258
07 Oct 2025 13:22:45,0.016
07 Oct 2025 13:24:30,0.061
07 Oct 2025 13:24:45,-0.183
07 Oct 2025 13:29:15,-0.083
07 Oct 2025 13:31:00,-0.200
07 Oct 2025 13:38:00,-0.248
07 Oct 2025 13:39:45,-0.112
07 Oct 2025 13:42:00,-0.128
07 Oct 2025 13:42:30,0.028
07 Oct 2025 13:42:45,-0.002
07 Oct 2025 13:44:00,-0.384
07 Oct 2025 13:44:15,-0.094
07 Oct 2025 13:45:30,-0.328
07 Oct 2025 13:49:45,-0.134
07 Oct 2025 13:56:45,-0.077
07 Oct 2025 13:57:30,-0.257
07 Oct 2025 14:02:30,-0.094
07 Oct 2025 14:06:15,-0.153
07 Oct 2025 14:09:00,-0.003
07 Oct 2025 14:11:30,-0.210
07 Oct 2025 14:12:45,-0.069
07 Oct 2025 14:19:00,-0.083
07 Oct 2025 14:20:30,-0.101
07 Oct 2025 14:23:15,-0.125
07 Oct 2025 14:25:45,-0.301
07 Oct 2025 14:26:15,-0.148
07 Oct 2025 14:28:15,-0.238
07 Oct 2025 14:28:30,-0.051
07 Oct 2025 14:30:30,-0.102
07 Oct 2025 14:34:00,-0.184
07 Oct 2025 14:36:45,-0.054
07 Oct 2025 14:39:00,-0.060
07 Oct 2025 14:39:15,-0.049
07 Oct 2025 14:39:45,-0.171
07 Oct 2025 14:40:30,-0.190
07 Oct 2025 14:44:30,-0.106
07 Oct 2025 14:44:45,0.025
07 Oct 2025 14:45:00,-0.039
07 Oct 2025 14:51:30,-0.241
07 Oct 2025 14:53:30,0.079
07 Oct 2025 14:56:00,0.116
07 Oct 2025 15:01:00,-0.063
07 Oct 2025 15:04:15,0.087
07 Oct 2025 15:05:45,-0.040
07 Oct 2025 15:09:15,0.024
07 Oct 2025 15:10:45,-0.008
07 Oct 2025 15:11:00,-0.184
07 Oct 2025 15:13:15,0.051
07 Oct 2025 15:14:30,-0.211
07 Oct 2025 15:15:00,0.043
07 Oct 2025 15:16:30,-0.098
07 Oct 2025 15:20:45,-0.233
07 Oct 2025 15:25:15,0.042
07 Oct 2025 15:27:15,-0.178
07 Oct 2025 15:28:15,-0.064
07 Oct 2025 15:32:15,-0.049
07 Oct 2025 15:33:15,-0.278
07 Oct 2025 15:33:45,-0.008
07 Oct 2025 15:34:00,-0.128
07 Oct 2025 15:34:30,-0.220
07 Oct 2025 15:34:45,0.099
07 Oct 2025 15:39:45,-0.313
07 Oct 2025 15:40:30,-0.061
07 Oct 2025 15:41:45,0.101
07 Oct 2025 15:46:45,-0.015
07 Oct 2025 15:47:30,0.012
07 Oct 2025 15:48:30,0.077
07 Oct 2025 15:54:00,-0.078
07 Oct 2025 15:58:00,-0.061
07 Oct 2025 16:00:00,-0.152
07 Oct 2025 16:02:45,-0.162
07 Oct 2025 16:05:30,-0.169
07 Oct 2025 16:09:45,-0.139
07 Oct 2025 16:10:45,0.021
07 Oct 2025 16:11:30,-0.014
07 Oct 2025 16:11:45,0.133
07 Oct 2025 16:13:15,0.078
07 Oct 2025 16:13:45,0.107
07 Oct 2025 16:15:45,-0.115
07 Oct 2025 16:16:00,-0.145
07 Oct 2025 16:16:15,-0.092
07 Oct 2025 16:17:15,0.070
07 Oct 2025 16:18:15,-0.033
07 Oct 2025 16:20:00,0.006
07 Oct 2025 16:21:00,-0.031
07 Oct 2025 16:23:45,0.008
07 Oct 2025 16:29:00,-0.284
07 Oct 2025 16:30:15,-0.097
07 Oct 2025 16:31:30,-0.112
07 Oct 2025 16:33:00,-0.097
07 Oct 2025 16:34:45,-0.004
07 Oct 2025 16:37:30,0.000
07 Oct 2025 16:45:15,0.105
07 Oct 2025 16:46:30,-0.056
07 Oct 2025 16:53:15,0.010
07 Oct 2025 16:57:45,0.255
07 Oct 2025 16:58:30,0.049
07 Oct 2025 16:59:00,-0.079
07 Oct 2025 17:05:00,0.200
07 Oct 2025 17:06:00,0.242
07 Oct 2025 17:06:30,0.037
07 Oct 2025 17:12:45,0.051
07 Oct 2025 17:13:45,0.108
07 Oct 2025 17:16:15,0.215
07 Oct 2025 17:19:00,-0.074
07 Oct 2025 17:19:45,-0.002
07 Oct 2025 17:21:45,0.032
07 Oct 2025 17:24:00,0.067
07 Oct 2025 17:30:00,0.113
07 Oct 2025 17:31:45,-0.053
07 Oct 2025 17:35:15,0.089
07 Oct 2025 17:38:45,-0.008
07 Oct 2025 17:39:45,0.046
07 Oct 2025 17:42:30,0.057
07 Oct 2025 17:44:15,0.104
07 Oct 2025 17:46:30,-0.032
07 Oct 2025 17:53:00,-0.004
07 Oct 2025 17:55:00,0.199
07 Oct 2025 17:55:45,0.009
07 Oct 2025 17:56:30,0.238
07 Oct 2025 18:00:00,0.078
07 Oct 2025 18:01:15,0.183
07 Oct 2025 18:05:15,-0.072
07 Oct 2025 18:06:45,0.087
07 Oct 2025 18:10:00,0.047
07 Oct 2025 18:14:15,0.024
07 Oct 2025 18:15:15,0.064
07 Oct 2025 18:15:45,0.024
07 Oct 2025 18:17:45,0.097
07 Oct 2025 18:20:30,0.032
07 Oct 2025 18:21:15,0.120
07 Oct 2025 18:22:00,0.202
07 Oct 2025 18:22:45,-0.008
07 Oct 2025 18:26:45,0.049
07 Oct 2025 18:28:30,0.080
07 Oct 2025 18:33:00,0.041
07 Oct 2025 18:34:30,0.030
07 Oct 2025 18:37:00,0.211
07 Oct 2025 18:42:00,0.018
07 Oct 2025 18:42:30,0.130
07 Oct 2025 18:42:45,0.216
07 Oct 2025 18:48:00,0.098
07 Oct 2025 18:48:30,-0.013
07 Oct 2025 18:50:45,0.201
07 Oct 2025 18:53:15,0.146
07 Oct 2025 18:53:45,0.219
07 Oct 2025 18:55:30,0.412
07 Oct 2025 18:57:15,0.186
07 Oct 2025 19:00:00,0.276
07 Oct 2025 19:00:15,-0.055
07 Oct 2025 19:02:45,0.029
07 Oct 2025 19:05:00,-0.006
07 Oct 2025 19:09:00,0.161
07 Oct 2025 19:10:45,0.132
07 Oct 2025 19:12:45,0.296
07 Oct 2025 19:13:00,0.303
07 Oct 2025 19:14:45,0.173
07 Oct 2025 19:16:30,0.135
07 Oct 2025 19:16:45,0.240
07 Oct 2025 19:17:00,0.138
07 Oct 2025 19:18:45,0.314
07 Oct 2025 19:21:00,0.138
07 Oct 2025 19:23:15,0.191
07 Oct 2025 19:25:30,0.065
07 Oct 2025 19:28:00,0.226
07 Oct 2025 19:28:30,0.163
07 Oct 2025 19:28:45,0.097
07 Oct 2025 19:29:15,0.233
07 Oct 2025 19:29:30,0.428
07 Oct 2025 19:30:30,0.290
07 Oct 2025 19:33:00,0.221
07 Oct 2025 19:33:45,0.066
07 Oct 2025 19:34:00,0.249
07 Oct 2025 19:38:30,0.100
07 Oct 2025 19:41:15,0.120
07 Oct 2025 19:43:15,0.048
07 Oct 2025 19:43:45,0.431
07 Oct 2025 19:45:15,0.108
07 Oct 2025 19:46:45,0.243
07 Oct 2025 19:48:00,0.068
07 Oct 2025 19:48:30,0.145
07 Oct 2025 19:49:30,0.202
07 Oct 2025 19:50:45,0.160
07 Oct 2025 19:53:15,0.206
07 Oct 2025 19:55:00,0.200
07 Oct 2025 19:55:30,0.320
07 Oct 2025 19:56:45,0.121
07 Oct 2025 19:59:45,0.282
07 Oct 2025 20:00:15,0.146
07 Oct 2025 20:01:30,0.132
07 Oct 2025 20:02:30,0.184
07 Oct 2025 20:03:30,0.071
07 Oct 2025 20:04:30,0.240
07 Oct 2025 20:05:15,0.159
07 Oct 2025 20:07:00,0.197
07 Oct 2025 20:07:15,0.051
07 Oct 2025 20:08:30,0.000
07 Oct 2025 20:08:45,0.074
07 Oct 2025 20:10:00,0.201
07 Oct 2025 20:21:15,0.136
07 Oct 2025 20:24:00,0.317
07 Oct 2025 20:25:30,0.253
07 Oct 2025 20:27:00,0.023
07 Oct 2025 20:29:15,0.184
07 Oct 2025 20:31:15,0.113
07 Oct 2025 20:37:15,0.176
07 Oct 2025 20:39:30,0.181
07 Oct 2025 20:43:00,0.122
07 Oct 2025 20:43:15,0.250
07 Oct 2025 20:43:45,0.276
07 Oct 2025 20:45:00,0.169
07 Oct 2025 20:46:30,0.219
07 Oct 2025 20:47:15,-0.031
07 Oct 2025 20:47:45,0.186
07 Oct 2025 20:49:15,0.216
07 Oct 2025 20:50:45,0.074
07 Oct 2025 20:51:30,0.126
07 Oct 2025 20:52:00,0.301
07 Oct 2025 20:52:15,0.181
07 Oct 2025 20:53:30,0.135
07 Oct 2025 20:56:30,0.326
07 Oct 2025 21:00:00,0.118
07 Oct 2025 21:00:15,0.102
07 Oct 2025 21:02:15,0.156
07 Oct 2025 21:03:45,0.081
07 Oct 2025 21:06:00,0.164
07 Oct 2025 21:06:45,0.397
07 Oct 2025 21:08:30,0.178
07 Oct 2025 21:09:45,0.233
07 Oct 2025 21:14:15,0.198
07 Oct 2025 21:15:45,0.163
07 Oct 2025 21:19:45,0.130
07 Oct 2025 21:22:30,0.352
07 Oct 2025 21:27:15,0.143
07 Oct 2025 21:28:15,0.194
07 Oct 2025 21:29:00,0.109
07 Oct 2025 21:32:45,0.382
07 Oct 2025 21:33:15,0.091
07 Oct 2025 21:34:30,-0.081
07 Oct 2025 21:36:00,0.048
07 Oct 2025 21:36:45,0.031
07 Oct 2025 21:37:30,0.244
07 Oct 2025 21:38:00,0.109
07 Oct 2025 21:40:15,0.167
07 Oct 2025 21:41:30,0.278
07 Oct 2025 21:44:15,-0.017
07 Oct 2025 21:44:30,0.172
07 Oct 2025 21:46:15,0.317
07 Oct 2025 21:48:30,0.252
07 Oct 2025 21:49:30,0.159
07 Oct 2025 21:50:15,0.204
07 Oct 2025 21:50:30,0.270
07 Oct 2025 21:51:15,0.192
07 Oct 2025 21:53:30,0.341
07 Oct 2025 21:54:15,0.096
07 Oct 2025 21:55:30,0.189
07 Oct 2025 21:56:30,0.124
07 Oct 2025 21:57:00,0.163
07 Oct 2025 22:01:00,0.180
07 Oct 2025 22:02:00,0.132
07 Oct 2025 22:02:30,0.096
07 Oct 2025 22:05:45,0.159
07 Oct 2025 22:09:15,0.014
07 Oct 2025 22:09:30,0.235
07 Oct 2025 22:10:15,-0.018
07 Oct 2025 22:11:00,0.109
07 Oct 2025 22:11:30,0.096
07 Oct 2025 22:12:00,0.186
07 Oct 2025 22:19:30,0.160
07 Oct 2025 22:19:45,0.237
07 Oct 2025 22:22:15,0.238
07 Oct 2025 22:22:30,0.146
07 Oct 2025 22:23:15,0.125
07 Oct 2025 22:23:45,-0.058
07 Oct 2025 22:24:30,0.272
07 Oct 2025 22:27:00,0.149
07 Oct 2025 22:29:30,0.172
07 Oct 2025 22:29:45,-0.008
07 Oct 2025 22:33:15,0.171
07 Oct 2025 22:33:45,0.054
07 Oct 2025 22:34:00,0.226
07 Oct 2025 22:35:45,0.134
07 Oct 2025 22:37:30,0.098
07 Oct 2025 22:38:00,-0.009
07 Oct 2025 22:41:30,0.269
07 Oct 2025 22:41:45,0.161
07 Oct 2025 22:46:00,-0.036
07 Oct 2025 22:46:15,0.084
07 Oct 2025 22:49:15,0.008
07 Oct 2025 22:51:00,-0.079
07 Oct 2025 22:51:15,0.057
07 Oct 2025 22:53:45,0.017
07 Oct 2025 22:55:00,-0.019
07 Oct 2025 22:55:15,0.159
07 Oct 2025 23:00:30,-0.064
07 Oct 2025 23:03:00,0.126
07 Oct 2025 23:03:30,-0.018
07 Oct 2025 23:05:45,0.086
07 Oct 2025 23:09:00,-0.091
07 Oct 2025 23:09:30,0.166
07 Oct 2025 23:10:15,-0.040
07 Oct 2025 23:11:15,0.061
07 Oct 2025 23:11:30,0.036
07 Oct 2025 23:13:15,-0.007
07 Oct 2025 23:14:00,0.165
07 Oct 2025 23:15:30,0.037
07 Oct 2025 23:16:00,-0.068
07 Oct 2025 23:17:15,0.007
07 Oct 2025 23:18:30,-0.029
07 Oct 2025 23:19:15,0.011
07 Oct 2025 23:21:15,0.046
07 Oct 2025 23:22:00,0.080
07 Oct 2025 23:24:15,-0.036
07 Oct 2025 23:24:45,-0.085
07 Oct 2025 23:26:00,-0.042
07 Oct 2025 23:27:15,-0.096
07 Oct 2025 23:27:30,0.081
07 Oct 2025 23:33:30,-0.087
07 Oct 2025 23:35:00,0.134
07 Oct 2025 23:39:30,0.086
07 Oct 2025 23:40:45,0.029
07 Oct 2025 23:42:00,0.072
07 Oct 2025 23:43:00,-0.036
07 Oct 2025 23:44:45,-0.034
07 Oct 2025 23:48:30,0.074
07 Oct 2025 23:50:45,-0.009
07 Oct 2025 23:59:00,0.044
08 Oct 2025 00:00:30,-0.082
08 Oct 2025 00:00:45,-0.118
08 Oct 2025 00:05:00,-0.085
08 Oct 2025 00:06:30,-0.016
08 Oct 2025 00:13:15,0.064
08 Oct 2025 00:14:30,-0.049
08 Oct 2025 00:14:45,-0.064
08 Oct 2025 00:16:45,-0.064
08 Oct 2025 00:19:15,-0.009
08 Oct 2025 00:20:15,-0.132
08 Oct 2025 00:21:15,-0.050
08 Oct 2025 00:22:45,-0.049
08 Oct 2025 00:25:30,-0.128
08 Oct 2025 00:28:15,-0.050
08 Oct 2025 00:29:30,-0.076
08 Oct 2025 00:30:30,-0.185
08 Oct 2025 00:31:15,0.022
08 Oct 2025 00:33:00,-0.066
08 Oct 2025 00:34:45,-0.169
08 Oct 2025 00:37:45,-0.045
08 Oct 2025 00:38:00,-0.038
08 Oct 2025 00:39:45,-0.091
08 Oct 2025 00:46:30,-0.047
08 Oct 2025 00:50:30,-0.121
08 Oct 2025 00:54:15,-0.239
08 Oct 2025 00:54:30,-0.079
08 Oct 2025 00:56:00,-0.056
08 Oct 2025 00:56:30,-0.039
08 Oct 2025 00:58:30,-0.192
08 Oct 2025 00:59:30,-0.144
08 Oct 2025 01:00:15,-0.086
08 Oct 2025 01:02:45,-0.167
08 Oct 2025 01:08:30,-0.008
08 Oct 2025 01:09:00,-0.033
08 Oct 2025 01:09:45,-0.168
08 Oct 2025 01:10:00,-0.109
08 Oct 2025 01:10:15,-0.142
08 Oct 2025 01:14:45,-0.223
08 Oct 2025 01:15:45,-0.133
08 Oct 2025 01:22:45,-0.180
08 Oct 2025 01:26:30,-0.081
08 Oct 2025 01:27:00,-0.074
08 Oct 2025 01:33:00,-0.093
08 Oct 2025 01:34:15,-0.159
08 Oct 2025 01:41:45,-0.043
08 Oct 2025 01:42:15,-0.241
08 Oct 2025 01:42:30,-0.045
08 Oct 2025 01:44:00,-0.033
08 Oct 2025 01:47:45,-0.167
08 Oct 2025 01:48:45,-0.137
08 Oct 2025 01:50:00,-0.040
08 Oct 2025 01:50:30,-0.063
08 Oct 2025 01:53:15,-0.132
08 Oct 2025 01:53:30,-0.199
08 Oct 2025 01:58:00,0.013
08 Oct 2025 01:58:45,-0.180
08 Oct 2025 02:00:30,-0.046
08 Oct 2025 02:02:00,-0.037
08 Oct 2025 02:04:30,-0.183
08 Oct 2025 02:04:45,-0.314
08 Oct 2025 02:05:30,-0.178
08 Oct 2025 02:10:45,-0.003
08 Oct 2025 02:12:15,-0.235
08 Oct 2025 02:12:45,-0.254
08 Oct 2025 02:13:00,-0.035
08 Oct 2025 02:13:15,-0.010
08 Oct 2025 02:13:30,-0.140
08 Oct 2025 02:14:45,-0.105
08 Oct 2025 02:16:00,-0.167
08 Oct 2025 02:17:30,-0.131
08 Oct 2025 02:21:00,-0.211
08 Oct 2025 02:21:45,-0.147
08 Oct 2025 02:27:15,-0.036
08 Oct 2025 02:28:45,-0.044
08 Oct 2025 02:29:30,-0.030
08 Oct 2025 02:31:15,-0.124
08 Oct 2025 02:32:00,-0.015
08 Oct 2025 02:32:30,-0.066
08 Oct 2025 02:33:00,-0.118
08 Oct 2025 02:35:15,-0.132
08 Oct 2025 02:40:15,-0.183
08 Oct 2025 02:48:15,-0.135
08 Oct 2025 02:50:45,-0.134
08 Oct 2025 02:51:15,-0.044
08 Oct 2025 02:53:15,-0.126
08 Oct 2025 02:55:00,-0.073
08 Oct 2025 02:56:00,-0.077
08 Oct 2025 02:56:15,-0.286
08 Oct 2025 02:57:30,-0.096
08 Oct 2025 03:02:15,-0.105
08 Oct 2025 03:02:30,0.007
08 Oct 2025 03:06:30,-0.140
08 Oct 2025 03:12:00,-0.061
08 Oct 2025 03:12:45,-0.190
08 Oct 2025 03:15:00,-0.103
08 Oct 2025 03:15:30,-0.137
08 Oct 2025 03:19:00,-0.079
08 Oct 2025 03:19:30,-0.198
08 Oct 2025 03:23:15,-0.008
08 Oct 2025 03:26:00,-0.270
08 Oct 2025 03:28:30,-0.053
08 Oct 2025 03:29:15,-0.249
08 Oct 2025 03:33:45,-0.090
08 Oct 2025 03:34:45,-0.087
08 Oct 2025 03:36:00,-0.071
08 Oct 2025 03:36:45,-0.112
08 Oct 2025 03:37:00,-0.212
08 Oct 2025 03:38:30,-0.282
08 Oct 2025 03:40:30,-0.139
08 Oct 2025 03:42:00,-0.014
08 Oct 2025 03:45:30,0.001
08 Oct 2025 03:47:15,0.067
08 Oct 2025 03:48:15,-0.182
08 Oct 2025 03:50:30,-0.079
08 Oct 2025 03:51:45,-0.038
08 Oct 2025 03:55:15,-0.143
08 Oct 2025 03:58:45,-0.075
08 Oct 2025 03:59:00,0.021
08 Oct 2025 03:59:45,-0.011
08 Oct 2025 04:01:15,-0.088
08 Oct 2025 04:04:15,-0.057
08 Oct 2025 04:04:45,-0.189
08 Oct 2025 04:08:00,0.046
08 Oct 2025 04:09:15,-0.134
08 Oct 2025 04:09:30,0.067
08 Oct 2025 04:10:30,-0.113
08 Oct 2025 04:14:30,-0.068
08 Oct 2025 04:15:00,-0.018
08 Oct 2025 04:17:15,0.045
08 Oct 2025 04:18:15,-0.117
08 Oct 2025 04:21:00,-0.081
08 Oct 2025 04:22:15,0.023
08 Oct 2025 04:23:00,-0.059
08 Oct 2025 04:23:15,-0.042
08 Oct 2025 04:25:15,0.024
08 Oct 2025 04:27:00,-0.050
08 Oct 2025 04:30:15,-0.016
08 Oct 2025 04:31:30,-0.085
08 Oct 2025 04:31:45,-0.117
08 Oct 2025 04:34:30,-0.106
08 Oct 2025 04:36:00,-0.006
08 Oct 2025 04:40:00,0.042
08 Oct 2025 04:42:15,-0.052
08 Oct 2025 04:46:15,-0.011
08 Oct 2025 04:47:00,0.027
08 Oct 2025 04:49:00,-0.073
08 Oct 2025 04:49:15,-0.051
08 Oct 2025 04:49:30,-0.202
08 Oct 2025 04:54:15,0.008
08 Oct 2025 04:54:30,0.025
08 Oct 2025 04:55:00,0.039
08 Oct 2025 04:55:45,-0.057
08 Oct 2025 04:56:15,0.170
08 Oct 2025 05:03:00,-0.073
08 Oct 2025 05:08:00,0.034
08 Oct 2025 05:12:30,0.028
08 Oct 2025 05:14:45,-0.128
08 Oct 2025 05:15:15,-0.035
08 Oct 2025 05:17:15,0.060
08 Oct 2025 05:19:15,-0.101
08 Oct 2025 05:21:30,-0.048
08 Oct 2025 05:21:45,0.043
08 Oct 2025 05:23:00,0.030
08 Oct 2025 05:24:30,-0.038
08 Oct 2025 05:28:30,0.028
08 Oct 2025 05:32:15,0.024
08 Oct 2025 05:32:30,-0.110
08 Oct 2025 05:33:30,0.106
08 Oct 2025 05:34:15,0.108
08 Oct 2025 05:35:15,0.222
08 Oct 2025 05:36:00,0.066
08 Oct 2025 05:37:00,-0.078
08 Oct 2025 05:40:15,0.089
08 Oct 2025 05:42:30,-0.026
08 Oct 2025 05:45:30,0.018
08 Oct 2025 05:46:30,0.263
08 Oct 2025 05:50:45,0.117
08 Oct 2025 05:51:30,0.046
08 Oct 2025 05:52:45,0.004
08 Oct 2025 05:53:30,0.248
08 Oct 2025 05:53:45,0.018
08 Oct 2025 05:54:00,0.228
08 Oct 2025 05:59:15,0.029
08 Oct 2025 05:59:30,0.148
08 Oct 2025 06:00:30,0.066
08 Oct 2025 06:05:45,0.253
08 Oct 2025 06:08:45,-0.026
08 Oct 2025 06:09:45,0.292
08 Oct 2025 06:11:15,0.260
08 Oct 2025 06:16:30,0.311
08 Oct 2025 06:18:45,0.147
08 Oct 2025 06:21:30,-0.019
08 Oct 2025 06:23:00,0.060
08 Oct 2025 06:23:30,-0.049
08 Oct 2025 06:24:15,0.155
08 Oct 2025 06:25:15,0.140
08 Oct 2025 06:26:30,-0.006
08 Oct 2025 06:28:30,0.181
08 Oct 2025 06:31:30,0.017
08 Oct 2025 06:33:30,0.126
08 Oct 2025 06:34:30,0.140
08 Oct 2025 06:35:30,0.100
08 Oct 2025 06:41:30,0.034
08 Oct 2025 06:43:15,0.297
08 Oct 2025 06:48:15,0.154
08 Oct 2025 06:48:45,0.154
08 Oct 2025 06:51:15,0.313
08 Oct 2025 06:53:45,0.127
08 Oct 2025 06:54:15,0.133
08 Oct 2025 06:56:15,0.145
08 Oct 2025 06:57:00,0.155
08 Oct 2025 06:59:45,-0.085
08 Oct 2025 07:02:00,0.148
08 Oct 2025 07:04:30,0.226
08 Oct 2025 07:05:00,-0.050
08 Oct 2025 07:05:15,0.212
08 Oct 2025 07:08:30,0.083
08 Oct 2025 07:09:15,0.169
08 Oct 2025 07:11:00,0.103
08 Oct 2025 07:13:15,0.126
08 Oct 2025 07:14:30,0.244
08 Oct 2025 07:16:45,0.167
08 Oct 2025 07:17:30,0.069
08 Oct 2025 07:27:30,0.178
08 Oct 2025 07:28:00,0.138
08 Oct 2025 07:29:30,0.090
08 Oct 2025 07:33:15,0.200
08 Oct 2025 07:33:45,0.209
08 Oct 2025 07:37:15,0.091
08 Oct 2025 07:40:45,0.314
08 Oct 2025 07:41:00,0.133
08 Oct 2025 07:41:30,-0.031
08 Oct 2025 07:42:00,0.389
08 Oct 2025 07:42:30,0.168
08 Oct 2025 07:46:45,0.035
08 Oct 2025 07:47:00,0.267
08 Oct 2025 07:48:30,0.032
08 Oct 2025 07:49:00,0.256
08 Oct 2025 07:50:00,0.246
08 Oct 2025 07:52:15,0.052
08 Oct 2025 07:54:45,0.093
08 Oct 2025 07:55:00,0.107
08 Oct 2025 07:56:00,0.222
08 Oct 2025 07:56:15,0.053
08 Oct 2025 07:57:30,0.138
08 Oct 2025 07:59:15,0.128
08 Oct 2025 07:59:30,0.215
08 Oct 2025 07:59:45,0.138
08 Oct 2025 08:01:30,-0.031
08 Oct 2025 08:01:45,0.395
08 Oct 2025 08:02:00,0.035
08 Oct 2025 08:02:15,0.130
08 Oct 2025 08:05:30,0.251
08 Oct 2025 08:08:45,0.121
08 Oct 2025 08:11:00,0.085
08 Oct 2025 08:11:45,0.304
08 Oct 2025 08:16:00,0.301
08 Oct 2025 08:17:00,0.083
08 Oct 2025 08:18:30,0.134
08 Oct 2025 08:20:30,-0.066
08 Oct 2025 08:21:00,0.209
08 Oct 2025 08:25:15,0.052
08 Oct 2025 08:29:30,0.004
08 Oct 2025 08:29:45,0.135
08 Oct 2025 08:31:45,0.119
08 Oct 2025 08:37:30,0.277
08 Oct 2025 08:38:00,0.033
08 Oct 2025 08:41:00,0.311
08 Oct 2025 08:41:30,0.252
08 Oct 2025 08:41:45,0.000
08 Oct 2025 08:42:00,0.206
08 Oct 2025 08:42:15,0.171
08 Oct 2025 08:47:00,0.230
08 Oct 2025 08:50:30,0.379
08 Oct 2025 08:53:45,0.187
08 Oct 2025 08:55:30,0.237
08 Oct 2025 08:57:45,0.170
08 Oct 2025 08:58:00,0.118
08 Oct 2025 08:59:30,0.167
08 Oct 2025 09:00:00,0.242
08 Oct 2025 09:00:15,-0.007
08 Oct 2025 09:01:30,0.189
08 Oct 2025 09:03:45,0.161
08 Oct 2025 09:04:45,0.352
08 Oct 2025 09:05:15,0.074
08 Oct 2025 09:07:30,0.255
08 Oct 2025 09:09:45,0.131
08 Oct 2025 09:11:00,0.367
08 Oct 2025 09:15:30,0.052
08 Oct 2025 09:15:45,0.134
08 Oct 2025 09:16:00,-0.038
08 Oct 2025 09:16:15,0.187
08 Oct 2025 09:17:15,0.042
08 Oct 2025 09:18:45,0.221
08 Oct 2025 09:20:45,0.166
08 Oct 2025 09:21:15,0.210
08 Oct 2025 09:23:30,0.081
08 Oct 2025 09:24:15,0.299
08 Oct 2025 09:25:00,0.133
08 Oct 2025 09:30:15,0.093
08 Oct 2025 09:31:30,-0.022
08 Oct 2025 09:35:45,0.178
08 Oct 2025 09:36:30,0.081
08 Oct 2025 09:38:00,0.086
08 Oct 2025 09:39:00,0.069
08 Oct 2025 09:43:15,0.085
08 Oct 2025 09:45:00,0.157
08 Oct 2025 09:45:15,0.051
08 Oct 2025 09:49:30,0.092
08 Oct 2025 09:50:00,-0.035
08 Oct 2025 09:54:45,0.093
08 Oct 2025 09:55:15,0.189
08 Oct 2025 09:56:30,0.302
08 Oct 2025 09:58:00,0.182
08 Oct 2025 09:59:45,0.194
08 Oct 2025 10:02:15,0.260
08 Oct 2025 10:02:30,0.046
08 Oct 2025 10:04:00,0.153
08 Oct 2025 10:05:00,0.171
08 Oct 2025 10:07:15,0.086
08 Oct 2025 10:09:00,0.013
08 Oct 2025 10:12:30,0.075
08 Oct 2025 10:13:00,0.277
08 Oct 2025 10:17:00,-0.101
08 Oct 2025 10:21:30,0.094
08 Oct 2025 10:22:00,0.020
08 Oct 2025 10:23:15,-0.106
08 Oct 2025 10:23:45,0.317
08 Oct 2025 10:24:00,0.053
08 Oct 2025 10:24:15,0.035
08 Oct 2025 10:24:45,0.023
08 Oct 2025 10:27:15,0.302
08 Oct 2025 10:28:15,0.010
08 Oct 2025 10:29:15,0.035
08 Oct 2025 10:34:45,0.087
08 Oct 2025 10:35:00,0.012
08 Oct 2025 10:38:15,0.210
08 Oct 2025 10:39:30,-0.136
08 Oct 2025 10:40:00,-0.100
08 Oct 2025 10:41:30,0.061
08 Oct 2025 10:44:45,-0.010
08 Oct 2025 10:49:00,0.127
08 Oct 2025 10:49:15,-0.021
08 Oct 2025 10:50:30,0.212
08 Oct 2025 10:52:15,-0.098
08 Oct 2025 10:53:30,0.168
08 Oct 2025 10:55:15,-0.076
08 Oct 2025 10:57:00,0.173
08 Oct 2025 10:58:30,0.208
08 Oct 2025 11:00:45,0.071
08 Oct 2025 11:02:30,0.057
08 Oct 2025 11:03:00,-0.034
08 Oct 2025 11:04:00,-0.071
08 Oct 2025 11:09:00,0.183
08 Oct 2025 11:09:15,-0.036
08 Oct 2025 11:17:15,0.238
08 Oct 2025 11:17:45,0.225
08 Oct 2025 11:18:15,-0.310
08 Oct 2025 11:23:30,-0.050
08 Oct 2025 11:23:45,0.050
08 Oct 2025 11:24:15,0.066
08 Oct 2025 11:25:30,0.065
08 Oct 2025 11:26:00,-0.157
08 Oct 2025 11:30:15,-0.128
08 Oct 2025 11:34:15,0.098
08 Oct 2025 11:35:45,0.044
08 Oct 2025 11:37:45,-0.110
08 Oct 2025 11:45:45,0.025
08 Oct 2025 11:46:45,0.086
08 Oct 2025 11:49:15,-0.025
08 Oct 2025 11:50:15,0.027
08 Oct 2025 11:52:00,-0.204
08 Oct 2025 11:52:15,0.139
08 Oct 2025 11:53:45,-0.097
08 Oct 2025 11:54:00,0.050
08 Oct 2025 11:58:30,-0.101
08 Oct 2025 12:01:00,-0.065
08 Oct 2025 12:02:45,0.048
08 Oct 2025 12:05:15,-0.049
08 Oct 2025 12:06:45,-0.004
08 Oct 2025 12:14:00,-0.093
08 Oct 2025 12:15:30,-0.007
08 Oct 2025 12:18:30,-0.191
08 Oct 2025 12:20:00,-0.056
08 Oct 2025 12:21:15,-0.123
08 Oct 2025 12:22:15,-0.031
08 Oct 2025 12:24:45,-0.149
08 Oct 2025 12:31:45,0.039
08 Oct 2025 12:32:00,-0.148
08 Oct 2025 12:35:00,-0.021
08 Oct 2025 12:35:45,-0.019
08 Oct 2025 12:40:00,-0.140
08 Oct 2025 12:41:30,-0.069
08 Oct 2025 12:46:15,-0.118
08 Oct 2025 12:48:00,-0.125
08 Oct 2025 12:59:15,0.019
08 Oct 2025 12:59:45,-0.023
08 Oct 2025 13:00:15,-0.081
08 Oct 2025 13:02:15,-0.207
08 Oct 2025 13:05:00,-0.154
08 Oct 2025 13:06:30,-0.247
08 Oct 2025 13:08:30,-0.015
08 Oct 2025 13:08:45,0.076
08 Oct 2025 13:12:00,-0.306
08 Oct 2025 13:14:00,-0.152
08 Oct 2025 13:19:30,0.002
08 Oct 2025 13:21:00,0.022
08 Oct 2025 13:21:30,-0.159
08 Oct 2025 13:23:30,0.022
08 Oct 2025 13:24:30,-0.022
08 Oct 2025 13:27:45,0.005
08 Oct 2025 13:28:30,-0.059
08 Oct 2025 13:30:30,-0.159
08 Oct 2025 13:33:00,0.012
08 Oct 2025 13:34:00,-0.185
08 Oct 2025 13:35:00,-0.198
08 Oct 2025 13:38:15,-0.046
08 Oct 2025 13:40:00,-0.081
08 Oct 2025 13:42:15,-0.174
08 Oct 2025 13:47:00,0.031
08 Oct 2025 13:47:30,-0.134
08 Oct 2025 13:53:45,-0.064
08 Oct 2025 13:54:15,-0.121
08 Oct 2025 13:55:45,-0.009
08 Oct 2025 14:01:30,0.023
08 Oct 2025 14:03:00,-0.264
08 Oct 2025 14:05:00,0.056
08 Oct 2025 14:08:30,-0.080
08 Oct 2025 14:09:00,-0.105
08 Oct 2025 14:12:00,-0.089
08 Oct 2025 14:12:45,-0.007
08 Oct 2025 14:15:30,-0.136
08 Oct 2025 14:16:00,-0.088
08 Oct 2025 14:16:15,-0.056
08 Oct 2025 14:17:45,-0.264
08 Oct 2025 14:18:30,-0.052
08 Oct 2025 14:22:00,-0.120
08 Oct 2025 14:24:15,-0.105
08 Oct 2025 14:26:30,-0.028
08 Oct 2025 14:30:15,-0.098
08 Oct 2025 14:32:15,-0.090
08 Oct 2025 14:32:30,-0.042
08 Oct 2025 14:32:45,-0.207
08 Oct 2025 14:33:30,-0.173
08 Oct 2025 14:34:00,-0.096
08 Oct 2025 14:35:15,-0.161
08 Oct 2025 14:36:00,-0.050
08 Oct 2025 14:41:45,0.037
08 Oct 2025 14:42:15,-0.044
08 Oct 2025 14:42:45,-0.119
08 Oct 2025 14:47:00,-0.051
08 Oct 2025 14:51:00,0.037
08 Oct 2025 14:53:15,-0.144
08 Oct 2025 14:53:45,-0.145
08 Oct 2025 14:54:15,0.053
08 Oct 2025 14:57:15,0.069
08 Oct 2025 15:00:00,-0.160
08 Oct 2025 15:00:15,-0.026
08 Oct 2025 15:00:30,-0.164
08 Oct 2025 15:01:00,-0.086
08 Oct 2025 15:01:45,-0.086
08 Oct 2025 15:04:45,-0.230
08 Oct 2025 15:07:15,-0.220
08 Oct 2025 15:08:00,-0.121
08 Oct 2025 15:10:00,0.004
08 Oct 2025 15:11:15,0.013
08 Oct 2025 15:11:30,-0.051
08 Oct 2025 15:13:15,-0.001
08 Oct 2025 15:21:30,-0.037
08 Oct 2025 15:22:00,0.053
08 Oct 2025 15:22:15,-0.074
08 Oct 2025 15:22:45,-0.076
08 Oct 2025 15:23:45,-0.191
08 Oct 2025 15:25:15,-0.125
08 Oct 2025 15:26:30,-0.044
08 Oct 2025 15:28:30,-0.095
08 Oct 2025 15:28:45,-0.088
08 Oct 2025 15:32:15,0.040
08 Oct 2025 15:33:15,-0.038
08 Oct 2025 15:35:00,-0.094
08 Oct 2025 15:35:30,-0.006
08 Oct 2025 15:37:00,0.001
08 Oct 2025 15:37:45,-0.182
08 Oct 2025 15:41:30,-0.200
08 Oct 2025 15:43:15,0.000
08 Oct 2025 15:46:00,-0.065
08 Oct 2025 15:48:30,-0.050
08 Oct 2025 15:49:45,-0.020
08 Oct 2025 15:50:45,-0.118
08 Oct 2025 15:54:15,-0.023
08 Oct 2025 15:56:00,-0.112
08 Oct 2025 15:58:45,-0.055
08 Oct 2025 15:59:45,0.034
08 Oct 2025 16:06:15,-0.054
08 Oct 2025 16:08:00,-0.088
08 Oct 2025 16:08:15,0.030
08 Oct 2025 16:08:30,0.027
08 Oct 2025 16:10:30,-0.109
08 Oct 2025 16:15:30,-0.043
08 Oct 2025 16:15:45,-0.119
08 Oct 2025 16:16:00,-0.077
08 Oct 2025 16:16:15,0.053
08 Oct 2025 16:18:00,0.069
08 Oct 2025 16:19:45,-0.104
08 Oct 2025 16:20:45,-0.089
08 Oct 2025 16:21:00,-0.096
08 Oct 2025 16:23:00,-0.101
08 Oct 2025 16:26:45,-0.034
08 Oct 2025 16:27:30,-0.048
08 Oct 2025 16:28:15,0.050
08 Oct 2025 16:29:15,0.024
08 Oct 2025 16:31:00,-0.009
08 Oct 2025 16:31:15,0.007
08 Oct 2025 16:31:30,-0.061
08 Oct 2025 16:32:00,0.011
08 Oct 2025 16:32:15,-0.100
08 Oct 2025 16:41:15,-0.017
08 Oct 2025 16:41:30,0.041
08 Oct 2025 16:43:30,0.054
08 Oct 2025 16:44:00,0.019
08 Oct 2025 16:46:00,0.025
08 Oct 2025 16:47:00,-0.029
08 Oct 2025 16:52:15,-0.073
08 Oct 2025 16:55:15,0.030
08 Oct 2025 16:56:00,0.034
08 Oct 2025 16:56:30,0.083
08 Oct 2025 16:59:15,-0.160
08 Oct 2025 16:59:30,0.200
08 Oct 2025 17:00:45,0.134
08 Oct 2025 17:01:15,-0.065
08 Oct 2025 17:01:30,0.156
08 Oct 2025 17:05:45,0.032
08 Oct 2025 17:14:15,0.018
08 Oct 2025 17:15:00,0.076
08 Oct 2025 17:20:00,0.178
08 Oct 2025 17:23:15,-0.031
08 Oct 2025 17:27:15,0.032
08 Oct 2025 17:31:00,0.005
08 Oct 2025 17:38:45,0.104
08 Oct 2025 17:39:15,0.092
08 Oct 2025 17:43:45,0.012
08 Oct 2025 17:48:00,0.160
08 Oct 2025 17:50:00,0.119
08 Oct 2025 17:50:30,0.050
08 Oct 2025 17:52:15,0.093
08 Oct 2025 17:53:45,0.063
08 Oct 2025 18:00:15,-0.008
08 Oct 2025 18:01:30,0.151
08 Oct 2025 18:02:00,0.115
08 Oct 2025 18:03:30,0.208
08 Oct 2025 18:04:00,0.159
08 Oct 2025 18:04:15,0.082
08 Oct 2025 18:05:45,0.120
08 Oct 2025 18:06:00,0.118
08 Oct 2025 18:07:30,0.102
08 Oct 2025 18:08:00,0.154
08 Oct 2025 18:10:00,0.126
08 Oct 2025 18:13:00,0.089
08 Oct 2025 18:14:15,0.189
08 Oct 2025 18:15:00,0.219
08 Oct 2025 18:16:15,0.013
08 Oct 2025 18:19:00,0.014
08 Oct 2025 18:21:00,0.086
08 Oct 2025 18:22:30,0.089
08 Oct 2025 18:23:30,0.222
08 Oct 2025 18:26:15,0.006
08 Oct 2025 18:28:15,0.125
08 Oct 2025 18:32:00,0.148
08 Oct 2025 18:32:45,0.201
08 Oct 2025 18:33:30,0.210
08 Oct 2025 18:35:00,0.088
08 Oct 2025 18:37:45,-0.006
08 Oct 2025 18:38:30,0.168
08 Oct 2025 18:39:15,-0.019
08 Oct 2025 18:40:45,0.182
08 Oct 2025 18:41:00,0.133
08 Oct 2025 18:41:30,0.051
08 Oct 2025 18:42:00,-0.041
08 Oct 2025 18:42:45,0.140
08 Oct 2025 18:46:00,0.131
08 Oct 2025 18:48:15,0.190
08 Oct 2025 18:48:45,0.075
08 Oct 2025 18:49:15,0.145
08 Oct 2025 18:50:15,0.171
08 Oct 2025 18:51:30,0.191
08 Oct 2025 18:54:15,0.142
08 Oct 2025 18:57:00,0.141
08 Oct 2025 18:59:00,0.178
08 Oct 2025 19:04:30,0.254
08 Oct 2025 19:08:00,0.102
08 Oct 2025 19:09:30,0.022
08 Oct 2025 19:09:45,0.168
08 Oct 2025 19:10:00,0.194
08 Oct 2025 19:11:15,0.269
08 Oct 2025 19:11:45,0.021
08 Oct 2025 19:13:00,0.162
08 Oct 2025 19:13:30,0.127
08 Oct 2025 19:14:00,0.134
08 Oct 2025 19:16:45,0.087
08 Oct 2025 19:19:00,0.117
08 Oct 2025 19:21:45,0.172
08 Oct 2025 19:22:15,0.200
08 Oct 2025 19:24:30,0.169
08 Oct 2025 19:24:45,0.210
08 Oct 2025 19:26:45,0.292
08 Oct 2025 19:29:45,0.232
08 Oct 2025 19:33:30,0.232
08 Oct 2025 19:38:30,0.308
08 Oct 2025 19:40:00,0.234
08 Oct 2025 19:45:00,0.212
08 Oct 2025 19:46:45,0.207
08 Oct 2025 19:49:15,0.205
08 Oct 2025 19:55:15,0.194
08 Oct 2025 19:55:30,0.168
08 Oct 2025 19:55:45,0.325
08 Oct 2025 19:58:45,0.197
08 Oct 2025 20:02:45,0.214
08 Oct 2025 20:06:00,0.135
08 Oct 2025 20:07:00,0.157
08 Oct 2025 20:07:15,0.208
08 Oct 2025 20:10:45,0.257
08 Oct 2025 20:11:45,0.179
08 Oct 2025 20:12:30,0.267
08 Oct 2025 20:13:45,0.235
08 Oct 2025 20:19:30,0.214
08 Oct 2025 20:22:30,0.181
08 Oct 2025 20:23:00,0.067
08 Oct 2025 20:23:30,0.171
08 Oct 2025 20:25:30,0.211
08 Oct 2025 20:31:15,0.182
08 Oct 2025 20:31:45,0.180
08 Oct 2025 20:33:00,0.233
08 Oct 2025 20:33:45,0.192
08 Oct 2025 20:35:45,0.136
08 Oct 2025 20:38:30,0.136
08 Oct 2025 20:39:00,0.263
08 Oct 2025 20:41:30,0.195
08 Oct 2025 20:51:45,0.137
08 Oct 2025 20:53:15,0.232
08 Oct 2025 20:55:45,0.227
08 Oct 2025 20:58:00,0.217
08 Oct 2025 21:00:30,0.244
08 Oct 2025 21:01:00,0.194
08 Oct 2025 21:03:30,0.214
08 Oct 2025 21:03:45,0.131
08 Oct 2025 21:04:00,0.158
08 Oct 2025 21:04:45,0.163
08 Oct 2025 21:06:30,0.225
08 Oct 2025 21:08:00,0.151
08 Oct 2025 21:08:30,0.073
08 Oct 2025 21:09:45,0.133
08 Oct 2025 21:11:15,0.131
08 Oct 2025 21:15:00,0.159
08 Oct 2025 21:15:30,0.178
08 Oct 2025 21:16:30,0.211
08 Oct 2025 21:16:45,0.100
08 Oct 2025 21:18:15,0.142
08 Oct 2025 21:20:00,0.210
08 Oct 2025 21:29:45,0.293
08 Oct 2025 21:32:15,0.253
08 Oct 2025 21:34:30,0.266
08 Oct 2025 21:35:00,0.112
08 Oct 2025 21:35:45,0.182
08 Oct 2025 21:36:00,0.293
08 Oct 2025 21:37:00,0.266
08 Oct 2025 21:38:00,0.116
08 Oct 2025 21:39:15,0.202
08 Oct 2025 21:43:45,0.141
08 Oct 2025 21:44:15,0.121
08 Oct 2025 21:45:15,0.279
08 Oct 2025 21:49:00,0.163
08 Oct 2025 21:50:15,0.077
08 Oct 2025 21:50:30,0.222
08 Oct 2025 21:51:15,0.285
08 Oct 2025 21:52:00,0.141
08 Oct 2025 21:56:15,0.235
08 Oct 2025 21:58:30,0.150
08 Oct 2025 21:58:45,0.137
08 Oct 2025 22:00:00,0.146
08 Oct 2025 22:02:45,0.070
08 Oct 2025 22:05:15,0.063
08 Oct 2025 22:08:30,0.084
08 Oct 2025 22:09:00,0.147
08 Oct 2025 22:09:45,0.252
08 Oct 2025 22:12:45,0.223
08 Oct 2025 22:14:00,0.056
08 Oct 2025 22:14:15,0.078
08 Oct 2025 22:14:30,0.172
08 Oct 2025 22:15:30,0.150
08 Oct 2025 22:18:00,0.047
08 Oct 2025 22:18:15,0.201
08 Oct 2025 22:20:30,0.165
08 Oct 2025 22:22:30,0.090
08 Oct 2025 22:23:00,0.190
08 Oct 2025 22:26:00,0.104
08 Oct 2025 22:30:00,0.167
08 Oct 2025 22:32:00,0.213
08 Oct 2025 22:35:00,0.170
08 Oct 2025 22:35:45,0.147
08 Oct 2025 22:47:15,0.115
08 Oct 2025 22:49:15,0.106
08 Oct 2025 22:51:45,0.111
08 Oct 2025 22:52:45,0.143
08 Oct 2025 22:55:15,-0.006
08 Oct 2025 22:56:45,0.072
08 Oct 2025 22:57:30,0.070
08 Oct 2025 22:58:15,0.136
08 Oct 2025 22:59:15,0.088
08 Oct 2025 22:59:30,0.022
08 Oct 2025 23:00:15,0.136
08 Oct 2025 23:02:45,0.126
08 Oct 2025 23:03:15,0.177
08 Oct 2025 23:04:45,0.191
08 Oct 2025 23:05:45,0.007
08 Oct 2025 23:07:15,0.094
08 Oct 2025 23:08:00,0.102
08 Oct 2025 23:15:15,0.167
08 Oct 2025 23:15:45,0.005
08 Oct 2025 23:17:00,0.091
08 Oct 2025 23:19:30,0.069
08 Oct 2025 23:23:15,0.001
08 Oct 2025 23:26:00,0.144
08 Oct 2025 23:28:45,0.098
08 Oct 2025 23:29:45,0.063
08 Oct 2025 23:32:00,0.006
08 Oct 2025 23:32:15,-0.042
08 Oct 2025 23:32:30,0.007
08 Oct 2025 23:36:30,-0.026
08 Oct 2025 23:39:30,0.096
08 Oct 2025 23:40:45,0.050
08 Oct 2025 23:41:00,-0.046
08 Oct 2025 23:49:45,0.046
08 Oct 2025 23:50:00,0.094
08 Oct 2025 23:51:30,-0.023
08 Oct 2025 23:52:30,0.086
08 Oct 2025 23:55:15,0.059
08 Oct 2025 23:56:00,0.034
08 Oct 2025 23:59:15,-0.039
09 Oct 2025 00:02:15,0.029
09 Oct 2025 00:03:00,0.053
09 Oct 2025 00:05:00,0.052
09 Oct 2025 00:07:15,0.002
09 Oct 2025 00:08:30,-0.039
09 Oct 2025 00:13:45,0.084
09 Oct 2025 00:15:15,-0.018
09 Oct 2025 00:17:00,-0.011
09 Oct 2025 00:17:30,0.080
09 Oct 2025 00:18:30,-0.031
09 Oct 2025 00:20:15,0.081
09 Oct 2025 00:25:30,-0.064
09 Oct 2025 00:28:30,-0.056
09 Oct 2025 00:28:45,0.004
09 Oct 2025 00:30:15,-0.044
09 Oct 2025 00:30:45,-0.065
09 Oct 2025 00:32:30,-0.015
09 Oct 2025 00:34:15,-0.084
09 Oct 2025 00:38:30,-0.005
09 Oct 2025 00:39:45,-0.038
09 Oct 2025 00:40:00,-0.004
09 Oct 2025 00:41:15,-0.065
09 Oct 2025 00:43:00,-0.045
09 Oct 2025 00:43:15,-0.058
09 Oct 2025 00:44:00,-0.132
09 Oct 2025 00:47:30,-0.047
09 Oct 2025 00:48:00,-0.110
09 Oct 2025 00:49:15,-0.004
09 Oct 2025 00:50:15,-0.014
09 Oct 2025 00:52:15,-0.089
09 Oct 2025 00:55:15,-0.052
09 Oct 2025 00:55:45,-0.094
09 Oct 2025 00:59:30,-0.093
09 Oct 2025 01:00:30,-0.076
09 Oct 2025 01:01:45,-0.005
09 Oct 2025 01:02:00,-0.074
09 Oct 2025 01:03:15,-0.124
09 Oct 2025 01:03:45,-0.059
09 Oct 2025 01:04:30,-0.066
09 Oct 2025 01:06:30,-0.030
09 Oct 2025 01:08:00,-0.045
09 Oct 2025 01:15:00,-0.017
09 Oct 2025 01:18:00,-0.088
09 Oct 2025 01:19:15,-0.159
09 Oct 2025 01:19:45,-0.131
09 Oct 2025 01:20:30,-0.083
09 Oct 2025 01:24:45,-0.132
09 Oct 2025 01:25:45,-0.084
09 Oct 2025 01:26:00,-0.016
09 Oct 2025 01:26:45,-0.037
09 Oct 2025 01:27:30,-0.016
09 Oct 2025 01:37:15,-0.013
09 Oct 2025 01:40:15,-0.050
09 Oct 2025 01:42:45,-0.088
09 Oct 2025 01:43:15,-0.115
09 Oct 2025 01:45:00,-0.090
09 Oct 2025 01:46:00,-0.124
09 Oct 2025 01:47:45,-0.127
09 Oct 2025 01:48:45,-0.049
09 Oct 2025 01:50:45,-0.082
09 Oct 2025 01:52:15,-0.116
09 Oct 2025 01:55:45,-0.154
09 Oct 2025 01:56:30,-0.113
09 Oct 2025 02:03:15,-0.139
09 Oct 2025 02:10:15,-0.188
09 Oct 2025 02:12:15,-0.081
09 Oct 2025 02:14:45,-0.105
09 Oct 2025 02:15:30,-0.162
09 Oct 2025 02:19:15,-0.122
09 Oct 2025 02:20:15,-0.063
09 Oct 2025 02:28:00,-0.122
09 Oct 2025 02:32:00,-0.068
09 Oct 2025 02:32:45,-0.051
09 Oct 2025 02:33:00,-0.074
09 Oct 2025 02:33:30,-0.087
09 Oct 2025 02:35:45,-0.065
09 Oct 2025 02:36:45,-0.125
09 Oct 2025 02:40:00,-0.100
09 Oct 2025 02:41:15,-0.142
09 Oct 2025 02:43:45,-0.041
09 Oct 2025 02:44:30,-0.098
09 Oct 2025 02:45:00,-0.113
09 Oct 2025 02:45:45,-0.115
09 Oct 2025 02:46:15,-0.101
09 Oct 2025 02:48:30,-0.094
09 Oct 2025 02:50:45,-0.135
09 Oct 2025 02:51:15,-0.192
09 Oct 2025 02:54:15,-0.169
09 Oct 2025 02:54:30,-0.138
09 Oct 2025 02:55:00,-0.087
09 Oct 2025 02:56:00,-0.160
09 Oct 2025 02:58:00,-0.140
09 Oct 2025 02:59:45,-0.155
09 Oct 2025 03:03:30,-0.199
09 Oct 2025 03:03:45,-0.154
09 Oct 2025 03:09:45,-0.062
09 Oct 2025 03:10:00,-0.162
09 Oct 2025 03:11:15,-0.116
09 Oct 2025 03:18:15,-0.051
09 Oct 2025 03:18:30,-0.112
09 Oct 2025 03:20:15,-0.120
09 Oct 2025 03:21:00,-0.190
09 Oct 2025 03:23:30,-0.123
09 Oct 2025 03:28:30,-0.092
09 Oct 2025 03:31:15,-0.094
09 Oct 2025 03:36:45,-0.104
09 Oct 2025 03:37:15,-0.051
09 Oct 2025 03:37:45,-0.136
09 Oct 2025 03:38:15,-0.086
09 Oct 2025 03:38:45,-0.104
09 Oct 2025 03:42:00,-0.181
09 Oct 2025 03:43:30,-0.156
09 Oct 2025 03:44:45,-0.061
09 Oct 2025 03:48:00,-0.060
09 Oct 2025 03:51:15,-0.090
09 Oct 2025 03:55:00,-0.098
09 Oct 2025 03:57:30,-0.086
09 Oct 2025 03:58:30,-0.066
09 Oct 2025 04:00:00,-0.063
09 Oct 2025 04:01:15,-0.151
09 Oct 2025 04:02:00,-0.060
09 Oct 2025 04:03:00,-0.046
09 Oct 2025 04:04:30,-0.097
09 Oct 2025 04:05:15,-0.081
09 Oct 2025 04:09:30,-0.120
09 Oct 2025 04:10:15,-0.070
09 Oct 2025 04:11:45,-0.125
09 Oct 2025 04:13:00,-0.010
09 Oct 2025 04:16:15,-0.006
09 Oct 2025 04:18:45,-0.062
09 Oct 2025 04:20:00,-0.100
09 Oct 2025 04:20:15,-0.074
09 Oct 2025 04:20:30,-0.063
09 Oct 2025 04:22:45,-0.044
09 Oct 2025 04:24:00,-0.119
09 Oct 2025 04:26:00,-0.120
09 Oct 2025 04:27:30,-0.076
09 Oct 2025 04:29:30,-0.066
09 Oct 2025 04:31:15,-0.073
09 Oct 2025 04:32:30,-0.048
09 Oct 2025 04:36:15,-0.064
09 Oct 2025 04:40:00,-0.055
09 Oct 2025 04:42:15,-0.065
09 Oct 2025 04:45:00,-0.022
09 Oct 2025 04:50:30,-0.033
09 Oct 2025 04:51:00,-0.038
09 Oct 2025 04:53:30,-0.057
09 Oct 2025 04:55:45,-0.052
09 Oct 2025 04:56:45,-0.055
09 Oct 2025 04:57:15,-0.026
09 Oct 2025 04:57:45,-0.032
09 Oct 2025 04:59:15,-0.102
09 Oct 2025 05:04:00,-0.040
09 Oct 2025 05:05:45,-0.059
09 Oct 2025 05:08:45,-0.048
09 Oct 2025 05:10:30,0.016
09 Oct 2025 05:14:15,-0.024
09 Oct 2025 05:17:00,0.022
09 Oct 2025 05:17:45,-0.047
09 Oct 2025 05:19:30,0.003
09 Oct 2025 05:23:45,-0.014
09 Oct 2025 05:27:30,-0.019
09 Oct 2025 05:28:15,0.006
09 Oct 2025 05:28:45,0.005
09 Oct 2025 05:29:30,0.002
09 Oct 2025 05:30:30,0.006
09 Oct 2025 05:33:00,0.020
09 Oct 2025 05:36:45,0.040
09 Oct 2025 05:39:15,-0.016
09 Oct 2025 05:41:30,0.050
09 Oct 2025 05:41:45,-0.031
09 Oct 2025 05:43:15,0.012
09 Oct 2025 05:46:15,-0.004
09 Oct 2025 05:48:30,-0.030
09 Oct 2025 05:51:00,-0.014
09 Oct 2025 05:52:15,0.005
09 Oct 2025 05:52:45,-0.032
09 Oct 2025 05:55:30,-0.011
09 Oct 2025 05:57:15,0.061
09 Oct 2025 05:58:00,0.009
09 Oct 2025 06:03:00,0.000
09 Oct 2025 06:04:00,0.021
09 Oct 2025 06:05:00,0.055
09 Oct 2025 06:06:45,0.051
09 Oct 2025 06:07:45,0.021
09 Oct 2025 06:08:15,0.033
09 Oct 2025 06:09:00,0.037
09 Oct 2025 06:09:45,0.084
09 Oct 2025 06:10:30,0.037
09 Oct 2025 06:12:45,0.039
09 Oct 2025 06:14:00,0.055
09 Oct 2025 06:19:30,0.045
09 Oct 2025 06:20:30,0.040
09 Oct 2025 06:21:00,0.027
09 Oct 2025 06:23:45,0.118
09 Oct 2025 06:24:00,0.026
09 Oct 2025 06:24:30,0.058
09 Oct 2025 06:25:00,0.084
09 Oct 2025 06:26:30,0.099
09 Oct 2025 06:30:30,0.091
09 Oct 2025 06:32:30,0.021
09 Oct 2025 06:33:45,0.087
09 Oct 2025 06:34:30,0.088
09 Oct 2025 06:35:30,0.113
09 Oct 2025 06:35:45,0.087
09 Oct 2025 06:36:15,0.054
09 Oct 2025 06:37:30,0.073
09 Oct 2025 06:39:15,0.106
09 Oct 2025 06:39:45,0.069
09 Oct 2025 06:40:15,0.047
09 Oct 2025 06:42:30,0.107
09 Oct 2025 06:44:15,0.135
09 Oct 2025 06:45:45,0.127
09 Oct 2025 06:47:30,0.042
09 Oct 2025 06:49:30,0.072
09 Oct 2025 06:50:15,0.096
09 Oct 2025 06:54:00,0.148
09 Oct 2025 06:59:15,0.060
09 Oct 2025 07:07:15,0.108
09 Oct 2025 07:07:45,0.104
09 Oct 2025 07:10:45,0.117
09 Oct 2025 07:15:15,0.091
09 Oct 2025 07:15:30,0.176
09 Oct 2025 07:16:45,0.150
09 Oct 2025 07:19:30,0.139
09 Oct 2025 07:20:00,0.165
09 Oct 2025 07:23:15,0.178
09 Oct 2025 07:23:30,0.120
09 Oct 2025 07:28:00,0.127
09 Oct 2025 07:29:30,0.123
09 Oct 2025 07:31:00,0.149
09 Oct 2025 07:33:00,0.187
09 Oct 2025 07:35:15,0.182
09 Oct 2025 07:36:30,0.142
09 Oct 2025 07:39:00,0.140
09 Oct 2025 07:41:45,0.172
09 Oct 2025 07:43:30,0.239
09 Oct 2025 07:44:30,0.134
09 Oct 2025 07:50:15,0.172
09 Oct 2025 07:50:30,0.237
09 Oct 2025 07:54:00,0.191
09 Oct 2025 07:55:00,0.170
09 Oct 2025 07:56:15,0.148
09 Oct 2025 07:58:15,0.243
09 Oct 2025 07:59:00,0.190
09 Oct 2025 08:00:15,0.183
09 Oct 2025 08:02:00,0.192
09 Oct 2025 08:03:45,0.196
09 Oct 2025 08:04:30,0.162
09 Oct 2025 08:06:15,0.226
09 Oct 2025 08:11:15,0.159
09 Oct 2025 08:14:15,0.201
09 Oct 2025 08:16:00,0.178
09 Oct 2025 08:16:15,0.218
09 Oct 2025 08:16:30,0.241
09 Oct 2025 08:17:30,0.210
09 Oct 2025 08:22:45,0.253
09 Oct 2025 08:34:15,0.196
09 Oct 2025 08:36:00,0.204
09 Oct 2025 08:37:00,0.211
09 Oct 2025 08:38:15,0.165
09 Oct 2025 08:39:15,0.220
09 Oct 2025 08:40:30,0.195
09 Oct 2025 08:43:30,0.208
09 Oct 2025 08:46:30,0.289
09 Oct 2025 08:48:15,0.212
09 Oct 2025 08:49:45,0.175
09 Oct 2025 08:53:45,0.183
09 Oct 2025 08:57:45,0.234
09 Oct 2025 08:59:00,0.209
09 Oct 2025 08:59:45,0.244
09 Oct 2025 09:01:15,0.225
09 Oct 2025 09:01:45,0.207
09 Oct 2025 09:02:00,0.244
09 Oct 2025 09:07:15,0.244
09 Oct 2025 09:08:00,0.221
09 Oct 2025 09:12:00,0.238
09 Oct 2025 09:13:15,0.232
09 Oct 2025 09:14:00,0.277
09 Oct 2025 09:17:15,0.212
09 Oct 2025 09:19:30,0.199
09 Oct 2025 09:21:30,0.191
09 Oct 2025 09:22:00,0.243
09 Oct 2025 09:26:00,0.203
09 Oct 2025 09:26:45,0.245
09 Oct 2025 09:29:00,0.206
09 Oct 2025 09:29:45,0.156
09 Oct 2025 09:31:00,0.264
09 Oct 2025 09:32:15,0.255
09 Oct 2025 09:32:45,0.170
09 Oct 2025 09:33:45,0.206
09 Oct 2025 09:36:15,0.239
09 Oct 2025 09:36:30,0.280
09 Oct 2025 09:38:45,0.195
09 Oct 2025 09:42:15,0.192
09 Oct 2025 09:42:45,0.139
09 Oct 2025 09:43:45,0.237
09 Oct 2025 09:44:45,0.171
09 Oct 2025 09:47:30,0.199
09 Oct 2025 09:49:45,0.254
09 Oct 2025 09:52:15,0.234
09 Oct 2025 09:54:45,0.157
09 Oct 2025 09:55:00,0.180
09 Oct 2025 10:01:00,0.247
09 Oct 2025 10:07:30,0.160
09 Oct 2025 10:11:45,0.215
09 Oct 2025 10:13:00,0.194
09 Oct 2025 10:13:30,0.218
09 Oct 2025 10:15:45,0.222
09 Oct 2025 10:16:30,0.173
09 Oct 2025 10:17:45,0.218
09 Oct 2025 10:24:15,0.160
09 Oct 2025 10:26:15,0.176
09 Oct 2025 10:26:45,0.097
09 Oct 2025 10:28:00,0.187
09 Oct 2025 10:28:45,0.185
09 Oct 2025 10:33:15,0.194
09 Oct 2025 10:38:00,0.170
09 Oct 2025 10:39:00,0.185
09 Oct 2025 10:39:45,0.101
09 Oct 2025 10:42:30,0.233
09 Oct 2025 10:42:45,0.137
09 Oct 2025 10:46:15,0.192
09 Oct 2025 10:48:30,0.072
09 Oct 2025 10:57:00,0.199
09 Oct 2025 10:57:15,0.212
09 Oct 2025 10:57:30,0.211
09 Oct 2025 10:57:45,0.183
09 Oct 2025 10:59:30,0.157
09 Oct 2025 11:01:00,0.184
09 Oct 2025 11:05:30,0.172
09 Oct 2025 11:09:45,0.202
09 Oct 2025 11:16:30,0.121
09 Oct 2025 11:18:30,0.201
09 Oct 2025 11:21:30,0.117
09 Oct 2025 11:23:15,0.100
09 Oct 2025 11:25:15,0.078
09 Oct 2025 11:25:45,0.113
09 Oct 2025 11:26:15,0.110
09 Oct 2025 11:26:45,0.166
09 Oct 2025 11:31:00,0.088
09 Oct 2025 11:32:30,0.090
09 Oct 2025 11:32:45,0.173
09 Oct 2025 11:33:00,0.161
09 Oct 2025 11:33:45,0.170
09 Oct 2025 11:36:45,0.111
09 Oct 2025 11:38:15,0.160
09 Oct 2025 11:39:00,0.179
09 Oct 2025 11:42:30,0.099
09 Oct 2025 11:47:45,0.122
09 Oct 2025 11:49:30,0.083
09 Oct 2025 11:50:00,0.117
09 Oct 2025 11:52:30,0.184
09 Oct 2025 11:53:15,0.033
09 Oct 2025 11:54:15,0.084
09 Oct 2025 11:55:00,0.022
09 Oct 2025 11:57:15,0.109
09 Oct 2025 11:59:30,0.022
09 Oct 2025 12:01:30,0.035
09 Oct 2025 12:06:30,0.014
09 Oct 2025 12:11:30,0.108
09 Oct 2025 12:12:30,0.153
09 Oct 2025 12:13:45,0.045
09 Oct 2025 12:14:45,0.020
09 Oct 2025 12:16:00,0.053
09 Oct 2025 12:16:45,0.102
09 Oct 2025 12:17:00,-0.005
09 Oct 2025 12:18:00,0.084
09 Oct 2025 12:19:15,0.092
09 Oct 2025 12:23:45,0.009
09 Oct 2025 12:26:00,0.028
09 Oct 2025 12:27:30,-0.027
09 Oct 2025 12:28:15,0.080
09 Oct 2025 12:34:45,0.117
09 Oct 2025 12:35:45,0.119
09 Oct 2025 12:36:30,0.129
09 Oct 2025 12:41:45,0.018
09 Oct 2025 12:42:30,0.044
09 Oct 2025 12:43:30,0.192
09 Oct 2025 12:45:00,0.007
09 Oct 2025 12:46:45,-0.090
09 Oct 2025 12:47:15,0.111
09 Oct 2025 12:50:15,0.078
09 Oct 2025 12:54:30,0.067
09 Oct 2025 13:00:30,0.042
09 Oct 2025 13:00:45,-0.050
09 Oct 2025 13:01:45,0.053
09 Oct 2025 13:02:00,0.041
09 Oct 2025 13:07:15,-0.021
09 Oct 2025 13:07:30,0.071
09 Oct 2025 13:11:30,0.028
09 Oct 2025 13:12:15,0.117
09 Oct 2025 13:15:45,-0.028
09 Oct 2025 13:21:45,0.094
09 Oct 2025 13:22:15,-0.059
09 Oct 2025 13:22:30,-0.094
09 Oct 2025 13:23:00,0.065
09 Oct 2025 13:25:00,0.023
09 Oct 2025 13:27:45,-0.073
09 Oct 2025 13:31:00,-0.090
09 Oct 2025 13:37:30,0.081
09 Oct 2025 13:38:00,-0.065
09 Oct 2025 13:41:00,-0.060
09 Oct 2025 13:41:15,-0.018
09 Oct 2025 13:46:00,-0.067
09 Oct 2025 13:46:15,0.006
09 Oct 2025 13:47:15,0.015
09 Oct 2025 13:49:30,-0.089
09 Oct 2025 13:57:15,-0.084
09 Oct 2025 13:59:00,-0.125
09 Oct 2025 13:59:45,-0.027
09 Oct 2025 14:03:45,0.006
09 Oct 2025 14:04:15,-0.036
09 Oct 2025 14:05:45,-0.031
09 Oct 2025 14:07:15,-0.092
09 Oct 2025 14:08:15,-0.012
09 Oct 2025 14:09:15,-0.064
09 Oct 2025 14:11:45,-0.064
09 Oct 2025 14:12:15,-0.097
09 Oct 2025 14:12:45,-0.092
09 Oct 2025 14:16:00,-0.031
09 Oct 2025 14:17:15,-0.097
09 Oct 2025 14:17:45,-0.159
09 Oct 2025 14:19:45,-0.071
09 Oct 2025 14:21:45,-0.056
09 Oct 2025 14:22:00,-0.008
09 Oct 2025 14:23:15,-0.059
09 Oct 2025 14:24:15,-0.081
09 Oct 2025 14:24:30,-0.150
09 Oct 2025 14:25:45,-0.037
09 Oct 2025 14:26:15,-0.092
09 Oct 2025 14:27:00,0.005
09 Oct 2025 14:27:45,-0.031
09 Oct 2025 14:28:30,-0.062
09 Oct 2025 14:28:45,-0.048
09 Oct 2025 14:29:15,0.043
09 Oct 2025 14:30:00,-0.183
09 Oct 2025 14:30:15,0.046
09 Oct 2025 14:30:30,-0.121
09 Oct 2025 14:32:45,-0.013
09 Oct 2025 14:34:30,-0.078
09 Oct 2025 14:35:15,-0.027
09 Oct 2025 14:44:15,-0.002
09 Oct 2025 14:44:45,-0.084
09 Oct 2025 14:45:00,-0.106
09 Oct 2025 14:46:30,-0.098
09 Oct 2025 14:48:00,-0.079
09 Oct 2025 14:50:15,0.130
09 Oct 2025 14:55:00,-0.197
09 Oct 2025 14:55:15,-0.080
09 Oct 2025 14:55:30,-0.110
09 Oct 2025 15:02:00,-0.035
09 Oct 2025 15:02:15,-0.015
09 Oct 2025 15:04:30,-0.061
09 Oct 2025 15:11:30,-0.064
09 Oct 2025 15:12:00,-0.122
09 Oct 2025 15:12:15,-0.054
09 Oct 2025 15:13:00,-0.004
09 Oct 2025 15:15:15,-0.058
09 Oct 2025 15:16:00,-0.107
09 Oct 2025 15:20:30,-0.056
09 Oct 2025 15:21:00,-0.072
09 Oct 2025 15:21:15,-0.046
09 Oct 2025 15:22:15,-0.057
09 Oct 2025 15:25:00,-0.043
09 Oct 2025 15:25:30,0.039
09 Oct 2025 15:28:45,0.002
09 Oct 2025 15:29:45,0.010
09 Oct 2025 15:32:30,-0.063
09 Oct 2025 15:34:00,-0.027
09 Oct 2025 15:34:45,-0.109
09 Oct 2025 15:38:30,-0.058
09 Oct 2025 15:39:45,-0.159
09 Oct 2025 15:40:30,0.022
09 Oct 2025 15:42:45,0.004
09 Oct 2025 15:43:00,-0.027
09 Oct 2025 15:44:00,-0.050
09 Oct 2025 15:45:15,-0.100
09 Oct 2025 15:51:30,-0.096
09 Oct 2025 15:54:15,-0.025
09 Oct 2025 15:54:45,-0.069
09 Oct 2025 15:55:45,-0.083
09 Oct 2025 15:56:15,-0.006
09 Oct 2025 15:57:15,-0.035
09 Oct 2025 15:59:15,-0.136
09 Oct 2025 16:00:45,-0.101
09 Oct 2025 16:02:15,-0.017
09 Oct 2025 16:07:15,-0.059
09 Oct 2025 16:07:45,0.041
09 Oct 2025 16:10:30,0.056
09 Oct 2025 16:11:45,0.026
09 Oct 2025 16:14:15,-0.077
09 Oct 2025 16:16:00,-0.075
09 Oct 2025 16:23:45,-0.061
09 Oct 2025 16:28:30,-0.065
09 Oct 2025 16:29:00,-0.047
09 Oct 2025 16:33:45,-0.083
09 Oct 2025 16:34:00,0.011
09 Oct 2025 16:34:30,-0.100
09 Oct 2025 16:34:45,0.009
09 Oct 2025 16:35:15,-0.017
09 Oct 2025 16:36:00,0.032
09 Oct 2025 16:37:15,-0.020
09 Oct 2025 16:38:45,0.052
09 Oct 2025 16:40:30,-0.009
09 Oct 2025 16:41:00,0.047
09 Oct 2025 16:43:00,-0.001
09 Oct 2025 16:44:00,0.000
09 Oct 2025 16:45:00,-0.006
09 Oct 2025 16:46:15,0.055
09 Oct 2025 16:47:30,-0.130
09 Oct 2025 16:48:30,0.035
09 Oct 2025 16:51:30,-0.039
09 Oct 2025 16:52:15,-0.048
09 Oct 2025 16:55:00,0.007
09 Oct 2025 16:55:15,-0.133
09 Oct 2025 16:57:15,0.053
09 Oct 2025 16:58:15,-0.008
09 Oct 2025 17:03:00,0.053
09 Oct 2025 17:03:30,0.051
09 Oct 2025 17:04:15,0.029
09 Oct 2025 17:05:00,0.070
09 Oct 2025 17:06:45,0.061
09 Oct 2025 17:07:15,-0.004
09 Oct 2025 17:07:45,0.028
09 Oct 2025 17:09:45,0.045
09 Oct 2025 17:11:30,-0.019
09 Oct 2025 17:17:00,0.024
09 Oct 2025 17:20:15,0.068
09 Oct 2025 17:21:15,0.101
09 Oct 2025 17:21:30,-0.077
09 Oct 2025 17:24:00,0.018
09 Oct 2025 17:25:45,0.080
09 Oct 2025 17:28:15,-0.006
09 Oct 2025 17:29:00,0.072
09 Oct 2025 17:29:15,0.098
09 Oct 2025 17:32:45,0.023
09 Oct 2025 17:33:30,0.010
09 Oct 2025 17:36:00,0.176
09 Oct 2025 17:36:15,0.090
09 Oct 2025 17:36:30,0.021
09 Oct 2025 17:38:00,0.057
09 Oct 2025 17:38:45,0.027
09 Oct 2025 17:39:30,0.000
09 Oct 2025 17:41:30,0.077
09 Oct 2025 17:42:30,0.047
09 Oct 2025 17:43:30,0.157
09 Oct 2025 17:47:15,0.029
09 Oct 2025 17:50:30,0.069
09 Oct 2025 17:54:15,0.114
09 Oct 2025 17:56:30,0.074
09 Oct 2025 18:00:45,0.071
09 Oct 2025 18:01:00,0.014
09 Oct 2025 18:02:00,0.096
09 Oct 2025 18:04:15,0.041
09 Oct 2025 18:05:30,0.046
09 Oct 2025 18:07:00,0.089
09 Oct 2025 18:09:30,0.156
09 Oct 2025 18:11:15,0.186
09 Oct 2025 18:12:15,0.051
09 Oct 2025 18:13:30,0.032
09 Oct 2025 18:14:15,0.117
09 Oct 2025 18:15:00,0.103
09 Oct 2025 18:16:30,0.132
09 Oct 2025 18:17:00,0.009
09 Oct 2025 18:17:45,0.075
09 Oct 2025 18:22:15,0.060
09 Oct 2025 18:22:30,0.165
09 Oct 2025 18:25:15,0.049
09 Oct 2025 18:28:15,0.096
09 Oct 2025 18:29:15,0.117
09 Oct 2025 18:31:15,0.076
09 Oct 2025 18:35:30,0.009
09 Oct 2025 18:38:00,0.154
09 Oct 2025 18:39:45,0.102
09 Oct 2025 18:43:45,0.020
09 Oct 2025 18:46:00,0.026
09 Oct 2025 18:46:30,0.144
09 Oct 2025 18:47:00,0.177
09 Oct 2025 18:49:00,0.103
09 Oct 2025 18:52:45,0.159
09 Oct 2025 18:55:30,0.143
09 Oct 2025 18:55:45,0.247
09 Oct 2025 19:00:45,0.190
09 Oct 2025 19:03:15,0.075
09 Oct 2025 19:04:45,0.087
09 Oct 2025 19:06:00,0.201
09 Oct 2025 19:07:45,0.090
09 Oct 2025 19:09:45,0.194
09 Oct 2025 19:10:30,0.161
09 Oct 2025 19:11:00,0.062
09 Oct 2025 19:14:00,0.109
09 Oct 2025 19:15:00,0.190
09 Oct 2025 19:16:45,0.202
09 Oct 2025 19:19:15,0.132
09 Oct 2025 19:20:00,0.141
09 Oct 2025 19:23:15,0.230
09 Oct 2025 19:25:45,0.217
09 Oct 2025 19:27:15,0.210
09 Oct 2025 19:28:15,0.124
09 Oct 2025 19:30:15,0.201
09 Oct 2025 19:36:00,0.171
09 Oct 2025 19:38:30,0.202
09 Oct 2025 19:42:30,0.178
09 Oct 2025 19:48:15,0.131
09 Oct 2025 19:49:45,0.188
09 Oct 2025 19:51:30,0.203
09 Oct 2025 19:52:30,0.243
09 Oct 2025 19:55:00,0.205
09 Oct 2025 19:55:45,0.284
09 Oct 2025 19:57:30,0.266
09 Oct 2025 20:00:15,0.132
09 Oct 2025 20:01:15,0.212
09 Oct 2025 20:03:30,0.267
09 Oct 2025 20:04:00,0.118
09 Oct 2025 20:05:15,0.219
09 Oct 2025 20:08:00,0.173
09 Oct 2025 20:09:00,0.153
09 Oct 2025 20:10:45,0.266
09 Oct 2025 20:12:45,0.156
09 Oct 2025 20:15:00,0.286
09 Oct 2025 20:15:30,0.268
09 Oct 2025 20:15:45,0.274
09 Oct 2025 20:16:00,0.170
09 Oct 2025 20:16:45,0.187
09 Oct 2025 20:19:30,0.278
09 Oct 2025 20:26:00,0.214
09 Oct 2025 20:28:30,0.149
09 Oct 2025 20:29:00,0.273
09 Oct 2025 20:30:30,0.137
09 Oct 2025 20:35:45,0.192
09 Oct 2025 20:40:00,0.262
09 Oct 2025 20:42:45,0.276
09 Oct 2025 20:48:00,0.219
09 Oct 2025 20:52:00,0.231
09 Oct 2025 20:53:45,0.329
09 Oct 2025 20:55:30,0.228
09 Oct 2025 20:56:30,0.214
09 Oct 2025 21:00:30,0.311
09 Oct 2025 21:01:15,0.209
09 Oct 2025 21:01:45,0.174
09 Oct 2025 21:05:00,0.179
09 Oct 2025 21:05:15,0.254
09 Oct 2025 21:06:15,0.202
09 Oct 2025 21:07:15,0.183
09 Oct 2025 21:09:00,0.161
09 Oct 2025 21:09:30,0.255
09 Oct 2025 21:11:15,0.200
09 Oct 2025 21:14:15,0.321
09 Oct 2025 21:15:45,0.238
09 Oct 2025 21:16:00,0.288
09 Oct 2025 21:21:15,0.300
09 Oct 2025 21:28:00,0.154
09 Oct 2025 21:28:45,0.153
09 Oct 2025 21:29:30,0.233
09 Oct 2025 21:30:45,0.167
09 Oct 2025 21:35:45,0.312
09 Oct 2025 21:36:45,0.173
09 Oct 2025 21:39:30,0.205
09 Oct 2025 21:40:15,0.183
09 Oct 2025 21:40:30,0.150
09 Oct 2025 21:41:15,0.280
09 Oct 2025 21:41:30,0.281
09 Oct 2025 21:41:45,0.023
09 Oct 2025 21:48:30,0.125
09 Oct 2025 21:49:00,0.176
09 Oct 2025 21:50:00,0.218
09 Oct 2025 21:50:45,0.181
09 Oct 2025 21:54:15,0.215
09 Oct 2025 21:55:00,0.223
09 Oct 2025 21:57:15,0.209
09 Oct 2025 21:59:00,0.236
09 Oct 2025 21:59:15,0.315
09 Oct 2025 22:00:15,0.128
09 Oct 2025 22:02:15,0.233
09 Oct 2025 22:02:45,0.227
09 Oct 2025 22:06:00,0.232
09 Oct 2025 22:09:45,0.231
09 Oct 2025 22:12:30,0.319
09 Oct 2025 22:15:30,0.299
09 Oct 2025 22:18:00,0.199
09 Oct 2025 22:18:15,0.103
09 Oct 2025 22:19:00,0.234
09 Oct 2025 22:19:30,0.265
09 Oct 2025 22:25:00,0.372
09 Oct 2025 22:28:30,0.205
09 Oct 2025 22:30:00,0.224
09 Oct 2025 22:31:30,0.199
09 Oct 2025 22:32:00,0.155
09 Oct 2025 22:37:45,0.190
09 Oct 2025 22:44:00,0.092
09 Oct 2025 22:46:30,0.144
09 Oct 2025 22:47:00,0.194
09 Oct 2025 22:47:15,0.292
09 Oct 2025 22:51:00,0.093
09 Oct 2025 22:53:15,0.236
09 Oct 2025 22:53:45,0.250
09 Oct 2025 22:57:30,0.265
09 Oct 2025 22:58:30,0.145
09 Oct 2025 23:04:30,0.125
09 Oct 2025 23:10:00,0.258
09 Oct 2025 23:13:00,0.141
09 Oct 2025 23:14:30,0.190
09 Oct 2025 23:14:45,0.121
09 Oct 2025 23:17:15,0.238
09 Oct 2025 23:17:45,0.188
09 Oct 2025 23:21:00,0.288
09 Oct 2025 23:27:45,0.195
09 Oct 2025 23:31:30,0.075
09 Oct 2025 23:37:15,0.140
09 Oct 2025 23:38:45,0.169
09 Oct 2025 23:39:45,0.148
09 Oct 2025 23:48:45,0.220
09 Oct 2025 23:49:15,0.179
09 Oct 2025 23:49:30,0.197
09 Oct 2025 23:51:15,0.211
09 Oct 2025 23:52:15,0.145
09 Oct 2025 23:53:15,0.051
10 Oct 2025 00:01:45,0.065
10 Oct 2025 00:03:45,0.061
10 Oct 2025 00:11:30,0.150
10 Oct 2025 00:13:15,0.076
10 Oct 2025 00:13:30,0.158
10 Oct 2025 00:14:30,0.111
10 Oct 2025 00:18:45,0.063
10 Oct 2025 00:19:30,0.061
10 Oct 2025 00:19:45,0.072
10 Oct 2025 00:20:00,0.099
10 Oct 2025 00:21:15,0.095
10 Oct 2025 00:24:30,0.067
10 Oct 2025 00:25:15,0.052
10 Oct 2025 00:26:45,-0.022
10 Oct 2025 00:28:00,0.026
10 Oct 2025 00:31:30,0.088
10 Oct 2025 00:32:00,-0.006
10 Oct 2025 00:32:15,-0.025
10 Oct 2025 00:36:15,0.022
10 Oct 2025 00:37:00,0.071
10 Oct 2025 00:39:00,0.083
10 Oct 2025 00:42:15,0.002
10 Oct 2025 00:43:45,0.082
10 Oct 2025 00:45:00,0.007
10 Oct 2025 00:47:45,0.056
10 Oct 2025 00:48:45,0.151
10 Oct 2025 00:51:45,0.007
10 Oct 2025 00:53:15,0.002
10 Oct 2025 00:53:30,-0.013
10 Oct 2025 00:57:30,-0.063
10 Oct 2025 00:58:00,-0.008
10 Oct 2025 01:02:15,0.019
10 Oct 2025 01:02:45,-0.045
10 Oct 2025 01:03:15,0.097
10 Oct 2025 01:03:30,0.021
10 Oct 2025 01:05:15,-0.082
10 Oct 2025 01:05:30,0.053
10 Oct 2025 01:09:15,0.017
10 Oct 2025 01:12:30,0.047
10 Oct 2025 01:16:00,0.066
10 Oct 2025 01:20:30,0.000
10 Oct 2025 01:23:30,0.021
10 Oct 2025 01:25:00,-0.021
10 Oct 2025 01:26:00,-0.013
10 Oct 2025 01:31:15,0.007
10 Oct 2025 01:35:15,-0.068
10 Oct 2025 01:35:45,-0.058
10 Oct 2025 01:36:00,-0.071
10 Oct 2025 01:36:15,0.009
10 Oct 2025 01:39:30,0.013
10 Oct 2025 01:43:00,0.016
10 Oct 2025 01:50:45,-0.158
10 Oct 2025 01:52:45,-0.020
10 Oct 2025 01:55:00,-0.001
10 Oct 2025 02:02:00,-0.062
10 Oct 2025 02:03:45,0.046
10 Oct 2025 02:04:15,-0.034
10 Oct 2025 02:05:30,0.022
10 Oct 2025 02:06:00,-0.047
10 Oct 2025 02:08:00,-0.069
10 Oct 2025 02:10:30,-0.008
10 Oct 2025 02:11:15,0.030
10 Oct 2025 02:12:15,-0.006
10 Oct 2025 02:15:15,-0.072
10 Oct 2025 02:16:15,-0.001
10 Oct 2025 02:17:45,-0.059
10 Oct 2025 02:18:15,-0.033
10 Oct 2025 02:19:00,-0.103
10 Oct 2025 02:20:00,-0.087
10 Oct 2025 02:21:30,-0.159
10 Oct 2025 02:22:15,-0.115
10 Oct 2025 02:23:00,-0.194
10 Oct 2025 02:24:45,0.067
10 Oct 2025 02:26:00,-0.066
10 Oct 2025 02:26:15,-0.048
10 Oct 2025 02:27:00,-0.062
10 Oct 2025 02:28:30,-0.105
10 Oct 2025 02:28:45,-0.090
10 Oct 2025 02:45:15,0.029
10 Oct 2025 02:46:15,-0.162
10 Oct 2025 02:53:30,-0.118
10 Oct 2025 02:56:30,-0.063
10 Oct 2025 03:00:00,-0.005
10 Oct 2025 03:00:45,-0.017
10 Oct 2025 03:01:45,-0.092
10 Oct 2025 03:02:30,-0.266
10 Oct 2025 03:05:45,-0.257
10 Oct 2025 03:07:45,-0.169
10 Oct 2025 03:09:45,-0.069
10 Oct 2025 03:11:00,-0.158
10 Oct 2025 03:12:30,-0.149
10 Oct 2025 03:12:45,-0.001
10 Oct 2025 03:15:30,-0.091
10 Oct 2025 03:16:45,-0.023
10 Oct 2025 03:17:15,-0.123
10 Oct 2025 03:18:00,-0.084
10 Oct 2025 03:18:15,-0.117
10 Oct 2025 03:19:30,-0.144
10 Oct 2025 03:21:00,-0.118
10 Oct 2025 03:22:00,-0.080
10 Oct 2025 03:23:00,-0.100
10 Oct 2025 03:25:45,-0.085
10 Oct 2025 03:27:15,0.029
10 Oct 2025 03:29:15,-0.033
10 Oct 2025 03:31:45,0.056
10 Oct 2025 03:32:30,0.003
10 Oct 2025 03:32:45,0.163
10 Oct 2025 03:33:00,-0.131
10 Oct 2025 03:41:00,-0.001
10 Oct 2025 03:44:00,0.009
10 Oct 2025 03:45:45,-0.161
10 Oct 2025 03:46:00,-0.194
10 Oct 2025 03:47:30,-0.037
10 Oct 2025 03:49:00,-0.177
10 Oct 2025 03:49:30,0.034
10 Oct 2025 03:50:30,-0.235
10 Oct 2025 03:51:45,0.104
10 Oct 2025 03:52:15,-0.349
10 Oct 2025 03:52:30,-0.090
10 Oct 2025 03:53:00,-0.031
10 Oct 2025 03:53:45,-0.117
10 Oct 2025 03:55:15,-0.058
10 Oct 2025 03:57:45,-0.230
10 Oct 2025 03:59:15,-0.127
10 Oct 2025 04:02:45,-0.196
10 Oct 2025 04:03:15,-0.166
10 Oct 2025 04:04:00,-0.172
10 Oct 2025 04:06:15,-0.010
10 Oct 2025 04:06:45,-0.052
10 Oct 2025 04:09:30,-0.088
10 Oct 2025 04:09:45,-0.081
10 Oct 2025 04:10:15,-0.330
10 Oct 2025 04:14:15,-0.196
10 Oct 2025 04:14:30,0.032
10 Oct 2025 04:15:15,-0.227
10 Oct 2025 04:16:00,-0.024
10 Oct 2025 04:17:30,-0.160
10 Oct 2025 04:19:45,-0.036
10 Oct 2025 04:22:15,0.109
10 Oct 2025 04:29:30,-0.034
10 Oct 2025 04:32:45,-0.107
10 Oct 2025 04:33:45,0.076
10 Oct 2025 04:34:00,-0.223
10 Oct 2025 04:37:45,0.093
10 Oct 2025 04:40:30,-0.103
10 Oct 2025 04:42:00,0.068
10 Oct 2025 04:45:00,-0.028
10 Oct 2025 04:46:00,-0.252
10 Oct 2025 04:46:30,-0.020
10 Oct 2025 04:48:30,-0.263
10 Oct 2025 04:53:00,-0.133
10 Oct 2025 04:56:45,-0.042
10 Oct 2025 05:03:00,0.038
10 Oct 2025 05:04:30,-0.251
10 Oct 2025 05:04:45,0.219
10 Oct 2025 05:05:30,-0.029
10 Oct 2025 05:07:45,-0.333
10 Oct 2025 05:08:30,-0.106
10 Oct 2025 05:12:30,-0.047
10 Oct 2025 05:13:45,-0.088
10 Oct 2025 05:14:00,0.075
10 Oct 2025 05:15:30,0.281
10 Oct 2025 05:18:00,-0.180
10 Oct 2025 05:19:15,-0.224
10 Oct 2025 05:20:15,0.068
10 Oct 2025 05:28:45,-0.172
10 Oct 2025 05:29:00,0.006
10 Oct 2025 05:29:30,0.093
10 Oct 2025 05:30:15,0.097
10 Oct 2025 05:31:30,0.184
10 Oct 2025 05:33:15,-0.153
10 Oct 2025 05:34:45,-0.095
10 Oct 2025 05:39:15,0.013
10 Oct 2025 05:40:00,0.085
10 Oct 2025 05:42:00,0.142
10 Oct 2025 05:43:15,-0.136
10 Oct 2025 05:45:45,-0.030
10 Oct 2025 05:46:15,-0.191
10 Oct 2025 05:46:30,0.167
10 Oct 2025 05:47:45,0.200
10 Oct 2025 05:52:15,-0.058
10 Oct 2025 05:52:45,0.131
10 Oct 2025 05:57:30,-0.092
10 Oct 2025 05:59:00,0.034
10 Oct 2025 06:02:15,0.177
10 Oct 2025 06:03:15,0.095
10 Oct 2025 06:04:30,-0.144
10 Oct 2025 06:05:15,0.050
10 Oct 2025 06:06:30,-0.162
10 Oct 2025 06:09:30,0.178
10 Oct 2025 06:11:45,0.201
10 Oct 2025 06:12:30,0.266
10 Oct 2025 06:14:45,-0.095
10 Oct 2025 06:15:45,0.080
10 Oct 2025 06:20:00,-0.077
10 Oct 2025 06:22:30,0.104
10 Oct 2025 06:26:00,-0.113
10 Oct 2025 06:28:00,0.086
10 Oct 2025 06:28:45,-0.020
10 Oct 2025 06:30:45,0.107
10 Oct 2025 06:33:00,0.121
10 Oct 2025 06:33:15,0.068
10 Oct 2025 06:33:45,0.316
10 Oct 2025 06:38:30,0.144
10 Oct 2025 06:39:00,0.149
10 Oct 2025 06:40:30,-0.104
10 Oct 2025 06:44:15,-0.032
10 Oct 2025 06:44:30,0.118
10 Oct 2025 06:46:30,-0.002
10 Oct 2025 06:46:45,0.327
10 Oct 2025 06:48:45,-0.185
10 Oct 2025 06:56:00,0.179
10 Oct 2025 06:57:15,0.067
10 Oct 2025 06:58:00,0.036
10 Oct 2025 06:58:15,0.121
10 Oct 2025 07:05:15,0.096
10 Oct 2025 07:06:45,0.119
10 Oct 2025 07:07:45,0.123
10 Oct 2025 07:09:15,-0.223
10 Oct 2025 07:10:00,-0.081
10 Oct 2025 07:11:30,0.168
10 Oct 2025 07:11:45,0.227
10 Oct 2025 07:18:30,0.227
10 Oct 2025 07:19:45,0.230
10 Oct 2025 07:22:00,0.078
10 Oct 2025 07:23:00,-0.177
10 Oct 2025 07:28:15,0.109
10 Oct 2025 07:35:00,0.004
10 Oct 2025 07:40:30,0.145
10 Oct 2025 07:41:30,0.471
10 Oct 2025 07:43:30,0.153
10 Oct 2025 07:43:45,0.375
10 Oct 2025 07:44:45,-0.180
10 Oct 2025 07:45:15,-0.026
10 Oct 2025 07:45:45,-0.168
10 Oct 2025 07:53:30,0.307
10 Oct 2025 07:55:45,-0.017
10 Oct 2025 07:57:45,0.090
10 Oct 2025 08:00:00,-0.232
10 Oct 2025 08:03:00,0.213
10 Oct 2025 08:05:45,0.167
10 Oct 2025 08:06:30,0.227
10 Oct 2025 08:07:45,0.310
10 Oct 2025 08:09:30,0.229
10 Oct 2025 08:14:15,0.197
10 Oct 2025 08:15:30,0.285
10 Oct 2025 08:17:30,0.339
10 Oct 2025 08:18:15,0.000
10 Oct 2025 08:26:00,0.384
10 Oct 2025 08:27:15,0.036
10 Oct 2025 08:27:45,0.281
10 Oct 2025 08:32:15,0.210
10 Oct 2025 08:34:45,0.396
10 Oct 2025 08:35:30,0.047
10 Oct 2025 08:37:30,0.312
10 Oct 2025 08:41:30,0.157
10 Oct 2025 08:42:30,0.216
10 Oct 2025 08:45:30,0.295
10 Oct 2025 08:47:45,0.265
10 Oct 2025 08:48:15,0.286
10 Oct 2025 08:49:15,-0.079
10 Oct 2025 08:49:30,0.337
10 Oct 2025 08:49:45,0.300
10 Oct 2025 08:50:00,0.286
10 Oct 2025 08:50:30,0.205
10 Oct 2025 08:54:15,0.093
10 Oct 2025 08:57:00,0.286
10 Oct 2025 08:57:15,0.389
10 Oct 2025 08:57:30,0.154
10 Oct 2025 08:58:45,0.070
10 Oct 2025 09:01:15,0.225
10 Oct 2025 09:02:00,-0.002
10 Oct 2025 09:02:30,0.106
10 Oct 2025 09:03:00,0.130
10 Oct 2025 09:04:15,0.254
10 Oct 2025 09:06:15,0.074
10 Oct 2025 09:06:30,0.151
10 Oct 2025 09:09:45,0.200
10 Oct 2025 09:12:00,0.251
10 Oct 2025 09:16:00,0.197
10 Oct 2025 09:17:00,0.260
10 Oct 2025 09:17:45,0.196
10 Oct 2025 09:19:15,0.345
10 Oct 2025 09:22:00,0.238
10 Oct 2025 09:24:30,0.303
10 Oct 2025 09:26:30,0.296
10 Oct 2025 09:27:00,0.228
10 Oct 2025 09:28:00,0.247
10 Oct 2025 09:28:15,0.202
10 Oct 2025 09:30:15,0.109
10 Oct 2025 09:34:00,0.184
10 Oct 2025 09:38:15,0.230
10 Oct 2025 09:41:00,0.298
10 Oct 2025 09:42:45,0.263
10 Oct 2025 09:43:15,0.440
10 Oct 2025 09:44:15,0.042
10 Oct 2025 09:44:30,0.087
10 Oct 2025 09:45:45,0.139
10 Oct 2025 09:48:00,0.186
10 Oct 2025 09:48:30,0.274
10 Oct 2025 09:49:15,0.414
10 Oct 2025 09:49:30,0.239
10 Oct 2025 09:51:30,0.295
10 Oct 2025 09:54:15,0.278
10 Oct 2025 09:54:45,0.146
10 Oct 2025 09:56:30,0.087
10 Oct 2025 09:58:00,0.130
10 Oct 2025 09:59:00,0.323
10 Oct 2025 10:00:00,0.222
10 Oct 2025 10:00:15,0.203
10 Oct 2025 10:01:30,0.166
10 Oct 2025 10:02:00,0.295
10 Oct 2025 10:03:45,0.262
10 Oct 2025 10:06:15,0.167
10 Oct 2025 10:08:15,0.241
10 Oct 2025 10:09:00,0.129
10 Oct 2025 10:09:45,0.368
10 Oct 2025 10:11:30,0.300
10 Oct 2025 10:13:30,0.304
10 Oct 2025 10:17:15,0.111
10 Oct 2025 10:18:30,0.235
10 Oct 2025 10:19:45,0.325
10 Oct 2025 10:20:30,0.324
10 Oct 2025 10:21:45,0.193
10 Oct 2025 10:25:30,0.348
10 Oct 2025 10:39:15,0.132
10 Oct 2025 10:39:30,0.307
10 Oct 2025 10:42:15,0.172
10 Oct 2025 10:43:15,-0.079
10 Oct 2025 10:49:00,0.257
10 Oct 2025 10:49:30,0.124
10 Oct 2025 10:50:15,0.345
10 Oct 2025 10:54:00,0.339
10 Oct 2025 10:54:15,0.227
10 Oct 2025 10:54:45,0.054
10 Oct 2025 10:57:30,0.127
10 Oct 2025 10:57:45,0.121
10 Oct 2025 10:59:30,0.269
10 Oct 2025 11:00:15,0.174
10 Oct 2025 11:01:15,0.085
10 Oct 2025 11:01:45,0.267
10 Oct 2025 11:05:15,0.185
10 Oct 2025 11:09:45,0.023
10 Oct 2025 11:12:00,0.225
10 Oct 2025 11:14:15,0.135
10 Oct 2025 11:15:30,0.332
10 Oct 2025 11:18:15,0.106
10 Oct 2025 11:19:30,0.333
10 Oct 2025 11:21:45,0.207
10 Oct 2025 11:23:15,-0.029
10 Oct 2025 11:24:45,0.297
10 Oct 2025 11:27:15,0.113
10 Oct 2025 11:31:00,0.267
10 Oct 2025 11:34:00,0.077
10 Oct 2025 11:35:30,0.263
10 Oct 2025 11:36:00,0.143
10 Oct 2025 11:37:00,0.173
10 Oct 2025 11:44:30,-0.129
10 Oct 2025 11:45:45,0.314
10 Oct 2025 11:47:00,0.145
10 Oct 2025 11:50:00,0.253
10 Oct 2025 11:50:45,0.131
10 Oct 2025 11:52:00,0.147
10 Oct 2025 11:52:45,0.256
10 Oct 2025 11:53:00,0.249
10 Oct 2025 11:54:45,0.078
10 Oct 2025 11:55:00,0.286
10 Oct 2025 11:56:45,0.247
10 Oct 2025 11:59:00,-0.042
10 Oct 2025 11:59:45,0.242
10 Oct 2025 12:02:15,0.122
10 Oct 2025 12:09:00,0.213
10 Oct 2025 12:10:45,0.152
10 Oct 2025 12:12:00,0.035
10 Oct 2025 12:12:15,0.212
10 Oct 2025 12:13:15,0.102
10 Oct 2025 12:14:15,0.298
10 Oct 2025 12:22:30,0.212
10 Oct 2025 12:24:00,0.078
10 Oct 2025 12:24:30,0.040
10 Oct 2025 12:29:45,0.199
10 Oct 2025 12:33:45,0.114
10 Oct 2025 12:37:00,-0.099
10 Oct 2025 12:39:45,-0.025
10 Oct 2025 12:42:00,0.018
10 Oct 2025 12:43:15,0.339
10 Oct 2025 12:44:30,-0.105
10 Oct 2025 12:46:15,-0.096
10 Oct 2025 12:49:15,0.198
10 Oct 2025 12:51:00,-0.101
10 Oct 2025 12:54:30,-0.072
10 Oct 2025 12:55:00,0.065
10 Oct 2025 12:55:45,0.170
10 Oct 2025 12:56:30,-0.074
10 Oct 2025 13:02:15,0.015
10 Oct 2025 13:04:30,0.061
10 Oct 2025 13:08:15,-0.137
10 Oct 2025 13:10:15,-0.051
10 Oct 2025 13:14:30,0.105
10 Oct 2025 13:17:00,0.116
10 Oct 2025 13:17:45,0.010
10 Oct 2025 13:20:15,0.014
10 Oct 2025 13:21:30,0.161
10 Oct 2025 13:21:45,0.047
10 Oct 2025 13:28:00,-0.088
10 Oct 2025 13:31:30,0.163
10 Oct 2025 13:31:45,0.078
10 Oct 2025 13:32:15,-0.098
10 Oct 2025 13:40:45,0.070
10 Oct 2025 13:52:15,-0.007
10 Oct 2025 13:54:45,-0.005
10 Oct 2025 13:56:45,-0.023
10 Oct 2025 13:57:00,-0.002
10 Oct 2025 13:57:30,0.021
10 Oct 2025 14:01:45,0.060
10 Oct 2025 14:02:30,-0.021
10 Oct 2025 14:04:45,0.043
10 Oct 2025 14:06:00,0.043
10 Oct 2025 14:07:00,-0.065
10 Oct 2025 14:07:15,-0.109
10 Oct 2025 14:07:30,0.050
10 Oct 2025 14:09:15,-0.059
10 Oct 2025 14:09:45,-0.101
10 Oct 2025 14:13:15,0.060
10 Oct 2025 14:17:15,0.101
10 Oct 2025 14:20:15,-0.125
10 Oct 2025 14:20:45,0.038
10 Oct 2025 14:31:15,0.002
10 Oct 2025 14:36:15,0.132
10 Oct 2025 14:36:45,-0.191
10 Oct 2025 14:37:15,-0.015
10 Oct 2025 14:39:00,0.066
10 Oct 2025 14:41:00,-0.112
10 Oct 2025 14:44:00,0.036
10 Oct 2025 14:47:45,-0.021
10 Oct 2025 14:50:15,-0.119
10 Oct 2025 14:50:30,-0.074
10 Oct 2025 14:56:00,-0.142
10 Oct 2025 14:56:30,0.098
10 Oct 2025 14:57:00,-0.080
10 Oct 2025 14:59:00,0.053
10 Oct 2025 15:03:30,-0.045
10 Oct 2025 15:04:15,-0.086
10 Oct 2025 15:08:15,0.053
10 Oct 2025 15:09:15,-0.012
10 Oct 2025 15:14:00,-0.223
10 Oct 2025 15:18:45,0.007
10 Oct 2025 15:26:00,0.005
10 Oct 2025 15:27:15,-0.096
10 Oct 2025 15:27:45,-0.042
10 Oct 2025 15:31:15,-0.148
10 Oct 2025 15:31:45,0.017
10 Oct 2025 15:32:15,0.033
10 Oct 2025 15:33:15,0.030
10 Oct 2025 15:33:45,-0.175
10 Oct 2025 15:37:45,0.012
10 Oct 2025 15:39:00,-0.011
10 Oct 2025 15:40:30,-0.025
10 Oct 2025 15:41:15,0.045
10 Oct 2025 15:41:45,-0.053
10 Oct 2025 15:45:00,0.006
10 Oct 2025 15:45:30,-0.105
10 Oct 2025 15:50:45,0.016
10 Oct 2025 15:53:15,-0.098
10 Oct 2025 16:01:00,-0.167
10 Oct 2025 16:01:45,-0.030
10 Oct 2025 16:02:00,-0.023
10 Oct 2025 16:02:30,0.046
10 Oct 2025 16:05:00,-0.059
10 Oct 2025 16:05:15,0.080
10 Oct 2025 16:16:30,-0.173
10 Oct 2025 16:18:15,0.044
10 Oct 2025 16:18:45,0.042
10 Oct 2025 16:21:15,-0.126
10 Oct 2025 16:23:15,-0.126
10 Oct 2025 16:25:00,-0.118
10 Oct 2025 16:25:15,-0.257
10 Oct 2025 16:27:30,0.017
10 Oct 2025 16:27:45,0.119
10 Oct 2025 16:31:30,-0.199
10 Oct 2025 16:32:00,0.029
10 Oct 2025 16:33:00,0.055
10 Oct 2025 16:33:30,-0.007
10 Oct 2025 16:33:45,-0.114
10 Oct 2025 16:34:00,-0.030
10 Oct 2025 16:36:15,-0.080
10 Oct 2025 16:38:15,-0.103
10 Oct 2025 16:44:00,0.060
10 Oct 2025 16:50:00,-0.022
10 Oct 2025 16:50:45,-0.072
10 Oct 2025 16:55:00,0.001
10 Oct 2025 16:56:30,0.026
10 Oct 2025 16:59:00,-0.012
10 Oct 2025 17:00:45,-0.060
10 Oct 2025 17:04:00,-0.014
10 Oct 2025 17:04:45,0.010
10 Oct 2025 17:06:15,-0.103
10 Oct 2025 17:07:15,-0.009
10 Oct 2025 17:09:45,0.058
10 Oct 2025 17:11:30,-0.083
10 Oct 2025 17:12:30,0.076
10 Oct 2025 17:13:15,-0.052
10 Oct 2025 17:14:00,-0.112
10 Oct 2025 17:17:00,-0.023
10 Oct 2025 17:17:30,-0.087
10 Oct 2025 17:19:15,-0.076
10 Oct 2025 17:19:30,-0.002
10 Oct 2025 17:22:15,0.041
10 Oct 2025 17:22:30,-0.140
10 Oct 2025 17:22:45,-0.064
10 Oct 2025 17:32:00,0.126
10 Oct 2025 17:33:15,0.120
10 Oct 2025 17:39:15,0.024
10 Oct 2025 17:40:15,0.064
10 Oct 2025 17:40:30,-0.130
10 Oct 2025 17:47:00,-0.044
10 Oct 2025 17:47:45,-0.120
10 Oct 2025 17:49:15,0.061
10 Oct 2025 17:49:30,-0.114
10 Oct 2025 17:51:00,0.013
10 Oct 2025 17:52:45,0.015
10 Oct 2025 17:53:15,-0.145
10 Oct 2025 17:57:00,0.065
10 Oct 2025 18:02:30,0.157
10 Oct 2025 18:05:30,0.043
10 Oct 2025 18:05:45,0.038
10 Oct 2025 18:06:30,0.193
10 Oct 2025 18:08:30,0.162
10 Oct 2025 18:12:00,0.017
10 Oct 2025 18:13:30,0.048
10 Oct 2025 18:13:45,0.040
10 Oct 2025 18:15:15,0.100
10 Oct 2025 18:15:45,0.081
10 Oct 2025 18:16:30,0.144
10 Oct 2025 18:17:15,-0.091
10 Oct 2025 18:18:00,0.034
10 Oct 2025 18:20:00,-0.015
10 Oct 2025 18:21:45,-0.070
10 Oct 2025 18:24:45,0.029
10 Oct 2025 18:25:15,0.026
10 Oct 2025 18:28:45,0.128
10 Oct 2025 18:34:00,0.188
10 Oct 2025 18:34:30,0.084
10 Oct 2025 18:35:00,0.084
10 Oct 2025 18:36:00,0.058
10 Oct 2025 18:36:30,-0.087
10 Oct 2025 18:40:45,-0.176
10 Oct 2025 18:41:00,-0.070
10 Oct 2025 18:46:30,0.016
10 Oct 2025 18:49:15,0.104
10 Oct 2025 18:53:00,0.151
10 Oct 2025 18:55:45,0.024
10 Oct 2025 18:57:00,0.158
10 Oct 2025 18:57:45,0.092
10 Oct 2025 18:59:15,0.039
10 Oct 2025 19:00:45,-0.055
10 Oct 2025 19:01:00,-0.137
10 Oct 2025 19:04:00,0.060
10 Oct 2025 19:04:45,0.163
10 Oct 2025 19:07:45,0.060
10 Oct 2025 19:09:30,0.138
10 Oct 2025 19:12:15,0.177
10 Oct 2025 19:13:00,0.126
10 Oct 2025 19:15:00,0.011
10 Oct 2025 19:15:30,0.020
10 Oct 2025 19:15:45,0.145
10 Oct 2025 19:16:30,0.134
10 Oct 2025 19:17:00,-0.042
10 Oct 2025 19:17:30,0.056
10 Oct 2025 19:19:30,-0.007
10 Oct 2025 19:20:30,0.111
10 Oct 2025 19:21:45,0.058
10 Oct 2025 19:22:00,0.091
10 Oct 2025 19:23:45,0.084
10 Oct 2025 19:29:45,0.024
10 Oct 2025 19:31:30,0.028
10 Oct 2025 19:38:45,0.050
10 Oct 2025 19:39:15,0.177
10 Oct 2025 19:45:15,0.207
10 Oct 2025 19:46:45,0.073
10 Oct 2025 19:50:45,-0.014
10 Oct 2025 19:52:45,0.115
10 Oct 2025 19:57:45,0.034
10 Oct 2025 19:59:15,0.073
10 Oct 2025 20:01:00,0.216
10 Oct 2025 20:02:15,0.158
10 Oct 2025 20:03:30,0.191
10 Oct 2025 20:06:00,0.044
10 Oct 2025 20:07:15,0.196
10 Oct 2025 20:07:45,-0.005
10 Oct 2025 20:08:15,0.062
10 Oct 2025 20:11:00,0.032
10 Oct 2025 20:11:15,0.126
10 Oct 2025 20:12:00,0.181
10 Oct 2025 20:19:45,0.098
10 Oct 2025 20:20:15,0.067
10 Oct 2025 20:20:45,0.212
10 Oct 2025 20:22:00,0.117
10 Oct 2025 20:25:15,0.170
10 Oct 2025 20:26:00,0.143
10 Oct 2025 20:27:45,0.109
10 Oct 2025 20:29:45,0.125
10 Oct 2025 20:32:00,0.162
10 Oct 2025 20:33:00,0.192
10 Oct 2025 20:33:15,0.120
10 Oct 2025 20:39:15,0.196
10 Oct 2025 20:40:15,0.084
10 Oct 2025 20:48:15,0.055
10 Oct 2025 20:58:15,0.107
10 Oct 2025 20:58:30,0.187
10 Oct 2025 21:00:15,0.213
10 Oct 2025 21:01:30,0.154
10 Oct 2025 21:07:30,0.208
10 Oct 2025 21:08:15,0.130
10 Oct 2025 21:11:30,0.064
10 Oct 2025 21:13:30,0.233
10 Oct 2025 21:14:30,0.104
10 Oct 2025 21:15:45,0.148
10 Oct 2025 21:21:00,0.162
10 Oct 2025 21:22:45,0.256
10 Oct 2025 21:24:00,0.042
10 Oct 2025 21:28:15,0.214
10 Oct 2025 21:28:45,0.186
10 Oct 2025 21:29:30,0.175
10 Oct 2025 21:30:30,0.158
10 Oct 2025 21:39:00,0.221
10 Oct 2025 21:39:30,0.160
10 Oct 2025 21:41:00,0.207
10 Oct 2025 21:48:15,0.119
10 Oct 2025 21:49:15,0.227
10 Oct 2025 21:53:30,0.171
10 Oct 2025 21:55:30,0.125
10 Oct 2025 21:56:45,0.158
10 Oct 2025 21:58:00,0.202
10 Oct 2025 21:58:45,0.116
10 Oct 2025 21:59:00,0.175
10 Oct 2025 22:02:15,0.200
10 Oct 2025 22:04:00,0.153
10 Oct 2025 22:12:30,0.053
10 Oct 2025 22:15:00,0.148
10 Oct 2025 22:17:00,0.155
10 Oct 2025 22:17:45,0.198
10 Oct 2025 22:20:15,0.193
10 Oct 2025 22:22:45,0.245
10 Oct 2025 22:27:30,0.216
10 Oct 2025 22:27:45,0.175
10 Oct 2025 22:28:30,0.224
10 Oct 2025 22:34:00,0.184
10 Oct 2025 22:34:45,0.243
10 Oct 2025 22:35:00,0.163
10 Oct 2025 22:37:00,0.123
10 Oct 2025 22:38:00,0.163
10 Oct 2025 22:39:15,0.198
10 Oct 2025 22:40:45,0.265
10 Oct 2025 22:45:00,0.139
10 Oct 2025 22:45:15,0.171
10 Oct 2025 22:47:45,0.186
10 Oct 2025 22:49:30,0.110
10 Oct 2025 22:52:30,0.247
10 Oct 2025 23:00:00,0.143
10 Oct 2025 23:01:30,0.100
10 Oct 2025 23:02:00,0.173
10 Oct 2025 23:03:15,0.159
10 Oct 2025 23:06:45,0.089
10 Oct 2025 23:08:30,0.217
10 Oct 2025 23:11:00,0.134
10 Oct 2025 23:12:30,0.121
10 Oct 2025 23:13:15,0.159
10 Oct 2025 23:14:15,0.129
10 Oct 2025 23:16:00,0.083
10 Oct 2025 23:18:15,0.181
10 Oct 2025 23:19:15,0.174
10 Oct 2025 23:22:00,0.029
10 Oct 2025 23:24:15,0.131
10 Oct 2025 23:31:00,0.084
10 Oct 2025 23:34:30,0.068
10 Oct 2025 23:35:00,0.201
10 Oct 2025 23:37:15,0.160
10 Oct 2025 23:38:00,0.172
10 Oct 2025 23:40:45,0.115
10 Oct 2025 23:41:30,0.107
10 Oct 2025 23:46:45,0.132
10 Oct 2025 23:48:15,0.179
10 Oct 2025 23:49:00,0.125
10 Oct 2025 23:49:15,0.041
10 Oct 2025 23:51:45,0.123
10 Oct 2025 23:55:45,0.081
10 Oct 2025 23:56:30,0.184
10 Oct 2025 23:57:15,0.081
10 Oct 2025 23:57:45,0.106
10 Oct 2025 23:58:00,0.069
11 Oct 2025 00:04:15,0.120
11 Oct 2025 00:04:30,0.067
11 Oct 2025 00:06:15,0.170
11 Oct 2025 00:11:30,0.097
11 Oct 2025 00:13:30,0.097
11 Oct 2025 00:14:45,0.101
11 Oct 2025 00:15:15,0.087
11 Oct 2025 00:17:00,0.104
11 Oct 2025 00:21:15,0.020
11 Oct 2025 00:22:00,0.094
11 Oct 2025 00:22:15,0.082
11 Oct 2025 00:27:00,0.109
11 Oct 2025 00:34:15,0.066
11 Oct 2025 00:36:30,0.110
11 Oct 2025 00:39:45,0.101
11 Oct 2025 00:40:15,0.087
11 Oct 2025 00:41:45,0.046
11 Oct 2025 00:43:15,0.067
11 Oct 2025 00:45:30,-0.034
11 Oct 2025 00:45:45,0.021
11 Oct 2025 00:46:30,0.076
11 Oct 2025 00:48:15,0.027
11 Oct 2025 00:48:45,0.035
11 Oct 2025 00:49:30,0.022
11 Oct 2025 00:49:45,0.035
11 Oct 2025 00:50:30,0.059
11 Oct 2025 00:50:45,0.023
11 Oct 2025 00:51:15,0.062
11 Oct 2025 00:54:45,0.008
11 Oct 2025 00:59:15,0.016
11 Oct 2025 01:01:15,0.034
11 Oct 2025 01:04:15,0.055
11 Oct 2025 01:05:30,0.017
11 Oct 2025 01:05:45,0.027
11 Oct 2025 01:06:30,0.067
11 Oct 2025 01:08:30,0.086
11 Oct 2025 01:10:45,0.029
11 Oct 2025 01:12:00,0.023
11 Oct 2025 01:12:30,0.058
11 Oct 2025 01:14:30,0.004
11 Oct 2025 01:14:45,0.036
11 Oct 2025 01:15:00,0.077
11 Oct 2025 01:18:30,-0.017
11 Oct 2025 01:20:15,0.028
11 Oct 2025 01:21:30,0.004
11 Oct 2025 01:23:45,-0.008
11 Oct 2025 01:27:00,0.004
11 Oct 2025 01:31:00,-0.119
11 Oct 2025 01:31:15,0.011
11 Oct 2025 01:32:45,-0.006
11 Oct 2025 01:33:15,-0.022
11 Oct 2025 01:36:15,0.001
11 Oct 2025 01:38:15,-0.005
11 Oct 2025 01:38:45,-0.010
11 Oct 2025 01:42:00,-0.030
11 Oct 2025 01:43:00,-0.061
11 Oct 2025 01:43:45,-0.006
11 Oct 2025 01:45:15,-0.088
11 Oct 2025 01:47:00,-0.025
11 Oct 2025 01:49:15,-0.080
11 Oct 2025 01:50:30,-0.066
11 Oct 2025 01:50:45,-0.047
11 Oct 2025 01:51:00,0.013
11 Oct 2025 01:51:45,-0.040
11 Oct 2025 01:56:30,0.025
11 Oct 2025 01:56:45,-0.020
11 Oct 2025 01:57:00,-0.006
11 Oct 2025 01:58:00,-0.028
11 Oct 2025 01:58:15,-0.067
11 Oct 2025 01:59:00,-0.038
11 Oct 2025 02:00:45,0.023
11 Oct 2025 02:01:15,-0.007
11 Oct 2025 02:01:45,-0.069
11 Oct 2025 02:02:00,-0.092
11 Oct 2025 02:04:00,-0.013
11 Oct 2025 02:04:30,-0.099
11 Oct 2025 02:05:30,0.016
11 Oct 2025 02:05:45,-0.027
11 Oct 2025 02:07:45,-0.060
11 Oct 2025 02:08:00,-0.100
11 Oct 2025 02:08:30,0.011
11 Oct 2025 02:08:45,-0.029
11 Oct 2025 02:09:00,-0.076
11 Oct 2025 02:09:15,-0.036
11 Oct 2025 02:11:45,-0.060
11 Oct 2025 02:20:45,-0.049
11 Oct 2025 02:23:45,-0.081
11 Oct 2025 02:24:30,-0.052
11 Oct 2025 02:25:15,-0.101
11 Oct 2025 02:28:15,-0.031
11 Oct 2025 02:30:30,-0.039
11 Oct 2025 02:32:00,0.000
11 Oct 2025 02:33:15,-0.092
11 Oct 2025 02:36:30,-0.061
11 Oct 2025 02:37:45,-0.059
11 Oct 2025 02:40:45,-0.052
11 Oct 2025 02:44:15,-0.061
11 Oct 2025 02:46:30,-0.069
11 Oct 2025 02:49:15,-0.085
11 Oct 2025 02:49:45,-0.126
11 Oct 2025 02:51:30,-0.072
11 Oct 2025 02:56:45,-0.105
11 Oct 2025 03:01:30,-0.094
11 Oct 2025 03:02:30,-0.053
11 Oct 2025 03:04:30,-0.051
11 Oct 2025 03:05:15,-0.088
11 Oct 2025 03:08:15,-0.043
11 Oct 2025 03:08:30,-0.093
11 Oct 2025 03:10:30,-0.052
11 Oct 2025 03:11:15,-0.099
11 Oct 2025 03:12:00,-0.035
11 Oct 2025 03:16:15,-0.107
11 Oct 2025 03:17:00,-0.099
11 Oct 2025 03:19:30,-0.094
11 Oct 2025 03:20:00,-0.128
11 Oct 2025 03:22:45,-0.051
11 Oct 2025 03:26:45,-0.155
11 Oct 2025 03:27:15,-0.125
11 Oct 2025 03:29:00,-0.121
11 Oct 2025 03:30:00,-0.057
11 Oct 2025 03:31:30,-0.042
11 Oct 2025 03:33:00,-0.115
11 Oct 2025 03:36:00,-0.188
11 Oct 2025 03:37:00,-0.057
11 Oct 2025 03:37:15,-0.101
11 Oct 2025 03:38:45,-0.085
11 Oct 2025 03:40:30,-0.148
11 Oct 2025 03:42:30,-0.118
11 Oct 2025 03:43:15,-0.094
11 Oct 2025 03:44:45,-0.044
11 Oct 2025 03:46:00,-0.032
11 Oct 2025 03:46:15,-0.047
11 Oct 2025 03:47:30,-0.166
11 Oct 2025 03:50:30,-0.124
11 Oct 2025 03:50:45,-0.157
11 Oct 2025 03:51:30,-0.134
11 Oct 2025 03:52:30,-0.057
11 Oct 2025 03:52:45,-0.065
11 Oct 2025 03:54:15,-0.069
11 Oct 2025 03:54:30,-0.098
11 Oct 2025 04:00:45,-0.021
11 Oct 2025 04:02:15,-0.082
11 Oct 2025 04:02:45,-0.067
11 Oct 2025 04:04:30,-0.065
11 Oct 2025 04:06:00,-0.121
11 Oct 2025 04:13:30,-0.148
11 Oct 2025 04:17:30,-0.110
11 Oct 2025 04:18:30,-0.172
11 Oct 2025 04:19:00,-0.146
11 Oct 2025 04:22:30,-0.101
11 Oct 2025 04:23:15,-0.089
11 Oct 2025 04:23:30,-0.061
11 Oct 2025 04:26:15,-0.088
11 Oct 2025 04:28:00,-0.140
11 Oct 2025 04:28:30,-0.062
11 Oct 2025 04:29:30,-0.125
11 Oct 2025 04:33:45,-0.086
11 Oct 2025 04:35:15,-0.112
11 Oct 2025 04:37:45,-0.108
11 Oct 2025 04:38:00,-0.119
11 Oct 2025 04:39:15,-0.076
11 Oct 2025 04:43:30,-0.103
11 Oct 2025 04:44:00,-0.112
11 Oct 2025 04:46:45,-0.051
11 Oct 2025 04:47:15,0.005
11 Oct 2025 04:48:00,-0.067
11 Oct 2025 04:51:45,-0.039
11 Oct 2025 04:52:30,-0.087
11 Oct 2025 04:53:00,-0.072
11 Oct 2025 04:54:15,-0.102
11 Oct 2025 04:54:30,-0.146
11 Oct 2025 04:56:00,-0.103
11 Oct 2025 04:56:45,-0.068
11 Oct 2025 04:57:30,-0.051
11 Oct 2025 04:58:00,-0.120
11 Oct 2025 05:01:00,-0.097
11 Oct 2025 05:02:15,-0.044
11 Oct 2025 05:07:30,-0.129
11 Oct 2025 05:09:30,-0.131
11 Oct 2025 05:10:00,-0.061
11 Oct 2025 05:10:15,-0.201
11 Oct 2025 05:10:30,-0.132
11 Oct 2025 05:11:00,-0.125
11 Oct 2025 05:13:15,-0.113
11 Oct 2025 05:15:15,-0.140
11 Oct 2025 05:16:15,-0.098
11 Oct 2025 05:17:45,-0.062
11 Oct 2025 05:22:45,-0.125
11 Oct 2025 05:24:15,-0.090
11 Oct 2025 05:24:45,-0.014
11 Oct 2025 05:25:15,-0.114
11 Oct 2025 05:28:30,-0.156
11 Oct 2025 05:31:15,-0.052
11 Oct 2025 05:32:00,-0.069
11 Oct 2025 05:32:30,-0.113
11 Oct 2025 05:33:45,-0.043
11 Oct 2025 05:37:30,-0.038
11 Oct 2025 05:38:00,-0.142
11 Oct 2025 05:39:00,-0.080
11 Oct 2025 05:39:30,-0.152
11 Oct 2025 05:40:15,-0.062
11 Oct 2025 05:40:45,-0.063
11 Oct 2025 05:41:45,-0.050
11 Oct 2025 05:43:00,-0.038
11 Oct 2025 05:45:15,-0.074
11 Oct 2025 05:45:30,-0.108
11 Oct 2025 05:46:00,-0.066
11 Oct 2025 05:46:15,-0.059
11 Oct 2025 05:47:30,-0.197
11 Oct 2025 05:49:15,-0.062
11 Oct 2025 05:50:15,-0.040
11 Oct 2025 05:50:45,-0.082
11 Oct 2025 05:51:45,-0.024
11 Oct 2025 05:53:30,-0.005
11 Oct 2025 05:54:00,-0.038
11 Oct 2025 05:54:30,-0.079
11 Oct 2025 05:57:30,-0.033
11 Oct 2025 06:01:45,-0.076
11 Oct 2025 06:03:45,-0.096
11 Oct 2025 06:06:15,-0.067
11 Oct 2025 06:08:30,-0.047
11 Oct 2025 06:11:15,-0.111
11 Oct 2025 06:13:15,-0.106
11 Oct 2025 06:14:15,-0.045
11 Oct 2025 06:15:15,-0.057
11 Oct 2025 06:16:00,-0.065
11 Oct 2025 06:18:30,-0.003
11 Oct 2025 06:19:30,-0.039
11 Oct 2025 06:23:15,-0.055
11 Oct 2025 06:24:15,-0.081
11 Oct 2025 06:25:00,-0.040
11 Oct 2025 06:27:15,-0.022
11 Oct 2025 06:27:45,0.020
11 Oct 2025 06:29:30,0.019
11 Oct 2025 06:30:30,-0.117
11 Oct 2025 06:30:45,-0.036
11 Oct 2025 06:32:15,-0.088
11 Oct 2025 06:34:45,-0.050
11 Oct 2025 06:35:00,-0.018
11 Oct 2025 06:36:45,-0.011
11 Oct 2025 06:39:00,-0.017
11 Oct 2025 06:40:00,-0.076
11 Oct 2025 06:42:15,0.040
11 Oct 2025 06:42:30,-0.028
11 Oct 2025 06:49:00,-0.061
11 Oct 2025 06:49:15,0.092
11 Oct 2025 06:51:30,-0.044
11 Oct 2025 06:52:00,-0.050
11 Oct 2025 06:52:15,-0.048
11 Oct 2025 06:52:45,0.002
11 Oct 2025 06:53:30,0.055
11 Oct 2025 06:56:15,0.011
11 Oct 2025 06:57:15,-0.061
11 Oct 2025 07:01:15,-0.087
11 Oct 2025 07:01:30,-0.033
11 Oct 2025 07:05:30,-0.024
11 Oct 2025 07:08:15,-0.069
11 Oct 2025 07:10:00,0.019
11 Oct 2025 07:10:15,0.026
11 Oct 2025 07:10:30,0.033
11 Oct 2025 07:11:45,-0.005
11 Oct 2025 07:12:15,0.067
11 Oct 2025 07:14:45,0.003
11 Oct 2025 07:18:15,0.046
11 Oct 2025 07:21:00,-0.063
11 Oct 2025 07:22:00,0.039
11 Oct 2025 07:23:30,-0.013
11 Oct 2025 07:24:30,-0.012
11 Oct 2025 07:25:00,0.065
11 Oct 2025 07:26:00,0.045
11 Oct 2025 07:26:15,0.003
11 Oct 2025 07:29:00,0.021
11 Oct 2025 07:32:30,0.022
11 Oct 2025 07:34:30,0.100
11 Oct 2025 07:34:45,0.118
11 Oct 2025 07:36:00,0.093
11 Oct 2025 07:40:00,0.018
11 Oct 2025 07:40:45,0.014
11 Oct 2025 07:41:00,0.054
11 Oct 2025 07:41:45,-0.039
11 Oct 2025 07:42:00,-0.083
11 Oct 2025 07:43:00,-0.062
11 Oct 2025 07:44:00,-0.003
11 Oct 2025 07:44:30,0.067
11 Oct 2025 07:48:30,0.065
11 Oct 2025 07:49:15,0.091
11 Oct 2025 07:49:45,0.036
11 Oct 2025 07:56:15,0.006
11 Oct 2025 07:56:30,0.043
11 Oct 2025 07:58:00,0.079
11 Oct 2025 07:58:15,0.082
11 Oct 2025 08:00:45,0.070
11 Oct 2025 08:03:45,0.038
11 Oct 2025 08:04:30,0.064
11 Oct 2025 08:05:15,-0.006
11 Oct 2025 08:06:30,0.043
11 Oct 2025 08:07:15,0.061
11 Oct 2025 08:08:45,0.048
11 Oct 2025 08:09:15,0.128
11 Oct 2025 08:09:30,0.046
11 Oct 2025 08:12:00,0.026
11 Oct 2025 08:14:45,-0.005
11 Oct 2025 08:15:30,-0.080
11 Oct 2025 08:15:45,-0.042
11 Oct 2025 08:20:45,0.030
11 Oct 2025 08:22:15,0.143
11 Oct 2025 08:23:15,0.089
11 Oct 2025 08:24:30,0.151
11 Oct 2025 08:25:00,0.011
11 Oct 2025 08:26:00,0.131
11 Oct 2025 08:28:15,0.044
11 Oct 2025 08:29:15,0.086
11 Oct 2025 08:32:00,0.112
11 Oct 2025 08:34:15,0.025
11 Oct 2025 08:35:30,0.115
11 Oct 2025 08:38:15,0.076
11 Oct 2025 08:40:30,-0.049
11 Oct 2025 08:40:45,0.056
11 Oct 2025 08:41:45,0.118
11 Oct 2025 08:45:30,0.063
11 Oct 2025 08:48:00,0.088
11 Oct 2025 08:55:45,0.077
11 Oct 2025 08:57:15,0.097
11 Oct 2025 08:58:30,0.137
11 Oct 2025 09:01:00,0.119
11 Oct 2025 09:03:45,0.153
11 Oct 2025 09:05:30,0.084
11 Oct 2025 09:06:45,0.106
11 Oct 2025 09:08:00,0.045
11 Oct 2025 09:17:30,0.144
11 Oct 2025 09:18:30,0.080
11 Oct 2025 09:19:00,0.131
11 Oct 2025 09:21:45,0.101
11 Oct 2025 09:23:00,0.118
11 Oct 2025 09:24:00,0.131
11 Oct 2025 09:26:30,0.040
11 Oct 2025 09:26:45,0.090
11 Oct 2025 09:38:15,0.210
11 Oct 2025 09:41:30,0.202
11 Oct 2025 09:42:15,0.134
11 Oct 2025 09:43:30,0.184
11 Oct 2025 09:56:30,0.180
11 Oct 2025 09:58:00,0.109
11 Oct 2025 09:59:00,0.165
11 Oct 2025 10:01:15,0.116
11 Oct 2025 10:04:45,0.157
11 Oct 2025 10:07:45,0.187
11 Oct 2025 10:10:00,0.135
11 Oct 2025 10:11:15,0.128
11 Oct 2025 10:13:15,0.152
11 Oct 2025 10:13:30,0.189
11 Oct 2025 10:17:45,0.194
11 Oct 2025 10:20:00,0.155
11 Oct 2025 10:27:00,0.118
11 Oct 2025 10:28:45,0.133
11 Oct 2025 10:30:45,0.168
11 Oct 2025 10:31:30,0.065
11 Oct 2025 10:34:45,0.130
11 Oct 2025 10:35:30,0.137
11 Oct 2025 10:37:45,0.142
11 Oct 2025 10:38:30,0.137
11 Oct 2025 10:39:15,0.134
11 Oct 2025 10:43:30,0.114
11 Oct 2025 10:44:00,0.186
11 Oct 2025 10:44:45,0.030
11 Oct 2025 10:45:00,0.187
11 Oct 2025 10:46:45,0.151
11 Oct 2025 10:48:30,0.181
11 Oct 2025 10:49:15,0.156
11 Oct 2025 10:50:15,0.220
11 Oct 2025 10:50:45,0.143
11 Oct 2025 10:55:45,0.185
11 Oct 2025 10:58:30,0.143
11 Oct 2025 10:59:15,0.163
11 Oct 2025 11:01:30,0.155
11 Oct 2025 11:03:45,0.220
11 Oct 2025 11:04:00,0.145
11 Oct 2025 11:04:15,0.178
11 Oct 2025 11:07:15,0.269
11 Oct 2025 11:08:45,0.200
11 Oct 2025 11:09:15,0.173
11 Oct 2025 11:13:30,0.197
11 Oct 2025 11:19:45,0.128
11 Oct 2025 11:20:45,0.159
11 Oct 2025 11:21:30,0.226
11 Oct 2025 11:22:45,0.220
11 Oct 2025 11:23:30,0.169
11 Oct 2025 11:27:45,0.142
11 Oct 2025 11:28:45,0.179
11 Oct 2025 11:29:00,0.188
11 Oct 2025 11:30:30,0.207
11 Oct 2025 11:32:45,0.142
11 Oct 2025 11:33:15,0.171
11 Oct 2025 11:33:45,0.136
11 Oct 2025 11:37:30,0.159
11 Oct 2025 11:41:15,0.103
11 Oct 2025 11:43:30,0.118
11 Oct 2025 11:44:45,0.192
11 Oct 2025 11:45:30,0.153
11 Oct 2025 11:48:00,0.189
11 Oct 2025 11:48:30,0.171
11 Oct 2025 11:49:45,0.196
11 Oct 2025 11:51:00,0.185
11 Oct 2025 11:52:15,0.139
11 Oct 2025 11:55:30,0.117
11 Oct 2025 11:56:00,0.178
11 Oct 2025 11:58:15,0.115
11 Oct 2025 12:02:45,0.163
11 Oct 2025 12:08:15,0.109
11 Oct 2025 12:10:00,0.156
11 Oct 2025 12:11:00,0.101
11 Oct 2025 12:11:15,0.152
11 Oct 2025 12:15:00,0.164
11 Oct 2025 12:15:45,0.157
11 Oct 2025 12:16:45,0.172
11 Oct 2025 12:17:30,0.149
11 Oct 2025 12:19:45,0.163
11 Oct 2025 12:20:30,0.096
11 Oct 2025 12:25:15,0.144
11 Oct 2025 12:27:30,0.138
11 Oct 2025 12:30:00,0.163
11 Oct 2025 12:32:15,0.128
11 Oct 2025 12:36:30,0.093
11 Oct 2025 12:37:45,0.095
11 Oct 2025 12:41:00,0.072
11 Oct 2025 12:42:15,0.103
11 Oct 2025 12:43:30,0.003
11 Oct 2025 12:44:15,0.071
11 Oct 2025 12:47:30,0.089
11 Oct 2025 12:50:45,0.113
11 Oct 2025 12:53:45,0.115
11 Oct 2025 12:55:15,0.124
11 Oct 2025 12:55:30,0.096
11 Oct 2025 13:01:45,0.091
11 Oct 2025 13:06:00,0.086
11 Oct 2025 13:12:15,0.073
11 Oct 2025 13:14:00,0.101
11 Oct 2025 13:15:15,0.118
11 Oct 2025 13:17:45,0.003
11 Oct 2025 13:18:15,0.035
11 Oct 2025 13:18:45,0.102
11 Oct 2025 13:19:00,0.067
11 Oct 2025 13:21:15,0.111
11 Oct 2025 13:21:30,0.099
11 Oct 2025 13:23:00,0.021
11 Oct 2025 13:23:15,0.145
11 Oct 2025 13:24:00,0.012
11 Oct 2025 13:24:15,0.097
11 Oct 2025 13:24:45,0.180
11 Oct 2025 13:25:15,0.070
11 Oct 2025 13:25:45,0.127
11 Oct 2025 13:32:15,0.012
11 Oct 2025 13:33:00,0.064
11 Oct 2025 13:34:30,0.063
11 Oct 2025 13:35:00,0.093
11 Oct 2025 13:38:00,0.045
11 Oct 2025 13:42:45,0.061
11 Oct 2025 13:44:15,0.071
11 Oct 2025 13:45:00,0.007
11 Oct 2025 13:48:30,0.014
11 Oct 2025 13:49:15,0.022
11 Oct 2025 13:57:15,0.055
11 Oct 2025 14:00:15,-0.005
11 Oct 2025 14:00:30,0.062
11 Oct 2025 14:03:15,0.035
11 Oct 2025 14:12:30,-0.010
11 Oct 2025 14:13:30,0.026
11 Oct 2025 14:16:00,-0.011
11 Oct 2025 14:16:15,-0.025
11 Oct 2025 14:16:30,0.020
11 Oct 2025 14:16:45,0.002
11 Oct 2025 14:19:15,0.009
11 Oct 2025 14:20:00,-0.029
11 Oct 2025 14:20:45,-0.026
11 Oct 2025 14:27:45,0.001
11 Oct 2025 14:29:15,0.023
11 Oct 2025 14:33:15,-0.013
11 Oct 2025 14:38:15,0.004
11 Oct 2025 14:38:30,-0.016
11 Oct 2025 14:38:45,0.013
11 Oct 2025 14:40:15,-0.003
11 Oct 2025 14:40:30,-0.090
11 Oct 2025 14:41:00,-0.069
11 Oct 2025 14:42:45,-0.099
11 Oct 2025 14:46:45,0.012
11 Oct 2025 14:47:30,-0.043
11 Oct 2025 14:54:45,-0.035
11 Oct 2025 14:58:00,-0.058
11 Oct 2025 14:58:30,-0.081
11 Oct 2025 14:58:45,-0.066
11 Oct 2025 15:00:30,-0.046
11 Oct 2025 15:02:30,-0.025
11 Oct 2025 15:04:00,-0.013
11 Oct 2025 15:06:45,-0.083
11 Oct 2025 15:07:45,0.000
11 Oct 2025 15:09:15,-0.078
11 Oct 2025 15:14:30,-0.046
11 Oct 2025 15:15:15,-0.008
11 Oct 2025 15:20:00,-0.050
11 Oct 2025 15:21:15,-0.036
11 Oct 2025 15:23:15,-0.057
11 Oct 2025 15:25:30,-0.038
11 Oct 2025 15:30:15,-0.024
11 Oct 2025 15:35:45,-0.063
11 Oct 2025 15:36:00,-0.060
11 Oct 2025 15:36:45,-0.019
11 Oct 2025 15:40:00,-0.052
11 Oct 2025 15:40:30,-0.091
11 Oct 2025 15:41:45,-0.093
11 Oct 2025 15:42:45,-0.035
11 Oct 2025 15:46:00,0.009
11 Oct 2025 15:49:30,-0.095
11 Oct 2025 15:56:30,-0.098
11 Oct 2025 16:01:00,-0.118
11 Oct 2025 16:03:00,-0.080
11 Oct 2025 16:04:30,-0.033
11 Oct 2025 16:06:30,-0.048
11 Oct 2025 16:09:45,-0.090
11 Oct 2025 16:19:15,-0.065
11 Oct 2025 16:24:30,-0.057
11 Oct 2025 16:25:15,-0.041
11 Oct 2025 16:25:30,-0.057
11 Oct 2025 16:25:45,-0.056
11 Oct 2025 16:27:45,-0.091
11 Oct 2025 16:28:15,-0.071
11 Oct 2025 16:31:00,-0.005
11 Oct 2025 16:32:45,-0.116
11 Oct 2025 16:35:30,-0.053
11 Oct 2025 16:37:30,-0.053
11 Oct 2025 16:38:00,-0.078
11 Oct 2025 16:40:00,-0.065
11 Oct 2025 16:43:45,-0.066
11 Oct 2025 16:44:45,-0.030
11 Oct 2025 16:46:15,-0.068
11 Oct 2025 16:47:45,-0.042
11 Oct 2025 16:48:15,-0.079
11 Oct 2025 16:49:30,-0.093
11 Oct 2025 16:50:15,-0.054
11 Oct 2025 16:50:45,-0.079
11 Oct 2025 16:54:30,-0.067
11 Oct 2025 16:55:00,-0.054
11 Oct 2025 16:55:45,-0.079
11 Oct 2025 16:57:00,-0.073
11 Oct 2025 17:01:30,-0.134
11 Oct 2025 17:03:00,-0.102
11 Oct 2025 17:05:00,-0.037
11 Oct 2025 17:05:30,-0.102
11 Oct 2025 17:09:00,-0.033
11 Oct 2025 17:10:15,-0.087
11 Oct 2025 17:12:00,-0.011
11 Oct 2025 17:13:15,-0.040
11 Oct 2025 17:13:30,-0.072
11 Oct 2025 17:14:00,-0.020
11 Oct 2025 17:19:30,-0.035
11 Oct 2025 17:21:00,-0.072
11 Oct 2025 17:21:15,-0.095
11 Oct 2025 17:21:30,-0.083
11 Oct 2025 17:30:45,-0.022
11 Oct 2025 17:31:45,-0.107
11 Oct 2025 17:32:00,-0.077
11 Oct 2025 17:34:45,-0.086
11 Oct 2025 17:37:30,-0.063
11 Oct 2025 17:46:30,-0.085
11 Oct 2025 17:48:15,-0.009
11 Oct 2025 17:49:45,-0.020
11 Oct 2025 17:50:15,-0.049
11 Oct 2025 17:57:15,-0.030
11 Oct 2025 17:59:45,-0.054
11 Oct 2025 18:06:00,-0.095
11 Oct 2025 18:06:45,-0.040
11 Oct 2025 18:08:30,-0.063
11 Oct 2025 18:11:45,-0.033
11 Oct 2025 18:12:15,-0.018
11 Oct 2025 18:15:00,-0.067
11 Oct 2025 18:16:30,-0.033
11 Oct 2025 18:17:00,-0.033
11 Oct 2025 18:17:45,-0.034
11 Oct 2025 18:19:45,-0.018
11 Oct 2025 18:22:00,-0.025
11 Oct 2025 18:23:00,-0.031
11 Oct 2025 18:25:00,-0.018
11 Oct 2025 18:25:15,-0.017
11 Oct 2025 18:27:15,-0.034
11 Oct 2025 18:29:00,0.003
11 Oct 2025 18:31:15,0.021
11 Oct 2025 18:31:30,-0.171
11 Oct 2025 18:31:45,-0.073
11 Oct 2025 18:32:00,-0.007
11 Oct 2025 18:32:15,-0.035
11 Oct 2025 18:33:00,-0.060
11 Oct 2025 18:33:30,-0.045
11 Oct 2025 18:43:15,-0.016
11 Oct 2025 18:44:00,-0.024
11 Oct 2025 18:47:00,0.013
11 Oct 2025 18:49:15,0.054
11 Oct 2025 18:50:15,-0.031
11 Oct 2025 18:52:30,0.009
11 Oct 2025 18:53:45,0.021
11 Oct 2025 18:54:45,-0.019
11 Oct 2025 18:58:00,-0.020
11 Oct 2025 18:58:30,-0.036
11 Oct 2025 19:08:00,-0.019
11 Oct 2025 19:08:30,-0.017
11 Oct 2025 19:10:00,0.003
11 Oct 2025 19:12:45,-0.028
11 Oct 2025 19:18:30,0.035
11 Oct 2025 19:21:15,-0.041
11 Oct 2025 19:25:45,0.030
11 Oct 2025 19:28:15,0.008
11 Oct 2025 19:28:30,0.029
11 Oct 2025 19:29:45,-0.007
11 Oct 2025 19:30:30,0.019
11 Oct 2025 19:31:15,-0.030
11 Oct 2025 19:31:45,0.001
11 Oct 2025 19:34:15,-0.025
11 Oct 2025 19:35:30,-0.041
11 Oct 2025 19:35:45,0.086
11 Oct 2025 19:36:00,0.019
11 Oct 2025 19:38:15,0.004
11 Oct 2025 19:45:00,-0.028
11 Oct 2025 19:45:45,0.062
11 Oct 2025 19:46:45,0.035
11 Oct 2025 19:47:45,0.024
11 Oct 2025 19:48:15,0.056
11 Oct 2025 19:48:45,0.062
11 Oct 2025 19:49:30,-0.006
11 Oct 2025 19:52:00,0.013
11 Oct 2025 19:52:45,0.059
11 Oct 2025 20:00:45,0.050
11 Oct 2025 20:02:15,0.043
11 Oct 2025 20:03:45,-0.005
11 Oct 2025 20:05:30,0.027
11 Oct 2025 20:06:15,0.082
11 Oct 2025 20:06:30,0.079
11 Oct 2025 20:09:00,-0.001
11 Oct 2025 20:10:15,0.040
11 Oct 2025 20:11:00,0.014
11 Oct 2025 20:14:15,0.070
11 Oct 2025 20:15:45,0.017
11 Oct 2025 20:18:30,0.002
11 Oct 2025 20:19:00,0.026
11 Oct 2025 20:21:00,0.072
11 Oct 2025 20:23:30,0.063
11 Oct 2025 20:26:15,0.007
11 Oct 2025 20:26:30,0.037
11 Oct 2025 20:27:45,0.012
11 Oct 2025 20:33:30,0.042
11 Oct 2025 20:36:30,0.050
11 Oct 2025 20:37:45,0.029
11 Oct 2025 20:39:30,0.084
11 Oct 2025 20:43:30,-0.026
11 Oct 2025 20:44:00,0.067
11 Oct 2025 20:44:15,-0.028
11 Oct 2025 20:49:00,0.097
11 Oct 2025 20:56:00,0.088
11 Oct 2025 20:56:45,0.079
11 Oct 2025 20:57:30,0.048
11 Oct 2025 21:04:00,0.004
11 Oct 2025 21:04:45,0.070
11 Oct 2025 21:07:30,0.031
11 Oct 2025 21:08:00,0.128
11 Oct 2025 21:09:30,0.062
11 Oct 2025 21:10:30,0.082
11 Oct 2025 21:11:15,0.071
11 Oct 2025 21:15:30,0.015
11 Oct 2025 21:20:30,0.036
11 Oct 2025 21:21:15,0.058
11 Oct 2025 21:22:45,0.052
11 Oct 2025 21:26:15,0.020
11 Oct 2025 21:31:30,0.089
11 Oct 2025 21:33:30,0.043
11 Oct 2025 21:33:45,0.083
11 Oct 2025 21:36:30,0.096
11 Oct 2025 21:40:00,0.158
11 Oct 2025 21:46:15,0.054
11 Oct 2025 21:51:30,0.134
11 Oct 2025 21:54:15,-0.032
11 Oct 2025 21:57:45,0.080
11 Oct 2025 21:59:30,0.069
11 Oct 2025 22:00:00,0.011
11 Oct 2025 22:02:15,0.058
11 Oct 2025 22:03:00,0.136
11 Oct 2025 22:03:15,0.020
11 Oct 2025 22:07:30,0.184
11 Oct 2025 22:10:30,0.062
11 Oct 2025 22:14:00,0.087
11 Oct 2025 22:16:30,0.135
11 Oct 2025 22:16:45,0.090
11 Oct 2025 22:18:00,0.039
11 Oct 2025 22:21:15,0.040
11 Oct 2025 22:22:45,0.039
11 Oct 2025 22:23:30,0.018
11 Oct 2025 22:25:45,0.197
11 Oct 2025 22:28:45,0.066
11 Oct 2025 22:33:00,0.115
11 Oct 2025 22:39:30,0.073
11 Oct 2025 22:41:45,0.022
11 Oct 2025 22:42:15,0.102
11 Oct 2025 22:44:45,0.134
11 Oct 2025 22:49:15,0.075
11 Oct 2025 22:52:30,0.092
11 Oct 2025 22:53:45,0.074
11 Oct 2025 22:54:15,0.103
11 Oct 2025 22:56:00,0.049
11 Oct 2025 22:58:45,0.159
11 Oct 2025 22:59:30,0.173
11 Oct 2025 23:08:30,0.134
11 Oct 2025 23:09:45,0.068
11 Oct 2025 23:10:00,0.073
11 Oct 2025 23:11:15,0.088
11 Oct 2025 23:12:00,0.120
11 Oct 2025 23:16:00,0.126
11 Oct 2025 23:17:45,0.033
11 Oct 2025 23:19:15,0.061
11 Oct 2025 23:22:30,0.062
11 Oct 2025 23:23:00,0.061
11 Oct 2025 23:25:00,0.065
11 Oct 2025 23:27:15,0.105
11 Oct 2025 23:30:00,0.119
11 Oct 2025 23:31:15,0.007
11 Oct 2025 23:31:30,0.082
11 Oct 2025 23:33:15,-0.003
11 Oct 2025 23:34:15,0.130
11 Oct 2025 23:36:45,0.033
11 Oct 2025 23:43:45,0.068
11 Oct 2025 23:47:30,0.013
11 Oct 2025 23:50:45,0.202
11 Oct 2025 23:55:45,0.034
11 Oct 2025 23:59:15,0.064
12 Oct 2025 00:01:30,0.114
12 Oct 2025 00:04:15,0.029
12 Oct 2025 00:07:45,0.049
12 Oct 2025 00:11:00,0.003
12 Oct 2025 00:19:15,-0.008
12 Oct 2025 00:19:30,0.092
12 Oct 2025 00:20:30,0.056
12 Oct 2025 00:21:15,0.061
12 Oct 2025 00:23:00,0.100
12 Oct 2025 00:23:45,-0.005
12 Oct 2025 00:25:15,0.104
12 Oct 2025 00:25:45,0.086
12 Oct 2025 00:28:15,0.090
12 Oct 2025 00:29:30,0.074
12 Oct 2025 00:30:15,0.113
12 Oct 2025 00:33:15,0.046
12 Oct 2025 00:39:45,0.052
12 Oct 2025 00:41:45,0.058
12 Oct 2025 00:46:00,0.089
12 Oct 2025 00:48:30,0.017
12 Oct 2025 00:53:30,0.052
12 Oct 2025 00:54:15,0.067
12 Oct 2025 00:56:15,-0.053
12 Oct 2025 00:58:45,0.041
12 Oct 2025 00:59:00,0.006
12 Oct 2025 00:59:30,0.079
12 Oct 2025 01:00:15,-0.009
12 Oct 2025 01:02:30,0.037
12 Oct 2025 01:05:00,0.095
12 Oct 2025 01:06:30,0.042
12 Oct 2025 01:08:45,-0.014
12 Oct 2025 01:14:30,0.036
12 Oct 2025 01:16:30,-0.045
12 Oct 2025 01:19:15,0.023
12 Oct 2025 01:21:00,0.005
12 Oct 2025 01:21:15,0.068
12 Oct 2025 01:27:15,0.058
12 Oct 2025 01:27:45,0.039
12 Oct 2025 01:29:45,0.004
12 Oct 2025 01:30:30,0.030
12 Oct 2025 01:32:15,0.051
12 Oct 2025 01:33:30,-0.019
12 Oct 2025 01:39:30,-0.020
12 Oct 2025 01:44:30,0.030
12 Oct 2025 01:44:45,-0.103
12 Oct 2025 01:45:45,-0.045
12 Oct 2025 01:46:15,0.008
12 Oct 2025 01:48:45,0.051
12 Oct 2025 01:49:00,-0.017
12 Oct 2025 01:51:00,0.019
12 Oct 2025 01:55:45,-0.030
12 Oct 2025 02:01:15,0.015
12 Oct 2025 02:02:45,-0.020
12 Oct 2025 02:05:45,0.045
12 Oct 2025 02:08:15,-0.073
12 Oct 2025 02:08:45,-0.099
12 Oct 2025 02:10:15,-0.105
12 Oct 2025 02:13:00,-0.112
12 Oct 2025 02:18:45,-0.019
12 Oct 2025 02:23:15,-0.061
12 Oct 2025 02:28:00,0.002
12 Oct 2025 02:29:00,-0.039
12 Oct 2025 02:29:45,-0.007
12 Oct 2025 02:31:45,-0.131
12 Oct 2025 02:33:00,-0.089
12 Oct 2025 02:34:00,-0.097
12 Oct 2025 02:37:15,-0.093
12 Oct 2025 02:39:45,0.004
12 Oct 2025 02:42:00,-0.034
12 Oct 2025 02:51:00,0.006
12 Oct 2025 02:53:45,-0.090
12 Oct 2025 03:00:30,-0.022
12 Oct 2025 03:02:30,0.043
12 Oct 2025 03:04:45,-0.161
12 Oct 2025 03:05:00,-0.127
12 Oct 2025 03:07:30,-0.098
12 Oct 2025 03:08:45,-0.092
12 Oct 2025 03:10:00,-0.065
12 Oct 2025 03:13:00,-0.111
12 Oct 2025 03:15:00,-0.028
12 Oct 2025 03:15:15,-0.078
12 Oct 2025 03:16:00,-0.062
12 Oct 2025 03:21:45,-0.036
12 Oct 2025 03:22:15,-0.086
12 Oct 2025 03:24:00,-0.047
12 Oct 2025 03:29:00,-0.087
12 Oct 2025 03:30:00,-0.148
12 Oct 2025 03:30:45,-0.087
12 Oct 2025 03:33:45,-0.069
12 Oct 2025 03:35:45,-0.090
12 Oct 2025 03:41:00,-0.184
12 Oct 2025 03:41:30,-0.084
12 Oct 2025 03:42:00,-0.016
12 Oct 2025 03:46:15,-0.134
12 Oct 2025 03:47:45,-0.117
12 Oct 2025 03:50:00,-0.076
12 Oct 2025 03:51:00,-0.149
12 Oct 2025 03:52:00,-0.096
12 Oct 2025 03:53:00,-0.079
12 Oct 2025 03:53:15,-0.219
12 Oct 2025 03:54:30,-0.041
12 Oct 2025 04:02:15,-0.093
12 Oct 2025 04:03:15,-0.087
12 Oct 2025 04:04:15,-0.111
12 Oct 2025 04:04:30,-0.077
12 Oct 2025 04:04:45,-0.087
12 Oct 2025 04:09:15,-0.137
12 Oct 2025 04:10:00,-0.084
12 Oct 2025 04:11:15,-0.107
12 Oct 2025 04:11:30,-0.071
12 Oct 2025 04:13:30,-0.095
12 Oct 2025 04:21:00,-0.176
12 Oct 2025 04:22:00,-0.114
12 Oct 2025 04:22:30,-0.092
12 Oct 2025 04:23:00,-0.175
12 Oct 2025 04:28:30,-0.066
12 Oct 2025 04:30:15,-0.030
12 Oct 2025 04:30:45,-0.176
12 Oct 2025 04:33:15,-0.152
12 Oct 2025 04:34:00,-0.102
12 Oct 2025 04:34:45,-0.174
12 Oct 2025 04:36:15,-0.129
12 Oct 2025 04:37:00,-0.109
12 Oct 2025 04:37:15,-0.148
12 Oct 2025 04:40:00,-0.001
12 Oct 2025 04:42:00,-0.118
12 Oct 2025 04:42:30,-0.074
12 Oct 2025 04:42:45,-0.097
12 Oct 2025 04:43:45,-0.142
12 Oct 2025 04:47:15,-0.127
12 Oct 2025 04:48:15,-0.079
12 Oct 2025 04:49:45,-0.131
12 Oct 2025 04:53:00,-0.127
12 Oct 2025 04:56:30,-0.105
12 Oct 2025 04:57:00,-0.037
12 Oct 2025 04:57:30,-0.062
12 Oct 2025 04:58:00,-0.057
12 Oct 2025 05:02:00,-0.143
12 Oct 2025 05:03:15,-0.100
12 Oct 2025 05:04:15,-0.119
12 Oct 2025 05:04:45,-0.149
12 Oct 2025 05:08:15,-0.123
12 Oct 2025 05:12:15,-0.110
12 Oct 2025 05:16:30,-0.142
12 Oct 2025 05:18:00,-0.100
12 Oct 2025 05:19:15,-0.116
12 Oct 2025 05:20:30,-0.021
12 Oct 2025 05:20:45,-0.116
12 Oct 2025 05:21:15,-0.036
12 Oct 2025 05:26:45,-0.073
12 Oct 2025 05:27:00,-0.083
12 Oct 2025 05:33:00,0.001
12 Oct 2025 05:34:00,-0.102
12 Oct 2025 05:37:30,-0.139
12 Oct 2025 05:43:45,-0.203
12 Oct 2025 05:48:00,-0.157
12 Oct 2025 05:51:00,-0.077
12 Oct 2025 05:52:30,-0.166
12 Oct 2025 05:55:00,-0.013
12 Oct 2025 05:56:00,-0.140
12 Oct 2025 05:56:30,-0.102
12 Oct 2025 05:59:00,-0.148
12 Oct 2025 06:06:45,-0.076
12 Oct 2025 06:11:45,-0.083
12 Oct 2025 06:12:30,-0.133
12 Oct 2025 06:16:30,-0.062
12 Oct 2025 06:17:45,-0.055
12 Oct 2025 06:18:45,-0.043
12 Oct 2025 06:19:15,-0.112
12 Oct 2025 06:24:15,-0.093
12 Oct 2025 06:25:30,-0.047
12 Oct 2025 06:28:15,-0.024
12 Oct 2025 06:30:15,-0.039
12 Oct 2025 06:34:15,-0.060
12 Oct 2025 06:35:00,-0.124
12 Oct 2025 06:36:00,-0.015
12 Oct 2025 06:37:30,-0.062
12 Oct 2025 06:42:00,-0.202
12 Oct 2025 06:44:45,-0.189
12 Oct 2025 06:46:00,-0.083
12 Oct 2025 06:47:30,-0.112
12 Oct 2025 06:48:45,-0.051
12 Oct 2025 06:49:45,-0.071
12 Oct 2025 06:51:00,-0.023
12 Oct 2025 06:53:45,-0.112
12 Oct 2025 06:55:15,-0.049
12 Oct 2025 06:59:30,-0.057
12 Oct 2025 07:00:30,-0.081
12 Oct 2025 07:01:30,-0.083
12 Oct 2025 07:02:15,-0.152
12 Oct 2025 07:06:00,-0.035
12 Oct 2025 07:06:45,-0.099
12 Oct 2025 07:08:00,-0.041
12 Oct 2025 07:13:00,-0.079
12 Oct 2025 07:13:45,-0.091
12 Oct 2025 07:14:00,-0.055
12 Oct 2025 07:19:30,-0.049
12 Oct 2025 07:24:15,-0.013
12 Oct 2025 07:25:15,-0.087
12 Oct 2025 07:27:30,-0.030
12 Oct 2025 07:33:15,0.048
12 Oct 2025 07:37:45,-0.066
12 Oct 2025 07:41:15,-0.032
12 Oct 2025 07:42:45,-0.065
12 Oct 2025 07:43:45,0.003
12 Oct 2025 07:44:15,-0.038
12 Oct 2025 07:46:45,0.085
12 Oct 2025 07:49:45,0.036
12 Oct 2025 07:50:00,-0.016
12 Oct 2025 07:50:15,-0.034
12 Oct 2025 07:52:45,-0.033
12 Oct 2025 07:54:30,-0.002
12 Oct 2025 07:55:00,0.028
12 Oct 2025 07:55:15,-0.113
12 Oct 2025 07:58:15,-0.049
12 Oct 2025 07:58:45,-0.018
12 Oct 2025 08:02:00,-0.026
12 Oct 2025 08:02:15,-0.055
12 Oct 2025 08:03:30,0.013
12 Oct 2025 08:05:30,-0.099
12 Oct 2025 08:10:15,0.147
12 Oct 2025 08:10:30,-0.088
12 Oct 2025 08:12:00,-0.002
12 Oct 2025 08:14:45,0.007
12 Oct 2025 08:16:00,0.054
12 Oct 2025 08:18:30,-0.008
12 Oct 2025 08:21:00,-0.037
12 Oct 2025 08:24:15,0.082
12 Oct 2025 08:25:15,-0.042
12 Oct 2025 08:40:00,0.029
12 Oct 2025 08:44:15,-0.013
12 Oct 2025 08:44:30,0.040
12 Oct 2025 08:45:00,-0.021
12 Oct 2025 08:46:00,0.085
12 Oct 2025 08:50:45,0.023
12 Oct 2025 08:52:45,-0.107
12 Oct 2025 08:53:30,-0.037
12 Oct 2025 08:56:30,0.065
12 Oct 2025 08:57:15,0.230
12 Oct 2025 08:57:45,0.127
12 Oct 2025 09:02:00,-0.003
12 Oct 2025 09:06:15,0.110
12 Oct 2025 09:07:00,0.090
12 Oct 2025 09:15:00,0.046
12 Oct 2025 09:15:15,0.034
12 Oct 2025 09:17:00,0.115
12 Oct 2025 09:17:15,0.077
12 Oct 2025 09:17:45,0.032
12 Oct 2025 09:20:00,0.027
12 Oct 2025 09:26:00,0.145
12 Oct 2025 09:26:15,0.259
12 Oct 2025 09:27:45,0.158
12 Oct 2025 09:28:45,0.036
12 Oct 2025 09:29:00,0.109
12 Oct 2025 09:30:45,0.029
12 Oct 2025 09:31:00,0.109
12 Oct 2025 09:35:45,0.157
12 Oct 2025 09:38:00,0.113
12 Oct 2025 09:39:00,0.164
12 Oct 2025 09:41:00,0.087
12 Oct 2025 09:45:00,0.147
12 Oct 2025 09:45:45,0.046
12 Oct 2025 09:46:00,0.102
12 Oct 2025 09:47:00,-0.027
12 Oct 2025 09:47:30,0.143
12 Oct 2025 10:08:15,0.054
12 Oct 2025 10:09:45,0.201
12 Oct 2025 10:11:15,0.074
12 Oct 2025 10:13:00,0.105
12 Oct 2025 10:13:30,0.162
12 Oct 2025 10:14:15,0.104
12 Oct 2025 10:15:30,0.099
12 Oct 2025 10:15:45,0.130
12 Oct 2025 10:16:30,0.118
12 Oct 2025 10:16:45,0.105
12 Oct 2025 10:18:00,0.163
12 Oct 2025 10:20:15,0.207
12 Oct 2025 10:20:30,0.122
12 Oct 2025 10:23:15,0.169
12 Oct 2025 10:24:00,0.247
12 Oct 2025 10:24:15,0.178
12 Oct 2025 10:25:00,0.134
12 Oct 2025 10:26:15,0.105
12 Oct 2025 10:28:00,0.226
12 Oct 2025 10:30:15,0.174
12 Oct 2025 10:31:15,0.180
12 Oct 2025 10:33:45,0.154
12 Oct 2025 10:34:15,0.207
12 Oct 2025 10:35:00,0.273
12 Oct 2025 10:36:00,0.182
12 Oct 2025 10:44:45,0.178
12 Oct 2025 10:48:30,0.099
12 Oct 2025 10:49:15,0.035
12 Oct 2025 10:51:45,0.089
12 Oct 2025 10:52:45,0.136
12 Oct 2025 10:53:30,0.236
12 Oct 2025 10:53:45,0.165
12 Oct 2025 10:54:00,0.194
12 Oct 2025 10:54:15,0.101
12 Oct 2025 10:56:15,0.139
12 Oct 2025 10:58:00,0.117
12 Oct 2025 10:59:00,0.145
12 Oct 2025 11:01:15,0.129
12 Oct 2025 11:03:00,0.134
12 Oct 2025 11:06:45,0.075
12 Oct 2025 11:09:15,0.095
12 Oct 2025 11:11:30,0.174
12 Oct 2025 11:11:45,0.176
12 Oct 2025 11:12:30,0.141
12 Oct 2025 11:12:45,0.245
12 Oct 2025 11:13:15,0.182
12 Oct 2025 11:15:45,0.196
12 Oct 2025 11:18:15,0.068
12 Oct 2025 11:20:00,0.207
12 Oct 2025 11:20:15,0.153
12 Oct 2025 11:22:30,0.139
12 Oct 2025 11:24:45,0.182
12 Oct 2025 11:29:45,0.171
12 Oct 2025 11:30:45,0.179
12 Oct 2025 11:31:15,0.077
12 Oct 2025 11:32:30,0.150
12 Oct 2025 11:35:45,0.099
12 Oct 2025 11:38:00,0.073
12 Oct 2025 11:40:30,0.202
12 Oct 2025 11:41:45,-0.055
12 Oct 2025 11:42:15,0.112
12 Oct 2025 11:42:30,0.128
12 Oct 2025 11:43:45,0.130
12 Oct 2025 11:45:15,0.117
12 Oct 2025 11:45:30,0.190
12 Oct 2025 11:47:15,0.079
12 Oct 2025 11:52:45,0.197
12 Oct 2025 11:58:15,0.167
12 Oct 2025 12:02:00,0.234
12 Oct 2025 12:03:30,0.117
12 Oct 2025 12:07:15,0.162
12 Oct 2025 12:09:00,0.133
12 Oct 2025 12:10:00,0.041
12 Oct 2025 12:17:00,0.166
12 Oct 2025 12:20:15,0.129
12 Oct 2025 12:32:30,0.185
12 Oct 2025 12:36:45,0.131
12 Oct 2025 12:38:00,0.177
12 Oct 2025 12:39:00,0.182
12 Oct 2025 12:42:30,0.174
12 Oct 2025 12:43:45,0.149
12 Oct 2025 12:44:45,0.187
12 Oct 2025 12:47:30,0.202
12 Oct 2025 12:49:15,0.158
12 Oct 2025 12:51:00,0.101
12 Oct 2025 12:52:00,0.199
12 Oct 2025 12:53:30,0.135
12 Oct 2025 12:57:30,0.108
12 Oct 2025 12:59:00,0.113
12 Oct 2025 13:00:45,0.141
12 Oct 2025 13:02:15,0.167
12 Oct 2025 13:02:30,0.117
12 Oct 2025 13:07:15,0.193
12 Oct 2025 13:10:30,0.120
12 Oct 2025 13:10:45,0.202
12 Oct 2025 13:13:15,0.174
12 Oct 2025 13:14:30,0.145
12 Oct 2025 13:20:30,0.102
12 Oct 2025 13:21:00,0.140
12 Oct 2025 13:22:00,0.124
12 Oct 2025 13:22:15,0.131
12 Oct 2025 13:27:00,0.079
12 Oct 2025 13:29:15,0.120
12 Oct 2025 13:30:00,0.152
12 Oct 2025 13:32:45,0.158
12 Oct 2025 13:33:45,0.145
12 Oct 2025 13:34:30,0.114
12 Oct 2025 13:40:45,0.111
12 Oct 2025 13:45:45,0.087
12 Oct 2025 13:47:45,0.083
12 Oct 2025 13:52:00,0.058
12 Oct 2025 13:54:30,0.110
12 Oct 2025 13:54:45,0.126
12 Oct 2025 13:55:15,0.105
12 Oct 2025 13:55:30,0.149
12 Oct 2025 13:56:00,0.120
12 Oct 2025 13:59:30,0.083
12 Oct 2025 14:00:30,0.053
12 Oct 2025 14:01:00,0.055
12 Oct 2025 14:04:45,0.100
12 Oct 2025 14:05:45,0.102
12 Oct 2025 14:08:15,0.076
12 Oct 2025 14:09:15,0.063
12 Oct 2025 14:13:45,0.056
12 Oct 2025 14:14:45,0.070
12 Oct 2025 14:18:45,0.078
12 Oct 2025 14:19:45,0.094
12 Oct 2025 14:25:00,0.081
12 Oct 2025 14:30:15,0.077
12 Oct 2025 14:33:15,0.089
12 Oct 2025 14:33:30,0.042
12 Oct 2025 14:35:00,0.078
12 Oct 2025 14:35:15,0.059
12 Oct 2025 14:38:30,0.055
12 Oct 2025 14:39:45,0.056
12 Oct 2025 14:42:45,0.049
12 Oct 2025 14:45:00,0.007
12 Oct 2025 14:45:45,0.006
12 Oct 2025 14:46:45,0.013
12 Oct 2025 14:51:00,0.015
12 Oct 2025 14:58:15,0.081
12 Oct 2025 15:00:30,0.035
12 Oct 2025 15:03:00,0.035
12 Oct 2025 15:05:30,0.029
12 Oct 2025 15:09:45,0.058
12 Oct 2025 15:11:15,0.006
12 Oct 2025 15:12:45,0.033
12 Oct 2025 15:15:45,0.046
12 Oct 2025 15:18:00,0.043
12 Oct 2025 15:23:00,0.036
12 Oct 2025 15:23:30,0.008
12 Oct 2025 15:23:45,-0.006
12 Oct 2025 15:24:45,0.011
12 Oct 2025 15:25:45,0.024
12 Oct 2025 15:26:15,0.029
12 Oct 2025 15:26:45,0.009
12 Oct 2025 15:33:00,0.021
12 Oct 2025 15:34:45,0.049
12 Oct 2025 15:36:15,0.042
12 Oct 2025 15:36:45,-0.008
12 Oct 2025 15:38:00,0.037
12 Oct 2025 15:38:30,0.001
12 Oct 2025 15:39:00,0.035
12 Oct 2025 15:41:15,0.034
12 Oct 2025 15:44:00,-0.031
12 Oct 2025 15:48:15,0.019
12 Oct 2025 15:48:45,-0.017
12 Oct 2025 15:49:45,0.023
12 Oct 2025 15:51:15,-0.027
12 Oct 2025 15:51:30,0.000
12 Oct 2025 15:54:00,-0.017
12 Oct 2025 15:58:15,-0.046
12 Oct 2025 15:59:45,-0.008
12 Oct 2025 16:01:45,0.034
12 Oct 2025 16:02:00,-0.017
12 Oct 2025 16:02:15,-0.017
12 Oct 2025 16:02:30,-0.004
12 Oct 2025 16:08:45,-0.038
12 Oct 2025 16:09:00,-0.040
12 Oct 2025 16:10:45,0.024
12 Oct 2025 16:16:00,-0.044
12 Oct 2025 16:16:15,0.014
12 Oct 2025 16:19:45,-0.031
12 Oct 2025 16:20:00,-0.031
12 Oct 2025 16:22:15,-0.011
12 Oct 2025 16:27:00,-0.021
12 Oct 2025 16:27:45,-0.006
12 Oct 2025 16:28:00,0.009
12 Oct 2025 16:29:15,0.002
12 Oct 2025 16:30:00,-0.033
12 Oct 2025 16:31:15,-0.018
12 Oct 2025 16:32:00,-0.005
12 Oct 2025 16:36:00,-0.067
12 Oct 2025 16:36:15,-0.027
12 Oct 2025 16:37:15,-0.002
12 Oct 2025 16:38:30,-0.025
12 Oct 2025 16:39:15,0.015
12 Oct 2025 16:39:30,-0.018
12 Oct 2025 16:40:15,-0.048
12 Oct 2025 16:45:15,-0.028
12 Oct 2025 16:46:30,-0.006
12 Oct 2025 16:47:45,0.015
12 Oct 2025 16:49:15,0.011
12 Oct 2025 16:50:00,0.005
12 Oct 2025 16:53:45,-0.013
12 Oct 2025 16:56:15,0.004
12 Oct 2025 16:58:30,-0.008
12 Oct 2025 17:00:15,-0.036
12 Oct 2025 17:04:45,-0.066
12 Oct 2025 17:06:00,-0.014
12 Oct 2025 17:11:00,-0.037
12 Oct 2025 17:15:00,-0.016
12 Oct 2025 17:17:15,-0.035
12 Oct 2025 17:18:45,-0.031
12 Oct 2025 17:19:30,-0.043
12 Oct 2025 17:20:30,-0.021
12 Oct 2025 17:22:15,-0.082
12 Oct 2025 17:25:00,-0.068
12 Oct 2025 17:27:30,-0.018
12 Oct 2025 17:31:30,0.008
12 Oct 2025 17:31:45,-0.074
12 Oct 2025 17:32:45,-0.004
12 Oct 2025 17:33:00,-0.067
12 Oct 2025 17:33:30,-0.040
12 Oct 2025 17:35:00,-0.009
12 Oct 2025 17:36:15,-0.063
12 Oct 2025 17:38:45,-0.068
12 Oct 2025 17:39:00,-0.010
12 Oct 2025 17:39:15,-0.053
12 Oct 2025 17:43:00,-0.029
12 Oct 2025 17:45:00,-0.075
12 Oct 2025 17:46:45,-0.014
12 Oct 2025 17:49:00,-0.049
12 Oct 2025 17:50:30,-0.064
12 Oct 2025 17:51:45,-0.061
12 Oct 2025 17:54:00,-0.052
12 Oct 2025 17:57:45,-0.028
12 Oct 2025 18:06:00,-0.058
12 Oct 2025 18:07:00,-0.004
12 Oct 2025 18:11:15,-0.001
12 Oct 2025 18:14:00,-0.032
12 Oct 2025 18:14:15,-0.010
12 Oct 2025 18:16:45,-0.041
12 Oct 2025 18:19:30,0.018
12 Oct 2025 18:19:45,-0.014
12 Oct 2025 18:23:15,-0.017
12 Oct 2025 18:24:15,0.003
12 Oct 2025 18:25:45,-0.013
12 Oct 2025 18:26:30,-0.066
12 Oct 2025 18:26:45,-0.053
12 Oct 2025 18:31:45,-0.015
12 Oct 2025 18:33:45,-0.027
12 Oct 2025 18:34:45,0.000
12 Oct 2025 18:35:15,0.042
12 Oct 2025 18:35:45,-0.040
12 Oct 2025 18:37:45,-0.052
12 Oct 2025 18:39:30,-0.063
12 Oct 2025 18:41:30,-0.054
12 Oct 2025 18:41:45,-0.025
12 Oct 2025 18:45:30,0.021
12 Oct 2025 18:48:30,-0.028
12 Oct 2025 18:52:30,-0.068
12 Oct 2025 18:53:15,0.004
12 Oct 2025 18:53:45,-0.061
12 Oct 2025 19:00:00,-0.054
12 Oct 2025 19:02:45,0.003
12 Oct 2025 19:03:15,-0.063
12 Oct 2025 19:05:45,0.021
12 Oct 2025 19:06:30,-0.046
12 Oct 2025 19:07:15,-0.103
12 Oct 2025 19:08:45,-0.038
12 Oct 2025 19:10:15,-0.010
12 Oct 2025 19:15:15,-0.031
12 Oct 2025 19:16:30,0.018
12 Oct 2025 19:22:15,-0.046
12 Oct 2025 19:24:30,-0.041
12 Oct 2025 19:25:15,-0.024
12 Oct 2025 19:26:45,-0.033
12 Oct 2025 19:32:15,-0.001
12 Oct 2025 19:32:30,-0.058
12 Oct 2025 19:32:45,-0.091
12 Oct 2025 19:34:30,-0.035
12 Oct 2025 19:36:00,-0.039
12 Oct 2025 19:38:30,0.013
12 Oct 2025 19:39:45,-0.008
12 Oct 2025 19:42:00,0.033
12 Oct 2025 19:42:30,-0.041
12 Oct 2025 19:48:15,0.003
12 Oct 2025 19:51:00,-0.031
12 Oct 2025 19:53:15,-0.097
12 Oct 2025 19:53:45,-0.036
12 Oct 2025 19:54:15,-0.012
12 Oct 2025 19:59:15,0.003
12 Oct 2025 20:01:30,-0.003
12 Oct 2025 20:02:15,-0.046
12 Oct 2025 20:02:30,0.022
12 Oct 2025 20:06:00,-0.059
12 Oct 2025 20:06:30,0.013
12 Oct 2025 20:12:00,0.059
12 Oct 2025 20:15:45,-0.033
12 Oct 2025 20:18:45,-0.026
12 Oct 2025 20:19:45,0.015
12 Oct 2025 20:21:15,0.007
12 Oct 2025 20:22:00,-0.032
12 Oct 2025 20:22:30,-0.056
12 Oct 2025 20:31:30,0.028
12 Oct 2025 20:33:00,-0.071
12 Oct 2025 20:35:45,0.078
12 Oct 2025 20:37:45,0.012
12 Oct 2025 20:41:45,-0.020
12 Oct 2025 20:44:00,-0.042
12 Oct 2025 20:45:00,-0.003
12 Oct 2025 20:49:15,0.026
12 Oct 2025 20:49:45,-0.027
12 Oct 2025 20:52:15,0.040
12 Oct 2025 20:54:30,0.062
12 Oct 2025 20:56:00,0.011
12 Oct 2025 20:56:30,-0.012
12 Oct 2025 20:57:15,-0.003
12 Oct 2025 20:58:00,-0.028
12 Oct 2025 21:01:30,0.008
12 Oct 2025 21:02:30,-0.034
12 Oct 2025 21:06:45,0.022
12 Oct 2025 21:07:00,0.045
12 Oct 2025 21:09:15,0.012
12 Oct 2025 21:10:30,-0.004
12 Oct 2025 21:11:15,0.100
12 Oct 2025 21:14:45,-0.011
12 Oct 2025 21:16:00,0.041
12 Oct 2025 21:17:30,0.018
12 Oct 2025 21:27:00,0.059
12 Oct 2025 21:27:15,0.027
12 Oct 2025 21:28:00,-0.011
12 Oct 2025 21:31:00,0.003
12 Oct 2025 21:33:00,-0.024
12 Oct 2025 21:34:30,0.054
12 Oct 2025 21:35:30,0.084
12 Oct 2025 21:38:00,0.105
12 Oct 2025 21:41:00,0.039
12 Oct 2025 21:41:30,0.038
12 Oct 2025 21:43:45,0.098
12 Oct 2025 21:44:00,0.062
12 Oct 2025 21:45:00,0.012
12 Oct 2025 21:46:15,0.034
12 Oct 2025 21:47:45,0.024
12 Oct 2025 21:48:30,0.028
12 Oct 2025 21:52:45,0.006
12 Oct 2025 21:53:00,0.053
12 Oct 2025 21:55:45,0.101
12 Oct 2025 21:58:30,0.100
12 Oct 2025 22:06:30,0.000
12 Oct 2025 22:07:15,0.059
12 Oct 2025 22:07:45,0.067
12 Oct 2025 22:08:30,0.135
12 Oct 2025 22:11:15,-0.017
12 Oct 2025 22:11:30,0.078
12 Oct 2025 22:19:45,0.037
12 Oct 2025 22:20:30,-0.037
12 Oct 2025 22:22:00,0.082
12 Oct 2025 22:23:00,0.034
12 Oct 2025 22:25:30,0.070
12 Oct 2025 22:25:45,0.075
12 Oct 2025 22:27:45,0.018
12 Oct 2025 22:32:45,0.131
12 Oct 2025 22:33:00,0.102
12 Oct 2025 22:33:45,0.051
12 Oct 2025 22:37:45,0.076
12 Oct 2025 22:42:30,0.045
12 Oct 2025 22:44:30,0.138
12 Oct 2025 22:46:30,0.096
12 Oct 2025 22:50:30,0.046
12 Oct 2025 22:52:45,0.052
12 Oct 2025 22:54:45,0.032
12 Oct 2025 22:56:30,0.056
12 Oct 2025 22:57:15,0.015
12 Oct 2025 22:58:15,0.086
12 Oct 2025 22:59:45,0.028
12 Oct 2025 23:01:45,0.120
12 Oct 2025 23:04:45,0.052
12 Oct 2025 23:05:45,0.151
12 Oct 2025 23:08:00,0.055
12 Oct 2025 23:09:30,0.062
12 Oct 2025 23:11:15,0.013
12 Oct 2025 23:12:15,0.045
12 Oct 2025 23:15:30,0.016
12 Oct 2025 23:18:15,0.089
12 Oct 2025 23:21:15,0.065
12 Oct 2025 23:23:45,0.129
12 Oct 2025 23:27:00,0.077
12 Oct 2025 23:28:15,0.068
12 Oct 2025 23:34:45,0.112
12 Oct 2025 23:35:30,0.077
12 Oct 2025 23:38:30,0.003
12 Oct 2025 23:40:15,0.096
12 Oct 2025 23:42:00,0.044
12 Oct 2025 23:42:30,0.046
12 Oct 2025 23:43:00,0.075
12 Oct 2025 23:44:15,0.077
12 Oct 2025 23:45:00,0.022
12 Oct 2025 23:47:00,0.089
12 Oct 2025 23:47:15,0.079
12 Oct 2025 23:48:30,0.137
12 Oct 2025 23:49:45,0.099
12 Oct 2025 23:52:15,0.093
12 Oct 2025 23:52:30,0.075
12 Oct 2025 23:55:30,0.076
12 Oct 2025 23:57:15,0.110
12 Oct 2025 23:57:30,0.100
12 Oct 2025 23:59:30,0.084
13 Oct 2025 00:00:00,0.062
13 Oct 2025 00:01:15,0.112
13 Oct 2025 00:04:45,0.103
13 Oct 2025 00:09:45,0.090
13 Oct 2025 00:10:15,0.069
13 Oct 2025 00:15:15,0.049
13 Oct 2025 00:17:00,0.064
13 Oct 2025 00:20:45,0.130
13 Oct 2025 00:21:30,0.086
13 Oct 2025 00:23:45,0.065
13 Oct 2025 00:27:15,0.121
13 Oct 2025 00:30:00,0.105
13 Oct 2025 00:31:00,0.076
13 Oct 2025 00:32:45,0.131
13 Oct 2025 00:35:00,0.108
13 Oct 2025 00:41:15,0.019
13 Oct 2025 00:42:00,0.016
13 Oct 2025 00:42:30,0.074
13 Oct 2025 00:46:30,0.040
13 Oct 2025 00:48:15,0.093
13 Oct 2025 00:52:30,0.063
13 Oct 2025 00:54:45,0.074
13 Oct 2025 00:55:00,0.057
13 Oct 2025 01:04:45,0.047
13 Oct 2025 01:05:15,0.065
13 Oct 2025 01:05:30,0.031
13 Oct 2025 01:06:00,0.121
13 Oct 2025 01:06:30,0.038
13 Oct 2025 01:07:45,0.008
13 Oct 2025 01:08:30,0.055
13 Oct 2025 01:09:00,0.041
13 Oct 2025 01:09:45,0.040
13 Oct 2025 01:10:45,0.090
13 Oct 2025 01:12:15,0.130
13 Oct 2025 01:13:15,0.061
13 Oct 2025 01:14:15,0.022
13 Oct 2025 01:17:30,0.029
13 Oct 2025 01:18:30,-0.012
13 Oct 2025 01:21:00,0.106
13 Oct 2025 01:23:15,0.006
13 Oct 2025 01:23:30,0.046
13 Oct 2025 01:24:30,0.027
13 Oct 2025 01:25:15,0.011
13 Oct 2025 01:27:15,0.092
13 Oct 2025 01:30:15,0.049
13 Oct 2025 01:31:45,0.038
13 Oct 2025 01:34:00,0.075
13 Oct 2025 01:40:15,0.027
13 Oct 2025 01:45:00,0.002
13 Oct 2025 01:45:15,0.037
13 Oct 2025 01:45:30,0.002
13 Oct 2025 01:47:15,0.161
13 Oct 2025 01:49:00,0.053
13 Oct 2025 01:49:15,0.063
13 Oct 2025 01:49:45,0.068
13 Oct 2025 01:51:30,0.086
13 Oct 2025 01:52:00,0.063
13 Oct 2025 01:55:00,0.049
13 Oct 2025 01:55:30,0.072
13 Oct 2025 02:04:45,0.086
13 Oct 2025 02:06:15,0.063
13 Oct 2025 02:07:15,0.065
13 Oct 2025 02:08:30,0.052
13 Oct 2025 02:10:45,0.065
13 Oct 2025 02:20:30,0.004
13 Oct 2025 02:21:45,0.037
13 Oct 2025 02:22:45,0.054
13 Oct 2025 02:24:30,0.058
13 Oct 2025 02:26:30,0.043
13 Oct 2025 02:28:15,0.040
13 Oct 2025 02:29:15,0.038
13 Oct 2025 02:33:00,0.069
13 Oct 2025 02:34:00,0.005
13 Oct 2025 02:34:45,0.003
13 Oct 2025 02:35:15,-0.038
13 Oct 2025 02:38:00,0.057
13 Oct 2025 02:38:15,-0.041
13 Oct 2025 02:39:15,0.063
13 Oct 2025 02:40:15,-0.011
13 Oct 2025 02:44:15,0.014
13 Oct 2025 02:47:15,0.001
13 Oct 2025 02:48:00,0.001
13 Oct 2025 02:49:30,-0.034
13 Oct 2025 02:52:00,0.010
13 Oct 2025 02:52:45,0.061
13 Oct 2025 02:56:45,-0.037
13 Oct 2025 02:57:45,-0.008
13 Oct 2025 03:01:30,-0.045
13 Oct 2025 03:05:15,0.005
13 Oct 2025 03:05:45,0.008
13 Oct 2025 03:07:45,0.017
13 Oct 2025 03:10:15,0.048
13 Oct 2025 03:13:30,-0.006
13 Oct 2025 03:18:15,0.014
13 Oct 2025 03:24:00,-0.005
13 Oct 2025 03:24:15,-0.024
13 Oct 2025 03:25:00,0.027
13 Oct 2025 03:26:45,0.045
13 Oct 2025 03:27:30,0.007
13 Oct 2025 03:28:00,0.015
13 Oct 2025 03:28:15,0.010
13 Oct 2025 03:28:45,0.033
13 Oct 2025 03:30:00,0.001
13 Oct 2025 03:31:45,-0.014
13 Oct 2025 03:36:00,-0.059
13 Oct 2025 03:41:15,0.005
13 Oct 2025 03:43:15,-0.084
13 Oct 2025 03:47:15,-0.085
13 Oct 2025 03:54:15,-0.019
13 Oct 2025 03:54:45,0.015
13 Oct 2025 03:58:00,-0.065
13 Oct 2025 04:01:15,-0.048
13 Oct 2025 04:01:30,-0.047
13 Oct 2025 04:03:15,-0.048
13 Oct 2025 04:06:30,-0.012
13 Oct 2025 04:09:30,-0.016
13 Oct 2025 04:09:45,-0.037
13 Oct 2025 04:10:15,0.000
13 Oct 2025 04:10:45,0.058
13 Oct 2025 04:12:30,-0.106
13 Oct 2025 04:14:30,-0.001
13 Oct 2025 04:17:15,-0.022
13 Oct 2025 04:17:45,-0.026
13 Oct 2025 04:18:00,-0.036
13 Oct 2025 04:18:30,-0.014
13 Oct 2025 04:19:45,-0.037
13 Oct 2025 04:20:15,-0.029
13 Oct 2025 04:21:45,0.052
13 Oct 2025 04:22:00,-0.066
13 Oct 2025 04:22:30,-0.007
13 Oct 2025 04:23:45,-0.053
13 Oct 2025 04:24:30,0.000
13 Oct 2025 04:26:15,-0.036
13 Oct 2025 04:26:30,-0.007
13 Oct 2025 04:26:45,-0.044
13 Oct 2025 04:28:30,-0.007
13 Oct 2025 04:29:45,-0.063
13 Oct 2025 04:31:15,-0.032
13 Oct 2025 04:32:00,-0.103
13 Oct 2025 04:33:00,-0.018
13 Oct 2025 04:33:30,-0.025
13 Oct 2025 04:33:45,0.014
13 Oct 2025 04:34:45,0.005
13 Oct 2025 04:35:00,-0.034
13 Oct 2025 04:41:45,-0.054
13 Oct 2025 04:44:00,-0.045
13 Oct 2025 04:46:00,-0.042
13 Oct 2025 04:50:30,0.023
13 Oct 2025 04:51:30,-0.026
13 Oct 2025 04:53:30,-0.057
13 Oct 2025 04:54:30,-0.079
13 Oct 2025 04:55:00,-0.004
13 Oct 2025 04:57:45,-0.057
13 Oct 2025 04:59:15,-0.027
13 Oct 2025 04:59:30,-0.013
13 Oct 2025 05:00:15,-0.077
13 Oct 2025 05:02:45,-0.030
13 Oct 2025 05:05:45,-0.022
13 Oct 2025 05:06:30,-0.068
13 Oct 2025 05:11:00,-0.130
13 Oct 2025 05:17:00,-0.044
13 Oct 2025 05:20:15,-0.038
13 Oct 2025 05:22:15,0.005
13 Oct 2025 05:24:00,-0.051
13 Oct 2025 05:24:15,-0.026
13 Oct 2025 05:24:45,-0.071
13 Oct 2025 05:25:30,-0.098
13 Oct 2025 05:26:30,-0.060
13 Oct 2025 05:30:00,-0.064
13 Oct 2025 05:31:15,-0.095
13 Oct 2025 05:32:45,-0.053
13 Oct 2025 05:33:00,-0.013
13 Oct 2025 05:35:15,0.027
13 Oct 2025 05:37:30,-0.053
13 Oct 2025 05:38:00,0.058
13 Oct 2025 05:39:45,-0.078
13 Oct 2025 05:40:45,-0.044
13 Oct 2025 05:41:15,-0.086
13 Oct 2025 05:44:45,-0.080
13 Oct 2025 05:46:45,-0.046
13 Oct 2025 05:49:15,-0.042
13 Oct 2025 05:52:00,-0.121
13 Oct 2025 05:52:15,-0.037
13 Oct 2025 05:56:00,-0.053
13 Oct 2025 05:56:45,-0.077
13 Oct 2025 06:05:30,-0.007
13 Oct 2025 06:05:45,-0.047
13 Oct 2025 06:06:15,-0.056
13 Oct 2025 06:07:30,0.006
13 Oct 2025 06:16:45,-0.102
13 Oct 2025 06:17:15,-0.048
13 Oct 2025 06:17:30,-0.029
13 Oct 2025 06:19:00,-0.067
13 Oct 2025 06:21:00,-0.064
13 Oct 2025 06:21:30,-0.081
13 Oct 2025 06:22:45,-0.034
13 Oct 2025 06:25:00,-0.097
13 Oct 2025 06:27:15,-0.037
13 Oct 2025 06:34:30,-0.018
13 Oct 2025 06:39:30,-0.057
13 Oct 2025 06:40:45,-0.020
13 Oct 2025 06:42:00,-0.033
13 Oct 2025 06:43:15,-0.054
13 Oct 2025 06:43:45,-0.077
13 Oct 2025 06:44:15,-0.095
13 Oct 2025 06:45:15,-0.083
13 Oct 2025 06:46:30,-0.026
13 Oct 2025 06:50:45,-0.091
13 Oct 2025 06:52:00,-0.044
13 Oct 2025 06:58:15,-0.003
13 Oct 2025 07:00:00,-0.024
13 Oct 2025 07:01:30,-0.061
13 Oct 2025 07:02:30,-0.083
13 Oct 2025 07:03:00,-0.046
13 Oct 2025 07:04:45,-0.092
13 Oct 2025 07:06:15,-0.093
13 Oct 2025 07:09:15,-0.091
13 Oct 2025 07:10:00,-0.086
13 Oct 2025 07:10:15,-0.019
13 Oct 2025 07:10:45,-0.026
13 Oct 2025 07:13:15,-0.061
13 Oct 2025 07:23:30,-0.054
13 Oct 2025 07:29:45,-0.070
13 Oct 2025 07:33:30,-0.033
13 Oct 2025 07:33:45,-0.044
13 Oct 2025 07:34:00,-0.040
13 Oct 2025 07:34:15,0.007
13 Oct 2025 07:37:45,-0.004
13 Oct 2025 07:45:30,0.001
13 Oct 2025 07:46:45,-0.095
13 Oct 2025 07:47:45,0.011
13 Oct 2025 07:49:30,-0.023
13 Oct 2025 07:50:00,-0.036
13 Oct 2025 07:51:00,-0.078
13 Oct 2025 07:53:45,-0.041
13 Oct 2025 07:54:00,0.027
13 Oct 2025 07:54:15,-0.003
13 Oct 2025 07:54:30,-0.066
13 Oct 2025 07:56:45,-0.094
13 Oct 2025 07:57:30,0.001
13 Oct 2025 07:58:45,-0.004
13 Oct 2025 07:59:45,-0.031
13 Oct 2025 08:02:30,-0.012
13 Oct 2025 08:03:00,-0.053
13 Oct 2025 08:04:30,-0.067
13 Oct 2025 08:05:45,0.011
13 Oct 2025 08:06:45,-0.056
13 Oct 2025 08:08:45,-0.154
13 Oct 2025 08:11:45,-0.036
13 Oct 2025 08:12:45,0.020
13 Oct 2025 08:14:15,-0.030
13 Oct 2025 08:17:00,0.016
13 Oct 2025 08:20:15,0.012
13 Oct 2025 08:25:00,-0.020
13 Oct 2025 08:25:30,-0.037
13 Oct 2025 08:26:45,-0.054
13 Oct 2025 08:27:00,-0.074
13 Oct 2025 08:27:30,-0.048
13 Oct 2025 08:27:45,-0.017
13 Oct 2025 08:30:15,0.000
13 Oct 2025 08:31:45,-0.056
13 Oct 2025 08:34:15,-0.033
13 Oct 2025 08:39:15,-0.034
13 Oct 2025 08:40:15,-0.005
13 Oct 2025 08:52:15,-0.001
13 Oct 2025 08:53:00,0.012
13 Oct 2025 08:57:00,-0.004
13 Oct 2025 08:57:45,-0.098
13 Oct 2025 08:58:15,-0.030
13 Oct 2025 08:59:00,0.026
13 Oct 2025 09:01:00,-0.001
13 Oct 2025 09:01:30,-0.027
13 Oct 2025 09:01:45,0.032
13 Oct 2025 09:02:15,0.053
13 Oct 2025 09:04:15,-0.040
13 Oct 2025 09:05:45,0.029
13 Oct 2025 09:07:30,-0.012
13 Oct 2025 09:10:15,0.004
13 Oct 2025 09:15:00,0.024
13 Oct 2025 09:15:30,-0.001
13 Oct 2025 09:18:00,0.029
13 Oct 2025 09:18:30,-0.010
13 Oct 2025 09:19:45,0.033
13 Oct 2025 09:22:30,-0.055
13 Oct 2025 09:23:45,0.012
13 Oct 2025 09:26:30,0.031
13 Oct 2025 09:27:45,0.029
13 Oct 2025 09:33:00,0.017
13 Oct 2025 09:34:45,0.045
13 Oct 2025 09:39:00,-0.012
13 Oct 2025 09:39:45,0.069
13 Oct 2025 09:42:00,0.015
13 Oct 2025 09:47:15,-0.008
13 Oct 2025 09:48:30,0.055
13 Oct 2025 09:49:30,0.011
13 Oct 2025 09:54:45,0.030
13 Oct 2025 09:56:30,0.084
13 Oct 2025 09:57:45,0.003
13 Oct 2025 09:59:30,0.066
13 Oct 2025 10:01:30,0.010
13 Oct 2025 10:05:00,0.096
13 Oct 2025 10:05:30,0.034
13 Oct 2025 10:06:15,0.111
13 Oct 2025 10:07:30,0.036
13 Oct 2025 10:13:00,0.064
13 Oct 2025 10:15:45,0.074
13 Oct 2025 10:16:00,0.038
13 Oct 2025 10:18:30,0.024
13 Oct 2025 10:23:15,0.074
13 Oct 2025 10:31:30,0.089
13 Oct 2025 10:32:30,0.081
13 Oct 2025 10:34:45,0.086
13 Oct 2025 10:37:45,0.132
13 Oct 2025 10:39:30,0.056
13 Oct 2025 10:45:45,0.075
13 Oct 2025 10:48:45,0.124
13 Oct 2025 10:50:30,0.139
13 Oct 2025 10:52:45,0.161
13 Oct 2025 10:55:00,0.090
13 Oct 2025 10:57:15,0.113
13 Oct 2025 10:57:45,0.109
13 Oct 2025 10:59:00,0.138
13 Oct 2025 10:59:45,0.063
13 Oct 2025 11:03:15,0.108
13 Oct 2025 11:07:30,0.075
13 Oct 2025 11:07:45,0.062
13 Oct 2025 11:11:30,0.093
13 Oct 2025 11:11:45,0.114
13 Oct 2025 11:13:15,0.190
13 Oct 2025 11:15:15,0.132
13 Oct 2025 11:17:15,0.049
13 Oct 2025 11:17:30,0.072
13 Oct 2025 11:20:45,0.100
13 Oct 2025 11:22:00,0.052
13 Oct 2025 11:23:45,0.092
13 Oct 2025 11:28:15,0.070
13 Oct 2025 11:28:45,0.103
13 Oct 2025 11:29:45,0.088
13 Oct 2025 11:31:00,0.088
13 Oct 2025 11:32:15,0.091
13 Oct 2025 11:32:45,0.139
13 Oct 2025 11:35:45,0.131
13 Oct 2025 11:37:30,0.086
13 Oct 2025 11:53:15,0.079
13 Oct 2025 11:53:30,0.144
13 Oct 2025 12:02:30,0.125
13 Oct 2025 12:05:30,0.176
13 Oct 2025 12:07:30,0.212
13 Oct 2025 12:09:00,0.151
13 Oct 2025 12:10:45,0.138
13 Oct 2025 12:11:30,0.117
13 Oct 2025 12:12:00,0.130
13 Oct 2025 12:15:15,0.140
13 Oct 2025 12:16:45,0.121
13 Oct 2025 12:17:30,0.139
13 Oct 2025 12:19:30,0.202
13 Oct 2025 12:20:45,0.147
13 Oct 2025 12:22:00,0.118
13 Oct 2025 12:23:45,0.172
13 Oct 2025 12:27:00,0.151
13 Oct 2025 12:28:45,0.117
13 Oct 2025 12:30:15,0.138
13 Oct 2025 12:33:30,0.183
13 Oct 2025 12:33:45,0.158
13 Oct 2025 12:38:00,0.114
13 Oct 2025 12:39:00,0.176
13 Oct 2025 12:42:15,0.115
13 Oct 2025 12:44:00,0.170
13 Oct 2025 12:44:15,0.137
13 Oct 2025 12:46:00,0.149
13 Oct 2025 12:49:00,0.145
13 Oct 2025 12:50:00,0.157
13 Oct 2025 12:53:30,0.166
13 Oct 2025 13:01:00,0.142
13 Oct 2025 13:04:15,0.134
13 Oct 2025 13:07:30,0.183
13 Oct 2025 13:08:30,0.136
13 Oct 2025 13:10:15,0.147
13 Oct 2025 13:12:00,0.198
13 Oct 2025 13:12:45,0.213
13 Oct 2025 13:17:45,0.186
13 Oct 2025 13:18:45,0.154
13 Oct 2025 13:19:45,0.155
13 Oct 2025 13:21:00,0.137
13 Oct 2025 13:22:00,0.155
13 Oct 2025 13:22:15,0.146
13 Oct 2025 13:23:45,0.183
13 Oct 2025 13:25:00,0.166
13 Oct 2025 13:26:00,0.141
13 Oct 2025 13:27:00,0.129
13 Oct 2025 13:27:45,0.142
13 Oct 2025 13:29:15,0.179
13 Oct 2025 13:30:45,0.131
13 Oct 2025 13:33:00,0.145
13 Oct 2025 13:33:45,0.118
13 Oct 2025 13:37:15,0.155
13 Oct 2025 13:40:15,0.126
13 Oct 2025 13:41:45,0.145
13 Oct 2025 13:42:00,0.136
13 Oct 2025 13:42:30,0.136
13 Oct 2025 13:43:15,0.136
13 Oct 2025 13:46:45,0.123
13 Oct 2025 13:48:00,0.172
13 Oct 2025 13:50:45,0.156
13 Oct 2025 13:51:00,0.138
13 Oct 2025 13:54:30,0.131
13 Oct 2025 13:55:45,0.144
13 Oct 2025 13:56:00,0.115
13 Oct 2025 13:57:30,0.137
13 Oct 2025 13:58:45,0.158
13 Oct 2025 14:03:00,0.116
13 Oct 2025 14:07:00,0.125
13 Oct 2025 14:08:00,0.133
13 Oct 2025 14:10:00,0.152
13 Oct 2025 14:11:30,0.137
13 Oct 2025 14:12:45,0.128
13 Oct 2025 14:13:15,0.145
13 Oct 2025 14:13:45,0.170
13 Oct 2025 14:18:00,0.111
13 Oct 2025 14:23:00,0.131
13 Oct 2025 14:23:15,0.080
13 Oct 2025 14:25:30,0.139
13 Oct 2025 14:26:45,0.157
13 Oct 2025 14:30:15,0.183
13 Oct 2025 14:33:30,0.164
13 Oct 2025 14:35:30,0.138
13 Oct 2025 14:39:15,0.110
13 Oct 2025 14:39:45,0.121
13 Oct 2025 14:40:15,0.131
13 Oct 2025 14:40:45,0.080
13 Oct 2025 14:41:15,0.114
13 Oct 2025 14:43:15,0.129
13 Oct 2025 14:48:00,0.103
13 Oct 2025 14:50:30,0.066
13 Oct 2025 14:55:45,0.090
13 Oct 2025 14:56:30,0.098
13 Oct 2025 14:58:45,0.037
13 Oct 2025 14:59:45,0.134
13 Oct 2025 15:00:00,0.115
13 Oct 2025 15:00:45,0.126
13 Oct 2025 15:11:45,0.111
13 Oct 2025 15:12:00,0.081
13 Oct 2025 15:17:45,0.080
13 Oct 2025 15:18:00,0.133
13 Oct 2025 15:18:45,0.088
13 Oct 2025 15:19:00,0.068
13 Oct 2025 15:22:00,0.104
13 Oct 2025 15:27:45,0.124
13 Oct 2025 15:29:15,0.074
13 Oct 2025 15:29:45,0.054
13 Oct 2025 15:30:30,0.059
13 Oct 2025 15:37:30,0.074
13 Oct 2025 15:38:00,0.102
13 Oct 2025 15:39:15,0.073
13 Oct 2025 15:47:30,0.064
13 Oct 2025 15:49:45,0.094
13 Oct 2025 15:51:00,0.046
13 Oct 2025 15:52:30,0.057
13 Oct 2025 15:52:45,0.079
13 Oct 2025 15:54:30,0.059
13 Oct 2025 15:55:45,0.065
13 Oct 2025 15:57:30,0.002
13 Oct 2025 15:57:45,0.062
13 Oct 2025 16:00:45,0.042
13 Oct 2025 16:01:15,0.047
13 Oct 2025 16:05:00,0.033
13 Oct 2025 16:07:00,0.064
13 Oct 2025 16:07:30,0.050
13 Oct 2025 16:08:00,0.071
13 Oct 2025 16:14:15,0.011
13 Oct 2025 16:15:30,-0.006
13 Oct 2025 16:18:45,0.033
13 Oct 2025 16:20:15,0.048
13 Oct 2025 16:23:45,-0.011
13 Oct 2025 16:27:30,0.043
13 Oct 2025 16:28:00,0.057
13 Oct 2025 16:31:00,0.031
13 Oct 2025 16:34:15,0.053
13 Oct 2025 16:35:00,0.049
13 Oct 2025 16:37:00,0.076
13 Oct 2025 16:37:15,0.036
13 Oct 2025 16:38:00,0.037
13 Oct 2025 16:38:30,0.021
13 Oct 2025 16:40:30,0.007
13 Oct 2025 16:40:45,0.042
13 Oct 2025 16:42:30,0.025
13 Oct 2025 16:43:00,0.005
13 Oct 2025 16:46:30,0.016
13 Oct 2025 16:50:00,0.027
13 Oct 2025 16:52:15,0.037
13 Oct 2025 16:53:45,0.056
13 Oct 2025 16:54:00,0.029
13 Oct 2025 16:56:45,-0.024
13 Oct 2025 16:59:30,0.027
13 Oct 2025 17:00:30,0.004
13 Oct 2025 17:00:45,0.032
13 Oct 2025 17:02:45,0.001
13 Oct 2025 17:07:30,0.003
13 Oct 2025 17:08:30,0.048
13 Oct 2025 17:12:45,0.027
13 Oct 2025 17:18:30,0.004
13 Oct 2025 17:18:45,0.021
13 Oct 2025 17:19:00,0.019
13 Oct 2025 17:19:30,0.025
13 Oct 2025 17:21:00,-0.045
13 Oct 2025 17:21:30,-0.016
13 Oct 2025 17:22:00,-0.013
13 Oct 2025 17:22:15,-0.005
13 Oct 2025 17:25:30,0.007
13 Oct 2025 17:28:30,0.035
13 Oct 2025 17:29:30,-0.005
13 Oct 2025 17:36:45,0.000
13 Oct 2025 17:40:30,0.008
13 Oct 2025 17:41:00,-0.001
13 Oct 2025 17:41:45,-0.034
13 Oct 2025 17:43:15,0.008
13 Oct 2025 17:44:30,-0.036
13 Oct 2025 17:46:15,0.038
13 Oct 2025 17:47:30,-0.026
13 Oct 2025 17:48:30,0.010
13 Oct 2025 17:50:45,-0.035
13 Oct 2025 17:53:45,-0.002
13 Oct 2025 17:55:30,0.018
13 Oct 2025 17:58:45,-0.016
13 Oct 2025 18:00:00,-0.047
13 Oct 2025 18:02:30,-0.020
13 Oct 2025 18:04:00,-0.050
13 Oct 2025 18:05:30,0.016
13 Oct 2025 18:08:45,0.005
13 Oct 2025 18:10:30,0.027
13 Oct 2025 18:11:45,-0.005
13 Oct 2025 18:14:00,-0.050
13 Oct 2025 18:15:30,0.002
13 Oct 2025 18:17:15,-0.068
13 Oct 2025 18:17:30,-0.006
13 Oct 2025 18:18:00,-0.010
13 Oct 2025 18:21:00,-0.004
13 Oct 2025 18:23:00,-0.002
13 Oct 2025 18:23:45,-0.002
13 Oct 2025 18:25:45,0.014
13 Oct 2025 18:30:15,-0.046
13 Oct 2025 18:30:45,-0.041
13 Oct 2025 18:32:45,-0.030
13 Oct 2025 18:34:45,-0.004
13 Oct 2025 18:37:15,-0.029
13 Oct 2025 18:41:30,-0.054
13 Oct 2025 18:41:45,-0.005
13 Oct 2025 18:42:00,0.014
13 Oct 2025 18:43:30,-0.049
13 Oct 2025 18:47:00,-0.073
13 Oct 2025 18:48:45,0.025
13 Oct 2025 18:50:15,-0.001
13 Oct 2025 18:52:00,-0.066
13 Oct 2025 18:52:45,0.007
13 Oct 2025 18:54:00,-0.037
13 Oct 2025 19:04:45,-0.036
13 Oct 2025 19:05:30,-0.013
13 Oct 2025 19:10:15,-0.071
13 Oct 2025 19:11:45,-0.022
13 Oct 2025 19:16:15,0.004
13 Oct 2025 19:16:45,0.010
13 Oct 2025 19:19:45,-0.022
13 Oct 2025 19:25:45,-0.020
13 Oct 2025 19:33:30,-0.050
13 Oct 2025 19:34:45,-0.040
13 Oct 2025 19:35:45,-0.013
13 Oct 2025 19:36:45,-0.025
13 Oct 2025 19:39:45,-0.047
13 Oct 2025 19:41:45,-0.040
13 Oct 2025 19:42:30,-0.006
13 Oct 2025 19:43:45,-0.026
13 Oct 2025 19:46:45,-0.024
13 Oct 2025 19:50:15,-0.012
13 Oct 2025 19:52:15,-0.054
13 Oct 2025 19:53:45,-0.013
13 Oct 2025 19:54:00,0.032
13 Oct 2025 19:54:15,-0.017
13 Oct 2025 19:55:30,-0.021
13 Oct 2025 19:57:00,-0.033
13 Oct 2025 19:59:00,-0.017
13 Oct 2025 19:59:15,-0.022
13 Oct 2025 20:00:45,-0.010
13 Oct 2025 20:01:00,-0.026
13 Oct 2025 20:02:45,-0.059
13 Oct 2025 20:06:00,-0.033
13 Oct 2025 20:07:45,-0.005
13 Oct 2025 20:11:45,-0.013
13 Oct 2025 20:13:30,-0.039
13 Oct 2025 20:15:45,0.006
13 Oct 2025 20:16:15,-0.029
13 Oct 2025 20:16:45,0.005
13 Oct 2025 20:19:15,0.018
13 Oct 2025 20:19:30,-0.016
13 Oct 2025 20:23:15,0.006
13 Oct 2025 20:24:30,-0.017
13 Oct 2025 20:29:15,-0.018
13 Oct 2025 20:30:15,-0.005
13 Oct 2025 20:31:30,-0.036
13 Oct 2025 20:38:15,-0.025
13 Oct 2025 20:40:45,-0.047
13 Oct 2025 20:42:00,-0.011
13 Oct 2025 20:43:00,0.001
13 Oct 2025 20:43:15,0.001
13 Oct 2025 20:43:45,-0.006
13 Oct 2025 20:44:00,-0.024
13 Oct 2025 20:44:45,0.005
13 Oct 2025 20:45:45,0.007
13 Oct 2025 20:46:45,0.001
13 Oct 2025 20:51:00,0.002
13 Oct 2025 20:52:30,-0.050
13 Oct 2025 20:52:45,0.006
13 Oct 2025 20:55:30,0.032
13 Oct 2025 20:57:00,-0.026
13 Oct 2025 20:57:45,0.011
13 Oct 2025 21:01:30,0.016
13 Oct 2025 21:02:30,0.026
13 Oct 2025 21:04:15,-0.011
13 Oct 2025 21:05:15,-0.008
13 Oct 2025 21:06:00,0.027
13 Oct 2025 21:07:00,0.081
13 Oct 2025 21:07:30,-0.017
13 Oct 2025 21:08:30,-0.025
13 Oct 2025 21:09:00,0.016
13 Oct 2025 21:09:45,-0.009
13 Oct 2025 21:10:45,-0.021
13 Oct 2025 21:13:30,0.004
13 Oct 2025 21:14:15,0.028
13 Oct 2025 21:16:15,-0.042
13 Oct 2025 21:17:15,-0.003
13 Oct 2025 21:19:15,-0.015
13 Oct 2025 21:20:30,0.007
13 Oct 2025 21:22:00,0.047
13 Oct 2025 21:28:00,0.017
13 Oct 2025 21:31:00,0.001
13 Oct 2025 21:34:15,0.012
13 Oct 2025 21:35:30,0.016
13 Oct 2025 21:36:45,0.001
13 Oct 2025 21:38:00,0.004
13 Oct 2025 21:40:30,0.004
13 Oct 2025 21:40:45,0.027
13 Oct 2025 21:42:00,0.017
13 Oct 2025 21:42:45,-0.049
13 Oct 2025 21:43:00,0.030
13 Oct 2025 21:48:45,0.022
13 Oct 2025 21:52:30,0.023
13 Oct 2025 21:54:45,0.045
13 Oct 2025 21:55:45,0.052
13 Oct 2025 21:57:30,0.049
13 Oct 2025 21:59:30,0.037
13 Oct 2025 22:00:30,0.001
13 Oct 2025 22:02:15,0.006
13 Oct 2025 22:05:00,0.019
13 Oct 2025 22:07:15,0.038
13 Oct 2025 22:10:30,0.065
13 Oct 2025 22:10:45,0.009
13 Oct 2025 22:11:00,0.033
13 Oct 2025 22:13:15,0.058
13 Oct 2025 22:15:15,0.019
13 Oct 2025 22:16:00,-0.005
13 Oct 2025 22:18:45,0.074
13 Oct 2025 22:19:00,0.073
13 Oct 2025 22:19:45,0.028
13 Oct 2025 22:26:00,0.014
13 Oct 2025 22:26:15,-0.006
13 Oct 2025 22:27:15,0.029
13 Oct 2025 22:28:00,0.032
13 Oct 2025 22:29:00,0.041
13 Oct 2025 22:30:15,0.004
13 Oct 2025 22:34:00,0.076
13 Oct 2025 22:35:45,-0.015
13 Oct 2025 22:37:00,0.051
13 Oct 2025 22:37:30,0.025
13 Oct 2025 22:37:45,-0.008
13 Oct 2025 22:38:45,0.044
13 Oct 2025 22:39:15,0.049
13 Oct 2025 22:40:00,0.041
13 Oct 2025 22:43:00,0.022
13 Oct 2025 22:43:45,0.083
13 Oct 2025 22:45:00,0.054
13 Oct 2025 22:46:30,0.060
13 Oct 2025 22:48:15,0.001
13 Oct 2025 22:49:00,0.047
13 Oct 2025 22:51:00,0.075
13 Oct 2025 22:52:15,0.060
13 Oct 2025 22:55:30,0.029
13 Oct 2025 22:57:15,0.070
13 Oct 2025 22:59:00,0.019
13 Oct 2025 23:05:30,0.059
13 Oct 2025 23:06:30,0.075
13 Oct 2025 23:06:45,0.038
13 Oct 2025 23:07:30,0.021
13 Oct 2025 23:10:45,0.059
13 Oct 2025 23:11:45,0.061
13 Oct 2025 23:12:00,0.062
13 Oct 2025 23:12:15,0.075
13 Oct 2025 23:16:00,0.045
13 Oct 2025 23:21:00,0.055
13 Oct 2025 23:21:15,0.065
13 Oct 2025 23:24:45,0.067
13 Oct 2025 23:25:00,0.021
13 Oct 2025 23:28:15,0.079
13 Oct 2025 23:30:30,0.069
13 Oct 2025 23:33:45,0.024
13 Oct 2025 23:34:30,0.033
13 Oct 2025 23:39:15,-0.001
13 Oct 2025 23:40:30,0.063
13 Oct 2025 23:40:45,0.081
13 Oct 2025 23:41:45,0.058
13 Oct 2025 23:42:15,0.030
13 Oct 2025 23:43:00,0.087
13 Oct 2025 23:45:00,0.059
13 Oct 2025 23:51:30,0.093
13 Oct 2025 23:53:00,0.063
13 Oct 2025 23:54:00,0.048
13 Oct 2025 23:55:15,0.087
13 Oct 2025 23:55:30,0.063
13 Oct 2025 23:57:00,0.062
13 Oct 2025 23:57:45,0.103
13 Oct 2025 23:58:15,0.082
14 Oct 2025 00:01:15,0.055
14 Oct 2025 00:02:00,0.034
14 Oct 2025 00:03:30,0.051
14 Oct 2025 00:08:45,0.048
14 Oct 2025 00:10:00,0.023
14 Oct 2025 00:11:15,0.012
14 Oct 2025 00:11:30,0.098
14 Oct 2025 00:12:45,0.045
14 Oct 2025 00:13:45,0.046
14 Oct 2025 00:15:30,0.109
14 Oct 2025 00:20:30,0.059
14 Oct 2025 00:22:30,0.099
14 Oct 2025 00:24:45,0.095
14 Oct 2025 00:25:45,0.068
14 Oct 2025 00:26:15,0.085
14 Oct 2025 00:26:30,0.059
14 Oct 2025 00:36:00,0.063
14 Oct 2025 00:36:15,0.051
14 Oct 2025 00:37:00,0.126
14 Oct 2025 00:40:30,0.088
14 Oct 2025 00:45:15,0.069
14 Oct 2025 00:47:45,0.100
14 Oct 2025 00:49:00,0.136
14 Oct 2025 00:51:00,0.088
14 Oct 2025 00:51:45,0.068
14 Oct 2025 00:52:15,0.092
14 Oct 2025 00:53:30,0.044
14 Oct 2025 00:53:45,0.068
14 Oct 2025 00:56:15,0.038
14 Oct 2025 00:58:15,0.072
14 Oct 2025 01:01:00,0.052
14 Oct 2025 01:01:45,0.087
14 Oct 2025 01:03:45,0.067
14 Oct 2025 01:05:30,0.086
14 Oct 2025 01:10:15,0.106
14 Oct 2025 01:10:30,0.051
14 Oct 2025 01:14:15,0.103
14 Oct 2025 01:14:45,0.069
14 Oct 2025 01:17:00,0.087
14 Oct 2025 01:17:45,0.083
14 Oct 2025 01:18:45,0.078
14 Oct 2025 01:21:00,0.020
14 Oct 2025 01:24:00,0.063
14 Oct 2025 01:25:00,0.060
14 Oct 2025 01:29:45,0.069
14 Oct 2025 01:31:30,0.090
14 Oct 2025 01:33:15,0.084
14 Oct 2025 01:33:45,0.100
14 Oct 2025 01:35:00,0.040
14 Oct 2025 01:36:00,0.095
14 Oct 2025 01:36:45,0.078
14 Oct 2025 01:41:45,0.093
14 Oct 2025 01:44:15,0.060
14 Oct 2025 01:46:00,0.098
14 Oct 2025 01:47:15,0.075
14 Oct 2025 01:47:45,0.082
14 Oct 2025 01:49:30,0.057
14 Oct 2025 01:50:45,0.071
14 Oct 2025 01:53:00,0.047
14 Oct 2025 01:54:45,0.116
14 Oct 2025 01:57:15,0.071
14 Oct 2025 01:57:45,0.073
14 Oct 2025 01:58:15,0.088
14 Oct 2025 02:01:30,0.044
14 Oct 2025 02:09:45,0.054
14 Oct 2025 02:10:00,0.098
14 Oct 2025 02:11:30,0.052
14 Oct 2025 02:18:45,0.091
14 Oct 2025 02:20:15,0.079
14 Oct 2025 02:21:15,0.066
14 Oct 2025 02:23:00,0.061
14 Oct 2025 02:26:45,0.081
14 Oct 2025 02:30:45,0.084
14 Oct 2025 02:32:00,0.053
14 Oct 2025 02:34:00,0.097
14 Oct 2025 02:35:30,0.035
14 Oct 2025 02:36:00,0.068
14 Oct 2025 02:39:00,0.099
14 Oct 2025 02:42:30,0.021
14 Oct 2025 02:46:45,0.068
14 Oct 2025 02:48:30,0.091
14 Oct 2025 02:49:30,0.024
14 Oct 2025 02:51:45,0.095
14 Oct 2025 02:54:00,0.031
14 Oct 2025 02:56:15,0.073
14 Oct 2025 02:57:30,0.077
14 Oct 2025 02:58:00,0.079
14 Oct 2025 02:58:15,0.083
14 Oct 2025 02:59:15,0.031
14 Oct 2025 02:59:30,-0.001
14 Oct 2025 03:00:45,0.035
14 Oct 2025 03:02:00,0.064
14 Oct 2025 03:02:30,0.090
14 Oct 2025 03:03:00,0.051
14 Oct 2025 03:07:30,0.033
14 Oct 2025 03:10:30,0.066
14 Oct 2025 03:11:30,0.057
14 Oct 2025 03:12:15,0.083
14 Oct 2025 03:13:30,0.056
14 Oct 2025 03:14:15,0.083
14 Oct 2025 03:14:45,0.042
14 Oct 2025 03:15:00,0.017
14 Oct 2025 03:15:45,0.059
14 Oct 2025 03:18:15,0.065
14 Oct 2025 03:20:30,0.053
14 Oct 2025 03:22:30,0.030
14 Oct 2025 03:24:30,0.053
14 Oct 2025 03:26:45,0.039
14 Oct 2025 03:28:00,-0.001
14 Oct 2025 03:29:00,0.066
14 Oct 2025 03:33:15,0.065
14 Oct 2025 03:34:45,0.064
14 Oct 2025 03:35:15,0.039
14 Oct 2025 03:36:00,0.072
14 Oct 2025 03:37:15,0.069
14 Oct 2025 03:39:15,0.078
14 Oct 2025 03:41:00,0.046
14 Oct 2025 03:42:30,0.027
14 Oct 2025 03:44:00,0.042
14 Oct 2025 03:45:45,0.033
14 Oct 2025 03:46:15,0.039
14 Oct 2025 03:46:30,0.025
14 Oct 2025 03:47:00,0.040
14 Oct 2025 03:50:30,0.043
14 Oct 2025 03:51:30,0.068
14 Oct 2025 03:53:30,0.049
14 Oct 2025 03:56:45,0.057
14 Oct 2025 03:57:00,0.058
14 Oct 2025 03:59:45,0.032
14 Oct 2025 04:04:45,-0.002
14 Oct 2025 04:07:15,-0.005
14 Oct 2025 04:08:15,0.030
14 Oct 2025 04:10:45,0.021
14 Oct 2025 04:12:00,0.044
14 Oct 2025 04:12:15,0.035
14 Oct 2025 04:13:00,-0.009
14 Oct 2025 04:14:00,0.013
14 Oct 2025 04:22:15,0.028
14 Oct 2025 04:22:30,0.017
14 Oct 2025 04:24:45,0.044
14 Oct 2025 04:25:45,0.039
14 Oct 2025 04:27:30,0.013
14 Oct 2025 04:28:15,-0.021
14 Oct 2025 04:28:45,-0.012
14 Oct 2025 04:34:00,0.010
14 Oct 2025 04:35:15,0.033
14 Oct 2025 04:36:00,0.012
14 Oct 2025 04:36:15,0.004
14 Oct 2025 04:38:30,-0.001
14 Oct 2025 04:38:45,0.008
14 Oct 2025 04:42:00,-0.020
14 Oct 2025 04:42:45,0.033
14 Oct 2025 04:48:00,-0.018
14 Oct 2025 04:49:45,0.004
14 Oct 2025 04:55:30,-0.026
14 Oct 2025 04:56:15,-0.021
14 Oct 2025 04:57:45,0.015
14 Oct 2025 04:58:30,-0.028
14 Oct 2025 04:58:45,-0.028
14 Oct 2025 04:59:15,0.040
14 Oct 2025 04:59:30,-0.014
14 Oct 2025 05:00:00,0.014
14 Oct 2025 05:01:30,0.013
14 Oct 2025 05:03:30,-0.025
14 Oct 2025 05:04:00,-0.003
14 Oct 2025 05:07:45,-0.007
14 Oct 2025 05:09:15,-0.041
14 Oct 2025 05:10:00,0.001
14 Oct 2025 05:11:45,0.022
14 Oct 2025 05:12:00,-0.016
14 Oct 2025 05:13:00,0.008
14 Oct 2025 05:15:30,-0.001
14 Oct 2025 05:15:45,-0.040
14 Oct 2025 05:17:00,-0.014
14 Oct 2025 05:20:15,-0.010
14 Oct 2025 05:23:00,-0.010
14 Oct 2025 05:23:30,-0.005
14 Oct 2025 05:29:30,0.011
14 Oct 2025 05:30:30,0.009
14 Oct 2025 05:32:15,-0.003
14 Oct 2025 05:34:15,-0.010
14 Oct 2025 05:35:45,-0.060
14 Oct 2025 05:41:15,0.030
14 Oct 2025 05:41:45,-0.006
14 Oct 2025 05:43:30,-0.052
14 Oct 2025 05:44:00,0.000
14 Oct 2025 05:48:00,-0.007
14 Oct 2025 05:51:00,0.052
14 Oct 2025 05:51:30,-0.039
14 Oct 2025 05:53:15,-0.011
14 Oct 2025 05:56:00,-0.026
14 Oct 2025 05:57:30,0.040
14 Oct 2025 06:01:45,-0.030
14 Oct 2025 06:04:45,0.031
14 Oct 2025 06:08:15,-0.021
14 Oct 2025 06:10:30,0.032
14 Oct 2025 06:10:45,0.015
14 Oct 2025 06:14:15,-0.019
14 Oct 2025 06:14:45,-0.015
14 Oct 2025 06:15:00,-0.041
14 Oct 2025 06:19:15,0.012
14 Oct 2025 06:21:30,-0.061
14 Oct 2025 06:23:15,-0.068
14 Oct 2025 06:24:00,-0.115
14 Oct 2025 06:25:45,-0.001
14 Oct 2025 06:27:00,0.008
14 Oct 2025 06:28:30,-0.058
14 Oct 2025 06:34:00,-0.009
14 Oct 2025 06:35:30,-0.067
14 Oct 2025 06:36:30,-0.032
14 Oct 2025 06:36:45,0.000
14 Oct 2025 06:37:00,-0.093
14 Oct 2025 06:48:00,0.019
14 Oct 2025 06:50:00,-0.047
14 Oct 2025 06:53:00,-0.010
14 Oct 2025 06:58:30,-0.016
14 Oct 2025 06:59:30,-0.077
14 Oct 2025 07:02:30,-0.034
14 Oct 2025 07:03:15,0.005
14 Oct 2025 07:04:00,-0.004
14 Oct 2025 07:06:00,-0.127
14 Oct 2025 07:09:15,-0.053
14 Oct 2025 07:17:15,-0.061
14 Oct 2025 07:17:45,-0.074
14 Oct 2025 07:18:15,-0.029
14 Oct 2025 07:18:45,-0.007
14 Oct 2025 07:19:45,-0.040
14 Oct 2025 07:21:15,-0.038
14 Oct 2025 07:22:00,-0.101
14 Oct 2025 07:23:45,0.028
14 Oct 2025 07:24:15,0.032
14 Oct 2025 07:27:45,-0.001
14 Oct 2025 07:28:30,-0.054
14 Oct 2025 07:29:00,-0.143
14 Oct 2025 07:30:30,0.046
14 Oct 2025 07:32:15,-0.049
14 Oct 2025 07:36:45,-0.031
14 Oct 2025 07:37:45,-0.230
14 Oct 2025 07:38:00,-0.060
14 Oct 2025 07:38:15,0.041
14 Oct 2025 07:41:30,-0.094
14 Oct 2025 07:43:45,-0.077
14 Oct 2025 07:46:00,-0.011
14 Oct 2025 07:46:30,0.045
14 Oct 2025 07:48:45,0.060
14 Oct 2025 07:50:45,-0.022
14 Oct 2025 07:54:00,-0.075
14 Oct 2025 07:55:30,0.100
14 Oct 2025 07:57:00,0.022
14 Oct 2025 07:58:45,-0.062
14 Oct 2025 08:02:15,-0.016
14 Oct 2025 08:03:00,-0.015
14 Oct 2025 08:05:45,-0.063
14 Oct 2025 08:07:00,-0.100
14 Oct 2025 08:08:00,-0.078
14 Oct 2025 08:10:00,-0.129
14 Oct 2025 08:12:00,-0.086
14 Oct 2025 08:13:15,-0.109
14 Oct 2025 08:13:30,-0.006
14 Oct 2025 08:20:15,-0.176
14 Oct 2025 08:29:15,-0.032
14 Oct 2025 08:31:15,-0.012
14 Oct 2025 08:33:00,-0.156
14 Oct 2025 08:35:15,0.050
14 Oct 2025 08:35:45,0.017
14 Oct 2025 08:39:00,-0.022
14 Oct 2025 08:39:30,-0.024
14 Oct 2025 08:41:30,-0.004
14 Oct 2025 08:45:30,0.043
14 Oct 2025 08:48:30,-0.069
14 Oct 2025 08:49:15,-0.059
14 Oct 2025 08:49:45,-0.003
14 Oct 2025 08:50:00,0.030
14 Oct 2025 08:50:30,0.003
14 Oct 2025 08:50:45,-0.072
14 Oct 2025 08:51:45,-0.025
14 Oct 2025 08:52:30,-0.044
14 Oct 2025 09:00:45,-0.006
14 Oct 2025 09:12:45,-0.024
14 Oct 2025 09:17:45,-0.016
14 Oct 2025 09:18:45,-0.088
14 Oct 2025 09:19:15,-0.086
14 Oct 2025 09:21:15,0.037
14 Oct 2025 09:21:30,-0.046
14 Oct 2025 09:22:15,0.028
14 Oct 2025 09:22:45,-0.075
14 Oct 2025 09:23:30,-0.014
14 Oct 2025 09:29:00,-0.035
14 Oct 2025 09:31:15,0.062
14 Oct 2025 09:32:15,0.010
14 Oct 2025 09:33:30,-0.003
14 Oct 2025 09:35:15,-0.152
14 Oct 2025 09:35:30,-0.012
14 Oct 2025 09:36:15,0.036
14 Oct 2025 09:39:45,-0.037
14 Oct 2025 09:40:30,-0.053
14 Oct 2025 09:44:45,-0.041
14 Oct 2025 09:45:45,0.052
14 Oct 2025 09:47:15,0.001
14 Oct 2025 09:48:00,0.013
14 Oct 2025 09:51:30,0.037
14 Oct 2025 09:52:15,0.020
14 Oct 2025 09:53:30,0.021
14 Oct 2025 09:53:45,-0.006
14 Oct 2025 09:56:00,0.048
14 Oct 2025 09:59:45,-0.052
14 Oct 2025 10:01:30,-0.033
14 Oct 2025 10:02:30,0.059
14 Oct 2025 10:07:45,-0.013
14 Oct 2025 10:08:15,0.043
14 Oct 2025 10:12:00,0.116
14 Oct 2025 10:13:30,-0.058
14 Oct 2025 10:16:00,-0.014
14 Oct 2025 10:17:00,0.003
14 Oct 2025 10:18:15,0.113
14 Oct 2025 10:18:30,-0.067
14 Oct 2025 10:18:45,0.041
14 Oct 2025 10:21:30,-0.131
14 Oct 2025 10:27:30,-0.042
14 Oct 2025 10:27:45,0.013
14 Oct 2025 10:28:30,-0.053
14 Oct 2025 10:28:45,0.082
14 Oct 2025 10:29:30,0.004
14 Oct 2025 10:30:00,-0.099
14 Oct 2025 10:37:00,0.163
14 Oct 2025 10:37:45,0.060
14 Oct 2025 10:40:00,-0.043
14 Oct 2025 10:41:15,-0.003
14 Oct 2025 10:41:30,0.094
14 Oct 2025 10:43:00,0.045
14 Oct 2025 10:43:30,-0.012
14 Oct 2025 10:45:30,-0.015
14 Oct 2025 10:45:45,0.055
14 Oct 2025 10:50:45,0.107
14 Oct 2025 10:55:00,0.162
14 Oct 2025 10:58:45,0.177
14 Oct 2025 11:02:45,0.041
14 Oct 2025 11:03:15,0.068
14 Oct 2025 11:05:00,-0.033
14 Oct 2025 11:05:30,0.096
14 Oct 2025 11:07:15,0.078
14 Oct 2025 11:08:15,0.065
14 Oct 2025 11:09:30,0.047
14 Oct 2025 11:10:45,0.117
14 Oct 2025 11:12:45,-0.004
14 Oct 2025 11:14:45,0.074
14 Oct 2025 11:16:45,0.087
14 Oct 2025 11:17:00,0.053
14 Oct 2025 11:18:45,-0.088
14 Oct 2025 11:22:15,0.083
14 Oct 2025 11:23:30,0.025
14 Oct 2025 11:23:45,0.060
14 Oct 2025 11:24:45,0.050
14 Oct 2025 11:26:30,-0.026
14 Oct 2025 11:28:00,-0.043
14 Oct 2025 11:32:00,0.156
14 Oct 2025 11:32:15,0.039
14 Oct 2025 11:34:00,0.017
14 Oct 2025 11:35:15,0.156
14 Oct 2025 11:35:30,0.111
14 Oct 2025 11:36:45,0.071
14 Oct 2025 11:37:45,0.031
14 Oct 2025 11:40:45,0.078
14 Oct 2025 11:41:45,0.146
14 Oct 2025 11:42:15,0.165
14 Oct 2025 11:43:15,0.091
14 Oct 2025 11:52:30,0.030
14 Oct 2025 11:52:45,0.183
14 Oct 2025 11:53:30,0.078
14 Oct 2025 11:55:30,0.054
14 Oct 2025 11:55:45,0.082
14 Oct 2025 11:59:30,0.169
14 Oct 2025 12:04:00,0.129
14 Oct 2025 12:08:45,0.089
14 Oct 2025 12:10:15,0.065
14 Oct 2025 12:11:30,0.039
14 Oct 2025 12:12:15,0.181
14 Oct 2025 12:14:30,0.097
14 Oct 2025 12:16:00,0.025
14 Oct 2025 12:20:15,0.018
14 Oct 2025 12:31:00,0.076
14 Oct 2025 12:35:00,0.066
14 Oct 2025 12:36:00,0.083
14 Oct 2025 12:39:00,0.047
14 Oct 2025 12:39:15,0.197
14 Oct 2025 12:40:00,0.149
14 Oct 2025 12:40:15,0.060
14 Oct 2025 12:42:15,0.110
14 Oct 2025 12:43:00,0.153
14 Oct 2025 12:44:15,0.149
14 Oct 2025 12:47:15,-0.016
14 Oct 2025 12:49:30,0.106
14 Oct 2025 12:50:30,0.122
14 Oct 2025 12:50:45,0.135
14 Oct 2025 12:55:45,0.202
14 Oct 2025 12:57:45,0.120
14 Oct 2025 12:58:15,0.044
14 Oct 2025 12:58:45,0.200
14 Oct 2025 13:00:00,0.086
14 Oct 2025 13:00:30,0.096
14 Oct 2025 13:03:15,0.189
14 Oct 2025 13:03:45,0.198
14 Oct 2025 13:05:45,0.144
14 Oct 2025 13:11:30,0.142
14 Oct 2025 13:13:30,0.233
14 Oct 2025 13:14:30,0.159
14 Oct 2025 13:14:45,0.144
14 Oct 2025 13:18:30,-0.063
14 Oct 2025 13:20:45,0.175
14 Oct 2025 13:22:30,0.087
14 Oct 2025 13:23:30,0.249
14 Oct 2025 13:29:30,0.236
14 Oct 2025 13:31:00,0.199
14 Oct 2025 13:32:15,0.154
14 Oct 2025 13:37:00,0.227
14 Oct 2025 13:42:15,-0.046
14 Oct 2025 13:43:45,0.214
14 Oct 2025 13:44:15,0.297
14 Oct 2025 13:46:30,0.176
14 Oct 2025 13:48:45,0.250
14 Oct 2025 13:49:00,0.120
14 Oct 2025 13:56:15,0.162
14 Oct 2025 13:56:30,0.125
14 Oct 2025 13:57:00,-0.012
14 Oct 2025 13:57:15,0.269
14 Oct 2025 13:58:00,0.188
14 Oct 2025 13:58:30,-0.057
14 Oct 2025 13:59:15,0.219
14 Oct 2025 13:59:45,0.014
14 Oct 2025 14:00:00,0.175
14 Oct 2025 14:05:00,0.292
14 Oct 2025 14:05:30,0.368
14 Oct 2025 14:08:45,0.185
14 Oct 2025 14:09:15,-0.053
14 Oct 2025 14:13:00,-0.002
14 Oct 2025 14:18:30,0.046
14 Oct 2025 14:20:15,0.051
14 Oct 2025 14:21:30,0.055
14 Oct 2025 14:31:00,0.212
14 Oct 2025 14:33:45,0.208
14 Oct 2025 14:35:15,0.174
14 Oct 2025 14:36:00,0.237
14 Oct 2025 14:36:30,0.098
14 Oct 2025 14:39:00,0.273
14 Oct 2025 14:39:30,0.022
14 Oct 2025 14:42:45,-0.095
14 Oct 2025 14:45:15,0.116
14 Oct 2025 14:50:45,0.163
14 Oct 2025 14:55:45,0.174
14 Oct 2025 14:56:00,0.258
14 Oct 2025 14:56:15,0.097
14 Oct 2025 14:59:15,0.258
14 Oct 2025 14:59:30,0.082
14 Oct 2025 15:08:30,0.160
14 Oct 2025 15:09:30,-0.273
14 Oct 2025 15:14:30,0.091
14 Oct 2025 15:16:15,0.051
14 Oct 2025 15:19:45,0.084
14 Oct 2025 15:24:15,0.128
14 Oct 2025 15:25:45,0.157
14 Oct 2025 15:27:45,-0.036
14 Oct 2025 15:31:15,0.062
14 Oct 2025 15:34:45,0.246
14 Oct 2025 15:38:45,0.138
14 Oct 2025 15:41:15,0.226
14 Oct 2025 15:45:00,0.174
14 Oct 2025 15:47:00,0.156
14 Oct 2025 15:47:30,-0.013
14 Oct 2025 15:50:00,0.055
14 Oct 2025 15:50:15,0.126
14 Oct 2025 15:51:30,0.087
14 Oct 2025 15:53:15,0.054
14 Oct 2025 16:00:30,0.034
14 Oct 2025 16:04:00,0.003
14 Oct 2025 16:04:30,0.164
14 Oct 2025 16:06:00,0.222
14 Oct 2025 16:07:45,0.195
14 Oct 2025 16:09:45,0.131
14 Oct 2025 16:10:00,-0.073
14 Oct 2025 16:11:30,0.223
14 Oct 2025 16:11:45,0.030
14 Oct 2025 16:14:15,0.081
14 Oct 2025 16:28:00,0.162
14 Oct 2025 16:30:45,0.294
14 Oct 2025 16:33:30,-0.115
14 Oct 2025 16:34:45,0.076
14 Oct 2025 16:35:15,0.279
14 Oct 2025 16:36:30,-0.063
14 Oct 2025 16:37:15,-0.096
14 Oct 2025 16:38:00,0.204
14 Oct 2025 16:38:45,0.082
14 Oct 2025 16:44:30,-0.093
14 Oct 2025 16:45:00,0.109
14 Oct 2025 16:47:45,-0.039
14 Oct 2025 16:48:45,0.110
14 Oct 2025 16:49:45,0.095
14 Oct 2025 16:54:00,0.198
14 Oct 2025 16:55:00,0.036
14 Oct 2025 17:00:15,0.136
14 Oct 2025 17:08:30,0.064
14 Oct 2025 17:10:30,0.106
14 Oct 2025 17:12:30,0.203
14 Oct 2025 17:13:00,-0.098
14 Oct 2025 17:14:15,0.013
14 Oct 2025 17:15:00,0.052
14 Oct 2025 17:15:15,0.188
14 Oct 2025 17:17:15,0.106
14 Oct 2025 17:18:30,0.059
14 Oct 2025 17:19:30,0.080
14 Oct 2025 17:20:00,0.133
14 Oct 2025 17:21:30,0.274
14 Oct 2025 17:22:15,0.014
14 Oct 2025 17:23:00,0.153
14 Oct 2025 17:25:30,0.201
14 Oct 2025 17:28:30,0.175
14 Oct 2025 17:33:45,0.141
14 Oct 2025 17:36:30,0.233
14 Oct 2025 17:39:00,0.015
14 Oct 2025 17:39:15,0.228
14 Oct 2025 17:39:30,0.008
14 Oct 2025 17:42:15,0.070
14 Oct 2025 17:44:45,0.148
14 Oct 2025 17:46:45,0.168
14 Oct 2025 17:48:15,0.165
14 Oct 2025 17:48:45,-0.011
14 Oct 2025 17:53:30,0.045
14 Oct 2025 17:53:45,-0.090
14 Oct 2025 17:54:00,-0.234
14 Oct 2025 17:54:45,0.038
14 Oct 2025 17:58:15,0.095
14 Oct 2025 18:02:15,0.004
14 Oct 2025 18:03:00,0.006
14 Oct 2025 18:04:30,0.089
14 Oct 2025 18:07:30,0.028
14 Oct 2025 18:08:30,0.139
14 Oct 2025 18:11:45,-0.024
14 Oct 2025 18:13:15,0.005
14 Oct 2025 18:14:30,-0.004
14 Oct 2025 18:15:15,0.020
14 Oct 2025 18:16:45,0.044
14 Oct 2025 18:19:30,0.221
14 Oct 2025 18:21:15,-0.155
14 Oct 2025 18:28:30,0.017
14 Oct 2025 18:29:15,0.080
14 Oct 2025 18:29:30,0.086
14 Oct 2025 18:32:00,-0.121
14 Oct 2025 18:32:15,0.006
14 Oct 2025 18:34:45,-0.078
14 Oct 2025 18:36:15,0.116
14 Oct 2025 18:37:30,0.148
14 Oct 2025 18:39:45,0.060
14 Oct 2025 18:40:15,0.060
14 Oct 2025 18:41:30,-0.073
14 Oct 2025 18:42:00,0.048
14 Oct 2025 18:43:15,-0.091
14 Oct 2025 18:46:00,-0.005
14 Oct 2025 18:55:15,-0.001
14 Oct 2025 18:56:00,0.084
14 Oct 2025 18:56:45,0.093
14 Oct 2025 19:00:45,-0.063
14 Oct 2025 19:01:30,0.110
14 Oct 2025 19:06:00,-0.045
14 Oct 2025 19:09:30,-0.027
14 Oct 2025 19:15:00,-0.013
14 Oct 2025 19:18:00,0.032
14 Oct 2025 19:20:00,-0.045
14 Oct 2025 19:23:15,0.129
14 Oct 2025 19:24:15,-0.013
14 Oct 2025 19:26:15,-0.048
14 Oct 2025 19:26:30,0.071
14 Oct 2025 19:28:30,-0.046
14 Oct 2025 19:29:00,-0.006
14 Oct 2025 19:29:15,0.047
14 Oct 2025 19:29:30,-0.122
14 Oct 2025 19:30:45,-0.045
14 Oct 2025 19:31:15,0.076
14 Oct 2025 19:31:45,-0.050
14 Oct 2025 19:32:30,0.010
14 Oct 2025 19:33:00,0.026
14 Oct 2025 19:34:15,0.016
14 Oct 2025 19:36:30,0.055
14 Oct 2025 19:39:00,-0.049
14 Oct 2025 19:40:45,-0.008
14 Oct 2025 19:44:30,-0.073
14 Oct 2025 19:47:30,0.003
14 Oct 2025 19:49:00,0.065
14 Oct 2025 19:53:00,0.008
14 Oct 2025 19:54:30,-0.046
14 Oct 2025 19:57:30,0.019
14 Oct 2025 20:04:15,-0.039
14 Oct 2025 20:04:30,0.026
14 Oct 2025 20:06:30,-0.050
14 Oct 2025 20:08:15,-0.021
14 Oct 2025 20:14:45,-0.022
14 Oct 2025 20:17:00,-0.006
14 Oct 2025 20:18:15,0.033
14 Oct 2025 20:21:30,0.037
14 Oct 2025 20:22:30,0.012
14 Oct 2025 20:25:45,-0.051
14 Oct 2025 20:28:00,-0.112
14 Oct 2025 20:30:00,0.023
14 Oct 2025 20:39:15,-0.080
14 Oct 2025 20:40:30,0.068
14 Oct 2025 20:42:30,-0.020
14 Oct 2025 20:43:15,-0.042
14 Oct 2025 20:47:30,-0.108
14 Oct 2025 20:48:45,0.025
14 Oct 2025 20:49:00,-0.086
14 Oct 2025 20:49:45,-0.100
14 Oct 2025 20:50:45,0.021
14 Oct 2025 20:52:45,0.064
14 Oct 2025 20:55:45,0.088
14 Oct 2025 20:59:00,0.029
14 Oct 2025 20:59:15,-0.051
14 Oct 2025 21:00:45,0.039
14 Oct 2025 21:01:15,-0.026
14 Oct 2025 21:02:00,-0.033
14 Oct 2025 21:03:00,0.088
14 Oct 2025 21:05:00,0.089
14 Oct 2025 21:07:00,0.099
14 Oct 2025 21:07:30,0.011
14 Oct 2025 21:09:15,0.032
14 Oct 2025 21:09:45,0.014
14 Oct 2025 21:12:00,0.060
14 Oct 2025 21:12:30,0.039
14 Oct 2025 21:16:00,-0.080
14 Oct 2025 21:17:00,0.104
14 Oct 2025 21:17:15,0.031
14 Oct 2025 21:18:45,0.072
14 Oct 2025 21:19:00,0.008
14 Oct 2025 21:22:00,-0.072
14 Oct 2025 21:22:15,0.023
14 Oct 2025 21:23:45,0.059
14 Oct 2025 21:25:00,-0.021
14 Oct 2025 21:25:15,-0.023
14 Oct 2025 21:27:30,-0.070
14 Oct 2025 21:28:00,0.042
14 Oct 2025 21:28:15,0.075
14 Oct 2025 21:30:45,-0.038
14 Oct 2025 21:33:15,0.022
14 Oct 2025 21:35:15,-0.023
14 Oct 2025 21:36:45,-0.042
14 Oct 2025 21:37:45,0.029
14 Oct 2025 21:38:45,0.007
14 Oct 2025 21:40:15,0.066
14 Oct 2025 21:43:00,0.114
14 Oct 2025 21:43:30,-0.020
14 Oct 2025 21:47:15,-0.010
14 Oct 2025 21:51:00,0.033
14 Oct 2025 21:52:00,-0.021
14 Oct 2025 21:56:15,-0.020
14 Oct 2025 21:56:30,0.023
14 Oct 2025 21:57:45,0.070
14 Oct 2025 21:58:15,-0.052
14 Oct 2025 21:59:30,-0.050
14 Oct 2025 22:01:15,-0.063
14 Oct 2025 22:02:15,0.061
14 Oct 2025 22:05:00,0.047
14 Oct 2025 22:06:00,0.009
14 Oct 2025 22:07:00,-0.025
14 Oct 2025 22:07:30,0.060
14 Oct 2025 22:09:00,0.081
14 Oct 2025 22:11:00,0.081
14 Oct 2025 22:11:15,-0.097
14 Oct 2025 22:14:45,0.082
14 Oct 2025 22:15:00,0.013
14 Oct 2025 22:16:30,-0.024
14 Oct 2025 22:17:15,-0.011
14 Oct 2025 22:21:30,0.003
14 Oct 2025 22:22:30,0.005
14 Oct 2025 22:24:15,0.108
14 Oct 2025 22:25:45,-0.075
14 Oct 2025 22:31:15,0.081
14 Oct 2025 22:32:00,0.053
14 Oct 2025 22:37:30,-0.077
14 Oct 2025 22:38:30,-0.029
14 Oct 2025 22:41:00,0.071
14 Oct 2025 22:42:45,0.044
14 Oct 2025 22:43:00,0.065
14 Oct 2025 22:44:45,0.057
14 Oct 2025 22:45:30,0.033
14 Oct 2025 22:46:00,-0.097
14 Oct 2025 22:46:15,0.007
14 Oct 2025 22:46:45,0.082
14 Oct 2025 22:51:15,0.011
14 Oct 2025 22:55:15,-0.003
14 Oct 2025 22:57:15,-0.048
14 Oct 2025 23:00:45,-0.029
14 Oct 2025 23:07:15,0.027
14 Oct 2025 23:09:30,0.046
14 Oct 2025 23:11:30,0.007
14 Oct 2025 23:12:15,-0.071
14 Oct 2025 23:13:00,0.005
14 Oct 2025 23:13:45,0.161
14 Oct 2025 23:16:15,-0.029
14 Oct 2025 23:16:30,0.060
14 Oct 2025 23:19:15,-0.001
14 Oct 2025 23:28:00,0.021
14 Oct 2025 23:35:45,0.144
14 Oct 2025 23:37:15,-0.082
14 Oct 2025 23:40:00,0.062
14 Oct 2025 23:44:15,-0.037
14 Oct 2025 23:46:15,0.154
14 Oct 2025 23:47:30,-0.024
14 Oct 2025 23:53:30,0.028
14 Oct 2025 23:54:15,-0.006
14 Oct 2025 23:55:15,0.018
14 Oct 2025 23:55:45,0.065
14 Oct 2025 23:57:00,0.044
14 Oct 2025 23:57:45,-0.194
14 Oct 2025 23:59:30,0.067
15 Oct 2025 00:01:30,0.057
15 Oct 2025 00:01:45,0.080
15 Oct 2025 00:03:30,0.080
15 Oct 2025 00:04:30,-0.130
15 Oct 2025 00:04:45,0.128
15 Oct 2025 00:07:15,-0.144
15 Oct 2025 00:08:00,-0.010
15 Oct 2025 00:09:00,0.062
15 Oct 2025 00:10:00,0.085
15 Oct 2025 00:10:15,0.233
15 Oct 2025 00:14:30,0.128
15 Oct 2025 00:16:15,0.244
15 Oct 2025 00:17:45,0.079
15 Oct 2025 00:20:45,-0.032
15 Oct 2025 00:21:00,-0.093
15 Oct 2025 00:22:30,0.183
15 Oct 2025 00:22:45,0.034
15 Oct 2025 00:23:30,0.049
15 Oct 2025 00:24:15,-0.014
15 Oct 2025 00:25:15,-0.324
15 Oct 2025 00:26:30,0.045
15 Oct 2025 00:28:15,0.030
15 Oct 2025 00:29:45,0.116
15 Oct 2025 00:30:30,0.052
15 Oct 2025 00:34:00,-0.019
15 Oct 2025 00:34:15,0.081
15 Oct 2025 00:39:15,0.192
15 Oct 2025 00:40:30,0.236
15 Oct 2025 00:42:00,0.126
15 Oct 2025 00:42:45,0.055
15 Oct 2025 00:43:45,0.031
15 Oct 2025 00:46:15,-0.025
15 Oct 2025 01:03:15,0.017
15 Oct 2025 01:04:15,-0.100
15 Oct 2025 01:05:00,0.069
15 Oct 2025 01:06:00,-0.079
15 Oct 2025 01:08:45,0.029
15 Oct 2025 01:11:45,0.165
15 Oct 2025 01:17:00,-0.065
15 Oct 2025 01:19:45,-0.010
15 Oct 2025 01:21:45,0.158
15 Oct 2025 01:23:00,0.045
15 Oct 2025 01:23:15,0.268
15 Oct 2025 01:26:45,0.016
15 Oct 2025 01:27:00,-0.209
15 Oct 2025 01:27:15,0.169
15 Oct 2025 01:31:00,0.117
15 Oct 2025 01:31:45,0.044
15 Oct 2025 01:33:15,0.107
15 Oct 2025 01:38:15,-0.177
15 Oct 2025 01:42:00,0.001
15 Oct 2025 01:43:15,0.175
15 Oct 2025 01:43:30,0.100
15 Oct 2025 01:44:15,-0.101
15 Oct 2025 01:44:30,0.077
15 Oct 2025 01:48:45,0.110
15 Oct 2025 01:53:45,-0.275
15 Oct 2025 01:55:00,0.076
15 Oct 2025 01:56:15,0.033
15 Oct 2025 01:58:00,0.114
15 Oct 2025 01:59:00,0.184
15 Oct 2025 02:01:45,0.064
15 Oct 2025 02:03:00,0.184
15 Oct 2025 02:04:30,0.008
15 Oct 2025 02:06:00,0.050
15 Oct 2025 02:06:45,0.130
15 Oct 2025 02:08:15,0.257
15 Oct 2025 02:13:00,0.242
15 Oct 2025 02:14:15,0.194
15 Oct 2025 02:17:00,0.029
15 Oct 2025 02:19:00,0.084
15 Oct 2025 02:21:00,0.203
15 Oct 2025 02:26:45,-0.034
15 Oct 2025 02:27:15,0.182
15 Oct 2025 02:28:15,0.179
15 Oct 2025 02:28:30,0.032
15 Oct 2025 02:34:00,-0.153
15 Oct 2025 02:34:30,0.046
15 Oct 2025 02:34:45,0.165
15 Oct 2025 02:35:00,-0.161
15 Oct 2025 02:41:00,0.045
15 Oct 2025 02:42:45,0.071
15 Oct 2025 02:43:00,0.012
15 Oct 2025 02:43:30,-0.031
15 Oct 2025 02:44:15,0.222
15 Oct 2025 02:45:45,0.127
15 Oct 2025 02:46:00,-0.048
15 Oct 2025 02:48:00,-0.107
15 Oct 2025 02:52:30,0.063
15 Oct 2025 02:52:45,0.052
15 Oct 2025 02:54:00,0.153
15 Oct 2025 02:54:45,0.004
15 Oct 2025 02:56:00,0.091
15 Oct 2025 02:56:30,0.138
15 Oct 2025 02:56:45,-0.028
15 Oct 2025 02:58:15,0.134
15 Oct 2025 03:00:15,0.241
15 Oct 2025 03:03:15,-0.158
15 Oct 2025 03:06:15,0.074
15 Oct 2025 03:07:00,0.213
15 Oct 2025 03:08:15,0.075
15 Oct 2025 03:09:15,0.089
15 Oct 2025 03:10:00,0.142
15 Oct 2025 03:12:15,-0.073
15 Oct 2025 03:14:30,-0.216
15 Oct 2025 03:15:00,0.155
15 Oct 2025 03:15:15,-0.046
15 Oct 2025 03:18:30,0.061
15 Oct 2025 03:23:15,0.091
15 Oct 2025 03:25:15,0.115
15 Oct 2025 03:25:30,0.046
15 Oct 2025 03:27:45,0.032
15 Oct 2025 03:28:00,0.261
15 Oct 2025 03:29:00,0.016
15 Oct 2025 03:30:00,-0.153
15 Oct 2025 03:31:00,0.182
15 Oct 2025 03:34:30,0.099
15 Oct 2025 03:36:30,-0.168
15 Oct 2025 03:36:45,-0.016
15 Oct 2025 03:40:00,0.242
15 Oct 2025 03:40:15,-0.213
15 Oct 2025 03:43:00,-0.051
15 Oct 2025 03:43:45,0.176
15 Oct 2025 03:44:15,0.192
15 Oct 2025 03:45:00,0.230
15 Oct 2025 03:45:30,-0.009
15 Oct 2025 03:50:00,0.237
15 Oct 2025 03:52:15,0.072
15 Oct 2025 03:52:30,0.214
15 Oct 2025 03:53:45,-0.020
15 Oct 2025 03:54:45,-0.183
15 Oct 2025 03:56:00,0.265
15 Oct 2025 03:59:15,0.117
15 Oct 2025 04:01:15,-0.077
15 Oct 2025 04:03:30,0.039
15 Oct 2025 04:05:00,0.295
15 Oct 2025 04:06:45,0.073
15 Oct 2025 04:07:00,0.020
15 Oct 2025 04:08:00,0.352
15 Oct 2025 04:10:30,-0.120
15 Oct 2025 04:11:30,0.191
15 Oct 2025 04:12:30,-0.128
15 Oct 2025 04:13:30,0.036
15 Oct 2025 04:18:00,0.120
15 Oct 2025 04:26:45,0.065
15 Oct 2025 04:28:30,0.247
15 Oct 2025 04:31:15,-0.229
15 Oct 2025 04:32:00,-0.058
15 Oct 2025 04:32:30,-0.129
15 Oct 2025 04:36:00,0.057
15 Oct 2025 04:36:30,0.213
15 Oct 2025 04:39:15,0.076
15 Oct 2025 04:44:00,-0.129
15 Oct 2025 04:47:00,0.159
15 Oct 2025 04:47:15,-0.010
15 Oct 2025 04:48:30,0.219
15 Oct 2025 04:49:15,-0.144
15 Oct 2025 04:51:45,-0.041
15 Oct 2025 04:53:30,0.114
15 Oct 2025 04:55:45,-0.101
15 Oct 2025 05:03:00,-0.107
15 Oct 2025 05:03:30,0.114
15 Oct 2025 05:03:45,0.125
15 Oct 2025 05:05:45,-0.072
15 Oct 2025 05:11:00,0.101
15 Oct 2025 05:12:30,-0.003
15 Oct 2025 05:16:30,0.121
15 Oct 2025 05:18:15,0.126
15 Oct 2025 05:18:45,0.025
15 Oct 2025 05:22:00,0.035
15 Oct 2025 05:22:45,0.324
15 Oct 2025 05:23:30,-0.040
15 Oct 2025 05:26:45,0.225
15 Oct 2025 05:28:30,0.092
15 Oct 2025 05:30:00,-0.239
15 Oct 2025 05:30:45,-0.119
15 Oct 2025 05:47:15,0.268
15 Oct 2025 05:50:15,0.040
15 Oct 2025 05:55:30,0.103
15 Oct 2025 05:57:15,0.046
15 Oct 2025 05:57:30,0.046
15 Oct 2025 05:59:30,0.002
15 Oct 2025 06:02:15,0.154
15 Oct 2025 06:03:15,0.007
15 Oct 2025 06:04:45,-0.058
15 Oct 2025 06:09:30,0.017
15 Oct 2025 06:09:45,0.011
15 Oct 2025 06:12:00,0.080
15 Oct 2025 06:12:15,0.042
15 Oct 2025 06:12:30,-0.039
15 Oct 2025 06:14:30,0.091
15 Oct 2025 06:15:30,0.147
15 Oct 2025 06:15:45,0.076
15 Oct 2025 06:16:15,0.163
15 Oct 2025 06:18:15,-0.034
15 Oct 2025 06:19:15,0.104
15 Oct 2025 06:19:45,0.182
15 Oct 2025 06:20:45,0.103
15 Oct 2025 06:21:00,-0.233
15 Oct 2025 06:21:30,0.143
15 Oct 2025 06:22:30,0.097
15 Oct 2025 06:24:00,-0.144
15 Oct 2025 06:26:00,-0.002
15 Oct 2025 06:26:15,0.055
15 Oct 2025 06:30:30,-0.040
15 Oct 2025 06:31:15,0.046
15 Oct 2025 06:31:30,0.098
15 Oct 2025 06:33:30,-0.027
15 Oct 2025 06:36:30,-0.076
15 Oct 2025 06:37:15,-0.047
15 Oct 2025 06:38:15,-0.041
15 Oct 2025 06:40:45,0.013
15 Oct 2025 06:47:00,0.262
15 Oct 2025 06:48:45,-0.141
15 Oct 2025 06:50:15,0.037
15 Oct 2025 06:54:30,0.054
15 Oct 2025 06:55:15,0.019
15 Oct 2025 06:55:30,0.048
15 Oct 2025 06:56:15,0.040
15 Oct 2025 06:57:15,0.188
15 Oct 2025 06:59:30,-0.005
15 Oct 2025 07:00:30,0.150
15 Oct 2025 07:01:45,0.105
15 Oct 2025 07:05:30,0.042
15 Oct 2025 07:09:15,-0.112
15 Oct 2025 07:10:45,0.039
15 Oct 2025 07:12:45,0.066
15 Oct 2025 07:15:15,-0.141
15 Oct 2025 07:16:00,-0.007
15 Oct 2025 07:16:15,0.206
15 Oct 2025 07:22:45,0.026
15 Oct 2025 07:23:30,0.027
15 Oct 2025 07:25:00,0.241
15 Oct 2025 07:25:45,0.128
15 Oct 2025 07:26:00,0.138
15 Oct 2025 07:32:15,0.032
15 Oct 2025 07:33:15,0.101
15 Oct 2025 07:36:45,-0.145
15 Oct 2025 07:37:30,-0.104
15 Oct 2025 07:42:30,0.193
15 Oct 2025 07:43:15,-0.003
15 Oct 2025 07:48:30,0.055
15 Oct 2025 07:49:00,0.237
15 Oct 2025 07:52:15,-0.023
15 Oct 2025 07:53:00,0.044
15 Oct 2025 07:55:45,0.046
15 Oct 2025 07:57:30,0.113
15 Oct 2025 07:58:00,-0.029
15 Oct 2025 08:06:30,-0.196
15 Oct 2025 08:06:45,-0.191
15 Oct 2025 08:08:00,-0.081
15 Oct 2025 08:08:15,-0.332
15 Oct 2025 08:09:15,0.091
15 Oct 2025 08:10:00,-0.015
15 Oct 2025 08:10:45,-0.203
15 Oct 2025 08:16:45,-0.169
15 Oct 2025 08:18:30,0.114
15 Oct 2025 08:21:30,-0.082
15 Oct 2025 08:22:00,-0.177
15 Oct 2025 08:22:45,0.330
15 Oct 2025 08:27:00,-0.274
15 Oct 2025 08:33:00,-0.070
15 Oct 2025 08:33:45,-0.042
15 Oct 2025 08:36:45,0.181
15 Oct 2025 08:37:00,0.365
15 Oct 2025 08:39:00,-0.441
15 Oct 2025 08:39:45,0.063
15 Oct 2025 08:41:15,-0.033
15 Oct 2025 08:44:15,0.035
15 Oct 2025 08:50:00,0.094
15 Oct 2025 08:51:00,0.184
15 Oct 2025 08:52:00,0.163
15 Oct 2025 08:54:30,-0.079
15 Oct 2025 08:56:15,-0.030
15 Oct 2025 08:56:30,-0.130
15 Oct 2025 08:58:30,-0.181
15 Oct 2025 09:01:00,0.162
15 Oct 2025 09:01:15,0.281
15 Oct 2025 09:03:45,0.106
15 Oct 2025 09:04:00,-0.190
15 Oct 2025 09:05:15,0.047
15 Oct 2025 09:06:45,-0.177
15 Oct 2025 09:07:30,-0.492
15 Oct 2025 09:12:45,0.077
15 Oct 2025 09:16:30,0.034
15 Oct 2025 09:19:00,0.258
15 Oct 2025 09:20:30,0.072
15 Oct 2025 09:21:30,0.036
15 Oct 2025 09:21:45,-0.248
15 Oct 2025 09:22:00,0.037
15 Oct 2025 09:24:45,0.340
15 Oct 2025 09:25:30,-0.215
15 Oct 2025 09:30:45,0.148
15 Oct 2025 09:33:00,0.155
15 Oct 2025 09:33:15,-0.363
15 Oct 2025 09:40:00,-0.078
15 Oct 2025 09:41:00,-0.374
15 Oct 2025 09:41:30,0.211
15 Oct 2025 09:43:45,0.313
15 Oct 2025 09:44:45,0.039
15 Oct 2025 09:46:00,-0.044
15 Oct 2025 09:48:15,-0.039
15 Oct 2025 09:51:00,-0.172
15 Oct 2025 09:51:30,0.249
15 Oct 2025 09:52:30,-0.066
15 Oct 2025 09:53:15,0.206
15 Oct 2025 09:53:30,-0.518
15 Oct 2025 09:55:30,0.005
15 Oct 2025 09:58:30,-0.174
15 Oct 2025 09:59:45,-0.292
15 Oct 2025 10:05:30,0.088
15 Oct 2025 10:06:45,-0.253
15 Oct 2025 10:11:15,0.473
15 Oct 2025 10:11:45,0.120
15 Oct 2025 10:12:00,-0.002
15 Oct 2025 10:14:30,0.186
15 Oct 2025 10:15:00,0.463
15 Oct 2025 10:21:30,0.081
15 Oct 2025 10:22:00,-0.011
15 Oct 2025 10:23:00,0.303
15 Oct 2025 10:27:15,-0.333
15 Oct 2025 10:29:30,0.306
15 Oct 2025 10:31:00,0.104
15 Oct 2025 10:32:30,0.044
15 Oct 2025 10:34:15,0.399
15 Oct 2025 10:35:15,-0.125
15 Oct 2025 10:36:45,0.227
15 Oct 2025 10:37:30,0.071
15 Oct 2025 10:38:15,-0.002
15 Oct 2025 10:39:15,-0.060
15 Oct 2025 10:43:00,0.082
15 Oct 2025 10:45:30,-0.210
15 Oct 2025 10:47:15,0.040
15 Oct 2025 10:47:45,0.155
15 Oct 2025 10:48:45,-0.027
15 Oct 2025 10:51:15,0.327
15 Oct 2025 10:52:00,-0.133
15 Oct 2025 10:57:00,0.123
15 Oct 2025 10:58:45,-0.139
15 Oct 2025 11:00:45,0.177
15 Oct 2025 11:02:00,0.198
15 Oct 2025 11:02:15,0.038
15 Oct 2025 11:03:30,0.148
15 Oct 2025 11:03:45,-0.754
15 Oct 2025 11:05:15,-0.009
15 Oct 2025 11:05:30,0.026
15 Oct 2025 11:06:15,-0.113
15 Oct 2025 11:08:45,0.007
15 Oct 2025 11:10:00,0.164
15 Oct 2025 11:12:30,-0.084
15 Oct 2025 11:14:00,0.034
15 Oct 2025 11:14:30,-0.001
15 Oct 2025 11:15:00,0.148
15 Oct 2025 11:15:45,-0.307
15 Oct 2025 11:16:00,-0.195
15 Oct 2025 11:17:00,-0.295
15 Oct 2025 11:17:30,-0.138
15 Oct 2025 11:17:45,-0.141
15 Oct 2025 11:20:45,-0.158
15 Oct 2025 11:21:30,-0.062
15 Oct 2025 11:21:45,0.207
15 Oct 2025 11:23:30,-0.303
15 Oct 2025 11:23:45,-0.185
15 Oct 2025 11:26:00,0.266
15 Oct 2025 11:28:00,-0.310
15 Oct 2025 11:30:15,0.207
15 Oct 2025 11:30:30,-0.137
15 Oct 2025 11:32:15,0.223
15 Oct 2025 11:39:30,0.039
15 Oct 2025 11:41:45,0.007
15 Oct 2025 11:47:15,-0.366
15 Oct 2025 11:51:30,-0.180
15 Oct 2025 11:56:00,0.004
15 Oct 2025 11:59:30,0.005
15 Oct 2025 12:04:15,-0.284
15 Oct 2025 12:06:15,0.034
15 Oct 2025 12:06:45,-0.130
15 Oct 2025 12:10:15,0.156
15 Oct 2025 12:14:30,0.217
15 Oct 2025 12:15:00,0.059
15 Oct 2025 12:19:30,0.175
15 Oct 2025 12:22:00,0.011
15 Oct 2025 12:24:00,0.086
15 Oct 2025 12:27:00,0.087
15 Oct 2025 12:28:15,0.218
15 Oct 2025 12:30:45,0.212
15 Oct 2025 12:35:45,-0.107
15 Oct 2025 12:36:00,0.208
15 Oct 2025 12:37:00,0.108
15 Oct 2025 12:39:45,0.306
15 Oct 2025 12:42:00,0.148
15 Oct 2025 12:42:30,0.348
15 Oct 2025 12:42:45,0.116
15 Oct 2025 12:43:15,0.187
15 Oct 2025 12:43:45,0.016
15 Oct 2025 12:46:00,0.115
15 Oct 2025 12:46:45,0.111
15 Oct 2025 12:47:45,0.094
15 Oct 2025 12:51:00,0.064
15 Oct 2025 12:52:30,0.091
15 Oct 2025 12:54:15,0.129
15 Oct 2025 12:54:45,0.097
15 Oct 2025 13:05:00,0.175
15 Oct 2025 13:05:30,0.055
15 Oct 2025 13:08:45,0.002
15 Oct 2025 13:11:30,0.062
15 Oct 2025 13:13:30,0.099
15 Oct 2025 13:13:45,0.269
15 Oct 2025 13:16:15,0.281
15 Oct 2025 13:23:30,0.296
15 Oct 2025 13:24:45,0.201
15 Oct 2025 13:27:00,0.059
15 Oct 2025 13:28:30,0.118
15 Oct 2025 13:29:15,0.197
15 Oct 2025 13:30:00,0.158
15 Oct 2025 13:30:30,0.203
15 Oct 2025 13:31:00,0.253
15 Oct 2025 13:36:30,0.218
15 Oct 2025 13:39:00,-0.009
15 Oct 2025 13:41:45,0.332
15 Oct 2025 13:43:15,0.313
15 Oct 2025 13:43:30,0.256
15 Oct 2025 13:45:00,-0.138
15 Oct 2025 13:45:30,0.090
15 Oct 2025 13:47:15,-0.018
15 Oct 2025 13:48:45,0.295
15 Oct 2025 13:49:15,0.242
15 Oct 2025 13:51:15,0.200
15 Oct 2025 13:54:45,0.184
15 Oct 2025 13:55:00,0.136
15 Oct 2025 13:55:45,0.191
15 Oct 2025 13:58:30,0.149
15 Oct 2025 13:59:45,0.286
15 Oct 2025 14:03:45,0.252
15 Oct 2025 14:04:45,0.064
15 Oct 2025 14:05:15,0.159
15 Oct 2025 14:10:30,0.262
15 Oct 2025 14:13:30,0.265
15 Oct 2025 14:17:45,0.137
15 Oct 2025 14:18:15,0.209
15 Oct 2025 14:19:45,0.240
15 Oct 2025 14:20:30,0.244
15 Oct 2025 14:21:15,0.231
15 Oct 2025 14:22:45,0.286
15 Oct 2025 14:25:30,0.261
15 Oct 2025 14:26:45,0.180
15 Oct 2025 14:27:45,0.378
15 Oct 2025 14:28:00,0.209
15 Oct 2025 14:31:15,0.230
15 Oct 2025 14:36:00,0.162
15 Oct 2025 14:37:30,-0.059
15 Oct 2025 14:38:00,0.108
15 Oct 2025 14:38:15,0.120
15 Oct 2025 14:39:15,0.194
15 Oct 2025 14:42:45,0.111
15 Oct 2025 14:43:00,0.226
15 Oct 2025 14:47:00,0.139
15 Oct 2025 14:47:45,0.072
15 Oct 2025 14:49:00,0.014
15 Oct 2025 14:51:00,0.118
15 Oct 2025 14:53:00,0.108
15 Oct 2025 14:55:00,0.024
15 Oct 2025 14:57:00,0.078
15 Oct 2025 14:59:00,0.258
15 Oct 2025 15:00:00,0.289
15 Oct 2025 15:04:15,0.190
15 Oct 2025 15:05:30,0.182
15 Oct 2025 15:06:30,0.157
15 Oct 2025 15:07:30,0.034
15 Oct 2025 15:10:00,0.181
15 Oct 2025 15:11:30,0.117
15 Oct 2025 15:19:15,0.347
15 Oct 2025 15:19:30,0.281
15 Oct 2025 15:20:45,0.204
15 Oct 2025 15:21:30,0.281
15 Oct 2025 15:22:45,0.307
15 Oct 2025 15:24:45,0.156
15 Oct 2025 15:36:15,0.295
15 Oct 2025 15:36:45,0.272
15 Oct 2025 15:38:30,-0.003
15 Oct 2025 15:41:45,0.193
15 Oct 2025 15:43:15,0.196
15 Oct 2025 15:46:15,0.295
15 Oct 2025 15:48:45,0.173
15 Oct 2025 15:51:15,0.240
15 Oct 2025 15:51:30,0.236
15 Oct 2025 15:54:00,0.252
15 Oct 2025 15:59:00,0.307
15 Oct 2025 16:00:45,0.218
15 Oct 2025 16:02:45,0.181
15 Oct 2025 16:04:30,0.288
15 Oct 2025 16:05:30,0.108
15 Oct 2025 16:07:00,0.287
15 Oct 2025 16:09:00,0.201
15 Oct 2025 16:14:15,0.207
15 Oct 2025 16:17:30,0.217
15 Oct 2025 16:18:15,0.314
15 Oct 2025 16:18:30,0.140
15 Oct 2025 16:19:30,0.045
15 Oct 2025 16:22:00,0.153
15 Oct 2025 16:26:15,0.117
15 Oct 2025 16:28:00,0.184
15 Oct 2025 16:28:30,0.186
15 Oct 2025 16:30:00,0.111
15 Oct 2025 16:31:30,0.327
15 Oct 2025 16:31:45,0.265
15 Oct 2025 16:39:15,0.268
15 Oct 2025 16:39:30,0.188
15 Oct 2025 16:41:00,0.077
15 Oct 2025 16:42:00,0.254
15 Oct 2025 16:42:15,0.147
15 Oct 2025 16:43:00,0.237
15 Oct 2025 16:43:30,0.136
15 Oct 2025 16:45:15,0.199
15 Oct 2025 16:46:00,0.020
15 Oct 2025 16:46:15,0.287
15 Oct 2025 16:46:30,0.148
15 Oct 2025 16:48:15,0.206
15 Oct 2025 16:48:30,0.360
15 Oct 2025 16:50:45,0.115
15 Oct 2025 16:53:30,0.292
15 Oct 2025 16:53:45,0.328
15 Oct 2025 16:56:00,0.161
15 Oct 2025 16:56:45,0.368
15 Oct 2025 16:57:00,0.093
15 Oct 2025 17:02:30,0.080
15 Oct 2025 17:03:00,0.243
15 Oct 2025 17:04:00,0.269
15 Oct 2025 17:12:15,0.210
15 Oct 2025 17:12:30,0.313
15 Oct 2025 17:12:45,0.286
15 Oct 2025 17:13:15,0.220
15 Oct 2025 17:13:30,0.175
15 Oct 2025 17:19:45,0.197
15 Oct 2025 17:21:30,0.063
15 Oct 2025 17:22:00,0.251
15 Oct 2025 17:23:00,0.267
15 Oct 2025 17:24:30,0.129
15 Oct 2025 17:26:45,0.169
15 Oct 2025 17:27:45,0.084
15 Oct 2025 17:29:30,0.052
15 Oct 2025 17:29:45,0.106
15 Oct 2025 17:30:15,0.190
15 Oct 2025 17:33:00,0.213
15 Oct 2025 17:33:45,0.244
15 Oct 2025 17:34:45,0.101
15 Oct 2025 17:35:45,0.088
15 Oct 2025 17:36:15,0.007
15 Oct 2025 17:37:45,-0.052
15 Oct 2025 17:42:15,0.099
15 Oct 2025 17:47:30,-0.016
15 Oct 2025 17:48:00,0.096
15 Oct 2025 17:51:00,0.289
15 Oct 2025 17:54:45,0.116
15 Oct 2025 17:55:15,0.088
15 Oct 2025 17:55:30,-0.086
15 Oct 2025 17:56:45,0.294
15 Oct 2025 17:57:00,0.331
15 Oct 2025 17:59:45,0.014
15 Oct 2025 18:02:30,0.150
15 Oct 2025 18:03:15,-0.116
15 Oct 2025 18:05:45,-0.082
15 Oct 2025 18:09:45,0.374
15 Oct 2025 18:16:30,0.089
15 Oct 2025 18:17:00,0.147
15 Oct 2025 18:17:15,0.272
15 Oct 2025 18:19:15,0.070
15 Oct 2025 18:20:30,0.160
15 Oct 2025 18:20:45,0.209
15 Oct 2025 18:23:00,0.144
15 Oct 2025 18:26:15,0.053
15 Oct 2025 18:26:30,0.115
15 Oct 2025 18:31:15,0.200
15 Oct 2025 18:32:15,0.271
15 Oct 2025 18:33:30,0.276
15 Oct 2025 18:34:45,0.290
15 Oct 2025 18:39:15,0.199
15 Oct 2025 18:50:00,0.249
15 Oct 2025 18:53:15,0.084
15 Oct 2025 18:54:15,0.207
15 Oct 2025 18:54:45,0.152
15 Oct 2025 18:55:30,0.069
15 Oct 2025 18:59:15,0.034
15 Oct 2025 19:02:30,-0.060
15 Oct 2025 19:02:45,0.044
15 Oct 2025 19:03:00,-0.068
15 Oct 2025 19:05:15,-0.095
15 Oct 2025 19:07:00,0.089
15 Oct 2025 19:07:15,0.185
15 Oct 2025 19:10:45,0.195
15 Oct 2025 19:14:45,0.213
15 Oct 2025 19:16:15,0.237
15 Oct 2025 19:16:30,0.044
15 Oct 2025 19:17:45,-0.024
15 Oct 2025 19:18:00,0.051
15 Oct 2025 19:18:30,0.120
15 Oct 2025 19:19:45,0.050
15 Oct 2025 19:20:00,-0.128
15 Oct 2025 19:20:30,0.014
15 Oct 2025 19:20:45,0.038
15 Oct 2025 19:22:15,-0.010
15 Oct 2025 19:22:30,0.228
15 Oct 2025 19:24:45,-0.096
15 Oct 2025 19:25:00,0.285
15 Oct 2025 19:25:45,0.241
15 Oct 2025 19:26:30,0.110
15 Oct 2025 19:27:00,0.238
15 Oct 2025 19:32:00,0.142
15 Oct 2025 19:33:00,0.175
15 Oct 2025 19:34:00,0.108
15 Oct 2025 19:36:30,0.084
15 Oct 2025 19:37:00,0.054
15 Oct 2025 19:37:15,0.003
15 Oct 2025 19:38:30,-0.028
15 Oct 2025 19:44:00,-0.011
15 Oct 2025 19:44:15,0.138
15 Oct 2025 19:46:15,-0.050
15 Oct 2025 19:47:30,-0.041
15 Oct 2025 19:49:00,0.221
15 Oct 2025 19:49:30,-0.042
15 Oct 2025 19:50:45,0.119
15 Oct 2025 19:52:15,-0.059
15 Oct 2025 19:57:30,0.020
15 Oct 2025 20:03:45,0.241
15 Oct 2025 20:04:30,-0.046
15 Oct 2025 20:08:00,-0.121
15 Oct 2025 20:08:30,-0.089
15 Oct 2025 20:09:15,0.147
15 Oct 2025 20:11:30,0.015
15 Oct 2025 20:12:45,0.104
15 Oct 2025 20:13:00,0.064
15 Oct 2025 20:16:45,0.029
15 Oct 2025 20:21:00,0.050
15 Oct 2025 20:29:00,0.038
15 Oct 2025 20:30:00,-0.011
15 Oct 2025 20:30:15,0.017
15 Oct 2025 20:30:30,-0.011
15 Oct 2025 20:33:15,0.080
15 Oct 2025 20:34:15,0.055
15 Oct 2025 20:36:45,0.043
15 Oct 2025 20:37:15,0.159
15 Oct 2025 20:42:45,0.083
15 Oct 2025 20:43:00,0.126
15 Oct 2025 20:44:00,0.123
15 Oct 2025 20:45:45,0.008
15 Oct 2025 20:46:30,-0.035
15 Oct 2025 20:47:00,0.008
15 Oct 2025 20:50:00,-0.080
15 Oct 2025 20:51:00,-0.053
15 Oct 2025 20:51:15,-0.055
15 Oct 2025 20:52:45,0.143
15 Oct 2025 20:53:30,0.023
15 Oct 2025 20:55:00,0.018
15 Oct 2025 20:56:15,-0.043
15 Oct 2025 21:07:30,0.043
15 Oct 2025 21:11:00,0.093
15 Oct 2025 21:11:45,-0.033
15 Oct 2025 21:13:15,-0.022
15 Oct 2025 21:19:00,-0.017
15 Oct 2025 21:19:15,0.085
15 Oct 2025 21:20:00,0.010
15 Oct 2025 21:29:00,0.137
15 Oct 2025 21:29:30,0.068
15 Oct 2025 21:30:15,0.098
15 Oct 2025 21:32:30,0.035
15 Oct 2025 21:37:00,0.026
15 Oct 2025 21:37:30,-0.010
15 Oct 2025 21:38:45,-0.027
15 Oct 2025 21:41:00,0.023
15 Oct 2025 21:43:15,-0.012
15 Oct 2025 21:45:30,-0.052
15 Oct 2025 21:47:00,-0.004
15 Oct 2025 21:48:15,0.032
15 Oct 2025 21:53:15,-0.032
15 Oct 2025 21:54:15,0.036
15 Oct 2025 21:56:15,0.051
15 Oct 2025 21:58:45,-0.109
15 Oct 2025 22:02:00,0.082
15 Oct 2025 22:02:15,0.069
15 Oct 2025 22:03:15,0.096
15 Oct 2025 22:03:45,-0.017
15 Oct 2025 22:04:30,0.033
15 Oct 2025 22:08:30,-0.043
15 Oct 2025 22:15:00,0.137
15 Oct 2025 22:16:30,0.058
15 Oct 2025 22:17:15,-0.027
15 Oct 2025 22:19:15,-0.069
15 Oct 2025 22:23:30,-0.018
15 Oct 2025 22:25:15,0.018
15 Oct 2025 22:26:30,0.084
15 Oct 2025 22:26:45,-0.056
15 Oct 2025 22:29:30,0.136
15 Oct 2025 22:29:45,-0.115
15 Oct 2025 22:33:00,0.109
15 Oct 2025 22:35:15,0.066
15 Oct 2025 22:36:30,-0.050
15 Oct 2025 22:42:00,-0.068
15 Oct 2025 22:42:30,0.085
15 Oct 2025 22:43:00,-0.002
15 Oct 2025 22:47:00,-0.008
15 Oct 2025 22:51:00,0.054
15 Oct 2025 22:51:15,-0.015
15 Oct 2025 22:52:00,0.022
15 Oct 2025 22:59:30,-0.005
15 Oct 2025 23:01:45,-0.058
15 Oct 2025 23:05:45,0.015
15 Oct 2025 23:10:45,-0.038
15 Oct 2025 23:13:45,-0.002
15 Oct 2025 23:20:45,-0.045
15 Oct 2025 23:21:15,0.041
15 Oct 2025 23:23:00,-0.024
15 Oct 2025 23:24:00,-0.018
15 Oct 2025 23:24:15,0.036
15 Oct 2025 23:24:45,-0.028
15 Oct 2025 23:26:45,-0.050
15 Oct 2025 23:27:30,-0.038
15 Oct 2025 23:29:15,-0.062
15 Oct 2025 23:29:30,-0.085
15 Oct 2025 23:29:45,0.030
15 Oct 2025 23:30:00,-0.072
15 Oct 2025 23:30:45,-0.026
15 Oct 2025 23:32:00,-0.073
15 Oct 2025 23:32:15,-0.042
15 Oct 2025 23:32:30,-0.100
15 Oct 2025 23:33:00,-0.037
15 Oct 2025 23:33:45,0.008
15 Oct 2025 23:35:00,0.054
15 Oct 2025 23:42:00,0.091
15 Oct 2025 23:42:45,0.041
15 Oct 2025 23:44:30,-0.031
15 Oct 2025 23:45:15,-0.179
15 Oct 2025 23:47:45,-0.135
15 Oct 2025 23:50:00,0.236
15 Oct 2025 23:52:45,0.105
15 Oct 2025 23:56:45,-0.004
15 Oct 2025 23:59:30,-0.166
15 Oct 2025 23:59:45,0.047
16 Oct 2025 00:04:15,0.033
16 Oct 2025 00:07:00,-0.021
16 Oct 2025 00:10:00,0.031
16 Oct 2025 00:14:15,-0.167
16 Oct 2025 00:15:15,0.179
16 Oct 2025 00:16:15,-0.059
16 Oct 2025 00:17:15,-0.160
16 Oct 2025 00:23:30,-0.055
16 Oct 2025 00:24:15,-0.033
16 Oct 2025 00:24:30,-0.029
16 Oct 2025 00:25:30,-0.112
16 Oct 2025 00:26:30,0.140
16 Oct 2025 00:28:45,-0.028
16 Oct 2025 00:30:15,0.051
16 Oct 2025 00:32:45,0.128
16 Oct 2025 00:35:30,0.080
16 Oct 2025 00:40:45,0.138
16 Oct 2025 00:42:00,0.046
16 Oct 2025 00:43:00,0.164
16 Oct 2025 00:45:45,-0.103
16 Oct 2025 00:46:00,0.179
16 Oct 2025 00:48:15,0.057
16 Oct 2025 00:48:30,0.171
16 Oct 2025 00:53:45,-0.084
16 Oct 2025 00:55:00,0.044
16 Oct 2025 00:55:15,-0.053
16 Oct 2025 00:57:00,0.195
16 Oct 2025 00:59:15,-0.227
16 Oct 2025 01:00:45,0.285
16 Oct 2025 01:02:45,0.090
16 Oct 2025 01:03:15,0.114
16 Oct 2025 01:08:30,0.215
16 Oct 2025 01:09:45,-0.006
16 Oct 2025 01:14:45,0.164
16 Oct 2025 01:17:15,0.018
16 Oct 2025 01:22:15,0.035
16 Oct 2025 01:25:30,-0.005
16 Oct 2025 01:26:45,0.095
16 Oct 2025 01:29:30,0.190
16 Oct 2025 01:36:45,-0.001
16 Oct 2025 01:43:15,0.002
16 Oct 2025 01:44:45,-0.161
16 Oct 2025 01:45:00,0.023
16 Oct 2025 01:49:45,-0.057
16 Oct 2025 01:55:00,0.040
16 Oct 2025 01:56:15,0.224
16 Oct 2025 02:02:15,-0.138
16 Oct 2025 02:03:30,-0.038
16 Oct 2025 02:08:00,-0.035
16 Oct 2025 02:08:30,0.306
16 Oct 2025 02:10:45,-0.134
16 Oct 2025 02:11:00,0.215
16 Oct 2025 02:12:00,0.033
16 Oct 2025 02:12:30,-0.256
16 Oct 2025 02:12:45,0.002
16 Oct 2025 02:15:00,-0.194
16 Oct 2025 02:16:00,0.244
16 Oct 2025 02:17:00,0.052
16 Oct 2025 02:17:45,0.159
16 Oct 2025 02:19:00,0.046
16 Oct 2025 02:19:30,0.210
16 Oct 2025 02:24:30,0.317
16 Oct 2025 02:31:45,0.050
16 Oct 2025 02:33:15,0.087
16 Oct 2025 02:33:45,0.394
16 Oct 2025 02:38:45,0.143
16 Oct 2025 02:39:15,-0.002
16 Oct 2025 02:39:45,0.141
16 Oct 2025 02:43:00,-0.105
16 Oct 2025 02:45:15,0.036
16 Oct 2025 02:49:00,0.148
16 Oct 2025 02:50:00,0.136
16 Oct 2025 02:53:00,-0.104
16 Oct 2025 02:53:30,0.087
16 Oct 2025 02:54:00,-0.012
16 Oct 2025 02:55:30,0.313
16 Oct 2025 02:57:00,0.240
16 Oct 2025 03:02:00,0.293
16 Oct 2025 03:03:30,0.032
16 Oct 2025 03:03:45,-0.060
16 Oct 2025 03:04:15,0.070
16 Oct 2025 03:07:00,0.045
16 Oct 2025 03:07:30,0.083
16 Oct 2025 03:12:30,0.142
16 Oct 2025 03:13:30,-0.082
16 Oct 2025 03:18:00,0.129
16 Oct 2025 03:24:45,0.049
16 Oct 2025 03:26:00,0.119
16 Oct 2025 03:27:15,-0.095
16 Oct 2025 03:27:45,0.068
16 Oct 2025 03:30:15,0.025
16 Oct 2025 03:32:15,0.270
16 Oct 2025 03:32:45,0.194
16 Oct 2025 03:33:45,0.315
16 Oct 2025 03:34:00,0.052
16 Oct 2025 03:35:15,0.212
16 Oct 2025 03:36:00,0.188
16 Oct 2025 03:39:30,-0.013
16 Oct 2025 03:40:30,0.104
16 Oct 2025 03:42:00,0.070
16 Oct 2025 03:42:15,0.185
16 Oct 2025 03:43:15,0.349
16 Oct 2025 03:44:45,-0.444
16 Oct 2025 03:47:15,0.121
16 Oct 2025 03:48:00,0.459
16 Oct 2025 03:49:30,0.240
16 Oct 2025 03:52:45,-0.014
16 Oct 2025 03:53:30,-0.014
16 Oct 2025 03:54:30,0.327
16 Oct 2025 03:57:00,0.134
16 Oct 2025 03:59:45,-0.052
16 Oct 2025 04:02:15,-0.005
16 Oct 2025 04:02:30,0.299
16 Oct 2025 04:05:00,-0.166
16 Oct 2025 04:05:30,-0.113
16 Oct 2025 04:08:15,0.289
16 Oct 2025 04:10:15,0.043
16 Oct 2025 04:10:45,-0.202
16 Oct 2025 04:14:30,0.504
16 Oct 2025 04:16:30,0.211
16 Oct 2025 04:17:00,-0.082
16 Oct 2025 04:19:45,-0.139
16 Oct 2025 04:21:00,0.083
16 Oct 2025 04:22:00,-0.223
16 Oct 2025 04:24:30,0.669
16 Oct 2025 04:26:15,0.183
16 Oct 2025 04:26:45,0.460
16 Oct 2025 04:27:00,0.027
16 Oct 2025 04:30:15,-0.098
16 Oct 2025 04:31:15,-0.058
16 Oct 2025 04:35:00,0.322
16 Oct 2025 04:39:30,0.285
16 Oct 2025 04:42:15,0.260
16 Oct 2025 04:42:30,0.526
16 Oct 2025 04:43:15,0.234
16 Oct 2025 04:44:15,-0.048
16 Oct 2025 04:45:30,0.305
16 Oct 2025 04:46:30,-0.086
16 Oct 2025 04:49:45,0.141
16 Oct 2025 04:50:45,0.124
16 Oct 2025 04:56:15,-0.386
16 Oct 2025 04:58:45,0.117
16 Oct 2025 05:00:15,-0.050
16 Oct 2025 05:02:15,-0.140
16 Oct 2025 05:06:00,0.066
16 Oct 2025 05:09:45,-0.082
16 Oct 2025 05:11:45,0.064
16 Oct 2025 05:12:00,0.028
16 Oct 2025 05:14:00,-0.191
16 Oct 2025 05:15:45,-0.192
16 Oct 2025 05:18:30,0.212
16 Oct 2025 05:20:45,0.598
16 Oct 2025 05:23:00,0.439
16 Oct 2025 05:23:30,0.171
16 Oct 2025 05:26:00,-0.067
16 Oct 2025 05:28:30,-0.062
16 Oct 2025 05:30:30,0.215
16 Oct 2025 05:31:15,-0.094
16 Oct 2025 05:31:45,0.039
16 Oct 2025 05:32:00,0.239
16 Oct 2025 05:32:45,0.106
16 Oct 2025 05:33:15,-0.122
16 Oct 2025 05:36:30,0.109
16 Oct 2025 05:38:00,0.130
16 Oct 2025 05:38:30,-0.006
16 Oct 2025 05:41:00,-0.040
16 Oct 2025 05:41:45,0.264
16 Oct 2025 05:42:15,0.136
16 Oct 2025 05:43:45,0.051
16 Oct 2025 05:46:00,0.455
16 Oct 2025 05:50:00,0.055
16 Oct 2025 05:50:15,0.055
16 Oct 2025 05:53:15,0.085
16 Oct 2025 05:55:30,0.215
16 Oct 2025 05:56:30,-0.084
16 Oct 2025 05:57:30,0.034
16 Oct 2025 06:00:45,0.201
16 Oct 2025 06:04:45,-0.026
16 Oct 2025 06:08:15,0.102
16 Oct 2025 06:08:45,0.573
16 Oct 2025 06:09:30,0.422
16 Oct 2025 06:09:45,0.075
16 Oct 2025 06:11:30,-0.235
16 Oct 2025 06:20:15,0.122
16 Oct 2025 06:20:45,0.111
16 Oct 2025 06:24:00,0.350
16 Oct 2025 06:26:30,-0.114
16 Oct 2025 06:27:00,-0.015
16 Oct 2025 06:27:15,0.039
16 Oct 2025 06:30:15,0.113
16 Oct 2025 06:31:45,0.283
16 Oct 2025 06:33:30,0.074
16 Oct 2025 06:35:30,-0.038
16 Oct 2025 06:43:00,0.009
16 Oct 2025 06:45:30,0.034
16 Oct 2025 06:47:30,0.158
16 Oct 2025 06:48:00,-0.105
16 Oct 2025 06:49:15,0.211
16 Oct 2025 06:50:00,-0.090
16 Oct 2025 06:52:45,0.116
16 Oct 2025 06:54:30,-0.055
16 Oct 2025 06:58:15,0.206
16 Oct 2025 07:00:00,0.167
16 Oct 2025 07:00:15,0.110
16 Oct 2025 07:01:30,0.088
16 Oct 2025 07:05:30,-0.005
16 Oct 2025 07:05:45,0.132
16 Oct 2025 07:09:15,0.058
16 Oct 2025 07:10:15,0.034
16 Oct 2025 07:11:15,-0.009
16 Oct 2025 07:12:45,-0.269
16 Oct 2025 07:13:30,-0.037
16 Oct 2025 07:14:45,0.038
16 Oct 2025 07:17:30,-0.064
16 Oct 2025 07:22:45,-0.232
16 Oct 2025 07:23:00,-0.069
16 Oct 2025 07:24:00,0.084
16 Oct 2025 07:24:45,0.220
16 Oct 2025 07:26:00,0.231
16 Oct 2025 07:26:45,0.026
16 Oct 2025 07:27:30,0.173
16 Oct 2025 07:34:15,-0.083
16 Oct 2025 07:36:15,0.058
16 Oct 2025 07:37:15,-0.011
16 Oct 2025 07:37:30,0.129
16 Oct 2025 07:39:15,-0.048
16 Oct 2025 07:43:45,-0.095
16 Oct 2025 07:47:00,0.063
16 Oct 2025 07:49:30,0.154
16 Oct 2025 07:53:00,0.054
16 Oct 2025 07:57:45,0.195
16 Oct 2025 08:01:00,0.044
16 Oct 2025 08:09:45,0.211
16 Oct 2025 08:13:30,-0.151
16 Oct 2025 08:14:45,0.202
16 Oct 2025 08:16:15,0.026
16 Oct 2025 08:17:30,0.048
16 Oct 2025 08:19:15,0.221
16 Oct 2025 08:19:30,-0.007
16 Oct 2025 08:20:30,0.181
16 Oct 2025 08:21:15,0.067
16 Oct 2025 08:23:15,0.025
16 Oct 2025 08:26:30,-0.039
16 Oct 2025 08:30:15,0.078
16 Oct 2025 08:36:15,0.119
16 Oct 2025 08:43:15,0.224
16 Oct 2025 08:45:30,-0.065
16 Oct 2025 08:45:45,0.115
16 Oct 2025 08:50:15,0.146
16 Oct 2025 08:53:30,-0.024
16 Oct 2025 08:54:45,0.100
16 Oct 2025 08:57:00,0.121
16 Oct 2025 08:58:15,0.053
16 Oct 2025 09:00:15,0.001
16 Oct 2025 09:01:30,0.197
16 Oct 2025 09:03:00,0.063
16 Oct 2025 09:04:30,-0.010
16 Oct 2025 09:04:45,-0.034
16 Oct 2025 09:06:00,-0.086
16 Oct 2025 09:06:45,0.050
16 Oct 2025 09:08:30,-0.030
16 Oct 2025 09:15:30,-0.006
16 Oct 2025 09:16:45,0.034
16 Oct 2025 09:19:30,-0.030
16 Oct 2025 09:21:30,0.017
16 Oct 2025 09:22:30,0.117
16 Oct 2025 09:22:45,0.042
16 Oct 2025 09:24:45,-0.080
16 Oct 2025 09:25:15,-0.154
16 Oct 2025 09:28:30,0.053
16 Oct 2025 09:29:15,0.003
16 Oct 2025 09:32:15,0.036
16 Oct 2025 09:33:30,-0.058
16 Oct 2025 09:36:45,-0.111
16 Oct 2025 09:38:00,-0.030
16 Oct 2025 09:38:30,0.081
16 Oct 2025 09:39:45,0.179
16 Oct 2025 09:40:00,0.033
16 Oct 2025 09:43:15,0.065
16 Oct 2025 09:43:30,-0.106
16 Oct 2025 09:43:45,0.042
16 Oct 2025 09:46:15,-0.056
16 Oct 2025 09:49:00,-0.007
16 Oct 2025 09:49:15,-0.192
16 Oct 2025 09:53:45,0.142
16 Oct 2025 09:55:00,0.097
16 Oct 2025 09:57:30,0.059
16 Oct 2025 09:58:15,0.088
16 Oct 2025 10:00:45,0.009
16 Oct 2025 10:01:00,-0.007
16 Oct 2025 10:01:30,0.080
16 Oct 2025 10:06:00,0.082
16 Oct 2025 10:07:45,-0.059
16 Oct 2025 10:09:15,-0.005
16 Oct 2025 10:09:30,-0.213
16 Oct 2025 10:10:15,-0.007
16 Oct 2025 10:12:15,0.047
16 Oct 2025 10:14:30,0.091
16 Oct 2025 10:21:00,0.050
16 Oct 2025 10:21:45,0.146
16 Oct 2025 10:23:15,-0.021
16 Oct 2025 10:24:00,0.061
16 Oct 2025 10:25:15,0.116
16 Oct 2025 10:25:30,-0.037
16 Oct 2025 10:27:30,0.015
16 Oct 2025 10:28:45,0.086
16 Oct 2025 10:29:00,-0.134
16 Oct 2025 10:30:15,0.017
16 Oct 2025 10:31:00,-0.016
16 Oct 2025 10:31:30,0.066
16 Oct 2025 10:37:30,-0.084
16 Oct 2025 10:38:15,0.109
16 Oct 2025 10:40:45,0.030
16 Oct 2025 10:41:30,0.057
16 Oct 2025 10:42:00,0.126
16 Oct 2025 10:43:00,0.106
16 Oct 2025 10:44:15,-0.033
16 Oct 2025 10:45:30,-0.026
16 Oct 2025 10:49:15,0.009
16 Oct 2025 10:53:00,-0.134
16 Oct 2025 10:53:30,-0.108
16 Oct 2025 10:57:00,0.086
16 Oct 2025 11:01:00,-0.017
16 Oct 2025 11:02:15,-0.095
16 Oct 2025 11:04:00,0.102
16 Oct 2025 11:07:15,-0.080
16 Oct 2025 11:10:45,-0.041
16 Oct 2025 11:16:45,-0.021
16 Oct 2025 11:17:15,-0.040
16 Oct 2025 11:19:15,0.021
16 Oct 2025 11:19:45,-0.008
16 Oct 2025 11:23:15,0.162
16 Oct 2025 11:24:30,0.029
16 Oct 2025 11:25:15,-0.033
16 Oct 2025 11:27:15,-0.031
16 Oct 2025 11:29:15,-0.043
16 Oct 2025 11:37:30,-0.060
16 Oct 2025 11:40:00,0.023
16 Oct 2025 11:42:45,0.109
16 Oct 2025 11:43:00,0.069
16 Oct 2025 11:44:30,0.112
16 Oct 2025 11:46:45,0.222
16 Oct 2025 11:49:15,-0.046
16 Oct 2025 11:52:00,0.073
16 Oct 2025 11:53:15,0.224
16 Oct 2025 11:54:00,-0.008
16 Oct 2025 11:54:45,0.065
16 Oct 2025 11:55:15,-0.031
16 Oct 2025 11:55:30,-0.009
16 Oct 2025 11:59:15,0.009
16 Oct 2025 12:00:45,0.074
16 Oct 2025 12:01:30,0.097
16 Oct 2025 12:09:45,0.171
16 Oct 2025 12:13:00,0.130
16 Oct 2025 12:16:30,0.101
16 Oct 2025 12:17:00,0.014
16 Oct 2025 12:21:30,-0.120
16 Oct 2025 12:22:00,0.081
16 Oct 2025 12:29:00,0.028
16 Oct 2025 12:29:45,0.059
16 Oct 2025 12:31:45,0.110
16 Oct 2025 12:33:30,0.014
16 Oct 2025 12:35:00,0.144
16 Oct 2025 12:37:15,0.044
16 Oct 2025 12:42:45,-0.086
16 Oct 2025 12:45:15,0.006
16 Oct 2025 12:47:15,-0.144
16 Oct 2025 12:48:00,0.217
16 Oct 2025 12:48:15,0.043
16 Oct 2025 12:48:45,0.078
16 Oct 2025 12:49:15,0.122
16 Oct 2025 12:51:15,0.129
16 Oct 2025 12:54:45,0.246
16 Oct 2025 12:55:45,0.231
16 Oct 2025 12:57:00,0.228
16 Oct 2025 13:01:45,0.226
16 Oct 2025 13:03:00,-0.082
16 Oct 2025 13:04:30,0.169
16 Oct 2025 13:06:15,0.218
16 Oct 2025 13:10:00,-0.066
16 Oct 2025 13:11:45,0.014
16 Oct 2025 13:13:15,0.062
16 Oct 2025 13:13:30,0.193
16 Oct 2025 13:14:00,0.175
16 Oct 2025 13:14:45,0.119
16 Oct 2025 13:19:00,0.130
16 Oct 2025 13:21:00,0.189
16 Oct 2025 13:22:00,0.194
16 Oct 2025 13:25:00,0.115
16 Oct 2025 13:26:45,-0.113
16 Oct 2025 13:27:45,0.200
16 Oct 2025 13:31:15,0.155
16 Oct 2025 13:33:00,0.129
16 Oct 2025 13:36:15,0.003
16 Oct 2025 13:37:45,0.019
16 Oct 2025 13:38:45,0.164
16 Oct 2025 13:41:00,0.097
16 Oct 2025 13:43:00,0.090
16 Oct 2025 13:45:45,0.060
16 Oct 2025 13:46:15,0.164
16 Oct 2025 13:48:30,0.303
16 Oct 2025 13:51:30,0.144
16 Oct 2025 13:52:15,0.160
16 Oct 2025 13:55:15,0.091
16 Oct 2025 13:56:15,0.158
16 Oct 2025 13:59:00,0.251
16 Oct 2025 14:00:30,0.095
16 Oct 2025 14:01:45,0.066
16 Oct 2025 14:04:30,0.115
16 Oct 2025 14:05:45,0.113
16 Oct 2025 14:13:15,0.209
16 Oct 2025 14:15:15,-0.007
16 Oct 2025 14:15:45,0.000
16 Oct 2025 14:16:15,0.160
16 Oct 2025 14:19:15,0.177
16 Oct 2025 14:20:00,0.061
16 Oct 2025 14:21:30,0.251
16 Oct 2025 14:24:45,0.108
16 Oct 2025 14:27:45,0.097
16 Oct 2025 14:30:15,0.246
16 Oct 2025 14:31:00,0.133
16 Oct 2025 14:33:15,0.199
16 Oct 2025 14:35:30,0.159
16 Oct 2025 14:36:15,0.037
16 Oct 2025 14:40:30,0.243
16 Oct 2025 14:41:15,0.172
16 Oct 2025 14:43:00,0.129
16 Oct 2025 14:44:00,0.102
16 Oct 2025 14:46:45,0.287
16 Oct 2025 14:48:15,0.175
16 Oct 2025 14:50:00,0.290
16 Oct 2025 14:50:45,0.193
16 Oct 2025 14:55:30,0.205
16 Oct 2025 14:55:45,0.097
16 Oct 2025 14:56:00,0.403
16 Oct 2025 14:57:30,0.000
16 Oct 2025 15:00:00,0.222
16 Oct 2025 15:02:45,0.130
16 Oct 2025 15:04:15,0.012
16 Oct 2025 15:06:15,0.056
16 Oct 2025 15:06:30,0.068
16 Oct 2025 15:07:15,0.201
16 Oct 2025 15:07:30,0.059
16 Oct 2025 15:09:00,0.266
16 Oct 2025 15:09:45,0.167
16 Oct 2025 15:13:15,0.173
16 Oct 2025 15:15:15,0.088
16 Oct 2025 15:17:15,0.160
16 Oct 2025 15:18:00,0.145
16 Oct 2025 15:19:30,0.248
16 Oct 2025 15:23:15,0.204
16 Oct 2025 15:24:00,0.178
16 Oct 2025 15:24:45,0.207
16 Oct 2025 15:27:30,0.319
16 Oct 2025 15:29:15,0.072
16 Oct 2025 15:33:00,0.313
16 Oct 2025 15:33:30,0.362
16 Oct 2025 15:34:00,0.097
16 Oct 2025 15:34:30,0.144
16 Oct 2025 15:34:45,0.175
16 Oct 2025 15:38:30,0.136
16 Oct 2025 15:42:45,0.179
16 Oct 2025 15:43:00,0.012
16 Oct 2025 15:44:45,0.217
16 Oct 2025 15:52:00,0.388
16 Oct 2025 15:52:15,0.217
16 Oct 2025 15:54:00,-0.003
16 Oct 2025 15:55:00,0.135
16 Oct 2025 15:55:15,0.372
16 Oct 2025 15:56:15,0.205
16 Oct 2025 16:00:15,-0.027
16 Oct 2025 16:02:30,0.057
16 Oct 2025 16:06:30,0.238
16 Oct 2025 16:09:15,0.135
16 Oct 2025 16:10:30,0.216
16 Oct 2025 16:11:15,0.206
16 Oct 2025 16:11:45,0.377
16 Oct 2025 16:14:00,0.253
16 Oct 2025 16:14:15,0.071
16 Oct 2025 16:14:30,0.138
16 Oct 2025 16:18:15,0.147
16 Oct 2025 16:19:00,0.159
16 Oct 2025 16:22:15,0.383
16 Oct 2025 16:23:30,0.155
16 Oct 2025 16:24:30,0.313
16 Oct 2025 16:25:15,0.233
16 Oct 2025 16:26:45,0.205
16 Oct 2025 16:27:15,0.239
16 Oct 2025 16:29:30,0.416
16 Oct 2025 16:30:00,0.371
16 Oct 2025 16:35:45,0.212
16 Oct 2025 16:43:00,0.079
16 Oct 2025 16:44:00,0.107
16 Oct 2025 16:44:45,0.200
16 Oct 2025 16:47:45,0.067
16 Oct 2025 16:48:00,0.156
16 Oct 2025 16:49:15,0.286
16 Oct 2025 16:50:00,0.241
16 Oct 2025 16:52:30,0.220
16 Oct 2025 16:53:45,0.370
16 Oct 2025 16:56:45,0.253
16 Oct 2025 16:57:15,0.207
16 Oct 2025 16:58:45,0.071
16 Oct 2025 16:59:45,0.286
16 Oct 2025 17:00:00,0.215
16 Oct 2025 17:02:45,0.196
16 Oct 2025 17:04:30,0.159
16 Oct 2025 17:05:45,0.234
16 Oct 2025 17:13:30,0.096
16 Oct 2025 17:16:00,0.294
16 Oct 2025 17:21:45,0.097
16 Oct 2025 17:22:30,0.195
16 Oct 2025 17:23:15,0.137
16 Oct 2025 17:25:30,0.187
16 Oct 2025 17:25:45,0.207
16 Oct 2025 17:26:15,0.315
16 Oct 2025 17:28:00,0.175
16 Oct 2025 17:29:30,0.082
16 Oct 2025 17:32:30,0.211
16 Oct 2025 17:32:45,0.078
16 Oct 2025 17:33:45,0.016
16 Oct 2025 17:34:15,0.281
16 Oct 2025 17:34:45,0.228
16 Oct 2025 17:35:00,0.227
16 Oct 2025 17:35:15,0.181
16 Oct 2025 17:38:30,0.145
16 Oct 2025 17:43:15,0.081
16 Oct 2025 17:44:15,0.207
16 Oct 2025 17:44:30,0.159
16 Oct 2025 17:46:00,-0.030
16 Oct 2025 17:47:45,0.177
16 Oct 2025 17:50:00,0.230
16 Oct 2025 17:52:15,0.289
16 Oct 2025 17:54:15,0.225
16 Oct 2025 17:56:45,0.105
16 Oct 2025 17:59:30,0.249
16 Oct 2025 18:04:30,0.351
16 Oct 2025 18:05:00,0.187
16 Oct 2025 18:08:15,0.160
16 Oct 2025 18:09:00,0.059
16 Oct 2025 18:09:30,0.231
16 Oct 2025 18:10:00,-0.014
16 Oct 2025 18:14:15,0.064
16 Oct 2025 18:14:30,-0.073
16 Oct 2025 18:15:00,0.128
16 Oct 2025 18:16:30,0.127
16 Oct 2025 18:17:15,0.040
16 Oct 2025 18:19:00,0.023
16 Oct 2025 18:20:30,0.167
16 Oct 2025 18:20:45,0.209
16 Oct 2025 18:22:00,0.270
16 Oct 2025 18:22:15,0.305
16 Oct 2025 18:22:45,0.119
16 Oct 2025 18:23:15,0.047
16 Oct 2025 18:23:45,0.208
16 Oct 2025 18:25:45,0.080
16 Oct 2025 18:26:00,0.112
16 Oct 2025 18:28:30,0.348
16 Oct 2025 18:34:30,0.069
16 Oct 2025 18:40:15,0.096
16 Oct 2025 18:41:00,0.123
16 Oct 2025 18:41:30,-0.028
16 Oct 2025 18:41:45,0.011
16 Oct 2025 18:42:45,0.114
16 Oct 2025 18:44:45,0.114
16 Oct 2025 18:45:00,0.206
16 Oct 2025 18:48:00,0.121
16 Oct 2025 18:50:30,0.062
16 Oct 2025 18:52:15,0.084
16 Oct 2025 18:52:45,0.227
16 Oct 2025 18:54:30,0.360
16 Oct 2025 18:56:00,-0.068
16 Oct 2025 19:00:30,0.062
16 Oct 2025 19:02:15,0.225
16 Oct 2025 19:04:15,-0.156
16 Oct 2025 19:05:45,0.256
16 Oct 2025 19:10:00,0.432
16 Oct 2025 19:19:15,0.038
16 Oct 2025 19:20:15,0.163
16 Oct 2025 19:21:15,-0.183
16 Oct 2025 19:23:15,0.240
16 Oct 2025 19:25:00,0.329
16 Oct 2025 19:25:30,0.231
16 Oct 2025 19:31:15,0.153
16 Oct 2025 19:31:30,0.223
16 Oct 2025 19:32:30,0.263
16 Oct 2025 19:34:30,0.095
16 Oct 2025 19:39:45,0.171
16 Oct 2025 19:41:45,-0.083
16 Oct 2025 19:42:30,0.211
16 Oct 2025 19:43:15,-0.123
16 Oct 2025 19:47:45,-0.134
16 Oct 2025 19:51:30,0.237
16 Oct 2025 19:54:15,0.318
16 Oct 2025 19:56:45,-0.217
16 Oct 2025 19:58:15,-0.165
16 Oct 2025 20:01:15,0.048
16 Oct 2025 20:03:45,-0.035
16 Oct 2025 20:06:45,-0.113
16 Oct 2025 20:08:30,0.265
16 Oct 2025 20:11:30,-0.051
16 Oct 2025 20:13:15,-0.010
16 Oct 2025 20:16:30,-0.145
16 Oct 2025 20:17:00,-0.268
16 Oct 2025 20:17:30,0.146
16 Oct 2025 20:22:00,0.094
16 Oct 2025 20:24:45,0.398
16 Oct 2025 20:26:45,-0.346
16 Oct 2025 20:27:15,-0.237
16 Oct 2025 20:32:15,-0.042
16 Oct 2025 20:33:30,0.030
16 Oct 2025 20:35:00,0.007
16 Oct 2025 20:35:15,0.179
16 Oct 2025 20:38:15,-0.220
16 Oct 2025 20:39:30,-0.174
16 Oct 2025 20:41:00,0.222
16 Oct 2025 20:43:45,0.204
16 Oct 2025 20:46:15,0.342
16 Oct 2025 20:46:30,-0.023
16 Oct 2025 20:47:45,0.030
16 Oct 2025 20:51:15,0.026
16 Oct 2025 20:51:45,-0.058
16 Oct 2025 20:57:00,0.062
16 Oct 2025 20:59:00,-0.103
16 Oct 2025 21:02:15,-0.047
16 Oct 2025 21:04:15,-0.143
16 Oct 2025 21:05:00,-0.023
16 Oct 2025 21:08:30,-0.165
16 Oct 2025 21:09:00,0.130
16 Oct 2025 21:10:15,0.268
16 Oct 2025 21:10:45,-0.106
16 Oct 2025 21:15:45,0.238
16 Oct 2025 21:16:15,-0.092
16 Oct 2025 21:16:30,-0.189
16 Oct 2025 21:17:00,-0.036
16 Oct 2025 21:19:00,0.028
16 Oct 2025 21:20:30,0.054
16 Oct 2025 21:21:45,0.015
16 Oct 2025 21:23:15,0.063
16 Oct 2025 21:26:15,0.138
16 Oct 2025 21:28:30,0.230
16 Oct 2025 21:29:00,-0.053
16 Oct 2025 21:30:30,-0.005
16 Oct 2025 21:31:00,-0.117
16 Oct 2025 21:33:00,0.014
16 Oct 2025 21:33:15,-0.266
16 Oct 2025 21:34:15,0.333
16 Oct 2025 21:37:45,-0.292
16 Oct 2025 21:42:00,0.270
16 Oct 2025 21:45:00,0.021
16 Oct 2025 21:46:45,-0.272
16 Oct 2025 21:51:15,0.094
16 Oct 2025 21:53:30,0.087
16 Oct 2025 21:56:30,0.225
16 Oct 2025 22:04:30,-0.053
16 Oct 2025 22:05:00,-0.180
16 Oct 2025 22:06:45,0.045
16 Oct 2025 22:07:00,0.170
16 Oct 2025 22:07:30,0.087
16 Oct 2025 22:09:15,0.109
16 Oct 2025 22:09:30,0.208
16 Oct 2025 22:16:00,-0.036
16 Oct 2025 22:16:30,0.132
16 Oct 2025 22:19:45,-0.091
16 Oct 2025 22:20:00,-0.047
16 Oct 2025 22:20:45,0.132
16 Oct 2025 22:26:15,-0.036
16 Oct 2025 22:32:30,0.085
16 Oct 2025 22:33:45,-0.066
16 Oct 2025 22:35:15,0.080
16 Oct 2025 22:38:45,-0.305
16 Oct 2025 22:40:00,0.067
16 Oct 2025 22:41:15,0.159
16 Oct 2025 22:42:45,0.156
16 Oct 2025 22:43:00,-0.007
16 Oct 2025 22:43:30,0.184
16 Oct 2025 22:43:45,0.078
16 Oct 2025 22:47:15,-0.151
16 Oct 2025 22:47:30,0.117
16 Oct 2025 22:47:45,-0.123
16 Oct 2025 22:49:15,0.125
16 Oct 2025 22:51:00,0.139
16 Oct 2025 22:52:30,0.110
16 Oct 2025 22:53:30,0.018
16 Oct 2025 22:55:00,-0.090
16 Oct 2025 22:55:45,-0.107
16 Oct 2025 22:58:45,-0.011
16 Oct 2025 22:59:45,-0.041
16 Oct 2025 23:00:45,0.216
16 Oct 2025 23:03:00,-0.119
16 Oct 2025 23:03:15,-0.173
16 Oct 2025 23:06:15,-0.044
16 Oct 2025 23:06:45,-0.012
16 Oct 2025 23:09:00,-0.017
16 Oct 2025 23:11:00,0.087
16 Oct 2025 23:12:30,-0.051
16 Oct 2025 23:13:45,0.224
16 Oct 2025 23:14:00,0.135
16 Oct 2025 23:14:30,0.114
16 Oct 2025 23:15:00,-0.135
16 Oct 2025 23:17:30,-0.329
16 Oct 2025 23:18:00,-0.200
16 Oct 2025 23:18:15,0.434
16 Oct 2025 23:20:30,-0.225
16 Oct 2025 23:21:15,-0.171
16 Oct 2025 23:23:30,0.206
16 Oct 2025 23:25:15,-0.077
16 Oct 2025 23:27:00,-0.385
16 Oct 2025 23:29:00,0.059
16 Oct 2025 23:30:30,-0.086
16 Oct 2025 23:31:45,-0.287
16 Oct 2025 23:32:15,0.045
16 Oct 2025 23:32:30,-0.387
16 Oct 2025 23:34:15,-0.149
16 Oct 2025 23:34:45,0.190
16 Oct 2025 23:41:00,-0.255
16 Oct 2025 23:47:30,0.127
16 Oct 2025 23:50:30,-0.114
16 Oct 2025 23:54:00,-0.237
16 Oct 2025 23:56:15,0.005
16 Oct 2025 23:56:30,0.194
16 Oct 2025 23:56:45,-0.083
16 Oct 2025 23:57:15,0.061
16 Oct 2025 23:58:00,0.020
16 Oct 2025 23:59:15,-0.339
17 Oct 2025 00:00:45,-0.127
17 Oct 2025 00:03:00,0.194
17 Oct 2025 00:03:15,0.099
17 Oct 2025 00:08:15,-0.119
17 Oct 2025 00:08:30,0.066
17 Oct 2025 00:13:30,-0.004
17 Oct 2025 00:14:45,0.127
17 Oct 2025 00:17:00,0.072
17 Oct 2025 00:21:00,0.080
17 Oct 2025 00:27:45,-0.264
17 Oct 2025 00:30:00,-0.222
17 Oct 2025 00:35:30,0.135
17 Oct 2025 00:36:30,0.156
17 Oct 2025 00:37:45,-0.231
17 Oct 2025 00:40:00,0.196
17 Oct 2025 00:42:45,0.033
17 Oct 2025 00:44:15,0.107
17 Oct 2025 00:45:45,-0.283
17 Oct 2025 00:46:30,0.153
17 Oct 2025 00:46:45,0.078
17 Oct 2025 00:47:30,0.024
17 Oct 2025 00:51:00,0.014
17 Oct 2025 00:51:45,-0.039
17 Oct 2025 00:54:00,0.127
17 Oct 2025 00:55:15,-0.016
17 Oct 2025 00:55:30,0.037
17 Oct 2025 00:58:45,0.043
17 Oct 2025 01:00:00,-0.119
17 Oct 2025 01:00:45,-0.269
17 Oct 2025 01:01:30,-0.090
17 Oct 2025 01:02:15,-0.067
17 Oct 2025 01:04:00,0.294
17 Oct 2025 01:06:00,0.072
17 Oct 2025 01:06:30,-0.115
17 Oct 2025 01:09:00,0.078
17 Oct 2025 01:10:15,0.058
17 Oct 2025 01:12:45,-0.314
17 Oct 2025 01:14:30,0.172
17 Oct 2025 01:15:00,0.196
17 Oct 2025 01:15:45,-0.062
17 Oct 2025 01:16:00,0.018
17 Oct 2025 01:20:00,0.064
17 Oct 2025 01:21:15,-0.233
17 Oct 2025 01:25:15,0.113
17 Oct 2025 01:32:00,-0.005
17 Oct 2025 01:32:15,0.056
17 Oct 2025 01:34:00,0.141
17 Oct 2025 01:38:00,0.315
17 Oct 2025 01:38:30,-0.023
17 Oct 2025 01:39:00,0.009
17 Oct 2025 01:39:15,0.138
17 Oct 2025 01:40:00,-0.112
17 Oct 2025 01:44:00,-0.147
17 Oct 2025 01:46:15,-0.213
17 Oct 2025 01:51:00,-0.223
17 Oct 2025 01:52:00,-0.056
17 Oct 2025 01:53:45,0.411
17 Oct 2025 01:54:00,-0.180
17 Oct 2025 01:55:00,0.087
17 Oct 2025 01:56:30,0.019
17 Oct 2025 01:56:45,0.335
17 Oct 2025 01:58:15,0.212
17 Oct 2025 01:58:45,-0.125
17 Oct 2025 01:59:00,0.091
17 Oct 2025 02:02:15,0.111
17 Oct 2025 02:04:45,-0.149
17 Oct 2025 02:06:30,-0.218
17 Oct 2025 02:06:45,-0.017
17 Oct 2025 02:07:15,-0.020
17 Oct 2025 02:07:30,0.026
17 Oct 2025 02:07:45,0.022
17 Oct 2025 02:14:00,-0.073
17 Oct 2025 02:17:30,0.071
17 Oct 2025 02:18:30,-0.103
17 Oct 2025 02:19:15,0.130
17 Oct 2025 02:21:00,0.139
17 Oct 2025 02:28:45,0.055
17 Oct 2025 02:31:15,0.150
17 Oct 2025 02:32:45,-0.103
17 Oct 2025 02:33:30,0.075
17 Oct 2025 02:35:00,0.003
17 Oct 2025 02:36:15,0.029
17 Oct 2025 02:37:30,-0.055
17 Oct 2025 02:38:15,0.068
17 Oct 2025 02:41:15,0.043
17 Oct 2025 02:43:00,0.219
17 Oct 2025 02:44:15,0.142
17 Oct 2025 02:45:15,-0.012
17 Oct 2025 02:47:30,0.117
17 Oct 2025 02:49:00,-0.135
17 Oct 2025 02:51:30,0.095
17 Oct 2025 02:51:45,0.288
17 Oct 2025 02:56:30,-0.207
17 Oct 2025 02:56:45,0.231
17 Oct 2025 02:57:00,0.284
17 Oct 2025 03:00:30,0.285
17 Oct 2025 03:01:15,0.115
17 Oct 2025 03:02:00,0.123
17 Oct 2025 03:02:45,0.043
17 Oct 2025 03:03:45,0.102
17 Oct 2025 03:04:30,-0.157
17 Oct 2025 03:07:00,-0.103
17 Oct 2025 03:11:15,0.352
17 Oct 2025 03:12:00,-0.094
17 Oct 2025 03:13:15,0.245
17 Oct 2025 03:14:30,0.010
17 Oct 2025 03:15:00,-0.078
17 Oct 2025 03:17:00,0.095
17 Oct 2025 03:17:15,0.171
17 Oct 2025 03:19:00,-0.048
17 Oct 2025 03:20:00,0.112
17 Oct 2025 03:21:15,0.418
17 Oct 2025 03:22:30,0.117
17 Oct 2025 03:23:30,0.077
17 Oct 2025 03:29:00,0.376
17 Oct 2025 03:29:30,-0.412
17 Oct 2025 03:32:00,0.033
17 Oct 2025 03:36:30,0.074
17 Oct 2025 03:38:15,0.295
17 Oct 2025 03:40:30,0.209
17 Oct 2025 03:43:00,-0.089
17 Oct 2025 03:43:30,0.451
17 Oct 2025 03:50:30,0.085
17 Oct 2025 03:51:15,-0.074
17 Oct 2025 03:52:15,-0.248
17 Oct 2025 03:53:00,0.093
17 Oct 2025 03:55:30,0.217
17 Oct 2025 03:56:00,-0.223
17 Oct 2025 03:57:45,-0.117
17 Oct 2025 03:58:00,0.142
17 Oct 2025 03:59:15,0.531
17 Oct 2025 03:59:45,0.467
17 Oct 2025 04:00:15,-0.189
17 Oct 2025 04:02:30,0.122
17 Oct 2025 04:03:45,0.230
17 Oct 2025 04:05:30,0.155
17 Oct 2025 04:07:15,0.087
17 Oct 2025 04:10:45,0.229
17 Oct 2025 04:14:00,-0.026
17 Oct 2025 04:16:30,0.198
17 Oct 2025 04:19:15,0.338
17 Oct 2025 04:23:15,0.171
17 Oct 2025 04:26:00,0.318
17 Oct 2025 04:26:15,0.265
17 Oct 2025 04:29:45,-0.279
17 Oct 2025 04:32:00,0.115
17 Oct 2025 04:36:00,0.212
17 Oct 2025 04:37:15,-0.126
17 Oct 2025 04:43:45,0.088
17 Oct 2025 04:44:30,0.015
17 Oct 2025 04:46:45,0.343
17 Oct 2025 04:47:00,0.036
17 Oct 2025 04:47:15,-0.079
17 Oct 2025 04:48:00,0.034
17 Oct 2025 04:50:00,0.336
17 Oct 2025 04:51:00,0.044
17 Oct 2025 04:51:15,0.414
17 Oct 2025 04:52:00,-0.049
17 Oct 2025 04:55:30,0.150
17 Oct 2025 04:57:00,0.171
17 Oct 2025 04:59:00,0.198
17 Oct 2025 05:00:15,0.421
17 Oct 2025 05:06:00,0.089
17 Oct 2025 05:09:15,0.199
17 Oct 2025 05:12:30,0.258
17 Oct 2025 05:16:30,-0.038
17 Oct 2025 05:20:30,0.232
17 Oct 2025 05:23:00,-0.044
17 Oct 2025 05:24:45,-0.190
17 Oct 2025 05:25:00,-0.047
17 Oct 2025 05:25:45,-0.126
17 Oct 2025 05:26:00,0.252
17 Oct 2025 05:26:45,-0.306
17 Oct 2025 05:28:00,-0.200
17 Oct 2025 05:29:15,0.031
17 Oct 2025 05:29:30,-0.159
17 Oct 2025 05:30:00,0.218
17 Oct 2025 05:32:45,0.009
17 Oct 2025 05:33:45,-0.194
17 Oct 2025 05:34:00,0.283
17 Oct 2025 05:37:45,0.206
17 Oct 2025 05:38:00,0.244
17 Oct 2025 05:38:30,0.249
17 Oct 2025 05:39:00,-0.009
17 Oct 2025 05:44:15,0.393
17 Oct 2025 05:45:15,-0.053
17 Oct 2025 05:45:45,0.296
17 Oct 2025 05:46:15,0.135
17 Oct 2025 05:48:15,-0.114
17 Oct 2025 05:49:30,0.182
17 Oct 2025 05:53:45,-0.071
17 Oct 2025 05:56:30,0.613
17 Oct 2025 05:57:45,-0.282
17 Oct 2025 05:59:15,-0.216
17 Oct 2025 06:00:00,0.070
17 Oct 2025 06:00:45,0.114
17 Oct 2025 06:05:30,0.048
17 Oct 2025 06:06:30,-0.053
17 Oct 2025 06:10:15,0.110
17 Oct 2025 06:11:00,-0.008
17 Oct 2025 06:11:30,0.237
17 Oct 2025 06:17:00,-0.013
17 Oct 2025 06:17:45,0.216
17 Oct 2025 06:21:15,-0.194
17 Oct 2025 06:23:00,-0.304
17 Oct 2025 06:26:30,-0.208
17 Oct 2025 06:29:30,-0.330
17 Oct 2025 06:35:15,-0.255
17 Oct 2025 06:40:30,-0.168
17 Oct 2025 06:42:15,0.546
17 Oct 2025 06:43:45,-0.036
17 Oct 2025 06:48:30,0.586
17 Oct 2025 06:52:15,-0.078
17 Oct 2025 06:54:45,-0.198
17 Oct 2025 06:57:00,0.012
17 Oct 2025 06:59:15,0.500
17 Oct 2025 06:59:30,-0.004
17 Oct 2025 07:01:00,0.273
17 Oct 2025 07:03:30,-0.130
17 Oct 2025 07:08:45,0.378
17 Oct 2025 07:09:30,-0.021
17 Oct 2025 07:12:30,-0.070
17 Oct 2025 07:13:00,0.333
17 Oct 2025 07:13:30,-0.149
17 Oct 2025 07:16:15,0.210
17 Oct 2025 07:20:45,-0.017
17 Oct 2025 07:21:00,0.585
17 Oct 2025 07:25:45,-0.038
17 Oct 2025 07:26:00,0.614
17 Oct 2025 07:29:15,-0.281
17 Oct 2025 07:35:30,0.126
17 Oct 2025 07:38:00,0.145
17 Oct 2025 07:38:30,0.100
17 Oct 2025 07:41:15,-0.230
17 Oct 2025 07:42:15,0.174
17 Oct 2025 07:42:30,-0.399
17 Oct 2025 07:42:45,-0.142
17 Oct 2025 07:44:45,-0.150
17 Oct 2025 07:45:30,0.698
17 Oct 2025 07:48:00,-0.099
17 Oct 2025 07:51:15,-0.002
17 Oct 2025 07:54:45,0.094
17 Oct 2025 07:55:00,-0.282
17 Oct 2025 07:56:00,-0.152
17 Oct 2025 07:58:15,0.366
17 Oct 2025 08:03:30,0.214
17 Oct 2025 08:09:00,0.295
17 Oct 2025 08:12:15,-0.420
17 Oct 2025 08:13:30,0.154
17 Oct 2025 08:14:30,-0.211
17 Oct 2025 08:15:15,-0.089
17 Oct 2025 08:19:15,0.161
17 Oct 2025 08:20:45,0.094
17 Oct 2025 08:21:15,0.006
17 Oct 2025 08:24:15,0.369
17 Oct 2025 08:26:45,0.028
17 Oct 2025 08:27:45,0.000
17 Oct 2025 08:32:00,-0.066
17 Oct 2025 08:36:15,0.241
17 Oct 2025 08:36:45,-0.025
17 Oct 2025 08:37:45,0.646
17 Oct 2025 08:39:45,0.102
17 Oct 2025 08:42:00,-0.289
17 Oct 2025 08:42:30,-0.162
17 Oct 2025 08:43:00,-0.155
17 Oct 2025 08:44:00,0.002
17 Oct 2025 08:44:15,-0.192
17 Oct 2025 08:46:45,0.019
17 Oct 2025 08:49:00,-0.171
17 Oct 2025 08:49:30,-0.145
17 Oct 2025 08:51:00,0.140
17 Oct 2025 08:51:45,-0.147
17 Oct 2025 08:52:15,-0.112
17 Oct 2025 08:52:30,0.230
17 Oct 2025 08:52:45,0.121
17 Oct 2025 08:53:00,-0.368
17 Oct 2025 08:54:00,-0.160
17 Oct 2025 08:55:30,0.074
17 Oct 2025 09:02:30,0.009
17 Oct 2025 09:04:45,0.071
17 Oct 2025 09:05:00,-0.100
17 Oct 2025 09:07:30,-0.198
17 Oct 2025 09:08:00,0.266
17 Oct 2025 09:08:45,0.217
17 Oct 2025 09:09:45,-0.246
17 Oct 2025 09:12:45,-0.287
17 Oct 2025 09:13:00,0.041
17 Oct 2025 09:19:45,-0.163
17 Oct 2025 09:20:00,-0.050
17 Oct 2025 09:21:45,-0.001
17 Oct 2025 09:24:45,0.056
17 Oct 2025 09:25:00,-0.151
17 Oct 2025 09:27:30,-0.366
17 Oct 2025 09:27:45,0.416
17 Oct 2025 09:30:15,-0.084
17 Oct 2025 09:34:00,0.012
17 Oct 2025 09:39:45,-0.013
17 Oct 2025 09:40:45,-0.251
17 Oct 2025 09:41:30,0.107
17 Oct 2025 09:43:45,-0.354
17 Oct 2025 09:44:30,-0.151
17 Oct 2025 09:45:30,-0.140
17 Oct 2025 09:46:15,-0.006
17 Oct 2025 09:48:00,-0.105
17 Oct 2025 09:49:30,-0.120
17 Oct 2025 09:50:30,0.231
17 Oct 2025 09:52:00,0.073
17 Oct 2025 09:52:15,-0.001
17 Oct 2025 09:54:30,-0.104
17 Oct 2025 09:57:15,-0.138
17 Oct 2025 09:59:45,-0.187
17 Oct 2025 10:02:15,-0.286
17 Oct 2025 10:03:00,0.117
17 Oct 2025 10:03:30,-0.098
17 Oct 2025 10:04:15,-0.173
17 Oct 2025 10:05:15,-0.419
17 Oct 2025 10:06:15,0.170
17 Oct 2025 10:06:30,-0.035
17 Oct 2025 10:07:00,0.054
17 Oct 2025 10:10:30,-0.095
17 Oct 2025 10:10:45,-0.185
17 Oct 2025 10:11:00,-0.168
17 Oct 2025 10:20:45,-0.247
17 Oct 2025 10:21:00,-0.120
17 Oct 2025 10:21:30,-0.072
17 Oct 2025 10:26:45,-0.107
17 Oct 2025 10:29:00,-0.163
17 Oct 2025 10:29:15,-0.104
17 Oct 2025 10:30:00,-0.157
17 Oct 2025 10:36:30,0.023
17 Oct 2025 10:37:30,-0.002
17 Oct 2025 10:39:00,-0.017
17 Oct 2025 10:39:15,-0.031
17 Oct 2025 10:39:30,-0.288
17 Oct 2025 10:39:45,0.162
17 Oct 2025 10:41:00,-0.137
17 Oct 2025 10:42:30,-0.072
17 Oct 2025 10:43:00,-0.310
17 Oct 2025 10:45:00,0.028
17 Oct 2025 10:52:45,-0.044
17 Oct 2025 10:55:30,-0.297
17 Oct 2025 10:56:15,0.000
17 Oct 2025 10:56:45,-0.025
17 Oct 2025 11:00:30,-0.060
17 Oct 2025 11:05:00,-0.193
17 Oct 2025 11:06:30,-0.101
17 Oct 2025 11:12:30,0.007
17 Oct 2025 11:15:45,-0.201
17 Oct 2025 11:16:15,-0.103
17 Oct 2025 11:17:00,-0.185
17 Oct 2025 11:18:45,0.077
17 Oct 2025 11:21:15,-0.139
17 Oct 2025 11:21:45,0.086
17 Oct 2025 11:23:45,0.114
17 Oct 2025 11:24:45,0.186
17 Oct 2025 11:29:00,-0.237
17 Oct 2025 11:30:15,0.109
17 Oct 2025 11:31:15,-0.007
17 Oct 2025 11:32:45,-0.187
17 Oct 2025 11:37:45,-0.095
17 Oct 2025 11:40:15,-0.215
17 Oct 2025 11:41:15,-0.132
17 Oct 2025 11:41:30,-0.063
17 Oct 2025 11:41:45,-0.175
17 Oct 2025 11:42:15,-0.237
17 Oct 2025 11:42:45,0.050
17 Oct 2025 11:45:00,-0.005
17 Oct 2025 11:47:30,-0.016
17 Oct 2025 11:48:15,0.271
17 Oct 2025 11:51:15,0.192
17 Oct 2025 11:53:00,-0.174
17 Oct 2025 11:59:30,-0.210
17 Oct 2025 12:00:30,0.049
17 Oct 2025 12:02:30,0.120
17 Oct 2025 12:03:00,-0.057
17 Oct 2025 12:05:30,-0.194
17 Oct 2025 12:06:15,0.104
17 Oct 2025 12:11:00,-0.180
17 Oct 2025 12:14:45,0.091
17 Oct 2025 12:16:00,-0.022
17 Oct 2025 12:16:15,-0.154
17 Oct 2025 12:18:45,-0.185
17 Oct 2025 12:24:15,-0.002
17 Oct 2025 12:24:45,0.132
17 Oct 2025 12:27:30,0.072
17 Oct 2025 12:31:00,-0.312
17 Oct 2025 12:31:45,0.329
17 Oct 2025 12:33:30,-0.020
17 Oct 2025 12:34:45,0.070
17 Oct 2025 12:36:15,-0.214
17 Oct 2025 12:41:15,-0.161
17 Oct 2025 12:43:30,0.017
17 Oct 2025 12:47:15,0.023
17 Oct 2025 12:51:45,0.130
17 Oct 2025 13:02:15,-0.125
17 Oct 2025 13:02:45,-0.153
17 Oct 2025 13:03:15,-0.115
17 Oct 2025 13:03:45,-0.318
17 Oct 2025 13:07:45,-0.097
17 Oct 2025 13:09:15,-0.181
17 Oct 2025 13:16:00,0.187
17 Oct 2025 13:17:00,-0.202
17 Oct 2025 13:17:45,0.218
17 Oct 2025 13:20:15,0.154
17 Oct 2025 13:22:30,0.086
17 Oct 2025 13:29:45,-0.051
17 Oct 2025 13:30:00,0.083
17 Oct 2025 13:31:30,-0.240
17 Oct 2025 13:33:45,0.303
17 Oct 2025 13:34:00,-0.107
17 Oct 2025 13:36:30,-0.097
17 Oct 2025 13:37:30,-0.039
17 Oct 2025 13:37:45,0.110
17 Oct 2025 13:39:00,-0.051
17 Oct 2025 13:39:15,0.197
17 Oct 2025 13:40:15,0.086
17 Oct 2025 13:41:15,0.127
17 Oct 2025 13:42:45,-0.104
17 Oct 2025 13:45:15,-0.096
17 Oct 2025 13:46:00,0.064
17 Oct 2025 13:46:30,0.058
17 Oct 2025 13:47:00,0.041
17 Oct 2025 13:48:15,0.129
17 Oct 2025 13:50:00,-0.043
17 Oct 2025 13:53:30,-0.046
17 Oct 2025 13:54:45,0.149
17 Oct 2025 14:00:15,0.131
17 Oct 2025 14:02:00,0.065
17 Oct 2025 14:03:00,0.157
17 Oct 2025 14:03:15,-0.039
17 Oct 2025 14:07:00,0.168
17 Oct 2025 14:10:00,0.022
17 Oct 2025 14:13:00,0.040
17 Oct 2025 14:13:15,0.114
17 Oct 2025 14:13:45,0.265
17 Oct 2025 14:20:00,-0.092
17 Oct 2025 14:20:15,0.110
17 Oct 2025 14:21:45,-0.080
17 Oct 2025 14:23:45,0.278
17 Oct 2025 14:25:00,0.128
17 Oct 2025 14:27:30,0.009
17 Oct 2025 14:30:30,-0.154
17 Oct 2025 14:32:30,0.005
17 Oct 2025 14:33:00,-0.012
17 Oct 2025 14:34:15,0.177
17 Oct 2025 14:36:45,0.299
17 Oct 2025 14:37:45,-0.080
17 Oct 2025 14:41:45,-0.015
17 Oct 2025 14:42:45,-0.031
17 Oct 2025 14:43:15,-0.090
17 Oct 2025 14:44:30,0.076
17 Oct 2025 14:45:30,-0.016
17 Oct 2025 14:46:45,0.102
17 Oct 2025 14:47:00,0.035
17 Oct 2025 14:48:30,0.229
17 Oct 2025 14:49:00,-0.007
17 Oct 2025 14:57:00,-0.023
17 Oct 2025 15:03:30,0.069
17 Oct 2025 15:05:30,-0.126
17 Oct 2025 15:05:45,-0.158
17 Oct 2025 15:08:00,0.008
17 Oct 2025 15:10:30,-0.039
17 Oct 2025 15:11:00,-0.029
17 Oct 2025 15:11:15,0.210
17 Oct 2025 15:12:30,0.022
17 Oct 2025 15:12:45,0.287
17 Oct 2025 15:16:30,-0.179
17 Oct 2025 15:17:30,-0.002
17 Oct 2025 15:24:00,0.177
17 Oct 2025 15:27:00,0.143
17 Oct 2025 15:27:15,0.030
17 Oct 2025 15:31:15,0.187
17 Oct 2025 15:31:30,-0.021
17 Oct 2025 15:31:45,-0.002
17 Oct 2025 15:35:30,0.112
17 Oct 2025 15:35:45,0.109
17 Oct 2025 15:37:30,0.119
17 Oct 2025 15:38:00,0.076
17 Oct 2025 15:39:15,-0.010
17 Oct 2025 15:55:45,0.024
17 Oct 2025 15:57:30,0.092
17 Oct 2025 15:59:00,0.310
17 Oct 2025 16:00:15,0.034
17 Oct 2025 16:01:15,0.344
17 Oct 2025 16:05:45,0.079
17 Oct 2025 16:09:15,0.116
17 Oct 2025 16:09:30,0.131
17 Oct 2025 16:11:00,0.023
17 Oct 2025 16:18:45,0.103
17 Oct 2025 16:19:00,0.394
17 Oct 2025 16:20:45,0.180
17 Oct 2025 16:25:00,-0.009
17 Oct 2025 16:27:45,0.122
17 Oct 2025 16:30:15,-0.089
17 Oct 2025 16:31:00,0.086
17 Oct 2025 16:33:00,0.253
17 Oct 2025 16:33:15,0.148
17 Oct 2025 16:34:45,-0.174
17 Oct 2025 16:35:00,0.077
17 Oct 2025 16:39:15,0.179
17 Oct 2025 16:42:15,0.073
17 Oct 2025 16:44:30,-0.060
17 Oct 2025 16:46:45,0.266
17 Oct 2025 16:50:00,0.114
17 Oct 2025 16:50:45,0.180
17 Oct 2025 16:54:00,0.242
17 Oct 2025 16:58:00,0.166
17 Oct 2025 16:59:15,0.108
17 Oct 2025 17:01:45,0.255
17 Oct 2025 17:03:45,0.221
17 Oct 2025 17:09:15,0.126
17 Oct 2025 17:11:45,0.279
17 Oct 2025 17:12:00,-0.034
17 Oct 2025 17:14:15,0.223
17 Oct 2025 17:19:00,0.070
17 Oct 2025 17:20:00,-0.031
17 Oct 2025 17:22:45,0.192
17 Oct 2025 17:23:15,-0.037
17 Oct 2025 17:25:15,0.160
17 Oct 2025 17:25:30,0.312
17 Oct 2025 17:27:15,0.286
17 Oct 2025 17:27:45,0.043
17 Oct 2025 17:28:15,0.223
17 Oct 2025 17:28:30,0.203
17 Oct 2025 17:29:30,0.063
17 Oct 2025 17:33:45,0.259
17 Oct 2025 17:37:00,0.098
17 Oct 2025 17:40:30,0.219
17 Oct 2025 17:41:30,0.113
17 Oct 2025 17:42:15,0.160
17 Oct 2025 17:42:30,0.156
17 Oct 2025 17:44:15,0.175
17 Oct 2025 17:49:45,0.202
17 Oct 2025 17:51:00,0.145
17 Oct 2025 17:52:00,0.210
17 Oct 2025 17:54:30,0.226
17 Oct 2025 17:55:15,0.103
17 Oct 2025 17:59:45,0.200
17 Oct 2025 18:00:30,0.118
17 Oct 2025 18:01:45,0.211
17 Oct 2025 18:07:15,0.093
17 Oct 2025 18:08:45,0.231
17 Oct 2025 18:09:00,0.076
17 Oct 2025 18:09:45,-0.083
17 Oct 2025 18:13:00,0.103
17 Oct 2025 18:18:30,0.230
17 Oct 2025 18:19:45,0.284
17 Oct 2025 18:23:30,0.200
17 Oct 2025 18:23:45,0.167
17 Oct 2025 18:25:45,0.119
17 Oct 2025 18:33:00,0.237
17 Oct 2025 18:34:00,0.172
17 Oct 2025 18:34:15,0.204
17 Oct 2025 18:34:45,0.165
17 Oct 2025 18:35:00,0.151
17 Oct 2025 18:37:15,0.237
17 Oct 2025 18:37:30,0.108
17 Oct 2025 18:39:45,0.060
17 Oct 2025 18:40:00,0.059
17 Oct 2025 18:43:45,0.219
17 Oct 2025 18:44:30,0.194
17 Oct 2025 18:45:00,0.171
17 Oct 2025 18:45:15,0.203
17 Oct 2025 18:47:30,0.156
17 Oct 2025 18:48:00,0.002
17 Oct 2025 18:48:30,0.259
17 Oct 2025 18:50:00,0.015
17 Oct 2025 18:50:30,0.011
17 Oct 2025 18:53:15,-0.216
17 Oct 2025 18:57:00,-0.135
17 Oct 2025 18:57:45,0.312
17 Oct 2025 18:59:00,0.137
17 Oct 2025 18:59:15,-0.038
17 Oct 2025 18:59:45,0.252
17 Oct 2025 19:01:30,0.111
17 Oct 2025 19:02:15,-0.035
17 Oct 2025 19:02:30,0.031
17 Oct 2025 19:05:45,0.256
17 Oct 2025 19:07:30,0.142
17 Oct 2025 19:09:00,0.027
17 Oct 2025 19:10:45,-0.039
17 Oct 2025 19:13:00,0.098
17 Oct 2025 19:19:15,0.067
17 Oct 2025 19:20:00,0.191
17 Oct 2025 19:20:45,-0.077
17 Oct 2025 19:22:15,0.328
17 Oct 2025 19:24:30,0.264
17 Oct 2025 19:25:00,0.068
17 Oct 2025 19:25:30,0.154
17 Oct 2025 19:25:45,-0.003
17 Oct 2025 19:27:30,0.158
17 Oct 2025 19:35:30,0.259
17 Oct 2025 19:36:45,0.005
17 Oct 2025 19:37:15,0.188
17 Oct 2025 19:37:30,0.170
17 Oct 2025 19:43:15,-0.010
17 Oct 2025 19:43:30,0.241
17 Oct 2025 19:43:45,0.075
17 Oct 2025 19:48:15,0.037
17 Oct 2025 19:50:15,0.115
17 Oct 2025 19:51:45,0.143
17 Oct 2025 19:52:45,-0.179
17 Oct 2025 19:57:15,-0.070
17 Oct 2025 20:02:15,0.029
17 Oct 2025 20:02:30,-0.009
17 Oct 2025 20:02:45,0.083
17 Oct 2025 20:13:00,0.088
17 Oct 2025 20:18:15,0.030
17 Oct 2025 20:18:30,0.062
17 Oct 2025 20:21:45,0.008
17 Oct 2025 20:22:00,-0.063
17 Oct 2025 20:22:30,0.085
17 Oct 2025 20:23:00,0.070
17 Oct 2025 20:23:45,0.131
17 Oct 2025 20:29:15,-0.002
17 Oct 2025 20:31:30,0.084
17 Oct 2025 20:35:45,0.116
17 Oct 2025 20:37:15,0.016
17 Oct 2025 20:39:45,0.060
17 Oct 2025 20:47:00,0.022
17 Oct 2025 20:47:15,0.073
17 Oct 2025 20:47:30,-0.017
17 Oct 2025 20:50:15,0.074
17 Oct 2025 20:51:00,-0.145
17 Oct 2025 20:54:30,0.092
17 Oct 2025 20:59:15,-0.042
17 Oct 2025 21:00:15,-0.133
17 Oct 2025 21:02:45,-0.141
17 Oct 2025 21:04:30,0.100
17 Oct 2025 21:04:45,-0.110
17 Oct 2025 21:08:15,-0.131
17 Oct 2025 21:09:00,-0.193
17 Oct 2025 21:14:00,-0.071
17 Oct 2025 21:15:00,-0.022
17 Oct 2025 21:17:45,0.007
17 Oct 2025 21:18:00,-0.148
17 Oct 2025 21:19:30,0.195
17 Oct 2025 21:21:15,-0.031
17 Oct 2025 21:28:15,-0.045
17 Oct 2025 21:28:30,0.018
17 Oct 2025 21:29:45,-0.155
17 Oct 2025 21:31:00,-0.001
17 Oct 2025 21:32:15,0.053
17 Oct 2025 21:33:30,0.004
17 Oct 2025 21:35:15,-0.083
17 Oct 2025 21:36:15,-0.007
17 Oct 2025 21:38:00,0.031
17 Oct 2025 21:42:00,0.155
17 Oct 2025 21:42:15,0.082
17 Oct 2025 21:44:15,0.004
17 Oct 2025 21:51:15,0.113
17 Oct 2025 21:51:45,-0.039
17 Oct 2025 21:55:00,0.022
17 Oct 2025 21:55:30,-0.038
17 Oct 2025 21:56:00,0.042
17 Oct 2025 21:57:00,-0.011
17 Oct 2025 21:57:45,0.047
17 Oct 2025 22:02:45,-0.040
17 Oct 2025 22:03:15,0.019
17 Oct 2025 22:04:30,0.082
17 Oct 2025 22:06:00,0.069
17 Oct 2025 22:08:30,-0.004
17 Oct 2025 22:10:00,-0.095
17 Oct 2025 22:11:45,-0.041
17 Oct 2025 22:13:45,0.005
17 Oct 2025 22:14:45,-0.074
17 Oct 2025 22:16:30,0.068
17 Oct 2025 22:20:00,0.049
17 Oct 2025 22:20:45,-0.054
17 Oct 2025 22:24:15,-0.075
17 Oct 2025 22:24:30,-0.082
17 Oct 2025 22:26:15,-0.047
17 Oct 2025 22:31:00,-0.022
17 Oct 2025 22:33:30,0.000
17 Oct 2025 22:34:30,-0.034
17 Oct 2025 22:34:45,0.109
17 Oct 2025 22:38:30,-0.035
17 Oct 2025 22:43:15,-0.082
17 Oct 2025 22:45:15,-0.016
17 Oct 2025 22:49:30,-0.064
17 Oct 2025 22:55:15,-0.069
17 Oct 2025 22:56:00,0.013
17 Oct 2025 23:00:00,-0.137
17 Oct 2025 23:00:30,-0.084
17 Oct 2025 23:00:45,-0.098
17 Oct 2025 23:02:45,-0.031
17 Oct 2025 23:05:45,-0.053
17 Oct 2025 23:09:45,-0.113
17 Oct 2025 23:10:15,0.071
17 Oct 2025 23:14:45,-0.047
17 Oct 2025 23:16:00,-0.118
17 Oct 2025 23:16:45,-0.061
17 Oct 2025 23:20:30,0.004
17 Oct 2025 23:20:45,-0.045
17 Oct 2025 23:25:45,-0.054
17 Oct 2025 23:26:15,-0.012
17 Oct 2025 23:28:15,0.039
17 Oct 2025 23:28:45,0.038
17 Oct 2025 23:30:15,0.023
17 Oct 2025 23:31:30,0.027
17 Oct 2025 23:32:00,-0.053
17 Oct 2025 23:34:00,-0.046
17 Oct 2025 23:36:15,-0.019
17 Oct 2025 23:38:45,0.004
17 Oct 2025 23:39:30,-0.027
17 Oct 2025 23:42:00,0.019
17 Oct 2025 23:43:45,-0.075
17 Oct 2025 23:44:45,0.023
17 Oct 2025 23:45:45,-0.139
17 Oct 2025 23:46:45,-0.059
17 Oct 2025 23:49:15,-0.091
17 Oct 2025 23:52:15,-0.010
17 Oct 2025 23:53:45,0.008
17 Oct 2025 23:56:30,-0.045
17 Oct 2025 23:58:45,-0.051
18 Oct 2025 00:01:45,0.002
18 Oct 2025 00:05:45,0.056
18 Oct 2025 00:06:00,0.018
18 Oct 2025 00:06:15,-0.077
18 Oct 2025 00:07:00,-0.168
18 Oct 2025 00:13:30,0.000
18 Oct 2025 00:15:15,-0.047
18 Oct 2025 00:16:45,0.012
18 Oct 2025 00:17:30,-0.059
18 Oct 2025 00:19:00,-0.131
18 Oct 2025 00:19:45,-0.046
18 Oct 2025 00:20:15,-0.093
18 Oct 2025 00:22:15,0.002
18 Oct 2025 00:23:15,-0.012
18 Oct 2025 00:24:00,-0.088
18 Oct 2025 00:28:30,-0.073
18 Oct 2025 00:28:45,-0.048
18 Oct 2025 00:30:45,-0.018
18 Oct 2025 00:31:45,-0.007
18 Oct 2025 00:34:00,0.042
18 Oct 2025 00:38:30,0.011
18 Oct 2025 00:40:00,-0.065
18 Oct 2025 00:41:30,-0.071
18 Oct 2025 00:42:15,-0.077
18 Oct 2025 00:43:30,-0.036
18 Oct 2025 00:48:15,-0.064
18 Oct 2025 00:49:30,-0.093
18 Oct 2025 00:52:30,-0.085
18 Oct 2025 00:54:45,0.060
18 Oct 2025 00:56:30,0.011
18 Oct 2025 01:00:30,-0.033
18 Oct 2025 01:01:15,-0.066
18 Oct 2025 01:02:45,-0.015
18 Oct 2025 01:06:00,-0.047
18 Oct 2025 01:08:15,-0.049
18 Oct 2025 01:09:00,0.060
18 Oct 2025 01:12:30,0.068
18 Oct 2025 01:13:15,-0.020
18 Oct 2025 01:14:30,-0.088
18 Oct 2025 01:14:45,-0.070
18 Oct 2025 01:16:15,-0.004
18 Oct 2025 01:16:45,-0.072
18 Oct 2025 01:17:45,0.051
18 Oct 2025 01:18:45,0.071
18 Oct 2025 01:27:45,-0.047
18 Oct 2025 01:28:30,-0.068
18 Oct 2025 01:30:00,0.022
18 Oct 2025 01:30:30,-0.047
18 Oct 2025 01:31:00,-0.085
18 Oct 2025 01:31:15,0.022
18 Oct 2025 01:33:30,-0.013
18 Oct 2025 01:34:45,-0.042
18 Oct 2025 01:36:00,0.083
18 Oct 2025 01:37:30,-0.046
18 Oct 2025 01:41:15,0.020
18 Oct 2025 01:41:45,0.000
18 Oct 2025 01:42:00,0.021
18 Oct 2025 01:44:00,0.011
18 Oct 2025 01:44:30,0.078
18 Oct 2025 01:50:45,0.006
18 Oct 2025 01:53:45,-0.039
18 Oct 2025 01:55:30,0.008
18 Oct 2025 01:58:30,-0.028
18 Oct 2025 01:59:15,-0.083
18 Oct 2025 02:01:45,0.043
18 Oct 2025 02:04:15,-0.022
18 Oct 2025 02:04:45,0.024
18 Oct 2025 02:06:15,0.001
18 Oct 2025 02:06:45,0.066
18 Oct 2025 02:07:00,-0.011
18 Oct 2025 02:08:30,-0.090
18 Oct 2025 02:10:00,-0.043
18 Oct 2025 02:10:45,0.017
18 Oct 2025 02:11:45,0.050
18 Oct 2025 02:12:30,0.041
18 Oct 2025 02:18:15,0.046
18 Oct 2025 02:21:45,0.062
18 Oct 2025 02:22:45,0.064
18 Oct 2025 02:24:00,-0.060
18 Oct 2025 02:26:00,0.065
18 Oct 2025 02:29:45,0.086
18 Oct 2025 02:31:30,0.014
18 Oct 2025 02:33:15,0.031
18 Oct 2025 02:41:15,0.090
18 Oct 2025 02:49:15,0.073
18 Oct 2025 02:50:00,-0.039
18 Oct 2025 02:50:45,0.037
18 Oct 2025 02:52:30,0.064
18 Oct 2025 02:54:00,0.045
18 Oct 2025 02:56:45,-0.025
18 Oct 2025 03:02:00,0.062
18 Oct 2025 03:04:30,0.019
18 Oct 2025 03:09:30,-0.013
18 Oct 2025 03:10:45,0.044
18 Oct 2025 03:14:00,-0.002
18 Oct 2025 03:17:00,0.041
18 Oct 2025 03:18:00,0.019
18 Oct 2025 03:19:00,0.059
18 Oct 2025 03:20:45,0.045
18 Oct 2025 03:22:30,-0.013
18 Oct 2025 03:25:00,-0.036
18 Oct 2025 03:25:30,-0.045
18 Oct 2025 03:27:30,0.019
18 Oct 2025 03:29:30,0.073
18 Oct 2025 03:33:00,0.117
18 Oct 2025 03:36:15,0.037
18 Oct 2025 03:39:30,0.069
18 Oct 2025 03:40:30,0.057
18 Oct 2025 03:40:45,0.138
18 Oct 2025 03:42:00,0.097
18 Oct 2025 03:45:15,0.032
18 Oct 2025 03:46:30,0.048
18 Oct 2025 03:49:30,0.066
18 Oct 2025 03:50:45,0.107
18 Oct 2025 03:55:00,0.125
18 Oct 2025 03:56:15,0.054
18 Oct 2025 03:57:00,0.130
18 Oct 2025 04:02:15,0.050
18 Oct 2025 04:03:15,0.060
18 Oct 2025 04:08:15,0.067
18 Oct 2025 04:13:00,0.060
18 Oct 2025 04:14:00,0.110
18 Oct 2025 04:15:00,0.098
18 Oct 2025 04:18:15,0.147
18 Oct 2025 04:18:30,0.086
18 Oct 2025 04:19:00,0.129
18 Oct 2025 04:19:15,0.096
18 Oct 2025 04:21:00,0.070
18 Oct 2025 04:22:30,0.002
18 Oct 2025 04:26:30,0.154
18 Oct 2025 04:29:00,0.069
18 Oct 2025 04:32:15,0.048
18 Oct 2025 04:32:30,0.060
18 Oct 2025 04:35:45,0.157
18 Oct 2025 04:38:30,0.113
18 Oct 2025 04:38:45,0.088
18 Oct 2025 04:39:00,0.112
18 Oct 2025 04:39:45,0.051
18 Oct 2025 04:41:00,0.056
18 Oct 2025 04:41:45,0.077
18 Oct 2025 04:45:15,0.072
18 Oct 2025 04:52:00,-0.001
18 Oct 2025 04:55:45,0.040
18 Oct 2025 04:59:15,0.138
18 Oct 2025 05:00:00,0.091
18 Oct 2025 05:00:15,0.072
18 Oct 2025 05:00:45,0.144
18 Oct 2025 05:03:30,0.071
18 Oct 2025 05:05:45,0.072
18 Oct 2025 05:06:15,0.118
18 Oct 2025 05:07:00,0.132
18 Oct 2025 05:07:15,0.061
18 Oct 2025 05:08:45,0.116
18 Oct 2025 05:09:45,0.106
18 Oct 2025 05:12:30,0.031
18 Oct 2025 05:15:00,0.111
18 Oct 2025 05:17:30,0.099
18 Oct 2025 05:17:45,0.150
18 Oct 2025 05:18:45,0.137
18 Oct 2025 05:22:30,0.143
18 Oct 2025 05:22:45,0.113
18 Oct 2025 05:23:15,0.085
18 Oct 2025 05:24:30,0.131
18 Oct 2025 05:29:15,0.082
18 Oct 2025 05:31:30,0.139
18 Oct 2025 05:37:15,0.135
18 Oct 2025 05:39:15,0.159
18 Oct 2025 05:44:15,0.124
18 Oct 2025 05:45:15,0.081
18 Oct 2025 05:45:30,0.094
18 Oct 2025 05:46:45,0.094
18 Oct 2025 05:47:00,0.136
18 Oct 2025 05:48:00,0.040
18 Oct 2025 05:49:30,0.091
18 Oct 2025 05:53:00,0.072
18 Oct 2025 05:55:30,0.101
18 Oct 2025 05:58:15,0.089
18 Oct 2025 06:00:45,0.065
18 Oct 2025 06:05:45,0.159
18 Oct 2025 06:08:30,0.044
18 Oct 2025 06:09:30,0.071
18 Oct 2025 06:11:15,0.074
18 Oct 2025 06:13:45,0.081
18 Oct 2025 06:17:45,0.064
18 Oct 2025 06:19:15,0.126
18 Oct 2025 06:26:00,0.162
18 Oct 2025 06:27:45,0.108
18 Oct 2025 06:28:15,0.116
18 Oct 2025 06:30:15,0.133
18 Oct 2025 06:32:00,0.160
18 Oct 2025 06:34:45,0.140
18 Oct 2025 06:37:00,0.095
18 Oct 2025 06:42:15,0.141
18 Oct 2025 06:44:00,0.026
18 Oct 2025 06:47:30,0.116
18 Oct 2025 06:48:45,0.126
18 Oct 2025 06:52:15,0.009
18 Oct 2025 06:54:30,0.113
18 Oct 2025 06:56:45,0.032
18 Oct 2025 06:58:45,0.105
18 Oct 2025 07:00:15,0.046
18 Oct 2025 07:02:30,0.116
18 Oct 2025 07:03:45,0.096
18 Oct 2025 07:08:00,0.056
18 Oct 2025 07:09:00,0.187
18 Oct 2025 07:13:15,0.120
18 Oct 2025 07:16:00,0.147
18 Oct 2025 07:17:45,0.139
18 Oct 2025 07:18:00,0.152
18 Oct 2025 07:18:30,0.130
18 Oct 2025 07:19:30,0.128
18 Oct 2025 07:19:45,0.125
18 Oct 2025 07:21:00,0.092
18 Oct 2025 07:24:15,0.084
18 Oct 2025 07:27:45,0.118
18 Oct 2025 07:32:30,0.086
18 Oct 2025 07:35:15,0.141
18 Oct 2025 07:36:30,0.016
18 Oct 2025 07:37:00,0.107
18 Oct 2025 07:39:00,0.189
18 Oct 2025 07:44:45,0.130
18 Oct 2025 07:45:15,0.101
18 Oct 2025 07:47:00,0.087
18 Oct 2025 07:49:30,0.083
18 Oct 2025 07:51:00,0.015
18 Oct 2025 07:53:00,0.035
18 Oct 2025 07:53:30,0.063
18 Oct 2025 07:58:45,0.082
18 Oct 2025 08:00:30,0.067
18 Oct 2025 08:01:45,0.059
18 Oct 2025 08:06:30,0.084
18 Oct 2025 08:08:30,0.063
18 Oct 2025 08:09:30,0.046
18 Oct 2025 08:10:45,0.070
18 Oct 2025 08:11:15,0.065
18 Oct 2025 08:12:45,0.025
18 Oct 2025 08:13:00,-0.073
18 Oct 2025 08:14:00,0.171
18 Oct 2025 08:14:30,-0.032
18 Oct 2025 08:20:00,0.066
18 Oct 2025 08:22:30,0.025
18 Oct 2025 08:23:00,0.094
18 Oct 2025 08:23:45,0.066
18 Oct 2025 08:24:30,0.067
18 Oct 2025 08:27:15,0.073
18 Oct 2025 08:33:00,0.034
18 Oct 2025 08:34:15,0.040
18 Oct 2025 08:36:15,0.056
18 Oct 2025 08:37:15,0.076
18 Oct 2025 08:43:00,0.042
18 Oct 2025 08:48:15,0.028
18 Oct 2025 08:50:00,0.025
18 Oct 2025 08:50:15,0.075
18 Oct 2025 08:50:45,0.070
18 Oct 2025 08:53:00,0.098
18 Oct 2025 08:58:15,0.092
18 Oct 2025 09:00:15,0.056
18 Oct 2025 09:01:15,-0.004
18 Oct 2025 09:01:30,-0.004
18 Oct 2025 09:02:00,0.027
18 Oct 2025 09:03:45,0.008
18 Oct 2025 09:06:15,-0.015
18 Oct 2025 09:07:00,0.010
18 Oct 2025 09:07:30,-0.019
18 Oct 2025 09:08:00,0.053
18 Oct 2025 09:10:15,-0.039
18 Oct 2025 09:10:45,-0.028
18 Oct 2025 09:11:15,-0.012
18 Oct 2025 09:14:00,0.018
18 Oct 2025 09:16:45,0.038
18 Oct 2025 09:17:15,0.036
18 Oct 2025 09:19:30,-0.034
18 Oct 2025 09:20:15,0.013
18 Oct 2025 09:21:00,0.039
18 Oct 2025 09:26:15,0.000
18 Oct 2025 09:28:00,0.089
18 Oct 2025 09:28:15,0.025
18 Oct 2025 09:30:30,0.011
18 Oct 2025 09:31:00,0.025
18 Oct 2025 09:32:15,-0.002
18 Oct 2025 09:35:45,0.004
18 Oct 2025 09:37:45,-0.008
18 Oct 2025 09:39:00,0.024
18 Oct 2025 09:39:45,-0.085
18 Oct 2025 09:43:30,0.005
18 Oct 2025 09:50:15,-0.030
18 Oct 2025 09:51:00,0.015
18 Oct 2025 09:54:45,0.080
18 Oct 2025 09:58:00,0.066
18 Oct 2025 09:59:00,-0.006
18 Oct 2025 10:01:45,0.019
18 Oct 2025 10:04:30,-0.060
18 Oct 2025 10:06:45,-0.004
18 Oct 2025 10:07:45,-0.012
18 Oct 2025 10:09:30,0.013
18 Oct 2025 10:11:30,-0.022
18 Oct 2025 10:13:00,-0.101
18 Oct 2025 10:17:45,0.015
18 Oct 2025 10:18:45,-0.075
18 Oct 2025 10:19:15,0.005
18 Oct 2025 10:23:30,-0.039
18 Oct 2025 10:26:45,0.073
18 Oct 2025 10:27:30,-0.042
18 Oct 2025 10:28:30,0.021
18 Oct 2025 10:28:45,-0.058
18 Oct 2025 10:29:45,-0.015
18 Oct 2025 10:30:45,0.036
18 Oct 2025 10:32:45,0.015
18 Oct 2025 10:33:15,-0.028
18 Oct 2025 10:33:30,0.025
18 Oct 2025 10:33:45,0.028
18 Oct 2025 10:37:15,-0.030
18 Oct 2025 10:38:15,-0.041
18 Oct 2025 10:38:45,0.054
18 Oct 2025 10:45:15,-0.023
18 Oct 2025 10:48:30,0.038
18 Oct 2025 10:53:30,0.001
18 Oct 2025 10:54:15,-0.079
18 Oct 2025 10:57:00,-0.045
18 Oct 2025 10:57:15,-0.023
18 Oct 2025 10:59:00,-0.045
18 Oct 2025 10:59:15,-0.088
18 Oct 2025 11:01:00,-0.010
18 Oct 2025 11:03:00,-0.012
18 Oct 2025 11:06:30,-0.064
18 Oct 2025 11:07:15,-0.103
18 Oct 2025 11:13:15,-0.047
18 Oct 2025 11:13:30,-0.106
18 Oct 2025 11:15:00,0.001
18 Oct 2025 11:15:45,-0.041
18 Oct 2025 11:20:00,-0.038
18 Oct 2025 11:20:15,-0.036
18 Oct 2025 11:22:30,-0.041
18 Oct 2025 11:29:30,-0.129
18 Oct 2025 11:30:45,-0.064
18 Oct 2025 11:31:00,-0.098
18 Oct 2025 11:32:00,-0.087
18 Oct 2025 11:34:00,-0.059
18 Oct 2025 11:34:45,-0.022
18 Oct 2025 11:35:00,-0.061
18 Oct 2025 11:36:00,-0.041
18 Oct 2025 11:37:15,-0.011
18 Oct 2025 11:37:30,-0.005
18 Oct 2025 11:38:30,-0.059
18 Oct 2025 11:39:45,-0.092
18 Oct 2025 11:40:45,-0.060
18 Oct 2025 11:41:30,-0.106
18 Oct 2025 11:43:30,0.012
18 Oct 2025 11:44:15,0.023
18 Oct 2025 11:45:30,-0.050
18 Oct 2025 11:47:15,-0.003
18 Oct 2025 11:51:00,-0.115
18 Oct 2025 11:52:00,-0.008
18 Oct 2025 11:52:15,-0.071
18 Oct 2025 11:53:45,-0.058
18 Oct 2025 11:56:00,-0.051
18 Oct 2025 11:56:15,0.019
18 Oct 2025 11:58:30,-0.006
18 Oct 2025 11:59:00,-0.069
18 Oct 2025 11:59:30,-0.064
18 Oct 2025 12:00:30,-0.011
18 Oct 2025 12:03:00,0.057
18 Oct 2025 12:04:30,0.050
18 Oct 2025 12:05:15,-0.087
18 Oct 2025 12:07:00,-0.097
18 Oct 2025 12:08:15,-0.077
18 Oct 2025 12:11:00,-0.036
18 Oct 2025 12:13:00,0.012
18 Oct 2025 12:13:15,-0.093
18 Oct 2025 12:14:15,-0.025
18 Oct 2025 12:15:45,0.000
18 Oct 2025 12:17:00,-0.031
18 Oct 2025 12:18:00,-0.073
18 Oct 2025 12:21:15,-0.075
18 Oct 2025 12:21:30,-0.129
18 Oct 2025 12:22:15,-0.058
18 Oct 2025 12:23:00,-0.098
18 Oct 2025 12:26:00,0.006
18 Oct 2025 12:26:15,-0.124
18 Oct 2025 12:26:30,-0.079
18 Oct 2025 12:27:00,-0.133
18 Oct 2025 12:29:00,-0.061
18 Oct 2025 12:29:30,-0.103
18 Oct 2025 12:29:45,-0.031
18 Oct 2025 12:30:00,-0.049
18 Oct 2025 12:32:00,-0.107
18 Oct 2025 12:35:00,-0.112
18 Oct 2025 12:35:15,-0.080
18 Oct 2025 12:39:30,-0.027
18 Oct 2025 12:41:00,-0.085
18 Oct 2025 12:42:00,-0.032
18 Oct 2025 12:43:30,-0.012
18 Oct 2025 12:46:15,0.013
18 Oct 2025 12:47:15,-0.051
18 Oct 2025 12:48:00,-0.069
18 Oct 2025 12:51:30,-0.041
18 Oct 2025 12:52:30,-0.086
18 Oct 2025 12:59:15,-0.023
18 Oct 2025 13:00:15,-0.068
18 Oct 2025 13:03:00,-0.044
18 Oct 2025 13:06:15,-0.030
18 Oct 2025 13:07:15,-0.038
18 Oct 2025 13:11:15,0.003
18 Oct 2025 13:15:00,0.022
18 Oct 2025 13:19:15,-0.074
18 Oct 2025 13:22:00,0.036
18 Oct 2025 13:22:45,-0.088
18 Oct 2025 13:27:00,0.003
18 Oct 2025 13:28:15,0.031
18 Oct 2025 13:29:15,-0.024
18 Oct 2025 13:31:45,0.007
18 Oct 2025 13:33:00,0.013
18 Oct 2025 13:36:15,0.034
18 Oct 2025 13:37:15,-0.004
18 Oct 2025 13:39:00,-0.013
18 Oct 2025 13:39:45,-0.071
18 Oct 2025 13:42:00,-0.033
18 Oct 2025 13:45:00,-0.001
18 Oct 2025 13:45:45,-0.063
18 Oct 2025 13:49:00,0.000
18 Oct 2025 13:52:30,0.008
18 Oct 2025 13:52:45,-0.002
18 Oct 2025 13:56:00,0.020
18 Oct 2025 13:59:00,-0.047
18 Oct 2025 13:59:30,-0.030
18 Oct 2025 14:03:15,-0.032
18 Oct 2025 14:04:00,0.044
18 Oct 2025 14:04:45,0.009
18 Oct 2025 14:05:30,0.037
18 Oct 2025 14:09:15,0.061
18 Oct 2025 14:11:00,0.017
18 Oct 2025 14:15:45,-0.002
18 Oct 2025 14:17:00,0.039
18 Oct 2025 14:17:15,-0.054
18 Oct 2025 14:18:00,0.036
18 Oct 2025 14:18:30,0.041
18 Oct 2025 14:20:30,-0.028
18 Oct 2025 14:22:45,0.068
18 Oct 2025 14:23:15,0.052
18 Oct 2025 14:25:45,0.035
18 Oct 2025 14:26:15,0.023
18 Oct 2025 14:26:30,-0.013
18 Oct 2025 14:29:00,0.031
18 Oct 2025 14:29:45,0.014
18 Oct 2025 14:30:45,0.056
18 Oct 2025 14:35:30,0.030
18 Oct 2025 14:37:15,0.020
18 Oct 2025 14:37:30,0.023
18 Oct 2025 14:39:45,0.061
18 Oct 2025 14:43:30,0.066
18 Oct 2025 14:48:15,0.007
18 Oct 2025 14:48:30,0.030
18 Oct 2025 14:50:45,0.142
18 Oct 2025 14:53:15,0.041
18 Oct 2025 14:58:00,0.142
18 Oct 2025 15:01:00,0.002
18 Oct 2025 15:04:15,0.063
18 Oct 2025 15:05:30,0.084
18 Oct 2025 15:08:30,0.045
18 Oct 2025 15:13:45,0.067
18 Oct 2025 15:14:15,0.169
18 Oct 2025 15:15:00,0.109
18 Oct 2025 15:15:15,0.063
18 Oct 2025 15:18:00,0.029
18 Oct 2025 15:20:00,0.089
18 Oct 2025 15:21:30,0.112
18 Oct 2025 15:22:30,0.072
18 Oct 2025 15:28:00,0.034
18 Oct 2025 15:29:30,0.129
18 Oct 2025 15:31:00,0.172
18 Oct 2025 15:32:15,0.085
18 Oct 2025 15:34:15,0.105
18 Oct 2025 15:36:00,0.094
18 Oct 2025 15:39:30,0.187
18 Oct 2025 15:39:45,0.096
18 Oct 2025 15:41:30,0.118
18 Oct 2025 15:43:00,0.104
18 Oct 2025 15:44:30,0.075
18 Oct 2025 15:45:15,0.126
18 Oct 2025 15:47:00,0.092
18 Oct 2025 15:50:00,0.099
18 Oct 2025 15:58:00,0.121
18 Oct 2025 16:03:00,0.142
18 Oct 2025 16:14:15,0.107
18 Oct 2025 16:20:45,0.091
18 Oct 2025 16:22:30,0.139
18 Oct 2025 16:23:30,0.095
18 Oct 2025 16:26:00,0.112
18 Oct 2025 16:29:45,0.171
18 Oct 2025 16:30:00,0.092
18 Oct 2025 16:30:45,0.121
18 Oct 2025 16:31:15,0.110
18 Oct 2025 16:32:00,0.234
18 Oct 2025 16:34:00,0.092
18 Oct 2025 16:42:45,0.232
18 Oct 2025 16:44:15,0.167
18 Oct 2025 16:45:00,0.217
18 Oct 2025 16:45:15,0.165
18 Oct 2025 16:47:45,0.300
18 Oct 2025 16:48:15,0.295
18 Oct 2025 16:49:30,0.131
18 Oct 2025 16:52:00,0.212
18 Oct 2025 16:57:15,0.185
18 Oct 2025 16:58:15,0.187
18 Oct 2025 16:59:30,0.233
18 Oct 2025 17:01:00,0.152
18 Oct 2025 17:02:45,0.161
18 Oct 2025 17:05:45,0.145
18 Oct 2025 17:07:45,0.180
18 Oct 2025 17:08:00,0.205
18 Oct 2025 17:08:30,0.193
18 Oct 2025 17:09:30,0.194
18 Oct 2025 17:16:15,0.155
18 Oct 2025 17:16:30,0.173
18 Oct 2025 17:19:00,0.140
18 Oct 2025 17:20:00,0.169
18 Oct 2025 17:22:45,0.223
18 Oct 2025 17:23:45,0.266
18 Oct 2025 17:27:15,0.225
18 Oct 2025 17:30:15,0.254
18 Oct 2025 17:30:45,0.282
18 Oct 2025 17:35:45,0.189
18 Oct 2025 17:37:45,0.233
18 Oct 2025 17:40:45,0.212
18 Oct 2025 17:42:15,0.205
18 Oct 2025 17:43:00,0.232
18 Oct 2025 17:47:00,0.184
18 Oct 2025 17:47:30,0.127
18 Oct 2025 17:48:00,0.228
18 Oct 2025 17:51:45,0.250
18 Oct 2025 17:56:45,0.158
18 Oct 2025 17:58:45,0.137
18 Oct 2025 18:01:45,0.196
18 Oct 2025 18:02:15,0.239
18 Oct 2025 18:02:45,0.187
18 Oct 2025 18:04:00,0.217
18 Oct 2025 18:04:45,0.189
18 Oct 2025 18:06:30,0.163
18 Oct 2025 18:06:45,0.229
18 Oct 2025 18:07:00,0.168
18 Oct 2025 18:07:15,0.281
18 Oct 2025 18:08:00,0.203
18 Oct 2025 18:11:00,0.183
18 Oct 2025 18:14:15,0.176
18 Oct 2025 18:17:00,0.215
18 Oct 2025 18:19:00,0.161
18 Oct 2025 18:20:00,0.201
18 Oct 2025 18:20:30,0.229
18 Oct 2025 18:21:15,0.226
18 Oct 2025 18:21:30,0.176
18 Oct 2025 18:22:00,0.201
18 Oct 2025 18:24:30,0.185
18 Oct 2025 18:25:00,0.240
18 Oct 2025 18:27:00,0.216
18 Oct 2025 18:27:15,0.253
18 Oct 2025 18:30:00,0.198
18 Oct 2025 18:31:15,0.203
18 Oct 2025 18:33:15,0.215
18 Oct 2025 18:34:00,0.183
18 Oct 2025 18:34:30,0.185
18 Oct 2025 18:35:00,0.189
18 Oct 2025 18:37:45,0.240
18 Oct 2025 18:38:00,0.225
18 Oct 2025 18:38:45,0.199
18 Oct 2025 18:39:30,0.154
18 Oct 2025 18:41:00,0.174
18 Oct 2025 18:41:30,0.086
18 Oct 2025 18:43:30,0.186
18 Oct 2025 18:45:00,0.208
18 Oct 2025 18:45:45,0.155
18 Oct 2025 18:46:15,0.220
18 Oct 2025 18:47:15,0.158
18 Oct 2025 18:48:00,0.143
18 Oct 2025 18:51:00,0.137
18 Oct 2025 18:51:30,0.282
18 Oct 2025 18:53:30,0.260
18 Oct 2025 18:53:45,0.205
18 Oct 2025 18:54:15,0.219
18 Oct 2025 18:58:15,0.212
18 Oct 2025 19:00:30,0.092
18 Oct 2025 19:01:45,0.145
18 Oct 2025 19:03:15,0.246
18 Oct 2025 19:05:00,0.170
18 Oct 2025 19:07:15,0.204
18 Oct 2025 19:08:30,0.153
18 Oct 2025 19:08:45,0.190
18 Oct 2025 19:10:30,0.236
18 Oct 2025 19:12:15,0.227
18 Oct 2025 19:12:45,0.201
18 Oct 2025 19:16:00,0.240
18 Oct 2025 19:16:30,0.163
18 Oct 2025 19:16:45,0.226
18 Oct 2025 19:17:15,0.153
18 Oct 2025 19:18:30,0.133
18 Oct 2025 19:18:45,0.123
18 Oct 2025 19:19:30,0.159
18 Oct 2025 19:31:00,0.184
18 Oct 2025 19:32:15,0.213
18 Oct 2025 19:33:30,0.167
18 Oct 2025 19:34:00,0.235
18 Oct 2025 19:37:30,0.169
18 Oct 2025 19:39:00,0.129
18 Oct 2025 19:40:15,0.160
18 Oct 2025 19:41:30,0.189
18 Oct 2025 19:42:00,0.131
18 Oct 2025 19:46:45,0.159
18 Oct 2025 19:48:45,0.199
18 Oct 2025 20:00:45,0.172
18 Oct 2025 20:02:45,0.111
18 Oct 2025 20:04:30,0.174
18 Oct 2025 20:08:15,0.171
18 Oct 2025 20:09:45,0.194
18 Oct 2025 20:10:15,0.109
18 Oct 2025 20:11:15,0.085
18 Oct 2025 20:11:45,0.070
18 Oct 2025 20:13:30,0.169
18 Oct 2025 20:14:45,0.049
18 Oct 2025 20:25:15,0.206
18 Oct 2025 20:26:15,0.072
18 Oct 2025 20:29:30,0.164
18 Oct 2025 20:35:30,0.126
18 Oct 2025 20:42:15,0.141
18 Oct 2025 20:42:45,0.054
18 Oct 2025 20:43:15,0.062
18 Oct 2025 20:46:45,0.138
18 Oct 2025 20:49:00,0.084
18 Oct 2025 20:49:30,0.069
18 Oct 2025 20:51:30,0.048
18 Oct 2025 20:56:00,0.072
18 Oct 2025 20:56:45,0.083
18 Oct 2025 20:57:30,0.126
18 Oct 2025 20:59:30,0.105
18 Oct 2025 21:03:00,0.067
18 Oct 2025 21:04:15,0.143
18 Oct 2025 21:06:00,0.061
18 Oct 2025 21:07:15,0.014
18 Oct 2025 21:08:30,0.049
18 Oct 2025 21:09:15,0.165
18 Oct 2025 21:10:00,0.158
18 Oct 2025 21:10:45,0.061
18 Oct 2025 21:12:15,0.074
18 Oct 2025 21:13:30,0.141
18 Oct 2025 21:18:45,0.048
18 Oct 2025 21:20:30,-0.013
18 Oct 2025 21:26:45,0.114
18 Oct 2025 21:31:30,0.069
18 Oct 2025 21:34:15,-0.087
18 Oct 2025 21:35:15,0.032
18 Oct 2025 21:40:30,0.040
18 Oct 2025 21:41:15,0.086
18 Oct 2025 21:45:00,0.104
18 Oct 2025 21:46:45,0.049
18 Oct 2025 21:47:45,0.078
18 Oct 2025 21:50:00,0.075
18 Oct 2025 21:50:30,0.007
18 Oct 2025 21:52:45,-0.002
18 Oct 2025 21:53:00,0.070
18 Oct 2025 21:54:30,0.012
18 Oct 2025 21:56:30,0.013
18 Oct 2025 21:59:15,-0.148
18 Oct 2025 22:01:45,0.063
18 Oct 2025 22:02:45,-0.008
18 Oct 2025 22:04:15,0.077
18 Oct 2025 22:05:00,-0.002
18 Oct 2025 22:05:45,0.013
18 Oct 2025 22:06:45,-0.003
18 Oct 2025 22:07:15,-0.002
18 Oct 2025 22:07:30,0.056
18 Oct 2025 22:07:45,0.107
18 Oct 2025 22:08:15,0.027
18 Oct 2025 22:10:45,0.050
18 Oct 2025 22:11:15,0.019
18 Oct 2025 22:12:15,0.076
18 Oct 2025 22:16:45,-0.007
18 Oct 2025 22:17:00,0.037
18 Oct 2025 22:17:30,-0.002
18 Oct 2025 22:20:45,-0.035
18 Oct 2025 22:23:00,0.019
18 Oct 2025 22:25:45,0.023
18 Oct 2025 22:27:00,0.117
18 Oct 2025 22:27:30,-0.058
18 Oct 2025 22:30:00,-0.024
18 Oct 2025 22:33:45,-0.173
18 Oct 2025 22:36:00,-0.055
18 Oct 2025 22:36:45,-0.130
18 Oct 2025 22:37:00,-0.057
18 Oct 2025 22:38:15,-0.034
18 Oct 2025 22:46:00,-0.022
18 Oct 2025 22:51:30,-0.014
18 Oct 2025 22:52:15,-0.003
18 Oct 2025 22:52:30,-0.082
18 Oct 2025 22:53:45,0.060
18 Oct 2025 22:56:45,0.018
18 Oct 2025 22:58:30,-0.019
18 Oct 2025 22:59:00,0.075
18 Oct 2025 23:01:00,-0.077
18 Oct 2025 23:04:45,-0.016
18 Oct 2025 23:07:30,0.071
18 Oct 2025 23:09:15,0.070
18 Oct 2025 23:10:30,-0.164
18 Oct 2025 23:10:45,-0.177
18 Oct 2025 23:12:00,-0.006
18 Oct 2025 23:20:00,0.037
18 Oct 2025 23:21:00,0.038
18 Oct 2025 23:21:30,-0.018
18 Oct 2025 23:22:15,-0.091
18 Oct 2025 23:22:45,-0.144
18 Oct 2025 23:24:00,-0.027
18 Oct 2025 23:27:15,-0.017
18 Oct 2025 23:27:30,-0.033
18 Oct 2025 23:31:00,0.127
18 Oct 2025 23:31:15,-0.152
18 Oct 2025 23:33:30,0.060
18 Oct 2025 23:36:30,-0.066
18 Oct 2025 23:38:00,-0.172
18 Oct 2025 23:39:00,-0.056
18 Oct 2025 23:40:15,-0.132
18 Oct 2025 23:41:45,-0.165
18 Oct 2025 23:42:45,-0.024
18 Oct 2025 23:46:30,-0.146
18 Oct 2025 23:46:45,0.084
18 Oct 2025 23:50:30,-0.074
19 Oct 2025 00:05:30,-0.023
19 Oct 2025 00:06:45,-0.107
19 Oct 2025 00:07:30,-0.129
19 Oct 2025 00:14:45,-0.076
19 Oct 2025 00:18:45,-0.183
19 Oct 2025 00:19:00,-0.074
19 Oct 2025 00:21:15,-0.181
19 Oct 2025 00:23:15,0.037
19 Oct 2025 00:24:15,-0.129
19 Oct 2025 00:25:30,-0.112
19 Oct 2025 00:26:00,-0.161
19 Oct 2025 00:27:15,0.006
19 Oct 2025 00:27:30,-0.062
19 Oct 2025 00:29:00,-0.070
19 Oct 2025 00:31:45,0.041
19 Oct 2025 00:36:45,-0.032
19 Oct 2025 00:38:30,-0.076
19 Oct 2025 00:39:15,-0.184
19 Oct 2025 00:43:15,0.028
19 Oct 2025 00:49:00,-0.196
19 Oct 2025 00:49:15,-0.187
19 Oct 2025 00:52:30,-0.153
19 Oct 2025 00:52:45,-0.016
19 Oct 2025 00:54:15,0.010
19 Oct 2025 00:55:00,-0.118
19 Oct 2025 00:56:30,-0.155
19 Oct 2025 00:57:00,-0.044
19 Oct 2025 00:58:15,-0.086
19 Oct 2025 01:00:00,-0.119
19 Oct 2025 01:00:30,-0.027
19 Oct 2025 01:04:45,0.086
19 Oct 2025 01:05:15,0.004
19 Oct 2025 01:06:30,-0.006
19 Oct 2025 01:07:45,-0.091
19 Oct 2025 01:08:30,0.054
19 Oct 2025 01:10:15,-0.222
19 Oct 2025 01:12:15,-0.058
19 Oct 2025 01:12:30,-0.152
19 Oct 2025 01:13:00,-0.042
19 Oct 2025 01:17:15,-0.074
19 Oct 2025 01:18:15,-0.065
19 Oct 2025 01:19:30,0.018
19 Oct 2025 01:24:30,-0.102
19 Oct 2025 01:25:30,-0.024
19 Oct 2025 01:26:30,-0.078
19 Oct 2025 01:30:00,-0.016
19 Oct 2025 01:34:30,-0.105
19 Oct 2025 01:37:00,-0.014
19 Oct 2025 01:38:30,-0.051
19 Oct 2025 01:39:45,-0.042
19 Oct 2025 01:40:45,-0.024
19 Oct 2025 01:41:15,-0.007
19 Oct 2025 01:41:45,0.014
19 Oct 2025 01:43:45,-0.151
19 Oct 2025 01:44:30,0.054
19 Oct 2025 01:44:45,-0.106
19 Oct 2025 01:45:15,-0.015
19 Oct 2025 01:46:15,0.083
19 Oct 2025 01:48:15,-0.184
19 Oct 2025 01:49:00,-0.132
19 Oct 2025 01:52:45,0.171
19 Oct 2025 01:53:45,-0.074
19 Oct 2025 01:55:00,-0.004
19 Oct 2025 01:55:15,-0.117
19 Oct 2025 01:55:45,-0.166
19 Oct 2025 01:57:30,-0.018
19 Oct 2025 01:59:45,-0.012
19 Oct 2025 02:00:45,0.052
19 Oct 2025 02:01:30,0.055
19 Oct 2025 02:02:15,-0.130
19 Oct 2025 02:05:00,0.001
19 Oct 2025 02:07:30,0.032
19 Oct 2025 02:08:30,-0.059
19 Oct 2025 02:13:00,-0.019
19 Oct 2025 02:16:00,0.008
19 Oct 2025 02:16:30,-0.034
19 Oct 2025 02:16:45,0.050
19 Oct 2025 02:20:00,-0.029
19 Oct 2025 02:29:15,-0.021
19 Oct 2025 02:30:45,0.064
19 Oct 2025 02:34:30,-0.044
19 Oct 2025 02:35:15,0.074
19 Oct 2025 02:37:45,0.019
19 Oct 2025 02:38:45,-0.015
19 Oct 2025 02:47:45,-0.022
19 Oct 2025 02:49:00,-0.019
19 Oct 2025 02:51:15,0.001
19 Oct 2025 02:54:30,0.044
19 Oct 2025 02:58:30,-0.018
19 Oct 2025 03:00:45,0.013
19 Oct 2025 03:03:45,0.040
19 Oct 2025 03:07:00,0.003
19 Oct 2025 03:08:45,-0.150
19 Oct 2025 03:09:15,-0.023
19 Oct 2025 03:10:45,-0.016
19 Oct 2025 03:11:45,-0.010
19 Oct 2025 03:13:15,0.108
19 Oct 2025 03:15:15,-0.084
19 Oct 2025 03:16:30,-0.007
19 Oct 2025 03:19:15,-0.028
19 Oct 2025 03:22:30,-0.032
19 Oct 2025 03:24:30,0.115
19 Oct 2025 03:24:45,0.002
19 Oct 2025 03:25:00,0.022
19 Oct 2025 03:26:00,0.132
19 Oct 2025 03:26:30,0.063
19 Oct 2025 03:29:30,-0.012
19 Oct 2025 03:32:30,0.118
19 Oct 2025 03:35:00,0.073
19 Oct 2025 03:38:30,0.096
19 Oct 2025 03:40:15,0.141
19 Oct 2025 03:40:30,0.031
19 Oct 2025 03:41:00,-0.055
19 Oct 2025 03:42:45,-0.030
19 Oct 2025 03:46:15,0.123
19 Oct 2025 03:48:15,-0.039
19 Oct 2025 03:48:30,0.059
19 Oct 2025 03:50:45,-0.081
19 Oct 2025 03:53:15,-0.018
19 Oct 2025 03:53:30,0.085
19 Oct 2025 03:54:45,0.060
19 Oct 2025 03:55:30,0.038
19 Oct 2025 03:58:15,-0.022
19 Oct 2025 03:59:30,0.041
19 Oct 2025 03:59:45,0.040
19 Oct 2025 04:01:45,0.012
19 Oct 2025 04:04:45,0.132
19 Oct 2025 04:07:00,0.167
19 Oct 2025 04:11:15,0.065
19 Oct 2025 04:14:00,-0.015
19 Oct 2025 04:14:45,0.050
19 Oct 2025 04:15:00,0.027
19 Oct 2025 04:17:15,0.068
19 Oct 2025 04:25:45,-0.022
19 Oct 2025 04:29:30,-0.029
19 Oct 2025 04:32:30,0.095
19 Oct 2025 04:35:45,0.060
19 Oct 2025 04:37:00,-0.078
19 Oct 2025 04:38:30,0.143
19 Oct 2025 04:40:15,0.108
19 Oct 2025 04:45:15,0.145
19 Oct 2025 04:48:15,0.130
19 Oct 2025 04:51:30,0.110
19 Oct 2025 04:53:00,-0.026
19 Oct 2025 04:54:30,0.058
19 Oct 2025 04:55:15,0.156
19 Oct 2025 04:56:30,0.025
19 Oct 2025 05:05:00,0.105
19 Oct 2025 05:06:30,0.105
19 Oct 2025 05:07:15,0.047
19 Oct 2025 05:12:45,0.140
19 Oct 2025 05:13:45,0.108
19 Oct 2025 05:14:30,0.179
19 Oct 2025 05:16:30,0.120
19 Oct 2025 05:19:45,0.155
19 Oct 2025 05:21:15,0.062
19 Oct 2025 05:21:45,0.171
19 Oct 2025 05:22:00,0.261
19 Oct 2025 05:23:45,0.215
19 Oct 2025 05:28:00,0.122
19 Oct 2025 05:29:00,0.153
19 Oct 2025 05:29:30,-0.008
19 Oct 2025 05:29:45,0.134
19 Oct 2025 05:30:15,0.129
19 Oct 2025 05:33:30,0.193
19 Oct 2025 05:34:15,0.083
19 Oct 2025 05:36:15,0.164
19 Oct 2025 05:42:00,0.206
19 Oct 2025 05:44:30,0.167
19 Oct 2025 05:50:45,-0.097
19 Oct 2025 05:52:00,0.148
19 Oct 2025 05:53:00,0.103
19 Oct 2025 05:54:00,0.151
19 Oct 2025 06:02:30,0.205
19 Oct 2025 06:02:45,0.202
19 Oct 2025 06:04:15,0.000
19 Oct 2025 06:05:00,0.177
19 Oct 2025 06:06:45,0.039
19 Oct 2025 06:12:00,0.053
19 Oct 2025 06:12:30,0.146
19 Oct 2025 06:18:30,0.150
19 Oct 2025 06:19:00,-0.009
19 Oct 2025 06:23:00,-0.065
19 Oct 2025 06:27:00,0.246
19 Oct 2025 06:28:00,0.059
19 Oct 2025 06:28:45,0.096
19 Oct 2025 06:30:15,0.200
19 Oct 2025 06:32:00,0.133
19 Oct 2025 06:34:30,0.209
19 Oct 2025 06:36:30,-0.020
19 Oct 2025 06:37:30,0.126
19 Oct 2025 06:37:45,0.094
19 Oct 2025 06:38:00,0.199
19 Oct 2025 06:38:30,0.062
19 Oct 2025 06:39:30,0.037
19 Oct 2025 06:43:45,0.194
19 Oct 2025 06:46:15,0.219
19 Oct 2025 06:47:00,0.310
19 Oct 2025 06:47:30,0.170
19 Oct 2025 06:48:15,0.065
19 Oct 2025 06:49:15,-0.041
19 Oct 2025 06:49:45,0.109
19 Oct 2025 06:50:00,0.213
19 Oct 2025 06:53:45,-0.044
19 Oct 2025 06:54:00,0.246
19 Oct 2025 06:56:30,0.089
19 Oct 2025 06:57:30,0.278
19 Oct 2025 06:58:00,0.249
19 Oct 2025 06:59:15,0.168
19 Oct 2025 06:59:30,0.109
19 Oct 2025 06:59:45,0.221
19 Oct 2025 07:00:30,0.074
19 Oct 2025 07:03:15,0.079
19 Oct 2025 07:04:00,0.193
19 Oct 2025 07:06:15,0.144
19 Oct 2025 07:07:45,0.028
19 Oct 2025 07:11:45,0.096
19 Oct 2025 07:16:15,0.042
19 Oct 2025 07:19:45,0.306
19 Oct 2025 07:24:45,0.121
19 Oct 2025 07:25:30,-0.032
19 Oct 2025 07:27:30,0.407
19 Oct 2025 07:28:15,0.054
19 Oct 2025 07:30:15,0.129
19 Oct 2025 07:43:45,0.020
19 Oct 2025 07:46:45,0.081
19 Oct 2025 07:47:30,0.149
19 Oct 2025 07:48:00,0.089
19 Oct 2025 07:48:15,0.198
19 Oct 2025 07:52:30,0.180
19 Oct 2025 07:52:45,0.197
19 Oct 2025 07:55:15,-0.110
19 Oct 2025 07:55:45,0.178
19 Oct 2025 07:57:30,0.216
19 Oct 2025 08:02:15,0.182
19 Oct 2025 08:03:30,0.048
19 Oct 2025 08:04:15,0.046
19 Oct 2025 08:10:15,0.028
19 Oct 2025 08:12:45,0.056
19 Oct 2025 08:14:30,0.001
19 Oct 2025 08:15:15,0.393
19 Oct 2025 08:17:15,0.144
19 Oct 2025 08:19:00,-0.160
19 Oct 2025 08:19:45,0.088
19 Oct 2025 08:21:00,0.170
19 Oct 2025 08:21:45,0.038
19 Oct 2025 08:22:30,-0.033
19 Oct 2025 08:23:15,0.136
19 Oct 2025 08:23:30,-0.052
19 Oct 2025 08:28:45,0.005
19 Oct 2025 08:29:45,-0.006
19 Oct 2025 08:30:00,0.242
19 Oct 2025 08:31:45,-0.041
19 Oct 2025 08:34:00,0.194
19 Oct 2025 08:34:45,0.143
19 Oct 2025 08:35:45,0.159
19 Oct 2025 08:42:00,0.221
19 Oct 2025 08:43:15,-0.020
19 Oct 2025 08:49:00,0.084
19 Oct 2025 08:52:00,0.175
19 Oct 2025 08:52:30,0.025
19 Oct 2025 08:53:30,0.172
19 Oct 2025 08:58:15,0.066
19 Oct 2025 09:00:15,0.080
19 Oct 2025 09:05:00,-0.225
19 Oct 2025 09:05:30,-0.063
19 Oct 2025 09:08:45,-0.034
19 Oct 2025 09:09:00,0.103
19 Oct 2025 09:09:45,0.008
19 Oct 2025 09:10:00,0.222
19 Oct 2025 09:11:15,0.108
19 Oct 2025 09:11:30,0.029
19 Oct 2025 09:12:15,-0.066
19 Oct 2025 09:12:45,-0.038
19 Oct 2025 09:14:45,0.074
19 Oct 2025 09:15:45,0.074
19 Oct 2025 09:16:00,-0.109
19 Oct 2025 09:17:15,0.132
19 Oct 2025 09:18:45,-0.067
19 Oct 2025 09:25:30,-0.042
19 Oct 2025 09:28:45,0.029
19 Oct 2025 09:30:15,-0.254
19 Oct 2025 09:34:45,0.090
19 Oct 2025 09:36:45,-0.105
19 Oct 2025 09:38:45,-0.008
19 Oct 2025 09:40:00,-0.096
19 Oct 2025 09:40:45,-0.015
19 Oct 2025 09:42:00,0.049
19 Oct 2025 09:42:30,-0.018
19 Oct 2025 09:43:45,-0.006
19 Oct 2025 09:45:45,-0.039
19 Oct 2025 09:47:15,-0.116
19 Oct 2025 09:54:45,-0.053
19 Oct 2025 09:55:15,0.083
19 Oct 2025 10:00:15,0.160
19 Oct 2025 10:00:30,-0.031
19 Oct 2025 10:00:45,-0.084
19 Oct 2025 10:01:45,0.015
19 Oct 2025 10:02:45,0.003
19 Oct 2025 10:08:45,-0.048
19 Oct 2025 10:14:45,-0.097
19 Oct 2025 10:16:00,0.033
19 Oct 2025 10:16:15,-0.055
19 Oct 2025 10:18:45,0.023
19 Oct 2025 10:20:00,0.068
19 Oct 2025 10:20:15,0.060
19 Oct 2025 10:20:30,-0.028
19 Oct 2025 10:21:15,0.024
19 Oct 2025 10:21:30,0.046
19 Oct 2025 10:22:45,-0.097
19 Oct 2025 10:24:15,-0.076
19 Oct 2025 10:25:30,-0.141
19 Oct 2025 10:29:45,0.003
19 Oct 2025 10:30:00,-0.048
19 Oct 2025 10:34:15,0.051
19 Oct 2025 10:35:45,-0.050
19 Oct 2025 10:37:45,-0.071
19 Oct 2025 10:42:15,-0.132
19 Oct 2025 10:44:15,0.041
19 Oct 2025 10:46:30,-0.047
19 Oct 2025 10:48:30,-0.038
19 Oct 2025 10:50:15,-0.077
19 Oct 2025 10:53:30,-0.188
19 Oct 2025 10:54:45,-0.079
19 Oct 2025 10:55:45,-0.126
19 Oct 2025 10:58:00,-0.126
19 Oct 2025 10:58:30,-0.044
19 Oct 2025 10:59:15,-0.025
19 Oct 2025 11:02:00,-0.005
19 Oct 2025 11:05:30,-0.081
19 Oct 2025 11:06:15,-0.017
19 Oct 2025 11:10:15,-0.061
19 Oct 2025 11:12:15,-0.107
19 Oct 2025 11:12:45,-0.180
19 Oct 2025 11:13:15,-0.098
19 Oct 2025 11:14:15,0.019
19 Oct 2025 11:17:30,-0.098
19 Oct 2025 11:19:45,-0.131
19 Oct 2025 11:20:00,-0.070
19 Oct 2025 11:22:30,-0.139
19 Oct 2025 11:22:45,-0.003
19 Oct 2025 11:36:45,-0.055
19 Oct 2025 11:37:30,0.025
19 Oct 2025 11:38:15,-0.136
19 Oct 2025 11:38:30,-0.159
19 Oct 2025 11:39:30,-0.079
19 Oct 2025 11:40:00,-0.156
19 Oct 2025 11:41:45,0.153
19 Oct 2025 11:44:30,-0.149
19 Oct 2025 11:46:45,-0.130
19 Oct 2025 11:47:45,0.032
19 Oct 2025 11:49:30,0.097
19 Oct 2025 11:52:15,-0.038
19 Oct 2025 11:54:15,-0.165
19 Oct 2025 11:54:30,-0.240
19 Oct 2025 11:55:15,-0.043
19 Oct 2025 11:56:30,-0.219
19 Oct 2025 11:59:30,-0.023
19 Oct 2025 12:02:30,-0.014
19 Oct 2025 12:03:00,-0.124
19 Oct 2025 12:04:00,-0.231
19 Oct 2025 12:07:30,-0.073
19 Oct 2025 12:10:00,0.019
19 Oct 2025 12:13:15,0.018
19 Oct 2025 12:13:30,-0.108
19 Oct 2025 12:15:45,0.019
19 Oct 2025 12:19:15,-0.020
19 Oct 2025 12:23:45,0.043
19 Oct 2025 12:24:00,-0.027
19 Oct 2025 12:24:45,-0.121
19 Oct 2025 12:25:00,-0.131
19 Oct 2025 12:27:00,-0.079
19 Oct 2025 12:28:15,-0.059
19 Oct 2025 12:30:15,0.149
19 Oct 2025 12:32:00,-0.113
19 Oct 2025 12:32:45,-0.066
19 Oct 2025 12:35:15,0.003
19 Oct 2025 12:36:45,-0.163
19 Oct 2025 12:42:15,-0.105
19 Oct 2025 12:44:00,0.018
19 Oct 2025 12:44:30,-0.066
19 Oct 2025 12:45:30,-0.101
19 Oct 2025 12:45:45,0.021
19 Oct 2025 12:46:00,0.008
19 Oct 2025 12:50:45,-0.045
19 Oct 2025 12:52:00,0.003
19 Oct 2025 12:53:30,-0.064
19 Oct 2025 12:54:15,-0.013
19 Oct 2025 12:58:30,-0.074
19 Oct 2025 13:01:15,-0.021
19 Oct 2025 13:01:45,-0.134
19 Oct 2025 13:05:15,-0.083
19 Oct 2025 13:05:30,-0.002
19 Oct 2025 13:10:45,0.018
19 Oct 2025 13:11:15,-0.083
19 Oct 2025 13:12:00,-0.099
19 Oct 2025 13:14:30,-0.237
19 Oct 2025 13:16:30,-0.122
19 Oct 2025 13:19:15,-0.002
19 Oct 2025 13:21:45,-0.045
19 Oct 2025 13:26:15,-0.150
19 Oct 2025 13:30:45,0.023
19 Oct 2025 13:31:00,-0.131
19 Oct 2025 13:36:30,-0.087
19 Oct 2025 13:36:45,-0.039
19 Oct 2025 13:40:15,0.044
19 Oct 2025 13:42:15,0.025
19 Oct 2025 13:42:45,-0.123
19 Oct 2025 13:43:15,-0.069
19 Oct 2025 13:48:30,-0.055
19 Oct 2025 13:49:30,-0.057
19 Oct 2025 13:49:45,-0.090
19 Oct 2025 13:50:45,0.031
19 Oct 2025 13:51:30,0.048
19 Oct 2025 13:52:00,-0.011
19 Oct 2025 13:52:30,0.001
19 Oct 2025 13:54:30,-0.027
19 Oct 2025 13:55:30,-0.008
19 Oct 2025 13:59:15,-0.046
19 Oct 2025 14:03:00,0.008
19 Oct 2025 14:04:00,-0.045
19 Oct 2025 14:06:15,-0.116
19 Oct 2025 14:07:45,-0.004
19 Oct 2025 14:12:00,-0.062
19 Oct 2025 14:18:00,-0.071
19 Oct 2025 14:21:15,-0.003
19 Oct 2025 14:22:30,-0.025
19 Oct 2025 14:24:15,-0.025
19 Oct 2025 14:26:15,-0.022
19 Oct 2025 14:27:15,-0.101
19 Oct 2025 14:28:30,0.038
19 Oct 2025 14:31:00,0.028
19 Oct 2025 14:31:15,0.035
19 Oct 2025 14:32:30,0.078
19 Oct 2025 14:34:45,-0.007
19 Oct 2025 14:35:45,0.004
19 Oct 2025 14:36:00,-0.068
19 Oct 2025 14:36:30,0.032
19 Oct 2025 14:37:30,-0.173
19 Oct 2025 14:37:45,-0.104
19 Oct 2025 14:38:45,0.009
19 Oct 2025 14:41:30,-0.101
19 Oct 2025 14:43:15,0.057
19 Oct 2025 14:45:00,-0.043
19 Oct 2025 14:45:15,0.061
19 Oct 2025 14:47:00,-0.116
19 Oct 2025 14:48:00,0.076
19 Oct 2025 14:48:30,0.025
19 Oct 2025 14:49:30,0.003
19 Oct 2025 14:49:45,-0.019
19 Oct 2025 14:52:00,-0.019
19 Oct 2025 14:52:30,0.015
19 Oct 2025 14:54:00,0.039
19 Oct 2025 14:54:30,-0.036
19 Oct 2025 14:55:15,0.025
19 Oct 2025 14:55:30,0.063
19 Oct 2025 14:57:30,0.086
19 Oct 2025 14:57:45,-0.016
19 Oct 2025 15:02:45,0.061
19 Oct 2025 15:03:00,0.063
19 Oct 2025 15:03:30,-0.055
19 Oct 2025 15:05:15,0.041
19 Oct 2025 15:06:00,0.105
19 Oct 2025 15:09:00,0.013
19 Oct 2025 15:19:15,0.096
19 Oct 2025 15:24:15,0.159
19 Oct 2025 15:25:15,0.039
19 Oct 2025 15:29:30,-0.068
19 Oct 2025 15:30:00,0.043
19 Oct 2025 15:35:45,0.001
19 Oct 2025 15:38:00,0.042
19 Oct 2025 15:38:15,0.107
19 Oct 2025 15:38:45,0.020
19 Oct 2025 15:40:15,0.058
19 Oct 2025 15:40:30,0.031
19 Oct 2025 15:44:45,0.064
19 Oct 2025 15:47:00,0.021
19 Oct 2025 15:54:30,0.124
19 Oct 2025 15:55:30,0.128
19 Oct 2025 15:58:45,0.105
19 Oct 2025 15:59:00,0.037
19 Oct 2025 16:00:45,0.135
19 Oct 2025 16:01:00,0.138
19 Oct 2025 16:01:15,0.051
19 Oct 2025 16:07:30,0.117
19 Oct 2025 16:07:45,0.003
19 Oct 2025 16:09:15,-0.048
19 Oct 2025 16:11:15,-0.047
19 Oct 2025 16:11:45,0.079
19 Oct 2025 16:13:30,0.201
19 Oct 2025 16:14:00,0.110
19 Oct 2025 16:19:45,0.103
19 Oct 2025 16:20:30,0.059
19 Oct 2025 16:28:00,0.139
19 Oct 2025 16:30:00,0.119
19 Oct 2025 16:33:00,0.170
19 Oct 2025 16:34:30,0.059
19 Oct 2025 16:35:30,0.122
19 Oct 2025 16:36:30,0.047
19 Oct 2025 16:37:45,0.169
19 Oct 2025 16:38:30,0.168
19 Oct 2025 16:40:15,0.044
19 Oct 2025 16:42:30,0.151
19 Oct 2025 16:43:45,0.059
19 Oct 2025 16:44:00,0.115
19 Oct 2025 16:45:30,-0.003
19 Oct 2025 16:46:45,0.105
19 Oct 2025 16:48:45,0.100
19 Oct 2025 16:53:30,0.097
19 Oct 2025 16:54:00,0.065
19 Oct 2025 16:57:15,0.024
19 Oct 2025 16:58:00,0.144
19 Oct 2025 16:58:15,0.124
19 Oct 2025 17:00:00,-0.004
19 Oct 2025 17:03:30,0.195
19 Oct 2025 17:04:15,0.152
19 Oct 2025 17:04:30,0.093
19 Oct 2025 17:04:45,0.185
19 Oct 2025 17:05:30,0.138
19 Oct 2025 17:09:15,0.146
19 Oct 2025 17:11:00,0.101
19 Oct 2025 17:11:15,0.075
19 Oct 2025 17:12:00,0.168
19 Oct 2025 17:14:00,0.222
19 Oct 2025 17:14:45,0.085
19 Oct 2025 17:16:00,0.145
19 Oct 2025 17:16:45,0.135
19 Oct 2025 17:19:45,0.061
19 Oct 2025 17:23:00,0.177
19 Oct 2025 17:25:15,0.155
19 Oct 2025 17:25:30,0.146
19 Oct 2025 17:27:15,0.184
19 Oct 2025 17:28:00,0.109
19 Oct 2025 17:30:00,0.260
19 Oct 2025 17:30:15,0.106
19 Oct 2025 17:31:15,0.188
19 Oct 2025 17:31:30,0.154
19 Oct 2025 17:31:45,0.175
19 Oct 2025 17:33:00,0.150
19 Oct 2025 17:33:15,0.185
19 Oct 2025 17:37:30,0.076
19 Oct 2025 17:38:00,0.269
19 Oct 2025 17:39:00,0.180
19 Oct 2025 17:40:30,0.138
19 Oct 2025 17:41:15,0.260
19 Oct 2025 17:42:00,0.119
19 Oct 2025 17:46:30,0.162
19 Oct 2025 17:50:30,0.121
19 Oct 2025 17:52:15,0.178
19 Oct 2025 17:56:30,0.129
19 Oct 2025 17:58:00,0.166
19 Oct 2025 17:59:45,0.181
19 Oct 2025 18:01:00,0.010
19 Oct 2025 18:04:30,0.275
19 Oct 2025 18:09:00,0.110
19 Oct 2025 18:11:15,0.104
19 Oct 2025 18:14:15,0.222
19 Oct 2025 18:16:45,0.178
19 Oct 2025 18:18:45,0.157
19 Oct 2025 18:20:15,0.101
19 Oct 2025 18:26:15,0.035
19 Oct 2025 18:28:15,0.102
19 Oct 2025 18:31:30,0.153
19 Oct 2025 18:31:45,0.237
19 Oct 2025 18:32:45,0.128
19 Oct 2025 18:33:15,0.233
19 Oct 2025 18:38:00,0.181
19 Oct 2025 18:38:15,0.139
19 Oct 2025 18:39:15,0.196
19 Oct 2025 18:39:45,0.204
19 Oct 2025 18:41:00,0.136
19 Oct 2025 18:42:15,0.181
19 Oct 2025 18:43:15,0.200
19 Oct 2025 18:45:15,0.130
19 Oct 2025 18:50:00,0.104
19 Oct 2025 18:51:15,0.158
19 Oct 2025 18:52:30,0.102
19 Oct 2025 18:56:00,0.169
19 Oct 2025 18:57:15,0.200
19 Oct 2025 18:57:45,0.111
19 Oct 2025 18:59:00,0.194
19 Oct 2025 18:59:30,0.252
19 Oct 2025 19:02:15,0.230
19 Oct 2025 19:03:30,0.155
19 Oct 2025 19:04:00,0.136
19 Oct 2025 19:05:30,0.184
19 Oct 2025 19:07:00,0.161
19 Oct 2025 19:07:30,0.228
19 Oct 2025 19:07:45,0.150
19 Oct 2025 19:13:00,0.140
19 Oct 2025 19:16:15,0.196
19 Oct 2025 19:17:15,0.121
19 Oct 2025 19:18:00,0.175
19 Oct 2025 19:20:30,0.259
19 Oct 2025 19:21:15,0.206
19 Oct 2025 19:24:15,0.237
19 Oct 2025 19:27:30,0.106
19 Oct 2025 19:29:30,0.149
19 Oct 2025 19:29:45,0.231
19 Oct 2025 19:35:15,0.156
19 Oct 2025 19:36:45,0.138
19 Oct 2025 19:41:30,0.193
19 Oct 2025 19:42:45,0.209
19 Oct 2025 19:44:00,0.208
19 Oct 2025 19:46:00,0.085
19 Oct 2025 19:46:45,0.165
19 Oct 2025 19:47:45,0.173
19 Oct 2025 19:48:15,0.087
19 Oct 2025 19:49:15,0.144
19 Oct 2025 19:53:15,0.253
19 Oct 2025 19:53:30,0.092
19 Oct 2025 19:54:30,0.111
19 Oct 2025 19:59:45,0.104
19 Oct 2025 20:01:30,0.032
19 Oct 2025 20:02:30,0.145
19 Oct 2025 20:02:45,0.195
19 Oct 2025 20:05:00,0.147
19 Oct 2025 20:06:30,0.216
19 Oct 2025 20:08:30,0.149
19 Oct 2025 20:09:30,0.130
19 Oct 2025 20:12:30,0.171
19 Oct 2025 20:13:00,0.176
19 Oct 2025 20:13:15,0.169
19 Oct 2025 20:13:30,0.188
19 Oct 2025 20:14:15,0.058
19 Oct 2025 20:14:30,0.222
19 Oct 2025 20:19:00,0.137
19 Oct 2025 20:21:45,0.145
19 Oct 2025 20:24:00,0.209
19 Oct 2025 20:27:15,0.180
19 Oct 2025 20:27:30,0.193
19 Oct 2025 20:28:15,0.083
19 Oct 2025 20:29:30,0.175
19 Oct 2025 20:31:15,0.149
19 Oct 2025 20:34:00,0.026
19 Oct 2025 20:35:15,0.039
19 Oct 2025 20:37:30,0.097
19 Oct 2025 20:38:00,0.104
19 Oct 2025 20:42:30,0.081
19 Oct 2025 20:46:15,0.103
19 Oct 2025 20:50:15,0.083
19 Oct 2025 20:51:30,0.126
19 Oct 2025 20:52:00,0.093
19 Oct 2025 20:53:30,0.073
19 Oct 2025 20:58:30,0.177
19 Oct 2025 21:00:45,0.128
19 Oct 2025 21:03:45,0.111
19 Oct 2025 21:06:45,0.067
19 Oct 2025 21:10:00,0.188
19 Oct 2025 21:12:00,0.088
19 Oct 2025 21:12:30,0.119
19 Oct 2025 21:14:00,0.087
19 Oct 2025 21:15:30,0.081
19 Oct 2025 21:19:15,-0.045
19 Oct 2025 21:20:30,0.041
19 Oct 2025 21:21:30,0.076
19 Oct 2025 21:22:30,0.081
19 Oct 2025 21:24:45,0.151
19 Oct 2025 21:26:15,0.093
19 Oct 2025 21:28:15,0.117
19 Oct 2025 21:29:15,0.173
19 Oct 2025 21:29:30,0.051
19 Oct 2025 21:30:45,-0.051
19 Oct 2025 21:31:45,0.095
19 Oct 2025 21:32:00,-0.045
19 Oct 2025 21:35:30,0.109
19 Oct 2025 21:36:00,0.060
19 Oct 2025 21:36:30,0.116
19 Oct 2025 21:37:00,0.152
19 Oct 2025 21:38:45,0.069
19 Oct 2025 21:40:00,0.124
19 Oct 2025 21:42:15,0.107
19 Oct 2025 21:43:00,0.090
19 Oct 2025 21:47:00,0.097
19 Oct 2025 21:48:00,0.091
19 Oct 2025 21:53:00,0.089
19 Oct 2025 21:53:45,0.186
19 Oct 2025 21:54:00,0.018
19 Oct 2025 21:59:00,-0.017
19 Oct 2025 22:05:30,0.029
19 Oct 2025 22:07:15,0.104
19 Oct 2025 22:11:45,0.067
19 Oct 2025 22:12:30,0.111
19 Oct 2025 22:14:00,0.016
19 Oct 2025 22:14:45,-0.012
19 Oct 2025 22:17:15,0.020
19 Oct 2025 22:22:00,0.036
19 Oct 2025 22:26:45,-0.025
19 Oct 2025 22:27:30,0.157
19 Oct 2025 22:29:00,0.001
19 Oct 2025 22:29:45,-0.067
19 Oct 2025 22:30:15,0.121
19 Oct 2025 22:31:45,-0.026
19 Oct 2025 22:34:00,0.081
19 Oct 2025 22:35:30,-0.120
19 Oct 2025 22:35:45,0.043
19 Oct 2025 22:40:00,-0.024
19 Oct 2025 22:43:15,-0.024
19 Oct 2025 22:45:00,-0.049
19 Oct 2025 22:46:00,0.060
19 Oct 2025 22:46:30,-0.043
19 Oct 2025 22:49:45,-0.045
19 Oct 2025 22:52:15,0.010
19 Oct 2025 22:52:30,-0.055
19 Oct 2025 22:54:30,0.090
19 Oct 2025 22:55:00,-0.051
19 Oct 2025 22:55:45,0.065
19 Oct 2025 23:00:30,-0.026
19 Oct 2025 23:02:45,0.091
19 Oct 2025 23:03:30,-0.006
19 Oct 2025 23:05:00,0.019
19 Oct 2025 23:05:30,-0.088
19 Oct 2025 23:06:00,-0.048
19 Oct 2025 23:09:15,-0.029
19 Oct 2025 23:10:30,0.073
19 Oct 2025 23:12:00,-0.059
19 Oct 2025 23:13:45,-0.082
19 Oct 2025 23:17:00,-0.015
19 Oct 2025 23:20:00,-0.016
19 Oct 2025 23:23:15,-0.151
19 Oct 2025 23:24:00,-0.003
19 Oct 2025 23:24:15,-0.107
19 Oct 2025 23:28:45,-0.039
19 Oct 2025 23:32:30,-0.106
19 Oct 2025 23:34:15,-0.097
19 Oct 2025 23:35:00,-0.042
19 Oct 2025 23:36:45,-0.020
19 Oct 2025 23:40:15,-0.079
19 Oct 2025 23:42:15,-0.138
19 Oct 2025 23:42:30,-0.072
19 Oct 2025 23:43:15,-0.111
19 Oct 2025 23:45:30,0.073
19 Oct 2025 23:46:30,-0.187
19 Oct 2025 23:47:45,0.011
19 Oct 2025 23:48:00,-0.096
19 Oct 2025 23:51:00,-0.121
19 Oct 2025 23:51:15,-0.019
19 Oct 2025 23:52:00,-0.011
19 Oct 2025 23:52:45,-0.141
19 Oct 2025 23:54:00,-0.058
19 Oct 2025 23:54:45,-0.093
19 Oct 2025 23:59:30,-0.050
20 Oct 2025 00:02:00,-0.076
20 Oct 2025 00:04:45,-0.059
20 Oct 2025 00:07:00,-0.193
20 Oct 2025 00:09:30,-0.132
20 Oct 2025 00:15:30,-0.059
20 Oct 2025 00:20:15,-0.002
20 Oct 2025 00:24:00,-0.093
20 Oct 2025 00:25:30,0.077
20 Oct 2025 00:27:15,0.040
20 Oct 2025 00:27:30,-0.069
20 Oct 2025 00:28:00,0.010
20 Oct 2025 00:28:30,0.005
20 Oct 2025 00:29:00,0.016
20 Oct 2025 00:29:45,-0.149
20 Oct 2025 00:32:15,-0.091
20 Oct 2025 00:34:00,-0.023
20 Oct 2025 00:35:45,-0.102
20 Oct 2025 00:36:00,-0.128
20 Oct 2025 00:38:45,0.005
20 Oct 2025 00:39:15,-0.041
20 Oct 2025 00:42:00,0.031
20 Oct 2025 00:43:00,-0.145
20 Oct 2025 00:45:45,-0.036
20 Oct 2025 00:46:00,-0.084
20 Oct 2025 00:48:15,-0.024
20 Oct 2025 00:53:30,-0.052
20 Oct 2025 00:55:15,-0.082
20 Oct 2025 00:56:00,-0.177
20 Oct 2025 00:56:15,0.025
20 Oct 2025 00:58:45,-0.067
20 Oct 2025 00:59:30,0.005
20 Oct 2025 01:01:30,-0.011
20 Oct 2025 01:02:45,-0.085
20 Oct 2025 01:06:45,-0.132
20 Oct 2025 01:08:30,-0.083
20 Oct 2025 01:11:30,0.011
20 Oct 2025 01:12:15,-0.073
20 Oct 2025 01:18:30,-0.087
20 Oct 2025 01:19:30,-0.015
20 Oct 2025 01:24:00,-0.112
20 Oct 2025 01:26:45,-0.065
20 Oct 2025 01:30:15,-0.077
20 Oct 2025 01:32:30,-0.024
20 Oct 2025 01:39:15,-0.073
20 Oct 2025 01:40:45,-0.121
20 Oct 2025 01:44:45,-0.073
20 Oct 2025 01:45:45,-0.100
20 Oct 2025 01:48:15,-0.045
20 Oct 2025 01:50:00,-0.030
20 Oct 2025 01:51:30,-0.050
20 Oct 2025 01:51:45,-0.169
20 Oct 2025 01:54:15,-0.064
20 Oct 2025 01:54:45,-0.074
20 Oct 2025 01:56:00,0.051
20 Oct 2025 01:57:30,-0.095
20 Oct 2025 01:59:15,-0.036
20 Oct 2025 01:59:30,-0.075
20 Oct 2025 02:05:00,0.053
20 Oct 2025 02:07:30,-0.038
20 Oct 2025 02:10:30,-0.119
20 Oct 2025 02:19:45,0.015
20 Oct 2025 02:21:00,-0.048
20 Oct 2025 02:23:00,-0.026
20 Oct 2025 02:23:30,-0.034
20 Oct 2025 02:24:45,-0.165
20 Oct 2025 02:25:00,-0.082
20 Oct 2025 02:26:00,-0.044
20 Oct 2025 02:26:15,0.010
20 Oct 2025 02:26:30,-0.102
20 Oct 2025 02:28:15,-0.080
20 Oct 2025 02:28:45,-0.051
20 Oct 2025 02:33:45,-0.081
20 Oct 2025 02:34:45,-0.047
20 Oct 2025 02:38:45,-0.003
20 Oct 2025 02:41:00,-0.084
20 Oct 2025 02:41:30,-0.103
20 Oct 2025 02:44:00,-0.104
20 Oct 2025 02:47:45,-0.081
20 Oct 2025 02:48:30,-0.016
20 Oct 2025 02:52:15,0.058
20 Oct 2025 02:52:30,-0.052
20 Oct 2025 02:55:45,-0.017
20 Oct 2025 02:57:45,0.014
20 Oct 2025 02:58:00,-0.059
20 Oct 2025 02:59:15,-0.009
20 Oct 2025 03:01:00,0.063
20 Oct 2025 03:02:00,-0.001
20 Oct 2025 03:03:30,0.056
20 Oct 2025 03:03:45,0.047
20 Oct 2025 03:04:15,0.011
20 Oct 2025 03:13:45,-0.025
20 Oct 2025 03:15:15,0.096
20 Oct 2025 03:19:15,0.025
20 Oct 2025 03:22:15,0.037
20 Oct 2025 03:23:00,-0.020
20 Oct 2025 03:27:00,0.049
20 Oct 2025 03:27:15,-0.009
20 Oct 2025 03:27:30,0.042
20 Oct 2025 03:28:00,0.131
20 Oct 2025 03:28:15,0.058
20 Oct 2025 03:30:15,0.079
20 Oct 2025 03:32:15,-0.087
20 Oct 2025 03:32:30,0.007
20 Oct 2025 03:34:45,0.033
20 Oct 2025 03:35:00,0.041
20 Oct 2025 03:36:30,-0.021
20 Oct 2025 03:37:45,0.030
20 Oct 2025 03:38:00,-0.056
20 Oct 2025 03:41:45,-0.025
20 Oct 2025 03:42:00,0.081
20 Oct 2025 03:46:45,0.099
20 Oct 2025 03:49:45,0.095
20 Oct 2025 03:50:00,0.138
20 Oct 2025 03:52:15,0.179
20 Oct 2025 03:55:00,0.093
20 Oct 2025 03:55:15,0.084
20 Oct 2025 03:55:30,0.098
20 Oct 2025 03:56:45,0.069
20 Oct 2025 03:57:30,0.122
20 Oct 2025 03:58:00,0.086
20 Oct 2025 04:02:15,0.113
20 Oct 2025 04:03:15,0.035
20 Oct 2025 04:04:00,0.125
20 Oct 2025 04:05:00,-0.015
20 Oct 2025 04:06:00,0.104
20 Oct 2025 04:07:45,0.002
20 Oct 2025 04:08:00,0.026
20 Oct 2025 04:09:30,0.008
20 Oct 2025 04:11:15,0.176
20 Oct 2025 04:13:00,0.043
20 Oct 2025 04:14:15,0.038
20 Oct 2025 04:20:30,0.019
20 Oct 2025 04:23:15,0.046
20 Oct 2025 04:24:15,0.029
20 Oct 2025 04:27:45,0.077
20 Oct 2025 04:28:00,0.118
20 Oct 2025 04:37:30,0.101
20 Oct 2025 04:41:45,0.029
20 Oct 2025 04:42:45,0.069
20 Oct 2025 04:45:00,0.085
20 Oct 2025 04:46:30,0.067
20 Oct 2025 04:48:45,0.215
20 Oct 2025 04:50:45,0.056
20 Oct 2025 04:51:00,0.087
20 Oct 2025 04:52:00,0.140
20 Oct 2025 04:52:30,0.081
20 Oct 2025 04:53:00,0.199
20 Oct 2025 04:54:15,0.062
20 Oct 2025 04:54:45,0.130
20 Oct 2025 04:55:00,0.080
20 Oct 2025 04:58:00,0.159
20 Oct 2025 05:01:15,0.105
20 Oct 2025 05:02:45,0.063
20 Oct 2025 05:03:00,0.116
20 Oct 2025 05:09:45,0.082
20 Oct 2025 05:16:45,0.109
20 Oct 2025 05:18:15,0.234
20 Oct 2025 05:20:30,0.045
20 Oct 2025 05:22:30,0.175
20 Oct 2025 05:25:00,0.167
20 Oct 2025 05:25:30,0.158
20 Oct 2025 05:26:15,0.166
20 Oct 2025 05:28:15,0.112
20 Oct 2025 05:30:30,0.137
20 Oct 2025 05:32:15,0.143
20 Oct 2025 05:34:00,0.164
20 Oct 2025 05:37:15,0.194
20 Oct 2025 05:37:30,0.156
20 Oct 2025 05:44:45,0.180
20 Oct 2025 05:46:00,0.157
20 Oct 2025 05:51:30,0.102
20 Oct 2025 05:53:15,0.208
20 Oct 2025 05:53:45,0.066
20 Oct 2025 05:54:45,0.221
20 Oct 2025 05:55:45,0.070
20 Oct 2025 05:56:00,0.160
20 Oct 2025 05:58:45,0.118
20 Oct 2025 05:59:30,0.065
20 Oct 2025 06:01:00,0.077
20 Oct 2025 06:01:15,0.234
20 Oct 2025 06:01:30,0.090
20 Oct 2025 06:05:30,0.125
20 Oct 2025 06:08:15,0.133
20 Oct 2025 06:09:15,0.112
20 Oct 2025 06:11:15,0.168
20 Oct 2025 06:12:15,0.085
20 Oct 2025 06:19:00,0.249
20 Oct 2025 06:23:15,0.172
20 Oct 2025 06:24:45,0.216
20 Oct 2025 06:25:30,0.160
20 Oct 2025 06:31:00,0.149
20 Oct 2025 06:31:45,0.183
20 Oct 2025 06:35:15,0.187
20 Oct 2025 06:38:45,0.221
20 Oct 2025 06:39:15,0.181
20 Oct 2025 06:39:30,0.198
20 Oct 2025 06:44:30,0.168
20 Oct 2025 06:45:00,0.158
20 Oct 2025 06:49:45,0.214
20 Oct 2025 06:50:00,0.123
20 Oct 2025 06:56:15,0.160
20 Oct 2025 06:56:30,0.201
20 Oct 2025 06:57:30,0.231
20 Oct 2025 07:01:15,0.164
20 Oct 2025 07:01:45,0.153
20 Oct 2025 07:03:15,0.142
20 Oct 2025 07:03:45,0.199
20 Oct 2025 07:08:30,0.131
20 Oct 2025 07:09:00,0.177
20 Oct 2025 07:09:30,0.189
20 Oct 2025 07:09:45,0.229
20 Oct 2025 07:10:30,0.174
20 Oct 2025 07:10:45,0.186
20 Oct 2025 07:11:00,0.218
20 Oct 2025 07:15:45,0.215
20 Oct 2025 07:16:30,0.178
20 Oct 2025 07:21:15,0.196
20 Oct 2025 07:22:45,0.147
20 Oct 2025 07:23:15,0.178
20 Oct 2025 07:26:30,0.171
20 Oct 2025 07:27:45,0.111
20 Oct 2025 07:31:00,0.135
20 Oct 2025 07:35:00,0.198
20 Oct 2025 07:38:15,0.180
20 Oct 2025 07:40:00,0.174
20 Oct 2025 07:41:45,0.175
20 Oct 2025 07:44:30,0.158
20 Oct 2025 07:46:00,0.198
20 Oct 2025 07:47:00,0.228
20 Oct 2025 07:47:15,0.181
20 Oct 2025 07:52:30,0.146
20 Oct 2025 07:52:45,0.246
20 Oct 2025 07:53:00,0.220
20 Oct 2025 07:55:30,0.188
20 Oct 2025 07:58:00,0.142
20 Oct 2025 08:00:30,0.165
20 Oct 2025 08:06:00,0.203
20 Oct 2025 08:06:15,0.195
20 Oct 2025 08:07:15,0.181
20 Oct 2025 08:09:15,0.155
20 Oct 2025 08:10:15,0.134
20 Oct 2025 08:11:30,0.125
20 Oct 2025 08:12:15,0.192
20 Oct 2025 08:13:45,0.187
20 Oct 2025 08:14:30,0.195
20 Oct 2025 08:14:45,0.237
20 Oct 2025 08:19:45,0.133
20 Oct 2025 08:25:30,0.250
20 Oct 2025 08:28:45,0.055
20 Oct 2025 08:30:00,0.106
20 Oct 2025 08:30:15,0.137
20 Oct 2025 08:35:00,0.177
20 Oct 2025 08:37:30,0.118
20 Oct 2025 08:43:00,0.134
20 Oct 2025 08:46:15,0.124
20 Oct 2025 08:48:00,0.130
20 Oct 2025 08:48:45,0.146
20 Oct 2025 08:50:15,0.192
20 Oct 2025 08:56:30,0.171
20 Oct 2025 08:57:00,0.146
20 Oct 2025 09:02:15,0.128
20 Oct 2025 09:03:15,0.154
20 Oct 2025 09:06:45,0.139
20 Oct 2025 09:07:00,0.134
20 Oct 2025 09:11:30,0.168
20 Oct 2025 09:12:00,0.150
20 Oct 2025 09:14:00,0.109
20 Oct 2025 09:16:15,0.082
20 Oct 2025 09:17:30,0.097
20 Oct 2025 09:18:45,0.115
20 Oct 2025 09:19:45,0.084
20 Oct 2025 09:21:30,0.161
20 Oct 2025 09:22:00,0.150
20 Oct 2025 09:23:30,0.084
20 Oct 2025 09:24:00,0.230
20 Oct 2025 09:29:15,0.171
20 Oct 2025 09:30:15,0.042
20 Oct 2025 09:32:45,0.177
20 Oct 2025 09:36:15,0.083
20 Oct 2025 09:38:45,0.047
20 Oct 2025 09:39:30,0.113
20 Oct 2025 09:40:15,0.085
20 Oct 2025 09:41:00,0.082
20 Oct 2025 09:45:45,0.116
20 Oct 2025 09:47:15,0.073
20 Oct 2025 09:47:30,0.136
20 Oct 2025 09:52:15,0.085
20 Oct 2025 09:59:00,0.124
20 Oct 2025 10:01:45,0.100
20 Oct 2025 10:04:00,0.096
20 Oct 2025 10:04:30,0.129
20 Oct 2025 10:04:45,0.087
20 Oct 2025 10:05:15,0.099
20 Oct 2025 10:11:00,0.076
20 Oct 2025 10:11:45,0.106
20 Oct 2025 10:12:00,0.096
20 Oct 2025 10:12:30,0.054
20 Oct 2025 10:14:15,0.054
20 Oct 2025 10:15:45,0.073
20 Oct 2025 10:16:15,0.057
20 Oct 2025 10:17:00,0.008
20 Oct 2025 10:18:15,0.085
20 Oct 2025 10:19:30,0.066
20 Oct 2025 10:20:00,0.085
20 Oct 2025 10:20:45,0.054
20 Oct 2025 10:21:00,0.058
20 Oct 2025 10:22:00,0.120
20 Oct 2025 10:22:30,0.103
20 Oct 2025 10:24:00,0.151
20 Oct 2025 10:24:45,0.053
20 Oct 2025 10:25:30,0.052
20 Oct 2025 10:27:30,0.083
20 Oct 2025 10:28:30,0.053
20 Oct 2025 10:28:45,0.040
20 Oct 2025 10:29:15,0.067
20 Oct 2025 10:29:30,0.065
20 Oct 2025 10:30:00,0.091
20 Oct 2025 10:30:45,0.103
20 Oct 2025 10:31:45,0.002
20 Oct 2025 10:33:00,-0.017
20 Oct 2025 10:36:15,0.077
20 Oct 2025 10:36:30,0.002
20 Oct 2025 10:39:00,0.074
20 Oct 2025 10:43:00,0.034
20 Oct 2025 10:44:30,0.085
20 Oct 2025 10:45:15,0.039
20 Oct 2025 10:48:30,0.003
20 Oct 2025 10:50:00,0.108
20 Oct 2025 10:52:15,0.016
20 Oct 2025 10:53:30,0.125
20 Oct 2025 10:55:15,0.040
20 Oct 2025 10:56:45,0.011
20 Oct 2025 10:59:00,0.062
20 Oct 2025 10:59:30,-0.020
20 Oct 2025 11:04:00,0.025
20 Oct 2025 11:07:00,0.005
20 Oct 2025 11:07:30,0.022
20 Oct 2025 11:08:30,-0.015
20 Oct 2025 11:11:30,0.049
20 Oct 2025 11:14:00,0.025
20 Oct 2025 11:16:00,0.017
20 Oct 2025 11:18:15,-0.027
20 Oct 2025 11:18:45,-0.038
20 Oct 2025 11:19:15,0.074
20 Oct 2025 11:19:30,0.023
20 Oct 2025 11:25:15,-0.017
20 Oct 2025 11:27:00,0.023
20 Oct 2025 11:27:30,0.062
20 Oct 2025 11:28:45,0.008
20 Oct 2025 11:29:00,0.026
20 Oct 2025 11:30:15,0.036
20 Oct 2025 11:33:30,-0.032
20 Oct 2025 11:35:45,0.060
20 Oct 2025 11:39:15,-0.002
20 Oct 2025 11:41:00,0.009
20 Oct 2025 11:41:30,-0.022
20 Oct 2025 11:45:00,0.064
20 Oct 2025 11:47:00,-0.047
20 Oct 2025 11:48:00,0.044
20 Oct 2025 11:48:30,0.016
20 Oct 2025 11:48:45,0.024
20 Oct 2025 11:51:00,0.050
20 Oct 2025 11:52:15,0.043
20 Oct 2025 11:55:15,-0.064
20 Oct 2025 11:57:15,0.047
20 Oct 2025 12:01:00,-0.056
20 Oct 2025 12:02:30,0.003
20 Oct 2025 12:03:15,-0.017
20 Oct 2025 12:07:45,-0.024
20 Oct 2025 12:08:30,-0.064
20 Oct 2025 12:09:15,-0.087
20 Oct 2025 12:10:45,-0.027
20 Oct 2025 12:11:30,-0.043
20 Oct 2025 12:14:30,-0.071
20 Oct 2025 12:16:15,-0.057
20 Oct 2025 12:20:15,-0.061
20 Oct 2025 12:24:15,-0.024
20 Oct 2025 12:24:45,-0.038
20 Oct 2025 12:27:15,-0.016
20 Oct 2025 12:27:30,-0.017
20 Oct 2025 12:29:45,-0.038
20 Oct 2025 12:31:00,0.020
20 Oct 2025 12:35:30,-0.005
20 Oct 2025 12:36:00,-0.048
20 Oct 2025 12:38:45,-0.039
20 Oct 2025 12:40:15,0.017
20 Oct 2025 12:43:00,-0.054
20 Oct 2025 12:46:15,0.000
20 Oct 2025 12:47:45,0.004
20 Oct 2025 12:58:45,-0.016
20 Oct 2025 12:59:30,-0.065
20 Oct 2025 13:00:30,0.034
20 Oct 2025 13:03:00,-0.026
20 Oct 2025 13:05:00,-0.012
20 Oct 2025 13:14:45,-0.029
20 Oct 2025 13:15:00,0.001
20 Oct 2025 13:16:30,-0.024
20 Oct 2025 13:22:45,-0.067
20 Oct 2025 13:24:15,-0.031
20 Oct 2025 13:27:15,0.017
20 Oct 2025 13:30:00,-0.027
20 Oct 2025 13:31:45,-0.009
20 Oct 2025 13:32:15,0.002
20 Oct 2025 13:33:30,-0.015
20 Oct 2025 13:37:00,-0.037
20 Oct 2025 13:40:00,-0.004
20 Oct 2025 13:44:45,-0.040
20 Oct 2025 13:48:45,-0.038
20 Oct 2025 13:50:30,-0.009
20 Oct 2025 13:53:45,0.036
20 Oct 2025 13:59:15,0.005
20 Oct 2025 14:00:45,-0.039
20 Oct 2025 14:03:45,0.019
20 Oct 2025 14:04:00,-0.002
20 Oct 2025 14:04:30,-0.044
20 Oct 2025 14:05:30,-0.042
20 Oct 2025 14:08:15,-0.003
20 Oct 2025 14:11:00,0.025
20 Oct 2025 14:12:00,0.013
20 Oct 2025 14:13:45,0.044
20 Oct 2025 14:14:15,0.008
20 Oct 2025 14:14:30,0.014
20 Oct 2025 14:17:30,0.015
20 Oct 2025 14:20:00,0.024
20 Oct 2025 14:20:15,0.036
20 Oct 2025 14:20:45,0.015
20 Oct 2025 14:21:15,0.001
20 Oct 2025 14:21:45,-0.024
20 Oct 2025 14:26:00,-0.009
20 Oct 2025 14:26:30,0.017
20 Oct 2025 14:28:00,-0.018
20 Oct 2025 14:31:30,-0.037
20 Oct 2025 14:33:45,-0.047
20 Oct 2025 14:45:45,-0.040
20 Oct 2025 14:48:00,0.044
20 Oct 2025 14:50:00,0.056
20 Oct 2025 14:50:15,-0.021
20 Oct 2025 14:53:30,0.102
20 Oct 2025 14:55:00,0.044
20 Oct 2025 14:56:00,-0.007
20 Oct 2025 14:57:00,0.080
20 Oct 2025 14:57:15,-0.013
20 Oct 2025 14:58:30,0.047
20 Oct 2025 15:02:00,0.015
20 Oct 2025 15:02:15,0.067
20 Oct 2025 15:05:30,0.046
20 Oct 2025 15:07:45,0.074
20 Oct 2025 15:11:30,0.014
20 Oct 2025 15:13:45,0.013
20 Oct 2025 15:15:00,0.042
20 Oct 2025 15:19:00,-0.012
20 Oct 2025 15:20:30,0.059
20 Oct 2025 15:21:30,0.056
20 Oct 2025 15:23:45,-0.004
20 Oct 2025 15:25:15,0.052
20 Oct 2025 15:25:45,0.069
20 Oct 2025 15:26:30,-0.025
20 Oct 2025 15:28:15,0.063
20 Oct 2025 15:30:30,0.060
20 Oct 2025 15:31:00,0.099
20 Oct 2025 15:32:30,0.010
20 Oct 2025 15:32:45,0.058
20 Oct 2025 15:34:00,0.053
20 Oct 2025 15:34:45,0.021
20 Oct 2025 15:35:45,0.111
20 Oct 2025 15:36:45,0.136
20 Oct 2025 15:39:45,0.022
20 Oct 2025 15:43:30,0.044
20 Oct 2025 15:46:30,0.050
20 Oct 2025 15:55:15,0.063
20 Oct 2025 15:58:00,0.093
20 Oct 2025 15:59:00,0.111
20 Oct 2025 16:01:15,0.056
20 Oct 2025 16:01:45,0.112
20 Oct 2025 16:08:15,0.074
20 Oct 2025 16:17:30,0.128
20 Oct 2025 16:17:45,0.107
20 Oct 2025 16:26:15,0.099
20 Oct 2025 16:28:30,0.023
20 Oct 2025 16:30:30,0.134
20 Oct 2025 16:31:00,0.146
20 Oct 2025 16:31:30,0.100
20 Oct 2025 16:31:45,0.090
20 Oct 2025 16:34:30,0.141
20 Oct 2025 16:34:45,0.092
20 Oct 2025 16:36:45,0.113
20 Oct 2025 16:41:15,0.135
20 Oct 2025 16:45:45,0.138
20 Oct 2025 16:50:00,0.141
20 Oct 2025 16:53:30,0.059
20 Oct 2025 16:54:45,0.145
20 Oct 2025 16:55:00,0.179
20 Oct 2025 16:55:15,0.103
20 Oct 2025 16:57:30,0.153
20 Oct 2025 16:58:45,0.153
20 Oct 2025 16:59:00,0.103
20 Oct 2025 16:59:30,0.161
20 Oct 2025 17:02:00,0.112
20 Oct 2025 17:03:15,0.155
20 Oct 2025 17:04:45,0.139
20 Oct 2025 17:05:30,0.151
20 Oct 2025 17:06:00,0.158
20 Oct 2025 17:08:00,0.143
20 Oct 2025 17:11:00,0.160
20 Oct 2025 17:15:30,0.135
20 Oct 2025 17:16:00,0.124
20 Oct 2025 17:19:45,0.116
20 Oct 2025 17:28:15,0.126
20 Oct 2025 17:28:30,0.226
20 Oct 2025 17:30:30,0.190
20 Oct 2025 17:33:00,0.160
20 Oct 2025 17:33:15,0.274
20 Oct 2025 17:33:30,0.241
20 Oct 2025 17:36:15,0.174
20 Oct 2025 17:39:30,0.173
20 Oct 2025 17:43:00,0.128
20 Oct 2025 17:45:45,0.187
20 Oct 2025 17:46:00,0.121
20 Oct 2025 17:52:00,0.126
20 Oct 2025 17:52:30,0.186
20 Oct 2025 17:53:30,0.186
20 Oct 2025 17:54:30,0.132
20 Oct 2025 17:54:45,0.212
20 Oct 2025 17:56:00,0.252
20 Oct 2025 17:56:15,0.161
20 Oct 2025 17:58:30,0.225
20 Oct 2025 18:00:00,0.244
20 Oct 2025 18:00:45,0.255
20 Oct 2025 18:01:00,0.259
20 Oct 2025 18:06:15,0.229
20 Oct 2025 18:06:30,0.327
20 Oct 2025 18:06:45,0.167
20 Oct 2025 18:08:45,0.128
20 Oct 2025 18:10:00,0.208
20 Oct 2025 18:14:15,0.205
20 Oct 2025 18:14:45,0.215
20 Oct 2025 18:16:30,0.217
20 Oct 2025 18:17:45,0.213
20 Oct 2025 18:18:15,0.250
20 Oct 2025 18:19:30,0.243
20 Oct 2025 18:20:00,0.234
20 Oct 2025 18:21:30,0.187
20 Oct 2025 18:24:00,0.185
20 Oct 2025 18:25:15,0.265
20 Oct 2025 18:29:45,0.240
20 Oct 2025 18:30:30,0.184
20 Oct 2025 18:34:30,0.192
20 Oct 2025 18:35:30,0.255
20 Oct 2025 18:37:00,0.185
20 Oct 2025 18:38:45,0.205
20 Oct 2025 18:40:30,0.255
20 Oct 2025 18:45:30,0.163
20 Oct 2025 18:46:30,0.197
20 Oct 2025 18:47:30,0.239
20 Oct 2025 18:47:45,0.267
20 Oct 2025 18:51:30,0.305
20 Oct 2025 18:52:30,0.279
20 Oct 2025 18:52:45,0.220
20 Oct 2025 18:54:00,0.235
20 Oct 2025 18:57:30,0.249
20 Oct 2025 18:59:45,0.257
20 Oct 2025 19:04:15,0.257
20 Oct 2025 19:05:00,0.233
20 Oct 2025 19:06:30,0.301
20 Oct 2025 19:07:15,0.270
20 Oct 2025 19:07:30,0.221
20 Oct 2025 19:07:45,0.308
20 Oct 2025 19:10:30,0.248
20 Oct 2025 19:15:00,0.231
20 Oct 2025 19:18:00,0.288
20 Oct 2025 19:21:45,0.273
20 Oct 2025 19:23:45,0.213
20 Oct 2025 19:25:00,0.251
20 Oct 2025 19:25:45,0.177
20 Oct 2025 19:31:15,0.256
20 Oct 2025 19:32:00,0.223
20 Oct 2025 19:32:15,0.222
20 Oct 2025 19:36:30,0.206
20 Oct 2025 19:40:15,0.232
20 Oct 2025 19:41:15,0.276
20 Oct 2025 19:47:15,0.244
20 Oct 2025 19:47:45,0.251
20 Oct 2025 19:48:30,0.267
20 Oct 2025 19:48:45,0.270
20 Oct 2025 20:00:15,0.223
20 Oct 2025 20:01:15,0.247
20 Oct 2025 20:04:45,0.246
20 Oct 2025 20:07:15,0.296
20 Oct 2025 20:09:00,0.266
20 Oct 2025 20:09:15,0.176
20 Oct 2025 20:11:00,0.217
20 Oct 2025 20:11:30,0.224
20 Oct 2025 20:16:00,0.195
20 Oct 2025 20:17:45,0.284
20 Oct 2025 20:20:30,0.215
20 Oct 2025 20:22:00,0.229
20 Oct 2025 20:24:30,0.167
20 Oct 2025 20:25:45,0.189
20 Oct 2025 20:27:00,0.306
20 Oct 2025 20:29:00,0.242
20 Oct 2025 20:29:15,0.251
20 Oct 2025 20:31:00,0.301
20 Oct 2025 20:33:30,0.226
20 Oct 2025 20:34:15,0.242
20 Oct 2025 20:35:30,0.212
20 Oct 2025 20:35:45,0.196
20 Oct 2025 20:36:45,0.276
20 Oct 2025 20:44:45,0.189
20 Oct 2025 20:46:15,0.141
20 Oct 2025 20:48:15,0.230
20 Oct 2025 20:48:30,0.236
20 Oct 2025 20:49:15,0.260
20 Oct 2025 20:52:00,0.280
20 Oct 2025 20:52:15,0.181
20 Oct 2025 20:53:15,0.191
20 Oct 2025 20:55:30,0.194
20 Oct 2025 20:56:00,0.181
20 Oct 2025 20:58:45,0.132
20 Oct 2025 21:00:30,0.240
20 Oct 2025 21:04:15,0.203
20 Oct 2025 21:05:15,0.155
20 Oct 2025 21:06:45,0.166
20 Oct 2025 21:07:00,0.234
20 Oct 2025 21:08:45,0.124
20 Oct 2025 21:17:00,0.167
20 Oct 2025 21:19:30,0.080
20 Oct 2025 21:21:15,0.188
20 Oct 2025 21:23:45,0.145
20 Oct 2025 21:24:15,0.193
20 Oct 2025 21:26:45,0.187
20 Oct 2025 21:27:00,0.093
20 Oct 2025 21:27:15,0.254
20 Oct 2025 21:28:30,0.235
20 Oct 2025 21:29:30,0.231
20 Oct 2025 21:29:45,0.221
20 Oct 2025 21:30:00,0.134
20 Oct 2025 21:30:45,0.097
20 Oct 2025 21:35:45,0.157
20 Oct 2025 21:36:15,0.246
20 Oct 2025 21:37:30,0.073
20 Oct 2025 21:38:15,0.123
20 Oct 2025 21:39:45,0.124
20 Oct 2025 21:45:00,0.208
20 Oct 2025 21:45:15,0.196
20 Oct 2025 21:47:15,0.207
20 Oct 2025 21:48:30,0.093
20 Oct 2025 21:53:15,0.090
20 Oct 2025 21:55:00,0.102
20 Oct 2025 21:57:30,0.207
20 Oct 2025 21:58:15,0.122
20 Oct 2025 22:00:45,0.138
20 Oct 2025 22:01:45,0.078
20 Oct 2025 22:02:00,0.077
20 Oct 2025 22:03:45,0.160
20 Oct 2025 22:05:15,0.116
20 Oct 2025 22:09:45,0.109
20 Oct 2025 22:12:15,0.072
20 Oct 2025 22:12:45,0.155
20 Oct 2025 22:13:00,0.106
20 Oct 2025 22:14:30,0.156
20 Oct 2025 22:18:15,0.136
20 Oct 2025 22:20:45,0.169
20 Oct 2025 22:22:45,0.075
20 Oct 2025 22:29:30,0.123
20 Oct 2025 22:32:00,0.161
20 Oct 2025 22:34:00,0.181
20 Oct 2025 22:35:30,0.075
20 Oct 2025 22:36:30,0.113
20 Oct 2025 22:37:45,0.085
20 Oct 2025 22:38:45,0.106
20 Oct 2025 22:39:45,0.086
20 Oct 2025 22:44:30,0.013
20 Oct 2025 22:47:45,-0.046
20 Oct 2025 22:51:45,0.075
20 Oct 2025 22:55:45,0.041
20 Oct 2025 22:57:15,0.135
20 Oct 2025 22:58:00,0.135
20 Oct 2025 22:59:30,0.067
20 Oct 2025 23:00:00,0.093
20 Oct 2025 23:02:45,0.044
20 Oct 2025 23:03:15,0.084
20 Oct 2025 23:05:45,0.107
20 Oct 2025 23:09:15,0.078
20 Oct 2025 23:10:30,0.167
20 Oct 2025 23:17:30,0.065
20 Oct 2025 23:18:15,0.029
20 Oct 2025 23:21:00,-0.020
20 Oct 2025 23:21:30,-0.136
20 Oct 2025 23:23:15,-0.085
20 Oct 2025 23:23:45,-0.031
20 Oct 2025 23:25:45,0.070
20 Oct 2025 23:26:00,0.053
20 Oct 2025 23:26:30,0.173
20 Oct 2025 23:28:45,-0.025
20 Oct 2025 23:30:30,-0.050
20 Oct 2025 23:31:45,0.082
20 Oct 2025 23:32:15,0.062
20 Oct 2025 23:35:00,0.187
20 Oct 2025 23:39:00,0.080
20 Oct 2025 23:41:15,0.107
20 Oct 2025 23:42:30,0.063
20 Oct 2025 23:45:30,0.149
20 Oct 2025 23:47:30,0.083
20 Oct 2025 23:55:00,-0.056
20 Oct 2025 23:59:15,0.009
21 Oct 2025 00:02:45,0.052
21 Oct 2025 00:04:15,0.019
21 Oct 2025 00:05:00,-0.027
21 Oct 2025 00:06:30,0.031
21 Oct 2025 00:07:00,0.009
21 Oct 2025 00:08:30,-0.099
21 Oct 2025 00:10:15,0.094
21 Oct 2025 00:11:45,0.067
21 Oct 2025 00:13:15,0.074
21 Oct 2025 00:13:30,0.144
21 Oct 2025 00:14:45,-0.182
21 Oct 2025 00:15:15,-0.038
21 Oct 2025 00:17:15,-0.022
21 Oct 2025 00:17:45,-0.213
21 Oct 2025 00:20:00,0.149
21 Oct 2025 00:20:30,0.056
21 Oct 2025 00:22:15,-0.124
21 Oct 2025 00:25:15,0.081
21 Oct 2025 00:26:45,-0.005
21 Oct 2025 00:28:30,0.060
21 Oct 2025 00:30:45,-0.059
21 Oct 2025 00:32:30,-0.086
21 Oct 2025 00:41:00,0.124
21 Oct 2025 00:49:00,-0.069
21 Oct 2025 00:52:00,0.012
21 Oct 2025 00:52:45,0.103
21 Oct 2025 01:01:30,-0.054
21 Oct 2025 01:03:45,-0.131
21 Oct 2025 01:04:15,0.063
21 Oct 2025 01:05:30,-0.016
21 Oct 2025 01:11:00,-0.109
21 Oct 2025 01:14:00,-0.029
21 Oct 2025 01:14:45,0.104
21 Oct 2025 01:15:00,-0.070
21 Oct 2025 01:15:30,-0.089
21 Oct 2025 01:17:00,0.031
21 Oct 2025 01:18:45,0.036
21 Oct 2025 01:21:45,0.026
21 Oct 2025 01:22:45,-0.180
21 Oct 2025 01:23:00,0.029
21 Oct 2025 01:26:30,-0.124
21 Oct 2025 01:28:15,-0.136
21 Oct 2025 01:28:30,0.020
21 Oct 2025 01:31:30,0.045
21 Oct 2025 01:32:30,0.041
21 Oct 2025 01:36:00,0.069
21 Oct 2025 01:37:15,0.063
21 Oct 2025 01:40:30,-0.114
21 Oct 2025 01:42:00,0.061
21 Oct 2025 01:43:00,0.017
21 Oct 2025 01:44:45,-0.055
21 Oct 2025 01:48:45,0.043
21 Oct 2025 01:50:00,-0.034
21 Oct 2025 01:51:15,0.041
21 Oct 2025 01:54:15,-0.165
21 Oct 2025 01:57:00,0.156
21 Oct 2025 01:58:00,-0.174
21 Oct 2025 01:59:15,-0.097
21 Oct 2025 01:59:30,0.109
21 Oct 2025 02:02:30,0.073
21 Oct 2025 02:05:00,-0.024
21 Oct 2025 02:05:45,0.052
21 Oct 2025 02:09:45,0.086
21 Oct 2025 02:11:00,0.195
21 Oct 2025 02:12:45,-0.113
21 Oct 2025 02:13:45,0.064
21 Oct 2025 02:15:15,0.053
21 Oct 2025 02:15:30,0.025
21 Oct 2025 02:20:15,-0.047
21 Oct 2025 02:23:15,-0.104
21 Oct 2025 02:26:00,-0.154
21 Oct 2025 02:29:30,-0.035
21 Oct 2025 02:37:15,0.068
21 Oct 2025 02:41:15,0.066
21 Oct 2025 02:42:45,-0.034
21 Oct 2025 02:44:45,0.120
21 Oct 2025 02:48:00,-0.085
21 Oct 2025 02:49:00,-0.121
21 Oct 2025 02:49:30,0.086
21 Oct 2025 02:53:45,0.120
21 Oct 2025 02:54:30,0.003
21 Oct 2025 02:57:15,0.100
21 Oct 2025 02:57:30,0.010
21 Oct 2025 03:00:30,0.143
21 Oct 2025 03:02:00,-0.015
21 Oct 2025 03:03:30,0.070
21 Oct 2025 03:04:00,0.362
21 Oct 2025 03:07:00,-0.115
21 Oct 2025 03:08:30,-0.033
21 Oct 2025 03:10:30,-0.131
21 Oct 2025 03:11:15,0.006
21 Oct 2025 03:13:45,-0.073
21 Oct 2025 03:15:00,0.060
21 Oct 2025 03:17:30,0.144
21 Oct 2025 03:18:00,-0.013
21 Oct 2025 03:20:45,-0.093
21 Oct 2025 03:23:15,0.153
21 Oct 2025 03:26:00,-0.077
21 Oct 2025 03:27:30,-0.240
21 Oct 2025 03:29:00,0.106
21 Oct 2025 03:32:30,0.222
21 Oct 2025 03:32:45,0.026
21 Oct 2025 03:37:45,0.041
21 Oct 2025 03:39:45,0.215
21 Oct 2025 03:41:15,-0.069
21 Oct 2025 03:44:30,0.216
21 Oct 2025 03:45:15,0.054
21 Oct 2025 03:46:45,0.154
21 Oct 2025 03:47:15,0.050
21 Oct 2025 03:50:00,0.156
21 Oct 2025 03:50:15,0.198
21 Oct 2025 03:53:15,0.072
21 Oct 2025 03:54:00,0.412
21 Oct 2025 03:58:30,-0.125
21 Oct 2025 04:00:30,-0.140
21 Oct 2025 04:05:15,0.148
21 Oct 2025 04:05:45,-0.025
21 Oct 2025 04:06:30,0.003
21 Oct 2025 04:07:00,0.163
21 Oct 2025 04:07:45,0.107
21 Oct 2025 04:08:45,0.217
21 Oct 2025 04:09:00,0.239
21 Oct 2025 04:11:00,0.057
21 Oct 2025 04:13:45,0.055
21 Oct 2025 04:14:45,-0.059
21 Oct 2025 04:17:30,0.271
21 Oct 2025 04:18:00,0.140
21 Oct 2025 04:21:15,0.081
21 Oct 2025 04:23:15,0.054
21 Oct 2025 04:26:15,0.210
21 Oct 2025 04:32:30,0.087
21 Oct 2025 04:33:45,0.056
21 Oct 2025 04:34:15,0.051
21 Oct 2025 04:35:45,0.313
21 Oct 2025 04:36:15,-0.012
21 Oct 2025 04:37:00,0.244
21 Oct 2025 04:37:30,-0.155
21 Oct 2025 04:38:15,0.115
21 Oct 2025 04:39:45,0.242
21 Oct 2025 04:41:45,0.088
21 Oct 2025 04:44:00,0.136
21 Oct 2025 04:48:15,0.036
21 Oct 2025 04:50:30,0.180
21 Oct 2025 04:50:45,-0.049
21 Oct 2025 04:52:30,0.086
21 Oct 2025 04:54:15,0.133
21 Oct 2025 04:56:15,0.047
21 Oct 2025 04:57:15,-0.258
21 Oct 2025 04:59:15,0.238
21 Oct 2025 04:59:45,0.152
21 Oct 2025 05:00:15,0.110
21 Oct 2025 05:01:00,0.179
21 Oct 2025 05:02:15,0.123
21 Oct 2025 05:03:15,0.177
21 Oct 2025 05:03:45,-0.019
21 Oct 2025 05:11:00,0.167
21 Oct 2025 05:14:00,0.370
21 Oct 2025 05:14:15,-0.074
21 Oct 2025 05:15:45,0.106
21 Oct 2025 05:16:15,-0.062
21 Oct 2025 05:16:45,0.102
21 Oct 2025 05:17:30,0.120
21 Oct 2025 05:18:15,0.251
21 Oct 2025 05:21:30,0.329
21 Oct 2025 05:22:15,0.239
21 Oct 2025 05:22:30,0.072
21 Oct 2025 05:27:30,0.311
21 Oct 2025 05:32:15,0.083
21 Oct 2025 05:33:30,0.245
21 Oct 2025 05:35:00,0.126
21 Oct 2025 05:35:30,-0.081
21 Oct 2025 05:38:30,0.370
21 Oct 2025 05:39:00,0.003
21 Oct 2025 05:41:45,0.147
21 Oct 2025 05:49:30,0.147
21 Oct 2025 05:52:30,0.095
21 Oct 2025 05:54:00,0.247
21 Oct 2025 05:58:15,0.261
21 Oct 2025 06:03:00,0.305
21 Oct 2025 06:04:30,0.116
21 Oct 2025 06:12:00,0.098
21 Oct 2025 06:18:00,0.137
21 Oct 2025 06:20:30,0.172
21 Oct 2025 06:21:15,-0.044
21 Oct 2025 06:24:30,0.146
21 Oct 2025 06:27:00,0.072
21 Oct 2025 06:27:45,0.066
21 Oct 2025 06:36:15,0.377
21 Oct 2025 06:41:00,0.323
21 Oct 2025 06:48:00,0.149
21 Oct 2025 06:49:15,0.419
21 Oct 2025 06:54:30,0.268
21 Oct 2025 06:57:30,0.267
21 Oct 2025 07:01:45,0.158
21 Oct 2025 07:04:45,0.224
21 Oct 2025 07:05:00,0.132
21 Oct 2025 07:09:30,0.171
21 Oct 2025 07:10:00,0.294
21 Oct 2025 07:12:00,0.231
21 Oct 2025 07:12:45,0.144
21 Oct 2025 07:13:15,0.152
21 Oct 2025 07:22:00,0.360
21 Oct 2025 07:23:15,0.360
21 Oct 2025 07:26:30,0.270
21 Oct 2025 07:30:30,0.204
21 Oct 2025 07:31:00,0.437
21 Oct 2025 07:33:45,0.227
21 Oct 2025 07:36:00,0.298
21 Oct 2025 07:37:30,0.225
21 Oct 2025 07:37:45,0.202
21 Oct 2025 07:38:30,0.087
21 Oct 2025 07:41:15,0.332
21 Oct 2025 07:43:30,0.146
21 Oct 2025 07:44:15,0.383
21 Oct 2025 07:45:30,0.218
21 Oct 2025 07:46:30,0.309
21 Oct 2025 07:53:15,0.183
21 Oct 2025 07:53:30,0.311
21 Oct 2025 07:53:45,0.184
21 Oct 2025 07:58:15,0.402
21 Oct 2025 07:59:30,0.268
21 Oct 2025 08:01:15,0.217
21 Oct 2025 08:02:00,0.327
21 Oct 2025 08:03:45,0.179
21 Oct 2025 08:04:15,0.215
21 Oct 2025 08:06:45,0.093
21 Oct 2025 08:08:15,0.273
21 Oct 2025 08:10:45,0.217
21 Oct 2025 08:13:45,0.269
21 Oct 2025 08:20:15,0.248
21 Oct 2025 08:22:00,0.199
21 Oct 2025 08:23:00,0.249
21 Oct 2025 08:26:00,0.138
21 Oct 2025 08:29:45,0.129
21 Oct 2025 08:31:45,0.192
21 Oct 2025 08:36:00,0.211
21 Oct 2025 08:37:30,0.147
21 Oct 2025 08:39:45,0.303
21 Oct 2025 08:43:30,0.297
21 Oct 2025 08:51:30,0.405
21 Oct 2025 08:53:15,0.135
21 Oct 2025 08:53:45,0.194
21 Oct 2025 08:54:15,0.280
21 Oct 2025 08:54:45,0.129
21 Oct 2025 08:55:15,0.264
21 Oct 2025 08:57:30,0.134
21 Oct 2025 08:58:00,0.266
21 Oct 2025 09:02:15,0.162
21 Oct 2025 09:04:30,0.205
21 Oct 2025 09:09:15,0.248
21 Oct 2025 09:11:15,0.221
21 Oct 2025 09:13:15,0.240
21 Oct 2025 09:15:15,0.232
21 Oct 2025 09:19:30,0.283
21 Oct 2025 09:21:15,0.241
21 Oct 2025 09:25:30,0.218
21 Oct 2025 09:28:15,0.230
21 Oct 2025 09:28:45,0.345
21 Oct 2025 09:29:15,0.213
21 Oct 2025 09:29:45,0.221
21 Oct 2025 09:32:15,0.118
21 Oct 2025 09:33:45,0.237
21 Oct 2025 09:34:30,0.210
21 Oct 2025 09:36:00,0.199
21 Oct 2025 09:38:15,0.105
21 Oct 2025 09:41:15,0.238
21 Oct 2025 09:43:15,0.253
21 Oct 2025 09:46:00,0.007
21 Oct 2025 09:47:15,0.173
21 Oct 2025 09:48:45,0.265
21 Oct 2025 09:50:00,0.100
21 Oct 2025 09:51:01,0.234
21 Oct 2025 09:53:30,0.187
21 Oct 2025 09:57:45,0.234
21 Oct 2025 09:59:45,0.177
21 Oct 2025 10:00:45,0.188
21 Oct 2025 10:02:15,0.207
21 Oct 2025 10:05:30,0.212
21 Oct 2025 10:06:45,0.172
21 Oct 2025 10:08:15,0.167
21 Oct 2025 10:10:45,0.148
21 Oct 2025 10:12:45,0.274
21 Oct 2025 10:16:15,0.193
21 Oct 2025 10:17:00,0.118
21 Oct 2025 10:19:45,0.218
21 Oct 2025 10:20:00,0.133
21 Oct 2025 10:21:15,0.168
21 Oct 2025 10:23:30,0.149
21 Oct 2025 10:24:00,0.156
21 Oct 2025 10:24:15,0.203
21 Oct 2025 10:26:45,0.073
21 Oct 2025 10:30:15,0.226
21 Oct 2025 10:31:30,0.132
21 Oct 2025 10:31:45,0.198
21 Oct 2025 10:32:00,0.285
21 Oct 2025 10:35:00,0.155
21 Oct 2025 10:35:30,0.184
21 Oct 2025 10:35:45,0.077
21 Oct 2025 10:36:00,0.151
21 Oct 2025 10:40:00,0.103
21 Oct 2025 10:40:30,0.175
21 Oct 2025 10:40:45,0.224
21 Oct 2025 10:42:15,0.076
21 Oct 2025 10:43:15,0.200
21 Oct 2025 10:45:45,0.140
21 Oct 2025 10:46:15,0.035
21 Oct 2025 10:47:00,0.047
21 Oct 2025 10:48:15,0.192
21 Oct 2025 10:50:45,0.128
21 Oct 2025 10:51:45,0.262
21 Oct 2025 10:52:15,0.087
21 Oct 2025 10:58:45,0.089
21 Oct 2025 10:59:45,0.088
21 Oct 2025 11:00:15,0.087
21 Oct 2025 11:00:30,0.110
21 Oct 2025 11:04:30,0.183
21 Oct 2025 11:07:30,0.096
21 Oct 2025 11:07:45,0.239
21 Oct 2025 11:09:00,0.026
21 Oct 2025 11:09:30,-0.005
21 Oct 2025 11:11:30,0.123
21 Oct 2025 11:14:00,0.115
21 Oct 2025 11:18:00,0.032
21 Oct 2025 11:18:30,0.109
21 Oct 2025 11:20:15,0.103
21 Oct 2025 11:22:15,0.010
21 Oct 2025 11:23:00,0.150
21 Oct 2025 11:26:30,0.169
21 Oct 2025 11:29:45,0.075
21 Oct 2025 11:33:15,0.121
21 Oct 2025 11:34:45,0.030
21 Oct 2025 11:35:15,0.032
21 Oct 2025 11:39:15,0.143
21 Oct 2025 11:40:15,0.076
21 Oct 2025 11:42:45,0.104
21 Oct 2025 11:44:00,0.105
21 Oct 2025 11:46:00,0.030
21 Oct 2025 11:49:00,0.178
21 Oct 2025 11:49:15,0.028
21 Oct 2025 11:50:45,0.178
21 Oct 2025 11:52:15,0.166
21 Oct 2025 11:58:00,-0.033
21 Oct 2025 12:00:30,0.108
21 Oct 2025 12:05:00,0.023
21 Oct 2025 12:05:30,0.073
21 Oct 2025 12:06:15,0.053
21 Oct 2025 12:08:45,0.073
21 Oct 2025 12:09:00,0.057
21 Oct 2025 12:10:00,0.062
21 Oct 2025 12:13:15,0.171
21 Oct 2025 12:13:45,0.059
21 Oct 2025 12:14:15,0.136
21 Oct 2025 12:17:45,0.103
21 Oct 2025 12:18:00,-0.007
21 Oct 2025 12:18:45,0.153
21 Oct 2025 12:19:00,-0.011
21 Oct 2025 12:20:00,0.083
21 Oct 2025 12:21:30,0.086
21 Oct 2025 12:26:30,0.134
21 Oct 2025 12:27:45,0.116
21 Oct 2025 12:29:45,0.007
21 Oct 2025 12:31:45,0.120
21 Oct 2025 12:36:15,0.140
21 Oct 2025 12:38:45,0.018
21 Oct 2025 12:40:00,-0.019
21 Oct 2025 12:41:30,0.048
21 Oct 2025 12:42:30,-0.018
21 Oct 2025 12:48:30,-0.018
21 Oct 2025 12:49:45,0.041
21 Oct 2025 12:50:00,-0.028
21 Oct 2025 12:50:30,0.159
21 Oct 2025 12:51:45,0.116
21 Oct 2025 12:59:15,0.056
21 Oct 2025 13:03:00,-0.024
21 Oct 2025 13:03:15,0.148
21 Oct 2025 13:04:45,-0.036
21 Oct 2025 13:07:00,0.121
21 Oct 2025 13:12:00,0.106
21 Oct 2025 13:12:30,0.048
21 Oct 2025 13:12:45,0.033
21 Oct 2025 13:15:00,-0.056
21 Oct 2025 13:15:45,-0.045
21 Oct 2025 13:18:15,0.172
21 Oct 2025 13:19:00,0.092
21 Oct 2025 13:21:15,0.089
21 Oct 2025 13:24:15,0.053
21 Oct 2025 13:26:00,-0.008
21 Oct 2025 13:26:15,0.092
21 Oct 2025 13:26:45,0.039
21 Oct 2025 13:28:15,0.043
21 Oct 2025 13:32:15,0.054
21 Oct 2025 13:33:30,-0.027
21 Oct 2025 13:34:00,0.081
21 Oct 2025 13:35:15,0.123
21 Oct 2025 13:37:30,0.074
21 Oct 2025 13:39:30,0.059
21 Oct 2025 13:42:30,-0.005
21 Oct 2025 13:43:30,-0.122
21 Oct 2025 13:45:30,0.096
21 Oct 2025 13:45:45,0.048
21 Oct 2025 13:52:30,0.030
21 Oct 2025 13:53:15,0.013
21 Oct 2025 13:55:30,0.118
21 Oct 2025 13:56:00,-0.154
21 Oct 2025 13:56:30,-0.043
21 Oct 2025 13:57:00,0.151
21 Oct 2025 13:59:30,0.081
21 Oct 2025 13:59:45,0.051
21 Oct 2025 14:01:45,-0.053
21 Oct 2025 14:06:30,0.024
21 Oct 2025 14:08:00,-0.070
21 Oct 2025 14:10:15,0.077
21 Oct 2025 14:18:15,0.005
21 Oct 2025 14:20:15,0.056
21 Oct 2025 14:26:30,0.100
21 Oct 2025 14:27:45,0.005
21 Oct 2025 14:31:00,0.105
21 Oct 2025 14:32:45,0.104
21 Oct 2025 14:33:00,0.006
21 Oct 2025 14:33:15,0.094
21 Oct 2025 14:37:45,-0.029
21 Oct 2025 14:38:30,-0.062
21 Oct 2025 14:39:00,0.013
21 Oct 2025 14:39:45,0.174
21 Oct 2025 14:44:45,0.078
21 Oct 2025 14:45:00,0.179
21 Oct 2025 14:45:45,0.153
21 Oct 2025 14:51:30,0.063
21 Oct 2025 14:54:15,0.164
21 Oct 2025 14:55:30,-0.026
21 Oct 2025 14:58:00,-0.011
21 Oct 2025 15:00:30,0.003
21 Oct 2025 15:00:45,0.027
21 Oct 2025 15:02:00,0.006
21 Oct 2025 15:05:00,0.129
21 Oct 2025 15:10:15,0.135
21 Oct 2025 15:10:45,0.097
21 Oct 2025 15:12:45,0.093
21 Oct 2025 15:14:00,0.102
21 Oct 2025 15:14:45,0.100
21 Oct 2025 15:21:45,0.155
21 Oct 2025 15:23:30,0.126
21 Oct 2025 15:25:15,0.088
21 Oct 2025 15:26:00,0.248
21 Oct 2025 15:26:30,0.009
21 Oct 2025 15:33:00,0.177
21 Oct 2025 15:35:00,0.146
21 Oct 2025 15:35:15,0.059
21 Oct 2025 15:38:45,0.225
21 Oct 2025 15:40:00,0.101
21 Oct 2025 15:47:00,0.034
21 Oct 2025 15:48:00,0.131
21 Oct 2025 15:48:45,0.116
21 Oct 2025 15:50:15,0.032
21 Oct 2025 15:50:30,0.118
21 Oct 2025 15:50:45,0.171
21 Oct 2025 15:53:15,0.258
21 Oct 2025 15:55:45,0.108
21 Oct 2025 15:56:45,0.164
21 Oct 2025 16:01:45,0.115
21 Oct 2025 16:02:15,0.182
21 Oct 2025 16:03:00,0.161
21 Oct 2025 16:04:00,0.104
21 Oct 2025 16:06:15,0.117
21 Oct 2025 16:11:00,0.057
21 Oct 2025 16:11:30,-0.003
21 Oct 2025 16:12:45,0.125
21 Oct 2025 16:14:15,0.106
21 Oct 2025 16:15:00,0.100
21 Oct 2025 16:15:30,0.168
21 Oct 2025 16:15:45,0.220
21 Oct 2025 16:16:15,0.086
21 Oct 2025 16:16:45,0.186
21 Oct 2025 16:17:00,0.050
21 Oct 2025 16:17:45,0.201
21 Oct 2025 16:20:45,0.145
21 Oct 2025 16:22:30,0.110
21 Oct 2025 16:23:45,0.178
21 Oct 2025 16:24:00,0.182
21 Oct 2025 16:25:30,0.239
21 Oct 2025 16:28:45,0.258
21 Oct 2025 16:32:30,0.104
21 Oct 2025 16:35:45,0.129
21 Oct 2025 16:36:15,0.165
21 Oct 2025 16:39:30,0.172
21 Oct 2025 16:41:15,0.225
21 Oct 2025 16:42:30,0.117
21 Oct 2025 16:43:00,0.140
21 Oct 2025 16:47:00,0.129
21 Oct 2025 16:49:00,0.197
21 Oct 2025 16:50:00,0.220
21 Oct 2025 16:51:00,0.225
21 Oct 2025 16:51:15,0.162
21 Oct 2025 16:51:45,0.228
21 Oct 2025 16:53:15,0.141
21 Oct 2025 16:54:15,0.207
21 Oct 2025 16:56:00,0.153
21 Oct 2025 16:56:30,0.137
21 Oct 2025 16:57:00,0.203
21 Oct 2025 17:00:30,0.192
21 Oct 2025 17:01:15,0.181
21 Oct 2025 17:02:15,0.152
21 Oct 2025 17:07:15,0.145
21 Oct 2025 17:07:30,0.187
21 Oct 2025 17:10:30,0.225
21 Oct 2025 17:10:45,0.237
21 Oct 2025 17:20:00,0.257
21 Oct 2025 17:21:45,0.252
21 Oct 2025 17:26:00,0.137
21 Oct 2025 17:30:00,0.253
21 Oct 2025 17:33:30,0.146
21 Oct 2025 17:33:45,0.195
21 Oct 2025 17:34:45,0.244
21 Oct 2025 17:37:15,0.204
21 Oct 2025 17:38:00,0.216
21 Oct 2025 17:38:30,0.247
21 Oct 2025 17:40:00,0.227
21 Oct 2025 17:48:30,0.189
21 Oct 2025 17:48:45,0.175
21 Oct 2025 17:51:00,0.282
21 Oct 2025 17:51:30,0.174
21 Oct 2025 17:52:15,0.200
21 Oct 2025 17:53:15,0.179
21 Oct 2025 17:57:45,0.247
21 Oct 2025 17:58:15,0.201
21 Oct 2025 17:59:30,0.264
21 Oct 2025 18:00:30,0.254
21 Oct 2025 18:03:30,0.163
21 Oct 2025 18:12:45,0.210
21 Oct 2025 18:18:00,0.292
21 Oct 2025 18:19:00,0.216
21 Oct 2025 18:19:45,0.272
21 Oct 2025 18:20:00,0.242
21 Oct 2025 18:21:00,0.272
21 Oct 2025 18:21:30,0.291
21 Oct 2025 18:22:30,0.244
21 Oct 2025 18:31:15,0.246
21 Oct 2025 18:33:00,0.257
21 Oct 2025 18:33:45,0.265
21 Oct 2025 18:36:00,0.276
21 Oct 2025 18:36:30,0.241
21 Oct 2025 18:38:15,0.239
21 Oct 2025 18:38:30,0.242
21 Oct 2025 18:41:15,0.283
21 Oct 2025 18:45:30,0.294
21 Oct 2025 18:48:30,0.253
21 Oct 2025 18:49:00,0.280
21 Oct 2025 18:50:45,0.267
21 Oct 2025 18:51:00,0.296
21 Oct 2025 18:51:45,0.243
21 Oct 2025 18:53:15,0.205
21 Oct 2025 18:54:15,0.238
21 Oct 2025 18:57:45,0.246
21 Oct 2025 19:01:15,0.265
21 Oct 2025 19:01:30,0.260
21 Oct 2025 19:02:15,0.279
21 Oct 2025 19:06:30,0.261
21 Oct 2025 19:08:00,0.280
21 Oct 2025 19:08:30,0.241
21 Oct 2025 19:10:00,0.199
21 Oct 2025 19:17:30,0.271
21 Oct 2025 19:19:15,0.326
21 Oct 2025 19:19:30,0.299
21 Oct 2025 19:19:45,0.323
21 Oct 2025 19:21:15,0.286
21 Oct 2025 19:23:00,0.261
21 Oct 2025 19:28:30,0.204
21 Oct 2025 19:31:15,0.290
21 Oct 2025 19:33:15,0.344
21 Oct 2025 19:34:00,0.238
21 Oct 2025 19:37:15,0.292
21 Oct 2025 19:37:30,0.312
21 Oct 2025 19:40:15,0.301
21 Oct 2025 19:46:30,0.229
21 Oct 2025 19:48:00,0.293
21 Oct 2025 19:50:15,0.274
21 Oct 2025 19:52:45,0.286
21 Oct 2025 19:55:30,0.204
21 Oct 2025 20:00:00,0.232
21 Oct 2025 20:02:45,0.251
21 Oct 2025 20:05:45,0.227
21 Oct 2025 20:08:00,0.269
21 Oct 2025 20:09:15,0.268
21 Oct 2025 20:14:30,0.273
21 Oct 2025 20:15:30,0.306
21 Oct 2025 20:17:30,0.303
21 Oct 2025 20:18:30,0.292
21 Oct 2025 20:20:15,0.298
21 Oct 2025 20:21:15,0.253
21 Oct 2025 20:23:45,0.274
21 Oct 2025 20:26:30,0.247
21 Oct 2025 20:29:00,0.222
21 Oct 2025 20:29:45,0.320
21 Oct 2025 20:35:45,0.316
21 Oct 2025 20:41:45,0.296
21 Oct 2025 20:42:00,0.287
21 Oct 2025 20:42:45,0.186
21 Oct 2025 20:44:45,0.249
21 Oct 2025 20:47:15,0.234
21 Oct 2025 20:49:30,0.276
21 Oct 2025 20:56:30,0.250
21 Oct 2025 20:56:45,0.288
21 Oct 2025 20:57:45,0.283
21 Oct 2025 20:59:30,0.306
21 Oct 2025 21:04:45,0.279
21 Oct 2025 21:06:30,0.184
21 Oct 2025 21:08:00,0.213
21 Oct 2025 21:09:45,0.289
21 Oct 2025 21:13:30,0.224
21 Oct 2025 21:14:15,0.222
21 Oct 2025 21:15:15,0.241
21 Oct 2025 21:16:45,0.229
21 Oct 2025 21:26:00,0.234
21 Oct 2025 21:26:30,0.202
21 Oct 2025 21:29:30,0.210
21 Oct 2025 21:34:15,0.229
21 Oct 2025 21:42:15,0.219
21 Oct 2025 21:42:45,0.207
21 Oct 2025 21:47:45,0.275
21 Oct 2025 21:49:00,0.184
21 Oct 2025 21:49:15,0.184
21 Oct 2025 21:50:00,0.228
21 Oct 2025 21:52:00,0.128
21 Oct 2025 21:53:15,0.192
21 Oct 2025 21:58:30,0.163
21 Oct 2025 22:00:15,0.165
21 Oct 2025 22:04:30,0.242
21 Oct 2025 22:06:30,0.173
21 Oct 2025 22:08:30,0.217
21 Oct 2025 22:09:30,0.244
21 Oct 2025 22:10:15,0.174
21 Oct 2025 22:12:00,0.195
21 Oct 2025 22:15:00,0.197
21 Oct 2025 22:19:15,0.205
21 Oct 2025 22:19:30,0.154
21 Oct 2025 22:21:30,0.185
21 Oct 2025 22:21:45,0.197
21 Oct 2025 22:27:45,0.121
21 Oct 2025 22:29:00,0.172
21 Oct 2025 22:29:15,0.147
21 Oct 2025 22:31:30,0.181
21 Oct 2025 22:33:00,0.204
21 Oct 2025 22:35:45,0.163
21 Oct 2025 22:36:00,0.173
21 Oct 2025 22:36:30,0.181
21 Oct 2025 22:37:00,0.097
21 Oct 2025 22:38:30,0.122
21 Oct 2025 22:41:45,0.138
21 Oct 2025 22:48:00,0.147
21 Oct 2025 22:55:00,0.129
21 Oct 2025 22:55:45,0.119
21 Oct 2025 22:56:30,0.152
21 Oct 2025 22:57:15,0.082
21 Oct 2025 22:59:00,0.135
21 Oct 2025 23:01:30,0.191
21 Oct 2025 23:03:30,0.144
21 Oct 2025 23:07:15,0.120
21 Oct 2025 23:10:45,0.164
21 Oct 2025 23:12:45,0.144
21 Oct 2025 23:14:30,0.089
21 Oct 2025 23:15:00,0.116
21 Oct 2025 23:15:30,0.085
21 Oct 2025 23:18:00,0.093
21 Oct 2025 23:18:30,0.087
21 Oct 2025 23:19:00,0.109
21 Oct 2025 23:20:00,0.109
21 Oct 2025 23:21:00,0.129
21 Oct 2025 23:22:45,0.143
21 Oct 2025 23:23:15,0.123
21 Oct 2025 23:23:45,0.089
21 Oct 2025 23:33:30,0.031
21 Oct 2025 23:36:00,0.053
21 Oct 2025 23:37:45,0.104
21 Oct 2025 23:42:15,0.115
21 Oct 2025 23:43:00,0.128
21 Oct 2025 23:45:45,0.087
21 Oct 2025 23:47:30,0.067
21 Oct 2025 23:48:30,0.063
21 Oct 2025 23:52:00,0.100
21 Oct 2025 23:54:45,0.055
21 Oct 2025 23:56:45,0.133
21 Oct 2025 23:57:00,0.043
21 Oct 2025 23:59:30,0.100
22 Oct 2025 00:02:00,0.092
22 Oct 2025 00:04:15,0.103
22 Oct 2025 00:05:45,0.016
22 Oct 2025 00:10:00,0.031
22 Oct 2025 00:11:30,0.039
22 Oct 2025 00:17:00,0.015
22 Oct 2025 00:20:45,0.063
22 Oct 2025 00:21:15,0.087
22 Oct 2025 00:22:30,-0.004
22 Oct 2025 00:23:15,0.044
22 Oct 2025 00:24:30,0.020
22 Oct 2025 00:26:45,0.000
22 Oct 2025 00:30:30,0.074
22 Oct 2025 00:31:00,0.102
22 Oct 2025 00:35:00,0.037
22 Oct 2025 00:35:45,0.055
22 Oct 2025 00:38:45,0.069
22 Oct 2025 00:39:15,0.118
22 Oct 2025 00:39:45,-0.014
22 Oct 2025 00:43:15,0.004
22 Oct 2025 00:46:15,0.067
22 Oct 2025 00:48:30,0.042
22 Oct 2025 00:49:00,0.015
22 Oct 2025 00:51:15,0.008
22 Oct 2025 00:52:15,0.038
22 Oct 2025 00:52:30,0.004
22 Oct 2025 00:53:00,-0.020
22 Oct 2025 00:55:00,0.047
22 Oct 2025 00:55:15,0.042
22 Oct 2025 00:56:00,0.041
22 Oct 2025 00:58:15,0.009
22 Oct 2025 01:02:45,-0.002
22 Oct 2025 01:05:00,0.016
22 Oct 2025 01:05:30,-0.039
22 Oct 2025 01:05:45,0.015
22 Oct 2025 01:08:30,-0.005
22 Oct 2025 01:10:00,-0.024
22 Oct 2025 01:12:30,0.045
22 Oct 2025 01:14:45,-0.083
22 Oct 2025 01:15:15,0.049
22 Oct 2025 01:19:45,0.058
22 Oct 2025 01:21:30,-0.018
22 Oct 2025 01:29:15,0.093
22 Oct 2025 01:33:00,0.053
22 Oct 2025 01:33:30,0.017
22 Oct 2025 01:37:45,0.039
22 Oct 2025 01:41:00,0.019
22 Oct 2025 01:41:15,0.014
22 Oct 2025 01:43:30,0.021
22 Oct 2025 01:45:00,-0.016
22 Oct 2025 01:45:30,0.020
22 Oct 2025 01:50:45,0.049
22 Oct 2025 01:51:00,-0.025
22 Oct 2025 01:54:30,0.008
22 Oct 2025 01:55:00,-0.019
22 Oct 2025 01:55:45,0.028
22 Oct 2025 01:56:00,-0.006
22 Oct 2025 01:56:45,0.048
22 Oct 2025 02:01:45,-0.049
22 Oct 2025 02:03:15,-0.071
22 Oct 2025 02:04:30,0.003
22 Oct 2025 02:07:45,-0.051
22 Oct 2025 02:08:00,-0.037
22 Oct 2025 02:08:45,-0.031
22 Oct 2025 02:09:00,0.042
22 Oct 2025 02:09:45,-0.018
22 Oct 2025 02:12:45,0.090
22 Oct 2025 02:14:15,-0.042
22 Oct 2025 02:15:30,-0.026
22 Oct 2025 02:16:45,0.047
22 Oct 2025 02:17:00,0.033
22 Oct 2025 02:20:45,0.009
22 Oct 2025 02:23:15,0.038
22 Oct 2025 02:25:30,0.052
22 Oct 2025 02:27:00,0.014
22 Oct 2025 02:27:30,0.056
22 Oct 2025 02:29:30,0.052
22 Oct 2025 02:29:45,-0.041
22 Oct 2025 02:31:15,-0.025
22 Oct 2025 02:37:45,0.017
22 Oct 2025 02:39:30,0.073
22 Oct 2025 02:42:45,-0.053
22 Oct 2025 02:43:45,0.033
22 Oct 2025 02:44:00,0.051
22 Oct 2025 02:49:30,0.045
22 Oct 2025 02:51:15,0.045
22 Oct 2025 02:56:00,0.048
22 Oct 2025 03:03:45,0.101
22 Oct 2025 03:05:00,0.043
22 Oct 2025 03:06:00,0.015
22 Oct 2025 03:06:45,0.063
22 Oct 2025 03:09:00,-0.003
22 Oct 2025 03:12:30,0.041
22 Oct 2025 03:18:00,0.105
22 Oct 2025 03:19:45,0.069
22 Oct 2025 03:20:15,-0.025
22 Oct 2025 03:23:30,0.057
22 Oct 2025 03:26:30,0.080
22 Oct 2025 03:27:15,0.063
22 Oct 2025 03:27:30,0.129
22 Oct 2025 03:28:45,0.062
22 Oct 2025 03:29:45,0.038
22 Oct 2025 03:33:15,0.042
22 Oct 2025 03:34:45,0.036
22 Oct 2025 03:37:00,0.086
22 Oct 2025 03:39:45,0.155
22 Oct 2025 03:40:45,-0.004
22 Oct 2025 03:43:00,0.053
22 Oct 2025 03:43:30,0.056
22 Oct 2025 03:45:30,0.136
22 Oct 2025 03:47:45,0.046
22 Oct 2025 03:49:30,0.110
22 Oct 2025 03:54:30,0.058
22 Oct 2025 03:55:00,0.143
22 Oct 2025 03:58:15,0.064
22 Oct 2025 04:01:30,0.065
22 Oct 2025 04:03:00,0.146
22 Oct 2025 04:03:30,0.134
22 Oct 2025 04:04:45,0.111
22 Oct 2025 04:05:15,0.134
22 Oct 2025 04:05:30,0.078
22 Oct 2025 04:07:30,0.016
22 Oct 2025 04:10:15,0.099
22 Oct 2025 04:13:30,0.101
22 Oct 2025 04:15:45,0.075
22 Oct 2025 04:19:45,0.066
22 Oct 2025 04:22:30,0.070
22 Oct 2025 04:26:15,0.117
22 Oct 2025 04:27:15,0.068
22 Oct 2025 04:28:00,0.157
22 Oct 2025 04:28:30,0.111
22 Oct 2025 04:29:30,0.087
22 Oct 2025 04:31:30,0.098
22 Oct 2025 04:32:00,0.158
22 Oct 2025 04:33:45,0.142
22 Oct 2025 04:41:30,0.154
22 Oct 2025 04:41:45,0.186
22 Oct 2025 04:43:45,0.126
22 Oct 2025 04:45:30,0.062
22 Oct 2025 04:45:45,0.103
22 Oct 2025 04:47:30,0.134
22 Oct 2025 04:48:00,0.214
22 Oct 2025 04:48:30,0.216
22 Oct 2025 04:52:45,0.123
22 Oct 2025 04:58:00,0.212
22 Oct 2025 05:00:00,0.166
22 Oct 2025 05:00:15,0.148
22 Oct 2025 05:02:00,0.225
22 Oct 2025 05:03:00,0.173
22 Oct 2025 05:04:15,0.202
22 Oct 2025 05:05:45,0.135
22 Oct 2025 05:06:30,0.150
22 Oct 2025 05:08:00,0.204
22 Oct 2025 05:08:45,0.252
22 Oct 2025 05:09:30,0.109
22 Oct 2025 05:12:15,0.171
22 Oct 2025 05:13:45,0.229
22 Oct 2025 05:17:45,0.210
22 Oct 2025 05:21:45,0.214
22 Oct 2025 05:23:15,0.214
22 Oct 2025 05:24:30,0.207
22 Oct 2025 05:25:30,0.211
22 Oct 2025 05:30:00,0.186
22 Oct 2025 05:30:30,0.189
22 Oct 2025 05:31:00,0.142
22 Oct 2025 05:44:00,0.184
22 Oct 2025 05:49:30,0.302
22 Oct 2025 05:51:15,0.197
22 Oct 2025 05:52:00,0.235
22 Oct 2025 05:53:00,0.196
22 Oct 2025 05:54:00,0.197
22 Oct 2025 05:54:15,0.238
22 Oct 2025 05:58:00,0.124
22 Oct 2025 05:59:15,0.208
22 Oct 2025 06:00:30,0.317
22 Oct 2025 06:01:15,0.283
22 Oct 2025 06:01:30,0.213
22 Oct 2025 06:06:30,0.277
22 Oct 2025 06:08:45,0.199
22 Oct 2025 06:09:15,0.240
22 Oct 2025 06:10:15,0.192
22 Oct 2025 06:12:30,0.209
22 Oct 2025 06:12:45,0.163
22 Oct 2025 06:13:30,0.273
22 Oct 2025 06:16:00,0.297
22 Oct 2025 06:16:15,0.170
22 Oct 2025 06:18:45,0.187
22 Oct 2025 06:19:00,0.271
22 Oct 2025 06:20:00,0.224
22 Oct 2025 06:20:15,0.189
22 Oct 2025 06:21:15,0.337
22 Oct 2025 06:24:30,0.363
22 Oct 2025 06:33:30,0.227
22 Oct 2025 06:35:15,0.218
22 Oct 2025 06:38:15,0.293
22 Oct 2025 06:40:30,0.301
22 Oct 2025 06:41:00,0.292
22 Oct 2025 06:41:30,0.251
22 Oct 2025 06:43:45,0.219
22 Oct 2025 06:44:15,0.237
22 Oct 2025 06:44:30,0.310
22 Oct 2025 06:47:00,0.297
22 Oct 2025 06:48:45,0.286
22 Oct 2025 06:50:15,0.302
22 Oct 2025 06:52:15,0.251
22 Oct 2025 06:53:15,0.266
22 Oct 2025 06:53:45,0.296
22 Oct 2025 06:54:30,0.354
22 Oct 2025 06:55:30,0.333
22 Oct 2025 06:55:45,0.346
22 Oct 2025 06:56:15,0.339
22 Oct 2025 06:58:00,0.373
22 Oct 2025 06:59:15,0.325
22 Oct 2025 07:00:45,0.296
22 Oct 2025 07:04:15,0.270
22 Oct 2025 07:04:30,0.336
22 Oct 2025 07:08:00,0.323
22 Oct 2025 07:09:00,0.273
22 Oct 2025 07:11:00,0.275
22 Oct 2025 07:14:00,0.275
22 Oct 2025 07:14:45,0.310
22 Oct 2025 07:15:00,0.288
22 Oct 2025 07:15:15,0.297
22 Oct 2025 07:19:30,0.195
22 Oct 2025 07:23:30,0.234
22 Oct 2025 07:26:15,0.286
22 Oct 2025 07:26:30,0.325
22 Oct 2025 07:26:45,0.287
22 Oct 2025 07:28:15,0.321
22 Oct 2025 07:31:15,0.361
22 Oct 2025 07:32:15,0.308
22 Oct 2025 07:35:15,0.353
22 Oct 2025 07:39:45,0.323
22 Oct 2025 07:41:30,0.297
22 Oct 2025 07:41:45,0.349
22 Oct 2025 07:46:30,0.289
22 Oct 2025 07:47:45,0.244
22 Oct 2025 07:51:30,0.285
22 Oct 2025 07:53:15,0.291
22 Oct 2025 07:57:30,0.313
22 Oct 2025 07:57:45,0.347
22 Oct 2025 07:58:00,0.327
22 Oct 2025 07:59:00,0.333
22 Oct 2025 08:01:45,0.247
22 Oct 2025 08:04:30,0.339
22 Oct 2025 08:04:45,0.300
22 Oct 2025 08:14:45,0.259
22 Oct 2025 08:17:00,0.274
22 Oct 2025 08:21:00,0.368
22 Oct 2025 08:23:00,0.239
22 Oct 2025 08:27:45,0.371
22 Oct 2025 08:28:30,0.328
22 Oct 2025 08:28:45,0.318
22 Oct 2025 08:34:00,0.259
22 Oct 2025 08:35:45,0.245
22 Oct 2025 08:36:00,0.296
22 Oct 2025 08:36:30,0.327
22 Oct 2025 08:38:00,0.334
22 Oct 2025 08:39:15,0.308
22 Oct 2025 08:39:30,0.279
22 Oct 2025 08:41:15,0.318
22 Oct 2025 08:41:45,0.289
22 Oct 2025 08:45:45,0.329
22 Oct 2025 08:46:30,0.313
22 Oct 2025 08:50:30,0.354
22 Oct 2025 08:51:00,0.314
22 Oct 2025 08:51:30,0.243
22 Oct 2025 08:52:00,0.296
22 Oct 2025 08:52:45,0.316
22 Oct 2025 08:53:00,0.336
22 Oct 2025 08:53:30,0.233
22 Oct 2025 08:53:45,0.282
22 Oct 2025 08:56:45,0.300
22 Oct 2025 08:59:45,0.309
22 Oct 2025 09:02:30,0.278
22 Oct 2025 09:03:15,0.297
22 Oct 2025 09:05:00,0.304
22 Oct 2025 09:06:00,0.324
22 Oct 2025 09:11:30,0.263
22 Oct 2025 09:11:45,0.326
22 Oct 2025 09:16:15,0.327
22 Oct 2025 09:16:45,0.282
22 Oct 2025 09:17:15,0.242
22 Oct 2025 09:19:00,0.283
22 Oct 2025 09:22:15,0.273
22 Oct 2025 09:27:00,0.310
22 Oct 2025 09:33:30,0.234
22 Oct 2025 09:35:45,0.294
22 Oct 2025 09:37:45,0.302
22 Oct 2025 09:45:45,0.220
22 Oct 2025 09:47:45,0.262
22 Oct 2025 09:48:30,0.278
22 Oct 2025 09:50:30,0.255
22 Oct 2025 09:51:00,0.223
22 Oct 2025 09:52:30,0.283
22 Oct 2025 09:53:00,0.227
22 Oct 2025 09:53:45,0.213
22 Oct 2025 09:55:00,0.205
22 Oct 2025 09:55:30,0.210
22 Oct 2025 09:58:30,0.209
22 Oct 2025 10:00:15,0.243
22 Oct 2025 10:02:30,0.311
22 Oct 2025 10:03:15,0.236
22 Oct 2025 10:03:30,0.186
22 Oct 2025 10:04:15,0.227
22 Oct 2025 10:05:30,0.279
22 Oct 2025 10:07:00,0.198
22 Oct 2025 10:09:45,0.205
22 Oct 2025 10:10:30,0.209
22 Oct 2025 10:11:45,0.231
22 Oct 2025 10:13:15,0.240
22 Oct 2025 10:17:45,0.260
22 Oct 2025 10:20:15,0.275
22 Oct 2025 10:20:45,0.180
22 Oct 2025 10:23:45,0.215
22 Oct 2025 10:24:30,0.268
22 Oct 2025 10:24:45,0.177
22 Oct 2025 10:26:30,0.241
22 Oct 2025 10:27:15,0.194
22 Oct 2025 10:28:30,0.263
22 Oct 2025 10:29:00,0.250
22 Oct 2025 10:33:30,0.296
22 Oct 2025 10:37:45,0.216
22 Oct 2025 10:39:00,0.233
22 Oct 2025 10:40:45,0.167
22 Oct 2025 10:41:00,0.201
22 Oct 2025 10:44:45,0.202
22 Oct 2025 10:52:30,0.223
22 Oct 2025 10:53:45,0.232
22 Oct 2025 10:54:00,0.239
22 Oct 2025 10:57:15,0.207
22 Oct 2025 10:58:30,0.230
22 Oct 2025 11:09:45,0.159
22 Oct 2025 11:10:00,0.138
22 Oct 2025 11:11:15,0.133
22 Oct 2025 11:11:45,0.214
22 Oct 2025 11:16:00,0.093
22 Oct 2025 11:17:30,0.171
22 Oct 2025 11:20:45,0.176
22 Oct 2025 11:23:15,0.173
22 Oct 2025 11:28:45,0.126
22 Oct 2025 11:29:30,0.078
22 Oct 2025 11:29:45,0.169
22 Oct 2025 11:30:15,0.159
22 Oct 2025 11:31:00,0.124
22 Oct 2025 11:31:30,0.130
22 Oct 2025 11:32:15,0.148
22 Oct 2025 11:34:15,0.191
22 Oct 2025 11:36:00,0.074
22 Oct 2025 11:37:15,0.215
22 Oct 2025 11:40:30,0.157
22 Oct 2025 11:45:30,0.130
22 Oct 2025 11:46:15,0.243
22 Oct 2025 11:46:30,0.027
22 Oct 2025 11:52:15,0.156
22 Oct 2025 11:53:00,0.127
22 Oct 2025 11:55:15,0.191
22 Oct 2025 11:55:45,0.184
22 Oct 2025 11:56:45,0.139
22 Oct 2025 11:58:15,0.143
22 Oct 2025 11:59:45,0.168
22 Oct 2025 12:00:00,0.083
22 Oct 2025 12:01:00,0.152
22 Oct 2025 12:03:00,0.084
22 Oct 2025 12:04:00,0.165
22 Oct 2025 12:04:15,0.118
22 Oct 2025 12:04:45,0.151
22 Oct 2025 12:07:00,0.118
22 Oct 2025 12:07:45,0.092
22 Oct 2025 12:09:15,0.188
22 Oct 2025 12:11:15,0.199
22 Oct 2025 12:13:15,0.161
22 Oct 2025 12:19:00,0.049
22 Oct 2025 12:21:00,0.109
22 Oct 2025 12:22:30,0.139
22 Oct 2025 12:23:15,0.094
22 Oct 2025 12:24:00,0.190
22 Oct 2025 12:25:45,0.099
22 Oct 2025 12:26:00,0.112
22 Oct 2025 12:26:30,0.104
22 Oct 2025 12:27:30,0.120
22 Oct 2025 12:29:45,0.054
22 Oct 2025 12:30:00,0.117
22 Oct 2025 12:31:30,0.144
22 Oct 2025 12:32:30,0.074
22 Oct 2025 12:34:30,0.115
22 Oct 2025 12:36:15,0.083
22 Oct 2025 12:36:30,0.098
22 Oct 2025 12:41:15,0.086
22 Oct 2025 12:42:45,0.120
22 Oct 2025 12:43:30,0.106
22 Oct 2025 12:44:00,0.121
22 Oct 2025 12:45:00,0.019
22 Oct 2025 12:46:30,0.091
22 Oct 2025 12:49:15,0.049
22 Oct 2025 12:49:45,0.131
22 Oct 2025 12:58:30,0.035
22 Oct 2025 12:58:45,0.106
22 Oct 2025 12:59:45,0.095
22 Oct 2025 13:00:45,0.119
22 Oct 2025 13:01:45,0.135
22 Oct 2025 13:05:15,0.050
22 Oct 2025 13:09:00,0.110
22 Oct 2025 13:11:00,0.079
22 Oct 2025 13:11:45,0.037
22 Oct 2025 13:13:00,0.121
22 Oct 2025 13:17:45,0.073
22 Oct 2025 13:20:15,0.070
22 Oct 2025 13:22:45,0.079
22 Oct 2025 13:23:15,0.069
22 Oct 2025 13:24:00,0.101
22 Oct 2025 13:25:15,0.097
22 Oct 2025 13:25:30,0.080
22 Oct 2025 13:32:15,0.098
22 Oct 2025 13:34:30,0.043
22 Oct 2025 13:36:45,0.030
22 Oct 2025 13:37:45,0.078
22 Oct 2025 13:42:00,0.136
22 Oct 2025 13:42:15,0.100
22 Oct 2025 13:43:45,0.071
22 Oct 2025 13:44:00,-0.002
22 Oct 2025 13:44:15,0.025
22 Oct 2025 13:45:15,0.132
22 Oct 2025 13:46:30,0.119
22 Oct 2025 13:48:45,0.078
22 Oct 2025 13:50:00,0.131
22 Oct 2025 13:51:15,0.036
22 Oct 2025 13:52:15,0.065
22 Oct 2025 13:53:45,0.060
22 Oct 2025 13:54:15,0.016
22 Oct 2025 13:54:45,0.083
22 Oct 2025 13:55:15,0.081
22 Oct 2025 13:56:15,0.082
22 Oct 2025 14:00:00,0.083
22 Oct 2025 14:00:15,0.009
22 Oct 2025 14:00:30,0.002
22 Oct 2025 14:04:00,0.052
22 Oct 2025 14:04:45,0.109
22 Oct 2025 14:05:00,0.134
22 Oct 2025 14:05:15,0.065
22 Oct 2025 14:06:30,0.048
22 Oct 2025 14:07:15,0.086
22 Oct 2025 14:09:30,0.141
22 Oct 2025 14:11:45,0.034
22 Oct 2025 14:12:30,0.104
22 Oct 2025 14:13:45,0.105
22 Oct 2025 14:15:45,0.056
22 Oct 2025 14:17:45,0.040
22 Oct 2025 14:19:15,-0.059
22 Oct 2025 14:21:30,0.016
22 Oct 2025 14:21:45,0.174
22 Oct 2025 14:22:45,0.147
22 Oct 2025 14:24:00,-0.015
22 Oct 2025 14:29:45,0.042
22 Oct 2025 14:30:30,0.068
22 Oct 2025 14:31:45,0.046
22 Oct 2025 14:33:15,0.086
22 Oct 2025 14:34:00,0.059
22 Oct 2025 14:35:15,0.134
22 Oct 2025 14:38:45,0.048
22 Oct 2025 14:39:30,0.098
22 Oct 2025 14:45:00,0.114
22 Oct 2025 14:46:00,0.045
22 Oct 2025 14:46:45,0.137
22 Oct 2025 14:48:30,0.018
22 Oct 2025 14:49:00,0.181
22 Oct 2025 14:50:45,0.054
22 Oct 2025 14:52:30,0.031
22 Oct 2025 14:53:00,0.153
22 Oct 2025 14:53:45,0.084
22 Oct 2025 14:59:00,0.105
22 Oct 2025 14:59:15,0.099
22 Oct 2025 14:59:30,-0.018
22 Oct 2025 14:59:45,0.073
22 Oct 2025 15:01:30,0.063
22 Oct 2025 15:03:45,0.113
22 Oct 2025 15:04:15,0.082
22 Oct 2025 15:08:15,0.071
22 Oct 2025 15:10:15,0.124
22 Oct 2025 15:13:30,0.044
22 Oct 2025 15:15:00,0.115
22 Oct 2025 15:21:00,0.037
22 Oct 2025 15:21:15,0.049
22 Oct 2025 15:23:15,0.133
22 Oct 2025 15:26:45,0.039
22 Oct 2025 15:29:45,0.059
22 Oct 2025 15:30:45,0.166
22 Oct 2025 15:31:45,0.083
22 Oct 2025 15:32:15,0.140
22 Oct 2025 15:38:00,0.125
22 Oct 2025 15:44:00,0.083
22 Oct 2025 15:45:00,0.158
22 Oct 2025 15:47:00,0.138
22 Oct 2025 15:47:45,0.144
22 Oct 2025 15:48:00,0.067
22 Oct 2025 15:48:30,0.142
22 Oct 2025 15:50:45,0.093
22 Oct 2025 15:52:45,0.145
22 Oct 2025 15:54:30,0.111
22 Oct 2025 15:57:30,0.079
22 Oct 2025 15:58:30,0.155
22 Oct 2025 15:58:45,0.099
22 Oct 2025 15:59:00,0.114
22 Oct 2025 16:05:00,0.132
22 Oct 2025 16:05:45,0.111
22 Oct 2025 16:08:00,0.138
22 Oct 2025 16:09:15,0.123
22 Oct 2025 16:09:30,0.135
22 Oct 2025 16:11:45,0.078
22 Oct 2025 16:14:45,0.194
22 Oct 2025 16:18:15,0.184
22 Oct 2025 16:21:30,0.096
22 Oct 2025 16:23:00,0.158
22 Oct 2025 16:26:30,0.110
22 Oct 2025 16:27:30,0.084
22 Oct 2025 16:32:15,0.065
22 Oct 2025 16:36:45,0.089
22 Oct 2025 16:37:30,0.102
22 Oct 2025 16:38:00,0.157
22 Oct 2025 16:40:30,0.166
22 Oct 2025 16:42:30,0.209
22 Oct 2025 16:43:30,0.127
22 Oct 2025 16:44:45,0.198
22 Oct 2025 16:46:30,0.137
22 Oct 2025 16:48:15,0.186
22 Oct 2025 16:49:15,0.190
22 Oct 2025 16:49:30,0.222
22 Oct 2025 16:55:00,0.212
22 Oct 2025 16:55:45,0.141
22 Oct 2025 16:57:30,0.198
22 Oct 2025 16:58:30,0.143
22 Oct 2025 16:58:45,0.154
22 Oct 2025 17:00:30,0.192
22 Oct 2025 17:01:45,0.187
22 Oct 2025 17:04:30,0.120
22 Oct 2025 17:09:00,0.203
22 Oct 2025 17:09:45,0.191
22 Oct 2025 17:11:00,0.232
22 Oct 2025 17:12:00,0.174
22 Oct 2025 17:13:15,0.177
22 Oct 2025 17:13:45,0.189
22 Oct 2025 17:14:00,0.172
22 Oct 2025 17:16:45,0.196
22 Oct 2025 17:17:15,0.291
22 Oct 2025 17:18:15,0.172
22 Oct 2025 17:19:30,0.213
22 Oct 2025 17:20:00,0.246
22 Oct 2025 17:20:30,0.182
22 Oct 2025 17:22:15,0.282
22 Oct 2025 17:24:15,0.276
22 Oct 2025 17:26:00,0.181
22 Oct 2025 17:26:45,0.211
22 Oct 2025 17:27:00,0.152
22 Oct 2025 17:27:30,0.205
22 Oct 2025 17:28:00,0.265
22 Oct 2025 17:29:00,0.245
22 Oct 2025 17:30:30,0.182
22 Oct 2025 17:31:30,0.218
22 Oct 2025 17:35:30,0.187
22 Oct 2025 17:41:30,0.223
22 Oct 2025 17:41:45,0.194
22 Oct 2025 17:44:30,0.257
22 Oct 2025 17:46:15,0.173
22 Oct 2025 17:48:30,0.234
22 Oct 2025 17:49:00,0.233
22 Oct 2025 17:56:15,0.242
22 Oct 2025 17:56:30,0.219
22 Oct 2025 17:57:15,0.256
22 Oct 2025 18:03:00,0.277
22 Oct 2025 18:07:00,0.235
22 Oct 2025 18:07:15,0.220
22 Oct 2025 18:07:30,0.292
22 Oct 2025 18:10:45,0.245
22 Oct 2025 18:15:30,0.264
22 Oct 2025 18:21:45,0.275
22 Oct 2025 18:22:15,0.251
22 Oct 2025 18:24:15,0.279
22 Oct 2025 18:25:00,0.223
22 Oct 2025 18:27:45,0.218
22 Oct 2025 18:28:45,0.262
22 Oct 2025 18:35:45,0.288
22 Oct 2025 18:36:30,0.302
22 Oct 2025 18:37:30,0.226
22 Oct 2025 18:38:30,0.272
22 Oct 2025 18:44:30,0.216
22 Oct 2025 18:45:45,0.303
22 Oct 2025 18:46:45,0.320
22 Oct 2025 18:48:45,0.298
22 Oct 2025 18:52:30,0.240
22 Oct 2025 18:53:15,0.298
22 Oct 2025 18:54:30,0.235
22 Oct 2025 18:56:15,0.301
22 Oct 2025 18:57:30,0.276
22 Oct 2025 18:57:45,0.258
22 Oct 2025 18:58:15,0.267
22 Oct 2025 19:01:45,0.222
22 Oct 2025 19:03:15,0.276
22 Oct 2025 19:09:15,0.315
22 Oct 2025 19:10:45,0.260
22 Oct 2025 19:11:15,0.295
22 Oct 2025 19:20:30,0.315
22 Oct 2025 19:26:30,0.233
22 Oct 2025 19:30:15,0.313
22 Oct 2025 19:31:30,0.212
22 Oct 2025 19:36:30,0.309
22 Oct 2025 19:38:00,0.285
22 Oct 2025 19:40:15,0.295
22 Oct 2025 19:40:30,0.249
22 Oct 2025 19:43:45,0.327
22 Oct 2025 19:46:00,0.303
22 Oct 2025 19:46:30,0.279
22 Oct 2025 19:46:45,0.292
22 Oct 2025 19:54:45,0.279
22 Oct 2025 20:02:00,0.287
22 Oct 2025 20:02:15,0.259
22 Oct 2025 20:06:00,0.224
22 Oct 2025 20:08:15,0.320
22 Oct 2025 20:10:15,0.267
22 Oct 2025 20:16:15,0.333
22 Oct 2025 20:17:15,0.235
22 Oct 2025 20:17:45,0.269
22 Oct 2025 20:18:00,0.288
22 Oct 2025 20:19:45,0.273
22 Oct 2025 20:22:00,0.243
22 Oct 2025 20:27:30,0.314
22 Oct 2025 20:28:30,0.337
22 Oct 2025 20:33:45,0.265
22 Oct 2025 20:34:00,0.320
22 Oct 2025 20:34:15,0.300
22 Oct 2025 20:37:00,0.328
22 Oct 2025 20:38:00,0.246
22 Oct 2025 20:39:00,0.278
22 Oct 2025 20:41:30,0.241
22 Oct 2025 20:44:15,0.329
22 Oct 2025 20:48:30,0.305
22 Oct 2025 20:51:45,0.254
22 Oct 2025 20:52:00,0.336
22 Oct 2025 20:58:30,0.236
22 Oct 2025 21:01:15,0.337
22 Oct 2025 21:02:30,0.262
22 Oct 2025 21:03:45,0.312
22 Oct 2025 21:07:00,0.279
22 Oct 2025 21:07:15,0.259
22 Oct 2025 21:07:30,0.295
22 Oct 2025 21:10:00,0.289
22 Oct 2025 21:11:00,0.228
22 Oct 2025 21:13:30,0.327
22 Oct 2025 21:15:45,0.279
22 Oct 2025 21:16:00,0.201
22 Oct 2025 21:16:45,0.253
22 Oct 2025 21:23:00,0.245
22 Oct 2025 21:24:30,0.240
22 Oct 2025 21:26:15,0.292
22 Oct 2025 21:28:15,0.181
22 Oct 2025 21:29:15,0.251
22 Oct 2025 21:31:15,0.311
22 Oct 2025 21:32:30,0.314
22 Oct 2025 21:36:45,0.276
22 Oct 2025 21:37:00,0.205
22 Oct 2025 21:38:00,0.261
22 Oct 2025 21:38:30,0.259
22 Oct 2025 21:40:45,0.292
22 Oct 2025 21:41:15,0.257
22 Oct 2025 21:41:30,0.310
22 Oct 2025 21:45:15,0.236
22 Oct 2025 21:45:30,0.244
22 Oct 2025 21:49:00,0.304
22 Oct 2025 21:51:30,0.298
22 Oct 2025 21:55:45,0.259
22 Oct 2025 21:58:45,0.250
22 Oct 2025 22:02:00,0.250
22 Oct 2025 22:02:30,0.206
22 Oct 2025 22:02:45,0.255
22 Oct 2025 22:03:30,0.254
22 Oct 2025 22:04:45,0.257
22 Oct 2025 22:05:00,0.283
22 Oct 2025 22:05:15,0.304
22 Oct 2025 22:06:45,0.143
22 Oct 2025 22:07:30,0.309
22 Oct 2025 22:11:30,0.260
22 Oct 2025 22:11:45,0.246
22 Oct 2025 22:13:30,0.220
22 Oct 2025 22:16:00,0.229
22 Oct 2025 22:19:15,0.259
22 Oct 2025 22:19:45,0.254
22 Oct 2025 22:21:15,0.268
22 Oct 2025 22:27:15,0.259
22 Oct 2025 22:29:15,0.254
22 Oct 2025 22:29:45,0.228
22 Oct 2025 22:30:45,0.216
22 Oct 2025 22:37:15,0.115
22 Oct 2025 22:37:45,0.166
22 Oct 2025 22:38:15,0.220
22 Oct 2025 22:40:15,0.141
22 Oct 2025 22:42:00,0.165
22 Oct 2025 22:46:45,0.200
22 Oct 2025 22:49:15,0.150
22 Oct 2025 22:51:00,0.220
22 Oct 2025 22:52:00,0.203
22 Oct 2025 22:56:15,0.199
22 Oct 2025 22:57:00,0.211
22 Oct 2025 22:58:45,0.165
22 Oct 2025 22:59:45,0.170
22 Oct 2025 23:00:30,0.212
22 Oct 2025 23:01:30,0.189
22 Oct 2025 23:02:45,0.140
22 Oct 2025 23:04:30,0.175
22 Oct 2025 23:05:00,0.139
22 Oct 2025 23:06:15,0.175
22 Oct 2025 23:08:30,0.178
22 Oct 2025 23:12:30,0.168
22 Oct 2025 23:18:30,0.196
22 Oct 2025 23:21:00,0.148
22 Oct 2025 23:21:15,0.147
22 Oct 2025 23:21:45,0.130
22 Oct 2025 23:23:00,0.101
22 Oct 2025 23:23:15,0.127
22 Oct 2025 23:26:30,0.070
22 Oct 2025 23:26:45,0.107
22 Oct 2025 23:27:30,0.177
22 Oct 2025 23:28:45,0.119
22 Oct 2025 23:29:30,0.134
22 Oct 2025 23:32:15,0.119
22 Oct 2025 23:36:45,0.135
22 Oct 2025 23:39:30,0.151
22 Oct 2025 23:41:00,0.170
22 Oct 2025 23:41:30,0.090
22 Oct 2025 23:44:30,0.129
22 Oct 2025 23:46:15,0.156
22 Oct 2025 23:46:45,0.136
22 Oct 2025 23:49:45,0.140
22 Oct 2025 23:56:15,0.189
23 Oct 2025 00:00:30,0.062
23 Oct 2025 00:03:00,0.067
23 Oct 2025 00:04:45,0.087
23 Oct 2025 00:06:30,0.106
23 Oct 2025 00:13:45,0.078
23 Oct 2025 00:18:45,0.075
23 Oct 2025 00:22:15,0.083
23 Oct 2025 00:25:30,0.110
23 Oct 2025 00:27:30,0.084
23 Oct 2025 00:31:00,0.034
23 Oct 2025 00:31:30,0.108
23 Oct 2025 00:33:00,0.065
23 Oct 2025 00:33:15,0.087
23 Oct 2025 00:36:45,0.044
23 Oct 2025 00:38:00,0.113
23 Oct 2025 00:41:45,0.096
23 Oct 2025 00:42:45,-0.031
23 Oct 2025 00:46:15,0.094
23 Oct 2025 00:47:00,0.110
23 Oct 2025 00:49:45,0.101
23 Oct 2025 00:51:30,0.035
23 Oct 2025 00:57:45,0.025
23 Oct 2025 00:59:45,0.076
23 Oct 2025 01:00:15,0.073
23 Oct 2025 01:00:45,0.046
23 Oct 2025 01:01:30,0.081
23 Oct 2025 01:02:15,0.079
23 Oct 2025 01:03:15,0.040
23 Oct 2025 01:07:00,0.083
23 Oct 2025 01:07:45,0.056
23 Oct 2025 01:08:00,0.008
23 Oct 2025 01:09:45,0.028
23 Oct 2025 01:11:15,0.009
23 Oct 2025 01:13:15,0.058
23 Oct 2025 01:20:15,0.077
23 Oct 2025 01:21:15,-0.004
23 Oct 2025 01:23:00,0.037
23 Oct 2025 01:24:15,0.063
23 Oct 2025 01:26:00,0.042
23 Oct 2025 01:28:00,0.004
23 Oct 2025 01:28:45,0.059
23 Oct 2025 01:29:15,0.064
23 Oct 2025 01:33:00,0.032
23 Oct 2025 01:35:15,0.022
23 Oct 2025 01:42:00,-0.006
23 Oct 2025 01:43:00,0.004
23 Oct 2025 01:44:45,-0.002
23 Oct 2025 01:49:45,0.017
23 Oct 2025 01:53:00,0.032
23 Oct 2025 01:55:15,0.023
23 Oct 2025 01:58:15,0.013
23 Oct 2025 01:59:15,0.011
23 Oct 2025 02:00:15,0.017
23 Oct 2025 02:01:30,0.048
23 Oct 2025 02:04:15,0.039
23 Oct 2025 02:06:15,0.014
23 Oct 2025 02:06:45,0.040
23 Oct 2025 02:07:30,0.064
23 Oct 2025 02:08:45,0.040
23 Oct 2025 02:11:00,0.028
23 Oct 2025 02:11:15,0.011
23 Oct 2025 02:17:45,0.018
23 Oct 2025 02:18:30,0.045
23 Oct 2025 02:21:30,0.035
23 Oct 2025 02:29:30,0.008
23 Oct 2025 02:32:45,0.022
23 Oct 2025 02:33:00,0.045
23 Oct 2025 02:33:15,0.063
23 Oct 2025 02:33:30,0.041
23 Oct 2025 02:36:15,-0.013
23 Oct 2025 02:36:45,0.018
23 Oct 2025 02:37:45,0.022
23 Oct 2025 02:42:15,0.018
23 Oct 2025 02:43:15,0.043
23 Oct 2025 02:44:30,0.002
23 Oct 2025 02:45:45,0.014
23 Oct 2025 02:47:30,0.001
23 Oct 2025 02:50:45,0.041
23 Oct 2025 02:52:00,0.016
23 Oct 2025 02:52:15,0.021
23 Oct 2025 02:53:45,0.058
23 Oct 2025 02:54:15,0.035
23 Oct 2025 02:57:45,0.051
23 Oct 2025 02:58:00,0.054
23 Oct 2025 03:00:30,0.097
23 Oct 2025 03:01:30,0.087
23 Oct 2025 03:02:00,0.052
23 Oct 2025 03:02:45,0.048
23 Oct 2025 03:04:45,0.088
23 Oct 2025 03:06:00,0.029
23 Oct 2025 03:06:15,0.089
23 Oct 2025 03:07:30,0.005
23 Oct 2025 03:07:45,0.058
23 Oct 2025 03:09:00,0.087
23 Oct 2025 03:10:45,0.079
23 Oct 2025 03:11:45,0.054
23 Oct 2025 03:13:15,0.035
23 Oct 2025 03:13:30,0.028
23 Oct 2025 03:14:45,0.070
23 Oct 2025 03:15:45,0.060
23 Oct 2025 03:17:00,0.086
23 Oct 2025 03:20:30,0.053
23 Oct 2025 03:20:45,0.145
23 Oct 2025 03:21:15,0.096
23 Oct 2025 03:23:15,0.040
23 Oct 2025 03:27:15,0.073
23 Oct 2025 03:28:30,0.099
23 Oct 2025 03:29:00,0.098
23 Oct 2025 03:29:15,0.007
23 Oct 2025 03:30:00,0.117
23 Oct 2025 03:37:00,0.040
23 Oct 2025 03:43:15,0.071
23 Oct 2025 03:47:15,0.081
23 Oct 2025 03:47:45,0.082
23 Oct 2025 03:48:30,0.091
23 Oct 2025 03:51:45,0.075
23 Oct 2025 03:52:45,0.103
23 Oct 2025 03:53:15,0.104
23 Oct 2025 03:56:45,0.077
23 Oct 2025 03:58:00,0.083
23 Oct 2025 04:03:45,0.141
23 Oct 2025 04:06:45,0.098
23 Oct 2025 04:07:00,0.129
23 Oct 2025 04:08:00,0.139
23 Oct 2025 04:12:45,0.133
23 Oct 2025 04:13:00,0.110
23 Oct 2025 04:15:00,0.102
23 Oct 2025 04:16:00,0.040
23 Oct 2025 04:18:00,0.093
23 Oct 2025 04:19:30,0.106
23 Oct 2025 04:21:00,0.120
23 Oct 2025 04:25:45,0.135
23 Oct 2025 04:27:30,0.083
23 Oct 2025 04:29:45,0.153
23 Oct 2025 04:31:15,0.135
23 Oct 2025 04:31:45,0.189
23 Oct 2025 04:32:00,0.160
23 Oct 2025 04:33:00,0.045
23 Oct 2025 04:33:30,0.163
23 Oct 2025 04:34:00,0.067
23 Oct 2025 04:35:45,0.133
23 Oct 2025 04:38:00,0.118
23 Oct 2025 04:38:15,0.077
23 Oct 2025 04:39:15,0.108
23 Oct 2025 04:41:30,0.129
23 Oct 2025 04:43:00,0.175
23 Oct 2025 04:43:45,0.167
23 Oct 2025 04:44:45,0.154
23 Oct 2025 04:46:45,0.089
23 Oct 2025 04:48:30,0.154
23 Oct 2025 04:48:45,0.121
23 Oct 2025 04:52:15,0.118
23 Oct 2025 04:53:45,0.132
23 Oct 2025 04:54:00,0.182
23 Oct 2025 04:55:00,0.141
23 Oct 2025 04:56:00,0.095
23 Oct 2025 04:58:15,0.116
23 Oct 2025 04:59:00,0.124
23 Oct 2025 05:00:15,0.175
23 Oct 2025 05:03:45,0.212
23 Oct 2025 05:04:00,0.187
23 Oct 2025 05:04:30,0.172
23 Oct 2025 05:06:15,0.115
23 Oct 2025 05:08:30,0.145
23 Oct 2025 05:12:00,0.073
23 Oct 2025 05:12:15,0.127
23 Oct 2025 05:16:00,0.161
23 Oct 2025 05:16:30,0.213
23 Oct 2025 05:18:45,0.136
23 Oct 2025 05:22:15,0.216
23 Oct 2025 05:28:45,0.176
23 Oct 2025 05:29:45,0.210
23 Oct 2025 05:33:15,0.186
23 Oct 2025 05:36:30,0.261
23 Oct 2025 05:44:45,0.249
23 Oct 2025 05:45:00,0.151
23 Oct 2025 05:47:15,0.194
23 Oct 2025 05:51:30,0.182
23 Oct 2025 05:56:30,0.201
23 Oct 2025 06:00:45,0.208
23 Oct 2025 06:01:15,0.268
23 Oct 2025 06:01:45,0.222
23 Oct 2025 06:05:00,0.232
23 Oct 2025 06:07:45,0.211
23 Oct 2025 06:08:00,0.203
23 Oct 2025 06:08:30,0.177
23 Oct 2025 06:09:15,0.141
23 Oct 2025 06:11:15,0.229
23 Oct 2025 06:12:30,0.208
23 Oct 2025 06:12:45,0.233
23 Oct 2025 06:18:00,0.253
23 Oct 2025 06:18:15,0.227
23 Oct 2025 06:20:15,0.233
23 Oct 2025 06:20:45,0.176
23 Oct 2025 06:27:15,0.227
23 Oct 2025 06:27:30,0.226
23 Oct 2025 06:31:45,0.291
23 Oct 2025 06:33:15,0.194
23 Oct 2025 06:35:45,0.286
23 Oct 2025 06:37:30,0.267
23 Oct 2025 06:39:00,0.269
23 Oct 2025 06:40:45,0.233
23 Oct 2025 06:41:00,0.189
23 Oct 2025 06:41:15,0.245
23 Oct 2025 06:47:00,0.302
23 Oct 2025 06:49:15,0.258
23 Oct 2025 06:49:30,0.168
23 Oct 2025 06:51:00,0.265
23 Oct 2025 06:52:30,0.309
23 Oct 2025 06:53:30,0.304
23 Oct 2025 06:54:15,0.302
23 Oct 2025 06:54:30,0.246
23 Oct 2025 06:54:45,0.220
23 Oct 2025 06:56:00,0.269
23 Oct 2025 06:59:45,0.279
23 Oct 2025 07:00:15,0.248
23 Oct 2025 07:02:15,0.258
23 Oct 2025 07:09:15,0.256
23 Oct 2025 07:15:30,0.294
23 Oct 2025 07:17:30,0.292
23 Oct 2025 07:18:30,0.275
23 Oct 2025 07:20:45,0.299
23 Oct 2025 07:21:15,0.206
23 Oct 2025 07:22:15,0.293
23 Oct 2025 07:24:45,0.271
23 Oct 2025 07:27:15,0.247
23 Oct 2025 07:28:30,0.241
23 Oct 2025 07:34:15,0.181
23 Oct 2025 07:39:00,0.250
23 Oct 2025 07:40:00,0.343
23 Oct 2025 07:42:30,0.229
23 Oct 2025 07:47:30,0.299
23 Oct 2025 07:49:45,0.252
23 Oct 2025 07:50:15,0.296
23 Oct 2025 07:50:30,0.295
23 Oct 2025 07:50:45,0.325
23 Oct 2025 07:53:30,0.375
23 Oct 2025 07:55:45,0.318
23 Oct 2025 07:59:30,0.381
23 Oct 2025 08:03:45,0.301
23 Oct 2025 08:04:30,0.311
23 Oct 2025 08:07:45,0.326
23 Oct 2025 08:09:00,0.336
23 Oct 2025 08:10:15,0.134
23 Oct 2025 08:20:15,0.364
23 Oct 2025 08:21:15,0.334
23 Oct 2025 08:24:45,0.196
23 Oct 2025 08:28:45,0.332
23 Oct 2025 08:29:00,0.270
23 Oct 2025 08:29:45,0.283
23 Oct 2025 08:30:30,0.333
23 Oct 2025 08:31:30,0.280
23 Oct 2025 08:31:45,0.360
23 Oct 2025 08:32:45,0.302
23 Oct 2025 08:38:00,0.268
23 Oct 2025 08:39:00,0.320
23 Oct 2025 08:40:00,0.308
23 Oct 2025 08:42:45,0.336
23 Oct 2025 08:45:15,0.280
23 Oct 2025 08:46:15,0.332
23 Oct 2025 08:48:00,0.275
23 Oct 2025 08:49:00,0.238
23 Oct 2025 08:51:15,0.336
23 Oct 2025 08:51:30,0.281
23 Oct 2025 08:58:45,0.287
23 Oct 2025 08:59:30,0.306
23 Oct 2025 09:02:15,0.300
23 Oct 2025 09:03:45,0.341
23 Oct 2025 09:04:15,0.283
23 Oct 2025 09:08:15,0.353
23 Oct 2025 09:08:45,0.359
23 Oct 2025 09:10:30,0.394
23 Oct 2025 09:16:45,0.249
23 Oct 2025 09:19:15,0.323
23 Oct 2025 09:21:45,0.242
23 Oct 2025 09:24:00,0.250
23 Oct 2025 09:27:30,0.255
23 Oct 2025 09:29:00,0.288
23 Oct 2025 09:31:15,0.329
23 Oct 2025 09:33:00,0.287
23 Oct 2025 09:35:45,0.279
23 Oct 2025 09:36:15,0.340
23 Oct 2025 09:38:30,0.262
23 Oct 2025 09:40:45,0.330
23 Oct 2025 09:44:45,0.318
23 Oct 2025 09:48:15,0.315
23 Oct 2025 09:49:15,0.322
23 Oct 2025 09:50:45,0.339
23 Oct 2025 09:52:30,0.284
23 Oct 2025 09:54:30,0.243
23 Oct 2025 09:56:00,0.286
23 Oct 2025 09:57:30,0.303
23 Oct 2025 10:02:15,0.276
23 Oct 2025 10:02:30,0.289
23 Oct 2025 10:03:15,0.341
23 Oct 2025 10:03:45,0.265
23 Oct 2025 10:08:15,0.324
23 Oct 2025 10:08:30,0.338
23 Oct 2025 10:10:45,0.267
23 Oct 2025 10:16:30,0.234
23 Oct 2025 10:20:15,0.241
23 Oct 2025 10:22:30,0.290
23 Oct 2025 10:24:45,0.309
23 Oct 2025 10:29:15,0.287
23 Oct 2025 10:31:45,0.328
23 Oct 2025 10:32:15,0.265
23 Oct 2025 10:32:30,0.337
23 Oct 2025 10:33:00,0.281
23 Oct 2025 10:35:15,0.222
23 Oct 2025 10:36:00,0.220
23 Oct 2025 10:40:00,0.280
23 Oct 2025 10:43:45,0.178
23 Oct 2025 10:45:15,0.266
23 Oct 2025 10:46:15,0.212
23 Oct 2025 10:47:15,0.302
23 Oct 2025 10:47:30,0.231
23 Oct 2025 10:48:00,0.261
23 Oct 2025 10:48:30,0.242
23 Oct 2025 10:49:15,0.261
23 Oct 2025 10:50:00,0.194
23 Oct 2025 10:51:45,0.207
23 Oct 2025 10:55:00,0.199
23 Oct 2025 10:57:00,0.243
23 Oct 2025 10:59:45,0.197
23 Oct 2025 11:01:30,0.263
23 Oct 2025 11:09:45,0.215
23 Oct 2025 11:19:15,0.215
23 Oct 2025 11:23:15,0.186
23 Oct 2025 11:25:15,0.181
23 Oct 2025 11:26:00,0.202
23 Oct 2025 11:26:15,0.151
23 Oct 2025 11:30:00,0.203
23 Oct 2025 11:31:00,0.176
23 Oct 2025 11:33:45,0.201
23 Oct 2025 11:36:30,0.277
23 Oct 2025 11:39:15,0.223
23 Oct 2025 11:41:15,0.149
23 Oct 2025 11:43:00,0.235
23 Oct 2025 11:46:15,0.174
23 Oct 2025 11:47:00,0.232
23 Oct 2025 11:48:00,0.143
23 Oct 2025 11:48:45,0.212
23 Oct 2025 11:49:15,0.198
23 Oct 2025 11:50:00,0.112
23 Oct 2025 11:51:00,0.142
23 Oct 2025 11:51:15,0.275
23 Oct 2025 11:52:15,0.205
23 Oct 2025 11:55:15,0.152
23 Oct 2025 11:55:30,0.158
23 Oct 2025 11:57:15,0.157
23 Oct 2025 11:57:45,0.175
23 Oct 2025 11:59:00,0.151
23 Oct 2025 12:01:15,0.189
23 Oct 2025 12:02:15,0.177
23 Oct 2025 12:03:45,0.182
23 Oct 2025 12:04:30,0.076
23 Oct 2025 12:06:30,0.127
23 Oct 2025 12:08:30,0.141
23 Oct 2025 12:09:15,0.126
23 Oct 2025 12:17:15,0.158
23 Oct 2025 12:18:15,0.149
23 Oct 2025 12:20:15,0.235
23 Oct 2025 12:21:00,0.169
23 Oct 2025 12:23:45,0.178
23 Oct 2025 12:25:30,0.100
23 Oct 2025 12:28:15,0.096
23 Oct 2025 12:28:30,0.136
23 Oct 2025 12:29:45,0.143
23 Oct 2025 12:30:45,0.110
23 Oct 2025 12:34:00,0.121
23 Oct 2025 12:34:45,0.099
23 Oct 2025 12:43:45,0.102
23 Oct 2025 12:45:15,0.145
23 Oct 2025 12:47:15,0.177
23 Oct 2025 12:47:30,0.184
23 Oct 2025 12:55:15,0.177
23 Oct 2025 12:55:45,0.088
23 Oct 2025 12:56:00,0.089
23 Oct 2025 12:56:45,0.112
23 Oct 2025 12:59:15,0.073
23 Oct 2025 13:00:15,0.060
23 Oct 2025 13:00:30,0.139
23 Oct 2025 13:04:15,0.129
23 Oct 2025 13:04:45,0.083
23 Oct 2025 13:05:30,0.126
23 Oct 2025 13:05:45,0.106
23 Oct 2025 13:08:00,0.088
23 Oct 2025 13:11:15,0.097
23 Oct 2025 13:13:00,0.158
23 Oct 2025 13:15:30,0.145
23 Oct 2025 13:17:30,0.126
23 Oct 2025 13:19:30,0.115
23 Oct 2025 13:24:00,0.099
23 Oct 2025 13:24:45,0.093
23 Oct 2025 13:25:00,0.119
23 Oct 2025 13:27:30,0.101
23 Oct 2025 13:28:15,0.112
23 Oct 2025 13:30:15,0.139
23 Oct 2025 13:31:15,0.093
23 Oct 2025 13:31:30,0.080
23 Oct 2025 13:32:30,0.152
23 Oct 2025 13:33:45,0.080
23 Oct 2025 13:37:00,0.046
23 Oct 2025 13:43:00,0.155
23 Oct 2025 13:47:00,0.153
23 Oct 2025 13:53:30,0.072
23 Oct 2025 13:54:30,0.094
23 Oct 2025 13:56:30,0.123
23 Oct 2025 13:58:00,0.076
23 Oct 2025 14:02:45,0.134
23 Oct 2025 14:03:30,0.063
23 Oct 2025 14:04:00,0.082
23 Oct 2025 14:04:15,0.049
23 Oct 2025 14:06:00,0.107
23 Oct 2025 14:08:15,0.087
23 Oct 2025 14:10:00,0.063
23 Oct 2025 14:10:45,0.147
23 Oct 2025 14:12:15,0.129
23 Oct 2025 14:15:30,0.122
23 Oct 2025 14:16:30,0.090
23 Oct 2025 14:19:30,0.079
23 Oct 2025 14:22:45,0.132
23 Oct 2025 14:23:00,0.088
23 Oct 2025 14:29:00,0.009
23 Oct 2025 14:31:30,0.162
23 Oct 2025 14:32:15,0.084
23 Oct 2025 14:34:15,0.090
23 Oct 2025 14:34:45,0.102
23 Oct 2025 14:35:00,0.141
23 Oct 2025 14:35:15,0.119
23 Oct 2025 14:37:30,0.071
23 Oct 2025 14:38:30,0.082
23 Oct 2025 14:41:45,0.094
23 Oct 2025 14:42:30,0.089
23 Oct 2025 14:43:15,0.149
23 Oct 2025 14:45:00,0.131
23 Oct 2025 14:50:30,0.032
23 Oct 2025 14:51:45,0.123
23 Oct 2025 14:56:45,0.100
23 Oct 2025 14:58:15,0.081
23 Oct 2025 14:59:15,0.090
23 Oct 2025 14:59:30,0.161
23 Oct 2025 15:00:45,0.039
23 Oct 2025 15:03:30,0.187
23 Oct 2025 15:05:45,0.104
23 Oct 2025 15:07:30,0.030
23 Oct 2025 15:07:45,0.049
23 Oct 2025 15:11:45,0.132
23 Oct 2025 15:17:45,0.096
23 Oct 2025 15:18:15,0.084
23 Oct 2025 15:18:45,0.099
23 Oct 2025 15:19:00,0.080
23 Oct 2025 15:19:30,0.095
23 Oct 2025 15:35:00,0.160
23 Oct 2025 15:42:00,0.179
23 Oct 2025 15:46:15,0.074
23 Oct 2025 15:47:45,0.153
23 Oct 2025 15:49:15,0.043
23 Oct 2025 15:49:30,0.131
23 Oct 2025 15:51:00,0.090
23 Oct 2025 15:55:15,0.134
23 Oct 2025 15:56:30,0.116
23 Oct 2025 15:57:30,0.101
23 Oct 2025 16:00:30,0.128
23 Oct 2025 16:02:15,0.104
23 Oct 2025 16:03:30,0.077
23 Oct 2025 16:04:45,0.123
23 Oct 2025 16:06:45,0.164
23 Oct 2025 16:08:15,0.061
23 Oct 2025 16:09:00,0.129
23 Oct 2025 16:12:00,0.146
23 Oct 2025 16:12:30,0.173
23 Oct 2025 16:14:00,0.128
23 Oct 2025 16:16:45,0.197
23 Oct 2025 16:21:00,0.198
23 Oct 2025 16:22:45,0.127
23 Oct 2025 16:23:30,0.165
23 Oct 2025 16:25:00,0.159
23 Oct 2025 16:25:15,0.103
23 Oct 2025 16:27:30,0.118
23 Oct 2025 16:31:30,0.150
23 Oct 2025 16:36:45,0.242
23 Oct 2025 16:38:45,0.247
23 Oct 2025 16:42:15,0.135
23 Oct 2025 16:44:00,0.176
23 Oct 2025 16:56:45,0.186
23 Oct 2025 16:58:45,0.139
23 Oct 2025 17:00:45,0.149
23 Oct 2025 17:05:45,0.191
23 Oct 2025 17:10:45,0.214
23 Oct 2025 17:11:15,0.255
23 Oct 2025 17:11:45,0.140
23 Oct 2025 17:15:15,0.179
23 Oct 2025 17:15:30,0.172
23 Oct 2025 17:16:30,0.213
23 Oct 2025 17:17:00,0.125
23 Oct 2025 17:18:00,0.200
23 Oct 2025 17:22:15,0.279
23 Oct 2025 17:22:30,0.162
23 Oct 2025 17:25:15,0.238
23 Oct 2025 17:27:45,0.159
23 Oct 2025 17:37:45,0.250
23 Oct 2025 17:42:45,0.233
23 Oct 2025 17:44:00,0.213
23 Oct 2025 17:44:15,0.204
23 Oct 2025 17:44:30,0.146
23 Oct 2025 17:45:00,0.209
23 Oct 2025 17:46:30,0.266
23 Oct 2025 17:47:00,0.249
23 Oct 2025 17:47:15,0.225
23 Oct 2025 17:48:45,0.189
23 Oct 2025 17:49:15,0.195
23 Oct 2025 17:49:30,0.182
23 Oct 2025 17:51:00,0.271
23 Oct 2025 17:52:30,0.233
23 Oct 2025 17:54:30,0.160
23 Oct 2025 17:58:15,0.253
23 Oct 2025 18:02:15,0.274
23 Oct 2025 18:03:45,0.220
23 Oct 2025 18:04:45,0.241
23 Oct 2025 18:08:00,0.274
23 Oct 2025 18:09:30,0.244
23 Oct 2025 18:10:15,0.184
23 Oct 2025 18:12:15,0.236
23 Oct 2025 18:13:00,0.267
23 Oct 2025 18:18:30,0.208
23 Oct 2025 18:19:15,0.199
23 Oct 2025 18:23:00,0.236
23 Oct 2025 18:23:15,0.275
23 Oct 2025 18:24:00,0.239
23 Oct 2025 18:26:15,0.209
23 Oct 2025 18:26:30,0.268
23 Oct 2025 18:30:30,0.293
23 Oct 2025 18:38:00,0.232
23 Oct 2025 18:39:30,0.333
23 Oct 2025 18:39:45,0.282
23 Oct 2025 18:45:45,0.306
23 Oct 2025 18:46:15,0.245
23 Oct 2025 18:48:00,0.337
23 Oct 2025 18:52:00,0.309
23 Oct 2025 18:52:15,0.299
23 Oct 2025 18:52:45,0.192
23 Oct 2025 18:53:15,0.274
23 Oct 2025 18:55:00,0.313
23 Oct 2025 18:55:30,0.306
23 Oct 2025 18:57:30,0.257
23 Oct 2025 18:57:45,0.298
23 Oct 2025 18:59:00,0.342
23 Oct 2025 19:00:45,0.345
23 Oct 2025 19:02:45,0.255
23 Oct 2025 19:03:30,0.282
23 Oct 2025 19:07:45,0.280
23 Oct 2025 19:12:00,0.220
23 Oct 2025 19:14:30,0.308
23 Oct 2025 19:16:45,0.314
23 Oct 2025 19:18:15,0.262
23 Oct 2025 19:18:45,0.335
23 Oct 2025 19:23:45,0.258
23 Oct 2025 19:24:30,0.245
23 Oct 2025 19:24:45,0.372
23 Oct 2025 19:27:45,0.326
23 Oct 2025 19:28:45,0.270
23 Oct 2025 19:29:45,0.253
23 Oct 2025 19:32:00,0.290
23 Oct 2025 19:35:45,0.394
23 Oct 2025 19:36:15,0.248
23 Oct 2025 19:36:30,0.300
23 Oct 2025 19:38:45,0.300
23 Oct 2025 19:39:00,0.326
23 Oct 2025 19:42:00,0.386
23 Oct 2025 19:47:15,0.316
23 Oct 2025 19:49:00,0.374
23 Oct 2025 19:49:15,0.299
23 Oct 2025 19:55:00,0.273
23 Oct 2025 20:03:00,0.343
23 Oct 2025 20:03:30,0.334
23 Oct 2025 20:09:15,0.216
23 Oct 2025 20:11:00,0.343
23 Oct 2025 20:11:45,0.351
23 Oct 2025 20:13:15,0.291
23 Oct 2025 20:14:30,0.363
23 Oct 2025 20:15:30,0.325
23 Oct 2025 20:15:45,0.226
23 Oct 2025 20:19:15,0.394
23 Oct 2025 20:20:15,0.248
23 Oct 2025 20:20:45,0.303
23 Oct 2025 20:21:30,0.314
23 Oct 2025 20:23:15,0.317
23 Oct 2025 20:27:00,0.286
23 Oct 2025 20:28:00,0.380
23 Oct 2025 20:30:45,0.288
23 Oct 2025 20:32:45,0.293
23 Oct 2025 20:35:00,0.289
23 Oct 2025 20:35:30,0.375
23 Oct 2025 20:35:45,0.305
23 Oct 2025 20:37:00,0.411
23 Oct 2025 20:37:15,0.292
23 Oct 2025 20:41:00,0.292
23 Oct 2025 20:41:45,0.314
23 Oct 2025 20:43:15,0.366
23 Oct 2025 20:45:15,0.307
23 Oct 2025 20:45:45,0.357
23 Oct 2025 20:47:45,0.355
23 Oct 2025 20:49:15,0.360
23 Oct 2025 20:50:00,0.234
23 Oct 2025 20:54:30,0.290
23 Oct 2025 20:54:45,0.358
23 Oct 2025 20:55:30,0.286
23 Oct 2025 20:56:45,0.305
23 Oct 2025 20:58:00,0.271
23 Oct 2025 21:01:15,0.327
23 Oct 2025 21:01:45,0.283
23 Oct 2025 21:03:45,0.264
23 Oct 2025 21:04:15,0.245
23 Oct 2025 21:05:30,0.371
23 Oct 2025 21:05:45,0.389
23 Oct 2025 21:07:15,0.330
23 Oct 2025 21:09:15,0.351
23 Oct 2025 21:13:00,0.369
23 Oct 2025 21:13:30,0.369
23 Oct 2025 21:14:00,0.289
23 Oct 2025 21:14:45,0.379
23 Oct 2025 21:16:30,0.305
23 Oct 2025 21:17:45,0.246
23 Oct 2025 21:19:00,0.232
23 Oct 2025 21:21:00,0.283
23 Oct 2025 21:22:00,0.331
23 Oct 2025 21:22:15,0.368
23 Oct 2025 21:26:15,0.383
23 Oct 2025 21:27:15,0.328
23 Oct 2025 21:28:45,0.323
23 Oct 2025 21:29:15,0.314
23 Oct 2025 21:30:15,0.296
23 Oct 2025 21:31:30,0.355
23 Oct 2025 21:32:45,0.356
23 Oct 2025 21:33:15,0.384
23 Oct 2025 21:33:30,0.352
23 Oct 2025 21:35:00,0.286
23 Oct 2025 21:35:45,0.267
23 Oct 2025 21:37:00,0.476
23 Oct 2025 21:39:00,0.396
23 Oct 2025 21:41:15,0.335
23 Oct 2025 21:42:00,0.294
23 Oct 2025 21:47:30,0.321
23 Oct 2025 21:50:15,0.150
23 Oct 2025 21:52:30,0.261
23 Oct 2025 21:53:00,0.219
23 Oct 2025 21:53:45,0.285
23 Oct 2025 21:55:00,0.338
23 Oct 2025 21:55:30,0.224
23 Oct 2025 21:56:00,0.293
23 Oct 2025 21:56:45,0.225
23 Oct 2025 21:58:00,0.363
23 Oct 2025 22:02:45,0.203
23 Oct 2025 22:03:00,0.357
23 Oct 2025 22:05:15,0.269
23 Oct 2025 22:06:45,0.308
23 Oct 2025 22:07:45,0.329
23 Oct 2025 22:08:15,0.270
23 Oct 2025 22:10:45,0.297
23 Oct 2025 22:11:15,0.233
23 Oct 2025 22:12:30,0.326
23 Oct 2025 22:13:00,0.328
23 Oct 2025 22:15:30,0.296
23 Oct 2025 22:18:00,0.076
23 Oct 2025 22:27:15,0.341
23 Oct 2025 22:30:00,0.223
23 Oct 2025 22:30:30,0.296
23 Oct 2025 22:33:45,0.165
23 Oct 2025 22:34:00,0.189
23 Oct 2025 22:34:15,0.160
23 Oct 2025 22:36:15,0.215
23 Oct 2025 22:36:30,0.183
23 Oct 2025 22:37:00,0.267
23 Oct 2025 22:40:00,0.216
23 Oct 2025 22:40:30,0.161
23 Oct 2025 22:40:45,0.073
23 Oct 2025 22:49:00,0.268
23 Oct 2025 22:50:00,0.198
23 Oct 2025 22:51:45,0.134
23 Oct 2025 22:52:30,0.256
23 Oct 2025 22:55:30,0.206
23 Oct 2025 22:55:45,0.266
23 Oct 2025 22:57:45,0.175
23 Oct 2025 23:00:45,0.162
23 Oct 2025 23:01:00,0.193
23 Oct 2025 23:01:30,0.264
23 Oct 2025 23:02:30,0.168
23 Oct 2025 23:03:15,0.202
23 Oct 2025 23:04:15,0.131
23 Oct 2025 23:06:30,0.243
23 Oct 2025 23:07:00,0.219
23 Oct 2025 23:09:30,0.168
23 Oct 2025 23:11:00,0.228
23 Oct 2025 23:14:45,0.130
23 Oct 2025 23:19:15,0.164
23 Oct 2025 23:20:30,0.154
23 Oct 2025 23:22:30,0.156
23 Oct 2025 23:23:30,0.210
23 Oct 2025 23:25:15,0.065
23 Oct 2025 23:27:45,0.112
23 Oct 2025 23:29:00,0.282
23 Oct 2025 23:29:15,0.255
23 Oct 2025 23:30:45,0.144
23 Oct 2025 23:36:30,0.124
23 Oct 2025 23:42:30,0.147
23 Oct 2025 23:44:00,0.146
23 Oct 2025 23:44:15,0.147
23 Oct 2025 23:47:00,0.025
23 Oct 2025 23:48:15,0.110
23 Oct 2025 23:50:00,0.266
23 Oct 2025 23:51:45,0.100
23 Oct 2025 23:54:45,0.203
23 Oct 2025 23:55:30,0.138
23 Oct 2025 23:56:15,0.221
23 Oct 2025 23:56:45,0.176
23 Oct 2025 23:57:15,0.171
23 Oct 2025 23:57:45,0.083
23 Oct 2025 23:58:30,0.192
24 Oct 2025 00:02:30,0.228
24 Oct 2025 00:03:30,0.172
24 Oct 2025 00:04:45,0.238
24 Oct 2025 00:08:00,0.087
24 Oct 2025 00:11:15,0.111
24 Oct 2025 00:11:30,0.170
24 Oct 2025 00:15:00,0.223
24 Oct 2025 00:17:15,0.126
24 Oct 2025 00:20:00,0.080
24 Oct 2025 00:25:15,0.115
24 Oct 2025 00:25:30,0.105
24 Oct 2025 00:29:45,0.067
24 Oct 2025 00:31:00,0.107
24 Oct 2025 00:33:45,0.143
24 Oct 2025 00:35:30,0.130
24 Oct 2025 00:35:45,0.143
24 Oct 2025 00:36:45,0.012
24 Oct 2025 00:38:45,0.126
24 Oct 2025 00:41:00,0.068
24 Oct 2025 00:45:30,0.033
24 Oct 2025 00:45:45,0.226
24 Oct 2025 00:46:00,0.055
24 Oct 2025 00:47:30,0.094
24 Oct 2025 00:50:00,0.127
24 Oct 2025 00:50:45,0.009
24 Oct 2025 00:52:45,0.079
24 Oct 2025 00:53:45,0.127
24 Oct 2025 00:54:30,0.161
24 Oct 2025 00:57:30,0.032
24 Oct 2025 00:58:45,0.126
24 Oct 2025 00:59:30,0.029
24 Oct 2025 01:00:30,0.065
24 Oct 2025 01:01:00,0.039
24 Oct 2025 01:01:15,0.141
24 Oct 2025 01:01:30,0.004
24 Oct 2025 01:01:45,0.100
24 Oct 2025 01:02:00,0.037
24 Oct 2025 01:05:00,0.131
24 Oct 2025 01:06:45,0.154
24 Oct 2025 01:07:15,0.136
24 Oct 2025 01:13:15,0.021
24 Oct 2025 01:13:30,0.142
24 Oct 2025 01:16:45,0.080
24 Oct 2025 01:19:15,0.074
24 Oct 2025 01:20:00,0.041
24 Oct 2025 01:22:00,0.209
24 Oct 2025 01:22:30,0.009
24 Oct 2025 01:22:45,0.064
24 Oct 2025 01:24:30,0.069
24 Oct 2025 01:27:00,0.194
24 Oct 2025 01:29:30,0.123
24 Oct 2025 01:32:00,0.015
24 Oct 2025 01:32:15,0.050
24 Oct 2025 01:36:00,0.148
24 Oct 2025 01:38:15,0.072
24 Oct 2025 01:38:45,0.092
24 Oct 2025 01:40:00,0.154
24 Oct 2025 01:42:00,0.119
24 Oct 2025 01:42:30,0.072
24 Oct 2025 01:42:45,0.118
24 Oct 2025 01:44:15,0.016
24 Oct 2025 01:50:00,0.068
24 Oct 2025 01:50:30,0.042
24 Oct 2025 01:52:00,-0.081
24 Oct 2025 01:55:15,0.067
24 Oct 2025 01:56:30,-0.007
24 Oct 2025 01:57:45,0.000
24 Oct 2025 01:59:45,0.172
24 Oct 2025 02:00:45,-0.081
24 Oct 2025 02:02:30,0.240
24 Oct 2025 02:06:15,-0.039
24 Oct 2025 02:06:30,0.114
24 Oct 2025 02:08:00,0.050
24 Oct 2025 02:09:00,0.058
24 Oct 2025 02:11:15,0.030
24 Oct 2025 02:14:15,0.110
24 Oct 2025 02:17:15,0.089
24 Oct 2025 02:24:45,0.157
24 Oct 2025 02:33:30,0.009
24 Oct 2025 02:33:45,0.157
24 Oct 2025 02:41:15,-0.016
24 Oct 2025 02:46:30,0.018
24 Oct 2025 02:47:15,0.006
24 Oct 2025 02:51:45,0.120
24 Oct 2025 02:54:00,0.073
24 Oct 2025 02:56:45,-0.116
24 Oct 2025 02:58:00,-0.008
24 Oct 2025 02:58:15,0.098
24 Oct 2025 02:59:30,-0.034
24 Oct 2025 03:00:30,0.087
24 Oct 2025 03:01:30,-0.031
24 Oct 2025 03:02:30,0.023
24 Oct 2025 03:03:00,0.001
24 Oct 2025 03:08:30,-0.015
24 Oct 2025 03:12:30,0.138
24 Oct 2025 03:14:00,0.053
24 Oct 2025 03:16:45,0.137
24 Oct 2025 03:18:00,0.091
24 Oct 2025 03:19:00,0.162
24 Oct 2025 03:20:15,0.093
24 Oct 2025 03:21:45,0.033
24 Oct 2025 03:24:30,0.097
24 Oct 2025 03:24:45,0.040
24 Oct 2025 03:26:15,0.122
24 Oct 2025 03:26:30,0.056
24 Oct 2025 03:27:00,0.142
24 Oct 2025 03:28:30,0.112
24 Oct 2025 03:31:15,0.075
24 Oct 2025 03:32:00,-0.028
24 Oct 2025 03:34:15,0.080
24 Oct 2025 03:35:45,0.060
24 Oct 2025 03:40:15,0.075
24 Oct 2025 03:41:15,0.021
24 Oct 2025 03:43:45,0.188
24 Oct 2025 03:44:15,0.064
24 Oct 2025 03:46:15,0.072
24 Oct 2025 03:46:30,0.099
24 Oct 2025 03:49:30,0.131
24 Oct 2025 03:51:00,0.063
24 Oct 2025 03:52:45,0.078
24 Oct 2025 03:56:15,0.134
24 Oct 2025 04:02:45,0.012
24 Oct 2025 04:03:00,0.084
24 Oct 2025 04:04:00,0.062
24 Oct 2025 04:08:30,0.043
24 Oct 2025 04:09:00,0.096
24 Oct 2025 04:09:45,0.110
24 Oct 2025 04:10:30,0.202
24 Oct 2025 04:12:45,0.158
24 Oct 2025 04:14:00,0.027
24 Oct 2025 04:14:45,0.203
24 Oct 2025 04:16:45,0.164
24 Oct 2025 04:17:00,0.139
24 Oct 2025 04:17:15,0.080
24 Oct 2025 04:20:30,0.131
24 Oct 2025 04:23:00,0.004
24 Oct 2025 04:24:15,0.113
24 Oct 2025 04:25:45,0.095
24 Oct 2025 04:26:00,0.076
24 Oct 2025 04:27:45,0.029
24 Oct 2025 04:33:00,0.157
24 Oct 2025 04:35:30,0.045
24 Oct 2025 04:36:30,0.097
24 Oct 2025 04:40:30,0.096
24 Oct 2025 04:45:30,-0.005
24 Oct 2025 04:47:00,0.099
24 Oct 2025 04:49:00,0.082
24 Oct 2025 04:50:00,0.097
24 Oct 2025 04:52:45,0.092
24 Oct 2025 04:53:00,0.164
24 Oct 2025 04:53:15,0.120
24 Oct 2025 05:01:00,0.176
24 Oct 2025 05:01:45,0.151
24 Oct 2025 05:03:15,0.114
24 Oct 2025 05:05:15,-0.021
24 Oct 2025 05:13:30,0.084
24 Oct 2025 05:15:15,0.063
24 Oct 2025 05:16:45,0.020
24 Oct 2025 05:19:45,0.123
24 Oct 2025 05:22:30,0.193
24 Oct 2025 05:25:15,0.228
24 Oct 2025 05:25:30,0.204
24 Oct 2025 05:25:45,0.062
24 Oct 2025 05:29:45,0.041
24 Oct 2025 05:30:00,0.067
24 Oct 2025 05:32:00,0.154
24 Oct 2025 05:33:15,0.138
24 Oct 2025 05:33:45,0.140
24 Oct 2025 05:34:30,0.078
24 Oct 2025 05:36:00,0.177
24 Oct 2025 05:37:15,0.195
24 Oct 2025 05:37:45,0.121
24 Oct 2025 05:38:15,0.192
24 Oct 2025 05:38:45,0.210
24 Oct 2025 05:39:15,0.144
24 Oct 2025 05:40:15,0.190
24 Oct 2025 05:42:45,0.168
24 Oct 2025 05:45:30,0.261
24 Oct 2025 05:46:00,0.070
24 Oct 2025 05:47:45,0.072
24 Oct 2025 05:54:15,0.100
24 Oct 2025 05:54:45,0.069
24 Oct 2025 05:58:45,0.173
24 Oct 2025 06:01:00,0.044
24 Oct 2025 06:02:30,0.207
24 Oct 2025 06:04:00,0.322
24 Oct 2025 06:06:30,0.178
24 Oct 2025 06:08:00,0.103
24 Oct 2025 06:10:45,0.265
24 Oct 2025 06:12:30,0.197
24 Oct 2025 06:14:45,0.273
24 Oct 2025 06:15:15,0.171
24 Oct 2025 06:19:00,0.192
24 Oct 2025 06:20:30,0.143
24 Oct 2025 06:21:00,0.171
24 Oct 2025 06:24:00,0.122
24 Oct 2025 06:26:30,0.235
24 Oct 2025 06:27:15,0.269
24 Oct 2025 06:28:30,0.127
24 Oct 2025 06:33:45,0.244
24 Oct 2025 06:37:45,0.239
24 Oct 2025 06:39:00,0.241
24 Oct 2025 06:39:15,0.285
24 Oct 2025 06:42:15,0.140
24 Oct 2025 06:44:30,0.143
24 Oct 2025 06:45:15,0.163
24 Oct 2025 06:50:30,0.087
24 Oct 2025 06:52:45,0.204
24 Oct 2025 06:53:30,0.164
24 Oct 2025 06:55:15,0.103
24 Oct 2025 06:55:45,0.247
24 Oct 2025 06:57:30,0.158
24 Oct 2025 07:00:15,0.231
24 Oct 2025 07:03:45,0.295
24 Oct 2025 07:06:15,0.316
24 Oct 2025 07:07:45,0.406
24 Oct 2025 07:09:15,0.175
24 Oct 2025 07:10:30,0.207
24 Oct 2025 07:11:00,0.137
24 Oct 2025 07:13:00,0.433
24 Oct 2025 07:13:45,0.339
24 Oct 2025 07:14:45,0.241
24 Oct 2025 07:18:00,0.326
24 Oct 2025 07:19:30,0.197
24 Oct 2025 07:21:00,0.259
24 Oct 2025 07:24:30,0.361
24 Oct 2025 07:29:00,0.237
24 Oct 2025 07:30:45,0.334
24 Oct 2025 07:34:15,0.193
24 Oct 2025 07:35:45,0.156
24 Oct 2025 07:41:15,0.334
24 Oct 2025 07:45:30,0.055
24 Oct 2025 07:48:30,0.211
24 Oct 2025 07:49:00,0.432
24 Oct 2025 07:49:45,0.403
24 Oct 2025 07:52:30,0.350
24 Oct 2025 07:57:45,0.465
24 Oct 2025 08:01:30,0.074
24 Oct 2025 08:02:30,0.085
24 Oct 2025 08:05:15,0.300
24 Oct 2025 08:11:45,0.086
24 Oct 2025 08:14:45,0.214
24 Oct 2025 08:15:45,0.308
24 Oct 2025 08:17:45,0.309
24 Oct 2025 08:19:30,0.232
24 Oct 2025 08:22:30,0.300
24 Oct 2025 08:23:30,0.203
24 Oct 2025 08:24:30,0.350
24 Oct 2025 08:26:30,0.185
24 Oct 2025 08:27:15,0.233
24 Oct 2025 08:28:15,0.208
24 Oct 2025 08:29:45,0.355
24 Oct 2025 08:32:30,0.195
24 Oct 2025 08:33:00,0.350
24 Oct 2025 08:36:00,0.248
24 Oct 2025 08:37:00,0.420
24 Oct 2025 08:39:45,0.310
24 Oct 2025 08:41:00,0.347
24 Oct 2025 08:42:00,0.149
24 Oct 2025 08:43:30,0.498
24 Oct 2025 08:45:15,0.416
24 Oct 2025 08:50:30,0.382
24 Oct 2025 08:51:00,0.189
24 Oct 2025 08:52:30,0.340
24 Oct 2025 08:53:00,0.380
24 Oct 2025 08:54:15,0.218
24 Oct 2025 08:54:45,0.472
24 Oct 2025 08:58:15,0.162
24 Oct 2025 08:58:45,0.320
24 Oct 2025 08:59:15,0.362
24 Oct 2025 09:00:00,0.178
24 Oct 2025 09:03:45,0.072
24 Oct 2025 09:12:00,0.416
24 Oct 2025 09:18:45,0.078
24 Oct 2025 09:21:30,0.367
24 Oct 2025 09:22:30,0.287
24 Oct 2025 09:24:45,0.471
24 Oct 2025 09:29:30,0.488
24 Oct 2025 09:31:15,0.368
24 Oct 2025 09:33:45,0.402
24 Oct 2025 09:39:45,0.440
24 Oct 2025 09:40:30,0.259
24 Oct 2025 09:41:30,0.268
24 Oct 2025 09:42:15,0.262
24 Oct 2025 09:43:00,0.387
24 Oct 2025 09:48:00,0.385
24 Oct 2025 09:51:45,0.379
24 Oct 2025 09:52:15,0.501
24 Oct 2025 09:54:00,0.509
24 Oct 2025 09:56:30,0.345
24 Oct 2025 10:03:30,0.344
24 Oct 2025 10:05:15,0.122
24 Oct 2025 10:08:00,0.253
24 Oct 2025 10:10:30,0.550
24 Oct 2025 10:13:00,0.281
24 Oct 2025 10:13:45,0.363
24 Oct 2025 10:14:00,0.330
24 Oct 2025 10:15:00,0.241
24 Oct 2025 10:16:45,0.391
24 Oct 2025 10:17:00,0.151
24 Oct 2025 10:18:00,0.165
24 Oct 2025 10:18:15,0.565
24 Oct 2025 10:19:30,0.109
24 Oct 2025 10:25:00,0.243
24 Oct 2025 10:25:15,0.420
24 Oct 2025 10:28:00,0.234
24 Oct 2025 10:28:30,-0.007
24 Oct 2025 10:29:00,0.172
24 Oct 2025 10:33:00,0.211
24 Oct 2025 10:35:45,0.322
24 Oct 2025 10:37:00,0.154
24 Oct 2025 10:39:30,0.391
24 Oct 2025 10:41:00,0.614
24 Oct 2025 10:44:15,0.140
24 Oct 2025 10:45:15,0.450
24 Oct 2025 10:46:00,-0.049
24 Oct 2025 10:51:15,0.542
24 Oct 2025 10:53:15,0.109
24 Oct 2025 10:55:00,0.015
24 Oct 2025 10:55:15,0.591
24 Oct 2025 10:56:15,0.466
24 Oct 2025 10:59:45,0.101
24 Oct 2025 11:05:00,0.351
24 Oct 2025 11:05:15,0.346
24 Oct 2025 11:07:00,0.078
24 Oct 2025 11:09:45,0.010
24 Oct 2025 11:12:30,0.341
24 Oct 2025 11:13:00,0.463
24 Oct 2025 11:14:45,0.211
24 Oct 2025 11:16:45,0.095
24 Oct 2025 11:17:30,0.255
24 Oct 2025 11:19:45,0.235
24 Oct 2025 11:20:30,0.208
24 Oct 2025 11:21:15,0.341
24 Oct 2025 11:21:30,0.218
24 Oct 2025 11:23:30,0.311
24 Oct 2025 11:28:15,0.153
24 Oct 2025 11:30:45,-0.001
24 Oct 2025 11:39:15,0.195
24 Oct 2025 11:47:00,0.420
24 Oct 2025 11:48:45,0.409
24 Oct 2025 11:51:00,-0.031
24 Oct 2025 11:54:30,0.270
24 Oct 2025 11:56:45,0.345
24 Oct 2025 11:57:15,0.399
24 Oct 2025 11:57:45,0.139
24 Oct 2025 12:00:15,0.060
24 Oct 2025 12:00:45,0.295
24 Oct 2025 12:02:15,0.129
24 Oct 2025 12:03:45,0.209
24 Oct 2025 12:05:15,0.120
24 Oct 2025 12:13:15,0.579
24 Oct 2025 12:14:45,0.091
24 Oct 2025 12:16:00,-0.096
24 Oct 2025 12:16:30,0.270
24 Oct 2025 12:23:45,-0.025
24 Oct 2025 12:24:15,0.254
24 Oct 2025 12:25:45,0.113
24 Oct 2025 12:26:00,0.304
24 Oct 2025 12:29:00,0.047
24 Oct 2025 12:29:30,0.296
24 Oct 2025 12:30:45,0.274
24 Oct 2025 12:33:45,-0.045
24 Oct 2025 12:34:30,0.061
24 Oct 2025 12:34:45,0.503
24 Oct 2025 12:38:30,0.119
24 Oct 2025 12:39:45,0.172
24 Oct 2025 12:40:00,0.264
24 Oct 2025 12:43:45,0.043
24 Oct 2025 12:44:30,-0.150
24 Oct 2025 12:45:30,0.199
24 Oct 2025 12:45:45,0.330
24 Oct 2025 12:47:45,0.051
24 Oct 2025 12:48:45,0.300
24 Oct 2025 12:51:00,0.372
24 Oct 2025 12:52:45,0.321
24 Oct 2025 12:54:00,0.087
24 Oct 2025 12:58:45,-0.016
24 Oct 2025 12:59:45,0.324
24 Oct 2025 13:01:30,0.256
24 Oct 2025 13:04:30,0.056
24 Oct 2025 13:06:00,-0.065
24 Oct 2025 13:06:15,0.498
24 Oct 2025 13:07:00,0.065
24 Oct 2025 13:08:00,0.003
24 Oct 2025 13:08:30,0.362
24 Oct 2025 13:11:15,-0.230
24 Oct 2025 13:14:00,0.296
24 Oct 2025 13:16:30,0.279
24 Oct 2025 13:17:30,-0.104
24 Oct 2025 13:19:00,-0.019
24 Oct 2025 13:20:15,0.108
24 Oct 2025 13:21:45,-0.001
24 Oct 2025 13:34:30,0.144
24 Oct 2025 13:35:15,0.195
24 Oct 2025 13:37:45,0.074
24 Oct 2025 13:38:45,-0.194
24 Oct 2025 13:40:30,0.075
24 Oct 2025 13:42:45,0.370
24 Oct 2025 13:47:00,0.145
24 Oct 2025 13:48:15,0.265
24 Oct 2025 13:52:45,0.136
24 Oct 2025 13:53:30,0.015
24 Oct 2025 13:55:30,0.500
24 Oct 2025 13:55:45,0.107
24 Oct 2025 13:58:45,-0.129
24 Oct 2025 14:00:00,0.003
24 Oct 2025 14:03:45,-0.109
24 Oct 2025 14:05:45,-0.052
24 Oct 2025 14:09:00,0.106
24 Oct 2025 14:09:30,0.272
24 Oct 2025 14:11:00,0.361
24 Oct 2025 14:12:15,0.260
24 Oct 2025 14:14:15,0.079
24 Oct 2025 14:14:30,0.331
24 Oct 2025 14:17:45,0.263
24 Oct 2025 14:20:15,0.010
24 Oct 2025 14:20:45,-0.158
24 Oct 2025 14:21:30,0.002
24 Oct 2025 14:23:00,-0.104
24 Oct 2025 14:26:15,-0.153
24 Oct 2025 14:27:45,-0.058
24 Oct 2025 14:28:45,0.056
24 Oct 2025 14:33:45,-0.032
24 Oct 2025 14:35:15,-0.128
24 Oct 2025 14:37:00,0.023
24 Oct 2025 14:37:15,0.116
24 Oct 2025 14:41:00,0.106
24 Oct 2025 14:42:45,0.188
24 Oct 2025 14:44:30,0.104
24 Oct 2025 14:46:15,-0.044
24 Oct 2025 14:47:45,0.137
24 Oct 2025 14:49:00,0.012
24 Oct 2025 14:49:45,0.086
24 Oct 2025 14:54:30,-0.027
24 Oct 2025 14:55:15,0.051
24 Oct 2025 14:57:15,-0.246
24 Oct 2025 14:57:45,0.291
24 Oct 2025 14:59:00,-0.289
24 Oct 2025 15:00:15,0.054
24 Oct 2025 15:03:30,0.128
24 Oct 2025 15:03:45,0.214
24 Oct 2025 15:08:15,0.013
24 Oct 2025 15:09:00,0.179
24 Oct 2025 15:09:15,0.084
24 Oct 2025 15:10:30,-0.226
24 Oct 2025 15:11:00,0.061
24 Oct 2025 15:11:45,0.079
24 Oct 2025 15:13:30,0.084
24 Oct 2025 15:14:45,0.178
24 Oct 2025 15:15:00,0.175
24 Oct 2025 15:18:30,-0.170
24 Oct 2025 15:22:45,-0.174
24 Oct 2025 15:23:00,0.140
24 Oct 2025 15:26:00,0.222
24 Oct 2025 15:28:00,-0.149
24 Oct 2025 15:29:00,0.233
24 Oct 2025 15:34:15,0.091
24 Oct 2025 15:36:15,-0.017
24 Oct 2025 15:37:15,0.098
24 Oct 2025 15:38:15,0.093
24 Oct 2025 15:38:30,0.020
24 Oct 2025 15:39:15,0.099
24 Oct 2025 15:41:30,0.093
24 Oct 2025 15:43:45,0.205
24 Oct 2025 15:46:45,-0.123
24 Oct 2025 15:47:15,0.196
24 Oct 2025 15:48:15,0.039
24 Oct 2025 15:49:45,0.139
24 Oct 2025 15:52:30,-0.090
24 Oct 2025 15:53:00,0.301
24 Oct 2025 15:57:00,-0.003
24 Oct 2025 15:59:15,-0.037
24 Oct 2025 16:01:15,-0.157
24 Oct 2025 16:11:00,0.299
24 Oct 2025 16:11:30,0.087
24 Oct 2025 16:12:45,-0.250
24 Oct 2025 16:15:30,0.062
24 Oct 2025 16:19:15,0.093
24 Oct 2025 16:19:30,0.214
24 Oct 2025 16:20:15,0.107
24 Oct 2025 16:22:15,0.218
24 Oct 2025 16:22:30,0.065
24 Oct 2025 16:25:30,0.068
24 Oct 2025 16:25:45,-0.005
24 Oct 2025 16:28:45,0.069
24 Oct 2025 16:29:00,-0.150
24 Oct 2025 16:30:30,0.358
24 Oct 2025 16:33:00,-0.186
24 Oct 2025 16:34:00,-0.068
24 Oct 2025 16:34:15,0.203
24 Oct 2025 16:40:30,0.047
24 Oct 2025 16:42:15,0.183
24 Oct 2025 16:43:45,0.323
24 Oct 2025 16:44:15,0.336
24 Oct 2025 16:44:45,0.205
24 Oct 2025 16:45:30,-0.169
24 Oct 2025 16:49:45,0.006
24 Oct 2025 16:53:00,0.082
24 Oct 2025 16:56:30,0.304
24 Oct 2025 16:58:30,-0.004
24 Oct 2025 16:58:45,0.115
24 Oct 2025 17:00:45,0.224
24 Oct 2025 17:02:00,0.221
24 Oct 2025 17:06:45,0.133
24 Oct 2025 17:07:00,0.094
24 Oct 2025 17:09:45,0.445
24 Oct 2025 17:10:30,-0.085
24 Oct 2025 17:10:45,0.195
24 Oct 2025 17:13:45,0.175
24 Oct 2025 17:14:15,0.135
24 Oct 2025 17:15:45,0.028
24 Oct 2025 17:17:30,-0.013
24 Oct 2025 17:18:00,0.074
24 Oct 2025 17:19:00,-0.007
24 Oct 2025 17:20:00,-0.037
24 Oct 2025 17:21:30,0.067
24 Oct 2025 17:21:45,-0.047
24 Oct 2025 17:25:15,0.116
24 Oct 2025 17:25:30,0.017
24 Oct 2025 17:27:30,-0.074
24 Oct 2025 17:30:45,0.155
24 Oct 2025 17:35:00,-0.031
24 Oct 2025 17:39:15,0.086
24 Oct 2025 17:43:15,-0.206
24 Oct 2025 17:44:30,0.331
24 Oct 2025 17:45:15,0.100
24 Oct 2025 17:46:00,0.204
24 Oct 2025 17:46:45,-0.059
24 Oct 2025 17:50:00,0.225
24 Oct 2025 17:52:15,0.143
24 Oct 2025 17:52:45,-0.087
24 Oct 2025 17:55:00,0.350
24 Oct 2025 17:56:30,0.301
24 Oct 2025 17:57:00,0.487
24 Oct 2025 17:59:30,0.171
24 Oct 2025 18:04:30,0.275
24 Oct 2025 18:06:45,0.195
24 Oct 2025 18:08:00,0.150
24 Oct 2025 18:09:15,-0.029
24 Oct 2025 18:10:15,0.141
24 Oct 2025 18:13:15,0.186
24 Oct 2025 18:16:15,0.416
24 Oct 2025 18:18:30,-0.178
24 Oct 2025 18:18:45,-0.005
24 Oct 2025 18:19:15,0.260
24 Oct 2025 18:22:00,0.203
24 Oct 2025 18:24:00,-0.015
24 Oct 2025 18:27:45,0.016
24 Oct 2025 18:30:45,0.263
24 Oct 2025 18:31:30,0.197
24 Oct 2025 18:39:30,0.158
24 Oct 2025 18:40:15,0.154
24 Oct 2025 18:41:00,0.294
24 Oct 2025 18:41:15,-0.181
24 Oct 2025 18:43:30,0.176
24 Oct 2025 18:46:00,0.176
24 Oct 2025 18:46:15,0.040
24 Oct 2025 18:46:30,-0.002
24 Oct 2025 18:51:15,0.007
24 Oct 2025 18:53:00,0.017
24 Oct 2025 18:54:00,0.417
24 Oct 2025 18:55:15,0.208
24 Oct 2025 18:55:30,0.172
24 Oct 2025 18:58:15,0.297
24 Oct 2025 19:01:00,0.124
24 Oct 2025 19:01:45,0.530
24 Oct 2025 19:03:15,0.492
24 Oct 2025 19:03:45,0.348
24 Oct 2025 19:06:45,0.396
24 Oct 2025 19:17:45,0.317
24 Oct 2025 19:19:00,0.504
24 Oct 2025 19:20:15,0.512
24 Oct 2025 19:22:00,0.164
24 Oct 2025 19:25:00,0.375
24 Oct 2025 19:29:15,0.179
24 Oct 2025 19:33:30,0.343
24 Oct 2025 19:34:45,-0.021
24 Oct 2025 19:38:45,0.236
24 Oct 2025 19:39:15,-0.196
24 Oct 2025 19:40:15,-0.066
24 Oct 2025 19:43:00,0.269
24 Oct 2025 19:43:30,0.117
24 Oct 2025 19:44:30,0.249
24 Oct 2025 19:45:15,0.622
24 Oct 2025 19:47:15,0.242
24 Oct 2025 19:47:30,0.051
24 Oct 2025 19:47:45,0.076
24 Oct 2025 19:48:30,0.006
24 Oct 2025 19:49:45,0.238
24 Oct 2025 19:50:00,0.353
24 Oct 2025 19:51:15,0.262
24 Oct 2025 19:51:30,0.179
24 Oct 2025 19:55:00,0.180
24 Oct 2025 19:56:00,0.115
24 Oct 2025 20:02:45,0.093
24 Oct 2025 20:05:00,0.178
24 Oct 2025 20:10:30,0.173
24 Oct 2025 20:12:15,0.257
24 Oct 2025 20:13:15,0.324
24 Oct 2025 20:14:30,0.328
24 Oct 2025 20:15:00,0.095
24 Oct 2025 20:16:45,0.472
24 Oct 2025 20:19:30,0.192
24 Oct 2025 20:21:15,0.389
24 Oct 2025 20:28:00,0.058
24 Oct 2025 20:35:45,0.057
24 Oct 2025 20:42:00,0.288
24 Oct 2025 20:42:45,0.076
24 Oct 2025 20:44:15,0.386
24 Oct 2025 20:45:00,0.048
24 Oct 2025 20:45:45,0.286
24 Oct 2025 20:51:00,0.257
24 Oct 2025 20:59:00,0.582
24 Oct 2025 20:59:45,0.275
24 Oct 2025 21:00:30,0.156
24 Oct 2025 21:01:15,0.322
24 Oct 2025 21:04:15,0.130
24 Oct 2025 21:07:30,0.211
24 Oct 2025 21:09:15,0.245
24 Oct 2025 21:14:00,0.524
24 Oct 2025 21:14:15,0.279
24 Oct 2025 21:15:00,0.279
24 Oct 2025 21:20:00,0.247
24 Oct 2025 21:20:15,-0.021
24 Oct 2025 21:21:30,0.233
24 Oct 2025 21:23:00,0.381
24 Oct 2025 21:26:30,0.090
24 Oct 2025 21:27:30,0.137
24 Oct 2025 21:27:45,0.402
24 Oct 2025 21:28:00,0.476
24 Oct 2025 21:28:30,0.281
24 Oct 2025 21:29:00,0.217
24 Oct 2025 21:32:45,0.321
24 Oct 2025 21:35:00,0.118
24 Oct 2025 21:35:30,0.533
24 Oct 2025 21:39:15,0.332
24 Oct 2025 21:43:45,0.486
24 Oct 2025 21:45:00,0.469
24 Oct 2025 21:47:15,0.100
24 Oct 2025 21:48:45,0.058
24 Oct 2025 21:49:15,0.304
24 Oct 2025 21:50:00,0.060
24 Oct 2025 21:54:45,0.479
24 Oct 2025 21:55:45,0.403
24 Oct 2025 22:02:15,0.325
24 Oct 2025 22:05:45,0.305
24 Oct 2025 22:08:30,0.080
24 Oct 2025 22:09:00,0.628
24 Oct 2025 22:10:30,0.319
24 Oct 2025 22:13:15,0.069
24 Oct 2025 22:15:15,0.262
24 Oct 2025 22:15:30,0.106
24 Oct 2025 22:20:30,0.265
24 Oct 2025 22:23:00,0.189
24 Oct 2025 22:24:45,0.069
24 Oct 2025 22:25:15,0.055
24 Oct 2025 22:26:45,-0.051
24 Oct 2025 22:27:15,0.412
24 Oct 2025 22:29:00,0.182
24 Oct 2025 22:30:00,0.268
24 Oct 2025 22:30:15,0.353
24 Oct 2025 22:30:30,0.173
24 Oct 2025 22:33:00,0.249
24 Oct 2025 22:34:45,0.063
24 Oct 2025 22:40:30,0.185
24 Oct 2025 22:41:30,0.393
24 Oct 2025 22:43:15,0.430
24 Oct 2025 22:45:45,0.099
24 Oct 2025 22:49:15,0.167
24 Oct 2025 22:50:00,-0.134
24 Oct 2025 22:56:45,0.256
24 Oct 2025 22:57:00,0.179
24 Oct 2025 23:00:15,0.225
24 Oct 2025 23:04:00,0.174
24 Oct 2025 23:06:30,0.199
24 Oct 2025 23:06:45,0.306
24 Oct 2025 23:08:15,0.088
24 Oct 2025 23:09:00,0.283
24 Oct 2025 23:10:30,0.152
24 Oct 2025 23:13:30,-0.042
24 Oct 2025 23:16:15,0.190
24 Oct 2025 23:17:00,0.292
24 Oct 2025 23:19:15,0.240
24 Oct 2025 23:21:00,0.299
24 Oct 2025 23:22:15,0.093
24 Oct 2025 23:24:00,0.199
24 Oct 2025 23:26:30,0.155
24 Oct 2025 23:27:15,0.271
24 Oct 2025 23:28:30,-0.073
24 Oct 2025 23:28:45,0.468
24 Oct 2025 23:30:30,0.598
24 Oct 2025 23:39:45,0.153
24 Oct 2025 23:41:15,0.259
24 Oct 2025 23:41:30,0.009
24 Oct 2025 23:41:45,0.254
24 Oct 2025 23:43:00,0.117
24 Oct 2025 23:45:00,0.228
24 Oct 2025 23:48:00,0.084
24 Oct 2025 23:48:30,0.270
24 Oct 2025 23:50:30,0.251
24 Oct 2025 23:51:00,0.270
24 Oct 2025 23:52:00,0.228
24 Oct 2025 23:52:45,0.189
24 Oct 2025 23:54:30,0.274
24 Oct 2025 23:56:00,0.168
25 Oct 2025 00:00:45,0.051
25 Oct 2025 00:06:45,0.027
25 Oct 2025 00:08:30,0.375
25 Oct 2025 00:10:00,-0.111
25 Oct 2025 00:12:15,0.166
25 Oct 2025 00:14:30,0.293
25 Oct 2025 00:16:30,0.179
25 Oct 2025 00:17:30,-0.013
25 Oct 2025 00:22:15,0.126
25 Oct 2025 00:25:45,-0.005
25 Oct 2025 00:26:00,0.350
25 Oct 2025 00:33:00,0.458
25 Oct 2025 00:34:45,0.132
25 Oct 2025 00:35:45,0.099
25 Oct 2025 00:37:15,0.312
25 Oct 2025 00:44:45,0.405
25 Oct 2025 00:45:00,0.336
25 Oct 2025 00:46:00,0.160
25 Oct 2025 00:47:00,0.107
25 Oct 2025 00:48:30,-0.027
25 Oct 2025 00:50:30,0.194
25 Oct 2025 00:54:00,0.244
25 Oct 2025 00:54:15,0.244
25 Oct 2025 00:55:30,0.050
25 Oct 2025 01:01:30,-0.212
25 Oct 2025 01:05:15,0.190
25 Oct 2025 01:06:00,-0.169
25 Oct 2025 01:07:00,0.015
25 Oct 2025 01:07:30,0.150
25 Oct 2025 01:13:00,-0.001
25 Oct 2025 01:13:15,0.174
25 Oct 2025 01:14:45,0.036
25 Oct 2025 01:20:30,0.066
25 Oct 2025 01:21:45,0.296
25 Oct 2025 01:24:30,0.137
25 Oct 2025 01:26:15,0.316
25 Oct 2025 01:29:15,0.058
25 Oct 2025 01:29:45,0.076
25 Oct 2025 01:39:30,-0.054
25 Oct 2025 01:40:45,0.178
25 Oct 2025 01:41:00,0.149
25 Oct 2025 01:46:15,-0.035
25 Oct 2025 01:48:00,0.043
25 Oct 2025 01:48:45,-0.044
25 Oct 2025 01:49:30,-0.071
25 Oct 2025 01:50:15,0.113
25 Oct 2025 01:54:45,0.258
25 Oct 2025 01:58:30,0.166
25 Oct 2025 01:59:00,-0.027
25 Oct 2025 02:02:45,-0.050
25 Oct 2025 02:06:15,0.037
25 Oct 2025 02:09:45,0.176
25 Oct 2025 02:10:30,0.173
25 Oct 2025 02:14:45,-0.041
25 Oct 2025 02:16:15,-0.135
25 Oct 2025 02:17:45,-0.031
25 Oct 2025 02:19:45,-0.214
25 Oct 2025 02:20:45,0.377
25 Oct 2025 02:21:30,0.046
25 Oct 2025 02:22:00,-0.069
25 Oct 2025 02:22:30,0.367
25 Oct 2025 02:24:30,0.186
25 Oct 2025 02:25:15,0.309
25 Oct 2025 02:27:15,0.197
25 Oct 2025 02:30:15,0.064
25 Oct 2025 02:30:30,-0.032
25 Oct 2025 02:34:00,-0.218
25 Oct 2025 02:36:00,0.063
25 Oct 2025 02:40:00,-0.174
25 Oct 2025 02:43:00,-0.201
25 Oct 2025 02:44:30,0.140
25 Oct 2025 02:50:30,-0.035
25 Oct 2025 02:52:00,0.037
25 Oct 2025 02:54:15,0.022
25 Oct 2025 02:55:00,-0.057
25 Oct 2025 02:56:15,0.008
25 Oct 2025 03:01:45,0.029
25 Oct 2025 03:04:30,0.532
25 Oct 2025 03:04:45,-0.053
25 Oct 2025 03:05:45,-0.033
25 Oct 2025 03:06:00,0.053
25 Oct 2025 03:07:45,0.045
25 Oct 2025 03:09:15,0.079
25 Oct 2025 03:10:30,-0.088
25 Oct 2025 03:12:15,-0.061
25 Oct 2025 03:15:00,0.331
25 Oct 2025 03:15:45,-0.077
25 Oct 2025 03:17:30,0.178
25 Oct 2025 03:21:45,0.035
25 Oct 2025 03:22:00,-0.136
25 Oct 2025 03:24:30,0.159
25 Oct 2025 03:27:15,-0.054
25 Oct 2025 03:28:45,-0.061
25 Oct 2025 03:29:00,0.161
25 Oct 2025 03:29:15,-0.111
25 Oct 2025 03:30:15,0.084
25 Oct 2025 03:30:30,0.287
25 Oct 2025 03:31:15,0.019
25 Oct 2025 03:38:15,-0.205
25 Oct 2025 03:39:45,0.005
25 Oct 2025 03:41:45,0.177
25 Oct 2025 03:43:00,0.217
25 Oct 2025 03:44:00,0.193
25 Oct 2025 03:45:30,0.021
25 Oct 2025 03:47:45,0.167
25 Oct 2025 03:48:45,0.048
25 Oct 2025 03:50:30,-0.097
25 Oct 2025 03:54:00,0.132
25 Oct 2025 03:54:15,0.079
25 Oct 2025 03:57:00,-0.075
25 Oct 2025 04:02:30,-0.062
25 Oct 2025 04:11:15,-0.046
25 Oct 2025 04:11:45,0.056
25 Oct 2025 04:12:45,0.036
25 Oct 2025 04:13:30,0.182
25 Oct 2025 04:15:30,0.116
25 Oct 2025 04:19:30,-0.032
25 Oct 2025 04:22:45,0.106
25 Oct 2025 04:24:30,-0.018
25 Oct 2025 04:28:30,-0.063
25 Oct 2025 04:30:30,0.128
25 Oct 2025 04:30:45,0.035
25 Oct 2025 04:34:30,0.380
25 Oct 2025 04:37:30,0.076
25 Oct 2025 04:43:45,-0.045
25 Oct 2025 04:44:30,0.144
25 Oct 2025 04:45:15,0.034
25 Oct 2025 04:45:30,0.166
25 Oct 2025 04:47:15,-0.009
25 Oct 2025 04:49:15,-0.220
25 Oct 2025 04:49:30,0.057
25 Oct 2025 04:50:45,-0.068
25 Oct 2025 04:57:00,0.149
25 Oct 2025 04:58:15,-0.127
25 Oct 2025 05:00:30,0.169
25 Oct 2025 05:01:15,0.133
25 Oct 2025 05:01:30,0.050
25 Oct 2025 05:05:00,0.094
25 Oct 2025 05:08:15,0.005
25 Oct 2025 05:15:00,0.140
25 Oct 2025 05:15:30,-0.015
25 Oct 2025 05:16:45,0.056
25 Oct 2025 05:17:45,0.126
25 Oct 2025 05:21:30,0.177
25 Oct 2025 05:31:15,0.196
25 Oct 2025 05:35:15,-0.019
25 Oct 2025 05:36:15,0.102
25 Oct 2025 05:37:30,0.086
25 Oct 2025 05:40:00,0.268
25 Oct 2025 05:40:45,-0.046
25 Oct 2025 05:43:30,-0.027
25 Oct 2025 05:43:45,0.068
25 Oct 2025 05:44:00,0.138
25 Oct 2025 05:45:15,0.251
25 Oct 2025 05:46:30,-0.001
25 Oct 2025 05:48:00,0.143
25 Oct 2025 05:49:00,0.271
25 Oct 2025 05:50:00,0.042
25 Oct 2025 05:54:30,-0.096
25 Oct 2025 05:58:30,0.228
25 Oct 2025 06:00:00,0.054
25 Oct 2025 06:05:15,0.001
25 Oct 2025 06:06:45,0.250
25 Oct 2025 06:07:15,0.065
25 Oct 2025 06:11:15,0.136
25 Oct 2025 06:11:45,-0.037
25 Oct 2025 06:13:45,0.057
25 Oct 2025 06:17:00,0.220
25 Oct 2025 06:19:15,0.229
25 Oct 2025 06:23:45,0.170
25 Oct 2025 06:25:00,0.031
25 Oct 2025 06:29:30,0.053
25 Oct 2025 06:32:30,0.075
25 Oct 2025 06:34:00,0.372
25 Oct 2025 06:35:45,0.098
25 Oct 2025 06:39:15,0.127
25 Oct 2025 06:43:15,0.017
25 Oct 2025 06:44:15,0.166
25 Oct 2025 06:45:30,0.247
25 Oct 2025 06:46:30,0.133
25 Oct 2025 06:49:15,0.345
25 Oct 2025 06:52:45,0.189
25 Oct 2025 06:56:00,0.141
25 Oct 2025 06:58:00,0.147
25 Oct 2025 06:58:15,0.322
25 Oct 2025 07:00:00,0.182
25 Oct 2025 07:01:30,0.295
25 Oct 2025 07:04:45,0.386
25 Oct 2025 07:05:45,0.400
25 Oct 2025 07:09:30,0.225
25 Oct 2025 07:10:45,0.061
25 Oct 2025 07:11:00,0.067
25 Oct 2025 07:11:30,0.273
25 Oct 2025 07:12:15,0.136
25 Oct 2025 07:12:45,0.153
25 Oct 2025 07:13:15,0.281
25 Oct 2025 07:15:00,0.291
25 Oct 2025 07:21:00,0.234
25 Oct 2025 07:23:45,0.085
25 Oct 2025 07:24:15,0.389
25 Oct 2025 07:25:45,0.221
25 Oct 2025 07:32:00,0.208
25 Oct 2025 07:34:00,0.265
25 Oct 2025 07:35:15,0.067
25 Oct 2025 07:35:30,0.113
25 Oct 2025 07:38:00,0.268
25 Oct 2025 07:38:30,0.352
25 Oct 2025 07:38:45,0.046
25 Oct 2025 07:44:30,0.213
25 Oct 2025 07:45:30,0.290
25 Oct 2025 07:48:00,0.319
25 Oct 2025 07:58:45,0.244
25 Oct 2025 08:00:15,0.130
25 Oct 2025 08:01:45,0.422
25 Oct 2025 08:04:30,0.398
25 Oct 2025 08:07:15,0.303
25 Oct 2025 08:08:00,0.212
25 Oct 2025 08:08:45,0.227
25 Oct 2025 08:11:45,0.117
25 Oct 2025 08:12:30,0.391
25 Oct 2025 08:12:45,0.210
25 Oct 2025 08:13:45,0.063
25 Oct 2025 08:14:15,0.346
25 Oct 2025 08:17:15,0.329
25 Oct 2025 08:17:30,0.272
25 Oct 2025 08:22:00,0.256
25 Oct 2025 08:23:45,0.154
25 Oct 2025 08:29:15,0.280
25 Oct 2025 08:29:45,0.224
25 Oct 2025 08:31:00,0.377
25 Oct 2025 08:32:30,0.178
25 Oct 2025 08:35:45,0.161
25 Oct 2025 08:38:00,0.129
25 Oct 2025 08:40:00,0.234
25 Oct 2025 08:49:00,0.379
25 Oct 2025 08:50:00,0.310
25 Oct 2025 08:51:15,0.281
25 Oct 2025 08:51:30,0.358
25 Oct 2025 08:54:00,0.205
25 Oct 2025 08:56:15,0.455
25 Oct 2025 08:57:15,0.295
25 Oct 2025 08:57:30,0.113
25 Oct 2025 08:58:45,0.200
25 Oct 2025 09:01:15,0.193
25 Oct 2025 09:06:30,0.307
25 Oct 2025 09:13:30,0.225
25 Oct 2025 09:15:45,0.239
25 Oct 2025 09:17:45,0.333
25 Oct 2025 09:22:15,0.317
25 Oct 2025 09:23:00,0.474
25 Oct 2025 09:23:15,0.253
25 Oct 2025 09:30:15,0.246
25 Oct 2025 09:31:00,0.404
25 Oct 2025 09:34:00,0.204
25 Oct 2025 09:35:00,0.307
25 Oct 2025 09:40:30,0.414
25 Oct 2025 09:41:30,0.187
25 Oct 2025 09:43:30,0.294
25 Oct 2025 09:44:15,0.253
25 Oct 2025 09:44:30,0.295
25 Oct 2025 09:48:45,0.277
25 Oct 2025 09:49:00,0.358
25 Oct 2025 09:50:45,0.290
25 Oct 2025 09:53:15,0.397
25 Oct 2025 10:03:00,0.266
25 Oct 2025 10:06:00,0.360
25 Oct 2025 10:07:00,0.354
25 Oct 2025 10:09:15,0.312
25 Oct 2025 10:10:00,0.167
25 Oct 2025 10:12:45,0.441
25 Oct 2025 10:13:15,0.219
25 Oct 2025 10:14:00,0.494
25 Oct 2025 10:15:00,0.244
25 Oct 2025 10:16:15,0.272
25 Oct 2025 10:17:00,0.074
25 Oct 2025 10:17:15,0.181
25 Oct 2025 10:18:30,0.163
25 Oct 2025 10:19:00,0.451
25 Oct 2025 10:23:00,0.293
25 Oct 2025 10:23:45,0.257
25 Oct 2025 10:24:00,0.447
25 Oct 2025 10:24:30,0.370
25 Oct 2025 10:25:00,0.254
25 Oct 2025 10:26:45,0.118
25 Oct 2025 10:29:00,0.268
25 Oct 2025 10:31:00,0.332
25 Oct 2025 10:37:00,0.296
25 Oct 2025 10:38:15,0.438
25 Oct 2025 10:45:30,0.218
25 Oct 2025 10:46:45,0.357
25 Oct 2025 10:48:30,0.195
25 Oct 2025 10:53:30,0.434
25 Oct 2025 10:57:45,0.269
25 Oct 2025 10:58:00,0.147
25 Oct 2025 10:59:00,0.322
25 Oct 2025 11:01:00,0.247
25 Oct 2025 11:02:00,0.256
25 Oct 2025 11:05:30,0.276
25 Oct 2025 11:07:15,0.273
25 Oct 2025 11:08:00,0.399
25 Oct 2025 11:08:30,0.313
25 Oct 2025 11:12:15,0.310
25 Oct 2025 11:14:15,0.111
25 Oct 2025 11:16:45,0.227
25 Oct 2025 11:17:45,0.242
25 Oct 2025 11:18:30,0.298
25 Oct 2025 11:19:45,0.375
25 Oct 2025 11:20:15,0.369
25 Oct 2025 11:25:15,0.254
25 Oct 2025 11:27:45,0.221
25 Oct 2025 11:33:30,0.383
25 Oct 2025 11:35:15,0.520
25 Oct 2025 11:35:45,0.195
25 Oct 2025 11:36:30,0.249
25 Oct 2025 11:38:00,0.080
25 Oct 2025 11:38:30,0.454
25 Oct 2025 11:40:30,0.438
25 Oct 2025 11:42:00,0.248
25 Oct 2025 11:45:00,0.576
25 Oct 2025 11:47:00,0.370
25 Oct 2025 11:50:30,0.127
25 Oct 2025 11:51:15,0.332
25 Oct 2025 11:51:45,0.243
25 Oct 2025 11:53:45,0.295
25 Oct 2025 11:54:00,0.272
25 Oct 2025 11:54:45,0.428
25 Oct 2025 11:56:15,0.148
25 Oct 2025 12:07:00,0.359
25 Oct 2025 12:07:45,0.339
25 Oct 2025 12:09:15,0.343
25 Oct 2025 12:12:15,0.322
25 Oct 2025 12:12:45,0.073
25 Oct 2025 12:16:15,0.203
25 Oct 2025 12:16:45,0.120
25 Oct 2025 12:19:00,0.141
25 Oct 2025 12:21:30,0.240
25 Oct 2025 12:22:45,0.094
25 Oct 2025 12:25:30,0.304
25 Oct 2025 12:26:45,0.135
25 Oct 2025 12:30:00,0.461
25 Oct 2025 12:31:15,0.279
25 Oct 2025 12:33:30,0.317
25 Oct 2025 12:34:30,0.368
25 Oct 2025 12:35:30,0.294
25 Oct 2025 12:41:45,0.271
25 Oct 2025 12:45:00,0.326
25 Oct 2025 12:46:15,0.255
25 Oct 2025 12:49:45,0.162
25 Oct 2025 12:52:30,0.135
25 Oct 2025 12:52:45,0.233
25 Oct 2025 12:55:00,-0.019
25 Oct 2025 12:59:45,0.102
25 Oct 2025 13:02:00,0.323
25 Oct 2025 13:02:15,0.408
25 Oct 2025 13:04:15,0.225
25 Oct 2025 13:06:30,0.179
25 Oct 2025 13:06:45,0.170
25 Oct 2025 13:08:00,0.271
25 Oct 2025 13:10:00,0.087
25 Oct 2025 13:11:45,0.300
25 Oct 2025 13:12:30,0.099
25 Oct 2025 13:13:00,0.145
25 Oct 2025 13:13:45,0.238
25 Oct 2025 13:15:30,0.436
25 Oct 2025 13:16:00,0.254
25 Oct 2025 13:20:30,0.256
25 Oct 2025 13:24:00,0.117
25 Oct 2025 13:25:15,0.364
25 Oct 2025 13:27:00,0.129
25 Oct 2025 13:32:15,0.259
25 Oct 2025 13:32:45,0.250
25 Oct 2025 13:42:15,0.271
25 Oct 2025 13:43:15,0.371
25 Oct 2025 13:44:00,0.249
25 Oct 2025 13:48:00,0.153
25 Oct 2025 13:49:30,0.166
25 Oct 2025 13:55:30,-0.073
25 Oct 2025 13:57:30,0.116
25 Oct 2025 13:58:00,0.125
25 Oct 2025 14:00:00,0.117
25 Oct 2025 14:01:15,0.100
25 Oct 2025 14:07:00,0.431
25 Oct 2025 14:08:30,0.058
25 Oct 2025 14:09:00,0.218
25 Oct 2025 14:11:45,0.337
25 Oct 2025 14:13:45,0.232
25 Oct 2025 14:14:00,0.314
25 Oct 2025 14:14:30,0.246
25 Oct 2025 14:14:45,0.307
25 Oct 2025 14:16:15,0.036
25 Oct 2025 14:17:30,0.321
25 Oct 2025 14:18:00,0.280
25 Oct 2025 14:20:15,0.003
25 Oct 2025 14:21:00,0.264
25 Oct 2025 14:22:30,0.136
25 Oct 2025 14:24:00,0.167
25 Oct 2025 14:25:00,0.228
25 Oct 2025 14:25:15,0.207
25 Oct 2025 14:26:00,0.190
25 Oct 2025 14:26:45,0.040
25 Oct 2025 14:28:00,0.165
25 Oct 2025 14:30:00,0.061
25 Oct 2025 14:30:45,0.122
25 Oct 2025 14:31:15,0.095
25 Oct 2025 14:32:15,0.278
25 Oct 2025 14:33:45,0.094
25 Oct 2025 14:38:30,0.043
25 Oct 2025 14:42:15,0.251
25 Oct 2025 14:49:45,-0.017
25 Oct 2025 14:51:30,-0.036
25 Oct 2025 14:54:00,0.382
25 Oct 2025 14:57:15,0.054
25 Oct 2025 14:57:45,-0.067
25 Oct 2025 14:59:15,-0.218
25 Oct 2025 15:00:00,0.190
25 Oct 2025 15:00:45,0.376
25 Oct 2025 15:02:45,0.148
25 Oct 2025 15:08:30,0.246
25 Oct 2025 15:11:45,0.093
25 Oct 2025 15:13:30,0.145
25 Oct 2025 15:16:00,0.087
25 Oct 2025 15:17:15,0.171
25 Oct 2025 15:22:45,-0.059
25 Oct 2025 15:24:00,0.079
25 Oct 2025 15:24:15,0.192
25 Oct 2025 15:26:00,-0.104
25 Oct 2025 15:29:15,0.118
25 Oct 2025 15:29:30,0.177
25 Oct 2025 15:33:45,-0.137
25 Oct 2025 15:34:30,0.053
25 Oct 2025 15:35:00,0.299
25 Oct 2025 15:36:00,0.180
25 Oct 2025 15:39:30,0.104
25 Oct 2025 15:40:15,0.278
25 Oct 2025 15:41:15,-0.050
25 Oct 2025 15:41:45,0.189
25 Oct 2025 15:43:15,0.062
25 Oct 2025 15:44:45,0.157
25 Oct 2025 15:47:00,0.072
25 Oct 2025 15:49:00,0.081
25 Oct 2025 15:49:45,0.037
25 Oct 2025 15:50:00,0.218
25 Oct 2025 15:50:15,0.149
25 Oct 2025 15:55:00,0.256
25 Oct 2025 15:56:45,0.243
25 Oct 2025 15:58:30,0.106
25 Oct 2025 16:06:00,0.066
25 Oct 2025 16:07:00,-0.047
25 Oct 2025 16:08:15,0.189
25 Oct 2025 16:09:00,0.028
25 Oct 2025 16:11:00,0.130
25 Oct 2025 16:13:15,-0.013
25 Oct 2025 16:13:30,-0.010
25 Oct 2025 16:18:15,-0.192
25 Oct 2025 16:20:15,-0.114
25 Oct 2025 16:21:45,0.455
25 Oct 2025 16:22:00,-0.021
25 Oct 2025 16:22:30,0.055
25 Oct 2025 16:24:45,0.033
25 Oct 2025 16:26:30,0.185
25 Oct 2025 16:27:15,0.050
25 Oct 2025 16:28:15,0.257
25 Oct 2025 16:30:00,0.542
25 Oct 2025 16:31:15,-0.198
25 Oct 2025 16:32:30,0.082
25 Oct 2025 16:35:30,0.258
25 Oct 2025 16:36:30,0.151
25 Oct 2025 16:38:30,0.059
25 Oct 2025 16:40:00,0.348
25 Oct 2025 16:46:00,0.346
25 Oct 2025 16:47:45,0.283
25 Oct 2025 16:48:45,0.236
25 Oct 2025 16:52:00,-0.194
25 Oct 2025 16:53:15,0.171
25 Oct 2025 16:54:30,0.351
25 Oct 2025 16:57:00,0.008
25 Oct 2025 16:57:15,-0.215
25 Oct 2025 17:01:45,-0.004
25 Oct 2025 17:02:30,-0.049
25 Oct 2025 17:03:45,0.158
25 Oct 2025 17:04:15,0.178
25 Oct 2025 17:07:15,0.070
25 Oct 2025 17:10:45,0.208
25 Oct 2025 17:13:15,-0.027
25 Oct 2025 17:17:45,0.003
25 Oct 2025 17:18:15,0.046
25 Oct 2025 17:19:00,0.143
25 Oct 2025 17:21:30,0.273
25 Oct 2025 17:22:15,0.181
25 Oct 2025 17:23:45,-0.118
25 Oct 2025 17:25:00,0.034
25 Oct 2025 17:27:00,0.165
25 Oct 2025 17:33:45,0.127
25 Oct 2025 17:34:30,0.080
25 Oct 2025 17:35:15,0.168
25 Oct 2025 17:38:45,0.301
25 Oct 2025 17:44:00,0.042
25 Oct 2025 17:46:15,-0.200
25 Oct 2025 17:47:00,-0.070
25 Oct 2025 17:51:45,0.083
25 Oct 2025 17:52:30,0.123
25 Oct 2025 17:55:45,0.113
25 Oct 2025 17:58:15,0.268
25 Oct 2025 17:59:30,-0.098
25 Oct 2025 18:00:30,0.313
25 Oct 2025 18:05:00,0.270
25 Oct 2025 18:05:45,0.248
25 Oct 2025 18:06:45,0.277
25 Oct 2025 18:07:30,0.383
25 Oct 2025 18:11:15,0.337
25 Oct 2025 18:12:00,0.153
25 Oct 2025 18:17:00,0.113
25 Oct 2025 18:18:45,0.075
25 Oct 2025 18:20:15,0.261
25 Oct 2025 18:26:00,0.262
25 Oct 2025 18:28:30,0.309
25 Oct 2025 18:29:15,0.436
25 Oct 2025 18:30:00,0.469
25 Oct 2025 18:30:30,0.136
25 Oct 2025 18:33:30,0.309
25 Oct 2025 18:34:45,0.210
25 Oct 2025 18:42:45,0.126
25 Oct 2025 18:43:45,0.070
25 Oct 2025 18:45:00,0.025
25 Oct 2025 18:46:15,-0.071
25 Oct 2025 18:50:30,0.244
25 Oct 2025 18:57:15,0.344
25 Oct 2025 18:57:45,0.150
25 Oct 2025 18:58:15,0.468
25 Oct 2025 19:02:00,0.508
25 Oct 2025 19:04:00,0.276
25 Oct 2025 19:06:15,0.304
25 Oct 2025 19:08:30,0.440
25 Oct 2025 19:11:00,0.223
25 Oct 2025 19:12:45,0.131
25 Oct 2025 19:17:30,0.007
25 Oct 2025 19:18:00,0.192
25 Oct 2025 19:18:15,0.227
25 Oct 2025 19:18:45,0.042
25 Oct 2025 19:22:30,0.204
25 Oct 2025 19:22:45,0.293
25 Oct 2025 19:24:00,0.316
25 Oct 2025 19:24:45,0.065
25 Oct 2025 19:27:15,0.202
25 Oct 2025 19:31:15,0.197
25 Oct 2025 19:33:15,0.360
25 Oct 2025 19:35:15,0.204
25 Oct 2025 19:37:15,0.267
25 Oct 2025 19:39:30,0.289
25 Oct 2025 19:43:00,0.134
25 Oct 2025 19:43:15,0.296
25 Oct 2025 19:45:45,0.288
25 Oct 2025 19:46:45,0.364
25 Oct 2025 19:51:45,0.093
25 Oct 2025 19:53:15,-0.256
25 Oct 2025 19:56:15,0.130
25 Oct 2025 20:00:15,0.241
25 Oct 2025 20:06:30,0.043
25 Oct 2025 20:07:15,0.236
25 Oct 2025 20:10:30,0.115
25 Oct 2025 20:13:00,0.318
25 Oct 2025 20:13:30,-0.065
25 Oct 2025 20:15:15,0.350
25 Oct 2025 20:18:15,0.373
25 Oct 2025 20:19:30,0.255
25 Oct 2025 20:20:00,0.384
25 Oct 2025 20:22:15,0.437
25 Oct 2025 20:31:30,0.186
25 Oct 2025 20:32:30,0.107
25 Oct 2025 20:33:00,0.151
25 Oct 2025 20:39:00,0.371
25 Oct 2025 20:40:00,0.292
25 Oct 2025 20:40:15,0.118
25 Oct 2025 20:41:15,0.430
25 Oct 2025 20:41:30,0.118
25 Oct 2025 20:42:15,0.255
25 Oct 2025 20:42:45,0.361
25 Oct 2025 20:51:30,0.415
25 Oct 2025 20:52:45,0.056
25 Oct 2025 20:54:30,0.318
25 Oct 2025 20:57:15,0.201
25 Oct 2025 21:03:00,0.421
25 Oct 2025 21:05:45,0.105
25 Oct 2025 21:06:30,0.133
25 Oct 2025 21:07:15,0.272
25 Oct 2025 21:07:45,0.412
25 Oct 2025 21:08:30,0.070
25 Oct 2025 21:15:30,0.108
25 Oct 2025 21:18:45,0.083
25 Oct 2025 21:22:15,0.138
25 Oct 2025 21:23:30,0.054
25 Oct 2025 21:29:45,0.172
25 Oct 2025 21:34:00,0.219
25 Oct 2025 21:34:45,-0.019
25 Oct 2025 21:36:15,0.198
25 Oct 2025 21:37:45,0.303
25 Oct 2025 21:38:00,0.380
25 Oct 2025 21:39:45,0.471
25 Oct 2025 21:42:45,0.293
25 Oct 2025 21:48:45,0.231
25 Oct 2025 21:50:00,0.211
25 Oct 2025 21:52:45,0.311
25 Oct 2025 21:54:15,0.307
25 Oct 2025 21:55:00,0.378
25 Oct 2025 21:56:00,0.083
25 Oct 2025 21:59:30,0.502
25 Oct 2025 21:59:45,0.465
25 Oct 2025 22:00:45,-0.032
25 Oct 2025 22:01:45,0.421
25 Oct 2025 22:04:15,0.347
25 Oct 2025 22:06:45,0.163
25 Oct 2025 22:07:45,0.105
25 Oct 2025 22:08:15,-0.043
25 Oct 2025 22:08:30,0.263
25 Oct 2025 22:10:00,0.405
25 Oct 2025 22:11:00,0.133
25 Oct 2025 22:21:00,0.405
25 Oct 2025 22:22:45,0.237
25 Oct 2025 22:25:30,0.204
25 Oct 2025 22:27:15,0.345
25 Oct 2025 22:28:00,0.252
25 Oct 2025 22:30:15,0.284
25 Oct 2025 22:30:45,0.263
25 Oct 2025 22:33:45,0.209
25 Oct 2025 22:35:45,-0.017
25 Oct 2025 22:37:45,0.411
25 Oct 2025 22:38:00,0.363
25 Oct 2025 22:42:30,0.122
25 Oct 2025 22:43:30,0.370
25 Oct 2025 22:45:00,0.066
25 Oct 2025 22:49:15,0.087
25 Oct 2025 22:52:45,0.237
25 Oct 2025 22:56:30,0.538
25 Oct 2025 22:57:00,0.335
25 Oct 2025 23:00:45,0.285
25 Oct 2025 23:01:00,0.172
25 Oct 2025 23:04:15,0.118
25 Oct 2025 23:04:45,0.308
25 Oct 2025 23:07:45,0.385
25 Oct 2025 23:10:00,0.090
25 Oct 2025 23:13:15,0.208
25 Oct 2025 23:15:15,0.324
25 Oct 2025 23:21:15,0.273
25 Oct 2025 23:22:45,0.204
25 Oct 2025 23:26:45,0.453
25 Oct 2025 23:28:45,0.396
25 Oct 2025 23:30:30,0.217
25 Oct 2025 23:34:00,0.272
25 Oct 2025 23:35:15,0.164
25 Oct 2025 23:35:45,-0.018
25 Oct 2025 23:36:30,0.238
25 Oct 2025 23:39:30,0.034
25 Oct 2025 23:41:00,0.131
25 Oct 2025 23:43:30,0.173
25 Oct 2025 23:44:15,0.089
25 Oct 2025 23:45:00,0.049
25 Oct 2025 23:46:00,-0.035
25 Oct 2025 23:46:45,0.281
25 Oct 2025 23:47:45,0.271
25 Oct 2025 23:49:15,0.198
25 Oct 2025 23:52:15,-0.320
25 Oct 2025 23:53:45,0.307
25 Oct 2025 23:55:30,0.116
25 Oct 2025 23:56:00,0.506
25 Oct 2025 23:56:30,0.016
25 Oct 2025 23:57:00,0.182
25 Oct 2025 23:57:15,0.217
25 Oct 2025 23:58:15,0.310
25 Oct 2025 23:59:45,0.214
26 Oct 2025 00:02:00,0.147
26 Oct 2025 00:02:45,0.325
26 Oct 2025 00:03:45,0.219
26 Oct 2025 00:07:15,0.261
26 Oct 2025 00:08:30,0.056
26 Oct 2025 00:13:15,0.220
26 Oct 2025 00:14:30,0.129
26 Oct 2025 00:16:45,0.218
26 Oct 2025 00:19:15,0.220
26 Oct 2025 00:20:15,-0.126
26 Oct 2025 00:22:45,0.402
26 Oct 2025 00:23:30,0.055
26 Oct 2025 00:24:15,0.107
26 Oct 2025 00:24:45,0.390
26 Oct 2025 00:25:15,0.214
26 Oct 2025 00:25:45,0.274
26 Oct 2025 00:27:45,0.285
26 Oct 2025 00:31:15,0.087
26 Oct 2025 00:34:00,0.339
26 Oct 2025 00:34:45,0.107
26 Oct 2025 00:37:45,0.062
26 Oct 2025 00:39:30,0.093
26 Oct 2025 00:41:00,-0.033
26 Oct 2025 00:42:30,-0.138
26 Oct 2025 00:44:30,0.300
26 Oct 2025 00:51:45,0.030
26 Oct 2025 00:52:45,0.003
26 Oct 2025 00:54:15,0.396
26 Oct 2025 00:55:45,0.421
26 Oct 2025 00:56:15,0.083
26 Oct 2025 00:57:30,0.130
26 Oct 2025 00:59:45,0.138
26 Oct 2025 01:00:45,0.032
26 Oct 2025 01:01:15,0.101
26 Oct 2025 01:02:00,0.155
26 Oct 2025 01:04:15,0.108
26 Oct 2025 01:04:45,-0.095
26 Oct 2025 01:05:00,0.090
26 Oct 2025 01:05:15,0.122
26 Oct 2025 01:05:45,0.109
26 Oct 2025 01:06:15,0.071
26 Oct 2025 01:08:45,0.145
26 Oct 2025 01:09:45,0.424
26 Oct 2025 01:10:30,-0.008
26 Oct 2025 01:12:45,0.319
26 Oct 2025 01:15:45,-0.064
26 Oct 2025 01:16:15,-0.271
26 Oct 2025 01:17:45,-0.118
26 Oct 2025 01:22:45,0.138
26 Oct 2025 01:25:45,-0.079
26 Oct 2025 01:26:30,0.122
26 Oct 2025 01:28:00,0.009
26 Oct 2025 01:29:45,0.005
26 Oct 2025 01:30:15,-0.197
26 Oct 2025 01:34:00,0.240
26 Oct 2025 01:35:45,-0.012
26 Oct 2025 01:44:00,-0.106
26 Oct 2025 01:47:30,0.217
26 Oct 2025 01:50:30,0.029
26 Oct 2025 01:53:45,0.185
26 Oct 2025 01:56:15,0.285
26 Oct 2025 01:57:45,0.536
26 Oct 2025 01:58:00,0.194
26 Oct 2025 02:02:00,0.321
26 Oct 2025 02:02:45,0.275
26 Oct 2025 02:05:30,0.058
26 Oct 2025 02:06:00,0.175
26 Oct 2025 02:07:15,0.276
26 Oct 2025 02:09:15,-0.092
26 Oct 2025 02:09:45,-0.122
26 Oct 2025 02:10:30,0.204
26 Oct 2025 02:11:00,-0.131
26 Oct 2025 02:11:45,0.019
26 Oct 2025 02:12:00,0.077
26 Oct 2025 02:15:30,0.143
26 Oct 2025 02:18:00,0.166
26 Oct 2025 02:18:15,0.293
26 Oct 2025 02:19:30,0.267
26 Oct 2025 02:20:15,-0.139
26 Oct 2025 02:20:30,0.040
26 Oct 2025 02:23:00,0.153
26 Oct 2025 02:23:30,0.467
26 Oct 2025 02:25:30,0.134
26 Oct 2025 02:26:45,0.110
26 Oct 2025 02:30:00,0.208
26 Oct 2025 02:31:00,0.083
26 Oct 2025 02:31:30,0.192
26 Oct 2025 02:34:00,-0.061
26 Oct 2025 02:40:45,0.194
26 Oct 2025 02:42:00,0.085
26 Oct 2025 02:44:00,0.172
26 Oct 2025 02:46:45,-0.043
26 Oct 2025 02:50:00,-0.049
26 Oct 2025 02:50:45,0.190
26 Oct 2025 02:52:45,0.139
26 Oct 2025 02:53:45,-0.184
26 Oct 2025 02:56:45,0.019
26 Oct 2025 02:57:45,0.266
26 Oct 2025 02:58:45,0.076
26 Oct 2025 03:02:45,-0.167
26 Oct 2025 03:06:00,0.133
26 Oct 2025 03:08:15,0.104
26 Oct 2025 03:14:15,0.346
26 Oct 2025 03:19:30,0.084
26 Oct 2025 03:21:00,0.228
26 Oct 2025 03:23:45,0.106
26 Oct 2025 03:24:00,-0.023
26 Oct 2025 03:29:45,0.072
26 Oct 2025 03:30:45,0.269
26 Oct 2025 03:31:00,0.074
26 Oct 2025 03:33:45,0.179
26 Oct 2025 03:37:00,0.188
26 Oct 2025 03:38:30,0.187
26 Oct 2025 03:39:30,0.193
26 Oct 2025 03:42:30,0.251
26 Oct 2025 03:43:15,0.130
26 Oct 2025 03:43:45,0.271
26 Oct 2025 03:46:45,0.041
26 Oct 2025 03:47:30,0.414
26 Oct 2025 03:47:45,0.156
26 Oct 2025 03:51:00,-0.104
26 Oct 2025 03:57:00,0.144
26 Oct 2025 03:58:45,0.228
26 Oct 2025 04:00:15,0.029
26 Oct 2025 04:01:15,0.014
26 Oct 2025 04:03:45,0.125
26 Oct 2025 04:05:00,0.272
26 Oct 2025 04:07:15,-0.031
26 Oct 2025 04:08:00,-0.096
26 Oct 2025 04:10:00,0.055
26 Oct 2025 04:12:15,-0.092
26 Oct 2025 04:13:45,0.123
26 Oct 2025 04:16:00,0.152
26 Oct 2025 04:16:15,0.393
26 Oct 2025 04:18:30,0.155
26 Oct 2025 04:22:15,0.095
26 Oct 2025 04:23:45,0.141
26 Oct 2025 04:25:00,0.152
26 Oct 2025 04:26:45,0.032
26 Oct 2025 04:27:00,-0.043
26 Oct 2025 04:27:30,0.236
26 Oct 2025 04:28:15,0.145
26 Oct 2025 04:29:45,0.124
26 Oct 2025 04:30:00,0.093
26 Oct 2025 04:31:30,0.172
26 Oct 2025 04:32:30,0.414
26 Oct 2025 04:37:45,0.178
26 Oct 2025 04:39:45,-0.056
26 Oct 2025 04:46:00,0.298
26 Oct 2025 04:46:30,0.212
26 Oct 2025 04:47:30,0.132
26 Oct 2025 04:48:00,0.300
26 Oct 2025 04:49:15,0.254
26 Oct 2025 04:49:30,0.231
26 Oct 2025 04:52:00,0.260
26 Oct 2025 04:52:30,0.257
26 Oct 2025 04:52:45,0.348
26 Oct 2025 04:53:45,0.270
26 Oct 2025 04:56:00,-0.043
26 Oct 2025 04:57:00,0.054
26 Oct 2025 04:59:00,0.054
26 Oct 2025 05:01:15,0.458
26 Oct 2025 05:02:30,0.081
26 Oct 2025 05:02:45,0.464
26 Oct 2025 05:04:45,-0.164
26 Oct 2025 05:05:30,-0.046
26 Oct 2025 05:07:15,0.118
26 Oct 2025 05:09:00,0.056
26 Oct 2025 05:11:15,-0.056
26 Oct 2025 05:15:00,0.199
26 Oct 2025 05:15:30,-0.003
26 Oct 2025 05:15:45,-0.030
26 Oct 2025 05:16:30,0.261
26 Oct 2025 05:24:30,0.080
26 Oct 2025 05:27:15,0.393
26 Oct 2025 05:34:00,0.131
26 Oct 2025 05:34:30,0.109
26 Oct 2025 05:35:45,0.162
26 Oct 2025 05:37:15,0.232
26 Oct 2025 05:38:15,0.156
26 Oct 2025 05:38:45,0.268
26 Oct 2025 05:42:45,0.224
26 Oct 2025 05:45:30,0.084
26 Oct 2025 05:47:15,0.028
26 Oct 2025 05:48:45,0.058
26 Oct 2025 05:51:30,0.119
26 Oct 2025 05:52:45,0.228
26 Oct 2025 05:53:45,-0.297
26 Oct 2025 05:56:00,0.112
26 Oct 2025 05:56:45,-0.078
26 Oct 2025 05:59:30,0.177
26 Oct 2025 05:59:45,0.293
26 Oct 2025 06:04:15,0.166
26 Oct 2025 06:05:00,0.100
26 Oct 2025 06:08:45,0.232
26 Oct 2025 06:10:00,0.239
26 Oct 2025 06:10:45,0.389
26 Oct 2025 06:11:45,0.058
26 Oct 2025 06:12:30,0.299
26 Oct 2025 06:14:15,0.179
26 Oct 2025 06:14:30,0.225
26 Oct 2025 06:18:30,-0.134
26 Oct 2025 06:21:30,0.256
26 Oct 2025 06:22:15,0.353
26 Oct 2025 06:23:45,0.274
26 Oct 2025 06:25:45,-0.050
26 Oct 2025 06:28:30,0.261
26 Oct 2025 06:31:00,0.126
26 Oct 2025 06:34:15,0.085
26 Oct 2025 06:39:00,0.233
26 Oct 2025 06:40:45,0.071
26 Oct 2025 06:41:45,0.203
26 Oct 2025 06:43:00,0.276
26 Oct 2025 06:43:15,-0.107
26 Oct 2025 06:43:30,0.237
26 Oct 2025 06:43:45,0.130
26 Oct 2025 06:47:00,0.190
26 Oct 2025 06:50:30,0.101
26 Oct 2025 06:51:30,0.250
26 Oct 2025 06:54:00,0.122
26 Oct 2025 06:55:30,0.213
26 Oct 2025 06:56:00,0.283
26 Oct 2025 06:57:30,0.356
26 Oct 2025 07:00:15,-0.001
26 Oct 2025 07:03:30,0.031
26 Oct 2025 07:04:30,0.265
26 Oct 2025 07:05:30,0.225
26 Oct 2025 07:06:30,0.172
26 Oct 2025 07:09:30,0.368
26 Oct 2025 07:10:15,0.069
26 Oct 2025 07:15:30,0.375
26 Oct 2025 07:16:15,0.298
26 Oct 2025 07:16:45,0.273
26 Oct 2025 07:17:15,0.336
26 Oct 2025 07:21:30,0.249
26 Oct 2025 07:22:00,0.126
26 Oct 2025 07:22:15,-0.235
26 Oct 2025 07:23:30,0.309
26 Oct 2025 07:25:30,0.310
26 Oct 2025 07:26:45,0.250
26 Oct 2025 07:27:00,0.201
26 Oct 2025 07:28:30,0.140
26 Oct 2025 07:29:15,0.137
26 Oct 2025 07:33:30,0.189
26 Oct 2025 07:39:00,0.070
26 Oct 2025 07:42:30,0.366
26 Oct 2025 07:46:30,0.182
26 Oct 2025 07:47:15,0.286
26 Oct 2025 07:48:45,0.019
26 Oct 2025 07:50:00,0.267
26 Oct 2025 07:59:30,0.128
26 Oct 2025 08:02:00,0.256
26 Oct 2025 08:04:15,0.244
26 Oct 2025 08:07:15,0.500
26 Oct 2025 08:07:30,0.089
26 Oct 2025 08:08:30,0.093
26 Oct 2025 08:11:45,0.231
26 Oct 2025 08:19:30,0.220
26 Oct 2025 08:22:30,0.204
26 Oct 2025 08:29:15,0.447
26 Oct 2025 08:31:15,0.303
26 Oct 2025 08:32:15,0.408
26 Oct 2025 08:33:30,0.168
26 Oct 2025 08:37:15,-0.013
26 Oct 2025 08:38:00,0.306
26 Oct 2025 08:39:30,0.419
26 Oct 2025 08:40:00,-0.047
26 Oct 2025 08:42:00,0.498
26 Oct 2025 08:55:30,0.421
26 Oct 2025 08:55:45,0.336
26 Oct 2025 08:56:30,0.009
26 Oct 2025 08:57:45,0.288
26 Oct 2025 08:58:30,0.372
26 Oct 2025 09:00:30,0.331
26 Oct 2025 09:02:00,0.304
26 Oct 2025 09:03:30,0.136
26 Oct 2025 09:05:45,0.184
26 Oct 2025 09:06:00,0.514
26 Oct 2025 09:07:15,0.199
26 Oct 2025 09:07:30,0.423
26 Oct 2025 09:08:00,0.180
26 Oct 2025 09:11:00,0.381
26 Oct 2025 09:13:15,0.303
26 Oct 2025 09:14:30,0.504
26 Oct 2025 09:15:45,0.361
26 Oct 2025 09:17:45,0.318
26 Oct 2025 09:18:00,0.157
26 Oct 2025 09:19:15,0.357
26 Oct 2025 09:20:00,0.465
26 Oct 2025 09:21:00,0.381
26 Oct 2025 09:25:15,0.278
26 Oct 2025 09:26:45,0.275
26 Oct 2025 09:27:45,0.205
26 Oct 2025 09:29:00,0.353
26 Oct 2025 09:31:15,0.358
26 Oct 2025 09:35:30,0.425
26 Oct 2025 09:37:15,0.307
26 Oct 2025 09:41:00,0.195
26 Oct 2025 09:42:00,0.348
26 Oct 2025 09:42:45,0.377
26 Oct 2025 09:45:15,0.304
26 Oct 2025 09:47:00,0.377
26 Oct 2025 09:48:45,0.323
26 Oct 2025 09:51:00,0.272
26 Oct 2025 09:54:00,0.266
26 Oct 2025 09:56:15,0.233
26 Oct 2025 09:57:00,0.299
26 Oct 2025 09:58:00,0.211
26 Oct 2025 10:00:30,0.210
26 Oct 2025 10:01:00,0.225
26 Oct 2025 10:01:15,0.387
26 Oct 2025 10:04:15,0.536
26 Oct 2025 10:05:15,0.179
26 Oct 2025 10:06:30,0.489
26 Oct 2025 10:08:45,0.236
26 Oct 2025 10:09:00,0.480
26 Oct 2025 10:11:15,0.032
26 Oct 2025 10:18:30,0.540
26 Oct 2025 10:19:15,0.494
26 Oct 2025 10:21:30,0.494
26 Oct 2025 10:22:00,0.377
26 Oct 2025 10:24:30,0.336
26 Oct 2025 10:25:30,0.524
26 Oct 2025 10:27:00,0.221
26 Oct 2025 10:27:15,0.348
26 Oct 2025 10:31:00,0.460
26 Oct 2025 10:32:30,0.512
26 Oct 2025 10:33:30,0.149
26 Oct 2025 10:34:30,0.433
26 Oct 2025 10:34:45,0.335
26 Oct 2025 10:35:15,0.278
26 Oct 2025 10:36:15,0.305
26 Oct 2025 10:37:00,0.296
26 Oct 2025 10:41:45,0.261
26 Oct 2025 10:42:45,0.316
26 Oct 2025 10:46:45,0.329
26 Oct 2025 10:47:00,0.273
26 Oct 2025 10:48:45,0.559
26 Oct 2025 10:52:30,0.205
26 Oct 2025 10:53:00,0.378
26 Oct 2025 10:53:45,0.395
26 Oct 2025 11:03:30,0.303
26 Oct 2025 11:05:00,0.129
26 Oct 2025 11:06:15,0.387
26 Oct 2025 11:10:45,0.249
26 Oct 2025 11:14:30,0.268
26 Oct 2025 11:16:15,0.524
26 Oct 2025 11:19:15,0.421
26 Oct 2025 11:20:00,0.318
26 Oct 2025 11:22:30,0.270
26 Oct 2025 11:23:00,0.481
26 Oct 2025 11:25:45,0.191
26 Oct 2025 11:26:00,0.389
26 Oct 2025 11:31:00,0.443
26 Oct 2025 11:35:30,0.332
26 Oct 2025 11:35:45,0.469
26 Oct 2025 11:36:45,0.391
26 Oct 2025 11:37:45,0.409
26 Oct 2025 11:38:30,0.288
26 Oct 2025 11:39:45,0.298
26 Oct 2025 11:41:00,0.345
26 Oct 2025 11:42:00,0.333
26 Oct 2025 11:43:00,0.189
26 Oct 2025 11:43:15,0.411
26 Oct 2025 11:46:30,0.221
26 Oct 2025 11:46:45,0.258
26 Oct 2025 11:50:00,0.242
26 Oct 2025 11:52:00,0.176
26 Oct 2025 11:55:00,0.327
26 Oct 2025 11:55:45,0.252
26 Oct 2025 11:56:15,0.461
26 Oct 2025 11:56:30,0.372
26 Oct 2025 11:56:45,0.276
26 Oct 2025 12:02:15,0.318
26 Oct 2025 12:05:15,0.171
26 Oct 2025 12:10:15,0.294
26 Oct 2025 12:13:30,0.513
26 Oct 2025 12:15:00,0.324
26 Oct 2025 12:15:15,0.220
26 Oct 2025 12:17:00,0.251
26 Oct 2025 12:20:15,0.006
26 Oct 2025 12:22:30,0.229
26 Oct 2025 12:23:45,0.178
26 Oct 2025 12:25:45,0.196
26 Oct 2025 12:30:00,0.361
26 Oct 2025 12:32:45,0.240
26 Oct 2025 12:34:15,0.230
26 Oct 2025 12:35:15,0.212
26 Oct 2025 12:35:45,0.380
26 Oct 2025 12:36:45,0.447
26 Oct 2025 12:37:15,0.286
26 Oct 2025 12:38:00,0.305
26 Oct 2025 12:38:15,0.246
26 Oct 2025 12:39:00,0.113
26 Oct 2025 12:39:30,0.272
26 Oct 2025 12:40:15,0.327
26 Oct 2025 12:41:15,0.149
26 Oct 2025 12:41:45,0.422
26 Oct 2025 12:44:15,0.267
26 Oct 2025 12:44:45,0.245
26 Oct 2025 12:51:45,0.270
26 Oct 2025 12:56:15,0.197
26 Oct 2025 12:58:00,0.249
26 Oct 2025 12:58:30,-0.001
26 Oct 2025 12:58:45,0.386
26 Oct 2025 12:59:00,0.416
26 Oct 2025 12:59:45,0.266
26 Oct 2025 13:03:15,0.051
26 Oct 2025 13:04:15,0.384
26 Oct 2025 13:05:00,0.259
26 Oct 2025 13:06:30,0.311
26 Oct 2025 13:06:45,0.123
26 Oct 2025 13:10:00,0.357
26 Oct 2025 13:12:15,0.366
26 Oct 2025 13:12:30,0.420
26 Oct 2025 13:16:00,0.282
26 Oct 2025 13:16:30,0.261
26 Oct 2025 13:19:15,0.307
26 Oct 2025 13:20:30,0.348
26 Oct 2025 13:26:30,0.157
26 Oct 2025 13:29:15,0.275
26 Oct 2025 13:30:00,0.189
26 Oct 2025 13:32:45,0.325
26 Oct 2025 13:34:45,0.284
26 Oct 2025 13:37:45,0.202
26 Oct 2025 13:38:15,0.230
26 Oct 2025 13:39:30,0.407
26 Oct 2025 13:40:45,0.348
26 Oct 2025 13:42:00,0.298
26 Oct 2025 13:42:45,0.394
26 Oct 2025 13:45:15,0.273
26 Oct 2025 13:47:00,0.219
26 Oct 2025 13:58:00,0.225
26 Oct 2025 14:01:00,0.327
26 Oct 2025 14:01:15,0.220
26 Oct 2025 14:01:45,0.224
26 Oct 2025 14:03:15,0.344
26 Oct 2025 14:04:15,0.350
26 Oct 2025 14:08:15,0.196
26 Oct 2025 14:09:45,0.272
26 Oct 2025 14:10:00,0.239
26 Oct 2025 14:11:00,0.194
26 Oct 2025 14:13:30,0.251
26 Oct 2025 14:14:30,0.211
26 Oct 2025 14:15:00,0.205
26 Oct 2025 14:19:30,0.184
26 Oct 2025 14:20:00,0.205
26 Oct 2025 14:21:30,0.193
26 Oct 2025 14:21:45,0.186
26 Oct 2025 14:24:30,0.261
26 Oct 2025 14:26:15,0.247
26 Oct 2025 14:26:45,0.143
26 Oct 2025 14:28:45,0.152
26 Oct 2025 14:31:15,0.271
26 Oct 2025 14:32:00,0.359
26 Oct 2025 14:37:00,0.213
26 Oct 2025 14:40:45,0.192
26 Oct 2025 14:42:00,0.249
26 Oct 2025 14:42:30,0.253
26 Oct 2025 14:43:15,0.175
26 Oct 2025 14:44:15,0.160
26 Oct 2025 14:44:45,0.131
26 Oct 2025 14:45:15,0.210
26 Oct 2025 14:53:45,0.221
26 Oct 2025 14:55:00,0.194
26 Oct 2025 14:55:15,0.293
26 Oct 2025 14:57:00,0.218
26 Oct 2025 14:57:15,0.101
26 Oct 2025 15:00:00,0.281
26 Oct 2025 15:00:45,0.012
26 Oct 2025 15:02:15,0.140
26 Oct 2025 15:03:30,0.197
26 Oct 2025 15:04:30,0.165
26 Oct 2025 15:04:45,0.178
26 Oct 2025 15:05:00,0.336
26 Oct 2025 15:06:15,0.184
26 Oct 2025 15:07:45,0.191
26 Oct 2025 15:08:45,0.136
26 Oct 2025 15:10:15,0.175
26 Oct 2025 15:11:00,0.270
26 Oct 2025 15:17:45,0.233
26 Oct 2025 15:20:45,0.191
26 Oct 2025 15:22:45,0.114
26 Oct 2025 15:26:45,0.178
26 Oct 2025 15:27:00,0.254
26 Oct 2025 15:30:45,0.265
26 Oct 2025 15:31:30,0.191
26 Oct 2025 15:34:45,0.130
26 Oct 2025 15:36:15,0.265
26 Oct 2025 15:37:45,0.153
26 Oct 2025 15:38:00,0.210
26 Oct 2025 15:39:30,0.215
26 Oct 2025 15:43:30,0.214
26 Oct 2025 15:44:45,0.173
26 Oct 2025 15:45:15,0.281
26 Oct 2025 15:46:30,0.244
26 Oct 2025 15:47:00,0.156
26 Oct 2025 15:53:30,0.218
26 Oct 2025 15:57:15,0.146
26 Oct 2025 15:57:45,0.166
26 Oct 2025 15:58:15,0.161
26 Oct 2025 15:58:30,0.305
26 Oct 2025 15:59:30,0.168
26 Oct 2025 15:59:45,0.228
26 Oct 2025 16:00:30,0.203
26 Oct 2025 16:01:00,0.168
26 Oct 2025 16:01:15,0.151
26 Oct 2025 16:02:30,0.186
26 Oct 2025 16:04:30,0.163
26 Oct 2025 16:05:00,0.195
26 Oct 2025 16:05:45,0.170
26 Oct 2025 16:08:00,0.094
26 Oct 2025 16:09:15,0.273
26 Oct 2025 16:12:00,0.122
26 Oct 2025 16:16:15,0.188
26 Oct 2025 16:16:45,0.204
26 Oct 2025 16:17:15,0.150
26 Oct 2025 16:18:00,0.241
26 Oct 2025 16:18:15,0.230
26 Oct 2025 16:20:00,0.184
26 Oct 2025 16:21:00,0.164
26 Oct 2025 16:22:30,0.158
26 Oct 2025 16:24:15,0.243
26 Oct 2025 16:24:30,0.168
26 Oct 2025 16:30:45,0.129
26 Oct 2025 16:32:00,0.121
26 Oct 2025 16:32:15,0.157
26 Oct 2025 16:34:00,0.162
26 Oct 2025 16:38:00,0.228
26 Oct 2025 16:38:15,0.275
26 Oct 2025 16:38:30,0.285
26 Oct 2025 16:38:45,0.194
26 Oct 2025 16:39:45,0.169
26 Oct 2025 16:40:00,0.100
26 Oct 2025 16:41:30,0.177
26 Oct 2025 16:43:45,0.278
26 Oct 2025 16:44:00,0.181
26 Oct 2025 16:44:15,0.231
26 Oct 2025 16:44:30,0.143
26 Oct 2025 16:46:15,0.238
26 Oct 2025 16:46:45,0.227
26 Oct 2025 16:50:15,0.233
26 Oct 2025 16:53:15,0.220
26 Oct 2025 16:54:30,0.149
26 Oct 2025 16:59:45,0.143
26 Oct 2025 17:00:45,0.216
26 Oct 2025 17:01:15,0.159
26 Oct 2025 17:03:00,0.230
26 Oct 2025 17:06:45,0.249
26 Oct 2025 17:07:45,0.213
26 Oct 2025 17:10:30,0.125
26 Oct 2025 17:10:45,0.165
26 Oct 2025 17:13:00,0.162
26 Oct 2025 17:15:15,0.179
26 Oct 2025 17:18:00,0.193
26 Oct 2025 17:19:30,0.154
26 Oct 2025 17:20:30,0.231
26 Oct 2025 17:22:00,0.221
26 Oct 2025 17:23:00,0.156
26 Oct 2025 17:24:45,0.177
26 Oct 2025 17:26:00,0.217
26 Oct 2025 17:27:00,0.187
26 Oct 2025 17:28:00,0.160
26 Oct 2025 17:31:45,0.158
26 Oct 2025 17:33:15,0.131
26 Oct 2025 17:33:30,0.251
26 Oct 2025 17:35:45,0.121
26 Oct 2025 17:36:15,0.188
26 Oct 2025 17:37:00,0.166
26 Oct 2025 17:37:15,0.227
26 Oct 2025 17:39:45,0.217
26 Oct 2025 17:48:45,0.085
26 Oct 2025 17:50:15,0.198
26 Oct 2025 17:51:15,0.154
26 Oct 2025 17:54:00,0.216
26 Oct 2025 17:55:15,0.156
26 Oct 2025 17:57:45,0.173
26 Oct 2025 18:01:00,0.205
26 Oct 2025 18:03:45,0.214
26 Oct 2025 18:07:15,0.253
26 Oct 2025 18:08:00,0.150
26 Oct 2025 18:09:30,0.231
26 Oct 2025 18:10:00,0.133
26 Oct 2025 18:11:30,0.211
26 Oct 2025 18:11:45,0.214
26 Oct 2025 18:19:00,0.166
26 Oct 2025 18:19:45,0.253
26 Oct 2025 18:20:45,0.144
26 Oct 2025 18:21:30,0.205
26 Oct 2025 18:23:45,0.125
26 Oct 2025 18:25:15,0.172
26 Oct 2025 18:26:45,0.214
26 Oct 2025 18:27:00,0.214
26 Oct 2025 18:29:00,0.124
26 Oct 2025 18:33:45,0.152
26 Oct 2025 18:43:30,0.203
26 Oct 2025 18:45:00,0.146
26 Oct 2025 18:46:00,0.226
26 Oct 2025 18:53:15,0.221
26 Oct 2025 18:54:15,0.173
26 Oct 2025 18:56:15,0.166
26 Oct 2025 19:00:30,0.170
26 Oct 2025 19:03:00,0.187
26 Oct 2025 19:05:45,0.146
26 Oct 2025 19:09:00,0.271
26 Oct 2025 19:09:30,0.166
26 Oct 2025 19:13:00,0.170
26 Oct 2025 19:16:30,0.198
26 Oct 2025 19:16:45,0.234
26 Oct 2025 19:20:30,0.195
26 Oct 2025 19:21:00,0.220
26 Oct 2025 19:26:45,0.184
26 Oct 2025 19:27:15,0.198
26 Oct 2025 19:29:00,0.183
26 Oct 2025 19:31:15,0.188
26 Oct 2025 19:33:15,0.215
26 Oct 2025 19:35:30,0.272
26 Oct 2025 19:39:30,0.205
26 Oct 2025 19:39:45,0.225
26 Oct 2025 19:41:00,0.249
26 Oct 2025 19:42:30,0.158
26 Oct 2025 19:43:00,0.274
26 Oct 2025 19:43:45,0.151
26 Oct 2025 19:45:30,0.205
26 Oct 2025 19:48:00,0.259
26 Oct 2025 19:48:30,0.180
26 Oct 2025 19:52:00,0.274
26 Oct 2025 19:53:00,0.187
26 Oct 2025 19:53:15,0.233
26 Oct 2025 19:55:15,0.211
26 Oct 2025 19:56:45,0.188
26 Oct 2025 20:02:00,0.191
26 Oct 2025 20:03:30,0.196
26 Oct 2025 20:09:15,0.218
26 Oct 2025 20:10:15,0.205
26 Oct 2025 20:13:30,0.266
26 Oct 2025 20:16:30,0.253
26 Oct 2025 20:16:45,0.281
26 Oct 2025 20:18:00,0.199
26 Oct 2025 20:18:15,0.217
26 Oct 2025 20:20:15,0.166
26 Oct 2025 20:23:00,0.220
26 Oct 2025 20:24:15,0.218
26 Oct 2025 20:25:30,0.178
26 Oct 2025 20:26:00,0.236
26 Oct 2025 20:26:15,0.253
26 Oct 2025 20:27:30,0.267
26 Oct 2025 20:29:00,0.186
26 Oct 2025 20:29:30,0.207
26 Oct 2025 20:32:30,0.229
26 Oct 2025 20:32:45,0.299
26 Oct 2025 20:34:30,0.266
26 Oct 2025 20:36:15,0.214
26 Oct 2025 20:36:45,0.229
26 Oct 2025 20:40:30,0.252
26 Oct 2025 20:41:45,0.214
26 Oct 2025 20:43:15,0.245
26 Oct 2025 20:49:30,0.232
26 Oct 2025 20:54:00,0.188
26 Oct 2025 20:56:30,0.273
26 Oct 2025 20:57:15,0.286
26 Oct 2025 21:04:00,0.223
26 Oct 2025 21:05:15,0.250
26 Oct 2025 21:08:30,0.331
26 Oct 2025 21:11:00,0.237
26 Oct 2025 21:11:15,0.291
26 Oct 2025 21:12:15,0.307
26 Oct 2025 21:15:45,0.229
26 Oct 2025 21:18:15,0.263
26 Oct 2025 21:19:30,0.212
26 Oct 2025 21:22:45,0.260
26 Oct 2025 21:23:30,0.283
26 Oct 2025 21:24:30,0.262
26 Oct 2025 21:26:15,0.280
26 Oct 2025 21:27:45,0.326
26 Oct 2025 21:29:00,0.247
26 Oct 2025 21:32:45,0.360
26 Oct 2025 21:33:00,0.293
26 Oct 2025 21:34:15,0.282
26 Oct 2025 21:39:30,0.241
26 Oct 2025 21:40:30,0.248
26 Oct 2025 21:42:30,0.287
26 Oct 2025 21:45:30,0.236
26 Oct 2025 21:45:45,0.323
26 Oct 2025 21:46:30,0.257
26 Oct 2025 21:55:00,0.220
26 Oct 2025 21:55:15,0.282
26 Oct 2025 21:55:30,0.241
26 Oct 2025 21:59:15,0.270
26 Oct 2025 22:03:45,0.286
26 Oct 2025 22:04:15,0.301
26 Oct 2025 22:06:00,0.278
26 Oct 2025 22:09:00,0.319
26 Oct 2025 22:13:30,0.304
26 Oct 2025 22:14:30,0.255
26 Oct 2025 22:15:30,0.308
26 Oct 2025 22:16:15,0.241
26 Oct 2025 22:16:45,0.309
26 Oct 2025 22:17:45,0.296
26 Oct 2025 22:20:15,0.254
26 Oct 2025 22:20:30,0.276
26 Oct 2025 22:21:15,0.229
26 Oct 2025 22:21:30,0.259
26 Oct 2025 22:22:00,0.263
26 Oct 2025 22:22:45,0.284
26 Oct 2025 22:23:00,0.282
26 Oct 2025 22:25:30,0.288
26 Oct 2025 22:28:00,0.258
26 Oct 2025 22:29:00,0.270
26 Oct 2025 22:30:15,0.281
26 Oct 2025 22:34:30,0.329
26 Oct 2025 22:37:15,0.347
26 Oct 2025 22:47:45,0.265
26 Oct 2025 22:54:00,0.219
26 Oct 2025 22:55:00,0.218
26 Oct 2025 22:55:15,0.270
26 Oct 2025 22:55:45,0.282
26 Oct 2025 22:56:00,0.352
26 Oct 2025 22:59:30,0.259
26 Oct 2025 23:00:30,0.290
26 Oct 2025 23:02:15,0.280
26 Oct 2025 23:03:00,0.261
26 Oct 2025 23:05:30,0.168
26 Oct 2025 23:06:15,0.331
26 Oct 2025 23:08:00,0.252
26 Oct 2025 23:09:45,0.272
26 Oct 2025 23:15:15,0.372
26 Oct 2025 23:17:00,0.311
26 Oct 2025 23:17:30,0.313
26 Oct 2025 23:20:00,0.270
26 Oct 2025 23:23:00,0.283
26 Oct 2025 23:24:00,0.225
26 Oct 2025 23:24:15,0.305
26 Oct 2025 23:27:30,0.231
26 Oct 2025 23:28:00,0.299
26 Oct 2025 23:28:15,0.280
26 Oct 2025 23:32:15,0.215
26 Oct 2025 23:33:45,0.235
26 Oct 2025 23:39:00,0.145
26 Oct 2025 23:42:30,0.263
26 Oct 2025 23:47:00,0.276
26 Oct 2025 23:47:45,0.253
26 Oct 2025 23:48:00,0.256
26 Oct 2025 23:54:00,0.211
26 Oct 2025 23:55:45,0.188
26 Oct 2025 23:56:00,0.289
26 Oct 2025 23:56:30,0.323
26 Oct 2025 23:58:00,0.189
26 Oct 2025 23:58:30,0.266
27 Oct 2025 00:04:30,0.187
27 Oct 2025 00:06:15,0.223
27 Oct 2025 00:07:45,0.289
27 Oct 2025 00:10:15,0.230
27 Oct 2025 00:12:15,0.328
27 Oct 2025 00:15:15,0.204
27 Oct 2025 00:15:45,0.190
27 Oct 2025 00:18:15,0.374
27 Oct 2025 00:19:15,0.236
27 Oct 2025 00:20:15,0.185
27 Oct 2025 00:20:45,0.194
27 Oct 2025 00:21:15,0.193
27 Oct 2025 00:22:00,0.213
27 Oct 2025 00:23:45,0.216
27 Oct 2025 00:25:30,0.199
27 Oct 2025 00:31:15,0.235
27 Oct 2025 00:32:00,0.221
27 Oct 2025 00:33:15,0.261
27 Oct 2025 00:35:15,0.184
27 Oct 2025 00:35:30,0.201
27 Oct 2025 00:39:45,0.251
27 Oct 2025 00:41:00,0.380
27 Oct 2025 00:44:15,0.200
27 Oct 2025 00:46:30,0.214
27 Oct 2025 00:48:00,0.256
27 Oct 2025 00:48:30,0.178
27 Oct 2025 00:52:45,0.155
27 Oct 2025 00:53:15,0.231
27 Oct 2025 00:54:45,0.291
27 Oct 2025 00:58:15,0.229
27 Oct 2025 00:59:15,0.227
27 Oct 2025 00:59:45,0.189
27 Oct 2025 01:03:15,0.319
27 Oct 2025 01:05:15,0.310
27 Oct 2025 01:07:30,0.157
27 Oct 2025 01:08:00,0.210
27 Oct 2025 01:10:30,0.094
27 Oct 2025 01:12:00,0.204
27 Oct 2025 01:12:15,0.138
27 Oct 2025 01:13:30,0.123
27 Oct 2025 01:15:30,0.167
27 Oct 2025 01:16:00,0.241
27 Oct 2025 01:17:15,0.277
27 Oct 2025 01:18:30,0.222
27 Oct 2025 01:20:00,0.088
27 Oct 2025 01:20:30,0.206
27 Oct 2025 01:21:45,0.279
27 Oct 2025 01:24:30,0.160
27 Oct 2025 01:26:00,0.167
27 Oct 2025 01:26:30,0.156
27 Oct 2025 01:26:45,0.218
27 Oct 2025 01:29:30,0.174
27 Oct 2025 01:33:30,0.238
27 Oct 2025 01:36:15,0.247
27 Oct 2025 01:37:45,0.107
27 Oct 2025 01:38:30,0.194
27 Oct 2025 01:40:00,0.168
27 Oct 2025 01:42:00,0.222
27 Oct 2025 01:44:00,0.205
27 Oct 2025 01:45:30,0.223
27 Oct 2025 01:47:45,0.242
27 Oct 2025 01:52:30,0.259
27 Oct 2025 01:56:15,0.189
27 Oct 2025 01:58:30,0.097
27 Oct 2025 01:58:45,0.178
27 Oct 2025 01:59:15,0.149
27 Oct 2025 02:01:00,0.048
27 Oct 2025 02:01:30,0.099
27 Oct 2025 02:03:30,0.183
27 Oct 2025 02:06:15,0.141
27 Oct 2025 02:07:15,0.198
27 Oct 2025 02:07:30,0.204
27 Oct 2025 02:07:45,0.105
27 Oct 2025 02:12:30,0.166
27 Oct 2025 02:13:30,0.042
27 Oct 2025 02:14:15,0.075
27 Oct 2025 02:15:00,0.243
27 Oct 2025 02:19:15,0.137
27 Oct 2025 02:20:45,0.210
27 Oct 2025 02:21:45,0.122
27 Oct 2025 02:23:30,0.174
27 Oct 2025 02:23:45,0.162
27 Oct 2025 02:27:45,0.045
27 Oct 2025 02:28:15,0.121
27 Oct 2025 02:29:15,0.142
27 Oct 2025 02:30:30,0.114
27 Oct 2025 02:32:30,0.135
27 Oct 2025 02:32:45,0.087
27 Oct 2025 02:35:45,0.236
27 Oct 2025 02:36:30,0.248
27 Oct 2025 02:40:15,0.067
27 Oct 2025 02:41:15,0.091
27 Oct 2025 02:48:45,0.202
27 Oct 2025 02:58:45,0.072
27 Oct 2025 02:59:30,0.157
27 Oct 2025 03:05:30,0.207
27 Oct 2025 03:07:45,0.032
27 Oct 2025 03:08:00,-0.122
27 Oct 2025 03:09:15,0.079
27 Oct 2025 03:10:15,0.213
27 Oct 2025 03:11:15,0.111
27 Oct 2025 03:12:15,0.181
27 Oct 2025 03:14:00,0.147
27 Oct 2025 03:14:15,0.135
27 Oct 2025 03:14:45,0.112
27 Oct 2025 03:16:30,0.094
27 Oct 2025 03:18:15,0.207
27 Oct 2025 03:19:45,0.125
27 Oct 2025 03:21:00,0.081
27 Oct 2025 03:22:30,0.024
27 Oct 2025 03:23:45,-0.132
27 Oct 2025 03:24:15,0.199
27 Oct 2025 03:28:15,0.199
27 Oct 2025 03:29:30,0.238
27 Oct 2025 03:30:15,0.105
27 Oct 2025 03:32:30,0.067
27 Oct 2025 03:35:15,0.133
27 Oct 2025 03:38:30,0.147
27 Oct 2025 03:39:00,0.265
27 Oct 2025 03:40:45,0.033
27 Oct 2025 03:41:30,0.211
27 Oct 2025 03:43:30,0.030
27 Oct 2025 03:45:00,0.108
27 Oct 2025 03:45:30,-0.001
27 Oct 2025 03:47:30,0.061
27 Oct 2025 03:50:00,0.085
27 Oct 2025 03:50:15,-0.051
27 Oct 2025 03:51:45,0.054
27 Oct 2025 03:52:30,-0.003
27 Oct 2025 03:57:15,0.241
27 Oct 2025 03:57:30,0.227
27 Oct 2025 03:58:00,0.074
27 Oct 2025 03:59:15,0.099
27 Oct 2025 04:02:30,0.065
27 Oct 2025 04:02:45,0.030
27 Oct 2025 04:03:30,0.014
27 Oct 2025 04:03:45,-0.141
27 Oct 2025 04:08:30,0.036
27 Oct 2025 04:09:00,-0.008
27 Oct 2025 04:10:45,0.199
27 Oct 2025 04:13:00,0.053
27 Oct 2025 04:14:30,0.048
27 Oct 2025 04:15:15,0.037
27 Oct 2025 04:19:15,0.028
27 Oct 2025 04:20:00,0.216
27 Oct 2025 04:20:30,0.099
27 Oct 2025 04:21:45,0.137
27 Oct 2025 04:22:45,0.241
27 Oct 2025 04:24:30,0.244
27 Oct 2025 04:25:15,0.181
27 Oct 2025 04:26:15,0.211
27 Oct 2025 04:26:30,0.037
27 Oct 2025 04:30:15,0.206
27 Oct 2025 04:30:45,0.052
27 Oct 2025 04:31:30,-0.026
27 Oct 2025 04:32:00,-0.043
27 Oct 2025 04:32:15,0.030
27 Oct 2025 04:32:45,0.048
27 Oct 2025 04:35:15,0.135
27 Oct 2025 04:39:00,0.031
27 Oct 2025 04:40:30,0.090
27 Oct 2025 04:41:30,0.203
27 Oct 2025 04:41:45,0.095
27 Oct 2025 04:44:00,0.101
27 Oct 2025 04:45:15,0.188
27 Oct 2025 04:46:00,0.268
27 Oct 2025 04:47:15,0.291
27 Oct 2025 04:50:00,0.153
27 Oct 2025 04:51:30,0.014
27 Oct 2025 04:51:45,-0.016
27 Oct 2025 04:52:30,0.299
27 Oct 2025 04:52:45,0.183
27 Oct 2025 04:53:15,0.157
27 Oct 2025 04:53:45,-0.052
27 Oct 2025 04:54:30,0.184
27 Oct 2025 04:56:45,0.108
27 Oct 2025 04:57:30,0.089
27 Oct 2025 04:58:15,0.125
27 Oct 2025 04:59:15,-0.059
27 Oct 2025 05:00:15,0.036
27 Oct 2025 05:01:15,0.054
27 Oct 2025 05:06:30,0.003
27 Oct 2025 05:08:15,-0.004
27 Oct 2025 05:09:00,0.063
27 Oct 2025 05:10:00,0.175
27 Oct 2025 05:10:15,0.181
27 Oct 2025 05:13:15,0.240
27 Oct 2025 05:14:15,0.064
27 Oct 2025 05:20:00,0.050
27 Oct 2025 05:22:30,-0.070
27 Oct 2025 05:23:15,-0.078
27 Oct 2025 05:25:00,0.208
27 Oct 2025 05:25:30,0.092
27 Oct 2025 05:26:00,0.257
27 Oct 2025 05:26:15,0.182
27 Oct 2025 05:27:00,0.088
27 Oct 2025 05:30:00,-0.172
27 Oct 2025 05:31:15,0.140
27 Oct 2025 05:34:15,0.076
27 Oct 2025 05:36:30,-0.050
27 Oct 2025 05:38:00,0.074
27 Oct 2025 05:39:00,-0.155
27 Oct 2025 05:39:30,0.285
27 Oct 2025 05:41:30,0.025
27 Oct 2025 05:42:00,0.036
27 Oct 2025 05:42:15,0.011
27 Oct 2025 05:42:30,-0.003
27 Oct 2025 05:44:00,-0.224
27 Oct 2025 05:44:30,-0.319
27 Oct 2025 05:45:00,-0.022
27 Oct 2025 05:46:45,0.105
27 Oct 2025 05:51:15,0.196
27 Oct 2025 05:55:00,-0.008
27 Oct 2025 05:56:15,-0.139
27 Oct 2025 06:01:15,0.237
27 Oct 2025 06:01:45,0.351
27 Oct 2025 06:06:30,0.032
27 Oct 2025 06:10:15,0.104
27 Oct 2025 06:11:15,0.136
27 Oct 2025 06:11:45,0.072
27 Oct 2025 06:14:30,-0.083
27 Oct 2025 06:15:30,0.413
27 Oct 2025 06:15:45,0.265
27 Oct 2025 06:16:00,0.130
27 Oct 2025 06:19:45,-0.042
27 Oct 2025 06:22:45,0.113
27 Oct 2025 06:24:15,0.022
27 Oct 2025 06:28:45,0.341
27 Oct 2025 06:30:30,0.239
27 Oct 2025 06:32:00,0.310
27 Oct 2025 06:35:45,0.007
27 Oct 2025 06:36:45,0.043
27 Oct 2025 06:38:30,0.278
27 Oct 2025 06:40:00,0.032
27 Oct 2025 06:41:45,0.102
27 Oct 2025 06:46:30,0.024
27 Oct 2025 06:55:00,0.100
27 Oct 2025 06:55:30,-0.004
27 Oct 2025 06:56:30,0.032
27 Oct 2025 06:59:00,0.257
27 Oct 2025 07:10:15,0.297
27 Oct 2025 07:16:30,0.092
27 Oct 2025 07:18:30,0.030
27 Oct 2025 07:19:30,0.311
27 Oct 2025 07:21:30,0.283
27 Oct 2025 07:23:15,0.221
27 Oct 2025 07:26:45,0.122
27 Oct 2025 07:28:15,0.225
27 Oct 2025 07:31:00,0.103
27 Oct 2025 07:32:00,0.139
27 Oct 2025 07:32:15,0.243
27 Oct 2025 07:34:00,0.384
27 Oct 2025 07:34:15,-0.039
27 Oct 2025 07:34:30,-0.331
27 Oct 2025 07:41:30,0.216
27 Oct 2025 07:42:45,0.156
27 Oct 2025 07:43:30,0.276
27 Oct 2025 07:45:00,0.289
27 Oct 2025 07:45:45,0.242
27 Oct 2025 07:46:15,0.567
27 Oct 2025 07:48:15,0.179
27 Oct 2025 07:50:45,0.043
27 Oct 2025 07:51:45,-0.010
27 Oct 2025 07:52:00,0.139
27 Oct 2025 07:53:30,0.064
27 Oct 2025 07:55:00,0.270
27 Oct 2025 07:55:30,0.236
27 Oct 2025 07:56:30,0.143
27 Oct 2025 07:59:00,0.333
27 Oct 2025 08:01:15,0.035
27 Oct 2025 08:04:15,0.103
27 Oct 2025 08:05:45,0.650
27 Oct 2025 08:06:45,0.252
27 Oct 2025 08:08:00,0.207
27 Oct 2025 08:11:00,0.178
27 Oct 2025 08:12:00,0.050
27 Oct 2025 08:13:45,0.018
27 Oct 2025 08:15:15,0.425
27 Oct 2025 08:17:45,0.250
27 Oct 2025 08:18:00,0.268
27 Oct 2025 08:18:15,0.142
27 Oct 2025 08:20:15,-0.002
27 Oct 2025 08:22:45,-0.028
27 Oct 2025 08:24:30,0.475
27 Oct 2025 08:30:00,-0.177
27 Oct 2025 08:31:45,0.169
27 Oct 2025 08:33:30,0.134
27 Oct 2025 08:36:00,-0.049
27 Oct 2025 08:38:15,0.325
27 Oct 2025 08:41:45,0.508
27 Oct 2025 08:42:15,0.319
27 Oct 2025 08:48:30,0.366
27 Oct 2025 08:49:45,0.205
27 Oct 2025 08:50:00,0.366
27 Oct 2025 08:54:15,0.190
27 Oct 2025 09:04:00,-0.050
27 Oct 2025 09:05:00,0.353
27 Oct 2025 09:06:15,0.105
27 Oct 2025 09:10:30,0.412
27 Oct 2025 09:13:00,0.342
27 Oct 2025 09:13:15,0.239
27 Oct 2025 09:13:30,0.316
27 Oct 2025 09:14:00,0.202
27 Oct 2025 09:15:15,0.023
27 Oct 2025 09:15:30,-0.089
27 Oct 2025 09:15:45,0.258
27 Oct 2025 09:18:45,0.451
27 Oct 2025 09:19:45,0.357
27 Oct 2025 09:22:30,0.316
27 Oct 2025 09:22:45,0.107
27 Oct 2025 09:23:00,0.036
27 Oct 2025 09:25:00,0.213
27 Oct 2025 09:25:15,0.174
27 Oct 2025 09:27:00,0.386
27 Oct 2025 09:27:45,0.218
27 Oct 2025 09:29:15,0.223
27 Oct 2025 09:31:30,0.045
27 Oct 2025 09:32:45,0.333
27 Oct 2025 09:34:45,0.338
27 Oct 2025 09:39:00,0.277
27 Oct 2025 09:41:45,0.012
27 Oct 2025 09:44:15,0.295
27 Oct 2025 09:44:45,0.432
27 Oct 2025 09:45:30,0.057
27 Oct 2025 09:47:45,0.074
27 Oct 2025 09:50:15,0.231
27 Oct 2025 09:51:15,0.283
27 Oct 2025 09:51:30,0.633
27 Oct 2025 09:52:15,0.178
27 Oct 2025 09:55:30,0.213
27 Oct 2025 09:58:00,0.014
27 Oct 2025 10:00:45,-0.042
27 Oct 2025 10:02:00,0.409
27 Oct 2025 10:05:30,0.474
27 Oct 2025 10:10:30,-0.277
27 Oct 2025 10:11:00,0.388
27 Oct 2025 10:12:15,0.188
27 Oct 2025 10:12:30,0.190
27 Oct 2025 10:13:30,0.162
27 Oct 2025 10:13:45,0.266
27 Oct 2025 10:18:15,0.007
27 Oct 2025 10:21:15,0.223
27 Oct 2025 10:21:45,0.123
27 Oct 2025 10:22:15,0.290
27 Oct 2025 10:24:15,0.046
27 Oct 2025 10:24:45,0.327
27 Oct 2025 10:25:15,0.143
27 Oct 2025 10:26:30,-0.061
27 Oct 2025 10:27:30,0.534
27 Oct 2025 10:29:45,0.559
27 Oct 2025 10:30:15,0.317
27 Oct 2025 10:31:00,0.520
27 Oct 2025 10:33:15,0.014
27 Oct 2025 10:35:15,-0.029
27 Oct 2025 10:47:00,0.154
27 Oct 2025 10:48:45,0.327
27 Oct 2025 10:49:45,0.114
27 Oct 2025 10:50:15,0.184
27 Oct 2025 10:50:30,0.162
27 Oct 2025 10:52:15,0.496
27 Oct 2025 10:52:30,0.029
27 Oct 2025 10:57:15,0.220
27 Oct 2025 10:57:45,0.097
27 Oct 2025 11:01:00,-0.107
27 Oct 2025 11:04:30,0.377
27 Oct 2025 11:04:45,-0.094
27 Oct 2025 11:07:15,-0.099
27 Oct 2025 11:10:45,0.019
27 Oct 2025 11:11:00,0.520
27 Oct 2025 11:11:15,0.202
27 Oct 2025 11:12:00,0.218
27 Oct 2025 11:14:00,0.181
27 Oct 2025 11:16:00,-0.080
27 Oct 2025 11:17:00,0.022
27 Oct 2025 11:17:15,0.398
27 Oct 2025 11:18:00,0.468
27 Oct 2025 11:20:00,-0.038
27 Oct 2025 11:25:00,0.419
27 Oct 2025 11:25:30,0.221
27 Oct 2025 11:31:00,0.471
27 Oct 2025 11:31:45,0.323
27 Oct 2025 11:32:15,0.434
27 Oct 2025 11:37:00,0.474
27 Oct 2025 11:43:00,-0.011
27 Oct 2025 11:43:45,0.272
27 Oct 2025 11:44:45,0.061
27 Oct 2025 11:46:00,0.091
27 Oct 2025 11:55:30,0.381
27 Oct 2025 11:56:00,0.365
27 Oct 2025 12:03:15,-0.139
27 Oct 2025 12:05:45,0.225
27 Oct 2025 12:06:15,0.119
27 Oct 2025 12:07:00,-0.060
27 Oct 2025 12:07:15,0.045
27 Oct 2025 12:10:15,-0.223
27 Oct 2025 12:12:30,0.496
27 Oct 2025 12:12:45,-0.017
27 Oct 2025 12:13:15,-0.039
27 Oct 2025 12:15:30,0.156
27 Oct 2025 12:17:15,0.148
27 Oct 2025 12:19:15,0.278
27 Oct 2025 12:21:15,0.433
27 Oct 2025 12:22:30,0.316
27 Oct 2025 12:22:45,0.416
27 Oct 2025 12:26:45,0.349
27 Oct 2025 12:28:45,0.127
27 Oct 2025 12:30:30,0.289
27 Oct 2025 12:31:30,0.471
27 Oct 2025 12:43:45,0.079
27 Oct 2025 12:45:00,0.260
27 Oct 2025 12:46:30,0.134
27 Oct 2025 12:48:15,0.449
27 Oct 2025 12:50:00,-0.053
27 Oct 2025 12:50:30,0.329
27 Oct 2025 12:53:00,0.511
27 Oct 2025 12:53:45,0.117
27 Oct 2025 12:55:15,0.249
27 Oct 2025 12:59:00,0.463
27 Oct 2025 13:00:00,-0.035
27 Oct 2025 13:00:45,0.450
27 Oct 2025 13:01:00,-0.039
27 Oct 2025 13:01:45,-0.053
27 Oct 2025 13:02:15,0.231
27 Oct 2025 13:02:30,-0.120
27 Oct 2025 13:09:45,0.520
27 Oct 2025 13:11:00,0.095
27 Oct 2025 13:12:45,0.405
27 Oct 2025 13:13:00,0.077
27 Oct 2025 13:14:30,0.291
27 Oct 2025 13:16:00,0.019
27 Oct 2025 13:16:30,-0.021
27 Oct 2025 13:17:00,0.395
27 Oct 2025 13:20:00,0.305
27 Oct 2025 13:23:45,0.475
27 Oct 2025 13:24:00,0.457
27 Oct 2025 13:27:45,0.597
27 Oct 2025 13:28:00,-0.176
27 Oct 2025 13:28:30,0.048
27 Oct 2025 13:32:00,0.146
27 Oct 2025 13:32:15,0.225
27 Oct 2025 13:34:00,-0.013
27 Oct 2025 13:34:45,-0.042
27 Oct 2025 13:37:45,0.054
27 Oct 2025 13:39:30,0.180
27 Oct 2025 13:45:15,0.376
27 Oct 2025 13:47:15,0.117
27 Oct 2025 13:48:00,0.418
27 Oct 2025 13:51:45,-0.064
27 Oct 2025 13:52:45,-0.001
27 Oct 2025 13:54:45,-0.296
27 Oct 2025 13:56:30,0.327
27 Oct 2025 13:57:15,0.496
27 Oct 2025 13:59:00,0.159
27 Oct 2025 14:02:15,-0.010
27 Oct 2025 14:02:30,0.498
27 Oct 2025 14:06:15,0.578
27 Oct 2025 14:08:45,0.114
27 Oct 2025 14:12:30,0.232
27 Oct 2025 14:16:30,0.215
27 Oct 2025 14:19:45,0.329
27 Oct 2025 14:20:00,-0.135
27 Oct 2025 14:22:30,0.388
27 Oct 2025 14:22:45,-0.029
27 Oct 2025 14:27:45,-0.122
27 Oct 2025 14:29:45,0.108
27 Oct 2025 14:33:45,0.057
27 Oct 2025 14:34:45,0.071
27 Oct 2025 14:37:30,0.323
27 Oct 2025 14:38:45,0.277
27 Oct 2025 14:42:30,-0.150
27 Oct 2025 14:47:00,0.011
27 Oct 2025 14:47:30,0.267
27 Oct 2025 14:50:00,0.228
27 Oct 2025 14:50:15,0.460
27 Oct 2025 14:52:00,0.324
27 Oct 2025 14:54:00,0.229
27 Oct 2025 14:54:45,0.270
27 Oct 2025 14:56:00,-0.116
27 Oct 2025 14:57:00,0.068
27 Oct 2025 14:59:00,0.414
27 Oct 2025 15:00:45,0.270
27 Oct 2025 15:03:45,0.191
27 Oct 2025 15:04:15,0.311
27 Oct 2025 15:09:30,0.005
27 Oct 2025 15:10:45,0.222
27 Oct 2025 15:14:30,-0.074
27 Oct 2025 15:15:15,0.228
27 Oct 2025 15:17:15,0.184
27 Oct 2025 15:19:30,0.187
27 Oct 2025 15:25:15,-0.266
27 Oct 2025 15:26:30,-0.029
27 Oct 2025 15:32:00,0.097
27 Oct 2025 15:36:45,0.094
27 Oct 2025 15:37:30,0.041
27 Oct 2025 15:38:00,0.252
27 Oct 2025 15:40:15,-0.073
27 Oct 2025 15:42:15,0.069
27 Oct 2025 15:43:00,0.342
27 Oct 2025 15:44:30,-0.071
27 Oct 2025 15:46:45,0.173
27 Oct 2025 15:48:00,0.064
27 Oct 2025 15:55:30,0.243
27 Oct 2025 16:06:30,0.425
27 Oct 2025 16:09:00,0.055
27 Oct 2025 16:09:45,0.111
27 Oct 2025 16:14:30,-0.031
27 Oct 2025 16:15:15,0.160
27 Oct 2025 16:16:45,-0.071
27 Oct 2025 16:17:30,0.352
27 Oct 2025 16:19:30,0.180
27 Oct 2025 16:25:00,0.211
27 Oct 2025 16:28:45,0.409
27 Oct 2025 16:33:45,0.031
27 Oct 2025 16:34:15,0.073
27 Oct 2025 16:35:00,0.121
27 Oct 2025 16:35:45,0.139
27 Oct 2025 16:36:30,0.058
27 Oct 2025 16:38:15,-0.096
27 Oct 2025 16:40:30,0.297
27 Oct 2025 16:45:00,-0.029
27 Oct 2025 16:46:00,0.222
27 Oct 2025 16:49:30,0.109
27 Oct 2025 16:51:00,0.413
27 Oct 2025 16:52:15,0.291
27 Oct 2025 16:53:00,0.007
27 Oct 2025 16:59:00,-0.090
27 Oct 2025 16:59:30,-0.029
27 Oct 2025 17:00:15,-0.036
27 Oct 2025 17:01:30,0.522
27 Oct 2025 17:01:45,0.048
27 Oct 2025 17:03:00,0.234
27 Oct 2025 17:03:30,0.274
27 Oct 2025 17:04:15,0.410
27 Oct 2025 17:09:00,0.249
27 Oct 2025 17:11:15,0.145
27 Oct 2025 17:11:45,0.144
27 Oct 2025 17:13:45,0.204
27 Oct 2025 17:14:45,-0.038
27 Oct 2025 17:16:45,0.155
27 Oct 2025 17:23:00,0.448
27 Oct 2025 17:25:15,0.494
27 Oct 2025 17:26:45,0.049
27 Oct 2025 17:27:15,0.125
27 Oct 2025 17:27:45,-0.140
27 Oct 2025 17:35:45,-0.099
27 Oct 2025 17:38:00,-0.160
27 Oct 2025 17:40:15,0.380
27 Oct 2025 17:41:15,0.110
27 Oct 2025 17:42:15,0.083
27 Oct 2025 17:44:15,0.144
27 Oct 2025 17:45:00,0.497
27 Oct 2025 17:45:45,0.459
27 Oct 2025 17:47:00,-0.233
27 Oct 2025 17:48:15,0.111
27 Oct 2025 17:49:30,0.183
27 Oct 2025 17:50:15,-0.041
27 Oct 2025 17:52:00,-0.089
27 Oct 2025 17:55:15,0.170
27 Oct 2025 17:56:45,0.279
27 Oct 2025 18:00:00,0.072
27 Oct 2025 18:02:30,0.267
27 Oct 2025 18:03:30,0.168
27 Oct 2025 18:03:45,0.286
27 Oct 2025 18:05:30,0.012
27 Oct 2025 18:08:30,0.063
27 Oct 2025 18:09:15,-0.139
27 Oct 2025 18:10:45,-0.129
27 Oct 2025 18:13:15,0.061
27 Oct 2025 18:15:15,0.053
27 Oct 2025 18:15:45,0.230
27 Oct 2025 18:19:45,0.163
27 Oct 2025 18:27:00,0.237
27 Oct 2025 18:28:00,0.121
27 Oct 2025 18:29:00,0.127
27 Oct 2025 18:31:00,0.274
27 Oct 2025 18:32:00,0.408
27 Oct 2025 18:36:00,0.197
27 Oct 2025 18:37:30,0.112
27 Oct 2025 18:41:45,0.122
27 Oct 2025 18:48:30,0.222
27 Oct 2025 18:51:30,0.169
27 Oct 2025 18:54:30,0.156
27 Oct 2025 18:55:45,-0.017
27 Oct 2025 18:58:45,0.302
27 Oct 2025 19:00:30,0.311
27 Oct 2025 19:03:30,0.139
27 Oct 2025 19:03:45,0.294
27 Oct 2025 19:06:15,0.335
27 Oct 2025 19:06:45,0.050
27 Oct 2025 19:07:00,0.195
27 Oct 2025 19:10:15,-0.203
27 Oct 2025 19:15:15,0.297
27 Oct 2025 19:15:30,0.206
27 Oct 2025 19:18:00,0.339
27 Oct 2025 19:22:15,0.165
27 Oct 2025 19:24:45,0.175
27 Oct 2025 19:27:45,0.036
27 Oct 2025 19:33:30,0.176
27 Oct 2025 19:35:00,0.156
27 Oct 2025 19:35:15,0.422
27 Oct 2025 19:36:45,0.229
27 Oct 2025 19:37:00,0.000
27 Oct 2025 19:38:30,0.217
27 Oct 2025 19:40:30,0.208
27 Oct 2025 19:41:30,0.111
27 Oct 2025 19:42:45,-0.004
27 Oct 2025 19:43:00,0.103
27 Oct 2025 19:43:15,0.409
27 Oct 2025 19:46:15,0.126
27 Oct 2025 19:48:15,0.410
27 Oct 2025 19:53:15,0.196
27 Oct 2025 20:05:15,0.146
27 Oct 2025 20:10:15,0.157
27 Oct 2025 20:12:45,0.006
27 Oct 2025 20:16:30,0.394
27 Oct 2025 20:24:30,0.240
27 Oct 2025 20:29:30,0.117
27 Oct 2025 20:30:15,0.229
27 Oct 2025 20:31:30,0.340
27 Oct 2025 20:32:15,0.192
27 Oct 2025 20:36:30,0.267
27 Oct 2025 20:39:15,0.427
27 Oct 2025 20:40:45,0.342
27 Oct 2025 20:42:00,0.116
27 Oct 2025 20:42:30,0.288
27 Oct 2025 20:42:45,0.222
27 Oct 2025 20:44:00,-0.021
27 Oct 2025 20:46:15,0.107
27 Oct 2025 20:46:30,0.063
27 Oct 2025 20:47:00,0.218
27 Oct 2025 20:48:30,0.445
27 Oct 2025 20:49:00,0.254
27 Oct 2025 20:52:00,-0.006
27 Oct 2025 20:55:00,0.313
27 Oct 2025 20:55:30,0.204
27 Oct 2025 20:56:45,-0.128
27 Oct 2025 21:02:00,0.230
27 Oct 2025 21:05:15,0.093
27 Oct 2025 21:06:00,0.510
27 Oct 2025 21:07:30,-0.004
27 Oct 2025 21:09:15,-0.074
27 Oct 2025 21:12:00,0.141
27 Oct 2025 21:15:15,0.413
27 Oct 2025 21:16:00,0.054
27 Oct 2025 21:17:00,0.034
27 Oct 2025 21:27:15,-0.005
27 Oct 2025 21:27:30,0.116
27 Oct 2025 21:31:15,0.289
27 Oct 2025 21:34:45,0.330
27 Oct 2025 21:36:45,0.155
27 Oct 2025 21:42:45,0.427
27 Oct 2025 21:43:45,-0.116
27 Oct 2025 21:44:15,0.250
27 Oct 2025 21:45:30,0.319
27 Oct 2025 21:48:15,0.057
27 Oct 2025 21:55:15,0.129
27 Oct 2025 22:00:00,-0.046
27 Oct 2025 22:01:15,0.307
27 Oct 2025 22:01:45,0.183
27 Oct 2025 22:02:00,0.133
27 Oct 2025 22:07:00,0.253
27 Oct 2025 22:07:45,0.180
27 Oct 2025 22:08:15,0.242
27 Oct 2025 22:08:30,0.243
27 Oct 2025 22:08:45,0.286
27 Oct 2025 22:15:30,0.384
27 Oct 2025 22:18:45,0.044
27 Oct 2025 22:20:15,0.352
27 Oct 2025 22:24:30,0.120
27 Oct 2025 22:26:15,0.299
27 Oct 2025 22:28:00,0.127
27 Oct 2025 22:28:30,0.381
27 Oct 2025 22:28:45,0.381
27 Oct 2025 22:30:15,0.239
27 Oct 2025 22:32:30,0.307
27 Oct 2025 22:35:15,-0.027
27 Oct 2025 22:35:45,0.063
27 Oct 2025 22:39:00,-0.176
27 Oct 2025 22:42:15,0.078
27 Oct 2025 22:43:15,0.444
27 Oct 2025 22:44:45,0.320
27 Oct 2025 22:47:45,0.190
27 Oct 2025 22:50:30,0.204
27 Oct 2025 22:51:30,0.235
27 Oct 2025 22:52:45,0.239
27 Oct 2025 22:54:15,0.287
27 Oct 2025 22:55:15,0.269
27 Oct 2025 22:57:00,0.441
27 Oct 2025 22:57:45,0.110
27 Oct 2025 22:58:00,0.181
27 Oct 2025 22:58:45,0.395
27 Oct 2025 23:00:15,0.548
27 Oct 2025 23:10:15,0.120
27 Oct 2025 23:12:00,0.245
27 Oct 2025 23:12:30,0.248
27 Oct 2025 23:13:30,0.385
27 Oct 2025 23:15:30,0.258
27 Oct 2025 23:17:15,0.461
27 Oct 2025 23:18:30,-0.037
27 Oct 2025 23:26:00,0.012
27 Oct 2025 23:27:45,0.498
27 Oct 2025 23:28:00,0.293
27 Oct 2025 23:28:15,0.341
27 Oct 2025 23:32:45,0.300
27 Oct 2025 23:35:00,-0.160
27 Oct 2025 23:35:15,0.059
27 Oct 2025 23:36:30,0.175
27 Oct 2025 23:37:45,0.197
27 Oct 2025 23:39:00,0.559
27 Oct 2025 23:40:00,0.347
27 Oct 2025 23:41:30,-0.188
27 Oct 2025 23:46:30,0.323
27 Oct 2025 23:47:45,0.412
27 Oct 2025 23:50:15,0.107
27 Oct 2025 23:50:30,0.129
27 Oct 2025 23:52:30,0.218
27 Oct 2025 23:55:30,0.065
27 Oct 2025 23:57:00,0.096
28 Oct 2025 00:06:15,0.290
28 Oct 2025 00:08:30,0.268
28 Oct 2025 00:09:15,0.184
28 Oct 2025 00:11:15,0.124
28 Oct 2025 00:15:00,0.260
28 Oct 2025 00:16:00,0.009
28 Oct 2025 00:19:00,0.260
28 Oct 2025 00:19:15,0.227
28 Oct 2025 00:22:00,0.289
28 Oct 2025 00:26:45,0.190
28 Oct 2025 00:28:30,0.230
28 Oct 2025 00:29:00,0.381
28 Oct 2025 00:29:45,0.206
28 Oct 2025 00:30:30,0.382
28 Oct 2025 00:30:45,0.087
28 Oct 2025 00:32:15,0.275
28 Oct 2025 00:32:45,0.167
28 Oct 2025 00:34:30,0.046
28 Oct 2025 00:37:00,0.123
28 Oct 2025 00:39:00,0.385
28 Oct 2025 00:40:45,0.156
28 Oct 2025 00:41:45,0.283
28 Oct 2025 00:42:30,0.277
28 Oct 2025 00:43:45,0.295
28 Oct 2025 00:44:45,0.382
28 Oct 2025 00:47:45,0.317
28 Oct 2025 00:48:30,0.515
28 Oct 2025 00:51:00,0.060
28 Oct 2025 00:52:00,0.324
28 Oct 2025 00:53:15,0.450
28 Oct 2025 00:53:45,0.135
28 Oct 2025 00:54:45,0.232
28 Oct 2025 00:58:00,-0.155
28 Oct 2025 00:58:30,0.339
28 Oct 2025 01:00:30,0.283
28 Oct 2025 01:01:00,0.456
28 Oct 2025 01:02:30,0.117
28 Oct 2025 01:03:45,0.181
28 Oct 2025 01:05:30,0.373
28 Oct 2025 01:07:00,0.112
28 Oct 2025 01:11:00,0.561
28 Oct 2025 01:12:00,0.179
28 Oct 2025 01:13:45,0.263
28 Oct 2025 01:14:00,0.122
28 Oct 2025 01:14:45,0.329
28 Oct 2025 01:17:45,0.336
28 Oct 2025 01:18:45,0.195
28 Oct 2025 01:19:15,0.155
28 Oct 2025 01:21:30,0.256
28 Oct 2025 01:23:00,0.290
28 Oct 2025 01:23:45,0.237
28 Oct 2025 01:27:45,0.183
28 Oct 2025 01:28:30,0.133
28 Oct 2025 01:29:00,0.145
28 Oct 2025 01:29:15,0.181
28 Oct 2025 01:29:30,0.413
28 Oct 2025 01:33:45,0.328
28 Oct 2025 01:34:45,0.117
28 Oct 2025 01:35:45,0.182
28 Oct 2025 01:37:45,0.477
28 Oct 2025 01:38:00,0.220
28 Oct 2025 01:38:15,0.210
28 Oct 2025 01:41:00,-0.005
28 Oct 2025 01:44:00,0.162
28 Oct 2025 01:46:45,0.327
28 Oct 2025 01:47:15,0.044
28 Oct 2025 01:51:15,-0.075
28 Oct 2025 01:52:15,0.100
28 Oct 2025 01:52:45,0.258
28 Oct 2025 01:56:30,-0.020
28 Oct 2025 01:57:30,0.175
28 Oct 2025 01:59:45,-0.063
28 Oct 2025 02:03:45,0.024
28 Oct 2025 02:04:45,0.003
28 Oct 2025 02:06:15,0.084
28 Oct 2025 02:08:15,0.113
28 Oct 2025 02:09:30,0.258
28 Oct 2025 02:13:15,-0.078
28 Oct 2025 02:15:45,0.146
28 Oct 2025 02:16:45,0.254
28 Oct 2025 02:18:00,0.313
28 Oct 2025 02:20:15,0.187
28 Oct 2025 02:20:30,0.269
28 Oct 2025 02:21:00,-0.099
28 Oct 2025 02:22:45,0.179
28 Oct 2025 02:24:15,0.349
28 Oct 2025 02:31:30,0.175
28 Oct 2025 02:35:00,0.174
28 Oct 2025 02:36:30,0.238
28 Oct 2025 02:39:15,0.228
28 Oct 2025 02:46:30,0.010
28 Oct 2025 02:50:15,0.238
28 Oct 2025 02:52:00,0.203
28 Oct 2025 02:52:15,0.085
28 Oct 2025 03:05:45,0.295
28 Oct 2025 03:09:15,-0.063
28 Oct 2025 03:10:15,0.230
28 Oct 2025 03:16:30,0.343
28 Oct 2025 03:16:45,0.368
28 Oct 2025 03:18:15,0.131
28 Oct 2025 03:22:00,0.105
28 Oct 2025 03:23:15,0.011
28 Oct 2025 03:26:15,0.263
28 Oct 2025 03:26:45,-0.102
28 Oct 2025 03:27:00,0.163
28 Oct 2025 03:27:45,0.016
28 Oct 2025 03:28:45,0.079
28 Oct 2025 03:30:15,0.305
28 Oct 2025 03:36:30,0.126
28 Oct 2025 03:43:30,-0.003
28 Oct 2025 03:54:15,-0.008
28 Oct 2025 03:54:30,-0.091
28 Oct 2025 03:55:30,0.423
28 Oct 2025 03:55:45,0.228
28 Oct 2025 03:56:00,0.318
28 Oct 2025 04:05:30,0.226
28 Oct 2025 04:12:00,0.200
28 Oct 2025 04:16:45,0.012
28 Oct 2025 04:17:30,-0.087
28 Oct 2025 04:23:45,0.208
28 Oct 2025 04:24:45,0.023
28 Oct 2025 04:26:30,0.231
28 Oct 2025 04:26:45,0.082
28 Oct 2025 04:28:00,-0.123
28 Oct 2025 04:29:15,0.425
28 Oct 2025 04:30:30,-0.014
28 Oct 2025 04:32:15,0.283
28 Oct 2025 04:44:15,0.242
28 Oct 2025 04:46:30,0.094
28 Oct 2025 04:48:15,0.164
28 Oct 2025 04:48:45,0.243
28 Oct 2025 04:49:00,-0.019
28 Oct 2025 04:51:15,0.216
28 Oct 2025 04:53:45,0.335
28 Oct 2025 04:56:30,-0.044
28 Oct 2025 04:57:00,0.045
28 Oct 2025 04:57:30,0.042
28 Oct 2025 05:00:00,-0.010
28 Oct 2025 05:01:45,0.159
28 Oct 2025 05:02:00,0.052
28 Oct 2025 05:02:30,0.100
28 Oct 2025 05:08:45,-0.005
28 Oct 2025 05:09:45,0.020
28 Oct 2025 05:10:45,0.089
28 Oct 2025 05:13:45,0.156
28 Oct 2025 05:14:00,-0.033
28 Oct 2025 05:14:30,0.025
28 Oct 2025 05:15:45,0.380
28 Oct 2025 05:16:15,0.021
28 Oct 2025 05:16:30,0.349
28 Oct 2025 05:17:45,0.386
28 Oct 2025 05:19:15,0.188
28 Oct 2025 05:23:30,-0.162
28 Oct 2025 05:27:15,0.335
28 Oct 2025 05:30:30,0.232
28 Oct 2025 05:30:45,0.099
28 Oct 2025 05:37:30,0.369
28 Oct 2025 05:42:00,0.173
28 Oct 2025 05:42:30,0.242
28 Oct 2025 05:42:45,-0.158
28 Oct 2025 05:44:15,-0.015
28 Oct 2025 05:44:45,-0.020
28 Oct 2025 05:47:00,-0.007
28 Oct 2025 05:47:30,0.043
28 Oct 2025 05:48:00,0.262
28 Oct 2025 05:48:30,0.158
28 Oct 2025 05:49:45,-0.068
28 Oct 2025 05:53:00,0.163
28 Oct 2025 05:53:15,0.025
28 Oct 2025 05:53:45,0.076
28 Oct 2025 05:54:15,0.397
28 Oct 2025 05:55:30,0.069
28 Oct 2025 05:56:15,-0.141
28 Oct 2025 05:56:30,0.107
28 Oct 2025 06:00:15,0.108
28 Oct 2025 06:02:00,0.247
28 Oct 2025 06:03:45,0.056
28 Oct 2025 06:04:00,0.076
28 Oct 2025 06:05:00,0.044
28 Oct 2025 06:05:45,0.217
28 Oct 2025 06:08:00,0.099
28 Oct 2025 06:11:15,-0.090
28 Oct 2025 06:13:00,0.056
28 Oct 2025 06:13:15,0.199
28 Oct 2025 06:14:00,0.128
28 Oct 2025 06:17:00,0.014
28 Oct 2025 06:18:45,0.014
28 Oct 2025 06:20:30,-0.228
28 Oct 2025 06:21:30,0.164
28 Oct 2025 06:22:00,0.200
28 Oct 2025 06:22:45,0.195
28 Oct 2025 06:26:00,0.210
28 Oct 2025 06:28:15,-0.142
28 Oct 2025 06:33:15,0.010
28 Oct 2025 06:37:45,0.120
28 Oct 2025 06:38:45,0.258
28 Oct 2025 06:40:15,0.182
28 Oct 2025 06:42:30,0.241
28 Oct 2025 06:43:45,-0.087
28 Oct 2025 06:48:00,0.236
28 Oct 2025 06:53:15,-0.027
28 Oct 2025 06:55:30,0.305
28 Oct 2025 06:56:00,0.170
28 Oct 2025 06:58:15,0.115
28 Oct 2025 07:02:45,0.149
28 Oct 2025 07:03:15,0.036
28 Oct 2025 07:07:15,0.067
28 Oct 2025 07:07:45,0.147
28 Oct 2025 07:09:15,0.088
28 Oct 2025 07:09:45,0.428
28 Oct 2025 07:10:45,0.109
28 Oct 2025 07:11:30,0.055
28 Oct 2025 07:14:00,0.269
28 Oct 2025 07:16:45,0.218
28 Oct 2025 07:19:15,0.044
28 Oct 2025 07:22:15,0.300
28 Oct 2025 07:24:00,-0.113
28 Oct 2025 07:27:15,0.239
28 Oct 2025 07:28:45,0.339
28 Oct 2025 07:32:00,0.429
28 Oct 2025 07:34:45,-0.124
28 Oct 2025 07:36:30,0.088
28 Oct 2025 07:44:45,0.148
28 Oct 2025 07:45:45,0.074
28 Oct 2025 07:46:30,0.141
28 Oct 2025 07:46:45,0.057
28 Oct 2025 07:48:15,0.144
28 Oct 2025 07:52:00,0.132
28 Oct 2025 07:53:00,-0.031
28 Oct 2025 07:55:15,0.192
28 Oct 2025 07:57:00,0.206
28 Oct 2025 08:00:45,0.263
28 Oct 2025 08:02:30,-0.049
28 Oct 2025 08:04:00,0.287
28 Oct 2025 08:06:45,0.196
28 Oct 2025 08:09:30,-0.037
28 Oct 2025 08:11:00,0.124
28 Oct 2025 08:11:45,0.437
28 Oct 2025 08:12:45,0.037
28 Oct 2025 08:13:00,-0.030
28 Oct 2025 08:13:15,0.173
28 Oct 2025 08:18:30,0.008
28 Oct 2025 08:18:45,-0.102
28 Oct 2025 08:20:15,0.116
28 Oct 2025 08:21:30,0.046
28 Oct 2025 08:26:15,0.060
28 Oct 2025 08:26:45,0.439
28 Oct 2025 08:33:30,0.108
28 Oct 2025 08:34:00,0.157
28 Oct 2025 08:35:15,0.401
28 Oct 2025 08:37:45,0.039
28 Oct 2025 08:40:45,-0.026
28 Oct 2025 08:42:30,0.284
28 Oct 2025 08:46:30,0.069
28 Oct 2025 08:50:45,0.087
28 Oct 2025 08:51:00,0.165
28 Oct 2025 08:52:00,0.316
28 Oct 2025 08:53:00,0.403
28 Oct 2025 08:56:00,0.047
28 Oct 2025 08:56:30,-0.038
28 Oct 2025 09:00:15,0.308
28 Oct 2025 09:02:00,0.390
28 Oct 2025 09:04:00,0.245
28 Oct 2025 09:04:15,0.024
28 Oct 2025 09:05:00,0.320
28 Oct 2025 09:05:30,0.510
28 Oct 2025 09:09:15,0.193
28 Oct 2025 09:18:30,0.086
28 Oct 2025 09:19:15,0.311
28 Oct 2025 09:21:00,0.062
28 Oct 2025 09:21:30,0.154
28 Oct 2025 09:22:30,0.314
28 Oct 2025 09:24:00,0.074
28 Oct 2025 09:26:15,0.122
28 Oct 2025 09:26:30,-0.108
28 Oct 2025 09:27:00,0.464
28 Oct 2025 09:27:15,0.184
28 Oct 2025 09:30:15,0.206
28 Oct 2025 09:34:30,-0.022
28 Oct 2025 09:48:30,0.252
28 Oct 2025 09:49:00,0.453
28 Oct 2025 09:50:15,0.139
28 Oct 2025 09:50:30,0.279
28 Oct 2025 09:52:00,0.173
28 Oct 2025 09:53:45,0.053
28 Oct 2025 09:56:45,0.318
28 Oct 2025 10:01:30,0.128
28 Oct 2025 10:10:30,0.169
28 Oct 2025 10:11:15,0.140
28 Oct 2025 10:12:45,0.089
28 Oct 2025 10:13:00,0.059
28 Oct 2025 10:14:15,0.293
28 Oct 2025 10:15:45,0.031
28 Oct 2025 10:16:15,0.088
28 Oct 2025 10:22:45,0.295
28 Oct 2025 10:24:00,0.114
28 Oct 2025 10:25:30,0.135
28 Oct 2025 10:26:30,0.350
28 Oct 2025 10:29:00,0.243
28 Oct 2025 10:30:30,0.328
28 Oct 2025 10:32:00,0.055
28 Oct 2025 10:32:15,0.122
28 Oct 2025 10:39:00,0.404
28 Oct 2025 10:39:30,0.188
28 Oct 2025 10:39:45,0.215
28 Oct 2025 10:41:15,0.157
28 Oct 2025 10:52:15,0.233
28 Oct 2025 11:01:15,0.286
28 Oct 2025 11:03:00,0.427
28 Oct 2025 11:04:15,0.122
28 Oct 2025 11:05:15,0.127
28 Oct 2025 11:08:00,-0.007
28 Oct 2025 11:14:30,0.338
28 Oct 2025 11:18:30,0.283
28 Oct 2025 11:19:15,0.217
28 Oct 2025 11:19:45,0.175
28 Oct 2025 11:20:00,0.294
28 Oct 2025 11:24:15,0.377
28 Oct 2025 11:26:00,0.179
28 Oct 2025 11:27:00,0.131
28 Oct 2025 11:28:15,0.316
28 Oct 2025 11:29:00,0.408
28 Oct 2025 11:35:00,0.218
28 Oct 2025 11:37:00,0.168
28 Oct 2025 11:39:30,0.311
28 Oct 2025 11:42:30,0.454
28 Oct 2025 11:44:30,0.475
28 Oct 2025 11:45:15,0.314
28 Oct 2025 11:49:30,0.239
28 Oct 2025 11:50:45,0.364
28 Oct 2025 11:52:15,0.311
28 Oct 2025 11:53:30,0.380
28 Oct 2025 11:55:15,0.405
28 Oct 2025 11:56:15,0.330
28 Oct 2025 11:58:15,0.220
28 Oct 2025 12:00:00,0.033
28 Oct 2025 12:03:00,0.249
28 Oct 2025 12:03:45,0.293
28 Oct 2025 12:04:30,0.283
28 Oct 2025 12:06:00,0.243
28 Oct 2025 12:09:30,0.159
28 Oct 2025 12:12:00,0.351
28 Oct 2025 12:21:30,0.452
28 Oct 2025 12:21:45,0.079
28 Oct 2025 12:26:15,0.308
28 Oct 2025 12:28:00,0.418
28 Oct 2025 12:28:30,0.353
28 Oct 2025 12:30:45,0.274
28 Oct 2025 12:31:00,0.153
28 Oct 2025 12:31:30,0.001
28 Oct 2025 12:39:15,0.401
28 Oct 2025 12:45:15,0.248
28 Oct 2025 12:47:30,0.225
28 Oct 2025 12:49:15,0.121
28 Oct 2025 12:51:00,0.194
28 Oct 2025 12:51:45,0.194
28 Oct 2025 12:52:30,0.382
28 Oct 2025 12:55:15,0.226
28 Oct 2025 12:55:45,0.110
28 Oct 2025 12:57:00,0.210
28 Oct 2025 12:58:30,0.318
28 Oct 2025 12:59:30,0.228
28 Oct 2025 13:00:00,0.416
28 Oct 2025 13:01:00,0.415
28 Oct 2025 13:05:30,0.301
28 Oct 2025 13:07:15,0.303
28 Oct 2025 13:09:15,0.404
28 Oct 2025 13:12:00,0.364
28 Oct 2025 13:16:00,0.092
28 Oct 2025 13:19:15,0.145
28 Oct 2025 13:24:00,0.137
28 Oct 2025 13:24:30,0.182
28 Oct 2025 13:27:00,0.070
28 Oct 2025 13:32:00,0.396
28 Oct 2025 13:33:15,0.382
28 Oct 2025 13:35:30,-0.012
28 Oct 2025 13:36:00,0.533
28 Oct 2025 13:39:15,0.293
28 Oct 2025 13:39:30,0.302
28 Oct 2025 13:40:45,0.269
28 Oct 2025 13:41:45,0.353
28 Oct 2025 13:44:30,0.341
28 Oct 2025 13:50:45,0.169
28 Oct 2025 13:51:30,0.018
28 Oct 2025 13:52:45,0.116
28 Oct 2025 13:53:00,0.133
28 Oct 2025 13:53:45,0.287
28 Oct 2025 13:54:30,0.505
28 Oct 2025 13:59:30,0.563
28 Oct 2025 14:06:30,0.336
28 Oct 2025 14:08:30,0.072
28 Oct 2025 14:13:00,0.189
28 Oct 2025 14:16:45,0.081
28 Oct 2025 14:17:00,0.388
28 Oct 2025 14:18:45,0.413
28 Oct 2025 14:19:00,0.316
28 Oct 2025 14:19:15,0.322
28 Oct 2025 14:21:15,0.149
28 Oct 2025 14:21:45,0.357
28 Oct 2025 14:23:45,0.256
28 Oct 2025 14:26:45,0.003
28 Oct 2025 14:27:00,0.588
28 Oct 2025 14:34:15,0.156
28 Oct 2025 14:34:30,0.238
28 Oct 2025 14:35:30,0.339
28 Oct 2025 14:38:00,0.168
28 Oct 2025 14:40:00,-0.019
28 Oct 2025 14:40:15,0.037
28 Oct 2025 14:40:45,0.206
28 Oct 2025 14:41:15,0.163
28 Oct 2025 14:42:30,0.390
28 Oct 2025 14:42:45,0.117
28 Oct 2025 14:48:45,0.232
28 Oct 2025 14:49:15,0.132
28 Oct 2025 14:52:15,0.247
28 Oct 2025 14:55:45,0.144
28 Oct 2025 15:01:00,0.208
28 Oct 2025 15:02:15,0.455
28 Oct 2025 15:04:15,0.332
28 Oct 2025 15:06:00,0.050
28 Oct 2025 15:17:45,0.023
28 Oct 2025 15:23:45,0.178
28 Oct 2025 15:24:00,0.210
28 Oct 2025 15:24:15,0.330
28 Oct 2025 15:29:30,0.361
28 Oct 2025 15:32:15,0.000
28 Oct 2025 15:36:45,0.324
28 Oct 2025 15:37:45,0.091
28 Oct 2025 15:38:30,0.370
28 Oct 2025 15:39:15,0.171
28 Oct 2025 15:42:00,0.300
28 Oct 2025 15:43:45,0.095
28 Oct 2025 15:46:15,0.185
28 Oct 2025 15:47:15,0.165
28 Oct 2025 15:47:30,0.064
28 Oct 2025 15:49:15,0.302
28 Oct 2025 15:52:45,0.135
28 Oct 2025 15:54:45,0.128
28 Oct 2025 15:55:45,-0.024
28 Oct 2025 15:56:15,0.101
28 Oct 2025 15:57:15,-0.119
28 Oct 2025 15:59:00,-0.023
28 Oct 2025 15:59:15,0.226
28 Oct 2025 16:01:45,0.108
28 Oct 2025 16:02:15,0.384
28 Oct 2025 16:06:45,0.301
28 Oct 2025 16:07:15,0.199
28 Oct 2025 16:07:45,0.308
28 Oct 2025 16:11:45,0.332
28 Oct 2025 16:15:45,0.243
28 Oct 2025 16:16:30,0.087
28 Oct 2025 16:17:45,0.290
28 Oct 2025 16:19:00,0.415
28 Oct 2025 16:22:45,0.013
28 Oct 2025 16:26:15,0.009
28 Oct 2025 16:30:15,0.341
28 Oct 2025 16:34:30,0.090
28 Oct 2025 16:35:15,0.108
28 Oct 2025 16:35:45,0.095
28 Oct 2025 16:36:15,0.322
28 Oct 2025 16:37:45,0.134
28 Oct 2025 16:44:00,0.115
28 Oct 2025 16:44:30,0.129
28 Oct 2025 16:45:15,0.368
28 Oct 2025 16:45:45,0.225
28 Oct 2025 16:47:00,0.139
28 Oct 2025 16:47:15,0.054
28 Oct 2025 16:48:15,0.165
28 Oct 2025 16:58:00,0.134
28 Oct 2025 17:02:45,0.312
28 Oct 2025 17:04:15,0.298
28 Oct 2025 17:04:30,0.213
28 Oct 2025 17:04:45,0.252
28 Oct 2025 17:06:00,-0.065
28 Oct 2025 17:06:15,0.172
28 Oct 2025 17:06:45,0.141
28 Oct 2025 17:08:00,0.226
28 Oct 2025 17:12:15,0.248
28 Oct 2025 17:14:30,0.028
28 Oct 2025 17:16:15,0.101
28 Oct 2025 17:17:15,0.148
28 Oct 2025 17:24:30,0.333
28 Oct 2025 17:30:30,0.181
28 Oct 2025 17:31:45,0.206
28 Oct 2025 17:40:45,0.125
28 Oct 2025 17:42:30,0.146
28 Oct 2025 17:43:15,0.253
28 Oct 2025 17:44:00,0.177
28 Oct 2025 17:46:00,0.296
28 Oct 2025 17:46:30,0.034
28 Oct 2025 17:52:30,0.078
28 Oct 2025 17:56:00,0.164
28 Oct 2025 17:56:30,0.285
28 Oct 2025 17:57:45,0.191
28 Oct 2025 18:03:30,0.074
28 Oct 2025 18:03:45,0.056
28 Oct 2025 18:06:15,0.136
28 Oct 2025 18:07:45,0.059
28 Oct 2025 18:08:00,0.030
28 Oct 2025 18:12:30,0.185
28 Oct 2025 18:13:30,0.344
28 Oct 2025 18:17:15,0.158
28 Oct 2025 18:20:00,0.208
28 Oct 2025 18:21:00,0.061
28 Oct 2025 18:22:00,0.257
28 Oct 2025 18:22:30,0.078
28 Oct 2025 18:23:30,-0.056
28 Oct 2025 18:29:15,0.055
28 Oct 2025 18:30:15,0.000
28 Oct 2025 18:32:30,0.077
28 Oct 2025 18:35:30,0.259
28 Oct 2025 18:37:30,0.067
28 Oct 2025 18:41:30,0.206
28 Oct 2025 18:45:15,0.391
28 Oct 2025 18:46:45,-0.065
28 Oct 2025 18:47:00,0.171
28 Oct 2025 18:47:15,0.160
28 Oct 2025 18:47:45,-0.017
28 Oct 2025 18:49:30,0.272
28 Oct 2025 18:50:30,0.114
28 Oct 2025 18:50:45,0.088
28 Oct 2025 18:51:30,0.086
28 Oct 2025 18:59:15,0.288
28 Oct 2025 19:01:30,0.387
28 Oct 2025 19:03:15,0.176
28 Oct 2025 19:05:15,-0.107
28 Oct 2025 19:06:30,0.375
28 Oct 2025 19:08:45,0.108
28 Oct 2025 19:10:30,0.239
28 Oct 2025 19:11:30,-0.030
28 Oct 2025 19:14:15,0.266
28 Oct 2025 19:15:15,0.016
28 Oct 2025 19:16:30,0.075
28 Oct 2025 19:17:00,0.183
28 Oct 2025 19:23:30,0.163
28 Oct 2025 19:27:30,0.128
28 Oct 2025 19:28:45,0.308
28 Oct 2025 19:30:45,-0.069
28 Oct 2025 19:31:15,0.224
28 Oct 2025 19:35:15,0.065
28 Oct 2025 19:38:15,0.143
28 Oct 2025 19:39:15,-0.062
28 Oct 2025 19:40:15,-0.011
28 Oct 2025 19:47:30,0.327
28 Oct 2025 19:49:00,0.269
28 Oct 2025 19:51:00,0.210
28 Oct 2025 19:52:30,0.199
28 Oct 2025 19:53:00,0.133
28 Oct 2025 19:54:00,0.239
28 Oct 2025 19:55:15,0.213
28 Oct 2025 19:56:00,0.014
28 Oct 2025 19:58:15,0.086
28 Oct 2025 19:58:30,0.190
28 Oct 2025 19:59:30,0.065
28 Oct 2025 19:59:45,0.048
28 Oct 2025 20:01:30,0.203
28 Oct 2025 20:02:30,0.171
28 Oct 2025 20:03:45,0.115
28 Oct 2025 20:04:15,0.235
28 Oct 2025 20:05:15,0.237
28 Oct 2025 20:11:30,0.351
28 Oct 2025 20:11:45,0.218
28 Oct 2025 20:13:15,0.039
28 Oct 2025 20:13:45,0.208
28 Oct 2025 20:17:45,0.161
28 Oct 2025 20:20:45,0.232
28 Oct 2025 20:22:30,0.263
28 Oct 2025 20:25:00,0.237
28 Oct 2025 20:27:30,0.164
28 Oct 2025 20:29:45,-0.020
28 Oct 2025 20:30:00,0.288
28 Oct 2025 20:32:30,0.215
28 Oct 2025 20:32:45,0.294
28 Oct 2025 20:35:45,0.181
28 Oct 2025 20:36:45,0.230
28 Oct 2025 20:37:00,0.148
28 Oct 2025 20:39:00,0.133
28 Oct 2025 20:40:45,0.052
28 Oct 2025 20:41:00,0.154
28 Oct 2025 20:41:15,0.328
28 Oct 2025 20:42:45,-0.063
28 Oct 2025 20:44:00,-0.018
28 Oct 2025 20:46:15,0.261
28 Oct 2025 20:48:45,0.103
28 Oct 2025 20:49:45,-0.128
28 Oct 2025 20:52:00,0.306
28 Oct 2025 20:54:45,0.036
28 Oct 2025 20:55:45,0.285
28 Oct 2025 20:59:00,0.021
28 Oct 2025 21:00:30,0.123
28 Oct 2025 21:01:15,0.099
28 Oct 2025 21:02:00,0.192
28 Oct 2025 21:05:00,0.080
28 Oct 2025 21:09:45,0.126
28 Oct 2025 21:10:45,-0.103
28 Oct 2025 21:12:15,0.335
28 Oct 2025 21:12:45,0.240
28 Oct 2025 21:14:45,0.093
28 Oct 2025 21:15:15,-0.037
28 Oct 2025 21:16:00,0.239
28 Oct 2025 21:17:45,0.203
28 Oct 2025 21:21:00,0.245
28 Oct 2025 21:24:00,0.323
28 Oct 2025 21:24:30,0.386
28 Oct 2025 21:24:45,-0.033
28 Oct 2025 21:25:00,0.347
28 Oct 2025 21:25:15,0.383
28 Oct 2025 21:26:45,0.395
28 Oct 2025 21:30:00,0.208
28 Oct 2025 21:30:15,0.358
28 Oct 2025 21:31:30,0.092
28 Oct 2025 21:33:00,0.150
28 Oct 2025 21:35:00,0.246
28 Oct 2025 21:35:45,0.269
28 Oct 2025 21:38:00,0.270
28 Oct 2025 21:40:45,0.116
28 Oct 2025 21:41:00,0.260
28 Oct 2025 21:42:30,0.165
28 Oct 2025 21:45:30,0.089
28 Oct 2025 21:49:00,0.044
28 Oct 2025 21:54:15,0.423
28 Oct 2025 21:55:00,0.253
28 Oct 2025 21:55:30,-0.089
28 Oct 2025 21:58:15,0.293
28 Oct 2025 21:59:15,0.349
28 Oct 2025 22:00:00,0.059
28 Oct 2025 22:04:45,0.049
28 Oct 2025 22:07:15,0.230
28 Oct 2025 22:11:00,0.119
28 Oct 2025 22:11:45,0.344
28 Oct 2025 22:14:45,0.213
28 Oct 2025 22:15:45,0.374
28 Oct 2025 22:17:45,0.252
28 Oct 2025 22:20:45,0.162
28 Oct 2025 22:21:45,0.131
28 Oct 2025 22:23:00,0.167
28 Oct 2025 22:23:15,0.366
28 Oct 2025 22:23:30,0.135
28 Oct 2025 22:25:30,0.455
28 Oct 2025 22:27:15,0.256
28 Oct 2025 22:28:45,0.098
28 Oct 2025 22:29:00,0.168
28 Oct 2025 22:29:30,0.103
28 Oct 2025 22:36:15,0.021
28 Oct 2025 22:37:15,0.332
28 Oct 2025 22:38:00,0.391
28 Oct 2025 22:38:30,0.078
28 Oct 2025 22:43:30,0.186
28 Oct 2025 22:44:30,0.186
28 Oct 2025 22:45:30,0.306
28 Oct 2025 22:46:00,0.205
28 Oct 2025 22:46:15,0.204
28 Oct 2025 22:48:15,0.378
28 Oct 2025 22:49:45,0.270
28 Oct 2025 22:51:30,0.410
28 Oct 2025 22:54:00,0.307
28 Oct 2025 22:55:15,0.301
28 Oct 2025 22:58:00,0.226
28 Oct 2025 22:59:30,0.113
28 Oct 2025 23:00:00,0.404
28 Oct 2025 23:01:00,0.269
28 Oct 2025 23:01:45,0.147
28 Oct 2025 23:05:00,0.358
28 Oct 2025 23:05:15,0.161
28 Oct 2025 23:05:45,0.267
28 Oct 2025 23:07:00,0.247
28 Oct 2025 23:08:30,0.316
28 Oct 2025 23:10:30,0.078
28 Oct 2025 23:12:00,0.192
28 Oct 2025 23:18:00,0.039
28 Oct 2025 23:24:15,0.103
28 Oct 2025 23:26:00,0.218
28 Oct 2025 23:28:00,0.013
28 Oct 2025 23:28:15,0.118
28 Oct 2025 23:28:45,0.166
28 Oct 2025 23:31:30,0.189
28 Oct 2025 23:32:45,0.350
28 Oct 2025 23:33:00,0.140
28 Oct 2025 23:36:30,0.219
28 Oct 2025 23:37:00,0.257
28 Oct 2025 23:37:15,0.218
28 Oct 2025 23:40:15,0.279
28 Oct 2025 23:42:15,0.116
28 Oct 2025 23:44:00,0.136
28 Oct 2025 23:44:15,0.151
28 Oct 2025 23:44:30,0.306
28 Oct 2025 23:45:30,0.101
28 Oct 2025 23:46:00,0.230
28 Oct 2025 23:50:00,0.115
28 Oct 2025 23:52:00,0.176
28 Oct 2025 23:52:30,0.285
28 Oct 2025 23:53:45,0.225
28 Oct 2025 23:54:15,0.073
28 Oct 2025 23:56:15,0.104
28 Oct 2025 23:57:45,0.178
28 Oct 2025 23:59:00,0.366
29 Oct 2025 00:01:00,0.228
29 Oct 2025 00:03:30,0.214
29 Oct 2025 00:06:00,0.061
29 Oct 2025 00:08:30,0.229
29 Oct 2025 00:11:30,0.118
29 Oct 2025 00:12:00,0.217
29 Oct 2025 00:16:30,0.194
29 Oct 2025 00:17:15,0.303
29 Oct 2025 00:17:30,0.187
29 Oct 2025 00:22:30,0.137
29 Oct 2025 00:23:45,0.078
29 Oct 2025 00:26:30,0.219
29 Oct 2025 00:29:00,0.138
29 Oct 2025 00:30:15,0.114
29 Oct 2025 00:30:30,0.133
29 Oct 2025 00:32:00,0.342
29 Oct 2025 00:34:15,0.038
29 Oct 2025 00:38:00,0.345
29 Oct 2025 00:40:30,0.097
29 Oct 2025 00:41:45,0.116
29 Oct 2025 00:43:30,0.182
29 Oct 2025 00:44:00,0.260
29 Oct 2025 00:45:00,0.232
29 Oct 2025 00:45:45,0.246
29 Oct 2025 00:47:45,0.103
29 Oct 2025 00:49:15,0.243
29 Oct 2025 00:54:30,0.399
29 Oct 2025 01:01:15,0.153
29 Oct 2025 01:01:30,0.306
29 Oct 2025 01:01:45,0.190
29 Oct 2025 01:02:15,0.167
29 Oct 2025 01:03:00,0.075
29 Oct 2025 01:04:45,0.195
29 Oct 2025 01:05:15,0.120
29 Oct 2025 01:09:45,0.086
29 Oct 2025 01:11:15,0.325
29 Oct 2025 01:14:00,0.112
29 Oct 2025 01:14:15,0.194
29 Oct 2025 01:15:15,0.258
29 Oct 2025 01:18:00,0.031
29 Oct 2025 01:21:45,0.277
29 Oct 2025 01:23:15,0.145
29 Oct 2025 01:23:30,0.200
29 Oct 2025 01:28:15,0.191
29 Oct 2025 01:29:00,0.261
29 Oct 2025 01:30:30,0.306
29 Oct 2025 01:32:30,0.220
29 Oct 2025 01:42:30,0.174
29 Oct 2025 01:43:30,0.122
29 Oct 2025 01:45:30,0.203
29 Oct 2025 01:48:45,0.266
29 Oct 2025 01:49:00,0.134
29 Oct 2025 01:51:00,0.241
29 Oct 2025 01:52:30,0.215
29 Oct 2025 01:56:00,0.161
29 Oct 2025 01:57:30,0.127
29 Oct 2025 01:58:00,0.217
29 Oct 2025 02:01:00,0.138
29 Oct 2025 02:02:15,0.261
29 Oct 2025 02:03:30,0.132
29 Oct 2025 02:06:00,0.195
29 Oct 2025 02:07:00,0.118
29 Oct 2025 02:07:30,0.281
29 Oct 2025 02:10:15,0.323
29 Oct 2025 02:10:30,0.142
29 Oct 2025 02:15:30,0.080
29 Oct 2025 02:19:30,0.144
29 Oct 2025 02:21:15,0.230
29 Oct 2025 02:23:15,0.238
29 Oct 2025 02:23:45,0.283
29 Oct 2025 02:24:30,0.099
29 Oct 2025 02:25:30,0.165
29 Oct 2025 02:25:45,0.227
29 Oct 2025 02:26:45,0.205
29 Oct 2025 02:30:30,0.224
29 Oct 2025 02:32:00,0.251
29 Oct 2025 02:33:00,0.152
29 Oct 2025 02:39:45,0.174
29 Oct 2025 02:40:15,0.128
29 Oct 2025 02:45:15,0.175
29 Oct 2025 02:51:30,0.139
29 Oct 2025 02:52:30,0.101
29 Oct 2025 02:52:45,0.167
29 Oct 2025 02:54:15,0.207
29 Oct 2025 02:56:15,0.174
29 Oct 2025 02:56:30,0.272
29 Oct 2025 02:57:00,0.157
29 Oct 2025 03:04:15,0.030
29 Oct 2025 03:04:45,0.116
29 Oct 2025 03:05:45,0.214
29 Oct 2025 03:09:30,0.236
29 Oct 2025 03:12:00,0.144
29 Oct 2025 03:24:30,0.136
29 Oct 2025 03:26:00,0.182
29 Oct 2025 03:27:15,0.215
29 Oct 2025 03:28:15,0.141
29 Oct 2025 03:29:45,0.067
29 Oct 2025 03:33:15,0.148
29 Oct 2025 03:34:45,0.181
29 Oct 2025 03:42:00,0.132
29 Oct 2025 03:43:00,0.039
29 Oct 2025 03:45:00,0.168
29 Oct 2025 03:45:15,0.053
29 Oct 2025 03:46:30,0.164
29 Oct 2025 03:48:15,0.117
29 Oct 2025 03:51:00,0.057
29 Oct 2025 03:51:15,0.166
29 Oct 2025 03:51:30,0.168
29 Oct 2025 03:52:00,0.081
29 Oct 2025 03:54:30,0.151
29 Oct 2025 03:54:45,0.136
29 Oct 2025 04:01:30,0.219
29 Oct 2025 04:02:45,0.171
29 Oct 2025 04:04:15,0.105
29 Oct 2025 04:05:45,0.189
29 Oct 2025 04:06:30,-0.018
29 Oct 2025 04:06:45,0.195
29 Oct 2025 04:07:30,0.141
29 Oct 2025 04:10:00,0.122
29 Oct 2025 04:11:30,0.059
29 Oct 2025 04:14:15,0.132
29 Oct 2025 04:19:15,0.040
29 Oct 2025 04:19:30,0.194
29 Oct 2025 04:20:45,0.161
29 Oct 2025 04:23:15,0.093
29 Oct 2025 04:28:45,0.196
29 Oct 2025 04:29:15,0.116
29 Oct 2025 04:29:30,0.127
29 Oct 2025 04:31:00,0.166
29 Oct 2025 04:34:00,0.042
29 Oct 2025 04:35:15,0.154
29 Oct 2025 04:36:45,0.113
29 Oct 2025 04:38:15,0.061
29 Oct 2025 04:41:00,0.168
29 Oct 2025 04:41:30,0.176
29 Oct 2025 04:42:45,0.101
29 Oct 2025 04:45:45,0.115
29 Oct 2025 04:46:45,0.202
29 Oct 2025 04:49:15,0.227
29 Oct 2025 04:49:30,0.135
29 Oct 2025 04:52:30,0.091
29 Oct 2025 04:55:30,0.056
29 Oct 2025 04:58:30,0.148
29 Oct 2025 04:59:00,0.101
29 Oct 2025 05:00:15,0.166
29 Oct 2025 05:06:30,0.104
29 Oct 2025 05:09:15,0.214
29 Oct 2025 05:09:30,0.163
29 Oct 2025 05:11:45,0.046
29 Oct 2025 05:13:45,0.006
29 Oct 2025 05:14:15,0.189
29 Oct 2025 05:15:30,0.161
29 Oct 2025 05:16:00,0.133
29 Oct 2025 05:18:15,0.184
29 Oct 2025 05:22:30,0.138
29 Oct 2025 05:22:45,0.203
29 Oct 2025 05:25:45,0.088
29 Oct 2025 05:29:00,0.161
29 Oct 2025 05:32:15,0.123
29 Oct 2025 05:32:30,0.082
29 Oct 2025 05:35:00,0.229
29 Oct 2025 05:36:45,0.185
29 Oct 2025 05:38:00,0.091
29 Oct 2025 05:40:45,0.004
29 Oct 2025 05:46:45,0.181
29 Oct 2025 05:47:15,0.193
29 Oct 2025 05:50:00,0.146
29 Oct 2025 05:53:45,0.040
29 Oct 2025 05:55:15,0.135
29 Oct 2025 05:58:30,0.118
29 Oct 2025 05:59:30,0.269
29 Oct 2025 06:02:30,0.166
29 Oct 2025 06:08:45,0.083
29 Oct 2025 06:12:15,0.172
29 Oct 2025 06:13:45,0.072
29 Oct 2025 06:14:30,0.156
29 Oct 2025 06:18:15,0.085
29 Oct 2025 06:20:15,0.021
29 Oct 2025 06:21:00,0.146
29 Oct 2025 06:22:30,0.182
29 Oct 2025 06:24:45,0.141
29 Oct 2025 06:27:45,0.200
29 Oct 2025 06:31:45,0.204
29 Oct 2025 06:32:15,0.115
29 Oct 2025 06:32:45,0.171
29 Oct 2025 06:36:15,0.100
29 Oct 2025 06:38:30,0.240
29 Oct 2025 06:42:15,0.105
29 Oct 2025 06:43:30,0.036
29 Oct 2025 06:44:45,0.215
29 Oct 2025 06:46:00,0.216
29 Oct 2025 06:48:30,0.139
29 Oct 2025 06:51:30,0.104
29 Oct 2025 06:54:30,0.050
29 Oct 2025 06:55:45,0.085
29 Oct 2025 06:58:30,0.101
29 Oct 2025 07:00:15,0.199
29 Oct 2025 07:00:30,0.029
29 Oct 2025 07:02:45,0.124
29 Oct 2025 07:03:45,0.146
29 Oct 2025 07:07:30,0.089
29 Oct 2025 07:09:00,0.189
29 Oct 2025 07:10:00,0.101
29 Oct 2025 07:11:00,0.146
29 Oct 2025 07:12:45,0.107
29 Oct 2025 07:14:15,0.136
29 Oct 2025 07:14:45,0.046
29 Oct 2025 07:15:15,0.144
29 Oct 2025 07:17:00,0.110
29 Oct 2025 07:18:30,0.124
29 Oct 2025 07:20:00,0.153
29 Oct 2025 07:22:00,0.211
29 Oct 2025 07:22:45,0.168
29 Oct 2025 07:25:15,0.196
29 Oct 2025 07:26:00,0.057
29 Oct 2025 07:26:15,0.077
29 Oct 2025 07:30:00,0.086
29 Oct 2025 07:32:45,0.081
29 Oct 2025 07:38:45,0.090
29 Oct 2025 07:43:30,0.047
29 Oct 2025 07:45:00,0.103
29 Oct 2025 07:45:30,0.112
29 Oct 2025 07:46:00,0.129
29 Oct 2025 07:46:30,0.178
29 Oct 2025 07:47:45,0.165
29 Oct 2025 07:49:00,0.141
29 Oct 2025 07:49:30,0.189
29 Oct 2025 07:52:15,0.059
29 Oct 2025 07:54:30,0.178
29 Oct 2025 07:55:45,0.129
29 Oct 2025 07:56:00,0.144
29 Oct 2025 07:56:30,0.151
29 Oct 2025 07:58:30,0.210
29 Oct 2025 07:59:00,0.199
29 Oct 2025 08:00:00,0.165
29 Oct 2025 08:00:15,0.210
29 Oct 2025 08:07:00,0.150
29 Oct 2025 08:09:15,0.081
29 Oct 2025 08:09:45,0.171
29 Oct 2025 08:11:30,0.156
29 Oct 2025 08:14:45,0.186
29 Oct 2025 08:15:15,0.102
29 Oct 2025 08:15:45,0.133
29 Oct 2025 08:17:45,0.142
29 Oct 2025 08:24:30,0.126
29 Oct 2025 08:26:15,0.093
29 Oct 2025 08:28:15,0.077
29 Oct 2025 08:35:15,0.079
29 Oct 2025 08:38:00,0.154
29 Oct 2025 08:40:15,0.151
29 Oct 2025 08:43:45,0.024
29 Oct 2025 08:45:45,0.128
29 Oct 2025 08:46:15,0.137
29 Oct 2025 08:46:30,0.134
29 Oct 2025 08:47:45,0.206
29 Oct 2025 08:48:00,0.116
29 Oct 2025 08:49:00,0.114
29 Oct 2025 08:49:15,0.179
29 Oct 2025 08:50:30,0.162
29 Oct 2025 08:52:00,0.149
29 Oct 2025 08:53:15,0.159
29 Oct 2025 08:55:15,0.154
29 Oct 2025 08:58:30,0.138
29 Oct 2025 09:01:45,0.183
29 Oct 2025 09:04:00,0.202
29 Oct 2025 09:08:45,0.107
29 Oct 2025 09:12:00,0.083
29 Oct 2025 09:13:15,0.170
29 Oct 2025 09:14:45,0.106
29 Oct 2025 09:15:15,0.131
29 Oct 2025 09:16:00,0.203
29 Oct 2025 09:21:45,0.170
29 Oct 2025 09:23:00,0.166
29 Oct 2025 09:25:45,0.136
29 Oct 2025 09:26:45,0.201
29 Oct 2025 09:28:30,0.132
29 Oct 2025 09:28:45,0.220
29 Oct 2025 09:29:15,0.114
29 Oct 2025 09:30:45,0.163
29 Oct 2025 09:35:30,0.241
29 Oct 2025 09:36:00,0.133
29 Oct 2025 09:38:45,0.190
29 Oct 2025 09:40:15,0.157
29 Oct 2025 09:45:00,0.140
29 Oct 2025 09:48:00,0.225
29 Oct 2025 09:49:15,0.061
29 Oct 2025 09:49:45,0.234
29 Oct 2025 09:51:30,0.239
29 Oct 2025 09:52:15,0.170
29 Oct 2025 09:54:15,0.224
29 Oct 2025 09:55:15,0.137
29 Oct 2025 09:56:30,0.115
29 Oct 2025 09:57:15,0.238
29 Oct 2025 10:02:30,0.216
29 Oct 2025 10:06:30,0.228
29 Oct 2025 10:08:00,0.262
29 Oct 2025 10:08:45,0.275
29 Oct 2025 10:10:30,0.158
29 Oct 2025 10:11:00,0.247
29 Oct 2025 10:13:30,0.250
29 Oct 2025 10:18:15,0.188
29 Oct 2025 10:18:30,0.248
29 Oct 2025 10:20:45,0.150
29 Oct 2025 10:21:15,0.185
29 Oct 2025 10:23:15,0.240
29 Oct 2025 10:25:15,0.104
29 Oct 2025 10:25:45,0.195
29 Oct 2025 10:28:00,0.161
29 Oct 2025 10:29:30,0.120
29 Oct 2025 10:32:00,0.241
29 Oct 2025 10:32:15,0.241
29 Oct 2025 10:32:45,0.254
29 Oct 2025 10:35:30,0.192
29 Oct 2025 10:38:45,0.230
29 Oct 2025 10:39:45,0.221
29 Oct 2025 10:40:45,0.197
29 Oct 2025 10:47:15,0.243
29 Oct 2025 10:49:00,0.198
29 Oct 2025 10:49:30,0.121
29 Oct 2025 10:55:15,0.253
29 Oct 2025 10:59:00,0.291
29 Oct 2025 11:01:00,0.249
29 Oct 2025 11:01:30,0.232
29 Oct 2025 11:04:30,0.238
29 Oct 2025 11:15:00,0.209
29 Oct 2025 11:15:45,0.149
29 Oct 2025 11:17:30,0.132
29 Oct 2025 11:20:00,0.281
29 Oct 2025 11:23:00,0.242
29 Oct 2025 11:23:30,0.211
29 Oct 2025 11:25:00,0.273
29 Oct 2025 11:25:30,0.252
29 Oct 2025 11:27:30,0.261
29 Oct 2025 11:32:15,0.223
29 Oct 2025 11:32:45,0.311
29 Oct 2025 11:34:45,0.109
29 Oct 2025 11:38:00,0.168
29 Oct 2025 11:39:45,0.204
29 Oct 2025 11:40:00,0.221
29 Oct 2025 11:41:15,0.351
29 Oct 2025 11:41:45,0.252
29 Oct 2025 11:42:45,0.158
29 Oct 2025 11:46:00,0.204
29 Oct 2025 11:50:15,0.344
29 Oct 2025 11:50:30,0.147
29 Oct 2025 11:51:00,0.250
29 Oct 2025 11:51:15,0.182
29 Oct 2025 11:51:30,0.161
29 Oct 2025 11:52:45,0.184
29 Oct 2025 11:57:15,0.194
29 Oct 2025 11:59:30,0.301
29 Oct 2025 11:59:45,0.331
29 Oct 2025 12:00:00,0.119
29 Oct 2025 12:05:00,0.163
29 Oct 2025 12:07:30,0.117
29 Oct 2025 12:08:45,0.414
29 Oct 2025 12:12:00,0.311
29 Oct 2025 12:18:45,0.287
29 Oct 2025 12:19:30,0.386
29 Oct 2025 12:20:00,0.045
29 Oct 2025 12:21:15,0.236
29 Oct 2025 12:30:15,0.356
29 Oct 2025 12:30:30,0.288
29 Oct 2025 12:33:45,0.196
29 Oct 2025 12:36:45,0.297
29 Oct 2025 12:38:00,0.317
29 Oct 2025 12:39:15,0.205
29 Oct 2025 12:41:15,0.365
29 Oct 2025 12:44:00,0.389
29 Oct 2025 12:46:15,0.247
29 Oct 2025 12:46:45,0.289
29 Oct 2025 12:49:00,0.230
29 Oct 2025 12:51:00,0.313
29 Oct 2025 12:52:00,0.215
29 Oct 2025 12:56:00,0.282
29 Oct 2025 12:58:00,0.192
29 Oct 2025 13:02:45,0.196
29 Oct 2025 13:04:30,0.348
29 Oct 2025 13:07:30,0.224
29 Oct 2025 13:08:30,0.288
29 Oct 2025 13:08:45,0.090
29 Oct 2025 13:09:45,0.152
29 Oct 2025 13:12:15,0.338
29 Oct 2025 13:15:00,0.247
29 Oct 2025 13:15:15,0.252
29 Oct 2025 13:15:30,0.324
29 Oct 2025 13:16:00,0.339
29 Oct 2025 13:16:30,0.227
29 Oct 2025 13:20:15,0.366
29 Oct 2025 13:22:30,0.437
29 Oct 2025 13:22:45,0.128
29 Oct 2025 13:31:00,0.330
29 Oct 2025 13:31:45,0.199
29 Oct 2025 13:34:00,0.171
29 Oct 2025 13:36:45,0.134
29 Oct 2025 13:38:15,0.266
29 Oct 2025 13:40:15,0.204
29 Oct 2025 13:42:00,0.308
29 Oct 2025 13:42:15,0.260
29 Oct 2025 13:42:45,0.283
29 Oct 2025 13:43:30,0.273
29 Oct 2025 13:44:00,0.275
29 Oct 2025 13:44:15,0.229
29 Oct 2025 13:47:30,0.273
29 Oct 2025 13:48:15,0.329
29 Oct 2025 13:49:00,0.164
29 Oct 2025 13:51:15,0.268
29 Oct 2025 13:56:15,0.436
29 Oct 2025 14:00:00,0.340
29 Oct 2025 14:01:00,0.242
29 Oct 2025 14:01:15,0.242
29 Oct 2025 14:02:00,0.355
29 Oct 2025 14:03:00,0.297
29 Oct 2025 14:08:15,0.288
29 Oct 2025 14:09:15,0.184
29 Oct 2025 14:10:45,0.320
29 Oct 2025 14:12:30,0.308
29 Oct 2025 14:13:15,0.214
29 Oct 2025 14:15:45,0.282
29 Oct 2025 14:16:00,0.352
29 Oct 2025 14:18:15,0.409
29 Oct 2025 14:19:45,0.263
29 Oct 2025 14:21:00,0.280
29 Oct 2025 14:22:00,0.195
29 Oct 2025 14:23:00,0.223
29 Oct 2025 14:24:45,0.413
29 Oct 2025 14:27:15,0.212
29 Oct 2025 14:28:15,0.317
29 Oct 2025 14:30:00,0.323
29 Oct 2025 14:32:00,0.350
29 Oct 2025 14:34:15,0.424
29 Oct 2025 14:34:30,0.307
29 Oct 2025 14:35:30,0.160
29 Oct 2025 14:36:45,0.237
29 Oct 2025 14:37:15,0.414
29 Oct 2025 14:38:30,0.414
29 Oct 2025 14:42:15,0.405
29 Oct 2025 14:44:45,0.202
29 Oct 2025 14:45:15,0.198
29 Oct 2025 14:46:45,0.271
29 Oct 2025 14:47:30,0.277
29 Oct 2025 14:49:00,0.229
29 Oct 2025 14:49:45,0.322
29 Oct 2025 14:51:00,0.268
29 Oct 2025 14:54:15,0.331
29 Oct 2025 14:57:30,0.301
29 Oct 2025 14:59:45,0.267
29 Oct 2025 15:00:45,0.424
29 Oct 2025 15:04:15,0.310
29 Oct 2025 15:04:30,0.294
29 Oct 2025 15:07:15,0.244
29 Oct 2025 15:08:00,0.259
29 Oct 2025 15:10:00,0.233
29 Oct 2025 15:10:45,0.263
29 Oct 2025 15:18:45,0.181
29 Oct 2025 15:22:00,0.391
29 Oct 2025 15:25:00,0.408
29 Oct 2025 15:27:15,0.340
29 Oct 2025 15:29:00,0.138
29 Oct 2025 15:32:30,0.155
29 Oct 2025 15:37:15,-0.021
29 Oct 2025 15:40:30,0.207
29 Oct 2025 15:45:30,0.144
29 Oct 2025 15:46:00,0.269
29 Oct 2025 15:48:30,0.148
29 Oct 2025 15:49:15,0.182
29 Oct 2025 15:50:45,0.086
29 Oct 2025 15:53:45,0.093
29 Oct 2025 15:54:15,0.228
29 Oct 2025 15:55:15,0.355
29 Oct 2025 15:59:15,0.237
29 Oct 2025 16:00:45,0.476
29 Oct 2025 16:04:15,0.099
29 Oct 2025 16:04:45,0.055
29 Oct 2025 16:07:00,0.178
29 Oct 2025 16:09:45,0.214
29 Oct 2025 16:10:30,0.321
29 Oct 2025 16:11:30,0.146
29 Oct 2025 16:12:45,0.148
29 Oct 2025 16:13:00,0.510
29 Oct 2025 16:19:45,0.090
29 Oct 2025 16:20:00,0.433
29 Oct 2025 16:33:15,0.285
29 Oct 2025 16:33:45,0.175
29 Oct 2025 16:36:00,0.411
29 Oct 2025 16:39:45,0.387
29 Oct 2025 16:40:45,0.249
29 Oct 2025 16:41:45,0.051
29 Oct 2025 16:52:30,0.232
29 Oct 2025 16:53:15,0.095
29 Oct 2025 16:55:30,0.190
29 Oct 2025 16:56:15,0.299
29 Oct 2025 16:56:45,0.401
29 Oct 2025 16:59:30,0.231
29 Oct 2025 17:00:15,0.383
29 Oct 2025 17:04:15,0.091
29 Oct 2025 17:05:15,0.384
29 Oct 2025 17:08:00,0.166
29 Oct 2025 17:09:15,0.310
29 Oct 2025 17:14:45,0.371
29 Oct 2025 17:15:00,0.221
29 Oct 2025 17:15:30,0.244
29 Oct 2025 17:16:00,0.354
29 Oct 2025 17:17:00,0.285
29 Oct 2025 17:21:45,0.281
29 Oct 2025 17:23:15,0.418
29 Oct 2025 17:26:15,0.406
29 Oct 2025 17:26:30,0.094
29 Oct 2025 17:27:30,0.195
29 Oct 2025 17:31:30,0.218
29 Oct 2025 17:38:30,-0.001
29 Oct 2025 17:40:30,0.081
29 Oct 2025 17:44:15,0.357
29 Oct 2025 17:46:30,0.134
29 Oct 2025 17:51:45,0.233
29 Oct 2025 17:52:30,0.073
29 Oct 2025 17:53:00,0.214
29 Oct 2025 17:55:15,0.079
29 Oct 2025 17:56:15,0.081
29 Oct 2025 17:57:30,0.140
29 Oct 2025 17:58:00,0.437
29 Oct 2025 17:58:30,0.084
29 Oct 2025 17:59:45,0.143
29 Oct 2025 18:04:00,0.209
29 Oct 2025 18:05:45,0.225
29 Oct 2025 18:08:00,-0.146
29 Oct 2025 18:11:15,0.168
29 Oct 2025 18:13:15,0.172
29 Oct 2025 18:13:30,0.118
29 Oct 2025 18:15:15,-0.106
29 Oct 2025 18:15:45,0.178
29 Oct 2025 18:16:00,0.249
29 Oct 2025 18:16:30,0.140
29 Oct 2025 18:19:15,0.194
29 Oct 2025 18:22:00,0.265
29 Oct 2025 18:23:00,0.212
29 Oct 2025 18:24:15,0.180
29 Oct 2025 18:25:00,0.074
29 Oct 2025 18:27:45,0.263
29 Oct 2025 18:30:45,0.216
29 Oct 2025 18:31:15,0.133
29 Oct 2025 18:31:45,0.112
29 Oct 2025 18:33:15,-0.048
29 Oct 2025 18:35:30,0.510
29 Oct 2025 18:39:30,0.135
29 Oct 2025 18:40:00,0.002
29 Oct 2025 18:40:15,0.328
29 Oct 2025 18:40:30,0.317
29 Oct 2025 18:40:45,0.267
29 Oct 2025 18:46:15,0.421
29 Oct 2025 18:49:30,0.366
29 Oct 2025 18:50:00,0.245
29 Oct 2025 18:55:00,0.245
29 Oct 2025 18:59:00,0.162
29 Oct 2025 18:59:15,0.004
29 Oct 2025 19:00:00,0.186
29 Oct 2025 19:02:00,0.237
29 Oct 2025 19:05:30,0.138
29 Oct 2025 19:07:00,-0.227
29 Oct 2025 19:07:45,0.059
29 Oct 2025 19:08:30,0.201
29 Oct 2025 19:09:00,0.204
29 Oct 2025 19:14:30,0.189
29 Oct 2025 19:20:45,0.342
29 Oct 2025 19:22:15,0.047
29 Oct 2025 19:22:45,0.262
29 Oct 2025 19:23:15,0.047
29 Oct 2025 19:23:30,0.013
29 Oct 2025 19:25:45,0.082
29 Oct 2025 19:29:30,0.390
29 Oct 2025 19:31:00,0.143
29 Oct 2025 19:34:15,-0.209
29 Oct 2025 19:35:30,0.243
29 Oct 2025 19:38:30,-0.070
29 Oct 2025 19:40:15,0.108
29 Oct 2025 19:42:45,0.109
29 Oct 2025 19:44:00,0.210
29 Oct 2025 19:45:15,0.414
29 Oct 2025 19:49:00,0.118
29 Oct 2025 19:52:00,0.111
29 Oct 2025 19:53:00,0.092
29 Oct 2025 19:54:15,0.247
29 Oct 2025 19:56:00,-0.048
29 Oct 2025 20:00:15,0.113
29 Oct 2025 20:02:00,0.140
29 Oct 2025 20:05:15,0.368
29 Oct 2025 20:06:30,0.331
29 Oct 2025 20:07:00,0.301
29 Oct 2025 20:08:00,0.084
29 Oct 2025 20:09:00,0.172
29 Oct 2025 20:11:00,0.284
29 Oct 2025 20:13:45,0.088
29 Oct 2025 20:17:15,0.177
29 Oct 2025 20:17:45,0.075
29 Oct 2025 20:18:15,0.154
29 Oct 2025 20:21:00,0.348
29 Oct 2025 20:21:15,0.116
29 Oct 2025 20:23:00,0.146
29 Oct 2025 20:24:00,0.267
29 Oct 2025 20:24:30,0.436
29 Oct 2025 20:25:00,0.357
29 Oct 2025 20:25:45,0.114
29 Oct 2025 20:26:00,0.148
29 Oct 2025 20:28:00,0.110
29 Oct 2025 20:33:00,0.039
29 Oct 2025 20:33:15,0.353
29 Oct 2025 20:33:45,0.280
29 Oct 2025 20:37:30,0.097
29 Oct 2025 20:42:45,0.135
29 Oct 2025 20:43:00,0.249
29 Oct 2025 20:44:00,0.115
29 Oct 2025 20:44:15,0.142
29 Oct 2025 20:44:45,0.139
29 Oct 2025 20:45:30,0.095
29 Oct 2025 20:46:30,0.209
29 Oct 2025 20:49:15,-0.017
29 Oct 2025 20:50:30,0.236
29 Oct 2025 20:52:45,0.157
29 Oct 2025 20:54:15,0.074
29 Oct 2025 20:59:15,0.182
29 Oct 2025 21:01:00,-0.038
29 Oct 2025 21:01:45,-0.041
29 Oct 2025 21:02:00,0.312
29 Oct 2025 21:07:00,0.093
29 Oct 2025 21:09:30,0.338
29 Oct 2025 21:09:45,-0.037
29 Oct 2025 21:13:45,0.344
29 Oct 2025 21:14:30,0.282
29 Oct 2025 21:18:15,0.391
29 Oct 2025 21:22:15,0.135
29 Oct 2025 21:23:00,0.359
29 Oct 2025 21:23:15,0.323
29 Oct 2025 21:27:15,0.113
29 Oct 2025 21:27:30,0.183
29 Oct 2025 21:28:15,0.266
29 Oct 2025 21:29:15,0.212
29 Oct 2025 21:31:15,0.138
29 Oct 2025 21:31:30,0.245
29 Oct 2025 21:33:30,0.236
29 Oct 2025 21:35:00,0.165
29 Oct 2025 21:38:15,0.128
29 Oct 2025 21:40:45,0.205
29 Oct 2025 21:45:30,0.398
29 Oct 2025 21:46:15,0.058
29 Oct 2025 21:47:15,0.290
29 Oct 2025 21:48:45,0.238
29 Oct 2025 21:49:00,0.221
29 Oct 2025 21:49:45,0.332
29 Oct 2025 21:50:00,0.243
29 Oct 2025 21:51:45,0.212
29 Oct 2025 21:55:15,0.197
29 Oct 2025 21:55:30,0.194
29 Oct 2025 21:57:15,0.035
29 Oct 2025 21:58:00,0.148
29 Oct 2025 21:59:00,0.148
29 Oct 2025 22:01:00,0.393
29 Oct 2025 22:02:45,0.238
29 Oct 2025 22:03:15,0.314
29 Oct 2025 22:03:30,0.077
29 Oct 2025 22:03:45,0.264
29 Oct 2025 22:05:45,0.159
29 Oct 2025 22:06:15,0.153
29 Oct 2025 22:09:00,0.216
29 Oct 2025 22:13:15,0.177
29 Oct 2025 22:17:45,0.258
29 Oct 2025 22:18:00,0.355
29 Oct 2025 22:18:30,0.347
29 Oct 2025 22:21:45,0.073
29 Oct 2025 22:22:45,0.268
29 Oct 2025 22:23:45,0.489
29 Oct 2025 22:24:00,0.218
29 Oct 2025 22:29:00,0.397
29 Oct 2025 22:30:15,-0.121
29 Oct 2025 22:33:00,-0.077
29 Oct 2025 22:33:45,0.199
29 Oct 2025 22:35:45,-0.158
29 Oct 2025 22:37:45,0.327
29 Oct 2025 22:39:45,0.216
29 Oct 2025 22:42:30,0.024
29 Oct 2025 22:44:00,0.288
29 Oct 2025 22:46:15,0.227
29 Oct 2025 22:46:30,0.296
29 Oct 2025 22:47:45,-0.183
29 Oct 2025 22:52:15,-0.046
29 Oct 2025 23:00:00,0.065
29 Oct 2025 23:00:45,0.114
29 Oct 2025 23:02:30,-0.086
29 Oct 2025 23:03:30,0.017
29 Oct 2025 23:07:30,0.308
29 Oct 2025 23:09:45,0.429
29 Oct 2025 23:10:45,0.402
29 Oct 2025 23:12:15,0.062
29 Oct 2025 23:20:30,0.216
29 Oct 2025 23:21:00,0.403
29 Oct 2025 23:21:15,0.387
29 Oct 2025 23:23:45,-0.167
29 Oct 2025 23:28:00,0.249
29 Oct 2025 23:34:15,0.317
29 Oct 2025 23:37:15,0.316
29 Oct 2025 23:43:15,0.529
29 Oct 2025 23:44:30,0.302
29 Oct 2025 23:46:45,0.341
29 Oct 2025 23:47:45,0.160
29 Oct 2025 23:48:15,0.058
29 Oct 2025 23:48:30,0.461
29 Oct 2025 23:50:30,0.094
29 Oct 2025 23:51:30,0.406
29 Oct 2025 23:53:00,0.351
29 Oct 2025 23:55:45,0.131
29 Oct 2025 23:57:30,0.172
29 Oct 2025 23:58:00,0.181
29 Oct 2025 23:58:30,0.236
30 Oct 2025 00:01:00,0.160
30 Oct 2025 00:01:15,0.250
30 Oct 2025 00:06:45,0.320
30 Oct 2025 00:07:15,0.098
30 Oct 2025 00:13:15,0.176
30 Oct 2025 00:13:30,0.111
30 Oct 2025 00:16:45,0.048
30 Oct 2025 00:17:00,0.091
30 Oct 2025 00:18:15,0.169
30 Oct 2025 00:25:45,0.519
30 Oct 2025 00:27:30,0.000
30 Oct 2025 00:30:00,0.290
30 Oct 2025 00:33:30,0.505
30 Oct 2025 00:34:45,0.223
30 Oct 2025 00:37:45,0.266
30 Oct 2025 00:39:30,0.171
30 Oct 2025 00:39:45,0.452
30 Oct 2025 00:44:00,0.364
30 Oct 2025 00:45:00,0.113
30 Oct 2025 00:46:45,0.297
30 Oct 2025 00:47:30,0.065
30 Oct 2025 00:48:00,0.242
30 Oct 2025 00:49:00,0.331
30 Oct 2025 00:50:15,0.190
30 Oct 2025 00:58:30,0.647
30 Oct 2025 00:59:00,0.362
30 Oct 2025 01:00:00,0.207
30 Oct 2025 01:05:00,0.440
30 Oct 2025 01:06:15,0.006
30 Oct 2025 01:06:30,0.000
30 Oct 2025 01:12:00,0.148
30 Oct 2025 01:14:00,-0.058
30 Oct 2025 01:17:00,0.225
30 Oct 2025 01:17:45,0.324
30 Oct 2025 01:18:15,0.342
30 Oct 2025 01:25:00,0.404
30 Oct 2025 01:25:15,0.331
30 Oct 2025 01:25:45,-0.024
30 Oct 2025 01:26:00,0.089
30 Oct 2025 01:28:15,0.023
30 Oct 2025 01:29:30,0.363
30 Oct 2025 01:37:45,0.244
30 Oct 2025 01:38:45,0.311
30 Oct 2025 01:39:30,0.269
30 Oct 2025 01:40:30,0.162
30 Oct 2025 01:44:45,0.292
30 Oct 2025 01:45:00,0.206
30 Oct 2025 01:48:45,-0.033
30 Oct 2025 01:50:00,0.368
30 Oct 2025 01:52:45,0.140
30 Oct 2025 01:57:15,-0.031
30 Oct 2025 01:59:30,0.034
30 Oct 2025 02:00:45,0.189
30 Oct 2025 02:02:00,0.124
30 Oct 2025 02:03:00,0.396
30 Oct 2025 02:04:00,0.279
30 Oct 2025 02:04:15,0.286
30 Oct 2025 02:08:30,0.428
30 Oct 2025 02:09:00,0.386
30 Oct 2025 02:10:45,0.277
30 Oct 2025 02:12:15,0.245
30 Oct 2025 02:12:45,0.398
30 Oct 2025 02:18:45,0.206
30 Oct 2025 02:19:00,0.362
30 Oct 2025 02:20:30,0.260
30 Oct 2025 02:22:45,0.377
30 Oct 2025 02:23:30,0.337
30 Oct 2025 02:29:15,0.413
30 Oct 2025 02:29:30,0.220
30 Oct 2025 02:30:15,0.026
30 Oct 2025 02:34:15,0.159
30 Oct 2025 02:34:45,0.009
30 Oct 2025 02:36:15,0.291
30 Oct 2025 02:39:45,-0.061
30 Oct 2025 02:41:00,0.325
30 Oct 2025 02:42:15,0.476
30 Oct 2025 02:42:30,0.365
30 Oct 2025 02:45:00,0.330
30 Oct 2025 02:48:00,0.317
30 Oct 2025 02:52:45,0.155
30 Oct 2025 02:54:30,0.197
30 Oct 2025 02:55:00,-0.119
30 Oct 2025 02:55:45,-0.043
30 Oct 2025 02:56:15,-0.164
30 Oct 2025 02:56:30,-0.387
30 Oct 2025 02:58:00,0.208
30 Oct 2025 03:02:45,0.291
30 Oct 2025 03:03:30,0.179
30 Oct 2025 03:05:30,0.200
30 Oct 2025 03:05:45,0.009
30 Oct 2025 03:08:30,0.074
30 Oct 2025 03:08:45,0.628
30 Oct 2025 03:10:45,0.266
30 Oct 2025 03:12:00,0.203
30 Oct 2025 03:12:30,0.226
30 Oct 2025 03:13:00,0.471
30 Oct 2025 03:15:00,0.296
30 Oct 2025 03:16:45,0.278
30 Oct 2025 03:18:00,0.176
30 Oct 2025 03:21:00,0.055
30 Oct 2025 03:23:00,0.508
30 Oct 2025 03:23:30,0.446
30 Oct 2025 03:27:30,0.100
30 Oct 2025 03:29:45,0.135
30 Oct 2025 03:30:00,0.384
30 Oct 2025 03:31:45,0.205
30 Oct 2025 03:33:00,0.046
30 Oct 2025 03:33:45,0.408
30 Oct 2025 03:34:45,0.121
30 Oct 2025 03:37:45,0.155
30 Oct 2025 03:41:45,-0.008
30 Oct 2025 03:42:00,0.151
30 Oct 2025 03:44:45,0.306
30 Oct 2025 03:47:00,0.287
30 Oct 2025 03:47:30,0.107
30 Oct 2025 03:50:30,0.243
30 Oct 2025 03:51:30,0.106
30 Oct 2025 03:52:45,0.069
30 Oct 2025 03:53:00,0.411
30 Oct 2025 03:55:45,0.196
30 Oct 2025 03:59:45,-0.001
30 Oct 2025 04:00:00,0.493
30 Oct 2025 04:03:00,0.231
30 Oct 2025 04:04:30,0.113
30 Oct 2025 04:04:45,0.502
30 Oct 2025 04:06:45,0.287
30 Oct 2025 04:07:15,-0.007
30 Oct 2025 04:07:30,0.170
30 Oct 2025 04:08:45,0.389
30 Oct 2025 04:10:30,-0.004
30 Oct 2025 04:10:45,0.673
30 Oct 2025 04:11:30,0.240
30 Oct 2025 04:20:30,0.309
30 Oct 2025 04:21:00,-0.144
30 Oct 2025 04:22:15,0.076
30 Oct 2025 04:22:45,0.050
30 Oct 2025 04:25:00,0.052
30 Oct 2025 04:26:15,0.086
30 Oct 2025 04:26:30,0.175
30 Oct 2025 04:27:00,0.501
30 Oct 2025 04:28:00,0.224
30 Oct 2025 04:32:15,-0.021
30 Oct 2025 04:32:30,0.067
30 Oct 2025 04:37:15,0.054
30 Oct 2025 04:38:00,-0.026
30 Oct 2025 04:39:00,0.132
30 Oct 2025 04:39:30,0.598
30 Oct 2025 04:40:00,0.179
30 Oct 2025 04:41:15,-0.060
30 Oct 2025 04:42:15,0.517
30 Oct 2025 04:42:30,-0.322
30 Oct 2025 04:43:00,0.030
30 Oct 2025 04:44:30,0.001
30 Oct 2025 04:45:00,0.272
30 Oct 2025 04:49:30,0.536
30 Oct 2025 04:55:00,-0.046
30 Oct 2025 04:56:45,0.146
30 Oct 2025 04:57:00,0.272
30 Oct 2025 04:58:30,0.293
30 Oct 2025 04:59:30,0.284
30 Oct 2025 05:01:00,0.255
30 Oct 2025 05:01:30,0.340
30 Oct 2025 05:05:00,-0.124
30 Oct 2025 05:07:45,-0.258
30 Oct 2025 05:08:15,0.432
30 Oct 2025 05:10:15,0.130
30 Oct 2025 05:12:45,0.332
30 Oct 2025 05:19:15,0.002
30 Oct 2025 05:20:15,0.357
30 Oct 2025 05:21:15,0.131
30 Oct 2025 05:22:00,0.157
30 Oct 2025 05:23:00,0.208
30 Oct 2025 05:23:15,0.266
30 Oct 2025 05:35:00,0.610
30 Oct 2025 05:36:15,0.411
30 Oct 2025 05:38:45,-0.161
30 Oct 2025 05:40:15,0.579
30 Oct 2025 05:42:00,0.287
30 Oct 2025 05:42:45,-0.373
30 Oct 2025 05:44:30,0.362
30 Oct 2025 05:44:45,0.163
30 Oct 2025 05:51:15,0.133
30 Oct 2025 05:55:15,-0.031
30 Oct 2025 05:58:45,0.453
30 Oct 2025 06:00:00,0.381
30 Oct 2025 06:01:45,0.207
30 Oct 2025 06:02:45,0.089
30 Oct 2025 06:03:45,0.378
30 Oct 2025 06:05:45,-0.207
30 Oct 2025 06:06:00,-0.432
30 Oct 2025 06:08:00,0.605
30 Oct 2025 06:14:15,0.110
30 Oct 2025 06:20:00,0.232
30 Oct 2025 06:21:00,0.265
30 Oct 2025 06:21:15,0.671
30 Oct 2025 06:21:45,0.300
30 Oct 2025 06:24:15,0.502
30 Oct 2025 06:24:45,0.031
30 Oct 2025 06:25:00,-0.109
30 Oct 2025 06:33:30,-0.164
30 Oct 2025 06:36:30,-0.145
30 Oct 2025 06:39:00,-0.173
30 Oct 2025 06:45:45,0.180
30 Oct 2025 06:50:45,0.116
30 Oct 2025 06:52:30,-0.029
30 Oct 2025 06:53:30,0.447
30 Oct 2025 06:56:15,0.314
30 Oct 2025 07:03:45,0.205
30 Oct 2025 07:12:00,0.324
30 Oct 2025 07:13:15,0.471
30 Oct 2025 07:14:30,0.260
30 Oct 2025 07:15:00,0.541
30 Oct 2025 07:15:30,0.117
30 Oct 2025 07:19:00,0.042
30 Oct 2025 07:22:30,0.331
30 Oct 2025 07:23:30,-0.143
30 Oct 2025 07:25:30,0.216
30 Oct 2025 07:28:15,0.298
30 Oct 2025 07:29:45,-0.241
30 Oct 2025 07:30:00,-0.375
30 Oct 2025 07:30:45,0.480
30 Oct 2025 07:39:00,-0.195
30 Oct 2025 07:39:15,-0.174
30 Oct 2025 07:39:30,-0.144
30 Oct 2025 07:44:30,0.202
30 Oct 2025 07:47:30,0.283
30 Oct 2025 07:49:15,-0.028
30 Oct 2025 07:53:30,-0.360
30 Oct 2025 07:59:45,-0.290
30 Oct 2025 08:00:15,0.329
30 Oct 2025 08:00:30,0.221
30 Oct 2025 08:04:45,0.220
30 Oct 2025 08:06:00,0.044
30 Oct 2025 08:06:45,-0.204
30 Oct 2025 08:08:45,0.308
30 Oct 2025 08:11:45,0.071
30 Oct 2025 08:13:30,0.210
30 Oct 2025 08:17:45,-0.019
30 Oct 2025 08:18:30,0.380
30 Oct 2025 08:19:00,-0.252
30 Oct 2025 08:19:15,0.360
30 Oct 2025 08:21:15,0.639
30 Oct 2025 08:25:15,0.407
30 Oct 2025 08:30:15,0.354
30 Oct 2025 08:33:15,0.425
30 Oct 2025 08:36:15,0.514
30 Oct 2025 08:37:00,0.623
30 Oct 2025 08:39:00,-0.172
30 Oct 2025 08:39:15,0.645
30 Oct 2025 08:40:00,0.429
30 Oct 2025 08:41:45,-0.084
30 Oct 2025 08:42:45,0.082
30 Oct 2025 08:43:15,0.244
30 Oct 2025 08:44:15,0.433
30 Oct 2025 08:44:30,-0.149
30 Oct 2025 08:45:30,-0.270
30 Oct 2025 08:47:45,0.525
30 Oct 2025 08:48:30,0.429
30 Oct 2025 08:49:45,0.119
30 Oct 2025 08:50:00,0.136
30 Oct 2025 08:50:15,0.142
30 Oct 2025 08:51:15,0.257
30 Oct 2025 08:51:30,0.270
30 Oct 2025 08:52:45,0.551
30 Oct 2025 08:53:30,0.052
30 Oct 2025 08:54:00,0.303
30 Oct 2025 08:57:00,0.237
30 Oct 2025 09:01:45,0.265
30 Oct 2025 09:02:00,0.218
30 Oct 2025 09:03:00,-0.070
30 Oct 2025 09:04:45,0.607
30 Oct 2025 09:05:30,0.318
30 Oct 2025 09:06:00,-0.623
30 Oct 2025 09:06:15,0.153
30 Oct 2025 09:07:45,0.400
30 Oct 2025 09:10:00,0.386
30 Oct 2025 09:10:30,0.545
30 Oct 2025 09:12:00,0.538
30 Oct 2025 09:12:15,0.483
30 Oct 2025 09:15:45,0.102
30 Oct 2025 09:16:15,0.192
30 Oct 2025 09:16:30,-0.070
30 Oct 2025 09:17:15,0.297
30 Oct 2025 09:19:45,0.105
30 Oct 2025 09:21:00,0.422
30 Oct 2025 09:22:15,0.281
30 Oct 2025 09:23:00,0.101
30 Oct 2025 09:24:00,-0.133
30 Oct 2025 09:26:15,0.358
30 Oct 2025 09:28:45,0.672
30 Oct 2025 09:29:00,-0.390
30 Oct 2025 09:30:30,0.227
30 Oct 2025 09:31:15,0.431
30 Oct 2025 09:32:30,0.625
30 Oct 2025 09:33:15,0.056
30 Oct 2025 09:33:45,0.499
30 Oct 2025 09:36:00,0.321
30 Oct 2025 09:37:15,0.305
30 Oct 2025 09:37:45,0.474
30 Oct 2025 09:39:45,0.023
30 Oct 2025 09:40:30,0.043
30 Oct 2025 09:42:30,0.056
30 Oct 2025 09:44:00,-0.253
30 Oct 2025 09:44:30,0.357
30 Oct 2025 09:44:45,0.418
30 Oct 2025 09:47:30,0.036
30 Oct 2025 09:48:15,-0.156
30 Oct 2025 09:49:45,0.388
30 Oct 2025 09:51:15,0.651
30 Oct 2025 09:51:45,-0.107
30 Oct 2025 09:53:15,0.478
30 Oct 2025 09:53:30,-0.188
30 Oct 2025 10:01:00,0.524
30 Oct 2025 10:02:00,-0.320
30 Oct 2025 10:04:45,0.329
30 Oct 2025 10:08:15,0.169
30 Oct 2025 10:09:30,-0.029
30 Oct 2025 10:10:45,0.740
30 Oct 2025 10:11:00,0.100
30 Oct 2025 10:14:00,0.820
30 Oct 2025 10:14:15,0.227
30 Oct 2025 10:16:15,0.159
30 Oct 2025 10:16:45,-0.145
30 Oct 2025 10:17:15,-0.001
30 Oct 2025 10:18:00,0.128
30 Oct 2025 10:18:30,0.228
30 Oct 2025 10:21:45,0.386
30 Oct 2025 10:23:45,-0.318
30 Oct 2025 10:25:15,0.400
30 Oct 2025 10:28:15,0.059
30 Oct 2025 10:28:45,-0.666
30 Oct 2025 10:32:00,0.380
30 Oct 2025 10:32:15,0.524
30 Oct 2025 10:34:30,0.157
30 Oct 2025 10:34:45,0.430
30 Oct 2025 10:36:00,0.624
30 Oct 2025 10:38:30,0.723
30 Oct 2025 10:39:00,0.225
30 Oct 2025 10:39:15,0.124
30 Oct 2025 10:43:30,0.351
30 Oct 2025 10:43:45,-0.317
30 Oct 2025 10:44:15,-0.403
30 Oct 2025 10:45:15,0.367
30 Oct 2025 10:45:30,0.533
30 Oct 2025 10:45:45,0.107
30 Oct 2025 10:46:15,0.742
30 Oct 2025 10:51:00,0.717
30 Oct 2025 10:52:15,0.229
30 Oct 2025 10:57:30,0.383
30 Oct 2025 10:57:45,0.029
30 Oct 2025 10:58:15,0.321
30 Oct 2025 11:00:00,0.419
30 Oct 2025 11:00:45,0.033
30 Oct 2025 11:01:45,0.731
30 Oct 2025 11:03:30,-0.363
30 Oct 2025 11:06:00,0.489
30 Oct 2025 11:09:30,0.441
30 Oct 2025 11:11:30,0.041
30 Oct 2025 11:13:15,0.312
30 Oct 2025 11:16:45,0.125
30 Oct 2025 11:17:45,0.006
30 Oct 2025 11:23:30,0.376
30 Oct 2025 11:26:45,-0.083
30 Oct 2025 11:27:30,0.436
30 Oct 2025 11:27:45,0.249
30 Oct 2025 11:30:45,0.114
30 Oct 2025 11:33:30,-0.189
30 Oct 2025 11:34:30,0.031
30 Oct 2025 11:35:15,0.570
30 Oct 2025 11:39:45,0.458
30 Oct 2025 11:40:45,-0.680
30 Oct 2025 11:46:15,0.689
30 Oct 2025 11:49:15,0.296
30 Oct 2025 11:50:00,0.854
30 Oct 2025 11:51:15,0.594
30 Oct 2025 11:52:30,0.487
30 Oct 2025 11:54:30,0.136
30 Oct 2025 11:59:30,0.358
30 Oct 2025 12:02:15,-0.139
30 Oct 2025 12:03:15,0.009
30 Oct 2025 12:06:00,-0.129
30 Oct 2025 12:07:00,0.385
30 Oct 2025 12:07:30,0.420
30 Oct 2025 12:09:45,-0.098
30 Oct 2025 12:11:30,0.422
30 Oct 2025 12:25:45,-0.389
30 Oct 2025 12:27:45,0.069
30 Oct 2025 12:29:00,0.450
30 Oct 2025 12:29:15,0.341
30 Oct 2025 12:35:30,-0.054
30 Oct 2025 12:35:45,0.928
30 Oct 2025 12:37:00,0.126
30 Oct 2025 12:39:15,0.032
30 Oct 2025 12:40:15,-0.183
30 Oct 2025 12:40:45,0.351
30 Oct 2025 12:43:30,0.231
30 Oct 2025 12:43:45,0.714
30 Oct 2025 12:44:00,-0.015
30 Oct 2025 12:45:15,0.285
30 Oct 2025 12:46:00,0.126
30 Oct 2025 12:53:45,0.841
30 Oct 2025 12:54:45,0.074
30 Oct 2025 12:58:30,0.441
30 Oct 2025 12:59:45,-0.145
30 Oct 2025 13:03:00,-0.026
30 Oct 2025 13:03:15,0.455
30 Oct 2025 13:04:15,0.341
30 Oct 2025 13:05:30,0.212
30 Oct 2025 13:10:45,0.926
30 Oct 2025 13:11:15,1.095
30 Oct 2025 13:12:00,0.703
30 Oct 2025 13:14:00,0.187
30 Oct 2025 13:15:00,0.629
30 Oct 2025 13:17:15,0.447
30 Oct 2025 13:19:00,0.386
30 Oct 2025 13:20:45,0.482
30 Oct 2025 13:21:45,-0.219
30 Oct 2025 13:24:15,0.814
30 Oct 2025 13:25:45,0.480
30 Oct 2025 13:26:15,0.355
30 Oct 2025 13:27:30,0.423
30 Oct 2025 13:30:30,-0.372
30 Oct 2025 13:31:00,0.518
30 Oct 2025 13:32:00,0.284
30 Oct 2025 13:32:15,-0.049
30 Oct 2025 13:34:30,0.225
30 Oct 2025 13:34:45,0.776
30 Oct 2025 13:35:45,0.651
30 Oct 2025 13:36:00,0.513
30 Oct 2025 13:36:45,0.114
30 Oct 2025 13:38:00,-0.053
30 Oct 2025 13:38:30,0.701
30 Oct 2025 13:41:45,0.596
30 Oct 2025 13:44:00,0.672
30 Oct 2025 13:44:30,0.479
30 Oct 2025 13:45:00,0.799
30 Oct 2025 13:46:15,0.822
30 Oct 2025 13:46:45,0.480
30 Oct 2025 13:51:00,0.183
30 Oct 2025 13:53:00,0.365
30 Oct 2025 13:55:30,0.548
30 Oct 2025 13:56:30,0.441
30 Oct 2025 14:00:45,-0.140
30 Oct 2025 14:01:15,-0.159
30 Oct 2025 14:04:15,0.947
30 Oct 2025 14:04:30,0.287
30 Oct 2025 14:07:30,0.262
30 Oct 2025 14:10:15,0.485
30 Oct 2025 14:12:15,0.340
30 Oct 2025 14:13:00,0.531
30 Oct 2025 14:15:30,0.604
30 Oct 2025 14:21:30,0.454
30 Oct 2025 14:27:00,0.341
30 Oct 2025 14:29:00,0.543
30 Oct 2025 14:30:15,0.636
30 Oct 2025 14:31:30,0.662
30 Oct 2025 14:32:45,0.261
30 Oct 2025 14:35:30,0.547
30 Oct 2025 14:44:15,0.608
30 Oct 2025 14:44:30,0.494
30 Oct 2025 14:45:30,-0.096
30 Oct 2025 14:46:30,0.058
30 Oct 2025 14:46:45,0.622
30 Oct 2025 14:47:15,0.251
30 Oct 2025 14:47:45,0.430
30 Oct 2025 14:48:00,0.124
30 Oct 2025 14:55:45,0.378
30 Oct 2025 15:01:45,0.283
30 Oct 2025 15:05:30,0.652
30 Oct 2025 15:06:30,0.573
30 Oct 2025 15:07:45,0.501
30 Oct 2025 15:08:30,0.291
30 Oct 2025 15:09:00,0.871
30 Oct 2025 15:09:30,0.232
30 Oct 2025 15:12:30,0.562
30 Oct 2025 15:14:15,0.277
30 Oct 2025 15:16:30,0.253
30 Oct 2025 15:16:45,0.416
30 Oct 2025 15:20:00,0.388
30 Oct 2025 15:24:45,0.312
30 Oct 2025 15:25:00,0.486
30 Oct 2025 15:28:30,0.586
30 Oct 2025 15:31:45,0.384
30 Oct 2025 15:35:00,0.596
30 Oct 2025 15:35:45,0.333
30 Oct 2025 15:36:45,0.647
30 Oct 2025 15:37:00,0.468
30 Oct 2025 15:38:00,0.579
30 Oct 2025 15:39:00,0.362
30 Oct 2025 15:46:30,0.052
30 Oct 2025 15:47:15,0.520
30 Oct 2025 15:49:45,0.303
30 Oct 2025 15:51:00,0.251
30 Oct 2025 15:53:00,0.208
30 Oct 2025 15:53:15,0.290
30 Oct 2025 16:00:00,0.184
30 Oct 2025 16:08:45,-0.011
30 Oct 2025 16:09:30,0.383
30 Oct 2025 16:10:00,0.327
30 Oct 2025 16:10:15,0.454
30 Oct 2025 16:10:45,0.299
30 Oct 2025 16:12:15,0.504
30 Oct 2025 16:13:30,0.532
30 Oct 2025 16:15:00,0.300
30 Oct 2025 16:16:30,0.659
30 Oct 2025 16:17:45,0.203
30 Oct 2025 16:19:00,0.599
30 Oct 2025 16:20:15,0.443
30 Oct 2025 16:20:30,0.397
30 Oct 2025 16:23:15,0.394
30 Oct 2025 16:25:15,0.549
30 Oct 2025 16:28:00,0.406
30 Oct 2025 16:31:00,0.205
30 Oct 2025 16:35:00,0.257
30 Oct 2025 16:36:30,0.421
30 Oct 2025 16:40:45,0.471
30 Oct 2025 16:41:00,0.519
30 Oct 2025 16:49:00,0.320
30 Oct 2025 16:49:15,0.150
30 Oct 2025 16:51:00,0.006
30 Oct 2025 16:53:15,0.370
30 Oct 2025 16:53:30,0.201
30 Oct 2025 16:56:15,0.185
30 Oct 2025 16:56:45,0.541
30 Oct 2025 17:00:30,0.350
30 Oct 2025 17:01:00,0.538
30 Oct 2025 17:04:45,0.089
30 Oct 2025 17:09:30,0.305
30 Oct 2025 17:14:00,0.218
30 Oct 2025 17:15:45,0.184
30 Oct 2025 17:17:15,0.351
30 Oct 2025 17:19:15,0.379
30 Oct 2025 17:20:45,0.217
30 Oct 2025 17:22:00,0.204
30 Oct 2025 17:23:00,0.482
30 Oct 2025 17:23:30,0.495
30 Oct 2025 17:24:45,0.432
30 Oct 2025 17:28:15,0.040
30 Oct 2025 17:31:45,0.324
30 Oct 2025 17:33:15,0.124
30 Oct 2025 17:34:15,0.253
30 Oct 2025 17:35:15,0.755
30 Oct 2025 17:37:45,0.178
30 Oct 2025 17:39:30,0.245
30 Oct 2025 17:44:00,0.322
30 Oct 2025 17:45:00,-0.100
30 Oct 2025 17:48:15,0.568
30 Oct 2025 17:51:30,0.321
30 Oct 2025 17:52:30,0.579
30 Oct 2025 17:53:30,0.351
30 Oct 2025 17:54:15,0.186
30 Oct 2025 17:55:15,0.055
30 Oct 2025 17:56:45,0.116
30 Oct 2025 17:57:45,0.281
30 Oct 2025 18:02:45,0.258
30 Oct 2025 18:04:00,0.604
30 Oct 2025 18:09:30,0.421
30 Oct 2025 18:11:15,0.207
30 Oct 2025 18:12:30,-0.078
30 Oct 2025 18:13:15,0.283
30 Oct 2025 18:13:45,0.375
30 Oct 2025 18:16:00,0.328
30 Oct 2025 18:17:15,0.468
30 Oct 2025 18:18:00,0.305
30 Oct 2025 18:20:00,0.199
30 Oct 2025 18:21:15,0.006
30 Oct 2025 18:26:00,0.349
30 Oct 2025 18:26:45,0.318
30 Oct 2025 18:29:15,0.335
30 Oct 2025 18:30:00,0.051
30 Oct 2025 18:32:15,0.045
30 Oct 2025 18:34:00,0.081
30 Oct 2025 18:37:15,0.287
30 Oct 2025 18:40:30,0.109
30 Oct 2025 18:41:45,0.409
30 Oct 2025 18:43:00,0.174
30 Oct 2025 18:46:15,-0.076
30 Oct 2025 18:47:15,0.348
30 Oct 2025 18:50:00,0.315
30 Oct 2025 18:51:00,0.425
30 Oct 2025 18:53:45,0.104
30 Oct 2025 18:54:45,0.392
30 Oct 2025 18:56:00,0.047
30 Oct 2025 18:57:15,0.293
30 Oct 2025 19:00:00,0.250
30 Oct 2025 19:02:15,0.416
30 Oct 2025 19:03:45,0.151
30 Oct 2025 19:04:15,0.623
30 Oct 2025 19:06:15,0.192
30 Oct 2025 19:10:45,0.540
30 Oct 2025 19:13:00,-0.042
30 Oct 2025 19:17:45,0.266
30 Oct 2025 19:19:15,0.412
30 Oct 2025 19:20:15,0.192
30 Oct 2025 19:26:45,0.044
30 Oct 2025 19:27:45,0.285
30 Oct 2025 19:29:15,0.322
30 Oct 2025 19:36:30,0.316
30 Oct 2025 19:38:30,-0.507
30 Oct 2025 19:40:30,0.312
30 Oct 2025 19:42:30,-0.179
30 Oct 2025 19:44:30,-0.058
30 Oct 2025 19:46:30,0.136
30 Oct 2025 19:48:00,0.256
30 Oct 2025 19:49:30,0.069
30 Oct 2025 19:53:30,0.368
30 Oct 2025 19:55:00,0.072
30 Oct 2025 19:55:45,0.421
30 Oct 2025 19:57:30,0.218
30 Oct 2025 19:59:00,0.145
30 Oct 2025 20:00:00,-0.268
30 Oct 2025 20:01:45,0.106
30 Oct 2025 20:03:30,0.219
30 Oct 2025 20:04:45,-0.312
30 Oct 2025 20:06:30,0.332
30 Oct 2025 20:08:45,0.467
30 Oct 2025 20:10:15,-0.224
30 Oct 2025 20:11:45,0.637
30 Oct 2025 20:13:00,-0.109
30 Oct 2025 20:16:15,0.132
30 Oct 2025 20:17:45,0.132
30 Oct 2025 20:22:15,0.194
30 Oct 2025 20:23:30,0.334
30 Oct 2025 20:24:30,0.321
30 Oct 2025 20:25:45,-0.411
30 Oct 2025 20:27:00,0.482
30 Oct 2025 20:29:15,0.405
30 Oct 2025 20:31:30,-0.027
30 Oct 2025 20:32:30,0.209
30 Oct 2025 20:35:30,-0.008
30 Oct 2025 20:38:15,0.197
30 Oct 2025 20:39:30,0.303
30 Oct 2025 20:40:45,0.120
30 Oct 2025 20:42:00,0.181
30 Oct 2025 20:43:15,0.242
30 Oct 2025 20:43:45,0.073
30 Oct 2025 20:45:15,0.206
30 Oct 2025 20:46:15,0.136
30 Oct 2025 20:47:45,0.209
30 Oct 2025 20:48:30,0.314
30 Oct 2025 20:50:30,0.414
30 Oct 2025 20:52:30,0.318
30 Oct 2025 20:54:30,0.304
30 Oct 2025 20:56:30,0.084
30 Oct 2025 20:58:30,-0.113
30 Oct 2025 20:59:30,0.217
30 Oct 2025 21:00:45,0.427
30 Oct 2025 21:01:30,-0.004
30 Oct 2025 21:04:30,0.441
30 Oct 2025 21:05:00,-0.189
30 Oct 2025 21:06:00,0.301
30 Oct 2025 21:07:15,0.073
30 Oct 2025 21:09:00,0.383
30 Oct 2025 21:09:45,0.103
30 Oct 2025 21:11:15,0.491
30 Oct 2025 21:13:45,0.311
30 Oct 2025 21:15:00,-0.027
30 Oct 2025 21:20:00,-0.100
30 Oct 2025 21:21:15,0.515
30 Oct 2025 21:27:45,0.344
30 Oct 2025 21:30:00,0.328
30 Oct 2025 21:32:00,-0.095
30 Oct 2025 21:35:15,0.130
30 Oct 2025 21:37:15,0.288
30 Oct 2025 21:40:15,0.209
30 Oct 2025 21:41:45,0.333
30 Oct 2025 21:43:30,0.421
30 Oct 2025 21:45:15,0.250
30 Oct 2025 21:50:00,0.210
30 Oct 2025 21:52:15,0.019
30 Oct 2025 21:52:45,0.106
30 Oct 2025 21:53:15,0.346
30 Oct 2025 21:55:00,0.207
30 Oct 2025 21:58:00,-0.279
30 Oct 2025 22:01:45,0.200
30 Oct 2025 22:02:15,0.257
30 Oct 2025 22:08:30,0.155
30 Oct 2025 22:08:45,0.226
30 Oct 2025 22:10:15,0.328
30 Oct 2025 22:13:00,0.081
30 Oct 2025 22:13:15,-0.100
30 Oct 2025 22:14:15,0.094
30 Oct 2025 22:16:30,-0.043
30 Oct 2025 22:18:15,0.136
30 Oct 2025 22:18:30,0.189
30 Oct 2025 22:22:30,-0.004
30 Oct 2025 22:22:45,0.130
30 Oct 2025 22:23:00,0.308
30 Oct 2025 22:24:30,0.297
30 Oct 2025 22:26:00,0.134
30 Oct 2025 22:28:45,0.349
30 Oct 2025 22:31:15,0.419
30 Oct 2025 22:32:00,0.108
30 Oct 2025 22:35:45,0.075
30 Oct 2025 22:41:00,-0.127
30 Oct 2025 22:41:45,0.232
30 Oct 2025 22:45:00,0.207
30 Oct 2025 22:45:30,-0.030
30 Oct 2025 22:47:30,0.500
30 Oct 2025 22:48:45,0.342
30 Oct 2025 22:49:00,0.083
30 Oct 2025 22:49:15,0.117
30 Oct 2025 22:52:30,0.080
30 Oct 2025 22:52:45,0.372
30 Oct 2025 22:55:15,0.313
30 Oct 2025 22:58:00,0.168
30 Oct 2025 23:03:15,0.022
30 Oct 2025 23:04:15,0.200
30 Oct 2025 23:04:30,0.186
30 Oct 2025 23:07:00,0.271
30 Oct 2025 23:10:30,0.329
30 Oct 2025 23:13:00,0.079
30 Oct 2025 23:13:15,0.223
30 Oct 2025 23:15:00,0.389
30 Oct 2025 23:16:30,0.274
30 Oct 2025 23:17:15,0.359
30 Oct 2025 23:17:45,0.177
30 Oct 2025 23:19:30,0.080
30 Oct 2025 23:21:15,0.101
30 Oct 2025 23:29:15,-0.106
30 Oct 2025 23:30:30,0.239
30 Oct 2025 23:32:15,0.147
30 Oct 2025 23:34:30,-0.049
30 Oct 2025 23:35:00,0.157
30 Oct 2025 23:36:00,0.170
30 Oct 2025 23:40:15,0.088
30 Oct 2025 23:43:30,0.301
30 Oct 2025 23:45:00,0.321
30 Oct 2025 23:45:45,0.331
30 Oct 2025 23:48:00,-0.079
30 Oct 2025 23:50:00,0.257
30 Oct 2025 23:51:15,0.313
30 Oct 2025 23:52:00,-0.045
30 Oct 2025 23:52:45,0.184
30 Oct 2025 23:53:00,0.249
30 Oct 2025 23:55:15,0.487
30 Oct 2025 23:55:30,0.175
30 Oct 2025 23:59:00,0.182
30 Oct 2025 23:59:30,0.067
31 Oct 2025 00:02:45,0.253
31 Oct 2025 00:03:15,0.411
31 Oct 2025 00:06:00,0.249
31 Oct 2025 00:07:00,0.387
31 Oct 2025 00:08:15,0.137
31 Oct 2025 00:08:45,0.136
31 Oct 2025 00:12:00,0.369
31 Oct 2025 00:12:15,0.323
31 Oct 2025 00:14:15,0.179
31 Oct 2025 00:16:45,0.357
31 Oct 2025 00:17:00,0.245
31 Oct 2025 00:17:45,0.255
31 Oct 2025 00:21:15,0.189
31 Oct 2025 00:22:00,0.123
31 Oct 2025 00:23:00,0.116
31 Oct 2025 00:24:00,0.221
31 Oct 2025 00:26:45,0.128
31 Oct 2025 00:29:45,0.033
31 Oct 2025 00:34:00,0.221
31 Oct 2025 00:36:00,0.248
31 Oct 2025 00:39:15,0.203
31 Oct 2025 00:39:30,0.237
31 Oct 2025 00:45:15,0.445
31 Oct 2025 00:48:45,0.194
31 Oct 2025 00:53:45,0.284
31 Oct 2025 00:55:15,0.269
31 Oct 2025 00:56:15,0.234
31 Oct 2025 00:56:30,0.168
31 Oct 2025 00:57:15,0.227
31 Oct 2025 01:00:30,0.348
31 Oct 2025 01:00:45,0.230
31 Oct 2025 01:01:00,0.262
31 Oct 2025 01:03:00,0.211
31 Oct 2025 01:04:45,0.233
31 Oct 2025 01:05:30,0.308
31 Oct 2025 01:08:00,0.111
31 Oct 2025 01:08:15,0.311
31 Oct 2025 01:08:30,0.209
31 Oct 2025 01:09:45,0.490
31 Oct 2025 01:13:30,0.056
31 Oct 2025 01:15:00,0.182
31 Oct 2025 01:20:30,-0.001
31 Oct 2025 01:22:15,0.045
31 Oct 2025 01:27:00,0.054
31 Oct 2025 01:29:45,0.066
31 Oct 2025 01:32:45,0.231
31 Oct 2025 01:33:00,0.479
31 Oct 2025 01:33:15,0.280
31 Oct 2025 01:34:15,0.322
31 Oct 2025 01:35:00,0.342
31 Oct 2025 01:36:45,0.150
31 Oct 2025 01:39:45,0.118
31 Oct 2025 01:42:45,0.398
31 Oct 2025 01:46:45,0.321
31 Oct 2025 01:51:00,0.423
31 Oct 2025 01:52:45,0.305
31 Oct 2025 01:53:15,0.294
31 Oct 2025 01:53:30,0.283
31 Oct 2025 01:53:45,0.268
31 Oct 2025 01:57:30,0.206
31 Oct 2025 01:58:45,0.396
31 Oct 2025 01:59:45,0.354
31 Oct 2025 02:00:15,0.146
31 Oct 2025 02:03:00,0.433
31 Oct 2025 02:04:00,0.300
31 Oct 2025 02:05:45,0.468
31 Oct 2025 02:07:15,0.106
31 Oct 2025 02:08:45,0.363
31 Oct 2025 02:10:15,0.255
31 Oct 2025 02:10:30,0.280
31 Oct 2025 02:10:45,0.152
31 Oct 2025 02:11:45,0.189
31 Oct 2025 02:13:00,0.500
31 Oct 2025 02:16:45,0.241
31 Oct 2025 02:17:00,0.166
31 Oct 2025 02:17:30,0.335
31 Oct 2025 02:24:00,0.458
31 Oct 2025 02:24:30,0.347
31 Oct 2025 02:26:30,0.013
31 Oct 2025 02:27:30,0.121
31 Oct 2025 02:28:15,0.170
31 Oct 2025 02:31:45,0.397
31 Oct 2025 02:34:15,0.076
31 Oct 2025 02:35:30,0.362
31 Oct 2025 02:38:15,0.116
31 Oct 2025 02:39:00,0.386
31 Oct 2025 02:40:30,0.315
31 Oct 2025 02:42:15,0.127
31 Oct 2025 02:44:45,0.247
31 Oct 2025 02:45:00,0.084
31 Oct 2025 02:46:00,0.021
31 Oct 2025 02:47:15,0.230
31 Oct 2025 02:48:30,-0.068
31 Oct 2025 02:50:00,0.224
31 Oct 2025 02:52:15,0.131
31 Oct 2025 02:53:15,0.187
31 Oct 2025 02:58:30,0.188
31 Oct 2025 02:59:00,0.260
31 Oct 2025 03:02:30,0.277
31 Oct 2025 03:05:30,0.136
31 Oct 2025 03:07:15,0.271
31 Oct 2025 03:07:45,0.069
31 Oct 2025 03:09:30,0.061
31 Oct 2025 03:14:15,0.247
31 Oct 2025 03:15:00,0.283
31 Oct 2025 03:16:30,0.255
31 Oct 2025 03:17:45,0.262
31 Oct 2025 03:20:00,0.291
31 Oct 2025 03:21:30,0.261
31 Oct 2025 03:29:15,0.438
31 Oct 2025 03:30:45,0.312
31 Oct 2025 03:34:15,0.245
31 Oct 2025 03:39:30,0.455
31 Oct 2025 03:39:45,0.239
31 Oct 2025 03:42:00,0.146
31 Oct 2025 03:42:45,0.409
31 Oct 2025 03:43:15,0.397
31 Oct 2025 03:47:15,0.321
31 Oct 2025 03:48:00,0.291
31 Oct 2025 03:54:00,0.392
31 Oct 2025 03:54:15,0.308
31 Oct 2025 04:03:00,0.321
31 Oct 2025 04:03:30,0.137
31 Oct 2025 04:04:45,0.202
31 Oct 2025 04:06:15,0.234
31 Oct 2025 04:08:30,0.226
31 Oct 2025 04:09:30,0.212
31 Oct 2025 04:10:45,0.471
31 Oct 2025 04:12:15,0.127
31 Oct 2025 04:13:00,0.438
31 Oct 2025 04:14:30,0.199
31 Oct 2025 04:16:15,0.085
31 Oct 2025 04:17:00,0.359
31 Oct 2025 04:17:15,0.396
31 Oct 2025 04:18:15,0.167
31 Oct 2025 04:20:45,0.341
31 Oct 2025 04:24:15,0.350
31 Oct 2025 04:29:15,0.344
31 Oct 2025 04:29:30,0.093
31 Oct 2025 04:30:00,0.311
31 Oct 2025 04:32:30,0.212
31 Oct 2025 04:34:00,0.180
31 Oct 2025 04:35:00,0.167
31 Oct 2025 04:36:15,0.276
31 Oct 2025 04:37:30,0.159
31 Oct 2025 04:37:45,0.222
31 Oct 2025 04:38:45,0.015
31 Oct 2025 04:42:45,0.259
31 Oct 2025 04:44:15,0.325
31 Oct 2025 04:44:45,0.262
31 Oct 2025 04:46:00,0.168
31 Oct 2025 04:46:15,0.412
31 Oct 2025 04:46:45,0.160
31 Oct 2025 04:48:45,0.183
31 Oct 2025 04:50:15,0.343
31 Oct 2025 04:53:00,0.215
31 Oct 2025 04:54:00,0.158
31 Oct 2025 04:55:30,0.337
31 Oct 2025 04:57:15,0.135
31 Oct 2025 05:00:45,0.274
31 Oct 2025 05:01:45,0.128
31 Oct 2025 05:02:30,0.329
31 Oct 2025 05:05:45,0.328
31 Oct 2025 05:12:15,0.471
31 Oct 2025 05:12:45,0.476
31 Oct 2025 05:18:45,0.296
31 Oct 2025 05:20:45,0.397
31 Oct 2025 05:21:15,0.029
31 Oct 2025 05:23:15,0.205
31 Oct 2025 05:30:45,0.128
31 Oct 2025 05:34:45,0.296
31 Oct 2025 05:37:15,0.286
31 Oct 2025 05:38:00,0.226
31 Oct 2025 05:38:30,0.300
31 Oct 2025 05:39:00,0.373
31 Oct 2025 05:41:15,0.391
31 Oct 2025 05:42:00,0.272
31 Oct 2025 05:43:30,0.002
31 Oct 2025 05:48:15,0.282
31 Oct 2025 05:49:45,0.294
31 Oct 2025 05:51:00,0.351
31 Oct 2025 05:51:45,0.316
31 Oct 2025 05:55:15,0.144
31 Oct 2025 06:00:30,0.166
31 Oct 2025 06:01:45,0.174
31 Oct 2025 06:02:30,0.149
31 Oct 2025 06:03:45,0.060
31 Oct 2025 06:06:00,0.231
31 Oct 2025 06:06:15,0.489
31 Oct 2025 06:06:45,0.318
31 Oct 2025 06:13:15,-0.057
31 Oct 2025 06:16:15,0.085
31 Oct 2025 06:16:45,0.089
31 Oct 2025 06:20:00,0.284
31 Oct 2025 06:23:00,0.234
31 Oct 2025 06:24:00,0.199
31 Oct 2025 06:26:00,0.142
31 Oct 2025 06:27:45,0.305
31 Oct 2025 06:31:15,0.465
31 Oct 2025 06:32:30,0.225
31 Oct 2025 06:34:45,0.376
31 Oct 2025 06:36:00,0.055
31 Oct 2025 06:36:30,0.251
31 Oct 2025 06:37:45,0.445
31 Oct 2025 06:38:45,0.361
31 Oct 2025 06:39:00,0.103
31 Oct 2025 06:39:30,0.290
31 Oct 2025 06:40:15,0.526
31 Oct 2025 06:43:15,0.053
31 Oct 2025 06:47:15,0.466
31 Oct 2025 06:47:30,0.277
31 Oct 2025 07:03:45,0.369
31 Oct 2025 07:04:30,0.455
31 Oct 2025 07:08:00,0.250
31 Oct 2025 07:09:00,0.408
31 Oct 2025 07:10:15,0.181
31 Oct 2025 07:13:15,-0.109
31 Oct 2025 07:16:45,0.197
31 Oct 2025 07:19:00,0.226
31 Oct 2025 07:19:45,-0.011
31 Oct 2025 07:20:00,0.336
31 Oct 2025 07:20:30,0.162
31 Oct 2025 07:30:00,0.194
31 Oct 2025 07:31:15,0.369
31 Oct 2025 07:32:00,0.224
31 Oct 2025 07:34:15,0.265
31 Oct 2025 07:34:30,-0.002
31 Oct 2025 07:36:00,0.256
31 Oct 2025 07:37:00,0.216
31 Oct 2025 07:38:30,0.158
31 Oct 2025 07:39:00,0.180
31 Oct 2025 07:43:30,0.100
31 Oct 2025 07:45:00,0.244
31 Oct 2025 07:47:45,0.092
31 Oct 2025 07:49:30,0.095
31 Oct 2025 07:51:30,0.236
31 Oct 2025 07:54:15,0.148
31 Oct 2025 07:56:30,0.227
31 Oct 2025 07:58:15,0.268
31 Oct 2025 08:00:15,0.391
31 Oct 2025 08:04:30,0.067
31 Oct 2025 08:06:30,0.147
31 Oct 2025 08:08:45,0.324
31 Oct 2025 08:14:30,0.165
31 Oct 2025 08:15:30,0.207
31 Oct 2025 08:18:15,0.144
31 Oct 2025 08:19:00,0.295
31 Oct 2025 08:20:30,0.136
31 Oct 2025 08:23:15,0.059
31 Oct 2025 08:25:00,0.336
31 Oct 2025 08:26:15,0.169
31 Oct 2025 08:30:00,0.079
31 Oct 2025 08:33:00,0.346
31 Oct 2025 08:37:00,0.135
31 Oct 2025 08:38:45,0.360
31 Oct 2025 08:44:00,0.277
31 Oct 2025 08:45:30,0.140
31 Oct 2025 08:46:15,0.346
31 Oct 2025 08:52:30,-0.030
31 Oct 2025 08:54:00,0.515
31 Oct 2025 08:54:30,0.245
31 Oct 2025 08:55:15,0.214
31 Oct 2025 09:00:00,-0.099
31 Oct 2025 09:03:15,0.334
31 Oct 2025 09:04:30,0.194
31 Oct 2025 09:06:30,0.059
31 Oct 2025 09:08:30,0.377
31 Oct 2025 09:13:00,0.199
31 Oct 2025 09:15:30,0.256
31 Oct 2025 09:18:30,0.250
31 Oct 2025 09:19:15,0.415
31 Oct 2025 09:20:15,0.157
31 Oct 2025 09:22:45,0.161
31 Oct 2025 09:23:15,0.314
31 Oct 2025 09:26:15,0.088
31 Oct 2025 09:27:00,0.125
31 Oct 2025 09:29:30,0.311
31 Oct 2025 09:31:30,0.161
31 Oct 2025 09:32:45,0.299
31 Oct 2025 09:33:15,0.199
31 Oct 2025 09:33:45,0.230
31 Oct 2025 09:34:45,0.165
31 Oct 2025 09:35:15,0.131
31 Oct 2025 09:36:45,0.172
31 Oct 2025 09:37:00,0.176
31 Oct 2025 09:37:15,0.113
31 Oct 2025 09:38:15,0.078
31 Oct 2025 09:40:30,0.358
31 Oct 2025 09:41:15,0.175
31 Oct 2025 09:42:30,0.168
31 Oct 2025 09:42:45,0.378
31 Oct 2025 09:43:15,0.097
31 Oct 2025 09:44:45,0.178
31 Oct 2025 09:47:30,0.069
31 Oct 2025 09:58:45,0.088
31 Oct 2025 09:59:00,0.163
31 Oct 2025 09:59:30,0.011
31 Oct 2025 10:00:00,0.264
31 Oct 2025 10:02:30,0.041
31 Oct 2025 10:03:00,0.227
31 Oct 2025 10:05:45,0.166
31 Oct 2025 10:09:45,0.191
31 Oct 2025 10:10:45,0.288
31 Oct 2025 10:19:30,0.052
31 Oct 2025 10:20:30,0.229
31 Oct 2025 10:21:45,0.319
31 Oct 2025 10:22:45,0.238
31 Oct 2025 10:23:30,0.198
31 Oct 2025 10:25:00,0.213
31 Oct 2025 10:27:00,0.349
31 Oct 2025 10:31:00,0.153
31 Oct 2025 10:33:45,0.249
31 Oct 2025 10:35:30,0.497
31 Oct 2025 10:36:00,0.371
31 Oct 2025 10:36:30,0.289
31 Oct 2025 10:40:15,0.371
31 Oct 2025 10:44:30,0.226
31 Oct 2025 10:45:00,0.133
31 Oct 2025 10:45:45,0.170
31 Oct 2025 10:46:15,0.269
31 Oct 2025 10:47:00,0.216
31 Oct 2025 10:49:30,0.363
31 Oct 2025 10:50:15,0.029
31 Oct 2025 10:54:15,0.129
31 Oct 2025 10:55:45,0.332
31 Oct 2025 10:56:45,0.167
31 Oct 2025 10:59:15,0.329
31 Oct 2025 11:00:45,0.144
31 Oct 2025 11:02:45,0.346
31 Oct 2025 11:04:45,0.063
31 Oct 2025 11:08:45,0.229
31 Oct 2025 11:11:15,0.140
31 Oct 2025 11:13:00,0.154
31 Oct 2025 11:14:00,0.313
31 Oct 2025 11:17:00,0.258
31 Oct 2025 11:20:15,0.369
31 Oct 2025 11:21:45,0.379
31 Oct 2025 11:24:15,0.266
31 Oct 2025 11:30:30,0.295
31 Oct 2025 11:36:30,0.214
31 Oct 2025 11:37:30,0.177
31 Oct 2025 11:41:00,0.333
31 Oct 2025 11:43:00,-0.482
31 Oct 2025 11:47:15,0.397
31 Oct 2025 11:49:15,0.354
31 Oct 2025 11:53:30,0.315
31 Oct 2025 11:54:15,0.266
31 Oct 2025 11:56:30,0.344
31 Oct 2025 12:04:15,0.295
31 Oct 2025 12:06:45,0.469
31 Oct 2025 12:08:00,0.262
31 Oct 2025 12:20:00,0.412
31 Oct 2025 12:21:15,0.333
31 Oct 2025 12:26:00,0.104
31 Oct 2025 12:26:30,0.323
31 Oct 2025 12:29:00,0.284
31 Oct 2025 12:37:00,0.153
31 Oct 2025 12:38:00,0.347
31 Oct 2025 12:44:15,0.333
31 Oct 2025 12:51:00,0.164
31 Oct 2025 12:51:30,0.375
31 Oct 2025 12:52:45,0.149
31 Oct 2025 12:53:15,0.359
31 Oct 2025 12:54:30,0.350
31 Oct 2025 12:58:00,0.384
31 Oct 2025 12:58:15,0.117
31 Oct 2025 12:58:45,0.320
31 Oct 2025 12:59:15,0.183
31 Oct 2025 13:00:15,0.356
31 Oct 2025 13:01:15,0.387
31 Oct 2025 13:04:00,0.277
31 Oct 2025 13:04:45,0.308
31 Oct 2025 13:06:30,0.378
31 Oct 2025 13:07:00,0.204
31 Oct 2025 13:07:15,0.067
31 Oct 2025 13:12:00,0.215
31 Oct 2025 13:12:30,0.227
31 Oct 2025 13:16:00,0.139
31 Oct 2025 13:17:30,0.331
31 Oct 2025 13:21:00,0.366
31 Oct 2025 13:24:30,0.243
31 Oct 2025 13:27:00,0.355
31 Oct 2025 13:27:45,0.231
31 Oct 2025 13:31:15,0.251
31 Oct 2025 13:34:00,0.375
31 Oct 2025 13:36:30,0.243
31 Oct 2025 13:39:15,0.268
31 Oct 2025 13:39:45,0.419
31 Oct 2025 13:46:00,0.315
31 Oct 2025 13:47:30,0.330
31 Oct 2025 13:55:30,0.273
31 Oct 2025 13:56:30,0.131
31 Oct 2025 14:03:45,0.344
31 Oct 2025 14:06:45,0.372
31 Oct 2025 14:10:15,0.273
31 Oct 2025 14:10:30,0.212
31 Oct 2025 14:11:15,0.195
31 Oct 2025 14:16:30,0.300
31 Oct 2025 14:17:15,0.236
31 Oct 2025 14:18:00,0.379
31 Oct 2025 14:19:00,0.292
31 Oct 2025 14:19:15,0.144
31 Oct 2025 14:21:00,0.448
31 Oct 2025 14:22:45,0.134
31 Oct 2025 14:25:00,0.397
31 Oct 2025 14:27:00,0.319
31 Oct 2025 14:27:45,0.370
31 Oct 2025 14:28:00,0.412
31 Oct 2025 14:31:15,0.440
31 Oct 2025 14:32:30,0.183
31 Oct 2025 14:39:00,0.220
31 Oct 2025 14:45:00,0.315
31 Oct 2025 14:46:45,0.449
31 Oct 2025 14:48:15,0.190
31 Oct 2025 14:48:45,0.224
31 Oct 2025 14:53:30,0.393
31 Oct 2025 14:56:00,0.242
31 Oct 2025 14:56:15,0.351
31 Oct 2025 14:57:30,0.335
31 Oct 2025 14:58:00,0.281
31 Oct 2025 15:04:00,0.323
31 Oct 2025 15:06:45,0.443
31 Oct 2025 15:09:15,0.376
31 Oct 2025 15:12:15,0.250
31 Oct 2025 15:13:00,0.286
31 Oct 2025 15:13:15,0.130
31 Oct 2025 15:14:45,0.215
31 Oct 2025 15:16:30,0.485
31 Oct 2025 15:16:45,0.348
31 Oct 2025 15:17:00,0.510
31 Oct 2025 15:23:15,0.539
31 Oct 2025 15:23:30,0.432
31 Oct 2025 15:26:30,0.342
31 Oct 2025 15:27:15,0.422
31 Oct 2025 15:29:30,0.417
31 Oct 2025 15:31:15,0.294
31 Oct 2025 15:33:15,0.336
31 Oct 2025 15:37:00,0.328
31 Oct 2025 15:37:45,0.329
31 Oct 2025 15:40:00,0.308
31 Oct 2025 15:45:15,0.224
31 Oct 2025 15:47:15,0.417
31 Oct 2025 15:53:00,0.448
31 Oct 2025 15:53:45,0.184
31 Oct 2025 15:56:00,0.361
31 Oct 2025 15:58:15,0.109
31 Oct 2025 15:59:00,0.295
31 Oct 2025 16:01:45,0.368
31 Oct 2025 16:02:30,0.194
31 Oct 2025 16:03:30,0.366
31 Oct 2025 16:10:30,0.286
31 Oct 2025 16:11:00,0.355
31 Oct 2025 16:13:00,0.347
31 Oct 2025 16:14:00,0.255
31 Oct 2025 16:14:15,0.272
31 Oct 2025 16:15:30,0.269
31 Oct 2025 16:18:15,0.284
31 Oct 2025 16:19:45,0.275
31 Oct 2025 16:20:00,0.210
31 Oct 2025 16:22:30,0.286
31 Oct 2025 16:23:15,0.294
31 Oct 2025 16:25:30,0.422
31 Oct 2025 16:26:30,0.210
31 Oct 2025 16:29:15,0.120
31 Oct 2025 16:37:45,0.236
31 Oct 2025 16:39:15,0.417
31 Oct 2025 16:40:15,0.208
31 Oct 2025 16:40:30,0.244
31 Oct 2025 16:46:15,0.300
31 Oct 2025 16:48:45,0.260
31 Oct 2025 16:50:00,0.280
31 Oct 2025 16:52:30,0.352
31 Oct 2025 16:53:00,0.365
31 Oct 2025 16:54:15,0.277
31 Oct 2025 16:55:00,0.197
31 Oct 2025 16:56:30,0.323
31 Oct 2025 16:58:30,0.397
31 Oct 2025 17:09:30,0.256
31 Oct 2025 17:10:30,0.228
31 Oct 2025 17:11:30,0.395
31 Oct 2025 17:14:00,0.438
31 Oct 2025 17:20:00,0.260
31 Oct 2025 17:23:00,0.154
31 Oct 2025 17:25:45,0.281
31 Oct 2025 17:30:45,0.318
31 Oct 2025 17:32:30,0.228
31 Oct 2025 17:37:30,0.197
31 Oct 2025 17:38:00,0.229
31 Oct 2025 17:39:15,0.280
31 Oct 2025 17:40:15,0.240
31 Oct 2025 17:41:00,0.287
31 Oct 2025 17:44:15,0.356
31 Oct 2025 17:45:00,0.290
31 Oct 2025 17:46:15,0.207
31 Oct 2025 17:47:45,0.190
31 Oct 2025 17:49:30,0.358
31 Oct 2025 17:50:30,0.348
31 Oct 2025 17:51:15,0.346
31 Oct 2025 17:54:00,0.239
31 Oct 2025 17:57:00,0.352
31 Oct 2025 17:58:15,0.302
31 Oct 2025 17:59:30,0.350
31 Oct 2025 18:00:45,0.344
31 Oct 2025 18:03:30,0.264
31 Oct 2025 18:05:15,0.374
31 Oct 2025 18:08:00,0.217
31 Oct 2025 18:09:45,0.353
31 Oct 2025 18:12:15,0.450
31 Oct 2025 18:13:45,0.150
31 Oct 2025 18:14:30,0.227
31 Oct 2025 18:16:15,0.197
31 Oct 2025 18:16:45,0.271
31 Oct 2025 18:17:45,0.276
31 Oct 2025 18:18:15,0.145
31 Oct 2025 18:18:30,0.270
31 Oct 2025 18:19:15,0.320
31 Oct 2025 18:20:00,0.257
31 Oct 2025 18:22:30,0.329
31 Oct 2025 18:24:00,0.156
31 Oct 2025 18:24:45,0.258
31 Oct 2025 18:27:30,0.191
31 Oct 2025 18:29:45,0.367
31 Oct 2025 18:31:45,0.240
31 Oct 2025 18:34:15,0.247
31 Oct 2025 18:37:00,0.212
31 Oct 2025 18:37:30,0.323
31 Oct 2025 18:38:00,0.360
31 Oct 2025 18:40:45,0.223
31 Oct 2025 18:45:45,0.228
31 Oct 2025 18:49:45,0.310
31 Oct 2025 18:55:15,0.300
31 Oct 2025 18:56:45,0.261
31 Oct 2025 18:58:00,0.147
31 Oct 2025 18:58:15,0.212
31 Oct 2025 18:58:30,0.127
31 Oct 2025 19:00:00,0.269
31 Oct 2025 19:03:00,0.260
31 Oct 2025 19:04:45,0.106
31 Oct 2025 19:06:00,0.195
31 Oct 2025 19:06:30,0.229
31 Oct 2025 19:06:45,0.214
31 Oct 2025 19:08:15,0.297
31 Oct 2025 19:09:30,0.296
31 Oct 2025 19:11:15,0.088
31 Oct 2025 19:11:30,0.170
31 Oct 2025 19:14:00,0.205
31 Oct 2025 19:14:45,0.189
31 Oct 2025 19:15:15,0.243
31 Oct 2025 19:15:45,0.253
31 Oct 2025 19:18:00,0.285
31 Oct 2025 19:18:15,0.319
31 Oct 2025 19:21:45,0.312
31 Oct 2025 19:23:45,0.250
31 Oct 2025 19:24:00,0.150
31 Oct 2025 19:28:00,0.224
31 Oct 2025 19:28:15,0.185
31 Oct 2025 19:29:30,0.197
31 Oct 2025 19:29:45,0.168
31 Oct 2025 19:30:45,0.240
31 Oct 2025 19:31:00,0.238
31 Oct 2025 19:33:15,0.087
31 Oct 2025 19:34:30,0.290
31 Oct 2025 19:35:00,0.178
31 Oct 2025 19:38:30,0.213
31 Oct 2025 19:40:30,0.255
31 Oct 2025 19:41:15,0.229
31 Oct 2025 19:42:45,0.126
31 Oct 2025 19:47:00,0.260
31 Oct 2025 19:49:30,0.149
31 Oct 2025 19:54:30,0.284
31 Oct 2025 19:57:15,0.289
31 Oct 2025 19:58:15,0.238
31 Oct 2025 20:00:00,0.196
31 Oct 2025 20:02:15,0.143
31 Oct 2025 20:03:00,0.103
31 Oct 2025 20:04:15,0.286
31 Oct 2025 20:08:30,0.130
31 Oct 2025 20:09:15,0.198
31 Oct 2025 20:09:30,0.240
31 Oct 2025 20:09:45,0.217
31 Oct 2025 20:10:45,0.141
31 Oct 2025 20:17:45,0.206
31 Oct 2025 20:25:00,0.216
31 Oct 2025 20:25:15,0.290
31 Oct 2025 20:25:30,0.261
31 Oct 2025 20:26:45,0.099
31 Oct 2025 20:27:45,0.136
31 Oct 2025 20:29:00,0.206
31 Oct 2025 20:30:45,0.020
31 Oct 2025 20:37:00,0.163
31 Oct 2025 20:38:30,0.220
31 Oct 2025 20:41:00,0.165
31 Oct 2025 20:41:45,0.263
31 Oct 2025 20:43:00,0.108
31 Oct 2025 20:47:00,0.061
31 Oct 2025 20:47:30,0.080
31 Oct 2025 20:50:45,0.182
31 Oct 2025 20:51:15,0.199
31 Oct 2025 20:52:45,0.133
31 Oct 2025 20:56:15,0.117
31 Oct 2025 20:59:00,0.085
31 Oct 2025 21:00:45,0.103
31 Oct 2025 21:01:15,0.118
31 Oct 2025 21:03:45,0.187
31 Oct 2025 21:04:30,0.160
31 Oct 2025 21:05:00,0.206
31 Oct 2025 21:06:45,0.166
31 Oct 2025 21:07:15,0.116
31 Oct 2025 21:12:00,0.250
31 Oct 2025 21:14:45,0.161
31 Oct 2025 21:18:30,0.089
31 Oct 2025 21:20:15,0.189
31 Oct 2025 21:23:15,0.098
31 Oct 2025 21:25:45,-0.034
31 Oct 2025 21:26:45,0.061
31 Oct 2025 21:27:00,0.096
31 Oct 2025 21:32:00,0.189
31 Oct 2025 21:34:00,0.052
31 Oct 2025 21:37:15,0.148
31 Oct 2025 21:40:30,0.175
31 Oct 2025 21:40:45,0.151
31 Oct 2025 21:41:45,0.067
31 Oct 2025 21:42:00,0.153
31 Oct 2025 21:45:45,0.110
31 Oct 2025 21:46:30,0.178
31 Oct 2025 21:48:15,0.100
31 Oct 2025 21:49:45,0.188
31 Oct 2025 21:51:00,0.202
31 Oct 2025 21:53:45,0.211
31 Oct 2025 21:54:45,0.136
31 Oct 2025 22:00:30,0.123
31 Oct 2025 22:02:00,0.151
31 Oct 2025 22:03:45,0.100
31 Oct 2025 22:04:30,0.161
31 Oct 2025 22:10:45,0.162
31 Oct 2025 22:19:15,0.202
31 Oct 2025 22:19:30,0.084
31 Oct 2025 22:22:15,0.120
31 Oct 2025 22:27:45,0.174
31 Oct 2025 22:28:30,0.042
31 Oct 2025 22:29:30,0.128
31 Oct 2025 22:32:00,0.147
31 Oct 2025 22:35:00,0.219
31 Oct 2025 22:35:30,0.082
31 Oct 2025 22:38:15,0.144
31 Oct 2025 22:38:45,0.171
31 Oct 2025 22:40:15,0.082
31 Oct 2025 22:41:00,0.175
31 Oct 2025 22:43:30,0.105
31 Oct 2025 22:44:15,0.183
31 Oct 2025 22:46:15,0.172
31 Oct 2025 22:48:15,0.203
31 Oct 2025 22:48:45,0.242
31 Oct 2025 22:49:15,0.204
31 Oct 2025 22:51:15,0.172
31 Oct 2025 22:52:15,0.293
31 Oct 2025 22:53:00,0.225
31 Oct 2025 22:53:15,0.097
31 Oct 2025 22:54:45,0.254
31 Oct 2025 22:55:00,0.117
31 Oct 2025 22:55:45,0.152
31 Oct 2025 22:59:00,0.231
31 Oct 2025 23:01:30,0.114
31 Oct 2025 23:02:45,0.051
31 Oct 2025 23:04:15,0.186
31 Oct 2025 23:07:30,0.109
31 Oct 2025 23:09:45,0.146
31 Oct 2025 23:10:15,0.153
31 Oct 2025 23:10:45,0.108
31 Oct 2025 23:11:45,0.096
31 Oct 2025 23:14:45,0.202
31 Oct 2025 23:15:30,0.223
31 Oct 2025 23:29:45,0.175
31 Oct 2025 23:30:15,0.194
31 Oct 2025 23:32:30,0.193
31 Oct 2025 23:34:45,0.192
31 Oct 2025 23:36:00,0.052
31 Oct 2025 23:41:15,0.199
31 Oct 2025 23:41:30,0.191
31 Oct 2025 23:43:00,0.269
31 Oct 2025 23:46:00,0.112
31 Oct 2025 23:49:45,0.151
31 Oct 2025 23:50:00,0.129
31 Oct 2025 23:54:30,0.144
31 Oct 2025 23:54:45,0.144
