nohup: input ignorato
OMP_NUM_THREADS is already defined
    Configfile       : dimr_config.xml
    D3D_HOME         : /home/ciceromartinsjr/Scaricati/delft3dfm/lnx64/bin/..
    PROC_DEF_DIR     : /home/ciceromartinsjr/Scaricati/delft3dfm/lnx64/bin/../share/delft3d
    Working directory: /home/ciceromartinsjr/StagnoneDT/model/dflowfm_v04AE_nodm
    Number of nodes  : 1
    Number of slots  : 8
    OMP_NUM_THREADS  : 8
    mpiexec è /opt/intel/oneapi/mpi/2021.10.0//bin/mpiexec
    FI_PROVIDER      : 
    I_MPI_FABRICS    : 

Contents of machinefile:
 
----------------------------------------------------------------------
executing:
 mpiexec -np 8 /home/ciceromartinsjr/Scaricati/delft3dfm/lnx64/bin/../bin/dimr dimr_config.xml 
#5: Running parallel with 8 partitions
Dimr [2026-05-19 17:09:54.352231] #5 >> Deltares, DIMR_EXE Version 2.00.057d2f7ceeafda462a1b4e598efa4ce4f0c97cc5, Oct  2 2025, 17:47:01
#3: Running parallel with 8 partitions
Dimr [2026-05-19 17:09:54.352302] #3 >> Deltares, DIMR_EXE Version 2.00.057d2f7ceeafda462a1b4e598efa4ce4f0c97cc5, Oct  2 2025, 17:47:01
Dimr [2026-05-19 17:09:54.352487] #5 >> Deltares, DIMR_LIB Version 1.02.057d2f7ceeafda462a1b4e598efa4ce4f0c97cc5, Oct  2 2025, 17:46:35
#1: Running parallel with 8 partitions
Dimr [2026-05-19 17:09:54.352495] #3 >> Deltares, DIMR_LIB Version 1.02.057d2f7ceeafda462a1b4e598efa4ce4f0c97cc5, Oct  2 2025, 17:46:35
Dimr [2026-05-19 17:09:54.352522] #1 >> Deltares, DIMR_EXE Version 2.00.057d2f7ceeafda462a1b4e598efa4ce4f0c97cc5, Oct  2 2025, 17:47:01
#6: Running parallel with 8 partitions
#2: Running parallel with 8 partitions
#4: Running parallel with 8 partitions
#7: Running parallel with 8 partitions
Dimr [2026-05-19 17:09:54.352550] #6 >> Deltares, DIMR_EXE Version 2.00.057d2f7ceeafda462a1b4e598efa4ce4f0c97cc5, Oct  2 2025, 17:47:01
Dimr [2026-05-19 17:09:54.352568] #7 >> Deltares, DIMR_EXE Version 2.00.057d2f7ceeafda462a1b4e598efa4ce4f0c97cc5, Oct  2 2025, 17:47:01
Dimr [2026-05-19 17:09:54.352581] #2 >> Deltares, DIMR_EXE Version 2.00.057d2f7ceeafda462a1b4e598efa4ce4f0c97cc5, Oct  2 2025, 17:47:01
Dimr [2026-05-19 17:09:54.352578] #4 >> Deltares, DIMR_EXE Version 2.00.057d2f7ceeafda462a1b4e598efa4ce4f0c97cc5, Oct  2 2025, 17:47:01
Dimr [2026-05-19 17:09:54.352760] #1 >> Deltares, DIMR_LIB Version 1.02.057d2f7ceeafda462a1b4e598efa4ce4f0c97cc5, Oct  2 2025, 17:46:35
Dimr [2026-05-19 17:09:54.352766] #2 >> Deltares, DIMR_LIB Version 1.02.057d2f7ceeafda462a1b4e598efa4ce4f0c97cc5, Oct  2 2025, 17:46:35
Dimr [2026-05-19 17:09:54.352783] #6 >> Deltares, DIMR_LIB Version 1.02.057d2f7ceeafda462a1b4e598efa4ce4f0c97cc5, Oct  2 2025, 17:46:35
Dimr [2026-05-19 17:09:54.352790] #7 >> Deltares, DIMR_LIB Version 1.02.057d2f7ceeafda462a1b4e598efa4ce4f0c97cc5, Oct  2 2025, 17:46:35
Dimr [2026-05-19 17:09:54.352805] #4 >> Deltares, DIMR_LIB Version 1.02.057d2f7ceeafda462a1b4e598efa4ce4f0c97cc5, Oct  2 2025, 17:46:35
#0: Running parallel with 8 partitions
Dimr [2026-05-19 17:09:54.354603] #0 >> Deltares, DIMR_EXE Version 2.00.057d2f7ceeafda462a1b4e598efa4ce4f0c97cc5, Oct  2 2025, 17:47:01
Dimr [2026-05-19 17:09:54.354919] #0 >> Deltares, DIMR_LIB Version 1.02.057d2f7ceeafda462a1b4e598efa4ce4f0c97cc5, Oct  2 2025, 17:46:35
Dimr [2026-05-19 17:09:54.385953] #0 >> 
Dimr [2026-05-19 17:09:54.385977] #0 >> Version Information of Components
Dimr [2026-05-19 17:09:54.385983] #0 >> =================================
Dimr [2026-05-19 17:09:54.385989] #0 >> dflowfm                            : Deltares, D-Flow FM1.2.184.057d2f7ceeafda462a1b4e598efa4ce4f0c97cc5
Dimr [2026-05-19 17:09:54.386250] #0 >> wave                               : 3.08.03.057d2f7ceeafda462a1b4e598efa4ce4f0c97cc5
Dimr [2026-05-19 17:09:54.386261] #0 >> ---------------------------------
Dimr [2026-05-19 17:09:54.386267] #0 >> 
Dimr [2026-05-19 17:09:54.386417] #0 >> DFlowFM.Initialize(Stagnone_dxy01_15m.mdu)
Dimr [2026-05-19 17:09:54.386431] #1 >> DFlowFM.Initialize(Stagnone_dxy01_15m.mdu)
Dimr [2026-05-19 17:09:54.386434] #2 >> DFlowFM.Initialize(Stagnone_dxy01_15m.mdu)
Dimr [2026-05-19 17:09:54.386441] #3 >> DFlowFM.Initialize(Stagnone_dxy01_15m.mdu)
Dimr [2026-05-19 17:09:54.386413] #4 >> DFlowFM.Initialize(Stagnone_dxy01_15m.mdu)
Dimr [2026-05-19 17:09:54.386437] #5 >> DFlowFM.Initialize(Stagnone_dxy01_15m.mdu)
Dimr [2026-05-19 17:09:54.386420] #6 >> DFlowFM.Initialize(Stagnone_dxy01_15m.mdu)
Dimr [2026-05-19 17:09:54.386427] #7 >> DFlowFM.Initialize(Stagnone_dxy01_15m.mdu)
** DEBUG  :            0  0.1000010      NOD(KMAX)
** DEBUG  :            6  0.7000070      XK (KMAX), YK (KMAX), ZK (KMAX), KC (KMAX), NMK (KMAX), RNOD(KMAX)
** DEBUG  :            0  0.1000010      NOD(KMAX)
** DEBUG  :            6  0.7000070      XK (KMAX), YK (KMAX), ZK (KMAX), KC (KMAX), NMK (KMAX), RNOD(KMAX)
** DEBUG  :            0  0.1000010      NOD(KMAX)
** DEBUG  :            6  0.7000070      XK (KMAX), YK (KMAX), ZK (KMAX), KC (KMAX), NMK (KMAX), RNOD(KMAX)
** DEBUG  :            0  0.1000010      NOD(KMAX)
** DEBUG  :            6  0.7000070      XK (KMAX), YK (KMAX), ZK (KMAX), KC (KMAX), NMK (KMAX), RNOD(KMAX)
** DEBUG  :            0  0.1000010      NOD(KMAX)
** DEBUG  :            0  0.1000010      NOD(KMAX)
** DEBUG  :            6  0.7000070      XK (KMAX), YK (KMAX), ZK (KMAX), KC (KMAX), NMK (KMAX), RNOD(KMAX)
** DEBUG  :            6  0.7000070      XK (KMAX), YK (KMAX), ZK (KMAX), KC (KMAX), NMK (KMAX), RNOD(KMAX)
** DEBUG  :            0  0.1000010      NOD(KMAX)
** DEBUG  :            6  0.7000070      XK (KMAX), YK (KMAX), ZK (KMAX), KC (KMAX), NMK (KMAX), RNOD(KMAX)
** DEBUG  :            0  0.1000010      NOD(KMAX)
** DEBUG  :            6  0.7000070      XK (KMAX), YK (KMAX), ZK (KMAX), KC (KMAX), NMK (KMAX), RNOD(KMAX)
 loading model
 loading model
 loading model
 loading model
** INFO   : no partitioning polygons file: read subdomain numbering from netfiles
** INFO   : no partitioning polygons file: read subdomain numbering from netfiles
** INFO   : no partitioning polygons file: read subdomain numbering from netfiles
** INFO   : no partitioning polygons file: read subdomain numbering from netfiles
 loading model
 loading model
 loading model
** WARNING: D-WAVES coupling enabled and kmx>0, so layer interface coordinates are needed on com-file. FullGridOutput set to 1.
Dimr [2026-05-19 17:09:54.411213] #7 >> kernel: D-WAVES coupling enabled and kmx>0, so layer interface coordinates are needed on com-file. FullGridOutput set to 1.
** WARNING:            6  0.7000070      XK (KMAX), YK (KMAX), ZK (KMAX), KC (KMAX), NMK (KMAX), RNOD(KMAX)
Dimr [2026-05-19 17:09:54.411242] #7 >> kernel:            6  0.7000070      XK (KMAX), YK (KMAX), ZK (KMAX), KC (KMAX), NMK (KMAX), RNOD(KMAX)
** WARNING: D-WAVES coupling enabled and kmx>0, so layer interface coordinates are needed on com-file. FullGridOutput set to 1.
Dimr [2026-05-19 17:09:54.411358] #4 >> kernel: D-WAVES coupling enabled and kmx>0, so layer interface coordinates are needed on com-file. FullGridOutput set to 1.
** WARNING:            6  0.7000070      XK (KMAX), YK (KMAX), ZK (KMAX), KC (KMAX), NMK (KMAX), RNOD(KMAX)
Dimr [2026-05-19 17:09:54.411379] #4 >> kernel:            6  0.7000070      XK (KMAX), YK (KMAX), ZK (KMAX), KC (KMAX), NMK (KMAX), RNOD(KMAX)
** INFO   : no partitioning polygons file: read subdomain numbering from netfiles
** INFO   : no partitioning polygons file: read subdomain numbering from netfiles
** WARNING: D-WAVES coupling enabled and kmx>0, so layer interface coordinates are needed on com-file. FullGridOutput set to 1.
Dimr [2026-05-19 17:09:54.412031] #2 >> kernel: D-WAVES coupling enabled and kmx>0, so layer interface coordinates are needed on com-file. FullGridOutput set to 1.
** WARNING:            6  0.7000070      XK (KMAX), YK (KMAX), ZK (KMAX), KC (KMAX), NMK (KMAX), RNOD(KMAX)
Dimr [2026-05-19 17:09:54.412073] #2 >> kernel:            6  0.7000070      XK (KMAX), YK (KMAX), ZK (KMAX), KC (KMAX), NMK (KMAX), RNOD(KMAX)
** WARNING: While reading 'Stagnone_dxy01_15m_0007.mdu': keyword [numerics] qhrelax=0.01 was in file, but not used. Check possible typo.
Dimr [2026-05-19 17:09:54.412076] #7 >> kernel: While reading 'Stagnone_dxy01_15m_0007.mdu': keyword [numerics] qhrelax=0.01 was in file, but not used. Check possible typo.
** WARNING: While reading 'Stagnone_dxy01_15m_0004.mdu': keyword [numerics] qhrelax=0.01 was in file, but not used. Check possible typo.
Dimr [2026-05-19 17:09:54.412135] #4 >> kernel: While reading 'Stagnone_dxy01_15m_0004.mdu': keyword [numerics] qhrelax=0.01 was in file, but not used. Check possible typo.
** INFO   : no partitioning polygons file: read subdomain numbering from netfiles
** WARNING: D-WAVES coupling enabled and kmx>0, so layer interface coordinates are needed on com-file. FullGridOutput set to 1.
** WARNING: While reading 'Stagnone_dxy01_15m_0004.mdu': keyword [wind] windspeedbreakpoints=0.0 100.0 was in file, but not used. Check possible typo.
Dimr [2026-05-19 17:09:54.412556] #4 >> kernel: While reading 'Stagnone_dxy01_15m_0004.mdu': keyword [wind] windspeedbreakpoints=0.0 100.0 was in file, but not used. Check possible typo.
Dimr [2026-05-19 17:09:54.412561] #3 >> kernel: D-WAVES coupling enabled and kmx>0, so layer interface coordinates are needed on com-file. FullGridOutput set to 1.
** WARNING:            6  0.7000070      XK (KMAX), YK (KMAX), ZK (KMAX), KC (KMAX), NMK (KMAX), RNOD(KMAX)
Dimr [2026-05-19 17:09:54.412582] #3 >> kernel:            6  0.7000070      XK (KMAX), YK (KMAX), ZK (KMAX), KC (KMAX), NMK (KMAX), RNOD(KMAX)
** WARNING: While reading 'Stagnone_dxy01_15m_0007.mdu': keyword [wind] windspeedbreakpoints=0.0 100.0 was in file, but not used. Check possible typo.
Dimr [2026-05-19 17:09:54.412615] #7 >> kernel: While reading 'Stagnone_dxy01_15m_0007.mdu': keyword [wind] windspeedbreakpoints=0.0 100.0 was in file, but not used. Check possible typo.
** WARNING: While reading 'Stagnone_dxy01_15m_0004.mdu': keyword [output] wrishp_enc=0 was in file, but not used. Check possible typo.
Dimr [2026-05-19 17:09:54.412659] #4 >> kernel: While reading 'Stagnone_dxy01_15m_0004.mdu': keyword [output] wrishp_enc=0 was in file, but not used. Check possible typo.
** WARNING: While reading 'Stagnone_dxy01_15m_0007.mdu': keyword [output] wrishp_enc=0 was in file, but not used. Check possible typo.
Dimr [2026-05-19 17:09:54.412766] #7 >> kernel: While reading 'Stagnone_dxy01_15m_0007.mdu': keyword [output] wrishp_enc=0 was in file, but not used. Check possible typo.
** WARNING: While reading 'Stagnone_dxy01_15m_0004.mdu': keyword [output] waterlevelclasses=0.0 was in file, but not used. Check possible typo.
Dimr [2026-05-19 17:09:54.412865] #4 >> kernel: While reading 'Stagnone_dxy01_15m_0004.mdu': keyword [output] waterlevelclasses=0.0 was in file, but not used. Check possible typo.
** WARNING: While reading 'Stagnone_dxy01_15m_0004.mdu': keyword [output] waterdepthclasses=0.0 was in file, but not used. Check possible typo.
Dimr [2026-05-19 17:09:54.412875] #4 >> kernel: While reading 'Stagnone_dxy01_15m_0004.mdu': keyword [output] waterdepthclasses=0.0 was in file, but not used. Check possible typo.
** WARNING: While reading 'Stagnone_dxy01_15m_0002.mdu': keyword [numerics] qhrelax=0.01 was in file, but not used. Check possible typo.
Dimr [2026-05-19 17:09:54.412900] #2 >> kernel: While reading 'Stagnone_dxy01_15m_0002.mdu': keyword [numerics] qhrelax=0.01 was in file, but not used. Check possible typo.
** WARNING: While reading 'Stagnone_dxy01_15m_0004.mdu': keyword [output] velocitydirectionclassesinterv=0.0 was in file, but not used. Check possible typo.
Dimr [2026-05-19 17:09:54.412931] #4 >> kernel: While reading 'Stagnone_dxy01_15m_0004.mdu': keyword [output] velocitydirectionclassesinterv=0.0 was in file, but not used. Check possible typo.
** WARNING: While reading 'Stagnone_dxy01_15m_0004.mdu': keyword [output] velocitymagnitudeclasses=0.0 was in file, but not used. Check possible typo.
Dimr [2026-05-19 17:09:54.412940] #4 >> kernel: While reading 'Stagnone_dxy01_15m_0004.mdu': keyword [output] velocitymagnitudeclasses=0.0 was in file, but not used. Check possible typo.
** WARNING: While reading 'Stagnone_dxy01_15m_0007.mdu': keyword [output] waterlevelclasses=0.0 was in file, but not used. Check possible typo.
Dimr [2026-05-19 17:09:54.413050] #7 >> kernel: While reading 'Stagnone_dxy01_15m_0007.mdu': keyword [output] waterlevelclasses=0.0 was in file, but not used. Check possible typo.
** WARNING: While reading 'Stagnone_dxy01_15m_0007.mdu': keyword [output] waterdepthclasses=0.0 was in file, but not used. Check possible typo.
Dimr [2026-05-19 17:09:54.413061] #7 >> kernel: While reading 'Stagnone_dxy01_15m_0007.mdu': keyword [output] waterdepthclasses=0.0 was in file, but not used. Check possible typo.
** WARNING: While reading 'Stagnone_dxy01_15m_0007.mdu': keyword [output] velocitydirectionclassesinterv=0.0 was in file, but not used. Check possible typo.
Dimr [2026-05-19 17:09:54.413144] #7 >> kernel: While reading 'Stagnone_dxy01_15m_0007.mdu': keyword [output] velocitydirectionclassesinterv=0.0 was in file, but not used. Check possible typo.
** WARNING: While reading 'Stagnone_dxy01_15m_0007.mdu': keyword [output] velocitymagnitudeclasses=0.0 was in file, but not used. Check possible typo.
Dimr [2026-05-19 17:09:54.413156] #7 >> kernel: While reading 'Stagnone_dxy01_15m_0007.mdu': keyword [output] velocitymagnitudeclasses=0.0 was in file, but not used. Check possible typo.
** WARNING: While reading 'Stagnone_dxy01_15m_0002.mdu': keyword [wind] windspeedbreakpoints=0.0 100.0 was in file, but not used. Check possible typo.
Dimr [2026-05-19 17:09:54.413368] #2 >> kernel: While reading 'Stagnone_dxy01_15m_0002.mdu': keyword [wind] windspeedbreakpoints=0.0 100.0 was in file, but not used. Check possible typo.
** WARNING: While reading 'Stagnone_dxy01_15m_0003.mdu': keyword [numerics] qhrelax=0.01 was in file, but not used. Check possible typo.
Dimr [2026-05-19 17:09:54.413385] #3 >> kernel: While reading 'Stagnone_dxy01_15m_0003.mdu': keyword [numerics] qhrelax=0.01 was in file, but not used. Check possible typo.
** WARNING: While reading 'Stagnone_dxy01_15m_0002.mdu': keyword [output] wrishp_enc=0 was in file, but not used. Check possible typo.
Dimr [2026-05-19 17:09:54.413483] #2 >> kernel: While reading 'Stagnone_dxy01_15m_0002.mdu': keyword [output] wrishp_enc=0 was in file, but not used. Check possible typo.
** WARNING: While reading 'Stagnone_dxy01_15m_0002.mdu': keyword [output] waterlevelclasses=0.0 was in file, but not used. Check possible typo.
Dimr [2026-05-19 17:09:54.413697] #2 >> kernel: While reading 'Stagnone_dxy01_15m_0002.mdu': keyword [output] waterlevelclasses=0.0 was in file, but not used. Check possible typo.
** WARNING: While reading 'Stagnone_dxy01_15m_0002.mdu': keyword [output] waterdepthclasses=0.0 was in file, but not used. Check possible typo.
Dimr [2026-05-19 17:09:54.413707] #2 >> kernel: While reading 'Stagnone_dxy01_15m_0002.mdu': keyword [output] waterdepthclasses=0.0 was in file, but not used. Check possible typo.
** WARNING: While reading 'Stagnone_dxy01_15m_0002.mdu': keyword [output] velocitydirectionclassesinterv=0.0 was in file, but not used. Check possible typo.
Dimr [2026-05-19 17:09:54.413776] #2 >> kernel: While reading 'Stagnone_dxy01_15m_0002.mdu': keyword [output] velocitydirectionclassesinterv=0.0 was in file, but not used. Check possible typo.
** WARNING: While reading 'Stagnone_dxy01_15m_0002.mdu': keyword [output] velocitymagnitudeclasses=0.0 was in file, but not used. Check possible typo.
Dimr [2026-05-19 17:09:54.413787] #2 >> kernel: While reading 'Stagnone_dxy01_15m_0002.mdu': keyword [output] velocitymagnitudeclasses=0.0 was in file, but not used. Check possible typo.
** WARNING: While reading 'Stagnone_dxy01_15m_0003.mdu': keyword [wind] windspeedbreakpoints=0.0 100.0 was in file, but not used. Check possible typo.
Dimr [2026-05-19 17:09:54.413854] #3 >> kernel: While reading 'Stagnone_dxy01_15m_0003.mdu': keyword [wind] windspeedbreakpoints=0.0 100.0 was in file, but not used. Check possible typo.
** WARNING: While reading 'Stagnone_dxy01_15m_0003.mdu': keyword [output] wrishp_enc=0 was in file, but not used. Check possible typo.
Dimr [2026-05-19 17:09:54.413969] #3 >> kernel: While reading 'Stagnone_dxy01_15m_0003.mdu': keyword [output] wrishp_enc=0 was in file, but not used. Check possible typo.
** WARNING: While reading 'Stagnone_dxy01_15m_0003.mdu': keyword [output] waterlevelclasses=0.0 was in file, but not used. Check possible typo.
Dimr [2026-05-19 17:09:54.414182] #3 >> kernel: While reading 'Stagnone_dxy01_15m_0003.mdu': keyword [output] waterlevelclasses=0.0 was in file, but not used. Check possible typo.
** WARNING: While reading 'Stagnone_dxy01_15m_0003.mdu': keyword [output] waterdepthclasses=0.0 was in file, but not used. Check possible typo.
Dimr [2026-05-19 17:09:54.414192] #3 >> kernel: While reading 'Stagnone_dxy01_15m_0003.mdu': keyword [output] waterdepthclasses=0.0 was in file, but not used. Check possible typo.
** WARNING: While reading 'Stagnone_dxy01_15m_0003.mdu': keyword [output] velocitydirectionclassesinterv=0.0 was in file, but not used. Check possible typo.
Dimr [2026-05-19 17:09:54.414256] #3 >> kernel: While reading 'Stagnone_dxy01_15m_0003.mdu': keyword [output] velocitydirectionclassesinterv=0.0 was in file, but not used. Check possible typo.
** WARNING: While reading 'Stagnone_dxy01_15m_0003.mdu': keyword [output] velocitymagnitudeclasses=0.0 was in file, but not used. Check possible typo.
Dimr [2026-05-19 17:09:54.414265] #3 >> kernel: While reading 'Stagnone_dxy01_15m_0003.mdu': keyword [output] velocitymagnitudeclasses=0.0 was in file, but not used. Check possible typo.
** INFO   : Reading cache file: Stagnone_dxy01_15m_0004.cache
** INFO   : Reading cache file: Stagnone_dxy01_15m_0007.cache
 loading model
** INFO   : Reading cache file: Stagnone_dxy01_15m_0002.cache
** WARNING: D-WAVES coupling enabled and kmx>0, so layer interface coordinates are needed on com-file. FullGridOutput set to 1.
Dimr [2026-05-19 17:09:54.416912] #6 >> kernel: D-WAVES coupling enabled and kmx>0, so layer interface coordinates are needed on com-file. FullGridOutput set to 1.
** WARNING:            6  0.7000070      XK (KMAX), YK (KMAX), ZK (KMAX), KC (KMAX), NMK (KMAX), RNOD(KMAX)
Dimr [2026-05-19 17:09:54.416930] #6 >> kernel:            6  0.7000070      XK (KMAX), YK (KMAX), ZK (KMAX), KC (KMAX), NMK (KMAX), RNOD(KMAX)
** WARNING: D-WAVES coupling enabled and kmx>0, so layer interface coordinates are needed on com-file. FullGridOutput set to 1.
Dimr [2026-05-19 17:09:54.417044] #5 >> kernel: D-WAVES coupling enabled and kmx>0, so layer interface coordinates are needed on com-file. FullGridOutput set to 1.
** WARNING:            6  0.7000070      XK (KMAX), YK (KMAX), ZK (KMAX), KC (KMAX), NMK (KMAX), RNOD(KMAX)
Dimr [2026-05-19 17:09:54.417064] #5 >> kernel:            6  0.7000070      XK (KMAX), YK (KMAX), ZK (KMAX), KC (KMAX), NMK (KMAX), RNOD(KMAX)
** INFO   : Reading cache file: Stagnone_dxy01_15m_0003.cache
** WARNING: While reading 'Stagnone_dxy01_15m_0006.mdu': keyword [numerics] qhrelax=0.01 was in file, but not used. Check possible typo.
Dimr [2026-05-19 17:09:54.417910] #6 >> kernel: While reading 'Stagnone_dxy01_15m_0006.mdu': keyword [numerics] qhrelax=0.01 was in file, but not used. Check possible typo.
** WARNING: D-WAVES coupling enabled and kmx>0, so layer interface coordinates are needed on com-file. FullGridOutput set to 1.
Dimr [2026-05-19 17:09:54.418015] #1 >> kernel: D-WAVES coupling enabled and kmx>0, so layer interface coordinates are needed on com-file. FullGridOutput set to 1.
** WARNING: While reading 'Stagnone_dxy01_15m_0005.mdu': keyword [numerics] qhrelax=0.01 was in file, but not used. Check possible typo.
Dimr [2026-05-19 17:09:54.418035] #5 >> kernel: While reading 'Stagnone_dxy01_15m_0005.mdu': keyword [numerics] qhrelax=0.01 was in file, but not used. Check possible typo.
** WARNING:            6  0.7000070      XK (KMAX), YK (KMAX), ZK (KMAX), KC (KMAX), NMK (KMAX), RNOD(KMAX)
Dimr [2026-05-19 17:09:54.418040] #1 >> kernel:            6  0.7000070      XK (KMAX), YK (KMAX), ZK (KMAX), KC (KMAX), NMK (KMAX), RNOD(KMAX)
** INFO   : no partitioning polygons file: read subdomain numbering from netfiles
** INFO   : Successfully read cache file: Stagnone_dxy01_15m_0004.cache
** WARNING: While reading 'Stagnone_dxy01_15m_0006.mdu': keyword [wind] windspeedbreakpoints=0.0 100.0 was in file, but not used. Check possible typo.
Dimr [2026-05-19 17:09:54.418467] #6 >> kernel: While reading 'Stagnone_dxy01_15m_0006.mdu': keyword [wind] windspeedbreakpoints=0.0 100.0 was in file, but not used. Check possible typo.
** INFO   : Successfully read cache file: Stagnone_dxy01_15m_0007.cache
** WARNING: While reading 'Stagnone_dxy01_15m_0005.mdu': keyword [wind] windspeedbreakpoints=0.0 100.0 was in file, but not used. Check possible typo.
Dimr [2026-05-19 17:09:54.418597] #5 >> kernel: While reading 'Stagnone_dxy01_15m_0005.mdu': keyword [wind] windspeedbreakpoints=0.0 100.0 was in file, but not used. Check possible typo.
** WARNING: While reading 'Stagnone_dxy01_15m_0006.mdu': keyword [output] wrishp_enc=0 was in file, but not used. Check possible typo.
Dimr [2026-05-19 17:09:54.418602] #6 >> kernel: While reading 'Stagnone_dxy01_15m_0006.mdu': keyword [output] wrishp_enc=0 was in file, but not used. Check possible typo.
** WARNING: While reading 'Stagnone_dxy01_15m_0005.mdu': keyword [output] wrishp_enc=0 was in file, but not used. Check possible typo.
Dimr [2026-05-19 17:09:54.418738] #5 >> kernel: While reading 'Stagnone_dxy01_15m_0005.mdu': keyword [output] wrishp_enc=0 was in file, but not used. Check possible typo.
** WARNING: While reading 'Stagnone_dxy01_15m_0006.mdu': keyword [output] waterlevelclasses=0.0 was in file, but not used. Check possible typo.
Dimr [2026-05-19 17:09:54.418861] #6 >> kernel: While reading 'Stagnone_dxy01_15m_0006.mdu': keyword [output] waterlevelclasses=0.0 was in file, but not used. Check possible typo.
** WARNING: While reading 'Stagnone_dxy01_15m_0006.mdu': keyword [output] waterdepthclasses=0.0 was in file, but not used. Check possible typo.
Dimr [2026-05-19 17:09:54.418873] #6 >> kernel: While reading 'Stagnone_dxy01_15m_0006.mdu': keyword [output] waterdepthclasses=0.0 was in file, but not used. Check possible typo.
** WARNING: While reading 'Stagnone_dxy01_15m_0006.mdu': keyword [output] velocitydirectionclassesinterv=0.0 was in file, but not used. Check possible typo.
Dimr [2026-05-19 17:09:54.418949] #6 >> kernel: While reading 'Stagnone_dxy01_15m_0006.mdu': keyword [output] velocitydirectionclassesinterv=0.0 was in file, but not used. Check possible typo.
** WARNING: While reading 'Stagnone_dxy01_15m_0006.mdu': keyword [output] velocitymagnitudeclasses=0.0 was in file, but not used. Check possible typo.
Dimr [2026-05-19 17:09:54.418959] #6 >> kernel: While reading 'Stagnone_dxy01_15m_0006.mdu': keyword [output] velocitymagnitudeclasses=0.0 was in file, but not used. Check possible typo.
** WARNING: While reading 'Stagnone_dxy01_15m_0005.mdu': keyword [output] waterlevelclasses=0.0 was in file, but not used. Check possible typo.
Dimr [2026-05-19 17:09:54.418992] #5 >> kernel: While reading 'Stagnone_dxy01_15m_0005.mdu': keyword [output] waterlevelclasses=0.0 was in file, but not used. Check possible typo.
** WARNING: While reading 'Stagnone_dxy01_15m_0005.mdu': keyword [output] waterdepthclasses=0.0 was in file, but not used. Check possible typo.
Dimr [2026-05-19 17:09:54.419003] #5 >> kernel: While reading 'Stagnone_dxy01_15m_0005.mdu': keyword [output] waterdepthclasses=0.0 was in file, but not used. Check possible typo.
** WARNING: While reading 'Stagnone_dxy01_15m_0005.mdu': keyword [output] velocitydirectionclassesinterv=0.0 was in file, but not used. Check possible typo.
Dimr [2026-05-19 17:09:54.419078] #5 >> kernel: While reading 'Stagnone_dxy01_15m_0005.mdu': keyword [output] velocitydirectionclassesinterv=0.0 was in file, but not used. Check possible typo.
** WARNING: While reading 'Stagnone_dxy01_15m_0005.mdu': keyword [output] velocitymagnitudeclasses=0.0 was in file, but not used. Check possible typo.
Dimr [2026-05-19 17:09:54.419089] #5 >> kernel: While reading 'Stagnone_dxy01_15m_0005.mdu': keyword [output] velocitymagnitudeclasses=0.0 was in file, but not used. Check possible typo.
** WARNING: While reading 'Stagnone_dxy01_15m_0001.mdu': keyword [numerics] qhrelax=0.01 was in file, but not used. Check possible typo.
Dimr [2026-05-19 17:09:54.419137] #1 >> kernel: While reading 'Stagnone_dxy01_15m_0001.mdu': keyword [numerics] qhrelax=0.01 was in file, but not used. Check possible typo.
** INFO   : Successfully read cache file: Stagnone_dxy01_15m_0002.cache
** WARNING: While reading 'Stagnone_dxy01_15m_0001.mdu': keyword [wind] windspeedbreakpoints=0.0 100.0 was in file, but not used. Check possible typo.
Dimr [2026-05-19 17:09:54.419771] #1 >> kernel: While reading 'Stagnone_dxy01_15m_0001.mdu': keyword [wind] windspeedbreakpoints=0.0 100.0 was in file, but not used. Check possible typo.
** WARNING: While reading 'Stagnone_dxy01_15m_0001.mdu': keyword [output] wrishp_enc=0 was in file, but not used. Check possible typo.
Dimr [2026-05-19 17:09:54.419922] #1 >> kernel: While reading 'Stagnone_dxy01_15m_0001.mdu': keyword [output] wrishp_enc=0 was in file, but not used. Check possible typo.
** WARNING: While reading 'Stagnone_dxy01_15m_0001.mdu': keyword [output] waterlevelclasses=0.0 was in file, but not used. Check possible typo.
Dimr [2026-05-19 17:09:54.420207] #1 >> kernel: While reading 'Stagnone_dxy01_15m_0001.mdu': keyword [output] waterlevelclasses=0.0 was in file, but not used. Check possible typo.
** WARNING: While reading 'Stagnone_dxy01_15m_0001.mdu': keyword [output] waterdepthclasses=0.0 was in file, but not used. Check possible typo.
Dimr [2026-05-19 17:09:54.420220] #1 >> kernel: While reading 'Stagnone_dxy01_15m_0001.mdu': keyword [output] waterdepthclasses=0.0 was in file, but not used. Check possible typo.
** WARNING: While reading 'Stagnone_dxy01_15m_0001.mdu': keyword [output] velocitydirectionclassesinterv=0.0 was in file, but not used. Check possible typo.
Dimr [2026-05-19 17:09:54.420305] #1 >> kernel: While reading 'Stagnone_dxy01_15m_0001.mdu': keyword [output] velocitydirectionclassesinterv=0.0 was in file, but not used. Check possible typo.
** WARNING: While reading 'Stagnone_dxy01_15m_0001.mdu': keyword [output] velocitymagnitudeclasses=0.0 was in file, but not used. Check possible typo.
Dimr [2026-05-19 17:09:54.420317] #1 >> kernel: While reading 'Stagnone_dxy01_15m_0001.mdu': keyword [output] velocitymagnitudeclasses=0.0 was in file, but not used. Check possible typo.
** INFO   : Successfully read cache file: Stagnone_dxy01_15m_0003.cache
** INFO   : Reading cache file: Stagnone_dxy01_15m_0006.cache
** INFO   : Reading cache file: Stagnone_dxy01_15m_0005.cache
** INFO   : Reading cache file: Stagnone_dxy01_15m_0001.cache
** INFO   : Successfully read cache file: Stagnone_dxy01_15m_0006.cache
** INFO   : Successfully read cache file: Stagnone_dxy01_15m_0005.cache
** WARNING: D-WAVES coupling enabled and kmx>0, so layer interface coordinates are needed on com-file. FullGridOutput set to 1.
Dimr [2026-05-19 17:09:54.425493] #0 >> kernel: D-WAVES coupling enabled and kmx>0, so layer interface coordinates are needed on com-file. FullGridOutput set to 1.
** WARNING:            6  0.7000070      XK (KMAX), YK (KMAX), ZK (KMAX), KC (KMAX), NMK (KMAX), RNOD(KMAX)
Dimr [2026-05-19 17:09:54.425516] #0 >> kernel:            6  0.7000070      XK (KMAX), YK (KMAX), ZK (KMAX), KC (KMAX), NMK (KMAX), RNOD(KMAX)
** WARNING: While reading 'Stagnone_dxy01_15m_0000.mdu': keyword [numerics] qhrelax=0.01 was in file, but not used. Check possible typo.
Dimr [2026-05-19 17:09:54.427032] #0 >> kernel: While reading 'Stagnone_dxy01_15m_0000.mdu': keyword [numerics] qhrelax=0.01 was in file, but not used. Check possible typo.
** INFO   : Successfully read cache file: Stagnone_dxy01_15m_0001.cache
** WARNING: While reading 'Stagnone_dxy01_15m_0000.mdu': keyword [wind] windspeedbreakpoints=0.0 100.0 was in file, but not used. Check possible typo.
Dimr [2026-05-19 17:09:54.427948] #0 >> kernel: While reading 'Stagnone_dxy01_15m_0000.mdu': keyword [wind] windspeedbreakpoints=0.0 100.0 was in file, but not used. Check possible typo.
** WARNING: While reading 'Stagnone_dxy01_15m_0000.mdu': keyword [output] wrishp_enc=0 was in file, but not used. Check possible typo.
Dimr [2026-05-19 17:09:54.428159] #0 >> kernel: While reading 'Stagnone_dxy01_15m_0000.mdu': keyword [output] wrishp_enc=0 was in file, but not used. Check possible typo.
** WARNING: While reading 'Stagnone_dxy01_15m_0000.mdu': keyword [output] waterlevelclasses=0.0 was in file, but not used. Check possible typo.
Dimr [2026-05-19 17:09:54.428566] #0 >> kernel: While reading 'Stagnone_dxy01_15m_0000.mdu': keyword [output] waterlevelclasses=0.0 was in file, but not used. Check possible typo.
** WARNING: While reading 'Stagnone_dxy01_15m_0000.mdu': keyword [output] waterdepthclasses=0.0 was in file, but not used. Check possible typo.
Dimr [2026-05-19 17:09:54.428584] #0 >> kernel: While reading 'Stagnone_dxy01_15m_0000.mdu': keyword [output] waterdepthclasses=0.0 was in file, but not used. Check possible typo.
** WARNING: While reading 'Stagnone_dxy01_15m_0000.mdu': keyword [output] velocitydirectionclassesinterv=0.0 was in file, but not used. Check possible typo.
Dimr [2026-05-19 17:09:54.428703] #0 >> kernel: While reading 'Stagnone_dxy01_15m_0000.mdu': keyword [output] velocitydirectionclassesinterv=0.0 was in file, but not used. Check possible typo.
** WARNING: While reading 'Stagnone_dxy01_15m_0000.mdu': keyword [output] velocitymagnitudeclasses=0.0 was in file, but not used. Check possible typo.
Dimr [2026-05-19 17:09:54.428722] #0 >> kernel: While reading 'Stagnone_dxy01_15m_0000.mdu': keyword [output] velocitymagnitudeclasses=0.0 was in file, but not used. Check possible typo.
** INFO   : Reading cache file: Stagnone_dxy01_15m_0000.cache
** INFO   : Successfully read cache file: Stagnone_dxy01_15m_0000.cache
ug_get_meshgeom, #12, ierr=0
ug_get_meshgeom, #12, ierr=0
ug_get_meshgeom, #12, ierr=0
ug_get_meshgeom, #12, ierr=0
ug_get_meshgeom, #12, ierr=0
ug_get_meshgeom, #12, ierr=0
ug_get_meshgeom, #12, ierr=0
ug_get_meshgeom, #12, ierr=0
** INFO   : Opened file : sicily2.ldb
** INFO   : Opened file : sicily2.ldb
** INFO   : Opened file : sicily2.ldb
** INFO   : Opened file : sicily2.ldb
** INFO   : Opened file : sicily2.ldb
** INFO   : Opened file : sicily2.ldb
** INFO   : Opened file : sicily2.ldb
** INFO   : Opened file : sicily2.ldb
** INFO   : Closed file : sicily2.ldb
** INFO   : Opened file : Stagnone_dxy01_15m.ldb
** INFO   : Closed file : Stagnone_dxy01_15m.ldb
** INFO   : Closed file : sicily2.ldb
** INFO   : Opened file : Stagnone_dxy01_15m.ldb
** INFO   : Closed file : Stagnone_dxy01_15m.ldb
** INFO   : Opened file : Stagnone_dxy01_15m_obs.xyn
** INFO   : Opened file : Stagnone_dxy01_15m_obs.xyn
** INFO   : Closed file : Stagnone_dxy01_15m_obs.xyn
** INFO   : Closed file : Stagnone_dxy01_15m_obs.xyn
 model loaded
 model loaded
** INFO   : Closed file : sicily2.ldb
** INFO   : Opened file : Stagnone_dxy01_15m.ldb
** INFO   : Closed file : Stagnone_dxy01_15m.ldb
** INFO   : Opened file : Stagnone_dxy01_15m_obs.xyn
** INFO   : Closed file : Stagnone_dxy01_15m_obs.xyn
 model loaded
** INFO   : Closed file : sicily2.ldb
** INFO   : Opened file : Stagnone_dxy01_15m.ldb
** INFO   : Closed file : Stagnone_dxy01_15m.ldb
** INFO   : Opened file : Stagnone_dxy01_15m_obs.xyn
** INFO   : Closed file : Stagnone_dxy01_15m_obs.xyn
 model loaded
** INFO   : Closed file : sicily2.ldb
** INFO   : Opened file : Stagnone_dxy01_15m.ldb
** INFO   : Closed file : Stagnone_dxy01_15m.ldb
** INFO   : Opened file : Stagnone_dxy01_15m_obs.xyn
** INFO   : Closed file : Stagnone_dxy01_15m_obs.xyn
 model loaded
** INFO   : Closed file : sicily2.ldb
** INFO   : Opened file : Stagnone_dxy01_15m.ldb
** INFO   : Closed file : Stagnone_dxy01_15m.ldb
** INFO   : Opened file : Stagnone_dxy01_15m_obs.xyn
** INFO   : Closed file : Stagnone_dxy01_15m_obs.xyn
 model loaded
** INFO   : Closed file : sicily2.ldb
** INFO   : Opened file : Stagnone_dxy01_15m.ldb
** INFO   : Closed file : Stagnone_dxy01_15m.ldb
** INFO   : Opened file : Stagnone_dxy01_15m_obs.xyn
** INFO   : Closed file : Stagnone_dxy01_15m_obs.xyn
 model loaded
** INFO   : Closed file : sicily2.ldb
** INFO   : Opened file : Stagnone_dxy01_15m.ldb
** INFO   : Closed file : Stagnone_dxy01_15m.ldb
** INFO   : Opened file : Stagnone_dxy01_15m_obs.xyn
** INFO   : Closed file : Stagnone_dxy01_15m_obs.xyn
 model loaded
 Initializing flow: flow_modelinit
 Initializing flow: flow_modelinit
** INFO   : Initializing flow model geometry...
 Initializing flow: flow_modelinit
** INFO   : Initializing flow model geometry...
 Initializing flow: flow_modelinit
** INFO   : Initializing flow model geometry...
 Initializing flow: flow_modelinit
** INFO   : Initializing flow model geometry...
 Initializing flow: flow_modelinit
** INFO   : Initializing flow model geometry...
 Initializing flow: flow_modelinit
** INFO   : Initializing flow model geometry...
 Initializing flow: flow_modelinit
** INFO   : Initializing flow model geometry...
** INFO   : Initializing flow model geometry...
** INFO   : Opened file : Stagnone_dxy01_15m_old.ext
** INFO   : Opened file : Stagnone_dxy01_15m_old.ext
** INFO   : Opened file : Stagnone_dxy01_15m_old.ext
** INFO   : Opened file : Stagnone_dxy01_15m_old.ext
** INFO   : Opened file : Stagnone_dxy01_15m_old.ext
** INFO   : Opened file : Stagnone_dxy01_15m_old.ext
** INFO   : Opened file : Stagnone_dxy01_15m_old.ext
** INFO   : Opened file : Stagnone_dxy01_15m_old.ext
** INFO   : disabled 144 boundary links
** INFO   : partition_reduce_mirrorcells, elapsed time:     0.60000E-02s.
** INFO   : disabled 52 boundary links
** INFO   : partition_reduce_mirrorcells, elapsed time:     0.80000E-02s.
** INFO   : disabled 35 boundary links
** INFO   : partition_reduce_mirrorcells, elapsed time:     0.80000E-02s.
** INFO   : Opened file : Stagnone_dxy01_15m.pli
** INFO   : Opened file : Stagnone_dxy01_15m.pli
** INFO   : Opened file : Stagnone_dxy01_15m.pli
** INFO   : Closed file : Stagnone_dxy01_15m.pli
** INFO   : Closed file : Stagnone_dxy01_15m.pli
** INFO   : Closed file : Stagnone_dxy01_15m.pli
** INFO   : disabled 90 boundary links
** INFO   : partition_reduce_mirrorcells, elapsed time:     0.80000E-02s.
** INFO   : disabled 147 boundary links
** INFO   : Opened file : Stagnone_dxy01_15m.pli
** INFO   : partition_reduce_mirrorcells, elapsed time:     0.80000E-02s.
** INFO   : Closed file : Stagnone_dxy01_15m.pli
** INFO   : disabled 103 boundary links
** INFO   : partition_reduce_mirrorcells, elapsed time:     0.90000E-02s.
** INFO   : Opened file : Stagnone_dxy01_15m.pli
** INFO   : disabled 89 boundary links
** INFO   : partition_reduce_mirrorcells, elapsed time:     0.70000E-02s.
** INFO   : disabled 192 boundary links
** INFO   : partition_reduce_mirrorcells, elapsed time:     0.30000E-02s.
** INFO   : Closed file : Stagnone_dxy01_15m.pli
** INFO   : boundary: 'Stagnone_dxy01_15m.pli' opened 38 cells.
** INFO   : waterlevelbnd Stagnone_dxy01_15m.pli      38 nr of open bndcells
** INFO   : Opened file : Stagnone_dxy01_15m.pli
** INFO   : Opened file : Stagnone_dxy01_15m.pli
** INFO   : Closed file : Stagnone_dxy01_15m.pli
** INFO   : Closed file : Stagnone_dxy01_15m.pli
** INFO   : Opened file : Stagnone_dxy01_15m.pli
** INFO   : boundary: 'Stagnone_dxy01_15m.pli' opened 0 cells.
** INFO   : waterlevelbnd Stagnone_dxy01_15m.pli       0 nr of open bndcells
** INFO   : Opened file : Stagnone_dxy01_15m.pli
** INFO   : Closed file : Stagnone_dxy01_15m.pli
** INFO   : Closed file : Stagnone_dxy01_15m.pli
** INFO   : Opened file : Stagnone_dxy01_15m.pli
** WARNING: Boundary link 00001625 already claimed [     12.0950,     38.0615]
Dimr [2026-05-19 17:09:54.596614] #1 >> kernel: Boundary link 00001625 already claimed [     12.0950,     38.0615]
** WARNING: Boundary link 00001776 already claimed [     12.1050,     38.0615]
Dimr [2026-05-19 17:09:54.596644] #1 >> kernel: Boundary link 00001776 already claimed [     12.1050,     38.0615]
** WARNING: Boundary link 00001915 already claimed [     12.1150,     38.0615]
Dimr [2026-05-19 17:09:54.596659] #1 >> kernel: Boundary link 00001915 already claimed [     12.1150,     38.0615]
** WARNING: Boundary link 00002068 already claimed [     12.1250,     38.0615]
Dimr [2026-05-19 17:09:54.596673] #1 >> kernel: Boundary link 00002068 already claimed [     12.1250,     38.0615]
** WARNING: Boundary link 00002204 already claimed [     12.1350,     38.0615]
Dimr [2026-05-19 17:09:54.596706] #1 >> kernel: Boundary link 00002204 already claimed [     12.1350,     38.0615]
** INFO   : Closed file : Stagnone_dxy01_15m.pli
** WARNING: Boundary link 00002337 already claimed [     12.1450,     38.0615]
Dimr [2026-05-19 17:09:54.596745] #1 >> kernel: Boundary link 00002337 already claimed [     12.1450,     38.0615]
** WARNING: Boundary link 00002483 already claimed [     12.1550,     38.0615]
Dimr [2026-05-19 17:09:54.596774] #1 >> kernel: Boundary link 00002483 already claimed [     12.1550,     38.0615]
** INFO   : boundary: 'Stagnone_dxy01_15m.pli' opened 15 cells.
** INFO   : waterlevelbnd Stagnone_dxy01_15m.pli      15 nr of open bndcells
** INFO   : Opened file : Stagnone_dxy01_15m.pli
** INFO   : boundary: 'Stagnone_dxy01_15m.pli' opened 33 cells.
** INFO   : waterlevelbnd Stagnone_dxy01_15m.pli      33 nr of open bndcells
** WARNING: Boundary link 00002620 already claimed [     12.1650,     38.0615]
Dimr [2026-05-19 17:09:54.596826] #1 >> kernel: Boundary link 00002620 already claimed [     12.1650,     38.0615]
** WARNING: Boundary link 00002758 already claimed [     12.1750,     38.0615]
** INFO   : Opened file : Stagnone_dxy01_15m.pli
Dimr [2026-05-19 17:09:54.596858] #1 >> kernel: Boundary link 00002758 already claimed [     12.1750,     38.0615]
** WARNING: Boundary link 00002894 already claimed [     12.1850,     38.0615]
Dimr [2026-05-19 17:09:54.596881] #1 >> kernel: Boundary link 00002894 already claimed [     12.1850,     38.0615]
** INFO   : Closed file : Stagnone_dxy01_15m.pli
** WARNING: Boundary link 00003038 already claimed [     12.1950,     38.0615]
Dimr [2026-05-19 17:09:54.596896] #1 >> kernel: Boundary link 00003038 already claimed [     12.1950,     38.0615]
** WARNING: Boundary link 00003187 already claimed [     12.2050,     38.0615]
Dimr [2026-05-19 17:09:54.596911] #1 >> kernel: Boundary link 00003187 already claimed [     12.2050,     38.0615]
** INFO   : Closed file : Stagnone_dxy01_15m.pli
** WARNING: Boundary link 00003311 already claimed [     12.2150,     38.0615]
Dimr [2026-05-19 17:09:54.596934] #1 >> kernel: Boundary link 00003311 already claimed [     12.2150,     38.0615]
** INFO   : boundary: 'Stagnone_dxy01_15m.pli' opened 34 cells.
** INFO   : waterlevelbnd Stagnone_dxy01_15m.pli      34 nr of open bndcells
** WARNING: Boundary link 00003443 already claimed [     12.2250,     38.0615]
Dimr [2026-05-19 17:09:54.596949] #1 >> kernel: Boundary link 00003443 already claimed [     12.2250,     38.0615]
** WARNING: Boundary link 00003566 already claimed [     12.2350,     38.0615]
Dimr [2026-05-19 17:09:54.596964] #1 >> kernel: Boundary link 00003566 already claimed [     12.2350,     38.0615]
** WARNING: Boundary link 00003708 already claimed [     12.2450,     38.0615]
Dimr [2026-05-19 17:09:54.596980] #1 >> kernel: Boundary link 00003708 already claimed [     12.2450,     38.0615]
** INFO   : Opened file : Stagnone_dxy01_15m.pli
** WARNING: Boundary link 00003826 already claimed [     12.2550,     38.0615]
Dimr [2026-05-19 17:09:54.596999] #1 >> kernel: Boundary link 00003826 already claimed [     12.2550,     38.0615]
** WARNING: Boundary link 00003961 already claimed [     12.2650,     38.0615]
Dimr [2026-05-19 17:09:54.597013] #1 >> kernel: Boundary link 00003961 already claimed [     12.2650,     38.0615]
** WARNING: Boundary link 00000834 already claimed [     11.9620,     37.9567]
Dimr [2026-05-19 17:09:54.597027] #4 >> kernel: Boundary link 00000834 already claimed [     11.9620,     37.9567]
** WARNING: Boundary link 00004074 already claimed [     12.2750,     38.0615]
Dimr [2026-05-19 17:09:54.597037] #1 >> kernel: Boundary link 00004074 already claimed [     12.2750,     38.0615]
** WARNING: Boundary link 00004190 already claimed [     12.2850,     38.0615]
** WARNING: Boundary link 00000971 already claimed [     11.9620,     37.9646]
Dimr [2026-05-19 17:09:54.597046] #4 >> kernel: Boundary link 00000971 already claimed [     11.9620,     37.9646]
** WARNING: Boundary link 00001110 already claimed [     11.9620,     37.9725]
Dimr [2026-05-19 17:09:54.597057] #4 >> kernel: Boundary link 00001110 already claimed [     11.9620,     37.9725]
** INFO   : Closed file : Stagnone_dxy01_15m.pli
Dimr [2026-05-19 17:09:54.597053] #1 >> kernel: Boundary link 00004190 already claimed [     12.2850,     38.0615]
** WARNING: Boundary link 00004325 already claimed [     12.2950,     38.0615]
Dimr [2026-05-19 17:09:54.597069] #1 >> kernel: Boundary link 00004325 already claimed [     12.2950,     38.0615]
** WARNING: Boundary link 00001268 already claimed [     11.9620,     37.9804]
Dimr [2026-05-19 17:09:54.597068] #4 >> kernel: Boundary link 00001268 already claimed [     11.9620,     37.9804]
** WARNING: Boundary link 00001417 already claimed [     11.9620,     37.9882]
Dimr [2026-05-19 17:09:54.597079] #4 >> kernel: Boundary link 00001417 already claimed [     11.9620,     37.9882]
** WARNING: Boundary link 00004444 already claimed [     12.3050,     38.0615]
Dimr [2026-05-19 17:09:54.597085] #1 >> kernel: Boundary link 00004444 already claimed [     12.3050,     38.0615]
** WARNING: Boundary link 00001556 already claimed [     11.9620,     37.9961]
Dimr [2026-05-19 17:09:54.597097] #4 >> kernel: Boundary link 00001556 already claimed [     11.9620,     37.9961]
** WARNING: Boundary link 00001691 already claimed [     11.9750,     38.0615]
** WARNING: Boundary link 00004560 already claimed [     12.3150,     38.0615]
Dimr [2026-05-19 17:09:54.597112] #1 >> kernel: Boundary link 00004560 already claimed [     12.3150,     38.0615]
Dimr [2026-05-19 17:09:54.597108] #4 >> kernel: Boundary link 00001691 already claimed [     11.9750,     38.0615]
** WARNING: Boundary link 00001693 already claimed [     11.9620,     38.0513]
Dimr [2026-05-19 17:09:54.597117] #4 >> kernel: Boundary link 00001693 already claimed [     11.9620,     38.0513]
** WARNING: Boundary link 00001696 already claimed [     11.9620,     38.0040]
** WARNING: Boundary link 00004668 already claimed [     12.3250,     38.0615]
Dimr [2026-05-19 17:09:54.597129] #1 >> kernel: Boundary link 00004668 already claimed [     12.3250,     38.0615]
Dimr [2026-05-19 17:09:54.597127] #4 >> kernel: Boundary link 00001696 already claimed [     11.9620,     38.0040]
** WARNING: Boundary link 00001843 already claimed [     11.9850,     38.0615]
Dimr [2026-05-19 17:09:54.597137] #4 >> kernel: Boundary link 00001843 already claimed [     11.9850,     38.0615]
** WARNING: Boundary link 00001847 already claimed [     11.9620,     38.0434]
** WARNING: Boundary link 00004679 already claimed [     12.4650,     38.0615]
Dimr [2026-05-19 17:09:54.597146] #1 >> kernel: Boundary link 00004679 already claimed [     12.4650,     38.0615]
Dimr [2026-05-19 17:09:54.597147] #4 >> kernel: Boundary link 00001847 already claimed [     11.9620,     38.0434]
** WARNING: Boundary link 00001850 already claimed [     11.9620,     38.0119]
Dimr [2026-05-19 17:09:54.597157] #4 >> kernel: Boundary link 00001850 already claimed [     11.9620,     38.0119]
** WARNING: Boundary link 00004782 already claimed [     12.3350,     38.0615]
Dimr [2026-05-19 17:09:54.597168] #1 >> kernel: Boundary link 00004782 already claimed [     12.3350,     38.0615]
** WARNING: Boundary link 00002008 already claimed [     11.9950,     38.0615]
Dimr [2026-05-19 17:09:54.597175] #4 >> kernel: Boundary link 00002008 already claimed [     11.9950,     38.0615]
** WARNING: Boundary link 00002014 already claimed [     11.9620,     38.0355]
** WARNING: Boundary link 00004792 already claimed [     12.4550,     38.0615]
Dimr [2026-05-19 17:09:54.597184] #1 >> kernel: Boundary link 00004792 already claimed [     12.4550,     38.0615]
** WARNING: Boundary link 00004874 already claimed [     12.3450,     38.0615]
Dimr [2026-05-19 17:09:54.597186] #4 >> kernel: Boundary link 00002014 already claimed [     11.9620,     38.0355]
** WARNING: Boundary link 00002017 already claimed [     11.9620,     38.0198]
Dimr [2026-05-19 17:09:54.597196] #4 >> kernel: Boundary link 00002017 already claimed [     11.9620,     38.0198]
** WARNING: Boundary link 00002152 already claimed [     12.0050,     38.0615]
** INFO   : boundary: 'Stagnone_dxy01_15m.pli' opened 63 cells.
** INFO   : waterlevelbnd Stagnone_dxy01_15m.pli      63 nr of open bndcells
Dimr [2026-05-19 17:09:54.597200] #1 >> kernel: Boundary link 00004874 already claimed [     12.3450,     38.0615]
** WARNING: Boundary link 00004886 already claimed [     12.4450,     38.0615]
Dimr [2026-05-19 17:09:54.597217] #1 >> kernel: Boundary link 00004886 already claimed [     12.4450,     38.0615]
Dimr [2026-05-19 17:09:54.597208] #4 >> kernel: Boundary link 00002152 already claimed [     12.0050,     38.0615]
** WARNING: Boundary link 00002160 already claimed [     11.9620,     38.0276]
Dimr [2026-05-19 17:09:54.597218] #4 >> kernel: Boundary link 00002160 already claimed [     11.9620,     38.0276]
** WARNING: Boundary link 00004969 already claimed [     12.3550,     38.0615]
Dimr [2026-05-19 17:09:54.597239] #1 >> kernel: Boundary link 00004969 already claimed [     12.3550,     38.0615]
** WARNING: Boundary link 00002290 already claimed [     12.0150,     38.0615]
Dimr [2026-05-19 17:09:54.597240] #4 >> kernel: Boundary link 00002290 already claimed [     12.0150,     38.0615]
** WARNING: Boundary link 00002416 already claimed [     12.0250,     38.0615]
** INFO   : Opened file : Stagnone_dxy01_15m.pli
** WARNING: Boundary link 00004975 already claimed [     12.4350,     38.0615]
Dimr [2026-05-19 17:09:54.597256] #1 >> kernel: Boundary link 00004975 already claimed [     12.4350,     38.0615]
Dimr [2026-05-19 17:09:54.597252] #4 >> kernel: Boundary link 00002416 already claimed [     12.0250,     38.0615]
** WARNING: Boundary link 00002572 already claimed [     12.0350,     38.0615]
Dimr [2026-05-19 17:09:54.597268] #4 >> kernel: Boundary link 00002572 already claimed [     12.0350,     38.0615]
** WARNING: Boundary link 00005063 already claimed [     12.3650,     38.0615]
Dimr [2026-05-19 17:09:54.597281] #1 >> kernel: Boundary link 00005063 already claimed [     12.3650,     38.0615]
** WARNING: Boundary link 00002682 already claimed [     12.0450,     38.0615]
Dimr [2026-05-19 17:09:54.597290] #4 >> kernel: Boundary link 00002682 already claimed [     12.0450,     38.0615]
** WARNING: Boundary link 00005076 already claimed [     12.4250,     38.0615]
Dimr [2026-05-19 17:09:54.597297] #1 >> kernel: Boundary link 00005076 already claimed [     12.4250,     38.0615]
** WARNING: Boundary link 00005156 already claimed [     12.3750,     38.0615]
** WARNING: Boundary link 00002820 already claimed [     12.0550,     38.0615]
Dimr [2026-05-19 17:09:54.597306] #4 >> kernel: Boundary link 00002820 already claimed [     12.0550,     38.0615]
Dimr [2026-05-19 17:09:54.597313] #1 >> kernel: Boundary link 00005156 already claimed [     12.3750,     38.0615]
** WARNING: Boundary link 00005162 already claimed [     12.4150,     38.0615]
** WARNING: Boundary link 00002944 already claimed [     12.0650,     38.0615]
Dimr [2026-05-19 17:09:54.597329] #4 >> kernel: Boundary link 00002944 already claimed [     12.0650,     38.0615]
** INFO   : Closed file : Stagnone_dxy01_15m.pli
Dimr [2026-05-19 17:09:54.597329] #1 >> kernel: Boundary link 00005162 already claimed [     12.4150,     38.0615]
** WARNING: Boundary link 00005249 already claimed [     12.3850,     38.0615]
** WARNING: Boundary link 00002986 already claimed [     12.1650,     38.0615]
Dimr [2026-05-19 17:09:54.597342] #4 >> kernel: Boundary link 00002986 already claimed [     12.1650,     38.0615]
** WARNING: Boundary link 00003089 already claimed [     12.0750,     38.0615]
Dimr [2026-05-19 17:09:54.597356] #4 >> kernel: Boundary link 00003089 already claimed [     12.0750,     38.0615]
Dimr [2026-05-19 17:09:54.597354] #1 >> kernel: Boundary link 00005249 already claimed [     12.3850,     38.0615]
** WARNING: Boundary link 00005258 already claimed [     12.4050,     38.0615]
Dimr [2026-05-19 17:09:54.597371] #1 >> kernel: Boundary link 00005258 already claimed [     12.4050,     38.0615]
** WARNING: Boundary link 00003120 already claimed [     12.1550,     38.0615]
Dimr [2026-05-19 17:09:54.597367] #4 >> kernel: Boundary link 00003120 already claimed [     12.1550,     38.0615]
** WARNING: Boundary link 00005342 already claimed [     12.3950,     38.0615]
Dimr [2026-05-19 17:09:54.597387] #1 >> kernel: Boundary link 00005342 already claimed [     12.3950,     38.0615]
** INFO   : boundary: 'Stagnone_dxy01_15m.pli' opened 0 cells.
** INFO   : waterlevelbnd Stagnone_dxy01_15m.pli       0 nr of open bndcells
** WARNING: Boundary link 00003250 already claimed [     12.0850,     38.0615]
Dimr [2026-05-19 17:09:54.597386] #4 >> kernel: Boundary link 00003250 already claimed [     12.0850,     38.0615]
** WARNING: Boundary link 00003277 already claimed [     12.1450,     38.0615]
Dimr [2026-05-19 17:09:54.597397] #4 >> kernel: Boundary link 00003277 already claimed [     12.1450,     38.0615]
** WARNING: Boundary link 00003407 already claimed [     12.0950,     38.0615]
Dimr [2026-05-19 17:09:54.597415] #4 >> kernel: Boundary link 00003407 already claimed [     12.0950,     38.0615]
** WARNING: Boundary link 00003432 already claimed [     12.1350,     38.0615]
** INFO   : Opened file : Stagnone_dxy01_15m.pli
Dimr [2026-05-19 17:09:54.597425] #4 >> kernel: Boundary link 00003432 already claimed [     12.1350,     38.0615]
** WARNING: Boundary link 00003550 already claimed [     12.1050,     38.0615]
Dimr [2026-05-19 17:09:54.597442] #4 >> kernel: Boundary link 00003550 already claimed [     12.1050,     38.0615]
** WARNING: Boundary link 00003568 already claimed [     12.1250,     38.0615]
Dimr [2026-05-19 17:09:54.597451] #4 >> kernel: Boundary link 00003568 already claimed [     12.1250,     38.0615]
** INFO   : boundary: 'Stagnone_dxy01_15m.pli' opened 0 cells.
** INFO   : waterlevelbnd Stagnone_dxy01_15m.pli       0 nr of open bndcells
** WARNING: Boundary link 00003682 already claimed [     12.1150,     38.0615]
Dimr [2026-05-19 17:09:54.597467] #4 >> kernel: Boundary link 00003682 already claimed [     12.1150,     38.0615]
** INFO   : Opened file : Stagnone_dxy01_15m.pli
** INFO   : Closed file : Stagnone_dxy01_15m.pli
** INFO   : boundary: 'Stagnone_dxy01_15m.pli' opened 0 cells.
** INFO   : waterlevelbnd Stagnone_dxy01_15m.pli       0 nr of open bndcells
** INFO   : Closed file : Stagnone_dxy01_15m.pli
** INFO   : Opened file : Stagnone_dxy01_15m.pli
** INFO   : boundary: 'Stagnone_dxy01_15m.pli' opened 0 cells.
** INFO   : waterlevelbnd Stagnone_dxy01_15m.pli       0 nr of open bndcells
** INFO   : Opened file : Stagnone_dxy01_15m.pli
** WARNING: Boundary link 00002622 already claimed [     11.9620,     38.0119]
Dimr [2026-05-19 17:09:54.597656] #5 >> kernel: Boundary link 00002622 already claimed [     11.9620,     38.0119]
** WARNING: Boundary link 00002826 already claimed [     11.9620,     38.0040]
** INFO   : Closed file : Stagnone_dxy01_15m.pli
Dimr [2026-05-19 17:09:54.597684] #5 >> kernel: Boundary link 00002826 already claimed [     11.9620,     38.0040]
** WARNING: Boundary link 00003025 already claimed [     11.9620,     37.9961]
Dimr [2026-05-19 17:09:54.597705] #5 >> kernel: Boundary link 00003025 already claimed [     11.9620,     37.9961]
** WARNING: Boundary link 00003208 already claimed [     11.9620,     37.9882]
** INFO   : Closed file : Stagnone_dxy01_15m.pli
Dimr [2026-05-19 17:09:54.597732] #5 >> kernel: Boundary link 00003208 already claimed [     11.9620,     37.9882]
** WARNING: Boundary link 00003404 already claimed [     11.9620,     37.9804]
Dimr [2026-05-19 17:09:54.597771] #5 >> kernel: Boundary link 00003404 already claimed [     11.9620,     37.9804]
** WARNING: Boundary link 00004697 already claimed [     12.3950,     38.0615]
Dimr [2026-05-19 17:09:54.597803] #2 >> kernel: Boundary link 00004697 already claimed [     12.3950,     38.0615]
** WARNING: Boundary link 00003600 already claimed [     11.9620,     37.9725]
Dimr [2026-05-19 17:09:54.597803] #5 >> kernel: Boundary link 00003600 already claimed [     11.9620,     37.9725]
** WARNING: Boundary link 00003795 already claimed [     11.9620,     37.9646]
Dimr [2026-05-19 17:09:54.597827] #5 >> kernel: Boundary link 00003795 already claimed [     11.9620,     37.9646]
** WARNING: Boundary link 00003948 already claimed [     11.9620,     37.9567]
Dimr [2026-05-19 17:09:54.597844] #5 >> kernel: Boundary link 00003948 already claimed [     11.9620,     37.9567]
** WARNING: Boundary link 00004787 already claimed [     12.4050,     38.0615]
Dimr [2026-05-19 17:09:54.597850] #2 >> kernel: Boundary link 00004787 already claimed [     12.4050,     38.0615]
** WARNING: Boundary link 00004110 already claimed [     11.9620,     37.9488]
Dimr [2026-05-19 17:09:54.597857] #5 >> kernel: Boundary link 00004110 already claimed [     11.9620,     37.9488]
** WARNING: Boundary link 00004262 already claimed [     11.9620,     37.9409]
Dimr [2026-05-19 17:09:54.597871] #5 >> kernel: Boundary link 00004262 already claimed [     11.9620,     37.9409]
** WARNING: Boundary link 00004390 already claimed [     11.9620,     37.9331]
Dimr [2026-05-19 17:09:54.597884] #5 >> kernel: Boundary link 00004390 already claimed [     11.9620,     37.9331]
** WARNING: Boundary link 00004875 already claimed [     12.4150,     38.0615]
Dimr [2026-05-19 17:09:54.597888] #2 >> kernel: Boundary link 00004875 already claimed [     12.4150,     38.0615]
** WARNING: Boundary link 00004479 already claimed [     11.9620,     37.9252]
Dimr [2026-05-19 17:09:54.597896] #5 >> kernel: Boundary link 00004479 already claimed [     11.9620,     37.9252]
** WARNING: Boundary link 00004580 already claimed [     11.9620,     37.9173]
** WARNING: Boundary link 00004944 already claimed [     12.4250,     38.0615]
Dimr [2026-05-19 17:09:54.597911] #2 >> kernel: Boundary link 00004944 already claimed [     12.4250,     38.0615]
Dimr [2026-05-19 17:09:54.597910] #5 >> kernel: Boundary link 00004580 already claimed [     11.9620,     37.9173]
** WARNING: Boundary link 00004664 already claimed [     11.9620,     37.9094]
Dimr [2026-05-19 17:09:54.597923] #5 >> kernel: Boundary link 00004664 already claimed [     11.9620,     37.9094]
** WARNING: Boundary link 00005011 already claimed [     12.4350,     38.0615]
Dimr [2026-05-19 17:09:54.597935] #2 >> kernel: Boundary link 00005011 already claimed [     12.4350,     38.0615]
** WARNING: Boundary link 00004745 already claimed [     11.9620,     37.9015]
Dimr [2026-05-19 17:09:54.597937] #5 >> kernel: Boundary link 00004745 already claimed [     11.9620,     37.9015]
** WARNING: Boundary link 00004798 already claimed [     11.9620,     37.8936]
** WARNING: Boundary link 00005081 already claimed [     12.4450,     38.0615]
Dimr [2026-05-19 17:09:54.597961] #2 >> kernel: Boundary link 00005081 already claimed [     12.4450,     38.0615]
Dimr [2026-05-19 17:09:54.597951] #5 >> kernel: Boundary link 00004798 already claimed [     11.9620,     37.8936]
** WARNING: Boundary link 00004866 already claimed [     11.9620,     37.8857]
Dimr [2026-05-19 17:09:54.597965] #5 >> kernel: Boundary link 00004866 already claimed [     11.9620,     37.8857]
** WARNING: Boundary link 00005266 already claimed [     12.4575,     37.7008]
Dimr [2026-05-19 17:09:54.597954] #7 >> kernel: Boundary link 00005266 already claimed [     12.4575,     37.7008]
** WARNING: Boundary link 00005313 already claimed [     12.4525,     37.7008]
Dimr [2026-05-19 17:09:54.597971] #7 >> kernel: Boundary link 00005313 already claimed [     12.4525,     37.7008]
** WARNING: Boundary link 00005361 already claimed [     12.4450,     37.7009]
** WARNING: Boundary link 00005143 already claimed [     12.4550,     38.0615]
Dimr [2026-05-19 17:09:54.597982] #2 >> kernel: Boundary link 00005143 already claimed [     12.4550,     38.0615]
** WARNING: Boundary link 00004910 already claimed [     11.9620,     37.8778]
Dimr [2026-05-19 17:09:54.597979] #5 >> kernel: Boundary link 00004910 already claimed [     11.9620,     37.8778]
** WARNING: Boundary link 00004966 already claimed [     11.9620,     37.8699]
Dimr [2026-05-19 17:09:54.597991] #5 >> kernel: Boundary link 00004966 already claimed [     11.9620,     37.8699]
Dimr [2026-05-19 17:09:54.597982] #7 >> kernel: Boundary link 00005361 already claimed [     12.4450,     37.7009]
** WARNING: Boundary link 00005453 already claimed [     12.4350,     37.7016]
Dimr [2026-05-19 17:09:54.597993] #7 >> kernel: Boundary link 00005453 already claimed [     12.4350,     37.7016]
** WARNING: Boundary link 00005500 already claimed [     12.4250,     37.7016]
Dimr [2026-05-19 17:09:54.598004] #7 >> kernel: Boundary link 00005500 already claimed [     12.4250,     37.7016]
** WARNING: Boundary link 00005197 already claimed [     12.4650,     38.0615]
Dimr [2026-05-19 17:09:54.598012] #2 >> kernel: Boundary link 00005197 already claimed [     12.4650,     38.0615]
** WARNING: Boundary link 00005010 already claimed [     11.9620,     37.8620]
Dimr [2026-05-19 17:09:54.598006] #5 >> kernel: Boundary link 00005010 already claimed [     11.9620,     37.8620]
** WARNING: Boundary link 00005051 already claimed [     11.9620,     37.8541]
Dimr [2026-05-19 17:09:54.598019] #5 >> kernel: Boundary link 00005051 already claimed [     11.9620,     37.8541]
** WARNING: Boundary link 00005545 already claimed [     12.4150,     37.7016]
Dimr [2026-05-19 17:09:54.598013] #7 >> kernel: Boundary link 00005545 already claimed [     12.4150,     37.7016]
** WARNING: Boundary link 00005590 already claimed [     12.4050,     37.7016]
Dimr [2026-05-19 17:09:54.598025] #7 >> kernel: Boundary link 00005590 already claimed [     12.4050,     37.7016]
** WARNING: Boundary link 00005635 already claimed [     12.3950,     37.7016]
** WARNING: Boundary link 00005258 already claimed [     12.4750,     38.0615]
Dimr [2026-05-19 17:09:54.598041] #2 >> kernel: Boundary link 00005258 already claimed [     12.4750,     38.0615]
** WARNING: Boundary link 00005100 already claimed [     11.9620,     37.8462]
Dimr [2026-05-19 17:09:54.598032] #5 >> kernel: Boundary link 00005100 already claimed [     11.9620,     37.8462]
** WARNING: Boundary link 00005135 already claimed [     11.9620,     37.8383]
Dimr [2026-05-19 17:09:54.598051] #5 >> kernel: Boundary link 00005135 already claimed [     11.9620,     37.8383]
Dimr [2026-05-19 17:09:54.598034] #7 >> kernel: Boundary link 00005635 already claimed [     12.3950,     37.7016]
** WARNING: Boundary link 00005681 already claimed [     12.3850,     37.7016]
Dimr [2026-05-19 17:09:54.598044] #7 >> kernel: Boundary link 00005681 already claimed [     12.3850,     37.7016]
** WARNING: Boundary link 00005725 already claimed [     12.3750,     37.7016]
Dimr [2026-05-19 17:09:54.598055] #7 >> kernel: Boundary link 00005725 already claimed [     12.3750,     37.7016]
** WARNING: Boundary link 00005766 already claimed [     12.3650,     37.7016]
** WARNING: Boundary link 00005305 already claimed [     12.4850,     38.0615]
Dimr [2026-05-19 17:09:54.598066] #2 >> kernel: Boundary link 00005305 already claimed [     12.4850,     38.0615]
** WARNING: Boundary link 00005172 already claimed [     11.9620,     37.8304]
Dimr [2026-05-19 17:09:54.598065] #5 >> kernel: Boundary link 00005172 already claimed [     11.9620,     37.8304]
** WARNING: Boundary link 00005220 already claimed [     11.9620,     37.8225]
Dimr [2026-05-19 17:09:54.598079] #5 >> kernel: Boundary link 00005220 already claimed [     11.9620,     37.8225]
Dimr [2026-05-19 17:09:54.598065] #7 >> kernel: Boundary link 00005766 already claimed [     12.3650,     37.7016]
** WARNING: Boundary link 00005807 already claimed [     12.3550,     37.7016]
Dimr [2026-05-19 17:09:54.598074] #7 >> kernel: Boundary link 00005807 already claimed [     12.3550,     37.7016]
** WARNING: Boundary link 00005849 already claimed [     12.3450,     37.7016]
Dimr [2026-05-19 17:09:54.598085] #7 >> kernel: Boundary link 00005849 already claimed [     12.3450,     37.7016]
** WARNING: Boundary link 00005358 already claimed [     12.4950,     38.0615]
Dimr [2026-05-19 17:09:54.598095] #2 >> kernel: Boundary link 00005358 already claimed [     12.4950,     38.0615]
** WARNING: Boundary link 00005253 already claimed [     11.9620,     37.8146]
Dimr [2026-05-19 17:09:54.598093] #5 >> kernel: Boundary link 00005253 already claimed [     11.9620,     37.8146]
** WARNING: Boundary link 00005292 already claimed [     11.9620,     37.8067]
Dimr [2026-05-19 17:09:54.598105] #5 >> kernel: Boundary link 00005292 already claimed [     11.9620,     37.8067]
** WARNING: Boundary link 00005889 already claimed [     12.3350,     37.7016]
Dimr [2026-05-19 17:09:54.598095] #7 >> kernel: Boundary link 00005889 already claimed [     12.3350,     37.7016]
** WARNING: Boundary link 00005927 already claimed [     12.3250,     37.7016]
Dimr [2026-05-19 17:09:54.598106] #7 >> kernel: Boundary link 00005927 already claimed [     12.3250,     37.7016]
** WARNING: Boundary link 00005962 already claimed [     12.3150,     37.7016]
** WARNING: Boundary link 00005407 already claimed [     12.5050,     38.0615]
Dimr [2026-05-19 17:09:54.598117] #2 >> kernel: Boundary link 00005407 already claimed [     12.5050,     38.0615]
** WARNING: Boundary link 00005331 already claimed [     11.9620,     37.7988]
Dimr [2026-05-19 17:09:54.598120] #5 >> kernel: Boundary link 00005331 already claimed [     11.9620,     37.7988]
** WARNING: Boundary link 00005372 already claimed [     11.9620,     37.7909]
Dimr [2026-05-19 17:09:54.598134] #5 >> kernel: Boundary link 00005372 already claimed [     11.9620,     37.7909]
Dimr [2026-05-19 17:09:54.598117] #7 >> kernel: Boundary link 00005962 already claimed [     12.3150,     37.7016]
** WARNING: Boundary link 00005998 already claimed [     12.3050,     37.7016]
Dimr [2026-05-19 17:09:54.598129] #7 >> kernel: Boundary link 00005998 already claimed [     12.3050,     37.7016]
** WARNING: Boundary link 00006032 already claimed [     12.2950,     37.7016]
Dimr [2026-05-19 17:09:54.598138] #7 >> kernel: Boundary link 00006032 already claimed [     12.2950,     37.7016]
** INFO   : boundary: 'Stagnone_dxy01_15m.pli' opened 0 cells.
** INFO   : waterlevelbnd Stagnone_dxy01_15m.pli       0 nr of open bndcells
** WARNING: Boundary link 00005448 already claimed [     12.5150,     38.0615]
Dimr [2026-05-19 17:09:54.598139] #2 >> kernel: Boundary link 00005448 already claimed [     12.5150,     38.0615]
** WARNING: Boundary link 00005415 already claimed [     11.9620,     37.7830]
Dimr [2026-05-19 17:09:54.598147] #5 >> kernel: Boundary link 00005415 already claimed [     11.9620,     37.7830]
** WARNING: Boundary link 00005460 already claimed [     11.9620,     37.7751]
Dimr [2026-05-19 17:09:54.598161] #5 >> kernel: Boundary link 00005460 already claimed [     11.9620,     37.7751]
** WARNING: Boundary link 00006064 already claimed [     12.2850,     37.7016]
Dimr [2026-05-19 17:09:54.598149] #7 >> kernel: Boundary link 00006064 already claimed [     12.2850,     37.7016]
** WARNING: Boundary link 00006094 already claimed [     12.2750,     37.7016]
Dimr [2026-05-19 17:09:54.598159] #7 >> kernel: Boundary link 00006094 already claimed [     12.2750,     37.7016]
** WARNING: Boundary link 00006122 already claimed [     12.2650,     37.7016]
Dimr [2026-05-19 17:09:54.598168] #7 >> kernel: Boundary link 00006122 already claimed [     12.2650,     37.7016]
** WARNING: Boundary link 00005538 already claimed [     12.5250,     38.0622]
Dimr [2026-05-19 17:09:54.598168] #2 >> kernel: Boundary link 00005538 already claimed [     12.5250,     38.0622]
** WARNING: Boundary link 00005578 already claimed [     12.5325,     38.0623]
** WARNING: Boundary link 00005505 already claimed [     11.9620,     37.7672]
Dimr [2026-05-19 17:09:54.598174] #5 >> kernel: Boundary link 00005505 already claimed [     11.9620,     37.7672]
** WARNING: Boundary link 00005552 already claimed [     11.9620,     37.7593]
Dimr [2026-05-19 17:09:54.598188] #5 >> kernel: Boundary link 00005552 already claimed [     11.9620,     37.7593]
** WARNING: Boundary link 00006148 already claimed [     12.2550,     37.7016]
Dimr [2026-05-19 17:09:54.598180] #7 >> kernel: Boundary link 00006148 already claimed [     12.2550,     37.7016]
** WARNING: Boundary link 00006172 already claimed [     12.2450,     37.7016]
Dimr [2026-05-19 17:09:54.598196] #7 >> kernel: Boundary link 00006172 already claimed [     12.2450,     37.7016]
** INFO   : Opened file : Stagnone_dxy01_15m.pli
Dimr [2026-05-19 17:09:54.598191] #2 >> kernel: Boundary link 00005578 already claimed [     12.5325,     38.0623]
** INFO   : boundary: 'Stagnone_dxy01_15m.pli' opened 33 cells.
** INFO   : salinitybnd Stagnone_dxy01_15m.pli      33 nr of salinity bndcells
** INFO   : Opened file : Stagnone_dxy01_15m.pli
** WARNING: Boundary link 00005603 already claimed [     11.9620,     37.7514]
Dimr [2026-05-19 17:09:54.598202] #5 >> kernel: Boundary link 00005603 already claimed [     11.9620,     37.7514]
** WARNING: Boundary link 00005656 already claimed [     11.9620,     37.7435]
Dimr [2026-05-19 17:09:54.598214] #5 >> kernel: Boundary link 00005656 already claimed [     11.9620,     37.7435]
** WARNING: Boundary link 00005713 already claimed [     11.9620,     37.7356]
Dimr [2026-05-19 17:09:54.598228] #5 >> kernel: Boundary link 00005713 already claimed [     11.9620,     37.7356]
** WARNING: Boundary link 00006194 already claimed [     12.2350,     37.7016]
Dimr [2026-05-19 17:09:54.598208] #7 >> kernel: Boundary link 00006194 already claimed [     12.2350,     37.7016]
** WARNING: Boundary link 00006214 already claimed [     12.2250,     37.7016]
Dimr [2026-05-19 17:09:54.598218] #7 >> kernel: Boundary link 00006214 already claimed [     12.2250,     37.7016]
** WARNING: Boundary link 00006232 already claimed [     12.2150,     37.7016]
Dimr [2026-05-19 17:09:54.598228] #7 >> kernel: Boundary link 00006232 already claimed [     12.2150,     37.7016]
** WARNING: Boundary link 00006248 already claimed [     12.2050,     37.7016]
Dimr [2026-05-19 17:09:54.598237] #7 >> kernel: Boundary link 00006248 already claimed [     12.2050,     37.7016]
** WARNING: Boundary link 00005770 already claimed [     11.9620,     37.7277]
Dimr [2026-05-19 17:09:54.598241] #5 >> kernel: Boundary link 00005770 already claimed [     11.9620,     37.7277]
** WARNING: Boundary link 00005827 already claimed [     11.9620,     37.7198]
Dimr [2026-05-19 17:09:54.598254] #5 >> kernel: Boundary link 00005827 already claimed [     11.9620,     37.7198]
** WARNING: Boundary link 00006262 already claimed [     12.1950,     37.7016]
Dimr [2026-05-19 17:09:54.598247] #7 >> kernel: Boundary link 00006262 already claimed [     12.1950,     37.7016]
** WARNING: Boundary link 00006273 already claimed [     12.1850,     37.7016]
Dimr [2026-05-19 17:09:54.598257] #7 >> kernel: Boundary link 00006273 already claimed [     12.1850,     37.7016]
** WARNING: Boundary link 00006285 already claimed [     12.1750,     37.7016]
** INFO   : Closed file : Stagnone_dxy01_15m.pli
** WARNING: Boundary link 00005884 already claimed [     11.9620,     37.7119]
Dimr [2026-05-19 17:09:54.598267] #5 >> kernel: Boundary link 00005884 already claimed [     11.9620,     37.7119]
** WARNING: Boundary link 00005997 already claimed [     11.9750,     37.7016]
Dimr [2026-05-19 17:09:54.598266] #7 >> kernel: Boundary link 00006285 already claimed [     12.1750,     37.7016]
** WARNING: Boundary link 00006295 already claimed [     12.1650,     37.7016]
Dimr [2026-05-19 17:09:54.598275] #7 >> kernel: Boundary link 00006295 already claimed [     12.1650,     37.7016]
** WARNING: Boundary link 00006303 already claimed [     12.1550,     37.7016]
Dimr [2026-05-19 17:09:54.598285] #7 >> kernel: Boundary link 00006303 already claimed [     12.1550,     37.7016]
** WARNING: Boundary link 00006309 already claimed [     12.1450,     37.7016]
Dimr [2026-05-19 17:09:54.598288] #5 >> kernel: Boundary link 00005997 already claimed [     11.9750,     37.7016]
** WARNING: Boundary link 00006050 already claimed [     11.9850,     37.7016]
Dimr [2026-05-19 17:09:54.598302] #5 >> kernel: Boundary link 00006050 already claimed [     11.9850,     37.7016]
Dimr [2026-05-19 17:09:54.598294] #7 >> kernel: Boundary link 00006309 already claimed [     12.1450,     37.7016]
** WARNING: Boundary link 00006313 already claimed [     12.1350,     37.7016]
Dimr [2026-05-19 17:09:54.598304] #7 >> kernel: Boundary link 00006313 already claimed [     12.1350,     37.7016]
** INFO   : boundary: 'Stagnone_dxy01_15m.pli' opened 0 cells.
** INFO   : waterlevelbnd Stagnone_dxy01_15m.pli       0 nr of open bndcells
** WARNING: Boundary link 00006101 already claimed [     11.9950,     37.7016]
Dimr [2026-05-19 17:09:54.598315] #5 >> kernel: Boundary link 00006101 already claimed [     11.9950,     37.7016]
** WARNING: Boundary link 00006151 already claimed [     12.0050,     37.7016]
Dimr [2026-05-19 17:09:54.598329] #5 >> kernel: Boundary link 00006151 already claimed [     12.0050,     37.7016]
** INFO   : Closed file : Stagnone_dxy01_15m.pli
** INFO   : boundary: 'Stagnone_dxy01_15m.pli' opened 0 cells.
** INFO   : waterlevelbnd Stagnone_dxy01_15m.pli       0 nr of open bndcells
** WARNING: Boundary link 00006196 already claimed [     12.0150,     37.7016]
Dimr [2026-05-19 17:09:54.598342] #5 >> kernel: Boundary link 00006196 already claimed [     12.0150,     37.7016]
** WARNING: Boundary link 00006239 already claimed [     12.0250,     37.7016]
Dimr [2026-05-19 17:09:54.598354] #5 >> kernel: Boundary link 00006239 already claimed [     12.0250,     37.7016]
** INFO   : Opened file : Stagnone_dxy01_15m.pli
** INFO   : Opened file : Stagnone_dxy01_15m.pli
** WARNING: Boundary link 00006280 already claimed [     12.0350,     37.7016]
Dimr [2026-05-19 17:09:54.598367] #5 >> kernel: Boundary link 00006280 already claimed [     12.0350,     37.7016]
** WARNING: Boundary link 00006320 already claimed [     12.0450,     37.7016]
Dimr [2026-05-19 17:09:54.598380] #5 >> kernel: Boundary link 00006320 already claimed [     12.0450,     37.7016]
** WARNING: Boundary link 00006355 already claimed [     12.0550,     37.7016]
Dimr [2026-05-19 17:09:54.598392] #5 >> kernel: Boundary link 00006355 already claimed [     12.0550,     37.7016]
** INFO   : boundary: 'Stagnone_dxy01_15m.pli' opened 38 cells.
** INFO   : salinitybnd Stagnone_dxy01_15m.pli      38 nr of salinity bndcells
** WARNING: Boundary link 00006388 already claimed [     12.0650,     37.7016]
Dimr [2026-05-19 17:09:54.598406] #5 >> kernel: Boundary link 00006388 already claimed [     12.0650,     37.7016]
** WARNING: Boundary link 00006419 already claimed [     12.0750,     37.7016]
** INFO   : Closed file : Stagnone_dxy01_15m.pli
Dimr [2026-05-19 17:09:54.598418] #5 >> kernel: Boundary link 00006419 already claimed [     12.0750,     37.7016]
** WARNING: Boundary link 00006448 already claimed [     12.0850,     37.7016]
Dimr [2026-05-19 17:09:54.598431] #5 >> kernel: Boundary link 00006448 already claimed [     12.0850,     37.7016]
** WARNING: Boundary link 00006475 already claimed [     12.0950,     37.7016]
** INFO   : Opened file : Stagnone_dxy01_15m.pli
** INFO   : Closed file : Stagnone_dxy01_15m.pli
Dimr [2026-05-19 17:09:54.598444] #5 >> kernel: Boundary link 00006475 already claimed [     12.0950,     37.7016]
** WARNING: Boundary link 00006500 already claimed [     12.1050,     37.7016]
Dimr [2026-05-19 17:09:54.598456] #5 >> kernel: Boundary link 00006500 already claimed [     12.1050,     37.7016]
** WARNING: Boundary link 00006523 already claimed [     12.1150,     37.7016]
** INFO   : boundary: 'Stagnone_dxy01_15m.pli' opened 0 cells.
** INFO   : salinitybnd Stagnone_dxy01_15m.pli       0 nr of salinity bndcells
** INFO   : Opened file : Stagnone_dxy01_15m.pli
Dimr [2026-05-19 17:09:54.598469] #5 >> kernel: Boundary link 00006523 already claimed [     12.1150,     37.7016]
** WARNING: Boundary link 00006544 already claimed [     12.1250,     37.7016]
Dimr [2026-05-19 17:09:54.598482] #5 >> kernel: Boundary link 00006544 already claimed [     12.1250,     37.7016]
** WARNING: Boundary link 00006563 already claimed [     12.1350,     37.7016]
Dimr [2026-05-19 17:09:54.598494] #5 >> kernel: Boundary link 00006563 already claimed [     12.1350,     37.7016]
** WARNING: Boundary link 00006581 already claimed [     12.1450,     37.7016]
Dimr [2026-05-19 17:09:54.598507] #5 >> kernel: Boundary link 00006581 already claimed [     12.1450,     37.7016]
** WARNING: Boundary link 00006594 already claimed [     12.1550,     37.7016]
Dimr [2026-05-19 17:09:54.598519] #5 >> kernel: Boundary link 00006594 already claimed [     12.1550,     37.7016]
** WARNING: Boundary link 00006605 already claimed [     12.1650,     37.7016]
Dimr [2026-05-19 17:09:54.598532] #5 >> kernel: Boundary link 00006605 already claimed [     12.1650,     37.7016]
** INFO   : Closed file : Stagnone_dxy01_15m.pli
** WARNING: Boundary link 00006614 already claimed [     12.1750,     37.7016]
Dimr [2026-05-19 17:09:54.598545] #5 >> kernel: Boundary link 00006614 already claimed [     12.1750,     37.7016]
** WARNING: Boundary link 00006621 already claimed [     12.1850,     37.7016]
Dimr [2026-05-19 17:09:54.598558] #5 >> kernel: Boundary link 00006621 already claimed [     12.1850,     37.7016]
** WARNING: Boundary link 00006626 already claimed [     12.1950,     37.7016]
Dimr [2026-05-19 17:09:54.598570] #5 >> kernel: Boundary link 00006626 already claimed [     12.1950,     37.7016]
** INFO   : Closed file : Stagnone_dxy01_15m.pli
** WARNING: Boundary link 00006629 already claimed [     12.2050,     37.7016]
Dimr [2026-05-19 17:09:54.598583] #5 >> kernel: Boundary link 00006629 already claimed [     12.2050,     37.7016]
** INFO   : boundary: 'Stagnone_dxy01_15m.pli' opened 0 cells.
** INFO   : waterlevelbnd Stagnone_dxy01_15m.pli       0 nr of open bndcells
** INFO   : Opened file : Stagnone_dxy01_15m.pli
** INFO   : boundary: 'Stagnone_dxy01_15m.pli' opened 0 cells.
** INFO   : waterlevelbnd Stagnone_dxy01_15m.pli       0 nr of open bndcells
** INFO   : Closed file : Stagnone_dxy01_15m.pli
** INFO   : Opened file : Stagnone_dxy01_15m.pli
** INFO   : boundary: 'Stagnone_dxy01_15m.pli' opened 33 cells.
** INFO   : temperaturebnd Stagnone_dxy01_15m.pli      33 nr of temperature bndcells
** INFO   : Opened file : Stagnone_dxy01_15m.pli
** INFO   : Closed file : Stagnone_dxy01_15m.pli
** INFO   : Closed file : Stagnone_dxy01_15m.pli
** INFO   : boundary: 'Stagnone_dxy01_15m.pli' opened 38 cells.
** INFO   : temperaturebnd Stagnone_dxy01_15m.pli      38 nr of temperature bndcells
** INFO   : boundary: 'Stagnone_dxy01_15m.pli' opened 33 cells.
** INFO   : uxuyadvectionvelocitybnd Stagnone_dxy01_15m.pli      33 nr of uxuyadvectionvelocity bndcells
** INFO   : Opened file : Stagnone_dxy01_15m.pli
** INFO   : Opened file : Stagnone_dxy01_15m.pli
** INFO   : Closed file : Stagnone_dxy01_15m.pli
** INFO   : Closed file : Stagnone_dxy01_15m.pli
** INFO   : boundary: 'Stagnone_dxy01_15m.pli' opened 63 cells.
** INFO   : salinitybnd Stagnone_dxy01_15m.pli      63 nr of salinity bndcells
** INFO   : Opened file : Stagnone_dxy01_15m.pli
** INFO   : boundary: 'Stagnone_dxy01_15m.pli' opened 34 cells.
** INFO   : salinitybnd Stagnone_dxy01_15m.pli      34 nr of salinity bndcells
** INFO   : Opened file : Stagnone_dxy01_15m.pli
** INFO   : boundary: 'Stagnone_dxy01_15m.pli' opened 0 cells.
** INFO   : temperaturebnd Stagnone_dxy01_15m.pli       0 nr of temperature bndcells
** INFO   : Opened file : Stagnone_dxy01_15m.pli
** INFO   : Closed file : Stagnone_dxy01_15m.pli
** INFO   : Closed file : Stagnone_dxy01_15m.pli
** INFO   : Closed file : Stagnone_dxy01_15m.pli
** INFO   : boundary: 'Stagnone_dxy01_15m.pli' opened 15 cells.
** INFO   : salinitybnd Stagnone_dxy01_15m.pli      15 nr of salinity bndcells
** INFO   : Opened file : Stagnone_dxy01_15m.pli
** INFO   : boundary: 'Stagnone_dxy01_15m.pli' opened 0 cells.
** INFO   : waterlevelbnd Stagnone_dxy01_15m.pli       0 nr of open bndcells
** INFO   : Opened file : Stagnone_dxy01_15m.pli
** INFO   : boundary: 'Stagnone_dxy01_15m.pli' opened 33 cells.
** INFO   : tracerbndlagoon_tracer Stagnone_dxy01_15m.pli      33 nr of tracer bndcells
** INFO   : Closed file : Stagnone_dxy01_15m.pli
** INFO   : Opened file : turbid_airport.pli
** INFO   : Closed file : turbid_airport.pli
** INFO   : boundary: 'turbid_airport.pli' opened 0 cells.
** INFO   : tracerbndturbid_airport turbid_airport.pli       0 nr of tracer bndcells
** INFO   : Opened file : turbid_saltpans.pli
** INFO   : Closed file : turbid_saltpans.pli
** INFO   : boundary: 'turbid_saltpans.pli' opened 0 cells.
** INFO   : tracerbndturbid_saltpans turbid_saltpans.pli       0 nr of tracer bndcells
** INFO   : Closed file : Stagnone_dxy01_15m.pli
** INFO   : boundary: 'Stagnone_dxy01_15m.pli' opened 0 cells.
** INFO   : salinitybnd Stagnone_dxy01_15m.pli       0 nr of salinity bndcells
** INFO   : Opened file : Stagnone_dxy01_15m.pli
** INFO   : boundary: 'Stagnone_dxy01_15m.pli' opened 38 cells.
** INFO   : Closed file : Stagnone_dxy01_15m.pli
** INFO   : uxuyadvectionvelocitybnd Stagnone_dxy01_15m.pli      38 nr of uxuyadvectionvelocity bndcells
** INFO   : Opened file : Stagnone_dxy01_15m.pli
** INFO   : boundary: 'Stagnone_dxy01_15m.pli' opened 63 cells.
** INFO   : temperaturebnd Stagnone_dxy01_15m.pli      63 nr of temperature bndcells
** INFO   : Opened file : Stagnone_dxy01_15m.pli
** INFO   : Closed file : Stagnone_dxy01_15m.pli
** INFO   : Closed file : Stagnone_dxy01_15m.pli
** INFO   : boundary: 'Stagnone_dxy01_15m.pli' opened 0 cells.
** INFO   : uxuyadvectionvelocitybnd Stagnone_dxy01_15m.pli       0 nr of uxuyadvectionvelocity bndcells
** INFO   : Opened file : Stagnone_dxy01_15m.pli
** INFO   : boundary: 'Stagnone_dxy01_15m.pli' opened 34 cells.
** INFO   : temperaturebnd Stagnone_dxy01_15m.pli      34 nr of temperature bndcells
** INFO   : Opened file : Stagnone_dxy01_15m.pli
** INFO   : Closed file : Stagnone_dxy01_15m.pli
** INFO   : Closed file : Stagnone_dxy01_15m.pli
** INFO   : boundary: 'Stagnone_dxy01_15m.pli' opened 38 cells.
** INFO   : tracerbndlagoon_tracer Stagnone_dxy01_15m.pli      38 nr of tracer bndcells
** INFO   : boundary: 'Stagnone_dxy01_15m.pli' opened 63 cells.
** INFO   : uxuyadvectionvelocitybnd Stagnone_dxy01_15m.pli      63 nr of uxuyadvectionvelocity bndcells
** INFO   : Opened file : Stagnone_dxy01_15m.pli
** INFO   : Opened file : turbid_airport.pli
** INFO   : Closed file : turbid_airport.pli
** INFO   : boundary: 'turbid_airport.pli' opened 0 cells.
** INFO   : tracerbndturbid_airport turbid_airport.pli       0 nr of tracer bndcells
** INFO   : Opened file : turbid_saltpans.pli
** INFO   : Closed file : Stagnone_dxy01_15m.pli
** INFO   : Closed file : turbid_saltpans.pli
** INFO   : boundary: 'turbid_saltpans.pli' opened 0 cells.
** INFO   : tracerbndturbid_saltpans turbid_saltpans.pli       0 nr of tracer bndcells
** INFO   : boundary: 'Stagnone_dxy01_15m.pli' opened 15 cells.
** INFO   : temperaturebnd Stagnone_dxy01_15m.pli      15 nr of temperature bndcells
** INFO   : Opened file : Stagnone_dxy01_15m.pli
** INFO   : Closed file : Stagnone_dxy01_15m.pli
** INFO   : boundary: 'Stagnone_dxy01_15m.pli' opened 0 cells.
** INFO   : temperaturebnd Stagnone_dxy01_15m.pli       0 nr of temperature bndcells
** INFO   : Opened file : Stagnone_dxy01_15m.pli
** INFO   : boundary: 'Stagnone_dxy01_15m.pli' opened 0 cells.
** INFO   : salinitybnd Stagnone_dxy01_15m.pli       0 nr of salinity bndcells
** INFO   : Closed file : Stagnone_dxy01_15m.pli
** INFO   : Opened file : Stagnone_dxy01_15m.pli
** INFO   : boundary: 'Stagnone_dxy01_15m.pli' opened 0 cells.
** INFO   : tracerbndlagoon_tracer Stagnone_dxy01_15m.pli       0 nr of tracer bndcells
** INFO   : Opened file : turbid_airport.pli
** INFO   : Closed file : turbid_airport.pli
** INFO   : boundary: 'turbid_airport.pli' opened 0 cells.
** INFO   : tracerbndturbid_airport turbid_airport.pli       0 nr of tracer bndcells
** INFO   : Opened file : turbid_saltpans.pli
** INFO   : Closed file : turbid_saltpans.pli
** INFO   : Closed file : Stagnone_dxy01_15m.pli
** INFO   : boundary: 'turbid_saltpans.pli' opened 0 cells.
** INFO   : tracerbndturbid_saltpans turbid_saltpans.pli       0 nr of tracer bndcells
** INFO   : boundary: 'Stagnone_dxy01_15m.pli' opened 34 cells.
** INFO   : uxuyadvectionvelocitybnd Stagnone_dxy01_15m.pli      34 nr of uxuyadvectionvelocity bndcells
** INFO   : Opened file : Stagnone_dxy01_15m.pli
** INFO   : Closed file : Stagnone_dxy01_15m.pli
** INFO   : boundary: 'Stagnone_dxy01_15m.pli' opened 63 cells.
** INFO   : tracerbndlagoon_tracer Stagnone_dxy01_15m.pli      63 nr of tracer bndcells
** INFO   : Opened file : turbid_airport.pli
** INFO   : Closed file : turbid_airport.pli
** INFO   : boundary: 'turbid_airport.pli' opened 0 cells.
** INFO   : tracerbndturbid_airport turbid_airport.pli       0 nr of tracer bndcells
** INFO   : Opened file : turbid_saltpans.pli
** INFO   : Closed file : turbid_saltpans.pli
** INFO   : boundary: 'turbid_saltpans.pli' opened 0 cells.
** INFO   : tracerbndturbid_saltpans turbid_saltpans.pli       0 nr of tracer bndcells
** INFO   : boundary: 'Stagnone_dxy01_15m.pli' opened 15 cells.
** INFO   : uxuyadvectionvelocitybnd Stagnone_dxy01_15m.pli      15 nr of uxuyadvectionvelocity bndcells
** INFO   : Opened file : Stagnone_dxy01_15m.pli
** INFO   : boundary: 'Stagnone_dxy01_15m.pli' opened 0 cells.
** INFO   : uxuyadvectionvelocitybnd Stagnone_dxy01_15m.pli       0 nr of uxuyadvectionvelocity bndcells
** INFO   : Closed file : Stagnone_dxy01_15m.pli
** INFO   : Opened file : Stagnone_dxy01_15m.pli
** INFO   : boundary: 'Stagnone_dxy01_15m.pli' opened 34 cells.
** INFO   : tracerbndlagoon_tracer Stagnone_dxy01_15m.pli      34 nr of tracer bndcells
** INFO   : Closed file : Stagnone_dxy01_15m.pli
** INFO   : Opened file : turbid_airport.pli
** INFO   : Closed file : turbid_airport.pli
** INFO   : boundary: 'turbid_airport.pli' opened 0 cells.
** INFO   : tracerbndturbid_airport turbid_airport.pli       0 nr of tracer bndcells
** INFO   : Opened file : turbid_saltpans.pli
** INFO   : Closed file : turbid_saltpans.pli
** INFO   : boundary: 'turbid_saltpans.pli' opened 0 cells.
** INFO   : tracerbndturbid_saltpans turbid_saltpans.pli       0 nr of tracer bndcells
** INFO   : boundary: 'Stagnone_dxy01_15m.pli' opened 0 cells.
** INFO   : temperaturebnd Stagnone_dxy01_15m.pli       0 nr of temperature bndcells
** INFO   : Opened file : Stagnone_dxy01_15m.pli
** INFO   : Closed file : Stagnone_dxy01_15m.pli
** INFO   : boundary: 'Stagnone_dxy01_15m.pli' opened 0 cells.
** INFO   : tracerbndlagoon_tracer Stagnone_dxy01_15m.pli       0 nr of tracer bndcells
** INFO   : boundary: 'Stagnone_dxy01_15m.pli' opened 15 cells.
** INFO   : tracerbndlagoon_tracer Stagnone_dxy01_15m.pli      15 nr of tracer bndcells
** INFO   : Opened file : turbid_airport.pli
** INFO   : Closed file : turbid_airport.pli
** INFO   : Opened file : turbid_airport.pli
** INFO   : Closed file : turbid_airport.pli
** INFO   : boundary: 'turbid_airport.pli' opened 0 cells.
** INFO   : tracerbndturbid_airport turbid_airport.pli       0 nr of tracer bndcells
** INFO   : boundary: 'turbid_airport.pli' opened 0 cells.
** INFO   : tracerbndturbid_airport turbid_airport.pli       0 nr of tracer bndcells
** INFO   : Opened file : turbid_saltpans.pli
** INFO   : Closed file : turbid_saltpans.pli
** INFO   : Opened file : turbid_saltpans.pli
** INFO   : Closed file : turbid_saltpans.pli
** INFO   : boundary: 'turbid_saltpans.pli' opened 0 cells.
** INFO   : tracerbndturbid_saltpans turbid_saltpans.pli       0 nr of tracer bndcells
** INFO   : boundary: 'turbid_saltpans.pli' opened 0 cells.
** INFO   : tracerbndturbid_saltpans turbid_saltpans.pli       0 nr of tracer bndcells
** INFO   : boundary: 'Stagnone_dxy01_15m.pli' opened 0 cells.
** INFO   : uxuyadvectionvelocitybnd Stagnone_dxy01_15m.pli       0 nr of uxuyadvectionvelocity bndcells
** INFO   : Opened file : Stagnone_dxy01_15m.pli
** INFO   : Closed file : Stagnone_dxy01_15m.pli
** INFO   : Start partitioning model...
** INFO   : boundary: 'Stagnone_dxy01_15m.pli' opened 0 cells.
** INFO   : tracerbndlagoon_tracer Stagnone_dxy01_15m.pli       0 nr of tracer bndcells
** INFO   : Opened file : turbid_airport.pli
** INFO   : Closed file : turbid_airport.pli
** INFO   : boundary: 'turbid_airport.pli' opened 0 cells.
** INFO   : tracerbndturbid_airport turbid_airport.pli       0 nr of tracer bndcells
** INFO   : Opened file : turbid_saltpans.pli
** INFO   : Closed file : turbid_saltpans.pli
** INFO   : boundary: 'turbid_saltpans.pli' opened 0 cells.
** INFO   : tracerbndturbid_saltpans turbid_saltpans.pli       0 nr of tracer bndcells
** INFO   : Start partitioning model...
** INFO   : Start partitioning model...
** INFO   : Start partitioning model...
** INFO   : added node-based ghostcells:             15
** INFO   : Start partitioning model...
** INFO   : Start partitioning model...
** INFO   : Start partitioning model...
** INFO   : added node-based ghostcells:             30
** INFO   : added node-based ghostcells:             26
** INFO   : added node-based ghostcells:             24
** INFO   : added node-based ghostcells:              5
** INFO   : added node-based ghostcells:              6
** INFO   : added node-based ghostcells:             29
** INFO   : Start partitioning model...
** INFO   : added node-based ghostcells:             46
** INFO   : added node-based ghostcells:             18
** INFO   : added node-based ghostcells:             16
** INFO   : added node-based ghostcells:             13
** INFO   : added node-based ghostcells:             12
** INFO   : added node-based ghostcells:             25
** INFO   : added node-based ghostcells:             10
** INFO   : added node-based ghostcells:             15
** INFO   : added node-based ghostcells:             94
** INFO   : added node-based ghostcells:             60
** INFO   : added node-based ghostcells:              3
** INFO   : added node-based ghostcells:             21
** INFO   : added node-based ghostcells:             68
** INFO   : added node-based ghostcells:            123
** INFO   : added node-based ghostcells:             36
** INFO   : added node-based ghostcells:             54
** INFO   : added node-based ghostcells:             76
** INFO   : added node-based ghostcells:              7
** INFO   : added node-based ghostcells:             11
** INFO   : added node-based ghostcells:            117
** INFO   : added node-based ghostcells:              0
** INFO   : added node-based ghostcells:             16
** INFO   : added node-based ghostcells:             11
** INFO   : added node-based ghostcells:             17
** INFO   : added node-based ghostcells:             24
** INFO   : added node-based ghostcells:             61
** INFO   : added node-based ghostcells:             13
** INFO   : added node-based ghostcells:             16
** INFO   : added node-based ghostcells:             18
** INFO   : added node-based ghostcells:              7
** INFO   : added node-based ghostcells:             15
** INFO   : added node-based ghostcells:             94
** INFO   : added node-based ghostcells:             60
** INFO   : added node-based ghostcells:             13
** INFO   : added node-based ghostcells:             25
** INFO   : added node-based ghostcells:             10
** INFO   : added node-based ghostcells:             12
** INFO   : added node-based ghostcells:             21
** INFO   : added node-based ghostcells:            123
** INFO   : added node-based ghostcells:              6
** INFO   : added node-based ghostcells:              3
** INFO   : added node-based ghostcells:             36
** INFO   : added node-based ghostcells:             68
** INFO   : added node-based ghostcells:             54
** INFO   : added node-based ghostcells:              6
** INFO   : added node-based ghostcells:             76
** INFO   : added node-based ghostcells:            117
** INFO   : added node-based ghostcells:              7
** INFO   : added node-based ghostcells:             16
** INFO   : added node-based ghostcells:             24
** INFO   : added node-based ghostcells:             11
** INFO   : added node-based ghostcells:              0
** INFO   : added node-based ghostcells:             11
** INFO   : added node-based ghostcells:             17
** INFO   : added node-based ghostcells:             61
** INFO   : added node-based ghostcells:             13
** INFO   : added node-based ghostcells:              6
** INFO   : added node-based ghostcells:             18
** INFO   : added node-based ghostcells:             16
** INFO   : added node-based ghostcells:             13
** INFO   : added node-based ghostcells:              7
** INFO   : added node-based ghostcells:             25
** INFO   : added node-based ghostcells:             94
** INFO   : added node-based ghostcells:             15
** INFO   : added node-based ghostcells:             12
** INFO   : added node-based ghostcells:             10
** INFO   : added node-based ghostcells:             60
** INFO   : added node-based ghostcells:            123
** INFO   : added node-based ghostcells:              6
** INFO   : added node-based ghostcells:             21
** INFO   : added node-based ghostcells:              3
** INFO   : added node-based ghostcells:            117
** INFO   : added node-based ghostcells:             68
** INFO   : added node-based ghostcells:             54
** INFO   : added node-based ghostcells:             36
** INFO   : added node-based ghostcells:             76
** INFO   : added node-based ghostcells:              6
** INFO   : added node-based ghostcells:              7
** INFO   : added node-based ghostcells:             16
** INFO   : added node-based ghostcells:             24
** INFO   : added node-based ghostcells:             11
** INFO   : added node-based ghostcells:              0
** INFO   : added node-based ghostcells:             11
** INFO   : added node-based ghostcells:             17
** INFO   : added node-based ghostcells:             61
** INFO   : added node-based ghostcells:             13
** INFO   : added node-based ghostcells:              6
** INFO   : added node-based ghostcells:             16
** INFO   : added node-based ghostcells:             13
** INFO   : added node-based ghostcells:              7
** INFO   : added node-based ghostcells:             18
** INFO   : added node-based ghostcells:             25
** INFO   : added node-based ghostcells:             94
** INFO   : added node-based ghostcells:             15
** INFO   : added node-based ghostcells:             10
** INFO   : added node-based ghostcells:             12
** INFO   : added node-based ghostcells:             60
** INFO   : added node-based ghostcells:            123
** INFO   : added node-based ghostcells:              3
** INFO   : added node-based ghostcells:              6
** INFO   : added node-based ghostcells:            117
** INFO   : added node-based ghostcells:             21
** INFO   : added node-based ghostcells:             36
** INFO   : added node-based ghostcells:             76
** INFO   : added node-based ghostcells:             68
** INFO   : added node-based ghostcells:             54
** INFO   : added node-based ghostcells:              6
** INFO   : added node-based ghostcells:              7
** INFO   : added node-based ghostcells:             11
** INFO   : added node-based ghostcells:             16
** INFO   : added node-based ghostcells:              0
** INFO   : added node-based ghostcells:             17
** INFO   : added node-based ghostcells:             24
** INFO   : added node-based ghostcells:             11
** INFO   : added node-based ghostcells:             61
** INFO   : added node-based ghostcells:             13
** INFO   : added node-based ghostcells:              6
** INFO   : partition_fixorientation_ghostlist: number of reversed flowlinks=              0
** INFO   : partition_fixorientation_ghostlist: number of reversed flowlinks=              0
** INFO   : partition_fixorientation_ghostlist: number of reversed flowlinks=              0
** INFO   : partition_fixorientation_ghostlist: number of reversed flowlinks=              0
** INFO   : partition_fixorientation_ghostlist: number of reversed flowlinks=              0
** INFO   : partition_fixorientation_ghostlist: number of reversed flowlinks=              0
** INFO   : partition_fixorientation_ghostlist: number of reversed flowlinks=              0
** INFO   : partition_fixorientation_ghostlist: number of reversed flowlinks=              2
** INFO   : Done partitioning model.
** INFO   : Done partitioning model.
** INFO   : Done partitioning model.
** INFO   : Done partitioning model.
** INFO   : Done partitioning model.
** INFO   : Done partitioning model.
** INFO   : Done partitioning model.
** INFO   : Done partitioning model.
** INFO   : merged 0 samples in .00 seconds.
** INFO   : merged 0 samples in .00 seconds.
** INFO   : merged 0 samples in .00 seconds.
** INFO   : merged 0 samples in .00 seconds.
** INFO   : merged 0 samples in .00 seconds.
** INFO   : merged 0 samples in .00 seconds.
** INFO   : merged 0 samples in .00 seconds.
** INFO   : merged 0 samples in .01 seconds.
** INFO   : setbedlevelfromextfile: Using bedlevel as specified in net-file.
** INFO   : setbedlevelfromextfile: Using bedlevel as specified in net-file.
** INFO   : setbedlevelfromextfile: Using bedlevel as specified in net-file.
** INFO   : setbedlevelfromextfile: Mirroring input bedlevels at open boundaries.
** INFO   : setbedlevelfromextfile: Mirroring input bedlevels at open boundaries.
** INFO   : setbedlevelfromextfile: Mirroring input bedlevels at open boundaries.
** INFO   : setbedlevelfromextfile: Using bedlevel as specified in net-file.
** INFO   : setbedlevelfromextfile: Using bedlevel as specified in net-file.
** INFO   : setbedlevelfromextfile: Mirroring input bedlevels at open boundaries.
** INFO   : setbedlevelfromextfile: Mirroring input bedlevels at open boundaries.
** INFO   : setbedlevelfromextfile: Using bedlevel as specified in net-file.
** INFO   : setbedlevelfromextfile: Mirroring input bedlevels at open boundaries.
** INFO   : setbedlevelfromextfile: Using bedlevel as specified in net-file.
** INFO   : setbedlevelfromextfile: Mirroring input bedlevels at open boundaries.
** INFO   : setbedlevelfromextfile: Using bedlevel as specified in net-file.
** INFO   : setbedlevelfromextfile: Mirroring input bedlevels at open boundaries.
** INFO   : Circumcentre distance dx(L)  < dxwuimin2D*wu(L) : xu, yu, old dx, new dx:       12.466291      37.829536      11.477686      14.120312
** INFO   : Circumcentre distance dx(L)  < dxwuimin2D*wu(L) : xu, yu, old dx, new dx:       12.466165      37.837557      12.745523      15.406288
** INFO   : Circumcentre distance dx(L)  < dxwuimin2D*wu(L) : xu, yu, old dx, new dx:       12.463783      37.837325      13.946018      14.143675
** INFO   : Circumcentre distance dx(L)  < dxwuimin2D*wu(L) : xu, yu, old dx, new dx:       12.460117      37.830272      13.988861      15.343706
** INFO   : Circumcentre distance dx(L)  < dxwuimin2D*wu(L) : xu, yu, old dx, new dx:       12.443797      37.813710      11.352413      11.927798
** INFO   : Circumcentre distance dx(L)  < dxwuimin2D*wu(L) : xu, yu, old dx, new dx:       12.454147      37.840947      16.465750      17.037781
** INFO   : Circumcentre distance dx(L)  < dxwuimin2D*wu(L) : xu, yu, old dx, new dx:       12.450808      37.843274      12.747187      16.530360
** INFO   : Circumcentre distance dx(L)  < dxwuimin2D*wu(L) : xu, yu, old dx, new dx:       12.453110      37.829484      13.273244      17.674335
** INFO   : Circumcentre distance dx(L)  < dxwuimin2D*wu(L) : xu, yu, old dx, new dx:       12.446097      37.835524      24.610224      26.552220
** INFO   : Circumcentre distance dx(L)  < dxwuimin2D*wu(L) : xu, yu, old dx, new dx:       12.454147      37.840947      16.465750      17.037781
** INFO   : Circumcentre distance dx(L)  < dxwuimin2D*wu(L) : xu, yu, old dx, new dx:       12.450808      37.843274      12.747187      16.530360
** INFO   : Circumcentre distance dx(L)  < dxwuimin2D*wu(L) : xu, yu, old dx, new dx:       12.450997      37.845318       8.760003      11.748263
** INFO   : Circumcentre distance dx(L)  < dxwuimin2D*wu(L) : xu, yu, old dx, new dx:       12.468859      37.854891       7.566529      14.184789
** INFO   : Circumcentre distance dx(L)  < dxwuimin2D*wu(L) : xu, yu, old dx, new dx:       12.470859      37.856199       7.858187      11.925006
** INFO   : Circumcentre distance dx(L)  < dxwuimin2D*wu(L) : xu, yu, old dx, new dx:       12.462663      37.855225       8.057506      14.991088
** INFO   : Circumcentre distance dx(L)  < dxwuimin2D*wu(L) : xu, yu, old dx, new dx:       12.475145      37.866971      11.328186      11.373797
** INFO   : Circumcentre distance dx(L)  < dxwuimin2D*wu(L) : xu, yu, old dx, new dx:       12.457642      37.864039       5.891790      13.132865
** INFO   : Circumcentre distance dx(L)  < dxwuimin2D*wu(L) : xu, yu, old dx, new dx:       12.456303      37.863898       8.480899      11.599609
** INFO   : Circumcentre distance dx(L)  < dxwuimin2D*wu(L) : xu, yu, old dx, new dx:       12.459257      37.864443       9.212557      16.843140
** INFO   : Circumcentre distance dx(L)  < dxwuimin2D*wu(L) : xu, yu, old dx, new dx:       12.473936      37.867536      10.458327      13.626211
** INFO   : Circumcentre distance dx(L)  < dxwuimin2D*wu(L) : xu, yu, old dx, new dx:       12.475975      37.874533      11.792555      14.247444
** INFO   : Circumcentre distance dx(L)  < dxwuimin2D*wu(L) : xu, yu, old dx, new dx:       12.468713      37.873333       6.848076      14.333788
** INFO   : Circumcentre distance dx(L)  < dxwuimin2D*wu(L) : xu, yu, old dx, new dx:       12.466596      37.874229       9.473271      12.722172
** INFO   : Circumcentre distance dx(L)  < dxwuimin2D*wu(L) : xu, yu, old dx, new dx:       12.472154      37.875560       7.898676      14.523341
** INFO   : Circumcentre distance dx(L)  < dxwuimin2D*wu(L) : xu, yu, old dx, new dx:       12.480505      37.881025      11.269937      12.177121
** INFO   : Circumcentre distance dx(L)  < dxwuimin2D*wu(L) : xu, yu, old dx, new dx:       12.464155      37.876790       9.380083      10.620045
** INFO   : Circumcentre distance dx(L)  < dxwuimin2D*wu(L) : xu, yu, old dx, new dx:       12.457384      37.875466      11.715869      15.009886
** INFO   : Circumcentre distance dx(L)  < dxwuimin2D*wu(L) : xu, yu, old dx, new dx:       12.457373      37.881482       9.304368      15.111997
** INFO   : Circumcentre distance dx(L)  < dxwuimin2D*wu(L) : xu, yu, old dx, new dx:       12.452446      37.883326      14.006273      16.472752
** INFO   : Circumcentre distance dx(L)  < dxwuimin2D*wu(L) : xu, yu, old dx, new dx:       12.449989      37.883772      13.397253      14.225601
** INFO   : Circumcentre distance dx(L)  < dxwuimin2D*wu(L) : xu, yu, old dx, new dx:       12.458195      37.885130      12.405397      15.095376
** INFO   : Circumcentre distance dx(L)  < dxwuimin2D*wu(L) : xu, yu, old dx, new dx:       12.456965      37.887301       5.825460      12.867206
** INFO   : Circumcentre distance dx(L)  < dxwuimin2D*wu(L) : xu, yu, old dx, new dx:       12.453685      37.887997       8.530407      17.482250
** INFO   : Circumcentre distance dx(L)  < dxwuimin2D*wu(L) : xu, yu, old dx, new dx:       12.454781      37.888075      13.634276      15.787727
** INFO   : Circumcentre distance dx(L)  < dxwuimin2D*wu(L) : xu, yu, old dx, new dx:       12.456153      37.889080      13.262043      16.761516
** INFO   : Circumcentre distance dx(L)  < dxwuimin2D*wu(L) : xu, yu, old dx, new dx:       12.457468      37.889980      14.947606      16.157637
** INFO   : Circumcentre distance dx(L)  < dxwuimin2D*wu(L) : xu, yu, old dx, new dx:       12.461420      37.892062       8.451441      11.144981
** INFO   : Circumcentre distance dx(L)  < dxwuimin2D*wu(L) : xu, yu, old dx, new dx:       12.447712      37.893807       9.312563      12.557749
** INFO   : Circumcentre distance dx(L)  < dxwuimin2D*wu(L) : xu, yu, old dx, new dx:       12.458805      37.891719      10.962111      14.641806
** INFO   : Circumcentre distance dx(L)  < dxwuimin2D*wu(L) : xu, yu, old dx, new dx:       12.457292      37.891806       7.373271      12.508135
** INFO   : Circumcentre distance dx(L)  < dxwuimin2D*wu(L) : xu, yu, old dx, new dx:       12.467787      37.901158      12.874765      14.738334
** INFO   : Circumcentre distance dx(L)  < dxwuimin2D*wu(L) : xu, yu, old dx, new dx:       12.462088      37.897799       9.986153      13.352605
** INFO   : Circumcentre distance dx(L)  < dxwuimin2D*wu(L) : xu, yu, old dx, new dx:       12.462178      37.899868      10.468151      13.737331
** INFO   : Done initializing flow model geometry.
** INFO   : Done initializing flow model geometry.
** INFO   : Done initializing flow model geometry.
** INFO   : Done initializing flow model geometry.
** INFO   : Done initializing flow model geometry.
** INFO   : Done initializing flow model geometry.
** INFO   : Done initializing flow model geometry.
** INFO   : Done initializing flow model geometry.
** INFO   : List of constituents defined in the model
** INFO   :        1 salt
** INFO   :        2 temperature
** INFO   :        3 lagoon_tracer
** INFO   :        4 turbid_airport
** INFO   :        5 turbid_saltpans
** INFO   : List of constituents defined in the model
** INFO   :        1 salt
** INFO   :        2 temperature
** INFO   :        3 lagoon_tracer
** INFO   :        4 turbid_airport
** INFO   :        5 turbid_saltpans
** INFO   : List of constituents defined in the model
** INFO   :        1 salt
** INFO   :        2 temperature
** INFO   :        3 lagoon_tracer
** INFO   :        4 turbid_airport
** INFO   :        5 turbid_saltpans
** INFO   : List of constituents defined in the model
** INFO   :        1 salt
** INFO   :        2 temperature
** INFO   :        3 lagoon_tracer
** INFO   :        4 turbid_airport
** INFO   : List of constituents defined in the model
** INFO   :        5 turbid_saltpans
** INFO   :        1 salt
** INFO   :        2 temperature
** INFO   :        3 lagoon_tracer
** INFO   :        4 turbid_airport
** INFO   :        5 turbid_saltpans
** INFO   : List of constituents defined in the model
** INFO   :        1 salt
** INFO   :        2 temperature
** INFO   :        3 lagoon_tracer
** INFO   :        4 turbid_airport
** INFO   :        5 turbid_saltpans
** INFO   : List of constituents defined in the model
** INFO   :        1 salt
** INFO   :        2 temperature
** INFO   :        3 lagoon_tracer
** INFO   :        4 turbid_airport
** INFO   :        5 turbid_saltpans
** INFO   : List of constituents defined in the model
** INFO   :        1 salt
** INFO   :        2 temperature
** INFO   :        3 lagoon_tracer
** INFO   :        4 turbid_airport
** INFO   :        5 turbid_saltpans
** INFO   : minimum Coriolis parameter :       0.000090
** INFO   : maximum Coriolis parameter :       0.000090
** INFO   : minimum Coriolis parameter :       0.000090
** INFO   : maximum Coriolis parameter :       0.000090
** INFO   : minimum Coriolis parameter :       0.000089
** INFO   : maximum Coriolis parameter :       0.000090
** INFO   : minimum Coriolis parameter :       0.000090
** INFO   : maximum Coriolis parameter :       0.000090
** INFO   : minimum Coriolis parameter :       0.000089
** INFO   : maximum Coriolis parameter :       0.000090
** INFO   : minimum Coriolis parameter :       0.000089
** INFO   : maximum Coriolis parameter :       0.000090
** INFO   : minimum Coriolis parameter :       0.000089
** INFO   : maximum Coriolis parameter :       0.000090
** INFO   : minimum Coriolis parameter :       0.000090
** INFO   : maximum Coriolis parameter :       0.000090
** INFO   : Start initializing external forcings...
** INFO   : Start initializing external forcings...
** INFO   : Start initializing external forcings...
** INFO   : Start initializing external forcings...
** INFO   : Start initializing external forcings...
** INFO   : Reading initial field file 'initialFields.ini'.
** INFO   : Reading initial field file 'initialFields.ini'.
** INFO   : Reading initial field file 'initialFields.ini'.
** INFO   : Reading initial field file 'initialFields.ini'.
** INFO   : Start initializing external forcings...
** INFO   : Reading initial field file 'initialFields.ini'.
** INFO   : Start initializing external forcings...
** INFO   : Reading initial field file 'initialFields.ini'.
** INFO   : Reading initial field file 'initialFields.ini'.
** INFO   : Start initializing external forcings...
** INFO   : Opened file : initialsalinity_hypersaline.xyz
** INFO   : Opened file : initialsalinity_hypersaline.xyz
** INFO   : Opened file : initialsalinity_hypersaline.xyz
** INFO   : Opened file : initialsalinity_hypersaline.xyz
** INFO   : Opened file : initialsalinity_hypersaline.xyz
** INFO   : Reading initial field file 'initialFields.ini'.
** INFO   : Opened file : initialsalinity_hypersaline.xyz
** INFO   : Opened file : initialsalinity_hypersaline.xyz
** INFO   : Opened file : initialsalinity_hypersaline.xyz
** INFO   : merged 0 samples in .02 seconds.
** INFO   : merged 0 samples in .02 seconds.
** INFO   : Closed file : initialsalinity_hypersaline.xyz
** INFO   : Closed file : initialsalinity_hypersaline.xyz
** INFO   : merged 0 samples in .02 seconds.
** INFO   : merged 0 samples in .02 seconds.
** INFO   : merged 0 samples in .02 seconds.
** INFO   : Closed file : initialsalinity_hypersaline.xyz
** INFO   : Closed file : initialsalinity_hypersaline.xyz
** INFO   : Closed file : initialsalinity_hypersaline.xyz
** INFO   : merged 0 samples in .02 seconds.
** INFO   : merged 0 samples in .02 seconds.
** INFO   : Closed file : initialsalinity_hypersaline.xyz
** INFO   : Closed file : initialsalinity_hypersaline.xyz
** INFO   : add_tracer: tracer lagoon_tracer already exists. No update required.
** INFO   : Opened file : lagoon_tracer_init.xyz
** INFO   : add_tracer: tracer lagoon_tracer already exists. No update required.
** INFO   : Opened file : lagoon_tracer_init.xyz
** INFO   : add_tracer: tracer lagoon_tracer already exists. No update required.
** INFO   : Opened file : lagoon_tracer_init.xyz
** INFO   : add_tracer: tracer lagoon_tracer already exists. No update required.
** INFO   : add_tracer: tracer lagoon_tracer already exists. No update required.
** INFO   : Opened file : lagoon_tracer_init.xyz
** INFO   : Opened file : lagoon_tracer_init.xyz
** INFO   : add_tracer: tracer lagoon_tracer already exists. No update required.
** INFO   : Opened file : lagoon_tracer_init.xyz
** INFO   : add_tracer: tracer lagoon_tracer already exists. No update required.
** INFO   : Opened file : lagoon_tracer_init.xyz
** INFO   : merged 0 samples in .03 seconds.
** INFO   : Closed file : initialsalinity_hypersaline.xyz
** INFO   : add_tracer: tracer lagoon_tracer already exists. No update required.
** INFO   : Opened file : lagoon_tracer_init.xyz
** INFO   : merged 0 samples in .02 seconds.
** INFO   : Closed file : lagoon_tracer_init.xyz
** INFO   : merged 0 samples in .02 seconds.
** INFO   : Closed file : lagoon_tracer_init.xyz
** INFO   : merged 0 samples in .02 seconds.
** INFO   : Closed file : lagoon_tracer_init.xyz
** INFO   : merged 0 samples in .02 seconds.
** INFO   : Closed file : lagoon_tracer_init.xyz
** INFO   : merged 0 samples in .02 seconds.
** INFO   : Closed file : lagoon_tracer_init.xyz
** INFO   : merged 0 samples in .02 seconds.
** INFO   : merged 0 samples in .02 seconds.
** INFO   : Closed file : lagoon_tracer_init.xyz
** INFO   : Closed file : lagoon_tracer_init.xyz
** INFO   : add_tracer: tracer turbid_airport already exists. No update required.
** INFO   : Opened file : turbid_airport_init.xyz
** INFO   : add_tracer: tracer turbid_airport already exists. No update required.
** INFO   : Opened file : turbid_airport_init.xyz
** INFO   : add_tracer: tracer turbid_airport already exists. No update required.
** INFO   : Opened file : turbid_airport_init.xyz
** INFO   : add_tracer: tracer turbid_airport already exists. No update required.
** INFO   : Opened file : turbid_airport_init.xyz
** INFO   : add_tracer: tracer turbid_airport already exists. No update required.
** INFO   : Opened file : turbid_airport_init.xyz
** INFO   : add_tracer: tracer turbid_airport already exists. No update required.
** INFO   : Opened file : turbid_airport_init.xyz
** INFO   : add_tracer: tracer turbid_airport already exists. No update required.
** INFO   : Opened file : turbid_airport_init.xyz
** INFO   : merged 0 samples in .02 seconds.
** INFO   : Closed file : turbid_airport_init.xyz
** INFO   : merged 0 samples in .02 seconds.
** INFO   : Closed file : turbid_airport_init.xyz
** INFO   : merged 0 samples in .02 seconds.
** INFO   : Closed file : turbid_airport_init.xyz
** INFO   : merged 0 samples in .02 seconds.
** INFO   : Closed file : turbid_airport_init.xyz
** INFO   : merged 0 samples in .02 seconds.
** INFO   : Closed file : turbid_airport_init.xyz
** INFO   : merged 0 samples in .02 seconds.
** INFO   : Closed file : turbid_airport_init.xyz
** INFO   : merged 0 samples in .02 seconds.
** INFO   : Closed file : turbid_airport_init.xyz
** INFO   : add_tracer: tracer turbid_saltpans already exists. No update required.
** INFO   : Opened file : turbid_saltpans_init.xyz
** INFO   : add_tracer: tracer turbid_saltpans already exists. No update required.
** INFO   : Opened file : turbid_saltpans_init.xyz
** INFO   : add_tracer: tracer turbid_saltpans already exists. No update required.
** INFO   : Opened file : turbid_saltpans_init.xyz
** INFO   : add_tracer: tracer turbid_saltpans already exists. No update required.
** INFO   : Opened file : turbid_saltpans_init.xyz
** INFO   : add_tracer: tracer turbid_saltpans already exists. No update required.
** INFO   : Opened file : turbid_saltpans_init.xyz
** INFO   : add_tracer: tracer turbid_saltpans already exists. No update required.
** INFO   : Opened file : turbid_saltpans_init.xyz
** INFO   : add_tracer: tracer turbid_saltpans already exists. No update required.
** INFO   : Opened file : turbid_saltpans_init.xyz
** INFO   : merged 0 samples in .03 seconds.
** INFO   : Closed file : lagoon_tracer_init.xyz
** INFO   : add_tracer: tracer turbid_airport already exists. No update required.
** INFO   : Opened file : turbid_airport_init.xyz
** INFO   : merged 0 samples in .02 seconds.
** INFO   : Closed file : turbid_saltpans_init.xyz
** INFO   : merged 0 samples in .02 seconds.
** INFO   : merged 0 samples in .02 seconds.
** INFO   : Closed file : turbid_saltpans_init.xyz
** INFO   : merged 0 samples in .02 seconds.
** INFO   : Closed file : turbid_saltpans_init.xyz
** INFO   : Closed file : turbid_saltpans_init.xyz
** INFO   : merged 0 samples in .02 seconds.
** INFO   : Closed file : turbid_saltpans_init.xyz
** INFO   : merged 0 samples in .02 seconds.
** INFO   : Closed file : turbid_saltpans_init.xyz
** INFO   : merged 0 samples in .02 seconds.
** INFO   : Closed file : turbid_saltpans_init.xyz
** INFO   : Finish initializing the initial field file 'initialFields.ini':       5 blocks have been read and handled.
** INFO   : Finish initializing the initial field file 'initialFields.ini':       5 blocks have been read and handled.
** INFO   : Finish initializing the initial field file 'initialFields.ini':       5 blocks have been read and handled.
** INFO   : Finish initializing the initial field file 'initialFields.ini':       5 blocks have been read and handled.
** INFO   : Finish initializing the initial field file 'initialFields.ini':       5 blocks have been read and handled.
** INFO   : Finish initializing the initial field file 'initialFields.ini':       5 blocks have been read and handled.
** INFO   : Finish initializing the initial field file 'initialFields.ini':       5 blocks have been read and handled.
** INFO   : Opened file : turbid_airport.pli
** INFO   : Closed file : turbid_airport.pli
** INFO   : Succesfully added lateral turbid_airport.
** INFO   : Opened file : turbid_saltpans.pli
** INFO   : Closed file : turbid_saltpans.pli
** INFO   : Succesfully added lateral turbid_saltpans.
** INFO   : Opened file : turbid_airport.pli
** INFO   : Closed file : turbid_airport.pli
** INFO   : Succesfully added lateral turbid_airport.
** INFO   : Opened file : turbid_saltpans.pli
** INFO   : Closed file : turbid_saltpans.pli
** INFO   : Succesfully added lateral turbid_saltpans.
** INFO   : merged 0 samples in .02 seconds.
** INFO   : Closed file : turbid_airport_init.xyz
** INFO   : add_tracer: tracer turbid_saltpans already exists. No update required.
** INFO   : Opened file : turbid_saltpans_init.xyz
** INFO   : merged 0 samples in .03 seconds.
** INFO   : Closed file : turbid_saltpans_init.xyz
** INFO   : Finish initializing the initial field file 'initialFields.ini':       5 blocks have been read and handled.
** INFO   : Opened file : turbid_airport.pli
** INFO   : Closed file : turbid_airport.pli
** INFO   : Succesfully added lateral turbid_airport.
** INFO   : Opened file : turbid_saltpans.pli
** INFO   : Closed file : turbid_saltpans.pli
** INFO   : Succesfully added lateral turbid_saltpans.
** INFO   : Opened file : turbid_airport.pli
** INFO   : Opened file : turbid_airport.pli
** INFO   : Closed file : turbid_airport.pli
** INFO   : Opened file : turbid_airport.pli
** INFO   : Closed file : turbid_airport.pli
** INFO   : Closed file : turbid_airport.pli
** INFO   : Succesfully added lateral turbid_airport.
** INFO   : Opened file : turbid_saltpans.pli
** INFO   : Succesfully added lateral turbid_airport.
** INFO   : Succesfully added lateral turbid_airport.
** INFO   : Opened file : turbid_saltpans.pli
** INFO   : Closed file : turbid_saltpans.pli
** INFO   : Opened file : turbid_saltpans.pli
** INFO   : Closed file : turbid_saltpans.pli
** INFO   : Closed file : turbid_saltpans.pli
** INFO   : Succesfully added lateral turbid_saltpans.
** INFO   : Succesfully added lateral turbid_saltpans.
** INFO   : Succesfully added lateral turbid_saltpans.
** INFO   : Opened file : turbid_airport.pli
** INFO   : Closed file : turbid_airport.pli
** INFO   : Succesfully added lateral turbid_airport.
** INFO   : Opened file : turbid_saltpans.pli
** INFO   : Closed file : turbid_saltpans.pli
** INFO   : Succesfully added lateral turbid_saltpans.
** INFO   : Opened file : turbid_airport.pli
** INFO   : Closed file : turbid_airport.pli
** INFO   : Succesfully added lateral turbid_airport.
** INFO   : Opened file : turbid_saltpans.pli
** INFO   : Closed file : turbid_saltpans.pli
** INFO   : Succesfully added lateral turbid_saltpans.
** WARNING: While reading 'Stagnone_dxy01_15m_new.ext': keyword [lateral] name=Turbid pulse — Birgi airport drainage was in file, but not used. Check possible typo.
** WARNING: While reading 'Stagnone_dxy01_15m_new.ext': keyword [lateral] name=Turbid pulse — Birgi airport drainage was in file, but not used. Check possible typo.
** WARNING: While reading 'Stagnone_dxy01_15m_new.ext': keyword [lateral] name=Turbid pulse — Birgi airport drainage was in file, but not used. Check possible typo.
** WARNING: While reading 'Stagnone_dxy01_15m_new.ext': keyword [lateral] name=Turbid pulse — Birgi airport drainage was in file, but not used. Check possible typo.
** WARNING: While reading 'Stagnone_dxy01_15m_new.ext': keyword [lateral] name=Turbid pulse — Birgi airport drainage was in file, but not used. Check possible typo.
** WARNING: While reading 'Stagnone_dxy01_15m_new.ext': keyword [lateral] name=Turbid pulse — Birgi airport drainage was in file, but not used. Check possible typo.
** WARNING: While reading 'Stagnone_dxy01_15m_new.ext': keyword [lateral] name=Turbid pulse — Birgi airport drainage was in file, but not used. Check possible typo.
Dimr [2026-05-19 17:09:55.618554] #1 >> kernel: While reading 'Stagnone_dxy01_15m_new.ext': keyword [lateral] name=Turbid pulse — Birgi airport drainage was in file, but not used. Check possible typo.
** WARNING: While reading 'Stagnone_dxy01_15m_new.ext': keyword [lateral] name=Turbid pulse — Trapani saltpans outflow was in file, but not used. Check possible typo.
Dimr [2026-05-19 17:09:55.618554] #2 >> kernel: While reading 'Stagnone_dxy01_15m_new.ext': keyword [lateral] name=Turbid pulse — Birgi airport drainage was in file, but not used. Check possible typo.
** WARNING: While reading 'Stagnone_dxy01_15m_new.ext': keyword [lateral] name=Turbid pulse — Trapani saltpans outflow was in file, but not used. Check possible typo.
** WARNING: While reading 'Stagnone_dxy01_15m_new.ext': keyword [lateral] name=Turbid pulse — Birgi airport drainage was in file, but not used. Check possible typo.
Dimr [2026-05-19 17:09:55.618561] #3 >> kernel: While reading 'Stagnone_dxy01_15m_new.ext': keyword [lateral] name=Turbid pulse — Birgi airport drainage was in file, but not used. Check possible typo.
** WARNING: While reading 'Stagnone_dxy01_15m_new.ext': keyword [lateral] name=Turbid pulse — Trapani saltpans outflow was in file, but not used. Check possible typo.
Dimr [2026-05-19 17:09:55.618584] #3 >> kernel: While reading 'Stagnone_dxy01_15m_new.ext': keyword [lateral] name=Turbid pulse — Trapani saltpans outflow was in file, but not used. Check possible typo.
Dimr [2026-05-19 17:09:55.618554] #4 >> kernel: While reading 'Stagnone_dxy01_15m_new.ext': keyword [lateral] name=Turbid pulse — Birgi airport drainage was in file, but not used. Check possible typo.
** WARNING: While reading 'Stagnone_dxy01_15m_new.ext': keyword [lateral] name=Turbid pulse — Trapani saltpans outflow was in file, but not used. Check possible typo.
Dimr [2026-05-19 17:09:55.618584] #4 >> kernel: While reading 'Stagnone_dxy01_15m_new.ext': keyword [lateral] name=Turbid pulse — Trapani saltpans outflow was in file, but not used. Check possible typo.
Dimr [2026-05-19 17:09:55.618554] #5 >> kernel: While reading 'Stagnone_dxy01_15m_new.ext': keyword [lateral] name=Turbid pulse — Birgi airport drainage was in file, but not used. Check possible typo.
** WARNING: While reading 'Stagnone_dxy01_15m_new.ext': keyword [lateral] name=Turbid pulse — Trapani saltpans outflow was in file, but not used. Check possible typo.
Dimr [2026-05-19 17:09:55.618584] #5 >> kernel: While reading 'Stagnone_dxy01_15m_new.ext': keyword [lateral] name=Turbid pulse — Trapani saltpans outflow was in file, but not used. Check possible typo.
Dimr [2026-05-19 17:09:55.618559] #6 >> kernel: While reading 'Stagnone_dxy01_15m_new.ext': keyword [lateral] name=Turbid pulse — Birgi airport drainage was in file, but not used. Check possible typo.
** WARNING: While reading 'Stagnone_dxy01_15m_new.ext': keyword [lateral] name=Turbid pulse — Trapani saltpans outflow was in file, but not used. Check possible typo.
Dimr [2026-05-19 17:09:55.618583] #6 >> kernel: While reading 'Stagnone_dxy01_15m_new.ext': keyword [lateral] name=Turbid pulse — Trapani saltpans outflow was in file, but not used. Check possible typo.
Dimr [2026-05-19 17:09:55.618555] #7 >> kernel: While reading 'Stagnone_dxy01_15m_new.ext': keyword [lateral] name=Turbid pulse — Birgi airport drainage was in file, but not used. Check possible typo.
** WARNING: While reading 'Stagnone_dxy01_15m_new.ext': keyword [lateral] name=Turbid pulse — Trapani saltpans outflow was in file, but not used. Check possible typo.
Dimr [2026-05-19 17:09:55.618584] #7 >> kernel: While reading 'Stagnone_dxy01_15m_new.ext': keyword [lateral] name=Turbid pulse — Trapani saltpans outflow was in file, but not used. Check possible typo.
Dimr [2026-05-19 17:09:55.618594] #0 >> kernel: While reading 'Stagnone_dxy01_15m_new.ext': keyword [lateral] name=Turbid pulse — Birgi airport drainage was in file, but not used. Check possible typo.
Dimr [2026-05-19 17:09:55.618587] #1 >> kernel: While reading 'Stagnone_dxy01_15m_new.ext': keyword [lateral] name=Turbid pulse — Trapani saltpans outflow was in file, but not used. Check possible typo.
Dimr [2026-05-19 17:09:55.618588] #2 >> kernel: While reading 'Stagnone_dxy01_15m_new.ext': keyword [lateral] name=Turbid pulse — Trapani saltpans outflow was in file, but not used. Check possible typo.
** WARNING: While reading 'Stagnone_dxy01_15m_new.ext': keyword [lateral] name=Turbid pulse — Trapani saltpans outflow was in file, but not used. Check possible typo.
Dimr [2026-05-19 17:09:55.618626] #0 >> kernel: While reading 'Stagnone_dxy01_15m_new.ext': keyword [lateral] name=Turbid pulse — Trapani saltpans outflow was in file, but not used. Check possible typo.
** INFO   : External Forcing or Initialising 'nudge_salinity_temperature' from file 'nudge_salinity_temperature_2025-07-01_00-00-00.nc'.
** INFO   : External Forcing or Initialising 'nudge_salinity_temperature' from file 'nudge_salinity_temperature_2025-07-01_00-00-00.nc'.
** INFO   : External Forcing or Initialising 'nudge_salinity_temperature' from file 'nudge_salinity_temperature_2025-07-01_00-00-00.nc'.
** INFO   : External Forcing or Initialising 'nudge_salinity_temperature' from file 'nudge_salinity_temperature_2025-07-01_00-00-00.nc'.
** INFO   : External Forcing or Initialising 'nudge_salinity_temperature' from file 'nudge_salinity_temperature_2025-07-01_00-00-00.nc'.
** INFO   : External Forcing or Initialising 'nudge_salinity_temperature' from file 'nudge_salinity_temperature_2025-07-01_00-00-00.nc'.
** INFO   : External Forcing or Initialising 'nudge_salinity_temperature' from file 'nudge_salinity_temperature_2025-07-01_00-00-00.nc'.
** INFO   : External Forcing or Initialising 'nudge_salinity_temperature' from file 'nudge_salinity_temperature_2025-07-01_00-00-00.nc'.
** INFO   : nudge_salinity_temperature: bounding box col0-col1 X row0-row1 = 1-9 X 1-6, ncols X nrows = 9 X 6, relcol X relrow = 1.00 X 1.00 = 1.00
** INFO   : sparse: data size = 28, ncols X nrows = 9 X 6 = 54 factor = 0.52
** INFO   : nudge_salinity_temperature: bounding box col0-col1 X row0-row1 = 1-9 X 1-6, ncols X nrows = 9 X 6, relcol X relrow = 1.00 X 1.00 = 1.00
** INFO   : sparse: data size = 18, ncols X nrows = 9 X 6 = 54 factor = 0.33
** INFO   : nudge_salinity_temperature: bounding box col0-col1 X row0-row1 = 1-9 X 1-6, ncols X nrows = 9 X 6, relcol X relrow = 1.00 X 1.00 = 1.00
** INFO   : sparse: data size = 24, ncols X nrows = 9 X 6 = 54 factor = 0.44
** INFO   : External Forcing or Initialising 'rainfall_rate' from file 'era5_mer_20250701to20250710_ERA5.nc'.
** INFO   : External Forcing or Initialising 'rainfall_rate' from file 'era5_mer_20250701to20250710_ERA5.nc'.
** INFO   : External Forcing or Initialising 'rainfall_rate' from file 'era5_mer_20250701to20250710_ERA5.nc'.
** INFO   : nudge_salinity_temperature: bounding box col0-col1 X row0-row1 = 1-9 X 1-6, ncols X nrows = 9 X 6, relcol X relrow = 1.00 X 1.00 = 1.00
** INFO   : sparse: data size = 4, ncols X nrows = 9 X 6 = 54 factor = 0.07
** INFO   : nudge_salinity_temperature: bounding box col0-col1 X row0-row1 = 1-9 X 1-6, ncols X nrows = 9 X 6, relcol X relrow = 1.00 X 1.00 = 1.00
** INFO   : sparse: data size = 18, ncols X nrows = 9 X 6 = 54 factor = 0.33
** INFO   : External Forcing or Initialising 'rainfall_rate' from file 'era5_mer_20250701to20250710_ERA5.nc'.
** INFO   : External Forcing or Initialising 'rainfall_rate' from file 'era5_mer_20250701to20250710_ERA5.nc'.
** INFO   : nudge_salinity_temperature: bounding box col0-col1 X row0-row1 = 1-9 X 1-6, ncols X nrows = 9 X 6, relcol X relrow = 1.00 X 1.00 = 1.00
** INFO   : sparse: data size = 12, ncols X nrows = 9 X 6 = 54 factor = 0.22
** INFO   : External Forcing or Initialising 'rainfall_rate' from file 'era5_mer_20250701to20250710_ERA5.nc'.
** INFO   : nudge_salinity_temperature: bounding box col0-col1 X row0-row1 = 1-9 X 1-6, ncols X nrows = 9 X 6, relcol X relrow = 1.00 X 1.00 = 1.00
** INFO   : sparse: data size = 21, ncols X nrows = 9 X 6 = 54 factor = 0.39
** INFO   : External Forcing or Initialising 'rainfall_rate' from file 'era5_mer_20250701to20250710_ERA5.nc'.
** INFO   : nudge_salinity_temperature: bounding box col0-col1 X row0-row1 = 1-9 X 1-6, ncols X nrows = 9 X 6, relcol X relrow = 1.00 X 1.00 = 1.00
** INFO   : sparse: data size = 20, ncols X nrows = 9 X 6 = 54 factor = 0.37
** INFO   : Closed file : Stagnone_dxy01_15m_old.ext
** INFO   : Closed file : Stagnone_dxy01_15m_old.ext
** INFO   : External Forcing or Initialising 'rainfall_rate' from file 'era5_mer_20250701to20250710_ERA5.nc'.
** INFO   : Closed file : Stagnone_dxy01_15m_old.ext
** INFO   : Closed file : Stagnone_dxy01_15m_old.ext
** INFO   : Closed file : Stagnone_dxy01_15m_old.ext
** INFO   : Closed file : Stagnone_dxy01_15m_old.ext
** INFO   : Closed file : Stagnone_dxy01_15m_old.ext
** INFO   : Closed file : Stagnone_dxy01_15m_old.ext
** INFO   : Done initializing external forcings.
** INFO   : Done initializing external forcings.
** INFO   : Done initializing external forcings.
** INFO   : Done initializing external forcings.
** INFO   : Done initializing external forcings.
** INFO   : Done initializing external forcings.
** INFO   : Done initializing external forcings.
** INFO   : Done initializing external forcings.
** WARNING: No humidity or dewpoint, airtemperature and cloudiness forcing found, setting temperature model [physics:Temperature] = 1 (Only transport)
Dimr [2026-05-19 17:09:55.783528] #6 >> kernel: No humidity or dewpoint, airtemperature and cloudiness forcing found, setting temperature model [physics:Temperature] = 1 (Only transport)
** WARNING: No humidity or dewpoint, airtemperature and cloudiness forcing found, setting temperature model [physics:Temperature] = 1 (Only transport)
Dimr [2026-05-19 17:09:55.785321] #2 >> kernel: No humidity or dewpoint, airtemperature and cloudiness forcing found, setting temperature model [physics:Temperature] = 1 (Only transport)
** WARNING: No humidity or dewpoint, airtemperature and cloudiness forcing found, setting temperature model [physics:Temperature] = 1 (Only transport)
Dimr [2026-05-19 17:09:56.169725] #4 >> kernel: No humidity or dewpoint, airtemperature and cloudiness forcing found, setting temperature model [physics:Temperature] = 1 (Only transport)
** WARNING: No humidity or dewpoint, airtemperature and cloudiness forcing found, setting temperature model [physics:Temperature] = 1 (Only transport)
Dimr [2026-05-19 17:09:56.172448] #1 >> kernel: No humidity or dewpoint, airtemperature and cloudiness forcing found, setting temperature model [physics:Temperature] = 1 (Only transport)
** WARNING: No humidity or dewpoint, airtemperature and cloudiness forcing found, setting temperature model [physics:Temperature] = 1 (Only transport)
Dimr [2026-05-19 17:09:56.172723] #7 >> kernel: No humidity or dewpoint, airtemperature and cloudiness forcing found, setting temperature model [physics:Temperature] = 1 (Only transport)
** WARNING: No humidity or dewpoint, airtemperature and cloudiness forcing found, setting temperature model [physics:Temperature] = 1 (Only transport)
Dimr [2026-05-19 17:09:56.172878] #5 >> kernel: No humidity or dewpoint, airtemperature and cloudiness forcing found, setting temperature model [physics:Temperature] = 1 (Only transport)
** WARNING: No humidity or dewpoint, airtemperature and cloudiness forcing found, setting temperature model [physics:Temperature] = 1 (Only transport)
Dimr [2026-05-19 17:09:56.174196] #3 >> kernel: No humidity or dewpoint, airtemperature and cloudiness forcing found, setting temperature model [physics:Temperature] = 1 (Only transport)
** WARNING: No humidity or dewpoint, airtemperature and cloudiness forcing found, setting temperature model [physics:Temperature] = 1 (Only transport)
Dimr [2026-05-19 17:09:56.266788] #0 >> kernel: No humidity or dewpoint, airtemperature and cloudiness forcing found, setting temperature model [physics:Temperature] = 1 (Only transport)
** INFO   : nogauss , nocg :           2185          1108
** INFO   : nogauss , nocg :           2048          1286
** INFO   : nogauss , nocg :           1930          1577
** INFO   : nogauss , nocg :           2184          1338
** INFO   : nogauss , nocg :           1941          1560
** INFO   : nogauss , nocg :           2039          1568
** INFO   : nogauss , nocg :           2177          1424
** INFO   : nogauss , nocg :           2160          1559
** WARNING: Programming error, please report: any_structures_lie_across_multiple_partitions found no partitions with nodes!
** WARNING: Programming error, please report: any_structures_lie_across_multiple_partitions found no partitions with nodes!
** WARNING: Programming error, please report: any_structures_lie_across_multiple_partitions found no partitions with nodes!
** WARNING: Programming error, please report: any_structures_lie_across_multiple_partitions found no partitions with nodes!
Dimr [2026-05-19 17:09:56.288438] #3 >> kernel: Programming error, please report: any_structures_lie_across_multiple_partitions found no partitions with nodes!
** WARNING: Programming error, please report: any_structures_lie_across_multiple_partitions found no partitions with nodes!
Dimr [2026-05-19 17:09:56.288436] #4 >> kernel: Programming error, please report: any_structures_lie_across_multiple_partitions found no partitions with nodes!
** WARNING: Programming error, please report: any_structures_lie_across_multiple_partitions found no partitions with nodes!
Dimr [2026-05-19 17:09:56.288436] #5 >> kernel: Programming error, please report: any_structures_lie_across_multiple_partitions found no partitions with nodes!
** WARNING: Programming error, please report: any_structures_lie_across_multiple_partitions found no partitions with nodes!
Dimr [2026-05-19 17:09:56.288435] #6 >> kernel: Programming error, please report: any_structures_lie_across_multiple_partitions found no partitions with nodes!
** WARNING: Programming error, please report: any_structures_lie_across_multiple_partitions found no partitions with nodes!
Dimr [2026-05-19 17:09:56.288438] #7 >> kernel: Programming error, please report: any_structures_lie_across_multiple_partitions found no partitions with nodes!
Dimr [2026-05-19 17:09:56.288434] #0 >> kernel: Programming error, please report: any_structures_lie_across_multiple_partitions found no partitions with nodes!
Dimr [2026-05-19 17:09:56.288438] #1 >> kernel: Programming error, please report: any_structures_lie_across_multiple_partitions found no partitions with nodes!
Dimr [2026-05-19 17:09:56.288435] #2 >> kernel: Programming error, please report: any_structures_lie_across_multiple_partitions found no partitions with nodes!
** INFO   : ** Model initialization was successful **
** INFO   : * Active Model definition:
** INFO   : ** Model initialization was successful **
** INFO   : * Active Model definition:
** INFO   : ** Model initialization was successful **
** INFO   : ** Model initialization was successful **
** INFO   : * Active Model definition:
** INFO   : * Active Model definition:
** INFO   : ** Model initialization was successful **
** INFO   : * Active Model definition:
** INFO   : ** Model initialization was successful **
** INFO   : * Active Model definition:
** INFO   : ** Model initialization was successful **
** INFO   : * Active Model definition:
** INFO   : ** Model initialization was successful **
** INFO   : * Active Model definition:
** INFO   : **
** INFO   : Modelinit finished   at: 17:09:56, 19-05-2026
** INFO   : 
** INFO   : 
** INFO   : nr of netnodes               ( )  :                     1791
** INFO   : nr of netlinks               ( )  :                     5086
** INFO   : 
** INFO   : nr of 2D netlinks            ( )  :                     5086
** INFO   : nr of 1D netlinks            ( )  :                        0
** INFO   : 
** INFO   : nr of netcells               ( )  :                     3293
** INFO   : nr of netcells 1D2D          ( )  :                     3293
** INFO   : 
** INFO   : nr of flownodes              ( )  :                     3293
** INFO   : nr of internal flownodes     ( )  :                     3293
** INFO   : nr of 2D internal flownodes  ( )  :                     3293
** INFO   : nr of 1D internal flownodes  ( )  :                        0
** INFO   : 
** INFO   : nr of openbnd cells       ( )     :                        0
** INFO   : nr of 2D boundaries       ( )     :                        0
** INFO   : nr of 1D boundaries       ( )     :                        0
** INFO   : nr of flowlinks           ( )     :                     4817
** INFO   : nr of internal links      ( )     :                     4817
** INFO   : nr of 1D links            ( )     :                        0
** INFO   : 
** INFO   : nr of closed walls     ( )  :                      269
** INFO   : max nr of layers       ( )  :                       10
** INFO   : nr of 3D cells         ( )  :                    32930
** INFO   : nr of 3D links         ( )  :                    48170
** INFO   : 
** INFO   : 
** INFO   : my model area          (m2) :         0.1437861189E+08
** INFO   : **
** INFO   : Modelinit finished   at: 17:09:56, 19-05-2026
** INFO   : 
** INFO   : 
** INFO   : nr of netnodes               ( )  :                     3134
** INFO   : nr of netlinks               ( )  :                     6602
** INFO   : 
** INFO   : nr of 2D netlinks            ( )  :                     6602
** INFO   : nr of 1D netlinks            ( )  :                        0
** INFO   : 
** INFO   : nr of netcells               ( )  :                     3468
** INFO   : nr of netcells 1D2D          ( )  :                     3468
** INFO   : 
** INFO   : nr of flownodes              ( )  :                     3501
** INFO   : nr of internal flownodes     ( )  :                     3468
** INFO   : nr of 2D internal flownodes  ( )  :                     3468
** INFO   : nr of 1D internal flownodes  ( )  :                        0
** INFO   : 
** INFO   : nr of openbnd cells       ( )     :                       33
** INFO   : nr of 2D boundaries       ( )     :                       33
** INFO   : nr of 1D boundaries       ( )     :                        0
** INFO   : nr of flowlinks           ( )     :                     6351
** INFO   : nr of internal links      ( )     :                     6318
** INFO   : nr of 1D links            ( )     :                        0
** INFO   : 
** INFO   : nr of closed walls     ( )  :                      251
** INFO   : max nr of layers       ( )  :                       10
** INFO   : nr of 3D cells         ( )  :                    35010
** INFO   : nr of 3D links         ( )  :                    63510
** INFO   : 
** INFO   : 
** INFO   : my model area          (m2) :         0.2291706163E+09
** INFO   : **
** INFO   : Modelinit finished   at: 17:09:56, 19-05-2026
** INFO   : 
** INFO   : 
** INFO   : nr of netnodes               ( )  :                     3188
** INFO   : nr of netlinks               ( )  :                     6631
** INFO   : 
** INFO   : nr of 2D netlinks            ( )  :                     6631
** INFO   : nr of 1D netlinks            ( )  :                        0
** INFO   : 
** INFO   : nr of netcells               ( )  :                     3444
** INFO   : nr of netcells 1D2D          ( )  :                     3444
** INFO   : 
** INFO   : nr of flownodes              ( )  :                     3507
** INFO   : nr of internal flownodes     ( )  :                     3444
** INFO   : nr of 2D internal flownodes  ( )  :                     3444
** INFO   : nr of 1D internal flownodes  ( )  :                        0
** INFO   : 
** INFO   : nr of openbnd cells       ( )     :                       63
** INFO   : nr of 2D boundaries       ( )     :                       63
** INFO   : nr of 1D boundaries       ( )     :                        0
** INFO   : nr of flowlinks           ( )     :                     6428
** INFO   : nr of internal links      ( )     :                     6365
** INFO   : nr of 1D links            ( )     :                        0
** INFO   : 
** INFO   : nr of closed walls     ( )  :                      203
** INFO   : max nr of layers       ( )  :                       10
** INFO   : **
** INFO   : Modelinit finished   at: 17:09:56, 19-05-2026
** INFO   : 
** INFO   : nr of 3D cells         ( )  :                    35070
** INFO   : nr of 3D links         ( )  :                    64280
** INFO   : 
** INFO   : 
** INFO   : my model area          (m2) :         0.5524560489E+09
** INFO   : 
** INFO   : nr of netnodes               ( )  :                     3094
** INFO   : nr of netlinks               ( )  :                     6413
** INFO   : 
** INFO   : nr of 2D netlinks            ( )  :                     6413
** INFO   : nr of 1D netlinks            ( )  :                        0
** INFO   : 
** INFO   : nr of netcells               ( )  :                     3319
** INFO   : nr of netcells 1D2D          ( )  :                     3319
** INFO   : 
** INFO   : nr of flownodes              ( )  :                     3334
** INFO   : nr of internal flownodes     ( )  :                     3319
** INFO   : **
** INFO   : nr of 2D internal flownodes  ( )  :                     3319
** INFO   : nr of 1D internal flownodes  ( )  :                        0
** INFO   : 
** INFO   : nr of openbnd cells       ( )     :                       15
** INFO   : nr of 2D boundaries       ( )     :                       15
** INFO   : nr of 1D boundaries       ( )     :                        0
** INFO   : nr of flowlinks           ( )     :                     5908
** INFO   : nr of internal links      ( )     :                     5893
** INFO   : nr of 1D links            ( )     :                        0
** INFO   : **
** INFO   : Modelinit finished   at: 17:09:56, 19-05-2026
** INFO   : 
** INFO   : 
** INFO   : nr of netnodes               ( )  :                     3239
** INFO   : nr of netlinks               ( )  :                     6807
** INFO   : 
** INFO   : 
** INFO   : nr of closed walls     ( )  :                      505
** INFO   : max nr of layers       ( )  :                       10
** INFO   : nr of 3D cells         ( )  :                    33340
** INFO   : nr of 3D links         ( )  :                    59080
** INFO   : 
** INFO   : 
** INFO   : my model area          (m2) :         0.9498764792E+08
** INFO   : Modelinit finished   at: 17:09:56, 19-05-2026
** INFO   : 
** INFO   : 
** INFO   : nr of netnodes               ( )  :                     3397
** INFO   : nr of netlinks               ( )  :                     7115
** INFO   : 
** INFO   : nr of 2D netlinks            ( )  :                     7115
** INFO   : nr of 1D netlinks            ( )  :                        0
** INFO   : 
** INFO   : nr of 2D netlinks            ( )  :                     6807
** INFO   : nr of 1D netlinks            ( )  :                        0
** INFO   : 
** INFO   : nr of netcells               ( )  :                     3569
** INFO   : nr of netcells 1D2D          ( )  :                     3569
** INFO   : 
** INFO   : nr of flownodes              ( )  :                     3607
** INFO   : nr of internal flownodes     ( )  :                     3569
** INFO   : nr of 2D internal flownodes  ( )  :                     3569
** INFO   : nr of 1D internal flownodes  ( )  :                        0
** INFO   : 
** INFO   : nr of netcells               ( )  :                     3719
** INFO   : nr of netcells 1D2D          ( )  :                     3719
** INFO   : 
** INFO   : nr of flownodes              ( )  :                     3719
** INFO   : nr of internal flownodes     ( )  :                     3719
** INFO   : nr of 2D internal flownodes  ( )  :                     3719
** INFO   : nr of 1D internal flownodes  ( )  :                        0
** INFO   : 
** INFO   : nr of openbnd cells       ( )     :                       38
** INFO   : nr of 2D boundaries       ( )     :                       38
** INFO   : nr of 1D boundaries       ( )     :                        0
** INFO   : nr of flowlinks           ( )     :                     6532
** INFO   : nr of internal links      ( )     :                     6494
** INFO   : nr of 1D links            ( )     :                        0
** INFO   : 
** INFO   : nr of closed walls     ( )  :                      275
** INFO   : nr of openbnd cells       ( )     :                        0
** INFO   : nr of 2D boundaries       ( )     :                        0
** INFO   : nr of 1D boundaries       ( )     :                        0
** INFO   : nr of flowlinks           ( )     :                     6639
** INFO   : nr of internal links      ( )     :                     6639
** INFO   : nr of 1D links            ( )     :                        0
** INFO   : 
** INFO   : max nr of layers       ( )  :                       10
** INFO   : nr of 3D cells         ( )  :                    36070
** INFO   : nr of 3D links         ( )  :                    65320
** INFO   : 
** INFO   : 
** INFO   : nr of closed walls     ( )  :                      476
** INFO   : max nr of layers       ( )  :                       10
** INFO   : nr of 3D cells         ( )  :                    37190
** INFO   : nr of 3D links         ( )  :                    66390
** INFO   : 
** INFO   : 
** INFO   : my model area          (m2) :         0.1977067821E+09
** INFO   : my model area          (m2) :         0.1325437043E+09
** INFO   : **
** INFO   : Modelinit finished   at: 17:09:56, 19-05-2026
** INFO   : 
** INFO   : 
** INFO   : nr of netnodes               ( )  :                     3266
** INFO   : nr of netlinks               ( )  :                     6867
** INFO   : 
** INFO   : nr of 2D netlinks            ( )  :                     6867
** INFO   : nr of 1D netlinks            ( )  :                        0
** INFO   : 
** INFO   : nr of netcells               ( )  :                     3601
** INFO   : nr of netcells 1D2D          ( )  :                     3601
** INFO   : 
** INFO   : nr of flownodes              ( )  :                     3601
** INFO   : nr of internal flownodes     ( )  :                     3601
** INFO   : nr of 2D internal flownodes  ( )  :                     3601
** INFO   : nr of 1D internal flownodes  ( )  :                        0
** INFO   : 
** INFO   : nr of openbnd cells       ( )     :                        0
** INFO   : nr of 2D boundaries       ( )     :                        0
** INFO   : nr of 1D boundaries       ( )     :                        0
** INFO   : nr of flowlinks           ( )     :                     6286
** INFO   : nr of internal links      ( )     :                     6286
** INFO   : nr of 1D links            ( )     :                        0
** INFO   : 
** INFO   : nr of closed walls     ( )  :                      581
** INFO   : max nr of layers       ( )  :                       10
** INFO   : nr of 3D cells         ( )  :                    36010
** INFO   : nr of 3D links         ( )  :                    62860
** INFO   : 
** INFO   : 
** INFO   : my model area          (m2) :         0.1661727062E+09
** INFO   : **
** INFO   : Modelinit finished   at: 17:09:56, 19-05-2026
** INFO   : 
** INFO   : 
** INFO   : nr of netnodes               ( )  :                     2828
** INFO   : nr of netlinks               ( )  :                     6315
** INFO   : 
** INFO   : nr of 2D netlinks            ( )  :                     6315
** INFO   : nr of 1D netlinks            ( )  :                        0
** INFO   : 
** INFO   : nr of netcells               ( )  :                     3488
** INFO   : nr of netcells 1D2D          ( )  :                     3488
** INFO   : 
** INFO   : nr of flownodes              ( )  :                     3522
** INFO   : nr of internal flownodes     ( )  :                     3488
** INFO   : nr of 2D internal flownodes  ( )  :                     3488
** INFO   : nr of 1D internal flownodes  ( )  :                        0
** INFO   : 
** INFO   : nr of openbnd cells       ( )     :                       34
** INFO   : nr of 2D boundaries       ( )     :                       34
** INFO   : nr of 1D boundaries       ( )     :                        0
** INFO   : nr of flowlinks           ( )     :                     5861
** INFO   : nr of internal links      ( )     :                     5827
** INFO   : nr of 1D links            ( )     :                        0
** INFO   : 
** INFO   : nr of closed walls     ( )  :                      454
** INFO   : max nr of layers       ( )  :                       10
** INFO   : nr of 3D cells         ( )  :                    35220
** INFO   : nr of 3D links         ( )  :                    58610
** INFO   : 
** INFO   : 
** INFO   : my model area          (m2) :         0.4128410741E+09
** INFO   : total model area       (m2) :         0.1800257192E+10
** INFO   : total model area       (m2) :         0.1800257192E+10
** INFO   : my model volume        (m3) :         0.2314822387E+11
** INFO   : total model area       (m2) :         0.1800257192E+10
** INFO   : my model volume        (m3) :         0.2356841216E+10
** INFO   : total model volume     (m3) :         0.3143709293E+12
** INFO   : 
** INFO   : total model area       (m2) :         0.1800257192E+10
** INFO   : my model volume        (m3) :         0.8123139989E+10
** INFO   : total model volume     (m3) :         0.3143709293E+12
** INFO   : 
** INFO   : 
** INFO   : total model area       (m2) :         0.1800257192E+10
** INFO   : my model volume        (m3) :         0.5363972066E+11
** INFO   : total model volume     (m3) :         0.3143709293E+12
** INFO   : 
** INFO   : 
** INFO   : total model area       (m2) :         0.1800257192E+10
** INFO   : my model volume        (m3) :         0.1715573101E+12
** INFO   : total model volume     (m3) :         0.3143709293E+12
** INFO   : 
** INFO   : 
** INFO   : total model area       (m2) :         0.1800257192E+10
** INFO   : my model volume        (m3) :         0.1130556572E+08
** INFO   : total model volume     (m3) :         0.3143709293E+12
** INFO   : 
** INFO   : 
** INFO   : total model area       (m2) :         0.1800257192E+10
** INFO   : my model volume        (m3) :         0.4809168418E+11
** INFO   : total model volume     (m3) :         0.3143709293E+12
** INFO   : 
** INFO   : 
** INFO   : my model volume        (m3) :         0.7442703787E+10
** INFO   : total model volume     (m3) :         0.3143709293E+12
** INFO   : 
** INFO   : 
** INFO   : total model volume     (m3) :         0.3143709293E+12
** INFO   : 
** INFO   : 
** INFO   : 
** INFO   : Writing initial output to file(s)...
** INFO   : Writing initial output to file(s)...
** INFO   : Writing initial output to file(s)...
** INFO   : Writing initial output to file(s)...
** INFO   : Writing initial output to file(s)...
** INFO   : Writing initial output to file(s)...
** INFO   : Writing initial output to file(s)...
** INFO   : Writing initial output to file(s)...
** WARNING: File 'DFM_OUTPUT_Stagnone_dxy01_15m/Stagnone_dxy01_15m_0006_com.nc' already exists. Assuming that it contains valid WAVE information. FLOW data will be added.
Dimr [2026-05-19 17:09:56.320858] #6 >> kernel: File 'DFM_OUTPUT_Stagnone_dxy01_15m/Stagnone_dxy01_15m_0006_com.nc' already exists. Assuming that it contains valid WAVE information. FLOW data will be added.
** WARNING: File 'DFM_OUTPUT_Stagnone_dxy01_15m/Stagnone_dxy01_15m_0002_com.nc' already exists. Assuming that it contains valid WAVE information. FLOW data will be added.
Dimr [2026-05-19 17:09:56.323034] #2 >> kernel: File 'DFM_OUTPUT_Stagnone_dxy01_15m/Stagnone_dxy01_15m_0002_com.nc' already exists. Assuming that it contains valid WAVE information. FLOW data will be added.
** WARNING: File 'DFM_OUTPUT_Stagnone_dxy01_15m/Stagnone_dxy01_15m_0007_com.nc' already exists. Assuming that it contains valid WAVE information. FLOW data will be added.
Dimr [2026-05-19 17:09:56.323090] #7 >> kernel: File 'DFM_OUTPUT_Stagnone_dxy01_15m/Stagnone_dxy01_15m_0007_com.nc' already exists. Assuming that it contains valid WAVE information. FLOW data will be added.
** WARNING: File 'DFM_OUTPUT_Stagnone_dxy01_15m/Stagnone_dxy01_15m_0005_com.nc' already exists. Assuming that it contains valid WAVE information. FLOW data will be added.
Dimr [2026-05-19 17:09:56.323324] #5 >> kernel: File 'DFM_OUTPUT_Stagnone_dxy01_15m/Stagnone_dxy01_15m_0005_com.nc' already exists. Assuming that it contains valid WAVE information. FLOW data will be added.
** WARNING: File 'DFM_OUTPUT_Stagnone_dxy01_15m/Stagnone_dxy01_15m_0004_com.nc' already exists. Assuming that it contains valid WAVE information. FLOW data will be added.
Dimr [2026-05-19 17:09:56.323375] #4 >> kernel: File 'DFM_OUTPUT_Stagnone_dxy01_15m/Stagnone_dxy01_15m_0004_com.nc' already exists. Assuming that it contains valid WAVE information. FLOW data will be added.
** WARNING: File 'DFM_OUTPUT_Stagnone_dxy01_15m/Stagnone_dxy01_15m_0001_com.nc' already exists. Assuming that it contains valid WAVE information. FLOW data will be added.
** WARNING: File 'DFM_OUTPUT_Stagnone_dxy01_15m/Stagnone_dxy01_15m_0003_com.nc' already exists. Assuming that it contains valid WAVE information. FLOW data will be added.
Dimr [2026-05-19 17:09:56.324554] #3 >> kernel: File 'DFM_OUTPUT_Stagnone_dxy01_15m/Stagnone_dxy01_15m_0003_com.nc' already exists. Assuming that it contains valid WAVE information. FLOW data will be added.
Dimr [2026-05-19 17:09:56.324558] #1 >> kernel: File 'DFM_OUTPUT_Stagnone_dxy01_15m/Stagnone_dxy01_15m_0001_com.nc' already exists. Assuming that it contains valid WAVE information. FLOW data will be added.
** WARNING: File 'DFM_OUTPUT_Stagnone_dxy01_15m/Stagnone_dxy01_15m_0000_com.nc' already exists. Assuming that it contains valid WAVE information. FLOW data will be added.
Dimr [2026-05-19 17:09:56.325868] #0 >> kernel: File 'DFM_OUTPUT_Stagnone_dxy01_15m/Stagnone_dxy01_15m_0000_com.nc' already exists. Assuming that it contains valid WAVE information. FLOW data will be added.
** INFO   :    Sim. time done   Sim. time left   Real time used   Real time left Steps left Complete% Interval-averaged time step
** INFO   :           0d  0:00:00          9d  0:00:00          0d  0:00:00     ??d ??:??:??           2592     0.0%     0.00000
** INFO   : Done writing initial output to file(s).
Dimr [2026-05-19 17:09:56.337898] #6 >> PARALLEL:
Dimr [2026-05-19 17:09:56.337921] #6 >> Parallel Update: Current time:  15638400.00000 -- DFlowFM -- 6
Dimr [2026-05-19 17:09:56.337926] #6 >> TIME LOOP    777600.00000 --  16416000.00000 --  15638400.00000
Dimr [2026-05-19 17:09:56.337930] #6 >> TIME LOOP      3600.00000 --  16416000.00000 --  15638400.00000 --         0.00000 
** INFO   :    Sim. time done   Sim. time left   Real time used   Real time left Steps left Complete% Interval-averaged time step
** INFO   :           0d  0:00:00          9d  0:00:00          0d  0:00:00     ??d ??:??:??           2592     0.0%     0.00000
** INFO   : Done writing initial output to file(s).
Dimr [2026-05-19 17:09:56.343517] #2 >> PARALLEL:
Dimr [2026-05-19 17:09:56.343541] #2 >> Parallel Update: Current time:  15638400.00000 -- DFlowFM -- 6
Dimr [2026-05-19 17:09:56.343547] #2 >> TIME LOOP    777600.00000 --  16416000.00000 --  15638400.00000
Dimr [2026-05-19 17:09:56.343561] #2 >> TIME LOOP      3600.00000 --  16416000.00000 --  15638400.00000 --         0.00000 
** INFO   :    Sim. time done   Sim. time left   Real time used   Real time left Steps left Complete% Interval-averaged time step
** INFO   :           0d  0:00:00          9d  0:00:00          0d  0:00:00     ??d ??:??:??           2592     0.0%     0.00000
** INFO   : Done writing initial output to file(s).
Dimr [2026-05-19 17:09:56.345113] #7 >> PARALLEL:
Dimr [2026-05-19 17:09:56.345128] #7 >> Parallel Update: Current time:  15638400.00000 -- DFlowFM -- 6
Dimr [2026-05-19 17:09:56.345133] #7 >> TIME LOOP    777600.00000 --  16416000.00000 --  15638400.00000
Dimr [2026-05-19 17:09:56.345138] #7 >> TIME LOOP      3600.00000 --  16416000.00000 --  15638400.00000 --         0.00000 
** INFO   :    Sim. time done   Sim. time left   Real time used   Real time left Steps left Complete% Interval-averaged time step
** INFO   :           0d  0:00:00          9d  0:00:00          0d  0:00:00     ??d ??:??:??           2592     0.0%     0.00000
** INFO   : Done writing initial output to file(s).
Dimr [2026-05-19 17:09:56.347757] #5 >> PARALLEL:
Dimr [2026-05-19 17:09:56.347770] #5 >> Parallel Update: Current time:  15638400.00000 -- DFlowFM -- 6
Dimr [2026-05-19 17:09:56.347775] #5 >> TIME LOOP    777600.00000 --  16416000.00000 --  15638400.00000
Dimr [2026-05-19 17:09:56.347780] #5 >> TIME LOOP      3600.00000 --  16416000.00000 --  15638400.00000 --         0.00000 
** INFO   :    Sim. time done   Sim. time left   Real time used   Real time left Steps left Complete% Interval-averaged time step
** INFO   :           0d  0:00:00          9d  0:00:00          0d  0:00:00     ??d ??:??:??           2592     0.0%     0.00000
** INFO   : Done writing initial output to file(s).
Dimr [2026-05-19 17:09:56.347935] #4 >> PARALLEL:
Dimr [2026-05-19 17:09:56.347949] #4 >> Parallel Update: Current time:  15638400.00000 -- DFlowFM -- 6
Dimr [2026-05-19 17:09:56.347954] #4 >> TIME LOOP    777600.00000 --  16416000.00000 --  15638400.00000
Dimr [2026-05-19 17:09:56.347959] #4 >> TIME LOOP      3600.00000 --  16416000.00000 --  15638400.00000 --         0.00000 
** INFO   :    Sim. time done   Sim. time left   Real time used   Real time left Steps left Complete% Interval-averaged time step
** INFO   :           0d  0:00:00          9d  0:00:00          0d  0:00:00     ??d ??:??:??           2592     0.0%     0.00000
** INFO   : Done writing initial output to file(s).
Dimr [2026-05-19 17:09:56.349456] #3 >> PARALLEL:
Dimr [2026-05-19 17:09:56.349474] #3 >> Parallel Update: Current time:  15638400.00000 -- DFlowFM -- 6
Dimr [2026-05-19 17:09:56.349479] #3 >> TIME LOOP    777600.00000 --  16416000.00000 --  15638400.00000
Dimr [2026-05-19 17:09:56.349484] #3 >> TIME LOOP      3600.00000 --  16416000.00000 --  15638400.00000 --         0.00000 
** INFO   :    Sim. time done   Sim. time left   Real time used   Real time left Steps left Complete% Interval-averaged time step
** INFO   :           0d  0:00:00          9d  0:00:00          0d  0:00:00     ??d ??:??:??           2592     0.0%     0.00000
** INFO   : Done writing initial output to file(s).
Dimr [2026-05-19 17:09:56.349652] #1 >> PARALLEL:
Dimr [2026-05-19 17:09:56.349666] #1 >> Parallel Update: Current time:  15638400.00000 -- DFlowFM -- 6
Dimr [2026-05-19 17:09:56.349674] #1 >> TIME LOOP    777600.00000 --  16416000.00000 --  15638400.00000
Dimr [2026-05-19 17:09:56.349682] #1 >> TIME LOOP      3600.00000 --  16416000.00000 --  15638400.00000 --         0.00000 
** INFO   :    Sim. time done   Sim. time left   Real time used   Real time left Steps left Complete% Interval-averaged time step
** INFO   :           0d  0:00:00          9d  0:00:00          0d  0:00:00     ??d ??:??:??           2592     0.0%     0.00000
** INFO   : Done writing initial output to file(s).
Dimr [2026-05-19 17:09:56.350052] #0 >> wave.Initialize(stagnone.mdw)

********************************************************************************
***
*** Deltares, D-Waves  Version 3.08.03.057d2f7ceeafda462a1b4e598efa4ce4f0c97cc5, Oct 02 2025, 17:48:20
***           built from : URL: all/release/2026.01
***
***           runid      : stagnone.mdw
***
********************************************************************************

*** MESSAGE: Delft3D-WAVE runs online with Delft3D-FLOW
 Domain            1  is using depth averaged flow velocity.
 Domain            2  is using depth averaged flow velocity.
 Done reading input
*** MESSAGE: Using data from 8 NetCDF files
             Base name: ../DFM_OUTPUT_Stagnone_dxy01_15m/Stagnone_dxy01_15m_com.nc
             Partition range: 0000 - 0007
  Initialising grids and grid mappings
 
Coordinate System: Spherical
 
 
Coordinate System: Spherical
 
<<Run ESMF_RegridWeightGen...
>>...Check file esmf_sh.log
Executing command: "ESMF_RegridWeightGen_in_Delft3D-WAVE.sh TMP_ESMF_RegridWeightGen_flow_source_0001.nc TMP_ESMF_RegridWeightGen_swan_grid_outer_grd_destination_0001.nc TMP_ESMF_RegridWeightGen_swan_grid_outer_grd_weights_0001to0001.nc"
>>...End of ESMF_RegridWeightGen run
<<Run ESMF_RegridWeightGen...
>>...Check file esmf_sh.log
Executing command: "ESMF_RegridWeightGen_in_Delft3D-WAVE.sh TMP_ESMF_RegridWeightGen_flow_source_0002.nc TMP_ESMF_RegridWeightGen_swan_grid_outer_grd_destination_0001.nc TMP_ESMF_RegridWeightGen_swan_grid_outer_grd_weights_0002to0001.nc"
>>...End of ESMF_RegridWeightGen run
<<Run ESMF_RegridWeightGen...
>>...Check file esmf_sh.log
Executing command: "ESMF_RegridWeightGen_in_Delft3D-WAVE.sh TMP_ESMF_RegridWeightGen_flow_source_0003.nc TMP_ESMF_RegridWeightGen_swan_grid_outer_grd_destination_0001.nc TMP_ESMF_RegridWeightGen_swan_grid_outer_grd_weights_0003to0001.nc"
>>...End of ESMF_RegridWeightGen run
<<Run ESMF_RegridWeightGen...
>>...Check file esmf_sh.log
Executing command: "ESMF_RegridWeightGen_in_Delft3D-WAVE.sh TMP_ESMF_RegridWeightGen_flow_source_0004.nc TMP_ESMF_RegridWeightGen_swan_grid_outer_grd_destination_0001.nc TMP_ESMF_RegridWeightGen_swan_grid_outer_grd_weights_0004to0001.nc"
>>...End of ESMF_RegridWeightGen run
<<Run ESMF_RegridWeightGen...
>>...Check file esmf_sh.log
Executing command: "ESMF_RegridWeightGen_in_Delft3D-WAVE.sh TMP_ESMF_RegridWeightGen_flow_source_0005.nc TMP_ESMF_RegridWeightGen_swan_grid_outer_grd_destination_0001.nc TMP_ESMF_RegridWeightGen_swan_grid_outer_grd_weights_0005to0001.nc"
>>...End of ESMF_RegridWeightGen run
<<Run ESMF_RegridWeightGen...
>>...Check file esmf_sh.log
Executing command: "ESMF_RegridWeightGen_in_Delft3D-WAVE.sh TMP_ESMF_RegridWeightGen_flow_source_0006.nc TMP_ESMF_RegridWeightGen_swan_grid_outer_grd_destination_0001.nc TMP_ESMF_RegridWeightGen_swan_grid_outer_grd_weights_0006to0001.nc"
>>...End of ESMF_RegridWeightGen run
<<Run ESMF_RegridWeightGen...
>>...Check file esmf_sh.log
Executing command: "ESMF_RegridWeightGen_in_Delft3D-WAVE.sh TMP_ESMF_RegridWeightGen_flow_source_0007.nc TMP_ESMF_RegridWeightGen_swan_grid_outer_grd_destination_0001.nc TMP_ESMF_RegridWeightGen_swan_grid_outer_grd_weights_0007to0001.nc"
>>...End of ESMF_RegridWeightGen run
<<Run ESMF_RegridWeightGen...
>>...Check file esmf_sh.log
Executing command: "ESMF_RegridWeightGen_in_Delft3D-WAVE.sh TMP_ESMF_RegridWeightGen_flow_source_0008.nc TMP_ESMF_RegridWeightGen_swan_grid_outer_grd_destination_0001.nc TMP_ESMF_RegridWeightGen_swan_grid_outer_grd_weights_0008to0001.nc"
>>...End of ESMF_RegridWeightGen run
<<Run ESMF_RegridWeightGen...
>>...Check file esmf_sh.log
Executing command: "ESMF_RegridWeightGen_in_Delft3D-WAVE.sh TMP_ESMF_RegridWeightGen_flow_source_0001.nc TMP_ESMF_RegridWeightGen_swan_grid_grd_destination_0002.nc TMP_ESMF_RegridWeightGen_swan_grid_grd_weights_0001to0002.nc"
>>...End of ESMF_RegridWeightGen run
<<Run ESMF_RegridWeightGen...
>>...Check file esmf_sh.log
Executing command: "ESMF_RegridWeightGen_in_Delft3D-WAVE.sh TMP_ESMF_RegridWeightGen_flow_source_0002.nc TMP_ESMF_RegridWeightGen_swan_grid_grd_destination_0002.nc TMP_ESMF_RegridWeightGen_swan_grid_grd_weights_0002to0002.nc"
>>...End of ESMF_RegridWeightGen run
<<Run ESMF_RegridWeightGen...
>>...Check file esmf_sh.log
Executing command: "ESMF_RegridWeightGen_in_Delft3D-WAVE.sh TMP_ESMF_RegridWeightGen_flow_source_0003.nc TMP_ESMF_RegridWeightGen_swan_grid_grd_destination_0002.nc TMP_ESMF_RegridWeightGen_swan_grid_grd_weights_0003to0002.nc"
>>...End of ESMF_RegridWeightGen run
<<Run ESMF_RegridWeightGen...
>>...Check file esmf_sh.log
Executing command: "ESMF_RegridWeightGen_in_Delft3D-WAVE.sh TMP_ESMF_RegridWeightGen_flow_source_0004.nc TMP_ESMF_RegridWeightGen_swan_grid_grd_destination_0002.nc TMP_ESMF_RegridWeightGen_swan_grid_grd_weights_0004to0002.nc"
>>...End of ESMF_RegridWeightGen run
<<Run ESMF_RegridWeightGen...
>>...Check file esmf_sh.log
Executing command: "ESMF_RegridWeightGen_in_Delft3D-WAVE.sh TMP_ESMF_RegridWeightGen_flow_source_0005.nc TMP_ESMF_RegridWeightGen_swan_grid_grd_destination_0002.nc TMP_ESMF_RegridWeightGen_swan_grid_grd_weights_0005to0002.nc"
>>...End of ESMF_RegridWeightGen run
WARNING Flow grid 5 is not overlapping with WAVE grid 2. Mapper not filled with weights.
<<Run ESMF_RegridWeightGen...
>>...Check file esmf_sh.log
Executing command: "ESMF_RegridWeightGen_in_Delft3D-WAVE.sh TMP_ESMF_RegridWeightGen_flow_source_0006.nc TMP_ESMF_RegridWeightGen_swan_grid_grd_destination_0002.nc TMP_ESMF_RegridWeightGen_swan_grid_grd_weights_0006to0002.nc"
>>...End of ESMF_RegridWeightGen run
WARNING Flow grid 6 is not overlapping with WAVE grid 2. Mapper not filled with weights.
<<Run ESMF_RegridWeightGen...
>>...Check file esmf_sh.log
Executing command: "ESMF_RegridWeightGen_in_Delft3D-WAVE.sh TMP_ESMF_RegridWeightGen_flow_source_0007.nc TMP_ESMF_RegridWeightGen_swan_grid_grd_destination_0002.nc TMP_ESMF_RegridWeightGen_swan_grid_grd_weights_0007to0002.nc"
>>...End of ESMF_RegridWeightGen run
<<Run ESMF_RegridWeightGen...
>>...Check file esmf_sh.log
Executing command: "ESMF_RegridWeightGen_in_Delft3D-WAVE.sh TMP_ESMF_RegridWeightGen_flow_source_0008.nc TMP_ESMF_RegridWeightGen_swan_grid_grd_destination_0002.nc TMP_ESMF_RegridWeightGen_swan_grid_grd_weights_0008to0002.nc"
>>...End of ESMF_RegridWeightGen run
Dimr [2026-05-19 17:09:59.100056] #0 >> PARALLEL:
Dimr [2026-05-19 17:09:59.100095] #0 >> Parallel Update: Current time:  15638400.00000 -- DFlowFM -- 6
Dimr [2026-05-19 17:09:59.100101] #0 >> TIME LOOP    777600.00000 --  16416000.00000 --  15638400.00000
Dimr [2026-05-19 17:09:59.100106] #0 >> TIME LOOP      3600.00000 --  16416000.00000 --  15638400.00000 --         0.00000 
Dimr [2026-05-19 17:09:59.100115] #0 >> Parallel Startgroup: Current time:  15638400.00000 --         0.00000
Dimr [2026-05-19 17:09:59.100129] #0 >> 15638400.0:    wave.Update(15638400.0)
Dimr [2026-05-19 17:09:59.100124] #1 >> Parallel Child: Current time:  15638400.00000 -- 0
Dimr [2026-05-19 17:09:59.100126] #2 >> Parallel Child: Current time:  15638400.00000 -- 0
*****************************************************************
*  Start of Delft3D-WAVE ...
Dimr [2026-05-19 17:09:59.100129] #3 >> Parallel Child: Current time:  15638400.00000 -- 0
Dimr [2026-05-19 17:09:59.100134] #4 >> Parallel Child: Current time:  15638400.00000 -- 0
Dimr [2026-05-19 17:09:59.100134] #5 >> Parallel Child: Current time:  15638400.00000 -- 0
Dimr [2026-05-19 17:09:59.100133] #6 >> Parallel Child: Current time:  15638400.00000 -- 0
Dimr [2026-05-19 17:09:59.100133] #7 >> Parallel Child: Current time:  15638400.00000 -- 0
  Start loop over SWAN grids, time =      260640.000 minutes since 20250101.000000
  Allocate input fields
  Allocate and read SWAN depth
  Get flow fields, domain 1 :
  Get flow fields, domain 2 :
  Get flow fields, domain 3 :
  Get flow fields, domain 4 :
  Get flow fields, domain 5 :
  Get flow fields, domain 6 :
  Get flow fields, domain 7 :
  Get flow fields, domain 8 :
  Write SWAN depth file
  Write SWAN velocity file
  Write SWAN wind file
  Write SWAN input
<<Run SWAN...
>>...Check file swan_sh.log
>>...End of SWAN run
  Allocate output fields
  Read SWAN output
  Map WAVE parameters to FLOW grid          1
  Map WAVE parameters to FLOW grid          2
  Map WAVE parameters to FLOW grid          3
  Map WAVE parameters to FLOW grid          4
  Map WAVE parameters to FLOW grid          5
  Map WAVE parameters to FLOW grid          6
  Map WAVE parameters to FLOW grid          7
  Map WAVE parameters to FLOW grid          8
  Write WAVE map file, nest          1 time      260640.000
  Time written     260640
  Write WAVE NetCDF map file, nest          1 time 260640.000
 Number of non-existing grid points detected:            0
  Deallocate input fields
  Allocate input fields
  Allocate and read SWAN depth
  Get flow fields, domain 1 :
ERROR in get_var_netcdf: time ( 0.156E+08) not found in file '../DFM_OUTPUT_Stagnone_dxy01_15m/Stagnone_dxy01_15m_0000_com.nc'.
 ERROR: 
 ERROR in get_var_netcdf: time not found in file '../DFM_OUTPUT_Stagnone_dxy01_1
 5m/Stagnone_dxy01_15m_0000_com.nc'.
 Wave exited abnormally
#### ERROR: dimr update ABORT with unknown exception
#### ERROR: dimr ABORT: dimr_exe lib_update failed
#### ERROR: dimr ABORT: Trying to finalize...
Dimr [2026-05-19 17:10:02.495355] #0 >>     wave.Finalize()
Dimr [2026-05-19 17:10:02.495365] #2 >> 15638400.0:    DFlowFM.Update(     3600.00000)
Dimr [2026-05-19 17:10:02.495365] #3 >> 15638400.0:    DFlowFM.Update(     3600.00000)
Dimr [2026-05-19 17:10:02.495368] #1 >> 15638400.0:    DFlowFM.Update(     3600.00000)
Dimr [2026-05-19 17:10:02.495374] #4 >> 15638400.0:    DFlowFM.Update(     3600.00000)
Dimr [2026-05-19 17:10:02.495373] #5 >> 15638400.0:    DFlowFM.Update(     3600.00000)
Dimr [2026-05-19 17:10:02.495372] #6 >> 15638400.0:    DFlowFM.Update(     3600.00000)
Dimr [2026-05-19 17:10:02.495375] #7 >> 15638400.0:    DFlowFM.Update(     3600.00000)
Delft3D-WAVE finished normally.
Dimr [2026-05-19 17:10:02.501271] #0 >>     DFlowFM.Finalize()
** INFO   : 
** INFO   : 
** INFO   : 
** INFO   : extra timer:Flow geometry                                        0.1240980625
** INFO   : extra timer:Transport init                                       0.0115458965
** INFO   : extra timer:Flow init                                            1.5526659489
** INFO   : extra timer:Flow allocate arrays                                 0.0229279995
** INFO   : extra timer:Renumber flownodes                                   0.0105679035
** INFO   : extra timer:Set bedlevel from ext-file                           0.0158619881
** INFO   : extra timer:Init iniFieldFile                                    0.5709061623
** INFO   : extra timer:unc_write_map_filepointer_ugrid                      0.0213041306
** INFO   : extra timer:unc_write_map_filepointer_ugrid vars                 0.0106899738
** INFO   : extra timer:call wrirst                                          0.0213520527
** INFO   : extra timer:call wrimap                                          0.0220592022
** INFO   : Simulation did not reach stop time
** INFO   : 
** INFO   : 
** INFO   : 
** INFO   : nr of timesteps        ( )  :            -1.0000000000
** INFO   : average timestep       (s)  :             0.0000000000
** INFO   : nr of setbacks         ( )  :             0.0000000000
** INFO   : 
** INFO   : 
** INFO   : simulation period      (d)  :             0.0000000000
** INFO   : total computation time (d)  :             0.0000936041
** INFO   : time modelinit         (d)  :             0.0000224086
** INFO   : time steps (+ plots)   (d)  :             0.0000711955
** INFO   : 
** INFO   : simulation period      (h)  :             0.0000000000
** INFO   : total computation time (h)  :             0.0022464989
** INFO   : time modelinit         (h)  :             0.0005378073
** INFO   : time steps (+ plots)   (h)  :             0.0017086916
** INFO   : 
** INFO   : simulation period      (s)  :             0.0000000000
** INFO   : total computation time (s)  :             8.0873961449
** INFO   : time modelinit         (s)  :             1.9361062050
** INFO   : time steps (+ plots)   (s)  :             6.1512899399
** INFO   : 
** INFO   : 
** INFO   : time iniexternalforc.  (s)  :             0.8896391392
** INFO   : 
** INFO   : time inistep           (s)  :             0.0085561275
** INFO   : time setumod           (s)  :             0.0050702095
** INFO   : time furu              (s)  :             0.0000000000
** INFO   : time solve             (s)  :             0.0000000000
** INFO   : time gausselimination  (s)  :             0.0000000000
** INFO   : time gausssubstitution (s)  :             0.0000000000
** INFO   : time totalsolve        (s)  :             0.0000000000
** INFO   : time setexternalforc.  (s)  :             0.6292819977
** INFO   : time setext.forc.fetch (s)  :             0.0000000000
** INFO   : time setexternalfbnd.  (s)  :             0.0000178814
** INFO   : time steps             (s)  :             0.0000000000
** INFO   : fraction solve/steps   ( )  :             0.0000000000
** INFO   : total/(dnt*ndx)        (s)  :             8.0873961449
** INFO   : av nr of cont. it s1it ( )  :             0.0000000000
** INFO   : time transport         (s)  :             0.0000000000
** INFO   : time debug             (s)  :             0.0000000000
** INFO   : 
** INFO   : 
** INFO   : 
** INFO   : Computation started  at: 17:09:56, 19-05-2026
** INFO   : Computation finished at: 17:10:02, 19-05-2026
** INFO   : 
** INFO   : simulation period      (h)  :             0.0000000000
** INFO   : total time in timeloop (h)  :             0.0017086916
** INFO   : MPI    : yes.         #processes   : 8, my_rank: 0
** INFO   : OpenMP : unavailable.
** INFO   : 
** INFO   : 
** INFO   : 
** INFO   : 
Dimr [2026-05-19 17:10:02.503237] #0 >> TIMER INFO:

Dimr [2026-05-19 17:10:02.503260] #0 >> DFlowFM	: 1.965439 sec
Dimr [2026-05-19 17:10:02.503264] #0 >> wave	: 2.755867 sec
Dimr [2026-05-19 17:10:02.503268] #0 >> DIMR_LIB	: 8.647509 sec
#### ERROR: dimr ABORT: See messages above
Abort(1) on node 0 (rank 0 in comm 0): application called MPI_Abort(MPI_COMM_WORLD, 1) - process 0
lowed in parallel runs
 WARNING: ec_converter: no overlapping points found for quantity:
 dir
 This is allowed in parallel runs
 WARNING: ec_converter: no overlapping points found for quantity:
 dissurf
 This is allowed in parallel runs
 WARNING: ec_converter: no overlapping points found for quantity:
 dissurf
 This is allowed in parallel runs
 WARNING: ec_converter: no overlapping points found for quantity:
 dissurf
 This is allowed in parallel runs
 WARNING: ec_converter: no overlapping points found for quantity:
 dissurf
 This is allowed in parallel runs
 WARNING: ec_converter: no overlapping points found for quantity:
 dissurf
 This is allowed in parallel runs
 WARNING: ec_converter: no overlapping points found for quantity:
 dissurf
 This is allowed in parallel runs
 WARNING: ec_converter: no overlapping points found for quantity:
 diswcap
 This is allowed in parallel runs
 WARNING: ec_converter: no overlapping points found for quantity:
 dissurf
 This is allowed in parallel runs
 WARNING: ec_converter: no overlapping points found for quantity:
 dissurf
 This is allowed in parallel runs
 WARNING: ec_converter: no overlapping points found for quantity:
 diswcap
 This is allowed in parallel runs
 WARNING: ec_converter: no overlapping points found for quantity:
 diswcap
 This is allowed in parallel runs
 WARNING: ec_converter: no overlapping points found for quantity:
 fx
 This is allowed in parallel runs
 WARNING: ec_converter: no overlapping points found for quantity:
 diswcap
 This is allowed in parallel runs
 WARNING: ec_converter: no overlapping points found for quantity:
 diswcap
 This is allowed in parallel runs
 WARNING: ec_converter: no overlapping points found for quantity:
 fx
 This is allowed in parallel runs
 WARNING: ec_converter: no overlapping points found for quantity:
 diswcap
 This is allowed in parallel runs
 WARNING: ec_converter: no overlapping points found for quantity:
 diswcap
 This is allowed in parallel runs
 WARNING: ec_converter: no overlapping points found for quantity:
 diswcap
 This is allowed in parallel runs
 WARNING: ec_converter: no overlapping points found for quantity:
 fy
 This is allowed in parallel runs
 WARNING: ec_converter: no overlapping points found for quantity:
 fx
 This is allowed in parallel runs
 WARNING: ec_converter: no overlapping points found for quantity:
 fy
 This is allowed in parallel runs
 WARNING: ec_converter: no overlapping points found for quantity:
 fx
 This is allowed in parallel runs
 WARNING: ec_converter: no overlapping points found for quantity:
 fx
 This is allowed in parallel runs
 WARNING: ec_converter: no overlapping points found for quantity:
 fx
 This is allowed in parallel runs
 WARNING: ec_converter: no overlapping points found for quantity:
 fx
 This is allowed in parallel runs
 WARNING: ec_converter: no overlapping points found for quantity:
 fx
 This is allowed in parallel runs
 WARNING: ec_converter: no overlapping points found for quantity:
 wsbu
 This is allowed in parallel runs
 WARNING: ec_converter: no overlapping points found for quantity:
 fy
 This is allowed in parallel runs
 WARNING: ec_converter: no overlapping points found for quantity:
 wsbu
 This is allowed in parallel runs
 WARNING: ec_converter: no overlapping points found for quantity:
 fy
 This is allowed in parallel runs
 WARNING: ec_converter: no overlapping points found for quantity:
 fy
 This is allowed in parallel runs
 WARNING: ec_converter: no overlapping points found for quantity:
 fy
 This is allowed in parallel runs
 WARNING: ec_converter: no overlapping points found for quantity:
 fy
 This is allowed in parallel runs
 WARNING: ec_converter: no overlapping points found for quantity:
 wsbv
 This is allowed in parallel runs
 WARNING: ec_converter: no overlapping points found for quantity:
 fy
 This is allowed in parallel runs
 WARNING: ec_converter: no overlapping points found for quantity:
 wsbu
 This is allowed in parallel runs
 WARNING: ec_converter: no overlapping points found for quantity:
 wsbv
 This is allowed in parallel runs
 WARNING: ec_converter: no overlapping points found for quantity:
 wsbu
 This is allowed in parallel runs
 WARNING: ec_converter: no overlapping points found for quantity:
 wsbu
 This is allowed in parallel runs
 WARNING: ec_converter: no overlapping points found for quantity:
 mx
 This is allowed in parallel runs
 WARNING: ec_converter: no overlapping points found for quantity:
 wsbu
 This is allowed in parallel runs
 WARNING: ec_converter: no overlapping points found for quantity:
 wsbu
 This is allowed in parallel runs
 WARNING: ec_converter: no overlapping points found for quantity:
 mx
 This is allowed in parallel runs
 WARNING: ec_converter: no overlapping points found for quantity:
 wsbv
 This is allowed in parallel runs
 WARNING: ec_converter: no overlapping points found for quantity:
 wsbu
 This is allowed in parallel runs
 WARNING: ec_converter: no overlapping points found for quantity:
 wsbv
 This is allowed in parallel runs
 WARNING: ec_converter: no overlapping points found for quantity:
 wsbv
 This is allowed in parallel runs
 WARNING: ec_converter: no overlapping points found for quantity:
 my
 This is allowed in parallel runs
 WARNING: ec_converter: no overlapping points found for quantity:
 wsbv
 This is allowed in parallel runs
 WARNING: ec_converter: no overlapping points found for quantity:
 wsbv
 This is allowed in parallel runs
 WARNING: ec_converter: no overlapping points found for quantity:
 my
 This is allowed in parallel runs
 WARNING: ec_converter: no overlapping points found for quantity:
 mx
 This is allowed in parallel runs
 WARNING: ec_converter: no overlapping points found for quantity:
 wsbv
 This is allowed in parallel runs
 WARNING: ec_converter: no overlapping points found for quantity:
 mx
 This is allowed in parallel runs
 WARNING: ec_converter: no overlapping points found for quantity:
 ubot
 This is allowed in parallel runs
 WARNING: ec_converter: no overlapping points found for quantity:
 mx
 This is allowed in parallel runs
 WARNING: ec_converter: no overlapping points found for quantity:
 mx
 This is allowed in parallel runs
 WARNING: ec_converter: no overlapping points found for quantity:
 ubot
 This is allowed in parallel runs
 WARNING: ec_converter: no overlapping points found for quantity:
 mx
 This is allowed in parallel runs
 WARNING: ec_converter: no overlapping points found for quantity:
 my
 This is allowed in parallel runs
 WARNING: ec_converter: no overlapping points found for quantity:
 my
 This is allowed in parallel runs
 WARNING: ec_converter: no overlapping points found for quantity:
 mx
 This is allowed in parallel runs
 WARNING: ec_converter: no overlapping points found for quantity:
 my
 This is allowed in parallel runs
 WARNING: ec_converter: no overlapping points found for quantity:
 my
 This is allowed in parallel runs
 WARNING: ec_converter: no overlapping points found for quantity:
 my
 This is allowed in parallel runs
 WARNING: ec_converter: no overlapping points found for quantity:
 ubot
 This is allowed in parallel runs
 WARNING: ec_converter: no overlapping points found for quantity:
 ubot
 This is allowed in parallel runs
 WARNING: ec_converter: no overlapping points found for quantity:
 ubot
 This is allowed in parallel runs
 WARNING: ec_converter: no overlapping points found for quantity:
 my
 This is allowed in parallel runs
 WARNING: ec_converter: no overlapping points found for quantity:
 ubot
 This is allowed in parallel runs
 WARNING: ec_converter: no overlapping points found for quantity:
 ubot
 This is allowed in parallel runs
 WARNING: ec_converter: no overlapping points found for quantity:
 ubot
 This is allowed in parallel runs
** WARNING: Viscosity coefficient was limited for 10 links.
Dimr [2026-05-19 17:09:58.191535] #2 >> kernel: Viscosity coefficient was limited for 10 links.
** WARNING: Horizontal transport flux was limited for 50 links.
Dimr [2026-05-19 17:09:58.222585] #2 >> kernel: Horizontal transport flux was limited for 50 links.
** WARNING: Viscosity coefficient was limited for 10 links.
Dimr [2026-05-19 17:09:58.236494] #2 >> kernel: Viscosity coefficient was limited for 10 links.
** WARNING: Horizontal transport flux was limited for 50 links.
Dimr [2026-05-19 17:09:58.267518] #2 >> kernel: Horizontal transport flux was limited for 50 links.
** WARNING: Viscosity coefficient was limited for 10 links.
Dimr [2026-05-19 17:09:58.281142] #2 >> kernel: Viscosity coefficient was limited for 10 links.
** WARNING: Horizontal transport flux was limited for 50 links.
Dimr [2026-05-19 17:09:58.312364] #2 >> kernel: Horizontal transport flux was limited for 50 links.
** WARNING: Viscosity coefficient was limited for 10 links.
Dimr [2026-05-19 17:09:58.326385] #2 >> kernel: Viscosity coefficient was limited for 10 links.
** WARNING: Horizontal transport flux was limited for 50 links.
Dimr [2026-05-19 17:09:58.357533] #2 >> kernel: Horizontal transport flux was limited for 50 links.
** WARNING: Viscosity coefficient was limited for 10 links.
Dimr [2026-05-19 17:09:58.371446] #2 >> kernel: Viscosity coefficient was limited for 10 links.
** WARNING: Horizontal transport flux was limited for 50 links.
Dimr [2026-05-19 17:09:58.402957] #2 >> kernel: Horizontal transport flux was limited for 50 links.
** WARNING: Viscosity coefficient was limited for 10 links.
Dimr [2026-05-19 17:09:58.416587] #2 >> kernel: Viscosity coefficient was limited for 10 links.
** WARNING: Viscosity coefficient was limited for 30 links.
Dimr [2026-05-19 17:09:58.594650] #5 >> kernel: Viscosity coefficient was limited for 30 links.
** WARNING: Viscosity coefficient was limited for 40 links.
Dimr [2026-05-19 17:09:58.639886] #5 >> kernel: Viscosity coefficient was limited for 40 links.
** WARNING: Horizontal transport flux was limited for 75 links.
Dimr [2026-05-19 17:09:58.669923] #4 >> kernel: Horizontal transport flux was limited for 75 links.
** WARNING: Horizontal transport flux was limited for 20 links.
Dimr [2026-05-19 17:09:58.670220] #5 >> kernel: Horizontal transport flux was limited for 20 links.
** WARNING: Viscosity coefficient was limited for 20 links.
Dimr [2026-05-19 17:09:58.686588] #4 >> kernel: Viscosity coefficient was limited for 20 links.
** WARNING: Viscosity coefficient was limited for 69 links.
Dimr [2026-05-19 17:09:58.686960] #5 >> kernel: Viscosity coefficient was limited for 69 links.
** WARNING: Horizontal transport flux was limited for 80 links.
Dimr [2026-05-19 17:09:58.717809] #4 >> kernel: Horizontal transport flux was limited for 80 links.
** WARNING: Horizontal transport flux was limited for 45 links.
Dimr [2026-05-19 17:09:58.718166] #5 >> kernel: Horizontal transport flux was limited for 45 links.
** WARNING: Horizontal transport flux was limited for 5 links.
Dimr [2026-05-19 17:09:58.721134] #5 >> kernel: Horizontal transport flux was limited for 5 links.
** WARNING: Viscosity coefficient was limited for 20 links.
Dimr [2026-05-19 17:09:58.734628] #1 >> kernel: Viscosity coefficient was limited for 20 links.
** WARNING: Viscosity coefficient was limited for 80 links.
Dimr [2026-05-19 17:09:58.734857] #5 >> kernel: Viscosity coefficient was limited for 80 links.
** WARNING: Horizontal transport flux was limited for 12 links.
Dimr [2026-05-19 17:09:58.764797] #4 >> kernel: Horizontal transport flux was limited for 12 links.
** WARNING: Horizontal transport flux was limited for 156 links.
Dimr [2026-05-19 17:09:58.765127] #5 >> kernel: Horizontal transport flux was limited for 156 links.
** WARNING: Viscosity coefficient was limited for 30 links.
Dimr [2026-05-19 17:09:58.781487] #4 >> kernel: Viscosity coefficient was limited for 30 links.
** WARNING: Viscosity coefficient was limited for 20 links.
Dimr [2026-05-19 17:09:58.781614] #1 >> kernel: Viscosity coefficient was limited for 20 links.
** WARNING: Viscosity coefficient was limited for 247 links.
Dimr [2026-05-19 17:09:58.781819] #5 >> kernel: Viscosity coefficient was limited for 247 links.
** WARNING: Horizontal transport flux was limited for 90 links.
Dimr [2026-05-19 17:09:58.813006] #5 >> kernel: Horizontal transport flux was limited for 90 links.
** WARNING: Viscosity coefficient was limited for 90 links.
Dimr [2026-05-19 17:09:58.829305] #4 >> kernel: Viscosity coefficient was limited for 90 links.
** WARNING: Viscosity coefficient was limited for 240 links.
Dimr [2026-05-19 17:09:58.829680] #5 >> kernel: Viscosity coefficient was limited for 240 links.
** WARNING: Viscosity coefficient was limited for 159 links.
Dimr [2026-05-19 17:09:58.876888] #4 >> kernel: Viscosity coefficient was limited for 159 links.
** WARNING: Viscosity coefficient was limited for 40 links.
Dimr [2026-05-19 17:09:58.877037] #1 >> kernel: Viscosity coefficient was limited for 40 links.
** WARNING: Horizontal transport flux was limited for 50 links.
Dimr [2026-05-19 17:09:58.909376] #4 >> kernel: Horizontal transport flux was limited for 50 links.
** WARNING: Viscosity coefficient was limited for 117 links.
Dimr [2026-05-19 17:09:58.926218] #4 >> kernel: Viscosity coefficient was limited for 117 links.
** WARNING: Viscosity coefficient was limited for 70 links.
Dimr [2026-05-19 17:09:58.926404] #1 >> kernel: Viscosity coefficient was limited for 70 links.
** WARNING: Horizontal transport flux was limited for 50 links.
Dimr [2026-05-19 17:09:58.958502] #4 >> kernel: Horizontal transport flux was limited for 50 links.
** WARNING: Horizontal transport flux was limited for 50 links.
Dimr [2026-05-19 17:09:58.958759] #1 >> kernel: Horizontal transport flux was limited for 50 links.
** WARNING: Viscosity coefficient was limited for 80 links.
Dimr [2026-05-19 17:09:58.975287] #4 >> kernel: Viscosity coefficient was limited for 80 links.
** WARNING: Viscosity coefficient was limited for 60 links.
Dimr [2026-05-19 17:09:58.975483] #1 >> kernel: Viscosity coefficient was limited for 60 links.
** WARNING: Horizontal transport flux was limited for 100 links.
Dimr [2026-05-19 17:09:59.7518] #1 >> kernel: Horizontal transport flux was limited for 100 links.
** WARNING: Viscosity coefficient was limited for 38 links.
Dimr [2026-05-19 17:09:59.24089] #1 >> kernel: Viscosity coefficient was limited for 38 links.
** WARNING: Viscosity coefficient was limited for 40 links.
Dimr [2026-05-19 17:09:59.70749] #1 >> kernel: Viscosity coefficient was limited for 40 links.
** WARNING: Horizontal transport flux was limited for 50 links.
Dimr [2026-05-19 17:09:59.102841] #1 >> kernel: Horizontal transport flux was limited for 50 links.
** WARNING: Viscosity coefficient was limited for 60 links.
Dimr [2026-05-19 17:09:59.119993] #1 >> kernel: Viscosity coefficient was limited for 60 links.
** WARNING: Viscosity coefficient was limited for 10 links.
Dimr [2026-05-19 17:10:00.378824] #7 >> kernel: Viscosity coefficient was limited for 10 links.
** WARNING: Horizontal transport flux was limited for 50 links.
Dimr [2026-05-19 17:10:00.424118] #7 >> kernel: Horizontal transport flux was limited for 50 links.
** WARNING: Viscosity coefficient was limited for 10 links.
Dimr [2026-05-19 17:10:00.461166] #7 >> kernel: Viscosity coefficient was limited for 10 links.
** WARNING: Horizontal transport flux was limited for 50 links.
Dimr [2026-05-19 17:10:00.517931] #7 >> kernel: Horizontal transport flux was limited for 50 links.
** WARNING: Viscosity coefficient was limited for 20 links.
Dimr [2026-05-19 17:10:00.539789] #7 >> kernel: Viscosity coefficient was limited for 20 links.
** WARNING: Horizontal transport flux was limited for 100 links.
Dimr [2026-05-19 17:10:00.585449] #7 >> kernel: Horizontal transport flux was limited for 100 links.
** WARNING: Viscosity coefficient was limited for 20 links.
Dimr [2026-05-19 17:10:00.607861] #7 >> kernel: Viscosity coefficient was limited for 20 links.
** WARNING: Horizontal transport flux was limited for 100 links.
Dimr [2026-05-19 17:10:00.652964] #7 >> kernel: Horizontal transport flux was limited for 100 links.
** WARNING: Viscosity coefficient was limited for 20 links.
Dimr [2026-05-19 17:10:00.673776] #7 >> kernel: Viscosity coefficient was limited for 20 links.
** WARNING: Horizontal transport flux was limited for 100 links.
Dimr [2026-05-19 17:10:00.719518] #7 >> kernel: Horizontal transport flux was limited for 100 links.
** WARNING: Viscosity coefficient was limited for 20 links.
Dimr [2026-05-19 17:10:00.740273] #7 >> kernel: Viscosity coefficient was limited for 20 links.
** WARNING: Viscosity coefficient was limited for 10 links.
Dimr [2026-05-19 17:10:02.660569] #0 >> kernel: Viscosity coefficient was limited for 10 links.
** WARNING: Horizontal transport flux was limited for 50 links.
Dimr [2026-05-19 17:10:02.692104] #0 >> kernel: Horizontal transport flux was limited for 50 links.
** WARNING: Viscosity coefficient was limited for 10 links.
Dimr [2026-05-19 17:10:02.714175] #0 >> kernel: Viscosity coefficient was limited for 10 links.
** WARNING: Horizontal transport flux was limited for 50 links.
Dimr [2026-05-19 17:10:02.746098] #0 >> kernel: Horizontal transport flux was limited for 50 links.
** WARNING: Viscosity coefficient was limited for 10 links.
Dimr [2026-05-19 17:10:02.767966] #0 >> kernel: Viscosity coefficient was limited for 10 links.
** WARNING: Horizontal transport flux was limited for 50 links.
Dimr [2026-05-19 17:10:02.799486] #0 >> kernel: Horizontal transport flux was limited for 50 links.
** WARNING: Viscosity coefficient was limited for 10 links.
Dimr [2026-05-19 17:10:02.820189] #0 >> kernel: Viscosity coefficient was limited for 10 links.
** WARNING: Horizontal transport flux was limited for 50 links.
Dimr [2026-05-19 17:10:02.851811] #0 >> kernel: Horizontal transport flux was limited for 50 links.
** WARNING: Viscosity coefficient was limited for 10 links.
Dimr [2026-05-19 17:10:02.873732] #0 >> kernel: Viscosity coefficient was limited for 10 links.
** WARNING: Horizontal transport flux was limited for 45 links.
Dimr [2026-05-19 17:10:02.905402] #0 >> kernel: Horizontal transport flux was limited for 45 links.
** WARNING: Horizontal transport flux was limited for 12 links.
Dimr [2026-05-19 17:10:02.959198] #0 >> kernel: Horizontal transport flux was limited for 12 links.
** WARNING: Viscosity coefficient was limited for 10 links.
Dimr [2026-05-19 17:10:06.86773] #3 >> kernel: Viscosity coefficient was limited for 10 links.
** WARNING: Horizontal transport flux was limited for 50 links.
Dimr [2026-05-19 17:10:06.120660] #3 >> kernel: Horizontal transport flux was limited for 50 links.
** WARNING: Viscosity coefficient was limited for 10 links.
Dimr [2026-05-19 17:10:06.143731] #3 >> kernel: Viscosity coefficient was limited for 10 links.
** WARNING: Viscosity coefficient was limited for 10 links.
Dimr [2026-05-19 17:10:06.198656] #3 >> kernel: Viscosity coefficient was limited for 10 links.
** WARNING: Viscosity coefficient was limited for 40 links.
Dimr [2026-05-19 17:10:06.253359] #3 >> kernel: Viscosity coefficient was limited for 40 links.
** WARNING: Horizontal transport flux was limited for 200 links.
Dimr [2026-05-19 17:10:06.285328] #3 >> kernel: Horizontal transport flux was limited for 200 links.
** WARNING: Viscosity coefficient was limited for 50 links.
Dimr [2026-05-19 17:10:06.311379] #3 >> kernel: Viscosity coefficient was limited for 50 links.
** WARNING: Horizontal transport flux was limited for 50 links.
Dimr [2026-05-19 17:10:06.343262] #3 >> kernel: Horizontal transport flux was limited for 50 links.
** WARNING: Viscosity coefficient was limited for 38 links.
Dimr [2026-05-19 17:10:06.365992] #3 >> kernel: Viscosity coefficient was limited for 38 links.
** WARNING: Viscosity coefficient was limited for 10 links.
Dimr [2026-05-19 17:10:06.423809] #3 >> kernel: Viscosity coefficient was limited for 10 links.
** WARNING: Viscosity coefficient was limited for 10 links.
Dimr [2026-05-19 17:10:06.481408] #3 >> kernel: Viscosity coefficient was limited for 10 links.
** WARNING: Horizontal transport flux was limited for 10 links.
Dimr [2026-05-19 17:10:15.923455] #6 >> kernel: Horizontal transport flux was limited for 10 links.
** WARNING: Horizontal transport flux was limited for 7 links.
Dimr [2026-05-19 17:10:16.504826] #6 >> kernel: Horizontal transport flux was limited for 7 links.
** WARNING: Horizontal transport flux was limited for 20 links.
Dimr [2026-05-19 17:10:16.552571] #6 >> kernel: Horizontal transport flux was limited for 20 links.
** WARNING: Horizontal transport flux was limited for 22 links.
Dimr [2026-05-19 17:10:16.600271] #6 >> kernel: Horizontal transport flux was limited for 22 links.
** WARNING: Horizontal transport flux was limited for 22 links.
Dimr [2026-05-19 17:10:16.647999] #6 >> kernel: Horizontal transport flux was limited for 22 links.
** WARNING: Horizontal transport flux was limited for 20 links.
Dimr [2026-05-19 17:10:16.695666] #6 >> kernel: Horizontal transport flux was limited for 20 links.
** WARNING: Horizontal transport flux was limited for 20 links.
Dimr [2026-05-19 17:10:16.743354] #6 >> kernel: Horizontal transport flux was limited for 20 links.
** WARNING: Horizontal transport flux was limited for 20 links.
Dimr [2026-05-19 17:10:16.790912] #6 >> kernel: Horizontal transport flux was limited for 20 links.
** WARNING: Horizontal transport flux was limited for 20 links.
Dimr [2026-05-19 17:10:16.838388] #6 >> kernel: Horizontal transport flux was limited for 20 links.
** WARNING: Horizontal transport flux was limited for 12 links.
Dimr [2026-05-19 17:10:16.885911] #6 >> kernel: Horizontal transport flux was limited for 12 links.
** WARNING: Horizontal transport flux was limited for 20 links.
Dimr [2026-05-19 17:10:16.933473] #6 >> kernel: Horizontal transport flux was limited for 20 links.
** INFO   :           0d  1:00:00          8d 23:00:00          0d  0:00:35          0d  1:55:04       2580     0.5%     5.20984
Dimr [2026-05-19 17:10:32.473745] #6 >> TIME LOOP    774000.00000 --  16416000.00000 --  15642000.00000
Dimr [2026-05-19 17:10:32.473775] #6 >> TIME LOOP      3600.00000 --  16416000.00000 --  15642000.00000 --         0.00000 
** INFO   :           0d  1:00:00          8d 23:00:00          0d  0:00:35          0d  1:55:00       2580     0.5%     5.20984
** INFO   :           0d  1:00:00          8d 23:00:00          0d  0:00:35          0d  1:54:58       2580     0.5%     5.20984
** INFO   :           0d  1:00:00          8d 23:00:00          0d  0:00:35          0d  1:54:59       2580     0.5%     5.20984
Dimr [2026-05-19 17:10:32.475765] #7 >> TIME LOOP    774000.00000 --  16416000.00000 --  15642000.00000
Dimr [2026-05-19 17:10:32.475782] #7 >> TIME LOOP      3600.00000 --  16416000.00000 --  15642000.00000 --         0.00000 
Dimr [2026-05-19 17:10:32.475775] #2 >> TIME LOOP    774000.00000 --  16416000.00000 --  15642000.00000
Dimr [2026-05-19 17:10:32.475800] #2 >> TIME LOOP      3600.00000 --  16416000.00000 --  15642000.00000 --         0.00000 
Dimr [2026-05-19 17:10:32.475802] #5 >> TIME LOOP    774000.00000 --  16416000.00000 --  15642000.00000
Dimr [2026-05-19 17:10:32.475817] #5 >> TIME LOOP      3600.00000 --  16416000.00000 --  15642000.00000 --         0.00000 
** INFO   :           0d  1:00:00          8d 23:00:00          0d  0:00:35          0d  1:54:57       2580     0.5%     5.20984
Dimr [2026-05-19 17:10:32.475969] #4 >> TIME LOOP    774000.00000 --  16416000.00000 --  15642000.00000
Dimr [2026-05-19 17:10:32.475985] #4 >> TIME LOOP      3600.00000 --  16416000.00000 --  15642000.00000 --         0.00000 
** INFO   :           0d  1:00:00          8d 23:00:00          0d  0:00:35          0d  1:54:55       2580     0.5%     5.20984
Dimr [2026-05-19 17:10:32.476725] #1 >> TIME LOOP    774000.00000 --  16416000.00000 --  15642000.00000
Dimr [2026-05-19 17:10:32.476744] #1 >> TIME LOOP      3600.00000 --  16416000.00000 --  15642000.00000 --         0.00000 
** INFO   :           0d  1:00:00          8d 23:00:00          0d  0:00:35          0d  1:54:55       2580     0.5%     5.20984
Dimr [2026-05-19 17:10:32.476931] #3 >> TIME LOOP    774000.00000 --  16416000.00000 --  15642000.00000
Dimr [2026-05-19 17:10:32.476946] #3 >> TIME LOOP      3600.00000 --  16416000.00000 --  15642000.00000 --         0.00000 
** INFO   :           0d  1:00:00          8d 23:00:00          0d  0:00:35          0d  1:54:49       2580     0.5%     5.20984
Dimr [2026-05-19 17:10:32.477699] #0 >> TIME LOOP    774000.00000 --  16416000.00000 --  15642000.00000
Dimr [2026-05-19 17:10:32.477714] #0 >> TIME LOOP      3600.00000 --  16416000.00000 --  15642000.00000 --         0.00000 
Dimr [2026-05-19 17:10:32.477729] #0 >> Parallel Startgroup: Current time:  15642000.00000 --  15638400.00000
Dimr [2026-05-19 17:10:32.477747] #0 >> 15642000.0:    wave.Update(    3600.0)
Dimr [2026-05-19 17:10:32.477729] #1 >> Parallel Child: Current time:  15642000.00000 -- 0
Dimr [2026-05-19 17:10:32.477729] #2 >> Parallel Child: Current time:  15642000.00000 -- 0
Dimr [2026-05-19 17:10:32.477729] #3 >> Parallel Child: Current time:  15642000.00000 -- 0
Dimr [2026-05-19 17:10:32.477730] #4 >> Parallel Child: Current time:  15642000.00000 -- 0
Dimr [2026-05-19 17:10:32.477730] #5 >> Parallel Child: Current time:  15642000.00000 -- 0
Dimr [2026-05-19 17:10:32.477730] #6 >> Parallel Child: Current time:  15642000.00000 -- 0
Dimr [2026-05-19 17:10:32.477730] #7 >> Parallel Child: Current time:  15642000.00000 -- 0
*****************************************************************
*  Start of Delft3D-WAVE ...
  Start loop over SWAN grids, time =      260700.000 minutes since 20250101.000000
  Allocate input fields
  Allocate and read SWAN depth
  Get flow fields, domain 1 :
  Get flow fields, domain 2 :
  Get flow fields, domain 3 :
  Get flow fields, domain 4 :
  Get flow fields, domain 5 :
  Get flow fields, domain 6 :
  Get flow fields, domain 7 :
  Get flow fields, domain 8 :
  Write SWAN depth file
  Write SWAN velocity file
  Write SWAN wind file
  Write SWAN input
<<Run SWAN...
>>...Check file swan_sh.log
*** WARNING: unable to run SWAN using "swan.sh". Trying with "swan.bat" ...
sh: swan.bat: comando non trovato
>>...End of SWAN run
*** ERROR: file 'norm_end' expected to signal a correct SWAN calculation
 ERROR: *** ERROR: file 'norm_end' expected to signal a correct SWAN calculation
 Wave exited abnormally
#### ERROR: dimr update ABORT with unknown exception
#### ERROR: dimr ABORT: dimr_exe lib_update failed
#### ERROR: dimr ABORT: Trying to finalize...
Dimr [2026-05-19 17:10:32.616104] #0 >>     wave.Finalize()
Dimr [2026-05-19 17:10:32.616103] #1 >> 15642000.0:    DFlowFM.Update(     3600.00000)
Dimr [2026-05-19 17:10:32.616103] #2 >> 15642000.0:    DFlowFM.Update(     3600.00000)
Dimr [2026-05-19 17:10:32.616103] #3 >> 15642000.0:    DFlowFM.Update(     3600.00000)
Dimr [2026-05-19 17:10:32.616104] #4 >> 15642000.0:    DFlowFM.Update(     3600.00000)
Dimr [2026-05-19 17:10:32.616106] #5 >> 15642000.0:    DFlowFM.Update(     3600.00000)
Dimr [2026-05-19 17:10:32.616104] #6 >> 15642000.0:    DFlowFM.Update(     3600.00000)
Dimr [2026-05-19 17:10:32.616104] #7 >> 15642000.0:    DFlowFM.Update(     3600.00000)
Delft3D-WAVE finished normally.
Dimr [2026-05-19 17:10:32.616642] #0 >>     DFlowFM.Finalize()
** INFO   : 
** INFO   : 
** INFO   : 
** INFO   : extra timer:Flow geometry                                        0.0744898319
** INFO   : extra timer:Flow init                                            1.4266560078
** INFO   : extra timer:Flow allocate arrays                                 0.0165820122
** INFO   : extra timer:Sethuau                                              0.3958330154
** INFO   : extra timer:setdt                                                0.5120670795
** INFO   : extra timer:Compute advection term                               2.9806327820
** INFO   : extra timer:u0u1                                                 0.0948164463
** INFO   : extra timer:Setumod                                              3.9458174706
** INFO   : extra timer:Set bedlevel from ext-file                           0.0103600025
** INFO   : extra timer:Init iniFieldFile                                    0.3358449936
** INFO   : extra timer:step_reduce                                         26.1287057400
** INFO   : extra timer:Transport                                           12.5826878548
** INFO   : extra timer:Output                                               0.0825071335
** INFO   : extra timer:unc_write_map_filepointer_ugrid                      0.0548152924
** INFO   : extra timer:unc_write_map_filepointer_ugrid TIME wri             0.0187828541
** INFO   : extra timer:unc_write_map_filepointer_ugrid vars                 0.0317680836
** INFO   : extra timer:call wrirst                                          0.0149905682
** INFO   : extra timer:call wrimap                                          0.0549924374
** INFO   : extra timer:call flow_externaloutput                             0.0742578506
** INFO   : Simulation did not reach stop time
** INFO   : 
** INFO   : 
** INFO   : 
** INFO   : nr of timesteps        ( )  :           690.0000000000
** INFO   : average timestep       (s)  :             5.2098408104
** INFO   : nr of setbacks         ( )  :           111.0000000000
** INFO   : 
** INFO   : 
** INFO   : simulation period      (d)  :             0.0416666667
** INFO   : total computation time (d)  :             0.0006426835
** INFO   : time modelinit         (d)  :             0.0000198006
** INFO   : time steps (+ plots)   (d)  :             0.0006228828
** INFO   : 
** INFO   : simulation period      (h)  :             1.0000000000
** INFO   : total computation time (h)  :             0.0154244033
** INFO   : time modelinit         (h)  :             0.0004752152
** INFO   : time steps (+ plots)   (h)  :             0.0149491880
** INFO   : 
** INFO   : simulation period      (s)  :          3600.0000000000
** INFO   : total computation time (s)  :            55.5278518200
** INFO   : time modelinit         (s)  :             1.7107748985
** INFO   : time steps (+ plots)   (s)  :            53.8170769215
** INFO   : 
** INFO   : 
** INFO   : time iniexternalforc.  (s)  :             0.8658220768
** INFO   : 
** INFO   : time inistep           (s)  :             8.4950563908
** INFO   : time setumod           (s)  :             3.9436533451
** INFO   : time furu              (s)  :             8.2653808594
** INFO   : time solve             (s)  :             3.5431354046
** INFO   : time gausselimination  (s)  :             0.3220000000
** INFO   : time gausssubstitution (s)  :             0.1620000000
** INFO   : time totalsolve        (s)  :             3.5220000000
** INFO   : time setexternalforc.  (s)  :             0.6927344799
** INFO   : time setext.forc.fetch (s)  :             0.0000000000
** INFO   : time setexternalfbnd.  (s)  :             0.0023207664
** INFO   : time steps             (s)  :            34.7141494751
** INFO   : fraction solve/steps   ( )  :             0.1020660295
** INFO   : total/(dnt*ndx)        (s)  :             0.0000216389
** INFO   : av nr of cont. it s1it ( )  :             0.0043415340
** INFO   : time transport         (s)  :            12.5810000001
** INFO   : time debug             (s)  :             0.7489999999
** INFO   : 
** INFO   : Viscosity coefficient/Horizontal transport flux were limited on some links in the course of computation.
** INFO   : 
** INFO   : 
** INFO   : 
** INFO   : Computation started  at: 17:09:38, 19-05-2026
** INFO   : Computation finished at: 17:10:32, 19-05-2026
** INFO   : 
** INFO   : simulation period      (h)  :             1.0000000000
** INFO   : total time in timeloop (h)  :             0.0149491880
** INFO   : MPI    : yes.         #processes   : 8, my_rank: 0
** INFO   : OpenMP : unavailable.
** INFO   : 
** INFO   : 
** INFO   : 
** INFO   : 
Dimr [2026-05-19 17:10:32.619330] #0 >> TIMER INFO:

Dimr [2026-05-19 17:10:32.619367] #0 >> DFlowFM	: 36.913078 sec
Dimr [2026-05-19 17:10:32.619381] #0 >> wave	: 18.497417 sec
Dimr [2026-05-19 17:10:32.619391] #0 >> DIMR_LIB	: 56.68962 sec
#### ERROR: dimr ABORT: See messages above
Abort(1) on node 0 (rank 0 in comm 0): application called MPI_Abort(MPI_COMM_WORLD, 1) - process 0
