Data Date;Sea Surfac;x_coord;y_coord;source;deploy;Distance [m];Time step [min];Velocity [m/s];deltaX;deltaY;quadrante;Direction [º];Direction N [º];x_comparison;y_comparison;
07/08/2025 06:50;29,17;276140,438;4193908,202;3680cnr;altri;;;;-440,733;1436,896;4;;#VALOR!;;;
07/08/2025 06:55;29,08;276157,393;4193981,038;3680cnr;altri;74,78338666;5;0,249277956;16,955;72,836;1;13,10412797;13,10412797;;;
07/08/2025 06:58;29,55;276178,08;4194029,34;3500cnr;altri;;;;-256,163;1488,51;4;;#VALOR!;;;
07/08/2025 07:00;30,32;276182,023;4194044,781;3680cnr;altri;68,33598575;5;0,227786619;24,63;63,743;1;21,12630112;21,12630112;;;
07/08/2025 07:00;29,57;276182,174;4194050,33;0530cnr;altri;;;;-413,684;1589,419;4;;#VALOR!;;;
07/08/2025 07:04;30,8;276253,086;4194293,837;3500cnr;altri;274,9264684;5;0,916421561;75,006;264,497;1;15,83226393;15,83226393;;;
07/08/2025 07:05;29,97;276289,08;4194516,084;0530cnr;altri;477,8657566;5;1,592885855;106,906;465,754;1;12,92735931;12,92735931;;;
07/08/2025 07:05;30,65;276291,147;4194462,72;3680cnr;altri;431,9502924;5;1,439834308;109,124;417,939;1;14,6332513;14,6332513;;;
07/08/2025 07:09;31,1;276150,645;4194830,827;3500cnr;altri;546,67396;5;1,822246533;-102,441;536,99;4;-10,80048171;259,1995183;;;
07/08/2025 07:10;30,91;276118,154;4194898,349;3680cnr;altri;468,7208164;5;1,562402721;-172,993;435,629;4;-21,65856365;248,3414363;;;
07/08/2025 07:11;30,35;276119,974;4194900,521;0530cnr;altri;419,9864834;5;1,399954945;-169,106;384,437;4;-23,74371551;246,2562845;;;
07/08/2025 07:14;30,16;276128,345;4194916,951;3500cnr;1;;;;;;1;;;;;
07/08/2025 07:15;30,15;276135,474;4194920,089;3680cnr;1;;;;;;1;;;;;
07/08/2025 07:16;30,2;276135,504;4194921,198;0530cnr;1;;0;;;;;;;;;
07/08/2025 07:19;30,15;276145,514;4194933,142;3500cnr;1;23,59921698;5;0,078664057;17,169;16,191;1;46,67923343;46,67923343;;;
07/08/2025 07:20;30,16;276149,093;4194935,265;3680cnr;1;20,39088367;5;0,067969612;13,619;15,176;1;41,90492314;41,90492314;;;
08/07/2025 07:21:20;30,2;276151,671;4194932,974;0530cnr;1;20,00115159;5;0,066670505;16,167;11,776;1;53,93050434;53,93050434;check;check;g
08/07/2025 07:21:21;30,23;276151,671;4194932,974;0530cnr;1;0;0;;;;1;;;check;check;g
07/08/2025 07:24;30,17;276160,923;4194949,38;3500cnr;1;22,38548469;5;0,074618282;15,409;16,238;1;43,49946783;43,49946783;;;
07/08/2025 07:26;30,18;276165,412;4194952,59;3680cnr;1;23,80053331;5;0,079335111;16,319;17,325;1;43,2872909;43,2872909;;;
07/08/2025 07:29;30,2;276179,091;4194969,986;3500cnr;1;27,47150269;5;0,091571676;18,168;20,606;1;41,40213907;41,40213907;;;
07/08/2025 07:31;30,21;276184,43;4194972,061;3680cnr;1;27,21771785;5;0,090725726;19,018;19,471;1;44,32568293;44,32568293;;;
07/08/2025 07:31;30,28;276186,189;4194972,013;0530cnr;1;52,11080353;10;0,086851339;34,518;39,039;1;41,48288026;41,48288026;;;
07/08/2025 07:34;30,21;276197,958;4194983,909;3500cnr;1;23,44810479;5;0,078160349;18,867;13,923;1;53,57433771;53,57433771;;;
07/08/2025 07:36;30,22;276199,809;4194987,19;3680cnr;1;21,57313797;5;0,07191046;15,379;15,129;1;45,46950388;45,46950388;;;
07/08/2025 07:36;30,26;276201,659;4194990,471;0530cnr;1;24,08357664;5;0,080278589;15,47;18,458;1;39,96701185;39,96701185;;;
07/08/2025 07:39;30,31;276211,729;4195004,634;3500cnr;1;24,88304776;5;0,082943493;13,771;20,725;1;33,60257557;33,60257557;;;
07/08/2025 07:41;30,36;276217,796;4195001,137;0530cnr;1;19,34337936;5;0,064477931;16,137;10,666;1;56,53667283;56,53667283;;;
07/08/2025 07:41;30,31;276217,887;4195004,466;3680cnr;1;25,0054846;5;0,083351615;18,078;17,276;1;46,29952298;46,29952298;;;
07/08/2025 07:45;30,27;276231,687;4195026,302;3500cnr;1;29,45885246;5;0,098196175;19,958;21,668;1;42,64760667;42,64760667;;;
07/08/2025 07:46;30,2;276236,874;4195022,829;3680cnr;1;26,41412384;5;0,088047079;18,987;18,363;1;45,95714165;45,95714165;;;
07/08/2025 07:46;30,73;276297,625;4194215,991;1520;2;;;;;;1;;;;;
07/08/2025 07:47;30,25;276236,935;4195025,048;0530cnr;1;30,62739365;5;0,102091312;19,139;23,911;1;38,67470841;38,67470841;;;
07/08/2025 07:47;30,7;276297,716;4194219,321;7510;2;;;;;;1;;;;;
07/08/2025 07:48;30,86;275740,884;4196586,773;7520;3;;;;;;1;;;;;
07/08/2025 07:48;30,81;275745,19;4196583,323;2520;3;;;;;;1;;;;;
07/08/2025 07:48;30,84;275747,041;4196586,605;930;3;;;;;;1;;;;;
07/08/2025 07:50;39,45;275794,446;4196743,014;6250;altri;;;;-688,05;4273,465;4;;#VALOR!;;;
07/08/2025 07:50;30,25;276252,434;4195044,616;3500cnr;1;27,67382527;5;0,092246084;20,747;18,314;1;48,56418865;48,56418865;;;
07/08/2025 07:50;30,77;276311,215;4194230,059;540;2;;;;;;1;;;;;
07/08/2025 07:51;30,31;276262,02;4195041,023;3680cnr;1;31,03776654;5;0,103459222;25,146;18,194;1;54,11296203;54,11296203;;;
07/08/2025 07:51;30,8;276317,585;4194237,659;1520;2;29,46020747;5;0,098200692;19,96;21,668;1;42,65046768;42,65046768;;;
07/08/2025 07:52;30,34;276258,441;4195038,899;0530cnr;1;25,58042683;5;0,085268089;21,506;13,851;1;57,21632554;57,21632554;;;
07/08/2025 07:52;30,77;276319,435;4194240,94;7510;2;30,64467526;5;0,102148918;21,719;21,619;1;45,13220656;45,13220656;;;
07/08/2025 07:53;30,87;275749,741;4196620,959;7520;3;35,31471428;5;0,117715714;8,857;34,186;1;14,52497385;14,52497385;;;
07/08/2025 07:53;30,85;275753,35;4196624,192;930;3;38,1128069;5;0,12704269;6,309;37,587;1;9,528309787;9,528309787;;;
07/08/2025 07:53;30,83;275754,866;4196615,266;2520;3;33,3763423;5;0,111254474;9,676;31,943;1;16,85232508;16,85232508;;;
07/08/2025 07:55;39,84;275830,324;4196799,784;6250;altri;67,15700845;5;0,223856695;35,878;56,77;1;32,29242493;32,29242493;;;
07/08/2025 07:55;30,33;276275,911;4195066,188;3500cnr;1;31,88292196;5;0,106276407;23,477;21,572;1;47,42144042;47,42144042;;;
07/08/2025 07:55;30,82;276331,235;4194253,946;540;2;31,16711679;5;0,103890389;20,02;23,887;1;39,96680346;39,96680346;;;
07/08/2025 07:56;30,33;276285,497;4195062,594;3680cnr;1;31,88224537;5;0,106274151;23,477;21,571;1;47,42276372;47,42276372;;;
07/08/2025 07:56;30,82;276336,786;4194263,79;1520;2;32,42695733;5;0,108089858;19,201;26,131;1;36,30836207;36,30836207;;;
07/08/2025 07:57;30,39;276283,828;4195065,972;0530cnr;1;37,11397443;5;0,123713248;25,387;27,073;1;43,15921759;43,15921759;;;
07/08/2025 07:57;30,76;276341,215;4194264,78;7510;2;32,29108236;5;0,107636941;21,78;23,84;1;42,41452911;42,41452911;;;
07/08/2025 07:58;30,84;275767,119;4196644,917;2520;3;32,08298318;5;0,106943277;12,253;29,651;1;22,45240581;22,45240581;;;
07/08/2025 07:58;30,86;275767,453;4196657,125;930;3;35,82564861;5;0,119418829;14,103;32,933;1;23,18221069;23,18221069;;;
07/08/2025 07:59;30,84;275762,085;4196653,94;7520;3;35,21534746;5;0,117384492;12,344;32,981;1;20,5196736;20,5196736;;;
07/08/2025 08:00;30,34;276299,448;4195089,979;3500cnr;1;33,46643169;5;0,111554772;23,537;23,791;1;44,69250785;44,69250785;;;
07/08/2025 08:00;30,77;276350,466;4194281,186;540;2;33,34439925;5;0,111147997;19,231;27,24;1;35,22147406;35,22147406;;;
07/08/2025 08:01;40,42;275869,69;4196855,348;6250;altri;68,09581523;5;0,226986051;39,366;55,564;1;35,31682069;35,31682069;;;
07/08/2025 08:02;30,39;276302,816;4195084,334;0530cnr;1;26,4141475;5;0,088047158;18,988;18,362;1;45,96020884;45,96020884;;;
07/08/2025 08:02;30,34;276308,185;4195087,519;3680cnr;1;33,70461347;5;0,112348712;22,688;24,925;1;42,31005239;42,31005239;;;
07/08/2025 08:02;30,84;276355,077;4194288,835;1520;2;31,01310539;5;0,103377018;18,291;25,045;1;36,14160539;36,14160539;;;
07/08/2025 08:02;30,84;276356,897;4194291,006;7510;2;30,55696647;5;0,101856555;15,682;26,226;1;30,87757625;30,87757625;;;
07/08/2025 08:03;30,9;275777,917;4196685,714;2520;3;42,20180106;5;0,14067267;10,798;40,797;1;14,8248973;14,8248973;;;
07/08/2025 08:03;30,9;275779,858;4196692,325;930;3;37,32189739;5;0,124406325;12,405;35,2;1;19,41321056;19,41321056;;;
07/08/2025 08:04;30,92;275777,947;4196686,824;7520;3;36,50973158;5;0,121699105;15,862;32,884;1;25,75090649;25,75090649;;;
07/08/2025 08:05;30,4;276322,197;4195117,123;3500cnr;1;35,41629197;5;0,118054307;22,749;27,144;1;39,96589421;39,96589421;;;
07/08/2025 08:05;30,93;276367,028;4194307,389;540;2;30,99833952;5;0,103327798;16,562;26,203;1;32,29554893;32,29554893;;;
07/08/2025 08:06;38,4;275907,447;4196916,51;6250;altri;71,87754373;5;0,239591812;37,757;61,162;1;31,68818488;31,68818488;;;
07/08/2025 08:07;30,45;276328,233;4195112,516;0530cnr;1;37,95061281;5;0,126502043;25,417;28,182;1;42,04691276;42,04691276;;;
07/08/2025 08:07;30,38;276331,752;4195112,42;3680cnr;1;34,28503011;5;0,114283434;23,567;24,901;1;43,42342827;43,42342827;;;
07/08/2025 08:07;30,88;276370,789;4194316,171;1520;2;31,52972946;5;0,105099098;15,712;27,336;1;29,88913472;29,88913472;;;
07/08/2025 08:07;30,76;276370,88;4194319,501;7510;2;31,74097217;5;0,105803241;13,983;28,495;1;26,13800278;26,13800278;;;
07/08/2025 08:08;30,91;275793,961;4196725,257;930;3;35,82472935;5;0,119415765;14,103;32,932;1;23,18284028;23,18284028;;;
07/08/2025 08:09;30,94;275790,321;4196720,914;7520;3;36,26629256;5;0,120887642;12,374;34,09;1;19,94990222;19,94990222;;;
07/08/2025 08:09;30,9;275792,05;4196719,756;2520;3;36,85918411;5;0,122863947;14,133;34,042;1;22,54644703;22,54644703;;;
07/08/2025 08:10;30,42;276342,306;4195144,34;3500cnr;1;33,83987249;5;0,112799575;20,109;27,217;1;36,4584601;36,4584601;;;
07/08/2025 08:10;30,73;276378,402;4194337,065;540;2;31,78101402;5;0,105936713;11,374;29,676;1;20,97046333;20,97046333;;;
07/08/2025 08:11;34,53;275946,326;4196986,525;6250;altri;80,08543479;5;0,266951449;38,879;70,015;1;29,0432079;29,0432079;;;
07/08/2025 08:12;30,49;276351,77;4195136,307;0530cnr;1;33,46643169;5;0,111554772;23,537;23,791;1;44,69250785;44,69250785;;;
07/08/2025 08:12;30,44;276355,38;4195139,541;3680cnr;1;35,96986273;5;0,119899542;23,628;27,121;1;41,06260196;41,06260196;;;
07/08/2025 08:12;30,76;276378,644;4194345,943;1520;2;30,79079422;5;0,102635981;7,855;29,772;1;14,78002722;14,78002722;;;
07/08/2025 08:13;30,73;276378,734;4194349,273;7510;2;30,79053913;5;0,10263513;7,854;29,772;1;14,77822796;14,77822796;;;
07/08/2025 08:14;30,9;275809,549;4196748,154;2520;3;33,35657964;5;0,111188599;17,499;28,398;1;31,64159843;31,64159843;;;
07/08/2025 08:14;30,95;275809,64;4196751,483;7520;3;36,16196236;5;0,120539875;19,319;30,569;1;32,29207217;32,29207217;;;
07/08/2025 08:14;30,95;275814,281;4196760,241;930;3;40,45717064;5;0,134857235;20,32;34,984;1;30,14960304;30,14960304;;;
07/08/2025 08:15;30,49;276361,626;4195174,909;3500cnr;1;36,16249661;5;0,120541655;19,32;30,569;1;32,29341152;32,29341152;;;
07/08/2025 08:15;30,73;276390,685;4194367,827;540;2;33,12359783;5;0,110411993;12,283;30,762;1;21,76639783;21,76639783;;;
07/08/2025 08:16;32,63;275847,308;4196809,315;6250;altri;202,9974099;5;0,676658033;-99,018;-177,21;3;29,1947468;209,1947468;;;
07/08/2025 08:17;30,55;276372,577;4195156,841;0530cnr;1;29,23313882;5;0,097443796;20,807;20,534;1;45,3783537;45,3783537;;;
07/08/2025 08:17;30,49;276372,91;4195169,049;3680cnr;1;34,32233914;5;0,114407797;17,53;29,508;1;30,71353821;30,71353821;;;
07/08/2025 08:17;30,75;276392,717;4194377,767;1520;2;34,79678584;5;0,115989286;14,073;31,824;1;23,85565762;23,85565762;;;
07/08/2025 08:18;30,71;276391,078;4194382,254;7510;2;35,21534746;5;0,117384492;12,344;32,981;1;20,5196736;20,5196736;;;
07/08/2025 08:19;30,91;275825,502;4196784,367;2520;3;39,57119632;5;0,131903988;15,953;36,213;1;23,77504627;23,77504627;;;
07/08/2025 08:19;30,95;275828,171;4196785,405;7520;3;38,65359033;5;0,128845301;18,531;33,922;1;28,64701422;28,64701422;;;
07/08/2025 08:19;30,95;275830,203;4196795,345;930;3;38,546088;5;0,12848696;15,922;35,104;1;24,39745427;24,39745427;;;
07/08/2025 08:20;30,56;276388,772;4195201,934;3500cnr;1;38,304777;5;0,12768259;27,146;27,025;1;45,12797951;45,12797951;;;
07/08/2025 08:21;35;275877,848;4196896,217;6250;altri;92,11215557;5;0,307040519;30,54;86,902;1;19,36302284;19,36302284;;;
07/08/2025 08:21;30,7;276401,149;4194396,417;540;2;30,44475975;5;0,101482532;10,464;28,59;1;20,10273182;20,10273182;;;
07/08/2025 08:22;30,57;276398,357;4195198,341;3680cnr;1;38,80168905;5;0,129338963;25,447;29,292;1;40,9820052;40,9820052;;;
07/08/2025 08:22;30,7;276404,94;4194406,309;1520;2;31,04911421;5;0,103497047;12,223;28,542;1;23,1828408;23,1828408;;;
07/08/2025 08:23;30,63;276394,536;4195187,339;0530cnr;1;37,58092182;5;0,125269739;21,959;30,498;1;35,75443165;35,75443165;;;
07/08/2025 08:23;30,71;276405,091;4194411,858;7510;2;32,75303017;5;0,109176767;14,013;29,604;1;25,33044981;25,33044981;;;
07/08/2025 08:24;30,99;275844,093;4196820,509;7520;3;38,546088;5;0,12848696;15,922;35,104;1;24,39745427;24,39745427;;;
07/08/2025 08:24;30,95;275845,761;4196817,131;2520;3;38,52151058;5;0,128405035;20,259;32,764;1;31,72979069;31,72979069;;;
07/08/2025 08:24;30,97;275854,01;4196829,122;930;3;41,32383063;5;0,137746102;23,807;33,777;1;35,17728104;35,17728104;;;
07/08/2025 08:26;35,63;275927,524;4196974,823;6250;altri;92,98714004;5;0,309957133;49,676;78,606;1;32,29132807;32,29132807;;;
07/08/2025 08:26;30,73;276415,888;4195227,849;3500cnr;1;37,50819485;5;0,125027316;27,116;25,915;1;46,29736325;46,29736325;;;
07/08/2025 08:26;30,71;276418,62;4194423,706;540;2;32,40255178;5;0,108008506;17,471;27,289;1;32,62823872;32,62823872;;;
07/08/2025 08:27;30,74;276423,683;4195223,194;3680cnr;1;35,4834875;5;0,118278292;25,326;24,853;1;45,54006858;45,54006858;;;
07/08/2025 08:27;30,7;276425,02;4194432,416;1520;2;32,93602661;5;0,109786755;20,08;26,107;1;37,56541006;37,56541006;;;
07/08/2025 08:28;30,78;276423,562;4195218,755;0530cnr;1;42,77234775;5;0,142574492;29,026;31,416;1;42,73558768;42,73558768;;;
07/08/2025 08:28;30,67;276425,081;4194434,636;7510;2;30,30573187;5;0,101019106;19,99;22,778;1;41,27022702;41,27022702;;;
07/08/2025 08:29;30,98;275863,382;4196849,968;2520;3;37,26618051;5;0,124220602;17,621;32,837;1;28,21890887;28,21890887;;;
07/08/2025 08:29;31;275865,383;4196858,798;7520;3;43,80994888;5;0,146033163;21,29;38,289;1;29,0755636;29,0755636;;;
07/08/2025 08:29;30,98;275871,752;4196866,398;930;3;41,28291099;5;0,137609703;17,742;37,276;1;25,45272386;25,45272386;;;
07/08/2025 08:31;34,5;275785,382;4196894,303;6250;altri;163,3640675;5;0,544546892;-142,142;-80,52;3;60,46949715;240,4694972;;;
07/08/2025 08:31;30,67;276432,633;4194453,31;540;2;32,75303016;5;0,109176767;14,013;29,604;1;25,33044981;25,33044981;;;
07/08/2025 08:31;30,68;276441,304;4195256,032;3500cnr;1;37,9506857;5;0,126502286;25,416;28,183;1;42,0447805;42,0447805;;;
07/08/2025 08:32;30,67;276438,851;4194455,362;1520;2;26,79207862;5;0,089306929;13,831;22,946;1;31,08001814;31,08001814;;;v
07/08/2025 08:32;30,71;276450,799;4195249,11;3680cnr;1;37,50888577;5;0,125029619;27,116;25,916;1;46,29625895;46,29625895;;;
07/08/2025 08:33;30,65;276435,514;4194462,116;7510;2;29,393841;5;0,09797947;10,433;27,48;1;20,78966307;20,78966307;;;
07/08/2025 08:33;30,77;276447,129;4195243,657;0530cnr;1;34,28575642;5;0,114285855;23,567;24,902;1;43,42227957;43,42227957;;;
07/08/2025 08:34;30,96;275893,921;4196904,663;930;3;44,22301195;5;0,14741004;22,169;38,265;1;30,0860508;30,0860508;;;
07/08/2025 08:35;30,98;275883,61;4196881,622;2520;3;37,56524591;5;0,125217486;20,228;31,654;1;32,57998384;32,57998384;;;
07/08/2025 08:35;30,98;275885,672;4196892,672;7520;3;39,48533142;5;0,131617771;20,289;33,874;1;30,91970909;30,91970909;;;
07/08/2025 08:36;34,03;275852,92;4196950,208;6250;altri;87,67411516;5;0,292247051;67,538;55,905;1;50,38353066;50,38353066;;;
07/08/2025 08:36;30,66;276444,674;4194475,194;540;2;24,97789297;5;0,083259643;12,041;21,884;1;28,82044134;28,82044134;;;
07/08/2025 08:36;30,69;276471,058;4195281,875;3500cnr;1;39,41016576;5;0,131367219;29,754;25,843;1;49,0238729;49,0238729;;;
07/08/2025 08:37;30,71;276477,854;4195272,805;3680cnr;1;35,96423293;5;0,119880776;27,055;23,695;1;48,78784771;48,78784771;;;
07/08/2025 08:38;30,67;276444,855;4194481,852;1520;2;27,1618872;5;0,090539624;6,004;26,49;1;12,77041967;12,77041967;;;
07/08/2025 08:38;30,65;276449,314;4194483,952;7510;2;25,83120005;5;0,086104;13,8;21,836;1;32,2922265;32,2922265;;;
07/08/2025 08:38;30,77;276472,273;4195261,851;0530cnr;1;31,03614622;5;0,103453821;25,144;18,194;1;54,1107977;54,1107977;;;
07/08/2025 08:39;30,98;275908,054;4196938,705;930;3;36,85918411;5;0,122863947;14,133;34,042;1;22,54644703;22,54644703;;;
07/08/2025 08:40;30,96;275902,989;4196914,41;2520;3;38,08672452;5;0,126955748;19,379;32,788;1;30,58476063;30,58476063;;;
07/08/2025 08:40;30,98;275907,69;4196925,388;7520;3;39,43512368;5;0,131450412;22,018;32,716;1;33,9407128;33,9407128;;;
07/08/2025 08:41;30,68;276451,346;4194493,892;540;2;19,85272747;5;0,066175758;6,672;18,698;1;19,6379049;19,6379049;;;
07/08/2025 08:41;30,73;276499,842;4195304,413;3500cnr;1;36,55790065;5;0,121859669;28,784;22,538;1;51,93889802;51,93889802;;;
07/08/2025 08:42;33,37;275909,904;4197006,401;6250;altri;80,03017871;5;0,266767262;56,984;56,193;1;45,40043669;45,40043669;;;
07/08/2025 08:43;30,69;276451,528;4194500,55;7510;2;16,7450112;5;0,055816704;2,214;16,598;1;7,597808906;7,597808906;;;
07/08/2025 08:43;30,71;276455,016;4194499,345;1520;2;20,2299523;5;0,067433174;10,161;17,493;1;30,1506296;30,1506296;;;
07/08/2025 08:43;30,72;276509,216;4195293,052;3680cnr;1;37,32982793;5;0,12443276;31,362;20,247;1;57,15410924;57,15410924;;;
07/08/2025 08:44;31,02;275929,101;4196968,116;930;3;36,16604941;5;0,120553498;21,047;29,411;1;35,58813885;35,58813885;;;
07/08/2025 08:44;30,77;276502,877;4195286,561;0530cnr;1;39,33432237;5;0,131114408;30,604;24,71;1;51,08221916;51,08221916;;;
07/08/2025 08:45;31,01;275926,553;4196939,31;2520;3;34,2822417;5;0,114274139;23,564;24,9;1;43,42093554;43,42093554;;;
07/08/2025 08:45;31,05;275928,706;4196953,689;7520;3;35,25079938;5;0,117502665;21,016;28,301;1;36,59715864;36,59715864;;;
07/08/2025 08:46;30,69;276458,868;4194511,456;540;2;19,10692492;5;0,06368975;7,522;17,564;1;23,18362811;23,18362811;;;
07/08/2025 08:46;30,8;276528,686;4195329,171;3500cnr;1;38,01229933;5;0,126707664;28,844;24,758;1;49,35914097;49,35914097;;;
07/08/2025 08:47;34,89;275990,572;4197059,726;6250;altri;96,69995785;5;0,322333193;80,668;53,325;1;56,5335902;56,5335902;;;
07/08/2025 08:48;30,73;276463,418;4194516,885;1520;2;19,44852704;5;0,064828423;8,402;17,54;1;25,59532423;25,59532423;;;
07/08/2025 08:48;30,7;276463,478;4194519,105;7510;2;22,07012744;5;0,073567091;11,95;18,555;1;32,78280116;32,78280116;;;
07/08/2025 08:48;30,79;276536,18;4195313,418;3680cnr;1;33,79099365;5;0,112636646;26,964;20,366;1;52,93612612;52,93612612;;;
07/08/2025 08:49;30,85;276527,991;4195303,646;0530cnr;1;30,37449952;5;0,101248332;25,114;17,085;1;55,77263025;55,77263025;;;
07/08/2025 08:50;31,02;275955,333;4196961,846;2520;3;36,55351824;5;0,121845061;28,78;22,536;1;51,93750096;51,93750096;;;
07/08/2025 08:50;31,05;275955,758;4196977,383;7520;3;35,96131727;5;0,119871058;27,052;23,694;1;48,78589712;48,78589712;;;
07/08/2025 08:50;31,05;275956,061;4196988,48;930;3;33,7865964;5;0,112621988;26,96;20,364;1;52,93474422;52,93474422;;;
07/08/2025 08:51;30,74;276472,547;4194528,853;540;2;22,13076253;5;0,073769208;13,679;17,397;1;38,17743869;38,17743869;;;
07/08/2025 08:51;30,91;276557,5;4195352,819;3500cnr;1;37,27565559;5;0,124252185;28,814;23,648;1;50,62385778;50,62385778;;;
07/08/2025 08:52;33,51;276019,655;4197093,36;6250;altri;44,46421983;5;0,148214066;29,083;33,634;1;40,84966015;40,84966015;;;
07/08/2025 08:53;30,79;276474,367;4194531,025;1520;2;17,88351758;5;0,059611725;10,949;14,14;1;37,75162691;37,75162691;;;
07/08/2025 08:53;30,87;276566,692;4195334,799;3680cnr;1;37,25760734;5;0,124192024;30,512;21,381;1;54,97950747;54,97950747;;;
07/08/2025 08:54;30,75;276478,796;4194532,015;7510;2;20,03270386;5;0,06677568;15,318;12,91;1;49,87583341;49,87583341;;;
07/08/2025 08:54;30,95;276556,774;4195326,185;0530cnr;1;36,55772983;5;0,121859099;28,783;22,539;1;51,93669781;51,93669781;;;
07/08/2025 08:55;31,09;275980,989;4196998,905;7520;3;33,16323032;5;0,110544101;25,231;21,522;1;49,5358781;49,5358781;;;
07/08/2025 08:55;31,04;275982,354;4196984,43;2520;3;35,21606873;5;0,117386896;27,021;22,584;1;50,1113119;50,1113119;;;
07/08/2025 08:55;31,05;275983,021;4197008,845;930;3;33,78719913;5;0,112623997;26,96;20,365;1;52,93339107;52,93339107;;;
07/08/2025 08:56;31;276584,645;4195379,844;3500cnr;1;38,30406832;5;0,127680228;27,145;27,025;1;45,12692417;45,12692417;;;
07/08/2025 08:57;31,16;275902,988;4196849,995;6250;altri;269,8846274;5;0,899615425;-116,667;-243,365;3;25,61264169;205,6126417;;;
07/08/2025 08:57;30,8;276486,136;4194542,921;540;2;19,55938509;5;0,06519795;13,589;14,068;1;44,00777616;44,00777616;;;
07/08/2025 08:58;30,85;276490,595;4194545,02;1520;2;21,42913925;5;0,071430464;16,228;13,995;1;49,22557093;49,22557093;;;
07/08/2025 08:58;31,07;276595,506;4195358,447;3680cnr;1;37,27565559;5;0,124252185;28,814;23,648;1;50,62385778;50,62385778;;;
07/08/2025 08:59;30,83;276494,114;4194544,924;7510;2;20,03205943;5;0,066773531;15,318;12,909;1;49,87802046;49,87802046;;;
07/08/2025 08:59;31,15;276590,016;4195350,823;0530cnr;1;41,37706621;5;0,137923554;33,242;24,638;1;53,45523708;53,45523708;;;
07/08/2025 09:00;31,12;276008,01;4197021,489;7520;3;35,21606873;5;0,117386896;27,021;22,584;1;50,1113119;50,1113119;;;
07/08/2025 09:00;31,09;276011,194;4197009,186;2520;3;38,00796148;5;0,126693205;28,84;24,756;1;49,35750137;49,35750137;;;
07/08/2025 09:00;31,05;276011,861;4197033,601;930;3;38,00796148;5;0,126693205;28,84;24,756;1;49,35750137;49,35750137;;;
07/08/2025 09:01;30,98;276615,157;4195401,225;3500cnr;1;37,25760734;5;0,124192024;30,512;21,381;1;54,97950747;54,97950747;;;
07/08/2025 09:02;33,13;275986,205;4196899,919;6250;altri;97,04367504;5;0,323478917;83,217;49,924;1;59,03938237;59,03938237;;;
07/08/2025 09:02;30,93;276507,552;4194553,443;540;2;23,86121414;5;0,07953738;21,416;10,522;1;63,83442561;63,83442561;;;
07/08/2025 09:03;30,97;276517,32;4194556,509;1520;2;29,08990798;5;0,09696636;26,725;11,489;1;66,7372711;66,7372711;;;
07/08/2025 09:03;31;276627,626;4195374,231;3680cnr;1;35,78867217;5;0,119295574;32,12;15,784;1;63,83016487;63,83016487;;;
07/08/2025 09:04;30,95;276520,839;4194556,413;7510;2;29,08990798;5;0,09696636;26,725;11,489;1;66,7372711;66,7372711;;;
07/08/2025 09:04;31,08;276623,986;4195369,888;0530cnr;1;38,95426966;5;0,129847566;33,97;19,065;1;60,69753075;60,69753075;;;
07/08/2025 09:05;31,09;276036,729;4197041,806;7520;3;35,1789916;5;0,117263305;28,719;20,317;1;54,72284356;54,72284356;;;
07/08/2025 09:05;31,05;276040,884;4197032,808;2520;3;37,94067717;5;0,126468924;29,69;23,622;1;51,49349081;51,49349081;;;
07/08/2025 09:05;31,05;276045,008;4197054,907;930;3;39,40392423;5;0,131346414;33,147;21,306;1;57,26818101;57,26818101;;;
07/08/2025 09:07;35,54;276051,529;4196939,227;6250;altri;76,23872927;5;0,254129098;65,324;39,308;1;58,9630359;58,9630359;;;
07/08/2025 09:07;31;276534,276;4194564,932;540;2;29,08898927;5;0,096963298;26,724;11,489;1;66,73649318;66,73649318;;;
07/08/2025 09:07;31,12;276650,006;4195420,267;3500cnr;1;39,71209595;5;0,132373653;34,849;19,042;1;61,34716649;61,34716649;;;
07/08/2025 09:08;31,05;276539,615;4194567,007;1520;2;24,6429509;5;0,08214317;22,295;10,498;1;64,78575893;64,78575893;;;
07/08/2025 09:08;31,2;276662,415;4195391,053;3680cnr;1;38,64264749;5;0,128808825;34,789;16,822;1;64,19420608;64,19420608;;;
07/08/2025 09:09;31;276542,315;4194569,155;7510;2;24,97152659;5;0,083238422;21,476;12,742;1;59,31877328;59,31877328;;;
07/08/2025 09:09;31,28;276655,197;4195384,586;0530cnr;1;34,49866266;5;0,114995542;31,211;14,698;1;64,78314185;64,78314185;;;
07/08/2025 09:10;31,02;276075,485;4197075,176;930;3;36,60163781;5;0,122005459;30,477;20,269;1;56,3737541;56,3737541;;;
07/08/2025 09:11;31,07;276066,297;4197060,989;7520;3;35,24562544;5;0,117485418;29,568;19,183;1;57,02547253;57,02547253;;;
07/08/2025 09:11;31,06;276076,668;4197054,042;2520;3;41,6098235;5;0,138699412;35,784;21,234;1;59,31537345;59,31537345;;;
07/08/2025 09:12;35,64;276136,685;4196963,555;6250;altri;88,56294891;5;0,29520983;85,156;24,328;1;74,05602595;74,05602595;;;
07/08/2025 09:12;31,08;276559,301;4194578,688;540;2;28,55657824;5;0,095188594;25,025;13,756;1;61,20283103;61,20283103;;;
07/08/2025 09:12;31,09;276684,765;4195435,979;3500cnr;1;38,14518351;5;0,127150612;34,759;15,712;1;65,67575595;65,67575595;;;
07/08/2025 09:13;31,1;276562,881;4194580,811;1520;2;27,05285885;5;0,090176196;23,266;13,804;1;59,31882994;59,31882994;;;
07/08/2025 09:13;31,26;276697,204;4195407,875;3680cnr;1;38,64264749;5;0,128808825;34,789;16,822;1;64,19420609;64,19420609;;;
07/08/2025 09:14;31,09;276564,64;4194580,763;7510;2;25,16249767;5;0,083874992;22,325;11,608;1;62,52758859;62,52758859;;;
07/08/2025 09:14;31,31;276692,655;4195402,446;0530cnr;1;41,49796819;5;0,138326561;37,458;17,86;1;64,50816192;64,50816192;;;
07/08/2025 09:15;30,99;276106,903;4197097,64;930;3;38,62281735;5;0,128742724;31,418;22,464;1;54,43507513;54,43507513;;;
07/08/2025 09:16;31,05;276098,533;4197081,21;7520;3;38,05323294;5;0,12684411;32,236;20,221;1;57,90077126;57,90077126;;;
07/08/2025 09:16;31,03;276111,543;4197074,191;2520;3;40,27713776;5;0,134257126;34,875;20,149;1;59,9828643;59,9828643;;;
07/08/2025 09:17;31,16;276576,288;4194588,22;540;2;19,47863427;5;0,064928781;16,987;9,532;1;60,70169253;60,70169253;;;
07/08/2025 09:17;31,22;276721,223;4195449,424;3500cnr;1;38,85812385;5;0,129527079;36,458;13,445;1;69,75700846;69,75700846;;;
07/08/2025 09:18;35,59;276222,66;4196985,641;6250;altri;88,76650281;5;0,295888343;85,975;22,086;1;75,59289042;75,59289042;;;
07/08/2025 09:19;31,2;276582,416;4194586,943;1520;2;20,47480523;5;0,068249351;19,535;6,132;1;72,57302436;72,57302436;;;
07/08/2025 09:19;31,19;276585,995;4194589,067;7510;2;22,91271352;5;0,076375712;21,355;8,304;1;68,75117769;68,75117769;;;
07/08/2025 09:19;31,28;276735,421;4195421,273;3680cnr;1;40,49747514;5;0,134991584;38,217;13,398;1;70,68050888;70,68050888;;;
07/08/2025 09:20;31,02;276137,441;4197120,129;930;3;37,9252497;5;0,126417499;30,538;22,489;1;53,63107526;53,63107526;;;
07/08/2025 09:20;31,37;276730,842;4195414,734;0530cnr;1;40,11535757;5;0,133717859;38,187;12,288;1;72,16260865;72,16260865;;;
07/08/2025 09:21;31,09;276127,221;4197100,417;7520;3;34,52405238;5;0,115080175;28,688;19,207;1;56,19716196;56,19716196;;;
07/08/2025 09:21;31,1;276148,025;4197088,743;2520;3;39,27718203;5;0,13092394;36,482;14,552;1;68,25385085;68,25385085;;;
07/08/2025 09:22;31,26;276601,162;4194596,428;540;2;26,19326517;5;0,087310884;24,874;8,208000001;1;71,7379825;71,7379825;;;
07/08/2025 09:22;31,2;276756,77;4195461,783;3500cnr;1;37,63421435;5;0,125447381;35,547;12,359;1;70,82843174;70,82843174;;;
07/08/2025 09:23;35,98;276312,243;4197010,961;6250;altri;93,09251468;5;0,310308382;89,583;25,32;1;74,21743124;74,21743124;;;
07/08/2025 09:24;31,3;276609,049;4194595,102;1520;2;27,85472976;5;0,092849099;26,633;8,159;1;72,96759298;72,96759298;;;
07/08/2025 09:24;31,27;276609,2;4194600,651;7510;2;25,93571054;5;0,086452368;23,205;11,584;1;63,47150336;63,47150336;;;
07/08/2025 09:24;31,29;276771,879;4195434,718;3680cnr;1;38,85812385;5;0,129527079;36,458;13,445;1;69,75700846;69,75700846;;;
07/08/2025 09:25;31,1;276169,586;4197137,021;930;3;36,31309253;5;0,121043642;32,145;16,892;1;62,27834974;62,27834974;;;
07/08/2025 09:25;31,36;276763,811;4195429,385;0530cnr;1;36,07778765;5;0,120259292;32,969;14,651;1;66,04025226;66,04025226;;;
07/08/2025 09:26;31,13;276157,516;4197114,028;7520;3;33,21214154;5;0,110707138;30,295;13,611;1;65,80647173;65,80647173;;;
07/08/2025 09:26;31,09;276180,109;4197103,415;2520;3;35,27960657;5;0,117598689;32,084;14,672;1;65,42540133;65,42540133;;;
07/08/2025 09:27;31,35;276619,938;4194607,022;540;2;21,55854847;5;0,071861828;18,776;10,594;1;60,56696437;60,56696437;;;
07/08/2025 09:27;31,45;276783,733;4195482,151;3500cnr;1;33,79140117;5;0,112638004;26,963;20,368;1;52,93239818;52,93239818;;;
07/08/2025 09:28;35,59;276331,32;4196968,238;6250;altri;46,78874499;5;0,155962483;19,077;-42,723;2;-24,06208181;155,9379182;;;
07/08/2025 09:29;31,39;276631,314;4194604,491;1520;2;24,16368238;5;0,080545608;22,265;9,389;1;67,135176;67,135176;;;
07/08/2025 09:29;31,62;276796,263;4195457,377;3680cnr;1;33,28678021;5;0,110955934;24,384;22,659;1;47,10001399;47,10001399;;;
07/08/2025 09:30;31,37;276629,676;4194608,978;7510;2;22,10442275;5;0,073681409;20,476;8,327000001;1;67,86983916;67,86983916;;;
07/08/2025 09:30;31,71;276796,142;4195452,938;0530cnr;1;40,00046712;5;0,13333489;32,331;23,553;1;53,92681654;53,92681654;;;
07/08/2025 09:31;31,05;276206,31;4197160,451;930;3;43,56164685;5;0,145205489;36,724;23,43;1;57,46202685;57,46202685;;;
07/08/2025 09:31;31,14;276220,139;4197118,982;2520;3;42,95034795;5;0,143167826;40,03;15,567;1;68,74977078;68,74977078;;;
07/08/2025 09:32;31,14;276188,903;4197135,383;7520;3;37,96287389;5;0,126542913;31,387;21,355;1;55,76952101;55,76952101;;;
07/08/2025 09:32;33,3;276809,057;4195507,005;3500cnr;1;35,48276049;5;0,118275868;25,324;24,854;1;45,53665409;45,53665409;;;v
07/08/2025 09:33;36,09;276184,234;4197093,307;6250;altri;193,0713499;5;0,643571166;-147,086;125,069;4;-49,62508485;220,3749152;;;
07/08/2025 09:33;31,45;276641,354;4194617,545;540;2;23,86165512;5;0,07953885;21,416;10,523;1;63,83227051;63,83227051;;;
07/08/2025 09:34;31,51;276657,978;4194613,761;1520;2;28,22944909;5;0,094098164;26,664;9,27;1;70,82949343;70,82949343;;;o
07/08/2025 09:34;33,19;276819,707;4195477,84;3680cnr;1;31,11841103;5;0,103728037;23,444;20,463;1;48,88405057;48,88405057;;;v
07/08/2025 09:35;31,48;276652,85;4194619,453;7510;2;25,43147461;5;0,084771582;23,174;10,475;1;65,67630896;65,67630896;;;
07/08/2025 09:35;33,39;276814,248;4195471,325;0530cnr;1;25,80521275;5;0,086017376;18,106;18,387;1;44,55882509;44,55882509;;;
07/08/2025 09:36;31,11;276242,851;4197177,223;930;3;40,20627644;5;0,134020921;36,541;16,772;1;65,34529022;65,34529022;;;
07/08/2025 09:37;31,06;276215,893;4197156,858;7520;3;34,49109631;5;0,114970321;26,99;21,475;1;51,4919597;51,4919597;;;
07/08/2025 09:37;31,06;276256,742;4197137,973;2520;3;41,23636369;5;0,137454546;36,603;18,991;1;62,57803386;62,57803386;;;
07/08/2025 09:38;38,57;276254,831;4197132,472;6250;altri;80,73310123;5;0,269110337;70,597;39,165;1;60,97986168;60,97986168;;;
07/08/2025 09:38;31,52;276660,919;4194624,787;540;2;20,86230546;5;0,069541018;19,565;7,242;1;69,68792791;69,68792791;;;
07/08/2025 09:38;34,47;276810,816;4195506,957;3500cnr;altri;944,9748812;29;0,543089012;660,171;676,13;1;44,31576802;44,31576802;;;
07/08/2025 09:39;31,57;276674,115;4194624,427;1520;2;19,34337936;5;0,064477931;16,137;10,666;1;56,53667283;56,53667283;;;
07/08/2025 09:39;33,36;276818,008;4195480,107;3680cnr;altri;910,0758166;28;0,541711796;699,854;581,758;1;50,26473555;50,26473555;;;
07/08/2025 09:40;31,56;276671,475;4194624,499;7510;2;19,29644374;5;0,064321479;18,625;5,046;1;74,84097618;74,84097618;;;
07/08/2025 09:40;33,77;276806,18;4195465,992;0530cnr;altri;889,1772187;29;0,51102139;686,206;565,471;1;50,5096247;50,5096247;;;
07/08/2025 09:41;31,19;276279,454;4197196,215;930;3;41,23682423;5;0,137456081;36,603;18,992;1;62,57680055;62,57680055;;;
07/08/2025 09:42;31,19;276252,344;4197170,301;7520;3;38,85086421;5;0,129502881;36,451;13,443;1;69,75620391;69,75620391;;;
07/08/2025 09:42;31,17;276293,193;4197151,416;2520;3;38,85086421;5;0,129502881;36,451;13,443;1;69,75620391;69,75620391;;;
07/08/2025 09:43;36,77;276225,877;4196910,032;6250;altri;224,3164901;5;0,747721634;-28,954;-222,44;3;7,416233292;187,4162333;;;
07/08/2025 09:43;31,61;276679,665;4194634,272;540;2;21,00899191;5;0,070029973;18,746;9,485;1;63,16174795;63,16174795;;;
07/08/2025 09:43;34,72;276809,057;4195507,005;3500cnr;altri;1,759654796;5;0,005865516;-1,759;0,047999999;4;-88,43688741;181,5631126;;;v
07/08/2025 09:44;31,7;276699,079;4194635,964;1520;2;27,50097571;5;0,091669919;24,964;11,537;1;65,19619365;65,19619365;;;
07/08/2025 09:44;33,77;276825,955;4195481,002;3680cnr;altri;7,997239149;5;0,026657464;7,947;0,895;1;83,57436072;83,57436072;;;
07/08/2025 09:45;31,67;276699,17;4194639,294;7510;2;31,39912499;5;0,10466375;27,695;14,795;1;61,88833445;61,88833445;;;
07/08/2025 09:45;33,59;276812,489;4195471,373;0530cnr;altri;8,292083092;5;0,027640277;6,309;5,381;1;49,53885486;49,53885486;;;
07/08/2025 09:46;31,22;276317,754;4197212,939;930;3;41,79213055;5;0,139307102;38,3;16,724;1;66,41112907;66,41112907;;;
07/08/2025 09:47;31,22;276290,675;4197188,135;7520;3;42,27667344;5;0,140922245;38,331;17,834;1;65,04917894;65,04917894;;;
07/08/2025 09:47;31,21;276336,679;4197164,667;2520;3;45,46010555;5;0,151533685;43,486;13,251;1;73,05303772;73,05303772;;;
07/08/2025 09:48;31,72;276710,058;4194651,214;540;2;34,79606031;5;0,115986868;30,393;16,942;1;60,86334995;60,86334995;;;
07/08/2025 09:48;34,83;276808,996;4195504,786;3500cnr;altri;2,219838282;5;0,007399461;-0,061;-2,219;3;1,574656402;181,5746564;;;
07/08/2025 09:49;36,94;276291,508;4196799,402;6250;altri;128,6329082;5;0,428776361;65,631;-110,63;2;-30,67844227;149,3215577;;;
07/08/2025 09:50;31,77;276721,525;4194652,012;1520;2;27,59277478;5;0,091975916;22,446;16,048;1;54,43673533;54,43673533;;;
07/08/2025 09:50;33,97;276831,232;4195480,858;3680cnr;altri;5,278964387;5;0,017596548;5,277;-0,144;2;-88,43688739;91,56311261;;;
07/08/2025 09:51;31,73;276719,856;4194655,389;7510;2;26,20991456;5;0,087366382;20,686;16,095;1;52,11485477;52,11485477;;;
07/08/2025 09:51;33,38;276809,85;4195471,445;0530cnr;altri;2,639982008;5;0,00879994;-2,639;0,072000001;4;-88,43718339;181,5628166;;;
07/08/2025 09:52;31,28;276328,945;4197203,749;7520;3;41,33267347;5;0,137775578;38,27;15,614;1;67,80474583;67,80474583;;;
07/08/2025 09:52;31,36;276357,844;4197230,726;930;3;43,8586989;5;0,146195663;40,09;17,787;1;66,07425286;66,07425286;;;
07/08/2025 09:52;31,31;276373,039;4197174,781;2520;3;37,74046364;5;0,125801545;36,36;10,114;1;74,45541026;74,45541026;;;
07/08/2025 09:53;31,76;276726,286;4194665,21;540;2;21,42979235;5;0,071432641;16,228;13,996;1;49,22354621;49,22354621;;;
07/08/2025 09:53;35,03;276807,237;4195504,834;3500cnr;altri;1,759654796;5;0,005865516;-1,759;0,047999999;4;-88,43688741;181,5631126;;;
07/08/2025 09:54;37,24;276378,181;4196814,807;6250;altri;88,03137483;5;0,293437916;86,673;15,405;1;79,9216662;79,9216662;;;
07/08/2025 09:55;31,78;276733,323;4194665,018;1520;2;17,55986446;5;0,058532882;11,798;13,006;1;42,21179415;42,21179415;;;
07/08/2025 09:55;34,3;276816,188;4195477,936;3680cnr;altri;15,32514339;5;0,051083811;-15,044;-2,922;3;79,00828452;259,0082845;;;
07/08/2025 09:56;31,76;276733,414;4194668,347;7510;2;18,75444289;5;0,06251481;13,558;12,958;1;46,29625895;46,29625895;;;
07/08/2025 09:56;33,85;276816,067;4195473,497;0530cnr;altri;6,546891858;5;0,021822973;6,217;2,052;1;71,73386886;71,73386886;;;
07/08/2025 09:57;31,38;276366,275;4197217,168;7520;3;39,668608;5;0,132228693;37,33;13,419;1;70,22803147;70,22803147;;;
07/08/2025 09:57;31,38;276396,114;4197246,34;930;3;41,33267347;5;0,137775578;38,27;15,614;1;67,80474583;67,80474583;;;
07/08/2025 09:58;31,36;276405,214;4197192,784;2520;3;36,86920984;5;0,122897366;32,175;18,003;1;60,77151214;60,77151214;;;
07/08/2025 09:58;35,16;276809,027;4195505,895;3500cnr;altri;2,080822193;5;0,006936074;1,79;1,061;1;59,34319065;59,34319065;;;
07/08/2025 09:59;38,91;276387,657;4197162,166;6250;altri;347,4882292;5;1,158294097;9,476;347,359;1;1,562648965;1,562648965;;;
07/08/2025 09:59;31,81;276733,807;4194682,774;540;2;19,10653127;5;0,063688438;7,521;17,564;1;23,18087151;23,18087151;;;
07/08/2025 10:00;31,85;276753,221;4194684,467;1520;2;27,82434195;5;0,092747807;19,898;19,449;1;45,65379034;45,65379034;;;
07/08/2025 10:00;34,3;276816,158;4195476,826;3680cnr;altri;1,110405331;5;0,003701351;-0,03;-1,109999999;3;1,548157701;181,5481577;;;
07/08/2025 10:01;31,81;276753,281;4194686,687;7510;2;27,03799713;5;0,090126657;19,867;18,34;1;47,2886936;47,2886936;;;
07/08/2025 10:01;34,12;276819,616;4195474,511;0530cnr;altri;3,691015714;5;0,012303386;3,549;1,014;1;74,05460411;74,05460411;;;
07/08/2025 10:02;31,42;276406,334;4197233,845;7520;3;43,39177122;5;0,144639237;40,059;16,677;1;67,39750378;67,39750378;;;
07/08/2025 10:02;31,38;276436,082;4197259,688;930;3;42,13798913;5;0,140459964;39,968;13,348;1;71,53237265;71,53237265;;;
07/08/2025 10:03;31,38;276439,784;4197201,836;2520;3;35,73546703;5;0,119118223;34,57;9,052;1;75,32678276;75,32678276;;;
07/08/2025 10:04;31,88;276757,072;4194696,579;540;2;27,05250913;5;0,09017503;23,265;13,805;1;59,31592776;59,31592776;;;
07/08/2025 10:04;35,34;276807,298;4195507,053;3500cnr;altri;2,080962518;5;0,006936542;-1,729;1,158000001;4;-56,18775052;213,8122495;;;
07/08/2025 10:05;41,67;276481,239;4197205,148;6250;altri;102,9807897;5;0,343269299;93,582;42,982;1;65,3307886;65,3307886;;;
07/08/2025 10:05;35,3;276816,188;4195477,936;3680cnr;altri;1,110405331;5;0,003701351;0,03;1,109999999;1;1,548157701;1,548157701;;;
07/08/2025 10:06;31,88;276775,697;4194701,625;7510;2;26,93735139;5;0,089791171;22,416;14,938;1;56,32055111;56,32055111;;;
07/08/2025 10:06;31,94;276781,673;4194694,799;1520;2;30,26989475;5;0,100899649;28,452;10,332;1;70,04212109;70,04212109;;;
07/08/2025 10:07;31,53;276474,442;4197278,633;930;3;42,78320494;5;0,142610683;38,36;18,945;1;63,71643944;63,71643944;;;
07/08/2025 10:07;34,3;276817,917;4195476,778;0530cnr;altri;2,833000176;6;0,007869445;-1,699;2,267;4;-36,84967323;233,1503268;;;
07/08/2025 10:08;31,38;276444,634;4197250,57;7520;3;41,79253073;5;0,139308436;38,3;16,725;1;66,40987267;66,40987267;;;
07/08/2025 10:08;31,38;276477,873;4197210,793;2520;3;39,12799215;5;0,130426641;38,089;8,956999999;1;76,76677473;76,76677473;;;
07/08/2025 10:09;31,96;276782,005;4194707,006;540;2;27,0254846;5;0,090084949;24,933;10,427;1;67,30528043;67,30528043;;;
07/08/2025 10:09;35,39;276807,358;4195509,273;3500cnr;altri;2,220810663;5;0,007402702;0,06;2,22;1;1,548157699;1,548157699;;;
07/08/2025 10:10;42,33;276416,586;4197190,252;6250;altri;66,34682528;5;0,221156084;-64,653;-14,896;3;77,02551363;257,0255136;;;
07/08/2025 10:11;31,95;276808,336;4194704,069;1520;2;28,22850455;5;0,094095015;26,663;9,27;1;70,82882691;70,82882691;;;
07/08/2025 10:11;31,94;276808,487;4194709,618;7510;2;33,75014295;5;0,112500476;32,79;7,993;1;76,3005614;76,3005614;;;
07/08/2025 10:11;36,06;276816,158;4195476,826;3680cnr;altri;1,110405331;5;0,003701351;-0,03;-1,109999999;3;1,548157701;181,5481577;;;
07/08/2025 10:12;31,78;276512,742;4197295,358;930;3;41,79253073;5;0,139308436;38,3;16,725;1;66,40987267;66,40987267;;;
07/08/2025 10:12;34,6;276817,947;4195477,888;0530cnr;altri;1,110405332;5;0,003701351;0,03;1,11;1;1,548157697;1,548157697;;;
07/08/2025 10:13;31,52;276482,843;4197263,966;7520;3;40,48926397;5;0,134964213;38,209;13,396;1;70,67943439;70,67943439;;;
07/08/2025 10:13;31,53;276515,931;4197218,64;2520;3;38,85854826;5;0,129528494;38,058;7,847;1;78,34971545;78,34971545;;;
07/08/2025 10:14;35,7;276803,84;4195509,368;3500cnr;altri;3,519282455;5;0,011730942;-3,518;0,095;4;-88,45316187;181,5468381;;;
07/08/2025 10:14;31,97;276808,578;4194712,947;540;2;27,22902514;5;0,090763417;26,573;5,941;1;77,39747256;77,39747256;;;
07/08/2025 10:15;42,38;276387,378;4197281,007;6250;altri;95,33927464;5;0,317797582;-29,208;90,755;4;-17,83991499;252,160085;;;
07/08/2025 10:16;35,88;276816,188;4195477,936;3680cnr;altri;1,110405331;5;0,003701351;0,03;1,109999999;1;1,548157701;1,548157701;;;
07/08/2025 10:16;31,91;276836,638;4194708,852;7510;2;28,16141966;5;0,093871399;28,151;-0,766;2;-88,44134346;91,55865654;;;
07/08/2025 10:16;31,99;276839,975;4194702,097;1520;2;31,70039598;5;0,105667987;31,639;-1,972;2;-86,43347431;93,56652569;;;
07/08/2025 10:17;31,84;276550,011;4197306,558;930;3;38,91552853;5;0,129718428;37,269;11,2;1;73,27353854;73,27353854;;;
07/08/2025 10:17;34,87;276819,707;4195477,84;0530cnr;altri;1,760654424;5;0,005868848;1,76;-0,048;2;-88,43777507;91,56222493;;;v
07/08/2025 10:18;31,75;276521,052;4197277,362;7520;altri;;;;-42,874;4727,846;4;;#VALOR!;;;
07/08/2025 10:18;31,62;276553,988;4197226,487;2520;altri;;;;74,891;4752,403;1;;;;;
07/08/2025 10:19;31,96;276842,886;4194712,013;540;2;34,32071124;5;0,114402371;34,308;-0,933999999;2;-88,44056654;91,55943346;;;
07/08/2025 10:20;40,41;276478,115;4197219,671;6250;altri;109,5230938;5;0,365076979;90,737;-61,336;2;-55,94226531;124,0577347;;;
07/08/2025 10:20;35,78;276807,358;4195509,273;3500cnr;altri;3,519282455;6;0,009775785;3,518;-0,095;2;-88,45316187;91,54683813;;;
07/08/2025 10:21;36,32;276816,218;4195479,046;3680cnr;altri;1,110405332;5;0,003701351;0,03;1,11;1;1,548157697;1,548157697;;;
07/08/2025 10:21;32,02;276868,217;4194704,661;7510;2;31,85588991;5;0,1061863;31,579;-4,191;2;-82,44018096;97,55981904;;;
07/08/2025 10:21;32,11;276872,585;4194703,432;1520;2;32,63731492;5;0,10879105;32,61;1,335;1;87,65571366;87,65571366;;;
07/08/2025 10:22;30,05;276447,945;4197146,084;930;altri;;;;-21,322;4677,285;4;;#VALOR!;;;
07/08/2025 10:23;29,39;276426,869;4197147,769;2520;altri;149,5184393;5;0,498394798;-127,119;-78,718;3;58,23228124;238,2322812;;;
07/08/2025 10:23;29,62;276431,266;4197147,649;7520;altri;157,7561034;5;0,525853678;-89,786;-129,713;3;34,69058244;214,6905824;;;
07/08/2025 10:23;34,79;276819,767;4195480,06;0530cnr;altri;2,220810663;5;0,007402702;0,06;2,22;1;1,548157699;1,548157699;;;
07/08/2025 10:24;32,03;276871,067;4194712,358;540;2;28,18311172;5;0,093943706;28,181;0,345;1;89,29860344;89,29860344;;;
07/08/2025 10:25;39,33;276356,027;4197164,139;6250;altri;134,1241319;5;0,44708044;-122,088;-55,532;3;65,54147935;245,5414793;;;
07/08/2025 10:25;36,04;276809,057;4195507,005;3500cnr;altri;2,833800452;5;0,009446002;1,699;-2,268;2;-36,83754771;143,1624523;;;
07/08/2025 10:26;36,2;276816,188;4195477,936;3680cnr;altri;1,110405332;5;0,003701351;-0,03;-1,11;3;1,548157697;181,5481577;;;
07/08/2025 10:26;32,16;276906,044;4194703,632;1520;2;33,45959774;5;0,111531992;33,459;0,2;1;89,65752056;89,65752056;;;
07/08/2025 10:27;32,1;276902,616;4194707,057;7510;2;34,48234355;5;0,114941145;34,399;2,396;1;86,01560153;86,01560153;;;
07/08/2025 10:28;29,19;276214,829;4197246,845;2520;altri;234,0449003;5;0,780149668;-212,04;99,076;4;-64,95559839;205,0444016;;;
07/08/2025 10:28;29,36;276227,717;4197235,388;7520;altri;221,6536206;5;0,738845402;-203,549;87,739;4;-66,68173091;203,3182691;;;
07/08/2025 10:28;29,27;276242,426;4197226,101;930;altri;220,5465476;5;0,735155159;-205,519;80,017;4;-68,72699028;201,2730097;;;
07/08/2025 10:28;34,54;276819,707;4195477,84;0530cnr;altri;2,220810663;5;0,007402702;-0,06;-2,22;3;1,548157699;181,5481577;;;
07/08/2025 10:30;39,77;276237,724;4197279,538;6250;altri;165,2650266;5;0,550883422;-118,303;115,399;4;-45,71192536;224,2880746;;;
07/08/2025 10:30;32,09;276902,857;4194715,935;540;2;31,99060845;5;0,106635361;31,79;3,577;1;83,5801009;83,5801009;;;
07/08/2025 10:31;36,08;276813,515;4195509,105;3500cnr;altri;4,927855923;5;0,016426186;4,458;2,100000001;1;64,77659816;64,77659816;;;
07/08/2025 10:31;36,31;276816,188;4195477,936;3680cnr;altri;0;5;0;0;0;;;;;;
07/08/2025 10:31;32,2;276938,834;4194711,625;1520;2;33,75014295;5;0,112500476;32,79;7,993;1;76,3005614;76,3005614;;;
07/08/2025 10:32;32,11;276935,346;4194712,831;7510;2;33,23540245;5;0,110784675;32,73;5,774;1;79,99521588;79,99521588;;;
07/08/2025 10:33;29,48;276098,138;4197131,198;7520;altri;166,2716853;5;0,554238951;-129,579;-104,19;3;51,19843993;231,1984399;;;
07/08/2025 10:33;29,26;276141,079;4197188,887;930;altri;107,9634022;5;0,359878007;-101,347;-37,214;3;69,83707297;249,837073;;;
07/08/2025 10:33;34,74;276819,737;4195478,95;0530cnr;altri;1,110405332;5;0,003701351;0,03;1,11;1;1,5481577;1,5481577;;;
07/08/2025 10:34;29,12;276082,369;4197101,642;2520;altri;196,544048;5;0,655146827;-132,46;-145,203;3;42,37232486;222,3723249;;;
07/08/2025 10:35;36,16;275928,949;4196962,567;6250;altri;442,5071926;5;1,475023975;-308,775;-316,971;3;44,24958472;224,2495847;;;
07/08/2025 10:35;32,16;276933,099;4194727,329;540;2;32,31720594;5;0,10772402;30,242;11,394;1;69,35555785;69,35555785;;;
07/08/2025 10:36;36,26;276810,816;4195506,957;3500cnr;altri;3,449420966;5;0,01149807;-2,699;-2,148;3;51,48546076;231,4854608;;;
07/08/2025 10:36;37,33;276817,978;4195478,998;3680cnr;altri;2,081332266;5;0,006937774;1,79;1,062;1;59,31950968;59,31950968;;;
07/08/2025 10:36;32,23;276975,053;4194716,193;1520;2;36,50592534;5;0,121686418;36,219;4,568;1;82,81171537;82,81171537;;;
07/08/2025 10:37;32,18;276973,354;4194718,461;7510;2;38,42271417;5;0,128075714;38,008;5,63;1;81,57423291;81,57423291;;;
07/08/2025 10:38;29,23;275775,339;4196720,213;930;altri;594,4922757;5;1,981640919;-365,74;-468,674;3;37,96747511;217,9674751;;;
07/08/2025 10:38;34,69;276819,707;4195477,84;0530cnr;altri;1,110405332;5;0,003701351;-0,03;-1,11;3;1,5481577;181,5481577;;;
07/08/2025 10:39;29,11;275724,963;4196616,084;2520;altri;602,9142727;5;2,009714242;-357,406;-485,558;3;36,35577094;216,3557709;;;
07/08/2025 10:39;29,53;275733,91;4196653,6;7520;altri;600,6345691;5;2,00211523;-364,228;-477,598;3;37,33003582;217,3300358;;;
07/08/2025 10:40;32,2;276965,95;4194737,542;540;2;34,40194137;5;0,114673138;32,851;10,213;1;72,73012846;72,73012846;;;
07/08/2025 10:41;35,2;275733,995;4196399,27;6250;altri;596,0793339;5;1,986931113;-194,954;-563,297;3;19,09045608;199,0904561;;;
07/08/2025 10:41;36,34;276813,515;4195509,105;3500cnr;altri;3,449420966;5;0,01149807;2,699;2,148;1;51,48546076;51,48546076;;;
07/08/2025 10:41;38,81;276816,188;4195477,936;3680cnr;altri;2,081332266;5;0,006937774;-1,79;-1,062;3;59,31950968;239,3195097;;;
07/08/2025 10:42;32,25;277007,024;4194726,43;1520;2;33,56994206;5;0,111899807;31,971;10,237;1;72,24511987;72,24511987;;;
07/08/2025 10:42;32,18;277007,084;4194728,65;7510;2;35,235332;5;0,117451107;33,73;10,189;1;73,19172996;73,19172996;;;
07/08/2025 10:43;29,15;275761,771;4196159,73;930;4;;;;;;1;;;;;
07/08/2025 10:43;34,96;276819,797;4195481,169;0530cnr;altri;3,330216359;5;0,011100721;0,09;3,329;1;1,548622525;1,548622525;;;
07/08/2025 10:44;29,76;275764,834;4196142,988;7520;4;;;;;;1;;;;;
07/08/2025 10:44;29,96;275774,297;4196134,955;2520;4;;;;;;1;;;;;
07/08/2025 10:45;32,18;276994,462;4194750,094;540;2;31,1526379;5;0,103842126;28,512;12,552;1;66,23919277;66,23919277;;;
07/08/2025 10:46;36,82;275798,5;4196118,744;6250;altri;287,8467156;5;0,959489052;64,505;-280,526;2;-12,94966464;167,0503354;;;
07/08/2025 10:46;36,29;276813,546;4195510,215;3500cnr;altri;1,110432798;5;0,003701443;0,031;1,109999999;1;1,599736571;1,599736571;;;
07/08/2025 10:47;40,01;276818,008;4195480,107;3680cnr;altri;2,83295623;5;0,009443187;1,82;2,171;1;39,97388958;39,97388958;;;
07/08/2025 10:47;32,14;277025,191;4194747,037;7510;2;25,8059144;5;0,086019715;18,107;18,387;1;44,5604071;44,5604071;;;
07/08/2025 10:47;32,25;277043,273;4194732,108;1520;2;36,69100278;5;0,122303343;36,249;5,678;1;81,09759623;81,09759623;;;
07/08/2025 10:48;32,06;275805,87;4196130,76;930;4;52,7634599;5;0,1758782;44,099;-28,97;2;-56,69784774;123,3021523;;;o
07/08/2025 10:48;35,16;276819,767;4195480,06;0530cnr;altri;1,109405697;5;0,003698019;-0,03;-1,109;3;1,549553014;181,549553;;;
07/08/2025 10:49;32,1;275805,87;4196130,76;7520;4;42,81912283;5;0,142730409;41,036;-12,228;2;-73,40687698;106,593123;;;o
07/08/2025 10:49;32,08;275807,477;4196125,163;2520;4;34,59473463;5;0,115315782;33,18;-9,792;2;-73,55774554;106,4422545;;;
07/08/2025 10:50;32,22;277032,591;4194760,163;540;2;39,43609263;5;0,131453642;38,129;10,069;1;75,20718681;75,20718681;;;
07/08/2025 10:51;37,27;275887,79;4196068,548;6250;altri;102,4321361;5;0,341440454;89,29;-50,196;2;-60,6566892;119,3433108;;;
07/08/2025 10:51;36,47;276813,546;4195510,215;3500cnr;altri;0;5;0;0;0;;;;;;
07/08/2025 10:52;40,71;276816,188;4195477,936;3680cnr;altri;2,83295623;5;0,009443187;-1,82;-2,171;3;39,97388958;219,9738896;;;
07/08/2025 10:52;32,18;277070,267;4194753,586;7510;2;45,54926099;5;0,15183087;45,076;6,549000001;1;81,73345439;81,73345439;;;
07/08/2025 10:52;32,2;277075,334;4194745,675;1520;2;34,81337688;5;0,11604459;32,061;13,567;1;67,06376047;67,06376047;;;
07/08/2025 10:53;32,18;275847,998;4196126,276;930;4;42,36596086;5;0,14121987;42,128;-4,484;2;-83,92445338;96,07554662;;;o
07/08/2025 10:53;35,45;276823,316;4195481,074;0530cnr;altri;3,691015714;5;0,012303386;3,549;1,014;1;74,05460409;74,05460409;;;
07/08/2025 10:54;32,17;275847,573;4196110,739;2520;4;42,61151243;5;0,142038375;40,096;-14,424;2;-70,21448336;109,7855166;;;
07/08/2025 10:54;32,2;275847,998;4196126,276;7520;4;42,36596086;5;0,14121987;42,128;-4,484;2;-83,92445338;96,07554662;;;o
07/08/2025 10:55;32,2;277069,081;4194774,72;540;2;39,28646521;5;0,130954884;36,49;14,557;1;68,25140041;68,25140041;;;
07/08/2025 10:56;36,7;275877,538;4195983,312;6250;altri;85,85033023;5;0,286167767;-10,252;-85,236;3;6,85846467;186,8584647;;;
07/08/2025 10:56;36,4;276818,823;4195510,071;3500cnr;altri;5,278964387;5;0,017596548;5,277;-0,143999999;2;-88,4368874;91,5631126;;;
07/08/2025 10:57;41,3;276816,218;4195479,046;3680cnr;altri;1,110405332;5;0,003701351;0,03;1,11;1;1,548157697;1,548157697;;;
07/08/2025 10:57;32,18;277108,215;4194756,998;7510;2;38,10108198;5;0,127003607;37,948;3,412;1;84,86220791;84,86220791;;;
07/08/2025 10:57;32,27;277109,854;4194752,511;1520;2;35,190358;5;0,117301193;34,52;6,836;1;78,79863293;78,79863293;;;
07/08/2025 10:58;32,28;275889,428;4196128,475;930;4;41,48831764;5;0,138294392;41,43;2,199;1;86,96173542;86,96173542;;;
07/08/2025 10:59;32,34;275888,761;4196104,06;2520;4;41,72601569;5;0,139086719;41,188;-6,679;2;-80,78915663;99,21084337;;;
07/08/2025 10:59;32,31;275889,398;4196127,366;7520;4;41,41434655;5;0,138047822;41,4;1,090000001;1;88,49183635;88,49183635;;;
07/08/2025 10:59;35,99;276821,557;4195481,121;0530cnr;altri;1,759627802;5;0,005865426;-1,759;0,047;4;-88,46943657;181,5305634;;;
07/08/2025 11:00;32,22;277107,239;4194785,899;540;2;39,76182849;5;0,132539428;38,158;11,179;1;73,67120489;73,67120489;;;
07/08/2025 11:01;35,73;275851,576;4196063,985;6250;altri;84,74761574;5;0,282492052;-25,962;80,673;4;-17,83909471;252,1609053;;;
07/08/2025 11:02;35,65;276813,546;4195510,215;3500cnr;altri;5,278964387;5;0,017596548;-5,277;0,143999999;4;-88,4368874;181,5631126;;;
07/08/2025 11:02;41,36;276816,188;4195477,936;3680cnr;altri;1,110405332;5;0,003701351;-0,03;-1,11;3;1,548157697;181,5481577;;;
08/07/2025 13:47:29;33,13;278232,945;4194451,093;1520;2;45,46406117;5;0,151546871;40,837;-19,983;2;-63,92584864;116,0741514;check;check;g
08/07/2025 13:47:30;33,01;278232,945;4194451,093;1520;2;0;0;;;;1;;;check;check;g
07/08/2025 11:04;32,41;275932,617;4196130,627;930;4;43,24258116;5;0,144141937;43,189;2,152000001;1;87,1474536;87,1474536;;;
07/08/2025 11:04;32,41;275932,648;4196131,737;7520;4;43,47031333;5;0,144901044;43,25;4,370999999;1;84,22907773;84,22907773;;;
07/08/2025 11:04;35,45;276821,526;4195480,012;0530cnr;altri;1,109433189;5;0,003698111;-0,031;-1,109;3;1,601178323;181,6011783;;;
07/08/2025 11:05;32,43;275928,189;4196097,43;2520;4;39,98154679;5;0,133271823;39,428;-6,63;2;-80,45474907;99,54525093;;;
07/08/2025 11:06;34,5;275980,325;4196137,098;6250;altri;148,0601762;5;0,493533921;128,749;73,113;1;60,40895409;60,40895409;;;
07/08/2025 11:06;32,25;277136,998;4194779,538;540;2;30,43124056;5;0,101437469;29,759;-6,361;2;-77,93456744;102,0654326;;;
07/08/2025 11:07;35,62;276805,538;4195507,101;3500cnr;altri;8,592151069;5;0,028640504;-8,008;-3,114;3;68,7508756;248,7508756;;;
07/08/2025 11:07;41,7;276816,279;4195481,265;3680cnr;altri;3,330243535;5;0,011100812;0,091;3,329;1;1,565820922;1,565820922;;;
07/08/2025 11:07;32,14;277184,261;4194769,369;1520;2;38,86894807;5;0,12956316;38,068;7,85;1;78,34836104;78,34836104;;;
07/08/2025 11:08;32,12;277182,441;4194767,198;7510;2;36,6901696;5;0,122300565;36,248;5,679;1;81,09581177;81,09581177;;;
07/08/2025 11:09;32,38;275976,565;4196128,316;930;4;44,00871987;5;0,146695733;43,948;-2,311000001;2;-86,98988116;93,01011884;;;
07/08/2025 11:09;30,84;275983,328;4196118,135;7520;4;52,47358196;5;0,17491194;50,68;-13,602;2;-74,97644353;105,0235565;;;
07/08/2025 11:09;34,63;276817,947;4195477,888;0530cnr;altri;4,161804536;5;0,013872682;-3,579;-2,124;3;59,31248504;239,312485;;;
07/08/2025 11:10;32,58;275965,768;4196087,518;2520;4;38,86423787;5;0,12954746;37,579;-9,912;2;-75,22394589;104,7760541;;;
07/08/2025 11:11;34,08;275958,883;4196061,052;6250;altri;79,0110972;5;0,263370324;-21,442;-76,046;3;15,74637762;195,7463776;;;
07/08/2025 11:11;32,19;277173,216;4194784,107;540;2;36,50505835;5;0,121683528;36,218;4,569;1;82,80996178;82,80996178;;;
07/08/2025 11:12;35,23;276807,237;4195504,834;3500cnr;altri;2,833000176;5;0,009443334;1,699;-2,267;2;-36,84967323;143,1503268;;;
07/08/2025 11:12;32,09;277220,389;4194770,609;1520;2;36,14927363;5;0,120497579;36,128;1,24;1;88,03424247;88,03424247;;;
07/08/2025 11:13;41,61;276817,947;4195477,888;3680cnr;altri;3,766477532;5;0,012554925;1,668;-3,376999999;2;-26,28612594;153,7138741;;;
07/08/2025 11:13;32,06;277215,96;4194769,619;7510;2;33,60631789;5;0,11202106;33,519;2,421;1;85,86883201;85,86883201;;;
07/08/2025 11:14;31,95;275857,854;4196003,841;7520;altri;661,4747714;35;0,314987986;123,944;-649,759;2;-10,7996462;169,2003538;;;
07/08/2025 11:14;32,15;275867,257;4196025,796;930;altri;700,4740456;35;0,333559069;91,918;-694,417;2;-7,540245293;172,4597547;;;
07/08/2025 11:14;34,29;276826,136;4195487,66;0530cnr;altri;12,74957666;5;0,042498589;8,189;9,772;1;39,96322802;39,96322802;;;
07/08/2025 11:15;31,41;275853,092;4195990,644;2520;altri;638,4295061;36;0,295569216;128,129;-625,44;2;-11,57754782;168,4224522;;;
07/08/2025 11:16;32,2;277209,525;4194792,006;540;2;37,15827878;5;0,123860929;36,309;7,899;1;77,72657886;77,72657886;;;
07/08/2025 11:17;32,41;275844,266;4195925,359;6250;altri;177,6222028;5;0,592074009;-114,617;-135,693;3;40,18707116;220,1870712;;;
07/08/2025 11:17;35,98;276805,508;4195505,991;3500cnr;altri;2,080406211;5;0,006934687;-1,729;1,157000001;4;-56,21063312;213,7893669;;;
07/08/2025 11:18;42,27;276816,188;4195477,936;3680cnr;altri;1,759654796;5;0,005865516;-1,759;0,047999999;4;-88,43688741;181,5631126;;;
07/08/2025 11:18;32,08;277257,215;4194765,167;7510;2;41,49452167;5;0,138315072;41,255;-4,452;2;-83,84080734;96,15919266;;;
07/08/2025 11:18;32,09;277257,517;4194776,265;1520;2;37,55634061;5;0,125187802;37,128;5,655999999;1;81,33827767;81,33827767;;;
07/08/2025 11:19;34,35;275872,048;4195846,858;930;altri;179,0021272;5;0,596673757;4,791;-178,938;2;-1,533707274;178,4662927;;;
07/08/2025 11:19;35,29;276828,016;4195492,052;0530cnr;altri;4,777453715;5;0,015924846;1,88;4,392;1;23,17339448;23,17339448;;;
07/08/2025 11:20;34,65;275880,45;4195799,983;7520;altri;205,1064684;5;0,683688228;22,596;-203,858;2;-6,324952506;173,6750475;;;
07/08/2025 11:20;32,5;275884,757;4195764,326;2520;altri;228,5224482;5;0,761741494;31,665;-226,318;2;-7,964763555;172,0352364;;;
07/08/2025 11:21;32,05;277247,201;4194785,429;540;2;38,24575669;5;0,127485856;37,676;-6,577000001;2;-80,0978079;99,9021921;;;
07/08/2025 11:22;34,6;275916,575;4195607,973;6250;altri;325,5187621;5;1,08506254;72,309;-317,386;2;-12,83444294;167,1655571;;;
07/08/2025 11:23;37,36;276807,298;4195507,053;3500cnr;altri;2,081332266;5;0,006937774;1,79;1,062;1;59,31950968;59,31950968;;;
07/08/2025 11:23;42,73;276819,767;4195480,06;3680cnr;altri;4,161804536;5;0,013872682;3,579;2,124;1;59,31248504;59,31248504;;;
07/08/2025 11:23;32,07;277298,073;4194778,495;1520;2;40,61726278;5;0,135390876;40,556;2,23;1;86,85272083;86,85272083;;;
07/08/2025 11:23;32,04;277299,411;4194762,911;7510;2;42,25626524;5;0,140854217;42,196;-2,256;2;-86,93960737;93,06039263;;;
07/08/2025 11:24;35,42;275972,935;4195383,203;930;altri;474,5041051;5;1,58168035;100,887;-463,655;2;-12,27568037;167,7243196;;;
07/08/2025 11:24;35,59;276823,497;4195487,732;0530cnr;altri;6,251700649;5;0,020839002;-4,519;-4,32;3;46,28973122;226,2897312;;;
07/08/2025 11:25;36,55;275991,742;4195330,491;7520;altri;482,5024843;5;1,608341614;111,292;-469,492;2;-13,33568492;166,6643151;;;
07/08/2025 11:25;33,19;275998,628;4195292,543;2520;altri;485,3306128;5;1,617768709;113,871;-471,783;2;-13,56955588;166,4304441;;;
07/08/2025 11:27;35,48;276020,351;4195120,918;6250;altri;497,987983;5;1,659959943;103,776;-487,055;2;-12,02805224;167,9719478;;;
07/08/2025 11:27;32,09;277290,517;4194792,027;540;2;43,81563032;5;0,146052101;43,316;6,598;1;81,33913949;81,33913949;;;
07/08/2025 11:28;38,48;276807,298;4195507,053;3500cnr;altri;0;5;0;0;0;;;;;;
07/08/2025 11:28;43,18;276819,797;4195481,169;3680cnr;altri;1,109405697;5;0,003698019;0,03;1,109;1;1,549553014;1,549553014;;;
07/08/2025 11:28;32,07;277339,509;4194780,702;1520;2;41,49473394;5;0,13831578;41,436;2,206999999;1;86,95114369;86,95114369;;;
07/08/2025 11:28;31,99;277340,696;4194759,569;7510;2;41,42004574;5;0,138066819;41,285;-3,342;2;-85,3720266;94,6279734;;;
07/08/2025 11:29;33,62;276003,64;4194992,545;930;5;;;;;;1;;;;;
07/08/2025 11:30;32,57;276009,919;4194996,816;7520;5;;;;;;1;;;;;
07/08/2025 11:30;32,32;276013,317;4194992,28;2520;5;;;;;;1;;;;;
07/08/2025 11:30;35,89;276814,157;4195467,996;0530cnr;altri;21,83449784;5;0,072781659;-9,34;-19,736;3;25,32570621;205,3257062;;;
07/08/2025 11:32;35,66;276131,113;4194760,282;6250;altri;377,2619052;5;1,257539684;110,762;-360,636;2;-17,07327332;162,9267267;;;
07/08/2025 11:32;32,1;277330,103;4194790,953;540;2;39,60056656;5;0,132001889;39,586;-1,074;2;-88,44590069;91,55409931;;;
07/08/2025 11:33;39,3;276805,538;4195507,101;3500cnr;altri;1,760654424;5;0,005868848;-1,76;0,047999999;4;-88,4377751;181,5622249;;;
07/08/2025 11:33;43,48;276819,797;4195481,169;3680cnr;altri;0;5;0;0;0;;;;;;
07/08/2025 11:33;32,09;277379,095;4194779,628;1520;2;39,60056656;5;0,132001889;39,586;-1,074;2;-88,44590069;91,55409931;;;
07/08/2025 11:34;32,26;276049,111;4194981,308;930;5;46,8388942;5;0,156129647;45,471;-11,237;2;-76,11892153;103,8810785;;;
07/08/2025 11:34;32,05;277378,704;4194765,201;7510;2;38,42300727;5;0,128076691;38,008;5,632;1;81,57128273;81,57128273;;;
07/08/2025 11:35;32,24;276048,899;4194973,539;2520;5;40,2157159;5;0,134052386;35,582;-18,741;2;-62,22427335;117,7757267;;;
07/08/2025 11:35;32,26;276052,902;4194991,2;7520;5;43,34833036;5;0,144494435;42,983;-5,615999999;2;-82,55611236;97,44388764;;;
07/08/2025 11:35;36,3;276809,668;4195464,786;0530cnr;altri;5,518624919;5;0,018395416;-4,489;-3,21;3;54,43214939;234,4321494;;;
07/08/2025 11:37;32,1;277369,84;4194795,427;540;2;39,98807128;5;0,133293571;39,737;4,474;1;83,57610524;83,57610524;;;
07/08/2025 11:38;35,9;276194,93;4194324,298;6250;altri;440,6298421;5;1,46876614;63,817;-435,984;2;-8,32751121;171,6724888;;;
07/08/2025 11:38;39,54;276807,358;4195509,273;3500cnr;altri;2,83372264;5;0,009445742;1,82;2,172;1;39,96089995;39,96089995;;;
07/08/2025 11:38;43,64;276819,797;4195481,169;3680cnr;altri;0;5;0;0;0;;;;;;
07/08/2025 11:38;32,2;277420,531;4194781,835;1520;2;41,49473394;5;0,13831578;41,436;2,207;1;86,95114369;86,95114369;;;
07/08/2025 11:39;32,12;277416,591;4194766,394;7510;2;37,90577816;5;0,126352594;37,887;1,193;1;88,19644503;88,19644503;;;
07/08/2025 11:40;32,21;276093,763;4194972,315;930;5;45,5486021;5;0,151828674;44,652;-8,993;2;-78,61285187;101,3871481;;;
07/08/2025 11:40;32,24;276094,035;4194982,302;7520;5;42,08441627;5;0,140281388;41,133;-8,898;2;-77,79370497;102,206295;;;
07/08/2025 11:40;36,3;276827,895;4195487,613;0530cnr;altri;29,21122144;5;0,097370738;18,227;22,827;1;38,6068142;38,6068142;;;
07/08/2025 11:41;32,22;276089,941;4194961,313;2520;5;42,82430198;5;0,142747673;41,042;-12,226;2;-73,41173386;106,5882661;;;
07/08/2025 11:42;32,18;277409,487;4194796,573;540;2;39,66355916;5;0,132211864;39,647;1,146;1;88,34432149;88,34432149;;;
07/08/2025 11:43;35,37;276438,567;4193895,631;6250;altri;493,0663086;5;1,643554362;243,637;-428,667;2;-29,61214995;150,38785;;;
07/08/2025 11:43;39,36;276807,298;4195507,053;3500cnr;altri;2,220810663;5;0,007402702;-0,06;-2,22;3;1,548157699;181,5481577;;;
07/08/2025 11:43;43,77;276819,828;4195482,279;3680cnr;altri;1,110432799;5;0,003701443;0,031;1,11;1;1,59973657;1,59973657;;;
07/08/2025 11:43;32,34;277456,779;4194787,515;1520;2;36,69032439;5;0,122301081;36,248;5,68;1;81,09426898;81,09426898;;;
07/08/2025 11:44;32,27;277454,448;4194766,477;7510;2;37,85709099;5;0,126190303;37,857;0,083;1;89,87438143;89,87438143;;;
07/08/2025 11:45;32,3;276134,986;4194966,747;930;5;41,59733589;5;0,138657786;41,223;-5,568;2;-82,30760053;97,69239947;;;
07/08/2025 11:45;32,33;276137,018;4194976,687;7520;5;43,34820082;5;0,144494003;42,983;-5,615;2;-82,55742297;97,44257703;;;
07/08/2025 11:45;36,88;276830,017;4195500,882;0530cnr;altri;13,43760563;5;0,044792019;2,122;13,269;1;9,085898222;9,085898222;;;
07/08/2025 11:46;32,27;276125,705;4194949,231;2520;5;37,74968106;5;0,12583227;35,764;-12,082;2;-71,33370754;108,6662925;;;
07/08/2025 11:47;32,35;277443,855;4194797,861;540;2;34,39212654;5;0,114640422;34,368;1,288;1;87,8537464;87,8537464;;;
07/08/2025 11:48;36,62;276782,641;4193565,305;6250;altri;476,9718899;5;1,5899063;344,074;-330,326;2;-46,16784296;133,832157;;;
07/08/2025 11:48;39,7;276807,298;4195507,053;3500cnr;altri;0;5;0;0;0;;;;;;
07/08/2025 11:48;32,63;277490,238;4194787,718;1520;2;33,45961581;5;0,111532053;33,459;0,203000001;1;89,6523835;89,6523835;;;
07/08/2025 11:49;43,41;276819,828;4195482,279;3680cnr;altri;0;5;0;0;0;;;;;;
07/08/2025 11:49;32,54;277489,666;4194766,633;7510;2;35,2183455;5;0,117394485;35,218;0,156;1;89,74620696;89,74620696;;;
07/08/2025 11:50;32,49;276174,784;4194973,435;7520;5;37,90575497;5;0,126352517;37,766;-3,252;2;-85,07844648;94,92155352;;;
07/08/2025 11:50;32,45;276179,091;4194969,986;930;5;44,22377354;5;0,147412578;44,105;3,238999999;1;85,7998304;85,7998304;;;o
07/08/2025 11:50;37,25;276831,383;4195486,407;0530cnr;altri;14,53931157;5;0,048464372;1,366;-14,475;2;-5,391014336;174,6089857;;;
07/08/2025 11:51;32,36;276158,951;4194941,66;2520;5;34,09716347;5;0,113657212;33,246;-7,571;2;-77,17100624;102,8289938;;;
07/08/2025 11:52;32,61;277481,682;4194796,835;540;2;37,84091179;5;0,126136373;37,827;-1,026;2;-88,44631982;91,55368018;;;
07/08/2025 11:53;39,02;276807,298;4195507,053;3500cnr;altri;0;5;0;0;0;;;;;;
07/08/2025 11:53;35,27;277306,934;4193515,522;6250;altri;526,6512099;5;1,755504033;524,293;-49,783;2;-84,57587726;95,42412274;;;
07/08/2025 11:54;43,34;276823,376;4195483,293;3680cnr;altri;3,6900542;5;0,012300181;3,548;1,014;1;74,05033849;74,05033849;;;
07/08/2025 11:54;32,38;277522,365;4194771,299;7510;2;33,03023096;5;0,11010077;32,699;4,665999999;1;81,87897434;81,87897434;;;
07/08/2025 11:54;32,47;277523,117;4194799,043;1520;2;34,77476479;5;0,115915883;32,879;11,325;1;70,9939985;70,9939985;;;
07/08/2025 11:55;32,55;276216,978;4194971,173;930;5;37,9055898;5;0,126351966;37,887;1,187000001;1;88,20550977;88,20550977;;;
07/08/2025 11:56;32,58;276217,039;4194973,393;7520;5;42,25502087;5;0,14085007;42,255;-0,041999999;2;-89,94305001;90,05694999;;;
07/08/2025 11:56;37,63;276831,534;4195491,956;0530cnr;altri;5,551054135;5;0,018503514;0,151;5,549000001;1;1,558754395;1,558754395;;;
07/08/2025 11:57;32,51;276202,754;4194933,801;2520;5;44,50243465;5;0,148341449;43,803;-7,859;2;-79,82838831;100,1716117;;;
07/08/2025 11:58;39,33;276807,298;4195507,053;3500cnr;altri;0;5;0;0;0;;;;;;
07/08/2025 11:58;32,66;277515,351;4194804,806;540;2;34,59968789;5;0,115332293;33,669;7,971;1;76,68068453;76,68068453;;;
07/08/2025 11:58;35,22;277655,78;4193847,011;6250;altri;481,2260268;5;1,604086756;348,846;331,489;1;46,46143762;46,46143762;;;
07/08/2025 11:59;43,57;276821,557;4195481,121;3680cnr;altri;2,833080478;5;0,009443602;-1,819;-2,171999999;3;39,94539873;219,9453987;;;
07/08/2025 11:59;32,31;277557,636;4194805,881;1520;2;35,18976563;5;0,117299219;34,519;6,838;1;78,79512228;78,79512228;;;
07/08/2025 12:00;32,28;277560,372;4194776,932;7510;2;38,42216467;5;0,128073882;38,007;5,633;1;81,56958904;81,56958904;;;
07/08/2025 12:01;32,7;276256,473;4194966,764;7520;5;39,98729795;5;0,133290993;39,434;-6,629;2;-80,4575877;99,5424123;;;
07/08/2025 12:01;32,71;276261,781;4194967,73;930;5;44,93509829;5;0,149783661;44,803;-3,443;2;-85,60559758;94,39440242;;;
07/08/2025 12:01;38,27;276831,504;4195490,846;0530cnr;altri;1,110405332;5;0,003701351;-0,03;-1,11;3;1,548157697;181,5481577;;;
07/08/2025 12:02;32,63;276234,21;4194925,169;2520;5;32,61888042;5;0,108729601;31,456;-8,632;2;-74,65491187;105,3450881;;;
07/08/2025 12:03;32,32;277555,238;4194814,831;540;2;41,12752599;5;0,137091753;39,887;10,025;1;75,89178756;75,89178756;;;
07/08/2025 12:03;34,67;277612,519;4193972,568;6250;altri;132,8008824;5;0,442669608;-43,261;125,557;4;-19,01152739;250,9884726;;;
07/08/2025 12:04;38,79;276807,358;4195509,273;3500cnr;altri;2,220810663;5;0,007402702;0,06;2,22;1;1,548157699;1,548157699;;;
07/08/2025 12:04;43,47;276821,557;4195481,121;3680cnr;altri;0;5;0;0;0;;;;;;
07/08/2025 12:04;32,32;277594,764;4194811,538;1520;2;37,55649122;5;0,125188304;37,128;5,657;1;81,33676948;81,33676948;;;
07/08/2025 12:05;32,27;277596,741;4194787,051;7510;2;37,75047446;5;0,125834915;36,369;10,119;1;74,45175975;74,45175975;;;
07/08/2025 12:06;32,91;276288,323;4194972,559;7520;5;32,372898;5;0,10790966;31,85;5,795;1;79,68802995;79,68802995;;;
07/08/2025 12:06;32,91;276299,608;4194966,698;930;5;37,84107495;5;0,126136916;37,827;-1,032000001;2;-88,43723846;91,56276154;;;
07/08/2025 12:06;38,27;276834,902;4195486,311;0530cnr;altri;5,666800597;5;0,018889335;3,398;-4,535;2;-36,84360961;143,1563904;;;
07/08/2025 12:07;32,77;276270,277;4194924,185;2520;5;36,08042052;5;0,120268068;36,067;-0,984;2;-88,43721227;91,56278773;;;
07/08/2025 12:08;32,31;277589,847;4194824,998;540;2;36,07146753;5;0,120238225;34,609;10,167;1;73,62892517;73,62892517;;;
07/08/2025 12:08;34,52;277608,06;4193970,468;6250;altri;4,928760595;5;0,016429202;-4,459;-2,1;3;64,78155206;244,7815521;;;
07/08/2025 12:09;38,38;276807,298;4195507,053;3500cnr;altri;2,220810663;5;0,007402702;-0,06;-2,22;3;1,548157699;181,5481577;;;
07/08/2025 12:09;44,64;276819,797;4195481,169;3680cnr;altri;1,760654424;5;0,005868848;-1,76;0,047999999;4;-88,4377751;181,5622249;;;
07/08/2025 12:09;32,37;277630,951;4194814,999;1520;2;36,35213185;5;0,121173773;36,187;3,461;1;84,5367302;84,5367302;;;
07/08/2025 12:10;32,34;277630,35;4194792,804;7510;2;34,09782823;5;0,113659427;33,609;5,753;1;80,28656992;80,28656992;;;
07/08/2025 12:11;32,91;276321,204;4194983,879;7520;5;34,77502784;5;0,115916759;32,881;11,32;1;71,0028606;71,0028606;;;
07/08/2025 12:11;32,83;276335,917;4194974,593;930;5;37,15742868;5;0,123858096;36,309;7,895;1;77,73260578;77,73260578;;;
07/08/2025 12:11;38,7;276834,721;4195479,653;0530cnr;altri;6,660459819;5;0,022201533;-0,181;-6,658;3;1,557221758;181,5572218;;;
07/08/2025 12:12;32,91;276303,826;4194927,713;2520;5;33,73399154;5;0,112446638;33,549;3,528000001;1;83,99686153;83,99686153;;;
07/08/2025 12:13;32,36;277626,004;4194827,349;540;2;36,23335273;5;0,120777842;36,157;2,351000001;1;86,27975154;86,27975154;;;
07/08/2025 12:14;38,68;276807,358;4195509,273;3500cnr;altri;2,220810663;5;0,007402702;0,06;2,22;1;1,548157699;1,548157699;;;
07/08/2025 12:14;44,16;276819,797;4195481,169;3680cnr;altri;0;5;0;0;0;;;;;;
07/08/2025 12:14;34,18;277612,489;4193971,459;6250;altri;4,538515396;5;0,015128385;4,429;0,991;1;77,38766482;77,38766482;;;
07/08/2025 12:15;32,33;277666,658;4194800,704;7510;2;37,15751423;5;0,123858381;36,308;7,9;1;77,72474435;77,72474435;;;
07/08/2025 12:15;32,39;277667,229;4194821,79;1520;2;36,90814226;5;0,123027141;36,278;6,791;1;79,39731924;79,39731924;;;
07/08/2025 12:16;32,95;276372,377;4194988,037;930;5;38,85965435;5;0,129532181;36,46;13,444;1;69,75941213;69,75941213;;;
07/08/2025 12:16;39,13;276834,751;4195480,762;0530cnr;altri;1,109405697;5;0,003698019;0,03;1,109;1;1,549553011;1,549553011;;;
07/08/2025 12:17;32,8;276334,615;4194926,873;2520;5;30,80045651;5;0,102668188;30,789;-0,840000001;2;-88,43721722;91,56278278;;;
07/08/2025 12:17;32,91;276358,332;4194989,53;7520;5;37,55558793;5;0,125185293;37,128;5,651000001;1;81,34581879;81,34581879;;;
07/08/2025 12:18;32,38;277656,004;4194829,868;540;2;30,10557027;5;0,100351901;30;2,518999999;1;85,20032313;85,20032313;;;
07/08/2025 12:19;38,55;276807,298;4195507,053;3500cnr;altri;2,220810663;5;0,007402702;-0,06;-2,22;3;1,548157699;181,5481577;;;
07/08/2025 12:19;44,8;276819,797;4195481,169;3680cnr;altri;0;5;0;0;0;;;;;;
07/08/2025 12:19;34,2;277609,94;4193974,859;6250;altri;4,249400076;5;0,014164667;-2,549;3,4;4;-36,85911103;233,140889;;;
07/08/2025 12:20;32,36;277702,905;4194806,385;7510;2;36,68949127;5;0,122298304;36,247;5,681;1;81,09248441;81,09248441;;;
07/08/2025 12:20;32,42;277705,236;4194827,423;1520;2;38,42216467;5;0,128073882;38,007;5,633;1;81,56958904;81,56958904;;;
07/08/2025 12:21;33,11;276406,016;4194994,894;930;5;34,33075545;5;0,114435852;33,639;6,857000001;1;78,47862804;78,47862804;;;
07/08/2025 12:21;38,24;276834,54;4195472,994;0530cnr;altri;7,770865139;5;0,025902884;-0,211;-7,768;3;1,555926564;181,5559266;;;
07/08/2025 12:22;32,92;276364,525;4194926,057;2520;5;29,92112892;5;0,099737096;29,91;-0,816;2;-88,43725303;91,56274697;;;
07/08/2025 12:22;33,21;276392,851;4194996,363;7520;5;35,18879438;5;0,117295981;34,519;6,833;1;78,8031083;78,8031083;;;
07/08/2025 12:23;32,42;277692,251;4194835,549;540;2;36,68949127;5;0,122298304;36,247;5,681;1;81,09248441;81,09248441;;;
07/08/2025 12:24;37,21;276807,358;4195509,273;3500cnr;altri;2,220810663;5;0,007402702;0,06;2,22;1;1,548157699;1,548157699;;;
07/08/2025 12:24;34,3;277612,519;4193972,568;6250;altri;3,449626357;5;0,011498755;2,579;-2,291;2;-48,38439188;131,6156081;;;
07/08/2025 12:25;44,3;276819,797;4195481,169;3680cnr;altri;0;5;0;0;0;;;;;;
07/08/2025 12:25;32,41;277740,852;4194809,799;7510;2;38,10026516;5;0,127000884;37,947;3,414;1;84,85907769;84,85907769;;;
07/08/2025 12:25;32,46;277741,514;4194834,214;1520;2;36,90814226;5;0,123027141;36,278;6,790999999;1;79,39731925;79,39731925;;;
07/08/2025 12:26;32,98;276442,083;4194993,911;930;5;36,08039326;5;0,120267978;36,067;-0,983;2;-88,43879969;91,56120031;;;
07/08/2025 12:27;33,2;276397,103;4194926,28;2520;5;32,57876322;5;0,108595877;32,578;0,223;1;89,6078102;89,6078102;;;
07/08/2025 12:27;33,01;276429,009;4194998,709;7520;5;36,23402655;5;0,120780088;36,158;2,346;1;86,28774383;86,28774383;;;
07/08/2025 12:27;37,2;276834,57;4195474,104;0530cnr;altri;1,110405332;5;0,003701351;0,03;1,11;1;1,5481577;1,5481577;;;
07/08/2025 12:28;32,44;277729,897;4194827,865;540;2;38,42219635;5;0,128073988;37,646;-7,683999999;2;-78,46370952;101,5362905;;;
07/08/2025 12:29;36,72;276807,358;4195509,273;3500cnr;altri;0;5;0;0;0;;;;;;
07/08/2025 12:29;34,12;277612,519;4193972,568;6250;altri;0;5;0;0;0;;;;;;
07/08/2025 12:30;44,03;276819,737;4195478,95;3680cnr;altri;2,219811028;5;0,00739937;-0,06;-2,219;3;1,548855042;181,548855;;;
07/08/2025 12:30;32,49;277778,95;4194818,762;1520;2;40,49960987;5;0,1349987;37,436;-15,452;2;-67,571232;112,428768;;;
07/08/2025 12:31;33,02;276479,788;4194988,441;930;5;38,0997103;5;0,126999034;37,705;-5,470000001;2;-81,74548281;98,25451719;;;
07/08/2025 12:31;32,44;277779,987;4194792,08;7510;2;42,95941324;5;0,143198044;39,135;-17,719;2;-65,64059584;114,3594042;;;
07/08/2025 12:32;33,02;276463,135;4194991,116;7520;5;34,9605138;5;0,116535046;34,126;-7,592999999;2;-77,45608265;102,5439174;;;
07/08/2025 12:32;36,86;276834,751;4195480,762;0530cnr;altri;6,660459819;5;0,022201533;0,181;6,658;1;1,557221758;1,557221758;;;
07/08/2025 12:33;33,12;276426,861;4194919,916;2520;5;30,4308899;5;0,1014363;29,758;-6,364;2;-77,92865021;102,0713498;;;
07/08/2025 12:34;36,66;276807,298;4195507,053;3500cnr;altri;2,220810663;5;0,007402702;-0,06;-2,22;3;1,548157699;181,5481577;;;
07/08/2025 12:34;34,23;277612,639;4193977,007;6250;altri;4,440621691;5;0,014802072;0,12;4,439;1;1,548506293;1,548506293;;;
07/08/2025 12:34;32,48;277783,957;4194808,632;540;2;57,37936815;5;0,19126456;54,06;-19,233;2;-70,41589768;109,5841023;;;
07/08/2025 12:35;44,09;276817,947;4195477,888;3680cnr;altri;2,081332266;5;0,006937774;-1,79;-1,062;3;59,31950968;239,3195097;;;
07/08/2025 12:35;32,53;277809,807;4194787,941;1520;2;43,61293948;5;0,145376465;30,857;-30,821;2;-45,0334422;134,9665578;;;
07/08/2025 12:36;32,47;277812,724;4194765,65;7510;2;42,07441109;5;0,140248037;32,737;-26,43;2;-51,08455778;128,9154422;;;
07/08/2025 12:37;33,12;276495,867;4194964,68;7520;5;42,07429049;5;0,140247635;32,732;-26,436;2;-51,07392324;128,9260768;;;
07/08/2025 12:37;33,06;276510,791;4194963,163;930;5;40,00204111;5;0,133340137;31,003;-25,278;2;-50,80824686;129,1917531;;;
07/08/2025 12:37;36,82;276832,72;4195470,822;0530cnr;altri;10,14537141;5;0,033817905;-2,031;-9,94;3;11,54805897;191,548059;;;
07/08/2025 12:38;33,07;276450,736;4194891,5;2520;5;37,11448075;5;0,123714936;23,875;-28,416;2;-40,03683154;139,9631685;;;
07/08/2025 12:39;34,2;277612,549;4193973,678;6250;altri;3,33021636;5;0,011100721;-0,09;-3,329;3;1,548622525;181,5486225;;;
07/08/2025 12:39;32,52;277815,814;4194782,225;540;2;41,37871552;5;0,137929052;31,857;-26,407;2;-50,34388333;129,6561167;;;
07/08/2025 12:40;36,76;276809,147;4195510,334;3500cnr;altri;3,766133561;5;0,012553779;1,849;3,280999999;1;29,40333359;29,40333359;;;
07/08/2025 12:40;43,7;276817,947;4195477,888;3680cnr;altri;0;5;0;0;0;;;;;;
07/08/2025 12:40;32,56;277843,454;4194762,597;1520;2;42,12408984;5;0,140413633;33,647;-25,344;2;-53,01176778;126,9882322;;;
07/08/2025 12:41;32,52;277850,04;4194745,76;7510;2;42,28588365;5;0,140952945;37,316;-19,89;2;-61,94170032;118,0582997;;;
07/08/2025 12:42;33,13;276521,501;4194936,217;7520;5;38,30462537;5;0,127682085;25,634;-28,463;2;-42,00644688;137,9935531;;;
07/08/2025 12:42;33,09;276538,883;4194927,969;930;5;45,0308572;5;0,150102857;28,092;-35,194;2;-38,59701577;141,4029842;;;
07/08/2025 12:42;36,65;276837,998;4195470,679;0530cnr;altri;5,279936837;5;0,017599789;5,278;-0,143;2;-88,44803097;91,55196903;;;
07/08/2025 12:43;33,05;276472,731;4194858,694;2520;5;39,49700825;5;0,131656694;21,995;-32,806;2;-33,84013829;146,1598617;;;
07/08/2025 12:44;34,19;277612,549;4193973,678;6250;altri;0;5;0;0;0;;;;;;
07/08/2025 12:44;32,56;277856,499;4194756,691;540;2;48,03388784;5;0,160112959;40,685;-25,534;2;-57,88752318;122,1124768;;;
07/08/2025 12:45;36,69;276807,358;4195509,273;3500cnr;altri;2,079962019;5;0,006933207;-1,789;-1,061;3;59,32914481;239,3291448;;;
07/08/2025 12:45;43,13;276816,249;4195480,155;3680cnr;altri;2,832400572;5;0,009441335;-1,698;2,267;4;-36,83348598;233,166514;;;
07/08/2025 12:45;32,6;277874,461;4194737,325;1520;2;40,00135039;5;0,133337835;31,007;-25,272;2;-50,81852807;129,1814719;;;
07/08/2025 12:46;32,56;277878,319;4194717,23;7510;2;40,17042122;5;0,133901404;28,279;-28,53;2;-44,7468509;135,2531491;;;
07/08/2025 12:47;33,22;276563,427;4194891,762;930;5;43,74191108;5;0,14580637;24,544;-36,207;2;-34,1325589;145,8674411;;;
07/08/2025 12:47;36,47;276834,57;4195474,104;0530cnr;altri;4,845803236;5;0,016152677;-3,428;3,425000001;4;-45,02508205;224,974918;;;
07/08/2025 12:48;33,16;276488,508;4194823,836;2520;5;38,26217313;5;0,127540577;15,777;-34,858;2;-24,35187472;155,6481253;;;
07/08/2025 12:48;33,26;276548,684;4194899,938;7520;5;45,33300486;5;0,151110016;27,183;-36,279;2;-36,84335603;143,156644;;;
07/08/2025 12:49;33,9;277612,639;4193977,007;6250;altri;3,33021636;5;0,011100721;0,09;3,329;1;1,548622525;1,548622525;;;
07/08/2025 12:49;32,59;277880,259;4194723,841;540;2;40,54207814;5;0,13514026;23,76;-32,85;2;-35,87775197;144,122248;;;
07/08/2025 12:50;36,59;276807,358;4195509,273;3500cnr;altri;0;5;0;0;0;;;;;;
07/08/2025 12:50;42,59;276817,978;4195478,998;3680cnr;altri;2,080406211;5;0,006934687;1,729;-1,157000001;2;-56,21063312;123,7893669;;;
07/08/2025 12:50;32,64;277904,41;4194705,418;1520;2;43,76070441;5;0,145869015;29,949;-31,907;2;-43,18695536;136,8130446;;;
07/08/2025 12:51;32,62;277909,147;4194685,299;7510;2;44,38416773;5;0,147947226;30,828;-31,931;2;-43,99312068;136,0068793;;;
07/08/2025 12:52;33,17;276585,271;4194853,407;930;5;44,13917037;5;0,147130568;21,844;-38,355;2;-29,66244625;150,3375538;;;
07/08/2025 12:52;36,7;276834,57;4195474,104;0530cnr;altri;0;5;0;0;0;;;;;;
07/08/2025 12:53;33,15;276504,194;4194785,648;2520;5;41,284064;5;0,137613547;15,686;-38,188;2;-22,33076545;157,6692346;;;
07/08/2025 12:53;33,26;276570,528;4194861,583;7520;5;44,13917037;5;0,147130568;21,844;-38,355;2;-29,66244625;150,3375538;;;
07/08/2025 12:54;32,65;277914,636;4194692,924;540;2;46,23460844;5;0,154115361;34,377;-30,917;2;-48,03332848;131,9666715;;;
07/08/2025 12:55;36,52;276807,358;4195509,273;3500cnr;altri;0;5;0;0;0;;;;;;
07/08/2025 12:55;42,33;276818,038;4195481,217;3680cnr;altri;2,219811028;5;0,00739937;0,06;2,219000001;1;1,548855041;1,548855041;;;
07/08/2025 12:55;34,08;277612,459;4193970,349;6250;altri;6,660432719;5;0,022201442;-0,18;-6,658;3;1,548622525;181,5486225;;;
07/08/2025 12:56;32,8;277931,869;4194679,131;1520;2;38,01319573;5;0,126710652;27,459;-26,287;2;-46,24920948;133,7507905;;;
07/08/2025 12:56;32,8;277936,576;4194657,903;7510;2;38,7671363;5;0,129223788;27,429;-27,396;2;-45,0344872;134,9655128;;;
07/08/2025 12:57;33,34;276608,966;4194818,333;930;5;42,32775096;5;0,141092503;23,695;-35,074;2;-34,04184505;145,958155;;;
07/08/2025 12:58;33,36;276522,671;4194752,938;2520;5;37,56785367;5;0,125226179;18,477;-32,71;2;-29,46093773;150,5390623;;;
07/08/2025 12:58;33,27;276587,124;4194824,481;7520;5;40,64462597;5;0,135482087;16,596;-37,102;2;-24,09932232;155,9006777;;;
07/08/2025 12:58;36,49;276838,058;4195472,898;0530cnr;altri;3,690606996;5;0,012302023;3,488;-1,206;2;-70,92682125;109,0731788;;;
07/08/2025 12:59;32,82;277936,667;4194661,232;540;2;38,59725152;5;0,128657505;22,031;-31,692;2;-34,80546848;145,1945315;;;
07/08/2025 13:00;36,44;276807,388;4195510,382;3500cnr;altri;1,109405697;5;0,003698019;0,03;1,109;1;1,549553011;1,549553011;;;
07/08/2025 13:00;41,67;276818,008;4195480,107;3680cnr;altri;1,110405332;5;0,003701351;-0,03;-1,11;3;1,5481577;181,5481577;;;
07/08/2025 13:00;34,08;277609,88;4193972,64;6250;altri;3,449626357;5;0,011498755;-2,579;2,291;4;-48,38439188;221,6156081;;;
07/08/2025 13:01;32,87;277957,389;4194646,233;1520;2;41,63590763;5;0,138786359;25,52;-32,898;2;-37,80184353;142,1981565;;;
07/08/2025 13:01;32,95;277966,495;4194624,886;7510;2;44,55635589;5;0,148521186;29,919;-33,017;2;-42,18191231;137,8180877;;;
07/08/2025 13:02;33,47;276628,93;4194775,587;930;5;47,17819212;5;0,15726064;19,964;-42,746;2;-25,03435504;154,965645;;;
07/08/2025 13:03;33,47;276538,327;4194713,64;2520;5;42,30181013;5;0,141006034;15,656;-39,298;2;-21,72193058;158,2780694;;;
07/08/2025 13:03;33,44;276616,067;4194788,154;7520;5;46,44726233;5;0,154824208;28,943;-36,327;2;-38,54556632;141,4544337;;;
07/08/2025 13:03;36,31;276817,827;4195473,449;0530cnr;altri;20,23850197;5;0,067461673;-20,231;0,551;4;-88,43991043;181,5600896;;;
07/08/2025 13:05;36,72;276805,599;4195509,32;3500cnr;altri;2,080472302;5;0,006934908;-1,789;-1,062;3;59,3054575;239,3054575;;;
07/08/2025 13:05;33,77;277612,489;4193971,459;6250;altri;2,863850904;5;0,00954617;2,609;-1,181;2;-65,64545596;114,354544;;;
07/08/2025 13:05;32,96;277970,194;4194631,449;540;2;44,84514264;5;0,149483809;33,527;-29,783;2;-48,38439189;131,6156081;;;
07/08/2025 13:06;42,07;276816,279;4195481,265;3680cnr;altri;2,080962518;5;0,006936542;-1,729;1,158;4;-56,18775054;213,8122495;;;
07/08/2025 13:06;33,04;277986,518;4194616,57;1520;2;41,57393667;5;0,138579789;29,129;-29,663;2;-44,47960428;135,5203957;;;
07/08/2025 13:07;33,55;276659,723;4194742,542;930;5;45,16836143;5;0,150561205;30,793;-33,045;2;-42,97962638;137,0203736;;;
07/08/2025 13:07;33,09;277995,594;4194594,113;7510;2;42,35244184;5;0,141174806;29,099;-30,773;2;-43,39844746;136,6015525;;;
07/08/2025 13:08;33,42;276563,932;4194684,068;2520;5;39,11673822;5;0,130389127;25,605;-29,572;2;-40,88774415;139,1122559;;;
07/08/2025 13:08;33,56;276643,492;4194760,753;7520;5;38,7678401;5;0,129226134;27,425;-27,401;2;-45,02508114;134,9749189;;;
07/08/2025 13:08;36,38;276819,767;4195480,06;0530cnr;altri;6,889769299;5;0,022965898;1,94;6,611;1;16,35434262;16,35434262;;;
07/08/2025 13:10;36,93;276807,388;4195510,382;3500cnr;altri;2,080472302;5;0,006934908;1,789;1,062;1;59,3054575;59,3054575;;;
07/08/2025 13:10;33,52;277612,459;4193970,349;6250;altri;1,110405331;5;0,003701351;-0,03;-1,11;3;1,548157701;181,5481577;;;
07/08/2025 13:10;33,06;278001,143;4194603,958;540;2;41,39559979;5;0,137985333;30,949;-27,491;2;-48,38634589;131,6136541;;;
07/08/2025 13:11;42,66;276816,339;4195483,485;3680cnr;altri;2,220810663;5;0,007402702;0,06;2,220000001;1;1,548157698;1,548157698;;;
07/08/2025 13:11;33,1;278014,008;4194591,393;1520;2;37,27708987;5;0,124256966;27,49;-25,177;2;-47,51466828;132,4853317;;;
07/08/2025 13:12;33,12;278023,145;4194571,156;7510;2;35,86197778;5;0,119539926;27,551;-22,957;2;-50,19708821;129,8029118;;;
07/08/2025 13:13;33,6;276674,406;4194732,147;7520;5;42,11862571;5;0,140395419;30,914;-28,606;2;-47,22063909;132,7793609;;;
07/08/2025 13:13;33,59;276691,486;4194712,802;930;5;43,51270813;5;0,14504236;31,763;-29,74;2;-46,88393391;133,1160661;;;
07/08/2025 13:13;36,55;276819,797;4195481,169;0530cnr;altri;1,109405697;5;0,003698019;0,03;1,109;1;1,549553014;1,549553014;;;
07/08/2025 13:14;33,52;276589,598;4194656,714;2520;5;37,50979701;5;0,125032657;25,666;-27,354;2;-43,17648776;136,8235122;;;
07/08/2025 13:15;37,06;276807,418;4195511,492;3500cnr;altri;1,110405331;5;0,003701351;0,03;1,109999999;1;1,548157701;1,548157701;;;
07/08/2025 13:15;33,77;277612,459;4193970,349;6250;altri;0;5;0;0;0;;;;;;
07/08/2025 13:15;33,13;278018,016;4194576,847;540;2;31,9328115;5;0,106442705;16,873;-27,111;2;-31,89678395;148,103216;;;
07/08/2025 13:16;42,62;276816,279;4195481,265;3680cnr;altri;2,220810663;5;0,007402702;-0,06;-2,220000001;3;1,548157698;181,5481577;;;
07/08/2025 13:16;33,17;278039,709;4194565,155;1520;2;36,72838201;5;0,12242794;25,701;-26,238;2;-44,40763709;135,5923629;;;
07/08/2025 13:17;33,15;278048,905;4194547,137;7510;2;35,22059002;5;0,117401967;25,76;-24,019;2;-47,00307979;132,9969202;;;
07/08/2025 13:18;33,64;276711,538;4194705,592;7520;5;45,65033898;5;0,152167797;37,132;-26,555;2;-54,42949414;125,5705059;;;
07/08/2025 13:18;33,51;276726,89;4194687,405;930;5;43,57121556;5;0,145237385;35,404;-25,397;2;-54,34629785;125,6537021;;;
07/08/2025 13:19;33,57;276620,603;4194631,437;2520;5;40,00295932;5;0,133343198;31,005;-25,277;2;-50,81116711;129,1888329;;;
07/08/2025 13:19;36,95;276819,737;4195478,95;0530cnr;altri;2,219811028;5;0,00739937;-0,06;-2,219;3;1,548855042;181,548855;;;
07/08/2025 13:20;35,66;277649,96;4193827,178;6250;altri;148,0008792;5;0,493336264;37,501;-143,171;2;-14,67782872;165,3221713;;;
07/08/2025 13:20;33,23;278037,559;4194550,775;540;2;32,58340119;5;0,108611337;19,543;-26,072;2;-36,85442342;143,1455766;;;
07/08/2025 13:21;37,09;276807,388;4195510,382;3500cnr;altri;1,110405331;5;0,003701351;-0,03;-1,109999999;3;1,548157701;181,5481577;;;
07/08/2025 13:21;42,53;276817,978;4195478,998;3680cnr;altri;2,833000176;5;0,009443334;1,699;-2,267;2;-36,84967323;143,1503268;;;
07/08/2025 13:21;33,24;278060,042;4194535,73;1520;2;35,7667655;5;0,119222552;20,333;-29,425;2;-34,64490138;145,3550986;;;
07/08/2025 13:22;33,27;278069,268;4194518,821;7510;2;34,87760922;5;0,116258697;20,363;-28,316;2;-35,72119813;144,2788019;;;
07/08/2025 13:23;33,41;276767,723;4194667,414;930;5;45,46398542;5;0,151546618;40,833;-19,991;2;-63,91457708;116,0854229;;;
07/08/2025 13:24;33,65;276657,978;4194613,761;2520;5;41,34406367;5;0,137813546;37,375;-17,676;2;-64,68882606;115,3111739;;;o
07/08/2025 13:24;33,54;276748,792;4194683,477;7520;5;43,32359335;5;0,144411978;37,254;-22,115;2;-59,30546576;120,6945342;;;
07/08/2025 13:24;37,13;276819,767;4195480,06;0530cnr;altri;1,110405331;5;0,003701351;0,03;1,109999999;1;1,548157698;1,548157698;;;
07/08/2025 13:25;33,8;277063,289;4193654,297;6250;altri;611,6131967;5;2,038710656;-586,671;-172,881;3;73,58073809;253,5807381;;;
07/08/2025 13:25;33,27;278073,057;4194528,714;540;2;41,79468537;5;0,139315618;35,498;-22,061;2;-58,14022128;121,8597787;;;
07/08/2025 13:26;36,09;276807,388;4195510,382;3500cnr;altri;0;5;0;0;0;;;;;;
07/08/2025 13:26;42,04;276816,279;4195481,265;3680cnr;altri;2,833000176;5;0,009443334;-1,699;2,267;4;-36,84967323;233,1503268;;;
07/08/2025 13:26;33,34;278093,99;4194521,484;1520;2;36,8159642;5;0,122719881;33,948;-14,246;2;-67,23504214;112,7649579;;;
07/08/2025 13:27;33,34;278102,277;4194502,381;7510;2;36,87638378;5;0,122921279;33,009;-16,44;2;-63,52458415;116,4754159;;;
07/08/2025 13:28;33,45;276812,316;4194656,205;930;5;45,9801841;5;0,15326728;44,593;-11,209;2;-75,89031633;104,1096837;;;
07/08/2025 13:29;33,53;276699,962;4194603,733;2520;5;43,16499786;5;0,143883326;41,984;-10,028;2;-76,56642754;103,4335725;;;
07/08/2025 13:29;33,51;276796,055;4194673,306;7520;5;48,34501432;5;0,161150048;47,263;-10,171;2;-77,85516464;102,1448354;;;
07/08/2025 13:29;37,16;276819,677;4195476,73;0530cnr;altri;3,331215993;5;0,011104053;-0,09;-3,329999999;3;1,548157699;181,5481577;;;
07/08/2025 13:30;32,41;276676,421;4194094,614;6250;altri;586,1278955;5;1,953759652;-386,868;440,317;4;-41,30294221;228,6970578;;;
07/08/2025 13:31;36,41;276807,358;4195509,273;3500cnr;altri;1,109405697;5;0,003698019;-0,03;-1,109;3;1,549553011;181,549553;;;
07/08/2025 13:31;41,99;276816,279;4195481,265;3680cnr;altri;0;5;0;0;0;;;;;;
07/08/2025 13:31;33,34;278113,834;4194506,51;540;2;46,43039247;5;0,154767975;40,777;-22,204;2;-61,4307071;118,5692929;;;
07/08/2025 13:32;33,38;278125,21;4194503,981;1520;2;35,79166675;5;0,119305556;31,22;-17,503;2;-60,72351862;119,2764814;;;
07/08/2025 13:32;33,37;278134,287;4194481,524;7510;2;38,20542565;5;0,127351419;32,01;-20,857;2;-56,91263402;123,087366;;;
07/08/2025 13:33;33,58;276855,879;4194639,472;930;5;46,66613609;5;0,155553787;43,563;-16,733;2;-68,98769974;111,0123003;;;
07/08/2025 13:34;33,48;276737,307;4194584,947;2520;5;41,80386132;5;0,139346204;37,345;-18,786;2;-63,29581026;116,7041897;;;
07/08/2025 13:34;37,38;276819,616;4195474,511;0530cnr;altri;2,219838283;5;0,007399461;-0,061;-2,219000001;3;1,574656403;181,5746564;;;
07/08/2025 13:34;33,53;276837,009;4194657,755;7520;5;43,80711948;5;0,146023732;40,954;-15,551;2;-69,20729349;110,7927065;;;
07/08/2025 13:36;31,99;276612,87;4194606,104;6250;altri;515,4228843;5;1,718076281;-63,551;511,49;4;-7,082521633;262,9174784;;;
07/08/2025 13:36;36,43;276807,388;4195510,382;3500cnr;altri;1,109405697;5;0,003698019;0,03;1,109;1;1,549553011;1,549553011;;;
07/08/2025 13:36;41,6;276818,038;4195481,217;3680cnr;altri;1,759654796;5;0,005865516;1,759;-0,047999999;2;-88,43688741;91,56311259;;;
07/08/2025 13:36;33,41;278145,993;4194491,203;540;2;35,61608527;5;0,118720284;32,159;-15,307;2;-64,54654534;115,4534547;;;
07/08/2025 13:37;33,41;278157,28;4194485,345;1520;2;37,0915812;5;0,123638604;32,07;-18,636;2;-59,83896454;120,1610355;;;
07/08/2025 13:37;33,33;278167,296;4194465,084;7510;2;36,87638378;5;0,122921279;33,009;-16,44;2;-63,52458415;116,4754159;;;
07/08/2025 13:38;33,69;276900,352;4194623,825;930;5;47,14526846;5;0,157150895;44,473;-15,647;2;-70,61652458;109,3834754;;;
07/08/2025 13:39;33,67;276776,351;4194563,894;2520;5;44,35834471;5;0,147861149;39,044;-21,053;2;-61,66591356;118,3340864;;;
07/08/2025 13:39;36,96;276819,616;4195474,511;0530cnr;altri;0;5;0;0;0;;;;;;
07/08/2025 13:39;33,68;276887,79;4194647,489;7520;5;51,80830741;5;0,172694358;50,781;-10,266;2;-78,57099565;101,4290044;;;
07/08/2025 13:41;32,3;276683,53;4195067,296;6250;altri;466,5735703;5;1,555245234;70,66;461,192;1;8,710646595;8,710646595;;;
07/08/2025 13:41;35,88;276807,358;4195509,273;3500cnr;altri;1,109405697;5;0,003698019;-0,03;-1,109;3;1,549553011;181,549553;;;
07/08/2025 13:41;33,31;278183,491;4194477,973;540;2;39,76346192;5;0,132544873;37,498;-13,23;2;-70,56619953;109,4338005;;;
07/08/2025 13:42;40,79;276816,339;4195483,485;3680cnr;altri;2,833800452;5;0,009446002;-1,699;2,268;4;-36,83754771;233,1624523;;;
07/08/2025 13:42;33,34;278192,108;4194471,076;1520;2;37,63766657;5;0,125458889;34,828;-14,269;2;-67,72113203;112,278868;;;
07/08/2025 13:42;33,17;278203,035;4194451,901;7510;2;38,09288136;5;0,126976271;35,739;-13,183;2;-69,75255867;110,2474413;;;
07/08/2025 13:43;33,73;276945,856;4194613,703;930;5;46,6161871;5;0,15538729;45,504;-10,122;2;-77,45919401;102,540806;;;
07/08/2025 13:44;33,8;276812,907;4194548,462;2520;5;39,67981552;5;0,132266052;36,556;-15,432;2;-67,1131139;112,8868861;;;
07/08/2025 13:44;36,62;276819,677;4195476,73;0530cnr;altri;2,219838283;5;0,007399461;0,061;2,219000001;1;1,574656403;1,574656403;;;
07/08/2025 13:44;33,77;276930,745;4194640,768;7520;5;43,47762489;5;0,144925416;42,955;-6,721;2;-81,10725644;98,89274356;;;
07/08/2025 13:46;35,77;276807,388;4195510,382;3500cnr;altri;1,109405697;5;0,003698019;0,03;1,109;1;1,549553011;1,549553011;;;
07/08/2025 13:46;32,47;276882,599;4195362,849;6250;altri;356,3425916;5;1,187808639;199,069;295,553;1;33,9621408;33,9621408;;;
07/08/2025 13:46;33,13;278222,599;4194459,146;540;2;43,40382003;5;0,1446794;39,108;-18,827;2;-64,29335005;115,70665;;;
07/08/2025 13:47;40,11;276818,068;4195482,327;3680cnr;altri;2,080962518;5;0,006936542;1,729;-1,158000001;2;-56,18775052;123,8122495;;;
08/07/2025 16:02:40;33,11;276595,602;4194683,205;3500cnr;6;43,40278602;5;0,144675953;39,103;-18,835;2;-64,28097148;115,7190285;check;check;g
08/07/2025 16:02:41;33,14;276595,602;4194683,205;3500cnr;6;0;0;;;;1;;;check;check;g
07/08/2025 13:48;33,02;278242,232;4194436,404;7510;2;42,14928016;5;0,140497601;39,197;-15,497;2;-68,42804604;111,571954;;;
07/08/2025 13:49;36,37;276819,707;4195477,84;0530cnr;altri;1,110405331;5;0,003701351;0,03;1,109999999;1;1,548157698;1,548157698;;;
07/08/2025 13:49;33,66;276968,271;4194628,641;7520;5;39,43684578;5;0,131456153;37,526;-12,127;2;-72,09110726;107,9088927;;;
07/08/2025 13:49;33,65;276990,601;4194608,044;930;5;45,10143352;5;0,150338112;44,745;-5,659;2;-82,79194384;97,20805616;;;
07/08/2025 13:50;33,8;276854,831;4194536,216;2520;5;43,67592348;5;0,145586412;41,924;-12,246;2;-73,71691682;106,2830832;;;
07/08/2025 13:51;35,5;276807,358;4195509,273;3500cnr;altri;1,109405697;5;0,003698019;-0,03;-1,109;3;1,549553011;181,549553;;;
07/08/2025 13:51;32,47;276882,478;4195358,41;6250;altri;4,440648827;5;0,014802163;-0,121;-4,439;3;1,561404149;181,5614041;;;
07/08/2025 13:51;33;278257,128;4194433,78;540;2;42,84490398;5;0,142816347;34,529;-25,366;2;-53,69792219;126,3020778;;;
07/08/2025 13:52;39,54;276818,038;4195481,217;3680cnr;altri;1,110405331;5;0,003701351;-0,03;-1,109999999;3;1,548157701;181,5481577;;;
07/08/2025 13:53;32,89;278279,461;4194413,187;7510;2;43,87513567;5;0,146250452;37,229;-23,217;2;-58,05123193;121,9487681;;;
07/08/2025 13:54;33,6;277029,464;4194580,333;930;5;47,73083165;5;0,159102772;38,863;-27,711;2;-54,50948772;125,4905123;;;
07/08/2025 13:55;34,87;276823,467;4195486,622;0530cnr;altri;9,553068827;5;0,031843563;3,76;8,782000001;1;23,1781148;23,1781148;;;
07/08/2025 13:55;33,78;276885,837;4194510,939;2520;5;40,00373439;5;0,133345781;31,006;-25,277;2;-50,81207212;129,1879279;;;
07/08/2025 13:55;33,7;277005,435;4194603,198;7520;5;45,03897362;5;0,150129912;37,164;-25,443;2;-55,60390671;124,3960933;;;
07/08/2025 13:56;32,5;276884,207;4195357,252;6250;altri;2,080962518;5;0,006936542;1,729;-1,158;2;-56,18775054;123,8122495;;;
07/08/2025 13:57;35,36;276826,468;4195499,868;3680cnr;altri;20,46765011;5;0,0682255;8,43;18,651;1;24,32232558;24,32232558;;;
07/08/2025 13:57;33,47;276838,088;4195474,008;3500cnr;altri;46,77556119;5;0,155918537;30,73;-35,265;2;-41,06896695;138,9310331;;;
07/08/2025 13:57;32,84;278294,296;4194408,343;540;2;45,03888534;5;0,150129618;37,168;-25,437;2;-55,61307955;124,3869205;;;
07/08/2025 13:57;32,89;278305,733;4194408,034;1520;2;84,57050564;10;0,140950843;72,788;-43,059;2;-59,39282918;120,6071708;;;
07/08/2025 13:58;32,88;278314,78;4194384,468;7510;2;45,52156326;5;0,151738544;35,319;-28,719;2;-50,88434499;129,115655;;;
07/08/2025 13:59;33,71;277072,907;4194559,162;930;5;48,32706788;5;0,161090226;43,443;-21,171;2;-64,01871915;115,9812808;;;
07/08/2025 14:00;34,28;276844,948;4195434,951;0530cnr;altri;55,95824874;5;0,186527496;21,481;-51,671;2;-22,57394686;157,4260531;;;
07/08/2025 14:00;33,8;276924,52;4194476,57;2520;5;51,74555681;5;0,172485189;38,683;-34,369;2;-48,37960993;131,6203901;;;
07/08/2025 14:00;33,55;277054,096;4194579,664;7520;5;54,05314123;5;0,180177137;48,661;-23,534;2;-64,19011937;115,8098806;;;
07/08/2025 14:02;32,47;276882,478;4195358,41;6250;altri;2,080962518;5;0,006936542;-1,729;1,158;4;-56,18775054;213,8122495;;;
07/08/2025 14:02;32,88;278333,255;4194383,969;540;2;45,95536483;5;0,153184549;38,959;-24,374;2;-57,96858179;122,0314182;;;
07/08/2025 14:03;33,79;276884,147;4195355,032;3500cnr;altri;127,5802495;5;0,425267498;46,059;-118,976;2;-21,1628405;158,8371595;;;
07/08/2025 14:03;34,52;276886,329;4195370,521;3680cnr;altri;142,5271403;5;0,475090468;59,861;-129,347;2;-24,83441078;155,1655892;;;
07/08/2025 14:03;32,8;278348,97;4194379,102;1520;2;52,02402131;5;0,173413404;43,237;-28,932;2;-56,21157596;123,788424;;;
07/08/2025 14:03;32,69;278355,618;4194364,485;7510;2;45,4649594;5;0,151549865;40,838;-19,983;2;-63,92640255;116,0735975;;;
07/08/2025 14:04;33,52;277111,801;4194532,562;930;5;47,12009376;5;0,157066979;38,894;-26,6;2;-55,63138078;124,3686192;;;
07/08/2025 14:05;33,36;276884,056;4195351,703;0530cnr;altri;91,97643811;5;0,306588127;39,108;-83,248;2;-25,16306086;154,8369391;;;
07/08/2025 14:05;34,23;276961,654;4194450,017;2520;5;45,65080246;5;0,152169342;37,134;-26,553;2;-54,4329961;125,5670039;;;
07/08/2025 14:05;33,66;277089,531;4194555,379;7520;5;42,95812438;5;0,143193748;35,435;-24,285;2;-55,57562484;124,4243752;;;
07/08/2025 14:07;32,67;276882,448;4195357,3;6250;altri;1,110405332;5;0,003701351;-0,03;-1,11;3;1,5481577;181,5481577;;;
07/08/2025 14:07;32,73;278372,303;4194362,923;540;2;44,35854393;5;0,147861813;39,048;-21,046;2;-61,67632403;118,323676;;;
07/08/2025 14:08;33,31;276861,492;4195331,216;3500cnr;altri;32,87021267;5;0,109567376;-22,655;-23,816;3;43,56885875;223,5688587;;;
07/08/2025 14:08;32,88;276863,372;4195335,607;3680cnr;altri;41,78529939;5;0,139284331;-22,957;-34,914;3;33,32611705;213,326117;;;
07/08/2025 14:08;32,75;278388,078;4194360,276;1520;2;43,40338627;5;0,144677954;39,108;-18,826;2;-64,29453947;115,7054605;;;
07/08/2025 14:08;32,71;278399,305;4194352,199;7510;2;45,38171179;5;0,151272373;43,687;-12,286;2;-74,29253957;105,7074604;;;
07/08/2025 14:09;33,37;277152,485;4194507,024;930;5;48,03516733;5;0,160117224;40,684;-25,538;2;-57,88284792;122,1171521;;;
07/08/2025 14:10;33,45;276795,285;4195259,718;0530cnr;altri;127,8339965;5;0,426113322;-88,771;-91,985;3;43,9813382;223,9813382;;;
07/08/2025 14:10;33,47;277130,094;4194525,401;7520;5;50,43845213;5;0,168128174;40,563;-29,978;2;-53,53382387;126,4661761;;;
07/08/2025 14:11;34,21;276987,262;4194420,445;2520;5;39,11870202;5;0,130395673;25,608;-29,572;2;-40,89106598;139,108934;;;
07/08/2025 14:12;34,79;276667,626;4195162,13;6250;altri;290,2409699;5;0,9674699;-214,822;-195,17;3;47,74423774;227,7442377;;;
07/08/2025 14:12;32,76;278411,991;4194332,976;540;2;49,71881086;5;0,16572937;39,688;-29,947;2;-52,96323512;127,0367649;;;
07/08/2025 14:13;33,91;276581,159;4195025,66;3500cnr;altri;414,6698205;5;1,382232735;-280,333;-305,556;3;42,53489206;222,5348921;;;
07/08/2025 14:13;33,87;276616,038;4195078,019;3680cnr;altri;357,1073862;5;1,190357954;-247,334;-257,588;3;43,83659223;223,8365922;;;
07/08/2025 14:13;32,88;278420,789;4194332,739;1520;2;42,7585768;5;0,142528589;32,711;-27,537;2;-49,90842506;130,0915749;;;
07/08/2025 14:14;33,73;277185,1;4194476,152;930;5;44,90900365;5;0,149696679;32,615;-30,872;2;-46,57262847;133,4273715;;;
07/08/2025 14:14;32,85;278426,437;4194313,707;7510;2;47,09330619;5;0,156977687;27,132;-38,492;2;-35,17900397;144,820996;;;
07/08/2025 14:15;33,69;276473,941;4194903,085;0530cnr;altri;480,0511046;5;1,600170349;-321,344;-356,633;3;42,02041843;222,0204184;;;
07/08/2025 14:16;34,83;277009,23;4194386,531;2520;5;40,40733127;5;0,134691104;21,968;-33,914;2;-32,9333941;147,0666059;;;
07/08/2025 14:16;33,4;277167,108;4194494,41;7520;5;48,27502747;5;0,160916758;37,014;-30,991;2;-50,06131002;129,93869;;;
07/08/2025 14:17;35,65;276324,398;4194842,746;6250;altri;468,8406973;5;1,562802324;-343,228;-319,384;3;47,06089135;227,0608914;;;
07/08/2025 14:17;32,93;278443,003;4194307,706;540;2;40,00396285;5;0,133346543;31,012;-25,27;2;-50,82527282;129,1747272;;;
07/08/2025 14:18;34,59;276217,046;4194844,564;3680cnr;altri;462,2724879;5;1,540908293;-398,992;-233,455;3;59,66758591;239,6675859;;;
07/08/2025 14:18;33;278450,92;4194307,493;1520;2;39,30951128;5;0,131031704;30,131;-25,246;2;-50,04121304;129,958787;;;
07/08/2025 14:19;32,94;278457,179;4194278,449;7510;2;46,77816935;5;0,155927231;30,742;-35,258;2;-41,08568087;138,9143191;;;
07/08/2025 14:19;36,07;289817,023;4224182,781;3500cnr;altri;32020,70894;5;106,7356965;13235,864;29157,121;1;24,41565531;24,41565531;;;
07/08/2025 14:20;33,47;276007,311;4194997,997;0530cnr;altri;476,1846749;5;1,58728225;-466,63;94,912;4;-78,50294137;191,4970586;;;
07/08/2025 14:20;34,88;277209,07;4194451,068;930;5;34,69535929;5;0,115651198;23,97;-25,084;2;-43,69905555;136,3009445;;;
07/08/2025 14:21;36,96;277016,695;4194369,669;2520;5;18,44053332;5;0,061468444;7,465;-16,862;2;-23,87951934;156,1204807;;;
07/08/2025 14:21;34,12;277204,304;4194470,078;7520;5;44,44759431;5;0,148158648;37,196;-24,332;2;-56,80903941;123,1909606;;;
07/08/2025 14:22;32;275937,268;4195108,749;6250;altri;469,7097326;5;1,565699109;-387,13;266,003;4;-55,50644158;214,4935584;;;
07/08/2025 14:22;33,09;278476,563;4194279,036;540;2;44,13890008;5;0,147129667;33,56;-28,67;2;-49,49303901;130,506961;;;
07/08/2025 14:23;33,28;275950,221;4195099,51;3680cnr;6;;;;;;1;;;;;
07/08/2025 14:24;33,12;275943,699;4195086,361;3500cnr;6;;;;;;1;;;;;
07/08/2025 14:24;33,12;278483,482;4194274,407;1520;2;46,4216247;5;0,154738749;32,562;-33,086;2;-44,54267684;135,4573232;;;
07/08/2025 14:24;33,23;278496,378;4194262,953;7510;2;42,15077244;5;0,140502575;39,199;-15,496;2;-68,43030968;111,5696903;;;
07/08/2025 14:25;34,66;277205,581;4194452,274;930;altri;1544,682804;0;;1232,646;-930,929;2;-52,93886913;127,0611309;;;
07/08/2025 14:26;33,17;275962,961;4195082,503;0530cnr;6;;;;;;1;;;;;
07/08/2025 14:26;36,92;277016,756;4194371,889;2520;altri;1372,657427;0;;1018,128;-920,654;2;-47,8781732;132,1218268;;;
07/08/2025 14:26;35;277217,078;4194454,183;7520;5;20,39181456;5;0,067972715;12,774;-15,895;2;-38,78706277;141,2129372;;;v
07/08/2025 14:27;32,16;276050,565;4195034,577;6250;altri;135,4167486;5;0,451389162;113,297;-74,172;2;-56,78848636;123,2115136;;;
07/08/2025 14:27;33,43;278507,425;4194248,217;540;2;43,61506397;5;0,145383547;30,862;-30,819;2;-45,0399429;134,9600571;;;
07/08/2025 14:28;33,18;275975,732;4195066,606;3680cnr;6;41,63513345;5;0,138783778;25,511;-32,904;2;-37,78699661;142,2130034;;;
07/08/2025 14:29;33,16;275967,208;4195044,627;3500cnr;6;47,89989391;5;0,159666313;23,509;-41,734;2;-29,39280898;150,607191;;;
07/08/2025 14:29;33,58;278512,644;4194245,855;1520;2;40,81224017;5;0,136040801;29,162;-28,552;2;-45,60555713;134,3944429;;;
07/08/2025 14:29;34,7;278521,572;4194217,85;7510;2;51,66254199;5;0,172208473;25,194;-45,103;2;-29,1872068;150,8127932;;;
07/08/2025 14:30;34,84;277205,641;4194454,493;930;altri;2,219811028;5;0,00739937;0,06;2,219;1;1,548855042;1,548855042;;;
07/08/2025 14:31;33,33;275988,26;4195041,831;0530cnr;6;47,89834011;5;0,159661134;25,299;-40,672;2;-31,88264413;148,1173559;;;
07/08/2025 14:31;36,8;277020,154;4194367,354;2520;altri;5,666800597;5;0,018889335;3,398;-4,535;2;-36,84360961;143,1563904;;;
07/08/2025 14:31;34,88;277217,078;4194454,183;7520;altri;1506,440846;6;4,184557907;1225,336;-876,308;2;-54,42926821;125,5707318;;;v
07/08/2025 14:32;32,12;276143,724;4194932,08;6250;altri;138,5071633;5;0,461690544;93,159;-102,497;2;-42,26753941;137,7324606;;;
07/08/2025 14:33;33,33;275999,453;4195032,64;3680cnr;6;41,42915636;5;0,138097188;23,721;-33,966;2;-34,92947952;145,0705205;;;
07/08/2025 14:33;34,7;278527,85;4194222,123;540;2;33,13725186;5;0,110457506;20,425;-26,094;2;-38,05195624;141,9480438;;;
07/08/2025 14:34;33,32;275994,54;4195013,894;3500cnr;6;41,12852432;5;0,137095081;27,332;-30,733;2;-41,64788489;138,3521151;;;
07/08/2025 14:34;34,83;278526,211;4194226,609;1520;2;23,54722924;5;0,078490764;13,567;-19,246;2;-35,18099279;144,8190072;;;v
07/08/2025 14:35;34,8;278529,4;4194214,307;7510;altri;;;;1974,507;1737,844;1;;;;;
07/08/2025 14:36;33,4;276012,436;4195024,512;0530cnr;6;29,73931299;5;0,099131043;24,176;-17,319;2;-54,38326332;125,6167367;;;
07/08/2025 14:36;36,73;277018,455;4194369,621;2520;altri;2,833000176;5;0,009443334;-1,699;2,267;4;-36,84967323;233,1503268;;;
07/08/2025 14:36;34,8;277207,431;4194455,555;930;altri;2,081332266;5;0,006937774;1,79;1,062;1;59,31950968;59,31950968;;;
07/08/2025 14:36;34,66;277217,108;4194455,293;7520;altri;1,110405331;5;0,003701351;0,03;1,109999999;1;1,548157701;1,548157701;;;
07/08/2025 14:38;32;276246,32;4194820,443;6250;altri;151,6204438;5;0,505401479;102,596;-111,637;2;-42,58345377;137,4165462;;;
07/08/2025 14:38;34,61;278526,091;4194222,17;540;altri;;;;511,997;896,835;1;;;;;
07/08/2025 14:39;33,31;276021,962;4194986,491;3500cnr;6;38,76713161;5;0,129223772;27,422;-27,403;2;-45,01985627;134,9801437;;;
07/08/2025 14:39;33,31;276025,268;4195010,834;3680cnr;6;33,79224557;5;0,112640819;25,815;-21,806;2;-49,81212984;130,1878702;;;
07/08/2025 14:39;34,65;278529,64;4194223,185;1520;altri;;;;1861,044;1807,566;1;;;;;
07/08/2025 14:41;33,34;276043,589;4195004,781;0530cnr;6;36,87576128;5;0,122919204;31,153;-19,731;2;-57,65155014;122,3484499;;;
07/08/2025 14:41;34,48;277207,34;4194452,226;930;altri;3,330243535;5;0,011100812;-0,091;-3,329;3;1,565820922;181,5658209;;;
07/08/2025 14:41;34,42;278543,547;4194183,94;7510;altri;33,50063131;5;0,111668771;14,147;-30,367;2;-24,97928413;155,0207159;;;
07/08/2025 14:42;36,69;277020,244;4194370,683;2520;altri;2,080472302;5;0,006934908;1,789;1,062;1;59,3054575;59,3054575;;;
07/08/2025 14:42;34,72;277217,168;4194457,512;7520;altri;2,219811028;5;0,00739937;0,06;2,219000001;1;1,548855041;1,548855041;;;
07/08/2025 14:43;32,87;276185,978;4194964,245;6250;altri;155,9492615;5;0,519830872;-60,342;143,802;4;-22,76382943;247,2361706;;;
07/08/2025 14:43;34,55;278526,121;4194223,28;540;altri;1,110405331;5;0,003701351;0,03;1,11;1;1,548157698;1,548157698;;;
07/08/2025 14:44;33,23;276058,18;4194991,055;3680cnr;6;38,3980284;5;0,127993428;32,912;-19,779;2;-58,99555499;121,004445;;;
07/08/2025 14:44;34,51;278527,94;4194225,452;1520;altri;2,833600007;5;0,009445333;-1,7;2,267;4;-36,86585362;233,1341464;;;
07/08/2025 14:45;33,17;276057,453;4194964,421;3500cnr;6;41,79349209;5;0,13931164;35,491;-22,07;2;-58,12467638;121,8753236;;;
07/08/2025 14:46;33,24;276077,412;4194986,088;0530cnr;6;38,64483896;5;0,12881613;33,823;-18,693;2;-61,07183258;118,9281674;;;
07/08/2025 14:46;34,74;277207,34;4194452,226;930;altri;0;5;0;0;0;;;;;;
07/08/2025 14:46;34,32;278525,791;4194211,073;7510;altri;32,42645872;5;0,108088196;-17,756;27,133;4;-33,20097925;236,7990207;;;
07/08/2025 14:47;36,59;277012,387;4194373,118;2520;altri;8,225671644;5;0,027418905;-7,857;2,435;4;-72,78102141;197,2189786;;;
07/08/2025 14:47;34,67;277217,138;4194456,402;7520;altri;1,110405332;5;0,003701351;-0,03;-1,11;3;1,5481577;181,5481577;;;
07/08/2025 14:48;33,68;276284,142;4194883,826;6250;altri;126,8991192;5;0,422997064;98,164;-80,419;2;-50,67460012;129,3253999;;;
07/08/2025 14:48;34,52;278526,211;4194226,609;540;altri;3,33021636;5;0,011100721;0,09;3,329;1;1,548622525;1,548622525;;;v
07/08/2025 14:49;33,13;276093,884;4194976,754;3680cnr;6;38,46159405;5;0,128205314;35,704;-14,301;2;-68,17175758;111,8282424;;;
07/08/2025 14:49;34,46;278526,181;4194225,5;1520;altri;1,759654796;5;0,005865516;-1,759;0,048;4;-88,43688739;181,5631126;;;
07/08/2025 14:50;33,08;276084,937;4194939,238;3500cnr;6;37,27671854;5;0,124255728;27,484;-25,183;2;-47,50163863;132,4983614;;;
07/08/2025 14:51;33,12;276108,838;4194976,345;0530cnr;6;32,90166447;5;0,109672215;31,426;-9,743000001;2;-72,77500027;107,2249997;;;
07/08/2025 14:51;34,42;277207,401;4194454,446;930;altri;2,220837906;5;0,007402793;0,061;2,220000001;1;1,573947454;1,573947454;;;
07/08/2025 14:51;34,4;278540,178;4194189,583;7510;altri;25,86128127;5;0,086204271;14,387;-21,49;2;-33,80128673;146,1987133;;;
07/08/2025 14:52;36,48;277015,026;4194373,046;2520;altri;2,639982008;5;0,00879994;2,639;-0,072;2;-88,43718341;91,56281659;;;
07/08/2025 14:52;34,64;277218,867;4194455,245;7520;altri;2,08040621;5;0,006934687;1,729;-1,157;2;-56,21063314;123,7893669;;;
07/08/2025 14:53;33,51;276374,906;4194822,489;6250;altri;109,5460235;5;0,365153412;90,764;-61,337;2;-55,94974059;124,0502594;;;
07/08/2025 14:53;34,47;278526,24;4194227,719;540;altri;1,110378764;5;0,003701263;0,029;1,11;1;1,496576315;1,496576315;;;
07/08/2025 14:54;33,09;276123,46;4194963,73;3680cnr;6;32,31662656;5;0,107722089;29,576;-13,024;2;-66,23336865;113,7666313;;;
07/08/2025 14:55;33,04;276116,94;4194918,373;3500cnr;6;38,20392956;5;0,127346432;32,003;-20,865;2;-56,89685061;123,1031494;;;
07/08/2025 14:55;34,41;278523,481;4194223,351;1520;altri;3,450826133;5;0,011502754;-2,7;-2,149;3;51,48280857;231,4828086;;;
07/08/2025 14:56;34,53;277205,671;4194455,603;930;altri;2,081237372;5;0,006937458;-1,73;1,157;4;-56,22594353;213,7740565;;;
07/08/2025 14:56;34,42;278527,641;4194214,354;7510;altri;27,76290349;5;0,092543012;-12,537;24,771;4;-26,84470264;243,1552974;;;
07/08/2025 14:57;33,09;276142,782;4194962,092;0530cnr;6;36,81498533;5;0,122716618;33,944;-14,253;2;-67,22258771;112,7774123;;;
07/08/2025 14:57;36,41;277015,026;4194373,046;2520;altri;0;5;0;0;0;;;;;;
07/08/2025 14:57;34,62;277217,108;4194455,293;7520;altri;1,759654796;5;0,005865516;-1,759;0,047999999;4;-88,43688741;181,5631126;;;
07/08/2025 14:58;33,66;276452,688;4194769,282;6250;altri;94,23918704;5;0,314130623;77,782;-53,207;2;-55,62580859;124,3741914;;;
07/08/2025 14:58;34,44;278534,529;4194208,616;540;altri;20,82383562;5;0,069412785;8,289;-19,103;2;-23,45654767;156,5434523;check;check;
07/08/2025 14:58;34,44;278534,529;4194208,616;540;altri;0;0;;0;0;;;;check;check;
07/08/2025 14:59;33,05;276153,885;4194949,572;3680cnr;6;33,55785436;5;0,111859515;30,425;-14,158;2;-65,04550997;114,95449;;;
07/08/2025 15:00;33,02;276142,634;4194892,128;3500cnr;6;36,72848569;5;0,122428286;25,694;-26,245;2;-44,39219488;135,6078051;;;
07/08/2025 15:00;34,38;278521,632;4194220,069;1520;altri;3,767004778;5;0,012556683;-1,849;-3,282;3;29,39586622;209,3958662;;;
07/08/2025 15:01;34,42;277207,34;4194452,226;930;altri;3,766920493;5;0,012556402;1,669;-3,377;2;-26,29976334;153,7002367;;;
07/08/2025 15:02;33,06;276173,875;4194940,142;0530cnr;6;38,06017799;5;0,12686726;31,093;-21,95;2;-54,77994731;125,2200527;;;
07/08/2025 15:02;34,56;277218,867;4194455,245;7520;altri;1,759654796;5;0,005865516;1,759;-0,047999999;2;-88,43688741;91,56311259;;;
07/08/2025 15:02;34,42;278530,83;4194202,052;7510;altri;12,70861617;5;0,042362054;3,189;-12,302;2;-14,5326771;165,4673229;;;
07/08/2025 15:03;33,91;276553,615;4194725,441;6250;altri;110,0376872;5;0,366792291;100,927;-43,841;2;-66,52068011;113,4793199;;;
07/08/2025 15:03;36,32;277027,8;4194357,151;2520;altri;20,39181456;5;0,067972715;12,774;-15,895;2;-38,78706276;141,2129372;;;
07/08/2025 15:04;33,01;276186,707;4194926,465;3680cnr;6;40,13996927;5;0,133799898;32,822;-23,107;2;-54,85409034;125,1459097;;;
07/08/2025 15:04;34,38;278527,94;4194225,452;540;altri;18,07943077;5;0,060264769;-6,589;16,836;4;-21,37357348;248,6264265;;;
07/08/2025 15:05;34,27;278523,451;4194222,241;1520;altri;2,833080479;5;0,009443602;1,819;2,172;1;39,94539872;39,94539872;;;
07/08/2025 15:06;32,98;276196,384;4194926,201;3500cnr;6;63,63986038;5;0,212132868;53,75;34,073;1;57,62872432;57,62872432;;;
07/08/2025 15:06;34,45;277207,401;4194454,446;930;altri;2,220837906;5;0,007402793;0,061;2,220000001;1;1,573947454;1,573947454;;;
07/08/2025 15:07;33,08;276209,307;4194915,853;0530cnr;6;42,95791132;5;0,143193038;35,432;-24,289;2;-55,56896208;124,4310379;;;
07/08/2025 15:07;34,35;278527,581;4194212,135;7510;altri;10,59353057;5;0,035311769;-3,249;10,083;4;-17,86026567;252,1397343;;;
07/08/2025 15:08;33,94;276659,428;4194667,03;6250;altri;120,8645353;5;0,402881784;105,813;-58,411;2;-61,1003794;118,8996206;;;
07/08/2025 15:08;36,23;277034,687;4194351,411;2520;altri;8,965398429;5;0,029884661;6,887;-5,739999999;2;-50,19033764;129,8096624;;;
07/08/2025 15:08;34,54;277215,348;4194455,34;7520;altri;3,520282091;5;0,011734274;-3,519;0,095;4;-88,45360122;181,5463988;;;
07/08/2025 15:09;34,32;278538,838;4194205,168;540;altri;23,02622548;5;0,076754085;10,898;-20,284;2;-28,24783802;151,752162;;;
07/08/2025 15:10;33,02;276218,832;4194910,04;3680cnr;6;36,08041366;5;0,120268046;32,125;-16,425;2;-62,92006414;117,0799359;;;
07/08/2025 15:10;34,34;278526,121;4194223,28;1520;altri;2,865034206;5;0,009550114;2,67;1,039;1;68,73706883;68,73706883;;;
07/08/2025 15:11;33,02;276225,809;4194907,629;3500cnr;6;34,79583034;5;0,115986101;29,425;-18,572;2;-57,74135525;122,2586448;;;
07/08/2025 15:12;33,1;276241,462;4194900,538;0530cnr;6;35,61591288;5;0,11871971;32,155;-15,315;2;-64,53215928;115,4678407;;;
07/08/2025 15:12;34,36;277207,34;4194452,226;930;altri;2,220837906;5;0,007402793;-0,061;-2,220000001;3;1,573947454;181,5739475;;;
07/08/2025 15:13;36,05;277031,168;4194351,506;2520;altri;3,520282091;5;0,011734274;-3,519;0,095;4;-88,45360122;181,5463988;;;
07/08/2025 15:13;34,51;277215,379;4194456,45;7520;altri;1,110432799;5;0,003701443;0,031;1,11;1;1,599736573;1,599736573;;;
07/08/2025 15:13;34,36;278525,761;4194209,963;7510;altri;2,83372264;5;0,009445742;-1,82;-2,172;3;39,96089996;219,9609;;;
07/08/2025 15:14;32,91;277027,162;4194560,405;6250;altri;382,8801188;5;1,276267063;367,734;-106,625;2;-73,83040787;106,1695921;;;
07/08/2025 15:14;34,3;278534,529;4194208,616;540;altri;5,518712259;5;0,018395708;-4,309;3,448;4;-51,33370611;218,6662939;;;
07/08/2025 15:15;33,03;276258,024;4194894,533;3680cnr;6;42,14830854;5;0,140494362;39,192;-15,507;2;-68,41290532;111,5870947;;;
07/08/2025 15:15;34,3;278523,541;4194225,571;1520;altri;3,450374038;5;0,011501247;-2,58;2,291;4;-48,39542021;221,6045798;;;
07/08/2025 15:16;33,06;276265,82;4194889,878;3500cnr;6;43,77188735;5;0,145906291;40,011;-17,751;2;-66,07538897;113,924611;;;
07/08/2025 15:17;34,3;277211,799;4194454,326;930;altri;4,928760595;5;0,016429202;4,459;2,100000001;1;64,78155205;64,78155205;;;
07/08/2025 15:18;33,15;276280,442;4194877,263;0530cnr;6;45,40006635;5;0,151333555;38,98;-23,275;2;-59,15852911;120,8414709;;;
07/08/2025 15:18;35,89;277023,462;4194359,49;2520;altri;11,09624675;5;0,036987489;-7,706;7,984;4;-43,98492287;226,0150771;;;
07/08/2025 15:18;34,45;277217,108;4194455,293;7520;altri;2,080406211;5;0,006934687;1,729;-1,157000001;2;-56,21063312;123,7893669;;;
07/08/2025 15:19;32,3;277368,708;4194688,842;6250;altri;364,8968801;5;1,216322934;341,546;128,437;1;69,39143132;69,39143132;;;
07/08/2025 15:19;34,29;278529,25;4194208,758;7510;altri;3,691225542;6;0,010253404;3,489;-1,205;2;-70,94656353;109,0534365;;;
07/08/2025 15:20;33,07;276290,908;4194873,646;3680cnr;6;38,95669679;5;0,129855656;32,884;-20,887;2;-57,57742529;122,4225747;;;
07/08/2025 15:20;34,26;278516,923;4194241,297;540;altri;37,12167826;5;0,123738928;-17,606;32,681;4;-28,31235929;241,6876407;;;
07/08/2025 15:21;33,1;276302,132;4194865,565;3500cnr;6;43,69992349;5;0,145666412;36,312;-24,313;2;-56,19538616;123,8046138;;;
07/08/2025 15:21;34,27;278523,481;4194223,351;1520;altri;2,220810663;5;0,007402702;-0,06;-2,22;3;1,548157699;181,5481577;;;
07/08/2025 15:22;34,15;277213,499;4194452,059;930;altri;2,833600007;5;0,009445333;1,7;-2,267;2;-36,86585362;143,1341464;;;
07/08/2025 15:23;33,23;276321,213;4194855,05;0530cnr;6;46,42942828;5;0,154764761;40,771;-22,213;2;-61,41741219;118,5825878;;;
07/08/2025 15:23;35,76;277020,063;4194364,025;2520;altri;5,667400286;5;0,018891334;-3,399;4,535;4;-36,85170016;233,1482998;;;
07/08/2025 15:23;34,34;277218,867;4194455,245;7520;altri;1,759654796;5;0,005865516;1,759;-0,047999999;2;-88,43688741;91,56311259;;;
07/08/2025 15:24;31,86;277790,149;4194549,699;6250;altri;443,8167312;5;1,479389104;421,441;-139,143;2;-71,72883857;108,2711614;;;
07/08/2025 15:25;33,16;276321,273;4194857,269;3680cnr;6;34,49984571;5;0,114999486;30,365;-16,377;2;-61,66032598;118,339674;;;
07/08/2025 15:26;33,14;276334,075;4194842,483;3500cnr;6;39,40982077;5;0,131366069;31,943;-23,082;2;-54,14813834;125,8518617;;;
07/08/2025 15:26;34,12;278519,813;4194217,897;7510;altri;13,13690565;7;0,031278347;-9,437;9,139;4;-45,9190718;224,0809282;;;
07/08/2025 15:26;34,18;278526,091;4194222,17;540;altri;21,21071317;6;0,058918648;9,168;-19,127;2;-25,60944494;154,3905551;;;
07/08/2025 15:26;34,2;278526,181;4194225,5;1520;altri;3,450826133;5;0,011502754;2,7;2,149;1;51,48280857;51,48280857;;;
07/08/2025 15:27;34,02;277211,799;4194454,326;930;altri;2,833600007;5;0,009445333;-1,7;2,267;4;-36,86585362;233,1341464;;;
07/08/2025 15:28;33,2;276352,246;4194830,881;0530cnr;6;39,33430627;5;0,131114354;31,033;-24,169;2;-52,08796726;127,9120327;;;
07/08/2025 15:28;34,15;277218,777;4194451,915;7520;altri;3,331215994;5;0,011104053;-0,09;-3,33;3;1,548157699;181,5481577;;;
07/08/2025 15:29;35,59;277023,582;4194363,929;2520;altri;3,520309219;5;0,011734364;3,519;-0,096000001;2;-88,43733135;91,56266865;;;
07/08/2025 15:29;31,55;278230,166;4194413,408;6250;altri;460,6410717;5;1,535470239;440,017;-136,291;2;-72,79013966;107,2098603;;;
07/08/2025 15:30;33,17;276354,127;4194835,272;3680cnr;6;39,5379985;5;0,131793328;32,854;-21,997;2;-56,19618991;123,8038101;;;
07/08/2025 15:31;33,13;276371,357;4194821,475;3500cnr;6;42,79349937;5;0,142644998;37,282;-21,008;2;-60,59921541;119,4007846;;;
07/08/2025 15:31;34,11;278506,766;4194223,802;7510;altri;14,32107657;5;0,047736922;-13,047;5,905;4;-65,64875568;204,3512443;;;
07/08/2025 15:31;34,22;278526,121;4194223,28;1520;altri;2,220810663;5;0,007402702;-0,06;-2,22;3;1,548157699;181,5481577;;;
07/08/2025 15:31;34,16;278527,73;4194217,684;540;altri;4,776035699;5;0,015920119;1,639;-4,486;2;-20,07022572;159,9297743;;;
07/08/2025 15:32;33,96;277211,739;4194452,107;930;altri;2,219811028;5;0,00739937;-0,06;-2,219000001;3;1,548855041;181,548855;;;
07/08/2025 15:33;33,19;276389,438;4194806,545;0530cnr;6;44,44643698;5;0,14815479;37,192;-24,336;2;-56,80190152;123,1980985;;;
07/08/2025 15:33;34,12;277218,777;4194451,915;7520;altri;0;5;0;0;0;;;;;;
07/08/2025 15:34;35,48;277018,606;4194375,17;2520;altri;12,29311421;5;0,040977047;-4,976;11,241;4;-23,87730704;246,122693;;;
07/08/2025 15:34;31,27;278518,173;4194222,384;6250;altri;345,5983227;5;1,151994409;288,007;-191,024;2;-56,44520899;123,554791;;;
07/08/2025 15:35;33,17;276402,391;4194797,307;3680cnr;6;61,40647296;5;0,204688243;48,264;-37,965;2;-51,81101553;128,1889845;;;
07/08/2025 15:36;33,2;276410,218;4194793,762;3500cnr;6;47,73036444;5;0,159101215;38,861;-27,713;2;-54,50613911;125,4938609;;;
07/08/2025 15:36;34,09;278508,286;4194214,877;7510;altri;9,053508989;5;0,030178363;1,52;-8,925;2;-9,665202729;170,3347973;;;
07/08/2025 15:36;34,08;278526,031;4194219,951;540;altri;2,833000176;5;0,009443334;-1,699;2,267;4;-36,84967323;233,1503268;;;
07/08/2025 15:36;34,13;278526,091;4194222,17;1520;altri;1,110405331;5;0,003701351;-0,03;-1,11;3;1,548157698;181,5481577;;;
07/08/2025 15:37;34,08;277211,799;4194454,326;930;altri;2,219811028;5;0,00739937;0,06;2,219000001;1;1,548855041;1,548855041;;;
07/08/2025 15:38;33,32;276428,359;4194781,051;0530cnr;6;46,5272853;5;0,155090951;38,921;-25,494;2;-56,77443375;123,2255663;;;
07/08/2025 15:39;35,41;277018,575;4194374,06;2520;altri;1,110432799;5;0,003701443;-0,031;-1,11;3;1,599736573;181,5997366;;;
07/08/2025 15:39;34,06;277220,536;4194451,868;7520;altri;1,759627802;5;0,005865426;1,759;-0,047;2;-88,46943657;91,53056343;;;
07/08/2025 15:40;32,3;278505,276;4194233,838;6250;altri;17,24896301;5;0,057496543;-12,897;11,454;4;-48,39128732;221,6087127;;;
07/08/2025 15:41;33,23;276439,764;4194779,63;3680cnr;6;41,34268325;5;0,137808944;37,373;-17,677;2;-64,68638821;115,3136118;;;
07/08/2025 15:41;28,49;278408,305;4194196,476;1520;altri;120,5558934;5;0,401852978;-117,786;-25,694;3;77,69419613;257,6941961;;;
07/08/2025 15:41;29,12;278411,644;4194189,722;540;altri;118,3138969;5;0,394379656;-114,387;-30,229;3;75,196886;255,196886;;;
07/08/2025 15:42;33,27;276451,019;4194772,659;3500cnr;6;45,93536992;5;0,1531179;40,801;-21,103;2;-62,6511939;117,3488061;;;
07/08/2025 15:42;28,44;278375,124;4194174,05;7510;altri;139,2801571;5;0,46426719;-133,162;-40,827;3;72,954645;252,954645;;;
07/08/2025 15:43;33,34;276467,371;4194758,887;0530cnr;6;44,86846376;5;0,149561546;39,012;-22,164;2;-60,39766886;119,6023311;;;
07/08/2025 15:43;33,7;277213,499;4194452,059;930;altri;2,833600007;5;0,009445333;1,7;-2,267;2;-36,86585362;143,1341464;;;
07/08/2025 15:44;35,32;277018,606;4194375,17;2520;altri;1,110432799;5;0,003701443;0,031;1,11;1;1,599736573;1,599736573;;;
07/08/2025 15:44;34,01;277217,078;4194454,183;7520;altri;4,161368645;5;0,013871229;-3,458;2,315;4;-56,1991903;213,8008097;;;
07/08/2025 15:45;34,38;278117,672;4193932,239;6250;altri;491,1199626;5;1,637066542;-387,604;-301,599;3;52,11311646;232,1131165;;;
07/08/2025 15:46;33,27;276480,354;4194750,759;3680cnr;6;49,81046819;5;0,166034894;40,59;-28,871;2;-54,57638276;125,4236172;;;
07/08/2025 15:46;29,34;278009,024;4193756,375;1520;altri;594,234135;5;1,98078045;-399,281;-440,101;3;42,21584143;222,2158414;;;
07/08/2025 15:47;33,25;276486,391;4194746,152;3500cnr;6;44,2018035;5;0,147339345;35,372;-26,507;2;-53,15291603;126,847084;;;
07/08/2025 15:47;28,87;277961,863;4193705,454;7510;altri;624,7934581;5;2,08264486;-413,261;-468,596;3;41,40949644;221,4094964;;;
07/08/2025 15:47;29,59;277999,226;4193752,198;540;altri;601,2618875;5;2,004206292;-412,418;-437,524;3;43,30806138;223,3080614;;;
07/08/2025 15:48;33,3;276502,803;4194734,599;0530cnr;6;42,95734591;5;0,143191153;35,432;-24,288;2;-55,5700622;124,4299378;;;
07/08/2025 15:48;33,58;277213,468;4194450,949;930;altri;1,110432799;5;0,003701443;-0,031;-1,11;3;1,599736573;181,5997366;;;
07/08/2025 15:49;33,92;277220,506;4194450,758;7520;altri;4,845803236;5;0,016152677;3,428;-3,425;2;-45,02508206;134,9749179;;;
07/08/2025 15:50;35,23;277018,606;4194375,17;2520;altri;0;5;0;0;0;;;;;;
07/08/2025 15:50;32,57;277632,589;4193900,947;6250;altri;486,0912529;5;1,620304176;-485,083;-31,292;3;86,30904657;266,3090466;;;
07/08/2025 15:51;33,21;276515,787;4194726,471;3680cnr;6;42,95817074;5;0,143193902;35,433;-24,288;2;-55,5708163;124,4291837;;;
07/08/2025 15:52;33,17;276521,885;4194724,084;3500cnr;6;41,79498367;5;0,139316612;35,494;-22,068;2;-58,12917644;121,8708236;;;
07/08/2025 15:52;30,54;277609,88;4193972,64;540;altri;447,4203651;5;1,491401217;-389,346;220,442;4;-60,4820966;209,5179034;;;
07/08/2025 15:52;29,84;277612,399;4193968,129;1520;altri;449,6122186;5;1,498707395;-396,625;211,754;4;-61,90270096;208,097299;;;
07/08/2025 15:52;28,55;277616,956;4193941,352;7510;altri;417,8620646;5;1,392873549;-344,907;235,898;4;-55,62995313;214,3700469;;;
07/08/2025 15:53;33,2;276538,236;4194710,311;0530cnr;6;42,95817074;5;0,143193902;35,433;-24,288;2;-55,5708163;124,4291837;;;
07/08/2025 15:53;33,54;277211,709;4194450,997;930;altri;1,759654796;5;0,005865516;-1,759;0,048;4;-88,43688738;181,5631126;;;
07/08/2025 15:54;33,86;277220,416;4194447,429;7520;altri;3,33021636;5;0,011100721;-0,09;-3,329000001;3;1,548622523;181,5486225;;;
07/08/2025 15:55;35,14;277018,606;4194375,17;2520;altri;0;5;0;0;0;;;;;;
07/08/2025 15:55;34,17;277612,459;4193970,349;6250;altri;72,26240035;5;0,240874668;-20,13;69,402;4;-16,17476338;253,8252366;;;
07/08/2025 15:56;33,08;276551,371;4194707,732;3680cnr;6;40,21655352;5;0,134055178;35,584;-18,739;2;-62,22812224;117,7718778;;;
07/08/2025 15:57;33,07;276556,499;4194702,04;3500cnr;6;41,03738457;5;0,136791282;34,614;-22,044;2;-57,50889036;122,4911096;;;
07/08/2025 15:57;28,73;277607,639;4193954,931;7510;altri;16,46802144;5;0,054893405;-9,317;13,579;4;-34,45530395;235,5446961;;;
07/08/2025 15:57;29,83;277612,218;4193961,471;540;altri;11,41108255;5;0,038036942;2,338;-11,169;2;-11,82297414;168,1770259;;;
07/08/2025 15:57;30,18;277614,158;4193968,082;1520;altri;1,759627802;5;0,005865426;1,759;-0,047;2;-88,46943657;91,53056343;;;
07/08/2025 15:58;33,42;277213,499;4194452,059;930;altri;2,081332266;5;0,006937774;1,79;1,062;1;59,31950968;59,31950968;;;
07/08/2025 15:59;33,13;276575,52;4194689,305;0530cnr;6;42,79426004;5;0,142647533;37,284;-21,006;2;-60,60286281;119,3971372;;;
07/08/2025 16:00;35,02;277018,606;4194375,17;2520;altri;0;5;0;0;0;;;;;;
07/08/2025 16:00;33,74;277220,536;4194451,868;7520;altri;4,440621691;5;0,014802072;0,12;4,439;1;1,548506292;1,548506292;;;
07/08/2025 16:00;36,38;277633,792;4193945,338;6250;altri;32,87319592;5;0,10957732;21,333;-25,011;2;-40,4623445;139,5376555;;;
07/08/2025 16:01;33,12;276585,287;4194692,371;3680cnr;6;37,23245059;5;0,124108169;33,916;-15,361;2;-65,63360597;114,366394;;;
09/07/2025 10:48:42;29,71;276543,553;4192415,69;7520;8;63,7966827;5;0,212655609;16,818;-61,54;2;-15,28489322;164,7151068;check;check;g
09/07/2025 10:48:43;29,7;276543,553;4192415,69;7520;altri;1828,260594;6;5,078501649;393,362;-1785,442;2;-12,42470415;167,5752959;check;check;g
07/08/2025 16:02;30,49;277614,068;4193964,752;1520;altri;3,331215994;5;0,011104053;-0,09;-3,33;3;1,548157698;181,5481577;;;
07/08/2025 16:03;33,31;277211,739;4194452,107;930;altri;1,760654424;5;0,005868848;-1,76;0,047999999;4;-88,4377751;181,5622249;;;
07/08/2025 16:03;29,82;277620,956;4193959,013;540;altri;9,077136553;5;0,030257122;8,738;-2,458;2;-74,28870377;105,7112962;;;
07/08/2025 16:03;28,98;277630,604;4193957,641;7510;altri;23,12434486;5;0,07708115;22,965;2,71;1;83,26989815;83,26989815;;;
07/08/2025 16:04;33,21;276612,833;4194669,409;0530cnr;6;42,28605899;5;0,14095353;37,313;-19,896;2;-61,93261408;118,0673859;;;
07/08/2025 16:05;34,92;277018,606;4194375,17;2520;altri;0;5;0;0;0;;;;;;
07/08/2025 16:05;33,63;277218,837;4194454,135;7520;altri;2,833000176;5;0,009443334;-1,699;2,267;4;-36,84967323;233,1503268;;;
07/08/2025 16:06;33,2;276625,969;4194666,83;3680cnr;6;48,03506849;5;0,160116895;40,682;-25,541;2;-57,87854887;122,1214511;;;
07/08/2025 16:06;33,13;276625,999;4194667,94;3680cnr;altri;445,4644695;48;0,154675163;408,953;-176,624;2;-66,64081487;113,3591851;;;
07/08/2025 16:06;35,96;277640,958;4193917,379;6250;altri;28,86273093;5;0,096209103;7,166;-27,959;2;-14,37567518;165,6243248;;;
07/08/2025 16:07;31,38;277615,166;4193940,29;1520;altri;24,48662998;5;0,0816221;1,098;-24,462;2;-2,570050164;177,4299498;;;
07/08/2025 16:08;31,77;277205,491;4194448,944;930;altri;7,003004569;5;0,023343349;-6,248;-3,163;3;63,14955168;243,1495517;;;
07/08/2025 16:08;29,3;277604,18;4193957,246;7510;altri;26,42695217;5;0,088089841;-26,424;-0,395;3;89,14357602;269,143576;;;
07/08/2025 16:08;30,09;277607,699;4193957,151;540;altri;13,38712415;5;0,044623747;-13,257;-1,862;3;82,00487335;262,0048734;;;
07/08/2025 16:09;33,2;276650,147;4194649,513;0530cnr;6;42,28694139;5;0,140956471;37,314;-19,896;2;-61,93325158;118,0667484;;;
07/08/2025 16:10;34,8;277018,606;4194375,17;2520;altri;0;5;0;0;0;;;;;;
07/08/2025 16:10;31,39;277205,491;4194448,944;7520;altri;14,31999291;5;0,04773331;-13,346;-5,191;3;68,74617979;248,7461798;;;
07/08/2025 16:11;36,29;277603,939;4193948,368;6250;altri;48,27757742;5;0,160925258;-37,019;30,989;4;-50,06693936;219,9330606;;;
07/08/2025 16:12;33,13;276671,838;4194637,816;3500cnr;6;88,7247937;10;0,147874656;76,236;-45,389;2;-59,2314936;120,7685064;;;
07/08/2025 16:12;31,89;277597,871;4193951,864;1520;altri;20,81044211;5;0,06936814;-17,295;11,574;4;-56,20913636;213,7908636;;;
07/08/2025 16:13;32,9;277205,551;4194451,164;930;altri;2,220810663;5;0,007402702;0,06;2,22;1;1,548157699;1,548157699;;;
07/08/2025 16:13;30,17;277604,12;4193955,027;540;altri;4,161804537;5;0,013872682;-3,579;-2,124;3;59,31248504;239,312485;;;
07/08/2025 16:13;29,61;277607,639;4193954,931;7510;altri;4,162199659;5;0,013873999;3,459;-2,315;2;-56,20684829;123,7931517;;;
07/08/2025 16:14;33,23;276687,31;4194624,068;0530cnr;6;45,03927835;5;0,150130928;37,163;-25,445;2;-55,60108867;124,3989113;;;
07/08/2025 16:15;34,69;277018,606;4194375,17;2520;altri;0;5;0;0;0;;;;;;
07/08/2025 16:15;32,27;277205,43;4194446,725;7520;altri;2,219838283;5;0,007399461;-0,061;-2,219000001;3;1,574656402;181,5746564;;;
07/08/2025 16:16;36,68;277604,03;4193951,697;6250;altri;3,330243535;5;0,011100812;0,091;3,329;1;1,565820922;1,565820922;;;
07/08/2025 16:17;33,2;276703,783;4194614,735;3680cnr;6;93,64244562;10;0,156070743;77,814;-52,095;2;-56,19844044;123,8015596;;;
07/08/2025 16:18;33,14;276703,693;4194611,406;3500cnr;6;41,37909043;5;0,137930301;31,855;-26,41;2;-50,33891793;129,6610821;;;
07/08/2025 16:18;30,13;277605,789;4193951,65;540;altri;3,766920493;5;0,012556402;1,669;-3,377;2;-26,29976334;153,7002367;;;
07/08/2025 16:18;31,95;277609,489;4193958,213;1520;altri;13,23962707;5;0,04413209;11,618;6,349;1;61,34429556;61,34429556;;;
07/08/2025 16:19;33,23;276721,804;4194597,586;0530cnr;6;43,48715167;5;0,144957172;34,494;-26,482;2;-52,48555137;127,5144486;;;
07/08/2025 16:19;33,54;277205,491;4194448,944;930;altri;2,220810663;5;0,007402702;-0,06;-2,22;3;1,548157699;181,5481577;;;
07/08/2025 16:19;29,7;277602,36;4193955,074;7510;altri;5,28093647;5;0,017603122;-5,279;0,143;4;-88,44832481;181,5516752;;;
07/08/2025 16:20;28,68;277081,062;4194405,68;2520;altri;69,50979813;5;0,231699327;62,456;30,51;1;63,96431016;63,96431016;;;
07/08/2025 16:21;32,63;277205,491;4194448,944;7520;altri;2,219838283;5;0,007399461;0,061;2,219000001;1;1,574656402;1,574656402;;;
07/08/2025 16:22;33,22;276740,947;4194589,291;3680cnr;6;45,03953854;5;0,150131795;37,164;-25,444;2;-55,60285701;124,397143;;;
07/08/2025 16:22;36,58;277603,969;4193949,478;6250;altri;2,219838282;5;0,007399461;-0,061;-2,219;3;1,574656404;181,5746564;;;
07/08/2025 16:23;33,16;276739,097;4194586,009;3500cnr;6;43,57121556;5;0,145237385;35,404;-25,397;2;-54,34629785;125,6537021;;;
07/08/2025 16:23;31,99;277604,18;4193957,246;1520;altri;5,396347839;5;0,017987826;-5,309;-0,967;3;79,67711001;259,67711;;;
07/08/2025 16:23;30,14;277605,699;4193948,32;540;altri;3,331215994;5;0,011104053;-0,09;-3,33;3;1,548157698;181,5481577;;;
07/08/2025 16:24;33,27;276763,396;4194573,131;0530cnr;6;48,24874598;5;0,160829153;41,592;-24,455;2;-59,54559376;120,4544062;;;
07/08/2025 16:24;34,02;277205,491;4194448,944;930;altri;0;5;0;0;0;;;;;;
07/08/2025 16:24;29,84;277602,451;4193958,404;7510;altri;3,331243161;5;0,011104144;0,091;3,33;1;1,56535094;1,56535094;;;
07/08/2025 16:26;31,19;277242,686;4194424,612;7520;altri;44,44675746;5;0,148155858;37,195;-24,332;2;-56,80833372;123,1916663;;;
07/08/2025 16:26;28,1;277257,732;4194427,535;2520;altri;178,0166563;5;0,593388854;176,67;21,855;1;82,94803976;82,94803976;;;
07/08/2025 16:27;33,2;276778,171;4194566,066;3680cnr;6;43,87512736;5;0,146250425;37,224;-23,225;2;-58,03891226;121,9610877;;;o
07/08/2025 16:27;37,2;277604,12;4193955,027;6250;altri;5,551054134;5;0,018503514;0,151;5,549;1;1,558754395;1,558754395;;;
07/08/2025 16:28;33,18;276778,171;4194566,066;3500cnr;6;43,8691318;5;0,146230439;39,074;-19,943;2;-62,96066362;117,0393364;;;o
07/08/2025 16:28;30,25;277602,33;4193953,965;540;altri;6,573901886;5;0,021913006;-3,369;5,645;4;-30,82923157;239,1707684;;;
07/08/2025 16:28;32,02;277605,94;4193957,199;1520;altri;1,760627445;5;0,005868758;1,76;-0,047;2;-88,47030581;91,52969419;;;
07/08/2025 16:29;33,28;276798,042;4194552,198;0530cnr;6;40,47883157;5;0,134929439;34,646;-20,933;2;-58,85976558;121,1402344;;;
07/08/2025 16:29;30,22;277373,173;4194204,507;930;altri;296,4231774;5;0,988077258;167,682;-244,437;2;-34,44983845;145,5501615;;;
07/08/2025 16:29;30,03;277596,352;4193960,79;7510;altri;6,54910658;5;0,021830355;-6,099;2,386;4;-68,63398262;201,3660174;;;
07/08/2025 16:31;29,29;277425,611;4194125,343;2520;altri;345,6925853;5;1,152308618;167,879;-302,192;2;-29,05381528;150,9461847;;;
07/08/2025 16:31;29,83;277428,919;4194117,48;7520;altri;359,1835126;5;1,197278375;186,233;-307,132;2;-31,23100699;148,768993;;;
07/08/2025 16:32;36,83;277604,12;4193955,027;6250;altri;0;5;0;0;0;;;;;;
09/07/2025 15:21:40;30,14;276438,874;4192937,184;7510;10;46,62727164;5;0,155424239;-1,269;-46,61;3;1,559544886;181,5595449;check;check;g
09/07/2025 15:21:41;30,1;276438,874;4192937,184;7510;altri;3512,836893;6;9,757880257;609,89;-3459,488;2;-9,998215864;170,0017841;check;check;g
07/08/2025 16:33;30,11;277602,451;4193958,404;540;altri;4,440648827;5;0,014802163;0,121;4,439;1;1,561404149;1,561404149;;;
07/08/2025 16:33;31,88;277613,797;4193954,764;1520;altri;8,225671644;5;0,027418905;7,857;-2,435;2;-72,78102141;107,2189786;;;
07/08/2025 16:34;30,46;277542,077;4193972,257;930;altri;287,173508;4;1,196556283;168,904;-232,25;2;-36,02655194;143,9734481;;;
07/08/2025 16:34;30,02;277597,961;4193955,194;7510;altri;5,822722473;5;0,019409075;1,609;-5,596;2;-16,04136185;163,9586382;;;
07/08/2025 16:35;33,24;276837,754;4194523,353;0530cnr;6;49,08234885;5;0,16360783;39,712;-28,845;2;-54,00704225;125,9929577;;;
07/08/2025 16:36;30,78;277566,71;4193971,589;7520;altri;200,6752191;5;0,668917397;137,791;-145,891;2;-43,36447236;136,6355276;;;
07/08/2025 16:36;29,71;277566,771;4193973,808;2520;altri;207,0966002;5;0,690322001;141,16;-151,535;2;-42,96991771;137,0300823;;;
07/08/2025 16:37;36,19;277604,12;4193955,027;6250;altri;0;5;0;0;0;;;;;;
08/07/2025 11:02:40;32,24;277146,193;4194761,519;1520;2;37,43884326;5;0,124796144;36,339;9,008;1;76,07770655;76,07770655;check;check;o
08/07/2025 11:03:08;32,2;277146,193;4194761,519;7510;2;38,24614915;5;0,127487164;37,978;4,521000001;1;83,21130877;83,21130877;check;check;o
07/08/2025 16:38;31,7;277604,21;4193958,356;1520;altri;10,23782365;5;0,034126079;-9,587;3,592;4;-69,46033024;200,5396698;;;
07/08/2025 16:39;30,08;277602,481;4193959,513;540;altri;1,109405696;5;0,003698019;0,03;1,109;1;1,549553015;1,549553015;;;
07/08/2025 16:39;30,08;277605,879;4193954,979;7510;altri;7,920918444;5;0,026403061;7,918;-0,215;2;-88,44461146;91,55538854;;;
07/08/2025 16:40;33,29;276880,167;4194496,656;0530cnr;6;50,11578971;5;0,167052632;42,413;-26,697;2;-57,81150418;122,1884958;;;
07/08/2025 16:40;30,23;277611,226;4193924,848;930;altri;83,84030941;5;0,279467698;69,149;-47,409;2;-55,56521363;124,4347864;;;
07/08/2025 16:41;29,59;277604,12;4193955,027;2520;altri;41,80518822;5;0,139350627;37,349;-18,781;2;-63,30439565;116,6956043;;;
07/08/2025 16:41;30,14;277604,15;4193956,136;7520;altri;40,50368883;5;0,135012296;37,44;-15,453;2;-67,57208327;112,4279167;;;
07/08/2025 16:42;33,62;277604,09;4193953,917;6250;altri;1,110405331;5;0,003701351;-0,03;-1,11;3;1,548157698;181,5481577;;;
07/08/2025 16:43;33,23;276896,489;4194481,775;3500cnr;6;47,59325344;5;0,158644178;37,043;-29,882;2;-51,10743239;128,8925676;;;
07/08/2025 16:43;33,21;276898,309;4194483,946;3680cnr;6;47,73083165;5;0,159102772;38,863;-27,711;2;-54,50948772;125,4905123;;;
07/08/2025 16:44;30,1;277593,254;4193976,422;540;altri;19,26270516;5;0,064209017;-9,227;16,909;4;-28,62066727;241,3793327;;;
07/08/2025 16:44;31,68;277605,94;4193957,199;1520;altri;2,081237372;5;0,006937458;1,73;-1,157;2;-56,22594352;123,7740565;;;
07/08/2025 16:44;30,09;277607,609;4193953,822;7510;altri;2,081237372;5;0,006937458;1,73;-1,157;2;-56,22594353;123,7740565;;;
07/08/2025 16:45;33,3;276917,241;4194467,883;0530cnr;6;46,92938317;5;0,156431277;37,074;-28,773;2;-52,18508793;127,8149121;;;
07/08/2025 16:45;29,95;277604,18;4193957,246;930;altri;33,15533924;5;0,110517797;-7,046;32,398;4;-12,26976629;257,7302337;;;
07/08/2025 16:46;30,22;277615,196;4193941,4;7520;altri;18,41640063;5;0,061388002;11,046;-14,736;2;-36,85496423;143,1450358;;;
07/08/2025 16:46;30,06;277620,625;4193946,805;2520;altri;18,43953115;5;0,061465104;16,505;-8,222;2;-63,51971405;116,4802859;;;
07/08/2025 16:47;31,77;277644,884;4193867,297;6250;altri;95,74536457;5;0,319151215;40,794;-86,62;2;-25,21825926;154,7817407;;;
07/08/2025 16:48;33,26;276931,894;4194456,379;3500cnr;6;43,57144525;5;0,145238151;35,405;-25,396;2;-54,34813283;125,6518672;;;
07/08/2025 16:48;33,29;276933,714;4194458,551;3680cnr;6;43,5708624;5;0,145236208;35,405;-25,395;2;-54,34920137;125,6507986;;;
07/08/2025 16:49;31,43;277730,165;4193732,828;1520;altri;256,4648051;5;0,854882684;124,225;-224,371;2;-28,97149648;151,0285035;;;
07/08/2025 16:49;30,23;277792,421;4193723,368;540;altri;322,0307762;5;1,073435921;199,167;-253,054;2;-38,20463336;141,7953666;;;
07/08/2025 16:50;33,34;276949,976;4194441,45;0530cnr;6;42,07473962;5;0,140249132;32,735;-26,433;2;-51,07966828;128,9203317;;;
07/08/2025 16:50;30,16;277839,57;4193708,764;7510;altri;337,4304801;5;1,124768267;231,961;-245,058;2;-43,42728623;136,5727138;;;
07/08/2025 16:50;30,41;277872,733;4193697,871;930;altri;373,3578772;5;1,244526257;268,553;-259,375;2;-45,99598372;134,0040163;;;
07/08/2025 16:51;30,45;278095,226;4193818,457;2520;altri;491,6495889;5;1,638831963;474,601;-128,348;2;-74,8672784;105,1327216;;;
07/08/2025 16:52;30,47;278117,151;4193847,85;7520;altri;510,5981047;5;1,701993682;501,955;-93,55;2;-79,44283154;100,5571685;;;
07/08/2025 16:52;31,45;278226,145;4193971,509;6250;altri;590,5289926;5;1,968429975;581,261;104,212;1;79,83565268;79,83565268;;;
07/08/2025 16:53;33,27;276972,819;4194439,718;3680cnr;6;43,40372005;5;0,144679067;39,105;-18,833;2;-64,28449577;115,7155042;;;
07/08/2025 16:54;33,28;276972,699;4194435,279;3500cnr;6;45,93754483;5;0,153125149;40,805;-21,1;2;-62,65680942;117,3431906;;;
07/08/2025 16:54;30,98;278386,63;4194241,484;1520;altri;830,4680744;5;2,768226915;656,465;508,656;1;52,23000752;52,23000752;;;
07/08/2025 16:54;29,92;278417,54;4194342,822;540;altri;880,0551246;5;2,933517082;625,119;619,454;1;45,26079495;45,26079495;;;
07/08/2025 16:55;33,54;276997,09;4194425,731;0530cnr;6;49,66705102;5;0,165556837;47,114;-15,719;2;-71,5493648;108,4506352;;;
07/08/2025 16:55;29,97;278432,804;4194419,039;7510;altri;925,4280925;5;3,084760308;593,234;710,275;1;39,86921789;39,86921789;;;
07/08/2025 16:55;30,24;278454,555;4194507,297;930;altri;996,8386475;5;3,322795492;581,822;809,426;1;35,70888793;35,70888793;;;
07/08/2025 16:56;29,91;278439,886;4194746,467;2520;altri;989,9459964;5;3,299819988;344,66;928,01;1;20,37483854;20,37483854;;;
07/08/2025 16:57;30,3;278375,478;4194871,48;6250;altri;912,2763538;5;3,040921179;149,333;899,971;1;9,42130048;9,42130048;;;
07/08/2025 16:57;30,17;278429,079;4194770,081;7520;altri;973,554875;5;3,245182917;311,928;922,231;1;18,68718016;18,68718016;;;
07/08/2025 16:58;33,38;277021,903;4194431,72;3680cnr;6;49,73134887;5;0,165771163;49,084;-7,998000001;2;-80,74526617;99,25473383;;;
07/08/2025 16:59;33,36;277021,722;4194425,062;3500cnr;6;50,07635787;5;0,166921193;49,023;-10,217;2;-78,22737061;101,7726294;;;
07/08/2025 16:59;30,07;278225,384;4194985,484;1520;altri;761,2727977;5;2,537575992;-161,246;744;4;-12,22850627;257,7714937;;;
07/08/2025 17:00;33,56;277038,015;4194409,071;0530cnr;6;44,18609764;5;0,147286992;40,925;-16,66;2;-67,84944322;112,1505568;;;
07/08/2025 17:00;29,53;278152,542;4195026,323;7510;altri;668,8352901;5;2,229450967;-280,262;607,284;4;-24,7733576;245,2266424;;;
07/08/2025 17:00;31,88;278160,489;4195027,219;930;7;;;;;;1;;;;;
07/08/2025 17:00;29,54;278173,564;4195022,423;540;altri;722,0677307;5;2,406892436;-243,976;679,601;4;-19,74808133;250,2519187;;;
07/08/2025 17:02;32,51;278162,218;4195026,062;7520;7;;;;;;1;;;;;
07/08/2025 17:02;32,41;278165,737;4195025,967;2520;7;;;;;;1;;;;;
07/08/2025 17:03;33,53;277066,287;4194412,745;3680cnr;6;48,2699708;5;0,160899903;44,384;-18,975;2;-66,85237535;113,1476246;;;
07/08/2025 17:03;30,25;278289,588;4194722,763;6250;altri;171,7377017;5;0,572459006;-85,89;-148,717;3;30,00814774;210,0081477;;;
07/08/2025 17:04;33,65;277066,197;4194409,416;3500cnr;6;47,14682323;5;0,157156077;44,475;-15,646;2;-70,61847763;109,3815224;;;
07/08/2025 17:04;30,27;278338,643;4194420,472;1520;altri;576,251821;5;1,920839403;113,259;-565,012;2;-11,33495034;168,6650497;;;
07/08/2025 17:05;33,55;277057,128;4194399,667;0530cnr;6;21,30122027;5;0,071004068;19,113;-9,404;2;-63,80183889;116,1981611;;;v
07/08/2025 17:05;29,86;278313,421;4194269,005;7510;altri;774,217415;5;2,580724717;160,879;-757,318;2;-11,99320207;168,0067979;;;
07/08/2025 17:05;29,82;278325,137;4194344,207;540;altri;694,9469886;5;2,316489962;151,573;-678,216;2;-12,59788894;167,4021111;;;
07/08/2025 17:06;32,47;278184,789;4195014,346;930;7;27,49916597;5;0,091663887;24,3;-12,873;2;-62,08745607;117,9125439;;;
07/08/2025 17:07;32,5;278188,248;4195012,031;7520;7;29,57076024;5;0,098569201;26,03;-14,031;2;-61,67391692;118,3260831;;;
07/08/2025 17:07;32,41;278191,647;4195007,497;2520;7;31,81931803;5;0,106064393;25,91;-18,47;2;-54,51674607;125,4832539;;;
07/08/2025 17:08;30,41;278105,714;4193848,159;6250;altri;893,7235617;5;2,979078539;-183,874;-874,604;3;11,87277646;191,8727765;;;
07/08/2025 17:09;33,45;277073,994;4194404,761;3500cnr;6;9,080871875;5;0,030269573;7,797;-4,655;2;-59,16176376;120,8382362;;;v
07/08/2025 17:09;33,44;277079,302;4194405,728;3680cnr;6;14,78609191;5;0,049286973;13,015;-7,017;2;-61,66880042;118,3311996;;;v
07/08/2025 17:09;30,27;277885,629;4193686,416;1520;altri;862,5890652;5;2,875296884;-453,014;-734,056;3;31,68032056;211,6803206;;;
07/08/2025 17:10;29,81;277776,443;4193686,041;7510;altri;792,585893;5;2,641952977;-536,978;-582,964;3;42,6486957;222,6486957;;;
07/08/2025 17:10;29,79;277806,567;4193692,999;540;altri;832,4582297;5;2,774860766;-518,57;-651,208;3;38,53101357;218,5310136;;;
07/08/2025 17:11;33,48;277057,158;4194400,776;0530cnr;altri;1207,829312;50;0,402609771;1049,847;-597,221;2;-60,36597608;119,6340239;;;
07/08/2025 17:11;32,44;278209,76;4194993,68;930;7;32,41349097;5;0,10804497;24,971;-20,666;2;-50,38884218;129,6111578;;;
07/08/2025 17:12;32,47;278212,489;4194996,938;7520;7;28,5556427;5;0,095185476;24,241;-15,093;2;-58,09266436;121,9073356;;;
07/08/2025 17:12;32,42;278215,737;4194986,855;2520;7;31,72412747;5;0,105747092;24,09;-20,642;2;-49,40771653;130,5922835;;;
07/08/2025 17:13;30,31;277602,966;4193067,706;6250;altri;928,3654651;5;3,09455155;-502,748;-780,453;3;32,7886059;212,7886059;;;
07/08/2025 17:14;33,31;277073,994;4194404,761;3500cnr;altri;32390,04883;55;9,815166312;-12743,029;-29778,02;3;23,16773154;203,1677315;;;v
07/08/2025 17:14;33,36;277079,302;4194405,728;3680cnr;altri;523,6780908;7;1,246852597;453,303;-262,212;2;-59,95287116;120,0471288;;;v
07/08/2025 17:15;29,7;277228,944;4192393,731;7510;altri;1403,502865;5;4,678342882;-547,499;-1292,31;3;22,96039076;202,9603908;;;
07/08/2025 17:15;29,6;277282,36;4192480,018;540;altri;1321,406783;5;4,404689275;-524,207;-1212,981;3;23,3722738;203,3722738;;;
07/08/2025 17:15;30,08;277340,288;4192602,831;1520;altri;1213,075949;5;4,043586497;-545,341;-1083,585;3;26,71495922;206,7149592;;;
07/08/2025 17:16;33,34;277057,098;4194398,557;0530cnr;altri;2,219811028;5;0,00739937;-0,06;-2,219;3;1,548855042;181,548855;;;
07/08/2025 17:16;32,41;278234,76;4194974,124;930;7;31,74015022;5;0,105800501;25;-19,556;2;-51,9660606;128,0339394;;;
07/08/2025 17:17;32,48;278238,369;4194977,358;7520;7;32,45228497;5;0,108174283;25,88;-19,58;2;-52,88998833;127,1100117;;;
07/08/2025 17:17;32,35;278241,527;4194963,946;2520;7;34,49559944;5;0,114985331;25,79;-22,909;2;-48,38563365;131,6143664;;;
07/08/2025 17:18;29,96;276911,542;4192120,262;6250;altri;1172,90975;5;3,909699166;-691,424;-947,444;3;36,12115388;216,1211539;;;
07/08/2025 17:19;33,2;277073,964;4194403,652;3500cnr;altri;1,109405697;5;0,003698019;-0,03;-1,109;3;1,549553014;181,549553;;;
07/08/2025 17:19;33,23;277079,363;4194407,947;3680cnr;altri;2,219838282;5;0,007399461;0,061;2,219;1;1,574656402;1,574656402;;;
07/08/2025 17:20;29,48;276960,26;4192033,424;540;altri;550,6311023;5;1,835437008;-322,1;-446,594;3;35,80052737;215,8005274;;;
07/08/2025 17:20;29,91;276971,217;4192015,357;1520;altri;693,7860648;5;2,312620216;-369,071;-587,474;3;32,13842525;212,1384252;;;
07/08/2025 17:21;29,58;276945,571;4192043,818;7510;altri;450,2658822;5;1,500886274;-283,373;-349,913;3;39,00188284;219,0018828;;;
07/08/2025 17:21;33,3;277058,857;4194398,509;0530cnr;altri;1,759654796;5;0,005865516;1,759;-0,048;2;-88,43688738;91,56311262;;;
07/08/2025 17:22;32,38;278254,512;4194955,821;930;7;26,92844802;5;0,089761493;19,752;-18,303;2;-47,18056753;132,8194325;;;
07/08/2025 17:22;32,35;278256,002;4194945,786;2520;7;23,22307527;5;0,077410251;14,475;-18,16;2;-38,55770089;141,4422991;;;
07/08/2025 17:22;32,42;278262,549;4194960,046;7520;7;29,73848927;5;0,099128298;24,18;-17,312;2;-54,39871501;125,601285;;;
07/08/2025 17:23;30,05;276759,682;4191652,392;6250;altri;491,8981566;5;1,639660522;-151,86;-467,87;3;17,98225576;197,9822558;;;
07/08/2025 17:24;33,15;277073,964;4194403,652;3500cnr;altri;0;5;0;0;0;;;;;;
07/08/2025 17:24;33,14;277077,633;4194409,105;3680cnr;altri;2,081793458;5;0,006939312;-1,73;1,158000001;4;-56,20306595;213,796934;;;
07/08/2025 17:25;29,47;276629,252;4191260,571;540;altri;840,7544562;5;2,802514854;-331,008;-772,853;3;23,18514125;203,1851413;;;
07/08/2025 17:25;29,82;276662,59;4191352,953;1520;altri;730,7733468;5;2,435911156;-308,627;-662,404;3;24,98173386;204,9817339;;;
07/08/2025 17:26;29,67;276584,83;4191214,024;7510;altri;904,8160871;5;3,016053624;-360,741;-829,794;3;23,49630088;203,4963009;;;
07/08/2025 17:26;33,21;277057,128;4194399,667;0530cnr;altri;2,080962518;5;0,006936542;-1,729;1,158000001;4;-56,18775052;213,8122495;;;v
07/08/2025 17:27;32,36;278276,904;4194937,447;930;7;28,96559235;5;0,096551974;22,392;-18,374;2;-50,62903594;129,3709641;;;
07/08/2025 17:27;32,3;278278,573;4194934,07;2520;7;25,43058586;5;0,08476862;22,571;-11,716;2;-62,56738584;117,4326142;;;
07/08/2025 17:27;32,41;278288,64;4194948,235;7520;7;28,63983244;5;0,095466108;26,091;-11,811;2;-65,64445843;114,3555416;;;
07/08/2025 17:28;29,91;276383,116;4190663,11;6250;altri;1058,52767;5;3,528425566;-376,566;-989,282;3;20,8391149;200,8391149;;;
07/08/2025 17:29;33,09;277079,302;4194405,728;3680cnr;altri;3,766920493;5;0,012556402;1,669;-3,377;2;-26,29976334;153,7002367;;;
07/08/2025 17:30;29,86;276356,829;4190215,15;1520;altri;1178,170385;5;3,927234616;-305,761;-1137,803;3;15,04169443;195,0416944;;;
07/08/2025 17:30;33,05;277074,024;4194405,871;3500cnr;altri;2,219811028;5;0,00739937;0,06;2,219000001;1;1,548855041;1,548855041;;;
07/08/2025 17:31;29,77;276308,17;4190013,238;7510;altri;1232,245014;5;4,107483378;-276,66;-1200,786;3;12,97447987;192,9744799;;;
07/08/2025 17:31;29,52;276332,898;4190080,31;540;altri;1216,898402;5;4,056328008;-296,354;-1180,261;3;14,09511056;194,0951106;;;
07/08/2025 17:31;33,07;277057,128;4194399,667;0530cnr;altri;0;5;0;0;0;;;;;;
07/08/2025 17:32;32,33;278302,784;4194917,867;2520;7;29,13262312;5;0,097108744;24,211;-16,203;2;-56,20792941;123,7920706;;;
07/08/2025 17:32;32,35;278302,874;4194921,197;930;7;30,63500286;5;0,102116676;25,97;-16,25;2;-57,96487953;122,0351205;;;
07/08/2025 17:33;29,72;276239,953;4189384,283;6250;altri;1286,815504;5;4,289385012;-143,163;-1278,827;3;6,387591545;186,3875915;;;
07/08/2025 17:33;32,38;278319,828;4194929,623;7520;7;36,31938722;5;0,121064624;31,188;-18,612;2;-59,17259989;120,8274001;;;
07/08/2025 17:34;32,94;277079,302;4194405,728;3680cnr;altri;0;5;0;0;0;;;;;;
07/08/2025 17:35;29,64;276252,365;4188934,159;1520;altri;1285,243428;5;4,28414476;-104,464;-1280,991;3;4,662117759;184,6621178;;;
07/08/2025 17:35;32,94;277074,024;4194405,871;3500cnr;altri;0;5;0;0;0;;;;;;
07/08/2025 17:36;29,32;276277,545;4188823,526;540;altri;1258,002376;5;4,193341252;-55,353;-1256,784;3;2,521869279;182,5218693;;;
07/08/2025 17:36;29,64;276311,554;4188745,97;7510;altri;1267,272518;5;4,224241727;3,384;-1267,268;2;-0,152997201;179,8470028;;;
07/08/2025 17:36;32,95;277057,188;4194401,886;0530cnr;altri;2,219811028;5;0,00739937;0,06;2,219;1;1,548855042;1,548855042;;;
07/08/2025 17:37;32,39;278330,514;4194901,57;930;7;33,89968627;5;0,112998954;27,64;-19,627;2;-54,62166503;125,378335;;;
07/08/2025 17:38;32,38;278326,995;4194901,665;2520;7;29,13206695;5;0,09710689;24,211;-16,202;2;-56,20956391;123,7904361;;;
07/08/2025 17:38;32,41;278352,106;4194918,756;7520;7;34,05819979;5;0,113527333;32,278;-10,867;2;-71,39321915;108,6067809;;;
07/08/2025 17:39;29,62;276466,089;4188435,246;6250;altri;975,606846;5;3,25202282;226,136;-949,037;2;-13,40248485;166,5975152;;;
07/08/2025 17:39;32,85;277079,302;4194405,728;3680cnr;altri;0;5;0;0;0;;;;;;
07/08/2025 17:40;29,42;276661,045;4188444,385;1520;altri;637,8855019;5;2,126285006;408,68;-489,774;2;-39,84248755;140,1575124;;;
07/08/2025 17:40;32,84;277074,084;4194408,091;3500cnr;altri;2,220810663;5;0,007402702;0,06;2,22;1;1,548157699;1,548157699;;;
07/08/2025 17:41;29,18;276698,744;4188470,014;540;altri;549,8902906;5;1,832967635;421,199;-353,512;2;-49,99328935;130,0067106;;;
07/08/2025 17:41;29,44;276736,842;4188477,864;7510;altri;502,7431851;5;1,675810617;425,288;-268,106;2;-57,77224017;122,2277598;;;
07/08/2025 17:41;32,88;277057,098;4194398,557;0530cnr;altri;3,330216359;5;0,011100721;-0,09;-3,329;3;1,548622525;181,5486225;;;
07/08/2025 17:42;32,38;278356,544;4194887,54;930;7;29,57028576;5;0,098567619;26,03;-14,03;2;-61,67562252;118,3243775;;;
07/08/2025 17:43;32,35;278346,808;4194885,582;2520;7;25,51897055;5;0,085063235;19,813;-16,083;2;-50,93238826;129,0676117;;;
07/08/2025 17:43;32,34;278376,527;4194910,322;7520;7;25,83636192;5;0,086121206;24,421;-8,434;2;-70,94721178;109,0527882;;;
07/08/2025 17:44;29,57;276776,626;4188547,861;6250;altri;330,3261518;5;1,101087173;310,537;112,615;1;70,06702622;70,06702622;;;
07/08/2025 17:45;32,78;277073,933;4194402,542;3500cnr;altri;5,551054134;5;0,018503514;-0,151;-5,549;3;1,558754395;181,5587544;;;
07/08/2025 17:45;32,78;277079,272;4194404,618;3680cnr;altri;1,110405332;5;0,003701351;-0,03;-1,11;3;1,5481577;181,5481577;;;
07/08/2025 17:46;28,88;276769,463;4188543,613;540;altri;102,0685542;5;0,340228514;70,719;73,599;1;43,85676114;43,85676114;;;
07/08/2025 17:47;32,76;277057,128;4194399,667;0530cnr;altri;1,110405332;5;0,003701351;0,03;1,11;1;1,5481577;1,5481577;;;
07/08/2025 17:47;32,35;278380,846;4194874,667;930;7;27,50093331;5;0,091669778;24,302;-12,873;2;-62,08940666;117,9105933;;;
07/08/2025 17:48;32,34;278369,47;4194877,195;2520;7;24,16418865;5;0,080547295;22,662;-8,387;2;-69,69094533;110,3090547;;;
07/08/2025 17:48;32,34;278404,377;4194898,464;7520;7;30,26936841;5;0,100897895;27,85;-11,858;2;-66,93661817;113,0633818;;;
07/08/2025 17:49;29,84;276769,222;4188534,735;6250;altri;15,07020544;5;0,050234018;-7,404;-13,126;3;29,42609788;209,4260979;;;
07/08/2025 17:50;32,72;277073,964;4194403,652;3500cnr;altri;1,110432798;5;0,003701443;0,031;1,109999999;1;1,599736571;1,599736571;;;
07/08/2025 17:50;32,71;277079,302;4194405,728;3680cnr;altri;1,110405332;5;0,003701351;0,03;1,11;1;1,5481577;1,5481577;;;
07/08/2025 17:52;32,7;277057,158;4194400,776;0530cnr;altri;1,109405696;5;0,003698019;0,03;1,108999999;1;1,549553012;1,549553012;;;
07/08/2025 17:52;32,32;278406,846;4194859,527;930;7;30,08686757;5;0,100289559;26;-15,14;2;-59,78742772;120,2125723;;;
07/08/2025 17:53;32,27;278393,501;4194854,335;2520;7;33,16728148;5;0,110557605;24,031;-22,86;2;-46,43053924;133,5694608;;;
07/08/2025 17:53;32,34;278426,949;4194886,748;7520;7;25,43147341;5;0,084771578;22,572;-11,716;2;-62,56842379;117,4315762;;;
07/08/2025 17:55;32,6;277072,234;4194404,809;3500cnr;altri;2,081237373;5;0,006937458;-1,73;1,157000001;4;-56,2259435;213,7740565;;;
07/08/2025 17:55;32,6;277079,302;4194405,728;3680cnr;altri;0;5;0;0;0;;;;;;
07/08/2025 17:57;32,53;277055,459;4194403,044;0530cnr;altri;2,833800452;5;0,009446002;-1,699;2,268;4;-36,83754771;233,1624523;;;
07/08/2025 17:57;32,29;278434,606;4194844,34;930;7;31,64273327;5;0,105475778;27,76;-15,187;2;-61,31771869;118,6822813;;;
07/08/2025 17:58;32,27;278421,321;4194841,367;2520;7;30,69399655;5;0,102313322;27,82;-12,968;2;-65,00791594;114,9920841;;;
07/08/2025 17:58;32,3;278458,437;4194879,234;7520;7;32,37212288;5;0,107907076;31,488;-7,514;2;-76,57847795;103,4215221;;;
07/08/2025 18:00;32,5;277080,971;4194402,351;3680cnr;altri;3,766920493;5;0,012556402;1,669;-3,377;2;-26,29976334;153,7002367;;;
07/08/2025 18:01;32,57;277073,994;4194404,761;3500cnr;altri;1,760654424;5;0,005868848;1,76;-0,048;2;-88,43777507;91,56222493;;;
07/08/2025 18:02;32,42;277057,158;4194400,776;0530cnr;altri;2,833800452;5;0,009446002;1,699;-2,268;2;-36,83754771;143,1624523;;;
07/08/2025 18:03;32,31;278466,915;4194834,582;930;7;33,75040807;5;0,11250136;32,309;-9,757999999;2;-73,19457551;106,8054245;;;
07/08/2025 18:04;32,25;278449,261;4194832,838;2520;7;29,21279584;5;0,097375986;27,94;-8,528999999;2;-73,02459926;106,9754007;;;
07/08/2025 18:04;32,38;278492,415;4194866,1;7520;7;36,42809959;5;0,121426999;33,978;-13,134;2;-68,8662779;111,1337221;;;
07/08/2025 18:05;32,41;277079,272;4194404,618;3680cnr;altri;2,833000176;5;0,009443334;-1,699;2,267;4;-36,84967323;233,1503268;;;
07/08/2025 18:06;32,52;277074,024;4194405,871;3500cnr;altri;1,110405332;5;0,003701351;0,03;1,11;1;1,548157697;1,548157697;;;
07/08/2025 18:08;32,41;277057,158;4194400,776;0530cnr;altri;0;5;0;0;0;;;;;;
07/08/2025 18:08;32,33;278494,585;4194816,066;930;7;33,29371046;5;0,110979035;27,67;-18,516;2;-56,21065464;123,7893454;;;
07/08/2025 18:09;32,31;278475,232;4194816,589;2520;7;30,63532017;5;0,102117734;25,971;-16,249;2;-57,96745704;122,032543;;;
07/08/2025 18:09;32,32;278529,032;4194852,895;7520;7;38,92527089;5;0,129750903;36,617;-13,205;2;-70,16943639;109,8305636;;;
07/08/2025 18:10;32,34;277079,212;4194402,398;3680cnr;altri;2,220810663;5;0,007402702;-0,06;-2,22;3;1,548157699;181,5481577;;;
07/08/2025 18:11;32,46;277074,024;4194405,871;3500cnr;altri;0;5;0;0;0;;;;;;
07/08/2025 18:13;32,36;277057,158;4194400,776;0530cnr;altri;0;5;0;0;0;;;;;;
07/08/2025 18:13;32,32;278532,322;4194811,715;930;7;37,98700265;5;0,126623342;37,737;-4,351;2;-83,42295382;96,57704618;;;
07/08/2025 18:14;32,3;278511,209;4194812,285;2520;7;36,23353343;5;0,120778445;35,977;-4,304;2;-83,17801376;96,82198624;;;
07/08/2025 18:14;32,28;278565,069;4194850,812;7520;7;36,09715028;5;0,120323834;36,037;-2,083;2;-86,69188722;93,30811278;;;
07/08/2025 18:15;32,21;277077,603;4194407,995;3680cnr;altri;5,823683542;5;0,019412278;-1,609;5,597;4;-16,03864319;253,9613568;;;
07/08/2025 18:16;32,37;277074,024;4194405,871;3500cnr;altri;0;5;0;0;0;;;;;;
07/08/2025 18:18;32,27;277057,158;4194400,776;0530cnr;altri;0;5;0;0;0;;;;;;
07/08/2025 18:18;32,27;278571,998;4194813,976;930;7;39,74037112;5;0,132467904;39,676;2,261;1;86,73843638;86,73843638;;;
07/08/2025 18:19;32,27;278545,517;4194811,359;2520;7;34,32049446;5;0,114401648;34,308;-0,926;2;-88,45391706;91,54608294;;;
07/08/2025 18:19;32,41;278604,715;4194851,963;7520;7;39,66270436;5;0,132209015;39,646;1,151000001;1;88,33705989;88,33705989;;;
07/08/2025 18:21;32,33;277075,783;4194405,823;3500cnr;altri;1,759654796;5;0,005865516;1,759;-0,048;2;-88,43688738;91,56311262;;;
07/08/2025 18:21;32,14;277080,971;4194402,351;3680cnr;altri;6,572530715;5;0,021908436;3,368;-5,644;2;-30,82621344;149,1737866;;;
07/08/2025 18:23;32,19;277058,918;4194400,729;0530cnr;altri;1,760627445;5;0,005868758;1,76;-0,046999999;2;-88,47030583;91,52969417;;;
07/08/2025 18:23;32,37;278611,613;4194814,017;930;7;39,61502122;5;0,132050071;39,615;0,041;1;89,94070109;89,94070109;;;
07/08/2025 18:24;32,25;278577,186;4194810,504;2520;7;31,68053955;5;0,105601798;31,669;-0,855;2;-88,4535036;91,5464964;;;
07/08/2025 18:24;32,29;278644,36;4194853,114;7520;7;39,66170478;5;0,132205683;39,645;1,151;1;88,33701797;88,33701797;;;
07/08/2025 18:26;32,04;277081,002;4194403,46;3680cnr;altri;1,109433189;5;0,003698111;0,031;1,109;1;1,601178323;1,601178323;;;
07/08/2025 18:27;32,21;277073,994;4194404,761;3500cnr;altri;2,080472302;5;0,006934908;-1,789;-1,062;3;59,3054575;239,3054575;;;
07/08/2025 18:28;32,1;277058,887;4194399,619;0530cnr;altri;1,110432799;5;0,003701443;-0,031;-1,11;3;1,599736573;181,5997366;;;
07/08/2025 18:28;32,32;278651,169;4194811,839;930;7;39,61591625;5;0,132053054;39,556;-2,178;2;-86,84840918;93,15159082;;;
07/08/2025 18:29;32,32;278613,073;4194802,872;2520;7;36,68956518;5;0,122298551;35,887;-7,631999999;2;-77,99391643;102,0060836;;;
07/08/2025 18:29;32,4;278680,427;4194852,141;7520;7;36,0801222;5;0,120267074;36,067;-0,973;2;-88,45467394;91,54532606;;;
07/08/2025 18:31;31,87;277083,611;4194402,279;3680cnr;altri;2,863850904;5;0,00954617;2,609;-1,181;2;-65,64545597;114,354544;;;
07/08/2025 18:32;32,13;277073,994;4194404,761;3500cnr;altri;0;5;0;0;0;;;;;;
07/08/2025 18:33;32,02;277058,857;4194398,509;0530cnr;altri;1,110405332;5;0,003701351;-0,03;-1,11;3;1,548157697;181,5481577;;;
07/08/2025 18:33;32,35;278690,665;4194807,442;930;7;39,74000031;5;0,132466668;39,496;-4,397;2;-83,64754859;96,35245141;;;
07/08/2025 18:34;32,27;278652,689;4194802,914;2520;7;39,61602226;5;0,132053408;39,616;0,041999999;1;89,93925632;89,93925632;;;
07/08/2025 18:35;32,9;278726,17;4194850,907;7520;7;45,75964166;5;0,152532139;45,743;-1,234;2;-88,4547177;91,5452823;;;
07/08/2025 18:36;31,77;277079,302;4194405,728;3680cnr;altri;5,519337098;5;0,01839779;-4,309;3,449;4;-51,3256007;218,6743993;;;
07/08/2025 18:37;32,09;277073,994;4194404,761;3500cnr;altri;0;5;0;0;0;;;;;;
07/08/2025 18:38;31,96;277058,887;4194399,619;0530cnr;altri;1,110405332;5;0,003701351;0,03;1,11;1;1,548157697;1,548157697;;;
07/08/2025 18:39;33,17;278736,499;4194809,537;930;7;45,88185459;5;0,152939515;45,834;2,095;1;87,38292167;87,38292167;;;
07/08/2025 18:40;32,29;278696,823;4194807,276;2520;7;44,34903607;5;0,14783012;44,134;4,362;1;84,35548244;84,35548244;;;
07/08/2025 18:40;32,7;278762,447;4194857,703;7520;7;36,90807967;5;0,123026932;36,277;6,796;1;79,38940417;79,38940417;;;
07/08/2025 18:41;31,7;277079,302;4194405,728;3680cnr;altri;0;5;0;0;0;;;;;;
07/08/2025 18:42;31,91;277073,994;4194404,761;3500cnr;altri;0;5;0;0;0;;;;;;
07/08/2025 18:44;31,88;277058,857;4194398,509;0530cnr;altri;1,110405332;5;0,003701351;-0,03;-1,11;3;1,548157697;181,5481577;;;
07/08/2025 18:44;32,27;278777,784;4194806,203;930;7;41,41940102;5;0,13806467;41,285;-3,334;2;-85,38305698;94,61694302;;;
07/08/2025 18:45;33,05;278736,349;4194803,989;2520;7;39,66243872;5;0,132208129;39,526;-3,287;2;-85,24619555;94,75380445;;;
07/08/2025 18:45;32,2;278802,182;4194862,184;7520;7;39,98686767;5;0,133289559;39,735;4,481000001;1;83,56581754;83,56581754;;;
07/08/2025 18:46;31,68;277079,302;4194405,728;3680cnr;altri;0;5;0;0;0;;;;;;
07/08/2025 18:47;31,86;277073,994;4194404,761;3500cnr;altri;0;5;0;0;0;;;;;;
07/08/2025 18:49;31,6;277058,857;4194398,509;0530cnr;altri;0;5;0;0;0;;;;check;check;
07/08/2025 18:49;31,55;277058,857;4194398,509;0530cnr;altri;0;0;;0;0;;;;check;check;
07/08/2025 18:49;32,05;278822,648;4194804,993;930;7;44,88031413;5;0,149601047;44,864;-1,21;2;-88,45508446;91,54491554;;;
07/08/2025 18:50;32,16;278775,785;4194797,372;2520;7;39,98728279;5;0,133290943;39,436;-6,617;2;-80,47501906;99,52498094;;;
07/08/2025 18:50;32,16;278839,248;4194865,627;7520;7;37,22556386;5;0,124085213;37,066;3,443;1;84,693117;84,693117;;;
07/08/2025 18:51;31,69;277081,062;4194405,68;3680cnr;altri;1,760654424;5;0,005868848;1,76;-0,048;2;-88,43777507;91,56222493;;;
07/08/2025 18:52;31,76;277073,994;4194404,761;3500cnr;altri;0;5;0;0;0;;;;;;
07/08/2025 18:54;31,62;278861,994;4194795,048;930;7;40,58338011;5;0,135277934;39,346;-9,944999999;2;-75,81514922;104,1848508;;;
07/08/2025 18:55;31,88;278808,884;4194784,263;2520;7;35,60041688;5;0,118668056;33,099;-13,109;2;-68,39374681;111,6062532;;;
07/08/2025 18:55;31,46;278876,925;4194859,058;7520;7;38,24536691;5;0,127484556;37,677;-6,569;2;-80,10987187;99,89012813;;;
07/08/2025 18:57;31,72;277073,994;4194404,761;3500cnr;altri;0;5;0;0;0;;;;;;
07/08/2025 18:57;31,61;277081,032;4194404,57;3680cnr;altri;1,110405331;5;0,003701351;-0,03;-1,109999999;3;1,548157698;181,5481577;;;
07/08/2025 18:59;31,3;277057,098;4194398,557;0530cnr;altri;1,759654796;10;0,002932758;-1,759;0,048;4;-88,43688738;181,5631126;;;
07/08/2025 18:59;29,68;278879,439;4194789,025;930;7;18,45547491;5;0,06151825;17,445;-6,023;2;-70,95243245;109,0475676;;;v
07/08/2025 19:00;31,6;278848,231;4194774,318;2520;7;40,58434962;5;0,135281165;39,347;-9,945;2;-75,81549518;104,1845048;;;
07/08/2025 19:01;30,45;278877,044;4194863,497;7520;altri;457,6015628;3;2,542230904;447,965;93,416;1;78,22068424;78,22068424;;;
07/08/2025 19:02;31,48;277083,641;4194403,389;3680cnr;altri;2,863850904;5;0,00954617;2,609;-1,181;2;-65,64545597;114,354544;;;
07/08/2025 19:03;31,6;277073,994;4194404,761;3500cnr;altri;0;5;0;0;0;;;;;;
07/08/2025 19:04;30,7;277058,857;4194398,509;0530cnr;altri;1,759654796;5;0,005865516;1,759;-0,048;2;-88,43688738;91,56311262;;;
07/08/2025 19:04;29,55;278871,491;4194788,128;930;altri;502,6944188;9;0,93091559;416,936;280,831;1;56,03740758;56,03740758;;;
07/08/2025 19:05;30,26;278861,276;4194768,413;2520;altri;421,9610871;8;0,879085598;421,39;21,946;1;87,01872806;87,01872806;;;
07/08/2025 19:06;30,38;278884,872;4194859,955;7520;altri;8,592051443;5;0,028640171;7,828;-3,542;2;-65,65428096;114,345719;;;
07/08/2025 19:07;31,3;277081,002;4194403,46;3680cnr;altri;2,639954924;5;0,00879985;-2,639;0,071;4;-88,45887866;181,5411213;;;
07/08/2025 19:08;31,59;277073,994;4194404,761;3500cnr;altri;0;5;0;0;0;;;;;;
07/08/2025 19:09;29,64;277060,647;4194399,571;0530cnr;altri;2,081332266;5;0,006937774;1,79;1,062000001;1;59,31950966;59,31950966;;;
07/08/2025 19:10;29,52;278875,07;4194790,253;930;altri;4,162314981;5;0,013874383;3,579;2,125;1;59,30064733;59,30064733;;;
07/08/2025 19:11;30,12;278863,916;4194768,342;2520;altri;2,640954562;5;0,008803182;2,64;-0,071;2;-88,45946213;91,54053787;;;
07/08/2025 19:11;30,34;278881,383;4194861,159;7520;altri;3,690899213;5;0,012302997;-3,489;1,204;4;-70,9612366;199,0387634;;;
07/08/2025 19:12;31,3;277079,302;4194405,728;3680cnr;altri;2,834400113;5;0,009448;-1,7;2,268;4;-36,8537261;233,1462739;;;
07/08/2025 19:13;31,58;277073,994;4194404,761;3500cnr;altri;0;5;0;0;0;;;;;;
07/08/2025 19:14;29,45;277060,677;4194400,681;0530cnr;altri;1,110405331;5;0,003701351;0,03;1,109999999;1;1,548157701;1,548157701;;;
07/08/2025 19:15;29,41;278875,04;4194789,143;930;altri;1,110405331;5;0,003701351;-0,03;-1,109999999;3;1,548157701;181,5481577;;;
07/08/2025 19:16;30,07;278863,916;4194768,342;2520;altri;0;5;0;0;0;;;;;;
07/08/2025 19:16;30,3;278881,353;4194860,049;7520;altri;1,110405332;5;0,003701351;-0,03;-1,11;3;1,548157697;181,5481577;;;
07/08/2025 19:17;31,16;277083,611;4194402,279;3680cnr;altri;5,519337098;5;0,01839779;4,309;-3,449;2;-51,3256007;128,6743993;;;
07/08/2025 19:18;31,44;277073,994;4194404,761;3500cnr;altri;0;5;0;0;0;;;;;;
07/08/2025 19:20;29,29;277062,437;4194400,633;0530cnr;altri;1,760654424;5;0,005868848;1,76;-0,047999999;2;-88,4377751;91,5622249;;;
07/08/2025 19:20;29,38;278875,04;4194789,143;930;altri;0;5;0;0;0;;;;;;
07/08/2025 19:21;30,01;278863,916;4194768,342;2520;altri;0;5;0;0;0;;;;;;
07/08/2025 19:21;30,2;278881,383;4194861,159;7520;altri;1,110405332;5;0,003701351;0,03;1,11;1;1,548157697;1,548157697;;;
07/08/2025 19:22;31,17;277083,58;4194401,169;3680cnr;altri;1,110432799;5;0,003701443;-0,031;-1,11;3;1,59973657;181,5997366;;;
07/08/2025 19:23;31,35;277073,994;4194404,761;3500cnr;altri;0;5;0;0;0;;;;;;
07/08/2025 19:25;29,07;277062,437;4194400,633;0530cnr;altri;0;5;0;0;0;;;;;;
07/08/2025 19:25;29,38;278873,281;4194789,191;930;altri;1,759654796;5;0,005865516;-1,759;0,047999999;4;-88,43688741;181,5631126;;;
07/08/2025 19:26;29,94;278863,916;4194768,342;2520;altri;0;5;0;0;0;;;;;;
07/08/2025 19:27;30,24;278877,044;4194863,497;7520;altri;4,928809694;5;0,016429366;-4,339;2,338;4;-61,68271047;208,3172895;;;
07/08/2025 19:28;31,25;277074,024;4194405,871;3500cnr;altri;1,110405332;5;0,003701351;0,03;1,11;1;1,548157697;1,548157697;;;
07/08/2025 19:28;31,22;277083,671;4194404,498;3680cnr;altri;3,330243535;5;0,011100812;0,091;3,329;1;1,565820922;1,565820922;check;check;
07/08/2025 19:28;31,22;277083,671;4194404,498;3680cnr;altri;0;0;;0;0;;;;check;check;
07/08/2025 19:30;28,82;277062,376;4194398,413;0530cnr;altri;2,220837906;5;0,007402793;-0,061;-2,220000001;3;1,573947454;181,5739475;;;
07/08/2025 19:30;29,5;278875,04;4194789,143;930;altri;1,759654796;5;0,005865516;1,759;-0,047999999;2;-88,43688741;91,56311259;;;
07/08/2025 19:31;29,82;278863,916;4194768,342;2520;altri;0;5;0;0;0;;;;;;
07/08/2025 19:32;30,2;278883,112;4194860,002;7520;altri;7,002545894;5;0,02334182;6,068;-3,495;2;-60,0592486;119,9407514;;;
07/08/2025 19:33;31,17;277074,024;4194405,871;3500cnr;altri;0;5;0;0;0;;;;;;
07/08/2025 19:33;31,13;277081,032;4194404,57;3680cnr;altri;2,639982007;5;0,00879994;-2,639;0,072000001;4;-88,43718339;181,5628166;;;
07/08/2025 19:35;28,72;277064,136;4194398,366;0530cnr;altri;1,760627445;5;0,005868758;1,76;-0,046999999;2;-88,47030583;91,52969417;;;
07/08/2025 19:35;29,59;278875,04;4194789,143;930;altri;0;5;0;0;0;;;;;;
07/08/2025 19:36;29,62;278863,975;4194770,562;2520;altri;2,22078387;5;0,007402613;0,059;2,22;1;1,522367315;1,522367315;;;
07/08/2025 19:37;30,16;278881,473;4194864,488;7520;altri;4,776035699;5;0,015920119;-1,639;4,486;4;-20,07022572;249,9297743;;;
07/08/2025 19:38;31,17;277075,753;4194404,713;3500cnr;altri;2,080962518;5;0,006936542;1,729;-1,158;2;-56,18775054;123,8122495;;;
07/08/2025 19:38;31,11;277081,032;4194404,57;3680cnr;altri;0;5;0;0;0;;;;;;
07/08/2025 19:40;28,73;277062,406;4194399,523;0530cnr;altri;2,081237372;5;0,006937458;-1,73;1,157;4;-56,22594353;213,7740565;;;
07/08/2025 19:41;29,44;278863,916;4194768,342;2520;altri;2,22078387;5;0,007402613;-0,059;-2,22;3;1,522367315;181,5223673;;;
07/08/2025 19:41;29,56;278874,98;4194786,924;930;altri;2,219811028;5;0,00739937;-0,06;-2,219000001;3;1,548855041;181,548855;;;
07/08/2025 19:43;31,05;277085,34;4194401,121;3680cnr;altri;5,518556424;5;0,018395188;4,308;-3,449;2;-51,31911282;128,6808872;;;
07/08/2025 19:43;30,07;278881,443;4194863,379;7520;altri;1,109405697;5;0,003698019;-0,03;-1,109;3;1,549553011;181,549553;;;
07/08/2025 19:44;31,09;277075,753;4194404,713;3500cnr;altri;0;5;0;0;0;;;;;;
07/08/2025 19:45;28,61;277064,136;4194398,366;0530cnr;altri;2,081237372;5;0,006937458;1,73;-1,157;2;-56,22594353;123,7740565;;;
07/08/2025 19:46;29,56;278863,916;4194768,342;2520;altri;0;5;0;0;0;;;;;;
07/08/2025 19:46;29,58;278879,439;4194789,025;930;altri;4,929186749;5;0,016430622;4,459;2,101000001;1;64,77103614;64,77103614;;;v
07/08/2025 19:48;30,96;277079,302;4194405,728;3680cnr;altri;7,594859643;5;0,025316199;-6,038;4,607;4;-52,65633245;217,3436676;;;
07/08/2025 19:48;30,05;278881,443;4194863,379;7520;altri;0;5;0;0;0;;;;;;
07/08/2025 19:49;31,02;277073,994;4194404,761;3500cnr;altri;1,759654796;5;0,005865516;-1,759;0,047999999;4;-88,43688741;181,5631126;;;
07/08/2025 19:50;28,52;277064,106;4194397,256;0530cnr;altri;1,110405332;5;0,003701351;-0,03;-1,11;3;1,548157697;181,5481577;;;
07/08/2025 19:51;29,56;278873,281;4194789,191;930;altri;6,160237008;5;0,020534123;-6,158;0,165999999;4;-88,45586285;181,5441371;;;
07/08/2025 19:52;29,37;278861,276;4194768,413;2520;altri;2,640954562;5;0,008803182;-2,64;0,071;4;-88,45946213;181,5405379;;;
07/08/2025 19:53;30,88;277083,611;4194402,279;3680cnr;altri;5,519337098;5;0,01839779;4,309;-3,449;2;-51,3256007;128,6743993;;;
07/08/2025 19:53;30,02;278879,773;4194866,755;7520;altri;3,766467311;5;0,012554891;-1,67;3,376;4;-26,32014076;243,6798592;;;
07/08/2025 19:54;30,93;277075,663;4194401,384;3500cnr;altri;3,766920493;5;0,012556402;1,669;-3,377;2;-26,29976334;153,7002367;;;
07/08/2025 19:55;28,38;277065,865;4194397,208;0530cnr;altri;1,759654796;5;0,005865516;1,759;-0,048;2;-88,43688738;91,56311262;;;
07/08/2025 19:56;29,5;278877,709;4194790,182;930;altri;4,537539532;5;0,015125132;4,428;0,991;1;77,38490765;77,38490765;;;
07/08/2025 19:57;29,24;278863,916;4194768,342;2520;altri;2,640954562;5;0,008803182;2,64;-0,071;2;-88,45946213;91,54053787;;;
07/08/2025 19:59;30,83;277073,994;4194404,761;3500cnr;altri;3,766920493;5;0,012556402;-1,669;3,377;4;-26,29976334;243,7002367;;;
07/08/2025 19:59;30,74;277079,363;4194407,947;3680cnr;altri;7,083200406;5;0,023610668;-4,248;5,668;4;-36,85048412;233,1495159;;;
07/08/2025 19:59;30,02;278877,254;4194871,266;7520;altri;5,166670301;5;0,017222234;-2,519;4,511;4;-29,17954864;240,8204514;;;
07/08/2025 20:01;28,25;277062,376;4194398,413;0530cnr;altri;3,691225542;5;0,012304085;-3,489;1,205;4;-70,94656353;199,0534365;;;
07/08/2025 20:02;29,32;278861,336;4194770,633;2520;altri;3,450374038;5;0,011501247;-2,58;2,291;4;-48,39542021;221,6045798;;;
07/08/2025 20:04;30,75;277075,693;4194402,494;3500cnr;altri;2,833000176;5;0,009443334;1,699;-2,267;2;-36,84967323;143,1503268;;;
07/08/2025 20:04;30,51;277079,302;4194405,728;3680cnr;altri;2,219838282;5;0,007399461;-0,061;-2,219;3;1,574656402;181,5746564;;;
07/08/2025 20:04;29,46;278875,16;4194793,582;930;altri;4,249400076;8;0,008852917;-2,549;3,4;4;-36,85911103;233,140889;check;check;
07/08/2025 20:04;29,46;278875,16;4194793,582;930;altri;0;0;;0;0;;;;check;check;
07/08/2025 20:05;30,04;278886,512;4194855,468;7520;altri;18,31085383;6;0,050863483;9,258;-15,798;2;-30,37130696;149,628693;;;
07/08/2025 20:06;28,47;277065,865;4194397,208;0530cnr;altri;3,691225542;5;0,012304085;3,489;-1,205;2;-70,94656353;109,0534365;;;
07/08/2025 20:07;29,11;278863,975;4194770,562;2520;altri;2,639954924;5;0,00879985;2,639;-0,071;2;-88,45887864;91,54112136;;;
07/08/2025 20:09;30,72;277077,422;4194401,336;3500cnr;altri;2,080962518;5;0,006936542;1,729;-1,158;2;-56,18775054;123,8122495;;;
07/08/2025 20:09;30,4;277079,393;4194409,057;3680cnr;altri;3,330243535;5;0,011100812;0,091;3,329;1;1,565820922;1,565820922;;;
07/08/2025 20:09;29,37;278871,581;4194791,458;930;altri;4,161804537;5;0,013872682;-3,579;-2,124000001;3;59,31248503;239,312485;;;
07/08/2025 20:10;30,04;278890,09;4194857,593;7520;altri;4,161455154;5;0,013871517;3,578;2,125;1;59,2936182;59,2936182;;;
07/08/2025 20:11;28,38;277070,083;4194390,43;0530cnr;altri;7,983283034;5;0,026610943;4,218;-6,778;2;-31,89431258;148,1056874;;;
07/08/2025 20:12;28,96;278863,975;4194770,562;2520;altri;0;5;0;0;0;;;;;;
07/08/2025 20:14;30,15;277079,393;4194409,057;3680cnr;altri;0;5;0;0;0;;;;;;
07/08/2025 20:15;30,54;277074,024;4194405,871;3500cnr;altri;5,666800597;5;0,018889335;-3,398;4,535;4;-36,84360961;233,1563904;;;
07/08/2025 20:15;29,36;278879,469;4194790,134;930;altri;7,998344829;5;0,026661149;7,888;-1,324;2;-80,47172856;99,52827144;;;
07/08/2025 20:16;28,52;277060,737;4194402,9;0530cnr;altri;15,58360087;5;0,051945336;-9,346;12,47;4;-36,85077895;233,149221;;;
07/08/2025 20:16;29,99;278886,661;4194861,017;7520;altri;4,845804061;5;0,01615268;-3,429;3,424;4;-45,04180342;224,9581966;;;
07/08/2025 20:17;28,69;278861,426;4194773,962;2520;altri;4,249400076;5;0,014164667;-2,549;3,4;4;-36,85911103;233,140889;;;
07/08/2025 20:20;30,48;277057,942;4194429,63;3500cnr;altri;28,690082;5;0,095633607;-16,082;23,759;4;-34,09329873;235,9067013;;;
07/08/2025 20:20;29,82;277079,302;4194405,728;3680cnr;altri;3,330243535;5;0,011100812;-0,091;-3,329;3;1,565820922;181,5658209;;;
07/08/2025 20:20;29,24;278873,281;4194789,191;930;altri;6,25944031;5;0,020864801;-6,188;-0,943;3;81,3352613;261,3352613;;;
07/08/2025 20:21;28,56;277060,707;4194401,791;0530cnr;altri;1,109405697;5;0,003698019;-0,03;-1,109;3;1,549553014;181,549553;;;
07/08/2025 20:21;29,95;278890,27;4194864,251;7520;altri;4,845991849;5;0,016153306;3,609;3,234;1;48,13670143;48,13670143;;;
07/08/2025 20:22;28,36;278863,916;4194768,342;2520;altri;6,146909793;5;0,020489699;2,49;-5,62;2;-23,89624017;156,1037598;;;
07/08/2025 20:25;30,45;277072,355;4194409,248;3500cnr;altri;24,96318275;5;0,083210609;14,413;-20,382;2;-35,26579443;144,7342056;;;
07/08/2025 20:25;29,57;277079,302;4194405,728;3680cnr;altri;0;5;0;0;0;;;;;;
07/08/2025 20:25;29,15;278873,341;4194791,41;930;altri;2,219811028;5;0,00739937;0,06;2,219000001;1;1,548855041;1,548855041;;;
07/08/2025 20:26;29,89;278886,841;4194867,675;7520;altri;4,845804061;5;0,01615268;-3,429;3,424;4;-45,04180342;224,9581966;;;
07/08/2025 20:27;28,52;277060,798;4194405,12;0530cnr;altri;3,330243535;5;0,011100812;0,091;3,329;1;1,565820923;1,565820923;;;
07/08/2025 20:28;28,35;278861,276;4194768,413;2520;altri;2,640954562;5;0,008803182;-2,64;0,071;4;-88,45946213;181,5405379;;;
07/08/2025 20:30;30,38;277070,626;4194410,406;3500cnr;altri;2,080962518;5;0,006936542;-1,729;1,158000001;4;-56,18775052;213,8122495;;;
07/08/2025 20:30;29,37;277079,393;4194409,057;3680cnr;altri;3,330243535;5;0,011100812;0,091;3,329;1;1,565820922;1,565820922;;;
07/08/2025 20:30;29,09;278871,641;4194793,677;930;altri;2,833600007;5;0,009445333;-1,7;2,267;4;-36,86585362;233,1341464;;;
07/08/2025 20:31;29,85;278886,87;4194868,785;7520;altri;1,110378765;5;0,003701263;0,029;1,11;1;1,496576314;1,496576314;;;
07/08/2025 20:32;28,59;277060,737;4194402,9;0530cnr;altri;2,220837905;5;0,007402793;-0,061;-2,22;3;1,573947454;181,5739475;;;
07/08/2025 20:33;27,92;278857,907;4194774,057;2520;altri;6,573043207;5;0,021910144;-3,369;5,644;4;-30,83369876;239,1663012;;;
07/08/2025 20:35;30,3;277074,024;4194405,871;3500cnr;altri;5,666800597;5;0,018889335;3,398;-4,535;2;-36,84360961;143,1563904;;;
07/08/2025 20:35;29,28;277079,302;4194405,728;3680cnr;altri;3,330243535;5;0,011100812;-0,091;-3,329;3;1,565820922;181,5658209;;;
07/08/2025 20:36;29,06;278866,453;4194797,149;930;altri;6,242605866;5;0,020808686;-5,188;3,472;4;-56,20810962;213,7918904;;;
07/08/2025 20:37;28,45;277057,218;4194402,996;0530cnr;altri;3,520309219;5;0,011734364;-3,519;0,096;4;-88,43733136;181,5626686;;;
07/08/2025 20:37;29,84;278886,751;4194864,346;7520;altri;4,44059478;5;0,014801983;-0,119;-4,439;3;1,535608277;181,5356083;;;
07/08/2025 20:38;27,71;278852,719;4194777,529;2520;altri;6,242605866;5;0,020808686;-5,188;3,472;4;-56,20810962;213,7918904;;;
07/08/2025 20:40;30,23;277070,656;4194411,516;3500cnr;altri;6,57338946;5;0,021911298;-3,368;5,645;4;-30,82174688;239,1782531;;;
07/08/2025 20:40;29,09;277079,302;4194405,728;3680cnr;altri;0;5;0;0;0;;;;;;
07/08/2025 20:41;29;278858,446;4194794,033;930;altri;8,591944192;5;0,028639814;-8,007;-3,116;3;68,7360284;248,7360284;;;
07/08/2025 20:42;28,41;277058,978;4194402,948;0530cnr;altri;1,760654424;5;0,005868848;1,76;-0,048;2;-88,43777507;91,56222493;;;
07/08/2025 20:42;29,79;278886,751;4194864,346;7520;altri;0;5;0;0;0;;;;;;
07/08/2025 20:43;27,59;278852,689;4194776,419;2520;altri;1,110405332;5;0,003701351;-0,03;-1,11;3;1,548157697;181,5481577;;;
07/08/2025 20:45;29,07;277079,363;4194407,947;3680cnr;altri;2,219838282;5;0,007399461;0,061;2,219;1;1,574656402;1,574656402;;;
07/08/2025 20:46;30,15;277072,264;4194405,919;3500cnr;altri;5,823407336;5;0,019411358;1,608;-5,597;2;-16,02918729;163,9708127;;;
07/08/2025 20:47;28,41;277055,489;4194404,154;0530cnr;altri;3,691552113;5;0,012305174;-3,489;1,206;4;-70,93189306;199,0681069;;;
07/08/2025 20:47;28,93;278843,76;4194804,424;930;altri;17,9903162;5;0,059967721;-14,686;10,391;4;-54,71889031;215,2811097;;;
07/08/2025 20:47;29,73;278890,539;4194874,239;7520;altri;10,59341272;5;0,035311376;3,788;9,893;1;20,95169304;20,95169304;;;
07/08/2025 20:48;27,36;278857,847;4194771,838;2520;altri;6,898588623;5;0,022995295;5,158;-4,580999999;2;-48,39060118;131,6093988;;;
07/08/2025 20:50;29,09;277079,302;4194405,728;3680cnr;altri;2,219838282;5;0,007399461;-0,061;-2,219;3;1,574656402;181,5746564;;;
07/08/2025 20:51;30,12;277075,693;4194402,494;3500cnr;altri;4,846510703;5;0,016155036;3,429;-3,425;2;-45,03343786;134,9665621;;;
07/08/2025 20:52;28,38;277051,06;4194403,163;0530cnr;altri;4,538515396;5;0,015128385;-4,429;-0,991;3;77,38766481;257,3876648;;;
07/08/2025 20:52;28,97;278860,385;4194800,644;930;altri;17,04931157;5;0,056831039;16,625;-3,779999999;2;-77,19052049;102,8094795;;;
07/08/2025 20:52;29,62;278888,69;4194870,957;7520;altri;3,767004778;5;0,012556683;-1,849;-3,282;3;29,39586622;209,3958662;;;
07/08/2025 20:53;27,41;278874,232;4194759,18;2520;altri;20,70490737;5;0,069016358;16,385;-12,658;2;-52,31262719;127,6873728;;;
07/08/2025 20:55;28,97;277079,302;4194405,728;3680cnr;altri;0;5;0;0;0;;;;;;
07/08/2025 20:56;30,05;277075,723;4194403,604;3500cnr;altri;1,110405332;5;0,003701351;0,03;1,11;1;1,548157697;1,548157697;;;
07/08/2025 20:57;28,23;277051,06;4194403,163;0530cnr;altri;0;5;0;0;0;;;;;;
07/08/2025 20:58;28,98;278843,73;4194803,314;930;altri;16,86765914;6;0,046854609;-16,655;2,67;4;-80,89228165;189,1077184;;;
07/08/2025 20:58;29,54;278884,812;4194857,735;7520;altri;13,77897558;5;0,045929919;-3,878;-13,222;3;16,34636271;196,3463627;;;
07/08/2025 20:59;27,28;278865,675;4194768,295;2520;altri;12,50221876;5;0,041674063;-8,557;9,115;4;-43,19146524;226,8085348;;;
07/08/2025 21:01;29,97;277075,663;4194401,384;3500cnr;altri;2,220810663;5;0,007402702;-0,06;-2,220000001;3;1,548157698;181,5481577;;;
07/08/2025 21:01;28,88;277079,302;4194405,728;3680cnr;altri;0;5;0;0;0;;;;;;
07/08/2025 21:03;28,09;277047,722;4194409,918;0530cnr;altri;7,534737487;5;0,025115792;-3,338;6,755;4;-26,29639416;243,7036058;;;
07/08/2025 21:03;29,31;278883,142;4194861,112;7520;altri;3,767363667;5;0,012557879;-1,67;3,376999999;4;-26,31339755;243,6866025;;;
07/08/2025 21:04;27,02;278861,276;4194768,413;2520;altri;4,400582348;5;0,014668608;-4,399;0,118;4;-88,46345054;181,5365495;;;
07/08/2025 21:04;28,88;278869,702;4194787,066;930;altri;30,63563755;5;0,102118792;25,972;-16,248;2;-57,9700345;122,0299655;;;
07/08/2025 21:06;28,78;277079,302;4194405,728;3680cnr;altri;0;5;0;0;0;;;;;;
07/08/2025 21:07;29,89;277075,753;4194404,713;3500cnr;altri;3,33021636;5;0,011100721;0,09;3,329000001;1;1,548622524;1,548622524;;;
07/08/2025 21:08;28,03;277062,376;4194398,413;0530cnr;altri;18,63074719;5;0,062102491;14,654;-11,505;2;-51,86419168;128,1358083;;;
07/08/2025 21:08;29,19;278884,962;4194863,284;7520;altri;2,83372264;5;0,009445742;1,82;2,172;1;39,96089995;39,96089995;;;
07/08/2025 21:09;27,06;278870,833;4194763,714;2520;altri;10,64973474;5;0,035499116;9,557;-4,699;2;-63,8175085;116,1824915;;;
07/08/2025 21:09;28,54;278873,071;4194781,422;930;altri;6,573043206;5;0,021910144;3,369;-5,643999999;2;-30,83369876;149,1663012;;;
07/08/2025 21:11;28,49;277079,272;4194404,618;3680cnr;altri;1,110405332;5;0,003701351;-0,03;-1,11;3;1,5481577;181,5481577;;;
07/08/2025 21:12;29,81;277073,994;4194404,761;3500cnr;altri;1,759654796;5;0,005865516;-1,759;0,047999999;4;-88,43688741;181,5631126;;;
07/08/2025 21:13;27,98;277062,376;4194398,413;0530cnr;altri;0;5;0;0;0;;;;;;
07/08/2025 21:14;28,63;278872,982;4194778,093;930;altri;3,330189484;5;0,011100632;-0,089;-3,329;3;1,531423847;181,5314238;;;
07/08/2025 21:14;27,05;278874,382;4194764,728;2520;altri;3,691015714;5;0,012303386;3,549;1,014;1;74,05460409;74,05460409;;;
07/08/2025 21:14;29,09;278881,293;4194857,83;7520;altri;6,573254673;5;0,021910849;-3,669;-5,454;3;33,92940293;213,9294029;;;
07/08/2025 21:16;28,35;277079,302;4194405,728;3680cnr;altri;1,110405332;5;0,003701351;0,03;1,11;1;1,5481577;1,5481577;;;
07/08/2025 21:17;29,66;277075,783;4194405,823;3500cnr;altri;2,080472302;5;0,006934908;1,789;1,062;1;59,3054575;59,3054575;;;
07/08/2025 21:18;27,91;277062,346;4194397,304;0530cnr;altri;1,109405697;5;0,003698019;-0,03;-1,109;3;1,549553011;181,549553;;;
07/08/2025 21:19;28,66;278871,432;4194785,909;930;altri;7,968209083;5;0,026560697;-1,55;7,816;4;-11,21686041;258,7831396;;;
07/08/2025 21:19;26,96;278872,623;4194764,776;2520;altri;1,759654796;5;0,005865516;-1,759;0,047999999;4;-88,43688741;181,5631126;;;
07/08/2025 21:19;29,05;278881,174;4194853,391;7520;altri;4,44059478;5;0,014801983;-0,119;-4,439;3;1,535608277;181,5356083;;;
07/08/2025 21:21;28,45;277079,272;4194404,618;3680cnr;altri;1,110405332;5;0,003701351;-0,03;-1,11;3;1,5481577;181,5481577;;;
07/08/2025 21:22;29,57;277075,753;4194404,713;3500cnr;altri;1,110405331;5;0,003701351;-0,03;-1,109999999;3;1,548157698;181,5481577;;;
07/08/2025 21:24;27,85;277062,376;4194398,413;0530cnr;altri;1,109405697;5;0,003698019;0,03;1,109;1;1,549553011;1,549553011;;;
07/08/2025 21:24;28,69;278869,583;4194782,627;930;altri;3,767004778;5;0,012556683;-1,849;-3,282;3;29,39586622;209,3958662;;;
07/08/2025 21:24;29,02;278876,895;4194857,948;7520;altri;6,251087105;5;0,020836957;-4,279;4,557;4;-43,19794316;226,8020568;;;
07/08/2025 21:25;26,73;278877,021;4194764,657;2520;altri;4,399609642;5;0,014665365;4,398;-0,119;2;-88,45008309;91,54991691;;;
07/08/2025 21:26;28,52;277079,272;4194404,618;3680cnr;altri;0;5;0;0;0;;;;;;
07/08/2025 21:27;29,48;277073,994;4194404,761;3500cnr;altri;1,759654796;5;0,005865516;-1,759;0,047999999;4;-88,43688741;181,5631126;;;
07/08/2025 21:29;27,83;277062,346;4194397,304;0530cnr;altri;1,109405697;5;0,003698019;-0,03;-1,109;3;1,549553011;181,549553;;;
07/08/2025 21:29;28,7;278873,071;4194781,422;930;altri;3,690280342;5;0,012300934;3,488;-1,205;2;-70,94149503;109,058505;;;
07/08/2025 21:29;28,88;278883,083;4194858,892;7520;altri;6,259591041;5;0,020865303;6,188;0,944;1;81,32621249;81,32621249;;;
07/08/2025 21:30;26,77;278880,48;4194762,343;2520;altri;4,161643545;5;0,013872145;3,459;-2,313999999;2;-56,21828986;123,7817101;;;
07/08/2025 21:31;28,61;277079,363;4194407,947;3680cnr;altri;3,330243535;5;0,011100812;0,091;3,329;1;1,565820923;1,565820923;;;
07/08/2025 21:32;29,26;277073,964;4194403,652;3500cnr;altri;1,109405697;5;0,003698019;-0,03;-1,109;3;1,549553014;181,549553;;;
07/08/2025 21:34;27,74;277062,437;4194400,633;0530cnr;altri;3,330243535;5;0,011100812;0,091;3,329000001;1;1,565820921;1,565820921;;;
07/08/2025 21:35;28,35;278874,831;4194781,375;930;altri;1,760627445;5;0,005868758;1,76;-0,047;2;-88,4703058;91,5296942;;;
07/08/2025 21:35;26,67;278877,021;4194764,657;2520;altri;4,161643545;5;0,013872145;-3,459;2,313999999;4;-56,21828986;213,7817101;;;
07/08/2025 21:37;29,15;277073,994;4194404,761;3500cnr;altri;1,109405697;5;0,003698019;0,03;1,109;1;1,549553014;1,549553014;;;
07/08/2025 21:37;28,45;277079,302;4194405,728;3680cnr;altri;2,219838282;5;0,007399461;-0,061;-2,219;3;1,574656402;181,5746564;;;
07/08/2025 21:38;28,69;;;7520;altri;4204119,039;8;8758,581332;-278883,083;-4194858,892;3;3,803547349;183,8035473;;;
07/08/2025 21:39;27,71;277062,376;4194398,413;0530cnr;altri;2,220837906;5;0,007402793;-0,061;-2,220000001;3;1,573947454;181,5739475;;;
07/08/2025 21:40;28,46;278874,831;4194781,375;930;altri;0;5;0;0;0;;;;;;
07/08/2025 21:41;26,59;278861,276;4194768,413;2520;altri;16,18680206;5;0,053956007;-15,745;3,756;4;-76,58274253;193,4172575;;;
07/08/2025 21:42;28,42;277079,302;4194405,728;3680cnr;altri;0;5;0;0;0;;;;;;
07/08/2025 21:43;28,99;277073,933;4194402,542;3500cnr;altri;2,219838282;5;0,007399461;-0,061;-2,219;3;1,574656402;181,5746564;;;
07/08/2025 21:44;27,63;277062,376;4194398,413;0530cnr;altri;0;5;0;0;0;;;;;;
07/08/2025 21:44;28,59;278871,377;4194849,213;7520;altri;4204108,605;5;14013,69535;278871,377;4194849,213;1;3,803396916;3,803396916;;;
07/08/2025 21:45;28,25;278879,08;4194775,707;930;altri;7,08380018;5;0,023612667;4,249;-5,668;2;-36,8569564;143,1430436;;;
07/08/2025 21:46;26,46;278863,916;4194768,342;2520;altri;2,640954562;5;0,008803182;2,64;-0,071;2;-88,45946213;91,54053787;;;
07/08/2025 21:47;28,32;277079,272;4194404,618;3680cnr;altri;1,110405332;5;0,003701351;-0,03;-1,11;3;1,5481577;181,5481577;;;
07/08/2025 21:48;29,01;277073,994;4194404,761;3500cnr;altri;2,219838282;5;0,007399461;0,061;2,219;1;1,574656402;1,574656402;;;
07/08/2025 21:49;27,66;277062,376;4194398,413;0530cnr;altri;0;5;0;0;0;;;;;;
07/08/2025 21:49;28,45;278881,174;4194853,391;7520;altri;10,65067571;5;0,035502252;9,797;4,177999999;1;66,90383301;66,90383301;;;
07/08/2025 21:50;28,38;278877,35;4194776,865;930;altri;2,081793458;5;0,006939312;-1,73;1,158;4;-56,20306597;213,796934;;;
07/08/2025 21:51;26,37;278863,916;4194768,342;2520;altri;0;5;0;0;0;;;;;;
07/08/2025 21:52;28,16;277079,302;4194405,728;3680cnr;altri;1,110405332;5;0,003701351;0,03;1,11;1;1,5481577;1,5481577;;;
07/08/2025 21:53;28,82;277073,964;4194403,652;3500cnr;altri;1,109405697;5;0,003698019;-0,03;-1,109;3;1,549553014;181,549553;;;
07/08/2025 21:54;27,51;277062,376;4194398,413;0530cnr;altri;0;5;0;0;0;;;;;;
07/08/2025 21:54;28,34;278881,174;4194853,391;7520;altri;0;5;0;0;0;;;;;;
07/08/2025 21:56;26,25;278863,886;4194767,233;2520;altri;1,109405697;5;0,003698019;-0,03;-1,109;3;1,549553014;181,549553;;;
07/08/2025 21:56;28,31;278874,741;4194778,046;930;altri;2,863850904;5;0,00954617;-2,609;1,181;4;-65,64545597;204,354544;;;
07/08/2025 21:57;27,98;277079,302;4194405,728;3680cnr;altri;0;5;0;0;0;;;;;;
07/08/2025 21:58;28,76;277073,964;4194403,652;3500cnr;altri;0;5;0;0;0;;;;;;
07/08/2025 21:59;27,4;277062,376;4194398,413;0530cnr;altri;0;5;0;0;0;;;;;;
07/08/2025 22:00;28,2;278890;4194854,263;7520;altri;8,868971756;5;0,029563239;8,826;0,872;1;84,35754568;84,35754568;;;
07/08/2025 22:01;26,2;278863,916;4194768,342;2520;altri;1,109405697;5;0,003698019;0,03;1,109;1;1,549553014;1,549553014;;;
07/08/2025 22:01;28,27;278874,711;4194776,936;930;altri;1,110405332;5;0,003701351;-0,03;-1,11;3;1,548157697;181,5481577;;;
07/08/2025 22:02;27,87;277079,302;4194405,728;3680cnr;altri;0;5;0;0;0;;;;;;
07/08/2025 22:03;28,62;277073,964;4194403,652;3500cnr;altri;0;5;0;0;0;;;;;;
07/08/2025 22:05;27,29;277062,406;4194399,523;0530cnr;altri;1,110405332;5;0,003701351;0,03;1,11;1;1,5481577;1,5481577;;;
07/08/2025 22:05;28,14;278884,752;4194855,516;7520;altri;5,395508595;5;0,017985029;-5,248;1,253;4;-76,57159186;193,4284081;;;
07/08/2025 22:06;26,15;278863,916;4194768,342;2520;altri;0;5;0;0;0;;;;;;
07/08/2025 22:06;28,23;278874,711;4194776,936;930;altri;0;5;0;0;0;;;;;;
07/08/2025 22:07;27,8;277079,302;4194405,728;3680cnr;altri;0;5;0;0;0;;;;;;
07/08/2025 22:08;28,48;277073,994;4194404,761;3500cnr;altri;1,109405697;5;0,003698019;0,03;1,109;1;1,549553014;1,549553014;;;
07/08/2025 22:10;27,16;277064,136;4194398,366;0530cnr;altri;2,081237372;5;0,006937458;1,73;-1,157;2;-56,22594353;123,7740565;;;
07/08/2025 22:10;28,11;278892,58;4194851,973;7520;altri;8,592463733;5;0,028641546;7,828;-3,543;2;-65,64820579;114,3517942;;;
07/08/2025 22:11;26,05;278863,916;4194768,342;2520;altri;0;5;0;0;0;;;;;;
07/08/2025 22:11;28,17;278872,982;4194778,093;930;altri;2,080406211;5;0,006934687;-1,729;1,157000001;4;-56,21063312;213,7893669;;;
07/08/2025 22:13;28,27;277073,933;4194402,542;3500cnr;altri;2,219838282;5;0,007399461;-0,061;-2,219;3;1,574656402;181,5746564;;;
07/08/2025 22:13;27,64;277079,302;4194405,728;3680cnr;altri;0;5;0;0;0;;;;;;
07/08/2025 22:15;26,97;277064,166;4194399,475;0530cnr;altri;1,109405696;5;0,003698019;0,03;1,108999999;1;1,549553015;1,549553015;;;
07/08/2025 22:15;28,02;278890;4194854,263;7520;altri;3,449710133;5;0,011499034;-2,58;2,29;4;-48,40783941;221,5921606;;;
07/08/2025 22:16;28,12;278869,553;4194781,517;930;altri;4,845804061;5;0,01615268;-3,429;3,424;4;-45,04180342;224,9581966;;;
07/08/2025 22:17;26,02;278863,916;4194768,342;2520;altri;0;5;0;0;0;;;;;;
07/08/2025 22:18;27,5;277079,302;4194405,728;3680cnr;altri;0;5;0;0;0;;;;;;
07/08/2025 22:19;28,28;277075,723;4194403,604;3500cnr;altri;2,081332266;5;0,006937774;1,79;1,062;1;59,31950968;59,31950968;;;
07/08/2025 22:20;26,88;277064,136;4194398,366;0530cnr;altri;1,109405696;5;0,003698019;-0,03;-1,108999999;3;1,549553015;181,549553;;;
07/08/2025 22:20;27,9;278888,271;4194855,421;7520;altri;2,080962518;5;0,006936542;-1,729;1,158;4;-56,18775054;213,8122495;;;
07/08/2025 22:21;28,01;278869,553;4194781,517;930;altri;0;5;0;0;0;;;;;;
07/08/2025 22:22;25,98;278861,276;4194768,413;2520;altri;2,640954562;5;0,008803182;-2,64;0,071;4;-88,45946213;181,5405379;;;
07/08/2025 22:23;27,26;277079,302;4194405,728;3680cnr;altri;0;5;0;0;0;;;;;;
07/08/2025 22:24;28,15;277073,964;4194403,652;3500cnr;altri;1,759654796;5;0,005865516;-1,759;0,047999999;4;-88,43688741;181,5631126;;;
07/08/2025 22:25;26,75;277062,437;4194400,633;0530cnr;altri;2,833000176;5;0,009443334;-1,699;2,267;4;-36,84967323;233,1503268;;;
07/08/2025 22:26;27,78;278894,369;4194853,035;7520;altri;6,548175318;5;0,021827251;6,098;-2,386;2;-68,63079482;111,3692052;;;
07/08/2025 22:27;25,92;278861,276;4194768,413;2520;altri;0;5;0;0;0;;;;;;
07/08/2025 22:27;27,92;278867,823;4194782,674;930;altri;2,081237372;5;0,006937458;-1,73;1,157;4;-56,22594353;213,7740565;;;
07/08/2025 22:28;27,05;277079,302;4194405,728;3680cnr;altri;0;5;0;0;0;;;;;;
07/08/2025 22:29;27,95;277072,264;4194405,919;3500cnr;altri;2,833600007;5;0,009445333;-1,7;2,267;4;-36,86585362;233,1341464;;;
07/08/2025 22:30;26,38;277060,677;4194400,681;0530cnr;altri;1,760654424;5;0,005868848;-1,76;0,047999999;4;-88,4377751;181,5622249;;;
07/08/2025 22:31;27,68;278886,512;4194855,468;7520;altri;8,225079817;5;0,027416933;-7,857;2,433;4;-72,79432895;197,2056711;;;
07/08/2025 22:32;25,84;278863,916;4194768,342;2520;altri;2,640954562;5;0,008803182;2,64;-0,071;2;-88,45946213;91,54053787;;;
07/08/2025 22:32;27,7;278869,583;4194782,627;930;altri;1,760627445;5;0,005868758;1,76;-0,046999999;2;-88,47030583;91,52969417;;;
07/08/2025 22:33;26,71;277079,302;4194405,728;3680cnr;altri;0;5;0;0;0;;;;;;
07/08/2025 22:34;27,63;277072,264;4194405,919;3500cnr;altri;0;5;0;0;0;;;;;;
07/08/2025 22:35;25,9;277062,406;4194399,523;0530cnr;altri;2,080962518;5;0,006936542;1,729;-1,158;2;-56,18775054;123,8122495;;;
07/08/2025 22:36;27,7;278894,399;4194854,145;7520;altri;7,997193133;5;0,02665731;7,887;-1,323000001;2;-80,47760823;99,52239177;;;
07/08/2025 22:37;25,75;278865,675;4194768,295;2520;altri;1,759627802;5;0,005865426;1,759;-0,047;2;-88,46943657;91,53056343;;;
07/08/2025 22:37;27,56;278873,101;4194782,532;930;altri;3,519282455;5;0,011730942;3,518;-0,095000001;2;-88,45316185;91,54683815;;;
07/08/2025 22:38;26,39;277079,302;4194405,728;3680cnr;altri;0;5;0;0;0;;;;;;
07/08/2025 22:39;27,53;277073,994;4194404,761;3500cnr;altri;2,081793457;5;0,006939312;1,73;-1,158;2;-56,20306597;123,796934;;;
07/08/2025 22:41;25,78;277064,196;4194400,585;0530cnr;altri;2,081332266;5;0,006937774;1,79;1,062;1;59,31950968;59,31950968;;;
07/08/2025 22:41;27,28;278890,09;4194857,593;7520;altri;5,51871226;5;0,018395708;-4,309;3,448000001;4;-51,3337061;218,6662939;;;
07/08/2025 22:42;25,75;278861,276;4194768,413;2520;altri;4,400582348;5;0,014668608;-4,399;0,118;4;-88,46345054;181,5365495;;;
07/08/2025 22:42;26,98;278873,191;4194785,861;930;altri;3,330216359;5;0,011100721;0,09;3,329;1;1,548622524;1,548622524;;;
07/08/2025 22:43;26,3;277081,062;4194405,68;3680cnr;altri;1,760654424;5;0,005868848;1,76;-0,048;2;-88,43777507;91,56222493;;;
07/08/2025 22:44;27,29;277070,505;4194405,967;3500cnr;altri;3,691552113;5;0,012305174;-3,489;1,206;4;-70,93189306;199,0681069;;;
07/08/2025 22:46;25,41;277064,136;4194398,366;0530cnr;altri;2,219811028;5;0,00739937;-0,06;-2,219;3;1,548855042;181,548855;;;
07/08/2025 22:46;27,24;278890,12;4194858,703;7520;altri;1,110405331;5;0,003701351;0,03;1,109999999;1;1,548157698;1,548157698;;;
07/08/2025 22:47;25,7;278865,675;4194768,295;2520;altri;4,400582348;5;0,014668608;4,399;-0,118;2;-88,46345054;91,53654946;;;
07/08/2025 22:47;26,71;278877,5;4194782,413;930;altri;5,518712259;5;0,018395708;4,309;-3,448;2;-51,33370611;128,6662939;;;
07/08/2025 22:49;27,22;277072,234;4194404,809;3500cnr;altri;2,080962518;5;0,006936542;1,729;-1,158;2;-56,18775054;123,8122495;;;
07/08/2025 22:49;26,2;277079,302;4194405,728;3680cnr;altri;1,760654424;5;0,005868848;-1,76;0,048;4;-88,43777507;181,5622249;;;
07/08/2025 22:51;25,27;277060,707;4194401,791;0530cnr;altri;4,846510703;5;0,016155036;-3,429;3,425;4;-45,03343786;224,9665621;;;
07/08/2025 22:52;25,64;278863,916;4194768,342;2520;altri;1,759627802;5;0,005865426;-1,759;0,047;4;-88,46943657;181,5305634;;;
07/08/2025 22:52;26,03;278879,169;4194779,037;930;altri;3,766024031;5;0,012553413;1,669;-3,376;2;-26,30650411;153,6934959;;;
07/08/2025 22:52;26,4;278881,682;4194872,257;7520;altri;15,96592497;5;0,05321975;-8,438;13,554;4;-31,90419838;238,0958016;;;
07/08/2025 22:54;26,3;277081,062;4194405,68;3680cnr;altri;1,760654424;5;0,005868848;1,76;-0,048;2;-88,43777507;91,56222493;;;
07/08/2025 22:55;27,09;277072,264;4194405,919;3500cnr;altri;1,110405331;5;0,003701351;0,03;1,109999999;1;1,548157701;1,548157701;;;
07/08/2025 22:56;25,14;277062,437;4194400,633;0530cnr;altri;2,081793457;5;0,006939312;1,73;-1,158;2;-56,20306597;123,796934;;;
07/08/2025 22:58;25,58;278861,276;4194768,413;2520;altri;2,640954562;5;0,008803182;-2,64;0,071;4;-88,45946213;181,5405379;;;
07/08/2025 22:58;25,66;278879,259;4194782,366;930;altri;3,33021636;5;0,011100721;0,09;3,329000001;1;1,548622524;1,548622524;;;
07/08/2025 22:58;25,63;278884,842;4194858,845;7520;altri;13,77923597;5;0,045930787;3,16;-13,412;2;-13,25766265;166,7423374;;;
07/08/2025 22:59;26,35;277083,671;4194404,498;3680cnr;altri;2,864263431;5;0,009547545;2,609;-1,182;2;-65,6272324;114,3727676;;;
07/08/2025 23:00;26,94;277070,505;4194405,967;3500cnr;altri;1,759654796;5;0,005865516;-1,759;0,048;4;-88,43688738;181,5631126;;;
07/08/2025 23:01;25,34;277058,978;4194402,948;0530cnr;altri;4,162199659;5;0,013873999;-3,459;2,314999999;4;-56,20684829;213,7931517;;;
07/08/2025 23:03;25,59;278863,916;4194768,342;2520;altri;2,640954562;5;0,008803182;2,64;-0,071;2;-88,45946213;91,54053787;;;
07/08/2025 23:03;25,71;278873,191;4194785,861;930;altri;7,002545894;5;0,02334182;-6,068;3,494999999;4;-60,05924861;209,9407514;;;
07/08/2025 23:03;25,81;278883,083;4194858,892;7520;altri;1,759627802;5;0,005865426;-1,759;0,047;4;-88,46943657;181,5305634;;;
07/08/2025 23:04;26,46;277081,062;4194405,68;3680cnr;altri;2,864263431;5;0,009547545;-2,609;1,182;4;-65,6272324;204,3727676;;;
07/08/2025 23:05;26,83;277070,505;4194405,967;3500cnr;altri;0;5;0;0;0;;;;;;
07/08/2025 23:06;25,43;277057,279;4194405,215;0530cnr;altri;2,833000176;5;0,009443334;-1,699;2,267;4;-36,84967323;233,1503268;;;
07/08/2025 23:08;25,56;278865,675;4194768,295;2520;altri;1,759627802;5;0,005865426;1,759;-0,047;2;-88,46943657;91,53056343;;;
07/08/2025 23:08;25,62;278869,702;4194787,066;930;altri;3,691225542;5;0,012304085;-3,489;1,205;4;-70,94656353;199,0534365;;;
07/08/2025 23:08;25,57;278883,083;4194858,892;7520;altri;0;5;0;0;0;;;;;;
07/08/2025 23:09;26,52;277081,032;4194404,57;3680cnr;altri;1,110405331;5;0,003701351;-0,03;-1,109999999;3;1,548157698;181,5481577;;;
07/08/2025 23:10;26,64;277068,836;4194409,344;3500cnr;altri;3,766920492;5;0,012556402;-1,669;3,376999999;4;-26,29976335;243,7002367;;;
07/08/2025 23:11;25,72;277049,361;4194405,431;0530cnr;altri;7,920945651;5;0,026403152;-7,918;0,216;4;-88,43738068;181,5626193;;;
07/08/2025 23:13;25,59;278861,276;4194768,413;2520;altri;4,400582348;5;0,014668608;-4,399;0,118;4;-88,46345054;181,5365495;;;
07/08/2025 23:13;25,71;278867,943;4194787,113;930;altri;1,759627802;5;0,005865426;-1,759;0,047;4;-88,46943657;181,5305634;;;
07/08/2025 23:13;25,51;278884,842;4194858,845;7520;altri;1,759627802;5;0,005865426;1,759;-0,047;2;-88,46943657;91,53056343;;;
07/08/2025 23:15;26,38;277068,746;4194406,014;3500cnr;altri;3,331215993;5;0,011104053;-0,09;-3,329999999;3;1,5481577;181,5481577;;;
07/08/2025 23:15;26,63;277079,393;4194409,057;3680cnr;altri;4,776974984;5;0,01592325;-1,639;4,487;4;-20,06610967;249,9338903;;;
07/08/2025 23:16;25,77;277049,361;4194405,431;0530cnr;altri;0;5;0;0;0;;;;;;
07/08/2025 23:18;25,6;278861,276;4194768,413;2520;altri;0;5;0;0;0;;;;;;
07/08/2025 23:18;25,84;278868,122;4194793,772;930;altri;6,661405407;5;0,022204685;0,179;6,659;1;1,539792062;1,539792062;;;
07/08/2025 23:18;25,62;278884,812;4194857,735;7520;altri;1,110405331;5;0,003701351;-0,03;-1,109999999;3;1,548157701;181,5481577;;;
07/08/2025 23:20;26,18;277053,182;4194416,433;3500cnr;altri;18,7294863;5;0,062431621;-15,564;10,419;4;-56,20048265;213,7995173;;;
07/08/2025 23:20;26,63;277079,453;4194411,276;3680cnr;altri;2,219811028;5;0,00739937;0,06;2,219;1;1,548855042;1,548855042;;;
07/08/2025 23:22;25,82;277051,03;4194402,054;0530cnr;altri;3,766920493;5;0,012556402;1,669;-3,377;2;-26,29976334;153,7002367;;;
07/08/2025 23:23;25,59;278863,916;4194768,342;2520;altri;2,640954562;5;0,008803182;2,64;-0,071;2;-88,45946213;91,54053787;;;
07/08/2025 23:23;25,56;278884,812;4194857,735;7520;altri;0;5;0;0;0;;;;;;
07/08/2025 23:24;25,8;278873,55;4194799,178;930;altri;7,660810662;5;0,025536036;5,428;5,406;1;45,11634718;45,11634718;;;
07/08/2025 23:25;26,61;277079,483;4194412,386;3680cnr;altri;1,110405332;5;0,003701351;0,03;1,11;1;1,5481577;1,5481577;;;
07/08/2025 23:26;25,92;277073,964;4194403,652;3500cnr;altri;24,39765327;5;0,081325511;20,782;-12,781;2;-58,40834427;121,5916557;;;
07/08/2025 23:27;25,48;277062,376;4194398,413;0530cnr;altri;11,91589682;5;0,039719656;11,346;-3,641;2;-72,20825022;107,7917498;;;
07/08/2025 23:28;25,56;278863,916;4194768,342;2520;altri;0;5;0;0;0;;;;;;
07/08/2025 23:28;25,38;278884,812;4194857,735;7520;altri;0;5;0;0;0;;;;;;
07/08/2025 23:29;25,84;278866,453;4194797,149;930;altri;7,381344728;5;0,024604482;-7,097;-2,029;3;74,04500807;254,0450081;;;
07/08/2025 23:30;26,56;277079,453;4194411,276;3680cnr;altri;1,110405332;5;0,003701351;-0,03;-1,11;3;1,5481577;181,5481577;;;
07/08/2025 23:31;25,74;277074,024;4194405,871;3500cnr;altri;2,219811028;5;0,00739937;0,06;2,219000001;1;1,548855041;1,548855041;;;
07/08/2025 23:32;25,23;277062,376;4194398,413;0530cnr;altri;0;5;0;0;0;;;;;;
07/08/2025 23:34;25,54;278863,916;4194768,342;2520;altri;0;5;0;0;0;;;;;;
07/08/2025 23:34;25,66;278866,602;4194802,697;930;altri;5,55000045;5;0,018500001;0,149;5,547999999;1;1,538395732;1,538395732;;;
07/08/2025 23:34;25,34;278886,571;4194857,688;7520;altri;1,759627802;5;0,005865426;1,759;-0,047;2;-88,46943657;91,53056343;;;
07/08/2025 23:35;26,43;277079,453;4194411,276;3680cnr;altri;0;5;0;0;0;;;;;;
07/08/2025 23:36;25,52;277073,933;4194402,542;3500cnr;altri;3,330243535;5;0,011100812;-0,091;-3,329;3;1,565820922;181,5658209;;;
07/08/2025 23:37;25,09;277062,376;4194398,413;0530cnr;altri;0;5;0;0;0;;;;;;
07/08/2025 23:39;25,65;278864,873;4194803,855;930;altri;2,080962518;5;0,006936542;-1,729;1,158000001;4;-56,18775052;213,8122495;;;
07/08/2025 23:39;25,46;278865,675;4194768,295;2520;altri;1,759627802;5;0,005865426;1,759;-0,047;2;-88,46943657;91,53056343;;;
07/08/2025 23:39;25,33;278886,512;4194855,468;7520;altri;2,22078387;5;0,007402613;-0,059;-2,22;3;1,522367316;181,5223673;;;
07/08/2025 23:40;26,38;277079,423;4194410,167;3680cnr;altri;1,109405696;5;0,003698019;-0,03;-1,108999999;3;1,549553012;181,549553;;;
07/08/2025 23:42;25,73;277074,024;4194405,871;3500cnr;altri;3,330243535;5;0,011100812;0,091;3,329;1;1,565820922;1,565820922;;;
07/08/2025 23:43;24,92;277064,166;4194399,475;0530cnr;altri;2,081332266;5;0,006937774;1,79;1,062;1;59,31950968;59,31950968;;;
07/08/2025 23:44;25,6;278862,413;4194810,584;930;altri;7,164568444;5;0,023881895;-2,46;6,728999999;4;-20,08149291;249,9185071;;;
07/08/2025 23:44;25,37;278863,916;4194768,342;2520;altri;1,759627802;5;0,005865426;-1,759;0,047;4;-88,46943657;181,5305634;;;
07/08/2025 23:44;25,3;278886,571;4194857,688;7520;altri;2,22078387;5;0,007402613;0,059;2,22;1;1,522367316;1,522367316;;;
07/08/2025 23:46;26,24;277079,393;4194409,057;3680cnr;altri;1,110405332;5;0,003701351;-0,03;-1,11;3;1,5481577;181,5481577;;;
07/08/2025 23:47;25,47;277074,024;4194405,871;3500cnr;altri;0;5;0;0;0;;;;;;
07/08/2025 23:48;24,54;277062,316;4194396,194;0530cnr;altri;3,766624616;5;0,012555415;-1,85;-3,280999999;3;29,41658557;209,4165856;;;
07/08/2025 23:49;25,13;278865,735;4194770,514;2520;altri;2,833080479;5;0,009443602;1,819;2,172;1;39,94539872;39,94539872;;;
07/08/2025 23:49;25,73;278866,842;4194811,576;930;altri;4,538733854;5;0,015129113;4,429;0,992000001;1;77,37534569;77,37534569;;;
07/08/2025 23:49;25,02;278886,482;4194854,358;7520;altri;3,331189127;5;0,011103964;-0,089;-3,33;3;1,530964179;181,5309642;;;
07/08/2025 23:51;26,12;277079,423;4194410,167;3680cnr;altri;1,110405332;5;0,003701351;0,03;1,11;1;1,5481577;1,5481577;;;
07/08/2025 23:52;25,3;277073,994;4194404,761;3500cnr;altri;1,110405332;5;0,003701351;-0,03;-1,11;3;1,548157697;181,5481577;;;
07/08/2025 23:53;24,38;277062,376;4194398,413;0530cnr;altri;2,219811028;5;0,00739937;0,06;2,219;1;1,548855042;1,548855042;;;
07/08/2025 23:54;24,95;278865,735;4194770,514;2520;altri;0;5;0;0;0;;;;;;
07/08/2025 23:54;24,7;278886,512;4194855,468;7520;altri;1,110405332;5;0,003701351;0,03;1,11;1;1,548157697;1,548157697;;;
07/08/2025 23:55;25,7;278862,623;4194818,353;930;altri;7,982962482;5;0,026609875;-4,219;6,777;4;-31,90419838;238,0958016;;;
07/08/2025 23:56;25,98;277079,423;4194410,167;3680cnr;altri;0;5;0;0;0;;;;;;
07/08/2025 23:57;25,6;277072,174;4194402,59;3500cnr;altri;2,83295623;5;0,009443187;-1,82;-2,171;3;39,97388958;219,9738896;;;
07/08/2025 23:58;24,2;277062,376;4194398,413;0530cnr;altri;0;5;0;0;0;;;;;;
07/08/2025 23:59;24,62;278888,331;4194857,64;7520;altri;2,833080478;5;0,009443602;1,819;2,171999999;1;39,94539873;39,94539873;;;
07/09/2025 00:00;24,81;278865,675;4194768,295;2520;altri;2,219811028;5;0,00739937;-0,06;-2,219000001;3;1,548855041;181,548855;;;
07/09/2025 00:00;25,76;278877,589;4194785,743;930;altri;35,88026276;5;0,119600876;14,966;-32,61;2;-24,65223487;155,3477651;;;
07/09/2025 00:01;25,85;277079,363;4194407,947;3680cnr;altri;2,220810663;5;0,007402702;-0,06;-2,220000001;3;1,548157698;181,5481577;;;
07/09/2025 00:02;25,34;277073,994;4194404,761;3500cnr;altri;2,83295623;5;0,009443187;1,82;2,171;1;39,97388958;39,97388958;;;
07/09/2025 00:03;24,09;277064,106;4194397,256;0530cnr;altri;2,081237372;5;0,006937458;1,73;-1,157;2;-56,22594353;123,7740565;;;
07/09/2025 00:05;24,65;278861,366;4194771,743;2520;altri;5,518712259;5;0,018395708;-4,309;3,448;4;-51,33370611;218,6662939;;;
07/09/2025 00:05;25,75;278877,619;4194786,853;930;altri;1,110405332;5;0,003701351;0,03;1,11;1;1,5481577;1,5481577;;;
07/09/2025 00:05;24,48;278886,512;4194855,468;7520;altri;2,833080478;5;0,009443602;-1,819;-2,171999999;3;39,94539873;219,9453987;;;
07/09/2025 00:06;25,69;277079,302;4194405,728;3680cnr;altri;2,219838282;5;0,007399461;-0,061;-2,219;3;1,574656402;181,5746564;;;
07/09/2025 00:07;25,16;277075,753;4194404,713;3500cnr;altri;1,759654796;5;0,005865516;1,759;-0,047999999;2;-88,43688741;91,56311259;;;
07/09/2025 00:08;23,91;277064,136;4194398,366;0530cnr;altri;1,110405332;5;0,003701351;0,03;1,11;1;1,548157697;1,548157697;;;
07/09/2025 00:10;24,52;278863,975;4194770,562;2520;altri;2,863850904;5;0,00954617;2,609;-1,181;2;-65,64545597;114,354544;;;
07/09/2025 00:10;25,66;278874,861;4194782,485;930;altri;5,165848236;5;0,017219494;-2,758;-4,368;3;32,26873455;212,2687346;;;
07/09/2025 00:10;24,45;278886,482;4194854,358;7520;altri;1,110405332;5;0,003701351;-0,03;-1,11;3;1,548157697;181,5481577;;;
07/09/2025 00:11;25,35;277079,302;4194405,728;3680cnr;altri;0;5;0;0;0;;;;;;
07/09/2025 00:12;25,12;277075,723;4194403,604;3500cnr;altri;1,109405697;5;0,003698019;-0,03;-1,109;3;1,549553014;181,549553;;;
07/09/2025 00:13;23,78;277064,106;4194397,256;0530cnr;altri;1,110405332;5;0,003701351;-0,03;-1,11;3;1,548157697;181,5481577;;;
07/09/2025 00:15;24,36;278863,975;4194770,562;2520;altri;0;5;0;0;0;;;;;;
07/09/2025 00:15;24,27;278886,512;4194855,468;7520;altri;1,110405332;5;0,003701351;0,03;1,11;1;1,548157697;1,548157697;;;
07/09/2025 00:16;25,16;277079,272;4194404,618;3680cnr;altri;1,110405332;5;0,003701351;-0,03;-1,11;3;1,5481577;181,5481577;;;
07/09/2025 00:16;25,52;278873,071;4194781,422;930;altri;2,081842693;5;0,006939476;-1,79;-1,063;3;59,29584033;239,2958403;;;
07/09/2025 00:18;25,15;277075,753;4194404,713;3500cnr;altri;1,109405697;5;0,003698019;0,03;1,109;1;1,549553014;1,549553014;;;
07/09/2025 00:19;23,59;277064,136;4194398,366;0530cnr;altri;1,110405332;5;0,003701351;0,03;1,11;1;1,548157697;1,548157697;;;
07/09/2025 00:20;24,31;278861,276;4194768,413;2520;altri;3,450043768;5;0,011500146;-2,699;-2,149;3;51,47246641;231,4724664;;;
07/09/2025 00:20;24,16;278886,571;4194857,688;7520;altri;2,22078387;5;0,007402613;0,059;2,22;1;1,522367316;1,522367316;;;
07/09/2025 00:21;25,05;277079,302;4194405,728;3680cnr;altri;1,110405332;5;0,003701351;0,03;1,11;1;1,5481577;1,5481577;;;
07/09/2025 00:21;25,41;278873,101;4194782,532;930;altri;1,110405331;5;0,003701351;0,03;1,109999999;1;1,548157701;1,548157701;;;
07/09/2025 00:23;25,32;277073,994;4194404,761;3500cnr;altri;1,759654796;5;0,005865516;-1,759;0,047999999;4;-88,43688741;181,5631126;;;
07/09/2025 00:24;23,65;277064,196;4194400,585;0530cnr;altri;2,219811028;5;0,00739937;0,06;2,219;1;1,548855042;1,548855042;;;
07/09/2025 00:25;24,24;278863,975;4194770,562;2520;altri;3,450043768;5;0,011500146;2,699;2,149;1;51,47246641;51,47246641;;;
07/09/2025 00:25;23,96;278886,601;4194858,797;7520;altri;1,109405697;5;0,003698019;0,03;1,109;1;1,549553014;1,549553014;;;
07/09/2025 00:26;25,38;278869,463;4194778,188;930;altri;5,666160958;5;0,018887203;-3,638;-4,344;3;39,94539872;219,9453987;;;
07/09/2025 00:27;25,05;277079,272;4194404,618;3680cnr;altri;1,110405332;5;0,003701351;-0,03;-1,11;3;1,5481577;181,5481577;;;
07/09/2025 00:28;24,95;277072,174;4194402,59;3500cnr;altri;2,83295623;5;0,009443187;-1,82;-2,171;3;39,97388958;219,9738896;;;
07/09/2025 00:29;23,73;277065,956;4194400,537;0530cnr;altri;1,760654424;5;0,005868848;1,76;-0,048;2;-88,43777507;91,56222493;;;
07/09/2025 00:30;24,17;278861,336;4194770,633;2520;altri;2,639954924;5;0,00879985;-2,639;0,071;4;-88,45887864;181,5411214;;;
07/09/2025 00:31;25,34;278871,252;4194779,25;930;altri;2,080472302;5;0,006934908;1,789;1,062;1;59,3054575;59,3054575;;;
07/09/2025 00:31;23,92;278886,571;4194857,688;7520;altri;1,109405697;5;0,003698019;-0,03;-1,109;3;1,549553014;181,549553;;;
07/09/2025 00:32;25,11;277083,942;4194414,486;3680cnr;altri;10,91724892;5;0,03639083;4,67;9,868;1;25,32570621;25,32570621;;;
07/09/2025 00:33;25,1;277077,603;4194407,995;3500cnr;altri;7,660813665;5;0,025536046;5,429;5,405;1;45,12692417;45,12692417;;;
07/09/2025 00:34;23,72;277065,925;4194399,428;0530cnr;altri;1,109433188;5;0,003698111;-0,031;-1,108999999;3;1,601178327;181,6011783;;;
07/09/2025 00:36;24,05;278861,276;4194768,413;2520;altri;2,220810663;5;0,007402702;-0,06;-2,220000001;3;1,548157698;181,5481577;;;
07/09/2025 00:36;25,3;278873,101;4194782,532;930;altri;3,767004778;5;0,012556683;1,849;3,282;1;29,39586622;29,39586622;;;
07/09/2025 00:36;23,88;278884,812;4194857,735;7520;altri;1,759627802;5;0,005865426;-1,759;0,047;4;-88,46943657;181,5305634;;;
07/09/2025 00:37;25,2;277079,272;4194404,618;3680cnr;altri;10,91724892;5;0,03639083;-4,67;-9,868;3;25,32570621;205,3257062;;;
07/09/2025 00:38;25,04;277077,543;4194405,775;3500cnr;altri;2,220810663;5;0,007402702;-0,06;-2,22;3;1,548157699;181,5481577;;;
07/09/2025 00:39;23,65;277065,986;4194401,647;0530cnr;altri;2,219838282;5;0,007399461;0,061;2,219;1;1,574656402;1,574656402;;;
07/09/2025 00:41;23,94;278861,336;4194770,633;2520;altri;2,220810663;5;0,007402702;0,06;2,220000001;1;1,548157698;1,548157698;;;
07/09/2025 00:41;25,47;278874,861;4194782,485;930;altri;1,760627445;5;0,005868758;1,76;-0,046999999;2;-88,47030583;91,52969417;;;
07/09/2025 00:41;23,96;278886,571;4194857,688;7520;altri;1,759627802;5;0,005865426;1,759;-0,047;2;-88,46943657;91,53056343;;;
07/09/2025 00:42;25,23;277079,272;4194404,618;3680cnr;altri;0;5;0;0;0;;;;;;
07/09/2025 00:43;25,04;277079,393;4194409,057;3500cnr;altri;3,76749572;5;0,012558319;1,85;3,282;1;29,40911611;29,40911611;;;
07/09/2025 00:44;23,6;277065,956;4194400,537;0530cnr;altri;1,110405332;5;0,003701351;-0,03;-1,11;3;1,548157697;181,5481577;;;
07/09/2025 00:46;23,97;278863,916;4194768,342;2520;altri;3,450374038;5;0,011501247;2,58;-2,291;2;-48,39542021;131,6045798;;;
07/09/2025 00:46;25,52;278874,861;4194782,485;930;altri;0;5;0;0;0;;;;;;
07/09/2025 00:46;24,23;278884,842;4194858,845;7520;altri;2,08040621;5;0,006934687;-1,729;1,157;4;-56,21063314;213,7893669;;;
07/09/2025 00:47;25,27;277079,302;4194405,728;3680cnr;altri;1,110405332;5;0,003701351;0,03;1,11;1;1,5481577;1,5481577;;;
07/09/2025 00:49;23,55;277065,956;4194400,537;0530cnr;altri;0;5;0;0;0;;;;;;
07/09/2025 00:49;24,63;277077,633;4194409,105;3500cnr;altri;1,760654424;5;0,005868848;-1,76;0,048;4;-88,43777507;181,5622249;;;
07/09/2025 00:51;23,92;278863,975;4194770,562;2520;altri;2,22078387;5;0,007402613;0,059;2,22;1;1,522367315;1,522367315;;;
07/09/2025 00:51;24,52;278886,601;4194858,797;7520;altri;1,759654796;5;0,005865516;1,759;-0,047999999;2;-88,43688741;91,56311259;;;
07/09/2025 00:52;25,23;277079,272;4194404,618;3680cnr;altri;1,110405332;5;0,003701351;-0,03;-1,11;3;1,5481577;181,5481577;;;
07/09/2025 00:52;25,42;278874,92;4194784,704;930;altri;2,219784223;5;0,007399281;0,059;2,219;1;1,523053053;1,523053053;;;
07/09/2025 00:54;24,76;277075,753;4194404,713;3500cnr;altri;4,777453715;5;0,015924846;-1,88;-4,392;3;23,17339448;203,1733945;;;
07/09/2025 00:55;23,64;277065,986;4194401,647;0530cnr;altri;1,110405332;5;0,003701351;0,03;1,11;1;1,548157697;1,548157697;;;
07/09/2025 00:56;23,86;278861,336;4194770,633;2520;altri;2,639954924;5;0,00879985;-2,639;0,071;4;-88,45887864;181,5411214;;;
07/09/2025 00:56;24,7;278886,601;4194858,797;7520;altri;0;5;0;0;0;;;;;;
07/09/2025 00:57;25,21;277079,302;4194405,728;3680cnr;altri;1,110405332;5;0,003701351;0,03;1,11;1;1,5481577;1,5481577;;;
07/09/2025 00:57;25,36;278874,831;4194781,375;930;altri;3,330189484;5;0,011100632;-0,089;-3,329;3;1,531423847;181,5314238;;;
07/09/2025 00:59;24,63;277077,603;4194407,995;3500cnr;altri;3,76749572;5;0,012558319;1,85;3,282;1;29,40911611;29,40911611;;;
07/09/2025 01:00;23,54;277065,956;4194400,537;0530cnr;altri;1,110405332;5;0,003701351;-0,03;-1,11;3;1,548157697;181,5481577;;;
07/09/2025 01:01;23,77;278863,916;4194768,342;2520;altri;3,450374038;5;0,011501247;2,58;-2,291;2;-48,39542021;131,6045798;;;
07/09/2025 01:01;24,68;278886,541;4194856,578;7520;altri;2,219811028;5;0,00739937;-0,06;-2,219000001;3;1,548855041;181,548855;;;
07/09/2025 01:02;25,29;278874,861;4194782,485;930;altri;1,110405332;5;0,003701351;0,03;1,11;1;1,548157697;1,548157697;;;
07/09/2025 01:03;25,16;277079,272;4194404,618;3680cnr;altri;1,110405332;5;0,003701351;-0,03;-1,11;3;1,5481577;181,5481577;;;
07/09/2025 01:04;24,55;277075,753;4194404,713;3500cnr;altri;3,76749572;5;0,012558319;-1,85;-3,282;3;29,40911611;209,4091161;;;
07/09/2025 01:05;23,41;277065,986;4194401,647;0530cnr;altri;1,110405332;5;0,003701351;0,03;1,11;1;1,548157697;1,548157697;;;
07/09/2025 01:06;23,59;278863,975;4194770,562;2520;altri;2,22078387;5;0,007402613;0,059;2,22;1;1,522367315;1,522367315;;;
07/09/2025 01:07;25,23;278874,861;4194782,485;930;altri;0;5;0;0;0;;;;;;
07/09/2025 01:07;24,73;278888,271;4194855,421;7520;altri;2,081237372;5;0,006937458;1,73;-1,157;2;-56,22594353;123,7740565;;;
07/09/2025 01:08;25,07;277079,272;4194404,618;3680cnr;altri;0;5;0;0;0;;;;;;
07/09/2025 01:09;24,51;277075,693;4194402,494;3500cnr;altri;2,219811028;5;0,00739937;-0,06;-2,219000001;3;1,548855041;181,548855;;;
07/09/2025 01:10;23,39;277066,016;4194402,757;0530cnr;altri;1,110405332;5;0,003701351;0,03;1,11;1;1,5481577;1,5481577;;;
07/09/2025 01:12;23,57;278863,916;4194768,342;2520;altri;2,22078387;5;0,007402613;-0,059;-2,22;3;1,522367315;181,5223673;;;
07/09/2025 01:12;25,06;278873,101;4194782,532;930;altri;1,760627445;5;0,005868758;-1,76;0,046999999;4;-88,47030583;181,5296942;;;
07/09/2025 01:12;24,71;278886,512;4194855,468;7520;altri;1,759627802;5;0,005865426;-1,759;0,047;4;-88,46943657;181,5305634;;;
07/09/2025 01:13;25,02;277081,032;4194404,57;3680cnr;altri;1,760654424;5;0,005868848;1,76;-0,047999999;2;-88,4377751;91,5622249;;;
07/09/2025 01:14;24,65;277075,723;4194403,604;3500cnr;altri;1,110405332;5;0,003701351;0,03;1,11;1;1,548157697;1,548157697;;;
07/09/2025 01:15;23,49;277066,016;4194402,757;0530cnr;altri;0;5;0;0;0;;;;;;
07/09/2025 01:17;23,51;278863,916;4194768,342;2520;altri;0;5;0;0;0;;;;;;
07/09/2025 01:17;25,12;278874,861;4194782,485;930;altri;1,760627445;5;0,005868758;1,76;-0,046999999;2;-88,47030583;91,52969417;;;
07/09/2025 01:17;24,8;278886,571;4194857,688;7520;altri;2,22078387;5;0,007402613;0,059;2,22;1;1,522367316;1,522367316;;;
07/09/2025 01:18;24,95;277079,302;4194405,728;3680cnr;altri;2,081793457;5;0,006939312;-1,73;1,158;4;-56,20306597;213,796934;;;
07/09/2025 01:19;24,62;277075,693;4194402,494;3500cnr;altri;1,110405332;5;0,003701351;-0,03;-1,11;3;1,548157697;181,5481577;;;
07/09/2025 01:20;23,36;277065,684;4194390,549;0530cnr;altri;12,21251358;5;0,040708379;-0,332;-12,208;3;1,557790906;181,5577909;;;
07/09/2025 01:22;23,48;278865,675;4194768,295;2520;altri;1,759627802;5;0,005865426;1,759;-0,047;2;-88,46943657;91,53056343;;;
07/09/2025 01:22;24,87;278886,512;4194855,468;7520;altri;2,22078387;5;0,007402613;-0,059;-2,22;3;1,522367316;181,5223673;;;
07/09/2025 01:23;24,89;277079,272;4194404,618;3680cnr;altri;1,110405332;5;0,003701351;-0,03;-1,11;3;1,5481577;181,5481577;;;
07/09/2025 01:23;25,09;278874,861;4194782,485;930;altri;0;5;0;0;0;;;;;;
07/09/2025 01:25;24,43;277075,633;4194400,274;3500cnr;altri;2,220810663;5;0,007402702;-0,06;-2,22;3;1,548157701;181,5481577;;;
07/09/2025 01:26;23,28;277065,865;4194397,208;0530cnr;altri;6,66145945;5;0,022204865;0,181;6,659;1;1,556988021;1,556988021;;;
07/09/2025 01:27;23,27;278861,336;4194770,633;2520;altri;4,928809694;5;0,016429366;-4,339;2,338;4;-61,68271047;208,3172895;;;
07/09/2025 01:27;24,77;278886,512;4194855,468;7520;altri;0;5;0;0;0;;;;;;
07/09/2025 01:28;24,8;277079,363;4194407,947;3680cnr;altri;3,330243535;5;0,011100812;0,091;3,329;1;1,565820923;1,565820923;;;
07/09/2025 01:28;24,9;278874,861;4194782,485;930;altri;0;5;0;0;0;;;;;;
07/09/2025 01:30;24,31;277075,572;4194398,055;3500cnr;altri;2,219838283;4;0,009249326;-0,061;-2,219000001;3;1,574656402;181,5746564;;;
07/09/2025 01:31;23,34;277064,136;4194398,366;0530cnr;altri;2,080962518;5;0,006936542;-1,729;1,158000001;4;-56,18775052;213,8122495;;;
07/09/2025 01:32;23,25;278858,057;4194779,606;2520;altri;9,553353861;5;0,031844513;-3,279;8,972999999;4;-20,07380081;249,9261992;;;
07/09/2025 01:32;24,87;278886,571;4194857,688;7520;altri;2,22078387;5;0,007402613;0,059;2,22;1;1,522367316;1,522367316;;;
07/09/2025 01:33;24,7;277079,393;4194409,057;3680cnr;altri;1,110405332;5;0,003701351;0,03;1,11;1;1,548157697;1,548157697;;;
07/09/2025 01:33;25,02;278873,101;4194782,532;930;altri;1,760627445;5;0,005868758;-1,76;0,046999999;4;-88,47030583;181,5296942;;;
07/09/2025 01:35;24,27;277076,849;4194380,251;3500cnr;altri;17,84973795;5;0,059499127;1,277;-17,804;2;-4,102540249;175,8974598;;;
07/09/2025 01:36;23,24;277064,136;4194398,366;0530cnr;altri;0;5;0;0;0;;;;;;
07/09/2025 01:37;23,31;278861,276;4194768,413;2520;altri;11,64668236;5;0,038822275;3,219;-11,193;2;-16,04473038;163,9552696;;;
07/09/2025 01:37;24,66;278886,571;4194857,688;7520;altri;0;5;0;0;0;;;;;;
07/09/2025 01:38;24,98;278873,101;4194782,532;930;altri;0;5;0;0;0;;;;;;
07/09/2025 01:39;24,73;277079,272;4194404,618;3680cnr;altri;4,440648827;5;0,014802163;-0,121;-4,439;3;1,561404149;181,5614041;;;
07/09/2025 01:40;23,84;277075,874;4194409,153;3500cnr;altri;28,91844098;5;0,096394803;-0,975;28,902;4;-1,932122624;268,0678774;;;
07/09/2025 01:41;23,18;277064,136;4194398,366;0530cnr;altri;0;5;0;0;0;;;;;;
07/09/2025 01:42;23,27;278863,916;4194768,342;2520;altri;2,640954562;5;0,008803182;2,64;-0,071;2;-88,45946213;91,54053787;;;
07/09/2025 01:43;24,84;278874,771;4194779,155;930;altri;3,767363667;5;0,012557879;1,67;-3,376999999;2;-26,31339755;153,6866025;;;
07/09/2025 01:43;24,59;278886,512;4194855,468;7520;altri;2,22078387;5;0,007402613;-0,059;-2,22;3;1,522367316;181,5223673;;;
07/09/2025 01:44;24,65;277079,363;4194407,947;3680cnr;altri;3,330243535;5;0,011100812;0,091;3,329;1;1,565820923;1,565820923;;;
07/09/2025 01:46;23,68;277075,723;4194403,604;3500cnr;altri;5,551054134;5;0,018503514;-0,151;-5,549;3;1,558754395;181,5587544;;;
07/09/2025 01:47;23,14;277064,136;4194398,366;0530cnr;altri;0;5;0;0;0;;;;;;
07/09/2025 01:48;23,3;278863,916;4194768,342;2520;altri;0;5;0;0;0;;;;;;
07/09/2025 01:48;24,87;278874,831;4194781,375;930;altri;2,220810663;5;0,007402702;0,06;2,22;1;1,548157699;1,548157699;;;
07/09/2025 01:48;24,56;278886,512;4194855,468;7520;altri;0;5;0;0;0;;;;;;
07/09/2025 01:49;24,52;277079,302;4194405,728;3680cnr;altri;2,219838282;5;0,007399461;-0,061;-2,219;3;1,574656402;181,5746564;;;
07/09/2025 01:51;23,59;277073,933;4194402,542;3500cnr;altri;2,081332266;5;0,006937774;-1,79;-1,062;3;59,31950968;239,3195097;;;
07/09/2025 01:52;23,25;277064,136;4194398,366;0530cnr;altri;0;5;0;0;0;;;;;;
07/09/2025 01:53;23,18;278863,916;4194768,342;2520;altri;0;5;0;0;0;;;;;;
07/09/2025 01:53;24,77;278874,831;4194781,375;930;altri;0;5;0;0;0;;;;;;
07/09/2025 01:53;24,48;278886,482;4194854,358;7520;altri;1,110405332;5;0,003701351;-0,03;-1,11;3;1,548157697;181,5481577;;;
07/09/2025 01:54;24,45;277079,302;4194405,728;3680cnr;altri;0;5;0;0;0;;;;;;
07/09/2025 01:56;23,65;277075,693;4194402,494;3500cnr;altri;1,760654424;5;0,005868848;1,76;-0,048;2;-88,43777507;91,56222493;;;
07/09/2025 01:57;23,16;277064,136;4194398,366;0530cnr;altri;0;5;0;0;0;;;;;;
07/09/2025 01:58;23,15;278865,645;4194767,185;2520;altri;2,080406211;5;0,006934687;1,729;-1,157000001;2;-56,21063312;123,7893669;;;
07/09/2025 01:58;24,76;278874,831;4194781,375;930;altri;0;5;0;0;0;;;;;;
07/09/2025 01:58;24,35;278886,482;4194854,358;7520;altri;0;5;0;0;0;;;;;;
07/09/2025 02:00;24,4;277079,302;4194405,728;3680cnr;altri;0;5;0;0;0;;;;;;
07/09/2025 02:01;23,59;277075,693;4194402,494;3500cnr;altri;0;5;0;0;0;;;;;;
07/09/2025 02:02;23,13;277064,136;4194398,366;0530cnr;altri;0;5;0;0;0;;;;;;
07/09/2025 02:03;23,1;278865,585;4194764,966;2520;altri;2,219811028;5;0,00739937;-0,06;-2,219;3;1,548855042;181,548855;;;
07/09/2025 02:03;24,56;278886,512;4194855,468;7520;altri;1,110405332;5;0,003701351;0,03;1,11;1;1,548157697;1,548157697;;;
07/09/2025 02:04;24,71;278874,771;4194779,155;930;altri;2,220810663;5;0,007402702;-0,06;-2,22;3;1,548157699;181,5481577;;;
07/09/2025 02:05;24,46;277079,363;4194407,947;3680cnr;altri;2,219838282;5;0,007399461;0,061;2,219;1;1,574656402;1,574656402;;;
07/09/2025 02:06;23,36;277073,933;4194402,542;3500cnr;altri;1,760654424;5;0,005868848;-1,76;0,048;4;-88,43777507;181,5622249;;;
07/09/2025 02:07;23,06;277064,196;4194400,585;0530cnr;altri;2,219811028;5;0,00739937;0,06;2,219;1;1,548855042;1,548855042;;;
07/09/2025 02:08;23,05;278865,585;4194764,966;2520;altri;0;5;0;0;0;;;;;;
07/09/2025 02:08;24,65;278886,512;4194855,468;7520;altri;0;5;0;0;0;;;;;;
07/09/2025 02:09;24,8;278871,432;4194785,909;930;altri;7,534284106;5;0,02511428;-3,339;6,754;4;-26,30658085;243,6934192;;;
07/09/2025 02:10;24,44;277079,302;4194405,728;3680cnr;altri;2,219838282;5;0,007399461;-0,061;-2,219;3;1,574656402;181,5746564;;;
07/09/2025 02:11;23,14;277073,933;4194402,542;3500cnr;altri;0;5;0;0;0;;;;;;
07/09/2025 02:12;22,95;277064,166;4194399,475;0530cnr;altri;1,110405332;5;0,003701351;-0,03;-1,11;3;1,548157697;181,5481577;;;
07/09/2025 02:13;23,05;278865,675;4194768,295;2520;altri;3,330216359;5;0,011100721;0,09;3,329;1;1,548622524;1,548622524;;;
07/09/2025 02:13;24,42;278886,512;4194855,468;7520;altri;0;5;0;0;0;;;;;;
07/09/2025 02:14;24,66;278873,071;4194781,422;930;altri;4,776974984;5;0,01592325;1,639;-4,487;2;-20,06610967;159,9338903;;;
07/09/2025 02:15;24,38;277079,272;4194404,618;3680cnr;altri;1,110405332;5;0,003701351;-0,03;-1,11;3;1,5481577;181,5481577;;;
07/09/2025 02:17;22,95;277064,136;4194398,366;0530cnr;altri;1,109405696;5;0,003698019;-0,03;-1,108999999;3;1,549553015;181,549553;;;
07/09/2025 02:17;23;277075,663;4194401,384;3500cnr;altri;2,081793458;5;0,006939312;1,73;-1,158000001;2;-56,20306595;123,796934;;;
07/09/2025 02:18;23,03;278865,585;4194764,966;2520;altri;3,330216359;5;0,011100721;-0,09;-3,329;3;1,548622524;181,5486225;;;
07/09/2025 02:19;24,38;278886,482;4194854,358;7520;altri;1,110405332;5;0,003701351;-0,03;-1,11;3;1,548157697;181,5481577;;;
07/09/2025 02:20;24,34;277079,212;4194402,398;3680cnr;altri;2,220810663;5;0,007402702;-0,06;-2,22;3;1,548157699;181,5481577;;;
07/09/2025 02:20;24,6;278874,831;4194781,375;930;altri;1,760627445;5;0,005868758;1,76;-0,047;2;-88,4703058;91,5296942;;;
07/09/2025 02:22;22,96;277062,376;4194398,413;0530cnr;altri;1,760627445;5;0,005868758;-1,76;0,046999999;4;-88,47030583;181,5296942;;;
07/09/2025 02:22;23,03;277073,933;4194402,542;3500cnr;altri;2,081793458;5;0,006939312;-1,73;1,158000001;4;-56,20306595;213,796934;;;
07/09/2025 02:23;22,98;278863,886;4194767,233;2520;altri;2,833000176;5;0,009443334;-1,699;2,267;4;-36,84967323;233,1503268;;;
07/09/2025 02:24;24,47;278884,722;4194854,406;7520;altri;1,760654424;5;0,005868848;-1,76;0,048;4;-88,43777507;181,5622249;;;
07/09/2025 02:25;24,31;277079,182;4194401,289;3680cnr;altri;1,109405697;5;0,003698019;-0,03;-1,109;3;1,549553014;181,549553;;;
07/09/2025 02:25;24,57;278874,442;4194766,948;930;altri;14,43224342;4;0,060134348;-0,389;-14,427;3;1,544510937;181,5445109;;;
07/09/2025 02:27;23,07;277073,813;4194398,103;3500cnr;altri;4,440621691;5;0,014802072;-0,12;-4,439;3;1,548506292;181,5485063;;;
07/09/2025 02:28;23,02;277064,075;4194396,146;0530cnr;altri;2,833000176;5;0,009443334;1,699;-2,267;2;-36,84967323;143,1503268;;;
07/09/2025 02:29;22,92;278863,916;4194768,342;2520;altri;1,109405697;5;0,003698019;0,03;1,109;1;1,549553014;1,549553014;;;
07/09/2025 02:29;24,52;278884,662;4194852,186;7520;altri;2,220810663;5;0,007402702;-0,06;-2,220000001;3;1,548157698;181,5481577;;;
07/09/2025 02:30;24,25;277079,212;4194402,398;3680cnr;altri;1,109405697;5;0,003698019;0,03;1,109;1;1,549553014;1,549553014;;;
07/09/2025 02:30;24,63;278874,532;4194770,277;930;altri;3,330216359;5;0,011100721;0,09;3,329;1;1,548622525;1,548622525;;;
07/09/2025 02:32;23,09;277073,873;4194400,322;3500cnr;altri;2,219811028;5;0,00739937;0,06;2,219;1;1,548855042;1,548855042;;;
07/09/2025 02:33;23;277062,346;4194397,304;0530cnr;altri;2,080962518;5;0,006936542;-1,729;1,158;4;-56,18775054;213,8122495;;;
07/09/2025 02:34;22,95;278865,645;4194767,185;2520;altri;2,080406211;5;0,006934687;1,729;-1,157000001;2;-56,21063312;123,7893669;;;
07/09/2025 02:34;24,51;278886,721;4194863,236;7520;altri;11,24019488;5;0,037467316;2,059;11,05;1;10,55515031;10,55515031;;;
07/09/2025 02:35;24,57;278874,591;4194772,497;930;altri;2,220783871;5;0,007402613;0,059;2,220000001;1;1,522367316;1,522367316;;;
07/09/2025 02:36;24,23;277079,182;4194401,289;3680cnr;altri;1,109405697;5;0,003698019;-0,03;-1,109;3;1,549553014;181,549553;;;
07/09/2025 02:37;23,05;277073,843;4194399,212;3500cnr;altri;1,110405331;5;0,003701351;-0,03;-1,109999999;3;1,548157701;181,5481577;;;
07/09/2025 02:38;22,89;277064,045;4194395,036;0530cnr;altri;2,833800451;5;0,009446002;1,699;-2,267999999;2;-36,83754772;143,1624523;;;
07/09/2025 02:39;22,86;278863,916;4194768,342;2520;altri;2,080406211;5;0,006934687;-1,729;1,157000001;4;-56,21063312;213,7893669;;;
07/09/2025 02:39;24,49;278886,512;4194855,468;7520;altri;7,770811089;5;0,025902704;-0,209;-7,767999999;3;1,541185592;181,5411856;;;
07/09/2025 02:40;24,59;278872,802;4194771,434;930;altri;2,080982941;5;0,00693661;-1,789;-1,063;3;59,28178181;239,2817818;;;
07/09/2025 02:41;24,26;277079,182;4194401,289;3680cnr;altri;0;5;0;0;0;;;;;;
07/09/2025 02:42;23,02;277073,843;4194399,212;3500cnr;altri;0;5;0;0;0;;;;;;
07/09/2025 02:43;22,86;277064,045;4194395,036;0530cnr;altri;0;5;0;0;0;;;;;;
07/09/2025 02:44;22,8;278865,645;4194767,185;2520;altri;2,080406211;5;0,006934687;1,729;-1,157000001;2;-56,21063312;123,7893669;;;
07/09/2025 02:44;24,53;278884,812;4194857,735;7520;altri;2,833600007;5;0,009445333;-1,7;2,267;4;-36,86585362;233,1341464;;;
07/09/2025 02:45;24,55;278872,862;4194773,654;930;altri;2,220810663;5;0,007402702;0,06;2,22;1;1,548157699;1,548157699;;;
07/09/2025 02:46;24,22;277079,212;4194402,398;3680cnr;altri;1,109405697;5;0,003698019;0,03;1,109;1;1,549553014;1,549553014;;;
07/09/2025 02:47;23;277075,482;4194394,726;3500cnr;altri;4,7760357;5;0,015920119;1,639;-4,486;2;-20,07022572;159,9297743;;;
07/09/2025 02:48;22,87;277064,106;4194397,256;0530cnr;altri;2,220837905;5;0,007402793;0,061;2,22;1;1,573947456;1,573947456;;;
07/09/2025 02:49;22,82;278861,247;4194767,304;2520;altri;4,399609642;5;0,014665365;-4,398;0,119;4;-88,45008309;181,5499169;;;
07/09/2025 02:49;24,57;278886,661;4194861,017;7520;altri;3,767004778;5;0,012556683;1,849;3,282;1;29,39586622;29,39586622;;;
07/09/2025 02:50;24,44;278871,043;4194771,482;930;altri;2,833080479;5;0,009443602;-1,819;-2,172;3;39,94539872;219,9453987;;;
07/09/2025 02:51;24,23;277079,212;4194402,398;3680cnr;altri;0;5;0;0;0;;;;;;
07/09/2025 02:53;22,88;277064,136;4194398,366;0530cnr;altri;1,110405332;5;0,003701351;0,03;1,11;1;1,548157697;1,548157697;;;
07/09/2025 02:53;23,03;277073,783;4194396,993;3500cnr;altri;2,833000176;5;0,009443334;-1,699;2,267;4;-36,84967323;233,1503268;;;
07/09/2025 02:55;22,86;278836,166;4194751,321;2520;altri;29,74076075;5;0,099135869;-25,081;-15,983;3;57,49245965;237,4924597;;;
07/09/2025 02:55;24,4;278869,194;4194768,2;930;altri;3,767004778;5;0,012556683;-1,849;-3,282;3;29,39586622;209,3958662;;;
07/09/2025 02:55;24,48;278886,482;4194854,358;7520;altri;6,661405407;5;0,022204685;-0,179;-6,659;3;1,539792063;181,5397921;;;
07/09/2025 02:56;24,2;277079,212;4194402,398;3680cnr;altri;0;5;0;0;0;;;;;;
07/09/2025 02:58;22,93;277064,106;4194397,256;0530cnr;altri;1,110405332;5;0,003701351;-0,03;-1,11;3;1,548157697;181,5481577;;;
07/09/2025 02:58;23,02;277073,783;4194396,993;3500cnr;altri;0;5;0;0;0;;;;;;
07/09/2025 03:00;22,91;278836,226;4194753,541;2520;altri;2,220810663;5;0,007402702;0,06;2,22;1;1,548157699;1,548157699;;;
07/09/2025 03:00;24,43;278884,752;4194855,516;7520;altri;2,081793458;5;0,006939312;-1,73;1,158;4;-56,20306597;213,796934;;;
07/09/2025 03:01;24,2;277080,76;4194394,582;3680cnr;altri;7,967820279;5;0,026559401;1,548;-7,816;2;-11,20275333;168,7972467;;;
07/09/2025 03:01;24,36;278865,735;4194770,514;930;altri;4,161643546;5;0,013872145;-3,459;2,314;4;-56,21828985;213,7817102;;;
07/09/2025 03:03;23,02;277075,783;4194405,823;3500cnr;altri;9,053667765;5;0,030178893;2;8,83;1;12,76219045;12,76219045;;;
07/09/2025 03:04;22,9;277064,196;4194400,585;0530cnr;altri;3,330216359;5;0,011100721;0,09;3,329;1;1,548622524;1,548622524;;;
07/09/2025 03:05;22,9;278829,129;4194751,511;2520;altri;7,381619673;5;0,024605399;-7,097;-2,03;3;74,03754512;254,0375451;;;
07/09/2025 03:05;24,34;278884,812;4194857,735;7520;altri;2,219811028;5;0,00739937;0,06;2,219000001;1;1,548855041;1,548855041;;;
07/09/2025 03:06;24,3;278859,487;4194767,351;930;altri;7,00300457;5;0,023343349;-6,248;-3,163000001;3;63,14955168;243,1495517;;;
07/09/2025 03:07;24,17;277079,212;4194402,398;3680cnr;altri;7,967820279;5;0,026559401;-1,548;7,816;4;-11,20275333;258,7972467;;;
07/09/2025 03:08;22,99;277075,663;4194401,384;3500cnr;altri;4,440621691;5;0,014802072;-0,12;-4,439;3;1,548506292;181,5485063;;;
07/09/2025 03:09;22,87;277064,136;4194398,366;0530cnr;altri;2,219811028;5;0,00739937;-0,06;-2,219;3;1,548855042;181,548855;;;
07/09/2025 03:10;22,88;278842,534;4194758,924;2520;altri;15,31817855;5;0,051060595;13,405;7,413;1;61,05729164;61,05729164;;;
07/09/2025 03:10;24,26;278883,112;4194860,002;7520;altri;2,833600007;5;0,009445333;-1,7;2,267;4;-36,86585362;233,1341464;;;
07/09/2025 03:11;24,33;278854,149;4194765,274;930;altri;5,727841915;5;0,019092806;-5,338;-2,077;3;68,73913575;248,7391358;;;
07/09/2025 03:12;24,13;277077,754;4194413,544;3680cnr;altri;11,24095548;4;0,046837314;-1,458;11,146;4;-7,452503942;262,5474961;;;
07/09/2025 03:14;22,83;277064,136;4194398,366;0530cnr;altri;0;5;0;0;0;;;;;;
07/09/2025 03:14;22,98;277075,753;4194404,713;3500cnr;altri;3,33021636;5;0,011100721;0,09;3,329000001;1;1,548622524;1,548622524;;;
07/09/2025 03:15;22,87;278838,925;4194755,689;2520;altri;4,846659261;5;0,016155531;-3,609;-3,234999999;3;48,12789735;228,1278973;;;
07/09/2025 03:16;24,23;278855,909;4194765,226;930;altri;1,760654424;5;0,005868848;1,76;-0,048;2;-88,43777507;91,56222493;;;
07/09/2025 03:16;24,31;278884,752;4194855,516;7520;altri;4,776378964;5;0,015921263;1,64;-4,486;2;-20,08149291;159,9185071;;;
07/09/2025 03:17;24,12;277079,302;4194405,728;3680cnr;altri;7,967820279;5;0,026559401;1,548;-7,816;2;-11,20275333;168,7972467;;;
07/09/2025 03:19;22,79;277062,376;4194398,413;0530cnr;altri;1,760627445;5;0,005868758;-1,76;0,046999999;4;-88,47030583;181,5296942;;;
07/09/2025 03:19;22,93;277073,964;4194403,652;3500cnr;altri;2,079962019;5;0,006933207;-1,789;-1,061000001;3;59,32914479;239,3291448;;;
07/09/2025 03:21;24,21;278854,209;4194767,493;930;altri;2,833600007;5;0,009445333;-1,7;2,267;4;-36,86585362;233,1341464;;;
07/09/2025 03:21;22,82;278861,037;4194759,535;2520;altri;22,44398048;5;0,074813268;22,112;3,846;1;80,13309954;80,13309954;;;
07/09/2025 03:21;24,41;278886,512;4194855,468;7520;altri;1,760654424;5;0,005868848;1,76;-0,047999999;2;-88,4377751;91,5622249;;;
07/09/2025 03:22;24,06;277080,911;4194400,131;3680cnr;altri;5,823683542;5;0,019412278;1,609;-5,597;2;-16,03864319;163,9613568;;;
07/09/2025 03:24;22,7;277062,376;4194398,413;0530cnr;altri;0;5;0;0;0;;;;;;
07/09/2025 03:24;22,91;277073,994;4194404,761;3500cnr;altri;1,109405697;5;0,003698019;0,03;1,109;1;1,549553014;1,549553014;;;
07/09/2025 03:26;22,8;278847,842;4194759,891;2520;altri;13,19980155;5;0,043999339;-13,195;0,356;4;-88,45453956;181,5454604;;;
07/09/2025 03:26;24,11;278849,751;4194765,392;930;altri;4,928282155;5;0,016427607;-4,458;-2,101;3;64,76608075;244,7660808;;;
07/09/2025 03:26;24,38;278884,752;4194855,516;7520;altri;1,760654424;5;0,005868848;-1,76;0,047999999;4;-88,4377751;181,5622249;;;
07/09/2025 03:27;24,08;277083,55;4194400,059;3680cnr;altri;2,639982007;5;0,00879994;2,639;-0,072;2;-88,43718341;91,56281659;;;
07/09/2025 03:29;22,85;277064,196;4194400,585;0530cnr;altri;2,83372264;5;0,009445742;1,82;2,172;1;39,96089995;39,96089995;;;
07/09/2025 03:29;22,96;277073,964;4194403,652;3500cnr;altri;1,109405697;5;0,003698019;-0,03;-1,109;3;1,549553014;181,549553;;;
07/09/2025 03:31;22,76;278834,706;4194762,466;2520;altri;13,38600467;5;0,044620016;-13,136;2,575;4;-78,90915954;191,0908405;;;
07/09/2025 03:31;24,43;278886,541;4194856,578;7520;altri;2,080472302;5;0,006934908;1,789;1,062;1;59,3054575;59,3054575;;;
07/09/2025 03:32;24,08;277079,212;4194402,398;3680cnr;altri;4,9284039;5;0,016428013;-4,338;2,339;4;-61,66696138;208,3330386;;;
07/09/2025 03:32;24,13;278846,232;4194765,487;930;altri;3,520282091;5;0,011734274;-3,519;0,095;4;-88,45360122;181,5463988;;;
07/09/2025 03:34;22,81;277064,136;4194398,366;0530cnr;altri;2,219811028;5;0,00739937;-0,06;-2,219;3;1,548855042;181,548855;;;
07/09/2025 03:34;23,02;277073,994;4194404,761;3500cnr;altri;1,109405697;5;0,003698019;0,03;1,109;1;1,549553014;1,549553014;;;
07/09/2025 03:36;22,72;278857,488;4194758,52;2520;altri;23,12121191;5;0,077070706;22,782;-3,946;2;-80,173468;99,826532;;;
07/09/2025 03:36;24,47;278886,541;4194856,578;7520;altri;0;5;0;0;0;;;;;;
07/09/2025 03:37;24,06;277083,55;4194400,059;3680cnr;altri;4,9284039;5;0,016428013;4,338;-2,339;2;-61,66696138;118,3330386;;;
07/09/2025 03:37;24,17;278873,071;4194781,422;930;altri;31,21307652;5;0,104043588;26,839;15,935;1;59,30131326;59,30131326;;;
07/09/2025 03:39;23,02;277073,933;4194402,542;3500cnr;altri;2,219838282;5;0,007399461;-0,061;-2,219;3;1,574656402;181,5746564;;;
07/09/2025 03:40;22,8;277062,376;4194398,413;0530cnr;altri;1,760627445;5;0,005868758;-1,76;0,046999999;4;-88,47030583;181,5296942;;;
07/09/2025 03:41;22,8;278861,007;4194758,426;2520;altri;3,520255246;5;0,011734184;3,519;-0,094;2;-88,46987133;91,53012867;;;
07/09/2025 03:41;24,4;278886,512;4194855,468;7520;altri;1,110378764;5;0,003701263;-0,029;-1,109999999;3;1,496576319;181,4965763;;;
07/09/2025 03:42;24,19;278873,071;4194781,422;930;altri;0;5;0;0;0;;;;;;
07/09/2025 03:43;24,04;277080,941;4194401,241;3680cnr;altri;2,864263431;5;0,009547545;-2,609;1,182;4;-65,6272324;204,3727676;;;
07/09/2025 03:45;22,8;277062,406;4194399,523;0530cnr;altri;1,110405332;5;0,003701351;0,03;1,11;1;1,5481577;1,5481577;;;
07/09/2025 03:45;22,93;277073,994;4194404,761;3500cnr;altri;2,219838282;5;0,007399461;0,061;2,219;1;1,574656402;1,574656402;;;
07/09/2025 03:46;24,35;278884,752;4194855,516;7520;altri;1,760654424;5;0,005868848;-1,76;0,047999999;4;-88,4377751;181,5622249;;;
07/09/2025 03:47;24,32;278873,071;4194781,422;930;altri;0;5;0;0;0;;;;;;
07/09/2025 03:47;22,83;278889,947;4194754,314;2520;altri;29,23067129;5;0,097435571;28,94;-4,112;2;-81,91314141;98,08685859;;;
07/09/2025 03:48;24,01;277080,941;4194401,241;3680cnr;altri;0;5;0;0;0;;;;;;
07/09/2025 03:50;22,88;277062,376;4194398,413;0530cnr;altri;1,110405332;5;0,003701351;-0,03;-1,11;3;1,5481577;181,5481577;;;
07/09/2025 03:50;22,97;277073,994;4194404,761;3500cnr;altri;0;5;0;0;0;;;;;;
07/09/2025 03:52;22,82;278878,511;4194754,622;2520;altri;11,44014685;5;0,038133823;-11,436;0,308;4;-88,45725471;181,5427453;;;
07/09/2025 03:52;24,32;278884,752;4194855,516;7520;altri;0;5;0;0;0;;;;;;
07/09/2025 03:53;24,05;277080,941;4194401,241;3680cnr;altri;0;5;0;0;0;;;;;;
07/09/2025 03:53;24,41;278871,312;4194781,47;930;altri;1,759654796;5;0,005865516;-1,759;0,047999999;4;-88,43688741;181,5631126;;;
07/09/2025 03:55;23,08;277062,346;4194397,304;0530cnr;altri;1,109405697;5;0,003698019;-0,03;-1,109;3;1,549553011;181,549553;;;
07/09/2025 03:55;23,22;277073,994;4194404,761;3500cnr;altri;0;5;0;0;0;;;;;;
07/09/2025 03:57;22,98;278861,127;4194762,865;2520;altri;19,23929586;5;0,064130986;-17,384;8,243;4;-64,63101811;205,3689819;;;
07/09/2025 03:57;24,29;278886,512;4194855,468;7520;altri;1,760654424;5;0,005868848;1,76;-0,047999999;2;-88,4377751;91,5622249;;;
07/09/2025 03:58;24,09;277080,971;4194402,351;3680cnr;altri;1,110405331;5;0,003701351;0,03;1,109999999;1;1,548157701;1,548157701;;;
07/09/2025 03:58;24,41;278873,071;4194781,422;930;altri;1,759654796;5;0,005865516;1,759;-0,047999999;2;-88,43688741;91,56311259;;;
07/09/2025 04:00;23,45;277073,964;4194403,652;3500cnr;altri;1,109405697;5;0,003698019;-0,03;-1,109;3;1,549553014;181,549553;;;
07/09/2025 04:01;23,2;277062,376;4194398,413;0530cnr;altri;1,109405697;5;0,003698019;0,03;1,109;1;1,549553011;1,549553011;;;
07/09/2025 04:02;24,19;278886,512;4194855,468;7520;altri;0;5;0;0;0;;;;;;
07/09/2025 04:03;22,98;278861,247;4194767,304;2520;altri;4,44062169;5;0,014802072;0,12;4,438999999;1;1,548506292;1,548506292;;;
07/09/2025 04:03;24,45;278873,071;4194781,422;930;altri;0;5;0;0;0;;;;;;
07/09/2025 04:04;24,14;277079,302;4194405,728;3680cnr;altri;3,766920493;5;0,012556402;-1,669;3,377;4;-26,29976334;243,7002367;;;
07/09/2025 04:05;23,59;277073,994;4194404,761;3500cnr;altri;1,109405697;5;0,003698019;0,03;1,109;1;1,549553014;1,549553014;;;
07/09/2025 04:06;23,27;277062,376;4194398,413;0530cnr;altri;0;5;0;0;0;;;;;;
07/09/2025 04:07;24,11;278886,512;4194855,468;7520;altri;0;5;0;0;0;;;;;;
07/09/2025 04:08;22,94;278863,916;4194768,342;2520;altri;2,863739688;5;0,009545799;2,669;1,038000001;1;68,74845854;68,74845854;;;
07/09/2025 04:08;24,46;278873,071;4194781,422;930;altri;0;5;0;0;0;;;;;;
07/09/2025 04:09;24,16;277079,302;4194405,728;3680cnr;altri;0;5;0;0;0;;;;;;
07/09/2025 04:10;23,76;277073,933;4194402,542;3500cnr;altri;2,219838282;5;0,007399461;-0,061;-2,219;3;1,574656402;181,5746564;;;
07/09/2025 04:11;23,23;277062,376;4194398,413;0530cnr;altri;0;5;0;0;0;;;;;;
07/09/2025 04:12;24,1;278884,752;4194855,516;7520;altri;1,760654424;5;0,005868848;-1,76;0,047999999;4;-88,4377751;181,5622249;;;
07/09/2025 04:13;23;278861,276;4194768,413;2520;altri;2,640954562;5;0,008803182;-2,64;0,071;4;-88,45946213;181,5405379;;;
07/09/2025 04:13;24,46;278873,071;4194781,422;930;altri;0;5;0;0;0;;;;;;
07/09/2025 04:14;24,17;277079,302;4194405,728;3680cnr;altri;0;5;0;0;0;;;;;;
07/09/2025 04:15;23,91;277075,693;4194402,494;3500cnr;altri;1,760654424;5;0,005868848;1,76;-0,048;2;-88,43777507;91,56222493;;;
07/09/2025 04:16;23,27;277062,346;4194397,304;0530cnr;altri;1,109405697;5;0,003698019;-0,03;-1,109;3;1,549553011;181,549553;;;
07/09/2025 04:17;24,14;278886,512;4194855,468;7520;altri;1,760654424;5;0,005868848;1,76;-0,047999999;2;-88,4377751;91,5622249;;;
07/09/2025 04:18;23;278863,886;4194767,233;2520;altri;2,864349839;5;0,009547833;2,61;-1,18;2;-65,67192789;114,3280721;;;
07/09/2025 04:18;24,48;278873,012;4194779,203;930;altri;2,219784224;5;0,007399281;-0,059;-2,219000001;3;1,523053053;181,5230531;;;
07/09/2025 04:19;24,27;277079,272;4194404,618;3680cnr;altri;1,110405332;5;0,003701351;-0,03;-1,11;3;1,5481577;181,5481577;;;
07/09/2025 04:20;24,01;277075,693;4194402,494;3500cnr;altri;0;5;0;0;0;;;;;;
07/09/2025 04:21;23,37;277062,346;4194397,304;0530cnr;altri;0;5;0;0;0;;;;;;
07/09/2025 04:22;24,18;278886,482;4194854,358;7520;altri;1,110405332;5;0,003701351;-0,03;-1,11;3;1,548157697;181,5481577;;;
07/09/2025 04:23;23,02;278863,886;4194767,233;2520;altri;0;5;0;0;0;;;;;;
07/09/2025 04:23;24,44;278874,771;4194779,155;930;altri;1,759654796;5;0,005865516;1,759;-0,047999999;2;-88,43688741;91,56311259;;;
07/09/2025 04:24;24,3;277079,302;4194405,728;3680cnr;altri;1,110405332;5;0,003701351;0,03;1,11;1;1,5481577;1,5481577;;;
07/09/2025 04:26;23,47;277064,045;4194395,036;0530cnr;altri;2,833800451;5;0,009446002;1,699;-2,267999999;2;-36,83754772;143,1624523;;;
07/09/2025 04:26;23,98;277073,933;4194402,542;3500cnr;altri;1,760654424;5;0,005868848;-1,76;0,048;4;-88,43777507;181,5622249;;;
07/09/2025 04:28;23,05;278861,247;4194767,304;2520;altri;2,639954924;5;0,00879985;-2,639;0,071;4;-88,45887866;181,5411213;;;
07/09/2025 04:28;24,2;278886,482;4194854,358;7520;altri;0;5;0;0;0;;;;;;
07/09/2025 04:29;24,37;277079,272;4194404,618;3680cnr;altri;1,110405332;5;0,003701351;-0,03;-1,11;3;1,5481577;181,5481577;;;
07/09/2025 04:29;24,46;278874,741;4194778,046;930;altri;1,109405697;5;0,003698019;-0,03;-1,109;3;1,549553014;181,549553;;;
07/09/2025 04:31;23,58;277064,075;4194396,146;0530cnr;altri;1,110405331;5;0,003701351;0,03;1,109999999;1;1,548157701;1,548157701;;;
07/09/2025 04:31;23,98;277075,663;4194401,384;3500cnr;altri;2,081793458;5;0,006939312;1,73;-1,158000001;2;-56,20306595;123,796934;;;
07/09/2025 04:33;23,23;278861,276;4194768,413;2520;altri;1,109379106;5;0,00369793;0,029;1,109;1;1,497925186;1,497925186;;;
07/09/2025 04:33;24,24;278886,512;4194855,468;7520;altri;1,110405332;5;0,003701351;0,03;1,11;1;1,548157697;1,548157697;;;
07/09/2025 04:34;24,41;277079,302;4194405,728;3680cnr;altri;1,110405332;5;0,003701351;0,03;1,11;1;1,5481577;1,5481577;;;
07/09/2025 04:34;24,45;278874,771;4194779,155;930;altri;1,109405697;5;0,003698019;0,03;1,109;1;1,549553014;1,549553014;;;
07/09/2025 04:36;23,99;277075,693;4194402,494;3500cnr;altri;1,110405332;5;0,003701351;0,03;1,11;1;1,5481577;1,5481577;;;
07/09/2025 04:37;23,62;277064,106;4194397,256;0530cnr;altri;1,110432799;5;0,003701443;0,031;1,11;1;1,599736573;1,599736573;;;
07/09/2025 04:38;24,3;278886,512;4194855,468;7520;altri;0;5;0;0;0;;;;;;
07/09/2025 04:39;23,32;278863,886;4194767,233;2520;altri;2,864349839;5;0,009547833;2,61;-1,18;2;-65,67192789;114,3280721;;;
07/09/2025 04:39;24,49;278873,012;4194779,203;930;altri;1,759654796;5;0,005865516;-1,759;0,047999999;4;-88,43688741;181,5631126;;;
07/09/2025 04:40;24,5;277079,272;4194404,618;3680cnr;altri;1,110405332;5;0,003701351;-0,03;-1,11;3;1,5481577;181,5481577;;;
07/09/2025 04:41;24,04;277073,994;4194404,761;3500cnr;altri;2,833000176;5;0,009443334;-1,699;2,267;4;-36,84967323;233,1503268;;;
07/09/2025 04:42;23,67;277064,106;4194397,256;0530cnr;altri;0;5;0;0;0;;;;;;
07/09/2025 04:43;24,23;278886,571;4194857,688;7520;altri;2,22078387;5;0,007402613;0,059;2,22;1;1,522367316;1,522367316;;;
07/09/2025 04:44;23,34;278863,886;4194767,233;2520;altri;0;5;0;0;0;;;;;;
07/09/2025 04:44;24,44;278874,771;4194779,155;930;altri;1,759654796;5;0,005865516;1,759;-0,047999999;2;-88,43688741;91,56311259;;;
07/09/2025 04:45;24,54;277079,272;4194404,618;3680cnr;altri;0;5;0;0;0;;;;;;
07/09/2025 04:46;24,05;277073,933;4194402,542;3500cnr;altri;2,219838282;5;0,007399461;-0,061;-2,219;3;1,574656402;181,5746564;;;
07/09/2025 04:47;23,73;277064,075;4194396,146;0530cnr;altri;1,110432799;5;0,003701443;-0,031;-1,11;3;1,599736573;181,5997366;;;
07/09/2025 04:48;24,19;278886,512;4194855,468;7520;altri;2,22078387;5;0,007402613;-0,059;-2,22;3;1,522367316;181,5223673;;;
07/09/2025 04:49;23,38;278863,826;4194765,013;2520;altri;2,220810663;5;0,007402702;-0,06;-2,22;3;1,548157699;181,5481577;;;
07/09/2025 04:49;24,42;278874,771;4194779,155;930;altri;0;5;0;0;0;;;;;;
07/09/2025 04:50;24,66;277079,272;4194404,618;3680cnr;altri;0;5;0;0;0;;;;;;
07/09/2025 04:51;24,12;277075,693;4194402,494;3500cnr;altri;1,760654424;5;0,005868848;1,76;-0,048;2;-88,43777507;91,56222493;;;
07/09/2025 04:52;23,92;277064,106;4194397,256;0530cnr;altri;1,110432799;5;0,003701443;0,031;1,11;1;1,599736573;1,599736573;;;
07/09/2025 04:53;24,24;278886,482;4194854,358;7520;altri;1,110405332;5;0,003701351;-0,03;-1,11;3;1,548157697;181,5481577;;;
07/09/2025 04:54;23,51;278863,826;4194765,013;2520;altri;0;5;0;0;0;;;;;;
07/09/2025 04:54;24,47;278873,012;4194779,203;930;altri;1,759654796;5;0,005865516;-1,759;0,047999999;4;-88,43688741;181,5631126;;;
07/09/2025 04:55;24,95;277079,212;4194402,398;3680cnr;altri;2,220810663;5;0,007402702;-0,06;-2,22;3;1,548157699;181,5481577;;;
07/09/2025 04:56;24,26;277075,693;4194402,494;3500cnr;altri;0;5;0;0;0;;;;;;
07/09/2025 04:57;24,67;277062,346;4194397,304;0530cnr;altri;1,760654424;5;0,005868848;-1,76;0,047999999;4;-88,4377751;181,5622249;;;
07/09/2025 04:58;24,27;278886,482;4194854,358;7520;altri;0;5;0;0;0;;;;;;
07/09/2025 04:59;23,52;278861,247;4194767,304;2520;altri;3,449626356;5;0,011498755;-2,579;2,290999999;4;-48,3843919;221,6156081;;;
07/09/2025 04:59;24,47;278872,982;4194778,093;930;altri;1,110405331;5;0,003701351;-0,03;-1,109999999;3;1,548157698;181,5481577;;;
07/09/2025 05:00;25,18;277079,302;4194405,728;3680cnr;altri;3,331215994;5;0,011104053;0,09;3,33;1;1,548157699;1,548157699;;;
07/09/2025 05:02;24,82;277064,106;4194397,256;0530cnr;altri;1,760654424;5;0,005868848;1,76;-0,047999999;2;-88,4377751;91,5622249;;;
07/09/2025 05:02;24,35;277074,024;4194405,871;3500cnr;altri;3,766920493;5;0,012556402;-1,669;3,377;4;-26,29976334;243,7002367;;;
07/09/2025 05:04;23,65;278863,826;4194765,013;2520;altri;3,449626356;5;0,011498755;2,579;-2,290999999;2;-48,3843919;131,6156081;;;
07/09/2025 05:04;24,49;278873,012;4194779,203;930;altri;1,110405331;5;0,003701351;0,03;1,109999999;1;1,548157698;1,548157698;;;
07/09/2025 05:04;24,3;278884,752;4194855,516;7520;altri;2,081793458;5;0,006939312;-1,73;1,158;4;-56,20306597;213,796934;;;
07/09/2025 05:05;25,38;277079,272;4194404,618;3680cnr;altri;1,110405332;5;0,003701351;-0,03;-1,11;3;1,5481577;181,5481577;;;
07/09/2025 05:07;25,06;277065,865;4194397,208;0530cnr;altri;1,759654796;5;0,005865516;1,759;-0,048;2;-88,43688738;91,56311262;;;
07/09/2025 05:07;24,48;277073,933;4194402,542;3500cnr;altri;3,330243535;5;0,011100812;-0,091;-3,329;3;1,565820922;181,5658209;;;
07/09/2025 05:09;23,9;278863,886;4194767,233;2520;altri;2,220810663;5;0,007402702;0,06;2,22;1;1,548157699;1,548157699;;;
07/09/2025 05:09;24,34;278886,512;4194855,468;7520;altri;1,760654424;5;0,005868848;1,76;-0,047999999;2;-88,4377751;91,5622249;;;
07/09/2025 05:10;25,52;277079,302;4194405,728;3680cnr;altri;1,110405332;5;0,003701351;0,03;1,11;1;1,5481577;1,5481577;;;
07/09/2025 05:10;24,59;278873,071;4194781,422;930;altri;2,219784224;5;0,007399281;0,059;2,219000001;1;1,523053053;1,523053053;;;
07/09/2025 05:12;25,76;277064,106;4194397,256;0530cnr;altri;1,759654796;5;0,005865516;-1,759;0,048;4;-88,43688738;181,5631126;;;
07/09/2025 05:12;24,52;277073,933;4194402,542;3500cnr;altri;0;5;0;0;0;;;;;;
07/09/2025 05:14;24,01;278861,247;4194767,304;2520;altri;2,639954924;5;0,00879985;-2,639;0,071;4;-88,45887866;181,5411213;;;
07/09/2025 05:14;24,3;278886,452;4194853,249;7520;altri;2,219811028;5;0,00739937;-0,06;-2,219000001;3;1,548855041;181,548855;;;
07/09/2025 05:15;24,55;278873,071;4194781,422;930;altri;0;5;0;0;0;;;;;;
07/09/2025 05:16;25,7;277079,272;4194404,618;3680cnr;altri;1,110405332;5;0,003701351;-0,03;-1,11;3;1,5481577;181,5481577;;;
07/09/2025 05:17;24,6;277072,264;4194405,919;3500cnr;altri;3,766920492;5;0,012556402;-1,669;3,376999999;4;-26,29976335;243,7002367;;;
07/09/2025 05:18;26,35;277064,106;4194397,256;0530cnr;altri;0;5;0;0;0;;;;;;
07/09/2025 05:19;24,4;278884,752;4194855,516;7520;altri;2,833600007;5;0,009445333;-1,7;2,267;4;-36,86585362;233,1341464;;;
07/09/2025 05:20;24,05;278861,247;4194767,304;2520;altri;0;5;0;0;0;;;;;;
07/09/2025 05:20;24,62;278874,831;4194781,375;930;altri;1,760627445;5;0,005868758;1,76;-0,047;2;-88,4703058;91,5296942;;;
07/09/2025 05:21;25,79;277079,272;4194404,618;3680cnr;altri;0;5;0;0;0;;;;;;
07/09/2025 05:22;24,7;277070,505;4194405,967;3500cnr;altri;1,759654796;5;0,005865516;-1,759;0,048;4;-88,43688738;181,5631126;;;
07/09/2025 05:23;26,85;277065,865;4194397,208;0530cnr;altri;1,759654796;5;0,005865516;1,759;-0,048;2;-88,43688738;91,56311262;;;
07/09/2025 05:24;23,14;278882,813;4194848,904;7520;altri;1,110405332;0;;-0,03;-1,11;3;1,548157697;181,5481577;;;
07/09/2025 05:24;24,48;278882,843;4194850,014;7520;altri;5,823768968;5;0,019412563;-1,909;-5,501999999;3;19,13497103;199,134971;;;
07/09/2025 05:25;23,91;278881,018;4194782,319;2520;altri;24,82624954;5;0,082754165;19,771;15,015;1;52,78530436;52,78530436;;;
07/09/2025 05:25;25,13;278881,108;4194785,648;930;altri;7,593369344;5;0,025311231;6,277;4,273;1;55,75534624;55,75534624;;;
07/09/2025 05:26;25,95;277079,302;4194405,728;3680cnr;altri;1,110405332;5;0,003701351;0,03;1,11;1;1,5481577;1,5481577;;;
07/09/2025 05:27;24,83;277073,933;4194402,542;3500cnr;altri;4,845803236;5;0,016152677;3,428;-3,425;2;-45,02508206;134,9749179;;;
07/09/2025 05:28;27,13;277064,106;4194397,256;0530cnr;altri;1,759654796;5;0,005865516;-1,759;0,048;4;-88,43688738;181,5631126;;;
07/09/2025 05:31;26,08;277079,302;4194405,728;3680cnr;altri;0;5;0;0;0;;;;;;
07/09/2025 05:33;27,45;277064,075;4194396,146;0530cnr;altri;1,110432799;5;0,003701443;-0,031;-1,11;3;1,599736573;181,5997366;;;
07/09/2025 05:33;24,99;277070,565;4194408,186;3500cnr;altri;6,572530715;5;0,021908436;-3,368;5,643999999;4;-30,82621344;239,1737866;;;
07/09/2025 05:33;22,49;;;7520;altri;4204109,056;8;8758,560532;-278882,813;-4194848,904;3;3,803552707;183,8035527;check;check;
07/09/2025 05:34;23,58;;;930;altri;4204045,826;8;8758,428804;-278881,108;-4194785,648;3;3,803586709;183,8035867;check;check;
07/09/2025 05:34;23,45;;;2520;altri;4204042,498;8;8758,421871;-278881,018;-4194782,319;3;3,803588495;183,8035885;check;check;
07/09/2025 05:36;26,21;277079,302;4194405,728;3680cnr;altri;0;5;0;0;0;;;;;;
07/09/2025 05:38;27,19;277065,895;4194398,318;0530cnr;altri;2,83372264;5;0,009445742;1,82;2,172;1;39,96089995;39,96089995;;;
07/09/2025 05:38;25,12;277072,264;4194405,919;3500cnr;altri;2,833000176;5;0,009443334;1,699;-2,267;2;-36,84967323;143,1503268;;;
07/09/2025 05:41;26,33;277079,302;4194405,728;3680cnr;altri;0;5;0;0;0;;;;;;
07/09/2025 05:41;22,82;;;7520;altri;0;8;0;0;0;;;;check;check;
07/09/2025 05:42;23,04;;;930;altri;0;8;0;0;0;;;;check;check;
07/09/2025 05:42;22,55;;;2520;altri;0;8;0;0;0;;;;check;check;
07/09/2025 05:43;25,28;277064,467;4194410,573;3500cnr;altri;9,080359299;5;0,030267864;-7,797;4,654;4;-59,16718152;210,8328185;;;
07/09/2025 05:43;26,49;277065,895;4194398,318;0530cnr;altri;0;5;0;0;0;;;;;;
07/09/2025 05:46;26,42;277079,302;4194405,728;3680cnr;altri;0;5;0;0;0;;;;;;
07/09/2025 05:48;25,38;277075,723;4194403,604;3500cnr;altri;13,23874983;5;0,044129166;11,256;-6,969;2;-58,23684007;121,7631599;;;
07/09/2025 05:49;23,01;276990,77;4191957,075;930;altri;4201098,428;6;11669,71786;276990,77;4191957,075;1;3,780421577;3,780421577;;;
07/09/2025 05:49;26,23;277064,136;4194398,366;0530cnr;altri;1,759654796;5;0,005865516;-1,759;0,048;4;-88,43688738;181,5631126;;;
07/09/2025 05:49;23,62;;;7520;altri;0;8;0;0;0;;;;check;check;
07/09/2025 05:50;23,02;;;2520;altri;0;8;0;0;0;;;;check;check;
07/09/2025 05:52;26,56;277079,302;4194405,728;3680cnr;altri;0;5;0;0;0;;;;;;
07/09/2025 05:53;25,52;277075,753;4194404,713;3500cnr;altri;1,109405697;5;0,003698019;0,03;1,109;1;1,549553014;1,549553014;;;
07/09/2025 05:54;25,96;277065,865;4194397,208;0530cnr;altri;2,080962518;5;0,006936542;1,729;-1,158000001;2;-56,18775052;123,8122495;;;
07/09/2025 05:57;26,6;277079,302;4194405,728;3680cnr;altri;0;5;0;0;0;;;;;;
07/09/2025 05:57;23,55;;;930;altri;4201098,428;8;8752,288393;-276990,77;-4191957,075;3;3,780421577;183,7804216;;;
07/09/2025 05:58;25,7;277075,663;4194401,384;3500cnr;altri;3,33021636;5;0,011100721;-0,09;-3,329000001;3;1,548622524;181,5486225;;;
07/09/2025 05:58;23,84;;;2520;altri;0;8;0;0;0;;;;check;check;
07/09/2025 05:58;24,49;;;7520;altri;0;8;0;0;0;;;;check;check;
07/09/2025 05:59;25,83;277064,106;4194397,256;0530cnr;altri;1,759654796;5;0,005865516;-1,759;0,048;4;-88,43688738;181,5631126;check;check;
07/09/2025 05:59;25,83;277064,106;4194397,256;0530cnr;altri;0;0;;0;0;;;;check;check;
07/09/2025 06:02;26,7;277079,272;4194404,618;3680cnr;altri;1,110405332;5;0,003701351;-0,03;-1,11;3;1,5481577;181,5481577;;;
07/09/2025 06:04;25,62;277064,136;4194398,366;0530cnr;altri;1,110405332;5;0,003701351;0,03;1,11;1;1,548157697;1,548157697;;;
07/09/2025 06:04;25,84;277075,753;4194404,713;3500cnr;altri;3,33021636;5;0,011100721;0,09;3,329000001;1;1,548622524;1,548622524;;;
07/09/2025 06:06;24,02;;;930;altri;0;8;0;0;0;;;;check;check;
07/09/2025 06:06;24,44;;;2520;altri;0;8;0;0;0;;;;check;check;
07/09/2025 06:06;24,91;;;7520;altri;0;8;0;0;0;;;;check;check;
07/09/2025 06:07;26,66;277081,032;4194404,57;3680cnr;altri;1,760654424;5;0,005868848;1,76;-0,047999999;2;-88,4377751;91,5622249;;;
07/09/2025 06:09;25,98;277075,723;4194403,604;3500cnr;altri;1,109405697;5;0,003698019;-0,03;-1,109;3;1,549553014;181,549553;;;
07/09/2025 06:10;25,72;277065,865;4194397,208;0530cnr;altri;2,080962518;5;0,006936542;1,729;-1,158000001;2;-56,18775052;123,8122495;;;
07/09/2025 06:12;26,83;277079,242;4194403,508;3680cnr;altri;2,081332266;5;0,006937774;-1,79;-1,062;3;59,31950968;239,3195097;;;
07/09/2025 06:14;26,16;277075,723;4194403,604;3500cnr;altri;0;5;0;0;0;;;;;;
07/09/2025 06:14;24,45;;;930;altri;0;8;0;0;0;;;;check;check;
07/09/2025 06:14;24,88;;;2520;altri;0;8;0;0;0;;;;check;check;
07/09/2025 06:14;25,27;;;7520;altri;0;8;0;0;0;;;;check;check;
07/09/2025 06:15;26,2;277064,106;4194397,256;0530cnr;altri;1,759654796;5;0,005865516;-1,759;0,048;4;-88,43688738;181,5631126;;;
07/09/2025 06:18;27,09;277081,002;4194403,46;3680cnr;altri;1,760654424;5;0,005868848;1,76;-0,048;2;-88,43777507;91,56222493;;;
07/09/2025 06:20;26,64;277065,865;4194397,208;0530cnr;altri;1,759654796;5;0,005865516;1,759;-0,048;2;-88,43688738;91,56311262;;;
07/09/2025 06:20;26,33;277075,693;4194402,494;3500cnr;altri;1,110405332;5;0,003701351;-0,03;-1,11;3;1,548157697;181,5481577;;;
07/09/2025 06:22;24,8;;;930;altri;0;8;0;0;0;;;;check;check;
07/09/2025 06:22;25,21;;;2520;altri;0;8;0;0;0;;;;check;check;
07/09/2025 06:22;25,42;;;7520;altri;0;8;0;0;0;;;;check;check;
07/09/2025 06:23;27;277079,272;4194404,618;3680cnr;altri;2,081793457;5;0,006939312;-1,73;1,158;4;-56,20306597;213,796934;;;
07/09/2025 06:25;26,53;277064,106;4194397,256;0530cnr;altri;1,759654796;5;0,005865516;-1,759;0,048;4;-88,43688738;181,5631126;;;
07/09/2025 06:25;26,19;277075,693;4194402,494;3500cnr;altri;0;5;0;0;0;;;;;;
07/09/2025 06:28;27,09;277079,272;4194404,618;3680cnr;altri;0;5;0;0;0;;;;;;
07/09/2025 06:30;27,17;277064,106;4194397,256;0530cnr;altri;0;5;0;0;0;;;;;;
07/09/2025 06:30;26,51;277075,723;4194403,604;3500cnr;altri;1,110405332;5;0,003701351;0,03;1,11;1;1,548157697;1,548157697;;;
07/09/2025 06:30;25,05;;;930;altri;0;8;0;0;0;;;;check;check;
07/09/2025 06:30;25,3;;;2520;altri;0;8;0;0;0;;;;check;check;
07/09/2025 06:30;24,93;;;7520;altri;0;8;0;0;0;;;;check;check;
07/09/2025 06:33;27,64;277079,272;4194404,618;3680cnr;altri;0;5;0;0;0;;;;;;
07/09/2025 06:35;27,47;277064,136;4194398,366;0530cnr;altri;1,110405332;5;0,003701351;0,03;1,11;1;1,548157697;1,548157697;;;
07/09/2025 06:35;26,7;277075,753;4194404,713;3500cnr;altri;1,109405697;5;0,003698019;0,03;1,109;1;1,549553014;1,549553014;;;
07/09/2025 06:38;27,84;277079,242;4194403,508;3680cnr;altri;1,110405331;5;0,003701351;-0,03;-1,109999999;3;1,548157698;181,5481577;;;
07/09/2025 06:38;24,58;;;930;altri;0;8;0;0;0;;;;check;check;
07/09/2025 06:38;25,31;;;7520;altri;0;8;0;0;0;;;;check;check;
07/09/2025 06:39;24,63;;;2520;altri;0;8;0;0;0;;;;check;check;
07/09/2025 06:40;27,48;277065,895;4194398,318;0530cnr;altri;1,759654796;5;0,005865516;1,759;-0,048;2;-88,43688738;91,56311262;;;
07/09/2025 06:40;26,88;277073,964;4194403,652;3500cnr;altri;2,079962019;5;0,006933207;-1,789;-1,061000001;3;59,32914479;239,3291448;;;
07/09/2025 06:44;28,44;277079,242;4194403,508;3680cnr;altri;0;5;0;0;0;;;;;;
07/09/2025 06:45;27,23;277075,723;4194403,604;3500cnr;altri;1,759654796;5;0,005865516;1,759;-0,047999999;2;-88,43688741;91,56311259;;;
07/09/2025 06:45;24,91;279702,419;4194981,221;2520;altri;4204295,528;6;11678,59869;279702,419;4194981,221;1;3,814578008;3,814578008;;;
07/09/2025 06:46;27,67;277065,895;4194398,318;0530cnr;altri;0;5;0;0;0;;;;;;
07/09/2025 06:46;24,7;;;930;altri;0;8;0;0;0;;;;check;check;
07/09/2025 06:46;25,84;;;7520;altri;0;8;0;0;0;;;;check;check;
07/09/2025 06:49;29,22;277079,272;4194404,618;3680cnr;altri;1,110405331;5;0,003701351;0,03;1,109999999;1;1,548157698;1,548157698;;;
07/09/2025 06:50;27,61;277075,753;4194404,713;3500cnr;altri;1,109405697;5;0,003698019;0,03;1,109;1;1,549553014;1,549553014;;;
07/09/2025 06:51;28,57;277065,865;4194397,208;0530cnr;altri;1,110405332;5;0,003701351;-0,03;-1,11;3;1,5481577;181,5481577;;;
07/09/2025 06:54;29,59;277075,753;4194404,713;3680cnr;altri;3,520282091;5;0,011734274;-3,519;0,095000001;4;-88,45360121;181,5463988;;;
07/09/2025 06:54;25,09;;;930;altri;0;8;0;0;0;;;;check;check;
07/09/2025 06:54;25,42;;;2520;altri;4204295,528;8;8758,949017;-279702,419;-4194981,221;3;3,814578008;183,814578;check;check;
07/09/2025 06:54;26,48;;;7520;altri;0;8;0;0;0;;;;check;check;
07/09/2025 06:56;29,23;277065,895;4194398,318;0530cnr;altri;1,110405332;5;0,003701351;0,03;1,11;1;1,5481577;1,5481577;;;
07/09/2025 06:56;27,84;277075,723;4194403,604;3500cnr;altri;1,109405697;5;0,003698019;-0,03;-1,109;3;1,549553014;181,549553;;;
07/09/2025 06:59;30,1;277075,783;4194405,823;3680cnr;altri;1,110405331;5;0,003701351;0,03;1,109999999;1;1,548157698;1,548157698;;;
07/09/2025 07:01;30,35;277065,895;4194398,318;0530cnr;altri;0;5;0;0;0;;;;;;
07/09/2025 07:01;28,13;277075,693;4194402,494;3500cnr;altri;1,110405332;5;0,003701351;-0,03;-1,11;3;1,548157697;181,5481577;;;
07/09/2025 07:02;25,63;;;930;altri;0;8;0;0;0;;;;check;check;
07/09/2025 07:02;26,17;;;2520;altri;0;8;0;0;0;;;;check;check;
07/09/2025 07:02;27,14;;;7520;altri;0;8;0;0;0;;;;check;check;
07/09/2025 07:04;30,32;277075,783;4194405,823;3680cnr;altri;0;5;0;0;0;;;;;;
07/09/2025 07:06;30,81;277065,895;4194398,318;0530cnr;altri;0;5;0;0;0;;;;;;
07/09/2025 07:06;28,5;277073,933;4194402,542;3500cnr;altri;1,760654424;5;0,005868848;-1,76;0,048;4;-88,43777507;181,5622249;;;
07/09/2025 07:09;30,87;277077,543;4194405,775;3680cnr;altri;1,760654424;5;0,005868848;1,76;-0,047999999;2;-88,4377751;91,5622249;;;
07/09/2025 07:10;26,3;;;930;altri;0;8;0;0;0;;;;check;check;
07/09/2025 07:10;26,9;;;2520;altri;0;8;0;0;0;;;;check;check;
07/09/2025 07:11;32,01;277065,925;4194399,428;0530cnr;altri;1,110405332;5;0,003701351;0,03;1,11;1;1,548157697;1,548157697;check;check;
07/09/2025 07:11;32,3;277065,925;4194399,428;0530cnr;altri;0;0;;0;0;;;;check;check;
07/09/2025 07:11;28,87;277075,693;4194402,494;3500cnr;altri;1,760654424;5;0,005868848;1,76;-0,048;2;-88,43777507;91,56222493;;;
07/09/2025 07:15;27,21;276996,05;4191956,932;2520;altri;4201098,634;4;17504,57764;276996,05;4191956,932;1;3,780493559;3,780493559;;;
07/09/2025 07:15;31,74;277077,513;4194404,666;3680cnr;altri;1,109405697;5;0,003698019;-0,03;-1,109;3;1,549553014;181,549553;;;
07/09/2025 07:16;27,59;276967,607;4192012,123;7520;altri;4201151,83;13;5386,092089;276967,607;4192012,123;1;3,780056866;3,780056866;;;
07/09/2025 07:16;26,69;276974,225;4191996,395;930;altri;4201136,572;5;14003,78857;276974,225;4191996,395;1;3,780161068;3,780161068;;;
07/09/2025 07:16;29,21;277075,693;4194402,494;3500cnr;altri;0;5;0;0;0;;;;;;
07/09/2025 07:20;27,37;276966,028;4192018,829;2520;altri;68,79359776;5;0,229311993;-30,022;61,897;4;-25,87485026;244,1251497;;;
07/09/2025 07:20;31,77;277079,302;4194405,728;3680cnr;altri;2,080472302;5;0,006934908;1,789;1,062;1;59,3054575;59,3054575;;;
07/09/2025 07:21;27,54;276964,208;4192016,658;7520;altri;5,667400286;5;0,018891334;-3,399;4,535;4;-36,85170017;233,1482998;;;
07/09/2025 07:21;27,09;276965,636;4192004,402;930;altri;11,74235794;5;0,039141193;-8,589;8,007;4;-47,00846493;222,9915351;;;
07/09/2025 07:21;29,27;277075,723;4194403,604;3500cnr;altri;1,110405332;5;0,003701351;0,03;1,11;1;1,548157697;1,548157697;;;
07/09/2025 07:22;32,48;277062,406;4194399,523;0530cnr;altri;3,520282091;10;0,005867137;-3,519;0,095;4;-88,45360122;181,5463988;;;
07/09/2025 07:25;27,55;276999,704;4192221,151;2520;altri;205,1054964;5;0,683684988;33,676;202,322;1;9,45010629;9,45010629;;;
07/09/2025 07:25;31,47;277079,302;4194405,728;3680cnr;altri;0;5;0;0;0;;;;;;
07/09/2025 07:26;27,77;277070,415;4192328,068;7520;altri;329,0229702;5;1,096743234;106,207;311,41;1;18,83204471;18,83204471;;;
07/09/2025 07:26;28,95;277075,663;4194401,384;3500cnr;altri;2,220810663;5;0,007402702;-0,06;-2,220000001;3;1,548157698;181,5481577;;;
07/09/2025 07:26;27,58;277084,397;4192356,563;930;altri;371,6470705;5;1,238823568;118,761;352,161;1;18,63590474;18,63590474;;;
07/09/2025 07:27;31,73;277065,865;4194397,208;0530cnr;altri;4,162199659;5;0,013873999;3,459;-2,315;2;-56,20684828;123,7931517;;;
07/09/2025 07:30;27,01;276906,436;4192904,472;2520;altri;689,6568051;5;2,298856017;-93,268;683,321;4;-7,772398678;262,2276013;;;
07/09/2025 07:30;31,69;277079,272;4194404,618;3680cnr;altri;1,110405332;5;0,003701351;-0,03;-1,11;3;1,5481577;181,5481577;;;
07/09/2025 07:31;27,3;276858,117;4193005,739;7520;altri;710,146763;5;2,367155877;-212,298;677,671;4;-17,39451692;252,6054831;;;
07/09/2025 07:31;29,21;277073,873;4194400,322;3500cnr;altri;2,081332266;5;0,006937774;-1,79;-1,062;3;59,31950968;239,3195097;;;
07/09/2025 07:32;27,2;276855,261;4193030,249;930;altri;711,5870524;5;2,371956841;-229,136;673,686;4;-18,78434223;251,2156578;;;
07/09/2025 07:32;31,98;277060,677;4194400,681;0530cnr;altri;6,2431621;5;0,02081054;-5,188;3,473;4;-56,20048265;213,7995174;;;
07/09/2025 07:35;32,19;277079,302;4194405,728;3680cnr;altri;1,110405332;5;0,003701351;0,03;1,11;1;1,5481577;1,5481577;;;
07/09/2025 07:36;27,12;276513,652;4193613,718;7520;altri;698,7807959;5;2,32926932;-344,465;607,979;4;-29,5347565;240,4652435;;;
07/09/2025 07:36;26,87;276584,747;4193508,497;2520;altri;684,3464133;5;2,281154711;-321,689;604,025;4;-28,03867747;241,9613225;;;
07/09/2025 07:37;27,1;276500,605;4193619,626;930;altri;687,8561815;5;2,292853938;-354,656;589,377;4;-31,03731091;238,9626891;;;
07/09/2025 07:37;32,44;277070,264;4194397,089;0530cnr;altri;10,23782365;5;0,034126079;9,587;-3,592;2;-69,46033024;110,5396698;;;
07/09/2025 07:37;29,7;277075,723;4194403,604;3500cnr;altri;3,76749572;5;0,012558319;1,85;3,282000001;1;29,4091161;29,4091161;;;
07/09/2025 07:41;27,04;276192,457;4194072,261;2520;altri;686,8196938;5;2,289398979;-392,29;563,764;4;-34,83177201;235,168228;;;
07/09/2025 07:41;32,45;277079,302;4194405,728;3680cnr;altri;0;5;0;0;0;;;;;;
07/09/2025 07:42;27,3;276150,191;4194201,132;7520;altri;690,7670417;5;2,302556806;-363,461;587,414;4;-31,74705083;238,2529492;;;
07/09/2025 07:42;27,19;276154,588;4194233,22;930;altri;704,4326519;5;2,34810884;-346,017;613,594;4;-29,41945489;240,5805451;;;
07/09/2025 07:42;31,7;277070,264;4194397,089;0530cnr;altri;0;5;0;0;0;;;;;;
07/09/2025 07:42;29,52;277075,753;4194404,713;3500cnr;altri;1,109405697;5;0,003698019;0,03;1,109;1;1,549553014;1,549553014;;;
07/09/2025 07:46;27,62;276159,008;4194395,246;2520;8;;;;;;1;;;;;
07/09/2025 07:46;32,33;277079,272;4194404,618;3680cnr;altri;1,110405332;5;0,003701351;-0,03;-1,11;3;1,5481577;181,5481577;;;
07/09/2025 07:47;27,48;276180,973;4194361,329;7520;8;;;;;;1;;;;;
07/09/2025 07:47;27,8;276186,617;4194342,295;930;8;;;;;;1;;;;;
07/09/2025 07:47;29,47;277075,753;4194404,713;3500cnr;altri;0;5;0;0;0;;;;;;
07/09/2025 07:48;30,48;277070,203;4194394,869;0530cnr;altri;2,220837905;5;0,007402793;-0,061;-2,22;3;1,573947456;181,5739475;;;
07/09/2025 07:51;29,16;276203,941;4194299,619;2520;8;105,6574542;5;0,352191514;44,933;-95,627;2;-25,16778736;154,8322126;;;
07/09/2025 07:51;32,64;277079,302;4194405,728;3680cnr;altri;1,110405332;5;0,003701351;0,03;1,11;1;1,5481577;1,5481577;;;
07/09/2025 07:52;29,16;276198,421;4194290,885;7520;8;72,57265215;5;0,24190884;17,448;-70,444;2;-13,9113979;166,0886021;;;
07/09/2025 07:52;29,16;276203,336;4194277,424;930;8;66,99083222;5;0,223302774;16,719;-64,871;2;-14,45215503;165,547845;;;
07/09/2025 07:52;29,87;277075,753;4194404,713;3500cnr;altri;0;5;0;0;0;;;;;;
07/09/2025 07:53;32,51;277070,203;4194394,869;0530cnr;altri;0;5;0;0;0;;;;;;
07/09/2025 07:56;29,06;276212,377;4194253,855;2520;8;46,53503833;5;0,155116794;8,436;-45,764;2;-10,44448563;169,5555144;;;
07/09/2025 07:56;33,29;277079,302;4194405,728;3680cnr;altri;0;5;0;0;0;;;;;;
07/09/2025 07:57;29,12;276210,255;4194240,586;7520;8;51,67236164;5;0,172241205;11,834;-50,299;2;-13,23937707;166,7606229;;;
07/09/2025 07:57;29,12;276215,382;4194234,893;930;8;44,20398259;5;0,147346609;12,046;-42,531;2;-15,81364445;164,1863555;;;
07/09/2025 07:57;29,91;277073,994;4194404,761;3500cnr;altri;1,759654796;5;0,005865516;-1,759;0,047999999;4;-88,43688741;181,5631126;;;
07/09/2025 07:58;30,84;277070,203;4194394,869;0530cnr;altri;0;5;0;0;0;;;;;;
07/09/2025 08:01;32,48;277079,302;4194405,728;3680cnr;altri;0;5;0;0;0;;;;;;
07/09/2025 08:02;29,23;276215,658;4194180,466;930;8;54,4276998;5;0,181425666;0,276;-54,427;2;-0,290545126;179,7094549;;;
07/09/2025 08:02;29,2;276222,089;4194190,286;2520;8;64,30661478;5;0,214355383;9,712;-63,569;2;-8,686415745;171,3135843;;;
07/09/2025 08:02;29,23;276223,697;4194184,69;7520;8;57,48956584;5;0,191631886;13,442;-55,896;2;-13,52186048;166,4781395;;;
07/09/2025 08:02;29,84;277073,994;4194404,761;3500cnr;altri;0;5;0;0;0;;;;;;
07/09/2025 08:03;33,18;277065,835;4194396,098;0530cnr;altri;4,537605646;5;0,015125352;-4,368;1,229;4;-74,28528453;195,7147155;;;
07/09/2025 08:06;33,09;277079,302;4194405,728;3680cnr;altri;0;5;0;0;0;;;;;;
07/09/2025 08:07;29,27;276227,826;4194142,374;2520;8;48,2542528;5;0,160847509;5,737;-47,912;2;-6,828107712;173,1718923;;;
07/09/2025 08:07;29,25;276231,042;4194131,181;7520;8;54,01075917;5;0,180035864;7,345;-53,509;2;-7,815952978;172,184047;;;
07/09/2025 08:07;29,93;277075,753;4194404,713;3500cnr;altri;1,759654796;5;0,005865516;1,759;-0,047999999;2;-88,43688741;91,56311259;;;
07/09/2025 08:08;29,27;276233,591;4194127,779;930;8;55,65530036;5;0,185517668;17,933;-52,687;2;-18,7969615;161,2030385;;;
07/09/2025 08:09;34,14;277065,835;4194396,098;0530cnr;altri;0;5;0;0;0;;;;;;
07/09/2025 08:11;31,6;277079,302;4194405,728;3680cnr;altri;0;5;0;0;0;;;;;;
07/09/2025 08:12;29,19;276239,6;4194089,855;2520;8;53,82260154;5;0,179408672;11,774;-52,519;2;-12,63595883;167,3640412;;;
07/09/2025 08:13;29,2;276243,757;4194080,857;7520;8;51,90545444;5;0,173018181;12,715;-50,324;2;-14,17974298;165,820257;;;
07/09/2025 08:13;29,19;276250,371;4194065,129;930;8;64,85823695;5;0,216194123;16,78;-62,65;2;-14,99401248;165,0059875;;;
07/09/2025 08:13;29,07;277075,753;4194404,713;3500cnr;altri;0;5;0;0;0;;;;;;
07/09/2025 08:14;30,88;277065,865;4194397,208;0530cnr;altri;1,110405331;5;0,003701351;0,03;1,109999999;1;1,548157698;1,548157698;;;
07/09/2025 08:17;29,21;276242,607;4194038,686;2520;8;51,2572786;5;0,170857595;3,007;-51,169;2;-3,363178667;176,6368213;;;
07/09/2025 08:17;31,67;277079,272;4194404,618;3680cnr;altri;1,110405332;5;0,003701351;-0,03;-1,11;3;1,5481577;181,5481577;;;
07/09/2025 08:18;29,23;276251,162;4194029,568;7520;8;51,82080225;5;0,172736008;7,405;-51,289;2;-8,215476486;171,7845235;;;
07/09/2025 08:18;29,21;276260,235;4194007,109;930;8;58,85251818;5;0,196175061;9,864;-58,02;2;-9,648621183;170,3513788;;;
07/09/2025 08:18;29,51;277075,753;4194404,713;3500cnr;altri;0;5;0;0;0;;;;;;
07/09/2025 08:19;31,34;277065,865;4194397,208;0530cnr;altri;0;5;0;0;0;;;;;;
07/09/2025 08:22;29,17;276248,192;4193985,225;2520;8;53,75193714;5;0,179173124;5,585;-53,461;2;-5,963980757;174,0360192;;;
07/09/2025 08:22;29,66;277095,107;4194404,188;3680cnr;altri;15,84083726;5;0,052802791;15,835;-0,43;2;-88,44451329;91,55548671;;;
07/09/2025 08:23;29,2;276259,478;4193979,365;7520;8;50,88710116;5;0,169623671;8,316;-50,203;2;-9,405495499;170,5945045;;;
07/09/2025 08:23;29,18;276265,941;4193958,087;930;8;49,35296263;5;0,164509875;5,706;-49,022;2;-6,639165452;173,3608345;;;
07/09/2025 08:23;25,85;277111,702;4194399,294;3500cnr;altri;36,35513942;5;0,121183798;35,949;-5,419000001;2;-81,42769861;98,57230139;;;
07/09/2025 08:24;29,8;277166,246;4194397,813;0530cnr;altri;100,3828232;5;0,334609411;100,381;0,605;1;89,6546804;89,6546804;;;
07/09/2025 08:27;29,24;276253,08;4193938,447;2520;8;47,03268893;5;0,15677563;4,888;-46,778;2;-5,965391293;174,0346087;;;
07/09/2025 08:27;28,39;277332,872;4194276,678;3680cnr;altri;269,798064;5;0,89932688;237,765;-127,51;2;-61,79597131;118,2040287;;;
07/09/2025 08:28;29,22;276267,794;4193929,161;7520;8;50,88808772;5;0,169626959;8,316;-50,204;2;-9,405311501;170,5946885;;;
07/09/2025 08:28;29,23;276270,799;4193910,199;930;8;48,13377928;5;0,160445931;4,858;-47,888;2;-5,792556209;174,2074438;;;
07/09/2025 08:28;26,08;277379,97;4194195,438;3500cnr;altri;336,9346948;5;1,123115649;268,268;-203,856;2;-52,76891354;127,2310865;;;
07/09/2025 08:29;29,97;277425,671;4194127,563;0530cnr;altri;374,6149932;5;1,248716644;259,425;-270,25;2;-43,82920567;136,1707943;;;
07/09/2025 08:33;29,27;276256,936;4193886,144;2520;8;52,44494776;5;0,174816493;3,856;-52,303;2;-4,216460822;175,7835392;;;
07/09/2025 08:33;26,46;277525,632;4193982,698;3500cnr;altri;257,8288693;5;0,859429564;145,662;-212,74;2;-34,3992449;145,6007551;;;
07/09/2025 08:34;29,31;276284,727;4193872,059;930;8;40,6035563;5;0,135345188;13,928;-38,14;2;-20,06122853;159,9387715;;;
07/09/2025 08:34;29,3;276288,488;4193880,842;7520;8;52,56393628;5;0,175213121;20,694;-48,319;2;-23,18442097;156,815579;;;
07/09/2025 08:34;29,26;277592,743;4193957,556;0530cnr;altri;238,3598818;5;0,794532939;167,072;-170,007;2;-44,50112922;135,4988708;;;
07/09/2025 08:36;29,03;277589,073;4193952,103;3680cnr;altri;413,5068113;8;0,861472524;256,201;-324,575;2;-38,28554974;141,7144503;;;
07/09/2025 08:38;29,2;276266,982;4193834,783;2520;8;52,33425682;5;0,174447523;10,046;-51,361;2;-11,06709606;168,9329039;;;
07/09/2025 08:39;29,22;276294,742;4193819,589;930;8;53,41723622;5;0,178057454;10,015;-52,47;2;-10,80612378;169,1938762;;;
07/09/2025 08:39;29,23;276300,293;4193829,433;7520;8;52,74697438;5;0,175823248;11,805;-51,409;2;-12,93257703;167,067423;;;
07/09/2025 08:39;35,04;277609,181;4193719,447;0530cnr;altri;238,6757292;5;0,795585764;16,438;-238,109;2;-3,949183204;176,0508168;;;
07/09/2025 08:39;30,91;277623,295;4193817,906;3500cnr;altri;191,5579934;5;0,638526645;97,663;-164,792;2;-30,65285038;149,3471496;;;
07/09/2025 08:41;35,98;277519,462;4193625,258;3680cnr;altri;334,1756205;4;1,392398419;-69,611;-326,845;3;12,02313534;192,0231353;;;
07/09/2025 08:43;29,32;276272,628;4193783,542;2520;8;51,55111441;5;0,171837048;5,646;-51,241;2;-6,287782781;173,7122172;;;
07/09/2025 08:44;29,27;276314,526;4193770,183;930;8;53,21991631;5;0,177399721;19,784;-49,406;2;-21,82300051;158,1769995;;;
07/09/2025 08:44;29,27;276321,928;4193783,309;7520;8;50,94601654;5;0,169820055;21,635;-46,124;2;-25,12947313;154,8705269;;;
07/09/2025 08:44;34,95;277092,129;4193549,119;3500cnr;altri;595,3014118;5;1,984338039;-531,166;-268,787;3;63,15912937;243,1591294;;;
07/09/2025 08:45;35,84;276961,452;4193600,424;0530cnr;altri;658,5737104;5;2,195245701;-647,729;-119,023;3;79,5878077;259,5878077;;;
07/09/2025 08:46;35,03;276780,652;4193686,413;3680cnr;altri;741,3367319;5;2,47112244;-738,81;61,155;4;-85,26812912;184,7318709;;;
07/09/2025 08:48;29,12;276290,713;4193736,404;2520;8;50,4881993;5;0,168293998;18,085;-47,138;2;-20,98984732;159,0101527;;;
07/09/2025 08:49;29,26;276343,472;4193733,855;7520;8;53,94295183;5;0,179809839;21,544;-49,454;2;-23,53973075;156,4602692;;;
07/09/2025 08:49;33,37;276582,571;4193978,335;3500cnr;altri;666,2399943;5;2,220799981;-509,558;429,216;4;-49,89155876;220,1084412;;;
07/09/2025 08:50;29,21;276333,491;4193723,021;930;8;50,83232701;5;0,16944109;18,965;-47,162;2;-21,90627233;158,0937277;;;
07/09/2025 08:50;32,32;276532,353;4194074,103;0530cnr;altri;639,1382846;5;2,130460949;-429,099;473,679;4;-42,1729786;227,8270214;;;
07/09/2025 08:51;32,16;276438,717;4194256,569;3680cnr;altri;664,8288566;5;2,216096189;-341,935;570,156;4;-30,95203602;239,047964;;;
07/09/2025 08:53;28,8;276301,032;4193695,031;2520;8;42,64043726;5;0,142134791;10,319;-41,373;2;-14,00463174;165,9953683;;;
07/09/2025 08:54;32,16;276276,308;4194531,981;3500cnr;altri;632,7091895;5;2,109030632;-306,263;553,646;4;-28,95026182;241,0497382;;;
07/09/2025 08:54;29,13;276360,557;4193682,303;7520;8;54,30935397;5;0,18103118;17,085;-51,552;2;-18,33586456;161,6641354;;;
07/09/2025 08:55;30,49;276218,21;4194629,077;0530cnr;altri;637,7162105;5;2,125720702;-314,143;554,974;4;-29,51202817;240,4879718;;;
07/09/2025 08:55;28,91;276351,426;4193670,335;930;8;55,65499817;5;0,185516661;17,935;-52,686;2;-18,79924236;161,2007576;;;
07/09/2025 08:57;30,89;276123,1;4194853,791;3680cnr;altri;675,4910865;5;2,251636955;-315,617;597,222;4;-27,85533986;242,1446601;;;
07/09/2025 08:58;28,94;276302,277;4193676,117;2520;8;18,95493131;5;0,063183104;1,245;-18,914;2;-3,766019218;176,2339808;;;
07/09/2025 08:59;32,37;276056,023;4195105,506;3500cnr;altri;614,3748097;5;2,047916032;-220,285;573,525;4;-21,01126434;248,9887357;;;
07/09/2025 08:59;29,02;276366,963;4193626,598;7520;8;56,07213088;5;0,186907103;6,406;-55,705;2;-6,560120266;173,4398797;;;
07/09/2025 09:00;30,2;276032,542;4195212,764;0530cnr;altri;612,5056083;5;2,041685361;-185,668;583,687;4;-17,64561456;252,3543854;;;
07/09/2025 09:00;28,86;276351,764;4193618,128;930;8;52,20809413;5;0,17402698;0,338;-52,207;2;-0,370940734;179,6290593;;;
07/09/2025 09:02;29,68;275952,126;4195459,292;1520;altri;7050,637302;22;5,341391896;-708,919;7014,907;4;-5,770658359;264,2293416;;;
07/09/2025 09:03;29,11;275946,392;4195507,204;540;altri;7012,064281;17;6,874572825;-823,071;6963,591;4;-6,740876922;263,2591231;;;
07/09/2025 09:03;31,24;275969,627;4195487,689;3680cnr;altri;652,2121098;5;2,174040366;-153,473;633,898;4;-13,60998445;256,3900156;;;
07/09/2025 09:04;29,53;275934,077;4195539,748;7510;altri;7107,365002;22;5,384367426;-802,765;7061,884;4;-6,485301906;263,5146981;;;
07/09/2025 09:04;30,32;275934,199;4195544,187;3500cnr;9;;;;;;1;;;;;
07/09/2025 09:04;28,93;276305,494;4193664,923;2520;8;11,64709084;5;0,038823636;3,217;-11,194;2;-16,03391535;163,9660846;;;
07/09/2025 09:05;28,74;275935,746;4195536,371;0530cnr;9;;;;;;1;;;;;
07/09/2025 09:05;28,35;275953,823;4195521,439;6250;altri;7034,124559;16;7,327213082;-815,399;6986,704;4;-6,656718981;263,343281;;;
07/09/2025 09:05;28,75;276353,771;4193562,544;930;8;55,62022209;5;0,18540074;2,007;-55,584;2;-2,067909732;177,9320903;;;
07/09/2025 09:05;29,05;276368,91;4193568,795;7520;8;57,83578147;5;0,192785938;1,947;-57,803;2;-1,929185725;178,0708143;;;
07/09/2025 09:08;30,44;275891,946;4195737,475;1520;altri;284,618014;5;0,948726713;-60,18;278,183;4;-12,20682889;257,7931711;;;
07/09/2025 09:08;30,03;275894,979;4195784,038;540;altri;281,567683;5;0,938558943;-51,413;276,834;4;-10,52097867;259,4790213;;;
07/09/2025 09:09;30,23;275869,531;4195883,577;7510;altri;349,8350574;5;1,166116858;-64,546;343,829;4;-10,63222133;259,3677787;;;
07/09/2025 09:09;28,51;275949,426;4195489,352;3500cnr;9;56,90991789;5;0,189699726;15,227;-54,835;2;-15,51931463;164,4806854;;;
07/09/2025 09:09;29,27;276319,392;4193625,674;2520;8;41,63698362;5;0,138789945;13,898;-39,249;2;-19,49896247;160,5010375;;;
07/09/2025 09:10;30,53;275852,455;4195967,338;6250;altri;457,2760541;5;1,524253514;-101,368;445,899;4;-12,80760386;257,1923961;;;
07/09/2025 09:10;28,59;275947,394;4195479,412;0530cnr;9;58,13779825;5;0,193792661;11,648;-56,959;2;-11,55751949;168,4424805;;;
07/09/2025 09:10;28,54;276365,608;4193512,244;930;8;51,67402219;5;0,172246741;11,837;-50,3;2;-13,2423611;166,7576389;;;
07/09/2025 09:10;28,58;276373,738;4193519,797;7520;8;49,23528804;5;0,164117627;4,828;-48,998;2;-5,62745313;174,3725469;;;
07/09/2025 09:13;32,15;275865,013;4196265,747;540;altri;482,6401577;5;1,608800526;-29,966;481,709;4;-3,55965062;266,4403494;;;
07/09/2025 09:13;32,27;275868,653;4196205,675;1520;altri;468,7790565;5;1,562596855;-23,293;468,2;4;-2,848122928;267,1518771;;;
07/09/2025 09:14;29,48;276315,782;4193622,44;2520;altri;466,420398;33;0,235565858;123,325;-449,821;2;-15,33174279;164,6682572;;;
07/09/2025 09:15;32,16;275784,069;4196492,301;6250;altri;529,3985232;5;1,764661744;-68,386;524,963;4;-7,422024558;262,5779754;;;
07/09/2025 09:15;31,45;275828,984;4196396,672;7510;altri;514,6946068;5;1,715648689;-40,547;513,095;4;-4,518371957;265,481628;;;
07/09/2025 09:15;28,75;275959,254;4195430,222;0530cnr;9;50,59956225;5;0,168665208;11,86;-49,19;2;-13,55563153;166,4443685;;;
07/09/2025 09:15;28,68;275966,473;4195436,688;3500cnr;9;55,35428714;5;0,18451429;17,047;-52,664;2;-17,93643552;162,0635645;;;
07/09/2025 09:15;28,45;276375,655;4193460,884;930;8;52,33346739;5;0,174444891;10,047;-51,36;2;-11,06838069;168,9316193;;;
07/09/2025 09:15;28,51;276383,875;4193471,765;7520;8;49,09003761;5;0,163633459;10,137;-48,032;2;-11,91721107;168,0827889;;;
07/09/2025 09:18;29,26;275671,405;4196653,089;1520;10;;;;;;1;;;;;
07/09/2025 09:18;29,05;275674,893;4196651,883;540;10;;;;;;1;;;;;
07/09/2025 09:19;29,76;276315,752;4193621,331;2520;altri;1,109405697;5;0,003698019;-0,03;-1,109;3;1,549553014;181,549553;;;
07/09/2025 09:20;28,94;275680,806;4196642,836;7510;10;;;;;;1;;;;;
07/09/2025 09:20;28,84;275980,184;4195390,779;3500cnr;9;47,91271023;5;0,159709034;13,711;-45,909;2;-16,6285728;163,3714272;;;
07/09/2025 09:20;28,82;276383,972;4193410,68;930;8;50,88825115;5;0,169627504;8,317;-50,204;2;-9,406422279;170,5935777;;;
07/09/2025 09:20;28,86;276387,733;4193419,463;7520;8;52,44409755;5;0,174813659;3,858;-52,302;2;-4,218720258;175,7812797;;;
07/09/2025 09:21;31,28;275711,768;4196552,03;6250;altri;93,78159757;5;0,312605325;-72,301;59,729;4;-50,43934904;219,560651;;;
07/09/2025 09:21;28,96;275976,332;4195378,668;0530cnr;9;54,30905081;5;0,181030169;17,078;-51,554;2;-18,32819077;161,6718092;;;
07/09/2025 09:23;28,86;275694,908;4196611,353;1520;10;47,8986921;5;0,159662307;23,503;-41,736;2;-29,38538157;150,6146184;;;
07/09/2025 09:24;28,83;275694,877;4196610,244;540;10;46,18621631;5;0,153954054;19,984;-41,639;2;-25,63796385;154,3620362;;;
07/09/2025 09:24;29,76;276313,992;4193621,379;2520;altri;1,760654424;5;0,005868848;-1,76;0,048;4;-88,43777507;181,5622249;;;
07/09/2025 09:25;28,8;275698,213;4196603,489;7510;10;43,02545825;5;0,143418194;17,407;-39,347;2;-23,86446112;156,1355389;;;
07/09/2025 09:25;28,98;275998,112;4195338,091;3500cnr;9;55,65463618;5;0,185515454;17,928;-52,688;2;-18,79175687;161,2082431;;;
07/09/2025 09:25;29,06;276395,93;4193364,82;7520;8;55,25439583;5;0,184181319;8,197;-54,643;2;-8,53132962;171,4686704;;;
07/09/2025 09:26;36,35;275772,452;4196421,54;6250;altri;143,9103469;5;0,479701156;60,684;-130,49;2;-24,94064789;155,0593521;;;
07/09/2025 09:26;29,14;275991,651;4195327,162;0530cnr;9;53,73583345;5;0,179119445;15,319;-51,506;2;-16,56361795;163,4363821;;;
07/09/2025 09:26;29,03;276389,529;4193356,11;930;8;54,85221189;5;0,182840706;5,557;-54,57;2;-5,814529626;174,1854704;;;
07/09/2025 09:28;28,82;275714,013;4196569,738;1520;10;45,79092978;5;0,152636433;19,105;-41,615;2;-24,65934754;155,3406525;;;
07/09/2025 09:29;28,72;275712,163;4196566,457;540;10;47,07554742;5;0,156918491;17,286;-43,787;2;-21,54285281;158,4571472;;;
07/09/2025 09:29;30,18;276317,542;4193622,392;2520;altri;3,691702724;5;0,012305676;3,55;1,013;1;74,07379081;74,07379081;;;
07/09/2025 09:30;28,69;275721,686;4196560,644;7510;10;48,85361557;5;0,162845385;23,473;-42,845;2;-28,71650859;151,2834914;;;
07/09/2025 09:30;29,21;276404,036;4193306,849;7520;8;58,53498165;5;0,195116606;8,106;-57,971;2;-7,959974798;172,0400252;;;
07/09/2025 09:31;28,34;275737,272;4196454,71;6250;altri;48,35164216;5;0,161172141;-35,18;33,17;4;-46,68443798;223,315562;;;
07/09/2025 09:31;29,12;276007,819;4195274,522;0530cnr;9;55,06699396;5;0,183556647;16,168;-52,64;2;-17,07396603;162,926034;;;
07/09/2025 09:31;29;276015,038;4195280,989;3500cnr;9;59,55776927;5;0,198525898;16,926;-57,102;2;-16,51071558;163,4892844;;;
07/09/2025 09:31;29,18;276392,296;4193296,063;930;8;60,11071866;5;0,200369062;2,767;-60,047;2;-2,638355803;177,3616442;;;
07/09/2025 09:33;28,62;275732,209;4196527,038;1520;10;46,41534677;5;0,154717823;18,196;-42,7;2;-23,08059141;156,9194086;;;
07/09/2025 09:34;28,52;275732,118;4196523,708;540;10;47,17710277;5;0,157257009;19,955;-42,749;2;-25,02290978;154,9770902;;;
07/09/2025 09:34;29,98;276319,301;4193622,344;2520;altri;1,759654796;5;0,005865516;1,759;-0,048;2;-88,43688739;91,56311261;;;
07/09/2025 09:35;28,53;275738,941;4196515,748;7510;10;48,09766981;5;0,160325566;17,255;-44,896;2;-21,02339925;158,9766008;;;
07/09/2025 09:35;29,27;276411,353;4193252,231;7520;8;55,10593809;5;0,18368646;7,317;-54,618;2;-7,630302756;172,3696972;;;
07/09/2025 09:36;28,44;275758,773;4196404,145;6250;altri;54,94644871;5;0,183154829;21,501;-50,565;2;-23,03592854;156,9640715;;;
07/09/2025 09:36;29,1;276024,928;4195224,078;0530cnr;9;53,26645302;5;0,177554843;17,109;-50,444;2;-18,73530153;161,2646985;;;
07/09/2025 09:36;29,02;276034,817;4195231,582;3500cnr;9;53,21898618;5;0,177396621;19,779;-49,407;2;-21,81760304;158,182397;;;
07/09/2025 09:36;29,22;276404,133;4193245,764;930;8;51,67304878;5;0,172243496;11,837;-50,299;2;-13,2426151;166,7573849;;;
07/09/2025 09:38;28,55;275751,254;4196483,203;1520;10;47,79350636;5;0,159311688;19,045;-43,835;2;-23,48350866;156,5164913;;;
07/09/2025 09:39;28,52;275752,861;4196477,606;540;10;50,5535998;5;0,168511999;20,743;-46,102;2;-24,22474805;155,775252;;;
07/09/2025 09:40;28,55;275760,564;4196469,621;7510;10;50,94363805;5;0,169812127;21,623;-46,127;2;-25,11582142;154,8841786;;;
07/09/2025 09:40;29,53;276310,412;4193619,255;2520;altri;9,410432615;5;0,031368109;-8,889;-3,089;3;70,83724368;250,8372437;;;
07/09/2025 09:41;28,5;275770,692;4196357,174;6250;altri;48,45964715;5;0,161532157;11,919;-46,971;2;-14,23840939;165,7615906;;;
07/09/2025 09:41;29,05;276047,983;4195165,698;0530cnr;9;62,76748701;5;0,209224957;23,055;-58,38;2;-21,54969005;158,4503099;;;
07/09/2025 09:41;28,98;276054,444;4195176,627;3500cnr;9;58,35470122;5;0,194515671;19,627;-54,955;2;-19,6540222;160,3459778;;;
07/09/2025 09:41;29,21;276421,129;4193190,882;930;8;57,4534415;5;0,191511472;16,996;-54,882;2;-17,20684301;162,793157;;;
07/09/2025 09:41;29,25;276429,35;4193201,764;7520;8;53,57994119;5;0,178599804;17,997;-50,467;2;-19,62670556;160,3732944;;;
07/09/2025 09:44;28,62;275772,847;4196435,967;540;10;46,18708171;5;0,153956939;19,986;-41,639;2;-25,64020061;154,3597994;;;
07/09/2025 09:44;28,68;275772,938;4196439,297;1520;10;48,96869094;5;0,16322897;21,684;-43,906;2;-26,28353513;153,7164649;;;
07/09/2025 09:45;28,61;275776,88;4196422,53;7510;10;49,83747723;5;0,166124924;16,316;-47,091;2;-19,11008058;160,8899194;;;
07/09/2025 09:45;29,61;276315,691;4193619,111;2520;altri;5,280963643;5;0,017603212;5,279;-0,144;2;-88,4374793;91,5625207;;;
07/09/2025 09:46;28,72;275799,927;4196235,319;6250;altri;125,3129133;5;0,417709711;29,235;-121,855;2;-13,4911984;166,5088016;;;
07/09/2025 09:46;29,02;276067,641;4195111,852;0530cnr;9;57,32214825;5;0,191073827;19,658;-53,846;2;-20,05603512;159,9439649;;;
07/09/2025 09:46;28,95;276073,221;4195122,806;3500cnr;9;57,00241898;5;0,190008063;18,777;-53,821;2;-19,23279121;160,7672088;;;
07/09/2025 09:46;29,18;276429,236;4193132,91;930;8;58,5361105;5;0,195120368;8,107;-57,972;2;-7,960808631;172,0391914;;;
07/09/2025 09:46;29,23;276442,796;4193145,868;7520;8;57,49050123;5;0,191635004;13,446;-55,896;2;-13,52573643;166,4742636;;;
07/09/2025 09:49;28,65;275789,132;4196387,766;540;10;50,87767316;5;0,169592244;16,285;-48,201;2;-18,66785142;161,3321486;;;
07/09/2025 09:49;28,7;275792,741;4196390,999;1520;10;52,20014955;5;0,174000498;19,803;-48,298;2;-22,29446193;157,7055381;;;
07/09/2025 09:50;29,8;276304,223;4193618,313;2520;altri;11,49573086;5;0,038319103;-11,468;-0,798;3;86,01949343;266,0194934;;;
07/09/2025 09:51;28,62;275793,984;4196372,085;7510;10;53,26579429;5;0,177552648;17,104;-50,445;2;-18,72986272;161,2701373;;;
07/09/2025 09:51;30,19;275896,101;4195696,27;6250;altri;547,5611954;5;1,825203985;96,174;-539,049;2;-10,11594167;169,8840583;;;
07/09/2025 09:51;28,98;276088,087;4195054,654;0530cnr;9;60,74249024;5;0,202474967;20,446;-57,198;2;-19,66994044;160,3300596;;;
07/09/2025 09:51;28,97;276094,548;4195065,583;3500cnr;9;61,06809853;5;0,203560328;21,327;-57,223;2;-20,4404139;159,5595861;;;
07/09/2025 09:51;29,26;276434,914;4193082,779;930;8;50,45152966;5;0,168171766;5,678;-50,131;2;-6,461967527;173,5380325;;;
07/09/2025 09:51;29,28;276452,814;4193093,398;7520;8;53,41779876;5;0,178059329;10,018;-52,47;2;-10,80928451;169,1907155;;;
07/09/2025 09:54;28,85;275804,599;4196341,809;540;10;48,48993646;5;0,161633122;15,467;-45,957;2;-18,60085196;161,399148;;;
07/09/2025 09:54;28,91;275808,208;4196345,042;1520;10;48,48993646;5;0,161633122;15,467;-45,957;2;-18,60085196;161,399148;;;
07/09/2025 09:56;28,99;275807,662;4196325,066;7510;10;48,96809211;5;0,163226974;13,678;-47,019;2;-16,21990772;163,7800923;;;
07/09/2025 09:56;28,98;276105,834;4194995,308;0530cnr;9;61,94274554;5;0,206475818;17,747;-59,346;2;-16,64892114;163,3510789;;;
07/09/2025 09:56;28,95;276109,656;4195006,309;3500cnr;9;61,16909955;5;0,203896999;15,108;-59,274;2;-14,2993164;165,7006836;;;
07/09/2025 09:56;30,11;276305,953;4193617,155;2520;altri;2,081793458;5;0,006939312;1,73;-1,158;2;-56,20306596;123,796934;;;
07/09/2025 09:56;29,3;276447,451;4193025,798;930;8;58,34390054;5;0,194479668;12,537;-56,981;2;-12,40855026;167,5914497;;;
07/09/2025 09:56;29,32;276466,322;4193039,721;7520;8;55,35057717;5;0,184501924;13,508;-53,677;2;-14,12536949;165,8746305;;;
07/09/2025 09:57;30,24;276042,737;4195102,537;6250;altri;611,5725564;5;2,038575188;146,636;-593,733;2;-13,87289342;166,1271066;;;
07/09/2025 09:59;29,19;275821,916;4196299,132;1520;10;47,91281002;5;0,159709367;13,708;-45,91;2;-16,62479312;163,3752069;;;
07/09/2025 09:59;29,17;275823,554;4196294,645;540;10;50,83045269;5;0,169434842;18,955;-47,164;2;-21,89497318;158,1050268;;;
07/09/2025 10:01;29,18;275825,737;4196277,926;7510;10;50,48648557;5;0,168288285;18,075;-47,14;2;-20,97843861;159,0215614;;;
07/09/2025 10:01;30,44;276304,284;4193620,533;2520;altri;3,767817007;5;0,01255939;-1,669;3,378;4;-26,29302578;243,7069742;;;
07/09/2025 10:01;29,3;276481,407;4192979,339;7520;8;62,23779518;5;0,207459317;15,085;-60,382;2;-14,02686583;165,9731342;;;
07/09/2025 10:02;30,02;276102,563;4194875,453;6250;altri;234,8324793;5;0,782774931;59,826;-227,084;2;-14,75938407;165,2406159;;;
07/09/2025 10:02;28,98;276115,665;4194936,178;0530cnr;9;59,94168384;5;0,199805613;9,831;-59,13;2;-9,439693731;170,5603063;;;
07/09/2025 10:02;28,94;276127,434;4194948,073;3500cnr;9;60,88915322;5;0,202963844;17,778;-58,236;2;-16,97612472;163,0238753;;;
07/09/2025 10:02;29,34;276449,187;4192960,226;930;8;65,59497603;5;0,21864992;1,736;-65,572;2;-1,516535171;178,4834648;;;
07/09/2025 10:04;29,3;275838,233;4196252,041;1520;10;49,83780463;5;0,166126015;16,317;-47,091;2;-19,11116687;160,8888331;;;
07/09/2025 10:05;29,25;275833,592;4196243,283;540;10;52,33370317;5;0,174445677;10,038;-51,362;2;-11,05829026;168,9417097;;;
07/09/2025 10:06;29,26;275837,444;4196223,187;7510;10;55,97688782;5;0,186589626;11,707;-54,739;2;-12,0719522;167,9280478;;;
07/09/2025 10:06;30,41;276304,253;4193619,423;2520;altri;1,110432798;5;0,003701443;-0,031;-1,11;3;1,59973657;181,5997366;;;
07/09/2025 10:07;29,01;276130,774;4194876,904;0530cnr;9;61,16934655;5;0,203897822;15,109;-59,274;2;-14,30022406;165,6997759;;;
07/09/2025 10:07;28,93;276138,873;4194883,346;3500cnr;9;65,73001788;5;0,21910006;11,439;-64,727;2;-10,02221947;169,9777805;;;
07/09/2025 10:07;30,73;276173,496;4194635,849;6250;altri;249,8831073;5;0,832943691;70,933;-239,604;2;-16,4909998;163,5090002;;;
07/09/2025 10:07;29,38;276459,085;4192903,316;930;8;57,76433592;5;0,192547786;9,898;-56,91;2;-9,866401773;170,1335982;;;
07/09/2025 10:07;29,37;276491,063;4192913,551;7520;8;66,49285135;5;0,221642838;9,656;-65,788;2;-8,349939093;171,6500609;;;
07/09/2025 10:09;29,36;275847,361;4196199,593;1520;10;53,23638876;5;0,177454629;9,128;-52,448;2;-9,872814383;170,1271856;;;
07/09/2025 10:10;29,36;275849,757;4196190,643;540;10;55,06611322;5;0,183553711;16,165;-52,64;2;-17,07098213;162,9290179;;;
07/09/2025 10:11;29,3;275849,181;4196169,557;7510;10;54,89930846;5;0,182997695;11,737;-53,63;2;-12,34463105;167,655369;;;
07/09/2025 10:11;30,15;276304,284;4193620,533;2520;altri;1,110432798;5;0,003701443;0,031;1,11;1;1,59973657;1,59973657;;;
07/09/2025 10:12;29,03;276132,687;4194817,99;0530cnr;9;58,94505039;5;0,196483501;1,913;-58,914;2;-1,859801211;178,1401988;;;
07/09/2025 10:12;28,95;276146,155;4194827,618;3500cnr;9;56,20175716;5;0,187339191;7,282;-55,728;2;-7,444681566;172,5553184;;;
07/09/2025 10:12;30,68;276254,007;4194133,886;6250;altri;508,3786723;5;1,694595574;80,511;-501,963;2;-9,112191652;170,8878083;;;
07/09/2025 10:12;29,4;276472,411;4192842,982;930;8;61,78813666;5;0,205960456;13,326;-60,334;2;-12,45498257;167,5450174;;;
07/09/2025 10:12;29,38;276493,132;4192860,187;7520;8;53,40409401;5;0,178013647;2,069;-53,364;2;-2,220328712;177,7796713;;;
07/09/2025 10:15;29,29;275857,006;4196133,804;540;10;57,2993885;5;0,190997962;7,249;-56,839;2;-7,268019539;172,7319805;;;
07/09/2025 10:15;29,31;275857,4;4196148,231;1520;10;52,33389499;5;0,174446317;10,039;-51,362;2;-11,05936474;168,9406353;;;
07/09/2025 10:16;29,26;275856,338;4196109,389;7510;10;60,59216841;5;0,201973895;7,157;-60,168;2;-6,783474912;173,2165251;;;
07/09/2025 10:16;30,11;276304,284;4193620,533;2520;altri;0;5;0;0;0;;;;;;
07/09/2025 10:17;29,05;276138,818;4194752,298;0530cnr;9;65,9774812;5;0,219924937;6,131;-65,692;2;-5,331939835;174,6680602;;;
07/09/2025 10:17;28,95;276154,197;4194767,426;3500cnr;9;60,72685261;5;0,202422842;8,042;-60,192;2;-7,609981033;172,390019;;;
07/09/2025 10:17;31,8;276268,478;4193695,918;6250;altri;438,2070046;5;1,460690015;14,471;-437,968;2;-1,892434372;178,1075656;;;
07/09/2025 10:17;29,46;276480,247;4192775,022;930;8;68,41026601;5;0,22803422;7,836;-67,96;2;-6,577336591;173,4226634;;;
07/09/2025 10:17;29,45;276497,448;4192792,323;7520;8;68,00110552;5;0,226670352;4,316;-67,864;2;-3,638983706;176,3610163;;;
07/09/2025 10:20;29,35;275865,134;4196076,941;540;10;57,44097103;5;0,191469903;8,128;-56,863;2;-8,134757463;171,8652425;;;
07/09/2025 10:20;29,36;275865,589;4196093,588;1520;10;55,25320959;5;0,184177365;8,189;-54,643;2;-8,523125674;171,4768743;;;
07/09/2025 10:21;29,33;275864,345;4196048,087;7510;10;61,82270823;5;0,206075694;8,007;-61,302;2;-7,441596786;172,5584032;;;
07/09/2025 10:21;29,23;276302,554;4193621,69;2520;altri;2,081237372;5;0,006937458;-1,73;1,157;4;-56,22594352;213,7740565;;;
07/09/2025 10:21;29,34;276302,585;4193622,8;2520;altri;1,110432798;0;;0,031;1,11;1;1,599736573;1,599736573;;;
07/09/2025 10:22;29,19;276138,821;4194687,883;0530cnr;9;64,41500007;5;0,214716667;0,003;-64,415;2;-0,002668436;179,9973316;;;
07/09/2025 10:22;29,06;276162,057;4194700,576;3500cnr;9;67,31049027;5;0,224368301;7,86;-66,85;2;-6,705858521;173,2941415;;;
07/09/2025 10:22;29,41;276274,123;4193676,884;6250;altri;19,85344255;5;0,066178142;5,645;-19,034;2;-16,5190164;163,4809836;;;
07/09/2025 10:22;29,47;276485,292;4192701,586;930;8;73,60908993;5;0,245363633;5,045;-73,436;2;-3,930003638;176,0699964;;;
07/09/2025 10:22;29,56;276499,276;4192730,081;7520;8;62,2688377;5;0,207562792;1,828;-62,242;2;-1,682249717;178,3177503;;;
07/09/2025 10:25;29,39;275878,509;4196018,824;540;10;59,63619969;5;0,198787332;13,375;-58,117;2;-12,96033925;167,0396607;;;
07/09/2025 10:25;29,36;275878,934;4196034,361;1520;10;60,71183208;5;0,202372774;13,345;-59,227;2;-12,69780803;167,302192;;;
07/09/2025 10:27;29,34;275883,877;4195989,802;7510;10;61,47064543;5;0,204902151;19,532;-58,285;2;-18,52661633;161,4733837;;;
07/09/2025 10:27;29,2;276146,741;4194623,252;0530cnr;9;65,11445739;5;0,217048191;7,92;-64,631;2;-6,986297811;173,0137022;;;
07/09/2025 10:27;29,11;276173,557;4194638,069;3500cnr;9;63,55607799;5;0,211853593;11,5;-62,507;2;-10,42466656;169,5753334;;;
07/09/2025 10:27;29,98;276271,544;4193679,176;6250;altri;3,450290567;5;0,011500969;-2,579;2,292;4;-48,3719769;221,6280231;;;
07/09/2025 10:27;29,6;276491,398;4192634,785;930;8;67,07948149;5;0,223598272;6,106;-66,801;2;-5,222654684;174,7773453;;;
07/09/2025 10:28;29,64;276508,872;4192662,074;7520;8;68,68067607;5;0,228935587;9,596;-68,007;2;-8,031590213;171,9684098;;;
07/09/2025 10:30;29,38;275894,523;4195960,636;540;10;60,35140048;5;0,201171335;16,014;-58,188;2;-15,38751051;164,6124895;;;
07/09/2025 10:30;29,38;275895,009;4195978,392;1520;10;58,23173178;5;0,194105773;16,075;-55,969;2;-16,02473061;163,9752694;;;
07/09/2025 10:32;29,38;275902,652;4195935,98;7510;10;57,0027044;5;0,190009015;18,775;-53,822;2;-19,23056202;160,769438;;;
07/09/2025 10:32;29,19;276148,685;4194565,448;0530cnr;9;57,83667999;5;0,192788933;1,944;-57,804;2;-1,926182117;178,0738179;;;
07/09/2025 10:32;29,12;276173,59;4194574,764;3500cnr;9;63,3050086;5;0,211016695;0,033;-63,305;2;-0,029867476;179,9701325;;;
07/09/2025 10:32;31,83;276283,163;4193685,523;2520;altri;65,6611667;10;0,109435278;-19,422;62,723;4;-17,20499154;252,7950085;;;
07/09/2025 10:32;29,69;276494,925;4192570,274;930;8;64,60734362;5;0,215357812;3,527;-64,511;2;-3,129407781;176,8705922;;;
07/09/2025 10:33;31,12;276290,839;4193676,429;6250;altri;19,48956218;5;0,064965207;19,295;-2,747;2;-81,89733735;98,10266265;;;
07/09/2025 10:33;29,7;276510,579;4192595,392;7520;8;66,70384526;5;0,222346151;1,707;-66,682;2;-1,466400827;178,5335992;;;
07/09/2025 10:35;29,45;275911,478;4195904,642;540;10;58,50470119;5;0,195015671;16,955;-55,994;2;-16,84632814;163,1536719;;;
07/09/2025 10:35;29,43;275917,392;4195927,803;1520;10;55,31948671;5;0,184398289;22,383;-50,589;2;-23,86689672;156,1331033;;;
07/09/2025 10:37;29,41;275920,547;4195882,182;7510;10;56,6961712;5;0,188987237;17,895;-53,798;2;-18,39883717;161,6011628;;;
07/09/2025 10:37;36,06;276291,414;4193697,514;2520;altri;14,55551724;5;0,048518391;8,251;11,991;1;34,53183728;34,53183728;;;
07/09/2025 10:38;29,24;276147,111;4194507,74;0530cnr;9;57,72946163;5;0,192431539;-1,574;-57,708;3;1,562369225;181,5623692;;;
07/09/2025 10:38;29,12;276175,595;4194519,18;3500cnr;9;55,62014996;5;0,1854005;2,005;-55,584;2;-2,065850821;177,9341492;;;
07/09/2025 10:38;31,52;276291,293;4193693,075;6250;altri;16,65219001;4;0,069384125;0,454;16,646;1;1,562287452;1,562287452;;;
07/09/2025 10:38;29,68;276496,723;4192506,922;930;8;63,37750948;5;0,211258365;1,798;-63,352;2;-1,625681353;178,3743186;;;
07/09/2025 10:38;29,73;276518,566;4192532,981;7520;8;62,91998959;5;0,209733299;7,987;-62,411;2;-7,292743892;172,7072561;;;
07/09/2025 10:40;29,41;275937,138;4195877,287;1520;10;54,23809337;5;0,180793645;19,746;-50,516;2;-21,34983538;158,6501646;;;
07/09/2025 10:41;29,43;275932,831;4195848,529;540;10;60,03848248;5;0,200128275;21,353;-56,113;2;-20,83360695;159,166393;;;
07/09/2025 10:42;29,39;275947,178;4195825,925;7510;10;62,24194896;5;0,207473163;26,631;-56,257;2;-25,33198951;154,6680105;;;
07/09/2025 10:42;38,2;276482,002;4193680,104;2520;altri;191,38154;5;0,637938467;190,588;-17,41;2;-84,78058067;95,21941933;;;
07/09/2025 10:43;29,23;276155,274;4194451,988;0530cnr;9;56,34642911;5;0,18782143;8,163;-55,752;2;-8,329846637;171,6701534;;;
07/09/2025 10:43;29,18;276189,886;4194462,15;3500cnr;9;58,79331238;5;0,195977708;14,291;-57,03;2;-14,06791544;165,9320846;;;
07/09/2025 10:43;29,66;276501,1;4192441,278;930;8;65,78976262;5;0,219299209;4,377;-65,644;2;-3,814712074;176,1852879;;;
07/09/2025 10:43;29,7;276526,735;4192477,23;7520;8;56,34630921;5;0,187821031;8,169;-55,751;2;-8,33603069;171,6639693;;;
07/09/2025 10:43;31,74;276552,481;4193649,31;6250;altri;264,8292782;5;0,882764261;261,188;-43,765;2;-80,48781187;99,51218813;;;
07/09/2025 10:45;29,38;275956,792;4195823,441;1520;10;57,32077662;5;0,191069255;19,654;-53,846;2;-20,05227933;159,9477207;;;
07/09/2025 10:46;29,39;275951,364;4195785,829;540;10;65,38166478;5;0,217938883;18,533;-62,7;2;-16,46673812;163,5332619;;;
07/09/2025 10:47;39,63;276595,075;4193402,71;2520;altri;299,5545602;5;0,998515201;113,073;-277,394;2;-22,17708537;157,8229146;;;
07/09/2025 10:48;29,31;275954,852;4195752,416;7510;10;73,9084796;5;0,246361599;7,674;-73,509;2;-5,959826401;174,0401736;;;
07/09/2025 10:48;29,3;276163,498;4194398,455;0530cnr;9;54,16102164;5;0,180536739;8,224;-53,533;2;-8,733776195;171,2662238;;;
07/09/2025 10:48;29,17;276199,02;4194409,703;3500cnr;9;53,23643269;5;0,177454776;9,134;-52,447;2;-9,879360796;170,1206392;;;
07/09/2025 10:48;29,67;276516,036;4192375,347;930;8;67,60163354;5;0,225338778;14,936;-65,931;2;-12,76433234;167,2356677;;;
08/07/2025 16:33:31;33,13;276818,853;4194540,526;3500cnr;6;48,03453678;5;0,160115123;40,682;-25,54;2;-57,87955909;122,1204409;check;check;o
08/07/2025 16:33:07;33,18;276818,853;4194540,526;3680cnr;6;48,03453678;5;0,160115123;40,682;-25,54;2;-57,87955909;122,1204409;check;check;o
07/09/2025 10:48;32,74;276552,309;4193287,262;6250;altri;362,0480409;5;1,206826803;-0,172;-362,048;3;0,027219798;180,0272198;;;
07/09/2025 10:51;29,29;275969,017;4195723,153;540;10;65,11458658;5;0,217048622;17,653;-62,676;2;-15,73013193;164,2698681;;;
07/09/2025 10:51;29,32;275973,687;4195765,228;1520;10;60,61513337;5;0,202050445;16,895;-58,213;2;-16,18416967;163,8158303;;;
07/09/2025 10:52;37,48;276511,989;4193002,939;2520;altri;408,3137713;5;1,361045904;-83,086;-399,771;3;11,74086577;191,7408658;;;
07/09/2025 10:53;29,2;275966,469;4195694,347;7510;10;59,21962048;5;0,197398735;11,617;-58,069;2;-11,31296839;168,6870316;;;
07/09/2025 10:53;29,31;276177,091;4194348,107;0530cnr;9;52,15065439;5;0,173835515;13,593;-50,348;2;-15,10855687;164,8914431;;;
07/09/2025 10:53;29,16;276217,013;4194359,235;3500cnr;9;53,57953969;5;0,178598466;17,993;-50,468;2;-19,62231745;160,3776825;;;
07/09/2025 10:53;34,71;276517,271;4192970,588;6250;altri;318,6064716;5;1,062021572;-35,038;-316,674;3;6,313739329;186,3137393;;;
07/09/2025 10:53;29,69;276518,623;4192308,641;930;8;66,75614582;5;0,222520486;2,587;-66,706;2;-2,22093869;177,7790613;;;
07/09/2025 10:56;29,2;275984,062;4195661,659;540;10;63,30769354;5;0,211025645;15,045;-61,494;2;-13,7478145;166,2521855;;;
07/09/2025 10:56;29,25;275988,763;4195704,844;1520;10;62,23755484;5;0,207458516;15,076;-60,384;2;-14,01838124;165,9816188;;;
07/09/2025 10:57;38,95;276525,1;4192967,043;2520;altri;38,21545678;5;0,127384856;13,111;-35,896;2;-20,0647014;159,9352986;;;
07/09/2025 10:58;29,18;275973,689;4195636,399;7510;10;58,39605384;5;0,194653513;7,22;-57,948;2;-7,102137176;172,8978628;;;
07/09/2025 10:58;29,27;276179,126;4194293,633;0530cnr;9;54,51199777;5;0,181706659;2,035;-54,474;2;-2,13941912;177,8605809;;;
07/09/2025 10:58;29,19;276219,048;4194304,76;3500cnr;9;54,51299707;5;0,18170999;2,035;-54,475;2;-2,139379883;177,8606201;;;
07/09/2025 10:58;29,68;276518,51;4192239,788;930;8;68,85309273;5;0,229510309;-0,113;-68,853;3;0,094032464;180,0940325;;;
07/09/2025 10:58;32,57;276523,831;4192920,433;6250;altri;50,58218683;5;0,168607289;6,56;-50,155;2;-7,451674623;172,5483254;;;
07/09/2025 10:59;29,69;276564,597;4192282,957;7520;8;134,390845;10;0,223984742;21,044;-132,733;2;-9,008909415;170,9910906;;;
07/09/2025 11:01;29,28;275995,74;4195605,81;540;10;57,05687062;5;0,190189569;11,678;-55,849;2;-11,81035655;168,1896434;;;
07/09/2025 11:01;29,17;276000,532;4195652,324;1520;10;53,82248379;5;0,179408279;11,769;-52,52;2;-12,63053221;167,3694678;;;
07/09/2025 11:02;40,27;276573,213;4192534,826;2520;altri;434,8866471;5;1,449622157;48,113;-432,217;2;-6,35183112;173,6481689;;;
07/09/2025 11:03;29,35;275981,91;4195582,865;7510;10;54,1615546;5;0,180538515;8,221;-53,534;2;-8,730478759;171,2695212;;;
07/09/2025 11:03;29,38;276183,832;4194240,196;0530cnr;9;53,64381982;5;0,178812733;4,706;-53,437;2;-5,032844278;174,9671557;;;
07/09/2025 11:03;29,21;276222,024;4194252,481;3500cnr;9;52,3636364;5;0,174545455;2,976;-52,279;2;-3,258065682;176,7419343;;;
07/09/2025 11:03;29,66;276510,448;4192170,041;930;8;70,21139404;5;0,23403798;-8,062;-69,747;3;6,593512266;186,5935123;;;
07/09/2025 11:03;33,18;276533,903;4192417,063;6250;altri;503,4707559;5;1,678235853;10,072;-503,37;2;-1,146286221;178,8537138;;;
07/09/2025 11:04;29,66;276559,174;4192213,138;7520;8;70,02929166;5;0,233430972;-5,423;-69,819;3;4,441375822;184,4413758;;;
07/09/2025 11:06;29,2;276015,001;4195601,952;1520;10;52,40887659;5;0,174696255;14,469;-50,372;2;-16,02633694;163,9736631;;;
07/09/2025 11:07;29,4;276015,245;4195546,416;540;10;62,51473635;5;0,208382455;19,505;-59,394;2;-18,18018924;161,8198108;;;
07/09/2025 11:08;29,32;275991,859;4195528,174;7510;10;55,58856071;5;0,185295202;9,949;-54,691;2;-10,31010128;169,6898987;;;
07/09/2025 11:08;29,31;276231,098;4194197,815;3500cnr;9;55,41397867;5;0,184713262;9,074;-54,666;2;-9,424586245;170,5754138;;;
07/09/2025 11:08;29,67;276512,612;4192087,798;930;8;82,27146495;5;0,274238217;2,164;-82,243;2;-1,507234232;178,4927658;;;
07/09/2025 11:08;38,24;276558,631;4192193,162;2520;altri;341,9750336;5;1,139916779;-14,582;-341,664;3;2,443863922;182,4438639;;;
07/09/2025 11:09;29,5;276187,506;4194181,234;0530cnr;9;59,076355;5;0,196921183;3,674;-58,962;2;-3,565565697;176,4344343;;;
07/09/2025 11:09;27,87;276556,517;4192115,479;7520;8;97,6951377;5;0,325650459;-2,657;-97,659;3;1,558456882;181,5584569;;;
07/09/2025 11:09;33,09;276563,889;4192127,494;6250;altri;291,1174436;5;0,970391479;29,986;-289,569;2;-5,912128931;174,0878711;;;
07/09/2025 11:12;29,36;276002,416;4195495,679;540;10;52,33379797;5;0,174445993;-12,829;-50,737;3;14,18998634;194,1899863;;;
07/09/2025 11:12;29,31;276035,597;4195550,302;1520;10;55,6050152;5;0,185350051;20,596;-51,65;2;-21,74018013;158,2598199;;;
07/09/2025 11:13;29,33;276005,358;4195474,497;7510;10;55,34838146;5;0,184494605;13,499;-53,677;2;-14,11633453;165,8836655;;;
07/09/2025 11:13;37,3;276661,2;4192143,727;2520;altri;113,8605243;5;0,379535081;102,569;-49,435;2;-64,26741014;115,7325899;;;
07/09/2025 11:14;29,56;276195,67;4194125,482;0530cnr;9;56,34657399;5;0,187821913;8,164;-55,752;2;-8,330852755;171,6691472;;;
07/09/2025 11:14;29,4;276237,503;4194142,11;3500cnr;9;56,07201664;5;0,186906722;6,405;-55,705;2;-6,559105131;173,4408949;;;
07/09/2025 11:14;29,97;276728,949;4192206,298;930;altri;2106,728115;31;1,132649524;574,361;-2026,922;2;-15,82093228;164,1790677;;;
07/09/2025 11:14;34,62;276746,061;4192220,27;6250;altri;204,4358671;5;0,68145289;182,172;92,776;1;63,01130469;63,01130469;;;
07/09/2025 11:14;25,77;276764,143;4192237,548;7520;altri;283,5392746;25;0,189026183;220,59;-178,142;2;-51,07667666;128,9233233;;;
07/09/2025 11:17;29,47;276047,488;4195502,222;1520;10;49,52860064;5;0,165095335;11,891;-48,08;2;-13,8914689;166,1085311;;;
07/09/2025 11:18;29,4;276015,884;4195440,892;540;10;56,41810342;5;0,188060345;13,468;-54,787;2;-13,81087046;166,1891295;;;
07/09/2025 11:18;36,79;277176,466;4192471,785;2520;altri;610,8363955;5;2,036121318;515,266;328,058;1;57,51603108;57,51603108;;;
07/09/2025 11:19;29,38;276018,918;4195423,039;7510;10;53,21465366;5;0,177382179;13,56;-51,458;2;-14,7627436;165,2372564;;;
07/09/2025 11:19;29,68;276209,233;4194074,025;0530cnr;9;53,21445121;5;0,177381504;13,563;-51,457;2;-14,76614142;165,2338586;;;
07/09/2025 11:19;29,51;276249,156;4194085,152;3500cnr;9;58,1378205;5;0,193792735;11,653;-56,958;2;-11,56254461;168,4374554;;;
07/09/2025 11:19;31,98;277244,961;4192562,105;930;altri;626,7910381;5;2,08930346;516,012;355,807;1;55,41247807;55,41247807;;;
07/09/2025 11:19;34,23;277249,053;4192583,095;6250;altri;620,1958825;5;2,067319608;502,992;362,825;1;54,19582434;54,19582434;;;
07/09/2025 11:19;26,73;277267,254;4192604,812;7520;altri;622,8992888;5;2,076330963;503,111;367,264;1;53,87107814;53,87107814;;;
07/09/2025 11:22;29,53;276061,958;4195451,85;1520;10;52,40915267;5;0,174697176;14,47;-50,372;2;-16,02738769;163,9726123;;;
07/09/2025 11:23;29,48;276027,594;4195386,153;540;10;55,97751532;5;0,186591718;11,71;-54,739;2;-12,07495495;167,9250451;;;
07/09/2025 11:23;33,01;277454,651;4193118,37;2520;altri;703,8885256;5;2,346295085;278,185;646,585;1;23,2791796;23,2791796;;;
07/09/2025 11:24;29,53;276027,078;4195367,286;7510;10;56,34698403;5;0,18782328;8,16;-55,753;2;-8,326680992;171,673319;;;
07/09/2025 11:24;29,57;276255,712;4194034,997;3500cnr;9;50,58166823;5;0,168605561;6,556;-50,155;2;-7,447181936;172,5528181;;;
07/09/2025 11:24;26,85;277425,151;4193296,863;7520;altri;709,8352268;5;2,366117423;157,897;692,051;1;12,85249014;12,85249014;;;
07/09/2025 11:24;32,71;277429,956;4193246,756;930;altri;709,2038789;5;2,36401293;184,995;684,651;1;15,12043449;15,12043449;;;
07/09/2025 11:24;34,27;277434,258;4193275,515;6250;altri;716,7610121;5;2,389203374;185,205;692,42;1;14,97464471;14,97464471;;;
07/09/2025 11:25;29,8;276217,398;4194018,272;0530cnr;9;56,34770833;5;0,187825694;8,165;-55,753;2;-8,331711524;171,6682885;;;
07/09/2025 11:27;29,59;276080,978;4195406,907;1520;10;48,80198407;5;0,16267328;19,02;-44,943;2;-22,9382137;157,0617863;;;
07/09/2025 11:28;29,66;276042,913;4195334,647;540;10;53,73583345;5;0,179119445;15,319;-51,506;2;-16,56361795;163,4363821;;;
07/09/2025 11:28;32,52;276978,309;4193669,933;2520;altri;728,7821649;5;2,429273883;-476,342;551,563;4;-40,81461599;229,185384;;;
07/09/2025 11:29;29,7;276040,578;4195313,609;7510;10;55,34862536;5;0,184495418;13,5;-53,677;2;-14,11733845;165,8826615;;;
07/09/2025 11:29;29,67;276269,247;4193982,43;3500cnr;9;54,28154119;5;0,180938471;13,535;-52,567;2;-14,43894038;165,5610596;;;
07/09/2025 11:29;32,05;276867,377;4193767,348;7520;altri;729,7040292;5;2,432346764;-557,774;470,485;4;-49,85221071;220,1477893;;;
07/09/2025 11:29;34,24;276888,131;4193753,457;6250;altri;725,7294644;5;2,419098215;-546,127;477,942;4;-48,80926962;221,1907304;;;
07/09/2025 11:29;32,05;276895,687;4193739,925;930;altri;727,0894215;5;2,423631405;-534,269;493,169;4;-47,29074812;222,7092519;;;
07/09/2025 11:30;29,85;276230,932;4193965,705;0530cnr;9;54,28129185;5;0,18093764;13,534;-52,567;2;-14,43791819;165,5620818;;;
07/09/2025 11:32;29,74;276094,538;4195355,449;1520;10;53,21465366;5;0,177382179;13,56;-51,458;2;-14,7627436;165,2372564;;;
07/09/2025 11:33;29,77;276052,863;4195279,956;540;10;55,5887397;5;0,185295799;9,95;-54,691;2;-10,31111535;169,6888847;;;
07/09/2025 11:33;32,26;276492,383;4193931,926;2520;altri;552,0547161;5;1,840182387;-485,926;261,993;4;-61,66812551;208,3318745;;;
07/09/2025 11:34;29,72;276052,318;4195259,98;7510;10;54,89897304;5;0,182996577;11,74;-53,629;2;-12,34791276;167,6520872;;;
07/09/2025 11:34;29,73;276276,653;4193931,141;3500cnr;9;51,82094516;5;0,172736484;7,406;-51,289;2;-8,216570789;171,7834292;;;
07/09/2025 11:34;34,6;276379,737;4193966,091;6250;altri;551,0695756;5;1,836898585;-508,394;212,634;4;-67,30305182;202,6969482;;;
07/09/2025 11:34;31,27;276392,964;4193966,841;930;altri;551,5625856;5;1,838541952;-502,723;226,916;4;-65,70682973;204,2931703;;;
07/09/2025 11:35;29,87;276239,187;4193913,282;0530cnr;9;53,06897355;5;0,176896579;8,255;-52,423;2;-8,948828259;171,0511717;;;
07/09/2025 11:35;34,12;276354,982;4193962,323;7520;altri;548,2370716;5;1,827456905;-512,395;194,975;4;-69,16733;200,83267;;;
07/09/2025 11:37;29,72;276108,128;4195305,101;1520;10;52,14987252;5;0,173832908;13,59;-50,348;2;-15,10537478;164,8946252;;;
07/09/2025 11:38;29,83;276067,273;4195227,364;540;10;54,5304187;5;0,181768062;14,41;-52,592;2;-15,32275943;164,6772406;;;
07/09/2025 11:38;32,55;276192,851;4194086,688;2520;altri;337,15085;5;1,123836167;-299,532;154,762;4;-62,67553497;207,324465;;;
07/09/2025 11:39;29,82;276064,028;4195205,241;7510;10;55,97751532;5;0,186591718;11,71;-54,739;2;-12,07495495;167,9250451;;;
07/09/2025 11:39;33,02;276191,812;4194209,992;930;altri;315,5701759;5;1,051900586;-201,152;243,151;4;-39,59999987;230,4000001;;;
07/09/2025 11:39;25,44;276193,39;4194203,286;3500cnr;altri;912,6174561;40;0,380257273;137,367;-902,22;2;-8,657051114;171,3429489;;;
07/09/2025 11:40;34,2;276179,13;4194229,218;6250;altri;330,8760895;5;1,102920298;-200,607;263,127;4;-37,3217561;232,6782439;;;
07/09/2025 11:40;25,72;276194,294;4194300,993;0530cnr;altri;926,007595;40;0,385836498;161,752;-911,771;2;-10,05984769;169,9401523;;;
07/09/2025 11:40;34,88;276199,211;4194255,325;7520;altri;331,8354659;5;1,10611822;-155,771;293,002;4;-27,99680964;242,0031904;;;
07/09/2025 11:43;29,84;276078,103;4195172,649;540;10;55,77651948;5;0,185921732;10,83;-54,715;2;-11,19610862;168,8038914;;;
07/09/2025 11:43;29,72;276126,087;4195253,524;1520;10;54,61421619;5;0,182047387;17,959;-51,577;2;-19,19800691;160,8019931;;;
07/09/2025 11:44;29,82;276080,167;4195151,492;7510;10;56,1197142;5;0,187065714;16,139;-53,749;2;-16,71322819;163,2867718;;;
07/09/2025 11:44;33,11;276267,47;4194692,148;2520;altri;610,0408238;5;2,033469413;74,619;605,46;1;7,025902406;7,025902406;;;
07/09/2025 11:44;34,28;276317,097;4194704,121;930;altri;509,7644553;5;1,699214851;125,285;494,129;1;14,2273649;14,2273649;;;
07/09/2025 11:44;25,19;276320,556;4194701,806;3500cnr;altri;514,4836071;5;1,714945357;127,166;498,52;1;14,31023524;14,31023524;;;
07/09/2025 11:45;34,02;276330,474;4194710,42;6250;altri;504,4406518;5;1,681468839;151,344;481,202;1;17,45900865;17,45900865;;;
07/09/2025 11:45;35,3;276343,791;4194714,499;7520;altri;481,3981083;5;1,604660361;144,58;459,174;1;17,47763765;17,47763765;;;
07/09/2025 11:45;25,38;276362,567;4194725,094;0530cnr;altri;456,2646828;5;1,520882276;168,273;424,101;1;21,64197843;21,64197843;;;
07/09/2025 11:47;24,36;276427,875;4194763,295;3680cnr;altri;857,1685346;44;0,324685051;458,248;-724,394;2;-32,31723941;147,6827606;;;
07/09/2025 11:48;29,84;276094,212;4195117,79;540;10;57,17525481;5;0,190584183;16,109;-54,859;2;-16,36454425;163,6354558;;;
07/09/2025 11:48;29,8;276139,648;4195202,066;1520;10;53,21490848;5;0,177383028;13,561;-51,458;2;-14,76378474;165,2362153;;;
07/09/2025 11:49;29,81;276093,606;4195095,595;7510;10;57,48983675;5;0,191632789;13,439;-55,897;2;-13,51872045;166,4812795;;;
07/09/2025 11:49;29,77;276452,204;4194751,526;2520;11;;;;;;1;;;;;
07/09/2025 11:50;29,65;276451,629;4194730,44;6250;11;;;;;;1;;;;;
07/09/2025 11:50;29,76;276453,57;4194737,051;930;11;;;;;;1;;;;;
07/09/2025 11:50;26,14;276544,814;4194757,887;3500cnr;altri;231,1638577;5;0,770546192;224,258;56,081;1;75,95978898;75,95978898;;;
07/09/2025 11:50;35,61;276581,033;4194762,454;7520;altri;242,0401797;5;0,806800599;237,242;47,955;1;78,57247384;78,57247384;;;
07/09/2025 11:50;25,39;276618,981;4194765,863;0530cnr;altri;259,6348412;5;0,865449471;256,414;40,769;1;80,96577742;80,96577742;;;
07/09/2025 11:52;30,79;276764,675;4194781,887;3680cnr;altri;337,3127665;5;1,124375888;336,8;18,592;1;86,84037088;86,84037088;;;
07/09/2025 11:53;29,9;276157,698;4195153,818;1520;10;51,51380401;5;0,17171268;18,05;-48,248;2;-20,51126398;159,488736;;;
07/09/2025 11:54;29,87;276103,921;4195054,221;540;10;64,30616177;5;0,214353873;9,709;-63,569;2;-8,683773452;171,3162265;;;
07/09/2025 11:54;29,72;276458,367;4194686,943;2520;11;64,87639369;5;0,216254646;6,163;-64,583;2;-5,451091456;174,5489085;;;
07/09/2025 11:55;29,81;276108,715;4195036,321;7510;10;61,16934655;5;0,203897822;15,109;-59,274;2;-14,30022406;165,6997759;;;
07/09/2025 11:55;29,71;276456,366;4194678,113;6250;11;52,54097542;5;0,175136585;4,737;-52,327;2;-5,172708535;174,8272915;;;
07/09/2025 11:55;29,75;276465,103;4194675,654;930;11;62,47080677;5;0,208236023;11,533;-61,397;2;-10,63864211;169,3613579;;;
07/09/2025 11:55;31,12;277063,285;4194788,204;3500cnr;altri;519,3566196;5;1,731188732;518,471;30,317;1;86,65350532;86,65350532;;;
07/09/2025 11:55;29,06;277099,352;4194787,224;0530cnr;altri;480,8457029;5;1,60281901;480,371;21,361;1;87,45386503;87,45386503;;;
07/09/2025 11:56;35,93;277122,375;4194792,152;7520;altri;542,1560035;5;1,807186678;541,342;29,698;1;86,85990351;86,85990351;;;
07/09/2025 11:57;34,11;277266,922;4194766,014;3680cnr;altri;502,4977623;5;1,674992541;502,247;-15,873;2;-88,18982832;91,81017168;;;
07/09/2025 11:58;29,96;276169,258;4195093,53;1520;10;61,38628954;5;0,204620965;11,56;-60,288;2;-10,85450469;169,1454953;;;
07/09/2025 11:59;29,84;276124,399;4194998,133;540;10;59,70939815;5;0,199031327;20,478;-56,088;2;-20,05738243;159,9426176;;;
07/09/2025 11:59;29,72;276462,043;4194627,982;2520;11;59,07548135;5;0,196918271;3,676;-58,961;2;-3,567562008;176,432438;;;
07/09/2025 12:00;29,77;276135,077;4194970,076;7510;10;71,29765122;5;0,237658837;26,362;-66,245;2;-21,69993484;158,3000652;;;
07/09/2025 12:00;29,68;276393,73;4194608,742;6250;altri;119,7486418;15;0,133054046;63,256;-101,678;2;-31,88660296;148,113397;;;
07/09/2025 12:00;29,74;276471,448;4194617,73;930;11;58,27047967;5;0,194234932;6,345;-57,924;2;-6,251261153;173,7487388;;;
07/09/2025 12:00;34,06;277537,498;4194647,614;3500cnr;altri;494,614514;5;1,648715047;474,213;-140,59;2;-73,48648181;106,5135182;;;
07/09/2025 12:01;31,33;277558,882;4194657,029;0530cnr;altri;477,6175865;5;1,592058622;459,53;-130,195;2;-74,18140238;105,8185976;;;
07/09/2025 12:01;35,24;277562,792;4194671,361;7520;altri;456,6810699;5;1,522270233;440,417;-120,791;2;-74,66290385;105,3370961;;;
07/09/2025 12:02;34,26;277592,372;4194788,28;3680cnr;altri;326,2107865;5;1,087369288;325,45;22,266;1;86,08614868;86,08614868;;;
07/09/2025 12:03;29,96;276189,978;4195046,32;1520;10;51,55678908;5;0,171855964;20,72;-47,21;2;-23,69619308;156,3038069;;;
07/09/2025 12:04;29,8;276138,506;4194934,444;540;10;65,23263118;5;0,217442104;14,107;-63,689;2;-12,48927137;167,5107286;;;
07/09/2025 12:04;29,79;276475,577;4194575,415;2520;11;54,28129185;5;0,18093764;13,534;-52,567;2;-14,43791819;165,5620818;;;
07/09/2025 12:05;29,76;276137,992;4194915,578;7510;10;54,57590337;5;0,181919678;2,915;-54,498;2;-3,061730561;176,9382694;;;
07/09/2025 12:05;29,6;277631,358;4194894,95;3500cnr;12;;;;;;1;;;;;
07/09/2025 12:06;29,76;276479,885;4194571,966;6250;11;108,7213363;10;0,181202227;23,519;-106,147;2;-12,49319652;167,5068035;;;
07/09/2025 12:06;29,81;276481,433;4194564,15;930;11;54,50244605;5;0,18167482;9,985;-53,58;2;-10,55636895;169,443631;;;
07/09/2025 12:06;29,64;277640,974;4194892,468;0530cnr;12;;;;;;1;;;;;
07/09/2025 12:06;33,5;277798,311;4194786,031;7520;altri;261,9511563;5;0,873170521;235,519;114,67;1;64,03937541;64,03937541;;;
07/09/2025 12:07;29,73;277632,636;4194877,146;3680cnr;12;;;;;;1;;;;;
07/09/2025 12:08;29,89;276204,086;4194982,631;1520;10;65,23284744;5;0,217442825;14,108;-63,689;2;-12,49012892;167,5098711;;;
07/09/2025 12:09;29,76;276155,435;4194877,341;540;10;59,55958067;5;0,198531936;16,929;-57,103;2;-16,51320916;163,4867908;;;
07/09/2025 12:10;29,71;276156,68;4194858,427;7510;10;60,1288462;5;0,200429487;18,688;-57,151;2;-18,1074033;161,8925967;;;
07/09/2025 12:10;29,75;276488,292;4194525,092;2520;11;51,90448491;5;0,17301495;12,715;-50,323;2;-14,18001339;165,8199866;;;
07/09/2025 12:11;29,79;276493,177;4194510,522;930;11;54,89885172;5;0,182996172;11,744;-53,628;2;-12,35221401;167,647786;;;
07/09/2025 12:11;29,73;276493,328;4194516,07;6250;11;57,48979966;5;0,191632666;13,443;-55,896;2;-13,52282948;166,4771705;;;
07/09/2025 12:11;29,98;277649,417;4194846,705;3500cnr;12;51,5141486;5;0,171713829;18,059;-48,245;2;-20,52180863;159,4781914;;;
07/09/2025 12:11;30,03;277654,515;4194839,904;0530cnr;12;54,28013243;5;0,180933775;13,541;-52,564;2;-14,44586328;165,5541367;;;
07/09/2025 12:11;32,71;277935,29;4194252,577;7520;altri;550,7598538;5;1,835866179;136,979;-533,454;2;-14,40113786;165,5988621;;;
07/09/2025 12:13;29,88;276215,798;4194927,892;1520;10;55,97793373;5;0,186593112;11,712;-54,739;2;-12,07695674;167,9230433;;;
07/09/2025 12:13;30,02;277648,906;4194827,839;3680cnr;12;51,921991;5;0,173073303;16,27;-49,307;2;-18,26151718;161,7384828;;;
07/09/2025 12:14;29,7;276165,327;4194820,431;540;10;57,76330811;5;0,19254436;9,892;-56,91;2;-9,860538358;170,1394616;;;
07/09/2025 12:15;29,65;276168,452;4194805,908;7510;10;53,82216407;5;0,179407214;11,772;-52,519;2;-12,63388132;167,3661187;;;
07/09/2025 12:15;29,83;276495,426;4194463,815;2520;11;61,69088008;5;0,205636267;7,134;-61,277;2;-6,640602933;173,3593971;;;
07/09/2025 12:16;29,88;276498,552;4194449,293;930;11;61,46446995;5;0,204881566;5,375;-61,229;2;-5,016860783;174,9831392;;;
07/09/2025 12:16;29,83;276501,554;4194462,538;6250;11;54,16033696;5;0,180534457;8,226;-53,532;2;-8,736028079;171,2639719;;;
07/09/2025 12:16;30,07;277663,049;4194797,47;3500cnr;12;51,08734334;5;0,170291144;13,632;-49,235;2;-15,4761439;164,5238561;;;
07/09/2025 12:16;30,15;277668,176;4194791,778;0530cnr;12;50,0273405;5;0,166757802;13,661;-48,126;2;-15,84707236;164,1529276;;;
07/09/2025 12:16;34,55;277690,647;4193931,581;7520;altri;403,5946351;5;1,34531545;-244,643;-320,996;3;37,31237444;217,3123744;;;
07/09/2025 12:18;30,12;277666,086;4194779,619;3680cnr;12;51,18906915;5;0,17063023;17,18;-48,22;2;-19,61015465;160,3898453;;;
07/09/2025 12:19;29,83;276219,35;4194864,492;1520;10;63,49942286;5;0,211664743;3,552;-63,4;2;-3,206657359;176,7933426;;;
07/09/2025 12:20;29,66;276169,091;4194764,799;540;10;55,75918866;5;0,185863962;3,764;-55,632;2;-3,870670396;176,1293296;;;
07/09/2025 12:20;29,66;276181,802;4194746,682;7510;10;60,71195579;5;0,202373186;13,35;-59,226;2;-12,70261873;167,2973813;;;
07/09/2025 12:20;29,88;276503,561;4194406,954;2520;11;57,43998212;5;0,191466607;8,135;-56,861;2;-8,141951925;171,8580481;;;
07/09/2025 12:21;29,93;276503,017;4194386,978;930;11;62,4747585;5;0,208249195;4,465;-62,315;2;-4,09835825;175,9016417;;;
07/09/2025 12:21;29,87;276511,57;4194410,067;6250;11;53,41840598;5;0,178061353;10,016;-52,471;2;-10,80697625;169,1930238;;;
07/09/2025 12:21;37,63;277623,317;4193981,16;7520;altri;83,61462875;5;0,278715429;-67,33;49,579;4;-53,63362047;216,3663795;;;
07/09/2025 12:21;30,09;277683,868;4194753,593;3500cnr;12;48,56564516;5;0,161885484;20,819;-43,877;2;-25,38366106;154,6163389;;;
07/09/2025 12:21;30,13;277691,545;4194744,501;0530cnr;12;52,73731971;5;0,175791066;23,369;-47,277;2;-26,30316664;153,6968334;;;
07/09/2025 12:23;30,12;277683,357;4194734,727;3680cnr;12;48,09967885;5;0,160332263;17,271;-44,892;2;-21,04289893;158,9571011;;;
07/09/2025 12:24;29,77;276225,844;4194812,116;1520;10;52,77705384;5;0,175923513;6,494;-52,376;2;-7,06792284;172,9320772;;;
07/09/2025 12:25;29,69;276183,412;4194708,878;540;10;57,725638;5;0,192418793;14,321;-55,921;2;-14,36435966;165,6356403;;;
07/09/2025 12:25;29,67;276189,965;4194690,93;7510;10;56,34642911;5;0,18782143;8,163;-55,752;2;-8,329846637;171,6701534;;;
07/09/2025 12:25;29,94;276515,307;4194353,325;2520;11;54,90025644;5;0,183000855;11,746;-53,629;2;-12,35402971;167,6459703;;;
07/09/2025 12:26;29,96;276522,771;4194336,463;930;11;54,24007505;5;0,18080025;19,754;-50,515;2;-21,35809071;158,6419093;;;
07/09/2025 12:26;29,93;276528,684;4194359,625;6250;11;53,26616525;5;0,177553884;17,114;-50,442;2;-18,74108579;161,2589142;;;
07/09/2025 12:26;39,28;277623,287;4193980,051;7520;altri;1,109405697;5;0,003698019;-0,03;-1,109;3;1,549553011;181,549553;;;
07/09/2025 12:26;30,12;277698,469;4194707,664;3500cnr;12;48,19400629;5;0,160646688;14,601;-45,929;2;-17,63565409;162,3643459;;;
07/09/2025 12:26;30,22;277705,206;4194696,376;0530cnr;12;50,0263785;5;0,166754595;13,661;-48,125;2;-15,84738511;164,1526149;;;
07/09/2025 12:28;30,17;277704,996;4194688,607;3680cnr;12;50,94409407;5;0,169813647;21,639;-46,12;2;-25,1354565;154,8645435;;;
07/09/2025 12:29;29,76;276233,158;4194757,498;1520;10;55,10553983;5;0,183685133;7,314;-54,618;2;-7,627211136;172,3727889;;;
07/09/2025 12:30;29,73;276195,033;4194650,81;540;10;59,21942473;5;0,197398082;11,621;-58,068;2;-11,31695306;168,6830469;;;
07/09/2025 12:30;30,03;276527,022;4194298,587;2520;11;55,97758363;5;0,186591945;11,715;-54,738;2;-12,08017358;167,9198264;;;
07/09/2025 12:31;29,72;276203,376;4194633,924;7510;10;58,56226564;5;0,195207552;13,411;-57,006;2;-13,23844712;166,7615529;;;
07/09/2025 12:31;30,03;276526,447;4194277,502;930;11;59,07548135;5;0,196918271;3,676;-58,961;2;-3,567562008;176,432438;;;
07/09/2025 12:31;30,02;276542,159;4194304,839;6250;11;56,41880379;5;0,188062679;13,475;-54,786;2;-13,81801617;166,1819838;;;
07/09/2025 12:31;30,18;277719,139;4194658,238;3500cnr;12;53,57404573;5;0,178580152;20,67;-49,426;2;-22,6947278;157,3052722;;;
07/09/2025 12:32;40,17;277625,956;4193981,089;7520;altri;2,863739688;5;0,009545799;2,669;1,038;1;68,74845855;68,74845855;;;
07/09/2025 12:32;30,26;277723,147;4194643,692;0530cnr;12;55,65503874;5;0,185516796;17,941;-52,684;2;-18,80575324;161,1942468;;;
07/09/2025 12:33;30,23;277726,575;4194640,268;3680cnr;12;52,93686959;5;0,176456232;21,579;-48,339;2;-24,05644937;155,9435506;;;
07/09/2025 12:34;29,82;276264,436;4194710;1520;10;56,87155078;5;0,189571836;31,278;-47,498;2;-33,36538095;146,6346191;;;
07/09/2025 12:35;29,72;276206,685;4194593,852;540;10;58,13762007;5;0,193792067;11,652;-56,958;2;-11,56157909;168,4384209;;;
07/09/2025 12:35;30,03;276538,737;4194243,849;2520;11;55,97758363;5;0,186591945;11,715;-54,738;2;-12,08017358;167,9198264;;;
07/09/2025 12:36;29,73;276211,539;4194578,171;7510;10;56,34741856;5;0,187824729;8,163;-55,753;2;-8,329699327;171,6703007;;;
07/09/2025 12:36;30,3;277732,831;4194611,223;3500cnr;12;48,96816404;5;0,163227213;13,692;-47,015;2;-16,23694388;163,7630561;;;
07/09/2025 12:37;30,05;276526,695;4194221,966;930;11;55,53655373;5;0,185121846;0,248;-55,536;2;-0,255856721;179,7441433;;;
07/09/2025 12:37;30;276555,664;4194251,163;6250;11;55,34887534;5;0,184496251;13,505;-53,676;2;-14,1226105;165,8773895;;;
07/09/2025 12:37;39,82;277626,077;4193985,528;7520;altri;4,440648826;5;0,014802163;0,121;4,439;1;1,561404149;1,561404149;;;
07/09/2025 12:37;30,36;277735,32;4194605,603;0530cnr;12;39,98692099;5;0,133289737;12,173;-38,089;2;-17,72354617;162,2764538;;;
07/09/2025 12:38;30,36;277738,508;4194593,3;3680cnr;12;48,46018482;5;0,161533949;11,933;-46,968;2;-14,25532588;165,7446741;;;
07/09/2025 12:39;29,9;276272,539;4194652,028;1520;10;58,53555666;5;0,195118522;8,103;-57,972;2;-7,956931082;172,0430689;;;
07/09/2025 12:40;29,78;276212,209;4194538,172;540;10;55,95334642;5;0,186511155;5,524;-55,68;2;-5,665761087;174,3342389;;;
07/09/2025 12:40;29,93;276552,242;4194190,173;2520;11;55,34887534;5;0,184496251;13,505;-53,676;2;-14,1226105;165,8773895;;;
07/09/2025 12:41;29,78;276223,282;4194524,542;7510;10;54,89961466;5;0,182998716;11,743;-53,629;2;-12,35097127;167,6490287;;;
07/09/2025 12:41;30,34;277749,133;4194563,026;3500cnr;12;50,87932795;5;0,16959776;16,302;-48,197;2;-18,68742994;161,3125701;;;
07/09/2025 12:42;29,95;276541,9;4194166,022;930;11;57,97346946;5;0,193244898;15,205;-55,944;2;-15,20510402;164,794896;;;
07/09/2025 12:42;29,91;276562,07;4194195,459;6250;11;56,07113742;5;0,186903791;6,406;-55,704;2;-6,560237007;173,439763;;;
07/09/2025 12:42;39,63;277623,347;4193982,27;7520;altri;4,25058396;5;0,014168613;-2,73;-3,258;3;39,96089995;219,9609;;;
07/09/2025 12:42;30,43;277750,712;4194556,32;0530cnr;12;51,63068616;5;0,172102287;15,392;-49,283;2;-17,34455796;162,655442;;;
07/09/2025 12:44;30,36;277760,118;4194546,07;3680cnr;12;51,93905082;5;0,173130169;21,61;-47,23;2;-24,58637683;155,4136232;;;
07/09/2025 12:45;29,8;276216,944;4194485,845;540;10;52,54079514;5;0,175135984;4,735;-52,327;2;-5,170536415;174,8294636;;;
07/09/2025 12:45;29,84;276294,899;4194600,331;1520;10;56,32538867;5;0,187751296;22,36;-51,697;2;-23,38946042;156,6105396;;;
07/09/2025 12:46;29,78;276229,777;4194472,167;7510;10;52,7761845;5;0,175920615;6,495;-52,375;2;-7,06913381;172,9308662;;;
07/09/2025 12:46;29,86;276565,717;4194135,387;2520;11;56,41880379;5;0,188062679;13,475;-54,786;2;-13,81801617;166,1819838;;;
07/09/2025 12:47;29,84;276585,404;4194147,068;6250;11;53,72303451;5;0,179076782;23,334;-48,391;2;-25,74323012;154,2567699;;;
07/09/2025 12:47;29,86;276655,729;4194110,725;930;altri;683,220641;2;5,693505341;338,632;-593,396;2;-29,71201187;150,2879881;;;
07/09/2025 12:47;39,89;277626,017;4193983,308;7520;altri;2,864671709;5;0,009548906;2,67;1,038;1;68,75570811;68,75570811;;;
07/09/2025 12:47;30,36;277770,682;4194513,577;3500cnr;12;53,94036524;5;0,179801217;21,549;-49,449;2;-23,54672096;156,453279;;;
07/09/2025 12:47;30,46;277775,871;4194510,105;0530cnr;12;52,61940237;5;0,175398008;25,159;-46,215;2;-28,56344599;151,436554;;;
07/09/2025 12:49;30,39;277780,848;4194498,864;3680cnr;12;51,55714631;5;0,171857154;20,73;-47,206;2;-23,70815567;156,2918443;;;
07/09/2025 12:50;29,76;276224,289;4194432,336;540;10;54,01075917;5;0,180035864;7,345;-53,509;2;-7,815952978;172,184047;;;
07/09/2025 12:50;30;276301,455;4194550,175;1520;10;50,5826598;5;0,168608866;6,556;-50,156;2;-7,447035122;172,5529649;;;
07/09/2025 12:51;29,71;276238,942;4194420,83;7510;10;52,1486797;5;0,173828932;9,165;-51,337;2;-10,12216082;169,8778392;;;
07/09/2025 12:51;29,82;276583,803;4194088,25;2520;11;50,48762388;5;0,16829208;18,086;-47,137;2;-20,99131337;159,0086866;;;
07/09/2025 12:52;29,83;276595,482;4194096,817;6250;11;51,25162519;5;0,170838751;10,078;-50,251;2;-11,34040743;168,6595926;;;
07/09/2025 12:52;29,81;276698,147;4194051,82;930;altri;72,58846843;5;0,241961561;42,418;-58,905;2;-35,75798686;144,2420131;;;
07/09/2025 12:52;39,33;277623,317;4193981,16;7520;altri;3,450203472;5;0,011500678;-2,7;-2,148;3;51,49580184;231,4958018;;;
07/09/2025 12:52;30,51;277787,804;4194463,137;3500cnr;12;53,26684226;5;0,177556141;17,122;-50,44;2;-18,74992583;161,2500742;;;
07/09/2025 12:53;30,61;277793,142;4194465,214;0530cnr;12;48,09874554;5;0,160329152;17,271;-44,891;2;-21,04332666;158,9566733;;;
07/09/2025 12:54;30,57;277797,241;4194453,997;3680cnr;12;47,76796142;5;0,159226538;16,393;-44,867;2;-20,07072424;159,9292758;;;
07/09/2025 12:55;29,98;276315,018;4194498,718;1520;10;53,21445121;5;0,177381504;13,563;-51,457;2;-14,76614142;165,2338586;;;
07/09/2025 12:56;29,71;276229,085;4194382,228;540;10;50,33699713;5;0,16778999;4,796;-50,108;2;-5,467311;174,532689;;;
07/09/2025 12:56;29,65;276243,677;4194368,503;7510;10;52,54079514;5;0,175135984;4,735;-52,327;2;-5,170536415;174,8294636;;;
07/09/2025 12:56;29,78;276599,098;4194035,636;2520;11;54,79206166;5;0,182640206;15,295;-52,614;2;-16,20925845;163,7907416;;;
07/09/2025 12:57;29,82;276604,649;4194045,48;6250;11;52,14903123;5;0,173830104;9,167;-51,337;2;-10,124324;169,875676;;;
07/09/2025 12:57;39,91;277626,017;4193983,308;7520;altri;3,450203472;5;0,011500678;2,7;2,148;1;51,49580184;51,49580184;;;
07/09/2025 12:57;30,68;277805,745;4194410,454;3500cnr;12;55,65409212;5;0,18551364;17,941;-52,683;2;-18,80608511;161,1939149;;;
07/09/2025 12:58;29,77;276698,185;4193988,515;930;altri;63,3050114;5;0,211016705;0,038;-63,305;2;-0,03439285;179,9656072;;;
07/09/2025 12:58;30,76;277811,114;4194413,641;0530cnr;12;54,61471517;5;0,182049051;17,972;-51,573;2;-19,21226655;160,7877335;;;
07/09/2025 12:59;30,76;277814,272;4194400,228;3680cnr;12;56,40177588;5;0,18800592;17,031;-53,769;2;-17,57527786;162,4247221;;;
07/09/2025 13:00;29,95;276319,815;4194448,611;1520;10;50,33609697;5;0,16778699;4,797;-50,107;2;-5,468552537;174,5314475;;;
07/09/2025 13:01;29,63;276236,641;4194336,488;540;10;46,3599044;5;0,154533015;7,556;-45,74;2;-9,380237784;170,6197622;;;
07/09/2025 13:01;29,58;276255,633;4194322,643;7510;10;47,39288487;5;0,157976283;11,956;-45,86;2;-14,61212589;165,3878741;;;
07/09/2025 13:01;29,77;276616,973;4193980,73;2520;11;57,74239743;5;0,192474658;17,875;-54,906;2;-18,03299097;161,967009;;;
07/09/2025 13:02;29,82;276622,645;4193995,014;6250;11;53,5786634;5;0,178595545;17,996;-50,466;2;-19,62605751;160,3739425;;;
07/09/2025 13:02;40,1;277626,107;4193986,638;7520;altri;3,331215994;5;0,011104053;0,09;3,33;1;1,5481577;1,5481577;;;
07/09/2025 13:02;30,85;277817,499;4194356,828;3500cnr;12;54,89903817;5;0,182996794;11,754;-53,626;2;-12,36285551;167,6371445;;;
07/09/2025 13:03;30,95;277822,927;4194362,234;0530cnr;12;52,74681619;5;0,175822721;11,813;-51,407;2;-12,94153274;167,0584673;;;
07/09/2025 13:04;29,8;276595,194;4193956,89;930;11;215,8157637;21;0,171282352;53,294;-209,132;2;-14,29663548;165,7033645;;;
07/09/2025 13:04;30,97;277826,056;4194347,712;3680cnr;12;53,82186277;5;0,179406209;11,784;-52,516;2;-12,64704507;167,3529549;;;
07/09/2025 13:05;29,96;276335,259;4194401,545;1520;10;49,53509354;5;0,165116978;15,444;-47,066;2;-18,16647169;161,8335283;;;
07/09/2025 13:06;29,59;276239,557;4194281,989;540;10;54,57695537;5;0,181923185;2,916;-54,499;2;-3,062722806;176,9372772;;;
07/09/2025 13:06;29,79;276626,413;4193939,382;2520;11;42,411917;5;0,141373057;9,44;-41,348;2;-12,8605525;167,1394475;;;
07/09/2025 13:07;29,55;276265,708;4194272,391;7510;10;51,25201585;5;0,170840053;10,075;-50,252;2;-11,33689932;168,6631007;;;
07/09/2025 13:07;29,83;276637,941;4193942,4;6250;11;54,79234082;5;0,182641136;15,296;-52,614;2;-16,21026257;163,7897374;;;
07/09/2025 13:07;39,75;277623,377;4193983,38;7520;altri;4,25058396;5;0,014168613;-2,73;-3,258;3;39,96089995;219,9609;;;
07/09/2025 13:07;31,06;277832,922;4194308,656;3500cnr;12;50,58073263;5;0,168602442;15,423;-48,172;2;-17,75325941;162,2467406;;;
07/09/2025 13:08;31,12;277834,741;4194310,828;0530cnr;12;52,74606556;5;0,175820219;11,814;-51,406;2;-12,94283468;167,0571653;;;
07/09/2025 13:09;29,79;276607,001;4193905,482;930;11;52,7464474;5;0,175821491;11,807;-51,408;2;-12,93493753;167,0650625;;;
07/09/2025 13:09;31,09;277843,998;4194295,029;3680cnr;12;55,6544145;5;0,185514715;17,942;-52,683;2;-18,80705964;161,1929404;;;
07/09/2025 13:11;29,62;276245,324;4194235,187;540;10;47,15596986;5;0,157186566;5,767;-46,802;2;-7,024646395;172,9753536;;;
07/09/2025 13:11;29,92;276341,057;4194355,853;1520;10;46,05839411;5;0,15352798;5,798;-45,692;2;-7,231789856;172,7682101;;;
07/09/2025 13:11;29,75;276642,589;4193886,744;2520;11;55,06743157;5;0,183558105;16,176;-52,638;2;-17,08253387;162,9174661;;;
07/09/2025 13:12;29,57;276269,655;4194223,418;7510;10;49,13179763;5;0,163772659;3,947;-48,973;2;-4,607818334;175,3921817;;;
07/09/2025 13:12;31,07;277849,864;4194251,558;3500cnr;12;59,55848359;5;0,198528279;16,942;-57,098;2;-16,52656664;163,4734334;;;
07/09/2025 13:13;29,77;276646,259;4193892,197;6250;11;50,88742804;5;0,16962476;8,318;-50,203;2;-9,40771709;170,5922829;;;
07/09/2025 13:13;39,19;277626,017;4193983,308;7520;altri;2,640981636;5;0,008803272;2,64;-0,072;2;-88,43777509;91,56222491;;;
07/09/2025 13:13;31,16;277851,834;4194259,278;0530cnr;12;54,30997283;5;0,181033243;17,093;-51,55;2;-18,34453965;161,6554604;;;
07/09/2025 13:14;29,86;276622,357;4193855,087;930;11;52,68266091;5;0,17560887;15,356;-50,395;2;-16,94664819;163,0533518;;;
07/09/2025 13:14;31,07;277861,03;4194241,26;3680cnr;12;56,40207784;5;0,188006926;17,032;-53,769;2;-17,57624629;162,4237537;;;
07/09/2025 13:16;29,67;276253,549;4194181,654;540;10;54,16117349;5;0,180537245;8,225;-53,533;2;-8,734821804;171,2651782;;;
07/09/2025 13:16;29,94;276353,801;4194306,639;1520;10;50,83726322;5;0,169457544;12,744;-49,214;2;-14,51788844;165,4821116;;;
07/09/2025 13:16;29,77;276656,126;4193834,178;2520;11;54,28107152;5;0,180936905;13,537;-52,566;2;-14,44124797;165,558752;;;
07/09/2025 13:17;29,64;276283,279;4194174,18;7510;10;51,08810057;5;0,170293669;13,624;-49,238;2;-15,46659936;164,5334006;;;
07/09/2025 13:17;30,92;277859,918;4194200,199;3500cnr;12;52,33383033;5;0,174446101;10,054;-51,359;2;-11,07611201;168,923888;;;
07/09/2025 13:18;29,73;276659,886;4193842,96;6250;11;51,08793691;5;0,170293123;13,627;-49,237;2;-15,47014113;164,5298589;;;
07/09/2025 13:18;39,18;277623,317;4193981,16;7520;altri;3,450203472;5;0,011500678;-2,7;-2,148;3;51,49580184;231,4958018;;;
07/09/2025 13:18;31,04;277864,558;4194208,958;0530cnr;12;51,9037819;5;0,173012606;12,724;-50,32;2;-14,19045689;165,8095431;;;
07/09/2025 13:19;29,91;276635,924;4193803,631;930;11;53,2145039;5;0,17738168;13,567;-51,456;2;-14,77058038;165,2294196;;;
07/09/2025 13:20;30,95;277872,874;4194190,963;3680cnr;12;51,672706;5;0,172242353;11,844;-50,297;2;-13,25067846;166,7493215;;;
07/09/2025 13:21;29,77;276265,474;4194134,684;540;10;48,46015399;5;0,161533847;11,925;-46,97;2;-14,24557623;165,7544238;;;
07/09/2025 13:21;30,01;276365,637;4194256,34;1520;10;51,67281971;5;0,172242732;11,836;-50,299;2;-13,24153577;166,7584642;;;
07/09/2025 13:22;29,73;276295,174;4194126,1;7510;10;49,52956112;5;0,165098537;11,895;-48,08;2;-13,89596076;166,1040392;;;
07/09/2025 13:22;29,8;276673,242;4193783,735;2520;11;53,26775483;5;0,177559183;17,116;-50,443;2;-18,74277738;161,2572226;;;
07/09/2025 13:23;29,8;276679,552;4193789,117;6250;11;57,32207433;5;0,191073581;19,666;-53,843;2;-20,06457488;159,9354251;;;
07/09/2025 13:23;37,15;277486,022;4193658,372;7520;altri;350,7734454;5;1,169244818;-137,295;-322,788;3;23,04204312;203,0420431;;;
07/09/2025 13:23;30,8;277871,703;4194147,683;3500cnr;12;53,82208172;5;0,179406939;11,785;-52,516;2;-12,64808378;167,3519162;;;
07/09/2025 13:23;30,91;277881,65;4194157,408;0530cnr;12;54,30965811;5;0,181032194;17,092;-51,55;2;-18,34353828;161,6564617;;;
07/09/2025 13:24;29,99;276653,951;4193754,274;930;11;52,54603865;5;0,175153462;18,027;-49,357;2;-20,06406126;159,9359387;;;
07/09/2025 13:25;30,83;277886,358;4194136,18;3680cnr;12;56,41804095;5;0,188060137;13,484;-54,783;2;-13,82761934;166,1723807;;;
07/09/2025 13:26;29,88;276273,729;4194082,261;540;10;53,06897355;5;0,176896579;8,255;-52,423;2;-8,948828259;171,0511717;;;
07/09/2025 13:26;29,96;276364,366;4194209,73;1520;10;46,62732612;5;0,15542442;-1,271;-46,61;3;1,562001581;181,5620016;;;
07/09/2025 13:27;29,83;276303,521;4194077,007;7510;10;49,79754068;5;0,165991802;8,347;-49,093;2;-9,649395134;170,3506049;;;
07/09/2025 13:27;29,93;276689,51;4193734,427;2520;11;51,92231397;5;0,17307438;16,268;-49,308;2;-18,25907556;161,7409244;;;
07/09/2025 13:28;29,9;276694,849;4193736,503;6250;11;54,79261999;5;0,182642067;15,297;-52,614;2;-16,21126668;163,7887333;;;
07/09/2025 13:28;35,01;276833,172;4193869,342;7520;altri;686,0914395;5;2,286971465;-652,85;210,97;4;-72,09164032;197,9083597;;;
07/09/2025 13:28;30,73;277879,848;4194090,823;3500cnr;12;57,44040934;5;0,191468031;8,145;-56,86;2;-8,151967471;171,8480325;;;
07/09/2025 13:28;30,82;277885,517;4194105,107;0530cnr;12;52,44376312;5;0,174812544;3,867;-52,301;2;-4,228606653;175,7713933;;;
07/09/2025 13:29;30,06;276667,579;4193705,038;930;11;51,08723989;5;0,1702908;13,628;-49,236;2;-15,47152118;164,5284788;;;
07/09/2025 13:30;30,7;277892,894;4194084,917;3680cnr;12;51,67798821;5;0,172259961;6,536;-51,263;2;-7,265972703;172,7340273;;;
07/09/2025 13:31;30;276366,615;4194163,023;1520;10;46,76111472;5;0,155870382;2,249;-46,707;2;-2,756733653;177,2432663;;;
07/09/2025 13:32;29,93;276285,625;4194034,181;540;10;49,52980129;5;0,165099338;11,896;-48,08;2;-13,8970837;166,1029163;;;
07/09/2025 13:32;29,94;276318,845;4194025,502;7510;10;53,73630059;5;0,179121002;15,324;-51,505;2;-16,56903188;163,4309681;;;
07/09/2025 13:32;29,97;276699,588;4193684,176;2520;11;51,25162519;5;0,170838751;10,078;-50,251;2;-11,34040743;168,6595926;;;
07/09/2025 13:33;34,17;276504,254;4194141,504;7520;altri;426,918265;5;1,423060883;-328,918;272,162;4;-50,39406784;219,6059322;;;
07/09/2025 13:33;29,96;276701,348;4193684,128;6250;11;52,77667691;5;0,175922256;6,499;-52,375;2;-7,073443307;172,9265567;;;
07/09/2025 13:33;30,52;277888,113;4194038,402;3500cnr;12;53,0685544;5;0,176895181;8,265;-52,421;2;-8,959829285;171,0401707;;;
07/09/2025 13:34;30,06;276673,957;4193648,224;930;11;57,17087965;5;0,190569599;6,378;-56,814;2;-6,405267356;173,5947326;;;
07/09/2025 13:34;30,61;277899,941;4194052,519;0530cnr;12;54,53026242;5;0,181767541;14,424;-52,588;2;-15,33805718;164,6619428;;;
07/09/2025 13:35;30,45;277902,859;4194030,229;3680cnr;12;55,58847515;5;0,185294917;9,965;-54,688;2;-10,32687983;169,6731202;;;
07/09/2025 13:36;30;276391,647;4194112,365;1520;10;56,5051678;5;0,188350559;25,032;-50,658;2;-26,29568845;153,7043116;;;
07/09/2025 13:37;30,01;276299,22;4193983,834;540;10;52,1502103;5;0,173834034;13,595;-50,347;2;-15,11096462;164,8890354;;;
07/09/2025 13:37;29,97;276713,156;4193632,72;2520;11;53,21475885;5;0,17738253;13,568;-51,456;2;-14,77162149;165,2283785;;;
07/09/2025 13:38;30,01;276330,71;4193976,312;7510;10;50,60073443;5;0,168669115;11,865;-49,19;2;-13,56113537;166,4388646;;;
07/09/2025 13:38;33,09;276439,064;4194107,741;7520;altri;73,41441459;5;0,244714715;-65,19;-33,763;3;62,61959936;242,6195994;;;
07/09/2025 13:38;29,94;276720,285;4193635,858;6250;11;51,85173931;5;0,172839131;18,937;-48,27;2;-21,42077563;158,5792244;;;
07/09/2025 13:38;30,37;277895,319;4193979,346;3500cnr;12;59,49401291;5;0,198313376;7,206;-59,056;2;-6,956827976;173,043172;;;
07/09/2025 13:39;30,45;277909,146;4194002,294;0530cnr;12;51,06155746;5;0,170205192;9,205;-50,225;2;-10,3856387;169,6143613;;;
07/09/2025 13:40;30,05;276685,704;4193594,596;930;11;54,89949356;5;0,182998312;11,747;-53,628;2;-12,35527248;167,6447275;;;
07/09/2025 13:40;30,38;277914,584;4193975,493;3680cnr;12;55,97772165;5;0,186592405;11,725;-54,736;2;-12,0906108;167,9093892;;;
07/09/2025 13:42;30,03;276307,566;4193934,741;540;10;49,79737307;5;0,165991244;8,346;-49,093;2;-9,648260834;170,3517392;;;
07/09/2025 13:42;29,93;276379,06;4194070,505;1520;altri;2195,328275;28;1,306743021;510,407;-2135,17;2;-13,4441189;166,5558811;;;
07/09/2025 13:42;29,95;276724,844;4193576,872;2520;11;57,0579394;5;0,190193131;11,688;-55,848;2;-11,82039118;168,1796088;;;
07/09/2025 13:43;31,44;276307,203;4193921,423;7520;altri;228,2580129;5;0,760860043;-131,861;-186,318;3;35,28781128;215,2878113;;;
07/09/2025 13:43;30,01;276345,155;4193924,831;7510;10;53,46916294;5;0,178230543;14,445;-51,481;2;-15,67353307;164,3264669;;;
07/09/2025 13:43;29,97;276726,754;4193582,373;6250;11;53,87479175;5;0,179582639;6,469;-53,485;2;-6,896414328;173,1035857;;;
07/09/2025 13:43;30,32;277905,284;4193924,658;3500cnr;12;55,58847515;5;0,185294917;9,965;-54,688;2;-10,32687983;169,6731202;;;
07/09/2025 13:44;30,41;277917,322;4193946,544;0530cnr;12;56,34633507;5;0,187821117;8,176;-55,75;2;-8,34322086;171,6567791;;;
07/09/2025 13:45;30,02;276697,452;4193540,968;930;11;54,89970754;5;0,182999025;11,748;-53,628;2;-12,35629195;167,643708;;;
07/09/2025 13:45;30,32;277922,76;4193919,743;3680cnr;12;56,34633507;5;0,187821117;8,176;-55,75;2;-8,34322086;171,6567791;;;
07/09/2025 13:47;30,09;276324,802;4193888,736;540;10;49,1277897;5;0,163759299;17,236;-46,005;2;-20,53870967;159,4612903;;;
07/09/2025 13:47;29,95;276377,941;4194029,444;1520;altri;41,07624474;5;0,136920816;-1,119;-41,061;3;1,561046061;181,5610461;;;
07/09/2025 13:47;29,92;276733,012;4193521,121;2520;11;56,34616424;5;0,187820547;8,168;-55,751;2;-8,33502458;171,6649754;;;
07/09/2025 13:48;30,06;276352,743;4193880,201;7510;10;45,27046105;5;0,150901537;7,588;-44,63;2;-9,649168274;170,3508317;;;
07/09/2025 13:48;30,3;277921,468;4193872,023;3500cnr;12;55,06691458;5;0,183556382;16,184;-52,635;2;-17,09140737;162,9085926;;;
07/09/2025 13:49;33,19;276296,038;4193931,723;7520;altri;15,19036619;5;0,050634554;-11,165;10,3;4;-47,30766585;222,6923342;;;
07/09/2025 13:49;29,91;276728,764;4193526,789;6250;11;55,62033042;5;0,185401101;2,01;-55,584;2;-2,070998089;177,9290019;;;
07/09/2025 13:49;30,38;277927,258;4193890,746;0530cnr;12;56,67575231;5;0,188919174;9,936;-55,798;2;-10,09687722;169,9031228;;;
07/09/2025 13:50;30,03;276697,793;4193488,761;930;11;52,20811364;5;0,174027045;0,341;-52,207;2;-0,374233014;179,625767;;;
07/09/2025 13:51;30,34;277936,214;4193863,85;3680cnr;12;57,48945612;5;0,19163152;13,454;-55,893;2;-13,53418762;166,4658124;;;
07/09/2025 13:52;30,26;276319,77;4193833,344;540;10;55,62009248;5;0,185400308;-5,032;-55,392;3;5,190698374;185,1906984;;;
07/09/2025 13:52;29,95;276348,639;4193988,04;1520;altri;50,72374612;5;0,169079154;-29,302;-41,404;3;35,28740149;215,2874015;;;
07/09/2025 13:52;29,84;276735,052;4193466,647;2520;11;54,51218466;5;0,181707282;2,04;-54,474;2;-2,144670775;177,8553292;;;
07/09/2025 13:53;30,21;276359,058;4193821,167;7510;10;59,37080411;5;0,19790268;6,315;-59,034;2;-6,105839448;173,8941606;;;
07/09/2025 13:53;30,33;277928,795;4193817,407;3500cnr;12;55,10528455;5;0,183684282;7,327;-54,616;2;-7,640884319;172,3591157;;;
07/09/2025 13:54;34,65;276385,623;4193955,935;7520;altri;92,79920888;5;0,309330696;89,585;24,212;1;74,87608935;74,87608935;;;
07/09/2025 13:54;29,83;276737,114;4193477,696;6250;11;49,79804363;5;0,165993479;8,35;-49,093;2;-9,652797988;170,347202;;;
07/09/2025 13:54;30,41;277937,253;4193837,168;0530cnr;12;54,50231288;5;0,181674376;9,995;-53,578;2;-10,56708876;169,4329112;;;
07/09/2025 13:55;29,95;276705,992;4193434,12;930;11;55,2527147;5;0,184175716;8,199;-54,641;2;-8,533688296;171,4663117;;;
07/09/2025 13:56;30,36;277951,489;4193810,129;3680cnr;12;55,85043837;5;0,186168128;15,275;-53,721;2;-15,87254268;164,1274573;;;
07/09/2025 13:57;30,37;276328,207;4193787,58;540;10;46,53521962;5;0,155117399;8,437;-45,764;2;-10,44569647;169,5543035;;;
07/09/2025 13:57;30;276360,535;4193939,96;1520;altri;49,52980129;5;0,165099338;11,896;-48,08;2;-13,8970837;166,1029163;;;
07/09/2025 13:58;29,9;276740,763;4193417,625;2520;11;49,35354096;5;0,164511803;5,711;-49,022;2;-6,644931153;173,3550688;;;
07/09/2025 13:59;30,34;276365,616;4193771,012;7510;10;50,58192749;5;0,168606425;6,558;-50,155;2;-7,449428291;172,5505717;;;
07/09/2025 13:59;31,49;276441,451;4193872,23;7520;altri;100,6145745;5;0,335381915;55,828;-83,705;2;-33,70175503;146,298245;;;
07/09/2025 13:59;29,84;276739,244;4193426,551;6250;11;51,18933409;5;0,170631114;2,13;-51,145;2;-2,384779113;177,6152209;;;
07/09/2025 13:59;30,36;277943,4;4193771,478;3500cnr;12;48,19521829;5;0,160650728;14,605;-45,929;2;-17,64018591;162,3598141;;;
07/09/2025 13:59;30,45;277949,039;4193784,652;0530cnr;12;53,82230069;5;0,179407669;11,786;-52,516;2;-12,64912248;167,3508775;;;
07/09/2025 14:00;29,93;276708,062;4193380,755;930;11;53,40513201;5;0,178017107;2,07;-53,365;2;-2,221359193;177,7786408;;;
07/09/2025 14:01;30,4;277949,837;4193749,092;3680cnr;12;61,05935205;5;0,203531174;-1,652;-61,037;3;1,550363312;181,5503633;;;
07/09/2025 14:03;30,55;276339,892;4193731,732;540;10;57,05732494;5;0,190191083;11,685;-55,848;2;-11,81744253;168,1825575;;;
07/09/2025 14:03;30,11;276465,935;4193866,011;1520;10;257,3110963;26;0,16494301;74,288;-246,354;2;-16,7806747;163,2193253;;;
07/09/2025 14:03;29,96;276748,871;4193359,654;2520;11;58,53525865;5;0,195117529;8,108;-57,971;2;-7,961913586;172,0380864;;;
07/09/2025 14:04;32,8;276338,427;4193839,499;7520;altri;108,0983947;5;0,360327982;-103,024;-32,731;3;72,3748085;252,3748085;;;
07/09/2025 14:04;30,49;276374,843;4193721,894;7510;10;49,97714931;5;0,166590498;9,227;-49,118;2;-10,63923349;169,3607665;;;
07/09/2025 14:04;29,92;276749,354;4193377,411;6250;11;50,16923061;5;0,167230769;10,11;-49,14;2;-11,62573808;168,3742619;;;
07/09/2025 14:04;30,32;277954,155;4193713,437;3500cnr;12;59,02904121;5;0,196763471;10,755;-58,041;2;-10,49783975;169,5021603;;;
07/09/2025 14:04;30,44;277960,854;4193733,246;0530cnr;12;52,74628955;5;0,175820965;11,815;-51,406;2;-12,94389334;167,0561067;;;
07/09/2025 14:05;29,98;276716,381;4193330,552;930;11;50,88759151;5;0,169625305;8,319;-50,203;2;-9,408827875;170,5911721;;;
07/09/2025 14:06;30,31;277974,97;4193701,768;3680cnr;12;53,58384705;5;0,178612824;25,133;-47,324;2;-27,97203809;152,0279619;;;
07/09/2025 14:08;30,84;276351,396;4193669,225;540;10;63,55680188;5;0,211856006;11,504;-62,507;2;-10,428213;169,571787;;;
07/09/2025 14:08;30,21;276472,402;4193812,526;1520;10;53,87455164;5;0,179581839;6,467;-53,485;2;-6,89430271;173,1056973;;;
07/09/2025 14:08;30,02;276757,07;4193305,013;2520;11;55,2527147;5;0,184175716;8,199;-54,641;2;-8,533688296;171,4663117;;;
07/09/2025 14:09;30,62;276386,619;4193669,376;7510;10;53,82206332;5;0,179406878;11,776;-52,518;2;-12,63826922;167,3617308;;;
07/09/2025 14:09;29,99;276757,644;4193326,098;6250;11;51,97834231;5;0,173261141;8,29;-51,313;2;-9,177266423;170,8227336;;;
07/09/2025 14:09;30,29;277964,091;4193657,639;3500cnr;12;56,67575231;5;0,188919174;9,936;-55,798;2;-10,09687722;169,9031228;;;
07/09/2025 14:10;32,8;276306,21;4193820,387;7520;altri;37,45935975;5;0,124864533;-32,217;-19,112;3;59,32243012;239,3224301;;;
07/09/2025 14:10;30,02;276718,572;4193281,627;930;11;48,97403502;5;0,163246783;2,191;-48,925;2;-2,56415398;177,435846;;;
07/09/2025 14:10;30,37;277972,82;4193687,389;0530cnr;12;47,39250579;5;0,157975019;11,966;-45,857;2;-14,62473946;165,3752605;;;
07/09/2025 14:12;30,34;277984,937;4193647,08;3680cnr;12;55,58883371;5;0,185296112;9,967;-54,688;2;-10,32890785;169,6710921;;;
07/09/2025 14:13;31,53;276350,367;4193631,493;540;10;37,74602847;5;0,125820095;-1,029;-37,732;3;1,562142151;181,5621422;;;
07/09/2025 14:13;30,31;276479,93;4193765,676;1520;10;47,45095662;5;0,158169855;7,528;-46,85;2;-9,128430797;170,8715692;;;
07/09/2025 14:13;30;276755,621;4193251,744;2520;11;53,28870389;5;0,177629013;-1,449;-53,269;3;1,558150463;181,5581505;;;
07/09/2025 14:14;30,71;276389,415;4193610,438;7510;10;59,0042834;5;0,196680945;2,796;-58,938;2;-2,716057286;177,2839427;;;
07/09/2025 14:14;30,02;276759,654;4193270,514;6250;11;55,62033042;5;0,185401101;2,01;-55,584;2;-2,070998089;177,9290019;;;
07/09/2025 14:14;30,37;277978,427;4193601,723;3500cnr;12;57,72451777;5;0,192415059;14,336;-55,916;2;-14,38001402;165,619986;;;
07/09/2025 14:15;33,46;276392,056;4193933,548;7520;altri;142,0385428;5;0,473461809;85,846;113,161;1;37,1846178;37,1846178;;;
07/09/2025 14:15;30,38;277982,727;4193630,481;0530cnr;12;57,76390839;5;0,192546361;9,907;-56,908;2;-9,875536729;170,1244633;;;
07/09/2025 14:16;29,97;276717,123;4193228,358;930;11;53,28870389;5;0,177629013;-1,449;-53,269;3;1,558150463;181,5581505;;;
07/09/2025 14:17;30,39;277988,714;4193591,449;3680cnr;12;55,75907002;5;0,185863567;3,777;-55,631;2;-3,884067568;176,1159324;;;
07/09/2025 14:19;31,83;276351,794;4193619,238;540;altri;2690,90424;5;8,9696808;486,781;-2646,509;2;-10,4221092;169,5778908;;;
07/09/2025 14:19;30,76;276397,702;4193559,125;7510;10;51,97786392;5;0,173259546;8,287;-51,313;2;-9,174001819;170,8259982;;;
07/09/2025 14:19;30,27;276488,218;4193714,363;1520;10;51,97802337;5;0,173260078;8,288;-51,313;2;-9,175090027;170,82491;;;
07/09/2025 14:19;29,88;276763,911;4193200,431;2520;11;51,97834231;5;0,173261141;8,29;-51,313;2;-9,177266423;170,8227336;;;
07/09/2025 14:19;29,88;276774,953;4193217,901;6250;11;54,79221815;5;0,182640727;15,299;-52,613;2;-16,21356684;163,7864332;;;
07/09/2025 14:20;31,25;276448,529;4193776,527;7520;altri;166,8675947;5;0,556225316;56,473;-157,021;2;-19,78124999;160,21875;;;
07/09/2025 14:20;30,47;277980,355;4193542,81;3500cnr;12;58,94453964;5;0,196481799;1,928;-58,913;2;-1,874405506;178,1255945;;;
07/09/2025 14:20;30,48;277986,504;4193574,85;0530cnr;12;55,75907002;5;0,185863567;3,777;-55,631;2;-3,884067568;176,1159324;;;
07/09/2025 14:21;29,94;276725,594;4193183,704;930;11;45,45038566;5;0,151501286;8,471;-44,654;2;-10,74154502;169,258455;;;
07/09/2025 14:22;30,48;278000,411;4193535,604;3680cnr;12;57,05684739;5;0,190189491;11,697;-55,845;2;-11,82985433;168,1701457;;;
07/09/2025 14:24;31,91;276355,162;4193613,593;540;altri;6,573389461;5;0,021911298;3,368;-5,645;2;-30,82174688;149,1782531;;;
07/09/2025 14:24;30,63;276405,079;4193506,727;7510;10;52,91474778;5;0,176382493;7,377;-52,398;2;-8,013876439;171,9861236;;;
07/09/2025 14:24;30,26;276496,415;4193659,721;1520;10;55,25340689;5;0,184178023;8,197;-54,642;2;-8,531483454;171,4685165;;;
07/09/2025 14:24;29,91;276771,261;4193146,923;2520;11;54,01044866;5;0,180034829;7,35;-53,508;2;-7,821352104;172,1786479;;;
07/09/2025 14:25;29,89;276777,843;4193162,293;6250;11;55,68304737;5;0,185610158;2,89;-55,608;2;-2,975038908;177,0249611;;;
07/09/2025 14:25;30,52;277992,111;4193489,184;3500cnr;12;54,89946641;5;0,182998221;11,756;-53,626;2;-12,36489441;167,6351056;;;
07/09/2025 14:25;30,56;277998,351;4193524,554;0530cnr;12;51,67242035;5;0,172241401;11,847;-50,296;2;-13,25417054;166,7458295;;;
07/09/2025 14:26;30,77;276535,772;4193585,35;7520;altri;210,1427762;5;0,700475921;87,243;-191,177;2;-24,52943032;155,4705697;;;
07/09/2025 14:26;29,98;276725,633;4193120,4;930;11;63,30401201;5;0,211013373;0,039;-63,304;2;-0,035298482;179,9647015;;;
07/09/2025 14:27;30,48;278012,047;4193477,539;3680cnr;12;59,21942858;5;0,197398095;11,636;-58,065;2;-11,33175322;168,6682468;;;
07/09/2025 14:29;31,9;276348,124;4193613,785;540;altri;7,040618439;5;0,023468728;-7,038;0,192;4;-88,43733136;181,5626686;;;
07/09/2025 14:29;30,27;276500,212;4193605,199;1520;10;54,65405468;5;0,182180182;3,797;-54,522;2;-3,98373847;176,0162615;;;
07/09/2025 14:29;30,11;276773,302;4193092,449;2520;11;54,51222209;5;0,181707407;2,041;-54,474;2;-2,145721102;177,8542789;;;
07/09/2025 14:30;30,33;276398,319;4193452,492;7510;10;54,65466883;5;0,182182229;-6,76;-54,235;3;7,104861925;187,1048619;;;
07/09/2025 14:30;29,95;276779,883;4193107,818;6250;11;54,51318396;5;0,181710613;2,04;-54,475;2;-2,144631442;177,8553686;;;
07/09/2025 14:30;30,55;278000,168;4193428,995;3500cnr;12;60,72586739;5;0,202419558;8,057;-60,189;2;-7,624383957;172,375616;;;
07/09/2025 14:30;30,62;278002,919;4193465,57;0530cnr;12;59,16061933;5;0,197202064;4,568;-58,984;2;-4,428416916;175,5715831;;;
07/09/2025 14:31;32,05;276590,861;4193377,281;7520;altri;215,2382556;5;0,717460852;55,089;-208,069;2;-14,82954527;165,1704547;;;
07/09/2025 14:31;30,05;276726,064;4193071,522;930;11;48,87990021;5;0,162933001;0,431;-48,878;2;-0,505213817;179,4947862;;;
07/09/2025 14:32;30,59;278021,864;4193417,303;3680cnr;12;61,03072329;5;0,203435744;9,817;-60,236;2;-9,25643469;170,7435653;;;
07/09/2025 14:34;30,24;276344,486;4193577,234;540;10;54,57678299;20;0,045480652;-5,881;-54,259;3;6,186000422;186,1860004;;;
07/09/2025 14:34;30,34;276503,191;4193552,92;1520;10;52,36380699;5;0,174546023;2,979;-52,279;2;-3,261342936;176,7386571;;;
07/09/2025 14:34;30,16;276774,402;4193035,779;2520;11;56,68067484;5;0,188935583;1,1;-56,67;2;-1,112007126;178,8879929;;;
07/09/2025 14:35;30,14;276393,288;4193397,099;7510;10;55,62099792;5;0,185403326;-5,031;-55,393;3;5,189579292;185,1895793;;;
07/09/2025 14:35;30,05;276788,083;4193053,177;6250;11;55,2528631;5;0,18417621;8,2;-54,641;2;-8,53471379;171,4652862;;;
07/09/2025 14:35;30,59;278009,105;4193368,783;3500cnr;12;60,8716265;5;0,202905422;8,937;-60,212;2;-8,442521734;171,5574783;;;
07/09/2025 14:35;30,65;278009,946;4193399,856;0530cnr;12;66,08864142;5;0,220295471;7,027;-65,714;2;-6,103620007;173,89638;;;
07/09/2025 14:36;30,65;276664,581;4193174,258;7520;altri;215,993002;5;0,719976673;73,72;-203,023;2;-19,95654516;160,0434548;;;
07/09/2025 14:37;30,16;276732,444;4193014,709;930;11;57,17010905;5;0,19056703;6,38;-56,813;2;-6,407371046;173,592629;;;
07/09/2025 14:37;30,57;278024,672;4193358,366;3680cnr;12;59,00385439;5;0,196679515;2,808;-58,937;2;-2,727742828;177,2722572;;;
07/09/2025 14:39;30,11;276343,065;4193525,075;540;10;52,178353;5;0,173927843;-1,421;-52,159;3;1,560558458;181,5605585;;;
07/09/2025 14:39;30,24;276505,26;4193499,555;1520;10;53,40509326;5;0,178016978;2,069;-53,365;2;-2,220287147;177,7797129;;;
07/09/2025 14:39;30,29;276770,344;4192983,692;2520;11;52,24483642;5;0,174149455;-4,058;-52,087;3;4,45480766;184,4548077;;;
07/09/2025 14:40;30,08;276395,386;4193344,845;7510;10;52,29610043;5;0,174320335;2,098;-52,254;2;-2,299192709;177,7008073;;;
07/09/2025 14:40;30,6;278012,064;4193315,395;3500cnr;12;53,46993758;5;0,178233125;2,959;-53,388;2;-3,17234081;176,8276592;;;
07/09/2025 14:41;30,57;276708,933;4192992,026;7520;altri;187,5515975;5;0,625171992;44,352;-182,232;2;-13,67881633;166,3211837;;;
07/09/2025 14:41;30,27;276788,334;4192997,641;6250;11;55,53656721;5;0,185121891;0,251;-55,536;2;-0,25895172;179,7410483;;;
07/09/2025 14:41;30,62;278010,994;4193340,967;0530cnr;12;58,89832447;5;0,196327748;1,048;-58,889;2;-1,019539119;178,9804609;;;
07/09/2025 14:42;30,25;276728,446;4192964,841;930;11;50,02800644;5;0,166760021;-3,998;-49,868;3;4,583693585;184,5836936;;;
07/09/2025 14:42;30,72;278014,094;4193325,335;3680cnr;12;34,6834405;5;0,115611468;-10,578;-33,031;3;17,75738445;197,7573845;;;
07/09/2025 14:44;30,52;276345,982;4193470,577;540;10;54,57601023;5;0,181920034;2,917;-54,498;2;-3,063827232;176,9361728;;;
07/09/2025 14:44;30,23;276505,599;4193447,349;1520;10;52,20710064;5;0,174023669;0,339;-52,206;2;-0,372045287;179,6279547;;;
07/09/2025 14:44;30,44;276778,634;4192932,38;2520;11;51,97735511;5;0,17325785;8,29;-51,312;2;-9,177442231;170,8225578;;;
07/09/2025 14:45;30,08;276401,064;4193294,713;7510;10;50,45252331;5;0,168175078;5,678;-50,132;2;-6,461839718;173,5381603;;;
07/09/2025 14:45;30,59;278000,025;4193293,509;3500cnr;12;24,97868125;5;0,083262271;-12,039;-21,886;3;28,81421049;208,8142105;;;
07/09/2025 14:46;30,05;276788,966;4192826,593;7520;altri;183,7752937;5;0,612584312;80,033;-165,433;2;-25,81671895;154,183281;;;
07/09/2025 14:46;30,34;276798,354;4192945,171;6250;11;53,41817387;5;0,17806058;10,02;-52,47;2;-10,81139163;169,1886084;;;
07/09/2025 14:46;30,7;278000,145;4193297,948;0530cnr;12;44,36592343;5;0,147886411;-10,849;-43,019;3;14,15432726;194,1543273;;;
07/09/2025 14:47;30,4;276737,922;4192892,395;930;11;73,06310623;5;0,243543687;9,476;-72,446;2;-7,452031511;172,5479685;;;
07/09/2025 14:48;30,73;278002,265;4193311,218;3680cnr;altri;1532,881086;45;0,567733735;409,893;-1477,062;2;-15,50963328;164,4903667;;;
07/09/2025 14:49;30,16;276500,569;4193391,956;1520;10;55,62090748;5;0,185403025;-5,03;-55,393;3;5,188553403;185,1885534;;;
07/09/2025 14:50;30,23;276336,975;4193430,841;540;10;40,74402711;5;0,135813424;-9,007;-39,736;3;12,77148028;192,7714803;;;
07/09/2025 14:50;30,04;276398,095;4193250,371;7510;10;44,44128627;5;0,148137621;-2,969;-44,342;3;3,830626401;183,8306264;;;
07/09/2025 14:50;30,41;276785,075;4192877,786;2520;11;54,97264153;5;0,183242138;6,441;-54,594;2;-6,728651655;173,2713483;;;
07/09/2025 14:50;30,63;277993,836;4193292,566;3500cnr;altri;1429,824973;50;0,476608324;456,338;-1355,048;2;-18,61192405;161,3880759;;;
07/09/2025 14:51;30,42;276796,906;4192891,902;6250;11;53,28867671;5;0,177628922;-1,448;-53,269;3;1,557075664;181,5570757;;;
07/09/2025 14:51;29,79;276848,614;4192656,163;7520;altri;180,5665218;5;0,601888406;59,648;-170,43;2;-19,28929748;160,7107025;;;
07/09/2025 14:51;30,62;277991,837;4193283,735;0530cnr;altri;1439,925846;50;0,479975282;432,955;-1373,294;2;-17,49837065;162,5016293;;;
07/09/2025 14:52;30,47;276742,603;4192837,849;930;11;54,74648735;5;0,182488291;4,681;-54,546;2;-4,904961601;175,0950384;;;
07/09/2025 14:53;30,66;277996,476;4193292,495;3680cnr;altri;19,59753173;5;0,065325106;-5,789;-18,723;3;17,18118537;197,1811854;;;
07/09/2025 14:55;30,15;276341,742;4193379,624;540;10;51,43836485;5;0,171461216;4,767;-51,217;2;-5,31746024;174,6825398;;;
07/09/2025 14:55;30,01;276401,013;4193195,872;7510;10;54,57706226;5;0,181923541;2,918;-54,499;2;-3,064819435;176,9351806;;;
07/09/2025 14:55;30,05;276497,6;4193347,613;1520;10;44,44228403;5;0,148140947;-2,969;-44,343;3;3,830540272;183,8305403;;;
07/09/2025 14:55;30,42;276787,236;4192827,751;2520;11;50,0816448;5;0,166938816;2,161;-50,035;2;-2,473054432;177,5269456;;;
07/09/2025 14:56;30,47;276799,067;4192841,867;6250;11;50,0816448;5;0,166938816;2,161;-50,035;2;-2,473054432;177,5269456;;;
07/09/2025 14:56;31,95;277090,286;4192508,553;7520;altri;283,1855711;5;0,943951904;241,672;-147,61;2;-58,58397711;121,4160229;;;
07/09/2025 14:56;30,59;277998,026;4193284,679;3500cnr;altri;8,930894076;5;0,029769647;4,19;-7,887;2;-27,97965144;152,0203486;;;
07/09/2025 14:57;30,62;277997,875;4193279,13;0530cnr;altri;7,593646621;5;0,025312155;6,038;-4,605;2;-52,66832953;127,3316705;;;
07/09/2025 14:58;30,5;276742,793;4192780,094;930;11;57,75531253;5;0,192517708;0,19;-57,755;2;-0,188488596;179,8115114;;;
07/09/2025 14:58;30,55;277999,935;4193290,18;3680cnr;altri;4,162199659;5;0,013873999;3,459;-2,315;2;-56,20684829;123,7931517;;;
07/09/2025 15:00;30,08;276344,112;4193337,357;540;10;42,33339331;5;0,141111311;2,37;-42,267;2;-3,209334768;176,7906652;;;
07/09/2025 15:00;30,06;276498,03;4193298,736;1520;10;48,87889145;5;0,162929638;0,43;-48,877;2;-0,504052;179,495948;;;
07/09/2025 15:00;30,48;276782,268;4192774,578;2520;11;53,40457802;5;0,17801526;-4,968;-53,173;3;5,337699383;185,3376994;;;
07/09/2025 15:01;29,88;276408,3;4193140,144;7510;10;56,20240522;5;0,187341351;7,287;-55,728;2;-7,449735869;172,5502641;;;
07/09/2025 15:01;30,49;276797,679;4192790,818;6250;11;51,06786607;5;0,17022622;-1,388;-51,049;3;1,557463484;181,5574635;;;
07/09/2025 15:01;30,55;277988,107;4193276,062;3500cnr;altri;13,13922562;5;0,043797419;-9,919;-8,617;3;49,01795311;229,0179531;;;
07/09/2025 15:02;32,31;277550,475;4192950,296;7520;altri;637,8955979;5;2,12631866;460,189;441,743;1;46,17163005;46,17163005;;;
07/09/2025 15:02;30,7;277986,647;4193287,208;0530cnr;altri;13,83192206;5;0,046106407;-11,228;8,078;4;-54,26682025;215,7331798;;;
07/09/2025 15:03;30,45;276746,684;4192728,901;930;11;51,34065767;5;0,171135526;3,891;-51,193;2;-4,346493799;175,6535062;;;
07/09/2025 15:03;30,63;277999,905;4193289,07;3680cnr;altri;1,110405332;5;0,003701351;-0,03;-1,11;3;1,548157697;181,5481577;;;
07/09/2025 15:05;30,05;276349,942;4193292,775;540;10;44,96157942;5;0,149871931;5,83;-44,582;2;-7,450307387;172,5496926;;;
07/09/2025 15:05;30,12;276503,769;4193250,824;1520;10;48,25449062;5;0,160848302;5,739;-47,912;2;-6,830465603;173,1695344;;;
07/09/2025 15:05;30,49;276790,589;4192724,375;2520;11;50,88791851;5;0,169626395;8,321;-50,203;2;-9,411049423;170,5889506;;;
07/09/2025 15:06;29,99;276416,648;4193091,051;7510;10;49,79770831;5;0,165992361;8,348;-49,093;2;-9,650529426;170,3494706;;;
07/09/2025 15:06;30,49;276811,31;4192741,581;6250;11;51,089004;5;0,17029668;13,631;-49,237;2;-15,47446456;164,5255354;;;
07/09/2025 15:06;30,73;277977,918;4193257,458;3500cnr;altri;21,21142468;5;0,070704749;-10,189;-18,604;3;28,70854737;208,7085474;;;
07/09/2025 15:07;32,2;277944,288;4193413,848;7520;altri;608,2508822;5;2,027502941;393,813;463,552;1;40,34973701;40,34973701;;;
07/09/2025 15:07;30,66;277989,957;4193279,344;0530cnr;altri;8,532209327;5;0,028440698;3,31;-7,864;2;-22,82648797;157,173512;;;
07/09/2025 15:08;30,45;276758,525;4192678,603;930;11;51,67299183;5;0,172243306;11,841;-50,298;2;-13,24718642;166,7528136;;;
07/09/2025 15:08;30,65;277998,086;4193286,898;3680cnr;altri;2,833080479;5;0,009443602;-1,819;-2,172;3;39,94539872;219,9453987;;;
07/09/2025 15:10;29,88;276361,748;4193241,366;540;10;52,74719819;5;0,175823994;11,806;-51,409;2;-12,93363571;167,0663643;;;
07/09/2025 15:10;30,12;276510,358;4193201,779;1520;10;49,48562363;5;0,164952079;6,589;-49,045;2;-7,651644331;172,3483557;;;
07/09/2025 15:10;30,47;276798,091;4192676,416;2520;11;48,54220519;5;0,161807351;7,502;-47,959;2;-8,890462346;171,1095377;;;
07/09/2025 15:11;30,09;276430,065;4193034,045;7510;10;58,56363996;5;0,195212133;13,417;-57,006;2;-13,24416123;166,7558388;;;
07/09/2025 15:11;30,48;276823,242;4192694,612;6250;11;48,4609078;5;0,161536359;11,932;-46,969;2;-14,25388885;165,7461112;;;
07/09/2025 15:11;30,86;277968,88;4193248,818;3500cnr;altri;12,5034013;5;0,041678004;-9,038;-8,64;3;46,28973122;226,2897312;;;
07/09/2025 15:12;31,86;277953,462;4193264,783;7520;altri;149,3470338;5;0,497823446;9,174;-149,065;2;-3,521747929;176,4782521;;;
07/09/2025 15:12;30,66;277989,987;4193280,454;0530cnr;altri;1,110405331;5;0,003701351;0,03;1,11;1;1,548157701;1,548157701;;;
07/09/2025 15:13;30,45;276770,365;4192628,304;930;11;51,67373609;5;0,172245787;11,84;-50,299;2;-13,24585304;166,754147;;;
07/09/2025 15:13;30,64;277998,146;4193289,118;3680cnr;altri;2,220810663;5;0,007402702;0,06;2,22;1;1,548157699;1,548157699;;;
07/09/2025 15:15;29,95;276368,337;4193192,32;540;10;49,48661473;5;0,164955382;6,589;-49,046;2;-7,65149017;172,3485098;;;
07/09/2025 15:15;30,16;276514,278;4193151,696;1520;10;50,2361751;5;0,167453917;3,92;-50,083;2;-4,475420539;175,5245795;;;
07/09/2025 15:15;30,45;276808,172;4192626,166;2520;11;51,25123473;5;0,170837449;10,081;-50,25;2;-11,3439156;168,6560844;;;
07/09/2025 15:16;30,15;276440,143;4192983,794;7510;10;51,25162519;5;0,170838751;10,078;-50,251;2;-11,34040743;168,6595926;;;
07/09/2025 15:16;30,83;277962,21;4193230,119;3500cnr;altri;19,85299728;5;0,066176658;-6,67;-18,699;3;19,63149871;199,6314987;;;
07/09/2025 15:17;30,51;276829,894;4192647,787;6250;11;47,29513431;5;0,157650448;6,652;-46,825;2;-8,085386481;171,9146135;;;
07/09/2025 15:17;30,77;277871,237;4193284,777;7520;altri;84,62098239;5;0,282069941;-82,225;19,994;4;-76,33308482;193,6669152;;;
07/09/2025 15:17;30,68;277986,527;4193282,768;0530cnr;altri;4,162474745;5;0,013874916;-3,46;2,314;4;-56,22594352;213,7740565;;;
07/09/2025 15:18;30,41;276773,437;4192579,355;930;11;49,04530339;5;0,163484345;3,072;-48,949;2;-3,591127322;176,4088727;;;
07/09/2025 15:18;30,55;277998,056;4193285,788;3680cnr;altri;3,331215994;5;0,011104053;-0,09;-3,33;3;1,5481577;181,5481577;;;
07/09/2025 15:20;30,08;276528,786;4193102,435;1520;10;51,3529764;5;0,171176588;14,508;-49,261;2;-16,41038141;163,5896186;;;
07/09/2025 15:21;29,91;276374,835;4193139,945;540;10;52,77655378;5;0,175921846;6,498;-52,375;2;-7,072365941;172,9276341;;;
08/07/2025 16:38:40;33,14;276859,446;4194511,657;3500cnr;6;49,81175373;5;0,166039179;40,593;-28,869;2;-54,58025751;125,4197425;check;check;o
08/07/2025 16:38:15;33,2;276859,446;4194511,657;3680cnr;6;49,81175373;5;0,166039179;40,593;-28,869;2;-54,58025751;125,4197425;check;check;o
07/09/2025 15:21;30,43;276799,896;4192580,857;2520;11;46,05863282;5;0,153528776;-8,276;-45,309;3;10,35135503;190,351355;;;
07/09/2025 15:22;30,47;276835,576;4192597,656;6250;11;50,45197999;5;0,168173267;5,682;-50,131;2;-6,466481266;173,5335187;;;
07/09/2025 15:22;29,58;277919,097;4193231,285;7520;altri;71,77725032;5;0,239257501;47,86;-53,492;2;-41,81941845;138,1805816;;;
07/09/2025 15:22;30,89;277969,438;4193204,38;3500cnr;altri;26,73462371;5;0,089115412;7,228;-25,739;2;-15,68575046;164,3142495;;;
07/09/2025 15:23;30,42;276777,389;4192530,382;930;11;49,13219955;5;0,163773999;3,952;-48,973;2;-4,613630265;175,3863697;;;
07/09/2025 15:23;30,72;277993,476;4193279,249;0530cnr;altri;7,789220885;5;0,02596407;6,949;-3,519;2;-63,1421728;116,8578272;;;
07/09/2025 15:24;30,35;277998,146;4193289,118;3680cnr;altri;3,331215994;5;0,011104053;0,09;3,33;1;1,5481577;1,5481577;;;
07/09/2025 15:26;29,95;276382,242;4193088,656;540;10;51,82108808;5;0,17273696;7,407;-51,289;2;-8,217665085;171,7823349;;;
07/09/2025 15:26;30,09;276524,968;4193059,226;1520;10;43,3773536;5;0,144591179;-3,818;-43,209;3;5,049610333;185,0496103;;;
07/09/2025 15:26;30,45;276815,226;4192529,353;2520;11;53,73705347;5;0,179123512;15,33;-51,504;2;-16,57546765;163,4245323;;;
07/09/2025 15:27;30,47;276847,447;4192548,468;6250;11;50,60019748;5;0,168667325;11,871;-49,188;2;-13,56827092;166,4317291;;;
07/09/2025 15:27;30,76;277953,631;4193205,918;3500cnr;altri;15,88164642;5;0,052938821;-15,807;1,538;4;-84,44269015;185,5573098;;;
07/09/2025 15:27;31,04;278053,702;4192966,659;7520;altri;296,8929536;5;0,989643179;134,605;-264,626;2;-26,96067807;153,0393219;;;
07/09/2025 15:28;30,48;276791,02;4192481,146;930;11;51,08804025;5;0,170293468;13,631;-49,236;2;-15,47476379;164,5252362;;;
07/09/2025 15:28;30,52;277993,506;4193280,359;0530cnr;altri;1,110405332;5;0,003701351;0,03;1,11;1;1,548157697;1,548157697;;;
07/09/2025 15:29;30,14;277998,086;4193286,898;3680cnr;altri;2,220810663;5;0,007402702;-0,06;-2,22;3;1,548157699;181,5481577;;;
07/09/2025 15:31;30,04;276387,041;4193038,549;540;10;50,33628761;5;0,167787625;4,799;-50,107;2;-5,470818696;174,5291813;;;
07/09/2025 15:31;30,05;276528,008;4193009,166;1520;10;50,15222029;5;0,167174068;3,04;-50,06;2;-3,475140442;176,5248596;;;
07/09/2025 15:31;30,45;276832,468;4192483,351;2520;11;49,12708589;5;0,163756953;17,242;-46,002;2;-20,54649005;159,4535099;;;
07/09/2025 15:32;30,13;276422,192;4192874,335;7510;10;65,02527143;10;0,108375452;-16,682;-62,849;3;14,8652366;194,8652366;;;
07/09/2025 15:32;30,44;276859,259;4192497,06;6250;11;52,74756684;5;0,175825223;11,812;-51,408;2;-12,94023084;167,0597692;;;
07/09/2025 15:32;30,69;277951,811;4193203,746;3500cnr;altri;2,83372264;5;0,009445742;-1,82;-2,172;3;39,96089995;219,9608999;;;
07/09/2025 15:32;32,51;278055,492;4192967,722;7520;altri;2,081842693;5;0,006939476;1,79;1,063;1;59,29584033;59,29584033;;;
07/09/2025 15:33;30,45;277996,146;4193280,287;0530cnr;altri;2,640981636;5;0,008803272;2,64;-0,072;2;-88,43777508;91,56222492;;;
07/09/2025 15:34;30,57;276804,561;4192428,58;930;11;54,2820692;5;0,180940231;13,541;-52,566;2;-14,44533665;165,5546633;;;
07/09/2025 15:34;29,73;277999,755;4193283,521;3680cnr;altri;3,766920493;5;0,012556402;1,669;-3,377;2;-26,29976334;153,7002367;;;
07/09/2025 15:36;30,41;276861,698;4192424,806;2520;11;65,43630433;5;0,218121014;29,23;-58,545;2;-26,531767;153,468233;;;
07/09/2025 15:37;30,12;276416,964;4192973,32;540;10;71,76495224;5;0,239216507;29,923;-65,229;2;-24,64270724;155,3572928;;;
07/09/2025 15:37;30,14;276443,196;4192804,907;7510;10;72,53561332;5;0,241785378;21,004;-69,428;2;-16,83210079;163,1678992;;;
07/09/2025 15:37;30,08;276551,255;4192957,447;1520;10;56,70342115;5;0,189011404;23,247;-51,719;2;-24,20328087;155,7967191;;;
07/09/2025 15:37;30,44;276867,611;4192447,967;6250;11;49,79837902;5;0,165994597;8,352;-49,093;2;-9,655066518;170,3449335;;;
07/09/2025 15:38;30,67;277944,502;4193193,949;3500cnr;altri;12,22303931;5;0,040743464;-7,309;-9,797;3;36,72458427;216,7245843;;;
07/09/2025 15:38;33,03;278053,672;4192965,55;7520;altri;2,83372264;5;0,009445742;-1,82;-2,172;3;39,96089995;219,9608999;;;
07/09/2025 15:39;30,45;276811,153;4192379,535;930;11;49,48602317;5;0,164953411;6,592;-49,045;2;-7,655086855;172,3449131;;;
07/09/2025 15:39;30,45;277993,446;4193278,139;0530cnr;altri;3,450203472;5;0,011500678;-2,7;-2,148;3;51,49580184;231,4958018;;;
07/09/2025 15:39;29,26;277999,845;4193286,851;3680cnr;altri;3,331215994;5;0,011104053;0,09;3,33;1;1,548157699;1,548157699;;;
07/09/2025 15:41;30,4;276871,81;4192375,665;2520;11;50,17061316;5;0,167235377;10,112;-49,141;2;-11,62774512;168,3722549;;;
07/09/2025 15:42;30,09;276415,664;4192925,6;540;10;47,73770418;5;0,159125681;-1,3;-47,72;3;1,56047979;181,5604798;;;
07/09/2025 15:42;30,19;276449,117;4192763,654;7510;10;41,67575134;5;0,138919171;5,921;-41,253;2;-8,167820988;171,832179;;;
07/09/2025 15:42;30,09;276555,145;4192906,254;1520;10;51,34058189;5;0,171135273;3,89;-51,193;2;-4,345381014;175,654619;;;
07/09/2025 15:42;30,43;276879,513;4192399,889;6250;11;49,52930131;5;0,165097671;11,902;-48,078;2;-13,90437705;166,095623;;;
07/09/2025 15:43;27,95;277938,073;4193184,128;3500cnr;altri;11,73814645;5;0,039127155;-6,429;-9,821;3;33,2094663;213,2094663;;;
07/09/2025 15:43;30,31;278159,879;4192920,477;7520;altri;115,3754834;5;0,384584945;106,207;-45,073;2;-67,00420409;112,9957959;;;
07/09/2025 15:44;30,39;276810,007;4192337,364;930;11;42,18656844;5;0,140621895;-1,146;-42,171;3;1,556633878;181,5566339;;;
07/09/2025 15:44;30,41;277997,815;4193276,91;0530cnr;altri;4,538568276;5;0,015128561;4,369;-1,229;2;-74,28870377;105,7112962;;;
07/09/2025 15:44;29,21;277999,905;4193289,07;3680cnr;altri;2,219811028;5;0,00739937;0,06;2,219;1;1,548855043;1,548855043;;;
07/09/2025 15:47;30,07;276418,945;4192884,419;540;10;41,31149624;5;0,137704987;3,281;-41,181;2;-4,555285106;175,4447149;;;
07/09/2025 15:47;30,16;276559,186;4192860,61;1520;10;45,82253176;5;0,152741773;4,041;-45,644;2;-5,059375831;174,9406242;;;
07/09/2025 15:47;30,37;276879,433;4192332,145;2520;11;44,18258174;5;0,147275272;7,623;-43,52;2;-9,935187189;170,0648128;;;
07/09/2025 15:48;30,15;276460,956;4192713,355;7510;10;51,67350696;5;0,172245023;11,839;-50,299;2;-13,24477374;166,7552263;;;
07/09/2025 15:48;30,34;276893,206;4192352,872;6250;11;48,97036387;5;0,163234546;13,693;-47,017;2;-16,23741293;163,7625871;;;
07/09/2025 15:48;29,24;277938,103;4193185,237;3500cnr;altri;1,109405697;5;0,003698019;0,03;1,109;1;1,549553014;1,549553014;;;
07/09/2025 15:48;31,55;278051,942;4192966,707;7520;altri;117,4206492;5;0,391402164;-107,937;46,23;4;-66,81428784;203,1857122;;;
07/09/2025 15:49;30,34;276814,201;4192297,269;930;11;40,31375275;5;0,134379176;4,194;-40,095;2;-5,971512668;174,0284873;;;
07/09/2025 15:49;26,69;277944,292;4193186,181;0530cnr;altri;105,3397502;5;0,351132501;-53,523;-90,729;3;30,53727412;210,5372741;;;
07/09/2025 15:50;26,34;277923,914;4193148,972;3680cnr;altri;159,3803052;5;0,531267684;-75,991;-140,098;3;28,47598716;208,4759872;;;
07/09/2025 15:52;30,19;276423,166;4192845,433;540;10;39,21383732;5;0,130712791;4,221;-38,986;2;-6,179322846;173,8206772;;;
07/09/2025 15:52;30,16;276567,596;4192813,736;1520;10;47,62247343;5;0,158741578;8,41;-46,874;2;-10,17162423;169,8283758;;;
07/09/2025 15:52;30,29;276878,287;4192289,974;2520;11;42,18656844;5;0,140621895;-1,146;-42,171;3;1,556633878;181,5566339;;;
07/09/2025 15:53;30,2;276469,426;4192668,7;7510;10;45,45118178;5;0,151503939;8,47;-44,655;2;-10,74007156;169,2599284;;;
07/09/2025 15:53;30,25;276898,099;4192306,095;6250;11;47,03221426;5;0,156774048;4,893;-46,777;2;-5,971576037;174,028424;;;
07/09/2025 15:53;27,13;277984,782;4193022,941;3500cnr;altri;168,875459;5;0,562918197;46,679;-162,296;2;-16,04610603;163,953894;;;
07/09/2025 15:53;31,56;278047,693;4192972,375;7520;altri;7,083800181;5;0,023612667;-4,249;5,668;4;-36,85695639;233,1430436;;;
07/09/2025 15:54;30,32;276821,004;4192255,993;930;11;41,83286967;5;0,139442899;6,803;-41,276;2;-9,359195816;170,6408042;;;
07/09/2025 15:54;27,75;278026,326;4192996,275;0530cnr;altri;206,8667832;5;0,689555944;82,034;-189,906;2;-23,36297351;156,6370265;;;
07/09/2025 15:55;27,98;278028,146;4192998,446;3680cnr;altri;183,0911972;5;0,610303991;104,232;-150,526;2;-34,70073482;145,2992652;;;
07/09/2025 15:57;30,13;276429,997;4192805,266;540;10;40,74371669;5;0,135812389;6,831;-40,167;2;-9,65166371;170,3483363;;;
07/09/2025 15:57;30,29;276576,157;4192772,411;1520;10;42,20244479;5;0,140674816;8,561;-41,325;2;-11,7039935;168,2960065;;;
07/09/2025 15:57;30,19;276881,541;4192247,684;2520;11;42,41500461;5;0,141383349;3,254;-42,29;2;-4,399948609;175,6000514;;;
07/09/2025 15:58;30,2;276473,527;4192625,276;7510;10;43,61722111;5;0,145390737;4,101;-43,424;2;-5,395061135;174,6049389;;;
07/09/2025 15:58;30,17;276900,412;4192261,608;6250;11;44,547089;5;0,148490297;2,313;-44,487;2;-2,976283307;177,0237167;;;
07/09/2025 15:58;31,41;277867,65;4193087,192;7520;altri;213,537878;5;0,711792927;-180,043;114,817;4;-57,47353264;212,5264674;;;
07/09/2025 15:58;26,77;277880,608;4193077,957;3500cnr;altri;117,8090936;5;0,392696979;-104,174;55,016;4;-62,1607301;207,8392699;;;
07/09/2025 15:59;30,34;276819,948;4192217,151;930;11;38,85635212;5;0,129521174;-1,056;-38,842;3;1,557320498;181,5573205;;;
07/09/2025 15:59;28,05;277801,625;4193217,806;0530cnr;altri;315,5416349;5;1,05180545;-224,701;221,531;4;-45,40701825;224,5929818;;;
07/09/2025 16:00;28,1;277698,75;4193190,606;3680cnr;altri;381,3491713;5;1,271163904;-329,396;192,16;4;-59,74196224;210,2580378;;;
07/09/2025 16:02;30,2;276437,618;4192761,746;540;10;44,18223671;5;0,147274122;7,621;-43,52;2;-9,932632473;170,0673675;;;
07/09/2025 16:02;30,3;276573,129;4192725,849;1520;10;46,66035392;5;0,155534513;-3,028;-46,562;3;3,720795233;183,7207952;;;
07/09/2025 16:02;30,2;276880,335;4192203,293;2520;11;44,40737908;5;0,148024597;-1,206;-44,391;3;1,556209985;181,55621;;;
07/09/2025 16:03;30,18;276905,547;4192223,709;6250;11;38,24529286;5;0,12748431;5,135;-37,899;2;-7,71611414;172,2838859;;;
07/09/2025 16:03;29,69;277377,976;4192726,194;7520;altri;608,3585968;5;2,027861989;-489,674;-360,998;3;53,60157742;233,6015774;;;
07/09/2025 16:03;28,37;277386,376;4192743,735;3500cnr;altri;596,6318925;5;1,988772975;-494,232;-334,222;3;55,93166661;235,9316666;;;
07/09/2025 16:04;30,27;276468,648;4192575,432;7510;10;50,08222217;5;0,166940741;-4,879;-49,844;3;5,590610257;185,5906103;;;
07/09/2025 16:04;30,3;276824,112;4192175,946;930;11;41,41486353;5;0,138049545;4,164;-41,205;2;-5,770474965;174,229525;;;
07/09/2025 16:04;30,54;277336,347;4192587,39;0530cnr;altri;783,5227823;5;2,611742608;-465,278;-630,416;3;36,4291491;216,4291491;;;
07/09/2025 16:05;32,17;277292,16;4192484,194;3680cnr;altri;815,0664647;5;2,716888216;-406,59;-706,412;3;29,92346671;209,9234667;;;
07/09/2025 16:08;30,17;276440,657;4192711,686;540;10;50,15215968;5;0,167173866;3,039;-50,06;2;-3,474000104;176,5259999;;;
07/09/2025 16:08;30,26;276571,83;4192678,129;1520;10;47,73767695;5;0,15912559;-1,299;-47,72;3;1,559280014;181,55928;;;
07/09/2025 16:08;28,3;276887,726;4192280,833;3500cnr;altri;680,3896561;5;2,26796552;-498,65;-462,902;3;47,12912735;227,1291273;;;
07/09/2025 16:08;30,23;276888,109;4192165,322;2520;11;38,75863668;5;0,129195456;7,774;-37,971;2;-11,57056503;168,429435;;;
07/09/2025 16:08;30,19;276921,211;4192184,413;6250;11;42,30291375;5;0,141009713;15,664;-39,296;2;-21,73299905;158,2670009;;;
07/09/2025 16:09;30,23;276471,11;4192536,495;7510;10;39,01475891;5;0,130049196;2,462;-38,937;2;-3,618015418;176,3819846;;;
07/09/2025 16:09;28,95;276876,015;4192271,156;7520;altri;677,5134146;5;2,258378049;-501,961;-455,038;3;47,80704423;227,8070442;;;
07/09/2025 16:09;29,92;276922,971;4192184,365;0530cnr;altri;577,3290812;5;1,924430271;-413,376;-403,025;3;45,72640386;225,7264039;;;
07/09/2025 16:10;30,26;276830,916;4192134,67;930;11;41,83303231;5;0,139443441;6,804;-41,276;2;-9,360547214;170,6394528;;;
07/09/2025 16:10;30,8;276912,869;4192169,092;3680cnr;altri;493,1033696;5;1,643677899;-379,291;-315,102;3;50,28135613;230,2813561;;;
07/09/2025 16:13;30,17;276446,488;4192667,104;540;10;44,9617091;5;0,149872364;5,831;-44,582;2;-7,451570953;172,548429;;;
07/09/2025 16:13;30,27;276575,992;4192636,924;1520;10;41,41466249;5;0,138048875;4,162;-41,205;2;-5,767722054;174,2322779;;;
07/09/2025 16:13;27,79;276818,832;4192176,09;2520;altri;2575,761618;29;1,480322769;551,362;-2516,058;2;-12,36025945;167,6397406;;;
07/09/2025 16:13;27,42;276832,434;4192125,744;6250;altri;2521,455982;13;3,232635874;438,704;-2482,998;2;-10,0197925;169,9802075;;;
07/09/2025 16:14;30,2;276451,453;4192493,717;7510;10;47,07817895;5;0,156927263;-19,657;-42,778;3;24,67934395;204,679344;;;
07/09/2025 16:14;29,02;276845,031;4192103,19;7520;altri;170,7998402;5;0,569332801;-30,984;-167,966;3;10,45162654;190,4516265;;;
07/09/2025 16:14;28,29;276845,121;4192106,519;3500cnr;altri;179,4451354;5;0,598150451;-42,605;-174,314;3;13,73468993;193,7346899;;;
07/09/2025 16:15;28,68;276732,188;4192260,629;3680cnr;altri;202,5454175;5;0,675151392;-180,681;91,537;4;-63,13221571;206,8677843;;;
07/09/2025 16:15;28,08;276815,252;4192173,966;930;altri;1818,321412;16;1,894084804;117,067;-1814,549;2;-3,691364685;176,3086353;;;
07/09/2025 16:15;28,55;276823,75;4192162,629;0530cnr;altri;101,5739166;5;0,338579722;-99,221;-21,736;3;77,64360633;257,6436063;;;
07/09/2025 16:18;30,19;276447,039;4192622,665;540;10;44,4424158;5;0,148141386;0,551;-44,439;2;-0,71037505;179,2896249;;;
07/09/2025 16:18;28,55;276472,198;4192576,446;6250;altri;576,9768353;5;1,923256118;-360,236;450,702;4;-38,63456027;231,3654397;;;
07/09/2025 16:18;29,84;276497,599;4192539,105;2520;altri;484,7375893;5;1,615791964;-321,233;363,015;4;-41,50570623;228,4942938;;;
07/09/2025 16:18;30,25;276580,973;4192593,476;1520;10;43,73258585;5;0,145775286;4,981;-43,448;2;-6,539996173;173,4600038;;;
07/09/2025 16:19;30,12;276446,573;4192443,873;7510;10;50,08231959;5;0,166941065;-4,88;-49,844;3;5,591748848;185,5917488;;;
07/09/2025 16:19;29,65;276449,958;4192568,167;7520;altri;610,1526742;5;2,033842247;-395,073;464,977;4;-40,35327116;229,6467288;;;
07/09/2025 16:19;27,16;276457,178;4192574,634;3500cnr;altri;607,9732103;5;2,026577368;-387,943;468,115;4;-39,64971081;230,3502892;;;
07/09/2025 16:20;27,66;276432,702;4192484,232;930;altri;492,5540511;5;1,641846837;-382,55;310,266;4;-50,95632583;219,0436742;;;
07/09/2025 16:20;28,37;276434,552;4192487,514;0530cnr;altri;506,9766725;5;1,689922242;-389,198;324,885;4;-50,14638837;219,8536116;;;
07/09/2025 16:21;29,16;276438,593;4192441,87;3680cnr;altri;345,0309031;5;1,15010301;-293,595;181,241;4;-58,31228729;211,6877127;;;
07/09/2025 16:23;30,2;276447,711;4192582,666;540;10;40,00464454;5;0,133348815;0,672;-39,999;2;-0,962502611;179,0374974;;;
07/09/2025 16:23;28,53;276467,402;4192594,346;2520;altri;62,95575343;5;0,209852511;-30,197;55,241;4;-28,66282848;241,3371715;;;
07/09/2025 16:23;30,21;276586,805;4192548,893;1520;10;44,96283035;5;0,149876101;5,832;-44,583;2;-7,452669223;172,5473308;;;
07/09/2025 16:24;28,05;276523,445;4192582,825;6250;altri;51,64248881;5;0,172141629;51,247;6,379;1;82,9045704;82,9045704;;;
07/09/2025 16:24;27,95;276542,562;4192573,42;3500cnr;altri;85,39262996;5;0,2846421;85,384;-1,214;2;-89,18541659;90,81458341;;;
07/09/2025 16:24;29;276551,12;4192564,302;7520;altri;101,2358063;5;0,337452688;101,162;-3,865;2;-87,81201901;92,18798099;;;
07/09/2025 16:24;25,64;276563,926;4192549,516;7510;altri;407,3382881;2;3,394485734;125,052;-387,668;2;-17,87840295;162,121597;;;
07/09/2025 16:25;27,24;276586,201;4192526,698;930;altri;159,2648868;5;0,530882956;153,499;42,466;1;74,53572069;74,53572069;;;
07/09/2025 16:25;28,14;276588,081;4192531,089;0530cnr;altri;159,5930276;5;0,531976759;153,529;43,575;1;74,15485964;74,15485964;;;
07/09/2025 16:26;28,06;276619,242;4192543,568;3680cnr;altri;207,3078494;5;0,691026165;180,649;101,698;1;60,62226796;60,62226796;;;
07/09/2025 16:28;30,19;276437,854;4192544,064;540;10;39,84061813;5;0,13280206;-9,857;-38,602;3;14,32435058;194,3243506;;;
07/09/2025 16:28;26,43;276495,522;4192656,884;1520;altri;1290,157166;30;0,716753981;134,987;-1283,076;2;-6,005753952;173,994246;check;check;
07/09/2025 16:28;28,59;276495,522;4192656,884;2520;altri;68,56920478;5;0,228564016;28,12;62,538;1;24,21090527;24,21090527;check;check;
07/09/2025 16:29;28,85;276427,042;4192632,095;7520;altri;141,3903849;5;0,471301283;-124,078;67,793;4;-61,34895242;208,6510476;;;
07/09/2025 16:29;27,51;276437,205;4192649,587;3500cnr;altri;130,005805;5;0,433352683;-105,357;76,167;4;-54,1352533;215,8647467;;;
07/09/2025 16:29;28,77;276452,496;4192661,387;6250;altri;105,8572078;5;0,352857359;-70,949;78,562;4;-42,0850548;227,9149452;;;
07/09/2025 16:30;27,94;276429,934;4192544,279;930;altri;157,2528755;5;0,524176252;-156,267;17,581;4;-83,58086478;186,4191352;;;
07/09/2025 16:30;28,52;276434,243;4192540,83;0530cnr;altri;154,1460909;5;0,513820303;-153,838;9,741;4;-86,37687652;183,6231235;;;
07/09/2025 16:31;29,24;276433,79;4192524,184;3680cnr;altri;186,4622851;5;0,62154095;-185,452;-19,384;3;84,03294026;264,0329403;;;
07/09/2025 16:33;27,46;276469,267;4192468,799;540;altri;1151,376813;4;4,79740339;121,143;-1144,986;2;-6,039598232;173,9604018;;;
07/09/2025 16:33;26,26;276479,097;4192474,084;1520;altri;183,5364286;5;0,611788095;-16,425;-182,8;3;5,13436972;185,1343697;;;
07/09/2025 16:33;27,79;276482,496;4192469,549;2520;altri;187,7873236;5;0,625957745;-13,026;-187,335;3;3,977556207;183,9775562;;;
07/09/2025 16:34;27,83;276554,893;4192476,463;6250;altri;211,3812465;5;0,704604155;102,397;-184,924;2;-28,97438536;151,0256146;;;
07/09/2025 16:34;29,08;276581,171;4192471,306;3500cnr;altri;229,1513127;5;0,763837709;143,966;-178,281;2;-38,92167082;141,0783292;;;
07/09/2025 16:34;28,48;276595,858;4192460,911;7520;altri;240,4221365;5;0,801407122;168,816;-171,184;2;-44,6009582;135,3990418;;;
07/09/2025 16:35;27,33;276668,596;4192415,619;930;altri;271,1327089;5;0,903775696;238,662;-128,66;2;-61,6713923;118,3286077;;;
