Time(UTC),Level
01 Jul 2025 00:00:00,0.238
01 Jul 2025 00:01:15,0.232
01 Jul 2025 00:01:45,0.273
01 Jul 2025 00:02:30,0.247
01 Jul 2025 00:03:00,0.241
01 Jul 2025 00:03:45,0.252
01 Jul 2025 00:04:00,0.200
01 Jul 2025 00:04:45,0.284
01 Jul 2025 00:05:15,0.259
01 Jul 2025 00:05:45,0.273
01 Jul 2025 00:06:30,0.270
01 Jul 2025 00:07:00,0.285
01 Jul 2025 00:08:00,0.211
01 Jul 2025 00:08:15,0.225
01 Jul 2025 00:08:30,0.267
01 Jul 2025 00:08:45,0.237
01 Jul 2025 00:10:00,0.203
01 Jul 2025 00:10:15,0.240
01 Jul 2025 00:11:00,0.212
01 Jul 2025 00:11:45,0.228
01 Jul 2025 00:12:30,0.239
01 Jul 2025 00:12:45,0.258
01 Jul 2025 00:13:00,0.249
01 Jul 2025 00:14:00,0.257
01 Jul 2025 00:14:45,0.235
01 Jul 2025 00:15:00,0.278
01 Jul 2025 00:15:15,0.239
01 Jul 2025 00:15:30,0.223
01 Jul 2025 00:16:15,0.220
01 Jul 2025 00:17:00,0.273
01 Jul 2025 00:17:45,0.247
01 Jul 2025 00:18:30,0.259
01 Jul 2025 00:19:15,0.263
01 Jul 2025 00:19:30,0.278
01 Jul 2025 00:19:45,0.281
01 Jul 2025 00:20:15,0.226
01 Jul 2025 00:20:45,0.219
01 Jul 2025 00:21:45,0.285
01 Jul 2025 00:22:00,0.269
01 Jul 2025 00:23:00,0.241
01 Jul 2025 00:23:15,0.225
01 Jul 2025 00:23:30,0.228
01 Jul 2025 00:23:45,0.204
01 Jul 2025 00:24:15,0.228
01 Jul 2025 00:25:30,0.221
01 Jul 2025 00:25:45,0.220
01 Jul 2025 00:27:45,0.259
01 Jul 2025 00:28:00,0.245
01 Jul 2025 00:29:00,0.264
01 Jul 2025 00:29:15,0.215
01 Jul 2025 00:30:00,0.241
01 Jul 2025 00:30:30,0.278
01 Jul 2025 00:31:00,0.254
01 Jul 2025 00:32:00,0.247
01 Jul 2025 00:32:45,0.277
01 Jul 2025 00:33:00,0.233
01 Jul 2025 00:33:15,0.260
01 Jul 2025 00:33:30,0.246
01 Jul 2025 00:33:45,0.244
01 Jul 2025 00:34:00,0.257
01 Jul 2025 00:35:00,0.250
01 Jul 2025 00:35:15,0.262
01 Jul 2025 00:35:30,0.253
01 Jul 2025 00:36:00,0.231
01 Jul 2025 00:36:15,0.273
01 Jul 2025 00:36:30,0.212
01 Jul 2025 00:36:45,0.232
01 Jul 2025 00:37:45,0.262
01 Jul 2025 00:38:00,0.240
01 Jul 2025 00:39:45,0.223
01 Jul 2025 00:40:15,0.292
01 Jul 2025 00:40:30,0.275
01 Jul 2025 00:40:45,0.281
01 Jul 2025 00:41:00,0.252
01 Jul 2025 00:41:15,0.248
01 Jul 2025 00:41:30,0.258
01 Jul 2025 00:42:15,0.253
01 Jul 2025 00:42:30,0.239
01 Jul 2025 00:42:45,0.222
01 Jul 2025 00:43:00,0.208
01 Jul 2025 00:43:15,0.248
01 Jul 2025 00:44:30,0.228
01 Jul 2025 00:45:00,0.183
01 Jul 2025 00:45:30,0.192
01 Jul 2025 00:46:00,0.215
01 Jul 2025 00:47:00,0.269
01 Jul 2025 00:47:15,0.264
01 Jul 2025 00:47:30,0.259
01 Jul 2025 00:48:30,0.200
01 Jul 2025 00:49:15,0.199
01 Jul 2025 00:49:45,0.234
01 Jul 2025 00:50:15,0.211
01 Jul 2025 00:50:30,0.205
01 Jul 2025 00:51:00,0.233
01 Jul 2025 00:51:45,0.286
01 Jul 2025 00:52:15,0.237
01 Jul 2025 00:52:45,0.220
01 Jul 2025 00:53:30,0.237
01 Jul 2025 00:53:45,0.225
01 Jul 2025 00:54:00,0.206
01 Jul 2025 00:54:15,0.252
01 Jul 2025 00:54:30,0.249
01 Jul 2025 00:54:45,0.233
01 Jul 2025 00:55:00,0.219
01 Jul 2025 00:55:15,0.214
01 Jul 2025 00:55:30,0.237
01 Jul 2025 00:55:45,0.222
01 Jul 2025 00:56:00,0.248
01 Jul 2025 00:56:15,0.236
01 Jul 2025 00:56:45,0.205
01 Jul 2025 00:57:15,0.243
01 Jul 2025 00:57:30,0.224
01 Jul 2025 00:58:00,0.247
01 Jul 2025 00:58:30,0.221
01 Jul 2025 00:58:45,0.196
01 Jul 2025 00:59:00,0.213
01 Jul 2025 00:59:30,0.208
01 Jul 2025 00:59:45,0.188
01 Jul 2025 01:00:15,0.241
01 Jul 2025 01:00:45,0.218
01 Jul 2025 01:01:00,0.210
01 Jul 2025 01:01:45,0.231
01 Jul 2025 01:02:00,0.215
01 Jul 2025 01:02:45,0.244
01 Jul 2025 01:03:00,0.258
01 Jul 2025 01:03:45,0.244
01 Jul 2025 01:04:45,0.225
01 Jul 2025 01:05:15,0.220
01 Jul 2025 01:05:30,0.224
01 Jul 2025 01:05:45,0.242
01 Jul 2025 01:06:00,0.227
01 Jul 2025 01:06:45,0.205
01 Jul 2025 01:07:30,0.250
01 Jul 2025 01:08:15,0.236
01 Jul 2025 01:08:45,0.184
01 Jul 2025 01:09:00,0.233
01 Jul 2025 01:09:15,0.222
01 Jul 2025 01:09:45,0.221
01 Jul 2025 01:10:15,0.243
01 Jul 2025 01:10:30,0.215
01 Jul 2025 01:11:00,0.213
01 Jul 2025 01:11:30,0.232
01 Jul 2025 01:12:30,0.233
01 Jul 2025 01:13:00,0.247
01 Jul 2025 01:13:45,0.252
01 Jul 2025 01:14:15,0.212
01 Jul 2025 01:16:00,0.269
01 Jul 2025 01:16:15,0.227
01 Jul 2025 01:16:45,0.240
01 Jul 2025 01:17:30,0.223
01 Jul 2025 01:18:00,0.229
01 Jul 2025 01:19:15,0.249
01 Jul 2025 01:19:30,0.231
01 Jul 2025 01:20:00,0.263
01 Jul 2025 01:20:15,0.247
01 Jul 2025 01:20:45,0.229
01 Jul 2025 01:21:00,0.211
01 Jul 2025 01:21:15,0.215
01 Jul 2025 01:22:00,0.218
01 Jul 2025 01:24:15,0.201
01 Jul 2025 01:26:00,0.203
01 Jul 2025 01:27:00,0.228
01 Jul 2025 01:28:00,0.234
01 Jul 2025 01:28:15,0.220
01 Jul 2025 01:29:15,0.206
01 Jul 2025 01:30:15,0.189
01 Jul 2025 01:31:00,0.199
01 Jul 2025 01:31:45,0.222
01 Jul 2025 01:32:00,0.226
01 Jul 2025 01:32:30,0.208
01 Jul 2025 01:32:45,0.229
01 Jul 2025 01:33:15,0.231
01 Jul 2025 01:34:00,0.201
01 Jul 2025 01:34:30,0.215
01 Jul 2025 01:34:45,0.224
01 Jul 2025 01:35:45,0.235
01 Jul 2025 01:36:00,0.196
01 Jul 2025 01:36:30,0.196
01 Jul 2025 01:36:45,0.234
01 Jul 2025 01:37:45,0.187
01 Jul 2025 01:38:30,0.220
01 Jul 2025 01:39:15,0.187
01 Jul 2025 01:40:15,0.188
01 Jul 2025 01:40:30,0.221
01 Jul 2025 01:41:00,0.211
01 Jul 2025 01:41:15,0.237
01 Jul 2025 01:41:45,0.189
01 Jul 2025 01:43:45,0.203
01 Jul 2025 01:44:45,0.248
01 Jul 2025 01:45:00,0.188
01 Jul 2025 01:45:45,0.199
01 Jul 2025 01:46:00,0.204
01 Jul 2025 01:46:30,0.211
01 Jul 2025 01:47:00,0.237
01 Jul 2025 01:47:15,0.192
01 Jul 2025 01:47:30,0.197
01 Jul 2025 01:48:00,0.191
01 Jul 2025 01:48:15,0.179
01 Jul 2025 01:48:30,0.222
01 Jul 2025 01:49:00,0.216
01 Jul 2025 01:49:15,0.196
01 Jul 2025 01:49:30,0.188
01 Jul 2025 01:49:45,0.214
01 Jul 2025 01:50:00,0.203
01 Jul 2025 01:50:45,0.209
01 Jul 2025 01:51:00,0.189
01 Jul 2025 01:51:15,0.203
01 Jul 2025 01:51:45,0.203
01 Jul 2025 01:52:30,0.155
01 Jul 2025 01:52:45,0.236
01 Jul 2025 01:53:15,0.213
01 Jul 2025 01:53:30,0.188
01 Jul 2025 01:53:45,0.193
01 Jul 2025 01:54:00,0.176
01 Jul 2025 01:55:45,0.210
01 Jul 2025 01:56:00,0.191
01 Jul 2025 01:56:45,0.182
01 Jul 2025 01:57:15,0.174
01 Jul 2025 01:57:30,0.187
01 Jul 2025 01:58:00,0.203
01 Jul 2025 01:58:45,0.195
01 Jul 2025 01:59:00,0.221
01 Jul 2025 02:00:00,0.157
01 Jul 2025 02:00:30,0.177
01 Jul 2025 02:00:45,0.176
01 Jul 2025 02:02:00,0.196
01 Jul 2025 02:02:15,0.194
01 Jul 2025 02:02:30,0.194
01 Jul 2025 02:03:00,0.195
01 Jul 2025 02:03:15,0.213
01 Jul 2025 02:03:45,0.181
01 Jul 2025 02:04:00,0.215
01 Jul 2025 02:05:00,0.183
01 Jul 2025 02:05:15,0.187
01 Jul 2025 02:06:15,0.211
01 Jul 2025 02:07:15,0.177
01 Jul 2025 02:07:30,0.150
01 Jul 2025 02:08:00,0.201
01 Jul 2025 02:08:30,0.184
01 Jul 2025 02:09:00,0.165
01 Jul 2025 02:09:15,0.194
01 Jul 2025 02:10:00,0.142
01 Jul 2025 02:10:30,0.166
01 Jul 2025 02:10:45,0.209
01 Jul 2025 02:11:00,0.175
01 Jul 2025 02:11:15,0.172
01 Jul 2025 02:11:30,0.194
01 Jul 2025 02:12:00,0.172
01 Jul 2025 02:12:30,0.177
01 Jul 2025 02:13:00,0.197
01 Jul 2025 02:13:30,0.185
01 Jul 2025 02:13:45,0.166
01 Jul 2025 02:14:00,0.180
01 Jul 2025 02:14:15,0.197
01 Jul 2025 02:14:45,0.204
01 Jul 2025 02:16:30,0.196
01 Jul 2025 02:16:45,0.156
01 Jul 2025 02:17:00,0.165
01 Jul 2025 02:17:30,0.191
01 Jul 2025 02:17:45,0.203
01 Jul 2025 02:18:00,0.197
01 Jul 2025 02:19:00,0.157
01 Jul 2025 02:19:15,0.166
01 Jul 2025 02:19:30,0.176
01 Jul 2025 02:19:45,0.151
01 Jul 2025 02:20:30,0.172
01 Jul 2025 02:20:45,0.185
01 Jul 2025 02:21:00,0.194
01 Jul 2025 02:21:45,0.152
01 Jul 2025 02:22:45,0.187
01 Jul 2025 02:23:00,0.184
01 Jul 2025 02:24:15,0.207
01 Jul 2025 02:24:30,0.138
01 Jul 2025 02:24:45,0.159
01 Jul 2025 02:25:00,0.138
01 Jul 2025 02:25:15,0.173
01 Jul 2025 02:25:30,0.181
01 Jul 2025 02:26:30,0.174
01 Jul 2025 02:26:45,0.155
01 Jul 2025 02:27:00,0.153
01 Jul 2025 02:27:30,0.166
01 Jul 2025 02:27:45,0.134
01 Jul 2025 02:28:15,0.129
01 Jul 2025 02:28:45,0.175
01 Jul 2025 02:29:00,0.167
01 Jul 2025 02:29:45,0.166
01 Jul 2025 02:31:00,0.111
01 Jul 2025 02:31:15,0.167
01 Jul 2025 02:31:30,0.158
01 Jul 2025 02:32:15,0.132
01 Jul 2025 02:32:45,0.138
01 Jul 2025 02:33:00,0.184
01 Jul 2025 02:33:15,0.165
01 Jul 2025 02:33:30,0.141
01 Jul 2025 02:34:00,0.139
01 Jul 2025 02:35:00,0.153
01 Jul 2025 02:36:00,0.182
01 Jul 2025 02:36:15,0.202
01 Jul 2025 02:36:30,0.153
01 Jul 2025 02:36:45,0.144
01 Jul 2025 02:37:15,0.173
01 Jul 2025 02:37:30,0.196
01 Jul 2025 02:37:45,0.164
01 Jul 2025 02:38:15,0.161
01 Jul 2025 02:38:45,0.153
01 Jul 2025 02:39:00,0.164
01 Jul 2025 02:39:30,0.133
01 Jul 2025 02:40:00,0.108
01 Jul 2025 02:40:30,0.156
01 Jul 2025 02:40:45,0.104
01 Jul 2025 02:41:15,0.146
01 Jul 2025 02:41:30,0.095
01 Jul 2025 02:42:00,0.146
01 Jul 2025 02:42:45,0.153
01 Jul 2025 02:44:00,0.119
01 Jul 2025 02:45:15,0.107
01 Jul 2025 02:45:30,0.106
01 Jul 2025 02:45:45,0.163
01 Jul 2025 02:46:00,0.134
01 Jul 2025 02:46:30,0.133
01 Jul 2025 02:48:30,0.145
01 Jul 2025 02:49:30,0.141
01 Jul 2025 02:50:00,0.118
01 Jul 2025 02:50:15,0.149
01 Jul 2025 02:50:30,0.148
01 Jul 2025 02:50:45,0.154
01 Jul 2025 02:51:00,0.154
01 Jul 2025 02:51:15,0.154
01 Jul 2025 02:52:00,0.140
01 Jul 2025 02:52:15,0.127
01 Jul 2025 02:53:15,0.118
01 Jul 2025 02:54:15,0.139
01 Jul 2025 02:55:00,0.120
01 Jul 2025 02:55:15,0.128
01 Jul 2025 02:55:30,0.138
01 Jul 2025 02:56:00,0.146
01 Jul 2025 02:56:45,0.156
01 Jul 2025 02:57:45,0.121
01 Jul 2025 02:58:00,0.087
01 Jul 2025 02:58:30,0.169
01 Jul 2025 02:59:15,0.133
01 Jul 2025 03:00:15,0.149
01 Jul 2025 03:00:45,0.130
01 Jul 2025 03:01:00,0.109
01 Jul 2025 03:01:15,0.155
01 Jul 2025 03:01:30,0.133
01 Jul 2025 03:01:45,0.152
01 Jul 2025 03:02:15,0.122
01 Jul 2025 03:02:30,0.167
01 Jul 2025 03:03:00,0.123
01 Jul 2025 03:03:30,0.127
01 Jul 2025 03:03:45,0.096
01 Jul 2025 03:04:15,0.136
01 Jul 2025 03:04:45,0.083
01 Jul 2025 03:05:00,0.110
01 Jul 2025 03:05:45,0.124
01 Jul 2025 03:06:00,0.114
01 Jul 2025 03:06:15,0.155
01 Jul 2025 03:07:00,0.094
01 Jul 2025 03:07:30,0.122
01 Jul 2025 03:07:45,0.087
01 Jul 2025 03:08:45,0.159
01 Jul 2025 03:09:00,0.123
01 Jul 2025 03:09:15,0.119
01 Jul 2025 03:09:30,0.133
01 Jul 2025 03:10:00,0.146
01 Jul 2025 03:10:30,0.096
01 Jul 2025 03:10:45,0.120
01 Jul 2025 03:11:15,0.067
01 Jul 2025 03:11:30,0.143
01 Jul 2025 03:11:45,0.096
01 Jul 2025 03:12:15,0.106
01 Jul 2025 03:12:30,0.123
01 Jul 2025 03:13:30,0.106
01 Jul 2025 03:14:00,0.107
01 Jul 2025 03:14:15,0.130
01 Jul 2025 03:14:30,0.092
01 Jul 2025 03:15:00,0.142
01 Jul 2025 03:15:30,0.135
01 Jul 2025 03:15:45,0.123
01 Jul 2025 03:16:00,0.093
01 Jul 2025 03:16:30,0.119
01 Jul 2025 03:16:45,0.119
01 Jul 2025 03:17:00,0.115
01 Jul 2025 03:17:45,0.109
01 Jul 2025 03:18:15,0.110
01 Jul 2025 03:18:45,0.110
01 Jul 2025 03:19:15,0.099
01 Jul 2025 03:20:00,0.135
01 Jul 2025 03:20:45,0.110
01 Jul 2025 03:21:15,0.130
01 Jul 2025 03:21:45,0.103
01 Jul 2025 03:22:00,0.112
01 Jul 2025 03:22:15,0.119
01 Jul 2025 03:22:30,0.135
01 Jul 2025 03:23:15,0.124
01 Jul 2025 03:23:45,0.103
01 Jul 2025 03:24:00,0.117
01 Jul 2025 03:24:15,0.173
01 Jul 2025 03:24:30,0.102
01 Jul 2025 03:25:15,0.065
01 Jul 2025 03:25:30,0.073
01 Jul 2025 03:25:45,0.130
01 Jul 2025 03:26:00,0.131
01 Jul 2025 03:26:15,0.125
01 Jul 2025 03:27:15,0.113
01 Jul 2025 03:27:45,0.117
01 Jul 2025 03:28:15,0.123
01 Jul 2025 03:28:30,0.101
01 Jul 2025 03:28:45,0.102
01 Jul 2025 03:29:00,0.095
01 Jul 2025 03:29:30,0.098
01 Jul 2025 03:29:45,0.117
01 Jul 2025 03:30:00,0.105
01 Jul 2025 03:30:15,0.102
01 Jul 2025 03:30:30,0.101
01 Jul 2025 03:31:00,0.119
01 Jul 2025 03:31:45,0.136
01 Jul 2025 03:32:30,0.075
01 Jul 2025 03:32:45,0.123
01 Jul 2025 03:33:00,0.119
01 Jul 2025 03:33:15,0.095
01 Jul 2025 03:33:45,0.114
01 Jul 2025 03:34:00,0.100
01 Jul 2025 03:34:30,0.085
01 Jul 2025 03:34:45,0.116
01 Jul 2025 03:35:15,0.062
01 Jul 2025 03:35:30,0.112
01 Jul 2025 03:35:45,0.134
01 Jul 2025 03:37:15,0.092
01 Jul 2025 03:37:30,0.086
01 Jul 2025 03:38:00,0.082
01 Jul 2025 03:38:30,0.090
01 Jul 2025 03:39:00,0.076
01 Jul 2025 03:39:15,0.065
01 Jul 2025 03:39:30,0.131
01 Jul 2025 03:40:30,0.076
01 Jul 2025 03:40:45,0.060
01 Jul 2025 03:41:15,0.132
01 Jul 2025 03:41:30,0.077
01 Jul 2025 03:42:15,0.118
01 Jul 2025 03:42:30,0.123
01 Jul 2025 03:43:00,0.109
01 Jul 2025 03:43:15,0.108
01 Jul 2025 03:43:30,0.103
01 Jul 2025 03:43:45,0.068
01 Jul 2025 03:44:30,0.102
01 Jul 2025 03:45:15,0.092
01 Jul 2025 03:45:45,0.108
01 Jul 2025 03:46:00,0.068
01 Jul 2025 03:46:15,0.089
01 Jul 2025 03:46:45,0.100
01 Jul 2025 03:47:30,0.063
01 Jul 2025 03:48:00,0.084
01 Jul 2025 03:48:15,0.099
01 Jul 2025 03:48:30,0.082
01 Jul 2025 03:49:00,0.116
01 Jul 2025 03:49:15,0.099
01 Jul 2025 03:49:45,0.118
01 Jul 2025 03:50:15,0.081
01 Jul 2025 03:50:30,0.085
01 Jul 2025 03:51:15,0.070
01 Jul 2025 03:51:45,0.112
01 Jul 2025 03:52:00,0.044
01 Jul 2025 03:52:30,0.081
01 Jul 2025 03:52:45,0.076
01 Jul 2025 03:53:00,0.059
01 Jul 2025 03:53:15,0.081
01 Jul 2025 03:53:30,0.075
01 Jul 2025 03:53:45,0.065
01 Jul 2025 03:55:00,0.030
01 Jul 2025 03:55:15,0.092
01 Jul 2025 03:55:30,0.056
01 Jul 2025 03:55:45,0.073
01 Jul 2025 03:56:00,0.073
01 Jul 2025 03:57:00,0.085
01 Jul 2025 03:57:15,0.056
01 Jul 2025 03:57:30,0.075
01 Jul 2025 03:57:45,0.077
01 Jul 2025 03:58:15,0.052
01 Jul 2025 03:58:30,0.067
01 Jul 2025 03:59:00,0.075
01 Jul 2025 03:59:15,0.095
01 Jul 2025 04:00:00,0.079
01 Jul 2025 04:00:45,0.079
01 Jul 2025 04:01:00,0.102
01 Jul 2025 04:01:45,0.083
01 Jul 2025 04:02:30,0.066
01 Jul 2025 04:02:45,0.040
01 Jul 2025 04:03:00,0.013
01 Jul 2025 04:03:30,0.047
01 Jul 2025 04:04:30,0.062
01 Jul 2025 04:04:45,0.056
01 Jul 2025 04:05:15,0.066
01 Jul 2025 04:06:00,0.107
01 Jul 2025 04:06:45,0.031
01 Jul 2025 04:07:00,0.065
01 Jul 2025 04:07:15,0.062
01 Jul 2025 04:07:45,0.082
01 Jul 2025 04:08:30,0.058
01 Jul 2025 04:08:45,0.065
01 Jul 2025 04:09:00,0.061
01 Jul 2025 04:09:15,0.044
01 Jul 2025 04:09:30,0.038
01 Jul 2025 04:10:15,0.088
01 Jul 2025 04:10:30,0.054
01 Jul 2025 04:11:00,0.036
01 Jul 2025 04:11:15,0.091
01 Jul 2025 04:11:30,0.071
01 Jul 2025 04:11:45,0.017
01 Jul 2025 04:12:15,0.089
01 Jul 2025 04:12:30,0.072
01 Jul 2025 04:13:15,0.045
01 Jul 2025 04:13:30,0.086
01 Jul 2025 04:13:45,0.084
01 Jul 2025 04:14:00,0.104
01 Jul 2025 04:14:30,0.085
01 Jul 2025 04:14:45,0.060
01 Jul 2025 04:15:30,0.066
01 Jul 2025 04:15:45,0.075
01 Jul 2025 04:16:00,0.029
01 Jul 2025 04:16:15,0.051
01 Jul 2025 04:16:30,0.054
01 Jul 2025 04:17:15,0.080
01 Jul 2025 04:17:30,0.112
01 Jul 2025 04:17:45,0.072
01 Jul 2025 04:18:00,0.043
01 Jul 2025 04:18:30,0.038
01 Jul 2025 04:19:30,0.049
01 Jul 2025 04:20:00,0.068
01 Jul 2025 04:20:30,0.068
01 Jul 2025 04:21:00,0.026
01 Jul 2025 04:21:30,0.102
01 Jul 2025 04:22:45,0.077
01 Jul 2025 04:24:15,0.048
01 Jul 2025 04:24:45,0.036
01 Jul 2025 04:25:15,0.064
01 Jul 2025 04:25:45,0.046
01 Jul 2025 04:26:15,0.048
01 Jul 2025 04:26:45,0.015
01 Jul 2025 04:27:00,0.072
01 Jul 2025 04:27:15,0.050
01 Jul 2025 04:27:30,0.060
01 Jul 2025 04:27:45,0.050
01 Jul 2025 04:28:15,0.027
01 Jul 2025 04:28:30,0.086
01 Jul 2025 04:28:45,0.054
01 Jul 2025 04:29:00,0.068
01 Jul 2025 04:29:15,0.024
01 Jul 2025 04:29:45,0.076
01 Jul 2025 04:30:00,0.042
01 Jul 2025 04:30:45,0.040
01 Jul 2025 04:31:00,0.038
01 Jul 2025 04:31:15,0.022
01 Jul 2025 04:31:30,0.074
01 Jul 2025 04:31:45,0.063
01 Jul 2025 04:32:00,0.038
01 Jul 2025 04:32:45,0.037
01 Jul 2025 04:33:00,0.029
01 Jul 2025 04:33:15,0.015
01 Jul 2025 04:33:45,0.003
01 Jul 2025 04:35:30,0.076
01 Jul 2025 04:35:45,0.026
01 Jul 2025 04:36:00,0.004
01 Jul 2025 04:36:15,0.048
01 Jul 2025 04:36:30,0.028
01 Jul 2025 04:37:15,0.048
01 Jul 2025 04:37:45,0.066
01 Jul 2025 04:38:00,0.020
01 Jul 2025 04:38:15,0.047
01 Jul 2025 04:38:30,0.071
01 Jul 2025 04:38:45,0.089
01 Jul 2025 04:39:00,0.054
01 Jul 2025 04:39:15,0.064
01 Jul 2025 04:40:00,0.022
01 Jul 2025 04:41:00,0.054
01 Jul 2025 04:41:15,0.026
01 Jul 2025 04:42:30,0.023
01 Jul 2025 04:43:00,0.051
01 Jul 2025 04:43:15,0.037
01 Jul 2025 04:43:30,0.028
01 Jul 2025 04:44:00,0.029
01 Jul 2025 04:44:30,0.012
01 Jul 2025 04:44:45,0.015
01 Jul 2025 04:45:00,0.074
01 Jul 2025 04:45:45,0.011
01 Jul 2025 04:46:30,0.012
01 Jul 2025 04:46:45,0.030
01 Jul 2025 04:47:00,0.007
01 Jul 2025 04:47:30,0.027
01 Jul 2025 04:49:30,0.034
01 Jul 2025 04:49:45,0.050
01 Jul 2025 04:50:30,0.024
01 Jul 2025 04:51:30,0.031
01 Jul 2025 04:52:30,0.055
01 Jul 2025 04:53:00,0.005
01 Jul 2025 04:53:15,0.039
01 Jul 2025 04:53:45,0.017
01 Jul 2025 04:54:00,0.030
01 Jul 2025 04:54:15,0.040
01 Jul 2025 04:54:30,0.077
01 Jul 2025 04:54:45,0.018
01 Jul 2025 04:55:00,-0.027
01 Jul 2025 04:55:45,0.037
01 Jul 2025 04:56:00,0.061
01 Jul 2025 04:57:15,0.001
01 Jul 2025 04:58:00,0.026
01 Jul 2025 04:58:15,-0.002
01 Jul 2025 04:58:30,0.075
01 Jul 2025 05:00:00,0.076
01 Jul 2025 05:00:30,0.046
01 Jul 2025 05:01:45,0.052
01 Jul 2025 05:02:15,0.052
01 Jul 2025 05:04:00,0.033
01 Jul 2025 05:04:15,0.062
01 Jul 2025 05:05:30,0.052
01 Jul 2025 05:05:45,0.037
01 Jul 2025 05:06:30,0.031
01 Jul 2025 05:07:00,0.032
01 Jul 2025 05:07:15,0.008
01 Jul 2025 05:09:00,0.019
01 Jul 2025 05:09:15,-0.016
01 Jul 2025 05:09:30,0.015
01 Jul 2025 05:10:00,0.045
01 Jul 2025 05:10:45,0.068
01 Jul 2025 05:11:15,0.046
01 Jul 2025 05:11:45,0.053
01 Jul 2025 05:13:45,-0.016
01 Jul 2025 05:14:00,0.039
01 Jul 2025 05:14:15,0.033
01 Jul 2025 05:15:15,0.038
01 Jul 2025 05:15:45,0.025
01 Jul 2025 05:16:00,0.021
01 Jul 2025 05:16:45,0.042
01 Jul 2025 05:17:00,0.032
01 Jul 2025 05:17:30,0.022
01 Jul 2025 05:17:45,0.027
01 Jul 2025 05:18:00,0.012
01 Jul 2025 05:18:15,0.004
01 Jul 2025 05:18:30,0.032
01 Jul 2025 05:19:15,0.028
01 Jul 2025 05:19:45,0.019
01 Jul 2025 05:20:15,0.052
01 Jul 2025 05:20:30,0.068
01 Jul 2025 05:20:45,0.030
01 Jul 2025 05:21:15,0.060
01 Jul 2025 05:22:45,0.040
01 Jul 2025 05:23:15,-0.012
01 Jul 2025 05:24:00,0.008
01 Jul 2025 05:24:15,0.025
01 Jul 2025 05:24:30,0.029
01 Jul 2025 05:25:30,0.035
01 Jul 2025 05:25:45,0.042
01 Jul 2025 05:26:00,0.006
01 Jul 2025 05:26:30,-0.029
01 Jul 2025 05:27:00,0.024
01 Jul 2025 05:28:00,0.039
01 Jul 2025 05:28:45,0.029
01 Jul 2025 05:29:00,0.009
01 Jul 2025 05:29:15,0.022
01 Jul 2025 05:29:30,0.035
01 Jul 2025 05:30:00,0.056
01 Jul 2025 05:30:45,0.004
01 Jul 2025 05:31:30,0.046
01 Jul 2025 05:31:45,0.030
01 Jul 2025 05:32:00,0.026
01 Jul 2025 05:32:15,0.032
01 Jul 2025 05:32:30,-0.009
01 Jul 2025 05:32:45,0.007
01 Jul 2025 05:33:15,0.033
01 Jul 2025 05:33:30,-0.025
01 Jul 2025 05:33:45,0.024
01 Jul 2025 05:34:00,0.030
01 Jul 2025 05:34:30,0.018
01 Jul 2025 05:35:00,0.037
01 Jul 2025 05:35:45,0.033
01 Jul 2025 05:36:45,0.005
01 Jul 2025 05:37:00,0.057
01 Jul 2025 05:38:00,0.054
01 Jul 2025 05:38:30,0.020
01 Jul 2025 05:39:00,0.009
01 Jul 2025 05:39:30,0.036
01 Jul 2025 05:40:30,0.012
01 Jul 2025 05:40:45,0.049
01 Jul 2025 05:41:00,0.026
01 Jul 2025 05:41:15,0.009
01 Jul 2025 05:41:30,0.034
01 Jul 2025 05:41:45,0.017
01 Jul 2025 05:42:15,0.030
01 Jul 2025 05:42:45,0.026
01 Jul 2025 05:43:15,0.038
01 Jul 2025 05:43:45,0.008
01 Jul 2025 05:44:15,0.047
01 Jul 2025 05:44:45,0.050
01 Jul 2025 05:46:15,0.026
01 Jul 2025 05:46:45,0.028
01 Jul 2025 05:47:15,0.017
01 Jul 2025 05:47:30,0.006
01 Jul 2025 05:47:45,0.007
01 Jul 2025 05:48:00,0.016
01 Jul 2025 05:48:15,0.050
01 Jul 2025 05:48:30,0.037
01 Jul 2025 05:48:45,0.014
01 Jul 2025 05:49:00,0.014
01 Jul 2025 05:49:30,0.047
01 Jul 2025 05:50:30,0.062
01 Jul 2025 05:51:00,0.012
01 Jul 2025 05:51:15,0.009
01 Jul 2025 05:51:30,-0.004
01 Jul 2025 05:51:45,0.028
01 Jul 2025 05:52:00,0.046
01 Jul 2025 05:52:30,-0.012
01 Jul 2025 05:53:30,0.051
01 Jul 2025 05:53:45,0.052
01 Jul 2025 05:54:15,0.015
01 Jul 2025 05:55:15,-0.013
01 Jul 2025 05:56:00,0.032
01 Jul 2025 05:56:30,-0.012
01 Jul 2025 05:57:00,0.023
01 Jul 2025 05:57:15,-0.002
01 Jul 2025 05:58:00,0.038
01 Jul 2025 05:58:15,0.026
01 Jul 2025 05:58:45,-0.011
01 Jul 2025 05:59:00,0.015
01 Jul 2025 05:59:30,0.029
01 Jul 2025 05:59:45,-0.019
01 Jul 2025 06:00:15,0.029
01 Jul 2025 06:00:30,0.037
01 Jul 2025 06:00:45,0.035
01 Jul 2025 06:01:30,0.045
01 Jul 2025 06:02:00,0.001
01 Jul 2025 06:02:15,-0.017
01 Jul 2025 06:02:45,-0.004
01 Jul 2025 06:04:00,0.057
01 Jul 2025 06:04:15,0.036
01 Jul 2025 06:04:45,0.007
01 Jul 2025 06:05:15,0.000
01 Jul 2025 06:06:00,0.021
01 Jul 2025 06:06:45,0.009
01 Jul 2025 06:07:00,0.027
01 Jul 2025 06:08:15,0.017
01 Jul 2025 06:08:30,0.006
01 Jul 2025 06:09:15,0.001
01 Jul 2025 06:09:30,0.024
01 Jul 2025 06:10:45,0.024
01 Jul 2025 06:11:30,0.028
01 Jul 2025 06:11:45,0.020
01 Jul 2025 06:12:15,-0.033
01 Jul 2025 06:12:45,0.020
01 Jul 2025 06:13:00,0.051
01 Jul 2025 06:13:45,0.052
01 Jul 2025 06:14:15,0.005
01 Jul 2025 06:14:30,0.041
01 Jul 2025 06:14:45,0.010
01 Jul 2025 06:15:00,0.017
01 Jul 2025 06:15:15,-0.021
01 Jul 2025 06:15:30,0.002
01 Jul 2025 06:16:45,-0.008
01 Jul 2025 06:17:30,0.003
01 Jul 2025 06:18:30,0.041
01 Jul 2025 06:18:45,0.043
01 Jul 2025 06:19:30,0.040
01 Jul 2025 06:19:45,0.020
01 Jul 2025 06:20:00,0.014
01 Jul 2025 06:20:30,0.029
01 Jul 2025 06:21:15,0.015
01 Jul 2025 06:22:15,0.040
01 Jul 2025 06:23:30,0.039
01 Jul 2025 06:23:45,0.019
01 Jul 2025 06:24:00,0.068
01 Jul 2025 06:24:15,0.037
01 Jul 2025 06:25:00,0.025
01 Jul 2025 06:26:00,0.037
01 Jul 2025 06:26:15,0.056
01 Jul 2025 06:26:45,0.038
01 Jul 2025 06:27:15,0.005
01 Jul 2025 06:27:45,0.011
01 Jul 2025 06:28:00,0.005
01 Jul 2025 06:28:15,0.013
01 Jul 2025 06:28:30,0.044
01 Jul 2025 06:29:15,0.036
01 Jul 2025 06:29:30,0.033
01 Jul 2025 06:29:45,0.048
01 Jul 2025 06:30:00,0.056
01 Jul 2025 06:30:15,0.058
01 Jul 2025 06:30:45,0.034
01 Jul 2025 06:32:15,0.009
01 Jul 2025 06:33:30,-0.014
01 Jul 2025 06:33:45,-0.029
01 Jul 2025 06:34:15,0.034
01 Jul 2025 06:35:00,-0.047
01 Jul 2025 06:35:15,-0.002
01 Jul 2025 06:35:30,0.030
01 Jul 2025 06:35:45,0.024
01 Jul 2025 06:36:00,0.007
01 Jul 2025 06:36:15,0.036
01 Jul 2025 06:36:30,0.026
01 Jul 2025 06:36:45,0.011
01 Jul 2025 06:37:45,-0.009
01 Jul 2025 06:39:15,0.050
01 Jul 2025 06:40:15,0.012
01 Jul 2025 06:41:00,0.052
01 Jul 2025 06:41:30,0.003
01 Jul 2025 06:41:45,0.021
01 Jul 2025 06:42:00,0.015
01 Jul 2025 06:42:15,-0.018
01 Jul 2025 06:42:45,0.029
01 Jul 2025 06:43:00,0.050
01 Jul 2025 06:43:45,0.009
01 Jul 2025 06:44:00,0.025
01 Jul 2025 06:45:15,0.031
01 Jul 2025 06:46:00,-0.003
01 Jul 2025 06:46:15,-0.010
01 Jul 2025 06:46:45,-0.004
01 Jul 2025 06:47:00,0.012
01 Jul 2025 06:47:15,0.052
01 Jul 2025 06:47:45,0.052
01 Jul 2025 06:48:00,0.029
01 Jul 2025 06:48:30,0.018
01 Jul 2025 06:48:45,0.041
01 Jul 2025 06:49:30,0.051
01 Jul 2025 06:50:30,0.001
01 Jul 2025 06:51:00,-0.013
01 Jul 2025 06:51:15,0.031
01 Jul 2025 06:51:45,0.029
01 Jul 2025 06:53:45,0.077
01 Jul 2025 06:55:15,0.044
01 Jul 2025 06:55:45,0.053
01 Jul 2025 06:56:00,0.009
01 Jul 2025 06:57:00,0.026
01 Jul 2025 06:57:30,0.046
01 Jul 2025 06:57:45,0.055
01 Jul 2025 06:59:00,0.031
01 Jul 2025 06:59:30,0.047
01 Jul 2025 06:59:45,0.055
01 Jul 2025 07:00:30,0.050
01 Jul 2025 07:00:45,0.018
01 Jul 2025 07:02:00,0.006
01 Jul 2025 07:02:45,0.024
01 Jul 2025 07:03:00,0.039
01 Jul 2025 07:03:15,0.019
01 Jul 2025 07:04:15,0.094
01 Jul 2025 07:04:30,0.033
01 Jul 2025 07:04:45,-0.003
01 Jul 2025 07:05:00,0.058
01 Jul 2025 07:05:15,0.102
01 Jul 2025 07:05:30,0.008
01 Jul 2025 07:06:15,0.038
01 Jul 2025 07:06:45,0.017
01 Jul 2025 07:07:15,0.034
01 Jul 2025 07:07:30,0.042
01 Jul 2025 07:08:00,0.012
01 Jul 2025 07:09:15,0.004
01 Jul 2025 07:10:30,0.017
01 Jul 2025 07:11:00,0.095
01 Jul 2025 07:11:15,0.031
01 Jul 2025 07:11:30,0.046
01 Jul 2025 07:12:15,0.003
01 Jul 2025 07:13:00,0.042
01 Jul 2025 07:13:15,0.052
01 Jul 2025 07:14:45,0.061
01 Jul 2025 07:15:00,0.027
01 Jul 2025 07:15:15,0.045
01 Jul 2025 07:15:45,0.009
01 Jul 2025 07:16:00,0.082
01 Jul 2025 07:16:45,0.067
01 Jul 2025 07:17:00,0.017
01 Jul 2025 07:18:30,0.028
01 Jul 2025 07:19:00,0.074
01 Jul 2025 07:19:15,0.059
01 Jul 2025 07:19:30,0.067
01 Jul 2025 07:19:45,0.039
01 Jul 2025 07:20:00,0.060
01 Jul 2025 07:20:30,0.054
01 Jul 2025 07:20:45,0.057
01 Jul 2025 07:21:30,0.047
01 Jul 2025 07:22:00,0.025
01 Jul 2025 07:22:45,0.042
01 Jul 2025 07:23:30,0.056
01 Jul 2025 07:24:00,0.014
01 Jul 2025 07:24:15,0.085
01 Jul 2025 07:24:30,0.019
01 Jul 2025 07:24:45,0.027
01 Jul 2025 07:25:15,-0.018
01 Jul 2025 07:25:30,0.051
01 Jul 2025 07:26:15,0.044
01 Jul 2025 07:26:45,-0.011
01 Jul 2025 07:27:00,0.133
01 Jul 2025 07:27:15,0.063
01 Jul 2025 07:29:30,0.019
01 Jul 2025 07:30:45,0.016
01 Jul 2025 07:32:00,-0.013
01 Jul 2025 07:32:15,0.033
01 Jul 2025 07:33:00,0.049
01 Jul 2025 07:33:30,0.065
01 Jul 2025 07:34:00,0.051
01 Jul 2025 07:35:00,0.045
01 Jul 2025 07:35:30,0.053
01 Jul 2025 07:36:00,0.071
01 Jul 2025 07:36:30,0.029
01 Jul 2025 07:36:45,0.061
01 Jul 2025 07:37:00,0.020
01 Jul 2025 07:37:15,0.066
01 Jul 2025 07:37:30,0.035
01 Jul 2025 07:37:45,0.000
01 Jul 2025 07:38:00,0.039
01 Jul 2025 07:38:15,0.037
01 Jul 2025 07:38:30,0.036
01 Jul 2025 07:38:45,0.016
01 Jul 2025 07:39:15,0.031
01 Jul 2025 07:39:45,0.071
01 Jul 2025 07:40:00,0.016
01 Jul 2025 07:41:15,0.114
01 Jul 2025 07:41:30,0.022
01 Jul 2025 07:41:45,0.062
01 Jul 2025 07:42:45,0.026
01 Jul 2025 07:43:00,0.040
01 Jul 2025 07:43:15,0.026
01 Jul 2025 07:44:00,0.023
01 Jul 2025 07:45:00,0.047
01 Jul 2025 07:45:15,0.057
01 Jul 2025 07:45:45,0.057
01 Jul 2025 07:46:00,0.045
01 Jul 2025 07:46:30,0.074
01 Jul 2025 07:47:15,0.060
01 Jul 2025 07:47:30,0.051
01 Jul 2025 07:47:45,0.005
01 Jul 2025 07:48:00,0.055
01 Jul 2025 07:48:15,0.036
01 Jul 2025 07:48:45,0.057
01 Jul 2025 07:49:00,0.085
01 Jul 2025 07:49:15,0.039
01 Jul 2025 07:50:15,0.117
01 Jul 2025 07:50:45,0.024
01 Jul 2025 07:51:15,0.093
01 Jul 2025 07:51:30,0.033
01 Jul 2025 07:51:45,0.039
01 Jul 2025 07:52:00,0.067
01 Jul 2025 07:52:45,0.069
01 Jul 2025 07:53:15,0.077
01 Jul 2025 07:53:30,0.039
01 Jul 2025 07:53:45,0.071
01 Jul 2025 07:54:15,0.051
01 Jul 2025 07:54:30,0.092
01 Jul 2025 07:55:45,0.018
01 Jul 2025 07:56:00,0.080
01 Jul 2025 07:56:15,0.067
01 Jul 2025 07:56:45,-0.021
01 Jul 2025 07:57:00,-0.068
01 Jul 2025 07:57:15,0.109
01 Jul 2025 07:57:30,0.094
01 Jul 2025 07:57:45,-0.011
01 Jul 2025 07:58:00,0.023
01 Jul 2025 07:58:15,0.096
01 Jul 2025 07:58:30,0.068
01 Jul 2025 07:58:45,0.059
01 Jul 2025 07:59:00,0.004
01 Jul 2025 08:00:15,0.132
01 Jul 2025 08:00:45,-0.005
01 Jul 2025 08:01:00,0.131
01 Jul 2025 08:01:15,0.052
01 Jul 2025 08:01:45,0.064
01 Jul 2025 08:02:45,0.088
01 Jul 2025 08:03:15,0.117
01 Jul 2025 08:03:30,0.055
01 Jul 2025 08:03:45,0.006
01 Jul 2025 08:04:15,0.042
01 Jul 2025 08:04:30,0.037
01 Jul 2025 08:04:45,0.094
01 Jul 2025 08:05:00,-0.024
01 Jul 2025 08:05:45,0.072
01 Jul 2025 08:07:30,0.048
01 Jul 2025 08:07:45,0.102
01 Jul 2025 08:08:00,0.019
01 Jul 2025 08:08:30,0.079
01 Jul 2025 08:08:45,0.028
01 Jul 2025 08:09:30,0.057
01 Jul 2025 08:09:45,0.054
01 Jul 2025 08:10:15,0.007
01 Jul 2025 08:10:30,0.060
01 Jul 2025 08:11:15,0.056
01 Jul 2025 08:11:45,0.038
01 Jul 2025 08:12:30,0.090
01 Jul 2025 08:13:00,0.047
01 Jul 2025 08:13:30,0.049
01 Jul 2025 08:13:45,-0.029
01 Jul 2025 08:14:00,0.034
01 Jul 2025 08:14:15,0.052
01 Jul 2025 08:14:45,0.077
01 Jul 2025 08:15:15,0.035
01 Jul 2025 08:15:45,0.083
01 Jul 2025 08:16:00,0.059
01 Jul 2025 08:16:30,0.071
01 Jul 2025 08:16:45,0.053
01 Jul 2025 08:18:00,0.052
01 Jul 2025 08:18:15,0.087
01 Jul 2025 08:18:45,0.030
01 Jul 2025 08:19:00,0.087
01 Jul 2025 08:19:15,0.049
01 Jul 2025 08:19:45,0.033
01 Jul 2025 08:20:00,0.108
01 Jul 2025 08:22:00,0.068
01 Jul 2025 08:22:15,0.040
01 Jul 2025 08:23:15,0.073
01 Jul 2025 08:23:30,0.049
01 Jul 2025 08:23:45,0.081
01 Jul 2025 08:24:30,0.090
01 Jul 2025 08:25:30,0.092
01 Jul 2025 08:26:00,0.075
01 Jul 2025 08:26:30,0.071
01 Jul 2025 08:27:45,0.090
01 Jul 2025 08:28:15,0.086
01 Jul 2025 08:28:45,0.129
01 Jul 2025 08:29:00,0.044
01 Jul 2025 08:29:45,0.099
01 Jul 2025 08:30:30,0.042
01 Jul 2025 08:30:45,0.112
01 Jul 2025 08:31:00,0.070
01 Jul 2025 08:31:30,0.076
01 Jul 2025 08:31:45,0.116
01 Jul 2025 08:32:00,0.038
01 Jul 2025 08:33:30,0.094
01 Jul 2025 08:34:00,0.028
01 Jul 2025 08:34:30,0.063
01 Jul 2025 08:35:00,0.092
01 Jul 2025 08:35:15,0.083
01 Jul 2025 08:35:30,0.028
01 Jul 2025 08:36:15,0.056
01 Jul 2025 08:36:30,0.070
01 Jul 2025 08:37:15,0.075
01 Jul 2025 08:38:00,0.051
01 Jul 2025 08:38:15,0.120
01 Jul 2025 08:38:45,0.072
01 Jul 2025 08:39:00,0.110
01 Jul 2025 08:39:15,0.096
01 Jul 2025 08:39:30,0.025
01 Jul 2025 08:39:45,0.091
01 Jul 2025 08:40:00,0.079
01 Jul 2025 08:40:15,0.050
01 Jul 2025 08:40:45,0.037
01 Jul 2025 08:41:00,0.077
01 Jul 2025 08:41:45,0.060
01 Jul 2025 08:42:30,0.059
01 Jul 2025 08:43:15,0.122
01 Jul 2025 08:43:30,0.041
01 Jul 2025 08:43:45,0.115
01 Jul 2025 08:44:30,0.059
01 Jul 2025 08:44:45,0.086
01 Jul 2025 08:45:15,0.216
01 Jul 2025 08:45:30,0.108
01 Jul 2025 08:45:45,-0.006
01 Jul 2025 08:46:00,0.103
01 Jul 2025 08:46:15,0.121
01 Jul 2025 08:46:45,0.014
01 Jul 2025 08:47:30,0.102
01 Jul 2025 08:48:00,0.066
01 Jul 2025 08:48:30,0.076
01 Jul 2025 08:48:45,0.062
01 Jul 2025 08:49:00,0.159
01 Jul 2025 08:49:15,0.072
01 Jul 2025 08:49:45,0.045
01 Jul 2025 08:50:15,0.067
01 Jul 2025 08:51:15,0.095
01 Jul 2025 08:51:30,0.100
01 Jul 2025 08:51:45,0.087
01 Jul 2025 08:52:30,0.124
01 Jul 2025 08:52:45,0.081
01 Jul 2025 08:53:30,0.088
01 Jul 2025 08:53:45,0.098
01 Jul 2025 08:54:30,0.089
01 Jul 2025 08:55:00,0.068
01 Jul 2025 08:55:30,0.107
01 Jul 2025 08:56:00,0.054
01 Jul 2025 08:57:30,0.086
01 Jul 2025 08:57:45,0.063
01 Jul 2025 08:58:00,0.087
01 Jul 2025 08:58:15,0.059
01 Jul 2025 08:58:45,0.084
01 Jul 2025 08:59:45,0.110
01 Jul 2025 09:00:00,0.061
01 Jul 2025 09:00:30,0.057
01 Jul 2025 09:01:00,0.115
01 Jul 2025 09:01:15,0.066
01 Jul 2025 09:01:30,0.067
01 Jul 2025 09:02:15,0.094
01 Jul 2025 09:03:15,0.066
01 Jul 2025 09:03:30,0.075
01 Jul 2025 09:03:45,0.051
01 Jul 2025 09:04:00,0.112
01 Jul 2025 09:04:15,0.071
01 Jul 2025 09:04:30,0.087
01 Jul 2025 09:05:00,0.053
01 Jul 2025 09:05:15,0.085
01 Jul 2025 09:06:00,0.085
01 Jul 2025 09:06:30,0.088
01 Jul 2025 09:06:45,0.065
01 Jul 2025 09:08:15,0.102
01 Jul 2025 09:08:45,0.113
01 Jul 2025 09:09:15,0.120
01 Jul 2025 09:09:30,0.077
01 Jul 2025 09:10:00,0.107
01 Jul 2025 09:11:00,0.062
01 Jul 2025 09:11:15,0.112
01 Jul 2025 09:11:30,0.074
01 Jul 2025 09:11:45,0.071
01 Jul 2025 09:12:00,0.071
01 Jul 2025 09:12:15,0.074
01 Jul 2025 09:12:30,0.054
01 Jul 2025 09:12:45,0.090
01 Jul 2025 09:13:15,0.102
01 Jul 2025 09:13:30,0.057
01 Jul 2025 09:13:45,0.100
01 Jul 2025 09:14:00,0.081
01 Jul 2025 09:14:45,0.071
01 Jul 2025 09:15:00,0.070
01 Jul 2025 09:15:15,0.084
01 Jul 2025 09:15:30,0.127
01 Jul 2025 09:15:45,0.080
01 Jul 2025 09:16:00,0.113
01 Jul 2025 09:16:45,0.116
01 Jul 2025 09:17:00,0.088
01 Jul 2025 09:17:45,0.124
01 Jul 2025 09:18:15,0.077
01 Jul 2025 09:18:45,0.115
01 Jul 2025 09:19:00,0.076
01 Jul 2025 09:19:45,0.083
01 Jul 2025 09:20:15,0.143
01 Jul 2025 09:21:00,0.128
01 Jul 2025 09:21:15,0.063
01 Jul 2025 09:21:45,0.094
01 Jul 2025 09:22:30,0.066
01 Jul 2025 09:22:45,0.087
01 Jul 2025 09:23:15,0.093
01 Jul 2025 09:23:30,0.116
01 Jul 2025 09:23:45,0.076
01 Jul 2025 09:24:00,0.119
01 Jul 2025 09:24:30,0.092
01 Jul 2025 09:25:00,0.112
01 Jul 2025 09:25:45,0.097
01 Jul 2025 09:26:00,0.096
01 Jul 2025 09:26:15,0.065
01 Jul 2025 09:26:30,0.063
01 Jul 2025 09:27:15,0.088
01 Jul 2025 09:28:15,0.095
01 Jul 2025 09:28:30,0.098
01 Jul 2025 09:28:45,0.087
01 Jul 2025 09:29:15,0.065
01 Jul 2025 09:29:30,0.094
01 Jul 2025 09:29:45,0.077
01 Jul 2025 09:30:00,0.097
01 Jul 2025 09:30:15,0.052
01 Jul 2025 09:32:30,0.094
01 Jul 2025 09:32:45,0.094
01 Jul 2025 09:33:00,0.103
01 Jul 2025 09:33:15,0.095
01 Jul 2025 09:33:30,0.081
01 Jul 2025 09:33:45,0.075
01 Jul 2025 09:34:15,0.110
01 Jul 2025 09:34:30,0.121
01 Jul 2025 09:34:45,0.102
01 Jul 2025 09:35:00,0.110
01 Jul 2025 09:35:15,0.085
01 Jul 2025 09:35:30,0.055
01 Jul 2025 09:36:00,0.079
01 Jul 2025 09:36:15,0.121
01 Jul 2025 09:37:00,0.123
01 Jul 2025 09:37:45,0.084
01 Jul 2025 09:39:15,0.101
01 Jul 2025 09:39:30,0.146
01 Jul 2025 09:39:45,0.101
01 Jul 2025 09:40:15,0.094
01 Jul 2025 09:40:30,0.100
01 Jul 2025 09:41:15,0.112
01 Jul 2025 09:41:30,0.102
01 Jul 2025 09:41:45,0.093
01 Jul 2025 09:43:30,0.083
01 Jul 2025 09:43:45,0.102
01 Jul 2025 09:44:15,0.128
01 Jul 2025 09:44:30,0.114
01 Jul 2025 09:44:45,0.100
01 Jul 2025 09:45:15,0.107
01 Jul 2025 09:46:00,0.111
01 Jul 2025 09:46:15,0.125
01 Jul 2025 09:46:30,0.121
01 Jul 2025 09:47:00,0.102
01 Jul 2025 09:48:30,0.115
01 Jul 2025 09:50:00,0.119
01 Jul 2025 09:50:15,0.140
01 Jul 2025 09:50:45,0.160
01 Jul 2025 09:51:00,0.147
01 Jul 2025 09:51:15,0.112
01 Jul 2025 09:51:30,0.105
01 Jul 2025 09:51:45,0.077
01 Jul 2025 09:52:00,0.116
01 Jul 2025 09:52:15,0.133
01 Jul 2025 09:52:45,0.073
01 Jul 2025 09:53:15,0.135
01 Jul 2025 09:53:30,0.127
01 Jul 2025 09:53:45,0.067
01 Jul 2025 09:54:00,0.133
01 Jul 2025 09:55:30,0.139
01 Jul 2025 09:56:00,0.131
01 Jul 2025 09:57:15,0.124
01 Jul 2025 09:57:30,0.141
01 Jul 2025 09:58:30,0.148
01 Jul 2025 09:59:00,0.147
01 Jul 2025 09:59:30,0.124
01 Jul 2025 09:59:45,0.106
01 Jul 2025 10:00:15,0.096
01 Jul 2025 10:01:15,0.098
01 Jul 2025 10:01:30,0.094
01 Jul 2025 10:02:30,0.131
01 Jul 2025 10:03:00,0.086
01 Jul 2025 10:03:30,0.101
01 Jul 2025 10:03:45,0.093
01 Jul 2025 10:05:00,0.110
01 Jul 2025 10:05:15,0.138
01 Jul 2025 10:05:45,0.113
01 Jul 2025 10:06:15,0.114
01 Jul 2025 10:06:30,0.124
01 Jul 2025 10:07:00,0.111
01 Jul 2025 10:07:15,0.135
01 Jul 2025 10:08:15,0.144
01 Jul 2025 10:09:00,0.123
01 Jul 2025 10:09:15,0.087
01 Jul 2025 10:09:45,0.042
01 Jul 2025 10:10:00,0.201
01 Jul 2025 10:10:30,0.120
01 Jul 2025 10:10:45,0.114
01 Jul 2025 10:11:15,0.142
01 Jul 2025 10:12:30,0.104
01 Jul 2025 10:12:45,0.104
01 Jul 2025 10:13:00,0.095
01 Jul 2025 10:13:45,0.142
01 Jul 2025 10:14:00,0.139
01 Jul 2025 10:14:30,0.113
01 Jul 2025 10:15:45,0.128
01 Jul 2025 10:16:00,0.107
01 Jul 2025 10:16:15,0.073
01 Jul 2025 10:16:30,0.139
01 Jul 2025 10:17:00,0.115
01 Jul 2025 10:17:15,0.107
01 Jul 2025 10:17:30,0.159
01 Jul 2025 10:18:00,0.141
01 Jul 2025 10:18:30,0.132
01 Jul 2025 10:19:00,0.128
01 Jul 2025 10:19:15,0.142
01 Jul 2025 10:19:30,0.102
01 Jul 2025 10:20:00,0.087
01 Jul 2025 10:20:15,0.132
01 Jul 2025 10:20:30,0.157
01 Jul 2025 10:21:00,0.125
01 Jul 2025 10:21:15,0.160
01 Jul 2025 10:21:30,0.122
01 Jul 2025 10:22:15,0.117
01 Jul 2025 10:22:45,0.135
01 Jul 2025 10:23:15,0.130
01 Jul 2025 10:23:45,0.139
01 Jul 2025 10:24:00,0.124
01 Jul 2025 10:24:30,0.161
01 Jul 2025 10:24:45,0.135
01 Jul 2025 10:25:00,0.122
01 Jul 2025 10:25:30,0.123
01 Jul 2025 10:25:45,0.148
01 Jul 2025 10:26:00,0.131
01 Jul 2025 10:26:30,0.125
01 Jul 2025 10:26:45,0.149
01 Jul 2025 10:27:30,0.107
01 Jul 2025 10:28:15,0.129
01 Jul 2025 10:28:30,0.139
01 Jul 2025 10:28:45,0.107
01 Jul 2025 10:29:45,0.139
01 Jul 2025 10:30:00,0.128
01 Jul 2025 10:31:00,0.139
01 Jul 2025 10:31:30,0.143
01 Jul 2025 10:32:30,0.131
01 Jul 2025 10:32:45,0.167
01 Jul 2025 10:33:15,0.146
01 Jul 2025 10:34:00,0.097
01 Jul 2025 10:34:15,0.138
01 Jul 2025 10:34:30,0.158
01 Jul 2025 10:34:45,0.149
01 Jul 2025 10:35:00,0.146
01 Jul 2025 10:35:30,0.110
01 Jul 2025 10:35:45,0.124
01 Jul 2025 10:36:00,0.102
01 Jul 2025 10:36:30,0.147
01 Jul 2025 10:38:00,0.109
01 Jul 2025 10:39:45,0.145
01 Jul 2025 10:40:30,0.139
01 Jul 2025 10:40:45,0.083
01 Jul 2025 10:41:00,0.136
01 Jul 2025 10:41:45,0.135
01 Jul 2025 10:42:00,0.112
01 Jul 2025 10:42:15,0.142
01 Jul 2025 10:42:30,0.133
01 Jul 2025 10:42:45,0.161
01 Jul 2025 10:43:15,0.155
01 Jul 2025 10:43:45,0.127
01 Jul 2025 10:44:00,0.144
01 Jul 2025 10:44:15,0.137
01 Jul 2025 10:44:45,0.160
01 Jul 2025 10:45:15,0.146
01 Jul 2025 10:45:30,0.135
01 Jul 2025 10:46:00,0.113
01 Jul 2025 10:47:00,0.142
01 Jul 2025 10:47:15,0.166
01 Jul 2025 10:47:45,0.142
01 Jul 2025 10:48:00,0.111
01 Jul 2025 10:48:30,0.110
01 Jul 2025 10:48:45,0.129
01 Jul 2025 10:49:45,0.109
01 Jul 2025 10:50:30,0.114
01 Jul 2025 10:50:45,0.139
01 Jul 2025 10:51:00,0.157
01 Jul 2025 10:52:00,0.128
01 Jul 2025 10:52:15,0.124
01 Jul 2025 10:52:45,0.127
01 Jul 2025 10:53:45,0.153
01 Jul 2025 10:54:15,0.137
01 Jul 2025 10:54:30,0.174
01 Jul 2025 10:55:00,0.142
01 Jul 2025 10:55:30,0.129
01 Jul 2025 10:55:45,0.147
01 Jul 2025 10:56:15,0.185
01 Jul 2025 10:56:45,0.122
01 Jul 2025 10:57:00,0.103
01 Jul 2025 10:57:30,0.128
01 Jul 2025 10:58:45,0.120
01 Jul 2025 10:59:00,0.146
01 Jul 2025 11:00:15,0.156
01 Jul 2025 11:00:30,0.227
01 Jul 2025 11:00:45,0.209
01 Jul 2025 11:01:45,0.134
01 Jul 2025 11:02:30,0.176
01 Jul 2025 11:02:45,0.164
01 Jul 2025 11:03:00,0.135
01 Jul 2025 11:04:00,0.153
01 Jul 2025 11:04:45,0.116
01 Jul 2025 11:05:00,0.150
01 Jul 2025 11:05:30,0.153
01 Jul 2025 11:05:45,0.138
01 Jul 2025 11:06:00,0.122
01 Jul 2025 11:06:30,0.149
01 Jul 2025 11:08:45,0.109
01 Jul 2025 11:09:15,0.116
01 Jul 2025 11:09:45,0.127
01 Jul 2025 11:10:00,0.136
01 Jul 2025 11:10:30,0.118
01 Jul 2025 11:11:15,0.140
01 Jul 2025 11:12:15,0.176
01 Jul 2025 11:13:00,0.126
01 Jul 2025 11:13:15,0.174
01 Jul 2025 11:13:30,0.149
01 Jul 2025 11:13:45,0.169
01 Jul 2025 11:14:00,0.159
01 Jul 2025 11:14:45,0.119
01 Jul 2025 11:15:15,0.131
01 Jul 2025 11:15:30,0.127
01 Jul 2025 11:15:45,0.127
01 Jul 2025 11:16:00,0.123
01 Jul 2025 11:16:30,0.132
01 Jul 2025 11:17:15,0.188
01 Jul 2025 11:17:30,0.105
01 Jul 2025 11:18:15,0.142
01 Jul 2025 11:18:30,0.172
01 Jul 2025 11:18:45,0.136
01 Jul 2025 11:19:30,0.191
01 Jul 2025 11:20:15,0.148
01 Jul 2025 11:21:00,0.161
01 Jul 2025 11:21:30,0.168
01 Jul 2025 11:22:15,0.106
01 Jul 2025 11:24:00,0.217
01 Jul 2025 11:24:15,0.205
01 Jul 2025 11:24:45,0.123
01 Jul 2025 11:25:00,0.159
01 Jul 2025 11:26:45,0.159
01 Jul 2025 11:27:30,0.205
01 Jul 2025 11:28:45,0.161
01 Jul 2025 11:29:00,0.099
01 Jul 2025 11:29:45,0.100
01 Jul 2025 11:30:30,0.155
01 Jul 2025 11:31:00,0.136
01 Jul 2025 11:31:15,0.085
01 Jul 2025 11:31:30,0.186
01 Jul 2025 11:32:00,0.164
01 Jul 2025 11:32:15,0.194
01 Jul 2025 11:33:15,0.179
01 Jul 2025 11:33:30,0.118
01 Jul 2025 11:34:30,0.115
01 Jul 2025 11:35:15,0.159
01 Jul 2025 11:35:30,0.153
01 Jul 2025 11:36:15,0.152
01 Jul 2025 11:37:45,0.141
01 Jul 2025 11:38:00,0.161
01 Jul 2025 11:38:15,0.194
01 Jul 2025 11:38:30,0.140
01 Jul 2025 11:39:00,0.151
01 Jul 2025 11:39:30,0.150
01 Jul 2025 11:40:30,0.169
01 Jul 2025 11:40:45,0.098
01 Jul 2025 11:41:15,0.129
01 Jul 2025 11:42:30,0.161
01 Jul 2025 11:42:45,0.171
01 Jul 2025 11:43:30,0.144
01 Jul 2025 11:44:00,0.117
01 Jul 2025 11:44:15,0.126
01 Jul 2025 11:44:30,0.138
01 Jul 2025 11:45:15,0.134
01 Jul 2025 11:45:30,0.141
01 Jul 2025 11:46:15,0.170
01 Jul 2025 11:46:30,0.155
01 Jul 2025 11:47:00,0.098
01 Jul 2025 11:47:30,0.133
01 Jul 2025 11:47:45,0.165
01 Jul 2025 11:48:00,0.129
01 Jul 2025 11:48:30,0.189
01 Jul 2025 11:48:45,0.132
01 Jul 2025 11:49:00,0.155
01 Jul 2025 11:49:30,0.128
01 Jul 2025 11:49:45,0.111
01 Jul 2025 11:50:15,-0.039
01 Jul 2025 11:50:30,0.151
01 Jul 2025 11:50:45,0.132
01 Jul 2025 11:52:00,0.190
01 Jul 2025 11:52:15,0.123
01 Jul 2025 11:52:30,0.140
01 Jul 2025 11:52:45,0.188
01 Jul 2025 11:53:45,0.125
01 Jul 2025 11:54:00,0.156
01 Jul 2025 11:54:15,0.127
01 Jul 2025 11:54:30,0.182
01 Jul 2025 11:55:00,0.110
01 Jul 2025 11:55:45,0.164
01 Jul 2025 11:56:00,0.113
01 Jul 2025 11:56:15,0.132
01 Jul 2025 11:56:45,0.126
01 Jul 2025 11:57:00,0.120
01 Jul 2025 11:57:30,0.157
01 Jul 2025 11:57:45,0.190
01 Jul 2025 11:58:15,0.153
01 Jul 2025 11:58:30,0.188
01 Jul 2025 11:59:00,0.166
01 Jul 2025 11:59:45,0.182
01 Jul 2025 12:00:15,0.166
01 Jul 2025 12:00:45,0.075
01 Jul 2025 12:01:00,0.160
01 Jul 2025 12:01:15,0.151
01 Jul 2025 12:01:45,0.173
01 Jul 2025 12:02:15,0.146
01 Jul 2025 12:02:30,0.160
01 Jul 2025 12:02:45,0.120
01 Jul 2025 12:03:15,0.139
01 Jul 2025 12:04:45,0.175
01 Jul 2025 12:05:00,0.191
01 Jul 2025 12:05:15,0.158
01 Jul 2025 12:05:30,0.094
01 Jul 2025 12:05:45,0.123
01 Jul 2025 12:06:30,0.165
01 Jul 2025 12:06:45,0.190
01 Jul 2025 12:07:45,0.189
01 Jul 2025 12:08:15,0.111
01 Jul 2025 12:09:00,0.150
01 Jul 2025 12:09:15,0.170
01 Jul 2025 12:09:30,0.170
01 Jul 2025 12:09:45,0.153
01 Jul 2025 12:10:00,0.124
01 Jul 2025 12:10:15,0.111
01 Jul 2025 12:10:30,0.157
01 Jul 2025 12:11:00,0.141
01 Jul 2025 12:11:45,0.093
01 Jul 2025 12:12:30,0.114
01 Jul 2025 12:12:45,0.127
01 Jul 2025 12:13:00,0.192
01 Jul 2025 12:13:30,0.151
01 Jul 2025 12:14:15,0.176
01 Jul 2025 12:14:30,0.190
01 Jul 2025 12:15:15,0.108
01 Jul 2025 12:15:30,0.182
01 Jul 2025 12:15:45,0.174
01 Jul 2025 12:16:15,0.177
01 Jul 2025 12:16:45,0.156
01 Jul 2025 12:17:15,0.122
01 Jul 2025 12:17:45,0.129
01 Jul 2025 12:18:00,0.132
01 Jul 2025 12:18:15,0.165
01 Jul 2025 12:18:30,0.127
01 Jul 2025 12:18:45,0.159
01 Jul 2025 12:19:00,0.153
01 Jul 2025 12:19:15,0.107
01 Jul 2025 12:19:30,0.106
01 Jul 2025 12:20:15,0.185
01 Jul 2025 12:20:30,0.138
01 Jul 2025 12:21:00,0.137
01 Jul 2025 12:21:45,0.155
01 Jul 2025 12:22:00,0.169
01 Jul 2025 12:22:15,0.132
01 Jul 2025 12:22:45,0.169
01 Jul 2025 12:23:00,0.114
01 Jul 2025 12:23:45,0.152
01 Jul 2025 12:24:00,0.193
01 Jul 2025 12:24:15,0.161
01 Jul 2025 12:24:45,0.151
01 Jul 2025 12:27:00,0.144
01 Jul 2025 12:27:15,0.176
01 Jul 2025 12:27:30,0.151
01 Jul 2025 12:28:15,0.179
01 Jul 2025 12:28:30,0.123
01 Jul 2025 12:29:00,0.161
01 Jul 2025 12:30:15,0.140
01 Jul 2025 12:30:30,0.173
01 Jul 2025 12:31:15,0.127
01 Jul 2025 12:32:00,0.125
01 Jul 2025 12:32:15,0.172
01 Jul 2025 12:32:30,0.180
01 Jul 2025 12:32:45,0.164
01 Jul 2025 12:33:00,0.184
01 Jul 2025 12:33:15,0.122
01 Jul 2025 12:33:30,0.130
01 Jul 2025 12:34:00,0.140
01 Jul 2025 12:34:45,0.122
01 Jul 2025 12:35:15,0.172
01 Jul 2025 12:36:30,0.141
01 Jul 2025 12:37:30,0.170
01 Jul 2025 12:37:45,0.156
01 Jul 2025 12:38:00,0.185
01 Jul 2025 12:38:15,0.190
01 Jul 2025 12:39:45,0.149
01 Jul 2025 12:40:30,0.176
01 Jul 2025 12:40:45,0.146
01 Jul 2025 12:41:00,0.099
01 Jul 2025 12:41:15,0.116
01 Jul 2025 12:41:30,0.165
01 Jul 2025 12:42:15,0.114
01 Jul 2025 12:42:30,0.158
01 Jul 2025 12:42:45,0.127
01 Jul 2025 12:44:00,0.165
01 Jul 2025 12:44:15,0.173
01 Jul 2025 12:44:30,0.178
01 Jul 2025 12:44:45,0.180
01 Jul 2025 12:45:45,0.159
01 Jul 2025 12:47:00,0.168
01 Jul 2025 12:47:30,0.194
01 Jul 2025 12:48:15,0.179
01 Jul 2025 12:48:30,0.136
01 Jul 2025 12:48:45,0.124
01 Jul 2025 12:49:00,0.182
01 Jul 2025 12:49:30,0.183
01 Jul 2025 12:49:45,0.103
01 Jul 2025 12:50:00,0.142
01 Jul 2025 12:50:30,0.150
01 Jul 2025 12:51:00,0.106
01 Jul 2025 12:51:15,0.099
01 Jul 2025 12:51:30,0.158
01 Jul 2025 12:52:00,0.156
01 Jul 2025 12:52:45,0.136
01 Jul 2025 12:53:15,0.161
01 Jul 2025 12:53:30,0.153
01 Jul 2025 12:53:45,0.100
01 Jul 2025 12:54:00,0.179
01 Jul 2025 12:54:15,0.126
01 Jul 2025 12:54:30,0.157
01 Jul 2025 12:54:45,0.146
01 Jul 2025 12:55:00,0.149
01 Jul 2025 12:55:15,0.162
01 Jul 2025 12:55:30,0.190
01 Jul 2025 12:56:00,0.162
01 Jul 2025 12:56:45,0.115
01 Jul 2025 12:57:30,0.140
01 Jul 2025 12:58:15,0.122
01 Jul 2025 12:58:45,0.132
01 Jul 2025 12:59:00,0.149
01 Jul 2025 12:59:15,0.132
01 Jul 2025 12:59:45,0.151
01 Jul 2025 13:00:00,0.145
01 Jul 2025 13:00:45,0.138
01 Jul 2025 13:01:15,0.214
01 Jul 2025 13:01:30,0.097
01 Jul 2025 13:01:45,0.155
01 Jul 2025 13:02:00,0.130
01 Jul 2025 13:02:15,0.123
01 Jul 2025 13:05:30,0.150
01 Jul 2025 13:05:45,0.158
01 Jul 2025 13:06:15,0.147
01 Jul 2025 13:06:30,0.141
01 Jul 2025 13:07:15,0.138
01 Jul 2025 13:08:00,0.137
01 Jul 2025 13:08:15,0.127
01 Jul 2025 13:09:30,0.153
01 Jul 2025 13:09:45,0.160
01 Jul 2025 13:10:15,0.161
01 Jul 2025 13:10:30,0.105
01 Jul 2025 13:11:00,0.124
01 Jul 2025 13:11:45,0.129
01 Jul 2025 13:12:15,0.134
01 Jul 2025 13:13:30,0.178
01 Jul 2025 13:14:15,0.132
01 Jul 2025 13:14:45,0.101
01 Jul 2025 13:15:15,0.123
01 Jul 2025 13:15:30,0.126
01 Jul 2025 13:16:15,0.109
01 Jul 2025 13:16:45,0.142
01 Jul 2025 13:17:00,0.156
01 Jul 2025 13:17:15,0.140
01 Jul 2025 13:18:00,0.164
01 Jul 2025 13:18:15,0.111
01 Jul 2025 13:18:30,0.123
01 Jul 2025 13:18:45,0.157
01 Jul 2025 13:19:00,0.129
01 Jul 2025 13:19:15,0.188
01 Jul 2025 13:20:30,0.135
01 Jul 2025 13:20:45,0.118
01 Jul 2025 13:21:00,0.130
01 Jul 2025 13:21:45,0.183
01 Jul 2025 13:22:00,0.098
01 Jul 2025 13:22:15,0.169
01 Jul 2025 13:22:45,0.144
01 Jul 2025 13:23:00,0.138
01 Jul 2025 13:23:15,0.134
01 Jul 2025 13:23:30,0.121
01 Jul 2025 13:24:00,0.159
01 Jul 2025 13:24:30,0.121
01 Jul 2025 13:25:00,0.170
01 Jul 2025 13:25:30,0.141
01 Jul 2025 13:25:45,0.080
01 Jul 2025 13:26:00,0.134
01 Jul 2025 13:26:30,0.162
01 Jul 2025 13:26:45,0.136
01 Jul 2025 13:27:00,0.126
01 Jul 2025 13:27:30,0.145
01 Jul 2025 13:27:45,0.155
01 Jul 2025 13:28:00,0.120
01 Jul 2025 13:28:15,0.107
01 Jul 2025 13:29:45,0.131
01 Jul 2025 13:31:00,0.141
01 Jul 2025 13:31:30,0.138
01 Jul 2025 13:31:45,0.131
01 Jul 2025 13:32:00,0.146
01 Jul 2025 13:32:30,0.137
01 Jul 2025 13:32:45,0.108
01 Jul 2025 13:33:00,0.159
01 Jul 2025 13:33:15,0.118
01 Jul 2025 13:33:30,0.092
01 Jul 2025 13:33:45,0.103
01 Jul 2025 13:34:00,0.149
01 Jul 2025 13:35:15,0.140
01 Jul 2025 13:35:30,0.101
01 Jul 2025 13:36:30,0.139
01 Jul 2025 13:36:45,0.122
01 Jul 2025 13:37:15,0.149
01 Jul 2025 13:37:30,0.121
01 Jul 2025 13:38:00,0.127
01 Jul 2025 13:38:15,0.078
01 Jul 2025 13:38:30,0.154
01 Jul 2025 13:39:15,0.115
01 Jul 2025 13:39:30,0.083
01 Jul 2025 13:40:15,0.126
01 Jul 2025 13:40:45,0.164
01 Jul 2025 13:41:30,0.132
01 Jul 2025 13:41:45,0.147
01 Jul 2025 13:42:30,0.134
01 Jul 2025 13:43:15,0.132
01 Jul 2025 13:43:30,0.114
01 Jul 2025 13:43:45,0.141
01 Jul 2025 13:44:30,0.087
01 Jul 2025 13:45:00,0.111
01 Jul 2025 13:45:30,0.120
01 Jul 2025 13:46:15,0.126
01 Jul 2025 13:48:15,0.126
01 Jul 2025 13:48:30,0.150
01 Jul 2025 13:48:45,0.115
01 Jul 2025 13:49:00,0.156
01 Jul 2025 13:49:15,0.139
01 Jul 2025 13:49:30,0.095
01 Jul 2025 13:49:45,0.137
01 Jul 2025 13:50:00,0.112
01 Jul 2025 13:50:15,0.111
01 Jul 2025 13:50:30,0.123
01 Jul 2025 13:50:45,0.094
01 Jul 2025 13:51:00,0.118
01 Jul 2025 13:51:15,0.137
01 Jul 2025 13:51:30,0.109
01 Jul 2025 13:52:00,0.126
01 Jul 2025 13:52:30,0.151
01 Jul 2025 13:53:00,0.103
01 Jul 2025 13:53:15,0.116
01 Jul 2025 13:54:00,0.153
01 Jul 2025 13:54:15,0.062
01 Jul 2025 13:54:30,0.137
01 Jul 2025 13:55:15,0.112
01 Jul 2025 13:56:00,0.093
01 Jul 2025 13:56:15,0.103
01 Jul 2025 13:56:30,0.129
01 Jul 2025 13:57:00,0.116
01 Jul 2025 13:57:30,0.117
01 Jul 2025 13:57:45,0.118
01 Jul 2025 13:58:00,0.122
01 Jul 2025 13:58:45,0.134
01 Jul 2025 13:59:15,0.116
01 Jul 2025 13:59:30,0.099
01 Jul 2025 14:00:15,0.142
01 Jul 2025 14:00:30,0.099
01 Jul 2025 14:01:00,0.159
01 Jul 2025 14:01:30,0.082
01 Jul 2025 14:01:45,0.108
01 Jul 2025 14:02:15,0.118
01 Jul 2025 14:02:30,0.125
01 Jul 2025 14:03:00,0.108
01 Jul 2025 14:03:15,0.087
01 Jul 2025 14:03:30,0.128
01 Jul 2025 14:03:45,0.137
01 Jul 2025 14:04:00,0.134
01 Jul 2025 14:04:30,0.135
01 Jul 2025 14:04:45,0.116
01 Jul 2025 14:05:15,0.128
01 Jul 2025 14:05:45,0.089
01 Jul 2025 14:06:15,0.100
01 Jul 2025 14:06:30,0.128
01 Jul 2025 14:07:30,0.128
01 Jul 2025 14:08:00,0.082
01 Jul 2025 14:09:00,0.127
01 Jul 2025 14:09:15,0.084
01 Jul 2025 14:09:30,0.088
01 Jul 2025 14:09:45,0.133
01 Jul 2025 14:10:45,0.101
01 Jul 2025 14:11:15,0.158
01 Jul 2025 14:11:30,0.122
01 Jul 2025 14:11:45,0.107
01 Jul 2025 14:12:30,0.112
01 Jul 2025 14:12:45,0.110
01 Jul 2025 14:13:45,0.118
01 Jul 2025 14:14:45,0.105
01 Jul 2025 14:15:15,0.116
01 Jul 2025 14:15:30,0.115
01 Jul 2025 14:15:45,0.120
01 Jul 2025 14:16:45,0.078
01 Jul 2025 14:17:00,0.094
01 Jul 2025 14:17:30,0.089
01 Jul 2025 14:18:00,0.143
01 Jul 2025 14:18:30,0.096
01 Jul 2025 14:18:45,0.138
01 Jul 2025 14:20:00,0.117
01 Jul 2025 14:20:45,0.121
01 Jul 2025 14:21:00,0.134
01 Jul 2025 14:21:15,0.079
01 Jul 2025 14:21:45,0.090
01 Jul 2025 14:22:00,0.108
01 Jul 2025 14:22:15,0.133
01 Jul 2025 14:22:30,0.072
01 Jul 2025 14:22:45,0.140
01 Jul 2025 14:23:00,0.093
01 Jul 2025 14:23:15,0.080
01 Jul 2025 14:23:45,0.102
01 Jul 2025 14:24:30,0.085
01 Jul 2025 14:24:45,0.099
01 Jul 2025 14:25:30,0.099
01 Jul 2025 14:26:00,0.090
01 Jul 2025 14:26:15,0.105
01 Jul 2025 14:26:30,0.111
01 Jul 2025 14:27:00,0.117
01 Jul 2025 14:27:15,0.195
01 Jul 2025 14:27:45,0.046
01 Jul 2025 14:28:00,0.094
01 Jul 2025 14:28:15,0.172
01 Jul 2025 14:28:30,0.018
01 Jul 2025 14:28:45,0.130
01 Jul 2025 14:29:15,0.123
01 Jul 2025 14:30:00,0.136
01 Jul 2025 14:30:30,0.142
01 Jul 2025 14:30:45,0.110
01 Jul 2025 14:31:15,0.062
01 Jul 2025 14:31:30,0.109
01 Jul 2025 14:32:15,0.120
01 Jul 2025 14:32:30,0.077
01 Jul 2025 14:33:00,0.157
01 Jul 2025 14:33:45,0.069
01 Jul 2025 14:34:15,0.108
01 Jul 2025 14:34:30,0.093
01 Jul 2025 14:34:45,0.109
01 Jul 2025 14:35:00,0.072
01 Jul 2025 14:35:15,0.108
01 Jul 2025 14:36:30,0.122
01 Jul 2025 14:36:45,0.102
01 Jul 2025 14:37:00,0.114
01 Jul 2025 14:37:15,0.093
01 Jul 2025 14:37:45,0.098
01 Jul 2025 14:38:30,0.083
01 Jul 2025 14:39:00,0.094
01 Jul 2025 14:39:30,0.112
01 Jul 2025 14:39:45,0.075
01 Jul 2025 14:40:00,0.107
01 Jul 2025 14:40:30,0.105
01 Jul 2025 14:41:15,0.111
01 Jul 2025 14:42:30,0.110
01 Jul 2025 14:42:45,0.069
01 Jul 2025 14:43:00,0.086
01 Jul 2025 14:44:00,0.131
01 Jul 2025 14:44:30,0.117
01 Jul 2025 14:44:45,0.074
01 Jul 2025 14:45:00,0.070
01 Jul 2025 14:45:45,0.082
01 Jul 2025 14:46:15,0.131
01 Jul 2025 14:46:45,0.106
01 Jul 2025 14:47:00,0.063
01 Jul 2025 14:47:30,0.115
01 Jul 2025 14:48:00,0.092
01 Jul 2025 14:49:15,0.071
01 Jul 2025 14:50:15,0.072
01 Jul 2025 14:50:30,0.043
01 Jul 2025 14:50:45,0.092
01 Jul 2025 14:51:00,0.080
01 Jul 2025 14:51:15,0.098
01 Jul 2025 14:51:30,0.068
01 Jul 2025 14:51:45,0.095
01 Jul 2025 14:52:15,0.085
01 Jul 2025 14:53:00,0.093
01 Jul 2025 14:53:30,0.085
01 Jul 2025 14:53:45,0.093
01 Jul 2025 14:54:00,0.104
01 Jul 2025 14:54:15,0.095
01 Jul 2025 14:54:45,0.157
01 Jul 2025 14:55:00,0.083
01 Jul 2025 14:55:15,0.098
01 Jul 2025 14:55:30,0.093
01 Jul 2025 14:56:15,0.134
01 Jul 2025 14:56:30,0.108
01 Jul 2025 14:57:00,0.117
01 Jul 2025 14:57:45,0.076
01 Jul 2025 14:58:00,0.089
01 Jul 2025 14:58:15,0.069
01 Jul 2025 14:58:30,0.087
01 Jul 2025 14:59:00,0.081
01 Jul 2025 14:59:45,0.089
01 Jul 2025 15:00:45,0.080
01 Jul 2025 15:01:15,0.037
01 Jul 2025 15:01:45,0.100
01 Jul 2025 15:02:15,0.083
01 Jul 2025 15:02:45,0.104
01 Jul 2025 15:03:00,0.084
01 Jul 2025 15:03:15,0.118
01 Jul 2025 15:03:45,0.057
01 Jul 2025 15:04:15,0.089
01 Jul 2025 15:04:30,0.069
01 Jul 2025 15:04:45,0.059
01 Jul 2025 15:05:00,0.086
01 Jul 2025 15:05:45,0.029
01 Jul 2025 15:06:15,0.066
01 Jul 2025 15:07:00,0.095
01 Jul 2025 15:07:15,0.097
01 Jul 2025 15:07:30,0.109
01 Jul 2025 15:07:45,0.086
01 Jul 2025 15:08:15,0.091
01 Jul 2025 15:08:30,0.059
01 Jul 2025 15:09:15,0.058
01 Jul 2025 15:09:30,0.069
01 Jul 2025 15:10:15,0.046
01 Jul 2025 15:11:45,0.072
01 Jul 2025 15:12:00,0.097
01 Jul 2025 15:12:15,0.083
01 Jul 2025 15:13:00,0.073
01 Jul 2025 15:14:45,0.089
01 Jul 2025 15:15:00,0.037
01 Jul 2025 15:15:30,0.085
01 Jul 2025 15:15:45,0.041
01 Jul 2025 15:16:45,0.070
01 Jul 2025 15:17:00,0.065
01 Jul 2025 15:17:45,0.071
01 Jul 2025 15:18:30,0.079
01 Jul 2025 15:19:15,0.068
01 Jul 2025 15:19:30,0.078
01 Jul 2025 15:20:00,0.049
01 Jul 2025 15:20:30,0.077
01 Jul 2025 15:20:45,0.045
01 Jul 2025 15:21:15,0.040
01 Jul 2025 15:21:30,0.070
01 Jul 2025 15:21:45,0.071
01 Jul 2025 15:22:15,0.059
01 Jul 2025 15:22:30,0.061
01 Jul 2025 15:23:30,0.078
01 Jul 2025 15:24:00,0.045
01 Jul 2025 15:24:15,0.098
01 Jul 2025 15:25:00,0.023
01 Jul 2025 15:25:15,0.109
01 Jul 2025 15:25:30,0.056
01 Jul 2025 15:25:45,0.084
01 Jul 2025 15:26:15,0.060
01 Jul 2025 15:27:30,0.044
01 Jul 2025 15:28:00,0.086
01 Jul 2025 15:28:15,0.084
01 Jul 2025 15:29:45,0.071
01 Jul 2025 15:30:45,0.047
01 Jul 2025 15:31:45,0.034
01 Jul 2025 15:32:15,0.075
01 Jul 2025 15:33:00,0.064
01 Jul 2025 15:33:15,0.044
01 Jul 2025 15:33:30,0.051
01 Jul 2025 15:33:45,0.057
01 Jul 2025 15:34:00,0.091
01 Jul 2025 15:34:15,0.066
01 Jul 2025 15:35:00,0.069
01 Jul 2025 15:35:15,0.073
01 Jul 2025 15:35:30,0.073
01 Jul 2025 15:36:30,0.040
01 Jul 2025 15:37:00,0.047
01 Jul 2025 15:37:30,0.019
01 Jul 2025 15:38:15,0.053
01 Jul 2025 15:38:30,0.066
01 Jul 2025 15:38:45,0.078
01 Jul 2025 15:39:15,0.046
01 Jul 2025 15:39:30,0.028
01 Jul 2025 15:39:45,0.043
01 Jul 2025 15:40:00,0.070
01 Jul 2025 15:40:15,0.044
01 Jul 2025 15:40:45,0.045
01 Jul 2025 15:41:00,0.068
01 Jul 2025 15:41:15,-0.009
01 Jul 2025 15:41:45,0.062
01 Jul 2025 15:42:15,0.014
01 Jul 2025 15:42:30,0.048
01 Jul 2025 15:42:45,0.025
01 Jul 2025 15:43:15,0.061
01 Jul 2025 15:44:15,0.102
01 Jul 2025 15:44:45,0.054
01 Jul 2025 15:45:00,0.094
01 Jul 2025 15:45:45,0.095
01 Jul 2025 15:46:30,0.043
01 Jul 2025 15:46:45,0.034
01 Jul 2025 15:47:30,0.078
01 Jul 2025 15:47:45,0.035
01 Jul 2025 15:49:45,0.009
01 Jul 2025 15:50:30,0.079
01 Jul 2025 15:51:00,0.066
01 Jul 2025 15:51:15,0.061
01 Jul 2025 15:51:30,0.027
01 Jul 2025 15:52:00,0.079
01 Jul 2025 15:52:15,0.050
01 Jul 2025 15:52:30,0.032
01 Jul 2025 15:54:00,0.058
01 Jul 2025 15:54:15,0.049
01 Jul 2025 15:55:30,0.078
01 Jul 2025 15:55:45,0.073
01 Jul 2025 15:56:00,0.040
01 Jul 2025 15:57:00,0.032
01 Jul 2025 15:57:30,0.041
01 Jul 2025 15:58:15,0.041
01 Jul 2025 15:59:00,0.073
01 Jul 2025 15:59:45,0.005
01 Jul 2025 16:00:00,0.067
01 Jul 2025 16:01:00,0.018
01 Jul 2025 16:02:00,0.053
01 Jul 2025 16:02:45,0.009
01 Jul 2025 16:03:30,0.044
01 Jul 2025 16:04:45,0.031
01 Jul 2025 16:05:00,0.050
01 Jul 2025 16:05:30,0.029
01 Jul 2025 16:05:45,0.013
01 Jul 2025 16:06:00,0.067
01 Jul 2025 16:06:30,-0.001
01 Jul 2025 16:07:00,0.030
01 Jul 2025 16:07:30,0.025
01 Jul 2025 16:07:45,0.037
01 Jul 2025 16:08:00,0.021
01 Jul 2025 16:08:15,0.057
01 Jul 2025 16:08:30,0.058
01 Jul 2025 16:08:45,0.038
01 Jul 2025 16:09:00,0.012
01 Jul 2025 16:09:15,0.034
01 Jul 2025 16:09:45,0.054
01 Jul 2025 16:10:45,0.010
01 Jul 2025 16:11:00,0.012
01 Jul 2025 16:11:15,0.054
01 Jul 2025 16:11:45,0.055
01 Jul 2025 16:12:00,0.066
01 Jul 2025 16:12:15,0.067
01 Jul 2025 16:12:30,0.034
01 Jul 2025 16:12:45,0.030
01 Jul 2025 16:13:15,0.045
01 Jul 2025 16:13:30,0.030
01 Jul 2025 16:14:00,0.007
01 Jul 2025 16:14:15,0.051
01 Jul 2025 16:14:45,0.066
01 Jul 2025 16:15:00,0.043
01 Jul 2025 16:15:30,0.090
01 Jul 2025 16:16:00,0.047
01 Jul 2025 16:16:15,0.063
01 Jul 2025 16:16:30,0.063
01 Jul 2025 16:16:45,0.040
01 Jul 2025 16:17:00,0.058
01 Jul 2025 16:17:15,0.048
01 Jul 2025 16:18:00,0.034
01 Jul 2025 16:18:15,0.031
01 Jul 2025 16:19:00,0.042
01 Jul 2025 16:19:15,0.063
01 Jul 2025 16:19:45,0.043
01 Jul 2025 16:20:00,0.083
01 Jul 2025 16:20:15,0.047
01 Jul 2025 16:21:00,0.045
01 Jul 2025 16:21:15,0.035
01 Jul 2025 16:21:30,0.028
01 Jul 2025 16:22:15,0.019
01 Jul 2025 16:23:15,0.019
01 Jul 2025 16:24:15,0.081
01 Jul 2025 16:24:30,0.027
01 Jul 2025 16:25:15,0.021
01 Jul 2025 16:25:45,0.035
01 Jul 2025 16:26:00,0.031
01 Jul 2025 16:26:15,0.018
01 Jul 2025 16:26:45,0.053
01 Jul 2025 16:27:15,0.033
01 Jul 2025 16:27:30,0.059
01 Jul 2025 16:28:00,-0.006
01 Jul 2025 16:28:15,0.004
01 Jul 2025 16:28:30,0.025
01 Jul 2025 16:29:00,0.030
01 Jul 2025 16:29:15,0.027
01 Jul 2025 16:29:30,0.027
01 Jul 2025 16:30:00,0.070
01 Jul 2025 16:30:15,0.067
01 Jul 2025 16:30:30,0.059
01 Jul 2025 16:30:45,0.011
01 Jul 2025 16:31:00,0.029
01 Jul 2025 16:31:15,0.046
01 Jul 2025 16:31:30,0.035
01 Jul 2025 16:32:00,0.039
01 Jul 2025 16:32:15,0.005
01 Jul 2025 16:33:30,-0.012
01 Jul 2025 16:34:00,0.040
01 Jul 2025 16:34:30,0.027
01 Jul 2025 16:35:30,0.049
01 Jul 2025 16:36:00,0.014
01 Jul 2025 16:37:00,0.025
01 Jul 2025 16:38:30,0.064
01 Jul 2025 16:38:45,-0.012
01 Jul 2025 16:39:30,0.044
01 Jul 2025 16:39:45,0.013
01 Jul 2025 16:40:15,0.039
01 Jul 2025 16:40:30,0.024
01 Jul 2025 16:40:45,0.048
01 Jul 2025 16:41:15,0.030
01 Jul 2025 16:41:30,0.037
01 Jul 2025 16:42:00,0.039
01 Jul 2025 16:42:30,0.041
01 Jul 2025 16:43:00,0.000
01 Jul 2025 16:43:45,0.035
01 Jul 2025 16:44:00,0.033
01 Jul 2025 16:44:15,0.048
01 Jul 2025 16:44:30,0.031
01 Jul 2025 16:45:00,0.020
01 Jul 2025 16:45:15,0.054
01 Jul 2025 16:45:30,0.054
01 Jul 2025 16:46:00,0.033
01 Jul 2025 16:46:15,0.023
01 Jul 2025 16:46:30,0.062
01 Jul 2025 16:48:00,0.027
01 Jul 2025 16:48:30,-0.001
01 Jul 2025 16:48:45,0.069
01 Jul 2025 16:49:00,0.021
01 Jul 2025 16:50:00,0.021
01 Jul 2025 16:50:15,0.005
01 Jul 2025 16:50:30,0.054
01 Jul 2025 16:50:45,0.034
01 Jul 2025 16:51:00,0.023
01 Jul 2025 16:51:45,0.065
01 Jul 2025 16:52:30,0.056
01 Jul 2025 16:52:45,0.007
01 Jul 2025 16:53:00,0.007
01 Jul 2025 16:54:15,0.058
01 Jul 2025 16:54:30,0.029
01 Jul 2025 16:55:00,0.012
01 Jul 2025 16:55:30,0.025
01 Jul 2025 16:56:30,0.028
01 Jul 2025 16:56:45,-0.025
01 Jul 2025 16:58:15,0.011
01 Jul 2025 16:59:00,0.052
01 Jul 2025 16:59:15,0.031
01 Jul 2025 16:59:30,0.044
01 Jul 2025 17:00:15,0.016
01 Jul 2025 17:04:45,0.069
01 Jul 2025 17:05:15,0.038
01 Jul 2025 17:05:45,0.063
01 Jul 2025 17:06:00,0.023
01 Jul 2025 17:06:15,0.005
01 Jul 2025 17:06:45,0.035
01 Jul 2025 17:07:00,0.040
01 Jul 2025 17:07:15,0.043
01 Jul 2025 17:08:00,0.061
01 Jul 2025 17:08:15,0.022
01 Jul 2025 17:08:45,-0.005
01 Jul 2025 17:09:00,0.065
01 Jul 2025 17:09:45,0.031
01 Jul 2025 17:10:00,0.035
01 Jul 2025 17:10:30,0.017
01 Jul 2025 17:10:45,0.046
01 Jul 2025 17:11:00,0.033
01 Jul 2025 17:11:45,0.042
01 Jul 2025 17:12:30,0.058
01 Jul 2025 17:12:45,0.019
01 Jul 2025 17:13:00,0.039
01 Jul 2025 17:13:30,0.022
01 Jul 2025 17:13:45,0.035
01 Jul 2025 17:14:00,0.032
01 Jul 2025 17:14:30,0.028
01 Jul 2025 17:15:15,0.027
01 Jul 2025 17:16:15,-0.041
01 Jul 2025 17:16:30,-0.020
01 Jul 2025 17:17:00,0.037
01 Jul 2025 17:18:45,0.004
01 Jul 2025 17:19:30,0.007
01 Jul 2025 17:21:00,0.030
01 Jul 2025 17:22:15,0.095
01 Jul 2025 17:22:30,0.026
01 Jul 2025 17:23:00,0.047
01 Jul 2025 17:23:15,0.016
01 Jul 2025 17:23:30,0.040
01 Jul 2025 17:23:45,0.044
01 Jul 2025 17:24:00,0.075
01 Jul 2025 17:24:45,0.071
01 Jul 2025 17:25:30,0.044
01 Jul 2025 17:25:45,0.055
01 Jul 2025 17:26:00,0.056
01 Jul 2025 17:26:45,0.069
01 Jul 2025 17:27:00,0.021
01 Jul 2025 17:27:15,0.022
01 Jul 2025 17:27:30,0.035
01 Jul 2025 17:28:30,0.031
01 Jul 2025 17:29:00,0.052
01 Jul 2025 17:29:30,0.064
01 Jul 2025 17:29:45,0.022
01 Jul 2025 17:30:45,0.023
01 Jul 2025 17:31:00,0.044
01 Jul 2025 17:31:15,0.007
01 Jul 2025 17:31:30,0.057
01 Jul 2025 17:32:45,0.024
01 Jul 2025 17:33:30,0.040
01 Jul 2025 17:33:45,0.043
01 Jul 2025 17:34:45,0.052
01 Jul 2025 17:35:00,0.033
01 Jul 2025 17:35:30,0.036
01 Jul 2025 17:35:45,0.064
01 Jul 2025 17:36:15,0.043
01 Jul 2025 17:36:45,0.064
01 Jul 2025 17:37:15,0.021
01 Jul 2025 17:37:30,0.053
01 Jul 2025 17:37:45,0.003
01 Jul 2025 17:38:00,0.053
01 Jul 2025 17:38:15,0.060
01 Jul 2025 17:39:00,0.040
01 Jul 2025 17:39:15,0.020
01 Jul 2025 17:39:30,0.051
01 Jul 2025 17:39:45,0.054
01 Jul 2025 17:40:00,0.003
01 Jul 2025 17:40:45,0.026
01 Jul 2025 17:41:30,0.050
01 Jul 2025 17:41:45,0.051
01 Jul 2025 17:42:00,0.051
01 Jul 2025 17:43:15,0.009
01 Jul 2025 17:43:30,0.012
01 Jul 2025 17:44:00,0.035
01 Jul 2025 17:44:15,0.069
01 Jul 2025 17:44:30,0.022
01 Jul 2025 17:44:45,0.022
01 Jul 2025 17:45:45,0.032
01 Jul 2025 17:46:00,0.011
01 Jul 2025 17:46:15,0.054
01 Jul 2025 17:46:30,0.040
01 Jul 2025 17:47:15,0.004
01 Jul 2025 17:47:30,0.059
01 Jul 2025 17:48:45,0.061
01 Jul 2025 17:49:00,0.014
01 Jul 2025 17:49:30,0.012
01 Jul 2025 17:50:30,0.028
01 Jul 2025 17:50:45,0.021
01 Jul 2025 17:51:00,0.011
01 Jul 2025 17:51:45,0.036
01 Jul 2025 17:52:00,0.020
01 Jul 2025 17:52:30,0.041
01 Jul 2025 17:53:45,0.043
01 Jul 2025 17:55:00,0.021
01 Jul 2025 17:55:30,0.028
01 Jul 2025 17:56:30,0.017
01 Jul 2025 17:56:45,0.030
01 Jul 2025 17:57:15,0.053
01 Jul 2025 17:57:30,0.056
01 Jul 2025 17:58:00,0.015
01 Jul 2025 17:58:15,0.024
01 Jul 2025 17:58:30,0.028
01 Jul 2025 17:58:45,0.007
01 Jul 2025 17:59:00,0.023
01 Jul 2025 17:59:15,0.059
01 Jul 2025 17:59:30,0.050
01 Jul 2025 17:59:45,0.045
01 Jul 2025 18:00:00,0.042
01 Jul 2025 18:00:15,0.066
01 Jul 2025 18:00:45,0.081
01 Jul 2025 18:01:15,0.039
01 Jul 2025 18:01:30,0.028
01 Jul 2025 18:01:45,0.039
01 Jul 2025 18:02:15,0.004
01 Jul 2025 18:03:15,0.026
01 Jul 2025 18:03:30,0.023
01 Jul 2025 18:03:45,0.032
01 Jul 2025 18:04:00,0.049
01 Jul 2025 18:05:00,0.032
01 Jul 2025 18:05:30,0.026
01 Jul 2025 18:05:45,0.007
01 Jul 2025 18:07:00,0.058
01 Jul 2025 18:07:30,0.047
01 Jul 2025 18:08:30,0.032
01 Jul 2025 18:08:45,0.065
01 Jul 2025 18:09:00,0.022
01 Jul 2025 18:09:30,0.039
01 Jul 2025 18:09:45,0.048
01 Jul 2025 18:11:00,0.031
01 Jul 2025 18:11:15,0.047
01 Jul 2025 18:11:30,0.052
01 Jul 2025 18:11:45,0.019
01 Jul 2025 18:12:15,0.069
01 Jul 2025 18:13:15,0.071
01 Jul 2025 18:14:30,0.056
01 Jul 2025 18:15:00,0.049
01 Jul 2025 18:15:30,0.049
01 Jul 2025 18:15:45,0.030
01 Jul 2025 18:16:15,0.049
01 Jul 2025 18:16:30,0.039
01 Jul 2025 18:17:00,0.030
01 Jul 2025 18:18:45,0.060
01 Jul 2025 18:19:00,0.046
01 Jul 2025 18:20:00,0.075
01 Jul 2025 18:20:15,0.027
01 Jul 2025 18:21:00,0.002
01 Jul 2025 18:21:15,0.031
01 Jul 2025 18:21:30,0.024
01 Jul 2025 18:21:45,0.055
01 Jul 2025 18:22:30,0.025
01 Jul 2025 18:23:15,0.039
01 Jul 2025 18:23:30,0.044
01 Jul 2025 18:23:45,0.072
01 Jul 2025 18:24:30,0.046
01 Jul 2025 18:24:45,0.024
01 Jul 2025 18:26:15,0.030
01 Jul 2025 18:26:45,0.075
01 Jul 2025 18:27:30,0.008
01 Jul 2025 18:28:30,0.062
01 Jul 2025 18:29:00,0.018
01 Jul 2025 18:29:30,0.051
01 Jul 2025 18:30:30,0.045
01 Jul 2025 18:31:30,0.039
01 Jul 2025 18:32:30,0.049
01 Jul 2025 18:32:45,0.010
01 Jul 2025 18:33:00,0.030
01 Jul 2025 18:34:00,0.046
01 Jul 2025 18:34:45,0.037
01 Jul 2025 18:35:15,0.040
01 Jul 2025 18:35:45,0.058
01 Jul 2025 18:36:15,0.049
01 Jul 2025 18:36:30,0.047
01 Jul 2025 18:36:45,0.020
01 Jul 2025 18:37:15,0.070
01 Jul 2025 18:38:00,0.041
01 Jul 2025 18:38:15,0.065
01 Jul 2025 18:38:30,0.068
01 Jul 2025 18:38:45,0.055
01 Jul 2025 18:39:00,0.090
01 Jul 2025 18:39:30,0.060
01 Jul 2025 18:40:30,0.021
01 Jul 2025 18:40:45,0.031
01 Jul 2025 18:41:00,0.035
01 Jul 2025 18:41:15,0.024
01 Jul 2025 18:41:30,0.047
01 Jul 2025 18:41:45,0.060
01 Jul 2025 18:42:00,0.021
01 Jul 2025 18:42:15,0.067
01 Jul 2025 18:42:30,0.066
01 Jul 2025 18:43:00,0.041
01 Jul 2025 18:43:15,0.058
01 Jul 2025 18:43:30,0.033
01 Jul 2025 18:43:45,0.028
01 Jul 2025 18:44:00,0.031
01 Jul 2025 18:44:30,0.071
01 Jul 2025 18:45:00,0.038
01 Jul 2025 18:45:15,0.021
01 Jul 2025 18:45:30,0.053
01 Jul 2025 18:46:45,0.015
01 Jul 2025 18:47:00,0.013
01 Jul 2025 18:48:00,0.032
01 Jul 2025 18:49:15,0.058
01 Jul 2025 18:49:30,0.048
01 Jul 2025 18:49:45,0.039
01 Jul 2025 18:50:00,0.017
01 Jul 2025 18:50:45,0.061
01 Jul 2025 18:51:15,0.038
01 Jul 2025 18:51:30,0.002
01 Jul 2025 18:52:00,0.037
01 Jul 2025 18:52:30,0.050
01 Jul 2025 18:52:45,0.032
01 Jul 2025 18:53:00,0.047
01 Jul 2025 18:54:30,0.023
01 Jul 2025 18:55:15,0.018
01 Jul 2025 18:56:15,0.045
01 Jul 2025 18:56:45,0.053
01 Jul 2025 18:57:15,0.045
01 Jul 2025 18:58:00,0.030
01 Jul 2025 18:58:30,0.078
01 Jul 2025 18:59:00,0.041
01 Jul 2025 18:59:45,0.082
01 Jul 2025 19:00:45,0.075
01 Jul 2025 19:02:00,0.071
01 Jul 2025 19:02:30,0.049
01 Jul 2025 19:03:00,0.049
01 Jul 2025 19:03:15,0.060
01 Jul 2025 19:04:00,0.069
01 Jul 2025 19:04:15,0.048
01 Jul 2025 19:05:00,0.055
01 Jul 2025 19:05:15,0.032
01 Jul 2025 19:05:30,0.045
01 Jul 2025 19:06:15,0.060
01 Jul 2025 19:06:45,0.067
01 Jul 2025 19:07:30,0.076
01 Jul 2025 19:08:15,0.069
01 Jul 2025 19:08:30,-0.012
01 Jul 2025 19:09:15,0.021
01 Jul 2025 19:09:30,0.082
01 Jul 2025 19:09:45,0.048
01 Jul 2025 19:10:15,0.048
01 Jul 2025 19:11:00,0.070
01 Jul 2025 19:11:30,0.040
01 Jul 2025 19:11:45,0.067
01 Jul 2025 19:12:00,0.075
01 Jul 2025 19:12:30,0.067
01 Jul 2025 19:13:00,0.093
01 Jul 2025 19:13:15,0.060
01 Jul 2025 19:13:30,0.040
01 Jul 2025 19:14:15,0.045
01 Jul 2025 19:14:45,0.031
01 Jul 2025 19:15:00,0.045
01 Jul 2025 19:15:15,0.025
01 Jul 2025 19:15:45,0.138
01 Jul 2025 19:16:00,0.059
01 Jul 2025 19:16:45,0.092
01 Jul 2025 19:17:00,0.025
01 Jul 2025 19:17:30,0.066
01 Jul 2025 19:17:45,0.087
01 Jul 2025 19:18:00,0.088
01 Jul 2025 19:18:30,0.078
01 Jul 2025 19:18:45,0.042
01 Jul 2025 19:19:00,0.071
01 Jul 2025 19:19:30,0.055
01 Jul 2025 19:19:45,0.057
01 Jul 2025 19:20:00,0.059
01 Jul 2025 19:20:15,0.023
01 Jul 2025 19:20:30,0.036
01 Jul 2025 19:20:45,0.085
01 Jul 2025 19:21:15,0.083
01 Jul 2025 19:22:00,0.047
01 Jul 2025 19:22:30,0.044
01 Jul 2025 19:22:45,0.062
01 Jul 2025 19:23:15,0.052
01 Jul 2025 19:23:30,0.071
01 Jul 2025 19:23:45,0.026
01 Jul 2025 19:24:15,0.059
01 Jul 2025 19:24:30,-0.004
01 Jul 2025 19:24:45,0.084
01 Jul 2025 19:25:30,0.043
01 Jul 2025 19:26:00,0.036
01 Jul 2025 19:26:30,0.104
01 Jul 2025 19:26:45,0.052
01 Jul 2025 19:27:00,0.086
01 Jul 2025 19:27:15,0.065
01 Jul 2025 19:27:30,0.052
01 Jul 2025 19:28:00,0.075
01 Jul 2025 19:28:45,0.066
01 Jul 2025 19:29:00,0.030
01 Jul 2025 19:29:30,0.052
01 Jul 2025 19:29:45,-0.001
01 Jul 2025 19:31:00,0.056
01 Jul 2025 19:31:30,0.089
01 Jul 2025 19:31:45,0.108
01 Jul 2025 19:32:00,0.062
01 Jul 2025 19:32:30,0.072
01 Jul 2025 19:32:45,0.020
01 Jul 2025 19:33:30,0.097
01 Jul 2025 19:35:15,0.114
01 Jul 2025 19:35:45,0.094
01 Jul 2025 19:36:00,0.026
01 Jul 2025 19:36:15,-0.010
01 Jul 2025 19:36:30,0.075
01 Jul 2025 19:37:00,0.063
01 Jul 2025 19:37:45,0.068
01 Jul 2025 19:38:00,0.064
01 Jul 2025 19:38:15,0.071
01 Jul 2025 19:39:00,0.079
01 Jul 2025 19:39:15,0.022
01 Jul 2025 19:39:30,0.090
01 Jul 2025 19:40:00,0.082
01 Jul 2025 19:40:30,0.113
01 Jul 2025 19:41:15,0.031
01 Jul 2025 19:42:00,0.097
01 Jul 2025 19:42:15,0.040
01 Jul 2025 19:42:30,0.095
01 Jul 2025 19:43:15,0.047
01 Jul 2025 19:43:30,0.052
01 Jul 2025 19:43:45,0.085
01 Jul 2025 19:44:00,0.060
01 Jul 2025 19:44:45,0.094
01 Jul 2025 19:45:00,0.060
01 Jul 2025 19:46:00,0.092
01 Jul 2025 19:46:30,0.081
01 Jul 2025 19:46:45,0.093
01 Jul 2025 19:47:00,0.077
01 Jul 2025 19:47:30,0.073
01 Jul 2025 19:48:00,0.069
01 Jul 2025 19:49:30,0.097
01 Jul 2025 19:49:45,0.091
01 Jul 2025 19:50:00,0.116
01 Jul 2025 19:50:15,0.098
01 Jul 2025 19:50:30,0.078
01 Jul 2025 19:51:00,0.113
01 Jul 2025 19:51:15,0.082
01 Jul 2025 19:52:15,0.080
01 Jul 2025 19:52:45,0.044
01 Jul 2025 19:53:00,0.109
01 Jul 2025 19:53:15,0.047
01 Jul 2025 19:53:45,0.060
01 Jul 2025 19:54:00,0.097
01 Jul 2025 19:54:30,0.108
01 Jul 2025 19:55:15,0.090
01 Jul 2025 19:56:00,0.108
01 Jul 2025 19:56:30,0.101
01 Jul 2025 19:56:45,0.127
01 Jul 2025 19:57:00,0.051
01 Jul 2025 19:57:45,0.066
01 Jul 2025 19:58:00,0.089
01 Jul 2025 19:58:15,0.040
01 Jul 2025 19:58:30,0.101
01 Jul 2025 19:58:45,0.091
01 Jul 2025 19:59:30,0.079
01 Jul 2025 19:59:45,0.091
01 Jul 2025 20:00:00,0.086
01 Jul 2025 20:01:30,0.067
01 Jul 2025 20:01:45,0.086
01 Jul 2025 20:02:00,0.099
01 Jul 2025 20:02:15,0.055
01 Jul 2025 20:02:30,0.012
01 Jul 2025 20:03:00,0.047
01 Jul 2025 20:03:30,0.037
01 Jul 2025 20:03:45,0.108
01 Jul 2025 20:04:00,0.100
01 Jul 2025 20:04:15,0.079
01 Jul 2025 20:05:15,0.054
01 Jul 2025 20:05:45,0.043
01 Jul 2025 20:06:15,0.062
01 Jul 2025 20:07:15,0.095
01 Jul 2025 20:07:30,0.080
01 Jul 2025 20:07:45,0.098
01 Jul 2025 20:08:00,0.125
01 Jul 2025 20:08:15,0.102
01 Jul 2025 20:08:30,0.095
01 Jul 2025 20:09:15,0.074
01 Jul 2025 20:10:00,0.066
01 Jul 2025 20:10:30,0.072
01 Jul 2025 20:10:45,0.077
01 Jul 2025 20:11:00,0.106
01 Jul 2025 20:11:15,0.069
01 Jul 2025 20:12:15,0.079
01 Jul 2025 20:12:30,0.079
01 Jul 2025 20:13:00,0.087
01 Jul 2025 20:13:15,0.055
01 Jul 2025 20:13:30,0.096
01 Jul 2025 20:13:45,0.106
01 Jul 2025 20:14:30,0.096
01 Jul 2025 20:14:45,0.075
01 Jul 2025 20:15:30,0.069
01 Jul 2025 20:15:45,0.040
01 Jul 2025 20:16:00,0.050
01 Jul 2025 20:16:15,0.082
01 Jul 2025 20:16:45,0.100
01 Jul 2025 20:17:15,0.093
01 Jul 2025 20:18:30,0.065
01 Jul 2025 20:18:45,0.044
01 Jul 2025 20:19:45,0.127
01 Jul 2025 20:20:00,0.104
01 Jul 2025 20:20:45,0.066
01 Jul 2025 20:21:00,0.066
01 Jul 2025 20:22:15,0.081
01 Jul 2025 20:23:15,0.029
01 Jul 2025 20:24:00,0.139
01 Jul 2025 20:24:15,0.116
01 Jul 2025 20:24:30,0.114
01 Jul 2025 20:24:45,0.098
01 Jul 2025 20:25:45,0.070
01 Jul 2025 20:26:00,0.077
01 Jul 2025 20:26:30,0.073
01 Jul 2025 20:27:15,0.082
01 Jul 2025 20:27:30,0.034
01 Jul 2025 20:28:30,0.113
01 Jul 2025 20:29:45,0.089
01 Jul 2025 20:31:00,0.094
01 Jul 2025 20:31:45,0.090
01 Jul 2025 20:32:15,0.093
01 Jul 2025 20:33:00,0.097
01 Jul 2025 20:33:30,0.094
01 Jul 2025 20:33:45,0.159
01 Jul 2025 20:34:15,0.116
01 Jul 2025 20:34:30,0.060
01 Jul 2025 20:35:15,0.096
01 Jul 2025 20:35:30,0.094
01 Jul 2025 20:36:00,0.128
01 Jul 2025 20:36:15,0.092
01 Jul 2025 20:37:00,0.089
01 Jul 2025 20:37:30,0.089
01 Jul 2025 20:37:45,0.116
01 Jul 2025 20:38:15,0.112
01 Jul 2025 20:38:30,0.073
01 Jul 2025 20:39:00,0.043
01 Jul 2025 20:39:30,0.130
01 Jul 2025 20:40:00,0.122
01 Jul 2025 20:40:15,0.098
01 Jul 2025 20:40:30,0.099
01 Jul 2025 20:40:45,0.097
01 Jul 2025 20:41:00,0.077
01 Jul 2025 20:41:30,0.099
01 Jul 2025 20:41:45,0.086
01 Jul 2025 20:42:15,0.104
01 Jul 2025 20:43:15,0.091
01 Jul 2025 20:44:00,0.095
01 Jul 2025 20:44:15,0.107
01 Jul 2025 20:44:45,0.082
01 Jul 2025 20:45:00,0.122
01 Jul 2025 20:45:15,0.100
01 Jul 2025 20:46:00,0.076
01 Jul 2025 20:46:15,0.117
01 Jul 2025 20:46:30,0.061
01 Jul 2025 20:47:00,0.126
01 Jul 2025 20:47:45,0.059
01 Jul 2025 20:48:00,0.078
01 Jul 2025 20:49:45,0.111
01 Jul 2025 20:50:00,0.087
01 Jul 2025 20:50:30,0.080
01 Jul 2025 20:50:45,0.088
01 Jul 2025 20:51:45,0.117
01 Jul 2025 20:52:00,0.107
01 Jul 2025 20:52:30,0.117
01 Jul 2025 20:53:15,0.135
01 Jul 2025 20:53:45,0.073
01 Jul 2025 20:54:15,0.145
01 Jul 2025 20:55:00,0.109
01 Jul 2025 20:55:45,0.109
01 Jul 2025 20:56:00,0.118
01 Jul 2025 20:56:15,0.128
01 Jul 2025 20:56:45,0.113
01 Jul 2025 20:57:00,0.122
01 Jul 2025 20:57:45,0.149
01 Jul 2025 20:58:00,0.117
01 Jul 2025 20:58:15,0.123
01 Jul 2025 20:59:00,0.147
01 Jul 2025 20:59:45,0.104
01 Jul 2025 21:00:00,0.091
01 Jul 2025 21:00:30,0.111
01 Jul 2025 21:00:45,0.086
01 Jul 2025 21:01:15,0.096
01 Jul 2025 21:01:30,0.068
01 Jul 2025 21:02:45,0.108
01 Jul 2025 21:03:00,0.081
01 Jul 2025 21:04:30,0.116
01 Jul 2025 21:05:15,0.089
01 Jul 2025 21:05:30,0.134
01 Jul 2025 21:06:30,0.156
01 Jul 2025 21:07:15,0.169
01 Jul 2025 21:08:00,0.109
01 Jul 2025 21:08:15,0.143
01 Jul 2025 21:08:45,0.099
01 Jul 2025 21:09:00,0.117
01 Jul 2025 21:09:15,0.131
01 Jul 2025 21:09:30,0.082
01 Jul 2025 21:10:00,0.110
01 Jul 2025 21:10:15,0.123
01 Jul 2025 21:10:30,0.157
01 Jul 2025 21:11:00,0.117
01 Jul 2025 21:11:30,0.104
01 Jul 2025 21:12:00,0.079
01 Jul 2025 21:12:15,0.123
01 Jul 2025 21:12:30,0.126
01 Jul 2025 21:12:45,0.106
01 Jul 2025 21:13:00,0.117
01 Jul 2025 21:14:00,0.128
01 Jul 2025 21:15:00,0.115
01 Jul 2025 21:15:45,0.123
01 Jul 2025 21:16:15,0.133
01 Jul 2025 21:16:45,0.122
01 Jul 2025 21:17:00,0.100
01 Jul 2025 21:17:30,0.144
01 Jul 2025 21:17:45,0.122
01 Jul 2025 21:18:00,0.120
01 Jul 2025 21:19:00,0.164
01 Jul 2025 21:19:30,0.114
01 Jul 2025 21:20:00,0.087
01 Jul 2025 21:20:30,0.128
01 Jul 2025 21:21:15,0.076
01 Jul 2025 21:21:30,0.136
01 Jul 2025 21:22:00,0.092
01 Jul 2025 21:22:45,0.118
01 Jul 2025 21:23:15,0.098
01 Jul 2025 21:23:30,0.109
01 Jul 2025 21:23:45,0.125
01 Jul 2025 21:24:30,0.094
01 Jul 2025 21:24:45,0.131
01 Jul 2025 21:25:15,0.162
01 Jul 2025 21:25:30,0.142
01 Jul 2025 21:26:15,0.141
01 Jul 2025 21:26:30,0.130
01 Jul 2025 21:26:45,0.132
01 Jul 2025 21:27:30,0.158
01 Jul 2025 21:28:30,0.109
01 Jul 2025 21:29:15,0.156
01 Jul 2025 21:29:30,0.139
01 Jul 2025 21:29:45,0.123
01 Jul 2025 21:30:15,0.131
01 Jul 2025 21:31:00,0.138
01 Jul 2025 21:31:15,0.132
01 Jul 2025 21:31:45,0.125
01 Jul 2025 21:32:30,0.138
01 Jul 2025 21:33:15,0.112
01 Jul 2025 21:34:00,0.157
01 Jul 2025 21:34:15,0.144
01 Jul 2025 21:34:45,0.148
01 Jul 2025 21:35:00,0.156
01 Jul 2025 21:35:15,0.151
01 Jul 2025 21:35:30,0.161
01 Jul 2025 21:36:00,0.139
01 Jul 2025 21:36:15,0.132
01 Jul 2025 21:36:45,0.136
01 Jul 2025 21:37:30,0.113
01 Jul 2025 21:37:45,0.180
01 Jul 2025 21:38:15,0.175
01 Jul 2025 21:39:00,0.160
01 Jul 2025 21:39:30,0.142
01 Jul 2025 21:39:45,0.130
01 Jul 2025 21:40:00,0.141
01 Jul 2025 21:40:15,0.167
01 Jul 2025 21:40:30,0.117
01 Jul 2025 21:41:00,0.151
01 Jul 2025 21:41:15,0.141
01 Jul 2025 21:41:30,0.152
01 Jul 2025 21:42:30,0.122
01 Jul 2025 21:42:45,0.155
01 Jul 2025 21:43:00,0.185
01 Jul 2025 21:43:30,0.136
01 Jul 2025 21:44:15,0.136
01 Jul 2025 21:45:15,0.155
01 Jul 2025 21:45:30,0.136
01 Jul 2025 21:45:45,0.168
01 Jul 2025 21:47:00,0.153
01 Jul 2025 21:47:15,0.130
01 Jul 2025 21:47:45,0.131
01 Jul 2025 21:48:30,0.127
01 Jul 2025 21:49:00,0.152
01 Jul 2025 21:49:15,0.124
01 Jul 2025 21:50:00,0.145
01 Jul 2025 21:50:30,0.180
01 Jul 2025 21:50:45,0.149
01 Jul 2025 21:51:00,0.155
01 Jul 2025 21:51:15,0.141
01 Jul 2025 21:51:30,0.170
01 Jul 2025 21:51:45,0.144
01 Jul 2025 21:52:00,0.154
01 Jul 2025 21:53:15,0.161
01 Jul 2025 21:53:45,0.161
01 Jul 2025 21:54:00,0.141
01 Jul 2025 21:54:15,0.156
01 Jul 2025 21:54:30,0.184
01 Jul 2025 21:55:30,0.167
01 Jul 2025 21:56:15,0.153
01 Jul 2025 21:56:30,0.147
01 Jul 2025 21:57:15,0.133
01 Jul 2025 21:57:30,0.090
01 Jul 2025 21:58:00,0.170
01 Jul 2025 21:58:15,0.156
01 Jul 2025 21:58:45,0.131
01 Jul 2025 21:59:00,0.142
01 Jul 2025 21:59:30,0.174
01 Jul 2025 22:00:15,0.124
01 Jul 2025 22:00:30,0.114
01 Jul 2025 22:01:45,0.166
01 Jul 2025 22:02:15,0.155
01 Jul 2025 22:02:45,0.136
01 Jul 2025 22:03:15,0.162
01 Jul 2025 22:04:15,0.181
01 Jul 2025 22:05:15,0.203
01 Jul 2025 22:05:30,0.149
01 Jul 2025 22:05:45,0.144
01 Jul 2025 22:06:00,0.186
01 Jul 2025 22:06:15,0.136
01 Jul 2025 22:06:30,0.118
01 Jul 2025 22:07:00,0.171
01 Jul 2025 22:07:45,0.178
01 Jul 2025 22:08:45,0.175
01 Jul 2025 22:09:15,0.129
01 Jul 2025 22:09:45,0.150
01 Jul 2025 22:10:15,0.189
01 Jul 2025 22:10:30,0.188
01 Jul 2025 22:10:45,0.194
01 Jul 2025 22:11:15,0.199
01 Jul 2025 22:11:30,0.163
01 Jul 2025 22:12:15,0.171
01 Jul 2025 22:13:00,0.153
01 Jul 2025 22:13:15,0.163
01 Jul 2025 22:13:45,0.259
01 Jul 2025 22:14:00,0.179
01 Jul 2025 22:14:15,0.178
01 Jul 2025 22:14:45,0.136
01 Jul 2025 22:15:00,0.123
01 Jul 2025 22:15:15,0.145
01 Jul 2025 22:15:30,0.173
01 Jul 2025 22:15:45,0.204
01 Jul 2025 22:16:00,0.166
01 Jul 2025 22:16:45,0.160
01 Jul 2025 22:17:00,0.144
01 Jul 2025 22:17:30,0.172
01 Jul 2025 22:17:45,0.178
01 Jul 2025 22:18:30,0.183
01 Jul 2025 22:18:45,0.138
01 Jul 2025 22:19:15,0.173
01 Jul 2025 22:19:30,0.152
01 Jul 2025 22:19:45,0.171
01 Jul 2025 22:21:00,0.145
01 Jul 2025 22:21:30,0.182
01 Jul 2025 22:21:45,0.170
01 Jul 2025 22:22:15,0.164
01 Jul 2025 22:22:45,0.193
01 Jul 2025 22:23:00,0.169
01 Jul 2025 22:25:00,0.127
01 Jul 2025 22:25:15,0.193
01 Jul 2025 22:25:45,0.180
01 Jul 2025 22:26:00,0.161
01 Jul 2025 22:26:30,0.121
01 Jul 2025 22:26:45,0.203
01 Jul 2025 22:27:30,0.182
01 Jul 2025 22:27:45,0.184
01 Jul 2025 22:28:30,0.180
01 Jul 2025 22:29:30,0.156
01 Jul 2025 22:30:00,0.161
01 Jul 2025 22:30:30,0.201
01 Jul 2025 22:30:45,0.161
01 Jul 2025 22:31:15,0.187
01 Jul 2025 22:32:30,0.187
01 Jul 2025 22:33:30,0.189
01 Jul 2025 22:33:45,0.181
01 Jul 2025 22:34:00,0.161
01 Jul 2025 22:34:15,0.182
01 Jul 2025 22:34:45,0.196
01 Jul 2025 22:35:00,0.223
01 Jul 2025 22:35:15,0.194
01 Jul 2025 22:35:45,0.168
01 Jul 2025 22:36:00,0.185
01 Jul 2025 22:37:00,0.151
01 Jul 2025 22:37:30,0.181
01 Jul 2025 22:37:45,0.217
01 Jul 2025 22:38:00,0.169
01 Jul 2025 22:39:00,0.204
01 Jul 2025 22:39:30,0.160
01 Jul 2025 22:40:00,0.163
01 Jul 2025 22:41:30,0.191
01 Jul 2025 22:42:00,0.156
01 Jul 2025 22:42:30,0.170
01 Jul 2025 22:43:00,0.166
01 Jul 2025 22:43:45,0.181
01 Jul 2025 22:44:00,0.193
01 Jul 2025 22:44:15,0.211
01 Jul 2025 22:45:15,0.160
01 Jul 2025 22:45:30,0.186
01 Jul 2025 22:46:00,0.190
01 Jul 2025 22:46:45,0.151
01 Jul 2025 22:47:15,0.208
01 Jul 2025 22:48:15,0.194
01 Jul 2025 22:48:45,0.190
01 Jul 2025 22:49:45,0.180
01 Jul 2025 22:50:00,0.212
01 Jul 2025 22:50:15,0.205
01 Jul 2025 22:50:45,0.216
01 Jul 2025 22:51:30,0.194
01 Jul 2025 22:51:45,0.200
01 Jul 2025 22:52:00,0.201
01 Jul 2025 22:52:45,0.187
01 Jul 2025 22:53:00,0.204
01 Jul 2025 22:53:15,0.163
01 Jul 2025 22:54:45,0.213
01 Jul 2025 22:55:15,0.161
01 Jul 2025 22:55:45,0.187
01 Jul 2025 22:56:30,0.200
01 Jul 2025 22:56:45,0.192
01 Jul 2025 22:57:00,0.205
01 Jul 2025 22:57:15,0.175
01 Jul 2025 22:57:30,0.191
01 Jul 2025 22:57:45,0.187
01 Jul 2025 22:59:00,0.212
01 Jul 2025 23:00:00,0.192
01 Jul 2025 23:01:30,0.204
01 Jul 2025 23:01:45,0.188
01 Jul 2025 23:02:00,0.186
01 Jul 2025 23:02:45,0.164
01 Jul 2025 23:03:30,0.216
01 Jul 2025 23:03:45,0.200
01 Jul 2025 23:04:00,0.211
01 Jul 2025 23:04:15,0.184
01 Jul 2025 23:04:30,0.174
01 Jul 2025 23:05:00,0.189
01 Jul 2025 23:05:30,0.233
01 Jul 2025 23:06:00,0.161
01 Jul 2025 23:06:15,0.176
01 Jul 2025 23:06:30,0.193
01 Jul 2025 23:06:45,0.232
01 Jul 2025 23:07:00,0.175
01 Jul 2025 23:08:45,0.177
01 Jul 2025 23:09:30,0.190
01 Jul 2025 23:10:00,0.201
01 Jul 2025 23:10:15,0.231
01 Jul 2025 23:10:30,0.224
01 Jul 2025 23:10:45,0.193
01 Jul 2025 23:11:00,0.201
01 Jul 2025 23:11:15,0.253
01 Jul 2025 23:11:30,0.211
01 Jul 2025 23:11:45,0.201
01 Jul 2025 23:13:00,0.207
01 Jul 2025 23:14:15,0.225
01 Jul 2025 23:14:30,0.199
01 Jul 2025 23:14:45,0.193
01 Jul 2025 23:16:00,0.229
01 Jul 2025 23:16:30,0.201
01 Jul 2025 23:18:00,0.213
01 Jul 2025 23:18:30,0.200
01 Jul 2025 23:19:00,0.216
01 Jul 2025 23:19:45,0.216
01 Jul 2025 23:20:00,0.201
01 Jul 2025 23:20:45,0.223
01 Jul 2025 23:21:15,0.210
01 Jul 2025 23:21:45,0.191
01 Jul 2025 23:23:15,0.200
01 Jul 2025 23:23:30,0.204
01 Jul 2025 23:23:45,0.245
01 Jul 2025 23:24:00,0.199
01 Jul 2025 23:24:15,0.212
01 Jul 2025 23:24:45,0.233
01 Jul 2025 23:25:15,0.244
01 Jul 2025 23:25:45,0.221
01 Jul 2025 23:26:00,0.246
01 Jul 2025 23:26:45,0.208
01 Jul 2025 23:27:00,0.193
01 Jul 2025 23:27:15,0.220
01 Jul 2025 23:27:30,0.252
01 Jul 2025 23:27:45,0.177
01 Jul 2025 23:28:00,0.219
01 Jul 2025 23:29:45,0.199
01 Jul 2025 23:30:00,0.202
01 Jul 2025 23:30:15,0.219
01 Jul 2025 23:30:45,0.220
01 Jul 2025 23:31:30,0.221
01 Jul 2025 23:31:45,0.200
01 Jul 2025 23:32:30,0.215
01 Jul 2025 23:33:15,0.204
01 Jul 2025 23:33:45,0.193
01 Jul 2025 23:34:30,0.191
01 Jul 2025 23:34:45,0.222
01 Jul 2025 23:35:00,0.234
01 Jul 2025 23:35:15,0.217
01 Jul 2025 23:35:30,0.235
01 Jul 2025 23:35:45,0.190
01 Jul 2025 23:36:15,0.194
01 Jul 2025 23:36:45,0.217
01 Jul 2025 23:37:00,0.233
01 Jul 2025 23:38:00,0.228
01 Jul 2025 23:38:15,0.226
01 Jul 2025 23:38:45,0.242
01 Jul 2025 23:39:15,0.257
01 Jul 2025 23:39:30,0.233
01 Jul 2025 23:40:00,0.193
01 Jul 2025 23:40:45,0.231
01 Jul 2025 23:41:15,0.202
01 Jul 2025 23:42:15,0.235
01 Jul 2025 23:42:30,0.188
01 Jul 2025 23:42:45,0.208
01 Jul 2025 23:43:00,0.240
01 Jul 2025 23:43:45,0.231
01 Jul 2025 23:44:15,0.232
01 Jul 2025 23:44:30,0.207
01 Jul 2025 23:44:45,0.238
01 Jul 2025 23:45:00,0.195
01 Jul 2025 23:45:30,0.226
01 Jul 2025 23:46:00,0.222
01 Jul 2025 23:46:30,0.209
01 Jul 2025 23:46:45,0.238
01 Jul 2025 23:47:45,0.231
01 Jul 2025 23:49:30,0.214
01 Jul 2025 23:50:15,0.220
01 Jul 2025 23:50:45,0.231
01 Jul 2025 23:51:15,0.211
01 Jul 2025 23:51:30,0.217
01 Jul 2025 23:52:00,0.221
01 Jul 2025 23:52:30,0.236
01 Jul 2025 23:53:00,0.221
01 Jul 2025 23:53:30,0.223
01 Jul 2025 23:53:45,0.250
01 Jul 2025 23:54:00,0.221
01 Jul 2025 23:54:15,0.203
01 Jul 2025 23:54:45,0.179
01 Jul 2025 23:55:00,0.214
01 Jul 2025 23:55:15,0.225
01 Jul 2025 23:56:15,0.213
01 Jul 2025 23:56:30,0.219
01 Jul 2025 23:56:45,0.237
01 Jul 2025 23:57:00,0.167
01 Jul 2025 23:57:15,0.200
01 Jul 2025 23:58:00,0.189
01 Jul 2025 23:58:15,0.237
01 Jul 2025 23:59:00,0.274
01 Jul 2025 23:59:30,0.253
01 Jul 2025 23:59:45,0.256
02 Jul 2025 00:00:30,0.241
02 Jul 2025 00:00:45,0.222
02 Jul 2025 00:01:45,0.269
02 Jul 2025 00:02:00,0.242
02 Jul 2025 00:02:15,0.227
02 Jul 2025 00:03:15,0.191
02 Jul 2025 00:03:45,0.236
02 Jul 2025 00:04:00,0.239
02 Jul 2025 00:04:15,0.246
02 Jul 2025 00:04:30,0.213
02 Jul 2025 00:05:15,0.224
02 Jul 2025 00:05:45,0.224
02 Jul 2025 00:06:00,0.258
02 Jul 2025 00:06:15,0.257
02 Jul 2025 00:06:45,0.263
02 Jul 2025 00:07:30,0.246
02 Jul 2025 00:07:45,0.214
02 Jul 2025 00:08:00,0.223
02 Jul 2025 00:09:15,0.199
02 Jul 2025 00:09:30,0.196
02 Jul 2025 00:09:45,0.255
02 Jul 2025 00:10:15,0.209
02 Jul 2025 00:10:30,0.276
02 Jul 2025 00:10:45,0.215
02 Jul 2025 00:11:15,0.239
02 Jul 2025 00:11:45,0.221
02 Jul 2025 00:12:00,0.241
02 Jul 2025 00:12:15,0.253
02 Jul 2025 00:12:30,0.220
02 Jul 2025 00:12:45,0.247
02 Jul 2025 00:13:15,0.239
02 Jul 2025 00:14:00,0.236
02 Jul 2025 00:14:30,0.219
02 Jul 2025 00:14:45,0.226
02 Jul 2025 00:15:15,0.212
02 Jul 2025 00:15:30,0.194
02 Jul 2025 00:16:15,0.246
02 Jul 2025 00:16:30,0.254
02 Jul 2025 00:17:15,0.224
02 Jul 2025 00:17:30,0.234
02 Jul 2025 00:18:15,0.252
02 Jul 2025 00:18:30,0.250
02 Jul 2025 00:19:15,0.224
02 Jul 2025 00:20:15,0.240
02 Jul 2025 00:20:45,0.239
02 Jul 2025 00:21:00,0.190
02 Jul 2025 00:21:30,0.244
02 Jul 2025 00:21:45,0.247
02 Jul 2025 00:22:00,0.225
02 Jul 2025 00:22:15,0.262
02 Jul 2025 00:23:00,0.228
02 Jul 2025 00:23:30,0.206
02 Jul 2025 00:24:00,0.262
02 Jul 2025 00:24:15,0.243
02 Jul 2025 00:25:00,0.250
02 Jul 2025 00:25:15,0.260
02 Jul 2025 00:25:30,0.228
02 Jul 2025 00:25:45,0.227
02 Jul 2025 00:26:30,0.245
02 Jul 2025 00:28:30,0.249
02 Jul 2025 00:28:45,0.233
02 Jul 2025 00:29:15,0.239
02 Jul 2025 00:29:45,0.229
02 Jul 2025 00:30:30,0.237
02 Jul 2025 00:30:45,0.276
02 Jul 2025 00:31:15,0.239
02 Jul 2025 00:32:00,0.239
02 Jul 2025 00:32:15,0.236
02 Jul 2025 00:32:30,0.260
02 Jul 2025 00:33:00,0.236
02 Jul 2025 00:33:30,0.237
02 Jul 2025 00:34:00,0.240
02 Jul 2025 00:34:15,0.261
02 Jul 2025 00:34:30,0.230
02 Jul 2025 00:34:45,0.216
02 Jul 2025 00:35:45,0.257
02 Jul 2025 00:36:00,0.229
02 Jul 2025 00:36:15,0.227
02 Jul 2025 00:36:30,0.233
02 Jul 2025 00:37:15,0.212
02 Jul 2025 00:37:45,0.204
02 Jul 2025 00:38:00,0.219
02 Jul 2025 00:39:15,0.199
02 Jul 2025 00:39:45,0.198
02 Jul 2025 00:40:15,0.209
02 Jul 2025 00:40:30,0.202
02 Jul 2025 00:41:00,0.260
02 Jul 2025 00:41:45,0.210
02 Jul 2025 00:42:30,0.225
02 Jul 2025 00:42:45,0.236
02 Jul 2025 00:43:00,0.252
02 Jul 2025 00:44:00,0.251
02 Jul 2025 00:44:30,0.234
02 Jul 2025 00:44:45,0.208
02 Jul 2025 00:45:15,0.228
02 Jul 2025 00:45:30,0.237
02 Jul 2025 00:45:45,0.219
02 Jul 2025 00:46:00,0.226
02 Jul 2025 00:47:00,0.225
02 Jul 2025 00:47:30,0.237
02 Jul 2025 00:48:15,0.220
02 Jul 2025 00:48:30,0.198
02 Jul 2025 00:49:00,0.244
02 Jul 2025 00:49:15,0.262
02 Jul 2025 00:49:30,0.218
02 Jul 2025 00:50:15,0.222
02 Jul 2025 00:51:00,0.240
02 Jul 2025 00:51:30,0.246
02 Jul 2025 00:52:30,0.240
02 Jul 2025 00:52:45,0.193
02 Jul 2025 00:53:00,0.205
02 Jul 2025 00:53:30,0.227
02 Jul 2025 00:54:45,0.230
02 Jul 2025 00:55:30,0.232
02 Jul 2025 00:55:45,0.235
02 Jul 2025 00:56:00,0.243
02 Jul 2025 00:56:45,0.243
02 Jul 2025 00:57:00,0.225
02 Jul 2025 00:57:15,0.211
02 Jul 2025 00:57:30,0.206
02 Jul 2025 00:57:45,0.188
02 Jul 2025 00:58:00,0.206
02 Jul 2025 00:58:15,0.205
02 Jul 2025 00:58:30,0.267
02 Jul 2025 00:58:45,0.227
02 Jul 2025 00:59:00,0.229
02 Jul 2025 01:01:45,0.268
02 Jul 2025 01:02:00,0.265
02 Jul 2025 01:02:15,0.220
02 Jul 2025 01:02:45,0.236
02 Jul 2025 01:03:15,0.229
02 Jul 2025 01:04:00,0.266
02 Jul 2025 01:04:30,0.203
02 Jul 2025 01:04:45,0.242
02 Jul 2025 01:05:00,0.234
02 Jul 2025 01:05:30,0.214
02 Jul 2025 01:05:45,0.208
02 Jul 2025 01:06:00,0.226
02 Jul 2025 01:07:30,0.188
02 Jul 2025 01:09:00,0.218
02 Jul 2025 01:10:30,0.216
02 Jul 2025 01:11:30,0.220
02 Jul 2025 01:11:45,0.237
02 Jul 2025 01:12:30,0.196
02 Jul 2025 01:12:45,0.229
02 Jul 2025 01:13:00,0.263
02 Jul 2025 01:13:30,0.218
02 Jul 2025 01:13:45,0.236
02 Jul 2025 01:14:00,0.272
02 Jul 2025 01:14:15,0.243
02 Jul 2025 01:15:00,0.223
02 Jul 2025 01:15:30,0.247
02 Jul 2025 01:16:15,0.249
02 Jul 2025 01:16:30,0.261
02 Jul 2025 01:16:45,0.199
02 Jul 2025 01:17:00,0.192
02 Jul 2025 01:18:00,0.228
02 Jul 2025 01:18:45,0.235
02 Jul 2025 01:19:00,0.227
02 Jul 2025 01:19:15,0.211
02 Jul 2025 01:19:45,0.206
02 Jul 2025 01:20:00,0.185
02 Jul 2025 01:20:30,0.235
02 Jul 2025 01:21:00,0.238
02 Jul 2025 01:21:45,0.191
02 Jul 2025 01:22:30,0.252
02 Jul 2025 01:23:00,0.242
02 Jul 2025 01:23:15,0.288
02 Jul 2025 01:23:45,0.211
02 Jul 2025 01:24:15,0.216
02 Jul 2025 01:24:45,0.240
02 Jul 2025 01:25:30,0.229
02 Jul 2025 01:26:00,0.253
02 Jul 2025 01:26:15,0.190
02 Jul 2025 01:26:30,0.184
02 Jul 2025 01:26:45,0.224
02 Jul 2025 01:27:30,0.214
02 Jul 2025 01:28:00,0.265
02 Jul 2025 01:28:15,0.246
02 Jul 2025 01:28:45,0.184
02 Jul 2025 01:29:15,0.219
02 Jul 2025 01:30:15,0.231
02 Jul 2025 01:30:30,0.231
02 Jul 2025 01:31:00,0.207
02 Jul 2025 01:31:45,0.229
02 Jul 2025 01:32:00,0.206
02 Jul 2025 01:32:45,0.251
02 Jul 2025 01:33:00,0.253
02 Jul 2025 01:33:30,0.240
02 Jul 2025 01:33:45,0.224
02 Jul 2025 01:34:30,0.218
02 Jul 2025 01:34:45,0.197
02 Jul 2025 01:35:00,0.192
02 Jul 2025 01:35:45,0.258
02 Jul 2025 01:36:00,0.257
02 Jul 2025 01:36:30,0.226
02 Jul 2025 01:37:15,0.213
02 Jul 2025 01:37:45,0.217
02 Jul 2025 01:38:15,0.203
02 Jul 2025 01:38:30,0.233
02 Jul 2025 01:39:15,0.238
02 Jul 2025 01:39:30,0.246
02 Jul 2025 01:40:00,0.250
02 Jul 2025 01:40:15,0.208
02 Jul 2025 01:40:45,0.240
02 Jul 2025 01:41:30,0.255
02 Jul 2025 01:41:45,0.223
02 Jul 2025 01:42:15,0.201
02 Jul 2025 01:43:00,0.224
02 Jul 2025 01:43:15,0.213
02 Jul 2025 01:43:30,0.189
02 Jul 2025 01:43:45,0.224
02 Jul 2025 01:44:00,0.214
02 Jul 2025 01:44:15,0.243
02 Jul 2025 01:44:45,0.253
02 Jul 2025 01:45:15,0.191
02 Jul 2025 01:45:45,0.255
02 Jul 2025 01:46:15,0.221
02 Jul 2025 01:46:30,0.212
02 Jul 2025 01:46:45,0.214
02 Jul 2025 01:47:00,0.240
02 Jul 2025 01:47:15,0.217
02 Jul 2025 01:47:30,0.249
02 Jul 2025 01:47:45,0.226
02 Jul 2025 01:48:00,0.210
02 Jul 2025 01:48:45,0.243
02 Jul 2025 01:49:00,0.231
02 Jul 2025 01:49:30,0.143
02 Jul 2025 01:49:45,0.237
02 Jul 2025 01:50:00,0.229
02 Jul 2025 01:50:30,0.219
02 Jul 2025 01:51:15,0.222
02 Jul 2025 01:51:30,0.214
02 Jul 2025 01:52:00,0.216
02 Jul 2025 01:52:15,0.198
02 Jul 2025 01:53:30,0.191
02 Jul 2025 01:54:15,0.195
02 Jul 2025 01:54:45,0.217
02 Jul 2025 01:55:00,0.229
02 Jul 2025 01:55:15,0.232
02 Jul 2025 01:55:30,0.195
02 Jul 2025 01:55:45,0.221
02 Jul 2025 01:56:00,0.202
02 Jul 2025 01:56:15,0.174
02 Jul 2025 01:56:30,0.197
02 Jul 2025 01:57:00,0.193
02 Jul 2025 01:57:15,0.221
02 Jul 2025 01:57:30,0.178
02 Jul 2025 01:58:00,0.168
02 Jul 2025 01:58:15,0.199
02 Jul 2025 01:58:30,0.200
02 Jul 2025 01:59:15,0.226
02 Jul 2025 02:00:15,0.192
02 Jul 2025 02:00:30,0.197
02 Jul 2025 02:01:45,0.180
02 Jul 2025 02:02:00,0.224
02 Jul 2025 02:02:30,0.202
02 Jul 2025 02:03:00,0.222
02 Jul 2025 02:03:15,0.195
02 Jul 2025 02:03:30,0.199
02 Jul 2025 02:04:15,0.213
02 Jul 2025 02:04:30,0.222
02 Jul 2025 02:05:15,0.207
02 Jul 2025 02:05:30,0.182
02 Jul 2025 02:06:15,0.224
02 Jul 2025 02:06:30,0.212
02 Jul 2025 02:06:45,0.169
02 Jul 2025 02:07:30,0.175
02 Jul 2025 02:08:00,0.208
02 Jul 2025 02:08:15,0.218
02 Jul 2025 02:08:45,0.198
02 Jul 2025 02:09:00,0.182
02 Jul 2025 02:09:15,0.218
02 Jul 2025 02:09:45,0.200
02 Jul 2025 02:10:00,0.222
02 Jul 2025 02:10:15,0.217
02 Jul 2025 02:11:30,0.177
02 Jul 2025 02:11:45,0.188
02 Jul 2025 02:12:15,0.192
02 Jul 2025 02:12:30,0.244
02 Jul 2025 02:13:30,0.214
02 Jul 2025 02:13:45,0.219
02 Jul 2025 02:14:15,0.211
02 Jul 2025 02:15:00,0.214
02 Jul 2025 02:15:15,0.205
02 Jul 2025 02:15:30,0.201
02 Jul 2025 02:15:45,0.214
02 Jul 2025 02:16:00,0.202
02 Jul 2025 02:16:15,0.191
02 Jul 2025 02:16:45,0.172
02 Jul 2025 02:17:00,0.184
02 Jul 2025 02:17:15,0.203
02 Jul 2025 02:17:30,0.191
02 Jul 2025 02:17:45,0.212
02 Jul 2025 02:18:00,0.170
02 Jul 2025 02:18:30,0.192
02 Jul 2025 02:19:45,0.210
02 Jul 2025 02:20:30,0.192
02 Jul 2025 02:21:00,0.219
02 Jul 2025 02:21:15,0.215
02 Jul 2025 02:21:30,0.203
02 Jul 2025 02:22:30,0.195
02 Jul 2025 02:22:45,0.196
02 Jul 2025 02:23:00,0.178
02 Jul 2025 02:23:15,0.191
02 Jul 2025 02:23:30,0.197
02 Jul 2025 02:23:45,0.162
02 Jul 2025 02:24:15,0.168
02 Jul 2025 02:24:30,0.155
02 Jul 2025 02:25:15,0.201
02 Jul 2025 02:25:30,0.235
02 Jul 2025 02:26:00,0.166
02 Jul 2025 02:26:15,0.193
02 Jul 2025 02:26:30,0.187
02 Jul 2025 02:26:45,0.176
02 Jul 2025 02:27:00,0.211
02 Jul 2025 02:27:45,0.163
02 Jul 2025 02:28:00,0.176
02 Jul 2025 02:28:45,0.218
02 Jul 2025 02:29:00,0.178
02 Jul 2025 02:30:15,0.164
02 Jul 2025 02:30:45,0.167
02 Jul 2025 02:31:00,0.179
02 Jul 2025 02:31:15,0.211
02 Jul 2025 02:31:30,0.180
02 Jul 2025 02:31:45,0.207
02 Jul 2025 02:33:00,0.152
02 Jul 2025 02:33:30,0.163
02 Jul 2025 02:34:00,0.180
02 Jul 2025 02:34:30,0.184
02 Jul 2025 02:35:00,0.182
02 Jul 2025 02:36:15,0.201
02 Jul 2025 02:38:00,0.169
02 Jul 2025 02:38:15,0.215
02 Jul 2025 02:38:45,0.169
02 Jul 2025 02:39:15,0.170
02 Jul 2025 02:39:30,0.220
02 Jul 2025 02:39:45,0.197
02 Jul 2025 02:40:15,0.213
02 Jul 2025 02:40:30,0.183
02 Jul 2025 02:40:45,0.155
02 Jul 2025 02:41:45,0.170
02 Jul 2025 02:43:00,0.167
02 Jul 2025 02:44:15,0.184
02 Jul 2025 02:45:00,0.174
02 Jul 2025 02:45:15,0.178
02 Jul 2025 02:46:00,0.172
02 Jul 2025 02:46:45,0.181
02 Jul 2025 02:47:15,0.167
02 Jul 2025 02:47:30,0.142
02 Jul 2025 02:47:45,0.194
02 Jul 2025 02:48:00,0.185
02 Jul 2025 02:48:30,0.231
02 Jul 2025 02:48:45,0.168
02 Jul 2025 02:49:30,0.172
02 Jul 2025 02:49:45,0.129
02 Jul 2025 02:50:15,0.174
02 Jul 2025 02:51:00,0.164
02 Jul 2025 02:51:30,0.153
02 Jul 2025 02:52:15,0.154
02 Jul 2025 02:53:15,0.170
02 Jul 2025 02:54:15,0.188
02 Jul 2025 02:54:30,0.167
02 Jul 2025 02:55:00,0.173
02 Jul 2025 02:55:15,0.170
02 Jul 2025 02:55:30,0.159
02 Jul 2025 02:55:45,0.145
02 Jul 2025 02:57:00,0.172
02 Jul 2025 02:57:15,0.173
02 Jul 2025 02:57:30,0.157
02 Jul 2025 02:57:45,0.118
02 Jul 2025 02:58:00,0.149
02 Jul 2025 02:59:00,0.189
02 Jul 2025 02:59:30,0.165
02 Jul 2025 02:59:45,0.172
02 Jul 2025 03:00:15,0.206
02 Jul 2025 03:00:30,0.171
02 Jul 2025 03:01:00,0.155
02 Jul 2025 03:02:00,0.141
02 Jul 2025 03:02:45,0.168
02 Jul 2025 03:03:15,0.165
02 Jul 2025 03:03:45,0.200
02 Jul 2025 03:04:00,0.180
02 Jul 2025 03:04:15,0.176
02 Jul 2025 03:04:30,0.151
02 Jul 2025 03:05:15,0.153
02 Jul 2025 03:05:45,0.152
02 Jul 2025 03:06:00,0.113
02 Jul 2025 03:06:15,0.164
02 Jul 2025 03:06:45,0.172
02 Jul 2025 03:07:30,0.126
02 Jul 2025 03:07:45,0.153
02 Jul 2025 03:08:15,0.175
02 Jul 2025 03:08:45,0.163
02 Jul 2025 03:09:00,0.124
02 Jul 2025 03:09:30,0.167
02 Jul 2025 03:10:00,0.139
02 Jul 2025 03:10:15,0.126
02 Jul 2025 03:11:00,0.192
02 Jul 2025 03:11:45,0.145
02 Jul 2025 03:12:00,0.145
02 Jul 2025 03:13:00,0.159
02 Jul 2025 03:13:45,0.158
02 Jul 2025 03:14:15,0.164
02 Jul 2025 03:14:30,0.135
02 Jul 2025 03:14:45,0.116
02 Jul 2025 03:15:00,0.149
02 Jul 2025 03:16:00,0.146
02 Jul 2025 03:16:45,0.181
02 Jul 2025 03:17:00,0.156
02 Jul 2025 03:17:15,0.121
02 Jul 2025 03:17:45,0.174
02 Jul 2025 03:18:30,0.155
02 Jul 2025 03:18:45,0.154
02 Jul 2025 03:19:30,0.127
02 Jul 2025 03:19:45,0.160
02 Jul 2025 03:20:00,0.146
02 Jul 2025 03:20:30,0.148
02 Jul 2025 03:20:45,0.169
02 Jul 2025 03:21:00,0.146
02 Jul 2025 03:21:15,0.147
02 Jul 2025 03:22:00,0.153
02 Jul 2025 03:22:45,0.125
02 Jul 2025 03:23:00,0.133
02 Jul 2025 03:24:00,0.152
02 Jul 2025 03:24:45,0.160
02 Jul 2025 03:25:00,0.182
02 Jul 2025 03:26:30,0.161
02 Jul 2025 03:27:00,0.120
02 Jul 2025 03:28:45,0.107
02 Jul 2025 03:29:00,0.160
02 Jul 2025 03:29:15,0.165
02 Jul 2025 03:29:30,0.161
02 Jul 2025 03:30:00,0.138
02 Jul 2025 03:30:45,0.131
02 Jul 2025 03:31:15,0.169
02 Jul 2025 03:31:45,0.081
02 Jul 2025 03:32:00,0.118
02 Jul 2025 03:32:45,0.160
02 Jul 2025 03:33:00,0.160
02 Jul 2025 03:33:30,0.137
02 Jul 2025 03:34:00,0.155
02 Jul 2025 03:34:30,0.138
02 Jul 2025 03:34:45,0.100
02 Jul 2025 03:35:00,0.116
02 Jul 2025 03:35:30,0.130
02 Jul 2025 03:36:00,0.144
02 Jul 2025 03:36:30,0.156
02 Jul 2025 03:37:00,0.086
02 Jul 2025 03:37:15,0.142
02 Jul 2025 03:38:00,0.141
02 Jul 2025 03:38:15,0.152
02 Jul 2025 03:38:30,0.146
02 Jul 2025 03:38:45,0.125
02 Jul 2025 03:39:00,0.129
02 Jul 2025 03:39:15,0.144
02 Jul 2025 03:39:30,0.140
02 Jul 2025 03:39:45,0.139
02 Jul 2025 03:40:00,0.114
02 Jul 2025 03:40:15,0.140
02 Jul 2025 03:41:15,0.087
02 Jul 2025 03:41:30,0.094
02 Jul 2025 03:42:00,0.099
02 Jul 2025 03:42:30,0.114
02 Jul 2025 03:42:45,0.101
02 Jul 2025 03:43:00,0.123
02 Jul 2025 03:43:45,0.124
02 Jul 2025 03:44:00,0.115
02 Jul 2025 03:44:15,0.110
02 Jul 2025 03:44:30,0.124
02 Jul 2025 03:44:45,0.086
02 Jul 2025 03:45:00,0.113
02 Jul 2025 03:45:30,0.100
02 Jul 2025 03:45:45,0.131
02 Jul 2025 03:46:15,0.130
02 Jul 2025 03:46:30,0.133
02 Jul 2025 03:46:45,0.109
02 Jul 2025 03:47:00,0.101
02 Jul 2025 03:47:15,0.121
02 Jul 2025 03:48:30,0.109
02 Jul 2025 03:48:45,0.121
02 Jul 2025 03:49:15,0.116
02 Jul 2025 03:50:30,0.107
02 Jul 2025 03:51:00,0.075
02 Jul 2025 03:51:15,0.111
02 Jul 2025 03:51:45,0.168
02 Jul 2025 03:52:15,0.131
02 Jul 2025 03:52:45,0.080
02 Jul 2025 03:53:00,0.114
02 Jul 2025 03:54:00,0.117
02 Jul 2025 03:54:15,0.104
02 Jul 2025 03:54:30,0.146
02 Jul 2025 03:55:00,0.092
02 Jul 2025 03:55:15,0.099
02 Jul 2025 03:55:30,0.106
02 Jul 2025 03:55:45,0.128
02 Jul 2025 03:56:00,0.128
02 Jul 2025 03:56:15,0.130
02 Jul 2025 03:56:45,0.134
02 Jul 2025 03:57:00,0.109
02 Jul 2025 03:58:00,0.106
02 Jul 2025 03:58:15,0.130
02 Jul 2025 03:58:30,0.118
02 Jul 2025 03:59:30,0.129
02 Jul 2025 04:00:00,0.105
02 Jul 2025 04:00:15,0.112
02 Jul 2025 04:00:30,0.133
02 Jul 2025 04:01:15,0.099
02 Jul 2025 04:01:30,0.118
02 Jul 2025 04:01:45,0.122
02 Jul 2025 04:02:00,0.106
02 Jul 2025 04:02:15,0.131
02 Jul 2025 04:02:30,0.090
02 Jul 2025 04:02:45,0.115
02 Jul 2025 04:03:00,0.104
02 Jul 2025 04:03:45,0.095
02 Jul 2025 04:04:30,0.108
02 Jul 2025 04:04:45,0.116
02 Jul 2025 04:05:15,0.137
02 Jul 2025 04:05:30,0.124
02 Jul 2025 04:06:00,0.104
02 Jul 2025 04:06:30,0.082
02 Jul 2025 04:07:00,0.103
02 Jul 2025 04:08:15,0.104
02 Jul 2025 04:09:00,0.119
02 Jul 2025 04:09:15,0.130
02 Jul 2025 04:09:30,0.127
02 Jul 2025 04:10:00,0.101
02 Jul 2025 04:10:30,0.050
02 Jul 2025 04:10:45,0.119
02 Jul 2025 04:11:30,0.134
02 Jul 2025 04:11:45,0.120
02 Jul 2025 04:12:00,0.089
02 Jul 2025 04:12:15,0.130
02 Jul 2025 04:12:30,0.080
02 Jul 2025 04:13:30,0.115
02 Jul 2025 04:13:45,0.121
02 Jul 2025 04:14:45,0.099
02 Jul 2025 04:15:00,0.143
02 Jul 2025 04:15:15,0.139
02 Jul 2025 04:15:45,0.115
02 Jul 2025 04:16:00,0.073
02 Jul 2025 04:17:30,0.059
02 Jul 2025 04:18:30,0.133
02 Jul 2025 04:19:15,0.060
02 Jul 2025 04:19:45,0.062
02 Jul 2025 04:21:00,0.122
02 Jul 2025 04:21:30,0.073
02 Jul 2025 04:22:00,0.102
02 Jul 2025 04:22:30,0.086
02 Jul 2025 04:22:45,0.127
02 Jul 2025 04:23:45,0.112
02 Jul 2025 04:24:00,0.108
02 Jul 2025 04:24:15,0.054
02 Jul 2025 04:24:30,0.109
02 Jul 2025 04:24:45,0.075
02 Jul 2025 04:25:15,0.129
02 Jul 2025 04:25:30,0.075
02 Jul 2025 04:25:45,0.114
02 Jul 2025 04:27:00,0.082
02 Jul 2025 04:27:15,0.071
02 Jul 2025 04:28:00,0.080
02 Jul 2025 04:28:30,0.105
02 Jul 2025 04:28:45,0.068
02 Jul 2025 04:29:45,0.075
02 Jul 2025 04:30:00,0.045
02 Jul 2025 04:30:45,0.106
02 Jul 2025 04:31:00,0.080
02 Jul 2025 04:31:30,0.099
02 Jul 2025 04:31:45,0.061
02 Jul 2025 04:32:15,0.063
02 Jul 2025 04:32:30,0.062
02 Jul 2025 04:33:00,0.062
02 Jul 2025 04:33:15,0.082
02 Jul 2025 04:33:45,0.075
02 Jul 2025 04:34:00,0.089
02 Jul 2025 04:34:30,0.096
02 Jul 2025 04:34:45,0.085
02 Jul 2025 04:35:00,0.051
02 Jul 2025 04:35:45,0.093
02 Jul 2025 04:36:00,0.075
02 Jul 2025 04:36:15,0.051
02 Jul 2025 04:37:15,0.102
02 Jul 2025 04:37:30,0.128
02 Jul 2025 04:37:45,0.071
02 Jul 2025 04:38:30,0.088
02 Jul 2025 04:38:45,0.038
02 Jul 2025 04:39:15,0.085
02 Jul 2025 04:39:45,0.070
02 Jul 2025 04:40:00,0.119
02 Jul 2025 04:40:30,0.100
02 Jul 2025 04:40:45,0.086
02 Jul 2025 04:41:00,0.055
02 Jul 2025 04:41:15,0.070
02 Jul 2025 04:41:30,0.052
02 Jul 2025 04:41:45,0.092
02 Jul 2025 04:42:30,0.088
02 Jul 2025 04:42:45,0.071
02 Jul 2025 04:43:00,0.034
02 Jul 2025 04:43:30,0.089
02 Jul 2025 04:44:15,0.074
02 Jul 2025 04:44:45,0.125
02 Jul 2025 04:45:00,0.082
02 Jul 2025 04:46:00,0.099
02 Jul 2025 04:46:15,0.083
02 Jul 2025 04:46:30,0.082
02 Jul 2025 04:46:45,0.099
02 Jul 2025 04:47:15,0.103
02 Jul 2025 04:48:15,0.080
02 Jul 2025 04:48:30,0.040
02 Jul 2025 04:48:45,0.089
02 Jul 2025 04:49:00,0.082
02 Jul 2025 04:50:45,0.038
02 Jul 2025 04:51:15,0.101
02 Jul 2025 04:51:45,0.036
02 Jul 2025 04:52:15,0.065
02 Jul 2025 04:52:30,0.066
02 Jul 2025 04:52:45,0.088
02 Jul 2025 04:53:00,0.088
02 Jul 2025 04:53:15,0.052
02 Jul 2025 04:53:30,0.116
02 Jul 2025 04:53:45,0.096
02 Jul 2025 04:54:15,0.127
02 Jul 2025 04:54:30,0.124
02 Jul 2025 04:54:45,0.050
02 Jul 2025 04:55:30,0.065
02 Jul 2025 04:55:45,0.049
02 Jul 2025 04:56:00,0.042
02 Jul 2025 04:56:15,0.066
02 Jul 2025 04:57:00,0.077
02 Jul 2025 04:57:30,0.036
02 Jul 2025 04:57:45,0.055
02 Jul 2025 04:59:00,0.044
02 Jul 2025 05:00:00,0.083
02 Jul 2025 05:00:30,0.093
02 Jul 2025 05:00:45,0.057
02 Jul 2025 05:01:15,0.053
02 Jul 2025 05:01:30,0.040
02 Jul 2025 05:02:30,0.089
02 Jul 2025 05:02:45,0.096
02 Jul 2025 05:03:00,0.025
02 Jul 2025 05:03:30,0.052
02 Jul 2025 05:04:00,0.083
02 Jul 2025 05:05:00,0.046
02 Jul 2025 05:06:15,0.035
02 Jul 2025 05:07:15,0.020
02 Jul 2025 05:07:45,0.062
02 Jul 2025 05:08:15,0.029
02 Jul 2025 05:08:45,0.066
02 Jul 2025 05:09:30,0.024
02 Jul 2025 05:09:45,-0.012
02 Jul 2025 05:10:15,0.095
02 Jul 2025 05:10:30,0.069
02 Jul 2025 05:11:15,0.004
02 Jul 2025 05:11:30,0.074
02 Jul 2025 05:12:00,0.084
02 Jul 2025 05:12:15,0.073
02 Jul 2025 05:12:30,0.040
02 Jul 2025 05:13:00,-0.001
02 Jul 2025 05:13:15,0.003
02 Jul 2025 05:14:15,0.072
02 Jul 2025 05:14:45,-0.010
02 Jul 2025 05:15:00,0.007
02 Jul 2025 05:15:15,0.072
02 Jul 2025 05:16:00,0.078
02 Jul 2025 05:16:15,0.037
02 Jul 2025 05:17:15,0.082
02 Jul 2025 05:17:30,0.059
02 Jul 2025 05:17:45,0.023
02 Jul 2025 05:18:00,0.085
02 Jul 2025 05:18:15,0.012
02 Jul 2025 05:19:00,0.012
02 Jul 2025 05:19:45,0.015
02 Jul 2025 05:20:45,0.062
02 Jul 2025 05:24:45,0.075
02 Jul 2025 05:25:30,0.008
02 Jul 2025 05:25:45,0.011
02 Jul 2025 05:26:15,0.051
02 Jul 2025 05:26:30,0.094
02 Jul 2025 05:26:45,0.086
02 Jul 2025 05:27:45,0.082
02 Jul 2025 05:28:00,0.037
02 Jul 2025 05:28:15,0.046
02 Jul 2025 05:29:00,0.019
02 Jul 2025 05:29:15,0.053
02 Jul 2025 05:29:30,0.042
02 Jul 2025 05:29:45,0.018
02 Jul 2025 05:30:00,0.009
02 Jul 2025 05:30:30,0.034
02 Jul 2025 05:31:15,0.033
02 Jul 2025 05:32:15,0.055
02 Jul 2025 05:32:30,0.079
02 Jul 2025 05:32:45,0.045
02 Jul 2025 05:33:00,0.054
02 Jul 2025 05:33:15,0.042
02 Jul 2025 05:33:30,0.098
02 Jul 2025 05:34:15,0.054
02 Jul 2025 05:34:30,0.064
02 Jul 2025 05:35:00,0.061
02 Jul 2025 05:36:00,0.073
02 Jul 2025 05:37:30,0.074
02 Jul 2025 05:38:15,0.039
02 Jul 2025 05:38:45,0.080
02 Jul 2025 05:39:15,0.025
02 Jul 2025 05:39:30,0.054
02 Jul 2025 05:40:00,0.061
02 Jul 2025 05:40:15,0.041
02 Jul 2025 05:42:00,0.052
02 Jul 2025 05:42:15,-0.010
02 Jul 2025 05:42:30,0.010
02 Jul 2025 05:43:45,0.006
02 Jul 2025 05:44:15,0.088
02 Jul 2025 05:44:45,0.035
02 Jul 2025 05:45:15,0.027
02 Jul 2025 05:45:45,0.070
02 Jul 2025 05:46:00,0.080
02 Jul 2025 05:47:00,0.025
02 Jul 2025 05:47:15,0.026
02 Jul 2025 05:47:30,-0.003
02 Jul 2025 05:48:45,0.090
02 Jul 2025 05:49:00,0.095
02 Jul 2025 05:49:30,0.062
02 Jul 2025 05:49:45,0.034
02 Jul 2025 05:50:00,0.064
02 Jul 2025 05:50:30,0.040
02 Jul 2025 05:51:00,0.037
02 Jul 2025 05:51:30,0.030
02 Jul 2025 05:51:45,0.017
02 Jul 2025 05:53:45,0.096
02 Jul 2025 05:54:30,0.011
02 Jul 2025 05:54:45,0.021
02 Jul 2025 05:55:15,0.111
02 Jul 2025 05:55:45,0.092
02 Jul 2025 05:56:00,0.087
02 Jul 2025 05:56:15,0.072
02 Jul 2025 05:57:00,0.076
02 Jul 2025 05:57:15,0.058
02 Jul 2025 05:57:30,0.024
02 Jul 2025 05:58:00,0.090
02 Jul 2025 05:58:15,0.034
02 Jul 2025 05:58:45,0.015
02 Jul 2025 05:59:45,0.090
02 Jul 2025 06:00:00,0.075
02 Jul 2025 06:00:30,-0.012
02 Jul 2025 06:00:45,-0.002
02 Jul 2025 06:01:45,0.058
02 Jul 2025 06:02:15,0.033
02 Jul 2025 06:02:30,0.087
02 Jul 2025 06:02:45,0.025
02 Jul 2025 06:03:30,-0.003
02 Jul 2025 06:03:45,0.023
02 Jul 2025 06:04:00,0.017
02 Jul 2025 06:04:15,-0.031
02 Jul 2025 06:04:30,0.000
02 Jul 2025 06:05:15,0.050
02 Jul 2025 06:05:30,0.052
02 Jul 2025 06:05:45,0.013
02 Jul 2025 06:06:00,0.053
02 Jul 2025 06:07:00,0.009
02 Jul 2025 06:08:00,0.036
02 Jul 2025 06:08:15,0.024
02 Jul 2025 06:08:45,0.007
02 Jul 2025 06:09:30,0.045
02 Jul 2025 06:11:15,0.018
02 Jul 2025 06:11:30,0.054
02 Jul 2025 06:11:45,0.007
02 Jul 2025 06:12:00,0.037
02 Jul 2025 06:12:15,0.086
02 Jul 2025 06:12:30,0.023
02 Jul 2025 06:13:00,0.043
02 Jul 2025 06:13:45,0.063
02 Jul 2025 06:14:30,0.045
02 Jul 2025 06:15:00,0.104
02 Jul 2025 06:15:15,0.002
02 Jul 2025 06:15:45,0.034
02 Jul 2025 06:16:00,0.023
02 Jul 2025 06:16:45,0.094
02 Jul 2025 06:17:00,0.049
02 Jul 2025 06:17:15,0.037
02 Jul 2025 06:18:15,0.010
02 Jul 2025 06:18:45,0.062
02 Jul 2025 06:19:00,0.039
02 Jul 2025 06:19:15,0.063
02 Jul 2025 06:19:45,0.053
02 Jul 2025 06:20:00,0.044
02 Jul 2025 06:20:15,0.008
02 Jul 2025 06:21:15,0.007
02 Jul 2025 06:21:30,0.014
02 Jul 2025 06:21:45,0.022
02 Jul 2025 06:22:00,0.043
02 Jul 2025 06:23:30,-0.012
02 Jul 2025 06:23:45,0.048
02 Jul 2025 06:24:00,0.043
02 Jul 2025 06:24:45,0.022
02 Jul 2025 06:25:15,0.018
02 Jul 2025 06:26:00,0.078
02 Jul 2025 06:26:15,0.090
02 Jul 2025 06:26:30,0.070
02 Jul 2025 06:27:00,0.046
02 Jul 2025 06:27:15,0.053
02 Jul 2025 06:27:30,0.064
02 Jul 2025 06:27:45,0.061
02 Jul 2025 06:28:15,0.048
02 Jul 2025 06:28:45,0.016
02 Jul 2025 06:29:45,0.019
02 Jul 2025 06:30:15,0.030
02 Jul 2025 06:30:45,0.062
02 Jul 2025 06:31:00,0.058
02 Jul 2025 06:31:15,0.027
02 Jul 2025 06:32:15,0.005
02 Jul 2025 06:32:30,0.034
02 Jul 2025 06:33:00,0.065
02 Jul 2025 06:33:15,0.095
02 Jul 2025 06:34:00,0.056
02 Jul 2025 06:34:15,0.024
02 Jul 2025 06:35:00,0.081
02 Jul 2025 06:35:30,0.031
02 Jul 2025 06:35:45,0.081
02 Jul 2025 06:36:00,0.026
02 Jul 2025 06:36:30,-0.017
02 Jul 2025 06:36:45,0.009
02 Jul 2025 06:37:15,0.007
02 Jul 2025 06:37:30,0.072
02 Jul 2025 06:38:15,0.046
02 Jul 2025 06:38:30,0.068
02 Jul 2025 06:39:15,0.046
02 Jul 2025 06:39:45,0.031
02 Jul 2025 06:40:00,0.034
02 Jul 2025 06:41:15,0.022
02 Jul 2025 06:41:45,0.022
02 Jul 2025 06:42:15,0.099
02 Jul 2025 06:43:15,-0.004
02 Jul 2025 06:43:45,0.038
02 Jul 2025 06:44:15,0.020
02 Jul 2025 06:44:45,0.005
02 Jul 2025 06:45:30,0.011
02 Jul 2025 06:46:15,-0.003
02 Jul 2025 06:46:45,0.040
02 Jul 2025 06:47:00,0.090
02 Jul 2025 06:47:45,0.009
02 Jul 2025 06:48:30,0.011
02 Jul 2025 06:48:45,0.074
02 Jul 2025 06:49:45,0.075
02 Jul 2025 06:50:15,0.062
02 Jul 2025 06:51:00,0.014
02 Jul 2025 06:51:30,0.005
02 Jul 2025 06:52:00,0.053
02 Jul 2025 06:52:15,0.017
02 Jul 2025 06:53:15,0.051
02 Jul 2025 06:53:45,0.077
02 Jul 2025 06:54:00,0.073
02 Jul 2025 06:54:15,0.090
02 Jul 2025 06:54:30,0.021
02 Jul 2025 06:55:30,0.045
02 Jul 2025 06:55:45,0.064
02 Jul 2025 06:56:00,0.013
02 Jul 2025 06:56:30,0.019
02 Jul 2025 06:56:45,0.032
02 Jul 2025 06:57:15,0.031
02 Jul 2025 06:57:30,0.042
02 Jul 2025 06:58:00,0.036
02 Jul 2025 06:58:45,0.037
02 Jul 2025 06:59:00,0.056
02 Jul 2025 07:00:30,0.030
02 Jul 2025 07:01:15,0.016
02 Jul 2025 07:01:30,0.059
02 Jul 2025 07:01:45,0.091
02 Jul 2025 07:02:00,0.058
02 Jul 2025 07:02:15,0.028
02 Jul 2025 07:03:00,0.027
02 Jul 2025 07:03:15,0.046
02 Jul 2025 07:03:30,0.022
02 Jul 2025 07:04:45,0.058
02 Jul 2025 07:05:15,0.071
02 Jul 2025 07:06:15,0.005
02 Jul 2025 07:06:30,0.049
02 Jul 2025 07:06:45,0.041
02 Jul 2025 07:09:00,0.037
02 Jul 2025 07:09:45,0.052
02 Jul 2025 07:10:15,0.093
02 Jul 2025 07:10:45,0.018
02 Jul 2025 07:11:00,0.013
02 Jul 2025 07:12:00,0.095
02 Jul 2025 07:12:30,0.023
02 Jul 2025 07:12:45,0.060
02 Jul 2025 07:13:00,-0.002
02 Jul 2025 07:13:15,0.052
02 Jul 2025 07:13:30,0.041
02 Jul 2025 07:14:00,0.068
02 Jul 2025 07:14:15,0.037
02 Jul 2025 07:14:45,0.017
02 Jul 2025 07:15:15,0.054
02 Jul 2025 07:15:45,0.013
02 Jul 2025 07:16:15,0.015
02 Jul 2025 07:16:45,-0.011
02 Jul 2025 07:18:00,0.029
02 Jul 2025 07:18:15,0.001
02 Jul 2025 07:18:45,0.011
02 Jul 2025 07:19:15,0.052
02 Jul 2025 07:19:30,0.036
02 Jul 2025 07:20:15,0.016
02 Jul 2025 07:21:00,0.065
02 Jul 2025 07:21:45,0.043
02 Jul 2025 07:22:00,0.044
02 Jul 2025 07:22:15,0.008
02 Jul 2025 07:23:00,0.063
02 Jul 2025 07:23:45,0.000
02 Jul 2025 07:24:00,0.030
02 Jul 2025 07:24:30,0.019
02 Jul 2025 07:24:45,0.059
02 Jul 2025 07:25:00,0.017
02 Jul 2025 07:25:30,0.015
02 Jul 2025 07:25:45,0.051
02 Jul 2025 07:26:30,0.042
02 Jul 2025 07:26:45,0.054
02 Jul 2025 07:27:00,0.012
02 Jul 2025 07:27:15,0.024
02 Jul 2025 07:27:30,0.052
02 Jul 2025 07:27:45,0.056
02 Jul 2025 07:29:00,0.048
02 Jul 2025 07:29:30,0.090
02 Jul 2025 07:30:15,0.077
02 Jul 2025 07:30:30,0.061
02 Jul 2025 07:31:00,0.072
02 Jul 2025 07:31:30,0.023
02 Jul 2025 07:32:15,0.013
02 Jul 2025 07:33:15,0.038
02 Jul 2025 07:33:30,0.053
02 Jul 2025 07:34:30,0.051
02 Jul 2025 07:34:45,-0.020
02 Jul 2025 07:35:00,0.076
02 Jul 2025 07:35:45,0.078
02 Jul 2025 07:36:00,0.019
02 Jul 2025 07:36:30,0.082
02 Jul 2025 07:36:45,0.068
02 Jul 2025 07:37:45,-0.005
02 Jul 2025 07:38:00,0.090
02 Jul 2025 07:38:30,0.038
02 Jul 2025 07:39:15,0.089
02 Jul 2025 07:39:30,0.054
02 Jul 2025 07:40:00,0.059
02 Jul 2025 07:40:15,0.058
02 Jul 2025 07:40:30,0.040
02 Jul 2025 07:40:45,0.039
02 Jul 2025 07:41:30,0.003
02 Jul 2025 07:41:45,0.034
02 Jul 2025 07:42:00,0.026
02 Jul 2025 07:42:30,0.072
02 Jul 2025 07:42:45,0.036
02 Jul 2025 07:43:00,0.022
02 Jul 2025 07:43:15,0.050
02 Jul 2025 07:44:00,-0.001
02 Jul 2025 07:44:30,0.074
02 Jul 2025 07:45:15,-0.017
02 Jul 2025 07:45:45,0.000
02 Jul 2025 07:46:00,0.069
02 Jul 2025 07:46:45,0.082
02 Jul 2025 07:47:00,0.066
02 Jul 2025 07:47:15,0.038
02 Jul 2025 07:48:15,0.020
02 Jul 2025 07:48:30,0.045
02 Jul 2025 07:49:00,0.066
02 Jul 2025 07:49:15,0.058
02 Jul 2025 07:51:15,0.077
02 Jul 2025 07:51:30,0.010
02 Jul 2025 07:51:45,0.055
02 Jul 2025 07:52:30,0.066
02 Jul 2025 07:53:00,0.036
02 Jul 2025 07:53:15,0.048
02 Jul 2025 07:54:15,0.008
02 Jul 2025 07:54:30,0.044
02 Jul 2025 07:54:45,0.074
02 Jul 2025 07:55:30,0.001
02 Jul 2025 07:56:00,0.035
02 Jul 2025 07:56:30,0.157
02 Jul 2025 07:56:45,0.142
02 Jul 2025 07:59:00,0.059
02 Jul 2025 07:59:30,0.109
02 Jul 2025 08:00:00,0.007
02 Jul 2025 08:00:15,0.095
02 Jul 2025 08:00:45,0.025
02 Jul 2025 08:01:00,0.059
02 Jul 2025 08:01:15,0.066
02 Jul 2025 08:02:00,0.038
02 Jul 2025 08:02:30,0.059
02 Jul 2025 08:03:00,0.029
02 Jul 2025 08:03:45,-0.013
02 Jul 2025 08:04:00,-0.004
02 Jul 2025 08:04:30,0.006
02 Jul 2025 08:04:45,0.070
02 Jul 2025 08:05:30,0.082
02 Jul 2025 08:05:45,0.041
02 Jul 2025 08:06:15,0.083
02 Jul 2025 08:06:30,0.032
02 Jul 2025 08:06:45,0.047
02 Jul 2025 08:07:15,0.070
02 Jul 2025 08:07:30,0.073
02 Jul 2025 08:08:15,0.051
02 Jul 2025 08:08:45,0.073
02 Jul 2025 08:09:00,0.020
02 Jul 2025 08:09:15,0.048
02 Jul 2025 08:09:45,0.042
02 Jul 2025 08:10:30,0.074
02 Jul 2025 08:11:00,0.112
02 Jul 2025 08:11:15,0.041
02 Jul 2025 08:11:30,-0.013
02 Jul 2025 08:11:45,0.105
02 Jul 2025 08:12:15,0.042
02 Jul 2025 08:12:30,0.056
02 Jul 2025 08:12:45,0.058
02 Jul 2025 08:14:15,0.124
02 Jul 2025 08:14:45,0.082
02 Jul 2025 08:15:00,0.080
02 Jul 2025 08:15:15,0.036
02 Jul 2025 08:15:30,0.065
02 Jul 2025 08:15:45,0.088
02 Jul 2025 08:16:00,0.057
02 Jul 2025 08:17:00,0.073
02 Jul 2025 08:17:30,0.045
02 Jul 2025 08:17:45,0.112
02 Jul 2025 08:18:30,0.013
02 Jul 2025 08:19:00,0.061
02 Jul 2025 08:19:15,0.071
02 Jul 2025 08:19:30,0.028
02 Jul 2025 08:19:45,0.031
02 Jul 2025 08:20:00,0.065
02 Jul 2025 08:20:30,0.088
02 Jul 2025 08:21:30,0.040
02 Jul 2025 08:21:45,0.057
02 Jul 2025 08:22:30,0.070
02 Jul 2025 08:22:45,0.088
02 Jul 2025 08:23:30,0.073
02 Jul 2025 08:24:30,0.059
02 Jul 2025 08:25:00,0.067
02 Jul 2025 08:26:00,0.093
02 Jul 2025 08:26:15,0.056
02 Jul 2025 08:26:30,0.037
02 Jul 2025 08:27:00,0.092
02 Jul 2025 08:27:45,0.099
02 Jul 2025 08:28:00,0.081
02 Jul 2025 08:28:30,0.101
02 Jul 2025 08:28:45,0.056
02 Jul 2025 08:30:00,0.070
02 Jul 2025 08:30:30,0.042
02 Jul 2025 08:31:15,0.074
02 Jul 2025 08:32:00,0.054
02 Jul 2025 08:32:30,0.111
02 Jul 2025 08:32:45,0.080
02 Jul 2025 08:33:00,0.093
02 Jul 2025 08:33:30,0.054
02 Jul 2025 08:34:15,0.061
02 Jul 2025 08:34:30,0.068
02 Jul 2025 08:35:45,0.059
02 Jul 2025 08:36:00,0.047
02 Jul 2025 08:36:15,0.053
02 Jul 2025 08:37:00,0.094
02 Jul 2025 08:37:15,0.082
02 Jul 2025 08:37:30,0.084
02 Jul 2025 08:38:00,0.077
02 Jul 2025 08:38:15,0.080
02 Jul 2025 08:38:30,0.104
02 Jul 2025 08:38:45,0.029
02 Jul 2025 08:40:15,0.071
02 Jul 2025 08:41:15,0.085
02 Jul 2025 08:41:45,0.084
02 Jul 2025 08:42:00,0.079
02 Jul 2025 08:42:45,0.095
02 Jul 2025 08:43:15,0.067
02 Jul 2025 08:43:45,0.035
02 Jul 2025 08:45:00,0.209
02 Jul 2025 08:46:00,0.090
02 Jul 2025 08:46:45,0.097
02 Jul 2025 08:47:30,0.110
02 Jul 2025 08:47:45,0.046
02 Jul 2025 08:48:15,0.090
02 Jul 2025 08:48:30,0.049
02 Jul 2025 08:48:45,0.055
02 Jul 2025 08:49:15,0.069
02 Jul 2025 08:49:30,0.072
02 Jul 2025 08:49:45,0.081
02 Jul 2025 08:51:30,0.036
02 Jul 2025 08:52:00,0.105
02 Jul 2025 08:52:15,0.085
02 Jul 2025 08:52:30,0.078
02 Jul 2025 08:53:00,0.071
02 Jul 2025 08:53:30,0.115
02 Jul 2025 08:53:45,0.087
02 Jul 2025 08:54:45,0.089
02 Jul 2025 08:55:15,0.101
02 Jul 2025 08:56:15,0.054
02 Jul 2025 08:56:30,0.092
02 Jul 2025 08:56:45,0.085
02 Jul 2025 08:57:00,0.061
02 Jul 2025 08:57:30,0.098
02 Jul 2025 08:57:45,0.079
02 Jul 2025 08:58:00,0.053
02 Jul 2025 08:59:00,0.123
02 Jul 2025 08:59:45,0.047
02 Jul 2025 09:00:15,0.084
02 Jul 2025 09:01:00,0.089
02 Jul 2025 09:01:30,0.092
02 Jul 2025 09:02:00,0.018
02 Jul 2025 09:02:15,0.000
02 Jul 2025 09:02:45,0.049
02 Jul 2025 09:03:15,0.071
02 Jul 2025 09:03:45,0.056
02 Jul 2025 09:04:45,0.115
02 Jul 2025 09:05:00,0.104
02 Jul 2025 09:05:15,0.090
02 Jul 2025 09:05:30,0.095
02 Jul 2025 09:06:00,0.103
02 Jul 2025 09:07:00,0.106
02 Jul 2025 09:07:15,0.117
02 Jul 2025 09:08:00,0.098
02 Jul 2025 09:08:30,0.106
02 Jul 2025 09:08:45,0.073
02 Jul 2025 09:09:30,0.099
02 Jul 2025 09:09:45,0.085
02 Jul 2025 09:10:00,0.103
02 Jul 2025 09:10:45,0.071
02 Jul 2025 09:11:00,0.057
02 Jul 2025 09:11:30,0.094
02 Jul 2025 09:11:45,0.055
02 Jul 2025 09:12:30,0.076
02 Jul 2025 09:12:45,0.104
02 Jul 2025 09:13:30,0.065
02 Jul 2025 09:14:15,0.084
02 Jul 2025 09:14:30,0.095
02 Jul 2025 09:15:00,0.117
02 Jul 2025 09:15:30,0.052
02 Jul 2025 09:15:45,0.058
02 Jul 2025 09:16:15,0.057
02 Jul 2025 09:17:15,0.060
02 Jul 2025 09:17:30,0.105
02 Jul 2025 09:17:45,0.077
02 Jul 2025 09:18:00,0.095
02 Jul 2025 09:18:30,0.036
02 Jul 2025 09:19:00,0.080
02 Jul 2025 09:19:15,0.070
02 Jul 2025 09:20:00,0.108
02 Jul 2025 09:20:15,0.095
02 Jul 2025 09:20:45,0.073
02 Jul 2025 09:22:15,0.102
02 Jul 2025 09:22:30,0.086
02 Jul 2025 09:23:45,0.096
02 Jul 2025 09:24:00,0.094
02 Jul 2025 09:25:00,0.079
02 Jul 2025 09:25:30,0.125
02 Jul 2025 09:26:45,0.110
02 Jul 2025 09:27:30,0.103
02 Jul 2025 09:27:45,0.078
02 Jul 2025 09:28:15,0.112
02 Jul 2025 09:28:30,0.071
02 Jul 2025 09:28:45,0.109
02 Jul 2025 09:29:00,0.103
02 Jul 2025 09:29:15,0.114
02 Jul 2025 09:30:00,0.081
02 Jul 2025 09:30:15,0.073
02 Jul 2025 09:30:45,0.101
02 Jul 2025 09:31:00,0.096
02 Jul 2025 09:31:30,0.121
02 Jul 2025 09:32:15,0.088
02 Jul 2025 09:32:45,0.114
02 Jul 2025 09:33:00,0.065
02 Jul 2025 09:33:30,0.067
02 Jul 2025 09:34:00,0.098
02 Jul 2025 09:34:15,0.126
02 Jul 2025 09:34:30,0.131
02 Jul 2025 09:35:15,0.115
02 Jul 2025 09:36:30,0.101
02 Jul 2025 09:36:45,0.118
02 Jul 2025 09:37:15,0.086
02 Jul 2025 09:38:00,0.161
02 Jul 2025 09:38:15,0.110
02 Jul 2025 09:38:30,0.095
02 Jul 2025 09:38:45,0.080
02 Jul 2025 09:39:45,0.124
02 Jul 2025 09:40:00,0.138
02 Jul 2025 09:40:45,0.126
02 Jul 2025 09:42:00,0.114
02 Jul 2025 09:42:30,0.115
02 Jul 2025 09:43:15,0.097
02 Jul 2025 09:43:30,0.113
02 Jul 2025 09:43:45,0.126
02 Jul 2025 09:44:00,0.106
02 Jul 2025 09:44:15,0.144
02 Jul 2025 09:44:30,0.106
02 Jul 2025 09:44:45,0.103
02 Jul 2025 09:45:45,0.087
02 Jul 2025 09:46:00,0.089
02 Jul 2025 09:46:45,0.087
02 Jul 2025 09:47:00,0.094
02 Jul 2025 09:47:45,0.115
02 Jul 2025 09:48:00,0.124
02 Jul 2025 09:48:15,0.076
02 Jul 2025 09:48:30,0.086
02 Jul 2025 09:49:00,0.105
02 Jul 2025 09:49:30,0.090
02 Jul 2025 09:49:45,0.134
02 Jul 2025 09:50:00,0.109
02 Jul 2025 09:51:00,0.076
02 Jul 2025 09:51:30,0.101
02 Jul 2025 09:52:00,0.109
02 Jul 2025 09:52:30,0.084
02 Jul 2025 09:53:00,0.100
02 Jul 2025 09:54:45,0.107
02 Jul 2025 09:55:00,0.104
02 Jul 2025 09:55:30,0.118
02 Jul 2025 09:55:45,0.119
02 Jul 2025 09:56:15,0.127
02 Jul 2025 09:56:30,0.100
02 Jul 2025 09:57:00,0.091
02 Jul 2025 09:57:15,0.133
02 Jul 2025 09:57:45,0.108
02 Jul 2025 09:58:00,0.118
02 Jul 2025 09:59:00,0.111
02 Jul 2025 09:59:15,0.088
02 Jul 2025 09:59:45,0.092
02 Jul 2025 10:00:00,0.096
02 Jul 2025 10:00:15,0.095
02 Jul 2025 10:00:30,0.097
02 Jul 2025 10:00:45,0.101
02 Jul 2025 10:01:00,0.086
02 Jul 2025 10:01:15,0.111
02 Jul 2025 10:01:45,0.097
02 Jul 2025 10:02:30,0.145
02 Jul 2025 10:03:15,0.118
02 Jul 2025 10:03:30,0.125
02 Jul 2025 10:03:45,0.089
02 Jul 2025 10:04:00,0.109
02 Jul 2025 10:04:30,0.124
02 Jul 2025 10:05:00,0.154
02 Jul 2025 10:05:15,0.151
02 Jul 2025 10:05:30,0.129
02 Jul 2025 10:06:30,0.110
02 Jul 2025 10:06:45,0.099
02 Jul 2025 10:07:15,0.113
02 Jul 2025 10:07:45,0.113
02 Jul 2025 10:08:00,0.132
02 Jul 2025 10:08:15,0.148
02 Jul 2025 10:08:30,0.086
02 Jul 2025 10:09:30,0.089
02 Jul 2025 10:10:45,0.128
02 Jul 2025 10:11:15,0.095
02 Jul 2025 10:11:45,0.085
02 Jul 2025 10:12:15,0.119
02 Jul 2025 10:12:45,0.106
02 Jul 2025 10:13:00,0.150
02 Jul 2025 10:13:15,0.118
02 Jul 2025 10:13:30,0.135
02 Jul 2025 10:14:00,0.104
02 Jul 2025 10:15:15,0.103
02 Jul 2025 10:15:30,0.078
02 Jul 2025 10:15:45,0.125
02 Jul 2025 10:16:00,0.077
02 Jul 2025 10:16:15,0.131
02 Jul 2025 10:16:45,0.085
02 Jul 2025 10:17:00,0.125
02 Jul 2025 10:17:30,0.101
02 Jul 2025 10:17:45,0.135
02 Jul 2025 10:18:00,0.109
02 Jul 2025 10:18:15,0.112
02 Jul 2025 10:18:45,0.105
02 Jul 2025 10:19:00,0.087
02 Jul 2025 10:20:45,0.136
02 Jul 2025 10:21:00,0.108
02 Jul 2025 10:21:30,0.121
02 Jul 2025 10:22:00,0.095
02 Jul 2025 10:22:30,0.127
02 Jul 2025 10:22:45,0.099
02 Jul 2025 10:23:15,0.106
02 Jul 2025 10:24:15,0.101
02 Jul 2025 10:24:30,0.119
02 Jul 2025 10:25:15,0.127
02 Jul 2025 10:25:30,0.105
02 Jul 2025 10:25:45,0.138
02 Jul 2025 10:26:15,0.121
02 Jul 2025 10:27:00,0.079
02 Jul 2025 10:27:15,0.105
02 Jul 2025 10:28:15,0.133
02 Jul 2025 10:28:45,0.131
02 Jul 2025 10:29:15,0.132
02 Jul 2025 10:29:45,0.110
02 Jul 2025 10:30:00,0.103
02 Jul 2025 10:30:15,0.143
02 Jul 2025 10:30:45,0.110
02 Jul 2025 10:31:00,0.115
02 Jul 2025 10:31:15,0.103
02 Jul 2025 10:31:30,0.102
02 Jul 2025 10:32:00,0.111
02 Jul 2025 10:32:15,0.134
02 Jul 2025 10:33:30,0.124
02 Jul 2025 10:33:45,0.123
02 Jul 2025 10:34:00,0.158
02 Jul 2025 10:34:15,0.098
02 Jul 2025 10:34:45,0.098
02 Jul 2025 10:35:15,0.131
02 Jul 2025 10:35:45,0.147
02 Jul 2025 10:36:45,0.152
02 Jul 2025 10:37:00,0.099
02 Jul 2025 10:37:15,0.130
02 Jul 2025 10:38:00,0.124
02 Jul 2025 10:38:30,0.114
02 Jul 2025 10:39:00,0.104
02 Jul 2025 10:39:15,0.122
02 Jul 2025 10:39:30,0.091
02 Jul 2025 10:40:15,0.133
02 Jul 2025 10:40:30,0.106
02 Jul 2025 10:41:30,0.101
02 Jul 2025 10:42:15,0.136
02 Jul 2025 10:42:45,0.126
02 Jul 2025 10:43:15,0.109
02 Jul 2025 10:45:00,0.124
02 Jul 2025 10:45:30,0.133
02 Jul 2025 10:46:00,0.135
02 Jul 2025 10:46:45,0.134
02 Jul 2025 10:47:45,0.133
02 Jul 2025 10:48:15,0.137
02 Jul 2025 10:48:45,0.099
02 Jul 2025 10:49:00,0.165
02 Jul 2025 10:49:15,0.117
02 Jul 2025 10:49:30,0.127
02 Jul 2025 10:50:30,0.147
02 Jul 2025 10:51:15,0.123
02 Jul 2025 10:51:30,0.132
02 Jul 2025 10:52:15,0.087
02 Jul 2025 10:53:00,0.129
02 Jul 2025 10:53:15,0.131
02 Jul 2025 10:53:45,0.126
02 Jul 2025 10:54:00,0.120
02 Jul 2025 10:54:15,0.130
02 Jul 2025 10:54:45,0.129
02 Jul 2025 10:55:15,0.162
02 Jul 2025 10:55:30,0.134
02 Jul 2025 10:55:45,0.117
02 Jul 2025 10:56:45,0.104
02 Jul 2025 10:57:00,0.134
02 Jul 2025 10:57:15,0.110
02 Jul 2025 10:57:45,0.137
02 Jul 2025 10:58:30,0.132
02 Jul 2025 10:59:00,0.117
02 Jul 2025 10:59:15,0.140
02 Jul 2025 10:59:30,0.135
02 Jul 2025 11:00:00,0.111
02 Jul 2025 11:00:15,0.130
02 Jul 2025 11:00:30,0.128
02 Jul 2025 11:00:45,0.149
02 Jul 2025 11:01:00,0.137
02 Jul 2025 11:01:45,0.116
02 Jul 2025 11:02:00,0.139
02 Jul 2025 11:03:00,0.122
02 Jul 2025 11:03:45,0.130
02 Jul 2025 11:04:00,0.112
02 Jul 2025 11:04:30,0.145
02 Jul 2025 11:05:00,0.161
02 Jul 2025 11:05:15,0.144
02 Jul 2025 11:06:00,0.196
02 Jul 2025 11:06:15,0.134
02 Jul 2025 11:06:30,0.166
02 Jul 2025 11:06:45,0.181
02 Jul 2025 11:07:00,0.191
02 Jul 2025 11:07:15,0.174
02 Jul 2025 11:08:15,0.171
02 Jul 2025 11:08:45,0.121
02 Jul 2025 11:09:00,0.157
02 Jul 2025 11:09:15,0.125
02 Jul 2025 11:09:30,0.201
02 Jul 2025 11:09:45,0.114
02 Jul 2025 11:10:30,0.148
02 Jul 2025 11:11:00,0.155
02 Jul 2025 11:11:15,0.166
02 Jul 2025 11:11:30,0.178
02 Jul 2025 11:12:15,0.145
02 Jul 2025 11:12:45,0.154
02 Jul 2025 11:13:00,0.075
02 Jul 2025 11:13:30,0.092
02 Jul 2025 11:13:45,0.195
02 Jul 2025 11:14:15,0.120
02 Jul 2025 11:15:15,0.139
02 Jul 2025 11:15:30,0.093
02 Jul 2025 11:16:00,0.140
02 Jul 2025 11:16:15,0.148
02 Jul 2025 11:16:45,0.157
02 Jul 2025 11:17:45,0.212
02 Jul 2025 11:19:30,0.166
02 Jul 2025 11:20:30,0.172
02 Jul 2025 11:21:15,0.147
02 Jul 2025 11:21:45,0.151
02 Jul 2025 11:22:30,0.140
02 Jul 2025 11:22:45,0.162
02 Jul 2025 11:23:15,0.110
02 Jul 2025 11:23:45,0.162
02 Jul 2025 11:24:30,0.160
02 Jul 2025 11:24:45,0.126
02 Jul 2025 11:26:15,0.170
02 Jul 2025 11:26:45,0.152
02 Jul 2025 11:28:00,0.127
02 Jul 2025 11:28:15,0.185
02 Jul 2025 11:28:45,0.150
02 Jul 2025 11:30:00,0.136
02 Jul 2025 11:30:45,0.146
02 Jul 2025 11:31:00,0.162
02 Jul 2025 11:31:30,0.128
02 Jul 2025 11:32:00,0.121
02 Jul 2025 11:33:15,0.151
02 Jul 2025 11:33:45,0.191
02 Jul 2025 11:34:00,0.171
02 Jul 2025 11:35:00,0.156
02 Jul 2025 11:35:15,0.124
02 Jul 2025 11:35:45,0.165
02 Jul 2025 11:36:00,0.150
02 Jul 2025 11:36:15,0.173
02 Jul 2025 11:36:45,0.138
02 Jul 2025 11:37:30,0.178
02 Jul 2025 11:37:45,0.133
02 Jul 2025 11:38:00,0.111
02 Jul 2025 11:38:15,0.156
02 Jul 2025 11:38:30,0.183
02 Jul 2025 11:39:15,0.153
02 Jul 2025 11:39:45,0.167
02 Jul 2025 11:41:30,0.146
02 Jul 2025 11:42:00,0.135
02 Jul 2025 11:42:45,0.132
02 Jul 2025 11:43:45,0.140
02 Jul 2025 11:44:00,0.168
02 Jul 2025 11:45:00,0.115
02 Jul 2025 11:45:15,0.160
02 Jul 2025 11:45:45,0.155
02 Jul 2025 11:46:30,0.140
02 Jul 2025 11:46:45,0.156
02 Jul 2025 11:47:30,0.165
02 Jul 2025 11:47:45,0.163
02 Jul 2025 11:48:45,0.156
02 Jul 2025 11:49:00,0.151
02 Jul 2025 11:49:15,0.010
02 Jul 2025 11:49:30,0.109
02 Jul 2025 11:49:45,0.131
02 Jul 2025 11:50:00,0.135
02 Jul 2025 11:51:15,0.155
02 Jul 2025 11:51:30,0.133
02 Jul 2025 11:52:00,0.131
02 Jul 2025 11:52:15,0.159
02 Jul 2025 11:52:30,0.163
02 Jul 2025 11:53:45,0.169
02 Jul 2025 11:54:00,0.134
02 Jul 2025 11:54:30,0.126
02 Jul 2025 11:55:00,0.159
02 Jul 2025 11:55:15,0.169
02 Jul 2025 11:55:30,0.171
02 Jul 2025 11:56:00,0.174
02 Jul 2025 11:56:15,0.165
02 Jul 2025 11:56:30,0.168
02 Jul 2025 11:58:00,0.183
02 Jul 2025 11:58:30,0.178
02 Jul 2025 11:59:15,0.161
02 Jul 2025 11:59:30,0.130
02 Jul 2025 12:00:15,0.180
02 Jul 2025 12:00:45,0.134
02 Jul 2025 12:01:45,0.135
02 Jul 2025 12:02:15,0.188
02 Jul 2025 12:02:45,0.145
02 Jul 2025 12:03:00,0.167
02 Jul 2025 12:03:15,0.169
02 Jul 2025 12:04:15,0.144
02 Jul 2025 12:04:30,0.174
02 Jul 2025 12:04:45,0.141
02 Jul 2025 12:05:45,0.118
02 Jul 2025 12:06:00,0.157
02 Jul 2025 12:06:15,0.148
02 Jul 2025 12:06:30,0.156
02 Jul 2025 12:06:45,0.182
02 Jul 2025 12:07:15,0.173
02 Jul 2025 12:07:45,0.139
02 Jul 2025 12:08:00,0.136
02 Jul 2025 12:08:15,0.141
02 Jul 2025 12:08:30,0.147
02 Jul 2025 12:09:00,0.142
02 Jul 2025 12:09:30,0.160
02 Jul 2025 12:10:15,0.150
02 Jul 2025 12:10:45,0.131
02 Jul 2025 12:11:00,0.177
02 Jul 2025 12:12:15,0.155
02 Jul 2025 12:13:15,0.110
02 Jul 2025 12:13:30,0.160
02 Jul 2025 12:14:00,0.145
02 Jul 2025 12:14:15,0.167
02 Jul 2025 12:15:00,0.182
02 Jul 2025 12:15:15,0.143
02 Jul 2025 12:15:30,0.172
02 Jul 2025 12:16:00,0.167
02 Jul 2025 12:16:15,0.147
02 Jul 2025 12:17:45,0.175
02 Jul 2025 12:18:15,0.152
02 Jul 2025 12:19:15,0.144
02 Jul 2025 12:20:15,0.174
02 Jul 2025 12:22:00,0.172
02 Jul 2025 12:22:30,0.149
02 Jul 2025 12:22:45,0.154
02 Jul 2025 12:23:15,0.151
02 Jul 2025 12:23:30,0.130
02 Jul 2025 12:23:45,0.150
02 Jul 2025 12:24:30,0.153
02 Jul 2025 12:25:30,0.167
02 Jul 2025 12:25:45,0.158
02 Jul 2025 12:26:15,0.124
02 Jul 2025 12:26:30,0.143
02 Jul 2025 12:27:30,0.153
02 Jul 2025 12:27:45,0.165
02 Jul 2025 12:28:00,0.140
02 Jul 2025 12:29:45,0.143
02 Jul 2025 12:30:00,0.187
02 Jul 2025 12:30:15,0.164
02 Jul 2025 12:30:45,0.160
02 Jul 2025 12:31:00,0.180
02 Jul 2025 12:31:30,0.170
02 Jul 2025 12:31:45,0.153
02 Jul 2025 12:32:00,0.169
02 Jul 2025 12:33:00,0.134
02 Jul 2025 12:33:15,0.161
02 Jul 2025 12:34:00,0.171
02 Jul 2025 12:34:30,0.166
02 Jul 2025 12:34:45,0.154
02 Jul 2025 12:35:15,0.160
02 Jul 2025 12:35:30,0.166
02 Jul 2025 12:35:45,0.173
02 Jul 2025 12:36:15,0.159
02 Jul 2025 12:36:45,0.141
02 Jul 2025 12:37:15,0.166
02 Jul 2025 12:37:30,0.146
02 Jul 2025 12:37:45,0.151
02 Jul 2025 12:38:00,0.130
02 Jul 2025 12:38:15,0.164
02 Jul 2025 12:38:45,0.165
02 Jul 2025 12:39:15,0.167
02 Jul 2025 12:39:45,0.148
02 Jul 2025 12:40:00,0.194
02 Jul 2025 12:40:15,0.148
02 Jul 2025 12:41:00,0.161
02 Jul 2025 12:41:15,0.166
02 Jul 2025 12:42:15,0.165
02 Jul 2025 12:42:45,0.177
02 Jul 2025 12:43:00,0.212
02 Jul 2025 12:43:15,0.148
02 Jul 2025 12:43:45,0.174
02 Jul 2025 12:44:15,0.147
02 Jul 2025 12:44:30,0.169
02 Jul 2025 12:44:45,0.144
02 Jul 2025 12:46:00,0.180
02 Jul 2025 12:47:30,0.204
02 Jul 2025 12:47:45,0.168
02 Jul 2025 12:48:15,0.163
02 Jul 2025 12:48:30,0.157
02 Jul 2025 12:48:45,0.149
02 Jul 2025 12:49:00,0.150
02 Jul 2025 12:50:15,0.166
02 Jul 2025 12:50:45,0.145
02 Jul 2025 12:51:00,0.150
02 Jul 2025 12:51:15,0.139
02 Jul 2025 12:52:00,0.155
02 Jul 2025 12:52:45,0.176
02 Jul 2025 12:53:00,0.141
02 Jul 2025 12:53:15,0.164
02 Jul 2025 12:53:30,0.133
02 Jul 2025 12:53:45,0.171
02 Jul 2025 12:54:00,0.158
02 Jul 2025 12:54:30,0.153
02 Jul 2025 12:55:00,0.139
02 Jul 2025 12:56:00,0.113
02 Jul 2025 12:56:30,0.176
02 Jul 2025 12:57:00,0.141
02 Jul 2025 12:57:30,0.140
02 Jul 2025 12:58:00,0.143
02 Jul 2025 12:58:30,0.173
02 Jul 2025 12:59:00,0.172
02 Jul 2025 12:59:45,0.174
02 Jul 2025 13:00:30,0.198
02 Jul 2025 13:01:00,0.140
02 Jul 2025 13:01:15,0.160
02 Jul 2025 13:01:45,0.148
02 Jul 2025 13:02:00,0.153
02 Jul 2025 13:03:00,0.158
02 Jul 2025 13:03:15,0.150
02 Jul 2025 13:03:30,0.134
02 Jul 2025 13:03:45,0.166
02 Jul 2025 13:04:30,0.155
02 Jul 2025 13:05:15,0.134
02 Jul 2025 13:05:30,0.162
02 Jul 2025 13:05:45,0.142
02 Jul 2025 13:06:45,0.164
02 Jul 2025 13:07:00,0.154
02 Jul 2025 13:07:30,0.131
02 Jul 2025 13:08:15,0.160
02 Jul 2025 13:08:45,0.155
02 Jul 2025 13:09:00,0.173
02 Jul 2025 13:09:15,0.167
02 Jul 2025 13:09:30,0.211
02 Jul 2025 13:09:45,0.172
02 Jul 2025 13:10:00,0.179
02 Jul 2025 13:10:15,0.167
02 Jul 2025 13:11:45,0.153
02 Jul 2025 13:12:30,0.193
02 Jul 2025 13:12:45,0.151
02 Jul 2025 13:13:00,0.160
02 Jul 2025 13:13:15,0.175
02 Jul 2025 13:14:00,0.142
02 Jul 2025 13:14:15,0.174
02 Jul 2025 13:14:30,0.146
02 Jul 2025 13:14:45,0.164
02 Jul 2025 13:15:45,0.175
02 Jul 2025 13:16:15,0.146
02 Jul 2025 13:16:30,0.181
02 Jul 2025 13:16:45,0.138
02 Jul 2025 13:17:00,0.151
02 Jul 2025 13:17:15,0.176
02 Jul 2025 13:17:30,0.164
02 Jul 2025 13:17:45,0.193
02 Jul 2025 13:18:15,0.138
02 Jul 2025 13:18:45,0.156
02 Jul 2025 13:20:15,0.168
02 Jul 2025 13:20:30,0.117
02 Jul 2025 13:20:45,0.179
02 Jul 2025 13:21:00,0.149
02 Jul 2025 13:21:15,0.171
02 Jul 2025 13:21:30,0.117
02 Jul 2025 13:21:45,0.184
02 Jul 2025 13:22:00,0.134
02 Jul 2025 13:23:15,0.162
02 Jul 2025 13:23:30,0.145
02 Jul 2025 13:24:00,0.149
02 Jul 2025 13:24:30,0.162
02 Jul 2025 13:25:00,0.169
02 Jul 2025 13:25:30,0.175
02 Jul 2025 13:25:45,0.134
02 Jul 2025 13:26:00,0.176
02 Jul 2025 13:26:30,0.168
02 Jul 2025 13:27:30,0.153
02 Jul 2025 13:28:00,0.167
02 Jul 2025 13:29:00,0.143
02 Jul 2025 13:29:15,0.149
02 Jul 2025 13:29:45,0.128
02 Jul 2025 13:30:00,0.174
02 Jul 2025 13:30:15,0.137
02 Jul 2025 13:30:30,0.155
02 Jul 2025 13:31:00,0.184
02 Jul 2025 13:31:45,0.151
02 Jul 2025 13:32:00,0.151
02 Jul 2025 13:32:15,0.155
02 Jul 2025 13:32:45,0.150
02 Jul 2025 13:33:00,0.156
02 Jul 2025 13:34:00,0.153
02 Jul 2025 13:35:30,0.169
02 Jul 2025 13:35:45,0.151
02 Jul 2025 13:36:15,0.148
02 Jul 2025 13:36:45,0.120
02 Jul 2025 13:37:00,0.191
02 Jul 2025 13:37:15,0.173
02 Jul 2025 13:37:30,0.165
02 Jul 2025 13:38:15,0.169
02 Jul 2025 13:38:30,0.126
02 Jul 2025 13:38:45,0.152
02 Jul 2025 13:39:15,0.131
02 Jul 2025 13:39:30,0.147
02 Jul 2025 13:40:00,0.169
02 Jul 2025 13:40:15,0.143
02 Jul 2025 13:41:15,0.170
02 Jul 2025 13:41:30,0.169
02 Jul 2025 13:41:45,0.159
02 Jul 2025 13:42:15,0.135
02 Jul 2025 13:43:15,0.140
02 Jul 2025 13:43:45,0.140
02 Jul 2025 13:44:00,0.124
02 Jul 2025 13:44:30,0.166
02 Jul 2025 13:44:45,0.157
02 Jul 2025 13:45:30,0.170
02 Jul 2025 13:45:45,0.139
02 Jul 2025 13:46:00,0.147
02 Jul 2025 13:46:15,0.149
02 Jul 2025 13:46:30,0.149
02 Jul 2025 13:46:45,0.164
02 Jul 2025 13:47:00,0.162
02 Jul 2025 13:47:45,0.153
02 Jul 2025 13:48:15,0.146
02 Jul 2025 13:48:45,0.132
02 Jul 2025 13:49:00,0.141
02 Jul 2025 13:49:15,0.155
02 Jul 2025 13:49:30,0.144
02 Jul 2025 13:50:00,0.129
02 Jul 2025 13:50:15,0.164
02 Jul 2025 13:51:15,0.114
02 Jul 2025 13:51:45,0.138
02 Jul 2025 13:52:30,0.150
02 Jul 2025 13:52:45,0.149
02 Jul 2025 13:53:15,0.166
02 Jul 2025 13:53:30,0.165
02 Jul 2025 13:54:00,0.160
02 Jul 2025 13:54:15,0.169
02 Jul 2025 13:54:45,0.139
02 Jul 2025 13:55:00,0.156
02 Jul 2025 13:55:30,0.166
02 Jul 2025 13:55:45,0.130
02 Jul 2025 13:56:00,0.154
02 Jul 2025 13:56:45,0.150
02 Jul 2025 13:57:00,0.156
02 Jul 2025 13:58:15,0.165
02 Jul 2025 13:58:45,0.108
02 Jul 2025 13:59:00,0.179
02 Jul 2025 13:59:15,0.125
02 Jul 2025 13:59:45,0.141
02 Jul 2025 14:00:00,0.158
02 Jul 2025 14:00:15,0.139
02 Jul 2025 14:01:15,0.132
02 Jul 2025 14:01:30,0.167
02 Jul 2025 14:01:45,0.123
02 Jul 2025 14:02:15,0.144
02 Jul 2025 14:03:15,0.173
02 Jul 2025 14:04:00,0.159
02 Jul 2025 14:04:15,0.119
02 Jul 2025 14:04:30,0.150
02 Jul 2025 14:05:00,0.149
02 Jul 2025 14:06:00,0.160
02 Jul 2025 14:07:15,0.119
02 Jul 2025 14:07:30,0.147
02 Jul 2025 14:07:45,0.139
02 Jul 2025 14:08:00,0.120
02 Jul 2025 14:08:30,0.145
02 Jul 2025 14:09:00,0.145
02 Jul 2025 14:09:30,0.143
02 Jul 2025 14:09:45,0.146
02 Jul 2025 14:10:00,0.140
02 Jul 2025 14:10:30,0.151
02 Jul 2025 14:11:00,0.117
02 Jul 2025 14:11:15,0.139
02 Jul 2025 14:11:30,0.150
02 Jul 2025 14:11:45,0.112
02 Jul 2025 14:12:30,0.150
02 Jul 2025 14:12:45,0.181
02 Jul 2025 14:13:30,0.148
02 Jul 2025 14:14:30,0.146
02 Jul 2025 14:15:15,0.102
02 Jul 2025 14:15:45,0.172
02 Jul 2025 14:16:30,0.151
02 Jul 2025 14:17:15,0.159
02 Jul 2025 14:17:30,0.122
02 Jul 2025 14:17:45,0.127
02 Jul 2025 14:18:00,0.165
02 Jul 2025 14:18:15,0.119
02 Jul 2025 14:18:30,0.166
02 Jul 2025 14:19:45,0.131
02 Jul 2025 14:20:00,0.163
02 Jul 2025 14:20:15,0.131
02 Jul 2025 14:21:00,0.160
02 Jul 2025 14:21:15,0.147
02 Jul 2025 14:21:45,0.140
02 Jul 2025 14:22:15,0.138
02 Jul 2025 14:23:15,0.131
02 Jul 2025 14:23:30,0.160
02 Jul 2025 14:23:45,0.099
02 Jul 2025 14:24:45,0.139
02 Jul 2025 14:25:15,0.156
02 Jul 2025 14:26:15,0.128
02 Jul 2025 14:26:45,0.126
02 Jul 2025 14:27:00,0.124
02 Jul 2025 14:27:15,0.178
02 Jul 2025 14:27:45,0.123
02 Jul 2025 14:28:15,0.099
02 Jul 2025 14:28:30,0.137
02 Jul 2025 14:28:45,0.110
02 Jul 2025 14:30:15,0.150
02 Jul 2025 14:30:30,0.147
02 Jul 2025 14:31:15,0.120
02 Jul 2025 14:31:30,0.145
02 Jul 2025 14:32:00,0.125
02 Jul 2025 14:32:15,0.142
02 Jul 2025 14:33:00,0.172
02 Jul 2025 14:34:15,0.154
02 Jul 2025 14:34:30,0.120
02 Jul 2025 14:34:45,0.141
02 Jul 2025 14:35:15,0.142
02 Jul 2025 14:35:30,0.129
02 Jul 2025 14:35:45,0.126
02 Jul 2025 14:36:30,0.137
02 Jul 2025 14:36:45,0.104
02 Jul 2025 14:37:15,0.115
02 Jul 2025 14:37:30,0.118
02 Jul 2025 14:37:45,0.115
02 Jul 2025 14:39:00,0.143
02 Jul 2025 14:40:00,0.146
02 Jul 2025 14:40:45,0.176
02 Jul 2025 14:41:15,0.156
02 Jul 2025 14:41:30,0.133
02 Jul 2025 14:42:30,0.128
02 Jul 2025 14:43:15,0.144
02 Jul 2025 14:44:15,0.093
02 Jul 2025 14:44:30,0.118
02 Jul 2025 14:45:00,0.171
02 Jul 2025 14:45:30,0.148
02 Jul 2025 14:45:45,0.149
02 Jul 2025 14:46:00,0.123
02 Jul 2025 14:46:45,0.144
02 Jul 2025 14:47:30,0.140
02 Jul 2025 14:48:30,0.141
02 Jul 2025 14:49:00,0.090
02 Jul 2025 14:49:30,0.124
02 Jul 2025 14:49:45,0.125
02 Jul 2025 14:50:00,0.170
02 Jul 2025 14:50:30,0.121
02 Jul 2025 14:50:45,0.119
02 Jul 2025 14:51:15,0.128
02 Jul 2025 14:51:30,0.106
02 Jul 2025 14:52:30,0.113
02 Jul 2025 14:53:00,0.155
02 Jul 2025 14:53:15,0.149
02 Jul 2025 14:53:30,0.127
02 Jul 2025 14:54:00,0.127
02 Jul 2025 14:54:15,0.124
02 Jul 2025 14:54:30,0.149
02 Jul 2025 14:54:45,0.165
02 Jul 2025 14:55:00,0.150
02 Jul 2025 14:55:30,0.144
02 Jul 2025 14:56:00,0.114
02 Jul 2025 14:56:15,0.089
02 Jul 2025 14:56:30,0.120
02 Jul 2025 14:57:15,0.120
02 Jul 2025 14:57:30,0.138
02 Jul 2025 14:58:15,0.124
02 Jul 2025 14:58:30,0.135
02 Jul 2025 14:58:45,0.109
02 Jul 2025 14:59:00,0.135
02 Jul 2025 14:59:15,0.114
02 Jul 2025 14:59:30,0.161
02 Jul 2025 14:59:45,0.130
02 Jul 2025 15:00:30,0.153
02 Jul 2025 15:01:00,0.123
02 Jul 2025 15:02:30,0.132
02 Jul 2025 15:03:30,0.125
02 Jul 2025 15:04:30,0.121
02 Jul 2025 15:05:00,0.158
02 Jul 2025 15:05:15,0.157
02 Jul 2025 15:05:45,0.114
02 Jul 2025 15:06:15,0.118
02 Jul 2025 15:06:45,0.104
02 Jul 2025 15:07:00,0.133
02 Jul 2025 15:07:45,0.136
02 Jul 2025 15:08:00,0.133
02 Jul 2025 15:08:30,0.116
02 Jul 2025 15:08:45,0.133
02 Jul 2025 15:09:00,0.137
02 Jul 2025 15:09:15,0.113
02 Jul 2025 15:09:30,0.113
02 Jul 2025 15:09:45,0.113
02 Jul 2025 15:10:00,0.134
02 Jul 2025 15:10:30,0.128
02 Jul 2025 15:11:00,0.121
02 Jul 2025 15:11:15,0.108
02 Jul 2025 15:11:30,0.134
02 Jul 2025 15:11:45,0.123
02 Jul 2025 15:12:30,0.093
02 Jul 2025 15:12:45,0.093
02 Jul 2025 15:13:00,0.122
02 Jul 2025 15:13:30,0.092
02 Jul 2025 15:14:00,0.113
02 Jul 2025 15:14:15,0.104
02 Jul 2025 15:15:15,0.107
02 Jul 2025 15:15:45,0.090
02 Jul 2025 15:16:15,0.122
02 Jul 2025 15:16:30,0.153
02 Jul 2025 15:17:15,0.131
02 Jul 2025 15:17:30,0.126
02 Jul 2025 15:18:00,0.096
02 Jul 2025 15:18:30,0.100
02 Jul 2025 15:19:15,0.135
02 Jul 2025 15:19:30,0.098
02 Jul 2025 15:20:15,0.117
02 Jul 2025 15:21:00,0.133
02 Jul 2025 15:21:15,0.127
02 Jul 2025 15:21:30,0.112
02 Jul 2025 15:22:15,0.128
02 Jul 2025 15:22:30,0.134
02 Jul 2025 15:23:00,0.080
02 Jul 2025 15:23:15,0.129
02 Jul 2025 15:23:45,0.110
02 Jul 2025 15:24:00,0.148
02 Jul 2025 15:24:15,0.079
02 Jul 2025 15:24:30,0.110
02 Jul 2025 15:25:15,0.157
02 Jul 2025 15:25:30,0.066
02 Jul 2025 15:25:45,0.111
02 Jul 2025 15:26:00,0.139
02 Jul 2025 15:26:30,0.093
02 Jul 2025 15:26:45,0.114
02 Jul 2025 15:27:00,0.125
02 Jul 2025 15:27:30,0.107
02 Jul 2025 15:27:45,0.132
02 Jul 2025 15:28:00,0.110
02 Jul 2025 15:28:15,0.118
02 Jul 2025 15:28:30,0.085
02 Jul 2025 15:29:15,0.070
02 Jul 2025 15:29:30,0.088
02 Jul 2025 15:29:45,0.097
02 Jul 2025 15:31:00,0.103
02 Jul 2025 15:32:45,0.099
02 Jul 2025 15:33:00,0.086
02 Jul 2025 15:34:15,0.133
02 Jul 2025 15:35:00,0.066
02 Jul 2025 15:36:00,0.121
02 Jul 2025 15:36:45,0.104
02 Jul 2025 15:37:00,0.124
02 Jul 2025 15:37:30,0.092
02 Jul 2025 15:38:00,0.175
02 Jul 2025 15:38:30,0.093
02 Jul 2025 15:39:00,0.093
02 Jul 2025 15:39:30,0.068
02 Jul 2025 15:39:45,0.088
02 Jul 2025 15:40:15,0.070
02 Jul 2025 15:41:30,0.089
02 Jul 2025 15:41:45,0.192
02 Jul 2025 15:42:45,0.117
02 Jul 2025 15:43:30,0.120
02 Jul 2025 15:44:15,0.158
02 Jul 2025 15:45:00,0.155
02 Jul 2025 15:45:15,0.114
02 Jul 2025 15:45:45,0.142
02 Jul 2025 15:46:30,0.133
02 Jul 2025 15:46:45,0.111
02 Jul 2025 15:47:15,0.027
02 Jul 2025 15:47:30,0.110
02 Jul 2025 15:48:00,0.085
02 Jul 2025 15:48:30,0.070
02 Jul 2025 15:48:45,0.067
02 Jul 2025 15:49:15,0.094
02 Jul 2025 15:49:30,0.073
02 Jul 2025 15:50:15,0.093
02 Jul 2025 15:50:30,0.116
02 Jul 2025 15:50:45,0.065
02 Jul 2025 15:51:00,0.101
02 Jul 2025 15:51:30,0.113
02 Jul 2025 15:51:45,0.044
02 Jul 2025 15:52:15,0.145
02 Jul 2025 15:52:45,0.087
02 Jul 2025 15:53:00,0.094
02 Jul 2025 15:53:30,0.082
02 Jul 2025 15:54:00,0.103
02 Jul 2025 15:54:15,0.107
02 Jul 2025 15:55:00,0.069
02 Jul 2025 15:55:30,0.094
02 Jul 2025 15:57:00,0.101
02 Jul 2025 15:57:15,0.036
02 Jul 2025 15:57:30,0.092
02 Jul 2025 15:57:45,0.098
02 Jul 2025 15:58:00,0.088
02 Jul 2025 15:58:30,0.094
02 Jul 2025 15:59:15,0.103
02 Jul 2025 15:59:30,0.086
02 Jul 2025 15:59:45,0.097
02 Jul 2025 16:00:00,0.129
02 Jul 2025 16:00:15,0.091
02 Jul 2025 16:01:00,0.097
02 Jul 2025 16:01:15,0.114
02 Jul 2025 16:01:45,0.088
02 Jul 2025 16:02:00,0.091
02 Jul 2025 16:03:30,0.112
02 Jul 2025 16:03:45,0.126
02 Jul 2025 16:04:30,0.133
02 Jul 2025 16:05:00,0.152
02 Jul 2025 16:05:15,0.106
02 Jul 2025 16:05:30,0.104
02 Jul 2025 16:06:00,0.085
02 Jul 2025 16:06:30,0.092
02 Jul 2025 16:06:45,0.091
02 Jul 2025 16:07:45,0.125
02 Jul 2025 16:08:00,0.082
02 Jul 2025 16:08:15,0.045
02 Jul 2025 16:08:45,0.074
02 Jul 2025 16:09:00,0.096
02 Jul 2025 16:09:15,0.099
02 Jul 2025 16:09:30,0.111
02 Jul 2025 16:10:00,0.101
02 Jul 2025 16:11:00,0.069
02 Jul 2025 16:11:30,0.102
02 Jul 2025 16:12:00,0.092
02 Jul 2025 16:12:30,0.046
02 Jul 2025 16:12:45,0.145
02 Jul 2025 16:13:00,0.114
02 Jul 2025 16:14:30,0.115
02 Jul 2025 16:14:45,0.108
02 Jul 2025 16:15:15,0.063
02 Jul 2025 16:15:30,0.119
02 Jul 2025 16:15:45,0.088
02 Jul 2025 16:16:00,0.094
02 Jul 2025 16:16:30,0.116
02 Jul 2025 16:16:45,0.121
02 Jul 2025 16:17:45,0.082
02 Jul 2025 16:18:00,0.079
02 Jul 2025 16:18:15,0.090
02 Jul 2025 16:18:30,0.130
02 Jul 2025 16:18:45,0.115
02 Jul 2025 16:19:00,0.071
02 Jul 2025 16:19:15,0.097
02 Jul 2025 16:19:30,0.062
02 Jul 2025 16:19:45,0.109
02 Jul 2025 16:20:00,0.109
02 Jul 2025 16:20:30,0.129
02 Jul 2025 16:21:15,0.055
02 Jul 2025 16:22:15,0.072
02 Jul 2025 16:22:30,0.091
02 Jul 2025 16:23:30,0.122
02 Jul 2025 16:23:45,0.080
02 Jul 2025 16:24:00,0.094
02 Jul 2025 16:25:00,0.086
02 Jul 2025 16:25:30,0.077
02 Jul 2025 16:27:00,0.088
02 Jul 2025 16:27:30,0.087
02 Jul 2025 16:28:00,0.082
02 Jul 2025 16:28:15,0.107
02 Jul 2025 16:28:30,0.074
02 Jul 2025 16:29:00,0.115
02 Jul 2025 16:29:30,0.078
02 Jul 2025 16:29:45,0.086
02 Jul 2025 16:30:45,0.104
02 Jul 2025 16:31:00,0.083
02 Jul 2025 16:31:15,0.041
02 Jul 2025 16:31:30,0.126
02 Jul 2025 16:31:45,0.135
02 Jul 2025 16:32:15,0.056
02 Jul 2025 16:32:45,0.106
02 Jul 2025 16:33:00,0.119
02 Jul 2025 16:33:30,0.121
02 Jul 2025 16:33:45,0.070
02 Jul 2025 16:34:00,0.123
02 Jul 2025 16:34:15,0.114
02 Jul 2025 16:34:45,0.080
02 Jul 2025 16:35:15,0.085
02 Jul 2025 16:36:15,0.059
02 Jul 2025 16:36:30,0.081
02 Jul 2025 16:37:00,0.080
02 Jul 2025 16:37:15,0.083
02 Jul 2025 16:37:30,0.106
02 Jul 2025 16:38:00,0.056
02 Jul 2025 16:39:00,0.084
02 Jul 2025 16:40:30,0.083
02 Jul 2025 16:40:45,0.095
02 Jul 2025 16:41:00,0.095
02 Jul 2025 16:41:45,0.124
02 Jul 2025 16:42:00,0.069
02 Jul 2025 16:42:45,0.130
02 Jul 2025 16:43:15,0.077
02 Jul 2025 16:44:00,0.108
02 Jul 2025 16:44:30,0.117
02 Jul 2025 16:45:15,0.077
02 Jul 2025 16:45:30,0.100
02 Jul 2025 16:45:45,0.042
02 Jul 2025 16:46:00,0.089
02 Jul 2025 16:46:45,0.057
02 Jul 2025 16:48:00,0.152
02 Jul 2025 16:48:15,0.104
02 Jul 2025 16:48:30,0.092
02 Jul 2025 16:48:45,0.111
02 Jul 2025 16:49:00,0.075
02 Jul 2025 16:49:15,0.099
02 Jul 2025 16:49:45,0.106
02 Jul 2025 16:50:00,0.118
02 Jul 2025 16:50:15,0.111
02 Jul 2025 16:50:30,0.093
02 Jul 2025 16:50:45,0.137
02 Jul 2025 16:51:00,0.091
02 Jul 2025 16:51:45,0.042
02 Jul 2025 16:52:00,0.126
02 Jul 2025 16:52:45,0.041
02 Jul 2025 16:53:15,0.086
02 Jul 2025 16:54:15,0.070
02 Jul 2025 16:54:30,0.048
02 Jul 2025 16:54:45,0.086
02 Jul 2025 16:55:00,0.035
02 Jul 2025 16:55:30,0.121
02 Jul 2025 16:55:45,0.114
02 Jul 2025 16:56:00,0.044
02 Jul 2025 16:56:15,0.087
02 Jul 2025 16:56:45,0.101
02 Jul 2025 16:57:00,0.085
02 Jul 2025 16:58:00,0.070
02 Jul 2025 16:58:45,0.084
02 Jul 2025 16:59:00,0.111
02 Jul 2025 16:59:45,0.098
02 Jul 2025 17:00:15,0.075
02 Jul 2025 17:00:45,0.089
02 Jul 2025 17:01:15,0.107
02 Jul 2025 17:02:00,0.055
02 Jul 2025 17:02:45,0.077
02 Jul 2025 17:03:00,0.088
02 Jul 2025 17:03:45,0.084
02 Jul 2025 17:04:00,0.098
02 Jul 2025 17:04:15,0.091
02 Jul 2025 17:04:30,0.086
02 Jul 2025 17:05:15,0.098
02 Jul 2025 17:05:45,0.090
02 Jul 2025 17:06:00,0.109
02 Jul 2025 17:06:15,0.041
02 Jul 2025 17:07:00,0.032
02 Jul 2025 17:07:45,0.049
02 Jul 2025 17:08:00,0.124
02 Jul 2025 17:08:30,0.088
02 Jul 2025 17:08:45,0.093
02 Jul 2025 17:09:15,0.072
02 Jul 2025 17:10:15,0.088
02 Jul 2025 17:10:30,0.072
02 Jul 2025 17:10:45,0.067
02 Jul 2025 17:11:15,0.110
02 Jul 2025 17:12:15,0.067
02 Jul 2025 17:13:00,0.061
02 Jul 2025 17:13:30,0.034
02 Jul 2025 17:13:45,0.213
02 Jul 2025 17:14:30,0.044
02 Jul 2025 17:15:00,0.040
02 Jul 2025 17:15:30,0.069
02 Jul 2025 17:15:45,0.054
02 Jul 2025 17:16:00,0.061
02 Jul 2025 17:16:45,0.019
02 Jul 2025 17:17:00,0.080
02 Jul 2025 17:17:15,0.104
02 Jul 2025 17:18:00,0.067
02 Jul 2025 17:18:30,0.055
02 Jul 2025 17:20:15,0.078
02 Jul 2025 17:20:30,0.069
02 Jul 2025 17:21:15,0.032
02 Jul 2025 17:21:30,0.099
02 Jul 2025 17:21:45,0.121
02 Jul 2025 17:22:00,0.047
02 Jul 2025 17:22:15,0.127
02 Jul 2025 17:22:30,0.066
02 Jul 2025 17:22:45,0.081
02 Jul 2025 17:23:00,0.108
02 Jul 2025 17:23:15,0.088
02 Jul 2025 17:23:30,0.090
02 Jul 2025 17:24:00,0.066
02 Jul 2025 17:24:45,0.094
02 Jul 2025 17:25:15,0.055
02 Jul 2025 17:25:45,0.081
02 Jul 2025 17:26:15,0.076
02 Jul 2025 17:26:30,0.065
02 Jul 2025 17:26:45,0.052
02 Jul 2025 17:27:00,0.090
02 Jul 2025 17:27:15,0.043
02 Jul 2025 17:27:30,0.071
02 Jul 2025 17:28:15,0.093
02 Jul 2025 17:28:30,0.031
02 Jul 2025 17:29:00,0.083
02 Jul 2025 17:29:30,0.046
02 Jul 2025 17:30:00,0.106
02 Jul 2025 17:30:30,0.082
02 Jul 2025 17:30:45,0.091
02 Jul 2025 17:31:15,0.098
02 Jul 2025 17:31:30,0.091
02 Jul 2025 17:31:45,0.111
02 Jul 2025 17:32:30,0.048
02 Jul 2025 17:33:30,0.040
02 Jul 2025 17:34:00,0.065
02 Jul 2025 17:34:45,0.100
02 Jul 2025 17:35:15,0.084
02 Jul 2025 17:35:30,0.080
02 Jul 2025 17:37:00,0.034
02 Jul 2025 17:37:15,0.105
02 Jul 2025 17:37:45,0.097
02 Jul 2025 17:38:15,0.075
02 Jul 2025 17:38:30,0.074
02 Jul 2025 17:39:00,0.061
02 Jul 2025 17:39:15,0.097
02 Jul 2025 17:39:45,0.073
02 Jul 2025 17:40:00,0.109
02 Jul 2025 17:40:15,0.029
02 Jul 2025 17:40:30,0.070
02 Jul 2025 17:40:45,0.064
02 Jul 2025 17:41:00,0.080
02 Jul 2025 17:41:15,0.071
02 Jul 2025 17:42:00,0.089
02 Jul 2025 17:42:15,0.055
02 Jul 2025 17:43:00,0.042
02 Jul 2025 17:43:30,0.056
02 Jul 2025 17:44:30,0.071
02 Jul 2025 17:45:15,0.056
02 Jul 2025 17:46:00,0.072
02 Jul 2025 17:46:45,0.077
02 Jul 2025 17:47:00,0.046
02 Jul 2025 17:47:15,0.074
02 Jul 2025 17:47:30,0.081
02 Jul 2025 17:47:45,0.075
02 Jul 2025 17:49:00,0.090
02 Jul 2025 17:49:15,0.090
02 Jul 2025 17:49:45,0.050
02 Jul 2025 17:50:15,0.062
02 Jul 2025 17:51:00,0.055
02 Jul 2025 17:51:30,0.101
02 Jul 2025 17:51:45,0.076
02 Jul 2025 17:52:15,0.076
02 Jul 2025 17:53:45,0.080
02 Jul 2025 17:54:15,0.067
02 Jul 2025 17:54:45,0.074
02 Jul 2025 17:55:30,0.070
02 Jul 2025 17:56:00,0.036
02 Jul 2025 17:56:15,0.065
02 Jul 2025 17:57:00,0.119
02 Jul 2025 17:57:30,0.036
02 Jul 2025 17:58:00,0.075
02 Jul 2025 17:58:30,0.046
02 Jul 2025 17:58:45,0.064
02 Jul 2025 17:59:00,0.051
02 Jul 2025 17:59:30,0.045
02 Jul 2025 17:59:45,0.064
02 Jul 2025 18:00:15,0.073
02 Jul 2025 18:00:30,0.086
02 Jul 2025 18:01:45,0.106
02 Jul 2025 18:03:00,0.078
02 Jul 2025 18:04:00,0.051
02 Jul 2025 18:05:00,0.078
02 Jul 2025 18:06:00,0.073
02 Jul 2025 18:06:15,0.039
02 Jul 2025 18:06:45,0.062
02 Jul 2025 18:07:15,0.066
02 Jul 2025 18:07:30,0.036
02 Jul 2025 18:08:00,0.083
02 Jul 2025 18:08:15,0.086
02 Jul 2025 18:08:30,0.080
02 Jul 2025 18:08:45,0.043
02 Jul 2025 18:09:30,0.067
02 Jul 2025 18:09:45,0.071
02 Jul 2025 18:10:30,0.053
02 Jul 2025 18:10:45,0.050
02 Jul 2025 18:11:00,0.087
02 Jul 2025 18:12:00,0.092
02 Jul 2025 18:13:00,0.112
02 Jul 2025 18:14:30,0.065
02 Jul 2025 18:15:00,0.062
02 Jul 2025 18:15:15,0.038
02 Jul 2025 18:15:45,0.079
02 Jul 2025 18:16:00,0.059
02 Jul 2025 18:17:00,0.075
02 Jul 2025 18:18:00,0.066
02 Jul 2025 18:18:15,0.035
02 Jul 2025 18:19:30,0.081
02 Jul 2025 18:20:45,0.082
02 Jul 2025 18:21:00,0.049
02 Jul 2025 18:21:45,0.080
02 Jul 2025 18:22:15,0.048
02 Jul 2025 18:22:30,0.049
02 Jul 2025 18:22:45,0.071
02 Jul 2025 18:23:00,0.075
02 Jul 2025 18:23:45,0.096
02 Jul 2025 18:24:15,0.056
02 Jul 2025 18:24:45,0.074
02 Jul 2025 18:25:00,0.070
02 Jul 2025 18:25:15,0.074
02 Jul 2025 18:25:30,0.071
02 Jul 2025 18:26:15,0.094
02 Jul 2025 18:27:15,0.079
02 Jul 2025 18:27:45,0.059
02 Jul 2025 18:28:30,0.046
02 Jul 2025 18:29:00,0.040
02 Jul 2025 18:30:45,0.055
02 Jul 2025 18:31:00,0.088
02 Jul 2025 18:31:15,0.065
02 Jul 2025 18:31:30,0.077
02 Jul 2025 18:31:45,0.045
02 Jul 2025 18:32:00,0.042
02 Jul 2025 18:32:30,0.053
02 Jul 2025 18:32:45,0.054
02 Jul 2025 18:33:15,0.039
02 Jul 2025 18:34:00,0.084
02 Jul 2025 18:34:15,0.076
02 Jul 2025 18:35:00,0.073
02 Jul 2025 18:35:30,0.065
02 Jul 2025 18:36:15,0.061
02 Jul 2025 18:36:30,0.037
02 Jul 2025 18:37:30,0.039
02 Jul 2025 18:37:45,0.075
02 Jul 2025 18:38:00,0.080
02 Jul 2025 18:38:15,0.064
02 Jul 2025 18:38:30,0.074
02 Jul 2025 18:38:45,0.092
02 Jul 2025 18:39:30,0.058
02 Jul 2025 18:40:00,0.055
02 Jul 2025 18:40:15,0.059
02 Jul 2025 18:40:30,0.052
02 Jul 2025 18:40:45,0.094
02 Jul 2025 18:41:00,0.070
02 Jul 2025 18:41:45,0.060
02 Jul 2025 18:42:15,0.044
02 Jul 2025 18:42:30,0.079
02 Jul 2025 18:43:30,0.063
02 Jul 2025 18:44:00,0.071
02 Jul 2025 18:44:30,0.051
02 Jul 2025 18:46:30,0.053
02 Jul 2025 18:47:00,0.021
02 Jul 2025 18:48:00,0.080
02 Jul 2025 18:48:30,0.087
02 Jul 2025 18:49:15,0.076
02 Jul 2025 18:49:30,0.089
02 Jul 2025 18:50:15,0.077
02 Jul 2025 18:50:30,0.107
02 Jul 2025 18:51:00,0.058
02 Jul 2025 18:51:45,0.060
02 Jul 2025 18:52:15,0.055
02 Jul 2025 18:52:30,0.034
02 Jul 2025 18:52:45,0.090
02 Jul 2025 18:53:00,0.079
02 Jul 2025 18:53:30,0.066
02 Jul 2025 18:54:30,0.080
02 Jul 2025 18:55:00,0.083
02 Jul 2025 18:55:15,0.048
02 Jul 2025 18:55:45,0.080
02 Jul 2025 18:56:00,0.075
02 Jul 2025 18:56:15,0.061
02 Jul 2025 18:57:15,0.112
02 Jul 2025 18:57:45,0.078
02 Jul 2025 18:58:00,0.083
02 Jul 2025 18:58:15,0.052
02 Jul 2025 18:58:45,0.052
02 Jul 2025 18:59:30,0.068
02 Jul 2025 19:00:45,0.089
02 Jul 2025 19:02:00,0.093
02 Jul 2025 19:02:45,0.060
02 Jul 2025 19:04:00,0.059
02 Jul 2025 19:04:15,0.054
02 Jul 2025 19:04:45,0.087
02 Jul 2025 19:05:00,0.056
02 Jul 2025 19:05:30,0.051
02 Jul 2025 19:05:45,0.084
02 Jul 2025 19:06:00,0.101
02 Jul 2025 19:06:45,0.104
02 Jul 2025 19:07:15,0.049
02 Jul 2025 19:07:30,0.063
02 Jul 2025 19:08:00,0.064
02 Jul 2025 19:09:15,0.094
02 Jul 2025 19:09:30,0.063
02 Jul 2025 19:09:45,0.034
02 Jul 2025 19:11:00,0.060
02 Jul 2025 19:11:15,0.073
02 Jul 2025 19:11:30,0.032
02 Jul 2025 19:11:45,0.056
02 Jul 2025 19:12:00,0.089
02 Jul 2025 19:12:15,0.059
02 Jul 2025 19:12:30,0.037
02 Jul 2025 19:12:45,0.084
02 Jul 2025 19:13:00,0.063
02 Jul 2025 19:13:15,0.069
02 Jul 2025 19:13:45,0.081
02 Jul 2025 19:14:00,0.074
02 Jul 2025 19:14:15,0.051
02 Jul 2025 19:14:30,0.055
02 Jul 2025 19:15:15,0.023
02 Jul 2025 19:15:30,0.054
02 Jul 2025 19:15:45,0.103
02 Jul 2025 19:16:15,0.056
02 Jul 2025 19:17:30,0.053
02 Jul 2025 19:17:45,0.060
02 Jul 2025 19:18:00,0.059
02 Jul 2025 19:18:15,0.061
02 Jul 2025 19:18:45,0.051
02 Jul 2025 19:19:30,0.066
02 Jul 2025 19:20:00,0.071
02 Jul 2025 19:20:15,0.097
02 Jul 2025 19:21:00,0.060
02 Jul 2025 19:21:45,0.066
02 Jul 2025 19:22:15,0.059
02 Jul 2025 19:22:30,0.050
02 Jul 2025 19:23:00,0.044
02 Jul 2025 19:23:30,0.039
02 Jul 2025 19:23:45,0.048
02 Jul 2025 19:24:30,0.089
02 Jul 2025 19:24:45,0.084
02 Jul 2025 19:25:00,0.056
02 Jul 2025 19:26:00,0.072
02 Jul 2025 19:26:15,0.067
02 Jul 2025 19:26:45,0.062
02 Jul 2025 19:27:00,0.086
02 Jul 2025 19:27:15,0.064
02 Jul 2025 19:27:30,0.084
02 Jul 2025 19:27:45,0.072
02 Jul 2025 19:29:15,0.088
02 Jul 2025 19:29:30,0.058
02 Jul 2025 19:30:15,0.064
02 Jul 2025 19:30:45,0.059
02 Jul 2025 19:31:15,0.074
02 Jul 2025 19:32:30,0.075
02 Jul 2025 19:33:00,0.098
02 Jul 2025 19:33:15,0.110
02 Jul 2025 19:33:45,0.070
02 Jul 2025 19:34:00,0.072
02 Jul 2025 19:34:15,0.074
02 Jul 2025 19:34:30,0.065
02 Jul 2025 19:35:45,0.058
02 Jul 2025 19:36:00,0.060
02 Jul 2025 19:36:45,0.083
02 Jul 2025 19:37:15,0.066
02 Jul 2025 19:37:30,0.056
02 Jul 2025 19:38:00,0.060
02 Jul 2025 19:39:00,0.063
02 Jul 2025 19:39:15,0.052
02 Jul 2025 19:39:30,0.066
02 Jul 2025 19:40:00,0.063
02 Jul 2025 19:40:45,0.071
02 Jul 2025 19:41:00,0.051
02 Jul 2025 19:41:15,0.067
02 Jul 2025 19:41:30,0.076
02 Jul 2025 19:42:00,0.059
02 Jul 2025 19:43:00,0.057
02 Jul 2025 19:43:15,0.069
02 Jul 2025 19:43:30,0.079
02 Jul 2025 19:44:30,0.069
02 Jul 2025 19:45:15,0.096
02 Jul 2025 19:46:00,0.088
02 Jul 2025 19:46:15,0.077
02 Jul 2025 19:46:45,0.050
02 Jul 2025 19:47:00,0.092
02 Jul 2025 19:47:30,0.079
02 Jul 2025 19:48:30,0.067
02 Jul 2025 19:48:45,0.086
02 Jul 2025 19:49:00,0.065
02 Jul 2025 19:49:15,0.067
02 Jul 2025 19:49:45,0.072
02 Jul 2025 19:50:30,0.080
02 Jul 2025 19:50:45,0.038
02 Jul 2025 19:51:15,0.074
02 Jul 2025 19:51:30,0.092
02 Jul 2025 19:51:45,0.068
02 Jul 2025 19:52:30,0.053
02 Jul 2025 19:53:15,0.067
02 Jul 2025 19:53:30,0.071
02 Jul 2025 19:54:00,0.061
02 Jul 2025 19:54:30,0.073
02 Jul 2025 19:56:45,0.058
02 Jul 2025 19:57:00,0.065
02 Jul 2025 19:57:15,0.066
02 Jul 2025 19:57:30,0.087
02 Jul 2025 19:57:45,0.074
02 Jul 2025 19:58:15,0.090
02 Jul 2025 19:58:45,0.058
02 Jul 2025 19:59:30,0.064
02 Jul 2025 20:00:00,0.062
02 Jul 2025 20:00:15,0.069
02 Jul 2025 20:00:45,0.054
02 Jul 2025 20:01:15,0.050
02 Jul 2025 20:01:30,0.035
02 Jul 2025 20:02:00,0.061
02 Jul 2025 20:02:15,0.078
02 Jul 2025 20:03:00,0.079
02 Jul 2025 20:03:45,0.090
02 Jul 2025 20:04:15,0.073
02 Jul 2025 20:04:45,0.075
02 Jul 2025 20:06:00,0.048
02 Jul 2025 20:06:45,0.055
02 Jul 2025 20:07:15,0.066
02 Jul 2025 20:08:00,0.076
02 Jul 2025 20:08:15,0.056
02 Jul 2025 20:08:30,0.088
02 Jul 2025 20:09:00,0.071
02 Jul 2025 20:09:15,0.071
02 Jul 2025 20:09:30,0.100
02 Jul 2025 20:10:00,0.102
02 Jul 2025 20:11:30,0.053
02 Jul 2025 20:12:00,0.080
02 Jul 2025 20:12:15,0.069
02 Jul 2025 20:13:15,0.061
02 Jul 2025 20:13:30,0.093
02 Jul 2025 20:14:00,0.083
02 Jul 2025 20:14:30,0.079
02 Jul 2025 20:14:45,0.075
02 Jul 2025 20:15:00,0.066
02 Jul 2025 20:15:15,0.095
02 Jul 2025 20:16:00,0.064
02 Jul 2025 20:16:15,0.073
02 Jul 2025 20:16:45,0.093
02 Jul 2025 20:17:00,0.072
02 Jul 2025 20:17:15,0.069
02 Jul 2025 20:17:45,0.049
02 Jul 2025 20:18:00,0.037
02 Jul 2025 20:18:30,0.007
02 Jul 2025 20:18:45,0.043
02 Jul 2025 20:19:00,0.067
02 Jul 2025 20:19:30,0.068
02 Jul 2025 20:19:45,0.071
02 Jul 2025 20:20:15,0.069
02 Jul 2025 20:21:00,0.097
02 Jul 2025 20:22:15,0.088
02 Jul 2025 20:23:00,0.059
02 Jul 2025 20:23:15,0.092
02 Jul 2025 20:23:45,0.068
02 Jul 2025 20:24:00,0.075
02 Jul 2025 20:25:00,0.078
02 Jul 2025 20:25:15,0.089
02 Jul 2025 20:25:30,0.093
02 Jul 2025 20:26:00,0.045
02 Jul 2025 20:26:15,0.079
02 Jul 2025 20:27:30,0.090
02 Jul 2025 20:28:00,0.067
02 Jul 2025 20:28:15,0.076
02 Jul 2025 20:29:30,0.074
02 Jul 2025 20:29:45,0.102
02 Jul 2025 20:30:15,0.081
02 Jul 2025 20:30:30,0.058
02 Jul 2025 20:30:45,0.084
02 Jul 2025 20:31:30,0.077
02 Jul 2025 20:31:45,0.063
02 Jul 2025 20:32:00,0.078
02 Jul 2025 20:32:45,0.095
02 Jul 2025 20:33:00,0.049
02 Jul 2025 20:33:15,0.095
02 Jul 2025 20:34:30,0.071
02 Jul 2025 20:36:00,0.074
02 Jul 2025 20:36:15,0.085
02 Jul 2025 20:36:30,0.079
02 Jul 2025 20:36:45,0.084
02 Jul 2025 20:37:00,0.086
02 Jul 2025 20:37:30,0.100
02 Jul 2025 20:38:00,0.071
02 Jul 2025 20:38:15,0.099
02 Jul 2025 20:38:30,0.068
02 Jul 2025 20:39:30,0.086
02 Jul 2025 20:40:30,0.079
02 Jul 2025 20:40:45,0.107
02 Jul 2025 20:41:30,0.101
02 Jul 2025 20:41:45,0.082
02 Jul 2025 20:42:00,0.052
02 Jul 2025 20:43:00,0.052
02 Jul 2025 20:43:30,0.064
02 Jul 2025 20:44:15,0.066
02 Jul 2025 20:44:30,0.065
02 Jul 2025 20:45:00,0.104
02 Jul 2025 20:45:30,0.060
02 Jul 2025 20:45:45,0.065
02 Jul 2025 20:46:00,0.063
02 Jul 2025 20:46:15,0.079
02 Jul 2025 20:46:30,0.088
02 Jul 2025 20:47:15,0.104
02 Jul 2025 20:48:15,0.113
02 Jul 2025 20:49:30,0.076
02 Jul 2025 20:49:45,0.067
02 Jul 2025 20:50:15,0.057
02 Jul 2025 20:50:30,0.067
02 Jul 2025 20:50:45,0.057
02 Jul 2025 20:51:15,0.068
02 Jul 2025 20:51:30,0.094
02 Jul 2025 20:51:45,0.080
02 Jul 2025 20:52:30,0.088
02 Jul 2025 20:52:45,0.111
02 Jul 2025 20:54:00,0.088
02 Jul 2025 20:54:15,0.078
02 Jul 2025 20:55:30,0.092
02 Jul 2025 20:55:45,0.064
02 Jul 2025 20:56:15,0.071
02 Jul 2025 20:56:45,0.071
02 Jul 2025 20:59:00,0.108
02 Jul 2025 21:00:15,0.102
02 Jul 2025 21:00:30,0.071
02 Jul 2025 21:00:45,0.092
02 Jul 2025 21:01:00,0.081
02 Jul 2025 21:01:30,0.075
02 Jul 2025 21:01:45,0.094
02 Jul 2025 21:02:30,0.094
02 Jul 2025 21:02:45,0.102
02 Jul 2025 21:03:00,0.078
02 Jul 2025 21:04:30,0.085
02 Jul 2025 21:05:30,0.101
02 Jul 2025 21:05:45,0.107
02 Jul 2025 21:07:00,0.087
02 Jul 2025 21:08:00,0.081
02 Jul 2025 21:09:00,0.111
02 Jul 2025 21:09:15,0.128
02 Jul 2025 21:10:30,0.079
02 Jul 2025 21:10:45,0.113
02 Jul 2025 21:11:15,0.085
02 Jul 2025 21:11:30,0.101
02 Jul 2025 21:13:00,0.081
02 Jul 2025 21:13:15,0.086
02 Jul 2025 21:13:45,0.075
02 Jul 2025 21:14:45,0.095
02 Jul 2025 21:15:00,0.069
02 Jul 2025 21:15:30,0.102
02 Jul 2025 21:15:45,0.066
02 Jul 2025 21:16:00,0.083
02 Jul 2025 21:16:30,0.087
02 Jul 2025 21:16:45,0.081
02 Jul 2025 21:17:30,0.079
02 Jul 2025 21:18:15,0.110
02 Jul 2025 21:18:30,0.078
02 Jul 2025 21:18:45,0.078
02 Jul 2025 21:19:30,0.112
02 Jul 2025 21:19:45,0.081
02 Jul 2025 21:20:15,0.082
02 Jul 2025 21:20:30,0.098
02 Jul 2025 21:21:00,0.102
02 Jul 2025 21:22:00,0.084
02 Jul 2025 21:22:45,0.078
02 Jul 2025 21:24:00,0.121
02 Jul 2025 21:24:30,0.101
02 Jul 2025 21:25:00,0.089
02 Jul 2025 21:25:30,0.078
02 Jul 2025 21:26:00,0.072
02 Jul 2025 21:26:15,0.123
02 Jul 2025 21:26:45,0.101
02 Jul 2025 21:28:00,0.110
02 Jul 2025 21:28:15,0.085
02 Jul 2025 21:28:45,0.087
02 Jul 2025 21:29:15,0.112
02 Jul 2025 21:29:45,0.090
02 Jul 2025 21:30:00,0.137
02 Jul 2025 21:30:45,0.080
02 Jul 2025 21:31:15,0.135
02 Jul 2025 21:32:15,0.098
02 Jul 2025 21:34:15,0.081
02 Jul 2025 21:35:00,0.098
02 Jul 2025 21:35:30,0.104
02 Jul 2025 21:36:00,0.109
02 Jul 2025 21:36:30,0.082
02 Jul 2025 21:36:45,0.120
02 Jul 2025 21:37:30,0.137
02 Jul 2025 21:38:15,0.114
02 Jul 2025 21:38:30,0.116
02 Jul 2025 21:39:30,0.092
02 Jul 2025 21:40:00,0.107
02 Jul 2025 21:41:00,0.095
02 Jul 2025 21:41:45,0.123
02 Jul 2025 21:42:00,0.086
02 Jul 2025 21:42:15,0.126
02 Jul 2025 21:44:15,0.093
02 Jul 2025 21:44:30,0.113
02 Jul 2025 21:44:45,0.116
02 Jul 2025 21:45:00,0.133
02 Jul 2025 21:45:45,0.114
02 Jul 2025 21:46:15,0.116
02 Jul 2025 21:46:45,0.100
02 Jul 2025 21:47:00,0.113
02 Jul 2025 21:47:15,0.100
02 Jul 2025 21:47:45,0.121
02 Jul 2025 21:48:00,0.092
02 Jul 2025 21:48:30,0.100
02 Jul 2025 21:48:45,0.132
02 Jul 2025 21:49:45,0.120
02 Jul 2025 21:50:00,0.111
02 Jul 2025 21:50:15,0.131
02 Jul 2025 21:50:45,0.101
02 Jul 2025 21:51:00,0.112
02 Jul 2025 21:51:15,0.121
02 Jul 2025 21:51:45,0.120
02 Jul 2025 21:52:00,0.102
02 Jul 2025 21:52:15,0.129
02 Jul 2025 21:52:30,0.087
02 Jul 2025 21:52:45,0.127
02 Jul 2025 21:53:00,0.130
02 Jul 2025 21:53:15,0.103
02 Jul 2025 21:53:45,0.110
02 Jul 2025 21:54:00,0.120
02 Jul 2025 21:54:15,0.139
02 Jul 2025 21:54:30,0.117
02 Jul 2025 21:55:45,0.126
02 Jul 2025 21:56:15,0.123
02 Jul 2025 21:56:30,0.125
02 Jul 2025 21:57:15,0.101
02 Jul 2025 21:58:00,0.143
02 Jul 2025 21:58:30,0.102
02 Jul 2025 21:58:45,0.128
02 Jul 2025 21:59:15,0.107
02 Jul 2025 21:59:45,0.103
02 Jul 2025 22:00:00,0.121
02 Jul 2025 22:01:00,0.151
02 Jul 2025 22:01:30,0.127
02 Jul 2025 22:01:45,0.131
02 Jul 2025 22:02:00,0.139
02 Jul 2025 22:02:15,0.107
02 Jul 2025 22:02:30,0.135
02 Jul 2025 22:02:45,0.147
02 Jul 2025 22:03:00,0.113
02 Jul 2025 22:03:30,0.112
02 Jul 2025 22:03:45,0.115
02 Jul 2025 22:04:00,0.134
02 Jul 2025 22:04:30,0.118
02 Jul 2025 22:05:00,0.118
02 Jul 2025 22:05:30,0.130
02 Jul 2025 22:06:00,0.140
02 Jul 2025 22:06:15,0.120
02 Jul 2025 22:06:30,0.129
02 Jul 2025 22:06:45,0.119
02 Jul 2025 22:07:30,0.137
02 Jul 2025 22:08:45,0.118
02 Jul 2025 22:09:00,0.103
02 Jul 2025 22:09:15,0.112
02 Jul 2025 22:09:30,0.138
02 Jul 2025 22:10:00,0.125
02 Jul 2025 22:10:15,0.138
02 Jul 2025 22:10:30,0.121
02 Jul 2025 22:11:45,0.134
02 Jul 2025 22:12:45,0.140
02 Jul 2025 22:13:30,0.122
02 Jul 2025 22:14:00,0.132
02 Jul 2025 22:14:30,0.126
02 Jul 2025 22:15:00,0.128
02 Jul 2025 22:15:45,0.138
02 Jul 2025 22:17:00,0.128
02 Jul 2025 22:17:15,0.140
02 Jul 2025 22:17:30,0.156
02 Jul 2025 22:17:45,0.108
02 Jul 2025 22:18:00,0.153
02 Jul 2025 22:19:15,0.132
02 Jul 2025 22:19:45,0.145
02 Jul 2025 22:20:00,0.158
02 Jul 2025 22:20:30,0.131
02 Jul 2025 22:22:00,0.116
02 Jul 2025 22:22:30,0.129
02 Jul 2025 22:23:00,0.139
02 Jul 2025 22:24:15,0.143
02 Jul 2025 22:24:30,0.141
02 Jul 2025 22:25:00,0.134
02 Jul 2025 22:26:00,0.131
02 Jul 2025 22:26:15,0.182
02 Jul 2025 22:26:30,0.123
02 Jul 2025 22:27:15,0.136
02 Jul 2025 22:27:30,0.155
02 Jul 2025 22:28:00,0.132
02 Jul 2025 22:28:45,0.151
02 Jul 2025 22:29:15,0.138
02 Jul 2025 22:29:30,0.156
02 Jul 2025 22:30:00,0.132
02 Jul 2025 22:30:15,0.141
02 Jul 2025 22:31:30,0.124
02 Jul 2025 22:32:15,0.172
02 Jul 2025 22:32:45,0.117
02 Jul 2025 22:33:15,0.137
02 Jul 2025 22:33:30,0.150
02 Jul 2025 22:34:00,0.131
02 Jul 2025 22:34:45,0.118
02 Jul 2025 22:35:00,0.124
02 Jul 2025 22:35:15,0.122
02 Jul 2025 22:35:45,0.134
02 Jul 2025 22:36:00,0.149
02 Jul 2025 22:36:15,0.153
02 Jul 2025 22:36:30,0.149
02 Jul 2025 22:36:45,0.131
02 Jul 2025 22:37:00,0.150
02 Jul 2025 22:38:15,0.113
02 Jul 2025 22:38:45,0.154
02 Jul 2025 22:39:00,0.156
02 Jul 2025 22:39:30,0.154
02 Jul 2025 22:39:45,0.120
02 Jul 2025 22:40:00,0.147
02 Jul 2025 22:40:15,0.168
02 Jul 2025 22:40:30,0.149
02 Jul 2025 22:40:45,0.142
02 Jul 2025 22:41:15,0.151
02 Jul 2025 22:41:45,0.139
02 Jul 2025 22:42:30,0.153
02 Jul 2025 22:42:45,0.141
02 Jul 2025 22:43:15,0.153
02 Jul 2025 22:43:30,0.168
02 Jul 2025 22:44:00,0.154
02 Jul 2025 22:44:15,0.172
02 Jul 2025 22:44:30,0.160
02 Jul 2025 22:45:15,0.143
02 Jul 2025 22:45:45,0.156
02 Jul 2025 22:46:00,0.174
02 Jul 2025 22:46:15,0.171
02 Jul 2025 22:46:30,0.149
02 Jul 2025 22:46:45,0.154
02 Jul 2025 22:47:15,0.160
02 Jul 2025 22:47:45,0.165
02 Jul 2025 22:48:15,0.145
02 Jul 2025 22:49:30,0.156
02 Jul 2025 22:50:45,0.141
02 Jul 2025 22:51:00,0.144
02 Jul 2025 22:51:15,0.143
02 Jul 2025 22:51:45,0.145
02 Jul 2025 22:52:15,0.177
02 Jul 2025 22:52:30,0.148
02 Jul 2025 22:52:45,0.158
02 Jul 2025 22:53:30,0.161
02 Jul 2025 22:54:15,0.140
02 Jul 2025 22:55:00,0.155
02 Jul 2025 22:55:15,0.155
02 Jul 2025 22:55:45,0.152
02 Jul 2025 22:56:00,0.172
02 Jul 2025 22:56:30,0.156
02 Jul 2025 22:56:45,0.147
02 Jul 2025 22:57:00,0.135
02 Jul 2025 22:57:15,0.161
02 Jul 2025 22:57:45,0.168
02 Jul 2025 22:58:30,0.162
02 Jul 2025 22:58:45,0.169
02 Jul 2025 22:59:00,0.172
02 Jul 2025 22:59:15,0.158
02 Jul 2025 22:59:30,0.149
02 Jul 2025 23:00:00,0.131
02 Jul 2025 23:00:30,0.125
02 Jul 2025 23:00:45,0.156
02 Jul 2025 23:01:15,0.189
02 Jul 2025 23:01:45,0.173
02 Jul 2025 23:02:00,0.120
02 Jul 2025 23:02:30,0.170
02 Jul 2025 23:02:45,0.167
02 Jul 2025 23:03:15,0.139
02 Jul 2025 23:03:30,0.160
02 Jul 2025 23:04:45,0.168
02 Jul 2025 23:05:00,0.159
02 Jul 2025 23:05:30,0.126
02 Jul 2025 23:06:30,0.156
02 Jul 2025 23:07:45,0.138
02 Jul 2025 23:08:00,0.172
02 Jul 2025 23:08:15,0.164
02 Jul 2025 23:09:15,0.118
02 Jul 2025 23:09:45,0.179
02 Jul 2025 23:10:00,0.156
02 Jul 2025 23:10:15,0.176
02 Jul 2025 23:10:30,0.171
02 Jul 2025 23:10:45,0.149
02 Jul 2025 23:11:45,0.181
02 Jul 2025 23:12:00,0.180
02 Jul 2025 23:12:45,0.177
02 Jul 2025 23:13:00,0.182
02 Jul 2025 23:13:15,0.190
02 Jul 2025 23:13:30,0.182
02 Jul 2025 23:14:00,0.165
02 Jul 2025 23:14:15,0.168
02 Jul 2025 23:15:30,0.163
02 Jul 2025 23:16:45,0.141
02 Jul 2025 23:17:45,0.175
02 Jul 2025 23:18:15,0.203
02 Jul 2025 23:19:00,0.162
02 Jul 2025 23:19:15,0.196
02 Jul 2025 23:19:30,0.141
02 Jul 2025 23:20:15,0.169
02 Jul 2025 23:20:30,0.160
02 Jul 2025 23:21:15,0.189
02 Jul 2025 23:21:30,0.161
02 Jul 2025 23:22:30,0.150
02 Jul 2025 23:22:45,0.191
02 Jul 2025 23:24:00,0.181
02 Jul 2025 23:24:30,0.158
02 Jul 2025 23:24:45,0.172
02 Jul 2025 23:25:00,0.177
02 Jul 2025 23:25:30,0.182
02 Jul 2025 23:25:45,0.175
02 Jul 2025 23:26:00,0.163
02 Jul 2025 23:26:15,0.165
02 Jul 2025 23:26:30,0.154
02 Jul 2025 23:27:45,0.182
02 Jul 2025 23:28:30,0.164
02 Jul 2025 23:28:45,0.208
02 Jul 2025 23:29:30,0.165
02 Jul 2025 23:30:15,0.176
02 Jul 2025 23:31:15,0.184
02 Jul 2025 23:31:30,0.194
02 Jul 2025 23:31:45,0.154
02 Jul 2025 23:32:00,0.174
02 Jul 2025 23:32:45,0.155
02 Jul 2025 23:34:15,0.184
02 Jul 2025 23:34:30,0.202
02 Jul 2025 23:34:45,0.203
02 Jul 2025 23:35:15,0.204
02 Jul 2025 23:35:45,0.176
02 Jul 2025 23:37:15,0.201
02 Jul 2025 23:38:00,0.168
02 Jul 2025 23:38:15,0.165
02 Jul 2025 23:38:45,0.187
02 Jul 2025 23:39:00,0.195
02 Jul 2025 23:39:45,0.169
02 Jul 2025 23:40:00,0.201
02 Jul 2025 23:40:30,0.162
02 Jul 2025 23:40:45,0.200
02 Jul 2025 23:41:45,0.185
02 Jul 2025 23:42:15,0.178
02 Jul 2025 23:42:45,0.189
02 Jul 2025 23:43:00,0.188
02 Jul 2025 23:44:30,0.182
02 Jul 2025 23:44:45,0.172
02 Jul 2025 23:45:15,0.187
02 Jul 2025 23:45:30,0.192
02 Jul 2025 23:46:00,0.202
02 Jul 2025 23:46:30,0.210
02 Jul 2025 23:47:15,0.213
02 Jul 2025 23:47:45,0.181
02 Jul 2025 23:48:45,0.159
02 Jul 2025 23:49:00,0.182
02 Jul 2025 23:50:00,0.211
02 Jul 2025 23:50:15,0.216
02 Jul 2025 23:50:45,0.204
02 Jul 2025 23:51:00,0.198
02 Jul 2025 23:51:15,0.190
02 Jul 2025 23:52:00,0.195
02 Jul 2025 23:52:15,0.206
02 Jul 2025 23:53:15,0.188
02 Jul 2025 23:53:30,0.195
02 Jul 2025 23:53:45,0.209
02 Jul 2025 23:54:00,0.204
02 Jul 2025 23:55:00,0.181
02 Jul 2025 23:55:30,0.218
02 Jul 2025 23:55:45,0.197
02 Jul 2025 23:56:00,0.204
02 Jul 2025 23:56:15,0.199
02 Jul 2025 23:57:00,0.213
02 Jul 2025 23:57:15,0.215
02 Jul 2025 23:57:30,0.191
02 Jul 2025 23:57:45,0.212
02 Jul 2025 23:58:00,0.196
02 Jul 2025 23:58:30,0.179
02 Jul 2025 23:59:00,0.189
02 Jul 2025 23:59:15,0.173
02 Jul 2025 23:59:45,0.194
03 Jul 2025 00:00:45,0.218
03 Jul 2025 00:01:00,0.216
03 Jul 2025 00:01:15,0.210
03 Jul 2025 00:01:30,0.191
03 Jul 2025 00:01:45,0.193
03 Jul 2025 00:02:45,0.195
03 Jul 2025 00:03:00,0.199
03 Jul 2025 00:03:15,0.172
03 Jul 2025 00:04:00,0.194
03 Jul 2025 00:04:15,0.186
03 Jul 2025 00:04:30,0.209
03 Jul 2025 00:05:00,0.201
03 Jul 2025 00:05:15,0.189
03 Jul 2025 00:05:30,0.184
03 Jul 2025 00:05:45,0.210
03 Jul 2025 00:06:00,0.198
03 Jul 2025 00:06:30,0.210
03 Jul 2025 00:06:45,0.228
03 Jul 2025 00:07:00,0.202
03 Jul 2025 00:08:45,0.167
03 Jul 2025 00:09:00,0.184
03 Jul 2025 00:09:45,0.204
03 Jul 2025 00:10:00,0.186
03 Jul 2025 00:10:45,0.196
03 Jul 2025 00:11:15,0.194
03 Jul 2025 00:12:00,0.199
03 Jul 2025 00:12:15,0.227
03 Jul 2025 00:12:30,0.197
03 Jul 2025 00:12:45,0.186
03 Jul 2025 00:13:15,0.214
03 Jul 2025 00:13:30,0.212
03 Jul 2025 00:14:15,0.197
03 Jul 2025 00:14:30,0.210
03 Jul 2025 00:15:30,0.185
03 Jul 2025 00:16:15,0.184
03 Jul 2025 00:16:30,0.195
03 Jul 2025 00:17:00,0.188
03 Jul 2025 00:17:30,0.206
03 Jul 2025 00:17:45,0.223
03 Jul 2025 00:18:45,0.212
03 Jul 2025 00:19:45,0.229
03 Jul 2025 00:20:30,0.213
03 Jul 2025 00:20:45,0.193
03 Jul 2025 00:21:15,0.221
03 Jul 2025 00:21:30,0.219
03 Jul 2025 00:22:00,0.209
03 Jul 2025 00:22:15,0.197
03 Jul 2025 00:23:00,0.201
03 Jul 2025 00:23:15,0.234
03 Jul 2025 00:23:45,0.208
03 Jul 2025 00:24:00,0.196
03 Jul 2025 00:24:15,0.204
03 Jul 2025 00:24:30,0.185
03 Jul 2025 00:25:00,0.203
03 Jul 2025 00:25:30,0.232
03 Jul 2025 00:25:45,0.228
03 Jul 2025 00:26:15,0.222
03 Jul 2025 00:26:30,0.211
03 Jul 2025 00:27:00,0.202
03 Jul 2025 00:27:15,0.216
03 Jul 2025 00:28:15,0.219
03 Jul 2025 00:28:45,0.224
03 Jul 2025 00:29:45,0.205
03 Jul 2025 00:30:00,0.197
03 Jul 2025 00:30:30,0.225
03 Jul 2025 00:30:45,0.202
03 Jul 2025 00:31:00,0.207
03 Jul 2025 00:31:30,0.209
03 Jul 2025 00:31:45,0.222
03 Jul 2025 00:32:00,0.201
03 Jul 2025 00:32:15,0.189
03 Jul 2025 00:32:30,0.194
03 Jul 2025 00:33:30,0.213
03 Jul 2025 00:33:45,0.222
03 Jul 2025 00:34:00,0.220
03 Jul 2025 00:34:45,0.199
03 Jul 2025 00:35:15,0.210
03 Jul 2025 00:35:45,0.223
03 Jul 2025 00:36:15,0.210
03 Jul 2025 00:36:45,0.213
03 Jul 2025 00:37:00,0.198
03 Jul 2025 00:37:15,0.190
03 Jul 2025 00:37:45,0.229
03 Jul 2025 00:38:00,0.217
03 Jul 2025 00:38:15,0.201
03 Jul 2025 00:38:30,0.236
03 Jul 2025 00:39:00,0.207
03 Jul 2025 00:39:15,0.214
03 Jul 2025 00:39:30,0.224
03 Jul 2025 00:41:15,0.221
03 Jul 2025 00:41:30,0.236
03 Jul 2025 00:41:45,0.233
03 Jul 2025 00:42:00,0.207
03 Jul 2025 00:42:15,0.222
03 Jul 2025 00:42:30,0.225
03 Jul 2025 00:44:30,0.227
03 Jul 2025 00:45:00,0.229
03 Jul 2025 00:45:15,0.227
03 Jul 2025 00:46:30,0.230
03 Jul 2025 00:46:45,0.235
03 Jul 2025 00:47:00,0.196
03 Jul 2025 00:47:15,0.218
03 Jul 2025 00:47:30,0.214
03 Jul 2025 00:48:00,0.225
03 Jul 2025 00:48:15,0.196
03 Jul 2025 00:49:15,0.188
03 Jul 2025 00:49:30,0.214
03 Jul 2025 00:50:45,0.179
03 Jul 2025 00:51:00,0.207
03 Jul 2025 00:51:15,0.200
03 Jul 2025 00:51:45,0.211
03 Jul 2025 00:52:00,0.221
03 Jul 2025 00:52:15,0.207
03 Jul 2025 00:52:30,0.203
03 Jul 2025 00:52:45,0.187
03 Jul 2025 00:53:00,0.200
03 Jul 2025 00:53:30,0.226
03 Jul 2025 00:54:00,0.204
03 Jul 2025 00:54:15,0.231
03 Jul 2025 00:54:45,0.202
03 Jul 2025 00:56:00,0.215
03 Jul 2025 00:56:15,0.223
03 Jul 2025 00:57:00,0.227
03 Jul 2025 00:58:15,0.220
03 Jul 2025 00:59:15,0.226
03 Jul 2025 00:59:30,0.242
03 Jul 2025 00:59:45,0.262
03 Jul 2025 01:01:00,0.214
03 Jul 2025 01:01:15,0.207
03 Jul 2025 01:01:30,0.197
03 Jul 2025 01:02:15,0.213
03 Jul 2025 01:02:30,0.210
03 Jul 2025 01:02:45,0.214
03 Jul 2025 01:04:30,0.232
03 Jul 2025 01:05:15,0.209
03 Jul 2025 01:05:30,0.203
03 Jul 2025 01:06:00,0.217
03 Jul 2025 01:06:30,0.247
03 Jul 2025 01:06:45,0.230
03 Jul 2025 01:07:00,0.224
03 Jul 2025 01:07:30,0.221
03 Jul 2025 01:08:00,0.199
03 Jul 2025 01:08:15,0.237
03 Jul 2025 01:08:30,0.240
03 Jul 2025 01:08:45,0.236
03 Jul 2025 01:10:00,0.216
03 Jul 2025 01:10:15,0.232
03 Jul 2025 01:10:30,0.228
03 Jul 2025 01:10:45,0.234
03 Jul 2025 01:11:00,0.242
03 Jul 2025 01:11:15,0.239
03 Jul 2025 01:11:45,0.227
03 Jul 2025 01:12:00,0.222
03 Jul 2025 01:12:30,0.242
03 Jul 2025 01:13:15,0.214
03 Jul 2025 01:13:30,0.236
03 Jul 2025 01:14:15,0.226
03 Jul 2025 01:14:30,0.246
03 Jul 2025 01:15:00,0.221
03 Jul 2025 01:15:30,0.199
03 Jul 2025 01:15:45,0.197
03 Jul 2025 01:16:00,0.220
03 Jul 2025 01:16:15,0.226
03 Jul 2025 01:17:00,0.235
03 Jul 2025 01:17:15,0.215
03 Jul 2025 01:17:45,0.244
03 Jul 2025 01:18:15,0.206
03 Jul 2025 01:19:15,0.208
03 Jul 2025 01:19:45,0.218
03 Jul 2025 01:21:15,0.210
03 Jul 2025 01:22:00,0.212
03 Jul 2025 01:22:15,0.207
03 Jul 2025 01:22:45,0.219
03 Jul 2025 01:23:00,0.218
03 Jul 2025 01:23:15,0.234
03 Jul 2025 01:23:45,0.232
03 Jul 2025 01:24:00,0.197
03 Jul 2025 01:25:15,0.203
03 Jul 2025 01:26:00,0.233
03 Jul 2025 01:27:30,0.231
03 Jul 2025 01:28:00,0.234
03 Jul 2025 01:29:45,0.210
03 Jul 2025 01:30:30,0.199
03 Jul 2025 01:30:45,0.214
03 Jul 2025 01:31:00,0.200
03 Jul 2025 01:31:45,0.192
03 Jul 2025 01:32:00,0.228
03 Jul 2025 01:32:30,0.243
03 Jul 2025 01:32:45,0.226
03 Jul 2025 01:33:00,0.237
03 Jul 2025 01:33:45,0.212
03 Jul 2025 01:34:15,0.232
03 Jul 2025 01:34:30,0.210
03 Jul 2025 01:35:30,0.205
03 Jul 2025 01:36:45,0.208
03 Jul 2025 01:37:00,0.200
03 Jul 2025 01:37:45,0.215
03 Jul 2025 01:38:30,0.240
03 Jul 2025 01:38:45,0.231
03 Jul 2025 01:39:00,0.214
03 Jul 2025 01:39:45,0.223
03 Jul 2025 01:40:00,0.215
03 Jul 2025 01:41:00,0.221
03 Jul 2025 01:41:15,0.211
03 Jul 2025 01:42:15,0.213
03 Jul 2025 01:42:30,0.215
03 Jul 2025 01:42:45,0.226
03 Jul 2025 01:43:15,0.193
03 Jul 2025 01:43:30,0.224
03 Jul 2025 01:43:45,0.232
03 Jul 2025 01:44:30,0.207
03 Jul 2025 01:46:00,0.225
03 Jul 2025 01:46:15,0.217
03 Jul 2025 01:46:30,0.224
03 Jul 2025 01:47:15,0.231
03 Jul 2025 01:47:30,0.213
03 Jul 2025 01:47:45,0.204
03 Jul 2025 01:48:15,0.231
03 Jul 2025 01:48:30,0.218
03 Jul 2025 01:48:45,0.207
03 Jul 2025 01:49:45,0.210
03 Jul 2025 01:50:30,0.240
03 Jul 2025 01:52:15,0.212
03 Jul 2025 01:52:30,0.213
03 Jul 2025 01:52:45,0.197
03 Jul 2025 01:53:30,0.221
03 Jul 2025 01:53:45,0.202
03 Jul 2025 01:54:15,0.181
03 Jul 2025 01:54:45,0.234
03 Jul 2025 01:55:00,0.246
03 Jul 2025 01:55:30,0.203
03 Jul 2025 01:55:45,0.230
03 Jul 2025 01:56:15,0.221
03 Jul 2025 01:56:30,0.212
03 Jul 2025 01:57:15,0.211
03 Jul 2025 01:58:00,0.199
03 Jul 2025 01:58:15,0.210
03 Jul 2025 01:58:30,0.221
03 Jul 2025 01:59:00,0.216
03 Jul 2025 01:59:15,0.206
03 Jul 2025 01:59:30,0.215
03 Jul 2025 02:00:00,0.221
03 Jul 2025 02:00:30,0.204
03 Jul 2025 02:00:45,0.221
03 Jul 2025 02:01:00,0.196
03 Jul 2025 02:02:15,0.227
03 Jul 2025 02:03:15,0.173
03 Jul 2025 02:03:30,0.214
03 Jul 2025 02:04:00,0.201
03 Jul 2025 02:05:15,0.195
03 Jul 2025 02:05:45,0.212
03 Jul 2025 02:06:00,0.184
03 Jul 2025 02:06:15,0.196
03 Jul 2025 02:06:45,0.219
03 Jul 2025 02:07:30,0.204
03 Jul 2025 02:08:00,0.227
03 Jul 2025 02:08:15,0.210
03 Jul 2025 02:08:30,0.202
03 Jul 2025 02:08:45,0.221
03 Jul 2025 02:09:45,0.202
03 Jul 2025 02:10:15,0.208
03 Jul 2025 02:10:30,0.214
03 Jul 2025 02:11:15,0.207
03 Jul 2025 02:11:30,0.197
03 Jul 2025 02:11:45,0.208
03 Jul 2025 02:12:30,0.199
03 Jul 2025 02:12:45,0.188
03 Jul 2025 02:13:00,0.233
03 Jul 2025 02:14:00,0.213
03 Jul 2025 02:14:30,0.209
03 Jul 2025 02:15:00,0.221
03 Jul 2025 02:15:15,0.218
03 Jul 2025 02:16:30,0.205
03 Jul 2025 02:16:45,0.214
03 Jul 2025 02:17:30,0.208
03 Jul 2025 02:17:45,0.223
03 Jul 2025 02:18:00,0.197
03 Jul 2025 02:18:15,0.185
03 Jul 2025 02:19:30,0.215
03 Jul 2025 02:20:15,0.222
03 Jul 2025 02:21:00,0.213
03 Jul 2025 02:21:15,0.213
03 Jul 2025 02:21:30,0.217
03 Jul 2025 02:21:45,0.198
03 Jul 2025 02:22:15,0.175
03 Jul 2025 02:22:30,0.231
03 Jul 2025 02:22:45,0.200
03 Jul 2025 02:23:15,0.221
03 Jul 2025 02:23:30,0.215
03 Jul 2025 02:24:15,0.203
03 Jul 2025 02:24:30,0.232
03 Jul 2025 02:25:00,0.216
03 Jul 2025 02:25:15,0.226
03 Jul 2025 02:25:30,0.220
03 Jul 2025 02:26:15,0.198
03 Jul 2025 02:26:45,0.213
03 Jul 2025 02:28:00,0.207
03 Jul 2025 02:28:15,0.206
03 Jul 2025 02:28:45,0.226
03 Jul 2025 02:29:30,0.197
03 Jul 2025 02:30:15,0.199
03 Jul 2025 02:31:00,0.222
03 Jul 2025 02:31:30,0.176
03 Jul 2025 02:32:15,0.242
03 Jul 2025 02:32:30,0.235
03 Jul 2025 02:33:00,0.195
03 Jul 2025 02:33:15,0.201
03 Jul 2025 02:33:45,0.199
03 Jul 2025 02:34:30,0.194
03 Jul 2025 02:35:00,0.197
03 Jul 2025 02:35:30,0.199
03 Jul 2025 02:35:45,0.179
03 Jul 2025 02:36:30,0.180
03 Jul 2025 02:38:30,0.206
03 Jul 2025 02:38:45,0.186
03 Jul 2025 02:39:00,0.191
03 Jul 2025 02:39:30,0.179
03 Jul 2025 02:39:45,0.210
03 Jul 2025 02:40:45,0.189
03 Jul 2025 02:41:15,0.191
03 Jul 2025 02:41:45,0.189
03 Jul 2025 02:42:30,0.201
03 Jul 2025 02:42:45,0.208
03 Jul 2025 02:43:15,0.208
03 Jul 2025 02:43:30,0.230
03 Jul 2025 02:44:00,0.194
03 Jul 2025 02:44:15,0.194
03 Jul 2025 02:44:45,0.202
03 Jul 2025 02:45:00,0.194
03 Jul 2025 02:45:15,0.195
03 Jul 2025 02:45:45,0.181
03 Jul 2025 02:46:00,0.229
03 Jul 2025 02:46:15,0.216
03 Jul 2025 02:46:30,0.187
03 Jul 2025 02:46:45,0.187
03 Jul 2025 02:47:45,0.214
03 Jul 2025 02:48:30,0.215
03 Jul 2025 02:48:45,0.187
03 Jul 2025 02:49:30,0.188
03 Jul 2025 02:50:15,0.173
03 Jul 2025 02:50:30,0.229
03 Jul 2025 02:50:45,0.180
03 Jul 2025 02:51:15,0.210
03 Jul 2025 02:51:30,0.174
03 Jul 2025 02:52:00,0.214
03 Jul 2025 02:53:00,0.150
03 Jul 2025 02:53:30,0.199
03 Jul 2025 02:54:00,0.159
03 Jul 2025 02:54:15,0.198
03 Jul 2025 02:54:45,0.207
03 Jul 2025 02:55:15,0.189
03 Jul 2025 02:55:45,0.214
03 Jul 2025 02:56:00,0.204
03 Jul 2025 02:56:45,0.203
03 Jul 2025 02:57:30,0.199
03 Jul 2025 02:57:45,0.180
03 Jul 2025 02:59:15,0.189
03 Jul 2025 02:59:30,0.205
03 Jul 2025 03:00:30,0.196
03 Jul 2025 03:00:45,0.192
03 Jul 2025 03:01:00,0.206
03 Jul 2025 03:04:30,0.178
03 Jul 2025 03:04:45,0.202
03 Jul 2025 03:05:00,0.195
03 Jul 2025 03:05:30,0.203
03 Jul 2025 03:06:15,0.174
03 Jul 2025 03:06:45,0.161
03 Jul 2025 03:07:15,0.127
03 Jul 2025 03:07:30,0.190
03 Jul 2025 03:08:00,0.213
03 Jul 2025 03:08:15,0.215
03 Jul 2025 03:08:45,0.184
03 Jul 2025 03:09:15,0.198
03 Jul 2025 03:09:30,0.187
03 Jul 2025 03:11:00,0.194
03 Jul 2025 03:11:15,0.155
03 Jul 2025 03:11:45,0.185
03 Jul 2025 03:12:45,0.189
03 Jul 2025 03:13:30,0.167
03 Jul 2025 03:13:45,0.194
03 Jul 2025 03:14:00,0.196
03 Jul 2025 03:14:15,0.171
03 Jul 2025 03:14:45,0.187
03 Jul 2025 03:15:00,0.165
03 Jul 2025 03:15:15,0.190
03 Jul 2025 03:15:30,0.187
03 Jul 2025 03:16:30,0.160
03 Jul 2025 03:17:00,0.195
03 Jul 2025 03:18:00,0.197
03 Jul 2025 03:18:30,0.195
03 Jul 2025 03:18:45,0.173
03 Jul 2025 03:19:00,0.177
03 Jul 2025 03:19:15,0.184
03 Jul 2025 03:20:15,0.169
03 Jul 2025 03:20:30,0.189
03 Jul 2025 03:20:45,0.189
03 Jul 2025 03:21:45,0.164
03 Jul 2025 03:22:30,0.203
03 Jul 2025 03:22:45,0.183
03 Jul 2025 03:23:00,0.162
03 Jul 2025 03:23:15,0.156
03 Jul 2025 03:23:45,0.188
03 Jul 2025 03:24:15,0.165
03 Jul 2025 03:24:30,0.142
03 Jul 2025 03:24:45,0.177
03 Jul 2025 03:25:00,0.161
03 Jul 2025 03:26:15,0.157
03 Jul 2025 03:26:30,0.153
03 Jul 2025 03:27:00,0.187
03 Jul 2025 03:27:15,0.183
03 Jul 2025 03:27:30,0.173
03 Jul 2025 03:28:15,0.194
03 Jul 2025 03:28:30,0.159
03 Jul 2025 03:29:00,0.167
03 Jul 2025 03:29:15,0.174
03 Jul 2025 03:30:00,0.189
03 Jul 2025 03:31:00,0.189
03 Jul 2025 03:32:00,0.182
03 Jul 2025 03:32:30,0.196
03 Jul 2025 03:33:00,0.182
03 Jul 2025 03:33:45,0.163
03 Jul 2025 03:34:30,0.178
03 Jul 2025 03:35:00,0.150
03 Jul 2025 03:35:15,0.198
03 Jul 2025 03:36:00,0.164
03 Jul 2025 03:36:15,0.171
03 Jul 2025 03:36:45,0.175
03 Jul 2025 03:37:30,0.180
03 Jul 2025 03:38:00,0.195
03 Jul 2025 03:38:15,0.165
03 Jul 2025 03:38:30,0.174
03 Jul 2025 03:38:45,0.166
03 Jul 2025 03:39:30,0.155
03 Jul 2025 03:40:00,0.146
03 Jul 2025 03:40:15,0.159
03 Jul 2025 03:41:45,0.182
03 Jul 2025 03:42:15,0.161
03 Jul 2025 03:42:30,0.166
03 Jul 2025 03:42:45,0.143
03 Jul 2025 03:43:00,0.167
03 Jul 2025 03:43:30,0.169
03 Jul 2025 03:43:45,0.175
03 Jul 2025 03:44:30,0.153
03 Jul 2025 03:44:45,0.197
03 Jul 2025 03:45:15,0.168
03 Jul 2025 03:45:45,0.143
03 Jul 2025 03:46:15,0.174
03 Jul 2025 03:47:00,0.182
03 Jul 2025 03:47:15,0.157
03 Jul 2025 03:47:45,0.169
03 Jul 2025 03:48:30,0.162
03 Jul 2025 03:49:15,0.177
03 Jul 2025 03:49:30,0.163
03 Jul 2025 03:50:15,0.145
03 Jul 2025 03:50:30,0.187
03 Jul 2025 03:50:45,0.140
03 Jul 2025 03:51:15,0.178
03 Jul 2025 03:51:30,0.119
03 Jul 2025 03:51:45,0.200
03 Jul 2025 03:52:15,0.157
03 Jul 2025 03:52:30,0.170
03 Jul 2025 03:52:45,0.123
03 Jul 2025 03:53:00,0.180
03 Jul 2025 03:53:15,0.160
03 Jul 2025 03:54:00,0.148
03 Jul 2025 03:54:15,0.164
03 Jul 2025 03:54:30,0.139
03 Jul 2025 03:55:00,0.181
03 Jul 2025 03:56:00,0.172
03 Jul 2025 03:56:30,0.181
03 Jul 2025 03:56:45,0.147
03 Jul 2025 03:59:00,0.177
03 Jul 2025 03:59:15,0.167
03 Jul 2025 03:59:45,0.167
03 Jul 2025 04:00:00,0.148
03 Jul 2025 04:00:15,0.136
03 Jul 2025 04:00:45,0.167
03 Jul 2025 04:01:30,0.142
03 Jul 2025 04:01:45,0.153
03 Jul 2025 04:02:15,0.130
03 Jul 2025 04:02:30,0.153
03 Jul 2025 04:03:00,0.170
03 Jul 2025 04:04:15,0.153
03 Jul 2025 04:04:45,0.119
03 Jul 2025 04:05:15,0.156
03 Jul 2025 04:06:15,0.129
03 Jul 2025 04:07:00,0.140
03 Jul 2025 04:07:15,0.127
03 Jul 2025 04:07:45,0.144
03 Jul 2025 04:09:45,0.172
03 Jul 2025 04:10:00,0.142
03 Jul 2025 04:10:15,0.155
03 Jul 2025 04:12:30,0.123
03 Jul 2025 04:12:45,0.160
03 Jul 2025 04:13:00,0.159
03 Jul 2025 04:13:45,0.125
03 Jul 2025 04:14:45,0.130
03 Jul 2025 04:15:00,0.112
03 Jul 2025 04:15:30,0.124
03 Jul 2025 04:16:30,0.174
03 Jul 2025 04:16:45,0.154
03 Jul 2025 04:17:30,0.158
03 Jul 2025 04:18:00,0.175
03 Jul 2025 04:18:30,0.148
03 Jul 2025 04:18:45,0.163
03 Jul 2025 04:19:00,0.140
03 Jul 2025 04:20:00,0.151
03 Jul 2025 04:20:15,0.123
03 Jul 2025 04:21:00,0.150
03 Jul 2025 04:21:15,0.136
03 Jul 2025 04:21:30,0.125
03 Jul 2025 04:22:15,0.146
03 Jul 2025 04:22:30,0.162
03 Jul 2025 04:22:45,0.161
03 Jul 2025 04:23:00,0.110
03 Jul 2025 04:23:15,0.150
03 Jul 2025 04:23:30,0.154
03 Jul 2025 04:23:45,0.157
03 Jul 2025 04:24:15,0.162
03 Jul 2025 04:24:45,0.128
03 Jul 2025 04:25:00,0.140
03 Jul 2025 04:25:30,0.133
03 Jul 2025 04:26:30,0.176
03 Jul 2025 04:27:00,0.128
03 Jul 2025 04:28:00,0.147
03 Jul 2025 04:29:30,0.156
03 Jul 2025 04:30:30,0.107
03 Jul 2025 04:31:15,0.150
03 Jul 2025 04:31:30,0.134
03 Jul 2025 04:32:00,0.129
03 Jul 2025 04:32:15,0.153
03 Jul 2025 04:33:00,0.104
03 Jul 2025 04:33:30,0.120
03 Jul 2025 04:33:45,0.146
03 Jul 2025 04:34:00,0.157
03 Jul 2025 04:34:30,0.142
03 Jul 2025 04:34:45,0.117
03 Jul 2025 04:35:00,0.113
03 Jul 2025 04:35:15,0.153
03 Jul 2025 04:35:45,0.124
03 Jul 2025 04:36:00,0.148
03 Jul 2025 04:36:45,0.127
03 Jul 2025 04:37:30,0.119
03 Jul 2025 04:38:30,0.146
03 Jul 2025 04:38:45,0.094
03 Jul 2025 04:39:15,0.129
03 Jul 2025 04:39:30,0.142
03 Jul 2025 04:39:45,0.122
03 Jul 2025 04:40:00,0.128
03 Jul 2025 04:40:30,0.144
03 Jul 2025 04:41:15,0.120
03 Jul 2025 04:42:30,0.139
03 Jul 2025 04:42:45,0.103
03 Jul 2025 04:43:00,0.111
03 Jul 2025 04:43:15,0.144
03 Jul 2025 04:43:45,0.098
03 Jul 2025 04:44:00,0.123
03 Jul 2025 04:44:30,0.125
03 Jul 2025 04:45:00,0.125
03 Jul 2025 04:45:15,0.146
03 Jul 2025 04:45:30,0.143
03 Jul 2025 04:47:15,0.134
03 Jul 2025 04:47:30,0.115
03 Jul 2025 04:48:15,0.114
03 Jul 2025 04:49:00,0.108
03 Jul 2025 04:49:30,0.142
03 Jul 2025 04:49:45,0.122
03 Jul 2025 04:50:00,0.119
03 Jul 2025 04:50:45,0.109
03 Jul 2025 04:51:00,0.112
03 Jul 2025 04:51:30,0.106
03 Jul 2025 04:52:00,0.132
03 Jul 2025 04:53:00,0.099
03 Jul 2025 04:53:45,0.110
03 Jul 2025 04:54:30,0.105
03 Jul 2025 04:55:00,0.112
03 Jul 2025 04:55:30,0.118
03 Jul 2025 04:55:45,0.106
03 Jul 2025 04:56:45,0.124
03 Jul 2025 04:57:15,0.116
03 Jul 2025 04:58:15,0.104
03 Jul 2025 04:58:30,0.105
03 Jul 2025 04:58:45,0.092
03 Jul 2025 04:59:00,0.128
03 Jul 2025 04:59:30,0.102
03 Jul 2025 05:00:15,0.121
03 Jul 2025 05:00:30,0.101
03 Jul 2025 05:01:00,0.138
03 Jul 2025 05:01:15,0.105
03 Jul 2025 05:01:45,0.101
03 Jul 2025 05:02:00,0.139
03 Jul 2025 05:02:30,0.114
03 Jul 2025 05:03:00,0.112
03 Jul 2025 05:03:15,0.099
03 Jul 2025 05:03:30,0.101
03 Jul 2025 05:04:15,0.096
03 Jul 2025 05:04:30,0.085
03 Jul 2025 05:04:45,0.087
03 Jul 2025 05:05:15,0.071
03 Jul 2025 05:06:15,0.103
03 Jul 2025 05:06:30,0.093
03 Jul 2025 05:07:15,0.092
03 Jul 2025 05:07:30,0.094
03 Jul 2025 05:07:45,0.098
03 Jul 2025 05:08:30,0.111
03 Jul 2025 05:08:45,0.089
03 Jul 2025 05:09:15,0.093
03 Jul 2025 05:09:30,0.082
03 Jul 2025 05:11:00,0.107
03 Jul 2025 05:11:15,0.096
03 Jul 2025 05:11:45,0.116
03 Jul 2025 05:12:00,0.092
03 Jul 2025 05:12:15,0.099
03 Jul 2025 05:12:30,0.084
03 Jul 2025 05:12:45,0.102
03 Jul 2025 05:13:00,0.083
03 Jul 2025 05:13:30,0.099
03 Jul 2025 05:14:15,0.092
03 Jul 2025 05:14:30,0.075
03 Jul 2025 05:15:45,0.090
03 Jul 2025 05:16:15,0.103
03 Jul 2025 05:16:45,0.061
03 Jul 2025 05:17:15,0.089
03 Jul 2025 05:18:30,0.072
03 Jul 2025 05:19:15,0.117
03 Jul 2025 05:19:30,0.070
03 Jul 2025 05:19:45,0.091
03 Jul 2025 05:20:15,0.106
03 Jul 2025 05:20:30,0.103
03 Jul 2025 05:20:45,0.108
03 Jul 2025 05:22:00,0.093
03 Jul 2025 05:22:15,0.099
03 Jul 2025 05:22:30,0.083
03 Jul 2025 05:22:45,0.113
03 Jul 2025 05:23:30,0.093
03 Jul 2025 05:23:45,0.097
03 Jul 2025 05:24:15,0.104
03 Jul 2025 05:24:30,0.098
03 Jul 2025 05:24:45,0.097
03 Jul 2025 05:25:00,0.079
03 Jul 2025 05:25:15,0.087
03 Jul 2025 05:26:30,0.115
03 Jul 2025 05:26:45,0.089
03 Jul 2025 05:28:00,0.108
03 Jul 2025 05:28:30,0.107
03 Jul 2025 05:28:45,0.090
03 Jul 2025 05:29:00,0.071
03 Jul 2025 05:29:15,0.085
03 Jul 2025 05:29:45,0.094
03 Jul 2025 05:30:45,0.093
03 Jul 2025 05:31:30,0.086
03 Jul 2025 05:32:30,0.084
03 Jul 2025 05:32:45,0.096
03 Jul 2025 05:33:00,0.100
03 Jul 2025 05:33:15,0.095
03 Jul 2025 05:33:30,0.061
03 Jul 2025 05:33:45,0.096
03 Jul 2025 05:34:00,0.080
03 Jul 2025 05:34:15,0.092
03 Jul 2025 05:35:00,0.100
03 Jul 2025 05:36:00,0.067
03 Jul 2025 05:36:15,0.082
03 Jul 2025 05:36:30,0.088
03 Jul 2025 05:37:15,0.072
03 Jul 2025 05:37:45,0.105
03 Jul 2025 05:38:15,0.093
03 Jul 2025 05:38:30,0.063
03 Jul 2025 05:39:00,0.085
03 Jul 2025 05:39:15,0.097
03 Jul 2025 05:39:45,0.070
03 Jul 2025 05:41:15,0.085
03 Jul 2025 05:41:45,0.089
03 Jul 2025 05:42:15,0.053
03 Jul 2025 05:42:30,0.100
03 Jul 2025 05:42:45,0.101
03 Jul 2025 05:43:00,0.077
03 Jul 2025 05:43:30,0.088
03 Jul 2025 05:43:45,0.097
03 Jul 2025 05:44:45,0.080
03 Jul 2025 05:45:00,0.063
03 Jul 2025 05:45:45,0.089
03 Jul 2025 05:46:15,0.102
03 Jul 2025 05:46:30,0.049
03 Jul 2025 05:47:30,0.065
03 Jul 2025 05:47:45,0.096
03 Jul 2025 05:48:45,0.044
03 Jul 2025 05:49:30,0.105
03 Jul 2025 05:49:45,0.057
03 Jul 2025 05:50:30,0.093
03 Jul 2025 05:51:00,0.066
03 Jul 2025 05:51:15,0.095
03 Jul 2025 05:51:30,0.095
03 Jul 2025 05:51:45,0.054
03 Jul 2025 05:52:00,0.091
03 Jul 2025 05:52:30,0.090
03 Jul 2025 05:53:00,0.086
03 Jul 2025 05:53:30,0.084
03 Jul 2025 05:54:00,0.056
03 Jul 2025 05:54:30,0.046
03 Jul 2025 05:55:15,0.104
03 Jul 2025 05:55:30,0.053
03 Jul 2025 05:56:00,0.073
03 Jul 2025 05:58:00,0.069
03 Jul 2025 05:58:30,0.057
03 Jul 2025 05:58:45,0.071
03 Jul 2025 05:59:15,0.073
03 Jul 2025 05:59:45,0.089
03 Jul 2025 06:00:00,0.056
03 Jul 2025 06:00:30,0.067
03 Jul 2025 06:00:45,0.063
03 Jul 2025 06:01:15,0.080
03 Jul 2025 06:01:30,0.087
03 Jul 2025 06:01:45,0.090
03 Jul 2025 06:02:15,0.094
03 Jul 2025 06:02:30,0.083
03 Jul 2025 06:02:45,0.058
03 Jul 2025 06:03:00,0.079
03 Jul 2025 06:03:30,0.063
03 Jul 2025 06:03:45,0.068
03 Jul 2025 06:04:00,0.089
03 Jul 2025 06:04:15,0.057
03 Jul 2025 06:04:45,0.063
03 Jul 2025 06:05:15,0.087
03 Jul 2025 06:05:30,0.082
03 Jul 2025 06:05:45,0.050
03 Jul 2025 06:06:15,0.074
03 Jul 2025 06:06:30,0.072
03 Jul 2025 06:06:45,0.100
03 Jul 2025 06:07:00,0.061
03 Jul 2025 06:07:30,0.062
03 Jul 2025 06:07:45,0.053
03 Jul 2025 06:08:30,0.067
03 Jul 2025 06:10:30,0.063
03 Jul 2025 06:10:45,0.072
03 Jul 2025 06:11:30,0.066
03 Jul 2025 06:11:45,0.057
03 Jul 2025 06:12:00,0.052
03 Jul 2025 06:12:15,0.089
03 Jul 2025 06:12:30,0.060
03 Jul 2025 06:12:45,0.062
03 Jul 2025 06:13:30,0.058
03 Jul 2025 06:13:45,0.091
03 Jul 2025 06:14:00,0.073
03 Jul 2025 06:14:45,0.064
03 Jul 2025 06:15:15,0.084
03 Jul 2025 06:15:45,0.047
03 Jul 2025 06:16:15,0.063
03 Jul 2025 06:16:30,0.051
03 Jul 2025 06:17:00,0.072
03 Jul 2025 06:17:15,0.066
03 Jul 2025 06:17:30,0.086
03 Jul 2025 06:18:00,0.082
03 Jul 2025 06:18:45,0.063
03 Jul 2025 06:19:30,0.042
03 Jul 2025 06:20:15,0.079
03 Jul 2025 06:21:00,0.049
03 Jul 2025 06:21:30,0.048
03 Jul 2025 06:22:45,0.072
03 Jul 2025 06:24:00,0.048
03 Jul 2025 06:24:15,0.051
03 Jul 2025 06:24:45,0.058
03 Jul 2025 06:25:15,0.075
03 Jul 2025 06:26:00,0.050
03 Jul 2025 06:27:00,0.058
03 Jul 2025 06:27:15,0.070
03 Jul 2025 06:28:00,0.080
03 Jul 2025 06:28:15,0.057
03 Jul 2025 06:28:45,0.067
03 Jul 2025 06:29:00,0.093
03 Jul 2025 06:29:30,0.077
03 Jul 2025 06:30:00,0.032
03 Jul 2025 06:30:30,0.067
03 Jul 2025 06:30:45,0.089
03 Jul 2025 06:31:15,0.056
03 Jul 2025 06:31:45,0.068
03 Jul 2025 06:32:00,0.084
03 Jul 2025 06:32:30,0.056
03 Jul 2025 06:33:45,0.045
03 Jul 2025 06:34:15,0.045
03 Jul 2025 06:34:45,0.074
03 Jul 2025 06:35:00,0.065
03 Jul 2025 06:35:15,0.067
03 Jul 2025 06:36:00,0.033
03 Jul 2025 06:36:45,0.040
03 Jul 2025 06:37:00,0.068
03 Jul 2025 06:37:15,0.054
03 Jul 2025 06:38:00,0.051
03 Jul 2025 06:38:15,0.037
03 Jul 2025 06:39:00,0.046
03 Jul 2025 06:39:30,0.064
03 Jul 2025 06:40:45,0.054
03 Jul 2025 06:41:00,0.071
03 Jul 2025 06:41:15,0.037
03 Jul 2025 06:41:30,0.104
03 Jul 2025 06:41:45,0.071
03 Jul 2025 06:42:15,0.043
03 Jul 2025 06:42:45,0.023
03 Jul 2025 06:43:15,0.054
03 Jul 2025 06:43:30,0.062
03 Jul 2025 06:44:00,0.062
03 Jul 2025 06:44:15,0.042
03 Jul 2025 06:44:30,0.061
03 Jul 2025 06:45:15,0.050
03 Jul 2025 06:45:30,0.048
03 Jul 2025 06:46:15,0.039
03 Jul 2025 06:47:00,0.056
03 Jul 2025 06:47:15,0.000
03 Jul 2025 06:47:30,0.051
03 Jul 2025 06:49:15,0.077
03 Jul 2025 06:49:45,0.060
03 Jul 2025 06:51:00,0.074
03 Jul 2025 06:51:15,0.056
03 Jul 2025 06:51:30,0.042
03 Jul 2025 06:52:00,0.050
03 Jul 2025 06:52:15,0.055
03 Jul 2025 06:52:30,0.036
03 Jul 2025 06:53:00,0.053
03 Jul 2025 06:53:30,0.068
03 Jul 2025 06:54:00,0.044
03 Jul 2025 06:54:30,0.068
03 Jul 2025 06:55:00,0.046
03 Jul 2025 06:55:15,0.060
03 Jul 2025 06:55:45,0.049
03 Jul 2025 06:56:00,0.055
03 Jul 2025 06:56:15,0.053
03 Jul 2025 06:56:30,0.082
03 Jul 2025 06:56:45,0.068
03 Jul 2025 06:57:00,0.049
03 Jul 2025 06:57:45,0.034
03 Jul 2025 06:58:30,0.074
03 Jul 2025 06:59:15,0.044
03 Jul 2025 06:59:45,0.051
03 Jul 2025 07:00:00,0.050
03 Jul 2025 07:00:15,0.059
03 Jul 2025 07:00:30,0.032
03 Jul 2025 07:00:45,0.051
03 Jul 2025 07:01:30,0.063
03 Jul 2025 07:02:15,0.058
03 Jul 2025 07:02:30,0.029
03 Jul 2025 07:03:00,0.065
03 Jul 2025 07:03:15,0.052
03 Jul 2025 07:03:30,0.073
03 Jul 2025 07:03:45,0.020
03 Jul 2025 07:04:00,0.089
03 Jul 2025 07:04:15,0.058
03 Jul 2025 07:04:45,0.060
03 Jul 2025 07:05:15,0.020
03 Jul 2025 07:05:45,0.039
03 Jul 2025 07:06:00,0.056
03 Jul 2025 07:06:15,0.099
03 Jul 2025 07:07:15,0.025
03 Jul 2025 07:07:30,0.105
03 Jul 2025 07:07:45,0.010
03 Jul 2025 07:08:00,-0.022
03 Jul 2025 07:08:15,0.076
03 Jul 2025 07:08:30,0.109
03 Jul 2025 07:09:00,0.063
03 Jul 2025 07:10:00,0.036
03 Jul 2025 07:11:45,0.048
03 Jul 2025 07:12:00,0.048
03 Jul 2025 07:12:15,0.055
03 Jul 2025 07:12:45,0.060
03 Jul 2025 07:13:00,0.019
03 Jul 2025 07:13:15,0.026
03 Jul 2025 07:13:30,0.055
03 Jul 2025 07:13:45,0.040
03 Jul 2025 07:14:30,0.057
03 Jul 2025 07:14:45,0.068
03 Jul 2025 07:15:45,0.039
03 Jul 2025 07:16:00,0.071
03 Jul 2025 07:16:15,0.063
03 Jul 2025 07:16:30,0.059
03 Jul 2025 07:16:45,0.044
03 Jul 2025 07:17:30,0.022
03 Jul 2025 07:18:15,0.035
03 Jul 2025 07:18:30,0.075
03 Jul 2025 07:19:45,0.065
03 Jul 2025 07:20:30,0.030
03 Jul 2025 07:21:30,0.072
03 Jul 2025 07:23:30,0.046
03 Jul 2025 07:24:45,0.037
03 Jul 2025 07:25:15,0.052
03 Jul 2025 07:25:45,0.053
03 Jul 2025 07:26:00,0.031
03 Jul 2025 07:26:45,0.052
03 Jul 2025 07:27:00,0.041
03 Jul 2025 07:27:15,0.042
03 Jul 2025 07:27:45,0.054
03 Jul 2025 07:28:00,0.033
03 Jul 2025 07:28:15,0.064
03 Jul 2025 07:28:45,0.052
03 Jul 2025 07:29:00,0.060
03 Jul 2025 07:30:00,0.047
03 Jul 2025 07:30:30,0.057
03 Jul 2025 07:31:15,0.052
03 Jul 2025 07:31:30,0.036
03 Jul 2025 07:32:00,0.044
03 Jul 2025 07:32:15,0.050
03 Jul 2025 07:32:30,0.053
03 Jul 2025 07:32:45,0.022
03 Jul 2025 07:34:15,0.065
03 Jul 2025 07:34:45,0.045
03 Jul 2025 07:36:00,0.035
03 Jul 2025 07:36:45,0.033
03 Jul 2025 07:37:00,0.041
03 Jul 2025 07:37:45,0.065
03 Jul 2025 07:38:00,0.030
03 Jul 2025 07:38:45,0.068
03 Jul 2025 07:39:45,0.038
03 Jul 2025 07:40:00,0.074
03 Jul 2025 07:40:15,0.048
03 Jul 2025 07:41:30,0.052
03 Jul 2025 07:41:45,0.048
03 Jul 2025 07:42:15,0.000
03 Jul 2025 07:42:30,0.027
03 Jul 2025 07:43:00,0.032
03 Jul 2025 07:43:15,0.037
03 Jul 2025 07:44:00,0.064
03 Jul 2025 07:45:15,0.051
03 Jul 2025 07:45:30,0.061
03 Jul 2025 07:46:15,0.028
03 Jul 2025 07:48:30,0.031
03 Jul 2025 07:49:15,0.045
03 Jul 2025 07:50:15,0.050
03 Jul 2025 07:51:30,0.037
03 Jul 2025 07:52:00,0.033
03 Jul 2025 07:52:45,0.024
03 Jul 2025 07:53:00,0.070
03 Jul 2025 07:53:15,0.053
03 Jul 2025 07:53:30,0.066
03 Jul 2025 07:54:00,-0.012
03 Jul 2025 07:55:00,0.049
03 Jul 2025 07:56:00,0.059
03 Jul 2025 07:56:15,0.014
03 Jul 2025 07:56:30,0.038
03 Jul 2025 07:57:30,0.004
03 Jul 2025 07:57:45,0.058
03 Jul 2025 07:58:00,0.057
03 Jul 2025 08:00:00,0.053
03 Jul 2025 08:00:15,0.025
03 Jul 2025 08:00:30,0.029
03 Jul 2025 08:00:45,0.057
03 Jul 2025 08:01:00,0.003
03 Jul 2025 08:01:30,0.046
03 Jul 2025 08:02:00,0.046
03 Jul 2025 08:02:15,0.059
03 Jul 2025 08:03:30,0.072
03 Jul 2025 08:03:45,0.033
03 Jul 2025 08:04:45,-0.021
03 Jul 2025 08:05:15,0.018
03 Jul 2025 08:05:45,0.091
03 Jul 2025 08:07:00,0.040
03 Jul 2025 08:07:15,0.073
03 Jul 2025 08:07:45,0.080
03 Jul 2025 08:08:15,0.058
03 Jul 2025 08:08:30,0.046
03 Jul 2025 08:09:15,0.041
03 Jul 2025 08:10:00,0.053
03 Jul 2025 08:10:15,0.030
03 Jul 2025 08:10:30,0.046
03 Jul 2025 08:11:00,0.019
03 Jul 2025 08:11:45,-0.011
03 Jul 2025 08:12:00,0.075
03 Jul 2025 08:12:15,0.026
03 Jul 2025 08:13:00,0.041
03 Jul 2025 08:13:30,0.075
03 Jul 2025 08:14:00,0.053
03 Jul 2025 08:14:45,0.000
03 Jul 2025 08:15:15,0.065
03 Jul 2025 08:15:45,0.038
03 Jul 2025 08:16:15,0.042
03 Jul 2025 08:16:30,0.049
03 Jul 2025 08:16:45,0.064
03 Jul 2025 08:17:15,0.025
03 Jul 2025 08:17:30,0.044
03 Jul 2025 08:17:45,0.061
03 Jul 2025 08:18:45,0.054
03 Jul 2025 08:19:45,0.071
03 Jul 2025 08:20:00,0.061
03 Jul 2025 08:20:30,0.060
03 Jul 2025 08:21:15,0.025
03 Jul 2025 08:21:45,0.034
03 Jul 2025 08:22:00,0.057
03 Jul 2025 08:22:30,0.049
03 Jul 2025 08:23:00,0.036
03 Jul 2025 08:23:30,0.022
03 Jul 2025 08:23:45,0.034
03 Jul 2025 08:24:00,0.045
03 Jul 2025 08:24:15,0.028
03 Jul 2025 08:25:30,0.022
03 Jul 2025 08:25:45,0.035
03 Jul 2025 08:26:00,0.057
03 Jul 2025 08:26:15,0.065
03 Jul 2025 08:26:45,0.085
03 Jul 2025 08:27:00,0.024
03 Jul 2025 08:27:15,0.049
03 Jul 2025 08:27:45,0.018
03 Jul 2025 08:28:15,0.036
03 Jul 2025 08:28:45,0.033
03 Jul 2025 08:29:30,0.046
03 Jul 2025 08:30:15,0.033
03 Jul 2025 08:30:30,0.038
03 Jul 2025 08:30:45,0.059
03 Jul 2025 08:31:00,0.076
03 Jul 2025 08:32:00,0.046
03 Jul 2025 08:32:15,0.074
03 Jul 2025 08:32:30,0.059
03 Jul 2025 08:32:45,0.063
03 Jul 2025 08:33:45,0.048
03 Jul 2025 08:34:15,0.063
03 Jul 2025 08:34:30,0.046
03 Jul 2025 08:35:00,0.070
03 Jul 2025 08:35:30,0.035
03 Jul 2025 08:36:00,0.057
03 Jul 2025 08:36:15,0.051
03 Jul 2025 08:37:00,0.051
03 Jul 2025 08:37:30,0.045
03 Jul 2025 08:37:45,0.055
03 Jul 2025 08:38:00,0.037
03 Jul 2025 08:38:30,0.054
03 Jul 2025 08:39:00,0.038
03 Jul 2025 08:40:00,0.054
03 Jul 2025 08:40:30,0.062
03 Jul 2025 08:41:00,0.055
03 Jul 2025 08:42:00,0.064
03 Jul 2025 08:43:00,0.039
03 Jul 2025 08:43:15,0.055
03 Jul 2025 08:43:30,0.062
03 Jul 2025 08:44:15,0.051
03 Jul 2025 08:44:45,0.057
03 Jul 2025 08:45:00,0.037
03 Jul 2025 08:45:15,0.042
03 Jul 2025 08:46:00,0.110
03 Jul 2025 08:46:15,0.029
03 Jul 2025 08:46:30,0.050
03 Jul 2025 08:47:00,-0.002
03 Jul 2025 08:48:00,0.104
03 Jul 2025 08:48:30,-0.010
03 Jul 2025 08:49:45,0.065
03 Jul 2025 08:50:00,0.067
03 Jul 2025 08:51:45,0.066
03 Jul 2025 08:52:00,0.057
03 Jul 2025 08:52:15,0.081
03 Jul 2025 08:52:45,0.017
03 Jul 2025 08:53:45,0.040
03 Jul 2025 08:54:00,0.085
03 Jul 2025 08:54:15,0.064
03 Jul 2025 08:54:30,0.058
03 Jul 2025 08:55:00,0.084
03 Jul 2025 08:55:45,0.047
03 Jul 2025 08:56:15,0.052
03 Jul 2025 08:56:45,0.085
03 Jul 2025 08:57:00,0.071
03 Jul 2025 08:57:15,0.074
03 Jul 2025 08:57:45,0.036
03 Jul 2025 08:58:15,0.053
03 Jul 2025 08:58:45,0.067
03 Jul 2025 08:59:00,0.054
03 Jul 2025 08:59:15,0.044
03 Jul 2025 09:00:00,0.045
03 Jul 2025 09:00:30,0.047
03 Jul 2025 09:01:30,0.066
03 Jul 2025 09:01:45,0.041
03 Jul 2025 09:02:15,0.076
03 Jul 2025 09:03:15,0.047
03 Jul 2025 09:03:30,0.009
03 Jul 2025 09:04:00,0.076
03 Jul 2025 09:04:15,0.085
03 Jul 2025 09:05:00,0.043
03 Jul 2025 09:05:30,0.054
03 Jul 2025 09:06:00,0.076
03 Jul 2025 09:06:15,0.111
03 Jul 2025 09:07:00,0.087
03 Jul 2025 09:07:15,0.040
03 Jul 2025 09:07:45,0.111
03 Jul 2025 09:08:00,0.060
03 Jul 2025 09:08:15,0.052
03 Jul 2025 09:08:30,0.043
03 Jul 2025 09:09:00,0.057
03 Jul 2025 09:09:15,0.075
03 Jul 2025 09:09:30,0.071
03 Jul 2025 09:10:00,0.048
03 Jul 2025 09:10:15,0.042
03 Jul 2025 09:10:30,0.044
03 Jul 2025 09:10:45,0.041
03 Jul 2025 09:11:00,0.057
03 Jul 2025 09:11:15,0.077
03 Jul 2025 09:11:45,0.052
03 Jul 2025 09:12:00,0.069
03 Jul 2025 09:12:45,0.065
03 Jul 2025 09:13:15,0.061
03 Jul 2025 09:14:00,0.091
03 Jul 2025 09:14:30,0.067
03 Jul 2025 09:14:45,0.074
03 Jul 2025 09:15:00,0.038
03 Jul 2025 09:15:15,0.059
03 Jul 2025 09:15:30,0.058
03 Jul 2025 09:15:45,0.090
03 Jul 2025 09:16:00,0.052
03 Jul 2025 09:16:15,0.042
03 Jul 2025 09:16:30,0.080
03 Jul 2025 09:16:45,0.081
03 Jul 2025 09:17:45,0.051
03 Jul 2025 09:18:00,0.051
03 Jul 2025 09:18:45,0.091
03 Jul 2025 09:19:45,0.061
03 Jul 2025 09:20:00,0.059
03 Jul 2025 09:20:45,0.052
03 Jul 2025 09:21:00,0.072
03 Jul 2025 09:21:30,0.027
03 Jul 2025 09:22:00,0.057
03 Jul 2025 09:22:15,0.074
03 Jul 2025 09:24:15,0.067
03 Jul 2025 09:24:45,0.049
03 Jul 2025 09:25:30,0.063
03 Jul 2025 09:26:00,0.044
03 Jul 2025 09:28:00,0.060
03 Jul 2025 09:29:00,0.076
03 Jul 2025 09:29:30,0.054
03 Jul 2025 09:29:45,0.070
03 Jul 2025 09:30:15,0.044
03 Jul 2025 09:31:30,0.072
03 Jul 2025 09:32:15,0.068
03 Jul 2025 09:32:30,0.078
03 Jul 2025 09:32:45,0.057
03 Jul 2025 09:33:30,0.081
03 Jul 2025 09:34:00,0.061
03 Jul 2025 09:35:00,0.081
03 Jul 2025 09:35:15,0.083
03 Jul 2025 09:35:45,0.096
03 Jul 2025 09:36:15,0.072
03 Jul 2025 09:36:30,0.085
03 Jul 2025 09:36:45,0.073
03 Jul 2025 09:38:00,0.072
03 Jul 2025 09:38:30,0.090
03 Jul 2025 09:39:00,0.058
03 Jul 2025 09:39:15,0.079
03 Jul 2025 09:39:30,0.059
03 Jul 2025 09:39:45,0.080
03 Jul 2025 09:40:00,0.081
03 Jul 2025 09:40:15,0.090
03 Jul 2025 09:40:30,0.108
03 Jul 2025 09:40:45,0.080
03 Jul 2025 09:41:00,0.081
03 Jul 2025 09:41:15,0.086
03 Jul 2025 09:41:45,0.049
03 Jul 2025 09:42:30,0.079
03 Jul 2025 09:42:45,0.087
03 Jul 2025 09:44:30,0.104
03 Jul 2025 09:45:15,0.073
03 Jul 2025 09:45:30,0.081
03 Jul 2025 09:45:45,0.049
03 Jul 2025 09:46:00,0.066
03 Jul 2025 09:46:45,0.083
03 Jul 2025 09:47:30,0.073
03 Jul 2025 09:48:15,0.071
03 Jul 2025 09:48:45,0.055
03 Jul 2025 09:49:00,0.045
03 Jul 2025 09:49:45,0.094
03 Jul 2025 09:50:15,0.047
03 Jul 2025 09:50:45,0.061
03 Jul 2025 09:51:15,0.078
03 Jul 2025 09:52:00,0.060
03 Jul 2025 09:52:30,0.054
03 Jul 2025 09:53:30,0.079
03 Jul 2025 09:54:00,0.086
03 Jul 2025 09:55:15,0.049
03 Jul 2025 09:55:30,0.071
03 Jul 2025 09:56:30,0.053
03 Jul 2025 09:56:45,0.101
03 Jul 2025 09:57:00,0.112
03 Jul 2025 09:58:00,0.094
03 Jul 2025 09:58:30,0.065
03 Jul 2025 09:58:45,0.089
03 Jul 2025 09:59:00,0.080
03 Jul 2025 09:59:30,0.082
03 Jul 2025 10:00:00,0.068
03 Jul 2025 10:00:15,0.078
03 Jul 2025 10:00:30,0.075
03 Jul 2025 10:00:45,0.055
03 Jul 2025 10:01:00,0.077
03 Jul 2025 10:01:30,0.102
03 Jul 2025 10:03:00,0.071
03 Jul 2025 10:03:15,0.096
03 Jul 2025 10:04:00,0.098
03 Jul 2025 10:04:15,0.079
03 Jul 2025 10:05:00,0.083
03 Jul 2025 10:05:30,0.057
03 Jul 2025 10:05:45,0.060
03 Jul 2025 10:06:30,0.066
03 Jul 2025 10:07:00,0.074
03 Jul 2025 10:08:15,0.109
03 Jul 2025 10:08:30,0.104
03 Jul 2025 10:09:00,0.015
03 Jul 2025 10:09:15,0.128
03 Jul 2025 10:09:30,0.058
03 Jul 2025 10:10:15,0.051
03 Jul 2025 10:10:30,0.082
03 Jul 2025 10:11:00,0.129
03 Jul 2025 10:11:15,0.085
03 Jul 2025 10:12:45,0.067
03 Jul 2025 10:13:15,0.098
03 Jul 2025 10:13:30,0.090
03 Jul 2025 10:14:00,0.105
03 Jul 2025 10:14:15,0.084
03 Jul 2025 10:14:30,0.079
03 Jul 2025 10:14:45,0.082
03 Jul 2025 10:15:15,0.071
03 Jul 2025 10:15:30,0.087
03 Jul 2025 10:16:00,0.099
03 Jul 2025 10:16:15,0.131
03 Jul 2025 10:17:15,0.104
03 Jul 2025 10:17:30,0.056
03 Jul 2025 10:17:45,0.094
03 Jul 2025 10:18:30,0.082
03 Jul 2025 10:19:00,0.136
03 Jul 2025 10:19:15,0.034
03 Jul 2025 10:19:45,0.051
03 Jul 2025 10:20:45,0.098
03 Jul 2025 10:21:30,0.074
03 Jul 2025 10:21:45,0.117
03 Jul 2025 10:23:15,0.047
03 Jul 2025 10:23:30,0.108
03 Jul 2025 10:23:45,0.077
03 Jul 2025 10:24:00,0.102
03 Jul 2025 10:24:15,0.103
03 Jul 2025 10:24:45,0.120
03 Jul 2025 10:25:00,0.075
03 Jul 2025 10:25:15,0.078
03 Jul 2025 10:25:30,0.106
03 Jul 2025 10:25:45,0.102
03 Jul 2025 10:26:00,0.090
03 Jul 2025 10:28:00,0.103
03 Jul 2025 10:28:30,0.096
03 Jul 2025 10:29:45,0.078
03 Jul 2025 10:30:15,0.129
03 Jul 2025 10:30:45,0.096
03 Jul 2025 10:31:00,0.095
03 Jul 2025 10:31:15,0.106
03 Jul 2025 10:32:15,0.122
03 Jul 2025 10:32:45,0.121
03 Jul 2025 10:33:00,0.093
03 Jul 2025 10:33:15,0.123
03 Jul 2025 10:33:30,0.110
03 Jul 2025 10:34:15,0.098
03 Jul 2025 10:35:00,0.108
03 Jul 2025 10:35:15,0.100
03 Jul 2025 10:35:30,0.102
03 Jul 2025 10:36:00,0.108
03 Jul 2025 10:36:15,0.101
03 Jul 2025 10:36:30,0.119
03 Jul 2025 10:36:45,0.125
03 Jul 2025 10:37:30,0.108
03 Jul 2025 10:38:15,0.100
03 Jul 2025 10:39:00,0.110
03 Jul 2025 10:39:30,0.116
03 Jul 2025 10:40:00,0.080
03 Jul 2025 10:40:15,0.107
03 Jul 2025 10:40:30,0.118
03 Jul 2025 10:41:30,0.103
03 Jul 2025 10:42:00,0.098
03 Jul 2025 10:42:45,0.108
03 Jul 2025 10:43:00,0.114
03 Jul 2025 10:43:15,0.111
03 Jul 2025 10:43:45,0.107
03 Jul 2025 10:44:00,0.108
03 Jul 2025 10:45:15,0.107
03 Jul 2025 10:47:00,0.091
03 Jul 2025 10:48:00,0.100
03 Jul 2025 10:48:30,0.077
03 Jul 2025 10:50:15,0.122
03 Jul 2025 10:50:30,0.073
03 Jul 2025 10:50:45,0.085
03 Jul 2025 10:51:15,0.108
03 Jul 2025 10:51:30,0.140
03 Jul 2025 10:52:00,0.118
03 Jul 2025 10:52:15,0.102
03 Jul 2025 10:52:45,0.139
03 Jul 2025 10:53:00,0.095
03 Jul 2025 10:53:15,0.084
03 Jul 2025 10:53:30,0.095
03 Jul 2025 10:53:45,0.126
03 Jul 2025 10:54:15,0.113
03 Jul 2025 10:55:00,0.094
03 Jul 2025 10:55:45,0.117
03 Jul 2025 10:56:00,0.101
03 Jul 2025 10:56:15,0.080
03 Jul 2025 10:56:30,0.096
03 Jul 2025 10:57:00,0.126
03 Jul 2025 10:57:30,0.087
03 Jul 2025 10:57:45,0.104
03 Jul 2025 10:59:00,0.102
03 Jul 2025 10:59:15,0.129
03 Jul 2025 10:59:30,0.111
03 Jul 2025 11:00:00,0.116
03 Jul 2025 11:00:30,0.109
03 Jul 2025 11:00:45,0.131
03 Jul 2025 11:01:45,0.120
03 Jul 2025 11:02:15,0.104
03 Jul 2025 11:02:30,0.107
03 Jul 2025 11:03:15,0.105
03 Jul 2025 11:03:30,0.110
03 Jul 2025 11:04:45,0.078
03 Jul 2025 11:05:30,0.114
03 Jul 2025 11:05:45,0.064
03 Jul 2025 11:06:00,0.120
03 Jul 2025 11:06:45,0.084
03 Jul 2025 11:07:30,0.128
03 Jul 2025 11:07:45,0.100
03 Jul 2025 11:08:15,0.134
03 Jul 2025 11:08:30,0.104
03 Jul 2025 11:08:45,0.151
03 Jul 2025 11:09:00,0.109
03 Jul 2025 11:09:45,0.116
03 Jul 2025 11:10:00,0.124
03 Jul 2025 11:10:15,0.067
03 Jul 2025 11:11:30,0.104
03 Jul 2025 11:11:45,0.128
03 Jul 2025 11:12:30,0.086
03 Jul 2025 11:12:45,0.098
03 Jul 2025 11:13:45,0.137
03 Jul 2025 11:14:00,0.093
03 Jul 2025 11:14:15,0.135
03 Jul 2025 11:14:45,0.108
03 Jul 2025 11:15:15,0.104
03 Jul 2025 11:15:45,0.101
03 Jul 2025 11:16:00,0.115
03 Jul 2025 11:16:30,0.107
03 Jul 2025 11:16:45,0.124
03 Jul 2025 11:18:30,0.108
03 Jul 2025 11:18:45,0.071
03 Jul 2025 11:20:00,0.120
03 Jul 2025 11:20:15,0.115
03 Jul 2025 11:20:30,0.126
03 Jul 2025 11:20:45,0.116
03 Jul 2025 11:21:00,0.126
03 Jul 2025 11:21:15,0.152
03 Jul 2025 11:21:30,0.104
03 Jul 2025 11:23:00,0.121
03 Jul 2025 11:23:15,0.128
03 Jul 2025 11:23:30,0.152
03 Jul 2025 11:24:00,0.127
03 Jul 2025 11:24:30,0.097
03 Jul 2025 11:25:00,0.100
03 Jul 2025 11:25:15,0.136
03 Jul 2025 11:25:30,0.107
03 Jul 2025 11:25:45,0.107
03 Jul 2025 11:26:30,0.096
03 Jul 2025 11:26:45,0.142
03 Jul 2025 11:27:00,0.115
03 Jul 2025 11:27:15,0.105
03 Jul 2025 11:27:45,0.078
03 Jul 2025 11:28:00,0.110
03 Jul 2025 11:29:30,0.108
03 Jul 2025 11:29:45,0.122
03 Jul 2025 11:30:00,0.115
03 Jul 2025 11:31:00,0.118
03 Jul 2025 11:31:15,0.095
03 Jul 2025 11:31:30,0.133
03 Jul 2025 11:32:00,0.121
03 Jul 2025 11:32:15,0.108
03 Jul 2025 11:33:00,0.098
03 Jul 2025 11:33:15,0.120
03 Jul 2025 11:33:30,0.149
03 Jul 2025 11:33:45,0.120
03 Jul 2025 11:34:15,0.162
03 Jul 2025 11:34:45,0.113
03 Jul 2025 11:35:15,0.110
03 Jul 2025 11:35:30,0.093
03 Jul 2025 11:35:45,0.130
03 Jul 2025 11:36:15,0.100
03 Jul 2025 11:36:30,0.098
03 Jul 2025 11:37:00,0.130
03 Jul 2025 11:37:15,0.085
03 Jul 2025 11:37:30,0.126
03 Jul 2025 11:37:45,0.123
03 Jul 2025 11:38:00,0.120
03 Jul 2025 11:38:30,0.119
03 Jul 2025 11:39:00,0.109
03 Jul 2025 11:39:15,0.132
03 Jul 2025 11:39:30,0.118
03 Jul 2025 11:40:15,0.146
03 Jul 2025 11:41:00,0.093
03 Jul 2025 11:41:45,0.133
03 Jul 2025 11:42:00,0.100
03 Jul 2025 11:42:15,0.129
03 Jul 2025 11:42:30,0.166
03 Jul 2025 11:43:30,0.141
03 Jul 2025 11:43:45,0.139
03 Jul 2025 11:44:15,0.122
03 Jul 2025 11:44:45,0.108
03 Jul 2025 11:45:45,0.121
03 Jul 2025 11:46:15,0.106
03 Jul 2025 11:47:00,0.118
03 Jul 2025 11:48:30,0.130
03 Jul 2025 11:49:15,0.129
03 Jul 2025 11:49:45,0.124
03 Jul 2025 11:50:15,0.115
03 Jul 2025 11:51:00,0.132
03 Jul 2025 11:51:45,0.126
03 Jul 2025 11:52:15,0.156
03 Jul 2025 11:52:30,0.119
03 Jul 2025 11:52:45,0.128
03 Jul 2025 11:53:00,0.131
03 Jul 2025 11:53:15,0.156
03 Jul 2025 11:54:00,0.147
03 Jul 2025 11:54:15,0.019
03 Jul 2025 11:54:30,0.124
03 Jul 2025 11:55:00,0.096
03 Jul 2025 11:55:15,0.132
03 Jul 2025 11:55:45,0.132
03 Jul 2025 11:56:00,0.157
03 Jul 2025 11:56:45,0.111
03 Jul 2025 11:57:45,0.150
03 Jul 2025 11:58:00,0.116
03 Jul 2025 11:58:15,0.124
03 Jul 2025 11:59:00,0.168
03 Jul 2025 11:59:30,0.151
03 Jul 2025 12:00:00,0.130
03 Jul 2025 12:01:15,0.141
03 Jul 2025 12:01:30,0.149
03 Jul 2025 12:01:45,0.128
03 Jul 2025 12:02:30,0.123
03 Jul 2025 12:02:45,0.116
03 Jul 2025 12:04:15,0.130
03 Jul 2025 12:04:45,0.131
03 Jul 2025 12:05:15,0.147
03 Jul 2025 12:05:45,0.132
03 Jul 2025 12:06:00,0.122
03 Jul 2025 12:06:30,0.124
03 Jul 2025 12:07:30,0.139
03 Jul 2025 12:08:00,0.140
03 Jul 2025 12:08:45,0.118
03 Jul 2025 12:09:00,0.095
03 Jul 2025 12:09:30,0.120
03 Jul 2025 12:10:15,0.126
03 Jul 2025 12:10:30,0.152
03 Jul 2025 12:11:30,0.120
03 Jul 2025 12:12:00,0.083
03 Jul 2025 12:13:00,0.151
03 Jul 2025 12:13:15,0.146
03 Jul 2025 12:13:30,0.143
03 Jul 2025 12:14:00,0.096
03 Jul 2025 12:14:15,0.145
03 Jul 2025 12:14:45,0.130
03 Jul 2025 12:15:15,0.116
03 Jul 2025 12:15:30,0.120
03 Jul 2025 12:16:00,0.132
03 Jul 2025 12:16:15,0.130
03 Jul 2025 12:17:15,0.136
03 Jul 2025 12:18:15,0.144
03 Jul 2025 12:18:30,0.135
03 Jul 2025 12:19:15,0.152
03 Jul 2025 12:19:30,0.150
03 Jul 2025 12:20:00,0.131
03 Jul 2025 12:20:15,0.143
03 Jul 2025 12:20:45,0.135
03 Jul 2025 12:21:00,0.143
03 Jul 2025 12:21:15,0.122
03 Jul 2025 12:22:15,0.138
03 Jul 2025 12:22:30,0.117
03 Jul 2025 12:23:00,0.134
03 Jul 2025 12:23:15,0.137
03 Jul 2025 12:23:30,0.131
03 Jul 2025 12:24:45,0.104
03 Jul 2025 12:25:00,0.139
03 Jul 2025 12:25:30,0.112
03 Jul 2025 12:26:00,0.109
03 Jul 2025 12:26:15,0.113
03 Jul 2025 12:26:45,0.118
03 Jul 2025 12:27:00,0.134
03 Jul 2025 12:27:15,0.152
03 Jul 2025 12:28:00,0.135
03 Jul 2025 12:28:15,0.146
03 Jul 2025 12:28:45,0.107
03 Jul 2025 12:29:15,0.122
03 Jul 2025 12:29:30,0.160
03 Jul 2025 12:30:00,0.146
03 Jul 2025 12:30:15,0.144
03 Jul 2025 12:30:30,0.133
03 Jul 2025 12:31:00,0.105
03 Jul 2025 12:31:30,0.115
03 Jul 2025 12:31:45,0.144
03 Jul 2025 12:32:00,0.130
03 Jul 2025 12:32:30,0.134
03 Jul 2025 12:33:30,0.130
03 Jul 2025 12:33:45,0.137
03 Jul 2025 12:34:30,0.148
03 Jul 2025 12:35:15,0.146
03 Jul 2025 12:35:30,0.129
03 Jul 2025 12:36:15,0.133
03 Jul 2025 12:36:45,0.144
03 Jul 2025 12:37:00,0.120
03 Jul 2025 12:37:15,0.169
03 Jul 2025 12:37:30,0.138
03 Jul 2025 12:37:45,0.125
03 Jul 2025 12:38:00,0.130
03 Jul 2025 12:38:30,0.148
03 Jul 2025 12:39:45,0.125
03 Jul 2025 12:40:00,0.101
03 Jul 2025 12:40:15,0.118
03 Jul 2025 12:40:30,0.128
03 Jul 2025 12:41:00,0.136
03 Jul 2025 12:42:00,0.141
03 Jul 2025 12:42:30,0.124
03 Jul 2025 12:42:45,0.142
03 Jul 2025 12:43:00,0.116
03 Jul 2025 12:43:45,0.148
03 Jul 2025 12:44:45,0.112
03 Jul 2025 12:45:00,0.127
03 Jul 2025 12:45:45,0.127
03 Jul 2025 12:46:15,0.133
03 Jul 2025 12:46:30,0.149
03 Jul 2025 12:46:45,0.122
03 Jul 2025 12:47:15,0.107
03 Jul 2025 12:47:30,0.129
03 Jul 2025 12:47:45,0.133
03 Jul 2025 12:48:00,0.132
03 Jul 2025 12:48:30,0.163
03 Jul 2025 12:50:15,0.147
03 Jul 2025 12:50:30,0.122
03 Jul 2025 12:50:45,0.141
03 Jul 2025 12:51:15,0.136
03 Jul 2025 12:51:45,0.123
03 Jul 2025 12:52:30,0.133
03 Jul 2025 12:54:30,0.127
03 Jul 2025 12:54:45,0.149
03 Jul 2025 12:55:00,0.143
03 Jul 2025 12:55:30,0.156
03 Jul 2025 12:55:45,0.155
03 Jul 2025 12:56:30,0.138
03 Jul 2025 12:57:00,0.146
03 Jul 2025 12:57:15,0.142
03 Jul 2025 12:58:00,0.146
03 Jul 2025 12:59:00,0.146
03 Jul 2025 12:59:30,0.140
03 Jul 2025 13:00:15,0.140
03 Jul 2025 13:00:30,0.159
03 Jul 2025 13:01:30,0.143
03 Jul 2025 13:01:45,0.146
03 Jul 2025 13:02:30,0.137
03 Jul 2025 13:02:45,0.160
03 Jul 2025 13:03:00,0.138
03 Jul 2025 13:03:15,0.148
03 Jul 2025 13:03:45,0.144
03 Jul 2025 13:04:00,0.146
03 Jul 2025 13:04:15,0.133
03 Jul 2025 13:04:30,0.143
03 Jul 2025 13:04:45,0.135
03 Jul 2025 13:05:00,0.125
03 Jul 2025 13:05:15,0.142
03 Jul 2025 13:05:45,0.119
03 Jul 2025 13:06:15,0.146
03 Jul 2025 13:06:30,0.128
03 Jul 2025 13:07:00,0.126
03 Jul 2025 13:07:15,0.168
03 Jul 2025 13:07:45,0.131
03 Jul 2025 13:08:00,0.127
03 Jul 2025 13:08:45,0.146
03 Jul 2025 13:09:00,0.137
03 Jul 2025 13:09:45,0.154
03 Jul 2025 13:10:00,0.129
03 Jul 2025 13:10:15,0.127
03 Jul 2025 13:10:45,0.136
03 Jul 2025 13:11:00,0.135
03 Jul 2025 13:11:15,0.144
03 Jul 2025 13:11:45,0.158
03 Jul 2025 13:12:30,0.151
03 Jul 2025 13:13:15,0.155
03 Jul 2025 13:13:30,0.140
03 Jul 2025 13:13:45,0.153
03 Jul 2025 13:14:15,0.134
03 Jul 2025 13:14:30,0.144
03 Jul 2025 13:15:00,0.143
03 Jul 2025 13:15:45,0.143
03 Jul 2025 13:16:15,0.142
03 Jul 2025 13:16:30,0.149
03 Jul 2025 13:17:15,0.142
03 Jul 2025 13:17:45,0.144
03 Jul 2025 13:18:15,0.155
03 Jul 2025 13:18:30,0.162
03 Jul 2025 13:18:45,0.177
03 Jul 2025 13:19:00,0.107
03 Jul 2025 13:19:15,0.129
03 Jul 2025 13:20:00,0.141
03 Jul 2025 13:20:15,0.164
03 Jul 2025 13:20:45,0.128
03 Jul 2025 13:21:15,0.158
03 Jul 2025 13:21:45,0.169
03 Jul 2025 13:22:15,0.134
03 Jul 2025 13:22:30,0.127
03 Jul 2025 13:22:45,0.144
03 Jul 2025 13:23:00,0.172
03 Jul 2025 13:24:00,0.139
03 Jul 2025 13:24:30,0.147
03 Jul 2025 13:24:45,0.143
03 Jul 2025 13:25:00,0.170
03 Jul 2025 13:25:15,0.145
03 Jul 2025 13:25:45,0.123
03 Jul 2025 13:26:00,0.156
03 Jul 2025 13:26:15,0.130
03 Jul 2025 13:26:30,0.143
03 Jul 2025 13:26:45,0.141
03 Jul 2025 13:27:15,0.128
03 Jul 2025 13:27:45,0.157
03 Jul 2025 13:28:30,0.145
03 Jul 2025 13:29:00,0.138
03 Jul 2025 13:29:15,0.170
03 Jul 2025 13:30:15,0.137
03 Jul 2025 13:30:30,0.130
03 Jul 2025 13:31:30,0.167
03 Jul 2025 13:32:00,0.168
03 Jul 2025 13:32:15,0.167
03 Jul 2025 13:33:45,0.132
03 Jul 2025 13:34:45,0.134
03 Jul 2025 13:36:15,0.150
03 Jul 2025 13:36:30,0.155
03 Jul 2025 13:37:00,0.154
03 Jul 2025 13:37:30,0.161
03 Jul 2025 13:38:45,0.157
03 Jul 2025 13:39:00,0.144
03 Jul 2025 13:39:30,0.114
03 Jul 2025 13:39:45,0.141
03 Jul 2025 13:40:30,0.133
03 Jul 2025 13:40:45,0.145
03 Jul 2025 13:41:00,0.162
03 Jul 2025 13:41:15,0.150
03 Jul 2025 13:41:45,0.166
03 Jul 2025 13:42:00,0.125
03 Jul 2025 13:42:30,0.146
03 Jul 2025 13:42:45,0.126
03 Jul 2025 13:43:00,0.156
03 Jul 2025 13:43:30,0.127
03 Jul 2025 13:43:45,0.131
03 Jul 2025 13:44:30,0.168
03 Jul 2025 13:45:30,0.156
03 Jul 2025 13:45:45,0.122
03 Jul 2025 13:46:15,0.168
03 Jul 2025 13:46:30,0.155
03 Jul 2025 13:47:00,0.133
03 Jul 2025 13:47:30,0.142
03 Jul 2025 13:47:45,0.140
03 Jul 2025 13:48:15,0.162
03 Jul 2025 13:49:30,0.176
03 Jul 2025 13:51:00,0.134
03 Jul 2025 13:51:30,0.144
03 Jul 2025 13:51:45,0.147
03 Jul 2025 13:52:00,0.146
03 Jul 2025 13:52:15,0.152
03 Jul 2025 13:52:30,0.148
03 Jul 2025 13:52:45,0.147
03 Jul 2025 13:53:00,0.161
03 Jul 2025 13:53:15,0.150
03 Jul 2025 13:53:30,0.130
03 Jul 2025 13:54:45,0.160
03 Jul 2025 13:55:15,0.149
03 Jul 2025 13:55:45,0.147
03 Jul 2025 13:56:45,0.159
03 Jul 2025 13:57:15,0.164
03 Jul 2025 13:58:00,0.155
03 Jul 2025 13:58:45,0.142
03 Jul 2025 13:59:00,0.163
03 Jul 2025 13:59:45,0.127
03 Jul 2025 14:00:00,0.132
03 Jul 2025 14:00:15,0.130
03 Jul 2025 14:01:00,0.156
03 Jul 2025 14:01:30,0.158
03 Jul 2025 14:03:00,0.141
03 Jul 2025 14:03:15,0.140
03 Jul 2025 14:03:30,0.135
03 Jul 2025 14:03:45,0.136
03 Jul 2025 14:04:00,0.139
03 Jul 2025 14:04:15,0.136
03 Jul 2025 14:04:30,0.142
03 Jul 2025 14:05:00,0.149
03 Jul 2025 14:05:15,0.145
03 Jul 2025 14:06:15,0.145
03 Jul 2025 14:06:30,0.086
03 Jul 2025 14:06:45,0.156
03 Jul 2025 14:07:00,0.149
03 Jul 2025 14:07:15,0.118
03 Jul 2025 14:08:00,0.138
03 Jul 2025 14:09:00,0.143
03 Jul 2025 14:09:15,0.144
03 Jul 2025 14:10:15,0.165
03 Jul 2025 14:10:30,0.145
03 Jul 2025 14:12:15,0.132
03 Jul 2025 14:13:00,0.126
03 Jul 2025 14:13:15,0.130
03 Jul 2025 14:13:30,0.145
03 Jul 2025 14:13:45,0.155
03 Jul 2025 14:14:00,0.150
03 Jul 2025 14:14:30,0.146
03 Jul 2025 14:14:45,0.138
03 Jul 2025 14:15:15,0.141
03 Jul 2025 14:15:30,0.140
03 Jul 2025 14:15:45,0.137
03 Jul 2025 14:16:15,0.147
03 Jul 2025 14:16:45,0.120
03 Jul 2025 14:17:00,0.170
03 Jul 2025 14:18:45,0.157
03 Jul 2025 14:19:00,0.161
03 Jul 2025 14:19:15,0.139
03 Jul 2025 14:20:00,0.135
03 Jul 2025 14:20:15,0.159
03 Jul 2025 14:20:30,0.139
03 Jul 2025 14:21:00,0.131
03 Jul 2025 14:21:15,0.142
03 Jul 2025 14:22:00,0.138
03 Jul 2025 14:22:15,0.144
03 Jul 2025 14:22:30,0.103
03 Jul 2025 14:22:45,0.150
03 Jul 2025 14:23:00,0.205
03 Jul 2025 14:23:45,0.129
03 Jul 2025 14:25:45,0.159
03 Jul 2025 14:26:15,0.144
03 Jul 2025 14:26:30,0.125
03 Jul 2025 14:26:45,0.143
03 Jul 2025 14:27:00,0.116
03 Jul 2025 14:27:15,0.099
03 Jul 2025 14:27:45,0.138
03 Jul 2025 14:29:00,0.152
03 Jul 2025 14:29:15,0.168
03 Jul 2025 14:30:15,0.126
03 Jul 2025 14:30:45,0.141
03 Jul 2025 14:31:00,0.115
03 Jul 2025 14:31:15,0.125
03 Jul 2025 14:31:30,0.183
03 Jul 2025 14:32:00,0.138
03 Jul 2025 14:32:30,0.165
03 Jul 2025 14:32:45,0.128
03 Jul 2025 14:33:00,0.136
03 Jul 2025 14:33:15,0.143
03 Jul 2025 14:33:45,0.138
03 Jul 2025 14:34:00,0.115
03 Jul 2025 14:34:45,0.102
03 Jul 2025 14:35:15,0.152
03 Jul 2025 14:35:30,0.142
03 Jul 2025 14:37:15,0.129
03 Jul 2025 14:37:30,0.131
03 Jul 2025 14:38:15,0.122
03 Jul 2025 14:38:30,0.116
03 Jul 2025 14:39:00,0.111
03 Jul 2025 14:39:15,0.139
03 Jul 2025 14:40:00,0.154
03 Jul 2025 14:40:15,0.143
03 Jul 2025 14:41:00,0.157
03 Jul 2025 14:41:15,0.132
03 Jul 2025 14:41:30,0.132
03 Jul 2025 14:41:45,0.171
03 Jul 2025 14:42:30,0.172
03 Jul 2025 14:43:15,0.138
03 Jul 2025 14:44:15,0.132
03 Jul 2025 14:44:45,0.137
03 Jul 2025 14:45:00,0.136
03 Jul 2025 14:46:00,0.129
03 Jul 2025 14:46:30,0.153
03 Jul 2025 14:46:45,0.167
03 Jul 2025 14:47:00,0.164
03 Jul 2025 14:47:30,0.149
03 Jul 2025 14:47:45,0.142
03 Jul 2025 14:48:00,0.142
03 Jul 2025 14:48:30,0.147
03 Jul 2025 14:49:15,0.133
03 Jul 2025 14:49:45,0.130
03 Jul 2025 14:50:00,0.178
03 Jul 2025 14:50:45,0.129
03 Jul 2025 14:51:00,0.146
03 Jul 2025 14:51:15,0.138
03 Jul 2025 14:51:45,0.128
03 Jul 2025 14:52:00,0.135
03 Jul 2025 14:52:45,0.143
03 Jul 2025 14:53:30,0.129
03 Jul 2025 14:53:45,0.146
03 Jul 2025 14:54:00,0.119
03 Jul 2025 14:54:15,0.146
03 Jul 2025 14:54:30,0.147
03 Jul 2025 14:55:00,0.148
03 Jul 2025 14:55:15,0.143
03 Jul 2025 14:56:00,0.151
03 Jul 2025 14:56:30,0.126
03 Jul 2025 14:57:15,0.139
03 Jul 2025 14:57:30,0.160
03 Jul 2025 14:57:45,0.174
03 Jul 2025 14:58:00,0.129
03 Jul 2025 14:58:45,0.138
03 Jul 2025 14:59:15,0.136
03 Jul 2025 14:59:45,0.126
03 Jul 2025 15:00:00,0.128
03 Jul 2025 15:01:15,0.145
03 Jul 2025 15:01:45,0.158
03 Jul 2025 15:02:00,0.144
03 Jul 2025 15:02:15,0.106
03 Jul 2025 15:03:00,0.158
03 Jul 2025 15:04:00,0.143
03 Jul 2025 15:04:30,0.165
03 Jul 2025 15:05:00,0.135
03 Jul 2025 15:05:15,0.162
03 Jul 2025 15:06:30,0.149
03 Jul 2025 15:07:00,0.148
03 Jul 2025 15:07:15,0.118
03 Jul 2025 15:08:00,0.136
03 Jul 2025 15:08:45,0.125
03 Jul 2025 15:09:15,0.159
03 Jul 2025 15:10:00,0.159
03 Jul 2025 15:11:30,0.151
03 Jul 2025 15:11:45,0.111
03 Jul 2025 15:12:00,0.147
03 Jul 2025 15:12:15,0.119
03 Jul 2025 15:12:30,0.113
03 Jul 2025 15:12:45,0.140
03 Jul 2025 15:13:15,0.119
03 Jul 2025 15:13:30,0.146
03 Jul 2025 15:14:00,0.163
03 Jul 2025 15:14:30,0.140
03 Jul 2025 15:14:45,0.143
03 Jul 2025 15:15:15,0.152
03 Jul 2025 15:15:30,0.140
03 Jul 2025 15:16:00,0.110
03 Jul 2025 15:16:45,0.134
03 Jul 2025 15:17:15,0.113
03 Jul 2025 15:18:30,0.121
03 Jul 2025 15:18:45,0.159
03 Jul 2025 15:19:15,0.107
03 Jul 2025 15:19:45,0.122
03 Jul 2025 15:20:00,0.118
03 Jul 2025 15:20:15,0.142
03 Jul 2025 15:20:30,0.121
03 Jul 2025 15:21:45,0.104
03 Jul 2025 15:22:00,0.145
03 Jul 2025 15:22:30,0.147
03 Jul 2025 15:23:15,0.131
03 Jul 2025 15:23:30,0.122
03 Jul 2025 15:23:45,0.123
03 Jul 2025 15:24:00,0.125
03 Jul 2025 15:24:15,0.128
03 Jul 2025 15:24:30,0.132
03 Jul 2025 15:24:45,0.144
03 Jul 2025 15:25:00,0.115
03 Jul 2025 15:25:15,0.151
03 Jul 2025 15:25:30,0.139
03 Jul 2025 15:25:45,0.127
03 Jul 2025 15:26:15,0.108
03 Jul 2025 15:27:00,0.184
03 Jul 2025 15:28:00,0.125
03 Jul 2025 15:28:30,0.117
03 Jul 2025 15:29:00,0.130
03 Jul 2025 15:29:15,0.110
03 Jul 2025 15:29:30,0.144
03 Jul 2025 15:29:45,0.127
03 Jul 2025 15:30:15,0.123
03 Jul 2025 15:30:30,0.115
03 Jul 2025 15:31:00,0.149
03 Jul 2025 15:31:15,0.137
03 Jul 2025 15:31:30,0.151
03 Jul 2025 15:31:45,0.144
03 Jul 2025 15:32:00,0.145
03 Jul 2025 15:32:15,0.123
03 Jul 2025 15:32:30,0.130
03 Jul 2025 15:33:30,0.157
03 Jul 2025 15:34:15,0.151
03 Jul 2025 15:34:45,0.129
03 Jul 2025 15:35:15,0.126
03 Jul 2025 15:36:00,0.138
03 Jul 2025 15:36:15,0.125
03 Jul 2025 15:36:45,0.120
03 Jul 2025 15:37:00,0.133
03 Jul 2025 15:37:30,0.154
03 Jul 2025 15:38:00,0.116
03 Jul 2025 15:38:15,0.139
03 Jul 2025 15:39:15,0.123
03 Jul 2025 15:39:30,0.097
03 Jul 2025 15:40:30,0.130
03 Jul 2025 15:40:45,0.144
03 Jul 2025 15:41:00,0.145
03 Jul 2025 15:41:45,0.125
03 Jul 2025 15:42:00,0.125
03 Jul 2025 15:42:45,0.290
03 Jul 2025 15:43:00,0.192
03 Jul 2025 15:43:15,0.115
03 Jul 2025 15:43:45,0.179
03 Jul 2025 15:44:30,0.095
03 Jul 2025 15:45:00,0.149
03 Jul 2025 15:45:15,0.113
03 Jul 2025 15:45:45,0.140
03 Jul 2025 15:46:15,0.145
03 Jul 2025 15:47:15,0.164
03 Jul 2025 15:47:45,0.131
03 Jul 2025 15:48:00,0.161
03 Jul 2025 15:48:45,0.136
03 Jul 2025 15:49:15,0.139
03 Jul 2025 15:50:15,0.113
03 Jul 2025 15:50:30,0.144
03 Jul 2025 15:51:30,0.144
03 Jul 2025 15:51:45,0.098
03 Jul 2025 15:53:00,0.149
03 Jul 2025 15:53:30,0.092
03 Jul 2025 15:53:45,0.151
03 Jul 2025 15:54:15,0.102
03 Jul 2025 15:54:45,0.130
03 Jul 2025 15:56:00,0.142
03 Jul 2025 15:56:15,0.124
03 Jul 2025 15:56:45,0.140
03 Jul 2025 15:57:00,0.144
03 Jul 2025 15:57:15,0.144
03 Jul 2025 15:57:45,0.125
03 Jul 2025 15:58:15,0.163
03 Jul 2025 15:58:30,0.137
03 Jul 2025 15:58:45,0.102
03 Jul 2025 15:59:00,0.111
03 Jul 2025 15:59:30,0.152
03 Jul 2025 16:00:00,0.147
03 Jul 2025 16:01:00,0.148
03 Jul 2025 16:01:30,0.143
03 Jul 2025 16:01:45,0.139
03 Jul 2025 16:02:45,0.143
03 Jul 2025 16:03:00,0.143
03 Jul 2025 16:03:15,0.136
03 Jul 2025 16:03:30,0.127
03 Jul 2025 16:03:45,0.127
03 Jul 2025 16:04:00,0.119
03 Jul 2025 16:04:15,0.118
03 Jul 2025 16:04:30,0.165
03 Jul 2025 16:05:00,0.136
03 Jul 2025 16:05:45,0.114
03 Jul 2025 16:06:00,0.156
03 Jul 2025 16:06:15,0.128
03 Jul 2025 16:06:30,0.158
03 Jul 2025 16:06:45,0.095
03 Jul 2025 16:07:00,0.123
03 Jul 2025 16:07:45,0.101
03 Jul 2025 16:08:30,0.106
03 Jul 2025 16:09:00,0.127
03 Jul 2025 16:09:15,0.123
03 Jul 2025 16:09:45,0.153
03 Jul 2025 16:10:00,0.113
03 Jul 2025 16:10:30,0.140
03 Jul 2025 16:11:45,0.111
03 Jul 2025 16:12:15,0.156
03 Jul 2025 16:12:30,0.126
03 Jul 2025 16:12:45,0.152
03 Jul 2025 16:13:15,0.103
03 Jul 2025 16:13:30,0.135
03 Jul 2025 16:13:45,0.120
03 Jul 2025 16:14:00,0.088
03 Jul 2025 16:14:45,0.138
03 Jul 2025 16:15:00,0.151
03 Jul 2025 16:15:15,0.122
03 Jul 2025 16:15:30,0.126
03 Jul 2025 16:15:45,0.143
03 Jul 2025 16:16:45,0.114
03 Jul 2025 16:17:15,0.129
03 Jul 2025 16:18:45,0.103
03 Jul 2025 16:19:00,0.122
03 Jul 2025 16:21:00,0.121
03 Jul 2025 16:22:00,0.116
03 Jul 2025 16:22:45,0.117
03 Jul 2025 16:23:00,0.100
03 Jul 2025 16:23:15,0.149
03 Jul 2025 16:24:15,0.112
03 Jul 2025 16:24:45,0.151
03 Jul 2025 16:25:00,0.151
03 Jul 2025 16:26:00,0.181
03 Jul 2025 16:26:45,0.124
03 Jul 2025 16:27:00,0.152
03 Jul 2025 16:27:15,0.134
03 Jul 2025 16:28:00,0.124
03 Jul 2025 16:28:45,0.132
03 Jul 2025 16:29:30,0.126
03 Jul 2025 16:30:30,0.139
03 Jul 2025 16:30:45,0.099
03 Jul 2025 16:31:30,0.184
03 Jul 2025 16:32:15,0.103
03 Jul 2025 16:32:30,0.111
03 Jul 2025 16:33:00,0.104
03 Jul 2025 16:34:00,0.145
03 Jul 2025 16:34:15,0.104
03 Jul 2025 16:34:30,0.123
03 Jul 2025 16:35:30,0.133
03 Jul 2025 16:37:00,0.132
03 Jul 2025 16:37:15,0.121
03 Jul 2025 16:37:30,0.111
03 Jul 2025 16:38:30,0.096
03 Jul 2025 16:38:45,0.123
03 Jul 2025 16:39:00,0.095
03 Jul 2025 16:39:15,0.107
03 Jul 2025 16:39:30,0.141
03 Jul 2025 16:40:15,0.124
03 Jul 2025 16:40:45,0.126
03 Jul 2025 16:41:45,0.128
03 Jul 2025 16:42:00,0.140
03 Jul 2025 16:42:30,0.109
03 Jul 2025 16:42:45,0.082
03 Jul 2025 16:43:30,0.096
03 Jul 2025 16:43:45,0.106
03 Jul 2025 16:45:00,0.093
03 Jul 2025 16:45:15,0.105
03 Jul 2025 16:45:30,0.087
03 Jul 2025 16:45:45,0.107
03 Jul 2025 16:46:00,0.133
03 Jul 2025 16:46:30,0.100
03 Jul 2025 16:47:30,0.133
03 Jul 2025 16:47:45,0.106
03 Jul 2025 16:48:30,0.127
03 Jul 2025 16:49:00,0.108
03 Jul 2025 16:49:15,0.099
03 Jul 2025 16:49:45,0.070
03 Jul 2025 16:50:00,0.108
03 Jul 2025 16:50:15,0.113
03 Jul 2025 16:50:45,0.112
03 Jul 2025 16:51:00,0.118
03 Jul 2025 16:51:30,0.107
03 Jul 2025 16:52:00,0.123
03 Jul 2025 16:52:30,0.141
03 Jul 2025 16:53:00,0.092
03 Jul 2025 16:53:15,0.084
03 Jul 2025 16:53:30,0.119
03 Jul 2025 16:54:00,0.067
03 Jul 2025 16:54:30,0.098
03 Jul 2025 16:55:00,0.139
03 Jul 2025 16:55:30,0.099
03 Jul 2025 16:55:45,0.100
03 Jul 2025 16:56:00,0.117
03 Jul 2025 16:56:30,0.072
03 Jul 2025 16:56:45,0.080
03 Jul 2025 16:57:45,0.096
03 Jul 2025 16:59:15,0.121
03 Jul 2025 16:59:45,0.120
03 Jul 2025 17:00:15,0.140
03 Jul 2025 17:00:45,0.110
03 Jul 2025 17:01:15,0.105
03 Jul 2025 17:01:45,0.093
03 Jul 2025 17:02:00,0.059
03 Jul 2025 17:02:15,0.075
03 Jul 2025 17:02:30,0.125
03 Jul 2025 17:03:00,0.117
03 Jul 2025 17:03:45,0.138
03 Jul 2025 17:04:00,0.090
03 Jul 2025 17:04:30,0.099
03 Jul 2025 17:05:00,0.102
03 Jul 2025 17:05:30,0.098
03 Jul 2025 17:05:45,0.096
03 Jul 2025 17:06:15,0.090
03 Jul 2025 17:06:45,0.116
03 Jul 2025 17:07:00,0.100
03 Jul 2025 17:07:30,0.114
03 Jul 2025 17:08:30,0.063
03 Jul 2025 17:09:00,0.097
03 Jul 2025 17:09:15,0.089
03 Jul 2025 17:09:30,0.101
03 Jul 2025 17:10:00,0.102
03 Jul 2025 17:10:15,0.093
03 Jul 2025 17:10:30,0.104
03 Jul 2025 17:10:45,0.071
03 Jul 2025 17:11:00,0.088
03 Jul 2025 17:11:15,0.116
03 Jul 2025 17:11:45,0.137
03 Jul 2025 17:12:00,0.078
03 Jul 2025 17:12:30,0.113
03 Jul 2025 17:13:15,0.082
03 Jul 2025 17:13:30,0.072
03 Jul 2025 17:13:45,0.105
03 Jul 2025 17:14:15,0.009
03 Jul 2025 17:14:30,0.209
03 Jul 2025 17:15:15,0.132
03 Jul 2025 17:15:30,0.118
03 Jul 2025 17:16:30,0.117
03 Jul 2025 17:17:00,0.115
03 Jul 2025 17:17:15,0.105
03 Jul 2025 17:17:30,0.091
03 Jul 2025 17:18:00,0.081
03 Jul 2025 17:18:15,0.097
03 Jul 2025 17:18:30,0.117
03 Jul 2025 17:19:45,0.092
03 Jul 2025 17:21:00,0.076
03 Jul 2025 17:21:30,0.125
03 Jul 2025 17:21:45,0.090
03 Jul 2025 17:22:00,0.129
03 Jul 2025 17:22:45,0.098
03 Jul 2025 17:24:15,0.103
03 Jul 2025 17:24:30,0.117
03 Jul 2025 17:25:30,0.087
03 Jul 2025 17:26:15,0.131
03 Jul 2025 17:27:15,0.118
03 Jul 2025 17:27:30,0.096
03 Jul 2025 17:27:45,0.116
03 Jul 2025 17:28:00,0.098
03 Jul 2025 17:28:45,0.108
03 Jul 2025 17:29:15,0.087
03 Jul 2025 17:30:45,0.053
03 Jul 2025 17:31:45,0.137
03 Jul 2025 17:32:00,0.089
03 Jul 2025 17:32:30,0.095
03 Jul 2025 17:32:45,0.076
03 Jul 2025 17:33:45,0.057
03 Jul 2025 17:34:00,0.136
03 Jul 2025 17:34:15,0.095
03 Jul 2025 17:34:30,0.094
03 Jul 2025 17:35:45,0.101
03 Jul 2025 17:36:15,0.110
03 Jul 2025 17:36:30,0.116
03 Jul 2025 17:36:45,0.130
03 Jul 2025 17:37:00,0.081
03 Jul 2025 17:37:15,0.088
03 Jul 2025 17:37:30,0.089
03 Jul 2025 17:37:45,0.108
03 Jul 2025 17:38:00,0.078
03 Jul 2025 17:38:15,0.106
03 Jul 2025 17:39:00,0.063
03 Jul 2025 17:40:15,0.130
03 Jul 2025 17:40:45,0.081
03 Jul 2025 17:41:15,0.080
03 Jul 2025 17:42:00,0.094
03 Jul 2025 17:42:15,0.106
03 Jul 2025 17:42:30,0.080
03 Jul 2025 17:43:30,0.100
03 Jul 2025 17:43:45,0.095
03 Jul 2025 17:44:15,0.067
03 Jul 2025 17:45:00,0.081
03 Jul 2025 17:45:30,0.091
03 Jul 2025 17:46:15,0.079
03 Jul 2025 17:48:00,0.074
03 Jul 2025 17:48:15,0.099
03 Jul 2025 17:50:00,0.072
03 Jul 2025 17:50:30,0.113
03 Jul 2025 17:52:00,0.127
03 Jul 2025 17:52:15,0.102
03 Jul 2025 17:52:30,0.070
03 Jul 2025 17:53:45,0.092
03 Jul 2025 17:54:00,0.084
03 Jul 2025 17:54:15,0.052
03 Jul 2025 17:54:30,0.079
03 Jul 2025 17:54:45,0.114
03 Jul 2025 17:55:00,0.104
03 Jul 2025 17:55:30,0.103
03 Jul 2025 17:56:15,0.091
03 Jul 2025 17:57:15,0.109
03 Jul 2025 17:58:15,0.118
03 Jul 2025 17:58:45,0.097
03 Jul 2025 17:59:15,0.100
03 Jul 2025 17:59:45,0.078
03 Jul 2025 18:00:15,0.123
03 Jul 2025 18:00:30,0.087
03 Jul 2025 18:01:00,0.103
03 Jul 2025 18:01:30,0.090
03 Jul 2025 18:02:15,0.075
03 Jul 2025 18:03:15,0.085
03 Jul 2025 18:03:30,0.119
03 Jul 2025 18:04:00,0.106
03 Jul 2025 18:05:15,0.102
03 Jul 2025 18:05:30,0.098
03 Jul 2025 18:06:15,0.060
03 Jul 2025 18:06:30,0.107
03 Jul 2025 18:07:30,0.092
03 Jul 2025 18:07:45,0.127
03 Jul 2025 18:08:15,0.104
03 Jul 2025 18:08:30,0.102
03 Jul 2025 18:09:00,0.113
03 Jul 2025 18:09:30,0.072
03 Jul 2025 18:11:30,0.121
03 Jul 2025 18:12:00,0.074
03 Jul 2025 18:12:30,0.084
03 Jul 2025 18:13:15,0.067
03 Jul 2025 18:13:30,0.066
03 Jul 2025 18:13:45,0.032
03 Jul 2025 18:14:00,0.103
03 Jul 2025 18:14:15,0.116
03 Jul 2025 18:14:45,0.086
03 Jul 2025 18:15:00,0.093
03 Jul 2025 18:15:30,0.125
03 Jul 2025 18:15:45,0.085
03 Jul 2025 18:16:45,0.070
03 Jul 2025 18:17:15,0.105
03 Jul 2025 18:17:30,0.058
03 Jul 2025 18:17:45,0.078
03 Jul 2025 18:18:00,0.125
03 Jul 2025 18:18:15,0.098
03 Jul 2025 18:18:45,0.078
03 Jul 2025 18:19:45,0.048
03 Jul 2025 18:20:00,0.107
03 Jul 2025 18:20:45,0.089
03 Jul 2025 18:21:00,0.081
03 Jul 2025 18:22:30,0.086
03 Jul 2025 18:24:00,0.087
03 Jul 2025 18:24:15,0.116
03 Jul 2025 18:25:15,0.091
03 Jul 2025 18:26:15,0.089
03 Jul 2025 18:27:00,0.081
03 Jul 2025 18:27:15,0.060
03 Jul 2025 18:27:30,0.081
03 Jul 2025 18:28:15,0.090
03 Jul 2025 18:29:00,0.051
03 Jul 2025 18:29:15,0.103
03 Jul 2025 18:30:00,0.086
03 Jul 2025 18:30:30,0.074
03 Jul 2025 18:31:30,0.091
03 Jul 2025 18:31:45,0.079
03 Jul 2025 18:32:15,0.107
03 Jul 2025 18:32:45,0.060
03 Jul 2025 18:33:00,0.099
03 Jul 2025 18:33:15,0.090
03 Jul 2025 18:33:30,0.099
03 Jul 2025 18:34:00,0.088
03 Jul 2025 18:34:15,0.078
03 Jul 2025 18:34:45,0.054
03 Jul 2025 18:35:00,0.079
03 Jul 2025 18:35:15,0.093
03 Jul 2025 18:35:45,0.061
03 Jul 2025 18:36:00,0.050
03 Jul 2025 18:36:30,0.107
03 Jul 2025 18:36:45,0.055
03 Jul 2025 18:37:00,0.082
03 Jul 2025 18:37:15,0.029
03 Jul 2025 18:38:15,0.103
03 Jul 2025 18:38:30,0.074
03 Jul 2025 18:39:00,0.116
03 Jul 2025 18:39:30,0.054
03 Jul 2025 18:40:30,0.055
03 Jul 2025 18:40:45,0.071
03 Jul 2025 18:41:45,0.091
03 Jul 2025 18:42:00,0.066
03 Jul 2025 18:43:15,0.096
03 Jul 2025 18:43:30,0.080
03 Jul 2025 18:44:15,0.056
03 Jul 2025 18:44:45,0.072
03 Jul 2025 18:45:15,0.084
03 Jul 2025 18:45:30,0.075
03 Jul 2025 18:45:45,0.094
03 Jul 2025 18:46:00,0.066
03 Jul 2025 18:46:30,0.063
03 Jul 2025 18:46:45,0.079
03 Jul 2025 18:47:00,0.094
03 Jul 2025 18:47:45,0.055
03 Jul 2025 18:48:00,0.063
03 Jul 2025 18:49:30,0.041
03 Jul 2025 18:50:15,0.086
03 Jul 2025 18:50:45,0.063
03 Jul 2025 18:51:00,0.046
03 Jul 2025 18:51:15,0.044
03 Jul 2025 18:51:30,0.048
03 Jul 2025 18:51:45,0.082
03 Jul 2025 18:52:00,0.101
03 Jul 2025 18:53:30,0.068
03 Jul 2025 18:54:45,0.062
03 Jul 2025 18:55:15,0.124
03 Jul 2025 18:55:30,0.117
03 Jul 2025 18:56:00,0.065
03 Jul 2025 18:56:30,0.059
03 Jul 2025 18:57:15,0.047
03 Jul 2025 18:57:30,0.055
03 Jul 2025 18:58:15,0.053
03 Jul 2025 18:59:15,0.094
03 Jul 2025 18:59:45,0.042
03 Jul 2025 19:00:15,0.063
03 Jul 2025 19:00:45,0.041
03 Jul 2025 19:01:00,0.064
03 Jul 2025 19:01:30,0.063
03 Jul 2025 19:01:45,0.087
03 Jul 2025 19:02:00,0.087
03 Jul 2025 19:02:15,0.066
03 Jul 2025 19:03:15,0.088
03 Jul 2025 19:04:15,0.067
03 Jul 2025 19:04:45,0.083
03 Jul 2025 19:05:30,0.094
03 Jul 2025 19:05:45,0.080
03 Jul 2025 19:06:00,0.072
03 Jul 2025 19:06:30,0.072
03 Jul 2025 19:06:45,0.051
03 Jul 2025 19:07:15,0.097
03 Jul 2025 19:07:45,0.070
03 Jul 2025 19:08:15,0.057
03 Jul 2025 19:09:15,0.047
03 Jul 2025 19:09:30,0.075
03 Jul 2025 19:10:00,0.115
03 Jul 2025 19:10:15,0.059
03 Jul 2025 19:10:30,0.068
03 Jul 2025 19:11:30,0.083
03 Jul 2025 19:13:30,0.093
03 Jul 2025 19:14:30,0.062
03 Jul 2025 19:15:00,0.058
03 Jul 2025 19:15:30,0.086
03 Jul 2025 19:16:00,0.095
03 Jul 2025 19:16:15,0.095
03 Jul 2025 19:16:30,0.053
03 Jul 2025 19:16:45,0.030
03 Jul 2025 19:17:30,0.065
03 Jul 2025 19:18:15,0.098
03 Jul 2025 19:18:45,0.069
03 Jul 2025 19:19:15,0.043
03 Jul 2025 19:19:45,0.052
03 Jul 2025 19:20:00,0.060
03 Jul 2025 19:20:15,0.048
03 Jul 2025 19:20:30,0.035
03 Jul 2025 19:21:00,0.066
03 Jul 2025 19:21:30,0.069
03 Jul 2025 19:23:00,0.046
03 Jul 2025 19:23:30,0.052
03 Jul 2025 19:23:45,0.070
03 Jul 2025 19:24:15,0.067
03 Jul 2025 19:24:30,0.072
03 Jul 2025 19:26:00,0.067
03 Jul 2025 19:27:15,0.064
03 Jul 2025 19:27:30,0.055
03 Jul 2025 19:28:15,0.086
03 Jul 2025 19:28:30,0.079
03 Jul 2025 19:29:00,0.065
03 Jul 2025 19:29:15,0.038
03 Jul 2025 19:29:30,0.065
03 Jul 2025 19:30:00,0.071
03 Jul 2025 19:30:45,0.068
03 Jul 2025 19:31:00,0.078
03 Jul 2025 19:31:15,0.078
03 Jul 2025 19:31:30,0.078
03 Jul 2025 19:31:45,0.067
03 Jul 2025 19:32:00,0.076
03 Jul 2025 19:32:30,0.076
03 Jul 2025 19:33:00,0.074
03 Jul 2025 19:33:45,0.046
03 Jul 2025 19:34:15,0.089
03 Jul 2025 19:34:45,0.073
03 Jul 2025 19:35:00,0.049
03 Jul 2025 19:35:45,0.072
03 Jul 2025 19:36:00,0.085
03 Jul 2025 19:36:30,0.070
03 Jul 2025 19:36:45,0.070
03 Jul 2025 19:37:00,0.065
03 Jul 2025 19:37:30,0.077
03 Jul 2025 19:38:00,0.083
03 Jul 2025 19:38:30,0.048
03 Jul 2025 19:39:15,0.095
03 Jul 2025 19:39:30,0.089
03 Jul 2025 19:40:15,0.082
03 Jul 2025 19:40:45,0.051
03 Jul 2025 19:41:30,0.057
03 Jul 2025 19:42:00,0.091
03 Jul 2025 19:42:45,0.082
03 Jul 2025 19:43:30,0.059
03 Jul 2025 19:44:00,0.060
03 Jul 2025 19:44:30,0.076
03 Jul 2025 19:45:00,0.065
03 Jul 2025 19:46:00,0.078
03 Jul 2025 19:46:45,0.047
03 Jul 2025 19:47:00,0.069
03 Jul 2025 19:47:30,0.075
03 Jul 2025 19:47:45,0.095
03 Jul 2025 19:48:30,0.052
03 Jul 2025 19:49:00,0.065
03 Jul 2025 19:49:15,0.088
03 Jul 2025 19:49:30,0.070
03 Jul 2025 19:49:45,0.062
03 Jul 2025 19:50:45,0.080
03 Jul 2025 19:51:00,0.101
03 Jul 2025 19:51:45,0.061
03 Jul 2025 19:52:15,0.091
03 Jul 2025 19:53:00,0.072
03 Jul 2025 19:53:15,0.076
03 Jul 2025 19:53:30,0.056
03 Jul 2025 19:53:45,0.061
03 Jul 2025 19:54:00,0.070
03 Jul 2025 19:55:15,0.087
03 Jul 2025 19:55:45,0.043
03 Jul 2025 19:56:15,0.031
03 Jul 2025 19:57:30,0.079
03 Jul 2025 19:57:45,0.098
03 Jul 2025 19:58:00,0.071
03 Jul 2025 19:58:15,0.074
03 Jul 2025 19:59:45,0.081
03 Jul 2025 20:00:00,0.063
03 Jul 2025 20:00:15,0.064
03 Jul 2025 20:00:30,0.048
03 Jul 2025 20:01:00,0.056
03 Jul 2025 20:01:30,0.031
03 Jul 2025 20:02:00,0.081
03 Jul 2025 20:02:45,0.094
03 Jul 2025 20:03:15,0.075
03 Jul 2025 20:04:15,0.044
03 Jul 2025 20:04:30,0.034
03 Jul 2025 20:04:45,0.090
03 Jul 2025 20:05:15,0.088
03 Jul 2025 20:05:30,0.048
03 Jul 2025 20:06:00,0.059
03 Jul 2025 20:06:30,0.048
03 Jul 2025 20:06:45,0.084
03 Jul 2025 20:08:15,0.049
03 Jul 2025 20:09:00,0.074
03 Jul 2025 20:09:45,0.079
03 Jul 2025 20:10:00,0.076
03 Jul 2025 20:11:00,0.070
03 Jul 2025 20:11:45,0.070
03 Jul 2025 20:12:15,0.051
03 Jul 2025 20:13:30,0.109
03 Jul 2025 20:13:45,0.057
03 Jul 2025 20:14:00,0.083
03 Jul 2025 20:14:30,0.045
03 Jul 2025 20:14:45,0.044
03 Jul 2025 20:15:00,0.045
03 Jul 2025 20:15:45,0.067
03 Jul 2025 20:16:30,0.072
03 Jul 2025 20:17:00,0.046
03 Jul 2025 20:17:15,0.090
03 Jul 2025 20:18:00,0.093
03 Jul 2025 20:18:30,0.076
03 Jul 2025 20:19:15,0.029
03 Jul 2025 20:20:00,0.063
03 Jul 2025 20:20:45,0.074
03 Jul 2025 20:21:00,0.059
03 Jul 2025 20:21:30,0.088
03 Jul 2025 20:22:15,0.040
03 Jul 2025 20:22:30,0.093
03 Jul 2025 20:23:00,0.034
03 Jul 2025 20:24:00,0.063
03 Jul 2025 20:24:15,0.098
03 Jul 2025 20:24:30,0.085
03 Jul 2025 20:24:45,0.047
03 Jul 2025 20:25:15,0.048
03 Jul 2025 20:25:30,0.089
03 Jul 2025 20:26:15,0.053
03 Jul 2025 20:26:30,0.079
03 Jul 2025 20:26:45,0.065
03 Jul 2025 20:27:15,0.068
03 Jul 2025 20:27:30,0.062
03 Jul 2025 20:28:00,0.080
03 Jul 2025 20:28:45,0.072
03 Jul 2025 20:29:15,0.075
03 Jul 2025 20:29:30,0.087
03 Jul 2025 20:29:45,0.055
03 Jul 2025 20:30:00,0.081
03 Jul 2025 20:32:00,0.040
03 Jul 2025 20:32:30,0.055
03 Jul 2025 20:33:15,0.046
03 Jul 2025 20:33:30,0.054
03 Jul 2025 20:33:45,0.084
03 Jul 2025 20:34:00,0.089
03 Jul 2025 20:34:15,0.037
03 Jul 2025 20:34:30,0.046
03 Jul 2025 20:34:45,0.092
03 Jul 2025 20:35:00,0.077
03 Jul 2025 20:35:15,0.061
03 Jul 2025 20:35:30,0.052
03 Jul 2025 20:35:45,0.045
03 Jul 2025 20:36:00,0.050
03 Jul 2025 20:36:15,0.044
03 Jul 2025 20:36:45,0.052
03 Jul 2025 20:37:45,0.086
03 Jul 2025 20:38:00,0.060
03 Jul 2025 20:38:30,0.044
03 Jul 2025 20:39:00,0.090
03 Jul 2025 20:39:30,0.115
03 Jul 2025 20:40:30,0.063
03 Jul 2025 20:40:45,0.072
03 Jul 2025 20:42:00,0.068
03 Jul 2025 20:42:15,0.077
03 Jul 2025 20:42:30,0.062
03 Jul 2025 20:43:00,0.042
03 Jul 2025 20:43:15,0.080
03 Jul 2025 20:44:00,0.066
03 Jul 2025 20:44:15,0.063
03 Jul 2025 20:44:30,0.055
03 Jul 2025 20:45:00,0.069
03 Jul 2025 20:46:00,0.039
03 Jul 2025 20:46:15,0.051
03 Jul 2025 20:46:45,0.073
03 Jul 2025 20:47:15,0.045
03 Jul 2025 20:47:30,0.076
03 Jul 2025 20:48:15,0.076
03 Jul 2025 20:50:00,0.081
03 Jul 2025 20:50:15,0.083
03 Jul 2025 20:50:45,0.077
03 Jul 2025 20:51:15,0.081
03 Jul 2025 20:52:00,0.068
03 Jul 2025 20:52:15,0.059
03 Jul 2025 20:52:45,0.066
03 Jul 2025 20:53:15,0.048
03 Jul 2025 20:54:30,0.080
03 Jul 2025 20:54:45,0.073
03 Jul 2025 20:55:00,0.069
03 Jul 2025 20:55:15,0.069
03 Jul 2025 20:55:30,0.058
03 Jul 2025 20:55:45,0.057
03 Jul 2025 20:56:15,0.063
03 Jul 2025 20:56:30,0.072
03 Jul 2025 20:57:30,0.081
03 Jul 2025 20:58:30,0.079
03 Jul 2025 20:59:00,0.053
03 Jul 2025 20:59:15,0.058
03 Jul 2025 21:00:15,0.079
03 Jul 2025 21:00:45,0.049
03 Jul 2025 21:01:00,0.049
03 Jul 2025 21:01:45,0.032
03 Jul 2025 21:02:00,0.050
03 Jul 2025 21:02:30,0.040
03 Jul 2025 21:03:00,0.068
03 Jul 2025 21:03:45,0.058
03 Jul 2025 21:04:00,0.052
03 Jul 2025 21:04:30,0.043
03 Jul 2025 21:05:00,0.072
03 Jul 2025 21:05:15,0.102
03 Jul 2025 21:05:30,0.093
03 Jul 2025 21:05:45,0.057
03 Jul 2025 21:07:00,0.047
03 Jul 2025 21:07:15,0.084
03 Jul 2025 21:07:45,0.069
03 Jul 2025 21:08:00,0.067
03 Jul 2025 21:08:15,0.063
03 Jul 2025 21:08:30,0.050
03 Jul 2025 21:09:00,0.074
03 Jul 2025 21:09:15,0.076
03 Jul 2025 21:09:30,0.069
03 Jul 2025 21:09:45,0.087
03 Jul 2025 21:10:15,0.087
03 Jul 2025 21:10:30,0.101
03 Jul 2025 21:10:45,0.067
03 Jul 2025 21:11:00,0.085
03 Jul 2025 21:11:30,0.069
03 Jul 2025 21:12:15,0.046
03 Jul 2025 21:12:30,0.085
03 Jul 2025 21:13:30,0.063
03 Jul 2025 21:14:00,0.102
03 Jul 2025 21:14:15,0.077
03 Jul 2025 21:14:30,0.082
03 Jul 2025 21:16:00,0.050
03 Jul 2025 21:16:15,0.061
03 Jul 2025 21:16:45,0.072
03 Jul 2025 21:17:00,0.054
03 Jul 2025 21:17:15,0.061
03 Jul 2025 21:17:30,0.040
03 Jul 2025 21:17:45,0.059
03 Jul 2025 21:18:00,0.086
03 Jul 2025 21:18:15,0.085
03 Jul 2025 21:18:30,0.070
03 Jul 2025 21:19:00,0.077
03 Jul 2025 21:19:15,0.078
03 Jul 2025 21:20:00,0.078
03 Jul 2025 21:22:45,0.080
03 Jul 2025 21:23:00,0.087
03 Jul 2025 21:24:00,0.074
03 Jul 2025 21:24:15,0.087
03 Jul 2025 21:24:30,0.068
03 Jul 2025 21:25:30,0.044
03 Jul 2025 21:26:15,0.095
03 Jul 2025 21:26:30,0.081
03 Jul 2025 21:26:45,0.051
03 Jul 2025 21:27:45,0.072
03 Jul 2025 21:28:00,0.094
03 Jul 2025 21:28:15,0.056
03 Jul 2025 21:28:30,0.083
03 Jul 2025 21:29:00,0.092
03 Jul 2025 21:30:00,0.062
03 Jul 2025 21:30:30,0.047
03 Jul 2025 21:30:45,0.077
03 Jul 2025 21:31:00,0.082
03 Jul 2025 21:31:15,0.094
03 Jul 2025 21:31:30,0.065
03 Jul 2025 21:31:45,0.075
03 Jul 2025 21:32:30,0.071
03 Jul 2025 21:32:45,0.075
03 Jul 2025 21:33:30,0.077
03 Jul 2025 21:34:15,0.105
03 Jul 2025 21:34:30,0.091
03 Jul 2025 21:34:45,0.061
03 Jul 2025 21:35:15,0.096
03 Jul 2025 21:35:30,0.082
03 Jul 2025 21:36:15,0.077
03 Jul 2025 21:36:30,0.068
03 Jul 2025 21:37:15,0.095
03 Jul 2025 21:38:00,0.083
03 Jul 2025 21:38:15,0.044
03 Jul 2025 21:39:00,0.102
03 Jul 2025 21:39:45,0.071
03 Jul 2025 21:40:15,0.077
03 Jul 2025 21:42:00,0.057
03 Jul 2025 21:42:15,0.069
03 Jul 2025 21:42:30,0.081
03 Jul 2025 21:43:15,0.060
03 Jul 2025 21:43:30,0.078
03 Jul 2025 21:44:00,0.073
03 Jul 2025 21:44:15,0.086
03 Jul 2025 21:44:30,0.078
03 Jul 2025 21:44:45,0.062
03 Jul 2025 21:45:15,0.073
03 Jul 2025 21:46:00,0.090
03 Jul 2025 21:46:45,0.082
03 Jul 2025 21:47:00,0.075
03 Jul 2025 21:47:30,0.091
03 Jul 2025 21:47:45,0.078
03 Jul 2025 21:48:00,0.078
03 Jul 2025 21:48:45,0.053
03 Jul 2025 21:50:00,0.083
03 Jul 2025 21:50:15,0.092
03 Jul 2025 21:50:45,0.071
03 Jul 2025 21:52:30,0.066
03 Jul 2025 21:53:00,0.077
03 Jul 2025 21:53:15,0.096
03 Jul 2025 21:54:00,0.092
03 Jul 2025 21:55:00,0.087
03 Jul 2025 21:55:15,0.087
03 Jul 2025 21:55:45,0.072
03 Jul 2025 21:56:00,0.057
03 Jul 2025 21:56:15,0.070
03 Jul 2025 21:56:30,0.037
03 Jul 2025 21:57:30,0.096
03 Jul 2025 21:59:30,0.082
03 Jul 2025 22:00:00,0.059
03 Jul 2025 22:01:15,0.082
03 Jul 2025 22:01:45,0.065
03 Jul 2025 22:03:15,0.109
03 Jul 2025 22:03:45,0.086
03 Jul 2025 22:05:45,0.061
03 Jul 2025 22:06:15,0.069
03 Jul 2025 22:06:30,0.077
03 Jul 2025 22:07:45,0.086
03 Jul 2025 22:08:00,0.084
03 Jul 2025 22:08:15,0.058
03 Jul 2025 22:10:00,0.111
03 Jul 2025 22:10:15,0.107
03 Jul 2025 22:10:45,0.086
03 Jul 2025 22:11:00,0.075
03 Jul 2025 22:11:15,0.089
03 Jul 2025 22:11:30,0.085
03 Jul 2025 22:11:45,0.068
03 Jul 2025 22:12:00,0.096
03 Jul 2025 22:12:15,0.099
03 Jul 2025 22:12:30,0.072
03 Jul 2025 22:13:00,0.091
03 Jul 2025 22:13:15,0.061
03 Jul 2025 22:13:30,0.079
03 Jul 2025 22:13:45,0.071
03 Jul 2025 22:14:45,0.102
03 Jul 2025 22:15:00,0.094
03 Jul 2025 22:15:30,0.092
03 Jul 2025 22:15:45,0.098
03 Jul 2025 22:16:15,0.082
03 Jul 2025 22:16:30,0.073
03 Jul 2025 22:16:45,0.089
03 Jul 2025 22:17:00,0.085
03 Jul 2025 22:18:15,0.081
03 Jul 2025 22:19:00,0.072
03 Jul 2025 22:19:15,0.083
03 Jul 2025 22:20:15,0.106
03 Jul 2025 22:21:00,0.102
03 Jul 2025 22:21:30,0.101
03 Jul 2025 22:23:15,0.121
03 Jul 2025 22:24:15,0.102
03 Jul 2025 22:24:30,0.100
03 Jul 2025 22:25:00,0.108
03 Jul 2025 22:25:15,0.109
03 Jul 2025 22:25:30,0.090
03 Jul 2025 22:25:45,0.075
03 Jul 2025 22:26:00,0.074
03 Jul 2025 22:26:15,0.111
03 Jul 2025 22:26:30,0.081
03 Jul 2025 22:27:30,0.108
03 Jul 2025 22:28:00,0.093
03 Jul 2025 22:28:15,0.074
03 Jul 2025 22:28:45,0.089
03 Jul 2025 22:29:00,0.096
03 Jul 2025 22:29:15,0.089
03 Jul 2025 22:30:00,0.121
03 Jul 2025 22:30:15,0.100
03 Jul 2025 22:30:30,0.077
03 Jul 2025 22:30:45,0.080
03 Jul 2025 22:31:00,0.112
03 Jul 2025 22:31:15,0.093
03 Jul 2025 22:31:45,0.095
03 Jul 2025 22:32:30,0.083
03 Jul 2025 22:32:45,0.068
03 Jul 2025 22:33:00,0.085
03 Jul 2025 22:33:30,0.108
03 Jul 2025 22:33:45,0.067
03 Jul 2025 22:34:15,0.122
03 Jul 2025 22:34:30,0.090
03 Jul 2025 22:35:00,0.124
03 Jul 2025 22:35:30,0.110
03 Jul 2025 22:36:45,0.102
03 Jul 2025 22:37:00,0.105
03 Jul 2025 22:37:15,0.107
03 Jul 2025 22:37:30,0.119
03 Jul 2025 22:37:45,0.127
03 Jul 2025 22:38:15,0.121
03 Jul 2025 22:38:30,0.122
03 Jul 2025 22:38:45,0.099
03 Jul 2025 22:39:15,0.131
03 Jul 2025 22:40:45,0.131
03 Jul 2025 22:41:45,0.112
03 Jul 2025 22:42:15,0.093
03 Jul 2025 22:42:30,0.099
03 Jul 2025 22:43:00,0.108
03 Jul 2025 22:43:45,0.107
03 Jul 2025 22:44:00,0.098
03 Jul 2025 22:44:15,0.122
03 Jul 2025 22:44:45,0.083
03 Jul 2025 22:45:15,0.120
03 Jul 2025 22:45:45,0.089
03 Jul 2025 22:47:45,0.092
03 Jul 2025 22:48:00,0.132
03 Jul 2025 22:48:30,0.114
03 Jul 2025 22:48:45,0.125
03 Jul 2025 22:49:15,0.112
03 Jul 2025 22:49:45,0.125
03 Jul 2025 22:50:00,0.107
03 Jul 2025 22:50:15,0.129
03 Jul 2025 22:50:30,0.096
03 Jul 2025 22:50:45,0.096
03 Jul 2025 22:51:00,0.102
03 Jul 2025 22:51:30,0.093
03 Jul 2025 22:52:15,0.134
03 Jul 2025 22:52:45,0.090
03 Jul 2025 22:53:15,0.132
03 Jul 2025 22:53:30,0.128
03 Jul 2025 22:55:30,0.106
03 Jul 2025 22:55:45,0.110
03 Jul 2025 22:56:00,0.103
03 Jul 2025 22:56:15,0.125
03 Jul 2025 22:56:30,0.095
03 Jul 2025 22:57:00,0.102
03 Jul 2025 22:57:15,0.133
03 Jul 2025 22:57:30,0.118
03 Jul 2025 22:58:00,0.124
03 Jul 2025 22:58:15,0.108
03 Jul 2025 22:58:30,0.113
03 Jul 2025 22:59:30,0.148
03 Jul 2025 23:00:00,0.131
03 Jul 2025 23:00:30,0.089
03 Jul 2025 23:01:15,0.114
03 Jul 2025 23:01:30,0.116
03 Jul 2025 23:02:15,0.114
03 Jul 2025 23:03:30,0.091
03 Jul 2025 23:03:45,0.122
03 Jul 2025 23:05:00,0.104
03 Jul 2025 23:05:15,0.128
03 Jul 2025 23:06:15,0.090
03 Jul 2025 23:06:30,0.099
03 Jul 2025 23:07:30,0.117
03 Jul 2025 23:07:45,0.112
03 Jul 2025 23:08:00,0.119
03 Jul 2025 23:09:30,0.124
03 Jul 2025 23:10:00,0.123
03 Jul 2025 23:11:15,0.151
03 Jul 2025 23:11:45,0.129
03 Jul 2025 23:12:00,0.103
03 Jul 2025 23:12:15,0.121
03 Jul 2025 23:13:15,0.136
03 Jul 2025 23:13:45,0.120
03 Jul 2025 23:14:15,0.113
03 Jul 2025 23:14:30,0.113
03 Jul 2025 23:15:30,0.131
03 Jul 2025 23:16:15,0.112
03 Jul 2025 23:16:30,0.130
03 Jul 2025 23:17:30,0.121
03 Jul 2025 23:17:45,0.122
03 Jul 2025 23:18:00,0.103
03 Jul 2025 23:18:30,0.143
03 Jul 2025 23:18:45,0.115
03 Jul 2025 23:19:15,0.146
03 Jul 2025 23:19:45,0.110
03 Jul 2025 23:20:00,0.125
03 Jul 2025 23:20:30,0.091
03 Jul 2025 23:21:00,0.114
03 Jul 2025 23:21:15,0.129
03 Jul 2025 23:21:45,0.125
03 Jul 2025 23:22:45,0.129
03 Jul 2025 23:23:15,0.123
03 Jul 2025 23:24:15,0.148
03 Jul 2025 23:24:45,0.146
03 Jul 2025 23:25:00,0.114
03 Jul 2025 23:25:15,0.114
03 Jul 2025 23:26:00,0.125
03 Jul 2025 23:26:45,0.136
03 Jul 2025 23:27:00,0.117
03 Jul 2025 23:27:45,0.134
03 Jul 2025 23:28:00,0.108
03 Jul 2025 23:28:45,0.115
03 Jul 2025 23:29:00,0.144
03 Jul 2025 23:30:15,0.120
03 Jul 2025 23:30:45,0.144
03 Jul 2025 23:31:00,0.123
03 Jul 2025 23:31:15,0.111
03 Jul 2025 23:32:00,0.131
03 Jul 2025 23:32:45,0.137
03 Jul 2025 23:33:15,0.125
03 Jul 2025 23:33:30,0.117
03 Jul 2025 23:33:45,0.150
03 Jul 2025 23:34:30,0.116
03 Jul 2025 23:34:45,0.117
03 Jul 2025 23:35:00,0.104
03 Jul 2025 23:35:45,0.134
03 Jul 2025 23:36:00,0.121
03 Jul 2025 23:36:30,0.138
03 Jul 2025 23:37:00,0.128
03 Jul 2025 23:37:15,0.131
03 Jul 2025 23:37:30,0.193
03 Jul 2025 23:38:00,0.133
03 Jul 2025 23:38:15,0.133
03 Jul 2025 23:38:30,0.148
03 Jul 2025 23:39:15,0.179
03 Jul 2025 23:39:30,0.155
03 Jul 2025 23:40:15,0.115
03 Jul 2025 23:40:30,0.141
03 Jul 2025 23:40:45,0.138
03 Jul 2025 23:41:30,0.131
03 Jul 2025 23:41:45,0.124
03 Jul 2025 23:42:15,0.131
03 Jul 2025 23:42:30,0.109
03 Jul 2025 23:42:45,0.106
03 Jul 2025 23:43:30,0.145
03 Jul 2025 23:44:00,0.123
03 Jul 2025 23:44:30,0.159
03 Jul 2025 23:44:45,0.129
03 Jul 2025 23:45:00,0.152
03 Jul 2025 23:45:30,0.126
03 Jul 2025 23:46:15,0.150
03 Jul 2025 23:46:45,0.131
03 Jul 2025 23:47:00,0.153
03 Jul 2025 23:47:45,0.134
03 Jul 2025 23:48:00,0.147
03 Jul 2025 23:48:30,0.164
03 Jul 2025 23:48:45,0.177
03 Jul 2025 23:49:15,0.122
03 Jul 2025 23:49:45,0.127
03 Jul 2025 23:50:00,0.153
03 Jul 2025 23:50:15,0.170
03 Jul 2025 23:50:30,0.163
03 Jul 2025 23:50:45,0.119
03 Jul 2025 23:51:15,0.129
03 Jul 2025 23:52:00,0.171
03 Jul 2025 23:52:45,0.138
03 Jul 2025 23:53:00,0.161
03 Jul 2025 23:53:30,0.152
03 Jul 2025 23:53:45,0.174
03 Jul 2025 23:54:15,0.170
03 Jul 2025 23:54:30,0.144
03 Jul 2025 23:55:00,0.157
03 Jul 2025 23:55:15,0.133
03 Jul 2025 23:55:30,0.122
03 Jul 2025 23:56:00,0.144
03 Jul 2025 23:56:45,0.161
03 Jul 2025 23:57:15,0.140
03 Jul 2025 23:58:00,0.192
03 Jul 2025 23:58:15,0.166
03 Jul 2025 23:58:45,0.148
03 Jul 2025 23:59:00,0.167
03 Jul 2025 23:59:15,0.150
03 Jul 2025 23:59:30,0.145
03 Jul 2025 23:59:45,0.120
04 Jul 2025 00:00:45,0.141
04 Jul 2025 00:01:30,0.145
04 Jul 2025 00:02:15,0.132
04 Jul 2025 00:02:30,0.150
04 Jul 2025 00:03:15,0.164
04 Jul 2025 00:03:30,0.143
04 Jul 2025 00:04:45,0.177
04 Jul 2025 00:06:30,0.170
04 Jul 2025 00:07:15,0.146
04 Jul 2025 00:08:00,0.138
04 Jul 2025 00:08:15,0.161
04 Jul 2025 00:08:30,0.126
04 Jul 2025 00:08:45,0.132
04 Jul 2025 00:09:15,0.146
04 Jul 2025 00:09:30,0.129
04 Jul 2025 00:09:45,0.146
04 Jul 2025 00:10:15,0.165
04 Jul 2025 00:11:15,0.175
04 Jul 2025 00:11:45,0.129
04 Jul 2025 00:12:00,0.152
04 Jul 2025 00:12:15,0.169
04 Jul 2025 00:13:30,0.146
04 Jul 2025 00:13:45,0.167
04 Jul 2025 00:14:00,0.123
04 Jul 2025 00:14:15,0.144
04 Jul 2025 00:14:45,0.188
04 Jul 2025 00:15:30,0.141
04 Jul 2025 00:15:45,0.136
04 Jul 2025 00:16:00,0.186
04 Jul 2025 00:16:15,0.134
04 Jul 2025 00:17:00,0.153
04 Jul 2025 00:17:15,0.155
04 Jul 2025 00:18:15,0.161
04 Jul 2025 00:19:00,0.142
04 Jul 2025 00:19:15,0.164
04 Jul 2025 00:20:15,0.171
04 Jul 2025 00:21:00,0.157
04 Jul 2025 00:21:30,0.146
04 Jul 2025 00:21:45,0.160
04 Jul 2025 00:22:15,0.166
04 Jul 2025 00:22:45,0.157
04 Jul 2025 00:23:00,0.164
04 Jul 2025 00:23:30,0.166
04 Jul 2025 00:24:00,0.168
04 Jul 2025 00:24:15,0.150
04 Jul 2025 00:24:30,0.181
04 Jul 2025 00:25:00,0.183
04 Jul 2025 00:25:15,0.170
04 Jul 2025 00:25:30,0.164
04 Jul 2025 00:26:00,0.155
04 Jul 2025 00:26:30,0.179
04 Jul 2025 00:26:45,0.146
04 Jul 2025 00:27:45,0.163
04 Jul 2025 00:28:00,0.169
04 Jul 2025 00:28:30,0.169
04 Jul 2025 00:28:45,0.149
04 Jul 2025 00:29:30,0.167
04 Jul 2025 00:30:15,0.168
04 Jul 2025 00:31:45,0.141
04 Jul 2025 00:32:00,0.164
04 Jul 2025 00:32:15,0.155
04 Jul 2025 00:32:45,0.169
04 Jul 2025 00:33:00,0.178
04 Jul 2025 00:33:15,0.157
04 Jul 2025 00:33:30,0.178
04 Jul 2025 00:34:00,0.140
04 Jul 2025 00:34:45,0.179
04 Jul 2025 00:35:00,0.191
04 Jul 2025 00:35:30,0.136
04 Jul 2025 00:35:45,0.191
04 Jul 2025 00:36:45,0.142
04 Jul 2025 00:37:30,0.166
04 Jul 2025 00:37:45,0.165
04 Jul 2025 00:38:15,0.137
04 Jul 2025 00:38:45,0.175
04 Jul 2025 00:39:00,0.190
04 Jul 2025 00:39:15,0.170
04 Jul 2025 00:40:00,0.158
04 Jul 2025 00:40:15,0.159
04 Jul 2025 00:40:30,0.144
04 Jul 2025 00:41:00,0.169
04 Jul 2025 00:41:15,0.170
04 Jul 2025 00:41:30,0.176
04 Jul 2025 00:41:45,0.180
04 Jul 2025 00:42:00,0.184
04 Jul 2025 00:42:45,0.183
04 Jul 2025 00:43:00,0.162
04 Jul 2025 00:43:30,0.149
04 Jul 2025 00:44:00,0.181
04 Jul 2025 00:44:45,0.169
04 Jul 2025 00:45:00,0.166
04 Jul 2025 00:45:15,0.167
04 Jul 2025 00:45:45,0.153
04 Jul 2025 00:46:00,0.163
04 Jul 2025 00:46:30,0.181
04 Jul 2025 00:47:00,0.183
04 Jul 2025 00:47:30,0.174
04 Jul 2025 00:48:00,0.172
04 Jul 2025 00:48:15,0.178
04 Jul 2025 00:48:30,0.130
04 Jul 2025 00:48:45,0.146
04 Jul 2025 00:49:00,0.181
04 Jul 2025 00:50:15,0.190
04 Jul 2025 00:50:30,0.158
04 Jul 2025 00:50:45,0.187
04 Jul 2025 00:51:30,0.171
04 Jul 2025 00:51:45,0.158
04 Jul 2025 00:52:15,0.158
04 Jul 2025 00:52:30,0.150
04 Jul 2025 00:52:45,0.178
04 Jul 2025 00:53:00,0.194
04 Jul 2025 00:53:15,0.172
04 Jul 2025 00:55:15,0.166
04 Jul 2025 00:56:00,0.148
04 Jul 2025 00:56:15,0.188
04 Jul 2025 00:56:30,0.180
04 Jul 2025 00:56:45,0.158
04 Jul 2025 00:57:00,0.166
04 Jul 2025 00:57:15,0.188
04 Jul 2025 00:57:30,0.159
04 Jul 2025 00:58:15,0.173
04 Jul 2025 00:59:30,0.206
04 Jul 2025 01:00:15,0.196
04 Jul 2025 01:00:30,0.176
04 Jul 2025 01:00:45,0.168
04 Jul 2025 01:01:00,0.165
04 Jul 2025 01:01:15,0.177
04 Jul 2025 01:01:30,0.188
04 Jul 2025 01:03:15,0.170
04 Jul 2025 01:03:30,0.167
04 Jul 2025 01:04:00,0.148
04 Jul 2025 01:04:45,0.182
04 Jul 2025 01:05:00,0.209
04 Jul 2025 01:05:30,0.159
04 Jul 2025 01:05:45,0.146
04 Jul 2025 01:06:00,0.151
04 Jul 2025 01:06:15,0.187
04 Jul 2025 01:06:30,0.179
04 Jul 2025 01:06:45,0.138
04 Jul 2025 01:07:00,0.150
04 Jul 2025 01:07:30,0.199
04 Jul 2025 01:09:00,0.202
04 Jul 2025 01:09:15,0.178
04 Jul 2025 01:10:00,0.194
04 Jul 2025 01:10:15,0.186
04 Jul 2025 01:10:30,0.194
04 Jul 2025 01:11:00,0.152
04 Jul 2025 01:11:15,0.151
04 Jul 2025 01:11:45,0.168
04 Jul 2025 01:12:30,0.189
04 Jul 2025 01:13:00,0.153
04 Jul 2025 01:14:15,0.184
04 Jul 2025 01:14:30,0.189
04 Jul 2025 01:15:00,0.177
04 Jul 2025 01:16:00,0.191
04 Jul 2025 01:16:30,0.182
04 Jul 2025 01:16:45,0.152
04 Jul 2025 01:17:00,0.143
04 Jul 2025 01:17:15,0.170
04 Jul 2025 01:17:30,0.174
04 Jul 2025 01:18:45,0.175
04 Jul 2025 01:19:30,0.159
04 Jul 2025 01:20:00,0.155
04 Jul 2025 01:20:30,0.167
04 Jul 2025 01:21:45,0.162
04 Jul 2025 01:22:15,0.202
04 Jul 2025 01:23:15,0.167
04 Jul 2025 01:23:30,0.165
04 Jul 2025 01:24:00,0.175
04 Jul 2025 01:26:00,0.204
04 Jul 2025 01:26:45,0.187
04 Jul 2025 01:27:15,0.193
04 Jul 2025 01:28:15,0.187
04 Jul 2025 01:30:00,0.193
04 Jul 2025 01:31:00,0.213
04 Jul 2025 01:31:15,0.179
04 Jul 2025 01:31:30,0.194
04 Jul 2025 01:32:00,0.161
04 Jul 2025 01:32:45,0.196
04 Jul 2025 01:34:00,0.168
04 Jul 2025 01:34:30,0.191
04 Jul 2025 01:35:15,0.207
04 Jul 2025 01:35:30,0.195
04 Jul 2025 01:35:45,0.179
04 Jul 2025 01:36:15,0.198
04 Jul 2025 01:36:45,0.197
04 Jul 2025 01:38:15,0.167
04 Jul 2025 01:38:30,0.181
04 Jul 2025 01:40:00,0.205
04 Jul 2025 01:41:00,0.187
04 Jul 2025 01:41:30,0.205
04 Jul 2025 01:42:00,0.168
04 Jul 2025 01:42:30,0.205
04 Jul 2025 01:43:00,0.188
04 Jul 2025 01:43:15,0.203
04 Jul 2025 01:43:30,0.185
04 Jul 2025 01:43:45,0.191
04 Jul 2025 01:45:00,0.219
04 Jul 2025 01:46:00,0.209
04 Jul 2025 01:46:15,0.207
04 Jul 2025 01:46:45,0.205
04 Jul 2025 01:47:00,0.197
04 Jul 2025 01:47:45,0.201
04 Jul 2025 01:48:30,0.184
04 Jul 2025 01:49:00,0.181
04 Jul 2025 01:49:15,0.194
04 Jul 2025 01:49:45,0.205
04 Jul 2025 01:50:30,0.204
04 Jul 2025 01:50:45,0.168
04 Jul 2025 01:51:15,0.186
04 Jul 2025 01:52:00,0.185
04 Jul 2025 01:52:15,0.200
04 Jul 2025 01:52:45,0.173
04 Jul 2025 01:53:00,0.199
04 Jul 2025 01:53:15,0.173
04 Jul 2025 01:53:45,0.183
04 Jul 2025 01:54:00,0.191
04 Jul 2025 01:55:15,0.201
04 Jul 2025 01:55:45,0.206
04 Jul 2025 01:56:30,0.188
04 Jul 2025 01:57:15,0.202
04 Jul 2025 01:57:45,0.176
04 Jul 2025 01:59:15,0.175
04 Jul 2025 02:00:00,0.188
04 Jul 2025 02:00:15,0.172
04 Jul 2025 02:00:30,0.189
04 Jul 2025 02:00:45,0.197
04 Jul 2025 02:01:15,0.211
04 Jul 2025 02:01:30,0.199
04 Jul 2025 02:01:45,0.187
04 Jul 2025 02:02:00,0.200
04 Jul 2025 02:02:15,0.195
04 Jul 2025 02:02:30,0.206
04 Jul 2025 02:02:45,0.196
04 Jul 2025 02:03:15,0.180
04 Jul 2025 02:03:30,0.185
04 Jul 2025 02:04:00,0.195
04 Jul 2025 02:04:45,0.202
04 Jul 2025 02:05:00,0.208
04 Jul 2025 02:05:15,0.211
04 Jul 2025 02:05:30,0.192
04 Jul 2025 02:05:45,0.186
04 Jul 2025 02:06:00,0.178
04 Jul 2025 02:06:30,0.211
04 Jul 2025 02:06:45,0.188
04 Jul 2025 02:07:00,0.185
04 Jul 2025 02:07:30,0.180
04 Jul 2025 02:07:45,0.211
04 Jul 2025 02:09:00,0.189
04 Jul 2025 02:10:15,0.205
04 Jul 2025 02:10:30,0.202
04 Jul 2025 02:10:45,0.188
04 Jul 2025 02:11:30,0.204
04 Jul 2025 02:13:00,0.190
04 Jul 2025 02:13:15,0.189
04 Jul 2025 02:13:30,0.193
04 Jul 2025 02:14:00,0.210
04 Jul 2025 02:14:15,0.171
04 Jul 2025 02:14:30,0.186
04 Jul 2025 02:14:45,0.185
04 Jul 2025 02:15:00,0.228
04 Jul 2025 02:15:30,0.207
04 Jul 2025 02:15:45,0.224
04 Jul 2025 02:16:15,0.220
04 Jul 2025 02:16:45,0.225
04 Jul 2025 02:17:00,0.197
04 Jul 2025 02:17:15,0.184
04 Jul 2025 02:18:15,0.169
04 Jul 2025 02:18:30,0.207
04 Jul 2025 02:19:00,0.184
04 Jul 2025 02:19:45,0.216
04 Jul 2025 02:20:15,0.200
04 Jul 2025 02:20:30,0.187
04 Jul 2025 02:20:45,0.196
04 Jul 2025 02:21:00,0.169
04 Jul 2025 02:21:30,0.188
04 Jul 2025 02:21:45,0.208
04 Jul 2025 02:22:15,0.186
04 Jul 2025 02:23:00,0.158
04 Jul 2025 02:23:15,0.223
04 Jul 2025 02:23:30,0.152
04 Jul 2025 02:24:15,0.222
04 Jul 2025 02:24:30,0.176
04 Jul 2025 02:25:00,0.187
04 Jul 2025 02:25:45,0.202
04 Jul 2025 02:26:00,0.245
04 Jul 2025 02:26:30,0.195
04 Jul 2025 02:27:00,0.171
04 Jul 2025 02:27:15,0.219
04 Jul 2025 02:27:45,0.179
04 Jul 2025 02:28:00,0.204
04 Jul 2025 02:28:15,0.173
04 Jul 2025 02:28:45,0.177
04 Jul 2025 02:29:00,0.196
04 Jul 2025 02:29:30,0.182
04 Jul 2025 02:29:45,0.180
04 Jul 2025 02:30:00,0.175
04 Jul 2025 02:30:15,0.225
04 Jul 2025 02:30:30,0.155
04 Jul 2025 02:32:30,0.231
04 Jul 2025 02:33:00,0.210
04 Jul 2025 02:33:15,0.179
04 Jul 2025 02:33:45,0.156
04 Jul 2025 02:34:15,0.193
04 Jul 2025 02:34:45,0.211
04 Jul 2025 02:35:00,0.196
04 Jul 2025 02:35:15,0.181
04 Jul 2025 02:35:30,0.197
04 Jul 2025 02:35:45,0.215
04 Jul 2025 02:36:00,0.160
04 Jul 2025 02:36:45,0.192
04 Jul 2025 02:37:15,0.211
04 Jul 2025 02:37:45,0.189
04 Jul 2025 02:38:30,0.185
04 Jul 2025 02:38:45,0.166
04 Jul 2025 02:39:00,0.187
04 Jul 2025 02:39:45,0.206
04 Jul 2025 02:40:15,0.197
04 Jul 2025 02:40:30,0.186
04 Jul 2025 02:40:45,0.193
04 Jul 2025 02:41:00,0.190
04 Jul 2025 02:41:15,0.187
04 Jul 2025 02:41:30,0.185
04 Jul 2025 02:41:45,0.189
04 Jul 2025 02:42:45,0.226
04 Jul 2025 02:44:00,0.201
04 Jul 2025 02:44:30,0.191
04 Jul 2025 02:45:15,0.170
04 Jul 2025 02:45:30,0.183
04 Jul 2025 02:46:00,0.187
04 Jul 2025 02:46:15,0.184
04 Jul 2025 02:46:45,0.202
04 Jul 2025 02:47:00,0.201
04 Jul 2025 02:47:15,0.186
04 Jul 2025 02:48:00,0.201
04 Jul 2025 02:48:30,0.167
04 Jul 2025 02:49:30,0.170
04 Jul 2025 02:49:45,0.174
04 Jul 2025 02:51:00,0.197
04 Jul 2025 02:52:30,0.177
04 Jul 2025 02:53:00,0.195
04 Jul 2025 02:53:15,0.198
04 Jul 2025 02:54:00,0.168
04 Jul 2025 02:54:15,0.196
04 Jul 2025 02:55:00,0.195
04 Jul 2025 02:55:15,0.210
04 Jul 2025 02:56:00,0.171
04 Jul 2025 02:56:15,0.154
04 Jul 2025 02:56:30,0.160
04 Jul 2025 02:57:30,0.194
04 Jul 2025 02:58:30,0.155
04 Jul 2025 02:58:45,0.176
04 Jul 2025 02:59:00,0.152
04 Jul 2025 02:59:15,0.200
04 Jul 2025 03:00:00,0.181
04 Jul 2025 03:00:45,0.183
04 Jul 2025 03:01:45,0.180
04 Jul 2025 03:02:00,0.204
04 Jul 2025 03:02:15,0.189
04 Jul 2025 03:03:00,0.176
04 Jul 2025 03:04:15,0.176
04 Jul 2025 03:04:30,0.202
04 Jul 2025 03:04:45,0.189
04 Jul 2025 03:05:15,0.170
04 Jul 2025 03:06:15,0.168
04 Jul 2025 03:07:00,0.198
04 Jul 2025 03:07:15,0.176
04 Jul 2025 03:07:30,0.238
04 Jul 2025 03:08:30,0.193
04 Jul 2025 03:08:45,0.172
04 Jul 2025 03:09:15,0.184
04 Jul 2025 03:09:30,0.191
04 Jul 2025 03:09:45,0.196
04 Jul 2025 03:10:15,0.211
04 Jul 2025 03:10:30,0.177
04 Jul 2025 03:10:45,0.164
04 Jul 2025 03:11:15,0.194
04 Jul 2025 03:11:45,0.202
04 Jul 2025 03:12:30,0.179
04 Jul 2025 03:13:00,0.173
04 Jul 2025 03:13:45,0.193
04 Jul 2025 03:14:00,0.213
04 Jul 2025 03:14:30,0.197
04 Jul 2025 03:14:45,0.194
04 Jul 2025 03:15:30,0.219
04 Jul 2025 03:15:45,0.181
04 Jul 2025 03:16:00,0.187
04 Jul 2025 03:16:30,0.170
04 Jul 2025 03:17:00,0.165
04 Jul 2025 03:17:15,0.180
04 Jul 2025 03:17:45,0.198
04 Jul 2025 03:18:30,0.184
04 Jul 2025 03:18:45,0.170
04 Jul 2025 03:19:00,0.177
04 Jul 2025 03:19:45,0.205
04 Jul 2025 03:20:00,0.178
04 Jul 2025 03:20:30,0.183
04 Jul 2025 03:20:45,0.159
04 Jul 2025 03:21:00,0.192
04 Jul 2025 03:21:15,0.192
04 Jul 2025 03:21:30,0.174
04 Jul 2025 03:21:45,0.182
04 Jul 2025 03:22:00,0.176
04 Jul 2025 03:23:00,0.185
04 Jul 2025 03:23:15,0.179
04 Jul 2025 03:24:00,0.184
04 Jul 2025 03:24:45,0.176
04 Jul 2025 03:25:00,0.188
04 Jul 2025 03:25:15,0.197
04 Jul 2025 03:25:30,0.198
04 Jul 2025 03:26:00,0.179
04 Jul 2025 03:26:30,0.189
04 Jul 2025 03:26:45,0.184
04 Jul 2025 03:27:15,0.189
04 Jul 2025 03:28:15,0.182
04 Jul 2025 03:28:45,0.160
04 Jul 2025 03:29:00,0.183
04 Jul 2025 03:29:30,0.167
04 Jul 2025 03:30:15,0.180
04 Jul 2025 03:31:00,0.211
04 Jul 2025 03:31:15,0.191
04 Jul 2025 03:31:30,0.149
04 Jul 2025 03:32:15,0.173
04 Jul 2025 03:32:30,0.146
04 Jul 2025 03:32:45,0.158
04 Jul 2025 03:33:00,0.181
04 Jul 2025 03:33:30,0.211
04 Jul 2025 03:34:00,0.191
04 Jul 2025 03:34:30,0.228
04 Jul 2025 03:34:45,0.183
04 Jul 2025 03:35:00,0.190
04 Jul 2025 03:35:15,0.185
04 Jul 2025 03:36:00,0.155
04 Jul 2025 03:36:30,0.168
04 Jul 2025 03:36:45,0.145
04 Jul 2025 03:37:00,0.171
04 Jul 2025 03:37:30,0.204
04 Jul 2025 03:38:00,0.189
04 Jul 2025 03:38:30,0.192
04 Jul 2025 03:39:00,0.195
04 Jul 2025 03:40:00,0.177
04 Jul 2025 03:40:45,0.191
04 Jul 2025 03:41:00,0.158
04 Jul 2025 03:41:45,0.179
04 Jul 2025 03:42:00,0.183
04 Jul 2025 03:42:30,0.174
04 Jul 2025 03:43:15,0.178
04 Jul 2025 03:43:30,0.171
04 Jul 2025 03:43:45,0.140
04 Jul 2025 03:44:00,0.204
04 Jul 2025 03:44:15,0.168
04 Jul 2025 03:44:45,0.185
04 Jul 2025 03:45:00,0.171
04 Jul 2025 03:45:30,0.180
04 Jul 2025 03:45:45,0.171
04 Jul 2025 03:46:00,0.141
04 Jul 2025 03:46:15,0.152
04 Jul 2025 03:46:45,0.194
04 Jul 2025 03:47:00,0.178
04 Jul 2025 03:47:45,0.166
04 Jul 2025 03:48:00,0.169
04 Jul 2025 03:48:30,0.180
04 Jul 2025 03:50:00,0.164
04 Jul 2025 03:50:15,0.133
04 Jul 2025 03:50:45,0.156
04 Jul 2025 03:51:30,0.196
04 Jul 2025 03:51:45,0.165
04 Jul 2025 03:52:00,0.162
04 Jul 2025 03:53:00,0.184
04 Jul 2025 03:53:30,0.183
04 Jul 2025 03:54:00,0.160
04 Jul 2025 03:54:15,0.129
04 Jul 2025 03:54:30,0.177
04 Jul 2025 03:54:45,0.174
04 Jul 2025 03:55:15,0.136
04 Jul 2025 03:55:30,0.190
04 Jul 2025 03:55:45,0.187
04 Jul 2025 03:56:15,0.209
04 Jul 2025 03:56:30,0.128
04 Jul 2025 03:57:30,0.176
04 Jul 2025 03:58:30,0.210
04 Jul 2025 03:59:00,0.143
04 Jul 2025 04:02:30,0.155
04 Jul 2025 04:03:00,0.196
04 Jul 2025 04:03:15,0.162
04 Jul 2025 04:04:00,0.201
04 Jul 2025 04:04:15,0.139
04 Jul 2025 04:04:30,0.173
04 Jul 2025 04:04:45,0.157
04 Jul 2025 04:05:15,0.169
04 Jul 2025 04:05:30,0.187
04 Jul 2025 04:05:45,0.145
04 Jul 2025 04:06:00,0.223
04 Jul 2025 04:06:15,0.155
04 Jul 2025 04:07:00,0.133
04 Jul 2025 04:07:30,0.187
04 Jul 2025 04:07:45,0.127
04 Jul 2025 04:08:00,0.160
04 Jul 2025 04:08:15,0.170
04 Jul 2025 04:08:45,0.198
04 Jul 2025 04:09:30,0.126
04 Jul 2025 04:10:45,0.155
04 Jul 2025 04:11:15,0.159
04 Jul 2025 04:11:30,0.162
04 Jul 2025 04:12:15,0.144
04 Jul 2025 04:12:30,0.156
04 Jul 2025 04:12:45,0.145
04 Jul 2025 04:13:15,0.179
04 Jul 2025 04:13:30,0.155
04 Jul 2025 04:15:00,0.135
04 Jul 2025 04:15:15,0.210
04 Jul 2025 04:15:30,0.145
04 Jul 2025 04:15:45,0.166
04 Jul 2025 04:16:00,0.170
04 Jul 2025 04:16:30,0.153
04 Jul 2025 04:16:45,0.172
04 Jul 2025 04:17:15,0.173
04 Jul 2025 04:18:00,0.183
04 Jul 2025 04:18:15,0.169
04 Jul 2025 04:18:45,0.212
04 Jul 2025 04:19:15,0.146
04 Jul 2025 04:19:45,0.111
04 Jul 2025 04:20:00,0.165
04 Jul 2025 04:20:30,0.125
04 Jul 2025 04:20:45,0.149
04 Jul 2025 04:21:00,0.133
04 Jul 2025 04:21:30,0.179
04 Jul 2025 04:22:15,0.167
04 Jul 2025 04:22:45,0.197
04 Jul 2025 04:23:00,0.126
04 Jul 2025 04:23:15,0.166
04 Jul 2025 04:23:45,0.138
04 Jul 2025 04:24:30,0.135
04 Jul 2025 04:24:45,0.163
04 Jul 2025 04:25:45,0.112
04 Jul 2025 04:26:00,0.162
04 Jul 2025 04:27:00,0.155
04 Jul 2025 04:27:45,0.130
04 Jul 2025 04:28:00,0.136
04 Jul 2025 04:28:15,0.146
04 Jul 2025 04:28:30,0.163
04 Jul 2025 04:29:15,0.137
04 Jul 2025 04:29:30,0.150
04 Jul 2025 04:29:45,0.183
04 Jul 2025 04:30:00,0.105
04 Jul 2025 04:30:45,0.130
04 Jul 2025 04:31:00,0.176
04 Jul 2025 04:31:30,0.148
04 Jul 2025 04:32:15,0.180
04 Jul 2025 04:32:30,0.144
04 Jul 2025 04:32:45,0.196
04 Jul 2025 04:33:00,0.097
04 Jul 2025 04:33:15,0.170
04 Jul 2025 04:34:00,0.113
04 Jul 2025 04:34:15,0.129
04 Jul 2025 04:34:30,0.161
04 Jul 2025 04:35:00,0.120
04 Jul 2025 04:35:15,0.143
04 Jul 2025 04:36:00,0.153
04 Jul 2025 04:36:15,0.164
04 Jul 2025 04:36:30,0.119
04 Jul 2025 04:37:30,0.140
04 Jul 2025 04:37:45,0.143
04 Jul 2025 04:38:30,0.140
04 Jul 2025 04:38:45,0.130
04 Jul 2025 04:39:30,0.143
04 Jul 2025 04:39:45,0.139
04 Jul 2025 04:40:00,0.112
04 Jul 2025 04:40:15,0.133
04 Jul 2025 04:41:00,0.105
04 Jul 2025 04:41:15,0.134
04 Jul 2025 04:42:30,0.113
04 Jul 2025 04:42:45,0.159
04 Jul 2025 04:43:00,0.166
04 Jul 2025 04:43:45,0.137
04 Jul 2025 04:44:00,0.139
04 Jul 2025 04:44:15,0.106
04 Jul 2025 04:44:45,0.145
04 Jul 2025 04:45:00,0.149
04 Jul 2025 04:45:15,0.128
04 Jul 2025 04:45:30,0.143
04 Jul 2025 04:46:00,0.123
04 Jul 2025 04:46:15,0.147
04 Jul 2025 04:47:00,0.124
04 Jul 2025 04:47:15,0.123
04 Jul 2025 04:47:30,0.140
04 Jul 2025 04:48:00,0.147
04 Jul 2025 04:48:15,0.123
04 Jul 2025 04:48:45,0.150
04 Jul 2025 04:49:15,0.148
04 Jul 2025 04:49:45,0.141
04 Jul 2025 04:50:15,0.135
04 Jul 2025 04:51:00,0.124
04 Jul 2025 04:51:15,0.116
04 Jul 2025 04:51:30,0.154
04 Jul 2025 04:52:45,0.138
04 Jul 2025 04:54:15,0.133
04 Jul 2025 04:54:45,0.124
04 Jul 2025 04:55:00,0.124
04 Jul 2025 04:55:15,0.131
04 Jul 2025 04:56:30,0.108
04 Jul 2025 04:56:45,0.145
04 Jul 2025 04:57:15,0.150
04 Jul 2025 04:59:30,0.107
04 Jul 2025 04:59:45,0.137
04 Jul 2025 05:00:15,0.132
04 Jul 2025 05:00:45,0.145
04 Jul 2025 05:01:00,0.153
04 Jul 2025 05:01:15,0.094
04 Jul 2025 05:01:30,0.141
04 Jul 2025 05:02:00,0.080
04 Jul 2025 05:02:15,0.104
04 Jul 2025 05:04:00,0.122
04 Jul 2025 05:04:15,0.139
04 Jul 2025 05:04:30,0.125
04 Jul 2025 05:04:45,0.090
04 Jul 2025 05:06:00,0.145
04 Jul 2025 05:07:00,0.137
04 Jul 2025 05:08:00,0.108
04 Jul 2025 05:08:30,0.131
04 Jul 2025 05:09:00,0.126
04 Jul 2025 05:09:15,0.121
04 Jul 2025 05:09:30,0.088
04 Jul 2025 05:10:00,0.099
04 Jul 2025 05:10:15,0.117
04 Jul 2025 05:10:30,0.173
04 Jul 2025 05:10:45,0.118
04 Jul 2025 05:11:00,0.133
04 Jul 2025 05:11:15,0.147
04 Jul 2025 05:11:30,0.139
04 Jul 2025 05:12:15,0.140
04 Jul 2025 05:12:45,0.123
04 Jul 2025 05:13:00,0.132
04 Jul 2025 05:13:45,0.098
04 Jul 2025 05:14:30,0.148
04 Jul 2025 05:14:45,0.127
04 Jul 2025 05:15:00,0.101
04 Jul 2025 05:15:30,0.137
04 Jul 2025 05:15:45,0.153
04 Jul 2025 05:16:30,0.136
04 Jul 2025 05:16:45,0.116
04 Jul 2025 05:17:15,0.098
04 Jul 2025 05:17:45,0.106
04 Jul 2025 05:19:00,0.085
04 Jul 2025 05:19:30,0.144
04 Jul 2025 05:19:45,0.123
04 Jul 2025 05:20:00,0.102
04 Jul 2025 05:20:45,0.084
04 Jul 2025 05:21:00,0.104
04 Jul 2025 05:21:15,0.092
04 Jul 2025 05:22:15,0.102
04 Jul 2025 05:22:45,0.122
04 Jul 2025 05:23:00,0.117
04 Jul 2025 05:24:15,0.136
04 Jul 2025 05:24:30,0.081
04 Jul 2025 05:25:45,0.131
04 Jul 2025 05:26:00,0.121
04 Jul 2025 05:27:30,0.118
04 Jul 2025 05:28:15,0.100
04 Jul 2025 05:28:30,0.125
04 Jul 2025 05:29:00,0.126
04 Jul 2025 05:29:45,0.105
04 Jul 2025 05:30:00,0.121
04 Jul 2025 05:30:15,0.120
04 Jul 2025 05:30:30,0.081
04 Jul 2025 05:31:00,0.084
04 Jul 2025 05:31:30,0.107
04 Jul 2025 05:31:45,0.128
04 Jul 2025 05:33:30,0.124
04 Jul 2025 05:33:45,0.080
04 Jul 2025 05:34:00,0.120
04 Jul 2025 05:35:30,0.095
04 Jul 2025 05:35:45,0.088
04 Jul 2025 05:36:00,0.113
04 Jul 2025 05:36:30,0.125
04 Jul 2025 05:36:45,0.089
04 Jul 2025 05:37:00,0.106
04 Jul 2025 05:37:30,0.091
04 Jul 2025 05:38:15,0.106
04 Jul 2025 05:38:30,0.097
04 Jul 2025 05:38:45,0.080
04 Jul 2025 05:39:45,0.097
04 Jul 2025 05:40:30,0.096
04 Jul 2025 05:41:15,0.117
04 Jul 2025 05:41:30,0.070
04 Jul 2025 05:41:45,0.094
04 Jul 2025 05:42:15,0.090
04 Jul 2025 05:42:45,0.090
04 Jul 2025 05:43:30,0.103
04 Jul 2025 05:43:45,0.078
04 Jul 2025 05:44:15,0.076
04 Jul 2025 05:44:45,0.064
04 Jul 2025 05:45:00,0.107
04 Jul 2025 05:46:00,0.104
04 Jul 2025 05:46:15,0.099
04 Jul 2025 05:46:45,0.103
04 Jul 2025 05:47:00,0.093
04 Jul 2025 05:47:15,0.082
04 Jul 2025 05:47:45,0.098
04 Jul 2025 05:48:00,0.110
04 Jul 2025 05:48:30,0.095
04 Jul 2025 05:49:00,0.101
04 Jul 2025 05:49:30,0.086
04 Jul 2025 05:51:00,0.086
04 Jul 2025 05:51:15,0.109
04 Jul 2025 05:51:30,0.101
04 Jul 2025 05:51:45,0.087
04 Jul 2025 05:52:15,0.062
04 Jul 2025 05:52:30,0.090
04 Jul 2025 05:53:00,0.105
04 Jul 2025 05:53:45,0.096
04 Jul 2025 05:54:15,0.104
04 Jul 2025 05:54:30,0.084
04 Jul 2025 05:54:45,0.074
04 Jul 2025 05:55:00,0.104
04 Jul 2025 05:55:15,0.096
04 Jul 2025 05:57:15,0.102
04 Jul 2025 05:57:30,0.105
04 Jul 2025 05:58:00,0.057
04 Jul 2025 05:59:00,0.082
04 Jul 2025 06:00:00,0.101
04 Jul 2025 06:00:15,0.096
04 Jul 2025 06:00:45,0.084
04 Jul 2025 06:01:00,0.092
04 Jul 2025 06:01:15,0.086
04 Jul 2025 06:02:30,0.073
04 Jul 2025 06:03:00,0.108
04 Jul 2025 06:03:30,0.091
04 Jul 2025 06:03:45,0.086
04 Jul 2025 06:04:00,0.092
04 Jul 2025 06:04:15,0.105
04 Jul 2025 06:04:30,0.071
04 Jul 2025 06:04:45,0.054
04 Jul 2025 06:05:00,0.055
04 Jul 2025 06:05:30,0.105
04 Jul 2025 06:05:45,0.064
04 Jul 2025 06:06:00,0.087
04 Jul 2025 06:06:15,0.055
04 Jul 2025 06:07:00,0.073
04 Jul 2025 06:07:30,0.066
04 Jul 2025 06:07:45,0.056
04 Jul 2025 06:08:15,0.087
04 Jul 2025 06:09:15,0.102
04 Jul 2025 06:09:30,0.080
04 Jul 2025 06:10:00,0.085
04 Jul 2025 06:10:30,0.044
04 Jul 2025 06:10:45,0.060
04 Jul 2025 06:11:00,0.058
04 Jul 2025 06:11:15,0.073
04 Jul 2025 06:11:45,0.093
04 Jul 2025 06:12:15,0.052
04 Jul 2025 06:13:15,0.086
04 Jul 2025 06:14:30,0.093
04 Jul 2025 06:15:00,0.100
04 Jul 2025 06:15:30,0.039
04 Jul 2025 06:16:00,0.088
04 Jul 2025 06:16:30,0.079
04 Jul 2025 06:16:45,0.061
04 Jul 2025 06:17:30,0.084
04 Jul 2025 06:18:45,0.081
04 Jul 2025 06:19:15,0.056
04 Jul 2025 06:19:30,0.078
04 Jul 2025 06:19:45,0.081
04 Jul 2025 06:20:00,0.044
04 Jul 2025 06:20:15,0.083
04 Jul 2025 06:20:30,0.062
04 Jul 2025 06:21:45,0.054
04 Jul 2025 06:22:15,0.068
04 Jul 2025 06:22:45,0.084
04 Jul 2025 06:24:30,0.075
04 Jul 2025 06:24:45,0.076
04 Jul 2025 06:25:00,0.073
04 Jul 2025 06:25:45,0.063
04 Jul 2025 06:26:00,0.065
04 Jul 2025 06:26:45,0.053
04 Jul 2025 06:27:00,0.069
04 Jul 2025 06:28:15,0.056
04 Jul 2025 06:29:00,0.071
04 Jul 2025 06:29:30,0.099
04 Jul 2025 06:30:00,0.069
04 Jul 2025 06:30:45,0.078
04 Jul 2025 06:31:00,0.065
04 Jul 2025 06:31:15,0.067
04 Jul 2025 06:31:30,0.076
04 Jul 2025 06:31:45,0.075
04 Jul 2025 06:32:30,0.064
04 Jul 2025 06:33:30,0.080
04 Jul 2025 06:33:45,0.064
04 Jul 2025 06:34:30,0.082
04 Jul 2025 06:35:00,0.085
04 Jul 2025 06:35:45,0.073
04 Jul 2025 06:36:15,0.067
04 Jul 2025 06:37:00,0.018
04 Jul 2025 06:37:30,0.068
04 Jul 2025 06:38:00,0.058
04 Jul 2025 06:38:30,0.077
04 Jul 2025 06:39:00,0.058
04 Jul 2025 06:39:15,0.059
04 Jul 2025 06:40:30,0.078
04 Jul 2025 06:41:45,0.037
04 Jul 2025 06:42:15,0.073
04 Jul 2025 06:43:00,0.066
04 Jul 2025 06:43:15,0.063
04 Jul 2025 06:44:00,0.071
04 Jul 2025 06:44:30,0.070
04 Jul 2025 06:44:45,0.062
04 Jul 2025 06:45:15,0.083
04 Jul 2025 06:45:30,0.064
04 Jul 2025 06:47:45,0.039
04 Jul 2025 06:48:15,0.066
04 Jul 2025 06:48:45,0.068
04 Jul 2025 06:49:00,0.058
04 Jul 2025 06:49:15,0.078
04 Jul 2025 06:49:30,0.064
04 Jul 2025 06:49:45,0.053
04 Jul 2025 06:50:15,0.053
04 Jul 2025 06:50:30,0.035
04 Jul 2025 06:51:30,0.059
04 Jul 2025 06:52:15,0.076
04 Jul 2025 06:52:30,0.069
04 Jul 2025 06:53:30,0.081
04 Jul 2025 06:54:15,0.044
04 Jul 2025 06:55:45,0.088
04 Jul 2025 06:56:00,0.079
04 Jul 2025 06:56:15,0.046
04 Jul 2025 06:56:30,0.075
04 Jul 2025 06:56:45,0.097
04 Jul 2025 06:57:00,0.043
04 Jul 2025 06:57:30,0.063
04 Jul 2025 06:58:15,0.056
04 Jul 2025 06:58:30,0.084
04 Jul 2025 06:58:45,0.053
04 Jul 2025 06:59:00,0.067
04 Jul 2025 07:00:15,0.042
04 Jul 2025 07:00:30,0.067
04 Jul 2025 07:00:45,0.068
04 Jul 2025 07:01:30,0.057
04 Jul 2025 07:01:45,0.057
04 Jul 2025 07:02:00,0.043
04 Jul 2025 07:02:45,0.071
04 Jul 2025 07:03:30,0.076
04 Jul 2025 07:04:15,0.032
04 Jul 2025 07:05:00,0.054
04 Jul 2025 07:05:15,0.079
04 Jul 2025 07:05:30,0.066
04 Jul 2025 07:06:00,0.060
04 Jul 2025 07:06:15,0.053
04 Jul 2025 07:06:30,0.026
04 Jul 2025 07:06:45,0.054
04 Jul 2025 07:07:45,0.051
04 Jul 2025 07:08:00,0.059
04 Jul 2025 07:08:15,-0.014
04 Jul 2025 07:08:30,0.024
04 Jul 2025 07:08:45,0.066
04 Jul 2025 07:09:00,0.046
04 Jul 2025 07:09:30,0.090
04 Jul 2025 07:09:45,0.069
04 Jul 2025 07:10:00,0.069
04 Jul 2025 07:11:00,0.072
04 Jul 2025 07:11:30,0.055
04 Jul 2025 07:11:45,0.066
04 Jul 2025 07:12:00,0.088
04 Jul 2025 07:12:15,0.047
04 Jul 2025 07:12:45,0.036
04 Jul 2025 07:13:00,0.075
04 Jul 2025 07:13:45,0.057
04 Jul 2025 07:14:00,0.072
04 Jul 2025 07:14:30,0.055
04 Jul 2025 07:14:45,0.051
04 Jul 2025 07:15:00,0.055
04 Jul 2025 07:15:45,0.075
04 Jul 2025 07:16:00,0.054
04 Jul 2025 07:16:15,0.053
04 Jul 2025 07:16:45,0.056
04 Jul 2025 07:17:00,0.050
04 Jul 2025 07:17:45,0.053
04 Jul 2025 07:18:15,0.034
04 Jul 2025 07:18:30,0.070
04 Jul 2025 07:18:45,0.062
04 Jul 2025 07:19:15,0.054
04 Jul 2025 07:19:30,0.019
04 Jul 2025 07:19:45,0.061
04 Jul 2025 07:20:30,0.057
04 Jul 2025 07:21:30,0.077
04 Jul 2025 07:21:45,0.049
04 Jul 2025 07:23:15,0.062
04 Jul 2025 07:23:30,0.054
04 Jul 2025 07:23:45,0.078
04 Jul 2025 07:24:00,0.073
04 Jul 2025 07:24:30,0.036
04 Jul 2025 07:25:30,0.038
04 Jul 2025 07:26:00,-0.013
04 Jul 2025 07:26:15,0.067
04 Jul 2025 07:26:30,0.055
04 Jul 2025 07:27:00,0.068
04 Jul 2025 07:27:30,0.034
04 Jul 2025 07:27:45,0.026
04 Jul 2025 07:28:30,0.086
04 Jul 2025 07:29:45,0.100
04 Jul 2025 07:30:00,0.002
04 Jul 2025 07:30:15,-0.008
04 Jul 2025 07:31:00,0.051
04 Jul 2025 07:31:15,0.105
04 Jul 2025 07:31:30,0.078
04 Jul 2025 07:31:45,0.061
04 Jul 2025 07:32:15,0.009
04 Jul 2025 07:32:30,0.057
04 Jul 2025 07:32:45,0.069
04 Jul 2025 07:33:15,0.056
04 Jul 2025 07:33:30,0.007
04 Jul 2025 07:33:45,0.000
04 Jul 2025 07:34:00,0.060
04 Jul 2025 07:34:15,0.088
04 Jul 2025 07:34:30,0.042
04 Jul 2025 07:35:00,0.071
04 Jul 2025 07:36:00,0.016
04 Jul 2025 07:36:15,0.015
04 Jul 2025 07:36:30,0.046
04 Jul 2025 07:37:30,0.013
04 Jul 2025 07:37:45,0.056
04 Jul 2025 07:38:00,0.059
04 Jul 2025 07:38:15,0.025
04 Jul 2025 07:39:00,0.088
04 Jul 2025 07:39:45,0.078
04 Jul 2025 07:40:15,0.020
04 Jul 2025 07:40:30,0.044
04 Jul 2025 07:40:45,0.036
04 Jul 2025 07:41:00,0.068
04 Jul 2025 07:41:15,0.058
04 Jul 2025 07:41:30,0.073
04 Jul 2025 07:43:00,0.051
04 Jul 2025 07:43:15,0.026
04 Jul 2025 07:43:30,0.064
04 Jul 2025 07:43:45,0.069
04 Jul 2025 07:45:15,0.012
04 Jul 2025 07:46:00,0.009
04 Jul 2025 07:46:15,0.027
04 Jul 2025 07:47:00,0.041
04 Jul 2025 07:47:15,0.040
04 Jul 2025 07:47:30,0.066
04 Jul 2025 07:48:30,0.051
04 Jul 2025 07:48:45,0.065
04 Jul 2025 07:49:00,0.024
04 Jul 2025 07:49:15,0.003
04 Jul 2025 07:49:30,0.053
04 Jul 2025 07:49:45,0.111
04 Jul 2025 07:50:15,0.016
04 Jul 2025 07:50:45,0.014
04 Jul 2025 07:51:15,0.136
04 Jul 2025 07:51:30,0.138
04 Jul 2025 07:51:45,-0.096
04 Jul 2025 07:52:00,-0.033
04 Jul 2025 07:52:15,-0.021
04 Jul 2025 07:52:30,0.024
04 Jul 2025 07:52:45,0.057
04 Jul 2025 07:53:00,0.097
04 Jul 2025 07:53:30,0.005
04 Jul 2025 07:53:45,0.051
04 Jul 2025 07:54:00,0.055
04 Jul 2025 07:54:15,0.048
04 Jul 2025 07:54:45,-0.013
04 Jul 2025 07:55:15,0.085
04 Jul 2025 07:56:00,0.046
04 Jul 2025 07:56:15,0.045
04 Jul 2025 07:56:30,0.079
04 Jul 2025 07:57:30,0.043
04 Jul 2025 07:57:45,0.024
04 Jul 2025 07:58:45,0.078
04 Jul 2025 07:59:30,0.034
04 Jul 2025 07:59:45,0.035
04 Jul 2025 08:00:15,0.051
04 Jul 2025 08:01:00,0.054
04 Jul 2025 08:01:15,0.044
04 Jul 2025 08:01:30,0.014
04 Jul 2025 08:01:45,0.075
04 Jul 2025 08:02:15,0.055
04 Jul 2025 08:03:00,0.033
04 Jul 2025 08:03:45,0.019
04 Jul 2025 08:04:30,0.052
04 Jul 2025 08:04:45,0.031
04 Jul 2025 08:05:00,0.013
04 Jul 2025 08:05:30,0.076
04 Jul 2025 08:05:45,0.055
04 Jul 2025 08:06:00,0.070
04 Jul 2025 08:06:15,0.048
04 Jul 2025 08:06:30,-0.001
04 Jul 2025 08:07:00,0.028
04 Jul 2025 08:07:15,0.042
04 Jul 2025 08:08:00,-0.014
04 Jul 2025 08:08:15,0.049
04 Jul 2025 08:08:30,0.048
04 Jul 2025 08:08:45,0.053
04 Jul 2025 08:09:00,0.039
04 Jul 2025 08:09:15,0.004
04 Jul 2025 08:10:00,0.035
04 Jul 2025 08:10:30,0.039
04 Jul 2025 08:11:00,0.047
04 Jul 2025 08:12:15,0.047
04 Jul 2025 08:12:30,0.038
04 Jul 2025 08:13:00,0.059
04 Jul 2025 08:13:15,0.079
04 Jul 2025 08:13:30,0.019
04 Jul 2025 08:13:45,0.043
04 Jul 2025 08:14:00,0.039
04 Jul 2025 08:14:30,0.020
04 Jul 2025 08:15:00,0.038
04 Jul 2025 08:15:45,0.038
04 Jul 2025 08:16:30,0.033
04 Jul 2025 08:16:45,0.080
04 Jul 2025 08:17:00,0.049
04 Jul 2025 08:17:30,0.061
04 Jul 2025 08:18:30,0.052
04 Jul 2025 08:19:00,0.048
04 Jul 2025 08:19:15,0.029
04 Jul 2025 08:19:30,0.032
04 Jul 2025 08:19:45,0.016
04 Jul 2025 08:20:45,0.023
04 Jul 2025 08:21:15,0.028
04 Jul 2025 08:21:30,0.057
04 Jul 2025 08:22:30,0.023
04 Jul 2025 08:23:00,0.006
04 Jul 2025 08:23:45,0.037
04 Jul 2025 08:24:00,0.061
04 Jul 2025 08:25:15,0.054
04 Jul 2025 08:25:45,0.045
04 Jul 2025 08:26:45,0.056
04 Jul 2025 08:27:15,0.051
04 Jul 2025 08:27:30,0.063
04 Jul 2025 08:27:45,0.035
04 Jul 2025 08:28:15,0.074
04 Jul 2025 08:28:30,0.076
04 Jul 2025 08:28:45,0.053
04 Jul 2025 08:29:30,0.041
04 Jul 2025 08:30:15,0.044
04 Jul 2025 08:30:30,0.049
04 Jul 2025 08:30:45,0.034
04 Jul 2025 08:31:00,0.036
04 Jul 2025 08:31:30,0.039
04 Jul 2025 08:31:45,0.038
04 Jul 2025 08:33:30,0.034
04 Jul 2025 08:33:45,0.055
04 Jul 2025 08:34:30,-0.014
04 Jul 2025 08:35:00,0.001
04 Jul 2025 08:35:15,0.098
04 Jul 2025 08:35:30,0.082
04 Jul 2025 08:36:00,0.027
04 Jul 2025 08:37:15,0.019
04 Jul 2025 08:37:30,0.074
04 Jul 2025 08:37:45,0.090
04 Jul 2025 08:38:00,0.039
04 Jul 2025 08:38:15,0.036
04 Jul 2025 08:38:30,0.058
04 Jul 2025 08:38:45,0.082
04 Jul 2025 08:39:30,0.048
04 Jul 2025 08:40:30,0.064
04 Jul 2025 08:40:45,0.029
04 Jul 2025 08:41:45,0.051
04 Jul 2025 08:42:15,0.083
04 Jul 2025 08:42:45,0.088
04 Jul 2025 08:43:00,0.053
04 Jul 2025 08:43:30,0.033
04 Jul 2025 08:44:30,0.045
04 Jul 2025 08:45:00,0.046
04 Jul 2025 08:47:00,0.070
04 Jul 2025 08:47:15,0.048
04 Jul 2025 08:47:30,0.102
04 Jul 2025 08:48:00,0.034
04 Jul 2025 08:48:15,0.014
04 Jul 2025 08:48:30,0.093
04 Jul 2025 08:48:45,0.022
04 Jul 2025 08:49:45,0.062
04 Jul 2025 08:50:15,0.071
04 Jul 2025 08:50:30,0.113
04 Jul 2025 08:51:15,0.100
04 Jul 2025 08:52:00,0.074
04 Jul 2025 08:52:15,0.044
04 Jul 2025 08:54:15,0.067
04 Jul 2025 08:54:30,0.036
04 Jul 2025 08:54:45,0.049
04 Jul 2025 08:55:00,0.087
04 Jul 2025 08:56:15,0.015
04 Jul 2025 08:56:30,0.101
04 Jul 2025 08:56:45,0.072
04 Jul 2025 08:57:30,0.067
04 Jul 2025 08:58:15,0.012
04 Jul 2025 09:00:00,0.043
04 Jul 2025 09:01:00,0.043
04 Jul 2025 09:02:00,0.094
04 Jul 2025 09:03:00,0.029
04 Jul 2025 09:03:15,0.041
04 Jul 2025 09:03:45,0.053
04 Jul 2025 09:04:00,0.024
04 Jul 2025 09:04:15,0.042
04 Jul 2025 09:04:30,0.045
04 Jul 2025 09:06:15,0.039
04 Jul 2025 09:07:00,0.016
04 Jul 2025 09:07:30,0.062
04 Jul 2025 09:09:00,0.090
04 Jul 2025 09:09:30,0.010
04 Jul 2025 09:09:45,0.045
04 Jul 2025 09:10:00,0.072
04 Jul 2025 09:11:00,0.004
04 Jul 2025 09:11:15,0.035
04 Jul 2025 09:11:30,0.047
04 Jul 2025 09:11:45,0.043
04 Jul 2025 09:12:00,0.023
04 Jul 2025 09:12:30,0.063
04 Jul 2025 09:13:30,0.075
04 Jul 2025 09:13:45,0.041
04 Jul 2025 09:14:30,0.028
04 Jul 2025 09:14:45,0.055
04 Jul 2025 09:15:30,0.034
04 Jul 2025 09:15:45,0.001
04 Jul 2025 09:16:00,0.035
04 Jul 2025 09:16:15,0.042
04 Jul 2025 09:16:45,0.053
04 Jul 2025 09:17:00,0.077
04 Jul 2025 09:17:15,0.053
04 Jul 2025 09:17:30,0.060
04 Jul 2025 09:17:45,0.055
04 Jul 2025 09:18:15,0.068
04 Jul 2025 09:19:15,0.064
04 Jul 2025 09:19:45,0.054
04 Jul 2025 09:20:00,0.071
04 Jul 2025 09:20:30,0.069
04 Jul 2025 09:20:45,0.049
04 Jul 2025 09:21:45,0.065
04 Jul 2025 09:22:00,0.035
04 Jul 2025 09:22:15,0.064
04 Jul 2025 09:22:30,0.068
04 Jul 2025 09:22:45,0.037
04 Jul 2025 09:23:00,0.055
04 Jul 2025 09:24:00,0.035
04 Jul 2025 09:24:30,0.049
04 Jul 2025 09:25:00,0.083
04 Jul 2025 09:25:15,0.043
04 Jul 2025 09:25:45,0.031
04 Jul 2025 09:26:15,0.051
04 Jul 2025 09:26:45,0.066
04 Jul 2025 09:27:00,0.049
04 Jul 2025 09:27:15,0.060
04 Jul 2025 09:27:45,0.046
04 Jul 2025 09:28:15,0.071
04 Jul 2025 09:29:00,0.093
04 Jul 2025 09:29:15,0.066
04 Jul 2025 09:30:00,0.050
04 Jul 2025 09:30:15,0.062
04 Jul 2025 09:32:00,0.100
04 Jul 2025 09:32:30,0.031
04 Jul 2025 09:33:00,0.069
04 Jul 2025 09:33:45,0.070
04 Jul 2025 09:34:15,0.050
04 Jul 2025 09:34:30,0.048
04 Jul 2025 09:34:45,0.028
04 Jul 2025 09:35:00,0.051
04 Jul 2025 09:35:15,0.052
04 Jul 2025 09:35:45,0.043
04 Jul 2025 09:37:15,0.077
04 Jul 2025 09:37:30,0.082
04 Jul 2025 09:38:30,0.079
04 Jul 2025 09:38:45,0.071
04 Jul 2025 09:39:00,0.047
04 Jul 2025 09:39:15,0.043
04 Jul 2025 09:39:30,0.043
04 Jul 2025 09:39:45,0.032
04 Jul 2025 09:40:00,0.033
04 Jul 2025 09:40:15,0.053
04 Jul 2025 09:40:30,0.041
04 Jul 2025 09:41:15,0.071
04 Jul 2025 09:41:45,0.065
04 Jul 2025 09:42:00,0.070
04 Jul 2025 09:43:00,0.038
04 Jul 2025 09:43:45,0.055
04 Jul 2025 09:44:00,0.065
04 Jul 2025 09:44:30,0.033
04 Jul 2025 09:44:45,0.063
04 Jul 2025 09:45:15,0.039
04 Jul 2025 09:45:30,0.072
04 Jul 2025 09:46:45,0.068
04 Jul 2025 09:47:00,0.054
04 Jul 2025 09:47:45,0.076
04 Jul 2025 09:48:00,0.060
04 Jul 2025 09:48:15,0.090
04 Jul 2025 09:48:45,0.073
04 Jul 2025 09:49:15,0.025
04 Jul 2025 09:49:45,0.083
04 Jul 2025 09:50:15,0.036
04 Jul 2025 09:50:30,0.063
04 Jul 2025 09:50:45,0.071
04 Jul 2025 09:51:15,0.062
04 Jul 2025 09:51:45,0.039
04 Jul 2025 09:52:00,0.082
04 Jul 2025 09:52:30,0.038
04 Jul 2025 09:52:45,0.074
04 Jul 2025 09:53:00,0.083
04 Jul 2025 09:53:15,0.041
04 Jul 2025 09:53:45,0.058
04 Jul 2025 09:54:45,0.077
04 Jul 2025 09:55:00,0.052
04 Jul 2025 09:55:30,0.073
04 Jul 2025 09:55:45,0.062
04 Jul 2025 09:56:00,0.050
04 Jul 2025 09:56:15,0.075
04 Jul 2025 09:56:30,0.073
04 Jul 2025 09:56:45,0.041
04 Jul 2025 09:57:15,0.045
04 Jul 2025 09:57:30,0.055
04 Jul 2025 09:58:15,0.044
04 Jul 2025 09:58:45,0.047
04 Jul 2025 10:00:00,0.092
04 Jul 2025 10:00:30,0.055
04 Jul 2025 10:01:15,0.039
04 Jul 2025 10:01:30,0.044
04 Jul 2025 10:01:45,0.050
04 Jul 2025 10:02:00,0.087
04 Jul 2025 10:02:30,0.089
04 Jul 2025 10:03:00,0.051
04 Jul 2025 10:04:00,0.009
04 Jul 2025 10:04:15,0.045
04 Jul 2025 10:04:30,0.060
04 Jul 2025 10:04:45,0.077
04 Jul 2025 10:05:00,0.073
04 Jul 2025 10:05:30,0.074
04 Jul 2025 10:06:00,0.046
04 Jul 2025 10:06:45,0.074
04 Jul 2025 10:07:00,0.062
04 Jul 2025 10:09:00,0.118
04 Jul 2025 10:09:15,0.015
04 Jul 2025 10:09:45,0.093
04 Jul 2025 10:10:00,0.055
04 Jul 2025 10:11:30,0.044
04 Jul 2025 10:12:00,0.077
04 Jul 2025 10:12:15,0.115
04 Jul 2025 10:12:30,0.053
04 Jul 2025 10:13:45,0.064
04 Jul 2025 10:14:30,0.083
04 Jul 2025 10:14:45,0.058
04 Jul 2025 10:15:00,0.106
04 Jul 2025 10:15:45,0.066
04 Jul 2025 10:16:15,0.072
04 Jul 2025 10:16:30,0.031
04 Jul 2025 10:17:15,0.081
04 Jul 2025 10:18:00,0.062
04 Jul 2025 10:18:15,0.061
04 Jul 2025 10:18:45,0.055
04 Jul 2025 10:19:00,0.083
04 Jul 2025 10:20:00,0.044
04 Jul 2025 10:20:15,0.086
04 Jul 2025 10:20:45,0.091
04 Jul 2025 10:21:00,0.055
04 Jul 2025 10:21:15,0.049
04 Jul 2025 10:23:00,0.053
04 Jul 2025 10:23:30,0.079
04 Jul 2025 10:23:45,0.043
04 Jul 2025 10:24:00,0.051
04 Jul 2025 10:25:15,0.068
04 Jul 2025 10:25:45,0.050
04 Jul 2025 10:26:00,0.067
04 Jul 2025 10:27:45,0.065
04 Jul 2025 10:28:00,0.071
04 Jul 2025 10:28:15,0.072
04 Jul 2025 10:28:30,0.110
04 Jul 2025 10:28:45,0.086
04 Jul 2025 10:29:30,0.108
04 Jul 2025 10:30:15,0.088
04 Jul 2025 10:30:45,0.055
04 Jul 2025 10:31:45,0.070
04 Jul 2025 10:32:15,0.045
04 Jul 2025 10:33:00,0.085
04 Jul 2025 10:33:15,0.083
04 Jul 2025 10:33:45,0.081
04 Jul 2025 10:34:30,0.102
04 Jul 2025 10:35:30,0.086
04 Jul 2025 10:35:45,0.072
04 Jul 2025 10:36:00,0.054
04 Jul 2025 10:36:30,0.084
04 Jul 2025 10:36:45,0.088
04 Jul 2025 10:37:15,0.069
04 Jul 2025 10:38:00,0.063
04 Jul 2025 10:38:30,0.042
04 Jul 2025 10:39:00,0.100
04 Jul 2025 10:39:45,0.052
04 Jul 2025 10:40:00,0.068
04 Jul 2025 10:40:30,0.063
04 Jul 2025 10:41:00,0.070
04 Jul 2025 10:42:30,0.075
04 Jul 2025 10:43:30,0.077
04 Jul 2025 10:44:15,0.057
04 Jul 2025 10:44:30,0.105
04 Jul 2025 10:45:30,0.097
04 Jul 2025 10:46:15,0.083
04 Jul 2025 10:46:30,0.051
04 Jul 2025 10:47:15,0.073
04 Jul 2025 10:47:30,0.072
04 Jul 2025 10:48:00,0.084
04 Jul 2025 10:48:15,0.068
04 Jul 2025 10:48:30,0.097
04 Jul 2025 10:48:45,0.071
04 Jul 2025 10:49:15,0.053
04 Jul 2025 10:49:30,0.063
04 Jul 2025 10:50:00,0.076
04 Jul 2025 10:50:45,0.073
04 Jul 2025 10:51:00,0.072
04 Jul 2025 10:51:15,0.085
04 Jul 2025 10:51:45,0.084
04 Jul 2025 10:52:00,0.050
04 Jul 2025 10:52:30,0.115
04 Jul 2025 10:53:00,0.135
04 Jul 2025 10:53:30,0.113
04 Jul 2025 10:54:00,0.076
04 Jul 2025 10:54:15,0.089
04 Jul 2025 10:55:00,0.106
04 Jul 2025 10:56:00,0.096
04 Jul 2025 10:56:15,0.125
04 Jul 2025 10:57:00,0.086
04 Jul 2025 10:57:30,0.055
04 Jul 2025 10:57:45,0.078
04 Jul 2025 10:58:15,0.085
04 Jul 2025 10:58:45,0.125
04 Jul 2025 10:59:45,0.105
04 Jul 2025 11:00:30,0.084
04 Jul 2025 11:01:15,0.084
04 Jul 2025 11:02:30,0.092
04 Jul 2025 11:02:45,0.041
04 Jul 2025 11:03:15,0.080
04 Jul 2025 11:04:00,0.059
04 Jul 2025 11:04:30,0.097
04 Jul 2025 11:05:30,0.083
04 Jul 2025 11:05:45,0.127
04 Jul 2025 11:06:00,0.036
04 Jul 2025 11:06:15,0.036
04 Jul 2025 11:06:30,0.094
04 Jul 2025 11:06:45,0.072
04 Jul 2025 11:07:00,0.055
04 Jul 2025 11:07:15,0.084
04 Jul 2025 11:07:30,0.101
04 Jul 2025 11:08:00,0.058
04 Jul 2025 11:08:30,0.126
04 Jul 2025 11:08:45,0.092
04 Jul 2025 11:09:15,0.063
04 Jul 2025 11:09:45,0.106
04 Jul 2025 11:10:15,0.116
04 Jul 2025 11:10:30,0.081
04 Jul 2025 11:11:00,0.107
04 Jul 2025 11:11:30,0.063
04 Jul 2025 11:11:45,0.091
04 Jul 2025 11:12:00,0.065
04 Jul 2025 11:12:30,0.108
04 Jul 2025 11:13:00,0.087
04 Jul 2025 11:14:00,0.089
04 Jul 2025 11:15:00,0.117
04 Jul 2025 11:15:15,0.055
04 Jul 2025 11:15:30,0.070
04 Jul 2025 11:16:30,0.082
04 Jul 2025 11:16:45,0.079
04 Jul 2025 11:17:00,0.079
04 Jul 2025 11:17:15,0.092
04 Jul 2025 11:17:30,0.090
04 Jul 2025 11:18:00,0.131
04 Jul 2025 11:18:30,0.156
04 Jul 2025 11:19:00,0.074
04 Jul 2025 11:19:45,0.100
04 Jul 2025 11:20:00,0.086
04 Jul 2025 11:20:15,0.128
04 Jul 2025 11:21:00,0.074
04 Jul 2025 11:21:15,0.108
04 Jul 2025 11:21:30,0.062
04 Jul 2025 11:21:45,0.086
04 Jul 2025 11:22:15,0.098
04 Jul 2025 11:23:00,0.079
04 Jul 2025 11:23:45,0.078
04 Jul 2025 11:24:00,0.097
04 Jul 2025 11:24:15,0.106
04 Jul 2025 11:24:30,0.088
04 Jul 2025 11:25:00,0.088
04 Jul 2025 11:25:30,0.051
04 Jul 2025 11:26:30,0.107
04 Jul 2025 11:26:45,0.095
04 Jul 2025 11:27:00,0.065
04 Jul 2025 11:27:15,0.104
04 Jul 2025 11:27:30,0.109
04 Jul 2025 11:28:15,0.089
04 Jul 2025 11:29:00,0.100
04 Jul 2025 11:30:00,0.075
04 Jul 2025 11:30:30,0.103
04 Jul 2025 11:31:15,0.105
04 Jul 2025 11:31:30,0.103
04 Jul 2025 11:32:15,0.143
04 Jul 2025 11:35:15,0.100
04 Jul 2025 11:35:30,0.108
04 Jul 2025 11:35:45,0.102
04 Jul 2025 11:36:30,0.077
04 Jul 2025 11:37:00,0.125
04 Jul 2025 11:37:15,0.116
04 Jul 2025 11:37:30,0.075
04 Jul 2025 11:38:45,0.095
04 Jul 2025 11:39:30,0.070
04 Jul 2025 11:40:00,0.065
04 Jul 2025 11:40:15,0.119
04 Jul 2025 11:40:30,0.135
04 Jul 2025 11:42:30,0.130
04 Jul 2025 11:42:45,0.102
04 Jul 2025 11:43:00,0.073
04 Jul 2025 11:43:30,0.060
04 Jul 2025 11:43:45,0.109
04 Jul 2025 11:44:15,0.088
04 Jul 2025 11:44:45,0.149
04 Jul 2025 11:45:15,0.096
04 Jul 2025 11:46:00,0.171
04 Jul 2025 11:46:15,0.000
04 Jul 2025 11:46:30,0.032
04 Jul 2025 11:46:45,0.042
04 Jul 2025 11:48:00,0.109
04 Jul 2025 11:48:15,0.088
04 Jul 2025 11:48:30,0.092
04 Jul 2025 11:49:15,0.082
04 Jul 2025 11:49:30,0.074
04 Jul 2025 11:50:00,0.128
04 Jul 2025 11:50:30,0.102
04 Jul 2025 11:51:15,0.109
04 Jul 2025 11:51:45,0.095
04 Jul 2025 11:52:15,0.108
04 Jul 2025 11:52:45,0.132
04 Jul 2025 11:53:00,0.090
04 Jul 2025 11:53:15,0.096
04 Jul 2025 11:53:45,0.110
04 Jul 2025 11:54:00,0.121
04 Jul 2025 11:54:15,0.074
04 Jul 2025 11:54:30,0.120
04 Jul 2025 11:54:45,0.151
04 Jul 2025 11:55:30,0.075
04 Jul 2025 11:55:45,0.103
04 Jul 2025 11:56:00,0.132
04 Jul 2025 11:56:30,0.135
04 Jul 2025 11:56:45,0.164
04 Jul 2025 11:57:00,0.098
04 Jul 2025 11:57:30,0.152
04 Jul 2025 11:57:45,0.087
04 Jul 2025 12:00:00,0.106
04 Jul 2025 12:00:45,0.101
04 Jul 2025 12:01:15,0.149
04 Jul 2025 12:01:30,0.115
04 Jul 2025 12:01:45,0.142
04 Jul 2025 12:02:15,0.134
04 Jul 2025 12:02:30,0.078
04 Jul 2025 12:03:00,0.118
04 Jul 2025 12:03:15,0.134
04 Jul 2025 12:05:15,0.148
04 Jul 2025 12:06:00,0.130
04 Jul 2025 12:06:15,0.114
04 Jul 2025 12:06:45,0.107
04 Jul 2025 12:07:00,0.133
04 Jul 2025 12:08:45,0.101
04 Jul 2025 12:10:00,0.083
04 Jul 2025 12:11:45,0.096
04 Jul 2025 12:13:15,0.113
04 Jul 2025 12:13:30,0.065
04 Jul 2025 12:13:45,0.110
04 Jul 2025 12:14:00,0.109
04 Jul 2025 12:14:30,0.095
04 Jul 2025 12:15:00,0.103
04 Jul 2025 12:15:15,0.096
04 Jul 2025 12:15:30,0.108
04 Jul 2025 12:15:45,0.105
04 Jul 2025 12:16:30,0.105
04 Jul 2025 12:17:30,0.130
04 Jul 2025 12:17:45,0.129
04 Jul 2025 12:18:00,0.136
04 Jul 2025 12:18:15,0.115
04 Jul 2025 12:18:30,0.107
04 Jul 2025 12:18:45,0.130
04 Jul 2025 12:19:30,0.115
04 Jul 2025 12:20:30,0.119
04 Jul 2025 12:22:15,0.114
04 Jul 2025 12:23:00,0.095
04 Jul 2025 12:23:15,0.101
04 Jul 2025 12:23:45,0.098
04 Jul 2025 12:25:30,0.136
04 Jul 2025 12:26:45,0.110
04 Jul 2025 12:28:15,0.112
04 Jul 2025 12:29:15,0.142
04 Jul 2025 12:29:45,0.092
04 Jul 2025 12:30:00,0.108
04 Jul 2025 12:30:15,0.145
04 Jul 2025 12:30:45,0.098
04 Jul 2025 12:31:00,0.124
04 Jul 2025 12:31:15,0.120
04 Jul 2025 12:32:15,0.110
04 Jul 2025 12:33:00,0.127
04 Jul 2025 12:33:15,0.120
04 Jul 2025 12:33:30,0.113
04 Jul 2025 12:34:15,0.121
04 Jul 2025 12:34:30,0.140
04 Jul 2025 12:34:45,0.126
04 Jul 2025 12:35:15,0.125
04 Jul 2025 12:35:45,0.087
04 Jul 2025 12:36:00,0.107
04 Jul 2025 12:37:00,0.105
04 Jul 2025 12:37:15,0.109
04 Jul 2025 12:37:30,0.121
04 Jul 2025 12:39:15,0.122
04 Jul 2025 12:39:45,0.082
04 Jul 2025 12:40:00,0.127
04 Jul 2025 12:40:15,0.089
04 Jul 2025 12:41:30,0.105
04 Jul 2025 12:42:00,0.115
04 Jul 2025 12:42:30,0.132
04 Jul 2025 12:43:00,0.105
04 Jul 2025 12:43:45,0.129
04 Jul 2025 12:44:15,0.141
04 Jul 2025 12:44:30,0.097
04 Jul 2025 12:45:00,0.142
04 Jul 2025 12:45:30,0.141
04 Jul 2025 12:46:00,0.136
04 Jul 2025 12:46:15,0.133
04 Jul 2025 12:47:15,0.134
04 Jul 2025 12:47:45,0.091
04 Jul 2025 12:48:15,0.095
04 Jul 2025 12:48:45,0.091
04 Jul 2025 12:49:15,0.136
04 Jul 2025 12:49:45,0.127
04 Jul 2025 12:50:30,0.104
04 Jul 2025 12:50:45,0.083
04 Jul 2025 12:51:00,0.092
04 Jul 2025 12:52:30,0.113
04 Jul 2025 12:52:45,0.110
04 Jul 2025 12:53:15,0.099
04 Jul 2025 12:53:30,0.139
04 Jul 2025 12:55:30,0.130
04 Jul 2025 12:56:00,0.159
04 Jul 2025 12:56:15,0.138
04 Jul 2025 12:56:45,0.140
04 Jul 2025 12:57:15,0.108
04 Jul 2025 12:58:15,0.132
04 Jul 2025 12:59:15,0.144
04 Jul 2025 13:01:15,0.115
04 Jul 2025 13:02:00,0.124
04 Jul 2025 13:02:30,0.144
04 Jul 2025 13:03:00,0.106
04 Jul 2025 13:03:15,0.129
04 Jul 2025 13:03:30,0.135
04 Jul 2025 13:03:45,0.145
04 Jul 2025 13:04:30,0.140
04 Jul 2025 13:05:00,0.107
04 Jul 2025 13:05:30,0.120
04 Jul 2025 13:05:45,0.104
04 Jul 2025 13:06:15,0.123
04 Jul 2025 13:06:30,0.156
04 Jul 2025 13:06:45,0.097
04 Jul 2025 13:07:15,0.167
04 Jul 2025 13:08:15,0.117
04 Jul 2025 13:08:30,0.136
04 Jul 2025 13:08:45,0.113
04 Jul 2025 13:09:00,0.139
04 Jul 2025 13:09:30,0.145
04 Jul 2025 13:10:00,0.125
04 Jul 2025 13:10:15,0.118
04 Jul 2025 13:10:45,0.105
04 Jul 2025 13:11:00,0.103
04 Jul 2025 13:12:15,0.133
04 Jul 2025 13:13:00,0.160
04 Jul 2025 13:13:45,0.161
04 Jul 2025 13:14:00,0.154
04 Jul 2025 13:14:45,0.156
04 Jul 2025 13:15:00,0.158
04 Jul 2025 13:15:15,0.143
04 Jul 2025 13:15:30,0.132
04 Jul 2025 13:15:45,0.130
04 Jul 2025 13:16:15,0.133
04 Jul 2025 13:16:30,0.160
04 Jul 2025 13:16:45,0.147
04 Jul 2025 13:17:15,0.071
04 Jul 2025 13:18:00,0.125
04 Jul 2025 13:18:15,0.088
04 Jul 2025 13:18:30,0.150
04 Jul 2025 13:18:45,0.154
04 Jul 2025 13:19:15,0.124
04 Jul 2025 13:19:30,0.154
04 Jul 2025 13:20:00,0.146
04 Jul 2025 13:20:15,0.128
04 Jul 2025 13:21:00,0.135
04 Jul 2025 13:21:30,0.120
04 Jul 2025 13:21:45,0.122
04 Jul 2025 13:22:00,0.147
04 Jul 2025 13:22:45,0.124
04 Jul 2025 13:23:00,0.154
04 Jul 2025 13:23:45,0.124
04 Jul 2025 13:24:15,0.148
04 Jul 2025 13:24:45,0.128
04 Jul 2025 13:25:30,0.169
04 Jul 2025 13:25:45,0.122
04 Jul 2025 13:26:00,0.171
04 Jul 2025 13:26:45,0.145
04 Jul 2025 13:27:15,0.153
04 Jul 2025 13:27:30,0.185
04 Jul 2025 13:27:45,0.148
04 Jul 2025 13:28:15,0.143
04 Jul 2025 13:28:30,0.113
04 Jul 2025 13:28:45,0.145
04 Jul 2025 13:29:45,0.165
04 Jul 2025 13:30:30,0.108
04 Jul 2025 13:31:15,0.135
04 Jul 2025 13:31:30,0.156
04 Jul 2025 13:31:45,0.102
04 Jul 2025 13:33:00,0.143
04 Jul 2025 13:33:15,0.154
04 Jul 2025 13:33:30,0.146
04 Jul 2025 13:33:45,0.129
04 Jul 2025 13:34:15,0.127
04 Jul 2025 13:35:45,0.143
04 Jul 2025 13:36:00,0.139
04 Jul 2025 13:36:30,0.168
04 Jul 2025 13:37:00,0.146
04 Jul 2025 13:38:15,0.142
04 Jul 2025 13:39:00,0.159
04 Jul 2025 13:39:30,0.127
04 Jul 2025 13:39:45,0.148
04 Jul 2025 13:40:45,0.153
04 Jul 2025 13:41:00,0.125
04 Jul 2025 13:41:15,0.153
04 Jul 2025 13:42:15,0.181
04 Jul 2025 13:42:30,0.157
04 Jul 2025 13:43:15,0.179
04 Jul 2025 13:43:30,0.152
04 Jul 2025 13:43:45,0.119
04 Jul 2025 13:44:00,0.121
04 Jul 2025 13:44:30,0.177
04 Jul 2025 13:45:15,0.125
04 Jul 2025 13:46:15,0.135
04 Jul 2025 13:46:45,0.114
04 Jul 2025 13:47:45,0.142
04 Jul 2025 13:48:15,0.096
04 Jul 2025 13:49:15,0.115
04 Jul 2025 13:50:00,0.120
04 Jul 2025 13:50:15,0.165
04 Jul 2025 13:50:30,0.134
04 Jul 2025 13:51:45,0.136
04 Jul 2025 13:52:15,0.132
04 Jul 2025 13:52:45,0.117
04 Jul 2025 13:53:30,0.143
04 Jul 2025 13:53:45,0.124
04 Jul 2025 13:55:00,0.174
04 Jul 2025 13:55:45,0.145
04 Jul 2025 13:56:00,0.179
04 Jul 2025 13:56:15,0.150
04 Jul 2025 13:56:45,0.112
04 Jul 2025 13:57:15,0.137
04 Jul 2025 13:58:00,0.157
04 Jul 2025 13:58:30,0.144
04 Jul 2025 13:58:45,0.127
04 Jul 2025 13:59:15,0.132
04 Jul 2025 13:59:30,0.133
04 Jul 2025 13:59:45,0.154
04 Jul 2025 14:00:15,0.127
04 Jul 2025 14:00:45,0.130
04 Jul 2025 14:01:30,0.095
04 Jul 2025 14:01:45,0.157
04 Jul 2025 14:02:00,0.151
04 Jul 2025 14:02:15,0.153
04 Jul 2025 14:03:15,0.140
04 Jul 2025 14:03:30,0.170
04 Jul 2025 14:04:30,0.132
04 Jul 2025 14:05:00,0.126
04 Jul 2025 14:05:15,0.132
04 Jul 2025 14:05:30,0.140
04 Jul 2025 14:06:00,0.159
04 Jul 2025 14:06:15,0.150
04 Jul 2025 14:07:00,0.164
04 Jul 2025 14:07:15,0.161
04 Jul 2025 14:07:30,0.131
04 Jul 2025 14:07:45,0.164
04 Jul 2025 14:08:00,0.160
04 Jul 2025 14:08:15,0.175
04 Jul 2025 14:08:30,0.128
04 Jul 2025 14:09:00,0.168
04 Jul 2025 14:09:30,0.161
04 Jul 2025 14:09:45,0.176
04 Jul 2025 14:10:45,0.156
04 Jul 2025 14:11:15,0.189
04 Jul 2025 14:12:15,0.156
04 Jul 2025 14:12:45,0.139
04 Jul 2025 14:13:15,0.123
04 Jul 2025 14:13:45,0.131
04 Jul 2025 14:14:00,0.187
04 Jul 2025 14:15:00,0.145
04 Jul 2025 14:15:15,0.167
04 Jul 2025 14:15:30,0.150
04 Jul 2025 14:15:45,0.137
04 Jul 2025 14:16:00,0.168
04 Jul 2025 14:16:15,0.113
04 Jul 2025 14:16:30,0.156
04 Jul 2025 14:18:15,0.165
04 Jul 2025 14:18:45,0.179
04 Jul 2025 14:19:45,0.151
04 Jul 2025 14:20:00,0.150
04 Jul 2025 14:21:00,0.141
04 Jul 2025 14:21:15,0.163
04 Jul 2025 14:22:00,0.160
04 Jul 2025 14:22:30,0.131
04 Jul 2025 14:23:00,0.159
04 Jul 2025 14:24:00,0.088
04 Jul 2025 14:24:30,0.158
04 Jul 2025 14:25:00,0.127
04 Jul 2025 14:25:15,0.138
04 Jul 2025 14:25:30,0.132
04 Jul 2025 14:25:45,0.156
04 Jul 2025 14:26:15,0.151
04 Jul 2025 14:26:30,0.163
04 Jul 2025 14:27:00,0.173
04 Jul 2025 14:27:15,0.170
04 Jul 2025 14:28:00,0.115
04 Jul 2025 14:28:15,0.141
04 Jul 2025 14:29:00,0.142
04 Jul 2025 14:29:15,0.153
04 Jul 2025 14:29:30,0.139
04 Jul 2025 14:29:45,0.150
04 Jul 2025 14:30:15,0.180
04 Jul 2025 14:31:00,0.136
04 Jul 2025 14:31:15,0.135
04 Jul 2025 14:31:30,0.166
04 Jul 2025 14:33:30,0.144
04 Jul 2025 14:33:45,0.142
04 Jul 2025 14:34:00,0.131
04 Jul 2025 14:34:15,0.138
04 Jul 2025 14:36:00,0.148
04 Jul 2025 14:36:45,0.150
04 Jul 2025 14:37:00,0.182
04 Jul 2025 14:38:00,0.138
04 Jul 2025 14:39:30,0.172
04 Jul 2025 14:40:15,0.133
04 Jul 2025 14:40:45,0.091
04 Jul 2025 14:41:00,0.153
04 Jul 2025 14:41:45,0.089
04 Jul 2025 14:42:00,0.161
04 Jul 2025 14:42:45,0.180
04 Jul 2025 14:43:30,0.137
04 Jul 2025 14:44:00,0.112
04 Jul 2025 14:44:15,0.199
04 Jul 2025 14:44:30,0.162
04 Jul 2025 14:45:00,0.170
04 Jul 2025 14:45:45,0.130
04 Jul 2025 14:46:00,0.161
04 Jul 2025 14:46:45,0.194
04 Jul 2025 14:47:15,0.190
04 Jul 2025 14:48:00,0.160
04 Jul 2025 14:48:15,0.172
04 Jul 2025 14:48:30,0.135
04 Jul 2025 14:48:45,0.163
04 Jul 2025 14:49:45,0.134
04 Jul 2025 14:50:00,0.149
04 Jul 2025 14:51:00,0.134
04 Jul 2025 14:51:15,0.152
04 Jul 2025 14:52:15,0.153
04 Jul 2025 14:52:30,0.134
04 Jul 2025 14:53:45,0.135
04 Jul 2025 14:54:00,0.133
04 Jul 2025 14:54:15,0.150
04 Jul 2025 14:54:30,0.162
04 Jul 2025 14:54:45,0.169
04 Jul 2025 14:55:15,0.134
04 Jul 2025 14:55:30,0.149
04 Jul 2025 14:56:00,0.163
04 Jul 2025 14:57:00,0.127
04 Jul 2025 14:57:15,0.161
04 Jul 2025 14:57:30,0.172
04 Jul 2025 14:58:15,0.158
04 Jul 2025 14:58:45,0.124
04 Jul 2025 14:59:00,0.188
04 Jul 2025 14:59:15,0.117
04 Jul 2025 14:59:30,0.173
04 Jul 2025 14:59:45,0.113
04 Jul 2025 15:00:45,0.127
04 Jul 2025 15:01:00,0.127
04 Jul 2025 15:01:15,0.153
04 Jul 2025 15:01:45,0.146
04 Jul 2025 15:02:15,0.144
04 Jul 2025 15:02:45,0.170
04 Jul 2025 15:03:00,0.161
04 Jul 2025 15:03:45,0.116
04 Jul 2025 15:04:00,0.170
04 Jul 2025 15:04:45,0.143
04 Jul 2025 15:05:15,0.151
04 Jul 2025 15:05:30,0.134
04 Jul 2025 15:05:45,0.150
04 Jul 2025 15:06:00,0.168
04 Jul 2025 15:07:00,0.149
04 Jul 2025 15:07:15,0.155
04 Jul 2025 15:07:30,0.141
04 Jul 2025 15:08:00,0.138
04 Jul 2025 15:09:15,0.163
04 Jul 2025 15:09:30,0.167
04 Jul 2025 15:10:15,0.164
04 Jul 2025 15:10:30,0.135
04 Jul 2025 15:11:00,0.144
04 Jul 2025 15:12:00,0.142
04 Jul 2025 15:12:15,0.166
04 Jul 2025 15:12:45,0.151
04 Jul 2025 15:13:00,0.138
04 Jul 2025 15:13:15,0.123
04 Jul 2025 15:13:30,0.156
04 Jul 2025 15:13:45,0.170
04 Jul 2025 15:14:15,0.117
04 Jul 2025 15:15:00,0.156
04 Jul 2025 15:15:15,0.140
04 Jul 2025 15:15:30,0.130
04 Jul 2025 15:15:45,0.140
04 Jul 2025 15:16:00,0.134
04 Jul 2025 15:16:15,0.192
04 Jul 2025 15:17:00,0.175
04 Jul 2025 15:17:15,0.179
04 Jul 2025 15:17:45,0.177
04 Jul 2025 15:18:45,0.122
04 Jul 2025 15:19:30,0.140
04 Jul 2025 15:19:45,0.192
04 Jul 2025 15:20:00,0.153
04 Jul 2025 15:20:45,0.138
04 Jul 2025 15:21:00,0.126
04 Jul 2025 15:23:15,0.129
04 Jul 2025 15:23:30,0.153
04 Jul 2025 15:24:15,0.154
04 Jul 2025 15:24:30,0.161
04 Jul 2025 15:24:45,0.150
04 Jul 2025 15:25:00,0.127
04 Jul 2025 15:25:15,0.164
04 Jul 2025 15:25:30,0.176
04 Jul 2025 15:25:45,0.133
04 Jul 2025 15:26:00,0.143
04 Jul 2025 15:27:15,0.141
04 Jul 2025 15:28:00,0.133
04 Jul 2025 15:28:15,0.114
04 Jul 2025 15:28:45,0.123
04 Jul 2025 15:29:30,0.168
04 Jul 2025 15:30:15,0.176
04 Jul 2025 15:30:30,0.133
04 Jul 2025 15:31:00,0.172
04 Jul 2025 15:31:30,0.149
04 Jul 2025 15:31:45,0.171
04 Jul 2025 15:32:30,0.197
04 Jul 2025 15:33:00,0.177
04 Jul 2025 15:33:15,0.119
04 Jul 2025 15:34:15,0.172
04 Jul 2025 15:34:30,0.158
04 Jul 2025 15:35:00,0.156
04 Jul 2025 15:35:30,0.161
04 Jul 2025 15:36:00,0.134
04 Jul 2025 15:36:30,0.164
04 Jul 2025 15:37:00,0.178
04 Jul 2025 15:37:15,0.139
04 Jul 2025 15:37:30,0.146
04 Jul 2025 15:37:45,0.167
04 Jul 2025 15:38:45,0.174
04 Jul 2025 15:39:15,0.119
04 Jul 2025 15:39:45,0.150
04 Jul 2025 15:40:00,0.138
04 Jul 2025 15:40:45,0.167
04 Jul 2025 15:41:00,0.157
04 Jul 2025 15:42:15,0.213
04 Jul 2025 15:42:30,0.156
04 Jul 2025 15:42:45,0.128
04 Jul 2025 15:43:30,0.161
04 Jul 2025 15:43:45,0.149
04 Jul 2025 15:44:15,0.168
04 Jul 2025 15:44:30,0.180
04 Jul 2025 15:44:45,0.186
04 Jul 2025 15:45:00,0.132
04 Jul 2025 15:46:00,0.151
04 Jul 2025 15:46:15,0.176
04 Jul 2025 15:46:45,0.128
04 Jul 2025 15:47:45,0.182
04 Jul 2025 15:48:15,0.166
04 Jul 2025 15:48:45,0.185
04 Jul 2025 15:49:15,0.121
04 Jul 2025 15:50:00,0.122
04 Jul 2025 15:50:45,0.179
04 Jul 2025 15:51:45,0.185
04 Jul 2025 15:52:00,0.160
04 Jul 2025 15:52:15,0.175
04 Jul 2025 15:53:00,0.168
04 Jul 2025 15:53:15,0.116
04 Jul 2025 15:54:00,0.168
04 Jul 2025 15:54:15,0.137
04 Jul 2025 15:54:30,0.187
04 Jul 2025 15:55:00,0.085
04 Jul 2025 15:55:15,0.162
04 Jul 2025 15:55:30,0.128
04 Jul 2025 15:55:45,0.163
04 Jul 2025 15:56:00,0.181
04 Jul 2025 15:57:00,0.177
04 Jul 2025 15:57:15,0.146
04 Jul 2025 15:57:30,0.161
04 Jul 2025 15:57:45,0.147
04 Jul 2025 15:58:00,0.132
04 Jul 2025 15:58:15,0.143
04 Jul 2025 15:58:30,0.180
04 Jul 2025 15:59:00,0.139
04 Jul 2025 15:59:15,0.203
04 Jul 2025 15:59:30,0.144
04 Jul 2025 15:59:45,0.144
04 Jul 2025 16:00:15,0.181
04 Jul 2025 16:00:45,0.102
04 Jul 2025 16:01:00,0.148
04 Jul 2025 16:01:30,0.139
04 Jul 2025 16:02:30,0.155
04 Jul 2025 16:03:15,0.165
04 Jul 2025 16:04:00,0.122
04 Jul 2025 16:04:30,0.146
04 Jul 2025 16:04:45,0.157
04 Jul 2025 16:05:15,0.162
04 Jul 2025 16:05:45,0.148
04 Jul 2025 16:06:15,0.144
04 Jul 2025 16:06:30,0.185
04 Jul 2025 16:07:00,0.138
04 Jul 2025 16:07:30,0.147
04 Jul 2025 16:08:30,0.156
04 Jul 2025 16:08:45,0.154
04 Jul 2025 16:09:00,0.151
04 Jul 2025 16:09:30,0.175
04 Jul 2025 16:09:45,0.167
04 Jul 2025 16:10:00,0.155
04 Jul 2025 16:10:15,0.154
04 Jul 2025 16:10:30,0.145
04 Jul 2025 16:10:45,0.151
04 Jul 2025 16:11:15,0.177
04 Jul 2025 16:11:30,0.160
04 Jul 2025 16:11:45,0.159
04 Jul 2025 16:12:15,0.124
04 Jul 2025 16:12:45,0.150
04 Jul 2025 16:13:00,0.120
04 Jul 2025 16:14:15,0.164
04 Jul 2025 16:14:30,0.156
04 Jul 2025 16:14:45,0.131
04 Jul 2025 16:15:00,0.186
04 Jul 2025 16:15:15,0.167
04 Jul 2025 16:16:00,0.184
04 Jul 2025 16:16:45,0.199
04 Jul 2025 16:17:00,0.126
04 Jul 2025 16:17:15,0.173
04 Jul 2025 16:17:45,0.160
04 Jul 2025 16:18:00,0.159
04 Jul 2025 16:18:15,0.141
04 Jul 2025 16:20:00,0.163
04 Jul 2025 16:20:15,0.183
04 Jul 2025 16:20:30,0.165
04 Jul 2025 16:21:30,0.135
04 Jul 2025 16:22:00,0.140
04 Jul 2025 16:22:15,0.141
04 Jul 2025 16:22:30,0.145
04 Jul 2025 16:23:15,0.149
04 Jul 2025 16:23:45,0.155
04 Jul 2025 16:24:00,0.122
04 Jul 2025 16:24:30,0.144
04 Jul 2025 16:24:45,0.142
04 Jul 2025 16:25:30,0.138
04 Jul 2025 16:25:45,0.175
04 Jul 2025 16:26:15,0.165
04 Jul 2025 16:27:00,0.168
04 Jul 2025 16:27:15,0.146
04 Jul 2025 16:27:30,0.164
04 Jul 2025 16:28:00,0.147
04 Jul 2025 16:28:30,0.167
04 Jul 2025 16:29:30,0.133
04 Jul 2025 16:29:45,0.155
04 Jul 2025 16:30:15,0.144
04 Jul 2025 16:30:30,0.138
04 Jul 2025 16:31:00,0.181
04 Jul 2025 16:32:00,0.103
04 Jul 2025 16:33:00,0.129
04 Jul 2025 16:33:15,0.162
04 Jul 2025 16:33:30,0.137
04 Jul 2025 16:33:45,0.188
04 Jul 2025 16:34:00,0.135
04 Jul 2025 16:34:15,0.140
04 Jul 2025 16:34:30,0.188
04 Jul 2025 16:34:45,0.115
04 Jul 2025 16:35:30,0.116
04 Jul 2025 16:35:45,0.153
04 Jul 2025 16:36:15,0.156
04 Jul 2025 16:36:30,0.122
04 Jul 2025 16:37:00,0.132
04 Jul 2025 16:37:15,0.150
04 Jul 2025 16:37:45,0.130
04 Jul 2025 16:38:00,0.143
04 Jul 2025 16:38:15,0.178
04 Jul 2025 16:38:30,0.151
04 Jul 2025 16:38:45,0.132
04 Jul 2025 16:39:00,0.114
04 Jul 2025 16:39:45,0.128
04 Jul 2025 16:40:00,0.185
04 Jul 2025 16:40:15,0.161
04 Jul 2025 16:40:30,0.181
04 Jul 2025 16:41:15,0.189
04 Jul 2025 16:41:30,0.191
04 Jul 2025 16:41:45,0.145
04 Jul 2025 16:42:30,0.165
04 Jul 2025 16:42:45,0.117
04 Jul 2025 16:43:15,0.152
04 Jul 2025 16:43:45,0.184
04 Jul 2025 16:44:45,0.142
04 Jul 2025 16:45:00,0.140
04 Jul 2025 16:45:30,0.103
04 Jul 2025 16:45:45,0.164
04 Jul 2025 16:46:45,0.125
04 Jul 2025 16:48:00,0.162
04 Jul 2025 16:48:30,0.183
04 Jul 2025 16:48:45,0.139
04 Jul 2025 16:49:15,0.134
04 Jul 2025 16:49:30,0.148
04 Jul 2025 16:50:00,0.132
04 Jul 2025 16:50:15,0.140
04 Jul 2025 16:51:00,0.163
04 Jul 2025 16:51:15,0.116
04 Jul 2025 16:51:30,0.124
04 Jul 2025 16:52:15,0.200
04 Jul 2025 16:52:30,0.153
04 Jul 2025 16:52:45,0.163
04 Jul 2025 16:53:30,0.139
04 Jul 2025 16:53:45,0.098
04 Jul 2025 16:54:15,0.125
04 Jul 2025 16:55:00,0.126
04 Jul 2025 16:55:45,0.126
04 Jul 2025 16:56:00,0.180
04 Jul 2025 16:56:45,0.191
04 Jul 2025 16:57:00,0.095
04 Jul 2025 16:57:15,0.151
04 Jul 2025 16:57:30,0.139
04 Jul 2025 16:57:45,0.129
04 Jul 2025 16:58:00,0.138
04 Jul 2025 16:58:15,0.106
04 Jul 2025 16:58:30,0.168
04 Jul 2025 16:58:45,0.177
04 Jul 2025 16:59:15,0.124
04 Jul 2025 17:00:00,0.148
04 Jul 2025 17:00:45,0.185
04 Jul 2025 17:02:00,0.144
04 Jul 2025 17:02:45,0.125
04 Jul 2025 17:04:15,0.099
04 Jul 2025 17:05:15,0.167
04 Jul 2025 17:05:30,0.099
04 Jul 2025 17:05:45,0.182
04 Jul 2025 17:06:00,0.107
04 Jul 2025 17:06:30,0.116
04 Jul 2025 17:07:15,0.126
04 Jul 2025 17:07:30,0.197
04 Jul 2025 17:07:45,0.133
04 Jul 2025 17:08:45,0.175
04 Jul 2025 17:09:00,0.155
04 Jul 2025 17:09:30,0.151
04 Jul 2025 17:10:00,0.179
04 Jul 2025 17:11:00,0.092
04 Jul 2025 17:13:15,0.175
04 Jul 2025 17:14:45,0.121
04 Jul 2025 17:15:45,0.180
04 Jul 2025 17:16:00,0.074
04 Jul 2025 17:16:30,0.184
04 Jul 2025 17:16:45,0.136
04 Jul 2025 17:17:00,0.168
04 Jul 2025 17:17:15,0.148
04 Jul 2025 17:17:45,0.231
04 Jul 2025 17:18:00,0.140
04 Jul 2025 17:18:45,0.078
04 Jul 2025 17:19:45,0.165
04 Jul 2025 17:20:15,0.152
04 Jul 2025 17:21:00,0.142
04 Jul 2025 17:21:15,0.162
04 Jul 2025 17:21:30,0.129
04 Jul 2025 17:21:45,0.171
04 Jul 2025 17:22:15,0.183
04 Jul 2025 17:23:15,0.096
04 Jul 2025 17:23:30,0.105
04 Jul 2025 17:23:45,0.114
04 Jul 2025 17:24:00,0.125
04 Jul 2025 17:24:15,0.107
04 Jul 2025 17:24:30,0.133
04 Jul 2025 17:25:00,0.132
04 Jul 2025 17:25:15,0.129
04 Jul 2025 17:25:45,0.165
04 Jul 2025 17:26:00,0.159
04 Jul 2025 17:26:15,0.135
04 Jul 2025 17:26:45,0.134
04 Jul 2025 17:27:30,0.101
04 Jul 2025 17:27:45,0.190
04 Jul 2025 17:28:30,0.154
04 Jul 2025 17:29:00,0.132
04 Jul 2025 17:29:15,0.091
04 Jul 2025 17:29:30,0.126
04 Jul 2025 17:29:45,0.137
04 Jul 2025 17:30:30,0.184
04 Jul 2025 17:30:45,0.138
04 Jul 2025 17:31:30,0.115
04 Jul 2025 17:32:00,0.124
04 Jul 2025 17:32:15,0.110
04 Jul 2025 17:32:30,0.101
04 Jul 2025 17:33:00,0.153
04 Jul 2025 17:33:15,0.151
04 Jul 2025 17:33:30,0.140
04 Jul 2025 17:34:00,0.121
04 Jul 2025 17:35:00,0.150
04 Jul 2025 17:36:00,0.113
04 Jul 2025 17:36:45,0.092
04 Jul 2025 17:37:00,0.151
04 Jul 2025 17:37:30,0.175
04 Jul 2025 17:37:45,0.122
04 Jul 2025 17:38:00,0.103
04 Jul 2025 17:38:15,0.168
04 Jul 2025 17:38:30,0.153
04 Jul 2025 17:38:45,0.145
04 Jul 2025 17:39:00,0.140
04 Jul 2025 17:39:15,0.141
04 Jul 2025 17:39:30,0.153
04 Jul 2025 17:40:00,0.081
04 Jul 2025 17:41:15,0.181
04 Jul 2025 17:42:00,0.136
04 Jul 2025 17:42:30,0.120
04 Jul 2025 17:43:45,0.159
04 Jul 2025 17:44:30,0.132
04 Jul 2025 17:45:15,0.147
04 Jul 2025 17:45:30,0.127
04 Jul 2025 17:46:00,0.144
04 Jul 2025 17:46:15,0.089
04 Jul 2025 17:46:45,0.189
04 Jul 2025 17:47:00,0.129
04 Jul 2025 17:48:00,0.131
04 Jul 2025 17:49:15,0.117
04 Jul 2025 17:50:15,0.052
04 Jul 2025 17:50:30,0.111
04 Jul 2025 17:51:15,0.122
04 Jul 2025 17:52:00,0.115
04 Jul 2025 17:52:15,0.145
04 Jul 2025 17:52:30,0.107
04 Jul 2025 17:52:45,0.162
04 Jul 2025 17:53:00,0.113
04 Jul 2025 17:54:00,0.155
04 Jul 2025 17:54:30,0.094
04 Jul 2025 17:54:45,0.141
04 Jul 2025 17:55:15,0.125
04 Jul 2025 17:56:30,0.141
04 Jul 2025 17:57:00,0.144
04 Jul 2025 17:58:00,0.129
04 Jul 2025 17:58:15,0.122
04 Jul 2025 17:58:30,0.119
04 Jul 2025 17:58:45,0.146
04 Jul 2025 18:00:00,0.140
04 Jul 2025 18:00:30,0.145
04 Jul 2025 18:00:45,0.111
04 Jul 2025 18:01:00,0.085
04 Jul 2025 18:01:15,0.150
04 Jul 2025 18:02:00,0.134
04 Jul 2025 18:02:15,0.157
04 Jul 2025 18:02:30,0.092
04 Jul 2025 18:02:45,0.071
04 Jul 2025 18:03:15,0.182
04 Jul 2025 18:03:30,0.109
04 Jul 2025 18:03:45,0.112
04 Jul 2025 18:04:30,0.104
04 Jul 2025 18:04:45,0.147
04 Jul 2025 18:05:30,0.096
04 Jul 2025 18:06:15,0.104
04 Jul 2025 18:07:00,0.108
04 Jul 2025 18:07:15,0.123
04 Jul 2025 18:07:30,0.094
04 Jul 2025 18:08:45,0.121
04 Jul 2025 18:09:15,0.092
04 Jul 2025 18:09:45,0.110
04 Jul 2025 18:10:45,0.127
04 Jul 2025 18:11:30,0.098
04 Jul 2025 18:12:45,0.096
04 Jul 2025 18:13:00,0.105
04 Jul 2025 18:13:30,0.100
04 Jul 2025 18:14:00,0.083
04 Jul 2025 18:14:15,0.091
04 Jul 2025 18:14:30,0.113
04 Jul 2025 18:14:45,0.082
04 Jul 2025 18:15:15,0.084
04 Jul 2025 18:15:30,0.127
04 Jul 2025 18:15:45,0.073
04 Jul 2025 18:16:00,0.111
04 Jul 2025 18:17:00,0.119
04 Jul 2025 18:17:45,0.108
04 Jul 2025 18:18:30,0.129
04 Jul 2025 18:19:15,0.118
04 Jul 2025 18:19:30,0.130
04 Jul 2025 18:19:45,0.139
04 Jul 2025 18:20:30,0.078
04 Jul 2025 18:21:15,0.155
04 Jul 2025 18:21:45,0.179
04 Jul 2025 18:22:00,0.130
04 Jul 2025 18:22:15,0.137
04 Jul 2025 18:22:30,0.113
04 Jul 2025 18:23:00,0.120
04 Jul 2025 18:23:45,0.083
04 Jul 2025 18:24:00,0.144
04 Jul 2025 18:24:30,0.130
04 Jul 2025 18:24:45,0.097
04 Jul 2025 18:25:30,0.117
04 Jul 2025 18:26:00,0.143
04 Jul 2025 18:26:15,0.134
04 Jul 2025 18:26:45,0.074
04 Jul 2025 18:27:15,0.113
04 Jul 2025 18:27:30,0.111
04 Jul 2025 18:27:45,0.158
04 Jul 2025 18:28:00,0.104
04 Jul 2025 18:29:00,0.113
04 Jul 2025 18:29:45,0.143
04 Jul 2025 18:30:00,0.084
04 Jul 2025 18:30:15,0.108
04 Jul 2025 18:30:30,0.116
04 Jul 2025 18:31:00,0.072
04 Jul 2025 18:32:15,0.097
04 Jul 2025 18:32:45,0.151
04 Jul 2025 18:33:15,0.067
04 Jul 2025 18:33:30,0.075
04 Jul 2025 18:34:00,0.065
04 Jul 2025 18:34:15,0.104
04 Jul 2025 18:34:30,0.113
04 Jul 2025 18:34:45,0.113
04 Jul 2025 18:35:15,0.115
04 Jul 2025 18:35:30,0.140
04 Jul 2025 18:35:45,0.098
04 Jul 2025 18:36:30,0.108
04 Jul 2025 18:36:45,0.105
04 Jul 2025 18:37:15,0.147
04 Jul 2025 18:37:30,0.104
04 Jul 2025 18:37:45,0.126
04 Jul 2025 18:38:00,0.122
04 Jul 2025 18:39:15,0.108
04 Jul 2025 18:39:30,0.090
04 Jul 2025 18:40:15,0.092
04 Jul 2025 18:40:45,0.110
04 Jul 2025 18:41:15,0.116
04 Jul 2025 18:42:30,0.133
04 Jul 2025 18:42:45,0.142
04 Jul 2025 18:43:00,0.095
04 Jul 2025 18:44:15,0.082
04 Jul 2025 18:44:30,0.140
04 Jul 2025 18:45:45,0.100
04 Jul 2025 18:46:30,0.078
04 Jul 2025 18:47:15,0.091
04 Jul 2025 18:48:00,0.076
04 Jul 2025 18:48:30,0.113
04 Jul 2025 18:49:00,0.102
04 Jul 2025 18:49:30,0.065
04 Jul 2025 18:50:00,0.106
04 Jul 2025 18:50:15,0.135
04 Jul 2025 18:50:30,0.141
04 Jul 2025 18:50:45,0.093
04 Jul 2025 18:51:00,0.139
04 Jul 2025 18:51:45,0.089
04 Jul 2025 18:52:15,0.073
04 Jul 2025 18:53:00,0.116
04 Jul 2025 18:53:45,0.056
04 Jul 2025 18:54:00,0.081
04 Jul 2025 18:54:15,0.107
04 Jul 2025 18:54:30,0.121
04 Jul 2025 18:55:00,0.121
04 Jul 2025 18:55:15,0.066
04 Jul 2025 18:56:00,0.113
04 Jul 2025 18:56:15,0.085
04 Jul 2025 18:57:00,0.106
04 Jul 2025 18:57:30,0.142
04 Jul 2025 18:58:00,0.070
04 Jul 2025 18:58:30,0.140
04 Jul 2025 18:59:45,0.082
04 Jul 2025 19:00:00,0.088
04 Jul 2025 19:00:15,0.107
04 Jul 2025 19:00:30,0.085
04 Jul 2025 19:01:00,0.149
04 Jul 2025 19:01:45,0.110
04 Jul 2025 19:03:15,0.086
04 Jul 2025 19:03:30,0.082
04 Jul 2025 19:03:45,0.084
04 Jul 2025 19:04:45,0.105
04 Jul 2025 19:05:15,0.098
04 Jul 2025 19:05:45,0.071
04 Jul 2025 19:06:30,0.080
04 Jul 2025 19:07:15,0.118
04 Jul 2025 19:07:30,0.089
04 Jul 2025 19:08:30,0.122
04 Jul 2025 19:08:45,0.028
04 Jul 2025 19:09:15,0.092
04 Jul 2025 19:10:00,0.098
04 Jul 2025 19:10:30,0.122
04 Jul 2025 19:10:45,0.049
04 Jul 2025 19:11:45,0.045
04 Jul 2025 19:12:15,0.109
04 Jul 2025 19:12:30,0.096
04 Jul 2025 19:13:00,0.092
04 Jul 2025 19:13:15,0.076
04 Jul 2025 19:13:30,0.069
04 Jul 2025 19:14:00,0.053
04 Jul 2025 19:14:30,0.088
04 Jul 2025 19:14:45,0.094
04 Jul 2025 19:15:00,0.126
04 Jul 2025 19:15:15,0.071
04 Jul 2025 19:15:30,0.094
04 Jul 2025 19:15:45,0.108
04 Jul 2025 19:16:15,0.072
04 Jul 2025 19:16:30,0.060
04 Jul 2025 19:16:45,0.083
04 Jul 2025 19:17:15,0.104
04 Jul 2025 19:17:45,0.082
04 Jul 2025 19:18:45,0.067
04 Jul 2025 19:19:00,0.128
04 Jul 2025 19:19:45,0.118
04 Jul 2025 19:20:30,0.113
04 Jul 2025 19:20:45,0.104
04 Jul 2025 19:21:00,0.091
04 Jul 2025 19:22:00,0.077
04 Jul 2025 19:22:15,0.072
04 Jul 2025 19:23:30,0.093
04 Jul 2025 19:23:45,0.047
04 Jul 2025 19:24:00,0.107
04 Jul 2025 19:24:15,0.067
04 Jul 2025 19:24:30,0.061
04 Jul 2025 19:25:15,0.085
04 Jul 2025 19:25:30,0.107
04 Jul 2025 19:25:45,0.073
04 Jul 2025 19:26:15,0.086
04 Jul 2025 19:26:30,0.106
04 Jul 2025 19:26:45,0.070
04 Jul 2025 19:27:45,0.093
04 Jul 2025 19:28:30,0.078
04 Jul 2025 19:29:00,0.079
04 Jul 2025 19:29:30,0.105
04 Jul 2025 19:30:15,0.079
04 Jul 2025 19:32:15,0.103
04 Jul 2025 19:32:30,0.089
04 Jul 2025 19:32:45,0.082
04 Jul 2025 19:33:00,0.052
04 Jul 2025 19:34:15,0.101
04 Jul 2025 19:34:45,0.117
04 Jul 2025 19:35:00,0.137
04 Jul 2025 19:35:30,0.078
04 Jul 2025 19:36:00,0.110
04 Jul 2025 19:36:15,0.111
04 Jul 2025 19:36:30,0.119
04 Jul 2025 19:36:45,0.063
04 Jul 2025 19:37:00,0.050
04 Jul 2025 19:38:15,0.089
04 Jul 2025 19:38:30,0.041
04 Jul 2025 19:39:00,0.071
04 Jul 2025 19:39:15,0.102
04 Jul 2025 19:39:30,0.094
04 Jul 2025 19:39:45,0.107
04 Jul 2025 19:40:00,0.052
04 Jul 2025 19:40:15,0.081
04 Jul 2025 19:40:30,0.078
04 Jul 2025 19:41:15,0.082
04 Jul 2025 19:42:45,0.132
04 Jul 2025 19:43:15,0.063
04 Jul 2025 19:43:45,0.141
04 Jul 2025 19:44:00,0.078
04 Jul 2025 19:45:30,0.095
04 Jul 2025 19:46:00,0.091
04 Jul 2025 19:47:00,0.089
04 Jul 2025 19:47:15,0.068
04 Jul 2025 19:47:30,0.127
04 Jul 2025 19:48:00,0.050
04 Jul 2025 19:48:30,0.071
04 Jul 2025 19:48:45,0.048
04 Jul 2025 19:49:15,0.125
04 Jul 2025 19:50:00,0.114
04 Jul 2025 19:50:15,0.146
04 Jul 2025 19:50:45,0.099
04 Jul 2025 19:51:15,0.079
04 Jul 2025 19:52:15,0.095
04 Jul 2025 19:53:00,0.086
04 Jul 2025 19:53:45,0.064
04 Jul 2025 19:54:00,0.108
04 Jul 2025 19:54:30,0.062
04 Jul 2025 19:56:00,0.092
04 Jul 2025 19:56:30,0.076
04 Jul 2025 19:57:00,0.102
04 Jul 2025 19:57:15,0.063
04 Jul 2025 19:57:45,0.075
04 Jul 2025 19:58:00,0.137
04 Jul 2025 19:58:15,0.046
04 Jul 2025 19:58:30,0.119
04 Jul 2025 19:59:00,0.057
04 Jul 2025 20:00:30,0.029
04 Jul 2025 20:02:00,0.075
04 Jul 2025 20:02:15,0.083
04 Jul 2025 20:02:30,0.060
04 Jul 2025 20:02:45,0.102
04 Jul 2025 20:03:00,0.073
04 Jul 2025 20:03:15,0.076
04 Jul 2025 20:03:45,0.120
04 Jul 2025 20:04:15,0.043
04 Jul 2025 20:04:30,0.077
04 Jul 2025 20:05:00,0.086
04 Jul 2025 20:06:00,0.050
04 Jul 2025 20:06:15,0.067
04 Jul 2025 20:06:30,0.027
04 Jul 2025 20:07:00,0.088
04 Jul 2025 20:07:30,0.023
04 Jul 2025 20:07:45,0.087
04 Jul 2025 20:08:30,0.107
04 Jul 2025 20:08:45,0.052
04 Jul 2025 20:09:15,0.045
04 Jul 2025 20:09:30,0.068
04 Jul 2025 20:09:45,0.094
04 Jul 2025 20:10:00,0.097
04 Jul 2025 20:11:00,0.096
04 Jul 2025 20:11:15,0.134
04 Jul 2025 20:11:30,0.065
04 Jul 2025 20:11:45,0.047
04 Jul 2025 20:12:00,0.046
04 Jul 2025 20:12:15,0.090
04 Jul 2025 20:12:45,0.090
04 Jul 2025 20:13:00,0.103
04 Jul 2025 20:13:45,0.132
04 Jul 2025 20:14:00,0.014
04 Jul 2025 20:14:30,0.070
04 Jul 2025 20:15:15,0.151
04 Jul 2025 20:15:45,0.063
04 Jul 2025 20:16:45,0.047
04 Jul 2025 20:17:15,0.124
04 Jul 2025 20:17:45,0.063
04 Jul 2025 20:18:00,0.121
04 Jul 2025 20:18:15,0.098
04 Jul 2025 20:18:30,0.014
04 Jul 2025 20:19:00,0.091
04 Jul 2025 20:19:15,0.051
04 Jul 2025 20:19:30,0.063
04 Jul 2025 20:19:45,0.114
04 Jul 2025 20:20:00,0.061
04 Jul 2025 20:20:15,0.130
04 Jul 2025 20:20:30,0.072
04 Jul 2025 20:21:00,0.004
04 Jul 2025 20:21:15,0.008
04 Jul 2025 20:21:45,-0.004
04 Jul 2025 20:22:00,0.043
04 Jul 2025 20:22:15,0.081
04 Jul 2025 20:23:15,0.115
04 Jul 2025 20:24:00,0.091
04 Jul 2025 20:24:45,0.075
04 Jul 2025 20:25:00,0.133
04 Jul 2025 20:25:45,0.078
04 Jul 2025 20:26:15,0.075
04 Jul 2025 20:26:45,0.050
04 Jul 2025 20:27:15,0.032
04 Jul 2025 20:27:30,0.140
04 Jul 2025 20:28:15,0.087
04 Jul 2025 20:28:30,0.059
04 Jul 2025 20:29:15,0.099
04 Jul 2025 20:29:30,0.099
04 Jul 2025 20:29:45,0.097
04 Jul 2025 20:30:00,0.094
04 Jul 2025 20:30:30,0.092
04 Jul 2025 20:30:45,0.023
04 Jul 2025 20:31:00,0.108
04 Jul 2025 20:32:00,0.031
04 Jul 2025 20:32:15,0.076
04 Jul 2025 20:32:30,0.026
04 Jul 2025 20:33:00,0.099
04 Jul 2025 20:33:15,0.032
04 Jul 2025 20:34:00,0.131
04 Jul 2025 20:34:15,0.027
04 Jul 2025 20:34:45,0.070
04 Jul 2025 20:36:15,0.095
04 Jul 2025 20:36:45,0.099
04 Jul 2025 20:37:00,0.023
04 Jul 2025 20:37:30,0.050
04 Jul 2025 20:38:15,0.094
04 Jul 2025 20:39:15,0.086
04 Jul 2025 20:39:45,0.032
04 Jul 2025 20:40:00,0.109
04 Jul 2025 20:40:15,0.082
04 Jul 2025 20:41:00,0.093
04 Jul 2025 20:41:15,0.063
04 Jul 2025 20:41:30,0.047
04 Jul 2025 20:42:15,0.058
04 Jul 2025 20:43:15,0.113
04 Jul 2025 20:43:30,0.095
04 Jul 2025 20:44:30,0.111
04 Jul 2025 20:44:45,0.026
04 Jul 2025 20:45:15,0.049
04 Jul 2025 20:46:00,0.117
04 Jul 2025 20:46:30,0.060
04 Jul 2025 20:46:45,0.117
04 Jul 2025 20:47:45,0.071
04 Jul 2025 20:48:30,0.128
04 Jul 2025 20:50:00,0.035
04 Jul 2025 20:50:15,0.100
04 Jul 2025 20:50:45,0.139
04 Jul 2025 20:51:30,0.086
04 Jul 2025 20:51:45,0.045
04 Jul 2025 20:52:15,0.047
04 Jul 2025 20:52:30,0.084
04 Jul 2025 20:53:00,0.048
04 Jul 2025 20:54:15,0.029
04 Jul 2025 20:54:45,0.041
04 Jul 2025 20:55:15,0.075
04 Jul 2025 20:56:00,0.037
04 Jul 2025 20:56:30,0.041
04 Jul 2025 20:57:00,0.041
04 Jul 2025 20:57:30,0.058
04 Jul 2025 20:57:45,0.039
04 Jul 2025 20:58:15,0.061
04 Jul 2025 20:58:30,0.029
04 Jul 2025 20:59:00,0.058
04 Jul 2025 20:59:30,0.080
04 Jul 2025 21:00:30,0.068
04 Jul 2025 21:01:15,0.096
04 Jul 2025 21:02:30,0.083
04 Jul 2025 21:03:30,0.118
04 Jul 2025 21:06:15,0.076
04 Jul 2025 21:07:15,0.037
04 Jul 2025 21:07:30,0.089
04 Jul 2025 21:07:45,0.104
04 Jul 2025 21:08:00,0.033
04 Jul 2025 21:08:15,0.101
04 Jul 2025 21:08:30,0.049
04 Jul 2025 21:10:30,0.084
04 Jul 2025 21:11:15,0.072
04 Jul 2025 21:11:30,0.100
04 Jul 2025 21:11:45,0.068
04 Jul 2025 21:12:00,0.145
04 Jul 2025 21:12:15,0.053
04 Jul 2025 21:12:45,0.109
04 Jul 2025 21:13:00,0.007
04 Jul 2025 21:13:15,0.098
04 Jul 2025 21:13:30,0.036
04 Jul 2025 21:14:00,0.050
04 Jul 2025 21:14:15,0.039
04 Jul 2025 21:15:00,0.043
04 Jul 2025 21:15:15,0.086
04 Jul 2025 21:15:45,0.088
04 Jul 2025 21:16:00,0.067
04 Jul 2025 21:16:30,0.087
04 Jul 2025 21:16:45,0.053
04 Jul 2025 21:17:00,0.072
04 Jul 2025 21:17:15,0.071
04 Jul 2025 21:18:00,0.096
04 Jul 2025 21:18:30,0.081
04 Jul 2025 21:20:15,0.034
04 Jul 2025 21:20:30,0.038
04 Jul 2025 21:21:00,0.021
04 Jul 2025 21:21:30,0.100
04 Jul 2025 21:22:00,0.027
04 Jul 2025 21:22:30,0.038
04 Jul 2025 21:22:45,0.029
04 Jul 2025 21:23:00,0.053
04 Jul 2025 21:23:30,0.124
04 Jul 2025 21:23:45,0.035
04 Jul 2025 21:25:00,-0.008
04 Jul 2025 21:25:15,0.114
04 Jul 2025 21:27:30,0.067
04 Jul 2025 21:27:45,0.134
04 Jul 2025 21:28:45,0.055
04 Jul 2025 21:29:15,0.012
04 Jul 2025 21:29:45,0.112
04 Jul 2025 21:30:30,0.030
04 Jul 2025 21:31:45,0.023
04 Jul 2025 21:32:30,0.091
04 Jul 2025 21:32:45,0.061
04 Jul 2025 21:33:00,0.100
04 Jul 2025 21:33:30,0.106
04 Jul 2025 21:34:00,0.076
04 Jul 2025 21:34:30,0.026
04 Jul 2025 21:35:00,0.087
04 Jul 2025 21:35:15,0.090
04 Jul 2025 21:35:30,0.072
04 Jul 2025 21:36:00,0.077
04 Jul 2025 21:36:15,0.007
04 Jul 2025 21:37:00,0.104
04 Jul 2025 21:37:15,0.095
04 Jul 2025 21:37:30,0.028
04 Jul 2025 21:38:30,0.051
04 Jul 2025 21:38:45,0.056
04 Jul 2025 21:39:00,0.111
04 Jul 2025 21:39:30,0.067
04 Jul 2025 21:40:30,0.076
04 Jul 2025 21:41:00,0.069
04 Jul 2025 21:41:15,0.060
04 Jul 2025 21:41:30,0.145
04 Jul 2025 21:42:00,0.025
04 Jul 2025 21:42:30,0.074
04 Jul 2025 21:42:45,0.048
04 Jul 2025 21:43:00,0.009
04 Jul 2025 21:43:15,0.083
04 Jul 2025 21:44:00,0.093
04 Jul 2025 21:44:15,0.090
04 Jul 2025 21:44:30,0.059
04 Jul 2025 21:45:00,0.091
04 Jul 2025 21:45:30,0.082
04 Jul 2025 21:45:45,0.014
04 Jul 2025 21:46:45,0.067
04 Jul 2025 21:47:00,0.065
04 Jul 2025 21:47:15,0.122
04 Jul 2025 21:47:45,0.104
04 Jul 2025 21:48:15,0.017
04 Jul 2025 21:48:30,0.092
04 Jul 2025 21:48:45,0.076
04 Jul 2025 21:49:00,0.091
04 Jul 2025 21:50:00,0.099
04 Jul 2025 21:50:30,0.124
04 Jul 2025 21:51:00,0.088
04 Jul 2025 21:51:15,0.109
04 Jul 2025 21:51:30,0.056
04 Jul 2025 21:52:00,0.040
04 Jul 2025 21:52:30,0.038
04 Jul 2025 21:52:45,0.060
04 Jul 2025 21:53:15,0.103
04 Jul 2025 21:54:00,0.089
04 Jul 2025 21:54:15,0.096
04 Jul 2025 21:55:00,0.062
04 Jul 2025 21:55:15,0.089
04 Jul 2025 21:55:30,0.089
04 Jul 2025 21:56:00,0.078
04 Jul 2025 21:56:30,0.061
04 Jul 2025 21:57:45,0.057
04 Jul 2025 21:58:00,0.074
04 Jul 2025 21:58:15,0.048
04 Jul 2025 21:59:30,0.035
04 Jul 2025 21:59:45,0.061
04 Jul 2025 22:00:45,0.063
04 Jul 2025 22:01:00,0.058
04 Jul 2025 22:01:15,0.109
04 Jul 2025 22:01:30,0.059
04 Jul 2025 22:02:45,0.050
04 Jul 2025 22:03:00,0.051
04 Jul 2025 22:03:15,0.066
04 Jul 2025 22:03:30,0.030
04 Jul 2025 22:03:45,0.105
04 Jul 2025 22:04:00,0.075
04 Jul 2025 22:04:15,0.097
04 Jul 2025 22:04:30,0.109
04 Jul 2025 22:05:00,0.043
04 Jul 2025 22:06:00,0.091
04 Jul 2025 22:06:15,0.057
04 Jul 2025 22:08:30,0.095
04 Jul 2025 22:08:45,0.081
04 Jul 2025 22:09:15,0.086
04 Jul 2025 22:09:30,0.081
04 Jul 2025 22:09:45,0.091
04 Jul 2025 22:10:00,0.087
04 Jul 2025 22:10:30,0.102
04 Jul 2025 22:12:00,0.104
04 Jul 2025 22:12:30,0.060
04 Jul 2025 22:12:45,0.047
04 Jul 2025 22:13:00,0.096
04 Jul 2025 22:13:15,0.043
04 Jul 2025 22:13:30,0.064
04 Jul 2025 22:13:45,0.078
04 Jul 2025 22:14:00,0.028
04 Jul 2025 22:14:15,0.105
04 Jul 2025 22:14:45,0.097
04 Jul 2025 22:15:15,0.105
04 Jul 2025 22:15:30,0.086
04 Jul 2025 22:16:00,0.042
04 Jul 2025 22:16:30,0.089
04 Jul 2025 22:16:45,0.092
04 Jul 2025 22:17:15,0.096
04 Jul 2025 22:17:45,0.079
04 Jul 2025 22:18:30,0.101
04 Jul 2025 22:19:00,0.135
04 Jul 2025 22:19:15,0.015
04 Jul 2025 22:20:15,0.127
04 Jul 2025 22:20:30,0.040
04 Jul 2025 22:20:45,0.066
04 Jul 2025 22:21:00,0.083
04 Jul 2025 22:21:45,0.050
04 Jul 2025 22:22:00,0.107
04 Jul 2025 22:22:15,0.099
04 Jul 2025 22:23:00,0.079
04 Jul 2025 22:23:15,0.059
04 Jul 2025 22:23:30,0.072
04 Jul 2025 22:25:45,0.123
04 Jul 2025 22:26:30,0.100
04 Jul 2025 22:27:15,0.080
04 Jul 2025 22:27:30,0.042
04 Jul 2025 22:27:45,0.115
04 Jul 2025 22:28:00,0.053
04 Jul 2025 22:28:30,0.085
04 Jul 2025 22:29:45,0.096
04 Jul 2025 22:30:00,0.095
04 Jul 2025 22:30:15,0.057
04 Jul 2025 22:31:30,0.117
04 Jul 2025 22:32:00,0.092
04 Jul 2025 22:32:15,0.059
04 Jul 2025 22:33:15,0.102
04 Jul 2025 22:33:45,0.118
04 Jul 2025 22:34:45,0.078
04 Jul 2025 22:35:00,0.047
04 Jul 2025 22:35:15,0.027
04 Jul 2025 22:35:30,0.066
04 Jul 2025 22:35:45,0.115
04 Jul 2025 22:36:15,0.091
04 Jul 2025 22:39:15,0.039
04 Jul 2025 22:39:30,0.120
04 Jul 2025 22:39:45,0.043
04 Jul 2025 22:40:15,0.112
04 Jul 2025 22:40:30,0.103
04 Jul 2025 22:40:45,0.107
04 Jul 2025 22:41:30,0.075
04 Jul 2025 22:41:45,0.021
04 Jul 2025 22:42:15,0.082
04 Jul 2025 22:42:30,0.091
04 Jul 2025 22:42:45,0.116
04 Jul 2025 22:43:00,0.097
04 Jul 2025 22:43:45,0.097
04 Jul 2025 22:44:15,0.087
04 Jul 2025 22:44:30,0.024
04 Jul 2025 22:45:00,0.057
04 Jul 2025 22:45:15,0.082
04 Jul 2025 22:45:30,0.096
04 Jul 2025 22:46:30,0.078
04 Jul 2025 22:47:15,0.101
04 Jul 2025 22:47:30,0.078
04 Jul 2025 22:48:15,0.145
04 Jul 2025 22:48:45,0.085
04 Jul 2025 22:49:00,0.113
04 Jul 2025 22:49:45,0.094
04 Jul 2025 22:50:45,0.096
04 Jul 2025 22:51:15,0.104
04 Jul 2025 22:51:30,0.110
04 Jul 2025 22:52:15,0.096
04 Jul 2025 22:52:30,0.061
04 Jul 2025 22:52:45,0.100
04 Jul 2025 22:54:00,0.092
04 Jul 2025 22:54:15,0.091
04 Jul 2025 22:54:30,0.124
04 Jul 2025 22:55:15,0.103
04 Jul 2025 22:55:45,0.080
04 Jul 2025 22:56:15,0.122
04 Jul 2025 22:56:45,0.066
04 Jul 2025 22:57:00,0.072
04 Jul 2025 22:57:15,0.069
04 Jul 2025 22:57:30,0.111
04 Jul 2025 22:58:00,0.133
04 Jul 2025 22:59:00,0.083
04 Jul 2025 22:59:15,0.071
04 Jul 2025 22:59:45,0.094
04 Jul 2025 23:00:45,0.084
04 Jul 2025 23:02:00,0.105
04 Jul 2025 23:03:00,0.078
04 Jul 2025 23:03:15,0.114
04 Jul 2025 23:03:30,0.052
04 Jul 2025 23:03:45,0.129
04 Jul 2025 23:04:30,0.059
04 Jul 2025 23:04:45,0.136
04 Jul 2025 23:05:00,0.125
04 Jul 2025 23:05:30,0.102
04 Jul 2025 23:07:15,0.038
04 Jul 2025 23:07:30,0.139
04 Jul 2025 23:07:45,0.152
04 Jul 2025 23:08:00,0.065
04 Jul 2025 23:08:30,0.128
04 Jul 2025 23:09:00,0.121
04 Jul 2025 23:09:15,0.114
04 Jul 2025 23:09:30,0.109
04 Jul 2025 23:09:45,0.021
04 Jul 2025 23:10:45,0.105
04 Jul 2025 23:11:00,0.102
04 Jul 2025 23:12:00,0.037
04 Jul 2025 23:12:45,0.105
04 Jul 2025 23:13:00,0.090
04 Jul 2025 23:13:45,0.135
04 Jul 2025 23:14:00,0.098
04 Jul 2025 23:14:15,0.117
04 Jul 2025 23:14:30,0.112
04 Jul 2025 23:14:45,0.089
04 Jul 2025 23:15:00,0.063
04 Jul 2025 23:15:15,0.110
04 Jul 2025 23:16:45,0.105
04 Jul 2025 23:17:15,0.066
04 Jul 2025 23:17:45,0.128
04 Jul 2025 23:18:00,0.108
04 Jul 2025 23:18:30,0.088
04 Jul 2025 23:18:45,0.070
04 Jul 2025 23:20:15,0.071
04 Jul 2025 23:20:45,0.112
04 Jul 2025 23:21:15,0.090
04 Jul 2025 23:21:45,0.111
04 Jul 2025 23:22:30,0.069
04 Jul 2025 23:23:00,0.093
04 Jul 2025 23:23:15,0.111
04 Jul 2025 23:23:30,0.137
04 Jul 2025 23:23:45,0.116
04 Jul 2025 23:24:00,0.100
04 Jul 2025 23:24:45,0.152
04 Jul 2025 23:25:15,0.104
04 Jul 2025 23:25:45,0.111
04 Jul 2025 23:26:15,0.119
04 Jul 2025 23:26:45,0.125
04 Jul 2025 23:27:00,0.136
04 Jul 2025 23:27:15,0.108
04 Jul 2025 23:28:30,0.089
04 Jul 2025 23:29:00,0.025
04 Jul 2025 23:29:45,0.089
04 Jul 2025 23:30:00,0.103
04 Jul 2025 23:30:15,0.120
04 Jul 2025 23:30:30,0.071
04 Jul 2025 23:30:45,0.056
04 Jul 2025 23:31:15,0.089
04 Jul 2025 23:32:15,0.105
04 Jul 2025 23:33:00,0.121
04 Jul 2025 23:33:30,0.130
04 Jul 2025 23:34:15,0.083
04 Jul 2025 23:34:30,0.079
04 Jul 2025 23:34:45,0.098
04 Jul 2025 23:36:00,0.121
04 Jul 2025 23:36:45,0.063
04 Jul 2025 23:37:15,0.110
04 Jul 2025 23:37:30,0.076
04 Jul 2025 23:38:00,0.129
04 Jul 2025 23:38:45,0.119
04 Jul 2025 23:39:00,0.133
04 Jul 2025 23:39:45,0.105
04 Jul 2025 23:40:00,0.103
04 Jul 2025 23:41:00,0.094
04 Jul 2025 23:42:30,0.125
04 Jul 2025 23:43:00,0.132
04 Jul 2025 23:43:45,0.073
04 Jul 2025 23:44:15,0.078
04 Jul 2025 23:44:45,0.084
04 Jul 2025 23:45:00,0.134
04 Jul 2025 23:45:15,0.108
04 Jul 2025 23:45:45,0.140
04 Jul 2025 23:46:00,0.116
04 Jul 2025 23:46:15,0.112
04 Jul 2025 23:46:30,0.119
04 Jul 2025 23:47:00,0.117
04 Jul 2025 23:47:15,0.148
04 Jul 2025 23:47:30,0.088
04 Jul 2025 23:47:45,0.114
04 Jul 2025 23:49:00,0.112
04 Jul 2025 23:49:15,0.107
04 Jul 2025 23:49:30,0.106
04 Jul 2025 23:50:00,0.141
04 Jul 2025 23:50:15,0.144
04 Jul 2025 23:50:30,0.112
04 Jul 2025 23:51:15,0.112
04 Jul 2025 23:51:30,0.100
04 Jul 2025 23:51:45,0.094
04 Jul 2025 23:52:00,0.083
04 Jul 2025 23:52:30,0.087
04 Jul 2025 23:52:45,0.051
04 Jul 2025 23:53:00,0.100
04 Jul 2025 23:53:15,0.129
04 Jul 2025 23:54:00,0.042
04 Jul 2025 23:54:30,0.068
04 Jul 2025 23:55:30,0.136
04 Jul 2025 23:56:15,0.090
04 Jul 2025 23:57:30,0.113
04 Jul 2025 23:58:00,0.124
04 Jul 2025 23:59:00,0.095
04 Jul 2025 23:59:15,0.101
04 Jul 2025 23:59:30,0.110
04 Jul 2025 23:59:45,0.106
05 Jul 2025 00:00:00,0.100
05 Jul 2025 00:00:30,0.078
05 Jul 2025 00:01:00,0.127
05 Jul 2025 00:01:15,0.130
05 Jul 2025 00:01:30,0.114
05 Jul 2025 00:02:30,0.148
05 Jul 2025 00:02:45,0.133
05 Jul 2025 00:03:30,0.110
05 Jul 2025 00:04:15,0.115
05 Jul 2025 00:04:30,0.121
05 Jul 2025 00:04:45,0.059
05 Jul 2025 00:05:00,0.082
05 Jul 2025 00:05:45,0.125
05 Jul 2025 00:06:00,0.123
05 Jul 2025 00:06:15,0.125
05 Jul 2025 00:06:30,0.106
05 Jul 2025 00:07:15,0.165
05 Jul 2025 00:08:00,0.093
05 Jul 2025 00:08:15,0.093
05 Jul 2025 00:08:30,0.141
05 Jul 2025 00:09:00,0.103
05 Jul 2025 00:09:45,0.084
05 Jul 2025 00:10:00,0.136
05 Jul 2025 00:10:15,0.144
05 Jul 2025 00:10:30,0.116
05 Jul 2025 00:10:45,0.131
05 Jul 2025 00:11:00,0.106
05 Jul 2025 00:12:45,0.107
05 Jul 2025 00:13:45,0.073
05 Jul 2025 00:14:15,0.148
05 Jul 2025 00:14:45,0.149
05 Jul 2025 00:15:15,0.080
05 Jul 2025 00:16:15,0.097
05 Jul 2025 00:16:30,0.079
05 Jul 2025 00:16:45,0.129
05 Jul 2025 00:17:45,0.162
05 Jul 2025 00:19:00,0.102
05 Jul 2025 00:20:00,0.085
05 Jul 2025 00:20:30,0.113
05 Jul 2025 00:21:00,0.114
05 Jul 2025 00:21:15,0.122
05 Jul 2025 00:21:30,0.126
05 Jul 2025 00:22:00,0.157
05 Jul 2025 00:22:15,0.119
05 Jul 2025 00:22:45,0.105
05 Jul 2025 00:23:00,0.139
05 Jul 2025 00:23:30,0.157
05 Jul 2025 00:24:00,0.140
05 Jul 2025 00:24:30,0.103
05 Jul 2025 00:24:45,0.172
05 Jul 2025 00:25:30,0.158
05 Jul 2025 00:25:45,0.150
05 Jul 2025 00:26:30,0.158
05 Jul 2025 00:27:00,0.147
05 Jul 2025 00:29:15,0.085
05 Jul 2025 00:29:30,0.134
05 Jul 2025 00:30:00,0.145
05 Jul 2025 00:30:45,0.142
05 Jul 2025 00:31:00,0.123
05 Jul 2025 00:31:45,0.147
05 Jul 2025 00:32:00,0.144
05 Jul 2025 00:32:15,0.141
05 Jul 2025 00:32:45,0.161
05 Jul 2025 00:33:30,0.154
05 Jul 2025 00:34:15,0.141
05 Jul 2025 00:34:30,0.083
05 Jul 2025 00:34:45,0.148
05 Jul 2025 00:35:15,0.115
05 Jul 2025 00:35:30,0.133
05 Jul 2025 00:36:15,0.161
05 Jul 2025 00:37:00,0.129
05 Jul 2025 00:37:30,0.114
05 Jul 2025 00:38:15,0.101
05 Jul 2025 00:38:45,0.170
05 Jul 2025 00:39:00,0.130
05 Jul 2025 00:39:15,0.135
05 Jul 2025 00:39:30,0.130
05 Jul 2025 00:39:45,0.143
05 Jul 2025 00:40:00,0.150
05 Jul 2025 00:40:15,0.127
05 Jul 2025 00:40:45,0.135
05 Jul 2025 00:41:30,0.182
05 Jul 2025 00:43:00,0.125
05 Jul 2025 00:43:45,0.181
05 Jul 2025 00:44:30,0.158
05 Jul 2025 00:44:45,0.165
05 Jul 2025 00:45:15,0.110
05 Jul 2025 00:45:45,0.159
05 Jul 2025 00:46:00,0.151
05 Jul 2025 00:46:15,0.114
05 Jul 2025 00:46:30,0.092
05 Jul 2025 00:46:45,0.130
05 Jul 2025 00:47:00,0.165
05 Jul 2025 00:47:45,0.150
05 Jul 2025 00:48:45,0.149
05 Jul 2025 00:49:00,0.101
05 Jul 2025 00:49:15,0.138
05 Jul 2025 00:49:30,0.144
05 Jul 2025 00:49:45,0.146
05 Jul 2025 00:50:30,0.116
05 Jul 2025 00:50:45,0.097
05 Jul 2025 00:51:15,0.128
05 Jul 2025 00:51:30,0.102
05 Jul 2025 00:51:45,0.160
05 Jul 2025 00:52:15,0.139
05 Jul 2025 00:52:45,0.165
05 Jul 2025 00:53:00,0.130
05 Jul 2025 00:54:00,0.145
05 Jul 2025 00:54:45,0.138
05 Jul 2025 00:55:15,0.155
05 Jul 2025 00:55:30,0.119
05 Jul 2025 00:55:45,0.147
05 Jul 2025 00:56:30,0.146
05 Jul 2025 00:56:45,0.145
05 Jul 2025 00:57:00,0.147
05 Jul 2025 00:57:15,0.118
05 Jul 2025 00:57:30,0.139
05 Jul 2025 00:58:15,0.124
05 Jul 2025 00:58:30,0.106
05 Jul 2025 00:59:45,0.144
05 Jul 2025 01:00:15,0.135
05 Jul 2025 01:00:30,0.169
05 Jul 2025 01:00:45,0.161
05 Jul 2025 01:01:15,0.157
05 Jul 2025 01:01:30,0.129
05 Jul 2025 01:02:30,0.114
05 Jul 2025 01:03:00,0.148
05 Jul 2025 01:03:15,0.157
05 Jul 2025 01:03:30,0.140
05 Jul 2025 01:03:45,0.161
05 Jul 2025 01:04:30,0.185
05 Jul 2025 01:05:00,0.132
05 Jul 2025 01:05:15,0.159
05 Jul 2025 01:06:00,0.141
05 Jul 2025 01:06:30,0.104
05 Jul 2025 01:06:45,0.156
05 Jul 2025 01:07:30,0.111
05 Jul 2025 01:08:15,0.119
05 Jul 2025 01:08:30,0.145
05 Jul 2025 01:08:45,0.140
05 Jul 2025 01:09:30,0.170
05 Jul 2025 01:10:15,0.135
05 Jul 2025 01:10:45,0.118
05 Jul 2025 01:11:15,0.154
05 Jul 2025 01:11:45,0.192
05 Jul 2025 01:12:00,0.129
05 Jul 2025 01:12:15,0.166
05 Jul 2025 01:13:00,0.176
05 Jul 2025 01:13:15,0.121
05 Jul 2025 01:13:45,0.131
05 Jul 2025 01:14:30,0.172
05 Jul 2025 01:15:30,0.158
05 Jul 2025 01:16:00,0.131
05 Jul 2025 01:16:15,0.194
05 Jul 2025 01:16:30,0.158
05 Jul 2025 01:16:45,0.146
05 Jul 2025 01:17:15,0.186
05 Jul 2025 01:17:45,0.169
05 Jul 2025 01:18:00,0.179
05 Jul 2025 01:18:30,0.123
05 Jul 2025 01:19:00,0.124
05 Jul 2025 01:19:15,0.166
05 Jul 2025 01:20:00,0.148
05 Jul 2025 01:20:30,0.162
05 Jul 2025 01:20:45,0.116
05 Jul 2025 01:21:00,0.152
05 Jul 2025 01:21:15,0.123
05 Jul 2025 01:21:30,0.151
05 Jul 2025 01:22:00,0.172
05 Jul 2025 01:23:30,0.187
05 Jul 2025 01:24:00,0.119
05 Jul 2025 01:24:15,0.163
05 Jul 2025 01:24:30,0.136
05 Jul 2025 01:24:45,0.164
05 Jul 2025 01:25:00,0.169
05 Jul 2025 01:26:00,0.151
05 Jul 2025 01:27:30,0.187
05 Jul 2025 01:28:15,0.138
05 Jul 2025 01:28:30,0.154
05 Jul 2025 01:28:45,0.144
05 Jul 2025 01:29:15,0.192
05 Jul 2025 01:30:00,0.154
05 Jul 2025 01:30:30,0.152
05 Jul 2025 01:31:00,0.202
05 Jul 2025 01:31:15,0.182
05 Jul 2025 01:31:30,0.147
05 Jul 2025 01:32:15,0.158
05 Jul 2025 01:32:30,0.165
05 Jul 2025 01:33:00,0.173
05 Jul 2025 01:33:15,0.192
05 Jul 2025 01:33:45,0.169
05 Jul 2025 01:34:00,0.143
05 Jul 2025 01:34:30,0.174
05 Jul 2025 01:35:00,0.160
05 Jul 2025 01:35:30,0.167
05 Jul 2025 01:35:45,0.188
05 Jul 2025 01:36:00,0.156
05 Jul 2025 01:36:15,0.103
05 Jul 2025 01:36:30,0.157
05 Jul 2025 01:37:00,0.181
05 Jul 2025 01:37:30,0.143
05 Jul 2025 01:37:45,0.174
05 Jul 2025 01:38:15,0.212
05 Jul 2025 01:39:15,0.152
05 Jul 2025 01:39:45,0.202
05 Jul 2025 01:40:00,0.155
05 Jul 2025 01:40:15,0.165
05 Jul 2025 01:40:30,0.172
05 Jul 2025 01:40:45,0.134
05 Jul 2025 01:41:15,0.182
05 Jul 2025 01:41:30,0.170
05 Jul 2025 01:42:15,0.187
05 Jul 2025 01:42:45,0.162
05 Jul 2025 01:43:00,0.155
05 Jul 2025 01:43:15,0.203
05 Jul 2025 01:43:45,0.183
05 Jul 2025 01:44:00,0.153
05 Jul 2025 01:44:15,0.148
05 Jul 2025 01:44:45,0.150
05 Jul 2025 01:45:00,0.115
05 Jul 2025 01:45:15,0.182
05 Jul 2025 01:45:30,0.167
05 Jul 2025 01:45:45,0.117
05 Jul 2025 01:46:00,0.142
05 Jul 2025 01:47:15,0.160
05 Jul 2025 01:47:30,0.187
05 Jul 2025 01:48:00,0.151
05 Jul 2025 01:48:15,0.155
05 Jul 2025 01:48:45,0.197
05 Jul 2025 01:49:45,0.140
05 Jul 2025 01:50:15,0.178
05 Jul 2025 01:51:00,0.152
05 Jul 2025 01:51:45,0.142
05 Jul 2025 01:52:30,0.185
05 Jul 2025 01:52:45,0.158
05 Jul 2025 01:56:45,0.168
05 Jul 2025 01:57:00,0.138
05 Jul 2025 01:57:45,0.187
05 Jul 2025 01:59:15,0.203
05 Jul 2025 01:59:30,0.165
05 Jul 2025 01:59:45,0.169
05 Jul 2025 02:00:30,0.205
05 Jul 2025 02:01:30,0.203
05 Jul 2025 02:01:45,0.163
05 Jul 2025 02:02:15,0.167
05 Jul 2025 02:02:30,0.212
05 Jul 2025 02:02:45,0.170
05 Jul 2025 02:03:15,0.145
05 Jul 2025 02:03:30,0.173
05 Jul 2025 02:03:45,0.182
05 Jul 2025 02:04:00,0.218
05 Jul 2025 02:04:30,0.170
05 Jul 2025 02:05:00,0.150
05 Jul 2025 02:05:15,0.173
05 Jul 2025 02:05:30,0.191
05 Jul 2025 02:05:45,0.150
05 Jul 2025 02:06:00,0.136
05 Jul 2025 02:06:15,0.201
05 Jul 2025 02:07:15,0.204
05 Jul 2025 02:07:30,0.162
05 Jul 2025 02:08:00,0.180
05 Jul 2025 02:08:45,0.192
05 Jul 2025 02:09:00,0.178
05 Jul 2025 02:09:30,0.149
05 Jul 2025 02:09:45,0.156
05 Jul 2025 02:10:00,0.211
05 Jul 2025 02:10:15,0.184
05 Jul 2025 02:11:00,0.178
05 Jul 2025 02:11:15,0.144
05 Jul 2025 02:11:30,0.152
05 Jul 2025 02:12:30,0.199
05 Jul 2025 02:13:45,0.194
05 Jul 2025 02:14:00,0.191
05 Jul 2025 02:15:00,0.207
05 Jul 2025 02:15:15,0.172
05 Jul 2025 02:15:30,0.214
05 Jul 2025 02:15:45,0.156
05 Jul 2025 02:16:30,0.168
05 Jul 2025 02:16:45,0.221
05 Jul 2025 02:17:15,0.172
05 Jul 2025 02:18:00,0.174
05 Jul 2025 02:18:30,0.183
05 Jul 2025 02:18:45,0.176
05 Jul 2025 02:19:00,0.207
05 Jul 2025 02:19:15,0.190
05 Jul 2025 02:19:30,0.213
05 Jul 2025 02:19:45,0.162
05 Jul 2025 02:20:00,0.211
05 Jul 2025 02:20:15,0.193
05 Jul 2025 02:20:30,0.143
05 Jul 2025 02:22:00,0.199
05 Jul 2025 02:22:30,0.180
05 Jul 2025 02:22:45,0.165
05 Jul 2025 02:23:00,0.171
05 Jul 2025 02:23:15,0.180
05 Jul 2025 02:23:45,0.162
05 Jul 2025 02:24:00,0.172
05 Jul 2025 02:24:15,0.228
05 Jul 2025 02:25:30,0.186
05 Jul 2025 02:26:00,0.245
05 Jul 2025 02:26:15,0.174
05 Jul 2025 02:26:45,0.215
05 Jul 2025 02:27:30,0.184
05 Jul 2025 02:27:45,0.171
05 Jul 2025 02:28:00,0.142
05 Jul 2025 02:28:15,0.220
05 Jul 2025 02:29:15,0.206
05 Jul 2025 02:30:00,0.188
05 Jul 2025 02:30:15,0.185
05 Jul 2025 02:30:45,0.205
05 Jul 2025 02:31:00,0.221
05 Jul 2025 02:31:15,0.218
05 Jul 2025 02:31:45,0.187
05 Jul 2025 02:32:00,0.171
05 Jul 2025 02:32:15,0.175
05 Jul 2025 02:33:30,0.165
05 Jul 2025 02:33:45,0.177
05 Jul 2025 02:34:15,0.201
05 Jul 2025 02:34:30,0.200
05 Jul 2025 02:34:45,0.187
05 Jul 2025 02:35:00,0.162
05 Jul 2025 02:35:15,0.192
05 Jul 2025 02:35:30,0.152
05 Jul 2025 02:35:45,0.216
05 Jul 2025 02:36:15,0.188
05 Jul 2025 02:36:30,0.180
05 Jul 2025 02:37:15,0.164
05 Jul 2025 02:37:30,0.190
05 Jul 2025 02:37:45,0.183
05 Jul 2025 02:38:45,0.188
05 Jul 2025 02:39:00,0.194
05 Jul 2025 02:39:30,0.210
05 Jul 2025 02:40:15,0.222
05 Jul 2025 02:40:30,0.179
05 Jul 2025 02:40:45,0.214
05 Jul 2025 02:42:15,0.227
05 Jul 2025 02:42:45,0.224
05 Jul 2025 02:43:15,0.184
05 Jul 2025 02:43:30,0.208
05 Jul 2025 02:43:45,0.174
05 Jul 2025 02:44:30,0.216
05 Jul 2025 02:44:45,0.204
05 Jul 2025 02:45:00,0.180
05 Jul 2025 02:46:00,0.197
05 Jul 2025 02:46:15,0.184
05 Jul 2025 02:46:30,0.163
05 Jul 2025 02:47:30,0.212
05 Jul 2025 02:47:45,0.220
05 Jul 2025 02:48:30,0.202
05 Jul 2025 02:48:45,0.180
05 Jul 2025 02:49:15,0.213
05 Jul 2025 02:49:30,0.169
05 Jul 2025 02:49:45,0.197
05 Jul 2025 02:50:15,0.175
05 Jul 2025 02:51:15,0.216
05 Jul 2025 02:52:00,0.170
05 Jul 2025 02:52:15,0.141
05 Jul 2025 02:52:30,0.179
05 Jul 2025 02:52:45,0.195
05 Jul 2025 02:53:00,0.212
05 Jul 2025 02:53:15,0.201
05 Jul 2025 02:53:30,0.200
05 Jul 2025 02:53:45,0.182
05 Jul 2025 02:54:00,0.173
05 Jul 2025 02:54:15,0.219
05 Jul 2025 02:54:45,0.215
05 Jul 2025 02:55:00,0.177
05 Jul 2025 02:55:15,0.169
05 Jul 2025 02:55:45,0.174
05 Jul 2025 02:56:00,0.170
05 Jul 2025 02:56:30,0.181
05 Jul 2025 02:57:15,0.204
05 Jul 2025 02:57:30,0.199
05 Jul 2025 02:57:45,0.183
05 Jul 2025 02:58:15,0.174
05 Jul 2025 02:58:30,0.145
05 Jul 2025 02:59:15,0.174
05 Jul 2025 02:59:30,0.187
05 Jul 2025 03:00:15,0.163
05 Jul 2025 03:00:30,0.177
05 Jul 2025 03:01:15,0.196
05 Jul 2025 03:02:00,0.225
05 Jul 2025 03:02:15,0.213
05 Jul 2025 03:02:30,0.205
05 Jul 2025 03:03:15,0.193
05 Jul 2025 03:03:30,0.192
05 Jul 2025 03:03:45,0.171
05 Jul 2025 03:05:00,0.177
05 Jul 2025 03:05:15,0.217
05 Jul 2025 03:06:00,0.174
05 Jul 2025 03:06:30,0.164
05 Jul 2025 03:07:30,0.187
05 Jul 2025 03:08:00,0.192
05 Jul 2025 03:08:30,0.186
05 Jul 2025 03:09:15,0.195
05 Jul 2025 03:09:45,0.193
05 Jul 2025 03:10:00,0.186
05 Jul 2025 03:10:15,0.194
05 Jul 2025 03:11:15,0.193
05 Jul 2025 03:11:30,0.179
05 Jul 2025 03:11:45,0.176
05 Jul 2025 03:12:00,0.178
05 Jul 2025 03:12:45,0.182
05 Jul 2025 03:13:15,0.202
05 Jul 2025 03:13:30,0.209
05 Jul 2025 03:13:45,0.201
05 Jul 2025 03:14:00,0.182
05 Jul 2025 03:14:15,0.194
05 Jul 2025 03:14:30,0.190
05 Jul 2025 03:14:45,0.219
05 Jul 2025 03:15:00,0.209
05 Jul 2025 03:15:15,0.189
05 Jul 2025 03:16:00,0.203
05 Jul 2025 03:17:00,0.205
05 Jul 2025 03:17:30,0.201
05 Jul 2025 03:17:45,0.193
05 Jul 2025 03:18:00,0.211
05 Jul 2025 03:19:00,0.161
05 Jul 2025 03:19:15,0.220
05 Jul 2025 03:20:00,0.193
05 Jul 2025 03:20:15,0.149
05 Jul 2025 03:20:30,0.197
05 Jul 2025 03:21:15,0.207
05 Jul 2025 03:22:00,0.215
05 Jul 2025 03:23:00,0.193
05 Jul 2025 03:23:15,0.161
05 Jul 2025 03:23:30,0.227
05 Jul 2025 03:23:45,0.183
05 Jul 2025 03:24:00,0.189
05 Jul 2025 03:24:15,0.172
05 Jul 2025 03:25:30,0.203
05 Jul 2025 03:26:15,0.203
05 Jul 2025 03:26:30,0.170
05 Jul 2025 03:27:00,0.201
05 Jul 2025 03:27:15,0.181
05 Jul 2025 03:27:30,0.209
05 Jul 2025 03:27:45,0.205
05 Jul 2025 03:28:30,0.199
05 Jul 2025 03:29:15,0.197
05 Jul 2025 03:29:30,0.211
05 Jul 2025 03:30:00,0.200
05 Jul 2025 03:30:30,0.201
05 Jul 2025 03:30:45,0.164
05 Jul 2025 03:31:30,0.147
05 Jul 2025 03:31:45,0.206
05 Jul 2025 03:33:15,0.198
05 Jul 2025 03:33:45,0.190
05 Jul 2025 03:34:15,0.202
05 Jul 2025 03:34:30,0.192
05 Jul 2025 03:34:45,0.185
05 Jul 2025 03:35:15,0.227
05 Jul 2025 03:35:30,0.213
05 Jul 2025 03:37:15,0.188
05 Jul 2025 03:37:30,0.218
05 Jul 2025 03:38:45,0.211
05 Jul 2025 03:39:30,0.182
05 Jul 2025 03:40:30,0.210
05 Jul 2025 03:40:45,0.206
05 Jul 2025 03:41:45,0.194
05 Jul 2025 03:42:00,0.191
05 Jul 2025 03:42:15,0.166
05 Jul 2025 03:42:30,0.216
05 Jul 2025 03:42:45,0.181
05 Jul 2025 03:43:30,0.181
05 Jul 2025 03:44:00,0.183
05 Jul 2025 03:44:15,0.198
05 Jul 2025 03:44:45,0.154
05 Jul 2025 03:45:00,0.205
05 Jul 2025 03:45:45,0.186
05 Jul 2025 03:46:00,0.171
05 Jul 2025 03:46:15,0.191
05 Jul 2025 03:46:45,0.191
05 Jul 2025 03:47:00,0.182
05 Jul 2025 03:47:15,0.176
05 Jul 2025 03:47:30,0.194
05 Jul 2025 03:48:00,0.150
05 Jul 2025 03:48:30,0.171
05 Jul 2025 03:50:00,0.210
05 Jul 2025 03:50:15,0.179
05 Jul 2025 03:50:45,0.212
05 Jul 2025 03:51:15,0.199
05 Jul 2025 03:51:30,0.164
05 Jul 2025 03:52:15,0.176
05 Jul 2025 03:52:30,0.198
05 Jul 2025 03:53:15,0.174
05 Jul 2025 03:53:30,0.168
05 Jul 2025 03:54:15,0.195
05 Jul 2025 03:54:45,0.207
05 Jul 2025 03:55:15,0.206
05 Jul 2025 03:55:45,0.206
05 Jul 2025 03:56:00,0.188
05 Jul 2025 03:56:15,0.184
05 Jul 2025 03:56:30,0.188
05 Jul 2025 03:57:00,0.183
05 Jul 2025 03:57:45,0.200
05 Jul 2025 03:58:15,0.175
05 Jul 2025 03:59:00,0.192
05 Jul 2025 03:59:30,0.207
05 Jul 2025 04:00:30,0.175
05 Jul 2025 04:01:00,0.196
05 Jul 2025 04:01:30,0.192
05 Jul 2025 04:02:15,0.195
05 Jul 2025 04:03:00,0.166
05 Jul 2025 04:03:30,0.158
05 Jul 2025 04:04:00,0.218
05 Jul 2025 04:04:30,0.204
05 Jul 2025 04:04:45,0.182
05 Jul 2025 04:05:30,0.203
05 Jul 2025 04:05:45,0.154
05 Jul 2025 04:06:30,0.216
05 Jul 2025 04:07:30,0.203
05 Jul 2025 04:08:45,0.220
05 Jul 2025 04:09:45,0.171
05 Jul 2025 04:10:00,0.160
05 Jul 2025 04:10:15,0.171
05 Jul 2025 04:10:30,0.177
05 Jul 2025 04:11:15,0.203
05 Jul 2025 04:11:30,0.174
05 Jul 2025 04:12:00,0.171
05 Jul 2025 04:12:30,0.150
05 Jul 2025 04:12:45,0.203
05 Jul 2025 04:13:00,0.135
05 Jul 2025 04:13:45,0.182
05 Jul 2025 04:14:15,0.167
05 Jul 2025 04:15:30,0.126
05 Jul 2025 04:15:45,0.193
05 Jul 2025 04:16:15,0.188
05 Jul 2025 04:16:30,0.176
05 Jul 2025 04:17:00,0.160
05 Jul 2025 04:17:30,0.191
05 Jul 2025 04:17:45,0.194
05 Jul 2025 04:18:00,0.191
05 Jul 2025 04:18:15,0.211
05 Jul 2025 04:18:45,0.191
05 Jul 2025 04:19:15,0.219
05 Jul 2025 04:19:30,0.205
05 Jul 2025 04:20:15,0.191
05 Jul 2025 04:20:30,0.168
05 Jul 2025 04:20:45,0.189
05 Jul 2025 04:21:15,0.153
05 Jul 2025 04:21:45,0.178
05 Jul 2025 04:22:00,0.189
05 Jul 2025 04:23:00,0.147
05 Jul 2025 04:23:15,0.168
05 Jul 2025 04:24:00,0.182
05 Jul 2025 04:24:15,0.183
05 Jul 2025 04:24:30,0.156
05 Jul 2025 04:24:45,0.173
05 Jul 2025 04:25:00,0.166
05 Jul 2025 04:27:00,0.172
05 Jul 2025 04:27:15,0.161
05 Jul 2025 04:29:15,0.188
05 Jul 2025 04:29:45,0.182
05 Jul 2025 04:30:00,0.157
05 Jul 2025 04:31:00,0.178
05 Jul 2025 04:31:15,0.171
05 Jul 2025 04:31:30,0.161
05 Jul 2025 04:32:00,0.176
05 Jul 2025 04:32:15,0.180
05 Jul 2025 04:32:45,0.185
05 Jul 2025 04:34:30,0.156
05 Jul 2025 04:35:00,0.175
05 Jul 2025 04:35:30,0.164
05 Jul 2025 04:36:30,0.171
05 Jul 2025 04:37:15,0.177
05 Jul 2025 04:37:45,0.196
05 Jul 2025 04:38:00,0.158
05 Jul 2025 04:38:45,0.135
05 Jul 2025 04:39:00,0.144
05 Jul 2025 04:39:30,0.196
05 Jul 2025 04:41:00,0.163
05 Jul 2025 04:41:45,0.189
05 Jul 2025 04:42:00,0.147
05 Jul 2025 04:42:30,0.157
05 Jul 2025 04:43:15,0.177
05 Jul 2025 04:43:45,0.171
05 Jul 2025 04:44:00,0.171
05 Jul 2025 04:44:30,0.154
05 Jul 2025 04:44:45,0.185
05 Jul 2025 04:45:00,0.163
05 Jul 2025 04:45:15,0.196
05 Jul 2025 04:45:30,0.145
05 Jul 2025 04:46:00,0.160
05 Jul 2025 04:48:00,0.147
05 Jul 2025 04:49:15,0.186
05 Jul 2025 04:49:45,0.176
05 Jul 2025 04:50:00,0.174
05 Jul 2025 04:50:45,0.155
05 Jul 2025 04:51:15,0.130
05 Jul 2025 04:51:30,0.161
05 Jul 2025 04:52:45,0.147
05 Jul 2025 04:53:30,0.168
05 Jul 2025 04:53:45,0.137
05 Jul 2025 04:54:00,0.164
05 Jul 2025 04:54:15,0.173
05 Jul 2025 04:55:00,0.185
05 Jul 2025 04:55:30,0.162
05 Jul 2025 04:56:00,0.126
05 Jul 2025 04:56:15,0.151
05 Jul 2025 04:56:30,0.171
05 Jul 2025 04:57:00,0.210
05 Jul 2025 04:57:15,0.162
05 Jul 2025 04:57:30,0.158
05 Jul 2025 04:57:45,0.165
05 Jul 2025 04:58:00,0.172
05 Jul 2025 04:58:45,0.166
05 Jul 2025 04:59:30,0.195
05 Jul 2025 05:00:15,0.197
05 Jul 2025 05:00:45,0.134
05 Jul 2025 05:01:15,0.156
05 Jul 2025 05:02:00,0.217
05 Jul 2025 05:02:45,0.180
05 Jul 2025 05:03:30,0.188
05 Jul 2025 05:03:45,0.145
05 Jul 2025 05:04:30,0.137
05 Jul 2025 05:05:00,0.152
05 Jul 2025 05:06:15,0.140
05 Jul 2025 05:06:45,0.160
05 Jul 2025 05:07:00,0.145
05 Jul 2025 05:07:15,0.156
05 Jul 2025 05:07:45,0.185
05 Jul 2025 05:08:00,0.169
05 Jul 2025 05:08:15,0.182
05 Jul 2025 05:08:30,0.156
05 Jul 2025 05:09:15,0.157
05 Jul 2025 05:09:30,0.180
05 Jul 2025 05:09:45,0.201
05 Jul 2025 05:10:30,0.139
05 Jul 2025 05:10:45,0.157
05 Jul 2025 05:11:30,0.208
05 Jul 2025 05:12:30,0.127
05 Jul 2025 05:12:45,0.119
05 Jul 2025 05:13:15,0.176
05 Jul 2025 05:13:45,0.171
05 Jul 2025 05:14:00,0.162
05 Jul 2025 05:14:45,0.145
05 Jul 2025 05:15:00,0.189
05 Jul 2025 05:16:00,0.143
05 Jul 2025 05:16:15,0.183
05 Jul 2025 05:16:30,0.140
05 Jul 2025 05:16:45,0.172
05 Jul 2025 05:17:15,0.092
05 Jul 2025 05:17:45,0.114
05 Jul 2025 05:18:00,0.151
05 Jul 2025 05:18:15,0.148
05 Jul 2025 05:18:30,0.157
05 Jul 2025 05:18:45,0.167
05 Jul 2025 05:19:00,0.186
05 Jul 2025 05:19:15,0.129
05 Jul 2025 05:19:30,0.167
05 Jul 2025 05:19:45,0.170
05 Jul 2025 05:20:00,0.164
05 Jul 2025 05:20:15,0.184
05 Jul 2025 05:20:45,0.167
05 Jul 2025 05:21:00,0.159
05 Jul 2025 05:21:15,0.156
05 Jul 2025 05:22:00,0.180
05 Jul 2025 05:24:30,0.170
05 Jul 2025 05:25:30,0.171
05 Jul 2025 05:26:15,0.166
05 Jul 2025 05:26:45,0.163
05 Jul 2025 05:27:15,0.157
05 Jul 2025 05:27:45,0.155
05 Jul 2025 05:28:00,0.183
05 Jul 2025 05:28:15,0.157
05 Jul 2025 05:28:30,0.164
05 Jul 2025 05:29:00,0.131
05 Jul 2025 05:29:45,0.135
05 Jul 2025 05:30:00,0.140
05 Jul 2025 05:30:15,0.157
05 Jul 2025 05:31:00,0.134
05 Jul 2025 05:31:15,0.179
05 Jul 2025 05:31:30,0.159
05 Jul 2025 05:32:00,0.128
05 Jul 2025 05:32:45,0.174
05 Jul 2025 05:33:15,0.154
05 Jul 2025 05:33:30,0.167
05 Jul 2025 05:34:15,0.142
05 Jul 2025 05:35:00,0.111
05 Jul 2025 05:35:15,0.190
05 Jul 2025 05:35:30,0.168
05 Jul 2025 05:37:00,0.165
05 Jul 2025 05:38:15,0.096
05 Jul 2025 05:39:00,0.207
05 Jul 2025 05:39:15,0.144
05 Jul 2025 05:39:30,0.149
05 Jul 2025 05:39:45,0.132
05 Jul 2025 05:40:15,0.100
05 Jul 2025 05:40:45,0.149
05 Jul 2025 05:41:15,0.153
05 Jul 2025 05:41:30,0.126
05 Jul 2025 05:42:15,0.120
05 Jul 2025 05:42:45,0.160
05 Jul 2025 05:43:15,0.108
05 Jul 2025 05:43:45,0.121
05 Jul 2025 05:44:00,0.165
05 Jul 2025 05:44:30,0.177
05 Jul 2025 05:44:45,0.151
05 Jul 2025 05:45:00,0.114
05 Jul 2025 05:45:45,0.140
05 Jul 2025 05:46:15,0.155
05 Jul 2025 05:46:30,0.134
05 Jul 2025 05:47:15,0.157
05 Jul 2025 05:48:30,0.134
05 Jul 2025 05:48:45,0.111
05 Jul 2025 05:49:30,0.130
05 Jul 2025 05:51:30,0.117
05 Jul 2025 05:52:00,0.142
05 Jul 2025 05:52:30,0.151
05 Jul 2025 05:53:00,0.142
05 Jul 2025 05:53:45,0.128
05 Jul 2025 05:54:00,0.107
05 Jul 2025 05:54:45,0.129
05 Jul 2025 05:55:00,0.090
05 Jul 2025 05:55:30,0.131
05 Jul 2025 05:55:45,0.170
05 Jul 2025 05:56:00,0.181
05 Jul 2025 05:57:00,0.156
05 Jul 2025 05:57:30,0.106
05 Jul 2025 05:58:45,0.162
05 Jul 2025 05:59:15,0.122
05 Jul 2025 05:59:45,0.146
05 Jul 2025 06:00:15,0.138
05 Jul 2025 06:00:30,0.144
05 Jul 2025 06:00:45,0.087
05 Jul 2025 06:01:00,0.131
05 Jul 2025 06:02:15,0.160
05 Jul 2025 06:02:30,0.150
05 Jul 2025 06:02:45,0.144
05 Jul 2025 06:03:15,0.152
05 Jul 2025 06:04:00,0.100
05 Jul 2025 06:04:15,0.115
05 Jul 2025 06:04:30,0.161
05 Jul 2025 06:04:45,0.152
05 Jul 2025 06:05:00,0.086
05 Jul 2025 06:05:15,0.076
05 Jul 2025 06:05:45,0.125
05 Jul 2025 06:06:00,0.109
05 Jul 2025 06:06:30,0.088
05 Jul 2025 06:07:30,0.168
05 Jul 2025 06:07:45,0.125
05 Jul 2025 06:08:00,0.127
05 Jul 2025 06:08:30,0.119
05 Jul 2025 06:08:45,0.118
05 Jul 2025 06:09:00,0.166
05 Jul 2025 06:09:15,0.125
05 Jul 2025 06:10:00,0.156
05 Jul 2025 06:10:15,0.129
05 Jul 2025 06:10:45,0.105
05 Jul 2025 06:11:00,0.116
05 Jul 2025 06:11:15,0.123
05 Jul 2025 06:11:30,0.153
05 Jul 2025 06:11:45,0.137
05 Jul 2025 06:12:30,0.117
05 Jul 2025 06:13:15,0.062
05 Jul 2025 06:13:30,0.103
05 Jul 2025 06:14:15,0.136
05 Jul 2025 06:14:45,0.098
05 Jul 2025 06:15:00,0.131
05 Jul 2025 06:15:15,0.112
05 Jul 2025 06:15:45,0.115
05 Jul 2025 06:16:00,0.097
05 Jul 2025 06:16:15,0.151
05 Jul 2025 06:16:30,0.134
05 Jul 2025 06:16:45,0.108
05 Jul 2025 06:17:00,0.107
05 Jul 2025 06:18:15,0.146
05 Jul 2025 06:18:30,0.142
05 Jul 2025 06:18:45,0.129
05 Jul 2025 06:19:00,0.140
05 Jul 2025 06:19:15,0.121
05 Jul 2025 06:20:00,0.121
05 Jul 2025 06:20:30,0.134
05 Jul 2025 06:21:30,0.099
05 Jul 2025 06:21:45,0.098
05 Jul 2025 06:23:00,0.097
05 Jul 2025 06:23:45,0.105
05 Jul 2025 06:25:30,0.147
05 Jul 2025 06:26:15,0.155
05 Jul 2025 06:26:45,0.090
05 Jul 2025 06:27:00,0.101
05 Jul 2025 06:27:30,0.111
05 Jul 2025 06:27:45,0.133
05 Jul 2025 06:28:15,0.133
05 Jul 2025 06:28:30,0.132
05 Jul 2025 06:29:00,0.131
05 Jul 2025 06:29:45,0.134
05 Jul 2025 06:30:00,0.118
05 Jul 2025 06:30:30,0.120
05 Jul 2025 06:31:30,0.147
05 Jul 2025 06:32:00,0.092
05 Jul 2025 06:32:15,0.103
05 Jul 2025 06:32:30,0.105
05 Jul 2025 06:33:00,0.106
05 Jul 2025 06:33:15,0.137
05 Jul 2025 06:33:30,0.116
05 Jul 2025 06:33:45,0.129
05 Jul 2025 06:35:15,0.144
05 Jul 2025 06:35:30,0.092
05 Jul 2025 06:35:45,0.138
05 Jul 2025 06:36:45,0.120
05 Jul 2025 06:37:00,0.155
05 Jul 2025 06:37:15,0.121
05 Jul 2025 06:38:15,0.118
05 Jul 2025 06:38:30,0.122
05 Jul 2025 06:38:45,0.122
05 Jul 2025 06:39:00,0.101
05 Jul 2025 06:39:15,0.118
05 Jul 2025 06:39:45,0.120
05 Jul 2025 06:40:00,0.119
05 Jul 2025 06:40:30,0.121
05 Jul 2025 06:41:00,0.112
05 Jul 2025 06:41:30,0.109
05 Jul 2025 06:41:45,0.098
05 Jul 2025 06:42:00,0.107
05 Jul 2025 06:42:15,0.112
05 Jul 2025 06:42:45,0.101
05 Jul 2025 06:43:00,0.113
05 Jul 2025 06:44:15,0.115
05 Jul 2025 06:46:00,0.092
05 Jul 2025 06:46:15,0.115
05 Jul 2025 06:46:30,0.123
05 Jul 2025 06:47:00,0.097
05 Jul 2025 06:47:15,0.116
05 Jul 2025 06:48:15,0.100
05 Jul 2025 06:48:30,0.135
05 Jul 2025 06:48:45,0.077
05 Jul 2025 06:49:15,0.110
05 Jul 2025 06:49:45,0.129
05 Jul 2025 06:50:00,0.102
05 Jul 2025 06:50:15,0.096
05 Jul 2025 06:50:30,0.088
05 Jul 2025 06:50:45,0.118
05 Jul 2025 06:51:15,0.117
05 Jul 2025 06:51:45,0.093
05 Jul 2025 06:52:30,0.066
05 Jul 2025 06:52:45,0.141
05 Jul 2025 06:53:30,0.072
05 Jul 2025 06:54:00,0.080
05 Jul 2025 06:55:00,0.087
05 Jul 2025 06:55:15,0.118
05 Jul 2025 06:55:30,0.104
05 Jul 2025 06:55:45,0.126
05 Jul 2025 06:57:45,0.089
05 Jul 2025 06:58:15,0.096
05 Jul 2025 06:59:00,0.077
05 Jul 2025 07:00:00,0.085
05 Jul 2025 07:00:45,0.100
05 Jul 2025 07:01:45,0.117
05 Jul 2025 07:02:00,0.086
05 Jul 2025 07:03:00,0.089
05 Jul 2025 07:03:30,0.118
05 Jul 2025 07:03:45,0.102
05 Jul 2025 07:04:00,0.120
05 Jul 2025 07:04:30,0.122
05 Jul 2025 07:04:45,0.106
05 Jul 2025 07:05:15,0.077
05 Jul 2025 07:06:00,0.045
05 Jul 2025 07:06:15,0.086
05 Jul 2025 07:06:30,0.090
05 Jul 2025 07:06:45,0.127
05 Jul 2025 07:07:00,0.050
05 Jul 2025 07:07:15,0.072
05 Jul 2025 07:07:30,0.116
05 Jul 2025 07:08:30,0.121
05 Jul 2025 07:08:45,0.122
05 Jul 2025 07:09:15,0.094
05 Jul 2025 07:09:30,0.121
05 Jul 2025 07:09:45,0.099
05 Jul 2025 07:10:00,0.100
05 Jul 2025 07:10:15,0.099
05 Jul 2025 07:10:30,0.111
05 Jul 2025 07:11:15,0.089
05 Jul 2025 07:11:45,0.083
05 Jul 2025 07:12:15,0.072
05 Jul 2025 07:13:00,0.133
05 Jul 2025 07:14:30,0.092
05 Jul 2025 07:15:00,0.092
05 Jul 2025 07:15:30,0.102
05 Jul 2025 07:15:45,0.089
05 Jul 2025 07:16:00,0.141
05 Jul 2025 07:16:45,0.125
05 Jul 2025 07:17:00,0.078
05 Jul 2025 07:17:15,0.107
05 Jul 2025 07:17:30,0.063
05 Jul 2025 07:17:45,0.092
05 Jul 2025 07:18:30,0.106
05 Jul 2025 07:19:00,0.074
05 Jul 2025 07:20:45,0.080
05 Jul 2025 07:21:00,0.125
05 Jul 2025 07:21:30,0.131
05 Jul 2025 07:21:45,0.058
05 Jul 2025 07:22:00,0.097
05 Jul 2025 07:22:30,0.108
05 Jul 2025 07:23:00,0.103
05 Jul 2025 07:23:15,0.084
05 Jul 2025 07:23:45,0.107
05 Jul 2025 07:24:15,0.088
05 Jul 2025 07:25:30,0.049
05 Jul 2025 07:25:45,0.103
05 Jul 2025 07:26:15,0.119
05 Jul 2025 07:26:30,0.099
05 Jul 2025 07:27:00,0.098
05 Jul 2025 07:27:30,0.092
05 Jul 2025 07:28:15,0.100
05 Jul 2025 07:28:30,0.097
05 Jul 2025 07:28:45,0.054
05 Jul 2025 07:29:30,0.099
05 Jul 2025 07:29:45,0.082
05 Jul 2025 07:30:15,0.099
05 Jul 2025 07:30:45,0.066
05 Jul 2025 07:32:00,0.106
05 Jul 2025 07:32:15,0.112
05 Jul 2025 07:32:45,0.057
05 Jul 2025 07:33:00,0.104
05 Jul 2025 07:33:15,0.092
05 Jul 2025 07:33:45,0.108
05 Jul 2025 07:34:30,0.133
05 Jul 2025 07:35:15,0.075
05 Jul 2025 07:36:45,0.105
05 Jul 2025 07:37:15,0.079
05 Jul 2025 07:37:30,0.068
05 Jul 2025 07:37:45,0.087
05 Jul 2025 07:39:00,0.065
05 Jul 2025 07:39:45,0.048
05 Jul 2025 07:40:30,0.072
05 Jul 2025 07:41:00,0.048
05 Jul 2025 07:42:00,0.092
05 Jul 2025 07:42:15,0.068
05 Jul 2025 07:42:30,0.065
05 Jul 2025 07:42:45,0.097
05 Jul 2025 07:43:30,0.116
05 Jul 2025 07:43:45,0.103
05 Jul 2025 07:44:15,0.043
05 Jul 2025 07:44:45,0.122
05 Jul 2025 07:45:15,0.081
05 Jul 2025 07:45:30,0.072
05 Jul 2025 07:46:00,0.096
05 Jul 2025 07:46:15,0.119
05 Jul 2025 07:46:45,0.080
05 Jul 2025 07:47:00,0.117
05 Jul 2025 07:47:15,0.101
05 Jul 2025 07:48:00,0.084
05 Jul 2025 07:50:45,0.069
05 Jul 2025 07:51:00,0.059
05 Jul 2025 07:51:30,0.106
05 Jul 2025 07:51:45,0.071
05 Jul 2025 07:52:00,0.070
05 Jul 2025 07:52:30,0.063
05 Jul 2025 07:52:45,0.002
05 Jul 2025 07:53:00,0.130
05 Jul 2025 07:53:15,0.124
05 Jul 2025 07:53:30,0.053
05 Jul 2025 07:53:45,0.129
05 Jul 2025 07:54:15,0.059
05 Jul 2025 07:54:30,0.077
05 Jul 2025 07:55:00,0.050
05 Jul 2025 07:55:45,0.049
05 Jul 2025 07:56:00,0.106
05 Jul 2025 07:57:00,0.037
05 Jul 2025 07:57:15,0.110
05 Jul 2025 07:57:30,0.059
05 Jul 2025 07:57:45,0.054
05 Jul 2025 07:58:00,0.100
05 Jul 2025 07:58:15,0.064
05 Jul 2025 07:59:30,0.096
05 Jul 2025 07:59:45,0.075
05 Jul 2025 08:00:45,0.076
05 Jul 2025 08:01:00,0.055
05 Jul 2025 08:01:30,0.069
05 Jul 2025 08:02:00,0.095
05 Jul 2025 08:02:15,0.081
05 Jul 2025 08:03:00,0.101
05 Jul 2025 08:03:15,0.067
05 Jul 2025 08:03:30,0.110
05 Jul 2025 08:04:00,0.112
05 Jul 2025 08:04:45,0.097
05 Jul 2025 08:05:00,0.066
05 Jul 2025 08:05:15,0.050
05 Jul 2025 08:05:30,0.075
05 Jul 2025 08:05:45,0.093
05 Jul 2025 08:06:15,0.049
05 Jul 2025 08:06:30,0.057
05 Jul 2025 08:07:15,0.074
05 Jul 2025 08:07:30,0.066
05 Jul 2025 08:08:30,0.080
05 Jul 2025 08:08:45,0.058
05 Jul 2025 08:09:30,0.112
05 Jul 2025 08:10:00,0.079
05 Jul 2025 08:10:30,0.060
05 Jul 2025 08:11:00,0.058
05 Jul 2025 08:11:30,0.096
05 Jul 2025 08:12:00,0.045
05 Jul 2025 08:12:30,0.084
05 Jul 2025 08:12:45,0.061
05 Jul 2025 08:13:00,0.052
05 Jul 2025 08:13:15,0.077
05 Jul 2025 08:13:30,0.042
05 Jul 2025 08:14:45,0.072
05 Jul 2025 08:15:15,0.047
05 Jul 2025 08:15:45,0.045
05 Jul 2025 08:16:00,0.050
05 Jul 2025 08:17:00,0.079
05 Jul 2025 08:17:30,0.066
05 Jul 2025 08:19:00,0.067
05 Jul 2025 08:19:30,0.079
05 Jul 2025 08:19:45,0.049
05 Jul 2025 08:20:00,0.094
05 Jul 2025 08:20:15,0.065
05 Jul 2025 08:20:30,0.061
05 Jul 2025 08:21:45,0.065
05 Jul 2025 08:22:15,0.078
05 Jul 2025 08:22:30,0.074
05 Jul 2025 08:22:45,0.052
05 Jul 2025 08:23:15,0.080
05 Jul 2025 08:24:15,0.074
05 Jul 2025 08:24:30,0.043
05 Jul 2025 08:24:45,0.090
05 Jul 2025 08:26:15,0.084
05 Jul 2025 08:27:15,0.102
05 Jul 2025 08:27:30,0.059
05 Jul 2025 08:28:00,0.048
05 Jul 2025 08:28:15,0.105
05 Jul 2025 08:29:15,0.085
05 Jul 2025 08:29:30,0.065
05 Jul 2025 08:30:15,0.065
05 Jul 2025 08:31:15,0.114
05 Jul 2025 08:31:30,0.037
05 Jul 2025 08:31:45,0.102
05 Jul 2025 08:32:15,0.083
05 Jul 2025 08:32:30,0.048
05 Jul 2025 08:33:00,0.040
05 Jul 2025 08:33:15,0.094
05 Jul 2025 08:33:30,0.088
05 Jul 2025 08:33:45,0.051
05 Jul 2025 08:34:00,0.022
05 Jul 2025 08:34:15,0.061
05 Jul 2025 08:34:30,0.039
05 Jul 2025 08:35:15,0.052
05 Jul 2025 08:35:45,0.089
05 Jul 2025 08:36:00,0.078
05 Jul 2025 08:36:15,0.086
05 Jul 2025 08:36:30,0.059
05 Jul 2025 08:37:30,0.047
05 Jul 2025 08:38:00,0.032
05 Jul 2025 08:38:30,0.134
05 Jul 2025 08:39:15,0.084
05 Jul 2025 08:39:30,0.061
05 Jul 2025 08:39:45,0.044
05 Jul 2025 08:40:45,0.071
05 Jul 2025 08:41:00,0.059
05 Jul 2025 08:41:45,0.077
05 Jul 2025 08:42:15,0.028
05 Jul 2025 08:42:45,0.029
05 Jul 2025 08:43:15,0.016
05 Jul 2025 08:43:30,0.025
05 Jul 2025 08:44:30,0.216
05 Jul 2025 08:44:45,0.039
05 Jul 2025 08:45:00,0.055
05 Jul 2025 08:45:30,0.080
05 Jul 2025 08:46:15,0.052
05 Jul 2025 08:47:00,0.072
05 Jul 2025 08:47:15,0.072
05 Jul 2025 08:47:30,0.075
05 Jul 2025 08:47:45,0.060
05 Jul 2025 08:48:00,0.007
05 Jul 2025 08:48:45,-0.031
05 Jul 2025 08:49:15,0.059
05 Jul 2025 08:49:30,0.044
05 Jul 2025 08:49:45,0.069
05 Jul 2025 08:50:00,0.095
05 Jul 2025 08:50:15,0.068
05 Jul 2025 08:50:30,0.048
05 Jul 2025 08:50:45,0.078
05 Jul 2025 08:51:00,0.075
05 Jul 2025 08:51:45,0.120
05 Jul 2025 08:52:00,0.063
05 Jul 2025 08:52:15,0.077
05 Jul 2025 08:52:30,0.094
05 Jul 2025 08:53:15,0.061
05 Jul 2025 08:53:45,0.036
05 Jul 2025 08:54:15,0.035
05 Jul 2025 08:54:30,0.067
05 Jul 2025 08:55:15,0.085
05 Jul 2025 08:56:30,0.048
05 Jul 2025 08:57:15,0.030
05 Jul 2025 08:57:30,0.080
05 Jul 2025 08:58:00,0.030
05 Jul 2025 08:58:15,0.067
05 Jul 2025 08:59:00,0.097
05 Jul 2025 08:59:15,-0.029
05 Jul 2025 08:59:30,0.039
05 Jul 2025 09:00:00,0.066
05 Jul 2025 09:01:45,0.067
05 Jul 2025 09:02:30,0.078
05 Jul 2025 09:03:15,0.088
05 Jul 2025 09:04:15,0.068
05 Jul 2025 09:04:30,0.082
05 Jul 2025 09:04:45,0.045
05 Jul 2025 09:05:15,0.018
05 Jul 2025 09:05:30,0.056
05 Jul 2025 09:05:45,0.053
05 Jul 2025 09:06:00,0.067
05 Jul 2025 09:06:15,0.079
05 Jul 2025 09:06:30,0.119
05 Jul 2025 09:07:00,0.062
05 Jul 2025 09:07:30,0.070
05 Jul 2025 09:08:00,0.031
05 Jul 2025 09:08:15,0.074
05 Jul 2025 09:09:30,0.041
05 Jul 2025 09:09:45,0.056
05 Jul 2025 09:10:15,0.062
05 Jul 2025 09:11:00,0.018
05 Jul 2025 09:11:30,0.086
05 Jul 2025 09:11:45,0.051
05 Jul 2025 09:12:00,0.052
05 Jul 2025 09:12:30,0.053
05 Jul 2025 09:12:45,0.068
05 Jul 2025 09:13:15,0.034
05 Jul 2025 09:13:45,0.069
05 Jul 2025 09:14:45,0.073
05 Jul 2025 09:15:15,0.036
05 Jul 2025 09:15:30,0.081
05 Jul 2025 09:15:45,0.068
05 Jul 2025 09:16:00,0.038
05 Jul 2025 09:17:15,0.074
05 Jul 2025 09:17:30,0.069
05 Jul 2025 09:17:45,0.054
05 Jul 2025 09:18:00,0.055
05 Jul 2025 09:18:30,0.070
05 Jul 2025 09:19:30,0.044
05 Jul 2025 09:19:45,0.095
05 Jul 2025 09:20:45,0.019
05 Jul 2025 09:21:00,0.008
05 Jul 2025 09:21:30,0.097
05 Jul 2025 09:22:15,0.067
05 Jul 2025 09:23:15,0.091
05 Jul 2025 09:23:45,0.064
05 Jul 2025 09:24:00,0.006
05 Jul 2025 09:24:15,0.064
05 Jul 2025 09:25:00,0.024
05 Jul 2025 09:26:00,0.043
05 Jul 2025 09:26:15,0.053
05 Jul 2025 09:27:00,0.038
05 Jul 2025 09:27:15,0.028
05 Jul 2025 09:27:45,0.067
05 Jul 2025 09:28:00,0.079
05 Jul 2025 09:28:45,0.037
05 Jul 2025 09:29:00,0.096
05 Jul 2025 09:29:45,0.070
05 Jul 2025 09:30:30,0.036
05 Jul 2025 09:31:30,0.079
05 Jul 2025 09:32:15,0.001
05 Jul 2025 09:32:30,0.038
05 Jul 2025 09:32:45,0.038
05 Jul 2025 09:33:00,0.075
05 Jul 2025 09:33:15,0.100
05 Jul 2025 09:33:30,0.073
05 Jul 2025 09:33:45,0.017
05 Jul 2025 09:34:15,0.073
05 Jul 2025 09:34:30,0.033
05 Jul 2025 09:35:00,0.053
05 Jul 2025 09:35:15,0.050
05 Jul 2025 09:35:30,0.084
05 Jul 2025 09:35:45,0.082
05 Jul 2025 09:36:15,0.039
05 Jul 2025 09:36:45,0.043
05 Jul 2025 09:37:00,0.074
05 Jul 2025 09:37:15,0.079
05 Jul 2025 09:38:00,0.080
05 Jul 2025 09:39:15,0.065
05 Jul 2025 09:39:45,0.035
05 Jul 2025 09:41:15,0.045
05 Jul 2025 09:41:45,0.076
05 Jul 2025 09:42:00,0.037
05 Jul 2025 09:42:45,0.049
05 Jul 2025 09:44:00,0.072
05 Jul 2025 09:45:00,0.040
05 Jul 2025 09:45:15,0.088
05 Jul 2025 09:45:45,0.087
05 Jul 2025 09:46:45,0.053
05 Jul 2025 09:47:00,0.013
05 Jul 2025 09:48:00,0.020
05 Jul 2025 09:49:00,0.077
05 Jul 2025 09:49:15,0.049
05 Jul 2025 09:50:00,0.065
05 Jul 2025 09:50:30,0.064
05 Jul 2025 09:50:45,0.075
05 Jul 2025 09:51:00,0.052
05 Jul 2025 09:51:15,0.064
05 Jul 2025 09:51:45,0.078
05 Jul 2025 09:52:30,0.038
05 Jul 2025 09:52:45,0.065
05 Jul 2025 09:54:30,0.053
05 Jul 2025 09:54:45,0.027
05 Jul 2025 09:55:30,0.097
05 Jul 2025 09:58:30,0.058
05 Jul 2025 09:59:30,0.071
05 Jul 2025 09:59:45,0.047
05 Jul 2025 10:00:15,0.092
05 Jul 2025 10:00:30,0.020
05 Jul 2025 10:01:45,0.029
05 Jul 2025 10:03:15,0.040
05 Jul 2025 10:04:15,0.070
05 Jul 2025 10:04:30,0.073
05 Jul 2025 10:04:45,0.053
05 Jul 2025 10:05:00,0.055
05 Jul 2025 10:05:30,0.075
05 Jul 2025 10:06:15,0.064
05 Jul 2025 10:08:15,0.070
05 Jul 2025 10:09:00,0.054
05 Jul 2025 10:10:30,0.018
05 Jul 2025 10:11:00,0.014
05 Jul 2025 10:11:15,0.062
05 Jul 2025 10:11:45,0.054
05 Jul 2025 10:12:00,0.099
05 Jul 2025 10:12:15,0.040
05 Jul 2025 10:13:45,0.076
05 Jul 2025 10:14:15,0.064
05 Jul 2025 10:14:30,0.052
05 Jul 2025 10:14:45,0.080
05 Jul 2025 10:15:15,0.049
05 Jul 2025 10:15:30,0.050
05 Jul 2025 10:15:45,0.057
05 Jul 2025 10:16:15,0.052
05 Jul 2025 10:16:45,0.061
05 Jul 2025 10:17:00,0.033
05 Jul 2025 10:17:30,0.052
05 Jul 2025 10:18:00,0.080
05 Jul 2025 10:18:45,0.060
05 Jul 2025 10:19:00,0.056
05 Jul 2025 10:20:30,0.040
05 Jul 2025 10:21:30,0.076
05 Jul 2025 10:22:45,0.055
05 Jul 2025 10:23:00,0.082
05 Jul 2025 10:23:15,0.031
05 Jul 2025 10:23:30,0.063
05 Jul 2025 10:23:45,0.036
05 Jul 2025 10:24:00,0.066
05 Jul 2025 10:24:15,0.090
05 Jul 2025 10:24:30,0.078
05 Jul 2025 10:24:45,0.062
05 Jul 2025 10:25:00,0.057
05 Jul 2025 10:25:15,0.056
05 Jul 2025 10:26:00,0.064
05 Jul 2025 10:26:15,0.057
05 Jul 2025 10:26:30,0.084
05 Jul 2025 10:26:45,0.020
05 Jul 2025 10:27:30,0.066
05 Jul 2025 10:27:45,0.057
05 Jul 2025 10:28:15,0.065
05 Jul 2025 10:29:00,0.066
05 Jul 2025 10:29:45,0.077
05 Jul 2025 10:30:45,0.024
05 Jul 2025 10:31:00,0.084
05 Jul 2025 10:31:15,0.065
05 Jul 2025 10:31:30,0.068
05 Jul 2025 10:31:45,0.042
05 Jul 2025 10:32:00,0.064
05 Jul 2025 10:32:30,0.073
05 Jul 2025 10:32:45,0.066
05 Jul 2025 10:33:15,0.068
05 Jul 2025 10:34:00,0.092
05 Jul 2025 10:34:15,0.102
05 Jul 2025 10:34:30,0.074
05 Jul 2025 10:35:00,0.090
05 Jul 2025 10:35:15,0.063
05 Jul 2025 10:36:15,0.030
05 Jul 2025 10:36:45,0.088
05 Jul 2025 10:37:00,0.067
05 Jul 2025 10:37:30,0.064
05 Jul 2025 10:37:45,0.044
05 Jul 2025 10:38:15,0.039
05 Jul 2025 10:39:00,0.063
05 Jul 2025 10:39:15,0.056
05 Jul 2025 10:39:30,0.076
05 Jul 2025 10:39:45,0.045
05 Jul 2025 10:40:30,0.052
05 Jul 2025 10:40:45,0.041
05 Jul 2025 10:41:30,0.042
05 Jul 2025 10:42:15,0.073
05 Jul 2025 10:42:30,0.070
05 Jul 2025 10:42:45,0.031
05 Jul 2025 10:43:30,0.059
05 Jul 2025 10:44:30,0.080
05 Jul 2025 10:45:00,0.065
05 Jul 2025 10:45:15,0.017
05 Jul 2025 10:45:30,0.077
05 Jul 2025 10:46:00,0.118
05 Jul 2025 10:46:45,0.072
05 Jul 2025 10:47:00,0.097
05 Jul 2025 10:47:15,0.068
05 Jul 2025 10:47:30,0.078
05 Jul 2025 10:47:45,0.069
05 Jul 2025 10:48:00,0.044
05 Jul 2025 10:48:30,0.071
05 Jul 2025 10:48:45,0.011
05 Jul 2025 10:49:00,0.056
05 Jul 2025 10:49:15,0.027
05 Jul 2025 10:49:45,0.082
05 Jul 2025 10:50:30,0.070
05 Jul 2025 10:50:45,0.063
05 Jul 2025 10:51:00,0.083
05 Jul 2025 10:51:30,0.084
05 Jul 2025 10:52:30,0.062
05 Jul 2025 10:53:00,0.095
05 Jul 2025 10:53:15,0.108
05 Jul 2025 10:53:45,0.088
05 Jul 2025 10:54:00,0.056
05 Jul 2025 10:55:15,0.113
05 Jul 2025 10:55:30,0.067
05 Jul 2025 10:58:00,0.057
05 Jul 2025 10:58:15,0.069
05 Jul 2025 10:58:30,0.070
05 Jul 2025 10:59:15,0.035
05 Jul 2025 10:59:30,0.082
05 Jul 2025 10:59:45,0.054
05 Jul 2025 11:00:00,0.067
05 Jul 2025 11:00:15,0.039
05 Jul 2025 11:00:30,0.083
05 Jul 2025 11:00:45,0.060
05 Jul 2025 11:01:00,0.104
05 Jul 2025 11:01:15,0.039
05 Jul 2025 11:02:00,0.061
05 Jul 2025 11:02:15,0.051
05 Jul 2025 11:02:45,0.076
05 Jul 2025 11:03:15,0.074
05 Jul 2025 11:03:30,0.068
05 Jul 2025 11:04:15,0.060
05 Jul 2025 11:04:45,0.119
05 Jul 2025 11:05:15,0.117
05 Jul 2025 11:05:45,0.094
05 Jul 2025 11:06:00,0.084
05 Jul 2025 11:06:45,0.060
05 Jul 2025 11:07:00,0.058
05 Jul 2025 11:07:15,0.126
05 Jul 2025 11:07:30,0.031
05 Jul 2025 11:07:45,0.077
05 Jul 2025 11:08:00,0.058
05 Jul 2025 11:09:00,0.075
05 Jul 2025 11:10:15,0.077
05 Jul 2025 11:10:30,0.075
05 Jul 2025 11:11:15,0.062
05 Jul 2025 11:12:30,0.084
05 Jul 2025 11:13:15,0.111
05 Jul 2025 11:14:00,0.087
05 Jul 2025 11:14:15,0.056
05 Jul 2025 11:15:45,0.112
05 Jul 2025 11:16:00,0.091
05 Jul 2025 11:16:15,0.059
05 Jul 2025 11:17:15,0.083
05 Jul 2025 11:17:45,0.083
05 Jul 2025 11:18:15,0.036
05 Jul 2025 11:19:30,0.090
05 Jul 2025 11:20:30,0.054
05 Jul 2025 11:20:45,0.074
05 Jul 2025 11:21:30,0.035
05 Jul 2025 11:21:45,0.068
05 Jul 2025 11:22:00,0.079
05 Jul 2025 11:22:15,0.071
05 Jul 2025 11:22:30,0.065
05 Jul 2025 11:23:00,0.096
05 Jul 2025 11:23:30,0.073
05 Jul 2025 11:24:15,0.071
05 Jul 2025 11:24:45,0.110
05 Jul 2025 11:25:00,0.101
05 Jul 2025 11:25:15,0.066
05 Jul 2025 11:26:00,0.074
05 Jul 2025 11:26:15,0.086
05 Jul 2025 11:26:30,0.061
05 Jul 2025 11:26:45,0.092
05 Jul 2025 11:27:00,0.092
05 Jul 2025 11:27:15,0.073
05 Jul 2025 11:27:30,0.080
05 Jul 2025 11:27:45,0.084
05 Jul 2025 11:30:15,0.088
05 Jul 2025 11:31:00,0.081
05 Jul 2025 11:31:15,0.078
05 Jul 2025 11:31:30,0.065
05 Jul 2025 11:32:00,0.096
05 Jul 2025 11:33:15,0.068
05 Jul 2025 11:33:30,0.057
05 Jul 2025 11:33:45,0.062
05 Jul 2025 11:34:00,0.065
05 Jul 2025 11:34:15,0.072
05 Jul 2025 11:34:30,0.094
05 Jul 2025 11:34:45,0.116
05 Jul 2025 11:35:00,0.114
05 Jul 2025 11:35:15,0.098
05 Jul 2025 11:35:45,0.074
05 Jul 2025 11:36:00,0.072
05 Jul 2025 11:36:15,0.080
05 Jul 2025 11:37:00,0.085
05 Jul 2025 11:37:15,0.113
05 Jul 2025 11:37:45,0.075
05 Jul 2025 11:38:45,0.120
05 Jul 2025 11:39:45,0.082
05 Jul 2025 11:41:00,0.064
05 Jul 2025 11:41:30,0.054
05 Jul 2025 11:41:45,0.051
05 Jul 2025 11:42:15,0.109
05 Jul 2025 11:42:45,0.082
05 Jul 2025 11:43:45,0.113
05 Jul 2025 11:44:00,0.095
05 Jul 2025 11:44:15,0.109
05 Jul 2025 11:44:30,0.107
05 Jul 2025 11:45:30,0.092
05 Jul 2025 11:46:00,0.091
05 Jul 2025 11:46:30,0.133
05 Jul 2025 11:47:15,0.093
05 Jul 2025 11:47:30,0.073
05 Jul 2025 11:48:00,0.117
05 Jul 2025 11:48:30,0.099
05 Jul 2025 11:48:45,0.110
05 Jul 2025 11:49:00,0.119
05 Jul 2025 11:49:45,0.089
05 Jul 2025 11:50:30,0.110
05 Jul 2025 11:51:30,0.079
05 Jul 2025 11:52:00,-0.071
05 Jul 2025 11:52:15,0.005
05 Jul 2025 11:53:15,0.125
05 Jul 2025 11:53:30,0.056
05 Jul 2025 11:54:00,0.140
05 Jul 2025 11:54:15,0.103
05 Jul 2025 11:55:00,0.062
05 Jul 2025 11:55:15,0.145
05 Jul 2025 11:56:00,0.075
05 Jul 2025 11:56:30,0.127
05 Jul 2025 11:56:45,0.058
05 Jul 2025 11:57:00,0.084
05 Jul 2025 11:57:15,0.114
05 Jul 2025 11:57:30,0.110
05 Jul 2025 11:58:00,0.105
05 Jul 2025 11:58:30,0.076
05 Jul 2025 11:58:45,0.024
05 Jul 2025 11:59:15,0.088
05 Jul 2025 12:00:00,0.062
05 Jul 2025 12:00:15,0.095
05 Jul 2025 12:00:30,0.085
05 Jul 2025 12:01:00,0.089
05 Jul 2025 12:01:30,0.113
05 Jul 2025 12:02:30,0.066
05 Jul 2025 12:03:45,0.084
05 Jul 2025 12:05:00,0.089
05 Jul 2025 12:05:45,0.106
05 Jul 2025 12:06:15,0.053
05 Jul 2025 12:06:30,0.075
05 Jul 2025 12:07:30,0.090
05 Jul 2025 12:08:30,0.112
05 Jul 2025 12:09:45,0.099
05 Jul 2025 12:10:15,0.050
05 Jul 2025 12:11:30,0.083
05 Jul 2025 12:11:45,0.079
05 Jul 2025 12:12:00,0.091
05 Jul 2025 12:12:30,0.125
05 Jul 2025 12:12:45,0.123
05 Jul 2025 12:13:00,0.083
05 Jul 2025 12:13:30,0.098
05 Jul 2025 12:14:00,0.119
05 Jul 2025 12:14:30,0.057
05 Jul 2025 12:14:45,0.099
05 Jul 2025 12:15:00,0.089
05 Jul 2025 12:15:30,0.067
05 Jul 2025 12:15:45,0.061
05 Jul 2025 12:16:00,0.088
05 Jul 2025 12:16:15,0.068
05 Jul 2025 12:16:30,0.097
05 Jul 2025 12:17:00,0.083
05 Jul 2025 12:18:15,0.091
05 Jul 2025 12:19:45,0.108
05 Jul 2025 12:20:00,0.089
05 Jul 2025 12:20:15,0.083
05 Jul 2025 12:20:45,0.142
05 Jul 2025 12:21:45,0.045
05 Jul 2025 12:22:00,0.153
05 Jul 2025 12:22:45,0.065
05 Jul 2025 12:23:30,0.104
05 Jul 2025 12:24:30,0.094
05 Jul 2025 12:24:45,0.067
05 Jul 2025 12:25:15,0.112
05 Jul 2025 12:25:45,0.111
05 Jul 2025 12:26:00,0.116
05 Jul 2025 12:26:15,0.094
05 Jul 2025 12:26:45,0.104
05 Jul 2025 12:27:00,0.096
05 Jul 2025 12:27:30,0.100
05 Jul 2025 12:27:45,0.104
05 Jul 2025 12:28:15,0.086
05 Jul 2025 12:28:30,0.089
05 Jul 2025 12:29:15,0.089
05 Jul 2025 12:29:30,0.138
05 Jul 2025 12:29:45,0.094
05 Jul 2025 12:30:00,0.131
05 Jul 2025 12:31:15,0.090
05 Jul 2025 12:31:30,0.125
05 Jul 2025 12:31:45,0.082
05 Jul 2025 12:32:00,0.117
05 Jul 2025 12:32:15,0.120
05 Jul 2025 12:32:30,0.060
05 Jul 2025 12:32:45,0.115
05 Jul 2025 12:33:15,0.118
05 Jul 2025 12:33:30,0.106
05 Jul 2025 12:35:00,0.112
05 Jul 2025 12:35:15,0.087
05 Jul 2025 12:35:45,0.095
05 Jul 2025 12:38:00,0.098
05 Jul 2025 12:38:30,0.103
05 Jul 2025 12:38:45,0.074
05 Jul 2025 12:39:15,0.091
05 Jul 2025 12:39:30,0.121
05 Jul 2025 12:40:00,0.129
05 Jul 2025 12:40:45,0.136
05 Jul 2025 12:41:30,0.088
05 Jul 2025 12:42:15,0.096
05 Jul 2025 12:42:30,0.084
05 Jul 2025 12:43:15,0.111
05 Jul 2025 12:43:45,0.112
05 Jul 2025 12:44:00,0.144
05 Jul 2025 12:44:45,0.099
05 Jul 2025 12:45:00,0.126
05 Jul 2025 12:46:00,0.152
05 Jul 2025 12:46:45,0.104
05 Jul 2025 12:47:45,0.114
05 Jul 2025 12:48:15,0.094
05 Jul 2025 12:50:00,0.100
05 Jul 2025 12:50:15,0.110
05 Jul 2025 12:50:45,0.108
05 Jul 2025 12:51:00,0.092
05 Jul 2025 12:51:30,0.104
05 Jul 2025 12:51:45,0.100
05 Jul 2025 12:52:00,0.126
05 Jul 2025 12:52:15,0.130
05 Jul 2025 12:52:30,0.080
05 Jul 2025 12:52:45,0.105
05 Jul 2025 12:53:00,0.100
05 Jul 2025 12:53:30,0.116
05 Jul 2025 12:53:45,0.103
05 Jul 2025 12:54:15,0.102
05 Jul 2025 12:55:15,0.128
05 Jul 2025 12:55:45,0.101
05 Jul 2025 12:56:15,0.133
05 Jul 2025 12:57:00,0.107
05 Jul 2025 12:57:30,0.116
05 Jul 2025 12:58:00,0.109
05 Jul 2025 12:58:30,0.124
05 Jul 2025 12:58:45,0.132
05 Jul 2025 12:59:30,0.134
05 Jul 2025 12:59:45,0.117
05 Jul 2025 13:00:00,0.136
05 Jul 2025 13:00:45,0.146
05 Jul 2025 13:01:45,0.140
05 Jul 2025 13:02:45,0.112
05 Jul 2025 13:03:00,0.147
05 Jul 2025 13:03:30,0.145
05 Jul 2025 13:04:00,0.125
05 Jul 2025 13:04:15,0.139
05 Jul 2025 13:04:30,0.142
05 Jul 2025 13:05:15,0.146
05 Jul 2025 13:05:45,0.121
05 Jul 2025 13:06:15,0.113
05 Jul 2025 13:06:30,0.129
05 Jul 2025 13:06:45,0.103
05 Jul 2025 13:08:00,0.112
05 Jul 2025 13:08:45,0.105
05 Jul 2025 13:09:00,0.087
05 Jul 2025 13:09:15,0.145
05 Jul 2025 13:09:30,0.098
05 Jul 2025 13:09:45,0.095
05 Jul 2025 13:10:00,0.125
05 Jul 2025 13:10:30,0.122
05 Jul 2025 13:11:15,0.117
05 Jul 2025 13:12:00,0.149
05 Jul 2025 13:12:15,0.094
05 Jul 2025 13:12:45,0.137
05 Jul 2025 13:14:00,0.138
05 Jul 2025 13:14:15,0.121
05 Jul 2025 13:15:15,0.105
05 Jul 2025 13:16:00,0.115
05 Jul 2025 13:16:15,0.112
05 Jul 2025 13:17:15,0.129
05 Jul 2025 13:18:15,0.131
05 Jul 2025 13:18:30,0.136
05 Jul 2025 13:19:00,0.144
05 Jul 2025 13:19:15,0.110
05 Jul 2025 13:19:30,0.129
05 Jul 2025 13:19:45,0.110
05 Jul 2025 13:20:00,0.129
05 Jul 2025 13:20:15,0.126
05 Jul 2025 13:21:15,0.158
05 Jul 2025 13:22:45,0.167
05 Jul 2025 13:23:15,0.147
05 Jul 2025 13:23:30,0.153
05 Jul 2025 13:23:45,0.116
05 Jul 2025 13:24:15,0.148
05 Jul 2025 13:25:00,0.114
05 Jul 2025 13:25:15,0.129
05 Jul 2025 13:25:30,0.126
05 Jul 2025 13:26:00,0.151
05 Jul 2025 13:26:15,0.109
05 Jul 2025 13:27:45,0.160
05 Jul 2025 13:28:00,0.085
05 Jul 2025 13:28:15,0.154
05 Jul 2025 13:28:30,0.086
05 Jul 2025 13:28:45,0.151
05 Jul 2025 13:29:15,0.108
05 Jul 2025 13:29:30,0.110
05 Jul 2025 13:30:30,0.109
05 Jul 2025 13:30:45,0.134
05 Jul 2025 13:31:00,0.146
05 Jul 2025 13:31:30,0.135
05 Jul 2025 13:32:00,0.125
05 Jul 2025 13:32:15,0.139
05 Jul 2025 13:32:45,0.147
05 Jul 2025 13:33:00,0.150
05 Jul 2025 13:34:00,0.134
05 Jul 2025 13:34:30,0.103
05 Jul 2025 13:34:45,0.123
05 Jul 2025 13:35:00,0.164
05 Jul 2025 13:35:15,0.150
05 Jul 2025 13:36:00,0.136
05 Jul 2025 13:36:30,0.151
05 Jul 2025 13:37:00,0.125
05 Jul 2025 13:37:15,0.173
05 Jul 2025 13:37:30,0.158
05 Jul 2025 13:38:00,0.162
05 Jul 2025 13:38:15,0.124
05 Jul 2025 13:39:30,0.120
05 Jul 2025 13:40:00,0.110
05 Jul 2025 13:40:15,0.158
05 Jul 2025 13:40:45,0.099
05 Jul 2025 13:41:00,0.149
05 Jul 2025 13:41:15,0.122
05 Jul 2025 13:41:45,0.155
05 Jul 2025 13:43:00,0.162
05 Jul 2025 13:44:15,0.158
05 Jul 2025 13:44:30,0.162
05 Jul 2025 13:45:00,0.169
05 Jul 2025 13:45:30,0.122
05 Jul 2025 13:45:45,0.173
05 Jul 2025 13:46:00,0.160
05 Jul 2025 13:46:15,0.157
05 Jul 2025 13:46:45,0.148
05 Jul 2025 13:47:45,0.110
05 Jul 2025 13:48:15,0.176
05 Jul 2025 13:48:30,0.122
05 Jul 2025 13:48:45,0.142
05 Jul 2025 13:49:15,0.151
05 Jul 2025 13:49:30,0.161
05 Jul 2025 13:49:45,0.160
05 Jul 2025 13:50:15,0.153
05 Jul 2025 13:50:30,0.131
05 Jul 2025 13:51:15,0.149
05 Jul 2025 13:52:00,0.154
05 Jul 2025 13:52:15,0.131
05 Jul 2025 13:53:00,0.152
05 Jul 2025 13:53:30,0.165
05 Jul 2025 13:54:00,0.116
05 Jul 2025 13:54:45,0.171
05 Jul 2025 13:55:00,0.107
05 Jul 2025 13:55:15,0.149
05 Jul 2025 13:55:45,0.147
05 Jul 2025 13:56:00,0.133
05 Jul 2025 13:56:15,0.130
05 Jul 2025 13:56:30,0.135
05 Jul 2025 13:57:15,0.137
05 Jul 2025 13:57:45,0.121
05 Jul 2025 13:58:30,0.148
05 Jul 2025 13:58:45,0.151
05 Jul 2025 13:59:30,0.163
05 Jul 2025 13:59:45,0.153
05 Jul 2025 14:00:15,0.179
05 Jul 2025 14:00:45,0.155
05 Jul 2025 14:01:00,0.104
05 Jul 2025 14:01:15,0.164
05 Jul 2025 14:02:00,0.166
05 Jul 2025 14:02:15,0.156
05 Jul 2025 14:02:30,0.165
05 Jul 2025 14:02:45,0.135
05 Jul 2025 14:03:00,0.166
05 Jul 2025 14:03:45,0.164
05 Jul 2025 14:04:15,0.185
05 Jul 2025 14:05:00,0.157
05 Jul 2025 14:05:15,0.160
05 Jul 2025 14:06:15,0.155
05 Jul 2025 14:06:30,0.156
05 Jul 2025 14:06:45,0.149
05 Jul 2025 14:07:00,0.139
05 Jul 2025 14:07:15,0.167
05 Jul 2025 14:07:45,0.176
05 Jul 2025 14:09:30,0.162
05 Jul 2025 14:10:00,0.166
05 Jul 2025 14:10:15,0.159
05 Jul 2025 14:11:00,0.178
05 Jul 2025 14:11:30,0.106
05 Jul 2025 14:11:45,0.182
05 Jul 2025 14:12:00,0.138
05 Jul 2025 14:12:30,0.139
05 Jul 2025 14:13:00,0.148
05 Jul 2025 14:13:15,0.200
05 Jul 2025 14:14:00,0.147
05 Jul 2025 14:14:30,0.168
05 Jul 2025 14:15:00,0.183
05 Jul 2025 14:15:45,0.141
05 Jul 2025 14:16:30,0.160
05 Jul 2025 14:17:00,0.159
05 Jul 2025 14:17:15,0.155
05 Jul 2025 14:17:45,0.154
05 Jul 2025 14:18:30,0.163
05 Jul 2025 14:18:45,0.179
05 Jul 2025 14:19:00,0.133
05 Jul 2025 14:19:30,0.177
05 Jul 2025 14:20:00,0.177
05 Jul 2025 14:20:30,0.167
05 Jul 2025 14:20:45,0.130
05 Jul 2025 14:21:30,0.181
05 Jul 2025 14:21:45,0.143
05 Jul 2025 14:22:15,0.185
05 Jul 2025 14:22:30,0.202
05 Jul 2025 14:23:00,0.157
05 Jul 2025 14:23:30,0.159
05 Jul 2025 14:25:00,0.133
05 Jul 2025 14:26:00,0.151
05 Jul 2025 14:26:30,0.184
05 Jul 2025 14:26:45,0.152
05 Jul 2025 14:27:00,0.142
05 Jul 2025 14:27:15,0.186
05 Jul 2025 14:27:30,0.168
05 Jul 2025 14:27:45,0.178
05 Jul 2025 14:28:30,0.176
05 Jul 2025 14:29:00,0.184
05 Jul 2025 14:29:15,0.179
05 Jul 2025 14:29:30,0.184
05 Jul 2025 14:30:00,0.135
05 Jul 2025 14:30:30,0.148
05 Jul 2025 14:31:00,0.141
05 Jul 2025 14:31:15,0.172
05 Jul 2025 14:31:45,0.205
05 Jul 2025 14:32:00,0.162
05 Jul 2025 14:32:15,0.177
05 Jul 2025 14:33:30,0.151
05 Jul 2025 14:35:00,0.184
05 Jul 2025 14:35:15,0.126
05 Jul 2025 14:36:00,0.139
05 Jul 2025 14:36:30,0.190
05 Jul 2025 14:36:45,0.123
05 Jul 2025 14:38:00,0.182
05 Jul 2025 14:39:00,0.157
05 Jul 2025 14:39:30,0.125
05 Jul 2025 14:40:45,0.143
05 Jul 2025 14:41:15,0.129
05 Jul 2025 14:41:30,0.156
05 Jul 2025 14:41:45,0.145
05 Jul 2025 14:42:00,0.196
05 Jul 2025 14:42:15,0.178
05 Jul 2025 14:43:00,0.189
05 Jul 2025 14:43:45,0.163
05 Jul 2025 14:44:00,0.154
05 Jul 2025 14:44:15,0.188
05 Jul 2025 14:44:30,0.153
05 Jul 2025 14:45:30,0.165
05 Jul 2025 14:47:15,0.153
05 Jul 2025 14:47:30,0.182
05 Jul 2025 14:47:45,0.142
05 Jul 2025 14:48:15,0.216
05 Jul 2025 14:50:00,0.163
05 Jul 2025 14:51:45,0.180
05 Jul 2025 14:52:30,0.192
05 Jul 2025 14:52:45,0.180
05 Jul 2025 14:53:00,0.193
05 Jul 2025 14:53:15,0.186
05 Jul 2025 14:54:15,0.133
05 Jul 2025 14:54:30,0.162
05 Jul 2025 14:55:15,0.180
05 Jul 2025 14:55:45,0.216
05 Jul 2025 14:56:00,0.153
05 Jul 2025 14:56:30,0.173
05 Jul 2025 14:56:45,0.186
05 Jul 2025 14:57:00,0.133
05 Jul 2025 14:57:30,0.185
05 Jul 2025 14:57:45,0.192
05 Jul 2025 14:58:00,0.211
05 Jul 2025 14:58:45,0.175
05 Jul 2025 14:59:15,0.202
05 Jul 2025 14:59:30,0.188
05 Jul 2025 15:00:00,0.176
05 Jul 2025 15:00:15,0.210
05 Jul 2025 15:01:00,0.155
05 Jul 2025 15:01:30,0.207
05 Jul 2025 15:01:45,0.159
05 Jul 2025 15:02:00,0.121
05 Jul 2025 15:02:15,0.153
05 Jul 2025 15:03:30,0.142
05 Jul 2025 15:03:45,0.130
05 Jul 2025 15:04:15,0.206
05 Jul 2025 15:04:45,0.186
05 Jul 2025 15:05:30,0.192
05 Jul 2025 15:08:15,0.181
05 Jul 2025 15:08:30,0.207
05 Jul 2025 15:09:45,0.204
05 Jul 2025 15:10:15,0.191
05 Jul 2025 15:10:30,0.207
05 Jul 2025 15:10:45,0.192
05 Jul 2025 15:11:15,0.208
05 Jul 2025 15:12:00,0.164
05 Jul 2025 15:12:15,0.210
05 Jul 2025 15:12:30,0.183
05 Jul 2025 15:13:30,0.170
05 Jul 2025 15:14:00,0.172
05 Jul 2025 15:14:15,0.189
05 Jul 2025 15:14:30,0.193
05 Jul 2025 15:15:00,0.185
05 Jul 2025 15:15:15,0.212
05 Jul 2025 15:15:45,0.197
05 Jul 2025 15:17:00,0.188
05 Jul 2025 15:18:00,0.209
05 Jul 2025 15:18:15,0.191
05 Jul 2025 15:19:15,0.203
05 Jul 2025 15:19:30,0.160
05 Jul 2025 15:20:00,0.208
05 Jul 2025 15:20:30,0.181
05 Jul 2025 15:21:15,0.173
05 Jul 2025 15:21:45,0.208
05 Jul 2025 15:22:00,0.198
05 Jul 2025 15:22:15,0.187
05 Jul 2025 15:22:30,0.199
05 Jul 2025 15:23:00,0.157
05 Jul 2025 15:23:45,0.187
05 Jul 2025 15:24:00,0.186
05 Jul 2025 15:24:30,0.178
05 Jul 2025 15:24:45,0.184
05 Jul 2025 15:25:30,0.229
05 Jul 2025 15:25:45,0.168
05 Jul 2025 15:26:00,0.213
05 Jul 2025 15:27:15,0.195
05 Jul 2025 15:27:30,0.192
05 Jul 2025 15:27:45,0.183
05 Jul 2025 15:28:15,0.157
05 Jul 2025 15:28:45,0.192
05 Jul 2025 15:29:00,0.184
05 Jul 2025 15:29:30,0.181
05 Jul 2025 15:30:30,0.176
05 Jul 2025 15:31:15,0.183
05 Jul 2025 15:31:30,0.198
05 Jul 2025 15:31:45,0.139
05 Jul 2025 15:32:00,0.197
05 Jul 2025 15:32:15,0.157
05 Jul 2025 15:32:30,0.177
05 Jul 2025 15:33:00,0.171
05 Jul 2025 15:33:30,0.173
05 Jul 2025 15:33:45,0.216
05 Jul 2025 15:34:45,0.173
05 Jul 2025 15:35:15,0.185
05 Jul 2025 15:35:30,0.174
05 Jul 2025 15:35:45,0.176
05 Jul 2025 15:36:00,0.181
05 Jul 2025 15:36:30,0.217
05 Jul 2025 15:37:00,0.164
05 Jul 2025 15:37:15,0.179
05 Jul 2025 15:37:30,0.176
05 Jul 2025 15:37:45,0.192
05 Jul 2025 15:38:00,0.174
05 Jul 2025 15:38:30,0.200
05 Jul 2025 15:39:00,0.206
05 Jul 2025 15:40:00,0.181
05 Jul 2025 15:40:15,0.168
05 Jul 2025 15:41:00,0.194
05 Jul 2025 15:41:15,0.182
05 Jul 2025 15:42:15,0.200
05 Jul 2025 15:43:30,0.122
05 Jul 2025 15:44:00,0.192
05 Jul 2025 15:45:15,0.177
05 Jul 2025 15:45:30,0.190
05 Jul 2025 15:45:45,0.204
05 Jul 2025 15:46:30,0.197
05 Jul 2025 15:47:15,0.174
05 Jul 2025 15:47:45,0.256
05 Jul 2025 15:48:15,0.176
05 Jul 2025 15:48:30,0.187
05 Jul 2025 15:49:15,0.132
05 Jul 2025 15:49:45,0.225
05 Jul 2025 15:50:15,0.192
05 Jul 2025 15:51:15,0.207
05 Jul 2025 15:51:30,0.159
05 Jul 2025 15:52:00,0.215
05 Jul 2025 15:52:45,0.195
05 Jul 2025 15:53:00,0.205
05 Jul 2025 15:53:30,0.232
05 Jul 2025 15:54:30,0.193
05 Jul 2025 15:54:45,0.181
05 Jul 2025 15:55:00,0.184
05 Jul 2025 15:56:15,0.157
05 Jul 2025 15:56:30,0.128
05 Jul 2025 15:56:45,0.207
05 Jul 2025 15:57:45,0.186
05 Jul 2025 15:58:15,0.197
05 Jul 2025 15:58:30,0.236
05 Jul 2025 15:58:45,0.104
05 Jul 2025 15:59:30,0.212
05 Jul 2025 16:00:00,0.219
05 Jul 2025 16:00:15,0.161
05 Jul 2025 16:00:45,0.185
05 Jul 2025 16:01:30,0.224
05 Jul 2025 16:02:00,0.198
05 Jul 2025 16:02:15,0.178
05 Jul 2025 16:02:45,0.213
05 Jul 2025 16:03:00,0.243
05 Jul 2025 16:03:15,0.225
05 Jul 2025 16:04:00,0.207
05 Jul 2025 16:05:30,0.196
05 Jul 2025 16:06:15,0.243
05 Jul 2025 16:06:45,0.196
05 Jul 2025 16:07:00,0.177
05 Jul 2025 16:07:15,0.186
05 Jul 2025 16:07:30,0.200
05 Jul 2025 16:09:15,0.200
05 Jul 2025 16:09:45,0.192
05 Jul 2025 16:10:00,0.222
05 Jul 2025 16:10:30,0.168
05 Jul 2025 16:11:15,0.210
05 Jul 2025 16:11:45,0.195
05 Jul 2025 16:12:45,0.186
05 Jul 2025 16:13:00,0.214
05 Jul 2025 16:13:15,0.214
05 Jul 2025 16:13:30,0.169
05 Jul 2025 16:14:00,0.210
05 Jul 2025 16:14:45,0.203
05 Jul 2025 16:15:45,0.194
05 Jul 2025 16:16:00,0.211
05 Jul 2025 16:16:30,0.204
05 Jul 2025 16:16:45,0.179
05 Jul 2025 16:17:00,0.211
05 Jul 2025 16:18:00,0.182
05 Jul 2025 16:18:15,0.189
05 Jul 2025 16:18:30,0.198
05 Jul 2025 16:19:15,0.214
05 Jul 2025 16:20:00,0.201
05 Jul 2025 16:20:15,0.218
05 Jul 2025 16:20:30,0.202
05 Jul 2025 16:21:00,0.190
05 Jul 2025 16:21:15,0.195
05 Jul 2025 16:21:30,0.193
05 Jul 2025 16:22:45,0.159
05 Jul 2025 16:24:45,0.201
05 Jul 2025 16:25:00,0.197
05 Jul 2025 16:25:15,0.192
05 Jul 2025 16:25:45,0.210
05 Jul 2025 16:26:45,0.221
05 Jul 2025 16:27:30,0.231
05 Jul 2025 16:28:00,0.179
05 Jul 2025 16:28:15,0.204
05 Jul 2025 16:28:30,0.190
05 Jul 2025 16:29:00,0.179
05 Jul 2025 16:29:30,0.146
05 Jul 2025 16:29:45,0.174
05 Jul 2025 16:30:00,0.190
05 Jul 2025 16:30:15,0.191
05 Jul 2025 16:30:45,0.170
05 Jul 2025 16:31:00,0.187
05 Jul 2025 16:31:15,0.197
05 Jul 2025 16:31:30,0.204
05 Jul 2025 16:31:45,0.221
05 Jul 2025 16:32:45,0.211
05 Jul 2025 16:33:30,0.187
05 Jul 2025 16:35:30,0.235
05 Jul 2025 16:36:00,0.188
05 Jul 2025 16:36:15,0.199
05 Jul 2025 16:37:15,0.177
05 Jul 2025 16:37:30,0.198
05 Jul 2025 16:38:00,0.193
05 Jul 2025 16:38:30,0.192
05 Jul 2025 16:38:45,0.233
05 Jul 2025 16:39:00,0.229
05 Jul 2025 16:39:30,0.183
05 Jul 2025 16:39:45,0.199
05 Jul 2025 16:40:00,0.169
05 Jul 2025 16:40:30,0.214
05 Jul 2025 16:41:00,0.167
05 Jul 2025 16:41:15,0.250
05 Jul 2025 16:42:15,0.215
05 Jul 2025 16:42:30,0.187
05 Jul 2025 16:43:00,0.202
05 Jul 2025 16:43:15,0.204
05 Jul 2025 16:43:30,0.187
05 Jul 2025 16:44:45,0.182
05 Jul 2025 16:45:00,0.213
05 Jul 2025 16:45:30,0.200
05 Jul 2025 16:45:45,0.237
05 Jul 2025 16:46:15,0.189
05 Jul 2025 16:46:30,0.212
05 Jul 2025 16:47:30,0.183
05 Jul 2025 16:47:45,0.192
05 Jul 2025 16:48:30,0.204
05 Jul 2025 16:48:45,0.241
05 Jul 2025 16:49:15,0.203
05 Jul 2025 16:51:15,0.190
05 Jul 2025 16:51:30,0.210
05 Jul 2025 16:52:00,0.154
05 Jul 2025 16:52:15,0.198
05 Jul 2025 16:52:30,0.197
05 Jul 2025 16:53:15,0.188
05 Jul 2025 16:53:45,0.181
05 Jul 2025 16:54:00,0.207
05 Jul 2025 16:54:15,0.202
05 Jul 2025 16:54:30,0.184
05 Jul 2025 16:55:00,0.191
05 Jul 2025 16:55:30,0.198
05 Jul 2025 16:56:00,0.199
05 Jul 2025 16:56:15,0.183
05 Jul 2025 16:57:15,0.192
05 Jul 2025 16:57:45,0.203
05 Jul 2025 16:58:00,0.195
05 Jul 2025 16:58:15,0.208
05 Jul 2025 16:58:45,0.191
05 Jul 2025 16:59:00,0.229
05 Jul 2025 16:59:30,0.201
05 Jul 2025 17:00:00,0.193
05 Jul 2025 17:00:30,0.167
05 Jul 2025 17:01:30,0.200
05 Jul 2025 17:01:45,0.136
05 Jul 2025 17:02:15,0.198
05 Jul 2025 17:02:30,0.215
05 Jul 2025 17:03:00,0.174
05 Jul 2025 17:03:15,0.214
05 Jul 2025 17:03:30,0.177
05 Jul 2025 17:04:15,0.190
05 Jul 2025 17:04:45,0.207
05 Jul 2025 17:05:15,0.194
05 Jul 2025 17:05:45,0.221
05 Jul 2025 17:06:00,0.182
05 Jul 2025 17:06:15,0.149
05 Jul 2025 17:07:00,0.173
05 Jul 2025 17:07:30,0.213
05 Jul 2025 17:08:00,0.218
05 Jul 2025 17:08:30,0.218
05 Jul 2025 17:08:45,0.198
05 Jul 2025 17:09:30,0.203
05 Jul 2025 17:09:45,0.214
05 Jul 2025 17:10:15,0.206
05 Jul 2025 17:10:30,0.197
05 Jul 2025 17:10:45,0.176
05 Jul 2025 17:11:00,0.191
05 Jul 2025 17:11:15,0.183
05 Jul 2025 17:12:00,0.148
05 Jul 2025 17:12:15,0.216
05 Jul 2025 17:12:45,0.218
05 Jul 2025 17:13:00,0.190
05 Jul 2025 17:15:30,0.164
05 Jul 2025 17:15:45,0.256
05 Jul 2025 17:16:00,0.115
05 Jul 2025 17:16:15,0.078
05 Jul 2025 17:16:45,0.181
05 Jul 2025 17:17:30,0.145
05 Jul 2025 17:17:45,0.199
05 Jul 2025 17:18:00,0.170
05 Jul 2025 17:19:00,0.213
05 Jul 2025 17:19:30,0.191
05 Jul 2025 17:19:45,0.174
05 Jul 2025 17:20:00,0.166
05 Jul 2025 17:20:30,0.209
05 Jul 2025 17:21:00,0.173
05 Jul 2025 17:22:15,0.186
05 Jul 2025 17:22:30,0.196
05 Jul 2025 17:22:45,0.226
05 Jul 2025 17:23:00,0.130
05 Jul 2025 17:23:15,0.227
05 Jul 2025 17:23:30,0.168
05 Jul 2025 17:24:30,0.221
05 Jul 2025 17:26:30,0.217
05 Jul 2025 17:26:45,0.203
05 Jul 2025 17:27:15,0.167
05 Jul 2025 17:27:30,0.191
05 Jul 2025 17:28:15,0.172
05 Jul 2025 17:28:45,0.230
05 Jul 2025 17:29:15,0.174
05 Jul 2025 17:29:30,0.220
05 Jul 2025 17:30:00,0.191
05 Jul 2025 17:31:15,0.203
05 Jul 2025 17:31:45,0.173
05 Jul 2025 17:32:00,0.199
05 Jul 2025 17:33:45,0.193
05 Jul 2025 17:34:15,0.193
05 Jul 2025 17:34:30,0.200
05 Jul 2025 17:35:30,0.180
05 Jul 2025 17:36:00,0.190
05 Jul 2025 17:36:15,0.152
05 Jul 2025 17:36:30,0.171
05 Jul 2025 17:37:15,0.215
05 Jul 2025 17:37:30,0.163
05 Jul 2025 17:38:00,0.188
05 Jul 2025 17:38:30,0.187
05 Jul 2025 17:39:15,0.191
05 Jul 2025 17:40:15,0.175
05 Jul 2025 17:40:30,0.167
05 Jul 2025 17:40:45,0.192
05 Jul 2025 17:41:15,0.169
05 Jul 2025 17:41:30,0.185
05 Jul 2025 17:43:15,0.224
05 Jul 2025 17:43:30,0.219
05 Jul 2025 17:43:45,0.200
05 Jul 2025 17:45:00,0.234
05 Jul 2025 17:45:30,0.171
05 Jul 2025 17:46:00,0.170
05 Jul 2025 17:46:45,0.170
05 Jul 2025 17:47:15,0.189
05 Jul 2025 17:47:30,0.182
05 Jul 2025 17:49:00,0.194
05 Jul 2025 17:49:30,0.198
05 Jul 2025 17:49:45,0.204
05 Jul 2025 17:50:00,0.196
05 Jul 2025 17:51:15,0.192
05 Jul 2025 17:51:30,0.149
05 Jul 2025 17:51:45,0.164
05 Jul 2025 17:52:00,0.175
05 Jul 2025 17:52:15,0.173
05 Jul 2025 17:52:45,0.170
05 Jul 2025 17:54:00,0.182
05 Jul 2025 17:54:15,0.205
05 Jul 2025 17:54:45,0.169
05 Jul 2025 17:55:15,0.173
05 Jul 2025 17:55:30,0.160
05 Jul 2025 17:56:45,0.191
05 Jul 2025 17:57:15,0.199
05 Jul 2025 17:57:45,0.222
05 Jul 2025 17:58:15,0.140
05 Jul 2025 17:58:30,0.175
05 Jul 2025 17:59:00,0.183
05 Jul 2025 17:59:15,0.171
05 Jul 2025 17:59:30,0.177
05 Jul 2025 17:59:45,0.180
05 Jul 2025 18:00:15,0.194
05 Jul 2025 18:01:00,0.169
05 Jul 2025 18:02:15,0.146
05 Jul 2025 18:02:30,0.168
05 Jul 2025 18:02:45,0.165
05 Jul 2025 18:03:15,0.188
05 Jul 2025 18:04:00,0.174
05 Jul 2025 18:04:30,0.163
05 Jul 2025 18:05:00,0.141
05 Jul 2025 18:05:30,0.163
05 Jul 2025 18:06:15,0.180
05 Jul 2025 18:06:30,0.176
05 Jul 2025 18:06:45,0.162
05 Jul 2025 18:07:00,0.205
05 Jul 2025 18:08:15,0.185
05 Jul 2025 18:08:45,0.170
05 Jul 2025 18:09:00,0.170
05 Jul 2025 18:09:15,0.189
05 Jul 2025 18:09:30,0.173
05 Jul 2025 18:09:45,0.161
05 Jul 2025 18:10:00,0.158
05 Jul 2025 18:10:15,0.185
05 Jul 2025 18:10:30,0.215
05 Jul 2025 18:11:00,0.151
05 Jul 2025 18:11:15,0.197
05 Jul 2025 18:12:15,0.144
05 Jul 2025 18:12:30,0.184
05 Jul 2025 18:12:45,0.182
05 Jul 2025 18:13:30,0.180
05 Jul 2025 18:13:45,0.145
05 Jul 2025 18:14:15,0.124
05 Jul 2025 18:16:15,0.164
05 Jul 2025 18:16:30,0.162
05 Jul 2025 18:18:00,0.196
05 Jul 2025 18:18:15,0.194
05 Jul 2025 18:18:30,0.171
05 Jul 2025 18:20:00,0.193
05 Jul 2025 18:20:15,0.196
05 Jul 2025 18:20:30,0.180
05 Jul 2025 18:21:15,0.165
05 Jul 2025 18:21:45,0.184
05 Jul 2025 18:22:15,0.143
05 Jul 2025 18:22:45,0.175
05 Jul 2025 18:23:15,0.173
05 Jul 2025 18:24:30,0.166
05 Jul 2025 18:24:45,0.176
05 Jul 2025 18:25:00,0.134
05 Jul 2025 18:25:15,0.208
05 Jul 2025 18:26:45,0.175
05 Jul 2025 18:27:30,0.209
05 Jul 2025 18:28:15,0.154
05 Jul 2025 18:28:30,0.143
05 Jul 2025 18:28:45,0.190
05 Jul 2025 18:29:00,0.173
05 Jul 2025 18:29:30,0.147
05 Jul 2025 18:30:00,0.182
05 Jul 2025 18:30:15,0.142
05 Jul 2025 18:30:45,0.167
05 Jul 2025 18:31:15,0.158
05 Jul 2025 18:31:30,0.177
05 Jul 2025 18:31:45,0.152
05 Jul 2025 18:32:00,0.186
05 Jul 2025 18:32:45,0.165
05 Jul 2025 18:33:15,0.175
05 Jul 2025 18:34:00,0.178
05 Jul 2025 18:34:15,0.207
05 Jul 2025 18:35:00,0.189
05 Jul 2025 18:35:15,0.193
05 Jul 2025 18:35:45,0.157
05 Jul 2025 18:36:00,0.125
05 Jul 2025 18:36:15,0.167
05 Jul 2025 18:36:30,0.189
05 Jul 2025 18:36:45,0.162
05 Jul 2025 18:37:15,0.123
05 Jul 2025 18:37:30,0.177
05 Jul 2025 18:37:45,0.192
05 Jul 2025 18:38:00,0.130
05 Jul 2025 18:38:15,0.178
05 Jul 2025 18:38:45,0.165
05 Jul 2025 18:39:30,0.164
05 Jul 2025 18:40:00,0.181
05 Jul 2025 18:40:30,0.175
05 Jul 2025 18:41:15,0.168
05 Jul 2025 18:41:45,0.176
05 Jul 2025 18:42:15,0.140
05 Jul 2025 18:43:00,0.185
05 Jul 2025 18:43:30,0.191
05 Jul 2025 18:44:45,0.169
05 Jul 2025 18:45:15,0.169
05 Jul 2025 18:45:45,0.176
05 Jul 2025 18:46:00,0.165
05 Jul 2025 18:46:15,0.184
05 Jul 2025 18:46:30,0.138
05 Jul 2025 18:46:45,0.147
05 Jul 2025 18:47:00,0.154
05 Jul 2025 18:48:30,0.157
05 Jul 2025 18:48:45,0.174
05 Jul 2025 18:49:00,0.114
05 Jul 2025 18:50:30,0.107
05 Jul 2025 18:51:30,0.151
05 Jul 2025 18:52:00,0.178
05 Jul 2025 18:52:15,0.158
05 Jul 2025 18:53:00,0.139
05 Jul 2025 18:54:00,0.153
05 Jul 2025 18:54:15,0.160
05 Jul 2025 18:54:30,0.158
05 Jul 2025 18:54:45,0.138
05 Jul 2025 18:55:00,0.176
05 Jul 2025 18:55:45,0.153
05 Jul 2025 18:56:30,0.143
05 Jul 2025 18:56:45,0.132
05 Jul 2025 18:57:00,0.170
05 Jul 2025 18:57:15,0.141
05 Jul 2025 18:57:45,0.143
05 Jul 2025 18:58:15,0.130
05 Jul 2025 18:59:00,0.150
05 Jul 2025 18:59:30,0.156
05 Jul 2025 19:00:00,0.152
05 Jul 2025 19:00:15,0.152
05 Jul 2025 19:00:30,0.140
05 Jul 2025 19:00:45,0.134
05 Jul 2025 19:01:00,0.167
05 Jul 2025 19:01:15,0.120
05 Jul 2025 19:01:30,0.163
05 Jul 2025 19:02:00,0.142
05 Jul 2025 19:02:30,0.155
05 Jul 2025 19:03:15,0.165
05 Jul 2025 19:03:45,0.168
05 Jul 2025 19:04:00,0.159
05 Jul 2025 19:05:00,0.190
05 Jul 2025 19:05:30,0.193
05 Jul 2025 19:05:45,0.177
05 Jul 2025 19:06:45,0.110
05 Jul 2025 19:07:00,0.112
05 Jul 2025 19:07:15,0.186
05 Jul 2025 19:07:30,0.179
05 Jul 2025 19:08:00,0.124
05 Jul 2025 19:08:30,0.160
05 Jul 2025 19:09:30,0.150
05 Jul 2025 19:10:15,0.115
05 Jul 2025 19:10:30,0.177
05 Jul 2025 19:10:45,0.174
05 Jul 2025 19:11:00,0.159
05 Jul 2025 19:11:30,0.149
05 Jul 2025 19:11:45,0.143
05 Jul 2025 19:12:45,0.171
05 Jul 2025 19:13:00,0.138
05 Jul 2025 19:13:30,0.150
05 Jul 2025 19:14:15,0.154
05 Jul 2025 19:14:30,0.142
05 Jul 2025 19:14:45,0.124
05 Jul 2025 19:15:00,0.161
05 Jul 2025 19:17:00,0.157
05 Jul 2025 19:17:30,0.121
05 Jul 2025 19:17:45,0.133
05 Jul 2025 19:18:00,0.106
05 Jul 2025 19:18:15,0.081
05 Jul 2025 19:18:30,0.126
05 Jul 2025 19:21:00,0.114
05 Jul 2025 19:21:45,0.116
05 Jul 2025 19:22:15,0.151
05 Jul 2025 19:24:00,0.107
05 Jul 2025 19:26:00,0.123
05 Jul 2025 19:26:15,0.151
05 Jul 2025 19:26:45,0.138
05 Jul 2025 19:27:30,0.166
05 Jul 2025 19:28:15,0.136
05 Jul 2025 19:28:30,0.137
05 Jul 2025 19:28:45,0.139
05 Jul 2025 19:29:00,0.129
05 Jul 2025 19:29:15,0.164
05 Jul 2025 19:30:15,0.126
05 Jul 2025 19:30:30,0.112
05 Jul 2025 19:31:00,0.155
05 Jul 2025 19:31:15,0.174
05 Jul 2025 19:32:00,0.158
05 Jul 2025 19:32:15,0.148
05 Jul 2025 19:34:00,0.130
05 Jul 2025 19:34:45,0.153
05 Jul 2025 19:35:15,0.179
05 Jul 2025 19:36:00,0.114
05 Jul 2025 19:36:15,0.148
05 Jul 2025 19:36:45,0.136
05 Jul 2025 19:37:30,0.147
05 Jul 2025 19:37:45,0.101
05 Jul 2025 19:38:15,0.156
05 Jul 2025 19:39:00,0.104
05 Jul 2025 19:39:15,0.120
05 Jul 2025 19:40:30,0.133
05 Jul 2025 19:41:15,0.161
05 Jul 2025 19:41:30,0.134
05 Jul 2025 19:42:45,0.135
05 Jul 2025 19:43:00,0.149
05 Jul 2025 19:43:15,0.125
05 Jul 2025 19:43:30,0.148
05 Jul 2025 19:44:30,0.151
05 Jul 2025 19:45:15,0.119
05 Jul 2025 19:45:45,0.159
05 Jul 2025 19:46:00,0.114
05 Jul 2025 19:46:15,0.128
05 Jul 2025 19:46:45,0.124
05 Jul 2025 19:47:15,0.136
05 Jul 2025 19:47:30,0.121
05 Jul 2025 19:47:45,0.133
05 Jul 2025 19:48:15,0.162
05 Jul 2025 19:48:45,0.134
05 Jul 2025 19:49:15,0.082
05 Jul 2025 19:49:45,0.103
05 Jul 2025 19:51:45,0.137
05 Jul 2025 19:52:00,0.136
05 Jul 2025 19:53:00,0.126
05 Jul 2025 19:53:15,0.143
05 Jul 2025 19:54:00,0.076
05 Jul 2025 19:54:15,0.084
05 Jul 2025 19:54:45,0.161
05 Jul 2025 19:55:00,0.159
05 Jul 2025 19:55:15,0.180
05 Jul 2025 19:56:30,0.127
05 Jul 2025 19:56:45,0.124
05 Jul 2025 19:57:00,0.093
05 Jul 2025 19:57:45,0.115
05 Jul 2025 19:58:00,0.169
05 Jul 2025 19:59:30,0.155
05 Jul 2025 20:00:00,0.129
05 Jul 2025 20:00:30,0.101
05 Jul 2025 20:00:45,0.148
05 Jul 2025 20:01:45,0.157
05 Jul 2025 20:02:00,0.132
05 Jul 2025 20:02:15,0.122
05 Jul 2025 20:02:30,0.110
05 Jul 2025 20:03:15,0.093
05 Jul 2025 20:03:30,0.181
05 Jul 2025 20:04:00,0.136
05 Jul 2025 20:04:30,0.131
05 Jul 2025 20:05:45,0.151
05 Jul 2025 20:06:00,0.164
05 Jul 2025 20:06:45,0.078
05 Jul 2025 20:07:45,0.137
05 Jul 2025 20:08:15,0.114
05 Jul 2025 20:08:45,0.130
05 Jul 2025 20:09:15,0.162
05 Jul 2025 20:09:30,0.131
05 Jul 2025 20:09:45,0.131
05 Jul 2025 20:10:00,0.145
05 Jul 2025 20:10:45,0.128
05 Jul 2025 20:11:00,0.123
05 Jul 2025 20:11:15,0.181
05 Jul 2025 20:11:45,0.118
05 Jul 2025 20:12:00,0.127
05 Jul 2025 20:12:30,0.133
05 Jul 2025 20:13:00,0.083
05 Jul 2025 20:14:00,0.147
05 Jul 2025 20:14:15,0.162
05 Jul 2025 20:14:30,0.133
05 Jul 2025 20:14:45,0.052
05 Jul 2025 20:15:00,0.108
05 Jul 2025 20:15:30,0.142
05 Jul 2025 20:15:45,0.131
05 Jul 2025 20:16:15,0.101
05 Jul 2025 20:16:30,0.113
05 Jul 2025 20:17:00,0.149
05 Jul 2025 20:17:15,0.121
05 Jul 2025 20:17:30,0.065
05 Jul 2025 20:18:00,0.105
05 Jul 2025 20:18:30,0.150
05 Jul 2025 20:19:00,0.079
05 Jul 2025 20:19:15,0.103
05 Jul 2025 20:19:45,0.117
05 Jul 2025 20:20:00,0.162
05 Jul 2025 20:20:15,0.153
05 Jul 2025 20:20:45,0.081
05 Jul 2025 20:21:00,0.156
05 Jul 2025 20:21:15,0.138
05 Jul 2025 20:21:45,0.100
05 Jul 2025 20:22:00,0.108
05 Jul 2025 20:23:00,0.133
05 Jul 2025 20:23:15,0.067
05 Jul 2025 20:23:30,0.095
05 Jul 2025 20:24:00,0.156
05 Jul 2025 20:24:15,0.043
05 Jul 2025 20:24:30,0.171
05 Jul 2025 20:24:45,0.128
05 Jul 2025 20:25:30,0.101
05 Jul 2025 20:26:30,0.108
05 Jul 2025 20:26:45,0.141
05 Jul 2025 20:27:00,0.105
05 Jul 2025 20:27:15,0.140
05 Jul 2025 20:29:00,0.110
05 Jul 2025 20:29:30,0.113
05 Jul 2025 20:29:45,0.124
05 Jul 2025 20:30:00,0.075
05 Jul 2025 20:30:15,0.101
05 Jul 2025 20:30:30,0.117
05 Jul 2025 20:31:15,0.100
05 Jul 2025 20:31:30,0.140
05 Jul 2025 20:31:45,0.105
05 Jul 2025 20:33:00,0.149
05 Jul 2025 20:33:15,0.135
05 Jul 2025 20:33:45,0.115
05 Jul 2025 20:34:15,0.144
05 Jul 2025 20:34:30,0.110
05 Jul 2025 20:35:00,0.112
05 Jul 2025 20:35:15,0.118
05 Jul 2025 20:35:30,0.098
05 Jul 2025 20:36:15,0.121
05 Jul 2025 20:36:45,0.149
05 Jul 2025 20:37:15,0.103
05 Jul 2025 20:37:45,0.127
05 Jul 2025 20:38:00,0.094
05 Jul 2025 20:39:00,0.137
05 Jul 2025 20:40:30,0.162
05 Jul 2025 20:40:45,0.095
05 Jul 2025 20:41:00,0.077
05 Jul 2025 20:42:00,0.070
05 Jul 2025 20:43:30,0.128
05 Jul 2025 20:44:15,0.111
05 Jul 2025 20:44:45,0.155
05 Jul 2025 20:45:15,0.068
05 Jul 2025 20:46:00,0.085
05 Jul 2025 20:46:30,0.136
05 Jul 2025 20:47:30,0.120
05 Jul 2025 20:47:45,0.076
05 Jul 2025 20:48:00,0.097
05 Jul 2025 20:48:45,0.095
05 Jul 2025 20:49:00,0.065
05 Jul 2025 20:50:00,0.125
05 Jul 2025 20:50:15,0.086
05 Jul 2025 20:50:30,0.095
05 Jul 2025 20:51:00,0.135
05 Jul 2025 20:51:15,0.113
05 Jul 2025 20:51:30,0.124
05 Jul 2025 20:51:45,0.122
05 Jul 2025 20:53:00,0.078
05 Jul 2025 20:53:15,0.088
05 Jul 2025 20:54:30,0.144
05 Jul 2025 20:54:45,0.121
05 Jul 2025 20:55:00,0.111
05 Jul 2025 20:55:15,0.090
05 Jul 2025 20:55:30,0.120
05 Jul 2025 20:55:45,0.120
05 Jul 2025 20:56:30,0.111
05 Jul 2025 20:56:45,0.113
05 Jul 2025 20:57:30,0.148
05 Jul 2025 20:57:45,0.087
05 Jul 2025 20:58:00,0.143
05 Jul 2025 20:58:30,0.109
05 Jul 2025 20:58:45,0.107
05 Jul 2025 20:59:00,0.121
05 Jul 2025 20:59:15,0.103
05 Jul 2025 21:00:00,0.073
05 Jul 2025 21:01:15,0.099
05 Jul 2025 21:01:45,0.124
05 Jul 2025 21:02:15,0.118
05 Jul 2025 21:02:30,0.092
05 Jul 2025 21:02:45,0.103
05 Jul 2025 21:03:00,0.109
05 Jul 2025 21:03:15,0.113
05 Jul 2025 21:04:00,0.135
05 Jul 2025 21:04:45,0.136
05 Jul 2025 21:05:45,0.117
05 Jul 2025 21:06:15,0.080
05 Jul 2025 21:06:45,0.117
05 Jul 2025 21:07:00,0.094
05 Jul 2025 21:08:30,0.083
05 Jul 2025 21:09:00,0.093
05 Jul 2025 21:09:15,0.103
05 Jul 2025 21:09:30,0.106
05 Jul 2025 21:10:00,0.110
05 Jul 2025 21:11:15,0.095
05 Jul 2025 21:11:30,0.119
05 Jul 2025 21:11:45,0.120
05 Jul 2025 21:12:15,0.122
05 Jul 2025 21:13:15,0.056
05 Jul 2025 21:13:30,0.091
05 Jul 2025 21:14:30,0.083
05 Jul 2025 21:15:00,0.071
05 Jul 2025 21:15:15,0.110
05 Jul 2025 21:15:30,0.131
05 Jul 2025 21:15:45,0.114
05 Jul 2025 21:16:00,0.135
05 Jul 2025 21:16:15,0.108
05 Jul 2025 21:16:45,0.124
05 Jul 2025 21:17:00,0.085
05 Jul 2025 21:17:15,0.118
05 Jul 2025 21:18:00,0.097
05 Jul 2025 21:18:15,0.082
05 Jul 2025 21:19:00,0.094
05 Jul 2025 21:20:00,0.105
05 Jul 2025 21:20:15,0.103
05 Jul 2025 21:20:30,0.085
05 Jul 2025 21:21:00,0.125
05 Jul 2025 21:21:15,0.144
05 Jul 2025 21:21:30,0.107
05 Jul 2025 21:22:15,0.099
05 Jul 2025 21:22:30,0.122
05 Jul 2025 21:23:00,0.101
05 Jul 2025 21:23:30,0.100
05 Jul 2025 21:24:00,0.124
05 Jul 2025 21:24:45,0.118
05 Jul 2025 21:25:00,0.126
05 Jul 2025 21:25:30,0.099
05 Jul 2025 21:25:45,0.111
05 Jul 2025 21:26:00,0.100
05 Jul 2025 21:26:15,0.141
05 Jul 2025 21:26:30,0.095
05 Jul 2025 21:26:45,0.096
05 Jul 2025 21:27:30,0.121
05 Jul 2025 21:28:00,0.110
05 Jul 2025 21:29:00,0.090
05 Jul 2025 21:29:15,0.107
05 Jul 2025 21:30:00,0.119
05 Jul 2025 21:30:15,0.135
05 Jul 2025 21:30:45,0.091
05 Jul 2025 21:31:15,0.077
05 Jul 2025 21:31:45,0.132
05 Jul 2025 21:32:00,0.101
05 Jul 2025 21:32:15,0.099
05 Jul 2025 21:32:45,0.120
05 Jul 2025 21:33:45,0.090
05 Jul 2025 21:34:00,0.100
05 Jul 2025 21:34:30,0.127
05 Jul 2025 21:35:30,0.092
05 Jul 2025 21:37:00,0.114
05 Jul 2025 21:37:30,0.115
05 Jul 2025 21:38:00,0.133
05 Jul 2025 21:38:15,0.102
05 Jul 2025 21:38:30,0.097
05 Jul 2025 21:38:45,0.119
05 Jul 2025 21:39:15,0.123
05 Jul 2025 21:40:00,0.064
05 Jul 2025 21:40:30,0.089
05 Jul 2025 21:41:30,0.117
05 Jul 2025 21:42:00,0.072
05 Jul 2025 21:42:15,0.075
05 Jul 2025 21:42:45,0.089
05 Jul 2025 21:43:00,0.085
05 Jul 2025 21:43:15,0.119
05 Jul 2025 21:44:15,0.091
05 Jul 2025 21:44:30,0.098
05 Jul 2025 21:44:45,0.086
05 Jul 2025 21:45:00,0.065
05 Jul 2025 21:45:45,0.137
05 Jul 2025 21:47:00,0.143
05 Jul 2025 21:47:15,0.038
05 Jul 2025 21:48:00,0.044
05 Jul 2025 21:49:00,0.117
05 Jul 2025 21:52:15,0.144
05 Jul 2025 21:53:00,0.072
05 Jul 2025 21:53:30,0.064
05 Jul 2025 21:53:45,0.080
05 Jul 2025 21:54:00,0.099
05 Jul 2025 21:54:30,0.128
05 Jul 2025 21:55:00,0.109
05 Jul 2025 21:55:30,0.140
05 Jul 2025 21:55:45,0.114
05 Jul 2025 21:56:00,0.091
05 Jul 2025 21:56:15,0.074
05 Jul 2025 21:57:15,0.078
05 Jul 2025 21:57:45,0.128
05 Jul 2025 21:58:30,0.116
05 Jul 2025 21:58:45,0.063
05 Jul 2025 21:59:45,0.115
05 Jul 2025 22:00:30,0.088
05 Jul 2025 22:01:00,0.127
05 Jul 2025 22:01:15,0.131
05 Jul 2025 22:01:45,0.064
05 Jul 2025 22:02:15,0.108
05 Jul 2025 22:02:45,0.120
05 Jul 2025 22:04:30,0.133
05 Jul 2025 22:04:45,0.131
05 Jul 2025 22:05:00,0.099
05 Jul 2025 22:05:45,0.091
05 Jul 2025 22:06:30,0.055
05 Jul 2025 22:06:45,0.096
05 Jul 2025 22:07:00,0.112
05 Jul 2025 22:07:15,0.088
05 Jul 2025 22:07:30,0.097
05 Jul 2025 22:08:00,0.119
05 Jul 2025 22:08:45,0.092
05 Jul 2025 22:09:15,0.084
05 Jul 2025 22:09:30,0.052
05 Jul 2025 22:10:15,0.094
05 Jul 2025 22:10:45,0.114
05 Jul 2025 22:11:15,0.097
05 Jul 2025 22:12:15,0.123
05 Jul 2025 22:12:45,0.105
05 Jul 2025 22:14:45,0.052
05 Jul 2025 22:15:30,0.086
05 Jul 2025 22:16:30,0.092
05 Jul 2025 22:17:00,0.080
05 Jul 2025 22:17:15,0.076
05 Jul 2025 22:18:00,0.083
05 Jul 2025 22:18:45,0.097
05 Jul 2025 22:20:00,0.127
05 Jul 2025 22:20:30,0.107
05 Jul 2025 22:21:00,0.044
05 Jul 2025 22:21:15,0.076
05 Jul 2025 22:21:30,0.102
05 Jul 2025 22:21:45,0.083
05 Jul 2025 22:22:00,0.084
05 Jul 2025 22:22:30,0.119
05 Jul 2025 22:23:00,0.135
05 Jul 2025 22:23:15,0.091
05 Jul 2025 22:23:30,0.098
05 Jul 2025 22:24:00,0.087
05 Jul 2025 22:24:15,0.085
05 Jul 2025 22:24:30,0.093
05 Jul 2025 22:25:00,0.067
05 Jul 2025 22:25:45,0.104
05 Jul 2025 22:26:00,0.086
05 Jul 2025 22:26:15,0.098
05 Jul 2025 22:26:45,0.078
05 Jul 2025 22:27:00,0.097
05 Jul 2025 22:27:15,0.042
05 Jul 2025 22:27:30,0.081
05 Jul 2025 22:27:45,0.084
05 Jul 2025 22:28:00,0.113
05 Jul 2025 22:28:15,0.085
05 Jul 2025 22:28:30,0.105
05 Jul 2025 22:29:00,0.048
05 Jul 2025 22:29:30,0.089
05 Jul 2025 22:29:45,0.078
05 Jul 2025 22:30:45,0.083
05 Jul 2025 22:31:00,0.105
05 Jul 2025 22:31:30,0.069
05 Jul 2025 22:31:45,0.088
05 Jul 2025 22:32:30,0.081
05 Jul 2025 22:32:45,0.099
05 Jul 2025 22:33:15,0.091
05 Jul 2025 22:33:30,0.120
05 Jul 2025 22:33:45,0.075
05 Jul 2025 22:35:00,0.063
05 Jul 2025 22:35:30,0.085
05 Jul 2025 22:36:30,0.083
05 Jul 2025 22:36:45,0.080
05 Jul 2025 22:37:00,0.112
05 Jul 2025 22:38:45,0.105
05 Jul 2025 22:39:00,0.128
05 Jul 2025 22:40:30,0.099
05 Jul 2025 22:40:45,0.111
05 Jul 2025 22:41:45,0.102
05 Jul 2025 22:42:30,0.102
05 Jul 2025 22:42:45,0.104
05 Jul 2025 22:43:00,0.080
05 Jul 2025 22:43:30,0.103
05 Jul 2025 22:44:15,0.103
05 Jul 2025 22:44:30,0.093
05 Jul 2025 22:44:45,0.082
05 Jul 2025 22:45:00,0.110
05 Jul 2025 22:46:00,0.107
05 Jul 2025 22:46:15,0.127
05 Jul 2025 22:46:30,0.108
05 Jul 2025 22:47:00,0.131
05 Jul 2025 22:48:00,0.111
05 Jul 2025 22:48:15,0.113
05 Jul 2025 22:48:45,0.133
05 Jul 2025 22:49:00,0.079
05 Jul 2025 22:49:15,0.092
05 Jul 2025 22:49:30,0.067
05 Jul 2025 22:49:45,0.119
05 Jul 2025 22:51:15,0.100
05 Jul 2025 22:51:30,0.097
05 Jul 2025 22:52:00,0.107
05 Jul 2025 22:52:15,0.087
05 Jul 2025 22:52:30,0.111
05 Jul 2025 22:52:45,0.096
05 Jul 2025 22:53:15,0.087
05 Jul 2025 22:53:30,0.082
05 Jul 2025 22:53:45,0.135
05 Jul 2025 22:54:00,0.098
05 Jul 2025 22:54:45,0.094
05 Jul 2025 22:55:30,0.141
05 Jul 2025 22:55:45,0.065
05 Jul 2025 22:56:30,0.119
05 Jul 2025 22:56:45,0.106
05 Jul 2025 22:57:00,0.108
05 Jul 2025 22:57:30,0.098
05 Jul 2025 22:58:15,0.126
05 Jul 2025 22:58:30,0.094
05 Jul 2025 22:59:15,0.078
05 Jul 2025 22:59:30,0.112
05 Jul 2025 22:59:45,0.075
05 Jul 2025 23:00:30,0.087
05 Jul 2025 23:00:45,0.119
05 Jul 2025 23:01:00,0.057
05 Jul 2025 23:02:15,0.090
05 Jul 2025 23:02:30,0.092
05 Jul 2025 23:03:15,0.097
05 Jul 2025 23:03:45,0.095
05 Jul 2025 23:04:00,0.083
05 Jul 2025 23:04:15,0.118
05 Jul 2025 23:04:45,0.116
05 Jul 2025 23:05:15,0.074
05 Jul 2025 23:05:45,0.077
05 Jul 2025 23:06:00,0.098
05 Jul 2025 23:06:15,0.119
05 Jul 2025 23:06:45,0.089
05 Jul 2025 23:07:15,0.107
05 Jul 2025 23:07:30,0.098
05 Jul 2025 23:07:45,0.103
05 Jul 2025 23:08:00,0.100
05 Jul 2025 23:08:15,0.103
05 Jul 2025 23:09:00,0.086
05 Jul 2025 23:09:15,0.071
05 Jul 2025 23:09:30,0.081
05 Jul 2025 23:10:15,0.098
05 Jul 2025 23:10:30,0.095
05 Jul 2025 23:11:00,0.134
05 Jul 2025 23:11:30,0.112
05 Jul 2025 23:11:45,0.111
05 Jul 2025 23:12:15,0.104
05 Jul 2025 23:12:30,0.080
05 Jul 2025 23:13:00,0.092
05 Jul 2025 23:13:15,0.135
05 Jul 2025 23:14:00,0.091
05 Jul 2025 23:14:15,0.109
05 Jul 2025 23:15:30,0.105
05 Jul 2025 23:15:45,0.151
05 Jul 2025 23:16:30,0.125
05 Jul 2025 23:17:15,0.151
05 Jul 2025 23:17:45,0.079
05 Jul 2025 23:18:30,0.103
05 Jul 2025 23:18:45,0.141
05 Jul 2025 23:19:00,0.051
05 Jul 2025 23:19:45,0.110
05 Jul 2025 23:20:30,0.122
05 Jul 2025 23:21:15,0.074
05 Jul 2025 23:22:45,0.137
05 Jul 2025 23:23:00,0.117
05 Jul 2025 23:23:30,0.062
05 Jul 2025 23:24:00,0.123
05 Jul 2025 23:24:15,0.069
05 Jul 2025 23:24:30,0.138
05 Jul 2025 23:25:15,0.091
05 Jul 2025 23:25:30,0.111
05 Jul 2025 23:26:15,0.097
05 Jul 2025 23:26:30,0.094
05 Jul 2025 23:26:45,0.104
05 Jul 2025 23:27:00,0.127
05 Jul 2025 23:27:15,0.118
05 Jul 2025 23:27:30,0.131
05 Jul 2025 23:27:45,0.110
05 Jul 2025 23:28:00,0.093
05 Jul 2025 23:28:30,0.152
05 Jul 2025 23:29:00,0.103
05 Jul 2025 23:30:15,0.102
05 Jul 2025 23:30:45,0.068
05 Jul 2025 23:31:00,0.092
05 Jul 2025 23:31:45,0.032
05 Jul 2025 23:32:00,0.097
05 Jul 2025 23:32:15,0.094
05 Jul 2025 23:32:45,0.115
05 Jul 2025 23:33:15,0.103
05 Jul 2025 23:34:00,0.095
05 Jul 2025 23:34:15,0.112
05 Jul 2025 23:35:00,0.127
05 Jul 2025 23:35:45,0.051
05 Jul 2025 23:36:15,0.110
05 Jul 2025 23:37:00,0.113
05 Jul 2025 23:37:15,0.090
05 Jul 2025 23:37:45,0.107
05 Jul 2025 23:38:15,0.088
05 Jul 2025 23:38:30,0.104
05 Jul 2025 23:38:45,0.108
05 Jul 2025 23:39:15,0.157
05 Jul 2025 23:39:45,0.115
05 Jul 2025 23:40:15,0.151
05 Jul 2025 23:40:30,0.119
05 Jul 2025 23:40:45,0.109
05 Jul 2025 23:41:30,0.104
05 Jul 2025 23:42:15,0.127
05 Jul 2025 23:42:30,0.101
05 Jul 2025 23:43:15,0.104
05 Jul 2025 23:43:30,0.118
05 Jul 2025 23:43:45,0.109
05 Jul 2025 23:44:00,0.093
05 Jul 2025 23:44:15,0.120
05 Jul 2025 23:45:00,0.121
05 Jul 2025 23:45:15,0.109
05 Jul 2025 23:46:15,0.110
05 Jul 2025 23:46:30,0.100
05 Jul 2025 23:46:45,0.103
05 Jul 2025 23:47:30,0.130
05 Jul 2025 23:48:00,0.140
05 Jul 2025 23:48:45,0.186
05 Jul 2025 23:50:00,0.124
05 Jul 2025 23:50:15,0.129
05 Jul 2025 23:50:30,0.157
05 Jul 2025 23:50:45,0.085
05 Jul 2025 23:51:15,0.155
05 Jul 2025 23:52:00,0.132
05 Jul 2025 23:53:15,0.169
05 Jul 2025 23:53:30,0.140
05 Jul 2025 23:55:00,0.096
05 Jul 2025 23:55:15,0.146
05 Jul 2025 23:55:45,0.142
05 Jul 2025 23:56:00,0.101
05 Jul 2025 23:56:15,0.132
05 Jul 2025 23:56:30,0.155
05 Jul 2025 23:56:45,0.102
05 Jul 2025 23:57:15,0.090
05 Jul 2025 23:57:45,0.131
05 Jul 2025 23:58:00,0.071
05 Jul 2025 23:58:15,0.140
05 Jul 2025 23:58:30,0.117
06 Jul 2025 00:00:00,0.134
06 Jul 2025 00:02:00,0.139
06 Jul 2025 00:02:15,0.148
06 Jul 2025 00:02:30,0.117
06 Jul 2025 00:02:45,0.157
06 Jul 2025 00:03:45,0.083
06 Jul 2025 00:04:15,0.147
06 Jul 2025 00:06:15,0.061
06 Jul 2025 00:06:45,0.115
06 Jul 2025 00:07:15,0.127
06 Jul 2025 00:08:00,0.131
06 Jul 2025 00:08:15,0.126
06 Jul 2025 00:08:45,0.127
06 Jul 2025 00:09:15,0.097
06 Jul 2025 00:10:00,0.137
06 Jul 2025 00:10:15,0.120
06 Jul 2025 00:11:15,0.122
06 Jul 2025 00:11:30,0.130
06 Jul 2025 00:11:45,0.157
06 Jul 2025 00:12:00,0.149
06 Jul 2025 00:12:30,0.151
06 Jul 2025 00:12:45,0.156
06 Jul 2025 00:13:15,0.136
06 Jul 2025 00:13:45,0.076
06 Jul 2025 00:14:00,0.100
06 Jul 2025 00:14:15,0.121
06 Jul 2025 00:15:00,0.081
06 Jul 2025 00:15:15,0.125
06 Jul 2025 00:15:45,0.147
06 Jul 2025 00:16:00,0.136
06 Jul 2025 00:16:15,0.133
06 Jul 2025 00:16:30,0.146
06 Jul 2025 00:17:00,0.122
06 Jul 2025 00:17:15,0.154
06 Jul 2025 00:17:30,0.141
06 Jul 2025 00:17:45,0.110
06 Jul 2025 00:18:00,0.111
06 Jul 2025 00:18:15,0.098
06 Jul 2025 00:18:30,0.111
06 Jul 2025 00:19:15,0.122
06 Jul 2025 00:19:30,0.129
06 Jul 2025 00:20:15,0.146
06 Jul 2025 00:20:30,0.118
06 Jul 2025 00:20:45,0.112
06 Jul 2025 00:21:00,0.149
06 Jul 2025 00:21:45,0.163
06 Jul 2025 00:23:15,0.121
06 Jul 2025 00:24:00,0.151
06 Jul 2025 00:24:30,0.145
06 Jul 2025 00:25:00,0.152
06 Jul 2025 00:25:30,0.099
06 Jul 2025 00:25:45,0.131
06 Jul 2025 00:26:15,0.145
06 Jul 2025 00:26:45,0.131
06 Jul 2025 00:27:00,0.114
06 Jul 2025 00:27:15,0.106
06 Jul 2025 00:28:30,0.147
06 Jul 2025 00:29:00,0.087
06 Jul 2025 00:29:45,0.140
06 Jul 2025 00:30:15,0.104
06 Jul 2025 00:30:45,0.125
06 Jul 2025 00:32:00,0.122
06 Jul 2025 00:32:45,0.150
06 Jul 2025 00:33:15,0.127
06 Jul 2025 00:35:00,0.152
06 Jul 2025 00:35:30,0.149
06 Jul 2025 00:36:15,0.114
06 Jul 2025 00:36:30,0.130
06 Jul 2025 00:36:45,0.119
06 Jul 2025 00:37:00,0.100
06 Jul 2025 00:37:15,0.137
06 Jul 2025 00:37:30,0.142
06 Jul 2025 00:38:15,0.160
06 Jul 2025 00:38:45,0.099
06 Jul 2025 00:39:15,0.093
06 Jul 2025 00:39:45,0.090
06 Jul 2025 00:40:00,0.159
06 Jul 2025 00:40:15,0.127
06 Jul 2025 00:40:30,0.142
06 Jul 2025 00:41:00,0.149
06 Jul 2025 00:41:30,0.120
06 Jul 2025 00:42:45,0.156
06 Jul 2025 00:43:15,0.187
06 Jul 2025 00:43:30,0.119
06 Jul 2025 00:44:00,0.121
06 Jul 2025 00:44:45,0.156
06 Jul 2025 00:45:00,0.147
06 Jul 2025 00:45:15,0.123
06 Jul 2025 00:45:45,0.115
06 Jul 2025 00:46:15,0.133
06 Jul 2025 00:46:45,0.125
06 Jul 2025 00:47:00,0.138
06 Jul 2025 00:47:45,0.170
06 Jul 2025 00:48:30,0.169
06 Jul 2025 00:49:15,0.141
06 Jul 2025 00:49:45,0.168
06 Jul 2025 00:50:15,0.136
06 Jul 2025 00:50:30,0.143
06 Jul 2025 00:51:15,0.146
06 Jul 2025 00:51:30,0.133
06 Jul 2025 00:51:45,0.126
06 Jul 2025 00:52:00,0.133
06 Jul 2025 00:53:30,0.132
06 Jul 2025 00:55:00,0.108
06 Jul 2025 00:55:30,0.121
06 Jul 2025 00:56:00,0.162
06 Jul 2025 00:57:15,0.164
06 Jul 2025 00:57:45,0.158
06 Jul 2025 00:58:30,0.172
06 Jul 2025 00:59:00,0.138
06 Jul 2025 00:59:15,0.165
06 Jul 2025 00:59:30,0.139
06 Jul 2025 00:59:45,0.141
06 Jul 2025 01:00:00,0.183
06 Jul 2025 01:00:15,0.142
06 Jul 2025 01:00:30,0.126
06 Jul 2025 01:01:00,0.163
06 Jul 2025 01:01:15,0.132
06 Jul 2025 01:01:30,0.164
06 Jul 2025 01:01:45,0.175
06 Jul 2025 01:02:15,0.142
06 Jul 2025 01:02:45,0.134
06 Jul 2025 01:04:00,0.165
06 Jul 2025 01:04:15,0.144
06 Jul 2025 01:05:15,0.156
06 Jul 2025 01:05:45,0.159
06 Jul 2025 01:06:00,0.147
06 Jul 2025 01:06:15,0.130
06 Jul 2025 01:06:30,0.160
06 Jul 2025 01:07:15,0.162
06 Jul 2025 01:07:45,0.138
06 Jul 2025 01:08:30,0.138
06 Jul 2025 01:09:00,0.158
06 Jul 2025 01:09:15,0.148
06 Jul 2025 01:09:30,0.172
06 Jul 2025 01:10:30,0.128
06 Jul 2025 01:10:45,0.211
06 Jul 2025 01:11:15,0.242
06 Jul 2025 01:11:30,0.173
06 Jul 2025 01:12:00,0.155
06 Jul 2025 01:12:15,0.160
06 Jul 2025 01:12:30,0.154
06 Jul 2025 01:12:45,0.142
06 Jul 2025 01:13:00,0.133
06 Jul 2025 01:13:30,0.215
06 Jul 2025 01:14:00,0.144
06 Jul 2025 01:15:00,0.179
06 Jul 2025 01:15:30,0.161
06 Jul 2025 01:15:45,0.144
06 Jul 2025 01:16:00,0.179
06 Jul 2025 01:17:30,0.134
06 Jul 2025 01:17:45,0.110
06 Jul 2025 01:18:00,0.197
06 Jul 2025 01:18:15,0.196
06 Jul 2025 01:18:30,0.138
06 Jul 2025 01:18:45,0.197
06 Jul 2025 01:19:00,0.120
06 Jul 2025 01:19:45,0.153
06 Jul 2025 01:20:15,0.147
06 Jul 2025 01:20:30,0.151
06 Jul 2025 01:21:15,0.164
06 Jul 2025 01:21:30,0.129
06 Jul 2025 01:22:45,0.172
06 Jul 2025 01:23:30,0.185
06 Jul 2025 01:23:45,0.150
06 Jul 2025 01:24:15,0.172
06 Jul 2025 01:24:45,0.147
06 Jul 2025 01:25:00,0.166
06 Jul 2025 01:25:30,0.161
06 Jul 2025 01:25:45,0.172
06 Jul 2025 01:26:15,0.160
06 Jul 2025 01:27:15,0.143
06 Jul 2025 01:27:30,0.147
06 Jul 2025 01:28:00,0.182
06 Jul 2025 01:28:15,0.175
06 Jul 2025 01:28:30,0.165
06 Jul 2025 01:29:00,0.167
06 Jul 2025 01:29:15,0.138
06 Jul 2025 01:29:30,0.130
06 Jul 2025 01:30:15,0.149
06 Jul 2025 01:30:30,0.190
06 Jul 2025 01:30:45,0.190
06 Jul 2025 01:31:15,0.183
06 Jul 2025 01:31:30,0.150
06 Jul 2025 01:31:45,0.161
06 Jul 2025 01:32:00,0.186
06 Jul 2025 01:32:15,0.169
06 Jul 2025 01:32:30,0.155
06 Jul 2025 01:32:45,0.145
06 Jul 2025 01:33:30,0.154
06 Jul 2025 01:33:45,0.173
06 Jul 2025 01:34:15,0.168
06 Jul 2025 01:34:30,0.173
06 Jul 2025 01:34:45,0.189
06 Jul 2025 01:35:00,0.163
06 Jul 2025 01:35:30,0.186
06 Jul 2025 01:36:00,0.150
06 Jul 2025 01:37:45,0.162
06 Jul 2025 01:38:45,0.177
06 Jul 2025 01:39:30,0.169
06 Jul 2025 01:40:15,0.187
06 Jul 2025 01:40:45,0.152
06 Jul 2025 01:41:00,0.147
06 Jul 2025 01:42:00,0.140
06 Jul 2025 01:42:30,0.177
06 Jul 2025 01:42:45,0.160
06 Jul 2025 01:43:15,0.164
06 Jul 2025 01:44:15,0.166
06 Jul 2025 01:44:30,0.209
06 Jul 2025 01:45:00,0.167
06 Jul 2025 01:45:30,0.196
06 Jul 2025 01:45:45,0.193
06 Jul 2025 01:46:00,0.177
06 Jul 2025 01:46:15,0.186
06 Jul 2025 01:47:15,0.178
06 Jul 2025 01:47:45,0.164
06 Jul 2025 01:48:00,0.188
06 Jul 2025 01:48:15,0.177
06 Jul 2025 01:48:45,0.157
06 Jul 2025 01:49:00,0.165
06 Jul 2025 01:49:45,0.200
06 Jul 2025 01:50:00,0.153
06 Jul 2025 01:50:15,0.195
06 Jul 2025 01:50:30,0.178
06 Jul 2025 01:50:45,0.162
06 Jul 2025 01:51:00,0.149
06 Jul 2025 01:51:30,0.165
06 Jul 2025 01:51:45,0.221
06 Jul 2025 01:52:00,0.166
06 Jul 2025 01:52:30,0.173
06 Jul 2025 01:52:45,0.201
06 Jul 2025 01:55:15,0.188
06 Jul 2025 01:55:45,0.198
06 Jul 2025 01:56:00,0.169
06 Jul 2025 01:56:15,0.184
06 Jul 2025 01:57:00,0.144
06 Jul 2025 01:57:30,0.181
06 Jul 2025 01:57:45,0.185
06 Jul 2025 01:58:00,0.164
06 Jul 2025 01:58:30,0.157
06 Jul 2025 01:59:00,0.154
06 Jul 2025 01:59:30,0.173
06 Jul 2025 01:59:45,0.161
06 Jul 2025 02:00:45,0.154
06 Jul 2025 02:01:15,0.172
06 Jul 2025 02:01:45,0.173
06 Jul 2025 02:02:15,0.157
06 Jul 2025 02:02:45,0.152
06 Jul 2025 02:03:15,0.167
06 Jul 2025 02:03:30,0.158
06 Jul 2025 02:03:45,0.216
06 Jul 2025 02:04:00,0.194
06 Jul 2025 02:04:45,0.217
06 Jul 2025 02:05:00,0.165
06 Jul 2025 02:06:15,0.191
06 Jul 2025 02:06:30,0.172
06 Jul 2025 02:07:30,0.179
06 Jul 2025 02:09:00,0.223
06 Jul 2025 02:09:15,0.195
06 Jul 2025 02:09:30,0.175
06 Jul 2025 02:10:15,0.184
06 Jul 2025 02:10:30,0.168
06 Jul 2025 02:11:00,0.166
06 Jul 2025 02:11:15,0.226
06 Jul 2025 02:12:00,0.184
06 Jul 2025 02:12:15,0.184
06 Jul 2025 02:13:00,0.192
06 Jul 2025 02:13:30,0.226
06 Jul 2025 02:15:15,0.181
06 Jul 2025 02:15:30,0.182
06 Jul 2025 02:16:00,0.150
06 Jul 2025 02:16:15,0.205
06 Jul 2025 02:16:30,0.152
06 Jul 2025 02:16:45,0.148
06 Jul 2025 02:17:15,0.153
06 Jul 2025 02:18:00,0.183
06 Jul 2025 02:18:30,0.185
06 Jul 2025 02:18:45,0.166
06 Jul 2025 02:19:30,0.173
06 Jul 2025 02:19:45,0.172
06 Jul 2025 02:20:15,0.166
06 Jul 2025 02:20:45,0.200
06 Jul 2025 02:21:30,0.218
06 Jul 2025 02:23:00,0.200
06 Jul 2025 02:23:15,0.204
06 Jul 2025 02:23:30,0.190
06 Jul 2025 02:24:15,0.194
06 Jul 2025 02:24:30,0.227
06 Jul 2025 02:25:15,0.198
06 Jul 2025 02:25:45,0.206
06 Jul 2025 02:26:15,0.187
06 Jul 2025 02:26:45,0.167
06 Jul 2025 02:27:00,0.193
06 Jul 2025 02:27:30,0.188
06 Jul 2025 02:27:45,0.195
06 Jul 2025 02:28:00,0.175
06 Jul 2025 02:28:15,0.218
06 Jul 2025 02:28:30,0.178
06 Jul 2025 02:29:00,0.222
06 Jul 2025 02:29:15,0.207
06 Jul 2025 02:30:00,0.178
06 Jul 2025 02:30:15,0.233
06 Jul 2025 02:30:30,0.215
06 Jul 2025 02:31:15,0.167
06 Jul 2025 02:32:00,0.187
06 Jul 2025 02:32:15,0.210
06 Jul 2025 02:32:30,0.209
06 Jul 2025 02:32:45,0.188
06 Jul 2025 02:33:15,0.224
06 Jul 2025 02:34:00,0.158
06 Jul 2025 02:34:30,0.175
06 Jul 2025 02:35:15,0.205
06 Jul 2025 02:35:30,0.178
06 Jul 2025 02:35:45,0.197
06 Jul 2025 02:36:00,0.209
06 Jul 2025 02:36:15,0.199
06 Jul 2025 02:36:30,0.202
06 Jul 2025 02:36:45,0.193
06 Jul 2025 02:37:15,0.171
06 Jul 2025 02:38:00,0.180
06 Jul 2025 02:38:15,0.219
06 Jul 2025 02:38:30,0.204
06 Jul 2025 02:38:45,0.187
06 Jul 2025 02:39:00,0.179
06 Jul 2025 02:39:30,0.216
06 Jul 2025 02:40:15,0.191
06 Jul 2025 02:41:15,0.235
06 Jul 2025 02:41:30,0.200
06 Jul 2025 02:42:00,0.219
06 Jul 2025 02:42:45,0.205
06 Jul 2025 02:43:00,0.216
06 Jul 2025 02:43:15,0.214
06 Jul 2025 02:43:30,0.203
06 Jul 2025 02:43:45,0.213
06 Jul 2025 02:44:30,0.181
06 Jul 2025 02:45:00,0.177
06 Jul 2025 02:45:15,0.208
06 Jul 2025 02:45:30,0.195
06 Jul 2025 02:45:45,0.208
06 Jul 2025 02:46:30,0.182
06 Jul 2025 02:46:45,0.173
06 Jul 2025 02:47:00,0.181
06 Jul 2025 02:47:30,0.234
06 Jul 2025 02:48:45,0.192
06 Jul 2025 02:49:15,0.205
06 Jul 2025 02:49:30,0.191
06 Jul 2025 02:49:45,0.214
06 Jul 2025 02:50:00,0.196
06 Jul 2025 02:50:30,0.197
06 Jul 2025 02:51:15,0.189
06 Jul 2025 02:51:30,0.188
06 Jul 2025 02:52:00,0.199
06 Jul 2025 02:52:30,0.209
06 Jul 2025 02:52:45,0.191
06 Jul 2025 02:53:30,0.220
06 Jul 2025 02:53:45,0.198
06 Jul 2025 02:54:00,0.209
06 Jul 2025 02:54:45,0.205
06 Jul 2025 02:55:00,0.198
06 Jul 2025 02:55:15,0.179
06 Jul 2025 02:55:30,0.198
06 Jul 2025 02:56:00,0.250
06 Jul 2025 02:56:15,0.174
06 Jul 2025 02:56:30,0.178
06 Jul 2025 02:57:00,0.176
06 Jul 2025 02:57:15,0.170
06 Jul 2025 02:57:45,0.222
06 Jul 2025 02:58:00,0.166
06 Jul 2025 02:58:15,0.164
06 Jul 2025 02:58:30,0.179
06 Jul 2025 02:59:00,0.184
06 Jul 2025 02:59:45,0.192
06 Jul 2025 03:00:15,0.190
06 Jul 2025 03:00:30,0.259
06 Jul 2025 03:01:00,0.209
06 Jul 2025 03:01:45,0.224
06 Jul 2025 03:02:00,0.203
06 Jul 2025 03:03:45,0.201
06 Jul 2025 03:04:45,0.207
06 Jul 2025 03:05:00,0.187
06 Jul 2025 03:05:15,0.199
06 Jul 2025 03:05:30,0.203
06 Jul 2025 03:06:00,0.189
06 Jul 2025 03:06:30,0.206
06 Jul 2025 03:07:00,0.225
06 Jul 2025 03:07:30,0.191
06 Jul 2025 03:08:45,0.213
06 Jul 2025 03:09:00,0.228
06 Jul 2025 03:09:15,0.214
06 Jul 2025 03:10:00,0.186
06 Jul 2025 03:10:30,0.199
06 Jul 2025 03:11:30,0.179
06 Jul 2025 03:11:45,0.219
06 Jul 2025 03:12:00,0.207
06 Jul 2025 03:12:30,0.213
06 Jul 2025 03:13:00,0.230
06 Jul 2025 03:13:15,0.217
06 Jul 2025 03:14:00,0.190
06 Jul 2025 03:14:15,0.217
06 Jul 2025 03:15:00,0.236
06 Jul 2025 03:15:45,0.162
06 Jul 2025 03:16:15,0.214
06 Jul 2025 03:16:30,0.239
06 Jul 2025 03:17:00,0.200
06 Jul 2025 03:17:30,0.217
06 Jul 2025 03:17:45,0.221
06 Jul 2025 03:18:00,0.188
06 Jul 2025 03:18:15,0.209
06 Jul 2025 03:18:45,0.183
06 Jul 2025 03:19:00,0.200
06 Jul 2025 03:19:15,0.179
06 Jul 2025 03:19:30,0.205
06 Jul 2025 03:19:45,0.188
06 Jul 2025 03:20:00,0.203
06 Jul 2025 03:20:15,0.222
06 Jul 2025 03:20:30,0.188
06 Jul 2025 03:21:00,0.192
06 Jul 2025 03:22:00,0.238
06 Jul 2025 03:22:15,0.166
06 Jul 2025 03:23:00,0.192
06 Jul 2025 03:23:15,0.226
06 Jul 2025 03:23:45,0.181
06 Jul 2025 03:24:15,0.217
06 Jul 2025 03:24:30,0.222
06 Jul 2025 03:25:00,0.222
06 Jul 2025 03:25:30,0.202
06 Jul 2025 03:26:00,0.214
06 Jul 2025 03:26:30,0.194
06 Jul 2025 03:27:15,0.241
06 Jul 2025 03:28:15,0.216
06 Jul 2025 03:29:00,0.204
06 Jul 2025 03:29:15,0.195
06 Jul 2025 03:29:45,0.224
06 Jul 2025 03:30:15,0.222
06 Jul 2025 03:30:45,0.160
06 Jul 2025 03:32:45,0.213
06 Jul 2025 03:33:00,0.192
06 Jul 2025 03:33:45,0.193
06 Jul 2025 03:34:15,0.184
06 Jul 2025 03:36:00,0.230
06 Jul 2025 03:36:30,0.200
06 Jul 2025 03:38:00,0.176
06 Jul 2025 03:38:30,0.200
06 Jul 2025 03:38:45,0.205
06 Jul 2025 03:39:30,0.221
06 Jul 2025 03:40:00,0.214
06 Jul 2025 03:40:30,0.182
06 Jul 2025 03:40:45,0.209
06 Jul 2025 03:41:00,0.202
06 Jul 2025 03:41:15,0.199
06 Jul 2025 03:42:45,0.240
06 Jul 2025 03:43:15,0.188
06 Jul 2025 03:43:45,0.200
06 Jul 2025 03:44:30,0.225
06 Jul 2025 03:45:15,0.206
06 Jul 2025 03:46:00,0.236
06 Jul 2025 03:47:00,0.201
06 Jul 2025 03:47:15,0.176
06 Jul 2025 03:47:30,0.217
06 Jul 2025 03:48:30,0.196
06 Jul 2025 03:49:00,0.221
06 Jul 2025 03:49:15,0.215
06 Jul 2025 03:50:00,0.194
06 Jul 2025 03:50:30,0.184
06 Jul 2025 03:51:15,0.232
06 Jul 2025 03:52:00,0.234
06 Jul 2025 03:52:15,0.209
06 Jul 2025 03:53:00,0.213
06 Jul 2025 03:53:30,0.211
06 Jul 2025 03:54:00,0.205
06 Jul 2025 03:54:45,0.215
06 Jul 2025 03:55:00,0.218
06 Jul 2025 03:55:15,0.203
06 Jul 2025 03:55:45,0.206
06 Jul 2025 03:56:00,0.250
06 Jul 2025 03:56:15,0.199
06 Jul 2025 03:56:45,0.201
06 Jul 2025 03:57:00,0.206
06 Jul 2025 03:57:15,0.211
06 Jul 2025 03:57:30,0.225
06 Jul 2025 03:57:45,0.209
06 Jul 2025 03:58:00,0.212
06 Jul 2025 03:58:15,0.211
06 Jul 2025 03:58:30,0.188
06 Jul 2025 03:59:00,0.204
06 Jul 2025 03:59:15,0.216
06 Jul 2025 04:00:45,0.235
06 Jul 2025 04:01:00,0.170
06 Jul 2025 04:01:15,0.202
06 Jul 2025 04:01:30,0.184
06 Jul 2025 04:02:15,0.202
06 Jul 2025 04:02:30,0.222
06 Jul 2025 04:02:45,0.218
06 Jul 2025 04:03:45,0.241
06 Jul 2025 04:04:00,0.221
06 Jul 2025 04:05:00,0.194
06 Jul 2025 04:05:45,0.216
06 Jul 2025 04:06:15,0.201
06 Jul 2025 04:06:30,0.217
06 Jul 2025 04:07:00,0.175
06 Jul 2025 04:07:30,0.174
06 Jul 2025 04:07:45,0.212
06 Jul 2025 04:08:00,0.185
06 Jul 2025 04:08:45,0.174
06 Jul 2025 04:09:30,0.225
06 Jul 2025 04:09:45,0.210
06 Jul 2025 04:10:00,0.214
06 Jul 2025 04:11:00,0.230
06 Jul 2025 04:11:15,0.195
06 Jul 2025 04:11:45,0.199
06 Jul 2025 04:12:00,0.216
06 Jul 2025 04:12:30,0.186
06 Jul 2025 04:12:45,0.180
06 Jul 2025 04:13:00,0.218
06 Jul 2025 04:14:00,0.207
06 Jul 2025 04:14:15,0.197
06 Jul 2025 04:14:30,0.214
06 Jul 2025 04:14:45,0.228
06 Jul 2025 04:15:00,0.223
06 Jul 2025 04:17:00,0.206
06 Jul 2025 04:18:15,0.213
06 Jul 2025 04:19:00,0.216
06 Jul 2025 04:20:00,0.222
06 Jul 2025 04:20:30,0.204
06 Jul 2025 04:20:45,0.217
06 Jul 2025 04:21:45,0.198
06 Jul 2025 04:22:00,0.201
06 Jul 2025 04:22:30,0.209
06 Jul 2025 04:23:15,0.212
06 Jul 2025 04:23:45,0.228
06 Jul 2025 04:24:00,0.184
06 Jul 2025 04:25:30,0.227
06 Jul 2025 04:25:45,0.194
06 Jul 2025 04:26:15,0.203
06 Jul 2025 04:26:30,0.214
06 Jul 2025 04:26:45,0.220
06 Jul 2025 04:27:30,0.213
06 Jul 2025 04:27:45,0.206
06 Jul 2025 04:28:00,0.191
06 Jul 2025 04:28:30,0.223
06 Jul 2025 04:30:00,0.205
06 Jul 2025 04:31:00,0.246
06 Jul 2025 04:32:15,0.190
06 Jul 2025 04:33:00,0.199
06 Jul 2025 04:34:00,0.203
06 Jul 2025 04:34:15,0.227
06 Jul 2025 04:35:00,0.158
06 Jul 2025 04:35:30,0.229
06 Jul 2025 04:35:45,0.183
06 Jul 2025 04:36:00,0.201
06 Jul 2025 04:36:45,0.199
06 Jul 2025 04:37:00,0.192
06 Jul 2025 04:37:30,0.210
06 Jul 2025 04:37:45,0.193
06 Jul 2025 04:38:15,0.188
06 Jul 2025 04:38:30,0.237
06 Jul 2025 04:38:45,0.206
06 Jul 2025 04:39:00,0.224
06 Jul 2025 04:39:15,0.187
06 Jul 2025 04:39:30,0.214
06 Jul 2025 04:40:15,0.162
06 Jul 2025 04:41:45,0.210
06 Jul 2025 04:42:00,0.194
06 Jul 2025 04:42:45,0.213
06 Jul 2025 04:43:15,0.214
06 Jul 2025 04:43:30,0.191
06 Jul 2025 04:44:00,0.192
06 Jul 2025 04:45:00,0.238
06 Jul 2025 04:45:30,0.185
06 Jul 2025 04:46:00,0.220
06 Jul 2025 04:47:30,0.199
06 Jul 2025 04:48:00,0.205
06 Jul 2025 04:48:45,0.216
06 Jul 2025 04:49:30,0.185
06 Jul 2025 04:50:45,0.202
06 Jul 2025 04:51:15,0.169
06 Jul 2025 04:52:15,0.235
06 Jul 2025 04:52:30,0.224
06 Jul 2025 04:52:45,0.170
06 Jul 2025 04:53:15,0.210
06 Jul 2025 04:53:45,0.176
06 Jul 2025 04:54:00,0.228
06 Jul 2025 04:54:30,0.195
06 Jul 2025 04:55:00,0.186
06 Jul 2025 04:55:15,0.223
06 Jul 2025 04:55:30,0.140
06 Jul 2025 04:56:30,0.216
06 Jul 2025 04:57:00,0.227
06 Jul 2025 04:57:15,0.200
06 Jul 2025 04:57:30,0.198
06 Jul 2025 04:58:00,0.180
06 Jul 2025 04:58:45,0.190
06 Jul 2025 04:59:15,0.178
06 Jul 2025 04:59:30,0.196
06 Jul 2025 05:00:30,0.158
06 Jul 2025 05:01:15,0.179
06 Jul 2025 05:01:30,0.214
06 Jul 2025 05:01:45,0.187
06 Jul 2025 05:02:00,0.185
06 Jul 2025 05:03:30,0.153
06 Jul 2025 05:03:45,0.177
06 Jul 2025 05:04:00,0.202
06 Jul 2025 05:04:30,0.218
06 Jul 2025 05:04:45,0.216
06 Jul 2025 05:05:15,0.134
06 Jul 2025 05:05:45,0.190
06 Jul 2025 05:06:15,0.212
06 Jul 2025 05:07:00,0.200
06 Jul 2025 05:08:00,0.206
06 Jul 2025 05:08:15,0.162
06 Jul 2025 05:08:45,0.213
06 Jul 2025 05:09:00,0.154
06 Jul 2025 05:09:30,0.226
06 Jul 2025 05:09:45,0.161
06 Jul 2025 05:10:15,0.217
06 Jul 2025 05:10:30,0.189
06 Jul 2025 05:10:45,0.181
06 Jul 2025 05:11:00,0.214
06 Jul 2025 05:12:15,0.160
06 Jul 2025 05:14:00,0.215
06 Jul 2025 05:14:15,0.188
06 Jul 2025 05:14:30,0.174
06 Jul 2025 05:15:00,0.192
06 Jul 2025 05:15:45,0.189
06 Jul 2025 05:16:00,0.181
06 Jul 2025 05:16:15,0.204
06 Jul 2025 05:16:30,0.196
06 Jul 2025 05:16:45,0.218
06 Jul 2025 05:17:00,0.187
06 Jul 2025 05:17:30,0.147
06 Jul 2025 05:17:45,0.190
06 Jul 2025 05:18:00,0.173
06 Jul 2025 05:18:15,0.216
06 Jul 2025 05:20:30,0.217
06 Jul 2025 05:20:45,0.185
06 Jul 2025 05:21:00,0.202
06 Jul 2025 05:21:15,0.193
06 Jul 2025 05:21:45,0.186
06 Jul 2025 05:22:00,0.174
06 Jul 2025 05:23:30,0.178
06 Jul 2025 05:24:15,0.200
06 Jul 2025 05:24:45,0.173
06 Jul 2025 05:25:00,0.198
06 Jul 2025 05:26:30,0.175
06 Jul 2025 05:26:45,0.203
06 Jul 2025 05:27:45,0.188
06 Jul 2025 05:28:00,0.177
06 Jul 2025 05:28:15,0.173
06 Jul 2025 05:29:15,0.170
06 Jul 2025 05:30:30,0.191
06 Jul 2025 05:30:45,0.202
06 Jul 2025 05:31:00,0.221
06 Jul 2025 05:31:30,0.168
06 Jul 2025 05:32:15,0.175
06 Jul 2025 05:32:45,0.204
06 Jul 2025 05:34:15,0.260
06 Jul 2025 05:35:30,0.203
06 Jul 2025 05:35:45,0.135
06 Jul 2025 05:36:15,0.198
06 Jul 2025 05:36:45,0.158
06 Jul 2025 05:37:30,0.163
06 Jul 2025 05:38:00,0.196
06 Jul 2025 05:38:15,0.149
06 Jul 2025 05:39:00,0.217
06 Jul 2025 05:39:15,0.166
06 Jul 2025 05:39:30,0.188
06 Jul 2025 05:40:00,0.203
06 Jul 2025 05:40:45,0.174
06 Jul 2025 05:41:15,0.201
06 Jul 2025 05:41:30,0.188
06 Jul 2025 05:42:00,0.206
06 Jul 2025 05:42:15,0.188
06 Jul 2025 05:42:30,0.219
06 Jul 2025 05:43:00,0.168
06 Jul 2025 05:43:15,0.191
06 Jul 2025 05:43:30,0.209
06 Jul 2025 05:44:00,0.199
06 Jul 2025 05:44:15,0.188
06 Jul 2025 05:44:45,0.142
06 Jul 2025 05:46:15,0.192
06 Jul 2025 05:46:30,0.152
06 Jul 2025 05:46:45,0.183
06 Jul 2025 05:47:45,0.188
06 Jul 2025 05:48:00,0.177
06 Jul 2025 05:48:30,0.179
06 Jul 2025 05:49:15,0.143
06 Jul 2025 05:50:00,0.213
06 Jul 2025 05:51:00,0.177
06 Jul 2025 05:51:30,0.183
06 Jul 2025 05:51:45,0.185
06 Jul 2025 05:52:15,0.165
06 Jul 2025 05:52:30,0.141
06 Jul 2025 05:52:45,0.149
06 Jul 2025 05:54:00,0.153
06 Jul 2025 05:54:15,0.167
06 Jul 2025 05:55:00,0.200
06 Jul 2025 05:55:15,0.142
06 Jul 2025 05:55:45,0.190
06 Jul 2025 05:56:00,0.149
06 Jul 2025 05:56:45,0.152
06 Jul 2025 05:57:15,0.155
06 Jul 2025 05:57:45,0.184
06 Jul 2025 05:58:00,0.191
06 Jul 2025 05:58:30,0.233
06 Jul 2025 05:59:15,0.158
06 Jul 2025 06:00:00,0.221
06 Jul 2025 06:00:45,0.181
06 Jul 2025 06:01:15,0.157
06 Jul 2025 06:01:30,0.165
06 Jul 2025 06:01:45,0.193
06 Jul 2025 06:03:00,0.173
06 Jul 2025 06:03:15,0.176
06 Jul 2025 06:03:45,0.209
06 Jul 2025 06:04:15,0.161
06 Jul 2025 06:04:45,0.217
06 Jul 2025 06:05:00,0.185
06 Jul 2025 06:05:30,0.183
06 Jul 2025 06:06:15,0.161
06 Jul 2025 06:06:30,0.156
06 Jul 2025 06:08:00,0.101
06 Jul 2025 06:08:15,0.168
06 Jul 2025 06:08:30,0.163
06 Jul 2025 06:09:15,0.194
06 Jul 2025 06:09:30,0.170
06 Jul 2025 06:09:45,0.192
06 Jul 2025 06:10:30,0.183
06 Jul 2025 06:10:45,0.208
06 Jul 2025 06:11:15,0.208
06 Jul 2025 06:11:45,0.174
06 Jul 2025 06:12:00,0.191
06 Jul 2025 06:12:30,0.153
06 Jul 2025 06:13:00,0.132
06 Jul 2025 06:13:15,0.205
06 Jul 2025 06:13:45,0.159
06 Jul 2025 06:15:15,0.154
06 Jul 2025 06:15:45,0.180
06 Jul 2025 06:17:15,0.141
06 Jul 2025 06:17:30,0.154
06 Jul 2025 06:18:45,0.136
06 Jul 2025 06:20:00,0.149
06 Jul 2025 06:20:30,0.194
06 Jul 2025 06:21:15,0.172
06 Jul 2025 06:22:00,0.181
06 Jul 2025 06:22:15,0.167
06 Jul 2025 06:22:30,0.156
06 Jul 2025 06:22:45,0.161
06 Jul 2025 06:23:30,0.184
06 Jul 2025 06:24:00,0.182
06 Jul 2025 06:24:45,0.181
06 Jul 2025 06:26:15,0.159
06 Jul 2025 06:26:45,0.138
06 Jul 2025 06:27:15,0.176
06 Jul 2025 06:28:15,0.150
06 Jul 2025 06:28:45,0.175
06 Jul 2025 06:29:30,0.173
06 Jul 2025 06:29:45,0.118
06 Jul 2025 06:30:15,0.185
06 Jul 2025 06:32:00,0.142
06 Jul 2025 06:32:30,0.142
06 Jul 2025 06:32:45,0.132
06 Jul 2025 06:33:30,0.184
06 Jul 2025 06:33:45,0.149
06 Jul 2025 06:34:00,0.144
06 Jul 2025 06:34:15,0.170
06 Jul 2025 06:35:00,0.172
06 Jul 2025 06:36:00,0.157
06 Jul 2025 06:36:30,0.177
06 Jul 2025 06:37:30,0.139
06 Jul 2025 06:38:00,0.138
06 Jul 2025 06:38:30,0.156
06 Jul 2025 06:39:30,0.178
06 Jul 2025 06:40:00,0.120
06 Jul 2025 06:41:15,0.158
06 Jul 2025 06:41:30,0.144
06 Jul 2025 06:41:45,0.173
06 Jul 2025 06:42:00,0.161
06 Jul 2025 06:42:15,0.173
06 Jul 2025 06:42:30,0.146
06 Jul 2025 06:42:45,0.131
06 Jul 2025 06:43:00,0.177
06 Jul 2025 06:43:30,0.166
06 Jul 2025 06:43:45,0.153
06 Jul 2025 06:44:15,0.147
06 Jul 2025 06:44:30,0.170
06 Jul 2025 06:45:15,0.149
06 Jul 2025 06:45:45,0.163
06 Jul 2025 06:46:00,0.172
06 Jul 2025 06:46:15,0.129
06 Jul 2025 06:46:45,0.167
06 Jul 2025 06:47:00,0.136
06 Jul 2025 06:47:15,0.136
06 Jul 2025 06:47:30,0.131
06 Jul 2025 06:48:00,0.146
06 Jul 2025 06:48:15,0.166
06 Jul 2025 06:49:15,0.148
06 Jul 2025 06:49:45,0.123
06 Jul 2025 06:50:15,0.180
06 Jul 2025 06:51:00,0.129
06 Jul 2025 06:51:15,0.121
06 Jul 2025 06:51:45,0.169
06 Jul 2025 06:52:00,0.132
06 Jul 2025 06:52:15,0.134
06 Jul 2025 06:52:45,0.133
06 Jul 2025 06:53:15,0.157
06 Jul 2025 06:54:45,0.175
06 Jul 2025 06:55:00,0.125
06 Jul 2025 06:55:15,0.193
06 Jul 2025 06:55:30,0.191
06 Jul 2025 06:55:45,0.140
06 Jul 2025 06:56:00,0.148
06 Jul 2025 06:56:30,0.155
06 Jul 2025 06:56:45,0.150
06 Jul 2025 06:57:00,0.148
06 Jul 2025 06:57:30,0.126
06 Jul 2025 06:57:45,0.099
06 Jul 2025 06:58:45,0.138
06 Jul 2025 06:59:15,0.130
06 Jul 2025 06:59:45,0.117
06 Jul 2025 07:00:15,0.157
06 Jul 2025 07:00:45,0.129
06 Jul 2025 07:02:00,0.135
06 Jul 2025 07:02:15,0.172
06 Jul 2025 07:02:30,0.161
06 Jul 2025 07:02:45,0.111
06 Jul 2025 07:03:15,0.151
06 Jul 2025 07:03:45,0.129
06 Jul 2025 07:04:00,0.104
06 Jul 2025 07:05:15,0.153
06 Jul 2025 07:06:30,0.143
06 Jul 2025 07:07:00,0.126
06 Jul 2025 07:07:30,0.133
06 Jul 2025 07:07:45,0.120
06 Jul 2025 07:08:15,0.152
06 Jul 2025 07:08:45,0.133
06 Jul 2025 07:09:15,0.133
06 Jul 2025 07:09:30,0.166
06 Jul 2025 07:10:00,0.153
06 Jul 2025 07:10:15,0.119
06 Jul 2025 07:10:45,0.116
06 Jul 2025 07:11:15,0.162
06 Jul 2025 07:12:00,0.141
06 Jul 2025 07:12:45,0.155
06 Jul 2025 07:13:00,0.139
06 Jul 2025 07:13:45,0.096
06 Jul 2025 07:14:15,0.145
06 Jul 2025 07:14:30,0.079
06 Jul 2025 07:14:45,0.142
06 Jul 2025 07:15:00,0.176
06 Jul 2025 07:16:15,0.060
06 Jul 2025 07:16:30,0.138
06 Jul 2025 07:16:45,0.133
06 Jul 2025 07:17:00,0.163
06 Jul 2025 07:17:45,0.152
06 Jul 2025 07:18:15,0.134
06 Jul 2025 07:18:30,0.128
06 Jul 2025 07:18:45,0.123
06 Jul 2025 07:19:00,0.118
06 Jul 2025 07:20:00,0.098
06 Jul 2025 07:20:15,0.109
06 Jul 2025 07:20:45,0.123
06 Jul 2025 07:21:15,0.149
06 Jul 2025 07:21:30,0.089
06 Jul 2025 07:21:45,0.129
06 Jul 2025 07:22:15,0.138
06 Jul 2025 07:22:30,0.119
06 Jul 2025 07:23:15,0.128
06 Jul 2025 07:23:30,0.139
06 Jul 2025 07:24:15,0.089
06 Jul 2025 07:24:30,0.151
06 Jul 2025 07:24:45,0.123
06 Jul 2025 07:25:15,0.136
06 Jul 2025 07:25:30,0.081
06 Jul 2025 07:25:45,0.128
06 Jul 2025 07:26:15,0.135
06 Jul 2025 07:26:45,0.110
06 Jul 2025 07:27:30,0.144
06 Jul 2025 07:27:45,0.119
06 Jul 2025 07:28:00,0.122
06 Jul 2025 07:29:00,0.129
06 Jul 2025 07:29:15,0.120
06 Jul 2025 07:29:30,0.108
06 Jul 2025 07:30:15,0.129
06 Jul 2025 07:30:30,0.112
06 Jul 2025 07:30:45,0.128
06 Jul 2025 07:31:00,0.125
06 Jul 2025 07:31:15,0.121
06 Jul 2025 07:31:30,0.103
06 Jul 2025 07:32:00,0.134
06 Jul 2025 07:32:15,0.087
06 Jul 2025 07:32:30,0.132
06 Jul 2025 07:32:45,0.126
06 Jul 2025 07:33:00,0.124
06 Jul 2025 07:33:15,0.132
06 Jul 2025 07:33:30,0.118
06 Jul 2025 07:33:45,0.130
06 Jul 2025 07:34:30,0.107
06 Jul 2025 07:34:45,0.161
06 Jul 2025 07:35:00,0.120
06 Jul 2025 07:35:15,0.097
06 Jul 2025 07:36:15,0.113
06 Jul 2025 07:37:15,0.141
06 Jul 2025 07:37:45,0.139
06 Jul 2025 07:39:45,0.133
06 Jul 2025 07:40:00,0.149
06 Jul 2025 07:40:45,0.072
06 Jul 2025 07:41:00,0.116
06 Jul 2025 07:41:15,0.111
06 Jul 2025 07:41:30,0.115
06 Jul 2025 07:41:45,0.102
06 Jul 2025 07:42:15,0.113
06 Jul 2025 07:43:00,0.117
06 Jul 2025 07:43:15,0.143
06 Jul 2025 07:43:30,0.128
06 Jul 2025 07:44:15,0.086
06 Jul 2025 07:44:45,0.115
06 Jul 2025 07:45:45,0.130
06 Jul 2025 07:46:00,0.095
06 Jul 2025 07:47:00,0.106
06 Jul 2025 07:47:45,0.112
06 Jul 2025 07:49:00,0.112
06 Jul 2025 07:49:15,0.133
06 Jul 2025 07:49:30,0.111
06 Jul 2025 07:49:45,0.114
06 Jul 2025 07:50:15,0.104
06 Jul 2025 07:51:30,0.116
06 Jul 2025 07:52:15,0.139
06 Jul 2025 07:52:30,0.127
06 Jul 2025 07:53:15,0.047
06 Jul 2025 07:53:30,0.006
06 Jul 2025 07:53:45,0.047
06 Jul 2025 07:54:15,0.091
06 Jul 2025 07:54:30,0.142
06 Jul 2025 07:55:45,0.082
06 Jul 2025 07:56:45,0.104
06 Jul 2025 07:57:00,0.105
06 Jul 2025 07:57:30,0.067
06 Jul 2025 07:57:45,0.095
06 Jul 2025 07:58:30,0.102
06 Jul 2025 07:58:45,0.124
06 Jul 2025 07:59:00,0.095
06 Jul 2025 07:59:15,0.111
06 Jul 2025 07:59:30,0.128
06 Jul 2025 08:00:30,0.090
06 Jul 2025 08:01:00,0.054
06 Jul 2025 08:01:15,0.126
06 Jul 2025 08:01:30,0.131
06 Jul 2025 08:01:45,0.112
06 Jul 2025 08:02:00,0.106
06 Jul 2025 08:02:15,0.096
06 Jul 2025 08:03:15,0.110
06 Jul 2025 08:03:45,0.095
06 Jul 2025 08:04:00,0.072
06 Jul 2025 08:04:15,0.125
06 Jul 2025 08:04:45,0.107
06 Jul 2025 08:05:00,0.093
06 Jul 2025 08:05:30,0.137
06 Jul 2025 08:05:45,0.109
06 Jul 2025 08:06:45,0.120
06 Jul 2025 08:08:00,0.088
06 Jul 2025 08:08:15,0.113
06 Jul 2025 08:08:45,0.114
06 Jul 2025 08:09:00,0.120
06 Jul 2025 08:09:15,0.089
06 Jul 2025 08:09:30,0.072
06 Jul 2025 08:09:45,0.122
06 Jul 2025 08:10:15,0.099
06 Jul 2025 08:10:30,0.130
06 Jul 2025 08:10:45,0.107
06 Jul 2025 08:11:15,0.148
06 Jul 2025 08:11:30,0.065
06 Jul 2025 08:11:45,0.104
06 Jul 2025 08:12:30,0.146
06 Jul 2025 08:13:00,0.116
06 Jul 2025 08:13:15,0.106
06 Jul 2025 08:13:30,0.097
06 Jul 2025 08:15:00,0.135
06 Jul 2025 08:15:15,0.050
06 Jul 2025 08:15:45,0.106
06 Jul 2025 08:16:00,0.121
06 Jul 2025 08:16:30,0.091
06 Jul 2025 08:16:45,0.103
06 Jul 2025 08:17:30,0.110
06 Jul 2025 08:17:45,0.111
06 Jul 2025 08:18:00,0.098
06 Jul 2025 08:18:15,0.108
06 Jul 2025 08:18:45,0.094
06 Jul 2025 08:19:45,0.082
06 Jul 2025 08:20:15,0.089
06 Jul 2025 08:20:30,0.091
06 Jul 2025 08:22:45,0.114
06 Jul 2025 08:23:30,0.065
06 Jul 2025 08:24:15,0.089
06 Jul 2025 08:25:00,0.116
06 Jul 2025 08:25:15,0.079
06 Jul 2025 08:25:45,0.104
06 Jul 2025 08:26:00,0.071
06 Jul 2025 08:26:15,0.115
06 Jul 2025 08:26:45,0.107
06 Jul 2025 08:28:00,0.071
06 Jul 2025 08:28:15,0.073
06 Jul 2025 08:28:30,0.087
06 Jul 2025 08:29:15,0.066
06 Jul 2025 08:30:00,0.095
06 Jul 2025 08:30:15,0.069
06 Jul 2025 08:30:30,0.067
06 Jul 2025 08:30:45,0.075
06 Jul 2025 08:31:00,0.111
06 Jul 2025 08:31:15,0.068
06 Jul 2025 08:31:30,0.092
06 Jul 2025 08:31:45,0.110
06 Jul 2025 08:32:15,0.085
06 Jul 2025 08:32:30,0.034
06 Jul 2025 08:33:00,0.078
06 Jul 2025 08:33:30,0.060
06 Jul 2025 08:34:00,0.069
06 Jul 2025 08:34:30,0.084
06 Jul 2025 08:34:45,0.087
06 Jul 2025 08:36:30,0.099
06 Jul 2025 08:36:45,0.081
06 Jul 2025 08:37:00,0.075
06 Jul 2025 08:37:15,0.067
06 Jul 2025 08:37:45,0.116
06 Jul 2025 08:38:45,0.090
06 Jul 2025 08:39:45,0.143
06 Jul 2025 08:40:15,0.092
06 Jul 2025 08:41:00,0.073
06 Jul 2025 08:41:30,0.099
06 Jul 2025 08:42:30,0.091
06 Jul 2025 08:43:00,0.075
06 Jul 2025 08:43:15,0.044
06 Jul 2025 08:44:15,0.108
06 Jul 2025 08:44:45,0.076
06 Jul 2025 08:45:15,0.072
06 Jul 2025 08:45:45,0.073
06 Jul 2025 08:46:00,0.093
06 Jul 2025 08:46:30,0.112
06 Jul 2025 08:47:00,0.036
06 Jul 2025 08:47:15,-0.061
06 Jul 2025 08:47:30,0.066
06 Jul 2025 08:47:45,0.101
06 Jul 2025 08:48:00,0.089
06 Jul 2025 08:48:30,0.079
06 Jul 2025 08:48:45,0.159
06 Jul 2025 08:49:00,0.123
06 Jul 2025 08:49:30,0.047
06 Jul 2025 08:49:45,0.096
06 Jul 2025 08:50:00,0.098
06 Jul 2025 08:50:15,0.048
06 Jul 2025 08:50:30,0.095
06 Jul 2025 08:51:00,0.001
06 Jul 2025 08:51:45,0.060
06 Jul 2025 08:52:15,0.098
06 Jul 2025 08:53:00,0.106
06 Jul 2025 08:53:15,0.125
06 Jul 2025 08:53:45,0.092
06 Jul 2025 08:54:00,0.103
06 Jul 2025 08:54:15,0.033
06 Jul 2025 08:54:30,0.032
06 Jul 2025 08:54:45,0.094
06 Jul 2025 08:55:30,0.109
06 Jul 2025 08:56:45,0.073
06 Jul 2025 08:57:15,0.081
06 Jul 2025 08:57:30,0.086
06 Jul 2025 08:58:15,0.081
06 Jul 2025 08:58:30,0.125
06 Jul 2025 08:59:15,0.074
06 Jul 2025 08:59:30,0.047
06 Jul 2025 09:00:15,0.080
06 Jul 2025 09:00:30,0.049
06 Jul 2025 09:00:45,0.117
06 Jul 2025 09:01:15,0.057
06 Jul 2025 09:01:30,0.065
06 Jul 2025 09:02:00,0.081
06 Jul 2025 09:02:45,0.054
06 Jul 2025 09:03:00,0.085
06 Jul 2025 09:03:15,0.036
06 Jul 2025 09:03:45,0.074
06 Jul 2025 09:04:15,0.132
06 Jul 2025 09:04:30,0.094
06 Jul 2025 09:05:15,0.046
06 Jul 2025 09:05:45,0.067
06 Jul 2025 09:06:00,0.058
06 Jul 2025 09:06:15,0.031
06 Jul 2025 09:06:45,0.116
06 Jul 2025 09:07:00,0.076
06 Jul 2025 09:08:30,0.058
06 Jul 2025 09:08:45,0.114
06 Jul 2025 09:09:15,0.060
06 Jul 2025 09:09:45,0.068
06 Jul 2025 09:10:00,0.033
06 Jul 2025 09:10:30,0.095
06 Jul 2025 09:10:45,0.101
06 Jul 2025 09:11:00,0.092
06 Jul 2025 09:11:15,0.046
06 Jul 2025 09:11:30,0.065
06 Jul 2025 09:11:45,0.069
06 Jul 2025 09:12:30,0.063
06 Jul 2025 09:13:00,0.053
06 Jul 2025 09:13:15,0.044
06 Jul 2025 09:14:15,0.028
06 Jul 2025 09:14:45,0.083
06 Jul 2025 09:15:00,0.058
06 Jul 2025 09:15:30,0.109
06 Jul 2025 09:15:45,0.093
06 Jul 2025 09:16:00,0.102
06 Jul 2025 09:16:45,0.094
06 Jul 2025 09:17:00,0.099
06 Jul 2025 09:17:30,0.051
06 Jul 2025 09:20:00,0.051
06 Jul 2025 09:20:30,0.031
06 Jul 2025 09:23:00,0.050
06 Jul 2025 09:23:15,0.116
06 Jul 2025 09:23:45,0.091
06 Jul 2025 09:24:15,0.050
06 Jul 2025 09:25:00,0.056
06 Jul 2025 09:25:30,0.052
06 Jul 2025 09:26:00,0.054
06 Jul 2025 09:26:15,0.076
06 Jul 2025 09:26:30,0.007
06 Jul 2025 09:27:00,0.055
06 Jul 2025 09:27:15,0.024
06 Jul 2025 09:28:00,0.058
06 Jul 2025 09:28:15,0.085
06 Jul 2025 09:28:30,0.079
06 Jul 2025 09:29:00,0.091
06 Jul 2025 09:29:15,0.067
06 Jul 2025 09:29:30,0.107
06 Jul 2025 09:30:00,0.047
06 Jul 2025 09:30:15,0.080
06 Jul 2025 09:30:30,0.080
06 Jul 2025 09:30:45,0.066
06 Jul 2025 09:31:00,0.055
06 Jul 2025 09:31:15,0.060
06 Jul 2025 09:31:45,0.011
06 Jul 2025 09:32:15,0.041
06 Jul 2025 09:33:15,0.072
06 Jul 2025 09:33:45,0.090
06 Jul 2025 09:34:00,0.073
06 Jul 2025 09:34:30,0.045
06 Jul 2025 09:35:15,0.070
06 Jul 2025 09:35:30,0.123
06 Jul 2025 09:35:45,0.052
06 Jul 2025 09:36:00,0.107
06 Jul 2025 09:36:30,0.078
06 Jul 2025 09:36:45,0.048
06 Jul 2025 09:37:00,0.076
06 Jul 2025 09:37:15,0.062
06 Jul 2025 09:37:45,0.052
06 Jul 2025 09:39:00,0.081
06 Jul 2025 09:39:30,0.061
06 Jul 2025 09:40:45,0.090
06 Jul 2025 09:41:30,0.085
06 Jul 2025 09:41:45,0.066
06 Jul 2025 09:42:30,0.038
06 Jul 2025 09:43:00,0.099
06 Jul 2025 09:43:15,0.081
06 Jul 2025 09:44:45,0.072
06 Jul 2025 09:45:15,0.031
06 Jul 2025 09:46:00,0.055
06 Jul 2025 09:46:15,0.029
06 Jul 2025 09:46:30,0.071
06 Jul 2025 09:47:15,0.059
06 Jul 2025 09:47:45,0.043
06 Jul 2025 09:48:30,0.071
06 Jul 2025 09:48:45,0.057
06 Jul 2025 09:49:30,0.104
06 Jul 2025 09:50:00,0.079
06 Jul 2025 09:50:30,0.039
06 Jul 2025 09:51:00,0.085
06 Jul 2025 09:51:15,0.054
06 Jul 2025 09:51:45,0.076
06 Jul 2025 09:52:15,0.077
06 Jul 2025 09:52:45,0.010
06 Jul 2025 09:53:00,0.112
06 Jul 2025 09:53:30,0.099
06 Jul 2025 09:53:45,0.063
06 Jul 2025 09:54:00,0.035
06 Jul 2025 09:54:15,0.060
06 Jul 2025 09:55:00,0.054
06 Jul 2025 09:55:30,0.045
06 Jul 2025 09:56:00,0.047
06 Jul 2025 09:56:45,0.049
06 Jul 2025 09:57:00,0.051
06 Jul 2025 09:58:00,0.070
06 Jul 2025 09:58:30,0.044
06 Jul 2025 09:58:45,0.026
06 Jul 2025 09:59:00,0.067
06 Jul 2025 09:59:15,0.055
06 Jul 2025 10:00:00,0.065
06 Jul 2025 10:00:30,0.079
06 Jul 2025 10:01:00,0.015
06 Jul 2025 10:02:00,0.074
06 Jul 2025 10:02:45,0.019
06 Jul 2025 10:03:30,0.063
06 Jul 2025 10:05:00,0.066
06 Jul 2025 10:05:15,0.012
06 Jul 2025 10:06:00,0.076
06 Jul 2025 10:06:30,0.026
06 Jul 2025 10:07:00,0.031
06 Jul 2025 10:07:15,0.010
06 Jul 2025 10:07:30,0.083
06 Jul 2025 10:08:30,0.040
06 Jul 2025 10:09:00,0.025
06 Jul 2025 10:09:15,0.051
06 Jul 2025 10:09:45,0.031
06 Jul 2025 10:10:15,0.020
06 Jul 2025 10:10:30,0.033
06 Jul 2025 10:10:45,0.056
06 Jul 2025 10:12:00,0.038
06 Jul 2025 10:12:15,0.088
06 Jul 2025 10:12:30,0.099
06 Jul 2025 10:12:45,0.076
06 Jul 2025 10:13:00,0.051
06 Jul 2025 10:13:30,0.077
06 Jul 2025 10:13:45,0.068
06 Jul 2025 10:14:30,0.048
06 Jul 2025 10:15:00,0.058
06 Jul 2025 10:15:45,0.049
06 Jul 2025 10:16:00,0.034
06 Jul 2025 10:16:15,0.086
06 Jul 2025 10:16:30,0.021
06 Jul 2025 10:16:45,0.042
06 Jul 2025 10:17:00,0.037
06 Jul 2025 10:17:30,0.061
06 Jul 2025 10:18:00,0.032
06 Jul 2025 10:18:15,0.004
06 Jul 2025 10:19:00,0.045
06 Jul 2025 10:20:00,0.062
06 Jul 2025 10:20:45,0.049
06 Jul 2025 10:21:00,0.043
06 Jul 2025 10:22:00,0.062
06 Jul 2025 10:22:15,0.034
06 Jul 2025 10:22:45,0.060
06 Jul 2025 10:23:00,0.084
06 Jul 2025 10:23:30,0.064
06 Jul 2025 10:24:00,0.048
06 Jul 2025 10:24:15,0.052
06 Jul 2025 10:25:45,0.036
06 Jul 2025 10:26:00,0.075
06 Jul 2025 10:26:30,0.030
06 Jul 2025 10:26:45,0.065
06 Jul 2025 10:27:45,0.074
06 Jul 2025 10:28:00,0.010
06 Jul 2025 10:28:15,0.074
06 Jul 2025 10:28:30,0.065
06 Jul 2025 10:29:30,0.082
06 Jul 2025 10:30:30,0.063
06 Jul 2025 10:30:45,0.076
06 Jul 2025 10:31:00,0.071
06 Jul 2025 10:31:15,0.083
06 Jul 2025 10:32:30,0.056
06 Jul 2025 10:33:15,0.047
06 Jul 2025 10:33:45,0.031
06 Jul 2025 10:34:00,0.067
06 Jul 2025 10:35:15,0.070
06 Jul 2025 10:35:45,0.061
06 Jul 2025 10:36:30,0.046
06 Jul 2025 10:36:45,0.079
06 Jul 2025 10:37:45,0.046
06 Jul 2025 10:38:15,0.055
06 Jul 2025 10:39:00,0.034
06 Jul 2025 10:39:15,0.075
06 Jul 2025 10:39:30,0.061
06 Jul 2025 10:40:00,0.036
06 Jul 2025 10:40:30,0.074
06 Jul 2025 10:41:15,0.062
06 Jul 2025 10:41:30,0.066
06 Jul 2025 10:42:15,0.019
06 Jul 2025 10:42:45,0.079
06 Jul 2025 10:43:15,0.045
06 Jul 2025 10:43:45,0.006
06 Jul 2025 10:44:30,0.055
06 Jul 2025 10:44:45,0.061
06 Jul 2025 10:45:15,0.046
06 Jul 2025 10:45:30,0.056
06 Jul 2025 10:45:45,0.056
06 Jul 2025 10:46:45,0.082
06 Jul 2025 10:47:00,0.034
06 Jul 2025 10:47:15,0.067
06 Jul 2025 10:47:45,0.024
06 Jul 2025 10:49:15,0.059
06 Jul 2025 10:50:00,0.085
06 Jul 2025 10:50:15,0.069
06 Jul 2025 10:50:30,0.053
06 Jul 2025 10:50:45,0.063
06 Jul 2025 10:51:15,0.025
06 Jul 2025 10:51:30,0.052
06 Jul 2025 10:52:15,0.039
06 Jul 2025 10:52:45,0.026
06 Jul 2025 10:53:15,0.063
06 Jul 2025 10:54:15,0.025
06 Jul 2025 10:54:30,0.065
06 Jul 2025 10:55:00,0.027
06 Jul 2025 10:55:15,0.033
06 Jul 2025 10:56:15,0.055
06 Jul 2025 10:56:30,0.049
06 Jul 2025 10:57:00,0.040
06 Jul 2025 10:57:15,0.043
06 Jul 2025 10:57:30,0.065
06 Jul 2025 10:58:00,0.014
06 Jul 2025 10:58:45,0.023
06 Jul 2025 10:59:45,0.082
06 Jul 2025 11:00:15,0.064
06 Jul 2025 11:00:45,0.050
06 Jul 2025 11:01:00,0.042
06 Jul 2025 11:01:30,0.029
06 Jul 2025 11:02:45,0.062
06 Jul 2025 11:03:45,0.077
06 Jul 2025 11:04:00,0.086
06 Jul 2025 11:04:45,0.071
06 Jul 2025 11:05:00,0.039
06 Jul 2025 11:05:15,0.043
06 Jul 2025 11:05:45,0.079
06 Jul 2025 11:06:15,0.079
06 Jul 2025 11:07:30,0.056
06 Jul 2025 11:08:45,0.078
06 Jul 2025 11:09:30,0.065
06 Jul 2025 11:09:45,0.038
06 Jul 2025 11:10:00,0.040
06 Jul 2025 11:10:45,0.057
06 Jul 2025 11:11:15,0.078
06 Jul 2025 11:11:30,0.071
06 Jul 2025 11:11:45,0.016
06 Jul 2025 11:13:00,0.090
06 Jul 2025 11:13:30,0.061
06 Jul 2025 11:14:00,0.031
06 Jul 2025 11:14:45,0.015
06 Jul 2025 11:15:15,0.031
06 Jul 2025 11:15:45,0.064
06 Jul 2025 11:16:00,0.049
06 Jul 2025 11:16:15,0.065
06 Jul 2025 11:17:00,0.072
06 Jul 2025 11:17:15,0.047
06 Jul 2025 11:17:45,0.097
06 Jul 2025 11:19:00,0.080
06 Jul 2025 11:20:00,0.035
06 Jul 2025 11:20:45,0.070
06 Jul 2025 11:21:00,0.096
06 Jul 2025 11:21:15,0.058
06 Jul 2025 11:21:30,0.058
06 Jul 2025 11:21:45,0.061
06 Jul 2025 11:22:00,0.048
06 Jul 2025 11:22:30,0.039
06 Jul 2025 11:22:45,0.061
06 Jul 2025 11:23:00,0.067
06 Jul 2025 11:23:15,0.058
06 Jul 2025 11:23:30,0.077
06 Jul 2025 11:23:45,0.044
06 Jul 2025 11:24:30,0.046
06 Jul 2025 11:25:15,0.078
06 Jul 2025 11:25:45,0.055
06 Jul 2025 11:26:15,0.086
06 Jul 2025 11:26:30,0.117
06 Jul 2025 11:27:15,0.078
06 Jul 2025 11:27:30,0.056
06 Jul 2025 11:28:00,0.057
06 Jul 2025 11:28:15,0.027
06 Jul 2025 11:28:45,0.086
06 Jul 2025 11:29:15,0.059
06 Jul 2025 11:29:30,0.088
06 Jul 2025 11:29:45,0.012
06 Jul 2025 11:30:00,0.043
06 Jul 2025 11:30:45,0.108
06 Jul 2025 11:31:00,0.049
06 Jul 2025 11:31:30,0.076
06 Jul 2025 11:32:15,0.090
06 Jul 2025 11:33:15,0.034
06 Jul 2025 11:34:00,0.090
06 Jul 2025 11:34:30,0.039
06 Jul 2025 11:35:00,0.100
06 Jul 2025 11:35:15,0.071
06 Jul 2025 11:35:30,0.025
06 Jul 2025 11:35:45,0.078
06 Jul 2025 11:36:00,0.028
06 Jul 2025 11:36:15,0.081
06 Jul 2025 11:36:30,0.047
06 Jul 2025 11:37:00,0.036
06 Jul 2025 11:37:30,0.063
06 Jul 2025 11:38:30,0.089
06 Jul 2025 11:38:45,0.061
06 Jul 2025 11:39:00,0.043
06 Jul 2025 11:40:00,0.092
06 Jul 2025 11:40:15,0.051
06 Jul 2025 11:40:30,0.033
06 Jul 2025 11:41:00,0.060
06 Jul 2025 11:41:15,0.086
06 Jul 2025 11:41:45,0.054
06 Jul 2025 11:42:00,0.067
06 Jul 2025 11:43:15,0.083
06 Jul 2025 11:43:45,0.047
06 Jul 2025 11:44:00,0.117
06 Jul 2025 11:45:00,0.063
06 Jul 2025 11:45:15,0.042
06 Jul 2025 11:45:30,0.060
06 Jul 2025 11:46:00,0.071
06 Jul 2025 11:46:15,0.058
06 Jul 2025 11:46:30,0.024
06 Jul 2025 11:46:45,0.075
06 Jul 2025 11:47:00,0.073
06 Jul 2025 11:48:00,0.041
06 Jul 2025 11:48:15,0.065
06 Jul 2025 11:48:45,0.080
06 Jul 2025 11:49:15,0.062
06 Jul 2025 11:49:45,0.011
06 Jul 2025 11:50:00,0.061
06 Jul 2025 11:50:45,0.034
06 Jul 2025 11:51:30,0.011
06 Jul 2025 11:51:45,0.102
06 Jul 2025 11:52:15,0.081
06 Jul 2025 11:52:45,0.079
06 Jul 2025 11:53:00,0.069
06 Jul 2025 11:53:45,0.049
06 Jul 2025 11:54:00,0.084
06 Jul 2025 11:54:15,0.101
06 Jul 2025 11:55:00,0.117
06 Jul 2025 11:56:15,0.091
06 Jul 2025 11:56:30,0.057
06 Jul 2025 11:56:45,0.048
06 Jul 2025 11:57:00,0.074
06 Jul 2025 11:58:00,0.052
06 Jul 2025 11:58:30,0.083
06 Jul 2025 11:59:00,0.087
06 Jul 2025 11:59:15,0.085
06 Jul 2025 12:00:00,0.063
06 Jul 2025 12:00:15,0.045
06 Jul 2025 12:00:30,0.072
06 Jul 2025 12:00:45,0.052
06 Jul 2025 12:01:30,0.062
06 Jul 2025 12:02:30,0.077
06 Jul 2025 12:02:45,0.070
06 Jul 2025 12:03:30,0.116
06 Jul 2025 12:04:30,0.056
06 Jul 2025 12:04:45,0.120
06 Jul 2025 12:05:00,0.085
06 Jul 2025 12:05:45,0.068
06 Jul 2025 12:06:30,0.085
06 Jul 2025 12:06:45,0.076
06 Jul 2025 12:07:45,0.111
06 Jul 2025 12:08:30,0.100
06 Jul 2025 12:09:00,0.070
06 Jul 2025 12:09:45,0.101
06 Jul 2025 12:10:45,0.085
06 Jul 2025 12:11:15,0.079
06 Jul 2025 12:12:00,0.074
06 Jul 2025 12:12:15,0.071
06 Jul 2025 12:12:30,0.090
06 Jul 2025 12:12:45,0.054
06 Jul 2025 12:13:15,0.058
06 Jul 2025 12:13:30,0.094
06 Jul 2025 12:14:00,0.102
06 Jul 2025 12:14:15,0.080
06 Jul 2025 12:15:30,0.099
06 Jul 2025 12:16:00,0.062
06 Jul 2025 12:16:15,0.064
06 Jul 2025 12:17:00,0.040
06 Jul 2025 12:17:15,0.072
06 Jul 2025 12:17:45,0.057
06 Jul 2025 12:18:30,0.085
06 Jul 2025 12:18:45,0.053
06 Jul 2025 12:19:00,0.056
06 Jul 2025 12:19:30,0.078
06 Jul 2025 12:19:45,0.048
06 Jul 2025 12:20:00,0.099
06 Jul 2025 12:20:45,0.041
06 Jul 2025 12:21:15,0.068
06 Jul 2025 12:21:30,0.041
06 Jul 2025 12:22:00,0.063
06 Jul 2025 12:22:15,0.067
06 Jul 2025 12:22:30,0.061
06 Jul 2025 12:22:45,0.081
06 Jul 2025 12:23:00,0.113
06 Jul 2025 12:23:45,0.058
06 Jul 2025 12:24:00,0.092
06 Jul 2025 12:25:15,0.067
06 Jul 2025 12:25:30,0.033
06 Jul 2025 12:26:15,0.077
06 Jul 2025 12:26:30,0.085
06 Jul 2025 12:26:45,0.123
06 Jul 2025 12:27:15,0.065
06 Jul 2025 12:27:45,0.081
06 Jul 2025 12:28:30,0.073
06 Jul 2025 12:28:45,0.064
06 Jul 2025 12:29:00,0.076
06 Jul 2025 12:29:45,0.108
06 Jul 2025 12:30:30,0.094
06 Jul 2025 12:30:45,0.081
06 Jul 2025 12:31:00,0.079
06 Jul 2025 12:31:15,0.083
06 Jul 2025 12:31:30,0.087
06 Jul 2025 12:32:00,0.099
06 Jul 2025 12:32:15,0.082
06 Jul 2025 12:32:30,0.075
06 Jul 2025 12:32:45,0.087
06 Jul 2025 12:33:15,0.103
06 Jul 2025 12:34:00,0.090
06 Jul 2025 12:34:30,0.092
06 Jul 2025 12:35:15,0.088
06 Jul 2025 12:35:45,0.095
06 Jul 2025 12:36:45,0.104
06 Jul 2025 12:37:15,0.101
06 Jul 2025 12:38:00,0.110
06 Jul 2025 12:38:15,0.091
06 Jul 2025 12:38:45,0.070
06 Jul 2025 12:39:00,0.054
06 Jul 2025 12:39:15,0.095
06 Jul 2025 12:40:00,0.090
06 Jul 2025 12:40:45,0.079
06 Jul 2025 12:41:15,0.108
06 Jul 2025 12:41:30,0.086
06 Jul 2025 12:42:00,0.129
06 Jul 2025 12:43:00,0.085
06 Jul 2025 12:43:15,0.100
06 Jul 2025 12:44:00,0.060
06 Jul 2025 12:44:15,0.056
06 Jul 2025 12:44:45,0.086
06 Jul 2025 12:45:15,0.089
06 Jul 2025 12:45:45,0.089
06 Jul 2025 12:46:00,0.084
06 Jul 2025 12:47:00,0.078
06 Jul 2025 12:47:15,0.073
06 Jul 2025 12:47:45,0.118
06 Jul 2025 12:48:15,0.122
06 Jul 2025 12:49:15,0.115
06 Jul 2025 12:49:30,0.080
06 Jul 2025 12:49:45,0.086
06 Jul 2025 12:50:00,0.068
06 Jul 2025 12:52:00,0.085
06 Jul 2025 12:52:15,0.102
06 Jul 2025 12:52:45,0.088
06 Jul 2025 12:53:45,0.082
06 Jul 2025 12:54:15,0.109
06 Jul 2025 12:54:30,0.092
06 Jul 2025 12:54:45,0.098
06 Jul 2025 12:55:00,0.123
06 Jul 2025 12:55:15,0.057
06 Jul 2025 12:55:30,0.102
06 Jul 2025 12:55:45,0.080
06 Jul 2025 12:56:00,0.110
06 Jul 2025 12:56:15,0.105
06 Jul 2025 12:56:30,0.079
06 Jul 2025 12:56:45,0.083
06 Jul 2025 12:57:15,0.093
06 Jul 2025 12:57:30,0.102
06 Jul 2025 12:57:45,0.087
06 Jul 2025 12:59:00,0.085
06 Jul 2025 12:59:30,0.097
06 Jul 2025 12:59:45,0.078
06 Jul 2025 13:00:00,0.100
06 Jul 2025 13:00:45,0.117
06 Jul 2025 13:01:30,0.103
06 Jul 2025 13:02:00,0.123
06 Jul 2025 13:02:15,0.082
06 Jul 2025 13:02:45,0.072
06 Jul 2025 13:03:45,0.094
06 Jul 2025 13:04:00,0.115
06 Jul 2025 13:04:15,0.113
06 Jul 2025 13:05:30,0.100
06 Jul 2025 13:06:00,0.080
06 Jul 2025 13:06:30,0.085
06 Jul 2025 13:06:45,0.091
06 Jul 2025 13:07:30,0.092
06 Jul 2025 13:07:45,0.104
06 Jul 2025 13:08:15,0.105
06 Jul 2025 13:08:45,0.107
06 Jul 2025 13:09:45,0.098
06 Jul 2025 13:10:45,0.100
06 Jul 2025 13:11:15,0.083
06 Jul 2025 13:11:30,0.113
06 Jul 2025 13:11:45,0.096
06 Jul 2025 13:12:00,0.108
06 Jul 2025 13:12:15,0.086
06 Jul 2025 13:12:45,0.085
06 Jul 2025 13:14:45,0.113
06 Jul 2025 13:15:15,0.127
06 Jul 2025 13:15:30,0.103
06 Jul 2025 13:15:45,0.120
06 Jul 2025 13:16:00,0.084
06 Jul 2025 13:16:15,0.067
06 Jul 2025 13:17:00,0.116
06 Jul 2025 13:17:15,0.122
06 Jul 2025 13:17:30,0.107
06 Jul 2025 13:18:00,0.104
06 Jul 2025 13:18:30,0.105
06 Jul 2025 13:18:45,0.097
06 Jul 2025 13:19:45,0.094
06 Jul 2025 13:20:00,0.104
06 Jul 2025 13:20:15,0.120
06 Jul 2025 13:20:30,0.117
06 Jul 2025 13:20:45,0.106
06 Jul 2025 13:21:15,0.131
06 Jul 2025 13:21:30,0.102
06 Jul 2025 13:22:15,0.119
06 Jul 2025 13:23:00,0.144
06 Jul 2025 13:23:15,0.148
06 Jul 2025 13:23:45,0.156
06 Jul 2025 13:24:00,0.137
06 Jul 2025 13:24:15,0.146
06 Jul 2025 13:24:30,0.128
06 Jul 2025 13:24:45,0.137
06 Jul 2025 13:25:45,0.102
06 Jul 2025 13:26:30,0.113
06 Jul 2025 13:26:45,0.140
06 Jul 2025 13:27:15,0.123
06 Jul 2025 13:27:30,0.142
06 Jul 2025 13:27:45,0.120
06 Jul 2025 13:28:30,0.085
06 Jul 2025 13:29:30,0.062
06 Jul 2025 13:30:45,0.087
06 Jul 2025 13:31:00,0.103
06 Jul 2025 13:31:30,0.115
06 Jul 2025 13:31:45,0.110
06 Jul 2025 13:32:00,0.121
06 Jul 2025 13:32:15,0.114
06 Jul 2025 13:33:15,0.126
06 Jul 2025 13:33:30,0.116
06 Jul 2025 13:34:15,0.104
06 Jul 2025 13:34:30,0.104
06 Jul 2025 13:35:00,0.117
06 Jul 2025 13:35:15,0.128
06 Jul 2025 13:35:30,0.105
06 Jul 2025 13:37:30,0.129
06 Jul 2025 13:37:45,0.106
06 Jul 2025 13:38:15,0.137
06 Jul 2025 13:38:30,0.115
06 Jul 2025 13:39:00,0.119
06 Jul 2025 13:39:15,0.139
06 Jul 2025 13:39:45,0.095
06 Jul 2025 13:40:00,0.142
06 Jul 2025 13:40:45,0.148
06 Jul 2025 13:41:00,0.134
06 Jul 2025 13:41:30,0.106
06 Jul 2025 13:42:15,0.146
06 Jul 2025 13:42:30,0.118
06 Jul 2025 13:42:45,0.134
06 Jul 2025 13:43:00,0.116
06 Jul 2025 13:43:15,0.114
06 Jul 2025 13:45:00,0.127
06 Jul 2025 13:45:30,0.120
06 Jul 2025 13:46:30,0.135
06 Jul 2025 13:46:45,0.118
06 Jul 2025 13:47:00,0.147
06 Jul 2025 13:49:00,0.117
06 Jul 2025 13:49:45,0.107
06 Jul 2025 13:50:30,0.140
06 Jul 2025 13:51:00,0.114
06 Jul 2025 13:51:15,0.137
06 Jul 2025 13:51:45,0.081
06 Jul 2025 13:52:15,0.113
06 Jul 2025 13:52:45,0.114
06 Jul 2025 13:53:00,0.135
06 Jul 2025 13:53:15,0.155
06 Jul 2025 13:53:30,0.137
06 Jul 2025 13:53:45,0.154
06 Jul 2025 13:54:15,0.105
06 Jul 2025 13:54:30,0.114
06 Jul 2025 13:55:00,0.125
06 Jul 2025 13:55:15,0.120
06 Jul 2025 13:55:30,0.133
06 Jul 2025 13:56:00,0.125
06 Jul 2025 13:56:30,0.141
06 Jul 2025 13:56:45,0.112
06 Jul 2025 13:57:30,0.135
06 Jul 2025 13:58:15,0.138
06 Jul 2025 13:59:00,0.111
06 Jul 2025 13:59:15,0.109
06 Jul 2025 13:59:45,0.130
06 Jul 2025 14:00:15,0.145
06 Jul 2025 14:00:30,0.127
06 Jul 2025 14:01:15,0.141
06 Jul 2025 14:02:00,0.144
06 Jul 2025 14:02:45,0.092
06 Jul 2025 14:03:00,0.093
06 Jul 2025 14:03:15,0.144
06 Jul 2025 14:03:30,0.089
06 Jul 2025 14:03:45,0.145
06 Jul 2025 14:04:00,0.143
06 Jul 2025 14:04:45,0.134
06 Jul 2025 14:05:15,0.122
06 Jul 2025 14:06:15,0.126
06 Jul 2025 14:06:30,0.134
06 Jul 2025 14:06:45,0.119
06 Jul 2025 14:07:15,0.154
06 Jul 2025 14:07:30,0.176
06 Jul 2025 14:08:00,0.117
06 Jul 2025 14:08:15,0.160
06 Jul 2025 14:08:30,0.154
06 Jul 2025 14:09:00,0.162
06 Jul 2025 14:09:15,0.145
06 Jul 2025 14:09:45,0.141
06 Jul 2025 14:10:30,0.162
06 Jul 2025 14:12:15,0.152
06 Jul 2025 14:12:30,0.146
06 Jul 2025 14:12:45,0.148
06 Jul 2025 14:13:15,0.147
06 Jul 2025 14:14:15,0.119
06 Jul 2025 14:15:45,0.142
06 Jul 2025 14:16:00,0.146
06 Jul 2025 14:16:15,0.156
06 Jul 2025 14:16:30,0.146
06 Jul 2025 14:16:45,0.153
06 Jul 2025 14:17:00,0.166
06 Jul 2025 14:17:30,0.147
06 Jul 2025 14:18:00,0.148
06 Jul 2025 14:18:15,0.139
06 Jul 2025 14:18:45,0.174
06 Jul 2025 14:19:00,0.121
06 Jul 2025 14:19:15,0.113
06 Jul 2025 14:19:30,0.143
06 Jul 2025 14:20:00,0.160
06 Jul 2025 14:20:30,0.173
06 Jul 2025 14:20:45,0.158
06 Jul 2025 14:21:00,0.165
06 Jul 2025 14:21:30,0.159
06 Jul 2025 14:21:45,0.150
06 Jul 2025 14:23:00,0.129
06 Jul 2025 14:23:30,0.154
06 Jul 2025 14:23:45,0.194
06 Jul 2025 14:24:15,0.210
06 Jul 2025 14:25:30,0.192
06 Jul 2025 14:25:45,0.182
06 Jul 2025 14:26:15,0.125
06 Jul 2025 14:27:00,0.140
06 Jul 2025 14:27:30,0.146
06 Jul 2025 14:28:00,0.170
06 Jul 2025 14:28:15,0.164
06 Jul 2025 14:28:30,0.114
06 Jul 2025 14:29:45,0.164
06 Jul 2025 14:30:15,0.141
06 Jul 2025 14:31:00,0.161
06 Jul 2025 14:31:15,0.143
06 Jul 2025 14:31:30,0.163
06 Jul 2025 14:31:45,0.159
06 Jul 2025 14:32:00,0.171
06 Jul 2025 14:32:15,0.179
06 Jul 2025 14:33:30,0.172
06 Jul 2025 14:34:15,0.201
06 Jul 2025 14:34:30,0.138
06 Jul 2025 14:34:45,0.175
06 Jul 2025 14:35:15,0.154
06 Jul 2025 14:36:15,0.164
06 Jul 2025 14:36:45,0.136
06 Jul 2025 14:37:15,0.178
06 Jul 2025 14:37:30,0.168
06 Jul 2025 14:38:00,0.154
06 Jul 2025 14:38:15,0.179
06 Jul 2025 14:38:30,0.164
06 Jul 2025 14:38:45,0.152
06 Jul 2025 14:39:00,0.169
06 Jul 2025 14:39:30,0.163
06 Jul 2025 14:40:00,0.140
06 Jul 2025 14:40:15,0.177
06 Jul 2025 14:41:15,0.163
06 Jul 2025 14:41:30,0.133
06 Jul 2025 14:41:45,0.172
06 Jul 2025 14:42:00,0.196
06 Jul 2025 14:42:45,0.148
06 Jul 2025 14:43:15,0.163
06 Jul 2025 14:43:45,0.171
06 Jul 2025 14:44:00,0.172
06 Jul 2025 14:44:15,0.147
06 Jul 2025 14:44:30,0.189
06 Jul 2025 14:45:00,0.187
06 Jul 2025 14:45:45,0.179
06 Jul 2025 14:46:15,0.158
06 Jul 2025 14:46:45,0.155
06 Jul 2025 14:47:00,0.176
06 Jul 2025 14:47:15,0.174
06 Jul 2025 14:47:45,0.165
06 Jul 2025 14:48:00,0.187
06 Jul 2025 14:48:30,0.168
06 Jul 2025 14:48:45,0.185
06 Jul 2025 14:50:15,0.149
06 Jul 2025 14:50:30,0.150
06 Jul 2025 14:51:30,0.159
06 Jul 2025 14:51:45,0.160
06 Jul 2025 14:52:00,0.190
06 Jul 2025 14:52:15,0.177
06 Jul 2025 14:52:30,0.205
06 Jul 2025 14:52:45,0.172
06 Jul 2025 14:53:15,0.148
06 Jul 2025 14:53:30,0.178
06 Jul 2025 14:53:45,0.171
06 Jul 2025 14:54:00,0.170
06 Jul 2025 14:54:15,0.208
06 Jul 2025 14:54:30,0.179
06 Jul 2025 14:55:00,0.172
06 Jul 2025 14:55:45,0.169
06 Jul 2025 14:56:00,0.202
06 Jul 2025 14:56:30,0.192
06 Jul 2025 14:56:45,0.163
06 Jul 2025 14:57:15,0.174
06 Jul 2025 14:57:30,0.178
06 Jul 2025 14:57:45,0.163
06 Jul 2025 14:58:00,0.174
06 Jul 2025 14:58:15,0.160
06 Jul 2025 14:58:30,0.192
06 Jul 2025 14:59:30,0.182
06 Jul 2025 14:59:45,0.171
06 Jul 2025 15:01:00,0.189
06 Jul 2025 15:01:45,0.202
06 Jul 2025 15:02:15,0.184
06 Jul 2025 15:02:45,0.178
06 Jul 2025 15:03:00,0.192
06 Jul 2025 15:03:15,0.201
06 Jul 2025 15:03:30,0.164
06 Jul 2025 15:03:45,0.189
06 Jul 2025 15:04:00,0.165
06 Jul 2025 15:04:15,0.208
06 Jul 2025 15:04:45,0.201
06 Jul 2025 15:05:00,0.171
06 Jul 2025 15:05:30,0.148
06 Jul 2025 15:06:00,0.192
06 Jul 2025 15:06:15,0.206
06 Jul 2025 15:06:30,0.183
06 Jul 2025 15:07:30,0.179
06 Jul 2025 15:07:45,0.189
06 Jul 2025 15:08:00,0.217
06 Jul 2025 15:08:30,0.171
06 Jul 2025 15:09:00,0.192
06 Jul 2025 15:09:15,0.200
06 Jul 2025 15:09:30,0.176
06 Jul 2025 15:10:00,0.202
06 Jul 2025 15:10:15,0.206
06 Jul 2025 15:10:30,0.167
06 Jul 2025 15:10:45,0.188
06 Jul 2025 15:11:15,0.207
06 Jul 2025 15:12:00,0.156
06 Jul 2025 15:12:45,0.146
06 Jul 2025 15:13:15,0.185
06 Jul 2025 15:13:30,0.196
06 Jul 2025 15:13:45,0.173
06 Jul 2025 15:14:15,0.213
06 Jul 2025 15:15:00,0.165
06 Jul 2025 15:15:15,0.192
06 Jul 2025 15:15:45,0.185
06 Jul 2025 15:16:00,0.182
06 Jul 2025 15:16:15,0.194
06 Jul 2025 15:16:30,0.201
06 Jul 2025 15:17:00,0.176
06 Jul 2025 15:17:15,0.171
06 Jul 2025 15:17:30,0.201
06 Jul 2025 15:18:00,0.160
06 Jul 2025 15:20:00,0.168
06 Jul 2025 15:20:15,0.178
06 Jul 2025 15:20:30,0.202
06 Jul 2025 15:21:00,0.194
06 Jul 2025 15:21:15,0.186
06 Jul 2025 15:21:30,0.180
06 Jul 2025 15:21:45,0.181
06 Jul 2025 15:22:00,0.200
06 Jul 2025 15:22:45,0.174
06 Jul 2025 15:23:00,0.206
06 Jul 2025 15:24:00,0.180
06 Jul 2025 15:24:15,0.193
06 Jul 2025 15:24:30,0.193
06 Jul 2025 15:25:00,0.198
06 Jul 2025 15:25:15,0.218
06 Jul 2025 15:25:30,0.211
06 Jul 2025 15:25:45,0.196
06 Jul 2025 15:26:00,0.193
06 Jul 2025 15:27:15,0.192
06 Jul 2025 15:28:00,0.183
06 Jul 2025 15:28:15,0.191
06 Jul 2025 15:28:45,0.192
06 Jul 2025 15:29:00,0.187
06 Jul 2025 15:29:15,0.215
06 Jul 2025 15:29:30,0.189
06 Jul 2025 15:30:45,0.217
06 Jul 2025 15:31:15,0.224
06 Jul 2025 15:32:15,0.164
06 Jul 2025 15:33:15,0.150
06 Jul 2025 15:34:15,0.220
06 Jul 2025 15:34:30,0.198
06 Jul 2025 15:34:45,0.164
06 Jul 2025 15:35:30,0.210
06 Jul 2025 15:35:45,0.187
06 Jul 2025 15:36:00,0.175
06 Jul 2025 15:36:15,0.151
06 Jul 2025 15:36:45,0.196
06 Jul 2025 15:37:45,0.190
06 Jul 2025 15:38:00,0.195
06 Jul 2025 15:38:15,0.172
06 Jul 2025 15:38:30,0.190
06 Jul 2025 15:39:30,0.214
06 Jul 2025 15:39:45,0.170
06 Jul 2025 15:40:15,0.194
06 Jul 2025 15:40:45,0.175
06 Jul 2025 15:41:00,0.160
06 Jul 2025 15:41:30,0.171
06 Jul 2025 15:41:45,0.066
06 Jul 2025 15:42:00,0.230
06 Jul 2025 15:42:30,0.230
06 Jul 2025 15:42:45,0.189
06 Jul 2025 15:43:30,0.205
06 Jul 2025 15:43:45,0.172
06 Jul 2025 15:44:45,0.230
06 Jul 2025 15:45:00,0.187
06 Jul 2025 15:45:15,0.190
06 Jul 2025 15:46:15,0.229
06 Jul 2025 15:46:30,0.214
06 Jul 2025 15:47:00,0.181
06 Jul 2025 15:47:30,0.211
06 Jul 2025 15:49:45,0.242
06 Jul 2025 15:50:15,0.227
06 Jul 2025 15:51:00,0.215
06 Jul 2025 15:51:45,0.214
06 Jul 2025 15:52:00,0.227
06 Jul 2025 15:52:15,0.211
06 Jul 2025 15:52:45,0.231
06 Jul 2025 15:53:00,0.214
06 Jul 2025 15:53:15,0.193
06 Jul 2025 15:54:00,0.194
06 Jul 2025 15:54:45,0.187
06 Jul 2025 15:55:00,0.177
06 Jul 2025 15:55:15,0.211
06 Jul 2025 15:55:45,0.231
06 Jul 2025 15:56:00,0.200
06 Jul 2025 15:56:15,0.220
06 Jul 2025 15:57:15,0.233
06 Jul 2025 15:57:45,0.236
06 Jul 2025 15:58:15,0.207
06 Jul 2025 15:58:30,0.207
06 Jul 2025 15:59:00,0.222
06 Jul 2025 16:00:30,0.212
06 Jul 2025 16:00:45,0.235
06 Jul 2025 16:02:00,0.204
06 Jul 2025 16:02:15,0.212
06 Jul 2025 16:02:45,0.208
06 Jul 2025 16:04:30,0.242
06 Jul 2025 16:04:45,0.240
06 Jul 2025 16:05:00,0.246
06 Jul 2025 16:05:15,0.223
06 Jul 2025 16:05:30,0.234
06 Jul 2025 16:05:45,0.217
06 Jul 2025 16:06:00,0.197
06 Jul 2025 16:06:30,0.216
06 Jul 2025 16:07:15,0.228
06 Jul 2025 16:08:00,0.226
06 Jul 2025 16:08:15,0.220
06 Jul 2025 16:09:00,0.235
06 Jul 2025 16:09:15,0.213
06 Jul 2025 16:09:30,0.223
06 Jul 2025 16:10:15,0.226
06 Jul 2025 16:10:30,0.237
06 Jul 2025 16:10:45,0.222
06 Jul 2025 16:11:00,0.236
06 Jul 2025 16:11:15,0.224
06 Jul 2025 16:12:15,0.214
06 Jul 2025 16:12:30,0.228
06 Jul 2025 16:12:45,0.212
06 Jul 2025 16:13:00,0.230
06 Jul 2025 16:14:00,0.235
06 Jul 2025 16:14:45,0.228
06 Jul 2025 16:15:00,0.232
06 Jul 2025 16:15:15,0.201
06 Jul 2025 16:15:30,0.219
06 Jul 2025 16:16:15,0.228
06 Jul 2025 16:16:45,0.210
06 Jul 2025 16:17:30,0.239
06 Jul 2025 16:17:45,0.237
06 Jul 2025 16:18:30,0.222
06 Jul 2025 16:19:00,0.237
06 Jul 2025 16:19:30,0.201
06 Jul 2025 16:19:45,0.235
06 Jul 2025 16:20:00,0.219
06 Jul 2025 16:20:30,0.231
06 Jul 2025 16:21:15,0.235
06 Jul 2025 16:21:30,0.247
06 Jul 2025 16:22:30,0.231
06 Jul 2025 16:22:45,0.255
06 Jul 2025 16:23:15,0.263
06 Jul 2025 16:23:45,0.240
06 Jul 2025 16:24:30,0.226
06 Jul 2025 16:24:45,0.237
06 Jul 2025 16:25:30,0.222
06 Jul 2025 16:25:45,0.206
06 Jul 2025 16:26:00,0.217
06 Jul 2025 16:26:45,0.206
06 Jul 2025 16:27:00,0.220
06 Jul 2025 16:27:15,0.219
06 Jul 2025 16:28:00,0.227
06 Jul 2025 16:28:30,0.233
06 Jul 2025 16:29:15,0.227
06 Jul 2025 16:30:15,0.203
06 Jul 2025 16:30:45,0.229
06 Jul 2025 16:31:45,0.224
06 Jul 2025 16:32:15,0.256
06 Jul 2025 16:32:30,0.230
06 Jul 2025 16:32:45,0.233
06 Jul 2025 16:33:00,0.266
06 Jul 2025 16:33:30,0.240
06 Jul 2025 16:34:00,0.221
06 Jul 2025 16:34:15,0.243
06 Jul 2025 16:34:45,0.226
06 Jul 2025 16:35:00,0.216
06 Jul 2025 16:35:15,0.204
06 Jul 2025 16:35:30,0.237
06 Jul 2025 16:35:45,0.217
06 Jul 2025 16:36:00,0.220
06 Jul 2025 16:36:30,0.219
06 Jul 2025 16:36:45,0.244
06 Jul 2025 16:37:00,0.214
06 Jul 2025 16:37:15,0.220
06 Jul 2025 16:37:30,0.256
06 Jul 2025 16:38:00,0.241
06 Jul 2025 16:38:45,0.209
06 Jul 2025 16:39:00,0.220
06 Jul 2025 16:40:15,0.253
06 Jul 2025 16:41:15,0.219
06 Jul 2025 16:41:30,0.229
06 Jul 2025 16:42:00,0.232
06 Jul 2025 16:42:45,0.238
06 Jul 2025 16:43:00,0.238
06 Jul 2025 16:43:15,0.230
06 Jul 2025 16:43:30,0.222
06 Jul 2025 16:44:45,0.238
06 Jul 2025 16:45:00,0.226
06 Jul 2025 16:45:45,0.240
06 Jul 2025 16:47:00,0.228
06 Jul 2025 16:47:30,0.219
06 Jul 2025 16:48:00,0.210
06 Jul 2025 16:49:00,0.233
06 Jul 2025 16:49:30,0.227
06 Jul 2025 16:49:45,0.229
06 Jul 2025 16:50:15,0.217
06 Jul 2025 16:50:30,0.229
06 Jul 2025 16:51:15,0.224
06 Jul 2025 16:51:45,0.225
06 Jul 2025 16:52:00,0.230
06 Jul 2025 16:52:15,0.257
06 Jul 2025 16:52:30,0.254
06 Jul 2025 16:52:45,0.238
06 Jul 2025 16:53:00,0.235
06 Jul 2025 16:53:30,0.227
06 Jul 2025 16:53:45,0.229
06 Jul 2025 16:54:00,0.260
06 Jul 2025 16:54:15,0.220
06 Jul 2025 16:54:30,0.204
06 Jul 2025 16:55:00,0.240
06 Jul 2025 16:55:15,0.219
06 Jul 2025 16:55:30,0.215
06 Jul 2025 16:55:45,0.248
06 Jul 2025 16:57:00,0.235
06 Jul 2025 16:57:15,0.210
06 Jul 2025 16:57:30,0.229
06 Jul 2025 16:59:30,0.225
06 Jul 2025 16:59:45,0.232
06 Jul 2025 17:00:15,0.233
06 Jul 2025 17:01:00,0.226
06 Jul 2025 17:01:45,0.230
06 Jul 2025 17:02:00,0.233
06 Jul 2025 17:02:15,0.227
06 Jul 2025 17:02:30,0.221
06 Jul 2025 17:02:45,0.242
06 Jul 2025 17:03:15,0.265
06 Jul 2025 17:04:00,0.252
06 Jul 2025 17:04:15,0.220
06 Jul 2025 17:05:00,0.226
06 Jul 2025 17:07:00,0.239
06 Jul 2025 17:07:15,0.233
06 Jul 2025 17:07:45,0.248
06 Jul 2025 17:08:45,0.253
06 Jul 2025 17:09:30,0.237
06 Jul 2025 17:10:00,0.223
06 Jul 2025 17:10:45,0.235
06 Jul 2025 17:11:30,0.227
06 Jul 2025 17:12:00,0.241
06 Jul 2025 17:12:30,0.211
06 Jul 2025 17:12:45,0.228
06 Jul 2025 17:13:00,0.203
06 Jul 2025 17:13:15,0.328
06 Jul 2025 17:13:30,0.230
06 Jul 2025 17:13:45,0.340
06 Jul 2025 17:14:00,0.214
06 Jul 2025 17:15:30,0.240
06 Jul 2025 17:15:45,0.243
06 Jul 2025 17:16:00,0.227
06 Jul 2025 17:17:45,0.267
06 Jul 2025 17:18:00,0.234
06 Jul 2025 17:18:15,0.241
06 Jul 2025 17:19:00,0.256
06 Jul 2025 17:19:45,0.213
06 Jul 2025 17:20:30,0.253
06 Jul 2025 17:20:45,0.235
06 Jul 2025 17:21:00,0.219
06 Jul 2025 17:21:30,0.236
06 Jul 2025 17:21:45,0.221
06 Jul 2025 17:22:15,0.204
06 Jul 2025 17:22:45,0.235
06 Jul 2025 17:23:15,0.225
06 Jul 2025 17:23:30,0.251
06 Jul 2025 17:23:45,0.228
06 Jul 2025 17:24:00,0.258
06 Jul 2025 17:24:30,0.244
06 Jul 2025 17:24:45,0.254
06 Jul 2025 17:25:00,0.226
06 Jul 2025 17:25:15,0.230
06 Jul 2025 17:25:30,0.234
06 Jul 2025 17:26:15,0.224
06 Jul 2025 17:26:45,0.235
06 Jul 2025 17:27:00,0.277
06 Jul 2025 17:28:15,0.233
06 Jul 2025 17:28:30,0.242
06 Jul 2025 17:28:45,0.198
06 Jul 2025 17:29:00,0.252
06 Jul 2025 17:29:15,0.232
06 Jul 2025 17:29:30,0.245
06 Jul 2025 17:29:45,0.233
06 Jul 2025 17:30:30,0.217
06 Jul 2025 17:31:45,0.229
06 Jul 2025 17:32:45,0.247
06 Jul 2025 17:33:00,0.257
06 Jul 2025 17:33:45,0.244
06 Jul 2025 17:34:30,0.248
06 Jul 2025 17:34:45,0.250
06 Jul 2025 17:35:00,0.250
06 Jul 2025 17:35:15,0.220
06 Jul 2025 17:35:45,0.236
06 Jul 2025 17:36:00,0.247
06 Jul 2025 17:36:15,0.237
06 Jul 2025 17:36:30,0.228
06 Jul 2025 17:37:15,0.231
06 Jul 2025 17:37:30,0.225
06 Jul 2025 17:38:00,0.247
06 Jul 2025 17:38:15,0.251
06 Jul 2025 17:38:30,0.232
06 Jul 2025 17:39:00,0.228
06 Jul 2025 17:39:30,0.243
06 Jul 2025 17:40:45,0.224
06 Jul 2025 17:41:00,0.244
06 Jul 2025 17:41:15,0.223
06 Jul 2025 17:42:00,0.206
06 Jul 2025 17:43:15,0.219
06 Jul 2025 17:45:15,0.230
06 Jul 2025 17:45:45,0.256
06 Jul 2025 17:46:30,0.241
06 Jul 2025 17:47:00,0.267
06 Jul 2025 17:47:15,0.243
06 Jul 2025 17:47:45,0.221
06 Jul 2025 17:48:00,0.222
06 Jul 2025 17:49:00,0.259
06 Jul 2025 17:49:15,0.239
06 Jul 2025 17:49:45,0.257
06 Jul 2025 17:50:00,0.235
06 Jul 2025 17:50:15,0.242
06 Jul 2025 17:50:45,0.255
06 Jul 2025 17:51:15,0.231
06 Jul 2025 17:52:00,0.248
06 Jul 2025 17:52:30,0.249
06 Jul 2025 17:52:45,0.223
06 Jul 2025 17:53:15,0.241
06 Jul 2025 17:53:30,0.255
06 Jul 2025 17:54:00,0.222
06 Jul 2025 17:55:00,0.234
06 Jul 2025 17:55:15,0.254
06 Jul 2025 17:56:00,0.247
06 Jul 2025 17:56:15,0.211
06 Jul 2025 17:56:45,0.227
06 Jul 2025 17:57:00,0.245
06 Jul 2025 17:57:15,0.231
06 Jul 2025 17:58:15,0.228
06 Jul 2025 17:59:00,0.236
06 Jul 2025 17:59:45,0.236
06 Jul 2025 18:00:15,0.247
06 Jul 2025 18:00:30,0.230
06 Jul 2025 18:00:45,0.241
06 Jul 2025 18:01:00,0.217
06 Jul 2025 18:01:45,0.253
06 Jul 2025 18:02:00,0.244
06 Jul 2025 18:02:30,0.241
06 Jul 2025 18:03:00,0.236
06 Jul 2025 18:04:00,0.248
06 Jul 2025 18:04:45,0.251
06 Jul 2025 18:05:00,0.237
06 Jul 2025 18:05:15,0.231
06 Jul 2025 18:05:30,0.246
06 Jul 2025 18:05:45,0.242
06 Jul 2025 18:06:00,0.224
06 Jul 2025 18:06:30,0.240
06 Jul 2025 18:06:45,0.241
06 Jul 2025 18:07:00,0.226
06 Jul 2025 18:07:30,0.219
06 Jul 2025 18:08:00,0.232
06 Jul 2025 18:08:15,0.211
06 Jul 2025 18:08:45,0.226
06 Jul 2025 18:09:15,0.235
06 Jul 2025 18:09:45,0.229
06 Jul 2025 18:10:15,0.255
06 Jul 2025 18:11:45,0.239
06 Jul 2025 18:12:00,0.246
06 Jul 2025 18:12:15,0.229
06 Jul 2025 18:12:45,0.228
06 Jul 2025 18:13:15,0.204
06 Jul 2025 18:14:00,0.216
06 Jul 2025 18:15:15,0.210
06 Jul 2025 18:16:15,0.226
06 Jul 2025 18:16:30,0.232
06 Jul 2025 18:16:45,0.216
06 Jul 2025 18:17:00,0.240
06 Jul 2025 18:17:45,0.246
06 Jul 2025 18:18:30,0.228
06 Jul 2025 18:18:45,0.209
06 Jul 2025 18:19:15,0.228
06 Jul 2025 18:19:45,0.224
06 Jul 2025 18:20:15,0.202
06 Jul 2025 18:20:30,0.228
06 Jul 2025 18:21:30,0.237
06 Jul 2025 18:22:00,0.247
06 Jul 2025 18:22:15,0.224
06 Jul 2025 18:24:00,0.222
06 Jul 2025 18:24:15,0.237
06 Jul 2025 18:24:30,0.224
06 Jul 2025 18:25:00,0.218
06 Jul 2025 18:26:00,0.223
06 Jul 2025 18:26:15,0.236
06 Jul 2025 18:26:45,0.238
06 Jul 2025 18:27:15,0.202
06 Jul 2025 18:27:45,0.214
06 Jul 2025 18:28:30,0.203
06 Jul 2025 18:28:45,0.197
06 Jul 2025 18:29:15,0.212
06 Jul 2025 18:29:45,0.211
06 Jul 2025 18:30:00,0.239
06 Jul 2025 18:30:30,0.213
06 Jul 2025 18:31:00,0.225
06 Jul 2025 18:32:00,0.207
06 Jul 2025 18:32:15,0.231
06 Jul 2025 18:33:30,0.220
06 Jul 2025 18:34:00,0.206
06 Jul 2025 18:34:15,0.206
06 Jul 2025 18:34:30,0.219
06 Jul 2025 18:35:15,0.231
06 Jul 2025 18:37:15,0.235
06 Jul 2025 18:37:30,0.210
06 Jul 2025 18:37:45,0.225
06 Jul 2025 18:38:30,0.241
06 Jul 2025 18:39:15,0.222
06 Jul 2025 18:39:30,0.220
06 Jul 2025 18:39:45,0.222
06 Jul 2025 18:40:00,0.204
06 Jul 2025 18:40:30,0.217
06 Jul 2025 18:41:15,0.216
06 Jul 2025 18:41:45,0.206
06 Jul 2025 18:42:15,0.216
06 Jul 2025 18:43:00,0.198
06 Jul 2025 18:43:15,0.203
06 Jul 2025 18:44:15,0.212
06 Jul 2025 18:44:30,0.213
06 Jul 2025 18:45:00,0.213
06 Jul 2025 18:46:00,0.199
06 Jul 2025 18:47:00,0.204
06 Jul 2025 18:47:15,0.180
06 Jul 2025 18:47:30,0.200
06 Jul 2025 18:48:00,0.202
06 Jul 2025 18:48:15,0.179
06 Jul 2025 18:50:30,0.217
06 Jul 2025 18:51:00,0.225
06 Jul 2025 18:51:15,0.211
06 Jul 2025 18:52:00,0.223
06 Jul 2025 18:52:15,0.240
06 Jul 2025 18:52:30,0.239
06 Jul 2025 18:54:00,0.207
06 Jul 2025 18:54:15,0.219
06 Jul 2025 18:55:15,0.233
06 Jul 2025 18:55:45,0.211
06 Jul 2025 18:56:15,0.232
06 Jul 2025 18:56:30,0.216
06 Jul 2025 18:57:00,0.221
06 Jul 2025 18:57:15,0.215
06 Jul 2025 18:57:30,0.209
06 Jul 2025 18:57:45,0.228
06 Jul 2025 18:58:00,0.218
06 Jul 2025 18:58:15,0.231
06 Jul 2025 18:58:30,0.228
06 Jul 2025 18:58:45,0.227
06 Jul 2025 18:59:30,0.215
06 Jul 2025 18:59:45,0.203
06 Jul 2025 19:00:00,0.195
06 Jul 2025 19:00:30,0.210
06 Jul 2025 19:00:45,0.194
06 Jul 2025 19:02:00,0.199
06 Jul 2025 19:02:15,0.198
06 Jul 2025 19:03:00,0.180
06 Jul 2025 19:03:15,0.193
06 Jul 2025 19:04:45,0.226
06 Jul 2025 19:06:00,0.194
06 Jul 2025 19:06:45,0.189
06 Jul 2025 19:07:15,0.220
06 Jul 2025 19:08:00,0.196
06 Jul 2025 19:08:45,0.208
06 Jul 2025 19:09:15,0.199
06 Jul 2025 19:09:45,0.215
06 Jul 2025 19:10:00,0.206
06 Jul 2025 19:10:45,0.212
06 Jul 2025 19:11:15,0.207
06 Jul 2025 19:11:45,0.205
06 Jul 2025 19:12:45,0.212
06 Jul 2025 19:13:15,0.195
06 Jul 2025 19:14:15,0.206
06 Jul 2025 19:15:15,0.208
06 Jul 2025 19:15:30,0.198
06 Jul 2025 19:15:45,0.193
06 Jul 2025 19:16:00,0.205
06 Jul 2025 19:16:15,0.194
06 Jul 2025 19:16:30,0.197
06 Jul 2025 19:17:00,0.184
06 Jul 2025 19:18:45,0.205
06 Jul 2025 19:20:00,0.204
06 Jul 2025 19:20:30,0.205
06 Jul 2025 19:21:45,0.177
06 Jul 2025 19:22:15,0.179
06 Jul 2025 19:22:45,0.197
06 Jul 2025 19:23:00,0.216
06 Jul 2025 19:23:30,0.213
06 Jul 2025 19:23:45,0.186
06 Jul 2025 19:24:00,0.174
06 Jul 2025 19:24:45,0.194
06 Jul 2025 19:25:15,0.186
06 Jul 2025 19:25:30,0.185
06 Jul 2025 19:25:45,0.198
06 Jul 2025 19:26:15,0.198
06 Jul 2025 19:27:15,0.199
06 Jul 2025 19:27:30,0.199
06 Jul 2025 19:27:45,0.214
06 Jul 2025 19:28:15,0.189
06 Jul 2025 19:28:30,0.196
06 Jul 2025 19:29:00,0.168
06 Jul 2025 19:29:15,0.162
06 Jul 2025 19:29:30,0.168
06 Jul 2025 19:29:45,0.189
06 Jul 2025 19:30:45,0.185
06 Jul 2025 19:31:00,0.212
06 Jul 2025 19:31:30,0.201
06 Jul 2025 19:31:45,0.208
06 Jul 2025 19:32:00,0.176
06 Jul 2025 19:32:30,0.187
06 Jul 2025 19:32:45,0.189
06 Jul 2025 19:33:00,0.195
06 Jul 2025 19:33:15,0.201
06 Jul 2025 19:35:15,0.208
06 Jul 2025 19:35:45,0.209
06 Jul 2025 19:36:45,0.196
06 Jul 2025 19:37:00,0.207
06 Jul 2025 19:37:15,0.184
06 Jul 2025 19:37:45,0.201
06 Jul 2025 19:39:00,0.184
06 Jul 2025 19:40:15,0.208
06 Jul 2025 19:41:15,0.184
06 Jul 2025 19:41:30,0.198
06 Jul 2025 19:41:45,0.201
06 Jul 2025 19:42:15,0.186
06 Jul 2025 19:42:45,0.176
06 Jul 2025 19:43:30,0.179
06 Jul 2025 19:44:00,0.187
06 Jul 2025 19:44:15,0.163
06 Jul 2025 19:44:30,0.190
06 Jul 2025 19:44:45,0.195
06 Jul 2025 19:45:00,0.186
06 Jul 2025 19:45:45,0.198
06 Jul 2025 19:46:30,0.191
06 Jul 2025 19:47:30,0.175
06 Jul 2025 19:47:45,0.175
06 Jul 2025 19:49:00,0.176
06 Jul 2025 19:49:30,0.171
06 Jul 2025 19:50:30,0.166
06 Jul 2025 19:50:45,0.174
06 Jul 2025 19:51:15,0.189
06 Jul 2025 19:51:30,0.188
06 Jul 2025 19:51:45,0.181
06 Jul 2025 19:52:00,0.172
06 Jul 2025 19:52:15,0.174
06 Jul 2025 19:52:30,0.184
06 Jul 2025 19:52:45,0.192
06 Jul 2025 19:53:15,0.190
06 Jul 2025 19:53:45,0.204
06 Jul 2025 19:54:15,0.189
06 Jul 2025 19:54:30,0.180
06 Jul 2025 19:55:00,0.189
06 Jul 2025 19:55:45,0.168
06 Jul 2025 19:56:15,0.188
06 Jul 2025 19:56:45,0.194
06 Jul 2025 19:57:00,0.202
06 Jul 2025 19:57:15,0.182
06 Jul 2025 19:59:00,0.161
06 Jul 2025 19:59:45,0.193
06 Jul 2025 20:00:00,0.170
06 Jul 2025 20:00:15,0.172
06 Jul 2025 20:00:45,0.183
06 Jul 2025 20:01:00,0.199
06 Jul 2025 20:01:15,0.194
06 Jul 2025 20:02:00,0.168
06 Jul 2025 20:02:45,0.175
06 Jul 2025 20:03:00,0.180
06 Jul 2025 20:03:15,0.166
06 Jul 2025 20:03:45,0.188
06 Jul 2025 20:04:00,0.183
06 Jul 2025 20:04:15,0.178
06 Jul 2025 20:04:45,0.188
06 Jul 2025 20:05:00,0.183
06 Jul 2025 20:06:15,0.175
06 Jul 2025 20:07:30,0.169
06 Jul 2025 20:07:45,0.178
06 Jul 2025 20:08:00,0.177
06 Jul 2025 20:08:15,0.201
06 Jul 2025 20:09:00,0.187
06 Jul 2025 20:09:15,0.179
06 Jul 2025 20:09:45,0.186
06 Jul 2025 20:10:30,0.176
06 Jul 2025 20:12:30,0.167
06 Jul 2025 20:13:15,0.171
06 Jul 2025 20:13:45,0.183
06 Jul 2025 20:14:00,0.150
06 Jul 2025 20:14:45,0.179
06 Jul 2025 20:15:00,0.161
06 Jul 2025 20:15:30,0.174
06 Jul 2025 20:15:45,0.182
06 Jul 2025 20:16:30,0.186
06 Jul 2025 20:17:30,0.181
06 Jul 2025 20:18:00,0.177
06 Jul 2025 20:18:15,0.170
06 Jul 2025 20:18:45,0.167
06 Jul 2025 20:19:00,0.171
06 Jul 2025 20:19:15,0.187
06 Jul 2025 20:19:30,0.177
06 Jul 2025 20:19:45,0.184
06 Jul 2025 20:20:15,0.168
06 Jul 2025 20:20:45,0.185
06 Jul 2025 20:21:00,0.179
06 Jul 2025 20:21:15,0.181
06 Jul 2025 20:21:30,0.135
06 Jul 2025 20:21:45,0.320
06 Jul 2025 20:22:00,0.081
06 Jul 2025 20:22:30,0.180
06 Jul 2025 20:23:00,0.203
06 Jul 2025 20:24:00,0.174
06 Jul 2025 20:24:15,0.158
06 Jul 2025 20:24:30,0.184
06 Jul 2025 20:25:30,0.141
06 Jul 2025 20:25:45,0.203
06 Jul 2025 20:26:15,0.167
06 Jul 2025 20:26:30,0.167
06 Jul 2025 20:26:45,0.191
06 Jul 2025 20:27:15,0.165
06 Jul 2025 20:28:00,0.187
06 Jul 2025 20:28:30,0.175
06 Jul 2025 20:28:45,0.169
06 Jul 2025 20:29:30,0.165
06 Jul 2025 20:30:30,0.154
06 Jul 2025 20:31:00,0.175
06 Jul 2025 20:31:30,0.184
06 Jul 2025 20:33:00,0.154
06 Jul 2025 20:33:30,0.147
06 Jul 2025 20:34:15,0.147
06 Jul 2025 20:34:45,0.168
06 Jul 2025 20:35:00,0.177
06 Jul 2025 20:35:45,0.178
06 Jul 2025 20:36:30,0.158
06 Jul 2025 20:36:45,0.128
06 Jul 2025 20:37:15,0.120
06 Jul 2025 20:37:45,0.155
06 Jul 2025 20:38:00,0.185
06 Jul 2025 20:38:15,0.176
06 Jul 2025 20:38:30,0.169
06 Jul 2025 20:38:45,0.153
06 Jul 2025 20:40:00,0.150
06 Jul 2025 20:40:15,0.150
06 Jul 2025 20:40:30,0.152
06 Jul 2025 20:41:00,0.177
06 Jul 2025 20:42:15,0.181
06 Jul 2025 20:42:30,0.181
06 Jul 2025 20:44:00,0.157
06 Jul 2025 20:44:15,0.163
06 Jul 2025 20:44:30,0.157
06 Jul 2025 20:45:00,0.147
06 Jul 2025 20:45:30,0.166
06 Jul 2025 20:45:45,0.138
06 Jul 2025 20:46:00,0.150
06 Jul 2025 20:47:00,0.160
06 Jul 2025 20:47:30,0.158
06 Jul 2025 20:48:15,0.142
06 Jul 2025 20:48:45,0.156
06 Jul 2025 20:49:00,0.171
06 Jul 2025 20:49:15,0.156
06 Jul 2025 20:49:45,0.158
06 Jul 2025 20:50:15,0.139
06 Jul 2025 20:50:30,0.151
06 Jul 2025 20:51:00,0.147
06 Jul 2025 20:51:30,0.137
06 Jul 2025 20:51:45,0.134
06 Jul 2025 20:52:30,0.141
06 Jul 2025 20:52:45,0.156
06 Jul 2025 20:53:15,0.139
06 Jul 2025 20:53:30,0.151
06 Jul 2025 20:53:45,0.135
06 Jul 2025 20:54:00,0.161
06 Jul 2025 20:54:45,0.140
06 Jul 2025 20:55:00,0.145
06 Jul 2025 20:55:15,0.149
06 Jul 2025 20:56:00,0.143
06 Jul 2025 20:56:15,0.135
06 Jul 2025 20:57:00,0.122
06 Jul 2025 20:58:15,0.133
06 Jul 2025 20:58:30,0.133
06 Jul 2025 20:58:45,0.153
06 Jul 2025 20:59:00,0.149
06 Jul 2025 21:00:00,0.137
06 Jul 2025 21:00:45,0.144
06 Jul 2025 21:01:15,0.148
06 Jul 2025 21:01:30,0.138
06 Jul 2025 21:01:45,0.136
06 Jul 2025 21:02:00,0.143
06 Jul 2025 21:02:15,0.144
06 Jul 2025 21:02:30,0.129
06 Jul 2025 21:03:30,0.159
06 Jul 2025 21:04:15,0.130
06 Jul 2025 21:04:30,0.144
06 Jul 2025 21:04:45,0.161
06 Jul 2025 21:05:15,0.149
06 Jul 2025 21:05:30,0.145
06 Jul 2025 21:05:45,0.137
06 Jul 2025 21:06:15,0.127
06 Jul 2025 21:06:30,0.142
06 Jul 2025 21:07:30,0.150
06 Jul 2025 21:08:30,0.138
06 Jul 2025 21:09:00,0.151
06 Jul 2025 21:09:30,0.139
06 Jul 2025 21:10:15,0.119
06 Jul 2025 21:11:00,0.128
06 Jul 2025 21:11:15,0.125
06 Jul 2025 21:12:00,0.154
06 Jul 2025 21:12:30,0.140
06 Jul 2025 21:13:00,0.130
06 Jul 2025 21:13:15,0.141
06 Jul 2025 21:13:30,0.138
06 Jul 2025 21:14:30,0.132
06 Jul 2025 21:15:00,0.145
06 Jul 2025 21:15:30,0.129
06 Jul 2025 21:16:00,0.129
06 Jul 2025 21:16:15,0.121
06 Jul 2025 21:16:30,0.141
06 Jul 2025 21:16:45,0.125
06 Jul 2025 21:17:00,0.128
06 Jul 2025 21:17:30,0.133
06 Jul 2025 21:18:00,0.143
06 Jul 2025 21:18:45,0.136
06 Jul 2025 21:19:15,0.132
06 Jul 2025 21:20:15,0.131
06 Jul 2025 21:20:30,0.144
06 Jul 2025 21:21:00,0.134
06 Jul 2025 21:21:30,0.132
06 Jul 2025 21:21:45,0.148
06 Jul 2025 21:22:15,0.141
06 Jul 2025 21:22:30,0.130
06 Jul 2025 21:22:45,0.143
06 Jul 2025 21:23:00,0.151
06 Jul 2025 21:23:30,0.104
06 Jul 2025 21:23:45,0.136
06 Jul 2025 21:24:00,0.134
06 Jul 2025 21:24:15,0.137
06 Jul 2025 21:25:15,0.128
06 Jul 2025 21:25:30,0.129
06 Jul 2025 21:25:45,0.139
06 Jul 2025 21:26:30,0.141
06 Jul 2025 21:27:00,0.131
06 Jul 2025 21:27:15,0.141
06 Jul 2025 21:28:30,0.113
06 Jul 2025 21:28:45,0.124
06 Jul 2025 21:29:00,0.133
06 Jul 2025 21:30:15,0.152
06 Jul 2025 21:30:30,0.134
06 Jul 2025 21:30:45,0.149
06 Jul 2025 21:31:15,0.110
06 Jul 2025 21:31:30,0.125
06 Jul 2025 21:31:45,0.114
06 Jul 2025 21:32:15,0.145
06 Jul 2025 21:32:30,0.153
06 Jul 2025 21:33:00,0.154
06 Jul 2025 21:33:45,0.101
06 Jul 2025 21:34:15,0.122
06 Jul 2025 21:34:30,0.138
06 Jul 2025 21:34:45,0.138
06 Jul 2025 21:35:00,0.135
06 Jul 2025 21:35:15,0.139
06 Jul 2025 21:35:30,0.135
06 Jul 2025 21:36:30,0.142
06 Jul 2025 21:36:45,0.138
06 Jul 2025 21:37:00,0.124
06 Jul 2025 21:37:15,0.134
06 Jul 2025 21:37:30,0.130
06 Jul 2025 21:38:30,0.127
06 Jul 2025 21:38:45,0.123
06 Jul 2025 21:39:45,0.125
06 Jul 2025 21:40:00,0.143
06 Jul 2025 21:40:30,0.110
06 Jul 2025 21:41:00,0.097
06 Jul 2025 21:41:15,0.133
06 Jul 2025 21:42:45,0.114
06 Jul 2025 21:43:00,0.125
06 Jul 2025 21:43:30,0.106
06 Jul 2025 21:43:45,0.150
06 Jul 2025 21:44:00,0.131
06 Jul 2025 21:44:15,0.140
06 Jul 2025 21:44:45,0.114
06 Jul 2025 21:45:00,0.130
06 Jul 2025 21:46:15,0.113
06 Jul 2025 21:46:45,0.128
06 Jul 2025 21:47:15,0.123
06 Jul 2025 21:47:45,0.149
06 Jul 2025 21:48:00,0.128
06 Jul 2025 21:48:45,0.138
06 Jul 2025 21:49:15,0.127
06 Jul 2025 21:49:30,0.105
06 Jul 2025 21:50:00,0.123
06 Jul 2025 21:50:15,0.108
06 Jul 2025 21:50:30,0.119
06 Jul 2025 21:50:45,0.126
06 Jul 2025 21:51:00,0.116
06 Jul 2025 21:51:15,0.119
06 Jul 2025 21:51:30,0.132
06 Jul 2025 21:51:45,0.147
06 Jul 2025 21:52:30,0.095
06 Jul 2025 21:52:45,0.093
06 Jul 2025 21:53:00,0.118
06 Jul 2025 21:53:15,0.115
06 Jul 2025 21:53:30,0.124
06 Jul 2025 21:54:30,0.145
06 Jul 2025 21:54:45,0.132
06 Jul 2025 21:55:00,0.108
06 Jul 2025 21:55:30,0.132
06 Jul 2025 21:56:00,0.141
06 Jul 2025 21:56:30,0.112
06 Jul 2025 21:57:00,0.123
06 Jul 2025 21:57:15,0.113
06 Jul 2025 21:57:30,0.102
06 Jul 2025 21:58:00,0.136
06 Jul 2025 21:58:45,0.101
06 Jul 2025 21:59:30,0.124
06 Jul 2025 22:00:15,0.134
06 Jul 2025 22:00:45,0.147
06 Jul 2025 22:03:00,0.148
06 Jul 2025 22:03:15,0.142
06 Jul 2025 22:03:30,0.096
06 Jul 2025 22:04:00,0.166
06 Jul 2025 22:04:15,0.134
06 Jul 2025 22:05:15,0.122
06 Jul 2025 22:05:30,0.131
06 Jul 2025 22:06:00,0.120
06 Jul 2025 22:06:15,0.124
06 Jul 2025 22:07:00,0.137
06 Jul 2025 22:07:15,0.134
06 Jul 2025 22:07:30,0.112
06 Jul 2025 22:08:00,0.104
06 Jul 2025 22:08:45,0.126
06 Jul 2025 22:09:00,0.125
06 Jul 2025 22:09:30,0.135
06 Jul 2025 22:09:45,0.109
06 Jul 2025 22:10:00,0.123
06 Jul 2025 22:10:30,0.126
06 Jul 2025 22:11:00,0.110
06 Jul 2025 22:11:15,0.110
06 Jul 2025 22:11:30,0.123
06 Jul 2025 22:12:00,0.123
06 Jul 2025 22:12:30,0.121
06 Jul 2025 22:13:00,0.109
06 Jul 2025 22:13:45,0.131
06 Jul 2025 22:14:00,0.113
06 Jul 2025 22:14:15,0.132
06 Jul 2025 22:14:30,0.104
06 Jul 2025 22:14:45,0.107
06 Jul 2025 22:15:15,0.130
06 Jul 2025 22:15:30,0.108
06 Jul 2025 22:16:00,0.129
06 Jul 2025 22:16:15,0.094
06 Jul 2025 22:16:30,0.099
06 Jul 2025 22:16:45,0.123
06 Jul 2025 22:17:00,0.135
06 Jul 2025 22:17:30,0.116
06 Jul 2025 22:18:15,0.134
06 Jul 2025 22:18:45,0.127
06 Jul 2025 22:19:00,0.114
06 Jul 2025 22:20:30,0.127
06 Jul 2025 22:21:00,0.116
06 Jul 2025 22:21:15,0.118
06 Jul 2025 22:21:45,0.102
06 Jul 2025 22:22:00,0.127
06 Jul 2025 22:22:15,0.115
06 Jul 2025 22:22:30,0.120
06 Jul 2025 22:23:00,0.118
06 Jul 2025 22:23:45,0.100
06 Jul 2025 22:24:00,0.110
06 Jul 2025 22:24:15,0.100
06 Jul 2025 22:24:30,0.131
06 Jul 2025 22:25:30,0.104
06 Jul 2025 22:25:45,0.095
06 Jul 2025 22:26:00,0.129
06 Jul 2025 22:26:15,0.104
06 Jul 2025 22:26:30,0.127
06 Jul 2025 22:27:00,0.101
06 Jul 2025 22:27:15,0.116
06 Jul 2025 22:27:30,0.116
06 Jul 2025 22:27:45,0.126
06 Jul 2025 22:28:15,0.103
06 Jul 2025 22:29:15,0.124
06 Jul 2025 22:29:30,0.102
06 Jul 2025 22:30:00,0.143
06 Jul 2025 22:30:15,0.117
06 Jul 2025 22:30:30,0.120
06 Jul 2025 22:30:45,0.113
06 Jul 2025 22:31:00,0.124
06 Jul 2025 22:31:45,0.132
06 Jul 2025 22:32:00,0.124
06 Jul 2025 22:32:15,0.103
06 Jul 2025 22:33:00,0.098
06 Jul 2025 22:33:30,0.117
06 Jul 2025 22:35:00,0.153
06 Jul 2025 22:35:30,0.108
06 Jul 2025 22:35:45,0.120
06 Jul 2025 22:36:15,0.105
06 Jul 2025 22:36:45,0.149
06 Jul 2025 22:37:00,0.128
06 Jul 2025 22:37:15,0.104
06 Jul 2025 22:37:30,0.100
06 Jul 2025 22:38:00,0.119
06 Jul 2025 22:38:15,0.104
06 Jul 2025 22:38:30,0.126
06 Jul 2025 22:39:00,0.098
06 Jul 2025 22:39:15,0.104
06 Jul 2025 22:39:45,0.109
06 Jul 2025 22:40:30,0.124
06 Jul 2025 22:40:45,0.109
06 Jul 2025 22:42:00,0.118
06 Jul 2025 22:42:15,0.119
06 Jul 2025 22:43:00,0.139
06 Jul 2025 22:43:30,0.109
06 Jul 2025 22:44:00,0.093
06 Jul 2025 22:44:30,0.097
06 Jul 2025 22:45:15,0.103
06 Jul 2025 22:45:30,0.101
06 Jul 2025 22:45:45,0.122
06 Jul 2025 22:46:00,0.116
06 Jul 2025 22:46:15,0.115
06 Jul 2025 22:48:00,0.128
06 Jul 2025 22:48:45,0.088
06 Jul 2025 22:49:00,0.102
06 Jul 2025 22:49:15,0.117
06 Jul 2025 22:49:30,0.122
06 Jul 2025 22:50:15,0.096
06 Jul 2025 22:51:00,0.128
06 Jul 2025 22:51:15,0.123
06 Jul 2025 22:51:45,0.115
06 Jul 2025 22:52:30,0.113
06 Jul 2025 22:52:45,0.108
06 Jul 2025 22:53:45,0.105
06 Jul 2025 22:54:00,0.124
06 Jul 2025 22:54:15,0.104
06 Jul 2025 22:55:00,0.125
06 Jul 2025 22:55:15,0.108
06 Jul 2025 22:55:30,0.111
06 Jul 2025 22:56:00,0.119
06 Jul 2025 22:58:00,0.118
06 Jul 2025 22:58:15,0.099
06 Jul 2025 22:59:30,0.111
06 Jul 2025 23:00:15,0.126
06 Jul 2025 23:00:45,0.129
06 Jul 2025 23:01:00,0.120
06 Jul 2025 23:01:15,0.105
06 Jul 2025 23:02:00,0.119
06 Jul 2025 23:02:45,0.120
06 Jul 2025 23:03:00,0.127
06 Jul 2025 23:03:15,0.120
06 Jul 2025 23:03:45,0.097
06 Jul 2025 23:04:00,0.092
06 Jul 2025 23:04:30,0.119
06 Jul 2025 23:05:00,0.129
06 Jul 2025 23:06:45,0.117
06 Jul 2025 23:07:30,0.147
06 Jul 2025 23:07:45,0.126
06 Jul 2025 23:08:00,0.136
06 Jul 2025 23:08:30,0.110
06 Jul 2025 23:08:45,0.087
06 Jul 2025 23:09:00,0.118
06 Jul 2025 23:09:15,0.085
06 Jul 2025 23:09:30,0.099
06 Jul 2025 23:10:15,0.092
06 Jul 2025 23:10:30,0.116
06 Jul 2025 23:10:45,0.105
06 Jul 2025 23:11:15,0.105
06 Jul 2025 23:12:00,0.111
06 Jul 2025 23:12:15,0.119
06 Jul 2025 23:13:00,0.106
06 Jul 2025 23:13:45,0.100
06 Jul 2025 23:14:00,0.112
06 Jul 2025 23:14:30,0.125
06 Jul 2025 23:14:45,0.096
06 Jul 2025 23:15:00,0.112
06 Jul 2025 23:15:30,0.094
06 Jul 2025 23:15:45,0.091
06 Jul 2025 23:16:30,0.120
06 Jul 2025 23:16:45,0.109
06 Jul 2025 23:17:15,0.125
06 Jul 2025 23:18:00,0.106
06 Jul 2025 23:18:15,0.130
06 Jul 2025 23:18:30,0.110
06 Jul 2025 23:19:00,0.109
06 Jul 2025 23:19:45,0.128
06 Jul 2025 23:21:00,0.090
06 Jul 2025 23:21:15,0.095
06 Jul 2025 23:21:30,0.119
06 Jul 2025 23:22:00,0.124
06 Jul 2025 23:23:00,0.134
06 Jul 2025 23:23:30,0.093
06 Jul 2025 23:23:45,0.128
06 Jul 2025 23:24:00,0.109
06 Jul 2025 23:24:15,0.133
06 Jul 2025 23:24:45,0.111
06 Jul 2025 23:25:00,0.113
06 Jul 2025 23:25:15,0.117
06 Jul 2025 23:25:30,0.103
06 Jul 2025 23:25:45,0.109
06 Jul 2025 23:26:00,0.104
06 Jul 2025 23:26:15,0.113
06 Jul 2025 23:26:45,0.101
06 Jul 2025 23:27:00,0.130
06 Jul 2025 23:27:15,0.102
06 Jul 2025 23:27:30,0.106
06 Jul 2025 23:27:45,0.096
06 Jul 2025 23:29:15,0.107
06 Jul 2025 23:30:15,0.101
06 Jul 2025 23:30:30,0.098
06 Jul 2025 23:30:45,0.099
06 Jul 2025 23:31:15,0.111
06 Jul 2025 23:31:30,0.108
06 Jul 2025 23:32:30,0.121
06 Jul 2025 23:32:45,0.117
06 Jul 2025 23:33:00,0.112
06 Jul 2025 23:33:45,0.095
06 Jul 2025 23:34:30,0.110
06 Jul 2025 23:35:30,0.130
06 Jul 2025 23:36:30,0.117
06 Jul 2025 23:37:00,0.112
06 Jul 2025 23:37:15,0.121
06 Jul 2025 23:38:30,0.078
06 Jul 2025 23:38:45,0.116
06 Jul 2025 23:39:00,0.110
06 Jul 2025 23:39:30,0.094
06 Jul 2025 23:40:15,0.116
06 Jul 2025 23:40:30,0.111
06 Jul 2025 23:41:45,0.116
06 Jul 2025 23:42:00,0.128
06 Jul 2025 23:42:15,0.126
06 Jul 2025 23:43:00,0.133
06 Jul 2025 23:44:30,0.111
06 Jul 2025 23:46:00,0.116
06 Jul 2025 23:46:15,0.108
06 Jul 2025 23:46:30,0.119
06 Jul 2025 23:47:00,0.133
06 Jul 2025 23:47:15,0.129
06 Jul 2025 23:48:15,0.114
06 Jul 2025 23:49:15,0.099
06 Jul 2025 23:50:30,0.121
06 Jul 2025 23:51:00,0.107
06 Jul 2025 23:51:30,0.112
06 Jul 2025 23:51:45,0.112
06 Jul 2025 23:52:15,0.129
06 Jul 2025 23:52:30,0.114
06 Jul 2025 23:53:00,0.116
06 Jul 2025 23:53:15,0.106
06 Jul 2025 23:53:30,0.110
06 Jul 2025 23:53:45,0.101
06 Jul 2025 23:54:00,0.105
06 Jul 2025 23:54:30,0.099
06 Jul 2025 23:55:15,0.110
06 Jul 2025 23:55:30,0.111
06 Jul 2025 23:56:30,0.115
06 Jul 2025 23:56:45,0.121
06 Jul 2025 23:59:45,0.095
07 Jul 2025 00:00:00,0.102
07 Jul 2025 00:00:30,0.100
07 Jul 2025 00:00:45,0.099
07 Jul 2025 00:01:15,0.123
07 Jul 2025 00:02:00,0.104
07 Jul 2025 00:02:30,0.125
07 Jul 2025 00:02:45,0.122
07 Jul 2025 00:03:00,0.102
07 Jul 2025 00:03:30,0.127
07 Jul 2025 00:04:00,0.121
07 Jul 2025 00:04:15,0.124
07 Jul 2025 00:04:45,0.134
07 Jul 2025 00:05:00,0.127
07 Jul 2025 00:05:45,0.123
07 Jul 2025 00:06:15,0.119
07 Jul 2025 00:07:15,0.119
07 Jul 2025 00:08:15,0.144
07 Jul 2025 00:08:30,0.132
07 Jul 2025 00:08:45,0.122
07 Jul 2025 00:10:15,0.118
07 Jul 2025 00:10:30,0.123
07 Jul 2025 00:10:45,0.138
07 Jul 2025 00:11:00,0.142
07 Jul 2025 00:11:15,0.122
07 Jul 2025 00:11:30,0.133
07 Jul 2025 00:11:45,0.126
07 Jul 2025 00:12:30,0.129
07 Jul 2025 00:12:45,0.140
07 Jul 2025 00:13:00,0.117
07 Jul 2025 00:13:15,0.124
07 Jul 2025 00:13:45,0.131
07 Jul 2025 00:14:00,0.123
07 Jul 2025 00:14:15,0.138
07 Jul 2025 00:14:45,0.139
07 Jul 2025 00:15:00,0.139
07 Jul 2025 00:15:45,0.128
07 Jul 2025 00:16:30,0.131
07 Jul 2025 00:17:15,0.147
07 Jul 2025 00:18:00,0.115
07 Jul 2025 00:18:15,0.122
07 Jul 2025 00:18:30,0.128
07 Jul 2025 00:18:45,0.146
07 Jul 2025 00:19:00,0.131
07 Jul 2025 00:20:00,0.127
07 Jul 2025 00:20:15,0.125
07 Jul 2025 00:21:00,0.152
07 Jul 2025 00:21:15,0.136
07 Jul 2025 00:21:45,0.124
07 Jul 2025 00:22:30,0.154
07 Jul 2025 00:22:45,0.127
07 Jul 2025 00:23:00,0.135
07 Jul 2025 00:23:15,0.150
07 Jul 2025 00:23:30,0.127
07 Jul 2025 00:24:15,0.135
07 Jul 2025 00:24:30,0.121
07 Jul 2025 00:24:45,0.135
07 Jul 2025 00:25:45,0.132
07 Jul 2025 00:26:00,0.138
07 Jul 2025 00:26:15,0.138
07 Jul 2025 00:26:30,0.131
07 Jul 2025 00:26:45,0.121
07 Jul 2025 00:27:00,0.145
07 Jul 2025 00:27:15,0.134
07 Jul 2025 00:28:00,0.131
07 Jul 2025 00:28:15,0.129
07 Jul 2025 00:28:30,0.129
07 Jul 2025 00:29:00,0.132
07 Jul 2025 00:29:15,0.141
07 Jul 2025 00:29:30,0.125
07 Jul 2025 00:29:45,0.148
07 Jul 2025 00:30:00,0.123
07 Jul 2025 00:30:15,0.120
07 Jul 2025 00:30:30,0.125
07 Jul 2025 00:31:15,0.137
07 Jul 2025 00:31:30,0.130
07 Jul 2025 00:32:30,0.127
07 Jul 2025 00:33:15,0.115
07 Jul 2025 00:34:15,0.137
07 Jul 2025 00:35:15,0.129
07 Jul 2025 00:36:00,0.124
07 Jul 2025 00:36:15,0.140
07 Jul 2025 00:36:45,0.149
07 Jul 2025 00:37:00,0.166
07 Jul 2025 00:37:15,0.131
07 Jul 2025 00:37:30,0.125
07 Jul 2025 00:37:45,0.118
07 Jul 2025 00:38:30,0.133
07 Jul 2025 00:39:15,0.140
07 Jul 2025 00:39:45,0.139
07 Jul 2025 00:40:00,0.125
07 Jul 2025 00:40:15,0.136
07 Jul 2025 00:41:00,0.141
07 Jul 2025 00:41:15,0.141
07 Jul 2025 00:41:30,0.144
07 Jul 2025 00:41:45,0.143
07 Jul 2025 00:42:30,0.130
07 Jul 2025 00:42:45,0.139
07 Jul 2025 00:43:00,0.128
07 Jul 2025 00:44:00,0.130
07 Jul 2025 00:44:15,0.135
07 Jul 2025 00:44:30,0.122
07 Jul 2025 00:44:45,0.155
07 Jul 2025 00:45:15,0.160
07 Jul 2025 00:45:45,0.132
07 Jul 2025 00:46:00,0.143
07 Jul 2025 00:47:15,0.146
07 Jul 2025 00:48:00,0.145
07 Jul 2025 00:48:15,0.113
07 Jul 2025 00:48:45,0.128
07 Jul 2025 00:49:00,0.123
07 Jul 2025 00:49:30,0.139
07 Jul 2025 00:49:45,0.125
07 Jul 2025 00:50:15,0.146
07 Jul 2025 00:51:00,0.149
07 Jul 2025 00:51:30,0.121
07 Jul 2025 00:52:00,0.151
07 Jul 2025 00:52:30,0.158
07 Jul 2025 00:52:45,0.154
07 Jul 2025 00:53:30,0.130
07 Jul 2025 00:53:45,0.143
07 Jul 2025 00:54:45,0.134
07 Jul 2025 00:55:00,0.157
07 Jul 2025 00:55:15,0.128
07 Jul 2025 00:55:45,0.150
07 Jul 2025 00:56:00,0.172
07 Jul 2025 00:56:15,0.147
07 Jul 2025 00:56:45,0.150
07 Jul 2025 00:57:00,0.144
07 Jul 2025 00:57:15,0.135
07 Jul 2025 00:57:45,0.132
07 Jul 2025 00:58:30,0.141
07 Jul 2025 00:59:00,0.143
07 Jul 2025 00:59:45,0.125
07 Jul 2025 01:00:00,0.147
07 Jul 2025 01:00:15,0.133
07 Jul 2025 01:00:30,0.132
07 Jul 2025 01:01:00,0.141
07 Jul 2025 01:02:00,0.135
07 Jul 2025 01:02:15,0.140
07 Jul 2025 01:03:30,0.124
07 Jul 2025 01:05:00,0.139
07 Jul 2025 01:05:45,0.123
07 Jul 2025 01:06:00,0.136
07 Jul 2025 01:06:15,0.132
07 Jul 2025 01:06:30,0.150
07 Jul 2025 01:06:45,0.148
07 Jul 2025 01:08:15,0.156
07 Jul 2025 01:09:00,0.177
07 Jul 2025 01:09:15,0.147
07 Jul 2025 01:09:30,0.157
07 Jul 2025 01:10:00,0.171
07 Jul 2025 01:10:30,0.158
07 Jul 2025 01:10:45,0.152
07 Jul 2025 01:11:00,0.142
07 Jul 2025 01:11:15,0.146
07 Jul 2025 01:11:30,0.146
07 Jul 2025 01:12:30,0.176
07 Jul 2025 01:12:45,0.146
07 Jul 2025 01:13:15,0.163
07 Jul 2025 01:13:30,0.147
07 Jul 2025 01:14:30,0.154
07 Jul 2025 01:15:15,0.149
07 Jul 2025 01:15:30,0.153
07 Jul 2025 01:16:00,0.182
07 Jul 2025 01:16:30,0.170
07 Jul 2025 01:17:00,0.155
07 Jul 2025 01:17:30,0.146
07 Jul 2025 01:17:45,0.142
07 Jul 2025 01:18:15,0.135
07 Jul 2025 01:18:30,0.139
07 Jul 2025 01:19:00,0.173
07 Jul 2025 01:19:15,0.150
07 Jul 2025 01:19:45,0.146
07 Jul 2025 01:20:00,0.148
07 Jul 2025 01:20:15,0.160
07 Jul 2025 01:20:45,0.166
07 Jul 2025 01:21:00,0.128
07 Jul 2025 01:22:30,0.155
07 Jul 2025 01:22:45,0.162
07 Jul 2025 01:23:30,0.161
07 Jul 2025 01:23:45,0.163
07 Jul 2025 01:24:15,0.168
07 Jul 2025 01:24:30,0.167
07 Jul 2025 01:25:30,0.158
07 Jul 2025 01:26:00,0.181
07 Jul 2025 01:26:15,0.170
07 Jul 2025 01:26:30,0.153
07 Jul 2025 01:26:45,0.175
07 Jul 2025 01:27:15,0.156
07 Jul 2025 01:27:45,0.143
07 Jul 2025 01:28:00,0.169
07 Jul 2025 01:28:30,0.173
07 Jul 2025 01:28:45,0.150
07 Jul 2025 01:29:45,0.152
07 Jul 2025 01:30:00,0.162
07 Jul 2025 01:30:15,0.140
07 Jul 2025 01:30:45,0.138
07 Jul 2025 01:31:00,0.170
07 Jul 2025 01:31:15,0.166
07 Jul 2025 01:31:30,0.158
07 Jul 2025 01:31:45,0.165
07 Jul 2025 01:32:00,0.176
07 Jul 2025 01:32:15,0.164
07 Jul 2025 01:33:00,0.167
07 Jul 2025 01:33:45,0.167
07 Jul 2025 01:34:00,0.156
07 Jul 2025 01:34:30,0.144
07 Jul 2025 01:34:45,0.139
07 Jul 2025 01:35:00,0.146
07 Jul 2025 01:35:15,0.173
07 Jul 2025 01:35:30,0.174
07 Jul 2025 01:35:45,0.165
07 Jul 2025 01:37:00,0.145
07 Jul 2025 01:37:15,0.177
07 Jul 2025 01:37:30,0.181
07 Jul 2025 01:37:45,0.189
07 Jul 2025 01:38:30,0.168
07 Jul 2025 01:39:00,0.161
07 Jul 2025 01:39:45,0.148
07 Jul 2025 01:40:30,0.160
07 Jul 2025 01:40:45,0.168
07 Jul 2025 01:41:00,0.175
07 Jul 2025 01:42:45,0.151
07 Jul 2025 01:43:45,0.154
07 Jul 2025 01:44:45,0.172
07 Jul 2025 01:45:30,0.170
07 Jul 2025 01:45:45,0.146
07 Jul 2025 01:47:00,0.162
07 Jul 2025 01:47:15,0.131
07 Jul 2025 01:47:30,0.157
07 Jul 2025 01:48:00,0.158
07 Jul 2025 01:48:15,0.188
07 Jul 2025 01:48:30,0.179
07 Jul 2025 01:48:45,0.158
07 Jul 2025 01:49:15,0.157
07 Jul 2025 01:49:30,0.191
07 Jul 2025 01:50:00,0.169
07 Jul 2025 01:50:30,0.153
07 Jul 2025 01:50:45,0.175
07 Jul 2025 01:51:45,0.176
07 Jul 2025 01:52:00,0.177
07 Jul 2025 01:52:30,0.174
07 Jul 2025 01:53:00,0.178
07 Jul 2025 01:53:30,0.174
07 Jul 2025 01:53:45,0.171
07 Jul 2025 01:54:15,0.153
07 Jul 2025 01:54:45,0.192
07 Jul 2025 01:55:45,0.172
07 Jul 2025 01:56:00,0.154
07 Jul 2025 01:56:15,0.170
07 Jul 2025 01:56:30,0.186
07 Jul 2025 01:56:45,0.179
07 Jul 2025 01:57:00,0.183
07 Jul 2025 01:57:15,0.180
07 Jul 2025 01:59:00,0.169
07 Jul 2025 01:59:30,0.155
07 Jul 2025 02:00:00,0.163
07 Jul 2025 02:00:30,0.166
07 Jul 2025 02:01:00,0.175
07 Jul 2025 02:01:15,0.170
07 Jul 2025 02:01:30,0.169
07 Jul 2025 02:02:00,0.165
07 Jul 2025 02:02:15,0.163
07 Jul 2025 02:02:45,0.163
07 Jul 2025 02:03:15,0.183
07 Jul 2025 02:03:30,0.196
07 Jul 2025 02:04:15,0.178
07 Jul 2025 02:05:00,0.167
07 Jul 2025 02:05:15,0.199
07 Jul 2025 02:06:00,0.165
07 Jul 2025 02:06:15,0.182
07 Jul 2025 02:06:30,0.170
07 Jul 2025 02:07:00,0.178
07 Jul 2025 02:07:15,0.156
07 Jul 2025 02:07:30,0.175
07 Jul 2025 02:08:15,0.168
07 Jul 2025 02:08:30,0.170
07 Jul 2025 02:09:00,0.181
07 Jul 2025 02:09:30,0.173
07 Jul 2025 02:09:45,0.201
07 Jul 2025 02:10:00,0.177
07 Jul 2025 02:11:15,0.137
07 Jul 2025 02:12:15,0.150
07 Jul 2025 02:13:00,0.165
07 Jul 2025 02:14:00,0.188
07 Jul 2025 02:14:30,0.152
07 Jul 2025 02:14:45,0.180
07 Jul 2025 02:15:30,0.168
07 Jul 2025 02:15:45,0.173
07 Jul 2025 02:16:00,0.187
07 Jul 2025 02:16:30,0.168
07 Jul 2025 02:17:00,0.190
07 Jul 2025 02:17:15,0.185
07 Jul 2025 02:17:30,0.188
07 Jul 2025 02:19:15,0.191
07 Jul 2025 02:20:00,0.168
07 Jul 2025 02:20:45,0.172
07 Jul 2025 02:21:15,0.223
07 Jul 2025 02:22:00,0.216
07 Jul 2025 02:22:15,0.191
07 Jul 2025 02:23:00,0.164
07 Jul 2025 02:23:15,0.187
07 Jul 2025 02:23:30,0.216
07 Jul 2025 02:24:15,0.168
07 Jul 2025 02:24:30,0.145
07 Jul 2025 02:25:00,0.156
07 Jul 2025 02:26:00,0.177
07 Jul 2025 02:26:45,0.179
07 Jul 2025 02:27:00,0.194
07 Jul 2025 02:27:15,0.173
07 Jul 2025 02:27:30,0.178
07 Jul 2025 02:28:00,0.160
07 Jul 2025 02:28:15,0.180
07 Jul 2025 02:29:15,0.195
07 Jul 2025 02:29:45,0.222
07 Jul 2025 02:30:00,0.201
07 Jul 2025 02:30:15,0.167
07 Jul 2025 02:30:45,0.200
07 Jul 2025 02:31:15,0.201
07 Jul 2025 02:31:30,0.171
07 Jul 2025 02:31:45,0.190
07 Jul 2025 02:32:15,0.192
07 Jul 2025 02:33:00,0.185
07 Jul 2025 02:33:30,0.192
07 Jul 2025 02:34:15,0.175
07 Jul 2025 02:34:30,0.169
07 Jul 2025 02:35:00,0.158
07 Jul 2025 02:35:30,0.186
07 Jul 2025 02:36:00,0.172
07 Jul 2025 02:37:45,0.187
07 Jul 2025 02:38:15,0.196
07 Jul 2025 02:38:30,0.169
07 Jul 2025 02:38:45,0.205
07 Jul 2025 02:39:00,0.170
07 Jul 2025 02:39:15,0.195
07 Jul 2025 02:40:00,0.167
07 Jul 2025 02:40:30,0.168
07 Jul 2025 02:41:00,0.171
07 Jul 2025 02:41:15,0.155
07 Jul 2025 02:42:15,0.208
07 Jul 2025 02:42:30,0.174
07 Jul 2025 02:42:45,0.207
07 Jul 2025 02:43:00,0.188
07 Jul 2025 02:43:15,0.177
07 Jul 2025 02:44:15,0.196
07 Jul 2025 02:44:30,0.191
07 Jul 2025 02:45:00,0.187
07 Jul 2025 02:45:15,0.165
07 Jul 2025 02:45:30,0.181
07 Jul 2025 02:46:45,0.175
07 Jul 2025 02:47:00,0.180
07 Jul 2025 02:47:15,0.203
07 Jul 2025 02:47:45,0.189
07 Jul 2025 02:48:00,0.204
07 Jul 2025 02:49:00,0.165
07 Jul 2025 02:49:15,0.186
07 Jul 2025 02:49:30,0.192
07 Jul 2025 02:51:30,0.187
07 Jul 2025 02:53:15,0.178
07 Jul 2025 02:53:30,0.197
07 Jul 2025 02:53:45,0.200
07 Jul 2025 02:54:00,0.199
07 Jul 2025 02:54:45,0.187
07 Jul 2025 02:55:00,0.219
07 Jul 2025 02:55:30,0.201
07 Jul 2025 02:55:45,0.197
07 Jul 2025 02:56:30,0.196
07 Jul 2025 02:56:45,0.215
07 Jul 2025 02:57:15,0.221
07 Jul 2025 02:57:45,0.185
07 Jul 2025 02:58:00,0.187
07 Jul 2025 02:58:30,0.218
07 Jul 2025 02:59:30,0.210
07 Jul 2025 03:00:30,0.198
07 Jul 2025 03:02:30,0.206
07 Jul 2025 03:03:00,0.187
07 Jul 2025 03:03:30,0.205
07 Jul 2025 03:04:15,0.194
07 Jul 2025 03:04:45,0.202
07 Jul 2025 03:05:00,0.203
07 Jul 2025 03:05:30,0.206
07 Jul 2025 03:05:45,0.202
07 Jul 2025 03:06:00,0.185
07 Jul 2025 03:06:45,0.198
07 Jul 2025 03:07:00,0.207
07 Jul 2025 03:07:30,0.190
07 Jul 2025 03:07:45,0.209
07 Jul 2025 03:08:15,0.217
07 Jul 2025 03:08:45,0.182
07 Jul 2025 03:09:15,0.223
07 Jul 2025 03:09:30,0.176
07 Jul 2025 03:09:45,0.212
07 Jul 2025 03:10:00,0.206
07 Jul 2025 03:10:30,0.196
07 Jul 2025 03:11:15,0.198
07 Jul 2025 03:11:45,0.201
07 Jul 2025 03:12:30,0.190
07 Jul 2025 03:12:45,0.190
07 Jul 2025 03:13:30,0.192
07 Jul 2025 03:13:45,0.189
07 Jul 2025 03:14:00,0.191
07 Jul 2025 03:14:30,0.211
07 Jul 2025 03:15:15,0.206
07 Jul 2025 03:15:45,0.219
07 Jul 2025 03:16:00,0.197
07 Jul 2025 03:16:15,0.206
07 Jul 2025 03:16:30,0.225
07 Jul 2025 03:17:00,0.218
07 Jul 2025 03:17:15,0.193
07 Jul 2025 03:17:30,0.213
07 Jul 2025 03:18:00,0.226
07 Jul 2025 03:18:15,0.210
07 Jul 2025 03:18:45,0.217
07 Jul 2025 03:19:00,0.202
07 Jul 2025 03:19:15,0.206
07 Jul 2025 03:19:45,0.214
07 Jul 2025 03:20:15,0.231
07 Jul 2025 03:20:30,0.199
07 Jul 2025 03:20:45,0.204
07 Jul 2025 03:21:45,0.202
07 Jul 2025 03:22:15,0.212
07 Jul 2025 03:22:30,0.213
07 Jul 2025 03:22:45,0.191
07 Jul 2025 03:23:15,0.228
07 Jul 2025 03:23:45,0.216
07 Jul 2025 03:25:30,0.202
07 Jul 2025 03:25:45,0.226
07 Jul 2025 03:26:00,0.203
07 Jul 2025 03:26:15,0.191
07 Jul 2025 03:27:15,0.216
07 Jul 2025 03:27:30,0.202
07 Jul 2025 03:28:15,0.205
07 Jul 2025 03:28:30,0.203
07 Jul 2025 03:29:00,0.209
07 Jul 2025 03:29:15,0.222
07 Jul 2025 03:31:15,0.215
07 Jul 2025 03:31:30,0.204
07 Jul 2025 03:32:00,0.227
07 Jul 2025 03:33:00,0.197
07 Jul 2025 03:34:30,0.197
07 Jul 2025 03:36:15,0.209
07 Jul 2025 03:36:45,0.200
07 Jul 2025 03:37:00,0.197
07 Jul 2025 03:37:45,0.210
07 Jul 2025 03:38:15,0.225
07 Jul 2025 03:38:30,0.229
07 Jul 2025 03:39:00,0.208
07 Jul 2025 03:39:15,0.194
07 Jul 2025 03:39:30,0.200
07 Jul 2025 03:39:45,0.207
07 Jul 2025 03:40:00,0.223
07 Jul 2025 03:40:15,0.226
07 Jul 2025 03:40:45,0.213
07 Jul 2025 03:41:00,0.224
07 Jul 2025 03:41:30,0.234
07 Jul 2025 03:42:15,0.219
07 Jul 2025 03:42:45,0.207
07 Jul 2025 03:43:15,0.202
07 Jul 2025 03:43:45,0.200
07 Jul 2025 03:44:15,0.239
07 Jul 2025 03:44:30,0.220
07 Jul 2025 03:44:45,0.220
07 Jul 2025 03:45:15,0.218
07 Jul 2025 03:46:00,0.216
07 Jul 2025 03:46:30,0.198
07 Jul 2025 03:46:45,0.205
07 Jul 2025 03:47:15,0.213
07 Jul 2025 03:47:45,0.227
07 Jul 2025 03:48:45,0.219
07 Jul 2025 03:49:15,0.213
07 Jul 2025 03:49:30,0.234
07 Jul 2025 03:49:45,0.253
07 Jul 2025 03:51:00,0.198
07 Jul 2025 03:51:30,0.183
07 Jul 2025 03:51:45,0.179
07 Jul 2025 03:52:00,0.188
07 Jul 2025 03:53:00,0.202
07 Jul 2025 03:53:15,0.231
07 Jul 2025 03:53:30,0.250
07 Jul 2025 03:53:45,0.218
07 Jul 2025 03:54:15,0.235
07 Jul 2025 03:55:15,0.240
07 Jul 2025 03:55:45,0.194
07 Jul 2025 03:56:15,0.227
07 Jul 2025 03:56:30,0.210
07 Jul 2025 03:56:45,0.215
07 Jul 2025 03:57:00,0.223
07 Jul 2025 03:57:30,0.183
07 Jul 2025 03:57:45,0.226
07 Jul 2025 03:58:00,0.206
07 Jul 2025 03:58:45,0.217
07 Jul 2025 03:59:00,0.214
07 Jul 2025 03:59:15,0.220
07 Jul 2025 03:59:45,0.231
07 Jul 2025 04:00:00,0.220
07 Jul 2025 04:00:45,0.220
07 Jul 2025 04:01:30,0.223
07 Jul 2025 04:01:45,0.193
07 Jul 2025 04:02:00,0.194
07 Jul 2025 04:02:15,0.208
07 Jul 2025 04:02:30,0.236
07 Jul 2025 04:02:45,0.221
07 Jul 2025 04:03:00,0.223
07 Jul 2025 04:03:30,0.211
07 Jul 2025 04:03:45,0.229
07 Jul 2025 04:04:15,0.226
07 Jul 2025 04:04:30,0.225
07 Jul 2025 04:05:15,0.235
07 Jul 2025 04:05:30,0.211
07 Jul 2025 04:06:00,0.206
07 Jul 2025 04:06:15,0.218
07 Jul 2025 04:07:30,0.224
07 Jul 2025 04:08:00,0.228
07 Jul 2025 04:08:30,0.217
07 Jul 2025 04:08:45,0.220
07 Jul 2025 04:09:00,0.201
07 Jul 2025 04:09:30,0.220
07 Jul 2025 04:09:45,0.217
07 Jul 2025 04:10:15,0.235
07 Jul 2025 04:11:00,0.230
07 Jul 2025 04:11:45,0.243
07 Jul 2025 04:12:00,0.240
07 Jul 2025 04:12:30,0.244
07 Jul 2025 04:13:00,0.238
07 Jul 2025 04:13:15,0.228
07 Jul 2025 04:13:30,0.241
07 Jul 2025 04:14:30,0.262
07 Jul 2025 04:15:00,0.229
07 Jul 2025 04:15:15,0.211
07 Jul 2025 04:16:00,0.222
07 Jul 2025 04:16:15,0.228
07 Jul 2025 04:17:45,0.228
07 Jul 2025 04:18:15,0.227
07 Jul 2025 04:19:00,0.208
07 Jul 2025 04:19:15,0.215
07 Jul 2025 04:19:30,0.210
07 Jul 2025 04:19:45,0.206
07 Jul 2025 04:20:30,0.245
07 Jul 2025 04:20:45,0.212
07 Jul 2025 04:21:00,0.246
07 Jul 2025 04:21:15,0.245
07 Jul 2025 04:21:30,0.229
07 Jul 2025 04:22:00,0.231
07 Jul 2025 04:22:15,0.221
07 Jul 2025 04:22:30,0.233
07 Jul 2025 04:22:45,0.225
07 Jul 2025 04:23:00,0.211
07 Jul 2025 04:23:15,0.217
07 Jul 2025 04:23:30,0.204
07 Jul 2025 04:24:00,0.230
07 Jul 2025 04:24:30,0.206
07 Jul 2025 04:24:45,0.236
07 Jul 2025 04:26:00,0.221
07 Jul 2025 04:26:15,0.212
07 Jul 2025 04:26:30,0.245
07 Jul 2025 04:26:45,0.226
07 Jul 2025 04:27:00,0.244
07 Jul 2025 04:27:30,0.250
07 Jul 2025 04:28:00,0.245
07 Jul 2025 04:28:30,0.192
07 Jul 2025 04:28:45,0.212
07 Jul 2025 04:29:00,0.241
07 Jul 2025 04:29:15,0.229
07 Jul 2025 04:29:45,0.235
07 Jul 2025 04:30:15,0.211
07 Jul 2025 04:31:15,0.241
07 Jul 2025 04:31:30,0.201
07 Jul 2025 04:31:45,0.274
07 Jul 2025 04:32:00,0.198
07 Jul 2025 04:32:30,0.240
07 Jul 2025 04:32:45,0.205
07 Jul 2025 04:33:30,0.225
07 Jul 2025 04:33:45,0.245
07 Jul 2025 04:35:30,0.214
07 Jul 2025 04:36:15,0.229
07 Jul 2025 04:36:30,0.224
07 Jul 2025 04:36:45,0.248
07 Jul 2025 04:37:45,0.239
07 Jul 2025 04:38:15,0.249
07 Jul 2025 04:38:45,0.241
07 Jul 2025 04:39:00,0.219
07 Jul 2025 04:39:30,0.239
07 Jul 2025 04:39:45,0.206
07 Jul 2025 04:41:45,0.219
07 Jul 2025 04:42:00,0.238
07 Jul 2025 04:42:45,0.214
07 Jul 2025 04:43:30,0.216
07 Jul 2025 04:44:00,0.216
07 Jul 2025 04:44:15,0.209
07 Jul 2025 04:44:30,0.226
07 Jul 2025 04:45:00,0.218
07 Jul 2025 04:45:15,0.235
07 Jul 2025 04:45:45,0.215
07 Jul 2025 04:46:00,0.235
07 Jul 2025 04:46:15,0.263
07 Jul 2025 04:47:00,0.226
07 Jul 2025 04:47:30,0.253
07 Jul 2025 04:48:00,0.214
07 Jul 2025 04:48:15,0.261
07 Jul 2025 04:49:00,0.212
07 Jul 2025 04:50:00,0.227
07 Jul 2025 04:50:30,0.225
07 Jul 2025 04:50:45,0.226
07 Jul 2025 04:51:00,0.246
07 Jul 2025 04:51:15,0.219
07 Jul 2025 04:51:30,0.215
07 Jul 2025 04:52:30,0.234
07 Jul 2025 04:52:45,0.218
07 Jul 2025 04:53:15,0.226
07 Jul 2025 04:53:45,0.220
07 Jul 2025 04:54:15,0.219
07 Jul 2025 04:54:30,0.243
07 Jul 2025 04:55:30,0.227
07 Jul 2025 04:56:00,0.223
07 Jul 2025 04:56:30,0.238
07 Jul 2025 04:56:45,0.195
07 Jul 2025 04:57:00,0.235
07 Jul 2025 04:57:15,0.247
07 Jul 2025 04:57:30,0.205
07 Jul 2025 04:58:00,0.211
07 Jul 2025 04:58:15,0.229
07 Jul 2025 04:58:30,0.248
07 Jul 2025 04:59:15,0.212
07 Jul 2025 04:59:45,0.231
07 Jul 2025 05:00:15,0.209
07 Jul 2025 05:00:30,0.212
07 Jul 2025 05:00:45,0.222
07 Jul 2025 05:01:30,0.233
07 Jul 2025 05:02:15,0.228
07 Jul 2025 05:02:30,0.231
07 Jul 2025 05:03:15,0.235
07 Jul 2025 05:03:30,0.223
07 Jul 2025 05:04:00,0.210
07 Jul 2025 05:05:00,0.242
07 Jul 2025 05:05:30,0.238
07 Jul 2025 05:07:15,0.254
07 Jul 2025 05:07:30,0.226
07 Jul 2025 05:07:45,0.224
07 Jul 2025 05:09:15,0.235
07 Jul 2025 05:09:30,0.225
07 Jul 2025 05:09:45,0.230
07 Jul 2025 05:10:30,0.269
07 Jul 2025 05:11:45,0.227
07 Jul 2025 05:12:45,0.211
07 Jul 2025 05:13:00,0.218
07 Jul 2025 05:13:15,0.214
07 Jul 2025 05:13:30,0.239
07 Jul 2025 05:14:15,0.184
07 Jul 2025 05:14:30,0.244
07 Jul 2025 05:15:15,0.231
07 Jul 2025 05:15:30,0.211
07 Jul 2025 05:16:45,0.211
07 Jul 2025 05:17:15,0.244
07 Jul 2025 05:18:00,0.212
07 Jul 2025 05:19:00,0.199
07 Jul 2025 05:19:30,0.253
07 Jul 2025 05:19:45,0.228
07 Jul 2025 05:20:45,0.249
07 Jul 2025 05:21:15,0.236
07 Jul 2025 05:21:30,0.256
07 Jul 2025 05:22:30,0.214
07 Jul 2025 05:23:00,0.220
07 Jul 2025 05:23:15,0.226
07 Jul 2025 05:24:15,0.211
07 Jul 2025 05:25:00,0.248
07 Jul 2025 05:25:15,0.252
07 Jul 2025 05:25:30,0.238
07 Jul 2025 05:26:15,0.228
07 Jul 2025 05:26:30,0.219
07 Jul 2025 05:27:00,0.212
07 Jul 2025 05:27:15,0.238
07 Jul 2025 05:28:00,0.243
07 Jul 2025 05:28:30,0.229
07 Jul 2025 05:28:45,0.196
07 Jul 2025 05:29:15,0.235
07 Jul 2025 05:29:30,0.231
07 Jul 2025 05:29:45,0.197
07 Jul 2025 05:30:15,0.229
07 Jul 2025 05:30:45,0.252
07 Jul 2025 05:31:30,0.246
07 Jul 2025 05:32:30,0.195
07 Jul 2025 05:33:15,0.223
07 Jul 2025 05:33:30,0.218
07 Jul 2025 05:34:30,0.229
07 Jul 2025 05:35:00,0.264
07 Jul 2025 05:35:15,0.205
07 Jul 2025 05:35:30,0.226
07 Jul 2025 05:35:45,0.243
07 Jul 2025 05:36:15,0.221
07 Jul 2025 05:37:00,0.192
07 Jul 2025 05:38:15,0.226
07 Jul 2025 05:38:30,0.232
07 Jul 2025 05:38:45,0.235
07 Jul 2025 05:39:15,0.242
07 Jul 2025 05:39:30,0.216
07 Jul 2025 05:40:00,0.207
07 Jul 2025 05:40:15,0.237
07 Jul 2025 05:40:30,0.239
07 Jul 2025 05:41:30,0.246
07 Jul 2025 05:42:15,0.181
07 Jul 2025 05:43:00,0.229
07 Jul 2025 05:44:15,0.201
07 Jul 2025 05:45:45,0.207
07 Jul 2025 05:46:00,0.232
07 Jul 2025 05:48:00,0.160
07 Jul 2025 05:48:15,0.253
07 Jul 2025 05:48:45,0.249
07 Jul 2025 05:49:00,0.170
07 Jul 2025 05:49:15,0.165
07 Jul 2025 05:50:00,0.219
07 Jul 2025 05:50:30,0.274
07 Jul 2025 05:50:45,0.238
07 Jul 2025 05:51:00,0.232
07 Jul 2025 05:51:30,0.227
07 Jul 2025 05:52:15,0.247
07 Jul 2025 05:52:30,0.243
07 Jul 2025 05:52:45,0.237
07 Jul 2025 05:53:00,0.254
07 Jul 2025 05:53:15,0.240
07 Jul 2025 05:53:30,0.256
07 Jul 2025 05:53:45,0.217
07 Jul 2025 05:54:15,0.245
07 Jul 2025 05:55:15,0.233
07 Jul 2025 05:55:30,0.170
07 Jul 2025 05:57:00,0.222
07 Jul 2025 05:57:15,0.197
07 Jul 2025 05:57:30,0.219
07 Jul 2025 05:58:00,0.259
07 Jul 2025 05:59:15,0.262
07 Jul 2025 05:59:45,0.192
07 Jul 2025 06:00:45,0.209
07 Jul 2025 06:01:00,0.232
07 Jul 2025 06:01:45,0.244
07 Jul 2025 06:02:00,0.189
07 Jul 2025 06:02:30,0.220
07 Jul 2025 06:02:45,0.213
07 Jul 2025 06:03:00,0.218
07 Jul 2025 06:03:15,0.213
07 Jul 2025 06:03:30,0.221
07 Jul 2025 06:04:30,0.185
07 Jul 2025 06:05:00,0.259
07 Jul 2025 06:05:15,0.210
07 Jul 2025 06:06:00,0.206
07 Jul 2025 06:06:15,0.154
07 Jul 2025 06:06:30,0.234
07 Jul 2025 06:06:45,0.284
07 Jul 2025 06:07:00,0.244
07 Jul 2025 06:07:30,0.270
07 Jul 2025 06:07:45,0.241
07 Jul 2025 06:08:00,0.237
07 Jul 2025 06:08:30,0.248
07 Jul 2025 06:08:45,0.247
07 Jul 2025 06:09:45,0.219
07 Jul 2025 06:10:30,0.273
07 Jul 2025 06:10:45,0.232
07 Jul 2025 06:11:45,0.287
07 Jul 2025 06:12:15,0.194
07 Jul 2025 06:12:45,0.175
07 Jul 2025 06:13:15,0.239
07 Jul 2025 06:13:30,0.176
07 Jul 2025 06:13:45,0.218
07 Jul 2025 06:14:00,0.218
07 Jul 2025 06:14:15,0.197
07 Jul 2025 06:14:30,0.213
07 Jul 2025 06:15:00,0.215
07 Jul 2025 06:15:30,0.239
07 Jul 2025 06:16:00,0.204
07 Jul 2025 06:16:15,0.241
07 Jul 2025 06:16:45,0.213
07 Jul 2025 06:17:15,0.153
07 Jul 2025 06:18:00,0.176
07 Jul 2025 06:19:15,0.202
07 Jul 2025 06:19:30,0.098
07 Jul 2025 06:19:45,0.277
07 Jul 2025 06:20:00,0.184
07 Jul 2025 06:20:15,0.255
07 Jul 2025 06:20:45,0.175
07 Jul 2025 06:21:00,0.252
07 Jul 2025 06:21:15,0.204
07 Jul 2025 06:21:45,0.248
07 Jul 2025 06:22:00,0.184
07 Jul 2025 06:22:15,0.276
07 Jul 2025 06:22:30,0.182
07 Jul 2025 06:23:00,0.199
07 Jul 2025 06:23:30,0.195
07 Jul 2025 06:23:45,0.210
07 Jul 2025 06:24:00,0.148
07 Jul 2025 06:25:30,0.246
07 Jul 2025 06:25:45,0.121
07 Jul 2025 06:26:00,0.230
07 Jul 2025 06:26:15,0.225
07 Jul 2025 06:26:45,0.273
07 Jul 2025 06:27:15,0.275
07 Jul 2025 06:28:00,0.149
07 Jul 2025 06:28:45,0.168
07 Jul 2025 06:29:00,0.142
07 Jul 2025 06:29:45,0.261
07 Jul 2025 06:30:00,0.179
07 Jul 2025 06:30:45,0.150
07 Jul 2025 06:32:00,0.234
07 Jul 2025 06:32:30,0.221
07 Jul 2025 06:32:45,0.218
07 Jul 2025 06:33:15,0.166
07 Jul 2025 06:33:45,0.197
07 Jul 2025 06:34:00,0.155
07 Jul 2025 06:34:15,0.205
07 Jul 2025 06:34:30,0.210
07 Jul 2025 06:34:45,0.222
07 Jul 2025 06:35:00,0.190
07 Jul 2025 06:35:15,0.207
07 Jul 2025 06:35:45,0.181
07 Jul 2025 06:36:45,0.224
07 Jul 2025 06:37:00,0.193
07 Jul 2025 06:37:15,0.194
07 Jul 2025 06:38:00,0.132
07 Jul 2025 06:38:45,0.199
07 Jul 2025 06:39:15,0.219
07 Jul 2025 06:39:30,0.235
07 Jul 2025 06:40:15,0.104
07 Jul 2025 06:40:45,0.193
07 Jul 2025 06:41:00,0.204
07 Jul 2025 06:41:30,0.165
07 Jul 2025 06:41:45,0.160
07 Jul 2025 06:42:30,0.213
07 Jul 2025 06:43:00,0.159
07 Jul 2025 06:43:15,0.216
07 Jul 2025 06:44:15,0.174
07 Jul 2025 06:44:30,0.194
07 Jul 2025 06:44:45,0.128
07 Jul 2025 06:45:15,0.222
07 Jul 2025 06:45:45,0.218
07 Jul 2025 06:46:00,0.198
07 Jul 2025 06:46:15,0.193
07 Jul 2025 06:46:30,0.169
07 Jul 2025 06:47:00,0.220
07 Jul 2025 06:47:30,0.122
07 Jul 2025 06:47:45,0.219
07 Jul 2025 06:49:15,0.191
07 Jul 2025 06:49:30,0.227
07 Jul 2025 06:50:00,0.249
07 Jul 2025 06:50:15,0.146
07 Jul 2025 06:50:45,0.223
07 Jul 2025 06:51:00,0.151
07 Jul 2025 06:51:15,0.336
07 Jul 2025 06:51:45,0.310
07 Jul 2025 06:52:00,0.215
07 Jul 2025 06:52:15,0.125
07 Jul 2025 06:52:45,0.272
07 Jul 2025 06:53:00,0.242
07 Jul 2025 06:53:45,0.178
07 Jul 2025 06:54:15,0.306
07 Jul 2025 06:55:15,0.148
07 Jul 2025 06:55:45,0.116
07 Jul 2025 06:56:00,0.311
07 Jul 2025 06:56:30,0.128
07 Jul 2025 06:57:00,0.093
07 Jul 2025 06:57:15,0.189
07 Jul 2025 06:57:30,0.199
07 Jul 2025 06:58:00,0.114
07 Jul 2025 06:58:30,0.214
07 Jul 2025 06:58:45,0.165
07 Jul 2025 06:59:15,0.245
07 Jul 2025 06:59:45,0.114
07 Jul 2025 07:00:15,0.239
07 Jul 2025 07:02:00,0.184
07 Jul 2025 07:02:30,0.115
07 Jul 2025 07:02:45,0.154
07 Jul 2025 07:03:15,0.217
07 Jul 2025 07:03:30,0.090
07 Jul 2025 07:03:45,0.255
07 Jul 2025 07:04:00,0.105
07 Jul 2025 07:04:30,0.149
07 Jul 2025 07:04:45,0.284
07 Jul 2025 07:05:00,0.179
07 Jul 2025 07:05:15,0.184
07 Jul 2025 07:05:30,0.154
07 Jul 2025 07:05:45,0.159
07 Jul 2025 07:06:00,0.211
07 Jul 2025 07:06:15,0.236
07 Jul 2025 07:06:30,0.180
07 Jul 2025 07:06:45,0.176
07 Jul 2025 07:07:00,0.153
07 Jul 2025 07:08:00,0.151
07 Jul 2025 07:08:15,0.173
07 Jul 2025 07:09:00,0.116
07 Jul 2025 07:09:15,0.124
07 Jul 2025 07:09:30,0.098
07 Jul 2025 07:10:00,0.145
07 Jul 2025 07:10:30,0.228
07 Jul 2025 07:10:45,0.271
07 Jul 2025 07:11:00,0.216
07 Jul 2025 07:11:15,0.186
07 Jul 2025 07:11:45,0.226
07 Jul 2025 07:12:15,0.174
07 Jul 2025 07:13:00,0.115
07 Jul 2025 07:14:30,0.144
07 Jul 2025 07:14:45,0.153
07 Jul 2025 07:15:00,0.179
07 Jul 2025 07:16:00,0.215
07 Jul 2025 07:16:15,0.233
07 Jul 2025 07:16:45,0.152
07 Jul 2025 07:17:00,0.203
07 Jul 2025 07:17:15,0.140
07 Jul 2025 07:17:30,0.141
07 Jul 2025 07:18:00,0.328
07 Jul 2025 07:18:15,0.194
07 Jul 2025 07:18:45,0.240
07 Jul 2025 07:19:00,0.074
07 Jul 2025 07:19:15,0.190
07 Jul 2025 07:19:45,0.203
07 Jul 2025 07:20:15,0.162
07 Jul 2025 07:21:00,0.200
07 Jul 2025 07:21:30,0.127
07 Jul 2025 07:21:45,0.179
07 Jul 2025 07:22:15,0.233
07 Jul 2025 07:22:30,0.141
07 Jul 2025 07:24:00,0.116
07 Jul 2025 07:24:15,0.214
07 Jul 2025 07:24:30,0.235
07 Jul 2025 07:24:45,0.230
07 Jul 2025 07:25:30,0.213
07 Jul 2025 07:25:45,0.159
07 Jul 2025 07:26:15,0.149
07 Jul 2025 07:26:30,0.206
07 Jul 2025 07:27:00,0.116
07 Jul 2025 07:27:45,0.180
07 Jul 2025 07:28:45,0.233
07 Jul 2025 07:29:00,0.136
07 Jul 2025 07:30:00,0.156
07 Jul 2025 07:30:30,0.082
07 Jul 2025 07:31:15,0.144
07 Jul 2025 07:31:30,0.158
07 Jul 2025 07:32:30,0.219
07 Jul 2025 07:32:45,0.143
07 Jul 2025 07:34:45,0.148
07 Jul 2025 07:35:15,0.162
07 Jul 2025 07:35:30,0.115
07 Jul 2025 07:35:45,0.245
07 Jul 2025 07:36:15,0.261
07 Jul 2025 07:36:45,0.116
07 Jul 2025 07:37:00,0.190
07 Jul 2025 07:37:15,0.147
07 Jul 2025 07:37:30,0.104
07 Jul 2025 07:37:45,0.277
07 Jul 2025 07:38:00,0.083
07 Jul 2025 07:38:15,0.188
07 Jul 2025 07:38:30,0.146
07 Jul 2025 07:39:15,0.171
07 Jul 2025 07:40:45,0.160
07 Jul 2025 07:41:30,0.222
07 Jul 2025 07:41:45,0.187
07 Jul 2025 07:42:00,0.175
07 Jul 2025 07:42:30,0.204
07 Jul 2025 07:42:45,0.203
07 Jul 2025 07:43:00,0.133
07 Jul 2025 07:43:30,0.226
07 Jul 2025 07:44:00,0.185
07 Jul 2025 07:44:15,0.127
07 Jul 2025 07:45:15,0.219
07 Jul 2025 07:46:15,0.012
07 Jul 2025 07:46:30,0.062
07 Jul 2025 07:46:45,0.104
07 Jul 2025 07:47:30,0.140
07 Jul 2025 07:48:15,0.114
07 Jul 2025 07:49:30,0.136
07 Jul 2025 07:49:45,0.239
07 Jul 2025 07:50:15,0.148
07 Jul 2025 07:50:30,0.184
07 Jul 2025 07:51:15,0.273
07 Jul 2025 07:51:30,0.103
07 Jul 2025 07:51:45,0.125
07 Jul 2025 07:52:45,0.135
07 Jul 2025 07:53:00,0.187
07 Jul 2025 07:53:15,0.144
07 Jul 2025 07:53:45,0.147
07 Jul 2025 07:54:30,0.135
07 Jul 2025 07:54:45,0.172
07 Jul 2025 07:55:15,0.178
07 Jul 2025 07:55:30,0.179
07 Jul 2025 07:55:45,0.219
07 Jul 2025 07:56:00,0.166
07 Jul 2025 07:56:15,0.151
07 Jul 2025 07:57:30,0.165
07 Jul 2025 07:57:45,0.079
07 Jul 2025 07:58:00,0.163
07 Jul 2025 07:58:15,0.129
07 Jul 2025 07:58:30,0.181
07 Jul 2025 07:59:30,0.088
07 Jul 2025 07:59:45,0.097
07 Jul 2025 08:01:15,0.164
07 Jul 2025 08:01:45,0.192
07 Jul 2025 08:02:30,0.213
07 Jul 2025 08:03:00,0.052
07 Jul 2025 08:03:15,0.105
07 Jul 2025 08:03:30,0.194
07 Jul 2025 08:03:45,0.125
07 Jul 2025 08:04:15,0.131
07 Jul 2025 08:04:30,0.116
07 Jul 2025 08:05:30,0.071
07 Jul 2025 08:05:45,0.155
07 Jul 2025 08:06:45,0.132
07 Jul 2025 08:08:00,0.087
07 Jul 2025 08:08:15,0.119
07 Jul 2025 08:09:45,0.156
07 Jul 2025 08:10:00,0.143
07 Jul 2025 08:10:15,0.078
07 Jul 2025 08:10:45,0.105
07 Jul 2025 08:11:30,0.145
07 Jul 2025 08:12:15,0.123
07 Jul 2025 08:13:00,0.144
07 Jul 2025 08:14:15,0.121
07 Jul 2025 08:15:00,0.141
07 Jul 2025 08:15:30,0.199
07 Jul 2025 08:16:15,0.095
07 Jul 2025 08:16:30,0.173
07 Jul 2025 08:17:15,0.150
07 Jul 2025 08:17:45,0.172
07 Jul 2025 08:18:00,0.115
07 Jul 2025 08:18:15,0.118
07 Jul 2025 08:18:30,0.157
07 Jul 2025 08:19:00,0.171
07 Jul 2025 08:19:15,0.145
07 Jul 2025 08:19:30,0.145
07 Jul 2025 08:20:30,0.096
07 Jul 2025 08:20:45,0.182
07 Jul 2025 08:21:00,0.065
07 Jul 2025 08:21:30,0.145
07 Jul 2025 08:21:45,0.134
07 Jul 2025 08:22:00,0.060
07 Jul 2025 08:23:00,0.093
07 Jul 2025 08:23:15,0.119
07 Jul 2025 08:24:00,0.140
07 Jul 2025 08:25:00,0.068
07 Jul 2025 08:25:15,0.180
07 Jul 2025 08:25:30,0.139
07 Jul 2025 08:26:00,0.108
07 Jul 2025 08:26:45,0.118
07 Jul 2025 08:27:00,0.093
07 Jul 2025 08:27:15,0.136
07 Jul 2025 08:28:30,0.164
07 Jul 2025 08:29:00,0.124
07 Jul 2025 08:29:15,0.084
07 Jul 2025 08:30:00,0.134
07 Jul 2025 08:30:30,0.133
07 Jul 2025 08:30:45,0.089
07 Jul 2025 08:31:15,0.091
07 Jul 2025 08:32:15,0.165
07 Jul 2025 08:32:30,0.164
07 Jul 2025 08:33:15,0.114
07 Jul 2025 08:34:00,0.117
07 Jul 2025 08:34:15,0.105
07 Jul 2025 08:34:30,0.122
07 Jul 2025 08:35:30,0.172
07 Jul 2025 08:36:00,0.131
07 Jul 2025 08:36:30,0.062
07 Jul 2025 08:36:45,0.161
07 Jul 2025 08:37:00,0.169
07 Jul 2025 08:37:30,0.086
07 Jul 2025 08:37:45,0.111
07 Jul 2025 08:38:00,0.105
07 Jul 2025 08:39:30,0.105
07 Jul 2025 08:40:00,0.195
07 Jul 2025 08:41:00,0.091
07 Jul 2025 08:41:15,0.098
07 Jul 2025 08:42:30,0.104
07 Jul 2025 08:42:45,0.128
07 Jul 2025 08:43:15,0.140
07 Jul 2025 08:44:00,0.143
07 Jul 2025 08:44:30,0.145
07 Jul 2025 08:45:00,0.111
07 Jul 2025 08:46:00,0.085
07 Jul 2025 08:46:15,0.059
07 Jul 2025 08:47:15,0.165
07 Jul 2025 08:48:00,0.137
07 Jul 2025 08:48:45,0.176
07 Jul 2025 08:50:00,0.165
07 Jul 2025 08:50:15,0.152
07 Jul 2025 08:50:45,0.142
07 Jul 2025 08:51:00,0.091
07 Jul 2025 08:51:30,0.158
07 Jul 2025 08:51:45,0.145
07 Jul 2025 08:52:15,0.048
07 Jul 2025 08:52:30,0.171
07 Jul 2025 08:52:45,0.146
07 Jul 2025 08:53:15,0.152
07 Jul 2025 08:53:30,0.116
07 Jul 2025 08:55:15,0.116
07 Jul 2025 08:55:30,0.158
07 Jul 2025 08:55:45,0.140
07 Jul 2025 08:56:00,0.120
07 Jul 2025 08:56:15,0.141
07 Jul 2025 08:56:45,0.096
07 Jul 2025 08:57:15,0.052
07 Jul 2025 08:57:45,0.127
07 Jul 2025 08:58:00,0.151
07 Jul 2025 08:58:15,0.061
07 Jul 2025 08:58:30,0.125
07 Jul 2025 08:58:45,0.103
07 Jul 2025 08:59:00,0.139
07 Jul 2025 08:59:15,0.148
07 Jul 2025 08:59:30,0.146
07 Jul 2025 09:00:00,0.165
07 Jul 2025 09:00:30,0.087
07 Jul 2025 09:00:45,0.098
07 Jul 2025 09:01:30,0.125
07 Jul 2025 09:02:00,0.107
07 Jul 2025 09:02:15,0.085
07 Jul 2025 09:02:30,0.077
07 Jul 2025 09:03:00,0.157
07 Jul 2025 09:03:15,0.125
07 Jul 2025 09:04:00,0.161
07 Jul 2025 09:04:30,0.093
07 Jul 2025 09:04:45,0.155
07 Jul 2025 09:05:15,0.110
07 Jul 2025 09:07:30,0.125
07 Jul 2025 09:07:45,0.067
07 Jul 2025 09:08:00,0.124
07 Jul 2025 09:08:15,0.152
07 Jul 2025 09:08:45,0.104
07 Jul 2025 09:09:30,0.017
07 Jul 2025 09:10:15,0.091
07 Jul 2025 09:11:00,0.096
07 Jul 2025 09:11:15,0.093
07 Jul 2025 09:11:30,0.134
07 Jul 2025 09:12:00,0.105
07 Jul 2025 09:12:30,0.058
07 Jul 2025 09:13:15,0.137
07 Jul 2025 09:13:30,0.097
07 Jul 2025 09:13:45,0.102
07 Jul 2025 09:14:00,0.094
07 Jul 2025 09:14:30,0.105
07 Jul 2025 09:15:00,0.091
07 Jul 2025 09:15:15,0.098
07 Jul 2025 09:15:45,0.088
07 Jul 2025 09:16:00,0.088
07 Jul 2025 09:17:30,0.088
07 Jul 2025 09:17:45,0.140
07 Jul 2025 09:18:15,0.114
07 Jul 2025 09:18:30,0.110
07 Jul 2025 09:19:00,0.145
07 Jul 2025 09:19:15,0.080
07 Jul 2025 09:19:30,0.159
07 Jul 2025 09:20:30,0.144
07 Jul 2025 09:22:00,0.085
07 Jul 2025 09:22:30,0.084
07 Jul 2025 09:23:00,0.102
07 Jul 2025 09:23:15,0.164
07 Jul 2025 09:23:30,0.142
07 Jul 2025 09:23:45,0.072
07 Jul 2025 09:24:00,0.059
07 Jul 2025 09:24:45,0.025
07 Jul 2025 09:25:00,0.078
07 Jul 2025 09:25:45,0.108
07 Jul 2025 09:26:00,0.110
07 Jul 2025 09:26:45,0.095
07 Jul 2025 09:27:15,0.104
07 Jul 2025 09:27:45,0.084
07 Jul 2025 09:28:15,0.110
07 Jul 2025 09:28:30,0.149
07 Jul 2025 09:29:30,0.034
07 Jul 2025 09:30:15,0.068
07 Jul 2025 09:31:00,0.114
07 Jul 2025 09:31:45,0.119
07 Jul 2025 09:32:00,0.177
07 Jul 2025 09:32:15,0.107
07 Jul 2025 09:32:30,0.144
07 Jul 2025 09:33:30,0.075
07 Jul 2025 09:33:45,0.103
07 Jul 2025 09:34:00,0.073
07 Jul 2025 09:35:00,0.140
07 Jul 2025 09:35:15,0.085
07 Jul 2025 09:35:45,0.114
07 Jul 2025 09:36:00,0.155
07 Jul 2025 09:36:15,0.070
07 Jul 2025 09:36:30,0.042
07 Jul 2025 09:36:45,0.149
07 Jul 2025 09:37:45,0.085
07 Jul 2025 09:38:00,0.082
07 Jul 2025 09:38:15,0.128
07 Jul 2025 09:38:30,0.102
07 Jul 2025 09:38:45,0.072
07 Jul 2025 09:39:00,0.085
07 Jul 2025 09:39:15,0.102
07 Jul 2025 09:39:30,0.090
07 Jul 2025 09:40:00,0.074
07 Jul 2025 09:40:15,0.077
07 Jul 2025 09:40:30,0.008
07 Jul 2025 09:41:30,0.078
07 Jul 2025 09:42:00,0.167
07 Jul 2025 09:42:15,0.050
07 Jul 2025 09:42:45,0.059
07 Jul 2025 09:43:15,0.101
07 Jul 2025 09:43:45,0.080
07 Jul 2025 09:44:00,0.161
07 Jul 2025 09:45:00,0.105
07 Jul 2025 09:45:15,-0.004
07 Jul 2025 09:46:00,0.062
07 Jul 2025 09:46:15,0.049
07 Jul 2025 09:46:45,0.125
07 Jul 2025 09:47:00,0.128
07 Jul 2025 09:47:15,0.061
07 Jul 2025 09:48:00,0.070
07 Jul 2025 09:48:15,0.105
07 Jul 2025 09:48:30,0.080
07 Jul 2025 09:49:15,0.071
07 Jul 2025 09:49:30,0.098
07 Jul 2025 09:50:30,0.088
07 Jul 2025 09:50:45,0.084
07 Jul 2025 09:51:00,0.070
07 Jul 2025 09:51:30,0.135
07 Jul 2025 09:52:00,0.095
07 Jul 2025 09:52:15,0.091
07 Jul 2025 09:53:15,0.021
07 Jul 2025 09:53:30,0.106
07 Jul 2025 09:54:15,0.114
07 Jul 2025 09:54:30,0.057
07 Jul 2025 09:54:45,0.081
07 Jul 2025 09:55:45,0.120
07 Jul 2025 09:56:00,0.084
07 Jul 2025 09:58:00,0.047
07 Jul 2025 09:58:15,0.063
07 Jul 2025 09:59:15,0.039
07 Jul 2025 10:00:00,0.065
07 Jul 2025 10:00:15,0.123
07 Jul 2025 10:00:30,0.062
07 Jul 2025 10:00:45,0.040
07 Jul 2025 10:01:00,0.082
07 Jul 2025 10:01:45,0.102
07 Jul 2025 10:02:00,0.037
07 Jul 2025 10:02:30,0.090
07 Jul 2025 10:02:45,0.139
07 Jul 2025 10:03:00,0.103
07 Jul 2025 10:03:15,0.102
07 Jul 2025 10:03:45,0.092
07 Jul 2025 10:04:30,0.063
07 Jul 2025 10:04:45,0.058
07 Jul 2025 10:06:30,0.064
07 Jul 2025 10:07:00,0.126
07 Jul 2025 10:07:15,0.032
07 Jul 2025 10:07:30,0.087
07 Jul 2025 10:08:15,0.063
07 Jul 2025 10:08:30,0.045
07 Jul 2025 10:08:45,0.108
07 Jul 2025 10:09:45,0.065
07 Jul 2025 10:10:00,0.060
07 Jul 2025 10:10:15,0.079
07 Jul 2025 10:10:30,0.102
07 Jul 2025 10:10:45,-0.007
07 Jul 2025 10:11:15,0.029
07 Jul 2025 10:11:30,0.080
07 Jul 2025 10:12:15,0.037
07 Jul 2025 10:12:30,0.125
07 Jul 2025 10:12:45,0.068
07 Jul 2025 10:13:00,0.105
07 Jul 2025 10:13:15,0.055
07 Jul 2025 10:13:30,0.059
07 Jul 2025 10:13:45,0.120
07 Jul 2025 10:14:00,0.088
07 Jul 2025 10:14:15,0.094
07 Jul 2025 10:15:00,0.091
07 Jul 2025 10:15:30,0.091
07 Jul 2025 10:16:30,0.095
07 Jul 2025 10:17:00,0.037
07 Jul 2025 10:17:15,0.074
07 Jul 2025 10:17:45,0.112
07 Jul 2025 10:18:00,0.054
07 Jul 2025 10:18:15,0.105
07 Jul 2025 10:18:45,0.085
07 Jul 2025 10:19:00,0.076
07 Jul 2025 10:19:30,0.037
07 Jul 2025 10:19:45,0.127
07 Jul 2025 10:20:15,0.037
07 Jul 2025 10:21:15,0.107
07 Jul 2025 10:21:45,0.125
07 Jul 2025 10:22:00,0.096
07 Jul 2025 10:22:30,0.081
07 Jul 2025 10:23:30,0.099
07 Jul 2025 10:23:45,0.078
07 Jul 2025 10:24:00,0.065
07 Jul 2025 10:24:15,0.036
07 Jul 2025 10:25:15,0.159
07 Jul 2025 10:25:30,0.022
07 Jul 2025 10:25:45,0.067
07 Jul 2025 10:26:15,-0.005
07 Jul 2025 10:26:30,0.020
07 Jul 2025 10:27:15,0.137
07 Jul 2025 10:27:30,0.087
07 Jul 2025 10:28:45,0.090
07 Jul 2025 10:29:00,0.077
07 Jul 2025 10:30:00,0.101
07 Jul 2025 10:31:15,0.059
07 Jul 2025 10:31:45,0.035
07 Jul 2025 10:32:45,0.070
07 Jul 2025 10:33:00,0.030
07 Jul 2025 10:33:15,0.035
07 Jul 2025 10:33:30,0.103
07 Jul 2025 10:34:00,0.025
07 Jul 2025 10:34:15,0.106
07 Jul 2025 10:34:30,0.113
07 Jul 2025 10:35:15,0.059
07 Jul 2025 10:36:00,0.069
07 Jul 2025 10:36:15,0.069
07 Jul 2025 10:37:00,0.095
07 Jul 2025 10:37:15,0.056
07 Jul 2025 10:37:30,0.122
07 Jul 2025 10:38:45,0.032
07 Jul 2025 10:39:45,0.093
07 Jul 2025 10:40:15,0.046
07 Jul 2025 10:41:00,0.093
07 Jul 2025 10:41:15,0.127
07 Jul 2025 10:41:30,0.130
07 Jul 2025 10:42:00,0.047
07 Jul 2025 10:42:15,0.010
07 Jul 2025 10:42:30,0.053
07 Jul 2025 10:42:45,0.146
07 Jul 2025 10:43:45,0.044
07 Jul 2025 10:44:30,0.115
07 Jul 2025 10:44:45,0.051
07 Jul 2025 10:45:00,0.076
07 Jul 2025 10:46:00,0.059
07 Jul 2025 10:46:15,0.106
07 Jul 2025 10:46:30,0.077
07 Jul 2025 10:47:00,0.099
07 Jul 2025 10:47:30,0.092
07 Jul 2025 10:48:00,0.120
07 Jul 2025 10:49:45,0.087
07 Jul 2025 10:50:00,0.092
07 Jul 2025 10:50:30,0.042
07 Jul 2025 10:51:00,0.110
07 Jul 2025 10:51:15,0.109
07 Jul 2025 10:51:30,0.084
07 Jul 2025 10:52:30,0.107
07 Jul 2025 10:53:00,0.039
07 Jul 2025 10:53:15,0.092
07 Jul 2025 10:53:45,-0.003
07 Jul 2025 10:54:00,0.083
07 Jul 2025 10:54:15,0.009
07 Jul 2025 10:54:30,0.043
07 Jul 2025 10:54:45,-0.042
07 Jul 2025 10:55:15,0.066
07 Jul 2025 10:56:15,0.063
07 Jul 2025 10:56:30,0.104
07 Jul 2025 10:57:00,0.080
07 Jul 2025 10:57:30,0.111
07 Jul 2025 10:57:45,0.075
07 Jul 2025 10:58:15,0.120
07 Jul 2025 10:58:30,0.092
07 Jul 2025 10:59:30,0.061
07 Jul 2025 11:00:30,0.077
07 Jul 2025 11:00:45,0.053
07 Jul 2025 11:01:30,0.112
07 Jul 2025 11:01:45,0.043
07 Jul 2025 11:02:00,0.016
07 Jul 2025 11:02:30,0.071
07 Jul 2025 11:03:30,0.031
07 Jul 2025 11:04:00,0.101
07 Jul 2025 11:04:15,0.071
07 Jul 2025 11:04:45,0.090
07 Jul 2025 11:05:15,0.072
07 Jul 2025 11:05:30,0.069
07 Jul 2025 11:06:00,0.020
07 Jul 2025 11:06:30,0.061
07 Jul 2025 11:07:15,0.095
07 Jul 2025 11:07:30,0.001
07 Jul 2025 11:07:45,0.086
07 Jul 2025 11:08:00,-0.006
07 Jul 2025 11:08:15,0.086
07 Jul 2025 11:09:00,0.033
07 Jul 2025 11:09:15,0.059
07 Jul 2025 11:09:45,0.027
07 Jul 2025 11:10:00,0.084
07 Jul 2025 11:11:00,0.115
07 Jul 2025 11:11:30,0.085
07 Jul 2025 11:11:45,0.046
07 Jul 2025 11:12:30,0.106
07 Jul 2025 11:12:45,0.034
07 Jul 2025 11:13:00,0.039
07 Jul 2025 11:13:15,0.078
07 Jul 2025 11:13:30,0.028
07 Jul 2025 11:14:00,0.129
07 Jul 2025 11:14:45,0.087
07 Jul 2025 11:15:00,0.075
07 Jul 2025 11:15:30,0.076
07 Jul 2025 11:16:00,0.037
07 Jul 2025 11:16:15,0.068
07 Jul 2025 11:16:30,0.053
07 Jul 2025 11:16:45,0.041
07 Jul 2025 11:17:00,0.095
07 Jul 2025 11:17:30,0.114
07 Jul 2025 11:18:15,0.059
07 Jul 2025 11:18:30,0.107
07 Jul 2025 11:19:30,0.056
07 Jul 2025 11:19:45,0.122
07 Jul 2025 11:20:00,0.086
07 Jul 2025 11:20:15,0.059
07 Jul 2025 11:20:30,0.090
07 Jul 2025 11:20:45,0.100
07 Jul 2025 11:21:00,0.098
07 Jul 2025 11:21:15,0.043
07 Jul 2025 11:21:45,0.102
07 Jul 2025 11:22:00,0.057
07 Jul 2025 11:22:15,0.090
07 Jul 2025 11:22:45,0.033
07 Jul 2025 11:23:15,0.114
07 Jul 2025 11:23:45,0.057
07 Jul 2025 11:24:00,0.106
07 Jul 2025 11:24:15,0.082
07 Jul 2025 11:24:30,0.045
07 Jul 2025 11:24:45,0.043
07 Jul 2025 11:25:00,0.046
07 Jul 2025 11:25:15,0.128
07 Jul 2025 11:27:00,0.033
07 Jul 2025 11:27:30,0.037
07 Jul 2025 11:27:45,0.121
07 Jul 2025 11:28:00,0.100
07 Jul 2025 11:29:30,0.018
07 Jul 2025 11:30:00,0.077
07 Jul 2025 11:30:45,-0.012
07 Jul 2025 11:31:00,0.098
07 Jul 2025 11:31:15,0.128
07 Jul 2025 11:31:30,0.094
07 Jul 2025 11:31:45,0.079
07 Jul 2025 11:32:45,0.077
07 Jul 2025 11:33:15,0.095
07 Jul 2025 11:33:30,0.032
07 Jul 2025 11:34:00,0.114
07 Jul 2025 11:34:30,0.035
07 Jul 2025 11:34:45,0.090
07 Jul 2025 11:35:15,0.140
07 Jul 2025 11:36:15,0.048
07 Jul 2025 11:36:30,-0.009
07 Jul 2025 11:37:00,0.018
07 Jul 2025 11:37:45,0.057
07 Jul 2025 11:38:00,0.028
07 Jul 2025 11:38:15,0.034
07 Jul 2025 11:38:30,0.059
07 Jul 2025 11:39:45,0.079
07 Jul 2025 11:40:15,0.074
07 Jul 2025 11:40:30,0.098
07 Jul 2025 11:41:00,0.048
07 Jul 2025 11:41:15,0.007
07 Jul 2025 11:41:30,-0.006
07 Jul 2025 11:41:45,0.007
07 Jul 2025 11:42:30,0.049
07 Jul 2025 11:43:00,0.049
07 Jul 2025 11:43:15,0.074
07 Jul 2025 11:44:15,0.037
07 Jul 2025 11:44:45,0.098
07 Jul 2025 11:45:15,0.085
07 Jul 2025 11:45:30,0.094
07 Jul 2025 11:45:45,0.053
07 Jul 2025 11:46:00,0.040
07 Jul 2025 11:46:15,0.062
07 Jul 2025 11:46:30,-0.067
07 Jul 2025 11:46:45,0.083
07 Jul 2025 11:47:30,0.076
07 Jul 2025 11:48:15,-0.006
07 Jul 2025 11:48:45,0.044
07 Jul 2025 11:49:15,0.023
07 Jul 2025 11:49:30,0.053
07 Jul 2025 11:50:15,0.111
07 Jul 2025 11:50:30,0.114
07 Jul 2025 11:51:00,0.047
07 Jul 2025 11:51:45,0.044
07 Jul 2025 11:52:00,0.121
07 Jul 2025 11:52:30,0.102
07 Jul 2025 11:52:45,0.110
07 Jul 2025 11:53:00,0.106
07 Jul 2025 11:53:15,0.090
07 Jul 2025 11:53:30,0.091
07 Jul 2025 11:54:15,0.130
07 Jul 2025 11:54:30,0.124
07 Jul 2025 11:54:45,0.112
07 Jul 2025 11:55:00,0.008
07 Jul 2025 11:55:15,0.072
07 Jul 2025 11:55:30,0.063
07 Jul 2025 11:56:15,0.039
07 Jul 2025 11:56:45,0.037
07 Jul 2025 11:57:15,0.064
07 Jul 2025 11:57:30,0.002
07 Jul 2025 11:57:45,0.068
07 Jul 2025 11:58:00,0.018
07 Jul 2025 11:58:15,-0.009
07 Jul 2025 11:59:00,0.061
07 Jul 2025 11:59:30,0.111
07 Jul 2025 12:00:00,0.014
07 Jul 2025 12:00:15,0.080
07 Jul 2025 12:00:30,0.119
07 Jul 2025 12:00:45,0.123
07 Jul 2025 12:01:15,0.077
07 Jul 2025 12:01:45,0.153
07 Jul 2025 12:02:15,0.092
07 Jul 2025 12:03:45,-0.017
07 Jul 2025 12:05:00,0.061
07 Jul 2025 12:05:45,0.083
07 Jul 2025 12:06:00,0.180
07 Jul 2025 12:07:00,0.045
07 Jul 2025 12:07:30,0.072
07 Jul 2025 12:08:00,0.128
07 Jul 2025 12:08:15,0.124
07 Jul 2025 12:08:45,0.107
07 Jul 2025 12:09:00,0.122
07 Jul 2025 12:09:15,0.120
07 Jul 2025 12:09:30,0.077
07 Jul 2025 12:09:45,0.088
07 Jul 2025 12:10:00,0.081
07 Jul 2025 12:10:30,0.079
07 Jul 2025 12:11:15,0.095
07 Jul 2025 12:11:45,0.088
07 Jul 2025 12:12:15,0.099
07 Jul 2025 12:12:30,0.086
07 Jul 2025 12:13:00,0.107
07 Jul 2025 12:13:15,0.082
07 Jul 2025 12:13:45,0.050
07 Jul 2025 12:14:00,0.089
07 Jul 2025 12:14:30,0.066
07 Jul 2025 12:15:00,0.095
07 Jul 2025 12:15:30,0.093
07 Jul 2025 12:17:00,0.110
07 Jul 2025 12:17:15,0.035
07 Jul 2025 12:18:15,0.095
07 Jul 2025 12:18:45,0.080
07 Jul 2025 12:19:30,0.077
07 Jul 2025 12:20:15,0.112
07 Jul 2025 12:20:45,0.099
07 Jul 2025 12:21:30,0.097
07 Jul 2025 12:22:30,0.109
07 Jul 2025 12:22:45,0.088
07 Jul 2025 12:23:15,0.112
07 Jul 2025 12:24:30,0.082
07 Jul 2025 12:25:15,0.080
07 Jul 2025 12:27:00,0.068
07 Jul 2025 12:27:45,0.088
07 Jul 2025 12:28:15,0.134
07 Jul 2025 12:28:30,0.094
07 Jul 2025 12:28:45,0.051
07 Jul 2025 12:29:45,0.079
07 Jul 2025 12:30:00,0.058
07 Jul 2025 12:30:45,0.048
07 Jul 2025 12:31:45,0.075
07 Jul 2025 12:32:30,0.047
07 Jul 2025 12:32:45,0.093
07 Jul 2025 12:33:30,0.071
07 Jul 2025 12:33:45,0.049
07 Jul 2025 12:34:15,0.073
07 Jul 2025 12:35:15,0.071
07 Jul 2025 12:35:30,0.067
07 Jul 2025 12:37:00,0.102
07 Jul 2025 12:37:15,0.041
07 Jul 2025 12:37:30,0.054
07 Jul 2025 12:38:45,0.018
07 Jul 2025 12:39:30,0.056
07 Jul 2025 12:40:30,0.121
07 Jul 2025 12:40:45,0.109
07 Jul 2025 12:41:00,0.094
07 Jul 2025 12:41:15,0.094
07 Jul 2025 12:41:45,0.098
07 Jul 2025 12:42:30,0.106
07 Jul 2025 12:42:45,0.163
07 Jul 2025 12:43:00,0.072
07 Jul 2025 12:43:15,0.114
07 Jul 2025 12:43:30,0.065
07 Jul 2025 12:44:00,0.065
07 Jul 2025 12:44:15,0.116
07 Jul 2025 12:44:45,0.126
07 Jul 2025 12:45:30,0.079
07 Jul 2025 12:45:45,0.076
07 Jul 2025 12:46:15,0.105
07 Jul 2025 12:46:30,0.094
07 Jul 2025 12:47:15,0.097
07 Jul 2025 12:47:30,0.021
07 Jul 2025 12:47:45,0.121
07 Jul 2025 12:48:30,0.055
07 Jul 2025 12:49:30,0.107
07 Jul 2025 12:50:30,0.117
07 Jul 2025 12:50:45,0.034
07 Jul 2025 12:52:00,0.117
07 Jul 2025 12:52:15,0.107
07 Jul 2025 12:52:30,0.054
07 Jul 2025 12:53:00,0.085
07 Jul 2025 12:54:15,0.100
07 Jul 2025 12:54:30,0.085
07 Jul 2025 12:54:45,0.080
07 Jul 2025 12:55:00,0.042
07 Jul 2025 12:55:15,0.104
07 Jul 2025 12:55:30,0.137
07 Jul 2025 12:56:15,0.113
07 Jul 2025 12:56:45,0.074
07 Jul 2025 12:57:30,0.086
07 Jul 2025 12:59:15,0.107
07 Jul 2025 12:59:30,0.025
07 Jul 2025 12:59:45,0.066
07 Jul 2025 13:01:00,0.098
07 Jul 2025 13:02:00,0.068
07 Jul 2025 13:02:15,0.088
07 Jul 2025 13:02:45,0.124
07 Jul 2025 13:03:00,0.096
07 Jul 2025 13:03:15,0.108
07 Jul 2025 13:04:15,0.069
07 Jul 2025 13:04:30,0.074
07 Jul 2025 13:04:45,0.069
07 Jul 2025 13:05:00,0.032
07 Jul 2025 13:05:15,0.167
07 Jul 2025 13:06:00,0.043
07 Jul 2025 13:07:30,0.034
07 Jul 2025 13:09:00,0.107
07 Jul 2025 13:09:15,0.075
07 Jul 2025 13:10:15,0.106
07 Jul 2025 13:11:00,0.090
07 Jul 2025 13:11:30,0.117
07 Jul 2025 13:11:45,0.164
07 Jul 2025 13:12:00,0.055
07 Jul 2025 13:12:30,0.158
07 Jul 2025 13:13:15,0.135
07 Jul 2025 13:13:45,0.028
07 Jul 2025 13:15:00,0.142
07 Jul 2025 13:15:15,0.155
07 Jul 2025 13:15:30,0.156
07 Jul 2025 13:16:00,0.077
07 Jul 2025 13:16:30,0.070
07 Jul 2025 13:17:00,0.068
07 Jul 2025 13:17:15,0.073
07 Jul 2025 13:17:45,0.119
07 Jul 2025 13:18:00,0.044
07 Jul 2025 13:18:30,0.074
07 Jul 2025 13:18:45,0.062
07 Jul 2025 13:19:30,0.171
07 Jul 2025 13:20:00,0.065
07 Jul 2025 13:20:30,0.080
07 Jul 2025 13:21:45,0.090
07 Jul 2025 13:22:15,0.135
07 Jul 2025 13:22:30,0.114
07 Jul 2025 13:22:45,0.130
07 Jul 2025 13:23:00,0.130
07 Jul 2025 13:23:30,0.093
07 Jul 2025 13:23:45,0.089
07 Jul 2025 13:24:15,0.067
07 Jul 2025 13:24:30,0.115
07 Jul 2025 13:24:45,0.105
07 Jul 2025 13:25:00,0.125
07 Jul 2025 13:26:30,0.106
07 Jul 2025 13:27:00,0.133
07 Jul 2025 13:27:15,0.074
07 Jul 2025 13:27:45,0.087
07 Jul 2025 13:28:15,0.123
07 Jul 2025 13:28:30,0.127
07 Jul 2025 13:28:45,0.079
07 Jul 2025 13:29:00,0.146
07 Jul 2025 13:29:15,0.139
07 Jul 2025 13:30:45,0.076
07 Jul 2025 13:31:00,0.094
07 Jul 2025 13:31:30,0.073
07 Jul 2025 13:31:45,0.049
07 Jul 2025 13:32:30,0.139
07 Jul 2025 13:33:15,0.143
07 Jul 2025 13:33:30,0.088
07 Jul 2025 13:33:45,0.090
07 Jul 2025 13:34:15,0.083
07 Jul 2025 13:34:30,0.147
07 Jul 2025 13:35:00,0.111
07 Jul 2025 13:35:30,0.058
07 Jul 2025 13:36:15,0.059
07 Jul 2025 13:36:30,0.129
07 Jul 2025 13:37:00,0.130
07 Jul 2025 13:37:30,0.130
07 Jul 2025 13:37:45,0.127
07 Jul 2025 13:38:15,0.124
07 Jul 2025 13:38:45,0.099
07 Jul 2025 13:39:15,0.108
07 Jul 2025 13:41:15,0.114
07 Jul 2025 13:41:45,0.110
07 Jul 2025 13:42:45,0.128
07 Jul 2025 13:43:45,0.152
07 Jul 2025 13:44:15,0.063
07 Jul 2025 13:44:45,0.098
07 Jul 2025 13:45:15,0.106
07 Jul 2025 13:46:00,0.099
07 Jul 2025 13:46:15,0.128
07 Jul 2025 13:46:30,0.108
07 Jul 2025 13:46:45,0.128
07 Jul 2025 13:47:00,0.109
07 Jul 2025 13:47:45,0.152
07 Jul 2025 13:48:45,0.075
07 Jul 2025 13:49:00,0.174
07 Jul 2025 13:49:15,0.121
07 Jul 2025 13:49:30,0.060
07 Jul 2025 13:50:45,0.108
07 Jul 2025 13:51:30,0.105
07 Jul 2025 13:52:00,0.123
07 Jul 2025 13:52:45,0.134
07 Jul 2025 13:53:30,0.117
07 Jul 2025 13:54:30,0.163
07 Jul 2025 13:55:00,0.112
07 Jul 2025 13:55:15,0.107
07 Jul 2025 13:56:00,0.158
07 Jul 2025 13:56:45,0.114
07 Jul 2025 13:57:45,0.076
07 Jul 2025 13:58:00,0.097
07 Jul 2025 13:58:30,0.109
07 Jul 2025 13:58:45,0.171
07 Jul 2025 13:59:15,0.132
07 Jul 2025 13:59:30,0.159
07 Jul 2025 14:00:15,0.101
07 Jul 2025 14:00:30,0.137
07 Jul 2025 14:00:45,0.118
07 Jul 2025 14:01:30,0.117
07 Jul 2025 14:02:30,0.077
07 Jul 2025 14:02:45,0.101
07 Jul 2025 14:03:00,0.149
07 Jul 2025 14:03:15,0.104
07 Jul 2025 14:03:30,0.072
07 Jul 2025 14:04:00,0.111
07 Jul 2025 14:04:15,0.094
07 Jul 2025 14:04:30,0.146
07 Jul 2025 14:05:45,0.144
07 Jul 2025 14:06:00,0.131
07 Jul 2025 14:06:15,0.163
07 Jul 2025 14:06:30,0.116
07 Jul 2025 14:07:00,0.135
07 Jul 2025 14:07:45,0.098
07 Jul 2025 14:08:30,0.099
07 Jul 2025 14:08:45,0.099
07 Jul 2025 14:09:15,0.142
07 Jul 2025 14:09:45,0.097
07 Jul 2025 14:10:00,0.113
07 Jul 2025 14:10:15,0.189
07 Jul 2025 14:11:30,0.147
07 Jul 2025 14:12:00,0.109
07 Jul 2025 14:12:15,0.147
07 Jul 2025 14:12:45,0.200
07 Jul 2025 14:13:45,0.116
07 Jul 2025 14:14:30,0.144
07 Jul 2025 14:16:00,0.171
07 Jul 2025 14:16:15,0.179
07 Jul 2025 14:17:00,0.150
07 Jul 2025 14:17:15,0.152
07 Jul 2025 14:17:30,0.136
07 Jul 2025 14:18:15,0.092
07 Jul 2025 14:18:30,0.137
07 Jul 2025 14:18:45,0.118
07 Jul 2025 14:19:15,0.113
07 Jul 2025 14:19:30,0.119
07 Jul 2025 14:20:15,0.151
07 Jul 2025 14:20:45,0.104
07 Jul 2025 14:21:15,0.166
07 Jul 2025 14:22:00,0.134
07 Jul 2025 14:22:15,0.167
07 Jul 2025 14:22:30,0.127
07 Jul 2025 14:23:00,0.142
07 Jul 2025 14:23:15,0.155
07 Jul 2025 14:23:30,0.128
07 Jul 2025 14:23:45,0.163
07 Jul 2025 14:24:00,0.116
07 Jul 2025 14:24:15,0.093
07 Jul 2025 14:25:15,0.150
07 Jul 2025 14:25:45,0.160
07 Jul 2025 14:26:30,0.156
07 Jul 2025 14:27:15,0.104
07 Jul 2025 14:28:30,0.148
07 Jul 2025 14:31:00,0.120
07 Jul 2025 14:31:30,0.118
07 Jul 2025 14:32:00,0.120
07 Jul 2025 14:32:30,0.131
07 Jul 2025 14:33:30,0.082
07 Jul 2025 14:34:00,0.165
07 Jul 2025 14:34:45,0.200
07 Jul 2025 14:35:15,0.160
07 Jul 2025 14:35:30,0.163
07 Jul 2025 14:35:45,0.107
07 Jul 2025 14:36:00,0.096
07 Jul 2025 14:37:00,0.118
07 Jul 2025 14:38:15,0.131
07 Jul 2025 14:38:30,0.158
07 Jul 2025 14:38:45,0.182
07 Jul 2025 14:39:30,0.160
07 Jul 2025 14:40:00,0.080
07 Jul 2025 14:40:15,0.096
07 Jul 2025 14:40:30,0.126
07 Jul 2025 14:41:00,0.209
07 Jul 2025 14:42:15,0.140
07 Jul 2025 14:42:30,0.103
07 Jul 2025 14:43:00,0.133
07 Jul 2025 14:44:00,0.171
07 Jul 2025 14:44:45,0.059
07 Jul 2025 14:45:45,0.126
07 Jul 2025 14:46:15,0.199
07 Jul 2025 14:46:30,0.167
07 Jul 2025 14:46:45,0.125
07 Jul 2025 14:47:15,0.154
07 Jul 2025 14:47:45,0.168
07 Jul 2025 14:49:00,0.118
07 Jul 2025 14:49:45,0.162
07 Jul 2025 14:50:00,0.125
07 Jul 2025 14:50:45,0.156
07 Jul 2025 14:51:00,0.158
07 Jul 2025 14:51:45,0.144
07 Jul 2025 14:52:15,0.168
07 Jul 2025 14:53:00,0.141
07 Jul 2025 14:53:15,0.188
07 Jul 2025 14:53:30,0.182
07 Jul 2025 14:54:15,0.096
07 Jul 2025 14:54:45,0.187
07 Jul 2025 14:55:00,0.172
07 Jul 2025 14:55:15,0.158
07 Jul 2025 14:55:45,0.184
07 Jul 2025 14:56:15,0.092
07 Jul 2025 14:58:00,0.162
07 Jul 2025 14:58:15,0.110
07 Jul 2025 14:58:30,0.152
07 Jul 2025 14:59:00,0.161
07 Jul 2025 14:59:15,0.228
07 Jul 2025 14:59:30,0.150
07 Jul 2025 15:00:45,0.106
07 Jul 2025 15:01:15,0.150
07 Jul 2025 15:01:30,0.179
07 Jul 2025 15:02:00,0.157
07 Jul 2025 15:02:45,0.221
07 Jul 2025 15:03:15,0.214
07 Jul 2025 15:03:30,0.183
07 Jul 2025 15:03:45,0.232
07 Jul 2025 15:04:30,0.175
07 Jul 2025 15:05:00,0.151
07 Jul 2025 15:05:15,0.102
07 Jul 2025 15:06:00,0.248
07 Jul 2025 15:06:30,0.216
07 Jul 2025 15:07:00,0.219
07 Jul 2025 15:07:15,0.148
07 Jul 2025 15:07:30,0.129
07 Jul 2025 15:08:00,0.191
07 Jul 2025 15:08:30,0.165
07 Jul 2025 15:09:30,0.154
07 Jul 2025 15:10:00,0.223
07 Jul 2025 15:10:15,0.262
07 Jul 2025 15:10:45,0.157
07 Jul 2025 15:11:00,0.226
07 Jul 2025 15:11:30,0.150
07 Jul 2025 15:11:45,0.141
07 Jul 2025 15:12:00,0.239
07 Jul 2025 15:12:15,0.252
07 Jul 2025 15:12:30,0.200
07 Jul 2025 15:12:45,0.141
07 Jul 2025 15:13:00,0.144
07 Jul 2025 15:13:30,0.213
07 Jul 2025 15:14:15,0.194
07 Jul 2025 15:14:30,0.140
07 Jul 2025 15:15:00,0.204
07 Jul 2025 15:15:30,0.162
07 Jul 2025 15:16:00,0.146
07 Jul 2025 15:16:30,0.175
07 Jul 2025 15:17:00,0.141
07 Jul 2025 15:18:15,0.201
07 Jul 2025 15:18:45,0.230
07 Jul 2025 15:19:00,0.135
07 Jul 2025 15:19:15,0.208
07 Jul 2025 15:19:30,0.151
07 Jul 2025 15:19:45,0.159
07 Jul 2025 15:20:30,0.221
07 Jul 2025 15:20:45,0.159
07 Jul 2025 15:21:00,0.189
07 Jul 2025 15:21:30,0.113
07 Jul 2025 15:22:45,0.111
07 Jul 2025 15:23:30,0.220
07 Jul 2025 15:24:30,0.186
07 Jul 2025 15:24:45,0.209
07 Jul 2025 15:25:00,0.211
07 Jul 2025 15:25:45,0.205
07 Jul 2025 15:27:00,0.157
07 Jul 2025 15:27:15,0.180
07 Jul 2025 15:27:45,0.189
07 Jul 2025 15:28:15,0.225
07 Jul 2025 15:28:45,0.180
07 Jul 2025 15:29:00,0.193
07 Jul 2025 15:29:15,0.199
07 Jul 2025 15:29:45,0.232
07 Jul 2025 15:30:00,0.264
07 Jul 2025 15:30:15,0.196
07 Jul 2025 15:30:30,0.203
07 Jul 2025 15:30:45,0.169
07 Jul 2025 15:31:30,0.214
07 Jul 2025 15:32:00,0.159
07 Jul 2025 15:32:30,0.200
07 Jul 2025 15:32:45,0.199
07 Jul 2025 15:33:15,0.134
07 Jul 2025 15:33:30,0.220
07 Jul 2025 15:34:00,0.255
07 Jul 2025 15:34:15,0.208
07 Jul 2025 15:34:30,0.196
07 Jul 2025 15:34:45,0.206
07 Jul 2025 15:35:00,0.197
07 Jul 2025 15:35:30,0.187
07 Jul 2025 15:36:00,0.230
07 Jul 2025 15:36:45,0.225
07 Jul 2025 15:37:30,0.221
07 Jul 2025 15:37:45,0.167
07 Jul 2025 15:38:00,0.168
07 Jul 2025 15:38:45,0.201
07 Jul 2025 15:39:15,0.186
07 Jul 2025 15:39:30,0.222
07 Jul 2025 15:40:15,0.187
07 Jul 2025 15:41:15,0.211
07 Jul 2025 15:41:30,0.192
07 Jul 2025 15:42:30,0.239
07 Jul 2025 15:42:45,0.206
07 Jul 2025 15:43:15,0.211
07 Jul 2025 15:43:30,0.176
07 Jul 2025 15:44:15,0.324
07 Jul 2025 15:45:00,0.156
07 Jul 2025 15:45:15,0.195
07 Jul 2025 15:45:30,0.275
07 Jul 2025 15:45:45,0.103
07 Jul 2025 15:46:00,0.211
07 Jul 2025 15:46:15,0.200
07 Jul 2025 15:46:30,0.216
07 Jul 2025 15:46:45,0.182
07 Jul 2025 15:47:30,0.155
07 Jul 2025 15:48:15,0.272
07 Jul 2025 15:48:30,0.220
07 Jul 2025 15:48:45,0.227
07 Jul 2025 15:49:00,0.256
07 Jul 2025 15:49:15,0.200
07 Jul 2025 15:49:45,0.210
07 Jul 2025 15:50:00,0.238
07 Jul 2025 15:51:30,0.264
07 Jul 2025 15:51:45,0.264
07 Jul 2025 15:52:45,0.217
07 Jul 2025 15:53:30,0.225
07 Jul 2025 15:54:00,0.195
07 Jul 2025 15:54:30,0.228
07 Jul 2025 15:56:30,0.254
07 Jul 2025 15:56:45,0.226
07 Jul 2025 15:57:00,0.153
07 Jul 2025 15:57:15,0.210
07 Jul 2025 15:57:30,0.209
07 Jul 2025 15:58:00,0.205
07 Jul 2025 15:58:15,0.197
07 Jul 2025 15:58:30,0.175
07 Jul 2025 15:58:45,0.215
07 Jul 2025 15:59:00,0.234
07 Jul 2025 15:59:15,0.221
07 Jul 2025 15:59:30,0.256
07 Jul 2025 15:59:45,0.237
07 Jul 2025 16:00:00,0.243
07 Jul 2025 16:00:15,0.265
07 Jul 2025 16:00:45,0.143
07 Jul 2025 16:01:00,0.238
07 Jul 2025 16:03:30,0.205
07 Jul 2025 16:04:00,0.227
07 Jul 2025 16:04:15,0.192
07 Jul 2025 16:04:30,0.277
07 Jul 2025 16:04:45,0.260
07 Jul 2025 16:05:00,0.228
07 Jul 2025 16:05:15,0.223
07 Jul 2025 16:05:45,0.244
07 Jul 2025 16:06:30,0.214
07 Jul 2025 16:07:00,0.232
07 Jul 2025 16:07:15,0.246
07 Jul 2025 16:07:30,0.181
07 Jul 2025 16:07:45,0.185
07 Jul 2025 16:08:00,0.225
07 Jul 2025 16:08:15,0.221
07 Jul 2025 16:08:45,0.201
07 Jul 2025 16:09:45,0.259
07 Jul 2025 16:10:00,0.250
07 Jul 2025 16:10:15,0.195
07 Jul 2025 16:10:30,0.193
07 Jul 2025 16:10:45,0.244
07 Jul 2025 16:11:15,0.158
07 Jul 2025 16:11:30,0.211
07 Jul 2025 16:11:45,0.228
07 Jul 2025 16:12:00,0.212
07 Jul 2025 16:12:30,0.201
07 Jul 2025 16:13:30,0.219
07 Jul 2025 16:14:15,0.263
07 Jul 2025 16:15:00,0.253
07 Jul 2025 16:15:30,0.225
07 Jul 2025 16:15:45,0.215
07 Jul 2025 16:16:00,0.242
07 Jul 2025 16:16:15,0.232
07 Jul 2025 16:16:30,0.250
07 Jul 2025 16:16:45,0.252
07 Jul 2025 16:17:15,0.218
07 Jul 2025 16:17:45,0.218
07 Jul 2025 16:19:00,0.261
07 Jul 2025 16:19:30,0.224
07 Jul 2025 16:19:45,0.183
07 Jul 2025 16:20:00,0.210
07 Jul 2025 16:20:15,0.187
07 Jul 2025 16:20:45,0.259
07 Jul 2025 16:21:30,0.288
07 Jul 2025 16:22:15,0.180
07 Jul 2025 16:22:45,0.264
07 Jul 2025 16:23:00,0.246
07 Jul 2025 16:23:45,0.312
07 Jul 2025 16:24:15,0.233
07 Jul 2025 16:24:30,0.270
07 Jul 2025 16:24:45,0.238
07 Jul 2025 16:25:15,0.226
07 Jul 2025 16:26:30,0.296
07 Jul 2025 16:26:45,0.245
07 Jul 2025 16:27:00,0.254
07 Jul 2025 16:27:15,0.203
07 Jul 2025 16:27:30,0.222
07 Jul 2025 16:27:45,0.201
07 Jul 2025 16:28:15,0.320
07 Jul 2025 16:28:30,0.228
07 Jul 2025 16:28:45,0.239
07 Jul 2025 16:29:30,0.195
07 Jul 2025 16:30:00,0.191
07 Jul 2025 16:30:45,0.209
07 Jul 2025 16:31:00,0.217
07 Jul 2025 16:31:30,0.194
07 Jul 2025 16:31:45,0.238
07 Jul 2025 16:33:00,0.252
07 Jul 2025 16:33:15,0.314
07 Jul 2025 16:33:30,0.236
07 Jul 2025 16:33:45,0.224
07 Jul 2025 16:34:00,0.306
07 Jul 2025 16:34:15,0.300
07 Jul 2025 16:34:30,0.212
07 Jul 2025 16:35:15,0.223
07 Jul 2025 16:35:30,0.244
07 Jul 2025 16:36:15,0.290
07 Jul 2025 16:36:30,0.297
07 Jul 2025 16:36:45,0.210
07 Jul 2025 16:37:15,0.257
07 Jul 2025 16:37:30,0.244
07 Jul 2025 16:38:15,0.306
07 Jul 2025 16:38:30,0.165
07 Jul 2025 16:38:45,0.250
07 Jul 2025 16:39:00,0.247
07 Jul 2025 16:39:15,0.233
07 Jul 2025 16:40:15,0.256
07 Jul 2025 16:40:45,0.266
07 Jul 2025 16:41:15,0.274
07 Jul 2025 16:41:30,0.201
07 Jul 2025 16:41:45,0.292
07 Jul 2025 16:43:30,0.240
07 Jul 2025 16:44:00,0.305
07 Jul 2025 16:44:45,0.217
07 Jul 2025 16:45:15,0.306
07 Jul 2025 16:46:15,0.231
07 Jul 2025 16:46:30,0.266
07 Jul 2025 16:46:45,0.183
07 Jul 2025 16:47:15,0.230
07 Jul 2025 16:47:30,0.238
07 Jul 2025 16:47:45,0.236
07 Jul 2025 16:48:30,0.224
07 Jul 2025 16:48:45,0.259
07 Jul 2025 16:50:15,0.200
07 Jul 2025 16:50:30,0.194
07 Jul 2025 16:50:45,0.214
07 Jul 2025 16:51:00,0.281
07 Jul 2025 16:51:15,0.333
07 Jul 2025 16:51:30,0.266
07 Jul 2025 16:53:15,0.261
07 Jul 2025 16:53:30,0.247
07 Jul 2025 16:53:45,0.277
07 Jul 2025 16:54:45,0.179
07 Jul 2025 16:55:45,0.243
07 Jul 2025 16:56:00,0.255
07 Jul 2025 16:56:45,0.193
07 Jul 2025 16:57:00,0.239
07 Jul 2025 16:57:15,0.218
07 Jul 2025 16:58:45,0.179
07 Jul 2025 16:59:00,0.269
07 Jul 2025 17:00:00,0.204
07 Jul 2025 17:01:15,0.256
07 Jul 2025 17:01:45,0.267
07 Jul 2025 17:02:15,0.241
07 Jul 2025 17:03:00,0.206
07 Jul 2025 17:03:15,0.228
07 Jul 2025 17:03:45,0.226
07 Jul 2025 17:04:00,0.191
07 Jul 2025 17:04:15,0.234
07 Jul 2025 17:04:30,0.217
07 Jul 2025 17:05:15,0.259
07 Jul 2025 17:05:30,0.205
07 Jul 2025 17:06:00,0.205
07 Jul 2025 17:06:15,0.241
07 Jul 2025 17:06:45,0.209
07 Jul 2025 17:07:00,0.235
07 Jul 2025 17:07:15,0.223
07 Jul 2025 17:07:30,0.282
07 Jul 2025 17:07:45,0.185
07 Jul 2025 17:08:00,0.252
07 Jul 2025 17:08:45,0.226
07 Jul 2025 17:10:00,0.170
07 Jul 2025 17:10:15,0.270
07 Jul 2025 17:10:30,0.244
07 Jul 2025 17:10:45,0.240
07 Jul 2025 17:11:00,0.225
07 Jul 2025 17:11:15,0.267
07 Jul 2025 17:11:30,0.214
07 Jul 2025 17:11:45,0.251
07 Jul 2025 17:12:45,0.206
07 Jul 2025 17:13:00,0.183
07 Jul 2025 17:13:30,0.235
07 Jul 2025 17:13:45,0.252
07 Jul 2025 17:14:15,0.302
07 Jul 2025 17:15:15,0.280
07 Jul 2025 17:17:30,0.269
07 Jul 2025 17:18:00,0.362
07 Jul 2025 17:18:45,0.264
07 Jul 2025 17:19:15,0.231
07 Jul 2025 17:19:45,0.196
07 Jul 2025 17:22:15,0.190
07 Jul 2025 17:22:30,0.230
07 Jul 2025 17:23:15,0.287
07 Jul 2025 17:23:45,0.192
07 Jul 2025 17:24:15,0.321
07 Jul 2025 17:24:30,0.234
07 Jul 2025 17:25:00,0.232
07 Jul 2025 17:26:15,0.253
07 Jul 2025 17:26:45,0.298
07 Jul 2025 17:27:00,0.296
07 Jul 2025 17:27:15,0.223
07 Jul 2025 17:28:00,0.165
07 Jul 2025 17:28:45,0.213
07 Jul 2025 17:29:15,0.217
07 Jul 2025 17:29:30,0.240
07 Jul 2025 17:29:45,0.246
07 Jul 2025 17:30:30,0.295
07 Jul 2025 17:30:45,0.228
07 Jul 2025 17:31:15,0.318
07 Jul 2025 17:31:30,0.194
07 Jul 2025 17:31:45,0.298
07 Jul 2025 17:32:00,0.291
07 Jul 2025 17:32:15,0.220
07 Jul 2025 17:32:45,0.273
07 Jul 2025 17:33:30,0.264
07 Jul 2025 17:33:45,0.260
07 Jul 2025 17:34:00,0.299
07 Jul 2025 17:34:30,0.236
07 Jul 2025 17:35:00,0.275
07 Jul 2025 17:35:30,0.321
07 Jul 2025 17:35:45,0.274
07 Jul 2025 17:36:15,0.263
07 Jul 2025 17:36:45,0.226
07 Jul 2025 17:37:00,0.272
07 Jul 2025 17:37:15,0.219
07 Jul 2025 17:38:00,0.211
07 Jul 2025 17:39:00,0.321
07 Jul 2025 17:39:45,0.260
07 Jul 2025 17:41:15,0.299
07 Jul 2025 17:42:00,0.286
07 Jul 2025 17:42:15,0.224
07 Jul 2025 17:42:45,0.281
07 Jul 2025 17:43:15,0.295
07 Jul 2025 17:43:45,0.234
07 Jul 2025 17:44:00,0.212
07 Jul 2025 17:44:15,0.246
07 Jul 2025 17:44:45,0.268
07 Jul 2025 17:45:00,0.301
07 Jul 2025 17:45:45,0.237
07 Jul 2025 17:46:15,0.272
07 Jul 2025 17:47:15,0.220
07 Jul 2025 17:47:30,0.286
07 Jul 2025 17:47:45,0.302
07 Jul 2025 17:48:15,0.208
07 Jul 2025 17:48:45,0.260
07 Jul 2025 17:49:30,0.225
07 Jul 2025 17:50:15,0.294
07 Jul 2025 17:51:00,0.247
07 Jul 2025 17:51:15,0.303
07 Jul 2025 17:51:30,0.301
07 Jul 2025 17:51:45,0.261
07 Jul 2025 17:52:15,0.300
07 Jul 2025 17:52:30,0.293
07 Jul 2025 17:52:45,0.270
07 Jul 2025 17:53:30,0.240
07 Jul 2025 17:53:45,0.236
07 Jul 2025 17:54:00,0.309
07 Jul 2025 17:54:15,0.271
07 Jul 2025 17:54:30,0.235
07 Jul 2025 17:55:00,0.223
07 Jul 2025 17:55:30,0.248
07 Jul 2025 17:56:00,0.246
07 Jul 2025 17:56:45,0.300
07 Jul 2025 17:57:15,0.260
07 Jul 2025 17:57:30,0.258
07 Jul 2025 17:57:45,0.276
07 Jul 2025 17:59:30,0.311
07 Jul 2025 17:59:45,0.254
07 Jul 2025 18:00:30,0.247
07 Jul 2025 18:01:30,0.287
07 Jul 2025 18:01:45,0.253
07 Jul 2025 18:02:00,0.289
07 Jul 2025 18:02:30,0.322
07 Jul 2025 18:02:45,0.296
07 Jul 2025 18:03:00,0.296
07 Jul 2025 18:03:15,0.235
07 Jul 2025 18:03:30,0.274
07 Jul 2025 18:04:00,0.312
07 Jul 2025 18:04:30,0.181
07 Jul 2025 18:05:00,0.235
07 Jul 2025 18:05:30,0.254
07 Jul 2025 18:06:00,0.276
07 Jul 2025 18:06:30,0.304
07 Jul 2025 18:06:45,0.245
07 Jul 2025 18:07:00,0.276
07 Jul 2025 18:08:00,0.291
07 Jul 2025 18:08:30,0.277
07 Jul 2025 18:08:45,0.287
07 Jul 2025 18:09:15,0.299
07 Jul 2025 18:09:45,0.254
07 Jul 2025 18:10:15,0.238
07 Jul 2025 18:10:45,0.282
07 Jul 2025 18:11:00,0.294
07 Jul 2025 18:11:45,0.268
07 Jul 2025 18:12:00,0.269
07 Jul 2025 18:12:30,0.197
07 Jul 2025 18:12:45,0.282
07 Jul 2025 18:13:15,0.246
07 Jul 2025 18:13:45,0.283
07 Jul 2025 18:14:30,0.255
07 Jul 2025 18:14:45,0.272
07 Jul 2025 18:15:00,0.300
07 Jul 2025 18:15:15,0.291
07 Jul 2025 18:15:30,0.289
07 Jul 2025 18:16:00,0.282
07 Jul 2025 18:16:15,0.251
07 Jul 2025 18:16:45,0.240
07 Jul 2025 18:17:15,0.303
07 Jul 2025 18:17:30,0.273
07 Jul 2025 18:18:30,0.273
07 Jul 2025 18:19:00,0.246
07 Jul 2025 18:19:15,0.239
07 Jul 2025 18:19:30,0.267
07 Jul 2025 18:20:00,0.301
07 Jul 2025 18:20:15,0.254
07 Jul 2025 18:20:45,0.241
07 Jul 2025 18:21:15,0.237
07 Jul 2025 18:23:15,0.245
07 Jul 2025 18:23:30,0.228
07 Jul 2025 18:23:45,0.287
07 Jul 2025 18:24:00,0.315
07 Jul 2025 18:24:15,0.286
07 Jul 2025 18:25:00,0.233
07 Jul 2025 18:25:30,0.300
07 Jul 2025 18:27:15,0.279
07 Jul 2025 18:28:00,0.315
07 Jul 2025 18:28:15,0.269
07 Jul 2025 18:28:45,0.259
07 Jul 2025 18:29:00,0.259
07 Jul 2025 18:29:15,0.280
07 Jul 2025 18:29:45,0.273
07 Jul 2025 18:30:15,0.262
07 Jul 2025 18:31:45,0.238
07 Jul 2025 18:32:00,0.262
07 Jul 2025 18:32:30,0.258
07 Jul 2025 18:33:00,0.253
07 Jul 2025 18:33:15,0.252
07 Jul 2025 18:33:30,0.279
07 Jul 2025 18:33:45,0.249
07 Jul 2025 18:34:15,0.254
07 Jul 2025 18:34:30,0.272
07 Jul 2025 18:35:45,0.257
07 Jul 2025 18:36:15,0.248
07 Jul 2025 18:37:45,0.227
07 Jul 2025 18:38:00,0.260
07 Jul 2025 18:38:15,0.255
07 Jul 2025 18:38:45,0.259
07 Jul 2025 18:39:15,0.259
07 Jul 2025 18:39:45,0.245
07 Jul 2025 18:40:15,0.273
07 Jul 2025 18:40:30,0.269
07 Jul 2025 18:40:45,0.255
07 Jul 2025 18:41:00,0.283
07 Jul 2025 18:41:45,0.307
07 Jul 2025 18:42:00,0.314
07 Jul 2025 18:42:45,0.204
07 Jul 2025 18:43:00,0.233
07 Jul 2025 18:43:15,0.302
07 Jul 2025 18:43:30,0.281
07 Jul 2025 18:44:15,0.249
07 Jul 2025 18:44:30,0.261
07 Jul 2025 18:44:45,0.244
07 Jul 2025 18:45:15,0.237
07 Jul 2025 18:46:15,0.273
07 Jul 2025 18:48:15,0.253
07 Jul 2025 18:48:30,0.286
07 Jul 2025 18:49:15,0.276
07 Jul 2025 18:49:45,0.264
07 Jul 2025 18:50:15,0.226
07 Jul 2025 18:50:30,0.234
07 Jul 2025 18:51:15,0.229
07 Jul 2025 18:52:00,0.265
07 Jul 2025 18:52:30,0.329
07 Jul 2025 18:53:15,0.267
07 Jul 2025 18:53:30,0.308
07 Jul 2025 18:54:00,0.274
07 Jul 2025 18:55:00,0.204
07 Jul 2025 18:55:30,0.258
07 Jul 2025 18:56:15,0.281
07 Jul 2025 18:57:15,0.266
07 Jul 2025 18:57:45,0.263
07 Jul 2025 18:58:00,0.269
07 Jul 2025 18:58:15,0.259
07 Jul 2025 18:58:30,0.243
07 Jul 2025 18:58:45,0.249
07 Jul 2025 18:59:00,0.247
07 Jul 2025 18:59:15,0.253
07 Jul 2025 18:59:45,0.246
07 Jul 2025 19:00:15,0.267
07 Jul 2025 19:00:45,0.319
07 Jul 2025 19:01:30,0.283
07 Jul 2025 19:01:45,0.296
07 Jul 2025 19:02:00,0.228
07 Jul 2025 19:02:30,0.286
07 Jul 2025 19:02:45,0.293
07 Jul 2025 19:03:00,0.234
07 Jul 2025 19:04:45,0.236
07 Jul 2025 19:05:30,0.302
07 Jul 2025 19:06:00,0.262
07 Jul 2025 19:06:15,0.277
07 Jul 2025 19:06:45,0.242
07 Jul 2025 19:07:15,0.246
07 Jul 2025 19:07:30,0.281
07 Jul 2025 19:07:45,0.255
07 Jul 2025 19:08:00,0.321
07 Jul 2025 19:08:30,0.291
07 Jul 2025 19:09:45,0.285
07 Jul 2025 19:10:15,0.263
07 Jul 2025 19:10:30,0.270
07 Jul 2025 19:13:15,0.268
07 Jul 2025 19:13:30,0.306
07 Jul 2025 19:14:00,0.226
07 Jul 2025 19:14:45,0.281
07 Jul 2025 19:15:00,0.276
07 Jul 2025 19:15:15,0.286
07 Jul 2025 19:15:30,0.282
07 Jul 2025 19:15:45,0.280
07 Jul 2025 19:16:00,0.266
07 Jul 2025 19:16:15,0.279
07 Jul 2025 19:16:30,0.304
07 Jul 2025 19:17:00,0.291
07 Jul 2025 19:17:30,0.330
07 Jul 2025 19:17:45,0.243
07 Jul 2025 19:18:15,0.206
07 Jul 2025 19:18:30,0.304
07 Jul 2025 19:18:45,0.278
07 Jul 2025 19:19:00,0.214
07 Jul 2025 19:19:45,0.222
07 Jul 2025 19:20:00,0.285
07 Jul 2025 19:20:15,0.222
07 Jul 2025 19:21:30,0.203
07 Jul 2025 19:21:45,0.241
07 Jul 2025 19:22:00,0.268
07 Jul 2025 19:22:45,0.253
07 Jul 2025 19:23:00,0.277
07 Jul 2025 19:23:15,0.245
07 Jul 2025 19:23:45,0.245
07 Jul 2025 19:24:00,0.247
07 Jul 2025 19:24:45,0.274
07 Jul 2025 19:25:15,0.236
07 Jul 2025 19:25:45,0.272
07 Jul 2025 19:26:15,0.215
07 Jul 2025 19:26:30,0.256
07 Jul 2025 19:26:45,0.233
07 Jul 2025 19:28:00,0.284
07 Jul 2025 19:28:15,0.213
07 Jul 2025 19:28:30,0.232
07 Jul 2025 19:29:15,0.225
07 Jul 2025 19:29:30,0.244
07 Jul 2025 19:29:45,0.208
07 Jul 2025 19:30:15,0.211
07 Jul 2025 19:30:30,0.245
07 Jul 2025 19:31:30,0.227
07 Jul 2025 19:32:00,0.247
07 Jul 2025 19:32:15,0.233
07 Jul 2025 19:32:45,0.242
07 Jul 2025 19:33:00,0.220
07 Jul 2025 19:33:15,0.290
07 Jul 2025 19:33:30,0.268
07 Jul 2025 19:34:00,0.241
07 Jul 2025 19:34:15,0.310
07 Jul 2025 19:34:45,0.262
07 Jul 2025 19:35:30,0.248
07 Jul 2025 19:35:45,0.236
07 Jul 2025 19:36:30,0.268
07 Jul 2025 19:36:45,0.285
07 Jul 2025 19:37:30,0.248
07 Jul 2025 19:37:45,0.214
07 Jul 2025 19:38:15,0.234
07 Jul 2025 19:38:30,0.192
07 Jul 2025 19:39:45,0.252
07 Jul 2025 19:40:15,0.236
07 Jul 2025 19:41:15,0.195
07 Jul 2025 19:41:30,0.219
07 Jul 2025 19:42:15,0.211
07 Jul 2025 19:42:45,0.212
07 Jul 2025 19:43:00,0.189
07 Jul 2025 19:43:30,0.255
07 Jul 2025 19:46:30,0.275
07 Jul 2025 19:46:45,0.255
07 Jul 2025 19:47:30,0.229
07 Jul 2025 19:48:00,0.223
07 Jul 2025 19:48:30,0.247
07 Jul 2025 19:49:30,0.214
07 Jul 2025 19:50:15,0.210
07 Jul 2025 19:50:45,0.261
07 Jul 2025 19:51:30,0.253
07 Jul 2025 19:51:45,0.205
07 Jul 2025 19:52:30,0.216
07 Jul 2025 19:52:45,0.258
07 Jul 2025 19:53:15,0.179
07 Jul 2025 19:53:30,0.226
07 Jul 2025 19:53:45,0.235
07 Jul 2025 19:54:00,0.253
07 Jul 2025 19:54:15,0.223
07 Jul 2025 19:55:30,0.223
07 Jul 2025 19:56:15,0.207
07 Jul 2025 19:56:30,0.194
07 Jul 2025 19:57:00,0.278
07 Jul 2025 19:57:15,0.219
07 Jul 2025 19:57:30,0.240
07 Jul 2025 19:57:45,0.193
07 Jul 2025 19:58:30,0.230
07 Jul 2025 19:58:45,0.244
07 Jul 2025 19:59:00,0.245
07 Jul 2025 20:00:15,0.189
07 Jul 2025 20:00:30,0.252
07 Jul 2025 20:00:45,0.235
07 Jul 2025 20:01:30,0.226
07 Jul 2025 20:01:45,0.185
07 Jul 2025 20:02:00,0.214
07 Jul 2025 20:02:45,0.228
07 Jul 2025 20:03:45,0.197
07 Jul 2025 20:04:30,0.243
07 Jul 2025 20:06:15,0.217
07 Jul 2025 20:06:45,0.219
07 Jul 2025 20:07:15,0.220
07 Jul 2025 20:07:30,0.184
07 Jul 2025 20:07:45,0.221
07 Jul 2025 20:08:15,0.162
07 Jul 2025 20:08:30,0.223
07 Jul 2025 20:09:15,0.229
07 Jul 2025 20:09:30,0.245
07 Jul 2025 20:09:45,0.221
07 Jul 2025 20:10:30,0.229
07 Jul 2025 20:11:00,0.234
07 Jul 2025 20:13:15,0.184
07 Jul 2025 20:13:30,0.193
07 Jul 2025 20:14:45,0.208
07 Jul 2025 20:15:45,0.230
07 Jul 2025 20:16:00,0.200
07 Jul 2025 20:16:15,0.200
07 Jul 2025 20:17:00,0.206
07 Jul 2025 20:17:30,0.242
07 Jul 2025 20:18:00,0.202
07 Jul 2025 20:18:15,0.191
07 Jul 2025 20:18:30,0.185
07 Jul 2025 20:18:45,0.192
07 Jul 2025 20:19:00,0.221
07 Jul 2025 20:19:45,0.208
07 Jul 2025 20:20:00,0.217
07 Jul 2025 20:20:30,0.159
07 Jul 2025 20:20:45,0.106
07 Jul 2025 20:21:15,0.173
07 Jul 2025 20:21:30,0.232
07 Jul 2025 20:22:00,0.252
07 Jul 2025 20:22:15,0.221
07 Jul 2025 20:22:30,0.204
07 Jul 2025 20:23:00,0.269
07 Jul 2025 20:23:30,0.231
07 Jul 2025 20:23:45,0.155
07 Jul 2025 20:24:15,0.240
07 Jul 2025 20:24:45,0.240
07 Jul 2025 20:25:00,0.190
07 Jul 2025 20:25:15,0.175
07 Jul 2025 20:25:30,0.222
07 Jul 2025 20:27:00,0.260
07 Jul 2025 20:27:15,0.215
07 Jul 2025 20:27:30,0.224
07 Jul 2025 20:27:45,0.204
07 Jul 2025 20:28:00,0.232
07 Jul 2025 20:28:15,0.224
07 Jul 2025 20:28:30,0.211
07 Jul 2025 20:28:45,0.239
07 Jul 2025 20:29:30,0.234
07 Jul 2025 20:29:45,0.194
07 Jul 2025 20:30:00,0.248
07 Jul 2025 20:30:15,0.210
07 Jul 2025 20:31:00,0.187
07 Jul 2025 20:31:45,0.214
07 Jul 2025 20:32:15,0.258
07 Jul 2025 20:32:45,0.162
07 Jul 2025 20:33:00,0.236
07 Jul 2025 20:33:15,0.172
07 Jul 2025 20:33:30,0.247
07 Jul 2025 20:34:00,0.235
07 Jul 2025 20:34:15,0.184
07 Jul 2025 20:34:30,0.163
07 Jul 2025 20:34:45,0.231
07 Jul 2025 20:35:30,0.221
07 Jul 2025 20:36:15,0.213
07 Jul 2025 20:36:45,0.245
07 Jul 2025 20:37:45,0.202
07 Jul 2025 20:38:15,0.158
07 Jul 2025 20:38:45,0.212
07 Jul 2025 20:39:00,0.134
07 Jul 2025 20:39:45,0.187
07 Jul 2025 20:40:15,0.212
07 Jul 2025 20:40:30,0.161
07 Jul 2025 20:40:45,0.210
07 Jul 2025 20:41:00,0.225
07 Jul 2025 20:41:45,0.234
07 Jul 2025 20:42:30,0.165
07 Jul 2025 20:42:45,0.233
07 Jul 2025 20:43:15,0.160
07 Jul 2025 20:44:15,0.198
07 Jul 2025 20:44:30,0.193
07 Jul 2025 20:44:45,0.160
07 Jul 2025 20:45:00,0.229
07 Jul 2025 20:45:30,0.223
07 Jul 2025 20:45:45,0.211
07 Jul 2025 20:46:30,0.186
07 Jul 2025 20:47:00,0.183
07 Jul 2025 20:47:15,0.191
07 Jul 2025 20:47:30,0.179
07 Jul 2025 20:47:45,0.169
07 Jul 2025 20:48:30,0.181
07 Jul 2025 20:49:00,0.182
07 Jul 2025 20:49:45,0.114
07 Jul 2025 20:51:30,0.230
07 Jul 2025 20:51:45,0.167
07 Jul 2025 20:52:15,0.229
07 Jul 2025 20:52:30,0.189
07 Jul 2025 20:52:45,0.162
07 Jul 2025 20:53:00,0.155
07 Jul 2025 20:53:15,0.193
07 Jul 2025 20:53:30,0.176
07 Jul 2025 20:53:45,0.178
07 Jul 2025 20:54:15,0.202
07 Jul 2025 20:54:30,0.173
07 Jul 2025 20:54:45,0.188
07 Jul 2025 20:55:00,0.200
07 Jul 2025 20:55:15,0.181
07 Jul 2025 20:55:45,0.250
07 Jul 2025 20:56:45,0.184
07 Jul 2025 20:57:15,0.212
07 Jul 2025 20:57:30,0.163
07 Jul 2025 20:58:15,0.208
07 Jul 2025 20:58:30,0.139
07 Jul 2025 20:58:45,0.202
07 Jul 2025 20:59:15,0.146
07 Jul 2025 21:01:00,0.186
07 Jul 2025 21:01:30,0.215
07 Jul 2025 21:02:15,0.182
07 Jul 2025 21:02:30,0.143
07 Jul 2025 21:02:45,0.122
07 Jul 2025 21:03:15,0.167
07 Jul 2025 21:03:30,0.144
07 Jul 2025 21:04:00,0.188
07 Jul 2025 21:04:15,0.169
07 Jul 2025 21:05:00,0.229
07 Jul 2025 21:05:15,0.176
07 Jul 2025 21:06:30,0.195
07 Jul 2025 21:07:00,0.191
07 Jul 2025 21:07:30,0.191
07 Jul 2025 21:08:00,0.163
07 Jul 2025 21:08:45,0.188
07 Jul 2025 21:09:45,0.166
07 Jul 2025 21:10:30,0.178
07 Jul 2025 21:11:30,0.152
07 Jul 2025 21:11:45,0.186
07 Jul 2025 21:12:15,0.177
07 Jul 2025 21:12:30,0.172
07 Jul 2025 21:13:00,0.150
07 Jul 2025 21:13:30,0.120
07 Jul 2025 21:13:45,0.145
07 Jul 2025 21:14:15,0.215
07 Jul 2025 21:14:30,0.133
07 Jul 2025 21:14:45,0.137
07 Jul 2025 21:15:45,0.174
07 Jul 2025 21:17:00,0.192
07 Jul 2025 21:17:15,0.121
07 Jul 2025 21:17:45,0.224
07 Jul 2025 21:18:00,0.174
07 Jul 2025 21:19:00,0.184
07 Jul 2025 21:19:15,0.178
07 Jul 2025 21:20:00,0.187
07 Jul 2025 21:21:00,0.171
07 Jul 2025 21:22:00,0.122
07 Jul 2025 21:22:45,0.166
07 Jul 2025 21:24:00,0.156
07 Jul 2025 21:24:45,0.182
07 Jul 2025 21:25:15,0.158
07 Jul 2025 21:25:30,0.219
07 Jul 2025 21:27:00,0.140
07 Jul 2025 21:27:30,0.148
07 Jul 2025 21:28:00,0.146
07 Jul 2025 21:28:15,0.160
07 Jul 2025 21:28:45,0.151
07 Jul 2025 21:29:15,0.194
07 Jul 2025 21:30:15,0.136
07 Jul 2025 21:31:00,0.190
07 Jul 2025 21:31:15,0.136
07 Jul 2025 21:31:30,0.122
07 Jul 2025 21:32:15,0.156
07 Jul 2025 21:32:30,0.106
07 Jul 2025 21:33:15,0.144
07 Jul 2025 21:33:30,0.283
07 Jul 2025 21:33:45,0.147
07 Jul 2025 21:34:00,0.115
07 Jul 2025 21:34:15,0.112
07 Jul 2025 21:34:30,0.172
07 Jul 2025 21:34:45,0.202
07 Jul 2025 21:35:15,0.202
07 Jul 2025 21:35:30,0.118
07 Jul 2025 21:35:45,0.215
07 Jul 2025 21:36:00,0.203
07 Jul 2025 21:39:00,0.216
07 Jul 2025 21:39:45,0.153
07 Jul 2025 21:40:15,0.062
07 Jul 2025 21:40:30,0.175
07 Jul 2025 21:41:00,0.140
07 Jul 2025 21:41:15,0.185
07 Jul 2025 21:41:30,0.147
07 Jul 2025 21:42:00,0.181
07 Jul 2025 21:43:00,0.143
07 Jul 2025 21:43:15,0.152
07 Jul 2025 21:44:00,0.165
07 Jul 2025 21:44:15,0.139
07 Jul 2025 21:45:15,0.137
07 Jul 2025 21:45:30,0.137
07 Jul 2025 21:46:00,0.132
07 Jul 2025 21:46:15,0.168
07 Jul 2025 21:46:30,0.227
07 Jul 2025 21:46:45,0.203
07 Jul 2025 21:47:15,0.076
07 Jul 2025 21:48:00,0.151
07 Jul 2025 21:48:30,0.114
07 Jul 2025 21:49:00,0.184
07 Jul 2025 21:49:15,0.132
07 Jul 2025 21:49:30,0.187
07 Jul 2025 21:50:00,0.214
07 Jul 2025 21:50:15,0.152
07 Jul 2025 21:50:30,0.182
07 Jul 2025 21:51:00,0.111
07 Jul 2025 21:51:15,0.188
07 Jul 2025 21:51:45,0.138
07 Jul 2025 21:52:15,0.122
07 Jul 2025 21:52:30,0.141
07 Jul 2025 21:53:15,0.125
07 Jul 2025 21:53:45,0.168
07 Jul 2025 21:54:00,0.164
07 Jul 2025 21:54:15,0.197
07 Jul 2025 21:55:15,0.205
07 Jul 2025 21:55:45,0.093
07 Jul 2025 21:56:00,0.083
07 Jul 2025 21:56:45,0.168
07 Jul 2025 21:57:00,0.165
07 Jul 2025 21:58:00,0.178
07 Jul 2025 21:58:15,0.113
07 Jul 2025 21:59:45,0.125
07 Jul 2025 22:00:00,0.143
07 Jul 2025 22:00:30,0.177
07 Jul 2025 22:01:00,0.119
07 Jul 2025 22:01:15,0.173
07 Jul 2025 22:01:30,0.163
07 Jul 2025 22:01:45,0.142
07 Jul 2025 22:02:00,0.138
07 Jul 2025 22:02:15,0.121
07 Jul 2025 22:03:15,0.171
07 Jul 2025 22:04:00,0.141
07 Jul 2025 22:04:15,0.181
07 Jul 2025 22:04:45,0.182
07 Jul 2025 22:05:15,0.130
07 Jul 2025 22:05:30,0.121
07 Jul 2025 22:05:45,0.123
07 Jul 2025 22:06:15,0.182
07 Jul 2025 22:06:30,0.137
07 Jul 2025 22:07:15,0.158
07 Jul 2025 22:07:30,0.135
07 Jul 2025 22:08:00,0.126
07 Jul 2025 22:08:30,0.143
07 Jul 2025 22:09:00,0.134
07 Jul 2025 22:09:15,0.144
07 Jul 2025 22:10:15,0.110
07 Jul 2025 22:10:30,0.116
07 Jul 2025 22:10:45,0.133
07 Jul 2025 22:11:00,0.127
07 Jul 2025 22:11:30,0.143
07 Jul 2025 22:12:00,0.114
07 Jul 2025 22:12:15,0.096
07 Jul 2025 22:12:30,0.130
07 Jul 2025 22:12:45,0.146
07 Jul 2025 22:13:00,0.116
07 Jul 2025 22:14:15,0.119
07 Jul 2025 22:14:30,0.151
07 Jul 2025 22:15:15,0.167
07 Jul 2025 22:16:00,0.136
07 Jul 2025 22:16:30,0.127
07 Jul 2025 22:17:15,0.117
07 Jul 2025 22:17:45,0.111
07 Jul 2025 22:18:30,0.125
07 Jul 2025 22:19:15,0.136
07 Jul 2025 22:19:30,0.122
07 Jul 2025 22:20:15,0.116
07 Jul 2025 22:20:30,0.061
07 Jul 2025 22:20:45,0.126
07 Jul 2025 22:21:15,0.127
07 Jul 2025 22:21:45,0.178
07 Jul 2025 22:22:30,0.112
07 Jul 2025 22:22:45,0.141
07 Jul 2025 22:23:30,0.115
07 Jul 2025 22:24:15,0.131
07 Jul 2025 22:24:45,0.077
07 Jul 2025 22:25:00,0.196
07 Jul 2025 22:25:15,0.072
07 Jul 2025 22:25:45,0.169
07 Jul 2025 22:26:15,0.128
07 Jul 2025 22:27:00,0.035
07 Jul 2025 22:27:15,0.120
07 Jul 2025 22:27:30,0.126
07 Jul 2025 22:28:00,0.132
07 Jul 2025 22:28:45,0.114
07 Jul 2025 22:30:00,0.081
07 Jul 2025 22:30:15,0.151
07 Jul 2025 22:31:00,0.154
07 Jul 2025 22:31:15,0.113
07 Jul 2025 22:32:00,0.086
07 Jul 2025 22:33:00,0.125
07 Jul 2025 22:33:30,0.130
07 Jul 2025 22:33:45,0.154
07 Jul 2025 22:34:00,0.095
07 Jul 2025 22:34:15,0.127
07 Jul 2025 22:34:45,0.148
07 Jul 2025 22:35:30,0.112
07 Jul 2025 22:35:45,0.123
07 Jul 2025 22:36:15,0.074
07 Jul 2025 22:37:00,0.131
07 Jul 2025 22:38:00,0.124
07 Jul 2025 22:38:45,0.174
07 Jul 2025 22:40:00,0.138
07 Jul 2025 22:40:15,0.149
07 Jul 2025 22:40:30,0.112
07 Jul 2025 22:40:45,0.157
07 Jul 2025 22:41:15,0.074
07 Jul 2025 22:41:30,0.144
07 Jul 2025 22:42:00,0.182
07 Jul 2025 22:42:15,0.165
07 Jul 2025 22:42:30,0.134
07 Jul 2025 22:43:00,0.081
07 Jul 2025 22:43:15,0.108
07 Jul 2025 22:43:30,0.181
07 Jul 2025 22:44:00,0.171
07 Jul 2025 22:44:30,0.082
07 Jul 2025 22:45:00,0.203
07 Jul 2025 22:45:15,0.050
07 Jul 2025 22:46:15,0.090
07 Jul 2025 22:46:45,0.146
07 Jul 2025 22:47:00,0.120
07 Jul 2025 22:47:30,0.125
07 Jul 2025 22:47:45,0.099
07 Jul 2025 22:48:15,0.054
07 Jul 2025 22:48:30,0.096
07 Jul 2025 22:50:00,0.070
07 Jul 2025 22:50:30,0.136
07 Jul 2025 22:50:45,0.101
07 Jul 2025 22:51:00,0.140
07 Jul 2025 22:51:15,0.118
07 Jul 2025 22:51:30,0.121
07 Jul 2025 22:52:00,0.095
07 Jul 2025 22:52:30,0.109
07 Jul 2025 22:52:45,0.110
07 Jul 2025 22:53:00,0.117
07 Jul 2025 22:53:15,0.152
07 Jul 2025 22:53:30,0.122
07 Jul 2025 22:53:45,0.117
07 Jul 2025 22:54:15,0.065
07 Jul 2025 22:54:45,0.123
07 Jul 2025 22:55:45,0.058
07 Jul 2025 22:56:45,0.139
07 Jul 2025 22:58:00,0.106
07 Jul 2025 23:00:45,0.129
07 Jul 2025 23:01:00,0.096
07 Jul 2025 23:01:45,0.132
07 Jul 2025 23:02:15,0.111
07 Jul 2025 23:02:30,0.092
07 Jul 2025 23:02:45,0.082
07 Jul 2025 23:03:15,0.098
07 Jul 2025 23:04:00,0.098
07 Jul 2025 23:05:00,0.084
07 Jul 2025 23:06:15,0.083
07 Jul 2025 23:06:30,0.139
07 Jul 2025 23:06:45,0.077
07 Jul 2025 23:08:00,0.127
07 Jul 2025 23:09:15,0.071
07 Jul 2025 23:10:00,0.086
07 Jul 2025 23:10:45,0.110
07 Jul 2025 23:11:30,0.101
07 Jul 2025 23:12:30,0.142
07 Jul 2025 23:12:45,0.124
07 Jul 2025 23:13:15,0.119
07 Jul 2025 23:13:30,0.097
07 Jul 2025 23:13:45,0.060
07 Jul 2025 23:14:30,0.134
07 Jul 2025 23:15:15,0.158
07 Jul 2025 23:16:00,0.094
07 Jul 2025 23:16:15,0.113
07 Jul 2025 23:17:00,0.076
07 Jul 2025 23:17:30,0.130
07 Jul 2025 23:18:00,0.115
07 Jul 2025 23:18:15,0.063
07 Jul 2025 23:18:30,0.105
07 Jul 2025 23:19:15,0.111
07 Jul 2025 23:19:30,0.135
07 Jul 2025 23:19:45,0.101
07 Jul 2025 23:20:00,0.053
07 Jul 2025 23:20:15,0.180
07 Jul 2025 23:21:00,0.149
07 Jul 2025 23:21:30,0.141
07 Jul 2025 23:22:00,0.104
07 Jul 2025 23:23:00,0.073
07 Jul 2025 23:23:15,0.080
07 Jul 2025 23:23:30,0.049
07 Jul 2025 23:25:30,0.054
07 Jul 2025 23:26:15,0.150
07 Jul 2025 23:26:30,0.081
07 Jul 2025 23:27:15,0.051
07 Jul 2025 23:27:30,0.164
07 Jul 2025 23:28:15,0.092
07 Jul 2025 23:28:30,0.122
07 Jul 2025 23:28:45,0.052
07 Jul 2025 23:29:00,0.131
07 Jul 2025 23:29:15,0.114
07 Jul 2025 23:29:45,0.081
07 Jul 2025 23:30:00,0.150
07 Jul 2025 23:30:15,0.043
07 Jul 2025 23:30:30,0.121
07 Jul 2025 23:31:00,0.108
07 Jul 2025 23:31:45,0.115
07 Jul 2025 23:32:15,0.108
07 Jul 2025 23:32:45,0.119
07 Jul 2025 23:33:00,0.119
07 Jul 2025 23:33:15,0.159
07 Jul 2025 23:33:45,0.130
07 Jul 2025 23:34:30,0.066
07 Jul 2025 23:35:00,0.134
07 Jul 2025 23:35:15,0.084
07 Jul 2025 23:35:30,0.088
07 Jul 2025 23:35:45,0.121
07 Jul 2025 23:36:00,0.076
07 Jul 2025 23:36:15,0.065
07 Jul 2025 23:37:00,0.139
07 Jul 2025 23:37:45,0.126
07 Jul 2025 23:38:30,0.099
07 Jul 2025 23:39:00,0.123
07 Jul 2025 23:39:30,0.087
07 Jul 2025 23:40:00,-0.017
07 Jul 2025 23:41:00,0.129
07 Jul 2025 23:41:15,0.117
07 Jul 2025 23:41:30,0.060
07 Jul 2025 23:41:45,0.124
07 Jul 2025 23:42:30,0.094
07 Jul 2025 23:43:00,0.159
07 Jul 2025 23:43:30,-0.014
07 Jul 2025 23:43:45,0.143
07 Jul 2025 23:44:00,0.140
07 Jul 2025 23:44:15,0.062
07 Jul 2025 23:45:00,0.138
07 Jul 2025 23:45:15,0.091
07 Jul 2025 23:45:30,0.100
07 Jul 2025 23:45:45,0.124
07 Jul 2025 23:46:00,0.119
07 Jul 2025 23:47:00,0.061
07 Jul 2025 23:47:15,0.081
07 Jul 2025 23:48:15,0.007
07 Jul 2025 23:48:30,0.034
07 Jul 2025 23:49:00,0.050
07 Jul 2025 23:49:15,0.083
07 Jul 2025 23:50:00,0.077
07 Jul 2025 23:50:30,0.057
07 Jul 2025 23:51:00,0.099
07 Jul 2025 23:51:15,0.070
07 Jul 2025 23:51:30,0.088
07 Jul 2025 23:51:45,0.168
07 Jul 2025 23:52:00,0.109
07 Jul 2025 23:52:15,0.136
07 Jul 2025 23:53:00,0.034
07 Jul 2025 23:53:15,0.149
07 Jul 2025 23:53:45,0.134
07 Jul 2025 23:54:45,0.146
07 Jul 2025 23:55:00,0.095
07 Jul 2025 23:55:15,0.105
07 Jul 2025 23:55:45,0.065
07 Jul 2025 23:56:45,0.094
07 Jul 2025 23:57:00,0.148
07 Jul 2025 23:57:30,0.148
07 Jul 2025 23:57:45,0.072
07 Jul 2025 23:58:15,0.115
07 Jul 2025 23:58:45,0.102
07 Jul 2025 23:59:00,0.040
07 Jul 2025 23:59:45,0.088
08 Jul 2025 00:00:30,0.222
08 Jul 2025 00:01:30,0.115
08 Jul 2025 00:02:00,0.100
08 Jul 2025 00:02:30,0.129
08 Jul 2025 00:03:00,0.131
08 Jul 2025 00:03:15,0.108
08 Jul 2025 00:04:15,0.110
08 Jul 2025 00:04:30,0.133
08 Jul 2025 00:05:00,0.079
08 Jul 2025 00:05:30,0.107
08 Jul 2025 00:05:45,0.153
08 Jul 2025 00:06:15,0.099
08 Jul 2025 00:06:30,0.098
08 Jul 2025 00:06:45,0.082
08 Jul 2025 00:07:00,0.100
08 Jul 2025 00:07:30,0.098
08 Jul 2025 00:07:45,0.088
08 Jul 2025 00:08:15,0.087
08 Jul 2025 00:08:30,0.078
08 Jul 2025 00:09:30,0.154
08 Jul 2025 00:09:45,0.059
08 Jul 2025 00:10:00,0.139
08 Jul 2025 00:10:15,0.128
08 Jul 2025 00:10:45,0.093
08 Jul 2025 00:12:00,0.128
08 Jul 2025 00:12:45,0.112
08 Jul 2025 00:13:00,0.164
08 Jul 2025 00:13:45,0.114
08 Jul 2025 00:14:00,0.091
08 Jul 2025 00:15:00,0.071
08 Jul 2025 00:15:30,0.080
08 Jul 2025 00:16:00,0.158
08 Jul 2025 00:16:15,0.144
08 Jul 2025 00:16:45,0.100
08 Jul 2025 00:17:00,0.131
08 Jul 2025 00:17:15,0.072
08 Jul 2025 00:17:45,0.118
08 Jul 2025 00:18:00,0.134
08 Jul 2025 00:18:15,0.069
08 Jul 2025 00:18:30,0.058
08 Jul 2025 00:19:15,0.035
08 Jul 2025 00:20:00,0.137
08 Jul 2025 00:20:15,-0.014
08 Jul 2025 00:21:00,0.065
08 Jul 2025 00:21:45,0.094
08 Jul 2025 00:22:00,0.049
08 Jul 2025 00:23:30,0.111
08 Jul 2025 00:23:45,0.041
08 Jul 2025 00:24:00,0.146
08 Jul 2025 00:24:15,0.087
08 Jul 2025 00:24:45,0.127
08 Jul 2025 00:25:15,0.092
08 Jul 2025 00:25:45,0.121
08 Jul 2025 00:26:45,0.082
08 Jul 2025 00:27:45,0.108
08 Jul 2025 00:28:30,0.012
08 Jul 2025 00:28:45,0.116
08 Jul 2025 00:29:30,0.049
08 Jul 2025 00:30:15,0.132
08 Jul 2025 00:30:45,0.073
08 Jul 2025 00:31:15,0.112
08 Jul 2025 00:31:30,0.077
08 Jul 2025 00:31:45,0.111
08 Jul 2025 00:32:00,0.056
08 Jul 2025 00:32:15,0.074
08 Jul 2025 00:32:45,-0.017
08 Jul 2025 00:33:00,0.124
08 Jul 2025 00:33:15,0.067
08 Jul 2025 00:33:30,0.054
08 Jul 2025 00:33:45,0.073
08 Jul 2025 00:34:00,0.052
08 Jul 2025 00:34:15,0.172
08 Jul 2025 00:35:15,0.100
08 Jul 2025 00:35:45,0.061
08 Jul 2025 00:36:00,0.036
08 Jul 2025 00:36:15,0.160
08 Jul 2025 00:37:15,0.046
08 Jul 2025 00:38:45,0.135
08 Jul 2025 00:40:00,0.113
08 Jul 2025 00:40:30,0.106
08 Jul 2025 00:41:00,0.075
08 Jul 2025 00:41:30,0.075
08 Jul 2025 00:42:15,0.129
08 Jul 2025 00:42:30,0.133
08 Jul 2025 00:43:00,0.083
08 Jul 2025 00:43:45,0.137
08 Jul 2025 00:44:00,0.124
08 Jul 2025 00:44:30,0.073
08 Jul 2025 00:45:00,0.152
08 Jul 2025 00:45:45,0.058
08 Jul 2025 00:46:15,0.143
08 Jul 2025 00:46:45,0.109
08 Jul 2025 00:47:00,0.138
08 Jul 2025 00:47:15,0.100
08 Jul 2025 00:47:30,0.119
08 Jul 2025 00:47:45,0.083
08 Jul 2025 00:49:00,0.069
08 Jul 2025 00:49:15,0.106
08 Jul 2025 00:49:30,0.066
08 Jul 2025 00:49:45,0.102
08 Jul 2025 00:50:00,0.159
08 Jul 2025 00:50:45,0.049
08 Jul 2025 00:51:00,0.106
08 Jul 2025 00:52:15,0.126
08 Jul 2025 00:52:30,0.116
08 Jul 2025 00:53:15,0.162
08 Jul 2025 00:53:30,0.105
08 Jul 2025 00:54:00,0.106
08 Jul 2025 00:54:15,0.034
08 Jul 2025 00:55:15,0.151
08 Jul 2025 00:55:30,0.136
08 Jul 2025 00:56:15,0.111
08 Jul 2025 00:56:45,0.149
08 Jul 2025 00:57:30,0.079
08 Jul 2025 00:57:45,0.103
08 Jul 2025 00:58:15,0.091
08 Jul 2025 00:58:30,0.111
08 Jul 2025 00:59:00,0.096
08 Jul 2025 01:00:00,0.076
08 Jul 2025 01:00:45,-0.006
08 Jul 2025 01:01:15,0.140
08 Jul 2025 01:02:00,0.120
08 Jul 2025 01:02:30,0.028
08 Jul 2025 01:03:00,0.065
08 Jul 2025 01:03:15,0.069
08 Jul 2025 01:03:30,0.117
08 Jul 2025 01:04:15,0.070
08 Jul 2025 01:04:30,0.147
08 Jul 2025 01:05:00,0.187
08 Jul 2025 01:05:45,0.123
08 Jul 2025 01:06:00,0.119
08 Jul 2025 01:06:15,0.148
08 Jul 2025 01:06:30,0.022
08 Jul 2025 01:07:00,0.160
08 Jul 2025 01:09:30,0.151
08 Jul 2025 01:09:45,0.163
08 Jul 2025 01:10:00,0.122
08 Jul 2025 01:10:15,0.122
08 Jul 2025 01:10:30,0.111
08 Jul 2025 01:11:00,0.094
08 Jul 2025 01:11:30,0.179
08 Jul 2025 01:12:15,0.112
08 Jul 2025 01:12:45,0.111
08 Jul 2025 01:13:00,0.152
08 Jul 2025 01:13:45,0.171
08 Jul 2025 01:14:00,0.153
08 Jul 2025 01:14:30,0.161
08 Jul 2025 01:14:45,0.125
08 Jul 2025 01:15:15,0.131
08 Jul 2025 01:17:45,0.056
08 Jul 2025 01:18:15,0.144
08 Jul 2025 01:18:45,0.086
08 Jul 2025 01:19:15,0.042
08 Jul 2025 01:19:45,0.104
08 Jul 2025 01:20:15,0.155
08 Jul 2025 01:20:30,0.134
08 Jul 2025 01:21:30,0.082
08 Jul 2025 01:21:45,0.167
08 Jul 2025 01:22:00,0.142
08 Jul 2025 01:22:30,0.163
08 Jul 2025 01:22:45,0.070
08 Jul 2025 01:23:30,0.109
08 Jul 2025 01:23:45,0.169
08 Jul 2025 01:24:00,0.124
08 Jul 2025 01:25:00,0.080
08 Jul 2025 01:25:15,0.154
08 Jul 2025 01:25:45,0.069
08 Jul 2025 01:26:00,0.156
08 Jul 2025 01:26:15,0.161
08 Jul 2025 01:26:30,0.155
08 Jul 2025 01:26:45,0.087
08 Jul 2025 01:27:00,0.142
08 Jul 2025 01:27:15,0.122
08 Jul 2025 01:27:30,0.059
08 Jul 2025 01:28:00,0.159
08 Jul 2025 01:28:45,0.108
08 Jul 2025 01:29:15,0.091
08 Jul 2025 01:29:30,0.171
08 Jul 2025 01:30:00,0.203
08 Jul 2025 01:30:30,0.094
08 Jul 2025 01:30:45,0.123
08 Jul 2025 01:31:15,0.148
08 Jul 2025 01:31:30,0.169
08 Jul 2025 01:31:45,0.142
08 Jul 2025 01:32:00,0.075
08 Jul 2025 01:32:15,0.112
08 Jul 2025 01:32:45,0.141
08 Jul 2025 01:33:00,0.140
08 Jul 2025 01:33:30,0.148
08 Jul 2025 01:34:30,0.110
08 Jul 2025 01:34:45,0.125
08 Jul 2025 01:35:00,0.196
08 Jul 2025 01:35:15,0.156
08 Jul 2025 01:35:45,0.123
08 Jul 2025 01:36:15,0.105
08 Jul 2025 01:36:30,0.208
08 Jul 2025 01:37:00,0.078
08 Jul 2025 01:37:15,0.215
08 Jul 2025 01:37:45,0.114
08 Jul 2025 01:38:15,0.166
08 Jul 2025 01:38:30,0.105
08 Jul 2025 01:40:00,0.072
08 Jul 2025 01:40:15,0.104
08 Jul 2025 01:41:00,0.123
08 Jul 2025 01:41:15,0.112
08 Jul 2025 01:41:45,0.118
08 Jul 2025 01:43:45,0.114
08 Jul 2025 01:44:15,0.160
08 Jul 2025 01:44:45,0.137
08 Jul 2025 01:45:00,0.161
08 Jul 2025 01:45:15,0.126
08 Jul 2025 01:45:45,0.113
08 Jul 2025 01:46:00,0.071
08 Jul 2025 01:46:15,0.137
08 Jul 2025 01:47:00,0.146
08 Jul 2025 01:47:15,0.107
08 Jul 2025 01:47:30,0.127
08 Jul 2025 01:47:45,0.067
08 Jul 2025 01:48:00,0.180
08 Jul 2025 01:48:15,0.179
08 Jul 2025 01:48:45,0.077
08 Jul 2025 01:49:30,0.117
08 Jul 2025 01:49:45,0.113
08 Jul 2025 01:50:15,0.080
08 Jul 2025 01:50:45,0.127
08 Jul 2025 01:51:15,0.129
08 Jul 2025 01:51:30,0.155
08 Jul 2025 01:51:45,0.131
08 Jul 2025 01:52:00,0.112
08 Jul 2025 01:52:15,0.161
08 Jul 2025 01:53:00,0.131
08 Jul 2025 01:54:00,0.157
08 Jul 2025 01:54:30,0.184
08 Jul 2025 01:54:45,0.187
08 Jul 2025 01:55:15,0.104
08 Jul 2025 01:55:30,0.190
08 Jul 2025 01:55:45,0.108
08 Jul 2025 01:57:00,0.103
08 Jul 2025 01:57:15,0.124
08 Jul 2025 01:57:45,0.072
08 Jul 2025 01:58:00,0.134
08 Jul 2025 01:58:15,0.161
08 Jul 2025 01:58:30,0.175
08 Jul 2025 01:59:15,0.166
08 Jul 2025 01:59:30,0.054
08 Jul 2025 01:59:45,0.124
08 Jul 2025 02:00:00,0.092
08 Jul 2025 02:00:15,0.126
08 Jul 2025 02:00:30,0.189
08 Jul 2025 02:00:45,0.168
08 Jul 2025 02:01:15,0.079
08 Jul 2025 02:01:30,0.204
08 Jul 2025 02:01:45,0.141
08 Jul 2025 02:02:00,0.137
08 Jul 2025 02:02:15,0.149
08 Jul 2025 02:02:30,0.178
08 Jul 2025 02:02:45,0.182
08 Jul 2025 02:03:00,0.078
08 Jul 2025 02:03:15,0.192
08 Jul 2025 02:04:45,0.127
08 Jul 2025 02:05:30,0.102
08 Jul 2025 02:05:45,0.144
08 Jul 2025 02:06:15,0.139
08 Jul 2025 02:06:30,0.133
08 Jul 2025 02:07:00,0.101
08 Jul 2025 02:08:00,0.190
08 Jul 2025 02:08:45,0.121
08 Jul 2025 02:09:45,0.175
08 Jul 2025 02:10:00,0.139
08 Jul 2025 02:11:15,0.153
08 Jul 2025 02:12:45,0.146
08 Jul 2025 02:13:00,0.190
08 Jul 2025 02:14:00,0.139
08 Jul 2025 02:14:15,0.133
08 Jul 2025 02:15:15,0.148
08 Jul 2025 02:15:45,0.214
08 Jul 2025 02:16:15,0.149
08 Jul 2025 02:17:30,0.168
08 Jul 2025 02:17:45,0.146
08 Jul 2025 02:18:30,0.158
08 Jul 2025 02:18:45,0.140
08 Jul 2025 02:19:30,0.198
08 Jul 2025 02:20:15,0.159
08 Jul 2025 02:20:45,0.148
08 Jul 2025 02:21:45,0.184
08 Jul 2025 02:22:15,0.170
08 Jul 2025 02:22:30,0.176
08 Jul 2025 02:23:00,0.142
08 Jul 2025 02:23:15,0.106
08 Jul 2025 02:23:45,0.139
08 Jul 2025 02:24:00,0.120
08 Jul 2025 02:24:15,0.185
08 Jul 2025 02:24:30,0.184
08 Jul 2025 02:24:45,0.166
08 Jul 2025 02:25:30,0.125
08 Jul 2025 02:25:45,0.213
08 Jul 2025 02:26:30,0.126
08 Jul 2025 02:27:00,0.182
08 Jul 2025 02:28:00,0.178
08 Jul 2025 02:28:45,0.145
08 Jul 2025 02:29:30,0.173
08 Jul 2025 02:30:00,0.161
08 Jul 2025 02:30:45,0.174
08 Jul 2025 02:33:00,0.191
08 Jul 2025 02:33:15,0.214
08 Jul 2025 02:34:00,0.160
08 Jul 2025 02:34:15,0.205
08 Jul 2025 02:34:30,0.165
08 Jul 2025 02:34:45,0.115
08 Jul 2025 02:35:00,0.148
08 Jul 2025 02:35:30,0.117
08 Jul 2025 02:36:15,0.081
08 Jul 2025 02:37:15,0.178
08 Jul 2025 02:37:45,0.187
08 Jul 2025 02:38:00,0.195
08 Jul 2025 02:38:30,0.132
08 Jul 2025 02:38:45,0.176
08 Jul 2025 02:39:30,0.181
08 Jul 2025 02:40:15,0.207
08 Jul 2025 02:40:30,0.115
08 Jul 2025 02:41:00,0.207
08 Jul 2025 02:41:15,0.159
08 Jul 2025 02:42:00,0.170
08 Jul 2025 02:42:30,0.141
08 Jul 2025 02:43:15,0.159
08 Jul 2025 02:43:45,0.123
08 Jul 2025 02:44:45,0.182
08 Jul 2025 02:45:15,0.108
08 Jul 2025 02:45:30,0.222
08 Jul 2025 02:45:45,0.202
08 Jul 2025 02:46:00,0.078
08 Jul 2025 02:46:15,0.126
08 Jul 2025 02:46:30,0.198
08 Jul 2025 02:46:45,0.173
08 Jul 2025 02:47:00,0.207
08 Jul 2025 02:48:30,0.115
08 Jul 2025 02:49:45,0.180
08 Jul 2025 02:50:15,0.145
08 Jul 2025 02:50:45,0.157
08 Jul 2025 02:51:00,0.120
08 Jul 2025 02:51:30,0.236
08 Jul 2025 02:52:00,0.213
08 Jul 2025 02:52:15,0.119
08 Jul 2025 02:53:00,0.196
08 Jul 2025 02:54:00,0.224
08 Jul 2025 02:54:15,0.128
08 Jul 2025 02:54:45,0.178
08 Jul 2025 02:55:15,0.187
08 Jul 2025 02:55:30,0.161
08 Jul 2025 02:56:00,0.188
08 Jul 2025 02:56:15,0.213
08 Jul 2025 02:56:30,0.172
08 Jul 2025 02:57:00,0.138
08 Jul 2025 02:57:15,0.226
08 Jul 2025 02:57:30,0.211
08 Jul 2025 02:57:45,0.201
08 Jul 2025 02:58:15,0.190
08 Jul 2025 02:58:30,0.195
08 Jul 2025 02:58:45,0.202
08 Jul 2025 02:59:00,0.228
08 Jul 2025 02:59:30,0.200
08 Jul 2025 03:00:00,0.166
08 Jul 2025 03:00:15,0.155
08 Jul 2025 03:00:45,0.195
08 Jul 2025 03:01:15,0.169
08 Jul 2025 03:01:30,0.143
08 Jul 2025 03:02:00,0.192
08 Jul 2025 03:02:15,0.157
08 Jul 2025 03:03:15,0.169
08 Jul 2025 03:03:30,0.183
08 Jul 2025 03:03:45,0.158
08 Jul 2025 03:04:00,0.256
08 Jul 2025 03:04:15,0.190
08 Jul 2025 03:04:30,0.084
08 Jul 2025 03:05:00,0.214
08 Jul 2025 03:05:30,0.166
08 Jul 2025 03:05:45,0.202
08 Jul 2025 03:06:00,0.152
08 Jul 2025 03:06:30,0.253
08 Jul 2025 03:06:45,0.188
08 Jul 2025 03:07:15,0.126
08 Jul 2025 03:08:15,0.196
08 Jul 2025 03:10:00,0.190
08 Jul 2025 03:11:00,0.139
08 Jul 2025 03:11:45,0.217
08 Jul 2025 03:12:00,0.220
08 Jul 2025 03:12:30,0.212
08 Jul 2025 03:13:00,0.187
08 Jul 2025 03:13:30,0.229
08 Jul 2025 03:14:00,0.205
08 Jul 2025 03:14:15,0.192
08 Jul 2025 03:14:30,0.140
08 Jul 2025 03:15:00,0.228
08 Jul 2025 03:15:15,0.220
08 Jul 2025 03:17:00,0.219
08 Jul 2025 03:17:30,0.227
08 Jul 2025 03:17:45,0.249
08 Jul 2025 03:18:00,0.180
08 Jul 2025 03:18:30,0.216
08 Jul 2025 03:18:45,0.139
08 Jul 2025 03:19:15,0.208
08 Jul 2025 03:19:45,0.192
08 Jul 2025 03:20:15,0.180
08 Jul 2025 03:20:45,0.228
08 Jul 2025 03:21:15,0.201
08 Jul 2025 03:22:15,0.181
08 Jul 2025 03:23:00,0.212
08 Jul 2025 03:23:30,0.204
08 Jul 2025 03:23:45,0.155
08 Jul 2025 03:24:00,0.156
08 Jul 2025 03:24:30,0.164
08 Jul 2025 03:24:45,0.164
08 Jul 2025 03:25:15,0.214
08 Jul 2025 03:25:45,0.178
08 Jul 2025 03:26:15,0.219
08 Jul 2025 03:26:45,0.185
08 Jul 2025 03:27:00,0.137
08 Jul 2025 03:27:15,0.203
08 Jul 2025 03:27:30,0.205
08 Jul 2025 03:28:15,0.235
08 Jul 2025 03:28:30,0.183
08 Jul 2025 03:28:45,0.166
08 Jul 2025 03:29:00,0.170
08 Jul 2025 03:29:15,0.223
08 Jul 2025 03:29:30,0.150
08 Jul 2025 03:29:45,0.188
08 Jul 2025 03:30:15,0.193
08 Jul 2025 03:30:30,0.202
08 Jul 2025 03:30:45,0.173
08 Jul 2025 03:31:00,0.187
08 Jul 2025 03:31:30,0.212
08 Jul 2025 03:32:00,0.210
08 Jul 2025 03:33:45,0.185
08 Jul 2025 03:34:00,0.183
08 Jul 2025 03:34:45,0.136
08 Jul 2025 03:35:15,0.197
08 Jul 2025 03:36:00,0.185
08 Jul 2025 03:36:15,0.236
08 Jul 2025 03:36:30,0.171
08 Jul 2025 03:36:45,0.211
08 Jul 2025 03:37:30,0.263
08 Jul 2025 03:37:45,0.169
08 Jul 2025 03:38:15,0.196
08 Jul 2025 03:38:30,0.207
08 Jul 2025 03:38:45,0.208
08 Jul 2025 03:39:00,0.234
08 Jul 2025 03:40:15,0.259
08 Jul 2025 03:40:30,0.203
08 Jul 2025 03:40:45,0.217
08 Jul 2025 03:41:15,0.182
08 Jul 2025 03:41:45,0.172
08 Jul 2025 03:42:00,0.212
08 Jul 2025 03:42:15,0.270
08 Jul 2025 03:42:30,0.246
08 Jul 2025 03:43:00,0.217
08 Jul 2025 03:43:45,0.229
08 Jul 2025 03:44:15,0.180
08 Jul 2025 03:44:30,0.201
08 Jul 2025 03:45:15,0.191
08 Jul 2025 03:45:30,0.200
08 Jul 2025 03:45:45,0.221
08 Jul 2025 03:46:00,0.197
08 Jul 2025 03:46:45,0.247
08 Jul 2025 03:47:00,0.181
08 Jul 2025 03:47:30,0.205
08 Jul 2025 03:48:15,0.251
08 Jul 2025 03:48:30,0.218
08 Jul 2025 03:48:45,0.213
08 Jul 2025 03:49:00,0.263
08 Jul 2025 03:49:45,0.245
08 Jul 2025 03:50:00,0.172
08 Jul 2025 03:50:30,0.205
08 Jul 2025 03:50:45,0.182
08 Jul 2025 03:51:00,0.222
08 Jul 2025 03:51:30,0.220
08 Jul 2025 03:53:00,0.185
08 Jul 2025 03:53:15,0.185
08 Jul 2025 03:53:30,0.181
08 Jul 2025 03:55:00,0.263
08 Jul 2025 03:55:30,0.205
08 Jul 2025 03:56:00,0.243
08 Jul 2025 03:56:30,0.270
08 Jul 2025 03:57:00,0.175
08 Jul 2025 03:58:00,0.174
08 Jul 2025 03:58:15,0.221
08 Jul 2025 03:58:30,0.155
08 Jul 2025 03:59:00,0.193
08 Jul 2025 03:59:15,0.231
08 Jul 2025 03:59:30,0.252
08 Jul 2025 04:00:45,0.262
08 Jul 2025 04:01:00,0.272
08 Jul 2025 04:01:15,0.200
08 Jul 2025 04:01:45,0.233
08 Jul 2025 04:02:00,0.151
08 Jul 2025 04:02:30,0.260
08 Jul 2025 04:02:45,0.242
08 Jul 2025 04:03:00,0.171
08 Jul 2025 04:03:15,0.167
08 Jul 2025 04:03:30,0.228
08 Jul 2025 04:04:00,0.257
08 Jul 2025 04:04:15,0.244
08 Jul 2025 04:04:45,0.257
08 Jul 2025 04:06:00,0.239
08 Jul 2025 04:06:30,0.262
08 Jul 2025 04:07:00,0.192
08 Jul 2025 04:07:15,0.194
08 Jul 2025 04:07:30,0.238
08 Jul 2025 04:07:45,0.222
08 Jul 2025 04:08:00,0.248
08 Jul 2025 04:09:45,0.234
08 Jul 2025 04:10:30,0.198
08 Jul 2025 04:10:45,0.290
08 Jul 2025 04:11:00,0.241
08 Jul 2025 04:11:15,0.254
08 Jul 2025 04:11:30,0.264
08 Jul 2025 04:11:45,0.209
08 Jul 2025 04:12:00,0.224
08 Jul 2025 04:12:15,0.230
08 Jul 2025 04:12:45,0.190
08 Jul 2025 04:13:00,0.201
08 Jul 2025 04:13:15,0.253
08 Jul 2025 04:13:30,0.173
08 Jul 2025 04:14:45,0.225
08 Jul 2025 04:15:15,0.233
08 Jul 2025 04:16:00,0.191
08 Jul 2025 04:16:45,0.254
08 Jul 2025 04:17:30,0.242
08 Jul 2025 04:18:00,0.237
08 Jul 2025 04:18:45,0.226
08 Jul 2025 04:19:00,0.242
08 Jul 2025 04:19:15,0.234
08 Jul 2025 04:19:30,0.243
08 Jul 2025 04:20:00,0.175
08 Jul 2025 04:20:15,0.232
08 Jul 2025 04:20:30,0.254
08 Jul 2025 04:20:45,0.231
08 Jul 2025 04:21:30,0.213
08 Jul 2025 04:21:45,0.190
08 Jul 2025 04:22:00,0.231
08 Jul 2025 04:22:30,0.216
08 Jul 2025 04:22:45,0.270
08 Jul 2025 04:23:00,0.190
08 Jul 2025 04:23:15,0.226
08 Jul 2025 04:24:00,0.191
08 Jul 2025 04:25:00,0.162
08 Jul 2025 04:26:15,0.244
08 Jul 2025 04:27:00,0.240
08 Jul 2025 04:28:00,0.215
08 Jul 2025 04:29:00,0.226
08 Jul 2025 04:29:15,0.294
08 Jul 2025 04:29:30,0.252
08 Jul 2025 04:29:45,0.223
08 Jul 2025 04:30:00,0.240
08 Jul 2025 04:30:15,0.245
08 Jul 2025 04:30:30,0.228
08 Jul 2025 04:30:45,0.245
08 Jul 2025 04:31:15,0.181
08 Jul 2025 04:32:00,0.253
08 Jul 2025 04:32:30,0.285
08 Jul 2025 04:33:00,0.260
08 Jul 2025 04:33:15,0.191
08 Jul 2025 04:34:00,0.191
08 Jul 2025 04:34:15,0.219
08 Jul 2025 04:35:00,0.215
08 Jul 2025 04:35:15,0.204
08 Jul 2025 04:35:30,0.263
08 Jul 2025 04:35:45,0.203
08 Jul 2025 04:37:00,0.239
08 Jul 2025 04:37:15,0.242
08 Jul 2025 04:37:30,0.243
08 Jul 2025 04:38:30,0.259
08 Jul 2025 04:39:00,0.237
08 Jul 2025 04:39:15,0.213
08 Jul 2025 04:39:30,0.237
08 Jul 2025 04:40:45,0.275
08 Jul 2025 04:41:00,0.218
08 Jul 2025 04:42:15,0.245
08 Jul 2025 04:42:30,0.233
08 Jul 2025 04:44:30,0.205
08 Jul 2025 04:44:45,0.256
08 Jul 2025 04:45:15,0.167
08 Jul 2025 04:45:45,0.224
08 Jul 2025 04:46:45,0.213
08 Jul 2025 04:47:00,0.252
08 Jul 2025 04:47:45,0.255
08 Jul 2025 04:48:00,0.246
08 Jul 2025 04:48:15,0.232
08 Jul 2025 04:50:30,0.265
08 Jul 2025 04:50:45,0.195
08 Jul 2025 04:51:30,0.266
08 Jul 2025 04:51:45,0.231
08 Jul 2025 04:52:00,0.198
08 Jul 2025 04:53:00,0.222
08 Jul 2025 04:53:30,0.268
08 Jul 2025 04:54:00,0.226
08 Jul 2025 04:54:45,0.246
08 Jul 2025 04:55:00,0.220
08 Jul 2025 04:55:45,0.246
08 Jul 2025 04:56:15,0.239
08 Jul 2025 04:56:45,0.225
08 Jul 2025 04:57:30,0.210
08 Jul 2025 04:58:00,0.208
08 Jul 2025 04:58:15,0.268
08 Jul 2025 04:58:30,0.214
08 Jul 2025 04:59:00,0.259
08 Jul 2025 04:59:15,0.210
08 Jul 2025 05:00:15,0.285
08 Jul 2025 05:00:45,0.206
08 Jul 2025 05:01:00,0.243
08 Jul 2025 05:01:45,0.220
08 Jul 2025 05:02:00,0.241
08 Jul 2025 05:02:15,0.248
08 Jul 2025 05:03:00,0.271
08 Jul 2025 05:03:15,0.263
08 Jul 2025 05:03:45,0.237
08 Jul 2025 05:04:15,0.211
08 Jul 2025 05:04:30,0.232
08 Jul 2025 05:04:45,0.220
08 Jul 2025 05:05:15,0.258
08 Jul 2025 05:06:15,0.212
08 Jul 2025 05:06:30,0.232
08 Jul 2025 05:07:15,0.258
08 Jul 2025 05:07:30,0.250
08 Jul 2025 05:07:45,0.213
08 Jul 2025 05:08:00,0.215
08 Jul 2025 05:08:45,0.247
08 Jul 2025 05:09:00,0.244
08 Jul 2025 05:09:30,0.256
08 Jul 2025 05:09:45,0.251
08 Jul 2025 05:10:00,0.226
08 Jul 2025 05:10:15,0.290
08 Jul 2025 05:11:30,0.237
08 Jul 2025 05:11:45,0.295
08 Jul 2025 05:12:00,0.252
08 Jul 2025 05:14:00,0.232
08 Jul 2025 05:14:15,0.250
08 Jul 2025 05:14:30,0.278
08 Jul 2025 05:14:45,0.263
08 Jul 2025 05:15:15,0.200
08 Jul 2025 05:15:45,0.260
08 Jul 2025 05:16:00,0.242
08 Jul 2025 05:16:45,0.194
08 Jul 2025 05:17:15,0.201
08 Jul 2025 05:17:30,0.218
08 Jul 2025 05:17:45,0.233
08 Jul 2025 05:18:00,0.258
08 Jul 2025 05:18:15,0.297
08 Jul 2025 05:18:30,0.196
08 Jul 2025 05:18:45,0.235
08 Jul 2025 05:19:00,0.288
08 Jul 2025 05:19:30,0.278
08 Jul 2025 05:20:15,0.272
08 Jul 2025 05:21:30,0.234
08 Jul 2025 05:22:00,0.186
08 Jul 2025 05:22:30,0.254
08 Jul 2025 05:23:00,0.232
08 Jul 2025 05:23:30,0.213
08 Jul 2025 05:24:15,0.282
08 Jul 2025 05:24:30,0.219
08 Jul 2025 05:24:45,0.253
08 Jul 2025 05:25:15,0.259
08 Jul 2025 05:25:45,0.253
08 Jul 2025 05:26:00,0.202
08 Jul 2025 05:26:15,0.228
08 Jul 2025 05:26:45,0.221
08 Jul 2025 05:27:15,0.230
08 Jul 2025 05:27:30,0.270
08 Jul 2025 05:28:00,0.254
08 Jul 2025 05:28:15,0.268
08 Jul 2025 05:28:30,0.256
08 Jul 2025 05:29:00,0.261
08 Jul 2025 05:29:15,0.217
08 Jul 2025 05:29:30,0.259
08 Jul 2025 05:29:45,0.247
08 Jul 2025 05:30:00,0.265
08 Jul 2025 05:30:45,0.255
08 Jul 2025 05:31:00,0.280
08 Jul 2025 05:32:00,0.253
08 Jul 2025 05:32:45,0.245
08 Jul 2025 05:33:00,0.246
08 Jul 2025 05:33:30,0.252
08 Jul 2025 05:34:00,0.273
08 Jul 2025 05:34:15,0.232
08 Jul 2025 05:34:30,0.228
08 Jul 2025 05:34:45,0.267
08 Jul 2025 05:35:15,0.241
08 Jul 2025 05:35:30,0.228
08 Jul 2025 05:35:45,0.279
08 Jul 2025 05:36:00,0.213
08 Jul 2025 05:36:30,0.245
08 Jul 2025 05:37:00,0.229
08 Jul 2025 05:37:15,0.273
08 Jul 2025 05:37:30,0.237
08 Jul 2025 05:37:45,0.242
08 Jul 2025 05:38:00,0.263
08 Jul 2025 05:38:30,0.257
08 Jul 2025 05:39:00,0.217
08 Jul 2025 05:39:15,0.279
08 Jul 2025 05:39:30,0.222
08 Jul 2025 05:39:45,0.247
08 Jul 2025 05:40:00,0.232
08 Jul 2025 05:40:30,0.224
08 Jul 2025 05:41:00,0.276
08 Jul 2025 05:41:15,0.174
08 Jul 2025 05:42:00,0.213
08 Jul 2025 05:42:30,0.193
08 Jul 2025 05:43:00,0.209
08 Jul 2025 05:43:15,0.268
08 Jul 2025 05:43:45,0.265
08 Jul 2025 05:44:00,0.274
08 Jul 2025 05:44:15,0.279
08 Jul 2025 05:44:30,0.230
08 Jul 2025 05:44:45,0.240
08 Jul 2025 05:45:30,0.280
08 Jul 2025 05:45:45,0.209
08 Jul 2025 05:46:45,0.216
08 Jul 2025 05:47:00,0.277
08 Jul 2025 05:47:15,0.267
08 Jul 2025 05:47:30,0.228
08 Jul 2025 05:48:00,0.259
08 Jul 2025 05:48:15,0.190
08 Jul 2025 05:48:45,0.240
08 Jul 2025 05:49:00,0.202
08 Jul 2025 05:49:15,0.278
08 Jul 2025 05:49:30,0.259
08 Jul 2025 05:50:00,0.276
08 Jul 2025 05:50:30,0.259
08 Jul 2025 05:51:00,0.286
08 Jul 2025 05:51:15,0.236
08 Jul 2025 05:51:45,0.215
08 Jul 2025 05:52:30,0.258
08 Jul 2025 05:52:45,0.197
08 Jul 2025 05:53:15,0.182
08 Jul 2025 05:53:30,0.286
08 Jul 2025 05:53:45,0.183
08 Jul 2025 05:54:15,0.178
08 Jul 2025 05:54:45,0.238
08 Jul 2025 05:55:00,0.231
08 Jul 2025 05:55:30,0.276
08 Jul 2025 05:55:45,0.170
08 Jul 2025 05:56:00,0.302
08 Jul 2025 05:56:15,0.206
08 Jul 2025 05:56:30,0.256
08 Jul 2025 05:56:45,0.230
08 Jul 2025 05:57:00,0.255
08 Jul 2025 05:57:15,0.248
08 Jul 2025 05:57:45,0.231
08 Jul 2025 05:58:00,0.186
08 Jul 2025 05:58:15,0.264
08 Jul 2025 05:58:45,0.255
08 Jul 2025 05:59:15,0.240
08 Jul 2025 05:59:45,0.267
08 Jul 2025 06:00:15,0.246
08 Jul 2025 06:01:00,0.219
08 Jul 2025 06:02:00,0.251
08 Jul 2025 06:02:15,0.230
08 Jul 2025 06:02:45,0.222
08 Jul 2025 06:03:00,0.206
08 Jul 2025 06:03:15,0.247
08 Jul 2025 06:03:30,0.221
08 Jul 2025 06:04:00,0.235
08 Jul 2025 06:05:00,0.260
08 Jul 2025 06:05:15,0.253
08 Jul 2025 06:05:30,0.220
08 Jul 2025 06:05:45,0.258
08 Jul 2025 06:06:00,0.215
08 Jul 2025 06:06:15,0.217
08 Jul 2025 06:06:45,0.274
08 Jul 2025 06:07:15,0.140
08 Jul 2025 06:08:00,0.229
08 Jul 2025 06:08:15,0.247
08 Jul 2025 06:08:45,0.213
08 Jul 2025 06:09:00,0.275
08 Jul 2025 06:09:30,0.264
08 Jul 2025 06:10:00,0.259
08 Jul 2025 06:10:30,0.216
08 Jul 2025 06:11:45,0.209
08 Jul 2025 06:12:15,0.269
08 Jul 2025 06:12:30,0.233
08 Jul 2025 06:12:45,0.255
08 Jul 2025 06:13:15,0.253
08 Jul 2025 06:13:30,0.196
08 Jul 2025 06:13:45,0.251
08 Jul 2025 06:14:00,0.220
08 Jul 2025 06:14:15,0.274
08 Jul 2025 06:15:00,0.264
08 Jul 2025 06:15:30,0.232
08 Jul 2025 06:16:15,0.172
08 Jul 2025 06:16:30,0.221
08 Jul 2025 06:17:15,0.244
08 Jul 2025 06:18:30,0.238
08 Jul 2025 06:18:45,0.300
08 Jul 2025 06:19:00,0.262
08 Jul 2025 06:19:30,0.253
08 Jul 2025 06:19:45,0.279
08 Jul 2025 06:20:00,0.205
08 Jul 2025 06:20:15,0.247
08 Jul 2025 06:21:00,0.200
08 Jul 2025 06:21:30,0.202
08 Jul 2025 06:22:00,0.263
08 Jul 2025 06:22:45,0.226
08 Jul 2025 06:23:00,0.194
08 Jul 2025 06:23:15,0.208
08 Jul 2025 06:23:30,0.186
08 Jul 2025 06:23:45,0.302
08 Jul 2025 06:24:00,0.212
08 Jul 2025 06:25:15,0.216
08 Jul 2025 06:26:45,0.170
08 Jul 2025 06:27:30,0.199
08 Jul 2025 06:28:00,0.198
08 Jul 2025 06:28:15,0.233
08 Jul 2025 06:28:45,0.205
08 Jul 2025 06:30:00,0.237
08 Jul 2025 06:31:00,0.176
08 Jul 2025 06:32:00,0.253
08 Jul 2025 06:32:15,0.219
08 Jul 2025 06:32:30,0.223
08 Jul 2025 06:32:45,0.238
08 Jul 2025 06:33:00,0.219
08 Jul 2025 06:33:15,0.205
08 Jul 2025 06:33:45,0.232
08 Jul 2025 06:34:00,0.230
08 Jul 2025 06:34:15,0.215
08 Jul 2025 06:34:30,0.240
08 Jul 2025 06:35:00,0.186
08 Jul 2025 06:36:15,0.254
08 Jul 2025 06:36:30,0.222
08 Jul 2025 06:36:45,0.222
08 Jul 2025 06:37:00,0.167
08 Jul 2025 06:37:30,0.174
08 Jul 2025 06:37:45,0.277
08 Jul 2025 06:38:15,0.240
08 Jul 2025 06:39:45,0.261
08 Jul 2025 06:40:00,0.208
08 Jul 2025 06:40:15,0.206
08 Jul 2025 06:40:30,0.223
08 Jul 2025 06:40:45,0.202
08 Jul 2025 06:41:30,0.240
08 Jul 2025 06:42:00,0.269
08 Jul 2025 06:42:15,0.211
08 Jul 2025 06:42:45,0.286
08 Jul 2025 06:43:00,0.192
08 Jul 2025 06:44:00,0.183
08 Jul 2025 06:44:15,0.180
08 Jul 2025 06:44:30,0.215
08 Jul 2025 06:45:00,0.173
08 Jul 2025 06:45:30,0.232
08 Jul 2025 06:45:45,0.220
08 Jul 2025 06:46:00,0.255
08 Jul 2025 06:46:30,0.200
08 Jul 2025 06:47:15,0.211
08 Jul 2025 06:47:30,0.215
08 Jul 2025 06:48:00,0.264
08 Jul 2025 06:48:15,0.233
08 Jul 2025 06:48:45,0.226
08 Jul 2025 06:49:45,0.223
08 Jul 2025 06:50:15,0.223
08 Jul 2025 06:50:30,0.229
08 Jul 2025 06:50:45,0.211
08 Jul 2025 06:51:30,0.187
08 Jul 2025 06:51:45,0.196
08 Jul 2025 06:52:00,0.205
08 Jul 2025 06:53:15,0.180
08 Jul 2025 06:54:15,0.225
08 Jul 2025 06:54:45,0.250
08 Jul 2025 06:55:00,0.211
08 Jul 2025 06:55:15,0.253
08 Jul 2025 06:55:30,0.257
08 Jul 2025 06:56:00,0.207
08 Jul 2025 06:56:45,0.176
08 Jul 2025 06:57:00,0.227
08 Jul 2025 06:57:15,0.230
08 Jul 2025 06:57:45,0.253
08 Jul 2025 06:58:00,0.239
08 Jul 2025 06:59:15,0.211
08 Jul 2025 06:59:30,0.191
08 Jul 2025 06:59:45,0.192
08 Jul 2025 07:00:00,0.318
08 Jul 2025 07:00:30,0.259
08 Jul 2025 07:01:45,0.253
08 Jul 2025 07:02:00,0.226
08 Jul 2025 07:02:30,0.182
08 Jul 2025 07:02:45,0.233
08 Jul 2025 07:03:45,0.169
08 Jul 2025 07:04:00,0.237
08 Jul 2025 07:04:15,0.183
08 Jul 2025 07:04:30,0.226
08 Jul 2025 07:05:30,0.174
08 Jul 2025 07:05:45,0.218
08 Jul 2025 07:06:15,0.187
08 Jul 2025 07:06:45,0.122
08 Jul 2025 07:07:00,0.210
08 Jul 2025 07:07:30,0.215
08 Jul 2025 07:07:45,0.235
08 Jul 2025 07:08:45,0.133
08 Jul 2025 07:09:00,0.190
08 Jul 2025 07:09:30,0.173
08 Jul 2025 07:10:15,0.174
08 Jul 2025 07:10:45,0.197
08 Jul 2025 07:11:00,0.161
08 Jul 2025 07:11:15,0.243
08 Jul 2025 07:11:30,0.205
08 Jul 2025 07:12:00,0.212
08 Jul 2025 07:12:15,0.209
08 Jul 2025 07:12:30,0.240
08 Jul 2025 07:12:45,0.193
08 Jul 2025 07:13:15,0.178
08 Jul 2025 07:13:30,0.189
08 Jul 2025 07:14:00,0.248
08 Jul 2025 07:14:45,0.169
08 Jul 2025 07:15:00,0.226
08 Jul 2025 07:15:15,0.176
08 Jul 2025 07:16:00,0.196
08 Jul 2025 07:16:45,0.203
08 Jul 2025 07:17:15,0.207
08 Jul 2025 07:17:30,0.249
08 Jul 2025 07:18:00,0.178
08 Jul 2025 07:18:45,0.191
08 Jul 2025 07:19:45,0.180
08 Jul 2025 07:20:30,0.197
08 Jul 2025 07:21:00,0.216
08 Jul 2025 07:21:15,0.165
08 Jul 2025 07:22:00,0.230
08 Jul 2025 07:23:15,0.186
08 Jul 2025 07:23:30,0.224
08 Jul 2025 07:23:45,0.187
08 Jul 2025 07:24:15,0.227
08 Jul 2025 07:25:00,0.172
08 Jul 2025 07:26:00,0.189
08 Jul 2025 07:26:45,0.231
08 Jul 2025 07:27:00,0.244
08 Jul 2025 07:27:15,0.176
08 Jul 2025 07:27:30,0.246
08 Jul 2025 07:28:00,0.196
08 Jul 2025 07:28:15,0.232
08 Jul 2025 07:28:45,0.200
08 Jul 2025 07:29:00,0.164
08 Jul 2025 07:29:15,0.247
08 Jul 2025 07:29:30,0.122
08 Jul 2025 07:30:15,0.252
08 Jul 2025 07:31:15,0.200
08 Jul 2025 07:32:00,0.205
08 Jul 2025 07:32:15,0.213
08 Jul 2025 07:32:45,0.191
08 Jul 2025 07:33:00,0.174
08 Jul 2025 07:33:15,0.235
08 Jul 2025 07:33:30,0.209
08 Jul 2025 07:33:45,0.211
08 Jul 2025 07:34:00,0.202
08 Jul 2025 07:34:15,0.158
08 Jul 2025 07:34:30,0.253
08 Jul 2025 07:35:00,0.165
08 Jul 2025 07:35:30,0.219
08 Jul 2025 07:35:45,0.222
08 Jul 2025 07:36:00,0.284
08 Jul 2025 07:36:15,0.122
08 Jul 2025 07:36:45,0.217
08 Jul 2025 07:37:15,0.197
08 Jul 2025 07:37:45,0.194
08 Jul 2025 07:38:00,0.197
08 Jul 2025 07:38:15,0.149
08 Jul 2025 07:38:30,0.229
08 Jul 2025 07:39:00,0.200
08 Jul 2025 07:39:30,0.234
08 Jul 2025 07:40:00,0.165
08 Jul 2025 07:40:45,0.188
08 Jul 2025 07:41:00,0.151
08 Jul 2025 07:41:45,0.213
08 Jul 2025 07:42:00,0.201
08 Jul 2025 07:42:30,0.199
08 Jul 2025 07:43:15,0.184
08 Jul 2025 07:43:30,0.252
08 Jul 2025 07:44:00,0.147
08 Jul 2025 07:44:15,0.209
08 Jul 2025 07:44:45,0.170
08 Jul 2025 07:45:00,0.220
08 Jul 2025 07:45:15,0.171
08 Jul 2025 07:45:30,0.182
08 Jul 2025 07:46:00,0.180
08 Jul 2025 07:46:15,0.178
08 Jul 2025 07:46:30,0.193
08 Jul 2025 07:46:45,0.190
08 Jul 2025 07:47:15,0.203
08 Jul 2025 07:47:30,0.228
08 Jul 2025 07:47:45,0.153
08 Jul 2025 07:48:00,0.247
08 Jul 2025 07:49:00,0.242
08 Jul 2025 07:50:15,0.222
08 Jul 2025 07:50:45,0.210
08 Jul 2025 07:51:30,0.170
08 Jul 2025 07:52:00,0.142
08 Jul 2025 07:53:45,0.169
08 Jul 2025 07:54:15,0.190
08 Jul 2025 07:55:00,0.162
08 Jul 2025 07:55:30,0.247
08 Jul 2025 07:56:45,0.087
08 Jul 2025 07:57:00,0.198
08 Jul 2025 07:57:15,0.215
08 Jul 2025 07:57:30,0.163
08 Jul 2025 07:57:45,0.212
08 Jul 2025 07:58:45,0.136
08 Jul 2025 07:59:15,0.273
08 Jul 2025 08:00:30,0.220
08 Jul 2025 08:01:00,0.175
08 Jul 2025 08:01:15,0.248
08 Jul 2025 08:02:00,0.222
08 Jul 2025 08:02:15,0.188
08 Jul 2025 08:02:30,0.137
08 Jul 2025 08:02:45,0.170
08 Jul 2025 08:03:15,0.112
08 Jul 2025 08:03:30,0.220
08 Jul 2025 08:03:45,0.217
08 Jul 2025 08:04:00,0.149
08 Jul 2025 08:04:15,0.100
08 Jul 2025 08:04:30,0.235
08 Jul 2025 08:04:45,0.179
08 Jul 2025 08:05:00,0.143
08 Jul 2025 08:05:15,0.109
08 Jul 2025 08:05:30,0.160
08 Jul 2025 08:06:00,0.169
08 Jul 2025 08:06:15,0.152
08 Jul 2025 08:07:00,0.145
08 Jul 2025 08:07:45,0.141
08 Jul 2025 08:08:30,0.202
08 Jul 2025 08:08:45,0.273
08 Jul 2025 08:09:00,0.264
08 Jul 2025 08:09:45,0.175
08 Jul 2025 08:10:45,0.228
08 Jul 2025 08:11:15,0.154
08 Jul 2025 08:11:45,0.209
08 Jul 2025 08:12:00,0.188
08 Jul 2025 08:14:00,0.079
08 Jul 2025 08:14:30,0.159
08 Jul 2025 08:15:15,0.223
08 Jul 2025 08:16:15,0.166
08 Jul 2025 08:16:30,0.195
08 Jul 2025 08:16:45,0.156
08 Jul 2025 08:17:15,0.074
08 Jul 2025 08:17:30,0.081
08 Jul 2025 08:17:45,0.155
08 Jul 2025 08:18:30,0.153
08 Jul 2025 08:19:15,0.234
08 Jul 2025 08:20:00,0.175
08 Jul 2025 08:20:15,0.112
08 Jul 2025 08:20:30,0.114
08 Jul 2025 08:20:45,0.171
08 Jul 2025 08:21:00,0.157
08 Jul 2025 08:21:15,0.175
08 Jul 2025 08:22:00,0.130
08 Jul 2025 08:22:15,0.116
08 Jul 2025 08:22:30,0.162
08 Jul 2025 08:23:30,0.196
08 Jul 2025 08:23:45,0.220
08 Jul 2025 08:24:15,0.184
08 Jul 2025 08:25:00,0.240
08 Jul 2025 08:25:30,0.143
08 Jul 2025 08:26:00,0.121
08 Jul 2025 08:26:45,0.145
08 Jul 2025 08:27:15,0.201
08 Jul 2025 08:27:30,0.129
08 Jul 2025 08:27:45,0.131
08 Jul 2025 08:28:15,0.146
08 Jul 2025 08:28:45,0.164
08 Jul 2025 08:29:15,0.167
08 Jul 2025 08:29:30,0.127
08 Jul 2025 08:30:15,0.164
08 Jul 2025 08:30:30,0.220
08 Jul 2025 08:30:45,0.176
08 Jul 2025 08:31:00,0.191
08 Jul 2025 08:31:30,0.231
08 Jul 2025 08:32:30,0.162
08 Jul 2025 08:32:45,0.151
08 Jul 2025 08:33:00,0.140
08 Jul 2025 08:33:15,0.143
08 Jul 2025 08:33:45,0.098
08 Jul 2025 08:34:15,0.171
08 Jul 2025 08:34:45,0.131
08 Jul 2025 08:35:15,0.172
08 Jul 2025 08:36:00,0.166
08 Jul 2025 08:36:15,0.167
08 Jul 2025 08:36:45,0.143
08 Jul 2025 08:37:00,0.195
08 Jul 2025 08:38:15,0.113
08 Jul 2025 08:38:30,0.114
08 Jul 2025 08:38:45,0.142
08 Jul 2025 08:39:45,0.148
08 Jul 2025 08:40:00,0.056
08 Jul 2025 08:40:15,0.196
08 Jul 2025 08:40:30,0.212
08 Jul 2025 08:41:15,0.075
08 Jul 2025 08:41:45,0.120
08 Jul 2025 08:42:15,0.172
08 Jul 2025 08:42:45,0.203
08 Jul 2025 08:43:30,0.116
08 Jul 2025 08:44:00,0.210
08 Jul 2025 08:44:30,0.110
08 Jul 2025 08:45:45,0.100
08 Jul 2025 08:46:00,0.147
08 Jul 2025 08:47:00,0.138
08 Jul 2025 08:47:30,0.296
08 Jul 2025 08:47:45,0.243
08 Jul 2025 08:48:00,0.106
08 Jul 2025 08:48:30,0.209
08 Jul 2025 08:49:00,0.145
08 Jul 2025 08:49:30,0.135
08 Jul 2025 08:49:45,0.114
08 Jul 2025 08:50:15,0.105
08 Jul 2025 08:50:45,0.100
08 Jul 2025 08:52:00,0.108
08 Jul 2025 08:52:15,0.125
08 Jul 2025 08:52:45,0.171
08 Jul 2025 08:53:00,0.165
08 Jul 2025 08:53:45,0.157
08 Jul 2025 08:54:30,0.077
08 Jul 2025 08:55:00,0.130
08 Jul 2025 08:55:15,0.078
08 Jul 2025 08:55:30,0.071
08 Jul 2025 08:57:30,0.051
08 Jul 2025 08:57:45,0.186
08 Jul 2025 08:58:45,0.092
08 Jul 2025 08:59:15,0.166
08 Jul 2025 08:59:30,0.120
08 Jul 2025 09:00:15,0.103
08 Jul 2025 09:00:30,0.094
08 Jul 2025 09:01:00,0.148
08 Jul 2025 09:01:30,0.137
08 Jul 2025 09:02:00,0.157
08 Jul 2025 09:02:15,0.150
08 Jul 2025 09:03:00,0.150
08 Jul 2025 09:03:15,0.212
08 Jul 2025 09:04:00,0.132
08 Jul 2025 09:04:15,0.193
08 Jul 2025 09:04:30,0.141
08 Jul 2025 09:04:45,0.121
08 Jul 2025 09:05:00,0.207
08 Jul 2025 09:05:15,0.194
08 Jul 2025 09:05:30,0.198
08 Jul 2025 09:06:15,0.072
08 Jul 2025 09:07:45,0.100
08 Jul 2025 09:08:30,0.145
08 Jul 2025 09:08:45,0.219
08 Jul 2025 09:09:30,0.150
08 Jul 2025 09:10:15,0.131
08 Jul 2025 09:10:30,0.097
08 Jul 2025 09:10:45,0.105
08 Jul 2025 09:11:00,0.040
08 Jul 2025 09:11:15,0.122
08 Jul 2025 09:11:30,0.153
08 Jul 2025 09:11:45,0.159
08 Jul 2025 09:12:30,0.136
08 Jul 2025 09:13:00,0.077
08 Jul 2025 09:13:15,0.069
08 Jul 2025 09:13:45,0.114
08 Jul 2025 09:14:00,0.129
08 Jul 2025 09:14:15,0.072
08 Jul 2025 09:14:45,0.121
08 Jul 2025 09:15:00,0.192
08 Jul 2025 09:15:15,0.113
08 Jul 2025 09:15:45,0.148
08 Jul 2025 09:16:00,0.079
08 Jul 2025 09:16:15,0.151
08 Jul 2025 09:16:30,0.068
08 Jul 2025 09:17:30,0.145
08 Jul 2025 09:18:15,0.143
08 Jul 2025 09:18:30,0.146
08 Jul 2025 09:18:45,0.018
08 Jul 2025 09:19:00,0.098
08 Jul 2025 09:19:15,0.123
08 Jul 2025 09:19:30,0.115
08 Jul 2025 09:20:00,0.068
08 Jul 2025 09:20:15,0.069
08 Jul 2025 09:21:00,0.133
08 Jul 2025 09:21:30,0.188
08 Jul 2025 09:22:00,0.151
08 Jul 2025 09:22:30,0.086
08 Jul 2025 09:23:45,0.071
08 Jul 2025 09:24:00,0.148
08 Jul 2025 09:24:15,0.141
08 Jul 2025 09:25:00,0.069
08 Jul 2025 09:25:45,0.128
08 Jul 2025 09:26:00,0.114
08 Jul 2025 09:26:30,0.138
08 Jul 2025 09:27:45,0.095
08 Jul 2025 09:28:00,0.108
08 Jul 2025 09:28:45,0.113
08 Jul 2025 09:29:30,0.091
08 Jul 2025 09:29:45,0.115
08 Jul 2025 09:30:00,0.012
08 Jul 2025 09:30:30,0.171
08 Jul 2025 09:31:15,0.065
08 Jul 2025 09:31:45,0.117
08 Jul 2025 09:32:00,0.079
08 Jul 2025 09:33:15,0.077
08 Jul 2025 09:33:30,0.060
08 Jul 2025 09:34:00,0.094
08 Jul 2025 09:34:45,0.113
08 Jul 2025 09:35:00,-0.017
08 Jul 2025 09:35:15,0.110
08 Jul 2025 09:36:00,0.160
08 Jul 2025 09:36:15,0.157
08 Jul 2025 09:37:00,0.033
08 Jul 2025 09:37:45,0.087
08 Jul 2025 09:38:15,0.042
08 Jul 2025 09:38:45,0.095
08 Jul 2025 09:40:00,0.162
08 Jul 2025 09:40:15,0.186
08 Jul 2025 09:40:45,0.054
08 Jul 2025 09:41:00,0.125
08 Jul 2025 09:41:30,0.085
08 Jul 2025 09:42:00,0.106
08 Jul 2025 09:42:30,0.100
08 Jul 2025 09:42:45,-0.025
08 Jul 2025 09:43:15,0.185
08 Jul 2025 09:43:30,0.050
08 Jul 2025 09:44:15,0.066
08 Jul 2025 09:44:45,0.147
08 Jul 2025 09:45:15,0.085
08 Jul 2025 09:46:00,0.173
08 Jul 2025 09:46:30,0.048
08 Jul 2025 09:47:00,0.124
08 Jul 2025 09:47:30,0.114
08 Jul 2025 09:47:45,0.141
08 Jul 2025 09:49:00,0.202
08 Jul 2025 09:49:15,0.049
08 Jul 2025 09:50:30,0.081
08 Jul 2025 09:51:00,0.176
08 Jul 2025 09:51:45,0.102
08 Jul 2025 09:52:15,0.102
08 Jul 2025 09:53:00,0.054
08 Jul 2025 09:54:00,0.018
08 Jul 2025 09:54:30,0.099
08 Jul 2025 09:55:00,0.085
08 Jul 2025 09:55:15,0.076
08 Jul 2025 09:56:00,0.072
08 Jul 2025 09:57:30,0.128
08 Jul 2025 09:57:45,0.106
08 Jul 2025 09:58:00,0.002
08 Jul 2025 09:58:15,0.143
08 Jul 2025 09:58:30,0.076
08 Jul 2025 09:59:15,0.140
08 Jul 2025 09:59:45,0.057
08 Jul 2025 10:00:00,0.095
08 Jul 2025 10:00:15,0.080
08 Jul 2025 10:00:30,0.092
08 Jul 2025 10:01:00,0.157
08 Jul 2025 10:01:45,0.086
08 Jul 2025 10:02:15,0.017
08 Jul 2025 10:03:00,0.024
08 Jul 2025 10:03:15,0.095
08 Jul 2025 10:03:30,0.159
08 Jul 2025 10:04:45,0.025
08 Jul 2025 10:05:00,0.134
08 Jul 2025 10:05:15,0.114
08 Jul 2025 10:05:30,0.106
08 Jul 2025 10:06:15,0.016
08 Jul 2025 10:06:30,0.077
08 Jul 2025 10:08:15,0.174
08 Jul 2025 10:08:45,-0.015
08 Jul 2025 10:09:15,0.062
08 Jul 2025 10:10:30,0.150
08 Jul 2025 10:11:45,0.117
08 Jul 2025 10:12:00,0.116
08 Jul 2025 10:12:15,0.037
08 Jul 2025 10:12:45,0.059
08 Jul 2025 10:13:00,0.074
08 Jul 2025 10:13:15,0.073
08 Jul 2025 10:13:30,0.054
08 Jul 2025 10:14:00,-0.043
08 Jul 2025 10:14:15,-0.011
08 Jul 2025 10:14:30,0.084
08 Jul 2025 10:15:15,0.107
08 Jul 2025 10:15:30,0.106
08 Jul 2025 10:15:45,0.089
08 Jul 2025 10:16:00,-0.020
08 Jul 2025 10:17:30,0.048
08 Jul 2025 10:17:45,0.107
08 Jul 2025 10:18:00,0.034
08 Jul 2025 10:19:15,0.067
08 Jul 2025 10:20:30,0.034
08 Jul 2025 10:20:45,0.119
08 Jul 2025 10:21:00,0.132
08 Jul 2025 10:21:30,0.066
08 Jul 2025 10:22:30,0.066
08 Jul 2025 10:22:45,0.079
08 Jul 2025 10:23:00,0.124
08 Jul 2025 10:23:15,0.103
08 Jul 2025 10:23:30,0.118
08 Jul 2025 10:24:00,0.082
08 Jul 2025 10:24:15,0.017
08 Jul 2025 10:24:45,0.085
08 Jul 2025 10:25:00,0.069
08 Jul 2025 10:25:15,0.158
08 Jul 2025 10:26:00,0.091
08 Jul 2025 10:26:45,0.134
08 Jul 2025 10:27:30,0.121
08 Jul 2025 10:27:45,0.038
08 Jul 2025 10:28:00,0.094
08 Jul 2025 10:28:30,0.057
08 Jul 2025 10:28:45,0.055
08 Jul 2025 10:29:45,0.064
08 Jul 2025 10:30:30,0.058
08 Jul 2025 10:31:00,0.052
08 Jul 2025 10:31:30,0.075
08 Jul 2025 10:31:45,0.022
08 Jul 2025 10:32:15,0.041
08 Jul 2025 10:32:30,0.059
08 Jul 2025 10:34:00,0.084
08 Jul 2025 10:34:30,0.116
08 Jul 2025 10:35:00,0.063
08 Jul 2025 10:35:15,0.054
08 Jul 2025 10:36:45,0.119
08 Jul 2025 10:37:00,0.125
08 Jul 2025 10:38:00,0.028
08 Jul 2025 10:38:15,0.058
08 Jul 2025 10:38:30,0.050
08 Jul 2025 10:39:00,0.011
08 Jul 2025 10:39:30,0.044
08 Jul 2025 10:39:45,0.119
08 Jul 2025 10:40:00,0.079
08 Jul 2025 10:40:15,0.101
08 Jul 2025 10:40:30,0.121
08 Jul 2025 10:41:00,0.119
08 Jul 2025 10:41:30,0.108
08 Jul 2025 10:42:15,0.070
08 Jul 2025 10:42:30,0.042
08 Jul 2025 10:43:15,-0.037
08 Jul 2025 10:43:30,0.137
08 Jul 2025 10:44:00,0.159
08 Jul 2025 10:44:45,0.132
08 Jul 2025 10:45:15,0.163
08 Jul 2025 10:45:30,0.056
08 Jul 2025 10:46:00,0.088
08 Jul 2025 10:46:15,0.088
08 Jul 2025 10:46:30,0.093
08 Jul 2025 10:47:00,0.058
08 Jul 2025 10:48:00,0.103
08 Jul 2025 10:48:15,0.087
08 Jul 2025 10:48:30,0.059
08 Jul 2025 10:48:45,0.090
08 Jul 2025 10:49:15,0.073
08 Jul 2025 10:49:30,0.094
08 Jul 2025 10:49:45,0.135
08 Jul 2025 10:50:15,-0.011
08 Jul 2025 10:50:30,0.087
08 Jul 2025 10:50:45,0.014
08 Jul 2025 10:51:00,0.034
08 Jul 2025 10:51:30,0.092
08 Jul 2025 10:52:00,0.034
08 Jul 2025 10:52:15,0.064
08 Jul 2025 10:52:45,0.072
08 Jul 2025 10:53:45,0.016
08 Jul 2025 10:54:00,0.068
08 Jul 2025 10:54:45,0.176
08 Jul 2025 10:55:00,0.068
08 Jul 2025 10:55:15,0.089
08 Jul 2025 10:55:45,0.041
08 Jul 2025 10:56:45,0.048
08 Jul 2025 10:57:30,0.080
08 Jul 2025 10:57:45,0.063
08 Jul 2025 10:58:00,0.049
08 Jul 2025 10:58:15,0.087
08 Jul 2025 10:58:45,-0.009
08 Jul 2025 10:59:00,0.086
08 Jul 2025 10:59:30,0.005
08 Jul 2025 11:00:00,0.006
08 Jul 2025 11:00:30,0.007
08 Jul 2025 11:00:45,0.011
08 Jul 2025 11:01:15,0.069
08 Jul 2025 11:01:30,0.094
08 Jul 2025 11:01:45,0.122
08 Jul 2025 11:02:00,0.028
08 Jul 2025 11:02:15,0.046
08 Jul 2025 11:02:30,0.110
08 Jul 2025 11:02:45,0.076
08 Jul 2025 11:04:00,-0.014
08 Jul 2025 11:04:15,0.057
08 Jul 2025 11:04:30,0.049
08 Jul 2025 11:05:15,0.074
08 Jul 2025 11:05:45,0.012
08 Jul 2025 11:06:00,0.117
08 Jul 2025 11:06:15,0.039
08 Jul 2025 11:06:30,0.020
08 Jul 2025 11:06:45,-0.008
08 Jul 2025 11:07:00,0.093
08 Jul 2025 11:08:00,0.063
08 Jul 2025 11:08:15,-0.004
08 Jul 2025 11:08:30,0.057
08 Jul 2025 11:08:45,0.094
08 Jul 2025 11:10:15,0.042
08 Jul 2025 11:10:45,-0.005
08 Jul 2025 11:11:15,0.075
08 Jul 2025 11:12:00,0.034
08 Jul 2025 11:12:15,-0.042
08 Jul 2025 11:12:45,0.094
08 Jul 2025 11:13:00,0.112
08 Jul 2025 11:13:15,0.042
08 Jul 2025 11:13:30,0.072
08 Jul 2025 11:14:00,0.025
08 Jul 2025 11:14:30,0.058
08 Jul 2025 11:14:45,0.004
08 Jul 2025 11:15:15,0.073
08 Jul 2025 11:15:30,0.003
08 Jul 2025 11:15:45,0.051
08 Jul 2025 11:16:00,-0.026
08 Jul 2025 11:16:30,0.066
08 Jul 2025 11:16:45,0.106
08 Jul 2025 11:17:30,0.049
08 Jul 2025 11:18:15,-0.026
08 Jul 2025 11:18:30,-0.019
08 Jul 2025 11:19:15,0.040
08 Jul 2025 11:19:30,0.083
08 Jul 2025 11:20:00,-0.017
08 Jul 2025 11:20:30,-0.009
08 Jul 2025 11:21:00,0.109
08 Jul 2025 11:21:45,-0.051
08 Jul 2025 11:22:15,0.101
08 Jul 2025 11:22:30,0.082
08 Jul 2025 11:23:00,0.113
08 Jul 2025 11:23:30,0.055
08 Jul 2025 11:23:45,0.137
08 Jul 2025 11:24:00,-0.035
08 Jul 2025 11:25:15,0.038
08 Jul 2025 11:25:30,-0.033
08 Jul 2025 11:25:45,0.098
08 Jul 2025 11:26:00,0.051
08 Jul 2025 11:26:15,0.043
08 Jul 2025 11:26:30,0.013
08 Jul 2025 11:28:00,-0.027
08 Jul 2025 11:28:15,-0.016
08 Jul 2025 11:28:45,0.102
08 Jul 2025 11:29:15,0.047
08 Jul 2025 11:30:15,-0.006
08 Jul 2025 11:30:45,0.122
08 Jul 2025 11:31:00,0.034
08 Jul 2025 11:31:15,0.013
08 Jul 2025 11:31:30,0.032
08 Jul 2025 11:31:45,0.065
08 Jul 2025 11:32:30,0.080
08 Jul 2025 11:32:45,0.009
08 Jul 2025 11:33:00,-0.023
08 Jul 2025 11:33:15,0.030
08 Jul 2025 11:34:15,0.067
08 Jul 2025 11:34:30,0.113
08 Jul 2025 11:35:15,0.102
08 Jul 2025 11:35:30,-0.032
08 Jul 2025 11:36:30,0.061
08 Jul 2025 11:37:30,0.052
08 Jul 2025 11:37:45,0.035
08 Jul 2025 11:39:00,0.047
08 Jul 2025 11:40:00,0.003
08 Jul 2025 11:40:15,0.020
08 Jul 2025 11:40:45,0.062
08 Jul 2025 11:41:15,0.170
08 Jul 2025 11:41:30,0.053
08 Jul 2025 11:41:45,0.011
08 Jul 2025 11:42:00,0.043
08 Jul 2025 11:42:15,0.104
08 Jul 2025 11:42:45,-0.012
08 Jul 2025 11:43:00,0.017
08 Jul 2025 11:43:15,0.074
08 Jul 2025 11:43:30,0.066
08 Jul 2025 11:44:00,0.083
08 Jul 2025 11:44:45,0.071
08 Jul 2025 11:46:15,0.060
08 Jul 2025 11:46:30,0.016
08 Jul 2025 11:47:30,-0.016
08 Jul 2025 11:48:00,0.055
08 Jul 2025 11:48:15,-0.008
08 Jul 2025 11:48:30,0.129
08 Jul 2025 11:49:15,0.130
08 Jul 2025 11:49:30,-0.019
08 Jul 2025 11:49:45,0.004
08 Jul 2025 11:52:00,0.022
08 Jul 2025 11:52:15,0.021
08 Jul 2025 11:52:30,0.053
08 Jul 2025 11:53:15,0.092
08 Jul 2025 11:54:00,0.003
08 Jul 2025 11:54:45,0.020
08 Jul 2025 11:55:30,0.029
08 Jul 2025 11:55:45,0.020
08 Jul 2025 11:56:00,0.039
08 Jul 2025 11:56:30,-0.021
08 Jul 2025 11:56:45,-0.019
08 Jul 2025 11:57:30,-0.008
08 Jul 2025 11:57:45,0.059
08 Jul 2025 11:58:00,-0.003
08 Jul 2025 11:58:15,0.071
08 Jul 2025 11:58:30,0.123
08 Jul 2025 11:58:45,0.059
08 Jul 2025 11:59:00,-0.011
08 Jul 2025 11:59:15,0.056
08 Jul 2025 11:59:30,0.018
08 Jul 2025 12:00:00,0.079
08 Jul 2025 12:00:30,0.092
08 Jul 2025 12:00:45,0.132
08 Jul 2025 12:01:15,0.082
08 Jul 2025 12:01:45,0.063
08 Jul 2025 12:02:15,-0.007
08 Jul 2025 12:03:30,0.154
08 Jul 2025 12:04:45,0.058
08 Jul 2025 12:05:00,0.038
08 Jul 2025 12:05:30,-0.027
08 Jul 2025 12:05:45,0.059
08 Jul 2025 12:06:15,-0.090
08 Jul 2025 12:06:30,0.000
08 Jul 2025 12:06:45,0.099
08 Jul 2025 12:07:30,0.022
08 Jul 2025 12:07:45,-0.007
08 Jul 2025 12:08:15,0.124
08 Jul 2025 12:08:45,0.092
08 Jul 2025 12:09:00,0.141
08 Jul 2025 12:09:15,0.105
08 Jul 2025 12:09:45,0.110
08 Jul 2025 12:10:15,0.115
08 Jul 2025 12:10:45,0.009
08 Jul 2025 12:11:00,0.065
08 Jul 2025 12:11:30,-0.084
08 Jul 2025 12:12:15,0.141
08 Jul 2025 12:13:15,0.000
08 Jul 2025 12:14:30,0.114
08 Jul 2025 12:14:45,0.052
08 Jul 2025 12:15:15,0.078
08 Jul 2025 12:15:30,0.058
08 Jul 2025 12:15:45,0.103
08 Jul 2025 12:16:00,0.024
08 Jul 2025 12:16:15,0.118
08 Jul 2025 12:16:45,0.026
08 Jul 2025 12:17:00,0.052
08 Jul 2025 12:17:15,0.081
08 Jul 2025 12:17:30,0.109
08 Jul 2025 12:18:15,0.064
08 Jul 2025 12:19:30,0.052
08 Jul 2025 12:20:15,0.039
08 Jul 2025 12:22:15,0.021
08 Jul 2025 12:22:30,0.004
08 Jul 2025 12:22:45,0.063
08 Jul 2025 12:23:15,0.116
08 Jul 2025 12:23:30,0.140
08 Jul 2025 12:23:45,0.042
08 Jul 2025 12:24:00,0.143
08 Jul 2025 12:24:15,0.056
08 Jul 2025 12:24:30,-0.004
08 Jul 2025 12:25:30,0.071
08 Jul 2025 12:26:15,0.101
08 Jul 2025 12:26:30,0.034
08 Jul 2025 12:27:30,0.167
08 Jul 2025 12:28:00,0.089
08 Jul 2025 12:28:30,0.044
08 Jul 2025 12:29:15,0.091
08 Jul 2025 12:29:30,0.062
08 Jul 2025 12:29:45,0.043
08 Jul 2025 12:30:45,0.089
08 Jul 2025 12:31:15,0.028
08 Jul 2025 12:32:00,0.075
08 Jul 2025 12:32:15,0.052
08 Jul 2025 12:32:45,0.023
08 Jul 2025 12:33:00,0.047
08 Jul 2025 12:33:15,0.153
08 Jul 2025 12:33:30,0.006
08 Jul 2025 12:33:45,0.124
08 Jul 2025 12:34:00,0.164
08 Jul 2025 12:34:15,0.039
08 Jul 2025 12:34:30,0.078
08 Jul 2025 12:35:00,0.094
08 Jul 2025 12:35:30,0.093
08 Jul 2025 12:35:45,0.045
08 Jul 2025 12:36:15,0.074
08 Jul 2025 12:36:30,-0.008
08 Jul 2025 12:37:15,0.088
08 Jul 2025 12:37:45,-0.005
08 Jul 2025 12:38:00,0.045
08 Jul 2025 12:38:15,0.041
08 Jul 2025 12:38:45,0.070
08 Jul 2025 12:39:15,0.091
08 Jul 2025 12:40:00,0.138
08 Jul 2025 12:40:45,0.014
08 Jul 2025 12:41:00,0.133
08 Jul 2025 12:41:15,-0.003
08 Jul 2025 12:41:30,0.034
08 Jul 2025 12:41:45,0.042
08 Jul 2025 12:42:00,0.074
08 Jul 2025 12:42:30,0.087
08 Jul 2025 12:42:45,0.081
08 Jul 2025 12:43:30,0.057
08 Jul 2025 12:44:30,0.019
08 Jul 2025 12:45:00,0.101
08 Jul 2025 12:45:30,0.025
08 Jul 2025 12:46:00,0.098
08 Jul 2025 12:46:30,0.044
08 Jul 2025 12:46:45,0.083
08 Jul 2025 12:47:15,0.116
08 Jul 2025 12:47:30,0.114
08 Jul 2025 12:48:15,0.074
08 Jul 2025 12:48:30,0.129
08 Jul 2025 12:48:45,0.000
08 Jul 2025 12:49:30,0.112
08 Jul 2025 12:49:45,-0.006
08 Jul 2025 12:50:00,-0.009
08 Jul 2025 12:50:15,0.047
08 Jul 2025 12:50:30,0.119
08 Jul 2025 12:51:00,0.076
08 Jul 2025 12:51:15,0.073
08 Jul 2025 12:52:00,0.151
08 Jul 2025 12:52:30,0.096
08 Jul 2025 12:52:45,0.119
08 Jul 2025 12:53:00,0.070
08 Jul 2025 12:53:45,0.070
08 Jul 2025 12:54:00,0.078
08 Jul 2025 12:54:15,0.127
08 Jul 2025 12:54:30,0.056
08 Jul 2025 12:55:00,0.072
08 Jul 2025 12:56:00,-0.067
08 Jul 2025 12:56:15,-0.003
08 Jul 2025 12:57:00,0.093
08 Jul 2025 12:57:30,0.078
08 Jul 2025 12:58:45,0.078
08 Jul 2025 12:59:00,0.024
08 Jul 2025 13:00:00,0.104
08 Jul 2025 13:00:30,0.018
08 Jul 2025 13:00:45,0.032
08 Jul 2025 13:01:45,0.093
08 Jul 2025 13:02:00,0.069
08 Jul 2025 13:02:15,0.035
08 Jul 2025 13:02:30,0.155
08 Jul 2025 13:03:00,-0.008
08 Jul 2025 13:03:45,0.132
08 Jul 2025 13:04:00,-0.042
08 Jul 2025 13:04:15,-0.007
08 Jul 2025 13:04:30,0.107
08 Jul 2025 13:04:45,0.108
08 Jul 2025 13:05:00,0.119
08 Jul 2025 13:05:15,0.080
08 Jul 2025 13:05:30,0.080
08 Jul 2025 13:05:45,0.109
08 Jul 2025 13:06:30,0.059
08 Jul 2025 13:06:45,0.095
08 Jul 2025 13:07:00,0.106
08 Jul 2025 13:07:30,0.050
08 Jul 2025 13:07:45,0.079
08 Jul 2025 13:08:30,0.032
08 Jul 2025 13:08:45,0.010
08 Jul 2025 13:09:15,0.077
08 Jul 2025 13:09:30,0.004
08 Jul 2025 13:09:45,-0.036
08 Jul 2025 13:10:15,0.065
08 Jul 2025 13:10:30,0.069
08 Jul 2025 13:10:45,0.090
08 Jul 2025 13:11:30,0.141
08 Jul 2025 13:11:45,-0.012
08 Jul 2025 13:12:30,0.051
08 Jul 2025 13:13:00,0.157
08 Jul 2025 13:13:30,0.106
08 Jul 2025 13:14:00,0.060
08 Jul 2025 13:14:45,0.104
08 Jul 2025 13:15:30,0.068
08 Jul 2025 13:16:15,0.073
08 Jul 2025 13:16:30,0.071
08 Jul 2025 13:17:45,0.043
08 Jul 2025 13:18:15,-0.001
08 Jul 2025 13:18:30,0.022
08 Jul 2025 13:18:45,0.052
08 Jul 2025 13:19:30,0.007
08 Jul 2025 13:20:00,-0.065
08 Jul 2025 13:20:15,-0.054
08 Jul 2025 13:21:15,0.073
08 Jul 2025 13:21:30,0.037
08 Jul 2025 13:22:00,0.177
08 Jul 2025 13:22:30,0.142
08 Jul 2025 13:23:00,0.003
08 Jul 2025 13:23:30,0.063
08 Jul 2025 13:24:15,0.078
08 Jul 2025 13:24:30,0.077
08 Jul 2025 13:25:15,0.083
08 Jul 2025 13:25:30,0.110
08 Jul 2025 13:25:45,0.046
08 Jul 2025 13:26:00,0.035
08 Jul 2025 13:26:15,0.115
08 Jul 2025 13:26:45,0.044
08 Jul 2025 13:27:00,0.137
08 Jul 2025 13:27:15,0.102
08 Jul 2025 13:27:30,0.008
08 Jul 2025 13:27:45,0.039
08 Jul 2025 13:28:15,0.047
08 Jul 2025 13:28:30,-0.028
08 Jul 2025 13:28:45,-0.032
08 Jul 2025 13:29:00,0.005
08 Jul 2025 13:29:15,0.111
08 Jul 2025 13:30:15,0.086
08 Jul 2025 13:30:45,0.093
08 Jul 2025 13:31:45,0.083
08 Jul 2025 13:32:00,0.035
08 Jul 2025 13:32:15,0.063
08 Jul 2025 13:32:30,0.042
08 Jul 2025 13:32:45,0.115
08 Jul 2025 13:33:15,0.091
08 Jul 2025 13:33:30,0.038
08 Jul 2025 13:34:00,0.103
08 Jul 2025 13:34:15,0.133
08 Jul 2025 13:34:45,0.056
08 Jul 2025 13:35:00,0.070
08 Jul 2025 13:35:30,0.136
08 Jul 2025 13:35:45,0.061
08 Jul 2025 13:36:30,0.063
08 Jul 2025 13:37:00,0.078
08 Jul 2025 13:37:15,0.133
08 Jul 2025 13:37:30,0.071
08 Jul 2025 13:38:00,0.122
08 Jul 2025 13:38:15,0.105
08 Jul 2025 13:38:30,0.075
08 Jul 2025 13:38:45,0.060
08 Jul 2025 13:39:15,0.164
08 Jul 2025 13:40:00,0.086
08 Jul 2025 13:40:15,0.159
08 Jul 2025 13:41:30,0.052
08 Jul 2025 13:41:45,0.085
08 Jul 2025 13:42:00,0.071
08 Jul 2025 13:42:30,0.163
08 Jul 2025 13:42:45,0.000
08 Jul 2025 13:45:00,0.058
08 Jul 2025 13:45:15,0.140
08 Jul 2025 13:45:30,0.015
08 Jul 2025 13:45:45,0.074
08 Jul 2025 13:47:15,0.069
08 Jul 2025 13:47:30,0.087
08 Jul 2025 13:48:15,0.079
08 Jul 2025 13:49:00,0.158
08 Jul 2025 13:49:30,0.071
08 Jul 2025 13:49:45,0.099
08 Jul 2025 13:50:00,0.168
08 Jul 2025 13:50:30,0.099
08 Jul 2025 13:51:15,0.015
08 Jul 2025 13:51:30,0.140
08 Jul 2025 13:52:00,0.014
08 Jul 2025 13:52:15,0.066
08 Jul 2025 13:52:45,0.026
08 Jul 2025 13:53:15,0.065
08 Jul 2025 13:54:00,0.084
08 Jul 2025 13:54:15,0.042
08 Jul 2025 13:55:00,0.083
08 Jul 2025 13:55:15,0.080
08 Jul 2025 13:55:45,0.104
08 Jul 2025 13:56:15,0.090
08 Jul 2025 13:56:30,0.035
08 Jul 2025 13:57:00,0.173
08 Jul 2025 13:57:15,0.047
08 Jul 2025 13:57:30,0.137
08 Jul 2025 13:58:30,0.097
08 Jul 2025 13:59:00,0.035
08 Jul 2025 13:59:15,0.129
08 Jul 2025 13:59:30,0.153
08 Jul 2025 13:59:45,0.147
08 Jul 2025 14:00:00,0.179
08 Jul 2025 14:00:15,0.051
08 Jul 2025 14:00:45,0.166
08 Jul 2025 14:01:15,0.023
08 Jul 2025 14:01:30,0.011
08 Jul 2025 14:01:45,0.114
08 Jul 2025 14:02:45,0.160
08 Jul 2025 14:04:15,0.031
08 Jul 2025 14:05:15,0.006
08 Jul 2025 14:05:45,-0.018
08 Jul 2025 14:06:00,0.106
08 Jul 2025 14:07:30,0.038
08 Jul 2025 14:08:00,0.008
08 Jul 2025 14:08:15,0.174
08 Jul 2025 14:08:45,0.104
08 Jul 2025 14:10:00,-0.016
08 Jul 2025 14:10:30,0.082
08 Jul 2025 14:10:45,0.049
08 Jul 2025 14:11:45,0.141
08 Jul 2025 14:12:00,0.140
08 Jul 2025 14:12:30,0.124
08 Jul 2025 14:13:30,0.182
08 Jul 2025 14:14:00,0.068
08 Jul 2025 14:14:15,0.129
08 Jul 2025 14:14:45,0.048
08 Jul 2025 14:15:15,0.180
08 Jul 2025 14:15:45,0.124
08 Jul 2025 14:16:00,0.024
08 Jul 2025 14:16:15,0.104
08 Jul 2025 14:16:30,0.050
08 Jul 2025 14:16:45,0.072
08 Jul 2025 14:17:00,0.091
08 Jul 2025 14:17:15,0.013
08 Jul 2025 14:18:00,0.045
08 Jul 2025 14:18:15,0.069
08 Jul 2025 14:18:45,0.047
08 Jul 2025 14:19:30,0.030
08 Jul 2025 14:20:30,0.077
08 Jul 2025 14:21:15,0.129
08 Jul 2025 14:21:30,0.101
08 Jul 2025 14:22:30,0.053
08 Jul 2025 14:22:45,0.161
08 Jul 2025 14:23:00,0.058
08 Jul 2025 14:23:15,0.043
08 Jul 2025 14:23:30,0.106
08 Jul 2025 14:23:45,0.171
08 Jul 2025 14:24:30,0.040
08 Jul 2025 14:24:45,0.041
08 Jul 2025 14:25:15,0.076
08 Jul 2025 14:25:45,0.120
08 Jul 2025 14:26:15,0.064
08 Jul 2025 14:27:00,0.157
08 Jul 2025 14:27:45,0.137
08 Jul 2025 14:28:15,0.090
08 Jul 2025 14:28:45,0.109
08 Jul 2025 14:29:00,0.094
08 Jul 2025 14:29:15,0.073
08 Jul 2025 14:29:45,0.112
08 Jul 2025 14:30:30,0.034
08 Jul 2025 14:31:00,0.111
08 Jul 2025 14:31:45,0.155
08 Jul 2025 14:32:15,0.087
08 Jul 2025 14:32:30,0.174
08 Jul 2025 14:32:45,0.163
08 Jul 2025 14:33:30,0.080
08 Jul 2025 14:33:45,0.044
08 Jul 2025 14:34:00,0.149
08 Jul 2025 14:34:45,0.039
08 Jul 2025 14:35:00,0.100
08 Jul 2025 14:35:45,0.130
08 Jul 2025 14:36:30,0.197
08 Jul 2025 14:37:15,0.112
08 Jul 2025 14:37:30,0.116
08 Jul 2025 14:38:15,0.141
08 Jul 2025 14:38:30,-0.001
08 Jul 2025 14:39:00,0.104
08 Jul 2025 14:39:45,0.185
08 Jul 2025 14:40:15,0.158
08 Jul 2025 14:40:30,0.027
08 Jul 2025 14:40:45,0.146
08 Jul 2025 14:41:15,0.122
08 Jul 2025 14:41:45,0.137
08 Jul 2025 14:42:00,0.131
08 Jul 2025 14:42:15,0.126
08 Jul 2025 14:42:30,0.130
08 Jul 2025 14:43:15,0.117
08 Jul 2025 14:43:30,0.075
08 Jul 2025 14:43:45,0.053
08 Jul 2025 14:44:00,0.089
08 Jul 2025 14:44:30,0.127
08 Jul 2025 14:45:15,0.163
08 Jul 2025 14:45:45,0.169
08 Jul 2025 14:46:30,0.052
08 Jul 2025 14:48:00,0.200
08 Jul 2025 14:49:30,0.163
08 Jul 2025 14:50:00,0.093
08 Jul 2025 14:50:30,0.089
08 Jul 2025 14:51:30,0.024
08 Jul 2025 14:51:45,0.109
08 Jul 2025 14:52:15,0.108
08 Jul 2025 14:52:30,0.120
08 Jul 2025 14:53:15,0.095
08 Jul 2025 14:53:30,0.135
08 Jul 2025 14:54:15,0.138
08 Jul 2025 14:55:00,0.104
08 Jul 2025 14:56:00,0.201
08 Jul 2025 14:57:00,0.141
08 Jul 2025 14:57:15,0.102
08 Jul 2025 14:57:30,0.126
08 Jul 2025 14:57:45,0.153
08 Jul 2025 14:58:00,0.142
08 Jul 2025 14:58:15,0.104
08 Jul 2025 14:58:30,0.142
08 Jul 2025 14:59:30,0.186
08 Jul 2025 14:59:45,0.104
08 Jul 2025 15:00:15,0.084
08 Jul 2025 15:00:45,0.306
08 Jul 2025 15:01:15,0.132
08 Jul 2025 15:01:45,0.143
08 Jul 2025 15:02:15,0.126
08 Jul 2025 15:02:45,0.145
08 Jul 2025 15:03:30,0.110
08 Jul 2025 15:03:45,0.158
08 Jul 2025 15:04:15,0.156
08 Jul 2025 15:04:30,0.170
08 Jul 2025 15:04:45,0.093
08 Jul 2025 15:05:00,0.108
08 Jul 2025 15:05:15,0.054
08 Jul 2025 15:05:45,0.169
08 Jul 2025 15:06:00,0.135
08 Jul 2025 15:06:30,0.184
08 Jul 2025 15:06:45,0.111
08 Jul 2025 15:07:00,0.113
08 Jul 2025 15:08:00,0.170
08 Jul 2025 15:09:15,0.086
08 Jul 2025 15:09:45,0.168
08 Jul 2025 15:10:15,0.168
08 Jul 2025 15:11:15,0.146
08 Jul 2025 15:11:45,0.140
08 Jul 2025 15:12:00,0.074
08 Jul 2025 15:12:30,0.132
08 Jul 2025 15:12:45,0.211
08 Jul 2025 15:13:30,-0.024
08 Jul 2025 15:13:45,0.112
08 Jul 2025 15:14:00,0.212
08 Jul 2025 15:14:15,0.075
08 Jul 2025 15:14:30,0.132
08 Jul 2025 15:14:45,0.169
08 Jul 2025 15:16:15,0.202
08 Jul 2025 15:16:45,0.174
08 Jul 2025 15:17:00,0.174
08 Jul 2025 15:17:15,0.125
08 Jul 2025 15:17:30,0.134
08 Jul 2025 15:18:00,0.107
08 Jul 2025 15:18:15,0.191
08 Jul 2025 15:18:30,0.098
08 Jul 2025 15:18:45,0.045
08 Jul 2025 15:19:00,0.131
08 Jul 2025 15:19:15,0.109
08 Jul 2025 15:19:30,0.082
08 Jul 2025 15:20:00,0.255
08 Jul 2025 15:20:30,0.133
08 Jul 2025 15:20:45,0.186
08 Jul 2025 15:21:00,0.196
08 Jul 2025 15:21:45,0.158
08 Jul 2025 15:22:30,0.177
08 Jul 2025 15:23:15,0.073
08 Jul 2025 15:23:45,0.108
08 Jul 2025 15:24:00,0.167
08 Jul 2025 15:24:15,0.105
08 Jul 2025 15:24:45,0.211
08 Jul 2025 15:25:00,0.169
08 Jul 2025 15:26:30,0.135
08 Jul 2025 15:27:00,0.145
08 Jul 2025 15:27:30,0.216
08 Jul 2025 15:27:45,0.084
08 Jul 2025 15:28:15,0.165
08 Jul 2025 15:28:45,0.133
08 Jul 2025 15:29:45,0.070
08 Jul 2025 15:30:15,0.061
08 Jul 2025 15:31:30,0.189
08 Jul 2025 15:32:15,0.173
08 Jul 2025 15:32:30,0.063
08 Jul 2025 15:32:45,0.200
08 Jul 2025 15:33:00,0.154
08 Jul 2025 15:34:15,0.201
08 Jul 2025 15:34:30,0.306
08 Jul 2025 15:35:00,0.135
08 Jul 2025 15:35:15,0.272
08 Jul 2025 15:36:30,0.123
08 Jul 2025 15:37:30,0.203
08 Jul 2025 15:38:00,0.296
08 Jul 2025 15:38:45,0.216
08 Jul 2025 15:39:00,0.132
08 Jul 2025 15:39:15,0.223
08 Jul 2025 15:39:45,0.200
08 Jul 2025 15:40:00,0.033
08 Jul 2025 15:40:15,0.203
08 Jul 2025 15:40:30,0.195
08 Jul 2025 15:40:45,0.263
08 Jul 2025 15:41:15,0.143
08 Jul 2025 15:43:00,0.258
08 Jul 2025 15:43:15,0.136
08 Jul 2025 15:45:00,-0.013
08 Jul 2025 15:45:15,0.100
08 Jul 2025 15:45:30,0.140
08 Jul 2025 15:45:45,0.206
08 Jul 2025 15:46:00,0.177
08 Jul 2025 15:46:30,0.206
08 Jul 2025 15:47:15,0.068
08 Jul 2025 15:47:45,0.270
08 Jul 2025 15:48:30,0.217
08 Jul 2025 15:49:15,0.193
08 Jul 2025 15:49:30,0.158
08 Jul 2025 15:49:45,0.263
08 Jul 2025 15:50:30,0.207
08 Jul 2025 15:50:45,0.110
08 Jul 2025 15:52:00,0.108
08 Jul 2025 15:52:30,0.152
08 Jul 2025 15:53:00,0.266
08 Jul 2025 15:54:15,0.150
08 Jul 2025 15:54:45,0.223
08 Jul 2025 15:55:00,0.175
08 Jul 2025 15:55:15,0.189
08 Jul 2025 15:55:30,0.111
08 Jul 2025 15:55:45,0.225
08 Jul 2025 15:56:00,0.259
08 Jul 2025 15:56:30,0.188
08 Jul 2025 15:56:45,0.222
08 Jul 2025 15:57:00,0.146
08 Jul 2025 15:57:15,0.120
08 Jul 2025 15:57:45,0.212
08 Jul 2025 15:58:00,0.099
08 Jul 2025 15:58:15,0.220
08 Jul 2025 15:58:30,0.269
08 Jul 2025 15:59:00,0.153
08 Jul 2025 15:59:30,0.182
08 Jul 2025 15:59:45,0.014
08 Jul 2025 16:00:00,0.164
08 Jul 2025 16:00:15,0.184
08 Jul 2025 16:00:30,0.147
08 Jul 2025 16:00:45,0.178
08 Jul 2025 16:01:30,0.167
08 Jul 2025 16:02:00,0.220
08 Jul 2025 16:02:30,0.093
08 Jul 2025 16:03:00,0.292
08 Jul 2025 16:03:15,0.117
08 Jul 2025 16:03:30,0.116
08 Jul 2025 16:04:45,0.153
08 Jul 2025 16:05:00,0.149
08 Jul 2025 16:06:15,0.039
08 Jul 2025 16:06:45,0.092
08 Jul 2025 16:07:15,0.109
08 Jul 2025 16:07:30,0.116
08 Jul 2025 16:08:00,0.252
08 Jul 2025 16:08:15,0.251
08 Jul 2025 16:08:45,0.205
08 Jul 2025 16:09:45,0.132
08 Jul 2025 16:10:30,0.189
08 Jul 2025 16:11:00,0.100
08 Jul 2025 16:12:00,0.153
08 Jul 2025 16:12:15,0.124
08 Jul 2025 16:12:30,0.319
08 Jul 2025 16:12:45,0.251
08 Jul 2025 16:13:30,0.262
08 Jul 2025 16:13:45,0.310
08 Jul 2025 16:14:00,0.044
08 Jul 2025 16:14:30,0.116
08 Jul 2025 16:14:45,0.165
08 Jul 2025 16:16:45,0.311
08 Jul 2025 16:17:00,0.237
08 Jul 2025 16:18:15,0.256
08 Jul 2025 16:18:30,0.209
08 Jul 2025 16:19:30,0.127
08 Jul 2025 16:20:00,0.252
08 Jul 2025 16:20:30,0.236
08 Jul 2025 16:20:45,0.145
08 Jul 2025 16:21:30,0.255
08 Jul 2025 16:22:45,0.191
08 Jul 2025 16:23:00,0.232
08 Jul 2025 16:23:15,0.333
08 Jul 2025 16:23:45,0.206
08 Jul 2025 16:24:00,0.189
08 Jul 2025 16:25:15,0.093
08 Jul 2025 16:25:30,0.204
08 Jul 2025 16:25:45,0.166
08 Jul 2025 16:26:00,0.129
08 Jul 2025 16:26:15,0.250
08 Jul 2025 16:26:45,0.153
08 Jul 2025 16:27:30,0.149
08 Jul 2025 16:27:45,0.137
08 Jul 2025 16:28:15,0.159
08 Jul 2025 16:29:15,0.097
08 Jul 2025 16:30:45,0.180
08 Jul 2025 16:31:45,0.321
08 Jul 2025 16:32:30,0.191
08 Jul 2025 16:32:45,0.208
08 Jul 2025 16:33:15,0.170
08 Jul 2025 16:34:00,0.145
08 Jul 2025 16:34:15,0.143
08 Jul 2025 16:34:30,0.258
08 Jul 2025 16:34:45,0.279
08 Jul 2025 16:35:00,0.265
08 Jul 2025 16:35:15,0.272
08 Jul 2025 16:35:45,0.272
08 Jul 2025 16:36:15,0.101
08 Jul 2025 16:36:45,0.247
08 Jul 2025 16:37:30,0.126
08 Jul 2025 16:38:00,0.231
08 Jul 2025 16:38:15,0.297
08 Jul 2025 16:38:30,0.223
08 Jul 2025 16:39:15,0.242
08 Jul 2025 16:39:45,0.100
08 Jul 2025 16:40:00,0.234
08 Jul 2025 16:40:45,0.119
08 Jul 2025 16:41:00,0.161
08 Jul 2025 16:41:45,0.299
08 Jul 2025 16:42:30,0.194
08 Jul 2025 16:43:00,0.273
08 Jul 2025 16:43:30,0.197
08 Jul 2025 16:43:45,0.249
08 Jul 2025 16:44:15,0.290
08 Jul 2025 16:44:30,0.240
08 Jul 2025 16:45:30,0.265
08 Jul 2025 16:46:30,0.210
08 Jul 2025 16:46:45,0.197
08 Jul 2025 16:47:00,0.199
08 Jul 2025 16:47:30,0.131
08 Jul 2025 16:48:00,0.145
08 Jul 2025 16:48:30,0.282
08 Jul 2025 16:48:45,0.164
08 Jul 2025 16:49:45,0.225
08 Jul 2025 16:50:15,0.273
08 Jul 2025 16:50:30,0.269
08 Jul 2025 16:51:45,0.183
08 Jul 2025 16:52:15,0.155
08 Jul 2025 16:52:30,0.282
08 Jul 2025 16:52:45,0.111
08 Jul 2025 16:53:00,0.301
08 Jul 2025 16:53:30,0.227
08 Jul 2025 16:55:15,0.306
08 Jul 2025 16:55:45,0.383
08 Jul 2025 16:56:00,0.156
08 Jul 2025 16:56:15,0.295
08 Jul 2025 16:56:45,0.127
08 Jul 2025 16:57:00,0.147
08 Jul 2025 16:58:15,0.245
08 Jul 2025 16:59:00,0.189
08 Jul 2025 16:59:30,0.363
08 Jul 2025 16:59:45,0.298
08 Jul 2025 17:00:00,0.256
08 Jul 2025 17:00:45,0.300
08 Jul 2025 17:01:15,0.191
08 Jul 2025 17:01:30,0.162
08 Jul 2025 17:02:45,0.318
08 Jul 2025 17:03:45,0.197
08 Jul 2025 17:04:15,0.343
08 Jul 2025 17:04:30,0.065
08 Jul 2025 17:05:15,0.191
08 Jul 2025 17:06:00,0.343
08 Jul 2025 17:06:45,0.242
08 Jul 2025 17:07:00,0.143
08 Jul 2025 17:07:30,0.157
08 Jul 2025 17:08:15,0.173
08 Jul 2025 17:08:45,0.127
08 Jul 2025 17:09:30,0.212
08 Jul 2025 17:10:00,0.312
08 Jul 2025 17:10:30,0.151
08 Jul 2025 17:11:00,0.281
08 Jul 2025 17:11:15,0.339
08 Jul 2025 17:11:45,0.167
08 Jul 2025 17:12:00,0.347
08 Jul 2025 17:12:15,0.185
08 Jul 2025 17:12:30,0.237
08 Jul 2025 17:12:45,0.175
08 Jul 2025 17:14:30,0.097
08 Jul 2025 17:14:45,0.271
08 Jul 2025 17:15:00,0.066
08 Jul 2025 17:15:30,0.351
08 Jul 2025 17:15:45,0.191
08 Jul 2025 17:16:00,0.348
08 Jul 2025 17:16:15,0.221
08 Jul 2025 17:16:45,0.267
08 Jul 2025 17:17:45,0.337
08 Jul 2025 17:18:45,0.255
08 Jul 2025 17:19:00,0.333
08 Jul 2025 17:19:15,0.328
08 Jul 2025 17:19:30,0.295
08 Jul 2025 17:19:45,0.347
08 Jul 2025 17:20:00,0.291
08 Jul 2025 17:20:45,0.171
08 Jul 2025 17:21:30,0.341
08 Jul 2025 17:22:00,0.294
08 Jul 2025 17:22:15,0.355
08 Jul 2025 17:22:30,0.228
08 Jul 2025 17:23:00,0.226
08 Jul 2025 17:24:30,0.251
08 Jul 2025 17:24:45,0.111
08 Jul 2025 17:25:15,0.347
08 Jul 2025 17:25:45,0.262
08 Jul 2025 17:26:00,0.420
08 Jul 2025 17:26:15,0.271
08 Jul 2025 17:26:30,0.139
08 Jul 2025 17:26:45,0.116
08 Jul 2025 17:27:30,0.235
08 Jul 2025 17:27:45,0.145
08 Jul 2025 17:28:15,0.268
08 Jul 2025 17:29:15,0.289
08 Jul 2025 17:29:30,0.277
08 Jul 2025 17:29:45,0.337
08 Jul 2025 17:30:00,0.329
08 Jul 2025 17:30:15,0.261
08 Jul 2025 17:31:00,0.120
08 Jul 2025 17:31:15,0.217
08 Jul 2025 17:32:15,0.447
08 Jul 2025 17:32:45,0.168
08 Jul 2025 17:33:15,0.243
08 Jul 2025 17:33:45,0.242
08 Jul 2025 17:34:00,0.380
08 Jul 2025 17:34:15,0.192
08 Jul 2025 17:34:30,0.176
08 Jul 2025 17:36:30,0.267
08 Jul 2025 17:36:45,0.294
08 Jul 2025 17:37:00,0.221
08 Jul 2025 17:37:30,0.108
08 Jul 2025 17:37:45,0.154
08 Jul 2025 17:38:15,0.226
08 Jul 2025 17:38:30,0.295
08 Jul 2025 17:39:30,0.181
08 Jul 2025 17:39:45,0.205
08 Jul 2025 17:40:15,0.427
08 Jul 2025 17:40:30,0.202
08 Jul 2025 17:41:00,0.128
08 Jul 2025 17:41:15,0.098
08 Jul 2025 17:42:30,0.206
08 Jul 2025 17:42:45,0.166
08 Jul 2025 17:43:00,0.202
08 Jul 2025 17:44:00,0.326
08 Jul 2025 17:44:15,0.221
08 Jul 2025 17:44:45,0.208
08 Jul 2025 17:45:45,0.287
08 Jul 2025 17:46:00,0.272
08 Jul 2025 17:46:15,0.164
08 Jul 2025 17:46:45,0.304
08 Jul 2025 17:47:00,0.253
08 Jul 2025 17:47:15,0.176
08 Jul 2025 17:48:00,0.290
08 Jul 2025 17:48:15,0.239
08 Jul 2025 17:48:45,0.012
08 Jul 2025 17:49:00,0.145
08 Jul 2025 17:50:00,0.326
08 Jul 2025 17:51:15,0.139
08 Jul 2025 17:52:15,0.109
08 Jul 2025 17:52:30,0.136
08 Jul 2025 17:53:15,0.056
08 Jul 2025 17:53:30,0.152
08 Jul 2025 17:54:45,0.173
08 Jul 2025 17:55:30,0.126
08 Jul 2025 17:57:00,0.132
08 Jul 2025 17:57:15,0.153
08 Jul 2025 17:58:15,0.251
08 Jul 2025 17:58:30,0.069
08 Jul 2025 17:58:45,0.420
08 Jul 2025 17:59:00,0.325
08 Jul 2025 17:59:15,0.390
08 Jul 2025 17:59:30,0.281
08 Jul 2025 17:59:45,0.123
08 Jul 2025 18:00:00,0.298
08 Jul 2025 18:00:30,0.088
08 Jul 2025 18:01:30,0.242
08 Jul 2025 18:01:45,0.143
08 Jul 2025 18:02:15,0.194
08 Jul 2025 18:02:30,0.242
08 Jul 2025 18:02:45,0.308
08 Jul 2025 18:03:15,0.189
08 Jul 2025 18:04:00,0.258
08 Jul 2025 18:05:00,0.182
08 Jul 2025 18:06:00,0.240
08 Jul 2025 18:06:15,0.370
08 Jul 2025 18:06:45,0.277
08 Jul 2025 18:07:00,0.187
08 Jul 2025 18:08:15,0.417
08 Jul 2025 18:08:30,0.138
08 Jul 2025 18:08:45,0.199
08 Jul 2025 18:09:30,0.308
08 Jul 2025 18:09:45,0.275
08 Jul 2025 18:10:45,0.276
08 Jul 2025 18:11:00,0.258
08 Jul 2025 18:11:30,0.391
08 Jul 2025 18:11:45,0.178
08 Jul 2025 18:12:45,0.319
08 Jul 2025 18:13:00,0.172
08 Jul 2025 18:13:30,0.143
08 Jul 2025 18:14:00,0.350
08 Jul 2025 18:14:30,0.240
08 Jul 2025 18:15:30,0.128
08 Jul 2025 18:15:45,0.310
08 Jul 2025 18:16:30,0.193
08 Jul 2025 18:17:15,0.198
08 Jul 2025 18:17:30,0.236
08 Jul 2025 18:19:30,0.301
08 Jul 2025 18:20:15,0.184
08 Jul 2025 18:20:45,0.174
08 Jul 2025 18:21:00,0.124
08 Jul 2025 18:21:45,0.255
08 Jul 2025 18:22:30,0.334
08 Jul 2025 18:22:45,0.441
08 Jul 2025 18:23:00,0.326
08 Jul 2025 18:23:30,0.268
08 Jul 2025 18:24:00,0.492
08 Jul 2025 18:24:30,0.188
08 Jul 2025 18:24:45,0.237
08 Jul 2025 18:25:45,0.216
08 Jul 2025 18:27:45,0.248
08 Jul 2025 18:28:00,0.142
08 Jul 2025 18:28:30,0.396
08 Jul 2025 18:29:00,0.297
08 Jul 2025 18:29:30,0.293
08 Jul 2025 18:29:45,0.300
08 Jul 2025 18:30:00,0.221
08 Jul 2025 18:30:45,0.156
08 Jul 2025 18:31:45,0.174
08 Jul 2025 18:32:30,0.355
08 Jul 2025 18:33:30,0.308
08 Jul 2025 18:34:15,0.338
08 Jul 2025 18:34:30,0.168
08 Jul 2025 18:35:45,0.224
08 Jul 2025 18:36:45,0.147
08 Jul 2025 18:37:30,0.189
08 Jul 2025 18:37:45,0.291
08 Jul 2025 18:38:00,0.221
08 Jul 2025 18:38:45,0.198
08 Jul 2025 18:40:00,0.374
08 Jul 2025 18:40:15,0.316
08 Jul 2025 18:42:30,0.296
08 Jul 2025 18:43:15,0.294
08 Jul 2025 18:44:00,0.320
08 Jul 2025 18:44:15,0.342
08 Jul 2025 18:44:30,0.330
08 Jul 2025 18:44:45,0.166
08 Jul 2025 18:45:30,0.255
08 Jul 2025 18:46:45,0.191
08 Jul 2025 18:47:00,0.117
08 Jul 2025 18:47:30,0.262
08 Jul 2025 18:48:45,0.152
08 Jul 2025 18:49:30,0.363
08 Jul 2025 18:50:00,0.257
08 Jul 2025 18:50:15,0.427
08 Jul 2025 18:50:45,0.352
08 Jul 2025 18:51:00,0.326
08 Jul 2025 18:51:30,0.344
08 Jul 2025 18:52:15,0.335
08 Jul 2025 18:52:30,0.150
08 Jul 2025 18:52:45,0.345
08 Jul 2025 18:53:00,0.440
08 Jul 2025 18:53:15,0.432
08 Jul 2025 18:53:45,0.197
08 Jul 2025 18:54:00,0.319
08 Jul 2025 18:54:30,0.216
08 Jul 2025 18:55:15,0.110
08 Jul 2025 18:55:30,0.161
08 Jul 2025 18:55:45,0.359
08 Jul 2025 18:56:00,0.273
08 Jul 2025 18:56:15,0.211
08 Jul 2025 18:56:45,0.321
08 Jul 2025 18:57:30,0.283
08 Jul 2025 18:58:00,0.402
08 Jul 2025 18:58:30,0.188
08 Jul 2025 18:58:45,0.357
08 Jul 2025 18:59:30,0.277
08 Jul 2025 18:59:45,0.290
08 Jul 2025 19:01:00,0.132
08 Jul 2025 19:01:15,0.257
08 Jul 2025 19:02:45,0.283
08 Jul 2025 19:03:00,0.304
08 Jul 2025 19:03:15,0.192
08 Jul 2025 19:03:30,0.185
08 Jul 2025 19:03:45,0.344
08 Jul 2025 19:04:00,0.246
08 Jul 2025 19:04:30,0.029
08 Jul 2025 19:04:45,0.318
08 Jul 2025 19:05:30,0.107
08 Jul 2025 19:05:45,0.294
08 Jul 2025 19:06:30,0.192
08 Jul 2025 19:06:45,0.209
08 Jul 2025 19:07:00,0.218
08 Jul 2025 19:07:45,0.267
08 Jul 2025 19:08:45,0.163
08 Jul 2025 19:09:15,0.420
08 Jul 2025 19:09:30,0.166
08 Jul 2025 19:09:45,0.373
08 Jul 2025 19:10:00,0.347
08 Jul 2025 19:10:15,0.354
08 Jul 2025 19:10:45,0.198
08 Jul 2025 19:11:00,0.270
08 Jul 2025 19:11:15,0.225
08 Jul 2025 19:12:00,0.292
08 Jul 2025 19:12:15,0.239
08 Jul 2025 19:13:15,0.121
08 Jul 2025 19:13:30,0.314
08 Jul 2025 19:14:15,0.140
08 Jul 2025 19:16:15,0.302
08 Jul 2025 19:16:45,0.194
08 Jul 2025 19:17:00,0.209
08 Jul 2025 19:18:00,0.193
08 Jul 2025 19:18:15,0.418
08 Jul 2025 19:19:00,0.233
08 Jul 2025 19:19:30,0.435
08 Jul 2025 19:20:30,0.284
08 Jul 2025 19:20:45,0.390
08 Jul 2025 19:21:15,0.232
08 Jul 2025 19:21:30,0.356
08 Jul 2025 19:22:00,0.112
08 Jul 2025 19:23:00,0.257
08 Jul 2025 19:23:30,0.254
08 Jul 2025 19:24:00,0.289
08 Jul 2025 19:24:30,0.158
08 Jul 2025 19:24:45,0.175
08 Jul 2025 19:25:45,0.147
08 Jul 2025 19:26:45,0.140
08 Jul 2025 19:27:45,0.509
08 Jul 2025 19:29:15,0.440
08 Jul 2025 19:29:30,0.362
08 Jul 2025 19:30:15,0.252
08 Jul 2025 19:31:15,0.394
08 Jul 2025 19:31:30,0.283
08 Jul 2025 19:32:30,0.200
08 Jul 2025 19:32:45,0.391
08 Jul 2025 19:33:00,0.247
08 Jul 2025 19:34:00,0.361
08 Jul 2025 19:34:15,0.314
08 Jul 2025 19:34:45,0.196
08 Jul 2025 19:36:30,0.291
08 Jul 2025 19:36:45,0.371
08 Jul 2025 19:37:15,0.334
08 Jul 2025 19:38:00,0.427
08 Jul 2025 19:38:30,0.210
08 Jul 2025 19:38:45,0.116
08 Jul 2025 19:39:15,0.265
08 Jul 2025 19:39:30,0.151
08 Jul 2025 19:40:00,0.417
08 Jul 2025 19:41:00,0.450
08 Jul 2025 19:42:45,0.364
08 Jul 2025 19:43:00,0.228
08 Jul 2025 19:43:15,0.155
08 Jul 2025 19:43:45,0.131
08 Jul 2025 19:44:30,0.235
08 Jul 2025 19:45:15,0.132
08 Jul 2025 19:45:45,0.313
08 Jul 2025 19:47:00,0.152
08 Jul 2025 19:48:00,0.245
08 Jul 2025 19:48:15,0.216
08 Jul 2025 19:48:30,0.211
08 Jul 2025 19:49:45,0.123
08 Jul 2025 19:50:00,0.264
08 Jul 2025 19:50:45,0.152
08 Jul 2025 19:51:00,0.236
08 Jul 2025 19:51:30,0.327
08 Jul 2025 19:51:45,0.265
08 Jul 2025 19:52:30,0.274
08 Jul 2025 19:52:45,0.300
08 Jul 2025 19:53:00,0.117
08 Jul 2025 19:54:30,0.342
08 Jul 2025 19:55:00,0.417
08 Jul 2025 19:55:30,0.124
08 Jul 2025 19:56:00,0.342
08 Jul 2025 19:57:15,0.258
08 Jul 2025 19:57:45,0.411
08 Jul 2025 19:58:45,0.276
08 Jul 2025 19:59:15,0.301
08 Jul 2025 19:59:30,0.193
08 Jul 2025 20:00:15,0.440
08 Jul 2025 20:00:45,0.284
08 Jul 2025 20:01:00,0.189
08 Jul 2025 20:01:15,0.148
08 Jul 2025 20:01:30,0.270
08 Jul 2025 20:02:00,0.147
08 Jul 2025 20:02:45,0.440
08 Jul 2025 20:03:45,0.273
08 Jul 2025 20:05:00,0.239
08 Jul 2025 20:05:30,0.433
08 Jul 2025 20:05:45,0.332
08 Jul 2025 20:06:15,0.147
08 Jul 2025 20:06:30,0.447
08 Jul 2025 20:06:45,0.235
08 Jul 2025 20:07:15,0.045
08 Jul 2025 20:07:45,0.284
08 Jul 2025 20:08:15,0.083
08 Jul 2025 20:08:30,0.384
08 Jul 2025 20:09:00,0.275
08 Jul 2025 20:09:30,0.293
08 Jul 2025 20:09:45,0.216
08 Jul 2025 20:10:45,0.440
08 Jul 2025 20:11:00,0.153
08 Jul 2025 20:11:15,0.186
08 Jul 2025 20:11:30,0.338
08 Jul 2025 20:11:45,-0.030
08 Jul 2025 20:13:00,0.340
08 Jul 2025 20:13:15,0.166
08 Jul 2025 20:13:30,0.109
08 Jul 2025 20:14:45,0.274
08 Jul 2025 20:15:00,0.033
08 Jul 2025 20:16:00,0.356
08 Jul 2025 20:16:45,0.277
08 Jul 2025 20:17:00,0.344
08 Jul 2025 20:17:30,0.255
08 Jul 2025 20:17:45,0.397
08 Jul 2025 20:18:15,0.269
08 Jul 2025 20:18:30,0.299
08 Jul 2025 20:19:45,0.302
08 Jul 2025 20:20:00,0.138
08 Jul 2025 20:20:45,0.190
08 Jul 2025 20:21:00,0.370
08 Jul 2025 20:21:15,0.416
08 Jul 2025 20:21:30,0.203
08 Jul 2025 20:21:45,0.170
08 Jul 2025 20:22:00,0.392
08 Jul 2025 20:22:30,0.228
08 Jul 2025 20:22:45,0.288
08 Jul 2025 20:24:00,0.270
08 Jul 2025 20:24:30,0.200
08 Jul 2025 20:25:15,0.136
08 Jul 2025 20:26:30,0.158
08 Jul 2025 20:27:15,0.175
08 Jul 2025 20:27:30,0.253
08 Jul 2025 20:27:45,0.318
08 Jul 2025 20:28:30,0.193
08 Jul 2025 20:28:45,0.002
08 Jul 2025 20:29:00,0.109
08 Jul 2025 20:29:30,0.348
08 Jul 2025 20:30:00,0.209
08 Jul 2025 20:30:45,0.432
08 Jul 2025 20:31:00,0.192
08 Jul 2025 20:31:30,0.300
08 Jul 2025 20:32:00,0.032
08 Jul 2025 20:32:30,0.120
08 Jul 2025 20:32:45,0.338
08 Jul 2025 20:33:15,0.169
08 Jul 2025 20:33:45,0.407
08 Jul 2025 20:34:00,0.150
08 Jul 2025 20:35:30,0.192
08 Jul 2025 20:36:00,0.207
08 Jul 2025 20:37:30,0.231
08 Jul 2025 20:38:15,0.281
08 Jul 2025 20:38:30,0.292
08 Jul 2025 20:39:15,0.320
08 Jul 2025 20:39:30,0.106
08 Jul 2025 20:39:45,0.126
08 Jul 2025 20:40:30,0.263
08 Jul 2025 20:41:00,0.480
08 Jul 2025 20:41:15,0.173
08 Jul 2025 20:41:30,0.243
08 Jul 2025 20:41:45,0.172
08 Jul 2025 20:42:45,0.310
08 Jul 2025 20:44:00,0.282
08 Jul 2025 20:44:30,-0.006
08 Jul 2025 20:45:30,0.252
08 Jul 2025 20:45:45,0.294
08 Jul 2025 20:46:00,0.106
08 Jul 2025 20:47:30,0.119
08 Jul 2025 20:47:45,0.292
08 Jul 2025 20:48:00,0.092
08 Jul 2025 20:48:15,0.176
08 Jul 2025 20:48:45,0.167
08 Jul 2025 20:49:00,0.205
08 Jul 2025 20:49:15,0.525
08 Jul 2025 20:49:30,0.123
08 Jul 2025 20:50:45,0.413
08 Jul 2025 20:51:00,-0.153
08 Jul 2025 20:52:15,0.312
08 Jul 2025 20:52:30,0.223
08 Jul 2025 20:53:00,0.449
08 Jul 2025 20:53:30,0.246
08 Jul 2025 20:53:45,0.069
08 Jul 2025 20:55:00,0.300
08 Jul 2025 20:55:15,0.121
08 Jul 2025 20:55:30,0.195
08 Jul 2025 20:55:45,0.231
08 Jul 2025 20:56:15,0.245
08 Jul 2025 20:57:00,0.076
08 Jul 2025 20:57:15,0.049
08 Jul 2025 20:57:45,0.297
08 Jul 2025 20:58:00,0.380
08 Jul 2025 20:58:45,0.178
08 Jul 2025 20:59:00,0.214
08 Jul 2025 20:59:30,-0.030
08 Jul 2025 20:59:45,0.263
08 Jul 2025 21:00:30,0.146
08 Jul 2025 21:01:30,0.125
08 Jul 2025 21:02:00,0.008
08 Jul 2025 21:02:15,0.198
08 Jul 2025 21:02:45,0.156
08 Jul 2025 21:03:00,0.148
08 Jul 2025 21:03:30,0.134
08 Jul 2025 21:03:45,0.286
08 Jul 2025 21:04:00,0.293
08 Jul 2025 21:04:15,0.011
08 Jul 2025 21:04:30,0.300
08 Jul 2025 21:05:15,0.047
08 Jul 2025 21:05:45,0.148
08 Jul 2025 21:06:15,0.180
08 Jul 2025 21:06:45,0.259
08 Jul 2025 21:07:00,0.262
08 Jul 2025 21:07:30,0.201
08 Jul 2025 21:07:45,0.204
08 Jul 2025 21:08:00,0.092
08 Jul 2025 21:08:15,0.239
08 Jul 2025 21:09:15,0.376
08 Jul 2025 21:10:00,0.067
08 Jul 2025 21:10:15,0.108
08 Jul 2025 21:10:30,0.174
08 Jul 2025 21:11:00,0.290
08 Jul 2025 21:11:15,0.267
08 Jul 2025 21:11:30,0.286
08 Jul 2025 21:12:45,0.091
08 Jul 2025 21:13:00,0.140
08 Jul 2025 21:14:30,0.153
08 Jul 2025 21:15:00,0.162
08 Jul 2025 21:15:45,0.142
08 Jul 2025 21:16:15,0.197
08 Jul 2025 21:16:30,0.266
08 Jul 2025 21:17:00,0.060
08 Jul 2025 21:17:15,0.133
08 Jul 2025 21:18:00,0.161
08 Jul 2025 21:19:00,0.052
08 Jul 2025 21:20:00,0.281
08 Jul 2025 21:20:15,0.141
08 Jul 2025 21:20:30,0.091
08 Jul 2025 21:21:00,0.321
08 Jul 2025 21:21:15,0.243
08 Jul 2025 21:22:15,0.077
08 Jul 2025 21:22:45,0.255
08 Jul 2025 21:23:30,0.008
08 Jul 2025 21:23:45,0.270
08 Jul 2025 21:24:30,0.239
08 Jul 2025 21:24:45,0.166
08 Jul 2025 21:26:15,0.293
08 Jul 2025 21:26:30,0.186
08 Jul 2025 21:27:00,0.069
08 Jul 2025 21:27:30,0.317
08 Jul 2025 21:28:00,0.096
08 Jul 2025 21:28:45,0.109
08 Jul 2025 21:29:30,-0.027
08 Jul 2025 21:30:30,0.282
08 Jul 2025 21:30:45,0.311
08 Jul 2025 21:31:00,0.195
08 Jul 2025 21:31:30,0.353
08 Jul 2025 21:32:00,0.045
08 Jul 2025 21:32:15,0.367
08 Jul 2025 21:33:00,0.025
08 Jul 2025 21:34:00,0.344
08 Jul 2025 21:34:15,0.165
08 Jul 2025 21:34:45,0.149
08 Jul 2025 21:36:15,0.231
08 Jul 2025 21:36:30,0.051
08 Jul 2025 21:37:00,0.162
08 Jul 2025 21:37:45,0.234
08 Jul 2025 21:38:30,0.112
08 Jul 2025 21:38:45,0.255
08 Jul 2025 21:39:00,0.186
08 Jul 2025 21:39:15,0.243
08 Jul 2025 21:39:30,0.082
08 Jul 2025 21:39:45,0.152
08 Jul 2025 21:40:15,0.181
08 Jul 2025 21:40:30,0.147
08 Jul 2025 21:42:00,0.052
08 Jul 2025 21:42:45,0.199
08 Jul 2025 21:43:00,0.033
08 Jul 2025 21:43:15,0.077
08 Jul 2025 21:43:45,0.219
08 Jul 2025 21:44:15,0.154
08 Jul 2025 21:44:45,0.341
08 Jul 2025 21:45:30,0.205
08 Jul 2025 21:45:45,0.171
08 Jul 2025 21:47:30,0.260
08 Jul 2025 21:48:30,0.169
08 Jul 2025 21:48:45,0.133
08 Jul 2025 21:49:30,0.087
08 Jul 2025 21:49:45,0.304
08 Jul 2025 21:50:00,0.362
08 Jul 2025 21:50:45,0.243
08 Jul 2025 21:51:00,-0.003
08 Jul 2025 21:52:00,0.062
08 Jul 2025 21:52:30,0.211
08 Jul 2025 21:54:00,0.160
08 Jul 2025 21:54:15,0.412
08 Jul 2025 21:54:30,0.127
08 Jul 2025 21:55:00,0.125
08 Jul 2025 21:56:15,0.339
08 Jul 2025 21:56:30,0.224
08 Jul 2025 21:57:00,0.240
08 Jul 2025 21:57:15,0.185
08 Jul 2025 21:57:30,0.355
08 Jul 2025 21:58:00,0.158
08 Jul 2025 21:58:15,0.266
08 Jul 2025 21:58:45,0.185
08 Jul 2025 21:59:15,0.089
08 Jul 2025 21:59:30,0.112
08 Jul 2025 21:59:45,0.152
08 Jul 2025 22:00:15,0.092
08 Jul 2025 22:00:45,0.202
08 Jul 2025 22:01:00,-0.207
08 Jul 2025 22:01:15,0.292
08 Jul 2025 22:02:00,0.250
08 Jul 2025 22:03:00,0.104
08 Jul 2025 22:03:30,0.118
08 Jul 2025 22:04:00,0.115
08 Jul 2025 22:04:45,0.201
08 Jul 2025 22:05:00,0.190
08 Jul 2025 22:05:15,0.081
08 Jul 2025 22:05:30,0.229
08 Jul 2025 22:05:45,0.221
08 Jul 2025 22:06:00,0.159
08 Jul 2025 22:06:15,0.163
08 Jul 2025 22:07:15,0.246
08 Jul 2025 22:07:30,0.060
08 Jul 2025 22:08:15,0.127
08 Jul 2025 22:08:30,0.173
08 Jul 2025 22:08:45,0.257
08 Jul 2025 22:09:00,-0.052
08 Jul 2025 22:09:15,-0.030
08 Jul 2025 22:09:30,0.022
08 Jul 2025 22:09:45,0.344
08 Jul 2025 22:10:15,-0.001
08 Jul 2025 22:10:30,0.104
08 Jul 2025 22:11:15,-0.077
08 Jul 2025 22:11:30,0.153
08 Jul 2025 22:11:45,0.111
08 Jul 2025 22:12:30,0.320
08 Jul 2025 22:12:45,-0.004
08 Jul 2025 22:13:00,0.030
08 Jul 2025 22:13:45,-0.009
08 Jul 2025 22:14:00,-0.030
08 Jul 2025 22:14:15,-0.035
08 Jul 2025 22:15:00,0.226
08 Jul 2025 22:15:30,0.172
08 Jul 2025 22:15:45,0.010
08 Jul 2025 22:16:30,-0.042
08 Jul 2025 22:17:30,0.155
08 Jul 2025 22:17:45,0.043
08 Jul 2025 22:18:00,0.069
08 Jul 2025 22:18:15,0.257
08 Jul 2025 22:19:45,0.328
08 Jul 2025 22:20:15,0.074
08 Jul 2025 22:20:30,-0.066
08 Jul 2025 22:21:30,0.182
08 Jul 2025 22:22:00,0.307
08 Jul 2025 22:22:15,0.275
08 Jul 2025 22:22:45,0.223
08 Jul 2025 22:23:00,0.101
08 Jul 2025 22:23:30,0.049
08 Jul 2025 22:24:15,0.153
08 Jul 2025 22:26:30,0.470
08 Jul 2025 22:26:45,-0.048
08 Jul 2025 22:27:15,-0.019
08 Jul 2025 22:27:30,0.028
08 Jul 2025 22:27:45,0.276
08 Jul 2025 22:29:00,-0.001
08 Jul 2025 22:29:30,0.240
08 Jul 2025 22:30:15,0.131
08 Jul 2025 22:30:45,-0.113
08 Jul 2025 22:32:15,0.116
08 Jul 2025 22:32:30,-0.052
08 Jul 2025 22:33:45,0.061
08 Jul 2025 22:34:00,0.190
08 Jul 2025 22:34:30,0.052
08 Jul 2025 22:35:00,0.009
08 Jul 2025 22:35:45,0.236
08 Jul 2025 22:36:30,-0.023
08 Jul 2025 22:37:00,0.054
08 Jul 2025 22:37:30,-0.007
08 Jul 2025 22:38:00,0.235
08 Jul 2025 22:38:45,0.216
08 Jul 2025 22:39:15,0.287
08 Jul 2025 22:39:30,0.157
08 Jul 2025 22:41:00,0.214
08 Jul 2025 22:42:15,0.126
08 Jul 2025 22:42:30,0.313
08 Jul 2025 22:43:15,0.059
08 Jul 2025 22:44:00,0.118
08 Jul 2025 22:44:15,0.051
08 Jul 2025 22:45:45,0.059
08 Jul 2025 22:46:00,0.181
08 Jul 2025 22:46:30,-0.100
08 Jul 2025 22:46:45,0.025
08 Jul 2025 22:47:00,0.164
08 Jul 2025 22:47:45,0.171
08 Jul 2025 22:48:15,0.292
08 Jul 2025 22:48:45,0.184
08 Jul 2025 22:49:15,0.088
08 Jul 2025 22:49:30,0.246
08 Jul 2025 22:49:45,0.234
08 Jul 2025 22:50:00,0.121
08 Jul 2025 22:51:00,0.156
08 Jul 2025 22:52:00,-0.081
08 Jul 2025 22:53:15,0.089
08 Jul 2025 22:53:30,0.086
08 Jul 2025 22:56:00,0.156
08 Jul 2025 22:56:30,-0.050
08 Jul 2025 22:56:45,-0.024
08 Jul 2025 22:57:45,0.022
08 Jul 2025 22:58:30,0.285
08 Jul 2025 22:59:00,0.220
08 Jul 2025 22:59:15,0.095
08 Jul 2025 22:59:30,-0.014
08 Jul 2025 23:01:00,0.151
08 Jul 2025 23:01:30,0.168
08 Jul 2025 23:02:15,-0.134
08 Jul 2025 23:02:45,0.013
08 Jul 2025 23:03:45,0.009
08 Jul 2025 23:04:45,0.056
08 Jul 2025 23:05:15,0.063
08 Jul 2025 23:05:45,0.023
08 Jul 2025 23:06:00,-0.131
08 Jul 2025 23:06:15,0.032
08 Jul 2025 23:07:00,-0.036
08 Jul 2025 23:07:15,0.087
08 Jul 2025 23:07:30,0.070
08 Jul 2025 23:08:45,0.142
08 Jul 2025 23:09:30,0.106
08 Jul 2025 23:10:15,0.096
08 Jul 2025 23:11:00,0.066
08 Jul 2025 23:11:15,0.049
08 Jul 2025 23:11:30,0.355
08 Jul 2025 23:12:15,0.074
08 Jul 2025 23:12:45,-0.042
08 Jul 2025 23:13:30,0.073
08 Jul 2025 23:14:15,0.108
08 Jul 2025 23:15:15,0.124
08 Jul 2025 23:16:30,0.124
08 Jul 2025 23:17:00,-0.044
08 Jul 2025 23:17:15,0.078
08 Jul 2025 23:17:30,0.111
08 Jul 2025 23:18:00,0.173
08 Jul 2025 23:18:15,-0.028
08 Jul 2025 23:18:30,0.261
08 Jul 2025 23:18:45,0.128
08 Jul 2025 23:20:00,0.112
08 Jul 2025 23:20:30,0.061
08 Jul 2025 23:21:30,0.139
08 Jul 2025 23:22:30,0.007
08 Jul 2025 23:25:15,0.266
08 Jul 2025 23:25:30,0.078
08 Jul 2025 23:26:00,0.152
08 Jul 2025 23:26:15,0.205
08 Jul 2025 23:26:30,0.112
08 Jul 2025 23:26:45,0.183
08 Jul 2025 23:27:00,0.203
08 Jul 2025 23:27:15,-0.044
08 Jul 2025 23:28:15,0.076
08 Jul 2025 23:28:45,0.362
08 Jul 2025 23:29:00,0.169
08 Jul 2025 23:29:45,-0.008
08 Jul 2025 23:31:00,0.040
08 Jul 2025 23:31:15,0.059
08 Jul 2025 23:32:30,-0.002
08 Jul 2025 23:32:45,0.153
08 Jul 2025 23:33:30,0.109
08 Jul 2025 23:34:00,0.087
08 Jul 2025 23:34:30,0.354
08 Jul 2025 23:35:30,0.093
08 Jul 2025 23:35:45,0.225
08 Jul 2025 23:36:00,0.118
08 Jul 2025 23:37:00,0.033
08 Jul 2025 23:37:15,-0.198
08 Jul 2025 23:37:45,0.274
08 Jul 2025 23:38:30,0.078
08 Jul 2025 23:39:00,0.057
08 Jul 2025 23:39:15,0.130
08 Jul 2025 23:39:45,0.071
08 Jul 2025 23:40:00,0.277
08 Jul 2025 23:41:00,-0.037
08 Jul 2025 23:41:30,0.001
08 Jul 2025 23:41:45,0.193
08 Jul 2025 23:42:45,-0.140
08 Jul 2025 23:43:15,0.020
08 Jul 2025 23:43:45,0.035
08 Jul 2025 23:44:00,-0.002
08 Jul 2025 23:44:45,0.045
08 Jul 2025 23:45:00,0.138
08 Jul 2025 23:46:00,0.001
08 Jul 2025 23:46:45,0.183
08 Jul 2025 23:47:00,0.119
08 Jul 2025 23:48:15,0.326
08 Jul 2025 23:48:30,0.275
08 Jul 2025 23:48:45,0.025
08 Jul 2025 23:49:15,0.036
08 Jul 2025 23:49:30,0.051
08 Jul 2025 23:50:00,0.091
08 Jul 2025 23:51:15,0.033
08 Jul 2025 23:51:45,0.201
08 Jul 2025 23:52:00,0.019
08 Jul 2025 23:52:30,-0.126
08 Jul 2025 23:52:45,-0.053
08 Jul 2025 23:53:00,0.103
08 Jul 2025 23:53:15,0.183
08 Jul 2025 23:54:00,0.187
08 Jul 2025 23:54:15,-0.035
08 Jul 2025 23:54:45,0.063
08 Jul 2025 23:56:15,0.214
08 Jul 2025 23:56:30,-0.057
08 Jul 2025 23:56:45,0.240
08 Jul 2025 23:57:00,-0.006
08 Jul 2025 23:57:15,0.098
08 Jul 2025 23:57:30,-0.008
08 Jul 2025 23:57:45,0.290
08 Jul 2025 23:58:45,0.255
08 Jul 2025 23:59:00,0.039
08 Jul 2025 23:59:30,-0.042
09 Jul 2025 00:00:00,-0.166
09 Jul 2025 00:00:30,0.029
09 Jul 2025 00:00:45,-0.042
09 Jul 2025 00:01:30,0.298
09 Jul 2025 00:01:45,-0.085
09 Jul 2025 00:02:00,0.186
09 Jul 2025 00:02:45,0.022
09 Jul 2025 00:03:30,0.049
09 Jul 2025 00:04:00,0.296
09 Jul 2025 00:05:15,-0.044
09 Jul 2025 00:05:30,0.159
09 Jul 2025 00:06:45,0.211
09 Jul 2025 00:07:00,0.067
09 Jul 2025 00:07:15,0.220
09 Jul 2025 00:08:30,0.035
09 Jul 2025 00:08:45,-0.100
09 Jul 2025 00:09:15,0.107
09 Jul 2025 00:09:30,-0.090
09 Jul 2025 00:09:45,0.040
09 Jul 2025 00:10:00,0.203
09 Jul 2025 00:11:00,0.094
09 Jul 2025 00:11:15,0.192
09 Jul 2025 00:11:30,-0.078
09 Jul 2025 00:11:45,0.061
09 Jul 2025 00:13:15,0.358
09 Jul 2025 00:13:45,0.054
09 Jul 2025 00:14:00,0.261
09 Jul 2025 00:14:45,0.144
09 Jul 2025 00:15:00,-0.083
09 Jul 2025 00:15:30,0.130
09 Jul 2025 00:16:15,0.195
09 Jul 2025 00:16:45,0.131
09 Jul 2025 00:18:30,-0.091
09 Jul 2025 00:18:45,0.196
09 Jul 2025 00:19:15,0.008
09 Jul 2025 00:19:30,-0.110
09 Jul 2025 00:19:45,0.147
09 Jul 2025 00:20:45,-0.095
09 Jul 2025 00:21:15,0.209
09 Jul 2025 00:22:15,0.108
09 Jul 2025 00:22:30,0.012
09 Jul 2025 00:22:45,0.056
09 Jul 2025 00:23:00,0.121
09 Jul 2025 00:23:30,0.073
09 Jul 2025 00:24:00,0.076
09 Jul 2025 00:25:15,-0.050
09 Jul 2025 00:25:30,0.083
09 Jul 2025 00:26:00,-0.090
09 Jul 2025 00:26:15,-0.042
09 Jul 2025 00:26:30,-0.090
09 Jul 2025 00:26:45,-0.024
09 Jul 2025 00:27:00,0.068
09 Jul 2025 00:27:15,-0.001
09 Jul 2025 00:28:00,-0.015
09 Jul 2025 00:28:15,0.273
09 Jul 2025 00:28:30,-0.010
09 Jul 2025 00:28:45,-0.106
09 Jul 2025 00:29:00,0.208
09 Jul 2025 00:30:15,0.005
09 Jul 2025 00:30:30,-0.104
09 Jul 2025 00:30:45,0.195
09 Jul 2025 00:31:00,0.072
09 Jul 2025 00:31:15,0.185
09 Jul 2025 00:31:30,-0.053
09 Jul 2025 00:32:00,-0.067
09 Jul 2025 00:32:15,0.095
09 Jul 2025 00:32:30,0.106
09 Jul 2025 00:33:00,0.001
09 Jul 2025 00:33:30,0.004
09 Jul 2025 00:33:45,0.054
09 Jul 2025 00:34:00,0.087
09 Jul 2025 00:34:30,0.205
09 Jul 2025 00:34:45,0.079
09 Jul 2025 00:35:15,-0.086
09 Jul 2025 00:35:45,0.122
09 Jul 2025 00:36:15,0.037
09 Jul 2025 00:36:30,0.018
09 Jul 2025 00:36:45,0.223
09 Jul 2025 00:37:00,-0.028
09 Jul 2025 00:37:15,0.075
09 Jul 2025 00:38:00,0.012
09 Jul 2025 00:38:45,-0.065
09 Jul 2025 00:39:00,-0.119
09 Jul 2025 00:39:15,-0.001
09 Jul 2025 00:39:30,-0.095
09 Jul 2025 00:40:00,-0.077
09 Jul 2025 00:40:30,0.014
09 Jul 2025 00:41:00,-0.023
09 Jul 2025 00:41:15,0.156
09 Jul 2025 00:41:45,0.202
09 Jul 2025 00:42:30,0.001
09 Jul 2025 00:43:15,-0.133
09 Jul 2025 00:43:45,0.020
09 Jul 2025 00:44:00,0.176
09 Jul 2025 00:44:30,0.071
09 Jul 2025 00:44:45,-0.058
09 Jul 2025 00:45:00,-0.041
09 Jul 2025 00:45:30,0.035
09 Jul 2025 00:46:00,0.010
09 Jul 2025 00:47:45,0.042
09 Jul 2025 00:48:45,0.069
09 Jul 2025 00:49:00,0.182
09 Jul 2025 00:49:30,0.157
09 Jul 2025 00:50:15,0.015
09 Jul 2025 00:50:30,0.100
09 Jul 2025 00:50:45,0.149
09 Jul 2025 00:51:00,0.196
09 Jul 2025 00:51:15,0.189
09 Jul 2025 00:52:30,0.134
09 Jul 2025 00:52:45,0.064
09 Jul 2025 00:54:15,0.138
09 Jul 2025 00:54:45,0.149
09 Jul 2025 00:55:00,-0.046
09 Jul 2025 00:56:00,-0.106
09 Jul 2025 00:56:15,-0.095
09 Jul 2025 00:56:30,-0.094
09 Jul 2025 00:57:00,0.045
09 Jul 2025 00:57:30,0.012
09 Jul 2025 00:58:30,0.077
09 Jul 2025 00:58:45,0.085
09 Jul 2025 00:59:30,-0.062
09 Jul 2025 00:59:45,0.182
09 Jul 2025 01:00:00,-0.016
09 Jul 2025 01:00:15,0.286
09 Jul 2025 01:00:30,0.058
09 Jul 2025 01:00:45,-0.018
09 Jul 2025 01:01:15,0.223
09 Jul 2025 01:02:45,0.113
09 Jul 2025 01:03:45,0.073
09 Jul 2025 01:04:00,0.020
09 Jul 2025 01:04:15,0.008
09 Jul 2025 01:04:30,0.310
09 Jul 2025 01:05:00,0.127
09 Jul 2025 01:05:45,-0.041
09 Jul 2025 01:06:30,0.108
09 Jul 2025 01:07:15,0.016
09 Jul 2025 01:08:00,0.045
09 Jul 2025 01:08:30,0.131
09 Jul 2025 01:08:45,-0.003
09 Jul 2025 01:09:30,0.051
09 Jul 2025 01:10:00,0.236
09 Jul 2025 01:10:15,-0.104
09 Jul 2025 01:10:45,-0.043
09 Jul 2025 01:11:30,0.163
09 Jul 2025 01:13:00,-0.136
09 Jul 2025 01:14:00,0.066
09 Jul 2025 01:14:30,0.072
09 Jul 2025 01:15:00,0.067
09 Jul 2025 01:15:30,0.148
09 Jul 2025 01:15:45,0.165
09 Jul 2025 01:16:00,0.036
09 Jul 2025 01:16:30,0.074
09 Jul 2025 01:16:45,0.091
09 Jul 2025 01:17:00,-0.009
09 Jul 2025 01:17:15,0.024
09 Jul 2025 01:17:30,-0.047
09 Jul 2025 01:17:45,-0.053
09 Jul 2025 01:18:15,0.154
09 Jul 2025 01:18:30,0.090
09 Jul 2025 01:18:45,-0.006
09 Jul 2025 01:19:15,0.266
09 Jul 2025 01:19:45,0.099
09 Jul 2025 01:20:00,0.156
09 Jul 2025 01:20:15,0.146
09 Jul 2025 01:21:15,0.095
09 Jul 2025 01:21:30,0.202
09 Jul 2025 01:21:45,0.097
09 Jul 2025 01:22:15,0.067
09 Jul 2025 01:22:30,-0.042
09 Jul 2025 01:22:45,0.120
09 Jul 2025 01:23:00,0.010
09 Jul 2025 01:23:15,0.080
09 Jul 2025 01:23:30,0.074
09 Jul 2025 01:24:15,-0.006
09 Jul 2025 01:24:30,0.161
09 Jul 2025 01:25:00,0.169
09 Jul 2025 01:25:45,0.263
09 Jul 2025 01:26:00,0.157
09 Jul 2025 01:26:30,0.116
09 Jul 2025 01:26:45,-0.017
09 Jul 2025 01:27:15,-0.040
09 Jul 2025 01:28:00,0.196
09 Jul 2025 01:28:15,0.167
09 Jul 2025 01:28:30,0.070
09 Jul 2025 01:28:45,-0.102
09 Jul 2025 01:29:00,0.046
09 Jul 2025 01:29:15,-0.043
09 Jul 2025 01:30:00,0.260
09 Jul 2025 01:30:45,-0.012
09 Jul 2025 01:31:00,0.223
09 Jul 2025 01:31:45,-0.048
09 Jul 2025 01:32:15,0.207
09 Jul 2025 01:32:30,0.202
09 Jul 2025 01:33:30,0.004
09 Jul 2025 01:34:15,0.133
09 Jul 2025 01:34:30,0.174
09 Jul 2025 01:35:15,0.117
09 Jul 2025 01:35:30,0.190
09 Jul 2025 01:36:45,0.124
09 Jul 2025 01:37:00,0.234
09 Jul 2025 01:37:15,0.065
09 Jul 2025 01:38:00,0.218
09 Jul 2025 01:38:15,0.073
09 Jul 2025 01:39:00,0.124
09 Jul 2025 01:39:30,0.001
09 Jul 2025 01:39:45,0.091
09 Jul 2025 01:40:30,0.331
09 Jul 2025 01:40:45,0.097
09 Jul 2025 01:41:15,0.061
09 Jul 2025 01:42:00,0.175
09 Jul 2025 01:42:45,-0.028
09 Jul 2025 01:43:00,-0.060
09 Jul 2025 01:43:45,0.140
09 Jul 2025 01:44:00,-0.140
09 Jul 2025 01:44:15,0.287
09 Jul 2025 01:44:45,0.196
09 Jul 2025 01:45:30,0.065
09 Jul 2025 01:46:30,0.231
09 Jul 2025 01:47:45,0.081
09 Jul 2025 01:48:00,0.058
09 Jul 2025 01:48:15,-0.030
09 Jul 2025 01:48:30,0.022
09 Jul 2025 01:48:45,0.125
09 Jul 2025 01:49:00,-0.009
09 Jul 2025 01:49:30,0.005
09 Jul 2025 01:49:45,-0.105
09 Jul 2025 01:50:00,-0.002
09 Jul 2025 01:50:30,0.045
09 Jul 2025 01:50:45,0.124
09 Jul 2025 01:51:00,-0.088
09 Jul 2025 01:51:30,-0.047
09 Jul 2025 01:52:15,-0.039
09 Jul 2025 01:52:30,-0.133
09 Jul 2025 01:53:30,0.241
09 Jul 2025 01:54:30,0.269
09 Jul 2025 01:55:00,0.041
09 Jul 2025 01:55:15,0.230
09 Jul 2025 01:55:45,0.275
09 Jul 2025 01:56:45,0.212
09 Jul 2025 01:58:15,0.131
09 Jul 2025 01:58:30,0.264
09 Jul 2025 01:58:45,0.130
09 Jul 2025 01:59:15,0.115
09 Jul 2025 02:00:00,0.006
09 Jul 2025 02:01:15,-0.009
09 Jul 2025 02:01:30,0.122
09 Jul 2025 02:02:00,0.067
09 Jul 2025 02:02:45,0.082
09 Jul 2025 02:03:00,0.122
09 Jul 2025 02:03:15,0.069
09 Jul 2025 02:03:30,-0.021
09 Jul 2025 02:04:00,0.065
09 Jul 2025 02:04:15,0.294
09 Jul 2025 02:04:30,-0.040
09 Jul 2025 02:04:45,0.008
09 Jul 2025 02:05:15,0.190
09 Jul 2025 02:06:00,0.178
09 Jul 2025 02:07:00,0.083
09 Jul 2025 02:07:15,0.154
09 Jul 2025 02:07:45,0.022
09 Jul 2025 02:08:00,0.026
09 Jul 2025 02:09:00,-0.069
09 Jul 2025 02:09:15,0.148
09 Jul 2025 02:09:30,-0.033
09 Jul 2025 02:11:15,0.126
09 Jul 2025 02:12:00,0.123
09 Jul 2025 02:13:00,0.258
09 Jul 2025 02:13:15,0.180
09 Jul 2025 02:14:00,0.021
09 Jul 2025 02:14:30,0.170
09 Jul 2025 02:15:00,0.293
09 Jul 2025 02:15:30,0.028
09 Jul 2025 02:15:45,-0.029
09 Jul 2025 02:16:00,0.232
09 Jul 2025 02:16:15,0.043
09 Jul 2025 02:16:30,0.146
09 Jul 2025 02:16:45,-0.062
09 Jul 2025 02:17:45,-0.046
09 Jul 2025 02:18:15,0.097
09 Jul 2025 02:18:30,0.295
09 Jul 2025 02:18:45,0.042
09 Jul 2025 02:19:00,0.037
09 Jul 2025 02:19:15,0.331
09 Jul 2025 02:19:45,0.134
09 Jul 2025 02:20:00,0.298
09 Jul 2025 02:20:15,0.250
09 Jul 2025 02:21:00,0.109
09 Jul 2025 02:21:15,-0.099
09 Jul 2025 02:22:00,0.146
09 Jul 2025 02:22:15,-0.027
09 Jul 2025 02:22:30,0.008
09 Jul 2025 02:22:45,0.336
09 Jul 2025 02:23:45,-0.044
09 Jul 2025 02:24:30,0.159
09 Jul 2025 02:24:45,-0.053
09 Jul 2025 02:25:00,-0.045
09 Jul 2025 02:25:45,0.413
09 Jul 2025 02:26:00,0.239
09 Jul 2025 02:26:15,-0.010
09 Jul 2025 02:27:00,0.249
09 Jul 2025 02:27:30,0.071
09 Jul 2025 02:28:30,0.270
09 Jul 2025 02:29:15,-0.049
09 Jul 2025 02:30:00,0.184
09 Jul 2025 02:30:30,0.387
09 Jul 2025 02:30:45,0.322
09 Jul 2025 02:32:30,0.233
09 Jul 2025 02:32:45,0.117
09 Jul 2025 02:33:00,0.075
09 Jul 2025 02:33:30,0.129
09 Jul 2025 02:33:45,0.133
09 Jul 2025 02:34:00,0.162
09 Jul 2025 02:34:15,0.271
09 Jul 2025 02:34:30,-0.073
09 Jul 2025 02:34:45,0.079
09 Jul 2025 02:35:30,0.042
09 Jul 2025 02:36:00,0.317
09 Jul 2025 02:36:30,0.172
09 Jul 2025 02:37:00,0.247
09 Jul 2025 02:37:45,-0.079
09 Jul 2025 02:39:15,0.044
09 Jul 2025 02:40:15,0.029
09 Jul 2025 02:40:30,-0.150
09 Jul 2025 02:40:45,-0.206
09 Jul 2025 02:41:30,0.300
09 Jul 2025 02:41:45,0.134
09 Jul 2025 02:42:00,0.114
09 Jul 2025 02:42:30,0.112
09 Jul 2025 02:43:00,0.303
09 Jul 2025 02:43:15,-0.041
09 Jul 2025 02:43:30,0.081
09 Jul 2025 02:44:15,-0.057
09 Jul 2025 02:45:15,0.290
09 Jul 2025 02:46:00,0.085
09 Jul 2025 02:46:45,0.000
09 Jul 2025 02:47:30,0.078
09 Jul 2025 02:47:45,0.087
09 Jul 2025 02:48:30,0.212
09 Jul 2025 02:48:45,0.313
09 Jul 2025 02:49:00,0.166
09 Jul 2025 02:50:15,0.011
09 Jul 2025 02:50:30,0.063
09 Jul 2025 02:51:00,-0.092
09 Jul 2025 02:51:15,0.035
09 Jul 2025 02:51:30,0.196
09 Jul 2025 02:51:45,0.142
09 Jul 2025 02:52:45,0.170
09 Jul 2025 02:53:00,-0.030
09 Jul 2025 02:53:30,0.116
09 Jul 2025 02:53:45,0.306
09 Jul 2025 02:54:00,0.129
09 Jul 2025 02:54:30,0.078
09 Jul 2025 02:54:45,0.143
09 Jul 2025 02:56:00,0.030
09 Jul 2025 02:56:15,0.154
09 Jul 2025 02:56:30,0.151
09 Jul 2025 02:56:45,0.126
09 Jul 2025 02:58:30,0.227
09 Jul 2025 02:59:15,0.026
09 Jul 2025 02:59:30,0.099
09 Jul 2025 02:59:45,-0.001
09 Jul 2025 03:00:15,0.286
09 Jul 2025 03:01:00,-0.064
09 Jul 2025 03:01:15,0.197
09 Jul 2025 03:01:30,0.087
09 Jul 2025 03:02:00,0.063
09 Jul 2025 03:03:30,-0.073
09 Jul 2025 03:03:45,0.151
09 Jul 2025 03:04:30,0.188
09 Jul 2025 03:04:45,0.279
09 Jul 2025 03:05:00,0.296
09 Jul 2025 03:05:30,0.050
09 Jul 2025 03:06:00,0.257
09 Jul 2025 03:06:15,0.273
09 Jul 2025 03:07:00,0.066
09 Jul 2025 03:07:15,0.118
09 Jul 2025 03:07:30,0.059
09 Jul 2025 03:08:30,0.126
09 Jul 2025 03:08:45,0.023
09 Jul 2025 03:09:00,0.048
09 Jul 2025 03:09:15,0.060
09 Jul 2025 03:09:30,0.022
09 Jul 2025 03:09:45,0.095
09 Jul 2025 03:10:00,0.012
09 Jul 2025 03:10:30,0.095
09 Jul 2025 03:10:45,-0.023
09 Jul 2025 03:11:15,0.208
09 Jul 2025 03:11:45,-0.015
09 Jul 2025 03:12:00,0.166
09 Jul 2025 03:12:15,0.233
09 Jul 2025 03:12:45,0.034
09 Jul 2025 03:13:30,0.160
09 Jul 2025 03:16:15,0.048
09 Jul 2025 03:16:30,0.210
09 Jul 2025 03:16:45,0.013
09 Jul 2025 03:17:15,0.150
09 Jul 2025 03:18:00,0.158
09 Jul 2025 03:18:15,0.101
09 Jul 2025 03:18:45,0.065
09 Jul 2025 03:19:00,0.127
09 Jul 2025 03:19:15,0.070
09 Jul 2025 03:19:30,0.160
09 Jul 2025 03:19:45,0.246
09 Jul 2025 03:20:00,0.106
09 Jul 2025 03:20:15,-0.005
09 Jul 2025 03:20:30,-0.042
09 Jul 2025 03:20:45,0.281
09 Jul 2025 03:21:00,0.164
09 Jul 2025 03:21:45,0.049
09 Jul 2025 03:22:15,0.184
09 Jul 2025 03:22:45,0.200
09 Jul 2025 03:23:15,0.170
09 Jul 2025 03:23:30,0.247
09 Jul 2025 03:23:45,0.285
09 Jul 2025 03:24:15,0.160
09 Jul 2025 03:24:45,0.025
09 Jul 2025 03:25:00,0.022
09 Jul 2025 03:25:30,0.325
09 Jul 2025 03:27:00,0.064
09 Jul 2025 03:27:15,0.180
09 Jul 2025 03:27:30,0.137
09 Jul 2025 03:28:00,0.093
09 Jul 2025 03:28:45,0.195
09 Jul 2025 03:29:00,0.281
09 Jul 2025 03:29:15,0.249
09 Jul 2025 03:29:45,0.050
09 Jul 2025 03:30:00,0.010
09 Jul 2025 03:30:30,0.119
09 Jul 2025 03:32:00,0.110
09 Jul 2025 03:32:15,0.030
09 Jul 2025 03:33:15,0.010
09 Jul 2025 03:33:30,0.146
09 Jul 2025 03:34:00,0.191
09 Jul 2025 03:34:15,0.270
09 Jul 2025 03:34:30,0.177
09 Jul 2025 03:34:45,0.197
09 Jul 2025 03:35:00,0.238
09 Jul 2025 03:35:15,0.216
09 Jul 2025 03:36:15,0.129
09 Jul 2025 03:36:45,0.055
09 Jul 2025 03:37:00,0.040
09 Jul 2025 03:37:45,0.229
09 Jul 2025 03:38:00,0.211
09 Jul 2025 03:38:15,0.074
09 Jul 2025 03:38:30,0.244
09 Jul 2025 03:38:45,0.315
09 Jul 2025 03:39:00,0.232
09 Jul 2025 03:39:30,0.054
09 Jul 2025 03:41:15,0.264
09 Jul 2025 03:41:30,0.048
09 Jul 2025 03:41:45,0.110
09 Jul 2025 03:42:00,0.142
09 Jul 2025 03:42:15,0.264
09 Jul 2025 03:42:30,0.282
09 Jul 2025 03:42:45,-0.073
09 Jul 2025 03:43:15,0.181
09 Jul 2025 03:43:30,0.117
09 Jul 2025 03:46:00,0.162
09 Jul 2025 03:47:30,0.070
09 Jul 2025 03:47:45,0.059
09 Jul 2025 03:48:00,-0.014
09 Jul 2025 03:48:15,0.189
09 Jul 2025 03:48:45,0.113
09 Jul 2025 03:49:30,0.363
09 Jul 2025 03:49:45,0.132
09 Jul 2025 03:50:15,0.085
09 Jul 2025 03:50:30,0.123
09 Jul 2025 03:50:45,0.113
09 Jul 2025 03:51:15,0.307
09 Jul 2025 03:51:30,0.342
09 Jul 2025 03:52:00,0.038
09 Jul 2025 03:52:15,0.207
09 Jul 2025 03:52:30,0.227
09 Jul 2025 03:52:45,0.314
09 Jul 2025 03:53:30,0.167
09 Jul 2025 03:53:45,-0.039
09 Jul 2025 03:54:00,0.160
09 Jul 2025 03:54:15,0.309
09 Jul 2025 03:55:30,0.194
09 Jul 2025 03:55:45,0.141
09 Jul 2025 03:56:00,0.072
09 Jul 2025 03:56:15,0.018
09 Jul 2025 03:56:30,0.118
09 Jul 2025 03:57:45,0.108
09 Jul 2025 03:58:45,0.177
09 Jul 2025 03:59:00,0.233
09 Jul 2025 03:59:30,0.133
09 Jul 2025 03:59:45,-0.014
09 Jul 2025 04:00:15,0.084
09 Jul 2025 04:00:30,0.099
09 Jul 2025 04:00:45,0.155
09 Jul 2025 04:01:00,0.178
09 Jul 2025 04:01:15,0.238
09 Jul 2025 04:01:45,0.185
09 Jul 2025 04:02:00,0.141
09 Jul 2025 04:02:15,0.355
09 Jul 2025 04:02:30,0.204
09 Jul 2025 04:02:45,0.079
09 Jul 2025 04:03:15,0.227
09 Jul 2025 04:03:30,0.153
09 Jul 2025 04:04:15,0.235
09 Jul 2025 04:04:30,0.217
09 Jul 2025 04:05:45,0.058
09 Jul 2025 04:06:00,0.193
09 Jul 2025 04:06:15,0.395
09 Jul 2025 04:06:30,0.183
09 Jul 2025 04:07:00,0.161
09 Jul 2025 04:07:15,0.166
09 Jul 2025 04:08:00,0.208
09 Jul 2025 04:08:15,0.098
09 Jul 2025 04:11:00,0.309
09 Jul 2025 04:11:30,0.120
09 Jul 2025 04:12:30,0.118
09 Jul 2025 04:12:45,-0.043
09 Jul 2025 04:13:00,0.175
09 Jul 2025 04:13:30,0.227
09 Jul 2025 04:13:45,0.227
09 Jul 2025 04:14:00,0.202
09 Jul 2025 04:14:30,0.160
09 Jul 2025 04:15:00,0.081
09 Jul 2025 04:15:15,0.193
09 Jul 2025 04:15:30,-0.016
09 Jul 2025 04:16:00,0.090
09 Jul 2025 04:16:15,0.192
09 Jul 2025 04:17:45,-0.043
09 Jul 2025 04:18:30,0.187
09 Jul 2025 04:19:00,0.146
09 Jul 2025 04:19:15,0.094
09 Jul 2025 04:19:30,0.144
09 Jul 2025 04:20:00,0.193
09 Jul 2025 04:20:15,0.241
09 Jul 2025 04:20:45,0.090
09 Jul 2025 04:21:00,0.170
09 Jul 2025 04:21:15,-0.013
09 Jul 2025 04:21:30,0.039
09 Jul 2025 04:22:15,0.001
09 Jul 2025 04:22:30,0.131
09 Jul 2025 04:23:30,0.168
09 Jul 2025 04:24:30,0.015
09 Jul 2025 04:24:45,0.185
09 Jul 2025 04:25:00,0.307
09 Jul 2025 04:25:30,0.379
09 Jul 2025 04:26:15,0.164
09 Jul 2025 04:26:30,0.298
09 Jul 2025 04:26:45,0.360
09 Jul 2025 04:27:00,0.210
09 Jul 2025 04:27:15,0.172
09 Jul 2025 04:27:30,0.184
09 Jul 2025 04:27:45,0.151
09 Jul 2025 04:28:00,0.260
09 Jul 2025 04:29:45,0.150
09 Jul 2025 04:30:45,0.112
09 Jul 2025 04:31:00,0.243
09 Jul 2025 04:31:30,0.204
09 Jul 2025 04:32:00,0.019
09 Jul 2025 04:32:15,0.037
09 Jul 2025 04:32:30,0.171
09 Jul 2025 04:32:45,0.152
09 Jul 2025 04:33:15,0.033
09 Jul 2025 04:33:30,0.146
09 Jul 2025 04:34:00,0.424
09 Jul 2025 04:34:30,0.147
09 Jul 2025 04:35:00,0.136
09 Jul 2025 04:35:30,0.220
09 Jul 2025 04:36:00,0.239
09 Jul 2025 04:36:15,0.371
09 Jul 2025 04:37:30,0.082
09 Jul 2025 04:37:45,0.315
09 Jul 2025 04:38:45,0.195
09 Jul 2025 04:39:15,0.164
09 Jul 2025 04:39:30,0.044
09 Jul 2025 04:39:45,0.312
09 Jul 2025 04:40:00,0.112
09 Jul 2025 04:41:00,0.258
09 Jul 2025 04:41:15,0.302
09 Jul 2025 04:41:45,0.248
09 Jul 2025 04:42:00,0.238
09 Jul 2025 04:42:45,0.106
09 Jul 2025 04:43:00,0.137
09 Jul 2025 04:44:00,0.228
09 Jul 2025 04:44:30,0.042
09 Jul 2025 04:44:45,0.081
09 Jul 2025 04:45:00,0.135
09 Jul 2025 04:45:30,0.323
09 Jul 2025 04:46:00,0.419
09 Jul 2025 04:46:15,0.207
09 Jul 2025 04:47:45,0.260
09 Jul 2025 04:48:15,0.220
09 Jul 2025 04:48:30,0.233
09 Jul 2025 04:48:45,0.234
09 Jul 2025 04:49:30,0.226
09 Jul 2025 04:49:45,0.289
09 Jul 2025 04:50:00,0.215
09 Jul 2025 04:50:15,0.154
09 Jul 2025 04:51:30,0.198
09 Jul 2025 04:52:30,0.100
09 Jul 2025 04:54:15,0.360
09 Jul 2025 04:54:45,0.302
09 Jul 2025 04:55:15,0.241
09 Jul 2025 04:55:30,0.047
09 Jul 2025 04:55:45,0.198
09 Jul 2025 04:56:30,0.159
09 Jul 2025 04:57:00,0.199
09 Jul 2025 04:59:00,0.182
09 Jul 2025 04:59:30,0.159
09 Jul 2025 05:00:15,0.250
09 Jul 2025 05:00:45,0.485
09 Jul 2025 05:01:15,0.145
09 Jul 2025 05:01:30,0.258
09 Jul 2025 05:02:15,0.317
09 Jul 2025 05:03:00,0.220
09 Jul 2025 05:04:30,0.261
09 Jul 2025 05:04:45,0.217
09 Jul 2025 05:05:00,0.254
09 Jul 2025 05:05:30,-0.015
09 Jul 2025 05:06:00,0.195
09 Jul 2025 05:06:15,0.239
09 Jul 2025 05:06:45,0.402
09 Jul 2025 05:07:45,0.354
09 Jul 2025 05:08:30,0.321
09 Jul 2025 05:09:15,0.327
09 Jul 2025 05:09:45,0.212
09 Jul 2025 05:10:30,0.254
09 Jul 2025 05:11:00,0.401
09 Jul 2025 05:11:15,0.150
09 Jul 2025 05:11:45,0.372
09 Jul 2025 05:12:15,0.136
09 Jul 2025 05:12:30,0.136
09 Jul 2025 05:13:00,0.429
09 Jul 2025 05:13:15,0.143
09 Jul 2025 05:13:45,0.289
09 Jul 2025 05:14:00,0.031
09 Jul 2025 05:14:45,0.276
09 Jul 2025 05:15:15,0.019
09 Jul 2025 05:15:30,0.275
09 Jul 2025 05:15:45,0.247
09 Jul 2025 05:16:00,0.243
09 Jul 2025 05:16:15,0.321
09 Jul 2025 05:17:00,0.183
09 Jul 2025 05:17:30,0.204
09 Jul 2025 05:18:00,0.010
09 Jul 2025 05:18:15,0.202
09 Jul 2025 05:18:30,0.283
09 Jul 2025 05:19:30,0.447
09 Jul 2025 05:19:45,0.356
09 Jul 2025 05:20:15,0.172
09 Jul 2025 05:20:30,0.144
09 Jul 2025 05:22:00,0.349
09 Jul 2025 05:22:15,0.306
09 Jul 2025 05:23:00,0.181
09 Jul 2025 05:23:15,0.346
09 Jul 2025 05:23:30,0.316
09 Jul 2025 05:24:15,0.398
09 Jul 2025 05:24:30,0.118
09 Jul 2025 05:25:00,0.235
09 Jul 2025 05:25:15,0.192
09 Jul 2025 05:25:45,0.145
09 Jul 2025 05:26:00,0.203
09 Jul 2025 05:26:30,0.246
09 Jul 2025 05:26:45,0.159
09 Jul 2025 05:27:00,-0.005
09 Jul 2025 05:28:45,0.099
09 Jul 2025 05:29:00,0.233
09 Jul 2025 05:30:00,0.136
09 Jul 2025 05:30:30,0.246
09 Jul 2025 05:31:45,0.030
09 Jul 2025 05:32:30,0.079
09 Jul 2025 05:32:45,0.083
09 Jul 2025 05:34:00,0.045
09 Jul 2025 05:34:30,0.142
09 Jul 2025 05:35:15,0.168
09 Jul 2025 05:36:15,0.299
09 Jul 2025 05:36:30,0.194
09 Jul 2025 05:36:45,0.108
09 Jul 2025 05:38:15,0.314
09 Jul 2025 05:39:00,0.190
09 Jul 2025 05:39:15,0.199
09 Jul 2025 05:39:45,0.221
09 Jul 2025 05:40:30,0.236
09 Jul 2025 05:41:15,0.217
09 Jul 2025 05:41:45,0.123
09 Jul 2025 05:42:30,0.281
09 Jul 2025 05:43:00,0.176
09 Jul 2025 05:43:15,0.233
09 Jul 2025 05:43:45,0.114
09 Jul 2025 05:44:00,0.010
09 Jul 2025 05:44:45,0.118
09 Jul 2025 05:45:00,0.309
09 Jul 2025 05:45:15,0.120
09 Jul 2025 05:46:15,0.228
09 Jul 2025 05:46:30,0.217
09 Jul 2025 05:47:00,0.287
09 Jul 2025 05:47:30,0.431
09 Jul 2025 05:48:15,0.152
09 Jul 2025 05:48:30,0.252
09 Jul 2025 05:48:45,0.256
09 Jul 2025 05:49:00,0.188
09 Jul 2025 05:49:30,0.325
09 Jul 2025 05:49:45,0.030
09 Jul 2025 05:50:15,0.254
09 Jul 2025 05:50:45,0.276
09 Jul 2025 05:51:00,0.226
09 Jul 2025 05:51:30,0.246
09 Jul 2025 05:51:45,0.101
09 Jul 2025 05:52:15,0.078
09 Jul 2025 05:53:00,0.144
09 Jul 2025 05:53:15,0.221
09 Jul 2025 05:54:15,0.050
09 Jul 2025 05:54:30,0.200
09 Jul 2025 05:54:45,0.005
09 Jul 2025 05:55:00,0.357
09 Jul 2025 05:56:45,0.276
09 Jul 2025 05:57:00,0.025
09 Jul 2025 05:57:15,0.234
09 Jul 2025 05:57:30,0.040
09 Jul 2025 05:57:45,0.183
09 Jul 2025 05:58:00,0.223
09 Jul 2025 05:58:45,0.141
09 Jul 2025 05:59:15,0.197
09 Jul 2025 05:59:30,0.298
09 Jul 2025 06:00:30,0.223
09 Jul 2025 06:01:00,0.469
09 Jul 2025 06:01:15,0.251
09 Jul 2025 06:01:30,0.153
09 Jul 2025 06:02:30,0.273
09 Jul 2025 06:02:45,0.177
09 Jul 2025 06:03:00,0.191
09 Jul 2025 06:04:00,0.139
09 Jul 2025 06:04:45,0.193
09 Jul 2025 06:05:00,0.334
09 Jul 2025 06:05:15,0.016
09 Jul 2025 06:05:45,0.101
09 Jul 2025 06:06:30,0.184
09 Jul 2025 06:06:45,0.095
09 Jul 2025 06:07:00,0.184
09 Jul 2025 06:08:00,0.035
09 Jul 2025 06:08:45,-0.017
09 Jul 2025 06:09:45,0.423
09 Jul 2025 06:10:00,0.315
09 Jul 2025 06:10:30,0.361
09 Jul 2025 06:10:45,0.369
09 Jul 2025 06:11:00,0.274
09 Jul 2025 06:11:15,0.172
09 Jul 2025 06:12:45,0.269
09 Jul 2025 06:13:00,0.321
09 Jul 2025 06:13:15,0.144
09 Jul 2025 06:13:30,0.169
09 Jul 2025 06:14:00,0.085
09 Jul 2025 06:14:15,0.284
09 Jul 2025 06:14:45,0.195
09 Jul 2025 06:15:45,0.292
09 Jul 2025 06:16:00,0.368
09 Jul 2025 06:16:15,0.189
09 Jul 2025 06:16:45,0.630
09 Jul 2025 06:17:00,0.071
09 Jul 2025 06:17:30,0.104
09 Jul 2025 06:17:45,0.154
09 Jul 2025 06:18:00,0.157
09 Jul 2025 06:18:15,0.151
09 Jul 2025 06:18:45,0.257
09 Jul 2025 06:19:00,0.204
09 Jul 2025 06:19:30,0.174
09 Jul 2025 06:19:45,0.192
09 Jul 2025 06:20:30,0.210
09 Jul 2025 06:21:15,0.078
09 Jul 2025 06:21:45,0.225
09 Jul 2025 06:22:15,0.024
09 Jul 2025 06:22:30,0.191
09 Jul 2025 06:22:45,0.149
09 Jul 2025 06:23:15,0.215
09 Jul 2025 06:23:30,0.173
09 Jul 2025 06:23:45,0.030
09 Jul 2025 06:24:00,0.281
09 Jul 2025 06:24:15,0.085
09 Jul 2025 06:24:45,0.353
09 Jul 2025 06:25:15,0.201
09 Jul 2025 06:26:00,0.076
09 Jul 2025 06:26:30,0.277
09 Jul 2025 06:27:00,0.248
09 Jul 2025 06:27:15,0.126
09 Jul 2025 06:27:30,0.057
09 Jul 2025 06:28:00,0.332
09 Jul 2025 06:29:45,0.386
09 Jul 2025 06:30:15,0.182
09 Jul 2025 06:30:30,0.225
09 Jul 2025 06:30:45,0.393
09 Jul 2025 06:31:30,0.240
09 Jul 2025 06:32:45,0.508
09 Jul 2025 06:33:15,-0.024
09 Jul 2025 06:33:30,0.232
09 Jul 2025 06:33:45,0.071
09 Jul 2025 06:34:00,0.417
09 Jul 2025 06:34:45,0.191
09 Jul 2025 06:35:15,0.099
09 Jul 2025 06:35:45,0.087
09 Jul 2025 06:36:15,0.207
09 Jul 2025 06:36:30,0.406
09 Jul 2025 06:36:45,0.154
09 Jul 2025 06:37:15,0.404
09 Jul 2025 06:37:30,0.080
09 Jul 2025 06:38:00,0.267
09 Jul 2025 06:39:30,0.124
09 Jul 2025 06:39:45,0.133
09 Jul 2025 06:40:00,0.228
09 Jul 2025 06:40:15,0.140
09 Jul 2025 06:40:30,0.129
09 Jul 2025 06:41:15,0.011
09 Jul 2025 06:41:30,0.290
09 Jul 2025 06:42:00,0.029
09 Jul 2025 06:43:00,0.266
09 Jul 2025 06:43:45,0.409
09 Jul 2025 06:44:30,0.111
09 Jul 2025 06:44:45,0.018
09 Jul 2025 06:45:30,0.332
09 Jul 2025 06:45:45,0.309
09 Jul 2025 06:46:45,0.439
09 Jul 2025 06:48:15,0.201
09 Jul 2025 06:48:30,0.174
09 Jul 2025 06:48:45,0.022
09 Jul 2025 06:49:00,0.282
09 Jul 2025 06:50:15,0.079
09 Jul 2025 06:50:30,0.072
09 Jul 2025 06:50:45,0.267
09 Jul 2025 06:51:00,-0.083
09 Jul 2025 06:51:30,0.201
09 Jul 2025 06:52:30,-0.024
09 Jul 2025 06:55:00,0.374
09 Jul 2025 06:55:30,0.272
09 Jul 2025 06:56:15,0.200
09 Jul 2025 06:58:15,0.119
09 Jul 2025 06:59:00,0.130
09 Jul 2025 06:59:15,0.329
09 Jul 2025 06:59:45,0.133
09 Jul 2025 07:01:30,0.044
09 Jul 2025 07:02:00,0.185
09 Jul 2025 07:02:30,0.369
09 Jul 2025 07:03:00,0.365
09 Jul 2025 07:03:15,0.013
09 Jul 2025 07:04:15,0.250
09 Jul 2025 07:04:30,0.405
09 Jul 2025 07:04:45,0.158
09 Jul 2025 07:05:00,-0.049
09 Jul 2025 07:05:45,0.311
09 Jul 2025 07:06:15,0.050
09 Jul 2025 07:07:00,-0.235
09 Jul 2025 07:07:30,0.320
09 Jul 2025 07:07:45,0.030
09 Jul 2025 07:08:00,0.160
09 Jul 2025 07:08:15,0.184
09 Jul 2025 07:09:15,0.228
09 Jul 2025 07:09:30,0.036
09 Jul 2025 07:09:45,-0.098
09 Jul 2025 07:10:00,0.051
09 Jul 2025 07:10:30,-0.071
09 Jul 2025 07:11:15,0.324
09 Jul 2025 07:11:45,0.219
09 Jul 2025 07:12:00,0.528
09 Jul 2025 07:12:15,0.116
09 Jul 2025 07:13:00,-0.132
09 Jul 2025 07:13:30,0.156
09 Jul 2025 07:14:00,0.286
09 Jul 2025 07:14:45,0.253
09 Jul 2025 07:15:00,0.005
09 Jul 2025 07:15:30,0.419
09 Jul 2025 07:16:15,0.020
09 Jul 2025 07:16:45,-0.033
09 Jul 2025 07:17:00,0.185
09 Jul 2025 07:17:30,0.134
09 Jul 2025 07:18:00,0.238
09 Jul 2025 07:18:15,0.110
09 Jul 2025 07:18:30,0.130
09 Jul 2025 07:18:45,0.011
09 Jul 2025 07:19:00,0.267
09 Jul 2025 07:19:45,0.015
09 Jul 2025 07:20:15,0.008
09 Jul 2025 07:20:45,0.336
09 Jul 2025 07:21:30,0.282
09 Jul 2025 07:21:45,0.114
09 Jul 2025 07:22:00,0.016
09 Jul 2025 07:23:30,-0.015
09 Jul 2025 07:23:45,-0.057
09 Jul 2025 07:24:30,0.377
09 Jul 2025 07:24:45,-0.061
09 Jul 2025 07:25:00,0.123
09 Jul 2025 07:25:30,0.348
09 Jul 2025 07:25:45,0.217
09 Jul 2025 07:26:00,0.163
09 Jul 2025 07:26:15,0.135
09 Jul 2025 07:27:15,0.179
09 Jul 2025 07:27:30,0.242
09 Jul 2025 07:28:00,0.427
09 Jul 2025 07:28:15,0.269
09 Jul 2025 07:28:30,0.372
09 Jul 2025 07:28:45,0.252
09 Jul 2025 07:29:00,-0.058
09 Jul 2025 07:29:15,0.235
09 Jul 2025 07:29:30,0.146
09 Jul 2025 07:29:45,0.019
09 Jul 2025 07:30:00,0.263
09 Jul 2025 07:30:15,0.259
09 Jul 2025 07:30:45,0.339
09 Jul 2025 07:31:30,0.078
09 Jul 2025 07:32:00,0.015
09 Jul 2025 07:32:15,0.036
09 Jul 2025 07:32:30,0.343
09 Jul 2025 07:32:45,0.158
09 Jul 2025 07:33:00,0.282
09 Jul 2025 07:33:15,0.342
09 Jul 2025 07:34:00,0.045
09 Jul 2025 07:34:30,0.119
09 Jul 2025 07:35:00,0.163
09 Jul 2025 07:35:30,0.282
09 Jul 2025 07:36:15,0.446
09 Jul 2025 07:36:45,0.306
09 Jul 2025 07:37:15,0.018
09 Jul 2025 07:37:30,0.187
09 Jul 2025 07:37:45,0.487
09 Jul 2025 07:38:00,0.227
09 Jul 2025 07:38:30,0.126
09 Jul 2025 07:38:45,0.260
09 Jul 2025 07:39:00,0.238
09 Jul 2025 07:39:15,0.110
09 Jul 2025 07:39:30,0.277
09 Jul 2025 07:40:00,0.300
09 Jul 2025 07:40:15,-0.005
09 Jul 2025 07:41:00,0.354
09 Jul 2025 07:41:45,0.323
09 Jul 2025 07:42:00,-0.113
09 Jul 2025 07:43:15,0.182
09 Jul 2025 07:43:30,0.442
09 Jul 2025 07:43:45,0.022
09 Jul 2025 07:44:00,0.071
09 Jul 2025 07:44:30,0.582
09 Jul 2025 07:45:00,-0.016
09 Jul 2025 07:46:00,0.046
09 Jul 2025 07:46:30,0.194
09 Jul 2025 07:47:00,0.260
09 Jul 2025 07:48:30,0.177
09 Jul 2025 07:48:45,0.131
09 Jul 2025 07:49:00,0.716
09 Jul 2025 07:49:15,-0.129
09 Jul 2025 07:49:30,0.282
09 Jul 2025 07:50:45,0.079
09 Jul 2025 07:51:00,0.303
09 Jul 2025 07:51:30,0.060
09 Jul 2025 07:53:30,0.402
09 Jul 2025 07:53:45,0.096
09 Jul 2025 07:54:00,0.456
09 Jul 2025 07:55:15,0.280
09 Jul 2025 07:55:30,0.202
09 Jul 2025 07:55:45,0.136
09 Jul 2025 07:56:00,0.171
09 Jul 2025 07:56:30,0.238
09 Jul 2025 07:57:15,0.115
09 Jul 2025 07:58:15,0.470
09 Jul 2025 07:58:30,0.060
09 Jul 2025 07:58:45,0.145
09 Jul 2025 07:59:00,0.108
09 Jul 2025 07:59:15,0.133
09 Jul 2025 07:59:30,0.023
09 Jul 2025 08:00:15,0.366
09 Jul 2025 08:00:30,0.104
09 Jul 2025 08:00:45,0.163
09 Jul 2025 08:01:00,0.001
09 Jul 2025 08:02:30,0.088
09 Jul 2025 08:02:45,0.142
09 Jul 2025 08:03:15,0.453
09 Jul 2025 08:03:30,0.405
09 Jul 2025 08:03:45,-0.030
09 Jul 2025 08:04:15,0.338
09 Jul 2025 08:05:00,0.103
09 Jul 2025 08:05:15,0.009
09 Jul 2025 08:05:30,-0.039
09 Jul 2025 08:05:45,0.282
09 Jul 2025 08:06:00,0.185
09 Jul 2025 08:06:30,0.171
09 Jul 2025 08:07:00,0.615
09 Jul 2025 08:07:30,-0.033
09 Jul 2025 08:07:45,0.190
09 Jul 2025 08:08:30,0.141
09 Jul 2025 08:09:30,0.092
09 Jul 2025 08:09:45,0.039
09 Jul 2025 08:10:45,0.117
09 Jul 2025 08:11:00,-0.063
09 Jul 2025 08:11:15,0.043
09 Jul 2025 08:11:45,0.366
09 Jul 2025 08:12:15,0.293
09 Jul 2025 08:13:45,0.129
09 Jul 2025 08:14:00,-0.095
09 Jul 2025 08:14:30,0.406
09 Jul 2025 08:15:00,0.027
09 Jul 2025 08:15:15,0.406
09 Jul 2025 08:15:45,0.003
09 Jul 2025 08:16:00,0.338
09 Jul 2025 08:17:00,0.166
09 Jul 2025 08:17:15,0.430
09 Jul 2025 08:17:45,0.058
09 Jul 2025 08:18:00,0.293
09 Jul 2025 08:18:15,0.345
09 Jul 2025 08:18:45,0.163
09 Jul 2025 08:19:15,-0.006
09 Jul 2025 08:20:15,0.277
09 Jul 2025 08:20:30,-0.062
09 Jul 2025 08:20:45,0.395
09 Jul 2025 08:21:15,0.043
09 Jul 2025 08:22:00,0.416
09 Jul 2025 08:22:30,0.552
09 Jul 2025 08:22:45,-0.289
09 Jul 2025 08:23:00,0.139
09 Jul 2025 08:23:30,0.239
09 Jul 2025 08:23:45,0.178
09 Jul 2025 08:24:00,0.313
09 Jul 2025 08:24:15,0.094
09 Jul 2025 08:24:45,0.053
09 Jul 2025 08:25:45,-0.151
09 Jul 2025 08:26:00,0.141
09 Jul 2025 08:26:30,0.096
09 Jul 2025 08:27:15,0.274
09 Jul 2025 08:27:45,0.488
09 Jul 2025 08:28:15,-0.035
09 Jul 2025 08:29:30,0.031
09 Jul 2025 08:29:45,0.066
09 Jul 2025 08:30:45,0.057
09 Jul 2025 08:31:00,-0.013
09 Jul 2025 08:31:45,-0.081
09 Jul 2025 08:32:15,-0.086
09 Jul 2025 08:32:45,-0.294
09 Jul 2025 08:33:15,-0.118
09 Jul 2025 08:33:30,0.361
09 Jul 2025 08:33:45,0.174
09 Jul 2025 08:34:15,0.154
09 Jul 2025 08:34:30,0.523
09 Jul 2025 08:34:45,-0.195
09 Jul 2025 08:36:30,0.219
09 Jul 2025 08:37:00,-0.087
09 Jul 2025 08:37:15,0.081
09 Jul 2025 08:38:00,0.166
09 Jul 2025 08:38:15,0.141
09 Jul 2025 08:38:45,-0.015
09 Jul 2025 08:39:15,0.140
09 Jul 2025 08:39:30,-0.185
09 Jul 2025 08:40:00,0.213
09 Jul 2025 08:41:00,0.226
09 Jul 2025 08:41:15,0.122
09 Jul 2025 08:41:30,-0.184
09 Jul 2025 08:42:30,0.126
09 Jul 2025 08:42:45,0.001
09 Jul 2025 08:43:30,-0.087
09 Jul 2025 08:43:45,0.050
09 Jul 2025 08:44:00,-0.035
09 Jul 2025 08:45:15,0.044
09 Jul 2025 08:46:15,0.230
09 Jul 2025 08:47:30,0.001
09 Jul 2025 08:48:00,-0.272
09 Jul 2025 08:48:15,0.102
09 Jul 2025 08:48:45,0.218
09 Jul 2025 08:49:15,-0.008
09 Jul 2025 08:49:45,0.098
09 Jul 2025 08:50:15,-0.052
09 Jul 2025 08:50:30,-0.053
09 Jul 2025 08:51:00,0.047
09 Jul 2025 08:53:00,0.147
09 Jul 2025 08:53:30,0.164
09 Jul 2025 08:54:15,0.160
09 Jul 2025 08:54:45,0.258
09 Jul 2025 08:55:00,0.030
09 Jul 2025 08:55:30,0.190
09 Jul 2025 08:55:45,0.030
09 Jul 2025 08:56:15,0.197
09 Jul 2025 08:56:45,-0.080
09 Jul 2025 08:57:30,-0.188
09 Jul 2025 08:58:00,0.403
09 Jul 2025 08:58:15,0.472
09 Jul 2025 08:58:45,0.624
09 Jul 2025 08:59:00,0.210
09 Jul 2025 08:59:30,0.231
09 Jul 2025 09:00:15,0.115
09 Jul 2025 09:00:30,0.024
09 Jul 2025 09:01:00,-0.013
09 Jul 2025 09:03:15,0.126
09 Jul 2025 09:03:45,0.257
09 Jul 2025 09:04:00,0.034
09 Jul 2025 09:04:15,0.145
09 Jul 2025 09:04:30,0.003
09 Jul 2025 09:04:45,-0.059
09 Jul 2025 09:05:00,0.251
09 Jul 2025 09:05:45,-0.211
09 Jul 2025 09:07:00,0.322
09 Jul 2025 09:07:15,0.268
09 Jul 2025 09:07:30,0.248
09 Jul 2025 09:09:15,0.390
09 Jul 2025 09:09:30,0.545
09 Jul 2025 09:09:45,-0.341
09 Jul 2025 09:10:00,0.281
09 Jul 2025 09:10:45,0.385
09 Jul 2025 09:11:00,0.265
09 Jul 2025 09:11:15,0.290
09 Jul 2025 09:12:00,-0.135
09 Jul 2025 09:12:45,0.220
09 Jul 2025 09:13:00,0.126
09 Jul 2025 09:13:30,-0.098
09 Jul 2025 09:14:45,0.117
09 Jul 2025 09:15:00,0.314
09 Jul 2025 09:15:30,-0.063
09 Jul 2025 09:15:45,0.151
09 Jul 2025 09:16:00,0.218
09 Jul 2025 09:16:30,0.060
09 Jul 2025 09:17:00,0.288
09 Jul 2025 09:17:30,-0.134
09 Jul 2025 09:18:15,-0.020
09 Jul 2025 09:18:30,0.165
09 Jul 2025 09:19:00,0.427
09 Jul 2025 09:19:45,0.566
09 Jul 2025 09:20:00,-0.118
09 Jul 2025 09:20:30,0.178
09 Jul 2025 09:20:45,0.206
09 Jul 2025 09:21:15,0.357
09 Jul 2025 09:21:30,0.054
09 Jul 2025 09:22:00,0.303
09 Jul 2025 09:22:30,0.112
09 Jul 2025 09:23:00,0.278
09 Jul 2025 09:23:45,0.260
09 Jul 2025 09:24:00,0.153
09 Jul 2025 09:24:15,-0.143
09 Jul 2025 09:24:45,0.100
09 Jul 2025 09:26:00,-0.148
09 Jul 2025 09:26:15,0.354
09 Jul 2025 09:26:30,-0.152
09 Jul 2025 09:27:00,0.172
09 Jul 2025 09:28:15,-0.087
09 Jul 2025 09:28:45,-0.004
09 Jul 2025 09:29:00,0.273
09 Jul 2025 09:29:30,-0.191
09 Jul 2025 09:30:30,-0.147
09 Jul 2025 09:31:15,0.002
09 Jul 2025 09:31:30,-0.027
09 Jul 2025 09:31:45,0.267
09 Jul 2025 09:32:15,0.305
09 Jul 2025 09:32:45,0.227
09 Jul 2025 09:33:30,0.160
09 Jul 2025 09:34:15,-0.110
09 Jul 2025 09:34:30,0.162
09 Jul 2025 09:35:45,0.074
09 Jul 2025 09:36:00,0.204
09 Jul 2025 09:36:30,-0.038
09 Jul 2025 09:37:15,0.188
09 Jul 2025 09:37:45,0.189
09 Jul 2025 09:38:00,0.336
09 Jul 2025 09:38:45,0.258
09 Jul 2025 09:39:00,0.296
09 Jul 2025 09:39:45,-0.499
09 Jul 2025 09:41:15,0.133
09 Jul 2025 09:41:30,-0.082
09 Jul 2025 09:42:45,-0.065
09 Jul 2025 09:43:15,-0.081
09 Jul 2025 09:43:45,0.289
09 Jul 2025 09:44:15,0.159
09 Jul 2025 09:44:30,-0.278
09 Jul 2025 09:44:45,-0.198
09 Jul 2025 09:45:15,0.038
09 Jul 2025 09:45:30,0.035
09 Jul 2025 09:45:45,0.400
09 Jul 2025 09:46:00,-0.043
09 Jul 2025 09:46:15,-0.047
09 Jul 2025 09:46:45,-0.157
09 Jul 2025 09:47:00,0.063
09 Jul 2025 09:48:00,-0.049
09 Jul 2025 09:48:45,-0.046
09 Jul 2025 09:49:30,0.304
09 Jul 2025 09:50:00,0.312
09 Jul 2025 09:51:00,0.037
09 Jul 2025 09:52:30,0.079
09 Jul 2025 09:53:00,-0.243
09 Jul 2025 09:53:30,-0.082
09 Jul 2025 09:54:00,0.001
09 Jul 2025 09:54:15,-0.181
09 Jul 2025 09:55:30,0.042
09 Jul 2025 09:56:30,0.230
09 Jul 2025 09:56:45,-0.058
09 Jul 2025 09:57:15,-0.137
09 Jul 2025 09:57:30,-0.134
09 Jul 2025 09:58:00,-0.126
09 Jul 2025 09:58:30,0.119
09 Jul 2025 09:58:45,0.375
09 Jul 2025 09:59:15,0.018
09 Jul 2025 09:59:45,-0.021
09 Jul 2025 10:00:30,0.369
09 Jul 2025 10:01:15,0.434
09 Jul 2025 10:01:45,-0.360
09 Jul 2025 10:02:30,0.438
09 Jul 2025 10:02:45,0.026
09 Jul 2025 10:03:00,-0.187
09 Jul 2025 10:03:30,0.006
09 Jul 2025 10:03:45,0.140
09 Jul 2025 10:04:00,-0.007
09 Jul 2025 10:04:30,0.022
09 Jul 2025 10:04:45,0.152
09 Jul 2025 10:05:00,0.193
09 Jul 2025 10:06:00,-0.141
09 Jul 2025 10:06:45,0.148
09 Jul 2025 10:07:45,0.217
09 Jul 2025 10:09:15,0.318
09 Jul 2025 10:09:45,0.210
09 Jul 2025 10:10:15,0.035
09 Jul 2025 10:11:30,-0.037
09 Jul 2025 10:12:00,-0.165
09 Jul 2025 10:12:15,0.035
09 Jul 2025 10:12:45,0.416
09 Jul 2025 10:13:15,-0.244
09 Jul 2025 10:14:15,0.252
09 Jul 2025 10:14:30,-0.093
09 Jul 2025 10:15:00,-0.265
09 Jul 2025 10:15:15,0.417
09 Jul 2025 10:15:30,0.040
09 Jul 2025 10:15:45,0.011
09 Jul 2025 10:16:00,-0.290
09 Jul 2025 10:16:30,-0.211
09 Jul 2025 10:17:00,-0.013
09 Jul 2025 10:17:30,0.327
09 Jul 2025 10:18:00,-0.016
09 Jul 2025 10:18:15,0.412
09 Jul 2025 10:18:30,-0.065
09 Jul 2025 10:18:45,0.025
09 Jul 2025 10:19:15,-0.152
09 Jul 2025 10:20:00,0.165
09 Jul 2025 10:20:30,-0.141
09 Jul 2025 10:21:00,0.190
09 Jul 2025 10:21:30,-0.042
09 Jul 2025 10:22:45,0.497
09 Jul 2025 10:23:00,0.011
09 Jul 2025 10:23:15,-0.118
09 Jul 2025 10:23:45,-0.024
09 Jul 2025 10:24:15,-0.247
09 Jul 2025 10:24:30,-0.078
09 Jul 2025 10:26:15,0.133
09 Jul 2025 10:26:45,-0.072
09 Jul 2025 10:27:15,0.396
09 Jul 2025 10:27:45,-0.036
09 Jul 2025 10:28:30,-0.259
09 Jul 2025 10:28:45,-0.098
09 Jul 2025 10:29:00,0.168
09 Jul 2025 10:29:30,-0.049
09 Jul 2025 10:29:45,-0.006
09 Jul 2025 10:30:15,-0.049
09 Jul 2025 10:31:15,0.216
09 Jul 2025 10:32:15,0.269
09 Jul 2025 10:32:30,-0.181
09 Jul 2025 10:32:45,0.041
09 Jul 2025 10:33:30,0.073
09 Jul 2025 10:34:00,0.406
09 Jul 2025 10:34:15,0.011
09 Jul 2025 10:35:00,-0.114
09 Jul 2025 10:35:30,0.090
09 Jul 2025 10:36:15,-0.087
09 Jul 2025 10:36:45,-0.253
09 Jul 2025 10:37:00,0.243
09 Jul 2025 10:37:30,-0.049
09 Jul 2025 10:38:15,-0.064
09 Jul 2025 10:39:15,0.393
09 Jul 2025 10:39:30,0.106
09 Jul 2025 10:39:45,-0.145
09 Jul 2025 10:40:00,-0.373
09 Jul 2025 10:40:30,0.040
09 Jul 2025 10:41:15,-0.340
09 Jul 2025 10:41:45,-0.200
09 Jul 2025 10:42:00,0.333
09 Jul 2025 10:42:15,0.259
09 Jul 2025 10:42:45,0.016
09 Jul 2025 10:43:30,0.192
09 Jul 2025 10:43:45,0.258
09 Jul 2025 10:44:30,-0.390
09 Jul 2025 10:45:15,0.216
09 Jul 2025 10:45:30,-0.224
09 Jul 2025 10:45:45,0.120
09 Jul 2025 10:46:00,0.018
09 Jul 2025 10:46:15,0.115
09 Jul 2025 10:46:45,0.141
09 Jul 2025 10:47:15,0.202
09 Jul 2025 10:48:30,-0.118
09 Jul 2025 10:49:00,0.137
09 Jul 2025 10:49:15,-0.192
09 Jul 2025 10:49:30,0.036
09 Jul 2025 10:49:45,-0.146
09 Jul 2025 10:50:00,0.088
09 Jul 2025 10:50:15,0.468
09 Jul 2025 10:50:45,-0.015
09 Jul 2025 10:51:15,-0.139
09 Jul 2025 10:51:30,-0.103
09 Jul 2025 10:51:45,0.318
09 Jul 2025 10:52:00,0.284
09 Jul 2025 10:52:30,0.343
09 Jul 2025 10:53:30,-0.096
09 Jul 2025 10:54:45,-0.002
09 Jul 2025 10:55:30,-0.366
09 Jul 2025 10:55:45,0.101
09 Jul 2025 10:56:00,-0.081
09 Jul 2025 10:56:30,0.034
09 Jul 2025 10:57:15,-0.171
09 Jul 2025 10:57:30,-0.238
09 Jul 2025 10:57:45,-0.175
09 Jul 2025 10:58:00,-0.121
09 Jul 2025 10:58:15,-0.147
09 Jul 2025 10:58:30,-0.350
09 Jul 2025 10:59:15,0.198
09 Jul 2025 11:00:00,0.153
09 Jul 2025 11:00:15,-0.416
09 Jul 2025 11:00:30,0.087
09 Jul 2025 11:00:45,0.515
09 Jul 2025 11:01:15,0.107
09 Jul 2025 11:02:00,0.278
09 Jul 2025 11:02:15,0.344
09 Jul 2025 11:03:45,-0.057
09 Jul 2025 11:04:00,0.390
09 Jul 2025 11:05:45,0.308
09 Jul 2025 11:06:00,0.018
09 Jul 2025 11:06:30,-0.255
09 Jul 2025 11:06:45,-0.035
09 Jul 2025 11:07:30,0.075
09 Jul 2025 11:08:15,0.230
09 Jul 2025 11:08:45,0.138
09 Jul 2025 11:09:00,-0.176
09 Jul 2025 11:09:30,-0.607
09 Jul 2025 11:09:45,0.109
09 Jul 2025 11:10:45,0.407
09 Jul 2025 11:11:00,0.289
09 Jul 2025 11:11:15,-0.032
09 Jul 2025 11:11:45,-0.236
09 Jul 2025 11:12:15,0.134
09 Jul 2025 11:12:45,-0.044
09 Jul 2025 11:13:00,0.043
09 Jul 2025 11:13:15,0.356
09 Jul 2025 11:15:45,0.010
09 Jul 2025 11:16:00,-0.202
09 Jul 2025 11:16:15,0.098
09 Jul 2025 11:16:30,0.209
09 Jul 2025 11:16:45,0.056
09 Jul 2025 11:17:00,0.093
09 Jul 2025 11:17:15,0.339
09 Jul 2025 11:18:15,0.021
09 Jul 2025 11:19:45,0.364
09 Jul 2025 11:20:30,-0.124
09 Jul 2025 11:20:45,0.000
09 Jul 2025 11:21:00,0.317
09 Jul 2025 11:21:15,0.163
09 Jul 2025 11:21:30,0.196
09 Jul 2025 11:22:00,-0.079
09 Jul 2025 11:22:45,0.235
09 Jul 2025 11:23:00,-0.139
09 Jul 2025 11:24:00,0.326
09 Jul 2025 11:24:30,0.012
09 Jul 2025 11:25:00,0.065
09 Jul 2025 11:26:00,0.148
09 Jul 2025 11:26:15,0.329
09 Jul 2025 11:26:30,0.284
09 Jul 2025 11:27:00,-0.179
09 Jul 2025 11:27:15,-0.030
09 Jul 2025 11:28:00,0.137
09 Jul 2025 11:28:45,0.253
09 Jul 2025 11:29:00,-0.159
09 Jul 2025 11:29:15,0.101
09 Jul 2025 11:30:30,-0.023
09 Jul 2025 11:31:00,-0.037
09 Jul 2025 11:31:15,-0.064
09 Jul 2025 11:31:30,0.349
09 Jul 2025 11:32:00,-0.329
09 Jul 2025 11:32:15,-0.112
09 Jul 2025 11:33:30,0.171
09 Jul 2025 11:34:00,0.205
09 Jul 2025 11:34:30,0.288
09 Jul 2025 11:34:45,0.394
09 Jul 2025 11:35:45,-0.282
09 Jul 2025 11:36:00,0.082
09 Jul 2025 11:36:15,0.005
09 Jul 2025 11:37:00,0.170
09 Jul 2025 11:38:45,0.427
09 Jul 2025 11:40:00,-0.015
09 Jul 2025 11:40:15,0.118
09 Jul 2025 11:40:45,-0.313
09 Jul 2025 11:41:00,0.019
09 Jul 2025 11:41:30,-0.098
09 Jul 2025 11:42:15,-0.359
09 Jul 2025 11:42:45,0.135
09 Jul 2025 11:43:00,-0.070
09 Jul 2025 11:43:30,-0.121
09 Jul 2025 11:44:00,0.141
09 Jul 2025 11:44:30,0.001
09 Jul 2025 11:44:45,-0.088
09 Jul 2025 11:45:00,0.045
09 Jul 2025 11:45:15,-0.240
09 Jul 2025 11:45:45,0.043
09 Jul 2025 11:46:00,-0.154
09 Jul 2025 11:46:15,-0.022
09 Jul 2025 11:46:45,-0.377
09 Jul 2025 11:47:45,-0.022
09 Jul 2025 11:48:00,-0.128
09 Jul 2025 11:48:30,0.006
09 Jul 2025 11:48:45,0.422
09 Jul 2025 11:49:30,-0.048
09 Jul 2025 11:49:45,-0.104
09 Jul 2025 11:50:30,-0.142
09 Jul 2025 11:51:45,0.191
09 Jul 2025 11:52:45,-0.115
09 Jul 2025 11:53:00,-0.075
09 Jul 2025 11:53:30,0.312
09 Jul 2025 11:54:00,-0.323
09 Jul 2025 11:54:15,-0.128
09 Jul 2025 11:54:45,0.356
09 Jul 2025 11:55:30,-0.029
09 Jul 2025 11:55:45,0.204
09 Jul 2025 11:56:00,-0.082
09 Jul 2025 11:56:30,0.289
09 Jul 2025 11:59:45,-0.035
09 Jul 2025 12:00:30,-0.028
09 Jul 2025 12:00:45,-0.289
09 Jul 2025 12:01:00,0.306
09 Jul 2025 12:03:45,0.129
09 Jul 2025 12:04:15,-0.134
09 Jul 2025 12:04:45,0.171
09 Jul 2025 12:05:45,0.246
09 Jul 2025 12:06:00,-0.214
09 Jul 2025 12:06:15,0.040
09 Jul 2025 12:06:45,0.145
09 Jul 2025 12:07:15,-0.046
09 Jul 2025 12:07:30,0.081
09 Jul 2025 12:08:00,-0.108
09 Jul 2025 12:08:15,0.043
09 Jul 2025 12:08:30,-0.231
09 Jul 2025 12:09:00,0.232
09 Jul 2025 12:09:15,-0.095
09 Jul 2025 12:09:45,-0.109
09 Jul 2025 12:10:45,-0.123
09 Jul 2025 12:11:30,-0.048
09 Jul 2025 12:11:45,0.062
09 Jul 2025 12:12:00,-0.296
09 Jul 2025 12:12:15,0.171
09 Jul 2025 12:12:30,-0.224
09 Jul 2025 12:13:00,-0.121
09 Jul 2025 12:13:15,-0.117
09 Jul 2025 12:13:45,-0.014
09 Jul 2025 12:14:45,0.084
09 Jul 2025 12:15:00,0.046
09 Jul 2025 12:15:15,-0.001
09 Jul 2025 12:16:00,-0.051
09 Jul 2025 12:16:30,-0.086
09 Jul 2025 12:17:00,-0.071
09 Jul 2025 12:17:15,-0.399
09 Jul 2025 12:18:00,0.461
09 Jul 2025 12:18:45,-0.125
09 Jul 2025 12:19:30,0.043
09 Jul 2025 12:20:15,-0.437
09 Jul 2025 12:20:45,-0.010
09 Jul 2025 12:21:00,0.419
09 Jul 2025 12:21:45,-0.224
09 Jul 2025 12:22:00,0.435
09 Jul 2025 12:22:45,0.170
09 Jul 2025 12:23:15,-0.313
09 Jul 2025 12:23:30,0.250
09 Jul 2025 12:24:00,-0.102
09 Jul 2025 12:24:30,0.201
09 Jul 2025 12:24:45,0.186
09 Jul 2025 12:25:00,0.019
09 Jul 2025 12:25:30,0.079
09 Jul 2025 12:26:30,0.160
09 Jul 2025 12:27:15,-0.139
09 Jul 2025 12:27:45,-0.116
09 Jul 2025 12:28:15,-0.230
09 Jul 2025 12:28:45,-0.336
09 Jul 2025 12:29:30,0.038
09 Jul 2025 12:29:45,-0.176
09 Jul 2025 12:31:00,-0.065
09 Jul 2025 12:31:15,0.068
09 Jul 2025 12:31:30,-0.015
09 Jul 2025 12:31:45,-0.129
09 Jul 2025 12:32:30,0.231
09 Jul 2025 12:33:00,-0.086
09 Jul 2025 12:33:15,0.028
09 Jul 2025 12:35:00,-0.269
09 Jul 2025 12:35:15,0.274
09 Jul 2025 12:35:30,0.376
09 Jul 2025 12:35:45,0.139
09 Jul 2025 12:37:00,0.016
09 Jul 2025 12:38:00,-0.268
09 Jul 2025 12:38:30,0.261
09 Jul 2025 12:38:45,0.149
09 Jul 2025 12:39:45,0.101
09 Jul 2025 12:40:45,-0.110
09 Jul 2025 12:41:00,0.259
09 Jul 2025 12:41:15,0.226
09 Jul 2025 12:41:45,0.165
09 Jul 2025 12:42:00,-0.078
09 Jul 2025 12:42:30,0.002
09 Jul 2025 12:42:45,0.023
09 Jul 2025 12:43:00,0.028
09 Jul 2025 12:43:30,-0.104
09 Jul 2025 12:44:30,-0.198
09 Jul 2025 12:44:45,-0.229
09 Jul 2025 12:45:15,-0.139
09 Jul 2025 12:45:45,-0.012
09 Jul 2025 12:46:30,-0.219
09 Jul 2025 12:47:30,0.010
09 Jul 2025 12:48:30,-0.222
09 Jul 2025 12:48:45,-0.180
09 Jul 2025 12:49:30,-0.229
09 Jul 2025 12:49:45,-0.150
09 Jul 2025 12:50:15,-0.065
09 Jul 2025 12:50:45,-0.228
09 Jul 2025 12:52:00,-0.214
09 Jul 2025 12:52:30,0.036
09 Jul 2025 12:52:45,-0.085
09 Jul 2025 12:53:00,0.176
09 Jul 2025 12:53:15,-0.248
09 Jul 2025 12:53:30,-0.155
09 Jul 2025 12:53:45,0.042
09 Jul 2025 12:54:15,-0.176
09 Jul 2025 12:56:30,0.206
09 Jul 2025 12:57:15,0.096
09 Jul 2025 12:58:30,0.018
09 Jul 2025 12:58:45,-0.072
09 Jul 2025 12:59:00,-0.192
09 Jul 2025 12:59:30,-0.008
09 Jul 2025 12:59:45,-0.147
09 Jul 2025 13:00:45,-0.021
09 Jul 2025 13:01:00,0.077
09 Jul 2025 13:01:45,0.020
09 Jul 2025 13:02:15,0.471
09 Jul 2025 13:02:30,0.021
09 Jul 2025 13:03:00,0.048
09 Jul 2025 13:03:30,-0.204
09 Jul 2025 13:03:45,0.239
09 Jul 2025 13:04:00,-0.141
09 Jul 2025 13:04:15,-0.326
09 Jul 2025 13:04:45,0.087
09 Jul 2025 13:05:00,-0.225
09 Jul 2025 13:05:30,0.118
09 Jul 2025 13:06:00,-0.256
09 Jul 2025 13:06:30,0.207
09 Jul 2025 13:06:45,0.027
09 Jul 2025 13:07:15,-0.041
09 Jul 2025 13:07:30,-0.159
09 Jul 2025 13:08:00,-0.027
09 Jul 2025 13:08:15,0.095
09 Jul 2025 13:08:30,0.260
09 Jul 2025 13:09:00,0.117
09 Jul 2025 13:09:30,-0.217
09 Jul 2025 13:09:45,-0.067
09 Jul 2025 13:10:00,0.032
09 Jul 2025 13:10:15,0.201
09 Jul 2025 13:11:15,-0.178
09 Jul 2025 13:11:45,-0.022
09 Jul 2025 13:12:00,-0.315
09 Jul 2025 13:12:15,0.099
09 Jul 2025 13:12:45,-0.348
09 Jul 2025 13:13:00,-0.031
09 Jul 2025 13:13:15,0.199
09 Jul 2025 13:13:30,0.304
09 Jul 2025 13:13:45,-0.147
09 Jul 2025 13:14:15,0.056
09 Jul 2025 13:14:30,-0.032
09 Jul 2025 13:15:15,0.074
09 Jul 2025 13:15:30,0.004
09 Jul 2025 13:15:45,0.228
09 Jul 2025 13:16:00,0.338
09 Jul 2025 13:16:15,0.190
09 Jul 2025 13:16:45,0.064
09 Jul 2025 13:17:00,0.182
09 Jul 2025 13:18:15,0.083
09 Jul 2025 13:18:30,0.119
09 Jul 2025 13:19:00,0.016
09 Jul 2025 13:19:15,0.061
09 Jul 2025 13:19:30,0.206
09 Jul 2025 13:20:15,0.328
09 Jul 2025 13:20:45,-0.032
09 Jul 2025 13:21:15,-0.314
09 Jul 2025 13:21:30,0.075
09 Jul 2025 13:21:45,-0.277
09 Jul 2025 13:22:00,-0.123
09 Jul 2025 13:22:15,0.190
09 Jul 2025 13:22:30,-0.184
09 Jul 2025 13:22:45,-0.076
09 Jul 2025 13:23:15,0.000
09 Jul 2025 13:24:30,0.285
09 Jul 2025 13:25:00,-0.126
09 Jul 2025 13:25:15,-0.220
09 Jul 2025 13:25:30,-0.067
09 Jul 2025 13:26:00,-0.203
09 Jul 2025 13:26:15,0.167
09 Jul 2025 13:26:45,-0.161
09 Jul 2025 13:27:45,0.070
09 Jul 2025 13:28:30,0.188
09 Jul 2025 13:28:45,-0.058
09 Jul 2025 13:30:00,0.089
09 Jul 2025 13:30:15,-0.111
09 Jul 2025 13:32:00,0.204
09 Jul 2025 13:33:00,-0.153
09 Jul 2025 13:33:15,-0.230
09 Jul 2025 13:33:45,-0.104
09 Jul 2025 13:34:30,0.216
09 Jul 2025 13:35:15,0.137
09 Jul 2025 13:36:30,0.094
09 Jul 2025 13:37:00,-0.198
09 Jul 2025 13:37:30,0.183
09 Jul 2025 13:38:00,-0.007
09 Jul 2025 13:38:15,-0.176
09 Jul 2025 13:38:30,-0.271
09 Jul 2025 13:38:45,-0.144
09 Jul 2025 13:39:00,-0.196
09 Jul 2025 13:39:15,-0.007
09 Jul 2025 13:39:45,-0.157
09 Jul 2025 13:40:00,-0.106
09 Jul 2025 13:40:45,0.251
09 Jul 2025 13:41:00,0.258
09 Jul 2025 13:41:15,-0.290
09 Jul 2025 13:42:00,-0.144
09 Jul 2025 13:42:30,0.038
09 Jul 2025 13:43:30,-0.001
09 Jul 2025 13:43:45,-0.051
09 Jul 2025 13:44:30,0.085
09 Jul 2025 13:45:00,0.237
09 Jul 2025 13:45:30,0.396
09 Jul 2025 13:45:45,0.164
09 Jul 2025 13:46:30,-0.057
09 Jul 2025 13:47:00,0.183
09 Jul 2025 13:47:15,-0.084
09 Jul 2025 13:48:00,0.030
09 Jul 2025 13:48:45,-0.058
09 Jul 2025 13:49:00,-0.136
09 Jul 2025 13:49:15,0.116
09 Jul 2025 13:49:30,0.030
09 Jul 2025 13:49:45,0.179
09 Jul 2025 13:50:45,-0.004
09 Jul 2025 13:51:00,0.095
09 Jul 2025 13:51:15,-0.156
09 Jul 2025 13:51:30,-0.162
09 Jul 2025 13:51:45,0.270
09 Jul 2025 13:52:00,0.041
09 Jul 2025 13:53:00,-0.090
09 Jul 2025 13:53:45,-0.097
09 Jul 2025 13:54:00,0.128
09 Jul 2025 13:54:15,0.040
09 Jul 2025 13:54:30,0.096
09 Jul 2025 13:54:45,-0.138
09 Jul 2025 13:55:00,-0.275
09 Jul 2025 13:55:30,0.099
09 Jul 2025 13:56:15,-0.008
09 Jul 2025 13:56:45,0.144
09 Jul 2025 13:57:15,-0.105
09 Jul 2025 13:57:30,-0.066
09 Jul 2025 13:57:45,0.029
09 Jul 2025 13:58:15,0.050
09 Jul 2025 13:59:15,-0.134
09 Jul 2025 13:59:45,-0.119
09 Jul 2025 14:00:15,0.038
09 Jul 2025 14:00:45,0.119
09 Jul 2025 14:01:30,-0.058
09 Jul 2025 14:01:45,0.000
09 Jul 2025 14:02:00,0.062
09 Jul 2025 14:02:15,0.256
09 Jul 2025 14:02:30,0.119
09 Jul 2025 14:03:15,-0.183
09 Jul 2025 14:03:30,-0.100
09 Jul 2025 14:03:45,-0.030
09 Jul 2025 14:04:00,-0.102
09 Jul 2025 14:04:45,0.271
09 Jul 2025 14:05:30,-0.136
09 Jul 2025 14:06:00,-0.035
09 Jul 2025 14:06:45,0.025
09 Jul 2025 14:07:00,-0.080
09 Jul 2025 14:07:15,-0.140
09 Jul 2025 14:07:45,-0.037
09 Jul 2025 14:08:15,0.116
09 Jul 2025 14:08:45,0.090
09 Jul 2025 14:09:15,-0.123
09 Jul 2025 14:09:45,0.018
09 Jul 2025 14:10:15,-0.310
09 Jul 2025 14:10:45,0.066
09 Jul 2025 14:11:00,-0.090
09 Jul 2025 14:11:30,-0.147
09 Jul 2025 14:11:45,-0.049
09 Jul 2025 14:12:45,0.120
09 Jul 2025 14:13:00,0.241
09 Jul 2025 14:13:30,0.145
09 Jul 2025 14:14:15,-0.160
09 Jul 2025 14:15:30,0.034
09 Jul 2025 14:15:45,0.067
09 Jul 2025 14:16:00,0.030
09 Jul 2025 14:16:15,0.154
09 Jul 2025 14:16:30,-0.056
09 Jul 2025 14:17:00,-0.143
09 Jul 2025 14:17:15,-0.078
09 Jul 2025 14:17:30,0.037
09 Jul 2025 14:17:45,0.041
09 Jul 2025 14:18:30,-0.111
09 Jul 2025 14:19:00,0.127
09 Jul 2025 14:19:30,-0.043
09 Jul 2025 14:19:45,0.142
09 Jul 2025 14:21:45,0.161
09 Jul 2025 14:22:00,0.096
09 Jul 2025 14:23:00,0.076
09 Jul 2025 14:23:30,0.105
09 Jul 2025 14:23:45,-0.096
09 Jul 2025 14:24:30,0.306
09 Jul 2025 14:24:45,0.040
09 Jul 2025 14:25:30,-0.331
09 Jul 2025 14:26:30,0.085
09 Jul 2025 14:26:45,0.102
09 Jul 2025 14:27:00,0.055
09 Jul 2025 14:27:30,-0.306
09 Jul 2025 14:28:00,-0.232
09 Jul 2025 14:28:15,-0.077
09 Jul 2025 14:28:30,0.154
09 Jul 2025 14:28:45,-0.037
09 Jul 2025 14:29:45,0.080
09 Jul 2025 14:30:00,-0.105
09 Jul 2025 14:30:30,-0.086
09 Jul 2025 14:31:00,-0.121
09 Jul 2025 14:31:15,-0.014
09 Jul 2025 14:31:30,-0.134
09 Jul 2025 14:31:45,-0.049
09 Jul 2025 14:32:00,-0.173
09 Jul 2025 14:32:15,-0.251
09 Jul 2025 14:35:15,-0.298
09 Jul 2025 14:35:45,0.082
09 Jul 2025 14:36:00,0.101
09 Jul 2025 14:36:15,-0.070
09 Jul 2025 14:37:00,-0.144
09 Jul 2025 14:37:15,-0.039
09 Jul 2025 14:37:30,-0.129
09 Jul 2025 14:38:00,0.067
09 Jul 2025 14:38:45,-0.107
09 Jul 2025 14:39:00,0.157
09 Jul 2025 14:39:30,-0.008
09 Jul 2025 14:40:15,-0.092
09 Jul 2025 14:40:30,0.108
09 Jul 2025 14:40:45,0.137
09 Jul 2025 14:41:00,0.108
09 Jul 2025 14:41:15,0.019
09 Jul 2025 14:42:00,0.154
09 Jul 2025 14:42:45,-0.027
09 Jul 2025 14:43:30,0.058
09 Jul 2025 14:44:30,0.151
09 Jul 2025 14:44:45,0.148
09 Jul 2025 14:45:00,-0.123
09 Jul 2025 14:45:30,0.235
09 Jul 2025 14:46:30,0.012
09 Jul 2025 14:46:45,0.138
09 Jul 2025 14:47:15,-0.045
09 Jul 2025 14:48:00,0.296
09 Jul 2025 14:48:30,-0.148
09 Jul 2025 14:49:15,0.121
09 Jul 2025 14:49:30,0.057
09 Jul 2025 14:50:30,-0.006
09 Jul 2025 14:51:00,0.208
09 Jul 2025 14:51:30,-0.055
09 Jul 2025 14:51:45,-0.143
09 Jul 2025 14:52:15,-0.105
09 Jul 2025 14:53:00,-0.152
09 Jul 2025 14:53:15,-0.017
09 Jul 2025 14:53:30,-0.187
09 Jul 2025 14:53:45,-0.002
09 Jul 2025 14:55:15,-0.122
09 Jul 2025 14:56:15,0.004
09 Jul 2025 14:56:30,0.150
09 Jul 2025 14:56:45,-0.181
09 Jul 2025 14:57:15,0.070
09 Jul 2025 14:57:45,-0.021
09 Jul 2025 14:58:45,0.041
09 Jul 2025 14:59:15,0.207
09 Jul 2025 14:59:45,0.138
09 Jul 2025 15:01:00,-0.214
09 Jul 2025 15:02:00,0.155
09 Jul 2025 15:02:45,-0.218
09 Jul 2025 15:03:15,-0.143
09 Jul 2025 15:04:00,-0.004
09 Jul 2025 15:04:30,0.226
09 Jul 2025 15:05:30,-0.086
09 Jul 2025 15:05:45,-0.181
09 Jul 2025 15:06:15,0.056
09 Jul 2025 15:07:00,0.185
09 Jul 2025 15:07:15,0.118
09 Jul 2025 15:08:15,0.104
09 Jul 2025 15:08:45,-0.182
09 Jul 2025 15:09:00,0.066
09 Jul 2025 15:09:15,0.191
09 Jul 2025 15:10:15,-0.133
09 Jul 2025 15:10:30,0.003
09 Jul 2025 15:10:45,0.284
09 Jul 2025 15:12:00,0.155
09 Jul 2025 15:12:15,0.259
09 Jul 2025 15:12:30,0.273
09 Jul 2025 15:12:45,0.061
09 Jul 2025 15:13:30,0.053
09 Jul 2025 15:14:15,0.114
09 Jul 2025 15:14:30,0.106
09 Jul 2025 15:14:45,0.066
09 Jul 2025 15:16:45,-0.015
09 Jul 2025 15:17:30,-0.197
09 Jul 2025 15:18:15,-0.026
09 Jul 2025 15:19:00,-0.036
09 Jul 2025 15:19:30,-0.058
09 Jul 2025 15:20:00,0.211
09 Jul 2025 15:20:15,0.305
09 Jul 2025 15:20:30,0.195
09 Jul 2025 15:20:45,0.228
09 Jul 2025 15:21:15,0.174
09 Jul 2025 15:23:00,0.079
09 Jul 2025 15:23:30,0.135
09 Jul 2025 15:23:45,0.301
09 Jul 2025 15:24:00,0.178
09 Jul 2025 15:24:15,-0.097
09 Jul 2025 15:24:30,-0.048
09 Jul 2025 15:24:45,-0.065
09 Jul 2025 15:25:00,0.065
09 Jul 2025 15:25:30,0.115
09 Jul 2025 15:26:15,-0.098
09 Jul 2025 15:26:30,-0.077
09 Jul 2025 15:26:45,-0.101
09 Jul 2025 15:27:00,-0.014
09 Jul 2025 15:27:30,0.074
09 Jul 2025 15:27:45,0.246
09 Jul 2025 15:28:00,0.127
09 Jul 2025 15:28:45,-0.037
09 Jul 2025 15:29:00,0.128
09 Jul 2025 15:29:30,0.353
09 Jul 2025 15:29:45,0.060
09 Jul 2025 15:30:15,0.323
09 Jul 2025 15:30:30,0.132
09 Jul 2025 15:30:45,0.004
09 Jul 2025 15:31:00,-0.083
09 Jul 2025 15:31:15,-0.156
09 Jul 2025 15:32:00,0.011
09 Jul 2025 15:33:00,-0.132
09 Jul 2025 15:35:15,0.063
09 Jul 2025 15:35:30,0.165
09 Jul 2025 15:36:15,0.098
09 Jul 2025 15:36:45,-0.033
09 Jul 2025 15:37:30,0.032
09 Jul 2025 15:37:45,-0.169
09 Jul 2025 15:38:00,0.190
09 Jul 2025 15:38:15,-0.062
09 Jul 2025 15:40:00,0.023
09 Jul 2025 15:40:30,0.040
09 Jul 2025 15:41:00,0.036
09 Jul 2025 15:41:15,-0.044
09 Jul 2025 15:42:00,0.134
09 Jul 2025 15:42:15,0.137
09 Jul 2025 15:42:45,-0.177
09 Jul 2025 15:43:15,0.109
09 Jul 2025 15:43:45,0.273
09 Jul 2025 15:44:00,0.022
09 Jul 2025 15:45:30,0.215
09 Jul 2025 15:45:45,-0.004
09 Jul 2025 15:46:30,-0.096
09 Jul 2025 15:46:45,-0.086
09 Jul 2025 15:47:00,0.090
09 Jul 2025 15:47:15,0.148
09 Jul 2025 15:48:30,0.006
09 Jul 2025 15:49:00,0.128
09 Jul 2025 15:49:15,-0.111
09 Jul 2025 15:49:45,0.088
09 Jul 2025 15:50:00,0.201
09 Jul 2025 15:50:15,0.170
09 Jul 2025 15:51:15,0.119
09 Jul 2025 15:52:00,0.175
09 Jul 2025 15:52:45,0.200
09 Jul 2025 15:53:00,0.156
09 Jul 2025 15:53:15,0.242
09 Jul 2025 15:53:30,0.189
09 Jul 2025 15:54:00,0.095
09 Jul 2025 15:54:15,0.024
09 Jul 2025 15:54:30,0.002
09 Jul 2025 15:54:45,0.180
09 Jul 2025 15:55:30,0.031
09 Jul 2025 15:56:15,0.048
09 Jul 2025 15:57:00,0.276
09 Jul 2025 15:57:15,0.111
09 Jul 2025 15:58:45,0.172
09 Jul 2025 15:59:15,0.095
09 Jul 2025 15:59:45,0.136
09 Jul 2025 16:00:00,0.104
09 Jul 2025 16:00:15,0.176
09 Jul 2025 16:00:30,-0.043
09 Jul 2025 16:00:45,-0.030
09 Jul 2025 16:01:00,0.170
09 Jul 2025 16:01:15,0.103
09 Jul 2025 16:02:30,0.193
09 Jul 2025 16:02:45,0.149
09 Jul 2025 16:03:00,-0.058
09 Jul 2025 16:03:15,0.034
09 Jul 2025 16:04:15,0.125
09 Jul 2025 16:04:30,0.215
09 Jul 2025 16:05:45,0.226
09 Jul 2025 16:06:15,0.042
09 Jul 2025 16:08:15,0.062
09 Jul 2025 16:08:30,-0.020
09 Jul 2025 16:09:00,0.164
09 Jul 2025 16:09:15,-0.008
09 Jul 2025 16:09:45,0.106
09 Jul 2025 16:10:00,0.026
09 Jul 2025 16:11:15,0.186
09 Jul 2025 16:11:30,-0.017
09 Jul 2025 16:11:45,-0.023
09 Jul 2025 16:12:15,-0.094
09 Jul 2025 16:12:45,0.070
09 Jul 2025 16:13:00,0.233
09 Jul 2025 16:13:15,0.148
09 Jul 2025 16:13:45,0.005
09 Jul 2025 16:14:00,0.094
09 Jul 2025 16:14:15,0.123
09 Jul 2025 16:14:30,0.103
09 Jul 2025 16:15:30,0.069
09 Jul 2025 16:16:00,0.193
09 Jul 2025 16:16:15,0.225
09 Jul 2025 16:16:45,-0.018
09 Jul 2025 16:17:15,0.095
09 Jul 2025 16:17:30,0.183
09 Jul 2025 16:18:00,-0.073
09 Jul 2025 16:18:15,0.090
09 Jul 2025 16:18:30,-0.104
09 Jul 2025 16:19:00,-0.080
09 Jul 2025 16:20:00,0.250
09 Jul 2025 16:20:45,0.223
09 Jul 2025 16:21:00,0.188
09 Jul 2025 16:21:15,0.146
09 Jul 2025 16:21:30,0.020
09 Jul 2025 16:22:45,0.169
09 Jul 2025 16:23:45,-0.088
09 Jul 2025 16:24:15,0.110
09 Jul 2025 16:24:45,0.065
09 Jul 2025 16:25:30,0.082
09 Jul 2025 16:26:00,0.057
09 Jul 2025 16:27:00,-0.062
09 Jul 2025 16:28:00,-0.105
09 Jul 2025 16:28:30,-0.025
09 Jul 2025 16:28:45,0.124
09 Jul 2025 16:29:00,0.096
09 Jul 2025 16:29:15,-0.037
09 Jul 2025 16:29:30,0.035
09 Jul 2025 16:30:00,-0.035
09 Jul 2025 16:30:30,-0.019
09 Jul 2025 16:30:45,-0.004
09 Jul 2025 16:31:15,-0.036
09 Jul 2025 16:31:45,0.146
09 Jul 2025 16:32:00,0.190
09 Jul 2025 16:32:30,0.216
09 Jul 2025 16:33:00,-0.002
09 Jul 2025 16:33:30,0.001
09 Jul 2025 16:33:45,0.044
09 Jul 2025 16:35:15,0.145
09 Jul 2025 16:35:45,-0.011
09 Jul 2025 16:36:30,0.121
09 Jul 2025 16:37:30,0.064
09 Jul 2025 16:37:45,0.034
09 Jul 2025 16:38:00,0.087
09 Jul 2025 16:38:15,-0.008
09 Jul 2025 16:38:30,0.143
09 Jul 2025 16:38:45,0.130
09 Jul 2025 16:39:30,-0.026
09 Jul 2025 16:40:15,0.060
09 Jul 2025 16:41:00,0.119
09 Jul 2025 16:41:15,0.143
09 Jul 2025 16:41:30,0.181
09 Jul 2025 16:41:45,0.232
09 Jul 2025 16:42:15,0.237
09 Jul 2025 16:42:30,0.004
09 Jul 2025 16:42:45,0.064
09 Jul 2025 16:43:30,-0.043
09 Jul 2025 16:44:00,0.041
09 Jul 2025 16:44:15,0.019
09 Jul 2025 16:44:30,0.101
09 Jul 2025 16:45:00,0.067
09 Jul 2025 16:45:15,0.046
09 Jul 2025 16:47:00,0.121
09 Jul 2025 16:47:15,0.221
09 Jul 2025 16:47:45,0.200
09 Jul 2025 16:48:00,0.250
09 Jul 2025 16:48:45,0.341
09 Jul 2025 16:49:30,0.143
09 Jul 2025 16:50:15,0.211
09 Jul 2025 16:50:45,0.306
09 Jul 2025 16:51:30,0.159
09 Jul 2025 16:52:15,0.214
09 Jul 2025 16:52:45,0.165
09 Jul 2025 16:54:30,0.049
09 Jul 2025 16:55:15,0.144
09 Jul 2025 16:56:00,0.044
09 Jul 2025 16:56:15,0.175
09 Jul 2025 16:57:00,-0.061
09 Jul 2025 16:57:15,-0.044
09 Jul 2025 16:57:30,0.096
09 Jul 2025 16:57:45,0.117
09 Jul 2025 16:58:00,0.081
09 Jul 2025 16:58:15,0.138
09 Jul 2025 16:58:45,-0.052
09 Jul 2025 16:59:00,0.084
09 Jul 2025 16:59:15,0.080
09 Jul 2025 16:59:30,0.066
09 Jul 2025 16:59:45,0.075
09 Jul 2025 17:00:00,0.043
09 Jul 2025 17:00:15,0.042
09 Jul 2025 17:00:30,0.088
09 Jul 2025 17:00:45,0.200
09 Jul 2025 17:01:00,0.218
09 Jul 2025 17:01:15,0.080
09 Jul 2025 17:01:30,0.148
09 Jul 2025 17:02:45,0.200
09 Jul 2025 17:03:15,0.051
09 Jul 2025 17:03:45,0.041
09 Jul 2025 17:04:00,0.098
09 Jul 2025 17:04:15,0.010
09 Jul 2025 17:04:45,0.238
09 Jul 2025 17:05:00,0.058
09 Jul 2025 17:05:30,0.121
09 Jul 2025 17:05:45,0.100
09 Jul 2025 17:06:00,0.203
09 Jul 2025 17:06:15,0.125
09 Jul 2025 17:06:30,0.228
09 Jul 2025 17:06:45,0.140
09 Jul 2025 17:07:15,0.109
09 Jul 2025 17:07:30,0.064
09 Jul 2025 17:07:45,0.025
09 Jul 2025 17:08:00,0.070
09 Jul 2025 17:09:30,-0.059
09 Jul 2025 17:10:00,0.059
09 Jul 2025 17:10:15,0.074
09 Jul 2025 17:10:45,0.044
09 Jul 2025 17:11:00,0.067
09 Jul 2025 17:11:15,0.257
09 Jul 2025 17:15:00,0.111
09 Jul 2025 17:15:15,0.062
09 Jul 2025 17:15:30,0.117
09 Jul 2025 17:16:15,-0.012
09 Jul 2025 17:16:45,0.048
09 Jul 2025 17:17:00,0.187
09 Jul 2025 17:17:30,0.146
09 Jul 2025 17:17:45,0.258
09 Jul 2025 17:18:00,0.134
09 Jul 2025 17:18:30,0.163
09 Jul 2025 17:19:00,-0.102
09 Jul 2025 17:19:15,0.139
09 Jul 2025 17:19:45,0.102
09 Jul 2025 17:20:30,0.217
09 Jul 2025 17:20:45,0.166
09 Jul 2025 17:21:15,0.240
09 Jul 2025 17:21:30,0.142
09 Jul 2025 17:21:45,0.178
09 Jul 2025 17:22:00,0.255
09 Jul 2025 17:22:30,0.248
09 Jul 2025 17:22:45,0.240
09 Jul 2025 17:23:15,0.303
09 Jul 2025 17:23:30,0.266
09 Jul 2025 17:24:00,-0.056
09 Jul 2025 17:24:15,0.062
09 Jul 2025 17:24:30,0.181
09 Jul 2025 17:24:45,0.016
09 Jul 2025 17:25:00,0.190
09 Jul 2025 17:25:15,-0.004
09 Jul 2025 17:25:30,0.169
09 Jul 2025 17:26:45,-0.116
09 Jul 2025 17:27:00,0.171
09 Jul 2025 17:27:30,0.333
09 Jul 2025 17:28:15,-0.029
09 Jul 2025 17:28:30,0.233
09 Jul 2025 17:29:00,0.000
09 Jul 2025 17:29:15,0.008
09 Jul 2025 17:29:30,0.015
09 Jul 2025 17:29:45,0.094
09 Jul 2025 17:30:00,0.092
09 Jul 2025 17:30:15,0.246
09 Jul 2025 17:30:30,0.123
09 Jul 2025 17:30:45,0.176
09 Jul 2025 17:31:00,0.210
09 Jul 2025 17:31:30,0.246
09 Jul 2025 17:31:45,0.189
09 Jul 2025 17:32:00,0.158
09 Jul 2025 17:33:00,0.052
09 Jul 2025 17:33:30,0.075
09 Jul 2025 17:33:45,0.029
09 Jul 2025 17:34:15,0.405
09 Jul 2025 17:35:15,0.282
09 Jul 2025 17:36:00,0.166
09 Jul 2025 17:36:15,0.121
09 Jul 2025 17:36:30,0.178
09 Jul 2025 17:37:00,0.176
09 Jul 2025 17:37:45,0.104
09 Jul 2025 17:38:00,0.089
09 Jul 2025 17:38:45,0.133
09 Jul 2025 17:39:00,0.151
09 Jul 2025 17:39:30,0.185
09 Jul 2025 17:40:15,0.034
09 Jul 2025 17:41:00,0.245
09 Jul 2025 17:42:00,0.171
09 Jul 2025 17:42:30,0.138
09 Jul 2025 17:43:15,0.045
09 Jul 2025 17:43:30,0.201
09 Jul 2025 17:44:00,0.156
09 Jul 2025 17:44:15,0.130
09 Jul 2025 17:44:30,0.141
09 Jul 2025 17:44:45,0.108
09 Jul 2025 17:45:15,0.134
09 Jul 2025 17:45:45,0.208
09 Jul 2025 17:46:00,0.151
09 Jul 2025 17:46:15,0.082
09 Jul 2025 17:46:45,0.093
09 Jul 2025 17:47:30,0.056
09 Jul 2025 17:47:45,0.201
09 Jul 2025 17:48:30,0.111
09 Jul 2025 17:49:00,0.270
09 Jul 2025 17:49:15,-0.011
09 Jul 2025 17:49:45,0.044
09 Jul 2025 17:50:00,0.186
09 Jul 2025 17:50:15,0.086
09 Jul 2025 17:51:00,0.319
09 Jul 2025 17:51:15,0.035
09 Jul 2025 17:52:15,0.099
09 Jul 2025 17:52:45,0.245
09 Jul 2025 17:53:15,0.145
09 Jul 2025 17:53:30,0.345
09 Jul 2025 17:53:45,-0.084
09 Jul 2025 17:54:15,0.292
09 Jul 2025 17:54:30,0.225
09 Jul 2025 17:55:00,0.032
09 Jul 2025 17:55:30,0.220
09 Jul 2025 17:56:15,0.290
09 Jul 2025 17:56:30,0.227
09 Jul 2025 17:57:15,0.191
09 Jul 2025 17:57:30,0.056
09 Jul 2025 17:57:45,0.176
09 Jul 2025 17:58:45,0.101
09 Jul 2025 17:59:00,0.270
09 Jul 2025 17:59:45,0.022
09 Jul 2025 18:00:00,0.150
09 Jul 2025 18:00:45,0.133
09 Jul 2025 18:01:15,0.284
09 Jul 2025 18:02:15,0.184
09 Jul 2025 18:02:30,0.260
09 Jul 2025 18:03:15,0.304
09 Jul 2025 18:03:45,0.043
09 Jul 2025 18:05:00,0.153
09 Jul 2025 18:05:30,0.037
09 Jul 2025 18:06:00,0.266
09 Jul 2025 18:06:15,0.154
09 Jul 2025 18:06:30,0.153
09 Jul 2025 18:06:45,0.287
09 Jul 2025 18:07:15,0.254
09 Jul 2025 18:07:30,0.046
09 Jul 2025 18:08:15,0.160
09 Jul 2025 18:09:30,0.334
09 Jul 2025 18:10:00,0.180
09 Jul 2025 18:10:15,0.242
09 Jul 2025 18:10:30,-0.010
09 Jul 2025 18:11:00,0.205
09 Jul 2025 18:11:30,0.102
09 Jul 2025 18:11:45,0.104
09 Jul 2025 18:12:00,0.066
09 Jul 2025 18:12:15,0.131
09 Jul 2025 18:12:30,0.236
09 Jul 2025 18:13:30,0.125
09 Jul 2025 18:14:15,0.132
09 Jul 2025 18:14:30,0.159
09 Jul 2025 18:14:45,0.267
09 Jul 2025 18:15:00,0.119
09 Jul 2025 18:15:15,0.123
09 Jul 2025 18:15:45,0.211
09 Jul 2025 18:16:00,0.237
09 Jul 2025 18:16:15,0.198
09 Jul 2025 18:17:15,0.379
09 Jul 2025 18:17:45,0.257
09 Jul 2025 18:18:30,0.036
09 Jul 2025 18:20:00,0.273
09 Jul 2025 18:20:45,0.142
09 Jul 2025 18:21:00,0.095
09 Jul 2025 18:21:15,0.286
09 Jul 2025 18:21:30,0.180
09 Jul 2025 18:22:00,0.145
09 Jul 2025 18:23:00,0.368
09 Jul 2025 18:23:45,0.069
09 Jul 2025 18:24:00,0.218
09 Jul 2025 18:25:30,0.197
09 Jul 2025 18:26:15,0.228
09 Jul 2025 18:26:30,0.272
09 Jul 2025 18:26:45,0.151
09 Jul 2025 18:27:00,0.211
09 Jul 2025 18:29:15,0.302
09 Jul 2025 18:29:30,0.246
09 Jul 2025 18:29:45,0.233
09 Jul 2025 18:30:00,0.017
09 Jul 2025 18:30:15,0.061
09 Jul 2025 18:31:00,0.330
09 Jul 2025 18:31:30,0.294
09 Jul 2025 18:32:30,0.217
09 Jul 2025 18:33:00,0.052
09 Jul 2025 18:33:15,0.142
09 Jul 2025 18:33:30,0.158
09 Jul 2025 18:34:15,0.339
09 Jul 2025 18:34:30,0.260
09 Jul 2025 18:34:45,0.127
09 Jul 2025 18:35:30,0.101
09 Jul 2025 18:35:45,0.287
09 Jul 2025 18:36:30,0.142
09 Jul 2025 18:36:45,0.062
09 Jul 2025 18:37:00,0.055
09 Jul 2025 18:37:15,0.096
09 Jul 2025 18:37:45,0.306
09 Jul 2025 18:38:00,0.166
09 Jul 2025 18:38:30,0.223
09 Jul 2025 18:39:30,0.251
09 Jul 2025 18:39:45,0.170
09 Jul 2025 18:40:00,0.202
09 Jul 2025 18:40:15,0.255
09 Jul 2025 18:40:30,0.104
09 Jul 2025 18:40:45,0.240
09 Jul 2025 18:41:45,0.105
09 Jul 2025 18:42:30,0.262
09 Jul 2025 18:42:45,0.086
09 Jul 2025 18:43:15,0.280
09 Jul 2025 18:43:30,0.370
09 Jul 2025 18:44:00,0.182
09 Jul 2025 18:44:30,-0.014
09 Jul 2025 18:44:45,0.199
09 Jul 2025 18:45:00,0.295
09 Jul 2025 18:45:15,0.118
09 Jul 2025 18:45:30,0.118
09 Jul 2025 18:45:45,0.182
09 Jul 2025 18:47:15,0.304
09 Jul 2025 18:47:30,0.114
09 Jul 2025 18:48:00,0.268
09 Jul 2025 18:48:45,0.144
09 Jul 2025 18:50:00,0.008
09 Jul 2025 18:50:30,0.215
09 Jul 2025 18:51:00,0.201
09 Jul 2025 18:51:30,0.298
09 Jul 2025 18:52:30,0.125
09 Jul 2025 18:53:30,0.102
09 Jul 2025 18:54:15,0.104
09 Jul 2025 18:54:45,0.256
09 Jul 2025 18:55:30,0.160
09 Jul 2025 18:56:30,0.164
09 Jul 2025 18:57:15,0.024
09 Jul 2025 18:57:30,0.301
09 Jul 2025 18:57:45,0.106
09 Jul 2025 18:58:00,0.187
09 Jul 2025 18:58:15,0.205
09 Jul 2025 18:58:30,0.118
09 Jul 2025 18:59:00,0.274
09 Jul 2025 18:59:30,0.043
09 Jul 2025 19:00:00,0.186
09 Jul 2025 19:00:15,0.144
09 Jul 2025 19:00:30,0.118
09 Jul 2025 19:01:30,0.084
09 Jul 2025 19:02:00,0.188
09 Jul 2025 19:03:00,0.195
09 Jul 2025 19:03:30,0.188
09 Jul 2025 19:04:00,0.148
09 Jul 2025 19:04:45,0.077
09 Jul 2025 19:05:15,0.226
09 Jul 2025 19:06:00,0.194
09 Jul 2025 19:07:00,0.230
09 Jul 2025 19:07:15,0.202
09 Jul 2025 19:07:30,0.225
09 Jul 2025 19:08:15,0.042
09 Jul 2025 19:09:15,0.204
09 Jul 2025 19:09:30,0.290
09 Jul 2025 19:11:15,0.226
09 Jul 2025 19:12:00,0.178
09 Jul 2025 19:12:45,0.215
09 Jul 2025 19:13:00,0.251
09 Jul 2025 19:13:45,0.051
09 Jul 2025 19:14:15,0.549
09 Jul 2025 19:14:30,0.176
09 Jul 2025 19:15:30,0.252
09 Jul 2025 19:15:45,0.252
09 Jul 2025 19:16:15,0.184
09 Jul 2025 19:16:30,0.127
09 Jul 2025 19:17:00,0.187
09 Jul 2025 19:17:30,0.244
09 Jul 2025 19:17:45,0.338
09 Jul 2025 19:18:15,0.230
09 Jul 2025 19:18:45,0.176
09 Jul 2025 19:19:15,0.278
09 Jul 2025 19:19:45,0.157
09 Jul 2025 19:20:00,0.282
09 Jul 2025 19:20:15,0.287
09 Jul 2025 19:21:30,0.272
09 Jul 2025 19:22:00,0.199
09 Jul 2025 19:22:15,0.262
09 Jul 2025 19:23:15,0.189
09 Jul 2025 19:24:00,0.235
09 Jul 2025 19:25:00,0.235
09 Jul 2025 19:25:30,0.200
09 Jul 2025 19:25:45,0.343
09 Jul 2025 19:26:00,0.073
09 Jul 2025 19:26:15,0.148
09 Jul 2025 19:26:45,0.166
09 Jul 2025 19:27:00,0.252
09 Jul 2025 19:27:30,0.223
09 Jul 2025 19:27:45,0.248
09 Jul 2025 19:28:00,0.145
09 Jul 2025 19:28:15,0.209
09 Jul 2025 19:28:30,0.175
09 Jul 2025 19:28:45,0.112
09 Jul 2025 19:29:00,0.391
09 Jul 2025 19:29:30,0.256
09 Jul 2025 19:30:15,0.350
09 Jul 2025 19:30:30,0.163
09 Jul 2025 19:31:00,0.136
09 Jul 2025 19:31:15,0.192
09 Jul 2025 19:31:45,0.313
09 Jul 2025 19:32:00,0.227
09 Jul 2025 19:32:15,0.321
09 Jul 2025 19:32:30,0.278
09 Jul 2025 19:32:45,0.164
09 Jul 2025 19:33:30,0.115
09 Jul 2025 19:33:45,0.260
09 Jul 2025 19:34:00,0.316
09 Jul 2025 19:34:15,0.249
09 Jul 2025 19:35:00,0.340
09 Jul 2025 19:35:15,0.181
09 Jul 2025 19:36:00,0.183
09 Jul 2025 19:36:30,0.080
09 Jul 2025 19:37:30,0.255
09 Jul 2025 19:38:15,0.297
09 Jul 2025 19:38:30,0.334
09 Jul 2025 19:38:45,0.161
09 Jul 2025 19:39:00,0.223
09 Jul 2025 19:39:15,0.367
09 Jul 2025 19:39:30,0.041
09 Jul 2025 19:40:00,0.336
09 Jul 2025 19:40:15,0.284
09 Jul 2025 19:40:30,0.194
09 Jul 2025 19:40:45,0.253
09 Jul 2025 19:41:00,0.244
09 Jul 2025 19:41:15,0.224
09 Jul 2025 19:41:45,0.286
09 Jul 2025 19:42:15,0.290
09 Jul 2025 19:43:00,0.225
09 Jul 2025 19:43:15,0.127
09 Jul 2025 19:43:45,0.025
09 Jul 2025 19:44:15,0.124
09 Jul 2025 19:45:15,0.311
09 Jul 2025 19:46:15,0.176
09 Jul 2025 19:46:30,0.074
09 Jul 2025 19:46:45,0.367
09 Jul 2025 19:47:00,0.115
09 Jul 2025 19:47:15,0.218
09 Jul 2025 19:47:30,0.306
09 Jul 2025 19:47:45,0.301
09 Jul 2025 19:49:15,0.098
09 Jul 2025 19:49:45,0.239
09 Jul 2025 19:50:00,0.109
09 Jul 2025 19:50:45,0.296
09 Jul 2025 19:51:45,0.421
09 Jul 2025 19:52:00,0.237
09 Jul 2025 19:52:15,0.226
09 Jul 2025 19:52:30,0.096
09 Jul 2025 19:53:00,0.097
09 Jul 2025 19:53:15,0.167
09 Jul 2025 19:53:30,0.325
09 Jul 2025 19:53:45,0.189
09 Jul 2025 19:54:00,0.437
09 Jul 2025 19:54:15,0.236
09 Jul 2025 19:54:45,0.196
09 Jul 2025 19:55:00,0.247
09 Jul 2025 19:55:15,0.202
09 Jul 2025 19:55:45,0.159
09 Jul 2025 19:56:00,0.286
09 Jul 2025 19:56:30,0.352
09 Jul 2025 19:58:45,0.078
09 Jul 2025 19:59:00,0.219
09 Jul 2025 19:59:45,0.291
09 Jul 2025 20:00:00,0.138
09 Jul 2025 20:01:00,0.263
09 Jul 2025 20:01:30,0.137
09 Jul 2025 20:01:45,0.132
09 Jul 2025 20:02:00,0.286
09 Jul 2025 20:02:30,0.226
09 Jul 2025 20:02:45,0.441
09 Jul 2025 20:03:30,0.282
09 Jul 2025 20:03:45,0.207
09 Jul 2025 20:04:15,0.349
09 Jul 2025 20:04:30,0.227
09 Jul 2025 20:05:15,0.236
09 Jul 2025 20:05:30,0.314
09 Jul 2025 20:05:45,0.177
09 Jul 2025 20:06:15,0.177
09 Jul 2025 20:07:00,0.245
09 Jul 2025 20:08:15,0.161
09 Jul 2025 20:08:30,0.366
09 Jul 2025 20:08:45,0.290
09 Jul 2025 20:09:00,0.345
09 Jul 2025 20:09:15,0.110
09 Jul 2025 20:09:30,0.323
09 Jul 2025 20:10:45,0.285
09 Jul 2025 20:11:30,0.171
09 Jul 2025 20:11:45,0.272
09 Jul 2025 20:12:00,0.131
09 Jul 2025 20:13:00,0.230
09 Jul 2025 20:13:15,0.198
09 Jul 2025 20:14:00,0.205
09 Jul 2025 20:14:15,0.198
09 Jul 2025 20:14:30,0.118
09 Jul 2025 20:15:30,0.286
09 Jul 2025 20:16:45,0.166
09 Jul 2025 20:17:00,0.219
09 Jul 2025 20:17:15,-0.007
09 Jul 2025 20:17:45,0.204
09 Jul 2025 20:18:00,0.246
09 Jul 2025 20:18:30,0.226
09 Jul 2025 20:19:00,0.327
09 Jul 2025 20:19:15,0.240
09 Jul 2025 20:19:30,0.134
09 Jul 2025 20:20:00,0.187
09 Jul 2025 20:21:15,0.270
09 Jul 2025 20:21:30,0.227
09 Jul 2025 20:23:15,0.237
09 Jul 2025 20:24:15,0.284
09 Jul 2025 20:24:45,0.261
09 Jul 2025 20:25:00,0.341
09 Jul 2025 20:25:15,0.270
09 Jul 2025 20:25:45,0.192
09 Jul 2025 20:26:15,0.234
09 Jul 2025 20:26:45,0.242
09 Jul 2025 20:27:00,0.312
09 Jul 2025 20:28:00,0.331
09 Jul 2025 20:28:30,0.350
09 Jul 2025 20:29:00,0.192
09 Jul 2025 20:29:15,0.285
09 Jul 2025 20:29:30,0.183
09 Jul 2025 20:30:15,0.216
09 Jul 2025 20:30:45,0.359
09 Jul 2025 20:31:00,0.355
09 Jul 2025 20:31:45,0.260
09 Jul 2025 20:32:30,0.171
09 Jul 2025 20:32:45,0.354
09 Jul 2025 20:33:15,0.247
09 Jul 2025 20:33:45,0.273
09 Jul 2025 20:34:00,0.282
09 Jul 2025 20:35:00,0.186
09 Jul 2025 20:35:45,0.163
09 Jul 2025 20:36:00,0.271
09 Jul 2025 20:36:15,0.295
09 Jul 2025 20:38:15,0.366
09 Jul 2025 20:38:30,0.046
09 Jul 2025 20:39:00,0.318
09 Jul 2025 20:40:15,0.266
09 Jul 2025 20:40:30,0.246
09 Jul 2025 20:41:00,0.333
09 Jul 2025 20:41:15,0.270
09 Jul 2025 20:42:15,0.253
09 Jul 2025 20:42:45,0.171
09 Jul 2025 20:43:00,0.253
09 Jul 2025 20:44:15,0.148
09 Jul 2025 20:44:45,0.145
09 Jul 2025 20:45:15,0.206
09 Jul 2025 20:46:30,0.281
09 Jul 2025 20:47:00,0.366
09 Jul 2025 20:47:30,0.262
09 Jul 2025 20:47:45,0.335
09 Jul 2025 20:48:15,0.194
09 Jul 2025 20:49:15,0.191
09 Jul 2025 20:50:45,0.251
09 Jul 2025 20:51:00,0.298
09 Jul 2025 20:51:45,0.148
09 Jul 2025 20:52:30,0.132
09 Jul 2025 20:52:45,0.390
09 Jul 2025 20:53:00,0.260
09 Jul 2025 20:53:45,0.236
09 Jul 2025 20:54:00,0.160
09 Jul 2025 20:54:15,0.088
09 Jul 2025 20:54:45,0.151
09 Jul 2025 20:55:15,0.246
09 Jul 2025 20:55:45,0.155
09 Jul 2025 20:56:30,0.230
09 Jul 2025 20:56:45,0.204
09 Jul 2025 20:58:15,0.213
09 Jul 2025 20:58:45,0.245
09 Jul 2025 20:59:45,0.240
09 Jul 2025 21:00:00,0.114
09 Jul 2025 21:00:45,0.283
09 Jul 2025 21:01:15,0.257
09 Jul 2025 21:03:15,0.266
09 Jul 2025 21:03:30,0.159
09 Jul 2025 21:04:30,0.161
09 Jul 2025 21:05:30,0.173
09 Jul 2025 21:05:45,0.132
09 Jul 2025 21:06:00,0.203
09 Jul 2025 21:07:15,0.318
09 Jul 2025 21:07:30,0.234
09 Jul 2025 21:07:45,0.244
09 Jul 2025 21:11:00,0.220
09 Jul 2025 21:12:00,0.357
09 Jul 2025 21:12:30,0.173
09 Jul 2025 21:12:45,0.320
09 Jul 2025 21:13:15,0.184
09 Jul 2025 21:14:00,0.264
09 Jul 2025 21:14:30,0.201
09 Jul 2025 21:14:45,0.214
09 Jul 2025 21:15:00,0.199
09 Jul 2025 21:15:15,0.385
09 Jul 2025 21:16:00,0.221
09 Jul 2025 21:16:15,0.209
09 Jul 2025 21:17:30,0.254
09 Jul 2025 21:19:00,0.163
09 Jul 2025 21:19:15,0.221
09 Jul 2025 21:19:30,0.129
09 Jul 2025 21:19:45,0.375
09 Jul 2025 21:20:00,0.280
09 Jul 2025 21:20:15,0.102
09 Jul 2025 21:20:45,0.167
09 Jul 2025 21:21:30,0.183
09 Jul 2025 21:21:45,0.283
09 Jul 2025 21:22:15,0.130
09 Jul 2025 21:22:45,0.125
09 Jul 2025 21:23:30,0.190
09 Jul 2025 21:24:15,0.189
09 Jul 2025 21:24:45,0.337
09 Jul 2025 21:25:15,0.305
09 Jul 2025 21:25:45,0.223
09 Jul 2025 21:26:00,0.060
09 Jul 2025 21:26:30,0.209
09 Jul 2025 21:26:45,-0.007
09 Jul 2025 21:27:15,0.258
09 Jul 2025 21:27:45,0.101
09 Jul 2025 21:28:45,0.137
09 Jul 2025 21:30:15,0.254
09 Jul 2025 21:31:15,0.144
09 Jul 2025 21:32:00,0.190
09 Jul 2025 21:32:45,0.435
09 Jul 2025 21:34:30,0.135
09 Jul 2025 21:35:00,0.143
09 Jul 2025 21:36:15,0.107
09 Jul 2025 21:36:45,0.245
09 Jul 2025 21:38:00,0.121
09 Jul 2025 21:38:15,0.157
09 Jul 2025 21:38:30,0.174
09 Jul 2025 21:38:45,0.277
09 Jul 2025 21:39:15,0.319
09 Jul 2025 21:39:30,0.214
09 Jul 2025 21:40:30,0.233
09 Jul 2025 21:41:00,0.171
09 Jul 2025 21:42:15,0.224
09 Jul 2025 21:42:45,0.215
09 Jul 2025 21:43:15,0.249
09 Jul 2025 21:43:45,0.147
09 Jul 2025 21:44:15,0.315
09 Jul 2025 21:44:30,0.142
09 Jul 2025 21:45:15,0.118
09 Jul 2025 21:45:45,0.196
09 Jul 2025 21:46:00,0.204
09 Jul 2025 21:46:45,0.286
09 Jul 2025 21:47:00,0.188
09 Jul 2025 21:47:15,0.128
09 Jul 2025 21:47:30,0.134
09 Jul 2025 21:48:15,0.144
09 Jul 2025 21:48:30,0.210
09 Jul 2025 21:49:00,0.115
09 Jul 2025 21:51:00,0.263
09 Jul 2025 21:51:45,0.163
09 Jul 2025 21:52:45,0.091
09 Jul 2025 21:53:15,0.143
09 Jul 2025 21:55:15,0.088
09 Jul 2025 21:55:30,0.261
09 Jul 2025 21:55:45,0.205
09 Jul 2025 21:56:15,0.188
09 Jul 2025 21:56:30,0.062
09 Jul 2025 21:56:45,0.092
09 Jul 2025 21:57:00,0.138
09 Jul 2025 21:57:30,0.266
09 Jul 2025 21:57:45,0.255
09 Jul 2025 21:58:00,0.188
09 Jul 2025 21:58:15,0.167
09 Jul 2025 21:58:45,0.143
09 Jul 2025 21:59:00,0.234
09 Jul 2025 21:59:30,0.187
09 Jul 2025 21:59:45,0.105
09 Jul 2025 22:00:15,0.248
09 Jul 2025 22:00:30,0.146
09 Jul 2025 22:01:00,0.074
09 Jul 2025 22:01:45,0.192
09 Jul 2025 22:02:15,0.176
09 Jul 2025 22:02:45,0.191
09 Jul 2025 22:03:30,0.147
09 Jul 2025 22:04:00,0.173
09 Jul 2025 22:04:15,0.154
09 Jul 2025 22:04:30,0.164
09 Jul 2025 22:04:45,0.099
09 Jul 2025 22:05:15,0.162
09 Jul 2025 22:05:45,-0.019
09 Jul 2025 22:06:15,0.180
09 Jul 2025 22:07:45,0.172
09 Jul 2025 22:08:15,0.136
09 Jul 2025 22:08:45,0.155
09 Jul 2025 22:09:30,0.202
09 Jul 2025 22:09:45,0.308
09 Jul 2025 22:10:00,0.143
09 Jul 2025 22:10:30,0.219
09 Jul 2025 22:10:45,0.083
09 Jul 2025 22:11:00,0.202
09 Jul 2025 22:11:15,0.111
09 Jul 2025 22:12:15,0.157
09 Jul 2025 22:12:30,0.293
09 Jul 2025 22:12:45,0.185
09 Jul 2025 22:13:00,0.110
09 Jul 2025 22:14:30,0.106
09 Jul 2025 22:14:45,0.206
09 Jul 2025 22:15:00,0.109
09 Jul 2025 22:15:15,0.141
09 Jul 2025 22:16:00,0.248
09 Jul 2025 22:16:15,0.222
09 Jul 2025 22:16:30,0.165
09 Jul 2025 22:17:00,0.070
09 Jul 2025 22:17:15,0.109
09 Jul 2025 22:17:45,0.177
09 Jul 2025 22:18:30,0.207
09 Jul 2025 22:19:30,0.249
09 Jul 2025 22:19:45,0.207
09 Jul 2025 22:20:15,0.199
09 Jul 2025 22:21:30,0.143
09 Jul 2025 22:21:45,0.196
09 Jul 2025 22:22:30,0.141
09 Jul 2025 22:22:45,0.080
09 Jul 2025 22:23:00,0.092
09 Jul 2025 22:24:30,0.156
09 Jul 2025 22:24:45,0.017
09 Jul 2025 22:25:00,0.055
09 Jul 2025 22:25:30,0.047
09 Jul 2025 22:26:00,0.108
09 Jul 2025 22:26:30,0.113
09 Jul 2025 22:26:45,0.156
09 Jul 2025 22:27:00,0.212
09 Jul 2025 22:27:15,0.146
09 Jul 2025 22:27:45,0.165
09 Jul 2025 22:28:45,0.195
09 Jul 2025 22:29:00,0.105
09 Jul 2025 22:29:15,0.227
09 Jul 2025 22:29:30,0.184
09 Jul 2025 22:29:45,0.174
09 Jul 2025 22:30:15,0.141
09 Jul 2025 22:30:45,0.151
09 Jul 2025 22:32:00,0.055
09 Jul 2025 22:33:00,0.026
09 Jul 2025 22:33:15,0.168
09 Jul 2025 22:33:45,0.180
09 Jul 2025 22:34:00,0.141
09 Jul 2025 22:34:15,0.093
09 Jul 2025 22:35:00,0.182
09 Jul 2025 22:35:15,0.029
09 Jul 2025 22:35:30,0.131
09 Jul 2025 22:36:00,0.080
09 Jul 2025 22:37:00,0.092
09 Jul 2025 22:37:45,0.016
09 Jul 2025 22:38:00,0.159
09 Jul 2025 22:38:15,0.000
09 Jul 2025 22:38:45,0.102
09 Jul 2025 22:39:15,0.122
09 Jul 2025 22:40:00,0.203
09 Jul 2025 22:40:15,0.146
09 Jul 2025 22:40:30,0.169
09 Jul 2025 22:40:45,0.173
09 Jul 2025 22:41:15,0.119
09 Jul 2025 22:41:30,0.174
09 Jul 2025 22:41:45,0.179
09 Jul 2025 22:42:15,0.167
09 Jul 2025 22:43:00,0.165
09 Jul 2025 22:43:15,0.166
09 Jul 2025 22:43:45,0.029
09 Jul 2025 22:44:45,0.267
09 Jul 2025 22:45:00,0.145
09 Jul 2025 22:45:45,0.065
09 Jul 2025 22:46:45,0.122
09 Jul 2025 22:47:15,0.118
09 Jul 2025 22:47:45,0.263
09 Jul 2025 22:48:00,0.249
09 Jul 2025 22:48:45,0.119
09 Jul 2025 22:49:15,0.180
09 Jul 2025 22:49:30,0.072
09 Jul 2025 22:50:00,0.176
09 Jul 2025 22:51:00,0.102
09 Jul 2025 22:51:30,0.093
09 Jul 2025 22:51:45,0.092
09 Jul 2025 22:52:00,0.149
09 Jul 2025 22:52:15,0.036
09 Jul 2025 22:53:15,0.076
09 Jul 2025 22:53:30,0.153
09 Jul 2025 22:53:45,0.185
09 Jul 2025 22:54:00,0.125
09 Jul 2025 22:54:45,0.166
09 Jul 2025 22:55:15,0.035
09 Jul 2025 22:55:30,0.068
09 Jul 2025 22:55:45,0.185
09 Jul 2025 22:57:00,0.088
09 Jul 2025 22:57:15,0.122
09 Jul 2025 22:58:00,0.031
09 Jul 2025 22:58:30,0.101
09 Jul 2025 22:59:15,0.070
09 Jul 2025 22:59:45,0.170
09 Jul 2025 23:00:30,0.095
09 Jul 2025 23:01:00,0.192
09 Jul 2025 23:01:45,0.085
09 Jul 2025 23:02:00,0.169
09 Jul 2025 23:03:15,0.143
09 Jul 2025 23:03:45,-0.047
09 Jul 2025 23:04:00,0.222
09 Jul 2025 23:05:00,0.188
09 Jul 2025 23:05:15,0.130
09 Jul 2025 23:06:15,0.036
09 Jul 2025 23:06:30,0.038
09 Jul 2025 23:07:15,0.159
09 Jul 2025 23:08:00,0.172
09 Jul 2025 23:08:30,0.102
09 Jul 2025 23:09:00,0.060
09 Jul 2025 23:09:15,0.086
09 Jul 2025 23:09:30,0.183
09 Jul 2025 23:09:45,0.057
09 Jul 2025 23:10:00,0.160
09 Jul 2025 23:10:15,0.027
09 Jul 2025 23:10:45,0.062
09 Jul 2025 23:11:00,0.126
09 Jul 2025 23:11:30,0.074
09 Jul 2025 23:12:15,0.114
09 Jul 2025 23:12:30,0.087
09 Jul 2025 23:13:15,0.109
09 Jul 2025 23:13:45,0.046
09 Jul 2025 23:14:00,0.123
09 Jul 2025 23:15:00,0.125
09 Jul 2025 23:15:30,0.037
09 Jul 2025 23:16:00,0.126
09 Jul 2025 23:16:15,0.065
09 Jul 2025 23:18:30,0.063
09 Jul 2025 23:19:00,-0.022
09 Jul 2025 23:19:15,0.049
09 Jul 2025 23:19:30,0.155
09 Jul 2025 23:20:30,0.013
09 Jul 2025 23:21:45,0.069
09 Jul 2025 23:22:30,0.109
09 Jul 2025 23:23:30,0.133
09 Jul 2025 23:23:45,0.037
09 Jul 2025 23:24:00,0.088
09 Jul 2025 23:25:00,0.084
09 Jul 2025 23:25:15,0.064
09 Jul 2025 23:25:30,0.123
09 Jul 2025 23:25:45,0.019
09 Jul 2025 23:26:00,-0.057
09 Jul 2025 23:26:30,-0.097
09 Jul 2025 23:27:00,0.160
09 Jul 2025 23:27:15,0.074
09 Jul 2025 23:27:30,0.087
09 Jul 2025 23:28:15,0.089
09 Jul 2025 23:28:30,0.114
09 Jul 2025 23:28:45,0.045
09 Jul 2025 23:29:15,0.103
09 Jul 2025 23:31:30,0.085
09 Jul 2025 23:32:30,0.113
09 Jul 2025 23:32:45,0.009
09 Jul 2025 23:33:00,-0.060
09 Jul 2025 23:33:15,0.016
09 Jul 2025 23:33:45,-0.053
09 Jul 2025 23:34:00,-0.038
09 Jul 2025 23:34:15,0.084
09 Jul 2025 23:34:30,0.034
09 Jul 2025 23:34:45,0.091
09 Jul 2025 23:35:30,0.217
09 Jul 2025 23:36:30,0.061
09 Jul 2025 23:36:45,0.112
09 Jul 2025 23:37:15,0.084
09 Jul 2025 23:37:45,-0.058
09 Jul 2025 23:38:15,0.119
09 Jul 2025 23:39:15,0.159
09 Jul 2025 23:39:30,0.065
09 Jul 2025 23:39:45,0.095
09 Jul 2025 23:40:45,0.146
09 Jul 2025 23:41:00,-0.064
09 Jul 2025 23:41:30,0.069
09 Jul 2025 23:42:45,0.021
09 Jul 2025 23:44:15,0.039
09 Jul 2025 23:46:00,0.134
09 Jul 2025 23:46:15,0.091
09 Jul 2025 23:46:30,-0.017
09 Jul 2025 23:47:00,0.045
09 Jul 2025 23:48:45,0.042
09 Jul 2025 23:49:00,0.086
09 Jul 2025 23:49:45,0.048
09 Jul 2025 23:50:00,0.149
09 Jul 2025 23:50:30,0.041
09 Jul 2025 23:50:45,0.113
09 Jul 2025 23:51:30,-0.074
09 Jul 2025 23:52:00,0.050
09 Jul 2025 23:52:30,0.063
09 Jul 2025 23:52:45,0.036
09 Jul 2025 23:53:45,0.099
09 Jul 2025 23:54:00,0.025
09 Jul 2025 23:54:15,0.157
09 Jul 2025 23:54:45,0.089
09 Jul 2025 23:55:30,-0.014
09 Jul 2025 23:55:45,-0.063
09 Jul 2025 23:56:15,0.104
09 Jul 2025 23:56:30,0.007
09 Jul 2025 23:56:45,0.009
09 Jul 2025 23:57:15,0.013
09 Jul 2025 23:57:30,0.046
09 Jul 2025 23:58:15,-0.078
09 Jul 2025 23:58:45,0.060
